timestamp,attempt,run,mode,hold_s,csv,class,verdict,median_rate,slow_pct,dirty_start,crossing_dips,gate1_u,max_active_gate,g3_size,g3_u_f,g3_v_err,commit_latched,commit_stable_s,descent_frames,descent_impulse,hold_armed,hold_frames,hold_duration_s,registered,flicker_blocked,gate3_registered,highest_active_gate,gates_completed,full_course_complete,finish_signal,first_failure_after_gate3,time_gate3_registered,final_segment,collision_after_gate3,timeout_after_gate3,failure_reason,exit_code
"2026-08-03T01:03:14","1","1","holdblind","0.3","filt_auto_001.csv","KEEP_UPSTREAM","OK","88.7","6.3","0","","0.0887","1","","","","0","0.0","0","0.0","0","0","0.0","0","0","0","1","1","0","","","","5","0","0","","0"
"2026-08-03T01:08:46","1","3","holdblind","0.3","filt_auto_003.csv","BROKEN","","","","","","","","","","","","","","","","","","","","","","","","","","","","","","","2"
"2026-08-03T01:21:56","1","4","holdblind","0.3","filt_auto_004.csv","KEEP_SHALLOW","OK","88.9","7.7","0","","0.0625","2","0.4058","-0.4585","0.5003","0","0.85","33","0.00419","1","0","0.0","0","0","0","2","2","0","","","","5","0","0","","0"
"2026-08-03T01:23:10","2","5","holdblind","0.3","filt_auto_005.csv","DISCARD_RATE","DISCARD","92.2","10.8","0","","0.1043","1","","","","0","0.0","0","0.0","0","0","0.0","0","0","0","1","1","0","","","","5","0","0","","0"
"2026-08-03T01:24:23","3","6","holdblind","0.3","filt_auto_006.csv","KEEP_UPSTREAM","OK","85.9","0.0","0","","0.0738","1","","","","0","0.0","0","0.0","0","0","0.0","0","0","0","1","1","0","","","","5","0","0","","0"
"2026-08-03T01:48:19","1","7","holdblind","0.3","filt_auto_007.csv","DISCARD_DIRTY","DISCARD","70.1","33.7","1","g1:49Hz|g2:42Hz","0.1223","2","0.3578","-0.3452","0.2605","0","16.098","16","0.00113","1","0","0.0","0","1","0","2","2","0","","","","5","0","0","","0"
"2026-08-03T01:49:27","2","8","holdblind","0.3","filt_auto_008.csv","DISCARD_RATE","DISCARD","94.5","10.5","0","g2:49Hz","0.036","2","0.5814","-0.1383","0.2836","0","17.188","19","0.00265","1","20","0.309","0","0","0","2","2","0","","","","5","0","0","","0"
"2026-08-03T01:50:53","3","9","holdblind","0.3","filt_auto_009.csv","DISCARD_RATE","DISCARD","67.1","18.2","0","g1:50Hz|g2:47Hz","0.1058","2","0.4133","0.5342","-0.0295","0","0.193","14","0.0019","1","0","0.0","0","0","0","2","2","0","","","","5","0","0","","0"
"2026-08-03T02:01:07","1","10","holdblind","0.3","filt_auto_010.csv","DISCARD_RATE","DISCARD","92.9","5.6","0","","0.0148","2","0.0698","-0.2718","0.8921","0","17.077","8","0.00059","1","0","0.0","0","0","0","2","2","0","","","","5","0","0","","0"
"2026-08-03T02:02:13","2","11","holdblind","0.3","filt_auto_011.csv","DISCARD_RATE","DISCARD","115.9","11.4","0","","-0.1195","1","","","","0","0.0","0","0.0","0","0","0.0","0","0","0","1","1","0","","","","5","0","0","","0"
"2026-08-03T02:03:08","3","12","holdblind","0.3","filt_auto_012.csv","DISCARD_RATE","DISCARD","110.1","5.0","0","","0.0922","1","","","","0","0.0","0","0.0","0","0","0.0","0","0","0","1","1","0","","","","5","0","0","","0"
"2026-08-03T02:04:11","1","13","holdblind","0.3","filt_auto_013.csv","DISCARD_DIRTY","DISCARD","108.9","5.1","1","","0.1588","1","","","","0","0.0","0","0.0","0","0","0.0","0","0","0","1","1","0","","","","5","0","0","","0"
"2026-08-03T02:05:07","2","14","holdblind","0.3","filt_auto_014.csv","DISCARD_RATE","DISCARD","76.7","5.3","0","g2:50Hz","0.1102","2","0.5757","-0.0274","0.5713","1","2.576","34","0.00585","1","13","0.2","0","0","0","2","2","0","","","","5","0","0","","0"
"2026-08-03T02:05:55","3","15","holdblind","0.3","filt_auto_015.csv","DISCARD_RATE","DISCARD","77.9","15.3","0","g2:47Hz","0.0982","2","0.5292","0.4651","-0.1978","0","1.271","16","0.00226","1","0","0.0","0","0","0","2","2","0","","","","5","0","0","","0"
"2026-08-03T02:06:44","4","16","holdblind","0.3","filt_auto_016.csv","DISCARD_RATE","DISCARD","103.3","11.3","0","g2:48Hz","0.0399","2","0.5317","-0.1672","0.351","0","16.298","16","0.00238","1","21","0.302","0","0","0","2","2","0","","","","5","0","0","","0"
"2026-08-03T02:09:39","5","17","holdblind","0.3","filt_auto_017.csv","DISCARD_RATE","DISCARD","79.8","8.2","0","g1:46Hz","0.0423","2","0.1115","-0.2296","0.8166","0","18.04","6","0.00042","1","0","0.0","0","0","0","2","2","0","","","","5","0","0","","0"
"2026-08-03T02:28:01","1","19","holdblind","0.3","filt_auto_019.csv","BROKEN","","","","","","","","","","","","","","","","","","","","","","","","","","","","","","","0"
"2026-08-03T02:28:08","2","20","holdblind","0.3","filt_auto_020.csv","BROKEN","","","","","","","","","","","","","","","","","","","","","","","","","","","","","","","0"
"2026-08-03T02:28:14","3","21","holdblind","0.3","filt_auto_021.csv","BROKEN","","","","","","","","","","","","","","","","","","","","","","","","","","","","","","","0"
"2026-08-03T02:30:06","1","22","holdblind","0.3","filt_auto_022.csv","BROKEN","","","","","","","","","","","","","","","","","","","","","","","","","","","","","","","0"
"2026-08-03T02:30:11","2","23","holdblind","0.3","filt_auto_023.csv","BROKEN","","","","","","","","","","","","","","","","","","","","","","","","","","","","","","","0"
"2026-08-03T02:30:18","3","24","holdblind","0.3","filt_auto_024.csv","BROKEN","","","","","","","","","","","","","","","","","","","","","","","","","","","","","","","0"
"2026-08-03T02:43:08","1","25","holdblind","0.3","filt_auto_025.csv","BROKEN","","","","","","","","","","","","","","","","","","","","","","","","","","","","","","","0"
"2026-08-03T02:43:14","2","26","holdblind","0.3","filt_auto_026.csv","BROKEN","","","","","","","","","","","","","","","","","","","","","","","","","","","","","","","0"
"2026-08-03T02:43:20","3","27","holdblind","0.3","filt_auto_027.csv","BROKEN","","","","","","","","","","","","","","","","","","","","","","","","","","","","","","","0"
"2026-08-03T02:48:24","1","28","holdblind","0.3","filt_auto_028.csv","BROKEN","","","","","","","","","","","","","","","","","","","","","","","","","","","","","","","0"
"2026-08-03T02:48:30","2","29","holdblind","0.3","filt_auto_029.csv","BROKEN","","","","","","","","","","","","","","","","","","","","","","","","","","","","","","","0"
"2026-08-03T02:48:37","3","30","holdblind","0.3","filt_auto_030.csv","BROKEN","","","","","","","","","","","","","","","","","","","","","","","","","","","","","","","0"
"2026-08-03T02:57:22","1","31","holdblind","0.3","filt_auto_031.csv","BROKEN","","","","","","","","","","","","","","","","","","","","","","","","","","","","","","","0"
"2026-08-03T02:57:32","2","32","holdblind","0.3","filt_auto_032.csv","BROKEN","","","","","","","","","","","","","","","","","","","","","","","","","","","","","","","0"
"2026-08-03T02:57:41","3","33","holdblind","0.3","filt_auto_033.csv","BROKEN","","","","","","","","","","","","","","","","","","","","","","","","","","","","","","","0"
"2026-08-03T02:57:50","4","34","holdblind","0.3","filt_auto_034.csv","BROKEN","","","","","","","","","","","","","","","","","","","","","","","","","","","","","","","0"
"2026-08-03T02:57:58","5","35","holdblind","0.3","filt_auto_035.csv","BROKEN","","","","","","","","","","","","","","","","","","","","","","","","","","","","","","","0"
"2026-08-03T03:21:45","1","37","holdblind","0.3","filt_auto_037.csv","BROKEN","","","","","","","","","","","","","","","","","","","","","","","","","","","","","","","0"
"2026-08-03T03:21:50","2","38","holdblind","0.3","filt_auto_038.csv","BROKEN","","","","","","","","","","","","","","","","","","","","","","","","","","","","","","","0"
"2026-08-03T03:21:56","3","39","holdblind","0.3","filt_auto_039.csv","BROKEN","","","","","","","","","","","","","","","","","","","","","","","","","","","","","","","0"
"2026-08-03T03:22:02","4","40","holdblind","0.3","filt_auto_040.csv","BROKEN","","","","","","","","","","","","","","","","","","","","","","","","","","","","","","","0"
"2026-08-03T03:22:07","5","41","holdblind","0.3","filt_auto_041.csv","BROKEN","","","","","","","","","","","","","","","","","","","","","","","","","","","","","","","0"
"2026-08-03T03:22:12","6","42","holdblind","0.3","filt_auto_042.csv","BROKEN","","","","","","","","","","","","","","","","","","","","","","","","","","","","","","","0"
"2026-08-03T03:22:17","7","43","holdblind","0.3","filt_auto_043.csv","BROKEN","","","","","","","","","","","","","","","","","","","","","","","","","","","","","","","0"
"2026-08-03T03:22:23","8","44","holdblind","0.3","filt_auto_044.csv","BROKEN","","","","","","","","","","","","","","","","","","","","","","","","","","","","","","","0"
"2026-08-03T03:22:28","9","45","holdblind","0.3","filt_auto_045.csv","BROKEN","","","","","","","","","","","","","","","","","","","","","","","","","","","","","","","0"
"2026-08-03T03:22:34","10","46","holdblind","0.3","filt_auto_046.csv","BROKEN","","","","","","","","","","","","","","","","","","","","","","","","","","","","","","","0"
"2026-08-03T03:22:41","11","47","holdblind","0.3","filt_auto_047.csv","BROKEN","","","","","","","","","","","","","","","","","","","","","","","","","","","","","","","0"
"2026-08-03T03:22:47","12","48","holdblind","0.3","filt_auto_048.csv","BROKEN","","","","","","","","","","","","","","","","","","","","","","","","","","","","","","","0"
"2026-08-03T03:22:53","13","49","holdblind","0.3","filt_auto_049.csv","BROKEN","","","","","","","","","","","","","","","","","","","","","","","","","","","","","","","0"
"2026-08-03T03:22:59","14","50","holdblind","0.3","filt_auto_050.csv","BROKEN","","","","","","","","","","","","","","","","","","","","","","","","","","","","","","","0"
"2026-08-03T03:23:04","15","51","holdblind","0.3","filt_auto_051.csv","BROKEN","","","","","","","","","","","","","","","","","","","","","","","","","","","","","","","0"
"2026-08-03T03:25:50","1","53","holdblind","0.3","filt_auto_053.csv","BROKEN","","","","","","","","","","","","","","","","","","","","","","","","","","","","","","","0"
"2026-08-03T03:25:55","2","54","holdblind","0.3","filt_auto_054.csv","BROKEN","","","","","","","","","","","","","","","","","","","","","","","","","","","","","","","0"
"2026-08-03T03:26:01","3","55","holdblind","0.3","filt_auto_055.csv","BROKEN","","","","","","","","","","","","","","","","","","","","","","","","","","","","","","","0"
"2026-08-03T03:27:27","1","57","holdblind","0.3","filt_auto_057.csv","DISCARD_RATE","DISCARD","96.2","3.0","0","","0.0149","1","","","","0","0.0","0","0.0","0","0","0.0","0","0","0","1","1","0","","","","5","0","0","COLLISION GATE t=4.6s","0"
"2026-08-03T03:30:43","1","57","holdblind","0.3","filt_auto_057.csv","DISCARD_RATE","DISCARD","0.0","100.0","0","","","0","","","","0","0.0","0","0.0","0","0","0.0","0","0","0","0","0","0","","","","5","0","0","COLLISION GATE t=7.7s","0"
"2026-08-03T03:31:27","2","58","holdblind","0.3","filt_auto_058.csv","DISCARD_RATE","DISCARD","101.8","3.8","0","g1:48Hz","0.1129","2","0.0839","-0.1188","0.874","0","15.546","0","0.0","0","0","0.0","0","0","0","2","2","0","","","","5","0","0","COLLISION GATE t=7.8s","0"
"2026-08-03T03:32:10","3","59","holdblind","0.3","filt_auto_059.csv","DISCARD_RATE","DISCARD","104.2","6.6","0","g1:45Hz","0.119","1","","","","0","0.0","0","0.0","0","0","0.0","0","0","0","1","1","0","","","","5","0","0","COLLISION GATE t=7.8s","0"
"2026-08-03T03:32:54","4","60","holdblind","0.3","filt_auto_060.csv","KEEP_UPSTREAM","OK","84.4","7.9","0","","0.0121","1","","","","0","0.0","0","0.0","0","0","0.0","0","0","0","1","1","0","","","","5","0","0","COLLISION GATE t=7.8s","0"
"2026-08-03T03:33:37","5","61","holdblind","0.3","filt_auto_061.csv","DISCARD_RATE","DISCARD","74.6","14.9","0","g1:48Hz|g2:47Hz","0.0477","2","0.5177","-0.008","0.1771","1","1.22","22","0.00347","1","20","0.3","0","0","0","2","2","0","","","","5","0","0","COLLISION ENV/ground t=14.9s","0"
"2026-08-03T03:34:21","6","62","holdblind","0.3","filt_auto_062.csv","DISCARD_RATE","DISCARD","99.7","5.9","0","g1:46Hz|g2:40Hz","0.0865","2","0.5274","0.0139","0.2026","1","11.295","22","0.00351","1","20","0.305","0","0","0","2","2","0","","","","5","0","0","COLLISION ENV/ground t=15.3s","0"
"2026-08-03T03:35:05","7","63","holdblind","0.3","filt_auto_063.csv","DISCARD_RATE","DISCARD","73.8","15.9","0","g1:47Hz|g2:45Hz","0.1003","2","0.3877","0.5441","-0.0531","0","1.09","27","0.00403","1","0","0.0","0","0","0","2","2","0","","","","5","0","0","COLLISION ENV/ground t=14.8s","0"
"2026-08-03T03:35:48","8","64","holdblind","0.3","filt_auto_064.csv","DISCARD_RATE","DISCARD","100.9","5.7","0","g1:46Hz|g2:47Hz","0.0154","2","0.3273","-0.4723","0.7723","0","18.474","27","0.00409","1","0","0.0","0","0","0","2","2","0","","","","5","0","0","COLLISION ENV/ground t=14.5s","0"
"2026-08-03T03:36:32","9","65","holdblind","0.3","filt_auto_065.csv","DISCARD_RATE","DISCARD","84.8","20.5","0","g1:49Hz|g2:45Hz","0.0889","2","0.5367","0.123","0.2522","1","8.145","63","0.01089","1","21","0.309","0","0","0","2","2","0","","","","5","0","0","COLLISION GATE t=11.6s","0"
"2026-08-03T03:37:15","10","66","holdblind","0.3","filt_auto_066.csv","DISCARD_RATE","DISCARD","102.7","4.1","0","g1:48Hz|g2:48Hz","0.0407","2","","","","0","24.636","0","0.0","0","0","0.0","0","0","0","2","2","0","","","","5","0","0","COLLISION GATE t=7.8s","0"
"2026-08-03T03:37:59","11","67","holdblind","0.3","filt_auto_067.csv","DISCARD_RATE","DISCARD","103.3","7.8","0","g1:47Hz|g2:48Hz","0.0987","2","0.5919","0.2314","0.2623","1","6.145","29","0.00469","1","19","0.266","0","0","0","2","2","0","","","","5","0","0","COLLISION ENV/ground t=14.9s","0"
"2026-08-03T03:38:43","12","68","holdblind","0.3","filt_auto_068.csv","DISCARD_RATE","DISCARD","65.2","16.9","0","g1:47Hz|g2:44Hz","0.0449","2","0.5387","0.4952","-0.169","0","0.898","16","0.00316","1","0","0.0","0","0","0","2","2","0","","","","5","0","0","COLLISION ENV/ground t=14.6s","0"
"2026-08-03T03:39:26","13","69","holdblind","0.3","filt_auto_069.csv","DISCARD_RATE","DISCARD","103.2","4.8","0","g1:46Hz","0.1182","1","","","","0","0.0","0","0.0","0","0","0.0","0","0","0","1","1","0","","","","5","0","0","COLLISION GATE t=7.8s","0"
"2026-08-03T03:40:10","14","70","holdblind","0.3","filt_auto_070.csv","DISCARD_RATE","DISCARD","0.0","100.0","0","","","0","","","","0","0.0","0","0.0","0","0","0.0","0","0","0","0","0","0","","","","5","0","0","COLLISION GATE t=7.7s","0"
"2026-08-03T03:40:53","15","71","holdblind","0.3","filt_auto_071.csv","DISCARD_RATE","DISCARD","76.6","14.8","0","g1:50Hz|g2:48Hz","0.0835","2","0.5329","0.3204","0.2592","1","1.174","28","0.00398","1","11","0.134","0","0","0","2","2","0","","","","5","0","0","COLLISION ENV/ground t=14.6s","0"
"2026-08-03T03:41:37","16","72","holdblind","0.3","filt_auto_072.csv","DISCARD_DIRTY","DISCARD","102.5","3.5","1","g1:47Hz","0.1382","1","","","","0","0.0","0","0.0","0","0","0.0","0","0","0","1","1","0","","","","5","0","0","TIMEOUT","0"
"2026-08-03T03:42:21","17","73","holdblind","0.3","filt_auto_073.csv","DISCARD_RATE","DISCARD","104.4","10.0","0","g2:46Hz","0.0311","2","0.5325","-0.2047","0.3229","0","17.514","19","0.00275","1","20","0.296","0","0","0","2","2","0","","","","5","0","0","COLLISION GATE t=11.5s","0"
"2026-08-03T03:43:04","18","74","holdblind","0.3","filt_auto_074.csv","DISCARD_RATE","DISCARD","74.5","15.4","0","g2:49Hz","0.0406","2","0.5806","0.3792","-0.0683","0","0.86","21","0.00301","1","1","0.01","0","0","0","2","2","0","","","","5","0","0","COLLISION ENV/ground t=14.5s","0"
"2026-08-03T03:43:48","19","75","holdblind","0.3","filt_auto_075.csv","DISCARD_RATE","DISCARD","75.4","16.5","0","g1:49Hz|g2:46Hz","0.0865","2","0.5352","-0.2864","0.2911","0","0.953","23","0.00334","1","22","0.308","0","0","0","2","2","0","","","","5","0","0","COLLISION ENV/ground t=14.4s","0"
"2026-08-03T03:44:31","20","76","holdblind","0.3","filt_auto_076.csv","DISCARD_RATE","DISCARD","81.1","14.8","0","g1:50Hz|g2:48Hz","0.0978","2","0.3559","0.5194","0.1668","0","1.55","14","0.00238","1","0","0.0","0","0","0","2","2","0","","","","5","0","0","COLLISION ENV/ground t=14.9s","0"
"2026-08-03T03:45:15","21","77","holdblind","0.3","filt_auto_077.csv","DISCARD_RATE","DISCARD","108.3","2.7","0","","0.0294","1","","","","0","0.0","0","0.0","0","0","0.0","0","0","0","1","1","0","","","","5","0","0","COLLISION GATE t=7.8s","0"
"2026-08-03T03:45:58","22","78","holdblind","0.3","filt_auto_078.csv","DISCARD_RATE","DISCARD","69.5","17.0","0","g1:50Hz","0.1178","2","0.4711","0.4999","-0.1178","0","0.976","15","0.00259","1","0","0.0","0","0","0","2","2","0","","","","5","0","0","COLLISION ENV/ground t=14.8s","0"
"2026-08-03T03:46:42","23","79","holdblind","0.3","filt_auto_079.csv","DISCARD_RATE","DISCARD","79.8","15.1","0","g1:48Hz|g2:46Hz","0.0969","2","0.3946","0.4994","0.0973","0","3.29","14","0.00221","1","0","0.0","0","0","0","2","2","0","","","","5","0","0","COLLISION ENV/ground t=14.8s","0"
"2026-08-03T03:47:26","24","80","holdblind","0.3","filt_auto_080.csv","DISCARD_RATE","DISCARD","77.9","14.2","0","g2:49Hz","0.0853","2","0.5942","0.4411","0.0578","1","1.139","36","0.00518","1","0","0.0","0","0","0","2","2","0","","","","5","0","0","COLLISION ENV/ground t=14.9s","0"
"2026-08-03T03:48:09","25","81","holdblind","0.3","filt_auto_081.csv","DISCARD_RATE","DISCARD","78.8","14.5","0","g1:49Hz|g2:48Hz","0.0934","2","0.3776","0.5505","0.0241","0","1.929","12","0.00187","1","0","0.0","0","0","0","2","2","0","","","","5","0","0","COLLISION ENV/ground t=15.0s","0"
"2026-08-03T03:48:53","26","82","holdblind","0.3","filt_auto_082.csv","DISCARD_RATE","DISCARD","0.0","100.0","0","","","0","","","","0","0.0","0","0.0","0","0","0.0","0","0","0","0","0","0","","","","5","0","0","COLLISION GATE t=7.7s","0"
"2026-08-03T03:49:36","27","83","holdblind","0.3","filt_auto_083.csv","DISCARD_RATE","DISCARD","77.5","15.5","0","g1:50Hz|g2:45Hz","0.1012","2","0.4341","0.5173","-0.0021","0","1.053","15","0.00266","1","0","0.0","0","0","0","2","2","0","","","","5","0","0","COLLISION ENV/ground t=14.8s","0"
"2026-08-03T03:50:20","28","84","holdblind","0.3","filt_auto_084.csv","DISCARD_RATE","DISCARD","103.8","2.9","0","g1:50Hz","0.0072","1","","","","0","0.0","0","0.0","0","0","0.0","0","0","0","1","1","0","","","","5","0","0","COLLISION GATE t=7.8s","0"
"2026-08-03T03:51:04","29","85","holdblind","0.3","filt_auto_085.csv","DISCARD_RATE","DISCARD","103.1","10.1","0","g1:47Hz|g2:46Hz","0.0475","2","0.5442","0.1506","0.1378","0","19.334","23","0.00333","1","57","2.426","0","0","0","2","2","0","","","","5","0","0","COLLISION GATE t=11.5s","0"
"2026-08-03T03:51:47","30","86","holdblind","0.3","filt_auto_086.csv","DISCARD_RATE","DISCARD","104.3","3.2","0","g1:49Hz|g2:48Hz","0.0421","2","0.2102","-0.4177","0.8762","0","18.314","7","0.00103","1","0","0.0","0","0","0","2","2","0","","","","5","0","0","COLLISION ENV/ground t=14.5s","0"
"2026-08-03T03:52:31","31","87","holdblind","0.3","filt_auto_087.csv","DISCARD_RATE","DISCARD","103.5","10.3","0","g2:46Hz","0.0983","2","0.5898","-0.2211","0.2707","0","16.252","17","0.00252","1","19","0.305","0","0","0","2","2","0","","","","5","0","0","COLLISION GATE t=11.5s","0"
"2026-08-03T03:53:14","32","88","holdblind","0.3","filt_auto_088.csv","DISCARD_RATE","DISCARD","77.1","11.7","0","g1:47Hz","0.0328","1","","","","0","0.0","0","0.0","0","0","0.0","0","0","0","1","1","0","","","","5","0","0","COLLISION ENV/ground t=15.3s","0"
"2026-08-03T03:53:58","33","89","holdblind","0.3","filt_auto_089.csv","DISCARD_DIRTY","DISCARD","73.1","24.6","1","g1:46Hz|g2:39Hz","0.1283","2","0.4514","0.5012","-0.0356","0","1.024","13","0.00193","1","0","0.0","0","0","0","2","2","0","","","","5","0","0","COLLISION ENV/ground t=14.8s","0"
"2026-08-03T03:54:41","34","90","holdblind","0.3","filt_auto_090.csv","DISCARD_RATE","DISCARD","98.4","7.3","0","","0.0997","1","","","","0","0.0","0","0.0","0","0","0.0","0","0","0","1","1","0","","","","5","0","0","COLLISION GATE t=7.8s","0"
"2026-08-03T03:55:25","35","91","holdblind","0.3","filt_auto_091.csv","DISCARD_RATE","DISCARD","73.4","13.3","0","g1:50Hz|g2:43Hz","0.1013","2","0.5045","0.2411","0.3527","1","2.227","25","0.00385","1","22","0.304","0","0","0","2","2","0","","","","5","0","0","COLLISION ENV/ground t=14.9s","0"
"2026-08-03T03:56:08","36","92","holdblind","0.3","filt_auto_092.csv","DISCARD_RATE","DISCARD","103.4","8.1","0","g1:46Hz|g2:43Hz","0.0961","2","0.5385","0.4636","-0.2759","0","17.941","14","0.00203","1","0","0.0","0","0","0","2","2","0","","","","5","0","0","COLLISION ENV/ground t=14.8s","0"
"2026-08-03T03:56:52","37","93","holdblind","0.3","filt_auto_093.csv","DISCARD_RATE","DISCARD","85.2","6.0","0","g1:50Hz","0.0991","1","","","","0","0.0","0","0.0","0","0","0.0","0","0","0","1","1","0","","","","5","0","0","COLLISION GATE t=7.8s","0"
"2026-08-03T03:57:36","38","94","holdblind","0.3","filt_auto_094.csv","DISCARD_RATE","DISCARD","67.9","16.1","0","g1:48Hz|g2:43Hz","0.0922","2","0.5447","0.4558","-0.1855","0","0.893","17","0.00254","1","0","0.0","0","0","0","2","2","0","","","","5","0","0","COLLISION ENV/ground t=14.8s","0"
"2026-08-03T03:58:19","39","95","holdblind","0.3","filt_auto_095.csv","DISCARD_RATE","DISCARD","102.6","6.2","0","g1:49Hz","0.1121","1","","","","0","0.0","0","0.0","0","0","0.0","0","0","0","1","1","0","","","","5","0","0","COLLISION GATE t=7.8s","0"
"2026-08-03T03:59:03","40","96","holdblind","0.3","filt_auto_096.csv","DISCARD_RATE","DISCARD","100.6","3.5","0","","0.0939","1","","","","0","0.0","0","0.0","0","0","0.0","0","0","0","1","1","0","","","","5","0","0","COLLISION GATE t=4.6s","0"
"2026-08-03T03:59:46","41","97","holdblind","0.3","filt_auto_097.csv","DISCARD_RATE","DISCARD","73.2","9.5","0","g1:49Hz|g2:50Hz","0.1064","2","0.1302","-0.0409","0.8712","0","0.0","0","0.0","0","0","0.0","0","0","0","2","2","0","","","","5","0","0","COLLISION GATE t=7.8s","0"
"2026-08-03T04:00:30","42","98","holdblind","0.3","filt_auto_098.csv","DISCARD_DIRTY","DISCARD","102.9","6.9","1","g1:47Hz","0.1274","1","","","","0","0.0","0","0.0","0","0","0.0","0","0","0","1","1","0","","","","5","0","0","COLLISION GATE t=7.8s","0"
"2026-08-03T04:01:14","43","99","holdblind","0.3","filt_auto_099.csv","DISCARD_RATE","DISCARD","103.9","6.7","0","","0.0113","1","","","","0","0.0","0","0.0","0","0","0.0","0","0","0","1","1","0","","","","5","0","0","COLLISION GATE t=7.8s","0"
"2026-08-03T04:01:57","44","100","holdblind","0.3","filt_auto_100.csv","DISCARD_RATE","DISCARD","106.1","10.8","0","g2:45Hz","0.097","2","0.5702","0.5009","0.0251","1","18.084","33","0.00472","1","0","0.0","0","0","0","2","2","0","","","","5","0","0","COLLISION ENV/ground t=14.5s","0"
"2026-08-03T04:02:41","45","101","holdblind","0.3","filt_auto_101.csv","DISCARD_RATE","DISCARD","104.4","4.3","0","g1:49Hz","0.0331","1","","","","0","0.0","0","0.0","0","0","0.0","0","0","0","1","1","0","","","","5","0","0","COLLISION GATE t=7.8s","0"
"2026-08-03T04:03:24","46","102","holdblind","0.3","filt_auto_102.csv","DISCARD_RATE","DISCARD","77.4","16.8","0","g1:49Hz|g2:44Hz","0.0919","2","0.4432","0.5138","-0.0712","0","1.03","14","0.00209","1","0","0.0","0","0","0","2","2","0","","","","5","0","0","COLLISION ENV/ground t=14.8s","0"
"2026-08-03T04:04:08","47","103","holdblind","0.3","filt_auto_103.csv","DISCARD_RATE","DISCARD","103.8","9.8","0","g1:49Hz|g2:49Hz","0.0379","2","0.5127","-0.1674","0.3729","0","19.466","11","0.00165","1","21","0.3","0","0","0","2","2","0","","","","5","0","0","COLLISION GATE t=11.5s","0"
"2026-08-03T04:04:51","48","104","holdblind","0.3","filt_auto_104.csv","DISCARD_RATE","DISCARD","104.2","7.8","0","g1:50Hz|g2:43Hz","0.0385","2","0.5907","-0.0488","0.1552","1","17.375","18","0.00263","1","18","0.302","0","0","0","2","2","0","","","","5","0","0","COLLISION GATE t=11.5s","0"
"2026-08-03T04:05:35","49","105","holdblind","0.3","filt_auto_105.csv","DISCARD_RATE","DISCARD","68.1","16.6","0","g2:44Hz","0.0421","2","0.5468","0.3642","-0.1554","0","0.897","14","0.00209","1","0","0.0","0","0","0","2","2","0","","","","5","0","0","COLLISION ENV/ground t=14.8s","0"
"2026-08-03T04:06:19","50","106","holdblind","0.3","filt_auto_106.csv","DISCARD_RATE","DISCARD","104.9","3.0","0","","0.0992","1","","","","0","0.0","0","0.0","0","0","0.0","0","0","0","1","1","0","","","","5","0","0","COLLISION GATE t=7.8s","0"
"2026-08-03T04:07:02","51","107","holdblind","0.3","filt_auto_107.csv","DISCARD_DIRTY","DISCARD","82.0","10.0","1","","0.1221","1","","","","0","0.0","0","0.0","0","0","0.0","0","0","0","1","1","0","","","","5","0","0","COLLISION GATE t=7.8s","0"
"2026-08-03T04:07:46","52","108","holdblind","0.3","filt_auto_108.csv","DISCARD_RATE","DISCARD","0.0","100.0","0","","","0","","","","0","0.0","0","0.0","0","0","0.0","0","0","0","0","0","0","","","","5","0","0","COLLISION GATE t=7.7s","0"
"2026-08-03T04:08:29","53","109","holdblind","0.3","filt_auto_109.csv","DISCARD_RATE","DISCARD","73.9","15.4","0","g2:48Hz","0.0804","2","0.5847","0.4151","-0.1884","0","0.876","18","0.00285","1","0","0.0","0","0","0","2","2","0","","","","5","0","0","COLLISION ENV/ground t=14.7s","0"
"2026-08-03T04:09:13","54","110","holdblind","0.3","filt_auto_110.csv","DISCARD_RATE","DISCARD","107.4","3.9","0","g1:48Hz|g2:47Hz","0.0285","2","0.0669","-0.5571","-0.8297","0","24.617","0","0.0","0","0","0.0","0","0","0","2","2","0","","","","5","0","0","COLLISION GATE t=7.8s","0"
"2026-08-03T04:09:57","55","111","holdblind","0.3","filt_auto_111.csv","DISCARD_RATE","DISCARD","108.8","6.1","0","g1:49Hz","0.0999","1","","","","0","0.0","0","0.0","0","0","0.0","0","0","0","1","1","0","","","","5","0","0","COLLISION GATE t=7.8s","0"
"2026-08-03T04:10:40","56","112","holdblind","0.3","filt_auto_112.csv","DISCARD_RATE","DISCARD","109.7","5.1","0","","0.1184","1","","","","0","0.0","0","0.0","0","0","0.0","0","0","0","1","1","0","","","","5","0","0","COLLISION GATE t=7.8s","0"
"2026-08-03T04:11:24","57","113","holdblind","0.3","filt_auto_113.csv","KEEP_UPSTREAM","OK","81.3","6.9","0","","0.0072","1","","","","0","0.0","0","0.0","0","0","0.0","0","0","0","1","1","0","","","","5","0","0","COLLISION GATE t=7.8s","0"
"2026-08-03T04:12:07","58","114","holdblind","0.3","filt_auto_114.csv","DISCARD_DIRTY","DISCARD","99.3","3.3","1","g1:48Hz","0.1371","1","","","","0","0.0","0","0.0","0","0","0.0","0","0","0","1","1","0","","","","5","0","0","TIMEOUT","0"
"2026-08-03T04:12:51","59","115","holdblind","0.3","filt_auto_115.csv","DISCARD_RATE","DISCARD","103.4","8.0","0","g1:48Hz|g2:44Hz","0.0431","2","0.5229","0.0661","0.3374","1","17.504","15","0.00221","1","20","0.305","0","0","0","2","2","0","","","","5","0","0","COLLISION GATE t=11.5s","0"
"2026-08-03T04:13:34","60","116","holdblind","0.3","filt_auto_116.csv","DISCARD_RATE","DISCARD","72.1","15.6","0","g1:49Hz|g2:48Hz","0.0948","2","0.5904","0.4215","-0.1122","0","0.907","27","0.00445","1","0","0.0","0","0","0","2","2","0","","","","5","0","0","COLLISION ENV/ground t=14.5s","0"
"2026-08-03T04:14:18","61","117","holdblind","0.3","filt_auto_117.csv","DISCARD_RATE","DISCARD","101.1","7.2","0","g1:46Hz|g2:42Hz","0.0979","2","0.5663","-0.2767","0.6483","1","16.818","14","0.00207","1","15","0.296","0","0","0","2","2","0","","","","5","0","0","COLLISION GATE t=7.8s","0"
"2026-08-03T04:15:02","62","118","holdblind","0.3","filt_auto_118.csv","DISCARD_RATE","DISCARD","77.6","13.6","0","g1:48Hz|g2:45Hz","0.109","2","0.5748","0.4998","0.0635","1","1.858","33","0.00494","1","0","0.0","0","0","0","2","2","0","","","","5","0","0","COLLISION ENV/ground t=14.7s","0"
"2026-08-03T04:15:45","63","119","holdblind","0.3","filt_auto_119.csv","DISCARD_RATE","DISCARD","0.0","100.0","0","","","0","","","","0","0.0","0","0.0","0","0","0.0","0","0","0","0","0","0","","","","5","0","0","COLLISION GATE t=7.7s","0"
"2026-08-03T04:16:29","64","120","holdblind","0.3","filt_auto_120.csv","DISCARD_RATE","DISCARD","88.3","7.1","0","g1:48Hz|g2:38Hz","0.0932","2","0.0648","-0.0921","-0.6047","0","1.447","5","0.00076","1","0","0.0","0","0","0","2","2","0","","","","5","0","0","COLLISION GATE t=7.8s","0"
"2026-08-03T04:17:12","65","121","holdblind","0.3","filt_auto_121.csv","DISCARD_RATE","DISCARD","0.0","100.0","0","","","0","","","","0","0.0","0","0.0","0","0","0.0","0","0","0","0","0","0","","","","5","0","0","COLLISION ENV/ground t=0.4s","0"
"2026-08-03T04:17:56","66","122","holdblind","0.3","filt_auto_122.csv","DISCARD_RATE","DISCARD","74.5","13.5","0","g1:48Hz|g2:46Hz","0.0425","2","0.5464","0.2287","0.3299","1","2.335","22","0.00339","1","22","0.306","0","0","0","2","2","0","","","","5","0","0","COLLISION ENV/ground t=14.8s","0"
"2026-08-03T04:18:40","67","123","holdblind","0.3","filt_auto_123.csv","DISCARD_RATE","DISCARD","105.0","6.6","0","g1:49Hz","0.0387","1","","","","0","0.0","0","0.0","0","0","0.0","0","0","0","1","1","0","","","","5","0","0","COLLISION GATE t=7.7s","0"
"2026-08-03T04:19:23","68","124","holdblind","0.3","filt_auto_124.csv","DISCARD_RATE","DISCARD","102.1","3.1","0","g1:48Hz","0.0454","1","","","","0","0.0","0","0.0","0","0","0.0","0","0","0","1","1","0","","","","5","0","0","COLLISION GATE t=7.8s","0"
"2026-08-03T04:20:07","69","125","holdblind","0.3","filt_auto_125.csv","DISCARD_RATE","DISCARD","100.4","10.1","0","g2:42Hz","0.0383","2","0.5894","-0.1624","0.282","0","16.914","18","0.00276","1","19","0.295","0","0","0","2","2","0","","","","5","0","0","COLLISION GATE t=11.5s","0"
"2026-08-03T04:20:50","70","126","holdblind","0.3","filt_auto_126.csv","DISCARD_RATE","DISCARD","69.8","16.7","0","g2:49Hz","0.0421","2","0.5264","-0.1595","0.2804","0","0.895","24","0.00387","1","19","0.305","0","0","0","2","2","0","","","","5","0","0","COLLISION ENV/ground t=14.4s","0"
"2026-08-03T04:21:34","71","127","holdblind","0.3","filt_auto_127.csv","DISCARD_RATE","DISCARD","106.7","8.5","0","g1:47Hz","0.0091","1","","","","0","0.0","0","0.0","0","0","0.0","0","0","0","1","1","0","","","","5","0","0","COLLISION GATE t=7.8s","0"
"2026-08-03T04:22:17","72","128","holdblind","0.3","filt_auto_128.csv","DISCARD_RATE","DISCARD","67.5","16.1","0","g2:40Hz","0.0941","2","0.5613","0.4279","-0.1735","0","0.94","14","0.00215","1","0","0.0","0","0","0","2","2","0","","","","5","0","0","COLLISION ENV/ground t=14.8s","0"
"2026-08-03T04:23:01","73","129","holdblind","0.3","filt_auto_129.csv","DISCARD_RATE","DISCARD","68.2","21.0","0","g1:50Hz|g2:45Hz","0.0433","2","0.5748","0.3235","-0.0879","0","1.368","18","0.00265","1","3","0.04","0","0","0","2","2","0","","","","5","0","0","COLLISION ENV/ground t=14.7s","0"
"2026-08-03T04:23:45","74","130","holdblind","0.3","filt_auto_130.csv","DISCARD_RATE","DISCARD","102.6","8.7","0","g1:48Hz|g2:47Hz","0.03","2","0.5833","-0.2778","0.2231","0","19.14","13","0.00192","1","19","0.304","0","0","0","2","2","0","","","","5","0","0","COLLISION GATE t=11.5s","0"
"2026-08-03T04:24:28","75","131","holdblind","0.3","filt_auto_131.csv","DISCARD_DIRTY","DISCARD","106.6","3.4","1","g1:49Hz","0.1215","2","0.2499","-0.4217","0.5197","0","14.899","0","0.0","0","0","0.0","0","0","0","2","2","0","","","","5","0","0","COLLISION GATE t=7.8s","0"
"2026-08-03T04:25:12","76","132","holdblind","0.3","filt_auto_132.csv","DISCARD_DIRTY","DISCARD","93.9","3.3","1","g1:48Hz","0.2906","1","","","","0","0.0","0","0.0","0","0","0.0","0","0","0","1","1","0","","","","5","0","0","COLLISION GATE t=4.6s","0"
"2026-08-03T04:25:55","77","133","holdblind","0.3","filt_auto_133.csv","DISCARD_RATE","DISCARD","105.7","4.2","0","g1:50Hz","0.0934","1","","","","0","0.0","0","0.0","0","0","0.0","0","0","0","1","1","0","","","","5","0","0","COLLISION GATE t=7.7s","0"
"2026-08-03T04:26:39","78","134","holdblind","0.3","filt_auto_134.csv","DISCARD_RATE","DISCARD","108.9","7.4","0","g1:47Hz","0.1187","1","","","","0","0.0","0","0.0","0","0","0.0","0","0","0","1","1","0","","","","5","0","0","COLLISION GATE t=7.8s","0"
"2026-08-03T04:27:22","79","135","holdblind","0.3","filt_auto_135.csv","DISCARD_RATE","DISCARD","0.0","100.0","0","","","0","","","","0","0.0","0","0.0","0","0","0.0","0","0","0","0","0","0","","","","5","0","0","COLLISION GATE t=7.7s","0"
"2026-08-03T04:28:06","80","136","holdblind","0.3","filt_auto_136.csv","DISCARD_RATE","DISCARD","100.6","6.1","0","g1:49Hz|g2:43Hz","0.037","2","0.5127","-0.4227","0.2756","0","18.252","29","0.00436","1","9","0.112","0","0","0","2","2","0","","","","5","0","0","COLLISION GATE t=7.8s","0"
"2026-08-03T04:28:49","81","137","holdblind","0.3","filt_auto_137.csv","DISCARD_DIRTY","DISCARD","102.3","3.3","1","g1:48Hz","0.135","1","","","","0","0.0","0","0.0","0","0","0.0","0","0","0","1","1","0","","","","5","0","0","COLLISION GATE t=7.8s","0"
"2026-08-03T04:29:33","82","138","holdblind","0.3","filt_auto_138.csv","DISCARD_DIRTY","DISCARD","107.3","6.7","1","g1:50Hz","0.1345","1","","","","0","0.0","0","0.0","0","0","0.0","0","0","0","1","1","0","","","","5","0","0","COLLISION GATE t=7.8s","0"
"2026-08-03T04:30:16","83","139","holdblind","0.3","filt_auto_139.csv","DISCARD_RATE","DISCARD","104.6","7.2","0","g1:50Hz","0.0313","1","","","","0","0.0","0","0.0","0","0","0.0","0","0","0","1","1","0","","","","5","0","0","COLLISION GATE t=7.8s","0"
"2026-08-03T04:31:00","84","140","holdblind","0.3","filt_auto_140.csv","DISCARD_RATE","DISCARD","105.8","3.3","0","g1:46Hz","0.0893","1","","","","0","0.0","0","0.0","0","0","0.0","0","0","0","1","1","0","","","","5","0","0","COLLISION ENV/ground t=15.2s","0"
"2026-08-03T04:31:43","85","141","holdblind","0.3","filt_auto_141.csv","DISCARD_RATE","DISCARD","76.6","15.6","0","g1:49Hz|g2:46Hz","0.1005","2","0.4585","0.5065","-0.0839","0","1.156","14","0.00199","1","0","0.0","0","0","0","2","2","0","","","","5","0","0","COLLISION ENV/ground t=14.8s","0"
"2026-08-03T04:32:27","86","142","holdblind","0.3","filt_auto_142.csv","DISCARD_RATE","DISCARD","104.0","3.4","0","g1:50Hz","-0.0213","1","","","","0","0.0","0","0.0","0","0","0.0","0","0","0","1","1","0","","","","5","0","0","COLLISION GATE t=4.6s","0"
"2026-08-03T04:33:10","87","143","holdblind","0.3","filt_auto_143.csv","DISCARD_RATE","DISCARD","101.4","9.3","0","g1:49Hz|g2:49Hz","0.0336","2","0.5407","-0.1901","0.3342","0","17.354","17","0.00253","1","19","0.295","0","0","0","2","2","0","","","","5","0","0","COLLISION GATE t=11.5s","0"
"2026-08-03T04:33:54","88","144","holdblind","0.3","filt_auto_144.csv","DISCARD_RATE","DISCARD","75.3","13.9","0","g1:47Hz|g2:45Hz","0.0469","2","0.4408","0.5178","-0.0377","0","1.724","13","0.00248","1","0","0.0","0","0","0","2","2","0","","","","5","0","0","COLLISION ENV/ground t=14.9s","0"
"2026-08-03T04:34:37","89","145","holdblind","0.3","filt_auto_145.csv","DISCARD_RATE","DISCARD","102.4","5.7","0","g1:50Hz|g2:46Hz","0.0317","2","0.1139","-0.2724","0.8112","0","18.04","0","0.0","0","0","0.0","0","0","0","2","2","0","","","","5","0","0","COLLISION ENV/ground t=14.8s","0"
"2026-08-03T04:35:21","90","146","holdblind","0.3","filt_auto_146.csv","DISCARD_RATE","DISCARD","83.1","12.3","0","g1:46Hz|g2:50Hz","0.0919","2","0.5603","0.0553","0.2321","1","9.545","16","0.00252","1","19","0.304","0","0","0","2","2","0","","","","5","0","0","COLLISION GATE t=11.5s","0"
"2026-08-03T04:36:04","91","147","holdblind","0.3","filt_auto_147.csv","DISCARD_RATE","DISCARD","63.2","17.0","0","g1:46Hz|g2:41Hz","0.0415","2","0.5211","0.1775","0.3144","0","0.992","25","0.00392","1","19","0.299","0","0","0","2","2","0","","","","5","0","0","COLLISION ENV/ground t=14.4s","0"
"2026-08-03T04:36:48","92","148","holdblind","0.3","filt_auto_148.csv","DISCARD_RATE","DISCARD","71.0","17.4","0","g2:47Hz","0.0967","2","0.4187","0.5169","-0.0944","0","1.008","13","0.00209","1","0","0.0","0","0","0","2","2","0","","","","5","0","0","COLLISION ENV/ground t=14.8s","0"
"2026-08-03T04:37:32","93","149","holdblind","0.3","filt_auto_149.csv","DISCARD_RATE","DISCARD","100.3","6.9","0","g1:50Hz","0.004","1","","","","0","0.0","0","0.0","0","0","0.0","0","0","0","1","1","0","","","","5","0","0","COLLISION GATE t=7.8s","0"
"2026-08-03T04:38:15","94","150","holdblind","0.3","filt_auto_150.csv","DISCARD_RATE","DISCARD","102.0","5.4","0","g1:47Hz","0.1074","1","","","","0","0.0","0","0.0","0","0","0.0","0","0","0","1","1","0","","","","5","0","0","COLLISION ENV/ground t=14.9s","0"
"2026-08-03T04:38:59","95","151","holdblind","0.3","filt_auto_151.csv","DISCARD_RATE","DISCARD","102.7","9.9","0","g1:50Hz|g2:42Hz","0.1044","2","0.4147","-0.3774","0.3626","0","15.871","22","0.0033","1","0","0.0","0","1","0","2","2","0","","","","5","0","0","COLLISION ENV/ground t=16.4s","0"
"2026-08-03T04:39:42","96","152","holdblind","0.3","filt_auto_152.csv","DISCARD_RATE","DISCARD","85.6","10.7","0","g1:49Hz|g2:49Hz","0.0702","2","0.5564","0.1672","0.2949","1","3.688","18","0.00264","1","22","0.3","0","0","0","2","2","0","","","","5","0","0","COLLISION GATE t=11.5s","0"
"2026-08-03T04:40:26","97","153","holdblind","0.3","filt_auto_153.csv","DISCARD_DIRTY","DISCARD","103.3","7.9","1","g1:48Hz","0.1801","1","","","","0","0.0","0","0.0","0","0","0.0","0","0","0","1","1","0","","","","5","0","0","TIMEOUT","0"
"2026-08-03T04:41:10","98","154","holdblind","0.3","filt_auto_154.csv","DISCARD_RATE","DISCARD","70.7","16.6","0","g1:49Hz|g2:42Hz","0.0936","2","0.589","0.3781","-0.1401","0","0.848","17","0.00265","1","0","0.0","0","0","0","2","2","0","","","","5","0","0","COLLISION ENV/ground t=14.8s","0"
"2026-08-03T04:41:53","99","155","holdblind","0.3","filt_auto_155.csv","DISCARD_RATE","DISCARD","69.7","17.1","0","g2:48Hz","0.0931","2","0.5385","0.31","0.0667","0","0.869","26","0.00366","1","7","0.267","0","0","0","2","2","0","","","","5","0","0","COLLISION ENV/ground t=14.4s","0"
"2026-08-03T04:42:37","100","156","holdblind","0.3","filt_auto_156.csv","DISCARD_RATE","DISCARD","95.9","8.6","0","g1:48Hz|g2:45Hz","0.044","2","0.5184","0.0127","0.2307","1","11.049","21","0.00343","1","19","0.301","0","0","0","2","2","0","","","","5","0","0","COLLISION ENV/ground t=15.6s","0"
"2026-08-03T04:43:20","101","157","holdblind","0.3","filt_auto_157.csv","DISCARD_RATE","DISCARD","68.5","17.1","0","g1:48Hz|g2:50Hz","0.0975","2","0.5554","0.4409","-0.036","0","0.969","19","0.00311","1","0","0.0","0","0","0","2","2","0","","","","5","0","0","COLLISION ENV/ground t=14.8s","0"
"2026-08-03T04:44:04","102","158","holdblind","0.3","filt_auto_158.csv","DISCARD_RATE","DISCARD","104.8","3.6","0","g1:47Hz","0.0036","1","","","","0","0.0","0","0.0","0","0","0.0","0","0","0","1","1","0","","","","5","0","0","COLLISION GATE t=4.6s","0"
"2026-08-03T04:44:48","103","159","holdblind","0.3","filt_auto_159.csv","DISCARD_RATE","DISCARD","101.6","16.2","0","g1:48Hz|g2:43Hz","0.1014","2","0.5315","-0.0716","0.3218","1","5.335","36","0.00518","1","49","1.42","0","0","0","2","2","0","","","","5","0","0","COLLISION GATE t=11.5s","0"
"2026-08-03T04:45:31","104","160","holdblind","0.3","filt_auto_160.csv","DISCARD_RATE","DISCARD","100.8","11.0","0","g1:49Hz","0.0285","2","0.5617","0.0575","0.2504","1","12.485","20","0.00309","1","18","0.308","0","0","0","2","2","0","","","","5","0","0","COLLISION GATE t=11.5s","0"
"2026-08-03T04:46:15","105","161","holdblind","0.3","filt_auto_161.csv","DISCARD_RATE","DISCARD","105.6","5.6","0","g1:49Hz|g2:47Hz","0.1002","2","0.5535","0.4401","-0.1992","0","17.901","16","0.0023","1","0","0.0","0","0","0","2","2","0","","","","5","0","0","COLLISION ENV/ground t=14.8s","0"
"2026-08-03T04:46:58","106","162","holdblind","0.3","filt_auto_162.csv","DISCARD_RATE","DISCARD","102.9","7.7","0","g2:50Hz","0.0943","2","0.5917","-0.077","0.2614","1","21.159","18","0.00267","1","18","0.309","0","0","0","2","2","0","","","","5","0","0","COLLISION GATE t=11.5s","0"
"2026-08-03T04:47:42","107","163","holdblind","0.3","filt_auto_163.csv","DISCARD_DIRTY","DISCARD","107.1","3.2","1","g1:48Hz","0.1326","1","","","","0","0.0","0","0.0","0","0","0.0","0","0","0","1","1","0","","","","5","0","0","COLLISION ENV/ground t=15.3s","0"
"2026-08-03T04:48:26","108","164","holdblind","0.3","filt_auto_164.csv","DISCARD_RATE","DISCARD","73.0","16.6","0","g1:49Hz|g2:48Hz","0.0999","2","0.5291","0.2278","0.1305","0","0.945","31","0.00453","1","23","0.298","0","0","0","2","2","0","","","","5","0","0","COLLISION ENV/ground t=14.4s","0"
"2026-08-03T04:49:09","109","165","holdblind","0.3","filt_auto_165.csv","DISCARD_RATE","DISCARD","0.0","100.0","0","","","0","","","","0","0.0","0","0.0","0","0","0.0","0","0","0","0","0","0","","","","5","0","0","TIMEOUT","0"
"2026-08-03T04:49:53","110","166","holdblind","0.3","filt_auto_166.csv","DISCARD_RATE","DISCARD","101.7","3.2","0","g1:49Hz","0.0831","1","","","","0","0.0","0","0.0","0","0","0.0","0","0","0","1","1","0","","","","5","0","0","COLLISION GATE t=7.8s","0"
"2026-08-03T04:50:36","111","167","holdblind","0.3","filt_auto_167.csv","DISCARD_RATE","DISCARD","105.5","9.2","0","g1:47Hz|g2:42Hz","0.0332","2","0.5948","-0.2468","0.2507","0","16.611","41","0.00585","1","20","0.304","0","0","0","2","2","0","","","","5","0","0","COLLISION GATE t=11.5s","0"
"2026-08-03T04:51:20","112","168","holdblind","0.3","filt_auto_168.csv","DISCARD_RATE","DISCARD","101.2","7.7","0","g1:50Hz","0.0475","2","0.5697","-0.0836","0.2667","1","16.008","17","0.00261","1","19","0.301","0","0","0","2","2","0","","","","5","0","0","COLLISION GATE t=11.5s","0"
"2026-08-03T04:52:03","113","169","holdblind","0.3","filt_auto_169.csv","KEEP_DEEP","OK","86.8","10.1","0","","0.0927","2","0.5035","0.0876","0.3656","1","5.365","17","0.00313","1","19","0.304","0","0","0","2","2","0","","","","5","0","0","COLLISION GATE t=11.5s","0"
"2026-08-03T04:52:47","114","170","holdblind","0.3","filt_auto_170.csv","DISCARD_RATE","DISCARD","77.5","8.4","0","g1:49Hz|g2:45Hz","0.0434","2","0.1372","-0.0372","0.8047","0","1.617","0","0.0","0","0","0.0","0","0","0","2","2","0","","","","5","0","0","COLLISION GATE t=7.8s","0"
"2026-08-03T04:53:31","115","171","holdblind","0.3","filt_auto_171.csv","DISCARD_RATE","DISCARD","0.0","100.0","0","","","0","","","","0","0.0","0","0.0","0","0","0.0","0","0","0","0","0","0","","","","5","0","0","COLLISION GATE t=7.7s","0"
"2026-08-03T04:54:14","116","172","holdblind","0.3","filt_auto_172.csv","DISCARD_RATE","DISCARD","71.7","15.8","0","g1:49Hz|g2:47Hz","0.0991","2","0.5182","0.2725","0.0058","0","0.852","19","0.00276","1","5","0.061","0","0","0","2","2","0","","","","5","0","0","COLLISION ENV/ground t=14.8s","0"
"2026-08-03T04:54:58","117","173","holdblind","0.3","filt_auto_173.csv","DISCARD_RATE","DISCARD","76.4","17.1","0","g1:49Hz","0.0401","2","0.41","0.5012","0.2745","0","1.198","19","0.00292","1","0","0.0","0","0","0","2","2","0","","","","5","0","0","COLLISION ENV/ground t=14.8s","0"
"2026-08-03T04:55:41","118","174","holdblind","0.3","filt_auto_174.csv","DISCARD_RATE","DISCARD","106.8","6.0","0","","0.0345","1","","","","0","0.0","0","0.0","0","0","0.0","0","0","0","1","1","0","","","","5","0","0","COLLISION GATE t=7.7s","0"
"2026-08-03T04:56:25","119","175","holdblind","0.3","filt_auto_175.csv","DISCARD_RATE","DISCARD","82.6","18.4","0","g1:50Hz","0.0366","2","0.3569","-0.4773","0.5088","0","0.846","27","0.00391","1","0","0.0","0","0","0","2","2","0","","","","5","0","0","COLLISION GATE t=7.8s","0"
"2026-08-03T04:57:09","120","176","holdblind","0.3","filt_auto_176.csv","DISCARD_RATE","DISCARD","100.6","3.1","0","g1:48Hz","0.0392","1","","","","0","0.0","0","0.0","0","0","0.0","0","0","0","1","1","0","","","","5","0","0","COLLISION GATE t=7.8s","0"
"2026-08-03T04:57:52","121","177","holdblind","0.3","filt_auto_177.csv","DISCARD_RATE","DISCARD","69.0","16.4","0","g2:50Hz","0.096","2","0.522","0.4623","-0.1551","0","0.905","16","0.0024","1","0","0.0","0","0","0","2","2","0","","","","5","0","0","COLLISION ENV/ground t=14.8s","0"
"2026-08-03T04:58:36","122","178","holdblind","0.3","filt_auto_178.csv","DISCARD_RATE","DISCARD","102.4","5.4","0","g2:45Hz","0.1036","2","0.4832","0.4627","0.1881","1","18.28","25","0.00371","1","0","0.0","0","0","0","2","2","0","","","","5","0","0","COLLISION ENV/ground t=14.5s","0"
"2026-08-03T04:59:19","123","179","holdblind","0.3","filt_auto_179.csv","DISCARD_RATE","DISCARD","102.4","8.1","0","g1:50Hz|g2:46Hz","0.0318","2","0.5367","-0.1795","0.3416","0","17.274","19","0.00279","1","21","0.308","0","0","0","2","2","0","","","","5","0","0","COLLISION GATE t=11.5s","0"
"2026-08-03T05:00:03","124","180","holdblind","0.3","filt_auto_180.csv","DISCARD_RATE","DISCARD","104.5","7.0","0","g2:48Hz","0.0412","2","0.4943","0.1053","0.1618","1","19.854","41","0.00595","1","20","0.299","0","0","0","2","2","0","","","","5","0","0","COLLISION GATE t=11.6s","0"
"2026-08-03T05:00:47","125","181","holdblind","0.3","filt_auto_181.csv","DISCARD_RATE","DISCARD","75.2","7.9","0","g1:49Hz","-0.012","1","","","","0","0.0","0","0.0","0","0","0.0","0","0","0","1","1","0","","","","5","0","0","COLLISION GATE t=4.6s","0"
"2026-08-03T05:01:30","126","182","holdblind","0.3","filt_auto_182.csv","DISCARD_RATE","DISCARD","103.0","5.4","0","g1:47Hz","0.0313","2","0.1244","-0.2838","0.8014","0","17.911","0","0.0","0","0","0.0","0","0","0","2","2","0","","","","5","0","0","COLLISION ENV/ground t=14.9s","0"
"2026-08-03T05:02:14","127","183","holdblind","0.3","filt_auto_183.csv","DISCARD_DIRTY","DISCARD","102.0","4.0","1","g1:49Hz","0.1304","1","","","","0","0.0","0","0.0","0","0","0.0","0","0","0","1","1","0","","","","5","0","0","COLLISION GATE t=7.8s","0"
"2026-08-03T05:02:57","128","184","holdblind","0.3","filt_auto_184.csv","DISCARD_DIRTY","DISCARD","105.7","2.4","1","g1:47Hz","0.1377","1","","","","0","0.0","0","0.0","0","0","0.0","0","0","0","1","1","0","","","","5","0","0","COLLISION GATE t=4.6s","0"
"2026-08-03T05:03:41","129","185","holdblind","0.3","filt_auto_185.csv","DISCARD_RATE","DISCARD","76.9","13.6","0","g1:49Hz|g2:45Hz","0.0994","2","0.3899","0.5295","0.0222","0","2.359","14","0.00206","1","0","0.0","0","0","0","2","2","0","","","","5","0","0","COLLISION ENV/ground t=15.1s","0"
"2026-08-03T05:04:24","130","186","holdblind","0.3","filt_auto_186.csv","DISCARD_RATE","DISCARD","101.2","3.0","0","g1:48Hz","0.0352","1","","","","0","0.0","0","0.0","0","0","0.0","0","0","0","1","1","0","","","","5","0","0","COLLISION GATE t=7.8s","0"
"2026-08-03T05:05:08","131","187","holdblind","0.3","filt_auto_187.csv","DISCARD_RATE","DISCARD","68.3","16.9","0","g1:50Hz|g2:49Hz","0.0978","2","0.5177","0.4757","-0.1497","0","0.87","17","0.00253","1","0","0.0","0","0","0","2","2","0","","","","5","0","0","COLLISION ENV/ground t=14.8s","0"
"2026-08-03T05:05:52","132","188","holdblind","0.3","filt_auto_188.csv","DISCARD_RATE","DISCARD","81.6","9.2","0","g1:49Hz|g2:49Hz","0.079","2","0.5482","0.0205","0.2551","1","5.149","15","0.00221","1","20","0.302","0","0","0","2","2","0","","","","5","0","0","COLLISION GATE t=11.6s","0"
"2026-08-03T05:06:35","133","189","holdblind","0.3","filt_auto_189.csv","DISCARD_RATE","DISCARD","106.1","2.8","0","g1:48Hz","0.0931","1","","","","0","0.0","0","0.0","0","0","0.0","0","0","0","1","1","0","","","","5","0","0","COLLISION GATE t=7.8s","0"
"2026-08-03T05:07:19","134","190","holdblind","0.3","filt_auto_190.csv","DISCARD_RATE","DISCARD","102.1","7.6","0","g1:48Hz|g2:48Hz","0.0435","2","0.5385","0.0347","0.3232","1","16.234","15","0.00225","1","18","0.307","0","0","0","2","2","0","","","","5","0","0","COLLISION GATE t=11.5s","0"
"2026-08-03T05:08:02","135","191","holdblind","0.3","filt_auto_191.csv","KEEP_UPSTREAM","OK","84.3","6.8","0","","0.0025","1","","","","0","0.0","0","0.0","0","0","0.0","0","0","0","1","1","0","","","","5","0","0","COLLISION GATE t=7.8s","0"
"2026-08-03T05:08:46","136","192","holdblind","0.3","filt_auto_192.csv","DISCARD_RATE","DISCARD","103.8","2.9","0","g1:49Hz","0.1097","1","","","","0","0.0","0","0.0","0","0","0.0","0","0","0","1","1","0","","","","5","0","0","COLLISION GATE t=7.8s","0"
"2026-08-03T05:09:30","137","193","holdblind","0.3","filt_auto_193.csv","KEEP_UPSTREAM","OK","90.0","7.1","0","","0.0989","1","","","","0","0.0","0","0.0","0","0","0.0","0","0","0","1","1","0","","","","5","0","0","COLLISION GATE t=7.7s","0"
"2026-08-03T05:10:13","138","194","holdblind","0.3","filt_auto_194.csv","DISCARD_RATE","DISCARD","103.3","6.7","0","g1:50Hz","0.0326","1","","","","0","0.0","0","0.0","0","0","0.0","0","0","0","1","1","0","","","","5","0","0","COLLISION GATE t=7.7s","0"
"2026-08-03T05:10:57","139","195","holdblind","0.3","filt_auto_195.csv","DISCARD_RATE","DISCARD","104.0","9.8","0","g1:48Hz|g2:49Hz","0.0997","2","0.5069","0.1127","0.2835","1","17.354","21","0.00306","1","21","0.305","0","0","0","2","2","0","","","","5","0","0","COLLISION GATE t=11.6s","0"
"2026-08-03T05:11:40","140","196","holdblind","0.3","filt_auto_196.csv","DISCARD_RATE","DISCARD","107.6","9.9","0","g2:48Hz","0.0908","2","0.5196","0.1368","0.3379","0","17.535","16","0.00228","1","20","0.302","0","0","0","2","2","0","","","","5","0","0","COLLISION GATE t=11.5s","0"
"2026-08-03T05:12:24","141","197","holdblind","0.3","filt_auto_197.csv","DISCARD_RATE","DISCARD","96.6","6.1","0","g1:49Hz","0.0954","2","0.4286","0.4897","0.1809","0","17.832","17","0.00268","1","0","0.0","0","0","0","2","2","0","","","","5","0","0","COLLISION ENV/ground t=14.8s","0"
"2026-08-03T05:13:07","142","198","holdblind","0.3","filt_auto_198.csv","KEEP_DEEP","OK","74.4","16.0","0","","0.1137","2","0.4957","0.2348","0.0816","0","0.871","19","0.00328","1","14","0.292","0","0","0","2","2","0","","","","5","0","0","COLLISION ENV/ground t=14.5s","0"
"2026-08-03T05:13:51","143","199","holdblind","0.3","filt_auto_199.csv","DISCARD_RATE","DISCARD","108.6","8.7","0","g1:49Hz","0.0526","1","","","","0","0.0","0","0.0","0","0","0.0","0","0","0","1","1","0","","","","5","0","0","COLLISION GATE t=7.7s","0"
"2026-08-03T05:14:34","144","200","holdblind","0.3","filt_auto_200.csv","DISCARD_RATE","DISCARD","79.5","12.8","0","g1:48Hz|g2:47Hz","0.1084","2","0.5348","0.311","0.1967","1","2.99","31","0.00451","1","9","0.228","0","0","0","2","2","0","","","","5","0","0","COLLISION ENV/ground t=14.8s","0"
"2026-08-03T05:15:18","145","201","holdblind","0.3","filt_auto_201.csv","DISCARD_DIRTY","DISCARD","105.3","7.6","1","g1:49Hz","0.1217","2","0.5256","-0.2517","0.3109","0","17.028","17","0.00248","1","19","0.297","0","0","0","2","2","0","","","","5","0","0","COLLISION GATE t=7.8s","0"
"2026-08-03T05:16:01","146","202","holdblind","0.3","filt_auto_202.csv","DISCARD_RATE","DISCARD","106.4","7.5","0","g1:48Hz","0.0948","1","","","","0","0.0","0","0.0","0","0","0.0","0","0","0","1","1","0","","","","5","0","0","COLLISION GATE t=7.8s","0"
"2026-08-03T05:16:45","147","203","holdblind","0.3","filt_auto_203.csv","DISCARD_RATE","DISCARD","103.1","9.8","0","g1:50Hz|g2:48Hz","0.0392","2","0.5365","-0.2295","0.3024","0","20.728","18","0.00263","1","21","0.309","0","0","0","2","2","0","","","","5","0","0","COLLISION GATE t=11.6s","0"
"2026-08-03T05:17:28","148","204","holdblind","0.3","filt_auto_204.csv","DISCARD_RATE","DISCARD","96.7","3.1","0","","0.1134","1","","","","0","0.0","0","0.0","0","0","0.0","0","0","0","1","1","0","","","","5","0","0","COLLISION GATE t=7.8s","0"
"2026-08-03T05:18:12","149","205","holdblind","0.3","filt_auto_205.csv","DISCARD_RATE","DISCARD","74.0","15.6","0","g1:49Hz|g2:49Hz","0.0924","2","0.5827","0.3482","-0.1798","0","0.866","16","0.00227","1","0","0.0","0","0","0","2","2","0","","","","5","0","0","COLLISION ENV/ground t=14.7s","0"
"2026-08-03T05:18:55","150","206","holdblind","0.3","filt_auto_206.csv","DISCARD_RATE","DISCARD","107.5","6.5","0","g1:46Hz","0.1044","1","","","","0","0.0","0","0.0","0","0","0.0","0","0","0","1","1","0","","","","5","0","0","COLLISION GATE t=7.8s","0"
"2026-08-03T05:19:39","151","207","holdblind","0.3","filt_auto_207.csv","DISCARD_RATE","DISCARD","105.3","2.7","0","g2:38Hz","0.0954","2","0.4541","0.465","0.0612","0","21.603","10","0.00145","1","0","0.0","0","0","0","2","2","0","","","","5","0","0","COLLISION GATE t=7.8s","0"
"2026-08-03T05:20:22","152","208","holdblind","0.3","filt_auto_208.csv","DISCARD_RATE","DISCARD","109.3","4.3","0","g1:47Hz","0.0988","1","","","","0","0.0","0","0.0","0","0","0.0","0","0","0","1","1","0","","","","5","0","0","COLLISION GATE t=7.8s","0"
"2026-08-03T05:21:06","153","209","holdblind","0.3","filt_auto_209.csv","DISCARD_RATE","DISCARD","100.4","5.3","0","g1:49Hz","0.1152","1","","","","0","0.0","0","0.0","0","0","0.0","0","0","0","1","1","0","","","","5","0","0","COLLISION GATE t=7.7s","0"
"2026-08-03T05:21:49","154","210","holdblind","0.3","filt_auto_210.csv","DISCARD_RATE","DISCARD","0.0","100.0","0","","","0","","","","0","0.0","0","0.0","0","0","0.0","0","0","0","0","0","0","","","","5","0","0","COLLISION GATE t=7.7s","0"
"2026-08-03T05:22:33","155","211","holdblind","0.3","filt_auto_211.csv","DISCARD_RATE","DISCARD","101.2","5.2","0","g1:45Hz","0.1177","1","","","","0","0.0","0","0.0","0","0","0.0","0","0","0","1","1","0","","","","5","0","0","COLLISION GATE t=7.8s","0"
"2026-08-03T05:23:17","156","212","holdblind","0.3","filt_auto_212.csv","DISCARD_RATE","DISCARD","105.3","4.3","0","g1:49Hz","0.1128","1","","","","0","0.0","0","0.0","0","0","0.0","0","0","0","1","1","0","","","","5","0","0","COLLISION GATE t=7.8s","0"
"2026-08-03T05:24:00","157","213","holdblind","0.3","filt_auto_213.csv","DISCARD_RATE","DISCARD","103.1","5.6","0","g1:49Hz|g2:44Hz","0.0795","2","0.1267","-0.324","0.8077","0","17.935","0","0.0","0","0","0.0","0","0","0","2","2","0","","","","5","0","0","COLLISION ENV/ground t=14.8s","0"
"2026-08-03T05:24:44","158","214","holdblind","0.3","filt_auto_214.csv","DISCARD_DIRTY","DISCARD","89.6","6.8","1","g1:50Hz|g2:47Hz","0.1235","2","0.3921","-0.6423","0.323","0","17.806","27","0.00445","1","0","0.0","0","0","0","2","2","0","","","","5","0","0","COLLISION GATE t=7.8s","0"
"2026-08-03T05:25:27","159","215","holdblind","0.3","filt_auto_215.csv","DISCARD_RATE","DISCARD","108.8","3.2","0","g1:48Hz","0.0893","1","","","","0","0.0","0","0.0","0","0","0.0","0","0","0","1","1","0","","","","5","0","0","COLLISION GATE t=7.8s","0"
"2026-08-03T05:26:11","160","216","holdblind","0.3","filt_auto_216.csv","DISCARD_RATE","DISCARD","68.4","17.5","0","g1:48Hz|g2:41Hz","0.0953","2","0.4617","0.5222","-0.0493","0","1.069","15","0.00228","1","0","0.0","0","0","0","2","2","0","","","","5","0","0","COLLISION ENV/ground t=14.9s","0"
"2026-08-03T05:26:55","161","217","holdblind","0.3","filt_auto_217.csv","DISCARD_RATE","DISCARD","105.5","6.1","0","g2:45Hz","0.1041","2","0.3294","0.5585","0.1951","0","16.242","16","0.00234","1","0","0.0","0","0","0","2","2","0","","","","5","0","0","COLLISION ENV/ground t=15.9s","0"
"2026-08-03T05:27:38","162","218","holdblind","0.3","filt_auto_218.csv","DISCARD_RATE","DISCARD","102.7","3.5","0","g1:49Hz","0.0291","1","","","","0","0.0","0","0.0","0","0","0.0","0","0","0","1","1","0","","","","5","0","0","COLLISION ENV/ground t=14.7s","0"
"2026-08-03T05:28:22","163","219","holdblind","0.3","filt_auto_219.csv","DISCARD_RATE","DISCARD","98.1","6.3","0","g1:49Hz","0.0456","1","","","","0","0.0","0","0.0","0","0","0.0","0","0","0","1","1","0","","","","5","0","0","COLLISION GATE t=7.8s","0"
"2026-08-03T05:29:05","164","220","holdblind","0.3","filt_auto_220.csv","DISCARD_RATE","DISCARD","100.0","3.5","0","g1:46Hz|g2:48Hz","0.0762","2","0.2931","-0.4921","0.6879","0","18.536","17","0.00256","1","0","0.0","0","0","0","2","2","0","","","","5","0","0","COLLISION GATE t=4.6s","0"
"2026-08-03T05:29:49","165","221","holdblind","0.3","filt_auto_221.csv","DISCARD_RATE","DISCARD","75.6","16.1","0","g1:49Hz|g2:47Hz","0.0924","2","0.4939","0.4703","0.0219","0","0.966","18","0.00255","1","0","0.0","0","0","0","2","2","0","","","","5","0","0","COLLISION ENV/ground t=14.7s","0"
"2026-08-03T05:30:33","166","222","holdblind","0.3","filt_auto_222.csv","DISCARD_RATE","DISCARD","100.0","5.5","0","g1:50Hz","0.1046","1","","","","0","0.0","0","0.0","0","0","0.0","0","0","0","1","1","0","","","","5","0","0","COLLISION GATE t=7.8s","0"
"2026-08-03T05:31:16","167","223","holdblind","0.3","filt_auto_223.csv","DISCARD_RATE","DISCARD","105.1","2.9","0","","0.0884","1","","","","0","0.0","0","0.0","0","0","0.0","0","0","0","1","1","0","","","","5","0","0","COLLISION GATE t=7.8s","0"
"2026-08-03T05:32:00","168","224","holdblind","0.3","filt_auto_224.csv","DISCARD_DIRTY","DISCARD","109.2","4.2","1","g1:49Hz","0.1311","2","","","","0","24.76","0","0.0","0","0","0.0","0","0","0","2","2","0","","","","5","0","0","COLLISION GATE t=7.8s","0"
"2026-08-03T05:32:43","169","225","holdblind","0.3","filt_auto_225.csv","DISCARD_DIRTY","DISCARD","100.9","3.4","1","g1:48Hz","0.1939","1","","","","0","0.0","0","0.0","0","0","0.0","0","0","0","1","1","0","","","","5","0","0","TIMEOUT","0"
"2026-08-03T05:33:27","170","226","holdblind","0.3","filt_auto_226.csv","DISCARD_RATE","DISCARD","78.6","8.9","0","g1:49Hz|g2:44Hz","0.0851","2","0.2126","-0.1839","0.8818","0","0.989","7","0.00124","1","0","0.0","0","0","0","2","2","0","","","","5","0","0","COLLISION ENV/ground t=14.8s","0"
"2026-08-03T05:34:11","171","227","holdblind","0.3","filt_auto_227.csv","DISCARD_RATE","DISCARD","103.4","2.9","0","g1:49Hz","0.0935","1","","","","0","0.0","0","0.0","0","0","0.0","0","0","0","1","1","0","","","","5","0","0","COLLISION GATE t=7.8s","0"
"2026-08-03T05:34:54","172","228","holdblind","0.3","filt_auto_228.csv","DISCARD_RATE","DISCARD","99.7","3.9","0","g1:49Hz","0.004","1","","","","0","0.0","0","0.0","0","0","0.0","0","0","0","1","1","0","","","","5","0","0","COLLISION GATE t=7.8s","0"
"2026-08-03T05:35:38","173","229","holdblind","0.3","filt_auto_229.csv","DISCARD_RATE","DISCARD","70.7","25.1","0","g2:43Hz","0.0954","2","0.4485","0.5183","-0.0203","0","0.969","15","0.00218","1","0","0.0","0","0","0","2","2","0","","","","5","0","0","COLLISION ENV/ground t=14.8s","0"
"2026-08-03T05:36:21","174","230","holdblind","0.3","filt_auto_230.csv","DISCARD_RATE","DISCARD","103.4","9.0","0","g1:46Hz|g2:49Hz","0.0445","2","0.5892","-0.1608","0.2757","0","18.044","17","0.00249","1","19","0.305","0","0","0","2","2","0","","","","5","0","0","COLLISION GATE t=11.5s","0"
"2026-08-03T05:37:05","175","231","holdblind","0.3","filt_auto_231.csv","DISCARD_RATE","DISCARD","76.1","15.3","0","g1:49Hz|g2:48Hz","0.0338","2","0.5456","-0.5325","0.0003","0","1.094","34","0.00501","1","0","0.0","0","0","0","2","2","0","","","","5","0","0","COLLISION ENV/ground t=14.4s","0"
"2026-08-03T05:37:49","176","232","holdblind","0.3","filt_auto_232.csv","DISCARD_RATE","DISCARD","70.5","16.3","0","g1:50Hz|g2:46Hz","0.0408","2","0.5391","0.3012","-0.0727","0","0.864","17","0.00256","1","4","0.049","0","0","0","2","2","0","","","","5","0","0","COLLISION ENV/ground t=14.6s","0"
"2026-08-03T05:38:32","177","233","holdblind","0.3","filt_auto_233.csv","DISCARD_RATE","DISCARD","102.1","11.8","0","","0.0289","1","","","","0","0.0","0","0.0","0","0","0.0","0","0","0","1","1","0","","","","5","0","0","COLLISION GATE t=7.7s","0"
"2026-08-03T05:39:16","178","234","holdblind","0.3","filt_auto_234.csv","DISCARD_RATE","DISCARD","102.9","8.1","0","g1:49Hz|g2:45Hz","0.0415","2","0.5822","-0.0092","0.2893","1","17.161","19","0.00282","1","18","0.301","0","0","0","2","2","0","","","","5","0","0","COLLISION GATE t=11.5s","0"
"2026-08-03T05:39:59","179","235","holdblind","0.3","filt_auto_235.csv","DISCARD_RATE","DISCARD","106.5","4.4","0","","0.1096","1","","","","0","0.0","0","0.0","0","0","0.0","0","0","0","1","1","0","","","","5","0","0","COLLISION GATE t=7.7s","0"
"2026-08-03T05:40:43","180","236","holdblind","0.3","filt_auto_236.csv","DISCARD_RATE","DISCARD","0.0","100.0","0","","","0","","","","0","0.0","0","0.0","0","0","0.0","0","0","0","0","0","0","","","","5","0","0","COLLISION ENV/ground t=0.3s","0"
"2026-08-03T05:41:26","181","237","holdblind","0.3","filt_auto_237.csv","DISCARD_RATE","DISCARD","69.4","16.9","0","g1:49Hz|g2:48Hz","0.0407","2","0.592","0.3528","-0.1895","0","0.865","18","0.00323","1","2","0.026","0","0","0","2","2","0","","","","5","0","0","COLLISION ENV/ground t=14.6s","0"
"2026-08-03T05:42:10","182","238","holdblind","0.3","filt_auto_238.csv","DISCARD_RATE","DISCARD","102.0","3.0","0","g1:45Hz","0.1021","1","","","","0","0.0","0","0.0","0","0","0.0","0","0","0","1","1","0","","","","5","0","0","COLLISION GATE t=7.7s","0"
"2026-08-03T05:42:54","183","239","holdblind","0.3","filt_auto_239.csv","DISCARD_RATE","DISCARD","79.9","17.8","0","g1:49Hz|g2:46Hz","0.0361","2","0.3696","-0.495","0.5455","0","0.889","28","0.00415","1","0","0.0","0","0","0","2","2","0","","","","5","0","0","COLLISION ENV/ground t=14.4s","0"
"2026-08-03T05:43:37","184","240","holdblind","0.3","filt_auto_240.csv","DISCARD_RATE","DISCARD","79.8","12.6","0","g1:50Hz|g2:44Hz","0.1171","2","0.563","-0.0909","0.186","1","1.671","22","0.00408","1","20","0.303","0","0","0","2","2","0","","","","5","0","0","COLLISION ENV/ground t=14.8s","0"
"2026-08-03T05:44:21","185","241","holdblind","0.3","filt_auto_241.csv","DISCARD_RATE","DISCARD","100.2","10.2","0","g1:49Hz|g2:48Hz","0.0856","2","0.5521","-0.0215","0.1369","1","11.257","46","0.00743","1","19","0.305","0","0","0","2","2","0","","","","5","0","0","COLLISION ENV/ground t=14.8s","0"
"2026-08-03T05:45:04","186","242","holdblind","0.3","filt_auto_242.csv","DISCARD_DIRTY","DISCARD","99.8","3.2","1","g1:49Hz","0.2213","1","","","","0","0.0","0","0.0","0","0","0.0","0","0","0","1","1","0","","","","5","0","0","COLLISION GATE t=7.7s","0"
"2026-08-03T05:45:48","187","243","holdblind","0.3","filt_auto_243.csv","KEEP_UPSTREAM","OK","84.1","3.4","0","","0.0051","1","","","","0","0.0","0","0.0","0","0","0.0","0","0","0","1","1","0","","","","5","0","0","COLLISION GATE t=7.8s","0"
"2026-08-03T05:46:32","188","244","holdblind","0.3","filt_auto_244.csv","DISCARD_DIRTY","DISCARD","99.2","11.0","1","g1:47Hz|g2:45Hz","0.134","2","0.4846","-0.3772","0.2811","0","17.156","30","0.00463","1","0","0.0","0","0","0","2","2","0","","","","5","0","0","COLLISION GATE t=7.8s","0"
"2026-08-03T05:47:15","189","245","holdblind","0.3","filt_auto_245.csv","DISCARD_RATE","DISCARD","69.5","15.7","0","g1:49Hz|g2:42Hz","0.0467","2","0.5754","0.3592","-0.1761","0","0.941","15","0.00217","1","1","0.01","0","0","0","2","2","0","","","","5","0","0","COLLISION ENV/ground t=14.7s","0"
"2026-08-03T05:47:59","190","246","holdblind","0.3","filt_auto_246.csv","DISCARD_RATE","DISCARD","109.1","5.2","0","g1:50Hz","0.0049","1","","","","0","0.0","0","0.0","0","0","0.0","0","0","0","1","1","0","","","","5","0","0","COLLISION GATE t=7.8s","0"
"2026-08-03T05:48:42","191","247","holdblind","0.3","filt_auto_247.csv","DISCARD_RATE","DISCARD","67.3","17.1","0","g1:49Hz|g2:45Hz","0.0472","2","0.5724","0.2261","-0.0988","0","0.977","17","0.00258","1","17","0.214","0","0","0","2","2","0","","","","5","0","0","COLLISION ENV/ground t=14.8s","0"
"2026-08-03T05:49:26","192","248","holdblind","0.3","filt_auto_248.csv","DISCARD_RATE","DISCARD","104.8","6.1","0","g1:50Hz","0.097","1","","","","0","0.0","0","0.0","0","0","0.0","0","0","0","1","1","0","","","","5","0","0","COLLISION GATE t=7.7s","0"
"2026-08-03T05:50:10","193","249","holdblind","0.3","filt_auto_249.csv","DISCARD_RATE","DISCARD","0.0","100.0","0","","","0","","","","0","0.0","0","0.0","0","0","0.0","0","0","0","0","0","0","","","","5","0","0","COLLISION GATE t=7.7s","0"
"2026-08-03T05:50:53","194","250","holdblind","0.3","filt_auto_250.csv","DISCARD_RATE","DISCARD","103.0","8.5","0","g1:48Hz","0.0312","1","","","","0","0.0","0","0.0","0","0","0.0","0","0","0","1","1","0","","","","5","0","0","COLLISION GATE t=7.7s","0"
"2026-08-03T05:51:37","195","251","holdblind","0.3","filt_auto_251.csv","DISCARD_RATE","DISCARD","102.1","5.2","0","g1:49Hz|g2:42Hz","0.0519","2","0.5794","0.2878","0.1442","0","19.584","29","0.00428","1","0","0.0","0","0","0","2","2","0","","","","5","0","0","COLLISION GATE t=7.8s","0"
"2026-08-03T05:52:20","196","252","holdblind","0.3","filt_auto_252.csv","DISCARD_RATE","DISCARD","75.7","14.8","0","g1:50Hz|g2:47Hz","0.1048","2","0.3682","0.5331","0.104","0","1.403","13","0.00194","1","0","0.0","0","0","0","2","2","0","","","","5","0","0","COLLISION ENV/ground t=15.0s","0"
"2026-08-03T05:53:04","197","253","holdblind","0.3","filt_auto_253.csv","DISCARD_RATE","DISCARD","103.5","9.9","0","g1:48Hz|g2:49Hz","0.0865","2","0.5891","-0.2639","0.2631","0","17.031","20","0.00295","1","21","0.297","0","0","0","2","2","0","","","","5","0","0","COLLISION GATE t=11.5s","0"
"2026-08-03T05:53:47","198","254","holdblind","0.3","filt_auto_254.csv","DISCARD_RATE","DISCARD","105.9","0.8","0","g1:49Hz","0.053","1","","","","0","0.0","0","0.0","0","0","0.0","0","0","0","1","1","0","","","","5","0","0","COLLISION ENV/ground t=15.0s","0"
"2026-08-03T05:54:31","199","255","holdblind","0.3","filt_auto_255.csv","DISCARD_RATE","DISCARD","80.4","14.9","0","g1:49Hz|g2:44Hz","0.1014","2","0.364","0.5361","0.1034","0","1.477","14","0.00246","1","0","0.0","0","0","0","2","2","0","","","","5","0","0","COLLISION ENV/ground t=15.0s","0"
"2026-08-03T05:55:15","200","256","holdblind","0.3","filt_auto_256.csv","DISCARD_RATE","DISCARD","77.7","16.3","0","g1:49Hz|g2:48Hz","0.0942","2","0.4454","0.4853","0.1281","0","1.059","19","0.003","1","0","0.0","0","0","0","2","2","0","","","","5","0","0","COLLISION ENV/ground t=14.8s","0"
"2026-08-03T05:55:58","201","257","holdblind","0.3","filt_auto_257.csv","DISCARD_RATE","DISCARD","108.4","0.8","0","g1:48Hz","0.1146","1","","","","0","0.0","0","0.0","0","0","0.0","0","0","0","1","1","0","","","","5","0","0","COLLISION ENV/ground t=15.0s","0"
"2026-08-03T05:56:42","202","258","holdblind","0.3","filt_auto_258.csv","DISCARD_RATE","DISCARD","102.2","5.4","0","g1:49Hz|g2:43Hz","0.1027","2","0.5857","-0.3149","0.2236","0","18.116","29","0.00434","1","21","0.308","0","0","0","2","2","0","","","","5","0","0","COLLISION GATE t=7.8s","0"
"2026-08-03T05:57:25","203","259","holdblind","0.3","filt_auto_259.csv","DISCARD_DIRTY","DISCARD","110.8","1.7","1","","0.1634","1","","","","0","0.0","0","0.0","0","0","0.0","0","0","0","1","1","0","","","","5","0","0","COLLISION GATE t=4.6s","0"
"2026-08-03T05:58:09","204","260","holdblind","0.3","filt_auto_260.csv","DISCARD_RATE","DISCARD","106.8","9.2","0","g1:49Hz|g2:50Hz","0.0384","2","0.5544","-0.1857","0.3235","0","13.956","18","0.00266","1","20","0.306","0","0","0","2","2","0","","","","5","0","0","COLLISION GATE t=11.6s","0"
"2026-08-03T05:58:53","205","261","holdblind","0.3","filt_auto_261.csv","DISCARD_RATE","DISCARD","108.0","8.2","0","g1:49Hz","0.0958","1","","","","0","0.0","0","0.0","0","0","0.0","0","0","0","1","1","0","","","","5","0","0","COLLISION GATE t=7.8s","0"
"2026-08-03T05:59:36","206","262","holdblind","0.3","filt_auto_262.csv","DISCARD_RATE","DISCARD","107.1","11.0","0","","0.0054","1","","","","0","0.0","0","0.0","0","0","0.0","0","0","0","1","1","0","","","","5","0","0","COLLISION GATE t=7.8s","0"
"2026-08-03T06:00:20","207","263","holdblind","0.3","filt_auto_263.csv","DISCARD_RATE","DISCARD","105.1","3.3","0","g1:48Hz|g2:50Hz","0.0367","2","0.2908","-0.5231","0.7142","0","18.134","15","0.00218","1","0","0.0","0","0","0","2","2","0","","","","5","0","0","COLLISION GATE t=7.8s","0"
"2026-08-03T06:01:03","208","264","holdblind","0.3","filt_auto_264.csv","DISCARD_RATE","DISCARD","106.6","3.3","0","g1:47Hz","0.0989","1","","","","0","0.0","0","0.0","0","0","0.0","0","0","0","1","1","0","","","","5","0","0","COLLISION ENV/ground t=14.9s","0"
"2026-08-03T06:01:47","209","265","holdblind","0.3","filt_auto_265.csv","DISCARD_RATE","DISCARD","82.1","8.9","0","g1:50Hz|g2:47Hz","0.0831","2","0.5791","0.4941","0.058","1","4.136","33","0.00523","1","0","0.0","0","0","0","2","2","0","","","","5","0","0","COLLISION ENV/ground t=14.8s","0"
"2026-08-03T06:02:30","210","266","holdblind","0.3","filt_auto_266.csv","DISCARD_RATE","DISCARD","102.9","5.1","0","g1:47Hz","0.0352","1","","","","0","0.0","0","0.0","0","0","0.0","0","0","0","1","1","0","","","","5","0","0","COLLISION GATE t=4.6s","0"
"2026-08-03T06:03:14","211","267","holdblind","0.3","filt_auto_267.csv","DISCARD_RATE","DISCARD","101.5","3.0","0","g1:48Hz","0.0793","1","","","","0","0.0","0","0.0","0","0","0.0","0","0","0","1","1","0","","","","5","0","0","COLLISION GATE t=7.8s","0"
"2026-08-03T06:03:58","212","268","holdblind","0.3","filt_auto_268.csv","DISCARD_RATE","DISCARD","79.6","15.1","0","g1:49Hz|g2:45Hz","0.0438","2","0.3772","0.5389","0.0655","0","2.989","12","0.00179","1","0","0.0","0","0","0","2","2","0","","","","5","0","0","COLLISION ENV/ground t=14.8s","0"
"2026-08-03T06:04:41","213","269","holdblind","0.3","filt_auto_269.csv","DISCARD_RATE","DISCARD","95.4","3.0","0","","0.0288","1","","","","0","0.0","0","0.0","0","0","0.0","0","0","0","1","1","0","","","","5","0","0","COLLISION GATE t=7.8s","0"
"2026-08-03T06:05:25","214","270","holdblind","0.3","filt_auto_270.csv","DISCARD_RATE","DISCARD","102.9","3.3","0","g1:49Hz|g2:29Hz","0.0975","2","0.0933","-0.2018","0.854","0","17.331","0","0.0","0","0","0.0","0","0","0","2","2","0","","","","5","0","0","COLLISION GATE t=7.8s","0"
"2026-08-03T06:06:08","215","271","holdblind","0.3","filt_auto_271.csv","DISCARD_RATE","DISCARD","75.9","16.2","0","g1:48Hz|g2:47Hz","0.0418","2","0.5934","-0.3838","0.036","0","0.782","30","0.00462","1","11","0.147","0","0","0","2","2","0","","","","5","0","0","COLLISION ENV/ground t=14.5s","0"
"2026-08-03T06:06:52","216","272","holdblind","0.3","filt_auto_272.csv","DISCARD_DIRTY","DISCARD","110.0","2.6","1","g1:44Hz","0.2004","1","","","","0","0.0","0","0.0","0","0","0.0","0","0","0","1","1","0","","","","5","0","0","COLLISION GATE t=4.6s","0"
"2026-08-03T06:07:35","217","273","holdblind","0.3","filt_auto_273.csv","DISCARD_RATE","DISCARD","103.4","5.5","0","g1:48Hz|g2:42Hz","0.0451","2","0.5237","0.4402","0.0994","1","15.403","21","0.0031","1","0","0.0","0","0","0","2","2","0","","","","5","0","0","COLLISION ENV/ground t=14.6s","0"
"2026-08-03T06:08:19","218","274","holdblind","0.3","filt_auto_274.csv","DISCARD_RATE","DISCARD","0.0","100.0","0","","","0","","","","0","0.0","0","0.0","0","0","0.0","0","0","0","0","0","0","","","","5","0","0","COLLISION ENV/ground t=0.4s","0"
"2026-08-03T06:09:03","219","275","holdblind","0.3","filt_auto_275.csv","DISCARD_RATE","DISCARD","77.5","16.3","0","g1:47Hz|g2:45Hz","0.0764","2","0.4389","0.4961","0.1047","0","1.088","15","0.00223","1","0","0.0","0","0","0","2","2","0","","","","5","0","0","COLLISION ENV/ground t=14.8s","0"
"2026-08-03T06:09:46","220","276","holdblind","0.3","filt_auto_276.csv","DISCARD_RATE","DISCARD","98.0","6.1","0","g1:49Hz","0.0941","2","0.1119","-0.3193","0.8144","0","18.238","0","0.0","0","0","0.0","0","0","0","2","2","0","","","","5","0","0","COLLISION ENV/ground t=14.6s","0"
"2026-08-03T06:10:30","221","277","holdblind","0.3","filt_auto_277.csv","DISCARD_DIRTY","DISCARD","103.3","9.1","1","g1:48Hz","0.2045","1","","","","0","0.0","0","0.0","0","0","0.0","0","0","0","1","1","0","","","","5","0","0","COLLISION GATE t=7.8s","0"
"2026-08-03T06:11:13","222","278","holdblind","0.3","filt_auto_278.csv","DISCARD_RATE","DISCARD","103.1","5.6","0","g1:48Hz","0.0903","2","0.5491","-0.0203","0.3334","1","20.327","16","0.00235","1","19","0.302","0","0","0","2","2","0","","","","5","0","0","COLLISION GATE t=11.5s","0"
"2026-08-03T06:11:57","223","279","holdblind","0.3","filt_auto_279.csv","DISCARD_RATE","DISCARD","70.6","17.4","0","g1:49Hz|g2:48Hz","0.1007","2","0.5191","-0.3899","0.1255","0","0.823","29","0.00415","1","7","0.091","0","0","0","2","2","0","","","","5","0","0","COLLISION GATE t=7.8s","0"
"2026-08-03T06:12:41","224","280","holdblind","0.3","filt_auto_280.csv","DISCARD_RATE","DISCARD","101.9","5.0","0","g1:46Hz","0.1101","1","","","","0","0.0","0","0.0","0","0","0.0","0","0","0","1","1","0","","","","5","0","0","COLLISION ENV/ground t=15.0s","0"
"2026-08-03T06:13:24","225","281","holdblind","0.3","filt_auto_281.csv","DISCARD_DIRTY","DISCARD","74.1","20.0","1","g1:47Hz|g2:40Hz","0.1411","2","0.3534","0.5444","0.0616","0","2.941","12","0.00209","1","0","0.0","0","0","0","2","2","0","","","","5","0","0","COLLISION ENV/ground t=15.3s","0"
"2026-08-03T06:14:08","226","282","holdblind","0.3","filt_auto_282.csv","DISCARD_RATE","DISCARD","102.6","7.4","0","g1:46Hz","0.0378","1","","","","0","0.0","0","0.0","0","0","0.0","0","0","0","1","1","0","","","","5","0","0","COLLISION GATE t=7.8s","0"
"2026-08-03T06:14:51","227","283","holdblind","0.3","filt_auto_283.csv","DISCARD_DIRTY","DISCARD","104.5","3.6","1","g1:50Hz","0.2372","1","","","","0","0.0","0","0.0","0","0","0.0","0","0","0","1","1","0","","","","5","0","0","COLLISION GATE t=7.8s","0"
"2026-08-03T06:15:35","228","284","holdblind","0.3","filt_auto_284.csv","DISCARD_RATE","DISCARD","75.2","15.9","0","g1:47Hz|g2:48Hz","0.0398","2","0.5908","-0.408","0.2449","0","0.948","29","0.00434","1","13","0.174","0","0","0","2","2","0","","","","5","0","0","COLLISION ENV/ground t=14.4s","0"
"2026-08-03T06:16:19","229","285","holdblind","0.3","filt_auto_285.csv","DISCARD_RATE","DISCARD","106.9","5.6","0","g1:49Hz|g2:46Hz","0.1111","2","0.5483","0.2899","0.1402","0","18.442","27","0.00384","1","22","0.293","0","0","0","2","2","0","","","","5","0","0","COLLISION ENV/ground t=14.3s","0"
"2026-08-03T06:17:02","230","286","holdblind","0.3","filt_auto_286.csv","DISCARD_RATE","DISCARD","74.3","16.5","0","g2:45Hz","0.0936","2","0.4932","0.4991","-0.0786","0","0.905","17","0.00267","1","0","0.0","0","0","0","2","2","0","","","","5","0","0","COLLISION ENV/ground t=14.7s","0"
"2026-08-03T06:17:46","231","287","holdblind","0.3","filt_auto_287.csv","DISCARD_RATE","DISCARD","77.4","14.4","0","g1:49Hz|g2:45Hz","0.0978","2","0.5859","0.4202","-0.1944","0","1.504","17","0.00263","1","0","0.0","0","0","0","2","2","0","","","","5","0","0","COLLISION ENV/ground t=14.8s","0"
"2026-08-03T06:18:29","232","288","holdblind","0.3","filt_auto_288.csv","DISCARD_RATE","DISCARD","0.0","100.0","0","","","0","","","","0","0.0","0","0.0","0","0","0.0","0","0","0","0","0","0","","","","5","0","0","COLLISION GATE t=7.7s","0"
"2026-08-03T06:19:13","233","289","holdblind","0.3","filt_auto_289.csv","DISCARD_RATE","DISCARD","108.4","6.2","0","g1:48Hz|g2:48Hz","0.0369","2","0.3367","-0.4904","0.5791","0","18.57","23","0.00324","1","0","0.0","0","0","0","2","2","0","","","","5","0","0","COLLISION GATE t=7.8s","0"
"2026-08-03T06:19:56","234","290","holdblind","0.3","filt_auto_290.csv","DISCARD_DIRTY","DISCARD","108.0","3.2","1","g1:50Hz","0.1412","1","","","","0","0.0","0","0.0","0","0","0.0","0","0","0","1","1","0","","","","5","0","0","COLLISION ENV/ground t=14.9s","0"
"2026-08-03T06:20:40","235","291","holdblind","0.3","filt_auto_291.csv","DISCARD_RATE","DISCARD","107.5","7.6","0","g1:49Hz|g2:47Hz","0.0347","2","0.5376","0.0507","0.298","1","19.595","17","0.00241","1","18","0.307","0","0","0","2","2","0","","","","5","0","0","COLLISION GATE t=11.5s","0"
"2026-08-03T06:21:23","236","292","holdblind","0.3","filt_auto_292.csv","DISCARD_RATE","DISCARD","100.7","7.0","0","g1:50Hz","0.0342","2","0.4119","-0.2394","0.4786","0","15.252","28","0.00432","1","0","0.0","0","0","0","2","2","0","","","","5","0","0","COLLISION GATE t=7.8s","0"
"2026-08-03T06:22:07","237","293","holdblind","0.3","filt_auto_293.csv","DISCARD_RATE","DISCARD","100.5","3.0","0","g1:48Hz","0.0316","1","","","","0","0.0","0","0.0","0","0","0.0","0","0","0","1","1","0","","","","5","0","0","COLLISION GATE t=7.8s","0"
"2026-08-03T06:22:51","238","294","holdblind","0.3","filt_auto_294.csv","DISCARD_RATE","DISCARD","106.3","8.9","0","g1:49Hz|g2:49Hz","0.0939","2","0.3358","0.5497","0.2457","0","16.109","16","0.00233","1","0","0.0","0","0","0","2","2","0","","","","5","0","0","COLLISION ENV/ground t=15.9s","0"
"2026-08-03T06:23:34","239","295","holdblind","0.3","filt_auto_295.csv","KEEP_UPSTREAM","OK","85.4","11.1","0","","0.0007","1","","","","0","0.0","0","0.0","0","0","0.0","0","0","0","1","1","0","","","","5","0","0","COLLISION GATE t=7.8s","0"
"2026-08-03T06:24:18","240","296","holdblind","0.3","filt_auto_296.csv","DISCARD_RATE","DISCARD","72.7","18.0","0","g2:49Hz","0.0891","2","0.3952","0.5415","0.0113","0","0.016","14","0.0021","1","0","0.0","0","0","0","2","2","0","","","","5","0","0","COLLISION ENV/ground t=14.8s","0"
"2026-08-03T06:25:01","241","297","holdblind","0.3","filt_auto_297.csv","DISCARD_RATE","DISCARD","76.1","16.1","0","g2:48Hz","0.0822","2","0.5907","0.2107","0.1422","0","0.937","28","0.00404","1","22","0.305","0","0","0","2","2","0","","","","5","0","0","COLLISION ENV/ground t=14.4s","0"
"2026-08-03T06:25:45","242","298","holdblind","0.3","filt_auto_298.csv","DISCARD_RATE","DISCARD","94.9","3.2","0","","0.0268","1","","","","0","0.0","0","0.0","0","0","0.0","0","0","0","1","1","0","","","","5","0","0","COLLISION GATE t=7.8s","0"
"2026-08-03T06:26:28","243","299","holdblind","0.3","filt_auto_299.csv","DISCARD_RATE","DISCARD","68.4","15.9","0","g1:49Hz","0.0396","2","0.5886","0.3975","-0.0737","0","0.875","20","0.00387","1","1","0.013","0","0","0","2","2","0","","","","5","0","0","COLLISION ENV/ground t=14.6s","0"
"2026-08-03T06:27:12","244","300","holdblind","0.3","filt_auto_300.csv","DISCARD_RATE","DISCARD","0.0","100.0","0","","","0","","","","0","0.0","0","0.0","0","0","0.0","0","0","0","0","0","0","","","","5","0","0","COLLISION GATE t=7.7s","0"
"2026-08-03T06:27:55","245","301","holdblind","0.3","filt_auto_301.csv","DISCARD_RATE","DISCARD","103.0","3.4","0","g1:48Hz","-0.0336","1","","","","0","0.0","0","0.0","0","0","0.0","0","0","0","1","1","0","","","","5","0","0","COLLISION GATE t=4.6s","0"
"2026-08-03T06:28:39","246","302","holdblind","0.3","filt_auto_302.csv","DISCARD_RATE","DISCARD","101.8","12.7","0","","0.0359","2","0.5355","0.0158","0.3398","1","14.214","46","0.00715","1","18","0.306","0","0","0","2","2","0","","","","5","0","0","COLLISION GATE t=11.5s","0"
"2026-08-03T06:29:22","247","303","holdblind","0.3","filt_auto_303.csv","DISCARD_DIRTY","DISCARD","99.7","5.6","1","g1:48Hz","0.1276","1","","","","0","0.0","0","0.0","0","0","0.0","0","0","0","1","1","0","","","","5","0","0","COLLISION GATE t=7.8s","0"
"2026-08-03T06:30:06","248","304","holdblind","0.3","filt_auto_304.csv","DISCARD_RATE","DISCARD","77.1","12.3","0","g1:49Hz","0.1045","2","0.5232","0.5754","0.0211","1","2.987","31","0.00533","1","0","0.0","0","0","0","2","2","0","","","","5","0","0","COLLISION ENV/ground t=14.7s","0"
"2026-08-03T06:30:50","249","305","holdblind","0.3","filt_auto_305.csv","DISCARD_DIRTY","DISCARD","92.6","15.7","1","g1:47Hz|g2:37Hz","0.1245","2","0.4944","0.1451","-0.4333","0","1.578","9","0.00134","1","0","0.0","0","0","0","2","2","0","","","","5","0","0","COLLISION GATE t=7.8s","0"
"2026-08-03T06:31:33","250","306","holdblind","0.3","filt_auto_306.csv","DISCARD_RATE","DISCARD","103.8","8.4","0","g1:49Hz","0.0338","1","","","","0","0.0","0","0.0","0","0","0.0","0","0","0","1","1","0","","","","5","0","0","COLLISION GATE t=7.7s","0"
"2026-08-03T06:32:17","251","307","holdblind","0.3","filt_auto_307.csv","DISCARD_RATE","DISCARD","93.9","9.5","0","g1:48Hz|g2:44Hz","0.0367","2","0.5525","0.1698","0.0999","1","2.634","21","0.00313","1","20","0.296","0","0","0","2","2","0","","","","5","0","0","COLLISION ENV/ground t=14.9s","0"
"2026-08-03T06:33:00","252","308","holdblind","0.3","filt_auto_308.csv","DISCARD_RATE","DISCARD","102.7","5.1","0","g1:45Hz|g2:38Hz","0.0406","2","0.4609","0.4473","0.0854","0","20.818","19","0.00277","1","0","0.0","0","0","0","2","2","0","","","","5","0","0","COLLISION GATE t=7.7s","0"
"2026-08-03T06:33:44","253","309","holdblind","0.3","filt_auto_309.csv","DISCARD_RATE","DISCARD","99.5","8.7","0","g2:47Hz","0.0422","2","0.5487","-0.2802","0.3317","0","17.082","16","0.00247","1","19","0.302","0","0","0","2","2","0","","","","5","0","0","COLLISION GATE t=11.5s","0"
"2026-08-03T06:34:27","254","310","holdblind","0.3","filt_auto_310.csv","DISCARD_RATE","DISCARD","102.0","7.6","0","g1:49Hz","0.0974","1","","","","0","0.0","0","0.0","0","0","0.0","0","0","0","1","1","0","","","","5","0","0","COLLISION GATE t=7.7s","0"
"2026-08-03T06:35:11","255","311","holdblind","0.3","filt_auto_311.csv","DISCARD_RATE","DISCARD","75.6","16.6","0","g1:48Hz|g2:49Hz","0.0371","2","0.1143","-0.2853","0.8216","0","0.989","0","0.0","0","0","0.0","0","0","0","2","2","0","","","","5","0","0","COLLISION ENV/ground t=14.8s","0"
"2026-08-03T06:35:55","256","312","holdblind","0.3","filt_auto_312.csv","DISCARD_RATE","DISCARD","100.7","5.6","0","g1:49Hz","0.097","1","","","","0","0.0","0","0.0","0","0","0.0","0","0","0","1","1","0","","","","5","0","0","COLLISION GATE t=7.8s","0"
"2026-08-03T06:36:38","257","313","holdblind","0.3","filt_auto_313.csv","DISCARD_RATE","DISCARD","67.9","17.1","0","g1:48Hz|g2:48Hz","0.0447","2","0.4478","0.4816","-0.0494","0","1.07","14","0.00222","1","0","0.0","0","0","0","2","2","0","","","","5","0","0","COLLISION ENV/ground t=14.8s","0"
"2026-08-03T06:37:22","258","314","holdblind","0.3","filt_auto_314.csv","DISCARD_RATE","DISCARD","0.0","100.0","0","","","0","","","","0","0.0","0","0.0","0","0","0.0","0","0","0","0","0","0","","","","5","0","0","COLLISION GATE t=7.7s","0"
"2026-08-03T06:38:05","259","315","holdblind","0.3","filt_auto_315.csv","DISCARD_RATE","DISCARD","93.1","11.6","0","g1:46Hz|g2:43Hz","0.0788","2","0.5526","-0.037","0.2525","1","12.885","22","0.00365","1","19","0.31","0","0","0","2","2","0","","","","5","0","0","COLLISION GATE t=11.5s","0"
"2026-08-03T06:38:49","260","316","holdblind","0.3","filt_auto_316.csv","DISCARD_RATE","DISCARD","103.3","2.9","0","g1:47Hz","0.0435","1","","","","0","0.0","0","0.0","0","0","0.0","0","0","0","1","1","0","","","","5","0","0","COLLISION GATE t=7.8s","0"
"2026-08-03T06:39:33","261","317","holdblind","0.3","filt_auto_317.csv","DISCARD_RATE","DISCARD","97.3","5.8","0","g1:49Hz|g2:47Hz","0.0809","2","0.5588","0.2691","0.0745","0","18.376","27","0.00421","1","20","0.268","0","0","0","2","2","0","","","","5","0","0","COLLISION ENV/ground t=14.4s","0"
"2026-08-03T06:40:16","262","318","holdblind","0.3","filt_auto_318.csv","DISCARD_RATE","DISCARD","105.5","11.4","0","g2:50Hz","0.1006","2","0.5286","-0.1735","0.3552","0","16.308","17","0.00248","1","20","0.292","0","0","0","2","2","0","","","","5","0","0","COLLISION GATE t=11.5s","0"
"2026-08-03T06:41:00","263","319","holdblind","0.3","filt_auto_319.csv","DISCARD_DIRTY","DISCARD","105.9","3.4","1","g1:49Hz","0.1277","1","","","","0","0.0","0","0.0","0","0","0.0","0","0","0","1","1","0","","","","5","0","0","COLLISION ENV/ground t=15.0s","0"
"2026-08-03T06:41:43","264","320","holdblind","0.3","filt_auto_320.csv","DISCARD_RATE","DISCARD","110.5","9.3","0","g1:49Hz","0.0393","2","0.5669","-0.195","0.2331","1","19.123","22","0.00299","1","39","0.846","0","0","0","2","2","0","","","","5","0","0","COLLISION GATE t=11.5s","0"
"2026-08-03T06:42:27","265","321","holdblind","0.3","filt_auto_321.csv","DISCARD_RATE","DISCARD","71.9","16.2","0","g1:50Hz|g2:50Hz","0.0388","2","0.5326","-0.3275","0.3504","0","0.993","25","0.00364","1","23","0.3","0","0","0","2","2","0","","","","5","0","0","COLLISION ENV/ground t=14.4s","0"
"2026-08-03T06:43:10","266","322","holdblind","0.3","filt_auto_322.csv","DISCARD_RATE","DISCARD","77.7","11.3","0","g2:45Hz","0.0894","2","0.5433","-0.0885","0.2663","1","2.053","30","0.0045","1","12","0.204","0","0","0","2","2","0","","","","5","0","0","COLLISION ENV/ground t=14.9s","0"
"2026-08-03T06:43:54","267","323","holdblind","0.3","filt_auto_323.csv","DISCARD_RATE","DISCARD","0.0","100.0","0","","","0","","","","0","0.0","0","0.0","0","0","0.0","0","0","0","0","0","0","","","","5","0","0","COLLISION GATE t=7.7s","0"
"2026-08-03T06:44:37","268","324","holdblind","0.3","filt_auto_324.csv","DISCARD_RATE","DISCARD","109.1","6.1","0","g1:49Hz","0.0308","1","","","","0","0.0","0","0.0","0","0","0.0","0","0","0","1","1","0","","","","5","0","0","COLLISION GATE t=7.7s","0"
"2026-08-03T06:45:21","269","325","holdblind","0.3","filt_auto_325.csv","DISCARD_RATE","DISCARD","103.2","8.6","0","","0.0421","2","0.5776","-0.3157","0.2947","0","16.221","18","0.00271","1","21","0.299","0","0","0","2","2","0","","","","5","0","0","COLLISION GATE t=11.5s","0"
"2026-08-03T06:46:04","270","326","holdblind","0.3","filt_auto_326.csv","DISCARD_RATE","DISCARD","101.2","2.8","0","","0.0966","1","","","","0","0.0","0","0.0","0","0","0.0","0","0","0","1","1","0","","","","5","0","0","COLLISION GATE t=7.7s","0"
"2026-08-03T06:46:48","271","327","holdblind","0.3","filt_auto_327.csv","DISCARD_RATE","DISCARD","107.4","9.4","0","","0.0997","2","0.5658","-0.1187","0.2401","0","18.027","18","0.00259","1","19","0.308","0","0","0","2","2","0","","","","5","0","0","COLLISION GATE t=11.5s","0"
"2026-08-03T06:47:32","272","328","holdblind","0.3","filt_auto_328.csv","DISCARD_DIRTY","DISCARD","103.4","3.1","1","g2:46Hz","0.1308","2","0.0988","-0.025","0.8684","0","15.934","0","0.0","0","0","0.0","0","0","0","2","2","0","","","","5","0","0","COLLISION GATE t=7.8s","0"
"2026-08-03T06:48:15","273","329","holdblind","0.3","filt_auto_329.csv","DISCARD_DIRTY","DISCARD","80.0","13.1","1","g1:48Hz|g2:47Hz","0.1207","2","0.5727","-0.0091","0.1237","1","4.468","26","0.00375","1","20","0.303","0","0","0","2","2","0","","","","5","0","0","COLLISION ENV/ground t=15.1s","0"
"2026-08-03T06:48:59","274","330","holdblind","0.3","filt_auto_330.csv","DISCARD_RATE","DISCARD","69.8","17.3","0","g2:46Hz","0.0432","2","0.4404","0.5037","-0.0297","0","0.981","13","0.00191","1","0","0.0","0","0","0","2","2","0","","","","5","0","0","COLLISION ENV/ground t=14.8s","0"
"2026-08-03T06:49:42","275","331","holdblind","0.3","filt_auto_331.csv","DISCARD_RATE","DISCARD","104.3","5.3","0","g2:47Hz","0.0746","2","0.5266","-0.0523","0.3625","1","20.942","17","0.00249","1","20","0.291","0","0","0","2","2","0","","","","5","0","0","COLLISION GATE t=11.5s","0"
"2026-08-03T06:50:26","276","332","holdblind","0.3","filt_auto_332.csv","DISCARD_RATE","DISCARD","107.9","9.7","0","","0.0454","1","","","","0","0.0","0","0.0","0","0","0.0","0","0","0","1","1","0","","","","5","0","0","COLLISION GATE t=7.8s","0"
"2026-08-03T06:51:09","277","333","holdblind","0.3","filt_auto_333.csv","DISCARD_RATE","DISCARD","104.0","7.9","0","g1:48Hz|g2:44Hz","0.0402","2","0.5471","-0.2535","0.2836","0","17.025","17","0.00251","1","20","0.289","0","0","0","2","2","0","","","","5","0","0","COLLISION GATE t=11.5s","0"
"2026-08-03T06:51:53","278","334","holdblind","0.3","filt_auto_334.csv","DISCARD_RATE","DISCARD","96.8","6.0","0","g2:46Hz","0.098","2","0.567","-0.1201","0.1901","0","18.256","28","0.00443","1","20","0.306","0","0","0","2","2","0","","","","5","0","0","COLLISION ENV/ground t=14.4s","0"
"2026-08-03T06:52:37","279","335","holdblind","0.3","filt_auto_335.csv","DISCARD_RATE","DISCARD","77.0","14.7","0","g1:49Hz|g2:40Hz","0.1003","2","0.3884","0.5186","0.0624","0","1.471","14","0.00231","1","0","0.0","0","0","0","2","2","0","","","","5","0","0","COLLISION ENV/ground t=15.1s","0"
"2026-08-03T06:53:20","280","336","holdblind","0.3","filt_auto_336.csv","DISCARD_RATE","DISCARD","64.7","16.8","0","g1:46Hz|g2:42Hz","0.0497","2","0.5054","0.4803","-0.0309","0","0.994","17","0.00263","1","0","0.0","0","0","0","2","2","0","","","","5","0","0","COLLISION ENV/ground t=14.7s","0"
"2026-08-03T06:54:04","281","337","holdblind","0.3","filt_auto_337.csv","DISCARD_RATE","DISCARD","67.8","16.7","0","g1:50Hz|g2:47Hz","0.1023","2","0.4448","0.5084","0.0327","0","1.063","17","0.00255","1","0","0.0","0","0","0","2","2","0","","","","5","0","0","COLLISION ENV/ground t=14.8s","0"
"2026-08-03T06:54:47","282","338","holdblind","0.3","filt_auto_338.csv","DISCARD_RATE","DISCARD","68.9","16.4","0","g1:48Hz|g2:45Hz","0.1084","2","0.5679","0.4313","-0.0884","0","0.7","19","0.00278","1","0","0.0","0","0","0","2","2","0","","","","5","0","0","COLLISION ENV/ground t=14.6s","0"
"2026-08-03T06:55:31","283","339","holdblind","0.3","filt_auto_339.csv","DISCARD_RATE","DISCARD","102.0","5.3","0","g1:49Hz","0.0521","1","","","","0","0.0","0","0.0","0","0","0.0","0","0","0","1","1","0","","","","5","0","0","COLLISION GATE t=7.7s","0"
"2026-08-03T06:56:14","284","340","holdblind","0.3","filt_auto_340.csv","DISCARD_RATE","DISCARD","76.5","16.6","0","g1:50Hz|g2:49Hz","0.1095","2","0.5232","-0.5849","0.0726","0","1.084","32","0.0048","1","0","0.0","0","0","0","2","2","0","","","","5","0","0","COLLISION ENV/ground t=14.4s","0"
"2026-08-03T06:56:58","285","341","holdblind","0.3","filt_auto_341.csv","DISCARD_RATE","DISCARD","105.4","3.5","0","","0.0352","2","0.1014","-0.0935","0.8066","0","15.83","0","0.0","0","0","0.0","0","0","0","2","2","0","","","","5","0","0","COLLISION GATE t=7.8s","0"
"2026-08-03T06:57:42","286","342","holdblind","0.3","filt_auto_342.csv","DISCARD_RATE","DISCARD","101.5","8.1","0","g1:47Hz","0.037","1","","","","0","0.0","0","0.0","0","0","0.0","0","0","0","1","1","0","","","","5","0","0","COLLISION GATE t=7.8s","0"
"2026-08-03T06:58:25","287","343","holdblind","0.3","filt_auto_343.csv","DISCARD_RATE","DISCARD","72.4","16.0","0","g1:49Hz|g2:44Hz","0.0977","2","0.498","0.4877","0.0036","0","0.981","16","0.00234","1","0","0.0","0","0","0","2","2","0","","","","5","0","0","COLLISION ENV/ground t=14.7s","0"
"2026-08-03T06:59:09","288","344","holdblind","0.3","filt_auto_344.csv","DISCARD_RATE","DISCARD","0.0","100.0","0","","","0","","","","0","0.0","0","0.0","0","0","0.0","0","0","0","0","0","0","","","","5","0","0","COLLISION GATE t=7.7s","0"
"2026-08-03T06:59:52","289","345","holdblind","0.3","filt_auto_345.csv","DISCARD_RATE","DISCARD","101.2","9.0","0","g1:46Hz|g2:45Hz","0.1085","2","0.3491","-0.4482","0.5802","0","18.502","25","0.00371","1","0","0.0","0","0","0","2","2","0","","","","5","0","0","COLLISION GATE t=7.9s","0"
"2026-08-03T07:00:36","290","346","holdblind","0.3","filt_auto_346.csv","DISCARD_RATE","DISCARD","101.3","5.5","0","g1:49Hz|g2:46Hz","0.0451","2","0.5376","0.3426","0.0133","0","18.073","17","0.00251","1","3","0.038","0","0","0","2","2","0","","","","5","0","0","COLLISION ENV/ground t=14.6s","0"
"2026-08-03T07:01:19","291","347","holdblind","0.3","filt_auto_347.csv","DISCARD_RATE","DISCARD","76.3","15.7","0","g2:43Hz","0.0828","2","0.4752","-0.6113","0.1393","0","1.063","30","0.00449","1","0","0.0","0","0","0","2","2","0","","","","5","0","0","COLLISION GATE t=7.8s","0"
"2026-08-03T07:02:03","292","348","holdblind","0.3","filt_auto_348.csv","DISCARD_RATE","DISCARD","108.5","6.7","0","g1:47Hz|g2:32Hz","0.0413","2","0.3901","-0.4789","0.4097","0","9.043","3","0.00042","1","0","0.0","0","1","0","2","2","0","","","","5","0","0","COLLISION GATE t=7.8s","0"
"2026-08-03T07:02:47","293","349","holdblind","0.3","filt_auto_349.csv","DISCARD_RATE","DISCARD","106.8","4.7","0","g1:50Hz","0.1088","1","","","","0","0.0","0","0.0","0","0","0.0","0","0","0","1","1","0","","","","5","0","0","COLLISION GATE t=7.8s","0"
"2026-08-03T07:03:30","294","350","holdblind","0.3","filt_auto_350.csv","DISCARD_RATE","DISCARD","0.0","100.0","0","","","0","","","","0","0.0","0","0.0","0","0","0.0","0","0","0","0","0","0","","","","5","0","0","COLLISION GATE t=7.7s","0"
"2026-08-03T07:04:14","295","351","holdblind","0.3","filt_auto_351.csv","DISCARD_DIRTY","DISCARD","103.7","6.4","1","g1:50Hz|g2:49Hz","0.1258","2","0.3217","0.5899","0.5485","0","16.346","5","0.00078","1","0","0.0","0","0","0","2","2","0","","","","5","0","0","COLLISION GATE t=7.8s","0"
"2026-08-03T07:04:57","296","352","holdblind","0.3","filt_auto_352.csv","DISCARD_RATE","DISCARD","102.1","3.3","0","g1:48Hz","0.117","1","","","","0","0.0","0","0.0","0","0","0.0","0","0","0","1","1","0","","","","5","0","0","TIMEOUT","0"
"2026-08-03T07:05:41","297","353","holdblind","0.3","filt_auto_353.csv","DISCARD_RATE","DISCARD","105.0","5.6","0","","0.0803","2","0.5232","0.5513","0.0656","1","18.199","29","0.00411","1","0","0.0","0","0","0","2","2","0","","","","5","0","0","COLLISION ENV/ground t=14.5s","0"
"2026-08-03T07:06:25","298","354","holdblind","0.3","filt_auto_354.csv","DISCARD_RATE","DISCARD","84.2","6.3","0","g1:50Hz","0.0253","1","","","","0","0.0","0","0.0","0","0","0.0","0","0","0","1","1","0","","","","5","0","0","COLLISION GATE t=7.8s","0"
"2026-08-03T07:07:08","299","355","holdblind","0.3","filt_auto_355.csv","DISCARD_RATE","DISCARD","104.7","10.3","0","g1:45Hz","0.095","1","","","","0","0.0","0","0.0","0","0","0.0","0","0","0","1","1","0","","","","5","0","0","COLLISION GATE t=7.8s","0"
"2026-08-03T07:07:52","300","356","holdblind","0.3","filt_auto_356.csv","DISCARD_RATE","DISCARD","102.0","5.5","0","g2:44Hz","0.0435","2","0.527","0.5083","0.1297","1","18.255","29","0.00439","1","0","0.0","0","0","0","2","2","0","","","","5","0","0","COLLISION ENV/ground t=14.5s","0"
"2026-08-03T07:08:35","301","357","holdblind","0.3","filt_auto_357.csv","DISCARD_RATE","DISCARD","103.0","9.7","0","g2:50Hz","0.1008","2","0.5369","-0.2068","0.3101","0","17.456","20","0.00294","1","20","0.302","0","0","0","2","2","0","","","","5","0","0","COLLISION GATE t=11.5s","0"
"2026-08-03T07:09:19","302","358","holdblind","0.3","filt_auto_358.csv","DISCARD_RATE","DISCARD","107.5","3.3","0","g1:49Hz","0.1095","1","","","","0","0.0","0","0.0","0","0","0.0","0","0","0","1","1","0","","","","5","0","0","COLLISION ENV/ground t=14.9s","0"
"2026-08-03T07:10:02","303","359","holdblind","0.3","filt_auto_359.csv","DISCARD_RATE","DISCARD","104.3","8.3","0","g1:48Hz|g2:46Hz","0.0983","2","0.5933","-0.2941","0.1645","1","12.329","48","0.00735","1","19","0.302","0","0","0","2","2","0","","","","5","0","0","COLLISION GATE t=7.8s","0"
"2026-08-03T07:10:46","304","360","holdblind","0.3","filt_auto_360.csv","DISCARD_RATE","DISCARD","71.1","17.7","0","g1:50Hz|g2:49Hz","0.0355","2","0.5015","-0.6207","0.0863","0","0.814","33","0.00485","1","0","0.0","0","0","0","2","2","0","","","","5","0","0","COLLISION ENV/ground t=14.4s","0"
"2026-08-03T07:11:30","305","361","holdblind","0.3","filt_auto_361.csv","DISCARD_RATE","DISCARD","103.3","3.1","0","g1:49Hz","0.0363","1","","","","0","0.0","0","0.0","0","0","0.0","0","0","0","1","1","0","","","","5","0","0","COLLISION GATE t=7.8s","0"
"2026-08-03T07:12:13","306","362","holdblind","0.3","filt_auto_362.csv","DISCARD_RATE","DISCARD","103.0","5.0","0","g1:49Hz","0.096","1","","","","0","0.0","0","0.0","0","0","0.0","0","0","0","1","1","0","","","","5","0","0","COLLISION GATE t=7.8s","0"
"2026-08-03T07:12:57","307","363","holdblind","0.3","filt_auto_363.csv","DISCARD_RATE","DISCARD","100.4","3.6","0","","0.0619","1","","","","0","0.0","0","0.0","0","0","0.0","0","0","0","1","1","0","","","","5","0","0","COLLISION GATE t=4.6s","0"
"2026-08-03T07:13:40","308","364","holdblind","0.3","filt_auto_364.csv","DISCARD_DIRTY","DISCARD","101.2","6.9","1","g1:48Hz","0.1446","1","","","","0","0.0","0","0.0","0","0","0.0","0","0","0","1","1","0","","","","5","0","0","COLLISION GATE t=7.8s","0"
"2026-08-03T07:14:24","309","365","holdblind","0.3","filt_auto_365.csv","DISCARD_RATE","DISCARD","102.6","2.7","0","g1:48Hz","0.1162","1","","","","0","0.0","0","0.0","0","0","0.0","0","0","0","1","1","0","","","","5","0","0","COLLISION GATE t=7.8s","0"
"2026-08-03T07:15:07","310","366","holdblind","0.3","filt_auto_366.csv","DISCARD_RATE","DISCARD","107.3","5.4","0","g1:50Hz","0.0352","1","","","","0","0.0","0","0.0","0","0","0.0","0","0","0","1","1","0","","","","5","0","0","COLLISION GATE t=7.8s","0"
"2026-08-03T07:15:51","311","367","holdblind","0.3","filt_auto_367.csv","DISCARD_RATE","DISCARD","103.4","8.2","0","","0.0192","1","","","","0","0.0","0","0.0","0","0","0.0","0","0","0","1","1","0","","","","5","0","0","COLLISION GATE t=4.6s","0"
"2026-08-03T07:16:34","312","368","holdblind","0.3","filt_auto_368.csv","DISCARD_RATE","DISCARD","100.8","3.2","0","g1:47Hz","0.0381","1","","","","0","0.0","0","0.0","0","0","0.0","0","0","0","1","1","0","","","","5","0","0","COLLISION GATE t=7.8s","0"
"2026-08-03T07:17:18","313","369","holdblind","0.3","filt_auto_369.csv","DISCARD_RATE","DISCARD","72.4","14.0","0","g1:49Hz|g2:41Hz","0.1002","2","0.3508","0.5558","0.0946","0","0.982","12","0.00187","1","0","0.0","0","0","0","2","2","0","","","","5","0","0","COLLISION ENV/ground t=15.4s","0"
"2026-08-03T07:18:02","314","370","holdblind","0.3","filt_auto_370.csv","DISCARD_RATE","DISCARD","101.5","5.6","0","g1:49Hz","0.0082","1","","","","0","0.0","0","0.0","0","0","0.0","0","0","0","1","1","0","","","","5","0","0","COLLISION GATE t=7.8s","0"
"2026-08-03T07:18:45","315","371","holdblind","0.3","filt_auto_371.csv","DISCARD_RATE","DISCARD","101.1","3.3","0","g1:49Hz|g2:45Hz","0.0949","2","0.1024","-0.1799","0.8677","0","20.025","0","0.0","0","0","0.0","0","0","0","2","2","0","","","","5","0","0","COLLISION GATE t=7.8s","0"
"2026-08-03T07:19:29","316","372","holdblind","0.3","filt_auto_372.csv","DISCARD_RATE","DISCARD","108.3","6.3","0","g2:47Hz","0.0347","2","0.3351","-0.5308","0.5812","0","17.402","25","0.00356","1","0","0.0","0","0","0","2","2","0","","","","5","0","0","COLLISION ENV/ground t=14.4s","0"
"2026-08-03T07:20:12","317","373","holdblind","0.3","filt_auto_373.csv","DISCARD_RATE","DISCARD","102.3","11.6","0","g1:47Hz|g2:50Hz","0.0993","2","0.5486","-0.1361","0.2726","0","16.112","49","0.00718","1","20","0.303","0","0","0","2","2","0","","","","5","0","0","COLLISION GATE t=11.5s","0"
"2026-08-03T07:20:56","318","374","holdblind","0.3","filt_auto_374.csv","DISCARD_DIRTY","DISCARD","101.5","4.8","1","g1:47Hz","0.1278","1","","","","0","0.0","0","0.0","0","0","0.0","0","0","0","1","1","0","","","","5","0","0","COLLISION GATE t=7.8s","0"
"2026-08-03T07:21:39","319","375","holdblind","0.3","filt_auto_375.csv","DISCARD_RATE","DISCARD","0.0","100.0","0","","","0","","","","0","0.0","0","0.0","0","0","0.0","0","0","0","0","0","0","","","","5","0","0","COLLISION ENV/ground t=0.4s","0"
"2026-08-03T07:22:23","320","376","holdblind","0.3","filt_auto_376.csv","DISCARD_RATE","DISCARD","0.0","100.0","0","","","0","","","","0","0.0","0","0.0","0","0","0.0","0","0","0","0","0","0","","","","5","0","0","COLLISION GATE t=7.7s","0"
"2026-08-03T07:23:07","321","377","holdblind","0.3","filt_auto_377.csv","DISCARD_RATE","DISCARD","101.6","7.9","0","g1:49Hz|g2:46Hz","0.0917","2","0.5","0.0994","0.3005","1","17.015","16","0.00241","1","20","0.296","0","0","0","2","2","0","","","","5","0","0","COLLISION GATE t=11.5s","0"
"2026-08-03T07:23:50","322","378","holdblind","0.3","filt_auto_378.csv","DISCARD_RATE","DISCARD","101.9","11.9","0","g1:49Hz","0.112","1","","","","0","0.0","0","0.0","0","0","0.0","0","0","0","1","1","0","","","","5","0","0","COLLISION GATE t=7.8s","0"
"2026-08-03T07:24:34","323","379","holdblind","0.3","filt_auto_379.csv","DISCARD_RATE","DISCARD","76.8","16.0","0","g1:49Hz|g2:47Hz","0.1049","2","0.35","0.5654","0.0846","0","1.241","12","0.00181","1","0","0.0","0","0","0","2","2","0","","","","5","0","0","COLLISION ENV/ground t=15.2s","0"
"2026-08-03T07:25:18","324","380","holdblind","0.3","filt_auto_380.csv","DISCARD_RATE","DISCARD","100.0","8.8","0","g1:47Hz|g2:44Hz","0.1145","2","0.5468","0.2058","0.1387","1","5.239","17","0.00317","1","23","0.311","0","0","0","2","2","0","","","","5","0","0","COLLISION ENV/ground t=15.0s","0"
"2026-08-03T07:26:01","325","381","holdblind","0.3","filt_auto_381.csv","DISCARD_RATE","DISCARD","107.3","4.7","0","g1:45Hz","0.0522","1","","","","0","0.0","0","0.0","0","0","0.0","0","0","0","1","1","0","","","","5","0","0","COLLISION ENV/ground t=14.9s","0"
"2026-08-03T07:26:45","326","382","holdblind","0.3","filt_auto_382.csv","DISCARD_RATE","DISCARD","73.4","14.9","0","g1:50Hz|g2:42Hz","0.0885","2","0.4704","0.4743","-0.0739","0","1.087","13","0.00192","1","0","0.0","0","0","0","2","2","0","","","","5","0","0","COLLISION ENV/ground t=14.9s","0"
"2026-08-03T07:27:28","327","383","holdblind","0.3","filt_auto_383.csv","DISCARD_RATE","DISCARD","100.1","7.6","0","g2:48Hz","0.074","2","0.5478","-0.0059","0.2915","1","10.765","21","0.00321","1","36","0.758","0","0","0","2","2","0","","","","5","0","0","COLLISION GATE t=11.6s","0"
"2026-08-03T07:28:12","328","384","holdblind","0.3","filt_auto_384.csv","DISCARD_RATE","DISCARD","102.1","3.4","0","g1:48Hz","0.106","1","","","","0","0.0","0","0.0","0","0","0.0","0","0","0","1","1","0","","","","5","0","0","TIMEOUT","0"
"2026-08-03T07:28:55","329","385","holdblind","0.3","filt_auto_385.csv","DISCARD_RATE","DISCARD","71.5","17.4","0","g2:44Hz","0.0423","2","0.5742","-0.3387","0.2954","0","0.794","29","0.00415","1","22","0.297","0","0","0","2","2","0","","","","5","0","0","COLLISION ENV/ground t=14.4s","0"
"2026-08-03T07:29:39","330","386","holdblind","0.3","filt_auto_386.csv","DISCARD_RATE","DISCARD","110.5","5.7","0","g1:50Hz|g2:50Hz","0.0391","2","0.4784","-0.6263","0.1308","0","18.481","32","0.00442","1","0","0.0","0","0","0","2","2","0","","","","5","0","0","COLLISION ENV/ground t=14.4s","0"
"2026-08-03T07:30:23","331","387","holdblind","0.3","filt_auto_387.csv","DISCARD_RATE","DISCARD","68.4","17.2","0","g2:48Hz","0.0405","2","0.5605","-0.3241","0.2477","0","0.852","24","0.00426","1","22","0.306","0","0","0","2","2","0","","","","5","0","0","COLLISION ENV/ground t=14.5s","0"
"2026-08-03T07:31:06","332","388","holdblind","0.3","filt_auto_388.csv","DISCARD_RATE","DISCARD","107.5","7.6","0","g1:48Hz|g2:48Hz","0.0396","2","0.5526","0.1028","0.2734","1","16.059","18","0.0026","1","19","0.302","0","0","0","2","2","0","","","","5","0","0","COLLISION GATE t=11.6s","0"
"2026-08-03T07:31:50","333","389","holdblind","0.3","filt_auto_389.csv","DISCARD_RATE","DISCARD","0.0","100.0","0","","","0","","","","0","0.0","0","0.0","0","0","0.0","0","0","0","0","0","0","","","","5","0","0","COLLISION GATE t=7.7s","0"
"2026-08-03T07:32:34","334","390","holdblind","0.3","filt_auto_390.csv","DISCARD_DIRTY","DISCARD","103.5","6.0","1","g1:48Hz|g2:48Hz","0.1216","2","0.5711","0.3033","0.2417","1","14.333","29","0.00422","1","9","0.118","0","0","0","2","2","0","","","","5","0","0","COLLISION GATE t=7.8s","0"
"2026-08-03T07:33:17","335","391","holdblind","0.3","filt_auto_391.csv","DISCARD_DIRTY","DISCARD","109.2","4.4","1","g1:49Hz","0.1255","1","","","","0","0.0","0","0.0","0","0","0.0","0","0","0","1","1","0","","","","5","0","0","COLLISION GATE t=7.8s","0"
"2026-08-03T07:34:01","336","392","holdblind","0.3","filt_auto_392.csv","DISCARD_RATE","DISCARD","91.2","6.5","0","g2:48Hz","0.0942","2","0.3933","-0.5218","0.5231","0","18.553","26","0.00426","1","0","0.0","0","0","0","2","2","0","","","","5","0","0","COLLISION GATE t=7.8s","0"
"2026-08-03T07:34:44","337","393","holdblind","0.3","filt_auto_393.csv","DISCARD_RATE","DISCARD","111.9","3.8","0","g1:50Hz","0.0342","1","","","","0","0.0","0","0.0","0","0","0.0","0","0","0","1","1","0","","","","5","0","0","COLLISION GATE t=7.8s","0"
"2026-08-03T07:35:28","338","394","holdblind","0.3","filt_auto_394.csv","DISCARD_RATE","DISCARD","89.2","7.0","0","g1:49Hz","0.0347","1","","","","0","0.0","0","0.0","0","0","0.0","0","0","0","1","1","0","","","","5","0","0","COLLISION GATE t=7.8s","0"
"2026-08-03T07:36:11","339","395","holdblind","0.3","filt_auto_395.csv","DISCARD_DIRTY","DISCARD","108.3","4.6","1","g1:50Hz","0.1296","1","","","","0","0.0","0","0.0","0","0","0.0","0","0","0","1","1","0","","","","5","0","0","COLLISION GATE t=7.7s","0"
"2026-08-03T07:36:55","340","396","holdblind","0.3","filt_auto_396.csv","DISCARD_RATE","DISCARD","100.4","9.3","0","","0.0891","2","0.5738","0.0274","0.2833","1","13.672","18","0.00278","1","20","0.309","0","0","0","2","2","0","","","","5","0","0","COLLISION GATE t=11.5s","0"
"2026-08-03T07:37:39","341","397","holdblind","0.3","filt_auto_397.csv","DISCARD_RATE","DISCARD","75.3","22.6","0","g2:49Hz","0.0338","2","0.5634","-0.5305","0.0276","0","0.983","35","0.00521","1","0","0.0","0","0","0","2","2","0","","","","5","0","0","COLLISION ENV/ground t=14.4s","0"
"2026-08-03T07:38:22","342","398","holdblind","0.3","filt_auto_398.csv","DISCARD_RATE","DISCARD","64.8","16.6","0","g1:50Hz|g2:44Hz","0.042","2","0.484","0.4474","-0.1167","0","0.951","12","0.0017","1","0","0.0","0","0","0","2","2","0","","","","5","0","0","COLLISION ENV/ground t=14.8s","0"
"2026-08-03T07:39:06","343","399","holdblind","0.3","filt_auto_399.csv","DISCARD_RATE","DISCARD","103.9","6.1","0","g1:50Hz","0.0373","1","","","","0","0.0","0","0.0","0","0","0.0","0","0","0","1","1","0","","","","5","0","0","COLLISION GATE t=7.8s","0"
"2026-08-03T07:39:49","344","400","holdblind","0.3","filt_auto_400.csv","DISCARD_RATE","DISCARD","76.7","13.0","0","g1:49Hz","0.0932","2","0.4962","0.1651","0.2506","1","2.515","24","0.00436","1","21","0.304","0","0","0","2","2","0","","","","5","0","0","COLLISION ENV/ground t=14.8s","0"
"2026-08-03T07:40:33","345","401","holdblind","0.3","filt_auto_401.csv","DISCARD_DIRTY","DISCARD","102.1","10.1","1","g1:46Hz","0.1315","1","","","","0","0.0","0","0.0","0","0","0.0","0","0","0","1","1","0","","","","5","0","0","COLLISION GATE t=7.8s","0"
"2026-08-03T07:41:17","346","402","holdblind","0.3","filt_auto_402.csv","DISCARD_RATE","DISCARD","0.0","100.0","0","","","0","","","","0","0.0","0","0.0","0","0","0.0","0","0","0","0","0","0","","","","5","0","0","COLLISION GATE t=7.7s","0"
"2026-08-03T07:42:00","347","403","holdblind","0.3","filt_auto_403.csv","DISCARD_RATE","DISCARD","66.3","17.6","0","g1:49Hz|g2:43Hz","0.0973","2","0.4656","0.5228","-0.2507","0","0.018","13","0.00191","1","0","0.0","0","0","0","2","2","0","","","","5","0","0","COLLISION ENV/ground t=14.8s","0"
"2026-08-03T07:42:44","348","404","holdblind","0.3","filt_auto_404.csv","DISCARD_DIRTY","DISCARD","109.0","2.7","1","g1:47Hz","0.1745","1","","","","0","0.0","0","0.0","0","0","0.0","0","0","0","1","1","0","","","","5","0","0","COLLISION GATE t=7.8s","0"
"2026-08-03T07:43:27","349","405","holdblind","0.3","filt_auto_405.csv","DISCARD_RATE","DISCARD","105.8","7.4","0","g1:49Hz","0.0956","2","0.5946","-0.2915","0.2774","0","17.166","43","0.00623","1","21","0.303","0","0","0","2","2","0","","","","5","0","0","COLLISION GATE t=11.5s","0"
"2026-08-03T07:44:11","350","406","holdblind","0.3","filt_auto_406.csv","DISCARD_RATE","DISCARD","96.1","4.0","0","g2:48Hz","0.0406","2","0.0891","-0.1058","0.8317","0","18.306","0","0.0","0","0","0.0","0","0","0","2","2","0","","","","5","0","0","COLLISION GATE t=7.8s","0"
"2026-08-03T07:44:55","351","407","holdblind","0.3","filt_auto_407.csv","DISCARD_RATE","DISCARD","100.1","3.1","0","g1:49Hz","0.1012","1","","","","0","0.0","0","0.0","0","0","0.0","0","0","0","1","1","0","","","","5","0","0","COLLISION GATE t=7.8s","0"
"2026-08-03T07:45:38","352","408","holdblind","0.3","filt_auto_408.csv","DISCARD_RATE","DISCARD","66.4","16.0","0","g2:44Hz","0.1001","2","0.5504","0.4846","-0.1393","0","0.925","15","0.00253","1","0","0.0","0","0","0","2","2","0","","","","5","0","0","COLLISION ENV/ground t=14.8s","0"
"2026-08-03T07:46:22","353","409","holdblind","0.3","filt_auto_409.csv","DISCARD_RATE","DISCARD","101.3","8.3","0","g1:50Hz|g2:42Hz","0.0429","2","0.5929","0.2661","0.083","1","7.881","26","0.00409","1","16","0.266","0","0","0","2","2","0","","","","5","0","0","COLLISION ENV/ground t=15.0s","0"
"2026-08-03T07:47:05","354","410","holdblind","0.3","filt_auto_410.csv","DISCARD_RATE","DISCARD","107.7","5.5","0","g1:50Hz|g2:44Hz","0.0388","2","0.1149","-0.2714","0.793","0","19.532","0","0.0","0","0","0.0","0","0","0","2","2","0","","","","5","0","0","COLLISION ENV/ground t=14.8s","0"
"2026-08-03T07:47:49","355","411","holdblind","0.3","filt_auto_411.csv","DISCARD_DIRTY","DISCARD","108.3","5.1","1","g1:47Hz","0.1374","1","","","","0","0.0","0","0.0","0","0","0.0","0","0","0","1","1","0","","","","5","0","0","COLLISION GATE t=7.8s","0"
"2026-08-03T07:48:33","356","412","holdblind","0.3","filt_auto_412.csv","KEEP_DEEP","OK","76.1","16.1","0","","0.101","2","0.4769","-0.6082","0.1742","0","1.131","30","0.00446","1","0","0.0","0","0","0","2","2","0","","","","5","0","0","COLLISION ENV/ground t=14.4s","0"
"2026-08-03T07:49:16","357","413","holdblind","0.3","filt_auto_413.csv","DISCARD_RATE","DISCARD","70.5","23.3","0","g2:48Hz","0.1057","2","0.5838","0.3682","-0.192","0","0.873","17","0.00247","1","1","0.01","0","0","0","2","2","0","","","","5","0","0","COLLISION ENV/ground t=14.6s","0"
"2026-08-03T07:50:00","358","414","holdblind","0.3","filt_auto_414.csv","DISCARD_RATE","DISCARD","106.6","4.2","0","","0.1197","1","","","","0","0.0","0","0.0","0","0","0.0","0","0","0","1","1","0","","","","5","0","0","COLLISION GATE t=7.8s","0"
"2026-08-03T07:50:43","359","415","holdblind","0.3","filt_auto_415.csv","DISCARD_RATE","DISCARD","0.0","100.0","0","","","0","","","","0","0.0","0","0.0","0","0","0.0","0","0","0","0","0","0","","","","5","0","0","COLLISION GATE t=7.7s","0"
"2026-08-03T07:51:27","360","416","holdblind","0.3","filt_auto_416.csv","DISCARD_DIRTY","DISCARD","70.8","17.9","1","g1:50Hz|g2:44Hz","0.1247","2","0.4565","0.5259","-0.1381","0","1.082","14","0.00219","1","0","0.0","0","0","0","2","2","0","","","","5","0","0","COLLISION ENV/ground t=14.8s","0"
"2026-08-03T07:52:11","361","417","holdblind","0.3","filt_auto_417.csv","DISCARD_RATE","DISCARD","99.7","5.7","0","g1:45Hz","0.1118","1","","","","0","0.0","0","0.0","0","0","0.0","0","0","0","1","1","0","","","","5","0","0","COLLISION GATE t=7.8s","0"
"2026-08-03T07:52:54","362","418","holdblind","0.3","filt_auto_418.csv","DISCARD_RATE","DISCARD","102.3","4.1","0","","0.1012","1","","","","0","0.0","0","0.0","0","0","0.0","0","0","0","1","1","0","","","","5","0","0","COLLISION GATE t=7.8s","0"
"2026-08-03T07:53:38","363","419","holdblind","0.3","filt_auto_419.csv","DISCARD_RATE","DISCARD","76.4","20.0","0","g1:48Hz|g2:48Hz","0.0934","2","0.5915","0.3906","0.0331","1","2.023","27","0.00393","1","0","0.0","0","0","0","2","2","0","","","","5","0","0","COLLISION ENV/ground t=14.8s","0"
"2026-08-03T07:54:21","364","420","holdblind","0.3","filt_auto_420.csv","DISCARD_RATE","DISCARD","103.2","3.0","0","g1:48Hz","0.0974","1","","","","0","0.0","0","0.0","0","0","0.0","0","0","0","1","1","0","","","","5","0","0","COLLISION GATE t=7.8s","0"
"2026-08-03T07:55:05","365","421","holdblind","0.3","filt_auto_421.csv","DISCARD_RATE","DISCARD","76.4","13.2","0","g1:49Hz|g2:50Hz","0.0921","2","0.4222","0.5574","0.3621","1","2.669","27","0.004","1","0","0.0","0","0","0","2","2","0","","","","5","0","0","COLLISION ENV/ground t=15.0s","0"
"2026-08-03T07:55:49","366","422","holdblind","0.3","filt_auto_422.csv","DISCARD_RATE","DISCARD","0.0","100.0","0","","","0","","","","0","0.0","0","0.0","0","0","0.0","0","0","0","0","0","0","","","","5","0","0","COLLISION GATE t=7.7s","0"
"2026-08-03T07:56:32","367","423","holdblind","0.3","filt_auto_423.csv","DISCARD_RATE","DISCARD","100.6","2.9","0","g1:48Hz","0.094","1","","","","0","0.0","0","0.0","0","0","0.0","0","0","0","1","1","0","","","","5","0","0","COLLISION GATE t=7.8s","0"
"2026-08-03T07:57:16","368","424","holdblind","0.3","filt_auto_424.csv","DISCARD_RATE","DISCARD","70.6","16.2","0","g1:50Hz","0.0409","2","0.5242","0.236","0.0656","0","0.912","25","0.00372","1","21","0.299","0","0","0","2","2","0","","","","5","0","0","COLLISION ENV/ground t=14.4s","0"
"2026-08-03T07:58:00","369","425","holdblind","0.3","filt_auto_425.csv","DISCARD_RATE","DISCARD","100.6","5.7","0","g1:50Hz","0.0332","1","","","","0","0.0","0","0.0","0","0","0.0","0","0","0","1","1","0","","","","5","0","0","COLLISION GATE t=7.8s","0"
"2026-08-03T07:58:43","370","426","holdblind","0.3","filt_auto_426.csv","DISCARD_RATE","DISCARD","101.3","9.8","0","g2:48Hz","0.0915","2","0.5247","-0.1103","0.3206","0","16.992","16","0.00243","1","19","0.308","0","0","0","2","2","0","","","","5","0","0","COLLISION GATE t=11.5s","0"
"2026-08-03T07:59:27","371","427","holdblind","0.3","filt_auto_427.csv","DISCARD_RATE","DISCARD","102.0","5.0","0","","0.0956","1","","","","0","0.0","0","0.0","0","0","0.0","0","0","0","1","1","0","","","","5","0","0","COLLISION GATE t=7.7s","0"
"2026-08-03T08:00:10","372","428","holdblind","0.3","filt_auto_428.csv","DISCARD_RATE","DISCARD","0.0","100.0","0","","","0","","","","0","0.0","0","0.0","0","0","0.0","0","0","0","0","0","0","","","","5","0","0","COLLISION GATE t=7.7s","0"
"2026-08-03T08:00:54","373","429","holdblind","0.3","filt_auto_429.csv","DISCARD_RATE","DISCARD","66.3","17.3","0","g1:48Hz|g2:44Hz","0.0938","2","0.4684","0.4721","-0.0647","0","1.011","14","0.00205","1","0","0.0","0","0","0","2","2","0","","","","5","0","0","COLLISION ENV/ground t=14.8s","0"
"2026-08-03T08:01:37","374","430","holdblind","0.3","filt_auto_430.csv","DISCARD_RATE","DISCARD","108.3","5.4","0","g1:47Hz","0.1019","1","","","","0","0.0","0","0.0","0","0","0.0","0","0","0","1","1","0","","","","5","0","0","COLLISION GATE t=7.8s","0"
"2026-08-03T08:02:21","375","431","holdblind","0.3","filt_auto_431.csv","DISCARD_RATE","DISCARD","71.3","18.3","0","g1:50Hz|g2:44Hz","0.0823","2","0.4005","0.52","-0.0324","0","1.315","13","0.00195","1","0","0.0","0","0","0","2","2","0","","","","5","0","0","COLLISION ENV/ground t=14.8s","0"
"2026-08-03T08:03:04","376","432","holdblind","0.3","filt_auto_432.csv","DISCARD_RATE","DISCARD","101.3","5.7","0","g1:46Hz","0.1039","1","","","","0","0.0","0","0.0","0","0","0.0","0","0","0","1","1","0","","","","5","0","0","COLLISION GATE t=7.8s","0"
"2026-08-03T08:03:48","377","433","holdblind","0.3","filt_auto_433.csv","DISCARD_RATE","DISCARD","103.4","8.7","0","g1:48Hz","0.0973","1","","","","0","0.0","0","0.0","0","0","0.0","0","0","0","1","1","0","","","","5","0","0","COLLISION GATE t=7.8s","0"
"2026-08-03T08:04:32","378","434","holdblind","0.3","filt_auto_434.csv","DISCARD_RATE","DISCARD","101.5","10.6","0","g1:49Hz|g2:43Hz","0.093","2","0.5843","0.0931","0.287","1","17.592","16","0.00242","1","19","0.307","0","0","0","2","2","0","","","","5","0","0","COLLISION GATE t=11.5s","0"
"2026-08-03T08:05:15","379","435","holdblind","0.3","filt_auto_435.csv","DISCARD_RATE","DISCARD","65.4","23.7","0","g1:44Hz|g2:40Hz","0.1068","2","0.5398","0.4543","0.0576","0","1.012","18","0.00357","1","0","0.0","0","0","0","2","2","0","","","","5","0","0","COLLISION ENV/ground t=14.6s","0"
"2026-08-03T08:05:59","380","436","holdblind","0.3","filt_auto_436.csv","DISCARD_RATE","DISCARD","96.6","8.1","0","g1:46Hz|g2:41Hz","0.0383","2","0.1263","-0.3081","0.8149","0","17.852","0","0.0","0","0","0.0","0","0","0","2","2","0","","","","5","0","0","COLLISION ENV/ground t=14.8s","0"
"2026-08-03T08:06:43","381","437","holdblind","0.3","filt_auto_437.csv","DISCARD_RATE","DISCARD","67.9","25.3","0","g1:47Hz|g2:44Hz","0.0472","2","0.4982","0.4956","-0.1917","0","0.995","14","0.00213","1","0","0.0","0","0","0","2","2","0","","","","5","0","0","COLLISION ENV/ground t=14.8s","0"
"2026-08-03T08:07:26","382","438","holdblind","0.3","filt_auto_438.csv","DISCARD_RATE","DISCARD","102.5","3.6","0","g2:46Hz","0.1023","2","0.0951","0.1411","0.8476","0","19.176","0","0.0","0","0","0.0","0","0","0","2","2","0","","","","5","0","0","COLLISION GATE t=7.8s","0"
"2026-08-03T08:08:10","383","439","holdblind","0.3","filt_auto_439.csv","DISCARD_RATE","DISCARD","71.4","16.1","0","g1:47Hz|g2:40Hz","0.0372","2","0.5255","-0.587","0.017","0","0.939","32","0.00483","1","0","0.0","0","0","0","2","2","0","","","","5","0","0","COLLISION ENV/ground t=14.4s","0"
"2026-08-03T08:08:53","384","440","holdblind","0.3","filt_auto_440.csv","DISCARD_RATE","DISCARD","99.5","4.8","0","g1:49Hz","0.0874","1","","","","0","0.0","0","0.0","0","0","0.0","0","0","0","1","1","0","","","","5","0","0","COLLISION GATE t=7.7s","0"
"2026-08-03T08:09:37","385","441","holdblind","0.3","filt_auto_441.csv","DISCARD_RATE","DISCARD","97.8","3.5","0","","-0.0374","1","","","","0","0.0","0","0.0","0","0","0.0","0","0","0","1","1","0","","","","5","0","0","COLLISION GATE t=4.6s","0"
"2026-08-03T08:10:21","386","442","holdblind","0.3","filt_auto_442.csv","DISCARD_RATE","DISCARD","99.9","8.7","0","g1:47Hz|g2:47Hz","0.1002","2","0.5265","0.435","-0.3321","0","15.854","0","0.0","0","0","0.0","0","0","0","2","2","0","","","","5","0","0","COLLISION GATE t=7.8s","0"
"2026-08-03T08:11:04","387","443","holdblind","0.3","filt_auto_443.csv","DISCARD_RATE","DISCARD","103.9","6.6","0","g1:48Hz","0.1047","1","","","","0","0.0","0","0.0","0","0","0.0","0","0","0","1","1","0","","","","5","0","0","COLLISION GATE t=7.8s","0"
"2026-08-03T08:11:48","388","444","holdblind","0.3","filt_auto_444.csv","DISCARD_RATE","DISCARD","70.0","17.7","0","g1:50Hz|g2:45Hz","0.0963","2","0.3972","0.5662","-0.0627","0","1.107","12","0.00193","1","0","0.0","0","0","0","2","2","0","","","","5","0","0","COLLISION ENV/ground t=14.8s","0"
"2026-08-03T08:12:31","389","445","holdblind","0.3","filt_auto_445.csv","DISCARD_RATE","DISCARD","102.9","5.3","0","g1:47Hz","0.0799","1","","","","0","0.0","0","0.0","0","0","0.0","0","0","0","1","1","0","","","","5","0","0","COLLISION GATE t=4.6s","0"
"2026-08-03T08:13:15","390","446","holdblind","0.3","filt_auto_446.csv","DISCARD_RATE","DISCARD","103.5","9.6","0","g1:47Hz","0.112","1","","","","0","0.0","0","0.0","0","0","0.0","0","0","0","1","1","0","","","","5","0","0","COLLISION GATE t=7.8s","0"
"2026-08-03T08:13:59","391","447","holdblind","0.3","filt_auto_447.csv","DISCARD_RATE","DISCARD","76.4","16.1","0","g1:49Hz|g2:50Hz","0.0956","2","0.4154","0.5166","0.1412","0","1.083","18","0.00277","1","0","0.0","0","0","0","2","2","0","","","","5","0","0","COLLISION ENV/ground t=14.8s","0"
"2026-08-03T08:14:42","392","448","holdblind","0.3","filt_auto_448.csv","DISCARD_RATE","DISCARD","64.1","41.1","0","g2:40Hz","0.0352","2","0.4851","0.0933","0.3789","0","1.911","9","0.00128","1","17","0.292","0","0","0","2","2","0","","","","5","0","0","COLLISION GATE t=7.7s","0"
"2026-08-03T08:15:26","393","449","holdblind","0.3","filt_auto_449.csv","DISCARD_RATE","DISCARD","106.6","5.3","0","g1:50Hz","0.1007","1","","","","0","0.0","0","0.0","0","0","0.0","0","0","0","1","1","0","","","","5","0","0","COLLISION GATE t=7.8s","0"
"2026-08-03T08:16:09","394","450","holdblind","0.3","filt_auto_450.csv","DISCARD_DIRTY","DISCARD","103.2","2.8","1","g1:49Hz","0.1259","1","","","","0","0.0","0","0.0","0","0","0.0","0","0","0","1","1","0","","","","5","0","0","COLLISION GATE t=7.8s","0"
"2026-08-03T08:16:53","395","451","holdblind","0.3","filt_auto_451.csv","DISCARD_RATE","DISCARD","107.2","3.5","0","g1:50Hz","0.0303","1","","","","0","0.0","0","0.0","0","0","0.0","0","0","0","1","1","0","","","","5","0","0","COLLISION GATE t=7.8s","0"
"2026-08-03T08:17:37","396","452","holdblind","0.3","filt_auto_452.csv","DISCARD_RATE","DISCARD","102.5","4.3","0","g1:49Hz","0.0427","1","","","","0","0.0","0","0.0","0","0","0.0","0","0","0","1","1","0","","","","5","0","0","COLLISION GATE t=7.8s","0"
"2026-08-03T08:18:20","397","453","holdblind","0.3","filt_auto_453.csv","DISCARD_RATE","DISCARD","68.3","16.6","0","g1:49Hz|g2:49Hz","0.0982","2","0.5232","0.4547","-0.0002","0","0.962","18","0.00391","1","0","0.0","0","0","0","2","2","0","","","","5","0","0","COLLISION ENV/ground t=14.7s","0"
"2026-08-03T08:19:04","398","454","holdblind","0.3","filt_auto_454.csv","DISCARD_RATE","DISCARD","76.6","10.2","0","g1:47Hz|g2:47Hz","0.1096","2","0.5626","0.2267","0.3111","1","1.822","26","0.00385","1","21","0.296","0","0","0","2","2","0","","","","5","0","0","COLLISION ENV/ground t=14.9s","0"
"2026-08-03T08:19:47","399","455","holdblind","0.3","filt_auto_455.csv","DISCARD_RATE","DISCARD","107.2","4.3","0","g1:50Hz","0.1142","1","","","","0","0.0","0","0.0","0","0","0.0","0","0","0","1","1","0","","","","5","0","0","COLLISION GATE t=7.7s","0"
"2026-08-03T08:20:31","400","456","holdblind","0.3","filt_auto_456.csv","DISCARD_RATE","DISCARD","102.9","4.1","0","g1:48Hz","0.0755","1","","","","0","0.0","0","0.0","0","0","0.0","0","0","0","1","1","0","","","","5","0","0","COLLISION GATE t=7.7s","0"
"2026-08-03T08:21:15","401","457","holdblind","0.3","filt_auto_457.csv","DISCARD_RATE","DISCARD","73.9","16.2","0","g2:43Hz","0.0404","2","0.4686","0.5158","-0.1087","0","1.017","15","0.00226","1","0","0.0","0","0","0","2","2","0","","","","5","0","0","COLLISION ENV/ground t=14.8s","0"
"2026-08-03T08:21:58","402","458","holdblind","0.3","filt_auto_458.csv","DISCARD_RATE","DISCARD","84.9","10.6","0","g1:49Hz|g2:48Hz","0.0387","2","0.5643","-0.1992","0.309","0","14.816","48","0.00825","1","21","0.311","0","0","0","2","2","0","","","","5","0","0","COLLISION GATE t=11.5s","0"
"2026-08-03T08:22:42","403","459","holdblind","0.3","filt_auto_459.csv","DISCARD_DIRTY","DISCARD","109.5","6.1","1","g1:48Hz","0.1269","1","","","","0","0.0","0","0.0","0","0","0.0","0","0","0","1","1","0","","","","5","0","0","COLLISION GATE t=7.8s","0"
"2026-08-03T08:23:26","404","460","holdblind","0.3","filt_auto_460.csv","DISCARD_RATE","DISCARD","74.8","12.8","0","g1:49Hz|g2:44Hz","0.1141","2","0.5918","0.2172","0.1478","1","2.651","27","0.00399","1","18","0.228","0","0","0","2","2","0","","","","5","0","0","COLLISION ENV/ground t=14.8s","0"
"2026-08-03T08:24:09","405","461","holdblind","0.3","filt_auto_461.csv","DISCARD_RATE","DISCARD","0.0","100.0","0","","","0","","","","0","0.0","0","0.0","0","0","0.0","0","0","0","0","0","0","","","","5","0","0","COLLISION GATE t=7.7s","0"
"2026-08-03T08:24:53","406","462","holdblind","0.3","filt_auto_462.csv","DISCARD_RATE","DISCARD","102.2","13.0","0","g1:49Hz","0.106","1","","","","0","0.0","0","0.0","0","0","0.0","0","0","0","1","1","0","","","","5","0","0","COLLISION GATE t=7.8s","0"
"2026-08-03T08:25:36","407","463","holdblind","0.3","filt_auto_463.csv","DISCARD_RATE","DISCARD","98.8","7.5","0","g1:48Hz","0.0403","2","0.5295","0.3661","0.0986","1","2.546","38","0.00584","1","7","0.092","0","0","0","2","2","0","","","","5","0","0","COLLISION ENV/ground t=15.1s","0"
"2026-08-03T08:26:20","408","464","holdblind","0.3","filt_auto_464.csv","DISCARD_RATE","DISCARD","84.5","12.0","0","g1:50Hz|g2:48Hz","0.0972","2","0.524","0.0235","0.2813","1","5.437","16","0.00268","1","19","0.303","0","0","0","2","2","0","","","","5","0","0","COLLISION GATE t=11.5s","0"
"2026-08-03T08:27:04","409","465","holdblind","0.3","filt_auto_465.csv","DISCARD_RATE","DISCARD","68.3","17.1","0","g1:47Hz|g2:49Hz","0.1185","2","0.4532","0.4954","-0.0783","0","1.024","15","0.00236","1","0","0.0","0","0","0","2","2","0","","","","5","0","0","COLLISION ENV/ground t=14.8s","0"
"2026-08-03T08:27:47","410","466","holdblind","0.3","filt_auto_466.csv","DISCARD_RATE","DISCARD","106.2","5.1","0","g1:50Hz","0.0936","1","","","","0","0.0","0","0.0","0","0","0.0","0","0","0","1","1","0","","","","5","0","0","COLLISION GATE t=7.7s","0"
"2026-08-03T08:28:31","411","467","holdblind","0.3","filt_auto_467.csv","DISCARD_DIRTY","DISCARD","105.2","10.5","1","g1:46Hz","0.3875","1","","","","0","0.0","0","0.0","0","0","0.0","0","0","0","1","1","0","","","","5","0","0","COLLISION GATE t=4.6s","0"
"2026-08-03T08:29:14","412","468","holdblind","0.3","filt_auto_468.csv","DISCARD_RATE","DISCARD","104.1","11.0","0","g1:47Hz|g2:43Hz","0.0371","2","0.5661","-0.1093","0.2486","0","13.857","17","0.00257","1","19","0.303","0","0","0","2","2","0","","","","5","0","0","COLLISION GATE t=11.5s","0"
"2026-08-03T08:29:58","413","469","holdblind","0.3","filt_auto_469.csv","DISCARD_RATE","DISCARD","0.0","100.0","0","","","0","","","","0","0.0","0","0.0","0","0","0.0","0","0","0","0","0","0","","","","5","0","0","COLLISION GATE t=7.7s","0"
"2026-08-03T08:30:42","414","470","holdblind","0.3","filt_auto_470.csv","DISCARD_RATE","DISCARD","99.7","5.9","0","g1:48Hz|g2:46Hz","0.0892","2","0.1211","-0.3561","0.8332","0","18.163","0","0.0","0","0","0.0","0","0","0","2","2","0","","","","5","0","0","COLLISION ENV/ground t=14.7s","0"
"2026-08-03T08:31:25","415","471","holdblind","0.3","filt_auto_471.csv","DISCARD_RATE","DISCARD","107.1","3.4","0","g1:47Hz|g2:46Hz","0.0811","2","0.1039","0.0742","0.843","0","16.422","0","0.0","0","0","0.0","0","0","0","2","2","0","","","","5","0","0","COLLISION GATE t=7.8s","0"
"2026-08-03T08:32:09","416","472","holdblind","0.3","filt_auto_472.csv","DISCARD_RATE","DISCARD","105.4","3.8","0","g1:47Hz","0.0993","1","","","","0","0.0","0","0.0","0","0","0.0","0","0","0","1","1","0","","","","5","0","0","COLLISION GATE t=7.8s","0"
"2026-08-03T08:32:52","417","473","holdblind","0.3","filt_auto_473.csv","DISCARD_RATE","DISCARD","103.5","5.4","0","g2:45Hz","0.0934","2","0.5816","-0.5495","0.0706","0","18.364","32","0.0047","1","0","0.0","0","0","0","2","2","0","","","","5","0","0","COLLISION ENV/ground t=14.4s","0"
"2026-08-03T08:33:36","418","474","holdblind","0.3","filt_auto_474.csv","DISCARD_RATE","DISCARD","69.1","16.2","0","g1:46Hz","0.094","2","0.574","-0.42","0.184","0","1.868","30","0.00514","1","2","0.031","0","0","0","2","2","0","","","","5","0","0","COLLISION GATE t=7.8s","0"
"2026-08-03T08:34:20","419","475","holdblind","0.3","filt_auto_475.csv","DISCARD_RATE","DISCARD","80.2","21.6","0","g1:45Hz","0.0607","1","","","","0","0.0","0","0.0","0","0","0.0","0","0","0","1","1","0","","","","5","0","0","COLLISION ENV/ground t=14.9s","0"
"2026-08-03T08:35:03","420","476","holdblind","0.3","filt_auto_476.csv","DISCARD_RATE","DISCARD","72.0","15.3","0","g1:46Hz|g2:40Hz","0.0461","2","0.4913","0.5041","-0.1434","0","1.17","14","0.0021","1","0","0.0","0","0","0","2","2","0","","","","5","0","0","COLLISION ENV/ground t=14.8s","0"
"2026-08-03T08:35:47","421","477","holdblind","0.3","filt_auto_477.csv","DISCARD_RATE","DISCARD","101.3","3.4","0","g1:48Hz","0.0236","1","","","","0","0.0","0","0.0","0","0","0.0","0","0","0","1","1","0","","","","5","0","0","COLLISION GATE t=4.6s","0"
"2026-08-03T08:36:31","422","478","holdblind","0.3","filt_auto_478.csv","DISCARD_RATE","DISCARD","77.4","13.2","0","g1:47Hz|g2:42Hz","0.0365","2","0.496","0.0105","0.2155","1","4.252","20","0.00325","1","20","0.308","0","0","0","2","2","0","","","","5","0","0","COLLISION ENV/ground t=15.0s","0"
"2026-08-03T08:37:14","423","479","holdblind","0.3","filt_auto_479.csv","DISCARD_RATE","DISCARD","74.9","7.4","0","g1:46Hz|g2:40Hz","0.0421","2","0.0784","-0.0981","0.5533","0","3.512","7","0.00109","1","0","0.0","0","0","0","2","2","0","","","","5","0","0","COLLISION ENV/ground t=15.6s","0"
"2026-08-03T08:37:58","424","480","holdblind","0.3","filt_auto_480.csv","DISCARD_RATE","DISCARD","105.4","4.1","0","g1:46Hz|g2:50Hz","0.1132","2","","","","0","26.982","0","0.0","0","0","0.0","0","0","0","2","2","0","","","","5","0","0","COLLISION GATE t=7.8s","0"
"2026-08-03T08:38:41","425","481","holdblind","0.3","filt_auto_481.csv","DISCARD_RATE","DISCARD","100.5","3.3","0","g1:49Hz|g2:42Hz","0.0155","2","0.5302","0.3764","-0.0846","0","22.502","7","0.00105","1","0","0.0","0","0","0","2","2","0","","","","5","0","0","COLLISION GATE t=7.7s","0"
"2026-08-03T08:39:25","426","482","holdblind","0.3","filt_auto_482.csv","DISCARD_RATE","DISCARD","108.6","4.3","0","g1:48Hz","0.051","1","","","","0","0.0","0","0.0","0","0","0.0","0","0","0","1","1","0","","","","5","0","0","COLLISION GATE t=7.8s","0"
"2026-08-03T08:40:08","427","483","holdblind","0.3","filt_auto_483.csv","DISCARD_RATE","DISCARD","0.0","100.0","0","","","0","","","","0","0.0","0","0.0","0","0","0.0","0","0","0","0","0","0","","","","5","0","0","COLLISION GATE t=7.7s","0"
"2026-08-03T08:40:52","428","484","holdblind","0.3","filt_auto_484.csv","DISCARD_DIRTY","DISCARD","104.3","6.3","1","g1:47Hz","0.1292","1","","","","0","0.0","0","0.0","0","0","0.0","0","0","0","1","1","0","","","","5","0","0","COLLISION GATE t=7.7s","0"
"2026-08-03T08:41:35","429","485","holdblind","0.3","filt_auto_485.csv","DISCARD_RATE","DISCARD","101.7","8.2","0","g1:47Hz","0.0985","1","","","","0","0.0","0","0.0","0","0","0.0","0","0","0","1","1","0","","","","5","0","0","COLLISION GATE t=7.7s","0"
"2026-08-03T08:42:19","430","486","holdblind","0.3","filt_auto_486.csv","DISCARD_RATE","DISCARD","99.8","8.2","0","g1:50Hz|g2:42Hz","0.1036","2","0.4966","-0.0907","0.3696","1","15.065","15","0.00235","1","18","0.303","0","0","0","2","2","0","","","","5","0","0","COLLISION GATE t=11.5s","0"
"2026-08-03T08:43:03","431","487","holdblind","0.3","filt_auto_487.csv","DISCARD_RATE","DISCARD","93.2","7.4","0","g1:48Hz|g2:33Hz","0.0953","2","0.4012","-0.626","0.0108","0","2.003","12","0.00172","1","0","0.0","0","0","0","2","2","0","","","","5","0","0","COLLISION GATE t=7.8s","0"
"2026-08-03T08:43:46","432","488","holdblind","0.3","filt_auto_488.csv","DISCARD_RATE","DISCARD","102.0","5.7","0","g1:46Hz","0.1012","1","","","","0","0.0","0","0.0","0","0","0.0","0","0","0","1","1","0","","","","5","0","0","COLLISION GATE t=7.8s","0"
"2026-08-03T08:44:30","433","489","holdblind","0.3","filt_auto_489.csv","DISCARD_RATE","DISCARD","106.3","3.0","0","g1:50Hz|g2:39Hz","0.0292","2","0.196","0.1762","0.7727","0","18.011","1","0.00014","1","0","0.0","0","0","0","2","2","0","","","","5","0","0","COLLISION GATE t=7.8s","0"
"2026-08-03T08:45:13","434","490","holdblind","0.3","filt_auto_490.csv","DISCARD_RATE","DISCARD","105.4","5.1","0","g1:49Hz","0.0078","1","","","","0","0.0","0","0.0","0","0","0.0","0","0","0","1","1","0","","","","5","0","0","COLLISION GATE t=7.8s","0"
"2026-08-03T08:45:57","435","491","holdblind","0.3","filt_auto_491.csv","DISCARD_RATE","DISCARD","77.4","8.8","0","g1:47Hz","0.0103","1","","","","0","0.0","0","0.0","0","0","0.0","0","0","0","1","1","0","","","","5","0","0","COLLISION ENV/ground t=15.3s","0"
"2026-08-03T08:46:41","436","492","holdblind","0.3","filt_auto_492.csv","DISCARD_RATE","DISCARD","73.9","23.1","0","g1:50Hz|g2:47Hz","0.0378","2","0.5709","-0.4458","0.0452","0","0.956","30","0.0045","1","4","0.049","0","0","0","2","2","0","","","","5","0","0","COLLISION ENV/ground t=14.4s","0"
"2026-08-03T08:47:24","437","493","holdblind","0.3","filt_auto_493.csv","DISCARD_RATE","DISCARD","70.8","16.5","0","g1:46Hz|g2:43Hz","0.0921","2","0.4303","0.5129","-0.0078","0","1.047","15","0.00226","1","0","0.0","0","0","0","2","2","0","","","","5","0","0","COLLISION ENV/ground t=14.8s","0"
"2026-08-03T08:48:08","438","494","holdblind","0.3","filt_auto_494.csv","DISCARD_RATE","DISCARD","66.9","17.6","0","g1:46Hz|g2:41Hz","0.0469","2","0.4717","0.4858","0.0915","0","0.984","21","0.00324","1","0","0.0","0","0","0","2","2","0","","","","5","0","0","COLLISION ENV/ground t=14.7s","0"
"2026-08-03T08:48:52","439","495","holdblind","0.3","filt_auto_495.csv","DISCARD_RATE","DISCARD","75.9","13.9","0","g1:49Hz|g2:47Hz","0.1067","2","0.4859","0.4696","-0.1443","0","2.111","14","0.00232","1","0","0.0","0","0","0","2","2","0","","","","5","0","0","COLLISION ENV/ground t=14.8s","0"
"2026-08-03T08:49:35","440","496","holdblind","0.3","filt_auto_496.csv","DISCARD_RATE","DISCARD","100.8","3.7","0","g1:44Hz","0.0017","1","","","","0","0.0","0","0.0","0","0","0.0","0","0","0","1","1","0","","","","5","0","0","COLLISION GATE t=4.6s","0"
"2026-08-03T08:50:19","441","497","holdblind","0.3","filt_auto_497.csv","DISCARD_RATE","DISCARD","102.2","8.1","0","g1:45Hz|g2:46Hz","0.0141","2","0.1212","-0.3023","0.8264","0","17.931","0","0.0","0","0","0.0","0","0","0","2","2","0","","","","5","0","0","COLLISION ENV/ground t=14.9s","0"
"2026-08-03T08:51:02","442","498","holdblind","0.3","filt_auto_498.csv","DISCARD_RATE","DISCARD","103.3","1.0","0","g1:49Hz","-0.0095","1","","","","0","0.0","0","0.0","0","0","0.0","0","0","0","1","1","0","","","","5","0","0","COLLISION GATE t=4.6s","0"
"2026-08-03T08:51:46","443","499","holdblind","0.3","filt_auto_499.csv","DISCARD_RATE","DISCARD","73.7","19.6","0","g1:47Hz|g2:45Hz","0.0435","2","0.5571","0.2042","0.3077","1","1.918","41","0.00601","1","22","0.301","0","0","0","2","2","0","","","","5","0","0","COLLISION ENV/ground t=14.7s","0"
"2026-08-03T08:52:29","444","500","holdblind","0.3","filt_auto_500.csv","DISCARD_RATE","DISCARD","103.1","9.0","0","g1:44Hz","0.0355","1","","","","0","0.0","0","0.0","0","0","0.0","0","0","0","1","1","0","","","","5","0","0","COLLISION GATE t=7.8s","0"
"2026-08-03T08:53:13","445","501","holdblind","0.3","filt_auto_501.csv","DISCARD_DIRTY","DISCARD","101.8","12.4","1","g1:47Hz","0.1302","1","","","","0","0.0","0","0.0","0","0","0.0","0","0","0","1","1","0","","","","5","0","0","COLLISION GATE t=7.8s","0"
"2026-08-03T08:53:57","446","502","holdblind","0.3","filt_auto_502.csv","DISCARD_RATE","DISCARD","102.8","17.3","0","g1:46Hz|g2:45Hz","0.1107","2","0.5631","-0.0361","0.2934","1","12.894","67","0.01037","1","18","0.3","0","0","0","2","2","0","","","","5","0","0","COLLISION GATE t=11.5s","0"
"2026-08-03T08:54:40","447","503","holdblind","0.3","filt_auto_503.csv","DISCARD_RATE","DISCARD","85.7","7.3","0","g1:46Hz","0.0091","1","","","","0","0.0","0","0.0","0","0","0.0","0","0","0","1","1","0","","","","5","0","0","COLLISION GATE t=7.8s","0"
"2026-08-03T08:55:24","448","504","holdblind","0.3","filt_auto_504.csv","DISCARD_RATE","DISCARD","96.5","5.9","0","g1:45Hz","0.1093","1","","","","0","0.0","0","0.0","0","0","0.0","0","0","0","1","1","0","","","","5","0","0","COLLISION GATE t=7.8s","0"
"2026-08-03T08:56:07","449","505","holdblind","0.3","filt_auto_505.csv","DISCARD_RATE","DISCARD","101.8","10.7","0","g1:47Hz|g2:46Hz","0.0426","2","0.518","-0.049","0.3348","1","17.462","15","0.00225","1","18","0.293","0","0","0","2","2","0","","","","5","0","0","COLLISION GATE t=11.5s","0"
"2026-08-03T08:56:51","450","506","holdblind","0.3","filt_auto_506.csv","DISCARD_RATE","DISCARD","68.2","22.9","0","g1:48Hz|g2:38Hz","0.0939","2","0.5432","0.3825","-0.0732","0","0.891","17","0.00258","1","0","0.0","0","0","0","2","2","0","","","","5","0","0","COLLISION ENV/ground t=14.8s","0"
"2026-08-03T08:57:35","451","507","holdblind","0.3","filt_auto_507.csv","DISCARD_DIRTY","DISCARD","99.0","7.8","1","g1:44Hz","0.1411","1","","","","0","0.0","0","0.0","0","0","0.0","0","0","0","1","1","0","","","","5","0","0","TIMEOUT","0"
"2026-08-03T08:58:18","452","508","holdblind","0.3","filt_auto_508.csv","DISCARD_RATE","DISCARD","82.7","12.5","0","g1:45Hz|g2:38Hz","0.0931","2","0.5874","-0.0119","0.1583","1","14.605","16","0.003","1","18","0.305","0","0","0","2","2","0","","","","5","0","0","COLLISION GATE t=11.6s","0"
"2026-08-03T08:59:02","453","509","holdblind","0.3","filt_auto_509.csv","DISCARD_RATE","DISCARD","95.5","9.0","0","g1:47Hz|g2:40Hz","0.0927","2","0.5529","-0.0509","0.1514","1","11.156","24","0.00406","1","18","0.297","0","0","0","2","2","0","","","","5","0","0","COLLISION ENV/ground t=14.8s","0"
"2026-08-03T08:59:46","454","510","holdblind","0.3","filt_auto_510.csv","DISCARD_RATE","DISCARD","100.3","5.4","0","g1:46Hz|g2:50Hz","0.0438","2","0.5243","0.5756","0.0676","1","18.169","29","0.00435","1","0","0.0","0","0","0","2","2","0","","","","5","0","0","COLLISION ENV/ground t=14.5s","0"
"2026-08-03T09:00:29","455","511","holdblind","0.3","filt_auto_511.csv","DISCARD_RATE","DISCARD","95.8","3.0","0","g1:46Hz","0.045","1","","","","0","0.0","0","0.0","0","0","0.0","0","0","0","1","1","0","","","","5","0","0","COLLISION GATE t=7.8s","0"
"2026-08-03T09:01:13","456","512","holdblind","0.3","filt_auto_512.csv","DISCARD_RATE","DISCARD","54.3","71.6","0","g1:47Hz|g2:37Hz","0.1033","2","0.5431","-0.627","-0.623","0","0.797","5","0.00072","1","0","0.0","0","0","0","2","2","0","","","","5","0","0","COLLISION GATE t=7.8s","0"
"2026-08-03T09:01:56","457","513","holdblind","0.3","filt_auto_513.csv","DISCARD_RATE","DISCARD","66.9","17.6","0","g1:46Hz|g2:41Hz","0.0477","2","0.4775","0.5014","-0.1704","0","1.028","14","0.00213","1","0","0.0","0","0","0","2","2","0","","","","5","0","0","COLLISION ENV/ground t=14.8s","0"
"2026-08-03T09:02:40","458","514","holdblind","0.3","filt_auto_514.csv","DISCARD_RATE","DISCARD","94.5","8.2","0","g1:45Hz","0.054","1","","","","0","0.0","0","0.0","0","0","0.0","0","0","0","1","1","0","","","","5","0","0","COLLISION GATE t=7.8s","0"
"2026-08-03T09:03:24","459","515","holdblind","0.3","filt_auto_515.csv","DISCARD_RATE","DISCARD","98.2","5.7","0","g1:47Hz","0.029","1","","","","0","0.0","0","0.0","0","0","0.0","0","0","0","1","1","0","","","","5","0","0","COLLISION GATE t=7.8s","0"
"2026-08-03T09:04:07","460","516","holdblind","0.3","filt_auto_516.csv","DISCARD_RATE","DISCARD","103.3","11.6","0","g1:48Hz","0.0272","1","","","","0","0.0","0","0.0","0","0","0.0","0","0","0","1","1","0","","","","5","0","0","COLLISION GATE t=7.8s","0"
"2026-08-03T09:04:51","461","517","holdblind","0.3","filt_auto_517.csv","DISCARD_DIRTY","DISCARD","100.9","13.0","1","g1:44Hz","0.1252","1","","","","0","0.0","0","0.0","0","0","0.0","0","0","0","1","1","0","","","","5","0","0","COLLISION GATE t=7.8s","0"
"2026-08-03T09:05:34","462","518","holdblind","0.3","filt_auto_518.csv","DISCARD_RATE","DISCARD","77.7","13.4","0","g1:47Hz|g2:44Hz","0.0359","2","0.4964","0.2593","0.3615","1","2.458","23","0.00477","1","22","0.292","0","0","0","2","2","0","","","","5","0","0","COLLISION ENV/ground t=14.8s","0"
"2026-08-03T09:06:18","463","519","holdblind","0.3","filt_auto_519.csv","DISCARD_DIRTY","DISCARD","99.6","5.8","1","g1:44Hz|g2:42Hz","0.1215","2","0.0669","-0.0779","0.9064","0","22.829","0","0.0","0","0","0.0","0","0","0","2","2","0","","","","5","0","0","COLLISION GATE t=7.8s","0"
"2026-08-03T09:07:02","464","520","holdblind","0.3","filt_auto_520.csv","DISCARD_RATE","DISCARD","100.0","5.0","0","g1:44Hz","0.1051","1","","","","0","0.0","0","0.0","0","0","0.0","0","0","0","1","1","0","","","","5","0","0","TIMEOUT","0"
"2026-08-03T09:07:45","465","521","holdblind","0.3","filt_auto_521.csv","DISCARD_RATE","DISCARD","75.8","14.7","0","g1:46Hz|g2:42Hz","0.1017","2","0.3716","0.5092","0.1893","0","1.451","14","0.00258","1","0","0.0","0","0","0","2","2","0","","","","5","0","0","COLLISION ENV/ground t=15.0s","0"
"2026-08-03T09:08:29","466","522","holdblind","0.3","filt_auto_522.csv","DISCARD_RATE","DISCARD","99.9","20.1","0","g1:44Hz|g2:41Hz","0.1194","2","0.5284","0.1608","0.3124","1","11.217","39","0.00652","1","38","4.838","0","0","0","2","2","0","","","","5","0","0","COLLISION GATE t=7.9s","0"
"2026-08-03T09:09:12","467","523","holdblind","0.3","filt_auto_523.csv","DISCARD_RATE","DISCARD","96.3","3.1","0","g1:47Hz","0.1045","1","","","","0","0.0","0","0.0","0","0","0.0","0","0","0","1","1","0","","","","5","0","0","COLLISION GATE t=7.8s","0"
"2026-08-03T09:09:56","468","524","holdblind","0.3","filt_auto_524.csv","DISCARD_RATE","DISCARD","98.8","7.9","0","g1:44Hz|g2:47Hz","0.0416","2","0.588","0.0644","0.2558","1","19.644","16","0.00245","1","18","0.305","0","0","0","2","2","0","","","","5","0","0","COLLISION GATE t=11.5s","0"
"2026-08-03T09:10:40","469","525","holdblind","0.3","filt_auto_525.csv","DISCARD_RATE","DISCARD","63.5","16.9","0","g1:47Hz|g2:43Hz","0.0363","2","0.288","0.2512","0.6827","0","0.0","2","0.00046","1","0","0.0","0","0","0","2","2","0","","","","5","0","0","COLLISION GATE t=7.8s","0"
"2026-08-03T09:11:23","470","526","holdblind","0.3","filt_auto_526.csv","DISCARD_DIRTY","DISCARD","101.1","11.7","1","g1:46Hz|g2:42Hz","0.1299","2","0.5372","0.0229","0.3678","0","15.397","27","0.0042","1","0","0.0","0","0","0","2","2","0","","","","5","0","0","COLLISION ENV/ground t=17.2s","0"
"2026-08-03T09:12:07","471","527","holdblind","0.3","filt_auto_527.csv","DISCARD_RATE","DISCARD","100.0","5.4","0","g1:45Hz","0.0512","1","","","","0","0.0","0","0.0","0","0","0.0","0","0","0","1","1","0","","","","5","0","0","COLLISION GATE t=7.8s","0"
"2026-08-03T09:12:50","472","528","holdblind","0.3","filt_auto_528.csv","DISCARD_RATE","DISCARD","101.4","8.2","0","g1:48Hz|g2:43Hz","0.1073","2","0.5121","0.4873","-0.0974","0","18.07","15","0.00226","1","0","0.0","0","0","0","2","2","0","","","","5","0","0","COLLISION ENV/ground t=14.6s","0"
"2026-08-03T09:13:34","473","529","holdblind","0.3","filt_auto_529.csv","DISCARD_RATE","DISCARD","95.3","4.8","0","g1:46Hz|g2:35Hz","0.1116","2","0.0619","0.0885","0.8886","0","15.725","0","0.0","0","0","0.0","0","0","0","2","2","0","","","","5","0","0","COLLISION GATE t=7.8s","0"
"2026-08-03T09:14:18","474","530","holdblind","0.3","filt_auto_530.csv","DISCARD_DIRTY","DISCARD","96.9","8.0","1","g1:45Hz","0.1259","1","","","","0","0.0","0","0.0","0","0","0.0","0","0","0","1","1","0","","","","5","0","0","COLLISION GATE t=7.8s","0"
"2026-08-03T09:15:01","475","531","holdblind","0.3","filt_auto_531.csv","DISCARD_RATE","DISCARD","72.5","15.9","0","g1:47Hz|g2:39Hz","0.1063","2","0.5769","0.1528","0.1962","1","4.518","59","0.01207","1","19","0.306","0","0","0","2","2","0","","","","5","0","0","COLLISION GATE t=11.6s","0"
"2026-08-03T09:15:45","476","532","holdblind","0.3","filt_auto_532.csv","DISCARD_RATE","DISCARD","64.7","32.6","0","g1:47Hz|g2:43Hz","0.1059","2","0.5549","0.4056","-0.2325","0","0.903","16","0.0026","1","0","0.0","0","0","0","2","2","0","","","","5","0","0","COLLISION ENV/ground t=14.8s","0"
"2026-08-03T09:16:28","477","533","holdblind","0.3","filt_auto_533.csv","DISCARD_RATE","DISCARD","100.7","4.8","0","g1:44Hz","0.052","1","","","","0","0.0","0","0.0","0","0","0.0","0","0","0","1","1","0","","","","5","0","0","COLLISION ENV/ground t=14.8s","0"
"2026-08-03T09:17:12","478","534","holdblind","0.3","filt_auto_534.csv","DISCARD_RATE","DISCARD","66.8","16.4","0","g1:46Hz|g2:41Hz","0.096","2","0.5878","0.3018","-0.0231","0","0.879","23","0.00362","1","8","0.228","0","0","0","2","2","0","","","","5","0","0","COLLISION ENV/ground t=14.5s","0"
"2026-08-03T09:17:56","479","535","holdblind","0.3","filt_auto_535.csv","DISCARD_DIRTY","DISCARD","92.5","16.5","1","g1:44Hz|g2:39Hz","0.1242","2","0.5958","0.1451","0.1716","1","9.139","14","0.00246","1","17","0.3","0","0","0","2","2","0","","","","5","0","0","COLLISION GATE t=11.5s","0"
"2026-08-03T09:18:39","480","536","holdblind","0.3","filt_auto_536.csv","DISCARD_RATE","DISCARD","96.0","6.0","0","g1:46Hz","0.0392","1","","","","0","0.0","0","0.0","0","0","0.0","0","0","0","1","1","0","","","","5","0","0","COLLISION GATE t=7.8s","0"
"2026-08-03T09:19:23","481","537","holdblind","0.3","filt_auto_537.csv","DISCARD_RATE","DISCARD","99.7","6.1","0","g1:47Hz","0.0985","1","","","","0","0.0","0","0.0","0","0","0.0","0","0","0","1","1","0","","","","5","0","0","TIMEOUT","0"
"2026-08-03T09:20:06","482","538","holdblind","0.3","filt_auto_538.csv","DISCARD_DIRTY","DISCARD","70.8","11.6","1","g1:47Hz","-0.1842","1","","","","0","0.0","0","0.0","0","0","0.0","0","0","0","1","1","0","","","","5","0","0","COLLISION GATE t=4.6s","0"
"2026-08-03T09:20:50","483","539","holdblind","0.3","filt_auto_539.csv","DISCARD_RATE","DISCARD","78.0","10.8","0","g1:45Hz|g2:42Hz","0.1077","2","0.5678","0.1938","0.1486","1","2.07","26","0.00534","1","21","0.306","0","0","0","2","2","0","","","","5","0","0","COLLISION ENV/ground t=14.8s","0"
"2026-08-03T09:21:34","484","540","holdblind","0.3","filt_auto_540.csv","DISCARD_RATE","DISCARD","97.6","7.9","0","g1:46Hz|g2:45Hz","0.0357","2","0.5444","-0.1246","0.32","0","17.345","16","0.00252","1","17","0.302","0","0","0","2","2","0","","","","5","0","0","COLLISION GATE t=11.5s","0"
"2026-08-03T09:22:18","485","541","holdblind","0.3","filt_auto_541.csv","DISCARD_DIRTY","DISCARD","63.8","26.2","1","g1:47Hz|g2:40Hz","0.1299","2","0.46","0.5311","-0.2422","0","0.882","11","0.00175","1","0","0.0","0","0","0","2","2","0","","","","5","0","0","COLLISION ENV/ground t=14.8s","0"
"2026-08-03T09:23:01","486","542","holdblind","0.3","filt_auto_542.csv","DISCARD_RATE","DISCARD","92.5","3.7","0","g1:46Hz|g2:43Hz","0.0458","2","0.0973","-0.0394","0.838","0","16.133","0","0.0","0","0","0.0","0","0","0","2","2","0","","","","5","0","0","COLLISION GATE t=7.8s","0"
"2026-08-03T09:23:45","487","543","holdblind","0.3","filt_auto_543.csv","DISCARD_RATE","DISCARD","0.0","100.0","0","","","0","","","","0","0.0","0","0.0","0","0","0.0","0","0","0","0","0","0","","","","5","0","0","COLLISION ENV/ground t=0.4s","0"
"2026-08-03T09:24:28","488","544","holdblind","0.3","filt_auto_544.csv","DISCARD_RATE","DISCARD","64.8","25.0","0","g1:47Hz|g2:42Hz","0.0981","2","0.3949","0.5262","-0.0351","0","1.38","35","0.00548","1","0","0.0","0","0","0","2","2","0","","","","5","0","0","COLLISION ENV/ground t=14.8s","0"
"2026-08-03T09:25:12","489","545","holdblind","0.3","filt_auto_545.csv","DISCARD_DIRTY","DISCARD","77.3","15.6","1","g1:46Hz|g2:46Hz","0.1254","2","0.5588","0.1104","0.1393","1","10.013","21","0.00377","1","20","0.305","0","0","0","2","2","0","","","","5","0","0","COLLISION ENV/ground t=21.0s","0"
"2026-08-03T09:25:56","490","546","holdblind","0.3","filt_auto_546.csv","DISCARD_RATE","DISCARD","99.7","10.7","0","g1:44Hz","0.116","1","","","","0","0.0","0","0.0","0","0","0.0","0","0","0","1","1","0","","","","5","0","0","COLLISION GATE t=7.8s","0"
"2026-08-03T09:26:39","491","547","holdblind","0.3","filt_auto_547.csv","DISCARD_RATE","DISCARD","98.2","14.5","0","g1:46Hz|g2:43Hz","0.1036","2","0.534","-0.0174","0.2419","1","13.066","16","0.00254","1","17","0.292","0","0","0","2","2","0","","","","5","0","0","COLLISION GATE t=11.6s","0"
"2026-08-03T09:27:23","492","548","holdblind","0.3","filt_auto_548.csv","DISCARD_RATE","DISCARD","68.2","31.0","0","g1:46Hz|g2:40Hz","0.1077","2","0.579","0.4797","0.0106","0","0.907","18","0.00286","1","0","0.0","0","0","0","2","2","0","","","","5","0","0","COLLISION ENV/ground t=14.5s","0"
"2026-08-03T09:28:06","493","549","holdblind","0.3","filt_auto_549.csv","DISCARD_RATE","DISCARD","98.3","7.3","0","g1:45Hz","0.0439","1","","","","0","0.0","0","0.0","0","0","0.0","0","0","0","1","1","0","","","","5","0","0","COLLISION GATE t=7.8s","0"
"2026-08-03T09:28:50","494","550","holdblind","0.3","filt_auto_550.csv","DISCARD_RATE","DISCARD","70.6","24.0","0","g1:46Hz|g2:40Hz","0.1","2","0.5284","0.4346","-0.0943","0","0.947","14","0.00222","1","0","0.0","0","0","0","2","2","0","","","","5","0","0","COLLISION ENV/ground t=14.9s","0"
"2026-08-03T09:29:34","495","551","holdblind","0.3","filt_auto_551.csv","DISCARD_RATE","DISCARD","103.2","5.8","0","g1:47Hz","0.0128","2","0.3759","-0.5104","0.5386","0","18.579","25","0.00367","1","0","0.0","0","0","0","2","2","0","","","","5","0","0","COLLISION GATE t=7.8s","0"
"2026-08-03T09:30:18","496","552","holdblind","0.3","filt_auto_552.csv","DISCARD_DIRTY","DISCARD","98.7","8.9","1","g1:46Hz","0.1364","1","","","","0","0.0","0","0.0","0","0","0.0","0","0","0","1","1","0","","","","5","0","0","COLLISION GATE t=7.8s","0"
"2026-08-03T09:31:01","497","553","holdblind","0.3","filt_auto_553.csv","DISCARD_RATE","DISCARD","65.3","24.6","0","g1:48Hz|g2:37Hz","0.044","2","0.4344","0.5347","-0.1302","0","1.17","11","0.00176","1","0","0.0","0","0","0","2","2","0","","","","5","0","0","COLLISION ENV/ground t=14.8s","0"
"2026-08-03T09:31:45","498","554","holdblind","0.3","filt_auto_554.csv","DISCARD_RATE","DISCARD","98.1","4.6","0","g1:46Hz","0.102","1","","","","0","0.0","0","0.0","0","0","0.0","0","0","0","1","1","0","","","","5","0","0","COLLISION GATE t=7.8s","0"
"2026-08-03T09:32:28","499","555","holdblind","0.3","filt_auto_555.csv","DISCARD_RATE","DISCARD","73.0","14.6","0","g1:46Hz|g2:40Hz","0.0947","2","0.5315","0.1579","0.1583","1","1.194","24","0.00397","1","21","0.297","0","0","0","2","2","0","","","","5","0","0","COLLISION ENV/ground t=14.9s","0"
"2026-08-03T09:33:12","500","556","holdblind","0.3","filt_auto_556.csv","DISCARD_RATE","DISCARD","99.4","4.2","0","g1:46Hz","0.1148","1","","","","0","0.0","0","0.0","0","0","0.0","0","0","0","1","1","0","","","","5","0","0","COLLISION GATE t=7.8s","0"
"2026-08-03T09:33:56","501","557","holdblind","0.3","filt_auto_557.csv","DISCARD_RATE","DISCARD","99.2","8.2","0","g1:47Hz","0.1195","1","","","","0","0.0","0","0.0","0","0","0.0","0","0","0","1","1","0","","","","5","0","0","COLLISION GATE t=7.8s","0"
"2026-08-03T09:34:39","502","558","holdblind","0.3","filt_auto_558.csv","DISCARD_RATE","DISCARD","101.4","9.5","0","g1:47Hz|g2:44Hz","0.0424","2","0.5884","0.1527","0.1697","1","17.32","19","0.00286","1","21","0.384","0","0","0","2","2","0","","","","5","0","0","COLLISION GATE t=11.5s","0"
"2026-08-03T09:35:23","503","559","holdblind","0.3","filt_auto_559.csv","DISCARD_RATE","DISCARD","0.0","100.0","0","","","0","","","","0","0.0","0","0.0","0","0","0.0","0","0","0","0","0","0","","","","5","0","0","COLLISION GATE t=7.7s","0"
"2026-08-03T09:36:06","504","560","holdblind","0.3","filt_auto_560.csv","DISCARD_RATE","DISCARD","99.4","5.4","0","g1:48Hz","0.009","1","","","","0","0.0","0","0.0","0","0","0.0","0","0","0","1","1","0","","","","5","0","0","COLLISION GATE t=7.7s","0"
"2026-08-03T09:36:50","505","561","holdblind","0.3","filt_auto_561.csv","DISCARD_RATE","DISCARD","76.8","7.2","0","g1:47Hz|g2:43Hz","0.1133","2","0.5807","0.3202","0.2396","0","13.966","25","0.00479","1","18","0.268","0","0","0","2","2","0","","","","5","0","0","COLLISION GATE t=7.8s","0"
"2026-08-03T09:37:34","506","562","holdblind","0.3","filt_auto_562.csv","DISCARD_DIRTY","DISCARD","96.9","9.0","1","g1:44Hz","0.1436","1","","","","0","0.0","0","0.0","0","0","0.0","0","0","0","1","1","0","","","","5","0","0","COLLISION GATE t=7.8s","0"
"2026-08-03T09:38:17","507","563","holdblind","0.3","filt_auto_563.csv","DISCARD_RATE","DISCARD","97.3","3.2","0","g1:47Hz","0.0416","2","0.116","-0.181","0.8065","0","17.825","5","0.00076","1","0","0.0","0","0","0","2","2","0","","","","5","0","0","COLLISION ENV/ground t=15.0s","0"
"2026-08-03T09:39:01","508","564","holdblind","0.3","filt_auto_564.csv","DISCARD_RATE","DISCARD","103.7","6.9","0","g1:47Hz","0.0119","1","","","","0","0.0","0","0.0","0","0","0.0","0","0","0","1","1","0","","","","5","0","0","COLLISION GATE t=7.8s","0"
"2026-08-03T09:39:45","509","565","holdblind","0.3","filt_auto_565.csv","DISCARD_DIRTY","DISCARD","99.5","7.5","1","g1:45Hz","0.1424","1","","","","0","0.0","0","0.0","0","0","0.0","0","0","0","1","1","0","","","","5","0","0","TIMEOUT","0"
"2026-08-03T09:40:28","510","566","holdblind","0.3","filt_auto_566.csv","DISCARD_RATE","DISCARD","82.7","8.7","0","g1:46Hz|g2:38Hz","0.0488","2","0.5272","0.4231","0.0749","1","1.881","29","0.00456","1","5","0.064","0","0","0","2","2","0","","","","5","0","0","COLLISION ENV/ground t=15.2s","0"
"2026-08-03T09:41:12","511","567","holdblind","0.3","filt_auto_567.csv","DISCARD_RATE","DISCARD","100.9","7.7","0","g1:46Hz|g2:40Hz","0.0779","2","0.5252","0.0117","0.3308","1","19.99","15","0.00229","1","17","0.306","0","0","0","2","2","0","","","","5","0","0","COLLISION GATE t=11.6s","0"
"2026-08-03T09:41:55","512","568","holdblind","0.3","filt_auto_568.csv","DISCARD_RATE","DISCARD","98.1","8.1","0","g1:46Hz","0.0999","1","","","","0","0.0","0","0.0","0","0","0.0","0","0","0","1","1","0","","","","5","0","0","COLLISION ENV/ground t=15.2s","0"
"2026-08-03T09:42:39","513","569","holdblind","0.3","filt_auto_569.csv","DISCARD_RATE","DISCARD","51.0","51.3","0","g1:46Hz|g2:42Hz","0.1141","2","0.5321","0.0739","0.2103","1","0.955","15","0.00231","1","17","0.297","0","0","0","2","2","0","","","","5","0","0","COLLISION GATE t=11.6s","0"
"2026-08-03T09:43:23","514","570","holdblind","0.3","filt_auto_570.csv","DISCARD_RATE","DISCARD","96.8","15.8","0","g1:43Hz|g2:44Hz","0.1158","2","0.5733","-0.0118","0.1993","1","13.882","54","0.00875","1","16","0.291","0","0","0","2","2","0","","","","5","0","0","COLLISION GATE t=11.6s","0"
"2026-08-03T09:44:06","515","571","holdblind","0.3","filt_auto_571.csv","DISCARD_RATE","DISCARD","99.4","10.8","0","g1:46Hz|g2:41Hz","0.1105","2","0.5544","0.5243","0.0688","1","17.518","38","0.00582","1","0","0.0","0","0","0","2","2","0","","","","5","0","0","COLLISION ENV/ground t=14.6s","0"
"2026-08-03T09:44:50","516","572","holdblind","0.3","filt_auto_572.csv","DISCARD_RATE","DISCARD","0.0","100.0","0","","","0","","","","0","0.0","0","0.0","0","0","0.0","0","0","0","0","0","0","","","","5","0","0","COLLISION GATE t=7.7s","0"
"2026-08-03T09:45:33","517","573","holdblind","0.3","filt_auto_573.csv","DISCARD_RATE","DISCARD","96.5","14.1","0","g1:46Hz|g2:42Hz","0.0987","2","0.5464","0.0053","0.3255","1","14.013","35","0.00575","1","18","0.299","0","0","0","2","2","0","","","","5","0","0","COLLISION GATE t=11.5s","0"
"2026-08-03T09:46:17","518","574","holdblind","0.3","filt_auto_574.csv","DISCARD_RATE","DISCARD","83.7","6.9","0","g1:45Hz","0.0319","1","","","","0","0.0","0","0.0","0","0","0.0","0","0","0","1","1","0","","","","5","0","0","COLLISION GATE t=7.7s","0"
"2026-08-03T09:47:00","519","575","holdblind","0.3","filt_auto_575.csv","DISCARD_DIRTY","DISCARD","101.6","6.9","1","g1:46Hz","0.1428","1","","","","0","0.0","0","0.0","0","0","0.0","0","0","0","1","1","0","","","","5","0","0","COLLISION GATE t=7.8s","0"
"2026-08-03T09:47:44","520","576","holdblind","0.3","filt_auto_576.csv","DISCARD_RATE","DISCARD","75.7","13.4","0","g1:48Hz|g2:42Hz","0.0417","2","0.506","0.2741","0.2837","1","2.317","27","0.0048","1","12","0.154","0","0","0","2","2","0","","","","5","0","0","COLLISION ENV/ground t=14.8s","0"
"2026-08-03T09:48:28","521","577","holdblind","0.3","filt_auto_577.csv","DISCARD_RATE","DISCARD","98.5","8.3","0","g1:47Hz|g2:46Hz","0.0982","2","0.1201","-0.3143","0.8102","0","18.04","0","0.0","0","0","0.0","0","0","0","2","2","0","","","","5","0","0","COLLISION ENV/ground t=14.8s","0"
"2026-08-03T09:49:11","522","578","holdblind","0.3","filt_auto_578.csv","DISCARD_DIRTY","DISCARD","95.1","5.3","1","g1:44Hz","0.1351","1","","","","0","0.0","0","0.0","0","0","0.0","0","0","0","1","1","0","","","","5","0","0","COLLISION GATE t=7.8s","0"
"2026-08-03T09:49:55","523","579","holdblind","0.3","filt_auto_579.csv","DISCARD_RATE","DISCARD","98.2","3.4","0","g1:46Hz|g2:33Hz","0.1115","2","0.5268","0.106","-0.3336","0","24.162","7","0.0011","1","26","0.302","0","0","0","2","2","0","","","","5","0","0","COLLISION GATE t=7.8s","0"
"2026-08-03T09:50:38","524","580","holdblind","0.3","filt_auto_580.csv","DISCARD_RATE","DISCARD","63.9","16.8","0","g1:46Hz|g2:44Hz","0.0969","2","0.51","0.5469","0.0434","0","0.927","19","0.00284","1","0","0.0","0","0","0","2","2","0","","","","5","0","0","COLLISION ENV/ground t=14.4s","0"
"2026-08-03T09:51:22","525","581","holdblind","0.3","filt_auto_581.csv","DISCARD_RATE","DISCARD","89.9","8.5","0","g1:45Hz|g2:41Hz","0.114","2","0.5808","-0.3728","0.2735","0","18.239","27","0.00453","1","6","0.093","0","0","0","2","2","0","","","","5","0","0","COLLISION GATE t=7.8s","0"
"2026-08-03T09:52:06","526","582","holdblind","0.3","filt_auto_582.csv","DISCARD_RATE","DISCARD","97.9","3.4","0","g1:46Hz|g2:34Hz","0.011","2","0.0524","-0.1526","0.7999","0","24.401","12","0.00183","1","29","0.576","0","0","0","2","2","0","","","","5","0","0","COLLISION GATE t=7.8s","0"
"2026-08-03T09:52:49","527","583","holdblind","0.3","filt_auto_583.csv","DISCARD_RATE","DISCARD","94.7","7.8","0","g1:48Hz|g2:43Hz","0.032","2","0.5838","-0.1809","0.2393","0","16.992","17","0.00277","1","18","0.296","0","0","0","2","2","0","","","","5","0","0","COLLISION GATE t=11.5s","0"
"2026-08-03T09:53:33","528","584","holdblind","0.3","filt_auto_584.csv","DISCARD_RATE","DISCARD","94.6","5.8","0","g1:46Hz","0.1155","1","","","","0","0.0","0","0.0","0","0","0.0","0","0","0","1","1","0","","","","5","0","0","COLLISION GATE t=7.8s","0"
"2026-08-03T09:54:16","529","585","holdblind","0.3","filt_auto_585.csv","DISCARD_RATE","DISCARD","97.3","3.1","0","g1:45Hz|g2:37Hz","0.0954","2","0.5115","-0.364","0.3703","0","21.966","4","0.00062","1","0","0.0","0","0","0","2","2","0","","","","5","0","0","COLLISION GATE t=7.7s","0"
"2026-08-03T09:55:00","530","586","holdblind","0.3","filt_auto_586.csv","DISCARD_RATE","DISCARD","0.0","100.0","0","","","0","","","","0","0.0","0","0.0","0","0","0.0","0","0","0","0","0","0","","","","5","0","0","COLLISION GATE t=7.7s","0"
"2026-08-03T09:55:44","531","587","holdblind","0.3","filt_auto_587.csv","DISCARD_RATE","DISCARD","97.2","3.1","0","g1:46Hz","0.0438","1","","","","0","0.0","0","0.0","0","0","0.0","0","0","0","1","1","0","","","","5","0","0","COLLISION GATE t=7.8s","0"
"2026-08-03T09:56:28","532","588","holdblind","0.3","filt_auto_588.csv","DISCARD_RATE","DISCARD","65.1","24.6","0","g1:43Hz|g2:39Hz","0.051","2","0.5786","0.3691","0.0597","0","1.023","19","0.00309","1","0","0.0","0","0","0","2","2","0","","","","5","0","0","COLLISION ENV/ground t=14.6s","0"
"2026-08-03T09:57:11","533","589","holdblind","0.3","filt_auto_589.csv","DISCARD_RATE","DISCARD","64.5","17.5","0","g1:45Hz|g2:38Hz","0.0946","2","0.4679","0.4942","-0.046","0","1.055","14","0.00241","1","0","0.0","0","0","0","2","2","0","","","","5","0","0","COLLISION ENV/ground t=14.8s","0"
"2026-08-03T09:57:55","534","590","holdblind","0.3","filt_auto_590.csv","DISCARD_DIRTY","DISCARD","98.9","1.0","1","g1:43Hz","0.391","1","","","","0","0.0","0","0.0","0","0","0.0","0","0","0","1","1","0","","","","5","0","0","COLLISION GATE t=4.6s","0"
"2026-08-03T09:58:38","535","591","holdblind","0.3","filt_auto_591.csv","DISCARD_RATE","DISCARD","98.9","5.0","0","g1:45Hz","0.1102","1","","","","0","0.0","0","0.0","0","0","0.0","0","0","0","1","1","0","","","","5","0","0","COLLISION ENV/ground t=14.9s","0"
"2026-08-03T09:59:22","536","592","holdblind","0.3","filt_auto_592.csv","DISCARD_RATE","DISCARD","89.9","8.5","0","g1:48Hz|g2:34Hz","0.0447","2","0.5209","0.5797","0.0454","1","8.457","27","0.00461","1","0","0.0","0","0","0","2","2","0","","","","5","0","0","COLLISION ENV/ground t=14.6s","0"
"2026-08-03T10:00:06","537","593","holdblind","0.3","filt_auto_593.csv","DISCARD_RATE","DISCARD","99.0","1.0","0","g1:47Hz","-0.0677","1","","","","0","0.0","0","0.0","0","0","0.0","0","0","0","1","1","0","","","","5","0","0","COLLISION GATE t=4.6s","0"
"2026-08-03T10:03:12","538","594","holdblind","0.3","filt_auto_594.csv","BROKEN","","","","","","","","","","","","","","","","","","","","","","","","","","","","","","","0"
"2026-08-03T10:06:18","539","595","holdblind","0.3","filt_auto_595.csv","BROKEN","","","","","","","","","","","","","","","","","","","","","","","","","","","","","","","0"
"2026-08-03T10:09:24","540","596","holdblind","0.3","filt_auto_596.csv","BROKEN","","","","","","","","","","","","","","","","","","","","","","","","","","","","","","","0"
"2026-08-03T10:12:30","541","597","holdblind","0.3","filt_auto_597.csv","BROKEN","","","","","","","","","","","","","","","","","","","","","","","","","","","","","","","0"
"2026-08-03T10:15:38","542","598","holdblind","0.3","filt_auto_598.csv","BROKEN","","","","","","","","","","","","","","","","","","","","","","","","","","","","","","","0"
"2026-08-03T10:18:44","543","599","holdblind","0.3","filt_auto_599.csv","BROKEN","","","","","","","","","","","","","","","","","","","","","","","","","","","","","","","0"
"2026-08-03T10:21:51","544","600","holdblind","0.3","filt_auto_600.csv","BROKEN","","","","","","","","","","","","","","","","","","","","","","","","","","","","","","","0"
"2026-08-03T10:24:57","545","601","holdblind","0.3","filt_auto_601.csv","BROKEN","","","","","","","","","","","","","","","","","","","","","","","","","","","","","","","0"
"2026-08-03T10:28:03","546","602","holdblind","0.3","filt_auto_602.csv","BROKEN","","","","","","","","","","","","","","","","","","","","","","","","","","","","","","","0"
"2026-08-03T10:31:09","547","603","holdblind","0.3","filt_auto_603.csv","BROKEN","","","","","","","","","","","","","","","","","","","","","","","","","","","","","","","0"
"2026-08-03T10:34:15","548","604","holdblind","0.3","filt_auto_604.csv","BROKEN","","","","","","","","","","","","","","","","","","","","","","","","","","","","","","","0"
"2026-08-03T10:37:22","549","605","holdblind","0.3","filt_auto_605.csv","BROKEN","","","","","","","","","","","","","","","","","","","","","","","","","","","","","","","0"
"2026-08-03T10:40:28","550","606","holdblind","0.3","filt_auto_606.csv","BROKEN","","","","","","","","","","","","","","","","","","","","","","","","","","","","","","","0"
"2026-08-03T10:43:34","551","607","holdblind","0.3","filt_auto_607.csv","BROKEN","","","","","","","","","","","","","","","","","","","","","","","","","","","","","","","0"
"2026-08-03T10:46:41","552","608","holdblind","0.3","filt_auto_608.csv","BROKEN","","","","","","","","","","","","","","","","","","","","","","","","","","","","","","","0"
"2026-08-03T10:49:48","553","609","holdblind","0.3","filt_auto_609.csv","BROKEN","","","","","","","","","","","","","","","","","","","","","","","","","","","","","","","0"
"2026-08-03T10:52:54","554","610","holdblind","0.3","filt_auto_610.csv","BROKEN","","","","","","","","","","","","","","","","","","","","","","","","","","","","","","","0"
"2026-08-03T10:56:00","555","611","holdblind","0.3","filt_auto_611.csv","BROKEN","","","","","","","","","","","","","","","","","","","","","","","","","","","","","","","0"
"2026-08-03T10:59:06","556","612","holdblind","0.3","filt_auto_612.csv","BROKEN","","","","","","","","","","","","","","","","","","","","","","","","","","","","","","","0"
"2026-08-03T11:02:13","557","613","holdblind","0.3","filt_auto_613.csv","BROKEN","","","","","","","","","","","","","","","","","","","","","","","","","","","","","","","0"
"2026-08-03T11:05:19","558","614","holdblind","0.3","filt_auto_614.csv","BROKEN","","","","","","","","","","","","","","","","","","","","","","","","","","","","","","","0"
"2026-08-03T11:08:26","559","615","holdblind","0.3","filt_auto_615.csv","BROKEN","","","","","","","","","","","","","","","","","","","","","","","","","","","","","","","0"
"2026-08-03T11:11:32","560","616","holdblind","0.3","filt_auto_616.csv","BROKEN","","","","","","","","","","","","","","","","","","","","","","","","","","","","","","","0"
"2026-08-03T11:14:38","561","617","holdblind","0.3","filt_auto_617.csv","BROKEN","","","","","","","","","","","","","","","","","","","","","","","","","","","","","","","0"
"2026-08-03T11:17:44","562","618","holdblind","0.3","filt_auto_618.csv","BROKEN","","","","","","","","","","","","","","","","","","","","","","","","","","","","","","","0"
"2026-08-03T11:20:51","563","619","holdblind","0.3","filt_auto_619.csv","BROKEN","","","","","","","","","","","","","","","","","","","","","","","","","","","","","","","0"
"2026-08-03T11:23:58","564","620","holdblind","0.3","filt_auto_620.csv","BROKEN","","","","","","","","","","","","","","","","","","","","","","","","","","","","","","","0"
"2026-08-03T11:27:04","565","621","holdblind","0.3","filt_auto_621.csv","BROKEN","","","","","","","","","","","","","","","","","","","","","","","","","","","","","","","0"
"2026-08-03T11:30:10","566","622","holdblind","0.3","filt_auto_622.csv","BROKEN","","","","","","","","","","","","","","","","","","","","","","","","","","","","","","","0"
"2026-08-03T11:33:16","567","623","holdblind","0.3","filt_auto_623.csv","BROKEN","","","","","","","","","","","","","","","","","","","","","","","","","","","","","","","0"
"2026-08-03T11:36:23","568","624","holdblind","0.3","filt_auto_624.csv","BROKEN","","","","","","","","","","","","","","","","","","","","","","","","","","","","","","","0"
"2026-08-03T11:39:29","569","625","holdblind","0.3","filt_auto_625.csv","BROKEN","","","","","","","","","","","","","","","","","","","","","","","","","","","","","","","0"
"2026-08-03T11:42:34","570","626","holdblind","0.3","filt_auto_626.csv","BROKEN","","","","","","","","","","","","","","","","","","","","","","","","","","","","","","","0"
"2026-08-03T11:45:40","571","627","holdblind","0.3","filt_auto_627.csv","BROKEN","","","","","","","","","","","","","","","","","","","","","","","","","","","","","","","0"
"2026-08-03T11:48:47","572","628","holdblind","0.3","filt_auto_628.csv","BROKEN","","","","","","","","","","","","","","","","","","","","","","","","","","","","","","","0"
"2026-08-03T11:51:54","573","629","holdblind","0.3","filt_auto_629.csv","BROKEN","","","","","","","","","","","","","","","","","","","","","","","","","","","","","","","0"
"2026-08-03T11:55:00","574","630","holdblind","0.3","filt_auto_630.csv","BROKEN","","","","","","","","","","","","","","","","","","","","","","","","","","","","","","","0"
"2026-08-03T11:58:06","575","631","holdblind","0.3","filt_auto_631.csv","BROKEN","","","","","","","","","","","","","","","","","","","","","","","","","","","","","","","0"
"2026-08-03T12:01:12","576","632","holdblind","0.3","filt_auto_632.csv","BROKEN","","","","","","","","","","","","","","","","","","","","","","","","","","","","","","","0"
"2026-08-03T12:04:18","577","633","holdblind","0.3","filt_auto_633.csv","BROKEN","","","","","","","","","","","","","","","","","","","","","","","","","","","","","","","0"
"2026-08-03T12:07:24","578","634","holdblind","0.3","filt_auto_634.csv","BROKEN","","","","","","","","","","","","","","","","","","","","","","","","","","","","","","","0"
"2026-08-03T12:10:30","579","635","holdblind","0.3","filt_auto_635.csv","BROKEN","","","","","","","","","","","","","","","","","","","","","","","","","","","","","","","0"
"2026-08-03T12:25:16","580","636","holdblind","0.3","filt_auto_636.csv","BROKEN","","","","","","","","","","","","","","","","","","","","","","","","","","","","","","","0"
"2026-08-03T12:28:27","581","637","holdblind","0.3","filt_auto_637.csv","BROKEN","","","","","","","","","","","","","","","","","","","","","","","","","","","","","","","0"
