Starting fresh training
Using cpu device
Wrapping the env in a VecTransposeImage.
Vision-based training: 200,000,000 timesteps  (seed=1)
Image: 48x48, frame stack: 3
State: 10D (gravity_unit(3) + body_rates(3) + prev_action(4))
Feature extractor: CoarseCNN(64D) + FineCNN(128D) + StateMLP(64D) = 256D
Curriculum: medium(0-30%) -> ramp(30-80%) -> full(80-100%)
Motion blur: OFF (VQ1 default — full render throughput all run)
Envs: 4 (SubprocVecEnv)   save_dir: surface_seed1
Eval: every 5,000 steps, 3 episodes -> eval/gates_passed + eval/success_rate
Logging to surface_seed1\tb_logs\PPO_2

[Curriculum] Step 4 (0.0%) -> difficulty=0.50
---------------------------------
| rollout/           |          |
|    ep_len_mean     | 7.51     |
|    ep_rew_mean     | -469     |
| time/              |          |
|    fps             | 20       |
|    iterations      | 1        |
|    time_elapsed    | 195      |
|    total_timesteps | 4096     |
---------------------------------
------------------------------------------
| eval/                   |              |
|    gates_passed         | 0            |
|    gates_passed_max     | 0            |
|    success_rate         | 0            |
|    total_gates          | 6            |
| train/                  |              |
|    approx_kl            | 0.0072584637 |
|    clip_fraction        | 0.0547       |
|    clip_range           | 0.2          |
|    entropy_loss         | -5.68        |
|    explained_variance   | -0.0014      |
|    learning_rate        | 0.0003       |
|    loss                 | 7.2e+04      |
|    n_updates            | 10           |
|    policy_gradient_loss | -0.00661     |
|    std                  | 1            |
|    value_loss           | 1.48e+05     |
------------------------------------------
[EVAL @ 5,000 steps] gates_passed mean=0.00 max=0/6  success_rate=0%  (n=3)
[EVAL] new best mean gates_passed=0.00 -> surface_seed1\best_model\best_model.zip
---------------------------------
| rollout/           |          |
|    ep_len_mean     | 7.48     |
|    ep_rew_mean     | -457     |
| time/              |          |
|    fps             | 19       |
|    iterations      | 2        |
|    time_elapsed    | 410      |
|    total_timesteps | 8192     |
---------------------------------
------------------------------------------
| eval/                   |              |
|    gates_passed         | 0            |
|    gates_passed_max     | 0            |
|    success_rate         | 0            |
|    total_gates          | 6            |
| train/                  |              |
|    approx_kl            | 0.0056819804 |
|    clip_fraction        | 0.0483       |
|    clip_range           | 0.2          |
|    entropy_loss         | -5.67        |
|    explained_variance   | -3.9e-05     |
|    learning_rate        | 0.0003       |
|    loss                 | 7.09e+04     |
|    n_updates            | 20           |
|    policy_gradient_loss | -0.00623     |
|    std                  | 0.999        |
|    value_loss           | 1.39e+05     |
------------------------------------------
[EVAL @ 10,000 steps] gates_passed mean=0.00 max=0/6  success_rate=0%  (n=3)
---------------------------------
| rollout/           |          |
|    ep_len_mean     | 7.58     |
|    ep_rew_mean     | -450     |
| time/              |          |
|    fps             | 19       |
|    iterations      | 3        |
|    time_elapsed    | 631      |
|    total_timesteps | 12288    |
---------------------------------
-----------------------------------------
| eval/                   |             |
|    gates_passed         | 0           |
|    gates_passed_max     | 0           |
|    success_rate         | 0           |
|    total_gates          | 6           |
| train/                  |             |
|    approx_kl            | 0.004246236 |
|    clip_fraction        | 0.0314      |
|    clip_range           | 0.2         |
|    entropy_loss         | -5.67       |
|    explained_variance   | -1.18e-05   |
|    learning_rate        | 0.0003      |
|    loss                 | 6.72e+04    |
|    n_updates            | 30          |
|    policy_gradient_loss | -0.00467    |
|    std                  | 0.997       |
|    value_loss           | 1.36e+05    |
-----------------------------------------
[EVAL @ 15,000 steps] gates_passed mean=0.00 max=0/6  success_rate=0%  (n=3)
---------------------------------
| rollout/           |          |
|    ep_len_mean     | 7.34     |
|    ep_rew_mean     | -441     |
| time/              |          |
|    fps             | 19       |
|    iterations      | 4        |
|    time_elapsed    | 857      |
|    total_timesteps | 16384    |
---------------------------------
-----------------------------------------
| eval/                   |             |
|    gates_passed         | 0           |
|    gates_passed_max     | 0           |
|    success_rate         | 0           |
|    total_gates          | 6           |
| train/                  |             |
|    approx_kl            | 0.006117141 |
|    clip_fraction        | 0.0487      |
|    clip_range           | 0.2         |
|    entropy_loss         | -5.66       |
|    explained_variance   | -4.53e-06   |
|    learning_rate        | 0.0003      |
|    loss                 | 6.43e+04    |
|    n_updates            | 40          |
|    policy_gradient_loss | -0.00593    |
|    std                  | 0.996       |
|    value_loss           | 1.3e+05     |
-----------------------------------------
[EVAL @ 20,000 steps] gates_passed mean=0.00 max=0/6  success_rate=0%  (n=3)
---------------------------------
| rollout/           |          |
|    ep_len_mean     | 7.42     |
|    ep_rew_mean     | -460     |
| time/              |          |
|    fps             | 18       |
|    iterations      | 5        |
|    time_elapsed    | 1094     |
|    total_timesteps | 20480    |
---------------------------------
------------------------------------------
| rollout/                |              |
|    ep_len_mean          | 7.21         |
|    ep_rew_mean          | -454         |
| time/                   |              |
|    fps                  | 18           |
|    iterations           | 6            |
|    time_elapsed         | 1323         |
|    total_timesteps      | 24576        |
| train/                  |              |
|    approx_kl            | 0.0047744056 |
|    clip_fraction        | 0.0381       |
|    clip_range           | 0.2          |
|    entropy_loss         | -5.66        |
|    explained_variance   | -1.31e-06    |
|    learning_rate        | 0.0003       |
|    loss                 | 6.15e+04     |
|    n_updates            | 50           |
|    policy_gradient_loss | -0.00559     |
|    std                  | 0.995        |
|    value_loss           | 1.26e+05     |
------------------------------------------
-----------------------------------------
| eval/                   |             |
|    gates_passed         | 0           |
|    gates_passed_max     | 0           |
|    success_rate         | 0           |
|    total_gates          | 6           |
| train/                  |             |
|    approx_kl            | 0.003409947 |
|    clip_fraction        | 0.0149      |
|    clip_range           | 0.2         |
|    entropy_loss         | -5.65       |
|    explained_variance   | -5.96e-07   |
|    learning_rate        | 0.0003      |
|    loss                 | 6.22e+04    |
|    n_updates            | 60          |
|    policy_gradient_loss | -0.00344    |
|    std                  | 0.991       |
|    value_loss           | 1.25e+05    |
-----------------------------------------
[EVAL @ 25,000 steps] gates_passed mean=0.00 max=0/6  success_rate=0%  (n=3)
---------------------------------
| rollout/           |          |
|    ep_len_mean     | 7.02     |
|    ep_rew_mean     | -432     |
| time/              |          |
|    fps             | 18       |
|    iterations      | 7        |
|    time_elapsed    | 1545     |
|    total_timesteps | 28672    |
---------------------------------
-----------------------------------------
| eval/                   |             |
|    gates_passed         | 0           |
|    gates_passed_max     | 0           |
|    success_rate         | 0           |
|    total_gates          | 6           |
| train/                  |             |
|    approx_kl            | 0.005089877 |
|    clip_fraction        | 0.0349      |
|    clip_range           | 0.2         |
|    entropy_loss         | -5.63       |
|    explained_variance   | -2.38e-07   |
|    learning_rate        | 0.0003      |
|    loss                 | 6.11e+04    |
|    n_updates            | 70          |
|    policy_gradient_loss | -0.00462    |
|    std                  | 0.988       |
|    value_loss           | 1.21e+05    |
-----------------------------------------
[EVAL @ 30,000 steps] gates_passed mean=0.00 max=0/6  success_rate=0%  (n=3)
---------------------------------
| rollout/           |          |
|    ep_len_mean     | 7.03     |
|    ep_rew_mean     | -415     |
| time/              |          |
|    fps             | 18       |
|    iterations      | 8        |
|    time_elapsed    | 1775     |
|    total_timesteps | 32768    |
---------------------------------
------------------------------------------
| eval/                   |              |
|    gates_passed         | 0            |
|    gates_passed_max     | 0            |
|    success_rate         | 0            |
|    total_gates          | 6            |
| train/                  |              |
|    approx_kl            | 0.0035709313 |
|    clip_fraction        | 0.00706      |
|    clip_range           | 0.2          |
|    entropy_loss         | -5.62        |
|    explained_variance   | -2.38e-07    |
|    learning_rate        | 0.0003       |
|    loss                 | 5.55e+04     |
|    n_updates            | 80           |
|    policy_gradient_loss | -0.00229     |
|    std                  | 0.986        |
|    value_loss           | 1.17e+05     |
------------------------------------------
[EVAL @ 35,000 steps] gates_passed mean=0.00 max=0/6  success_rate=0%  (n=3)
---------------------------------
| rollout/           |          |
|    ep_len_mean     | 7.08     |
|    ep_rew_mean     | -439     |
| time/              |          |
|    fps             | 18       |
|    iterations      | 9        |
|    time_elapsed    | 1996     |
|    total_timesteps | 36864    |
---------------------------------
-----------------------------------------
| eval/                   |             |
|    gates_passed         | 0           |
|    gates_passed_max     | 0           |
|    success_rate         | 0           |
|    total_gates          | 6           |
| train/                  |             |
|    approx_kl            | 0.003535688 |
|    clip_fraction        | 0.0152      |
|    clip_range           | 0.2         |
|    entropy_loss         | -5.62       |
|    explained_variance   | -1.19e-07   |
|    learning_rate        | 0.0003      |
|    loss                 | 5.66e+04    |
|    n_updates            | 90          |
|    policy_gradient_loss | -0.00361    |
|    std                  | 0.985       |
|    value_loss           | 1.18e+05    |
-----------------------------------------
[EVAL @ 40,000 steps] gates_passed mean=0.00 max=0/6  success_rate=0%  (n=3)
---------------------------------
| rollout/           |          |
|    ep_len_mean     | 7.09     |
|    ep_rew_mean     | -425     |
| time/              |          |
|    fps             | 18       |
|    iterations      | 10       |
|    time_elapsed    | 2223     |
|    total_timesteps | 40960    |
---------------------------------
------------------------------------------
| eval/                   |              |
|    gates_passed         | 0            |
|    gates_passed_max     | 0            |
|    success_rate         | 0            |
|    total_gates          | 6            |
| train/                  |              |
|    approx_kl            | 0.0030122146 |
|    clip_fraction        | 0.00471      |
|    clip_range           | 0.2          |
|    entropy_loss         | -5.61        |
|    explained_variance   | -1.19e-07    |
|    learning_rate        | 0.0003       |
|    loss                 | 5.68e+04     |
|    n_updates            | 100          |
|    policy_gradient_loss | -0.00237     |
|    std                  | 0.983        |
|    value_loss           | 1.15e+05     |
------------------------------------------
[EVAL @ 45,000 steps] gates_passed mean=0.00 max=0/6  success_rate=0%  (n=3)
---------------------------------
| rollout/           |          |
|    ep_len_mean     | 7.05     |
|    ep_rew_mean     | -416     |
| time/              |          |
|    fps             | 18       |
|    iterations      | 11       |
|    time_elapsed    | 2447     |
|    total_timesteps | 45056    |
---------------------------------
Resuming from checkpoint: surface_seed1\checkpoints\aigp_vision_40000_steps.zip (40,000 steps done)
Remaining: 199,960,000 timesteps
Wrapping the env in a VecTransposeImage.
Wrapping the env in a VecTransposeImage.
Vision-based training: 200,000,000 timesteps  (seed=1)
Image: 48x48, frame stack: 3
State: 10D (gravity_unit(3) + body_rates(3) + prev_action(4))
Feature extractor: CoarseCNN(64D) + FineCNN(128D) + StateMLP(64D) = 256D
Curriculum: medium(0-30%) -> ramp(30-80%) -> full(80-100%)
Motion blur: OFF (VQ1 default — full render throughput all run)
Envs: 4 (SubprocVecEnv)   save_dir: surface_seed1
Eval: every 5,000 steps, 3 episodes -> eval/gates_passed + eval/success_rate
Logging to surface_seed1\tb_logs\PPO_2

[Curriculum] Step 40,004 (0.0%) -> difficulty=0.50
----------------------------------
| eval/               |          |
|    gates_passed     | 0        |
|    gates_passed_max | 0        |
|    success_rate     | 0        |
|    total_gates      | 6        |
----------------------------------
[EVAL @ 40,004 steps] gates_passed mean=0.00 max=0/6  success_rate=0%  (n=3)
[EVAL] new best mean gates_passed=0.00 -> surface_seed1\best_model\best_model.zip
---------------------------------
| rollout/           |          |
|    ep_len_mean     | 6.96     |
|    ep_rew_mean     | -434     |
| time/              |          |
|    fps             | 20       |
|    iterations      | 1        |
|    time_elapsed    | 198      |
|    total_timesteps | 44096    |
---------------------------------
-----------------------------------------
| eval/                   |             |
|    gates_passed         | 0           |
|    gates_passed_max     | 0           |
|    success_rate         | 0           |
|    total_gates          | 6           |
| train/                  |             |
|    approx_kl            | 0.004526394 |
|    clip_fraction        | 0.0241      |
|    clip_range           | 0.2         |
|    entropy_loss         | -5.61       |
|    explained_variance   | 0           |
|    learning_rate        | 0.0003      |
|    loss                 | 5.72e+04    |
|    n_updates            | 100         |
|    policy_gradient_loss | -0.00475    |
|    std                  | 0.983       |
|    value_loss           | 1.14e+05    |
-----------------------------------------
[EVAL @ 45,004 steps] gates_passed mean=0.00 max=0/6  success_rate=0%  (n=3)
---------------------------------
| rollout/           |          |
|    ep_len_mean     | 6.94     |
|    ep_rew_mean     | -424     |
| time/              |          |
|    fps             | 20       |
|    iterations      | 2        |
|    time_elapsed    | 406      |
|    total_timesteps | 48192    |
---------------------------------
------------------------------------------
| eval/                   |              |
|    gates_passed         | 0            |
|    gates_passed_max     | 0            |
|    success_rate         | 0            |
|    total_gates          | 6            |
| train/                  |              |
|    approx_kl            | 0.0048525413 |
|    clip_fraction        | 0.0263       |
|    clip_range           | 0.2          |
|    entropy_loss         | -5.6         |
|    explained_variance   | 1.19e-07     |
|    learning_rate        | 0.0003       |
|    loss                 | 6.05e+04     |
|    n_updates            | 110          |
|    policy_gradient_loss | -0.00397     |
|    std                  | 0.98         |
|    value_loss           | 1.16e+05     |
------------------------------------------
[EVAL @ 50,004 steps] gates_passed mean=0.00 max=0/6  success_rate=0%  (n=3)
---------------------------------
| rollout/           |          |
|    ep_len_mean     | 7.15     |
|    ep_rew_mean     | -424     |
| time/              |          |
|    fps             | 19       |
|    iterations      | 3        |
|    time_elapsed    | 628      |
|    total_timesteps | 52288    |
---------------------------------
-----------------------------------------
| eval/                   |             |
|    gates_passed         | 0           |
|    gates_passed_max     | 0           |
|    success_rate         | 0           |
|    total_gates          | 6           |
| train/                  |             |
|    approx_kl            | 0.004749661 |
|    clip_fraction        | 0.0233      |
|    clip_range           | 0.2         |
|    entropy_loss         | -5.59       |
|    explained_variance   | -1.19e-07   |
|    learning_rate        | 0.0003      |
|    loss                 | 5.23e+04    |
|    n_updates            | 120         |
|    policy_gradient_loss | -0.0045     |
|    std                  | 0.978       |
|    value_loss           | 1.1e+05     |
-----------------------------------------
[EVAL @ 55,004 steps] gates_passed mean=0.00 max=0/6  success_rate=0%  (n=3)
---------------------------------
| rollout/           |          |
|    ep_len_mean     | 7.1      |
|    ep_rew_mean     | -425     |
| time/              |          |
|    fps             | 19       |
|    iterations      | 4        |
|    time_elapsed    | 843      |
|    total_timesteps | 56384    |
---------------------------------
------------------------------------------
| eval/                   |              |
|    gates_passed         | 0            |
|    gates_passed_max     | 0            |
|    success_rate         | 0            |
|    total_gates          | 6            |
| train/                  |              |
|    approx_kl            | 0.0045134593 |
|    clip_fraction        | 0.0279       |
|    clip_range           | 0.2          |
|    entropy_loss         | -5.58        |
|    explained_variance   | -1.19e-07    |
|    learning_rate        | 0.0003       |
|    loss                 | 5.54e+04     |
|    n_updates            | 130          |
|    policy_gradient_loss | -0.00413     |
|    std                  | 0.975        |
|    value_loss           | 1.09e+05     |
------------------------------------------
[EVAL @ 60,004 steps] gates_passed mean=0.00 max=0/6  success_rate=0%  (n=3)
---------------------------------
| rollout/           |          |
|    ep_len_mean     | 7.3      |
|    ep_rew_mean     | -427     |
| time/              |          |
|    fps             | 19       |
|    iterations      | 5        |
|    time_elapsed    | 1060     |
|    total_timesteps | 60480    |
---------------------------------
-----------------------------------------
| rollout/                |             |
|    ep_len_mean          | 7.13        |
|    ep_rew_mean          | -422        |
| time/                   |             |
|    fps                  | 19          |
|    iterations           | 6           |
|    time_elapsed         | 1273        |
|    total_timesteps      | 64576       |
| train/                  |             |
|    approx_kl            | 0.003220933 |
|    clip_fraction        | 0.0119      |
|    clip_range           | 0.2         |
|    entropy_loss         | -5.57       |
|    explained_variance   | 0           |
|    learning_rate        | 0.0003      |
|    loss                 | 5.37e+04    |
|    n_updates            | 140         |
|    policy_gradient_loss | -0.00359    |
|    std                  | 0.972       |
|    value_loss           | 1.06e+05    |
-----------------------------------------
------------------------------------------
| eval/                   |              |
|    gates_passed         | 0            |
|    gates_passed_max     | 0            |
|    success_rate         | 0            |
|    total_gates          | 6            |
| train/                  |              |
|    approx_kl            | 0.0062166587 |
|    clip_fraction        | 0.0522       |
|    clip_range           | 0.2          |
|    entropy_loss         | -5.55        |
|    explained_variance   | 0            |
|    learning_rate        | 0.0003       |
|    loss                 | 5.13e+04     |
|    n_updates            | 150          |
|    policy_gradient_loss | -0.00732     |
|    std                  | 0.967        |
|    value_loss           | 1.04e+05     |
------------------------------------------
[EVAL @ 65,004 steps] gates_passed mean=0.00 max=0/6  success_rate=0%  (n=3)
---------------------------------
| rollout/           |          |
|    ep_len_mean     | 7.32     |
|    ep_rew_mean     | -414     |
| time/              |          |
|    fps             | 19       |
|    iterations      | 7        |
|    time_elapsed    | 1487     |
|    total_timesteps | 68672    |
---------------------------------
------------------------------------------
| eval/                   |              |
|    gates_passed         | 0            |
|    gates_passed_max     | 0            |
|    success_rate         | 0            |
|    total_gates          | 6            |
| train/                  |              |
|    approx_kl            | 0.0042254757 |
|    clip_fraction        | 0.0342       |
|    clip_range           | 0.2          |
|    entropy_loss         | -5.53        |
|    explained_variance   | -1.19e-07    |
|    learning_rate        | 0.0003       |
|    loss                 | 5.28e+04     |
|    n_updates            | 160          |
|    policy_gradient_loss | -0.00543     |
|    std                  | 0.964        |
|    value_loss           | 1.02e+05     |
------------------------------------------
[EVAL @ 70,004 steps] gates_passed mean=0.00 max=0/6  success_rate=0%  (n=3)
---------------------------------
| rollout/           |          |
|    ep_len_mean     | 7.04     |
|    ep_rew_mean     | -418     |
| time/              |          |
|    fps             | 19       |
|    iterations      | 8        |
|    time_elapsed    | 1704     |
|    total_timesteps | 72768    |
---------------------------------
----------------------------------------
| eval/                   |            |
|    gates_passed         | 0          |
|    gates_passed_max     | 0          |
|    success_rate         | 0          |
|    total_gates          | 6          |
| train/                  |            |
|    approx_kl            | 0.00429806 |
|    clip_fraction        | 0.0201     |
|    clip_range           | 0.2        |
|    entropy_loss         | -5.52      |
|    explained_variance   | 0          |
|    learning_rate        | 0.0003     |
|    loss                 | 5.18e+04   |
|    n_updates            | 170        |
|    policy_gradient_loss | -0.00468   |
|    std                  | 0.96       |
|    value_loss           | 1.05e+05   |
----------------------------------------
[EVAL @ 75,004 steps] gates_passed mean=0.00 max=0/6  success_rate=0%  (n=3)
---------------------------------
| rollout/           |          |
|    ep_len_mean     | 7.31     |
|    ep_rew_mean     | -408     |
| time/              |          |
|    fps             | 19       |
|    iterations      | 9        |
|    time_elapsed    | 1917     |
|    total_timesteps | 76864    |
---------------------------------
-----------------------------------------
| eval/                   |             |
|    gates_passed         | 0           |
|    gates_passed_max     | 0           |
|    success_rate         | 0           |
|    total_gates          | 6           |
| train/                  |             |
|    approx_kl            | 0.004999132 |
|    clip_fraction        | 0.0364      |
|    clip_range           | 0.2         |
|    entropy_loss         | -5.5        |
|    explained_variance   | 5.96e-08    |
|    learning_rate        | 0.0003      |
|    loss                 | 4.92e+04    |
|    n_updates            | 180         |
|    policy_gradient_loss | -0.00483    |
|    std                  | 0.959       |
|    value_loss           | 9.99e+04    |
-----------------------------------------
[EVAL @ 80,004 steps] gates_passed mean=0.00 max=0/6  success_rate=0%  (n=3)
---------------------------------
| rollout/           |          |
|    ep_len_mean     | 7.19     |
|    ep_rew_mean     | -419     |
| time/              |          |
|    fps             | 19       |
|    iterations      | 10       |
|    time_elapsed    | 2133     |
|    total_timesteps | 80960    |
---------------------------------
------------------------------------------
| eval/                   |              |
|    gates_passed         | 0            |
|    gates_passed_max     | 0            |
|    success_rate         | 0            |
|    total_gates          | 6            |
| train/                  |              |
|    approx_kl            | 0.0041171145 |
|    clip_fraction        | 0.0158       |
|    clip_range           | 0.2          |
|    entropy_loss         | -5.5         |
|    explained_variance   | 0            |
|    learning_rate        | 0.0003       |
|    loss                 | 4.58e+04     |
|    n_updates            | 190          |
|    policy_gradient_loss | -0.00399     |
|    std                  | 0.958        |
|    value_loss           | 9.69e+04     |
------------------------------------------
[EVAL @ 85,004 steps] gates_passed mean=0.00 max=0/6  success_rate=0%  (n=3)
---------------------------------
| rollout/           |          |
|    ep_len_mean     | 7.05     |
|    ep_rew_mean     | -391     |
| time/              |          |
|    fps             | 19       |
|    iterations      | 11       |
|    time_elapsed    | 2347     |
|    total_timesteps | 85056    |
---------------------------------
------------------------------------------
| rollout/                |              |
|    ep_len_mean          | 7.17         |
|    ep_rew_mean          | -412         |
| time/                   |              |
|    fps                  | 19           |
|    iterations           | 12           |
|    time_elapsed         | 2559         |
|    total_timesteps      | 89152        |
| train/                  |              |
|    approx_kl            | 0.0065478706 |
|    clip_fraction        | 0.0642       |
|    clip_range           | 0.2          |
|    entropy_loss         | -5.49        |
|    explained_variance   | -1.19e-07    |
|    learning_rate        | 0.0003       |
|    loss                 | 4.61e+04     |
|    n_updates            | 200          |
|    policy_gradient_loss | -0.00881     |
|    std                  | 0.956        |
|    value_loss           | 9.16e+04     |
------------------------------------------
-----------------------------------------
| eval/                   |             |
|    gates_passed         | 0           |
|    gates_passed_max     | 0           |
|    success_rate         | 0           |
|    total_gates          | 6           |
| train/                  |             |
|    approx_kl            | 0.005275894 |
|    clip_fraction        | 0.0318      |
|    clip_range           | 0.2         |
|    entropy_loss         | -5.48       |
|    explained_variance   | -1.19e-07   |
|    learning_rate        | 0.0003      |
|    loss                 | 4.55e+04    |
|    n_updates            | 210         |
|    policy_gradient_loss | -0.0051     |
|    std                  | 0.953       |
|    value_loss           | 9.48e+04    |
-----------------------------------------
[EVAL @ 90,004 steps] gates_passed mean=0.00 max=0/6  success_rate=0%  (n=3)
---------------------------------
| rollout/           |          |
|    ep_len_mean     | 7.22     |
|    ep_rew_mean     | -401     |
| time/              |          |
|    fps             | 19       |
|    iterations      | 13       |
|    time_elapsed    | 2771     |
|    total_timesteps | 93248    |
---------------------------------
-----------------------------------------
| eval/                   |             |
|    gates_passed         | 0           |
|    gates_passed_max     | 0           |
|    success_rate         | 0           |
|    total_gates          | 6           |
| train/                  |             |
|    approx_kl            | 0.005988897 |
|    clip_fraction        | 0.0488      |
|    clip_range           | 0.2         |
|    entropy_loss         | -5.46       |
|    explained_variance   | 0           |
|    learning_rate        | 0.0003      |
|    loss                 | 4.5e+04     |
|    n_updates            | 220         |
|    policy_gradient_loss | -0.00855    |
|    std                  | 0.947       |
|    value_loss           | 8.82e+04    |
-----------------------------------------
[EVAL @ 95,004 steps] gates_passed mean=0.00 max=0/6  success_rate=0%  (n=3)
---------------------------------
| rollout/           |          |
|    ep_len_mean     | 7.31     |
|    ep_rew_mean     | -407     |
| time/              |          |
|    fps             | 19       |
|    iterations      | 14       |
|    time_elapsed    | 2987     |
|    total_timesteps | 97344    |
---------------------------------
-----------------------------------------
| eval/                   |             |
|    gates_passed         | 0           |
|    gates_passed_max     | 0           |
|    success_rate         | 0           |
|    total_gates          | 6           |
| train/                  |             |
|    approx_kl            | 0.005976822 |
|    clip_fraction        | 0.0658      |
|    clip_range           | 0.2         |
|    entropy_loss         | -5.43       |
|    explained_variance   | 0           |
|    learning_rate        | 0.0003      |
|    loss                 | 4.31e+04    |
|    n_updates            | 230         |
|    policy_gradient_loss | -0.00939    |
|    std                  | 0.941       |
|    value_loss           | 8.51e+04    |
-----------------------------------------
[EVAL @ 100,004 steps] gates_passed mean=0.00 max=0/6  success_rate=0%  (n=3)
---------------------------------
| rollout/           |          |
|    ep_len_mean     | 7.25     |
|    ep_rew_mean     | -408     |
| time/              |          |
|    fps             | 19       |
|    iterations      | 15       |
|    time_elapsed    | 3197     |
|    total_timesteps | 101440   |
---------------------------------
-----------------------------------------
| eval/                   |             |
|    gates_passed         | 0           |
|    gates_passed_max     | 0           |
|    success_rate         | 0           |
|    total_gates          | 6           |
| train/                  |             |
|    approx_kl            | 0.006988411 |
|    clip_fraction        | 0.0637      |
|    clip_range           | 0.2         |
|    entropy_loss         | -5.41       |
|    explained_variance   | -1.19e-07   |
|    learning_rate        | 0.0003      |
|    loss                 | 4.39e+04    |
|    n_updates            | 240         |
|    policy_gradient_loss | -0.00752    |
|    std                  | 0.938       |
|    value_loss           | 8.72e+04    |
-----------------------------------------
[EVAL @ 105,004 steps] gates_passed mean=0.00 max=0/6  success_rate=0%  (n=3)
---------------------------------
| rollout/           |          |
|    ep_len_mean     | 7.47     |
|    ep_rew_mean     | -395     |
| time/              |          |
|    fps             | 19       |
|    iterations      | 16       |
|    time_elapsed    | 3411     |
|    total_timesteps | 105536   |
---------------------------------
------------------------------------------
| rollout/                |              |
|    ep_len_mean          | 7.23         |
|    ep_rew_mean          | -400         |
| time/                   |              |
|    fps                  | 19           |
|    iterations           | 17           |
|    time_elapsed         | 3624         |
|    total_timesteps      | 109632       |
| train/                  |              |
|    approx_kl            | 0.0061553055 |
|    clip_fraction        | 0.0476       |
|    clip_range           | 0.2          |
|    entropy_loss         | -5.4         |
|    explained_variance   | 0            |
|    learning_rate        | 0.0003       |
|    loss                 | 4.21e+04     |
|    n_updates            | 250          |
|    policy_gradient_loss | -0.00549     |
|    std                  | 0.933        |
|    value_loss           | 8.34e+04     |
------------------------------------------
------------------------------------------
| eval/                   |              |
|    gates_passed         | 0            |
|    gates_passed_max     | 0            |
|    success_rate         | 0            |
|    total_gates          | 6            |
| train/                  |              |
|    approx_kl            | 0.0059896577 |
|    clip_fraction        | 0.0469       |
|    clip_range           | 0.2          |
|    entropy_loss         | -5.37        |
|    explained_variance   | 2.38e-07     |
|    learning_rate        | 0.0003       |
|    loss                 | 3.98e+04     |
|    n_updates            | 260          |
|    policy_gradient_loss | -0.00706     |
|    std                  | 0.929        |
|    value_loss           | 8.13e+04     |
------------------------------------------
[EVAL @ 110,004 steps] gates_passed mean=0.00 max=0/6  success_rate=0%  (n=3)
---------------------------------
| rollout/           |          |
|    ep_len_mean     | 7.49     |
|    ep_rew_mean     | -388     |
| time/              |          |
|    fps             | 19       |
|    iterations      | 18       |
|    time_elapsed    | 3837     |
|    total_timesteps | 113728   |
---------------------------------
------------------------------------------
| eval/                   |              |
|    gates_passed         | 0            |
|    gates_passed_max     | 0            |
|    success_rate         | 0            |
|    total_gates          | 6            |
| train/                  |              |
|    approx_kl            | 0.0062543494 |
|    clip_fraction        | 0.0609       |
|    clip_range           | 0.2          |
|    entropy_loss         | -5.35        |
|    explained_variance   | -1.19e-07    |
|    learning_rate        | 0.0003       |
|    loss                 | 3.87e+04     |
|    n_updates            | 270          |
|    policy_gradient_loss | -0.00597     |
|    std                  | 0.924        |
|    value_loss           | 7.82e+04     |
------------------------------------------
[EVAL @ 115,004 steps] gates_passed mean=0.00 max=0/6  success_rate=0%  (n=3)
Resuming from checkpoint: surface_seed1\checkpoints\aigp_vision_110000_steps.zip (110,000 steps done)
Remaining: 199,890,000 timesteps
Wrapping the env in a VecTransposeImage.
Wrapping the env in a VecTransposeImage.
Vision-based training: 200,000,000 timesteps  (seed=1)
Image: 48x48, frame stack: 3
State: 10D (gravity_unit(3) + body_rates(3) + prev_action(4))
Feature extractor: CoarseCNN(64D) + FineCNN(128D) + StateMLP(64D) = 256D
Curriculum: medium(0-30%) -> ramp(30-80%) -> full(80-100%)
Motion blur: OFF (VQ1 default — full render throughput all run)
Envs: 4 (SubprocVecEnv)   save_dir: surface_seed1
Eval: every 5,000 steps, 3 episodes -> eval/gates_passed + eval/success_rate
Logging to surface_seed1\tb_logs\PPO_2

[Curriculum] Step 110,004 (0.1%) -> difficulty=0.50
----------------------------------
| eval/               |          |
|    gates_passed     | 0        |
|    gates_passed_max | 0        |
|    success_rate     | 0        |
|    total_gates      | 6        |
----------------------------------
[EVAL @ 110,004 steps] gates_passed mean=0.00 max=0/6  success_rate=0%  (n=3)
[EVAL] new best mean gates_passed=0.00 -> surface_seed1\best_model\best_model.zip
---------------------------------
| rollout/           |          |
|    ep_len_mean     | 7.32     |
|    ep_rew_mean     | -396     |
| time/              |          |
|    fps             | 18       |
|    iterations      | 1        |
|    time_elapsed    | 221      |
|    total_timesteps | 114096   |
---------------------------------
------------------------------------------
| eval/                   |              |
|    gates_passed         | 0            |
|    gates_passed_max     | 0            |
|    success_rate         | 0            |
|    total_gates          | 6            |
| train/                  |              |
|    approx_kl            | 0.0077180564 |
|    clip_fraction        | 0.0838       |
|    clip_range           | 0.2          |
|    entropy_loss         | -5.36        |
|    explained_variance   | 1.19e-07     |
|    learning_rate        | 0.0003       |
|    loss                 | 4e+04        |
|    n_updates            | 270          |
|    policy_gradient_loss | -0.00677     |
|    std                  | 0.926        |
|    value_loss           | 7.82e+04     |
------------------------------------------
[EVAL @ 115,004 steps] gates_passed mean=0.00 max=0/6  success_rate=0%  (n=3)
---------------------------------
| rollout/           |          |
|    ep_len_mean     | 7.25     |
|    ep_rew_mean     | -386     |
| time/              |          |
|    fps             | 16       |
|    iterations      | 2        |
|    time_elapsed    | 502      |
|    total_timesteps | 118192   |
---------------------------------
-----------------------------------------
| eval/                   |             |
|    gates_passed         | 0           |
|    gates_passed_max     | 0           |
|    success_rate         | 0           |
|    total_gates          | 6           |
| train/                  |             |
|    approx_kl            | 0.009489477 |
|    clip_fraction        | 0.0911      |
|    clip_range           | 0.2         |
|    entropy_loss         | -5.34       |
|    explained_variance   | 1.79e-07    |
|    learning_rate        | 0.0003      |
|    loss                 | 3.87e+04    |
|    n_updates            | 280         |
|    policy_gradient_loss | -0.00981    |
|    std                  | 0.92        |
|    value_loss           | 7.59e+04    |
-----------------------------------------
[EVAL @ 120,004 steps] gates_passed mean=0.00 max=0/6  success_rate=0%  (n=3)
---------------------------------
| rollout/           |          |
|    ep_len_mean     | 7.15     |
|    ep_rew_mean     | -376     |
| time/              |          |
|    fps             | 15       |
|    iterations      | 3        |
|    time_elapsed    | 778      |
|    total_timesteps | 122288   |
---------------------------------
-----------------------------------------
| eval/                   |             |
|    gates_passed         | 0           |
|    gates_passed_max     | 0           |
|    success_rate         | 0           |
|    total_gates          | 6           |
| train/                  |             |
|    approx_kl            | 0.006509176 |
|    clip_fraction        | 0.0694      |
|    clip_range           | 0.2         |
|    entropy_loss         | -5.32       |
|    explained_variance   | 1.19e-07    |
|    learning_rate        | 0.0003      |
|    loss                 | 3.78e+04    |
|    n_updates            | 290         |
|    policy_gradient_loss | -0.00551    |
|    std                  | 0.918       |
|    value_loss           | 7.69e+04    |
-----------------------------------------
[EVAL @ 125,004 steps] gates_passed mean=0.00 max=0/6  success_rate=0%  (n=3)
---------------------------------
| rollout/           |          |
|    ep_len_mean     | 7.19     |
|    ep_rew_mean     | -369     |
| time/              |          |
|    fps             | 15       |
|    iterations      | 4        |
|    time_elapsed    | 1058     |
|    total_timesteps | 126384   |
---------------------------------
----------------------------------------
| eval/                   |            |
|    gates_passed         | 0          |
|    gates_passed_max     | 0          |
|    success_rate         | 0          |
|    total_gates          | 6          |
| train/                  |            |
|    approx_kl            | 0.00572637 |
|    clip_fraction        | 0.0534     |
|    clip_range           | 0.2        |
|    entropy_loss         | -5.3       |
|    explained_variance   | 0          |
|    learning_rate        | 0.0003     |
|    loss                 | 3.64e+04   |
|    n_updates            | 300        |
|    policy_gradient_loss | -0.00738   |
|    std                  | 0.914      |
|    value_loss           | 7.16e+04   |
----------------------------------------
[EVAL @ 130,004 steps] gates_passed mean=0.00 max=0/6  success_rate=0%  (n=3)
---------------------------------
| rollout/           |          |
|    ep_len_mean     | 7.58     |
|    ep_rew_mean     | -387     |
| time/              |          |
|    fps             | 15       |
|    iterations      | 5        |
|    time_elapsed    | 1326     |
|    total_timesteps | 130480   |
---------------------------------
-----------------------------------------
| rollout/                |             |
|    ep_len_mean          | 7.15        |
|    ep_rew_mean          | -374        |
| time/                   |             |
|    fps                  | 15          |
|    iterations           | 6           |
|    time_elapsed         | 1597        |
|    total_timesteps      | 134576      |
| train/                  |             |
|    approx_kl            | 0.008710177 |
|    clip_fraction        | 0.0804      |
|    clip_range           | 0.2         |
|    entropy_loss         | -5.29       |
|    explained_variance   | 0           |
|    learning_rate        | 0.0003      |
|    loss                 | 3.52e+04    |
|    n_updates            | 310         |
|    policy_gradient_loss | -0.00891    |
|    std                  | 0.91        |
|    value_loss           | 7.21e+04    |
-----------------------------------------
-----------------------------------------
| eval/                   |             |
|    gates_passed         | 0           |
|    gates_passed_max     | 0           |
|    success_rate         | 0           |
|    total_gates          | 6           |
| train/                  |             |
|    approx_kl            | 0.008332451 |
|    clip_fraction        | 0.089       |
|    clip_range           | 0.2         |
|    entropy_loss         | -5.27       |
|    explained_variance   | 0           |
|    learning_rate        | 0.0003      |
|    loss                 | 3.4e+04     |
|    n_updates            | 320         |
|    policy_gradient_loss | -0.00685    |
|    std                  | 0.906       |
|    value_loss           | 6.62e+04    |
-----------------------------------------
[EVAL @ 135,004 steps] gates_passed mean=0.00 max=0/6  success_rate=0%  (n=3)
---------------------------------
| rollout/           |          |
|    ep_len_mean     | 7.26     |
|    ep_rew_mean     | -363     |
| time/              |          |
|    fps             | 15       |
|    iterations      | 7        |
|    time_elapsed    | 1879     |
|    total_timesteps | 138672   |
---------------------------------
------------------------------------------
| eval/                   |              |
|    gates_passed         | 0            |
|    gates_passed_max     | 0            |
|    success_rate         | 0            |
|    total_gates          | 6            |
| train/                  |              |
|    approx_kl            | 0.0072797295 |
|    clip_fraction        | 0.0725       |
|    clip_range           | 0.2          |
|    entropy_loss         | -5.24        |
|    explained_variance   | 1.79e-07     |
|    learning_rate        | 0.0003       |
|    loss                 | 3.31e+04     |
|    n_updates            | 330          |
|    policy_gradient_loss | -0.0065      |
|    std                  | 0.901        |
|    value_loss           | 6.35e+04     |
------------------------------------------
[EVAL @ 140,004 steps] gates_passed mean=0.00 max=0/6  success_rate=0%  (n=3)
---------------------------------
| rollout/           |          |
|    ep_len_mean     | 7.32     |
|    ep_rew_mean     | -384     |
| time/              |          |
|    fps             | 15       |
|    iterations      | 8        |
|    time_elapsed    | 2151     |
|    total_timesteps | 142768   |
---------------------------------
-----------------------------------------
| eval/                   |             |
|    gates_passed         | 0           |
|    gates_passed_max     | 0           |
|    success_rate         | 0           |
|    total_gates          | 6           |
| train/                  |             |
|    approx_kl            | 0.007190074 |
|    clip_fraction        | 0.0937      |
|    clip_range           | 0.2         |
|    entropy_loss         | -5.22       |
|    explained_variance   | -2.38e-07   |
|    learning_rate        | 0.0003      |
|    loss                 | 3.18e+04    |
|    n_updates            | 340         |
|    policy_gradient_loss | -0.00949    |
|    std                  | 0.898       |
|    value_loss           | 6.58e+04    |
-----------------------------------------
[EVAL @ 145,004 steps] gates_passed mean=0.00 max=0/6  success_rate=0%  (n=3)
---------------------------------
| rollout/           |          |
|    ep_len_mean     | 7.66     |
|    ep_rew_mean     | -361     |
| time/              |          |
|    fps             | 15       |
|    iterations      | 9        |
|    time_elapsed    | 2420     |
|    total_timesteps | 146864   |
---------------------------------
-----------------------------------------
| eval/                   |             |
|    gates_passed         | 0           |
|    gates_passed_max     | 0           |
|    success_rate         | 0           |
|    total_gates          | 6           |
| train/                  |             |
|    approx_kl            | 0.006317717 |
|    clip_fraction        | 0.0854      |
|    clip_range           | 0.2         |
|    entropy_loss         | -5.21       |
|    explained_variance   | 0           |
|    learning_rate        | 0.000299    |
|    loss                 | 3.05e+04    |
|    n_updates            | 350         |
|    policy_gradient_loss | -0.00691    |
|    std                  | 0.895       |
|    value_loss           | 6.12e+04    |
-----------------------------------------
[EVAL @ 150,004 steps] gates_passed mean=0.00 max=0/6  success_rate=0%  (n=3)
---------------------------------
| rollout/           |          |
|    ep_len_mean     | 7.58     |
|    ep_rew_mean     | -372     |
| time/              |          |
|    fps             | 15       |
|    iterations      | 10       |
|    time_elapsed    | 2692     |
|    total_timesteps | 150960   |
---------------------------------
-----------------------------------------
| eval/                   |             |
|    gates_passed         | 0           |
|    gates_passed_max     | 0           |
|    success_rate         | 0           |
|    total_gates          | 6           |
| train/                  |             |
|    approx_kl            | 0.005784978 |
|    clip_fraction        | 0.0896      |
|    clip_range           | 0.2         |
|    entropy_loss         | -5.18       |
|    explained_variance   | 0           |
|    learning_rate        | 0.000299    |
|    loss                 | 3.09e+04    |
|    n_updates            | 360         |
|    policy_gradient_loss | -0.00425    |
|    std                  | 0.888       |
|    value_loss           | 6.18e+04    |
-----------------------------------------
[EVAL @ 155,004 steps] gates_passed mean=0.00 max=0/6  success_rate=0%  (n=3)
---------------------------------
| rollout/           |          |
|    ep_len_mean     | 7.55     |
|    ep_rew_mean     | -361     |
| time/              |          |
|    fps             | 15       |
|    iterations      | 11       |
|    time_elapsed    | 2969     |
|    total_timesteps | 155056   |
---------------------------------
----------------------------------------
| rollout/                |            |
|    ep_len_mean          | 7.73       |
|    ep_rew_mean          | -356       |
| time/                   |            |
|    fps                  | 15         |
|    iterations           | 12         |
|    time_elapsed         | 3234       |
|    total_timesteps      | 159152     |
| train/                  |            |
|    approx_kl            | 0.00788575 |
|    clip_fraction        | 0.0718     |
|    clip_range           | 0.2        |
|    entropy_loss         | -5.15      |
|    explained_variance   | -2.38e-07  |
|    learning_rate        | 0.000299   |
|    loss                 | 2.93e+04   |
|    n_updates            | 370        |
|    policy_gradient_loss | -0.00927   |
|    std                  | 0.883      |
|    value_loss           | 5.99e+04   |
----------------------------------------
------------------------------------------
| eval/                   |              |
|    gates_passed         | 0            |
|    gates_passed_max     | 0            |
|    success_rate         | 0            |
|    total_gates          | 6            |
| train/                  |              |
|    approx_kl            | 0.0075919824 |
|    clip_fraction        | 0.0761       |
|    clip_range           | 0.2          |
|    entropy_loss         | -5.13        |
|    explained_variance   | 1.79e-07     |
|    learning_rate        | 0.000299     |
|    loss                 | 2.72e+04     |
|    n_updates            | 380          |
|    policy_gradient_loss | -0.00695     |
|    std                  | 0.879        |
|    value_loss           | 5.58e+04     |
------------------------------------------
[EVAL @ 160,004 steps] gates_passed mean=0.00 max=0/6  success_rate=0%  (n=3)
---------------------------------
| rollout/           |          |
|    ep_len_mean     | 7.72     |
|    ep_rew_mean     | -367     |
| time/              |          |
|    fps             | 15       |
|    iterations      | 13       |
|    time_elapsed    | 3506     |
|    total_timesteps | 163248   |
---------------------------------
------------------------------------------
| eval/                   |              |
|    gates_passed         | 0            |
|    gates_passed_max     | 0            |
|    success_rate         | 0            |
|    total_gates          | 6            |
| train/                  |              |
|    approx_kl            | 0.0075280108 |
|    clip_fraction        | 0.094        |
|    clip_range           | 0.2          |
|    entropy_loss         | -5.11        |
|    explained_variance   | 2.38e-07     |
|    learning_rate        | 0.000299     |
|    loss                 | 2.81e+04     |
|    n_updates            | 390          |
|    policy_gradient_loss | -0.00449     |
|    std                  | 0.877        |
|    value_loss           | 5.52e+04     |
------------------------------------------
[EVAL @ 165,004 steps] gates_passed mean=0.00 max=0/6  success_rate=0%  (n=3)
---------------------------------
| rollout/           |          |
|    ep_len_mean     | 7.55     |
|    ep_rew_mean     | -356     |
| time/              |          |
|    fps             | 15       |
|    iterations      | 14       |
|    time_elapsed    | 3775     |
|    total_timesteps | 167344   |
---------------------------------
------------------------------------------
| eval/                   |              |
|    gates_passed         | 0            |
|    gates_passed_max     | 0            |
|    success_rate         | 0            |
|    total_gates          | 6            |
| train/                  |              |
|    approx_kl            | 0.0084449835 |
|    clip_fraction        | 0.104        |
|    clip_range           | 0.2          |
|    entropy_loss         | -5.09        |
|    explained_variance   | 0            |
|    learning_rate        | 0.000299     |
|    loss                 | 2.59e+04     |
|    n_updates            | 400          |
|    policy_gradient_loss | -0.00687     |
|    std                  | 0.873        |
|    value_loss           | 5.35e+04     |
------------------------------------------
[EVAL @ 170,004 steps] gates_passed mean=0.00 max=0/6  success_rate=0%  (n=3)
---------------------------------
| rollout/           |          |
|    ep_len_mean     | 7.57     |
|    ep_rew_mean     | -355     |
| time/              |          |
|    fps             | 15       |
|    iterations      | 15       |
|    time_elapsed    | 4049     |
|    total_timesteps | 171440   |
---------------------------------
-----------------------------------------
| eval/                   |             |
|    gates_passed         | 0           |
|    gates_passed_max     | 0           |
|    success_rate         | 0           |
|    total_gates          | 6           |
| train/                  |             |
|    approx_kl            | 0.009830811 |
|    clip_fraction        | 0.0993      |
|    clip_range           | 0.2         |
|    entropy_loss         | -5.07       |
|    explained_variance   | 0           |
|    learning_rate        | 0.000299    |
|    loss                 | 2.74e+04    |
|    n_updates            | 410         |
|    policy_gradient_loss | -0.00602    |
|    std                  | 0.869       |
|    value_loss           | 5.29e+04    |
-----------------------------------------
[EVAL @ 175,004 steps] gates_passed mean=0.00 max=0/6  success_rate=0%  (n=3)
---------------------------------
| rollout/           |          |
|    ep_len_mean     | 7.53     |
|    ep_rew_mean     | -355     |
| time/              |          |
|    fps             | 15       |
|    iterations      | 16       |
|    time_elapsed    | 4314     |
|    total_timesteps | 175536   |
---------------------------------
-----------------------------------------
| rollout/                |             |
|    ep_len_mean          | 7.31        |
|    ep_rew_mean          | -349        |
| time/                   |             |
|    fps                  | 15          |
|    iterations           | 17          |
|    time_elapsed         | 4584        |
|    total_timesteps      | 179632      |
| train/                  |             |
|    approx_kl            | 0.008372957 |
|    clip_fraction        | 0.0926      |
|    clip_range           | 0.2         |
|    entropy_loss         | -5.05       |
|    explained_variance   | -1.19e-07   |
|    learning_rate        | 0.000299    |
|    loss                 | 2.6e+04     |
|    n_updates            | 420         |
|    policy_gradient_loss | -0.00701    |
|    std                  | 0.865       |
|    value_loss           | 5.31e+04    |
-----------------------------------------
-----------------------------------------
| eval/                   |             |
|    gates_passed         | 0           |
|    gates_passed_max     | 0           |
|    success_rate         | 0           |
|    total_gates          | 6           |
| train/                  |             |
|    approx_kl            | 0.007594203 |
|    clip_fraction        | 0.108       |
|    clip_range           | 0.2         |
|    entropy_loss         | -5.03       |
|    explained_variance   | 0           |
|    learning_rate        | 0.000299    |
|    loss                 | 2.6e+04     |
|    n_updates            | 430         |
|    policy_gradient_loss | -0.00682    |
|    std                  | 0.861       |
|    value_loss           | 5.09e+04    |
-----------------------------------------
[EVAL @ 180,004 steps] gates_passed mean=0.00 max=0/6  success_rate=0%  (n=3)
---------------------------------
| rollout/           |          |
|    ep_len_mean     | 7.66     |
|    ep_rew_mean     | -349     |
| time/              |          |
|    fps             | 15       |
|    iterations      | 18       |
|    time_elapsed    | 4861     |
|    total_timesteps | 183728   |
---------------------------------
-----------------------------------------
| eval/                   |             |
|    gates_passed         | 0           |
|    gates_passed_max     | 0           |
|    success_rate         | 0           |
|    total_gates          | 6           |
| train/                  |             |
|    approx_kl            | 0.008148558 |
|    clip_fraction        | 0.0626      |
|    clip_range           | 0.2         |
|    entropy_loss         | -5          |
|    explained_variance   | 0           |
|    learning_rate        | 0.000299    |
|    loss                 | 2.41e+04    |
|    n_updates            | 440         |
|    policy_gradient_loss | -0.00621    |
|    std                  | 0.856       |
|    value_loss           | 4.96e+04    |
-----------------------------------------
[EVAL @ 185,004 steps] gates_passed mean=0.00 max=0/6  success_rate=0%  (n=3)
---------------------------------
| rollout/           |          |
|    ep_len_mean     | 7.71     |
|    ep_rew_mean     | -344     |
| time/              |          |
|    fps             | 15       |
|    iterations      | 19       |
|    time_elapsed    | 5134     |
|    total_timesteps | 187824   |
---------------------------------
------------------------------------------
| eval/                   |              |
|    gates_passed         | 0            |
|    gates_passed_max     | 0            |
|    success_rate         | 0            |
|    total_gates          | 6            |
| train/                  |              |
|    approx_kl            | 0.0070139617 |
|    clip_fraction        | 0.109        |
|    clip_range           | 0.2          |
|    entropy_loss         | -4.99        |
|    explained_variance   | 0            |
|    learning_rate        | 0.000299     |
|    loss                 | 2.34e+04     |
|    n_updates            | 450          |
|    policy_gradient_loss | -0.00169     |
|    std                  | 0.855        |
|    value_loss           | 4.85e+04     |
------------------------------------------
[EVAL @ 190,004 steps] gates_passed mean=0.00 max=0/6  success_rate=0%  (n=3)
---------------------------------
| rollout/           |          |
|    ep_len_mean     | 7.77     |
|    ep_rew_mean     | -357     |
| time/              |          |
|    fps             | 15       |
|    iterations      | 20       |
|    time_elapsed    | 5405     |
|    total_timesteps | 191920   |
---------------------------------
-----------------------------------------
| eval/                   |             |
|    gates_passed         | 0           |
|    gates_passed_max     | 0           |
|    success_rate         | 0           |
|    total_gates          | 6           |
| train/                  |             |
|    approx_kl            | 0.010877872 |
|    clip_fraction        | 0.101       |
|    clip_range           | 0.2         |
|    entropy_loss         | -4.98       |
|    explained_variance   | -1.19e-07   |
|    learning_rate        | 0.000299    |
|    loss                 | 2.4e+04     |
|    n_updates            | 460         |
|    policy_gradient_loss | -0.00753    |
|    std                  | 0.853       |
|    value_loss           | 4.79e+04    |
-----------------------------------------
[EVAL @ 195,004 steps] gates_passed mean=0.00 max=0/6  success_rate=0%  (n=3)
---------------------------------
| rollout/           |          |
|    ep_len_mean     | 7.64     |
|    ep_rew_mean     | -348     |
| time/              |          |
|    fps             | 15       |
|    iterations      | 21       |
|    time_elapsed    | 5676     |
|    total_timesteps | 196016   |
---------------------------------
-----------------------------------------
| eval/                   |             |
|    gates_passed         | 0           |
|    gates_passed_max     | 0           |
|    success_rate         | 0           |
|    total_gates          | 6           |
| train/                  |             |
|    approx_kl            | 0.009899322 |
|    clip_fraction        | 0.11        |
|    clip_range           | 0.2         |
|    entropy_loss         | -4.96       |
|    explained_variance   | -1.19e-07   |
|    learning_rate        | 0.000299    |
|    loss                 | 2.4e+04     |
|    n_updates            | 470         |
|    policy_gradient_loss | -0.0106     |
|    std                  | 0.849       |
|    value_loss           | 4.85e+04    |
-----------------------------------------
[EVAL @ 200,004 steps] gates_passed mean=0.00 max=0/6  success_rate=0%  (n=3)
---------------------------------
| rollout/           |          |
|    ep_len_mean     | 7.6      |
|    ep_rew_mean     | -333     |
| time/              |          |
|    fps             | 15       |
|    iterations      | 22       |
|    time_elapsed    | 5956     |
|    total_timesteps | 200112   |
---------------------------------
-----------------------------------------
| rollout/                |             |
|    ep_len_mean          | 8.15        |
|    ep_rew_mean          | -345        |
| time/                   |             |
|    fps                  | 15          |
|    iterations           | 23          |
|    time_elapsed         | 6222        |
|    total_timesteps      | 204208      |
| train/                  |             |
|    approx_kl            | 0.009754192 |
|    clip_fraction        | 0.119       |
|    clip_range           | 0.2         |
|    entropy_loss         | -4.94       |
|    explained_variance   | 0           |
|    learning_rate        | 0.000299    |
|    loss                 | 2.24e+04    |
|    n_updates            | 480         |
|    policy_gradient_loss | -0.00617    |
|    std                  | 0.844       |
|    value_loss           | 4.46e+04    |
-----------------------------------------
-----------------------------------------
| eval/                   |             |
|    gates_passed         | 0           |
|    gates_passed_max     | 0           |
|    success_rate         | 0           |
|    total_gates          | 6           |
| train/                  |             |
|    approx_kl            | 0.009778891 |
|    clip_fraction        | 0.112       |
|    clip_range           | 0.2         |
|    entropy_loss         | -4.91       |
|    explained_variance   | 0           |
|    learning_rate        | 0.000299    |
|    loss                 | 2.25e+04    |
|    n_updates            | 490         |
|    policy_gradient_loss | -0.00842    |
|    std                  | 0.84        |
|    value_loss           | 4.38e+04    |
-----------------------------------------
[EVAL @ 205,004 steps] gates_passed mean=0.00 max=0/6  success_rate=0%  (n=3)
---------------------------------
| rollout/           |          |
|    ep_len_mean     | 8.05     |
|    ep_rew_mean     | -344     |
| time/              |          |
|    fps             | 15       |
|    iterations      | 24       |
|    time_elapsed    | 6491     |
|    total_timesteps | 208304   |
---------------------------------
-----------------------------------------
| eval/                   |             |
|    gates_passed         | 0           |
|    gates_passed_max     | 0           |
|    success_rate         | 0           |
|    total_gates          | 6           |
| train/                  |             |
|    approx_kl            | 0.009443644 |
|    clip_fraction        | 0.0941      |
|    clip_range           | 0.2         |
|    entropy_loss         | -4.89       |
|    explained_variance   | -1.19e-07   |
|    learning_rate        | 0.000299    |
|    loss                 | 2.16e+04    |
|    n_updates            | 500         |
|    policy_gradient_loss | -0.0103     |
|    std                  | 0.835       |
|    value_loss           | 4.41e+04    |
-----------------------------------------
[EVAL @ 210,004 steps] gates_passed mean=0.00 max=0/6  success_rate=0%  (n=3)
---------------------------------
| rollout/           |          |
|    ep_len_mean     | 8.25     |
|    ep_rew_mean     | -353     |
| time/              |          |
|    fps             | 15       |
|    iterations      | 25       |
|    time_elapsed    | 6760     |
|    total_timesteps | 212400   |
---------------------------------
-----------------------------------------
| eval/                   |             |
|    gates_passed         | 0           |
|    gates_passed_max     | 0           |
|    success_rate         | 0           |
|    total_gates          | 6           |
| train/                  |             |
|    approx_kl            | 0.008048534 |
|    clip_fraction        | 0.107       |
|    clip_range           | 0.2         |
|    entropy_loss         | -4.87       |
|    explained_variance   | -1.19e-07   |
|    learning_rate        | 0.000299    |
|    loss                 | 2.21e+04    |
|    n_updates            | 510         |
|    policy_gradient_loss | -0.00517    |
|    std                  | 0.833       |
|    value_loss           | 4.3e+04     |
-----------------------------------------
[EVAL @ 215,004 steps] gates_passed mean=0.00 max=0/6  success_rate=0%  (n=3)
---------------------------------
| rollout/           |          |
|    ep_len_mean     | 8.02     |
|    ep_rew_mean     | -355     |
| time/              |          |
|    fps             | 15       |
|    iterations      | 26       |
|    time_elapsed    | 7028     |
|    total_timesteps | 216496   |
---------------------------------
-----------------------------------------
| eval/                   |             |
|    gates_passed         | 0           |
|    gates_passed_max     | 0           |
|    success_rate         | 0           |
|    total_gates          | 6           |
| train/                  |             |
|    approx_kl            | 0.008417979 |
|    clip_fraction        | 0.119       |
|    clip_range           | 0.2         |
|    entropy_loss         | -4.85       |
|    explained_variance   | 0           |
|    learning_rate        | 0.000299    |
|    loss                 | 2.14e+04    |
|    n_updates            | 520         |
|    policy_gradient_loss | -0.00727    |
|    std                  | 0.83        |
|    value_loss           | 4.21e+04    |
-----------------------------------------
[EVAL @ 220,004 steps] gates_passed mean=0.00 max=0/6  success_rate=0%  (n=3)
---------------------------------
| rollout/           |          |
|    ep_len_mean     | 8.23     |
|    ep_rew_mean     | -346     |
| time/              |          |
|    fps             | 15       |
|    iterations      | 27       |
|    time_elapsed    | 7295     |
|    total_timesteps | 220592   |
---------------------------------
-----------------------------------------
| rollout/                |             |
|    ep_len_mean          | 8.04        |
|    ep_rew_mean          | -331        |
| time/                   |             |
|    fps                  | 15          |
|    iterations           | 28          |
|    time_elapsed         | 7566        |
|    total_timesteps      | 224688      |
| train/                  |             |
|    approx_kl            | 0.014243953 |
|    clip_fraction        | 0.0823      |
|    clip_range           | 0.2         |
|    entropy_loss         | -4.83       |
|    explained_variance   | -1.19e-07   |
|    learning_rate        | 0.000299    |
|    loss                 | 1.95e+04    |
|    n_updates            | 530         |
|    policy_gradient_loss | -0.0059     |
|    std                  | 0.826       |
|    value_loss           | 4.01e+04    |
-----------------------------------------
----------------------------------------
| eval/                   |            |
|    gates_passed         | 0          |
|    gates_passed_max     | 0          |
|    success_rate         | 0          |
|    total_gates          | 6          |
| train/                  |            |
|    approx_kl            | 0.00930858 |
|    clip_fraction        | 0.145      |
|    clip_range           | 0.2        |
|    entropy_loss         | -4.81      |
|    explained_variance   | 1.19e-07   |
|    learning_rate        | 0.000299   |
|    loss                 | 1.85e+04   |
|    n_updates            | 540        |
|    policy_gradient_loss | -0.00767   |
|    std                  | 0.823      |
|    value_loss           | 3.8e+04    |
----------------------------------------
[EVAL @ 225,004 steps] gates_passed mean=0.00 max=0/6  success_rate=0%  (n=3)
---------------------------------
| rollout/           |          |
|    ep_len_mean     | 8.25     |
|    ep_rew_mean     | -339     |
| time/              |          |
|    fps             | 15       |
|    iterations      | 29       |
|    time_elapsed    | 7834     |
|    total_timesteps | 228784   |
---------------------------------
----------------------------------------
| eval/                   |            |
|    gates_passed         | 0          |
|    gates_passed_max     | 0          |
|    success_rate         | 0          |
|    total_gates          | 6          |
| train/                  |            |
|    approx_kl            | 0.00994752 |
|    clip_fraction        | 0.131      |
|    clip_range           | 0.2        |
|    entropy_loss         | -4.78      |
|    explained_variance   | -1.19e-07  |
|    learning_rate        | 0.000299   |
|    loss                 | 1.9e+04    |
|    n_updates            | 550        |
|    policy_gradient_loss | -0.00755   |
|    std                  | 0.817      |
|    value_loss           | 3.74e+04   |
----------------------------------------
[EVAL @ 230,004 steps] gates_passed mean=0.00 max=0/6  success_rate=0%  (n=3)
---------------------------------
| rollout/           |          |
|    ep_len_mean     | 7.94     |
|    ep_rew_mean     | -329     |
| time/              |          |
|    fps             | 15       |
|    iterations      | 30       |
|    time_elapsed    | 8099     |
|    total_timesteps | 232880   |
---------------------------------
-----------------------------------------
| eval/                   |             |
|    gates_passed         | 0           |
|    gates_passed_max     | 0           |
|    success_rate         | 0           |
|    total_gates          | 6           |
| train/                  |             |
|    approx_kl            | 0.009126592 |
|    clip_fraction        | 0.11        |
|    clip_range           | 0.2         |
|    entropy_loss         | -4.76       |
|    explained_variance   | 0           |
|    learning_rate        | 0.000299    |
|    loss                 | 1.88e+04    |
|    n_updates            | 560         |
|    policy_gradient_loss | -0.00637    |
|    std                  | 0.814       |
|    value_loss           | 3.7e+04     |
-----------------------------------------
[EVAL @ 235,004 steps] gates_passed mean=0.00 max=0/6  success_rate=0%  (n=3)
---------------------------------
| rollout/           |          |
|    ep_len_mean     | 8.3      |
|    ep_rew_mean     | -346     |
| time/              |          |
|    fps             | 15       |
|    iterations      | 31       |
|    time_elapsed    | 8366     |
|    total_timesteps | 236976   |
---------------------------------
------------------------------------------
| eval/                   |              |
|    gates_passed         | 0            |
|    gates_passed_max     | 0            |
|    success_rate         | 0            |
|    total_gates          | 6            |
| train/                  |              |
|    approx_kl            | 0.0059015546 |
|    clip_fraction        | 0.0923       |
|    clip_range           | 0.2          |
|    entropy_loss         | -4.74        |
|    explained_variance   | 1.19e-07     |
|    learning_rate        | 0.000299     |
|    loss                 | 2.04e+04     |
|    n_updates            | 570          |
|    policy_gradient_loss | -0.00612     |
|    std                  | 0.813        |
|    value_loss           | 3.93e+04     |
------------------------------------------
[EVAL @ 240,004 steps] gates_passed mean=0.00 max=0/6  success_rate=0%  (n=3)
---------------------------------
| rollout/           |          |
|    ep_len_mean     | 8.15     |
|    ep_rew_mean     | -334     |
| time/              |          |
|    fps             | 15       |
|    iterations      | 32       |
|    time_elapsed    | 8633     |
|    total_timesteps | 241072   |
---------------------------------
----------------------------------------
| eval/                   |            |
|    gates_passed         | 0          |
|    gates_passed_max     | 0          |
|    success_rate         | 0          |
|    total_gates          | 6          |
| train/                  |            |
|    approx_kl            | 0.00897253 |
|    clip_fraction        | 0.111      |
|    clip_range           | 0.2        |
|    entropy_loss         | -4.74      |
|    explained_variance   | -1.19e-07  |
|    learning_rate        | 0.000299   |
|    loss                 | 1.75e+04   |
|    n_updates            | 580        |
|    policy_gradient_loss | -0.0107    |
|    std                  | 0.814      |
|    value_loss           | 3.4e+04    |
----------------------------------------
[EVAL @ 245,004 steps] gates_passed mean=0.00 max=0/6  success_rate=0%  (n=3)
---------------------------------
| rollout/           |          |
|    ep_len_mean     | 8.38     |
|    ep_rew_mean     | -349     |
| time/              |          |
|    fps             | 15       |
|    iterations      | 33       |
|    time_elapsed    | 8898     |
|    total_timesteps | 245168   |
---------------------------------
Resuming from checkpoint: surface_seed1\checkpoints\aigp_vision_240000_steps.zip (240,000 steps done)
Remaining: 199,760,000 timesteps
Wrapping the env in a VecTransposeImage.
Wrapping the env in a VecTransposeImage.
Vision-based training: 200,000,000 timesteps  (seed=1)
Image: 48x48, frame stack: 3
State: 10D (gravity_unit(3) + body_rates(3) + prev_action(4))
Feature extractor: CoarseCNN(64D) + FineCNN(128D) + StateMLP(64D) = 256D
Curriculum: medium(0-30%) -> ramp(30-80%) -> full(80-100%)
Motion blur: OFF (VQ1 default — full render throughput all run)
Envs: 4 (SubprocVecEnv)   save_dir: surface_seed1
Eval: every 5,000 steps, 3 episodes -> eval/gates_passed + eval/success_rate
Logging to surface_seed1\tb_logs\PPO_2

[Curriculum] Step 240,004 (0.1%) -> difficulty=0.50
----------------------------------
| eval/               |          |
|    gates_passed     | 0        |
|    gates_passed_max | 0        |
|    success_rate     | 0        |
|    total_gates      | 6        |
----------------------------------
[EVAL @ 240,004 steps] gates_passed mean=0.00 max=0/6  success_rate=0%  (n=3)
[EVAL] new best mean gates_passed=0.00 -> surface_seed1\best_model\best_model.zip
---------------------------------
| rollout/           |          |
|    ep_len_mean     | 8.07     |
|    ep_rew_mean     | -335     |
| time/              |          |
|    fps             | 17       |
|    iterations      | 1        |
|    time_elapsed    | 228      |
|    total_timesteps | 244096   |
---------------------------------
Resuming from checkpoint: surface_seed1\checkpoints\aigp_vision_240000_steps.zip (240,000 steps done)
Remaining: 199,760,000 timesteps
Wrapping the env in a VecTransposeImage.
Wrapping the env in a VecTransposeImage.
Vision-based training: 200,000,000 timesteps  (seed=1)
Image: 48x48, frame stack: 3
State: 10D (gravity_unit(3) + body_rates(3) + prev_action(4))
Feature extractor: CoarseCNN(64D) + FineCNN(128D) + StateMLP(64D) = 256D
Curriculum: medium(0-30%) -> ramp(30-80%) -> full(80-100%)
Motion blur: OFF (VQ1 default — full render throughput all run)
Envs: 4 (SubprocVecEnv)   save_dir: surface_seed1
Eval: every 5,000 steps, 3 episodes -> eval/gates_passed + eval/success_rate
Logging to surface_seed1\tb_logs\PPO_2

[Curriculum] Step 240,004 (0.1%) -> difficulty=0.50
----------------------------------
| eval/               |          |
|    gates_passed     | 0        |
|    gates_passed_max | 0        |
|    success_rate     | 0        |
|    total_gates      | 6        |
----------------------------------
[EVAL @ 240,004 steps] gates_passed mean=0.00 max=0/6  success_rate=0%  (n=3)
[EVAL] new best mean gates_passed=0.00 -> surface_seed1\best_model\best_model.zip
---------------------------------
| rollout/           |          |
|    ep_len_mean     | 8.07     |
|    ep_rew_mean     | -335     |
| time/              |          |
|    fps             | 17       |
|    iterations      | 1        |
|    time_elapsed    | 229      |
|    total_timesteps | 244096   |
---------------------------------
-----------------------------------------
| eval/                   |             |
|    gates_passed         | 0           |
|    gates_passed_max     | 0           |
|    success_rate         | 0           |
|    total_gates          | 6           |
| train/                  |             |
|    approx_kl            | 0.012949087 |
|    clip_fraction        | 0.128       |
|    clip_range           | 0.2         |
|    entropy_loss         | -4.73       |
|    explained_variance   | 0           |
|    learning_rate        | 0.000299    |
|    loss                 | 1.75e+04    |
|    n_updates            | 580         |
|    policy_gradient_loss | -0.00674    |
|    std                  | 0.808       |
|    value_loss           | 3.48e+04    |
-----------------------------------------
[EVAL @ 245,004 steps] gates_passed mean=0.00 max=0/6  success_rate=0%  (n=3)
---------------------------------
| rollout/           |          |
|    ep_len_mean     | 8.1      |
|    ep_rew_mean     | -333     |
| time/              |          |
|    fps             | 16       |
|    iterations      | 2        |
|    time_elapsed    | 495      |
|    total_timesteps | 248192   |
---------------------------------
-----------------------------------------
| eval/                   |             |
|    gates_passed         | 0           |
|    gates_passed_max     | 0           |
|    success_rate         | 0           |
|    total_gates          | 6           |
| train/                  |             |
|    approx_kl            | 0.010698975 |
|    clip_fraction        | 0.143       |
|    clip_range           | 0.2         |
|    entropy_loss         | -4.7        |
|    explained_variance   | 0           |
|    learning_rate        | 0.000299    |
|    loss                 | 1.73e+04    |
|    n_updates            | 590         |
|    policy_gradient_loss | -0.0105     |
|    std                  | 0.804       |
|    value_loss           | 3.44e+04    |
-----------------------------------------
[EVAL @ 250,004 steps] gates_passed mean=0.00 max=0/6  success_rate=0%  (n=3)
---------------------------------
| rollout/           |          |
|    ep_len_mean     | 8.92     |
|    ep_rew_mean     | -343     |
| time/              |          |
|    fps             | 16       |
|    iterations      | 3        |
|    time_elapsed    | 753      |
|    total_timesteps | 252288   |
---------------------------------
-----------------------------------------
| eval/                   |             |
|    gates_passed         | 0           |
|    gates_passed_max     | 0           |
|    success_rate         | 0           |
|    total_gates          | 6           |
| train/                  |             |
|    approx_kl            | 0.009851557 |
|    clip_fraction        | 0.107       |
|    clip_range           | 0.2         |
|    entropy_loss         | -4.68       |
|    explained_variance   | 0           |
|    learning_rate        | 0.000299    |
|    loss                 | 1.81e+04    |
|    n_updates            | 600         |
|    policy_gradient_loss | -0.0109     |
|    std                  | 0.801       |
|    value_loss           | 3.72e+04    |
-----------------------------------------
[EVAL @ 255,004 steps] gates_passed mean=0.00 max=0/6  success_rate=0%  (n=3)
---------------------------------
| rollout/           |          |
|    ep_len_mean     | 8.88     |
|    ep_rew_mean     | -338     |
| time/              |          |
|    fps             | 16       |
|    iterations      | 4        |
|    time_elapsed    | 1014     |
|    total_timesteps | 256384   |
---------------------------------
-----------------------------------------
| eval/                   |             |
|    gates_passed         | 0           |
|    gates_passed_max     | 0           |
|    success_rate         | 0           |
|    total_gates          | 6           |
| train/                  |             |
|    approx_kl            | 0.010285742 |
|    clip_fraction        | 0.154       |
|    clip_range           | 0.2         |
|    entropy_loss         | -4.66       |
|    explained_variance   | 1.19e-07    |
|    learning_rate        | 0.000299    |
|    loss                 | 1.71e+04    |
|    n_updates            | 610         |
|    policy_gradient_loss | -0.00901    |
|    std                  | 0.796       |
|    value_loss           | 3.48e+04    |
-----------------------------------------
[EVAL @ 260,004 steps] gates_passed mean=0.00 max=0/6  success_rate=0%  (n=3)
---------------------------------
| rollout/           |          |
|    ep_len_mean     | 8.37     |
|    ep_rew_mean     | -324     |
| time/              |          |
|    fps             | 16       |
|    iterations      | 5        |
|    time_elapsed    | 1279     |
|    total_timesteps | 260480   |
---------------------------------
-----------------------------------------
| rollout/                |             |
|    ep_len_mean          | 8.36        |
|    ep_rew_mean          | -330        |
| time/                   |             |
|    fps                  | 15          |
|    iterations           | 6           |
|    time_elapsed         | 1540        |
|    total_timesteps      | 264576      |
| train/                  |             |
|    approx_kl            | 0.008115499 |
|    clip_fraction        | 0.106       |
|    clip_range           | 0.2         |
|    entropy_loss         | -4.63       |
|    explained_variance   | -1.19e-07   |
|    learning_rate        | 0.000299    |
|    loss                 | 1.61e+04    |
|    n_updates            | 620         |
|    policy_gradient_loss | -0.00862    |
|    std                  | 0.793       |
|    value_loss           | 3.26e+04    |
-----------------------------------------
-----------------------------------------
| eval/                   |             |
|    gates_passed         | 0           |
|    gates_passed_max     | 0           |
|    success_rate         | 0           |
|    total_gates          | 6           |
| train/                  |             |
|    approx_kl            | 0.012257503 |
|    clip_fraction        | 0.129       |
|    clip_range           | 0.2         |
|    entropy_loss         | -4.61       |
|    explained_variance   | -1.19e-07   |
|    learning_rate        | 0.000299    |
|    loss                 | 1.56e+04    |
|    n_updates            | 630         |
|    policy_gradient_loss | -0.0081     |
|    std                  | 0.79        |
|    value_loss           | 3.05e+04    |
-----------------------------------------
[EVAL @ 265,004 steps] gates_passed mean=0.00 max=0/6  success_rate=0%  (n=3)
---------------------------------
| rollout/           |          |
|    ep_len_mean     | 9.82     |
|    ep_rew_mean     | -344     |
| time/              |          |
|    fps             | 15       |
|    iterations      | 7        |
|    time_elapsed    | 1792     |
|    total_timesteps | 268672   |
---------------------------------
-----------------------------------------
| eval/                   |             |
|    gates_passed         | 0           |
|    gates_passed_max     | 0           |
|    success_rate         | 0           |
|    total_gates          | 6           |
| train/                  |             |
|    approx_kl            | 0.010604118 |
|    clip_fraction        | 0.144       |
|    clip_range           | 0.2         |
|    entropy_loss         | -4.59       |
|    explained_variance   | -1.19e-07   |
|    learning_rate        | 0.000299    |
|    loss                 | 1.73e+04    |
|    n_updates            | 640         |
|    policy_gradient_loss | -0.0109     |
|    std                  | 0.787       |
|    value_loss           | 3.43e+04    |
-----------------------------------------
[EVAL @ 270,004 steps] gates_passed mean=0.00 max=0/6  success_rate=0%  (n=3)
---------------------------------
| rollout/           |          |
|    ep_len_mean     | 9.52     |
|    ep_rew_mean     | -341     |
| time/              |          |
|    fps             | 16       |
|    iterations      | 8        |
|    time_elapsed    | 2047     |
|    total_timesteps | 272768   |
---------------------------------
----------------------------------------
| eval/                   |            |
|    gates_passed         | 0          |
|    gates_passed_max     | 0          |
|    success_rate         | 0          |
|    total_gates          | 6          |
| train/                  |            |
|    approx_kl            | 0.01378117 |
|    clip_fraction        | 0.142      |
|    clip_range           | 0.2        |
|    entropy_loss         | -4.57      |
|    explained_variance   | -1.19e-07  |
|    learning_rate        | 0.000299   |
|    loss                 | 1.65e+04   |
|    n_updates            | 650        |
|    policy_gradient_loss | -0.00991   |
|    std                  | 0.784      |
|    value_loss           | 3.21e+04   |
----------------------------------------
[EVAL @ 275,004 steps] gates_passed mean=0.00 max=0/6  success_rate=0%  (n=3)
---------------------------------
| rollout/           |          |
|    ep_len_mean     | 9.71     |
|    ep_rew_mean     | -333     |
| time/              |          |
|    fps             | 16       |
|    iterations      | 9        |
|    time_elapsed    | 2302     |
|    total_timesteps | 276864   |
---------------------------------
-----------------------------------------
| eval/                   |             |
|    gates_passed         | 0           |
|    gates_passed_max     | 0           |
|    success_rate         | 0           |
|    total_gates          | 6           |
| train/                  |             |
|    approx_kl            | 0.011122029 |
|    clip_fraction        | 0.142       |
|    clip_range           | 0.2         |
|    entropy_loss         | -4.56       |
|    explained_variance   | -1.19e-07   |
|    learning_rate        | 0.000299    |
|    loss                 | 1.58e+04    |
|    n_updates            | 660         |
|    policy_gradient_loss | -0.00871    |
|    std                  | 0.783       |
|    value_loss           | 3.13e+04    |
-----------------------------------------
[EVAL @ 280,004 steps] gates_passed mean=0.00 max=0/6  success_rate=0%  (n=3)
---------------------------------
| rollout/           |          |
|    ep_len_mean     | 9.85     |
|    ep_rew_mean     | -325     |
| time/              |          |
|    fps             | 16       |
|    iterations      | 10       |
|    time_elapsed    | 2555     |
|    total_timesteps | 280960   |
---------------------------------
-----------------------------------------
| eval/                   |             |
|    gates_passed         | 0           |
|    gates_passed_max     | 0           |
|    success_rate         | 0           |
|    total_gates          | 6           |
| train/                  |             |
|    approx_kl            | 0.008861411 |
|    clip_fraction        | 0.117       |
|    clip_range           | 0.2         |
|    entropy_loss         | -4.55       |
|    explained_variance   | 0           |
|    learning_rate        | 0.000299    |
|    loss                 | 1.47e+04    |
|    n_updates            | 670         |
|    policy_gradient_loss | -0.00631    |
|    std                  | 0.784       |
|    value_loss           | 3.01e+04    |
-----------------------------------------
[EVAL @ 285,004 steps] gates_passed mean=0.00 max=0/6  success_rate=0%  (n=3)
---------------------------------
| rollout/           |          |
|    ep_len_mean     | 8.64     |
|    ep_rew_mean     | -325     |
| time/              |          |
|    fps             | 16       |
|    iterations      | 11       |
|    time_elapsed    | 2814     |
|    total_timesteps | 285056   |
---------------------------------
-----------------------------------------
| rollout/                |             |
|    ep_len_mean          | 9.13        |
|    ep_rew_mean          | -317        |
| time/                   |             |
|    fps                  | 16          |
|    iterations           | 12          |
|    time_elapsed         | 3065        |
|    total_timesteps      | 289152      |
| train/                  |             |
|    approx_kl            | 0.009350602 |
|    clip_fraction        | 0.136       |
|    clip_range           | 0.2         |
|    entropy_loss         | -4.54       |
|    explained_variance   | 0           |
|    learning_rate        | 0.000299    |
|    loss                 | 1.27e+04    |
|    n_updates            | 680         |
|    policy_gradient_loss | -0.0103     |
|    std                  | 0.78        |
|    value_loss           | 2.64e+04    |
-----------------------------------------
-----------------------------------------
| eval/                   |             |
|    gates_passed         | 0           |
|    gates_passed_max     | 0           |
|    success_rate         | 0           |
|    total_gates          | 6           |
| train/                  |             |
|    approx_kl            | 0.009121172 |
|    clip_fraction        | 0.14        |
|    clip_range           | 0.2         |
|    entropy_loss         | -4.51       |
|    explained_variance   | 5.96e-08    |
|    learning_rate        | 0.000299    |
|    loss                 | 1.26e+04    |
|    n_updates            | 690         |
|    policy_gradient_loss | -0.00755    |
|    std                  | 0.778       |
|    value_loss           | 2.73e+04    |
-----------------------------------------
[EVAL @ 290,004 steps] gates_passed mean=0.00 max=0/6  success_rate=0%  (n=3)
Resuming from checkpoint: surface_seed1\checkpoints\aigp_vision_290000_steps.zip (290,000 steps done)
Remaining: 199,710,000 timesteps
Wrapping the env in a VecTransposeImage.
Wrapping the env in a VecTransposeImage.
Vision-based training: 200,000,000 timesteps  (seed=1)
Image: 48x48, frame stack: 3
State: 10D (gravity_unit(3) + body_rates(3) + prev_action(4))
Feature extractor: CoarseCNN(64D) + FineCNN(128D) + StateMLP(64D) = 256D
Curriculum: medium(0-30%) -> ramp(30-80%) -> full(80-100%)
Motion blur: OFF (VQ1 default — full render throughput all run)
Envs: 4 (SubprocVecEnv)   save_dir: surface_seed1
Eval: every 5,000 steps, 3 episodes -> eval/gates_passed + eval/success_rate
Logging to surface_seed1\tb_logs\PPO_2

[Curriculum] Step 290,004 (0.1%) -> difficulty=0.50
----------------------------------
| eval/               |          |
|    gates_passed     | 0        |
|    gates_passed_max | 0        |
|    success_rate     | 0        |
|    total_gates      | 6        |
----------------------------------
[EVAL @ 290,004 steps] gates_passed mean=0.00 max=0/6  success_rate=0%  (n=3)
[EVAL] new best mean gates_passed=0.00 -> surface_seed1\best_model\best_model.zip
---------------------------------
| rollout/           |          |
|    ep_len_mean     | 9.54     |
|    ep_rew_mean     | -327     |
| time/              |          |
|    fps             | 18       |
|    iterations      | 1        |
|    time_elapsed    | 217      |
|    total_timesteps | 294096   |
---------------------------------
-----------------------------------------
| eval/                   |             |
|    gates_passed         | 0           |
|    gates_passed_max     | 0           |
|    success_rate         | 0           |
|    total_gates          | 6           |
| train/                  |             |
|    approx_kl            | 0.012821294 |
|    clip_fraction        | 0.129       |
|    clip_range           | 0.2         |
|    entropy_loss         | -4.49       |
|    explained_variance   | 0           |
|    learning_rate        | 0.000299    |
|    loss                 | 1.29e+04    |
|    n_updates            | 700         |
|    policy_gradient_loss | -0.00789    |
|    std                  | 0.776       |
|    value_loss           | 2.54e+04    |
-----------------------------------------
[EVAL @ 295,004 steps] gates_passed mean=0.00 max=0/6  success_rate=0%  (n=3)
---------------------------------
| rollout/           |          |
|    ep_len_mean     | 9.05     |
|    ep_rew_mean     | -328     |
| time/              |          |
|    fps             | 17       |
|    iterations      | 2        |
|    time_elapsed    | 473      |
|    total_timesteps | 298192   |
---------------------------------
-----------------------------------------
| eval/                   |             |
|    gates_passed         | 0           |
|    gates_passed_max     | 0           |
|    success_rate         | 0           |
|    total_gates          | 6           |
| train/                  |             |
|    approx_kl            | 0.015364477 |
|    clip_fraction        | 0.132       |
|    clip_range           | 0.2         |
|    entropy_loss         | -4.48       |
|    explained_variance   | 5.96e-08    |
|    learning_rate        | 0.000299    |
|    loss                 | 1.34e+04    |
|    n_updates            | 710         |
|    policy_gradient_loss | -0.0113     |
|    std                  | 0.773       |
|    value_loss           | 2.71e+04    |
-----------------------------------------
[EVAL @ 300,004 steps] gates_passed mean=0.00 max=0/6  success_rate=0%  (n=3)
---------------------------------
| rollout/           |          |
|    ep_len_mean     | 9.5      |
|    ep_rew_mean     | -334     |
| time/              |          |
|    fps             | 16       |
|    iterations      | 3        |
|    time_elapsed    | 731      |
|    total_timesteps | 302288   |
---------------------------------
-----------------------------------------
| eval/                   |             |
|    gates_passed         | 0           |
|    gates_passed_max     | 0           |
|    success_rate         | 0           |
|    total_gates          | 6           |
| train/                  |             |
|    approx_kl            | 0.011954854 |
|    clip_fraction        | 0.157       |
|    clip_range           | 0.2         |
|    entropy_loss         | -4.46       |
|    explained_variance   | 5.96e-08    |
|    learning_rate        | 0.000299    |
|    loss                 | 1.43e+04    |
|    n_updates            | 720         |
|    policy_gradient_loss | -0.00911    |
|    std                  | 0.771       |
|    value_loss           | 2.96e+04    |
-----------------------------------------
[EVAL @ 305,004 steps] gates_passed mean=0.00 max=0/6  success_rate=0%  (n=3)
---------------------------------
| rollout/           |          |
|    ep_len_mean     | 9.22     |
|    ep_rew_mean     | -324     |
| time/              |          |
|    fps             | 16       |
|    iterations      | 4        |
|    time_elapsed    | 985      |
|    total_timesteps | 306384   |
---------------------------------
-----------------------------------------
| eval/                   |             |
|    gates_passed         | 0           |
|    gates_passed_max     | 0           |
|    success_rate         | 0           |
|    total_gates          | 6           |
| train/                  |             |
|    approx_kl            | 0.010168073 |
|    clip_fraction        | 0.148       |
|    clip_range           | 0.2         |
|    entropy_loss         | -4.45       |
|    explained_variance   | 0           |
|    learning_rate        | 0.000299    |
|    loss                 | 1.26e+04    |
|    n_updates            | 730         |
|    policy_gradient_loss | -0.0114     |
|    std                  | 0.767       |
|    value_loss           | 2.57e+04    |
-----------------------------------------
[EVAL @ 310,004 steps] gates_passed mean=0.00 max=0/6  success_rate=0%  (n=3)
---------------------------------
| rollout/           |          |
|    ep_len_mean     | 10.3     |
|    ep_rew_mean     | -323     |
| time/              |          |
|    fps             | 16       |
|    iterations      | 5        |
|    time_elapsed    | 1239     |
|    total_timesteps | 310480   |
---------------------------------
------------------------------------------
| rollout/                |              |
|    ep_len_mean          | 10.1         |
|    ep_rew_mean          | -336         |
| time/                   |              |
|    fps                  | 16           |
|    iterations           | 6            |
|    time_elapsed         | 1486         |
|    total_timesteps      | 314576       |
| train/                  |              |
|    approx_kl            | 0.0108846035 |
|    clip_fraction        | 0.137        |
|    clip_range           | 0.2          |
|    entropy_loss         | -4.42        |
|    explained_variance   | 0            |
|    learning_rate        | 0.000299     |
|    loss                 | 1.12e+04     |
|    n_updates            | 740          |
|    policy_gradient_loss | -0.00915     |
|    std                  | 0.762        |
|    value_loss           | 2.24e+04     |
------------------------------------------
-----------------------------------------
| eval/                   |             |
|    gates_passed         | 0           |
|    gates_passed_max     | 0           |
|    success_rate         | 0           |
|    total_gates          | 6           |
| train/                  |             |
|    approx_kl            | 0.011429045 |
|    clip_fraction        | 0.125       |
|    clip_range           | 0.2         |
|    entropy_loss         | -4.4        |
|    explained_variance   | -2.38e-07   |
|    learning_rate        | 0.000299    |
|    loss                 | 1.41e+04    |
|    n_updates            | 750         |
|    policy_gradient_loss | -0.0109     |
|    std                  | 0.76        |
|    value_loss           | 2.52e+04    |
-----------------------------------------
[EVAL @ 315,004 steps] gates_passed mean=0.00 max=0/6  success_rate=0%  (n=3)
---------------------------------
| rollout/           |          |
|    ep_len_mean     | 10.4     |
|    ep_rew_mean     | -324     |
| time/              |          |
|    fps             | 16       |
|    iterations      | 7        |
|    time_elapsed    | 1733     |
|    total_timesteps | 318672   |
---------------------------------
-----------------------------------------
| eval/                   |             |
|    gates_passed         | 0           |
|    gates_passed_max     | 0           |
|    success_rate         | 0           |
|    total_gates          | 6           |
| train/                  |             |
|    approx_kl            | 0.012188625 |
|    clip_fraction        | 0.148       |
|    clip_range           | 0.2         |
|    entropy_loss         | -4.37       |
|    explained_variance   | -1.19e-07   |
|    learning_rate        | 0.000299    |
|    loss                 | 1.23e+04    |
|    n_updates            | 760         |
|    policy_gradient_loss | -0.00774    |
|    std                  | 0.756       |
|    value_loss           | 2.5e+04     |
-----------------------------------------
[EVAL @ 320,004 steps] gates_passed mean=0.00 max=0/6  success_rate=0%  (n=3)
---------------------------------
| rollout/           |          |
|    ep_len_mean     | 10.6     |
|    ep_rew_mean     | -323     |
| time/              |          |
|    fps             | 16       |
|    iterations      | 8        |
|    time_elapsed    | 1981     |
|    total_timesteps | 322768   |
---------------------------------
-----------------------------------------
| eval/                   |             |
|    gates_passed         | 0           |
|    gates_passed_max     | 0           |
|    success_rate         | 0           |
|    total_gates          | 6           |
| train/                  |             |
|    approx_kl            | 0.014262156 |
|    clip_fraction        | 0.144       |
|    clip_range           | 0.2         |
|    entropy_loss         | -4.36       |
|    explained_variance   | -1.19e-07   |
|    learning_rate        | 0.000299    |
|    loss                 | 1.23e+04    |
|    n_updates            | 770         |
|    policy_gradient_loss | -0.0123     |
|    std                  | 0.756       |
|    value_loss           | 2.4e+04     |
-----------------------------------------
[EVAL @ 325,004 steps] gates_passed mean=0.00 max=0/6  success_rate=0%  (n=3)
---------------------------------
| rollout/           |          |
|    ep_len_mean     | 10.7     |
|    ep_rew_mean     | -317     |
| time/              |          |
|    fps             | 16       |
|    iterations      | 9        |
|    time_elapsed    | 2235     |
|    total_timesteps | 326864   |
---------------------------------
-----------------------------------------
| eval/                   |             |
|    gates_passed         | 0           |
|    gates_passed_max     | 0           |
|    success_rate         | 0           |
|    total_gates          | 6           |
| train/                  |             |
|    approx_kl            | 0.015112545 |
|    clip_fraction        | 0.107       |
|    clip_range           | 0.2         |
|    entropy_loss         | -4.35       |
|    explained_variance   | 1.19e-07    |
|    learning_rate        | 0.000299    |
|    loss                 | 1e+04       |
|    n_updates            | 780         |
|    policy_gradient_loss | -0.0127     |
|    std                  | 0.752       |
|    value_loss           | 2.03e+04    |
-----------------------------------------
[EVAL @ 330,004 steps] gates_passed mean=0.00 max=0/6  success_rate=0%  (n=3)
---------------------------------
| rollout/           |          |
|    ep_len_mean     | 9.82     |
|    ep_rew_mean     | -306     |
| time/              |          |
|    fps             | 16       |
|    iterations      | 10       |
|    time_elapsed    | 2487     |
|    total_timesteps | 330960   |
---------------------------------
-----------------------------------------
| eval/                   |             |
|    gates_passed         | 0           |
|    gates_passed_max     | 0           |
|    success_rate         | 0           |
|    total_gates          | 6           |
| train/                  |             |
|    approx_kl            | 0.011598237 |
|    clip_fraction        | 0.132       |
|    clip_range           | 0.2         |
|    entropy_loss         | -4.32       |
|    explained_variance   | -2.38e-07   |
|    learning_rate        | 0.000299    |
|    loss                 | 1.09e+04    |
|    n_updates            | 790         |
|    policy_gradient_loss | -0.0121     |
|    std                  | 0.747       |
|    value_loss           | 2.17e+04    |
-----------------------------------------
[EVAL @ 335,004 steps] gates_passed mean=0.00 max=0/6  success_rate=0%  (n=3)
---------------------------------
| rollout/           |          |
|    ep_len_mean     | 9.72     |
|    ep_rew_mean     | -314     |
| time/              |          |
|    fps             | 16       |
|    iterations      | 11       |
|    time_elapsed    | 2734     |
|    total_timesteps | 335056   |
---------------------------------
------------------------------------------
| rollout/                |              |
|    ep_len_mean          | 9.81         |
|    ep_rew_mean          | -315         |
| time/                   |              |
|    fps                  | 16           |
|    iterations           | 12           |
|    time_elapsed         | 2981         |
|    total_timesteps      | 339152       |
| train/                  |              |
|    approx_kl            | 0.0123797655 |
|    clip_fraction        | 0.187        |
|    clip_range           | 0.2          |
|    entropy_loss         | -4.29        |
|    explained_variance   | 0            |
|    learning_rate        | 0.000299     |
|    loss                 | 8.23e+03     |
|    n_updates            | 800          |
|    policy_gradient_loss | -0.00603     |
|    std                  | 0.742        |
|    value_loss           | 1.73e+04     |
------------------------------------------
-----------------------------------------
| eval/                   |             |
|    gates_passed         | 0           |
|    gates_passed_max     | 0           |
|    success_rate         | 0           |
|    total_gates          | 6           |
| train/                  |             |
|    approx_kl            | 0.023894818 |
|    clip_fraction        | 0.16        |
|    clip_range           | 0.2         |
|    entropy_loss         | -4.26       |
|    explained_variance   | 0           |
|    learning_rate        | 0.000299    |
|    loss                 | 8.32e+03    |
|    n_updates            | 810         |
|    policy_gradient_loss | -0.014      |
|    std                  | 0.738       |
|    value_loss           | 1.75e+04    |
-----------------------------------------
[EVAL @ 340,004 steps] gates_passed mean=0.00 max=0/6  success_rate=0%  (n=3)
---------------------------------
| rollout/           |          |
|    ep_len_mean     | 10.9     |
|    ep_rew_mean     | -325     |
| time/              |          |
|    fps             | 16       |
|    iterations      | 13       |
|    time_elapsed    | 3230     |
|    total_timesteps | 343248   |
---------------------------------
-----------------------------------------
| eval/                   |             |
|    gates_passed         | 0           |
|    gates_passed_max     | 0           |
|    success_rate         | 0           |
|    total_gates          | 6           |
| train/                  |             |
|    approx_kl            | 0.013900677 |
|    clip_fraction        | 0.176       |
|    clip_range           | 0.2         |
|    entropy_loss         | -4.25       |
|    explained_variance   | -1.19e-07   |
|    learning_rate        | 0.000299    |
|    loss                 | 8.91e+03    |
|    n_updates            | 820         |
|    policy_gradient_loss | -0.00823    |
|    std                  | 0.74        |
|    value_loss           | 1.82e+04    |
-----------------------------------------
[EVAL @ 345,004 steps] gates_passed mean=0.00 max=0/6  success_rate=0%  (n=3)
---------------------------------
| rollout/           |          |
|    ep_len_mean     | 9.98     |
|    ep_rew_mean     | -322     |
| time/              |          |
|    fps             | 16       |
|    iterations      | 14       |
|    time_elapsed    | 3481     |
|    total_timesteps | 347344   |
---------------------------------
---------------------------------------
| eval/                   |           |
|    gates_passed         | 0         |
|    gates_passed_max     | 0         |
|    success_rate         | 0         |
|    total_gates          | 6         |
| train/                  |           |
|    approx_kl            | 0.0103315 |
|    clip_fraction        | 0.17      |
|    clip_range           | 0.2       |
|    entropy_loss         | -4.24     |
|    explained_variance   | -1.19e-07 |
|    learning_rate        | 0.000299  |
|    loss                 | 9.76e+03  |
|    n_updates            | 830       |
|    policy_gradient_loss | -0.00699  |
|    std                  | 0.736     |
|    value_loss           | 1.95e+04  |
---------------------------------------
[EVAL @ 350,004 steps] gates_passed mean=0.00 max=0/6  success_rate=0%  (n=3)
---------------------------------
| rollout/           |          |
|    ep_len_mean     | 10.3     |
|    ep_rew_mean     | -306     |
| time/              |          |
|    fps             | 16       |
|    iterations      | 15       |
|    time_elapsed    | 3736     |
|    total_timesteps | 351440   |
---------------------------------
------------------------------------------
| eval/                   |              |
|    gates_passed         | 0            |
|    gates_passed_max     | 0            |
|    success_rate         | 0            |
|    total_gates          | 6            |
| train/                  |              |
|    approx_kl            | 0.0153609775 |
|    clip_fraction        | 0.171        |
|    clip_range           | 0.2          |
|    entropy_loss         | -4.21        |
|    explained_variance   | 0            |
|    learning_rate        | 0.000299     |
|    loss                 | 7e+03        |
|    n_updates            | 840          |
|    policy_gradient_loss | -0.0114      |
|    std                  | 0.733        |
|    value_loss           | 1.53e+04     |
------------------------------------------
[EVAL @ 355,004 steps] gates_passed mean=0.00 max=0/6  success_rate=0%  (n=3)
---------------------------------
| rollout/           |          |
|    ep_len_mean     | 11.1     |
|    ep_rew_mean     | -327     |
| time/              |          |
|    fps             | 16       |
|    iterations      | 16       |
|    time_elapsed    | 3978     |
|    total_timesteps | 355536   |
---------------------------------
----------------------------------------
| rollout/                |            |
|    ep_len_mean          | 11.1       |
|    ep_rew_mean          | -317       |
| time/                   |            |
|    fps                  | 16         |
|    iterations           | 17         |
|    time_elapsed         | 4220       |
|    total_timesteps      | 359632     |
| train/                  |            |
|    approx_kl            | 0.01838074 |
|    clip_fraction        | 0.174      |
|    clip_range           | 0.2        |
|    entropy_loss         | -4.19      |
|    explained_variance   | 0          |
|    learning_rate        | 0.000299   |
|    loss                 | 8.3e+03    |
|    n_updates            | 850        |
|    policy_gradient_loss | -0.0129    |
|    std                  | 0.732      |
|    value_loss           | 1.74e+04   |
----------------------------------------
-----------------------------------------
| eval/                   |             |
|    gates_passed         | 0           |
|    gates_passed_max     | 0           |
|    success_rate         | 0           |
|    total_gates          | 6           |
| train/                  |             |
|    approx_kl            | 0.015846482 |
|    clip_fraction        | 0.183       |
|    clip_range           | 0.2         |
|    entropy_loss         | -4.18       |
|    explained_variance   | -1.19e-07   |
|    learning_rate        | 0.000299    |
|    loss                 | 7.41e+03    |
|    n_updates            | 860         |
|    policy_gradient_loss | -0.0126     |
|    std                  | 0.73        |
|    value_loss           | 1.54e+04    |
-----------------------------------------
[EVAL @ 360,004 steps] gates_passed mean=0.00 max=0/6  success_rate=0%  (n=3)
---------------------------------
| rollout/           |          |
|    ep_len_mean     | 11.4     |
|    ep_rew_mean     | -305     |
| time/              |          |
|    fps             | 16       |
|    iterations      | 18       |
|    time_elapsed    | 4466     |
|    total_timesteps | 363728   |
---------------------------------
----------------------------------------
| eval/                   |            |
|    gates_passed         | 0          |
|    gates_passed_max     | 0          |
|    success_rate         | 0          |
|    total_gates          | 6          |
| train/                  |            |
|    approx_kl            | 0.01524719 |
|    clip_fraction        | 0.153      |
|    clip_range           | 0.2        |
|    entropy_loss         | -4.16      |
|    explained_variance   | -2.38e-07  |
|    learning_rate        | 0.000299   |
|    loss                 | 7.36e+03   |
|    n_updates            | 870        |
|    policy_gradient_loss | -0.0129    |
|    std                  | 0.727      |
|    value_loss           | 1.56e+04   |
----------------------------------------
[EVAL @ 365,004 steps] gates_passed mean=0.00 max=0/6  success_rate=0%  (n=3)
---------------------------------
| rollout/           |          |
|    ep_len_mean     | 11.4     |
|    ep_rew_mean     | -314     |
| time/              |          |
|    fps             | 16       |
|    iterations      | 19       |
|    time_elapsed    | 4705     |
|    total_timesteps | 367824   |
---------------------------------
-----------------------------------------
| eval/                   |             |
|    gates_passed         | 0           |
|    gates_passed_max     | 0           |
|    success_rate         | 0           |
|    total_gates          | 6           |
| train/                  |             |
|    approx_kl            | 0.015197359 |
|    clip_fraction        | 0.163       |
|    clip_range           | 0.2         |
|    entropy_loss         | -4.14       |
|    explained_variance   | -1.19e-07   |
|    learning_rate        | 0.000299    |
|    loss                 | 7.38e+03    |
|    n_updates            | 880         |
|    policy_gradient_loss | -0.0104     |
|    std                  | 0.724       |
|    value_loss           | 1.51e+04    |
-----------------------------------------
[EVAL @ 370,004 steps] gates_passed mean=0.00 max=0/6  success_rate=0%  (n=3)
---------------------------------
| rollout/           |          |
|    ep_len_mean     | 10.4     |
|    ep_rew_mean     | -303     |
| time/              |          |
|    fps             | 16       |
|    iterations      | 20       |
|    time_elapsed    | 4955     |
|    total_timesteps | 371920   |
---------------------------------
----------------------------------------
| eval/                   |            |
|    gates_passed         | 0          |
|    gates_passed_max     | 0          |
|    success_rate         | 0          |
|    total_gates          | 6          |
| train/                  |            |
|    approx_kl            | 0.01338453 |
|    clip_fraction        | 0.158      |
|    clip_range           | 0.2        |
|    entropy_loss         | -4.12      |
|    explained_variance   | 0          |
|    learning_rate        | 0.000299   |
|    loss                 | 6.02e+03   |
|    n_updates            | 890        |
|    policy_gradient_loss | -0.0117    |
|    std                  | 0.724      |
|    value_loss           | 1.23e+04   |
----------------------------------------
[EVAL @ 375,004 steps] gates_passed mean=0.00 max=0/6  success_rate=0%  (n=3)
---------------------------------
| rollout/           |          |
|    ep_len_mean     | 10.6     |
|    ep_rew_mean     | -300     |
| time/              |          |
|    fps             | 16       |
|    iterations      | 21       |
|    time_elapsed    | 5197     |
|    total_timesteps | 376016   |
---------------------------------
------------------------------------------
| eval/                   |              |
|    gates_passed         | 0            |
|    gates_passed_max     | 0            |
|    success_rate         | 0            |
|    total_gates          | 6            |
| train/                  |              |
|    approx_kl            | 0.0156080555 |
|    clip_fraction        | 0.154        |
|    clip_range           | 0.2          |
|    entropy_loss         | -4.09        |
|    explained_variance   | -2.38e-07    |
|    learning_rate        | 0.000299     |
|    loss                 | 6.15e+03     |
|    n_updates            | 900          |
|    policy_gradient_loss | -0.0113      |
|    std                  | 0.718        |
|    value_loss           | 1.28e+04     |
------------------------------------------
[EVAL @ 380,004 steps] gates_passed mean=0.00 max=0/6  success_rate=0%  (n=3)
---------------------------------
| rollout/           |          |
|    ep_len_mean     | 12.7     |
|    ep_rew_mean     | -315     |
| time/              |          |
|    fps             | 16       |
|    iterations      | 22       |
|    time_elapsed    | 5437     |
|    total_timesteps | 380112   |
---------------------------------
-----------------------------------------
| rollout/                |             |
|    ep_len_mean          | 12.1        |
|    ep_rew_mean          | -307        |
| time/                   |             |
|    fps                  | 16          |
|    iterations           | 23          |
|    time_elapsed         | 5671        |
|    total_timesteps      | 384208      |
| train/                  |             |
|    approx_kl            | 0.022596937 |
|    clip_fraction        | 0.168       |
|    clip_range           | 0.2         |
|    entropy_loss         | -4.06       |
|    explained_variance   | -1.19e-07   |
|    learning_rate        | 0.000299    |
|    loss                 | 6.37e+03    |
|    n_updates            | 910         |
|    policy_gradient_loss | -0.0127     |
|    std                  | 0.715       |
|    value_loss           | 1.24e+04    |
-----------------------------------------
-----------------------------------------
| eval/                   |             |
|    gates_passed         | 0           |
|    gates_passed_max     | 0           |
|    success_rate         | 0           |
|    total_gates          | 6           |
| train/                  |             |
|    approx_kl            | 0.016511181 |
|    clip_fraction        | 0.169       |
|    clip_range           | 0.2         |
|    entropy_loss         | -4.04       |
|    explained_variance   | -1.19e-07   |
|    learning_rate        | 0.000299    |
|    loss                 | 4.8e+03     |
|    n_updates            | 920         |
|    policy_gradient_loss | -0.0122     |
|    std                  | 0.712       |
|    value_loss           | 1.04e+04    |
-----------------------------------------
[EVAL @ 385,004 steps] gates_passed mean=0.00 max=0/6  success_rate=0%  (n=3)
---------------------------------
| rollout/           |          |
|    ep_len_mean     | 11.2     |
|    ep_rew_mean     | -308     |
| time/              |          |
|    fps             | 16       |
|    iterations      | 24       |
|    time_elapsed    | 5912     |
|    total_timesteps | 388304   |
---------------------------------
-----------------------------------------
| eval/                   |             |
|    gates_passed         | 0           |
|    gates_passed_max     | 0           |
|    success_rate         | 0           |
|    total_gates          | 6           |
| train/                  |             |
|    approx_kl            | 0.016773708 |
|    clip_fraction        | 0.177       |
|    clip_range           | 0.2         |
|    entropy_loss         | -4.02       |
|    explained_variance   | -3.58e-07   |
|    learning_rate        | 0.000299    |
|    loss                 | 6.41e+03    |
|    n_updates            | 930         |
|    policy_gradient_loss | -0.0125     |
|    std                  | 0.711       |
|    value_loss           | 1.23e+04    |
-----------------------------------------
[EVAL @ 390,004 steps] gates_passed mean=0.00 max=0/6  success_rate=0%  (n=3)
---------------------------------
| rollout/           |          |
|    ep_len_mean     | 11.1     |
|    ep_rew_mean     | -298     |
| time/              |          |
|    fps             | 16       |
|    iterations      | 25       |
|    time_elapsed    | 6154     |
|    total_timesteps | 392400   |
---------------------------------
----------------------------------------
| eval/                   |            |
|    gates_passed         | 0          |
|    gates_passed_max     | 0          |
|    success_rate         | 0          |
|    total_gates          | 6          |
| train/                  |            |
|    approx_kl            | 0.01864941 |
|    clip_fraction        | 0.187      |
|    clip_range           | 0.2        |
|    entropy_loss         | -4.01      |
|    explained_variance   | -1.19e-07  |
|    learning_rate        | 0.000299   |
|    loss                 | 5.06e+03   |
|    n_updates            | 940        |
|    policy_gradient_loss | -0.00918   |
|    std                  | 0.71       |
|    value_loss           | 1e+04      |
----------------------------------------
[EVAL @ 395,004 steps] gates_passed mean=0.00 max=0/6  success_rate=0%  (n=3)
---------------------------------
| rollout/           |          |
|    ep_len_mean     | 11.9     |
|    ep_rew_mean     | -290     |
| time/              |          |
|    fps             | 16       |
|    iterations      | 26       |
|    time_elapsed    | 6390     |
|    total_timesteps | 396496   |
---------------------------------
-----------------------------------------
| eval/                   |             |
|    gates_passed         | 0           |
|    gates_passed_max     | 0           |
|    success_rate         | 0           |
|    total_gates          | 6           |
| train/                  |             |
|    approx_kl            | 0.021805514 |
|    clip_fraction        | 0.228       |
|    clip_range           | 0.2         |
|    entropy_loss         | -3.99       |
|    explained_variance   | 0           |
|    learning_rate        | 0.000299    |
|    loss                 | 4.58e+03    |
|    n_updates            | 950         |
|    policy_gradient_loss | -0.00991    |
|    std                  | 0.706       |
|    value_loss           | 9.34e+03    |
-----------------------------------------
[EVAL @ 400,004 steps] gates_passed mean=0.00 max=0/6  success_rate=0%  (n=3)
---------------------------------
| rollout/           |          |
|    ep_len_mean     | 15.2     |
|    ep_rew_mean     | -340     |
| time/              |          |
|    fps             | 16       |
|    iterations      | 27       |
|    time_elapsed    | 6614     |
|    total_timesteps | 400592   |
---------------------------------
----------------------------------------
| rollout/                |            |
|    ep_len_mean          | 14.8       |
|    ep_rew_mean          | -314       |
| time/                   |            |
|    fps                  | 16         |
|    iterations           | 28         |
|    time_elapsed         | 6833       |
|    total_timesteps      | 404688     |
| train/                  |            |
|    approx_kl            | 0.01608313 |
|    clip_fraction        | 0.243      |
|    clip_range           | 0.2        |
|    entropy_loss         | -3.97      |
|    explained_variance   | -2.03e-06  |
|    learning_rate        | 0.000299   |
|    loss                 | 1.75e+04   |
|    n_updates            | 960        |
|    policy_gradient_loss | -0.00701   |
|    std                  | 0.705      |
|    value_loss           | 3.24e+04   |
----------------------------------------
-----------------------------------------
| eval/                   |             |
|    gates_passed         | 0           |
|    gates_passed_max     | 0           |
|    success_rate         | 0           |
|    total_gates          | 6           |
| train/                  |             |
|    approx_kl            | 0.018683236 |
|    clip_fraction        | 0.228       |
|    clip_range           | 0.2         |
|    entropy_loss         | -3.95       |
|    explained_variance   | -3.58e-07   |
|    learning_rate        | 0.000299    |
|    loss                 | 5.76e+03    |
|    n_updates            | 970         |
|    policy_gradient_loss | -0.00736    |
|    std                  | 0.7         |
|    value_loss           | 1.16e+04    |
-----------------------------------------
[EVAL @ 405,004 steps] gates_passed mean=0.00 max=0/6  success_rate=0%  (n=3)
---------------------------------
| rollout/           |          |
|    ep_len_mean     | 14.7     |
|    ep_rew_mean     | -314     |
| time/              |          |
|    fps             | 16       |
|    iterations      | 29       |
|    time_elapsed    | 7057     |
|    total_timesteps | 408784   |
---------------------------------
-----------------------------------------
| eval/                   |             |
|    gates_passed         | 0           |
|    gates_passed_max     | 0           |
|    success_rate         | 0           |
|    total_gates          | 6           |
| train/                  |             |
|    approx_kl            | 0.022437006 |
|    clip_fraction        | 0.168       |
|    clip_range           | 0.2         |
|    entropy_loss         | -3.94       |
|    explained_variance   | -3.58e-07   |
|    learning_rate        | 0.000299    |
|    loss                 | 7.74e+03    |
|    n_updates            | 980         |
|    policy_gradient_loss | -0.016      |
|    std                  | 0.7         |
|    value_loss           | 1.56e+04    |
-----------------------------------------
[EVAL @ 410,004 steps] gates_passed mean=0.00 max=0/6  success_rate=0%  (n=3)
Resuming from checkpoint: surface_seed1\checkpoints\aigp_vision_410000_steps.zip (410,000 steps done)
Remaining: 199,590,000 timesteps
Wrapping the env in a VecTransposeImage.
Wrapping the env in a VecTransposeImage.
Vision-based training: 200,000,000 timesteps  (seed=1)
Image: 48x48, frame stack: 3
State: 10D (gravity_unit(3) + body_rates(3) + prev_action(4))
Feature extractor: CoarseCNN(64D) + FineCNN(128D) + StateMLP(64D) = 256D
Curriculum: medium(0-30%) -> ramp(30-80%) -> full(80-100%)
Motion blur: OFF (VQ1 default — full render throughput all run)
Envs: 4 (SubprocVecEnv)   save_dir: surface_seed1
Eval: every 5,000 steps, 3 episodes -> eval/gates_passed + eval/success_rate
Logging to surface_seed1\tb_logs\PPO_2

[Curriculum] Step 410,004 (0.2%) -> difficulty=0.50
----------------------------------
| eval/               |          |
|    gates_passed     | 0        |
|    gates_passed_max | 0        |
|    success_rate     | 0        |
|    total_gates      | 6        |
----------------------------------
[EVAL @ 410,004 steps] gates_passed mean=0.00 max=0/6  success_rate=0%  (n=3)
[EVAL] new best mean gates_passed=0.00 -> surface_seed1\best_model\best_model.zip
---------------------------------
| rollout/           |          |
|    ep_len_mean     | 13.9     |
|    ep_rew_mean     | -331     |
| time/              |          |
|    fps             | 21       |
|    iterations      | 1        |
|    time_elapsed    | 187      |
|    total_timesteps | 414096   |
---------------------------------
Resuming from checkpoint: surface_seed1\checkpoints\aigp_vision_410000_steps.zip (410,000 steps done)
Remaining: 199,590,000 timesteps
Wrapping the env in a VecTransposeImage.
Wrapping the env in a VecTransposeImage.
Vision-based training: 200,000,000 timesteps  (seed=1)
Image: 48x48, frame stack: 3
State: 10D (gravity_unit(3) + body_rates(3) + prev_action(4))
Feature extractor: CoarseCNN(64D) + FineCNN(128D) + StateMLP(64D) = 256D
Curriculum: medium(0-30%) -> ramp(30-80%) -> full(80-100%)
Motion blur: OFF (VQ1 default — full render throughput all run)
Envs: 4 (SubprocVecEnv)   save_dir: surface_seed1
Eval: every 5,000 steps, 3 episodes -> eval/gates_passed + eval/success_rate
Logging to surface_seed1\tb_logs\PPO_2

[Curriculum] Step 410,004 (0.2%) -> difficulty=0.50
----------------------------------
| eval/               |          |
|    gates_passed     | 0        |
|    gates_passed_max | 0        |
|    success_rate     | 0        |
|    total_gates      | 6        |
----------------------------------
[EVAL @ 410,004 steps] gates_passed mean=0.00 max=0/6  success_rate=0%  (n=3)
[EVAL] new best mean gates_passed=0.00 -> surface_seed1\best_model\best_model.zip
Resuming from checkpoint: surface_seed1\checkpoints\aigp_vision_410000_steps.zip (410,000 steps done)
Remaining: 199,590,000 timesteps
Wrapping the env in a VecTransposeImage.
Wrapping the env in a VecTransposeImage.
Vision-based training: 200,000,000 timesteps  (seed=1)
Image: 48x48, frame stack: 3
State: 10D (gravity_unit(3) + body_rates(3) + prev_action(4))
Feature extractor: CoarseCNN(64D) + FineCNN(128D) + StateMLP(64D) = 256D
Curriculum: medium(0-30%) -> ramp(30-80%) -> full(80-100%)
Motion blur: OFF (VQ1 default — full render throughput all run)
Envs: 4 (SubprocVecEnv)   save_dir: surface_seed1
Eval: every 5,000 steps, 3 episodes -> eval/gates_passed + eval/success_rate
Logging to surface_seed1\tb_logs\PPO_2

[Curriculum] Step 410,004 (0.2%) -> difficulty=0.50
Resuming from checkpoint: surface_seed1\checkpoints\aigp_vision_410000_steps.zip (410,000 steps done)
Remaining: 199,590,000 timesteps
Wrapping the env in a VecTransposeImage.
Wrapping the env in a VecTransposeImage.
Vision-based training: 200,000,000 timesteps  (seed=1)
Image: 48x48, frame stack: 3
State: 10D (gravity_unit(3) + body_rates(3) + prev_action(4))
Feature extractor: CoarseCNN(64D) + FineCNN(128D) + StateMLP(64D) = 256D
Curriculum: medium(0-30%) -> ramp(30-80%) -> full(80-100%)
Motion blur: OFF (VQ1 default — full render throughput all run)
Envs: 4 (SubprocVecEnv)   save_dir: surface_seed1
Eval: every 5,000 steps, 3 episodes -> eval/gates_passed + eval/success_rate
Logging to surface_seed1\tb_logs\PPO_2

[Curriculum] Step 410,004 (0.2%) -> difficulty=0.50
----------------------------------
| eval/               |          |
|    gates_passed     | 0        |
|    gates_passed_max | 0        |
|    success_rate     | 0        |
|    total_gates      | 6        |
----------------------------------
[EVAL @ 410,004 steps] gates_passed mean=0.00 max=0/6  success_rate=0%  (n=3)
[EVAL] new best mean gates_passed=0.00 -> surface_seed1\best_model\best_model.zip
Resuming from checkpoint: surface_seed1\checkpoints\aigp_vision_410000_steps.zip (410,000 steps done)
Remaining: 199,590,000 timesteps
Wrapping the env in a VecTransposeImage.
Wrapping the env in a VecTransposeImage.
Vision-based training: 200,000,000 timesteps  (seed=1)
Image: 48x48, frame stack: 3
State: 10D (gravity_unit(3) + body_rates(3) + prev_action(4))
Feature extractor: CoarseCNN(64D) + FineCNN(128D) + StateMLP(64D) = 256D
Curriculum: medium(0-30%) -> ramp(30-80%) -> full(80-100%)
Motion blur: OFF (VQ1 default — full render throughput all run)
Envs: 4 (SubprocVecEnv)   save_dir: surface_seed1
Eval: every 5,000 steps, 3 episodes -> eval/gates_passed + eval/success_rate
Logging to surface_seed1\tb_logs\PPO_2

[Curriculum] Step 410,004 (0.2%) -> difficulty=0.50
----------------------------------
| eval/               |          |
|    gates_passed     | 0        |
|    gates_passed_max | 0        |
|    success_rate     | 0        |
|    total_gates      | 6        |
----------------------------------
[EVAL @ 410,004 steps] gates_passed mean=0.00 max=0/6  success_rate=0%  (n=3)
[EVAL] new best mean gates_passed=0.00 -> surface_seed1\best_model\best_model.zip
---------------------------------
| rollout/           |          |
|    ep_len_mean     | 13.9     |
|    ep_rew_mean     | -331     |
| time/              |          |
|    fps             | 21       |
|    iterations      | 1        |
|    time_elapsed    | 187      |
|    total_timesteps | 414096   |
---------------------------------
-----------------------------------------
| eval/                   |             |
|    gates_passed         | 0           |
|    gates_passed_max     | 0           |
|    success_rate         | 0           |
|    total_gates          | 6           |
| train/                  |             |
|    approx_kl            | 0.014530028 |
|    clip_fraction        | 0.167       |
|    clip_range           | 0.2         |
|    entropy_loss         | -3.93       |
|    explained_variance   | -1.19e-07   |
|    learning_rate        | 0.000299    |
|    loss                 | 6.94e+03    |
|    n_updates            | 990         |
|    policy_gradient_loss | -0.0181     |
|    std                  | 0.701       |
|    value_loss           | 1.43e+04    |
-----------------------------------------
[EVAL @ 415,004 steps] gates_passed mean=0.00 max=0/6  success_rate=0%  (n=3)
---------------------------------
| rollout/           |          |
|    ep_len_mean     | 13.8     |
|    ep_rew_mean     | -321     |
| time/              |          |
|    fps             | 19       |
|    iterations      | 2        |
|    time_elapsed    | 410      |
|    total_timesteps | 418192   |
---------------------------------
Resuming from checkpoint: surface_seed1\checkpoints\aigp_vision_410000_steps.zip (410,000 steps done)
Remaining: 199,590,000 timesteps
Wrapping the env in a VecTransposeImage.
Wrapping the env in a VecTransposeImage.
Vision-based training: 200,000,000 timesteps  (seed=1)
Image: 48x48, frame stack: 3
State: 10D (gravity_unit(3) + body_rates(3) + prev_action(4))
Feature extractor: CoarseCNN(64D) + FineCNN(128D) + StateMLP(64D) = 256D
Curriculum: medium(0-30%) -> ramp(30-80%) -> full(80-100%)
Motion blur: OFF (VQ1 default — full render throughput all run)
Envs: 4 (SubprocVecEnv)   save_dir: surface_seed1
Eval: every 5,000 steps, 3 episodes -> eval/gates_passed + eval/success_rate
Logging to surface_seed1\tb_logs\PPO_2

[Curriculum] Step 410,004 (0.2%) -> difficulty=0.50
----------------------------------
| eval/               |          |
|    gates_passed     | 0        |
|    gates_passed_max | 0        |
|    success_rate     | 0        |
|    total_gates      | 6        |
----------------------------------
[EVAL @ 410,004 steps] gates_passed mean=0.00 max=0/6  success_rate=0%  (n=3)
[EVAL] new best mean gates_passed=0.00 -> surface_seed1\best_model\best_model.zip
---------------------------------
| rollout/           |          |
|    ep_len_mean     | 13.9     |
|    ep_rew_mean     | -331     |
| time/              |          |
|    fps             | 21       |
|    iterations      | 1        |
|    time_elapsed    | 187      |
|    total_timesteps | 414096   |
---------------------------------
-----------------------------------------
| eval/                   |             |
|    gates_passed         | 0           |
|    gates_passed_max     | 0           |
|    success_rate         | 0           |
|    total_gates          | 6           |
| train/                  |             |
|    approx_kl            | 0.014530028 |
|    clip_fraction        | 0.167       |
|    clip_range           | 0.2         |
|    entropy_loss         | -3.93       |
|    explained_variance   | -1.19e-07   |
|    learning_rate        | 0.000299    |
|    loss                 | 6.94e+03    |
|    n_updates            | 990         |
|    policy_gradient_loss | -0.0181     |
|    std                  | 0.701       |
|    value_loss           | 1.43e+04    |
-----------------------------------------
[EVAL @ 415,004 steps] gates_passed mean=0.00 max=0/6  success_rate=0%  (n=3)
---------------------------------
| rollout/           |          |
|    ep_len_mean     | 13.8     |
|    ep_rew_mean     | -321     |
| time/              |          |
|    fps             | 19       |
|    iterations      | 2        |
|    time_elapsed    | 411      |
|    total_timesteps | 418192   |
---------------------------------
-----------------------------------------
| eval/                   |             |
|    gates_passed         | 0           |
|    gates_passed_max     | 0           |
|    success_rate         | 0           |
|    total_gates          | 6           |
| train/                  |             |
|    approx_kl            | 0.025988841 |
|    clip_fraction        | 0.216       |
|    clip_range           | 0.2         |
|    entropy_loss         | -3.94       |
|    explained_variance   | -4.77e-07   |
|    learning_rate        | 0.000299    |
|    loss                 | 2.72e+04    |
|    n_updates            | 1000        |
|    policy_gradient_loss | -0.0112     |
|    std                  | 0.703       |
|    value_loss           | 4.9e+04     |
-----------------------------------------
[EVAL @ 420,004 steps] gates_passed mean=0.00 max=0/6  success_rate=0%  (n=3)
---------------------------------
| rollout/           |          |
|    ep_len_mean     | 17.5     |
|    ep_rew_mean     | -336     |
| time/              |          |
|    fps             | 19       |
|    iterations      | 3        |
|    time_elapsed    | 626      |
|    total_timesteps | 422288   |
---------------------------------
-----------------------------------------
| eval/                   |             |
|    gates_passed         | 0           |
|    gates_passed_max     | 0           |
|    success_rate         | 0           |
|    total_gates          | 6           |
| train/                  |             |
|    approx_kl            | 0.016392807 |
|    clip_fraction        | 0.175       |
|    clip_range           | 0.2         |
|    entropy_loss         | -3.93       |
|    explained_variance   | 0           |
|    learning_rate        | 0.000299    |
|    loss                 | 6.31e+03    |
|    n_updates            | 1010        |
|    policy_gradient_loss | -0.0148     |
|    std                  | 0.7         |
|    value_loss           | 1.24e+04    |
-----------------------------------------
[EVAL @ 425,004 steps] gates_passed mean=0.00 max=0/6  success_rate=0%  (n=3)
---------------------------------
| rollout/           |          |
|    ep_len_mean     | 15.6     |
|    ep_rew_mean     | -314     |
| time/              |          |
|    fps             | 19       |
|    iterations      | 4        |
|    time_elapsed    | 843      |
|    total_timesteps | 426384   |
---------------------------------
----------------------------------------
| eval/                   |            |
|    gates_passed         | 0          |
|    gates_passed_max     | 0          |
|    success_rate         | 0          |
|    total_gates          | 6          |
| train/                  |            |
|    approx_kl            | 0.02257949 |
|    clip_fraction        | 0.232      |
|    clip_range           | 0.2        |
|    entropy_loss         | -3.92      |
|    explained_variance   | -2.38e-07  |
|    learning_rate        | 0.000299   |
|    loss                 | 6.1e+03    |
|    n_updates            | 1020       |
|    policy_gradient_loss | -0.0151    |
|    std                  | 0.701      |
|    value_loss           | 1.14e+04   |
----------------------------------------
[EVAL @ 430,004 steps] gates_passed mean=0.00 max=0/6  success_rate=0%  (n=3)
---------------------------------
| rollout/           |          |
|    ep_len_mean     | 17.9     |
|    ep_rew_mean     | -330     |
| time/              |          |
|    fps             | 19       |
|    iterations      | 5        |
|    time_elapsed    | 1054     |
|    total_timesteps | 430480   |
---------------------------------
-----------------------------------------
| rollout/                |             |
|    ep_len_mean          | 17.4        |
|    ep_rew_mean          | -325        |
| time/                   |             |
|    fps                  | 19          |
|    iterations           | 6           |
|    time_elapsed         | 1260        |
|    total_timesteps      | 434576      |
| train/                  |             |
|    approx_kl            | 0.017340604 |
|    clip_fraction        | 0.233       |
|    clip_range           | 0.2         |
|    entropy_loss         | -3.93       |
|    explained_variance   | 0           |
|    learning_rate        | 0.000299    |
|    loss                 | 3.97e+03    |
|    n_updates            | 1030        |
|    policy_gradient_loss | -0.00863    |
|    std                  | 0.703       |
|    value_loss           | 9.67e+03    |
-----------------------------------------
---------------------------------------
| eval/                   |           |
|    gates_passed         | 0         |
|    gates_passed_max     | 0         |
|    success_rate         | 0         |
|    total_gates          | 6         |
| train/                  |           |
|    approx_kl            | 0.0242034 |
|    clip_fraction        | 0.232     |
|    clip_range           | 0.2       |
|    entropy_loss         | -3.93     |
|    explained_variance   | 0         |
|    learning_rate        | 0.000299  |
|    loss                 | 4.86e+03  |
|    n_updates            | 1040      |
|    policy_gradient_loss | -0.00811  |
|    std                  | 0.702     |
|    value_loss           | 1.03e+04  |
---------------------------------------
[EVAL @ 435,004 steps] gates_passed mean=0.00 max=0/6  success_rate=0%  (n=3)
---------------------------------
| rollout/           |          |
|    ep_len_mean     | 17.4     |
|    ep_rew_mean     | -327     |
| time/              |          |
|    fps             | 19       |
|    iterations      | 7        |
|    time_elapsed    | 1480     |
|    total_timesteps | 438672   |
---------------------------------
----------------------------------------
| eval/                   |            |
|    gates_passed         | 0          |
|    gates_passed_max     | 0          |
|    success_rate         | 0          |
|    total_gates          | 6          |
| train/                  |            |
|    approx_kl            | 0.01827826 |
|    clip_fraction        | 0.156      |
|    clip_range           | 0.2        |
|    entropy_loss         | -3.92      |
|    explained_variance   | 0          |
|    learning_rate        | 0.000298   |
|    loss                 | 5.6e+03    |
|    n_updates            | 1050       |
|    policy_gradient_loss | -0.017     |
|    std                  | 0.699      |
|    value_loss           | 9.75e+03   |
----------------------------------------
[EVAL @ 440,004 steps] gates_passed mean=0.00 max=0/6  success_rate=0%  (n=3)
---------------------------------
| rollout/           |          |
|    ep_len_mean     | 17.5     |
|    ep_rew_mean     | -343     |
| time/              |          |
|    fps             | 19       |
|    iterations      | 8        |
|    time_elapsed    | 1699     |
|    total_timesteps | 442768   |
---------------------------------
-----------------------------------------
| eval/                   |             |
|    gates_passed         | 0           |
|    gates_passed_max     | 0           |
|    success_rate         | 0           |
|    total_gates          | 6           |
| train/                  |             |
|    approx_kl            | 0.015822412 |
|    clip_fraction        | 0.169       |
|    clip_range           | 0.2         |
|    entropy_loss         | -3.91       |
|    explained_variance   | 0           |
|    learning_rate        | 0.000298    |
|    loss                 | 4.79e+03    |
|    n_updates            | 1060        |
|    policy_gradient_loss | -0.0161     |
|    std                  | 0.699       |
|    value_loss           | 1.01e+04    |
-----------------------------------------
[EVAL @ 445,004 steps] gates_passed mean=0.00 max=0/6  success_rate=0%  (n=3)
---------------------------------
| rollout/           |          |
|    ep_len_mean     | 16.8     |
|    ep_rew_mean     | -344     |
| time/              |          |
|    fps             | 19       |
|    iterations      | 9        |
|    time_elapsed    | 1920     |
|    total_timesteps | 446864   |
---------------------------------
-----------------------------------------
| eval/                   |             |
|    gates_passed         | 0           |
|    gates_passed_max     | 0           |
|    success_rate         | 0           |
|    total_gates          | 6           |
| train/                  |             |
|    approx_kl            | 0.013634933 |
|    clip_fraction        | 0.159       |
|    clip_range           | 0.2         |
|    entropy_loss         | -3.9        |
|    explained_variance   | -1.19e-07   |
|    learning_rate        | 0.000298    |
|    loss                 | 4.67e+03    |
|    n_updates            | 1070        |
|    policy_gradient_loss | -0.0161     |
|    std                  | 0.698       |
|    value_loss           | 9.67e+03    |
-----------------------------------------
[EVAL @ 450,004 steps] gates_passed mean=0.00 max=0/6  success_rate=0%  (n=3)
---------------------------------
| rollout/           |          |
|    ep_len_mean     | 17.1     |
|    ep_rew_mean     | -322     |
| time/              |          |
|    fps             | 19       |
|    iterations      | 10       |
|    time_elapsed    | 2124     |
|    total_timesteps | 450960   |
---------------------------------
-----------------------------------------
| eval/                   |             |
|    gates_passed         | 0           |
|    gates_passed_max     | 0           |
|    success_rate         | 0           |
|    total_gates          | 6           |
| train/                  |             |
|    approx_kl            | 0.014179995 |
|    clip_fraction        | 0.221       |
|    clip_range           | 0.2         |
|    entropy_loss         | -3.89       |
|    explained_variance   | 0           |
|    learning_rate        | 0.000298    |
|    loss                 | 4.31e+03    |
|    n_updates            | 1080        |
|    policy_gradient_loss | -0.0118     |
|    std                  | 0.699       |
|    value_loss           | 7.94e+03    |
-----------------------------------------
[EVAL @ 455,004 steps] gates_passed mean=0.00 max=0/6  success_rate=0%  (n=3)
---------------------------------
| rollout/           |          |
|    ep_len_mean     | 20.2     |
|    ep_rew_mean     | -356     |
| time/              |          |
|    fps             | 19       |
|    iterations      | 11       |
|    time_elapsed    | 2333     |
|    total_timesteps | 455056   |
---------------------------------
-----------------------------------------
| rollout/                |             |
|    ep_len_mean          | 19.7        |
|    ep_rew_mean          | -321        |
| time/                   |             |
|    fps                  | 19          |
|    iterations           | 12          |
|    time_elapsed         | 2534        |
|    total_timesteps      | 459152      |
| train/                  |             |
|    approx_kl            | 0.017317293 |
|    clip_fraction        | 0.253       |
|    clip_range           | 0.2         |
|    entropy_loss         | -3.88       |
|    explained_variance   | -1.07e-06   |
|    learning_rate        | 0.000298    |
|    loss                 | 3.13e+04    |
|    n_updates            | 1090        |
|    policy_gradient_loss | -0.00707    |
|    std                  | 0.698       |
|    value_loss           | 7.48e+04    |
-----------------------------------------
----------------------------------------
| eval/                   |            |
|    gates_passed         | 0          |
|    gates_passed_max     | 0          |
|    success_rate         | 0          |
|    total_gates          | 6          |
| train/                  |            |
|    approx_kl            | 0.01998845 |
|    clip_fraction        | 0.235      |
|    clip_range           | 0.2        |
|    entropy_loss         | -3.87      |
|    explained_variance   | -4.77e-07  |
|    learning_rate        | 0.000298   |
|    loss                 | 6.11e+03   |
|    n_updates            | 1100       |
|    policy_gradient_loss | -0.013     |
|    std                  | 0.698      |
|    value_loss           | 1.4e+04    |
----------------------------------------
[EVAL @ 460,004 steps] gates_passed mean=0.00 max=0/6  success_rate=0%  (n=3)
---------------------------------
| rollout/           |          |
|    ep_len_mean     | 19.1     |
|    ep_rew_mean     | -324     |
| time/              |          |
|    fps             | 19       |
|    iterations      | 13       |
|    time_elapsed    | 2740     |
|    total_timesteps | 463248   |
---------------------------------
-----------------------------------------
| eval/                   |             |
|    gates_passed         | 0           |
|    gates_passed_max     | 0           |
|    success_rate         | 0           |
|    total_gates          | 6           |
| train/                  |             |
|    approx_kl            | 0.027557459 |
|    clip_fraction        | 0.233       |
|    clip_range           | 0.2         |
|    entropy_loss         | -3.87       |
|    explained_variance   | -1.19e-07   |
|    learning_rate        | 0.000298    |
|    loss                 | 3.38e+03    |
|    n_updates            | 1110        |
|    policy_gradient_loss | -0.0084     |
|    std                  | 0.697       |
|    value_loss           | 1.06e+04    |
-----------------------------------------
[EVAL @ 465,004 steps] gates_passed mean=0.00 max=0/6  success_rate=0%  (n=3)
Resuming from checkpoint: surface_seed1\checkpoints\aigp_vision_460000_steps.zip (460,000 steps done)
Remaining: 199,540,000 timesteps
Wrapping the env in a VecTransposeImage.
Wrapping the env in a VecTransposeImage.
Vision-based training: 200,000,000 timesteps  (seed=1)
Image: 48x48, frame stack: 3
State: 10D (gravity_unit(3) + body_rates(3) + prev_action(4))
Feature extractor: CoarseCNN(64D) + FineCNN(128D) + StateMLP(64D) = 256D
Curriculum: medium(0-30%) -> ramp(30-80%) -> full(80-100%)
Motion blur: OFF (VQ1 default — full render throughput all run)
Envs: 4 (SubprocVecEnv)   save_dir: surface_seed1
Eval: every 5,000 steps, 3 episodes -> eval/gates_passed + eval/success_rate
Logging to surface_seed1\tb_logs\PPO_2

[Curriculum] Step 460,004 (0.2%) -> difficulty=0.50
----------------------------------
| eval/               |          |
|    gates_passed     | 0        |
|    gates_passed_max | 0        |
|    success_rate     | 0        |
|    total_gates      | 6        |
----------------------------------
[EVAL @ 460,004 steps] gates_passed mean=0.00 max=0/6  success_rate=0%  (n=3)
[EVAL] new best mean gates_passed=0.00 -> surface_seed1\best_model\best_model.zip
---------------------------------
| rollout/           |          |
|    ep_len_mean     | 19.3     |
|    ep_rew_mean     | -307     |
| time/              |          |
|    fps             | 23       |
|    iterations      | 1        |
|    time_elapsed    | 171      |
|    total_timesteps | 464096   |
---------------------------------
-----------------------------------------
| eval/                   |             |
|    gates_passed         | 0           |
|    gates_passed_max     | 0           |
|    success_rate         | 0           |
|    total_gates          | 6           |
| train/                  |             |
|    approx_kl            | 0.023309167 |
|    clip_fraction        | 0.241       |
|    clip_range           | 0.2         |
|    entropy_loss         | -3.88       |
|    explained_variance   | -1.19e-07   |
|    learning_rate        | 0.000298    |
|    loss                 | 4.57e+03    |
|    n_updates            | 1110        |
|    policy_gradient_loss | -0.0138     |
|    std                  | 0.7         |
|    value_loss           | 8.56e+03    |
-----------------------------------------
[EVAL @ 465,004 steps] gates_passed mean=0.00 max=0/6  success_rate=0%  (n=3)
---------------------------------
| rollout/           |          |
|    ep_len_mean     | 18.5     |
|    ep_rew_mean     | -323     |
| time/              |          |
|    fps             | 21       |
|    iterations      | 2        |
|    time_elapsed    | 381      |
|    total_timesteps | 468192   |
---------------------------------
-----------------------------------------
| eval/                   |             |
|    gates_passed         | 0           |
|    gates_passed_max     | 0           |
|    success_rate         | 0           |
|    total_gates          | 6           |
| train/                  |             |
|    approx_kl            | 0.021546401 |
|    clip_fraction        | 0.224       |
|    clip_range           | 0.2         |
|    entropy_loss         | -3.87       |
|    explained_variance   | -2.38e-07   |
|    learning_rate        | 0.000298    |
|    loss                 | 3.74e+03    |
|    n_updates            | 1120        |
|    policy_gradient_loss | -0.0127     |
|    std                  | 0.697       |
|    value_loss           | 7.79e+03    |
-----------------------------------------
[EVAL @ 470,004 steps] gates_passed mean=0.00 max=0/6  success_rate=0%  (n=3)
---------------------------------
| rollout/           |          |
|    ep_len_mean     | 19.7     |
|    ep_rew_mean     | -313     |
| time/              |          |
|    fps             | 21       |
|    iterations      | 3        |
|    time_elapsed    | 583      |
|    total_timesteps | 472288   |
---------------------------------
-----------------------------------------
| eval/                   |             |
|    gates_passed         | 0           |
|    gates_passed_max     | 0           |
|    success_rate         | 0           |
|    total_gates          | 6           |
| train/                  |             |
|    approx_kl            | 0.029073387 |
|    clip_fraction        | 0.253       |
|    clip_range           | 0.2         |
|    entropy_loss         | -3.87       |
|    explained_variance   | 0           |
|    learning_rate        | 0.000298    |
|    loss                 | 2.85e+03    |
|    n_updates            | 1130        |
|    policy_gradient_loss | -0.0105     |
|    std                  | 0.701       |
|    value_loss           | 6.15e+03    |
-----------------------------------------
[EVAL @ 475,004 steps] gates_passed mean=0.00 max=0/6  success_rate=0%  (n=3)
---------------------------------
| rollout/           |          |
|    ep_len_mean     | 19.6     |
|    ep_rew_mean     | -325     |
| time/              |          |
|    fps             | 20       |
|    iterations      | 4        |
|    time_elapsed    | 797      |
|    total_timesteps | 476384   |
---------------------------------
-----------------------------------------
| eval/                   |             |
|    gates_passed         | 0           |
|    gates_passed_max     | 0           |
|    success_rate         | 0           |
|    total_gates          | 6           |
| train/                  |             |
|    approx_kl            | 0.021529397 |
|    clip_fraction        | 0.207       |
|    clip_range           | 0.2         |
|    entropy_loss         | -3.87       |
|    explained_variance   | 0           |
|    learning_rate        | 0.000298    |
|    loss                 | 3.18e+03    |
|    n_updates            | 1140        |
|    policy_gradient_loss | -0.0137     |
|    std                  | 0.702       |
|    value_loss           | 7.03e+03    |
-----------------------------------------
[EVAL @ 480,004 steps] gates_passed mean=0.00 max=0/6  success_rate=0%  (n=3)
---------------------------------
| rollout/           |          |
|    ep_len_mean     | 18.2     |
|    ep_rew_mean     | -300     |
| time/              |          |
|    fps             | 20       |
|    iterations      | 5        |
|    time_elapsed    | 1018     |
|    total_timesteps | 480480   |
---------------------------------
-----------------------------------------
| rollout/                |             |
|    ep_len_mean          | 19.9        |
|    ep_rew_mean          | -308        |
| time/                   |             |
|    fps                  | 20          |
|    iterations           | 6           |
|    time_elapsed         | 1214        |
|    total_timesteps      | 484576      |
| train/                  |             |
|    approx_kl            | 0.021669775 |
|    clip_fraction        | 0.221       |
|    clip_range           | 0.2         |
|    entropy_loss         | -3.87       |
|    explained_variance   | -4.77e-07   |
|    learning_rate        | 0.000298    |
|    loss                 | 2.97e+03    |
|    n_updates            | 1150        |
|    policy_gradient_loss | -0.0122     |
|    std                  | 0.7         |
|    value_loss           | 5.78e+03    |
-----------------------------------------
-----------------------------------------
| eval/                   |             |
|    gates_passed         | 0           |
|    gates_passed_max     | 0           |
|    success_rate         | 0           |
|    total_gates          | 6           |
| train/                  |             |
|    approx_kl            | 0.021156501 |
|    clip_fraction        | 0.181       |
|    clip_range           | 0.2         |
|    entropy_loss         | -3.86       |
|    explained_variance   | -2.38e-07   |
|    learning_rate        | 0.000298    |
|    loss                 | 3.33e+03    |
|    n_updates            | 1160        |
|    policy_gradient_loss | -0.015      |
|    std                  | 0.701       |
|    value_loss           | 7.78e+03    |
-----------------------------------------
[EVAL @ 485,004 steps] gates_passed mean=0.00 max=0/6  success_rate=0%  (n=3)
---------------------------------
| rollout/           |          |
|    ep_len_mean     | 21.2     |
|    ep_rew_mean     | -313     |
| time/              |          |
|    fps             | 20       |
|    iterations      | 7        |
|    time_elapsed    | 1416     |
|    total_timesteps | 488672   |
---------------------------------
----------------------------------------
| eval/                   |            |
|    gates_passed         | 0          |
|    gates_passed_max     | 0          |
|    success_rate         | 0          |
|    total_gates          | 6          |
| train/                  |            |
|    approx_kl            | 0.02713921 |
|    clip_fraction        | 0.24       |
|    clip_range           | 0.2        |
|    entropy_loss         | -3.85      |
|    explained_variance   | 0          |
|    learning_rate        | 0.000298   |
|    loss                 | 2.1e+03    |
|    n_updates            | 1170       |
|    policy_gradient_loss | -0.0124    |
|    std                  | 0.697      |
|    value_loss           | 4.14e+03   |
----------------------------------------
[EVAL @ 490,004 steps] gates_passed mean=0.00 max=0/6  success_rate=0%  (n=3)
---------------------------------
| rollout/           |          |
|    ep_len_mean     | 18.8     |
|    ep_rew_mean     | -307     |
| time/              |          |
|    fps             | 20       |
|    iterations      | 8        |
|    time_elapsed    | 1622     |
|    total_timesteps | 492768   |
---------------------------------
-----------------------------------------
| eval/                   |             |
|    gates_passed         | 0           |
|    gates_passed_max     | 0           |
|    success_rate         | 0           |
|    total_gates          | 6           |
| train/                  |             |
|    approx_kl            | 0.018738646 |
|    clip_fraction        | 0.223       |
|    clip_range           | 0.2         |
|    entropy_loss         | -3.83       |
|    explained_variance   | -2.38e-07   |
|    learning_rate        | 0.000298    |
|    loss                 | 2.39e+03    |
|    n_updates            | 1180        |
|    policy_gradient_loss | -0.00694    |
|    std                  | 0.698       |
|    value_loss           | 5.15e+03    |
-----------------------------------------
[EVAL @ 495,004 steps] gates_passed mean=0.00 max=0/6  success_rate=0%  (n=3)
---------------------------------
| rollout/           |          |
|    ep_len_mean     | 15.7     |
|    ep_rew_mean     | -295     |
| time/              |          |
|    fps             | 19       |
|    iterations      | 9        |
|    time_elapsed    | 1846     |
|    total_timesteps | 496864   |
---------------------------------
-----------------------------------------
| eval/                   |             |
|    gates_passed         | 0           |
|    gates_passed_max     | 0           |
|    success_rate         | 0           |
|    total_gates          | 6           |
| train/                  |             |
|    approx_kl            | 0.019629955 |
|    clip_fraction        | 0.223       |
|    clip_range           | 0.2         |
|    entropy_loss         | -3.82       |
|    explained_variance   | -2.38e-07   |
|    learning_rate        | 0.000298    |
|    loss                 | 2.3e+03     |
|    n_updates            | 1190        |
|    policy_gradient_loss | -0.00904    |
|    std                  | 0.698       |
|    value_loss           | 4.97e+03    |
-----------------------------------------
[EVAL @ 500,004 steps] gates_passed mean=0.00 max=0/6  success_rate=0%  (n=3)
---------------------------------
| rollout/           |          |
|    ep_len_mean     | 16.9     |
|    ep_rew_mean     | -297     |
| time/              |          |
|    fps             | 19       |
|    iterations      | 10       |
|    time_elapsed    | 2063     |
|    total_timesteps | 500960   |
---------------------------------
-----------------------------------------
| eval/                   |             |
|    gates_passed         | 0           |
|    gates_passed_max     | 0           |
|    success_rate         | 0           |
|    total_gates          | 6           |
| train/                  |             |
|    approx_kl            | 0.020946082 |
|    clip_fraction        | 0.197       |
|    clip_range           | 0.2         |
|    entropy_loss         | -3.82       |
|    explained_variance   | 0           |
|    learning_rate        | 0.000298    |
|    loss                 | 1.74e+03    |
|    n_updates            | 1200        |
|    policy_gradient_loss | -0.0117     |
|    std                  | 0.698       |
|    value_loss           | 3.72e+03    |
-----------------------------------------
[EVAL @ 505,004 steps] gates_passed mean=0.00 max=0/6  success_rate=0%  (n=3)
---------------------------------
| rollout/           |          |
|    ep_len_mean     | 17.5     |
|    ep_rew_mean     | -297     |
| time/              |          |
|    fps             | 19       |
|    iterations      | 11       |
|    time_elapsed    | 2274     |
|    total_timesteps | 505056   |
---------------------------------
-----------------------------------------
| rollout/                |             |
|    ep_len_mean          | 15.3        |
|    ep_rew_mean          | -299        |
| time/                   |             |
|    fps                  | 19          |
|    iterations           | 12          |
|    time_elapsed         | 2481        |
|    total_timesteps      | 509152      |
| train/                  |             |
|    approx_kl            | 0.021449635 |
|    clip_fraction        | 0.235       |
|    clip_range           | 0.2         |
|    entropy_loss         | -3.81       |
|    explained_variance   | 0           |
|    learning_rate        | 0.000298    |
|    loss                 | 1.36e+03    |
|    n_updates            | 1210        |
|    policy_gradient_loss | -0.00719    |
|    std                  | 0.696       |
|    value_loss           | 3.6e+03     |
-----------------------------------------
-----------------------------------------
| eval/                   |             |
|    gates_passed         | 0           |
|    gates_passed_max     | 0           |
|    success_rate         | 0           |
|    total_gates          | 6           |
| train/                  |             |
|    approx_kl            | 0.024452519 |
|    clip_fraction        | 0.226       |
|    clip_range           | 0.2         |
|    entropy_loss         | -3.79       |
|    explained_variance   | -1.19e-07   |
|    learning_rate        | 0.000298    |
|    loss                 | 2.97e+03    |
|    n_updates            | 1220        |
|    policy_gradient_loss | -0.0105     |
|    std                  | 0.694       |
|    value_loss           | 4.36e+03    |
-----------------------------------------
[EVAL @ 510,004 steps] gates_passed mean=0.00 max=0/6  success_rate=0%  (n=3)
---------------------------------
| rollout/           |          |
|    ep_len_mean     | 17       |
|    ep_rew_mean     | -289     |
| time/              |          |
|    fps             | 19       |
|    iterations      | 13       |
|    time_elapsed    | 2699     |
|    total_timesteps | 513248   |
---------------------------------
-----------------------------------------
| eval/                   |             |
|    gates_passed         | 0           |
|    gates_passed_max     | 0           |
|    success_rate         | 0           |
|    total_gates          | 6           |
| train/                  |             |
|    approx_kl            | 0.040367547 |
|    clip_fraction        | 0.247       |
|    clip_range           | 0.2         |
|    entropy_loss         | -3.79       |
|    explained_variance   | -1.19e-07   |
|    learning_rate        | 0.000298    |
|    loss                 | 1.68e+03    |
|    n_updates            | 1230        |
|    policy_gradient_loss | -0.0072     |
|    std                  | 0.695       |
|    value_loss           | 2.96e+03    |
-----------------------------------------
[EVAL @ 515,004 steps] gates_passed mean=0.00 max=0/6  success_rate=0%  (n=3)
---------------------------------
| rollout/           |          |
|    ep_len_mean     | 15.9     |
|    ep_rew_mean     | -283     |
| time/              |          |
|    fps             | 19       |
|    iterations      | 14       |
|    time_elapsed    | 2920     |
|    total_timesteps | 517344   |
---------------------------------
-----------------------------------------
| eval/                   |             |
|    gates_passed         | 0           |
|    gates_passed_max     | 0           |
|    success_rate         | 0           |
|    total_gates          | 6           |
| train/                  |             |
|    approx_kl            | 0.021872833 |
|    clip_fraction        | 0.229       |
|    clip_range           | 0.2         |
|    entropy_loss         | -3.79       |
|    explained_variance   | -1.19e-07   |
|    learning_rate        | 0.000298    |
|    loss                 | 1.2e+03     |
|    n_updates            | 1240        |
|    policy_gradient_loss | -0.0105     |
|    std                  | 0.694       |
|    value_loss           | 3.33e+03    |
-----------------------------------------
[EVAL @ 520,004 steps] gates_passed mean=0.00 max=0/6  success_rate=0%  (n=3)
---------------------------------
| rollout/           |          |
|    ep_len_mean     | 20.6     |
|    ep_rew_mean     | -294     |
| time/              |          |
|    fps             | 19       |
|    iterations      | 15       |
|    time_elapsed    | 3127     |
|    total_timesteps | 521440   |
---------------------------------
-----------------------------------------
| eval/                   |             |
|    gates_passed         | 0           |
|    gates_passed_max     | 0           |
|    success_rate         | 0           |
|    total_gates          | 6           |
| train/                  |             |
|    approx_kl            | 0.024223102 |
|    clip_fraction        | 0.225       |
|    clip_range           | 0.2         |
|    entropy_loss         | -3.8        |
|    explained_variance   | -2.38e-07   |
|    learning_rate        | 0.000298    |
|    loss                 | 1.35e+03    |
|    n_updates            | 1250        |
|    policy_gradient_loss | -0.0079     |
|    std                  | 0.699       |
|    value_loss           | 2.96e+03    |
-----------------------------------------
[EVAL @ 525,004 steps] gates_passed mean=0.00 max=0/6  success_rate=0%  (n=3)
---------------------------------
| rollout/           |          |
|    ep_len_mean     | 19.7     |
|    ep_rew_mean     | -340     |
| time/              |          |
|    fps             | 19       |
|    iterations      | 16       |
|    time_elapsed    | 3332     |
|    total_timesteps | 525536   |
---------------------------------
----------------------------------------
| rollout/                |            |
|    ep_len_mean          | 18.8       |
|    ep_rew_mean          | -311       |
| time/                   |            |
|    fps                  | 19         |
|    iterations           | 17         |
|    time_elapsed         | 3529       |
|    total_timesteps      | 529632     |
| train/                  |            |
|    approx_kl            | 0.05688195 |
|    clip_fraction        | 0.556      |
|    clip_range           | 0.2        |
|    entropy_loss         | -3.81      |
|    explained_variance   | -3.58e-07  |
|    learning_rate        | 0.000298   |
|    loss                 | 7.22e+05   |
|    n_updates            | 1260       |
|    policy_gradient_loss | 0.00638    |
|    std                  | 0.699      |
|    value_loss           | 3.75e+06   |
----------------------------------------
-----------------------------------------
| eval/                   |             |
|    gates_passed         | 0           |
|    gates_passed_max     | 0           |
|    success_rate         | 0           |
|    total_gates          | 6           |
| train/                  |             |
|    approx_kl            | 0.018595912 |
|    clip_fraction        | 0.158       |
|    clip_range           | 0.2         |
|    entropy_loss         | -3.81       |
|    explained_variance   | 0           |
|    learning_rate        | 0.000298    |
|    loss                 | 2.1e+03     |
|    n_updates            | 1270        |
|    policy_gradient_loss | -0.0174     |
|    std                  | 0.7         |
|    value_loss           | 4.55e+03    |
-----------------------------------------
[EVAL @ 530,004 steps] gates_passed mean=0.00 max=0/6  success_rate=0%  (n=3)
---------------------------------
| rollout/           |          |
|    ep_len_mean     | 19.9     |
|    ep_rew_mean     | -303     |
| time/              |          |
|    fps             | 19       |
|    iterations      | 18       |
|    time_elapsed    | 3729     |
|    total_timesteps | 533728   |
---------------------------------
----------------------------------------
| eval/                   |            |
|    gates_passed         | 0          |
|    gates_passed_max     | 0          |
|    success_rate         | 0          |
|    total_gates          | 6          |
| train/                  |            |
|    approx_kl            | 0.02363926 |
|    clip_fraction        | 0.231      |
|    clip_range           | 0.2        |
|    entropy_loss         | -3.8       |
|    explained_variance   | -1.19e-07  |
|    learning_rate        | 0.000298   |
|    loss                 | 1.3e+03    |
|    n_updates            | 1280       |
|    policy_gradient_loss | -0.00971   |
|    std                  | 0.698      |
|    value_loss           | 2.6e+03    |
----------------------------------------
[EVAL @ 535,004 steps] gates_passed mean=0.00 max=0/6  success_rate=0%  (n=3)
---------------------------------
| rollout/           |          |
|    ep_len_mean     | 25.1     |
|    ep_rew_mean     | -309     |
| time/              |          |
|    fps             | 19       |
|    iterations      | 19       |
|    time_elapsed    | 3924     |
|    total_timesteps | 537824   |
---------------------------------
-----------------------------------------
| eval/                   |             |
|    gates_passed         | 0           |
|    gates_passed_max     | 0           |
|    success_rate         | 0           |
|    total_gates          | 6           |
| train/                  |             |
|    approx_kl            | 0.022211738 |
|    clip_fraction        | 0.244       |
|    clip_range           | 0.2         |
|    entropy_loss         | -3.79       |
|    explained_variance   | -1.19e-07   |
|    learning_rate        | 0.000298    |
|    loss                 | 1.14e+03    |
|    n_updates            | 1290        |
|    policy_gradient_loss | -0.0114     |
|    std                  | 0.699       |
|    value_loss           | 2.44e+03    |
-----------------------------------------
[EVAL @ 540,004 steps] gates_passed mean=0.00 max=0/6  success_rate=0%  (n=3)
---------------------------------
| rollout/           |          |
|    ep_len_mean     | 26.5     |
|    ep_rew_mean     | -303     |
| time/              |          |
|    fps             | 19       |
|    iterations      | 20       |
|    time_elapsed    | 4116     |
|    total_timesteps | 541920   |
---------------------------------
-----------------------------------------
| eval/                   |             |
|    gates_passed         | 0           |
|    gates_passed_max     | 0           |
|    success_rate         | 0           |
|    total_gates          | 6           |
| train/                  |             |
|    approx_kl            | 0.028902322 |
|    clip_fraction        | 0.289       |
|    clip_range           | 0.2         |
|    entropy_loss         | -3.8        |
|    explained_variance   | -1.19e-07   |
|    learning_rate        | 0.000298    |
|    loss                 | 1.71e+03    |
|    n_updates            | 1300        |
|    policy_gradient_loss | -0.0127     |
|    std                  | 0.704       |
|    value_loss           | 3.85e+03    |
-----------------------------------------
[EVAL @ 545,004 steps] gates_passed mean=0.00 max=0/6  success_rate=0%  (n=3)
---------------------------------
| rollout/           |          |
|    ep_len_mean     | 18.4     |
|    ep_rew_mean     | -290     |
| time/              |          |
|    fps             | 19       |
|    iterations      | 21       |
|    time_elapsed    | 4314     |
|    total_timesteps | 546016   |
---------------------------------
Resuming from checkpoint: surface_seed1\checkpoints\aigp_vision_540000_steps.zip (540,000 steps done)
Remaining: 199,460,000 timesteps
Wrapping the env in a VecTransposeImage.
Wrapping the env in a VecTransposeImage.
Vision-based training: 200,000,000 timesteps  (seed=1)
Image: 48x48, frame stack: 3
State: 10D (gravity_unit(3) + body_rates(3) + prev_action(4))
Feature extractor: CoarseCNN(64D) + FineCNN(128D) + StateMLP(64D) = 256D
Curriculum: medium(0-30%) -> ramp(30-80%) -> full(80-100%)
Motion blur: OFF (VQ1 default — full render throughput all run)
Envs: 4 (SubprocVecEnv)   save_dir: surface_seed1
Eval: every 5,000 steps, 3 episodes -> eval/gates_passed + eval/success_rate
Logging to surface_seed1\tb_logs\PPO_2

[Curriculum] Step 540,004 (0.3%) -> difficulty=0.50
----------------------------------
| eval/               |          |
|    gates_passed     | 0        |
|    gates_passed_max | 0        |
|    success_rate     | 0        |
|    total_gates      | 6        |
----------------------------------
[EVAL @ 540,004 steps] gates_passed mean=0.00 max=0/6  success_rate=0%  (n=3)
[EVAL] new best mean gates_passed=0.00 -> surface_seed1\best_model\best_model.zip
---------------------------------
| rollout/           |          |
|    ep_len_mean     | 25.5     |
|    ep_rew_mean     | -311     |
| time/              |          |
|    fps             | 25       |
|    iterations      | 1        |
|    time_elapsed    | 159      |
|    total_timesteps | 544096   |
---------------------------------
-----------------------------------------
| eval/                   |             |
|    gates_passed         | 0           |
|    gates_passed_max     | 0           |
|    success_rate         | 0           |
|    total_gates          | 6           |
| train/                  |             |
|    approx_kl            | 0.041629575 |
|    clip_fraction        | 0.351       |
|    clip_range           | 0.2         |
|    entropy_loss         | -3.8        |
|    explained_variance   | 0           |
|    learning_rate        | 0.000298    |
|    loss                 | 1.41e+03    |
|    n_updates            | 1300        |
|    policy_gradient_loss | -0.00245    |
|    std                  | 0.702       |
|    value_loss           | 3.29e+03    |
-----------------------------------------
[EVAL @ 545,004 steps] gates_passed mean=0.00 max=0/6  success_rate=0%  (n=3)
Resuming from checkpoint: surface_seed1\checkpoints\aigp_vision_540000_steps.zip (540,000 steps done)
Remaining: 199,460,000 timesteps
Wrapping the env in a VecTransposeImage.
Wrapping the env in a VecTransposeImage.
Vision-based training: 200,000,000 timesteps  (seed=1)
Image: 48x48, frame stack: 3
State: 10D (gravity_unit(3) + body_rates(3) + prev_action(4))
Feature extractor: CoarseCNN(64D) + FineCNN(128D) + StateMLP(64D) = 256D
Curriculum: medium(0-30%) -> ramp(30-80%) -> full(80-100%)
Motion blur: OFF (VQ1 default — full render throughput all run)
Envs: 4 (SubprocVecEnv)   save_dir: surface_seed1
Eval: every 5,000 steps, 3 episodes -> eval/gates_passed + eval/success_rate
Logging to surface_seed1\tb_logs\PPO_2

[Curriculum] Step 540,004 (0.3%) -> difficulty=0.50
----------------------------------
| eval/               |          |
|    gates_passed     | 0        |
|    gates_passed_max | 0        |
|    success_rate     | 0        |
|    total_gates      | 6        |
----------------------------------
[EVAL @ 540,004 steps] gates_passed mean=0.00 max=0/6  success_rate=0%  (n=3)
[EVAL] new best mean gates_passed=0.00 -> surface_seed1\best_model\best_model.zip
---------------------------------
| rollout/           |          |
|    ep_len_mean     | 25.5     |
|    ep_rew_mean     | -311     |
| time/              |          |
|    fps             | 25       |
|    iterations      | 1        |
|    time_elapsed    | 161      |
|    total_timesteps | 544096   |
---------------------------------
-----------------------------------------
| eval/                   |             |
|    gates_passed         | 0           |
|    gates_passed_max     | 0           |
|    success_rate         | 0           |
|    total_gates          | 6           |
| train/                  |             |
|    approx_kl            | 0.041629575 |
|    clip_fraction        | 0.351       |
|    clip_range           | 0.2         |
|    entropy_loss         | -3.8        |
|    explained_variance   | 0           |
|    learning_rate        | 0.000298    |
|    loss                 | 1.41e+03    |
|    n_updates            | 1300        |
|    policy_gradient_loss | -0.00245    |
|    std                  | 0.702       |
|    value_loss           | 3.29e+03    |
-----------------------------------------
[EVAL @ 545,004 steps] gates_passed mean=0.00 max=0/6  success_rate=0%  (n=3)
---------------------------------
| rollout/           |          |
|    ep_len_mean     | 28.1     |
|    ep_rew_mean     | -319     |
| time/              |          |
|    fps             | 23       |
|    iterations      | 2        |
|    time_elapsed    | 351      |
|    total_timesteps | 548192   |
---------------------------------
-----------------------------------------
| eval/                   |             |
|    gates_passed         | 0           |
|    gates_passed_max     | 0           |
|    success_rate         | 0           |
|    total_gates          | 6           |
| train/                  |             |
|    approx_kl            | 0.025789142 |
|    clip_fraction        | 0.26        |
|    clip_range           | 0.2         |
|    entropy_loss         | -3.8        |
|    explained_variance   | -1.19e-07   |
|    learning_rate        | 0.000298    |
|    loss                 | 1.87e+03    |
|    n_updates            | 1310        |
|    policy_gradient_loss | -0.0153     |
|    std                  | 0.701       |
|    value_loss           | 4.07e+03    |
-----------------------------------------
[EVAL @ 550,004 steps] gates_passed mean=0.00 max=0/6  success_rate=0%  (n=3)
---------------------------------
| rollout/           |          |
|    ep_len_mean     | 23.9     |
|    ep_rew_mean     | -309     |
| time/              |          |
|    fps             | 22       |
|    iterations      | 3        |
|    time_elapsed    | 545      |
|    total_timesteps | 552288   |
---------------------------------
----------------------------------------
| eval/                   |            |
|    gates_passed         | 0          |
|    gates_passed_max     | 0          |
|    success_rate         | 0          |
|    total_gates          | 6          |
| train/                  |            |
|    approx_kl            | 0.02711235 |
|    clip_fraction        | 0.207      |
|    clip_range           | 0.2        |
|    entropy_loss         | -3.79      |
|    explained_variance   | -1.19e-07  |
|    learning_rate        | 0.000298   |
|    loss                 | 1.43e+03   |
|    n_updates            | 1320       |
|    policy_gradient_loss | -0.0165    |
|    std                  | 0.701      |
|    value_loss           | 5.98e+03   |
----------------------------------------
[EVAL @ 555,004 steps] gates_passed mean=0.00 max=0/6  success_rate=0%  (n=3)
---------------------------------
| rollout/           |          |
|    ep_len_mean     | 20.2     |
|    ep_rew_mean     | -291     |
| time/              |          |
|    fps             | 21       |
|    iterations      | 4        |
|    time_elapsed    | 746      |
|    total_timesteps | 556384   |
---------------------------------
-----------------------------------------
| eval/                   |             |
|    gates_passed         | 0           |
|    gates_passed_max     | 0           |
|    success_rate         | 0           |
|    total_gates          | 6           |
| train/                  |             |
|    approx_kl            | 0.031736154 |
|    clip_fraction        | 0.258       |
|    clip_range           | 0.2         |
|    entropy_loss         | -3.8        |
|    explained_variance   | 0           |
|    learning_rate        | 0.000298    |
|    loss                 | 789         |
|    n_updates            | 1330        |
|    policy_gradient_loss | -0.00877    |
|    std                  | 0.704       |
|    value_loss           | 1.68e+03    |
-----------------------------------------
[EVAL @ 560,004 steps] gates_passed mean=0.00 max=0/6  success_rate=0%  (n=3)
---------------------------------
| rollout/           |          |
|    ep_len_mean     | 29       |
|    ep_rew_mean     | -328     |
| time/              |          |
|    fps             | 21       |
|    iterations      | 5        |
|    time_elapsed    | 942      |
|    total_timesteps | 560480   |
---------------------------------
-----------------------------------------
| rollout/                |             |
|    ep_len_mean          | 26.1        |
|    ep_rew_mean          | -358        |
| time/                   |             |
|    fps                  | 21          |
|    iterations           | 6           |
|    time_elapsed         | 1122        |
|    total_timesteps      | 564576      |
| train/                  |             |
|    approx_kl            | 0.018878322 |
|    clip_fraction        | 0.224       |
|    clip_range           | 0.2         |
|    entropy_loss         | -3.8        |
|    explained_variance   | -1.19e-07   |
|    learning_rate        | 0.000298    |
|    loss                 | 1.89e+03    |
|    n_updates            | 1340        |
|    policy_gradient_loss | -0.0132     |
|    std                  | 0.707       |
|    value_loss           | 3.81e+03    |
-----------------------------------------
------------------------------------------
| eval/                   |              |
|    gates_passed         | 0            |
|    gates_passed_max     | 0            |
|    success_rate         | 0            |
|    total_gates          | 6            |
| train/                  |              |
|    approx_kl            | 0.0141816065 |
|    clip_fraction        | 0.176        |
|    clip_range           | 0.2          |
|    entropy_loss         | -3.8         |
|    explained_variance   | -1.19e-07    |
|    learning_rate        | 0.000298     |
|    loss                 | 1.36e+04     |
|    n_updates            | 1350         |
|    policy_gradient_loss | -0.0131      |
|    std                  | 0.708        |
|    value_loss           | 3.01e+04     |
------------------------------------------
[EVAL @ 565,004 steps] gates_passed mean=0.00 max=0/6  success_rate=0%  (n=3)
---------------------------------
| rollout/           |          |
|    ep_len_mean     | 32.2     |
|    ep_rew_mean     | -331     |
| time/              |          |
|    fps             | 21       |
|    iterations      | 7        |
|    time_elapsed    | 1308     |
|    total_timesteps | 568672   |
---------------------------------
----------------------------------------
| eval/                   |            |
|    gates_passed         | 0          |
|    gates_passed_max     | 0          |
|    success_rate         | 0          |
|    total_gates          | 6          |
| train/                  |            |
|    approx_kl            | 0.03675576 |
|    clip_fraction        | 0.263      |
|    clip_range           | 0.2        |
|    entropy_loss         | -3.8       |
|    explained_variance   | 0          |
|    learning_rate        | 0.000298   |
|    loss                 | 3.25e+03   |
|    n_updates            | 1360       |
|    policy_gradient_loss | -0.0134    |
|    std                  | 0.708      |
|    value_loss           | 7.29e+03   |
----------------------------------------
[EVAL @ 570,004 steps] gates_passed mean=0.00 max=0/6  success_rate=0%  (n=3)
---------------------------------
| rollout/           |          |
|    ep_len_mean     | 30       |
|    ep_rew_mean     | -395     |
| time/              |          |
|    fps             | 21       |
|    iterations      | 8        |
|    time_elapsed    | 1497     |
|    total_timesteps | 572768   |
---------------------------------
Resuming from checkpoint: surface_seed1\checkpoints\aigp_vision_570000_steps.zip (570,000 steps done)
Remaining: 199,430,000 timesteps
Wrapping the env in a VecTransposeImage.
Wrapping the env in a VecTransposeImage.
Vision-based training: 200,000,000 timesteps  (seed=1)
Image: 48x48, frame stack: 3
State: 10D (gravity_unit(3) + body_rates(3) + prev_action(4))
Feature extractor: CoarseCNN(64D) + FineCNN(128D) + StateMLP(64D) = 256D
Curriculum: medium(0-30%) -> ramp(30-80%) -> full(80-100%)
Motion blur: OFF (VQ1 default — full render throughput all run)
Envs: 4 (SubprocVecEnv)   save_dir: surface_seed1
Eval: every 5,000 steps, 3 episodes -> eval/gates_passed + eval/success_rate
Logging to surface_seed1\tb_logs\PPO_2

[Curriculum] Step 570,004 (0.3%) -> difficulty=0.50
----------------------------------
| eval/               |          |
|    gates_passed     | 0        |
|    gates_passed_max | 0        |
|    success_rate     | 0        |
|    total_gates      | 6        |
----------------------------------
[EVAL @ 570,004 steps] gates_passed mean=0.00 max=0/6  success_rate=0%  (n=3)
[EVAL] new best mean gates_passed=0.00 -> surface_seed1\best_model\best_model.zip
---------------------------------
| rollout/           |          |
|    ep_len_mean     | 29.2     |
|    ep_rew_mean     | -320     |
| time/              |          |
|    fps             | 27       |
|    iterations      | 1        |
|    time_elapsed    | 149      |
|    total_timesteps | 574096   |
---------------------------------
----------------------------------------
| eval/                   |            |
|    gates_passed         | 0          |
|    gates_passed_max     | 0          |
|    success_rate         | 0          |
|    total_gates          | 6          |
| train/                  |            |
|    approx_kl            | 0.04710576 |
|    clip_fraction        | 0.374      |
|    clip_range           | 0.2        |
|    entropy_loss         | -3.78      |
|    explained_variance   | 0          |
|    learning_rate        | 0.000298   |
|    loss                 | 1.7e+03    |
|    n_updates            | 1370       |
|    policy_gradient_loss | 0.000492   |
|    std                  | 0.701      |
|    value_loss           | 2.24e+03   |
----------------------------------------
[EVAL @ 575,004 steps] gates_passed mean=0.00 max=0/6  success_rate=0%  (n=3)
---------------------------------
| rollout/           |          |
|    ep_len_mean     | 27       |
|    ep_rew_mean     | -328     |
| time/              |          |
|    fps             | 24       |
|    iterations      | 2        |
|    time_elapsed    | 340      |
|    total_timesteps | 578192   |
---------------------------------
-----------------------------------------
| eval/                   |             |
|    gates_passed         | 0           |
|    gates_passed_max     | 0           |
|    success_rate         | 0           |
|    total_gates          | 6           |
| train/                  |             |
|    approx_kl            | 0.019571587 |
|    clip_fraction        | 0.207       |
|    clip_range           | 0.2         |
|    entropy_loss         | -3.77       |
|    explained_variance   | 0           |
|    learning_rate        | 0.000298    |
|    loss                 | 1.61e+03    |
|    n_updates            | 1380        |
|    policy_gradient_loss | -0.0167     |
|    std                  | 0.699       |
|    value_loss           | 3.26e+03    |
-----------------------------------------
[EVAL @ 580,004 steps] gates_passed mean=0.00 max=0/6  success_rate=0%  (n=3)
---------------------------------
| rollout/           |          |
|    ep_len_mean     | 37.6     |
|    ep_rew_mean     | -344     |
| time/              |          |
|    fps             | 22       |
|    iterations      | 3        |
|    time_elapsed    | 548      |
|    total_timesteps | 582288   |
---------------------------------
----------------------------------------
| eval/                   |            |
|    gates_passed         | 0          |
|    gates_passed_max     | 0          |
|    success_rate         | 0          |
|    total_gates          | 6          |
| train/                  |            |
|    approx_kl            | 0.03185965 |
|    clip_fraction        | 0.276      |
|    clip_range           | 0.2        |
|    entropy_loss         | -3.76      |
|    explained_variance   | 0          |
|    learning_rate        | 0.000298   |
|    loss                 | 885        |
|    n_updates            | 1390       |
|    policy_gradient_loss | -0.0164    |
|    std                  | 0.699      |
|    value_loss           | 2.32e+03   |
----------------------------------------
[EVAL @ 585,004 steps] gates_passed mean=0.00 max=0/6  success_rate=0%  (n=3)
---------------------------------
| rollout/           |          |
|    ep_len_mean     | 43.1     |
|    ep_rew_mean     | -633     |
| time/              |          |
|    fps             | 22       |
|    iterations      | 4        |
|    time_elapsed    | 733      |
|    total_timesteps | 586384   |
---------------------------------
Traceback (most recent call last):
  File "C:\Users\nohab\Desktop\AI GP\AI-GrandPrix-\train_vision.py", line 439, in <module>
    main()
    ~~~~^^
  File "C:\Users\nohab\Desktop\AI GP\AI-GrandPrix-\train_vision.py", line 423, in main
    model.learn(
    ~~~~~~~~~~~^
        total_timesteps=remaining_timesteps,
        ^^^^^^^^^^^^^^^^^^^^^^^^^^^^^^^^^^^^
    ...<2 lines>...
        reset_num_timesteps=False if resume_path else True,
        ^^^^^^^^^^^^^^^^^^^^^^^^^^^^^^^^^^^^^^^^^^^^^^^^^^^
    )
    ^
  File "C:\Users\nohab\AppData\Local\Python\pythoncore-3.14-64\Lib\site-packages\stable_baselines3\ppo\ppo.py", line 311, in learn
    return super().learn(
           ~~~~~~~~~~~~~^
        total_timesteps=total_timesteps,
        ^^^^^^^^^^^^^^^^^^^^^^^^^^^^^^^^
    ...<4 lines>...
        progress_bar=progress_bar,
        ^^^^^^^^^^^^^^^^^^^^^^^^^^
    )
    ^
  File "C:\Users\nohab\AppData\Local\Python\pythoncore-3.14-64\Lib\site-packages\stable_baselines3\common\on_policy_algorithm.py", line 324, in learn
    continue_training = self.collect_rollouts(self.env, callback, self.rollout_buffer, n_rollout_steps=self.n_steps)
  File "C:\Users\nohab\AppData\Local\Python\pythoncore-3.14-64\Lib\site-packages\stable_baselines3\common\on_policy_algorithm.py", line 224, in collect_rollouts
    if not callback.on_step():
           ~~~~~~~~~~~~~~~~^^
  File "C:\Users\nohab\AppData\Local\Python\pythoncore-3.14-64\Lib\site-packages\stable_baselines3\common\callbacks.py", line 115, in on_step
    return self._on_step()
           ~~~~~~~~~~~~~^^
  File "C:\Users\nohab\AppData\Local\Python\pythoncore-3.14-64\Lib\site-packages\stable_baselines3\common\callbacks.py", line 224, in _on_step
    continue_training = callback.on_step() and continue_training
                        ~~~~~~~~~~~~~~~~^^
  File "C:\Users\nohab\AppData\Local\Python\pythoncore-3.14-64\Lib\site-packages\stable_baselines3\common\callbacks.py", line 115, in on_step
    return self._on_step()
           ~~~~~~~~~~~~~^^
  File "C:\Users\nohab\AppData\Local\Python\pythoncore-3.14-64\Lib\site-packages\stable_baselines3\common\callbacks.py", line 303, in _on_step
    self.model.save(model_path)
    ~~~~~~~~~~~~~~~^^^^^^^^^^^^
  File "C:\Users\nohab\AppData\Local\Python\pythoncore-3.14-64\Lib\site-packages\stable_baselines3\common\base_class.py", line 867, in save
    save_to_zip_file(path, data=data, params=params_to_save, pytorch_variables=pytorch_variables)
    ~~~~~~~~~~~~~~~~^^^^^^^^^^^^^^^^^^^^^^^^^^^^^^^^^^^^^^^^^^^^^^^^^^^^^^^^^^^^^^^^^^^^^^^^^^^^^
  File "C:\Users\nohab\AppData\Local\Python\pythoncore-3.14-64\Lib\site-packages\stable_baselines3\common\save_util.py", line 322, in save_to_zip_file
    archive.writestr("data", serialized_data)
    ~~~~~~~~~~~~~~~~^^^^^^^^^^^^^^^^^^^^^^^^^
  File "C:\Users\nohab\AppData\Local\Python\pythoncore-3.14-64\Lib\zipfile\__init__.py", line 2020, in writestr
    dest.write(data)
    ~~~~~~~~~~^^^^^^
  File "C:\Users\nohab\AppData\Local\Python\pythoncore-3.14-64\Lib\zipfile\__init__.py", line 1334, in write
    self._fileobj.write(data)
    ~~~~~~~~~~~~~~~~~~~^^^^^^
OSError: [Errno 28] No space left on device
Resuming from checkpoint: surface_seed1\checkpoints\aigp_vision_570000_steps.zip (570,000 steps done)
Remaining: 199,430,000 timesteps
Wrapping the env in a VecTransposeImage.
Wrapping the env in a VecTransposeImage.
Vision-based training: 200,000,000 timesteps  (seed=1)
Image: 48x48, frame stack: 3
State: 10D (gravity_unit(3) + body_rates(3) + prev_action(4))
Feature extractor: CoarseCNN(64D) + FineCNN(128D) + StateMLP(64D) = 256D
Curriculum: medium(0-30%) -> ramp(30-80%) -> full(80-100%)
Motion blur: OFF (VQ1 default — full render throughput all run)
Envs: 4 (SubprocVecEnv)   save_dir: surface_seed1
Eval: every 5,000 steps, 3 episodes -> eval/gates_passed + eval/success_rate
Logging to surface_seed1\tb_logs\PPO_2

[Curriculum] Step 570,008 (0.3%) -> difficulty=0.50
----------------------------------
| eval/               |          |
|    gates_passed     | 0        |
|    gates_passed_max | 0        |
|    success_rate     | 0        |
|    total_gates      | 6        |
----------------------------------
[EVAL @ 570,008 steps] gates_passed mean=0.00 max=0/6  success_rate=0%  (n=3)
[EVAL] new best mean gates_passed=0.00 -> surface_seed1\best_model\best_model.zip
---------------------------------
| rollout/           |          |
|    ep_len_mean     | 29.2     |
|    ep_rew_mean     | -320     |
| time/              |          |
|    fps             | 19       |
|    iterations      | 1        |
|    time_elapsed    | 205      |
|    total_timesteps | 574100   |
---------------------------------
-----------------------------------------
| eval/                   |             |
|    gates_passed         | 0           |
|    gates_passed_max     | 0           |
|    success_rate         | 0           |
|    total_gates          | 6           |
| train/                  |             |
|    approx_kl            | 0.042532247 |
|    clip_fraction        | 0.371       |
|    clip_range           | 0.2         |
|    entropy_loss         | -3.78       |
|    explained_variance   | 0           |
|    learning_rate        | 0.000298    |
|    loss                 | 1.7e+03     |
|    n_updates            | 1370        |
|    policy_gradient_loss | 7.15e-05    |
|    std                  | 0.701       |
|    value_loss           | 2.24e+03    |
-----------------------------------------
[EVAL @ 575,008 steps] gates_passed mean=0.00 max=0/6  success_rate=0%  (n=3)
---------------------------------
| rollout/           |          |
|    ep_len_mean     | 32.5     |
|    ep_rew_mean     | -356     |
| time/              |          |
|    fps             | 23       |
|    iterations      | 2        |
|    time_elapsed    | 351      |
|    total_timesteps | 578196   |
---------------------------------
