t,seg,active_gate,thrust,thrust_cmd,base_thrust,vtrim,descent_on,gate_v_ok,gate_found,u_err,v_err,size_frac,cy,steer,bank_seg,ff_bank_deg,trim_deg,des_roll_deg,roll_n,est_pitch_deg,gyro_pitch,des_pitch_deg,pitch_n,tube_found,u_tube,curvature,area_frac,est_roll_deg,hold_on,loop_hz,det_hz
0.015645,0,0,0.276637,0.276637,0.2750,+0.00164,0,1,1,+0.02091,-0.01023,0.08127,178.16,0,0,+0.000,+0.000,+0.000,+0.00000,-17.803,+0.00000,0.00,+0.00000,1,-0.01828,+0.00105,0.01856,+0.009,0,0.0,0.0
0.050672,0,0,0.276784,0.276784,0.2750,+0.00178,0,1,1,+0.02092,-0.01038,0.08108,178.13,0,0,+0.000,+0.000,+0.000,+0.00000,-17.803,+0.00000,0.00,+0.00000,1,-0.01680,-0.00206,0.01853,+0.010,0,0.0,0.0
0.081845,0,0,0.278193,0.278193,0.2750,+0.00319,0,1,1,+0.02189,-0.01183,0.08184,177.87,0,0,+0.000,+0.000,+0.000,+0.00000,-17.834,-0.00705,0.00,+0.00000,1,-0.01561,-0.00355,0.01834,+0.024,0,0.0,0.0
0.110389,0,0,0.277113,0.277113,0.2750,+0.00211,0,1,1,+0.02102,-0.01096,0.08146,178.03,0,0,+0.000,+0.000,+0.000,+0.00000,-17.517,-0.00103,0.00,+0.00000,1,-0.01703,-0.00081,0.01810,+0.033,0,0.0,0.0
0.138595,0,0,0.279618,0.279618,0.2750,+0.00462,0,1,1,+0.02204,-0.01351,0.08278,177.57,0,0,+0.000,+0.000,+0.000,+0.00000,-16.579,+0.00028,0.00,+0.00000,1,-0.01611,-0.00446,0.01795,+0.034,0,0.0,0.0
0.167635,0,0,0.280518,0.280518,0.2750,+0.00552,0,1,1,+0.02211,-0.01481,0.08333,177.33,0,0,+0.000,+0.000,+0.000,+0.00000,-15.599,+0.00557,0.00,+0.00000,1,-0.01809,-0.00351,0.01782,+0.032,0,0.0,0.0
0.196148,0,0,0.281626,0.281626,0.2750,+0.00663,0,1,1,+0.02236,-0.01643,0.08425,177.04,0,0,+0.000,+0.000,+0.000,+0.00000,-14.372,+0.00064,0.00,+0.00000,1,-0.01410,-0.00796,0.01782,+0.030,0,0.0,0.0
0.225574,0,0,0.280970,0.280970,0.2750,+0.00597,0,1,1,+0.02236,-0.01643,0.08425,177.04,0,0,+0.000,+0.000,+0.000,+0.00000,-13.500,+0.00061,0.00,+0.00000,1,-0.01410,-0.00796,0.01782,+0.028,0,0.0,0.0
0.254552,0,0,0.284090,0.284090,0.2750,+0.00909,0,1,1,+0.02154,-0.02009,0.08607,176.38,0,0,+0.000,+0.000,+0.000,+0.00000,-12.745,+0.00086,0.00,+0.00000,1,-0.01017,-0.01291,0.01784,+0.027,0,0.0,0.0
0.283789,0,0,0.283131,0.283131,0.2750,+0.00813,0,1,1,+0.02154,-0.02009,0.08607,176.38,0,0,+0.000,+0.000,+0.000,+0.00000,-12.298,+0.00079,0.00,+0.00000,1,-0.01017,-0.01291,0.01784,+0.026,0,0.0,0.0
0.310855,0,0,0.282473,0.282473,0.2750,+0.00747,0,1,1,+0.02154,-0.02019,0.08607,176.37,0,0,+0.000,+0.000,+0.000,+0.00000,-11.584,+0.00063,0.00,+0.00000,1,-0.01157,-0.01223,0.01833,+0.024,0,0.0,0.0
0.341189,0,0,0.281428,0.281428,0.2750,+0.00643,0,1,1,+0.02168,-0.01985,0.08589,176.43,0,0,+0.000,+0.000,+0.000,+0.00000,-10.869,+0.00055,0.00,+0.00000,1,-0.01955,-0.00256,0.01908,+0.023,0,0.0,0.0
0.370552,0,0,0.281035,0.281035,0.2750,+0.00603,0,1,1,+0.02131,-0.01999,0.08589,176.40,0,0,+0.000,+0.000,+0.000,+0.00000,-10.206,+0.00050,0.00,+0.00000,1,-0.17045,+0.13661,0.03846,+0.022,0,0.0,0.0
0.400067,0,0,0.279264,0.279264,0.2750,+0.00426,0,1,1,+0.02036,-0.01868,0.08407,176.64,0,0,+0.000,+0.000,+0.000,+0.00000,-9.513,+0.00044,0.00,+0.00000,1,-0.01057,-0.03638,0.12335,+0.020,0,0.0,0.0
0.428756,0,0,0.275872,0.275872,0.2750,+0.00087,0,1,1,+0.01845,-0.01549,0.08012,177.21,0,0,+0.000,+0.000,+0.000,+0.00000,-8.790,+0.00038,0.00,+0.00000,1,-0.00580,+0.00498,0.17843,+0.019,0,0.0,0.0
0.457731,0,0,0.264956,0.264956,0.2750,-0.01004,0,1,1,+0.01553,-0.00429,0.07093,179.23,0,0,+0.000,+0.000,+0.000,+0.00000,-8.299,+0.00034,0.00,+0.00000,1,-0.00437,+0.00522,0.18740,+0.018,0,0.0,0.0
0.484854,0,0,0.266600,0.266600,0.2750,-0.00840,0,1,1,+0.01553,-0.00429,0.07093,179.23,0,0,+0.000,+0.000,+0.000,+0.00000,-8.024,+0.00031,0.00,+0.00000,1,-0.00437,+0.00522,0.18740,+0.017,0,0.0,0.0
0.520175,0,0,0.249419,0.249419,0.2750,-0.02558,0,1,1,+0.01729,+0.01522,0.05853,182.74,0,0,+0.000,+0.000,+0.000,+0.00000,-7.526,+0.00026,0.00,+0.00000,1,-0.01080,+0.01243,0.15462,+0.016,0,0.0,0.0
0.549777,0,0,0.253234,0.253234,0.2750,-0.02177,0,1,1,+0.01729,+0.01522,0.05853,182.74,0,0,+0.000,+0.000,+0.000,+0.00000,-7.027,+0.00022,0.00,+0.00000,1,-0.01080,+0.01243,0.15462,+0.015,0,0.0,0.0
0.577663,0,0,0.256831,0.256831,0.2750,-0.01817,0,1,1,+0.01880,+0.01465,0.06455,182.64,0,0,+0.000,+0.000,+0.000,+0.00000,-6.913,+0.00020,0.00,+0.00000,1,-0.00139,-0.00046,0.10829,+0.014,0,0.0,0.0
0.605672,0,0,0.265543,0.265543,0.2750,-0.00946,0,1,1,+0.02154,+0.00844,0.06804,181.52,0,0,+0.000,+0.000,+0.000,+0.00000,-6.913,+0.00017,0.00,+0.00000,1,-0.01543,+0.01262,0.08751,+0.015,0,0.0,0.0
0.634011,0,0,0.264445,0.264445,0.2750,-0.01055,0,1,1,+0.02070,+0.01083,0.06961,181.95,0,0,+0.000,+0.000,+0.000,+0.00000,-6.834,+0.00015,0.00,+0.00000,1,-0.10143,+0.09966,0.06200,+0.014,0,0.0,0.0
0.662745,0,0,0.268502,0.268502,0.2750,-0.00650,0,1,1,+0.02230,+0.00819,0.07265,181.47,0,0,+0.000,+0.000,+0.000,+0.00000,-6.417,+0.00014,0.00,+0.00000,1,-0.06234,+0.05784,0.04629,+0.013,0,0.0,0.0
0.689829,0,0,0.269296,0.269296,0.2750,-0.00570,0,1,1,+0.02230,+0.00819,0.07265,181.47,0,0,+0.000,+0.000,+0.000,+0.00000,-6.112,+0.00012,0.00,+0.00000,1,-0.06234,+0.05784,0.04629,+0.013,0,0.0,0.0
0.718123,0,0,0.273144,0.273144,0.2750,-0.00186,0,1,1,+0.02130,+0.00504,0.07738,180.91,0,0,+0.000,+0.000,+0.000,+0.00000,-5.839,+0.00011,0.00,+0.00000,1,-0.07040,+0.05510,0.03632,+0.012,0,0.0,0.0
0.745877,0,0,0.278952,0.278952,0.2750,+0.00395,0,1,1,+0.02060,-0.00058,0.08051,179.90,0,0,+0.000,+0.000,+0.000,+0.00000,-5.617,+0.00009,0.00,+0.00000,1,-0.10958,+0.07956,0.02947,+0.011,0,0.0,0.0
0.772741,0,0,0.279576,0.279576,0.2750,+0.00458,0,1,1,+0.02028,-0.00178,0.08089,179.68,0,0,+0.000,+0.000,+0.000,+0.00000,-5.306,+0.00008,0.00,+0.00000,1,-0.08754,+0.04721,0.02464,+0.011,0,0.0,0.0
0.799411,0,0,0.282553,0.282553,0.2750,+0.00755,0,1,1,+0.02113,-0.00537,0.08146,179.03,0,0,+0.000,+0.000,+0.000,+0.00000,-5.062,+0.00007,0.00,+0.00000,1,-0.21334,+0.17575,0.01634,+0.010,0,0.0,0.0
0.827713,0,0,0.286545,0.286545,0.2750,+0.01155,0,1,1,+0.02107,-0.01042,0.08352,178.12,0,0,+0.000,+0.000,+0.000,+0.00000,-4.843,+0.00007,0.00,+0.00000,0,+0.00000,+0.00000,0.01118,+0.009,0,0.0,0.0
0.856133,0,0,0.288181,0.288181,0.2750,+0.01318,0,1,1,+0.02042,-0.01363,0.08333,177.55,0,0,+0.000,+0.000,+0.000,+0.00000,-4.588,+0.00006,0.00,+0.00000,0,+0.00000,+0.00000,0.00933,+0.009,0,0.0,0.0
0.885448,0,0,0.286383,0.286383,0.2750,+0.01138,0,1,1,+0.02042,-0.01363,0.08333,177.55,0,0,+0.000,+0.000,+0.000,+0.00000,-4.643,+0.00005,0.00,+0.00000,0,+0.00000,+0.00000,0.00933,+0.008,0,0.0,0.0
0.914698,0,0,0.293079,0.293079,0.2750,+0.01808,0,1,1,+0.01931,-0.02185,0.08070,176.07,0,0,+0.000,+0.000,+0.000,+0.00000,-4.502,+0.00005,0.00,+0.00000,0,+0.00000,+0.00000,0.00655,+0.008,0,0.0,0.0
0.941105,0,0,0.292783,0.292783,0.2750,+0.01778,0,1,1,+0.01956,-0.02372,0.08146,175.73,0,0,+0.000,+0.000,+0.000,+0.00000,-4.353,+0.00004,0.00,+0.00000,0,+0.00000,+0.00000,0.00421,+0.007,0,0.0,0.0
0.967213,0,0,0.292761,0.292761,0.2750,+0.01776,0,1,1,+0.01595,-0.02575,0.08425,175.37,0,0,+0.000,+0.000,+0.000,+0.00000,-4.404,+0.00004,0.00,+0.00000,0,+0.00000,+0.00000,0.00219,+0.007,0,0.0,0.0
0.995106,0,0,0.292918,0.292918,0.2750,+0.01792,0,1,1,+0.01622,-0.02804,0.08517,174.95,0,0,+0.000,+0.000,+0.000,+0.00000,-4.217,+0.00003,0.00,+0.00000,0,+0.00000,+0.00000,0.00212,+0.007,0,0.0,0.0
1.022749,0,0,0.298783,0.298783,0.2750,+0.02378,0,1,1,+0.01671,-0.03596,0.08854,173.53,0,0,+0.000,+0.000,+0.000,+0.00000,-4.046,+0.00003,0.00,+0.00000,0,+0.00000,+0.00000,0.00208,+0.006,0,35.7,34.7
1.051536,0,0,0.296454,0.296454,0.2750,+0.02145,0,1,1,+0.01593,-0.03653,0.08906,173.42,0,0,+0.000,+0.000,+0.000,+0.00000,-3.952,+0.00002,0.00,+0.00000,0,+0.00000,+0.00000,0.00212,+0.006,0,35.7,34.7
1.076995,0,0,0.294189,0.294189,0.2750,+0.01919,0,1,1,+0.01593,-0.03653,0.08906,173.42,0,0,+0.000,+0.000,+0.000,+0.00000,-3.914,+0.00002,0.00,+0.00000,0,+0.00000,+0.00000,0.00212,+0.006,0,35.7,34.7
1.103079,0,0,0.294490,0.294490,0.2750,+0.01949,0,1,1,+0.01611,-0.03878,0.09010,173.02,0,0,+0.000,+0.000,+0.000,+0.00000,-3.914,+0.00002,0.00,+0.00000,0,+0.00000,+0.00000,0.00218,+0.006,0,35.7,34.7
1.129406,0,0,0.291924,0.291924,0.2750,+0.01692,0,1,1,+0.01422,-0.03821,0.09112,173.12,0,0,+0.000,+0.000,+0.000,+0.00000,-3.914,+0.00002,0.00,+0.00000,0,+0.00000,+0.00000,0.00234,+0.006,0,35.7,34.7
1.156896,0,0,0.291079,0.291079,0.2750,+0.01608,0,1,1,+0.01395,-0.03903,0.09146,172.97,0,0,+0.000,+0.000,+0.000,+0.00000,-3.910,+0.00002,0.00,+0.00000,0,+0.00000,+0.00000,0.00243,+0.006,0,35.7,34.7
1.184355,0,0,0.289557,0.289557,0.2750,+0.01456,0,1,1,+0.01395,-0.03903,0.09146,172.97,0,0,+0.000,+0.000,+0.000,+0.00000,-3.862,+0.00001,0.00,+0.00000,0,+0.00000,+0.00000,0.00243,+0.005,0,35.7,34.7
1.211119,0,0,0.287057,0.287057,0.2750,+0.01206,0,1,1,+0.01593,-0.03780,0.09313,173.20,0,0,+0.000,+0.000,+0.000,+0.00000,-3.826,+0.00001,0.00,+0.00000,0,+0.00000,+0.00000,0.00273,+0.005,0,35.7,34.7
1.237052,0,0,0.287370,0.287370,0.2750,+0.01237,0,1,1,+0.01795,-0.03899,0.09444,172.98,0,0,+0.000,+0.000,+0.000,+0.00000,-3.801,+0.00001,0.00,+0.00000,0,+0.00000,+0.00000,0.00372,+0.005,0,35.7,34.7
1.264276,0,0,0.286197,0.286197,0.2750,+0.01120,0,1,1,+0.01871,-0.03876,0.09477,173.02,0,0,+0.000,+0.000,+0.000,+0.00000,-3.698,+0.00001,0.00,+0.00000,0,+0.00000,+0.00000,0.00630,+0.004,0,35.7,34.7
1.294311,0,0,0.283839,0.283839,0.2750,+0.00884,0,1,1,+0.01893,-0.03722,0.09346,173.30,0,0,+0.000,+0.000,+0.000,+0.00000,-3.689,+0.00001,0.00,+0.00000,0,+0.00000,+0.00000,0.00789,+0.004,0,35.7,34.7
1.325203,0,0,0.283308,0.283308,0.2750,+0.00831,0,1,1,+0.01862,-0.03718,0.09346,173.31,0,0,+0.000,+0.000,+0.000,+0.00000,-3.680,+0.00001,0.00,+0.00000,0,+0.00000,+0.00000,0.00845,+0.004,0,35.7,34.7
1.355727,0,0,0.282909,0.282909,0.2750,+0.00791,0,1,1,+0.01862,-0.03718,0.09346,173.31,0,0,+0.000,+0.000,+0.000,+0.00000,-3.681,+0.00001,0.00,+0.00000,0,+0.00000,+0.00000,0.00845,+0.004,0,35.7,34.7
1.385466,0,0,0.288585,0.288585,0.2750,+0.01358,0,1,1,+0.01869,-0.04321,0.09590,172.22,0,0,+0.000,+0.000,+0.000,+0.00000,-3.664,+0.00001,0.00,+0.00000,0,+0.00000,+0.00000,0.00909,+0.003,0,35.7,34.7
1.418843,0,0,0.287371,0.287371,0.2750,+0.01237,0,1,1,+0.01869,-0.04321,0.09590,172.22,0,0,+0.000,+0.000,+0.000,+0.00000,-3.719,+0.00001,0.00,+0.00000,0,+0.00000,+0.00000,0.00909,+0.003,0,35.7,34.7
1.451550,0,0,0.286316,0.286316,0.2750,+0.01132,0,1,1,+0.01913,-0.04314,0.09574,172.24,0,0,+0.000,+0.000,+0.000,+0.00000,-3.715,+0.00000,0.00,+0.00000,0,+0.00000,+0.00000,0.00978,+0.003,0,35.7,34.7
1.481361,0,0,0.285584,0.285584,0.2750,+0.01058,0,1,1,+0.01913,-0.04314,0.09574,172.24,0,0,+0.000,+0.000,+0.000,+0.00000,-3.758,+0.00000,0.00,+0.00000,0,+0.00000,+0.00000,0.00978,+0.003,0,35.7,34.7
1.508798,0,0,0.286593,0.286593,0.2750,+0.01159,0,1,1,+0.01850,-0.04470,0.09606,171.95,0,0,+0.000,+0.000,+0.000,+0.00000,-3.775,+0.00000,0.00,+0.00000,0,+0.00000,+0.00000,0.02598,+0.003,0,35.7,34.7
1.537336,0,0,0.285960,0.285960,0.2750,+0.01096,0,1,1,+0.01799,-0.04478,0.09574,171.94,0,0,+0.000,+0.000,+0.000,+0.00000,-3.840,+0.00000,0.00,+0.00000,0,+0.00000,+0.00000,0.04747,+0.002,0,35.7,34.7
1.568767,0,0,0.279470,0.279470,0.2750,+0.00447,0,1,1,+0.01817,-0.03887,0.09797,173.00,0,0,+0.000,+0.000,+0.000,+0.00000,-3.892,+0.00000,0.00,+0.00000,0,+0.00000,+0.00000,0.05579,+0.002,0,35.7,34.7
1.598983,0,0,0.282493,0.282493,0.2750,+0.00749,0,1,1,+0.01873,-0.04162,0.09734,172.51,0,0,+0.000,+0.000,+0.000,+0.00000,-4.158,+0.00000,0.00,+0.00000,0,+0.00000,+0.00000,0.06300,+0.002,0,35.7,34.7
1.627498,0,0,0.282990,0.282990,0.2750,+0.00799,0,1,1,+0.01998,-0.04225,0.09766,172.39,0,0,+0.000,+0.000,+0.000,+0.00000,-4.228,+0.00000,0.00,+0.00000,0,+0.00000,+0.00000,0.06449,+0.002,0,35.7,34.7
1.658576,0,0,0.277648,0.277648,0.2750,+0.00265,0,1,1,+0.02210,-0.03706,0.10062,173.33,1,0,+0.000,-1.520,-1.520,-0.00664,-4.316,+0.00000,0.00,+0.00000,0,+0.00000,+0.00000,0.06169,+0.002,0,35.7,34.7
1.690684,0,0,0.278226,0.278226,0.2750,+0.00323,0,1,1,+0.02210,-0.03706,0.10062,173.33,1,0,+0.000,-1.520,-1.520,-0.00664,-4.356,+0.00000,0.00,+0.00000,0,+0.00000,+0.00000,0.06169,+0.002,0,35.7,34.7
1.716924,0,0,0.277462,0.277462,0.2750,+0.00246,0,1,1,+0.02211,-0.03591,0.10000,173.54,1,0,+0.000,-1.520,-1.520,-0.00621,-4.388,+0.00000,0.00,+0.00000,0,+0.00000,+0.00000,0.05553,-0.053,0,35.7,34.7
1.747796,0,0,0.277747,0.277747,0.2750,+0.00275,0,1,1,+0.01995,-0.03563,0.10229,173.59,1,0,+0.000,-1.372,-1.372,-0.00482,-4.497,+0.00000,0.00,+0.00000,0,+0.00000,+0.00000,0.05074,-0.187,0,35.7,34.7
1.775465,0,0,0.278536,0.278536,0.2750,+0.00354,0,1,1,+0.01844,-0.03596,0.10229,173.53,1,0,+0.000,-1.268,-1.268,-0.00402,-4.613,+0.00000,0.00,+0.00000,0,+0.00000,+0.00000,0.04145,-0.280,0,35.7,34.7
1.802615,0,0,0.272706,0.272706,0.2750,-0.00229,0,1,1,+0.01902,-0.02983,0.09938,174.63,0,0,+0.000,+0.000,+0.000,+0.00000,-4.704,+0.00000,0.00,+0.00000,0,+0.00000,+0.00000,0.03192,-0.353,0,35.7,34.7
1.830885,0,0,0.266661,0.266661,0.2750,-0.00834,0,1,1,+0.01860,-0.02267,0.09574,175.92,0,0,+0.000,+0.000,+0.000,+0.00000,-4.767,+0.00000,0.00,+0.00000,0,+0.00000,+0.00000,0.02583,-0.407,0,35.7,34.7
1.858887,0,0,0.265076,0.265076,0.2750,-0.00992,0,1,1,+0.01884,-0.01921,0.09428,176.54,0,0,+0.000,+0.000,+0.000,+0.00000,-4.866,+0.00000,0.00,+0.00000,0,+0.00000,+0.00000,0.02223,-0.421,0,35.7,34.7
1.887173,0,0,0.267138,0.267138,0.2750,-0.00786,0,1,1,+0.01884,-0.01921,0.09428,176.54,0,0,+0.000,+0.000,+0.000,+0.00000,-4.944,+0.00000,0.00,+0.00000,0,+0.00000,+0.00000,0.02223,-0.393,0,35.7,34.7
1.914920,0,0,0.266012,0.266012,0.2750,-0.00899,0,1,1,+0.01893,-0.01639,0.09329,177.05,0,0,+0.000,+0.000,+0.000,+0.00000,-5.157,+0.00000,0.00,+0.00000,0,+0.00000,+0.00000,0.01832,-0.362,0,35.7,34.7
1.943485,0,0,0.275559,0.275559,0.2750,+0.00056,0,1,1,+0.01819,-0.02408,0.09606,175.67,0,0,+0.000,+0.000,+0.000,+0.00000,-5.270,+0.00000,0.00,+0.00000,0,+0.00000,+0.00000,0.01647,-0.345,0,35.7,34.7
1.972718,0,0,0.278845,0.278845,0.2750,+0.00385,0,1,1,+0.01431,-0.02684,0.10015,175.17,1,0,+0.000,-0.984,-0.984,-0.00291,-5.532,+0.00000,0.00,+0.00000,0,+0.00000,+0.00000,0.01445,-0.316,0,35.7,34.7
2.004241,0,0,0.280310,0.280310,0.2750,+0.00531,0,1,1,+0.01448,-0.02824,0.10153,174.92,1,0,+0.000,-0.996,-0.996,-0.00304,-5.618,+0.00000,0.00,+0.00000,0,+0.00000,+0.00000,0.01372,-0.299,0,35.7,34.7
2.032759,0,0,0.288090,0.288090,0.2750,+0.01309,0,1,1,+0.01418,-0.03615,0.10816,173.49,1,0,+0.000,-0.975,-0.975,-0.00286,-5.747,+0.00000,0.00,+0.00000,0,+0.00000,+0.00000,0.01290,-0.295,0,34.7,34.7
2.060213,0,0,0.285359,0.285359,0.2750,+0.01036,0,1,1,+0.01650,-0.03456,0.11111,173.78,1,0,+0.000,-1.134,-1.134,-0.00334,-5.810,+0.00000,0.00,+0.00000,0,+0.00000,+0.00000,0.01247,-0.332,0,34.7,34.7
2.092943,0,0,0.284494,0.284494,0.2750,+0.00949,0,1,1,+0.01650,-0.03456,0.11111,173.78,1,0,+0.000,-1.134,-1.134,-0.00322,-5.877,+0.00000,0.00,+0.00000,0,+0.00000,+0.00000,0.01247,-0.363,0,34.7,34.7
2.122260,0,0,0.285396,0.285396,0.2750,+0.01040,0,1,1,+0.01822,-0.03611,0.11277,173.50,1,0,+0.000,-1.253,-1.253,-0.00359,-5.996,+0.00000,0.00,+0.00000,0,+0.00000,+0.00000,0.01178,-0.396,0,34.7,34.7
2.155248,0,0,0.287753,0.287753,0.2750,+0.01275,0,1,1,+0.01969,-0.03937,0.11358,172.91,1,0,+0.000,-1.354,-1.354,-0.00393,-6.099,+0.00000,0.00,+0.00000,0,+0.00000,+0.00000,0.01083,-0.418,0,34.7,34.7
2.185112,0,0,0.291102,0.291102,0.2750,+0.01610,0,1,1,+0.01776,-0.04381,0.11667,172.11,1,0,+0.000,-1.221,-1.221,-0.00320,-6.204,+0.00000,0.00,+0.00000,0,+0.00000,+0.00000,0.01025,-0.452,0,34.7,34.7
2.218161,0,0,0.289460,0.289460,0.2750,+0.01446,0,1,1,+0.01776,-0.04381,0.11667,172.11,1,0,+0.000,-1.221,-1.221,-0.00298,-6.322,+0.00000,0.00,+0.00000,0,+0.00000,+0.00000,0.01025,-0.495,0,34.7,34.7
2.247347,0,0,0.290718,0.290718,0.2750,+0.01572,0,1,1,+0.01592,-0.04629,0.11954,171.67,1,0,+0.000,-1.094,-1.094,-0.00236,-6.408,+0.00000,0.00,+0.00000,0,+0.00000,+0.00000,0.01030,-0.518,0,34.7,34.7
2.276905,0,0,0.289313,0.289313,0.2750,+0.01431,0,1,1,+0.01554,-0.04626,0.11915,171.67,1,0,+0.000,-1.069,-1.069,-0.00219,-6.485,+0.00000,0.00,+0.00000,0,+0.00000,+0.00000,0.01002,-0.535,0,34.7,34.7
2.309677,0,0,0.288528,0.288528,0.2750,+0.01353,0,1,1,+0.01575,-0.04672,0.11967,171.59,1,0,+0.000,-1.083,-1.083,-0.00223,-6.573,+0.00000,0.00,+0.00000,0,+0.00000,+0.00000,0.00995,-0.546,0,34.7,34.7
2.338392,0,0,0.284043,0.284043,0.2750,+0.00904,0,1,1,+0.01498,-0.04320,0.11876,172.22,1,0,+0.000,-1.030,-1.030,-0.00201,-6.642,+0.00000,0.00,+0.00000,0,+0.00000,+0.00000,0.00980,-0.546,0,34.7,34.7
2.369287,0,0,0.282077,0.282077,0.2750,+0.00708,0,1,1,+0.01565,-0.04158,0.12095,172.51,1,0,+0.000,-1.076,-1.076,-0.00221,-6.734,+0.00000,0.00,+0.00000,0,+0.00000,+0.00000,0.01003,-0.545,0,34.7,34.7
2.400153,0,0,0.281846,0.281846,0.2750,+0.00685,0,1,1,+0.01556,-0.04142,0.12472,172.54,1,0,+0.000,-1.070,-1.070,-0.00219,-6.861,+0.00000,0.00,+0.00000,0,+0.00000,+0.00000,0.01005,-0.545,0,34.7,34.7
2.431102,0,0,0.282037,0.282037,0.2750,+0.00704,0,1,1,+0.01593,-0.04166,0.12398,172.50,1,0,+0.000,-1.095,-1.095,-0.00231,-7.015,+0.00000,0.00,+0.00000,0,+0.00000,+0.00000,0.00999,-0.542,0,34.7,34.7
2.464037,0,0,0.283299,0.283299,0.2750,+0.00830,0,1,1,+0.01539,-0.04301,0.12472,172.26,1,0,+0.000,-1.058,-1.058,-0.00212,-7.166,+0.00000,0.00,+0.00000,0,+0.00000,+0.00000,0.00966,-0.548,0,34.7,34.7
2.494846,0,0,0.285034,0.285034,0.2750,+0.01003,0,1,1,+0.01462,-0.04501,0.12571,171.90,1,0,+0.000,-1.005,-1.005,-0.00187,-7.275,+0.00000,0.00,+0.00000,0,+0.00000,+0.00000,0.00987,-0.552,0,34.7,34.7
2.527809,0,0,0.278867,0.278867,0.2750,+0.00387,0,1,1,+0.01263,-0.03924,0.12778,172.94,1,0,+0.000,-0.868,-0.868,-0.00131,-7.482,+0.00000,0.00,+0.00000,0,+0.00000,+0.00000,0.01005,-0.544,0,34.7,34.7
2.560156,0,0,0.279295,0.279295,0.2750,+0.00429,0,1,1,+0.01263,-0.03924,0.12778,172.94,1,0,+0.000,-0.868,-0.868,-0.00132,-7.583,+0.00000,0.00,+0.00000,0,+0.00000,+0.00000,0.01005,-0.544,0,34.7,34.7
2.592554,0,0,0.276558,0.276558,0.2750,+0.00156,0,1,1,+0.01359,-0.03609,0.13100,173.50,1,0,+0.000,-0.934,-0.934,-0.00166,-7.704,+0.00000,0.00,+0.00000,0,+0.00000,+0.00000,0.00993,-0.538,0,34.7,34.7
2.622650,0,0,0.275318,0.275318,0.2750,+0.00032,0,1,1,+0.01435,-0.03413,0.13100,173.86,1,0,+0.000,-0.987,-0.987,-0.00199,-7.879,+0.00000,0.00,+0.00000,0,+0.00000,+0.00000,0.00992,-0.516,0,34.7,34.7
2.654901,0,0,0.279957,0.279957,0.2750,+0.00496,0,1,1,+0.01563,-0.03793,0.13275,173.17,1,0,+0.000,-1.075,-1.075,-0.00241,-8.051,+0.00000,0.00,+0.00000,0,+0.00000,+0.00000,0.01016,-0.504,0,34.7,34.7
2.688179,0,0,0.279730,0.279730,0.2750,+0.00473,0,1,1,+0.01283,-0.03749,0.13414,173.25,1,0,+0.000,-0.882,-0.882,-0.00156,-8.228,+0.00000,0.00,+0.00000,0,+0.00000,+0.00000,0.01089,-0.504,0,34.7,34.7
2.722594,0,0,0.277641,0.277641,0.2750,+0.00264,0,1,1,+0.01222,-0.03510,0.13586,173.68,1,0,+0.000,-0.840,-0.840,-0.00132,-8.378,-0.00000,0.00,+0.00000,0,+0.00000,+0.00000,0.01327,-0.511,0,34.7,34.7
2.755570,0,0,0.276377,0.276377,0.2750,+0.00138,0,1,1,+0.01271,-0.03326,0.13811,174.01,1,0,+0.000,-0.874,-0.874,-0.00149,-8.504,-0.00000,0.00,+0.00000,0,+0.00000,+0.00000,0.02446,-0.512,0,34.7,34.7
2.786525,0,0,0.272439,0.272439,0.2750,-0.00256,0,1,1,+0.01236,-0.02860,0.14033,174.85,1,0,+0.000,-0.850,-0.850,-0.00149,-8.650,+0.00000,0.00,+0.00000,0,+0.00000,+0.00000,0.06566,-0.496,0,34.7,34.7
2.816525,0,0,0.273628,0.273628,0.2750,-0.00137,0,1,1,+0.01236,-0.02860,0.14033,174.85,1,0,+0.000,-0.850,-0.850,-0.00152,-8.791,-0.00000,0.00,+0.00000,0,+0.00000,+0.00000,0.06566,-0.485,0,34.7,34.7
2.845983,0,0,0.255953,0.255848,0.2750,-0.01915,0,1,1,+0.01307,-0.00976,0.13620,178.24,1,0,+0.000,-0.899,-0.899,-0.00177,-8.965,-0.00000,0.00,+0.00000,0,+0.00000,+0.00000,0.08451,-0.475,0,34.7,34.7
2.874873,0,0,0.238619,0.237334,0.2750,-0.03767,0,1,1,+0.01241,+0.01213,0.12970,182.18,1,0,+0.000,-0.853,-0.853,-0.00165,-9.153,-0.00000,0.00,+0.00000,0,+0.00000,+0.00000,0.09612,-0.457,0,34.7,34.7
2.908445,0,0,0.230774,0.230774,0.2750,-0.04423,0,1,1,+0.00774,+0.02553,0.12717,184.60,1,0,+0.000,-0.532,-0.532,-0.00016,-9.273,-0.00000,0.00,+0.00000,0,+0.00000,+0.00000,0.08349,-0.476,0,34.7,34.7
2.936686,0,0,0.227450,0.227450,0.2750,-0.04755,0,1,1,+0.00836,+0.03520,0.12790,186.34,1,0,+0.000,-0.575,-0.575,-0.00021,-9.273,-0.00000,0.00,+0.00000,0,+0.00000,+0.00000,0.07607,-0.507,0,34.7,34.7
2.965153,0,0,0.232445,0.232445,0.2750,-0.04256,0,1,1,+0.00896,+0.03689,0.13064,186.64,1,0,+0.000,-0.616,-0.616,-0.00036,-9.273,+0.00000,0.00,+0.00000,0,+0.00000,+0.00000,0.07084,-0.526,0,34.7,34.7
2.996055,0,0,0.215000,0.215000,0.2750,-0.06000,0,1,1,+0.01420,+0.10022,0.14834,198.04,1,0,+0.000,-0.976,-0.976,-0.00195,-9.273,+0.00000,0.00,+0.00000,0,+0.00000,+0.00000,0.06429,-0.530,0,34.7,34.7
3.026894,0,0,0.215000,0.215000,0.2750,-0.06000,0,1,1,+0.01420,+0.10022,0.14834,198.04,1,0,+0.000,-0.976,-0.976,-0.00191,-9.273,-0.00000,0.00,+0.00000,0,+0.00000,+0.00000,0.06429,-0.534,0,34.7,34.7
3.058308,0,0,0.215000,0.215000,0.2750,-0.06000,0,1,1,+0.01406,+0.09282,0.15184,196.71,1,0,+0.000,-0.967,-0.967,-0.00173,-9.273,+0.00000,0.00,+0.00000,0,+0.00000,+0.00000,0.05471,-0.554,0,32.2,32.2
3.088543,0,0,0.233141,0.303452,0.2750,+0.02845,0,1,1,+0.00695,+0.00662,0.14803,181.19,1,0,+0.000,-0.478,-0.478,+0.00060,-9.273,+0.00000,0.00,+0.00000,0,+0.00000,+0.00000,0.05390,-0.592,0,32.2,32.2
3.123285,0,0,0.253986,0.311916,0.2750,+0.03692,0,1,1,+0.00753,-0.00780,0.15565,178.60,1,0,+0.000,-0.518,-0.518,+0.00060,-9.273,+0.00000,0.00,+0.00000,0,+0.00000,+0.00000,0.05707,-0.635,0,32.2,32.2
3.157176,0,0,0.274321,0.289194,0.2750,+0.01419,0,1,1,+0.01221,+0.00875,0.18559,181.58,1,0,+0.000,-0.839,-0.839,-0.00090,-9.273,+0.00000,0.00,+0.00000,0,+0.00000,+0.00000,0.07519,-0.639,0,32.2,32.2
3.192356,0,0,0.286232,0.286232,0.2750,+0.01123,0,1,1,+0.01221,+0.00875,0.18559,181.58,1,0,+0.000,-0.839,-0.839,-0.00110,-9.458,+0.00000,0.00,+0.00000,0,+0.00000,+0.00000,0.07519,-0.594,0,32.2,32.2
3.226489,0,0,0.291746,0.291746,0.2750,+0.01675,0,1,1,+0.01176,+0.00069,0.19027,180.12,1,0,+0.000,-0.809,-0.809,-0.00108,-9.740,+0.00000,0.00,+0.00000,0,+0.00000,+0.00000,0.08296,-0.551,0,32.2,32.2
3.260621,0,0,0.299234,0.299234,0.2750,+0.02423,0,1,1,+0.01059,-0.01020,0.20046,178.16,1,0,+0.000,-0.728,-0.728,-0.00083,-9.952,+0.00000,0.00,+0.00000,0,+0.00000,+0.00000,0.05789,-0.525,0,32.2,32.2
3.300779,0,0,0.305190,0.305190,0.2750,+0.03019,0,1,1,+0.00857,-0.02151,0.20412,176.13,1,0,+0.000,-0.590,-0.590,-0.00039,-10.144,-0.00000,0.00,+0.00000,0,+0.00000,+0.00000,0.03425,-0.488,0,32.2,32.2
3.381588,0,0,0.294724,0.294724,0.2750,+0.01972,0,1,1,+0.00875,-0.02015,0.21001,176.37,1,0,+0.000,-0.601,-0.601,-0.00045,-10.241,-0.00000,0.00,+0.00000,0,+0.00000,+0.00000,0.02634,-0.489,0,32.2,32.2
3.419371,0,0,0.304198,0.304198,0.2750,+0.02920,0,1,1,+0.00643,-0.03349,0.21929,173.97,1,0,+0.000,-0.442,-0.442,+0.00028,-10.241,+0.00000,0.00,+0.00000,0,+0.00000,+0.00000,0.03053,-0.502,0,32.2,32.2
3.453622,0,0,0.303261,0.303261,0.2750,+0.02826,0,1,1,+0.00514,-0.03708,0.22587,173.33,1,0,+0.000,-0.353,-0.353,+0.00071,-10.241,+0.00000,0.00,+0.00000,0,+0.00000,+0.00000,0.01444,-0.512,0,32.2,32.2
3.492504,0,0,0.301984,0.301984,0.2750,+0.02698,0,1,1,+0.00441,-0.04056,0.22812,172.70,1,0,+0.000,-0.303,-0.303,+0.00089,-10.241,+0.00000,0.00,+0.00000,0,+0.00000,+0.00000,0.01474,-0.510,0,32.2,32.2
3.529140,0,0,0.305234,0.305234,0.2750,+0.03023,0,1,1,+0.00290,-0.04810,0.23675,171.34,1,0,+0.000,-0.199,-0.199,+0.00128,-10.241,-0.00000,0.00,+0.00000,0,+0.00000,+0.00000,0.01487,-0.498,0,32.2,32.2
3.565873,0,0,0.311269,0.311269,0.2750,+0.03627,0,1,1,+0.00007,-0.05897,0.24526,169.39,1,0,+0.000,-0.005,-0.005,+0.00203,-10.241,-0.00000,0.00,+0.00000,0,+0.00000,+0.00000,0.01441,-0.479,0,32.2,32.2
3.606909,0,0,0.306718,0.306718,0.2750,+0.03172,0,1,1,-0.00187,-0.06025,0.25270,169.15,1,0,+0.000,+0.129,+0.129,+0.00247,-10.241,-0.00000,0.00,+0.00000,0,+0.00000,+0.00000,0.01425,-0.452,0,32.2,32.2
3.642796,0,0,0.306901,0.306901,0.2750,+0.03190,0,1,1,-0.00172,-0.06485,0.25790,168.33,1,0,+0.000,+0.118,+0.118,+0.00221,-10.241,+0.00000,0.00,+0.00000,0,+0.00000,+0.00000,0.01433,-0.410,0,32.2,32.2
3.684381,0,0,0.305954,0.305954,0.2750,+0.03095,0,1,1,-0.00406,-0.06880,0.26736,167.62,1,0,+0.000,+0.279,+0.279,+0.00238,-10.390,+0.00000,0.00,+0.00000,0,+0.00000,+0.00000,0.01832,-0.294,0,32.2,32.2
3.724920,0,0,0.306518,0.306518,0.2750,+0.03152,0,1,1,-0.00722,-0.07388,0.27627,166.70,1,0,+0.000,+0.496,+0.496,+0.00309,-10.390,-0.00000,0.00,+0.00000,0,+0.00000,+0.00000,0.02263,-0.234,0,32.2,32.2
3.766037,0,0,0.308601,0.308601,0.2750,+0.03360,0,1,1,-0.01010,-0.08057,0.28464,165.50,1,0,+0.000,+0.695,+0.695,+0.00369,-10.390,-0.00000,0.00,+0.00000,0,+0.00000,+0.00000,0.03084,-0.177,0,32.2,32.2
3.807218,0,0,0.315694,0.315694,0.2750,+0.04069,0,1,1,-0.01577,-0.09280,0.30363,163.30,1,0,+0.000,+1.084,+1.084,+0.00505,-10.390,+0.00000,0.00,+0.00000,0,+0.00000,+0.00000,0.01768,-0.105,0,32.2,32.2
3.850233,0,0,0.310597,0.310597,0.2750,+0.03560,0,1,1,-0.01762,-0.09351,0.31358,163.17,1,0,+0.000,+1.212,+1.212,+0.00512,-10.390,-0.00000,0.00,+0.00000,0,+0.00000,+0.00000,0.01705,-0.003,0,32.2,32.2
3.895225,0,0,0.309254,0.309254,0.2750,+0.03425,0,1,1,-0.02382,-0.09719,0.33807,162.51,1,0,+0.000,+1.638,+1.638,+0.00635,-10.390,-0.00000,0.00,+0.00000,1,+0.05183,-0.11789,0.01860,+0.128,0,32.2,32.2
3.943736,0,0,0.309181,0.309181,0.2750,+0.03418,0,1,1,-0.02851,-0.10210,0.35250,161.62,1,0,+0.000,+1.961,+1.961,+0.00704,-10.473,-0.00000,0.00,+0.00000,0,+0.00000,+0.00000,0.01859,+0.292,0,32.2,32.2
3.995960,0,0,0.304630,0.304630,0.2750,+0.02963,0,1,1,-0.03110,-0.10216,0.36747,161.61,1,0,+0.000,+2.138,+2.138,+0.00686,-10.473,+0.00000,0.00,+0.00000,0,+0.00000,+0.00000,0.01779,+0.497,0,32.2,32.2
4.044649,0,0,0.302111,0.302111,0.2750,+0.02711,0,1,1,-0.03969,-0.10297,0.40502,161.47,1,0,+0.000,+2.729,+2.729,+0.00844,-10.473,+0.00000,0.00,+0.00000,0,+0.00000,+0.00000,0.03446,+0.718,0,32.2,32.2
4.102639,1,0,0.296812,0.296812,0.2750,+0.02181,0,1,1,-0.04478,-0.10032,0.42807,161.94,1,0,+0.000,+3.079,+3.079,+0.00889,-10.541,+0.00000,0.00,+0.00000,0,+0.00000,+0.00000,0.06315,+0.969,0,23.9,23.9
4.164487,1,0,0.280564,0.280564,0.2750,+0.00556,0,1,1,-0.06815,-0.08354,0.51211,164.96,1,0,+0.000,+4.686,+4.686,+0.01508,-10.941,+0.00000,0.00,+0.00000,0,+0.00000,+0.00000,0.00039,+1.136,0,23.9,23.9
4.242105,1,0,0.258466,0.258466,0.2750,-0.01653,0,1,1,-0.08691,-0.05331,0.59260,170.40,1,0,+0.000,+5.976,+5.976,+0.01986,-11.438,+0.00000,0.00,+0.00000,1,-0.44166,+0.00000,0.02093,+1.328,0,23.9,23.9
4.337039,1,0,0.258466,0.258466,0.2750,-0.01653,0,0,0,+0.00000,+0.00000,0.00000,0.00,0,0,+0.000,+0.000,+0.000,+0.00000,-12.285,+0.00000,0.00,+0.00000,1,-0.57856,+0.00000,0.04439,+1.881,0,23.9,23.9
4.383867,1,0,0.258466,0.258466,0.2750,-0.01653,0,0,0,+0.00000,+0.00000,0.00000,0.00,0,0,+0.000,+0.000,+0.000,+0.00000,-12.417,+0.00000,0.00,+0.00000,1,-0.19111,+0.00000,0.04105,+2.396,0,23.9,23.9
4.443559,1,0,0.258466,0.258466,0.2750,-0.01653,0,0,0,+0.00000,+0.00000,0.00000,0.00,0,0,+0.000,+0.000,+0.000,+0.00000,-12.418,-0.00000,0.00,+0.00000,1,-0.22588,+0.00000,0.05217,+2.477,0,23.9,23.9
4.507325,1,0,0.258466,0.258466,0.2750,-0.01653,0,0,0,+0.00000,+0.00000,0.00000,0.00,0,0,+0.000,+0.000,+0.000,+0.00000,-13.116,+0.00000,0.00,+0.00000,1,-0.19698,+0.00000,0.03940,+2.168,0,23.9,23.9
4.559648,1,0,0.258466,0.258466,0.2750,-0.01653,0,0,0,+0.00000,+0.00000,0.00000,0.00,0,0,+0.000,+0.000,+0.000,+0.00000,-13.535,+0.00000,0.00,+0.00000,1,-0.18893,+0.00000,0.04290,+1.961,0,23.9,23.9
4.608613,1,0,0.254742,0.254742,0.2750,-0.02026,0,1,1,+0.85000,-0.00556,0.51099,179.00,1,0,+0.000,-11.000,-11.000,-0.05000,-13.897,+0.00000,0.00,+0.00000,1,-0.15439,+0.00000,0.04203,+1.783,0,23.9,23.9
4.688211,1,0,0.215000,0.215000,0.2750,-0.06000,0,1,1,+0.04914,+0.48344,0.09686,267.02,0,0,+0.000,+0.000,+0.000,+0.00000,-14.375,+0.00000,0.00,+0.00000,1,-0.11200,+0.00000,0.02865,+1.542,0,23.9,23.9
4.718945,1,0,0.215000,0.215000,0.2750,-0.06000,0,1,1,+0.04875,+0.49742,0.09923,269.54,0,0,+0.000,+0.000,+0.000,+0.00000,-14.580,-0.00000,0.00,+0.00000,1,+0.04578,+0.00000,0.01328,+1.003,0,23.9,23.9
4.744146,1,0,0.215000,0.215000,0.2750,-0.06000,0,1,1,+0.05016,+0.50316,0.09938,270.57,0,0,+0.000,+0.000,+0.000,+0.00000,-14.578,-0.00000,0.00,+0.00000,1,+0.05752,+0.00000,0.01156,+0.578,0,23.9,23.9
4.769140,1,1,0.215000,0.215000,0.2750,-0.06000,1,1,1,+0.04643,+0.50476,0.09860,270.86,0,1,+5.000,+0.000,+5.000,+0.01953,-14.578,+0.00000,0.00,+0.00000,1,+0.05877,+0.00000,0.01166,+0.478,0,23.9,23.9
4.796281,1,1,0.215000,0.215000,0.2750,-0.06000,1,1,1,+0.04924,+0.51177,0.10184,272.12,1,1,+5.000,-3.385,+1.615,+0.00432,-14.578,+0.00000,0.00,+0.00000,1,+0.05215,+0.00000,0.01038,+0.581,0,23.9,23.9
4.821982,1,1,0.215000,0.215000,0.2750,-0.06000,1,1,1,+0.04827,+0.52191,0.10408,273.94,1,1,+5.000,-3.319,+1.681,+0.00421,-14.578,+0.00000,0.00,+0.00000,1,+0.05299,+0.00000,0.01011,+0.654,0,23.9,23.9
4.846934,1,1,0.215000,0.215000,0.2750,-0.06000,1,1,1,+0.04827,+0.52191,0.10408,273.94,1,1,+5.000,-3.319,+1.681,+0.00270,-14.579,+0.00000,0.00,+0.00000,1,+0.05299,+0.00000,0.01011,+0.916,0,23.9,23.9
4.873773,1,1,0.215000,0.215000,0.2750,-0.06000,1,1,1,+0.05288,+0.52876,0.10672,275.18,1,1,+5.000,-3.636,+1.364,+0.00117,-14.579,+0.00000,0.00,+0.00000,1,+0.04232,+0.00000,0.00907,+1.041,0,23.9,23.9
4.901711,1,1,0.215000,0.215000,0.2750,-0.06000,1,1,1,+0.05133,+0.53306,0.10686,275.95,1,1,+5.000,-3.529,+1.471,+0.00159,-14.580,+0.00000,0.00,+0.00000,0,+0.00000,+0.00000,0.00794,+1.089,0,23.9,23.9
4.928467,1,1,0.215000,0.215000,0.2750,-0.06000,1,1,1,+0.05100,+0.53690,0.10830,276.64,1,1,+5.000,-3.507,+1.493,+0.00158,-14.580,+0.00000,0.00,+0.00000,0,+0.00000,+0.00000,0.00710,+1.115,0,23.9,23.9
4.954495,1,1,0.215000,0.215000,0.2750,-0.06000,1,1,1,+0.05100,+0.53690,0.10830,276.64,1,1,+5.000,-3.507,+1.493,+0.00147,-14.580,-0.00000,0.00,+0.00000,0,+0.00000,+0.00000,0.00710,+1.139,0,23.9,23.9
4.981722,1,1,0.215000,0.215000,0.2750,-0.06000,1,1,1,+0.04811,+0.54507,0.10985,278.11,1,1,+5.000,-3.308,+1.692,+0.00221,-14.580,-0.00000,0.00,+0.00000,0,+0.00000,+0.00000,0.00674,+1.167,0,23.9,23.9
5.008190,1,1,0.215000,0.215000,0.2750,-0.06000,1,1,1,+0.05064,+0.54928,0.11139,278.87,1,1,+5.000,-3.482,+1.518,+0.00134,-14.580,-0.00000,0.00,+0.00000,0,+0.00000,+0.00000,0.00631,+1.195,0,23.9,23.9
5.035991,1,1,0.215000,0.215000,0.2750,-0.06000,1,1,1,+0.05064,+0.55304,0.11139,279.55,1,1,+5.000,-3.482,+1.518,+0.00133,-14.669,+0.00000,0.00,+0.00000,0,+0.00000,+0.00000,0.00603,+1.193,0,23.9,23.9
5.063303,1,1,0.215000,0.215000,0.2750,-0.06000,1,1,1,+0.05147,+0.56095,0.11467,280.97,1,1,+5.000,-3.539,+1.461,+0.00091,-14.669,-0.00000,0.00,+0.00000,0,+0.00000,+0.00000,0.00546,+1.231,0,23.9,23.9
5.087501,1,1,0.215000,0.215000,0.2750,-0.06000,1,1,1,+0.05147,+0.56095,0.11467,280.97,1,1,+5.000,-3.539,+1.461,+0.00084,-14.669,+0.00000,0.00,+0.00000,0,+0.00000,+0.00000,0.00546,+1.255,0,23.9,23.9
5.116528,1,1,0.215000,0.215000,0.2750,-0.06000,1,1,1,+0.05194,+0.56664,0.11785,282.00,1,1,+5.000,-3.571,+1.429,+0.00061,-14.669,-0.00000,0.00,+0.00000,0,+0.00000,+0.00000,0.00520,+1.278,0,24.7,24.7
5.143003,1,1,0.215000,0.215000,0.2750,-0.06000,1,1,1,+0.05228,+0.57194,0.11719,282.95,1,1,+5.000,-3.594,+1.406,+0.00044,-14.669,+0.00000,0.00,+0.00000,0,+0.00000,+0.00000,0.00474,+1.297,0,24.7,24.7
5.169905,1,1,0.215000,0.215000,0.2750,-0.06000,1,1,1,+0.05217,+0.57773,0.11693,283.99,1,1,+5.000,-3.587,+1.413,+0.00041,-14.669,-0.00000,0.00,+0.00000,0,+0.00000,+0.00000,0.00448,+1.310,0,24.7,24.7
5.192562,1,1,0.215000,0.215000,0.2750,-0.06000,1,1,1,+0.05171,+0.58262,0.12108,284.87,1,1,+5.000,-3.555,+1.445,+0.00052,-14.669,-0.00000,0.00,+0.00000,0,+0.00000,+0.00000,0.00446,+1.319,0,24.7,24.7
5.220682,1,1,0.215000,0.215000,0.2750,-0.06000,1,1,1,+0.05171,+0.58262,0.12108,284.87,1,1,+5.000,-3.555,+1.445,+0.00048,-14.669,-0.00000,0.00,+0.00000,0,+0.00000,+0.00000,0.00446,+1.329,0,24.7,24.7
5.249679,1,1,0.215000,0.215000,0.2750,-0.06000,1,1,1,+0.05139,+0.58633,0.12146,285.54,1,1,+5.000,-3.533,+1.467,+0.00053,-14.670,-0.00000,0.00,+0.00000,0,+0.00000,+0.00000,0.00430,+1.339,0,24.7,24.7
5.275879,1,1,0.215000,0.215000,0.2750,-0.06000,1,1,1,+0.05105,+0.58727,0.12348,285.71,1,1,+5.000,-3.510,+1.490,+0.00059,-14.670,-0.00000,0.00,+0.00000,0,+0.00000,+0.00000,0.00424,+1.349,0,24.7,24.7
5.304426,1,1,0.215000,0.215000,0.2750,-0.06000,1,1,1,+0.05274,+0.58717,0.12134,285.69,1,1,+5.000,-3.626,+1.374,+0.00004,-14.670,-0.00000,0.00,+0.00000,0,+0.00000,+0.00000,0.00418,+1.359,0,24.7,24.7
5.331092,1,1,0.215000,0.215000,0.2750,-0.06000,1,1,1,+0.05365,+0.59498,0.12006,287.10,1,1,+5.000,-3.689,+1.311,-0.00028,-14.670,-0.00000,0.00,+0.00000,0,+0.00000,+0.00000,0.00447,+1.369,0,24.7,24.7
5.357219,1,1,0.215000,0.215000,0.2750,-0.06000,1,1,1,+0.05282,+0.59905,0.12146,287.83,1,1,+5.000,-3.632,+1.368,-0.00006,-14.670,+0.00000,0.00,+0.00000,0,+0.00000,+0.00000,0.00462,+1.379,0,24.7,24.7
5.382897,1,1,0.215000,0.215000,0.2750,-0.06000,1,1,1,+0.05282,+0.59905,0.12146,287.83,1,1,+5.000,-3.632,+1.368,-0.00005,-14.670,-0.00000,0.00,+0.00000,0,+0.00000,+0.00000,0.00462,+1.380,0,24.7,24.7
5.411840,1,1,0.215000,0.215000,0.2750,-0.06000,1,1,1,+0.05248,+0.60171,0.12247,288.31,1,1,+5.000,-3.608,+1.392,+0.00007,-14.670,-0.00000,0.00,+0.00000,1,+0.01944,+0.00000,0.00490,+1.377,0,24.7,24.7
5.442293,1,1,0.215000,0.215000,0.2750,-0.06000,1,1,1,+0.05391,+0.60373,0.12509,288.67,1,1,+5.000,-3.706,+1.294,-0.00037,-14.670,-0.00000,0.00,+0.00000,1,+0.02390,+0.00000,0.00494,+1.377,0,24.7,24.7
5.468930,1,1,0.215000,0.215000,0.2750,-0.06000,1,1,1,+0.05386,+0.61088,0.12766,289.96,1,1,+5.000,-3.703,+1.297,-0.00036,-14.670,+0.00000,0.00,+0.00000,1,+0.02346,+0.00000,0.00485,+1.378,0,24.7,24.7
5.496016,1,1,0.215000,0.215000,0.2750,-0.06000,1,1,1,+0.05435,+0.61556,0.12910,290.80,1,1,+5.000,-3.737,+1.263,-0.00050,-14.670,-0.00000,0.00,+0.00000,1,+0.02603,+0.00000,0.00487,+1.379,0,24.7,24.7
5.522038,1,1,0.215000,0.215000,0.2750,-0.06000,1,1,1,+0.05430,+0.61992,0.13205,291.59,1,1,+5.000,-3.734,+1.266,-0.00045,-14.670,-0.00000,0.00,+0.00000,1,+0.02720,+0.00000,0.00495,+1.374,0,24.7,24.7
5.550084,1,1,0.215000,0.215000,0.2750,-0.06000,1,1,1,+0.05430,+0.61992,0.13205,291.59,1,1,+5.000,-3.734,+1.266,-0.00042,-14.670,+0.00000,0.00,+0.00000,1,+0.02720,+0.00000,0.00495,+1.366,0,24.7,24.7
5.579576,1,1,0.215000,0.215000,0.2750,-0.06000,1,1,1,+0.05515,+0.62576,0.13426,292.64,1,1,+5.000,-3.792,+1.208,-0.00063,-14.670,+0.00000,0.00,+0.00000,1,+0.02908,+0.00000,0.00483,+1.358,0,24.7,24.7
5.607600,1,1,0.215000,0.215000,0.2750,-0.06000,1,1,1,+0.05812,+0.63479,0.13710,294.26,1,1,+5.000,-3.996,+1.004,-0.00150,-14.670,-0.00000,0.00,+0.00000,1,+0.02831,+0.00000,0.00460,+1.351,0,24.7,24.7
5.634341,1,1,0.215000,0.215000,0.2750,-0.06000,1,1,1,+0.05710,+0.63970,0.13922,295.15,1,1,+5.000,-3.926,+1.074,-0.00115,-14.670,-0.00000,0.00,+0.00000,1,+0.02756,+0.00000,0.00444,+1.344,0,24.7,24.7
5.662826,1,1,0.215000,0.215000,0.2750,-0.06000,1,1,1,+0.05874,+0.63950,0.14011,295.11,1,1,+5.000,-4.038,+0.962,-0.00153,-14.669,-0.00000,0.00,+0.00000,0,+0.00000,+0.00000,0.00402,+1.326,0,24.7,24.7
5.694281,1,1,0.215000,0.215000,0.2750,-0.06000,1,1,1,+0.05868,+0.64393,0.14412,295.91,1,1,+5.000,-4.035,+0.965,-0.00141,-14.669,-0.00000,0.00,+0.00000,0,+0.00000,+0.00000,0.00353,+1.303,0,24.7,24.7
5.724857,1,1,0.215000,0.215000,0.2750,-0.06000,1,1,1,+0.05868,+0.64393,0.14412,295.91,1,1,+5.000,-4.035,+0.965,-0.00129,-14.669,+0.00000,0.00,+0.00000,0,+0.00000,+0.00000,0.00353,+1.275,0,24.7,24.7
5.755700,1,1,0.215000,0.215000,0.2750,-0.06000,1,1,1,+0.05832,+0.64993,0.14730,296.99,1,1,+5.000,-4.010,+0.990,-0.00107,-14.669,+0.00000,0.00,+0.00000,0,+0.00000,+0.00000,0.00306,+1.252,0,24.7,24.7
5.787169,1,1,0.215000,0.215000,0.2750,-0.06000,1,1,1,+0.05699,+0.65432,0.14917,297.78,1,1,+5.000,-3.918,+1.082,-0.00024,-14.838,+0.00000,0.00,+0.00000,0,+0.00000,+0.00000,0.00280,+1.150,0,24.7,24.7
5.817131,1,1,0.215000,0.215000,0.2750,-0.06000,1,1,1,+0.05777,+0.65902,0.15184,298.62,1,1,+5.000,-3.972,+1.028,-0.00039,-14.838,-0.00000,0.00,+0.00000,0,+0.00000,+0.00000,0.00246,+1.130,0,24.7,24.7
5.846411,1,1,0.215000,0.215000,0.2750,-0.06000,1,1,1,+0.05893,+0.66150,0.15496,299.07,1,1,+5.000,-4.051,+0.949,-0.00073,-14.838,-0.00000,0.00,+0.00000,0,+0.00000,+0.00000,0.00246,+1.119,0,24.7,24.7
5.874701,1,1,0.215000,0.215000,0.2750,-0.06000,1,1,1,+0.05877,+0.66501,0.15635,299.70,1,1,+5.000,-4.041,+0.959,-0.00066,-14.838,+0.00000,0.00,+0.00000,0,+0.00000,+0.00000,0.00250,+1.114,0,24.7,24.7
5.904822,1,1,0.215000,0.215000,0.2750,-0.06000,1,1,1,+0.06400,+0.66682,0.15880,300.03,1,1,+5.000,-4.400,+0.600,-0.00218,-14.838,-0.00000,0.00,+0.00000,0,+0.00000,+0.00000,0.00222,+1.106,0,24.7,24.7
5.934078,1,1,0.215000,0.215000,0.2750,-0.06000,1,1,1,+0.06452,+0.67462,0.16054,301.43,1,1,+5.000,-4.436,+0.564,-0.00213,-14.924,-0.00000,0.00,+0.00000,0,+0.00000,+0.00000,0.00240,+1.061,0,24.7,24.7
5.965653,1,1,0.215000,0.215000,0.2750,-0.06000,1,1,1,+0.06440,+0.67329,0.16264,301.19,1,1,+5.000,-4.428,+0.572,-0.00198,-14.924,-0.00000,0.00,+0.00000,0,+0.00000,+0.00000,0.00230,+1.042,0,24.7,24.7
5.994385,1,1,0.215000,0.215000,0.2750,-0.06000,1,1,1,+0.06669,+0.68194,0.16694,302.75,1,1,+5.000,-4.586,+0.414,-0.00245,-14.924,-0.00000,0.00,+0.00000,0,+0.00000,+0.00000,0.00231,+1.000,0,24.7,24.7
6.024854,1,1,0.215000,0.215000,0.2750,-0.06000,1,1,1,+0.06669,+0.68194,0.16694,302.75,1,1,+5.000,-4.586,+0.414,-0.00229,-14.924,-0.00000,0.00,+0.00000,0,+0.00000,+0.00000,0.00231,+0.960,0,24.7,24.7
6.055001,1,1,0.215000,0.215000,0.2750,-0.06000,1,1,1,+0.06437,+0.68082,0.16924,302.55,1,1,+5.000,-4.425,+0.575,-0.00117,-15.087,-0.00000,0.00,+0.00000,0,+0.00000,+0.00000,0.00237,+0.865,0,24.7,24.7
6.090100,1,1,0.215000,0.215000,0.2750,-0.06000,1,1,1,+0.06502,+0.68115,0.17321,302.61,1,1,+5.000,-4.470,+0.530,-0.00112,-15.087,-0.00000,0.00,+0.00000,0,+0.00000,+0.00000,0.00227,+0.811,0,24.7,24.7
6.121881,1,1,0.215000,0.215000,0.2750,-0.06000,1,1,1,+0.06975,+0.68585,0.18088,303.45,1,1,+5.000,-4.796,+0.204,-0.00241,-15.087,+0.00000,0.00,+0.00000,0,+0.00000,+0.00000,0.00220,+0.770,0,34.8,34.8
6.155870,1,1,0.215000,0.215000,0.2750,-0.06000,1,1,1,+0.06975,+0.68585,0.18088,303.45,1,1,+5.000,-4.796,+0.204,-0.00232,-15.087,+0.00000,0.00,+0.00000,0,+0.00000,+0.00000,0.00220,+0.748,0,34.8,34.8
6.186268,1,1,0.215000,0.215000,0.2750,-0.06000,1,1,1,+0.06942,+0.68825,0.18079,303.88,1,1,+5.000,-4.773,+0.227,-0.00200,-15.087,+0.00000,0.00,+0.00000,0,+0.00000,+0.00000,0.00224,+0.709,0,34.8,34.8
6.220335,1,1,0.215000,0.215000,0.2750,-0.06000,1,1,1,+0.07079,+0.68902,0.18468,304.02,1,1,+5.000,-4.867,+0.133,-0.00217,-15.086,-0.00000,0.00,+0.00000,0,+0.00000,+0.00000,0.00239,+0.656,0,34.8,34.8
6.251774,1,1,0.215000,0.215000,0.2750,-0.06000,1,1,1,+0.07414,+0.68813,0.18766,303.86,1,1,+5.000,-5.097,-0.097,-0.00299,-15.086,-0.00000,0.00,+0.00000,0,+0.00000,+0.00000,0.00240,+0.611,0,34.8,34.8
6.282821,1,1,0.215000,0.215000,0.2750,-0.06000,1,1,1,+0.07215,+0.69024,0.19173,304.24,1,1,+5.000,-4.960,+0.040,-0.00219,-15.086,-0.00000,0.00,+0.00000,0,+0.00000,+0.00000,0.00259,+0.565,0,34.8,34.8
6.314949,1,1,0.215000,0.215000,0.2750,-0.06000,1,1,1,+0.07487,+0.67934,0.19460,302.28,1,1,+5.000,-5.148,-0.148,-0.00275,-15.086,-0.00000,0.00,+0.00000,0,+0.00000,+0.00000,0.00248,+0.515,0,34.8,34.8
6.346137,1,1,0.215000,0.215000,0.2750,-0.06000,1,1,1,+0.07308,+0.67771,0.19084,301.99,1,1,+5.000,-5.024,-0.024,-0.00199,-15.086,-0.00000,0.00,+0.00000,0,+0.00000,+0.00000,0.00313,+0.457,0,34.8,34.8
6.374774,1,1,0.215000,0.215000,0.2750,-0.06000,1,1,1,+0.07811,+0.67126,0.19634,300.83,1,1,+5.000,-5.370,-0.370,-0.00321,-15.168,-0.00000,0.00,+0.00000,0,+0.00000,+0.00000,0.00340,+0.394,0,34.8,34.8
6.403489,1,1,0.215000,0.215000,0.2750,-0.06000,1,1,1,+0.07883,+0.66946,0.19673,300.50,1,1,+5.000,-5.420,-0.420,-0.00322,-15.255,-0.00000,0.00,+0.00000,0,+0.00000,+0.00000,0.00432,+0.342,0,34.8,34.8
6.437361,1,1,0.215000,0.215000,0.2750,-0.06000,1,1,1,+0.08388,+0.67269,0.20154,301.08,1,1,+5.000,-5.767,-0.767,-0.00433,-15.492,-0.00000,0.00,+0.00000,0,+0.00000,+0.00000,0.00477,+0.258,0,34.8,34.8
6.467110,1,1,0.215000,0.215000,0.2750,-0.06000,1,1,1,+0.08411,+0.67048,0.20728,300.69,1,1,+5.000,-5.783,-0.783,-0.00412,-15.492,-0.00000,0.00,+0.00000,0,+0.00000,+0.00000,0.00493,+0.198,0,34.8,34.8
6.499293,1,1,0.215000,0.215000,0.2750,-0.06000,1,1,1,+0.08761,+0.66991,0.21271,300.58,1,1,+5.000,-6.023,-1.023,-0.00477,-15.660,-0.00000,0.00,+0.00000,1,+0.03976,+0.00000,0.00514,+0.113,0,34.8,34.8
6.533678,1,1,0.215000,0.215000,0.2750,-0.06000,1,1,1,+0.08761,+0.66991,0.21271,300.58,1,1,+5.000,-6.023,-1.023,-0.00434,-15.659,-0.00000,0.00,+0.00000,1,+0.03976,+0.00000,0.00514,+0.017,0,34.8,34.8
6.564473,1,1,0.215000,0.215000,0.2750,-0.06000,1,1,1,+0.09237,+0.67318,0.22879,301.17,1,1,+5.000,-6.351,-1.351,-0.00534,-15.819,-0.00000,0.00,+0.00000,1,+0.04548,+0.00000,0.00538,-0.078,0,34.8,34.8
6.597110,1,1,0.215000,0.215000,0.2750,-0.06000,1,1,1,+0.09237,+0.67318,0.22879,301.17,1,1,+5.000,-6.351,-1.351,-0.00497,-15.819,-0.00000,0.00,+0.00000,1,+0.04548,+0.00000,0.00538,-0.162,0,34.8,34.8
6.630856,1,1,0.215000,0.215000,0.2750,-0.06000,1,1,1,+0.09891,+0.66825,0.23947,300.28,1,1,+5.000,-6.800,-1.800,-0.00648,-15.970,+0.00000,0.00,+0.00000,1,+0.05056,+0.00000,0.00513,-0.260,0,34.8,34.8
6.664181,1,1,0.215000,0.215000,0.2750,-0.06000,1,1,1,+0.09891,+0.66825,0.23947,300.28,1,1,+5.000,-6.800,-1.800,-0.00595,-15.970,+0.00000,0.00,+0.00000,1,+0.05056,+0.00000,0.00513,-0.382,0,34.8,34.8
6.701129,1,1,0.215000,0.215000,0.2750,-0.06000,1,1,1,+0.10242,+0.66003,0.25037,298.81,1,1,+5.000,-7.042,-2.042,-0.00652,-16.259,-0.00000,0.00,+0.00000,1,+0.06003,+0.00000,0.00345,-0.478,0,34.8,34.8
6.739484,1,1,0.215000,0.215000,0.2750,-0.06000,1,1,1,+0.10568,+0.65284,0.25915,297.51,1,1,+5.000,-7.266,-2.266,-0.00705,-16.538,-0.00000,0.00,+0.00000,0,+0.00000,+0.00000,0.00274,-0.586,0,34.8,34.8
6.774536,1,1,0.215000,0.215000,0.2750,-0.06000,1,1,1,+0.10652,+0.64152,0.26690,295.47,1,1,+5.000,-7.323,-2.323,-0.00687,-16.779,-0.00000,0.00,+0.00000,0,+0.00000,+0.00000,0.00230,-0.680,0,34.8,34.8
6.811944,1,1,0.215000,0.215000,0.2750,-0.06000,1,1,1,+0.11209,+0.63223,0.27426,293.80,1,1,+5.000,-7.707,-2.707,-0.00798,-16.957,-0.00000,0.00,+0.00000,0,+0.00000,+0.00000,0.00204,-0.802,0,34.8,34.8
6.849120,1,1,0.215000,0.215000,0.2750,-0.06000,1,1,1,+0.11362,+0.62673,0.28197,292.81,1,1,+5.000,-7.812,-2.812,-0.00800,-17.182,+0.00000,0.00,+0.00000,0,+0.00000,+0.00000,0.00194,-0.904,0,34.8,34.8
6.892512,1,1,0.215000,0.215000,0.2750,-0.06000,1,1,1,+0.11706,+0.61359,0.28926,290.45,1,1,+5.000,-8.048,-3.048,-0.00844,-17.444,-0.00000,0.00,+0.00000,0,+0.00000,+0.00000,0.00181,-1.028,0,34.8,34.8
6.930128,1,1,0.222300,0.222300,0.2750,-0.05270,1,1,1,+0.12270,+0.58966,0.30782,286.14,1,1,+5.000,-8.436,-3.436,-0.00966,-17.628,-0.00000,0.00,+0.00000,0,+0.00000,+0.00000,0.00186,-1.135,0,34.8,34.8
6.974008,1,1,0.227185,0.227185,0.2750,-0.04782,1,1,1,+0.12657,+0.57434,0.31788,283.38,1,1,+5.000,-8.702,-3.702,-0.01033,-17.828,-0.00000,0.00,+0.00000,0,+0.00000,+0.00000,0.00193,-1.245,0,34.8,34.8
7.021444,1,1,0.235359,0.235359,0.2750,-0.03964,1,1,1,+0.13067,+0.55393,0.33106,279.71,1,1,+5.000,-8.984,-3.984,-0.01094,-18.031,-0.00000,0.00,+0.00000,0,+0.00000,+0.00000,0.00194,-1.371,0,34.8,34.8
7.064208,1,1,0.238534,0.238534,0.2750,-0.03647,1,1,1,+0.13391,+0.53897,0.33893,277.01,1,1,+5.000,-9.207,-4.207,-0.01126,-18.153,-0.00000,0.00,+0.00000,0,+0.00000,+0.00000,0.00187,-1.514,0,34.8,34.8
7.112126,1,1,0.267285,0.269745,0.2750,-0.00526,1,1,1,+0.14124,+0.49184,0.36709,268.53,1,1,+5.000,-9.711,-4.711,-0.01272,-18.214,-0.00000,0.00,+0.00000,1,+0.09618,+0.00000,0.00189,-1.675,0,34.8,34.8
7.165494,1,1,0.274574,0.274574,0.2750,-0.00043,1,1,1,+0.14712,+0.46498,0.38313,263.70,1,1,+5.000,-10.115,-5.115,-0.01370,-18.208,+0.00000,0.00,+0.00000,1,+0.10014,+0.00000,0.00210,-1.851,0,27.8,27.8
7.218871,1,1,0.306600,0.307135,0.2750,+0.03213,1,1,1,+0.15707,+0.40708,0.41604,253.27,1,1,+5.000,-10.799,-5.799,-0.01597,-18.039,-0.00000,0.00,+0.00000,1,+0.10809,+0.00000,0.00232,-1.998,0,27.8,27.8
7.279305,1,1,0.335000,0.335000,0.2750,+0.06000,1,1,1,+0.16720,+0.33857,0.45399,240.94,1,1,+5.000,-11.000,-6.000,-0.01579,-17.728,+0.00000,0.00,+0.00000,1,+0.11413,+0.00000,0.00835,-2.230,0,27.8,27.8
7.349426,1,1,0.335000,0.335000,0.2750,+0.06000,1,1,1,+0.16862,+0.22939,0.48823,221.29,1,1,+5.000,-11.000,-6.000,-0.01258,-17.737,-0.00000,0.00,+0.00000,1,+0.17601,+0.00000,0.02320,-2.939,0,27.8,27.8
7.424262,1,1,0.335000,0.335000,0.2750,+0.06000,1,1,1,+0.17312,+0.17384,0.51890,211.29,1,1,+5.000,-11.000,-6.000,-0.00922,-17.749,-0.00000,0.00,+0.00000,1,+0.19097,+0.00000,0.03482,-3.710,0,27.8,27.8
7.503025,1,1,0.335000,0.335000,0.2750,+0.06000,1,0,0,+0.00000,+0.00000,0.00000,0.00,0,1,+5.000,+0.000,+5.000,+0.04175,-17.764,+0.00000,0.00,+0.00000,1,+0.43431,+0.00000,0.03576,-4.427,0,27.8,27.8
7.551261,1,1,0.335000,0.335000,0.2750,+0.06000,1,0,0,+0.00000,+0.00000,0.00000,0.00,0,1,+5.000,+0.000,+5.000,+0.04290,-17.771,-0.00000,0.00,+0.00000,1,+0.24304,+0.00000,0.03157,-4.733,0,27.8,27.8
7.601011,1,1,0.335000,0.335000,0.2750,+0.06000,1,0,0,+0.00000,+0.00000,0.00000,0.00,0,1,+5.000,+0.000,+5.000,+0.03467,-17.744,+0.00000,0.00,+0.00000,1,+0.22364,+0.00000,0.02164,-3.460,0,27.8,27.8
7.661140,1,1,0.335000,0.335000,0.2750,+0.06000,1,0,0,+0.00000,+0.00000,0.00000,0.00,0,1,+5.000,+0.000,+5.000,+0.02801,-17.721,+0.00000,0.00,+0.00000,0,+0.00000,+0.00000,0.03908,-1.875,0,27.8,27.8
7.724099,1,1,0.335000,0.335000,0.2750,+0.06000,1,0,0,+0.00000,+0.00000,0.00000,0.00,0,1,+5.000,+0.000,+5.000,+0.02234,-17.712,-0.00000,0.00,+0.00000,0,+0.00000,+0.00000,0.03097,-0.484,0,27.8,27.8
7.796456,1,1,0.335000,0.335000,0.2750,+0.06000,1,0,0,+0.00000,+0.00000,0.00000,0.00,0,1,+5.000,+0.000,+5.000,+0.01609,-17.714,-0.00000,0.00,+0.00000,0,+0.00000,+0.00000,0.01176,+1.007,0,27.8,27.8
7.878504,1,1,0.335000,0.335000,0.2750,+0.06000,1,0,0,+0.00000,+0.00000,0.00000,0.00,0,1,+5.000,+0.000,+5.000,+0.01534,-20.993,+0.06595,0.00,+0.00000,0,+0.00000,+0.00000,0.00000,+1.157,0,27.8,27.8
7.973955,1,1,0.332067,0.332067,0.2750,+0.05707,1,0,0,+0.00000,+0.00000,0.00000,0.00,0,1,+5.000,+0.000,+5.000,+0.01085,-21.006,+0.01021,0.00,+0.00000,0,+0.00000,+0.00000,0.00664,+2.329,0,27.8,27.8
8.050996,1,1,0.327708,0.327708,0.2750,+0.05271,1,0,0,+0.00000,+0.00000,0.00000,0.00,0,1,+5.000,+0.000,+5.000,+0.00729,-20.973,+0.00986,0.00,+0.00000,0,+0.00000,+0.00000,0.00906,+3.157,0,27.8,27.8
8.131293,1,1,0.323397,0.323397,0.2750,+0.04840,1,0,0,+0.00000,+0.00000,0.00000,0.00,0,1,+5.000,+0.000,+5.000,+0.00484,-20.952,+0.00631,0.00,+0.00000,0,+0.00000,+0.00000,0.01162,+3.766,0,27.8,27.8
8.207412,1,1,0.319518,0.319518,0.2750,+0.04452,1,0,0,+0.00000,+0.00000,0.00000,0.00,0,1,+5.000,+0.000,+5.000,+0.00326,-20.939,+0.00460,0.00,+0.00000,0,+0.00000,+0.00000,0.01310,+4.170,0,14.4,14.4
8.281877,1,1,0.315909,0.315909,0.2750,+0.04091,1,0,0,+0.00000,+0.00000,0.00000,0.00,0,1,+5.000,+0.000,+5.000,+0.00219,-20.930,+0.00333,0.00,+0.00000,0,+0.00000,+0.00000,0.01473,+4.443,0,14.4,14.4
8.355629,2,1,0.312507,0.312507,0.2750,+0.03751,1,0,0,+0.00000,+0.00000,0.00000,0.00,0,1,+5.000,+0.000,+5.000,+0.00139,-20.923,+0.00232,0.00,+0.00000,0,+0.00000,+0.00000,0.03400,+4.641,0,14.4,14.4
8.421157,2,1,0.309621,0.309621,0.2750,+0.03462,1,0,0,+0.00000,+0.00000,0.00000,0.00,0,1,+5.000,+0.000,+5.000,+0.00096,-20.919,+0.00185,0.00,+0.00000,1,+0.12099,-0.07753,0.00658,+4.754,0,14.4,14.4
8.484228,2,1,0.306961,0.306961,0.2750,+0.03196,1,0,0,+0.00000,+0.00000,0.00000,0.00,0,1,+5.000,+0.000,+5.000,+0.00063,-20.916,+0.00131,0.00,+0.00000,1,+0.09798,+0.00000,0.00528,+4.839,0,14.4,14.4
8.543115,2,1,0.304575,0.304575,0.2750,+0.02958,1,0,0,+0.00000,+0.00000,0.00000,0.00,0,1,+5.000,+0.000,+5.000,+0.00042,-20.913,+0.00101,0.00,+0.00000,1,+0.12066,+0.00000,0.01561,+4.891,0,14.4,14.4
8.601597,2,1,0.302297,0.302297,0.2750,+0.02730,1,0,0,+0.00000,+0.00000,0.00000,0.00,0,1,+5.000,+0.000,+5.000,+0.00030,-20.911,+0.00078,0.00,+0.00000,1,+0.10304,+0.00000,0.01991,+4.922,0,14.4,14.4
8.654506,2,1,0.300311,0.300311,0.2750,+0.02531,1,0,0,+0.00000,+0.00000,0.00000,0.00,0,1,+5.000,+0.000,+5.000,+0.00021,-20.910,+0.00065,0.00,+0.00000,1,+0.05195,+0.00000,0.01638,+4.945,0,14.4,14.4
8.705342,2,1,0.298468,0.298468,0.2750,+0.02347,1,0,0,+0.00000,+0.00000,0.00000,0.00,0,1,+5.000,+0.000,+5.000,+0.00219,-19.103,+0.00051,0.00,+0.00000,1,+0.04537,+0.00000,0.01414,+4.494,0,14.4,14.4
8.756470,2,1,0.296677,0.296677,0.2750,+0.02168,1,0,0,+0.00000,+0.00000,0.00000,0.00,0,1,+5.000,+0.000,+5.000,+0.00498,-16.931,+0.00041,0.00,+0.00000,1,+0.03779,+0.00000,0.01187,+3.855,0,14.4,14.4
8.808944,2,1,0.294900,0.294900,0.2750,+0.01990,1,0,0,+0.00000,+0.00000,0.00000,0.00,0,1,+5.000,+0.000,+5.000,+0.00657,-15.176,+0.00032,0.00,+0.00000,1,+0.02693,+0.00000,0.01064,+3.467,0,14.4,14.4
8.858526,2,1,0.293278,0.293278,0.2750,+0.01828,1,0,0,+0.00000,+0.00000,0.00000,0.00,0,1,+5.000,+0.000,+5.000,+0.00793,-13.350,+0.00025,0.00,+0.00000,1,+0.01962,+0.00000,0.00940,+3.124,0,14.4,14.4
8.908348,2,1,0.291700,0.291700,0.2750,+0.01670,1,0,0,+0.00000,+0.00000,0.00000,0.00,0,1,+5.000,+0.000,+5.000,+0.00887,-11.804,+0.00020,0.00,+0.00000,1,+0.01144,+0.00000,0.00831,+2.895,0,14.4,14.4
8.957974,2,1,0.290181,0.290181,0.2750,+0.01518,1,0,0,+0.00000,+0.00000,0.00000,0.00,0,1,+5.000,+0.000,+5.000,+0.00932,-10.646,+0.00016,0.00,+0.00000,1,+0.00281,+0.00000,0.00694,+2.778,0,14.4,14.4
9.011974,2,1,0.288583,0.288583,0.2750,+0.01358,1,0,0,+0.00000,+0.00000,0.00000,0.00,0,1,+5.000,+0.000,+5.000,+0.00963,-9.172,+0.00013,0.00,+0.00000,0,+0.00000,+0.00000,0.00622,+2.696,0,14.4,14.4
9.064257,2,1,0.287090,0.287090,0.2750,+0.01209,1,0,0,+0.00000,+0.00000,0.00000,0.00,0,1,+5.000,+0.000,+5.000,+0.00990,-8.173,+0.00010,0.00,+0.00000,0,+0.00000,+0.00000,0.00579,+2.630,0,14.4,14.4
9.121382,2,1,0.285517,0.285517,0.2750,+0.01052,1,0,0,+0.00000,+0.00000,0.00000,0.00,0,1,+5.000,+0.000,+5.000,-0.05000,+5.223,+1.99835,0.00,+0.00000,1,-0.00331,+0.00000,0.00605,+16.409,0,14.4,14.4
9.175875,2,1,0.284072,0.284072,0.2750,+0.00907,1,0,0,+0.00000,+0.00000,0.00000,0.00,0,1,+5.000,+0.000,+5.000,-0.05000,+9.591,+3.18886,0.00,+0.00000,1,+0.06155,-0.10268,0.01148,+31.790,0,14.4,14.4
9.226559,2,1,0.282774,0.282774,0.2750,+0.00777,1,0,0,+0.00000,+0.00000,0.00000,0.00,0,1,+5.000,+0.000,+5.000,-0.05000,+5.516,-1.83586,0.00,+0.00000,1,+0.32627,+0.00009,0.01406,+25.480,0,17.7,17.7
9.305248,2,1,0.280843,0.280843,0.2750,+0.00584,1,0,0,+0.00000,+0.00000,0.00000,0.00,0,1,+5.000,+0.000,+5.000,-0.03067,+11.406,+3.65776,0.00,+0.00000,0,+0.00000,+0.00000,0.00128,+16.030,0,17.7,17.7
9.401059,2,1,0.278625,0.278625,0.2750,+0.00363,1,0,0,+0.00000,+0.00000,0.00000,0.00,0,1,+5.000,+0.000,+5.000,+0.01452,+36.464,-0.37641,0.00,+0.00000,1,+0.51181,+0.00000,0.03161,+0.975,0,17.7,17.7
9.486353,2,1,0.276767,0.276767,0.2750,+0.00177,1,0,0,+0.00000,+0.00000,0.00000,0.00,0,1,+5.000,+0.000,+5.000,+0.00948,+36.063,+0.00206,0.00,+0.00000,1,+0.48873,+0.00000,0.02525,+3.356,0,17.7,17.7
9.572612,2,1,0.274991,0.274991,0.2750,-0.00001,1,0,0,+0.00000,+0.00000,0.00000,0.00,0,1,+5.000,+0.000,+5.000,+0.01562,+34.955,+0.14765,0.00,+0.00000,1,+0.47026,+0.00000,0.00664,+1.311,0,17.7,17.7
9.658486,2,1,0.273323,0.273323,0.2750,-0.00168,1,0,0,+0.00000,+0.00000,0.00000,0.00,0,1,+5.000,+0.000,+5.000,+0.00842,+33.379,-0.00080,0.00,+0.00000,1,+0.46820,+0.00000,0.00555,+3.073,0,17.7,17.7
9.743559,2,1,0.271761,0.271761,0.2750,-0.00324,1,0,0,+0.00000,+0.00000,0.00000,0.00,0,1,+5.000,+0.000,+5.000,+0.00847,+33.382,+0.00022,0.00,+0.00000,1,+0.43716,+0.00000,0.00614,+3.060,0,17.7,17.7
9.829756,2,1,0.270267,0.270267,0.2750,-0.00473,1,0,0,+0.00000,+0.00000,0.00000,0.00,0,1,+5.000,+0.000,+5.000,+0.01731,+30.992,+0.20759,0.00,+0.00000,1,+0.39115,+0.00000,0.00813,+1.041,0,17.7,17.7
9.911818,2,1,0.268921,0.268921,0.2750,-0.00608,1,0,0,+0.00000,+0.00000,0.00000,0.00,0,1,+5.000,+0.000,+5.000,+0.01703,+26.980,+0.03428,0.00,+0.00000,1,+0.36837,+0.00000,0.00858,+1.106,0,17.7,17.7
9.990838,2,1,0.267694,0.267694,0.2750,-0.00731,1,0,0,+0.00000,+0.00000,0.00000,0.00,0,1,+5.000,+0.000,+5.000,+0.01745,+16.038,-0.01543,0.00,+0.00000,1,+0.36341,+0.00000,0.00844,+1.021,0,17.7,17.7
10.073342,2,1,0.266479,0.266479,0.2750,-0.00852,1,0,0,+0.00000,+0.00000,0.00000,0.00,0,1,+5.000,+0.000,+5.000,+0.01783,+4.538,+0.00955,0.00,+0.00000,1,+0.36399,+0.00000,0.00842,+0.929,0,17.7,17.7
10.158176,2,1,0.265298,0.265298,0.2750,-0.00970,1,0,0,+0.00000,+0.00000,0.00000,0.00,0,1,+5.000,+0.000,+5.000,+0.01794,-7.178,-0.00298,0.00,+0.00000,1,+0.36585,+0.00000,0.00836,+0.896,0,17.7,17.7
10.237473,2,1,0.264253,0.264253,0.2750,-0.01075,1,0,0,+0.00000,+0.00000,0.00000,0.00,0,1,+5.000,+0.000,+5.000,+0.01809,-17.455,+0.00013,0.00,+0.00000,1,+0.36453,+0.00000,0.00845,+0.864,0,11.9,11.9
10.323903,2,1,0.263175,0.263175,0.2750,-0.01182,1,0,0,+0.00000,+0.00000,0.00000,0.00,0,1,+5.000,+0.000,+5.000,+0.01814,-28.203,-0.01377,0.00,+0.00000,1,+0.35542,+0.00000,0.01722,+0.852,0,11.9,11.9
10.408426,2,1,0.262179,0.262179,0.2750,-0.01282,1,0,0,+0.00000,+0.00000,0.00000,0.00,0,1,+5.000,+0.000,+5.000,+0.01833,-37.978,-0.00255,0.00,+0.00000,1,+0.45741,+0.00000,0.04787,+0.805,0,11.9,11.9
10.489666,2,1,0.261274,0.261274,0.2750,-0.01373,1,0,0,+0.00000,+0.00000,0.00000,0.00,0,1,+5.000,+0.000,+5.000,+0.01844,-46.552,-0.00430,0.00,+0.00000,1,+0.44720,+0.00000,0.03791,+0.781,0,11.9,11.9
10.570442,2,1,0.260420,0.260420,0.2750,-0.01458,1,0,0,+0.00000,+0.00000,0.00000,0.00,0,1,+5.000,+0.000,+5.000,+0.01824,-53.284,+0.00040,0.00,+0.00000,1,+0.43001,+0.00000,0.01764,+0.822,0,11.9,11.9
10.652259,2,1,0.259602,0.259602,0.2750,-0.01540,1,0,0,+0.00000,+0.00000,0.00000,0.00,0,1,+5.000,+0.000,+5.000,+0.01819,-59.676,-0.00053,0.00,+0.00000,1,+0.36652,+0.00000,0.00891,+0.835,0,11.9,11.9
10.735839,2,1,0.258810,0.258810,0.2750,-0.01619,1,0,0,+0.00000,+0.00000,0.00000,0.00,0,1,+5.000,+0.000,+5.000,+0.01809,-65.045,-0.00076,0.00,+0.00000,1,+0.36472,+0.00000,0.00884,+0.857,0,11.9,11.9
10.817601,2,1,0.258078,0.258078,0.2750,-0.01692,1,0,0,+0.00000,+0.00000,0.00000,0.00,0,1,+5.000,+0.000,+5.000,+0.01794,-69.119,-0.00527,0.00,+0.00000,1,+0.36482,+0.00000,0.00882,+0.889,0,11.9,11.9
10.901931,2,1,0.257363,0.257363,0.2750,-0.01764,1,0,0,+0.00000,+0.00000,0.00000,0.00,0,1,+5.000,+0.000,+5.000,+0.01805,-72.882,-0.00521,0.00,+0.00000,1,+0.36745,+0.00000,0.00875,+0.859,0,11.9,11.9
10.987116,2,1,0.256680,0.256680,0.2750,-0.01832,1,0,0,+0.00000,+0.00000,0.00000,0.00,0,1,+5.000,+0.000,+5.000,+0.01769,-75.983,-0.00197,0.00,+0.00000,1,+0.36460,+0.00000,0.00869,+0.939,0,11.9,11.9
11.072634,2,1,0.256033,0.256033,0.2750,-0.01897,1,0,0,+0.00000,+0.00000,0.00000,0.00,0,1,+5.000,+0.000,+5.000,+0.01775,-78.529,-0.00091,0.00,+0.00000,1,+0.36501,+0.00000,0.00867,+0.923,0,11.9,11.9
11.159523,2,1,0.255412,0.255412,0.2750,-0.01959,1,0,0,+0.00000,+0.00000,0.00000,0.00,0,1,+5.000,+0.000,+5.000,+0.01636,-80.647,-0.00355,0.00,+0.00000,1,+0.36582,+0.00000,0.00857,+1.246,0,11.9,11.9
11.248042,2,1,0.254815,0.254815,0.2750,-0.02018,1,0,0,+0.00000,+0.00000,0.00000,0.00,0,1,+5.000,+0.000,+5.000,+0.01563,-82.528,-0.00428,0.00,+0.00000,1,+0.36596,+0.00000,0.00857,+1.412,0,11.9,11.9
11.330384,2,1,0.254291,0.254291,0.2750,-0.02071,1,0,0,+0.00000,+0.00000,0.00000,0.00,0,1,+5.000,+0.000,+5.000,+0.01457,-83.914,-0.00464,0.00,+0.00000,1,+0.35931,+0.00000,0.01910,+1.655,0,11.9,11.9
11.411254,2,1,0.253803,0.253803,0.2750,-0.02120,1,0,0,+0.00000,+0.00000,0.00000,0.00,0,1,+5.000,+0.000,+5.000,+0.01405,-84.942,-0.00316,0.00,+0.00000,1,+0.45892,+0.00000,0.04768,+1.777,0,11.9,11.9
11.491039,2,1,0.253347,0.253347,0.2750,-0.02165,1,0,0,+0.00000,+0.00000,0.00000,0.00,0,1,+5.000,+0.000,+5.000,+0.01601,-85.788,-0.00116,0.00,+0.00000,1,+0.45623,+0.00000,0.04516,+1.327,0,11.9,11.9
11.569263,2,1,0.252923,0.252923,0.2750,-0.02208,1,0,0,+0.00000,+0.00000,0.00000,0.00,0,1,+5.000,+0.000,+5.000,+0.01734,-85.344,+0.00000,0.00,+0.00000,1,+0.43064,+0.00000,0.01744,+1.025,0,11.9,11.9
11.645977,2,0,0.252528,0.252528,0.2750,-0.02247,0,0,0,+0.00000,+0.00000,0.00000,0.00,0,0,+0.000,+0.000,+0.000,+0.00000,-77.449,-0.19299,0.00,+0.00000,0,+0.00000,+0.00000,0.00000,+4.084,0,11.9,11.9
11.670108,2,0,0.252408,0.252408,0.2750,-0.02259,0,0,0,+0.00000,+0.00000,0.00000,0.00,0,0,+0.000,+0.000,+0.000,+0.00000,-74.635,-0.21122,0.00,+0.00000,0,+0.00000,+0.00000,0.00000,+3.936,0,11.9,11.9
11.693643,2,0,0.252293,0.252293,0.2750,-0.02271,0,0,0,+0.00000,+0.00000,0.00000,0.00,0,0,+0.000,+0.000,+0.000,+0.00000,-72.736,-0.21350,0.00,+0.00000,0,+0.00000,+0.00000,0.00000,+3.671,0,11.9,11.9
11.717881,2,0,0.252176,0.252176,0.2750,-0.02282,0,0,0,+0.00000,+0.00000,0.00000,0.00,0,0,+0.000,+0.000,+0.000,+0.00000,-69.993,-0.19570,0.00,+0.00000,0,+0.00000,+0.00000,0.00000,+3.657,0,11.9,11.9
11.742778,2,0,0.252058,0.252058,0.2750,-0.02294,0,0,0,+0.00000,+0.00000,0.00000,0.00,0,0,+0.000,+0.000,+0.000,+0.00000,-67.269,-0.16617,0.00,+0.00000,0,+0.00000,+0.00000,0.00000,+3.645,0,11.9,11.9
11.764949,2,0,0.251954,0.251954,0.2750,-0.02305,0,0,0,+0.00000,+0.00000,0.00000,0.00,0,0,+0.000,+0.000,+0.000,+0.00000,-64.572,-0.14691,0.00,+0.00000,0,+0.00000,+0.00000,0.00000,+3.675,0,11.9,11.9
11.789285,2,0,0.251842,0.251842,0.2750,-0.02316,0,0,0,+0.00000,+0.00000,0.00000,0.00,0,0,+0.000,+0.000,+0.000,+0.00000,-61.904,-0.13060,0.00,+0.00000,0,+0.00000,+0.00000,0.00000,+3.662,0,11.9,11.9
11.814554,2,0,0.251728,0.251728,0.2750,-0.02327,0,0,0,+0.00000,+0.00000,0.00000,0.00,0,0,+0.000,+0.000,+0.000,+0.00000,-59.263,-0.11988,0.00,+0.00000,0,+0.00000,+0.00000,0.00000,+3.541,0,11.9,11.9
11.840641,2,0,0.251612,0.251612,0.2750,-0.02339,0,0,0,+0.00000,+0.00000,0.00000,0.00,0,0,+0.000,+0.000,+0.000,+0.00000,-56.707,-0.10526,0.00,+0.00000,0,+0.00000,+0.00000,0.00000,+3.518,0,11.9,11.9
11.865072,2,0,0.251505,0.251505,0.2750,-0.02349,0,0,0,+0.00000,+0.00000,0.00000,0.00,0,0,+0.000,+0.000,+0.000,+0.00000,-55.030,-0.09848,0.00,+0.00000,0,+0.00000,+0.00000,0.00000,+3.484,0,11.9,11.9
11.889383,2,0,0.251401,0.251401,0.2750,-0.02360,0,0,0,+0.00000,+0.00000,0.00000,0.00,0,0,+0.000,+0.000,+0.000,+0.00000,-52.569,-0.08904,0.00,+0.00000,0,+0.00000,+0.00000,0.00000,+3.416,0,11.9,11.9
11.914724,2,0,0.251293,0.251293,0.2750,-0.02371,0,0,0,+0.00000,+0.00000,0.00000,0.00,0,0,+0.000,+0.000,+0.000,+0.00000,-50.188,-0.07912,0.00,+0.00000,0,+0.00000,+0.00000,0.00000,+3.365,0,11.9,11.9
11.939008,2,0,0.251192,0.251192,0.2750,-0.02381,0,0,0,+0.00000,+0.00000,0.00000,0.00,0,0,+0.000,+0.000,+0.000,+0.00000,-47.868,-0.07018,0.00,+0.00000,0,+0.00000,+0.00000,0.00000,+3.268,0,11.9,11.9
11.962470,2,0,0.251096,0.251096,0.2750,-0.02390,0,0,0,+0.00000,+0.00000,0.00000,0.00,0,0,+0.000,+0.000,+0.000,+0.00000,-45.636,-0.06196,0.00,+0.00000,0,+0.00000,+0.00000,0.00000,+3.204,0,11.9,11.9
11.986277,2,0,0.251000,0.251000,0.2750,-0.02400,0,0,0,+0.00000,+0.00000,0.00000,0.00,0,0,+0.000,+0.000,+0.000,+0.00000,-44.164,-0.05841,0.00,+0.00000,0,+0.00000,+0.00000,0.00000,+3.076,0,11.9,11.9
12.010235,2,0,0.250905,0.250905,0.2750,-0.02409,0,0,0,+0.00000,+0.00000,0.00000,0.00,0,0,+0.000,+0.000,+0.000,+0.00000,-42.084,-0.05032,0.00,+0.00000,0,+0.00000,+0.00000,0.00000,+3.074,0,11.9,11.9
12.034990,2,0,0.250809,0.250809,0.2750,-0.02419,0,0,0,+0.00000,+0.00000,0.00000,0.00,0,0,+0.000,+0.000,+0.000,+0.00000,-40.096,-0.04522,0.00,+0.00000,0,+0.00000,+0.00000,0.00000,+3.096,0,11.9,11.9
12.058380,2,0,0.250719,0.250719,0.2750,-0.02428,0,0,0,+0.00000,+0.00000,0.00000,0.00,0,0,+0.000,+0.000,+0.000,+0.00000,-38.138,-0.04054,0.00,+0.00000,0,+0.00000,+0.00000,0.00000,+2.969,0,11.9,11.9
12.084501,2,0,0.250620,0.250620,0.2750,-0.02438,0,0,0,+0.00000,+0.00000,0.00000,0.00,0,0,+0.000,+0.000,+0.000,+0.00000,-36.282,-0.03543,0.00,+0.00000,0,+0.00000,+0.00000,0.00000,+2.908,0,11.9,11.9
12.108907,2,0,0.250529,0.250529,0.2750,-0.02447,0,0,0,+0.00000,+0.00000,0.00000,0.00,0,0,+0.000,+0.000,+0.000,+0.00000,-35.087,-0.03368,0.00,+0.00000,0,+0.00000,+0.00000,0.00000,+2.863,0,11.9,11.9
12.134101,2,0,0.250437,0.250437,0.2750,-0.02456,0,0,0,+0.00000,+0.00000,0.00000,0.00,0,0,+0.000,+0.000,+0.000,+0.00000,-33.322,-0.03001,0.00,+0.00000,0,+0.00000,+0.00000,0.00000,+2.698,0,11.9,11.9
12.159550,2,0,0.250346,0.250346,0.2750,-0.02465,0,0,0,+0.00000,+0.00000,0.00000,0.00,0,0,+0.000,+0.000,+0.000,+0.00000,-31.642,-0.02643,0.00,+0.00000,0,+0.00000,+0.00000,0.00000,+2.560,0,11.9,11.9
12.184532,2,0,0.250257,0.250257,0.2750,-0.02474,0,0,0,+0.00000,+0.00000,0.00000,0.00,0,0,+0.000,+0.000,+0.000,+0.00000,-30.032,-0.02439,0.00,+0.00000,0,+0.00000,+0.00000,0.00000,+2.413,0,11.9,11.9
12.210239,2,0,0.250168,0.250168,0.2750,-0.02483,0,0,0,+0.00000,+0.00000,0.00000,0.00,0,0,+0.000,+0.000,+0.000,+0.00000,-28.500,-0.02120,0.00,+0.00000,0,+0.00000,+0.00000,0.00000,+2.281,0,11.9,11.9
12.234427,2,0,0.250085,0.250085,0.2750,-0.02491,0,0,0,+0.00000,+0.00000,0.00000,0.00,0,0,+0.000,+0.000,+0.000,+0.00000,-27.016,-0.01940,0.00,+0.00000,0,+0.00000,+0.00000,0.00000,+2.096,0,11.9,11.9
12.258316,2,0,0.250005,0.250005,0.2750,-0.02499,0,0,0,+0.00000,+0.00000,0.00000,0.00,0,0,+0.000,+0.000,+0.000,+0.00000,-25.710,-0.01711,0.00,+0.00000,0,+0.00000,+0.00000,0.00000,+2.186,0,29.7,29.7
12.283689,2,0,0.249921,0.249921,0.2750,-0.02508,0,0,0,+0.00000,+0.00000,0.00000,0.00,0,0,+0.000,+0.000,+0.000,+0.00000,-24.364,-0.01550,0.00,+0.00000,0,+0.00000,+0.00000,0.00000,+2.012,0,29.7,29.7
12.306587,2,0,0.249847,0.249847,0.2750,-0.02515,0,0,0,+0.00000,+0.00000,0.00000,0.00,0,0,+0.000,+0.000,+0.000,+0.00000,-23.510,-0.01442,0.00,+0.00000,0,+0.00000,+0.00000,0.00000,+1.919,0,29.7,29.7
12.331456,2,0,0.249767,0.249767,0.2750,-0.02523,0,0,0,+0.00000,+0.00000,0.00000,0.00,0,0,+0.000,+0.000,+0.000,+0.00000,-22.331,-0.01265,0.00,+0.00000,0,+0.00000,+0.00000,0.00000,+1.902,0,29.7,29.7
12.353934,2,0,0.249696,0.249696,0.2750,-0.02530,0,0,0,+0.00000,+0.00000,0.00000,0.00,0,0,+0.000,+0.000,+0.000,+0.00000,-21.150,-0.01123,0.00,+0.00000,0,+0.00000,+0.00000,0.00000,+1.738,0,29.7,29.7
12.377637,2,0,0.249622,0.249622,0.2750,-0.02538,0,0,0,+0.00000,+0.00000,0.00000,0.00,0,0,+0.000,+0.000,+0.000,+0.00000,-20.036,-0.01019,0.00,+0.00000,0,+0.00000,+0.00000,0.00000,+1.603,0,29.7,29.7
12.402521,2,0,0.264553,0.335000,0.2750,+0.06000,0,1,1,-0.97547,-0.95296,0.05386,8.47,0,0,+0.000,+0.000,+0.000,+0.00000,-19.320,-0.00939,0.00,+0.00000,0,+0.00000,+0.00000,0.00000,+1.501,0,29.7,29.7
12.431173,2,0,0.247362,0.228134,0.2750,-0.04687,0,1,1,-0.89233,-0.75354,0.23629,44.36,1,0,+0.000,+11.000,+11.000,+0.04210,-17.969,-0.00811,0.00,+0.00000,0,+0.00000,+0.00000,0.00000,+1.333,0,29.7,29.7
12.466692,2,0,0.226050,0.215000,0.2750,-0.06000,0,1,1,-0.81988,-0.49906,0.43083,90.17,1,0,+0.000,+11.000,+11.000,+0.04312,-16.651,-0.00703,0.00,+0.00000,0,+0.00000,+0.00000,0.00001,+1.102,0,29.7,29.7
12.527953,2,0,0.215000,0.215000,0.2750,-0.06000,0,0,0,+0.00000,+0.00000,0.00000,0.00,0,0,+0.000,+0.000,+0.000,+0.00000,-15.531,-0.08270,0.00,+0.00000,0,+0.00000,+0.00000,0.00016,-1.175,0,29.7,29.7
12.572594,2,0,0.215000,0.215000,0.2750,-0.06000,0,1,1,-0.77005,-0.11311,0.47098,159.64,1,0,+0.000,+11.000,+11.000,+0.02898,-14.824,+0.52331,0.00,+0.00000,0,+0.00000,+0.00000,0.00126,+3.301,0,29.7,29.7
12.644335,2,0,0.215000,0.215000,0.2750,-0.06000,0,1,1,-0.74153,-0.00284,0.38370,179.49,1,0,+0.000,+11.000,+11.000,+0.03759,-15.685,-0.03332,0.00,+0.00000,0,+0.00000,+0.00000,0.00291,+2.432,0,29.7,29.7
12.715427,2,0,0.215000,0.215000,0.2750,-0.06000,0,0,0,+0.00000,+0.00000,0.00000,0.00,0,0,+0.000,+0.000,+0.000,+0.00000,-15.555,+0.05645,0.00,+0.00000,0,+0.00000,+0.00000,0.00000,+4.004,0,29.7,29.7
12.766653,2,0,0.215000,0.215000,0.2750,-0.06000,0,0,0,+0.00000,+0.00000,0.00000,0.00,0,0,+0.000,+0.000,+0.000,+0.00000,-15.480,+0.02112,0.00,+0.00000,0,+0.00000,+0.00000,0.00048,+5.288,0,29.7,29.7
12.827231,2,0,0.215000,0.215000,0.2750,-0.06000,0,0,0,+0.00000,+0.00000,0.00000,0.00,0,0,+0.000,+0.000,+0.000,+0.00000,-15.443,+0.01971,0.00,+0.00000,0,+0.00000,+0.00000,0.00040,+5.875,0,29.7,29.7
12.889223,2,0,0.215000,0.215000,0.2750,-0.06000,0,0,0,+0.00000,+0.00000,0.00000,0.00,0,0,+0.000,+0.000,+0.000,+0.00000,-15.375,+0.01450,0.00,+0.00000,0,+0.00000,+0.00000,0.00159,+6.019,0,29.7,29.7
12.956252,2,0,0.215000,0.215000,0.2750,-0.06000,0,0,0,+0.00000,+0.00000,0.00000,0.00,0,0,+0.000,+0.000,+0.000,+0.00000,-15.334,+0.01129,0.00,+0.00000,0,+0.00000,+0.00000,0.00476,+6.142,0,29.7,29.7
13.022151,2,0,0.215000,0.215000,0.2750,-0.06000,0,0,0,+0.00000,+0.00000,0.00000,0.00,0,0,+0.000,+0.000,+0.000,+0.00000,-15.303,+0.00868,0.00,+0.00000,0,+0.00000,+0.00000,0.04670,+6.231,0,29.7,29.7
13.091652,2,0,0.215000,0.215000,0.2750,-0.06000,0,0,0,+0.00000,+0.00000,0.00000,0.00,0,0,+0.000,+0.000,+0.000,+0.00000,-15.278,+0.00643,0.00,+0.00000,1,+0.71042,+0.00000,0.03994,+6.306,0,29.7,29.7
13.160116,2,0,0.215314,0.215314,0.2750,-0.05969,0,0,0,+0.00000,+0.00000,0.00000,0.00,0,0,+0.000,+0.000,+0.000,+0.00000,-15.258,+0.00454,0.00,+0.00000,1,+0.68790,+0.00000,0.03307,+6.363,0,29.7,29.7
13.220209,2,0,0.216480,0.216480,0.2750,-0.05852,0,0,0,+0.00000,+0.00000,0.00000,0.00,0,0,+0.000,+0.000,+0.000,+0.00000,-15.245,+0.00360,0.00,+0.00000,1,+0.71767,+0.00000,0.04159,+6.401,0,29.7,29.7
13.282668,2,0,0.217643,0.217643,0.2750,-0.05736,0,0,0,+0.00000,+0.00000,0.00000,0.00,0,0,+0.000,+0.000,+0.000,+0.00000,-15.236,+0.00271,0.00,+0.00000,1,+0.72888,+0.00000,0.04550,+6.429,0,20.5,20.5
13.338831,2,0,0.218648,0.218648,0.2750,-0.05635,0,0,0,+0.00000,+0.00000,0.00000,0.00,0,0,+0.000,+0.000,+0.000,+0.00000,-15.228,+0.00208,0.00,+0.00000,1,+0.74088,+0.15698,0.04102,+6.451,0,20.5,20.5
13.397015,2,0,0.219651,0.219651,0.2750,-0.05535,0,0,0,+0.00000,+0.00000,0.00000,0.00,0,0,+0.000,+0.000,+0.000,+0.00000,-15.223,+0.00163,0.00,+0.00000,1,+0.81009,+0.03460,0.02903,+6.468,0,20.5,20.5
13.452680,2,0,0.220574,0.220574,0.2750,-0.05443,0,0,0,+0.00000,+0.00000,0.00000,0.00,0,0,+0.000,+0.000,+0.000,+0.00000,-15.219,+0.00132,0.00,+0.00000,1,+0.93053,-0.14100,0.02161,+6.479,0,20.5,20.5
13.503745,3,0,0.221392,0.221392,0.2750,-0.05361,0,0,0,+0.00000,+0.00000,0.00000,0.00,0,0,+0.000,+0.000,+0.000,+0.00000,-15.216,+0.00104,0.00,+0.00000,1,+0.10424,+0.68371,0.02147,+6.488,0,20.5,20.5
13.555780,3,0,0.222197,0.222197,0.2750,-0.05280,0,0,0,+0.00000,+0.00000,0.00000,0.00,0,0,+0.000,+0.000,+0.000,+0.00000,-15.213,+0.00085,0.00,+0.00000,1,+0.07237,+0.71234,0.02362,+6.496,0,20.5,20.5
13.602785,3,0,0.222900,0.222900,0.2750,-0.05210,0,0,0,+0.00000,+0.00000,0.00000,0.00,0,0,+0.000,+0.000,+0.000,+0.00000,-15.211,+0.00067,0.00,+0.00000,1,+0.12927,+0.63405,0.03000,+6.502,0,20.5,20.5
13.651725,3,0,0.252264,0.301355,0.2750,+0.02635,0,1,1,+0.58697,-0.16472,0.57668,150.35,1,0,+0.000,-11.000,-11.000,-0.05000,-15.210,+0.00054,0.00,+0.00000,1,+0.15378,+0.59933,0.03425,+6.506,0,20.5,20.5
13.744854,3,0,0.308142,0.335000,0.2750,+0.06000,0,1,1,+0.62044,-0.24653,0.52769,135.62,1,0,+0.000,-11.000,-11.000,-0.05000,-15.207,+0.00037,0.00,+0.00000,1,+0.17309,+0.57276,0.03718,+6.512,0,20.5,20.5
13.836626,3,0,0.335000,0.335000,0.2750,+0.06000,0,1,1,+0.67811,-0.39926,0.44486,108.13,1,0,+0.000,-11.000,-11.000,-0.05000,-12.405,+0.00024,0.00,+0.00000,1,+0.13891,+0.24978,0.03010,+2.513,0,20.5,20.5
13.908715,3,0,0.335000,0.335000,0.2750,+0.06000,0,1,1,+0.69203,-0.46663,0.41755,96.01,1,0,+0.000,-11.000,-11.000,-0.04487,-10.978,+0.00018,0.00,+0.00000,1,+0.12971,+0.23309,0.02753,-0.168,0,20.5,20.5
13.973075,3,0,0.335000,0.335000,0.2750,+0.06000,0,1,1,+0.69705,-0.49619,0.40315,90.69,1,0,+0.000,-11.000,-11.000,-0.03556,-10.985,+0.00014,0.00,+0.00000,1,+0.13050,+0.22830,0.02732,-2.297,0,20.5,20.5
14.037911,3,0,0.335000,0.335000,0.2750,+0.06000,0,1,1,+0.69912,-0.53968,0.37990,82.86,1,0,+0.000,-11.000,-11.000,-0.02710,-11.004,+0.00010,0.00,+0.00000,1,+0.12810,+0.21381,0.02492,-4.295,0,20.5,20.5
14.096017,3,0,0.335000,0.335000,0.2750,+0.06000,0,1,1,+0.69293,-0.58854,0.34605,74.06,1,0,+0.000,-11.000,-11.000,-0.02144,-11.026,+0.00008,0.00,+0.00000,1,+0.12703,+0.18630,0.02243,-5.702,0,20.5,20.5
14.158033,3,0,0.335000,0.335000,0.2750,+0.06000,0,1,1,+0.68905,-0.60167,0.33665,71.70,1,0,+0.000,-11.000,-11.000,-0.01643,-11.051,+0.00006,0.00,+0.00000,1,+0.12636,+0.17255,0.02185,-6.936,0,20.5,20.5
14.212209,3,0,0.335000,0.335000,0.2750,+0.06000,0,1,1,+0.68248,-0.61789,0.32054,68.78,1,0,+0.000,-11.000,-11.000,-0.01259,-11.074,+0.00005,0.00,+0.00000,1,+0.12581,+0.16670,0.02427,-7.883,0,20.5,20.5
14.264821,3,0,0.335000,0.335000,0.2750,+0.06000,0,1,1,+0.67462,-0.61774,0.30752,68.81,1,0,+0.000,-11.000,-11.000,-0.01013,-11.090,+0.00004,0.00,+0.00000,1,+0.12627,+0.16400,0.02657,-8.491,0,20.5,20.5
14.315925,3,0,0.335000,0.335000,0.2750,+0.06000,0,1,1,+0.66529,-0.62980,0.29659,66.64,1,0,+0.000,-11.000,-11.000,-0.00835,-11.103,+0.00003,0.00,+0.00000,1,+0.12889,+0.16294,0.03070,-8.943,0,16.5,16.5
14.362938,3,0,0.335000,0.335000,0.2750,+0.06000,0,1,1,+0.66102,-0.63401,0.29329,65.88,1,0,+0.000,-11.000,-11.000,-0.00680,-11.115,+0.00002,0.00,+0.00000,1,+0.12921,+0.19350,0.03283,-9.325,0,16.5,16.5
14.407122,3,0,0.335000,0.335000,0.2750,+0.06000,0,1,1,+0.65687,-0.64343,0.28958,64.18,1,0,+0.000,-11.000,-11.000,-0.00575,-11.123,+0.00002,0.00,+0.00000,1,+0.13112,+0.22043,0.03329,-9.582,0,16.5,16.5
14.453041,3,0,0.335000,0.335000,0.2750,+0.06000,0,1,1,+0.65324,-0.64410,0.28953,64.06,1,0,+0.000,-11.000,-11.000,-0.00473,-11.131,+0.00002,0.00,+0.00000,1,+0.13171,+0.21668,0.03257,-9.834,0,16.5,16.5
14.500152,3,0,0.335000,0.335000,0.2750,+0.06000,0,1,1,+0.65025,-0.64567,0.28776,63.78,1,0,+0.000,-11.000,-11.000,-0.00395,-11.137,+0.00001,0.00,+0.00000,1,+0.13461,+0.21325,0.03222,-10.026,0,16.5,16.5
14.552694,3,0,0.335000,0.335000,0.2750,+0.06000,0,1,1,+0.63961,-0.63536,0.28734,65.63,1,0,+0.000,-11.000,-11.000,-0.00315,-11.144,+0.00001,0.00,+0.00000,1,+0.16449,+0.20307,0.02759,-10.221,0,16.5,16.5
14.595993,3,0,0.335000,0.335000,0.2750,+0.06000,0,1,1,+0.63633,-0.62785,0.28707,66.99,1,0,+0.000,-11.000,-11.000,-0.00264,-11.148,+0.00001,0.00,+0.00000,1,+0.17602,+0.19868,0.02665,-10.348,0,16.5,16.5
14.639557,3,0,0.335000,0.335000,0.2750,+0.06000,0,1,1,+0.63275,-0.61844,0.28577,68.68,1,0,+0.000,-11.000,-11.000,-0.00218,-11.152,+0.00001,0.00,+0.00000,1,+0.18013,+0.19926,0.02603,-10.462,0,16.5,16.5
14.684629,3,0,0.335000,0.335000,0.2750,+0.06000,0,1,1,+0.63002,-0.60854,0.28621,70.46,1,0,+0.000,-11.000,-11.000,-0.00177,-11.155,+0.00001,0.00,+0.00000,1,+0.18434,+0.19764,0.02612,-10.563,0,16.5,16.5
14.741175,3,0,0.335000,0.335000,0.2750,+0.06000,0,1,1,+0.62332,-0.58326,0.28464,75.01,1,0,+0.000,-11.000,-11.000,-0.00140,-11.158,+0.00000,0.00,+0.00000,1,+0.19494,+0.18363,0.02404,-10.653,0,16.5,16.5
14.826222,3,0,0.335000,0.335000,0.2750,+0.06000,0,1,1,+0.62214,-0.56661,0.28186,78.01,1,0,+0.000,-11.000,-11.000,-0.00089,-11.163,+0.00000,0.00,+0.00000,1,+0.20172,+0.17968,0.02279,-10.774,0,16.5,16.5
14.871746,3,0,0.307686,0.278773,0.2750,+0.00377,0,1,1,+0.62243,-0.49585,0.27510,90.75,1,0,+0.000,-11.000,-11.000,-0.00069,-11.165,+0.00000,0.00,+0.00000,1,+0.22104,+0.16696,0.01882,-10.826,0,16.5,16.5
14.918793,3,0,0.279457,0.271092,0.2750,-0.00391,0,1,1,+0.62394,-0.46793,0.27205,95.77,1,0,+0.000,-11.000,-11.000,-0.00054,-11.166,+0.00000,0.00,+0.00000,1,+0.22538,+0.16904,0.01846,-10.866,0,16.5,16.5
14.965651,3,0,0.268249,0.268249,0.2750,-0.00675,0,1,1,+0.62520,-0.44451,0.27040,99.99,1,0,+0.000,-11.000,-11.000,-0.00334,-10.286,+0.00000,0.00,+0.00000,1,+0.22813,+0.17514,0.01803,-10.225,0,16.5,16.5
15.012646,3,0,0.240052,0.236135,0.2750,-0.03886,0,1,1,+0.62714,-0.38950,0.26440,109.89,1,0,+0.000,-11.000,-11.000,-0.00630,-9.322,+0.00000,0.00,+0.00000,1,+0.23867,+0.18665,0.01642,-9.548,0,16.5,16.5
15.054993,3,0,0.215000,0.215000,0.2750,-0.06000,0,1,1,+0.62714,-0.33936,0.26052,118.92,1,0,+0.000,-11.000,-11.000,-0.00590,-9.323,+0.00000,0.00,+0.00000,1,+0.24877,+0.23453,0.01562,-9.611,0,16.5,16.5
15.094876,3,0,0.217478,0.217478,0.2750,-0.05752,0,1,1,+0.62700,-0.31978,0.25939,122.44,1,0,+0.000,-11.000,-11.000,-0.00527,-9.327,+0.00000,0.00,+0.00000,1,+0.25428,+0.24378,0.01522,-9.726,0,16.5,16.5
15.136718,3,0,0.221067,0.221067,0.2750,-0.05393,0,1,1,+0.62432,-0.29842,0.25507,126.28,1,0,+0.000,-11.000,-11.000,-0.00455,-9.331,+0.00000,0.00,+0.00000,1,+0.25893,+0.27681,0.01614,-9.894,0,16.5,16.5
15.183781,3,0,0.225068,0.225068,0.2750,-0.04993,0,1,1,+0.62352,-0.27640,0.25288,130.25,1,0,+0.000,-11.000,-11.000,-0.00386,-9.336,+0.00000,0.00,+0.00000,1,+0.26329,+0.29306,0.01822,-10.059,0,16.5,16.5
15.226072,3,0,0.229383,0.229383,0.2750,-0.04562,0,1,1,+0.61870,-0.25897,0.24802,133.39,1,0,+0.000,-11.000,-11.000,-0.00333,-9.339,+0.00000,0.00,+0.00000,1,+0.26914,+0.33807,0.02048,-10.187,0,16.5,16.5
15.274808,3,0,0.226975,0.226975,0.2750,-0.04803,0,1,1,+0.61315,-0.23300,0.24127,138.06,1,0,+0.000,-11.000,-11.000,-0.00277,-9.343,+0.00000,0.00,+0.00000,1,+0.27554,+0.38211,0.02122,-10.323,0,16.5,16.5
15.321661,3,0,0.236723,0.236723,0.2750,-0.03828,0,1,1,+0.60974,-0.22155,0.23798,140.12,1,0,+0.000,-11.000,-11.000,-0.00233,-9.346,+0.00000,0.00,+0.00000,1,+0.27765,+0.38197,0.02135,-10.429,0,20.9,20.9
15.363723,3,0,0.228761,0.228761,0.2750,-0.04624,0,1,1,+0.60467,-0.19593,0.23313,144.73,1,0,+0.000,-11.000,-11.000,-0.00198,-9.349,+0.00000,0.00,+0.00000,1,+0.28142,+0.37742,0.02061,-10.516,0,20.9,20.9
15.401174,3,0,0.232770,0.232770,0.2750,-0.04223,0,1,1,+0.60287,-0.18396,0.23134,146.89,1,0,+0.000,-11.000,-11.000,-0.00170,-9.351,+0.00000,0.00,+0.00000,1,+0.28730,+0.37390,0.01951,-10.584,0,20.9,20.9
15.442046,3,0,0.237522,0.237522,0.2750,-0.03748,0,1,1,+0.60207,-0.17276,0.23047,148.90,1,0,+0.000,-11.000,-11.000,-0.00147,-9.353,+0.00000,0.00,+0.00000,1,+0.29332,+0.36911,0.01867,-10.640,0,20.9,20.9
15.481308,3,0,0.240791,0.240791,0.2750,-0.03421,0,1,1,+0.60023,-0.16201,0.22757,150.84,1,0,+0.000,-11.000,-11.000,-0.00210,-9.117,+0.00000,0.00,+0.00000,1,+0.29892,+0.34995,0.01633,-10.499,0,20.9,20.9
15.521134,3,0,0.244970,0.244970,0.2750,-0.03003,0,1,1,+0.59563,-0.15313,0.22512,152.44,1,0,+0.000,-11.000,-11.000,-0.00277,-8.883,+0.00000,0.00,+0.00000,1,+0.29764,+0.33401,0.01468,-10.348,0,20.9,20.9
15.562769,3,0,0.239185,0.239185,0.2750,-0.03581,0,1,1,+0.58922,-0.13443,0.21950,155.80,1,0,+0.000,-11.000,-11.000,-0.00568,-7.988,+0.00000,0.00,+0.00000,1,+0.30258,+0.33084,0.01362,-9.674,0,20.9,20.9
15.598360,3,0,0.243452,0.243452,0.2750,-0.03155,0,1,1,+0.58728,-0.12748,0.21830,157.05,1,0,+0.000,-11.000,-11.000,-0.00894,-6.970,+0.00000,0.00,+0.00000,1,+0.30244,+0.33444,0.01357,-8.920,0,20.9,20.9
15.633047,3,0,0.245448,0.245448,0.2750,-0.02955,0,1,1,+0.58247,-0.11950,0.21502,158.49,1,0,+0.000,-11.000,-11.000,-0.01099,-6.223,+0.00000,0.00,+0.00000,1,+0.30462,+0.34968,0.01361,-8.420,0,20.9,20.9
15.670425,3,0,0.250143,0.250143,0.2750,-0.02486,0,1,1,+0.57819,-0.11428,0.21140,159.43,1,0,+0.000,-11.000,-11.000,-0.01243,-5.533,+0.00000,0.00,+0.00000,1,+0.30454,+0.35995,0.01361,-8.052,0,20.9,20.9
15.710538,3,0,0.254702,0.254702,0.2750,-0.02030,0,1,1,+0.57286,-0.10949,0.20942,160.29,1,0,+0.000,-11.000,-11.000,-0.01371,-4.877,+0.00000,0.00,+0.00000,1,+0.30364,+0.35795,0.01346,-7.740,0,20.9,20.9
15.753647,3,0,0.260404,0.260404,0.2750,-0.01460,0,1,1,+0.56681,-0.10657,0.20742,160.82,1,0,+0.000,-11.000,-11.000,-0.01516,-4.115,+0.00000,0.00,+0.00000,1,+0.30344,+0.35683,0.01301,-7.392,0,20.9,20.9
15.791532,3,0,0.262791,0.262791,0.2750,-0.01221,0,1,1,+0.56096,-0.10240,0.20253,161.57,1,0,+0.000,-11.000,-11.000,-0.01651,-3.391,+0.00000,0.00,+0.00000,1,+0.30285,+0.35639,0.01258,-7.067,0,20.9,20.9
15.832820,3,0,0.266273,0.266273,0.2750,-0.00873,0,1,1,+0.54932,-0.09955,0.19923,162.08,1,0,+0.000,-11.000,-11.000,-0.01720,-2.870,+0.00000,0.00,+0.00000,1,+0.30033,+0.34454,0.01162,-6.896,0,20.9,20.9
15.874274,3,0,0.271483,0.271483,0.2750,-0.00352,0,1,1,+0.54283,-0.09941,0.19665,162.11,1,0,+0.000,-11.000,-11.000,-0.01825,-2.239,+0.00000,0.00,+0.00000,1,+0.29583,+0.34119,0.01129,-6.637,0,20.9,20.9
15.909146,3,0,0.275153,0.275153,0.2750,+0.00015,0,1,1,+0.53593,-0.09942,0.19468,162.10,1,0,+0.000,-11.000,-11.000,-0.01888,-1.783,+0.00000,0.00,+0.00000,1,+0.29223,+0.33787,0.01131,-6.494,0,20.9,20.9
15.950950,3,0,0.278586,0.278586,0.2750,+0.00359,0,1,1,+0.53593,-0.09942,0.19468,162.10,1,0,+0.000,-11.000,-11.000,-0.01975,-1.263,+0.00000,0.00,+0.00000,1,+0.29223,+0.33787,0.01131,-6.294,0,20.9,20.9
15.991071,3,0,0.281187,0.281187,0.2750,+0.00619,0,1,1,+0.53593,-0.09942,0.19468,162.10,1,0,+0.000,-11.000,-11.000,-0.02042,-0.791,+0.00000,0.00,+0.00000,1,+0.29223,+0.33787,0.01131,-6.141,0,20.9,20.9
16.027992,3,0,0.283107,0.283107,0.2750,+0.00811,0,1,1,+0.53593,-0.09942,0.19468,162.10,1,0,+0.000,-11.000,-11.000,-0.02095,-0.446,+0.00000,0.00,+0.00000,1,+0.29223,+0.33787,0.01131,-6.019,0,20.9,20.9
16.032387,3,0,0.283329,0.283329,0.2750,+0.00833,0,1,1,+0.53593,-0.09942,0.19468,162.10,1,0,+0.000,-11.000,-11.000,-0.02105,-0.364,+0.00000,0.00,+0.00000,1,+0.29223,+0.33787,0.01131,-5.995,0,20.9,20.9
16.037051,3,0,0.283557,0.283557,0.2750,+0.00856,0,1,1,+0.53593,-0.09942,0.19468,162.10,1,0,+0.000,-11.000,-11.000,-0.02105,-0.364,+0.00000,0.00,+0.00000,1,+0.29223,+0.33787,0.01131,-5.995,0,20.9,20.9
16.041703,3,0,0.283778,0.283778,0.2750,+0.00878,0,1,1,+0.53593,-0.09942,0.19468,162.10,1,0,+0.000,-11.000,-11.000,-0.02121,-0.284,+0.00000,0.00,+0.00000,1,+0.29223,+0.33787,0.01131,-5.959,0,20.9,20.9
16.046304,3,0,0.283990,0.283990,0.2750,+0.00899,0,1,1,+0.53593,-0.09942,0.19468,162.10,1,0,+0.000,-11.000,-11.000,-0.02121,-0.284,+0.00000,0.00,+0.00000,1,+0.29223,+0.33787,0.01131,-5.959,0,20.9,20.9
16.050933,3,0,0.284198,0.284198,0.2750,+0.00920,0,1,1,+0.53593,-0.09942,0.19468,162.10,1,0,+0.000,-11.000,-11.000,-0.02137,-0.205,+0.00000,0.00,+0.00000,1,+0.29223,+0.33787,0.01131,-5.922,0,20.9,20.9
16.055823,3,0,0.284409,0.284409,0.2750,+0.00941,0,1,1,+0.53593,-0.09942,0.19468,162.10,1,0,+0.000,-11.000,-11.000,-0.02151,-0.128,+0.00000,0.00,+0.00000,1,+0.29223,+0.33787,0.01131,-5.890,0,20.9,20.9
16.060516,3,0,0.284606,0.284606,0.2750,+0.00961,0,1,1,+0.53593,-0.09942,0.19468,162.10,1,0,+0.000,-11.000,-11.000,-0.02151,-0.128,+0.00000,0.00,+0.00000,1,+0.29223,+0.33787,0.01131,-5.890,0,20.9,20.9
16.064946,3,0,0.284787,0.284787,0.2750,+0.00979,0,1,1,+0.53593,-0.09942,0.19468,162.10,1,0,+0.000,-11.000,-11.000,-0.02164,-0.052,+0.00000,0.00,+0.00000,1,+0.29223,+0.33787,0.01131,-5.861,0,20.9,20.9
16.069573,3,0,0.284970,0.284970,0.2750,+0.00997,0,1,1,+0.53593,-0.09942,0.19468,162.10,1,0,+0.000,-11.000,-11.000,-0.02164,-0.052,+0.00000,0.00,+0.00000,1,+0.29223,+0.33787,0.01131,-5.861,0,20.9,20.9
16.073980,3,0,0.285140,0.285140,0.2750,+0.01014,0,1,1,+0.53593,-0.09942,0.19468,162.10,1,0,+0.000,-11.000,-11.000,-0.02164,-0.052,+0.00000,0.00,+0.00000,1,+0.29223,+0.33787,0.01131,-5.861,0,20.9,20.9
16.078601,3,0,0.285312,0.285312,0.2750,+0.01031,0,1,1,+0.53593,-0.09942,0.19468,162.10,1,0,+0.000,-11.000,-11.000,-0.02163,+0.023,+0.00000,0.00,+0.00000,1,+0.29223,+0.33787,0.01131,-5.861,0,20.9,20.9
16.084234,3,0,0.285515,0.285515,0.2750,+0.01051,0,1,1,+0.53593,-0.09942,0.19468,162.10,1,0,+0.000,-11.000,-11.000,-0.02180,+0.095,+0.00000,0.00,+0.00000,1,+0.29223,+0.33787,0.01131,-5.824,0,20.9,20.9
16.088756,3,0,0.285673,0.285673,0.2750,+0.01067,0,1,1,+0.53593,-0.09942,0.19468,162.10,1,0,+0.000,-11.000,-11.000,-0.02180,+0.095,+0.00000,0.00,+0.00000,1,+0.29223,+0.33787,0.01131,-5.824,0,20.9,20.9
16.093367,3,0,0.285829,0.285829,0.2750,+0.01083,0,1,1,+0.53593,-0.09942,0.19468,162.10,1,0,+0.000,-11.000,-11.000,-0.02190,+0.167,+0.00000,0.00,+0.00000,1,+0.29223,+0.33787,0.01131,-5.800,0,20.9,20.9
16.097929,3,0,0.285979,0.285979,0.2750,+0.01098,0,1,1,+0.53593,-0.09942,0.19468,162.10,1,0,+0.000,-11.000,-11.000,-0.02190,+0.167,+0.00000,0.00,+0.00000,1,+0.29223,+0.33787,0.01131,-5.800,0,20.9,20.9
16.102412,3,0,0.286122,0.286122,0.2750,+0.01112,0,1,1,+0.53593,-0.09942,0.19468,162.10,1,0,+0.000,-11.000,-11.000,-0.02203,+0.237,+0.00000,0.00,+0.00000,1,+0.29223,+0.33787,0.01131,-5.771,0,20.9,20.9
16.107045,3,0,0.286265,0.286265,0.2750,+0.01126,0,1,1,+0.53593,-0.09942,0.19468,162.10,1,0,+0.000,-11.000,-11.000,-0.02217,+0.305,+0.00000,0.00,+0.00000,1,+0.29223,+0.33787,0.01131,-5.738,0,20.9,20.9
16.111634,3,0,0.286403,0.286403,0.2750,+0.01140,0,1,1,+0.53593,-0.09942,0.19468,162.10,1,0,+0.000,-11.000,-11.000,-0.02217,+0.305,+0.00000,0.00,+0.00000,1,+0.29223,+0.33787,0.01131,-5.738,0,20.9,20.9
16.116222,3,0,0.286536,0.286536,0.2750,+0.01154,0,1,1,+0.53593,-0.09942,0.19468,162.10,1,0,+0.000,-11.000,-11.000,-0.02224,+0.373,+0.00000,0.00,+0.00000,1,+0.29223,+0.33787,0.01131,-5.722,0,20.9,20.9
16.121152,3,0,0.286676,0.286676,0.2750,+0.01168,0,1,1,+0.53593,-0.09942,0.19468,162.10,1,0,+0.000,-11.000,-11.000,-0.02224,+0.373,+0.00000,0.00,+0.00000,1,+0.29223,+0.33787,0.01131,-5.722,0,20.9,20.9
16.125871,3,0,0.286805,0.286805,0.2750,+0.01180,0,1,1,+0.53593,-0.09942,0.19468,162.10,1,0,+0.000,-11.000,-11.000,-0.02232,+0.439,+0.00000,0.00,+0.00000,1,+0.29223,+0.33787,0.01131,-5.705,0,20.9,20.9
16.130410,3,0,0.286925,0.286925,0.2750,+0.01193,0,1,1,+0.53593,-0.09942,0.19468,162.10,1,0,+0.000,-11.000,-11.000,-0.02232,+0.439,+0.00000,0.00,+0.00000,1,+0.29223,+0.33787,0.01131,-5.705,0,20.9,20.9
16.134685,3,0,0.287035,0.287035,0.2750,+0.01204,0,1,1,+0.53593,-0.09942,0.19468,162.10,1,0,+0.000,-11.000,-11.000,-0.02244,+0.503,+0.00000,0.00,+0.00000,1,+0.29223,+0.33787,0.01131,-5.677,0,20.9,20.9
16.139027,3,0,0.287144,0.287144,0.2750,+0.01214,0,1,1,+0.53593,-0.09942,0.19468,162.10,1,0,+0.000,-11.000,-11.000,-0.02244,+0.503,+0.00000,0.00,+0.00000,1,+0.29223,+0.33787,0.01131,-5.677,0,20.9,20.9
16.143541,3,0,0.287254,0.287254,0.2750,+0.01225,0,1,1,+0.53593,-0.09942,0.19468,162.10,1,0,+0.000,-11.000,-11.000,-0.02250,+0.567,+0.00000,0.00,+0.00000,1,+0.29223,+0.33787,0.01131,-5.664,0,20.9,20.9
16.148080,3,0,0.287362,0.287362,0.2750,+0.01236,0,1,1,+0.53593,-0.09942,0.19468,162.10,1,0,+0.000,-11.000,-11.000,-0.02250,+0.567,+0.00000,0.00,+0.00000,1,+0.29223,+0.33787,0.01131,-5.664,0,20.9,20.9
16.152715,3,0,0.287468,0.287468,0.2750,+0.01247,0,1,1,+0.53593,-0.09942,0.19468,162.10,1,0,+0.000,-11.000,-11.000,-0.02264,+0.629,+0.00000,0.00,+0.00000,1,+0.29223,+0.33787,0.01131,-5.632,0,20.9,20.9
16.157272,3,0,0.287569,0.287569,0.2750,+0.01257,0,1,1,+0.53593,-0.09942,0.19468,162.10,1,0,+0.000,-11.000,-11.000,-0.02264,+0.629,+0.00000,0.00,+0.00000,1,+0.29223,+0.33787,0.01131,-5.632,0,20.9,20.9
16.165187,3,0,0.287737,0.287737,0.2750,+0.01274,0,1,1,+0.53593,-0.09942,0.19468,162.10,1,0,+0.000,-11.000,-11.000,-0.02265,+0.690,+0.00000,0.00,+0.00000,1,+0.29223,+0.33787,0.01131,-5.628,0,20.9,20.9
16.169482,3,0,0.287825,0.287825,0.2750,+0.01282,0,1,1,+0.53593,-0.09942,0.19468,162.10,1,0,+0.000,-11.000,-11.000,-0.02275,+0.749,+0.00000,0.00,+0.00000,1,+0.29223,+0.33787,0.01131,-5.605,0,20.9,20.9
16.174513,3,0,0.287925,0.287925,0.2750,+0.01292,0,1,1,+0.53593,-0.09942,0.19468,162.10,1,0,+0.000,-11.000,-11.000,-0.02293,+0.808,+0.00000,0.00,+0.00000,1,+0.29223,+0.33787,0.01131,-5.564,0,20.9,20.9
16.179173,3,0,0.288015,0.288015,0.2750,+0.01301,0,1,1,+0.53593,-0.09942,0.19468,162.10,1,0,+0.000,-11.000,-11.000,-0.02293,+0.808,+0.00000,0.00,+0.00000,1,+0.29223,+0.33787,0.01131,-5.564,0,20.9,20.9
16.183438,3,0,0.288095,0.288095,0.2750,+0.01309,0,1,1,+0.53593,-0.09942,0.19468,162.10,1,0,+0.000,-11.000,-11.000,-0.02300,+0.865,+0.00000,0.00,+0.00000,1,+0.29223,+0.33787,0.01131,-5.549,0,20.9,20.9
16.187938,3,0,0.288177,0.288177,0.2750,+0.01318,0,1,1,+0.53593,-0.09942,0.19468,162.10,1,0,+0.000,-11.000,-11.000,-0.02300,+0.865,+0.00000,0.00,+0.00000,1,+0.29223,+0.33787,0.01131,-5.549,0,20.9,20.9
16.192437,3,0,0.288256,0.288256,0.2750,+0.01326,0,1,1,+0.53593,-0.09942,0.19468,162.10,1,0,+0.000,-11.000,-11.000,-0.02313,+0.922,+0.00000,0.00,+0.00000,1,+0.29223,+0.33787,0.01131,-5.520,0,20.9,20.9
16.196700,3,0,0.288329,0.288329,0.2750,+0.01333,0,1,1,+0.53593,-0.09942,0.19468,162.10,1,0,+0.000,-11.000,-11.000,-0.02313,+0.922,+0.00000,0.00,+0.00000,1,+0.29223,+0.33787,0.01131,-5.520,0,20.9,20.9
16.203397,3,0,0.288440,0.288440,0.2750,+0.01344,0,1,1,+0.53593,-0.09942,0.19468,162.10,1,0,+0.000,-11.000,-11.000,-0.02305,+0.977,+0.00000,0.00,+0.00000,1,+0.29223,+0.33787,0.01131,-5.537,0,20.9,20.9
16.215186,3,0,0.288619,0.288619,0.2750,+0.01362,0,1,1,+0.53593,-0.09942,0.19468,162.10,1,0,+0.000,-11.000,-11.000,-0.02299,+1.031,+0.00000,0.00,+0.00000,1,+0.29223,+0.33787,0.01131,-5.552,0,20.9,20.9
16.219691,3,0,0.288686,0.288686,0.2750,+0.01369,0,1,1,+0.53593,-0.09942,0.19468,162.10,1,0,+0.000,-11.000,-11.000,-0.02299,+1.031,+0.00000,0.00,+0.00000,1,+0.29223,+0.33787,0.01131,-5.552,0,20.9,20.9
16.224239,3,0,0.288752,0.288752,0.2750,+0.01375,0,1,1,+0.53593,-0.09942,0.19468,162.10,1,0,+0.000,-11.000,-11.000,-0.02303,+1.084,+0.00000,0.00,+0.00000,1,+0.29223,+0.33787,0.01131,-5.542,0,20.9,20.9
16.229120,3,0,0.288819,0.288819,0.2750,+0.01382,0,1,1,+0.53593,-0.09942,0.19468,162.10,1,0,+0.000,-11.000,-11.000,-0.02303,+1.084,+0.00000,0.00,+0.00000,1,+0.29223,+0.33787,0.01131,-5.542,0,20.9,20.9
16.233694,3,0,0.288881,0.288881,0.2750,+0.01388,0,1,1,+0.53593,-0.09942,0.19468,162.10,1,0,+0.000,-11.000,-11.000,-0.02306,+1.136,+0.00000,0.00,+0.00000,1,+0.29223,+0.33787,0.01131,-5.534,0,20.9,20.9
16.238205,3,0,0.288940,0.288940,0.2750,+0.01394,0,1,1,+0.53593,-0.09942,0.19468,162.10,1,0,+0.000,-11.000,-11.000,-0.02306,+1.136,+0.00000,0.00,+0.00000,1,+0.29223,+0.33787,0.01131,-5.534,0,20.9,20.9
16.242717,3,0,0.288998,0.288998,0.2750,+0.01400,0,1,1,+0.53593,-0.09942,0.19468,162.10,1,0,+0.000,-11.000,-11.000,-0.02319,+1.187,+0.00000,0.00,+0.00000,1,+0.29223,+0.33787,0.01131,-5.506,0,20.9,20.9
16.265128,3,0,0.289246,0.289246,0.2750,+0.01425,0,1,1,+0.53593,-0.09942,0.19468,162.10,1,0,+0.000,-11.000,-11.000,-0.02312,+1.286,+0.00000,0.00,+0.00000,1,+0.29223,+0.33787,0.01131,-5.522,0,20.9,20.9
16.270155,3,0,0.289300,0.289300,0.2750,+0.01430,0,1,1,+0.53593,-0.09942,0.19468,162.10,1,0,+0.000,-11.000,-11.000,-0.02312,+1.286,+0.00000,0.00,+0.00000,1,+0.29223,+0.33787,0.01131,-5.522,0,20.9,20.9
16.275145,3,0,0.289352,0.289352,0.2750,+0.01435,0,1,1,+0.53593,-0.09942,0.19468,162.10,1,0,+0.000,-11.000,-11.000,-0.02322,+1.334,+0.00000,0.00,+0.00000,1,+0.29223,+0.33787,0.01131,-5.498,0,20.9,20.9
16.280299,3,0,0.289403,0.289403,0.2750,+0.01440,0,1,1,+0.53593,-0.09942,0.19468,162.10,1,0,+0.000,-11.000,-11.000,-0.02322,+1.334,+0.00000,0.00,+0.00000,1,+0.29223,+0.33787,0.01131,-5.498,0,20.9,20.9
16.285194,3,0,0.289451,0.289451,0.2750,+0.01445,0,1,1,+0.53593,-0.09942,0.19468,162.10,1,0,+0.000,-11.000,-11.000,-0.02325,+1.381,+0.00000,0.00,+0.00000,1,+0.29223,+0.33787,0.01131,-5.491,0,20.9,20.9
16.289397,3,0,0.289491,0.289491,0.2750,+0.01449,0,1,1,+0.53593,-0.09942,0.19468,162.10,1,0,+0.000,-11.000,-11.000,-0.02325,+1.381,+0.00000,0.00,+0.00000,1,+0.29223,+0.33787,0.01131,-5.491,0,20.9,20.9
16.296139,3,0,0.289552,0.289552,0.2750,+0.01455,0,1,1,+0.53593,-0.09942,0.19468,162.10,1,0,+0.000,-11.000,-11.000,-0.02326,+1.427,+0.00000,0.00,+0.00000,1,+0.29223,+0.33787,0.01131,-5.490,0,20.9,20.9
16.300749,3,0,0.289592,0.289592,0.2750,+0.01459,0,1,1,+0.53593,-0.09942,0.19468,162.10,1,0,+0.000,-11.000,-11.000,-0.02331,+1.472,+0.00000,0.00,+0.00000,1,+0.29223,+0.33787,0.01131,-5.477,0,20.9,20.9
16.305953,3,0,0.289636,0.289636,0.2750,+0.01464,0,1,1,+0.53593,-0.09942,0.19468,162.10,1,0,+0.000,-11.000,-11.000,-0.02331,+1.472,+0.00000,0.00,+0.00000,1,+0.29223,+0.33787,0.01131,-5.477,0,20.9,20.9
16.310379,3,0,0.289672,0.289672,0.2750,+0.01467,0,1,1,+0.53593,-0.09942,0.19468,162.10,1,0,+0.000,-11.000,-11.000,-0.02342,+1.517,+0.00000,0.00,+0.00000,1,+0.29223,+0.33787,0.01131,-5.452,0,20.9,20.9
16.314943,3,0,0.289709,0.289709,0.2750,+0.01471,0,1,1,+0.53593,-0.09942,0.19468,162.10,1,0,+0.000,-11.000,-11.000,-0.02342,+1.517,+0.00000,0.00,+0.00000,1,+0.29223,+0.33787,0.01131,-5.452,0,20.9,20.9
16.319484,3,0,0.289744,0.289744,0.2750,+0.01474,0,1,1,+0.53593,-0.09942,0.19468,162.10,1,0,+0.000,-11.000,-11.000,-0.02350,+1.560,+0.00000,0.00,+0.00000,1,+0.29223,+0.33787,0.01131,-5.435,0,20.9,20.9
16.324640,3,0,0.289783,0.289783,0.2750,+0.01478,0,1,1,+0.53593,-0.09942,0.19468,162.10,1,0,+0.000,-11.000,-11.000,-0.02358,+1.603,+0.00000,0.00,+0.00000,1,+0.29223,+0.33787,0.01131,-5.416,0,74.8,17.9
16.329333,3,0,0.289817,0.289817,0.2750,+0.01482,0,1,1,+0.53593,-0.09942,0.19468,162.10,1,0,+0.000,-11.000,-11.000,-0.02358,+1.603,+0.00000,0.00,+0.00000,1,+0.29223,+0.33787,0.01131,-5.416,0,74.8,17.9
16.334845,3,0,0.289856,0.289856,0.2750,+0.01486,0,1,1,+0.53593,-0.09942,0.19468,162.10,1,0,+0.000,-11.000,-11.000,-0.02362,+1.644,+0.00000,0.00,+0.00000,1,+0.29223,+0.33787,0.01131,-5.407,0,74.8,17.9
16.339526,3,0,0.289887,0.289887,0.2750,+0.01489,0,1,1,+0.53593,-0.09942,0.19468,162.10,1,0,+0.000,-11.000,-11.000,-0.02362,+1.644,+0.00000,0.00,+0.00000,1,+0.29223,+0.33787,0.01131,-5.407,0,74.8,17.9
16.344577,3,0,0.289921,0.289921,0.2750,+0.01492,0,1,1,+0.53593,-0.09942,0.19468,162.10,1,0,+0.000,-11.000,-11.000,-0.02373,+1.685,+0.00000,0.00,+0.00000,1,+0.29223,+0.33787,0.01131,-5.382,0,74.8,17.9
16.349237,3,0,0.289950,0.289950,0.2750,+0.01495,0,1,1,+0.53593,-0.09942,0.19468,162.10,1,0,+0.000,-11.000,-11.000,-0.02373,+1.685,+0.00000,0.00,+0.00000,1,+0.29223,+0.33787,0.01131,-5.382,0,74.8,17.9
16.353487,3,0,0.289977,0.289977,0.2750,+0.01498,0,1,1,+0.53593,-0.09942,0.19468,162.10,1,0,+0.000,-11.000,-11.000,-0.02379,+1.726,+0.00000,0.00,+0.00000,1,+0.29223,+0.33787,0.01131,-5.366,0,74.8,17.9
16.358073,3,0,0.290004,0.290004,0.2750,+0.01500,0,1,1,+0.53593,-0.09942,0.19468,162.10,1,0,+0.000,-11.000,-11.000,-0.02379,+1.726,+0.00000,0.00,+0.00000,1,+0.29223,+0.33787,0.01131,-5.366,0,74.8,17.9
16.363196,3,0,0.290034,0.290034,0.2750,+0.01503,0,1,1,+0.53593,-0.09942,0.19468,162.10,1,0,+0.000,-11.000,-11.000,-0.02387,+1.765,+0.00000,0.00,+0.00000,1,+0.29223,+0.33787,0.01131,-5.350,0,74.8,17.9
16.367704,3,0,0.290060,0.290060,0.2750,+0.01506,0,1,1,+0.53593,-0.09942,0.19468,162.10,1,0,+0.000,-11.000,-11.000,-0.02391,+1.803,+0.00000,0.00,+0.00000,1,+0.29223,+0.33787,0.01131,-5.341,0,74.8,17.9
16.372363,3,0,0.290085,0.290085,0.2750,+0.01509,0,1,1,+0.53593,-0.09942,0.19468,162.10,1,0,+0.000,-11.000,-11.000,-0.02391,+1.803,+0.00000,0.00,+0.00000,1,+0.29223,+0.33787,0.01131,-5.341,0,74.8,17.9
16.376951,3,0,0.290110,0.290110,0.2750,+0.01511,0,1,1,+0.53593,-0.09942,0.19468,162.10,1,0,+0.000,-11.000,-11.000,-0.02399,+1.841,+0.00000,0.00,+0.00000,1,+0.29223,+0.33787,0.01131,-5.322,0,74.8,17.9
16.381287,3,0,0.290132,0.290132,0.2750,+0.01513,0,1,1,+0.53593,-0.09942,0.19468,162.10,1,0,+0.000,-11.000,-11.000,-0.02399,+1.841,+0.00000,0.00,+0.00000,1,+0.29223,+0.33787,0.01131,-5.322,0,74.8,17.9
16.385914,3,0,0.290155,0.290155,0.2750,+0.01516,0,1,1,+0.53593,-0.09942,0.19468,162.10,1,0,+0.000,-11.000,-11.000,-0.02400,+1.878,+0.00000,0.00,+0.00000,1,+0.29223,+0.33787,0.01131,-5.318,0,74.8,17.9
16.390160,3,0,0.290176,0.290176,0.2750,+0.01518,0,1,1,+0.53593,-0.09942,0.19468,162.10,1,0,+0.000,-11.000,-11.000,-0.02400,+1.878,+0.00000,0.00,+0.00000,1,+0.29223,+0.33787,0.01131,-5.318,0,74.8,17.9
16.394711,3,0,0.290197,0.290197,0.2750,+0.01520,0,1,1,+0.53593,-0.09942,0.19468,162.10,1,0,+0.000,-11.000,-11.000,-0.02403,+1.915,+0.00000,0.00,+0.00000,1,+0.29223,+0.33787,0.01131,-5.312,0,74.8,17.9
16.398983,3,0,0.290217,0.290217,0.2750,+0.01522,0,1,1,+0.53593,-0.09942,0.19468,162.10,1,0,+0.000,-11.000,-11.000,-0.02403,+1.915,+0.00000,0.00,+0.00000,1,+0.29223,+0.33787,0.01131,-5.312,0,74.8,17.9
16.403427,3,0,0.290237,0.290237,0.2750,+0.01524,0,1,1,+0.53593,-0.09942,0.19468,162.10,1,0,+0.000,-11.000,-11.000,-0.02403,+1.915,+0.00000,0.00,+0.00000,1,+0.29223,+0.33787,0.01131,-5.312,0,74.8,17.9
16.407957,3,0,0.290257,0.290257,0.2750,+0.01526,0,1,1,+0.53593,-0.09942,0.19468,162.10,1,0,+0.000,-11.000,-11.000,-0.02404,+1.950,+0.00000,0.00,+0.00000,1,+0.29223,+0.33787,0.01131,-5.310,0,74.8,17.9
16.412137,3,0,0.290274,0.290274,0.2750,+0.01527,0,1,1,+0.53593,-0.09942,0.19468,162.10,1,0,+0.000,-11.000,-11.000,-0.02404,+1.950,+0.00000,0.00,+0.00000,1,+0.29223,+0.33787,0.01131,-5.310,0,74.8,17.9
16.416380,3,0,0.290292,0.290292,0.2750,+0.01529,0,1,1,+0.53593,-0.09942,0.19468,162.10,1,0,+0.000,-11.000,-11.000,-0.02411,+1.985,+0.00000,0.00,+0.00000,1,+0.29223,+0.33787,0.01131,-5.293,0,74.8,17.9
16.420779,3,0,0.290309,0.290309,0.2750,+0.01531,0,1,1,+0.53593,-0.09942,0.19468,162.10,1,0,+0.000,-11.000,-11.000,-0.02411,+1.985,+0.00000,0.00,+0.00000,1,+0.29223,+0.33787,0.01131,-5.293,0,74.8,17.9
16.425400,3,0,0.290327,0.290327,0.2750,+0.01533,0,1,1,+0.53593,-0.09942,0.19468,162.10,1,0,+0.000,-11.000,-11.000,-0.02415,+2.020,+0.00000,0.00,+0.00000,1,+0.29223,+0.33787,0.01131,-5.284,0,74.8,17.9
16.429914,3,0,0.290344,0.290344,0.2750,+0.01534,0,1,1,+0.53593,-0.09942,0.19468,162.10,1,0,+0.000,-11.000,-11.000,-0.02425,+2.053,+0.00000,0.00,+0.00000,1,+0.29223,+0.33787,0.01131,-5.263,0,74.8,17.9
16.434125,3,0,0.290359,0.290359,0.2750,+0.01536,0,1,1,+0.53593,-0.09942,0.19468,162.10,1,0,+0.000,-11.000,-11.000,-0.02425,+2.053,+0.00000,0.00,+0.00000,1,+0.29223,+0.33787,0.01131,-5.263,0,74.8,17.9
16.438643,3,0,0.290375,0.290375,0.2750,+0.01538,0,1,1,+0.53593,-0.09942,0.19468,162.10,1,0,+0.000,-11.000,-11.000,-0.02428,+2.086,+0.00000,0.00,+0.00000,1,+0.29223,+0.33787,0.01131,-5.254,0,74.8,17.9
16.443007,3,0,0.290390,0.290390,0.2750,+0.01539,0,1,1,+0.53593,-0.09942,0.19468,162.10,1,0,+0.000,-11.000,-11.000,-0.02428,+2.086,+0.00000,0.00,+0.00000,1,+0.29223,+0.33787,0.01131,-5.254,0,74.8,17.9
16.447792,3,0,0.290406,0.290406,0.2750,+0.01541,0,1,1,+0.53593,-0.09942,0.19468,162.10,1,0,+0.000,-11.000,-11.000,-0.02432,+2.118,+0.00000,0.00,+0.00000,1,+0.29223,+0.33787,0.01131,-5.246,0,74.8,17.9
16.452472,3,0,0.290422,0.290422,0.2750,+0.01542,0,1,1,+0.53593,-0.09942,0.19468,162.10,1,0,+0.000,-11.000,-11.000,-0.02432,+2.118,+0.00000,0.00,+0.00000,1,+0.29223,+0.33787,0.01131,-5.246,0,74.8,17.9
16.457556,3,0,0.290438,0.290438,0.2750,+0.01544,0,1,1,+0.53593,-0.09942,0.19468,162.10,1,0,+0.000,-11.000,-11.000,-0.02438,+2.150,+0.00000,0.00,+0.00000,1,+0.29223,+0.33787,0.01131,-5.233,0,74.8,17.9
16.462111,3,0,0.290451,0.290451,0.2750,+0.01545,0,1,1,+0.53593,-0.09942,0.19468,162.10,1,0,+0.000,-11.000,-11.000,-0.02438,+2.150,+0.00000,0.00,+0.00000,1,+0.29223,+0.33787,0.01131,-5.233,0,74.8,17.9
16.466653,3,0,0.290465,0.290465,0.2750,+0.01546,0,1,1,+0.53593,-0.09942,0.19468,162.10,1,0,+0.000,-11.000,-11.000,-0.02441,+2.181,+0.00000,0.00,+0.00000,1,+0.29223,+0.33787,0.01131,-5.225,0,74.8,17.9
16.471194,3,0,0.290478,0.290478,0.2750,+0.01548,0,1,1,+0.53593,-0.09942,0.19468,162.10,1,0,+0.000,-11.000,-11.000,-0.02441,+2.181,+0.00000,0.00,+0.00000,1,+0.29223,+0.33787,0.01131,-5.225,0,74.8,17.9
16.475751,3,0,0.290490,0.290490,0.2750,+0.01549,0,1,1,+0.53593,-0.09942,0.19468,162.10,1,0,+0.000,-11.000,-11.000,-0.02451,+2.211,+0.00000,0.00,+0.00000,1,+0.29223,+0.33787,0.01131,-5.202,0,74.8,17.9
16.483032,3,0,0.290510,0.290510,0.2750,+0.01551,0,1,1,+0.53593,-0.09942,0.19468,162.10,1,0,+0.000,-11.000,-11.000,-0.02459,+2.241,+0.00000,0.00,+0.00000,1,+0.29223,+0.33787,0.01131,-5.185,0,74.8,17.9
16.487746,3,0,0.290522,0.290522,0.2750,+0.01552,0,1,1,+0.53593,-0.09942,0.19468,162.10,1,0,+0.000,-11.000,-11.000,-0.02459,+2.241,+0.00000,0.00,+0.00000,1,+0.29223,+0.33787,0.01131,-5.185,0,74.8,17.9
16.492351,3,0,0.290533,0.290533,0.2750,+0.01553,0,1,1,+0.53593,-0.09942,0.19468,162.10,1,0,+0.000,-11.000,-11.000,-0.02464,+2.270,+0.00000,0.00,+0.00000,1,+0.29223,+0.33787,0.01131,-5.173,0,74.8,17.9
16.496809,3,0,0.290544,0.290544,0.2750,+0.01554,0,1,1,+0.53593,-0.09942,0.19468,162.10,1,0,+0.000,-11.000,-11.000,-0.02464,+2.270,+0.00000,0.00,+0.00000,1,+0.29223,+0.33787,0.01131,-5.173,0,74.8,17.9
16.501310,3,0,0.290555,0.290555,0.2750,+0.01555,0,1,1,+0.53593,-0.09942,0.19468,162.10,1,0,+0.000,-11.000,-11.000,-0.02469,+2.299,+0.00000,0.00,+0.00000,1,+0.29223,+0.33787,0.01131,-5.161,0,74.8,17.9
16.506537,3,0,0.290567,0.290567,0.2750,+0.01557,0,1,1,+0.53593,-0.09942,0.19468,162.10,1,0,+0.000,-11.000,-11.000,-0.02469,+2.299,+0.00000,0.00,+0.00000,1,+0.29223,+0.33787,0.01131,-5.161,0,74.8,17.9
16.512680,3,0,0.290580,0.290580,0.2750,+0.01558,0,1,1,+0.53593,-0.09942,0.19468,162.10,1,0,+0.000,-11.000,-11.000,-0.02464,+2.327,+0.00000,0.00,+0.00000,1,+0.29223,+0.33787,0.01131,-5.172,0,74.8,17.9
16.521795,3,0,0.290599,0.290599,0.2750,+0.01560,0,1,1,+0.53593,-0.09942,0.19468,162.10,1,0,+0.000,-11.000,-11.000,-0.02464,+2.355,+0.00000,0.00,+0.00000,1,+0.29223,+0.33787,0.01131,-5.174,0,74.8,17.9
16.526397,3,0,0.290608,0.290608,0.2750,+0.01561,0,1,1,+0.53593,-0.09942,0.19468,162.10,1,0,+0.000,-11.000,-11.000,-0.02483,+2.381,+0.00000,0.00,+0.00000,1,+0.29223,+0.33787,0.01131,-5.130,0,74.8,17.9
16.530761,3,0,0.290616,0.290616,0.2750,+0.01562,0,1,1,+0.53593,-0.09942,0.19468,162.10,1,0,+0.000,-11.000,-11.000,-0.02483,+2.381,+0.00000,0.00,+0.00000,1,+0.29223,+0.33787,0.01131,-5.130,0,74.8,17.9
16.535285,3,0,0.290625,0.290625,0.2750,+0.01562,0,1,1,+0.53593,-0.09942,0.19468,162.10,1,0,+0.000,-11.000,-11.000,-0.02490,+2.408,+0.00000,0.00,+0.00000,1,+0.29223,+0.33787,0.01131,-5.114,0,74.8,17.9
16.539829,3,0,0.290633,0.290633,0.2750,+0.01563,0,1,1,+0.53593,-0.09942,0.19468,162.10,1,0,+0.000,-11.000,-11.000,-0.02490,+2.408,+0.00000,0.00,+0.00000,1,+0.29223,+0.33787,0.01131,-5.114,0,74.8,17.9
16.544411,3,0,0.290641,0.290641,0.2750,+0.01564,0,1,1,+0.53593,-0.09942,0.19468,162.10,1,0,+0.000,-11.000,-11.000,-0.02490,+2.434,+0.00000,0.00,+0.00000,1,+0.29223,+0.33787,0.01131,-5.114,0,74.8,17.9
16.548828,3,0,0.290649,0.290649,0.2750,+0.01565,0,1,1,+0.53593,-0.09942,0.19468,162.10,1,0,+0.000,-11.000,-11.000,-0.02490,+2.434,+0.00000,0.00,+0.00000,1,+0.29223,+0.33787,0.01131,-5.114,0,74.8,17.9
16.553422,3,0,0.290657,0.290657,0.2750,+0.01566,0,1,1,+0.53593,-0.09942,0.19468,162.10,1,0,+0.000,-11.000,-11.000,-0.02492,+2.459,+0.00000,0.00,+0.00000,1,+0.29223,+0.33787,0.01131,-5.109,0,74.8,17.9
16.558146,3,0,0.290664,0.290664,0.2750,+0.01566,0,1,1,+0.53593,-0.09942,0.19468,162.10,1,0,+0.000,-11.000,-11.000,-0.02505,+2.484,+0.00000,0.00,+0.00000,1,+0.29223,+0.33787,0.01131,-5.079,0,74.8,17.9
16.562748,3,0,0.290672,0.290672,0.2750,+0.01567,0,1,1,+0.53593,-0.09942,0.19468,162.10,1,0,+0.000,-11.000,-11.000,-0.02505,+2.484,+0.00000,0.00,+0.00000,1,+0.29223,+0.33787,0.01131,-5.079,0,74.8,17.9
16.567089,3,0,0.290678,0.290678,0.2750,+0.01568,0,1,1,+0.53593,-0.09942,0.19468,162.10,1,0,+0.000,-11.000,-11.000,-0.02505,+2.509,+0.00000,0.00,+0.00000,1,+0.29223,+0.33787,0.01131,-5.079,0,74.8,17.9
16.571447,3,0,0.290685,0.290685,0.2750,+0.01568,0,1,1,+0.53593,-0.09942,0.19468,162.10,1,0,+0.000,-11.000,-11.000,-0.02505,+2.509,+0.00000,0.00,+0.00000,1,+0.29223,+0.33787,0.01131,-5.079,0,74.8,17.9
16.576064,3,0,0.290691,0.290691,0.2750,+0.01569,0,1,1,+0.53593,-0.09942,0.19468,162.10,1,0,+0.000,-11.000,-11.000,-0.02507,+2.533,+0.00000,0.00,+0.00000,1,+0.29223,+0.33787,0.01131,-5.075,0,74.8,17.9
16.580322,3,0,0.290697,0.290697,0.2750,+0.01570,0,1,1,+0.53593,-0.09942,0.19468,162.10,1,0,+0.000,-11.000,-11.000,-0.02507,+2.533,+0.00000,0.00,+0.00000,1,+0.29223,+0.33787,0.01131,-5.075,0,74.8,17.9
16.584800,3,0,0.290703,0.290703,0.2750,+0.01570,0,1,1,+0.53593,-0.09942,0.19468,162.10,1,0,+0.000,-11.000,-11.000,-0.02507,+2.533,+0.00000,0.00,+0.00000,1,+0.29223,+0.33787,0.01131,-5.075,0,74.8,17.9
16.589357,3,0,0.290709,0.290709,0.2750,+0.01571,0,1,1,+0.53593,-0.09942,0.19468,162.10,1,0,+0.000,-11.000,-11.000,-0.02504,+2.556,+0.00000,0.00,+0.00000,1,+0.29223,+0.33787,0.01131,-5.082,0,74.8,17.9
16.593966,3,0,0.290715,0.290715,0.2750,+0.01572,0,1,1,+0.53593,-0.09942,0.19468,162.10,1,0,+0.000,-11.000,-11.000,-0.02504,+2.556,+0.00000,0.00,+0.00000,1,+0.29223,+0.33787,0.01131,-5.082,0,74.8,17.9
16.598493,3,0,0.290721,0.290721,0.2750,+0.01572,0,1,1,+0.53593,-0.09942,0.19468,162.10,1,0,+0.000,-11.000,-11.000,-0.02505,+2.579,+0.00000,0.00,+0.00000,1,+0.29223,+0.33787,0.01131,-5.078,0,74.8,17.9
16.603463,3,0,0.290727,0.290727,0.2750,+0.01573,0,1,1,+0.53593,-0.09942,0.19468,162.10,1,0,+0.000,-11.000,-11.000,-0.02511,+2.602,+0.00000,0.00,+0.00000,1,+0.29223,+0.33787,0.01131,-5.065,0,74.8,17.9
16.616308,3,0,0.290741,0.290741,0.2750,+0.01574,0,1,1,+0.53593,-0.09942,0.19468,162.10,1,0,+0.000,-11.000,-11.000,-0.02511,+2.602,+0.00000,0.00,+0.00000,1,+0.29223,+0.33787,0.01131,-5.065,0,74.8,17.9
16.621134,3,0,0.290746,0.290746,0.2750,+0.01575,0,1,1,+0.53593,-0.09942,0.19468,162.10,1,0,+0.000,-11.000,-11.000,-0.02484,+2.624,+0.00000,0.00,+0.00000,1,+0.29223,+0.33787,0.01131,-5.127,0,74.8,17.9
16.625923,3,0,0.290751,0.290751,0.2750,+0.01575,0,1,1,+0.53593,-0.09942,0.19468,162.10,1,0,+0.000,-11.000,-11.000,-0.02506,+2.646,+0.00000,0.00,+0.00000,1,+0.29223,+0.33787,0.01131,-5.076,0,74.8,17.9
16.630256,3,0,0.290756,0.290756,0.2750,+0.01576,0,1,1,+0.53593,-0.09942,0.19468,162.10,1,0,+0.000,-11.000,-11.000,-0.02506,+2.646,+0.00000,0.00,+0.00000,1,+0.29223,+0.33787,0.01131,-5.076,0,74.8,17.9
16.634771,3,0,0.290760,0.290760,0.2750,+0.01576,0,1,1,+0.53593,-0.09942,0.19468,162.10,1,0,+0.000,-11.000,-11.000,-0.02503,+2.667,+0.00000,0.00,+0.00000,1,+0.29223,+0.33787,0.01131,-5.082,0,74.8,17.9
16.639297,3,0,0.290764,0.290764,0.2750,+0.01576,0,1,1,+0.53593,-0.09942,0.19468,162.10,1,0,+0.000,-11.000,-11.000,-0.02503,+2.667,+0.00000,0.00,+0.00000,1,+0.29223,+0.33787,0.01131,-5.082,0,74.8,17.9
16.644418,3,0,0.290769,0.290769,0.2750,+0.01577,0,1,1,+0.53593,-0.09942,0.19468,162.10,1,0,+0.000,-11.000,-11.000,-0.02512,+2.688,+0.00000,0.00,+0.00000,1,+0.29223,+0.33787,0.01131,-5.063,0,74.8,17.9
16.649156,3,0,0.290773,0.290773,0.2750,+0.01577,0,1,1,+0.53593,-0.09942,0.19468,162.10,1,0,+0.000,-11.000,-11.000,-0.02512,+2.688,+0.00000,0.00,+0.00000,1,+0.29223,+0.33787,0.01131,-5.063,0,74.8,17.9
16.653914,3,0,0.290777,0.290777,0.2750,+0.01578,0,1,1,+0.53593,-0.09942,0.19468,162.10,1,0,+0.000,-11.000,-11.000,-0.02515,+2.708,+0.00000,0.00,+0.00000,1,+0.29223,+0.33787,0.01131,-5.056,0,74.8,17.9
16.658433,3,0,0.290781,0.290781,0.2750,+0.01578,0,1,1,+0.53593,-0.09942,0.19468,162.10,1,0,+0.000,-11.000,-11.000,-0.02515,+2.708,+0.00000,0.00,+0.00000,1,+0.29223,+0.33787,0.01131,-5.056,0,74.8,17.9
16.662904,3,0,0.290785,0.290785,0.2750,+0.01578,0,1,1,+0.53593,-0.09942,0.19468,162.10,1,0,+0.000,-11.000,-11.000,-0.02513,+2.728,+0.00000,0.00,+0.00000,1,+0.29223,+0.33787,0.01131,-5.060,0,74.8,17.9
16.667259,3,0,0.290788,0.290788,0.2750,+0.01579,0,1,1,+0.53593,-0.09942,0.19468,162.10,1,0,+0.000,-11.000,-11.000,-0.02523,+2.748,+0.00000,0.00,+0.00000,1,+0.29223,+0.33787,0.01131,-5.037,0,74.8,17.9
16.671607,3,0,0.290792,0.290792,0.2750,+0.01579,0,1,1,+0.53593,-0.09942,0.19468,162.10,1,0,+0.000,-11.000,-11.000,-0.02523,+2.748,+0.00000,0.00,+0.00000,1,+0.29223,+0.33787,0.01131,-5.037,0,74.8,17.9
16.675894,3,0,0.290795,0.290795,0.2750,+0.01579,0,1,1,+0.53593,-0.09942,0.19468,162.10,1,0,+0.000,-11.000,-11.000,-0.02526,+2.767,+0.00000,0.00,+0.00000,1,+0.29223,+0.33787,0.01131,-5.030,0,74.8,17.9
16.680109,3,0,0.290798,0.290798,0.2750,+0.01580,0,1,1,+0.53593,-0.09942,0.19468,162.10,1,0,+0.000,-11.000,-11.000,-0.02526,+2.767,+0.00000,0.00,+0.00000,1,+0.29223,+0.33787,0.01131,-5.030,0,74.8,17.9
16.686101,3,0,0.290802,0.290802,0.2750,+0.01580,0,1,1,+0.53593,-0.09942,0.19468,162.10,1,0,+0.000,-11.000,-11.000,-0.02526,+2.767,+0.00000,0.00,+0.00000,1,+0.29223,+0.33787,0.01131,-5.030,0,74.8,17.9
16.692780,3,0,0.290807,0.290807,0.2750,+0.01581,0,1,1,+0.53593,-0.09942,0.19468,162.10,1,0,+0.000,-11.000,-11.000,-0.02492,+2.786,+0.00000,0.00,+0.00000,1,+0.29223,+0.33787,0.01131,-5.109,0,74.8,17.9
16.697253,3,0,0.290810,0.290810,0.2750,+0.01581,0,1,1,+0.53593,-0.09942,0.19468,162.10,1,0,+0.000,-11.000,-11.000,-0.02520,+2.804,+0.00000,0.00,+0.00000,1,+0.29223,+0.33787,0.01131,-5.045,0,74.8,17.9
16.701576,3,0,0.290812,0.290812,0.2750,+0.01581,0,1,1,+0.53593,-0.09942,0.19468,162.10,1,0,+0.000,-11.000,-11.000,-0.02520,+2.804,+0.00000,0.00,+0.00000,1,+0.29223,+0.33787,0.01131,-5.045,0,74.8,17.9
16.705796,3,0,0.290815,0.290815,0.2750,+0.01581,0,1,1,+0.53593,-0.09942,0.19468,162.10,1,0,+0.000,-11.000,-11.000,-0.02523,+2.823,+0.00000,0.00,+0.00000,1,+0.29223,+0.33787,0.01131,-5.037,0,74.8,17.9
16.710447,3,0,0.290818,0.290818,0.2750,+0.01582,0,1,1,+0.53593,-0.09942,0.19468,162.10,1,0,+0.000,-11.000,-11.000,-0.02523,+2.823,+0.00000,0.00,+0.00000,1,+0.29223,+0.33787,0.01131,-5.037,0,74.8,17.9
16.714959,3,0,0.290820,0.290820,0.2750,+0.01582,0,1,1,+0.53593,-0.09942,0.19468,162.10,1,0,+0.000,-11.000,-11.000,-0.02526,+2.840,+0.00000,0.00,+0.00000,1,+0.29223,+0.33787,0.01131,-5.030,0,74.8,17.9
16.719445,3,0,0.290823,0.290823,0.2750,+0.01582,0,1,1,+0.53593,-0.09942,0.19468,162.10,1,0,+0.000,-11.000,-11.000,-0.02526,+2.840,+0.00000,0.00,+0.00000,1,+0.29223,+0.33787,0.01131,-5.030,0,74.8,17.9
16.725966,3,0,0.290826,0.290826,0.2750,+0.01583,0,1,1,+0.53593,-0.09942,0.19468,162.10,1,0,+0.000,-11.000,-11.000,-0.02514,+2.858,+0.00000,0.00,+0.00000,1,+0.29223,+0.33787,0.01131,-5.059,0,74.8,17.9
16.730365,3,0,0.290829,0.290829,0.2750,+0.01583,0,1,1,+0.53593,-0.09942,0.19468,162.10,1,0,+0.000,-11.000,-11.000,-0.02514,+2.858,+0.00000,0.00,+0.00000,1,+0.29223,+0.33787,0.01131,-5.059,0,74.8,17.9
16.735049,3,0,0.290831,0.290831,0.2750,+0.01583,0,1,1,+0.53593,-0.09942,0.19468,162.10,1,0,+0.000,-11.000,-11.000,-0.02530,+2.875,+0.00000,0.00,+0.00000,1,+0.29223,+0.33787,0.01131,-5.020,0,74.8,17.9
16.739572,3,0,0.290833,0.290833,0.2750,+0.01583,0,1,1,+0.53593,-0.09942,0.19468,162.10,1,0,+0.000,-11.000,-11.000,-0.02530,+2.875,+0.00000,0.00,+0.00000,1,+0.29223,+0.33787,0.01131,-5.020,0,74.8,17.9
16.744265,3,0,0.290836,0.290836,0.2750,+0.01584,0,1,1,+0.53593,-0.09942,0.19468,162.10,1,0,+0.000,-11.000,-11.000,-0.02531,+2.892,+0.00000,0.00,+0.00000,1,+0.29223,+0.33787,0.01131,-5.018,0,74.8,17.9
16.749552,3,0,0.290838,0.290838,0.2750,+0.01584,0,1,1,+0.53593,-0.09942,0.19468,162.10,1,0,+0.000,-11.000,-11.000,-0.02531,+2.892,+0.00000,0.00,+0.00000,1,+0.29223,+0.33787,0.01131,-5.018,0,74.8,17.9
16.754349,3,0,0.290840,0.290840,0.2750,+0.01584,0,1,1,+0.53593,-0.09942,0.19468,162.10,1,0,+0.000,-11.000,-11.000,-0.02528,+2.908,+0.00000,0.00,+0.00000,1,+0.29223,+0.33787,0.01131,-5.026,0,74.8,17.9
16.758847,3,0,0.290842,0.290842,0.2750,+0.01584,0,1,1,+0.53593,-0.09942,0.19468,162.10,1,0,+0.000,-11.000,-11.000,-0.02532,+2.924,+0.00000,0.00,+0.00000,1,+0.29223,+0.33787,0.01131,-5.017,0,74.8,17.9
16.763415,3,0,0.290844,0.290844,0.2750,+0.01584,0,1,1,+0.53593,-0.09942,0.19468,162.10,1,0,+0.000,-11.000,-11.000,-0.02532,+2.924,+0.00000,0.00,+0.00000,1,+0.29223,+0.33787,0.01131,-5.017,0,74.8,17.9
16.767927,3,0,0.290846,0.290846,0.2750,+0.01585,0,1,1,+0.53593,-0.09942,0.19468,162.10,1,0,+0.000,-11.000,-11.000,-0.02533,+2.940,+0.00000,0.00,+0.00000,1,+0.29223,+0.33787,0.01131,-5.014,0,74.8,17.9
16.772554,3,0,0.290848,0.290848,0.2750,+0.01585,0,1,1,+0.53593,-0.09942,0.19468,162.10,1,0,+0.000,-11.000,-11.000,-0.02533,+2.940,+0.00000,0.00,+0.00000,1,+0.29223,+0.33787,0.01131,-5.014,0,74.8,17.9
16.776920,3,0,0.290849,0.290849,0.2750,+0.01585,0,1,1,+0.53593,-0.09942,0.19468,162.10,1,0,+0.000,-11.000,-11.000,-0.02537,+2.955,+0.00000,0.00,+0.00000,1,+0.29223,+0.33787,0.01131,-5.006,0,74.8,17.9
16.781513,3,0,0.290851,0.290851,0.2750,+0.01585,0,1,1,+0.53593,-0.09942,0.19468,162.10,1,0,+0.000,-11.000,-11.000,-0.02537,+2.955,+0.00000,0.00,+0.00000,1,+0.29223,+0.33787,0.01131,-5.006,0,74.8,17.9
16.789198,3,0,0.290854,0.290854,0.2750,+0.01585,0,1,1,+0.53593,-0.09942,0.19468,162.10,1,0,+0.000,-11.000,-11.000,-0.02541,+2.971,+0.00000,0.00,+0.00000,1,+0.29223,+0.33787,0.01131,-4.997,0,74.8,17.9
16.794031,3,0,0.290856,0.290856,0.2750,+0.01586,0,1,1,+0.53593,-0.09942,0.19468,162.10,1,0,+0.000,-11.000,-11.000,-0.02542,+2.985,+0.00000,0.00,+0.00000,1,+0.29223,+0.33787,0.01131,-4.995,0,74.8,17.9
16.798702,3,0,0.290857,0.290857,0.2750,+0.01586,0,1,1,+0.53593,-0.09942,0.19468,162.10,1,0,+0.000,-11.000,-11.000,-0.02542,+2.985,+0.00000,0.00,+0.00000,1,+0.29223,+0.33787,0.01131,-4.995,0,74.8,17.9
16.803157,3,0,0.290859,0.290859,0.2750,+0.01586,0,1,1,+0.53593,-0.09942,0.19468,162.10,1,0,+0.000,-11.000,-11.000,-0.02548,+3.000,+0.00000,0.00,+0.00000,1,+0.29223,+0.33787,0.01131,-4.980,0,74.8,17.9
16.807389,3,0,0.290860,0.290860,0.2750,+0.01586,0,1,1,+0.53593,-0.09942,0.19468,162.10,1,0,+0.000,-11.000,-11.000,-0.02548,+3.000,+0.00000,0.00,+0.00000,1,+0.29223,+0.33787,0.01131,-4.980,0,74.8,17.9
16.811707,3,0,0.290861,0.290861,0.2750,+0.01586,0,1,1,+0.53593,-0.09942,0.19468,162.10,1,0,+0.000,-11.000,-11.000,-0.02555,+3.014,+0.00000,0.00,+0.00000,1,+0.29223,+0.33787,0.01131,-4.964,0,74.8,17.9
16.816348,3,0,0.290863,0.290863,0.2750,+0.01586,0,1,1,+0.53593,-0.09942,0.19468,162.10,1,0,+0.000,-11.000,-11.000,-0.02555,+3.014,+0.00000,0.00,+0.00000,1,+0.29223,+0.33787,0.01131,-4.964,0,74.8,17.9
16.820656,3,0,0.290864,0.290864,0.2750,+0.01586,0,1,1,+0.53593,-0.09942,0.19468,162.10,1,0,+0.000,-11.000,-11.000,-0.02550,+3.028,+0.00000,0.00,+0.00000,1,+0.29223,+0.33787,0.01131,-4.976,0,74.8,17.9
16.825378,3,0,0.290865,0.290865,0.2750,+0.01587,0,1,1,+0.53593,-0.09942,0.19468,162.10,1,0,+0.000,-11.000,-11.000,-0.02550,+3.028,+0.00000,0.00,+0.00000,1,+0.29223,+0.33787,0.01131,-4.976,0,74.8,17.9
16.829897,3,0,0.290866,0.290866,0.2750,+0.01587,0,1,1,+0.53593,-0.09942,0.19468,162.10,1,0,+0.000,-11.000,-11.000,-0.02561,+3.042,+0.00000,0.00,+0.00000,1,+0.29223,+0.33787,0.01131,-4.949,0,74.8,17.9
16.834051,3,0,0.290868,0.290868,0.2750,+0.01587,0,1,1,+0.53593,-0.09942,0.19468,162.10,1,0,+0.000,-11.000,-11.000,-0.02561,+3.042,+0.00000,0.00,+0.00000,1,+0.29223,+0.33787,0.01131,-4.949,0,74.8,17.9
16.838713,3,0,0.290869,0.290869,0.2750,+0.01587,0,1,1,+0.53593,-0.09942,0.19468,162.10,1,0,+0.000,-11.000,-11.000,-0.02567,+3.055,+0.00000,0.00,+0.00000,1,+0.29223,+0.33787,0.01131,-4.937,0,74.8,17.9
16.843324,3,0,0.290870,0.290870,0.2750,+0.01587,0,1,1,+0.53593,-0.09942,0.19468,162.10,1,0,+0.000,-11.000,-11.000,-0.02567,+3.055,+0.00000,0.00,+0.00000,1,+0.29223,+0.33787,0.01131,-4.937,0,74.8,17.9
16.851744,3,0,0.290872,0.290872,0.2750,+0.01587,0,1,1,+0.53593,-0.09942,0.19468,162.10,1,0,+0.000,-11.000,-11.000,-0.02549,+3.069,+0.00000,0.00,+0.00000,1,+0.29223,+0.33787,0.01131,-4.978,0,74.8,17.9
16.856284,3,0,0.290873,0.290873,0.2750,+0.01587,0,1,1,+0.53593,-0.09942,0.19468,162.10,1,0,+0.000,-11.000,-11.000,-0.02570,+3.082,+0.00000,0.00,+0.00000,1,+0.29223,+0.33787,0.01131,-4.930,0,74.8,17.9
16.860804,3,0,0.290874,0.290874,0.2750,+0.01587,0,1,1,+0.53593,-0.09942,0.19468,162.10,1,0,+0.000,-11.000,-11.000,-0.02575,+3.094,+0.00000,0.00,+0.00000,1,+0.29223,+0.33787,0.01131,-4.918,0,74.8,17.9
16.865427,3,0,0.290875,0.290875,0.2750,+0.01587,0,1,1,+0.53593,-0.09942,0.19468,162.10,1,0,+0.000,-11.000,-11.000,-0.02575,+3.094,+0.00000,0.00,+0.00000,1,+0.29223,+0.33787,0.01131,-4.918,0,74.8,17.9
16.869891,3,0,0.290876,0.290876,0.2750,+0.01588,0,1,1,+0.53593,-0.09942,0.19468,162.10,1,0,+0.000,-11.000,-11.000,-0.02575,+3.094,+0.00000,0.00,+0.00000,1,+0.29223,+0.33787,0.01131,-4.918,0,74.8,17.9
16.874867,3,0,0.290877,0.290877,0.2750,+0.01588,0,1,1,+0.53593,-0.09942,0.19468,162.10,1,0,+0.000,-11.000,-11.000,-0.02573,+3.107,+0.00000,0.00,+0.00000,1,+0.29223,+0.33787,0.01131,-4.923,0,74.8,17.9
16.880254,3,0,0.290878,0.290878,0.2750,+0.01588,0,1,1,+0.53593,-0.09942,0.19468,162.10,1,0,+0.000,-11.000,-11.000,-0.02579,+3.119,+0.00000,0.00,+0.00000,1,+0.29223,+0.33787,0.01131,-4.908,0,74.8,17.9
16.884969,3,0,0.290879,0.290879,0.2750,+0.01588,0,1,1,+0.53593,-0.09942,0.19468,162.10,1,0,+0.000,-11.000,-11.000,-0.02579,+3.119,+0.00000,0.00,+0.00000,1,+0.29223,+0.33787,0.01131,-4.908,0,74.8,17.9
16.889251,3,0,0.290880,0.290880,0.2750,+0.01588,0,1,1,+0.53593,-0.09942,0.19468,162.10,1,0,+0.000,-11.000,-11.000,-0.02583,+3.131,+0.00000,0.00,+0.00000,1,+0.29223,+0.33787,0.01131,-4.901,0,74.8,17.9
16.893493,3,0,0.290880,0.290880,0.2750,+0.01588,0,1,1,+0.53593,-0.09942,0.19468,162.10,1,0,+0.000,-11.000,-11.000,-0.02583,+3.131,+0.00000,0.00,+0.00000,1,+0.29223,+0.33787,0.01131,-4.901,0,74.8,17.9
16.897855,3,0,0.290881,0.290881,0.2750,+0.01588,0,1,1,+0.53593,-0.09942,0.19468,162.10,1,0,+0.000,-11.000,-11.000,-0.02589,+3.142,+0.00000,0.00,+0.00000,1,+0.29223,+0.33787,0.01131,-4.885,0,74.8,17.9
16.902694,3,0,0.290882,0.290882,0.2750,+0.01588,0,1,1,+0.53593,-0.09942,0.19468,162.10,1,0,+0.000,-11.000,-11.000,-0.02589,+3.142,+0.00000,0.00,+0.00000,1,+0.29223,+0.33787,0.01131,-4.885,0,74.8,17.9
16.908123,3,0,0.290883,0.290883,0.2750,+0.01588,0,1,1,+0.53593,-0.09942,0.19468,162.10,1,0,+0.000,-11.000,-11.000,-0.02589,+3.154,+0.00000,0.00,+0.00000,1,+0.29223,+0.33787,0.01131,-4.885,0,74.8,17.9
16.912897,3,0,0.290884,0.290884,0.2750,+0.01588,0,1,1,+0.53593,-0.09942,0.19468,162.10,1,0,+0.000,-11.000,-11.000,-0.02589,+3.165,+0.00000,0.00,+0.00000,1,+0.29223,+0.33787,0.01131,-4.887,0,74.8,17.9
16.917895,3,0,0.290884,0.290884,0.2750,+0.01588,0,1,1,+0.53593,-0.09942,0.19468,162.10,1,0,+0.000,-11.000,-11.000,-0.02589,+3.165,+0.00000,0.00,+0.00000,1,+0.29223,+0.33787,0.01131,-4.887,0,74.8,17.9
16.923909,3,0,0.290885,0.290885,0.2750,+0.01589,0,1,1,+0.53593,-0.09942,0.19468,162.10,1,0,+0.000,-11.000,-11.000,-0.02582,+3.176,+0.00000,0.00,+0.00000,1,+0.29223,+0.33787,0.01131,-4.903,0,74.8,17.9
16.928500,3,0,0.290886,0.290886,0.2750,+0.01589,0,1,1,+0.53593,-0.09942,0.19468,162.10,1,0,+0.000,-11.000,-11.000,-0.02582,+3.176,+0.00000,0.00,+0.00000,1,+0.29223,+0.33787,0.01131,-4.903,0,74.8,17.9
16.933565,3,0,0.290887,0.290887,0.2750,+0.01589,0,1,1,+0.53593,-0.09942,0.19468,162.10,1,0,+0.000,-11.000,-11.000,-0.02597,+3.187,+0.00000,0.00,+0.00000,1,+0.29223,+0.33787,0.01131,-4.868,0,74.8,17.9
16.937890,3,0,0.290887,0.290887,0.2750,+0.01589,0,1,1,+0.53593,-0.09942,0.19468,162.10,1,0,+0.000,-11.000,-11.000,-0.02597,+3.187,+0.00000,0.00,+0.00000,1,+0.29223,+0.33787,0.01131,-4.868,0,74.8,17.9
16.942729,3,0,0.290888,0.290888,0.2750,+0.01589,0,1,1,+0.53593,-0.09942,0.19468,162.10,1,0,+0.000,-11.000,-11.000,-0.02597,+3.198,+0.00000,0.00,+0.00000,1,+0.29223,+0.33787,0.01131,-4.868,0,74.8,17.9
16.947254,3,0,0.290888,0.290888,0.2750,+0.01589,0,1,1,+0.53593,-0.09942,0.19468,162.10,1,0,+0.000,-11.000,-11.000,-0.02597,+3.198,+0.00000,0.00,+0.00000,1,+0.29223,+0.33787,0.01131,-4.868,0,74.8,17.9
16.951866,3,0,0.290889,0.290889,0.2750,+0.01589,0,1,1,+0.53593,-0.09942,0.19468,162.10,1,0,+0.000,-11.000,-11.000,-0.02591,+3.208,+0.00000,0.00,+0.00000,1,+0.29223,+0.33787,0.01131,-4.882,0,74.8,17.9
16.956479,3,0,0.290889,0.290889,0.2750,+0.01589,0,1,1,+0.53593,-0.09942,0.19468,162.10,1,0,+0.000,-11.000,-11.000,-0.02602,+3.218,+0.00000,0.00,+0.00000,1,+0.29223,+0.33787,0.01131,-4.857,0,74.8,17.9
16.960629,3,0,0.290890,0.290890,0.2750,+0.01589,0,1,1,+0.53593,-0.09942,0.19468,162.10,1,0,+0.000,-11.000,-11.000,-0.02602,+3.218,+0.00000,0.00,+0.00000,1,+0.29223,+0.33787,0.01131,-4.857,0,74.8,17.9
16.965278,3,0,0.290891,0.290891,0.2750,+0.01589,0,1,1,+0.53593,-0.09942,0.19468,162.10,1,0,+0.000,-11.000,-11.000,-0.02599,+3.228,+0.00000,0.00,+0.00000,1,+0.29223,+0.33787,0.01131,-4.864,0,74.8,17.9
16.969872,3,0,0.290891,0.290891,0.2750,+0.01589,0,1,1,+0.53593,-0.09942,0.19468,162.10,1,0,+0.000,-11.000,-11.000,-0.02599,+3.228,+0.00000,0.00,+0.00000,1,+0.29223,+0.33787,0.01131,-4.864,0,74.8,17.9
16.974224,3,0,0.290891,0.290891,0.2750,+0.01589,0,1,1,+0.53593,-0.09942,0.19468,162.10,1,0,+0.000,-11.000,-11.000,-0.02599,+3.228,+0.00000,0.00,+0.00000,1,+0.29223,+0.33787,0.01131,-4.864,0,74.8,17.9
16.978708,3,0,0.290892,0.290892,0.2750,+0.01589,0,1,1,+0.53593,-0.09942,0.19468,162.10,1,0,+0.000,-11.000,-11.000,-0.02596,+3.238,+0.00000,0.00,+0.00000,1,+0.29223,+0.33787,0.01131,-4.870,0,74.8,17.9
16.983393,3,0,0.290892,0.290892,0.2750,+0.01589,0,1,1,+0.53593,-0.09942,0.19468,162.10,1,0,+0.000,-11.000,-11.000,-0.02606,+3.247,+0.00000,0.00,+0.00000,1,+0.29223,+0.33787,0.01131,-4.847,0,74.8,17.9
16.988145,3,0,0.290893,0.290893,0.2750,+0.01589,0,1,1,+0.53593,-0.09942,0.19468,162.10,1,0,+0.000,-11.000,-11.000,-0.02606,+3.247,+0.00000,0.00,+0.00000,1,+0.29223,+0.33787,0.01131,-4.847,0,74.8,17.9
16.992576,3,0,0.290893,0.290893,0.2750,+0.01589,0,1,1,+0.53593,-0.09942,0.19468,162.10,1,0,+0.000,-11.000,-11.000,-0.02609,+3.257,+0.00000,0.00,+0.00000,1,+0.29223,+0.33787,0.01131,-4.840,0,74.8,17.9
16.996908,3,0,0.290894,0.290894,0.2750,+0.01589,0,1,1,+0.53593,-0.09942,0.19468,162.10,1,0,+0.000,-11.000,-11.000,-0.02609,+3.257,+0.00000,0.00,+0.00000,1,+0.29223,+0.33787,0.01131,-4.840,0,74.8,17.9
17.002128,3,0,0.290894,0.290894,0.2750,+0.01589,0,1,1,+0.53593,-0.09942,0.19468,162.10,1,0,+0.000,-11.000,-11.000,-0.02610,+3.266,+0.00000,0.00,+0.00000,1,+0.29223,+0.33787,0.01131,-4.839,0,74.8,17.9
17.006731,3,0,0.290895,0.290895,0.2750,+0.01589,0,1,1,+0.53593,-0.09942,0.19468,162.10,1,0,+0.000,-11.000,-11.000,-0.02610,+3.266,+0.00000,0.00,+0.00000,1,+0.29223,+0.33787,0.01131,-4.839,0,74.8,17.9
17.011024,3,0,0.290895,0.290895,0.2750,+0.01589,0,1,1,+0.53593,-0.09942,0.19468,162.10,1,0,+0.000,-11.000,-11.000,-0.02608,+3.275,+0.00000,0.00,+0.00000,1,+0.29223,+0.33787,0.01131,-4.842,0,74.8,17.9
17.015636,3,0,0.290895,0.290895,0.2750,+0.01590,0,1,1,+0.53593,-0.09942,0.19468,162.10,1,0,+0.000,-11.000,-11.000,-0.02608,+3.275,+0.00000,0.00,+0.00000,1,+0.29223,+0.33787,0.01131,-4.842,0,74.8,17.9
17.021524,3,0,0.290896,0.290896,0.2750,+0.01590,0,1,1,+0.53593,-0.09942,0.19468,162.10,1,0,+0.000,-11.000,-11.000,-0.02608,+3.275,+0.00000,0.00,+0.00000,1,+0.29223,+0.33787,0.01131,-4.842,0,74.8,17.9
17.035105,3,0,0.290897,0.290897,0.2750,+0.01590,0,1,1,+0.53593,-0.09942,0.19468,162.10,1,0,+0.000,-11.000,-11.000,-0.02582,+3.293,+0.00000,0.00,+0.00000,1,+0.29223,+0.33787,0.01131,-4.902,0,74.8,17.9
17.040198,3,0,0.290897,0.290897,0.2750,+0.01590,0,1,1,+0.53593,-0.09942,0.19468,162.10,1,0,+0.000,-11.000,-11.000,-0.02609,+3.301,+0.00000,0.00,+0.00000,1,+0.29223,+0.33787,0.01131,-4.840,0,74.8,17.9
17.044679,3,0,0.290897,0.290897,0.2750,+0.01590,0,1,1,+0.53593,-0.09942,0.19468,162.10,1,0,+0.000,-11.000,-11.000,-0.02614,+3.310,+0.00000,0.00,+0.00000,1,+0.29223,+0.33787,0.01131,-4.830,0,74.8,17.9
17.049233,3,0,0.290898,0.290898,0.2750,+0.01590,0,1,1,+0.53593,-0.09942,0.19468,162.10,1,0,+0.000,-11.000,-11.000,-0.02614,+3.310,+0.00000,0.00,+0.00000,1,+0.29223,+0.33787,0.01131,-4.830,0,74.8,17.9
17.053777,3,0,0.290898,0.290898,0.2750,+0.01590,0,1,1,+0.53593,-0.09942,0.19468,162.10,1,0,+0.000,-11.000,-11.000,-0.02611,+3.318,+0.00000,0.00,+0.00000,1,+0.29223,+0.33787,0.01131,-4.835,0,74.8,17.9
17.058368,3,0,0.290898,0.290898,0.2750,+0.01590,0,1,1,+0.53593,-0.09942,0.19468,162.10,1,0,+0.000,-11.000,-11.000,-0.02611,+3.318,+0.00000,0.00,+0.00000,1,+0.29223,+0.33787,0.01131,-4.835,0,74.8,17.9
17.062988,3,0,0.290898,0.290898,0.2750,+0.01590,0,1,1,+0.53593,-0.09942,0.19468,162.10,1,0,+0.000,-11.000,-11.000,-0.02610,+3.326,+0.00000,0.00,+0.00000,1,+0.29223,+0.33787,0.01131,-4.837,0,74.8,17.9
17.067629,3,0,0.290899,0.290899,0.2750,+0.01590,0,1,1,+0.53593,-0.09942,0.19468,162.10,1,0,+0.000,-11.000,-11.000,-0.02610,+3.326,+0.00000,0.00,+0.00000,1,+0.29223,+0.33787,0.01131,-4.837,0,74.8,17.9
17.072239,3,0,0.290899,0.290899,0.2750,+0.01590,0,1,1,+0.53593,-0.09942,0.19468,162.10,1,0,+0.000,-11.000,-11.000,-0.02619,+3.334,+0.00000,0.00,+0.00000,1,+0.29223,+0.33787,0.01131,-4.818,0,74.8,17.9
17.078609,3,0,0.290899,0.290899,0.2750,+0.01590,0,1,1,+0.53593,-0.09942,0.19468,162.10,1,0,+0.000,-11.000,-11.000,-0.02619,+3.334,+0.00000,0.00,+0.00000,1,+0.29223,+0.33787,0.01131,-4.818,0,74.8,17.9
17.083970,3,0,0.290900,0.290900,0.2750,+0.01590,0,1,1,+0.53593,-0.09942,0.19468,162.10,1,0,+0.000,-11.000,-11.000,-0.02616,+3.341,+0.00000,0.00,+0.00000,1,+0.29223,+0.33787,0.01131,-4.824,0,74.8,17.9
17.088228,3,0,0.290900,0.290900,0.2750,+0.01590,0,1,1,+0.53593,-0.09942,0.19468,162.10,1,0,+0.000,-11.000,-11.000,-0.02619,+3.349,+0.00000,0.00,+0.00000,1,+0.29223,+0.33787,0.01131,-4.818,0,74.8,17.9
17.092634,3,0,0.290900,0.290900,0.2750,+0.01590,0,1,1,+0.53593,-0.09942,0.19468,162.10,1,0,+0.000,-11.000,-11.000,-0.02619,+3.349,+0.00000,0.00,+0.00000,1,+0.29223,+0.33787,0.01131,-4.818,0,74.8,17.9
17.097188,3,0,0.290900,0.290900,0.2750,+0.01590,0,1,1,+0.53593,-0.09942,0.19468,162.10,1,0,+0.000,-11.000,-11.000,-0.02617,+3.356,+0.00000,0.00,+0.00000,1,+0.29223,+0.33787,0.01131,-4.821,0,74.8,17.9
17.101710,3,0,0.290900,0.290900,0.2750,+0.01590,0,1,1,+0.53593,-0.09942,0.19468,162.10,1,0,+0.000,-11.000,-11.000,-0.02617,+3.356,+0.00000,0.00,+0.00000,1,+0.29223,+0.33787,0.01131,-4.821,0,74.8,17.9
17.105833,3,0,0.290901,0.290901,0.2750,+0.01590,0,1,1,+0.53593,-0.09942,0.19468,162.10,1,0,+0.000,-11.000,-11.000,-0.02623,+3.364,+0.00000,0.00,+0.00000,1,+0.29223,+0.33787,0.01131,-4.809,0,74.8,17.9
17.113896,3,0,0.290901,0.290901,0.2750,+0.01590,0,1,1,+0.53593,-0.09942,0.19468,162.10,1,0,+0.000,-11.000,-11.000,-0.02623,+3.364,+0.00000,0.00,+0.00000,1,+0.29223,+0.33787,0.01131,-4.809,0,74.8,17.9
17.118247,3,0,0.290901,0.290901,0.2750,+0.01590,0,1,1,+0.53593,-0.09942,0.19468,162.10,1,0,+0.000,-11.000,-11.000,-0.02618,+3.371,+0.00000,0.00,+0.00000,1,+0.29223,+0.33787,0.01131,-4.819,0,74.8,17.9
17.122804,3,0,0.290901,0.290901,0.2750,+0.01590,0,1,1,+0.53593,-0.09942,0.19468,162.10,1,0,+0.000,-11.000,-11.000,-0.02623,+3.378,+0.00000,0.00,+0.00000,1,+0.29223,+0.33787,0.01131,-4.809,0,74.8,17.9
17.127070,3,0,0.290902,0.290902,0.2750,+0.01590,0,1,1,+0.53593,-0.09942,0.19468,162.10,1,0,+0.000,-11.000,-11.000,-0.02623,+3.378,+0.00000,0.00,+0.00000,1,+0.29223,+0.33787,0.01131,-4.809,0,74.8,17.9
17.131667,3,0,0.290902,0.290902,0.2750,+0.01590,0,1,1,+0.53593,-0.09942,0.19468,162.10,1,0,+0.000,-11.000,-11.000,-0.02625,+3.385,+0.00000,0.00,+0.00000,1,+0.29223,+0.33787,0.01131,-4.803,0,74.8,17.9
17.136353,3,0,0.290902,0.290902,0.2750,+0.01590,0,1,1,+0.53593,-0.09942,0.19468,162.10,1,0,+0.000,-11.000,-11.000,-0.02625,+3.385,+0.00000,0.00,+0.00000,1,+0.29223,+0.33787,0.01131,-4.803,0,74.8,17.9
17.140994,3,0,0.290902,0.290902,0.2750,+0.01590,0,1,1,+0.53593,-0.09942,0.19468,162.10,1,0,+0.000,-11.000,-11.000,-0.02625,+3.385,+0.00000,0.00,+0.00000,1,+0.29223,+0.33787,0.01131,-4.803,0,74.8,17.9
17.148368,3,0,0.290902,0.290902,0.2750,+0.01590,0,1,1,+0.53593,-0.09942,0.19468,162.10,1,0,+0.000,-11.000,-11.000,-0.02618,+3.391,+0.00000,0.00,+0.00000,1,+0.29223,+0.33787,0.01131,-4.819,0,74.8,17.9
17.152973,3,0,0.290902,0.290902,0.2750,+0.01590,0,1,1,+0.53593,-0.09942,0.19468,162.10,1,0,+0.000,-11.000,-11.000,-0.02619,+3.398,+0.00000,0.00,+0.00000,1,+0.29223,+0.33787,0.01131,-4.818,0,74.8,17.9
17.158010,3,0,0.290903,0.290903,0.2750,+0.01590,0,1,1,+0.53593,-0.09942,0.19468,162.10,1,0,+0.000,-11.000,-11.000,-0.02619,+3.398,+0.00000,0.00,+0.00000,1,+0.29223,+0.33787,0.01131,-4.818,0,74.8,17.9
17.162255,3,0,0.290903,0.290903,0.2750,+0.01590,0,1,1,+0.53593,-0.09942,0.19468,162.10,1,0,+0.000,-11.000,-11.000,-0.02623,+3.404,+0.00000,0.00,+0.00000,1,+0.29223,+0.33787,0.01131,-4.808,0,74.8,17.9
17.166824,3,0,0.290903,0.290903,0.2750,+0.01590,0,1,1,+0.53593,-0.09942,0.19468,162.10,1,0,+0.000,-11.000,-11.000,-0.02623,+3.404,+0.00000,0.00,+0.00000,1,+0.29223,+0.33787,0.01131,-4.808,0,74.8,17.9
17.171212,3,0,0.290903,0.290903,0.2750,+0.01590,0,1,1,+0.53593,-0.09942,0.19468,162.10,1,0,+0.000,-11.000,-11.000,-0.02622,+3.411,+0.00000,0.00,+0.00000,1,+0.29223,+0.33787,0.01131,-4.810,0,74.8,17.9
17.175988,3,0,0.290903,0.290903,0.2750,+0.01590,0,1,1,+0.53593,-0.09942,0.19468,162.10,1,0,+0.000,-11.000,-11.000,-0.02627,+3.417,+0.00000,0.00,+0.00000,1,+0.29223,+0.33787,0.01131,-4.798,0,74.8,17.9
17.180633,3,0,0.290903,0.290903,0.2750,+0.01590,0,1,1,+0.53593,-0.09942,0.19468,162.10,1,0,+0.000,-11.000,-11.000,-0.02627,+3.417,+0.00000,0.00,+0.00000,1,+0.29223,+0.33787,0.01131,-4.798,0,74.8,17.9
17.185210,3,0,0.290903,0.290903,0.2750,+0.01590,0,1,1,+0.53593,-0.09942,0.19468,162.10,1,0,+0.000,-11.000,-11.000,-0.02626,+3.423,+0.00000,0.00,+0.00000,1,+0.29223,+0.33787,0.01131,-4.801,0,74.8,17.9
17.190526,3,0,0.290903,0.290903,0.2750,+0.01590,0,1,1,+0.53593,-0.09942,0.19468,162.10,1,0,+0.000,-11.000,-11.000,-0.02626,+3.423,+0.00000,0.00,+0.00000,1,+0.29223,+0.33787,0.01131,-4.801,0,74.8,17.9
17.194865,3,0,0.290904,0.290904,0.2750,+0.01590,0,1,1,+0.53593,-0.09942,0.19468,162.10,1,0,+0.000,-11.000,-11.000,-0.02624,+3.429,+0.00000,0.00,+0.00000,1,+0.29223,+0.33787,0.01131,-4.806,0,74.8,17.9
17.199367,3,0,0.290904,0.290904,0.2750,+0.01590,0,1,1,+0.53593,-0.09942,0.19468,162.10,1,0,+0.000,-11.000,-11.000,-0.02624,+3.429,+0.00000,0.00,+0.00000,1,+0.29223,+0.33787,0.01131,-4.806,0,74.8,17.9
17.204619,3,0,0.290904,0.290904,0.2750,+0.01590,0,1,1,+0.53593,-0.09942,0.19468,162.10,1,0,+0.000,-11.000,-11.000,-0.02619,+3.435,+0.00000,0.00,+0.00000,1,+0.29223,+0.33787,0.01131,-4.816,0,74.8,17.9
17.209002,3,0,0.290904,0.290904,0.2750,+0.01590,0,1,1,+0.53593,-0.09942,0.19468,162.10,1,0,+0.000,-11.000,-11.000,-0.02619,+3.435,+0.00000,0.00,+0.00000,1,+0.29223,+0.33787,0.01131,-4.816,0,74.8,17.9
17.213704,3,0,0.290904,0.290904,0.2750,+0.01590,0,1,1,+0.53593,-0.09942,0.19468,162.10,1,0,+0.000,-11.000,-11.000,-0.02629,+3.440,+0.00000,0.00,+0.00000,1,+0.29223,+0.33787,0.01131,-4.795,0,74.8,17.9
17.219387,3,0,0.290904,0.290904,0.2750,+0.01590,0,1,1,+0.53593,-0.09942,0.19468,162.10,1,0,+0.000,-11.000,-11.000,-0.02629,+3.440,+0.00000,0.00,+0.00000,1,+0.29223,+0.33787,0.01131,-4.795,0,74.8,17.9
17.227066,3,0,0.290904,0.290904,0.2750,+0.01590,0,1,1,+0.53593,-0.09942,0.19468,162.10,1,0,+0.000,-11.000,-11.000,-0.02626,+3.446,+0.00000,0.00,+0.00000,1,+0.29223,+0.33787,0.01131,-4.802,0,74.8,17.9
17.231793,3,0,0.290904,0.290904,0.2750,+0.01590,0,1,1,+0.53593,-0.09942,0.19468,162.10,1,0,+0.000,-11.000,-11.000,-0.02626,+3.452,+0.00000,0.00,+0.00000,1,+0.29223,+0.33787,0.01131,-4.801,0,74.8,17.9
17.236502,3,0,0.290904,0.290904,0.2750,+0.01590,0,1,1,+0.53593,-0.09942,0.19468,162.10,1,0,+0.000,-11.000,-11.000,-0.02626,+3.452,+0.00000,0.00,+0.00000,1,+0.29223,+0.33787,0.01131,-4.801,0,74.8,17.9
17.240926,3,0,0.290905,0.290905,0.2750,+0.01590,0,1,1,+0.53593,-0.09942,0.19468,162.10,1,0,+0.000,-11.000,-11.000,-0.02628,+3.457,+0.00000,0.00,+0.00000,1,+0.29223,+0.33787,0.01131,-4.796,0,74.8,17.9
17.245116,3,0,0.290905,0.290905,0.2750,+0.01590,0,1,1,+0.53593,-0.09942,0.19468,162.10,1,0,+0.000,-11.000,-11.000,-0.02628,+3.457,+0.00000,0.00,+0.00000,1,+0.29223,+0.33787,0.01131,-4.796,0,74.8,17.9
17.249668,3,0,0.290905,0.290905,0.2750,+0.01590,0,1,1,+0.53593,-0.09942,0.19468,162.10,1,0,+0.000,-11.000,-11.000,-0.02633,+3.462,+0.00000,0.00,+0.00000,1,+0.29223,+0.33787,0.01131,-4.784,0,74.8,17.9
17.254227,3,0,0.290905,0.290905,0.2750,+0.01590,0,1,1,+0.53593,-0.09942,0.19468,162.10,1,0,+0.000,-11.000,-11.000,-0.02637,+3.467,+0.00000,0.00,+0.00000,1,+0.29223,+0.33787,0.01131,-4.777,0,74.8,17.9
17.258770,3,0,0.290905,0.290905,0.2750,+0.01590,0,1,1,+0.53593,-0.09942,0.19468,162.10,1,0,+0.000,-11.000,-11.000,-0.02637,+3.467,+0.00000,0.00,+0.00000,1,+0.29223,+0.33787,0.01131,-4.777,0,74.8,17.9
17.263153,3,0,0.290905,0.290905,0.2750,+0.01590,0,1,1,+0.53593,-0.09942,0.19468,162.10,1,0,+0.000,-11.000,-11.000,-0.02637,+3.467,+0.00000,0.00,+0.00000,1,+0.29223,+0.33787,0.01131,-4.777,0,74.8,17.9
17.267674,3,0,0.290905,0.290905,0.2750,+0.01591,0,1,1,+0.53593,-0.09942,0.19468,162.10,1,0,+0.000,-11.000,-11.000,-0.02634,+3.473,+0.00000,0.00,+0.00000,1,+0.29223,+0.33787,0.01131,-4.783,0,74.8,17.9
17.272672,3,0,0.290905,0.290905,0.2750,+0.01591,0,1,1,+0.53593,-0.09942,0.19468,162.10,1,0,+0.000,-11.000,-11.000,-0.02634,+3.478,+0.00000,0.00,+0.00000,1,+0.29223,+0.33787,0.01131,-4.783,0,74.8,17.9
17.277267,3,0,0.290905,0.290905,0.2750,+0.01591,0,1,1,+0.53593,-0.09942,0.19468,162.10,1,0,+0.000,-11.000,-11.000,-0.02634,+3.478,+0.00000,0.00,+0.00000,1,+0.29223,+0.33787,0.01131,-4.783,0,74.8,17.9
17.281850,3,0,0.290905,0.290905,0.2750,+0.01591,0,1,1,+0.53593,-0.09942,0.19468,162.10,1,0,+0.000,-11.000,-11.000,-0.02634,+3.478,+0.00000,0.00,+0.00000,1,+0.29223,+0.33787,0.01131,-4.783,0,74.8,17.9
17.286716,3,0,0.290905,0.290905,0.2750,+0.01591,0,1,1,+0.53593,-0.09942,0.19468,162.10,1,0,+0.000,-11.000,-11.000,-0.02611,+3.483,+0.00000,0.00,+0.00000,1,+0.29223,+0.33787,0.01131,-4.837,0,74.8,17.9
17.294364,3,0,0.290905,0.290905,0.2750,+0.01591,0,1,1,+0.53593,-0.09942,0.19468,162.10,1,0,+0.000,-11.000,-11.000,-0.02633,+3.487,+0.00000,0.00,+0.00000,1,+0.29223,+0.33787,0.01131,-4.786,0,74.8,17.9
17.299289,3,0,0.290905,0.290905,0.2750,+0.01591,0,1,1,+0.53593,-0.09942,0.19468,162.10,1,0,+0.000,-11.000,-11.000,-0.02633,+3.487,+0.00000,0.00,+0.00000,1,+0.29223,+0.33787,0.01131,-4.786,0,74.8,17.9
17.303787,3,0,0.290906,0.290906,0.2750,+0.01591,0,1,1,+0.53593,-0.09942,0.19468,162.10,1,0,+0.000,-11.000,-11.000,-0.02624,+3.492,+0.00000,0.00,+0.00000,1,+0.29223,+0.33787,0.01131,-4.806,0,74.8,17.9
17.307958,3,0,0.290906,0.290906,0.2750,+0.01591,0,1,1,+0.53593,-0.09942,0.19468,162.10,1,0,+0.000,-11.000,-11.000,-0.02624,+3.492,+0.00000,0.00,+0.00000,1,+0.29223,+0.33787,0.01131,-4.806,0,74.8,17.9
17.312685,3,0,0.290906,0.290906,0.2750,+0.01591,0,1,1,+0.53593,-0.09942,0.19468,162.10,1,0,+0.000,-11.000,-11.000,-0.02623,+3.497,+0.00000,0.00,+0.00000,1,+0.29223,+0.33787,0.01131,-4.808,0,74.8,17.9
17.318177,3,0,0.290906,0.290906,0.2750,+0.01591,0,1,1,+0.53593,-0.09942,0.19468,162.10,1,0,+0.000,-11.000,-11.000,-0.02623,+3.497,+0.00000,0.00,+0.00000,1,+0.29223,+0.33787,0.01131,-4.808,0,74.8,17.9
17.322712,3,0,0.290906,0.290906,0.2750,+0.01591,0,1,1,+0.53593,-0.09942,0.19468,162.10,1,0,+0.000,-11.000,-11.000,-0.02624,+3.501,+0.00000,0.00,+0.00000,1,+0.29223,+0.33787,0.01131,-4.805,0,74.8,17.9
17.327331,3,0,0.290906,0.290906,0.2750,+0.01591,0,1,1,+0.53593,-0.09942,0.19468,162.10,1,0,+0.000,-11.000,-11.000,-0.02630,+3.506,+0.00000,0.00,+0.00000,1,+0.29223,+0.33787,0.01131,-4.792,0,205.4,0.0
17.332132,3,0,0.290906,0.290906,0.2750,+0.01591,0,1,1,+0.53593,-0.09942,0.19468,162.10,1,0,+0.000,-11.000,-11.000,-0.02630,+3.506,+0.00000,0.00,+0.00000,1,+0.29223,+0.33787,0.01131,-4.792,0,205.4,0.0
17.336587,3,0,0.290906,0.290906,0.2750,+0.01591,0,1,1,+0.53593,-0.09942,0.19468,162.10,1,0,+0.000,-11.000,-11.000,-0.02630,+3.506,+0.00000,0.00,+0.00000,1,+0.29223,+0.33787,0.01131,-4.792,0,205.4,0.0
17.341029,3,0,0.290906,0.290906,0.2750,+0.01591,0,1,1,+0.53593,-0.09942,0.19468,162.10,1,0,+0.000,-11.000,-11.000,-0.02625,+3.510,+0.00000,0.00,+0.00000,1,+0.29223,+0.33787,0.01131,-4.804,0,205.4,0.0
17.348687,3,0,0.290906,0.290906,0.2750,+0.01591,0,1,1,+0.53593,-0.09942,0.19468,162.10,1,0,+0.000,-11.000,-11.000,-0.02631,+3.514,+0.00000,0.00,+0.00000,1,+0.29223,+0.33787,0.01131,-4.791,0,205.4,0.0
17.353075,3,0,0.290906,0.290906,0.2750,+0.01591,0,1,1,+0.53593,-0.09942,0.19468,162.10,1,0,+0.000,-11.000,-11.000,-0.02631,+3.514,+0.00000,0.00,+0.00000,1,+0.29223,+0.33787,0.01131,-4.791,0,205.4,0.0
17.358152,3,0,0.290906,0.290906,0.2750,+0.01591,0,1,1,+0.53593,-0.09942,0.19468,162.10,1,0,+0.000,-11.000,-11.000,-0.02633,+3.518,+0.00000,0.00,+0.00000,1,+0.29223,+0.33787,0.01131,-4.786,0,205.4,0.0
17.362856,3,0,0.290906,0.290906,0.2750,+0.01591,0,1,1,+0.53593,-0.09942,0.19468,162.10,1,0,+0.000,-11.000,-11.000,-0.02633,+3.518,+0.00000,0.00,+0.00000,1,+0.29223,+0.33787,0.01131,-4.786,0,205.4,0.0
17.367812,3,0,0.290906,0.290906,0.2750,+0.01591,0,1,1,+0.53593,-0.09942,0.19468,162.10,1,0,+0.000,-11.000,-11.000,-0.02629,+3.522,+0.00000,0.00,+0.00000,1,+0.29223,+0.33787,0.01131,-4.795,0,205.4,0.0
17.372284,3,0,0.290906,0.290906,0.2750,+0.01591,0,1,1,+0.53593,-0.09942,0.19468,162.10,1,0,+0.000,-11.000,-11.000,-0.02629,+3.522,+0.00000,0.00,+0.00000,1,+0.29223,+0.33787,0.01131,-4.795,0,205.4,0.0
17.382710,3,0,0.290906,0.290906,0.2750,+0.01591,0,1,1,+0.53593,-0.09942,0.19468,162.10,1,0,+0.000,-11.000,-11.000,-0.02625,+3.526,+0.00000,0.00,+0.00000,1,+0.29223,+0.33787,0.01131,-4.803,0,205.4,0.0
17.388420,3,0,0.290906,0.290906,0.2750,+0.01591,0,1,1,+0.53593,-0.09942,0.19468,162.10,1,0,+0.000,-11.000,-11.000,-0.02596,+3.531,+0.00000,0.00,+0.00000,1,+0.29223,+0.33787,0.01131,-4.871,0,205.4,0.0
17.392899,3,0,0.290906,0.290906,0.2750,+0.01591,0,1,1,+0.53593,-0.09942,0.19468,162.10,1,0,+0.000,-11.000,-11.000,-0.02622,+3.534,+0.00000,0.00,+0.00000,1,+0.29223,+0.33787,0.01131,-4.809,0,205.4,0.0
17.397773,3,0,0.290906,0.290906,0.2750,+0.01591,0,1,1,+0.53593,-0.09942,0.19468,162.10,1,0,+0.000,-11.000,-11.000,-0.02622,+3.534,+0.00000,0.00,+0.00000,1,+0.29223,+0.33787,0.01131,-4.809,0,205.4,0.0
17.402171,3,0,0.290906,0.290906,0.2750,+0.01591,0,1,1,+0.53593,-0.09942,0.19468,162.10,1,0,+0.000,-11.000,-11.000,-0.02625,+3.538,+0.00000,0.00,+0.00000,1,+0.29223,+0.33787,0.01131,-4.804,0,205.4,0.0
17.406489,3,0,0.290906,0.290906,0.2750,+0.01591,0,1,1,+0.53593,-0.09942,0.19468,162.10,1,0,+0.000,-11.000,-11.000,-0.02625,+3.538,+0.00000,0.00,+0.00000,1,+0.29223,+0.33787,0.01131,-4.804,0,205.4,0.0
17.410783,3,0,0.290906,0.290906,0.2750,+0.01591,0,1,1,+0.53593,-0.09942,0.19468,162.10,1,0,+0.000,-11.000,-11.000,-0.02626,+3.542,+0.00000,0.00,+0.00000,1,+0.29223,+0.33787,0.01131,-4.800,0,205.4,0.0
17.415368,3,0,0.290906,0.290906,0.2750,+0.01591,0,1,1,+0.53593,-0.09942,0.19468,162.10,1,0,+0.000,-11.000,-11.000,-0.02626,+3.542,+0.00000,0.00,+0.00000,1,+0.29223,+0.33787,0.01131,-4.800,0,205.4,0.0
17.420096,3,0,0.290906,0.290906,0.2750,+0.01591,0,1,1,+0.53593,-0.09942,0.19468,162.10,1,0,+0.000,-11.000,-11.000,-0.02626,+3.545,+0.00000,0.00,+0.00000,1,+0.29223,+0.33787,0.01131,-4.801,0,205.4,0.0
17.424896,3,0,0.290907,0.290907,0.2750,+0.01591,0,1,1,+0.53593,-0.09942,0.19468,162.10,1,0,+0.000,-11.000,-11.000,-0.02626,+3.545,+0.00000,0.00,+0.00000,1,+0.29223,+0.33787,0.01131,-4.801,0,205.4,0.0
17.429439,3,0,0.290907,0.290907,0.2750,+0.01591,0,1,1,+0.53593,-0.09942,0.19468,162.10,1,0,+0.000,-11.000,-11.000,-0.02632,+3.549,+0.00000,0.00,+0.00000,1,+0.29223,+0.33787,0.01131,-4.788,0,205.4,0.0
17.434077,3,0,0.290907,0.290907,0.2750,+0.01591,0,1,1,+0.53593,-0.09942,0.19468,162.10,1,0,+0.000,-11.000,-11.000,-0.02632,+3.549,+0.00000,0.00,+0.00000,1,+0.29223,+0.33787,0.01131,-4.788,0,205.4,0.0
17.438687,3,0,0.290907,0.290907,0.2750,+0.01591,0,1,1,+0.53593,-0.09942,0.19468,162.10,1,0,+0.000,-11.000,-11.000,-0.02629,+3.552,+0.00000,0.00,+0.00000,1,+0.29223,+0.33787,0.01131,-4.794,0,205.4,0.0
17.443375,3,0,0.290907,0.290907,0.2750,+0.01591,0,1,1,+0.53593,-0.09942,0.19468,162.10,1,0,+0.000,-11.000,-11.000,-0.02635,+3.556,+0.00000,0.00,+0.00000,1,+0.29223,+0.33787,0.01131,-4.781,0,205.4,0.0
17.448006,3,0,0.290907,0.290907,0.2750,+0.01591,0,1,1,+0.53593,-0.09942,0.19468,162.10,1,0,+0.000,-11.000,-11.000,-0.02635,+3.556,+0.00000,0.00,+0.00000,1,+0.29223,+0.33787,0.01131,-4.781,0,205.4,0.0
17.452611,3,0,0.290907,0.290907,0.2750,+0.01591,0,1,1,+0.53593,-0.09942,0.19468,162.10,1,0,+0.000,-11.000,-11.000,-0.02633,+3.559,+0.00000,0.00,+0.00000,1,+0.29223,+0.33787,0.01131,-4.786,0,205.4,0.0
17.457244,3,0,0.290907,0.290907,0.2750,+0.01591,0,1,1,+0.53593,-0.09942,0.19468,162.10,1,0,+0.000,-11.000,-11.000,-0.02633,+3.559,+0.00000,0.00,+0.00000,1,+0.29223,+0.33787,0.01131,-4.786,0,205.4,0.0
17.461875,3,0,0.290907,0.290907,0.2750,+0.01591,0,1,1,+0.53593,-0.09942,0.19468,162.10,1,0,+0.000,-11.000,-11.000,-0.02632,+3.562,+0.00000,0.00,+0.00000,1,+0.29223,+0.33787,0.01131,-4.787,0,205.4,0.0
17.466496,3,0,0.290907,0.290907,0.2750,+0.01591,0,1,1,+0.53593,-0.09942,0.19468,162.10,1,0,+0.000,-11.000,-11.000,-0.02632,+3.562,+0.00000,0.00,+0.00000,1,+0.29223,+0.33787,0.01131,-4.787,0,205.4,0.0
17.470665,3,0,0.290907,0.290907,0.2750,+0.01591,0,1,1,+0.53593,-0.09942,0.19468,162.10,1,0,+0.000,-11.000,-11.000,-0.02637,+3.566,+0.00000,0.00,+0.00000,1,+0.29223,+0.33787,0.01131,-4.776,0,205.4,0.0
17.475241,3,0,0.290907,0.290907,0.2750,+0.01591,0,1,1,+0.53593,-0.09942,0.19468,162.10,1,0,+0.000,-11.000,-11.000,-0.02637,+3.566,+0.00000,0.00,+0.00000,1,+0.29223,+0.33787,0.01131,-4.776,0,205.4,0.0
17.480036,3,0,0.290907,0.290907,0.2750,+0.01591,0,1,1,+0.53593,-0.09942,0.19468,162.10,1,0,+0.000,-11.000,-11.000,-0.02635,+3.569,+0.00000,0.00,+0.00000,1,+0.29223,+0.33787,0.01131,-4.781,0,205.4,0.0
17.496025,3,0,0.290907,0.290907,0.2750,+0.01591,0,1,1,+0.53593,-0.09942,0.19468,162.10,1,0,+0.000,-11.000,-11.000,-0.02635,+3.569,+0.00000,0.00,+0.00000,1,+0.29223,+0.33787,0.01131,-4.781,0,205.4,0.0
17.501431,3,0,0.290907,0.290907,0.2750,+0.01591,0,1,1,+0.53593,-0.09942,0.19468,162.10,1,0,+0.000,-11.000,-11.000,-0.02588,+3.572,+0.00000,0.00,+0.00000,1,+0.29223,+0.33787,0.01131,-4.888,0,205.4,0.0
17.506120,3,0,0.290907,0.290907,0.2750,+0.01591,0,1,1,+0.53593,-0.09942,0.19468,162.10,1,0,+0.000,-11.000,-11.000,-0.02604,+3.575,+0.00000,0.00,+0.00000,1,+0.29223,+0.33787,0.01131,-4.851,0,205.4,0.0
17.510762,3,0,0.290907,0.290907,0.2750,+0.01591,0,1,1,+0.53593,-0.09942,0.19468,162.10,1,0,+0.000,-11.000,-11.000,-0.02604,+3.575,+0.00000,0.00,+0.00000,1,+0.29223,+0.33787,0.01131,-4.851,0,205.4,0.0
17.515264,3,0,0.290907,0.290907,0.2750,+0.01591,0,1,1,+0.53593,-0.09942,0.19468,162.10,1,0,+0.000,-11.000,-11.000,-0.02607,+3.578,+0.00000,0.00,+0.00000,1,+0.29223,+0.33787,0.01131,-4.846,0,205.4,0.0
17.520059,3,0,0.290907,0.290907,0.2750,+0.01591,0,1,1,+0.53593,-0.09942,0.19468,162.10,1,0,+0.000,-11.000,-11.000,-0.02607,+3.578,+0.00000,0.00,+0.00000,1,+0.29223,+0.33787,0.01131,-4.846,0,205.4,0.0
17.525624,3,0,0.290907,0.290907,0.2750,+0.01591,0,1,1,+0.53593,-0.09942,0.19468,162.10,1,0,+0.000,-11.000,-11.000,-0.02603,+3.581,+0.00000,0.00,+0.00000,1,+0.29223,+0.33787,0.01131,-4.854,0,205.4,0.0
17.530089,3,0,0.290907,0.290907,0.2750,+0.01591,0,1,1,+0.53593,-0.09942,0.19468,162.10,1,0,+0.000,-11.000,-11.000,-0.02608,+3.584,+0.00000,0.00,+0.00000,1,+0.29223,+0.33787,0.01131,-4.843,0,205.4,0.0
17.534639,3,0,0.290907,0.290907,0.2750,+0.01591,0,1,1,+0.53593,-0.09942,0.19468,162.10,1,0,+0.000,-11.000,-11.000,-0.02608,+3.584,+0.00000,0.00,+0.00000,1,+0.29223,+0.33787,0.01131,-4.843,0,205.4,0.0
17.539153,3,0,0.290907,0.290907,0.2750,+0.01591,0,1,1,+0.53593,-0.09942,0.19468,162.10,1,0,+0.000,-11.000,-11.000,-0.02614,+3.587,+0.00000,0.00,+0.00000,1,+0.29223,+0.33787,0.01131,-4.829,0,205.4,0.0
17.543747,3,0,0.290907,0.290907,0.2750,+0.01591,0,1,1,+0.53593,-0.09942,0.19468,162.10,1,0,+0.000,-11.000,-11.000,-0.02614,+3.587,+0.00000,0.00,+0.00000,1,+0.29223,+0.33787,0.01131,-4.829,0,205.4,0.0
17.548764,3,0,0.290907,0.290907,0.2750,+0.01591,0,1,1,+0.53593,-0.09942,0.19468,162.10,1,0,+0.000,-11.000,-11.000,-0.02619,+3.589,+0.00000,0.00,+0.00000,1,+0.29223,+0.33787,0.01131,-4.817,0,205.4,0.0
17.553854,3,0,0.290907,0.290907,0.2750,+0.01591,0,1,1,+0.53593,-0.09942,0.19468,162.10,1,0,+0.000,-11.000,-11.000,-0.02619,+3.589,+0.00000,0.00,+0.00000,1,+0.29223,+0.33787,0.01131,-4.817,0,205.4,0.0
17.558988,3,0,0.290907,0.290907,0.2750,+0.01591,0,1,1,+0.53593,-0.09942,0.19468,162.10,1,0,+0.000,-11.000,-11.000,-0.02619,+3.589,+0.00000,0.00,+0.00000,1,+0.29223,+0.33787,0.01131,-4.817,0,205.4,0.0
17.563446,3,0,0.290907,0.290907,0.2750,+0.01591,0,1,1,+0.53593,-0.09942,0.19468,162.10,1,0,+0.000,-11.000,-11.000,-0.02596,+3.592,+0.00000,0.00,+0.00000,1,+0.29223,+0.33787,0.01131,-4.870,0,205.4,0.0
17.568301,3,0,0.290907,0.290907,0.2750,+0.01591,0,1,1,+0.53593,-0.09942,0.19468,162.10,1,0,+0.000,-11.000,-11.000,-0.02616,+3.595,+0.00000,0.00,+0.00000,1,+0.29223,+0.33787,0.01131,-4.824,0,205.4,0.0
17.572876,3,0,0.290907,0.290907,0.2750,+0.01591,0,1,1,+0.53593,-0.09942,0.19468,162.10,1,0,+0.000,-11.000,-11.000,-0.02616,+3.597,+0.00000,0.00,+0.00000,1,+0.29223,+0.33787,0.01131,-4.824,0,205.4,0.0
17.577579,3,0,0.290907,0.290907,0.2750,+0.01591,0,1,1,+0.53593,-0.09942,0.19468,162.10,1,0,+0.000,-11.000,-11.000,-0.02616,+3.597,+0.00000,0.00,+0.00000,1,+0.29223,+0.33787,0.01131,-4.824,0,205.4,0.0
17.582426,3,0,0.290907,0.290907,0.2750,+0.01591,0,1,1,+0.53593,-0.09942,0.19468,162.10,1,0,+0.000,-11.000,-11.000,-0.02627,+3.600,+0.00000,0.00,+0.00000,1,+0.29223,+0.33787,0.01131,-4.799,0,205.4,0.0
17.586910,3,0,0.290907,0.290907,0.2750,+0.01591,0,1,1,+0.53593,-0.09942,0.19468,162.10,1,0,+0.000,-11.000,-11.000,-0.02627,+3.600,+0.00000,0.00,+0.00000,1,+0.29223,+0.33787,0.01131,-4.799,0,205.4,0.0
17.592280,3,0,0.290907,0.290907,0.2750,+0.01591,0,1,1,+0.53593,-0.09942,0.19468,162.10,1,0,+0.000,-11.000,-11.000,-0.02619,+3.602,+0.00000,0.00,+0.00000,1,+0.29223,+0.33787,0.01131,-4.816,0,205.4,0.0
17.597282,3,0,0.290907,0.290907,0.2750,+0.01591,0,1,1,+0.53593,-0.09942,0.19468,162.10,1,0,+0.000,-11.000,-11.000,-0.02619,+3.602,+0.00000,0.00,+0.00000,1,+0.29223,+0.33787,0.01131,-4.816,0,205.4,0.0
17.601499,3,0,0.290907,0.290907,0.2750,+0.01591,0,1,1,+0.53593,-0.09942,0.19468,162.10,1,0,+0.000,-11.000,-11.000,-0.02620,+3.605,+0.00000,0.00,+0.00000,1,+0.29223,+0.33787,0.01131,-4.814,0,205.4,0.0
17.605732,3,0,0.290907,0.290907,0.2750,+0.01591,0,1,1,+0.53593,-0.09942,0.19468,162.10,1,0,+0.000,-11.000,-11.000,-0.02620,+3.605,+0.00000,0.00,+0.00000,1,+0.29223,+0.33787,0.01131,-4.814,0,205.4,0.0
17.610280,3,0,0.290907,0.290907,0.2750,+0.01591,0,1,1,+0.53593,-0.09942,0.19468,162.10,1,0,+0.000,-11.000,-11.000,-0.02623,+3.607,+0.00000,0.00,+0.00000,1,+0.29223,+0.33787,0.01131,-4.807,0,205.4,0.0
17.617511,3,0,0.290907,0.290907,0.2750,+0.01591,0,1,1,+0.53593,-0.09942,0.19468,162.10,1,0,+0.000,-11.000,-11.000,-0.02618,+3.610,+0.00000,0.00,+0.00000,1,+0.29223,+0.33787,0.01131,-4.819,0,205.4,0.0
17.622032,3,0,0.290907,0.290907,0.2750,+0.01591,0,1,1,+0.53593,-0.09942,0.19468,162.10,1,0,+0.000,-11.000,-11.000,-0.02618,+3.610,+0.00000,0.00,+0.00000,1,+0.29223,+0.33787,0.01131,-4.819,0,205.4,0.0
17.626855,3,0,0.290907,0.290907,0.2750,+0.01591,0,1,1,+0.53593,-0.09942,0.19468,162.10,1,0,+0.000,-11.000,-11.000,-0.02630,+3.612,+0.00000,0.00,+0.00000,1,+0.29223,+0.33787,0.01131,-4.793,0,205.4,0.0
17.631400,3,0,0.290907,0.290907,0.2750,+0.01591,0,1,1,+0.53593,-0.09942,0.19468,162.10,1,0,+0.000,-11.000,-11.000,-0.02630,+3.612,+0.00000,0.00,+0.00000,1,+0.29223,+0.33787,0.01131,-4.793,0,205.4,0.0
17.636007,3,0,0.290907,0.290907,0.2750,+0.01591,0,1,1,+0.53593,-0.09942,0.19468,162.10,1,0,+0.000,-11.000,-11.000,-0.02629,+3.614,+0.00000,0.00,+0.00000,1,+0.29223,+0.33787,0.01131,-4.794,0,205.4,0.0
17.640488,3,0,0.290907,0.290907,0.2750,+0.01591,0,1,1,+0.53593,-0.09942,0.19468,162.10,1,0,+0.000,-11.000,-11.000,-0.02629,+3.614,+0.00000,0.00,+0.00000,1,+0.29223,+0.33787,0.01131,-4.794,0,205.4,0.0
17.661821,3,0,0.290907,0.290907,0.2750,+0.01591,0,1,1,+0.53593,-0.09942,0.19468,162.10,1,0,+0.000,-11.000,-11.000,-0.02602,+3.619,+0.00000,0.00,+0.00000,1,+0.29223,+0.33787,0.01131,-4.857,0,205.4,0.0
17.667477,3,0,0.290907,0.290907,0.2750,+0.01591,0,1,1,+0.53593,-0.09942,0.19468,162.10,1,0,+0.000,-11.000,-11.000,-0.02596,+3.621,+0.00000,0.00,+0.00000,1,+0.29223,+0.33787,0.01131,-4.871,0,205.4,0.0
17.672165,3,0,0.290907,0.290907,0.2750,+0.01591,0,1,1,+0.53593,-0.09942,0.19468,162.10,1,0,+0.000,-11.000,-11.000,-0.02596,+3.621,+0.00000,0.00,+0.00000,1,+0.29223,+0.33787,0.01131,-4.871,0,205.4,0.0
17.678209,3,0,0.290907,0.290907,0.2750,+0.01591,0,1,1,+0.53593,-0.09942,0.19468,162.10,1,0,+0.000,-11.000,-11.000,-0.02604,+3.623,+0.00000,0.00,+0.00000,1,+0.29223,+0.33787,0.01131,-4.852,0,205.4,0.0
17.683028,3,0,0.290907,0.290907,0.2750,+0.01591,0,1,1,+0.53593,-0.09942,0.19468,162.10,1,0,+0.000,-11.000,-11.000,-0.02604,+3.623,+0.00000,0.00,+0.00000,1,+0.29223,+0.33787,0.01131,-4.852,0,205.4,0.0
17.688014,3,0,0.290907,0.290907,0.2750,+0.01591,0,1,1,+0.53593,-0.09942,0.19468,162.10,1,0,+0.000,-11.000,-11.000,-0.02601,+3.625,+0.00000,0.00,+0.00000,1,+0.29223,+0.33787,0.01131,-4.858,0,205.4,0.0
17.693045,3,0,0.290907,0.290907,0.2750,+0.01591,0,1,1,+0.53593,-0.09942,0.19468,162.10,1,0,+0.000,-11.000,-11.000,-0.02601,+3.625,+0.00000,0.00,+0.00000,1,+0.29223,+0.33787,0.01131,-4.858,0,205.4,0.0
17.698053,3,0,0.290907,0.290907,0.2750,+0.01591,0,1,1,+0.53593,-0.09942,0.19468,162.10,1,0,+0.000,-11.000,-11.000,-0.02598,+3.627,+0.00000,0.00,+0.00000,1,+0.29223,+0.33787,0.01131,-4.865,0,205.4,0.0
17.702638,3,0,0.290907,0.290907,0.2750,+0.01591,0,1,1,+0.53593,-0.09942,0.19468,162.10,1,0,+0.000,-11.000,-11.000,-0.02602,+3.629,+0.00000,0.00,+0.00000,1,+0.29223,+0.33787,0.01131,-4.857,0,205.4,0.0
17.706926,3,0,0.290907,0.290907,0.2750,+0.01591,0,1,1,+0.53593,-0.09942,0.19468,162.10,1,0,+0.000,-11.000,-11.000,-0.02602,+3.629,+0.00000,0.00,+0.00000,1,+0.29223,+0.33787,0.01131,-4.857,0,205.4,0.0
17.711241,3,0,0.290907,0.290907,0.2750,+0.01591,0,1,1,+0.53593,-0.09942,0.19468,162.10,1,0,+0.000,-11.000,-11.000,-0.02602,+3.629,+0.00000,0.00,+0.00000,1,+0.29223,+0.33787,0.01131,-4.857,0,205.4,0.0
17.716051,3,0,0.290907,0.290907,0.2750,+0.01591,0,1,1,+0.53593,-0.09942,0.19468,162.10,1,0,+0.000,-11.000,-11.000,-0.02598,+3.631,+0.00000,0.00,+0.00000,1,+0.29223,+0.33787,0.01131,-4.865,0,205.4,0.0
17.720361,3,0,0.290907,0.290907,0.2750,+0.01591,0,1,1,+0.53593,-0.09942,0.19468,162.10,1,0,+0.000,-11.000,-11.000,-0.02604,+3.633,+0.00000,0.00,+0.00000,1,+0.29223,+0.33787,0.01131,-4.853,0,205.4,0.0
17.724931,3,0,0.290907,0.290907,0.2750,+0.01591,0,1,1,+0.53593,-0.09942,0.19468,162.10,1,0,+0.000,-11.000,-11.000,-0.02604,+3.633,+0.00000,0.00,+0.00000,1,+0.29223,+0.33787,0.01131,-4.853,0,205.4,0.0
17.729541,3,0,0.290907,0.290907,0.2750,+0.01591,0,1,1,+0.53593,-0.09942,0.19468,162.10,1,0,+0.000,-11.000,-11.000,-0.02603,+3.635,+0.00000,0.00,+0.00000,1,+0.29223,+0.33787,0.01131,-4.854,0,205.4,0.0
17.734122,3,0,0.290907,0.290907,0.2750,+0.01591,0,1,1,+0.53593,-0.09942,0.19468,162.10,1,0,+0.000,-11.000,-11.000,-0.02603,+3.635,+0.00000,0.00,+0.00000,1,+0.29223,+0.33787,0.01131,-4.854,0,205.4,0.0
17.738657,3,0,0.290907,0.290907,0.2750,+0.01591,0,1,1,+0.53593,-0.09942,0.19468,162.10,1,0,+0.000,-11.000,-11.000,-0.02603,+3.637,+0.00000,0.00,+0.00000,1,+0.29223,+0.33787,0.01131,-4.855,0,205.4,0.0
17.742825,3,0,0.290907,0.290907,0.2750,+0.01591,0,1,1,+0.53593,-0.09942,0.19468,162.10,1,0,+0.000,-11.000,-11.000,-0.02603,+3.637,+0.00000,0.00,+0.00000,1,+0.29223,+0.33787,0.01131,-4.855,0,205.4,0.0
17.747048,3,0,0.290907,0.290907,0.2750,+0.01591,0,1,1,+0.53593,-0.09942,0.19468,162.10,1,0,+0.000,-11.000,-11.000,-0.02606,+3.638,+0.00000,0.00,+0.00000,1,+0.29223,+0.33787,0.01131,-4.848,0,205.4,0.0
17.751403,3,0,0.290907,0.290907,0.2750,+0.01591,0,1,1,+0.53593,-0.09942,0.19468,162.10,1,0,+0.000,-11.000,-11.000,-0.02606,+3.638,+0.00000,0.00,+0.00000,1,+0.29223,+0.33787,0.01131,-4.848,0,205.4,0.0
17.755816,3,0,0.290907,0.290907,0.2750,+0.01591,0,1,1,+0.53593,-0.09942,0.19468,162.10,1,0,+0.000,-11.000,-11.000,-0.02606,+3.638,+0.00000,0.00,+0.00000,1,+0.29223,+0.33787,0.01131,-4.848,0,205.4,0.0
17.760369,3,0,0.290907,0.290907,0.2750,+0.01591,0,1,1,+0.53593,-0.09942,0.19468,162.10,1,0,+0.000,-11.000,-11.000,-0.02600,+3.640,+0.00000,0.00,+0.00000,1,+0.29223,+0.33787,0.01131,-4.860,0,205.4,0.0
17.765027,3,0,0.290907,0.290907,0.2750,+0.01591,0,1,1,+0.53593,-0.09942,0.19468,162.10,1,0,+0.000,-11.000,-11.000,-0.02604,+3.642,+0.00000,0.00,+0.00000,1,+0.29223,+0.33787,0.01131,-4.851,0,205.4,0.0
17.769542,3,0,0.290907,0.290907,0.2750,+0.01591,0,1,1,+0.53593,-0.09942,0.19468,162.10,1,0,+0.000,-11.000,-11.000,-0.02604,+3.642,+0.00000,0.00,+0.00000,1,+0.29223,+0.33787,0.01131,-4.851,0,205.4,0.0
17.774238,3,0,0.290907,0.290907,0.2750,+0.01591,0,1,1,+0.53593,-0.09942,0.19468,162.10,1,0,+0.000,-11.000,-11.000,-0.02603,+3.643,+0.00000,0.00,+0.00000,1,+0.29223,+0.33787,0.01131,-4.853,0,205.4,0.0
17.778816,3,0,0.290907,0.290907,0.2750,+0.01591,0,1,1,+0.53593,-0.09942,0.19468,162.10,1,0,+0.000,-11.000,-11.000,-0.02603,+3.643,+0.00000,0.00,+0.00000,1,+0.29223,+0.33787,0.01131,-4.853,0,205.4,0.0
17.783354,3,0,0.290907,0.290907,0.2750,+0.01591,0,1,1,+0.53593,-0.09942,0.19468,162.10,1,0,+0.000,-11.000,-11.000,-0.02610,+3.645,+0.00000,0.00,+0.00000,1,+0.29223,+0.33787,0.01131,-4.837,0,205.4,0.0
17.787876,3,0,0.290907,0.290907,0.2750,+0.01591,0,1,1,+0.53593,-0.09942,0.19468,162.10,1,0,+0.000,-11.000,-11.000,-0.02610,+3.645,+0.00000,0.00,+0.00000,1,+0.29223,+0.33787,0.01131,-4.837,0,205.4,0.0
17.792209,3,0,0.290907,0.290907,0.2750,+0.01591,0,1,1,+0.53593,-0.09942,0.19468,162.10,1,0,+0.000,-11.000,-11.000,-0.02617,+3.647,+0.00000,0.00,+0.00000,1,+0.29223,+0.33787,0.01131,-4.822,0,205.4,0.0
17.796769,3,0,0.290907,0.290907,0.2750,+0.01591,0,1,1,+0.53593,-0.09942,0.19468,162.10,1,0,+0.000,-11.000,-11.000,-0.02617,+3.647,+0.00000,0.00,+0.00000,1,+0.29223,+0.33787,0.01131,-4.822,0,205.4,0.0
17.801030,3,0,0.290907,0.290907,0.2750,+0.01591,0,1,1,+0.53593,-0.09942,0.19468,162.10,1,0,+0.000,-11.000,-11.000,-0.02614,+3.648,+0.00000,0.00,+0.00000,1,+0.29223,+0.33787,0.01131,-4.828,0,205.4,0.0
17.805602,3,0,0.290907,0.290907,0.2750,+0.01591,0,1,1,+0.53593,-0.09942,0.19468,162.10,1,0,+0.000,-11.000,-11.000,-0.02614,+3.648,+0.00000,0.00,+0.00000,1,+0.29223,+0.33787,0.01131,-4.828,0,205.4,0.0
17.810359,3,0,0.290907,0.290907,0.2750,+0.01591,0,1,1,+0.53593,-0.09942,0.19468,162.10,1,0,+0.000,-11.000,-11.000,-0.02611,+3.650,+0.00000,0.00,+0.00000,1,+0.29223,+0.33787,0.01131,-4.837,0,205.4,0.0
17.815098,3,0,0.290907,0.290907,0.2750,+0.01591,0,1,1,+0.53593,-0.09942,0.19468,162.10,1,0,+0.000,-11.000,-11.000,-0.02611,+3.650,+0.00000,0.00,+0.00000,1,+0.29223,+0.33787,0.01131,-4.837,0,205.4,0.0
17.819527,3,0,0.290907,0.290907,0.2750,+0.01591,0,1,1,+0.53593,-0.09942,0.19468,162.10,1,0,+0.000,-11.000,-11.000,-0.02620,+3.651,+0.00000,0.00,+0.00000,1,+0.29223,+0.33787,0.01131,-4.815,0,205.4,0.0
17.824201,3,0,0.290907,0.290907,0.2750,+0.01591,0,1,1,+0.53593,-0.09942,0.19468,162.10,1,0,+0.000,-11.000,-11.000,-0.02625,+3.653,+0.00000,0.00,+0.00000,1,+0.29223,+0.33787,0.01131,-4.803,0,205.4,0.0
17.828906,3,0,0.290907,0.290907,0.2750,+0.01591,0,1,1,+0.53593,-0.09942,0.19468,162.10,1,0,+0.000,-11.000,-11.000,-0.02625,+3.653,+0.00000,0.00,+0.00000,1,+0.29223,+0.33787,0.01131,-4.803,0,205.4,0.0
17.833181,3,0,0.290907,0.290907,0.2750,+0.01591,0,1,1,+0.53593,-0.09942,0.19468,162.10,1,0,+0.000,-11.000,-11.000,-0.02625,+3.653,+0.00000,0.00,+0.00000,1,+0.29223,+0.33787,0.01131,-4.803,0,205.4,0.0
17.837512,3,0,0.290907,0.290907,0.2750,+0.01591,0,1,1,+0.53593,-0.09942,0.19468,162.10,1,0,+0.000,-11.000,-11.000,-0.02616,+3.654,+0.00000,0.00,+0.00000,1,+0.29223,+0.33787,0.01131,-4.824,0,205.4,0.0
17.842167,3,0,0.290907,0.290907,0.2750,+0.01591,0,1,1,+0.53593,-0.09942,0.19468,162.10,1,0,+0.000,-11.000,-11.000,-0.02623,+3.655,+0.00000,0.00,+0.00000,1,+0.29223,+0.33787,0.01131,-4.809,0,205.4,0.0
17.846783,3,0,0.290907,0.290907,0.2750,+0.01591,0,1,1,+0.53593,-0.09942,0.19468,162.10,1,0,+0.000,-11.000,-11.000,-0.02623,+3.655,+0.00000,0.00,+0.00000,1,+0.29223,+0.33787,0.01131,-4.809,0,205.4,0.0
17.851280,3,0,0.290907,0.290907,0.2750,+0.01591,0,1,1,+0.53593,-0.09942,0.19468,162.10,1,0,+0.000,-11.000,-11.000,-0.02623,+3.655,+0.00000,0.00,+0.00000,1,+0.29223,+0.33787,0.01131,-4.809,0,205.4,0.0
17.855766,3,0,0.290907,0.290907,0.2750,+0.01591,0,1,1,+0.53593,-0.09942,0.19468,162.10,1,0,+0.000,-11.000,-11.000,-0.02619,+3.657,+0.00000,0.00,+0.00000,1,+0.29223,+0.33787,0.01131,-4.818,0,205.4,0.0
17.860314,3,0,0.290907,0.290907,0.2750,+0.01591,0,1,1,+0.53593,-0.09942,0.19468,162.10,1,0,+0.000,-11.000,-11.000,-0.02624,+3.658,+0.00000,0.00,+0.00000,1,+0.29223,+0.33787,0.01131,-4.806,0,205.4,0.0
17.864509,3,0,0.290907,0.290907,0.2750,+0.01591,0,1,1,+0.53593,-0.09942,0.19468,162.10,1,0,+0.000,-11.000,-11.000,-0.02624,+3.658,+0.00000,0.00,+0.00000,1,+0.29223,+0.33787,0.01131,-4.806,0,205.4,0.0
17.869520,3,0,0.290907,0.290907,0.2750,+0.01591,0,1,1,+0.53593,-0.09942,0.19468,162.10,1,0,+0.000,-11.000,-11.000,-0.02622,+3.660,+0.00000,0.00,+0.00000,1,+0.29223,+0.33787,0.01131,-4.810,0,205.4,0.0
17.874129,3,0,0.290907,0.290907,0.2750,+0.01591,0,1,1,+0.53593,-0.09942,0.19468,162.10,1,0,+0.000,-11.000,-11.000,-0.02622,+3.660,+0.00000,0.00,+0.00000,1,+0.29223,+0.33787,0.01131,-4.810,0,205.4,0.0
17.879086,3,0,0.290907,0.290907,0.2750,+0.01591,0,1,1,+0.53593,-0.09942,0.19468,162.10,1,0,+0.000,-11.000,-11.000,-0.02621,+3.661,+0.00000,0.00,+0.00000,1,+0.29223,+0.33787,0.01131,-4.812,0,205.4,0.0
17.883484,3,0,0.290907,0.290907,0.2750,+0.01591,0,1,1,+0.53593,-0.09942,0.19468,162.10,1,0,+0.000,-11.000,-11.000,-0.02621,+3.661,+0.00000,0.00,+0.00000,1,+0.29223,+0.33787,0.01131,-4.812,0,205.4,0.0
17.888009,3,0,0.290907,0.290907,0.2750,+0.01591,0,1,1,+0.53593,-0.09942,0.19468,162.10,1,0,+0.000,-11.000,-11.000,-0.02632,+3.662,+0.00000,0.00,+0.00000,1,+0.29223,+0.33787,0.01131,-4.788,0,205.4,0.0
17.892401,3,0,0.290907,0.290907,0.2750,+0.01591,0,1,1,+0.53593,-0.09942,0.19468,162.10,1,0,+0.000,-11.000,-11.000,-0.02632,+3.662,+0.00000,0.00,+0.00000,1,+0.29223,+0.33787,0.01131,-4.788,0,205.4,0.0
17.896986,3,0,0.290907,0.290907,0.2750,+0.01591,0,1,1,+0.53593,-0.09942,0.19468,162.10,1,0,+0.000,-11.000,-11.000,-0.02627,+3.663,+0.00000,0.00,+0.00000,1,+0.29223,+0.33787,0.01131,-4.799,0,205.4,0.0
17.901739,3,0,0.290907,0.290907,0.2750,+0.01591,0,1,1,+0.53593,-0.09942,0.19468,162.10,1,0,+0.000,-11.000,-11.000,-0.02627,+3.663,+0.00000,0.00,+0.00000,1,+0.29223,+0.33787,0.01131,-4.799,0,205.4,0.0
17.906372,3,0,0.290907,0.290907,0.2750,+0.01591,0,1,1,+0.53593,-0.09942,0.19468,162.10,1,0,+0.000,-11.000,-11.000,-0.02631,+3.665,+0.00000,0.00,+0.00000,1,+0.29223,+0.33787,0.01131,-4.791,0,205.4,0.0
17.911276,3,0,0.290907,0.290907,0.2750,+0.01591,0,1,1,+0.53593,-0.09942,0.19468,162.10,1,0,+0.000,-11.000,-11.000,-0.02631,+3.665,+0.00000,0.00,+0.00000,1,+0.29223,+0.33787,0.01131,-4.791,0,205.4,0.0
17.915811,3,0,0.290907,0.290907,0.2750,+0.01591,0,1,1,+0.53593,-0.09942,0.19468,162.10,1,0,+0.000,-11.000,-11.000,-0.02629,+3.666,+0.00000,0.00,+0.00000,1,+0.29223,+0.33787,0.01131,-4.793,0,205.4,0.0
17.920356,3,0,0.290907,0.290907,0.2750,+0.01591,0,1,1,+0.53593,-0.09942,0.19468,162.10,1,0,+0.000,-11.000,-11.000,-0.02629,+3.666,+0.00000,0.00,+0.00000,1,+0.29223,+0.33787,0.01131,-4.793,0,205.4,0.0
17.925589,3,0,0.290907,0.290907,0.2750,+0.01591,0,1,1,+0.53593,-0.09942,0.19468,162.10,1,0,+0.000,-11.000,-11.000,-0.02627,+3.667,+0.00000,0.00,+0.00000,1,+0.29223,+0.33787,0.01131,-4.799,0,205.4,0.0
17.930453,3,0,0.290907,0.290907,0.2750,+0.01591,0,1,1,+0.53593,-0.09942,0.19468,162.10,1,0,+0.000,-11.000,-11.000,-0.02630,+3.668,+0.00000,0.00,+0.00000,1,+0.29223,+0.33787,0.01131,-4.792,0,205.4,0.0
17.934981,3,0,0.290907,0.290907,0.2750,+0.01591,0,1,1,+0.53593,-0.09942,0.19468,162.10,1,0,+0.000,-11.000,-11.000,-0.02630,+3.668,+0.00000,0.00,+0.00000,1,+0.29223,+0.33787,0.01131,-4.792,0,205.4,0.0
17.940310,3,0,0.290907,0.290907,0.2750,+0.01591,0,1,1,+0.53593,-0.09942,0.19468,162.10,1,0,+0.000,-11.000,-11.000,-0.02627,+3.669,+0.00000,0.00,+0.00000,1,+0.29223,+0.33787,0.01131,-4.799,0,205.4,0.0
17.944739,3,0,0.290907,0.290907,0.2750,+0.01591,0,1,1,+0.53593,-0.09942,0.19468,162.10,1,0,+0.000,-11.000,-11.000,-0.02627,+3.669,+0.00000,0.00,+0.00000,1,+0.29223,+0.33787,0.01131,-4.799,0,205.4,0.0
17.950020,3,0,0.290907,0.290907,0.2750,+0.01591,0,1,1,+0.53593,-0.09942,0.19468,162.10,1,0,+0.000,-11.000,-11.000,-0.02631,+3.671,+0.00000,0.00,+0.00000,1,+0.29223,+0.33787,0.01131,-4.789,0,205.4,0.0
17.954792,3,0,0.290907,0.290907,0.2750,+0.01591,0,1,1,+0.53593,-0.09942,0.19468,162.10,1,0,+0.000,-11.000,-11.000,-0.02631,+3.671,+0.00000,0.00,+0.00000,1,+0.29223,+0.33787,0.01131,-4.789,0,205.4,0.0
17.961305,3,0,0.290907,0.290907,0.2750,+0.01591,0,1,1,+0.53593,-0.09942,0.19468,162.10,1,0,+0.000,-11.000,-11.000,-0.02631,+3.672,+0.00000,0.00,+0.00000,1,+0.29223,+0.33787,0.01131,-4.790,0,205.4,0.0
17.965840,3,0,0.290907,0.290907,0.2750,+0.01591,0,1,1,+0.53593,-0.09942,0.19468,162.10,1,0,+0.000,-11.000,-11.000,-0.02636,+3.673,+0.00000,0.00,+0.00000,1,+0.29223,+0.33787,0.01131,-4.779,0,205.4,0.0
17.970237,3,0,0.290907,0.290907,0.2750,+0.01591,0,1,1,+0.53593,-0.09942,0.19468,162.10,1,0,+0.000,-11.000,-11.000,-0.02636,+3.673,+0.00000,0.00,+0.00000,1,+0.29223,+0.33787,0.01131,-4.779,0,205.4,0.0
17.976128,3,0,0.290907,0.290907,0.2750,+0.01591,0,1,1,+0.53593,-0.09942,0.19468,162.10,1,0,+0.000,-11.000,-11.000,-0.02639,+3.674,+0.00000,0.00,+0.00000,1,+0.29223,+0.33787,0.01131,-4.771,0,205.4,0.0
17.980603,3,0,0.290907,0.290907,0.2750,+0.01591,0,1,1,+0.53593,-0.09942,0.19468,162.10,1,0,+0.000,-11.000,-11.000,-0.02639,+3.674,+0.00000,0.00,+0.00000,1,+0.29223,+0.33787,0.01131,-4.771,0,205.4,0.0
17.985720,3,0,0.290907,0.290907,0.2750,+0.01591,0,1,1,+0.53593,-0.09942,0.19468,162.10,1,0,+0.000,-11.000,-11.000,-0.02641,+3.675,+0.00000,0.00,+0.00000,1,+0.29223,+0.33787,0.01131,-4.766,0,205.4,0.0
17.992516,3,0,0.290907,0.290907,0.2750,+0.01591,0,1,1,+0.53593,-0.09942,0.19468,162.10,1,0,+0.000,-11.000,-11.000,-0.02635,+3.676,+0.00000,0.00,+0.00000,1,+0.29223,+0.33787,0.01131,-4.780,0,205.4,0.0
17.997272,3,0,0.290907,0.290907,0.2750,+0.01591,0,1,1,+0.53593,-0.09942,0.19468,162.10,1,0,+0.000,-11.000,-11.000,-0.02635,+3.676,+0.00000,0.00,+0.00000,1,+0.29223,+0.33787,0.01131,-4.780,0,205.4,0.0
18.002309,3,0,0.290907,0.290907,0.2750,+0.01591,0,1,1,+0.53593,-0.09942,0.19468,162.10,1,0,+0.000,-11.000,-11.000,-0.02633,+3.677,+0.00000,0.00,+0.00000,1,+0.29223,+0.33787,0.01131,-4.784,0,205.4,0.0
18.007121,3,0,0.290907,0.290907,0.2750,+0.01591,0,1,1,+0.53593,-0.09942,0.19468,162.10,1,0,+0.000,-11.000,-11.000,-0.02633,+3.677,+0.00000,0.00,+0.00000,1,+0.29223,+0.33787,0.01131,-4.784,0,205.4,0.0
18.011723,3,0,0.290907,0.290907,0.2750,+0.01591,0,1,1,+0.53593,-0.09942,0.19468,162.10,1,0,+0.000,-11.000,-11.000,-0.02641,+3.678,+0.00000,0.00,+0.00000,1,+0.29223,+0.33787,0.01131,-4.767,0,205.4,0.0
18.016266,3,0,0.290907,0.290907,0.2750,+0.01591,0,1,1,+0.53593,-0.09942,0.19468,162.10,1,0,+0.000,-11.000,-11.000,-0.02641,+3.678,+0.00000,0.00,+0.00000,1,+0.29223,+0.33787,0.01131,-4.767,0,205.4,0.0
18.021092,3,0,0.290907,0.290907,0.2750,+0.01591,0,1,1,+0.53593,-0.09942,0.19468,162.10,1,0,+0.000,-11.000,-11.000,-0.02642,+3.679,+0.00000,0.00,+0.00000,1,+0.29223,+0.33787,0.01131,-4.765,0,205.4,0.0
18.028645,3,0,0.290907,0.290907,0.2750,+0.01591,0,1,1,+0.53593,-0.09942,0.19468,162.10,1,0,+0.000,-11.000,-11.000,-0.02642,+3.679,+0.00000,0.00,+0.00000,1,+0.29223,+0.33787,0.01131,-4.765,0,205.4,0.0
18.034403,3,0,0.290907,0.290907,0.2750,+0.01591,0,1,1,+0.53593,-0.09942,0.19468,162.10,1,0,+0.000,-11.000,-11.000,-0.02651,+3.680,+0.00000,0.00,+0.00000,1,+0.29223,+0.33787,0.01131,-4.744,0,205.4,0.0
18.038917,3,0,0.290907,0.290907,0.2750,+0.01591,0,1,1,+0.53593,-0.09942,0.19468,162.10,1,0,+0.000,-11.000,-11.000,-0.02651,+3.680,+0.00000,0.00,+0.00000,1,+0.29223,+0.33787,0.01131,-4.744,0,205.4,0.0
18.043669,3,0,0.290907,0.290907,0.2750,+0.01591,0,1,1,+0.53593,-0.09942,0.19468,162.10,1,0,+0.000,-11.000,-11.000,-0.02654,+3.681,+0.00000,0.00,+0.00000,1,+0.29223,+0.33787,0.01131,-4.738,0,205.4,0.0
18.048437,3,0,0.290907,0.290907,0.2750,+0.01591,0,1,1,+0.53593,-0.09942,0.19468,162.10,1,0,+0.000,-11.000,-11.000,-0.02654,+3.681,+0.00000,0.00,+0.00000,1,+0.29223,+0.33787,0.01131,-4.738,0,205.4,0.0
18.052864,3,0,0.290907,0.290907,0.2750,+0.01591,0,1,1,+0.53593,-0.09942,0.19468,162.10,1,0,+0.000,-11.000,-11.000,-0.02650,+3.682,+0.00000,0.00,+0.00000,1,+0.29223,+0.33787,0.01131,-4.747,0,205.4,0.0
18.057448,3,0,0.290907,0.290907,0.2750,+0.01591,0,1,1,+0.53593,-0.09942,0.19468,162.10,1,0,+0.000,-11.000,-11.000,-0.02650,+3.682,+0.00000,0.00,+0.00000,1,+0.29223,+0.33787,0.01131,-4.747,0,205.4,0.0
18.062021,3,0,0.290907,0.290907,0.2750,+0.01591,0,1,1,+0.53593,-0.09942,0.19468,162.10,1,0,+0.000,-11.000,-11.000,-0.02647,+3.683,+0.00000,0.00,+0.00000,1,+0.29223,+0.33787,0.01131,-4.754,0,205.4,0.0
18.066722,3,0,0.290907,0.290907,0.2750,+0.01591,0,1,1,+0.53593,-0.09942,0.19468,162.10,1,0,+0.000,-11.000,-11.000,-0.02647,+3.683,+0.00000,0.00,+0.00000,1,+0.29223,+0.33787,0.01131,-4.754,0,205.4,0.0
18.071606,3,0,0.290907,0.290907,0.2750,+0.01591,0,1,1,+0.53593,-0.09942,0.19468,162.10,1,0,+0.000,-11.000,-11.000,-0.02651,+3.684,+0.00000,0.00,+0.00000,1,+0.29223,+0.33787,0.01131,-4.745,0,205.4,0.0
18.076153,3,0,0.290907,0.290907,0.2750,+0.01591,0,1,1,+0.53593,-0.09942,0.19468,162.10,1,0,+0.000,-11.000,-11.000,-0.02651,+3.684,+0.00000,0.00,+0.00000,1,+0.29223,+0.33787,0.01131,-4.745,0,205.4,0.0
18.080962,3,0,0.290907,0.290907,0.2750,+0.01591,0,1,1,+0.53593,-0.09942,0.19468,162.10,1,0,+0.000,-11.000,-11.000,-0.02648,+3.685,+0.00000,0.00,+0.00000,1,+0.29223,+0.33787,0.01131,-4.751,0,205.4,0.0
18.085306,3,0,0.290907,0.290907,0.2750,+0.01591,0,1,1,+0.53593,-0.09942,0.19468,162.10,1,0,+0.000,-11.000,-11.000,-0.02648,+3.685,+0.00000,0.00,+0.00000,1,+0.29223,+0.33787,0.01131,-4.751,0,205.4,0.0
18.090055,3,0,0.290907,0.290907,0.2750,+0.01591,0,1,1,+0.53593,-0.09942,0.19468,162.10,1,0,+0.000,-11.000,-11.000,-0.02649,+3.686,+0.00000,0.00,+0.00000,1,+0.29223,+0.33787,0.01131,-4.749,0,205.4,0.0
18.094627,3,0,0.290907,0.290907,0.2750,+0.01591,0,1,1,+0.53593,-0.09942,0.19468,162.10,1,0,+0.000,-11.000,-11.000,-0.02649,+3.686,+0.00000,0.00,+0.00000,1,+0.29223,+0.33787,0.01131,-4.749,0,205.4,0.0
18.099645,3,0,0.290907,0.290907,0.2750,+0.01591,0,1,1,+0.53593,-0.09942,0.19468,162.10,1,0,+0.000,-11.000,-11.000,-0.02648,+3.686,+0.00000,0.00,+0.00000,1,+0.29223,+0.33787,0.01131,-4.750,0,205.4,0.0
18.104180,3,0,0.290907,0.290907,0.2750,+0.01591,0,1,1,+0.53593,-0.09942,0.19468,162.10,1,0,+0.000,-11.000,-11.000,-0.02651,+3.687,+0.00000,0.00,+0.00000,1,+0.29223,+0.33787,0.01131,-4.744,0,205.4,0.0
18.108548,3,0,0.290907,0.290907,0.2750,+0.01591,0,1,1,+0.53593,-0.09942,0.19468,162.10,1,0,+0.000,-11.000,-11.000,-0.02651,+3.687,+0.00000,0.00,+0.00000,1,+0.29223,+0.33787,0.01131,-4.744,0,205.4,0.0
18.113132,3,0,0.290907,0.290907,0.2750,+0.01591,0,1,1,+0.53593,-0.09942,0.19468,162.10,1,0,+0.000,-11.000,-11.000,-0.02652,+3.688,+0.00000,0.00,+0.00000,1,+0.29223,+0.33787,0.01131,-4.741,0,205.4,0.0
18.117873,3,0,0.290907,0.290907,0.2750,+0.01591,0,1,1,+0.53593,-0.09942,0.19468,162.10,1,0,+0.000,-11.000,-11.000,-0.02652,+3.688,+0.00000,0.00,+0.00000,1,+0.29223,+0.33787,0.01131,-4.741,0,205.4,0.0
18.122475,3,0,0.290907,0.290907,0.2750,+0.01591,0,1,1,+0.53593,-0.09942,0.19468,162.10,1,0,+0.000,-11.000,-11.000,-0.02655,+3.689,+0.00000,0.00,+0.00000,1,+0.29223,+0.33787,0.01131,-4.736,0,205.4,0.0
18.127034,3,0,0.290907,0.290907,0.2750,+0.01591,0,1,1,+0.53593,-0.09942,0.19468,162.10,1,0,+0.000,-11.000,-11.000,-0.02655,+3.689,+0.00000,0.00,+0.00000,1,+0.29223,+0.33787,0.01131,-4.736,0,205.4,0.0
18.131706,3,0,0.290907,0.290907,0.2750,+0.01591,0,1,1,+0.53593,-0.09942,0.19468,162.10,1,0,+0.000,-11.000,-11.000,-0.02658,+3.689,+0.00000,0.00,+0.00000,1,+0.29223,+0.33787,0.01131,-4.727,0,205.4,0.0
18.136133,3,0,0.290907,0.290907,0.2750,+0.01591,0,1,1,+0.53593,-0.09942,0.19468,162.10,1,0,+0.000,-11.000,-11.000,-0.02658,+3.689,+0.00000,0.00,+0.00000,1,+0.29223,+0.33787,0.01131,-4.727,0,205.4,0.0
18.140931,3,0,0.290907,0.290907,0.2750,+0.01591,0,1,1,+0.53593,-0.09942,0.19468,162.10,1,0,+0.000,-11.000,-11.000,-0.02655,+3.690,+0.00000,0.00,+0.00000,1,+0.29223,+0.33787,0.01131,-4.735,0,205.4,0.0
18.145885,3,0,0.290907,0.290907,0.2750,+0.01591,0,1,1,+0.53593,-0.09942,0.19468,162.10,1,0,+0.000,-11.000,-11.000,-0.02660,+3.691,+0.00000,0.00,+0.00000,1,+0.29223,+0.33787,0.01131,-4.724,0,205.4,0.0
18.150718,3,0,0.290907,0.290907,0.2750,+0.01591,0,1,1,+0.53593,-0.09942,0.19468,162.10,1,0,+0.000,-11.000,-11.000,-0.02660,+3.691,+0.00000,0.00,+0.00000,1,+0.29223,+0.33787,0.01131,-4.724,0,205.4,0.0
18.155313,3,0,0.290907,0.290907,0.2750,+0.01591,0,1,1,+0.53593,-0.09942,0.19468,162.10,1,0,+0.000,-11.000,-11.000,-0.02659,+3.691,+0.00000,0.00,+0.00000,1,+0.29223,+0.33787,0.01131,-4.727,0,205.4,0.0
18.159667,3,0,0.290907,0.290907,0.2750,+0.01591,0,1,1,+0.53593,-0.09942,0.19468,162.10,1,0,+0.000,-11.000,-11.000,-0.02659,+3.691,+0.00000,0.00,+0.00000,1,+0.29223,+0.33787,0.01131,-4.727,0,205.4,0.0
18.164628,3,0,0.290907,0.290907,0.2750,+0.01591,0,1,1,+0.53593,-0.09942,0.19468,162.10,1,0,+0.000,-11.000,-11.000,-0.02661,+3.692,+0.00000,0.00,+0.00000,1,+0.29223,+0.33787,0.01131,-4.721,0,205.4,0.0
18.169177,3,0,0.290907,0.290907,0.2750,+0.01591,0,1,1,+0.53593,-0.09942,0.19468,162.10,1,0,+0.000,-11.000,-11.000,-0.02661,+3.692,+0.00000,0.00,+0.00000,1,+0.29223,+0.33787,0.01131,-4.721,0,205.4,0.0
18.174210,3,0,0.290907,0.290907,0.2750,+0.01591,0,1,1,+0.53593,-0.09942,0.19468,162.10,1,0,+0.000,-11.000,-11.000,-0.02661,+3.692,+0.00000,0.00,+0.00000,1,+0.29223,+0.33787,0.01131,-4.721,0,205.4,0.0
18.180324,3,0,0.290907,0.290907,0.2750,+0.01591,0,1,1,+0.53593,-0.09942,0.19468,162.10,1,0,+0.000,-11.000,-11.000,-0.02645,+3.693,+0.00000,0.00,+0.00000,1,+0.29223,+0.33787,0.01131,-4.758,0,205.4,0.0
18.185051,3,0,0.290907,0.290907,0.2750,+0.01591,0,1,1,+0.53593,-0.09942,0.19468,162.10,1,0,+0.000,-11.000,-11.000,-0.02647,+3.694,+0.00000,0.00,+0.00000,1,+0.29223,+0.33787,0.01131,-4.753,0,205.4,0.0
18.191433,3,0,0.290907,0.290907,0.2750,+0.01591,0,1,1,+0.53593,-0.09942,0.19468,162.10,1,0,+0.000,-11.000,-11.000,-0.02647,+3.694,+0.00000,0.00,+0.00000,1,+0.29223,+0.33787,0.01131,-4.753,0,205.4,0.0
18.196435,3,0,0.290907,0.290907,0.2750,+0.01591,0,1,1,+0.53593,-0.09942,0.19468,162.10,1,0,+0.000,-11.000,-11.000,-0.02640,+3.694,+0.00000,0.00,+0.00000,1,+0.29223,+0.33787,0.01131,-4.770,0,205.4,0.0
18.202041,3,0,0.290907,0.290907,0.2750,+0.01591,0,1,1,+0.53593,-0.09942,0.19468,162.10,1,0,+0.000,-11.000,-11.000,-0.02647,+3.695,+0.00000,0.00,+0.00000,1,+0.29223,+0.33787,0.01131,-4.753,0,205.4,0.0
18.207091,3,0,0.290907,0.290907,0.2750,+0.01591,0,1,1,+0.53593,-0.09942,0.19468,162.10,1,0,+0.000,-11.000,-11.000,-0.02647,+3.695,+0.00000,0.00,+0.00000,1,+0.29223,+0.33787,0.01131,-4.753,0,205.4,0.0
18.215100,3,0,0.290907,0.290907,0.2750,+0.01591,0,1,1,+0.53593,-0.09942,0.19468,162.10,1,0,+0.000,-11.000,-11.000,-0.02629,+3.696,+0.00000,0.00,+0.00000,1,+0.29223,+0.33787,0.01131,-4.795,0,205.4,0.0
18.223450,3,0,0.290907,0.290907,0.2750,+0.01591,0,1,1,+0.53593,-0.09942,0.19468,162.10,1,0,+0.000,-11.000,-11.000,-0.02634,+3.696,+0.00000,0.00,+0.00000,1,+0.29223,+0.33787,0.01131,-4.783,0,205.4,0.0
18.229738,3,0,0.290907,0.290907,0.2750,+0.01591,0,1,1,+0.53593,-0.09942,0.19468,162.10,1,0,+0.000,-11.000,-11.000,-0.02634,+3.696,+0.00000,0.00,+0.00000,1,+0.29223,+0.33787,0.01131,-4.783,0,205.4,0.0
18.234500,3,0,0.290907,0.290907,0.2750,+0.01591,0,1,1,+0.53593,-0.09942,0.19468,162.10,1,0,+0.000,-11.000,-11.000,-0.02643,+3.697,+0.00000,0.00,+0.00000,1,+0.29223,+0.33787,0.01131,-4.761,0,205.4,0.0
18.239645,3,0,0.290907,0.290907,0.2750,+0.01591,0,1,1,+0.53593,-0.09942,0.19468,162.10,1,0,+0.000,-11.000,-11.000,-0.02643,+3.697,+0.00000,0.00,+0.00000,1,+0.29223,+0.33787,0.01131,-4.761,0,205.4,0.0
18.244943,3,0,0.290907,0.290907,0.2750,+0.01591,0,1,1,+0.53593,-0.09942,0.19468,162.10,1,0,+0.000,-11.000,-11.000,-0.02643,+3.697,+0.00000,0.00,+0.00000,1,+0.29223,+0.33787,0.01131,-4.761,0,205.4,0.0
18.249945,3,0,0.290907,0.290907,0.2750,+0.01591,0,1,1,+0.53593,-0.09942,0.19468,162.10,1,0,+0.000,-11.000,-11.000,-0.02633,+3.698,+0.00000,0.00,+0.00000,1,+0.29223,+0.33787,0.01131,-4.786,0,205.4,0.0
18.256350,3,0,0.290907,0.290907,0.2750,+0.01591,0,1,1,+0.53593,-0.09942,0.19468,162.10,1,0,+0.000,-11.000,-11.000,-0.02633,+3.698,+0.00000,0.00,+0.00000,1,+0.29223,+0.33787,0.01131,-4.786,0,205.4,0.0
18.263059,3,0,0.290907,0.290907,0.2750,+0.01591,0,1,1,+0.53593,-0.09942,0.19468,162.10,1,0,+0.000,-11.000,-11.000,-0.02631,+3.699,+0.00000,0.00,+0.00000,1,+0.29223,+0.33787,0.01131,-4.789,0,205.4,0.0
18.270194,3,0,0.290907,0.290907,0.2750,+0.01591,0,1,1,+0.53593,-0.09942,0.19468,162.10,1,0,+0.000,-11.000,-11.000,-0.02637,+3.699,+0.00000,0.00,+0.00000,1,+0.29223,+0.33787,0.01131,-4.776,0,205.4,0.0
18.286633,3,0,0.290907,0.290907,0.2750,+0.01591,0,1,1,+0.53593,-0.09942,0.19468,162.10,1,0,+0.000,-11.000,-11.000,-0.02630,+3.700,+0.00000,0.00,+0.00000,1,+0.29223,+0.33787,0.01131,-4.792,0,205.4,0.0
18.291507,3,0,0.290907,0.290907,0.2750,+0.01591,0,1,1,+0.53593,-0.09942,0.19468,162.10,1,0,+0.000,-11.000,-11.000,-0.02630,+3.700,+0.00000,0.00,+0.00000,1,+0.29223,+0.33787,0.01131,-4.792,0,205.4,0.0
18.297104,3,0,0.290907,0.290907,0.2750,+0.01591,0,1,1,+0.53593,-0.09942,0.19468,162.10,1,0,+0.000,-11.000,-11.000,-0.02630,+3.700,+0.00000,0.00,+0.00000,1,+0.29223,+0.33787,0.01131,-4.792,0,205.4,0.0
18.351074,3,0,0.290907,0.290907,0.2750,+0.01591,0,1,1,+0.53593,-0.09942,0.19468,162.10,1,0,+0.000,-11.000,-11.000,-0.02483,+3.704,+0.00000,0.00,+0.00000,1,+0.29223,+0.33787,0.01131,-5.130,0,186.6,0.0
18.384877,3,0,0.290907,0.290907,0.2750,+0.01591,0,1,1,+0.53593,-0.09942,0.19468,162.10,1,0,+0.000,-11.000,-11.000,-0.02495,+3.704,+0.00000,0.00,+0.00000,1,+0.29223,+0.33787,0.01131,-5.101,0,186.6,0.0
18.496490,3,0,0.290907,0.290907,0.2750,+0.01591,0,1,1,+0.53593,-0.09942,0.19468,162.10,1,0,+0.000,-11.000,-11.000,-0.02369,+3.711,+0.00000,0.00,+0.00000,1,+0.29223,+0.33787,0.01131,-5.390,0,186.6,0.0
18.501308,3,0,0.290907,0.290907,0.2750,+0.01591,0,1,1,+0.53593,-0.09942,0.19468,162.10,1,0,+0.000,-11.000,-11.000,-0.02369,+3.711,+0.00000,0.00,+0.00000,1,+0.29223,+0.33787,0.01131,-5.390,0,186.6,0.0
18.508130,3,0,0.290907,0.290907,0.2750,+0.01591,0,1,1,+0.53593,-0.09942,0.19468,162.10,1,0,+0.000,-11.000,-11.000,-0.02387,+3.711,+0.00000,0.00,+0.00000,1,+0.29223,+0.33787,0.01131,-5.349,0,186.6,0.0
18.518869,3,0,0.290907,0.290907,0.2750,+0.01591,0,1,1,+0.53593,-0.09942,0.19468,162.10,1,0,+0.000,-11.000,-11.000,-0.02359,+3.712,+0.00000,0.00,+0.00000,1,+0.29223,+0.33787,0.01131,-5.413,0,186.6,0.0
18.523392,3,0,0.290907,0.290907,0.2750,+0.01591,0,1,1,+0.53593,-0.09942,0.19468,162.10,1,0,+0.000,-11.000,-11.000,-0.02359,+3.712,+0.00000,0.00,+0.00000,1,+0.29223,+0.33787,0.01131,-5.413,0,186.6,0.0
18.529539,3,0,0.290907,0.290907,0.2750,+0.01591,0,1,1,+0.53593,-0.09942,0.19468,162.10,1,0,+0.000,-11.000,-11.000,-0.02357,+3.712,+0.00000,0.00,+0.00000,1,+0.29223,+0.33787,0.01131,-5.418,0,186.6,0.0
18.534645,3,0,0.290907,0.290907,0.2750,+0.01591,0,1,1,+0.53593,-0.09942,0.19468,162.10,1,0,+0.000,-11.000,-11.000,-0.02382,+3.713,+0.00000,0.00,+0.00000,1,+0.29223,+0.33787,0.01131,-5.361,0,186.6,0.0
18.539370,3,0,0.290907,0.290907,0.2750,+0.01591,0,1,1,+0.53593,-0.09942,0.19468,162.10,1,0,+0.000,-11.000,-11.000,-0.02382,+3.713,+0.00000,0.00,+0.00000,1,+0.29223,+0.33787,0.01131,-5.361,0,186.6,0.0
18.543839,3,0,0.290907,0.290907,0.2750,+0.01591,0,1,1,+0.53593,-0.09942,0.19468,162.10,1,0,+0.000,-11.000,-11.000,-0.02388,+3.713,+0.00000,0.00,+0.00000,1,+0.29223,+0.33787,0.01131,-5.347,0,186.6,0.0
18.548570,3,0,0.290907,0.290907,0.2750,+0.01591,0,1,1,+0.53593,-0.09942,0.19468,162.10,1,0,+0.000,-11.000,-11.000,-0.02388,+3.713,+0.00000,0.00,+0.00000,1,+0.29223,+0.33787,0.01131,-5.347,0,186.6,0.0
18.553566,3,0,0.290907,0.290907,0.2750,+0.01591,0,1,1,+0.53593,-0.09942,0.19468,162.10,1,0,+0.000,-11.000,-11.000,-0.02393,+3.713,+0.00000,0.00,+0.00000,1,+0.29223,+0.33787,0.01131,-5.334,0,186.6,0.0
18.558868,3,0,0.290907,0.290907,0.2750,+0.01591,0,1,1,+0.53593,-0.09942,0.19468,162.10,1,0,+0.000,-11.000,-11.000,-0.02393,+3.713,+0.00000,0.00,+0.00000,1,+0.29223,+0.33787,0.01131,-5.334,0,186.6,0.0
18.563468,3,0,0.290907,0.290907,0.2750,+0.01591,0,1,1,+0.53593,-0.09942,0.19468,162.10,1,0,+0.000,-11.000,-11.000,-0.02391,+3.714,+0.00000,0.00,+0.00000,1,+0.29223,+0.33787,0.01131,-5.340,0,186.6,0.0
18.568402,3,0,0.290907,0.290907,0.2750,+0.01591,0,1,1,+0.53593,-0.09942,0.19468,162.10,1,0,+0.000,-11.000,-11.000,-0.02391,+3.714,+0.00000,0.00,+0.00000,1,+0.29223,+0.33787,0.01131,-5.340,0,186.6,0.0
18.572932,3,0,0.290907,0.290907,0.2750,+0.01591,0,1,1,+0.53593,-0.09942,0.19468,162.10,1,0,+0.000,-11.000,-11.000,-0.02403,+3.714,+0.00000,0.00,+0.00000,1,+0.29223,+0.33787,0.01131,-5.312,0,186.6,0.0
18.577500,3,0,0.290907,0.290907,0.2750,+0.01591,0,1,1,+0.53593,-0.09942,0.19468,162.10,1,0,+0.000,-11.000,-11.000,-0.02403,+3.714,+0.00000,0.00,+0.00000,1,+0.29223,+0.33787,0.01131,-5.312,0,186.6,0.0
18.582713,3,0,0.290907,0.290907,0.2750,+0.01591,0,1,1,+0.53593,-0.09942,0.19468,162.10,1,0,+0.000,-11.000,-11.000,-0.02404,+3.714,+0.00000,0.00,+0.00000,1,+0.29223,+0.33787,0.01131,-5.309,0,186.6,0.0
18.589067,3,0,0.290907,0.290907,0.2750,+0.01591,0,1,1,+0.53593,-0.09942,0.19468,162.10,1,0,+0.000,-11.000,-11.000,-0.02408,+3.714,+0.00000,0.00,+0.00000,1,+0.29223,+0.33787,0.01131,-5.300,0,186.6,0.0
18.594548,3,0,0.290907,0.290907,0.2750,+0.01591,0,1,1,+0.53593,-0.09942,0.19468,162.10,1,0,+0.000,-11.000,-11.000,-0.02408,+3.714,+0.00000,0.00,+0.00000,1,+0.29223,+0.33787,0.01131,-5.300,0,186.6,0.0
18.599935,3,0,0.290907,0.290907,0.2750,+0.01591,0,1,1,+0.53593,-0.09942,0.19468,162.10,1,0,+0.000,-11.000,-11.000,-0.02414,+3.715,+0.00000,0.00,+0.00000,1,+0.29223,+0.33787,0.01131,-5.286,0,186.6,0.0
18.608225,3,0,0.290907,0.290907,0.2750,+0.01591,0,1,1,+0.53593,-0.09942,0.19468,162.10,1,0,+0.000,-11.000,-11.000,-0.02414,+3.715,+0.00000,0.00,+0.00000,1,+0.29223,+0.33787,0.01131,-5.286,0,186.6,0.0
18.612762,3,0,0.290907,0.290907,0.2750,+0.01591,0,1,1,+0.53593,-0.09942,0.19468,162.10,1,0,+0.000,-11.000,-11.000,-0.02396,+3.715,+0.00000,0.00,+0.00000,1,+0.29223,+0.33787,0.01131,-5.329,0,186.6,0.0
18.617388,3,0,0.290907,0.290907,0.2750,+0.01591,0,1,1,+0.53593,-0.09942,0.19468,162.10,1,0,+0.000,-11.000,-11.000,-0.02424,+3.715,+0.00000,0.00,+0.00000,1,+0.29223,+0.33787,0.01131,-5.265,0,186.6,0.0
18.621925,3,0,0.290907,0.290907,0.2750,+0.01591,0,1,1,+0.53593,-0.09942,0.19468,162.10,1,0,+0.000,-11.000,-11.000,-0.02424,+3.715,+0.00000,0.00,+0.00000,1,+0.29223,+0.33787,0.01131,-5.265,0,186.6,0.0
18.626564,3,0,0.290907,0.290907,0.2750,+0.01591,0,1,1,+0.53593,-0.09942,0.19468,162.10,1,0,+0.000,-11.000,-11.000,-0.02427,+3.716,+0.00000,0.00,+0.00000,1,+0.29223,+0.33787,0.01131,-5.258,0,186.6,0.0
18.631294,3,0,0.290907,0.290907,0.2750,+0.01591,0,1,1,+0.53593,-0.09942,0.19468,162.10,1,0,+0.000,-11.000,-11.000,-0.02427,+3.716,+0.00000,0.00,+0.00000,1,+0.29223,+0.33787,0.01131,-5.258,0,186.6,0.0
18.636660,3,0,0.290907,0.290907,0.2750,+0.01591,0,1,1,+0.53593,-0.09942,0.19468,162.10,1,0,+0.000,-11.000,-11.000,-0.02432,+3.716,+0.00000,0.00,+0.00000,1,+0.29223,+0.33787,0.01131,-5.245,0,186.6,0.0
18.641237,3,0,0.290907,0.290907,0.2750,+0.01591,0,1,1,+0.53593,-0.09942,0.19468,162.10,1,0,+0.000,-11.000,-11.000,-0.02442,+3.716,+0.00000,0.00,+0.00000,1,+0.29223,+0.33787,0.01131,-5.222,0,186.6,0.0
18.645912,3,0,0.290907,0.290907,0.2750,+0.01591,0,1,1,+0.53593,-0.09942,0.19468,162.10,1,0,+0.000,-11.000,-11.000,-0.02442,+3.716,+0.00000,0.00,+0.00000,1,+0.29223,+0.33787,0.01131,-5.222,0,186.6,0.0
18.650222,3,0,0.290907,0.290907,0.2750,+0.01591,0,1,1,+0.53593,-0.09942,0.19468,162.10,1,0,+0.000,-11.000,-11.000,-0.02451,+3.716,+0.00000,0.00,+0.00000,1,+0.29223,+0.33787,0.01131,-5.203,0,186.6,0.0
18.654674,3,0,0.290907,0.290907,0.2750,+0.01591,0,1,1,+0.53593,-0.09942,0.19468,162.10,1,0,+0.000,-11.000,-11.000,-0.02451,+3.716,+0.00000,0.00,+0.00000,1,+0.29223,+0.33787,0.01131,-5.203,0,186.6,0.0
18.659316,3,0,0.290907,0.290907,0.2750,+0.01591,0,1,1,+0.53593,-0.09942,0.19468,162.10,1,0,+0.000,-11.000,-11.000,-0.02458,+3.716,+0.00000,0.00,+0.00000,1,+0.29223,+0.33787,0.01131,-5.187,0,186.6,0.0
18.663768,3,0,0.290907,0.290907,0.2750,+0.01591,0,1,1,+0.53593,-0.09942,0.19468,162.10,1,0,+0.000,-11.000,-11.000,-0.02458,+3.716,+0.00000,0.00,+0.00000,1,+0.29223,+0.33787,0.01131,-5.187,0,186.6,0.0
18.668096,3,0,0.290907,0.290907,0.2750,+0.01591,0,1,1,+0.53593,-0.09942,0.19468,162.10,1,0,+0.000,-11.000,-11.000,-0.02456,+3.717,+0.00000,0.00,+0.00000,1,+0.29223,+0.33787,0.01131,-5.191,0,186.6,0.0
18.672779,3,0,0.290907,0.290907,0.2750,+0.01591,0,1,1,+0.53593,-0.09942,0.19468,162.10,1,0,+0.000,-11.000,-11.000,-0.02456,+3.717,+0.00000,0.00,+0.00000,1,+0.29223,+0.33787,0.01131,-5.191,0,186.6,0.0
18.677375,3,0,0.290907,0.290907,0.2750,+0.01591,0,1,1,+0.53593,-0.09942,0.19468,162.10,1,0,+0.000,-11.000,-11.000,-0.02462,+3.717,+0.00000,0.00,+0.00000,1,+0.29223,+0.33787,0.01131,-5.178,0,186.6,0.0
18.682465,3,0,0.290907,0.290907,0.2750,+0.01591,0,1,1,+0.53593,-0.09942,0.19468,162.10,1,0,+0.000,-11.000,-11.000,-0.02469,+3.717,+0.00000,0.00,+0.00000,1,+0.29223,+0.33787,0.01131,-5.162,0,186.6,0.0
18.687147,3,0,0.290907,0.290907,0.2750,+0.01591,0,1,1,+0.53593,-0.09942,0.19468,162.10,1,0,+0.000,-11.000,-11.000,-0.02469,+3.717,+0.00000,0.00,+0.00000,1,+0.29223,+0.33787,0.01131,-5.162,0,186.6,0.0
18.691987,3,0,0.290907,0.290907,0.2750,+0.01591,0,1,1,+0.53593,-0.09942,0.19468,162.10,1,0,+0.000,-11.000,-11.000,-0.02469,+3.717,+0.00000,0.00,+0.00000,1,+0.29223,+0.33787,0.01131,-5.162,0,186.6,0.0
18.696682,3,0,0.290907,0.290907,0.2750,+0.01591,0,1,1,+0.53593,-0.09942,0.19468,162.10,1,0,+0.000,-11.000,-11.000,-0.02466,+3.717,+0.00000,0.00,+0.00000,1,+0.29223,+0.33787,0.01131,-5.167,0,186.6,0.0
18.701260,3,0,0.290907,0.290907,0.2750,+0.01591,0,1,1,+0.53593,-0.09942,0.19468,162.10,1,0,+0.000,-11.000,-11.000,-0.02475,+3.718,+0.00000,0.00,+0.00000,1,+0.29223,+0.33787,0.01131,-5.147,0,186.6,0.0
18.705870,3,0,0.290907,0.290907,0.2750,+0.01591,0,1,1,+0.53593,-0.09942,0.19468,162.10,1,0,+0.000,-11.000,-11.000,-0.02475,+3.718,+0.00000,0.00,+0.00000,1,+0.29223,+0.33787,0.01131,-5.147,0,186.6,0.0
18.710451,3,0,0.290907,0.290907,0.2750,+0.01591,0,1,1,+0.53593,-0.09942,0.19468,162.10,1,0,+0.000,-11.000,-11.000,-0.02475,+3.718,+0.00000,0.00,+0.00000,1,+0.29223,+0.33787,0.01131,-5.148,0,186.6,0.0
18.715099,3,0,0.290907,0.290907,0.2750,+0.01591,0,1,1,+0.53593,-0.09942,0.19468,162.10,1,0,+0.000,-11.000,-11.000,-0.02475,+3.718,+0.00000,0.00,+0.00000,1,+0.29223,+0.33787,0.01131,-5.148,0,186.6,0.0
18.719623,3,0,0.290907,0.290907,0.2750,+0.01591,0,1,1,+0.53593,-0.09942,0.19468,162.10,1,0,+0.000,-11.000,-11.000,-0.02482,+3.718,+0.00000,0.00,+0.00000,1,+0.29223,+0.33787,0.01131,-5.132,0,186.6,0.0
18.724257,3,0,0.290907,0.290907,0.2750,+0.01591,0,1,1,+0.53593,-0.09942,0.19468,162.10,1,0,+0.000,-11.000,-11.000,-0.02482,+3.718,+0.00000,0.00,+0.00000,1,+0.29223,+0.33787,0.01131,-5.132,0,186.6,0.0
18.728850,3,0,0.290907,0.290907,0.2750,+0.01591,0,1,1,+0.53593,-0.09942,0.19468,162.10,1,0,+0.000,-11.000,-11.000,-0.02488,+3.718,+0.00000,0.00,+0.00000,1,+0.29223,+0.33787,0.01131,-5.118,0,186.6,0.0
18.733798,3,0,0.290907,0.290907,0.2750,+0.01591,0,1,1,+0.53593,-0.09942,0.19468,162.10,1,0,+0.000,-11.000,-11.000,-0.02488,+3.718,+0.00000,0.00,+0.00000,1,+0.29223,+0.33787,0.01131,-5.118,0,186.6,0.0
18.738343,3,0,0.290907,0.290907,0.2750,+0.01591,0,1,1,+0.53593,-0.09942,0.19468,162.10,1,0,+0.000,-11.000,-11.000,-0.02481,+3.718,+0.00000,0.00,+0.00000,1,+0.29223,+0.33787,0.01131,-5.134,0,186.6,0.0
18.743224,3,0,0.290907,0.290907,0.2750,+0.01591,0,1,1,+0.53593,-0.09942,0.19468,162.10,1,0,+0.000,-11.000,-11.000,-0.02481,+3.718,+0.00000,0.00,+0.00000,1,+0.29223,+0.33787,0.01131,-5.134,0,186.6,0.0
18.747784,3,0,0.290907,0.290907,0.2750,+0.01591,0,1,1,+0.53593,-0.09942,0.19468,162.10,1,0,+0.000,-11.000,-11.000,-0.02486,+3.719,+0.00000,0.00,+0.00000,1,+0.29223,+0.33787,0.01131,-5.121,0,186.6,0.0
18.752410,3,0,0.290907,0.290907,0.2750,+0.01591,0,1,1,+0.53593,-0.09942,0.19468,162.10,1,0,+0.000,-11.000,-11.000,-0.02486,+3.719,+0.00000,0.00,+0.00000,1,+0.29223,+0.33787,0.01131,-5.121,0,186.6,0.0
18.757062,3,0,0.290907,0.290907,0.2750,+0.01591,0,1,1,+0.53593,-0.09942,0.19468,162.10,1,0,+0.000,-11.000,-11.000,-0.02495,+3.719,+0.00000,0.00,+0.00000,1,+0.29223,+0.33787,0.01131,-5.101,0,186.6,0.0
18.761765,3,0,0.290907,0.290907,0.2750,+0.01591,0,1,1,+0.53593,-0.09942,0.19468,162.10,1,0,+0.000,-11.000,-11.000,-0.02495,+3.719,+0.00000,0.00,+0.00000,1,+0.29223,+0.33787,0.01131,-5.101,0,186.6,0.0
18.766039,3,0,0.290907,0.290907,0.2750,+0.01591,0,1,1,+0.53593,-0.09942,0.19468,162.10,1,0,+0.000,-11.000,-11.000,-0.02496,+3.719,+0.00000,0.00,+0.00000,1,+0.29223,+0.33787,0.01131,-5.099,0,186.6,0.0
18.770957,3,0,0.290907,0.290907,0.2750,+0.01591,0,1,1,+0.53593,-0.09942,0.19468,162.10,1,0,+0.000,-11.000,-11.000,-0.02496,+3.719,+0.00000,0.00,+0.00000,1,+0.29223,+0.33787,0.01131,-5.099,0,186.6,0.0
18.775679,3,0,0.290907,0.290907,0.2750,+0.01591,0,1,1,+0.53593,-0.09942,0.19468,162.10,1,0,+0.000,-11.000,-11.000,-0.02496,+3.719,+0.00000,0.00,+0.00000,1,+0.29223,+0.33787,0.01131,-5.099,0,186.6,0.0
18.780244,3,0,0.290907,0.290907,0.2750,+0.01591,0,1,1,+0.53593,-0.09942,0.19468,162.10,1,0,+0.000,-11.000,-11.000,-0.02496,+3.719,+0.00000,0.00,+0.00000,1,+0.29223,+0.33787,0.01131,-5.099,0,186.6,0.0
18.785588,3,0,0.290907,0.290907,0.2750,+0.01591,0,1,1,+0.53593,-0.09942,0.19468,162.10,1,0,+0.000,-11.000,-11.000,-0.02500,+3.719,+0.00000,0.00,+0.00000,1,+0.29223,+0.33787,0.01131,-5.091,0,186.6,0.0
18.790426,3,0,0.290907,0.290907,0.2750,+0.01591,0,1,1,+0.53593,-0.09942,0.19468,162.10,1,0,+0.000,-11.000,-11.000,-0.02503,+3.720,+0.00000,0.00,+0.00000,1,+0.29223,+0.33787,0.01131,-5.083,0,186.6,0.0
18.794762,3,0,0.290907,0.290907,0.2750,+0.01591,0,1,1,+0.53593,-0.09942,0.19468,162.10,1,0,+0.000,-11.000,-11.000,-0.02503,+3.720,+0.00000,0.00,+0.00000,1,+0.29223,+0.33787,0.01131,-5.083,0,186.6,0.0
18.799339,3,0,0.290907,0.290907,0.2750,+0.01591,0,1,1,+0.53593,-0.09942,0.19468,162.10,1,0,+0.000,-11.000,-11.000,-0.02507,+3.720,+0.00000,0.00,+0.00000,1,+0.29223,+0.33787,0.01131,-5.073,0,186.6,0.0
18.803921,3,0,0.290907,0.290907,0.2750,+0.01591,0,1,1,+0.53593,-0.09942,0.19468,162.10,1,0,+0.000,-11.000,-11.000,-0.02507,+3.720,+0.00000,0.00,+0.00000,1,+0.29223,+0.33787,0.01131,-5.073,0,186.6,0.0
18.808695,3,0,0.290907,0.290907,0.2750,+0.01591,0,1,1,+0.53593,-0.09942,0.19468,162.10,1,0,+0.000,-11.000,-11.000,-0.02513,+3.720,+0.00000,0.00,+0.00000,1,+0.29223,+0.33787,0.01131,-5.060,0,186.6,0.0
18.813170,3,0,0.290907,0.290907,0.2750,+0.01591,0,1,1,+0.53593,-0.09942,0.19468,162.10,1,0,+0.000,-11.000,-11.000,-0.02513,+3.720,+0.00000,0.00,+0.00000,1,+0.29223,+0.33787,0.01131,-5.060,0,186.6,0.0
18.818280,3,0,0.290907,0.290907,0.2750,+0.01591,0,1,1,+0.53593,-0.09942,0.19468,162.10,1,0,+0.000,-11.000,-11.000,-0.02523,+3.720,+0.00000,0.00,+0.00000,1,+0.29223,+0.33787,0.01131,-5.038,0,186.6,0.0
18.822896,3,0,0.290907,0.290907,0.2750,+0.01591,0,1,1,+0.53593,-0.09942,0.19468,162.10,1,0,+0.000,-11.000,-11.000,-0.02523,+3.720,+0.00000,0.00,+0.00000,1,+0.29223,+0.33787,0.01131,-5.038,0,186.6,0.0
18.827649,3,0,0.290907,0.290907,0.2750,+0.01591,0,1,1,+0.53593,-0.09942,0.19468,162.10,1,0,+0.000,-11.000,-11.000,-0.02517,+3.720,+0.00000,0.00,+0.00000,1,+0.29223,+0.33787,0.01131,-5.051,0,186.6,0.0
18.832686,3,0,0.290907,0.290907,0.2750,+0.01591,0,1,1,+0.53593,-0.09942,0.19468,162.10,1,0,+0.000,-11.000,-11.000,-0.02529,+3.720,+0.00000,0.00,+0.00000,1,+0.29223,+0.33787,0.01131,-5.023,0,186.6,0.0
18.837930,3,0,0.290907,0.290907,0.2750,+0.01591,0,1,1,+0.53593,-0.09942,0.19468,162.10,1,0,+0.000,-11.000,-11.000,-0.02529,+3.720,+0.00000,0.00,+0.00000,1,+0.29223,+0.33787,0.01131,-5.023,0,186.6,0.0
18.842284,3,0,0.290907,0.290907,0.2750,+0.01591,0,1,1,+0.53593,-0.09942,0.19468,162.10,1,0,+0.000,-11.000,-11.000,-0.02526,+3.720,+0.00000,0.00,+0.00000,1,+0.29223,+0.33787,0.01131,-5.030,0,186.6,0.0
18.846924,3,0,0.290907,0.290907,0.2750,+0.01591,0,1,1,+0.53593,-0.09942,0.19468,162.10,1,0,+0.000,-11.000,-11.000,-0.02526,+3.720,+0.00000,0.00,+0.00000,1,+0.29223,+0.33787,0.01131,-5.030,0,186.6,0.0
18.851355,3,0,0.290907,0.290907,0.2750,+0.01591,0,1,1,+0.53593,-0.09942,0.19468,162.10,1,0,+0.000,-11.000,-11.000,-0.02539,+3.720,+0.00000,0.00,+0.00000,1,+0.29223,+0.33787,0.01131,-5.002,0,186.6,0.0
18.856245,3,0,0.290907,0.290907,0.2750,+0.01591,0,1,1,+0.53593,-0.09942,0.19468,162.10,1,0,+0.000,-11.000,-11.000,-0.02539,+3.720,+0.00000,0.00,+0.00000,1,+0.29223,+0.33787,0.01131,-5.002,0,186.6,0.0
18.861060,3,0,0.290907,0.290907,0.2750,+0.01591,0,1,1,+0.53593,-0.09942,0.19468,162.10,1,0,+0.000,-11.000,-11.000,-0.02537,+3.721,+0.00000,0.00,+0.00000,1,+0.29223,+0.33787,0.01131,-5.005,0,186.6,0.0
18.865813,3,0,0.290907,0.290907,0.2750,+0.01591,0,1,1,+0.53593,-0.09942,0.19468,162.10,1,0,+0.000,-11.000,-11.000,-0.02537,+3.721,+0.00000,0.00,+0.00000,1,+0.29223,+0.33787,0.01131,-5.005,0,186.6,0.0
18.870447,3,0,0.290907,0.290907,0.2750,+0.01591,0,1,1,+0.53593,-0.09942,0.19468,162.10,1,0,+0.000,-11.000,-11.000,-0.02539,+3.721,+0.00000,0.00,+0.00000,1,+0.29223,+0.33787,0.01131,-5.000,0,186.6,0.0
18.875132,3,0,0.290907,0.290907,0.2750,+0.01591,0,1,1,+0.53593,-0.09942,0.19468,162.10,1,0,+0.000,-11.000,-11.000,-0.02545,+3.721,+0.00000,0.00,+0.00000,1,+0.29223,+0.33787,0.01131,-4.986,0,186.6,0.0
18.879706,3,0,0.290907,0.290907,0.2750,+0.01591,0,1,1,+0.53593,-0.09942,0.19468,162.10,1,0,+0.000,-11.000,-11.000,-0.02545,+3.721,+0.00000,0.00,+0.00000,1,+0.29223,+0.33787,0.01131,-4.986,0,186.6,0.0
18.884132,3,0,0.290907,0.290907,0.2750,+0.01591,0,1,1,+0.53593,-0.09942,0.19468,162.10,1,0,+0.000,-11.000,-11.000,-0.02553,+3.721,+0.00000,0.00,+0.00000,1,+0.29223,+0.33787,0.01131,-4.969,0,186.6,0.0
18.888690,3,0,0.290907,0.290907,0.2750,+0.01591,0,1,1,+0.53593,-0.09942,0.19468,162.10,1,0,+0.000,-11.000,-11.000,-0.02553,+3.721,+0.00000,0.00,+0.00000,1,+0.29223,+0.33787,0.01131,-4.969,0,186.6,0.0
18.892945,3,0,0.290907,0.290907,0.2750,+0.01591,0,1,1,+0.53593,-0.09942,0.19468,162.10,1,0,+0.000,-11.000,-11.000,-0.02549,+3.721,+0.00000,0.00,+0.00000,1,+0.29223,+0.33787,0.01131,-4.979,0,186.6,0.0
18.897617,3,0,0.290907,0.290907,0.2750,+0.01591,0,1,1,+0.53593,-0.09942,0.19468,162.10,1,0,+0.000,-11.000,-11.000,-0.02549,+3.721,+0.00000,0.00,+0.00000,1,+0.29223,+0.33787,0.01131,-4.979,0,186.6,0.0
18.901946,3,0,0.290907,0.290907,0.2750,+0.01591,0,1,1,+0.53593,-0.09942,0.19468,162.10,1,0,+0.000,-11.000,-11.000,-0.02552,+3.721,+0.00000,0.00,+0.00000,1,+0.29223,+0.33787,0.01131,-4.970,0,186.6,0.0
18.906627,3,0,0.290907,0.290907,0.2750,+0.01591,0,1,1,+0.53593,-0.09942,0.19468,162.10,1,0,+0.000,-11.000,-11.000,-0.02552,+3.721,+0.00000,0.00,+0.00000,1,+0.29223,+0.33787,0.01131,-4.970,0,186.6,0.0
18.911183,3,0,0.290907,0.290907,0.2750,+0.01591,0,1,1,+0.53593,-0.09942,0.19468,162.10,1,0,+0.000,-11.000,-11.000,-0.02558,+3.721,+0.00000,0.00,+0.00000,1,+0.29223,+0.33787,0.01131,-4.958,0,186.6,0.0
18.915416,3,0,0.290907,0.290907,0.2750,+0.01591,0,1,1,+0.53593,-0.09942,0.19468,162.10,1,0,+0.000,-11.000,-11.000,-0.02558,+3.721,+0.00000,0.00,+0.00000,1,+0.29223,+0.33787,0.01131,-4.958,0,186.6,0.0
18.920022,3,0,0.290907,0.290907,0.2750,+0.01591,0,1,1,+0.53593,-0.09942,0.19468,162.10,1,0,+0.000,-11.000,-11.000,-0.02564,+3.721,+0.00000,0.00,+0.00000,1,+0.29223,+0.33787,0.01131,-4.942,0,186.6,0.0
18.924594,3,0,0.290907,0.290907,0.2750,+0.01591,0,1,1,+0.53593,-0.09942,0.19468,162.10,1,0,+0.000,-11.000,-11.000,-0.02564,+3.721,+0.00000,0.00,+0.00000,1,+0.29223,+0.33787,0.01131,-4.942,0,186.6,0.0
18.929424,3,0,0.290907,0.290907,0.2750,+0.01591,0,1,1,+0.53593,-0.09942,0.19468,162.10,1,0,+0.000,-11.000,-11.000,-0.02564,+3.721,+0.00000,0.00,+0.00000,1,+0.29223,+0.33787,0.01131,-4.942,0,186.6,0.0
18.934001,3,0,0.290907,0.290907,0.2750,+0.01591,0,1,1,+0.53593,-0.09942,0.19468,162.10,1,0,+0.000,-11.000,-11.000,-0.02564,+3.721,+0.00000,0.00,+0.00000,1,+0.29223,+0.33787,0.01131,-4.942,0,186.6,0.0
18.939055,3,0,0.290907,0.290907,0.2750,+0.01591,0,1,1,+0.53593,-0.09942,0.19468,162.10,1,0,+0.000,-11.000,-11.000,-0.02567,+3.722,+0.00000,0.00,+0.00000,1,+0.29223,+0.33787,0.01131,-4.936,0,186.6,0.0
18.943918,3,0,0.290907,0.290907,0.2750,+0.01591,0,1,1,+0.53593,-0.09942,0.19468,162.10,1,0,+0.000,-11.000,-11.000,-0.02574,+3.722,+0.00000,0.00,+0.00000,1,+0.29223,+0.33787,0.01131,-4.921,0,186.6,0.0
18.948467,3,0,0.290907,0.290907,0.2750,+0.01591,0,1,1,+0.53593,-0.09942,0.19468,162.10,1,0,+0.000,-11.000,-11.000,-0.02574,+3.722,+0.00000,0.00,+0.00000,1,+0.29223,+0.33787,0.01131,-4.921,0,186.6,0.0
18.952994,3,0,0.290907,0.290907,0.2750,+0.01591,0,1,1,+0.53593,-0.09942,0.19468,162.10,1,0,+0.000,-11.000,-11.000,-0.02575,+3.722,+0.00000,0.00,+0.00000,1,+0.29223,+0.33787,0.01131,-4.918,0,186.6,0.0
18.957526,3,0,0.290907,0.290907,0.2750,+0.01591,0,1,1,+0.53593,-0.09942,0.19468,162.10,1,0,+0.000,-11.000,-11.000,-0.02575,+3.722,+0.00000,0.00,+0.00000,1,+0.29223,+0.33787,0.01131,-4.918,0,186.6,0.0
18.962083,3,0,0.290907,0.290907,0.2750,+0.01591,0,1,1,+0.53593,-0.09942,0.19468,162.10,1,0,+0.000,-11.000,-11.000,-0.02583,+3.722,+0.00000,0.00,+0.00000,1,+0.29223,+0.33787,0.01131,-4.901,0,186.6,0.0
18.966712,3,0,0.290907,0.290907,0.2750,+0.01591,0,1,1,+0.53593,-0.09942,0.19468,162.10,1,0,+0.000,-11.000,-11.000,-0.02583,+3.722,+0.00000,0.00,+0.00000,1,+0.29223,+0.33787,0.01131,-4.901,0,186.6,0.0
18.971246,3,0,0.290907,0.290907,0.2750,+0.01591,0,1,1,+0.53593,-0.09942,0.19468,162.10,1,0,+0.000,-11.000,-11.000,-0.02583,+3.722,+0.00000,0.00,+0.00000,1,+0.29223,+0.33787,0.01131,-4.901,0,186.6,0.0
18.975890,3,0,0.290907,0.290907,0.2750,+0.01591,0,1,1,+0.53593,-0.09942,0.19468,162.10,1,0,+0.000,-11.000,-11.000,-0.02589,+3.722,+0.00000,0.00,+0.00000,1,+0.29223,+0.33787,0.01131,-4.886,0,186.6,0.0
18.980417,3,0,0.290907,0.290907,0.2750,+0.01591,0,1,1,+0.53593,-0.09942,0.19468,162.10,1,0,+0.000,-11.000,-11.000,-0.02589,+3.722,+0.00000,0.00,+0.00000,1,+0.29223,+0.33787,0.01131,-4.886,0,186.6,0.0
18.985158,3,0,0.290907,0.290907,0.2750,+0.01591,0,1,1,+0.53593,-0.09942,0.19468,162.10,1,0,+0.000,-11.000,-11.000,-0.02589,+3.722,+0.00000,0.00,+0.00000,1,+0.29223,+0.33787,0.01131,-4.886,0,186.6,0.0
18.989806,3,0,0.290907,0.290907,0.2750,+0.01591,0,1,1,+0.53593,-0.09942,0.19468,162.10,1,0,+0.000,-11.000,-11.000,-0.02589,+3.722,+0.00000,0.00,+0.00000,1,+0.29223,+0.33787,0.01131,-4.887,0,186.6,0.0
18.994445,3,0,0.290907,0.290907,0.2750,+0.01591,0,1,1,+0.53593,-0.09942,0.19468,162.10,1,0,+0.000,-11.000,-11.000,-0.02589,+3.722,+0.00000,0.00,+0.00000,1,+0.29223,+0.33787,0.01131,-4.887,0,186.6,0.0
18.999008,3,0,0.290907,0.290907,0.2750,+0.01591,0,1,1,+0.53593,-0.09942,0.19468,162.10,1,0,+0.000,-11.000,-11.000,-0.02583,+3.722,+0.00000,0.00,+0.00000,1,+0.29223,+0.33787,0.01131,-4.900,0,186.6,0.0
19.003607,3,0,0.290907,0.290907,0.2750,+0.01591,0,1,1,+0.53593,-0.09942,0.19468,162.10,1,0,+0.000,-11.000,-11.000,-0.02583,+3.722,+0.00000,0.00,+0.00000,1,+0.29223,+0.33787,0.01131,-4.900,0,186.6,0.0
19.008148,3,0,0.290907,0.290907,0.2750,+0.01591,0,1,1,+0.53593,-0.09942,0.19468,162.10,1,0,+0.000,-11.000,-11.000,-0.02581,+3.722,+0.00000,0.00,+0.00000,1,+0.29223,+0.33787,0.01131,-4.905,0,186.6,0.0
19.013238,3,0,0.290907,0.290907,0.2750,+0.01591,0,1,1,+0.53593,-0.09942,0.19468,162.10,1,0,+0.000,-11.000,-11.000,-0.02586,+3.722,+0.00000,0.00,+0.00000,1,+0.29223,+0.33787,0.01131,-4.892,0,186.6,0.0
19.017543,3,0,0.290907,0.290907,0.2750,+0.01591,0,1,1,+0.53593,-0.09942,0.19468,162.10,1,0,+0.000,-11.000,-11.000,-0.02586,+3.722,+0.00000,0.00,+0.00000,1,+0.29223,+0.33787,0.01131,-4.892,0,186.6,0.0
19.022182,3,0,0.290907,0.290907,0.2750,+0.01591,0,1,1,+0.53593,-0.09942,0.19468,162.10,1,0,+0.000,-11.000,-11.000,-0.02591,+3.722,+0.00000,0.00,+0.00000,1,+0.29223,+0.33787,0.01131,-4.882,0,186.6,0.0
19.026921,3,0,0.290907,0.290907,0.2750,+0.01591,0,1,1,+0.53593,-0.09942,0.19468,162.10,1,0,+0.000,-11.000,-11.000,-0.02591,+3.722,+0.00000,0.00,+0.00000,1,+0.29223,+0.33787,0.01131,-4.882,0,186.6,0.0
19.031687,3,0,0.290907,0.290907,0.2750,+0.01591,0,1,1,+0.53593,-0.09942,0.19468,162.10,1,0,+0.000,-11.000,-11.000,-0.02588,+3.723,+0.00000,0.00,+0.00000,1,+0.29223,+0.33787,0.01131,-4.888,0,186.6,0.0
19.036351,3,0,0.290907,0.290907,0.2750,+0.01591,0,1,1,+0.53593,-0.09942,0.19468,162.10,1,0,+0.000,-11.000,-11.000,-0.02588,+3.723,+0.00000,0.00,+0.00000,1,+0.29223,+0.33787,0.01131,-4.888,0,186.6,0.0
19.040952,3,0,0.290907,0.290907,0.2750,+0.01591,0,1,1,+0.53593,-0.09942,0.19468,162.10,1,0,+0.000,-11.000,-11.000,-0.02586,+3.723,+0.00000,0.00,+0.00000,1,+0.29223,+0.33787,0.01131,-4.893,0,186.6,0.0
19.045401,3,0,0.290907,0.290907,0.2750,+0.01591,0,1,1,+0.53593,-0.09942,0.19468,162.10,1,0,+0.000,-11.000,-11.000,-0.02586,+3.723,+0.00000,0.00,+0.00000,1,+0.29223,+0.33787,0.01131,-4.893,0,186.6,0.0
19.049967,3,0,0.290907,0.290907,0.2750,+0.01591,0,1,1,+0.53593,-0.09942,0.19468,162.10,1,0,+0.000,-11.000,-11.000,-0.02589,+3.723,+0.00000,0.00,+0.00000,1,+0.29223,+0.33787,0.01131,-4.887,0,186.6,0.0
19.054253,3,0,0.290907,0.290907,0.2750,+0.01591,0,1,1,+0.53593,-0.09942,0.19468,162.10,1,0,+0.000,-11.000,-11.000,-0.02589,+3.723,+0.00000,0.00,+0.00000,1,+0.29223,+0.33787,0.01131,-4.887,0,186.6,0.0
19.058936,3,0,0.290907,0.290907,0.2750,+0.01591,0,1,1,+0.53593,-0.09942,0.19468,162.10,1,0,+0.000,-11.000,-11.000,-0.02600,+3.723,+0.00000,0.00,+0.00000,1,+0.29223,+0.33787,0.01131,-4.861,0,186.6,0.0
19.063360,3,0,0.290907,0.290907,0.2750,+0.01591,0,1,1,+0.53593,-0.09942,0.19468,162.10,1,0,+0.000,-11.000,-11.000,-0.02600,+3.723,+0.00000,0.00,+0.00000,1,+0.29223,+0.33787,0.01131,-4.861,0,186.6,0.0
19.067880,3,0,0.290907,0.290907,0.2750,+0.01591,0,1,1,+0.53593,-0.09942,0.19468,162.10,1,0,+0.000,-11.000,-11.000,-0.02602,+3.723,+0.00000,0.00,+0.00000,1,+0.29223,+0.33787,0.01131,-4.857,0,186.6,0.0
19.072520,3,0,0.290907,0.290907,0.2750,+0.01591,0,1,1,+0.53593,-0.09942,0.19468,162.10,1,0,+0.000,-11.000,-11.000,-0.02608,+3.723,+0.00000,0.00,+0.00000,1,+0.29223,+0.33787,0.01131,-4.842,0,186.6,0.0
19.077261,3,0,0.290907,0.290907,0.2750,+0.01591,0,1,1,+0.53593,-0.09942,0.19468,162.10,1,0,+0.000,-11.000,-11.000,-0.02608,+3.723,+0.00000,0.00,+0.00000,1,+0.29223,+0.33787,0.01131,-4.842,0,186.6,0.0
19.081805,3,0,0.290907,0.290907,0.2750,+0.01591,0,1,1,+0.53593,-0.09942,0.19468,162.10,1,0,+0.000,-11.000,-11.000,-0.02605,+3.723,+0.00000,0.00,+0.00000,1,+0.29223,+0.33787,0.01131,-4.850,0,186.6,0.0
19.086152,3,0,0.290907,0.290907,0.2750,+0.01591,0,1,1,+0.53593,-0.09942,0.19468,162.10,1,0,+0.000,-11.000,-11.000,-0.02605,+3.723,+0.00000,0.00,+0.00000,1,+0.29223,+0.33787,0.01131,-4.850,0,186.6,0.0
19.090897,3,0,0.290907,0.290907,0.2750,+0.01591,0,1,1,+0.53593,-0.09942,0.19468,162.10,1,0,+0.000,-11.000,-11.000,-0.02605,+3.723,+0.00000,0.00,+0.00000,1,+0.29223,+0.33787,0.01131,-4.850,0,186.6,0.0
19.095404,3,0,0.290907,0.290907,0.2750,+0.01591,0,1,1,+0.53593,-0.09942,0.19468,162.10,1,0,+0.000,-11.000,-11.000,-0.02605,+3.723,+0.00000,0.00,+0.00000,1,+0.29223,+0.33787,0.01131,-4.850,0,186.6,0.0
19.100084,3,0,0.290907,0.290907,0.2750,+0.01591,0,1,1,+0.53593,-0.09942,0.19468,162.10,1,0,+0.000,-11.000,-11.000,-0.02616,+3.723,+0.00000,0.00,+0.00000,1,+0.29223,+0.33787,0.01131,-4.823,0,186.6,0.0
19.104714,3,0,0.290907,0.290907,0.2750,+0.01591,0,1,1,+0.53593,-0.09942,0.19468,162.10,1,0,+0.000,-11.000,-11.000,-0.02616,+3.723,+0.00000,0.00,+0.00000,1,+0.29223,+0.33787,0.01131,-4.823,0,186.6,0.0
19.109241,3,0,0.290907,0.290907,0.2750,+0.01591,0,1,1,+0.53593,-0.09942,0.19468,162.10,1,0,+0.000,-11.000,-11.000,-0.02615,+3.723,+0.00000,0.00,+0.00000,1,+0.29223,+0.33787,0.01131,-4.826,0,186.6,0.0
19.113832,3,0,0.290907,0.290907,0.2750,+0.01591,0,1,1,+0.53593,-0.09942,0.19468,162.10,1,0,+0.000,-11.000,-11.000,-0.02615,+3.723,+0.00000,0.00,+0.00000,1,+0.29223,+0.33787,0.01131,-4.826,0,186.6,0.0
19.119023,3,0,0.290907,0.290907,0.2750,+0.01591,0,1,1,+0.53593,-0.09942,0.19468,162.10,1,0,+0.000,-11.000,-11.000,-0.02621,+3.723,+0.00000,0.00,+0.00000,1,+0.29223,+0.33787,0.01131,-4.813,0,186.6,0.0
19.123701,3,0,0.290907,0.290907,0.2750,+0.01591,0,1,1,+0.53593,-0.09942,0.19468,162.10,1,0,+0.000,-11.000,-11.000,-0.02621,+3.723,+0.00000,0.00,+0.00000,1,+0.29223,+0.33787,0.01131,-4.813,0,186.6,0.0
19.128034,3,0,0.290907,0.290907,0.2750,+0.01591,0,1,1,+0.53593,-0.09942,0.19468,162.10,1,0,+0.000,-11.000,-11.000,-0.02612,+3.723,+0.00000,0.00,+0.00000,1,+0.29223,+0.33787,0.01131,-4.834,0,186.6,0.0
19.132211,3,0,0.290907,0.290907,0.2750,+0.01591,0,1,1,+0.53593,-0.09942,0.19468,162.10,1,0,+0.000,-11.000,-11.000,-0.02612,+3.723,+0.00000,0.00,+0.00000,1,+0.29223,+0.33787,0.01131,-4.834,0,186.6,0.0
19.136742,3,0,0.290907,0.290907,0.2750,+0.01591,0,1,1,+0.53593,-0.09942,0.19468,162.10,1,0,+0.000,-11.000,-11.000,-0.02618,+3.723,+0.00000,0.00,+0.00000,1,+0.29223,+0.33787,0.01131,-4.820,0,186.6,0.0
19.141603,3,0,0.290907,0.290907,0.2750,+0.01591,0,1,1,+0.53593,-0.09942,0.19468,162.10,1,0,+0.000,-11.000,-11.000,-0.02623,+3.723,+0.00000,0.00,+0.00000,1,+0.29223,+0.33787,0.01131,-4.808,0,186.6,0.0
19.146036,3,0,0.290907,0.290907,0.2750,+0.01591,0,1,1,+0.53593,-0.09942,0.19468,162.10,1,0,+0.000,-11.000,-11.000,-0.02623,+3.723,+0.00000,0.00,+0.00000,1,+0.29223,+0.33787,0.01131,-4.808,0,186.6,0.0
19.150430,3,0,0.290907,0.290907,0.2750,+0.01591,0,1,1,+0.53593,-0.09942,0.19468,162.10,1,0,+0.000,-11.000,-11.000,-0.02623,+3.723,+0.00000,0.00,+0.00000,1,+0.29223,+0.33787,0.01131,-4.808,0,186.6,0.0
19.155086,3,0,0.290907,0.290907,0.2750,+0.01591,0,1,1,+0.53593,-0.09942,0.19468,162.10,1,0,+0.000,-11.000,-11.000,-0.02623,+3.723,+0.00000,0.00,+0.00000,1,+0.29223,+0.33787,0.01131,-4.808,0,186.6,0.0
19.159692,3,0,0.290907,0.290907,0.2750,+0.01591,0,1,1,+0.53593,-0.09942,0.19468,162.10,1,0,+0.000,-11.000,-11.000,-0.02627,+3.723,+0.00000,0.00,+0.00000,1,+0.29223,+0.33787,0.01131,-4.800,0,186.6,0.0
19.164041,3,0,0.290907,0.290907,0.2750,+0.01591,0,1,1,+0.53593,-0.09942,0.19468,162.10,1,0,+0.000,-11.000,-11.000,-0.02627,+3.723,+0.00000,0.00,+0.00000,1,+0.29223,+0.33787,0.01131,-4.800,0,186.6,0.0
19.168632,3,0,0.290907,0.290907,0.2750,+0.01591,0,1,1,+0.53593,-0.09942,0.19468,162.10,1,0,+0.000,-11.000,-11.000,-0.02627,+3.723,+0.00000,0.00,+0.00000,1,+0.29223,+0.33787,0.01131,-4.800,0,186.6,0.0
19.173577,3,0,0.290907,0.290907,0.2750,+0.01591,0,1,1,+0.53593,-0.09942,0.19468,162.10,1,0,+0.000,-11.000,-11.000,-0.02627,+3.723,+0.00000,0.00,+0.00000,1,+0.29223,+0.33787,0.01131,-4.800,0,186.6,0.0
19.178116,3,0,0.290907,0.290907,0.2750,+0.01591,0,1,1,+0.53593,-0.09942,0.19468,162.10,1,0,+0.000,-11.000,-11.000,-0.02624,+3.723,+0.00000,0.00,+0.00000,1,+0.29223,+0.33787,0.01131,-4.805,0,186.6,0.0
19.182660,3,0,0.290907,0.290907,0.2750,+0.01591,0,1,1,+0.53593,-0.09942,0.19468,162.10,1,0,+0.000,-11.000,-11.000,-0.02624,+3.723,+0.00000,0.00,+0.00000,1,+0.29223,+0.33787,0.01131,-4.805,0,186.6,0.0
19.187124,3,0,0.290907,0.290907,0.2750,+0.01591,0,1,1,+0.53593,-0.09942,0.19468,162.10,1,0,+0.000,-11.000,-11.000,-0.02629,+3.723,+0.00000,0.00,+0.00000,1,+0.29223,+0.33787,0.01131,-4.795,0,186.6,0.0
19.192049,3,0,0.290907,0.290907,0.2750,+0.01591,0,1,1,+0.53593,-0.09942,0.19468,162.10,1,0,+0.000,-11.000,-11.000,-0.02629,+3.723,+0.00000,0.00,+0.00000,1,+0.29223,+0.33787,0.01131,-4.795,0,186.6,0.0
19.196412,3,0,0.290907,0.290907,0.2750,+0.01591,0,1,1,+0.53593,-0.09942,0.19468,162.10,1,0,+0.000,-11.000,-11.000,-0.02625,+3.724,+0.00000,0.00,+0.00000,1,+0.29223,+0.33787,0.01131,-4.804,0,186.6,0.0
19.201081,3,0,0.290907,0.290907,0.2750,+0.01591,0,1,1,+0.53593,-0.09942,0.19468,162.10,1,0,+0.000,-11.000,-11.000,-0.02625,+3.724,+0.00000,0.00,+0.00000,1,+0.29223,+0.33787,0.01131,-4.804,0,186.6,0.0
19.205614,3,0,0.290907,0.290907,0.2750,+0.01591,0,1,1,+0.53593,-0.09942,0.19468,162.10,1,0,+0.000,-11.000,-11.000,-0.02631,+3.724,+0.00000,0.00,+0.00000,1,+0.29223,+0.33787,0.01131,-4.791,0,186.6,0.0
19.209977,3,0,0.290907,0.290907,0.2750,+0.01591,0,1,1,+0.53593,-0.09942,0.19468,162.10,1,0,+0.000,-11.000,-11.000,-0.02631,+3.724,+0.00000,0.00,+0.00000,1,+0.29223,+0.33787,0.01131,-4.791,0,186.6,0.0
19.216116,3,0,0.290907,0.290907,0.2750,+0.01591,0,1,1,+0.53593,-0.09942,0.19468,162.10,1,0,+0.000,-11.000,-11.000,-0.02632,+3.724,+0.00000,0.00,+0.00000,1,+0.29223,+0.33787,0.01131,-4.787,0,186.6,0.0
19.221153,3,0,0.290907,0.290907,0.2750,+0.01591,0,1,1,+0.53593,-0.09942,0.19468,162.10,1,0,+0.000,-11.000,-11.000,-0.02640,+3.724,+0.00000,0.00,+0.00000,1,+0.29223,+0.33787,0.01131,-4.769,0,186.6,0.0
19.225516,3,0,0.290907,0.290907,0.2750,+0.01591,0,1,1,+0.53593,-0.09942,0.19468,162.10,1,0,+0.000,-11.000,-11.000,-0.02640,+3.724,+0.00000,0.00,+0.00000,1,+0.29223,+0.33787,0.01131,-4.769,0,186.6,0.0
19.230203,3,0,0.290907,0.290907,0.2750,+0.01591,0,1,1,+0.53593,-0.09942,0.19468,162.10,1,0,+0.000,-11.000,-11.000,-0.02636,+3.724,+0.00000,0.00,+0.00000,1,+0.29223,+0.33787,0.01131,-4.777,0,186.6,0.0
19.234497,3,0,0.290907,0.290907,0.2750,+0.01591,0,1,1,+0.53593,-0.09942,0.19468,162.10,1,0,+0.000,-11.000,-11.000,-0.02636,+3.724,+0.00000,0.00,+0.00000,1,+0.29223,+0.33787,0.01131,-4.777,0,186.6,0.0
19.239072,3,0,0.290907,0.290907,0.2750,+0.01591,0,1,1,+0.53593,-0.09942,0.19468,162.10,1,0,+0.000,-11.000,-11.000,-0.02641,+3.724,+0.00000,0.00,+0.00000,1,+0.29223,+0.33787,0.01131,-4.766,0,186.6,0.0
19.243677,3,0,0.290907,0.290907,0.2750,+0.01591,0,1,1,+0.53593,-0.09942,0.19468,162.10,1,0,+0.000,-11.000,-11.000,-0.02647,+3.724,+0.00000,0.00,+0.00000,1,+0.29223,+0.33787,0.01131,-4.754,0,186.6,0.0
19.248167,3,0,0.290907,0.290907,0.2750,+0.01591,0,1,1,+0.53593,-0.09942,0.19468,162.10,1,0,+0.000,-11.000,-11.000,-0.02647,+3.724,+0.00000,0.00,+0.00000,1,+0.29223,+0.33787,0.01131,-4.754,0,186.6,0.0
19.252745,3,0,0.290907,0.290907,0.2750,+0.01591,0,1,1,+0.53593,-0.09942,0.19468,162.10,1,0,+0.000,-11.000,-11.000,-0.02647,+3.724,+0.00000,0.00,+0.00000,1,+0.29223,+0.33787,0.01131,-4.754,0,186.6,0.0
19.257130,3,0,0.290907,0.290907,0.2750,+0.01591,0,1,1,+0.53593,-0.09942,0.19468,162.10,1,0,+0.000,-11.000,-11.000,-0.02636,+3.724,+0.00000,0.00,+0.00000,1,+0.29223,+0.33787,0.01131,-4.778,0,186.6,0.0
19.262380,3,0,0.290907,0.290907,0.2750,+0.01591,0,1,1,+0.53593,-0.09942,0.19468,162.10,1,0,+0.000,-11.000,-11.000,-0.02641,+3.724,+0.00000,0.00,+0.00000,1,+0.29223,+0.33787,0.01131,-4.768,0,186.6,0.0
19.266668,3,0,0.290907,0.290907,0.2750,+0.01591,0,1,1,+0.53593,-0.09942,0.19468,162.10,1,0,+0.000,-11.000,-11.000,-0.02641,+3.724,+0.00000,0.00,+0.00000,1,+0.29223,+0.33787,0.01131,-4.768,0,186.6,0.0
19.271434,3,0,0.290907,0.290907,0.2750,+0.01591,0,1,1,+0.53593,-0.09942,0.19468,162.10,1,0,+0.000,-11.000,-11.000,-0.02641,+3.724,+0.00000,0.00,+0.00000,1,+0.29223,+0.33787,0.01131,-4.768,0,186.6,0.0
19.277065,3,0,0.290907,0.290907,0.2750,+0.01591,0,1,1,+0.53593,-0.09942,0.19468,162.10,1,0,+0.000,-11.000,-11.000,-0.02637,+3.724,+0.00000,0.00,+0.00000,1,+0.29223,+0.33787,0.01131,-4.777,0,186.6,0.0
19.282801,3,0,0.290907,0.290907,0.2750,+0.01591,0,1,1,+0.53593,-0.09942,0.19468,162.10,1,0,+0.000,-11.000,-11.000,-0.02630,+3.724,+0.00000,0.00,+0.00000,1,+0.29223,+0.33787,0.01131,-4.791,0,186.6,0.0
19.288344,3,0,0.290907,0.290907,0.2750,+0.01591,0,1,1,+0.53593,-0.09942,0.19468,162.10,1,0,+0.000,-11.000,-11.000,-0.02646,+3.724,+0.00000,0.00,+0.00000,1,+0.29223,+0.33787,0.01131,-4.756,0,186.6,0.0
19.293158,3,0,0.290907,0.290907,0.2750,+0.01591,0,1,1,+0.53593,-0.09942,0.19468,162.10,1,0,+0.000,-11.000,-11.000,-0.02646,+3.724,+0.00000,0.00,+0.00000,1,+0.29223,+0.33787,0.01131,-4.756,0,186.6,0.0
19.297677,3,0,0.290907,0.290907,0.2750,+0.01591,0,1,1,+0.53593,-0.09942,0.19468,162.10,1,0,+0.000,-11.000,-11.000,-0.02642,+3.724,+0.00000,0.00,+0.00000,1,+0.29223,+0.33787,0.01131,-4.764,0,186.6,0.0
19.302281,3,0,0.290907,0.290907,0.2750,+0.01591,0,1,1,+0.53593,-0.09942,0.19468,162.10,1,0,+0.000,-11.000,-11.000,-0.02642,+3.724,+0.00000,0.00,+0.00000,1,+0.29223,+0.33787,0.01131,-4.764,0,186.6,0.0
19.306857,3,0,0.290907,0.290907,0.2750,+0.01591,0,1,1,+0.53593,-0.09942,0.19468,162.10,1,0,+0.000,-11.000,-11.000,-0.02647,+3.724,+0.00000,0.00,+0.00000,1,+0.29223,+0.33787,0.01131,-4.753,0,186.6,0.0
19.311713,3,0,0.290907,0.290907,0.2750,+0.01591,0,1,1,+0.53593,-0.09942,0.19468,162.10,1,0,+0.000,-11.000,-11.000,-0.02647,+3.724,+0.00000,0.00,+0.00000,1,+0.29223,+0.33787,0.01131,-4.753,0,186.6,0.0
19.316465,3,0,0.290907,0.290907,0.2750,+0.01591,0,1,1,+0.53593,-0.09942,0.19468,162.10,1,0,+0.000,-11.000,-11.000,-0.02640,+3.724,+0.00000,0.00,+0.00000,1,+0.29223,+0.33787,0.01131,-4.769,0,186.6,0.0
19.321064,3,0,0.290907,0.290907,0.2750,+0.01591,0,1,1,+0.53593,-0.09942,0.19468,162.10,1,0,+0.000,-11.000,-11.000,-0.02640,+3.724,+0.00000,0.00,+0.00000,1,+0.29223,+0.33787,0.01131,-4.769,0,186.6,0.0
19.325679,3,0,0.290907,0.290907,0.2750,+0.01591,0,1,1,+0.53593,-0.09942,0.19468,162.10,1,0,+0.000,-11.000,-11.000,-0.02650,+3.724,+0.00000,0.00,+0.00000,1,+0.29223,+0.33787,0.01131,-4.746,0,186.6,0.0
19.330232,3,0,0.290907,0.290907,0.2750,+0.01591,0,1,1,+0.53593,-0.09942,0.19468,162.10,1,0,+0.000,-11.000,-11.000,-0.02650,+3.724,+0.00000,0.00,+0.00000,1,+0.29223,+0.33787,0.01131,-4.746,0,186.6,0.0
19.334918,3,0,0.290907,0.290907,0.2750,+0.01591,0,1,1,+0.53593,-0.09942,0.19468,162.10,1,0,+0.000,-11.000,-11.000,-0.02652,+3.724,+0.00000,0.00,+0.00000,1,+0.29223,+0.33787,0.01131,-4.741,0,186.6,0.0
19.339555,3,0,0.290907,0.290907,0.2750,+0.01591,0,1,1,+0.53593,-0.09942,0.19468,162.10,1,0,+0.000,-11.000,-11.000,-0.02652,+3.724,+0.00000,0.00,+0.00000,1,+0.29223,+0.33787,0.01131,-4.741,0,186.6,0.0
19.344058,3,0,0.290907,0.290907,0.2750,+0.01591,0,1,1,+0.53593,-0.09942,0.19468,162.10,1,0,+0.000,-11.000,-11.000,-0.02645,+3.724,+0.00000,0.00,+0.00000,1,+0.29223,+0.33787,0.01131,-4.759,0,186.6,0.0
19.348691,3,0,0.290907,0.290907,0.2750,+0.01591,0,1,1,+0.53593,-0.09942,0.19468,162.10,1,0,+0.000,-11.000,-11.000,-0.02645,+3.724,+0.00000,0.00,+0.00000,1,+0.29223,+0.33787,0.01131,-4.759,0,186.6,0.0
19.353370,3,0,0.290907,0.290907,0.2750,+0.01591,0,1,1,+0.53593,-0.09942,0.19468,162.10,1,0,+0.000,-11.000,-11.000,-0.02643,+3.724,+0.00000,0.00,+0.00000,1,+0.29223,+0.33787,0.01131,-4.763,0,181.6,0.0
19.358691,3,0,0.290907,0.290907,0.2750,+0.01591,0,1,1,+0.53593,-0.09942,0.19468,162.10,1,0,+0.000,-11.000,-11.000,-0.02643,+3.724,+0.00000,0.00,+0.00000,1,+0.29223,+0.33787,0.01131,-4.763,0,181.6,0.0
19.363291,3,0,0.290907,0.290907,0.2750,+0.01591,0,1,1,+0.53593,-0.09942,0.19468,162.10,1,0,+0.000,-11.000,-11.000,-0.02640,+3.724,+0.00000,0.00,+0.00000,1,+0.29223,+0.33787,0.01131,-4.769,0,181.6,0.0
19.367840,3,0,0.290907,0.290907,0.2750,+0.01591,0,1,1,+0.53593,-0.09942,0.19468,162.10,1,0,+0.000,-11.000,-11.000,-0.02640,+3.724,+0.00000,0.00,+0.00000,1,+0.29223,+0.33787,0.01131,-4.769,0,181.6,0.0
19.372597,3,0,0.290907,0.290907,0.2750,+0.01591,0,1,1,+0.53593,-0.09942,0.19468,162.10,1,0,+0.000,-11.000,-11.000,-0.02639,+3.724,+0.00000,0.00,+0.00000,1,+0.29223,+0.33787,0.01131,-4.771,0,181.6,0.0
19.376998,3,0,0.290907,0.290907,0.2750,+0.01591,0,1,1,+0.53593,-0.09942,0.19468,162.10,1,0,+0.000,-11.000,-11.000,-0.02639,+3.724,+0.00000,0.00,+0.00000,1,+0.29223,+0.33787,0.01131,-4.771,0,181.6,0.0
19.381640,3,0,0.290907,0.290907,0.2750,+0.01591,0,1,1,+0.53593,-0.09942,0.19468,162.10,1,0,+0.000,-11.000,-11.000,-0.02642,+3.724,+0.00000,0.00,+0.00000,1,+0.29223,+0.33787,0.01131,-4.765,0,181.6,0.0
19.386208,3,0,0.290907,0.290907,0.2750,+0.01591,0,1,1,+0.53593,-0.09942,0.19468,162.10,1,0,+0.000,-11.000,-11.000,-0.02653,+3.724,+0.00000,0.00,+0.00000,1,+0.29223,+0.33787,0.01131,-4.740,0,181.6,0.0
19.390943,3,0,0.290907,0.290907,0.2750,+0.01591,0,1,1,+0.53593,-0.09942,0.19468,162.10,1,0,+0.000,-11.000,-11.000,-0.02653,+3.724,+0.00000,0.00,+0.00000,1,+0.29223,+0.33787,0.01131,-4.740,0,181.6,0.0
19.395406,3,0,0.290907,0.290907,0.2750,+0.01591,0,1,1,+0.53593,-0.09942,0.19468,162.10,1,0,+0.000,-11.000,-11.000,-0.02646,+3.724,+0.00000,0.00,+0.00000,1,+0.29223,+0.33787,0.01131,-4.756,0,181.6,0.0
19.399992,3,0,0.290907,0.290907,0.2750,+0.01591,0,1,1,+0.53593,-0.09942,0.19468,162.10,1,0,+0.000,-11.000,-11.000,-0.02646,+3.724,+0.00000,0.00,+0.00000,1,+0.29223,+0.33787,0.01131,-4.756,0,181.6,0.0
19.404520,3,0,0.290907,0.290907,0.2750,+0.01591,0,1,1,+0.53593,-0.09942,0.19468,162.10,1,0,+0.000,-11.000,-11.000,-0.02650,+3.724,+0.00000,0.00,+0.00000,1,+0.29223,+0.33787,0.01131,-4.747,0,181.6,0.0
19.409128,3,0,0.290907,0.290907,0.2750,+0.01591,0,1,1,+0.53593,-0.09942,0.19468,162.10,1,0,+0.000,-11.000,-11.000,-0.02650,+3.724,+0.00000,0.00,+0.00000,1,+0.29223,+0.33787,0.01131,-4.747,0,181.6,0.0
19.413682,3,0,0.290907,0.290907,0.2750,+0.01591,0,1,1,+0.53593,-0.09942,0.19468,162.10,1,0,+0.000,-11.000,-11.000,-0.02656,+3.724,+0.00000,0.00,+0.00000,1,+0.29223,+0.33787,0.01131,-4.733,0,181.6,0.0
19.418529,3,0,0.290907,0.290907,0.2750,+0.01591,0,1,1,+0.53593,-0.09942,0.19468,162.10,1,0,+0.000,-11.000,-11.000,-0.02661,+3.724,+0.00000,0.00,+0.00000,1,+0.29223,+0.33787,0.01131,-4.721,0,181.6,0.0
19.423236,3,0,0.290907,0.290907,0.2750,+0.01591,0,1,1,+0.53593,-0.09942,0.19468,162.10,1,0,+0.000,-11.000,-11.000,-0.02661,+3.724,+0.00000,0.00,+0.00000,1,+0.29223,+0.33787,0.01131,-4.721,0,181.6,0.0
19.427850,3,0,0.290907,0.290907,0.2750,+0.01591,0,1,1,+0.53593,-0.09942,0.19468,162.10,1,0,+0.000,-11.000,-11.000,-0.02658,+3.724,+0.00000,0.00,+0.00000,1,+0.29223,+0.33787,0.01131,-4.727,0,181.6,0.0
19.432449,3,0,0.290907,0.290907,0.2750,+0.01591,0,1,1,+0.53593,-0.09942,0.19468,162.10,1,0,+0.000,-11.000,-11.000,-0.02658,+3.724,+0.00000,0.00,+0.00000,1,+0.29223,+0.33787,0.01131,-4.727,0,181.6,0.0
19.437095,3,0,0.290907,0.290907,0.2750,+0.01591,0,1,1,+0.53593,-0.09942,0.19468,162.10,1,0,+0.000,-11.000,-11.000,-0.02656,+3.724,+0.00000,0.00,+0.00000,1,+0.29223,+0.33787,0.01131,-4.732,0,181.6,0.0
19.441781,3,0,0.290907,0.290907,0.2750,+0.01591,0,1,1,+0.53593,-0.09942,0.19468,162.10,1,0,+0.000,-11.000,-11.000,-0.02656,+3.724,+0.00000,0.00,+0.00000,1,+0.29223,+0.33787,0.01131,-4.732,0,181.6,0.0
19.446455,3,0,0.290907,0.290907,0.2750,+0.01591,0,1,1,+0.53593,-0.09942,0.19468,162.10,1,0,+0.000,-11.000,-11.000,-0.02654,+3.725,+0.00000,0.00,+0.00000,1,+0.29223,+0.33787,0.01131,-4.737,0,181.6,0.0
19.451054,3,0,0.290907,0.290907,0.2750,+0.01591,0,1,1,+0.53593,-0.09942,0.19468,162.10,1,0,+0.000,-11.000,-11.000,-0.02654,+3.725,+0.00000,0.00,+0.00000,1,+0.29223,+0.33787,0.01131,-4.737,0,181.6,0.0
19.455670,3,0,0.290907,0.290907,0.2750,+0.01591,0,1,1,+0.53593,-0.09942,0.19468,162.10,1,0,+0.000,-11.000,-11.000,-0.02652,+3.725,+0.00000,0.00,+0.00000,1,+0.29223,+0.33787,0.01131,-4.742,0,181.6,0.0
19.460339,3,0,0.290907,0.290907,0.2750,+0.01591,0,1,1,+0.53593,-0.09942,0.19468,162.10,1,0,+0.000,-11.000,-11.000,-0.02652,+3.725,+0.00000,0.00,+0.00000,1,+0.29223,+0.33787,0.01131,-4.742,0,181.6,0.0
19.464898,3,0,0.290907,0.290907,0.2750,+0.01591,0,1,1,+0.53593,-0.09942,0.19468,162.10,1,0,+0.000,-11.000,-11.000,-0.02656,+3.725,+0.00000,0.00,+0.00000,1,+0.29223,+0.33787,0.01131,-4.732,0,181.6,0.0
19.469562,3,0,0.290907,0.290907,0.2750,+0.01591,0,1,1,+0.53593,-0.09942,0.19468,162.10,1,0,+0.000,-11.000,-11.000,-0.02656,+3.725,+0.00000,0.00,+0.00000,1,+0.29223,+0.33787,0.01131,-4.732,0,181.6,0.0
19.474193,3,0,0.290907,0.290907,0.2750,+0.01591,0,1,1,+0.53593,-0.09942,0.19468,162.10,1,0,+0.000,-11.000,-11.000,-0.02648,+3.725,+0.00000,0.00,+0.00000,1,+0.29223,+0.33787,0.01131,-4.751,0,181.6,0.0
19.478730,3,0,0.290907,0.290907,0.2750,+0.01591,0,1,1,+0.53593,-0.09942,0.19468,162.10,1,0,+0.000,-11.000,-11.000,-0.02648,+3.725,+0.00000,0.00,+0.00000,1,+0.29223,+0.33787,0.01131,-4.751,0,181.6,0.0
19.483418,3,0,0.290907,0.290907,0.2750,+0.01591,0,1,1,+0.53593,-0.09942,0.19468,162.10,1,0,+0.000,-11.000,-11.000,-0.02644,+3.725,+0.00000,0.00,+0.00000,1,+0.29223,+0.33787,0.01131,-4.760,0,181.6,0.0
19.488010,3,0,0.290907,0.290907,0.2750,+0.01591,0,1,1,+0.53593,-0.09942,0.19468,162.10,1,0,+0.000,-11.000,-11.000,-0.02644,+3.725,+0.00000,0.00,+0.00000,1,+0.29223,+0.33787,0.01131,-4.760,0,181.6,0.0
19.492427,3,0,0.290907,0.290907,0.2750,+0.01591,0,1,1,+0.53593,-0.09942,0.19468,162.10,1,0,+0.000,-11.000,-11.000,-0.02655,+3.725,+0.00000,0.00,+0.00000,1,+0.29223,+0.33787,0.01131,-4.734,0,181.6,0.0
19.496821,3,0,0.290907,0.290907,0.2750,+0.01591,0,1,1,+0.53593,-0.09942,0.19468,162.10,1,0,+0.000,-11.000,-11.000,-0.02655,+3.725,+0.00000,0.00,+0.00000,1,+0.29223,+0.33787,0.01131,-4.734,0,181.6,0.0
19.501401,3,0,0.290907,0.290907,0.2750,+0.01591,0,1,1,+0.53593,-0.09942,0.19468,162.10,1,0,+0.000,-11.000,-11.000,-0.02647,+3.725,+0.00000,0.00,+0.00000,1,+0.29223,+0.33787,0.01131,-4.753,0,181.6,0.0
19.506039,3,0,0.290907,0.290907,0.2750,+0.01591,0,1,1,+0.53593,-0.09942,0.19468,162.10,1,0,+0.000,-11.000,-11.000,-0.02647,+3.725,+0.00000,0.00,+0.00000,1,+0.29223,+0.33787,0.01131,-4.753,0,181.6,0.0
19.510659,3,0,0.290907,0.290907,0.2750,+0.01591,0,1,1,+0.53593,-0.09942,0.19468,162.10,1,0,+0.000,-11.000,-11.000,-0.02650,+3.725,+0.00000,0.00,+0.00000,1,+0.29223,+0.33787,0.01131,-4.745,0,181.6,0.0
19.515163,3,0,0.290907,0.290907,0.2750,+0.01591,0,1,1,+0.53593,-0.09942,0.19468,162.10,1,0,+0.000,-11.000,-11.000,-0.02650,+3.725,+0.00000,0.00,+0.00000,1,+0.29223,+0.33787,0.01131,-4.745,0,181.6,0.0
19.519742,3,0,0.290907,0.290907,0.2750,+0.01591,0,1,1,+0.53593,-0.09942,0.19468,162.10,1,0,+0.000,-11.000,-11.000,-0.02656,+3.725,+0.00000,0.00,+0.00000,1,+0.29223,+0.33787,0.01131,-4.732,0,181.6,0.0
19.524287,3,0,0.290907,0.290907,0.2750,+0.01591,0,1,1,+0.53593,-0.09942,0.19468,162.10,1,0,+0.000,-11.000,-11.000,-0.02660,+3.725,+0.00000,0.00,+0.00000,1,+0.29223,+0.33787,0.01131,-4.724,0,181.6,0.0
19.528820,3,0,0.290907,0.290907,0.2750,+0.01591,0,1,1,+0.53593,-0.09942,0.19468,162.10,1,0,+0.000,-11.000,-11.000,-0.02660,+3.725,+0.00000,0.00,+0.00000,1,+0.29223,+0.33787,0.01131,-4.724,0,181.6,0.0
19.533514,3,0,0.290907,0.290907,0.2750,+0.01591,0,1,1,+0.53593,-0.09942,0.19468,162.10,1,0,+0.000,-11.000,-11.000,-0.02660,+3.725,+0.00000,0.00,+0.00000,1,+0.29223,+0.33787,0.01131,-4.724,0,181.6,0.0
19.537724,3,0,0.290907,0.290907,0.2750,+0.01591,0,1,1,+0.53593,-0.09942,0.19468,162.10,1,0,+0.000,-11.000,-11.000,-0.02651,+3.725,+0.00000,0.00,+0.00000,1,+0.29223,+0.33787,0.01131,-4.745,0,181.6,0.0
19.542136,3,0,0.290907,0.290907,0.2750,+0.01591,0,1,1,+0.53593,-0.09942,0.19468,162.10,1,0,+0.000,-11.000,-11.000,-0.02661,+3.725,+0.00000,0.00,+0.00000,1,+0.29223,+0.33787,0.01131,-4.720,0,181.6,0.0
19.546601,3,0,0.290907,0.290907,0.2750,+0.01591,0,1,1,+0.53593,-0.09942,0.19468,162.10,1,0,+0.000,-11.000,-11.000,-0.02661,+3.725,+0.00000,0.00,+0.00000,1,+0.29223,+0.33787,0.01131,-4.720,0,181.6,0.0
19.550829,3,0,0.290907,0.290907,0.2750,+0.01591,0,1,1,+0.53593,-0.09942,0.19468,162.10,1,0,+0.000,-11.000,-11.000,-0.02662,+3.725,+0.00000,0.00,+0.00000,1,+0.29223,+0.33787,0.01131,-4.720,0,181.6,0.0
19.555534,3,0,0.290907,0.290907,0.2750,+0.01591,0,1,1,+0.53593,-0.09942,0.19468,162.10,1,0,+0.000,-11.000,-11.000,-0.02662,+3.725,+0.00000,0.00,+0.00000,1,+0.29223,+0.33787,0.01131,-4.720,0,181.6,0.0
19.560117,3,0,0.290907,0.290907,0.2750,+0.01591,0,1,1,+0.53593,-0.09942,0.19468,162.10,1,0,+0.000,-11.000,-11.000,-0.02657,+3.725,+0.00000,0.00,+0.00000,1,+0.29223,+0.33787,0.01131,-4.730,0,181.6,0.0
19.564317,3,0,0.290907,0.290907,0.2750,+0.01591,0,1,1,+0.53593,-0.09942,0.19468,162.10,1,0,+0.000,-11.000,-11.000,-0.02657,+3.725,+0.00000,0.00,+0.00000,1,+0.29223,+0.33787,0.01131,-4.730,0,181.6,0.0
19.568909,3,0,0.290907,0.290907,0.2750,+0.01591,0,1,1,+0.53593,-0.09942,0.19468,162.10,1,0,+0.000,-11.000,-11.000,-0.02660,+3.725,+0.00000,0.00,+0.00000,1,+0.29223,+0.33787,0.01131,-4.723,0,181.6,0.0
19.573504,3,0,0.290907,0.290907,0.2750,+0.01591,0,1,1,+0.53593,-0.09942,0.19468,162.10,1,0,+0.000,-11.000,-11.000,-0.02660,+3.725,+0.00000,0.00,+0.00000,1,+0.29223,+0.33787,0.01131,-4.723,0,181.6,0.0
19.578077,3,0,0.290907,0.290907,0.2750,+0.01591,0,1,1,+0.53593,-0.09942,0.19468,162.10,1,0,+0.000,-11.000,-11.000,-0.02663,+3.725,+0.00000,0.00,+0.00000,1,+0.29223,+0.33787,0.01131,-4.717,0,181.6,0.0
19.582675,3,0,0.290907,0.290907,0.2750,+0.01591,0,1,1,+0.53593,-0.09942,0.19468,162.10,1,0,+0.000,-11.000,-11.000,-0.02663,+3.725,+0.00000,0.00,+0.00000,1,+0.29223,+0.33787,0.01131,-4.717,0,181.6,0.0
19.588296,3,0,0.290907,0.290907,0.2750,+0.01591,0,1,1,+0.53593,-0.09942,0.19468,162.10,1,0,+0.000,-11.000,-11.000,-0.02673,+3.725,+0.00000,0.00,+0.00000,1,+0.29223,+0.33787,0.01131,-4.695,0,181.6,0.0
19.592805,3,0,0.290907,0.290907,0.2750,+0.01591,0,1,1,+0.53593,-0.09942,0.19468,162.10,1,0,+0.000,-11.000,-11.000,-0.02673,+3.725,+0.00000,0.00,+0.00000,1,+0.29223,+0.33787,0.01131,-4.695,0,181.6,0.0
19.597222,3,0,0.290907,0.290907,0.2750,+0.01591,0,1,1,+0.53593,-0.09942,0.19468,162.10,1,0,+0.000,-11.000,-11.000,-0.02662,+3.725,+0.00000,0.00,+0.00000,1,+0.29223,+0.33787,0.01131,-4.718,0,181.6,0.0
19.601967,3,0,0.290907,0.290907,0.2750,+0.01591,0,1,1,+0.53593,-0.09942,0.19468,162.10,1,0,+0.000,-11.000,-11.000,-0.02667,+3.725,+0.00000,0.00,+0.00000,1,+0.29223,+0.33787,0.01131,-4.706,0,181.6,0.0
19.606795,3,0,0.290907,0.290907,0.2750,+0.01591,0,1,1,+0.53593,-0.09942,0.19468,162.10,1,0,+0.000,-11.000,-11.000,-0.02667,+3.725,+0.00000,0.00,+0.00000,1,+0.29223,+0.33787,0.01131,-4.706,0,181.6,0.0
19.611388,3,0,0.290907,0.290907,0.2750,+0.01591,0,1,1,+0.53593,-0.09942,0.19468,162.10,1,0,+0.000,-11.000,-11.000,-0.02667,+3.725,+0.00000,0.00,+0.00000,1,+0.29223,+0.33787,0.01131,-4.706,0,181.6,0.0
19.615966,3,0,0.290907,0.290907,0.2750,+0.01591,0,1,1,+0.53593,-0.09942,0.19468,162.10,1,0,+0.000,-11.000,-11.000,-0.02662,+3.725,+0.00000,0.00,+0.00000,1,+0.29223,+0.33787,0.01131,-4.719,0,181.6,0.0
19.621440,3,0,0.290907,0.290907,0.2750,+0.01591,0,1,1,+0.53593,-0.09942,0.19468,162.10,1,0,+0.000,-11.000,-11.000,-0.02671,+3.725,+0.00000,0.00,+0.00000,1,+0.29223,+0.33787,0.01131,-4.698,0,181.6,0.0
19.630572,3,0,0.290907,0.290907,0.2750,+0.01591,0,1,1,+0.53593,-0.09942,0.19468,162.10,1,0,+0.000,-11.000,-11.000,-0.02674,+3.725,+0.00000,0.00,+0.00000,1,+0.29223,+0.33787,0.01131,-4.692,0,181.6,0.0
19.635074,3,0,0.290907,0.290907,0.2750,+0.01591,0,1,1,+0.53593,-0.09942,0.19468,162.10,1,0,+0.000,-11.000,-11.000,-0.02674,+3.725,+0.00000,0.00,+0.00000,1,+0.29223,+0.33787,0.01131,-4.692,0,181.6,0.0
19.639807,3,0,0.290907,0.290907,0.2750,+0.01591,0,1,1,+0.53593,-0.09942,0.19468,162.10,1,0,+0.000,-11.000,-11.000,-0.02673,+3.725,+0.00000,0.00,+0.00000,1,+0.29223,+0.33787,0.01131,-4.694,0,181.6,0.0
19.644518,3,0,0.290907,0.290907,0.2750,+0.01591,0,1,1,+0.53593,-0.09942,0.19468,162.10,1,0,+0.000,-11.000,-11.000,-0.02676,+3.725,+0.00000,0.00,+0.00000,1,+0.29223,+0.33787,0.01131,-4.688,0,181.6,0.0
19.649039,3,0,0.290907,0.290907,0.2750,+0.01591,0,1,1,+0.53593,-0.09942,0.19468,162.10,1,0,+0.000,-11.000,-11.000,-0.02676,+3.725,+0.00000,0.00,+0.00000,1,+0.29223,+0.33787,0.01131,-4.688,0,181.6,0.0
19.653343,3,0,0.290907,0.290907,0.2750,+0.01591,0,1,1,+0.53593,-0.09942,0.19468,162.10,1,0,+0.000,-11.000,-11.000,-0.02676,+3.725,+0.00000,0.00,+0.00000,1,+0.29223,+0.33787,0.01131,-4.688,0,181.6,0.0
19.658731,3,0,0.290907,0.290907,0.2750,+0.01591,0,1,1,+0.53593,-0.09942,0.19468,162.10,1,0,+0.000,-11.000,-11.000,-0.02676,+3.725,+0.00000,0.00,+0.00000,1,+0.29223,+0.33787,0.01131,-4.688,0,181.6,0.0
19.663714,3,0,0.290907,0.290907,0.2750,+0.01591,0,1,1,+0.53593,-0.09942,0.19468,162.10,1,0,+0.000,-11.000,-11.000,-0.02673,+3.725,+0.00000,0.00,+0.00000,1,+0.29223,+0.33787,0.01131,-4.693,0,181.6,0.0
19.668400,3,0,0.290907,0.290907,0.2750,+0.01591,0,1,1,+0.53593,-0.09942,0.19468,162.10,1,0,+0.000,-11.000,-11.000,-0.02673,+3.725,+0.00000,0.00,+0.00000,1,+0.29223,+0.33787,0.01131,-4.693,0,181.6,0.0
19.672788,3,0,0.290907,0.290907,0.2750,+0.01591,0,1,1,+0.53593,-0.09942,0.19468,162.10,1,0,+0.000,-11.000,-11.000,-0.02674,+3.725,+0.00000,0.00,+0.00000,1,+0.29223,+0.33787,0.01131,-4.691,0,181.6,0.0
19.677416,3,0,0.290907,0.290907,0.2750,+0.01591,0,1,1,+0.53593,-0.09942,0.19468,162.10,1,0,+0.000,-11.000,-11.000,-0.02674,+3.725,+0.00000,0.00,+0.00000,1,+0.29223,+0.33787,0.01131,-4.691,0,181.6,0.0
19.681990,3,0,0.290907,0.290907,0.2750,+0.01591,0,1,1,+0.53593,-0.09942,0.19468,162.10,1,0,+0.000,-11.000,-11.000,-0.02665,+3.725,+0.00000,0.00,+0.00000,1,+0.29223,+0.33787,0.01131,-4.712,0,181.6,0.0
19.686612,3,0,0.290907,0.290907,0.2750,+0.01591,0,1,1,+0.53593,-0.09942,0.19468,162.10,1,0,+0.000,-11.000,-11.000,-0.02665,+3.725,+0.00000,0.00,+0.00000,1,+0.29223,+0.33787,0.01131,-4.712,0,181.6,0.0
19.691330,3,0,0.290907,0.290907,0.2750,+0.01591,0,1,1,+0.53593,-0.09942,0.19468,162.10,1,0,+0.000,-11.000,-11.000,-0.02668,+3.725,+0.00000,0.00,+0.00000,1,+0.29223,+0.33787,0.01131,-4.705,0,181.6,0.0
19.695878,3,0,0.290907,0.290907,0.2750,+0.01591,0,1,1,+0.53593,-0.09942,0.19468,162.10,1,0,+0.000,-11.000,-11.000,-0.02668,+3.725,+0.00000,0.00,+0.00000,1,+0.29223,+0.33787,0.01131,-4.705,0,181.6,0.0
19.700598,3,0,0.290907,0.290907,0.2750,+0.01591,0,1,1,+0.53593,-0.09942,0.19468,162.10,1,0,+0.000,-11.000,-11.000,-0.02662,+3.725,+0.00000,0.00,+0.00000,1,+0.29223,+0.33787,0.01131,-4.718,0,181.6,0.0
19.705322,3,0,0.290907,0.290907,0.2750,+0.01591,0,1,1,+0.53593,-0.09942,0.19468,162.10,1,0,+0.000,-11.000,-11.000,-0.02662,+3.725,+0.00000,0.00,+0.00000,1,+0.29223,+0.33787,0.01131,-4.718,0,181.6,0.0
19.709822,3,0,0.290907,0.290907,0.2750,+0.01591,0,1,1,+0.53593,-0.09942,0.19468,162.10,1,0,+0.000,-11.000,-11.000,-0.02661,+3.725,+0.00000,0.00,+0.00000,1,+0.29223,+0.33787,0.01131,-4.720,0,181.6,0.0
19.714524,3,0,0.290907,0.290907,0.2750,+0.01591,0,1,1,+0.53593,-0.09942,0.19468,162.10,1,0,+0.000,-11.000,-11.000,-0.02661,+3.725,+0.00000,0.00,+0.00000,1,+0.29223,+0.33787,0.01131,-4.720,0,181.6,0.0
19.718799,3,0,0.290907,0.290907,0.2750,+0.01591,0,1,1,+0.53593,-0.09942,0.19468,162.10,1,0,+0.000,-11.000,-11.000,-0.02661,+3.725,+0.00000,0.00,+0.00000,1,+0.29223,+0.33787,0.01131,-4.721,0,181.6,0.0
19.723394,3,0,0.290907,0.290907,0.2750,+0.01591,0,1,1,+0.53593,-0.09942,0.19468,162.10,1,0,+0.000,-11.000,-11.000,-0.02661,+3.725,+0.00000,0.00,+0.00000,1,+0.29223,+0.33787,0.01131,-4.721,0,181.6,0.0
19.727887,3,0,0.290907,0.290907,0.2750,+0.01591,0,1,1,+0.53593,-0.09942,0.19468,162.10,1,0,+0.000,-11.000,-11.000,-0.02659,+3.725,+0.00000,0.00,+0.00000,1,+0.29223,+0.33787,0.01131,-4.727,0,181.6,0.0
19.732174,3,0,0.290907,0.290907,0.2750,+0.01591,0,1,1,+0.53593,-0.09942,0.19468,162.10,1,0,+0.000,-11.000,-11.000,-0.02659,+3.725,+0.00000,0.00,+0.00000,1,+0.29223,+0.33787,0.01131,-4.727,0,181.6,0.0
19.736843,3,0,0.290907,0.290907,0.2750,+0.01591,0,1,1,+0.53593,-0.09942,0.19468,162.10,1,0,+0.000,-11.000,-11.000,-0.02655,+3.725,+0.00000,0.00,+0.00000,1,+0.29223,+0.33787,0.01131,-4.734,0,181.6,0.0
19.741683,3,0,0.290907,0.290907,0.2750,+0.01591,0,1,1,+0.53593,-0.09942,0.19468,162.10,1,0,+0.000,-11.000,-11.000,-0.02655,+3.725,+0.00000,0.00,+0.00000,1,+0.29223,+0.33787,0.01131,-4.734,0,181.6,0.0
19.746870,3,0,0.290907,0.290907,0.2750,+0.01591,0,1,1,+0.53593,-0.09942,0.19468,162.10,1,0,+0.000,-11.000,-11.000,-0.02649,+3.725,+0.00000,0.00,+0.00000,1,+0.29223,+0.33787,0.01131,-4.749,0,181.6,0.0
19.752915,3,0,0.290907,0.290907,0.2750,+0.01591,0,1,1,+0.53593,-0.09942,0.19468,162.10,1,0,+0.000,-11.000,-11.000,-0.02649,+3.725,+0.00000,0.00,+0.00000,1,+0.29223,+0.33787,0.01131,-4.749,0,181.6,0.0
19.757936,3,0,0.290907,0.290907,0.2750,+0.01591,0,1,1,+0.53593,-0.09942,0.19468,162.10,1,0,+0.000,-11.000,-11.000,-0.02658,+3.725,+0.00000,0.00,+0.00000,1,+0.29223,+0.33787,0.01131,-4.729,0,181.6,0.0
19.762662,3,0,0.290907,0.290907,0.2750,+0.01591,0,1,1,+0.53593,-0.09942,0.19468,162.10,1,0,+0.000,-11.000,-11.000,-0.02658,+3.725,+0.00000,0.00,+0.00000,1,+0.29223,+0.33787,0.01131,-4.729,0,181.6,0.0
19.767113,3,0,0.290907,0.290907,0.2750,+0.01591,0,1,1,+0.53593,-0.09942,0.19468,162.10,1,0,+0.000,-11.000,-11.000,-0.02653,+3.725,+0.00000,0.00,+0.00000,1,+0.29223,+0.33787,0.01131,-4.740,0,181.6,0.0
19.771380,3,0,0.290907,0.290907,0.2750,+0.01591,0,1,1,+0.53593,-0.09942,0.19468,162.10,1,0,+0.000,-11.000,-11.000,-0.02653,+3.725,+0.00000,0.00,+0.00000,1,+0.29223,+0.33787,0.01131,-4.740,0,181.6,0.0
19.775850,3,0,0.290907,0.290907,0.2750,+0.01591,0,1,1,+0.53593,-0.09942,0.19468,162.10,1,0,+0.000,-11.000,-11.000,-0.02651,+3.725,+0.00000,0.00,+0.00000,1,+0.29223,+0.33787,0.01131,-4.743,0,181.6,0.0
19.780699,3,0,0.290907,0.290907,0.2750,+0.01591,0,1,1,+0.53593,-0.09942,0.19468,162.10,1,0,+0.000,-11.000,-11.000,-0.02651,+3.725,+0.00000,0.00,+0.00000,1,+0.29223,+0.33787,0.01131,-4.743,0,181.6,0.0
19.785385,3,0,0.290907,0.290907,0.2750,+0.01591,0,1,1,+0.53593,-0.09942,0.19468,162.10,1,0,+0.000,-11.000,-11.000,-0.02645,+3.725,+0.00000,0.00,+0.00000,1,+0.29223,+0.33787,0.01131,-4.757,0,181.6,0.0
19.789804,3,0,0.290907,0.290907,0.2750,+0.01591,0,1,1,+0.53593,-0.09942,0.19468,162.10,1,0,+0.000,-11.000,-11.000,-0.02645,+3.725,+0.00000,0.00,+0.00000,1,+0.29223,+0.33787,0.01131,-4.757,0,181.6,0.0
19.795182,3,0,0.290907,0.290907,0.2750,+0.01591,0,1,1,+0.53593,-0.09942,0.19468,162.10,1,0,+0.000,-11.000,-11.000,-0.02650,+3.725,+0.00000,0.00,+0.00000,1,+0.29223,+0.33787,0.01131,-4.746,0,181.6,0.0
19.800191,3,0,0.290907,0.290907,0.2750,+0.01591,0,1,1,+0.53593,-0.09942,0.19468,162.10,1,0,+0.000,-11.000,-11.000,-0.02650,+3.725,+0.00000,0.00,+0.00000,1,+0.29223,+0.33787,0.01131,-4.746,0,181.6,0.0
19.805586,3,0,0.290907,0.290907,0.2750,+0.01591,0,1,1,+0.53593,-0.09942,0.19468,162.10,1,0,+0.000,-11.000,-11.000,-0.02640,+3.726,+0.00000,0.00,+0.00000,1,+0.29223,+0.33787,0.01131,-4.770,0,181.6,0.0
19.810226,3,0,0.290907,0.290907,0.2750,+0.01591,0,1,1,+0.53593,-0.09942,0.19468,162.10,1,0,+0.000,-11.000,-11.000,-0.02642,+3.726,+0.00000,0.00,+0.00000,1,+0.29223,+0.33787,0.01131,-4.764,0,181.6,0.0
19.815251,3,0,0.290907,0.290907,0.2750,+0.01591,0,1,1,+0.53593,-0.09942,0.19468,162.10,1,0,+0.000,-11.000,-11.000,-0.02642,+3.726,+0.00000,0.00,+0.00000,1,+0.29223,+0.33787,0.01131,-4.764,0,181.6,0.0
19.819844,3,0,0.290907,0.290907,0.2750,+0.01591,0,1,1,+0.53593,-0.09942,0.19468,162.10,1,0,+0.000,-11.000,-11.000,-0.02642,+3.726,+0.00000,0.00,+0.00000,1,+0.29223,+0.33787,0.01131,-4.764,0,181.6,0.0
19.824520,3,0,0.290907,0.290907,0.2750,+0.01591,0,1,1,+0.53593,-0.09942,0.19468,162.10,1,0,+0.000,-11.000,-11.000,-0.02631,+3.726,+0.00000,0.00,+0.00000,1,+0.29223,+0.33787,0.01131,-4.791,0,181.6,0.0
19.830049,3,0,0.290907,0.290907,0.2750,+0.01591,0,1,1,+0.53593,-0.09942,0.19468,162.10,1,0,+0.000,-11.000,-11.000,-0.02637,+3.726,+0.00000,0.00,+0.00000,1,+0.29223,+0.33787,0.01131,-4.776,0,181.6,0.0
19.834304,3,0,0.290907,0.290907,0.2750,+0.01591,0,1,1,+0.53593,-0.09942,0.19468,162.10,1,0,+0.000,-11.000,-11.000,-0.02637,+3.726,+0.00000,0.00,+0.00000,1,+0.29223,+0.33787,0.01131,-4.776,0,181.6,0.0
19.838683,3,0,0.290907,0.290907,0.2750,+0.01591,0,1,1,+0.53593,-0.09942,0.19468,162.10,1,0,+0.000,-11.000,-11.000,-0.02643,+3.726,+0.00000,0.00,+0.00000,1,+0.29223,+0.33787,0.01131,-4.761,0,181.6,0.0
19.843101,3,0,0.290907,0.290907,0.2750,+0.01591,0,1,1,+0.53593,-0.09942,0.19468,162.10,1,0,+0.000,-11.000,-11.000,-0.02643,+3.726,+0.00000,0.00,+0.00000,1,+0.29223,+0.33787,0.01131,-4.761,0,181.6,0.0
19.848071,3,0,0.290907,0.290907,0.2750,+0.01591,0,1,1,+0.53593,-0.09942,0.19468,162.10,1,0,+0.000,-11.000,-11.000,-0.02648,+3.726,+0.00000,0.00,+0.00000,1,+0.29223,+0.33787,0.01131,-4.752,0,181.6,0.0
19.852488,3,0,0.290907,0.290907,0.2750,+0.01591,0,1,1,+0.53593,-0.09942,0.19468,162.10,1,0,+0.000,-11.000,-11.000,-0.02648,+3.726,+0.00000,0.00,+0.00000,1,+0.29223,+0.33787,0.01131,-4.752,0,181.6,0.0
19.857012,3,0,0.290907,0.290907,0.2750,+0.01591,0,1,1,+0.53593,-0.09942,0.19468,162.10,1,0,+0.000,-11.000,-11.000,-0.02647,+3.726,+0.00000,0.00,+0.00000,1,+0.29223,+0.33787,0.01131,-4.752,0,181.6,0.0
19.861586,3,0,0.290907,0.290907,0.2750,+0.01591,0,1,1,+0.53593,-0.09942,0.19468,162.10,1,0,+0.000,-11.000,-11.000,-0.02647,+3.726,+0.00000,0.00,+0.00000,1,+0.29223,+0.33787,0.01131,-4.752,0,181.6,0.0
19.865991,3,0,0.290907,0.290907,0.2750,+0.01591,0,1,1,+0.53593,-0.09942,0.19468,162.10,1,0,+0.000,-11.000,-11.000,-0.02644,+3.726,+0.00000,0.00,+0.00000,1,+0.29223,+0.33787,0.01131,-4.761,0,181.6,0.0
19.870741,3,0,0.290907,0.290907,0.2750,+0.01591,0,1,1,+0.53593,-0.09942,0.19468,162.10,1,0,+0.000,-11.000,-11.000,-0.02644,+3.726,+0.00000,0.00,+0.00000,1,+0.29223,+0.33787,0.01131,-4.761,0,181.6,0.0
19.875528,3,0,0.290907,0.290907,0.2750,+0.01591,0,1,1,+0.53593,-0.09942,0.19468,162.10,1,0,+0.000,-11.000,-11.000,-0.02642,+3.726,+0.00000,0.00,+0.00000,1,+0.29223,+0.33787,0.01131,-4.766,0,181.6,0.0
19.880373,3,0,0.290907,0.290907,0.2750,+0.01591,0,1,1,+0.53593,-0.09942,0.19468,162.10,1,0,+0.000,-11.000,-11.000,-0.02642,+3.726,+0.00000,0.00,+0.00000,1,+0.29223,+0.33787,0.01131,-4.766,0,181.6,0.0
19.884815,3,0,0.290907,0.290907,0.2750,+0.01591,0,1,1,+0.53593,-0.09942,0.19468,162.10,1,0,+0.000,-11.000,-11.000,-0.02640,+3.726,+0.00000,0.00,+0.00000,1,+0.29223,+0.33787,0.01131,-4.769,0,181.6,0.0
19.889532,3,0,0.290907,0.290907,0.2750,+0.01591,0,1,1,+0.53593,-0.09942,0.19468,162.10,1,0,+0.000,-11.000,-11.000,-0.02640,+3.726,+0.00000,0.00,+0.00000,1,+0.29223,+0.33787,0.01131,-4.769,0,181.6,0.0
19.894180,3,0,0.290907,0.290907,0.2750,+0.01591,0,1,1,+0.53593,-0.09942,0.19468,162.10,1,0,+0.000,-11.000,-11.000,-0.02639,+3.726,+0.00000,0.00,+0.00000,1,+0.29223,+0.33787,0.01131,-4.772,0,181.6,0.0
19.899000,3,0,0.290907,0.290907,0.2750,+0.01591,0,1,1,+0.53593,-0.09942,0.19468,162.10,1,0,+0.000,-11.000,-11.000,-0.02639,+3.726,+0.00000,0.00,+0.00000,1,+0.29223,+0.33787,0.01131,-4.772,0,181.6,0.0
19.903381,3,0,0.290907,0.290907,0.2750,+0.01591,0,1,1,+0.53593,-0.09942,0.19468,162.10,1,0,+0.000,-11.000,-11.000,-0.02639,+3.726,+0.00000,0.00,+0.00000,1,+0.29223,+0.33787,0.01131,-4.771,0,181.6,0.0
19.907840,3,0,0.290907,0.290907,0.2750,+0.01591,0,1,1,+0.53593,-0.09942,0.19468,162.10,1,0,+0.000,-11.000,-11.000,-0.02645,+3.726,+0.00000,0.00,+0.00000,1,+0.29223,+0.33787,0.01131,-4.757,0,181.6,0.0
19.913295,3,0,0.290907,0.290907,0.2750,+0.01591,0,1,1,+0.53593,-0.09942,0.19468,162.10,1,0,+0.000,-11.000,-11.000,-0.02645,+3.726,+0.00000,0.00,+0.00000,1,+0.29223,+0.33787,0.01131,-4.757,0,181.6,0.0
19.917725,3,0,0.290907,0.290907,0.2750,+0.01591,0,1,1,+0.53593,-0.09942,0.19468,162.10,1,0,+0.000,-11.000,-11.000,-0.02650,+3.726,+0.00000,0.00,+0.00000,1,+0.29223,+0.33787,0.01131,-4.747,0,181.6,0.0
19.922713,3,0,0.290907,0.290907,0.2750,+0.01591,0,1,1,+0.53593,-0.09942,0.19468,162.10,1,0,+0.000,-11.000,-11.000,-0.02650,+3.726,+0.00000,0.00,+0.00000,1,+0.29223,+0.33787,0.01131,-4.747,0,181.6,0.0
19.927269,3,0,0.290907,0.290907,0.2750,+0.01591,0,1,1,+0.53593,-0.09942,0.19468,162.10,1,0,+0.000,-11.000,-11.000,-0.02636,+3.726,+0.00000,0.00,+0.00000,1,+0.29223,+0.33787,0.01131,-4.778,0,181.6,0.0
19.931748,3,0,0.290907,0.290907,0.2750,+0.01591,0,1,1,+0.53593,-0.09942,0.19468,162.10,1,0,+0.000,-11.000,-11.000,-0.02636,+3.726,+0.00000,0.00,+0.00000,1,+0.29223,+0.33787,0.01131,-4.778,0,181.6,0.0
19.935964,3,0,0.290907,0.290907,0.2750,+0.01591,0,1,1,+0.53593,-0.09942,0.19468,162.10,1,0,+0.000,-11.000,-11.000,-0.02648,+3.726,+0.00000,0.00,+0.00000,1,+0.29223,+0.33787,0.01131,-4.752,0,181.6,0.0
19.940524,3,0,0.290907,0.290907,0.2750,+0.01591,0,1,1,+0.53593,-0.09942,0.19468,162.10,1,0,+0.000,-11.000,-11.000,-0.02648,+3.726,+0.00000,0.00,+0.00000,1,+0.29223,+0.33787,0.01131,-4.752,0,181.6,0.0
19.945212,3,0,0.290907,0.290907,0.2750,+0.01591,0,1,1,+0.53593,-0.09942,0.19468,162.10,1,0,+0.000,-11.000,-11.000,-0.02653,+3.726,+0.00000,0.00,+0.00000,1,+0.29223,+0.33787,0.01131,-4.740,0,181.6,0.0
19.949577,3,0,0.290907,0.290907,0.2750,+0.01591,0,1,1,+0.53593,-0.09942,0.19468,162.10,1,0,+0.000,-11.000,-11.000,-0.02653,+3.726,+0.00000,0.00,+0.00000,1,+0.29223,+0.33787,0.01131,-4.740,0,181.6,0.0
19.955593,3,0,0.290907,0.290907,0.2750,+0.01591,0,1,1,+0.53593,-0.09942,0.19468,162.10,1,0,+0.000,-11.000,-11.000,-0.02652,+3.726,+0.00000,0.00,+0.00000,1,+0.29223,+0.33787,0.01131,-4.742,0,181.6,0.0
19.959996,3,0,0.290907,0.290907,0.2750,+0.01591,0,1,1,+0.53593,-0.09942,0.19468,162.10,1,0,+0.000,-11.000,-11.000,-0.02653,+3.726,+0.00000,0.00,+0.00000,1,+0.29223,+0.33787,0.01131,-4.740,0,181.6,0.0
19.964535,3,0,0.290907,0.290907,0.2750,+0.01591,0,1,1,+0.53593,-0.09942,0.19468,162.10,1,0,+0.000,-11.000,-11.000,-0.02653,+3.726,+0.00000,0.00,+0.00000,1,+0.29223,+0.33787,0.01131,-4.740,0,181.6,0.0
19.969212,3,0,0.290907,0.290907,0.2750,+0.01591,0,1,1,+0.53593,-0.09942,0.19468,162.10,1,0,+0.000,-11.000,-11.000,-0.02656,+3.726,+0.00000,0.00,+0.00000,1,+0.29223,+0.33787,0.01131,-4.733,0,181.6,0.0
19.973725,3,0,0.290907,0.290907,0.2750,+0.01591,0,1,1,+0.53593,-0.09942,0.19468,162.10,1,0,+0.000,-11.000,-11.000,-0.02656,+3.726,+0.00000,0.00,+0.00000,1,+0.29223,+0.33787,0.01131,-4.733,0,181.6,0.0
19.978602,3,0,0.290907,0.290907,0.2750,+0.01591,0,1,1,+0.53593,-0.09942,0.19468,162.10,1,0,+0.000,-11.000,-11.000,-0.02646,+3.726,+0.00000,0.00,+0.00000,1,+0.29223,+0.33787,0.01131,-4.756,0,181.6,0.0
19.985779,3,0,0.290907,0.290907,0.2750,+0.01591,0,1,1,+0.53593,-0.09942,0.19468,162.10,1,0,+0.000,-11.000,-11.000,-0.02656,+3.726,+0.00000,0.00,+0.00000,1,+0.29223,+0.33787,0.01131,-4.732,0,181.6,0.0
19.990999,3,0,0.290907,0.290907,0.2750,+0.01591,0,1,1,+0.53593,-0.09942,0.19468,162.10,1,0,+0.000,-11.000,-11.000,-0.02656,+3.726,+0.00000,0.00,+0.00000,1,+0.29223,+0.33787,0.01131,-4.732,0,181.6,0.0
19.995509,3,0,0.290907,0.290907,0.2750,+0.01591,0,1,1,+0.53593,-0.09942,0.19468,162.10,1,0,+0.000,-11.000,-11.000,-0.02655,+3.726,+0.00000,0.00,+0.00000,1,+0.29223,+0.33787,0.01131,-4.735,0,181.6,0.0
20.000250,3,0,0.290907,0.290907,0.2750,+0.01591,0,1,1,+0.53593,-0.09942,0.19468,162.10,1,0,+0.000,-11.000,-11.000,-0.02655,+3.726,+0.00000,0.00,+0.00000,1,+0.29223,+0.33787,0.01131,-4.735,0,181.6,0.0
20.004685,3,0,0.290907,0.290907,0.2750,+0.01591,0,1,1,+0.53593,-0.09942,0.19468,162.10,1,0,+0.000,-11.000,-11.000,-0.02653,+3.726,+0.00000,0.00,+0.00000,1,+0.29223,+0.33787,0.01131,-4.739,0,181.6,0.0
20.009245,3,0,0.290907,0.290907,0.2750,+0.01591,0,1,1,+0.53593,-0.09942,0.19468,162.10,1,0,+0.000,-11.000,-11.000,-0.02653,+3.726,+0.00000,0.00,+0.00000,1,+0.29223,+0.33787,0.01131,-4.739,0,181.6,0.0
20.013998,3,0,0.290907,0.290907,0.2750,+0.01591,0,1,1,+0.53593,-0.09942,0.19468,162.10,1,0,+0.000,-11.000,-11.000,-0.02651,+3.726,+0.00000,0.00,+0.00000,1,+0.29223,+0.33787,0.01131,-4.744,0,181.6,0.0
20.019149,3,0,0.290907,0.290907,0.2750,+0.01591,0,1,1,+0.53593,-0.09942,0.19468,162.10,1,0,+0.000,-11.000,-11.000,-0.02651,+3.726,+0.00000,0.00,+0.00000,1,+0.29223,+0.33787,0.01131,-4.744,0,181.6,0.0
20.023773,3,0,0.290907,0.290907,0.2750,+0.01591,0,1,1,+0.53593,-0.09942,0.19468,162.10,1,0,+0.000,-11.000,-11.000,-0.02643,+3.726,+0.00000,0.00,+0.00000,1,+0.29223,+0.33787,0.01131,-4.761,0,181.6,0.0
20.028327,3,0,0.290907,0.290907,0.2750,+0.01591,0,1,1,+0.53593,-0.09942,0.19468,162.10,1,0,+0.000,-11.000,-11.000,-0.02643,+3.726,+0.00000,0.00,+0.00000,1,+0.29223,+0.33787,0.01131,-4.761,0,181.6,0.0
20.033505,3,0,0.290907,0.290907,0.2750,+0.01591,0,1,1,+0.53593,-0.09942,0.19468,162.10,1,0,+0.000,-11.000,-11.000,-0.02657,+3.726,+0.00000,0.00,+0.00000,1,+0.29223,+0.33787,0.01131,-4.731,0,181.6,0.0
20.038619,3,0,0.290907,0.290907,0.2750,+0.01591,0,1,1,+0.53593,-0.09942,0.19468,162.10,1,0,+0.000,-11.000,-11.000,-0.02657,+3.726,+0.00000,0.00,+0.00000,1,+0.29223,+0.33787,0.01131,-4.731,0,181.6,0.0
20.044165,3,0,0.290907,0.290907,0.2750,+0.01591,0,1,1,+0.53593,-0.09942,0.19468,162.10,1,0,+0.000,-11.000,-11.000,-0.02649,+3.726,+0.00000,0.00,+0.00000,1,+0.29223,+0.33787,0.01131,-4.747,0,181.6,0.0
20.049054,3,0,0.290907,0.290907,0.2750,+0.01591,0,1,1,+0.53593,-0.09942,0.19468,162.10,1,0,+0.000,-11.000,-11.000,-0.02654,+3.726,+0.00000,0.00,+0.00000,1,+0.29223,+0.33787,0.01131,-4.738,0,181.6,0.0
20.053560,3,0,0.290907,0.290907,0.2750,+0.01591,0,1,1,+0.53593,-0.09942,0.19468,162.10,1,0,+0.000,-11.000,-11.000,-0.02654,+3.726,+0.00000,0.00,+0.00000,1,+0.29223,+0.33787,0.01131,-4.738,0,181.6,0.0
20.058403,3,0,0.290907,0.290907,0.2750,+0.01591,0,1,1,+0.53593,-0.09942,0.19468,162.10,1,0,+0.000,-11.000,-11.000,-0.02654,+3.726,+0.00000,0.00,+0.00000,1,+0.29223,+0.33787,0.01131,-4.738,0,181.6,0.0
20.063087,3,0,0.290907,0.290907,0.2750,+0.01591,0,1,1,+0.53593,-0.09942,0.19468,162.10,1,0,+0.000,-11.000,-11.000,-0.02654,+3.726,+0.00000,0.00,+0.00000,1,+0.29223,+0.33787,0.01131,-4.738,0,181.6,0.0
20.067478,3,0,0.290907,0.290907,0.2750,+0.01591,0,1,1,+0.53593,-0.09942,0.19468,162.10,1,0,+0.000,-11.000,-11.000,-0.02653,+3.726,+0.00000,0.00,+0.00000,1,+0.29223,+0.33787,0.01131,-4.739,0,181.6,0.0
20.071855,3,0,0.290907,0.290907,0.2750,+0.01591,0,1,1,+0.53593,-0.09942,0.19468,162.10,1,0,+0.000,-11.000,-11.000,-0.02653,+3.726,+0.00000,0.00,+0.00000,1,+0.29223,+0.33787,0.01131,-4.739,0,181.6,0.0
20.076176,3,0,0.290907,0.290907,0.2750,+0.01591,0,1,1,+0.53593,-0.09942,0.19468,162.10,1,0,+0.000,-11.000,-11.000,-0.02655,+3.726,+0.00000,0.00,+0.00000,1,+0.29223,+0.33787,0.01131,-4.736,0,181.6,0.0
20.080899,3,0,0.290907,0.290907,0.2750,+0.01591,0,1,1,+0.53593,-0.09942,0.19468,162.10,1,0,+0.000,-11.000,-11.000,-0.02655,+3.726,+0.00000,0.00,+0.00000,1,+0.29223,+0.33787,0.01131,-4.736,0,181.6,0.0
20.088205,3,0,0.290907,0.290907,0.2750,+0.01591,0,1,1,+0.53593,-0.09942,0.19468,162.10,1,0,+0.000,-11.000,-11.000,-0.02657,+3.726,+0.00000,0.00,+0.00000,1,+0.29223,+0.33787,0.01131,-4.731,0,181.6,0.0
20.092590,3,0,0.290907,0.290907,0.2750,+0.01591,0,1,1,+0.53593,-0.09942,0.19468,162.10,1,0,+0.000,-11.000,-11.000,-0.02651,+3.726,+0.00000,0.00,+0.00000,1,+0.29223,+0.33787,0.01131,-4.745,0,181.6,0.0
20.097169,3,0,0.290907,0.290907,0.2750,+0.01591,0,1,1,+0.53593,-0.09942,0.19468,162.10,1,0,+0.000,-11.000,-11.000,-0.02651,+3.726,+0.00000,0.00,+0.00000,1,+0.29223,+0.33787,0.01131,-4.745,0,181.6,0.0
20.101693,3,0,0.290907,0.290907,0.2750,+0.01591,0,1,1,+0.53593,-0.09942,0.19468,162.10,1,0,+0.000,-11.000,-11.000,-0.02654,+3.726,+0.00000,0.00,+0.00000,1,+0.29223,+0.33787,0.01131,-4.737,0,181.6,0.0
20.105990,3,0,0.290907,0.290907,0.2750,+0.01591,0,1,1,+0.53593,-0.09942,0.19468,162.10,1,0,+0.000,-11.000,-11.000,-0.02654,+3.726,+0.00000,0.00,+0.00000,1,+0.29223,+0.33787,0.01131,-4.737,0,181.6,0.0
20.110597,3,0,0.290907,0.290907,0.2750,+0.01591,0,1,1,+0.53593,-0.09942,0.19468,162.10,1,0,+0.000,-11.000,-11.000,-0.02657,+3.726,+0.00000,0.00,+0.00000,1,+0.29223,+0.33787,0.01131,-4.731,0,181.6,0.0
20.115286,3,0,0.290907,0.290907,0.2750,+0.01591,0,1,1,+0.53593,-0.09942,0.19468,162.10,1,0,+0.000,-11.000,-11.000,-0.02657,+3.726,+0.00000,0.00,+0.00000,1,+0.29223,+0.33787,0.01131,-4.731,0,181.6,0.0
20.120140,3,0,0.290907,0.290907,0.2750,+0.01591,0,1,1,+0.53593,-0.09942,0.19468,162.10,1,0,+0.000,-11.000,-11.000,-0.02659,+3.726,+0.00000,0.00,+0.00000,1,+0.29223,+0.33787,0.01131,-4.726,0,181.6,0.0
20.124858,3,0,0.290907,0.290907,0.2750,+0.01591,0,1,1,+0.53593,-0.09942,0.19468,162.10,1,0,+0.000,-11.000,-11.000,-0.02659,+3.726,+0.00000,0.00,+0.00000,1,+0.29223,+0.33787,0.01131,-4.726,0,181.6,0.0
20.129576,3,0,0.290907,0.290907,0.2750,+0.01591,0,1,1,+0.53593,-0.09942,0.19468,162.10,1,0,+0.000,-11.000,-11.000,-0.02655,+3.726,+0.00000,0.00,+0.00000,1,+0.29223,+0.33787,0.01131,-4.735,0,181.6,0.0
20.134257,3,0,0.290907,0.290907,0.2750,+0.01591,0,1,1,+0.53593,-0.09942,0.19468,162.10,1,0,+0.000,-11.000,-11.000,-0.02655,+3.726,+0.00000,0.00,+0.00000,1,+0.29223,+0.33787,0.01131,-4.735,0,181.6,0.0
20.139197,3,0,0.290907,0.290907,0.2750,+0.01591,0,1,1,+0.53593,-0.09942,0.19468,162.10,1,0,+0.000,-11.000,-11.000,-0.02653,+3.726,+0.00000,0.00,+0.00000,1,+0.29223,+0.33787,0.01131,-4.738,0,181.6,0.0
20.143807,3,0,0.290907,0.290907,0.2750,+0.01591,0,1,1,+0.53593,-0.09942,0.19468,162.10,1,0,+0.000,-11.000,-11.000,-0.02653,+3.726,+0.00000,0.00,+0.00000,1,+0.29223,+0.33787,0.01131,-4.738,0,181.6,0.0
20.148888,3,0,0.290907,0.290907,0.2750,+0.01591,0,1,1,+0.53593,-0.09942,0.19468,162.10,1,0,+0.000,-11.000,-11.000,-0.02652,+3.726,+0.00000,0.00,+0.00000,1,+0.29223,+0.33787,0.01131,-4.741,0,181.6,0.0
20.153283,3,0,0.290907,0.290907,0.2750,+0.01591,0,1,1,+0.53593,-0.09942,0.19468,162.10,1,0,+0.000,-11.000,-11.000,-0.02656,+3.726,+0.00000,0.00,+0.00000,1,+0.29223,+0.33787,0.01131,-4.732,0,181.6,0.0
20.157879,3,0,0.290907,0.290907,0.2750,+0.01591,0,1,1,+0.53593,-0.09942,0.19468,162.10,1,0,+0.000,-11.000,-11.000,-0.02656,+3.726,+0.00000,0.00,+0.00000,1,+0.29223,+0.33787,0.01131,-4.732,0,181.6,0.0
20.162888,3,0,0.290907,0.290907,0.2750,+0.01591,0,1,1,+0.53593,-0.09942,0.19468,162.10,1,0,+0.000,-11.000,-11.000,-0.02654,+3.726,+0.00000,0.00,+0.00000,1,+0.29223,+0.33787,0.01131,-4.736,0,181.6,0.0
20.167584,3,0,0.290907,0.290907,0.2750,+0.01591,0,1,1,+0.53593,-0.09942,0.19468,162.10,1,0,+0.000,-11.000,-11.000,-0.02654,+3.726,+0.00000,0.00,+0.00000,1,+0.29223,+0.33787,0.01131,-4.736,0,181.6,0.0
20.173038,3,0,0.290907,0.290907,0.2750,+0.01591,0,1,1,+0.53593,-0.09942,0.19468,162.10,1,0,+0.000,-11.000,-11.000,-0.02646,+3.726,+0.00000,0.00,+0.00000,1,+0.29223,+0.33787,0.01131,-4.755,0,181.6,0.0
20.177650,3,0,0.290907,0.290907,0.2750,+0.01591,0,1,1,+0.53593,-0.09942,0.19468,162.10,1,0,+0.000,-11.000,-11.000,-0.02646,+3.726,+0.00000,0.00,+0.00000,1,+0.29223,+0.33787,0.01131,-4.755,0,181.6,0.0
20.182175,3,0,0.290907,0.290907,0.2750,+0.01591,0,1,1,+0.53593,-0.09942,0.19468,162.10,1,0,+0.000,-11.000,-11.000,-0.02650,+3.726,+0.00000,0.00,+0.00000,1,+0.29223,+0.33787,0.01131,-4.745,0,181.6,0.0
20.186780,3,0,0.290907,0.290907,0.2750,+0.01591,0,1,1,+0.53593,-0.09942,0.19468,162.10,1,0,+0.000,-11.000,-11.000,-0.02650,+3.726,+0.00000,0.00,+0.00000,1,+0.29223,+0.33787,0.01131,-4.745,0,181.6,0.0
20.191126,3,0,0.290907,0.290907,0.2750,+0.01591,0,1,1,+0.53593,-0.09942,0.19468,162.10,1,0,+0.000,-11.000,-11.000,-0.02653,+3.726,+0.00000,0.00,+0.00000,1,+0.29223,+0.33787,0.01131,-4.739,0,181.6,0.0
20.195693,3,0,0.290907,0.290907,0.2750,+0.01591,0,1,1,+0.53593,-0.09942,0.19468,162.10,1,0,+0.000,-11.000,-11.000,-0.02653,+3.726,+0.00000,0.00,+0.00000,1,+0.29223,+0.33787,0.01131,-4.739,0,181.6,0.0
20.200362,3,0,0.290907,0.290907,0.2750,+0.01591,0,1,1,+0.53593,-0.09942,0.19468,162.10,1,0,+0.000,-11.000,-11.000,-0.02658,+3.726,+0.00000,0.00,+0.00000,1,+0.29223,+0.33787,0.01131,-4.728,0,181.6,0.0
20.205007,3,0,0.290907,0.290907,0.2750,+0.01591,0,1,1,+0.53593,-0.09942,0.19468,162.10,1,0,+0.000,-11.000,-11.000,-0.02658,+3.726,+0.00000,0.00,+0.00000,1,+0.29223,+0.33787,0.01131,-4.728,0,181.6,0.0
20.209428,3,0,0.290907,0.290907,0.2750,+0.01591,0,1,1,+0.53593,-0.09942,0.19468,162.10,1,0,+0.000,-11.000,-11.000,-0.02661,+3.726,+0.00000,0.00,+0.00000,1,+0.29223,+0.33787,0.01131,-4.722,0,181.6,0.0
20.213617,3,0,0.290907,0.290907,0.2750,+0.01591,0,1,1,+0.53593,-0.09942,0.19468,162.10,1,0,+0.000,-11.000,-11.000,-0.02661,+3.726,+0.00000,0.00,+0.00000,1,+0.29223,+0.33787,0.01131,-4.720,0,181.6,0.0
20.218834,3,0,0.290907,0.290907,0.2750,+0.01591,0,1,1,+0.53593,-0.09942,0.19468,162.10,1,0,+0.000,-11.000,-11.000,-0.02661,+3.726,+0.00000,0.00,+0.00000,1,+0.29223,+0.33787,0.01131,-4.720,0,181.6,0.0
20.224847,3,0,0.290907,0.290907,0.2750,+0.01591,0,1,1,+0.53593,-0.09942,0.19468,162.10,1,0,+0.000,-11.000,-11.000,-0.02661,+3.726,+0.00000,0.00,+0.00000,1,+0.29223,+0.33787,0.01131,-4.720,0,181.6,0.0
20.229786,3,0,0.290907,0.290907,0.2750,+0.01591,0,1,1,+0.53593,-0.09942,0.19468,162.10,1,0,+0.000,-11.000,-11.000,-0.02650,+3.726,+0.00000,0.00,+0.00000,1,+0.29223,+0.33787,0.01131,-4.746,0,181.6,0.0
20.235151,3,0,0.290907,0.290907,0.2750,+0.01591,0,1,1,+0.53593,-0.09942,0.19468,162.10,1,0,+0.000,-11.000,-11.000,-0.02644,+3.726,+0.00000,0.00,+0.00000,1,+0.29223,+0.33787,0.01131,-4.761,0,181.6,0.0
20.239624,3,0,0.290907,0.290907,0.2750,+0.01591,0,1,1,+0.53593,-0.09942,0.19468,162.10,1,0,+0.000,-11.000,-11.000,-0.02644,+3.726,+0.00000,0.00,+0.00000,1,+0.29223,+0.33787,0.01131,-4.761,0,181.6,0.0
20.244392,3,0,0.290907,0.290907,0.2750,+0.01591,0,1,1,+0.53593,-0.09942,0.19468,162.10,1,0,+0.000,-11.000,-11.000,-0.02649,+3.726,+0.00000,0.00,+0.00000,1,+0.29223,+0.33787,0.01131,-4.749,0,181.6,0.0
20.248713,3,0,0.290907,0.290907,0.2750,+0.01591,0,1,1,+0.53593,-0.09942,0.19468,162.10,1,0,+0.000,-11.000,-11.000,-0.02649,+3.726,+0.00000,0.00,+0.00000,1,+0.29223,+0.33787,0.01131,-4.749,0,181.6,0.0
20.253094,3,0,0.290907,0.290907,0.2750,+0.01591,0,1,1,+0.53593,-0.09942,0.19468,162.10,1,0,+0.000,-11.000,-11.000,-0.02645,+3.726,+0.00000,0.00,+0.00000,1,+0.29223,+0.33787,0.01131,-4.759,0,181.6,0.0
20.259327,3,0,0.290907,0.290907,0.2750,+0.01591,0,1,1,+0.53593,-0.09942,0.19468,162.10,1,0,+0.000,-11.000,-11.000,-0.02645,+3.726,+0.00000,0.00,+0.00000,1,+0.29223,+0.33787,0.01131,-4.759,0,181.6,0.0
20.264035,3,0,0.290907,0.290907,0.2750,+0.01591,0,1,1,+0.53593,-0.09942,0.19468,162.10,1,0,+0.000,-11.000,-11.000,-0.02648,+3.726,+0.00000,0.00,+0.00000,1,+0.29223,+0.33787,0.01131,-4.751,0,181.6,0.0
20.268686,3,0,0.290907,0.290907,0.2750,+0.01591,0,1,1,+0.53593,-0.09942,0.19468,162.10,1,0,+0.000,-11.000,-11.000,-0.02648,+3.726,+0.00000,0.00,+0.00000,1,+0.29223,+0.33787,0.01131,-4.751,0,181.6,0.0
20.273674,3,0,0.290907,0.290907,0.2750,+0.01591,0,1,1,+0.53593,-0.09942,0.19468,162.10,1,0,+0.000,-11.000,-11.000,-0.02646,+3.726,+0.00000,0.00,+0.00000,1,+0.29223,+0.33787,0.01131,-4.756,0,181.6,0.0
20.278554,3,0,0.290907,0.290907,0.2750,+0.01591,0,1,1,+0.53593,-0.09942,0.19468,162.10,1,0,+0.000,-11.000,-11.000,-0.02653,+3.726,+0.00000,0.00,+0.00000,1,+0.29223,+0.33787,0.01131,-4.739,0,181.6,0.0
20.283507,3,0,0.290907,0.290907,0.2750,+0.01591,0,1,1,+0.53593,-0.09942,0.19468,162.10,1,0,+0.000,-11.000,-11.000,-0.02653,+3.726,+0.00000,0.00,+0.00000,1,+0.29223,+0.33787,0.01131,-4.739,0,181.6,0.0
20.288137,3,0,0.290907,0.290907,0.2750,+0.01591,0,1,1,+0.53593,-0.09942,0.19468,162.10,1,0,+0.000,-11.000,-11.000,-0.02647,+3.726,+0.00000,0.00,+0.00000,1,+0.29223,+0.33787,0.01131,-4.753,0,181.6,0.0
20.292839,3,0,0.290907,0.290907,0.2750,+0.01591,0,1,1,+0.53593,-0.09942,0.19468,162.10,1,0,+0.000,-11.000,-11.000,-0.02647,+3.726,+0.00000,0.00,+0.00000,1,+0.29223,+0.33787,0.01131,-4.753,0,181.6,0.0
20.297399,3,0,0.290907,0.290907,0.2750,+0.01591,0,1,1,+0.53593,-0.09942,0.19468,162.10,1,0,+0.000,-11.000,-11.000,-0.02645,+3.726,+0.00000,0.00,+0.00000,1,+0.29223,+0.33787,0.01131,-4.757,0,181.6,0.0
20.302103,3,0,0.290907,0.290907,0.2750,+0.01591,0,1,1,+0.53593,-0.09942,0.19468,162.10,1,0,+0.000,-11.000,-11.000,-0.02645,+3.726,+0.00000,0.00,+0.00000,1,+0.29223,+0.33787,0.01131,-4.757,0,181.6,0.0
20.306700,3,0,0.290907,0.290907,0.2750,+0.01591,0,1,1,+0.53593,-0.09942,0.19468,162.10,1,0,+0.000,-11.000,-11.000,-0.02657,+3.726,+0.00000,0.00,+0.00000,1,+0.29223,+0.33787,0.01131,-4.730,0,181.6,0.0
20.311389,3,0,0.290907,0.290907,0.2750,+0.01591,0,1,1,+0.53593,-0.09942,0.19468,162.10,1,0,+0.000,-11.000,-11.000,-0.02657,+3.726,+0.00000,0.00,+0.00000,1,+0.29223,+0.33787,0.01131,-4.730,0,181.6,0.0
20.315919,3,0,0.290907,0.290907,0.2750,+0.01591,0,1,1,+0.53593,-0.09942,0.19468,162.10,1,0,+0.000,-11.000,-11.000,-0.02656,+3.726,+0.00000,0.00,+0.00000,1,+0.29223,+0.33787,0.01131,-4.733,0,181.6,0.0
20.322502,4,0,0.290907,0.290907,0.2750,+0.01591,0,1,1,+0.53593,-0.09942,0.19468,162.10,1,0,+0.000,-11.000,-11.000,-0.02650,+3.726,+0.00000,0.00,+0.00000,1,+0.29223,+0.33787,0.01131,-4.746,0,181.6,0.0
20.327127,4,0,0.290907,0.290907,0.2750,+0.01591,0,1,1,+0.53593,-0.09942,0.19468,162.10,1,0,+0.000,-11.000,-11.000,-0.02650,+3.726,+0.00000,0.00,+0.00000,1,+0.29223,+0.33787,0.01131,-4.746,0,181.6,0.0
20.331622,4,0,0.290907,0.290907,0.2750,+0.01591,0,1,1,+0.53593,-0.09942,0.19468,162.10,1,0,+0.000,-11.000,-11.000,-0.02649,+3.726,+0.00000,0.00,+0.00000,1,+0.29223,+0.33787,0.01131,-4.749,0,181.6,0.0
20.335846,4,0,0.290907,0.290907,0.2750,+0.01591,0,1,1,+0.53593,-0.09942,0.19468,162.10,1,0,+0.000,-11.000,-11.000,-0.02649,+3.726,+0.00000,0.00,+0.00000,1,+0.29223,+0.33787,0.01131,-4.749,0,181.6,0.0
20.340581,4,0,0.290907,0.290907,0.2750,+0.01591,0,1,1,+0.53593,-0.09942,0.19468,162.10,1,0,+0.000,-11.000,-11.000,-0.02653,+3.726,+0.00000,0.00,+0.00000,1,+0.29223,+0.33787,0.01131,-4.739,0,181.6,0.0
20.345218,4,0,0.290907,0.290907,0.2750,+0.01591,0,1,1,+0.53593,-0.09942,0.19468,162.10,1,0,+0.000,-11.000,-11.000,-0.02653,+3.726,+0.00000,0.00,+0.00000,1,+0.29223,+0.33787,0.01131,-4.739,0,181.6,0.0
20.349714,4,0,0.290907,0.290907,0.2750,+0.01591,0,1,1,+0.53593,-0.09942,0.19468,162.10,1,0,+0.000,-11.000,-11.000,-0.02649,+3.726,+0.00000,0.00,+0.00000,1,+0.29223,+0.33787,0.01131,-4.749,0,181.6,0.0
20.355802,4,0,0.290907,0.290907,0.2750,+0.01591,0,1,1,+0.53593,-0.09942,0.19468,162.10,1,0,+0.000,-11.000,-11.000,-0.02649,+3.726,+0.00000,0.00,+0.00000,1,+0.29223,+0.33787,0.01131,-4.749,0,210.5,0.0
20.360314,4,0,0.290907,0.290907,0.2750,+0.01591,0,1,1,+0.53593,-0.09942,0.19468,162.10,1,0,+0.000,-11.000,-11.000,-0.02655,+3.726,+0.00000,0.00,+0.00000,1,+0.29223,+0.33787,0.01131,-4.735,0,210.5,0.0
20.364932,4,0,0.290907,0.290907,0.2750,+0.01591,0,1,1,+0.53593,-0.09942,0.19468,162.10,1,0,+0.000,-11.000,-11.000,-0.02655,+3.726,+0.00000,0.00,+0.00000,1,+0.29223,+0.33787,0.01131,-4.735,0,210.5,0.0
20.369492,4,0,0.290907,0.290907,0.2750,+0.01591,0,1,1,+0.53593,-0.09942,0.19468,162.10,1,0,+0.000,-11.000,-11.000,-0.02654,+3.726,+0.00000,0.00,+0.00000,1,+0.29223,+0.33787,0.01131,-4.738,0,210.5,0.0
20.373983,4,0,0.290907,0.290907,0.2750,+0.01591,0,1,1,+0.53593,-0.09942,0.19468,162.10,1,0,+0.000,-11.000,-11.000,-0.02654,+3.726,+0.00000,0.00,+0.00000,1,+0.29223,+0.33787,0.01131,-4.738,0,210.5,0.0
20.379695,4,0,0.290907,0.290907,0.2750,+0.01591,0,1,1,+0.53593,-0.09942,0.19468,162.10,1,0,+0.000,-11.000,-11.000,-0.02654,+3.726,+0.00000,0.00,+0.00000,1,+0.29223,+0.33787,0.01131,-4.736,0,210.5,0.0
20.384223,4,0,0.290907,0.290907,0.2750,+0.01591,0,1,1,+0.53593,-0.09942,0.19468,162.10,1,0,+0.000,-11.000,-11.000,-0.02654,+3.726,+0.00000,0.00,+0.00000,1,+0.29223,+0.33787,0.01131,-4.736,0,210.5,0.0
20.389066,4,0,0.290907,0.290907,0.2750,+0.01591,0,1,1,+0.53593,-0.09942,0.19468,162.10,1,0,+0.000,-11.000,-11.000,-0.02646,+3.726,+0.00000,0.00,+0.00000,1,+0.29223,+0.33787,0.01131,-4.755,0,210.5,0.0
20.393587,4,0,0.290907,0.290907,0.2750,+0.01591,0,1,1,+0.53593,-0.09942,0.19468,162.10,1,0,+0.000,-11.000,-11.000,-0.02651,+3.726,+0.00000,0.00,+0.00000,1,+0.29223,+0.33787,0.01131,-4.744,0,210.5,0.0
20.398156,4,0,0.290907,0.290907,0.2750,+0.01591,0,1,1,+0.53593,-0.09942,0.19468,162.10,1,0,+0.000,-11.000,-11.000,-0.02651,+3.726,+0.00000,0.00,+0.00000,1,+0.29223,+0.33787,0.01131,-4.744,0,210.5,0.0
20.402798,4,0,0.290907,0.290907,0.2750,+0.01591,0,1,1,+0.53593,-0.09942,0.19468,162.10,1,0,+0.000,-11.000,-11.000,-0.02649,+3.726,+0.00000,0.00,+0.00000,1,+0.29223,+0.33787,0.01131,-4.748,0,210.5,0.0
20.407257,4,0,0.290907,0.290907,0.2750,+0.01591,0,1,1,+0.53593,-0.09942,0.19468,162.10,1,0,+0.000,-11.000,-11.000,-0.02649,+3.726,+0.00000,0.00,+0.00000,1,+0.29223,+0.33787,0.01131,-4.748,0,210.5,0.0
20.411769,4,0,0.290907,0.290907,0.2750,+0.01591,0,1,1,+0.53593,-0.09942,0.19468,162.10,1,0,+0.000,-11.000,-11.000,-0.02653,+3.726,+0.00000,0.00,+0.00000,1,+0.29223,+0.33787,0.01131,-4.740,0,210.5,0.0
20.416056,4,0,0.290907,0.290907,0.2750,+0.01591,0,1,1,+0.53593,-0.09942,0.19468,162.10,1,0,+0.000,-11.000,-11.000,-0.02653,+3.726,+0.00000,0.00,+0.00000,1,+0.29223,+0.33787,0.01131,-4.740,0,210.5,0.0
20.420796,4,0,0.290907,0.290907,0.2750,+0.01591,0,1,1,+0.53593,-0.09942,0.19468,162.10,1,0,+0.000,-11.000,-11.000,-0.02648,+3.726,+0.00000,0.00,+0.00000,1,+0.29223,+0.33787,0.01131,-4.751,0,210.5,0.0
20.425572,4,0,0.290907,0.290907,0.2750,+0.01591,0,1,1,+0.53593,-0.09942,0.19468,162.10,1,0,+0.000,-11.000,-11.000,-0.02648,+3.726,+0.00000,0.00,+0.00000,1,+0.29223,+0.33787,0.01131,-4.751,0,210.5,0.0
20.430123,4,0,0.290907,0.290907,0.2750,+0.01591,0,1,1,+0.53593,-0.09942,0.19468,162.10,1,0,+0.000,-11.000,-11.000,-0.02653,+3.726,+0.00000,0.00,+0.00000,1,+0.29223,+0.33787,0.01131,-4.740,0,210.5,0.0
20.434926,4,0,0.290907,0.290907,0.2750,+0.01591,0,1,1,+0.53593,-0.09942,0.19468,162.10,1,0,+0.000,-11.000,-11.000,-0.02653,+3.726,+0.00000,0.00,+0.00000,1,+0.29223,+0.33787,0.01131,-4.740,0,210.5,0.0
20.439512,4,0,0.290907,0.290907,0.2750,+0.01591,0,1,1,+0.53593,-0.09942,0.19468,162.10,1,0,+0.000,-11.000,-11.000,-0.02658,+3.726,+0.00000,0.00,+0.00000,1,+0.29223,+0.33787,0.01131,-4.729,0,210.5,0.0
20.444094,4,0,0.290907,0.290907,0.2750,+0.01591,0,1,1,+0.53593,-0.09942,0.19468,162.10,1,0,+0.000,-11.000,-11.000,-0.02658,+3.726,+0.00000,0.00,+0.00000,1,+0.29223,+0.33787,0.01131,-4.729,0,210.5,0.0
20.448613,4,0,0.290907,0.290907,0.2750,+0.01591,0,1,1,+0.53593,-0.09942,0.19468,162.10,1,0,+0.000,-11.000,-11.000,-0.02655,+3.726,+0.00000,0.00,+0.00000,1,+0.29223,+0.33787,0.01131,-4.734,0,210.5,0.0
20.453189,4,0,0.290907,0.290907,0.2750,+0.01591,0,1,1,+0.53593,-0.09942,0.19468,162.10,1,0,+0.000,-11.000,-11.000,-0.02655,+3.726,+0.00000,0.00,+0.00000,1,+0.29223,+0.33787,0.01131,-4.734,0,210.5,0.0
20.457762,4,0,0.290907,0.290907,0.2750,+0.01591,0,1,1,+0.53593,-0.09942,0.19468,162.10,1,0,+0.000,-11.000,-11.000,-0.02649,+3.726,+0.00000,0.00,+0.00000,1,+0.29223,+0.33787,0.01131,-4.748,0,210.5,0.0
20.463316,4,0,0.290907,0.290907,0.2750,+0.01591,0,1,1,+0.53593,-0.09942,0.19468,162.10,1,0,+0.000,-11.000,-11.000,-0.02649,+3.726,+0.00000,0.00,+0.00000,1,+0.29223,+0.33787,0.01131,-4.748,0,210.5,0.0
20.468064,4,0,0.290907,0.290907,0.2750,+0.01591,0,1,1,+0.53593,-0.09942,0.19468,162.10,1,0,+0.000,-11.000,-11.000,-0.02648,+3.726,+0.00000,0.00,+0.00000,1,+0.29223,+0.33787,0.01131,-4.750,0,210.5,0.0
20.472881,4,0,0.290907,0.290907,0.2750,+0.01591,0,1,1,+0.53593,-0.09942,0.19468,162.10,1,0,+0.000,-11.000,-11.000,-0.02648,+3.726,+0.00000,0.00,+0.00000,1,+0.29223,+0.33787,0.01131,-4.750,0,210.5,0.0
20.477249,4,0,0.290907,0.290907,0.2750,+0.01591,0,1,1,+0.53593,-0.09942,0.19468,162.10,1,0,+0.000,-11.000,-11.000,-0.02645,+3.726,+0.00000,0.00,+0.00000,1,+0.29223,+0.33787,0.01131,-4.757,0,210.5,0.0
20.482088,4,0,0.290907,0.290907,0.2750,+0.01591,0,1,1,+0.53593,-0.09942,0.19468,162.10,1,0,+0.000,-11.000,-11.000,-0.02651,+3.726,+0.00000,0.00,+0.00000,1,+0.29223,+0.33787,0.01131,-4.745,0,210.5,0.0
20.490535,4,0,0.290907,0.290907,0.2750,+0.01591,0,1,1,+0.53593,-0.09942,0.19468,162.10,1,0,+0.000,-11.000,-11.000,-0.02651,+3.726,+0.00000,0.00,+0.00000,1,+0.29223,+0.33787,0.01131,-4.745,0,210.5,0.0
20.495148,4,0,0.290907,0.290907,0.2750,+0.01591,0,1,1,+0.53593,-0.09942,0.19468,162.10,1,0,+0.000,-11.000,-11.000,-0.02642,+3.726,+0.00000,0.00,+0.00000,1,+0.29223,+0.33787,0.01131,-4.766,0,210.5,0.0
20.499493,4,0,0.290907,0.290907,0.2750,+0.01591,0,1,1,+0.53593,-0.09942,0.19468,162.10,1,0,+0.000,-11.000,-11.000,-0.02652,+3.726,+0.00000,0.00,+0.00000,1,+0.29223,+0.33787,0.01131,-4.742,0,210.5,0.0
20.505024,4,0,0.290907,0.290907,0.2750,+0.01591,0,1,1,+0.53593,-0.09942,0.19468,162.10,1,0,+0.000,-11.000,-11.000,-0.02652,+3.726,+0.00000,0.00,+0.00000,1,+0.29223,+0.33787,0.01131,-4.742,0,210.5,0.0
20.509809,4,0,0.290907,0.290907,0.2750,+0.01591,0,1,1,+0.53593,-0.09942,0.19468,162.10,1,0,+0.000,-11.000,-11.000,-0.02651,+3.726,+0.00000,0.00,+0.00000,1,+0.29223,+0.33787,0.01131,-4.745,0,210.5,0.0
20.514354,4,0,0.290907,0.290907,0.2750,+0.01591,0,1,1,+0.53593,-0.09942,0.19468,162.10,1,0,+0.000,-11.000,-11.000,-0.02651,+3.726,+0.00000,0.00,+0.00000,1,+0.29223,+0.33787,0.01131,-4.745,0,210.5,0.0
20.518962,4,0,0.290907,0.290907,0.2750,+0.01591,0,1,1,+0.53593,-0.09942,0.19468,162.10,1,0,+0.000,-11.000,-11.000,-0.02656,+3.726,+0.00000,0.00,+0.00000,1,+0.29223,+0.33787,0.01131,-4.732,0,210.5,0.0
20.524110,4,0,0.290907,0.290907,0.2750,+0.01591,0,1,1,+0.53593,-0.09942,0.19468,162.10,1,0,+0.000,-11.000,-11.000,-0.02656,+3.726,+0.00000,0.00,+0.00000,1,+0.29223,+0.33787,0.01131,-4.732,0,210.5,0.0
20.528536,4,0,0.290907,0.290907,0.2750,+0.01591,0,1,1,+0.53593,-0.09942,0.19468,162.10,1,0,+0.000,-11.000,-11.000,-0.02650,+3.726,+0.00000,0.00,+0.00000,1,+0.29223,+0.33787,0.01131,-4.745,0,210.5,0.0
20.532743,4,0,0.290907,0.290907,0.2750,+0.01591,0,1,1,+0.53593,-0.09942,0.19468,162.10,1,0,+0.000,-11.000,-11.000,-0.02650,+3.726,+0.00000,0.00,+0.00000,1,+0.29223,+0.33787,0.01131,-4.745,0,210.5,0.0
20.537298,4,0,0.290907,0.290907,0.2750,+0.01591,0,1,1,+0.53593,-0.09942,0.19468,162.10,1,0,+0.000,-11.000,-11.000,-0.02656,+3.726,+0.00000,0.00,+0.00000,1,+0.29223,+0.33787,0.01131,-4.733,0,210.5,0.0
20.541895,4,0,0.290907,0.290907,0.2750,+0.01591,0,1,1,+0.53593,-0.09942,0.19468,162.10,1,0,+0.000,-11.000,-11.000,-0.02656,+3.726,+0.00000,0.00,+0.00000,1,+0.29223,+0.33787,0.01131,-4.733,0,210.5,0.0
20.546578,4,0,0.290907,0.290907,0.2750,+0.01591,0,1,1,+0.53593,-0.09942,0.19468,162.10,1,0,+0.000,-11.000,-11.000,-0.02652,+3.726,+0.00000,0.00,+0.00000,1,+0.29223,+0.33787,0.01131,-4.742,0,210.5,0.0
20.551023,4,0,0.290907,0.290907,0.2750,+0.01591,0,1,1,+0.53593,-0.09942,0.19468,162.10,1,0,+0.000,-11.000,-11.000,-0.02657,+3.726,+0.00000,0.00,+0.00000,1,+0.29223,+0.33787,0.01131,-4.729,0,210.5,0.0
20.555772,4,0,0.290907,0.290907,0.2750,+0.01591,0,1,1,+0.53593,-0.09942,0.19468,162.10,1,0,+0.000,-11.000,-11.000,-0.02657,+3.726,+0.00000,0.00,+0.00000,1,+0.29223,+0.33787,0.01131,-4.729,0,210.5,0.0
20.560689,4,0,0.290907,0.290907,0.2750,+0.01591,0,1,1,+0.53593,-0.09942,0.19468,162.10,1,0,+0.000,-11.000,-11.000,-0.02657,+3.726,+0.00000,0.00,+0.00000,1,+0.29223,+0.33787,0.01131,-4.729,0,210.5,0.0
20.566811,4,0,0.290907,0.290907,0.2750,+0.01591,0,1,1,+0.53593,-0.09942,0.19468,162.10,1,0,+0.000,-11.000,-11.000,-0.02650,+3.726,+0.00000,0.00,+0.00000,1,+0.29223,+0.33787,0.01131,-4.747,0,210.5,0.0
20.572791,4,0,0.290907,0.290907,0.2750,+0.01591,0,1,1,+0.53593,-0.09942,0.19468,162.10,1,0,+0.000,-11.000,-11.000,-0.02650,+3.726,+0.00000,0.00,+0.00000,1,+0.29223,+0.33787,0.01131,-4.747,0,210.5,0.0
20.577682,4,0,0.290907,0.290907,0.2750,+0.01591,0,1,1,+0.53593,-0.09942,0.19468,162.10,1,0,+0.000,-11.000,-11.000,-0.02634,+3.726,+0.00000,0.00,+0.00000,1,+0.29223,+0.33787,0.01131,-4.782,0,210.5,0.0
20.583868,4,0,0.290907,0.290907,0.2750,+0.01591,0,1,1,+0.53593,-0.09942,0.19468,162.10,1,0,+0.000,-11.000,-11.000,-0.02634,+3.726,+0.00000,0.00,+0.00000,1,+0.29223,+0.33787,0.01131,-4.782,0,210.5,0.0
20.589224,4,0,0.290907,0.290907,0.2750,+0.01591,0,1,1,+0.53593,-0.09942,0.19468,162.10,1,0,+0.000,-11.000,-11.000,-0.02634,+3.726,+0.00000,0.00,+0.00000,1,+0.29223,+0.33787,0.01131,-4.783,0,210.5,0.0
20.594213,4,0,0.290907,0.290907,0.2750,+0.01591,0,1,1,+0.53593,-0.09942,0.19468,162.10,1,0,+0.000,-11.000,-11.000,-0.02636,+3.726,+0.00000,0.00,+0.00000,1,+0.29223,+0.33787,0.01131,-4.778,0,210.5,0.0
20.598999,4,0,0.290907,0.290907,0.2750,+0.01591,0,1,1,+0.53593,-0.09942,0.19468,162.10,1,0,+0.000,-11.000,-11.000,-0.02636,+3.726,+0.00000,0.00,+0.00000,1,+0.29223,+0.33787,0.01131,-4.778,0,210.5,0.0
20.603566,4,0,0.290907,0.290907,0.2750,+0.01591,0,1,1,+0.53593,-0.09942,0.19468,162.10,1,0,+0.000,-11.000,-11.000,-0.02636,+3.726,+0.00000,0.00,+0.00000,1,+0.29223,+0.33787,0.01131,-4.779,0,210.5,0.0
20.608111,4,0,0.290907,0.290907,0.2750,+0.01591,0,1,1,+0.53593,-0.09942,0.19468,162.10,1,0,+0.000,-11.000,-11.000,-0.02636,+3.726,+0.00000,0.00,+0.00000,1,+0.29223,+0.33787,0.01131,-4.779,0,210.5,0.0
20.612617,4,0,0.290907,0.290907,0.2750,+0.01591,0,1,1,+0.53593,-0.09942,0.19468,162.10,1,0,+0.000,-11.000,-11.000,-0.02633,+3.726,+0.00000,0.00,+0.00000,1,+0.29223,+0.33787,0.01131,-4.785,0,210.5,0.0
20.617632,4,0,0.290907,0.290907,0.2750,+0.01591,0,1,1,+0.53593,-0.09942,0.19468,162.10,1,0,+0.000,-11.000,-11.000,-0.02633,+3.726,+0.00000,0.00,+0.00000,1,+0.29223,+0.33787,0.01131,-4.785,0,210.5,0.0
20.622931,4,0,0.290907,0.290907,0.2750,+0.01591,0,1,1,+0.53593,-0.09942,0.19468,162.10,1,0,+0.000,-11.000,-11.000,-0.02634,+3.726,+0.00000,0.00,+0.00000,1,+0.29223,+0.33787,0.01131,-4.782,0,210.5,0.0
20.627460,4,0,0.290907,0.290907,0.2750,+0.01591,0,1,1,+0.53593,-0.09942,0.19468,162.10,1,0,+0.000,-11.000,-11.000,-0.02640,+3.726,+0.00000,0.00,+0.00000,1,+0.29223,+0.33787,0.01131,-4.768,0,210.5,0.0
20.631935,4,0,0.290907,0.290907,0.2750,+0.01591,0,1,1,+0.53593,-0.09942,0.19468,162.10,1,0,+0.000,-11.000,-11.000,-0.02640,+3.726,+0.00000,0.00,+0.00000,1,+0.29223,+0.33787,0.01131,-4.768,0,210.5,0.0
20.636732,4,0,0.290907,0.290907,0.2750,+0.01591,0,1,1,+0.53593,-0.09942,0.19468,162.10,1,0,+0.000,-11.000,-11.000,-0.02641,+3.726,+0.00000,0.00,+0.00000,1,+0.29223,+0.33787,0.01131,-4.767,0,210.5,0.0
20.641571,4,0,0.290907,0.290907,0.2750,+0.01591,0,1,1,+0.53593,-0.09942,0.19468,162.10,1,0,+0.000,-11.000,-11.000,-0.02641,+3.726,+0.00000,0.00,+0.00000,1,+0.29223,+0.33787,0.01131,-4.767,0,210.5,0.0
20.646195,4,0,0.290907,0.290907,0.2750,+0.01591,0,1,1,+0.53593,-0.09942,0.19468,162.10,1,0,+0.000,-11.000,-11.000,-0.02641,+3.726,+0.00000,0.00,+0.00000,1,+0.29223,+0.33787,0.01131,-4.767,0,210.5,0.0
20.650991,4,0,0.290907,0.290907,0.2750,+0.01591,0,1,1,+0.53593,-0.09942,0.19468,162.10,1,0,+0.000,-11.000,-11.000,-0.02630,+3.726,+0.00000,0.00,+0.00000,1,+0.29223,+0.33787,0.01131,-4.791,0,210.5,0.0
20.655396,4,0,0.290907,0.290907,0.2750,+0.01591,0,1,1,+0.53593,-0.09942,0.19468,162.10,1,0,+0.000,-11.000,-11.000,-0.02630,+3.726,+0.00000,0.00,+0.00000,1,+0.29223,+0.33787,0.01131,-4.792,0,210.5,0.0
20.659963,4,0,0.290907,0.290907,0.2750,+0.01591,0,1,1,+0.53593,-0.09942,0.19468,162.10,1,0,+0.000,-11.000,-11.000,-0.02630,+3.726,+0.00000,0.00,+0.00000,1,+0.29223,+0.33787,0.01131,-4.792,0,210.5,0.0
20.664504,4,0,0.290907,0.290907,0.2750,+0.01591,0,1,1,+0.53593,-0.09942,0.19468,162.10,1,0,+0.000,-11.000,-11.000,-0.02639,+3.726,+0.00000,0.00,+0.00000,1,+0.29223,+0.33787,0.01131,-4.771,0,210.5,0.0
20.669527,4,0,0.290907,0.290907,0.2750,+0.01591,0,1,1,+0.53593,-0.09942,0.19468,162.10,1,0,+0.000,-11.000,-11.000,-0.02639,+3.726,+0.00000,0.00,+0.00000,1,+0.29223,+0.33787,0.01131,-4.771,0,210.5,0.0
20.674049,4,0,0.290907,0.290907,0.2750,+0.01591,0,1,1,+0.53593,-0.09942,0.19468,162.10,1,0,+0.000,-11.000,-11.000,-0.02634,+3.726,+0.00000,0.00,+0.00000,1,+0.29223,+0.33787,0.01131,-4.783,0,210.5,0.0
20.679185,4,0,0.290907,0.290907,0.2750,+0.01591,0,1,1,+0.53593,-0.09942,0.19468,162.10,1,0,+0.000,-11.000,-11.000,-0.02642,+3.726,+0.00000,0.00,+0.00000,1,+0.29223,+0.33787,0.01131,-4.764,0,210.5,0.0
20.683504,4,0,0.290907,0.290907,0.2750,+0.01591,0,1,1,+0.53593,-0.09942,0.19468,162.10,1,0,+0.000,-11.000,-11.000,-0.02642,+3.726,+0.00000,0.00,+0.00000,1,+0.29223,+0.33787,0.01131,-4.764,0,210.5,0.0
20.688164,4,0,0.290907,0.290907,0.2750,+0.01591,0,1,1,+0.53593,-0.09942,0.19468,162.10,1,0,+0.000,-11.000,-11.000,-0.02645,+3.726,+0.00000,0.00,+0.00000,1,+0.29223,+0.33787,0.01131,-4.757,0,210.5,0.0
20.692503,4,0,0.290907,0.290907,0.2750,+0.01591,0,1,1,+0.53593,-0.09942,0.19468,162.10,1,0,+0.000,-11.000,-11.000,-0.02645,+3.726,+0.00000,0.00,+0.00000,1,+0.29223,+0.33787,0.01131,-4.757,0,210.5,0.0
20.696897,4,0,0.290907,0.290907,0.2750,+0.01591,0,1,1,+0.53593,-0.09942,0.19468,162.10,1,0,+0.000,-11.000,-11.000,-0.02645,+3.726,+0.00000,0.00,+0.00000,1,+0.29223,+0.33787,0.01131,-4.757,0,210.5,0.0
20.702181,4,0,0.290907,0.290907,0.2750,+0.01591,0,1,1,+0.53593,-0.09942,0.19468,162.10,1,0,+0.000,-11.000,-11.000,-0.02639,+3.726,+0.00000,0.00,+0.00000,1,+0.29223,+0.33787,0.01131,-4.772,0,210.5,0.0
20.706616,4,0,0.290907,0.290907,0.2750,+0.01591,0,1,1,+0.53593,-0.09942,0.19468,162.10,1,0,+0.000,-11.000,-11.000,-0.02641,+3.726,+0.00000,0.00,+0.00000,1,+0.29223,+0.33787,0.01131,-4.768,0,210.5,0.0
20.711333,4,0,0.290907,0.290907,0.2750,+0.01591,0,1,1,+0.53593,-0.09942,0.19468,162.10,1,0,+0.000,-11.000,-11.000,-0.02641,+3.726,+0.00000,0.00,+0.00000,1,+0.29223,+0.33787,0.01131,-4.768,0,210.5,0.0
20.716097,4,0,0.290907,0.290907,0.2750,+0.01591,0,1,1,+0.53593,-0.09942,0.19468,162.10,1,0,+0.000,-11.000,-11.000,-0.02644,+3.726,+0.00000,0.00,+0.00000,1,+0.29223,+0.33787,0.01131,-4.761,0,210.5,0.0
20.723633,4,0,0.290907,0.290907,0.2750,+0.01591,0,1,1,+0.53593,-0.09942,0.19468,162.10,1,0,+0.000,-11.000,-11.000,-0.02644,+3.726,+0.00000,0.00,+0.00000,1,+0.29223,+0.33787,0.01131,-4.761,0,210.5,0.0
20.728346,4,0,0.290907,0.290907,0.2750,+0.01591,0,1,1,+0.53593,-0.09942,0.19468,162.10,1,0,+0.000,-11.000,-11.000,-0.02637,+3.726,+0.00000,0.00,+0.00000,1,+0.29223,+0.33787,0.01131,-4.776,0,210.5,0.0
20.732692,4,0,0.290907,0.290907,0.2750,+0.01591,0,1,1,+0.53593,-0.09942,0.19468,162.10,1,0,+0.000,-11.000,-11.000,-0.02637,+3.726,+0.00000,0.00,+0.00000,1,+0.29223,+0.33787,0.01131,-4.776,0,210.5,0.0
20.738154,4,0,0.290907,0.290907,0.2750,+0.01591,0,1,1,+0.53593,-0.09942,0.19468,162.10,1,0,+0.000,-11.000,-11.000,-0.02635,+3.726,+0.00000,0.00,+0.00000,1,+0.29223,+0.33787,0.01131,-4.781,0,210.5,0.0
20.743360,4,0,0.290907,0.290907,0.2750,+0.01591,0,1,1,+0.53593,-0.09942,0.19468,162.10,1,0,+0.000,-11.000,-11.000,-0.02641,+3.726,+0.00000,0.00,+0.00000,1,+0.29223,+0.33787,0.01131,-4.767,0,210.5,0.0
20.747893,4,0,0.290907,0.290907,0.2750,+0.01591,0,1,1,+0.53593,-0.09942,0.19468,162.10,1,0,+0.000,-11.000,-11.000,-0.02641,+3.726,+0.00000,0.00,+0.00000,1,+0.29223,+0.33787,0.01131,-4.767,0,210.5,0.0
20.752423,4,0,0.290907,0.290907,0.2750,+0.01591,0,1,1,+0.53593,-0.09942,0.19468,162.10,1,0,+0.000,-11.000,-11.000,-0.02639,+3.726,+0.00000,0.00,+0.00000,1,+0.29223,+0.33787,0.01131,-4.771,0,210.5,0.0
20.758971,4,0,0.290907,0.290907,0.2750,+0.01591,0,1,1,+0.53593,-0.09942,0.19468,162.10,1,0,+0.000,-11.000,-11.000,-0.02643,+3.726,+0.00000,0.00,+0.00000,1,+0.29223,+0.33787,0.01131,-4.762,0,210.5,0.0
20.763609,4,0,0.290907,0.290907,0.2750,+0.01591,0,1,1,+0.53593,-0.09942,0.19468,162.10,1,0,+0.000,-11.000,-11.000,-0.02643,+3.726,+0.00000,0.00,+0.00000,1,+0.29223,+0.33787,0.01131,-4.762,0,210.5,0.0
20.768089,4,0,0.290907,0.290907,0.2750,+0.01591,0,1,1,+0.53593,-0.09942,0.19468,162.10,1,0,+0.000,-11.000,-11.000,-0.02642,+3.726,+0.00000,0.00,+0.00000,1,+0.29223,+0.33787,0.01131,-4.764,0,210.5,0.0
20.772624,4,0,0.290907,0.290907,0.2750,+0.01591,0,1,1,+0.53593,-0.09942,0.19468,162.10,1,0,+0.000,-11.000,-11.000,-0.02642,+3.726,+0.00000,0.00,+0.00000,1,+0.29223,+0.33787,0.01131,-4.764,0,210.5,0.0
20.777159,4,0,0.290907,0.290907,0.2750,+0.01591,0,1,1,+0.53593,-0.09942,0.19468,162.10,1,0,+0.000,-11.000,-11.000,-0.02642,+3.726,+0.00000,0.00,+0.00000,1,+0.29223,+0.33787,0.01131,-4.764,0,210.5,0.0
20.782228,4,0,0.290907,0.290907,0.2750,+0.01591,0,1,1,+0.53593,-0.09942,0.19468,162.10,1,0,+0.000,-11.000,-11.000,-0.02638,+3.726,+0.00000,0.00,+0.00000,1,+0.29223,+0.33787,0.01131,-4.773,0,210.5,0.0
20.788318,4,0,0.290907,0.290907,0.2750,+0.01591,0,1,1,+0.53593,-0.09942,0.19468,162.10,1,0,+0.000,-11.000,-11.000,-0.02642,+3.726,+0.00000,0.00,+0.00000,1,+0.29223,+0.33787,0.01131,-4.764,0,210.5,0.0
20.793157,4,0,0.290907,0.290907,0.2750,+0.01591,0,1,1,+0.53593,-0.09942,0.19468,162.10,1,0,+0.000,-11.000,-11.000,-0.02642,+3.726,+0.00000,0.00,+0.00000,1,+0.29223,+0.33787,0.01131,-4.764,0,210.5,0.0
20.797589,4,0,0.290907,0.290907,0.2750,+0.01591,0,1,1,+0.53593,-0.09942,0.19468,162.10,1,0,+0.000,-11.000,-11.000,-0.02642,+3.726,+0.00000,0.00,+0.00000,1,+0.29223,+0.33787,0.01131,-4.764,0,210.5,0.0
20.802034,4,0,0.290907,0.290907,0.2750,+0.01591,0,1,1,+0.53593,-0.09942,0.19468,162.10,1,0,+0.000,-11.000,-11.000,-0.02650,+3.726,+0.00000,0.00,+0.00000,1,+0.29223,+0.33787,0.01131,-4.746,0,210.5,0.0
20.806628,4,0,0.290907,0.290907,0.2750,+0.01591,0,1,1,+0.53593,-0.09942,0.19468,162.10,1,0,+0.000,-11.000,-11.000,-0.02650,+3.726,+0.00000,0.00,+0.00000,1,+0.29223,+0.33787,0.01131,-4.746,0,210.5,0.0
20.811234,4,0,0.290907,0.290907,0.2750,+0.01591,0,1,1,+0.53593,-0.09942,0.19468,162.10,1,0,+0.000,-11.000,-11.000,-0.02650,+3.726,+0.00000,0.00,+0.00000,1,+0.29223,+0.33787,0.01131,-4.746,0,210.5,0.0
20.817112,4,0,0.290907,0.290907,0.2750,+0.01591,0,1,1,+0.53593,-0.09942,0.19468,162.10,1,0,+0.000,-11.000,-11.000,-0.02644,+3.726,+0.00000,0.00,+0.00000,1,+0.29223,+0.33787,0.01131,-4.760,0,210.5,0.0
20.822148,4,0,0.290907,0.290907,0.2750,+0.01591,0,1,1,+0.53593,-0.09942,0.19468,162.10,1,0,+0.000,-11.000,-11.000,-0.02646,+3.726,+0.00000,0.00,+0.00000,1,+0.29223,+0.33787,0.01131,-4.756,0,210.5,0.0
20.826818,4,0,0.290907,0.290907,0.2750,+0.01591,0,1,1,+0.53593,-0.09942,0.19468,162.10,1,0,+0.000,-11.000,-11.000,-0.02646,+3.726,+0.00000,0.00,+0.00000,1,+0.29223,+0.33787,0.01131,-4.756,0,210.5,0.0
20.831497,4,0,0.290907,0.290907,0.2750,+0.01591,0,1,1,+0.53593,-0.09942,0.19468,162.10,1,0,+0.000,-11.000,-11.000,-0.02655,+3.726,+0.00000,0.00,+0.00000,1,+0.29223,+0.33787,0.01131,-4.735,0,210.5,0.0
20.836100,4,0,0.290907,0.290907,0.2750,+0.01591,0,1,1,+0.53593,-0.09942,0.19468,162.10,1,0,+0.000,-11.000,-11.000,-0.02655,+3.726,+0.00000,0.00,+0.00000,1,+0.29223,+0.33787,0.01131,-4.735,0,210.5,0.0
20.840914,4,0,0.290907,0.290907,0.2750,+0.01591,0,1,1,+0.53593,-0.09942,0.19468,162.10,1,0,+0.000,-11.000,-11.000,-0.02653,+3.726,+0.00000,0.00,+0.00000,1,+0.29223,+0.33787,0.01131,-4.739,0,210.5,0.0
20.845420,4,0,0.290907,0.290907,0.2750,+0.01591,0,1,1,+0.53593,-0.09942,0.19468,162.10,1,0,+0.000,-11.000,-11.000,-0.02653,+3.726,+0.00000,0.00,+0.00000,1,+0.29223,+0.33787,0.01131,-4.739,0,210.5,0.0
20.849966,4,0,0.290907,0.290907,0.2750,+0.01591,0,1,1,+0.53593,-0.09942,0.19468,162.10,1,0,+0.000,-11.000,-11.000,-0.02648,+3.726,+0.00000,0.00,+0.00000,1,+0.29223,+0.33787,0.01131,-4.751,0,210.5,0.0
20.855986,4,0,0.290907,0.290907,0.2750,+0.01591,0,1,1,+0.53593,-0.09942,0.19468,162.10,1,0,+0.000,-11.000,-11.000,-0.02649,+3.726,+0.00000,0.00,+0.00000,1,+0.29223,+0.33787,0.01131,-4.749,0,210.5,0.0
20.860574,4,0,0.290907,0.290907,0.2750,+0.01591,0,1,1,+0.53593,-0.09942,0.19468,162.10,1,0,+0.000,-11.000,-11.000,-0.02649,+3.726,+0.00000,0.00,+0.00000,1,+0.29223,+0.33787,0.01131,-4.749,0,210.5,0.0
20.865145,4,0,0.290907,0.290907,0.2750,+0.01591,0,1,1,+0.53593,-0.09942,0.19468,162.10,1,0,+0.000,-11.000,-11.000,-0.02652,+3.726,+0.00000,0.00,+0.00000,1,+0.29223,+0.33787,0.01131,-4.741,0,210.5,0.0
20.869786,4,0,0.290907,0.290907,0.2750,+0.01591,0,1,1,+0.53593,-0.09942,0.19468,162.10,1,0,+0.000,-11.000,-11.000,-0.02652,+3.726,+0.00000,0.00,+0.00000,1,+0.29223,+0.33787,0.01131,-4.741,0,210.5,0.0
20.874377,4,0,0.290907,0.290907,0.2750,+0.01591,0,1,1,+0.53593,-0.09942,0.19468,162.10,1,0,+0.000,-11.000,-11.000,-0.02649,+3.726,+0.00000,0.00,+0.00000,1,+0.29223,+0.33787,0.01131,-4.748,0,210.5,0.0
20.879270,4,0,0.290907,0.290907,0.2750,+0.01591,0,1,1,+0.53593,-0.09942,0.19468,162.10,1,0,+0.000,-11.000,-11.000,-0.02649,+3.726,+0.00000,0.00,+0.00000,1,+0.29223,+0.33787,0.01131,-4.748,0,210.5,0.0
20.883642,4,0,0.290907,0.290907,0.2750,+0.01591,0,1,1,+0.53593,-0.09942,0.19468,162.10,1,0,+0.000,-11.000,-11.000,-0.02650,+3.726,+0.00000,0.00,+0.00000,1,+0.29223,+0.33787,0.01131,-4.746,0,210.5,0.0
20.888139,4,0,0.290907,0.290907,0.2750,+0.01591,0,1,1,+0.53593,-0.09942,0.19468,162.10,1,0,+0.000,-11.000,-11.000,-0.02650,+3.726,+0.00000,0.00,+0.00000,1,+0.29223,+0.33787,0.01131,-4.746,0,210.5,0.0
20.893360,4,0,0.290907,0.290907,0.2750,+0.01591,0,1,1,+0.53593,-0.09942,0.19468,162.10,1,0,+0.000,-11.000,-11.000,-0.02652,+3.726,+0.00000,0.00,+0.00000,1,+0.29223,+0.33787,0.01131,-4.742,0,210.5,0.0
20.897866,4,0,0.290907,0.290907,0.2750,+0.01591,0,1,1,+0.53593,-0.09942,0.19468,162.10,1,0,+0.000,-11.000,-11.000,-0.02652,+3.726,+0.00000,0.00,+0.00000,1,+0.29223,+0.33787,0.01131,-4.742,0,210.5,0.0
20.902463,4,0,0.290907,0.290907,0.2750,+0.01591,0,1,1,+0.53593,-0.09942,0.19468,162.10,1,0,+0.000,-11.000,-11.000,-0.02650,+3.726,+0.00000,0.00,+0.00000,1,+0.29223,+0.33787,0.01131,-4.745,0,210.5,0.0
20.907306,4,0,0.290907,0.290907,0.2750,+0.01591,0,1,1,+0.53593,-0.09942,0.19468,162.10,1,0,+0.000,-11.000,-11.000,-0.02650,+3.726,+0.00000,0.00,+0.00000,1,+0.29223,+0.33787,0.01131,-4.745,0,210.5,0.0
20.912429,4,0,0.290907,0.290907,0.2750,+0.01591,0,1,1,+0.53593,-0.09942,0.19468,162.10,1,0,+0.000,-11.000,-11.000,-0.02652,+3.726,+0.00000,0.00,+0.00000,1,+0.29223,+0.33787,0.01131,-4.742,0,210.5,0.0
20.916677,4,0,0.290907,0.290907,0.2750,+0.01591,0,1,1,+0.53593,-0.09942,0.19468,162.10,1,0,+0.000,-11.000,-11.000,-0.02652,+3.726,+0.00000,0.00,+0.00000,1,+0.29223,+0.33787,0.01131,-4.742,0,210.5,0.0
20.921373,4,0,0.290907,0.290907,0.2750,+0.01591,0,1,1,+0.53593,-0.09942,0.19468,162.10,1,0,+0.000,-11.000,-11.000,-0.02650,+3.726,+0.00000,0.00,+0.00000,1,+0.29223,+0.33787,0.01131,-4.747,0,210.5,0.0
20.927927,4,0,0.290907,0.290907,0.2750,+0.01591,0,1,1,+0.53593,-0.09942,0.19468,162.10,1,0,+0.000,-11.000,-11.000,-0.02656,+3.726,+0.00000,0.00,+0.00000,1,+0.29223,+0.33787,0.01131,-4.732,0,210.5,0.0
20.932689,4,0,0.290907,0.290907,0.2750,+0.01591,0,1,1,+0.53593,-0.09942,0.19468,162.10,1,0,+0.000,-11.000,-11.000,-0.02656,+3.726,+0.00000,0.00,+0.00000,1,+0.29223,+0.33787,0.01131,-4.732,0,210.5,0.0
20.936946,4,0,0.290907,0.290907,0.2750,+0.01591,0,1,1,+0.53593,-0.09942,0.19468,162.10,1,0,+0.000,-11.000,-11.000,-0.02657,+3.726,+0.00000,0.00,+0.00000,1,+0.29223,+0.33787,0.01131,-4.731,0,210.5,0.0
20.941541,4,0,0.290907,0.290907,0.2750,+0.01591,0,1,1,+0.53593,-0.09942,0.19468,162.10,1,0,+0.000,-11.000,-11.000,-0.02657,+3.726,+0.00000,0.00,+0.00000,1,+0.29223,+0.33787,0.01131,-4.731,0,210.5,0.0
20.946123,4,0,0.290907,0.290907,0.2750,+0.01591,0,1,1,+0.53593,-0.09942,0.19468,162.10,1,0,+0.000,-11.000,-11.000,-0.02656,+3.726,+0.00000,0.00,+0.00000,1,+0.29223,+0.33787,0.01131,-4.733,0,210.5,0.0
20.950583,4,0,0.290907,0.290907,0.2750,+0.01591,0,1,1,+0.53593,-0.09942,0.19468,162.10,1,0,+0.000,-11.000,-11.000,-0.02656,+3.726,+0.00000,0.00,+0.00000,1,+0.29223,+0.33787,0.01131,-4.733,0,210.5,0.0
20.955230,4,0,0.290907,0.290907,0.2750,+0.01591,0,1,1,+0.53593,-0.09942,0.19468,162.10,1,0,+0.000,-11.000,-11.000,-0.02656,+3.726,+0.00000,0.00,+0.00000,1,+0.29223,+0.33787,0.01131,-4.733,0,210.5,0.0
20.959857,4,0,0.290907,0.290907,0.2750,+0.01591,0,1,1,+0.53593,-0.09942,0.19468,162.10,1,0,+0.000,-11.000,-11.000,-0.02656,+3.726,+0.00000,0.00,+0.00000,1,+0.29223,+0.33787,0.01131,-4.733,0,210.5,0.0
20.964379,4,0,0.290907,0.290907,0.2750,+0.01591,0,1,1,+0.53593,-0.09942,0.19468,162.10,1,0,+0.000,-11.000,-11.000,-0.02650,+3.726,+0.00000,0.00,+0.00000,1,+0.29223,+0.33787,0.01131,-4.747,0,210.5,0.0
20.969651,4,0,0.290907,0.290907,0.2750,+0.01591,0,1,1,+0.53593,-0.09942,0.19468,162.10,1,0,+0.000,-11.000,-11.000,-0.02653,+3.726,+0.00000,0.00,+0.00000,1,+0.29223,+0.33787,0.01131,-4.738,0,210.5,0.0
20.974051,4,0,0.290907,0.290907,0.2750,+0.01591,0,1,1,+0.53593,-0.09942,0.19468,162.10,1,0,+0.000,-11.000,-11.000,-0.02653,+3.726,+0.00000,0.00,+0.00000,1,+0.29223,+0.33787,0.01131,-4.738,0,210.5,0.0
20.978635,4,0,0.290907,0.290907,0.2750,+0.01591,0,1,1,+0.53593,-0.09942,0.19468,162.10,1,0,+0.000,-11.000,-11.000,-0.02657,+3.726,+0.00000,0.00,+0.00000,1,+0.29223,+0.33787,0.01131,-4.730,0,210.5,0.0
20.983258,4,0,0.290907,0.290907,0.2750,+0.01591,0,1,1,+0.53593,-0.09942,0.19468,162.10,1,0,+0.000,-11.000,-11.000,-0.02657,+3.726,+0.00000,0.00,+0.00000,1,+0.29223,+0.33787,0.01131,-4.730,0,210.5,0.0
20.987965,4,0,0.290907,0.290907,0.2750,+0.01591,0,1,1,+0.53593,-0.09942,0.19468,162.10,1,0,+0.000,-11.000,-11.000,-0.02656,+3.726,+0.00000,0.00,+0.00000,1,+0.29223,+0.33787,0.01131,-4.733,0,210.5,0.0
20.992356,4,0,0.290907,0.290907,0.2750,+0.01591,0,1,1,+0.53593,-0.09942,0.19468,162.10,1,0,+0.000,-11.000,-11.000,-0.02656,+3.726,+0.00000,0.00,+0.00000,1,+0.29223,+0.33787,0.01131,-4.733,0,210.5,0.0
20.996921,4,0,0.290907,0.290907,0.2750,+0.01591,0,1,1,+0.53593,-0.09942,0.19468,162.10,1,0,+0.000,-11.000,-11.000,-0.02658,+3.726,+0.00000,0.00,+0.00000,1,+0.29223,+0.33787,0.01131,-4.727,0,210.5,0.0
21.001285,4,0,0.290907,0.290907,0.2750,+0.01591,0,1,1,+0.53593,-0.09942,0.19468,162.10,1,0,+0.000,-11.000,-11.000,-0.02658,+3.726,+0.00000,0.00,+0.00000,1,+0.29223,+0.33787,0.01131,-4.727,0,210.5,0.0
21.005604,4,0,0.290907,0.290907,0.2750,+0.01591,0,1,1,+0.53593,-0.09942,0.19468,162.10,1,0,+0.000,-11.000,-11.000,-0.02663,+3.726,+0.00000,0.00,+0.00000,1,+0.29223,+0.33787,0.01131,-4.717,0,210.5,0.0
21.010315,4,0,0.290907,0.290907,0.2750,+0.01591,0,1,1,+0.53593,-0.09942,0.19468,162.10,1,0,+0.000,-11.000,-11.000,-0.02663,+3.726,+0.00000,0.00,+0.00000,1,+0.29223,+0.33787,0.01131,-4.717,0,210.5,0.0
21.015528,4,0,0.290907,0.290907,0.2750,+0.01591,0,1,1,+0.53593,-0.09942,0.19468,162.10,1,0,+0.000,-11.000,-11.000,-0.02662,+3.726,+0.00000,0.00,+0.00000,1,+0.29223,+0.33787,0.01131,-4.719,0,210.5,0.0
21.020015,4,0,0.290907,0.290907,0.2750,+0.01591,0,1,1,+0.53593,-0.09942,0.19468,162.10,1,0,+0.000,-11.000,-11.000,-0.02662,+3.726,+0.00000,0.00,+0.00000,1,+0.29223,+0.33787,0.01131,-4.719,0,210.5,0.0
21.024499,4,0,0.290907,0.290907,0.2750,+0.01591,0,1,1,+0.53593,-0.09942,0.19468,162.10,1,0,+0.000,-11.000,-11.000,-0.02664,+3.726,+0.00000,0.00,+0.00000,1,+0.29223,+0.33787,0.01131,-4.714,0,210.5,0.0
21.029009,4,0,0.290907,0.290907,0.2750,+0.01591,0,1,1,+0.53593,-0.09942,0.19468,162.10,1,0,+0.000,-11.000,-11.000,-0.02666,+3.726,+0.00000,0.00,+0.00000,1,+0.29223,+0.33787,0.01131,-4.709,0,210.5,0.0
21.033567,4,0,0.290907,0.290907,0.2750,+0.01591,0,1,1,+0.53593,-0.09942,0.19468,162.10,1,0,+0.000,-11.000,-11.000,-0.02666,+3.726,+0.00000,0.00,+0.00000,1,+0.29223,+0.33787,0.01131,-4.709,0,210.5,0.0
21.038815,4,0,0.290907,0.290907,0.2750,+0.01591,0,1,1,+0.53593,-0.09942,0.19468,162.10,1,0,+0.000,-11.000,-11.000,-0.02659,+3.726,+0.00000,0.00,+0.00000,1,+0.29223,+0.33787,0.01131,-4.725,0,210.5,0.0
21.043503,4,0,0.290907,0.290907,0.2750,+0.01591,0,1,1,+0.53593,-0.09942,0.19468,162.10,1,0,+0.000,-11.000,-11.000,-0.02659,+3.726,+0.00000,0.00,+0.00000,1,+0.29223,+0.33787,0.01131,-4.725,0,210.5,0.0
21.048233,4,0,0.290907,0.290907,0.2750,+0.01591,0,1,1,+0.53593,-0.09942,0.19468,162.10,1,0,+0.000,-11.000,-11.000,-0.02666,+3.726,+0.00000,0.00,+0.00000,1,+0.29223,+0.33787,0.01131,-4.711,0,210.5,0.0
21.053087,4,0,0.290907,0.290907,0.2750,+0.01591,0,1,1,+0.53593,-0.09942,0.19468,162.10,1,0,+0.000,-11.000,-11.000,-0.02666,+3.726,+0.00000,0.00,+0.00000,1,+0.29223,+0.33787,0.01131,-4.711,0,210.5,0.0
21.057657,4,0,0.290907,0.290907,0.2750,+0.01591,0,1,1,+0.53593,-0.09942,0.19468,162.10,1,0,+0.000,-11.000,-11.000,-0.02666,+3.726,+0.00000,0.00,+0.00000,1,+0.29223,+0.33787,0.01131,-4.710,0,210.5,0.0
21.062168,4,0,0.290907,0.290907,0.2750,+0.01591,0,1,1,+0.53593,-0.09942,0.19468,162.10,1,0,+0.000,-11.000,-11.000,-0.02666,+3.726,+0.00000,0.00,+0.00000,1,+0.29223,+0.33787,0.01131,-4.710,0,210.5,0.0
21.066861,4,0,0.290907,0.290907,0.2750,+0.01591,0,1,1,+0.53593,-0.09942,0.19468,162.10,1,0,+0.000,-11.000,-11.000,-0.02669,+3.726,+0.00000,0.00,+0.00000,1,+0.29223,+0.33787,0.01131,-4.704,0,210.5,0.0
21.071383,4,0,0.290907,0.290907,0.2750,+0.01591,0,1,1,+0.53593,-0.09942,0.19468,162.10,1,0,+0.000,-11.000,-11.000,-0.02674,+3.726,+0.00000,0.00,+0.00000,1,+0.29223,+0.33787,0.01131,-4.692,0,210.5,0.0
21.075948,4,0,0.290907,0.290907,0.2750,+0.01591,0,1,1,+0.53593,-0.09942,0.19468,162.10,1,0,+0.000,-11.000,-11.000,-0.02674,+3.726,+0.00000,0.00,+0.00000,1,+0.29223,+0.33787,0.01131,-4.692,0,210.5,0.0
21.082223,4,0,0.290907,0.290907,0.2750,+0.01591,0,1,1,+0.53593,-0.09942,0.19468,162.10,1,0,+0.000,-11.000,-11.000,-0.02669,+3.726,+0.00000,0.00,+0.00000,1,+0.29223,+0.33787,0.01131,-4.703,0,210.5,0.0
21.086635,4,0,0.290907,0.290907,0.2750,+0.01591,0,1,1,+0.53593,-0.09942,0.19468,162.10,1,0,+0.000,-11.000,-11.000,-0.02669,+3.726,+0.00000,0.00,+0.00000,1,+0.29223,+0.33787,0.01131,-4.703,0,210.5,0.0
21.091254,4,0,0.290907,0.290907,0.2750,+0.01591,0,1,1,+0.53593,-0.09942,0.19468,162.10,1,0,+0.000,-11.000,-11.000,-0.02677,+3.726,+0.00000,0.00,+0.00000,1,+0.29223,+0.33787,0.01131,-4.684,0,210.5,0.0
21.096378,4,0,0.290907,0.290907,0.2750,+0.01591,0,1,1,+0.53593,-0.09942,0.19468,162.10,1,0,+0.000,-11.000,-11.000,-0.02678,+3.726,+0.00000,0.00,+0.00000,1,+0.29223,+0.33787,0.01131,-4.682,0,210.5,0.0
21.100977,4,0,0.290907,0.290907,0.2750,+0.01591,0,1,1,+0.53593,-0.09942,0.19468,162.10,1,0,+0.000,-11.000,-11.000,-0.02678,+3.726,+0.00000,0.00,+0.00000,1,+0.29223,+0.33787,0.01131,-4.682,0,210.5,0.0
21.105978,4,0,0.290907,0.290907,0.2750,+0.01591,0,1,1,+0.53593,-0.09942,0.19468,162.10,1,0,+0.000,-11.000,-11.000,-0.02673,+3.726,+0.00000,0.00,+0.00000,1,+0.29223,+0.33787,0.01131,-4.693,0,210.5,0.0
21.110407,4,0,0.290907,0.290907,0.2750,+0.01591,0,1,1,+0.53593,-0.09942,0.19468,162.10,1,0,+0.000,-11.000,-11.000,-0.02673,+3.726,+0.00000,0.00,+0.00000,1,+0.29223,+0.33787,0.01131,-4.693,0,210.5,0.0
21.114956,4,0,0.290907,0.290907,0.2750,+0.01591,0,1,1,+0.53593,-0.09942,0.19468,162.10,1,0,+0.000,-11.000,-11.000,-0.02672,+3.726,+0.00000,0.00,+0.00000,1,+0.29223,+0.33787,0.01131,-4.696,0,210.5,0.0
21.119485,4,0,0.290907,0.290907,0.2750,+0.01591,0,1,1,+0.53593,-0.09942,0.19468,162.10,1,0,+0.000,-11.000,-11.000,-0.02672,+3.726,+0.00000,0.00,+0.00000,1,+0.29223,+0.33787,0.01131,-4.696,0,210.5,0.0
21.124021,4,0,0.290907,0.290907,0.2750,+0.01591,0,1,1,+0.53593,-0.09942,0.19468,162.10,1,0,+0.000,-11.000,-11.000,-0.02674,+3.726,+0.00000,0.00,+0.00000,1,+0.29223,+0.33787,0.01131,-4.690,0,210.5,0.0
21.131047,4,0,0.290907,0.290907,0.2750,+0.01591,0,1,1,+0.53593,-0.09942,0.19468,162.10,1,0,+0.000,-11.000,-11.000,-0.02674,+3.726,+0.00000,0.00,+0.00000,1,+0.29223,+0.33787,0.01131,-4.690,0,210.5,0.0
21.135546,4,0,0.290907,0.290907,0.2750,+0.01591,0,1,1,+0.53593,-0.09942,0.19468,162.10,1,0,+0.000,-11.000,-11.000,-0.02673,+3.726,+0.00000,0.00,+0.00000,1,+0.29223,+0.33787,0.01131,-4.694,0,210.5,0.0
21.140095,4,0,0.290907,0.290907,0.2750,+0.01591,0,1,1,+0.53593,-0.09942,0.19468,162.10,1,0,+0.000,-11.000,-11.000,-0.02673,+3.726,+0.00000,0.00,+0.00000,1,+0.29223,+0.33787,0.01131,-4.694,0,210.5,0.0
21.144719,4,0,0.290907,0.290907,0.2750,+0.01591,0,1,1,+0.53593,-0.09942,0.19468,162.10,1,0,+0.000,-11.000,-11.000,-0.02674,+3.726,+0.00000,0.00,+0.00000,1,+0.29223,+0.33787,0.01131,-4.692,0,210.5,0.0
21.149287,4,0,0.290907,0.290907,0.2750,+0.01591,0,1,1,+0.53593,-0.09942,0.19468,162.10,1,0,+0.000,-11.000,-11.000,-0.02674,+3.726,+0.00000,0.00,+0.00000,1,+0.29223,+0.33787,0.01131,-4.692,0,210.5,0.0
21.154865,4,0,0.290907,0.290907,0.2750,+0.01591,0,1,1,+0.53593,-0.09942,0.19468,162.10,1,0,+0.000,-11.000,-11.000,-0.02671,+3.726,+0.00000,0.00,+0.00000,1,+0.29223,+0.33787,0.01131,-4.698,0,210.5,0.0
21.159495,4,0,0.290907,0.290907,0.2750,+0.01591,0,1,1,+0.53593,-0.09942,0.19468,162.10,1,0,+0.000,-11.000,-11.000,-0.02672,+3.726,+0.00000,0.00,+0.00000,1,+0.29223,+0.33787,0.01131,-4.696,0,210.5,0.0
21.164133,4,0,0.290907,0.290907,0.2750,+0.01591,0,1,1,+0.53593,-0.09942,0.19468,162.10,1,0,+0.000,-11.000,-11.000,-0.02672,+3.726,+0.00000,0.00,+0.00000,1,+0.29223,+0.33787,0.01131,-4.696,0,210.5,0.0
21.168742,4,0,0.290907,0.290907,0.2750,+0.01591,0,1,1,+0.53593,-0.09942,0.19468,162.10,1,0,+0.000,-11.000,-11.000,-0.02676,+3.726,+0.00000,0.00,+0.00000,1,+0.29223,+0.33787,0.01131,-4.686,0,210.5,0.0
21.173777,4,0,0.290907,0.290907,0.2750,+0.01591,0,1,1,+0.53593,-0.09942,0.19468,162.10,1,0,+0.000,-11.000,-11.000,-0.02676,+3.726,+0.00000,0.00,+0.00000,1,+0.29223,+0.33787,0.01131,-4.686,0,210.5,0.0
21.178825,4,0,0.290907,0.290907,0.2750,+0.01591,0,1,1,+0.53593,-0.09942,0.19468,162.10,1,0,+0.000,-11.000,-11.000,-0.02684,+3.726,+0.00000,0.00,+0.00000,1,+0.29223,+0.33787,0.01131,-4.669,0,210.5,0.0
21.183421,4,0,0.290907,0.290907,0.2750,+0.01591,0,1,1,+0.53593,-0.09942,0.19468,162.10,1,0,+0.000,-11.000,-11.000,-0.02687,+3.726,+0.00000,0.00,+0.00000,1,+0.29223,+0.33787,0.01131,-4.662,0,210.5,0.0
21.190085,4,0,0.290907,0.290907,0.2750,+0.01591,0,1,1,+0.53593,-0.09942,0.19468,162.10,1,0,+0.000,-11.000,-11.000,-0.02687,+3.726,+0.00000,0.00,+0.00000,1,+0.29223,+0.33787,0.01131,-4.662,0,210.5,0.0
21.194494,4,0,0.290907,0.290907,0.2750,+0.01591,0,1,1,+0.53593,-0.09942,0.19468,162.10,1,0,+0.000,-11.000,-11.000,-0.02672,+3.726,+0.00000,0.00,+0.00000,1,+0.29223,+0.33787,0.01131,-4.695,0,210.5,0.0
21.198998,4,0,0.290907,0.290907,0.2750,+0.01591,0,1,1,+0.53593,-0.09942,0.19468,162.10,1,0,+0.000,-11.000,-11.000,-0.02672,+3.726,+0.00000,0.00,+0.00000,1,+0.29223,+0.33787,0.01131,-4.695,0,210.5,0.0
21.203487,4,0,0.290907,0.290907,0.2750,+0.01591,0,1,1,+0.53593,-0.09942,0.19468,162.10,1,0,+0.000,-11.000,-11.000,-0.02684,+3.726,+0.00000,0.00,+0.00000,1,+0.29223,+0.33787,0.01131,-4.669,0,210.5,0.0
21.208055,4,0,0.290907,0.290907,0.2750,+0.01591,0,1,1,+0.53593,-0.09942,0.19468,162.10,1,0,+0.000,-11.000,-11.000,-0.02689,+3.726,+0.00000,0.00,+0.00000,1,+0.29223,+0.33787,0.01131,-4.657,0,210.5,0.0
21.212668,4,0,0.290907,0.290907,0.2750,+0.01591,0,1,1,+0.53593,-0.09942,0.19468,162.10,1,0,+0.000,-11.000,-11.000,-0.02689,+3.726,+0.00000,0.00,+0.00000,1,+0.29223,+0.33787,0.01131,-4.657,0,210.5,0.0
21.218850,4,0,0.290907,0.290907,0.2750,+0.01591,0,1,1,+0.53593,-0.09942,0.19468,162.10,1,0,+0.000,-11.000,-11.000,-0.02693,+3.726,+0.00000,0.00,+0.00000,1,+0.29223,+0.33787,0.01131,-4.648,0,210.5,0.0
21.223347,4,0,0.290907,0.290907,0.2750,+0.01591,0,1,1,+0.53593,-0.09942,0.19468,162.10,1,0,+0.000,-11.000,-11.000,-0.02693,+3.726,+0.00000,0.00,+0.00000,1,+0.29223,+0.33787,0.01131,-4.648,0,210.5,0.0
21.227714,4,0,0.290907,0.290907,0.2750,+0.01591,0,1,1,+0.53593,-0.09942,0.19468,162.10,1,0,+0.000,-11.000,-11.000,-0.02693,+3.726,+0.00000,0.00,+0.00000,1,+0.29223,+0.33787,0.01131,-4.649,0,210.5,0.0
21.232433,4,0,0.290907,0.290907,0.2750,+0.01591,0,1,1,+0.53593,-0.09942,0.19468,162.10,1,0,+0.000,-11.000,-11.000,-0.02693,+3.726,+0.00000,0.00,+0.00000,1,+0.29223,+0.33787,0.01131,-4.649,0,210.5,0.0
21.238590,4,0,0.290907,0.290907,0.2750,+0.01591,0,1,1,+0.53593,-0.09942,0.19468,162.10,1,0,+0.000,-11.000,-11.000,-0.02690,+3.726,+0.00000,0.00,+0.00000,1,+0.29223,+0.33787,0.01131,-4.655,0,210.5,0.0
21.243833,4,0,0.290907,0.290907,0.2750,+0.01591,0,1,1,+0.53593,-0.09942,0.19468,162.10,1,0,+0.000,-11.000,-11.000,-0.02693,+3.725,+0.00000,0.00,+0.00000,1,+0.29223,+0.33787,0.01131,-4.647,0,210.5,0.0
21.248370,4,0,0.290907,0.290907,0.2750,+0.01591,0,1,1,+0.53593,-0.09942,0.19468,162.10,1,0,+0.000,-11.000,-11.000,-0.02693,+3.725,+0.00000,0.00,+0.00000,1,+0.29223,+0.33787,0.01131,-4.647,0,210.5,0.0
21.253671,4,0,0.290907,0.290907,0.2750,+0.01591,0,1,1,+0.53593,-0.09942,0.19468,162.10,1,0,+0.000,-11.000,-11.000,-0.02694,+3.725,+0.00000,0.00,+0.00000,1,+0.29223,+0.33787,0.01131,-4.646,0,210.5,0.0
21.258145,4,0,0.290907,0.290907,0.2750,+0.01591,0,1,1,+0.53593,-0.09942,0.19468,162.10,1,0,+0.000,-11.000,-11.000,-0.02694,+3.725,+0.00000,0.00,+0.00000,1,+0.29223,+0.33787,0.01131,-4.646,0,210.5,0.0
21.262808,4,0,0.290907,0.290907,0.2750,+0.01591,0,1,1,+0.53593,-0.09942,0.19468,162.10,1,0,+0.000,-11.000,-11.000,-0.02691,+3.726,+0.00000,0.00,+0.00000,1,+0.29223,+0.33787,0.01131,-4.652,0,210.5,0.0
21.267312,4,0,0.290907,0.290907,0.2750,+0.01591,0,1,1,+0.53593,-0.09942,0.19468,162.10,1,0,+0.000,-11.000,-11.000,-0.02694,+3.725,+0.00000,0.00,+0.00000,1,+0.29223,+0.33787,0.01131,-4.645,0,210.5,0.0
21.272462,4,0,0.290907,0.290907,0.2750,+0.01591,0,1,1,+0.53593,-0.09942,0.19468,162.10,1,0,+0.000,-11.000,-11.000,-0.02694,+3.725,+0.00000,0.00,+0.00000,1,+0.29223,+0.33787,0.01131,-4.645,0,210.5,0.0
21.277067,4,0,0.290907,0.290907,0.2750,+0.01591,0,1,1,+0.53593,-0.09942,0.19468,162.10,1,0,+0.000,-11.000,-11.000,-0.02694,+3.725,+0.00000,0.00,+0.00000,1,+0.29223,+0.33787,0.01131,-4.645,0,210.5,0.0
21.281482,4,0,0.290907,0.290907,0.2750,+0.01591,0,1,1,+0.53593,-0.09942,0.19468,162.10,1,0,+0.000,-11.000,-11.000,-0.02685,+3.726,+0.00000,0.00,+0.00000,1,+0.29223,+0.33787,0.01131,-4.666,0,210.5,0.0
21.286186,4,0,0.290907,0.290907,0.2750,+0.01591,0,1,1,+0.53593,-0.09942,0.19468,162.10,1,0,+0.000,-11.000,-11.000,-0.02685,+3.726,+0.00000,0.00,+0.00000,1,+0.29223,+0.33787,0.01131,-4.666,0,210.5,0.0
21.290867,4,0,0.290907,0.290907,0.2750,+0.01591,0,1,1,+0.53593,-0.09942,0.19468,162.10,1,0,+0.000,-11.000,-11.000,-0.02682,+3.726,+0.00000,0.00,+0.00000,1,+0.29223,+0.33787,0.01131,-4.672,0,210.5,0.0
21.295610,4,0,0.290907,0.290907,0.2750,+0.01591,0,1,1,+0.53593,-0.09942,0.19468,162.10,1,0,+0.000,-11.000,-11.000,-0.02684,+3.726,+0.00000,0.00,+0.00000,1,+0.29223,+0.33787,0.01131,-4.668,0,210.5,0.0
21.300012,4,0,0.290907,0.290907,0.2750,+0.01591,0,1,1,+0.53593,-0.09942,0.19468,162.10,1,0,+0.000,-11.000,-11.000,-0.02684,+3.726,+0.00000,0.00,+0.00000,1,+0.29223,+0.33787,0.01131,-4.668,0,210.5,0.0
21.304672,4,0,0.290907,0.290907,0.2750,+0.01591,0,1,1,+0.53593,-0.09942,0.19468,162.10,1,0,+0.000,-11.000,-11.000,-0.02694,+3.725,+0.00000,0.00,+0.00000,1,+0.29223,+0.33787,0.01131,-4.647,0,210.5,0.0
21.309218,4,0,0.290907,0.290907,0.2750,+0.01591,0,1,1,+0.53593,-0.09942,0.19468,162.10,1,0,+0.000,-11.000,-11.000,-0.02694,+3.725,+0.00000,0.00,+0.00000,1,+0.29223,+0.33787,0.01131,-4.647,0,210.5,0.0
21.313736,4,0,0.290907,0.290907,0.2750,+0.01591,0,1,1,+0.53593,-0.09942,0.19468,162.10,1,0,+0.000,-11.000,-11.000,-0.02690,+3.725,+0.00000,0.00,+0.00000,1,+0.29223,+0.33787,0.01131,-4.655,0,210.5,0.0
21.318261,4,0,0.290907,0.290907,0.2750,+0.01591,0,1,1,+0.53593,-0.09942,0.19468,162.10,1,0,+0.000,-11.000,-11.000,-0.02690,+3.725,+0.00000,0.00,+0.00000,1,+0.29223,+0.33787,0.01131,-4.655,0,210.5,0.0
21.322704,4,0,0.290907,0.290907,0.2750,+0.01591,0,1,1,+0.53593,-0.09942,0.19468,162.10,1,0,+0.000,-11.000,-11.000,-0.02699,+3.725,+0.00000,0.00,+0.00000,1,+0.29223,+0.33787,0.01131,-4.634,0,210.5,0.0
21.328263,4,0,0.290907,0.290907,0.2750,+0.01591,0,1,1,+0.53593,-0.09942,0.19468,162.10,1,0,+0.000,-11.000,-11.000,-0.02700,+3.725,+0.00000,0.00,+0.00000,1,+0.29223,+0.33787,0.01131,-4.632,0,210.5,0.0
21.332889,4,0,0.290907,0.290907,0.2750,+0.01591,0,1,1,+0.53593,-0.09942,0.19468,162.10,1,0,+0.000,-11.000,-11.000,-0.02700,+3.725,+0.00000,0.00,+0.00000,1,+0.29223,+0.33787,0.01131,-4.632,0,210.5,0.0
21.337315,4,0,0.290907,0.290907,0.2750,+0.01591,0,1,1,+0.53593,-0.09942,0.19468,162.10,1,0,+0.000,-11.000,-11.000,-0.02700,+3.725,+0.00000,0.00,+0.00000,1,+0.29223,+0.33787,0.01131,-4.632,0,210.5,0.0
21.342145,4,0,0.290907,0.290907,0.2750,+0.01591,0,1,1,+0.53593,-0.09942,0.19468,162.10,1,0,+0.000,-11.000,-11.000,-0.02687,+3.726,+0.00000,0.00,+0.00000,1,+0.29223,+0.33787,0.01131,-4.662,0,210.5,0.0
21.346852,4,0,0.290907,0.290907,0.2750,+0.01591,0,1,1,+0.53593,-0.09942,0.19468,162.10,1,0,+0.000,-11.000,-11.000,-0.02691,+3.725,+0.00000,0.00,+0.00000,1,+0.29223,+0.33787,0.01131,-4.651,0,210.5,0.0
21.351167,4,0,0.290907,0.290907,0.2750,+0.01591,0,1,1,+0.53593,-0.09942,0.19468,162.10,1,0,+0.000,-11.000,-11.000,-0.02691,+3.725,+0.00000,0.00,+0.00000,1,+0.29223,+0.33787,0.01131,-4.651,0,210.5,0.0
21.356207,4,0,0.290907,0.290907,0.2750,+0.01591,0,1,1,+0.53593,-0.09942,0.19468,162.10,1,0,+0.000,-11.000,-11.000,-0.02686,+3.726,+0.00000,0.00,+0.00000,1,+0.29223,+0.33787,0.01131,-4.665,0,207.9,0.0
21.360547,4,0,0.290907,0.290907,0.2750,+0.01591,0,1,1,+0.53593,-0.09942,0.19468,162.10,1,0,+0.000,-11.000,-11.000,-0.02686,+3.726,+0.00000,0.00,+0.00000,1,+0.29223,+0.33787,0.01131,-4.665,0,207.9,0.0
21.364824,4,0,0.290907,0.290907,0.2750,+0.01591,0,1,1,+0.53593,-0.09942,0.19468,162.10,1,0,+0.000,-11.000,-11.000,-0.02686,+3.726,+0.00000,0.00,+0.00000,1,+0.29223,+0.33787,0.01131,-4.665,0,207.9,0.0
21.369549,4,0,0.290907,0.290907,0.2750,+0.01591,0,1,1,+0.53593,-0.09942,0.19468,162.10,1,0,+0.000,-11.000,-11.000,-0.02680,+3.726,+0.00000,0.00,+0.00000,1,+0.29223,+0.33787,0.01131,-4.677,0,207.9,0.0
21.374053,4,0,0.290907,0.290907,0.2750,+0.01591,0,1,1,+0.53593,-0.09942,0.19468,162.10,1,0,+0.000,-11.000,-11.000,-0.02689,+3.725,+0.00000,0.00,+0.00000,1,+0.29223,+0.33787,0.01131,-4.658,0,207.9,0.0
21.379112,4,0,0.290907,0.290907,0.2750,+0.01591,0,1,1,+0.53593,-0.09942,0.19468,162.10,1,0,+0.000,-11.000,-11.000,-0.02689,+3.725,+0.00000,0.00,+0.00000,1,+0.29223,+0.33787,0.01131,-4.658,0,207.9,0.0
21.383476,4,0,0.290907,0.290907,0.2750,+0.01591,0,1,1,+0.53593,-0.09942,0.19468,162.10,1,0,+0.000,-11.000,-11.000,-0.02684,+3.726,+0.00000,0.00,+0.00000,1,+0.29223,+0.33787,0.01131,-4.669,0,207.9,0.0
21.388067,4,0,0.290907,0.290907,0.2750,+0.01591,0,1,1,+0.53593,-0.09942,0.19468,162.10,1,0,+0.000,-11.000,-11.000,-0.02684,+3.726,+0.00000,0.00,+0.00000,1,+0.29223,+0.33787,0.01131,-4.669,0,207.9,0.0
21.392551,4,0,0.290907,0.290907,0.2750,+0.01591,0,1,1,+0.53593,-0.09942,0.19468,162.10,1,0,+0.000,-11.000,-11.000,-0.02686,+3.725,+0.00000,0.00,+0.00000,1,+0.29223,+0.33787,0.01131,-4.663,0,207.9,0.0
21.397194,4,0,0.290907,0.290907,0.2750,+0.01591,0,1,1,+0.53593,-0.09942,0.19468,162.10,1,0,+0.000,-11.000,-11.000,-0.02686,+3.725,+0.00000,0.00,+0.00000,1,+0.29223,+0.33787,0.01131,-4.663,0,207.9,0.0
21.401916,4,0,0.290907,0.290907,0.2750,+0.01591,0,1,1,+0.53593,-0.09942,0.19468,162.10,1,0,+0.000,-11.000,-11.000,-0.02677,+3.726,+0.00000,0.00,+0.00000,1,+0.29223,+0.33787,0.01131,-4.685,0,207.9,0.0
21.406288,4,0,0.290907,0.290907,0.2750,+0.01591,0,1,1,+0.53593,-0.09942,0.19468,162.10,1,0,+0.000,-11.000,-11.000,-0.02677,+3.726,+0.00000,0.00,+0.00000,1,+0.29223,+0.33787,0.01131,-4.685,0,207.9,0.0
21.410875,4,0,0.290907,0.290907,0.2750,+0.01591,0,1,1,+0.53593,-0.09942,0.19468,162.10,1,0,+0.000,-11.000,-11.000,-0.02685,+3.725,+0.00000,0.00,+0.00000,1,+0.29223,+0.33787,0.01131,-4.667,0,207.9,0.0
21.416320,4,0,0.290907,0.290907,0.2750,+0.01591,0,1,1,+0.53593,-0.09942,0.19468,162.10,1,0,+0.000,-11.000,-11.000,-0.02685,+3.725,+0.00000,0.00,+0.00000,1,+0.29223,+0.33787,0.01131,-4.667,0,207.9,0.0
21.430744,4,0,0.290907,0.290907,0.2750,+0.01591,0,1,1,+0.53593,-0.09942,0.19468,162.10,1,0,+0.000,-11.000,-11.000,-0.02681,+3.726,+0.00000,0.00,+0.00000,1,+0.29223,+0.33787,0.01131,-4.675,0,207.9,0.0
21.435968,4,0,0.290907,0.290907,0.2750,+0.01591,0,1,1,+0.53593,-0.09942,0.19468,162.10,1,0,+0.000,-11.000,-11.000,-0.02648,+3.726,+0.00000,0.00,+0.00000,1,+0.29223,+0.33787,0.01131,-4.750,0,207.9,0.0
21.440821,4,0,0.290907,0.290907,0.2750,+0.01591,0,1,1,+0.53593,-0.09942,0.19468,162.10,1,0,+0.000,-11.000,-11.000,-0.02648,+3.726,+0.00000,0.00,+0.00000,1,+0.29223,+0.33787,0.01131,-4.750,0,207.9,0.0
21.445677,4,0,0.290907,0.290907,0.2750,+0.01591,0,1,1,+0.53593,-0.09942,0.19468,162.10,1,0,+0.000,-11.000,-11.000,-0.02653,+3.726,+0.00000,0.00,+0.00000,1,+0.29223,+0.33787,0.01131,-4.739,0,207.9,0.0
21.450105,4,0,0.290907,0.290907,0.2750,+0.01591,0,1,1,+0.53593,-0.09942,0.19468,162.10,1,0,+0.000,-11.000,-11.000,-0.02653,+3.726,+0.00000,0.00,+0.00000,1,+0.29223,+0.33787,0.01131,-4.739,0,207.9,0.0
21.454539,4,0,0.290907,0.290907,0.2750,+0.01591,0,1,1,+0.53593,-0.09942,0.19468,162.10,1,0,+0.000,-11.000,-11.000,-0.02650,+3.726,+0.00000,0.00,+0.00000,1,+0.29223,+0.33787,0.01131,-4.746,0,207.9,0.0
21.459051,4,0,0.290907,0.290907,0.2750,+0.01591,0,1,1,+0.53593,-0.09942,0.19468,162.10,1,0,+0.000,-11.000,-11.000,-0.02654,+3.726,+0.00000,0.00,+0.00000,1,+0.29223,+0.33787,0.01131,-4.737,0,207.9,0.0
21.463661,4,0,0.290907,0.290907,0.2750,+0.01591,0,1,1,+0.53593,-0.09942,0.19468,162.10,1,0,+0.000,-11.000,-11.000,-0.02654,+3.726,+0.00000,0.00,+0.00000,1,+0.29223,+0.33787,0.01131,-4.737,0,207.9,0.0
21.468178,4,0,0.290907,0.290907,0.2750,+0.01591,0,1,1,+0.53593,-0.09942,0.19468,162.10,1,0,+0.000,-11.000,-11.000,-0.02654,+3.726,+0.00000,0.00,+0.00000,1,+0.29223,+0.33787,0.01131,-4.737,0,207.9,0.0
21.472575,4,0,0.290907,0.290907,0.2750,+0.01591,0,1,1,+0.53593,-0.09942,0.19468,162.10,1,0,+0.000,-11.000,-11.000,-0.02649,+3.726,+0.00000,0.00,+0.00000,1,+0.29223,+0.33787,0.01131,-4.749,0,207.9,0.0
21.477276,4,0,0.290907,0.290907,0.2750,+0.01591,0,1,1,+0.53593,-0.09942,0.19468,162.10,1,0,+0.000,-11.000,-11.000,-0.02659,+3.726,+0.00000,0.00,+0.00000,1,+0.29223,+0.33787,0.01131,-4.726,0,207.9,0.0
21.481870,4,0,0.290907,0.290907,0.2750,+0.01591,0,1,1,+0.53593,-0.09942,0.19468,162.10,1,0,+0.000,-11.000,-11.000,-0.02659,+3.726,+0.00000,0.00,+0.00000,1,+0.29223,+0.33787,0.01131,-4.726,0,207.9,0.0
21.486842,4,0,0.290907,0.290907,0.2750,+0.01591,0,1,1,+0.53593,-0.09942,0.19468,162.10,1,0,+0.000,-11.000,-11.000,-0.02659,+3.726,+0.00000,0.00,+0.00000,1,+0.29223,+0.33787,0.01131,-4.726,0,207.9,0.0
21.491522,4,0,0.290907,0.290907,0.2750,+0.01591,0,1,1,+0.53593,-0.09942,0.19468,162.10,1,0,+0.000,-11.000,-11.000,-0.02644,+3.726,+0.00000,0.00,+0.00000,1,+0.29223,+0.33787,0.01131,-4.759,0,207.9,0.0
21.496181,4,0,0.290907,0.290907,0.2750,+0.01591,0,1,1,+0.53593,-0.09942,0.19468,162.10,1,0,+0.000,-11.000,-11.000,-0.02658,+3.726,+0.00000,0.00,+0.00000,1,+0.29223,+0.33787,0.01131,-4.728,0,207.9,0.0
21.500742,4,0,0.290907,0.290907,0.2750,+0.01591,0,1,1,+0.53593,-0.09942,0.19468,162.10,1,0,+0.000,-11.000,-11.000,-0.02658,+3.726,+0.00000,0.00,+0.00000,1,+0.29223,+0.33787,0.01131,-4.728,0,207.9,0.0
21.504989,4,0,0.290907,0.290907,0.2750,+0.01591,0,1,1,+0.53593,-0.09942,0.19468,162.10,1,0,+0.000,-11.000,-11.000,-0.02649,+3.726,+0.00000,0.00,+0.00000,1,+0.29223,+0.33787,0.01131,-4.749,0,207.9,0.0
21.509534,4,0,0.290907,0.290907,0.2750,+0.01591,0,1,1,+0.53593,-0.09942,0.19468,162.10,1,0,+0.000,-11.000,-11.000,-0.02649,+3.726,+0.00000,0.00,+0.00000,1,+0.29223,+0.33787,0.01131,-4.749,0,207.9,0.0
21.527011,4,0,0.290907,0.290907,0.2750,+0.01591,0,1,1,+0.53593,-0.09942,0.19468,162.10,1,0,+0.000,-11.000,-11.000,-0.02649,+3.726,+0.00000,0.00,+0.00000,1,+0.29223,+0.33787,0.01131,-4.749,0,207.9,0.0
21.531348,4,0,0.290907,0.290907,0.2750,+0.01591,0,1,1,+0.53593,-0.09942,0.19468,162.10,1,0,+0.000,-11.000,-11.000,-0.02575,+3.727,+0.00000,0.00,+0.00000,1,+0.29223,+0.33787,0.01131,-4.918,0,207.9,0.0
21.536023,4,0,0.290907,0.290907,0.2750,+0.01591,0,1,1,+0.53593,-0.09942,0.19468,162.10,1,0,+0.000,-11.000,-11.000,-0.02586,+3.727,+0.00000,0.00,+0.00000,1,+0.29223,+0.33787,0.01131,-4.892,0,207.9,0.0
21.540668,4,0,0.290907,0.290907,0.2750,+0.01591,0,1,1,+0.53593,-0.09942,0.19468,162.10,1,0,+0.000,-11.000,-11.000,-0.02586,+3.727,+0.00000,0.00,+0.00000,1,+0.29223,+0.33787,0.01131,-4.892,0,207.9,0.0
21.545381,4,0,0.290907,0.290907,0.2750,+0.01591,0,1,1,+0.53593,-0.09942,0.19468,162.10,1,0,+0.000,-11.000,-11.000,-0.02586,+3.727,+0.00000,0.00,+0.00000,1,+0.29223,+0.33787,0.01131,-4.892,0,207.9,0.0
21.550175,4,0,0.290907,0.290907,0.2750,+0.01591,0,1,1,+0.53593,-0.09942,0.19468,162.10,1,0,+0.000,-11.000,-11.000,-0.02582,+3.727,+0.00000,0.00,+0.00000,1,+0.29223,+0.33787,0.01131,-4.901,0,207.9,0.0
21.554680,4,0,0.290907,0.290907,0.2750,+0.01591,0,1,1,+0.53593,-0.09942,0.19468,162.10,1,0,+0.000,-11.000,-11.000,-0.02593,+3.727,+0.00000,0.00,+0.00000,1,+0.29223,+0.33787,0.01131,-4.876,0,207.9,0.0
21.558960,4,0,0.290907,0.290907,0.2750,+0.01591,0,1,1,+0.53593,-0.09942,0.19468,162.10,1,0,+0.000,-11.000,-11.000,-0.02593,+3.727,+0.00000,0.00,+0.00000,1,+0.29223,+0.33787,0.01131,-4.876,0,207.9,0.0
21.565237,4,0,0.290907,0.290907,0.2750,+0.01591,0,1,1,+0.53593,-0.09942,0.19468,162.10,1,0,+0.000,-11.000,-11.000,-0.02593,+3.727,+0.00000,0.00,+0.00000,1,+0.29223,+0.33787,0.01131,-4.876,0,207.9,0.0
21.569689,4,0,0.290907,0.290907,0.2750,+0.01591,0,1,1,+0.53593,-0.09942,0.19468,162.10,1,0,+0.000,-11.000,-11.000,-0.02593,+3.727,+0.00000,0.00,+0.00000,1,+0.29223,+0.33787,0.01131,-4.876,0,207.9,0.0
21.574661,4,0,0.290907,0.290907,0.2750,+0.01591,0,1,1,+0.53593,-0.09942,0.19468,162.10,1,0,+0.000,-11.000,-11.000,-0.02597,+3.727,+0.00000,0.00,+0.00000,1,+0.29223,+0.33787,0.01131,-4.869,0,207.9,0.0
21.579883,4,0,0.290907,0.290907,0.2750,+0.01591,0,1,1,+0.53593,-0.09942,0.19468,162.10,1,0,+0.000,-11.000,-11.000,-0.02597,+3.727,+0.00000,0.00,+0.00000,1,+0.29223,+0.33787,0.01131,-4.869,0,207.9,0.0
21.584511,4,0,0.290907,0.290907,0.2750,+0.01591,0,1,1,+0.53593,-0.09942,0.19468,162.10,1,0,+0.000,-11.000,-11.000,-0.02591,+3.727,+0.00000,0.00,+0.00000,1,+0.29223,+0.33787,0.01131,-4.882,0,207.9,0.0
21.590954,4,0,0.290907,0.290907,0.2750,+0.01591,0,1,1,+0.53593,-0.09942,0.19468,162.10,1,0,+0.000,-11.000,-11.000,-0.02589,+3.727,+0.00000,0.00,+0.00000,1,+0.29223,+0.33787,0.01131,-4.886,0,207.9,0.0
21.595902,4,0,0.290907,0.290907,0.2750,+0.01591,0,1,1,+0.53593,-0.09942,0.19468,162.10,1,0,+0.000,-11.000,-11.000,-0.02589,+3.727,+0.00000,0.00,+0.00000,1,+0.29223,+0.33787,0.01131,-4.886,0,207.9,0.0
21.600499,4,0,0.290907,0.290907,0.2750,+0.01591,0,1,1,+0.53593,-0.09942,0.19468,162.10,1,0,+0.000,-11.000,-11.000,-0.02600,+3.727,+0.00000,0.00,+0.00000,1,+0.29223,+0.33787,0.01131,-4.862,0,207.9,0.0
21.604884,4,0,0.290907,0.290907,0.2750,+0.01591,0,1,1,+0.53593,-0.09942,0.19468,162.10,1,0,+0.000,-11.000,-11.000,-0.02600,+3.727,+0.00000,0.00,+0.00000,1,+0.29223,+0.33787,0.01131,-4.862,0,207.9,0.0
21.609334,4,0,0.290907,0.290907,0.2750,+0.01591,0,1,1,+0.53593,-0.09942,0.19468,162.10,1,0,+0.000,-11.000,-11.000,-0.02599,+3.727,+0.00000,0.00,+0.00000,1,+0.29223,+0.33787,0.01131,-4.863,0,207.9,0.0
21.614097,4,0,0.290907,0.290907,0.2750,+0.01591,0,1,1,+0.53593,-0.09942,0.19468,162.10,1,0,+0.000,-11.000,-11.000,-0.02605,+3.727,+0.00000,0.00,+0.00000,1,+0.29223,+0.33787,0.01131,-4.850,0,207.9,0.0
21.618534,4,0,0.290907,0.290907,0.2750,+0.01591,0,1,1,+0.53593,-0.09942,0.19468,162.10,1,0,+0.000,-11.000,-11.000,-0.02605,+3.727,+0.00000,0.00,+0.00000,1,+0.29223,+0.33787,0.01131,-4.850,0,207.9,0.0
21.623189,4,0,0.290907,0.290907,0.2750,+0.01591,0,1,1,+0.53593,-0.09942,0.19468,162.10,1,0,+0.000,-11.000,-11.000,-0.02605,+3.727,+0.00000,0.00,+0.00000,1,+0.29223,+0.33787,0.01131,-4.850,0,207.9,0.0
21.628517,4,0,0.290907,0.290907,0.2750,+0.01591,0,1,1,+0.53593,-0.09942,0.19468,162.10,1,0,+0.000,-11.000,-11.000,-0.02601,+3.727,+0.00000,0.00,+0.00000,1,+0.29223,+0.33787,0.01131,-4.858,0,207.9,0.0
21.633074,4,0,0.290907,0.290907,0.2750,+0.01591,0,1,1,+0.53593,-0.09942,0.19468,162.10,1,0,+0.000,-11.000,-11.000,-0.02612,+3.727,+0.00000,0.00,+0.00000,1,+0.29223,+0.33787,0.01131,-4.833,0,207.9,0.0
21.637695,4,0,0.290907,0.290907,0.2750,+0.01591,0,1,1,+0.53593,-0.09942,0.19468,162.10,1,0,+0.000,-11.000,-11.000,-0.02612,+3.727,+0.00000,0.00,+0.00000,1,+0.29223,+0.33787,0.01131,-4.833,0,207.9,0.0
21.642108,4,0,0.290907,0.290907,0.2750,+0.01591,0,1,1,+0.53593,-0.09942,0.19468,162.10,1,0,+0.000,-11.000,-11.000,-0.02603,+3.727,+0.00000,0.00,+0.00000,1,+0.29223,+0.33787,0.01131,-4.854,0,207.9,0.0
21.646724,4,0,0.290907,0.290907,0.2750,+0.01591,0,1,1,+0.53593,-0.09942,0.19468,162.10,1,0,+0.000,-11.000,-11.000,-0.02603,+3.727,+0.00000,0.00,+0.00000,1,+0.29223,+0.33787,0.01131,-4.854,0,207.9,0.0
21.651297,4,0,0.290907,0.290907,0.2750,+0.01591,0,1,1,+0.53593,-0.09942,0.19468,162.10,1,0,+0.000,-11.000,-11.000,-0.02601,+3.727,+0.00000,0.00,+0.00000,1,+0.29223,+0.33787,0.01131,-4.859,0,207.9,0.0
21.658526,4,0,0.290907,0.290907,0.2750,+0.01591,0,1,1,+0.53593,-0.09942,0.19468,162.10,1,0,+0.000,-11.000,-11.000,-0.02601,+3.727,+0.00000,0.00,+0.00000,1,+0.29223,+0.33787,0.01131,-4.859,0,207.9,0.0
21.663954,4,0,0.290907,0.290907,0.2750,+0.01591,0,1,1,+0.53593,-0.09942,0.19468,162.10,1,0,+0.000,-11.000,-11.000,-0.02602,+3.727,+0.00000,0.00,+0.00000,1,+0.29223,+0.33787,0.01131,-4.856,0,207.9,0.0
21.668316,4,0,0.290907,0.290907,0.2750,+0.01591,0,1,1,+0.53593,-0.09942,0.19468,162.10,1,0,+0.000,-11.000,-11.000,-0.02606,+3.727,+0.00000,0.00,+0.00000,1,+0.29223,+0.33787,0.01131,-4.848,0,207.9,0.0
21.673052,4,0,0.290907,0.290907,0.2750,+0.01591,0,1,1,+0.53593,-0.09942,0.19468,162.10,1,0,+0.000,-11.000,-11.000,-0.02606,+3.727,+0.00000,0.00,+0.00000,1,+0.29223,+0.33787,0.01131,-4.848,0,207.9,0.0
21.677724,4,0,0.290907,0.290907,0.2750,+0.01591,0,1,1,+0.53593,-0.09942,0.19468,162.10,1,0,+0.000,-11.000,-11.000,-0.02605,+3.727,+0.00000,0.00,+0.00000,1,+0.29223,+0.33787,0.01131,-4.849,0,207.9,0.0
21.681921,4,0,0.290907,0.290907,0.2750,+0.01591,0,1,1,+0.53593,-0.09942,0.19468,162.10,1,0,+0.000,-11.000,-11.000,-0.02605,+3.727,+0.00000,0.00,+0.00000,1,+0.29223,+0.33787,0.01131,-4.849,0,207.9,0.0
21.686247,4,0,0.290907,0.290907,0.2750,+0.01591,0,1,1,+0.53593,-0.09942,0.19468,162.10,1,0,+0.000,-11.000,-11.000,-0.02605,+3.727,+0.00000,0.00,+0.00000,1,+0.29223,+0.33787,0.01131,-4.849,0,207.9,0.0
21.691155,4,0,0.290907,0.290907,0.2750,+0.01591,0,1,1,+0.53593,-0.09942,0.19468,162.10,1,0,+0.000,-11.000,-11.000,-0.02584,+3.727,+0.00000,0.00,+0.00000,1,+0.29223,+0.33787,0.01131,-4.898,0,207.9,0.0
21.696250,4,0,0.290907,0.290907,0.2750,+0.01591,0,1,1,+0.53593,-0.09942,0.19468,162.10,1,0,+0.000,-11.000,-11.000,-0.02604,+3.727,+0.00000,0.00,+0.00000,1,+0.29223,+0.33787,0.01131,-4.851,0,207.9,0.0
21.700618,4,0,0.290907,0.290907,0.2750,+0.01591,0,1,1,+0.53593,-0.09942,0.19468,162.10,1,0,+0.000,-11.000,-11.000,-0.02604,+3.727,+0.00000,0.00,+0.00000,1,+0.29223,+0.33787,0.01131,-4.851,0,207.9,0.0
21.705229,4,0,0.290907,0.290907,0.2750,+0.01591,0,1,1,+0.53593,-0.09942,0.19468,162.10,1,0,+0.000,-11.000,-11.000,-0.02604,+3.727,+0.00000,0.00,+0.00000,1,+0.29223,+0.33787,0.01131,-4.852,0,207.9,0.0
21.709748,4,0,0.290907,0.290907,0.2750,+0.01591,0,1,1,+0.53593,-0.09942,0.19468,162.10,1,0,+0.000,-11.000,-11.000,-0.02604,+3.727,+0.00000,0.00,+0.00000,1,+0.29223,+0.33787,0.01131,-4.852,0,207.9,0.0
21.714328,4,0,0.290907,0.290907,0.2750,+0.01591,0,1,1,+0.53593,-0.09942,0.19468,162.10,1,0,+0.000,-11.000,-11.000,-0.02602,+3.727,+0.00000,0.00,+0.00000,1,+0.29223,+0.33787,0.01131,-4.857,0,207.9,0.0
21.718890,4,0,0.290907,0.290907,0.2750,+0.01591,0,1,1,+0.53593,-0.09942,0.19468,162.10,1,0,+0.000,-11.000,-11.000,-0.02602,+3.727,+0.00000,0.00,+0.00000,1,+0.29223,+0.33787,0.01131,-4.857,0,207.9,0.0
21.725249,4,0,0.290907,0.290907,0.2750,+0.01591,0,1,1,+0.53593,-0.09942,0.19468,162.10,1,0,+0.000,-11.000,-11.000,-0.02602,+3.727,+0.00000,0.00,+0.00000,1,+0.29223,+0.33787,0.01131,-4.857,0,207.9,0.0
21.729654,4,0,0.290907,0.290907,0.2750,+0.01591,0,1,1,+0.53593,-0.09942,0.19468,162.10,1,0,+0.000,-11.000,-11.000,-0.02590,+3.727,+0.00000,0.00,+0.00000,1,+0.29223,+0.33787,0.01131,-4.883,0,207.9,0.0
21.733875,4,0,0.290907,0.290907,0.2750,+0.01591,0,1,1,+0.53593,-0.09942,0.19468,162.10,1,0,+0.000,-11.000,-11.000,-0.02590,+3.727,+0.00000,0.00,+0.00000,1,+0.29223,+0.33787,0.01131,-4.883,0,207.9,0.0
21.738988,4,0,0.290907,0.290907,0.2750,+0.01591,0,1,1,+0.53593,-0.09942,0.19468,162.10,1,0,+0.000,-11.000,-11.000,-0.02591,+3.727,+0.00000,0.00,+0.00000,1,+0.29223,+0.33787,0.01131,-4.881,0,207.9,0.0
21.743475,4,0,0.290907,0.290907,0.2750,+0.01591,0,1,1,+0.53593,-0.09942,0.19468,162.10,1,0,+0.000,-11.000,-11.000,-0.02591,+3.727,+0.00000,0.00,+0.00000,1,+0.29223,+0.33787,0.01131,-4.881,0,207.9,0.0
21.748627,4,0,0.290907,0.290907,0.2750,+0.01591,0,1,1,+0.53593,-0.09942,0.19468,162.10,1,0,+0.000,-11.000,-11.000,-0.02589,+3.727,+0.00000,0.00,+0.00000,1,+0.29223,+0.33787,0.01131,-4.887,0,207.9,0.0
21.753306,4,0,0.290907,0.290907,0.2750,+0.01591,0,1,1,+0.53593,-0.09942,0.19468,162.10,1,0,+0.000,-11.000,-11.000,-0.02589,+3.727,+0.00000,0.00,+0.00000,1,+0.29223,+0.33787,0.01131,-4.887,0,207.9,0.0
21.760082,4,0,0.290907,0.290907,0.2750,+0.01591,0,1,1,+0.53593,-0.09942,0.19468,162.10,1,0,+0.000,-11.000,-11.000,-0.02587,+3.727,+0.00000,0.00,+0.00000,1,+0.29223,+0.33787,0.01131,-4.891,0,207.9,0.0
21.764770,4,0,0.290907,0.290907,0.2750,+0.01591,0,1,1,+0.53593,-0.09942,0.19468,162.10,1,0,+0.000,-11.000,-11.000,-0.02597,+3.727,+0.00000,0.00,+0.00000,1,+0.29223,+0.33787,0.01131,-4.867,0,207.9,0.0
21.769279,4,0,0.290907,0.290907,0.2750,+0.01591,0,1,1,+0.53593,-0.09942,0.19468,162.10,1,0,+0.000,-11.000,-11.000,-0.02597,+3.727,+0.00000,0.00,+0.00000,1,+0.29223,+0.33787,0.01131,-4.867,0,207.9,0.0
21.773716,4,0,0.290907,0.290907,0.2750,+0.01591,0,1,1,+0.53593,-0.09942,0.19468,162.10,1,0,+0.000,-11.000,-11.000,-0.02596,+3.727,+0.00000,0.00,+0.00000,1,+0.29223,+0.33787,0.01131,-4.871,0,207.9,0.0
21.778232,4,0,0.290907,0.290907,0.2750,+0.01591,0,1,1,+0.53593,-0.09942,0.19468,162.10,1,0,+0.000,-11.000,-11.000,-0.02603,+3.727,+0.00000,0.00,+0.00000,1,+0.29223,+0.33787,0.01131,-4.854,0,207.9,0.0
21.782639,4,0,0.290907,0.290907,0.2750,+0.01591,0,1,1,+0.53593,-0.09942,0.19468,162.10,1,0,+0.000,-11.000,-11.000,-0.02603,+3.727,+0.00000,0.00,+0.00000,1,+0.29223,+0.33787,0.01131,-4.854,0,207.9,0.0
21.787221,4,0,0.290907,0.290907,0.2750,+0.01591,0,1,1,+0.53593,-0.09942,0.19468,162.10,1,0,+0.000,-11.000,-11.000,-0.02603,+3.727,+0.00000,0.00,+0.00000,1,+0.29223,+0.33787,0.01131,-4.854,0,207.9,0.0
21.791922,4,0,0.290907,0.290907,0.2750,+0.01591,0,1,1,+0.53593,-0.09942,0.19468,162.10,1,0,+0.000,-11.000,-11.000,-0.02598,+3.727,+0.00000,0.00,+0.00000,1,+0.29223,+0.33787,0.01131,-4.865,0,207.9,0.0
21.796319,4,0,0.290907,0.290907,0.2750,+0.01591,0,1,1,+0.53593,-0.09942,0.19468,162.10,1,0,+0.000,-11.000,-11.000,-0.02598,+3.727,+0.00000,0.00,+0.00000,1,+0.29223,+0.33787,0.01131,-4.865,0,207.9,0.0
21.801071,4,0,0.290907,0.290907,0.2750,+0.01591,0,1,1,+0.53593,-0.09942,0.19468,162.10,1,0,+0.000,-11.000,-11.000,-0.02598,+3.727,+0.00000,0.00,+0.00000,1,+0.29223,+0.33787,0.01131,-4.866,0,207.9,0.0
21.805404,4,0,0.290907,0.290907,0.2750,+0.01591,0,1,1,+0.53593,-0.09942,0.19468,162.10,1,0,+0.000,-11.000,-11.000,-0.02603,+3.727,+0.00000,0.00,+0.00000,1,+0.29223,+0.33787,0.01131,-4.853,0,207.9,0.0
21.809880,4,0,0.290907,0.290907,0.2750,+0.01591,0,1,1,+0.53593,-0.09942,0.19468,162.10,1,0,+0.000,-11.000,-11.000,-0.02603,+3.727,+0.00000,0.00,+0.00000,1,+0.29223,+0.33787,0.01131,-4.853,0,207.9,0.0
21.814580,4,0,0.290907,0.290907,0.2750,+0.01591,0,1,1,+0.53593,-0.09942,0.19468,162.10,1,0,+0.000,-11.000,-11.000,-0.02603,+3.727,+0.00000,0.00,+0.00000,1,+0.29223,+0.33787,0.01131,-4.853,0,207.9,0.0
21.819127,4,0,0.290907,0.290907,0.2750,+0.01591,0,1,1,+0.53593,-0.09942,0.19468,162.10,1,0,+0.000,-11.000,-11.000,-0.02596,+3.727,+0.00000,0.00,+0.00000,1,+0.29223,+0.33787,0.01131,-4.870,0,207.9,0.0
21.831577,4,0,0.290907,0.290907,0.2750,+0.01591,0,1,1,+0.53593,-0.09942,0.19468,162.10,1,0,+0.000,-11.000,-11.000,-0.02596,+3.727,+0.00000,0.00,+0.00000,1,+0.29223,+0.33787,0.01131,-4.870,0,207.9,0.0
21.836179,4,0,0.290907,0.290907,0.2750,+0.01591,0,1,1,+0.53593,-0.09942,0.19468,162.10,1,0,+0.000,-11.000,-11.000,-0.02559,+3.728,+0.00000,0.00,+0.00000,1,+0.29223,+0.33787,0.01131,-4.955,0,207.9,0.0
21.840806,4,0,0.290907,0.290907,0.2750,+0.01591,0,1,1,+0.53593,-0.09942,0.19468,162.10,1,0,+0.000,-11.000,-11.000,-0.02559,+3.728,+0.00000,0.00,+0.00000,1,+0.29223,+0.33787,0.01131,-4.955,0,207.9,0.0
21.845375,4,0,0.290907,0.290907,0.2750,+0.01591,0,1,1,+0.53593,-0.09942,0.19468,162.10,1,0,+0.000,-11.000,-11.000,-0.02557,+3.728,+0.00000,0.00,+0.00000,1,+0.29223,+0.33787,0.01131,-4.960,0,207.9,0.0
21.849934,4,0,0.290907,0.290907,0.2750,+0.01591,0,1,1,+0.53593,-0.09942,0.19468,162.10,1,0,+0.000,-11.000,-11.000,-0.02557,+3.728,+0.00000,0.00,+0.00000,1,+0.29223,+0.33787,0.01131,-4.960,0,207.9,0.0
21.854636,4,0,0.290907,0.290907,0.2750,+0.01591,0,1,1,+0.53593,-0.09942,0.19468,162.10,1,0,+0.000,-11.000,-11.000,-0.02562,+3.728,+0.00000,0.00,+0.00000,1,+0.29223,+0.33787,0.01131,-4.949,0,207.9,0.0
21.859115,4,0,0.290907,0.290907,0.2750,+0.01591,0,1,1,+0.53593,-0.09942,0.19468,162.10,1,0,+0.000,-11.000,-11.000,-0.02567,+3.727,+0.00000,0.00,+0.00000,1,+0.29223,+0.33787,0.01131,-4.935,0,207.9,0.0
21.864414,4,0,0.290907,0.290907,0.2750,+0.01591,0,1,1,+0.53593,-0.09942,0.19468,162.10,1,0,+0.000,-11.000,-11.000,-0.02567,+3.727,+0.00000,0.00,+0.00000,1,+0.29223,+0.33787,0.01131,-4.935,0,207.9,0.0
21.868676,4,0,0.290907,0.290907,0.2750,+0.01591,0,1,1,+0.53593,-0.09942,0.19468,162.10,1,0,+0.000,-11.000,-11.000,-0.02568,+3.727,+0.00000,0.00,+0.00000,1,+0.29223,+0.33787,0.01131,-4.933,0,207.9,0.0
21.873360,4,0,0.290907,0.290907,0.2750,+0.01591,0,1,1,+0.53593,-0.09942,0.19468,162.10,1,0,+0.000,-11.000,-11.000,-0.02568,+3.727,+0.00000,0.00,+0.00000,1,+0.29223,+0.33787,0.01131,-4.933,0,207.9,0.0
21.878201,4,0,0.290907,0.290907,0.2750,+0.01591,0,1,1,+0.53593,-0.09942,0.19468,162.10,1,0,+0.000,-11.000,-11.000,-0.02575,+3.727,+0.00000,0.00,+0.00000,1,+0.29223,+0.33787,0.01131,-4.917,0,207.9,0.0
21.882746,4,0,0.290907,0.290907,0.2750,+0.01591,0,1,1,+0.53593,-0.09942,0.19468,162.10,1,0,+0.000,-11.000,-11.000,-0.02575,+3.727,+0.00000,0.00,+0.00000,1,+0.29223,+0.33787,0.01131,-4.917,0,207.9,0.0
21.887060,4,0,0.290907,0.290907,0.2750,+0.01591,0,1,1,+0.53593,-0.09942,0.19468,162.10,1,0,+0.000,-11.000,-11.000,-0.02580,+3.727,+0.00000,0.00,+0.00000,1,+0.29223,+0.33787,0.01131,-4.907,0,207.9,0.0
21.891654,4,0,0.290907,0.290907,0.2750,+0.01591,0,1,1,+0.53593,-0.09942,0.19468,162.10,1,0,+0.000,-11.000,-11.000,-0.02580,+3.727,+0.00000,0.00,+0.00000,1,+0.29223,+0.33787,0.01131,-4.907,0,207.9,0.0
21.897272,4,0,0.290907,0.290907,0.2750,+0.01591,0,1,1,+0.53593,-0.09942,0.19468,162.10,1,0,+0.000,-11.000,-11.000,-0.02582,+3.727,+0.00000,0.00,+0.00000,1,+0.29223,+0.33787,0.01131,-4.903,0,207.9,0.0
21.901912,4,0,0.290907,0.290907,0.2750,+0.01591,0,1,1,+0.53593,-0.09942,0.19468,162.10,1,0,+0.000,-11.000,-11.000,-0.02581,+3.727,+0.00000,0.00,+0.00000,1,+0.29223,+0.33787,0.01131,-4.903,0,207.9,0.0
21.906439,4,0,0.290907,0.290907,0.2750,+0.01591,0,1,1,+0.53593,-0.09942,0.19468,162.10,1,0,+0.000,-11.000,-11.000,-0.02581,+3.727,+0.00000,0.00,+0.00000,1,+0.29223,+0.33787,0.01131,-4.903,0,207.9,0.0
21.910739,4,0,0.290907,0.290907,0.2750,+0.01591,0,1,1,+0.53593,-0.09942,0.19468,162.10,1,0,+0.000,-11.000,-11.000,-0.02583,+3.727,+0.00000,0.00,+0.00000,1,+0.29223,+0.33787,0.01131,-4.900,0,207.9,0.0
21.915068,4,0,0.290907,0.290907,0.2750,+0.01591,0,1,1,+0.53593,-0.09942,0.19468,162.10,1,0,+0.000,-11.000,-11.000,-0.02583,+3.727,+0.00000,0.00,+0.00000,1,+0.29223,+0.33787,0.01131,-4.900,0,207.9,0.0
21.921316,4,0,0.290907,0.290907,0.2750,+0.01591,0,1,1,+0.53593,-0.09942,0.19468,162.10,1,0,+0.000,-11.000,-11.000,-0.02583,+3.727,+0.00000,0.00,+0.00000,1,+0.29223,+0.33787,0.01131,-4.900,0,207.9,0.0
21.926007,4,0,0.290907,0.290907,0.2750,+0.01591,0,1,1,+0.53593,-0.09942,0.19468,162.10,1,0,+0.000,-11.000,-11.000,-0.02583,+3.727,+0.00000,0.00,+0.00000,1,+0.29223,+0.33787,0.01131,-4.900,0,207.9,0.0
21.930559,4,0,0.290907,0.290907,0.2750,+0.01591,0,1,1,+0.53593,-0.09942,0.19468,162.10,1,0,+0.000,-11.000,-11.000,-0.02585,+3.727,+0.00000,0.00,+0.00000,1,+0.29223,+0.33787,0.01131,-4.895,0,207.9,0.0
21.935052,4,0,0.290907,0.290907,0.2750,+0.01591,0,1,1,+0.53593,-0.09942,0.19468,162.10,1,0,+0.000,-11.000,-11.000,-0.02585,+3.727,+0.00000,0.00,+0.00000,1,+0.29223,+0.33787,0.01131,-4.895,0,207.9,0.0
21.939458,4,0,0.290907,0.290907,0.2750,+0.01591,0,1,1,+0.53593,-0.09942,0.19468,162.10,1,0,+0.000,-11.000,-11.000,-0.02584,+3.727,+0.00000,0.00,+0.00000,1,+0.29223,+0.33787,0.01131,-4.898,0,207.9,0.0
21.944128,4,0,0.290907,0.290907,0.2750,+0.01591,0,1,1,+0.53593,-0.09942,0.19468,162.10,1,0,+0.000,-11.000,-11.000,-0.02584,+3.727,+0.00000,0.00,+0.00000,1,+0.29223,+0.33787,0.01131,-4.898,0,207.9,0.0
21.948642,4,0,0.290907,0.290907,0.2750,+0.01591,0,1,1,+0.53593,-0.09942,0.19468,162.10,1,0,+0.000,-11.000,-11.000,-0.02591,+3.727,+0.00000,0.00,+0.00000,1,+0.29223,+0.33787,0.01131,-4.882,0,207.9,0.0
21.953237,4,0,0.290907,0.290907,0.2750,+0.01591,0,1,1,+0.53593,-0.09942,0.19468,162.10,1,0,+0.000,-11.000,-11.000,-0.02595,+3.727,+0.00000,0.00,+0.00000,1,+0.29223,+0.33787,0.01131,-4.871,0,207.9,0.0
21.957843,4,0,0.290907,0.290907,0.2750,+0.01591,0,1,1,+0.53593,-0.09942,0.19468,162.10,1,0,+0.000,-11.000,-11.000,-0.02595,+3.727,+0.00000,0.00,+0.00000,1,+0.29223,+0.33787,0.01131,-4.871,0,207.9,0.0
21.962443,4,0,0.290907,0.290907,0.2750,+0.01591,0,1,1,+0.53593,-0.09942,0.19468,162.10,1,0,+0.000,-11.000,-11.000,-0.02600,+3.727,+0.00000,0.00,+0.00000,1,+0.29223,+0.33787,0.01131,-4.861,0,207.9,0.0
21.967176,4,0,0.290907,0.290907,0.2750,+0.01591,0,1,1,+0.53593,-0.09942,0.19468,162.10,1,0,+0.000,-11.000,-11.000,-0.02600,+3.727,+0.00000,0.00,+0.00000,1,+0.29223,+0.33787,0.01131,-4.861,0,207.9,0.0
21.971897,4,0,0.290907,0.290907,0.2750,+0.01591,0,1,1,+0.53593,-0.09942,0.19468,162.10,1,0,+0.000,-11.000,-11.000,-0.02597,+3.727,+0.00000,0.00,+0.00000,1,+0.29223,+0.33787,0.01131,-4.869,0,207.9,0.0
21.976481,4,0,0.290907,0.290907,0.2750,+0.01591,0,1,1,+0.53593,-0.09942,0.19468,162.10,1,0,+0.000,-11.000,-11.000,-0.02597,+3.727,+0.00000,0.00,+0.00000,1,+0.29223,+0.33787,0.01131,-4.869,0,207.9,0.0
21.980989,4,0,0.290907,0.290907,0.2750,+0.01591,0,1,1,+0.53593,-0.09942,0.19468,162.10,1,0,+0.000,-11.000,-11.000,-0.02597,+3.727,+0.00000,0.00,+0.00000,1,+0.29223,+0.33787,0.01131,-4.869,0,207.9,0.0
21.985358,4,0,0.290907,0.290907,0.2750,+0.01591,0,1,1,+0.53593,-0.09942,0.19468,162.10,1,0,+0.000,-11.000,-11.000,-0.02593,+3.727,+0.00000,0.00,+0.00000,1,+0.29223,+0.33787,0.01131,-4.878,0,207.9,0.0
21.989877,4,0,0.290907,0.290907,0.2750,+0.01591,0,1,1,+0.53593,-0.09942,0.19468,162.10,1,0,+0.000,-11.000,-11.000,-0.02596,+3.727,+0.00000,0.00,+0.00000,1,+0.29223,+0.33787,0.01131,-4.869,0,207.9,0.0
21.994497,4,0,0.290907,0.290907,0.2750,+0.01591,0,1,1,+0.53593,-0.09942,0.19468,162.10,1,0,+0.000,-11.000,-11.000,-0.02596,+3.727,+0.00000,0.00,+0.00000,1,+0.29223,+0.33787,0.01131,-4.869,0,207.9,0.0
21.999050,4,0,0.290907,0.290907,0.2750,+0.01591,0,1,1,+0.53593,-0.09942,0.19468,162.10,1,0,+0.000,-11.000,-11.000,-0.02596,+3.727,+0.00000,0.00,+0.00000,1,+0.29223,+0.33787,0.01131,-4.869,0,207.9,0.0
22.003415,4,0,0.290907,0.290907,0.2750,+0.01591,0,1,1,+0.53593,-0.09942,0.19468,162.10,1,0,+0.000,-11.000,-11.000,-0.02588,+3.727,+0.00000,0.00,+0.00000,1,+0.29223,+0.33787,0.01131,-4.887,0,207.9,0.0
22.007813,4,0,0.290907,0.290907,0.2750,+0.01591,0,1,1,+0.53593,-0.09942,0.19468,162.10,1,0,+0.000,-11.000,-11.000,-0.02588,+3.727,+0.00000,0.00,+0.00000,1,+0.29223,+0.33787,0.01131,-4.887,0,207.9,0.0
22.013456,4,0,0.290907,0.290907,0.2750,+0.01591,0,1,1,+0.53593,-0.09942,0.19468,162.10,1,0,+0.000,-11.000,-11.000,-0.02592,+3.727,+0.00000,0.00,+0.00000,1,+0.29223,+0.33787,0.01131,-4.880,0,207.9,0.0
22.020770,4,0,0.290907,0.290907,0.2750,+0.01591,0,1,1,+0.53593,-0.09942,0.19468,162.10,1,0,+0.000,-11.000,-11.000,-0.02592,+3.727,+0.00000,0.00,+0.00000,1,+0.29223,+0.33787,0.01131,-4.879,0,207.9,0.0
22.025758,4,0,0.290907,0.290907,0.2750,+0.01591,0,1,1,+0.53593,-0.09942,0.19468,162.10,1,0,+0.000,-11.000,-11.000,-0.02598,+3.727,+0.00000,0.00,+0.00000,1,+0.29223,+0.33787,0.01131,-4.865,0,207.9,0.0
22.030994,4,0,0.290907,0.290907,0.2750,+0.01591,0,1,1,+0.53593,-0.09942,0.19468,162.10,1,0,+0.000,-11.000,-11.000,-0.02598,+3.727,+0.00000,0.00,+0.00000,1,+0.29223,+0.33787,0.01131,-4.865,0,207.9,0.0
22.035525,4,0,0.290907,0.290907,0.2750,+0.01591,0,1,1,+0.53593,-0.09942,0.19468,162.10,1,0,+0.000,-11.000,-11.000,-0.02598,+3.727,+0.00000,0.00,+0.00000,1,+0.29223,+0.33787,0.01131,-4.865,0,207.9,0.0
22.040111,4,0,0.290907,0.290907,0.2750,+0.01591,0,1,1,+0.53593,-0.09942,0.19468,162.10,1,0,+0.000,-11.000,-11.000,-0.02598,+3.727,+0.00000,0.00,+0.00000,1,+0.29223,+0.33787,0.01131,-4.865,0,207.9,0.0
22.044817,4,0,0.290907,0.290907,0.2750,+0.01591,0,1,1,+0.53593,-0.09942,0.19468,162.10,1,0,+0.000,-11.000,-11.000,-0.02597,+3.727,+0.00000,0.00,+0.00000,1,+0.29223,+0.33787,0.01131,-4.868,0,207.9,0.0
22.049343,4,0,0.290907,0.290907,0.2750,+0.01591,0,1,1,+0.53593,-0.09942,0.19468,162.10,1,0,+0.000,-11.000,-11.000,-0.02597,+3.727,+0.00000,0.00,+0.00000,1,+0.29223,+0.33787,0.01131,-4.868,0,207.9,0.0
22.053940,4,0,0.290907,0.290907,0.2750,+0.01591,0,1,1,+0.53593,-0.09942,0.19468,162.10,1,0,+0.000,-11.000,-11.000,-0.02599,+3.727,+0.00000,0.00,+0.00000,1,+0.29223,+0.33787,0.01131,-4.863,0,207.9,0.0
22.058113,4,0,0.290907,0.290907,0.2750,+0.01591,0,1,1,+0.53593,-0.09942,0.19468,162.10,1,0,+0.000,-11.000,-11.000,-0.02599,+3.727,+0.00000,0.00,+0.00000,1,+0.29223,+0.33787,0.01131,-4.863,0,207.9,0.0
22.062950,4,0,0.290907,0.290907,0.2750,+0.01591,0,1,1,+0.53593,-0.09942,0.19468,162.10,1,0,+0.000,-11.000,-11.000,-0.02596,+3.727,+0.00000,0.00,+0.00000,1,+0.29223,+0.33787,0.01131,-4.870,0,207.9,0.0
22.067701,4,0,0.290907,0.290907,0.2750,+0.01591,0,1,1,+0.53593,-0.09942,0.19468,162.10,1,0,+0.000,-11.000,-11.000,-0.02596,+3.727,+0.00000,0.00,+0.00000,1,+0.29223,+0.33787,0.01131,-4.870,0,207.9,0.0
22.072288,4,0,0.290907,0.290907,0.2750,+0.01591,0,1,1,+0.53593,-0.09942,0.19468,162.10,1,0,+0.000,-11.000,-11.000,-0.02596,+3.727,+0.00000,0.00,+0.00000,1,+0.29223,+0.33787,0.01131,-4.869,0,207.9,0.0
22.076623,4,0,0.290907,0.290907,0.2750,+0.01591,0,1,1,+0.53593,-0.09942,0.19468,162.10,1,0,+0.000,-11.000,-11.000,-0.02596,+3.727,+0.00000,0.00,+0.00000,1,+0.29223,+0.33787,0.01131,-4.869,0,207.9,0.0
22.081173,4,0,0.290907,0.290907,0.2750,+0.01591,0,1,1,+0.53593,-0.09942,0.19468,162.10,1,0,+0.000,-11.000,-11.000,-0.02601,+3.727,+0.00000,0.00,+0.00000,1,+0.29223,+0.33787,0.01131,-4.859,0,207.9,0.0
22.085775,4,0,0.290907,0.290907,0.2750,+0.01591,0,1,1,+0.53593,-0.09942,0.19468,162.10,1,0,+0.000,-11.000,-11.000,-0.02601,+3.727,+0.00000,0.00,+0.00000,1,+0.29223,+0.33787,0.01131,-4.859,0,207.9,0.0
22.096257,4,0,0.290907,0.290907,0.2750,+0.01591,0,1,1,+0.53593,-0.09942,0.19468,162.10,1,0,+0.000,-11.000,-11.000,-0.02603,+3.727,+0.00000,0.00,+0.00000,1,+0.29223,+0.33787,0.01131,-4.854,0,207.9,0.0
22.100609,4,0,0.290907,0.290907,0.2750,+0.01591,0,1,1,+0.53593,-0.09942,0.19468,162.10,1,0,+0.000,-11.000,-11.000,-0.02595,+3.727,+0.00000,0.00,+0.00000,1,+0.29223,+0.33787,0.01131,-4.872,0,207.9,0.0
22.106022,4,0,0.290907,0.290907,0.2750,+0.01591,0,1,1,+0.53593,-0.09942,0.19468,162.10,1,0,+0.000,-11.000,-11.000,-0.02595,+3.727,+0.00000,0.00,+0.00000,1,+0.29223,+0.33787,0.01131,-4.872,0,207.9,0.0
22.110514,4,0,0.290907,0.290907,0.2750,+0.01591,0,1,1,+0.53593,-0.09942,0.19468,162.10,1,0,+0.000,-11.000,-11.000,-0.02600,+3.727,+0.00000,0.00,+0.00000,1,+0.29223,+0.33787,0.01131,-4.860,0,207.9,0.0
22.115239,4,0,0.290907,0.290907,0.2750,+0.01591,0,1,1,+0.53593,-0.09942,0.19468,162.10,1,0,+0.000,-11.000,-11.000,-0.02607,+3.727,+0.00000,0.00,+0.00000,1,+0.29223,+0.33787,0.01131,-4.846,0,207.9,0.0
22.123684,4,0,0.290907,0.290907,0.2750,+0.01591,0,1,1,+0.53593,-0.09942,0.19468,162.10,1,0,+0.000,-11.000,-11.000,-0.02609,+3.727,+0.00000,0.00,+0.00000,1,+0.29223,+0.33787,0.01131,-4.841,0,207.9,0.0
22.132012,4,0,0.290907,0.290907,0.2750,+0.01591,0,1,1,+0.53593,-0.09942,0.19468,162.10,1,0,+0.000,-11.000,-11.000,-0.02609,+3.727,+0.00000,0.00,+0.00000,1,+0.29223,+0.33787,0.01131,-4.841,0,207.9,0.0
22.136574,4,0,0.290907,0.290907,0.2750,+0.01591,0,1,1,+0.53593,-0.09942,0.19468,162.10,1,0,+0.000,-11.000,-11.000,-0.02604,+3.727,+0.00000,0.00,+0.00000,1,+0.29223,+0.33787,0.01131,-4.853,0,207.9,0.0
22.146284,4,0,0.290907,0.290907,0.2750,+0.01591,0,1,1,+0.53593,-0.09942,0.19468,162.10,1,0,+0.000,-11.000,-11.000,-0.02604,+3.727,+0.00000,0.00,+0.00000,1,+0.29223,+0.33787,0.01131,-4.853,0,207.9,0.0
22.158590,4,0,0.290907,0.290907,0.2750,+0.01591,0,1,1,+0.53593,-0.09942,0.19468,162.10,1,0,+0.000,-11.000,-11.000,-0.02571,+3.728,+0.00000,0.00,+0.00000,1,+0.29223,+0.33787,0.01131,-4.928,0,207.9,0.0
22.163940,4,0,0.290907,0.290907,0.2750,+0.01591,0,1,1,+0.53593,-0.09942,0.19468,162.10,1,0,+0.000,-11.000,-11.000,-0.02548,+3.728,+0.00000,0.00,+0.00000,1,+0.29223,+0.33787,0.01131,-4.981,0,207.9,0.0
22.175223,4,0,0.290907,0.290907,0.2750,+0.01591,0,1,1,+0.53593,-0.09942,0.19468,162.10,1,0,+0.000,-11.000,-11.000,-0.02552,+3.728,+0.00000,0.00,+0.00000,1,+0.29223,+0.33787,0.01131,-4.972,0,207.9,0.0
22.180289,4,0,0.290907,0.290907,0.2750,+0.01591,0,1,1,+0.53593,-0.09942,0.19468,162.10,1,0,+0.000,-11.000,-11.000,-0.02568,+3.728,+0.00000,0.00,+0.00000,1,+0.29223,+0.33787,0.01131,-4.934,0,207.9,0.0
22.184787,4,0,0.290907,0.290907,0.2750,+0.01591,0,1,1,+0.53593,-0.09942,0.19468,162.10,1,0,+0.000,-11.000,-11.000,-0.02568,+3.728,+0.00000,0.00,+0.00000,1,+0.29223,+0.33787,0.01131,-4.934,0,207.9,0.0
22.190302,4,0,0.290907,0.290907,0.2750,+0.01591,0,1,1,+0.53593,-0.09942,0.19468,162.10,1,0,+0.000,-11.000,-11.000,-0.02566,+3.728,+0.00000,0.00,+0.00000,1,+0.29223,+0.33787,0.01131,-4.940,0,207.9,0.0
22.194916,4,0,0.290907,0.290907,0.2750,+0.01591,0,1,1,+0.53593,-0.09942,0.19468,162.10,1,0,+0.000,-11.000,-11.000,-0.02573,+3.728,+0.00000,0.00,+0.00000,1,+0.29223,+0.33787,0.01131,-4.923,0,207.9,0.0
22.199271,4,0,0.290907,0.290907,0.2750,+0.01591,0,1,1,+0.53593,-0.09942,0.19468,162.10,1,0,+0.000,-11.000,-11.000,-0.02573,+3.728,+0.00000,0.00,+0.00000,1,+0.29223,+0.33787,0.01131,-4.923,0,207.9,0.0
22.203892,4,0,0.290907,0.290907,0.2750,+0.01591,0,1,1,+0.53593,-0.09942,0.19468,162.10,1,0,+0.000,-11.000,-11.000,-0.02573,+3.728,+0.00000,0.00,+0.00000,1,+0.29223,+0.33787,0.01131,-4.923,0,207.9,0.0
22.208045,4,0,0.290907,0.290907,0.2750,+0.01591,0,1,1,+0.53593,-0.09942,0.19468,162.10,1,0,+0.000,-11.000,-11.000,-0.02567,+3.728,+0.00000,0.00,+0.00000,1,+0.29223,+0.33787,0.01131,-4.937,0,207.9,0.0
22.212654,4,0,0.290907,0.290907,0.2750,+0.01591,0,1,1,+0.53593,-0.09942,0.19468,162.10,1,0,+0.000,-11.000,-11.000,-0.02577,+3.728,+0.00000,0.00,+0.00000,1,+0.29223,+0.33787,0.01131,-4.914,0,207.9,0.0
22.217176,4,0,0.290907,0.290907,0.2750,+0.01591,0,1,1,+0.53593,-0.09942,0.19468,162.10,1,0,+0.000,-11.000,-11.000,-0.02577,+3.728,+0.00000,0.00,+0.00000,1,+0.29223,+0.33787,0.01131,-4.914,0,207.9,0.0
22.221729,4,0,0.290907,0.290907,0.2750,+0.01591,0,1,1,+0.53593,-0.09942,0.19468,162.10,1,0,+0.000,-11.000,-11.000,-0.02577,+3.728,+0.00000,0.00,+0.00000,1,+0.29223,+0.33787,0.01131,-4.914,0,207.9,0.0
22.226069,4,0,0.290907,0.290907,0.2750,+0.01591,0,1,1,+0.53593,-0.09942,0.19468,162.10,1,0,+0.000,-11.000,-11.000,-0.02574,+3.728,+0.00000,0.00,+0.00000,1,+0.29223,+0.33787,0.01131,-4.921,0,207.9,0.0
22.230466,4,0,0.290907,0.290907,0.2750,+0.01591,0,1,1,+0.53593,-0.09942,0.19468,162.10,1,0,+0.000,-11.000,-11.000,-0.02579,+3.728,+0.00000,0.00,+0.00000,1,+0.29223,+0.33787,0.01131,-4.910,0,207.9,0.0
22.235153,4,0,0.290907,0.290907,0.2750,+0.01591,0,1,1,+0.53593,-0.09942,0.19468,162.10,1,0,+0.000,-11.000,-11.000,-0.02579,+3.728,+0.00000,0.00,+0.00000,1,+0.29223,+0.33787,0.01131,-4.910,0,207.9,0.0
22.239709,4,0,0.290907,0.290907,0.2750,+0.01591,0,1,1,+0.53593,-0.09942,0.19468,162.10,1,0,+0.000,-11.000,-11.000,-0.02585,+3.728,+0.00000,0.00,+0.00000,1,+0.29223,+0.33787,0.01131,-4.895,0,207.9,0.0
22.243896,4,0,0.290907,0.290907,0.2750,+0.01591,0,1,1,+0.53593,-0.09942,0.19468,162.10,1,0,+0.000,-11.000,-11.000,-0.02585,+3.728,+0.00000,0.00,+0.00000,1,+0.29223,+0.33787,0.01131,-4.895,0,207.9,0.0
22.250603,4,0,0.290907,0.290907,0.2750,+0.01591,0,1,1,+0.53593,-0.09942,0.19468,162.10,1,0,+0.000,-11.000,-11.000,-0.02589,+3.728,+0.00000,0.00,+0.00000,1,+0.29223,+0.33787,0.01131,-4.886,0,207.9,0.0
22.255105,4,0,0.290907,0.290907,0.2750,+0.01591,0,1,1,+0.53593,-0.09942,0.19468,162.10,1,0,+0.000,-11.000,-11.000,-0.02589,+3.728,+0.00000,0.00,+0.00000,1,+0.29223,+0.33787,0.01131,-4.886,0,207.9,0.0
22.259614,4,0,0.290907,0.290907,0.2750,+0.01591,0,1,1,+0.53593,-0.09942,0.19468,162.10,1,0,+0.000,-11.000,-11.000,-0.02585,+3.728,+0.00000,0.00,+0.00000,1,+0.29223,+0.33787,0.01131,-4.895,0,207.9,0.0
22.263748,4,0,0.290907,0.290907,0.2750,+0.01591,0,1,1,+0.53593,-0.09942,0.19468,162.10,1,0,+0.000,-11.000,-11.000,-0.02585,+3.728,+0.00000,0.00,+0.00000,1,+0.29223,+0.33787,0.01131,-4.895,0,207.9,0.0
22.268782,4,0,0.290907,0.290907,0.2750,+0.01591,0,1,1,+0.53593,-0.09942,0.19468,162.10,1,0,+0.000,-11.000,-11.000,-0.02591,+3.727,+0.00000,0.00,+0.00000,1,+0.29223,+0.33787,0.01131,-4.881,0,207.9,0.0
22.273335,4,0,0.290907,0.290907,0.2750,+0.01591,0,1,1,+0.53593,-0.09942,0.19468,162.10,1,0,+0.000,-11.000,-11.000,-0.02593,+3.727,+0.00000,0.00,+0.00000,1,+0.29223,+0.33787,0.01131,-4.877,0,207.9,0.0
22.277860,4,0,0.290907,0.290907,0.2750,+0.01591,0,1,1,+0.53593,-0.09942,0.19468,162.10,1,0,+0.000,-11.000,-11.000,-0.02593,+3.727,+0.00000,0.00,+0.00000,1,+0.29223,+0.33787,0.01131,-4.877,0,207.9,0.0
22.282382,4,0,0.290907,0.290907,0.2750,+0.01591,0,1,1,+0.53593,-0.09942,0.19468,162.10,1,0,+0.000,-11.000,-11.000,-0.02592,+3.727,+0.00000,0.00,+0.00000,1,+0.29223,+0.33787,0.01131,-4.879,0,207.9,0.0
22.286963,4,0,0.290907,0.290907,0.2750,+0.01591,0,1,1,+0.53593,-0.09942,0.19468,162.10,1,0,+0.000,-11.000,-11.000,-0.02592,+3.727,+0.00000,0.00,+0.00000,1,+0.29223,+0.33787,0.01131,-4.879,0,207.9,0.0
22.291593,4,0,0.290907,0.290907,0.2750,+0.01591,0,1,1,+0.53593,-0.09942,0.19468,162.10,1,0,+0.000,-11.000,-11.000,-0.02600,+3.727,+0.00000,0.00,+0.00000,1,+0.29223,+0.33787,0.01131,-4.860,0,207.9,0.0
22.295836,4,0,0.290907,0.290907,0.2750,+0.01591,0,1,1,+0.53593,-0.09942,0.19468,162.10,1,0,+0.000,-11.000,-11.000,-0.02600,+3.727,+0.00000,0.00,+0.00000,1,+0.29223,+0.33787,0.01131,-4.860,0,207.9,0.0
22.300432,4,0,0.290907,0.290907,0.2750,+0.01591,0,1,1,+0.53593,-0.09942,0.19468,162.10,1,0,+0.000,-11.000,-11.000,-0.02599,+3.727,+0.00000,0.00,+0.00000,1,+0.29223,+0.33787,0.01131,-4.863,0,207.9,0.0
22.305213,4,0,0.290907,0.290907,0.2750,+0.01591,0,1,1,+0.53593,-0.09942,0.19468,162.10,1,0,+0.000,-11.000,-11.000,-0.02599,+3.727,+0.00000,0.00,+0.00000,1,+0.29223,+0.33787,0.01131,-4.863,0,207.9,0.0
22.309697,4,0,0.290907,0.290907,0.2750,+0.01591,0,1,1,+0.53593,-0.09942,0.19468,162.10,1,0,+0.000,-11.000,-11.000,-0.02603,+3.727,+0.00000,0.00,+0.00000,1,+0.29223,+0.33787,0.01131,-4.853,0,207.9,0.0
22.318476,4,0,0.290907,0.290907,0.2750,+0.01591,0,1,1,+0.53593,-0.09942,0.19468,162.10,1,0,+0.000,-11.000,-11.000,-0.02603,+3.727,+0.00000,0.00,+0.00000,1,+0.29223,+0.33787,0.01131,-4.853,0,207.9,0.0
22.324454,4,0,0.290907,0.290907,0.2750,+0.01591,0,1,1,+0.53593,-0.09942,0.19468,162.10,1,0,+0.000,-11.000,-11.000,-0.02589,+3.728,+0.00000,0.00,+0.00000,1,+0.29223,+0.33787,0.01131,-4.886,0,207.9,0.0
22.329143,4,0,0.290907,0.290907,0.2750,+0.01591,0,1,1,+0.53593,-0.09942,0.19468,162.10,1,0,+0.000,-11.000,-11.000,-0.02592,+3.727,+0.00000,0.00,+0.00000,1,+0.29223,+0.33787,0.01131,-4.880,0,207.9,0.0
22.335515,4,0,0.290907,0.290907,0.2750,+0.01591,0,1,1,+0.53593,-0.09942,0.19468,162.10,1,0,+0.000,-11.000,-11.000,-0.02599,+3.727,+0.00000,0.00,+0.00000,1,+0.29223,+0.33787,0.01131,-4.864,0,207.9,0.0
22.340127,4,0,0.290907,0.290907,0.2750,+0.01591,0,1,1,+0.53593,-0.09942,0.19468,162.10,1,0,+0.000,-11.000,-11.000,-0.02599,+3.727,+0.00000,0.00,+0.00000,1,+0.29223,+0.33787,0.01131,-4.864,0,207.9,0.0
22.345777,4,0,0.290907,0.290907,0.2750,+0.01591,0,1,1,+0.53593,-0.09942,0.19468,162.10,1,0,+0.000,-11.000,-11.000,-0.02594,+3.727,+0.00000,0.00,+0.00000,1,+0.29223,+0.33787,0.01131,-4.874,0,207.9,0.0
22.350069,4,0,0.290907,0.290907,0.2750,+0.01591,0,1,1,+0.53593,-0.09942,0.19468,162.10,1,0,+0.000,-11.000,-11.000,-0.02594,+3.727,+0.00000,0.00,+0.00000,1,+0.29223,+0.33787,0.01131,-4.874,0,207.9,0.0
22.354570,4,0,0.290907,0.290907,0.2750,+0.01591,0,1,1,+0.53593,-0.09942,0.19468,162.10,1,0,+0.000,-11.000,-11.000,-0.02601,+3.727,+0.00000,0.00,+0.00000,1,+0.29223,+0.33787,0.01131,-4.858,0,207.9,0.0
22.358945,4,0,0.290907,0.290907,0.2750,+0.01591,0,1,1,+0.53593,-0.09942,0.19468,162.10,1,0,+0.000,-11.000,-11.000,-0.02601,+3.727,+0.00000,0.00,+0.00000,1,+0.29223,+0.33787,0.01131,-4.858,0,197.5,0.0
22.364317,4,0,0.290907,0.290907,0.2750,+0.01591,0,1,1,+0.53593,-0.09942,0.19468,162.10,1,0,+0.000,-11.000,-11.000,-0.02601,+3.727,+0.00000,0.00,+0.00000,1,+0.29223,+0.33787,0.01131,-4.858,0,197.5,0.0
22.369070,4,0,0.290907,0.290907,0.2750,+0.01591,0,1,1,+0.53593,-0.09942,0.19468,162.10,1,0,+0.000,-11.000,-11.000,-0.02587,+3.728,+0.00000,0.00,+0.00000,1,+0.29223,+0.33787,0.01131,-4.890,0,197.5,0.0
22.373326,4,0,0.290907,0.290907,0.2750,+0.01591,0,1,1,+0.53593,-0.09942,0.19468,162.10,1,0,+0.000,-11.000,-11.000,-0.02600,+3.727,+0.00000,0.00,+0.00000,1,+0.29223,+0.33787,0.01131,-4.861,0,197.5,0.0
22.378167,4,0,0.290907,0.290907,0.2750,+0.01591,0,1,1,+0.53593,-0.09942,0.19468,162.10,1,0,+0.000,-11.000,-11.000,-0.02600,+3.727,+0.00000,0.00,+0.00000,1,+0.29223,+0.33787,0.01131,-4.861,0,197.5,0.0
22.382936,4,0,0.290907,0.290907,0.2750,+0.01591,0,1,1,+0.53593,-0.09942,0.19468,162.10,1,0,+0.000,-11.000,-11.000,-0.02604,+3.727,+0.00000,0.00,+0.00000,1,+0.29223,+0.33787,0.01131,-4.852,0,197.5,0.0
22.387917,4,0,0.290907,0.290907,0.2750,+0.01591,0,1,1,+0.53593,-0.09942,0.19468,162.10,1,0,+0.000,-11.000,-11.000,-0.02604,+3.727,+0.00000,0.00,+0.00000,1,+0.29223,+0.33787,0.01131,-4.852,0,197.5,0.0
22.392457,4,0,0.290907,0.290907,0.2750,+0.01591,0,1,1,+0.53593,-0.09942,0.19468,162.10,1,0,+0.000,-11.000,-11.000,-0.02604,+3.727,+0.00000,0.00,+0.00000,1,+0.29223,+0.33787,0.01131,-4.851,0,197.5,0.0
