t,seg,active_gate,thrust,thrust_cmd,base_thrust,vtrim,descent_on,desc_leg,descent_bias,gate_v_ok,gate_found,u_err,v_err,size_frac,cy,u_f,u_f2,du_lat,v_f,sz_f,sig_k,live,far_rej,tube_solid,rail_on,rail_auth,u_tube_f,curv_f,rail_k,rail_deg,gate_cmd_deg,gate_auth,committed,commit_k,steer,bank_seg,ff_bank_deg,trim_deg,des_roll_deg,roll_n,est_pitch_deg,gyro_pitch,des_pitch_deg,pitch_n,tube_found,u_tube,curvature,area_frac,est_roll_deg,hold_on,loop_hz,det_hz
0.016170,0,0,0.275599,0.275599,0.2750,+0.00060,0,0,0.0000,1,1,+0.02063,-0.00374,0.07837,179.33,+0.02063,+0.02063,+0.00000,-0.00374,0.07837,1.0000,1,0,1,0,0.0000,-0.01678,-0.00125,1.0000,+0.000,+0.000,1.0000,0,1.0000,0,0,+0.000,+0.000,+0.000,+0.00000,-17.803,+0.00000,+0.00,+0.00000,1,-0.01678,-0.00125,0.01932,+0.018,0,0.0,0.0
0.050873,0,0,0.276194,0.276194,0.2750,+0.00119,0,0,0.0000,1,1,+0.02132,-0.00703,0.07935,178.74,+0.02074,+0.02065,+0.00000,-0.00423,0.07852,1.0000,1,0,1,0,0.0000,-0.01669,-0.00131,1.0000,+0.000,+0.000,1.0000,0,1.0000,0,0,+0.000,+0.000,+0.000,+0.00000,-17.803,+0.00000,+0.00,+0.00000,1,-0.01612,-0.00163,0.01907,+0.018,0,0.0,0.0
0.081802,0,0,0.276879,0.276879,0.2750,+0.00188,0,0,0.0000,1,1,+0.02058,-0.00876,0.08012,178.42,+0.02072,+0.02066,+0.00000,-0.00483,0.07873,1.0000,1,0,1,0,0.0000,-0.01677,-0.00130,1.0000,+0.000,+0.000,1.0000,0,1.0000,0,0,+0.000,+0.000,+0.000,+0.00000,-17.807,-0.00359,+0.00,+0.00000,1,-0.01732,-0.00124,0.01881,+0.008,0,0.0,0.0
0.109982,0,0,0.277345,0.277345,0.2750,+0.00234,0,0,0.0000,1,1,+0.01947,-0.00872,0.08032,178.43,+0.02056,+0.02065,+0.00000,-0.00531,0.07893,1.0000,1,0,1,0,0.0000,-0.01658,-0.00121,1.0000,+0.000,+0.000,1.0000,0,1.0000,0,0,+0.000,+0.000,+0.000,+0.00000,-17.628,-0.00138,+0.00,+0.00000,1,-0.01523,-0.00055,0.01859,+0.008,0,0.0,0.0
0.140661,0,0,0.277709,0.277709,0.2750,+0.00271,0,0,0.0000,1,1,+0.01947,-0.00872,0.08032,178.43,+0.02042,+0.02062,+0.00000,-0.00577,0.07911,1.0000,1,0,1,0,0.0000,-0.01640,-0.00112,1.0000,+0.000,+0.000,1.0000,0,1.0000,0,0,+0.000,+0.000,+0.000,+0.00000,-16.734,-0.00108,+0.00,+0.00000,1,-0.01523,-0.00055,0.01859,+0.006,0,0.0,0.0
0.168994,0,0,0.278114,0.278114,0.2750,+0.00311,0,0,0.0000,1,1,+0.01982,-0.00979,0.08051,178.24,+0.02034,+0.02058,+0.00000,-0.00627,0.07928,1.0000,1,0,1,0,0.0000,-0.01649,-0.00103,1.0000,+0.000,+0.000,1.0000,0,1.0000,0,0,+0.000,+0.000,+0.000,+0.00000,-15.875,+0.00272,+0.00,+0.00000,1,-0.01711,-0.00042,0.01851,+0.008,0,0.0,0.0
0.202066,0,0,0.278607,0.278607,0.2750,+0.00361,0,0,0.0000,1,1,+0.02016,-0.01080,0.08108,178.06,+0.02032,+0.02054,+0.00000,-0.00691,0.07954,1.0000,1,0,1,0,0.0000,-0.01660,-0.00104,1.0000,+0.000,+0.000,1.0000,0,1.0000,0,0,+0.000,+0.000,+0.000,+0.00000,-14.616,+0.00175,+0.00,+0.00000,1,-0.01725,-0.00106,0.01830,+0.009,0,0.0,0.0
0.228484,0,0,0.278858,0.278858,0.2750,+0.00386,0,0,0.0000,1,1,+0.02114,-0.01059,0.08127,178.09,+0.02041,+0.02053,+0.00000,-0.00734,0.07974,1.0000,1,0,1,0,0.0000,-0.01700,-0.00070,1.0000,+0.000,+0.000,1.0000,0,1.0000,0,0,+0.000,+0.000,+0.000,+0.00000,-13.768,+0.00021,+0.00,+0.00000,1,-0.02001,+0.00182,0.01827,+0.008,0,0.0,0.0
0.256917,0,0,0.279272,0.279272,0.2750,+0.00427,0,0,0.0000,1,1,+0.02143,-0.01213,0.08221,177.82,+0.02054,+0.02053,+0.00000,-0.00793,0.08005,1.0000,1,0,1,0,0.0000,-0.01667,-0.00134,1.0000,+0.000,+0.000,1.0000,0,1.0000,0,0,+0.000,+0.000,+0.000,+0.00000,-12.969,+0.00062,+0.00,+0.00000,1,-0.01442,-0.00579,0.01809,+0.008,0,0.0,0.0
0.281814,0,0,0.279764,0.279764,0.2750,+0.00476,0,0,0.0000,1,1,+0.02277,-0.01379,0.08315,177.52,+0.02079,+0.02056,+0.00000,-0.00858,0.08039,1.0000,1,0,1,0,0.0000,-0.01592,-0.00233,1.0000,+0.000,+0.000,1.0000,0,1.0000,0,0,+0.000,+0.000,+0.000,+0.00000,-12.191,+0.00059,+0.00,+0.00000,1,-0.00990,-0.01029,0.01788,+0.008,0,0.0,0.0
0.310693,0,0,0.280405,0.280405,0.2750,+0.00541,0,0,0.0000,1,1,+0.02242,-0.01535,0.08389,177.24,+0.02099,+0.02061,+0.00000,-0.00944,0.08083,1.0000,1,0,1,0,0.0000,-0.01587,-0.00311,1.0000,+0.000,+0.000,1.0000,0,1.0000,0,0,+0.000,+0.000,+0.000,+0.00000,-11.411,+0.00047,+0.00,+0.00000,1,-0.01548,-0.00852,0.01800,+0.008,0,0.0,0.0
0.338241,0,0,0.280835,0.280835,0.2750,+0.00583,0,0,0.0000,1,1,+0.02242,-0.01535,0.08389,177.24,+0.02117,+0.02068,+0.00000,-0.01015,0.08120,1.0000,1,0,1,0,0.0000,-0.01582,-0.00376,1.0000,+0.000,+0.000,1.0000,0,1.0000,0,0,+0.000,+0.000,+0.000,+0.00000,-10.704,+0.00040,+0.00,+0.00000,1,-0.01548,-0.00852,0.01800,+0.008,0,0.0,0.0
0.368952,0,0,0.281081,0.281081,0.2750,+0.00608,0,0,0.0000,1,1,+0.02241,-0.01503,0.08370,177.30,+0.02133,+0.02077,+0.00000,-0.01080,0.08154,1.0000,1,0,1,0,0.0000,-0.01549,-0.00443,1.0000,+0.000,+0.000,1.0000,0,1.0000,0,0,+0.000,+0.000,+0.000,+0.00000,-10.181,+0.00038,+0.00,+0.00000,1,-0.01331,-0.00879,0.01789,+0.007,0,0.0,0.0
0.400480,0,0,0.281600,0.281600,0.2750,+0.00660,0,0,0.0000,1,1,+0.02217,-0.01739,0.08462,176.87,+0.02145,+0.02086,+0.00000,-0.01170,0.08196,1.0000,1,0,1,0,0.0000,-0.01531,-0.00489,1.0000,+0.000,+0.000,1.0000,0,1.0000,0,0,+0.000,+0.000,+0.000,+0.00000,-9.367,+0.00032,+0.00,+0.00000,1,-0.01419,-0.00776,0.01822,+0.007,0,0.0,0.0
0.429276,0,0,0.282100,0.282100,0.2750,+0.00710,0,0,0.0000,1,1,+0.02169,-0.01864,0.08535,176.64,+0.02148,+0.02094,+0.00000,-0.01257,0.08238,1.0000,1,0,1,0,0.0000,-0.01694,-0.00353,1.0000,+0.000,+0.000,1.0000,0,1.0000,0,0,+0.000,+0.000,+0.000,+0.00000,-8.836,+0.00028,+0.00,+0.00000,1,-0.02829,+0.00592,0.01853,+0.007,0,0.0,0.0
0.456836,0,0,0.282245,0.282245,0.2750,+0.00725,0,0,0.0000,1,1,+0.02110,-0.01757,0.08498,176.84,+0.02143,+0.02100,+0.00000,-0.01318,0.08270,1.0000,1,0,1,0,0.0000,-0.01812,-0.00294,1.0000,+0.000,+0.000,1.0000,0,1.0000,0,0,+0.000,+0.000,+0.000,+0.00000,-8.286,+0.00024,+0.00,+0.00000,1,-0.02667,+0.00131,0.01943,+0.006,0,0.0,0.0
0.484546,0,0,0.282388,0.282388,0.2750,+0.00739,0,0,0.0000,1,1,+0.02189,-0.01819,0.08553,176.73,+0.02149,+0.02106,+0.00000,-0.01379,0.08304,1.0000,1,0,1,0,0.0000,-0.04042,+0.01785,1.0000,+0.000,+0.000,1.0000,0,1.0000,0,0,+0.000,+0.000,+0.000,+0.00000,-7.787,+0.00022,+0.00,+0.00000,1,-0.20137,+0.16793,0.03598,+0.006,0,0.0,0.0
0.513975,0,0,0.282228,0.282228,0.2750,+0.00723,0,0,0.0000,1,1,+0.02004,-0.01694,0.08370,176.95,+0.02130,+0.02109,+0.00000,-0.01419,0.08313,1.0000,1,0,1,0,0.0000,-0.03802,+0.01090,1.0000,+0.000,+0.000,1.0000,0,1.0000,0,0,+0.000,+0.000,+0.000,+0.00000,-7.197,+0.00019,+0.00,+0.00000,1,-0.02170,-0.03637,0.12072,+0.006,0,0.0,0.0
0.540104,0,0,0.280902,0.280902,0.2750,+0.00590,0,0,0.0000,1,1,+0.02086,-0.00904,0.07935,178.37,+0.02125,+0.02111,+0.00000,-0.01360,0.08269,1.0000,1,0,1,0,0.0000,-0.03486,+0.01082,1.0000,+0.000,+0.000,1.0000,0,1.0000,0,0,+0.000,+0.000,+0.000,+0.00000,-6.777,+0.00017,+0.00,+0.00000,1,-0.01070,+0.01019,0.17955,+0.006,0,0.0,0.0
0.569336,0,0,0.277410,0.277410,0.2750,+0.00241,0,0,0.0000,1,1,+0.01902,+0.00532,0.07136,180.96,+0.02097,+0.02109,+0.00000,-0.01118,0.08125,1.0000,1,0,1,0,0.0000,-0.03149,+0.01065,1.0000,+0.000,+0.000,1.0000,0,1.0000,0,0,+0.000,+0.000,+0.000,+0.00000,-6.432,+0.00015,+0.00,+0.00000,1,-0.00844,+0.00951,0.19603,+0.005,0,0.0,0.0
0.600212,0,0,0.274584,0.274584,0.2750,-0.00042,0,0,0.0000,1,1,+0.01902,+0.00532,0.07136,180.96,+0.02071,+0.02104,+0.00000,-0.00898,0.07992,1.0000,1,0,1,0,0.0000,-0.02841,+0.01050,1.0000,+0.000,+0.000,1.0000,0,1.0000,0,0,+0.000,+0.000,+0.000,+0.00000,-5.994,+0.00013,+0.00,+0.00000,1,-0.00844,+0.00951,0.19603,+0.005,0,0.0,0.0
0.629821,0,0,0.270815,0.270815,0.2750,-0.00418,0,0,0.0000,1,1,+0.01496,+0.01591,0.06383,182.86,+0.01996,+0.02090,+0.00000,-0.00577,0.07785,1.0000,1,0,1,0,0.0000,-0.02634,+0.01100,1.0000,+0.000,+0.000,1.0000,0,1.0000,0,0,+0.000,+0.000,+0.000,+0.00000,-5.712,+0.00012,+0.00,+0.00000,1,-0.01233,+0.01442,0.18556,+0.005,0,0.0,0.0
0.658662,0,0,0.266533,0.266533,0.2750,-0.00847,0,0,0.0000,1,1,+0.01741,+0.02544,0.06111,184.58,+0.01964,+0.02074,+0.00000,-0.00184,0.07574,1.0000,1,0,1,0,0.0000,-0.02542,+0.01216,1.0000,+0.000,+0.000,1.0000,0,1.0000,0,0,+0.000,+0.000,+0.000,+0.00000,-5.393,+0.00010,+0.00,+0.00000,1,-0.01909,+0.02021,0.15279,+0.005,0,0.0,0.0
0.685259,0,0,0.264857,0.264857,0.2750,-0.01014,0,0,0.0000,1,1,+0.01905,+0.01640,0.06736,182.95,+0.01957,+0.02060,+0.00000,+0.00031,0.07476,1.0000,1,0,1,0,0.0000,-0.02192,+0.01015,1.0000,+0.000,+0.000,1.0000,0,1.0000,0,0,+0.000,+0.000,+0.000,+0.00000,-4.971,+0.00009,+0.00,+0.00000,1,+0.00442,-0.00502,0.11121,+0.004,0,0.0,0.0
0.712359,0,0,0.262651,0.262651,0.2750,-0.01235,0,0,0.0000,1,1,+0.01951,+0.02297,0.06759,184.14,+0.01957,+0.02048,+0.00000,+0.00301,0.07390,1.0000,1,0,1,0,0.0000,-0.02954,+0.01910,1.0000,+0.000,+0.000,1.0000,0,1.0000,0,0,+0.000,+0.000,+0.000,+0.00000,-4.772,+0.00008,+0.00,+0.00000,1,-0.08576,+0.08522,0.08798,+0.004,0,0.0,0.0
0.742405,0,0,0.262619,0.262619,0.2750,-0.01238,0,0,0.0000,1,1,+0.02108,+0.01273,0.07286,182.29,+0.01976,+0.02039,+0.00000,+0.00428,0.07376,1.0000,1,0,1,0,0.0000,-0.04316,+0.03392,1.0000,+0.000,+0.000,1.0000,0,1.0000,0,0,+0.000,+0.000,+0.000,+0.00000,-4.548,+0.00007,+0.00,+0.00000,1,-0.13381,+0.13253,0.06135,+0.004,0,0.0,0.0
0.770637,0,0,0.262754,0.262754,0.2750,-0.01225,0,0,0.0000,1,1,+0.02108,+0.01273,0.07286,182.29,+0.01992,+0.02033,+0.00000,+0.00532,0.07365,1.0000,1,0,1,0,0.0000,-0.05437,+0.04612,1.0000,+0.000,+0.000,1.0000,0,1.0000,0,0,+0.000,+0.000,+0.000,+0.00000,-4.442,+0.00006,+0.00,+0.00000,1,-0.13381,+0.13253,0.06135,+0.004,0,0.0,0.0
0.798544,0,0,0.264620,0.264620,0.2750,-0.01038,0,0,0.0000,1,1,+0.02100,+0.00227,0.07577,180.41,+0.02006,+0.02030,+0.00000,+0.00495,0.07391,1.0000,1,0,1,0,0.0000,-0.06045,+0.05242,1.0000,+0.000,+0.000,1.0000,0,1.0000,0,0,+0.000,+0.000,+0.000,+0.00000,-4.313,+0.00006,+0.00,+0.00000,1,-0.10404,+0.09761,0.04537,+0.004,0,0.0,0.0
0.826718,0,0,0.266228,0.266228,0.2750,-0.00877,0,0,0.0000,1,1,+0.02186,+0.00221,0.07678,180.40,+0.02028,+0.02029,+0.00000,+0.00461,0.07427,1.0000,1,0,1,0,0.0000,-0.06478,+0.05400,1.0000,+0.000,+0.000,1.0000,0,1.0000,0,0,+0.000,+0.000,+0.000,+0.00000,-4.130,+0.00005,+0.00,+0.00000,1,-0.09550,+0.06522,0.03780,+0.003,0,0.0,0.0
0.854882,0,0,0.268229,0.268229,0.2750,-0.00677,0,0,0.0000,1,1,+0.02101,-0.00190,0.07837,179.66,+0.02037,+0.02030,+0.00000,+0.00381,0.07477,1.0000,1,0,1,0,0.0000,-0.07326,+0.05873,1.0000,+0.000,+0.000,1.0000,0,1.0000,0,0,+0.000,+0.000,+0.000,+0.00000,-4.019,+0.00004,+0.00,+0.00000,1,-0.13346,+0.09229,0.02642,+0.003,0,0.0,0.0
0.886646,0,0,0.269601,0.269601,0.2750,-0.00540,0,0,0.0000,1,1,+0.02043,+0.00070,0.07954,180.13,+0.02038,+0.02031,+0.00000,+0.00338,0.07543,1.0000,1,0,1,0,0.0000,-0.09677,+0.07936,1.0000,+0.000,+0.000,1.0000,0,1.0000,0,0,+0.000,+0.000,+0.000,+0.00000,-4.115,+0.00004,+0.00,+0.00000,1,-0.24478,+0.20931,0.01704,+0.003,0,0.0,0.0
0.914136,0,0,0.271171,0.271171,0.2750,-0.00383,0,0,0.0000,1,1,+0.01935,-0.00308,0.08032,179.44,+0.02025,+0.02031,+0.00000,+0.00260,0.07602,1.0000,1,0,0,0,0.0000,-0.09677,+0.07936,1.0000,+0.000,+0.000,1.0000,0,1.0000,0,0,+0.000,+0.000,+0.000,+0.00000,-4.026,+0.00003,+0.00,+0.00000,0,+0.00000,+0.00000,0.01281,+0.003,0,0.0,0.0
0.944673,0,0,0.273278,0.273278,0.2750,-0.00172,0,0,0.0000,1,1,+0.01440,-0.00744,0.08480,178.66,+0.01948,+0.02020,+0.00000,+0.00127,0.07718,1.0000,1,0,0,0,0.0000,-0.09677,+0.07936,1.0000,+0.000,+0.000,1.0000,0,1.0000,0,0,+0.000,+0.000,+0.000,+0.00000,-3.876,+0.00003,+0.00,+0.00000,0,+0.00000,+0.00000,0.01095,+0.003,0,0.0,0.0
0.970649,0,0,0.274721,0.274721,0.2750,-0.00028,0,0,0.0000,1,1,+0.01440,-0.00744,0.08480,178.66,+0.01890,+0.02005,+0.00000,+0.00027,0.07806,1.0000,1,0,0,0,0.0000,-0.09677,+0.07936,1.0000,+0.000,+0.000,1.0000,0,1.0000,0,0,+0.000,+0.000,+0.000,+0.00000,-3.824,+0.00003,+0.00,+0.00000,0,+0.00000,+0.00000,0.01095,+0.003,0,0.0,0.0
0.998387,0,0,0.276832,0.276832,0.2750,+0.00183,0,0,0.0000,1,1,+0.01530,-0.01332,0.08625,177.60,+0.01846,+0.01985,+0.00000,-0.00139,0.07905,1.0000,1,0,0,0,0.0000,-0.09677,+0.07936,1.0000,+0.000,+0.000,1.0000,0,1.0000,0,0,+0.000,+0.000,+0.000,+0.00000,-3.755,+0.00002,+0.00,+0.00000,0,+0.00000,+0.00000,0.00867,+0.003,0,0.0,0.0
1.027574,0,0,0.278295,0.278295,0.2750,+0.00330,0,0,0.0000,1,1,+0.01605,-0.01186,0.08571,177.87,+0.01815,+0.01964,+0.00000,-0.00272,0.07990,1.0000,1,0,0,0,0.0000,-0.09677,+0.07936,1.0000,+0.000,+0.000,1.0000,0,1.0000,0,0,+0.000,+0.000,+0.000,+0.00000,-3.786,+0.00002,+0.00,+0.00000,0,+0.00000,+0.00000,0.00496,+0.003,0,35.6,34.6
1.055310,0,0,0.279802,0.279802,0.2750,+0.00480,0,0,0.0000,1,1,+0.01617,-0.01483,0.08696,177.33,+0.01791,+0.01943,+0.00000,-0.00419,0.08076,1.0000,1,0,0,0,0.0000,-0.09677,+0.07936,1.0000,+0.000,+0.000,1.0000,0,1.0000,0,0,+0.000,+0.000,+0.000,+0.00000,-3.776,+0.00002,+0.00,+0.00000,0,+0.00000,+0.00000,0.00217,+0.003,0,35.6,34.6
1.080994,0,0,0.281380,0.281380,0.2750,+0.00638,0,0,0.0000,1,1,+0.01625,-0.01839,0.08872,176.69,+0.01772,+0.01923,+0.00000,-0.00581,0.08167,1.0000,1,0,0,0,0.0000,-0.09677,+0.07936,1.0000,+0.000,+0.000,1.0000,0,1.0000,0,0,+0.000,+0.000,+0.000,+0.00000,-3.731,+0.00002,+0.00,+0.00000,0,+0.00000,+0.00000,0.00220,+0.002,0,35.6,34.6
1.111858,0,0,0.282978,0.282978,0.2750,+0.00798,0,0,0.0000,1,1,+0.01500,-0.01981,0.09010,176.43,+0.01736,+0.01898,+0.00000,-0.00768,0.08279,1.0000,1,0,0,0,0.0000,-0.09677,+0.07936,1.0000,+0.000,+0.000,1.0000,0,1.0000,0,0,+0.000,+0.000,+0.000,+0.00000,-3.706,+0.00001,+0.00,+0.00000,0,+0.00000,+0.00000,0.00211,+0.002,0,35.6,34.6
1.139293,0,0,0.284007,0.284007,0.2750,+0.00901,0,0,0.0000,1,1,+0.01500,-0.01981,0.09010,176.43,+0.01707,+0.01875,+0.00000,-0.00915,0.08367,1.0000,1,0,0,0,0.0000,-0.09677,+0.07936,1.0000,+0.000,+0.000,1.0000,0,1.0000,0,0,+0.000,+0.000,+0.000,+0.00000,-3.627,+0.00001,+0.00,+0.00000,0,+0.00000,+0.00000,0.00211,+0.002,0,35.6,34.6
1.165814,0,0,0.285591,0.285591,0.2750,+0.01059,0,0,0.0000,1,1,+0.01467,-0.02582,0.08837,175.35,+0.01679,+0.01852,+0.00000,-0.01110,0.08422,1.0000,1,0,0,0,0.0000,-0.09677,+0.07936,1.0000,+0.000,+0.000,1.0000,0,1.0000,0,0,+0.000,+0.000,+0.000,+0.00000,-3.582,+0.00001,+0.00,+0.00000,0,+0.00000,+0.00000,0.00213,+0.002,0,35.6,34.6
1.192388,0,0,0.287864,0.287864,0.2750,+0.01286,0,0,0.0000,1,1,+0.01496,-0.03341,0.09246,173.99,+0.01658,+0.01829,+0.00000,-0.01372,0.08519,1.0000,1,0,0,0,0.0000,-0.09677,+0.07936,1.0000,+0.000,+0.000,1.0000,0,1.0000,0,0,+0.000,+0.000,+0.000,+0.00000,-3.525,+0.00001,+0.00,+0.00000,0,+0.00000,+0.00000,0.00215,+0.002,0,35.6,34.6
1.216805,0,0,0.289267,0.289267,0.2750,+0.01427,0,0,0.0000,1,1,+0.01707,-0.03221,0.09412,174.20,+0.01663,+0.01811,+0.00000,-0.01573,0.08616,1.0000,1,0,0,0,0.0000,-0.09677,+0.07936,1.0000,+0.000,+0.000,1.0000,0,1.0000,0,0,+0.000,+0.000,+0.000,+0.00000,-3.508,+0.00001,+0.00,+0.00000,0,+0.00000,+0.00000,0.00219,+0.002,0,35.6,34.6
1.244527,0,0,0.290898,0.290898,0.2750,+0.01590,0,0,0.0000,1,1,+0.01719,-0.03573,0.09428,173.57,+0.01670,+0.01794,+0.00000,-0.01816,0.08715,1.0000,1,0,0,0,0.0000,-0.09677,+0.07936,1.0000,+0.000,+0.000,1.0000,0,1.0000,0,0,+0.000,+0.000,+0.000,+0.00000,-3.443,+0.00001,+0.00,+0.00000,0,+0.00000,+0.00000,0.00253,+0.002,0,35.6,34.6
1.272818,0,0,0.292604,0.292604,0.2750,+0.01760,0,0,0.0000,1,1,+0.01875,-0.03948,0.09510,172.89,+0.01695,+0.01782,+0.00000,-0.02080,0.08813,1.0000,1,0,0,0,0.0000,-0.09677,+0.07936,1.0000,+0.000,+0.000,1.0000,0,1.0000,0,0,+0.000,+0.000,+0.000,+0.00000,-3.418,+0.00001,+0.00,+0.00000,0,+0.00000,+0.00000,0.00372,+0.002,0,35.6,34.6
1.303668,0,0,0.293798,0.293798,0.2750,+0.01880,0,0,0.0000,1,1,+0.01875,-0.03948,0.09510,172.89,+0.01719,+0.01773,+0.00000,-0.02330,0.08906,1.0000,1,0,0,0,0.0000,-0.09353,+0.07671,0.9665,+0.000,+0.000,1.0000,0,1.0000,0,0,+0.000,+0.000,+0.000,+0.00000,-3.429,+0.00001,+0.00,+0.00000,0,+0.00000,+0.00000,0.00372,+0.002,0,35.6,34.6
1.332246,0,0,0.294429,0.294429,0.2750,+0.01943,0,0,0.0000,1,1,+0.01849,-0.03935,0.09493,172.92,+0.01736,+0.01769,+0.00000,-0.02531,0.08980,1.0000,1,0,0,0,0.0000,-0.08833,+0.07245,0.9128,+0.000,+0.000,1.0000,0,1.0000,0,0,+0.000,+0.000,+0.000,+0.00000,-3.438,+0.00001,+0.00,+0.00000,0,+0.00000,+0.00000,0.00636,+0.002,0,35.6,34.6
1.359987,0,0,0.294715,0.294715,0.2750,+0.01971,0,0,0.0000,1,1,+0.01879,-0.03940,0.09510,172.91,+0.01753,+0.01767,+0.00000,-0.02702,0.09044,1.0000,1,0,0,0,0.0000,-0.08356,+0.06854,0.8636,+0.000,+0.000,1.0000,0,1.0000,0,0,+0.000,+0.000,+0.000,+0.00000,-3.418,+0.00000,+0.00,+0.00000,0,+0.00000,+0.00000,0.00830,+0.001,0,35.6,34.6
1.392477,0,0,0.294279,0.294279,0.2750,+0.01928,0,0,0.0000,1,1,+0.01868,-0.03696,0.09329,173.35,+0.01769,+0.01767,+0.00000,-0.02841,0.09084,1.0000,1,0,0,0,0.0000,-0.07831,+0.06422,0.8092,+0.000,+0.000,1.0000,0,1.0000,0,0,+0.000,+0.000,+0.000,+0.00000,-3.403,+0.00000,+0.00,+0.00000,0,+0.00000,+0.00000,0.00886,+0.001,0,35.6,34.6
1.423507,0,0,0.293720,0.293720,0.2750,+0.01872,0,0,0.0000,1,1,+0.01902,-0.03692,0.09329,173.35,+0.01787,+0.01770,+0.00000,-0.02955,0.09117,1.0000,1,0,0,0,0.0000,-0.07359,+0.06036,0.7605,+0.000,+0.000,1.0000,0,1.0000,0,0,+0.000,+0.000,+0.000,+0.00000,-3.459,+0.00000,+0.00,+0.00000,0,+0.00000,+0.00000,0.00918,+0.001,0,35.6,34.6
1.451713,0,0,0.294180,0.294180,0.2750,+0.01918,0,0,0.0000,1,1,+0.01881,-0.04366,0.09606,172.14,+0.01799,+0.01773,+0.00000,-0.03130,0.09178,1.0000,1,0,0,0,0.0000,-0.06956,+0.05705,0.7188,+0.000,+0.000,1.0000,0,1.0000,0,0,+0.000,+0.000,+0.000,+0.00000,-3.502,+0.00000,+0.00,+0.00000,0,+0.00000,+0.00000,0.00916,+0.001,0,35.6,34.6
1.479741,0,0,0.294423,0.294423,0.2750,+0.01942,0,0,0.0000,1,1,+0.01858,-0.04415,0.09623,172.05,+0.01806,+0.01777,+0.00000,-0.03288,0.09232,1.0000,1,0,0,0,0.0000,-0.06577,+0.05394,0.6796,+0.000,+0.000,1.0000,0,1.0000,0,0,+0.000,+0.000,+0.000,+0.00000,-3.509,+0.00000,+0.00,+0.00000,0,+0.00000,+0.00000,0.00898,+0.001,0,35.6,34.6
1.508781,0,0,0.294415,0.294415,0.2750,+0.01942,0,0,0.0000,1,1,+0.01858,-0.04415,0.09623,172.05,+0.01813,+0.01782,+0.00000,-0.03431,0.09282,1.0000,1,0,0,0,0.0000,-0.06206,+0.05090,0.6413,+0.000,+0.000,1.0000,0,1.0000,0,0,+0.000,+0.000,+0.000,+0.00000,-3.584,+0.00000,+0.00,+0.00000,0,+0.00000,+0.00000,0.00898,+0.001,0,35.6,34.6
1.540149,0,0,0.293832,0.293832,0.2750,+0.01883,0,0,0.0000,1,1,+0.01883,-0.04206,0.09750,172.43,+0.01822,+0.01787,+0.00000,-0.03536,0.09345,1.0000,1,0,0,0,0.0000,-0.05828,+0.04780,0.6023,+0.000,+0.000,1.0000,0,1.0000,0,0,+0.000,+0.000,+0.000,+0.00000,-3.649,+0.00000,+0.00,+0.00000,0,+0.00000,+0.00000,0.00879,+0.001,0,35.6,34.6
1.567888,0,0,0.293100,0.293100,0.2750,+0.01810,0,0,0.0000,1,1,+0.01865,-0.04105,0.09750,172.61,+0.01827,+0.01792,+0.00000,-0.03605,0.09395,1.0000,1,0,0,0,0.0000,-0.05514,+0.04522,0.5698,+0.000,+0.000,1.0000,0,1.0000,0,0,+0.000,+0.000,+0.000,+0.00000,-3.782,+0.00000,+0.00,+0.00000,0,+0.00000,+0.00000,0.00917,+0.001,0,35.6,34.6
1.596165,0,0,0.292350,0.292350,0.2750,+0.01735,0,0,0.0000,1,1,+0.01865,-0.04105,0.09750,172.61,+0.01832,+0.01797,+0.00000,-0.03667,0.09439,1.0000,1,0,0,0,0.0000,-0.05210,+0.04273,0.5385,+0.000,+0.000,1.0000,0,1.0000,0,0,+0.000,+0.000,+0.000,+0.00000,-3.956,+0.00000,+0.00,+0.00000,0,+0.00000,+0.00000,0.00917,+0.001,0,35.6,34.6
1.623900,0,0,0.290879,0.290879,0.2750,+0.01588,0,0,0.0000,1,1,+0.01956,-0.03620,0.10031,173.48,+0.01847,+0.01803,+0.00000,-0.03661,0.09511,1.0000,1,0,0,0,0.0000,-0.04929,+0.04043,0.5094,+0.000,+0.000,1.0000,0,1.0000,0,0,+0.000,+0.000,+0.000,+0.00000,-4.116,+0.00000,+0.00,+0.00000,0,+0.00000,+0.00000,0.01393,+0.001,0,35.6,34.6
1.652914,0,0,0.289667,0.289667,0.2750,+0.01467,0,0,0.0000,1,1,+0.01966,-0.03698,0.09985,173.34,+0.01862,+0.01811,+0.00000,-0.03666,0.09571,1.0000,1,0,0,0,0.0000,-0.04651,+0.03815,0.4807,+0.000,+0.000,1.0000,0,1.0000,0,0,+0.000,+0.000,+0.000,+0.00000,-4.203,+0.00000,+0.00,+0.00000,0,+0.00000,+0.00000,0.02878,+0.001,0,35.6,34.6
1.682761,0,0,0.288538,0.288538,0.2750,+0.01354,0,0,0.0000,1,1,+0.02274,-0.03674,0.10077,173.39,+0.01916,+0.01824,+0.00000,-0.03667,0.09636,1.0000,1,0,0,0,0.0000,-0.04382,+0.03594,0.4528,+0.000,+0.000,1.0000,0,1.0000,0,0,+0.000,+0.000,+0.000,+0.00000,-4.465,+0.00000,+0.00,+0.00000,0,+0.00000,+0.00000,0.04773,+0.001,0,35.6,34.6
1.711078,0,0,0.287509,0.287509,0.2750,+0.01251,0,0,0.0000,1,1,+0.02278,-0.03617,0.10077,173.49,+0.01960,+0.01841,+0.00000,-0.03661,0.09691,1.0000,1,0,0,0,0.0000,-0.04141,+0.03396,0.4279,+0.000,+0.000,1.0000,0,1.0000,0,0,+0.000,+0.000,+0.000,+0.00000,-4.515,+0.00000,+0.00,+0.00000,0,+0.00000,+0.00000,0.05440,+0.001,0,35.6,34.6
1.738580,0,0,0.286716,0.286716,0.2750,+0.01172,0,0,0.0000,1,1,+0.02003,-0.03668,0.10274,173.40,+0.01966,+0.01856,+0.00000,-0.03662,0.09762,1.0000,1,0,0,0,0.0000,-0.03919,+0.03214,0.4050,+0.000,+0.000,1.0000,0,1.0000,0,0,+0.000,+0.000,+0.000,+0.00000,-4.537,+0.00000,+0.00,+0.00000,0,+0.00000,+0.00000,0.05817,+0.001,0,35.6,34.6
1.767585,0,0,0.285904,0.285904,0.2750,+0.01090,0,0,0.0000,1,1,+0.01941,-0.03618,0.10244,173.49,+0.01963,+0.01870,+0.00000,-0.03656,0.09823,1.0000,1,0,0,0,0.0000,-0.03698,+0.03033,0.3822,+0.000,+0.000,1.0000,0,1.0000,0,0,+0.000,+0.000,+0.000,+0.00000,-4.616,+0.00000,+0.00,+0.00000,0,+0.00000,+0.00000,0.05942,+0.001,0,35.6,34.6
1.792729,0,0,0.285285,0.285285,0.2750,+0.01028,0,0,0.0000,1,1,+0.01941,-0.03618,0.10244,173.49,+0.01960,+0.01880,+0.00000,-0.03652,0.09870,1.0000,1,0,0,0,0.0000,-0.03517,+0.02884,0.3634,+0.000,+0.000,1.0000,0,1.0000,0,0,+0.000,+0.000,+0.000,+0.00000,-4.687,+0.00000,+0.00,+0.00000,0,+0.00000,+0.00000,0.05942,+0.001,0,35.6,34.6
1.819146,0,0,0.285563,0.285563,0.2750,+0.01056,0,0,0.0000,1,1,+0.02033,-0.04192,0.10423,172.45,+0.01969,+0.01890,+0.00000,-0.03715,0.09934,1.0000,1,0,0,0,0.0000,-0.03336,+0.02736,0.3447,+0.000,+0.000,1.0000,0,1.0000,0,0,+0.000,+0.000,+0.000,+0.00000,-4.714,+0.00000,+0.00,+0.00000,0,+0.00000,+0.00000,0.05821,+0.001,0,35.6,34.6
1.847778,0,0,0.285625,0.285625,0.2750,+0.01062,0,0,0.0000,1,1,+0.01845,-0.04123,0.10526,172.58,+0.01953,+0.01898,-0.00276,-0.03766,0.10008,1.0000,1,0,0,0,0.0000,-0.03150,+0.02584,0.3255,+0.000,-1.119,1.0000,0,1.0000,1,0,+0.000,-1.119,-1.119,-0.00489,-4.759,+0.00000,+0.00,+0.00000,0,+0.00000,+0.00000,0.05471,+0.001,0,35.6,34.6
1.879812,0,0,0.283855,0.283855,0.2750,+0.00886,0,0,0.0000,1,1,+0.01803,-0.03102,0.10467,174.42,+0.01932,+0.01903,-0.00148,-0.03674,0.10072,1.0000,1,0,0,0,0.0000,-0.02955,+0.02423,0.3053,+0.000,-1.107,1.0000,0,1.0000,1,0,+0.000,-1.107,-1.107,-0.00483,-4.860,+0.00000,+0.00,+0.00000,0,+0.00000,+0.00000,0.04654,+0.001,0,35.6,34.6
1.910771,0,0,0.281552,0.281552,0.2750,+0.00655,0,0,0.0000,1,1,+0.02043,-0.02531,0.10274,175.44,+0.01947,+0.01909,-0.00193,-0.03521,0.10099,1.0000,1,0,0,0,0.0000,-0.02777,+0.02278,0.2870,+0.000,-1.116,1.0000,0,1.0000,1,0,+0.000,-1.116,-1.116,-0.00465,-4.857,+0.00000,+0.00,+0.00000,0,+0.00000,+0.00000,0.03979,-0.025,0,35.6,34.6
1.938238,0,0,0.279936,0.279936,0.2750,+0.00494,0,0,0.0000,1,1,+0.02043,-0.02531,0.10274,175.44,+0.01959,+0.01915,-0.00220,-0.03401,0.10120,1.0000,1,0,0,0,0.0000,-0.02629,+0.02156,0.2717,+0.000,-1.122,1.0000,0,1.0000,1,0,+0.000,-1.122,-1.122,-0.00417,-4.977,+0.00000,+0.00,+0.00000,0,+0.00000,+0.00000,0.03979,-0.109,0,35.6,34.6
1.965651,0,0,0.276704,0.276704,0.2750,+0.00170,0,0,0.0000,1,1,+0.01974,-0.01232,0.09954,177.78,+0.01961,+0.01920,-0.00202,-0.03140,0.10100,1.0000,1,0,0,0,0.0000,-0.02489,+0.02041,0.2572,+0.000,-1.123,1.0000,0,1.0000,1,0,+0.000,-1.123,-1.123,-0.00387,-5.085,+0.00000,+0.00,+0.00000,0,+0.00000,+0.00000,0.03130,-0.185,0,35.6,34.6
1.996652,0,0,0.273426,0.273426,0.2750,-0.00157,0,0,0.0000,1,1,+0.02075,-0.00907,0.09860,178.37,+0.01976,+0.01928,-0.00241,-0.02840,0.10068,1.0000,1,0,0,0,0.0000,-0.02339,+0.01918,0.2417,+0.000,-1.132,1.0000,0,1.0000,1,0,+0.000,-1.132,-1.132,-0.00367,-5.242,+0.00000,+0.00,+0.00000,0,+0.00000,+0.00000,0.02683,-0.250,0,35.6,34.6
2.025900,0,0,0.271218,0.271218,0.2750,-0.00378,0,0,0.0000,1,1,+0.02196,-0.00967,0.09750,178.26,+0.02004,+0.01938,-0.00333,-0.02601,0.10027,1.0000,1,0,0,0,0.0000,-0.02206,+0.01809,0.2280,+0.000,-1.148,1.0000,0,1.0000,1,0,+0.000,-1.148,-1.148,-0.00352,-5.374,+0.00000,+0.00,+0.00000,0,+0.00000,+0.00000,0.02157,-0.299,0,35.6,34.6
2.053515,0,0,0.270883,0.270883,0.2750,-0.00412,0,0,0.0000,1,1,+0.01784,-0.01751,0.10304,176.85,+0.01977,+0.01942,-0.00175,-0.02498,0.10061,1.0000,1,0,0,0,0.0000,-0.02088,+0.01712,0.2157,+0.000,-1.133,1.0000,0,1.0000,1,0,+0.000,-1.133,-1.133,-0.00326,-5.503,+0.00000,+0.00,+0.00000,0,+0.00000,+0.00000,0.01763,-0.346,0,35.1,35.1
2.080263,0,0,0.271228,0.271228,0.2750,-0.00377,0,0,0.0000,1,1,+0.01804,-0.02087,0.10438,176.24,+0.01957,+0.01944,-0.00064,-0.02449,0.10105,1.0000,1,0,0,0,0.0000,-0.01979,+0.01623,0.2045,+0.000,-1.121,1.0000,0,1.0000,1,0,+0.000,-1.121,-1.121,-0.00305,-5.615,+0.00000,+0.00,+0.00000,0,+0.00000,+0.00000,0.01608,-0.383,0,35.1,35.1
2.112171,0,0,0.271644,0.271644,0.2750,-0.00336,0,0,0.0000,1,1,+0.01669,-0.02073,0.10599,176.27,+0.01917,+0.01940,+0.00115,-0.02398,0.10173,1.0000,1,0,0,0,0.0000,-0.01856,+0.01523,0.1918,+0.000,-1.099,1.0000,0,1.0000,1,0,+0.000,-1.099,-1.099,-0.00281,-5.830,+0.00000,+0.00,+0.00000,0,+0.00000,+0.00000,0.01494,-0.420,0,35.1,35.1
2.139224,0,0,0.272013,0.272013,0.2750,-0.00299,0,0,0.0000,1,1,+0.01669,-0.02073,0.10599,176.27,+0.01888,+0.01934,+0.00232,-0.02359,0.10224,1.0000,1,0,0,0,0.0000,-0.01759,+0.01442,0.1817,+0.000,-1.082,1.0000,0,1.0000,1,0,+0.000,-1.082,-1.082,-0.00262,-5.954,+0.00000,+0.00,+0.00000,0,+0.00000,+0.00000,0.01494,-0.448,0,35.1,35.1
2.169515,0,0,0.273606,0.273606,0.2750,-0.00139,0,0,0.0000,1,1,+0.01995,-0.02788,0.11331,174.98,+0.01902,+0.01930,+0.00140,-0.02415,0.10370,1.0000,1,0,0,0,0.0000,-0.01655,+0.01358,0.1711,+0.000,-1.090,1.0000,0,1.0000,1,0,+0.000,-1.090,-1.090,-0.00257,-6.117,+0.00000,+0.00,+0.00000,0,+0.00000,+0.00000,0.01307,-0.471,0,35.1,35.1
2.196552,0,0,0.274792,0.274792,0.2750,-0.00021,0,0,0.0000,1,1,+0.01995,-0.02788,0.11331,174.98,+0.01913,+0.01928,+0.00074,-0.02460,0.10484,1.0000,1,0,0,0,0.0000,-0.01568,+0.01286,0.1621,+0.000,-1.096,1.0000,0,1.0000,1,0,+0.000,-1.096,-1.096,-0.00256,-6.331,+0.00000,+0.00,+0.00000,0,+0.00000,+0.00000,0.01307,-0.480,0,35.1,35.1
2.222777,0,0,0.276827,0.276827,0.2750,+0.00183,0,0,0.0000,1,1,+0.01914,-0.03519,0.11600,173.67,+0.01913,+0.01926,+0.00065,-0.02583,0.10614,1.0000,1,0,0,0,0.0000,-0.01488,+0.01220,0.1538,+0.000,-1.096,1.0000,0,1.0000,1,0,+0.000,-1.096,-1.096,-0.00253,-6.537,+0.00000,+0.00,+0.00000,0,+0.00000,+0.00000,0.01258,-0.487,0,35.1,35.1
2.250872,0,0,0.278637,0.278637,0.2750,+0.00364,0,0,0.0000,1,1,+0.01730,-0.03569,0.11811,173.58,+0.01891,+0.01922,+0.00156,-0.02704,0.10761,1.0000,1,0,0,0,0.0000,-0.01407,+0.01154,0.1454,+0.000,-1.083,1.0000,0,1.0000,1,0,+0.000,-1.083,-1.083,-0.00242,-6.638,+0.00000,+0.00,+0.00000,0,+0.00000,+0.00000,0.01216,-0.499,0,35.1,35.1
2.277852,0,0,0.279716,0.279716,0.2750,+0.00472,0,0,0.0000,1,1,+0.01602,-0.03369,0.11941,173.94,+0.01856,+0.01914,+0.00289,-0.02783,0.10901,1.0000,1,0,0,0,0.0000,-0.01333,+0.01093,0.1377,+0.000,-1.064,1.0000,0,1.0000,1,0,+0.000,-1.064,-1.064,-0.00228,-6.702,+0.00000,+0.00,+0.00000,0,+0.00000,+0.00000,0.01148,-0.512,0,35.1,35.1
2.304211,0,0,0.280320,0.280320,0.2750,+0.00532,0,0,0.0000,1,1,+0.01634,-0.03214,0.12095,174.22,+0.01830,+0.01904,+0.00370,-0.02833,0.11040,1.0000,1,0,0,0,0.0000,-0.01264,+0.01037,0.1307,+0.000,-1.049,1.0000,0,1.0000,1,0,+0.000,-1.049,-1.049,-0.00220,-6.836,+0.00000,+0.00,+0.00000,0,+0.00000,+0.00000,0.01117,-0.519,0,35.1,35.1
2.336373,0,0,0.280862,0.280862,0.2750,+0.00586,0,0,0.0000,1,1,+0.01634,-0.03214,0.12095,174.22,+0.01803,+0.01890,+0.00436,-0.02886,0.11187,1.0000,1,0,0,0,0.0000,-0.01186,+0.00972,0.1225,+0.000,-1.033,1.0000,0,1.0000,1,0,+0.000,-1.033,-1.033,-0.00212,-6.976,+0.00000,+0.00,+0.00000,0,+0.00000,+0.00000,0.01117,-0.523,0,35.1,35.1
2.365827,0,0,0.281289,0.281289,0.2750,+0.00629,0,0,0.0000,1,1,+0.01782,-0.03252,0.12134,174.15,+0.01800,+0.01879,+0.00392,-0.02933,0.11308,1.0000,1,0,0,0,0.0000,-0.01118,+0.00917,0.1155,+0.000,-1.032,1.0000,0,1.0000,1,0,+0.000,-1.032,-1.032,-0.00210,-7.092,+0.00000,+0.00,+0.00000,0,+0.00000,+0.00000,0.01099,-0.525,0,35.1,35.1
2.394982,0,0,0.281387,0.281387,0.2750,+0.00639,0,0,0.0000,1,1,+0.01899,-0.03122,0.12285,174.38,+0.01813,+0.01870,+0.00287,-0.02957,0.11432,1.0000,1,0,0,0,0.0000,-0.01054,+0.00865,0.1090,+0.000,-1.039,1.0000,0,1.0000,1,0,+0.000,-1.039,-1.039,-0.00215,-7.207,+0.00000,+0.00,+0.00000,0,+0.00000,+0.00000,0.01104,-0.522,0,35.1,35.1
2.423595,0,0,0.281770,0.281770,0.2750,+0.00677,0,0,0.0000,1,1,+0.01855,-0.03333,0.12435,174.00,+0.01818,+0.01864,+0.00228,-0.03004,0.11558,1.0000,1,0,0,0,0.0000,-0.00996,+0.00817,0.1029,+0.000,-1.042,1.0000,0,1.0000,1,0,+0.000,-1.042,-1.042,-0.00217,-7.359,+0.00000,+0.00,+0.00000,0,+0.00000,+0.00000,0.01104,-0.521,0,35.1,35.1
2.451246,0,0,0.282389,0.282389,0.2750,+0.00739,0,0,0.0000,1,1,+0.01657,-0.03565,0.12644,173.58,+0.01799,+0.01856,+0.00287,-0.03072,0.11690,1.0000,1,0,0,0,0.0000,-0.00942,+0.00773,0.0974,+0.000,-1.031,1.0000,0,1.0000,1,0,+0.000,-1.031,-1.031,-0.00212,-7.462,+0.00000,+0.00,+0.00000,0,+0.00000,+0.00000,0.01109,-0.520,0,35.1,35.1
2.481983,0,0,0.282875,0.282875,0.2750,+0.00787,0,0,0.0000,1,1,+0.01639,-0.03565,0.12826,173.58,+0.01777,+0.01845,+0.00340,-0.03138,0.11841,1.0000,1,0,0,0,0.0000,-0.00886,+0.00727,0.0916,+0.000,-1.018,1.0000,0,1.0000,1,0,+0.000,-1.018,-1.018,-0.00203,-7.519,+0.00000,+0.00,+0.00000,0,+0.00000,+0.00000,0.01103,-0.528,0,35.1,35.1
2.513709,0,0,0.282113,0.282113,0.2750,+0.00711,0,0,0.0000,1,1,+0.01582,-0.02919,0.12993,174.75,+0.01751,+0.01832,+0.00409,-0.03108,0.11999,1.0000,1,0,0,0,0.0000,-0.00832,+0.00682,0.0859,+0.000,-1.003,1.0000,0,1.0000,1,0,+0.000,-1.003,-1.003,-0.00197,-7.637,+0.00000,+0.00,+0.00000,0,+0.00000,+0.00000,0.01129,-0.528,0,35.1,35.1
2.544692,0,0,0.281315,0.281315,0.2750,+0.00632,0,0,0.0000,1,1,+0.01814,-0.02802,0.13147,174.96,+0.01759,+0.01823,+0.00317,-0.03067,0.12153,1.0000,1,0,0,0,0.0000,-0.00782,+0.00641,0.0808,+0.000,-1.008,1.0000,0,1.0000,1,0,+0.000,-1.008,-1.008,-0.00201,-7.745,+0.00000,+0.00,+0.00000,0,+0.00000,+0.00000,0.01147,-0.525,0,35.1,35.1
2.576151,0,0,0.281318,0.281318,0.2750,+0.00632,0,0,0.0000,1,1,+0.01804,-0.03182,0.13205,174.27,+0.01765,+0.01815,+0.00248,-0.03082,0.12296,1.0000,1,0,0,0,0.0000,-0.00734,+0.00602,0.0758,+0.000,-1.011,1.0000,0,1.0000,1,0,+0.000,-1.011,-1.011,-0.00204,-7.880,+0.00000,+0.00,+0.00000,0,+0.00000,+0.00000,0.01122,-0.522,0,35.1,35.1
2.608468,0,0,0.281292,0.281292,0.2750,+0.00629,0,0,0.0000,1,1,+0.01730,-0.03179,0.13437,174.28,+0.01760,+0.01807,+0.00235,-0.03096,0.12455,1.0000,1,0,0,0,0.0000,-0.00688,+0.00564,0.0711,+0.000,-1.009,1.0000,0,1.0000,1,0,+0.000,-1.009,-1.009,-0.00203,-7.993,+0.00000,+0.00,+0.00000,0,+0.00000,+0.00000,0.01136,-0.521,0,35.1,35.1
2.641733,0,0,0.280777,0.280777,0.2750,+0.00578,0,0,0.0000,1,1,+0.01613,-0.02912,0.13676,174.76,+0.01739,+0.01798,+0.00291,-0.03070,0.12629,1.0000,1,0,0,0,0.0000,-0.00644,+0.00528,0.0665,+0.000,-0.997,1.0000,0,1.0000,1,0,+0.000,-0.997,-0.997,-0.00198,-8.104,+0.00000,+0.00,+0.00000,0,+0.00000,+0.00000,0.01160,-0.520,0,35.1,35.1
2.672107,0,0,0.280004,0.280004,0.2750,+0.00500,0,0,0.0000,1,1,+0.01808,-0.02668,0.13922,175.20,+0.01748,+0.01791,+0.00213,-0.03017,0.12799,1.0000,1,0,0,0,0.0000,-0.00606,+0.00497,0.0626,+0.000,-1.002,1.0000,0,1.0000,1,0,+0.000,-1.002,-1.002,-0.00197,-8.190,+0.00000,+0.00,+0.00000,0,+0.00000,+0.00000,0.01144,-0.527,0,35.1,35.1
2.703767,0,0,0.279389,0.279389,0.2750,+0.00439,0,0,0.0000,1,1,+0.01808,-0.02668,0.13922,175.20,+0.01757,+0.01786,+0.00149,-0.02969,0.12953,1.0000,1,0,0,0,0.0000,-0.00569,+0.00466,0.0588,+0.000,-1.006,1.0000,0,1.0000,1,0,+0.000,-1.006,-1.006,-0.00204,-8.358,-0.00000,+0.00,+0.00000,0,+0.00000,+0.00000,0.01144,-0.516,0,35.1,35.1
2.736686,0,0,0.278951,0.278951,0.2750,+0.00395,0,0,0.0000,1,1,+0.01738,-0.02689,0.14011,175.16,+0.01754,+0.01782,+0.00139,-0.02929,0.13102,1.0000,1,0,0,0,0.0000,-0.00532,+0.00437,0.0550,+0.000,-1.005,1.0000,0,1.0000,1,0,+0.000,-1.005,-1.005,-0.00204,-8.486,-0.00000,+0.00,+0.00000,0,+0.00000,+0.00000,0.01184,-0.515,0,35.1,35.1
2.765895,0,0,0.278353,0.278353,0.2750,+0.00335,0,0,0.0000,1,1,+0.01603,-0.02495,0.14218,175.51,+0.01735,+0.01776,+0.00205,-0.02874,0.13245,1.0000,1,0,0,0,0.0000,-0.00502,+0.00412,0.0519,+0.000,-0.994,1.0000,0,1.0000,1,0,+0.000,-0.994,-0.994,-0.00199,-8.607,-0.00000,+0.00,+0.00000,0,+0.00000,+0.00000,0.01203,-0.515,0,35.1,35.1
2.798069,0,0,0.277481,0.277481,0.2750,+0.00248,0,0,0.0000,1,1,+0.01501,-0.02264,0.14272,175.92,+0.01702,+0.01766,+0.00316,-0.02790,0.13387,1.0000,1,0,0,0,0.0000,-0.00471,+0.00386,0.0487,+0.000,-0.975,1.0000,0,1.0000,1,0,+0.000,-0.975,-0.975,-0.00196,-8.791,-0.00000,+0.00,+0.00000,0,+0.00000,+0.00000,0.01279,-0.504,0,35.1,35.1
2.831574,0,0,0.276658,0.276658,0.2750,+0.00166,0,0,0.0000,1,1,+0.01697,-0.02162,0.14369,176.11,+0.01702,+0.01756,+0.00274,-0.02700,0.13528,1.0000,1,0,0,0,0.0000,-0.00440,+0.00361,0.0455,+0.000,-0.975,1.0000,0,1.0000,1,0,+0.000,-0.975,-0.975,-0.00195,-8.939,-0.00000,+0.00,+0.00000,0,+0.00000,+0.00000,0.01332,-0.505,0,35.1,35.1
2.860217,0,0,0.276109,0.276109,0.2750,+0.00111,0,0,0.0000,1,1,+0.01603,-0.02138,0.14793,176.15,+0.01689,+0.01748,+0.00294,-0.02629,0.13686,1.0000,1,0,0,0,0.0000,-0.00416,+0.00341,0.0430,+0.000,-0.968,1.0000,0,1.0000,1,0,+0.000,-0.968,-0.968,-0.00193,-9.056,+0.00000,+0.00,+0.00000,0,+0.00000,+0.00000,0.01904,-0.503,0,35.1,35.1
2.892139,0,0,0.264690,0.264690,0.2750,-0.01031,0,0,0.0000,1,1,+0.01940,+0.04322,0.16405,187.78,+0.01724,+0.01745,+0.00104,-0.01672,0.14061,1.0000,1,0,0,0,0.0000,-0.00390,+0.00320,0.0403,+0.000,-0.988,1.0000,0,1.0000,1,0,+0.000,-0.988,-0.988,-0.00205,-9.226,+0.00000,+0.00,+0.00000,0,+0.00000,+0.00000,0.05179,-0.496,0,35.1,35.1
2.924831,0,0,0.265697,0.265697,0.2750,-0.00930,0,0,0.0000,1,1,+0.01602,-0.01201,0.15164,177.84,+0.01707,+0.01739,+0.00163,-0.01606,0.14216,1.0000,1,0,0,0,0.0000,-0.00365,+0.00300,0.0378,+0.000,-0.978,1.0000,0,1.0000,1,0,+0.000,-0.978,-0.978,-0.00199,-9.363,+0.00000,+0.00,+0.00000,0,+0.00000,+0.00000,0.07892,-0.499,0,35.1,35.1
2.954987,0,0,0.257976,0.257976,0.2750,-0.01702,0,0,0.0000,1,1,+0.02339,+0.04075,0.15265,187.34,+0.01790,+0.01746,-0.00218,-0.00862,0.14353,1.0000,1,0,0,0,0.0000,-0.00344,+0.00282,0.0356,+0.000,-1.025,1.0000,0,1.0000,1,0,+0.000,-1.025,-1.025,-0.00217,-9.496,+0.00000,+0.00,+0.00000,0,+0.00000,+0.00000,0.09120,-0.506,0,35.1,35.1
2.986199,0,0,0.239917,0.239917,0.2750,-0.03508,0,0,0.0000,1,1,+0.01970,+0.11399,0.14614,200.52,+0.01814,+0.01755,-0.00294,+0.00793,0.14388,1.0000,1,0,0,0,0.0000,-0.00323,+0.00265,0.0334,+0.000,-1.039,1.0000,0,1.0000,1,0,+0.000,-1.039,-1.039,-0.00229,-9.772,+0.00000,+0.00,+0.00000,0,+0.00000,+0.00000,0.10306,-0.493,0,35.1,35.1
3.014957,0,0,0.230000,0.230000,0.2750,-0.04500,0,0,0.0000,1,1,+0.01729,+0.13231,0.14423,203.82,+0.01803,+0.01761,-0.00211,+0.02357,0.14393,1.0000,1,0,0,0,0.0000,-0.00305,+0.00250,0.0315,+0.000,-1.033,1.0000,0,1.0000,1,0,+0.000,-1.033,-1.033,-0.00221,-9.940,-0.00000,+0.00,+0.00000,0,+0.00000,+0.00000,0.10533,-0.503,0,35.1,35.1
3.046781,0,0,0.230000,0.230000,0.2750,-0.04500,0,0,0.0000,1,1,+0.01651,+0.14036,0.14540,205.26,+0.01782,+0.01764,-0.00091,+0.03960,0.14413,1.0000,1,0,0,0,0.0000,-0.00286,+0.00235,0.0296,+0.000,-1.021,1.0000,0,1.0000,1,0,+0.000,-1.021,-1.021,-0.00198,-9.998,+0.00000,+0.00,+0.00000,0,+0.00000,+0.00000,0.10549,-0.543,0,35.1,35.1
3.075910,0,0,0.230000,0.230000,0.2750,-0.04500,0,0,0.0000,1,1,+0.01651,+0.14036,0.14540,205.26,+0.01766,+0.01764,-0.00007,+0.05241,0.14429,1.0000,1,0,0,0,0.0000,-0.00270,+0.00222,0.0279,+0.000,-1.012,1.0000,0,1.0000,1,0,+0.000,-1.012,-1.012,-0.00176,-9.998,-0.00000,+0.00,+0.00000,0,+0.00000,+0.00000,0.10549,-0.583,0,33.3,33.3
3.107340,0,0,0.230000,0.230000,0.2750,-0.04500,0,0,0.0000,1,1,+0.01467,+0.13723,0.14572,204.70,+0.01725,+0.01759,+0.00169,+0.06393,0.14449,1.0000,1,0,0,0,0.0000,-0.00254,+0.00208,0.0262,+0.000,-0.988,1.0000,0,1.0000,1,0,+0.000,-0.988,-0.988,-0.00149,-9.998,-0.00000,+0.00,+0.00000,0,+0.00000,+0.00000,0.08953,-0.625,0,33.3,33.3
3.138791,0,0,0.230000,0.230000,0.2750,-0.04500,0,0,0.0000,1,1,+0.01467,+0.13723,0.14572,204.70,+0.01690,+0.01750,+0.00298,+0.07389,0.14465,1.0000,1,0,0,0,0.0000,-0.00238,+0.00195,0.0246,+0.000,-0.968,1.0000,0,1.0000,1,0,+0.000,-0.968,-0.968,-0.00124,-9.998,+0.00000,+0.00,+0.00000,0,+0.00000,+0.00000,0.08953,-0.664,0,33.3,33.3
3.172800,0,0,0.230000,0.230000,0.2750,-0.04500,0,0,0.0000,1,1,+0.01855,+0.09734,0.16044,197.52,+0.01714,+0.01744,+0.00152,+0.07730,0.14695,1.0000,1,0,0,0,0.0000,-0.00223,+0.00183,0.0230,+0.000,-0.982,1.0000,0,1.0000,1,0,+0.000,-0.982,-0.982,-0.00115,-9.999,+0.00000,+0.00,+0.00000,0,+0.00000,+0.00000,0.08318,-0.701,0,33.3,33.3
3.206744,0,0,0.230000,0.230000,0.2750,-0.04500,0,0,0.0000,1,1,+0.01948,+0.05856,0.17595,190.54,+0.01748,+0.01745,-0.00015,+0.07458,0.15116,1.0000,1,0,0,0,0.0000,-0.00208,+0.00171,0.0215,+0.000,-1.001,1.0000,0,1.0000,1,0,+0.000,-1.001,-1.001,-0.00112,-9.999,+0.00000,+0.00,+0.00000,0,+0.00000,+0.00000,0.07853,-0.731,0,33.3,33.3
3.239788,0,0,0.230000,0.230000,0.2750,-0.04500,0,0,0.0000,1,1,+0.01617,+0.03788,0.18592,186.82,+0.01729,+0.01743,+0.00067,+0.06937,0.15609,1.0000,1,0,0,0,0.0000,-0.00195,+0.00160,0.0201,+0.000,-0.991,1.0000,0,1.0000,1,0,+0.000,-0.991,-0.991,-0.00096,-9.999,-0.00000,+0.00,+0.00000,0,+0.00000,+0.00000,0.10339,-0.758,0,33.3,33.3
3.272323,0,0,0.238555,0.238555,0.2750,-0.03645,0,0,0.0000,1,1,+0.01460,+0.02619,0.19476,184.71,+0.01692,+0.01736,+0.00220,+0.06333,0.16150,1.0000,1,0,0,0,0.0000,+0.00000,+0.00000,0.0188,+0.000,-0.969,1.0000,0,1.0000,1,0,+0.000,-0.969,-0.969,-0.00090,-10.120,-0.00000,+0.00,+0.00000,0,+0.00000,+0.00000,0.13431,-0.751,0,33.3,33.3
3.307239,0,0,0.250860,0.250860,0.2750,-0.02414,0,0,0.0000,1,1,+0.01477,+0.01720,0.20412,183.10,+0.01660,+0.01724,+0.00323,+0.05648,0.16783,1.0000,1,0,0,0,0.0000,+0.00000,+0.00000,0.0176,+0.000,-0.951,1.0000,0,1.0000,1,0,+0.000,-0.951,-0.951,-0.00072,-10.120,-0.00000,+0.00,+0.00000,0,+0.00000,+0.00000,0.05809,-0.774,0,33.3,33.3
3.349766,0,0,0.261709,0.261709,0.2750,-0.01329,0,0,0.0000,1,1,+0.01477,+0.01720,0.20412,183.10,+0.01628,+0.01707,+0.00398,+0.04959,0.17420,1.0000,1,0,0,0,0.0000,+0.00000,+0.00000,0.0161,+0.000,-0.933,1.0000,0,1.0000,1,0,+0.000,-0.933,-0.933,-0.00053,-10.121,+0.00000,+0.00,+0.00000,0,+0.00000,+0.00000,0.05809,-0.800,0,33.3,33.3
3.424004,0,0,0.274625,0.274625,0.2750,-0.00037,0,0,0.0000,1,1,+0.01332,+0.01006,0.21631,181.81,+0.01548,+0.01664,+0.00583,+0.03889,0.18560,1.0000,1,0,0,0,0.0000,+0.00000,+0.00000,0.0139,+0.000,-0.887,1.0000,0,1.0000,1,0,+0.000,-0.887,-0.887,-0.00065,-10.653,+0.00000,+0.00,+0.00000,0,+0.00000,+0.00000,0.02605,-0.730,0,33.3,33.3
3.461713,0,0,0.281620,0.281620,0.2750,+0.00662,0,0,0.0000,1,1,+0.00969,-0.00233,0.22812,179.58,+0.01456,+0.01631,+0.00877,+0.03235,0.19234,1.0000,1,0,0,0,0.0000,+0.00000,+0.00000,0.0129,+0.000,-0.834,1.0000,0,1.0000,1,0,+0.000,-0.834,-0.834,-0.00064,-10.907,+0.00000,+0.00,+0.00000,0,+0.00000,+0.00000,0.03919,-0.681,0,33.3,33.3
3.501115,0,0,0.287339,0.287339,0.2750,+0.01234,0,0,0.0000,1,1,+0.00978,-0.00630,0.23313,178.87,+0.01377,+0.01589,+0.01060,+0.02599,0.19906,1.0000,1,0,0,0,0.0000,+0.00000,+0.00000,0.0119,+0.000,-0.789,1.0000,0,1.0000,1,0,+0.000,-0.789,-0.789,-0.00078,-11.190,-0.00000,+0.00,+0.00000,0,+0.00000,+0.00000,0.01719,-0.602,0,33.3,33.3
3.540503,0,0,0.293287,0.293287,0.2750,+0.01829,0,0,0.0000,1,1,+0.00786,-0.01773,0.24432,176.81,+0.01280,+0.01538,+0.01292,+0.01880,0.20650,1.0000,1,0,0,0,0.0000,+0.00000,+0.00000,0.0110,+0.000,-0.733,1.0000,0,1.0000,1,0,+0.000,-0.733,-0.733,-0.00074,-11.334,-0.00000,+0.00,+0.00000,0,+0.00000,+0.00000,0.01721,-0.556,0,33.3,33.3
3.581872,0,0,0.297123,0.297123,0.2750,+0.02212,0,0,0.0000,1,1,+0.00786,-0.01773,0.24432,176.81,+0.01195,+0.01480,+0.01422,+0.01254,0.21298,1.0000,1,0,0,0,0.0000,+0.00000,+0.00000,0.0101,+0.000,-0.685,1.0000,0,1.0000,1,0,+0.000,-0.685,-0.685,-0.00074,-11.451,-0.00000,+0.00,+0.00000,0,+0.00000,+0.00000,0.01721,-0.506,0,33.3,33.3
3.622340,0,0,0.301994,0.301994,0.2750,+0.02699,0,0,0.0000,1,1,+0.00485,-0.03170,0.25700,174.29,+0.01076,+0.01412,+0.01680,+0.00509,0.22039,1.0000,1,0,0,0,0.0000,+0.00000,+0.00000,0.0094,+0.000,-0.616,1.0000,0,1.0000,1,0,+0.000,-0.616,-0.616,-0.00066,-11.543,-0.00000,+0.00,+0.00000,0,+0.00000,+0.00000,0.01793,-0.457,0,33.3,33.3
3.666774,0,0,0.306756,0.306756,0.2750,+0.03176,0,0,0.0000,1,1,+0.00400,-0.04057,0.26352,172.70,+0.00953,+0.01328,+0.01877,-0.00321,0.22823,1.0000,1,0,0,0,0.0000,+0.00000,+0.00000,0.0086,+0.000,-0.546,1.0000,0,1.0000,1,0,+0.000,-0.546,-0.546,-0.00030,-11.549,+0.00000,+0.00,+0.00000,0,+0.00000,+0.00000,0.01778,-0.468,0,33.3,33.3
3.709571,0,0,0.310544,0.310544,0.2750,+0.03554,0,0,0.0000,1,1,+0.00287,-0.04753,0.27012,171.44,+0.00836,+0.01241,+0.02029,-0.01102,0.23562,1.0000,1,0,0,0,0.0000,+0.00000,+0.00000,0.0079,+0.000,-0.479,1.0000,0,1.0000,1,0,+0.000,-0.479,-0.479,+0.00007,-11.549,+0.00000,+0.00,+0.00000,0,+0.00000,+0.00000,0.01682,-0.488,0,33.3,33.3
3.751889,0,0,0.314858,0.314858,0.2750,+0.03986,0,0,0.0000,1,1,-0.00008,-0.06010,0.28674,169.18,+0.00688,+0.01145,+0.02282,-0.01959,0.24454,1.0000,1,0,0,0,0.0000,+0.00000,+0.00000,0.0072,+0.000,-0.394,1.0000,0,1.0000,1,0,+0.000,-0.394,-0.394,+0.00048,-11.549,-0.00000,+0.00,+0.00000,0,+0.00000,+0.00000,0.02306,-0.501,0,33.3,33.3
3.796902,0,0,0.318390,0.318390,0.2750,+0.04339,0,0,0.0000,1,1,-0.00400,-0.06699,0.29819,167.94,+0.00488,+0.01024,+0.02679,-0.02830,0.25440,1.0000,1,0,0,0,0.0000,+0.00000,+0.00000,0.0066,+0.000,-0.280,0.8163,1,0.8163,1,0,+0.000,-0.228,-0.228,+0.00120,-11.549,-0.00000,+0.00,+0.00000,0,+0.00000,+0.00000,0.03141,-0.504,0,33.3,33.3
3.839491,0,0,0.323992,0.323992,0.2750,+0.04899,0,0,0.0000,1,1,-0.01052,-0.08774,0.31681,164.21,+0.00218,+0.00883,+0.03323,-0.03874,0.26536,1.0000,1,0,0,0,0.0000,+0.00000,+0.00000,0.0061,+0.000,-0.125,0.6730,1,0.6730,1,0,+0.000,-0.084,-0.084,+0.00177,-11.549,+0.00000,+0.00,+0.00000,0,+0.00000,+0.00000,0.01784,-0.495,0,33.3,33.3
3.882826,0,0,0.326734,0.326734,0.2750,+0.05173,0,0,0.0000,1,1,-0.01052,-0.08774,0.31681,164.21,-0.00008,+0.00724,+0.03661,-0.04746,0.27452,1.0000,1,0,0,0,0.0000,+0.00000,+0.00000,0.0056,+0.000,+0.005,0.5531,1,0.5531,1,0,+0.000,+0.003,+0.003,+0.00201,-11.549,-0.00000,+0.00,+0.00000,0,+0.00000,+0.00000,0.01784,-0.471,0,33.3,33.3
3.928142,0,0,0.330481,0.330481,0.2750,+0.05548,0,0,0.0000,1,1,-0.01724,-0.10210,0.34301,161.62,-0.00325,+0.00530,+0.04277,-0.05756,0.28717,1.0000,1,0,1,0,0.0000,+0.01000,-0.01964,1.0000,+0.000,+0.186,0.4509,1,0.4509,1,0,+0.000,+0.084,+0.084,+0.00214,-11.548,-0.00000,+0.00,+0.00000,1,+0.05411,-0.10634,0.02005,-0.425,0,33.3,33.3
3.979890,0,0,0.332182,0.332182,0.2750,+0.05718,0,0,0.0000,1,1,-0.01903,-0.10486,0.35464,161.12,-0.00650,+0.00288,+0.04686,-0.06728,0.30104,1.0000,1,0,1,0,0.0000,+0.01905,-0.03981,1.0000,+0.000,+0.372,0.3583,1,0.3583,1,0,+0.000,+0.133,+0.133,+0.00207,-11.548,+0.00000,+0.00,+0.00000,1,+0.05406,-0.11776,0.02063,-0.362,0,33.3,33.3
4.031292,0,0,0.334505,0.334505,0.2750,+0.05951,0,0,0.0000,1,1,-0.02671,-0.11733,0.38694,158.88,-0.01063,+0.00012,+0.05372,-0.07751,0.31860,1.0000,1,0,0,0,0.0000,+0.01905,-0.03981,1.0000,+0.000,+0.609,0.2850,1,0.2850,1,0,+0.000,+0.174,+0.174,+0.00194,-11.548,-0.00000,+0.00,+0.00000,0,+0.00000,+0.00000,0.01994,-0.293,0,33.3,33.3
4.088208,1,0,0.335321,0.335321,0.2750,+0.06032,0,0,0.0000,1,1,-0.03181,-0.12234,0.40730,157.98,-0.01532,-0.00330,+0.06008,-0.08744,0.33825,1.0000,1,0,0,0,0.0000,+0.01905,-0.03981,1.0000,+0.000,+0.878,0.2219,1,0.2219,1,0,+0.000,+0.195,+0.195,+0.00168,-11.548,-0.00000,+0.00,+0.00000,0,+0.00000,+0.00000,0.01727,-0.212,0,23.7,23.7
4.152106,1,0,0.333824,0.333824,0.2750,+0.05882,0,0,0.0000,1,1,-0.04477,-0.12370,0.45849,157.73,-0.02245,-0.00794,+0.07255,-0.09622,0.36737,1.0000,1,0,0,0,0.0000,+0.01905,-0.03981,1.0000,+0.000,+1.286,0.1681,1,0.1681,1,0,+0.000,+0.216,+0.216,+0.00144,-11.548,+0.00000,+0.00,+0.00000,0,+0.00000,+0.00000,0.00914,-0.135,0,23.7,23.7
4.219524,1,0,0.329533,0.329533,0.2750,+0.05453,0,0,0.0000,1,1,-0.05934,-0.12034,0.51385,158.34,-0.03175,-0.01394,+0.08904,-0.10230,0.40430,1.0000,1,0,0,0,0.0000,+0.01905,-0.03981,1.0000,+0.000,+1.819,0.1258,1,0.1258,1,0,+0.000,+0.229,+0.229,+0.00118,-11.548,-0.00000,+0.00,+0.00000,0,+0.00000,+0.00000,0.00438,-0.059,0,23.7,23.7
4.294198,1,0,0.318811,0.318811,0.2750,+0.04381,0,0,0.0000,1,1,-0.07955,-0.10111,0.59288,161.80,-0.04474,-0.02232,+0.11214,-0.10198,0.45557,1.0000,1,0,0,0,0.0000,+0.01905,-0.03981,1.0000,+0.000,+2.564,0.0916,1,0.0916,1,0,+0.000,+0.235,+0.235,+0.00090,-11.548,+0.00000,+0.00,+0.00000,0,+0.00000,+0.00000,0.00036,+0.013,0,23.7,23.7
4.382296,1,0,0.318811,0.318811,0.2750,+0.04381,0,0,0.0000,1,0,+0.00000,+0.00000,0.00000,0.00,-0.04474,-0.02918,+0.07785,-0.10198,0.45557,1.0000,0,0,1,0,0.0000,-0.13308,-0.02764,1.0000,+0.000,+2.564,0.0636,1,0.0636,1,0,+0.000,+0.163,+0.163,+0.00029,-11.548,-0.00000,+0.00,+0.00000,1,-0.47844,+0.00000,0.03336,+0.084,0,23.7,23.7
4.433843,1,0,0.318811,0.318811,0.2750,+0.04381,0,0,0.0000,1,0,+0.00000,+0.00000,0.00000,0.00,-0.04474,-0.03237,+0.06190,-0.10198,0.45557,1.0000,0,0,1,0,0.0000,-0.14774,-0.02197,1.0000,+0.000,+2.564,0.0505,1,0.0505,1,0,+0.000,+0.130,+0.130,+0.00000,-11.548,+0.00000,+0.00,+0.00000,1,-0.20464,+0.00000,0.03905,+0.119,0,23.7,23.7
4.489165,1,0,0.318811,0.318811,0.2750,+0.04381,0,0,0.0000,1,0,+0.00000,+0.00000,0.00000,0.00,-0.04474,-0.03505,+0.04848,-0.10198,0.45557,1.0000,0,0,1,0,0.0000,-0.15325,-0.01721,1.0000,+0.000,+2.564,0.0396,1,0.0396,1,0,+0.000,+0.101,+0.101,-0.00015,-11.548,+0.00000,+0.00,+0.00000,1,-0.17315,+0.00000,0.07272,+0.133,0,23.7,23.7
4.545206,1,0,0.318811,0.318811,0.2750,+0.04381,0,0,0.0000,1,0,+0.00000,+0.00000,0.00000,0.00,-0.04474,-0.03717,+0.03787,-0.10198,0.45557,1.0000,0,0,1,0,0.0000,-0.15259,-0.01345,1.0000,+0.000,+2.564,0.0309,1,0.0309,1,0,+0.000,+0.079,+0.079,-0.00026,-11.548,+0.00000,+0.00,+0.00000,1,-0.15026,+0.00000,0.04796,+0.138,0,23.7,23.7
4.592863,1,0,0.318811,0.318811,0.2750,+0.04381,0,0,0.0000,1,0,+0.00000,+0.00000,0.00000,0.00,-0.04474,-0.03863,+0.03058,-0.10198,0.45557,1.0000,0,0,1,0,0.0000,-0.14399,-0.01086,1.0000,+0.000,+2.564,0.0250,1,0.0250,1,0,+0.000,+0.064,+0.064,-0.00031,-11.548,-0.00000,+0.00,+0.00000,1,-0.10789,+0.00000,0.04048,+0.137,0,23.7,23.7
4.635697,1,0,0.314623,0.314623,0.2750,+0.03962,0,0,0.0000,1,1,+0.93558,-0.10513,0.32527,161.08,+0.12818,-0.00921,-0.68690,-0.10254,0.43258,1.0000,1,0,1,0,0.0000,-0.12563,-0.00894,1.0000,+0.000,-7.344,0.0206,1,0.0206,1,0,+0.000,-0.151,-0.151,-0.00122,-11.548,+0.00000,+0.00,+0.00000,1,-0.03992,+0.00000,0.03309,+0.131,0,23.7,23.7
4.684634,1,0,0.285261,0.230000,0.2750,-0.04500,0,0,0.0000,1,1,+0.04355,+0.50036,0.09813,270.06,+0.11154,+0.01453,-0.48504,+0.01598,0.36684,1.0000,1,0,1,0,0.0000,-0.08985,-0.00718,1.0000,+0.000,-6.391,0.0165,1,0.0165,1,0,+0.000,-0.106,-0.106,-0.00098,-11.548,-0.00000,+0.00,+0.00000,1,+0.05642,+0.00000,0.01714,+0.123,0,23.7,23.7
4.710548,1,0,0.269712,0.230000,0.2750,-0.04500,0,0,0.0000,1,1,+0.04497,+0.51248,0.09891,272.25,+0.10390,+0.02478,-0.39560,+0.07294,0.33610,1.0000,1,0,0,0,0.0000,-0.08985,-0.00718,1.0000,+0.000,-5.953,0.0146,1,0.0146,1,0,+0.000,-0.087,-0.087,-0.00083,-11.548,-0.00000,+0.00,+0.00000,1,+0.05264,+0.00000,0.01145,+0.113,0,23.7,23.7
4.737193,1,0,0.253725,0.230000,0.2750,-0.04500,0,0,0.0000,1,1,+0.04497,+0.51248,0.09891,272.25,+0.09698,+0.03327,-0.31853,+0.12461,0.30822,1.0000,1,0,0,0,0.0000,-0.08985,-0.00718,1.0000,+0.000,-5.556,0.0129,1,0.0129,1,0,+0.000,-0.072,-0.072,-0.00055,-11.678,-0.00000,+0.00,+0.00000,1,+0.05264,+0.00000,0.01145,+0.067,0,23.7,23.7
4.761919,1,1,0.238890,0.204000,0.2490,-0.04500,1,1,0.0260,1,1,+0.04496,+0.52437,0.10349,274.39,+0.09125,+0.03965,-0.25801,+0.16859,0.28569,1.0000,1,0,0,0,0.0000,-0.08985,-0.00718,1.0000,+0.000,-5.228,0.0115,1,0.0115,1,1,+5.000,-0.060,-0.003,-0.00020,-11.678,-0.00000,+0.00,+0.00000,1,+0.04972,+0.00000,0.00780,+0.052,0,23.7,23.7
4.788659,1,1,0.222846,0.204000,0.2490,-0.04500,1,1,0.0260,1,1,+0.04647,+0.53625,0.10168,276.53,+0.08597,+0.04511,-0.20429,+0.21195,0.26399,1.0000,1,0,0,0,0.0000,-0.08985,-0.00718,1.0000,+0.000,-4.926,0.0101,1,0.0101,1,1,+5.000,-0.050,+0.001,-0.00015,-11.678,+0.00000,+0.00,+0.00000,1,+0.04622,+0.00000,0.00612,+0.042,0,23.7,23.7
4.814272,1,1,0.207478,0.204000,0.2490,-0.04500,1,1,0.0260,1,1,+0.04538,+0.54608,0.10556,278.29,+0.08136,+0.04923,-0.16068,+0.24988,0.24601,1.0000,1,0,0,0,0.0000,-0.08985,-0.00718,1.0000,+0.000,-4.662,0.1225,0,0.1225,1,1,+5.000,-0.571,+0.041,+0.00004,-11.678,-0.00000,+0.00,+0.00000,1,+0.03645,+0.00000,0.00463,+0.035,0,23.7,23.7
4.843064,1,1,0.204000,0.204000,0.2490,-0.04500,1,1,0.0260,1,1,+0.04523,+0.55655,0.10512,280.18,+0.07682,+0.05270,-0.12058,+0.28848,0.22828,1.0000,1,0,0,0,0.0000,-0.08985,-0.00718,1.0000,+0.000,-4.401,0.2329,0,0.2329,1,1,+5.000,-1.025,+0.139,+0.00048,-11.678,-0.00000,+0.00,+0.00000,0,+0.00000,+0.00000,0.00474,+0.032,0,23.7,23.7
4.872570,1,1,0.204000,0.204000,0.2490,-0.04500,1,1,0.0260,1,1,+0.04523,+0.55655,0.10512,280.18,+0.07276,+0.05528,-0.08739,+0.32294,0.21244,1.0000,1,0,0,0,0.0000,-0.08985,-0.00718,1.0000,+0.000,-4.169,0.3316,0,0.3316,1,1,+5.000,-1.382,+0.276,+0.00107,-11.678,+0.00000,+0.00,+0.00000,0,+0.00000,+0.00000,0.00474,+0.031,0,23.7,23.7
4.900779,1,1,0.204000,0.204000,0.2490,-0.04500,1,1,0.0260,1,1,+0.04512,+0.56604,0.10744,281.89,+0.06934,+0.05702,-0.06162,+0.35299,0.19946,1.0000,1,0,0,0,0.0000,-0.08985,-0.00718,1.0000,+0.000,-3.973,0.4142,0,0.4142,1,1,+5.000,-1.645,+0.425,+0.00170,-11.678,-0.00000,+0.00,+0.00000,0,+0.00000,+0.00000,0.00388,+0.033,0,23.7,23.7
4.927696,1,1,0.204000,0.204000,0.2490,-0.04500,1,1,0.0260,1,1,+0.04524,+0.57647,0.10858,283.76,+0.06648,+0.05814,-0.04171,+0.37950,0.18868,1.0000,1,0,0,0,0.0000,-0.08985,-0.00718,1.0000,+0.000,-3.809,0.4837,0,0.4837,1,1,+5.000,-1.842,+0.576,+0.00229,-11.678,+0.00000,+0.00,+0.00000,0,+0.00000,+0.00000,0.00364,+0.043,0,23.7,23.7
4.955025,1,1,0.204000,0.204000,0.2490,-0.04500,1,1,0.0260,1,1,+0.04356,+0.58795,0.10999,285.83,+0.06373,+0.05881,-0.02457,+0.40456,0.17922,1.0000,1,0,0,0,0.0000,-0.08985,-0.00718,1.0000,+0.000,-3.651,0.5457,0,0.5457,1,1,+5.000,-1.993,+0.736,+0.00284,-11.678,-0.00000,+0.00,+0.00000,0,+0.00000,+0.00000,0.00379,+0.068,0,23.7,23.7
4.981725,1,1,0.204000,0.204000,0.2490,-0.04500,1,1,0.0260,1,1,+0.04464,+0.59783,0.11372,287.61,+0.06148,+0.05912,-0.01177,+0.42732,0.17151,1.0000,1,0,0,0,0.0000,-0.08985,-0.00718,1.0000,+0.000,-3.522,0.5992,0,0.5992,1,1,+5.000,-2.111,+0.885,+0.00333,-11.678,-0.00000,+0.00,+0.00000,0,+0.00000,+0.00000,0.00363,+0.100,0,23.7,23.7
5.007850,1,1,0.204000,0.204000,0.2490,-0.04500,1,1,0.0260,1,1,+0.04573,+0.60817,0.11372,289.47,+0.05966,+0.05919,-0.00236,+0.44821,0.16483,1.0000,1,0,0,0,0.0000,-0.08985,-0.00718,1.0000,+0.000,-3.418,0.6455,0,0.6455,1,1,+5.000,-2.207,+1.021,+0.00371,-11.678,+0.00000,+0.00,+0.00000,0,+0.00000,+0.00000,0.00381,+0.142,0,23.7,23.7
5.033485,1,1,0.204000,0.204000,0.2490,-0.04500,1,1,0.0260,1,1,+0.04573,+0.60817,0.11372,289.47,+0.05808,+0.05906,+0.00492,+0.46639,0.15902,1.0000,1,0,0,0,0.0000,-0.08985,-0.00718,1.0000,+0.000,-3.328,0.6858,0,0.6858,1,1,+5.000,-2.282,+1.147,+0.00405,-11.678,+0.00000,+0.00,+0.00000,0,+0.00000,+0.00000,0.00381,+0.188,0,23.7,23.7
5.059062,1,1,0.204000,0.204000,0.2490,-0.04500,1,1,0.0260,1,1,+0.04253,+0.61667,0.11680,291.00,+0.05631,+0.05875,+0.01217,+0.48343,0.15424,1.0000,1,0,0,0,0.0000,-0.08985,-0.00718,1.0000,+0.000,-3.227,0.7214,0,0.7214,1,1,+5.000,-2.328,+1.279,+0.00436,-11.679,-0.00000,+0.00,+0.00000,0,+0.00000,+0.00000,0.00359,+0.242,0,23.7,23.7
5.084100,1,1,0.204000,0.204000,0.2490,-0.04500,1,1,0.0260,1,1,+0.04284,+0.62562,0.11547,292.61,+0.05482,+0.05831,+0.01748,+0.49925,0.14992,1.0000,1,0,0,0,0.0000,-0.08985,-0.00718,1.0000,+0.000,-3.141,0.7524,0,0.7524,1,1,+5.000,-2.363,+1.399,+0.00458,-11.679,-0.00000,+0.00,+0.00000,0,+0.00000,+0.00000,0.00351,+0.307,0,23.7,23.7
5.111076,1,1,0.204000,0.204000,0.2490,-0.04500,1,1,0.0260,1,1,+0.04215,+0.63759,0.11876,294.77,+0.05331,+0.05772,+0.02203,+0.51569,0.14622,1.0000,1,0,0,0,0.0000,-0.08522,-0.00681,0.9485,+0.000,-3.054,0.7819,0,0.7819,1,1,+5.000,-2.388,+1.521,+0.00480,-11.679,-0.00000,+0.00,+0.00000,0,+0.00000,+0.00000,0.00323,+0.375,0,25.4,25.4
5.138754,1,1,0.204000,0.204000,0.2490,-0.04500,1,1,0.0260,1,1,+0.04215,+0.63759,0.11876,294.77,+0.05195,+0.05702,+0.02532,+0.53051,0.14288,1.0000,1,0,0,0,0.0000,-0.08063,-0.00645,0.8974,+0.000,-2.977,0.8084,0,0.8084,1,1,+5.000,-2.406,+1.636,+0.00500,-11.679,+0.00000,+0.00,+0.00000,0,+0.00000,+0.00000,0.00323,+0.444,0,25.4,25.4
5.167469,1,1,0.204000,0.204000,0.2490,-0.04500,1,1,0.0260,1,1,+0.04240,+0.64616,0.11915,296.31,+0.05075,+0.05623,+0.02738,+0.54503,0.13990,1.0000,1,0,0,0,0.0000,-0.07613,-0.00609,0.8473,+0.000,-2.908,0.8324,0,0.8324,1,1,+5.000,-2.421,+1.741,+0.00507,-11.679,-0.00000,+0.00,+0.00000,0,+0.00000,+0.00000,0.00288,+0.529,0,25.4,25.4
5.192447,1,1,0.204000,0.204000,0.2490,-0.04500,1,1,0.0260,1,1,+0.04287,+0.65666,0.11941,298.20,+0.04988,+0.05553,+0.02823,+0.55742,0.13763,1.0000,1,0,0,0,0.0000,-0.07242,-0.00579,0.8060,+0.000,-2.858,0.8510,0,0.8510,1,1,+5.000,-2.432,+1.823,+0.00507,-11.679,+0.00000,+0.00,+0.00000,0,+0.00000,+0.00000,0.00282,+0.607,0,25.4,25.4
5.219501,1,1,0.204000,0.204000,0.2490,-0.04500,1,1,0.0260,1,1,+0.04310,+0.67087,0.12184,300.76,+0.04907,+0.05476,+0.02842,+0.57094,0.13575,1.0000,1,0,0,0,0.0000,-0.06861,-0.00549,0.7636,+0.000,-2.812,0.8688,0,0.8688,1,1,+5.000,-2.443,+1.901,+0.00501,-11.679,+0.00000,+0.00,+0.00000,0,+0.00000,+0.00000,0.00247,+0.700,0,25.4,25.4
5.246569,1,1,0.204000,0.204000,0.2490,-0.04500,1,1,0.0260,1,1,+0.04199,+0.67722,0.12435,301.90,+0.04823,+0.05398,+0.02875,+0.58361,0.13439,1.0000,1,0,0,0,0.0000,-0.06499,-0.00520,0.7233,+0.000,-2.763,0.8844,0,0.8844,1,1,+5.000,-2.444,+1.978,+0.00505,-11.679,-0.00000,+0.00,+0.00000,0,+0.00000,+0.00000,0.00229,+0.767,0,25.4,25.4
5.273732,1,1,0.204000,0.204000,0.2490,-0.04500,1,1,0.0260,1,1,+0.04199,+0.67722,0.12435,301.90,+0.04748,+0.05320,+0.02860,+0.59480,0.13319,1.0000,1,0,0,0,0.0000,-0.06155,-0.00492,0.6851,+0.000,-2.721,0.8982,0,0.8982,1,1,+5.000,-2.444,+2.048,+0.00485,-11.680,-0.00000,+0.00,+0.00000,0,+0.00000,+0.00000,0.00229,+0.882,0,25.4,25.4
5.300454,1,1,0.204000,0.204000,0.2490,-0.04500,1,1,0.0260,1,1,+0.04034,+0.69490,0.12814,305.08,+0.04664,+0.05243,+0.02894,+0.60660,0.13259,1.0000,1,0,0,0,0.0000,-0.05835,-0.00467,0.6494,+0.000,-2.672,0.9102,0,0.9102,1,1,+5.000,-2.432,+2.119,+0.00478,-11.680,+0.00000,+0.00,+0.00000,0,+0.00000,+0.00000,0.00226,+0.970,0,25.4,25.4
5.327795,1,1,0.204000,0.204000,0.2490,-0.04500,1,1,0.0260,1,1,+0.04034,+0.69490,0.12814,305.08,+0.04588,+0.05164,+0.02879,+0.61722,0.13206,1.0000,1,0,0,0,0.0000,-0.05525,-0.00442,0.6149,+0.000,-2.629,0.9210,0,0.9210,1,1,+5.000,-2.421,+2.184,+0.00472,-11.680,+0.00000,+0.00,+0.00000,0,+0.00000,+0.00000,0.00226,+1.050,0,25.4,25.4
5.354934,1,1,0.204000,0.204000,0.2490,-0.04500,1,1,0.0260,1,1,+0.03944,+0.70887,0.12922,307.60,+0.04511,+0.05086,+0.02874,+0.62817,0.13172,1.0000,1,0,0,0,0.0000,-0.05233,-0.00418,0.5824,+0.000,-2.585,0.9305,0,0.9305,1,1,+5.000,-2.405,+2.247,+0.00466,-11.681,-0.00000,+0.00,+0.00000,0,+0.00000,+0.00000,0.00225,+1.128,0,25.4,25.4
5.380432,1,1,0.204000,0.204000,0.2490,-0.04500,1,1,0.0260,1,1,+0.04248,+0.72653,0.12497,310.77,+0.04482,+0.05018,+0.02681,+0.63929,0.13096,1.0000,1,0,0,0,0.0000,-0.04972,-0.00398,0.5534,+0.000,-2.568,0.9383,0,0.9383,1,1,+5.000,-2.409,+2.282,+0.00445,-11.681,-0.00000,+0.00,+0.00000,0,+0.00000,+0.00000,0.00211,+1.210,0,25.4,25.4
5.408480,1,1,0.204000,0.204000,0.2490,-0.04500,1,1,0.0260,1,1,+0.04248,+0.72653,0.12497,310.77,+0.04453,+0.04948,+0.02477,+0.65002,0.13022,1.0000,1,0,0,0,0.0000,-0.04701,-0.00376,0.5233,+0.000,-2.551,0.9459,0,0.9459,1,1,+5.000,-2.413,+2.316,+0.00425,-11.681,+0.00000,+0.00,+0.00000,0,+0.00000,+0.00000,0.00211,+1.292,0,25.4,25.4
5.433482,1,1,0.204000,0.204000,0.2490,-0.04500,1,1,0.0260,1,1,+0.03664,+0.73494,0.12729,312.29,+0.04365,+0.04883,+0.02591,+0.65946,0.12989,1.0000,1,0,0,0,0.0000,-0.04472,-0.00358,0.4977,+0.000,-2.501,0.9519,0,0.9519,1,1,+5.000,-2.381,+2.379,+0.00420,-11.682,+0.00000,+0.00,+0.00000,0,+0.00000,+0.00000,0.00203,+1.367,0,25.4,25.4
5.463295,1,1,0.204000,0.204000,0.2490,-0.04500,1,1,0.0260,1,1,+0.03664,+0.73494,0.12729,312.29,+0.04274,+0.04804,+0.02651,+0.66925,0.12956,1.0000,1,0,0,0,0.0000,-0.04213,-0.00337,0.4689,+0.000,-2.449,0.9582,0,0.9582,1,1,+5.000,-2.347,+2.444,+0.00415,-11.829,+0.00000,+0.00,+0.00000,0,+0.00000,+0.00000,0.00203,+1.446,0,25.4,25.4
5.490144,1,1,0.204000,0.204000,0.2490,-0.04500,1,1,0.0260,1,1,+0.03782,+0.74353,0.12522,313.83,+0.04216,+0.04735,+0.02594,+0.67804,0.12904,1.0000,1,0,0,0,0.0000,-0.03993,-0.00319,0.4444,+0.000,-2.416,0.9631,0,0.9631,1,1,+5.000,-2.326,+2.489,+0.00404,-11.830,+0.00000,+0.00,+0.00000,0,+0.00000,+0.00000,0.00238,+1.517,0,25.4,25.4
5.517298,1,1,0.204000,0.204000,0.2490,-0.04500,1,1,0.0260,1,1,+0.03638,+0.75453,0.12669,315.82,+0.04147,+0.04665,+0.02588,+0.68718,0.12876,1.0000,1,0,0,0,0.0000,-0.03782,-0.00302,0.4209,+0.000,-2.376,0.9675,0,0.9675,1,1,+5.000,-2.299,+2.539,+0.00395,-11.830,+0.00000,+0.00,+0.00000,0,+0.00000,+0.00000,0.00254,+1.587,0,25.4,25.4
5.547239,1,1,0.204000,0.204000,0.2490,-0.04500,1,1,0.0260,1,1,+0.03487,+0.76925,0.12886,318.46,+0.04061,+0.04586,+0.02624,+0.69787,0.12877,1.0000,1,0,0,0,0.0000,-0.03562,-0.00285,0.3964,+0.000,-2.327,0.9718,0,0.9718,1,1,+5.000,-2.261,+2.598,+0.00389,-11.830,+0.00000,+0.00,+0.00000,0,+0.00000,+0.00000,0.00259,+1.662,0,25.4,25.4
5.574425,1,1,0.204000,0.204000,0.2490,-0.04500,1,1,0.0260,1,1,+0.03487,+0.76925,0.12886,318.46,+0.03992,+0.04515,+0.02612,+0.70641,0.12878,1.0000,1,0,0,0,0.0000,-0.03373,-0.00270,0.3755,+0.000,-2.287,0.9751,0,0.9751,1,1,+5.000,-2.231,+2.645,+0.00380,-11.831,+0.00000,+0.00,+0.00000,0,+0.00000,+0.00000,0.00259,+1.731,0,25.4,25.4
5.602794,1,1,0.204000,0.204000,0.2490,-0.04500,1,1,0.0260,1,1,+0.03149,+0.77182,0.13483,318.93,+0.03888,+0.04437,+0.02746,+0.71454,0.12954,1.0000,1,0,0,0,0.0000,-0.03187,-0.00255,0.3548,+0.000,-2.227,0.9782,0,0.9782,1,1,+5.000,-2.179,+2.712,+0.00369,-11.831,+0.00000,+0.00,+0.00000,0,+0.00000,+0.00000,0.00269,+1.823,0,25.4,25.4
5.631529,1,1,0.204000,0.204000,0.2490,-0.04500,1,1,0.0260,1,1,+0.03243,+0.78233,0.13472,320.82,+0.03807,+0.04358,+0.02756,+0.72305,0.13019,1.0000,1,0,0,0,0.0000,-0.03009,-0.00241,0.3349,+0.000,-2.181,0.9810,0,0.9810,1,1,+5.000,-2.140,+2.765,+0.00364,-11.832,+0.00000,+0.00,+0.00000,0,+0.00000,+0.00000,0.00266,+1.889,0,25.4,25.4
5.659494,1,1,0.204000,0.204000,0.2490,-0.04500,1,1,0.0260,1,1,+0.03434,+0.79537,0.13710,323.17,+0.03761,+0.04285,+0.02618,+0.73192,0.13103,1.0000,1,0,0,0,0.0000,-0.02846,-0.00228,0.3167,+0.000,-2.155,0.9833,0,0.9833,1,1,+5.000,-2.119,+2.798,+0.00349,-11.832,+0.00000,+0.00,+0.00000,0,+0.00000,+0.00000,0.00257,+1.957,0,25.4,25.4
5.691518,1,1,0.204000,0.204000,0.2490,-0.04500,1,1,0.0260,1,1,+0.03326,+0.80654,0.14175,325.18,+0.03701,+0.04204,+0.02516,+0.74222,0.13251,1.0000,1,0,0,0,0.0000,-0.02669,-0.00213,0.2971,+0.000,-2.120,0.9856,0,0.9856,1,1,+5.000,-2.090,+2.838,+0.00333,-11.833,+0.00000,+0.00,+0.00000,0,+0.00000,+0.00000,0.00243,+2.035,0,25.4,25.4
5.718908,1,1,0.204000,0.204000,0.2490,-0.04500,1,1,0.0260,1,1,+0.03082,+0.81161,0.14186,326.09,+0.03626,+0.04134,+0.02541,+0.75058,0.13364,1.0000,1,0,0,0,0.0000,-0.02527,-0.00202,0.2812,+0.000,-2.078,0.9873,0,0.9873,1,1,+5.000,-2.051,+2.885,+0.00326,-11.833,+0.00000,+0.00,+0.00000,0,+0.00000,+0.00000,0.00270,+2.098,0,25.4,25.4
5.746804,1,1,0.204000,0.204000,0.2490,-0.04500,1,1,0.0260,1,1,+0.02586,+0.80949,0.14402,325.71,+0.03499,+0.04057,+0.02789,+0.75779,0.13491,1.0000,1,0,0,0,0.0000,-0.02390,-0.00191,0.2660,+0.000,-2.005,0.9889,0,0.9889,1,1,+5.000,-1.982,+2.962,+0.00333,-11.834,+0.00000,+0.00,+0.00000,0,+0.00000,+0.00000,0.00265,+2.162,0,25.4,25.4
5.777784,1,1,0.204000,0.204000,0.2490,-0.04500,1,1,0.0260,1,1,+0.02656,+0.81181,0.14229,326.12,+0.03386,+0.03967,+0.02904,+0.76504,0.13590,1.0000,1,0,0,0,0.0000,-0.02246,-0.00180,0.2500,+0.000,-1.940,0.9904,0,0.9904,1,1,+5.000,-1.921,+3.031,+0.00349,-11.980,+0.00000,+0.00,+0.00000,0,+0.00000,+0.00000,0.00257,+2.194,0,25.4,25.4
5.805601,1,1,0.204000,0.204000,0.2490,-0.04500,1,1,0.0260,1,1,+0.02669,+0.81627,0.13721,326.93,+0.03298,+0.03885,+0.02934,+0.77129,0.13606,1.0000,1,0,0,0,0.0000,-0.02125,-0.00170,0.2365,+0.000,-1.890,0.9916,0,0.9916,1,1,+5.000,-1.874,+3.084,+0.00346,-11.981,+0.00000,+0.00,+0.00000,0,+0.00000,+0.00000,0.00214,+2.253,0,25.4,25.4
5.835541,1,1,0.204000,0.204000,0.2490,-0.04500,1,1,0.0260,1,1,+0.02669,+0.81627,0.13721,326.93,+0.03216,+0.03798,+0.02908,+0.77715,0.13621,1.0000,1,0,0,0,0.0000,-0.02001,-0.00160,0.2227,+0.000,-1.843,0.9927,0,0.9927,1,1,+5.000,-1.829,+3.134,+0.00334,-11.982,+0.00000,+0.00,+0.00000,0,+0.00000,+0.00000,0.00214,+2.330,0,25.4,25.4
5.861878,1,1,0.204000,0.204000,0.2490,-0.04500,1,1,0.0260,1,1,+0.02337,+0.81382,0.13777,326.49,+0.03114,+0.03718,+0.03021,+0.78141,0.13639,1.0000,1,0,0,0,0.0000,-0.01898,-0.00152,0.2113,+0.000,-1.784,0.9935,0,0.9935,1,1,+5.000,-1.773,+3.195,+0.00335,-11.982,+0.00000,+0.00,+0.00000,0,+0.00000,+0.00000,0.00177,+2.389,0,25.4,25.4
5.892336,1,1,0.204000,0.204000,0.2490,-0.04500,1,1,0.0260,1,1,+0.01912,+0.80476,0.13665,324.86,+0.02955,+0.03618,+0.03311,+0.78450,0.13643,1.0000,1,0,0,0,0.0000,-0.01786,-0.00143,0.1988,+0.000,-1.693,0.9944,0,0.9944,1,1,+5.000,-1.684,+3.288,+0.00348,-11.983,-0.00000,+0.00,+0.00000,0,+0.00000,+0.00000,0.00123,+2.452,0,25.4,25.4
5.920861,1,1,0.204000,0.204000,0.2490,-0.04500,1,1,0.0260,1,1,+0.01642,+0.80647,0.13449,325.16,+0.02791,+0.03514,+0.03615,+0.78724,0.13618,1.0000,1,0,0,0,0.0000,-0.01687,-0.00135,0.1878,+0.000,-1.599,0.9951,0,0.9951,1,1,+5.000,-1.591,+3.384,+0.00397,-12.263,-0.00000,+0.00,+0.00000,0,+0.00000,+0.00000,0.00097,+2.437,0,25.4,25.4
5.947272,1,1,0.204000,0.204000,0.2490,-0.04500,1,1,0.0260,1,1,+0.01718,+0.81081,0.13506,325.95,+0.02666,+0.03416,+0.03746,+0.78999,0.13605,1.0000,1,0,0,0,0.0000,-0.01600,-0.00128,0.1781,+0.000,-1.528,0.9956,0,0.9956,1,1,+5.000,-1.521,+3.457,+0.00404,-12.263,-0.00000,+0.00,+0.00000,0,+0.00000,+0.00000,0.00086,+2.493,0,25.4,25.4
5.974897,1,1,0.204000,0.204000,0.2490,-0.04500,1,1,0.0260,1,1,+0.01537,+0.81358,0.13586,326.44,+0.02529,+0.03308,+0.03893,+0.79285,0.13603,1.0000,1,0,0,0,0.0000,-0.01514,-0.00121,0.1685,+0.000,-1.449,0.9962,0,0.9962,1,1,+5.000,-1.444,+3.537,+0.00410,-12.264,-0.00000,+0.00,+0.00000,0,+0.00000,+0.00000,0.00086,+2.555,0,25.4,25.4
5.999790,1,1,0.204000,0.204000,0.2490,-0.04500,1,1,0.0260,1,1,+0.01537,+0.81358,0.13586,326.44,+0.02419,+0.03210,+0.03951,+0.79515,0.13601,1.0000,1,0,0,0,0.0000,-0.01441,-0.00115,0.1604,+0.000,-1.386,0.9966,0,0.9966,1,1,+5.000,-1.382,+3.601,+0.00407,-12.264,+0.00000,+0.00,+0.00000,0,+0.00000,+0.00000,0.00086,+2.623,0,25.4,25.4
6.025899,1,1,0.204000,0.204000,0.2490,-0.04500,1,1,0.0260,1,1,+0.01204,+0.81828,0.13732,327.29,+0.02279,+0.03102,+0.04115,+0.79782,0.13616,1.0000,1,0,0,0,0.0000,-0.01367,-0.00109,0.1522,+0.000,-1.306,0.9970,0,0.9970,1,1,+5.000,-1.302,+3.683,+0.00411,-12.265,+0.00000,+0.00,+0.00000,0,+0.00000,+0.00000,0.00066,+2.696,0,25.4,25.4
6.054244,1,1,0.204000,0.204000,0.2490,-0.04500,1,1,0.0260,1,1,+0.01226,+0.82220,0.13732,328.00,+0.02148,+0.02984,+0.04177,+0.80085,0.13631,1.0000,1,0,0,0,0.0000,-0.01292,-0.00103,0.1438,+0.000,-1.231,0.9974,0,0.9974,1,1,+5.000,-1.228,+3.759,+0.00412,-12.266,-0.00000,+0.00,+0.00000,0,+0.00000,+0.00000,0.00072,+2.770,0,25.4,25.4
6.081230,1,1,0.204000,0.204000,0.2490,-0.04500,1,1,0.0260,1,1,+0.01104,+0.82466,0.13833,328.44,+0.02024,+0.02870,+0.04227,+0.80368,0.13655,1.0000,1,0,0,0,0.0000,-0.01224,-0.00098,0.1363,+0.000,-1.160,0.9977,0,0.9977,1,1,+5.000,-1.157,+3.831,+0.00412,-12.267,+0.00000,+0.00,+0.00000,0,+0.00000,+0.00000,0.00063,+2.841,0,25.4,25.4
6.111206,1,1,0.204000,0.204000,0.2490,-0.04500,1,1,0.0260,1,1,+0.00805,+0.83331,0.13529,330.00,+0.01865,+0.02739,+0.04367,+0.80754,0.13638,1.0000,1,0,0,0,0.0000,-0.01153,-0.00092,0.1283,+0.000,-1.069,0.9980,0,0.9980,1,1,+5.000,-1.067,+3.923,+0.00424,-12.267,+0.00000,+0.00,+0.00000,0,+0.00000,+0.00000,0.00056,+2.907,0,36.0,36.0
6.143323,1,1,0.204000,0.204000,0.2490,-0.04500,1,1,0.0260,1,1,+0.00805,+0.83331,0.13529,330.00,+0.01719,+0.02598,+0.04395,+0.81111,0.13623,1.0000,1,0,0,0,0.0000,-0.01081,-0.00086,0.1203,+0.000,-0.985,0.9983,0,0.9983,1,1,+5.000,-0.983,+4.008,+0.00413,-12.268,+0.00000,+0.00,+0.00000,0,+0.00000,+0.00000,0.00056,+3.017,0,36.0,36.0
6.171675,1,1,0.204000,0.204000,0.2490,-0.04500,1,1,0.0260,1,1,+0.00076,+0.83566,0.13856,330.42,+0.01515,+0.02463,+0.04742,+0.81415,0.13652,1.0000,1,0,0,0,0.0000,-0.01022,-0.00082,0.1137,+0.000,-0.868,0.9985,0,0.9985,1,1,+5.000,-0.867,+4.126,+0.00461,-12.406,+0.00000,+0.00,+0.00000,0,+0.00000,+0.00000,0.00047,+3.023,0,36.0,36.0
6.199391,1,1,0.204000,0.204000,0.2490,-0.04500,1,1,0.0260,1,1,+0.00274,+0.84117,0.13889,331.41,+0.01364,+0.02329,+0.04828,+0.81744,0.13681,1.0000,1,0,0,0,0.0000,-0.00967,-0.00077,0.1076,+0.000,-0.781,0.9987,0,0.9987,1,1,+5.000,-0.780,+4.213,+0.00463,-12.407,+0.00000,+0.00,+0.00000,0,+0.00000,+0.00000,0.00037,+3.107,0,36.0,36.0
6.229611,1,1,0.204000,0.204000,0.2490,-0.04500,1,1,0.0260,1,1,-0.00129,+0.84203,0.13744,331.57,+0.01168,+0.02177,+0.05045,+0.82067,0.13689,1.0000,1,0,0,0,0.0000,-0.00910,-0.00073,0.1013,+0.000,-0.669,0.9988,0,0.9988,1,1,+5.000,-0.668,+4.326,+0.00476,-12.408,+0.00000,+0.00,+0.00000,0,+0.00000,+0.00000,0.00029,+3.185,0,36.0,36.0
6.256283,1,1,0.204000,0.204000,0.2490,-0.04500,1,1,0.0260,1,1,-0.00157,+0.84486,0.14131,332.07,+0.01012,+0.02040,+0.05140,+0.82352,0.13741,1.0000,1,0,0,0,0.0000,-0.00863,-0.00069,0.0960,+0.000,-0.580,0.9990,0,0.9990,1,1,+5.000,-0.579,+4.416,+0.00478,-12.409,+0.00000,+0.00,+0.00000,0,+0.00000,+0.00000,0.00027,+3.269,0,36.0,36.0
6.282412,1,1,0.204000,0.204000,0.2490,-0.04500,1,1,0.0260,1,1,-0.00732,+0.84548,0.14197,332.19,+0.00810,+0.01898,+0.05437,+0.82605,0.13794,1.0000,1,0,0,0,0.0000,-0.00819,-0.00065,0.0911,+0.000,-0.464,0.9991,0,0.9991,1,1,+5.000,-0.464,+4.532,+0.00494,-12.410,+0.00000,+0.00,+0.00000,0,+0.00000,+0.00000,0.00031,+3.347,0,36.0,36.0
6.306350,1,1,0.204000,0.204000,0.2490,-0.04500,1,1,0.0260,1,1,-0.00732,+0.84548,0.14197,332.19,+0.00645,+0.01764,+0.05592,+0.82813,0.13837,1.0000,1,0,0,0,0.0000,-0.00780,-0.00062,0.0869,+0.000,-0.370,0.9992,0,0.9992,1,1,+5.000,-0.370,+4.626,+0.00531,-12.551,+0.00000,+0.00,+0.00000,0,+0.00000,+0.00000,0.00031,+3.358,0,36.0,36.0
6.333858,1,1,0.204000,0.204000,0.2490,-0.04500,1,1,0.0260,1,1,-0.00827,+0.84700,0.14412,332.46,+0.00467,+0.01607,+0.05699,+0.83041,0.13906,1.0000,1,0,0,0,0.0000,-0.00739,-0.00059,0.0822,+0.000,-0.268,0.9993,0,0.9993,1,1,+5.000,-0.268,+4.729,+0.00537,-12.552,+0.00000,+0.00,+0.00000,0,+0.00000,+0.00000,0.00024,+3.445,0,36.0,36.0
6.363879,1,1,0.204000,0.204000,0.2490,-0.04500,1,1,0.0260,1,1,-0.01080,+0.85089,0.14423,333.16,+0.00265,+0.01432,+0.05833,+0.83309,0.13974,1.0000,1,0,0,0,0.0000,-0.00696,-0.00056,0.0774,+0.000,-0.152,0.9994,0,0.9994,1,1,+5.000,-0.152,+4.845,+0.00543,-12.553,+0.00000,+0.00,+0.00000,0,+0.00000,+0.00000,0.00022,+3.544,0,36.0,36.0
6.392173,1,1,0.204000,0.204000,0.2490,-0.04500,1,1,0.0260,1,1,-0.01305,+0.85459,0.14561,333.83,+0.00071,+0.01263,+0.05963,+0.83575,0.14047,1.0000,1,0,0,0,0.0000,-0.00657,-0.00053,0.0732,+0.000,-0.041,0.9995,0,0.9995,1,1,+5.000,-0.040,+4.957,+0.00547,-12.554,+0.00000,+0.00,+0.00000,0,+0.00000,+0.00000,0.00015,+3.645,0,36.0,36.0
6.419744,1,1,0.204000,0.204000,0.2490,-0.04500,1,1,0.0260,1,1,-0.01740,+0.85349,0.14741,333.63,-0.00149,+0.01092,+0.06205,+0.83790,0.14131,1.0000,1,0,0,0,0.0000,-0.00622,-0.00050,0.0692,+0.000,+0.085,0.9995,0,0.9995,1,1,+5.000,+0.085,+5.083,+0.00560,-12.556,+0.00000,+0.00,+0.00000,0,+0.00000,+0.00000,0.00020,+3.740,0,36.0,36.0
6.448544,1,1,0.204000,0.204000,0.2490,-0.04500,1,1,0.0260,1,1,-0.01942,+0.85606,0.15154,334.09,-0.00374,+0.00908,+0.06410,+0.84019,0.14259,1.0000,1,0,0,0,0.0000,-0.00587,-0.00047,0.0654,+0.000,+0.215,0.9996,0,0.9996,1,1,+5.000,+0.214,+5.212,+0.00578,-12.557,+0.00000,+0.00,+0.00000,0,+0.00000,+0.00000,0.00024,+3.829,0,36.0,36.0
6.477839,1,1,0.204000,0.204000,0.2490,-0.04500,1,1,0.0260,1,1,-0.02081,+0.85701,0.15031,334.26,-0.00592,+0.00716,+0.06542,+0.84234,0.14358,1.0000,1,0,0,0,0.0000,-0.00554,-0.00044,0.0616,+0.000,+0.339,0.9996,0,0.9996,1,1,+5.000,+0.339,+5.338,+0.00613,-12.692,+0.00000,+0.00,+0.00000,0,+0.00000,+0.00000,0.00038,+3.872,0,36.0,36.0
6.504422,1,1,0.204000,0.204000,0.2490,-0.04500,1,1,0.0260,1,1,-0.02081,+0.85701,0.15031,334.26,-0.00767,+0.00542,+0.06545,+0.84406,0.14437,1.0000,1,0,0,0,0.0000,-0.00525,-0.00042,0.0585,+0.000,+0.439,0.9997,0,0.9997,1,1,+5.000,+0.439,+5.438,+0.00612,-12.693,+0.00000,+0.00,+0.00000,0,+0.00000,+0.00000,0.00038,+3.973,0,36.0,36.0
6.534067,1,1,0.204000,0.204000,0.2490,-0.04500,1,1,0.0260,1,1,-0.02971,+0.86009,0.15605,334.82,-0.01052,+0.00336,+0.06939,+0.84613,0.14588,1.0000,1,0,0,0,0.0000,-0.00495,-0.00040,0.0551,+0.000,+0.603,0.9997,0,0.9997,1,1,+5.000,+0.602,+5.601,+0.00636,-12.695,+0.00000,+0.00,+0.00000,0,+0.00000,+0.00000,0.00092,+4.078,0,36.0,36.0
6.561650,1,1,0.204000,0.204000,0.2490,-0.04500,1,1,0.0260,1,1,-0.02971,+0.86009,0.15605,334.82,-0.01284,+0.00140,+0.07121,+0.84782,0.14711,1.0000,1,0,0,0,0.0000,-0.00468,-0.00037,0.0521,+0.000,+0.736,0.9998,0,0.9998,1,1,+5.000,+0.736,+5.734,+0.00651,-12.696,+0.00000,+0.00,+0.00000,0,+0.00000,+0.00000,0.00092,+4.175,0,36.0,36.0
6.591766,1,1,0.204000,0.204000,0.2490,-0.04500,1,1,0.0260,1,1,-0.03261,+0.86082,0.15967,334.95,-0.01543,-0.00080,+0.07313,+0.84952,0.14875,1.0000,1,0,0,0,0.0000,-0.00441,-0.00035,0.0491,+0.000,+0.884,0.9998,0,0.9998,1,1,+5.000,+0.884,+5.883,+0.00655,-12.698,+0.00000,+0.00,+0.00000,0,+0.00000,+0.00000,0.00129,+4.314,0,36.0,36.0
6.622173,1,1,0.204000,0.204000,0.2490,-0.04500,1,1,0.0260,1,1,-0.03602,+0.86028,0.16216,334.85,-0.01815,-0.00309,+0.07527,+0.85094,0.15052,1.0000,1,0,0,0,0.0000,-0.00415,-0.00033,0.0462,+0.000,+1.040,0.9998,0,0.9998,1,1,+5.000,+1.040,+6.039,+0.00668,-12.700,+0.00000,+0.00,+0.00000,0,+0.00000,+0.00000,0.00126,+4.438,0,36.0,36.0
6.653342,1,1,0.204000,0.204000,0.2490,-0.04500,1,1,0.0260,1,1,-0.04080,+0.86068,0.16490,334.92,-0.02120,-0.00553,+0.07833,+0.85225,0.15246,1.0000,1,0,0,0,0.0000,-0.00390,-0.00031,0.0434,+0.000,+1.215,0.9998,0,0.9998,1,1,+5.000,+1.215,+6.214,+0.00684,-12.703,+0.00000,+0.00,+0.00000,0,+0.00000,+0.00000,0.00122,+4.574,0,36.0,36.0
6.681505,1,1,0.204000,0.204000,0.2490,-0.04500,1,1,0.0260,1,1,-0.04577,+0.85944,0.16869,334.70,-0.02423,-0.00784,+0.08196,+0.85314,0.15446,1.0000,1,0,0,0,0.0000,-0.00369,-0.00029,0.0410,+0.000,+1.388,0.9999,0,0.9999,1,1,+5.000,+1.388,+6.388,+0.00797,-12.959,+0.00000,+0.00,+0.00000,0,+0.00000,+0.00000,0.00125,+4.488,0,36.0,36.0
6.712135,1,1,0.204000,0.204000,0.2490,-0.04500,1,1,0.0260,1,1,-0.04769,+0.86013,0.17312,334.82,-0.02735,-0.01043,+0.08458,+0.85407,0.15694,1.0000,1,0,0,0,0.0000,-0.00347,-0.00028,0.0386,+0.000,+1.567,0.9999,0,0.9999,1,1,+5.000,+1.567,+6.566,+0.00817,-12.961,+0.00000,+0.00,+0.00000,0,+0.00000,+0.00000,0.00121,+4.620,0,36.0,36.0
6.746409,1,1,0.204000,0.204000,0.2490,-0.04500,1,1,0.0260,1,1,-0.05196,+0.85865,0.17647,334.56,-0.03095,-0.01343,+0.08758,+0.85474,0.15980,1.0000,1,0,0,0,0.0000,-0.00324,-0.00026,0.0360,+0.000,+1.773,0.9999,0,0.9999,1,1,+5.000,+1.773,+6.773,+0.00827,-12.964,-0.00000,+0.00,+0.00000,0,+0.00000,+0.00000,0.00116,+4.791,0,36.0,36.0
6.774267,1,1,0.204000,0.204000,0.2490,-0.04500,1,1,0.0260,1,1,-0.05733,+0.85778,0.18028,334.40,-0.03418,-0.01597,+0.09102,+0.85511,0.16230,1.0000,1,0,0,0,0.0000,-0.00306,-0.00024,0.0341,+0.000,+1.958,0.9999,0,0.9999,1,1,+5.000,+1.958,+6.957,+0.00844,-12.967,+0.00000,+0.00,+0.00000,0,+0.00000,+0.00000,0.00102,+4.933,0,36.0,36.0
6.801465,1,1,0.204000,0.204000,0.2490,-0.04500,1,1,0.0260,1,1,-0.05733,+0.85778,0.18028,334.40,-0.03695,-0.01848,+0.09233,+0.85543,0.16445,1.0000,1,0,0,0,0.0000,-0.00290,-0.00023,0.0323,+0.000,+2.117,0.9999,0,0.9999,1,1,+5.000,+2.117,+7.116,+0.00845,-12.970,+0.00000,+0.00,+0.00000,0,+0.00000,+0.00000,0.00102,+5.091,0,36.0,36.0
6.834137,1,1,0.204000,0.204000,0.2490,-0.04500,1,1,0.0260,1,1,-0.06215,+0.85653,0.18559,334.18,-0.04049,-0.02157,+0.09457,+0.85558,0.16742,1.0000,1,0,0,0,0.0000,-0.00272,-0.00022,0.0302,+0.000,+2.320,0.9999,0,0.9999,1,1,+5.000,+2.320,+7.319,+0.00916,-13.093,+0.00000,+0.00,+0.00000,0,+0.00000,+0.00000,0.00077,+5.128,0,36.0,36.0
6.864526,1,1,0.204000,0.204000,0.2490,-0.04500,1,1,0.0260,1,1,-0.06718,+0.85424,0.19229,333.76,-0.04401,-0.02453,+0.09738,+0.85541,0.17070,1.0000,1,0,0,0,0.0000,-0.00256,-0.00020,0.0284,+0.000,+2.521,0.9999,0,0.9999,1,1,+5.000,+2.521,+7.521,+0.00986,-13.214,+0.00000,+0.00,+0.00000,0,+0.00000,+0.00000,0.00057,+5.170,0,36.0,36.0
6.893641,1,1,0.204000,0.204000,0.2490,-0.04500,1,1,0.0260,1,1,-0.07298,+0.84987,0.19603,332.98,-0.04769,-0.02747,+0.10108,+0.85470,0.17392,1.0000,1,0,0,0,0.0000,-0.00241,-0.00019,0.0268,+0.000,+2.732,0.9999,0,0.9999,1,1,+5.000,+2.732,+7.732,+0.01004,-13.218,+0.00000,+0.00,+0.00000,0,+0.00000,+0.00000,0.00046,+5.333,0,36.0,36.0
6.922972,1,1,0.204000,0.204000,0.2490,-0.04500,1,1,0.0260,1,1,-0.07608,+0.84696,0.20314,332.45,-0.05132,-0.03052,+0.10399,+0.85371,0.17766,1.0000,1,0,0,0,0.0000,-0.00227,-0.00018,0.0253,+0.000,+2.940,1.0000,0,1.0000,1,1,+5.000,+2.940,+7.940,+0.01111,-13.465,+0.00000,+0.00,+0.00000,0,+0.00000,+0.00000,0.00034,+5.289,0,36.0,36.0
6.956383,1,1,0.204000,0.204000,0.2490,-0.04500,1,1,0.0260,1,1,-0.08012,+0.83823,0.21089,330.88,-0.05544,-0.03409,+0.10676,+0.85150,0.18241,1.0000,1,0,0,0,0.0000,-0.00213,-0.00017,0.0237,+0.000,+3.177,1.0000,0,1.0000,1,1,+5.000,+3.177,+8.176,+0.01114,-13.470,+0.00000,+0.00,+0.00000,0,+0.00000,+0.00000,0.00034,+5.514,0,36.0,36.0
6.990947,1,1,0.204000,0.204000,0.2490,-0.04500,1,1,0.0260,1,1,-0.08820,+0.83168,0.22062,329.70,-0.06027,-0.03795,+0.11161,+0.84858,0.18804,1.0000,1,0,0,0,0.0000,-0.00198,-0.00016,0.0221,+0.000,+3.453,1.0000,0,1.0000,1,1,+5.000,+3.453,+8.453,+0.01122,-13.476,+0.00000,+0.00,+0.00000,0,+0.00000,+0.00000,0.00030,+5.763,0,36.0,36.0
7.028425,1,1,0.204000,0.204000,0.2490,-0.04500,1,1,0.0260,1,1,-0.09360,+0.82717,0.22642,328.89,-0.06553,-0.04230,+0.11614,+0.84520,0.19410,1.0000,1,0,0,0,0.0000,-0.00184,-0.00015,0.0205,+0.000,+3.755,1.0000,0,1.0000,1,1,+5.000,+3.754,+8.754,+0.01194,-13.604,-0.00000,+0.00,+0.00000,0,+0.00000,+0.00000,0.00035,+5.897,0,36.0,36.0
7.064256,1,1,0.204000,0.204000,0.2490,-0.04500,1,1,0.0260,1,1,-0.10167,+0.81767,0.23590,327.18,-0.07102,-0.04666,+0.12178,+0.84102,0.20045,1.0000,1,0,0,0,0.0000,+0.00000,+0.00000,0.0191,+0.000,+4.069,1.0000,0,1.0000,1,1,+5.000,+4.069,+9.069,+0.01220,-13.610,+0.00000,+0.00,+0.00000,0,+0.00000,+0.00000,0.00038,+6.152,0,36.0,36.0
7.097557,1,1,0.204000,0.204000,0.2490,-0.04500,1,1,0.0260,1,1,-0.10942,+0.80898,0.24652,325.62,-0.07650,-0.05092,+0.12789,+0.83644,0.20703,1.0000,1,0,0,0,0.0000,+0.00000,+0.00000,0.0178,+0.000,+4.383,1.0000,0,1.0000,1,1,+5.000,+4.383,+9.383,+0.01246,-13.616,+0.00000,+0.00,+0.00000,0,+0.00000,+0.00000,0.00041,+6.399,0,36.0,36.0
7.134195,1,1,0.204000,0.204000,0.2490,-0.04500,1,1,0.0260,1,1,-0.11590,+0.79931,0.25658,323.88,-0.08260,-0.05583,+0.13387,+0.83070,0.21470,1.0000,1,0,0,0,0.0000,+0.00000,+0.00000,0.0166,+0.000,+4.733,1.0000,0,1.0000,1,1,+5.000,+4.733,+9.733,+0.01325,-13.743,+0.00000,+0.00,+0.00000,0,+0.00000,+0.00000,0.00038,+6.563,0,33.2,33.2
7.171936,1,1,0.204000,0.204000,0.2490,-0.04500,1,1,0.0260,1,1,-0.12441,+0.78904,0.26742,322.03,-0.08924,-0.06113,+0.14054,+0.82408,0.22307,1.0000,1,0,0,0,0.0000,+0.00000,+0.00000,0.0154,+0.000,+5.113,1.0000,0,1.0000,1,1,+5.000,+5.113,+10.113,+0.01345,-13.752,-0.00000,+0.00,+0.00000,0,+0.00000,+0.00000,0.00040,+6.895,0,33.2,33.2
7.208889,1,1,0.204000,0.204000,0.2490,-0.04500,1,1,0.0260,1,1,-0.13640,+0.77553,0.27994,319.60,-0.09660,-0.06666,+0.14966,+0.81651,0.23194,1.0000,1,0,0,0,0.0000,+0.00000,+0.00000,0.0143,+0.000,+5.534,1.0000,0,1.0000,1,1,+5.000,+5.534,+10.534,+0.01404,-13.760,-0.00000,+0.00,+0.00000,0,+0.00000,+0.00000,0.00047,+7.174,0,33.2,33.2
7.248986,1,1,0.204000,0.204000,0.2490,-0.04500,1,1,0.0260,1,1,-0.15495,+0.73662,0.31505,312.59,-0.10634,-0.07329,+0.16526,+0.80317,0.24582,1.0000,1,0,0,0,0.0000,+0.00000,+0.00000,0.0132,+0.000,+6.093,1.0000,0,1.0000,1,1,+5.000,+6.093,+11.093,+0.01498,-13.770,-0.00000,+0.00,+0.00000,0,+0.00000,+0.00000,0.00062,+7.513,0,33.2,33.2
7.290580,1,1,0.204000,0.204000,0.2490,-0.04500,1,1,0.0260,1,1,-0.16488,+0.71598,0.33268,308.88,-0.11642,-0.08071,+0.17852,+0.78816,0.26077,1.0000,1,0,0,0,0.0000,+0.00000,+0.00000,0.0121,+0.000,+6.670,0.8278,1,0.8278,1,1,+5.000,+5.522,+9.661,+0.00900,-14.131,+0.00000,+0.00,+0.00000,0,+0.00000,+0.00000,0.00088,+7.446,0,33.2,33.2
7.335442,1,1,0.204000,0.204000,0.2490,-0.04500,1,1,0.0260,1,1,-0.17708,+0.68898,0.35629,304.02,-0.12753,-0.08929,+0.19120,+0.76999,0.27827,1.0000,1,0,0,0,0.0000,+0.00000,+0.00000,0.0111,+0.000,+7.307,0.6762,1,0.6762,1,1,+5.000,+4.941,+8.322,+0.00196,-14.246,+0.00000,+0.00,+0.00000,0,+0.00000,+0.00000,0.00111,+7.708,0,33.2,33.2
7.390188,1,1,0.204174,0.204174,0.2490,-0.04483,1,1,0.0260,1,1,-0.20286,+0.62648,0.41010,292.77,-0.14372,-0.10099,+0.21366,+0.73915,0.30660,1.0000,1,0,0,0,0.0000,+0.00000,+0.00000,0.0099,+0.000,+8.235,0.5308,1,0.5308,1,1,+5.000,+4.371,+7.026,-0.00357,-14.476,+0.00000,+0.00,+0.00000,0,+0.00000,+0.00000,0.00185,+7.750,0,33.2,33.2
7.447326,1,1,0.227566,0.227566,0.2490,-0.02143,1,1,0.0260,1,1,-0.21936,+0.58131,0.45048,284.64,-0.16053,-0.11422,+0.23155,+0.70407,0.33857,1.0000,1,0,0,0,0.0000,+0.00000,+0.00000,0.0089,+0.000,+9.198,0.4129,1,0.4129,1,1,+5.000,+3.798,+5.862,-0.00838,-14.590,-0.00000,+0.00,+0.00000,0,+0.00000,+0.00000,0.00218,+7.763,0,33.2,33.2
7.507214,1,1,0.261899,0.261899,0.2490,+0.01290,1,1,0.0260,1,1,-0.24934,+0.48998,0.53304,268.20,-0.18099,-0.12961,+0.25694,+0.65474,0.38339,1.0000,1,0,0,0,0.0000,+0.00000,+0.00000,0.0079,+0.000,+10.370,0.3177,1,0.3177,1,1,+5.000,+3.295,+4.884,-0.01162,-14.694,+0.00000,+0.00,+0.00000,0,+0.00000,+0.00000,0.00331,+7.582,0,33.2,33.2
7.584738,1,1,0.261899,0.261899,0.2490,+0.01290,1,1,0.0260,1,0,+0.00000,+0.00000,0.00000,0.00,-0.18099,-0.14396,+0.18516,+0.65474,0.38339,1.0000,0,0,0,0,0.0000,+0.00000,+0.00000,0.0067,+0.000,+10.370,0.2290,1,0.2290,1,1,+5.000,+2.375,+3.520,-0.01152,-15.373,-0.00003,+0.00,+0.00000,0,+0.00000,+0.00000,0.01125,+6.245,0,33.2,33.2
7.633616,1,1,0.261899,0.261899,0.2490,+0.01290,1,1,0.0260,1,0,+0.00000,+0.00000,0.00000,0.00,-0.18099,-0.15123,+0.14880,+0.65474,0.38339,1.0000,0,0,1,0,0.0000,-0.02833,+0.00000,1.0000,+0.000,+10.370,0.1840,1,0.1840,1,1,+5.000,+1.908,+2.828,-0.00998,-15.627,+0.00007,+0.00,+0.00000,1,-0.14423,+0.00000,0.01975,+5.240,0,33.2,33.2
7.693347,1,1,0.261899,0.261899,0.2490,+0.01290,1,1,0.0260,1,0,+0.00000,+0.00000,0.00000,0.00,-0.18099,-0.15808,+0.11458,+0.65474,0.38339,1.0000,0,0,1,0,0.0000,-0.06574,+0.00000,1.0000,+0.000,+10.370,0.1417,1,0.1417,1,1,+5.000,+1.469,+2.178,-0.00729,-15.752,+0.00003,+0.00,+0.00000,1,-0.19103,+0.00000,0.02161,+3.967,0,33.2,33.2
7.758969,1,1,0.261899,0.261899,0.2490,+0.01290,1,1,0.0260,1,0,+0.00000,+0.00000,0.00000,0.00,-0.18099,-0.16374,+0.08627,+0.65474,0.38339,1.0000,0,0,1,0,0.0000,-0.11106,+0.00000,1.0000,+0.000,+10.370,0.1067,1,0.1067,1,1,+5.000,+1.106,+1.640,-0.00554,-15.796,-0.00001,+0.00,+0.00000,1,-0.24918,+0.00000,0.01746,+3.012,0,33.2,33.2
7.809533,1,1,0.292238,0.340000,0.2490,+0.10000,1,1,0.0260,1,1,+0.94382,+0.13800,0.29799,204.84,+0.04600,-0.12142,-0.83705,+0.55046,0.36615,1.0000,1,0,0,0,0.0000,-0.11106,+0.00000,1.0000,+0.000,-2.635,0.0852,1,0.0852,1,1,+5.000,-0.224,+0.201,-0.00926,-15.810,+0.00000,+0.00,+0.00000,1,-0.24959,+0.00000,0.01157,+2.398,0,33.2,33.2
7.854363,1,1,0.319136,0.340000,0.2490,+0.10000,1,1,0.0260,1,1,-0.11953,+0.60990,0.04444,289.78,+0.04600,-0.09076,-0.68378,+0.55046,0.36615,1.0000,0,1,0,0,0.0000,-0.11106,+0.00000,1.0000,+0.000,-2.635,0.0696,1,0.0696,1,1,+5.000,-0.183,+0.165,-0.00718,-15.837,+0.00002,+0.00,+0.00000,1,-0.17838,+0.00000,0.01171,+1.871,0,33.2,33.2
7.880472,1,1,0.334801,0.340000,0.2490,+0.10000,1,1,0.0260,1,1,-0.13526,+0.61002,0.05329,289.80,+0.04600,-0.07497,-0.60483,+0.55046,0.36615,1.0000,0,1,1,0,0.0000,-0.12398,+0.00000,1.0000,+0.000,-2.635,0.0615,1,0.0615,1,1,+5.000,-0.162,+0.146,-0.00666,-15.840,-0.00004,+0.00,+0.00000,1,-0.22289,+0.00000,0.02931,+1.751,0,33.2,33.2
7.902935,1,1,0.334425,0.334425,0.2490,+0.08543,1,1,0.0260,1,1,-0.13552,+0.58494,0.05666,285.29,+0.02767,-0.06461,-0.46137,+0.55394,0.33490,1.0000,1,0,1,0,0.0000,-0.14160,+0.00000,1.0000,+0.000,-1.585,0.0553,1,0.0553,1,1,+5.000,-0.088,+0.189,-0.00576,-15.839,-0.00001,+0.00,+0.00000,1,-0.29852,+0.00000,0.03441,+1.605,0,33.2,33.2
7.929716,1,1,0.318357,0.309250,0.2490,+0.06025,1,1,0.0260,1,1,-0.13552,+0.58494,0.05666,285.29,+0.00840,-0.05599,-0.32191,+0.55760,0.30204,1.0000,1,0,1,0,0.0000,-0.16013,+0.00000,1.0000,+0.000,-0.481,0.0488,1,0.0488,1,1,+5.000,-0.023,+0.220,-0.00513,-15.838,-0.00001,+0.00,+0.00000,1,-0.29852,+0.00000,0.03441,+1.472,0,33.2,33.2
7.955104,1,1,0.309250,0.309250,0.2490,+0.06025,1,1,0.0260,1,1,-0.13157,+0.57858,0.05472,284.14,+0.00840,-0.04873,-0.28565,+0.55760,0.30204,1.0000,0,1,1,0,0.0000,-0.16096,-0.01209,1.0000,+0.000,-0.481,0.0433,1,0.0433,1,1,+5.000,-0.021,+0.196,-0.00486,-15.837,-0.00000,+0.00,+0.00000,1,-0.16749,-0.10730,0.03600,+1.372,0,33.2,33.2
7.986029,1,1,0.290695,0.288070,0.2490,+0.03907,1,1,0.0260,1,1,-0.13329,+0.56459,0.05747,281.63,-0.01058,-0.04362,-0.16522,+0.55854,0.26929,1.0000,1,0,1,0,0.0000,-0.16263,-0.00481,1.0000,+0.000,+0.606,0.0375,1,0.0375,1,1,+5.000,+0.023,+0.210,-0.00439,-15.836,-0.00001,+0.00,+0.00000,1,-0.17341,+0.04227,0.03934,+1.274,0,33.2,33.2
8.014306,1,1,0.273729,0.270298,0.2490,+0.02130,1,1,0.0260,1,1,-0.12803,+0.57052,0.05583,282.69,-0.02513,-0.04133,-0.08102,+0.56002,0.24285,1.0000,1,0,1,0,0.0000,-0.16434,-0.00462,1.0000,+0.000,+1.440,0.1567,0,0.1567,1,1,+5.000,+0.226,+1.009,-0.00041,-15.836,-0.00000,+0.00,+0.00000,1,-0.17647,-0.00329,0.03126,+1.156,0,33.2,33.2
8.039937,2,2,0.258350,0.256807,0.2490,+0.00781,1,2,0.0260,1,1,-0.12696,+0.56622,0.05528,281.92,-0.03670,-0.04081,-0.02055,+0.56072,0.22154,1.0000,1,0,1,0,0.0000,-0.16622,-0.00514,1.0000,+0.000,+2.102,0.2525,0,0.2525,1,2,+0.000,+0.531,+0.531,-0.00215,-15.835,-0.00000,+0.00,+0.00000,1,-0.18085,-0.00919,0.02935,+1.074,0,33.2,33.2
8.068815,2,2,0.243635,0.243635,0.2490,-0.00537,1,2,0.0260,1,1,-0.12696,+0.56622,0.05528,281.92,-0.04808,-0.04172,+0.03180,+0.56142,0.20056,1.0000,1,0,1,0,0.0000,-0.16806,-0.00565,1.0000,+0.000,+2.755,0.3468,0,0.3468,1,2,+0.000,+0.956,+0.956,+0.00005,-15.904,-0.00000,+0.00,+0.00000,1,-0.18085,-0.00919,0.02935,+0.960,0,33.2,33.2
8.098055,2,2,0.232769,0.232769,0.2490,-0.01623,1,2,0.0260,1,1,-0.13540,+0.56200,0.06060,281.16,-0.05922,-0.04396,+0.07633,+0.56149,0.18271,1.0000,1,0,1,0,0.0000,-0.17007,-0.00539,1.0000,+0.000,+3.393,0.4301,0,0.4301,1,2,+0.000,+1.460,+1.460,+0.00253,-16.038,-0.00000,+0.00,+0.00000,1,-0.18378,-0.00361,0.02720,+0.897,0,33.2,33.2
8.129990,2,2,0.223954,0.223954,0.2490,-0.02505,1,2,0.0260,1,1,-0.13755,+0.55375,0.06310,279.67,-0.07001,-0.04754,+0.11232,+0.56043,0.16624,1.0000,1,0,1,0,0.0000,-0.17234,-0.00476,1.0000,+0.000,+4.011,0.5086,0,0.5086,1,2,+0.000,+2.040,+2.040,+0.00541,-16.119,-0.00000,+0.00,+0.00000,1,-0.18657,-0.00079,0.02477,+0.807,0,33.2,33.2
8.157042,2,2,0.218574,0.218574,0.2490,-0.03043,1,2,0.0260,1,1,-0.14240,+0.54499,0.06643,278.10,-0.07863,-0.05125,+0.13692,+0.55859,0.15435,1.0000,1,0,1,0,0.0000,-0.17459,-0.00398,1.0000,+0.000,+4.505,0.5672,0,0.5672,1,2,+0.000,+2.555,+2.555,+0.00776,-16.199,-0.00000,+0.00,+0.00000,1,-0.19120,+0.00175,0.02320,+0.757,0,24.4,24.4
8.183131,2,2,0.215259,0.215259,0.2490,-0.03374,1,2,0.0260,1,1,-0.14592,+0.53471,0.07049,276.25,-0.08640,-0.05530,+0.15547,+0.55583,0.14467,1.0000,1,0,1,0,0.0000,-0.17682,-0.00291,1.0000,+0.000,+4.950,0.6171,0,0.6171,1,2,+0.000,+3.055,+3.055,+0.00962,-16.199,-0.00000,+0.00,+0.00000,1,-0.19394,+0.00526,0.02269,+0.808,0,24.4,24.4
8.210891,2,2,0.212116,0.212116,0.2490,-0.03688,1,2,0.0260,1,1,-0.15153,+0.53245,0.07617,275.84,-0.09433,-0.06006,+0.17137,+0.55298,0.13632,1.0000,1,0,1,0,0.0000,-0.17906,-0.00163,1.0000,+0.000,+5.405,0.6638,0,0.6638,1,2,+0.000,+3.588,+3.588,+0.01140,-16.199,-0.00000,+0.00,+0.00000,1,-0.19522,+0.00759,0.02164,+0.904,0,24.4,24.4
8.238934,2,2,0.210490,0.210490,0.2490,-0.03851,1,2,0.0260,1,1,-0.15264,+0.52244,0.07876,274.04,-0.10150,-0.06516,+0.18174,+0.54923,0.12925,1.0000,1,0,1,0,0.0000,-0.18132,+0.00009,1.0000,+0.000,+5.816,0.7051,0,0.7051,1,2,+0.000,+4.101,+4.101,+0.01303,-16.200,-0.00000,+0.00,+0.00000,1,-0.19745,+0.01240,0.02095,+1.030,0,24.4,24.4
8.269229,2,2,0.208384,0.208384,0.2490,-0.04062,1,2,0.0260,1,1,-0.15264,+0.52244,0.07876,274.04,-0.10823,-0.07082,+0.18704,+0.54570,0.12261,1.0000,1,0,1,0,0.0000,-0.18344,+0.00171,1.0000,+0.000,+6.201,0.7439,0,0.7439,1,2,+0.000,+4.613,+4.613,+0.01420,-16.201,+0.00000,+0.00,+0.00000,1,-0.19745,+0.01240,0.02095,+1.248,0,24.4,24.4
8.298910,2,2,0.207548,0.207548,0.2490,-0.04145,1,2,0.0260,1,1,-0.15524,+0.51348,0.08070,272.43,-0.11431,-0.07644,+0.18932,+0.54154,0.11719,1.0000,1,0,1,0,0.0000,-0.18551,+0.00360,1.0000,+0.000,+6.549,0.7770,0,0.7770,1,2,+0.000,+5.089,+5.089,+0.01505,-16.203,-0.00001,+0.00,+0.00000,1,-0.19943,+0.01631,0.02087,+1.502,0,24.4,24.4
8.332292,2,2,0.207528,0.207528,0.2490,-0.04147,1,2,0.0260,1,1,-0.15553,+0.50494,0.08203,270.89,-0.12020,-0.08270,+0.18751,+0.53630,0.11216,1.0000,1,0,1,0,0.0000,-0.18779,+0.00509,1.0000,+0.000,+6.887,0.8089,0,0.8089,1,2,+0.000,+5.571,+5.571,+0.01613,-16.204,-0.00001,+0.00,+0.00000,1,-0.20144,+0.01405,0.02087,+1.726,0,24.4,24.4
8.361557,2,2,0.208333,0.208333,0.2490,-0.04067,1,2,0.0260,1,1,-0.15494,+0.49581,0.08240,269.25,-0.12464,-0.08805,+0.18292,+0.53114,0.10836,1.0000,1,0,1,0,0.0000,-0.18940,+0.00590,1.0000,+0.000,+7.141,0.8333,0,0.8333,1,2,+0.000,+5.951,+5.951,+0.01675,-16.275,+0.00001,+0.00,+0.00000,1,-0.20039,+0.01142,0.02073,+1.956,0,24.4,24.4
8.391045,2,2,0.209819,0.209819,0.2490,-0.03918,1,2,0.0260,1,1,-0.15435,+0.48641,0.08315,267.55,-0.12846,-0.09325,+0.17605,+0.52539,0.10512,1.0000,1,0,1,0,0.0000,-0.19129,+0.00740,1.0000,+0.000,+7.360,0.8547,0,0.8547,1,2,+0.000,+6.291,+6.291,+0.01754,-16.343,-0.00002,+0.00,+0.00000,1,-0.20414,+0.01755,0.02137,+2.106,0,24.4,24.4
8.419170,2,2,0.211794,0.211794,0.2490,-0.03721,1,2,0.0260,1,1,-0.15313,+0.47689,0.08352,265.84,-0.13150,-0.09796,+0.16768,+0.51941,0.10246,1.0000,1,0,1,0,0.0000,-0.19301,+0.00824,1.0000,+0.000,+7.534,0.8726,0,0.8726,1,2,+0.000,+6.575,+6.575,+0.01748,-16.346,-0.00002,+0.00,+0.00000,1,-0.20523,+0.01425,0.02175,+2.394,0,24.4,24.4
8.445081,2,2,0.214294,0.214294,0.2490,-0.03471,1,2,0.0260,1,1,-0.15279,+0.46597,0.08278,263.87,-0.13394,-0.10209,+0.15925,+0.51328,0.10020,1.0000,1,0,1,0,0.0000,-0.19435,+0.00865,1.0000,+0.000,+7.674,0.8872,0,0.8872,1,2,+0.000,+6.809,+6.809,+0.01725,-16.349,+0.00001,+0.00,+0.00000,1,-0.20468,+0.01183,0.02238,+2.675,0,24.4,24.4
8.476053,2,2,0.217569,0.217569,0.2490,-0.03143,1,2,0.0260,1,1,-0.15039,+0.45546,0.08278,261.98,-0.13615,-0.10666,+0.00000,+0.50553,0.09786,1.0000,1,0,1,0,0.0000,-0.19569,+0.00882,1.0000,+0.000,+0.000,0.9024,0,0.9024,0,2,+0.000,+0.000,+0.000,+0.00000,-16.652,-0.00003,+0.00,+0.00000,1,-0.20435,+0.00989,0.02412,+2.812,0,24.4,24.4
8.503107,2,2,0.220893,0.220893,0.2490,-0.02811,1,2,0.0260,1,1,-0.14931,+0.44419,0.08165,259.95,-0.13771,-0.11036,+0.00000,+0.49822,0.09593,1.0000,1,0,1,0,0.0000,-0.19653,+0.00859,1.0000,+0.000,+0.000,0.9140,0,0.9140,0,2,+0.000,+0.000,+0.000,+0.00000,-16.854,-0.00008,+0.00,+0.00000,1,-0.20271,+0.00689,0.02515,+2.916,0,24.4,24.4
8.531013,2,2,0.222889,0.222889,0.2490,-0.02611,1,2,0.0260,1,1,-0.14931,+0.44419,0.08165,259.95,-0.13913,-0.11388,+0.00000,+0.49160,0.09418,1.0000,1,0,1,0,0.0000,-0.19728,+0.00838,1.0000,+0.000,+0.000,0.9245,0,0.9245,0,2,+0.000,+0.000,+0.000,+0.00000,-17.034,+0.00002,+0.00,+0.00000,1,-0.20271,+0.00689,0.02515,+2.939,0,24.4,24.4
8.562601,2,2,0.225441,0.225441,0.2490,-0.02356,1,2,0.0260,1,1,-0.14738,+0.43412,0.08370,258.14,-0.14026,-0.11748,+0.00000,+0.48376,0.09275,1.0000,1,0,1,0,0.0000,-0.19796,+0.00846,1.0000,+0.000,+0.000,0.9348,0,0.9348,0,2,+0.000,+0.000,+0.000,+0.00000,-17.242,+0.00022,+0.00,+0.00000,1,-0.20224,+0.00895,0.02578,+2.694,0,24.4,24.4
8.591457,2,2,0.227406,0.227406,0.2490,-0.02159,1,2,0.0260,1,1,-0.14590,+0.42833,0.08480,257.10,-0.14097,-0.12044,+0.00000,+0.47677,0.09175,1.0000,1,0,1,0,0.0000,-0.19862,+0.00850,1.0000,+0.000,+0.000,0.9430,0,0.9430,0,2,+0.000,+0.000,+0.000,+0.00000,-17.380,-0.00013,+0.00,+0.00000,1,-0.20322,+0.00875,0.02638,+2.534,0,24.4,24.4
8.621208,2,2,0.229349,0.229349,0.2490,-0.01965,1,2,0.0260,1,1,-0.14696,+0.42093,0.08767,255.77,-0.14175,-0.12320,+0.00000,+0.46954,0.09122,1.0000,1,0,1,0,0.0000,-0.19922,+0.00813,1.0000,+0.000,+0.000,0.9504,0,0.9504,0,2,+0.000,+0.000,+0.000,+0.00000,-17.482,-0.00005,+0.00,+0.00000,1,-0.20323,+0.00567,0.02813,+2.295,0,24.4,24.4
8.649991,2,2,0.231032,0.231032,0.2490,-0.01797,1,2,0.0260,1,1,-0.14644,+0.41458,0.08837,254.62,-0.14234,-0.12561,+0.00000,+0.46263,0.09086,1.0000,1,0,1,0,0.0000,-0.19963,+0.00786,1.0000,+0.000,+0.000,0.9567,0,0.9567,0,2,+0.000,+0.000,+0.000,+0.00000,-17.606,+0.00011,+0.00,+0.00000,1,-0.20248,+0.00600,0.03053,+2.053,0,24.4,24.4
8.681139,2,2,0.233385,0.233385,0.2490,-0.01562,1,2,0.0260,1,1,-0.14531,+0.40342,0.08906,252.61,-0.14274,-0.12791,+0.00000,+0.45465,0.09062,1.0000,1,0,1,0,0.0000,-0.19995,+0.00750,1.0000,+0.000,+0.000,0.9625,0,0.9625,0,2,+0.000,+0.000,+0.000,+0.00000,-17.689,-0.00017,+0.00,+0.00000,1,-0.20200,+0.00514,0.03459,+1.907,0,24.4,24.4
8.709799,2,2,0.236000,0.236000,0.2490,-0.01300,1,2,0.0260,1,1,-0.14305,+0.39242,0.08924,250.64,-0.14278,-0.12978,+0.00000,+0.44685,0.09045,1.0000,1,0,1,0,0.0000,-0.20014,+0.00666,1.0000,+0.000,+0.000,0.9672,0,0.9672,0,2,+0.000,+0.000,+0.000,+0.00000,-17.777,-0.00025,+0.00,+0.00000,1,-0.20150,+0.00080,0.03819,+1.718,0,24.4,24.4
8.741908,2,2,0.239106,0.239106,0.2490,-0.00989,1,2,0.0260,1,1,-0.14219,+0.38141,0.08906,248.65,-0.14270,-0.13156,+0.00000,+0.43779,0.09026,1.0000,1,0,1,0,0.0000,-0.20013,+0.00491,1.0000,+0.000,+0.000,0.9717,0,0.9717,0,2,+0.000,+0.000,+0.000,+0.00000,-17.841,-0.00007,+0.00,+0.00000,1,-0.20005,-0.00601,0.03856,+1.504,0,24.4,24.4
8.772525,2,2,0.240433,0.240433,0.2490,-0.00857,1,2,0.0260,1,1,-0.14219,+0.38141,0.08906,248.65,-0.14263,-0.13303,+0.00000,+0.43031,0.09010,1.0000,1,0,1,0,0.0000,-0.20012,+0.00346,1.0000,+0.000,+0.000,0.9755,0,0.9755,0,2,+0.000,+0.000,+0.000,+0.00000,-17.877,+0.00017,+0.00,+0.00000,1,-0.20005,-0.00601,0.03856,+1.351,0,24.4,24.4
8.803885,2,2,0.242051,0.242051,0.2490,-0.00695,1,2,0.0260,1,1,-0.13969,+0.37209,0.08992,246.98,-0.14223,-0.13428,+0.00000,+0.42242,0.09007,1.0000,1,0,1,0,0.0000,-0.20046,+0.00152,1.0000,+0.000,+0.000,0.9788,0,0.9788,0,2,+0.000,+0.000,+0.000,+0.00000,-17.904,+0.00007,+0.00,+0.00000,1,-0.20263,-0.01082,0.03921,+1.161,0,24.4,24.4
8.833224,2,2,0.244290,0.244290,0.2490,-0.00471,1,2,0.0260,1,1,-0.13915,+0.35991,0.09179,244.78,-0.14184,-0.13525,+0.00000,+0.41442,0.09029,1.0000,1,0,1,0,0.0000,-0.20068,+0.00007,1.0000,+0.000,+0.000,0.9815,0,0.9815,0,2,+0.000,+0.000,+0.000,+0.00000,-17.910,+0.00014,+0.00,+0.00000,1,-0.20214,-0.00980,0.04018,+0.985,0,24.4,24.4
8.862296,2,2,0.246614,0.246614,0.2490,-0.00239,1,2,0.0260,1,1,-0.13879,+0.35056,0.09230,243.10,-0.14145,-0.13603,+0.00000,+0.40632,0.09055,1.0000,1,0,1,0,0.0000,-0.20054,-0.00197,1.0000,+0.000,+0.000,0.9839,0,0.9839,0,2,+0.000,+0.000,+0.000,+0.00000,-17.904,+0.00066,+0.00,+0.00000,1,-0.19964,-0.01604,0.04073,+0.847,0,24.4,24.4
8.892131,2,2,0.249409,0.249409,0.2490,+0.00041,1,2,0.0260,1,1,-0.13520,+0.33887,0.09213,241.00,-0.14064,-0.13663,+0.00000,+0.39756,0.09075,1.0000,1,0,1,0,0.0000,-0.19983,-0.00371,1.0000,+0.000,+0.000,0.9860,0,0.9860,0,2,+0.000,+0.000,+0.000,+0.00000,-17.890,-0.00011,+0.00,+0.00000,1,-0.19504,-0.01534,0.04780,+0.736,0,24.4,24.4
8.922854,2,2,0.251988,0.251988,0.2490,+0.00299,1,2,0.0260,1,1,-0.13458,+0.33051,0.09346,239.49,-0.13983,-0.13706,+0.00000,+0.38863,0.09111,1.0000,1,0,1,0,0.0000,-0.19878,-0.00549,1.0000,+0.000,+0.000,0.9878,0,0.9878,0,2,+0.000,+0.000,+0.000,+0.00000,-17.856,+0.00020,+0.00,+0.00000,1,-0.19198,-0.01706,0.05103,+0.623,0,24.4,24.4
8.951943,2,2,0.254983,0.254983,0.2490,+0.00598,1,2,0.0260,1,1,-0.13381,+0.31770,0.09461,237.19,-0.13907,-0.13731,+0.00000,+0.37963,0.09156,1.0000,1,0,1,0,0.0000,-0.19675,-0.00827,1.0000,+0.000,+0.000,0.9894,0,0.9894,0,2,+0.000,+0.000,+0.000,+0.00000,-17.821,-0.00062,+0.00,+0.00000,1,-0.18275,-0.02738,0.05140,+0.537,0,24.4,24.4
8.983399,2,2,0.258193,0.258193,0.2490,+0.00919,1,2,0.0260,1,1,-0.13331,+0.30678,0.09623,235.22,-0.13829,-0.13745,+0.00000,+0.36973,0.09219,1.0000,1,0,1,0,0.0000,-0.19351,-0.01213,1.0000,+0.000,+0.000,0.9908,0,0.9908,0,2,+0.000,+0.000,+0.000,+0.00000,-17.765,-0.00046,+0.00,+0.00000,1,-0.17295,-0.03674,0.05207,+0.394,0,24.4,24.4
9.012178,2,2,0.261301,0.261301,0.2490,+0.01230,1,2,0.0260,1,1,-0.13031,+0.29544,0.09623,233.18,-0.13728,-0.13743,+0.00000,+0.36038,0.09270,1.0000,1,0,1,0,0.0000,-0.19039,-0.01557,1.0000,+0.000,+0.000,0.9920,0,0.9920,0,2,+0.000,+0.000,+0.000,+0.00000,-17.708,+0.00089,+0.00,+0.00000,1,-0.16867,-0.03944,0.05199,+0.299,0,24.4,24.4
9.041107,2,2,0.263967,0.263967,0.2490,+0.01497,1,2,0.0260,1,1,-0.12695,+0.28765,0.09702,231.78,-0.13598,-0.13724,+0.00000,+0.35119,0.09325,1.0000,1,0,1,0,0.0000,-0.18610,-0.02010,1.0000,+0.000,+0.000,0.9930,0,0.9930,0,2,+0.000,+0.000,+0.000,+0.00000,-17.641,+0.00014,+0.00,+0.00000,1,-0.15648,-0.05141,0.05105,+0.208,0,24.4,24.4
9.070582,2,2,0.266209,0.266209,0.2490,+0.01721,1,2,0.0260,1,1,-0.12249,+0.28027,0.09526,230.45,-0.13425,-0.13686,+0.00000,+0.34208,0.09350,1.0000,1,0,1,0,0.0000,-0.18059,-0.02544,1.0000,+0.000,+0.000,0.9939,0,0.9939,0,2,+0.000,+0.000,+0.000,+0.00000,-17.537,-0.00027,+0.00,+0.00000,1,-0.14319,-0.06165,0.04969,+0.089,0,24.4,24.4
9.101186,2,2,0.266866,0.266866,0.2490,+0.01787,1,2,0.0260,1,1,-0.12249,+0.28027,0.09526,230.45,-0.13269,-0.13630,+0.00000,+0.33388,0.09374,1.0000,1,0,1,0,0.0000,-0.17563,-0.03024,1.0000,+0.000,+0.000,0.9947,0,0.9947,0,2,+0.000,+0.000,+0.000,+0.00000,-17.442,+0.00034,+0.00,+0.00000,1,-0.14319,-0.06165,0.04969,+0.017,0,24.4,24.4
9.129810,2,2,0.267827,0.267827,0.2490,+0.01883,1,2,0.0260,1,1,-0.11924,+0.27089,0.09542,228.76,-0.13100,-0.13564,+0.00000,+0.32599,0.09395,1.0000,1,0,1,0,0.0000,-0.17039,-0.03525,1.0000,+0.000,+0.000,0.9954,0,0.9954,0,2,+0.000,+0.000,+0.000,+0.00000,-17.310,+0.00056,+0.00,+0.00000,1,-0.13382,-0.07024,0.04877,-0.093,0,24.4,24.4
9.159210,2,2,0.269027,0.269027,0.2490,+0.02003,1,2,0.0260,1,1,-0.11654,+0.26170,0.09623,227.11,-0.12915,-0.13481,+0.00000,+0.31775,0.09424,1.0000,1,0,1,0,0.0000,-0.16395,-0.04135,1.0000,+0.000,+0.000,0.9960,0,0.9960,0,2,+0.000,+0.000,+0.000,+0.00000,-17.215,-0.00074,+0.00,+0.00000,1,-0.12015,-0.08287,0.04732,-0.190,0,33.9,33.9
9.188016,2,2,0.270922,0.270922,0.2490,+0.02192,1,2,0.0260,1,1,-0.11460,+0.24916,0.09686,224.85,-0.12732,-0.13386,+0.00000,+0.30912,0.09457,1.0000,1,0,1,0,0.0000,-0.15677,-0.04773,1.0000,+0.000,+0.000,0.9965,0,0.9965,0,2,+0.000,+0.000,+0.000,+0.00000,-17.089,+0.00006,+0.00,+0.00000,1,-0.10689,-0.09200,0.04607,-0.312,0,33.9,33.9
9.217878,2,2,0.273520,0.273520,0.2490,+0.02452,1,2,0.0260,1,1,-0.10978,+0.23588,0.09782,222.46,-0.12504,-0.13272,+0.00000,+0.29960,0.09499,1.0000,1,0,1,0,0.0000,-0.14834,-0.05506,1.0000,+0.000,+0.000,0.9969,0,0.9969,0,2,+0.000,+0.000,+0.000,+0.00000,-16.989,-0.00032,+0.00,+0.00000,1,-0.09187,-0.10418,0.04503,-0.385,0,33.9,33.9
9.246664,2,2,0.276045,0.276045,0.2490,+0.02704,1,2,0.0260,1,1,-0.10639,+0.22574,0.09718,220.63,-0.12269,-0.13146,+0.00000,+0.29031,0.09527,1.0000,1,0,1,0,0.0000,-0.13985,-0.06240,1.0000,+0.000,+0.000,0.9973,0,0.9973,0,2,+0.000,+0.000,+0.000,+0.00000,-16.888,-0.00010,+0.00,+0.00000,1,-0.08085,-0.11334,0.04407,-0.454,0,33.9,33.9
9.276940,2,2,0.276956,0.276956,0.2490,+0.02796,1,2,0.0260,1,1,-0.10639,+0.22574,0.09718,220.63,-0.12055,-0.13002,+0.00000,+0.28182,0.09552,1.0000,1,0,1,0,0.0000,-0.13209,-0.06909,1.0000,+0.000,+0.000,0.9977,0,0.9977,0,2,+0.000,+0.000,+0.000,+0.00000,-16.821,+0.00124,+0.00,+0.00000,1,-0.08085,-0.11334,0.04407,-0.508,0,33.9,33.9
9.307122,2,2,0.280704,0.280704,0.2490,+0.03170,1,2,0.0260,1,1,-0.09496,+0.20026,0.09623,216.05,-0.11719,-0.12834,+0.00000,+0.27113,0.09561,1.0000,1,0,1,0,0.0000,-0.11945,-0.08001,1.0000,+0.000,+0.000,0.9980,0,0.9980,0,2,+0.000,+0.000,+0.000,+0.00000,-16.762,-0.00071,+0.00,+0.00000,1,-0.03566,-0.15236,0.04164,-0.583,0,33.9,33.9
9.338073,2,2,0.284793,0.284793,0.2490,+0.03579,1,2,0.0260,1,1,-0.09272,+0.18614,0.09670,213.50,-0.11391,-0.12641,+0.00000,+0.25974,0.09576,1.0000,1,0,1,0,0.0000,-0.10743,-0.09009,1.0000,+0.000,+0.000,0.9982,0,0.9982,0,2,+0.000,+0.000,+0.000,+0.00000,-16.762,-0.00015,+0.00,+0.00000,1,-0.02975,-0.15521,0.04109,-0.582,0,33.9,33.9
9.365767,2,2,0.286646,0.286646,0.2490,+0.03765,1,2,0.0260,1,1,-0.09272,+0.18614,0.09670,213.50,-0.11134,-0.12457,+0.00000,+0.25078,0.09587,1.0000,1,0,1,0,0.0000,-0.09798,-0.09801,1.0000,+0.000,+0.000,0.9985,0,0.9985,0,2,+0.000,+0.000,+0.000,+0.00000,-16.731,-0.00016,+0.00,+0.00000,1,-0.02975,-0.15521,0.04109,-0.632,0,33.9,33.9
9.398598,2,2,0.289117,0.289117,0.2490,+0.04012,1,2,0.0260,1,1,-0.08988,+0.17354,0.09860,211.24,-0.10831,-0.12228,+0.00000,+0.23989,0.09626,1.0000,1,0,1,0,0.0000,-0.08708,-0.10659,1.0000,+0.000,+0.000,0.9987,0,0.9987,0,2,+0.000,+0.000,+0.000,+0.00000,-16.732,+0.00001,+0.00,+0.00000,1,-0.02068,-0.15883,0.03998,-0.632,0,33.9,33.9
9.426346,2,2,0.292144,0.292144,0.2490,+0.04314,1,2,0.0260,1,1,-0.08919,+0.15772,0.10138,208.39,-0.10598,-0.12029,+0.00000,+0.22988,0.09688,1.0000,1,0,1,0,0.0000,-0.07736,-0.11415,1.0000,+0.000,+0.000,0.9988,0,0.9988,0,2,+0.000,+0.000,+0.000,+0.00000,-16.731,+0.00015,+0.00,+0.00000,1,-0.00731,-0.16865,0.03898,-0.631,0,33.9,33.9
9.455738,2,2,0.295481,0.295481,0.2490,+0.04648,1,2,0.0260,1,1,-0.08959,+0.14509,0.10526,206.12,-0.10388,-0.11819,+0.00000,+0.21902,0.09796,1.0000,1,0,0,0,0.0000,-0.07736,-0.11415,1.0000,+0.000,+0.000,0.9990,0,0.9990,0,2,+0.000,+0.000,+0.000,+0.00000,-16.732,-0.00068,+0.00,+0.00000,0,+0.00000,+0.00000,0.03890,-0.631,0,33.9,33.9
9.485586,2,2,0.299806,0.299806,0.2490,+0.05081,1,2,0.0260,1,1,-0.08852,+0.12698,0.10901,202.86,-0.10189,-0.11607,+0.00000,+0.20707,0.09939,1.0000,1,0,0,0,0.0000,-0.07736,-0.11415,1.0000,+0.000,+0.000,0.9991,0,0.9991,0,2,+0.000,+0.000,+0.000,+0.00000,-16.732,+0.00036,+0.00,+0.00000,0,+0.00000,+0.00000,0.03769,-0.631,0,33.9,33.9
9.514406,2,2,0.304802,0.304802,0.2490,+0.05580,1,2,0.0260,1,1,-0.08747,+0.10839,0.11331,199.51,-0.10007,-0.11406,-0.06994,+0.19464,0.10114,1.0000,1,0,0,0,0.0000,-0.07736,-0.11415,1.0000,+0.000,+5.734,0.9992,0,0.9992,1,2,+0.000,+5.729,+5.729,+0.02775,-16.731,+0.00020,+0.00,+0.00000,0,+0.00000,+0.00000,0.03681,-0.631,0,33.9,33.9
9.544893,2,2,0.310240,0.310240,0.2490,+0.06124,1,2,0.0260,1,1,-0.08523,+0.09176,0.11627,196.52,-0.09811,-0.11195,-0.06920,+0.18103,0.10314,1.0000,1,0,0,0,0.0000,-0.07736,-0.11415,1.0000,+0.000,+5.621,0.9993,0,0.9993,1,2,+0.000,+5.617,+5.617,+0.02726,-16.732,-0.00014,+0.00,+0.00000,0,+0.00000,+0.00000,0.03617,-0.630,0,33.9,33.9
9.573457,2,2,0.314321,0.314321,0.2490,+0.06532,1,2,0.0260,1,1,-0.08239,+0.08304,0.11759,194.95,-0.09614,-0.10997,-0.06915,+0.16878,0.10495,1.0000,1,0,0,0,0.0000,-0.07736,-0.11415,1.0000,+0.000,+5.509,0.9994,0,0.9994,1,2,+0.000,+5.505,+5.505,+0.02454,-16.731,+0.00007,+0.00,+0.00000,0,+0.00000,+0.00000,0.03584,-0.376,0,33.9,33.9
9.604573,2,2,0.316226,0.316226,0.2490,+0.06723,1,2,0.0260,1,1,-0.08239,+0.08304,0.11759,194.95,-0.09429,-0.10786,-0.06785,+0.15724,0.10665,1.0000,1,0,0,0,0.0000,-0.07736,-0.11415,1.0000,+0.000,+5.403,0.9995,0,0.9995,1,2,+0.000,+5.400,+5.400,+0.02103,-16.730,-0.00002,+0.00,+0.00000,0,+0.00000,+0.00000,0.03584,+0.251,0,33.9,33.9
9.631729,2,2,0.319047,0.319047,0.2490,+0.07005,1,2,0.0260,1,1,-0.07581,+0.06523,0.12057,191.74,-0.09208,-0.10598,-0.06946,+0.14624,0.10832,1.0000,1,0,0,0,0.0000,-0.07736,-0.11415,1.0000,+0.000,+5.276,0.9996,0,0.9996,1,2,+0.000,+5.274,+5.274,+0.01894,-16.731,-0.00001,+0.00,+0.00000,0,+0.00000,+0.00000,0.03475,+0.679,0,33.9,33.9
9.660034,2,2,0.321854,0.321854,0.2490,+0.07285,1,2,0.0260,1,1,-0.06951,+0.05374,0.12222,189.67,-0.08928,-0.10391,-0.07311,+0.13477,0.11004,1.0000,1,0,0,0,0.0000,-0.07736,-0.11415,1.0000,+0.000,+5.116,0.9996,0,0.9996,1,2,+0.000,+5.114,+5.114,+0.01681,-16.733,-0.00000,+0.00,+0.00000,0,+0.00000,+0.00000,0.03364,+1.043,0,33.9,33.9
9.690265,2,2,0.325616,0.325616,0.2490,+0.07662,1,2,0.0260,1,1,-0.06296,+0.03599,0.12497,186.48,-0.08583,-0.10153,-0.07852,+0.12180,0.11200,1.0000,1,0,0,0,0.0000,-0.07736,-0.11415,1.0000,+0.000,+4.918,0.9997,0,0.9997,1,2,+0.000,+4.916,+4.916,+0.01413,-16.735,-0.00000,+0.00,+0.00000,0,+0.00000,+0.00000,0.03229,+1.470,0,33.9,33.9
9.720336,2,2,0.328610,0.328610,0.2490,+0.07961,1,2,0.0260,1,1,-0.05552,+0.02633,0.12656,184.74,-0.08187,-0.09896,-0.08548,+0.10932,0.11390,1.0000,1,0,1,0,0.0000,-0.06114,-0.11728,1.0000,+0.000,+4.691,0.9997,0,0.9997,1,2,+0.000,+4.689,+4.689,+0.01190,-16.737,-0.00000,+0.00,+0.00000,1,+0.04676,-0.13808,0.03142,+1.779,0,33.9,33.9
9.748708,2,2,0.331411,0.331411,0.2490,+0.08241,1,2,0.0260,1,1,-0.04662,+0.01397,0.12778,182.51,-0.07749,-0.09629,-0.09404,+0.09748,0.11563,1.0000,1,0,1,0,0.0000,-0.04714,-0.11885,1.0000,+0.000,+4.440,0.9997,0,0.9997,1,2,+0.000,+4.439,+4.439,+0.00962,-16.740,-0.00000,+0.00,+0.00000,1,+0.05151,-0.12997,0.02980,+2.073,0,33.9,33.9
9.783609,2,2,0.333859,0.333859,0.2490,+0.08486,1,2,0.0260,1,1,-0.04068,+0.00396,0.12922,180.71,-0.07202,-0.09269,-0.10335,+0.08358,0.11765,1.0000,1,0,1,0,0.0000,-0.03200,-0.11957,1.0000,+0.000,+4.126,0.9998,0,0.9998,1,2,+0.000,+4.125,+4.125,+0.00711,-16.743,-0.00000,+0.00,+0.00000,1,+0.05475,-0.12368,0.02817,+2.364,0,33.9,33.9
9.813933,2,2,0.335732,0.335732,0.2490,+0.08673,1,2,0.0260,1,1,-0.03034,-0.00672,0.12922,178.79,-0.06653,-0.08924,-0.11357,+0.07169,0.11917,1.0000,1,0,1,0,0.0000,-0.01959,-0.11954,1.0000,+0.000,+3.812,0.9998,0,0.9998,1,2,+0.000,+3.811,+3.811,+0.00476,-16.746,-0.00000,+0.00,+0.00000,1,+0.06227,-0.11933,0.02638,+2.610,0,33.9,33.9
9.843438,2,2,0.337829,0.337829,0.2490,+0.08883,1,2,0.0260,1,1,-0.02415,-0.01997,0.13287,176.41,-0.06108,-0.08562,-0.12271,+0.05991,0.12093,1.0000,1,0,1,0,0.0000,-0.00854,-0.11807,1.0000,+0.000,+3.500,0.9998,0,0.9998,1,2,+0.000,+3.499,+3.499,+0.00288,-16.748,-0.00000,+0.00,+0.00000,1,+0.06639,-0.10809,0.02429,+2.758,0,33.9,33.9
9.876196,2,2,0.339525,0.339525,0.2490,+0.09053,1,2,0.0260,1,1,-0.01773,-0.02960,0.13391,174.67,-0.05498,-0.08131,-0.13165,+0.04731,0.12276,1.0000,1,0,1,0,0.0000,+0.00263,-0.11608,1.0000,+0.000,+3.150,0.9999,0,0.9999,1,2,+0.000,+3.150,+3.150,+0.00092,-16.750,-0.00000,+0.00,+0.00000,1,+0.07081,-0.10392,0.02356,+2.886,0,33.9,33.9
9.904567,2,2,0.339328,0.339328,0.2490,+0.09033,1,2,0.0260,1,1,-0.01773,-0.02960,0.13391,174.67,-0.05035,-0.07746,-0.13556,+0.03776,0.12414,1.0000,1,0,1,0,0.0000,+0.01110,-0.11457,1.0000,+0.000,+2.885,0.9999,0,0.9999,1,2,+0.000,+2.885,+2.885,-0.00054,-16.751,-0.00000,+0.00,+0.00000,1,+0.07081,-0.10392,0.02356,+2.962,0,33.9,33.9
9.936331,2,2,0.339927,0.339927,0.2490,+0.09093,1,2,0.0260,1,1,-0.01064,-0.04357,0.13856,172.16,-0.04491,-0.07300,-0.14046,+0.02661,0.12612,1.0000,1,0,1,0,0.0000,+0.02006,-0.11207,1.0000,+0.000,+2.573,0.9999,0,0.9999,1,2,+0.000,+2.573,+2.573,-0.00186,-16.751,-0.00000,+0.00,+0.00000,1,+0.07644,-0.09632,0.02162,+2.990,0,33.9,33.9
9.968501,2,2,0.340000,0.340000,0.2490,+0.09428,1,2,0.0260,1,1,+0.00259,-0.06992,0.14551,167.41,-0.03833,-0.06820,-0.14935,+0.01323,0.12881,1.0000,1,0,1,0,0.0000,+0.02901,-0.10766,1.0000,+0.000,+2.196,0.9999,0,0.9999,1,2,+0.000,+2.196,+2.196,-0.00347,-16.751,-0.00000,+0.00,+0.00000,1,+0.08466,-0.08027,0.01537,+2.994,0,33.9,33.9
10.001127,2,2,0.340000,0.340000,0.2490,+0.09516,1,2,0.0260,1,1,+0.00259,-0.06992,0.14551,167.41,-0.03259,-0.06320,-0.15307,+0.00157,0.13115,1.0000,1,0,1,0,0.0000,+0.03681,-0.10382,1.0000,+0.000,+1.867,0.9999,0,0.9999,1,2,+0.000,+1.867,+1.867,-0.00480,-16.751,-0.00000,+0.00,+0.00000,1,+0.08466,-0.08027,0.01537,+2.980,0,33.9,33.9
10.028551,2,2,0.340000,0.340000,0.2490,+0.09669,1,2,0.0260,1,1,+0.01191,-0.08429,0.14979,164.83,-0.02722,-0.05887,-0.15821,-0.00878,0.13340,1.0000,1,0,0,0,0.0000,+0.03681,-0.10382,1.0000,+0.000,+1.560,0.9999,0,0.9999,1,2,+0.000,+1.560,+1.560,-0.00582,-16.750,-0.00000,+0.00,+0.00000,1,+0.08921,-0.06755,0.01290,+2.928,0,33.9,33.9
10.060785,2,2,0.340000,0.340000,0.2490,+0.09835,1,2,0.0260,1,1,+0.01822,-0.09550,0.15416,162.81,-0.02092,-0.05360,-0.16341,-0.02082,0.13628,1.0000,1,0,0,0,0.0000,+0.03681,-0.10382,1.0000,+0.000,+1.198,0.9999,0,0.9999,1,2,+0.000,+1.198,+1.198,-0.00699,-16.749,-0.00000,+0.00,+0.00000,1,+0.09331,+0.00000,0.01191,+2.851,0,33.9,33.9
10.095954,2,2,0.340000,0.340000,0.2490,+0.09996,1,2,0.0260,1,1,+0.02788,-0.10729,0.15704,160.69,-0.01362,-0.04762,-0.17000,-0.03375,0.13938,1.0000,1,0,0,0,0.0000,+0.03681,-0.10382,1.0000,+0.000,+0.780,0.9999,0,0.9999,1,2,+0.000,+0.780,+0.780,-0.00827,-16.748,-0.00000,+0.00,+0.00000,1,+0.09865,+0.00000,0.01241,+2.733,0,33.9,33.9
10.123422,2,2,0.340000,0.340000,0.2490,+0.10000,1,2,0.0260,1,1,+0.03506,-0.11485,0.15938,159.33,-0.00774,-0.04280,-0.17532,-0.04354,0.14180,1.0000,1,0,0,0,0.0000,+0.03681,-0.10382,1.0000,+0.000,+0.444,1.0000,0,1.0000,1,2,+0.000,+0.443,+0.443,-0.00921,-16.746,-0.00000,+0.00,+0.00000,1,+0.10275,+0.00000,0.01306,+2.627,0,33.9,33.9
10.154666,2,2,0.340000,0.340000,0.2490,+0.10000,1,2,0.0260,1,1,+0.04369,-0.12633,0.16396,157.26,-0.00079,-0.03713,-0.18168,-0.05473,0.14479,1.0000,1,0,0,0,0.0000,+0.03681,-0.10382,1.0000,+0.000,+0.045,1.0000,0,1.0000,1,2,+0.000,+0.045,+0.045,-0.01017,-16.744,-0.00000,+0.00,+0.00000,1,+0.10836,+0.00000,0.01447,+2.463,0,33.9,33.9
10.187907,2,2,0.340000,0.340000,0.2490,+0.10000,1,2,0.0260,1,1,+0.05459,-0.13597,0.16833,155.53,+0.00710,-0.03082,-0.18963,-0.06631,0.14815,1.0000,1,0,1,0,0.0000,+0.04789,-0.08902,1.0000,+0.000,-0.407,1.0000,0,1.0000,1,2,+0.000,-0.407,-0.407,-0.01126,-16.742,-0.00000,+0.00,+0.00000,1,+0.11451,+0.00000,0.01711,+2.272,0,33.1,33.1
10.221961,2,2,0.340000,0.340000,0.2490,+0.10000,1,2,0.0260,1,1,+0.06311,-0.14198,0.17096,154.44,+0.01525,-0.02412,-0.19685,-0.07732,0.15147,1.0000,1,0,1,0,0.0000,+0.05819,-0.07607,1.0000,+0.000,-0.874,1.0000,0,1.0000,1,2,+0.000,-0.874,-0.874,-0.01234,-16.740,-0.00000,+0.00,+0.00000,1,+0.11873,+0.00000,0.02812,+2.063,0,33.1,33.1
10.256389,2,2,0.340000,0.340000,0.2490,+0.10000,1,2,0.0260,1,1,+0.07462,-0.15227,0.17577,152.59,+0.02397,-0.01706,-0.20513,-0.08832,0.15503,1.0000,1,0,1,0,0.0000,+0.06780,-0.06490,1.0000,+0.000,-1.373,1.0000,0,1.0000,1,2,+0.000,-1.373,-1.373,-0.01342,-16.738,-0.00000,+0.00,+0.00000,1,+0.12363,+0.00000,0.03128,+1.824,0,33.1,33.1
10.290724,2,2,0.340000,0.340000,0.2490,+0.10000,1,2,0.0260,1,1,+0.08431,-0.15815,0.17838,151.53,+0.03281,-0.00975,-0.21280,-0.09856,0.15846,1.0000,1,0,1,0,0.0000,+0.07657,-0.05539,1.0000,+0.000,-1.880,1.0000,0,1.0000,1,2,+0.000,-1.880,-1.880,-0.01442,-16.735,-0.00000,+0.00,+0.00000,1,+0.12763,+0.00000,0.03154,+1.557,0,33.1,33.1
10.321293,2,2,0.340000,0.340000,0.2490,+0.10000,1,2,0.0260,1,1,+0.09385,-0.15907,0.17959,151.37,+0.04090,-0.00304,-0.21969,-0.10658,0.16126,1.0000,1,0,1,0,0.0000,+0.08407,-0.05416,1.0000,+0.000,-2.343,1.0000,0,1.0000,1,2,+0.000,-2.343,-2.343,-0.01541,-16.734,-0.00000,+0.00,+0.00000,1,+0.13316,-0.04615,0.03081,+1.331,0,33.1,33.1
10.352229,2,2,0.340000,0.340000,0.2490,+0.09845,1,2,0.0260,1,1,+0.09963,-0.15766,0.17933,151.62,+0.04877,+0.00390,-0.22432,-0.11342,0.16368,1.0000,1,0,1,0,0.0000,+0.09133,-0.04962,1.0000,+0.000,-2.794,1.0000,0,1.0000,1,2,+0.000,-2.794,-2.794,-0.01594,-16.732,-0.00000,+0.00,+0.00000,1,+0.13829,-0.02022,0.03263,+1.013,0,33.1,33.1
10.384716,2,2,0.340000,0.340000,0.2490,+0.09504,1,2,0.0260,1,1,+0.10700,-0.15868,0.17933,151.44,+0.05691,+0.01131,-0.22798,-0.11975,0.16587,1.0000,1,0,1,0,0.0000,+0.09848,-0.04277,1.0000,+0.000,-3.260,1.0000,0,1.0000,1,2,+0.000,-3.260,-3.260,-0.01669,-16.731,-0.00000,+0.00,+0.00000,1,+0.14244,-0.00060,0.03528,+0.730,0,33.1,33.1
10.417131,2,2,0.340000,0.340000,0.2490,+0.09305,1,2,0.0260,1,1,+0.12043,-0.16965,0.18451,149.46,+0.06577,+0.01891,-0.23430,-0.12671,0.16847,1.0000,1,0,1,0,0.0000,+0.10523,-0.03510,1.0000,+0.000,-3.768,1.0000,0,1.0000,1,2,+0.000,-3.768,-3.768,-0.01744,-16.730,-0.00000,+0.00,+0.00000,1,+0.14692,+0.01223,0.03839,+0.400,0,33.1,33.1
10.453053,2,2,0.340000,0.340000,0.2490,+0.09173,1,2,0.0260,1,1,+0.13455,-0.17925,0.19108,147.73,+0.07624,+0.02763,-0.24302,-0.13471,0.17191,1.0000,1,0,1,0,0.0000,+0.11258,-0.02639,1.0000,+0.000,-4.368,1.0000,0,1.0000,1,2,+0.000,-4.368,-4.368,-0.01836,-16.729,+0.00000,+0.00,+0.00000,1,+0.15348,+0.02212,0.04125,+0.020,0,33.1,33.1
10.490532,2,2,0.340000,0.340000,0.2490,+0.09105,1,2,0.0260,1,1,+0.15055,-0.18901,0.19822,145.98,+0.08797,+0.03716,-0.25405,-0.14328,0.17606,1.0000,1,0,1,0,0.0000,+0.11966,-0.01715,1.0000,+0.000,-5.040,1.0000,0,1.0000,1,2,+0.000,-5.040,-5.040,-0.01937,-16.729,-0.00000,+0.00,+0.00000,1,+0.15748,+0.03212,0.04276,-0.411,0,33.1,33.1
10.522911,2,2,0.340000,0.340000,0.2490,+0.09163,1,2,0.0260,1,1,+0.17055,-0.20177,0.20735,143.68,+0.09947,+0.04584,-0.26817,-0.15143,0.18042,1.0000,1,0,1,0,0.0000,+0.12560,-0.00776,1.0000,+0.000,-5.699,1.0000,0,1.0000,1,2,+0.000,-5.699,-5.699,-0.02043,-16.731,-0.00000,+0.00,+0.00000,1,+0.16229,+0.05023,0.04367,-0.817,0,33.1,33.1
10.561098,2,2,0.340000,0.340000,0.2490,+0.09197,1,2,0.0260,1,1,+0.18760,-0.20893,0.21495,142.39,+0.11360,+0.05670,-0.28450,-0.16065,0.18596,1.0000,1,0,1,0,0.0000,+0.13232,+0.00336,1.0000,+0.000,-6.509,1.0000,0,1.0000,1,2,+0.000,-6.509,-6.509,-0.02203,-16.733,-0.00000,+0.00,+0.00000,1,+0.16750,+0.06164,0.04111,-1.247,0,33.1,33.1
10.595901,2,2,0.340000,0.340000,0.2490,+0.09309,1,2,0.0260,1,1,+0.21329,-0.22089,0.22683,140.24,+0.12838,+0.06733,-0.30525,-0.16958,0.19202,1.0000,1,0,1,0,0.0000,+0.13842,+0.01513,1.0000,+0.000,-7.356,1.0000,0,1.0000,1,2,+0.000,-7.355,-7.355,-0.02357,-16.736,-0.00000,+0.00,+0.00000,1,+0.17348,+0.08278,0.03484,-1.732,0,33.1,33.1
10.635365,2,2,0.340000,0.340000,0.2490,+0.09340,1,2,0.0260,1,1,+0.23349,-0.22591,0.23439,139.34,+0.14570,+0.08024,-0.32728,-0.17886,0.19900,1.0000,1,0,1,0,0.0000,+0.14502,+0.02819,1.0000,+0.000,-8.348,1.0000,0,1.0000,1,2,+0.000,-8.348,-8.348,-0.02553,-16.741,-0.00000,+0.00,+0.00000,1,+0.17844,+0.09435,0.02607,-2.254,0,33.1,33.1
10.673364,2,2,0.340000,0.340000,0.2490,+0.09413,1,2,0.0260,1,1,+0.27556,-0.23617,0.25068,137.49,+0.16643,+0.09400,-0.36215,-0.18801,0.20725,1.0000,1,0,1,0,0.0000,+0.15170,+0.04299,1.0000,+0.000,-9.536,1.0000,0,1.0000,1,2,+0.000,-9.536,-9.536,-0.02786,-16.748,-0.00000,+0.00,+0.00000,1,+0.18686,+0.12090,0.01656,-2.891,0,33.1,33.1
10.716913,2,2,0.340000,0.340000,0.2490,+0.09496,1,2,0.0260,1,1,+0.30123,-0.24590,0.26070,135.74,+0.19054,+0.11127,-0.39635,-0.19836,0.21681,1.0000,1,0,0,0,0.0000,+0.15170,+0.04299,1.0000,+0.000,-10.917,1.0000,0,1.0000,1,2,+0.000,-10.917,-10.917,-0.03066,-16.759,-0.00000,+0.00,+0.00000,1,+0.19316,+0.11771,0.01431,-3.609,0,33.1,33.1
10.758563,2,2,0.340000,0.340000,0.2490,+0.09545,1,2,0.0260,1,1,+0.32974,-0.25366,0.27279,134.34,+0.21453,+0.12906,-0.42733,-0.20789,0.22646,1.0000,1,0,0,0,0.0000,+0.15170,+0.04299,1.0000,+0.000,-11.000,1.0000,0,1.0000,1,2,+0.000,-11.000,-11.000,-0.02761,-16.774,-0.00000,+0.00,+0.00000,1,+0.19947,+0.12660,0.01343,-4.364,0,33.1,33.1
10.797916,2,2,0.340000,0.340000,0.2490,+0.09541,1,2,0.0260,1,1,+0.35428,-0.25935,0.28126,133.32,+0.23751,+0.14689,-0.45307,-0.21635,0.23547,1.0000,1,0,0,0,0.0000,+0.15170,+0.04299,1.0000,+0.000,-11.000,1.0000,0,1.0000,1,2,+0.000,-11.000,-11.000,-0.02443,-16.789,+0.00000,+0.00,+0.00000,1,+0.20385,+0.13701,0.01263,-5.062,0,33.1,33.1
10.839561,2,2,0.340000,0.340000,0.2490,+0.09722,1,2,0.0260,1,1,+0.42192,-0.27604,0.30722,130.31,+0.26929,+0.16799,-0.50651,-0.22664,0.24783,1.0000,1,0,0,0,0.0000,+0.15170,+0.04299,1.0000,+0.000,-11.000,1.0000,0,1.0000,1,2,+0.000,-11.000,-11.000,-0.02123,-16.809,+0.00000,+0.00,+0.00000,1,+0.21733,+0.19063,0.00989,-5.837,0,33.1,33.1
10.882903,2,2,0.340000,0.340000,0.2490,+0.09876,1,2,0.0260,1,1,+0.45258,-0.28525,0.32020,128.66,+0.30193,+0.19184,-0.55045,-0.23708,0.26072,1.0000,1,0,0,0,0.0000,+0.15170,+0.04299,1.0000,+0.000,-11.000,0.8219,1,0.8219,1,2,+0.000,-9.041,-9.041,-0.00945,-16.832,-0.00000,+0.00,+0.00000,1,+0.22372,+0.22404,0.00939,-6.609,0,33.1,33.1
10.928166,2,2,0.340000,0.340000,0.2490,+0.09937,1,2,0.0260,1,1,+0.49697,-0.29144,0.33674,127.54,+0.33793,+0.21880,-0.59562,-0.24711,0.27475,1.0000,1,0,0,0,0.0000,+0.15170,+0.04299,1.0000,+0.000,-11.000,0.6702,1,0.6702,1,2,+0.000,-7.372,-7.372,+0.00048,-16.853,+0.00000,+0.00,+0.00000,1,+0.23195,+0.28583,0.00851,-7.253,0,33.1,33.1
10.977159,2,2,0.340000,0.340000,0.2490,+0.09875,1,2,0.0260,1,1,+0.54609,-0.29583,0.35538,126.75,+0.37889,+0.25030,-0.64292,-0.25670,0.29062,1.0000,1,0,0,0,0.0000,+0.15170,+0.04299,1.0000,+0.000,-11.000,0.5383,1,0.5383,1,2,+0.000,-5.922,-5.922,+0.00806,-16.869,-0.00000,+0.00,+0.00000,1,+0.24195,+0.31631,0.00796,-7.679,0,33.1,33.1
11.031247,2,2,0.340000,0.340000,0.2490,+0.09656,1,2,0.0260,1,1,+0.66573,-0.29811,0.39768,126.34,+0.43995,+0.29067,-0.74638,-0.26551,0.31341,1.0000,1,0,0,0,0.0000,+0.15170,+0.04299,1.0000,+0.000,-11.000,0.4237,1,0.4237,1,2,+0.000,-4.661,-4.661,+0.01376,-16.874,-0.00000,+0.00,+0.00000,1,+0.26456,+0.39770,0.00704,-7.824,0,33.1,33.1
11.088261,2,2,0.337471,0.337471,0.2490,+0.08847,1,2,0.0260,1,1,+0.71521,-0.28106,0.37581,129.41,+0.50101,+0.33733,-0.81838,-0.26896,0.32725,1.0000,1,0,0,0,0.0000,+0.14724,+0.04173,0.9706,+0.000,-11.000,0.3297,1,0.3297,1,2,+0.000,-3.627,-3.627,+0.01696,-16.866,+0.00000,+0.00,+0.00000,1,+0.29014,+0.45684,0.00747,-7.597,0,33.1,33.1
11.143223,2,2,0.328858,0.328858,0.2490,+0.07986,1,2,0.0260,1,1,+0.74839,-0.27377,0.36985,130.72,+0.55434,+0.38411,-0.85113,-0.27000,0.33643,1.0000,1,0,0,0,0.0000,+0.13192,+0.03739,0.8696,+0.000,-11.000,0.2587,1,0.2587,1,2,+0.000,-2.845,-2.845,+0.01829,-16.851,-0.00000,+0.00,+0.00000,1,+0.30405,+0.47861,0.00719,-7.185,0,33.1,33.1
11.201848,2,2,0.310204,0.310204,0.2490,+0.06120,1,2,0.0260,1,1,+0.86000,-0.22949,0.34708,138.69,+0.62362,+0.43840,-0.92610,-0.26082,0.33885,1.0000,1,0,0,0,0.0000,+0.11732,+0.03325,0.7734,+0.000,-11.000,0.2000,1,0.2000,1,2,+0.000,-2.200,-2.200,+0.01834,-16.830,-0.00000,+0.00,+0.00000,1,+0.33157,+0.44086,0.00595,-6.582,0,24.7,24.7
11.253795,2,2,0.296513,0.296513,0.2490,+0.04751,1,2,0.0260,1,1,+0.93060,-0.22009,0.27966,140.38,+0.68692,+0.48964,-0.98637,-0.25242,0.32664,1.0000,1,0,0,0,0.0000,+0.10574,+0.02997,0.6971,+0.000,-11.000,0.1588,1,0.1588,1,2,+0.000,-1.747,-1.747,+0.01773,-16.812,+0.00000,+0.00,+0.00000,1,+0.35115,+0.00000,0.00624,-6.004,0,24.7,24.7
11.295670,2,2,0.296513,0.296513,0.2490,+0.04751,1,2,0.0260,1,1,+0.27809,+0.56654,0.05300,281.98,+0.68692,+0.52380,-0.81561,-0.25242,0.32664,1.0000,0,1,0,0,0.0000,+0.09725,+0.02756,0.6411,+0.000,-11.000,0.1313,1,0.1313,1,2,+0.000,-1.444,-1.444,+0.01662,-16.808,+0.00000,+0.00,+0.00000,1,+0.57821,+0.00000,0.00726,-5.446,0,24.7,24.7
11.323351,2,2,0.296513,0.296513,0.2490,+0.04751,1,2,0.0260,1,1,+0.28342,+0.57661,0.05415,283.79,+0.68692,+0.54363,-0.71644,-0.25242,0.32664,1.0000,0,1,0,0,0.0000,+0.09201,+0.02608,0.6065,+0.000,-11.000,0.1153,1,0.1153,1,2,+0.000,-1.269,-1.269,+0.01606,-16.918,-0.00000,+0.00,+0.00000,1,+0.57982,+0.00000,0.00697,-5.137,0,24.7,24.7
11.348696,2,2,0.296513,0.296513,0.2490,+0.04751,1,2,0.0260,1,1,+0.28947,+0.59158,0.05415,286.48,+0.68692,+0.55974,-0.63587,-0.25242,0.32664,1.0000,0,1,0,0,0.0000,+0.08746,+0.02479,0.5766,+0.000,-11.000,0.1024,1,0.1024,1,2,+0.000,-1.126,-1.126,+0.01568,-17.065,-0.00000,+0.00,+0.00000,1,+0.57766,+0.00000,0.00683,-4.897,0,24.7,24.7
11.373599,2,2,0.296513,0.296513,0.2490,+0.04751,1,2,0.0260,1,1,+0.29541,+0.60102,0.05500,288.18,+0.68692,+0.57383,-0.56546,-0.25242,0.32664,1.0000,0,1,0,0,0.0000,+0.08321,+0.02358,0.5486,+0.000,-11.000,0.0910,1,0.0910,1,2,+0.000,-1.001,-1.001,+0.01512,-17.167,+0.00000,+0.00,+0.00000,1,+0.59811,+0.00000,0.00681,-4.637,0,24.7,24.7
11.399914,2,2,0.296513,0.296513,0.2490,+0.04751,1,2,0.0260,1,1,+0.29541,+0.60102,0.05500,288.18,+0.68692,+0.58698,-0.49971,-0.25242,0.32664,1.0000,0,1,0,0,0.0000,+0.07895,+0.02237,0.5204,+0.000,-11.000,0.0804,1,0.0804,1,2,+0.000,-0.885,-0.885,+0.01459,-17.231,+0.00000,+0.00,+0.00000,1,+0.59811,+0.00000,0.00681,-4.396,0,24.7,24.7
11.424738,2,2,0.296513,0.296513,0.2490,+0.04751,1,2,0.0260,1,1,+0.30134,+0.61599,0.05500,290.88,+0.68692,+0.59801,-0.44453,-0.25242,0.32664,1.0000,0,1,0,0,0.0000,+0.07512,+0.02129,0.4952,+0.000,-11.000,0.0716,1,0.0716,1,2,+0.000,-0.787,-0.787,+0.01409,-17.257,+0.00000,+0.00,+0.00000,1,+0.60559,+0.00000,0.00643,-4.178,0,24.7,24.7
11.450173,2,2,0.296513,0.296513,0.2490,+0.04751,1,2,0.0260,1,1,+0.30786,+0.62784,0.05472,293.01,+0.68692,+0.60804,-0.39438,-0.25242,0.32664,1.0000,0,1,0,0,0.0000,+0.07140,+0.02023,0.4707,+0.000,-11.000,0.0635,1,0.0635,1,2,+0.000,-0.698,-0.698,+0.01360,-17.264,+0.00000,+0.00,+0.00000,1,+0.62453,+0.00000,0.00667,-3.974,0,24.7,24.7
11.473736,2,2,0.296513,0.296513,0.2490,+0.04751,1,2,0.0260,1,1,+0.30786,+0.62784,0.05472,293.01,+0.68692,+0.61636,-0.35281,-0.25242,0.32664,1.0000,0,1,0,0,0.0000,+0.06811,+0.01930,0.4490,+0.000,-11.000,0.0568,1,0.0568,1,2,+0.000,-0.625,-0.625,+0.01334,-17.262,+0.00000,+0.00,+0.00000,1,+0.62453,+0.00000,0.00667,-3.837,0,24.7,24.7
11.497108,2,2,0.296513,0.296513,0.2490,+0.04751,1,2,0.0260,1,1,+0.31443,+0.63929,0.05472,295.07,+0.68692,+0.62374,-0.31590,-0.25242,0.32664,1.0000,0,1,0,0,0.0000,+0.06500,+0.01842,0.4285,+0.000,-11.000,0.0509,1,0.0509,1,2,+0.000,-0.559,-0.559,+0.01278,-17.253,+0.00000,+0.00,+0.00000,1,+0.62715,+0.00000,0.00615,-3.639,0,24.7,24.7
11.521956,2,2,0.281605,0.204000,0.2490,-0.04500,1,2,0.0260,1,1,+0.32012,+0.65356,0.05556,297.64,+0.64638,+0.62624,-0.10071,-0.15230,0.29669,1.0000,1,0,0,0,0.0000,+0.06185,+0.01753,0.4077,+0.000,-11.000,0.0452,1,0.0452,1,2,+0.000,-0.498,-0.498,+0.01228,-17.241,+0.00000,+0.00,+0.00000,1,+0.64846,+0.00000,0.00656,-3.457,0,24.7,24.7
11.546209,2,2,0.267053,0.204000,0.2490,-0.04500,1,2,0.0260,1,1,+0.32703,+0.66831,0.05774,300.30,+0.61184,+0.62468,+0.06420,-0.06355,0.27084,1.0000,1,0,0,0,0.0000,+0.05892,+0.01670,0.3884,+0.000,-11.000,0.0403,1,0.0403,1,2,+0.000,-0.444,-0.444,+0.01180,-17.224,-0.00000,+0.00,+0.00000,1,+0.66835,+0.00000,0.00601,-3.289,0,24.7,24.7
11.570761,2,2,0.252322,0.204000,0.2490,-0.04500,1,2,0.0260,1,1,+0.33310,+0.68292,0.05774,302.93,+0.58137,+0.61995,+0.19290,+0.01806,0.24754,1.0000,1,0,0,0,0.0000,+0.05610,+0.01590,0.3698,+0.000,-11.000,0.1453,0,0.1453,1,2,+0.000,-1.598,-1.598,+0.00631,-17.238,-0.00000,+0.00,+0.00000,1,+0.59656,+0.00000,0.00539,-3.182,0,24.7,24.7
11.596802,2,2,0.236697,0.204000,0.2490,-0.04500,1,2,0.0260,1,1,+0.33310,+0.68292,0.05774,302.93,+0.55277,+0.61221,+0.29721,+0.09466,0.22568,1.0000,1,0,0,0,0.0000,+0.05325,+0.01509,0.3510,+0.000,-11.000,0.2437,0,0.2437,1,2,+0.000,-2.681,-2.681,+0.00100,-17.325,-0.00000,+0.00,+0.00000,1,+0.59656,+0.00000,0.00539,-3.041,0,24.7,24.7
11.624025,2,2,0.220363,0.204000,0.2490,-0.04500,1,2,0.0260,1,1,+0.34103,+0.69794,0.05774,305.63,+0.52740,+0.60205,+0.37324,+0.16694,0.20555,1.0000,1,0,0,0,0.0000,+0.05043,+0.01429,0.3324,+0.000,-11.000,0.3343,0,0.3343,1,2,+0.000,-3.678,-3.678,-0.00359,-17.371,-0.00000,+0.00,+0.00000,0,+0.00000,+0.00000,0.00551,-2.940,0,24.7,24.7
11.646135,2,2,0.207097,0.204000,0.2490,-0.04500,1,2,0.0260,1,1,+0.34696,+0.71161,0.05853,308.09,+0.50944,+0.59283,+0.41696,+0.22116,0.19092,1.0000,1,0,0,0,0.0000,+0.04825,+0.01367,0.3181,+0.000,-11.000,0.4006,0,0.4006,1,2,+0.000,-4.407,-4.407,-0.00697,-17.370,+0.00000,+0.00,+0.00000,0,+0.00000,+0.00000,0.00498,-2.844,0,24.7,24.7
11.670023,2,2,0.204000,0.204000,0.2490,-0.04500,1,2,0.0260,1,1,+0.34696,+0.71161,0.05853,308.09,+0.49210,+0.58208,+0.44990,+0.27349,0.17679,1.0000,1,0,0,0,0.0000,+0.04600,+0.01304,0.3032,+0.000,-11.000,0.4646,0,0.4646,1,2,+0.000,-5.110,-5.110,-0.00983,-17.370,+0.00000,+0.00,+0.00000,0,+0.00000,+0.00000,0.00498,-2.841,0,24.7,24.7
11.696976,2,2,0.204000,0.204000,0.2490,-0.04500,1,2,0.0260,1,1,+0.35321,+0.72192,0.05853,309.95,+0.47561,+0.56944,+0.46915,+0.32674,0.16275,1.0000,1,0,0,0,0.0000,+0.04358,+0.01235,0.2873,+0.000,-11.000,0.5281,0,0.5281,1,2,+0.000,-5.810,-5.810,-0.01243,-17.371,+0.00000,+0.00,+0.00000,0,+0.00000,+0.00000,0.00500,-2.905,0,24.7,24.7
11.722777,2,2,0.204000,0.204000,0.2490,-0.04500,1,2,0.0260,1,1,+0.36050,+0.73539,0.06060,312.37,+0.46245,+0.55721,+0.47379,+0.37344,0.15108,1.0000,1,0,0,0,0.0000,+0.04139,+0.01173,0.2729,+0.000,-11.000,0.5821,0,0.5821,1,2,+0.000,-6.403,-6.403,-0.01429,-17.373,-0.00000,+0.00,+0.00000,0,+0.00000,+0.00000,0.00460,-3.033,0,24.7,24.7
11.748783,2,2,0.204000,0.204000,0.2490,-0.04500,1,2,0.0260,1,1,+0.36829,+0.74610,0.06111,314.30,+0.45162,+0.54506,+0.46722,+0.41632,0.14073,1.0000,1,0,0,0,0.0000,+0.03929,+0.01114,0.2590,+0.000,-11.000,0.6302,0,0.6302,1,2,+0.000,-6.932,-6.932,-0.01575,-17.375,-0.00000,+0.00,+0.00000,0,+0.00000,+0.00000,0.00463,-3.205,0,24.7,24.7
11.772706,2,2,0.204000,0.204000,0.2490,-0.04500,1,2,0.0260,1,1,+0.37340,+0.75005,0.06111,315.01,+0.44326,+0.53419,+0.45462,+0.45197,0.13222,1.0000,1,0,0,0,0.0000,+0.03746,+0.01062,0.2469,+0.000,-11.000,0.6697,0,0.6697,1,2,+0.000,-7.366,-7.366,-0.01668,-17.378,-0.00000,+0.00,+0.00000,0,+0.00000,+0.00000,0.00454,-3.402,0,24.7,24.7
11.797975,2,2,0.204000,0.204000,0.2490,-0.04500,1,2,0.0260,1,1,+0.37340,+0.75005,0.06111,315.01,+0.43543,+0.52311,+0.43841,+0.48541,0.12424,1.0000,1,0,0,0,0.0000,+0.03561,+0.01009,0.2348,+0.000,-11.000,0.7067,0,0.7067,1,2,+0.000,-7.774,-7.774,-0.01734,-17.383,+0.00000,+0.00,+0.00000,0,+0.00000,+0.00000,0.00454,-3.641,0,24.7,24.7
11.825958,2,2,0.204000,0.204000,0.2490,-0.04500,1,2,0.0260,1,1,+0.38194,+0.75776,0.06236,316.40,+0.42886,+0.51154,+0.41339,+0.51884,0.11665,1.0000,1,0,0,0,0.0000,+0.03367,+0.00954,0.2220,+0.000,-11.000,0.7427,0,0.7427,1,2,+0.000,-8.170,-8.170,-0.01795,-17.387,-0.00000,+0.00,+0.00000,0,+0.00000,+0.00000,0.00400,-3.890,0,24.7,24.7
11.847644,2,2,0.204000,0.204000,0.2490,-0.04500,1,2,0.0260,1,1,+0.39016,+0.76176,0.06310,317.12,+0.42508,+0.50308,+0.39003,+0.54260,0.11141,1.0000,1,0,0,0,0.0000,+0.03224,+0.00914,0.2126,+0.000,-11.000,0.7679,0,0.7679,1,2,+0.000,-8.447,-8.447,-0.01795,-17.393,+0.00000,+0.00,+0.00000,0,+0.00000,+0.00000,0.00384,-4.156,0,24.7,24.7
11.871126,2,2,0.204000,0.204000,0.2490,-0.04500,1,2,0.0260,1,1,+0.39604,+0.76641,0.06285,317.95,+0.42203,+0.49456,+0.36270,+0.56612,0.10631,1.0000,1,0,0,0,0.0000,+0.03076,+0.00872,0.2028,+0.000,-11.000,0.7923,0,0.7923,1,2,+0.000,-8.715,-8.715,-0.01828,-17.397,+0.00000,+0.00,+0.00000,0,+0.00000,+0.00000,0.00338,-4.345,0,24.7,24.7
11.896202,2,2,0.204000,0.204000,0.2490,-0.04500,1,2,0.0260,1,1,+0.39604,+0.76641,0.06285,317.95,+0.41913,+0.48616,+0.33515,+0.58843,0.10147,1.0000,1,0,0,0,0.0000,+0.02926,+0.00829,0.1929,+0.000,-11.000,0.8154,0,0.8154,1,2,+0.000,-8.970,-8.970,-0.01816,-17.403,-0.00000,+0.00,+0.00000,0,+0.00000,+0.00000,0.00338,-4.621,0,24.7,24.7
11.918864,2,2,0.204000,0.204000,0.2490,-0.04500,1,2,0.0260,1,1,+0.40415,+0.77506,0.06359,319.51,+0.41761,+0.47918,+0.00000,+0.60743,0.09761,1.0000,1,0,0,0,0.0000,+0.02796,+0.00792,0.1843,+0.000,+0.000,0.8342,0,0.8342,0,2,+0.000,+0.000,+0.000,+0.00000,-17.409,+0.00000,+0.00,+0.00000,0,+0.00000,+0.00000,0.00296,-4.910,0,24.7,24.7
11.943241,2,2,0.204000,0.204000,0.2490,-0.04500,1,2,0.0260,1,1,+0.41086,+0.77786,0.06503,320.01,+0.41687,+0.47241,+0.00000,+0.62594,0.09407,1.0000,1,0,0,0,0.0000,+0.02663,+0.00755,0.1756,+0.000,+0.000,0.8522,0,0.8522,0,2,+0.000,+0.000,+0.000,+0.00000,-17.417,-0.00000,+0.00,+0.00000,0,+0.00000,+0.00000,0.00261,-5.214,0,24.7,24.7
11.967505,2,2,0.204000,0.204000,0.2490,-0.04500,1,2,0.0260,1,1,+0.41086,+0.77786,0.06503,320.01,+0.41622,+0.46633,+0.00000,+0.64238,0.09093,1.0000,1,0,0,0,0.0000,+0.02537,+0.00719,0.1672,+0.000,+0.000,0.8682,0,0.8682,0,2,+0.000,+0.000,+0.000,+0.00000,-17.423,-0.00000,+0.00,+0.00000,0,+0.00000,+0.00000,0.00261,-5.426,0,24.7,24.7
11.995077,2,2,0.204000,0.204000,0.2490,-0.04500,1,2,0.0260,1,1,+0.42130,+0.78000,0.06455,320.40,+0.41684,+0.46034,+0.00000,+0.65905,0.08773,1.0000,1,0,0,0,0.0000,+0.02401,+0.00680,0.1583,+0.000,+0.000,0.8842,0,0.8842,0,2,+0.000,+0.000,+0.000,+0.00000,-17.423,+0.00000,+0.00,+0.00000,0,+0.00000,+0.00000,0.00216,-5.434,0,24.7,24.7
12.017673,2,2,0.204000,0.204000,0.2490,-0.04500,1,2,0.0260,1,1,+0.42833,+0.78929,0.06550,322.07,+0.41800,+0.45604,+0.00000,+0.67227,0.08548,1.0000,1,0,0,0,0.0000,+0.02295,+0.00650,0.1513,+0.000,+0.000,0.8959,0,0.8959,0,2,+0.000,+0.000,+0.000,+0.00000,-17.422,-0.00000,+0.00,+0.00000,0,+0.00000,+0.00000,0.00200,-5.413,0,24.7,24.7
12.043443,2,2,0.204000,0.204000,0.2490,-0.04500,1,2,0.0260,1,1,+0.43668,+0.79946,0.06667,323.90,+0.42013,+0.45194,+0.00000,+0.68679,0.08333,1.0000,1,0,0,0,0.0000,+0.02180,+0.00618,0.1437,+0.000,+0.000,0.9078,0,0.9078,0,2,+0.000,+0.000,+0.000,+0.00000,-17.422,-0.00000,+0.00,+0.00000,0,+0.00000,+0.00000,0.00163,-5.415,0,24.7,24.7
12.069114,2,2,0.204000,0.204000,0.2490,-0.04500,1,2,0.0260,1,1,+0.43668,+0.79946,0.06667,323.90,+0.42202,+0.44854,+0.00000,+0.69961,0.08143,1.0000,1,0,0,0,0.0000,+0.02071,+0.00587,0.1365,+0.000,+0.000,0.9183,0,0.9183,0,2,+0.000,+0.000,+0.000,+0.00000,-17.423,+0.00000,+0.00,+0.00000,0,+0.00000,+0.00000,0.00163,-5.424,0,24.7,24.7
12.093907,2,2,0.204000,0.204000,0.2490,-0.04500,1,2,0.0260,1,1,+0.44401,+0.80820,0.06690,325.48,+0.42444,+0.44588,+0.00000,+0.71158,0.07983,1.0000,1,0,0,0,0.0000,+0.01970,+0.00558,0.1299,+0.000,+0.000,0.9273,0,0.9273,0,2,+0.000,+0.000,+0.000,+0.00000,-17.423,+0.00000,+0.00,+0.00000,0,+0.00000,+0.00000,0.00151,-5.436,0,24.7,24.7
12.118636,2,2,0.204000,0.204000,0.2490,-0.04500,1,2,0.0260,1,1,+0.45344,+0.81690,0.06573,327.04,+0.42763,+0.44387,+0.00000,+0.72317,0.07828,1.0000,1,0,0,0,0.0000,+0.01875,+0.00531,0.1236,+0.000,+0.000,0.9353,0,0.9353,0,2,+0.000,+0.000,+0.000,+0.00000,-17.423,+0.00000,+0.00,+0.00000,0,+0.00000,+0.00000,0.00152,-5.444,0,24.7,24.7
12.143395,2,2,0.204000,0.204000,0.2490,-0.04500,1,2,0.0260,1,1,+0.45977,+0.82327,0.06781,328.19,+0.43117,+0.44247,+0.00000,+0.73420,0.07713,1.0000,1,0,0,0,0.0000,+0.01785,+0.00506,0.1176,+0.000,+0.000,0.9424,0,0.9424,0,2,+0.000,+0.000,+0.000,+0.00000,-17.423,-0.00000,+0.00,+0.00000,0,+0.00000,+0.00000,0.00143,-5.449,0,24.7,24.7
12.166995,2,2,0.204000,0.204000,0.2490,-0.04500,1,2,0.0260,1,1,+0.45977,+0.82327,0.06781,328.19,+0.43419,+0.44160,+0.00000,+0.74360,0.07614,1.0000,1,0,0,0,0.0000,+0.01702,+0.00482,0.1122,+0.000,+0.000,0.9485,0,0.9485,0,2,+0.000,+0.000,+0.000,+0.00000,-17.423,+0.00000,+0.00,+0.00000,0,+0.00000,+0.00000,0.00143,-5.456,0,24.7,24.7
12.191768,2,2,0.204000,0.204000,0.2490,-0.04500,1,2,0.0260,1,1,+0.46949,+0.83653,0.07027,330.57,+0.43808,+0.44121,+0.00000,+0.75384,0.07550,1.0000,1,0,0,0,0.0000,+0.01620,+0.00459,0.1068,+0.000,+0.000,0.9542,0,0.9542,0,2,+0.000,+0.000,+0.000,+0.00000,-17.424,+0.00000,+0.00,+0.00000,0,+0.00000,+0.00000,0.00134,-5.461,0,24.7,24.7
12.217036,2,2,0.204000,0.204000,0.2490,-0.04500,1,2,0.0260,1,1,+0.47731,+0.84300,0.06894,331.74,+0.44248,+0.44135,+0.00000,+0.76384,0.07476,1.0000,1,0,0,0,0.0000,+0.01540,+0.00437,0.1015,+0.000,+0.000,0.9593,0,0.9593,0,2,+0.000,+0.000,+0.000,+0.00000,-17.424,+0.00000,+0.00,+0.00000,0,+0.00000,+0.00000,0.00135,-5.466,0,38.4,38.4
12.243263,2,2,0.204000,0.204000,0.2490,-0.04500,1,2,0.0260,1,1,+0.48761,+0.85159,0.07201,333.29,+0.44771,+0.44209,+0.00000,+0.77402,0.07444,1.0000,1,0,0,0,0.0000,+0.01462,+0.00414,0.0963,+0.000,+0.000,0.9640,0,0.9640,0,2,+0.000,+0.000,+0.000,+0.00000,-17.424,+0.00000,+0.00,+0.00000,0,+0.00000,+0.00000,0.00124,-5.470,0,38.4,38.4
12.266524,2,2,0.204000,0.204000,0.2490,-0.04500,1,2,0.0260,1,1,+0.48761,+0.85159,0.07201,333.29,+0.45187,+0.44311,+0.00000,+0.78210,0.07419,1.0000,1,0,0,0,0.0000,+0.01395,+0.00395,0.0920,+0.000,+0.000,0.9678,0,0.9678,0,2,+0.000,+0.000,+0.000,+0.00000,-17.424,+0.00000,+0.00,+0.00000,0,+0.00000,+0.00000,0.00124,-5.473,0,38.4,38.4
12.296395,2,2,0.204000,0.204000,0.2490,-0.04500,1,2,0.0260,1,1,+0.49398,+0.85789,0.07071,334.42,+0.45734,+0.44496,+0.00000,+0.79195,0.07374,1.0000,1,0,0,0,0.0000,+0.01314,+0.00372,0.0866,+0.000,+0.000,0.9720,0,0.9720,0,2,+0.000,+0.000,+0.000,+0.00000,-17.424,+0.00000,+0.00,+0.00000,0,+0.00000,+0.00000,0.00129,-5.477,0,38.4,38.4
12.319787,2,2,0.204000,0.204000,0.2490,-0.04500,1,2,0.0260,1,1,+0.50621,+0.86667,0.07049,336.00,+0.46246,+0.44679,+0.00000,+0.79977,0.07340,1.0000,1,0,0,0,0.0000,+0.01254,+0.00355,0.0827,+0.000,+0.000,0.9749,0,0.9749,0,2,+0.000,+0.000,+0.000,+0.00000,-17.424,-0.00000,+0.00,+0.00000,0,+0.00000,+0.00000,0.00126,-5.480,0,38.4,38.4
12.346342,2,2,0.204000,0.204000,0.2490,-0.04500,1,2,0.0260,1,1,+0.51312,+0.87565,0.07286,337.62,+0.46840,+0.44932,+0.00000,+0.80866,0.07333,1.0000,1,0,0,0,0.0000,+0.01189,+0.00337,0.0784,+0.000,+0.000,0.9778,0,0.9778,0,2,+0.000,+0.000,+0.000,+0.00000,-17.424,-0.00000,+0.00,+0.00000,0,+0.00000,+0.00000,0.00123,-5.483,0,38.4,38.4
12.370031,2,2,0.204000,0.204000,0.2490,-0.04500,1,2,0.0260,1,1,+0.51312,+0.87565,0.07286,337.62,+0.47313,+0.45185,+0.00000,+0.81576,0.07328,1.0000,1,0,0,0,0.0000,+0.01134,+0.00321,0.0748,+0.000,+0.000,0.9802,0,0.9802,0,2,+0.000,+0.000,+0.000,+0.00000,-17.424,+0.00000,+0.00,+0.00000,0,+0.00000,+0.00000,0.00123,-5.485,0,38.4,38.4
12.395224,2,2,0.204000,0.204000,0.2490,-0.04500,1,2,0.0260,1,1,+0.52297,+0.88580,0.07222,339.44,+0.47871,+0.45485,+0.00000,+0.82359,0.07317,1.0000,1,0,0,0,0.0000,+0.01079,+0.00306,0.0711,+0.000,+0.000,0.9824,0,0.9824,0,2,+0.000,+0.000,+0.000,+0.00000,-17.424,-0.00000,+0.00,+0.00000,0,+0.00000,+0.00000,0.00125,-5.487,0,38.4,38.4
12.419732,2,2,0.204000,0.204000,0.2490,-0.04500,1,2,0.0260,1,1,+0.53288,+0.89030,0.07307,340.25,+0.48462,+0.45810,+0.00000,+0.83088,0.07315,1.0000,1,0,0,0,0.0000,+0.01027,+0.00291,0.0677,+0.000,+0.000,0.9843,0,0.9843,0,2,+0.000,+0.000,+0.000,+0.00000,-17.424,+0.00000,+0.00,+0.00000,0,+0.00000,+0.00000,0.00124,-5.489,0,38.4,38.4
12.445154,2,2,0.204000,0.204000,0.2490,-0.04500,1,2,0.0260,1,1,+0.54079,+0.89714,0.07179,341.49,+0.49096,+0.46181,+0.00000,+0.83835,0.07300,1.0000,1,0,0,0,0.0000,+0.00976,+0.00277,0.0643,+0.000,+0.000,0.9861,0,0.9861,0,2,+0.000,+0.000,+0.000,+0.00000,-17.424,+0.00000,+0.00,+0.00000,0,+0.00000,+0.00000,0.00126,-5.491,0,38.4,38.4
12.469258,2,2,0.204000,0.204000,0.2490,-0.04500,1,2,0.0260,1,1,+0.55073,+0.90299,0.07265,342.54,+0.49739,+0.46563,+0.00000,+0.84530,0.07296,1.0000,1,0,0,0,0.0000,+0.00930,+0.00264,0.0613,+0.000,+0.000,0.9876,0,0.9876,0,2,+0.000,+0.000,+0.000,+0.00000,-17.424,+0.00000,+0.00,+0.00000,0,+0.00000,+0.00000,0.00141,-5.492,0,38.4,38.4
12.494888,2,2,0.204000,0.204000,0.2490,-0.04500,1,2,0.0260,1,1,+0.55073,+0.90299,0.07265,342.54,+0.50345,+0.46993,+0.00000,+0.85185,0.07293,1.0000,1,0,0,0,0.0000,+0.00884,+0.00250,0.0582,+0.000,+0.000,0.9890,0,0.9890,0,2,+0.000,+0.000,+0.000,+0.00000,-17.424,-0.00000,+0.00,+0.00000,0,+0.00000,+0.00000,0.00141,-5.494,0,38.4,38.4
12.521342,2,2,0.204000,0.204000,0.2490,-0.04500,1,2,0.0260,1,1,+0.56356,+0.90706,0.07005,343.27,+0.51047,+0.47466,+0.00000,+0.85830,0.07259,1.0000,1,0,0,0,0.0000,+0.00838,+0.00238,0.0552,+0.000,+0.000,0.9903,0,0.9903,0,2,+0.000,+0.000,+0.000,+0.00000,-17.425,-0.00000,+0.00,+0.00000,0,+0.00000,+0.00000,0.00132,-5.495,0,38.4,38.4
12.545838,2,2,0.204000,0.204000,0.2490,-0.04500,1,2,0.0260,1,1,+0.57179,+0.90620,0.06894,343.12,+0.51716,+0.47930,+0.00000,+0.86353,0.07219,1.0000,1,0,0,0,0.0000,+0.00798,+0.00226,0.0526,+0.000,+0.000,0.9913,0,0.9913,0,2,+0.000,+0.000,+0.000,+0.00000,-17.425,-0.00000,+0.00,+0.00000,0,+0.00000,+0.00000,0.00151,-5.496,0,38.4,38.4
12.570142,2,2,0.204000,0.204000,0.2490,-0.04500,1,2,0.0260,1,1,+0.57179,+0.90620,0.06894,343.12,+0.52308,+0.48404,+0.00000,+0.86815,0.07184,1.0000,1,0,0,0,0.0000,+0.00760,+0.00215,0.0501,+0.000,+0.000,0.9923,0,0.9923,0,2,+0.000,+0.000,+0.000,+0.00000,-17.425,-0.00000,+0.00,+0.00000,0,+0.00000,+0.00000,0.00151,-5.498,0,38.4,38.4
12.595919,2,2,0.204000,0.204000,0.2490,-0.04500,1,2,0.0260,1,1,+0.58225,+0.90949,0.06667,343.71,+0.52983,+0.48927,+0.00000,+0.87287,0.07125,1.0000,1,0,0,0,0.0000,+0.00722,+0.00205,0.0476,+0.000,+0.000,0.9932,0,0.9932,0,2,+0.000,+0.000,+0.000,+0.00000,-17.425,-0.00000,+0.00,+0.00000,0,+0.00000,+0.00000,0.00155,-5.498,0,38.4,38.4
12.621270,2,2,0.204000,0.204000,0.2490,-0.04500,1,2,0.0260,1,1,+0.59421,+0.91340,0.06479,344.41,+0.53708,+0.49465,+0.00000,+0.87743,0.07052,1.0000,1,0,0,0,0.0000,+0.00686,+0.00194,0.0452,+0.000,+0.000,0.9939,0,0.9939,0,2,+0.000,+0.000,+0.000,+0.00000,-17.425,-0.00000,+0.00,+0.00000,0,+0.00000,+0.00000,0.00173,-5.499,0,38.4,38.4
12.644371,2,2,0.204000,0.204000,0.2490,-0.04500,1,2,0.0260,1,1,+0.60594,+0.91442,0.06597,344.60,+0.54421,+0.49978,+0.00000,+0.88126,0.07005,1.0000,1,0,0,0,0.0000,+0.00655,+0.00186,0.0432,+0.000,+0.000,0.9946,0,0.9946,0,2,+0.000,+0.000,+0.000,+0.00000,-17.425,-0.00000,+0.00,+0.00000,0,+0.00000,+0.00000,0.00173,-5.500,0,38.4,38.4
12.669085,2,2,0.204000,0.204000,0.2490,-0.04500,1,2,0.0260,1,1,+0.60594,+0.91442,0.06597,344.60,+0.55100,+0.50541,+0.00000,+0.88491,0.06960,1.0000,1,0,0,0,0.0000,+0.00624,+0.00177,0.0411,+0.000,+0.000,0.9952,0,0.9952,0,2,+0.000,+0.000,+0.000,+0.00000,-17.425,-0.00000,+0.00,+0.00000,0,+0.00000,+0.00000,0.00173,-5.501,0,38.4,38.4
12.693722,2,2,0.204000,0.204000,0.2490,-0.04500,1,2,0.0260,1,1,+0.61836,+0.91809,0.06310,345.26,+0.55838,+0.51122,+0.00000,+0.88855,0.06889,1.0000,1,0,0,0,0.0000,+0.00594,+0.00168,0.0391,+0.000,+0.000,0.9957,0,0.9957,0,2,+0.000,+0.000,+0.000,+0.00000,-17.425,-0.00000,+0.00,+0.00000,0,+0.00000,+0.00000,0.00174,-5.501,0,38.4,38.4
12.717368,2,2,0.204000,0.204000,0.2490,-0.04500,1,2,0.0260,1,1,+0.62686,+0.92112,0.06359,345.80,+0.56562,+0.51698,+0.00000,+0.89199,0.06833,1.0000,1,0,0,0,0.0000,+0.00566,+0.00160,0.0373,+0.000,+0.000,0.9961,0,0.9961,0,2,+0.000,+0.000,+0.000,+0.00000,-17.425,+0.00000,+0.00,+0.00000,0,+0.00000,+0.00000,0.00173,-5.502,0,38.4,38.4
12.741536,2,2,0.204000,0.204000,0.2490,-0.04500,1,2,0.0260,1,1,+0.63914,+0.92515,0.06407,346.53,+0.57355,+0.52308,+0.00000,+0.89557,0.06787,1.0000,1,0,0,0,0.0000,+0.00540,+0.00153,0.0356,+0.000,+0.000,0.9966,0,0.9966,0,2,+0.000,+0.000,+0.000,+0.00000,-17.425,+0.00000,+0.00,+0.00000,0,+0.00000,+0.00000,0.00184,-5.502,0,38.4,38.4
12.767265,2,2,0.204000,0.204000,0.2490,-0.04500,1,2,0.0260,1,1,+0.64781,+0.92915,0.06009,347.25,+0.58202,+0.52979,+0.00000,+0.89939,0.06698,1.0000,1,0,0,0,0.0000,+0.00512,+0.00145,0.0338,+0.000,+0.000,0.9970,0,0.9970,0,2,+0.000,+0.000,+0.000,+0.00000,-17.425,-0.00000,+0.00,+0.00000,0,+0.00000,+0.00000,0.00180,-5.502,0,38.4,38.4
12.792198,2,2,0.204000,0.204000,0.2490,-0.04500,1,2,0.0260,1,1,+0.64781,+0.92915,0.06009,347.25,+0.58931,+0.53639,+0.00000,+0.90269,0.06622,1.0000,1,0,0,0,0.0000,+0.00488,+0.00138,0.0321,+0.000,+0.000,0.9973,0,0.9973,0,2,+0.000,+0.000,+0.000,+0.00000,-17.425,+0.00000,+0.00,+0.00000,0,+0.00000,+0.00000,0.00180,-5.503,0,38.4,38.4
12.815524,2,2,0.204000,0.204000,0.2490,-0.04500,1,2,0.0260,1,1,+0.66493,+0.93398,0.06111,348.12,+0.59721,+0.54274,+0.00000,+0.90596,0.06569,1.0000,1,0,0,0,0.0000,+0.00465,+0.00132,0.0307,+0.000,+0.000,0.9976,0,0.9976,0,2,+0.000,+0.000,+0.000,+0.00000,-17.425,+0.00000,+0.00,+0.00000,0,+0.00000,+0.00000,0.00183,-5.503,0,38.4,38.4
12.839970,2,2,0.204000,0.204000,0.2490,-0.04500,1,2,0.0260,1,1,+0.67317,+0.93854,0.05906,348.94,+0.60548,+0.54958,+0.00000,+0.90951,0.06496,1.0000,1,0,0,0,0.0000,+0.00443,+0.00126,0.0292,+0.000,+0.000,0.9978,0,0.9978,0,2,+0.000,+0.000,+0.000,+0.00000,-17.425,-0.00000,+0.00,+0.00000,0,+0.00000,+0.00000,0.00191,-5.504,0,38.4,38.4
12.864981,2,2,0.204000,0.204000,0.2490,-0.04500,1,2,0.0260,1,1,+0.67317,+0.93854,0.05906,348.94,+0.61301,+0.55663,+0.00000,+0.91274,0.06431,1.0000,1,0,0,0,0.0000,+0.00422,+0.00119,0.0278,+0.000,+0.000,0.9981,0,0.9981,0,2,+0.000,+0.000,+0.000,+0.00000,-17.425,-0.00000,+0.00,+0.00000,0,+0.00000,+0.00000,0.00191,-5.504,0,38.4,38.4
12.889621,2,2,0.204000,0.204000,0.2490,-0.04500,1,2,0.0260,1,1,+0.68783,+0.94230,0.05932,349.61,+0.62121,+0.56371,+0.00000,+0.91598,0.06376,1.0000,1,0,0,0,0.0000,+0.00401,+0.00114,0.0264,+0.000,+0.000,0.9983,0,0.9983,0,2,+0.000,+0.000,+0.000,+0.00000,-17.425,+0.00000,+0.00,+0.00000,0,+0.00000,+0.00000,0.00197,-5.504,0,38.4,38.4
12.916725,2,2,0.204000,0.204000,0.2490,-0.04500,1,2,0.0260,1,1,+0.69927,+0.94702,0.05879,350.46,+0.63053,+0.57169,+0.00000,+0.91968,0.06317,1.0000,1,0,0,0,0.0000,+0.00380,+0.00108,0.0251,+0.000,+0.000,0.9985,0,0.9985,0,2,+0.000,+0.000,+0.000,+0.00000,-17.425,+0.00000,+0.00,+0.00000,0,+0.00000,+0.00000,0.00214,-5.504,0,38.4,38.4
12.941391,2,2,0.204000,0.204000,0.2490,-0.04500,1,2,0.0260,1,1,+0.70952,+0.94943,0.05747,350.90,+0.63920,+0.57910,+0.00000,+0.92295,0.06254,1.0000,1,0,0,0,0.0000,+0.00362,+0.00103,0.0238,+0.000,+0.000,0.9987,0,0.9987,0,2,+0.000,+0.000,+0.000,+0.00000,-17.425,-0.00000,+0.00,+0.00000,0,+0.00000,+0.00000,0.00206,-5.505,0,38.4,38.4
12.967888,2,2,0.204000,0.204000,0.2490,-0.04500,1,2,0.0260,1,1,+0.70952,+0.94943,0.05747,350.90,+0.64743,+0.58709,+0.00000,+0.92605,0.06195,1.0000,1,0,0,0,0.0000,+0.00343,+0.00097,0.0226,+0.000,+0.000,0.9988,0,0.9988,0,2,+0.000,+0.000,+0.000,+0.00000,-17.425,+0.00000,+0.00,+0.00000,0,+0.00000,+0.00000,0.00206,-5.505,0,38.4,38.4
12.991653,2,2,0.204000,0.204000,0.2490,-0.04500,1,2,0.0260,1,1,+0.72188,+0.95417,0.05666,351.75,+0.65533,+0.59434,+0.00000,+0.92903,0.06139,1.0000,1,0,0,0,0.0000,+0.00327,+0.00093,0.0216,+0.000,+0.000,0.9989,0,0.9989,0,2,+0.000,+0.000,+0.000,+0.00000,-17.425,-0.00000,+0.00,+0.00000,0,+0.00000,+0.00000,0.00203,-5.505,0,38.4,38.4
13.015379,2,2,0.204000,0.204000,0.2490,-0.04500,1,2,0.0260,1,1,+0.73725,+0.95926,0.05528,352.67,+0.66402,+0.60173,+0.00000,+0.93224,0.06074,1.0000,1,0,0,0,0.0000,+0.00312,+0.00088,0.0206,+0.000,+0.000,0.9991,0,0.9991,0,2,+0.000,+0.000,+0.000,+0.00000,-17.425,-0.00000,+0.00,+0.00000,0,+0.00000,+0.00000,0.00212,-5.505,0,38.4,38.4
13.038716,2,2,0.204000,0.204000,0.2490,-0.04500,1,2,0.0260,1,1,+0.74751,+0.96201,0.05358,353.16,+0.66402,+0.60824,+0.00000,+0.93224,0.06074,1.0000,0,1,0,0,0.0000,+0.00000,+0.00000,0.0196,+0.000,+0.000,0.9992,0,0.9992,0,2,+0.000,+0.000,+0.000,+0.00000,-17.425,-0.00000,+0.00,+0.00000,0,+0.00000,+0.00000,0.00224,-5.505,0,38.4,38.4
13.065698,2,2,0.204000,0.204000,0.2490,-0.04500,1,2,0.0260,1,1,+0.74751,+0.96201,0.05358,353.16,+0.66402,+0.61487,+0.00000,+0.93224,0.06074,1.0000,0,1,0,0,0.0000,+0.00000,+0.00000,0.0186,+0.000,+0.000,0.9993,0,0.9993,0,2,+0.000,+0.000,+0.000,+0.00000,-17.425,+0.00000,+0.00,+0.00000,0,+0.00000,+0.00000,0.00224,-5.505,0,38.4,38.4
13.089357,2,2,0.204000,0.204000,0.2490,-0.04500,1,2,0.0260,1,1,+0.76435,+0.96813,0.05300,354.26,+0.66402,+0.62007,+0.00000,+0.93224,0.06074,1.0000,0,1,0,0,0.0000,+0.00000,+0.00000,0.0177,+0.000,+0.000,0.9993,0,0.9993,0,2,+0.000,+0.000,+0.000,+0.00000,-17.425,+0.00000,+0.00,+0.00000,0,+0.00000,+0.00000,0.00223,-5.505,0,38.4,38.4
13.117304,2,2,0.204000,0.204000,0.2490,-0.04500,1,2,0.0260,1,1,+0.77349,+0.96973,0.05182,354.55,+0.66402,+0.62546,+0.00000,+0.93224,0.06074,1.0000,0,1,0,0,0.0000,+0.00000,+0.00000,0.0168,+0.000,+0.000,0.9994,0,0.9994,0,2,+0.000,+0.000,+0.000,+0.00000,-17.425,-0.00000,+0.00,+0.00000,0,+0.00000,+0.00000,0.00231,-5.506,0,38.4,38.4
13.143480,2,2,0.204000,0.204000,0.2490,-0.04500,1,2,0.0260,1,1,+0.78612,+0.97258,0.04875,355.06,+0.66402,+0.62992,+0.00000,+0.93224,0.06074,1.0000,0,1,0,0,0.0000,+0.00000,+0.00000,0.0159,+0.000,+0.000,0.9995,0,0.9995,0,2,+0.000,+0.000,+0.000,+0.00000,-17.484,-0.00000,+0.00,+0.00000,0,+0.00000,+0.00000,0.00219,-5.502,0,38.4,38.4
13.170674,3,2,0.204000,0.204000,0.2490,-0.04500,1,2,0.0260,1,1,+0.80417,+0.97559,0.04513,355.61,+0.66402,+0.63400,+0.00000,+0.93224,0.06074,1.0000,0,1,0,0,0.0000,+0.00000,+0.00000,0.0151,+0.000,+0.000,0.9995,0,0.9995,0,2,+0.000,+0.000,+0.000,+0.00000,-17.484,-0.00000,+0.00,+0.00000,0,+0.00000,+0.00000,0.00233,-5.502,0,38.4,38.4
13.197849,3,2,0.204000,0.204000,0.2490,-0.04500,1,2,0.0260,1,1,+0.80417,+0.97559,0.04513,355.61,+0.66402,+0.63759,+0.00000,+0.93224,0.06074,1.0000,0,1,0,0,0.0000,+0.00000,+0.00000,0.0143,+0.000,+0.000,0.9996,0,0.9996,0,2,+0.000,+0.000,+0.000,+0.00000,-17.484,-0.00000,+0.00,+0.00000,0,+0.00000,+0.00000,0.00233,-5.502,0,38.4,38.4
13.223232,3,2,0.204000,0.204000,0.2490,-0.04500,1,2,0.0260,1,1,+0.81685,+0.97837,0.04157,356.11,+0.66402,+0.64057,+0.00000,+0.93224,0.06074,1.0000,0,1,0,0,0.0000,+0.00000,+0.00000,0.0136,+0.000,+0.000,0.9996,0,0.9996,0,2,+0.000,+0.000,+0.000,+0.00000,-17.484,+0.00000,+0.00,+0.00000,0,+0.00000,+0.00000,0.00217,-5.502,0,39.8,39.8
13.248990,3,2,0.204000,0.204000,0.2490,-0.04500,1,2,0.0260,1,1,+0.82950,+0.98044,0.03928,356.48,+0.66402,+0.64325,+0.00000,+0.93224,0.06074,1.0000,0,1,0,0,0.0000,+0.00000,+0.00000,0.0129,+0.000,+0.000,0.9997,0,0.9997,0,2,+0.000,+0.000,+0.000,+0.00000,-17.484,-0.00000,+0.00,+0.00000,0,+0.00000,+0.00000,0.00220,-5.502,0,39.8,39.8
13.273188,3,2,0.204000,0.204000,0.2490,-0.04500,1,2,0.0260,1,1,+0.84471,+0.98291,0.03469,356.92,+0.66402,+0.64549,+0.00000,+0.93224,0.06074,1.0000,0,1,0,0,0.0000,+0.00000,+0.00000,0.0123,+0.000,+0.000,0.9997,0,0.9997,0,2,+0.000,+0.000,+0.000,+0.00000,-17.484,-0.00000,+0.00,+0.00000,0,+0.00000,+0.00000,0.00226,-5.502,0,39.8,39.8
13.298270,3,2,0.204000,0.204000,0.2490,-0.04500,1,2,0.0260,1,1,+0.84471,+0.98291,0.03469,356.92,+0.66402,+0.64755,+0.00000,+0.93224,0.06074,1.0000,0,1,0,0,0.0000,+0.00000,+0.00000,0.0117,+0.000,+0.000,0.9997,0,0.9997,0,2,+0.000,+0.000,+0.000,+0.00000,-17.484,-0.00000,+0.00,+0.00000,0,+0.00000,+0.00000,0.00226,-5.502,0,39.8,39.8
13.323904,3,2,0.204000,0.204000,0.2490,-0.04500,1,2,0.0260,1,1,+0.32759,+0.57302,0.04648,283.14,+0.66402,+0.64942,+0.00000,+0.93224,0.06074,1.0000,0,1,0,0,0.0000,+0.00000,+0.00000,0.0111,+0.000,+0.000,0.9998,0,0.9998,0,2,+0.000,+0.000,+0.000,+0.00000,-17.484,-0.00000,+0.00,+0.00000,0,+0.00000,+0.00000,0.00218,-5.502,0,39.8,39.8
13.348609,3,2,0.204000,0.204000,0.2490,-0.04500,1,2,0.0260,1,1,+0.33455,+0.57207,0.04714,282.97,+0.66402,+0.65103,+0.00000,+0.93224,0.06074,1.0000,0,1,0,0,0.0000,+0.00000,+0.00000,0.0106,+0.000,+0.000,0.9998,0,0.9998,0,2,+0.000,+0.000,+0.000,+0.00000,-17.484,-0.00000,+0.00,+0.00000,0,+0.00000,+0.00000,0.00223,-5.502,0,39.8,39.8
13.376204,3,2,0.204000,0.204000,0.2490,-0.04500,1,2,0.0260,1,1,+0.34004,+0.57118,0.04615,282.81,+0.66402,+0.65260,+0.00000,+0.93224,0.06074,1.0000,0,1,0,0,0.0000,+0.00000,+0.00000,0.0100,+0.000,+0.000,0.9998,0,0.9998,0,2,+0.000,+0.000,+0.000,+0.00000,-17.484,-0.00000,+0.00,+0.00000,0,+0.00000,+0.00000,0.00213,-5.502,0,39.8,39.8
13.399536,3,2,0.204000,0.204000,0.2490,-0.04500,1,2,0.0260,1,1,+0.34049,+0.57230,0.04681,283.01,+0.66402,+0.65380,+0.00000,+0.93224,0.06074,1.0000,0,1,0,0,0.0000,+0.00000,+0.00000,0.0095,+0.000,+0.000,0.9998,0,0.9998,0,2,+0.000,+0.000,+0.000,+0.00000,-17.484,-0.00000,+0.00,+0.00000,0,+0.00000,+0.00000,0.00207,-5.502,0,39.8,39.8
13.422646,3,2,0.204000,0.204000,0.2490,-0.04500,1,2,0.0260,1,1,+0.34049,+0.57230,0.04681,283.01,+0.65444,+0.64436,+0.00000,+0.91879,0.05986,0.9856,0,1,0,0,0.0000,+0.00000,+0.00000,0.0091,+0.000,+0.000,0.9999,0,0.9999,0,2,+0.000,+0.000,+0.000,+0.00000,-17.484,-0.00000,+0.00,+0.00000,0,+0.00000,+0.00000,0.00207,-5.502,0,39.8,39.8
13.446461,3,2,0.204000,0.204000,0.2490,-0.04500,1,2,0.0260,1,1,+0.34618,+0.57083,0.04714,282.75,+0.62400,+0.61439,+0.00000,+0.87605,0.05708,0.9397,0,1,0,0,0.0000,+0.00000,+0.00000,0.0087,+0.000,+0.000,0.9999,0,0.9999,0,2,+0.000,+0.000,+0.000,+0.00000,-17.484,-0.00000,+0.00,+0.00000,0,+0.00000,+0.00000,0.00222,-5.502,0,39.8,39.8
13.471891,3,2,0.204000,0.204000,0.2490,-0.04500,1,2,0.0260,1,1,+0.35414,+0.57246,0.04681,283.04,+0.59306,+0.58393,+0.00000,+0.83261,0.05425,0.8931,0,1,0,0,0.0000,+0.00000,+0.00000,0.0083,+0.000,+0.000,0.9999,0,0.9999,0,2,+0.000,+0.000,+0.000,+0.00000,-17.484,-0.00000,+0.00,+0.00000,0,+0.00000,+0.00000,0.00222,-5.502,0,39.8,39.8
13.496226,3,2,0.204000,0.204000,0.2490,-0.04500,1,2,0.0260,1,1,+0.35414,+0.57246,0.04681,283.04,+0.56488,+0.55619,+0.00000,+0.79306,0.05167,0.8507,0,1,0,0,0.0000,+0.00000,+0.00000,0.0079,+0.000,+0.000,0.9999,0,0.9999,0,2,+0.000,+0.000,+0.000,+0.00000,-17.544,-0.00000,+0.00,+0.00000,0,+0.00000,+0.00000,0.00222,-5.499,0,39.8,39.8
13.520327,3,2,0.204000,0.204000,0.2490,-0.04500,1,2,0.0260,1,1,+0.35963,+0.57342,0.04779,283.22,+0.53830,+0.53001,+0.00000,+0.75574,0.04924,0.8107,0,1,0,0,0.0000,+0.00000,+0.00000,0.0075,+0.000,+0.000,0.9999,0,0.9999,0,2,+0.000,+0.000,+0.000,+0.00000,-17.544,-0.00000,+0.00,+0.00000,0,+0.00000,+0.00000,0.00211,-5.499,0,39.8,39.8
13.542547,3,2,0.204000,0.204000,0.2490,-0.04500,1,2,0.0260,1,1,+0.36166,+0.57267,0.04779,283.08,+0.51490,+0.50697,+0.00000,+0.72289,0.04710,0.7754,0,1,0,0,0.0000,+0.00000,+0.00000,0.0072,+0.000,+0.000,0.9999,0,0.9999,0,2,+0.000,+0.000,+0.000,+0.00000,-17.544,-0.00000,+0.00,+0.00000,0,+0.00000,+0.00000,0.00229,-5.499,0,39.8,39.8
13.563690,3,2,0.204000,0.204000,0.2490,-0.04500,1,2,0.0260,1,1,+0.36166,+0.57267,0.04779,283.08,+0.49358,+0.48598,+0.00000,+0.69296,0.04515,0.7433,0,1,0,0,0.0000,+0.00000,+0.00000,0.0069,+0.000,+0.000,0.9999,0,0.9999,0,2,+0.000,+0.000,+0.000,+0.00000,-17.544,-0.00000,+0.00,+0.00000,0,+0.00000,+0.00000,0.00229,-5.499,0,39.8,39.8
13.589245,3,2,0.204000,0.204000,0.2490,-0.04500,1,2,0.0260,1,1,+0.36450,+0.57099,0.04714,282.78,+0.46899,+0.46177,+0.00000,+0.65843,0.04290,0.7063,0,1,0,0,0.0000,+0.00000,+0.00000,0.0065,+0.000,+0.000,0.9999,0,0.9999,0,2,+0.000,+0.000,+0.000,+0.00000,-17.589,-0.00000,+0.00,+0.00000,0,+0.00000,+0.00000,0.00205,-5.490,0,39.8,39.8
13.614341,3,2,0.204000,0.204000,0.2490,-0.04500,1,2,0.0260,1,1,+0.37121,+0.57230,0.04681,283.01,+0.44603,+0.43916,+0.00000,+0.62620,0.04080,0.6717,0,1,0,0,0.0000,+0.00000,+0.00000,0.0062,+0.000,+0.000,0.9999,0,0.9999,0,2,+0.000,+0.000,+0.000,+0.00000,-17.589,+0.00000,+0.00,+0.00000,0,+0.00000,+0.00000,0.00223,-5.490,0,39.8,39.8
13.639333,3,2,0.204000,0.204000,0.2490,-0.04500,1,2,0.0260,1,1,+0.37731,+0.57184,0.04747,282.93,+0.42429,+0.41775,+0.00000,+0.59567,0.03881,0.6390,0,1,0,0,0.0000,+0.00000,+0.00000,0.0059,+0.000,+0.000,0.9999,0,0.9999,0,2,+0.000,+0.000,+0.000,+0.00000,-17.589,-0.00000,+0.00,+0.00000,0,+0.00000,+0.00000,0.00217,-5.490,0,39.8,39.8
13.662627,3,2,0.204000,0.204000,0.2490,-0.04500,1,2,0.0260,1,1,+0.37731,+0.57184,0.04747,282.93,+0.40497,+0.39874,+0.00000,+0.56855,0.03704,0.6099,0,1,0,0,0.0000,+0.00000,+0.00000,0.0056,+0.000,+0.000,1.0000,0,1.0000,0,2,+0.000,+0.000,+0.000,+0.00000,-17.589,+0.00000,+0.00,+0.00000,0,+0.00000,+0.00000,0.00217,-5.490,0,39.8,39.8
13.689034,3,2,0.204000,0.204000,0.2490,-0.04500,1,2,0.0260,1,1,+0.38223,+0.57162,0.05061,282.89,+0.38414,+0.37822,+0.00000,+0.53930,0.03514,0.5785,0,1,0,0,0.0000,+0.00000,+0.00000,0.0053,+0.000,+0.000,1.0000,0,1.0000,0,2,+0.000,+0.000,+0.000,+0.00000,-17.589,+0.00000,+0.00,+0.00000,0,+0.00000,+0.00000,0.00227,-5.490,0,39.8,39.8
13.713527,3,2,0.204000,0.204000,0.2490,-0.04500,1,2,0.0260,1,1,+0.38750,+0.56845,0.05182,282.32,+0.36577,+0.36014,+0.00000,+0.51352,0.03346,0.5508,0,1,0,0,0.0000,+0.00000,+0.00000,0.0051,+0.000,+0.000,1.0000,0,1.0000,0,2,+0.000,+0.000,+0.000,+0.00000,-17.589,+0.00000,+0.00,+0.00000,0,+0.00000,+0.00000,0.00232,-5.490,0,39.8,39.8
13.736954,3,2,0.204000,0.204000,0.2490,-0.04500,1,2,0.0260,1,1,+0.39203,+0.56389,0.04969,281.50,+0.34903,+0.34366,+0.00000,+0.49002,0.03193,0.5256,0,1,0,0,0.0000,+0.00000,+0.00000,0.0049,+0.000,+0.000,1.0000,0,1.0000,0,2,+0.000,+0.000,+0.000,+0.00000,-17.589,-0.00000,+0.00,+0.00000,0,+0.00000,+0.00000,0.00224,-5.490,0,39.8,39.8
13.762440,3,2,0.204000,0.204000,0.2490,-0.04500,1,2,0.0260,1,1,+0.39203,+0.56389,0.04969,281.50,+0.33169,+0.32658,+0.00000,+0.46567,0.03034,0.4995,0,1,0,0,0.0000,+0.00000,+0.00000,0.0046,+0.000,+0.000,1.0000,0,1.0000,0,2,+0.000,+0.000,+0.000,+0.00000,-17.589,-0.00000,+0.00,+0.00000,0,+0.00000,+0.00000,0.00224,-5.490,0,39.8,39.8
13.784569,3,2,0.204000,0.204000,0.2490,-0.04500,1,2,0.0260,1,1,+0.39962,+0.56192,0.05031,281.15,+0.31733,+0.31244,+0.00000,+0.44551,0.02903,0.4779,0,1,0,0,0.0000,+0.00000,+0.00000,0.0044,+0.000,+0.000,1.0000,0,1.0000,0,2,+0.000,+0.000,+0.000,+0.00000,-17.589,-0.00000,+0.00,+0.00000,0,+0.00000,+0.00000,0.00247,-5.490,0,39.8,39.8
13.805752,3,2,0.204000,0.204000,0.2490,-0.04500,1,2,0.0260,1,1,+0.40313,+0.56607,0.04779,281.89,+0.30416,+0.29948,+0.00000,+0.42703,0.02782,0.4581,0,1,0,0,0.0000,+0.00000,+0.00000,0.0042,+0.000,+0.000,1.0000,0,1.0000,0,2,+0.000,+0.000,+0.000,+0.00000,-17.589,-0.00000,+0.00,+0.00000,0,+0.00000,+0.00000,0.00253,-5.490,0,39.8,39.8
13.831078,3,2,0.204000,0.204000,0.2490,-0.04500,1,2,0.0260,1,1,+0.40313,+0.56607,0.04779,281.89,+0.28914,+0.28469,+0.00000,+0.40593,0.02645,0.4354,0,1,0,0,0.0000,+0.00000,+0.00000,0.0040,+0.000,+0.000,1.0000,0,1.0000,0,2,+0.000,+0.000,+0.000,+0.00000,-17.589,-0.00000,+0.00,+0.00000,0,+0.00000,+0.00000,0.00253,-5.490,0,39.8,39.8
13.851915,3,2,0.204000,0.204000,0.2490,-0.04500,1,2,0.0260,1,1,+0.40814,+0.56594,0.04843,281.87,+0.27734,+0.27307,+0.00000,+0.38936,0.02537,0.4177,0,1,0,0,0.0000,+0.00000,+0.00000,0.0039,+0.000,+0.000,1.0000,0,1.0000,0,2,+0.000,+0.000,+0.000,+0.00000,-17.589,-0.00000,+0.00,+0.00000,0,+0.00000,+0.00000,0.00287,-5.490,0,39.8,39.8
13.874845,3,2,0.204000,0.204000,0.2490,-0.04500,1,2,0.0260,1,1,+0.41243,+0.55969,0.05152,280.74,+0.26491,+0.26083,+0.00000,+0.37191,0.02423,0.3989,0,1,0,0,0.0000,+0.00000,+0.00000,0.0037,+0.000,+0.000,1.0000,0,1.0000,0,2,+0.000,+0.000,+0.000,+0.00000,-17.589,-0.00000,+0.00,+0.00000,0,+0.00000,+0.00000,0.00276,-5.490,0,39.8,39.8
13.898482,3,2,0.204000,0.204000,0.2490,-0.04500,1,2,0.0260,1,1,+0.41243,+0.55969,0.05152,280.74,+0.25268,+0.24879,+0.00000,+0.35474,0.02311,0.3805,0,1,0,0,0.0000,+0.00000,+0.00000,0.0035,+0.000,+0.000,1.0000,0,1.0000,0,2,+0.000,+0.000,+0.000,+0.00000,-17.589,-0.00000,+0.00,+0.00000,0,+0.00000,+0.00000,0.00276,-5.490,0,39.8,39.8
13.928624,3,2,0.204000,0.204000,0.2490,-0.04500,1,2,0.0260,1,1,+0.41798,+0.55730,0.05241,280.31,+0.23789,+0.23423,+0.00000,+0.33399,0.02176,0.3583,0,1,0,0,0.0000,+0.00000,+0.00000,0.0033,+0.000,+0.000,1.0000,0,1.0000,0,2,+0.000,+0.000,+0.000,+0.00000,-17.650,-0.00000,+0.00,+0.00000,0,+0.00000,+0.00000,0.00279,-5.488,0,39.8,39.8
13.952946,3,2,0.204000,0.204000,0.2490,-0.04500,1,2,0.0260,1,1,+0.42446,+0.55544,0.05358,279.98,+0.22660,+0.22311,+0.00000,+0.31813,0.02073,0.3413,0,1,0,0,0.0000,+0.00000,+0.00000,0.0032,+0.000,+0.000,1.0000,0,1.0000,0,2,+0.000,+0.000,+0.000,+0.00000,-17.650,-0.00000,+0.00,+0.00000,0,+0.00000,+0.00000,0.00286,-5.488,0,39.8,39.8
13.977858,3,2,0.204000,0.204000,0.2490,-0.04500,1,2,0.0260,1,1,+0.43097,+0.55492,0.05212,279.89,+0.21559,+0.21227,+0.00000,+0.30267,0.01972,0.3247,0,1,0,0,0.0000,+0.00000,+0.00000,0.0030,+0.000,+0.000,1.0000,0,1.0000,0,2,+0.000,+0.000,+0.000,+0.00000,-17.765,-0.00000,+0.00,+0.00000,0,+0.00000,+0.00000,0.00291,-5.483,0,39.8,39.8
13.999925,3,2,0.204000,0.204000,0.2490,-0.04500,1,2,0.0260,1,1,+0.43097,+0.55492,0.05212,279.89,+0.20628,+0.20310,+0.00000,+0.28960,0.01887,0.3106,0,1,0,0,0.0000,+0.00000,+0.00000,0.0029,+0.000,+0.000,1.0000,0,1.0000,0,2,+0.000,+0.000,+0.000,+0.00000,-17.765,-0.00000,+0.00,+0.00000,0,+0.00000,+0.00000,0.00291,-5.483,0,39.8,39.8
14.023871,3,2,0.204000,0.204000,0.2490,-0.04500,1,2,0.0260,1,1,+0.43757,+0.55373,0.05122,279.67,+0.19663,+0.19360,+0.00000,+0.27606,0.01799,0.2961,0,1,0,0,0.0000,+0.00000,+0.00000,0.0027,+0.000,+0.000,1.0000,0,1.0000,0,2,+0.000,+0.000,+0.000,+0.00000,-17.822,-0.00000,+0.00,+0.00000,0,+0.00000,+0.00000,0.00296,-5.481,0,39.8,39.8
14.048594,3,2,0.204000,0.204000,0.2490,-0.04500,1,2,0.0260,1,1,+0.44265,+0.55033,0.05122,279.06,+0.18714,+0.18426,+0.00000,+0.26274,0.01712,0.2818,0,1,0,0,0.0000,+0.00000,+0.00000,0.0026,+0.000,+0.000,1.0000,0,1.0000,0,2,+0.000,+0.000,+0.000,+0.00000,-17.822,-0.00000,+0.00,+0.00000,0,+0.00000,+0.00000,0.00287,-5.481,0,39.8,39.8
14.070975,3,2,0.204000,0.204000,0.2490,-0.04500,1,2,0.0260,1,1,+0.44510,+0.54596,0.05212,278.27,+0.17895,+0.17620,+0.00000,+0.25124,0.01637,0.2695,0,1,0,0,0.0000,+0.00000,+0.00000,0.0025,+0.000,+0.000,1.0000,0,1.0000,0,2,+0.000,+0.000,+0.000,+0.00000,-17.822,-0.00000,+0.00,+0.00000,0,+0.00000,+0.00000,0.00276,-5.481,0,39.8,39.8
14.096593,3,2,0.204000,0.204000,0.2490,-0.04500,1,2,0.0260,1,1,+0.44510,+0.54596,0.05212,278.27,+0.17001,+0.16740,+0.00000,+0.23869,0.01555,0.2560,0,1,0,0,0.0000,+0.00000,+0.00000,0.0024,+0.000,+0.000,1.0000,0,1.0000,0,2,+0.000,+0.000,+0.000,+0.00000,-17.875,-0.00000,+0.00,+0.00000,0,+0.00000,+0.00000,0.00276,-5.477,0,39.8,39.8
14.123630,3,2,0.204000,0.204000,0.2490,-0.04500,1,2,0.0260,1,1,+0.45185,+0.54298,0.05300,277.74,+0.16107,+0.15859,+0.00000,+0.22613,0.01473,0.2426,0,1,0,0,0.0000,+0.00000,+0.00000,0.0022,+0.000,+0.000,1.0000,0,1.0000,0,2,+0.000,+0.000,+0.000,+0.00000,-17.965,-0.00000,+0.00,+0.00000,0,+0.00000,+0.00000,0.00271,-5.465,0,39.8,39.8
14.147840,3,2,0.205122,0.205122,0.2490,-0.04388,1,2,0.0260,1,1,+0.45786,+0.54337,0.05358,277.81,+0.15345,+0.15109,+0.00000,+0.21544,0.01404,0.2311,0,1,0,0,0.0000,+0.00000,+0.00000,0.0021,+0.000,+0.000,1.0000,0,1.0000,0,2,+0.000,+0.000,+0.000,+0.00000,-18.019,-0.00000,+0.00,+0.00000,0,+0.00000,+0.00000,0.00244,-5.464,0,39.8,39.8
14.172482,3,2,0.207232,0.207232,0.2490,-0.04177,1,2,0.0260,1,1,+0.46250,+0.54074,0.05358,277.33,+0.14607,+0.14382,+0.00000,+0.20508,0.01336,0.2200,0,1,0,0,0.0000,+0.00000,+0.00000,0.0020,+0.000,+0.000,1.0000,0,1.0000,0,2,+0.000,+0.000,+0.000,+0.00000,-18.019,-0.00000,+0.00,+0.00000,0,+0.00000,+0.00000,0.00249,-5.464,0,39.8,39.8
14.196381,3,2,0.209182,0.209182,0.2490,-0.03982,1,2,0.0260,1,1,+0.46250,+0.54074,0.05358,277.33,+0.13926,+0.13711,+0.00000,+0.19550,0.01274,0.2097,0,1,0,0,0.0000,+0.00000,+0.00000,0.0019,+0.000,+0.000,1.0000,0,1.0000,0,2,+0.000,+0.000,+0.000,+0.00000,-18.069,-0.00000,+0.00,+0.00000,0,+0.00000,+0.00000,0.00249,-5.461,0,39.8,39.8
14.220116,3,2,0.211028,0.211028,0.2490,-0.03797,1,2,0.0260,1,1,+0.46936,+0.53527,0.05329,276.35,+0.13280,+0.13075,+0.00000,+0.18644,0.01215,0.2000,0,1,0,0,0.0000,+0.00000,+0.00000,0.0018,+0.000,+0.000,1.0000,0,1.0000,0,2,+0.000,+0.000,+0.000,+0.00000,-18.114,-0.00000,+0.00,+0.00000,0,+0.00000,+0.00000,0.00247,-5.457,0,39.8,39.8
14.245771,3,2,0.212927,0.212927,0.2490,-0.03607,1,2,0.0260,1,1,+0.47581,+0.53429,0.05358,276.17,+0.12616,+0.12421,+0.00000,+0.17712,0.01154,0.1900,0,1,0,0,0.0000,+0.00000,+0.00000,0.0018,+0.000,+0.000,1.0000,0,1.0000,0,2,+0.000,+0.000,+0.000,+0.00000,-18.261,-0.00000,+0.00,+0.00000,0,+0.00000,+0.00000,0.00223,-5.452,0,41.1,41.1
14.271166,3,2,0.214713,0.214713,0.2490,-0.03429,1,2,0.0260,1,1,+0.47581,+0.53429,0.05358,276.17,+0.11991,+0.11806,+0.00000,+0.16835,0.01097,0.1806,0,1,0,0,0.0000,+0.00000,+0.00000,0.0017,+0.000,+0.000,1.0000,0,1.0000,0,2,+0.000,+0.000,+0.000,+0.00000,-18.336,-0.00000,+0.00,+0.00000,0,+0.00000,+0.00000,0.00223,-5.420,0,41.1,41.1
14.296943,3,2,0.216436,0.216436,0.2490,-0.03256,1,2,0.0260,1,1,+0.48092,+0.53121,0.05386,275.62,+0.11388,+0.11213,+0.00000,+0.15989,0.01042,0.1715,0,1,0,0,0.0000,+0.00000,+0.00000,0.0016,+0.000,+0.000,1.0000,0,1.0000,0,2,+0.000,+0.000,+0.000,+0.00000,-18.441,+0.00001,+0.00,+0.00000,0,+0.00000,+0.00000,0.00206,-5.406,0,41.1,41.1
14.322817,3,2,0.218078,0.218078,0.2490,-0.03092,1,2,0.0260,1,1,+0.48685,+0.52940,0.05443,275.29,+0.10814,+0.10648,+0.00000,+0.15182,0.00989,0.1629,0,1,0,0,0.0000,+0.00000,+0.00000,0.0015,+0.000,+0.000,1.0000,0,1.0000,0,2,+0.000,+0.000,+0.000,+0.00000,-18.530,+0.00003,+0.00,+0.00000,0,+0.00000,+0.00000,0.00200,-5.389,0,41.1,41.1
14.346875,3,2,0.219531,0.219531,0.2490,-0.02947,1,2,0.0260,1,1,+0.49551,+0.52350,0.05443,274.23,+0.10306,+0.10147,+0.00000,+0.14469,0.00943,0.1552,0,1,0,0,0.0000,+0.00000,+0.00000,0.0014,+0.000,+0.000,1.0000,0,1.0000,0,2,+0.000,+0.000,+0.000,+0.00000,-18.571,+0.00000,+0.00,+0.00000,0,+0.00000,+0.00000,0.00185,-5.355,0,41.1,41.1
14.371933,3,2,0.220971,0.220971,0.2490,-0.02803,1,2,0.0260,1,1,+0.49551,+0.52350,0.05443,274.23,+0.09802,+0.09651,+0.00000,+0.13762,0.00897,0.1476,0,1,0,0,0.0000,+0.00000,+0.00000,0.0014,+0.000,+0.000,1.0000,0,1.0000,0,2,+0.000,+0.000,+0.000,+0.00000,-18.603,-0.00005,+0.00,+0.00000,0,+0.00000,+0.00000,0.00185,-5.320,0,41.1,41.1
14.395915,3,2,0.222284,0.222284,0.2490,-0.02672,1,2,0.0260,1,1,+0.50122,+0.52027,0.05472,273.65,+0.09343,+0.09199,+0.00000,+0.13117,0.00855,0.1407,0,1,0,0,0.0000,+0.00000,+0.00000,0.0013,+0.000,+0.000,1.0000,0,1.0000,0,2,+0.000,+0.000,+0.000,+0.00000,-18.658,-0.00002,+0.00,+0.00000,0,+0.00000,+0.00000,0.00170,-5.300,0,41.1,41.1
14.421863,3,2,0.222742,0.222742,0.2490,-0.02626,1,2,0.0260,0,1,+0.50606,+0.51841,0.05528,273.31,+0.14082,+0.09760,+0.00000,+0.17564,0.01391,1.0000,1,0,0,0,0.0000,+0.00000,+0.00000,0.0012,+0.000,+0.000,1.0000,0,1.0000,0,2,+0.000,+0.000,+0.000,+0.00000,-18.698,-0.00002,+0.00,+0.00000,0,+0.00000,+0.00000,0.00170,-5.277,0,41.1,41.1
14.445252,3,2,0.223149,0.223149,0.2490,-0.02585,1,2,0.0260,0,1,+0.51535,+0.51364,0.05583,272.46,+0.18003,+0.10623,+0.00000,+0.21103,0.01830,1.0000,1,0,0,0,0.0000,+0.00000,+0.00000,0.0012,+0.000,+0.000,1.0000,0,1.0000,0,2,+0.000,+0.000,+0.000,+0.00000,-18.731,+0.00007,+0.00,+0.00000,0,+0.00000,+0.00000,0.00166,-5.254,0,41.1,41.1
14.469839,3,2,0.223569,0.223569,0.2490,-0.02543,1,2,0.0260,0,1,+0.51932,+0.51134,0.05500,272.04,+0.18003,+0.11431,+0.00000,+0.21103,0.01830,1.0000,0,1,0,0,0.0000,+0.00000,+0.00000,0.0011,+0.000,+0.000,1.0000,0,1.0000,0,2,+0.000,+0.000,+0.000,+0.00000,-18.754,-0.00007,+0.00,+0.00000,0,+0.00000,+0.00000,0.00155,-5.230,0,41.1,41.1
14.494158,3,2,0.223978,0.223978,0.2490,-0.02502,1,2,0.0260,0,1,+0.51932,+0.51134,0.05500,272.04,+0.18003,+0.12144,+0.00000,+0.21103,0.01830,1.0000,0,1,0,0,0.0000,+0.00000,+0.00000,0.0011,+0.000,+0.000,1.0000,0,1.0000,0,2,+0.000,+0.000,+0.000,+0.00000,-18.767,+0.00006,+0.00,+0.00000,0,+0.00000,+0.00000,0.00155,-5.214,0,41.1,41.1
14.517997,3,2,0.224372,0.224372,0.2490,-0.02463,1,2,0.0260,0,1,+0.52558,+0.50706,0.05747,271.27,+0.21683,+0.13160,+0.00000,+0.24256,0.02247,1.0000,1,0,0,0,0.0000,+0.00000,+0.00000,0.0010,+0.000,+0.000,1.0000,0,1.0000,0,2,+0.000,+0.000,+0.000,+0.00000,-18.781,-0.00001,+0.00,+0.00000,0,+0.00000,+0.00000,0.00151,-5.190,0,41.1,41.1
14.542650,3,2,0.224774,0.224774,0.2490,-0.02423,1,2,0.0260,0,1,+0.53403,+0.50494,0.05774,270.89,+0.25164,+0.14477,+0.00000,+0.27135,0.02634,1.0000,1,0,0,0,0.0000,+0.00000,+0.00000,0.0010,+0.000,+0.000,1.0000,0,1.0000,0,2,+0.000,+0.000,+0.000,+0.00000,-18.790,+0.00020,+0.00,+0.00000,0,+0.00000,+0.00000,0.00151,-5.166,0,41.1,41.1
14.569740,3,2,0.225207,0.225207,0.2490,-0.02379,1,2,0.0260,0,1,+0.53403,+0.50494,0.05774,270.89,+0.28533,+0.16154,+0.00000,+0.29922,0.03009,1.0000,1,0,0,0,0.0000,+0.00000,+0.00000,0.0009,+0.000,+0.000,1.0000,0,1.0000,0,2,+0.000,+0.000,+0.000,+0.00000,-18.789,-0.00008,+0.00,+0.00000,0,+0.00000,+0.00000,0.00151,-5.138,0,41.1,41.1
14.593344,3,2,0.225579,0.225579,0.2490,-0.02342,1,2,0.0260,0,1,+0.54005,+0.49871,0.05638,269.77,+0.31222,+0.17744,+0.00000,+0.32028,0.03286,1.0000,1,0,0,0,0.0000,+0.00000,+0.00000,0.0009,+0.000,+0.000,1.0000,0,1.0000,0,2,+0.000,+0.000,+0.000,+0.00000,-18.789,+0.00008,+0.00,+0.00000,0,+0.00000,+0.00000,0.00140,-5.113,0,41.1,41.1
14.618206,3,2,0.225964,0.225964,0.2490,-0.02304,1,2,0.0260,0,1,+0.54572,+0.49730,0.05853,269.51,+0.33803,+0.19520,+0.00000,+0.33985,0.03570,1.0000,1,0,0,0,0.0000,+0.00000,+0.00000,0.0008,+0.000,+0.000,1.0000,0,1.0000,0,2,+0.000,+0.000,+0.000,+0.00000,-18.786,+0.00015,+0.00,+0.00000,0,+0.00000,+0.00000,0.00133,-5.088,0,41.1,41.1
14.642405,3,2,0.226333,0.226333,0.2490,-0.02267,1,2,0.0260,0,1,+0.55216,+0.49343,0.05827,268.82,+0.36115,+0.21311,+0.00000,+0.35643,0.03814,1.0000,1,0,0,0,0.0000,+0.00000,+0.00000,0.0008,+0.000,+0.000,1.0000,0,1.0000,0,2,+0.000,+0.000,+0.000,+0.00000,-18.785,+0.00006,+0.00,+0.00000,0,+0.00000,+0.00000,0.00130,-5.073,0,41.1,41.1
14.667340,3,2,0.226706,0.226706,0.2490,-0.02229,1,2,0.0260,0,1,+0.55216,+0.49343,0.05827,268.82,+0.38232,+0.23187,+0.00000,+0.37161,0.04037,1.0000,1,0,0,0,0.0000,+0.00000,+0.00000,0.0008,+0.000,+0.000,1.0000,0,1.0000,0,2,+0.000,+0.000,+0.000,+0.00000,-18.777,-0.00003,+0.00,+0.00000,0,+0.00000,+0.00000,0.00130,-5.049,0,41.1,41.1
14.690872,3,2,0.227053,0.227053,0.2490,-0.02195,1,2,0.0260,0,1,+0.55937,+0.48700,0.05720,267.66,+0.40096,+0.24967,+0.00000,+0.38376,0.04214,1.0000,1,0,0,0,0.0000,+0.00000,+0.00000,0.0007,+0.000,+0.000,1.0000,0,1.0000,0,2,+0.000,+0.000,+0.000,+0.00000,-18.770,-0.00035,+0.00,+0.00000,0,+0.00000,+0.00000,0.00121,-5.027,0,41.1,41.1
14.714552,3,2,0.227397,0.227397,0.2490,-0.02160,1,2,0.0260,0,1,+0.56705,+0.48177,0.05932,266.72,+0.41854,+0.26755,+0.00000,+0.39414,0.04396,1.0000,1,0,0,0,0.0000,+0.00000,+0.00000,0.0007,+0.000,+0.000,1.0000,0,1.0000,0,2,+0.000,+0.000,+0.000,+0.00000,-18.759,+0.00015,+0.00,+0.00000,0,+0.00000,+0.00000,0.00112,-5.003,0,41.1,41.1
14.738836,3,2,0.227744,0.227744,0.2490,-0.02126,1,2,0.0260,0,1,+0.57378,+0.47837,0.05906,266.11,+0.43535,+0.28572,+0.00000,+0.40326,0.04559,1.0000,1,0,0,0,0.0000,+0.00000,+0.00000,0.0007,+0.000,+0.000,1.0000,0,1.0000,0,2,+0.000,+0.000,+0.000,+0.00000,-18.749,+0.00003,+0.00,+0.00000,0,+0.00000,+0.00000,0.00113,-4.987,0,41.1,41.1
14.765030,3,2,0.228112,0.228112,0.2490,-0.02089,1,2,0.0260,0,1,+0.57378,+0.47837,0.05906,266.11,+0.45138,+0.30490,+0.00000,+0.41196,0.04715,1.0000,1,0,0,0,0.0000,+0.00000,+0.00000,0.0006,+0.000,+0.000,1.0000,0,1.0000,0,2,+0.000,+0.000,+0.000,+0.00000,-18.737,-0.00016,+0.00,+0.00000,0,+0.00000,+0.00000,0.00113,-4.966,0,41.1,41.1
14.790955,3,2,0.228470,0.228470,0.2490,-0.02053,1,2,0.0260,0,1,+0.58216,+0.47464,0.06009,265.44,+0.46639,+0.32343,+0.00000,+0.41915,0.04864,1.0000,1,0,0,0,0.0000,+0.00000,+0.00000,0.0006,+0.000,+0.000,1.0000,0,1.0000,0,2,+0.000,+0.000,+0.000,+0.00000,-18.724,+0.00025,+0.00,+0.00000,0,+0.00000,+0.00000,0.00101,-4.946,0,41.1,41.1
14.817113,3,2,0.228825,0.228825,0.2490,-0.02018,1,2,0.0260,0,1,+0.58707,+0.47075,0.06009,264.74,+0.48035,+0.34158,+0.00000,+0.42512,0.04996,1.0000,1,0,0,0,0.0000,+0.00000,+0.00000,0.0006,+0.000,+0.000,1.0000,0,1.0000,0,2,+0.000,+0.000,+0.000,+0.00000,-18.712,+0.00010,+0.00,+0.00000,0,+0.00000,+0.00000,0.00094,-4.926,0,41.1,41.1
14.844306,3,2,0.212509,0.204000,0.2490,-0.04500,1,2,0.0260,1,1,+0.59467,+0.46552,0.05984,263.79,+0.49403,+0.35983,+0.00000,+0.42995,0.05114,1.0000,1,0,0,0,0.0000,+0.00000,+0.00000,0.0005,+0.000,+0.000,1.0000,0,1.0000,0,2,+0.000,+0.000,+0.000,+0.00000,-18.690,-0.00032,+0.00,+0.00000,0,+0.00000,+0.00000,0.00089,-4.899,0,41.1,41.1
14.868246,3,2,0.204000,0.204000,0.2490,-0.04500,1,2,0.0260,1,1,+0.59467,+0.46552,0.05984,263.79,+0.50479,+0.37532,+0.00000,+0.43375,0.05207,1.0000,1,0,0,0,0.0000,+0.00000,+0.00000,0.0005,+0.000,+0.000,1.0000,0,1.0000,0,2,+0.000,+0.000,+0.000,+0.00000,-18.678,-0.00012,+0.00,+0.00000,0,+0.00000,+0.00000,0.00089,-4.885,0,41.1,41.1
14.893247,3,2,0.204000,0.204000,0.2490,-0.04500,1,2,0.0260,1,1,+0.60332,+0.46173,0.06236,263.11,+0.51574,+0.39093,+0.00000,+0.43686,0.05322,1.0000,1,0,0,0,0.0000,+0.00000,+0.00000,0.0005,+0.000,+0.000,1.0000,0,1.0000,0,2,+0.000,+0.000,+0.000,+0.00000,-18.701,-0.00009,+0.00,+0.00000,0,+0.00000,+0.00000,0.00084,-4.881,0,41.1,41.1
14.916628,3,2,0.204000,0.204000,0.2490,-0.04500,1,2,0.0260,1,1,+0.61048,+0.45789,0.06186,262.42,+0.52565,+0.40503,+0.00000,+0.43906,0.05412,1.0000,1,0,0,0,0.0000,+0.00000,+0.00000,0.0005,+0.000,+0.000,1.0000,0,1.0000,0,2,+0.000,+0.000,+0.000,+0.00000,-18.700,+0.00017,+0.00,+0.00000,0,+0.00000,+0.00000,0.00083,-4.881,0,41.1,41.1
14.940625,3,2,0.204000,0.204000,0.2490,-0.04500,1,2,0.0260,1,1,+0.61816,+0.45398,0.06261,261.72,+0.53556,+0.41901,+0.00000,+0.44066,0.05503,1.0000,1,0,0,0,0.0000,+0.00000,+0.00000,0.0004,+0.000,+0.000,1.0000,0,1.0000,0,2,+0.000,+0.000,+0.000,+0.00000,-18.700,+0.00001,+0.00,+0.00000,0,+0.00000,+0.00000,0.00088,-4.881,0,41.1,41.1
14.966103,3,2,0.204000,0.204000,0.2490,-0.04500,1,2,0.0260,1,1,+0.61816,+0.45398,0.06261,261.72,+0.54490,+0.43324,+0.00000,+0.44217,0.05589,1.0000,1,0,0,0,0.0000,+0.00000,+0.00000,0.0004,+0.000,+0.000,1.0000,0,1.0000,0,2,+0.000,+0.000,+0.000,+0.00000,-18.700,-0.00005,+0.00,+0.00000,0,+0.00000,+0.00000,0.00088,-4.881,0,41.1,41.1
14.989934,3,2,0.204000,0.204000,0.2490,-0.04500,1,2,0.0260,1,1,+0.62479,+0.44743,0.06060,260.54,+0.55340,+0.44603,+0.00000,+0.44273,0.05639,1.0000,1,0,0,0,0.0000,+0.00000,+0.00000,0.0004,+0.000,+0.000,1.0000,0,1.0000,0,2,+0.000,+0.000,+0.000,+0.00000,-18.701,-0.00000,+0.00,+0.00000,0,+0.00000,+0.00000,0.00079,-4.881,0,41.1,41.1
15.016292,3,2,0.204000,0.204000,0.2490,-0.04500,1,2,0.0260,1,1,+0.63202,+0.44080,0.06136,259.34,+0.56256,+0.45960,+0.00000,+0.44250,0.05697,1.0000,1,0,0,0,0.0000,+0.00000,+0.00000,0.0004,+0.000,+0.000,1.0000,0,1.0000,0,2,+0.000,+0.000,+0.000,+0.00000,-18.700,+0.00013,+0.00,+0.00000,0,+0.00000,+0.00000,0.00072,-4.881,0,41.1,41.1
15.041837,3,2,0.204000,0.204000,0.2490,-0.04500,1,2,0.0260,1,1,+0.64019,+0.43638,0.06455,258.55,+0.57135,+0.47226,+0.00000,+0.44181,0.05783,1.0000,1,0,0,0,0.0000,+0.00000,+0.00000,0.0004,+0.000,+0.000,1.0000,0,1.0000,0,2,+0.000,+0.000,+0.000,+0.00000,-18.700,+0.00005,+0.00,+0.00000,0,+0.00000,+0.00000,0.00073,-4.881,0,41.1,41.1
15.068051,3,2,0.204000,0.204000,0.2490,-0.04500,1,2,0.0260,1,1,+0.64019,+0.43638,0.06455,258.55,+0.57933,+0.48466,+0.00000,+0.44118,0.05861,1.0000,1,0,0,0,0.0000,+0.00000,+0.00000,0.0003,+0.000,+0.000,1.0000,0,1.0000,0,2,+0.000,+0.000,+0.000,+0.00000,-18.700,-0.00014,+0.00,+0.00000,0,+0.00000,+0.00000,0.00073,-4.881,0,41.1,41.1
15.092437,3,2,0.204000,0.204000,0.2490,-0.04500,1,2,0.0260,1,1,+0.64725,+0.43159,0.06431,257.69,+0.58671,+0.49575,+0.00000,+0.44014,0.05923,1.0000,1,0,0,0,0.0000,+0.00000,+0.00000,0.0003,+0.000,+0.000,1.0000,0,1.0000,0,2,+0.000,+0.000,+0.000,+0.00000,-18.742,-0.00003,+0.00,+0.00000,0,+0.00000,+0.00000,0.00069,-4.888,0,41.1,41.1
15.118300,3,2,0.204000,0.204000,0.2490,-0.04500,1,2,0.0260,1,1,+0.65822,+0.42397,0.06261,256.31,+0.59490,+0.50711,+0.00000,+0.43829,0.05961,1.0000,1,0,0,0,0.0000,+0.00000,+0.00000,0.0003,+0.000,+0.000,1.0000,0,1.0000,0,2,+0.000,+0.000,+0.000,+0.00000,-18.822,+0.00020,+0.00,+0.00000,0,+0.00000,+0.00000,0.00066,-4.901,0,41.1,41.1
15.143527,3,2,0.204000,0.204000,0.2490,-0.04500,1,2,0.0260,1,1,+0.66431,+0.41762,0.06285,255.17,+0.60267,+0.51781,+0.00000,+0.43597,0.05998,1.0000,1,0,0,0,0.0000,+0.00000,+0.00000,0.0003,+0.000,+0.000,1.0000,0,1.0000,0,2,+0.000,+0.000,+0.000,+0.00000,-18.928,-0.00003,+0.00,+0.00000,0,+0.00000,+0.00000,0.00059,-4.916,0,41.1,41.1
15.170307,3,2,0.204000,0.204000,0.2490,-0.04500,1,2,0.0260,1,1,+0.67228,+0.41425,0.06526,254.57,+0.61089,+0.52880,+0.00000,+0.43341,0.06060,1.0000,1,0,0,0,0.0000,+0.00000,+0.00000,0.0003,+0.000,+0.000,1.0000,0,1.0000,0,2,+0.000,+0.000,+0.000,+0.00000,-19.023,-0.00003,+0.00,+0.00000,0,+0.00000,+0.00000,0.00056,-4.930,0,41.1,41.1
15.194001,3,2,0.204000,0.204000,0.2490,-0.04500,1,2,0.0260,1,1,+0.67228,+0.41425,0.06526,254.57,+0.61739,+0.53819,+0.00000,+0.43138,0.06109,1.0000,1,0,0,0,0.0000,+0.00000,+0.00000,0.0003,+0.000,+0.000,1.0000,0,1.0000,0,2,+0.000,+0.000,+0.000,+0.00000,-19.125,-0.00009,+0.00,+0.00000,0,+0.00000,+0.00000,0.00056,-4.946,0,41.1,41.1
15.219902,3,2,0.204000,0.204000,0.2490,-0.04500,1,2,0.0260,1,1,+0.67754,+0.40794,0.06407,253.43,+0.62429,+0.54806,+0.00000,+0.42869,0.06144,1.0000,1,0,0,0,0.0000,+0.00000,+0.00000,0.0003,+0.000,+0.000,1.0000,0,1.0000,0,2,+0.000,+0.000,+0.000,+0.00000,-19.171,-0.00007,+0.00,+0.00000,0,+0.00000,+0.00000,0.00049,-4.950,0,41.1,41.1
15.244853,3,2,0.204000,0.204000,0.2490,-0.04500,1,2,0.0260,1,1,+0.69162,+0.40177,0.06526,252.32,+0.63176,+0.55734,+0.00000,+0.42570,0.06186,1.0000,1,0,0,0,0.0000,+0.00000,+0.00000,0.0002,+0.000,+0.000,1.0000,0,1.0000,0,2,+0.000,+0.000,+0.000,+0.00000,-19.235,+0.00012,+0.00,+0.00000,0,+0.00000,+0.00000,0.00044,-4.960,0,41.1,41.1
15.270726,3,2,0.204000,0.204000,0.2490,-0.04500,1,2,0.0260,1,1,+0.69665,+0.39348,0.06526,250.83,+0.63919,+0.56672,+0.00000,+0.42201,0.06225,1.0000,1,0,0,0,0.0000,+0.00000,+0.00000,0.0002,+0.000,+0.000,1.0000,0,1.0000,0,2,+0.000,+0.000,+0.000,+0.00000,-19.305,-0.00016,+0.00,+0.00000,0,+0.00000,+0.00000,0.00039,-4.967,0,40.0,40.0
15.296873,3,2,0.204000,0.204000,0.2490,-0.04500,1,2,0.0260,1,1,+0.69665,+0.39348,0.06526,250.83,+0.64583,+0.57586,+0.00000,+0.41871,0.06260,1.0000,1,0,0,0,0.0000,+0.00000,+0.00000,0.0002,+0.000,+0.000,1.0000,0,1.0000,0,2,+0.000,+0.000,+0.000,+0.00000,-19.361,+0.00007,+0.00,+0.00000,0,+0.00000,+0.00000,0.00039,-4.976,0,40.0,40.0
15.322582,3,2,0.204000,0.204000,0.2490,-0.04500,1,2,0.0260,1,1,+0.70707,+0.38651,0.06690,249.57,+0.65281,+0.58463,+0.00000,+0.41505,0.06309,1.0000,1,0,0,0,0.0000,+0.00000,+0.00000,0.0002,+0.000,+0.000,1.0000,0,1.0000,0,2,+0.000,+0.000,+0.000,+0.00000,-19.434,+0.00016,+0.00,+0.00000,0,+0.00000,+0.00000,0.00035,-4.985,0,40.0,40.0
15.350649,3,2,0.204000,0.204000,0.2490,-0.04500,1,2,0.0260,1,1,+0.71599,+0.38207,0.06690,248.77,+0.66058,+0.59398,+0.00000,+0.41099,0.06356,1.0000,1,0,0,0,0.0000,+0.00000,+0.00000,0.0002,+0.000,+0.000,1.0000,0,1.0000,0,2,+0.000,+0.000,+0.000,+0.00000,-19.509,+0.00004,+0.00,+0.00000,0,+0.00000,+0.00000,0.00031,-4.996,0,40.0,40.0
15.375370,3,2,0.204000,0.204000,0.2490,-0.04500,1,2,0.0260,1,1,+0.72250,+0.37111,0.06690,246.80,+0.66740,+0.60205,+0.00000,+0.40660,0.06392,1.0000,1,0,0,0,0.0000,+0.00000,+0.00000,0.0002,+0.000,+0.000,1.0000,0,1.0000,0,2,+0.000,+0.000,+0.000,+0.00000,-19.540,-0.00001,+0.00,+0.00000,0,+0.00000,+0.00000,0.00024,-4.992,0,40.0,40.0
15.400535,3,2,0.204000,0.204000,0.2490,-0.04500,1,2,0.0260,1,1,+0.73190,+0.36724,0.06917,246.10,+0.67460,+0.61016,+0.00000,+0.40220,0.06451,1.0000,1,0,0,0,0.0000,+0.00000,+0.00000,0.0002,+0.000,+0.000,1.0000,0,1.0000,0,2,+0.000,+0.000,+0.000,+0.00000,-19.577,-0.00013,+0.00,+0.00000,0,+0.00000,+0.00000,0.00020,-4.995,0,40.0,40.0
15.423268,3,2,0.204441,0.204441,0.2490,-0.04456,1,2,0.0260,1,1,+0.73190,+0.36724,0.06917,246.10,+0.68045,+0.61734,+0.00000,+0.39863,0.06499,1.0000,1,0,0,0,0.0000,+0.00000,+0.00000,0.0002,+0.000,+0.000,1.0000,0,1.0000,0,2,+0.000,+0.000,+0.000,+0.00000,-19.614,+0.00017,+0.00,+0.00000,0,+0.00000,+0.00000,0.00020,-4.999,0,40.0,40.0
15.447451,3,2,0.208282,0.208282,0.2490,-0.04072,1,2,0.0260,1,1,+0.74150,+0.35563,0.06736,244.01,+0.68704,+0.62485,+0.00000,+0.39400,0.06524,1.0000,1,0,0,0,0.0000,+0.00000,+0.00000,0.0002,+0.000,+0.000,1.0000,0,1.0000,0,2,+0.000,+0.000,+0.000,+0.00000,-19.649,-0.00002,+0.00,+0.00000,0,+0.00000,+0.00000,0.00015,-5.003,0,40.0,40.0
15.473459,3,2,0.211303,0.211303,0.2490,-0.03770,1,2,0.0260,1,1,+0.74150,+0.35563,0.06736,244.01,+0.69330,+0.63273,+0.00000,+0.38958,0.06548,1.0000,1,0,0,0,0.0000,+0.00000,+0.00000,0.0002,+0.000,+0.000,1.0000,0,1.0000,0,2,+0.000,+0.000,+0.000,+0.00000,-19.690,+0.00000,+0.00,+0.00000,0,+0.00000,+0.00000,0.00015,-5.008,0,40.0,40.0
15.497540,3,2,0.213993,0.213993,0.2490,-0.03501,1,2,0.0260,1,1,+0.75077,+0.35065,0.06894,243.12,+0.69948,+0.63990,+0.00000,+0.38540,0.06586,1.0000,1,0,0,0,0.0000,+0.00000,+0.00000,0.0001,+0.000,+0.000,1.0000,0,1.0000,0,2,+0.000,+0.000,+0.000,+0.00000,-19.690,-0.00007,+0.00,+0.00000,0,+0.00000,+0.00000,0.00012,-5.000,0,40.0,40.0
15.524380,3,2,0.216853,0.216853,0.2490,-0.03215,1,2,0.0260,1,1,+0.75889,+0.34512,0.06736,242.12,+0.70651,+0.64779,+0.00000,+0.38063,0.06603,1.0000,1,0,0,0,0.0000,+0.00000,+0.00000,0.0001,+0.000,+0.000,1.0000,0,1.0000,0,2,+0.000,+0.000,+0.000,+0.00000,-19.729,+0.00014,+0.00,+0.00000,0,+0.00000,+0.00000,0.00009,-5.002,0,40.0,40.0
15.549632,3,2,0.220295,0.220295,0.2490,-0.02871,1,2,0.0260,1,1,+0.76867,+0.33381,0.07093,240.09,+0.71348,+0.65515,+0.00000,+0.37538,0.06658,1.0000,1,0,0,0,0.0000,+0.00000,+0.00000,0.0001,+0.000,+0.000,1.0000,0,1.0000,0,2,+0.000,+0.000,+0.000,+0.00000,-19.772,+0.00032,+0.00,+0.00000,0,+0.00000,+0.00000,0.00007,-5.008,0,40.0,40.0
15.576113,3,2,0.223951,0.223951,0.2490,-0.02505,1,2,0.0260,1,1,+0.77423,+0.32583,0.06894,238.65,+0.72058,+0.66280,+0.00000,+0.36959,0.06686,1.0000,1,0,0,0,0.0000,+0.00000,+0.00000,0.0001,+0.000,+0.000,1.0000,0,1.0000,0,2,+0.000,+0.000,+0.000,+0.00000,-19.789,-0.00000,+0.00,+0.00000,0,+0.00000,+0.00000,0.00004,-5.006,0,40.0,40.0
15.603719,3,2,0.227737,0.227737,0.2490,-0.02126,1,2,0.0260,1,1,+0.78777,+0.31770,0.07071,237.19,+0.72873,+0.67080,+0.00000,+0.36329,0.06733,1.0000,1,0,0,0,0.0000,+0.00000,+0.00000,0.0001,+0.000,+0.000,1.0000,0,1.0000,0,2,+0.000,+0.000,+0.000,+0.00000,-19.785,-0.00002,+0.00,+0.00000,0,+0.00000,+0.00000,0.00002,-4.998,0,40.0,40.0
15.630221,3,2,0.230166,0.230166,0.2490,-0.01883,1,2,0.0260,1,1,+0.78777,+0.31770,0.07071,237.19,+0.73564,+0.67838,+0.00000,+0.35796,0.06772,1.0000,1,0,0,0,0.0000,+0.00000,+0.00000,0.0001,+0.000,+0.000,1.0000,0,1.0000,0,2,+0.000,+0.000,+0.000,+0.00000,-19.769,-0.00009,+0.00,+0.00000,0,+0.00000,+0.00000,0.00002,-4.987,0,40.0,40.0
15.656042,3,2,0.232752,0.232752,0.2490,-0.01625,1,2,0.0260,1,1,+0.79877,+0.30977,0.06983,235.76,+0.74286,+0.68576,+0.00000,+0.35245,0.06796,1.0000,1,0,0,0,0.0000,+0.00000,+0.00000,0.0001,+0.000,+0.000,1.0000,0,1.0000,0,2,+0.000,+0.000,+0.000,+0.00000,-19.740,-0.00003,+0.00,+0.00000,0,+0.00000,+0.00000,0.00000,-4.973,0,40.0,40.0
15.682233,3,2,0.235788,0.235788,0.2490,-0.01321,1,2,0.0260,1,1,+0.80625,+0.30000,0.07115,234.00,+0.75020,+0.69322,+0.00000,+0.34638,0.06833,1.0000,1,0,0,0,0.0000,+0.00000,+0.00000,0.0001,+0.000,+0.000,1.0000,0,1.0000,0,2,+0.000,+0.000,+0.000,+0.00000,-19.692,-0.00052,+0.00,+0.00000,0,+0.00000,+0.00000,0.00000,-4.954,0,40.0,40.0
15.704907,3,2,0.239184,0.239184,0.2490,-0.00982,1,2,0.0260,1,1,+0.81712,+0.28747,0.06961,231.75,+0.75701,+0.69971,+0.00000,+0.34038,0.06846,1.0000,1,0,0,0,0.0000,+0.00000,+0.00000,0.0001,+0.000,+0.000,1.0000,0,1.0000,0,2,+0.000,+0.000,+0.000,+0.00000,-19.631,-0.00091,+0.00,+0.00000,0,+0.00000,+0.00000,0.00000,-4.930,0,40.0,40.0
15.731717,3,2,0.241800,0.241800,0.2490,-0.00720,1,2,0.0260,1,1,+0.81712,+0.28747,0.06961,231.75,+0.76412,+0.70733,+0.00000,+0.33412,0.06860,1.0000,1,0,0,0,0.0000,+0.00000,+0.00000,0.0001,+0.000,+0.000,1.0000,0,1.0000,0,2,+0.000,+0.000,+0.000,+0.00000,-19.551,+0.00016,+0.00,+0.00000,0,+0.00000,+0.00000,0.00000,-4.904,0,40.0,40.0
15.759308,3,2,0.245439,0.245439,0.2490,-0.00356,1,2,0.0260,1,1,+0.82598,+0.27352,0.07005,229.23,+0.77162,+0.71512,+0.00000,+0.32678,0.06877,1.0000,1,0,0,0,0.0000,+0.00000,+0.00000,0.0001,+0.000,+0.000,1.0000,0,1.0000,0,2,+0.000,+0.000,+0.000,+0.00000,-19.461,+0.00142,+0.00,+0.00000,0,+0.00000,+0.00000,0.00000,-4.874,0,40.0,40.0
15.782378,3,2,0.248796,0.248796,0.2490,-0.00020,1,2,0.0260,1,1,+0.83192,+0.26339,0.06781,227.41,+0.77785,+0.72161,+0.00000,+0.32022,0.06867,1.0000,1,0,0,0,0.0000,+0.00000,+0.00000,0.0001,+0.000,+0.000,1.0000,0,1.0000,0,2,+0.000,+0.000,+0.000,+0.00000,-19.363,-0.00126,+0.00,+0.00000,0,+0.00000,+0.00000,0.00000,-4.840,0,40.0,40.0
15.810731,3,2,0.252513,0.252513,0.2490,+0.00351,1,2,0.0260,1,1,+0.84351,+0.25570,0.06917,226.03,+0.78601,+0.72960,+0.00000,+0.31221,0.06874,1.0000,1,0,0,0,0.0000,+0.00000,+0.00000,0.0001,+0.000,+0.000,1.0000,0,1.0000,0,2,+0.000,+0.000,+0.000,+0.00000,-19.252,+0.00002,+0.00,+0.00000,0,+0.00000,+0.00000,0.00000,-4.807,0,40.0,40.0
15.839850,3,2,0.254703,0.254703,0.2490,+0.00570,1,2,0.0260,1,1,+0.84351,+0.25570,0.06917,226.03,+0.79331,+0.73770,+0.00000,+0.30503,0.06879,1.0000,1,0,0,0,0.0000,+0.00000,+0.00000,0.0001,+0.000,+0.000,1.0000,0,1.0000,0,2,+0.000,+0.000,+0.000,+0.00000,-19.132,+0.00088,+0.00,+0.00000,0,+0.00000,+0.00000,0.00000,-4.771,0,40.0,40.0
15.863476,3,2,0.256980,0.256980,0.2490,+0.00798,1,2,0.0260,1,1,+0.85485,+0.24551,0.06939,224.19,+0.79981,+0.74426,+0.00000,+0.29874,0.06885,1.0000,1,0,0,0,0.0000,+0.00000,+0.00000,0.0001,+0.000,+0.000,1.0000,0,1.0000,0,2,+0.000,+0.000,+0.000,+0.00000,-18.994,+0.00016,+0.00,+0.00000,0,+0.00000,+0.00000,0.00000,-4.734,0,40.0,40.0
15.890433,3,2,0.259467,0.259467,0.2490,+0.01047,1,2,0.0260,1,1,+0.86157,+0.23793,0.07071,222.83,+0.80715,+0.75173,+0.00000,+0.29152,0.06907,1.0000,1,0,0,0,0.0000,+0.00000,+0.00000,0.0001,+0.000,+0.000,1.0000,0,1.0000,0,2,+0.000,+0.000,+0.000,+0.00000,-18.850,-0.00011,+0.00,+0.00000,0,+0.00000,+0.00000,0.00000,-4.689,0,40.0,40.0
15.915788,3,2,0.261796,0.261796,0.2490,+0.01280,1,2,0.0260,1,1,+0.87672,+0.23021,0.07265,221.44,+0.81498,+0.75885,+0.00000,+0.28462,0.06948,1.0000,1,0,0,0,0.0000,+0.00000,+0.00000,0.0001,+0.000,+0.000,1.0000,0,1.0000,0,2,+0.000,+0.000,+0.000,+0.00000,-18.716,+0.00242,+0.00,+0.00000,0,+0.00000,+0.00000,0.00000,-4.643,0,40.0,40.0
15.941252,3,2,0.263711,0.263711,0.2490,+0.01471,1,2,0.0260,1,1,+0.88993,+0.22529,0.07556,220.55,+0.82344,+0.76614,+0.00000,+0.27792,0.07016,1.0000,1,0,0,0,0.0000,+0.00000,+0.00000,0.0001,+0.000,+0.000,1.0000,0,1.0000,0,2,+0.000,+0.000,+0.000,+0.00000,-18.558,-0.00077,+0.00,+0.00000,0,+0.00000,+0.00000,0.00000,-4.597,0,40.0,40.0
15.966877,3,2,0.265959,0.265959,0.2490,+0.01696,1,2,0.0260,1,1,+0.90209,+0.21564,0.07738,218.81,+0.83238,+0.77367,+0.00000,+0.27084,0.07098,1.0000,1,0,0,0,0.0000,+0.00000,+0.00000,0.0001,+0.000,+0.000,1.0000,0,1.0000,0,2,+0.000,+0.000,+0.000,+0.00000,-18.394,+0.00130,+0.00,+0.00000,0,+0.00000,+0.00000,0.00000,-4.545,0,40.0,40.0
15.993367,3,2,0.267068,0.267068,0.2490,+0.01807,1,2,0.0260,1,1,+0.90209,+0.21564,0.07738,218.81,+0.84053,+0.78149,+0.00000,+0.26439,0.07173,1.0000,1,0,0,0,0.0000,+0.00000,+0.00000,0.0001,+0.000,+0.000,1.0000,0,1.0000,0,2,+0.000,+0.000,+0.000,+0.00000,-18.248,-0.00206,+0.00,+0.00000,0,+0.00000,+0.00000,0.00000,-4.506,0,40.0,40.0
16.016882,3,2,0.268987,0.268987,0.2490,+0.01999,1,2,0.0260,1,1,+0.91382,+0.20290,0.07837,216.52,+0.84824,+0.78851,+0.00000,+0.25792,0.07243,1.0000,1,0,0,0,0.0000,+0.00000,+0.00000,0.0001,+0.000,+0.000,1.0000,0,1.0000,0,2,+0.000,+0.000,+0.000,+0.00000,-18.107,-0.00092,+0.00,+0.00000,0,+0.00000,+0.00000,0.00000,-4.465,0,40.0,40.0
16.042069,3,2,0.271129,0.271129,0.2490,+0.02213,1,2,0.0260,1,1,+0.92294,+0.19462,0.07738,215.03,+0.85659,+0.79612,+0.00000,+0.25084,0.07298,1.0000,1,0,0,0,0.0000,+0.00000,+0.00000,0.0000,+0.000,+0.000,1.0000,0,1.0000,0,2,+0.000,+0.000,+0.000,+0.00000,-18.002,-0.00243,+0.00,+0.00000,0,+0.00000,+0.00000,0.00000,-4.435,0,40.0,40.0
16.066905,3,2,0.273442,0.273442,0.2490,+0.02444,1,2,0.0260,1,1,+0.93521,+0.18542,0.07896,213.38,+0.86528,+0.80376,+0.00000,+0.24361,0.07364,1.0000,1,0,0,0,0.0000,+0.00000,+0.00000,0.0000,+0.000,+0.000,1.0000,0,1.0000,0,2,+0.000,+0.000,+0.000,+0.00000,-17.906,+0.00175,+0.00,+0.00000,0,+0.00000,+0.00000,0.00000,-4.406,0,40.0,40.0
16.092580,3,2,0.274620,0.274620,0.2490,+0.02562,1,2,0.0260,1,1,+0.93521,+0.18542,0.07896,213.38,+0.87324,+0.81167,+0.00000,+0.23699,0.07425,1.0000,1,0,0,0,0.0000,+0.00000,+0.00000,0.0000,+0.000,+0.000,1.0000,0,1.0000,0,2,+0.000,+0.000,+0.000,+0.00000,-17.873,-0.00006,+0.00,+0.00000,0,+0.00000,+0.00000,0.00000,-4.393,0,40.0,40.0
16.117326,3,2,0.276280,0.276280,0.2490,+0.02728,1,2,0.0260,1,1,+0.94510,+0.17520,0.07658,211.54,+0.88115,+0.81932,+0.00000,+0.23019,0.07451,1.0000,1,0,0,0,0.0000,+0.00000,+0.00000,0.0000,+0.000,+0.000,1.0000,0,1.0000,0,2,+0.000,+0.000,+0.000,+0.00000,-17.784,+0.00479,+0.00,+0.00000,0,+0.00000,+0.00000,0.00000,-4.369,0,40.0,40.0
16.145030,3,2,0.278712,0.278712,0.2490,+0.02971,1,2,0.0260,1,1,+0.94658,+0.16333,0.07244,209.40,+0.88911,+0.82781,+0.00000,+0.22206,0.07425,1.0000,1,0,0,0,0.0000,+0.00000,+0.00000,0.0000,+0.000,+0.000,1.0000,0,1.0000,0,2,+0.000,+0.000,+0.000,+0.00000,-17.781,+0.00151,+0.00,+0.00000,0,+0.00000,+0.00000,0.00000,-4.364,0,40.0,40.0
16.172349,3,2,0.281768,0.281768,0.2490,+0.03277,1,2,0.0260,1,1,+0.94981,+0.15008,0.06431,207.01,+0.89640,+0.83605,+0.00000,+0.21341,0.07306,1.0000,1,0,0,0,0.0000,+0.00000,+0.00000,0.0000,+0.000,+0.000,1.0000,0,1.0000,0,2,+0.000,+0.000,+0.000,+0.00000,-17.783,-0.00341,+0.00,+0.00000,0,+0.00000,+0.00000,0.00000,-4.364,0,40.0,40.0
16.200536,3,2,0.283324,0.283324,0.2490,+0.03432,1,2,0.0260,1,1,+0.94981,+0.15008,0.06431,207.01,+0.90300,+0.84432,+0.00000,+0.20558,0.07198,1.0000,1,0,0,0,0.0000,+0.00000,+0.00000,0.0000,+0.000,+0.000,1.0000,0,1.0000,0,2,+0.000,+0.000,+0.000,+0.00000,-17.785,-0.00190,+0.00,+0.00000,0,+0.00000,+0.00000,0.00000,-4.360,0,40.0,40.0
16.224875,3,2,0.285471,0.285471,0.2490,+0.03647,1,2,0.0260,1,1,+0.95635,+0.13731,0.06161,204.72,+0.90879,+0.85132,+0.00000,+0.19818,0.07085,1.0000,1,0,0,0,0.0000,+0.00000,+0.00000,0.0000,+0.000,+0.000,1.0000,0,1.0000,0,2,+0.000,+0.000,+0.000,+0.00000,-17.785,-0.00081,+0.00,+0.00000,0,+0.00000,+0.00000,0.00000,-4.362,0,40.0,40.0
16.250677,3,2,0.287888,0.287888,0.2490,+0.03889,1,2,0.0260,1,1,+0.96398,+0.12768,0.05827,202.98,+0.91510,+0.85860,+0.00000,+0.19012,0.06942,1.0000,1,0,0,0,0.0000,+0.00000,+0.00000,0.0000,+0.000,+0.000,1.0000,0,1.0000,0,2,+0.000,+0.000,+0.000,+0.00000,-17.783,+0.00125,+0.00,+0.00000,0,+0.00000,+0.00000,0.00000,-4.363,0,40.0,40.0
16.274945,3,2,0.287888,0.287888,0.2490,+0.03889,1,2,0.0260,1,1,+0.97239,+0.11844,0.05300,201.32,+0.91510,+0.86472,+0.00000,+0.19012,0.06942,1.0000,0,1,0,0,0.0000,+0.00000,+0.00000,0.0000,+0.000,+0.000,1.0000,0,1.0000,0,2,+0.000,+0.000,+0.000,+0.00000,-17.784,-0.00100,+0.00,+0.00000,0,+0.00000,+0.00000,0.00000,-4.363,0,38.8,38.8
16.298081,3,2,0.287888,0.287888,0.2490,+0.03889,1,2,0.0260,1,1,+0.98140,+0.11030,0.05031,199.85,+0.91510,+0.86994,+0.00000,+0.19012,0.06942,1.0000,0,1,0,0,0.0000,+0.00000,+0.00000,0.0000,+0.000,+0.000,1.0000,0,1.0000,0,2,+0.000,+0.000,+0.000,+0.00000,-17.784,+0.00033,+0.00,+0.00000,0,+0.00000,+0.00000,0.00000,-4.363,0,38.8,38.8
16.321643,3,2,0.287888,0.287888,0.2490,+0.03889,1,2,0.0260,1,1,+0.98140,+0.11030,0.05031,199.85,+0.91510,+0.87470,+0.00000,+0.19012,0.06942,1.0000,0,1,0,0,0.0000,+0.00000,+0.00000,0.0000,+0.000,+0.000,1.0000,0,1.0000,0,2,+0.000,+0.000,+0.000,+0.00000,-17.784,-0.00164,+0.00,+0.00000,0,+0.00000,+0.00000,0.00000,-4.366,0,38.8,38.8
16.346324,3,2,0.287888,0.287888,0.2490,+0.03889,1,2,0.0260,1,1,+0.98750,+0.10000,0.03967,198.00,+0.91510,+0.87914,+0.00000,+0.19012,0.06942,1.0000,0,1,0,0,0.0000,+0.00000,+0.00000,0.0000,+0.000,+0.000,1.0000,0,1.0000,0,2,+0.000,+0.000,+0.000,+0.00000,-17.786,-0.00144,+0.00,+0.00000,0,+0.00000,+0.00000,0.00000,-4.366,0,38.8,38.8
16.369493,3,2,0.287888,0.287888,0.2490,+0.03889,1,2,0.0260,1,1,+0.98750,+0.10000,0.03967,198.00,+0.91510,+0.88287,+0.00000,+0.19012,0.06942,1.0000,0,1,0,0,0.0000,+0.00000,+0.00000,0.0000,+0.000,+0.000,1.0000,0,1.0000,0,2,+0.000,+0.000,+0.000,+0.00000,-17.785,+0.00118,+0.00,+0.00000,0,+0.00000,+0.00000,0.00000,-4.366,0,38.8,38.8
16.392873,3,2,0.287888,0.287888,0.2490,+0.03889,1,2,0.0260,1,1,+0.62961,+0.10409,0.04194,198.74,+0.91510,+0.88624,+0.00000,+0.19012,0.06942,1.0000,0,1,0,0,0.0000,+0.00000,+0.00000,0.0000,+0.000,+0.000,1.0000,0,1.0000,0,2,+0.000,+0.000,+0.000,+0.00000,-17.785,-0.00143,+0.00,+0.00000,0,+0.00000,+0.00000,0.00000,-4.366,0,38.8,38.8
16.414688,3,2,0.287888,0.287888,0.2490,+0.03889,1,2,0.0260,1,1,+0.63273,+0.09414,0.04120,196.95,+0.91510,+0.88908,+0.00000,+0.19012,0.06942,1.0000,0,1,0,0,0.0000,+0.00000,+0.00000,0.0000,+0.000,+0.000,1.0000,0,1.0000,0,2,+0.000,+0.000,+0.000,+0.00000,-17.787,-0.00083,+0.00,+0.00000,0,+0.00000,+0.00000,0.00000,-4.367,0,38.8,38.8
16.439550,3,2,0.287888,0.287888,0.2490,+0.03889,1,2,0.0260,1,1,+0.64020,+0.09020,0.03967,196.24,+0.91510,+0.89196,+0.00000,+0.19012,0.06942,1.0000,0,1,0,0,0.0000,+0.00000,+0.00000,0.0000,+0.000,+0.000,1.0000,0,1.0000,0,2,+0.000,+0.000,+0.000,+0.00000,-17.786,-0.00042,+0.00,+0.00000,0,+0.00000,+0.00000,0.00000,-4.366,0,38.8,38.8
16.462456,3,2,0.287888,0.287888,0.2490,+0.03889,1,2,0.0260,1,1,+0.64020,+0.09020,0.03967,196.24,+0.91510,+0.89434,+0.00000,+0.19012,0.06942,1.0000,0,1,0,0,0.0000,+0.00000,+0.00000,0.0000,+0.000,+0.000,1.0000,0,1.0000,0,2,+0.000,+0.000,+0.000,+0.00000,-17.786,+0.00003,+0.00,+0.00000,0,+0.00000,+0.00000,0.00000,-4.365,0,38.8,38.8
16.486557,3,2,0.287888,0.287888,0.2490,+0.03889,1,2,0.0260,1,1,+0.64495,+0.08322,0.03809,194.98,+0.91510,+0.89657,+0.00000,+0.19012,0.06942,1.0000,0,1,0,0,0.0000,+0.00000,+0.00000,0.0000,+0.000,+0.000,1.0000,0,1.0000,0,2,+0.000,+0.000,+0.000,+0.00000,-17.786,-0.00041,+0.00,+0.00000,0,+0.00000,+0.00000,0.00000,-4.366,0,38.8,38.8
16.506937,3,2,0.287888,0.287888,0.2490,+0.03889,1,2,0.0260,1,1,+0.65000,+0.08038,0.03809,194.47,+0.91510,+0.89828,+0.00000,+0.19012,0.06942,1.0000,0,1,0,0,0.0000,+0.00000,+0.00000,0.0000,+0.000,+0.000,1.0000,0,1.0000,0,2,+0.000,+0.000,+0.000,+0.00000,-17.786,-0.00091,+0.00,+0.00000,0,+0.00000,+0.00000,0.00000,-4.367,0,38.8,38.8
16.529152,3,2,0.287888,0.287888,0.2490,+0.03889,1,2,0.0260,1,1,+0.65000,+0.08038,0.03809,194.47,+0.91510,+0.89996,+0.00000,+0.19012,0.06942,1.0000,0,1,0,0,0.0000,+0.00000,+0.00000,0.0000,+0.000,+0.000,1.0000,0,1.0000,0,2,+0.000,+0.000,+0.000,+0.00000,-17.786,+0.00058,+0.00,+0.00000,0,+0.00000,+0.00000,0.00000,-4.366,0,38.8,38.8
16.557174,3,2,0.287888,0.287888,0.2490,+0.03889,1,2,0.0260,1,1,+0.65625,+0.07729,0.03768,193.91,+0.91510,+0.90182,+0.00000,+0.19012,0.06942,1.0000,0,1,0,0,0.0000,+0.00000,+0.00000,0.0000,+0.000,+0.000,1.0000,0,1.0000,0,2,+0.000,+0.000,+0.000,+0.00000,-17.786,+0.00005,+0.00,+0.00000,0,+0.00000,+0.00000,0.00000,-4.367,0,38.8,38.8
16.580767,3,2,0.287888,0.287888,0.2490,+0.03889,1,2,0.0260,1,1,+0.66008,+0.07188,0.03889,192.94,+0.91510,+0.90322,+0.00000,+0.19012,0.06942,1.0000,0,1,0,0,0.0000,+0.00000,+0.00000,0.0000,+0.000,+0.000,1.0000,0,1.0000,0,2,+0.000,+0.000,+0.000,+0.00000,-17.786,-0.00000,+0.00,+0.00000,0,+0.00000,+0.00000,0.00000,-4.367,0,38.8,38.8
16.604774,3,2,0.287888,0.287888,0.2490,+0.03889,1,2,0.0260,1,1,+0.66620,+0.06975,0.04082,192.56,+0.91510,+0.90450,+0.00000,+0.19012,0.06942,1.0000,0,1,0,0,0.0000,+0.00000,+0.00000,0.0000,+0.000,+0.000,1.0000,0,1.0000,0,2,+0.000,+0.000,+0.000,+0.00000,-17.785,+0.00031,+0.00,+0.00000,0,+0.00000,+0.00000,0.00000,-4.367,0,38.8,38.8
16.627295,3,2,0.287888,0.287888,0.2490,+0.03889,1,2,0.0260,1,1,+0.66620,+0.06975,0.04082,192.56,+0.91510,+0.90557,+0.00000,+0.19012,0.06942,1.0000,0,1,0,0,0.0000,+0.00000,+0.00000,0.0000,+0.000,+0.000,1.0000,0,1.0000,0,2,+0.000,+0.000,+0.000,+0.00000,-17.785,+0.00011,+0.00,+0.00000,0,+0.00000,+0.00000,0.00000,-4.367,0,38.8,38.8
16.648123,3,2,0.287888,0.287888,0.2490,+0.03889,1,2,0.0260,1,1,+0.67079,+0.06090,0.04006,190.96,+0.91510,+0.90647,+0.00000,+0.19012,0.06942,1.0000,0,1,0,0,0.0000,+0.00000,+0.00000,0.0000,+0.000,+0.000,1.0000,0,1.0000,0,2,+0.000,+0.000,+0.000,+0.00000,-17.785,+0.00006,+0.00,+0.00000,0,+0.00000,+0.00000,0.00000,-4.367,0,38.8,38.8
16.673292,3,2,0.286169,0.286169,0.2490,+0.03717,1,2,0.0260,1,1,+0.67079,+0.06090,0.04006,190.96,+0.87463,+0.86638,+0.00000,+0.18171,0.06635,0.9558,0,1,0,0,0.0000,+0.00000,+0.00000,0.0000,+0.000,+0.000,1.0000,0,1.0000,0,2,+0.000,+0.000,+0.000,+0.00000,-17.785,+0.00006,+0.00,+0.00000,0,+0.00000,+0.00000,0.00000,-4.367,0,38.8,38.8
16.695045,3,2,0.284586,0.284586,0.2490,+0.03559,1,2,0.0260,1,1,+0.67079,+0.06090,0.04006,190.96,+0.83739,+0.82950,+0.00000,+0.17398,0.06352,0.9151,0,1,0,0,0.0000,+0.00000,+0.00000,0.0000,+0.000,+0.000,1.0000,0,1.0000,0,2,+0.000,+0.000,+0.000,+0.00000,-17.785,+0.00006,+0.00,+0.00000,0,+0.00000,+0.00000,0.00000,-4.367,0,38.8,38.8
16.718078,3,2,0.282984,0.282984,0.2490,+0.03398,1,2,0.0260,1,1,+0.67079,+0.06090,0.04006,190.96,+0.79969,+0.79215,+0.00000,+0.16614,0.06066,0.8739,0,1,0,0,0.0000,+0.00000,+0.00000,0.0000,+0.000,+0.000,1.0000,0,1.0000,0,2,+0.000,+0.000,+0.000,+0.00000,-17.785,+0.00006,+0.00,+0.00000,0,+0.00000,+0.00000,0.00000,-4.367,0,38.8,38.8
16.741021,3,2,0.281460,0.281460,0.2490,+0.03246,1,2,0.0260,1,1,+0.67079,+0.06090,0.04006,190.96,+0.76383,+0.75662,+0.00000,+0.15869,0.05794,0.8347,0,1,0,0,0.0000,+0.00000,+0.00000,0.0000,+0.000,+0.000,1.0000,0,1.0000,0,2,+0.000,+0.000,+0.000,+0.00000,-17.785,+0.00006,+0.00,+0.00000,0,+0.00000,+0.00000,0.00000,-4.367,0,38.8,38.8
16.761215,3,2,0.280175,0.280175,0.2490,+0.03118,1,2,0.0260,1,1,+0.67079,+0.06090,0.04006,190.96,+0.73359,+0.72667,+0.00000,+0.15241,0.05565,0.8017,0,1,0,0,0.0000,+0.00000,+0.00000,0.0000,+0.000,+0.000,1.0000,0,1.0000,0,2,+0.000,+0.000,+0.000,+0.00000,-17.785,+0.00006,+0.00,+0.00000,0,+0.00000,+0.00000,0.00000,-4.366,0,38.8,38.8
16.765776,3,2,0.279892,0.279892,0.2490,+0.03089,1,2,0.0260,1,1,+0.67079,+0.06090,0.04006,190.96,+0.72693,+0.72008,+0.00000,+0.15103,0.05514,0.7944,0,1,0,0,0.0000,+0.00000,+0.00000,0.0000,+0.000,+0.000,1.0000,0,1.0000,0,2,+0.000,+0.000,+0.000,+0.00000,-17.785,+0.00006,+0.00,+0.00000,0,+0.00000,+0.00000,0.00000,-4.366,0,38.8,38.8
16.770001,3,2,0.279632,0.279632,0.2490,+0.03063,1,2,0.0260,1,1,+0.67079,+0.06090,0.04006,190.96,+0.72081,+0.71402,+0.00000,+0.14976,0.05468,0.7877,0,1,0,0,0.0000,+0.00000,+0.00000,0.0000,+0.000,+0.000,1.0000,0,1.0000,0,2,+0.000,+0.000,+0.000,+0.00000,-17.785,+0.00006,+0.00,+0.00000,0,+0.00000,+0.00000,0.00000,-4.366,0,38.8,38.8
16.774473,3,2,0.279359,0.279359,0.2490,+0.03036,1,2,0.0260,1,1,+0.67079,+0.06090,0.04006,190.96,+0.71440,+0.70766,+0.00000,+0.14842,0.05419,0.7807,0,1,0,0,0.0000,+0.00000,+0.00000,0.0000,+0.000,+0.000,1.0000,0,1.0000,0,2,+0.000,+0.000,+0.000,+0.00000,-17.785,+0.00006,+0.00,+0.00000,0,+0.00000,+0.00000,0.00000,-4.366,0,38.8,38.8
16.779188,3,2,0.279074,0.279074,0.2490,+0.03007,1,2,0.0260,1,1,+0.67079,+0.06090,0.04006,190.96,+0.70769,+0.70102,+0.00000,+0.14703,0.05368,0.7734,0,1,0,0,0.0000,+0.00000,+0.00000,0.0000,+0.000,+0.000,1.0000,0,1.0000,0,2,+0.000,+0.000,+0.000,+0.00000,-17.785,+0.00006,+0.00,+0.00000,0,+0.00000,+0.00000,0.00000,-4.366,0,38.8,38.8
16.783860,3,2,0.278795,0.278795,0.2490,+0.02979,1,2,0.0260,1,1,+0.67079,+0.06090,0.04006,190.96,+0.70111,+0.69450,+0.00000,+0.14566,0.05318,0.7662,0,1,0,0,0.0000,+0.00000,+0.00000,0.0000,+0.000,+0.000,1.0000,0,1.0000,0,2,+0.000,+0.000,+0.000,+0.00000,-17.785,+0.00006,+0.00,+0.00000,0,+0.00000,+0.00000,0.00000,-4.366,0,38.8,38.8
16.789068,3,2,0.278486,0.278486,0.2490,+0.02949,1,2,0.0260,1,1,+0.67079,+0.06090,0.04006,190.96,+0.69384,+0.68730,+0.00000,+0.14415,0.05263,0.7582,0,1,0,0,0.0000,+0.00000,+0.00000,0.0000,+0.000,+0.000,1.0000,0,1.0000,0,2,+0.000,+0.000,+0.000,+0.00000,-17.785,+0.00006,+0.00,+0.00000,0,+0.00000,+0.00000,0.00000,-4.366,0,38.8,38.8
16.794183,3,2,0.278186,0.278186,0.2490,+0.02919,1,2,0.0260,1,1,+0.67079,+0.06090,0.04006,190.96,+0.68678,+0.68031,+0.00000,+0.14269,0.05210,0.7505,0,1,0,0,0.0000,+0.00000,+0.00000,0.0000,+0.000,+0.000,1.0000,0,1.0000,0,2,+0.000,+0.000,+0.000,+0.00000,-17.784,+0.00006,+0.00,+0.00000,0,+0.00000,+0.00000,0.00000,-4.366,0,38.8,38.8
16.798654,3,2,0.277926,0.277926,0.2490,+0.02893,1,2,0.0260,1,1,+0.67079,+0.06090,0.04006,190.96,+0.68067,+0.67425,+0.00000,+0.14142,0.05163,0.7438,0,1,0,0,0.0000,+0.00000,+0.00000,0.0000,+0.000,+0.000,1.0000,0,1.0000,0,2,+0.000,+0.000,+0.000,+0.00000,-17.784,+0.00006,+0.00,+0.00000,0,+0.00000,+0.00000,0.00000,-4.366,0,38.8,38.8
16.803051,3,2,0.277673,0.277673,0.2490,+0.02867,1,2,0.0260,1,1,+0.67079,+0.06090,0.04006,190.96,+0.67471,+0.66835,+0.00000,+0.14018,0.05118,0.7373,0,1,0,0,0.0000,+0.00000,+0.00000,0.0000,+0.000,+0.000,1.0000,0,1.0000,0,2,+0.000,+0.000,+0.000,+0.00000,-17.784,+0.00006,+0.00,+0.00000,0,+0.00000,+0.00000,0.00000,-4.366,0,38.8,38.8
16.807729,3,2,0.277406,0.277406,0.2490,+0.02841,1,2,0.0260,1,1,+0.67079,+0.06090,0.04006,190.96,+0.66842,+0.66212,+0.00000,+0.13887,0.05070,0.7304,0,1,0,0,0.0000,+0.00000,+0.00000,0.0000,+0.000,+0.000,1.0000,0,1.0000,0,2,+0.000,+0.000,+0.000,+0.00000,-17.784,+0.00006,+0.00,+0.00000,0,+0.00000,+0.00000,0.00000,-4.366,0,38.8,38.8
16.812404,3,2,0.277141,0.277141,0.2490,+0.02814,1,2,0.0260,1,1,+0.67079,+0.06090,0.04006,190.96,+0.66220,+0.65596,+0.00000,+0.13758,0.05023,0.7236,0,1,0,0,0.0000,+0.00000,+0.00000,0.0000,+0.000,+0.000,1.0000,0,1.0000,0,2,+0.000,+0.000,+0.000,+0.00000,-17.784,+0.00006,+0.00,+0.00000,0,+0.00000,+0.00000,0.00000,-4.366,0,38.8,38.8
16.816946,3,2,0.276887,0.276887,0.2490,+0.02789,1,2,0.0260,1,1,+0.67079,+0.06090,0.04006,190.96,+0.65622,+0.65003,+0.00000,+0.13634,0.04978,0.7171,0,1,0,0,0.0000,+0.00000,+0.00000,0.0000,+0.000,+0.000,1.0000,0,1.0000,0,2,+0.000,+0.000,+0.000,+0.00000,-17.784,+0.00006,+0.00,+0.00000,0,+0.00000,+0.00000,0.00000,-4.366,0,38.8,38.8
16.821404,3,2,0.276639,0.276639,0.2490,+0.02764,1,2,0.0260,1,1,+0.67079,+0.06090,0.04006,190.96,+0.65039,+0.64426,+0.00000,+0.13513,0.04934,0.7107,0,1,0,0,0.0000,+0.00000,+0.00000,0.0000,+0.000,+0.000,1.0000,0,1.0000,0,2,+0.000,+0.000,+0.000,+0.00000,-17.784,+0.00006,+0.00,+0.00000,0,+0.00000,+0.00000,0.00000,-4.366,0,38.8,38.8
16.825928,3,2,0.276390,0.276390,0.2490,+0.02739,1,2,0.0260,1,1,+0.67079,+0.06090,0.04006,190.96,+0.64453,+0.63846,+0.00000,+0.13391,0.04889,0.7043,0,1,0,0,0.0000,+0.00000,+0.00000,0.0000,+0.000,+0.000,1.0000,0,1.0000,0,2,+0.000,+0.000,+0.000,+0.00000,-17.784,+0.00006,+0.00,+0.00000,0,+0.00000,+0.00000,0.00000,-4.366,0,38.8,38.8
16.830527,3,2,0.276140,0.276140,0.2490,+0.02714,1,2,0.0260,1,1,+0.67079,+0.06090,0.04006,190.96,+0.63863,+0.63261,+0.00000,+0.13268,0.04844,0.6979,0,1,0,0,0.0000,+0.00000,+0.00000,0.0000,+0.000,+0.000,1.0000,0,1.0000,0,2,+0.000,+0.000,+0.000,+0.00000,-17.784,+0.00006,+0.00,+0.00000,0,+0.00000,+0.00000,0.00000,-4.366,0,38.8,38.8
16.835106,3,2,0.275892,0.275892,0.2490,+0.02689,1,2,0.0260,1,1,+0.67079,+0.06090,0.04006,190.96,+0.63281,+0.62684,+0.00000,+0.13147,0.04800,0.6915,0,1,0,0,0.0000,+0.00000,+0.00000,0.0000,+0.000,+0.000,1.0000,0,1.0000,0,2,+0.000,+0.000,+0.000,+0.00000,-17.784,+0.00006,+0.00,+0.00000,0,+0.00000,+0.00000,0.00000,-4.366,0,38.8,38.8
16.839675,3,2,0.275648,0.275648,0.2490,+0.02665,1,2,0.0260,1,1,+0.67079,+0.06090,0.04006,190.96,+0.62705,+0.62114,+0.00000,+0.13028,0.04757,0.6852,0,1,0,0,0.0000,+0.00000,+0.00000,0.0000,+0.000,+0.000,1.0000,0,1.0000,0,2,+0.000,+0.000,+0.000,+0.00000,-17.784,+0.00006,+0.00,+0.00000,0,+0.00000,+0.00000,0.00000,-4.366,0,38.8,38.8
16.844286,3,2,0.275403,0.275403,0.2490,+0.02640,1,2,0.0260,1,1,+0.67079,+0.06090,0.04006,190.96,+0.62130,+0.61544,+0.00000,+0.12908,0.04713,0.6789,0,1,0,0,0.0000,+0.00000,+0.00000,0.0000,+0.000,+0.000,1.0000,0,1.0000,0,2,+0.000,+0.000,+0.000,+0.00000,-17.784,+0.00006,+0.00,+0.00000,0,+0.00000,+0.00000,0.00000,-4.366,0,38.8,38.8
16.849195,3,2,0.275145,0.275145,0.2490,+0.02615,1,2,0.0260,1,1,+0.67079,+0.06090,0.04006,190.96,+0.61523,+0.60943,+0.00000,+0.12782,0.04667,0.6723,0,1,0,0,0.0000,+0.00000,+0.00000,0.0000,+0.000,+0.000,1.0000,0,1.0000,0,2,+0.000,+0.000,+0.000,+0.00000,-17.784,+0.00006,+0.00,+0.00000,0,+0.00000,+0.00000,0.00000,-4.366,0,38.8,38.8
16.853785,3,2,0.274906,0.274906,0.2490,+0.02591,1,2,0.0260,1,1,+0.67079,+0.06090,0.04006,190.96,+0.60961,+0.60386,+0.00000,+0.12665,0.04624,0.6662,0,1,0,0,0.0000,+0.00000,+0.00000,0.0000,+0.000,+0.000,1.0000,0,1.0000,0,2,+0.000,+0.000,+0.000,+0.00000,-17.784,+0.00006,+0.00,+0.00000,0,+0.00000,+0.00000,0.00000,-4.366,0,38.8,38.8
16.858303,3,2,0.274673,0.274673,0.2490,+0.02567,1,2,0.0260,1,1,+0.67079,+0.06090,0.04006,190.96,+0.60412,+0.59843,+0.00000,+0.12551,0.04583,0.6602,0,1,0,0,0.0000,+0.00000,+0.00000,0.0000,+0.000,+0.000,1.0000,0,1.0000,0,2,+0.000,+0.000,+0.000,+0.00000,-17.784,+0.00006,+0.00,+0.00000,0,+0.00000,+0.00000,0.00000,-4.366,0,38.8,38.8
16.862449,3,2,0.274461,0.274461,0.2490,+0.02546,1,2,0.0260,1,1,+0.67079,+0.06090,0.04006,190.96,+0.59913,+0.59348,+0.00000,+0.12448,0.04545,0.6547,0,1,0,0,0.0000,+0.00000,+0.00000,0.0000,+0.000,+0.000,1.0000,0,1.0000,0,2,+0.000,+0.000,+0.000,+0.00000,-17.784,+0.00006,+0.00,+0.00000,0,+0.00000,+0.00000,0.00000,-4.366,0,38.8,38.8
16.867205,3,2,0.274220,0.274220,0.2490,+0.02522,1,2,0.0260,1,1,+0.67079,+0.06090,0.04006,190.96,+0.59346,+0.58787,+0.00000,+0.12330,0.04502,0.6485,0,1,0,0,0.0000,+0.00000,+0.00000,0.0000,+0.000,+0.000,1.0000,0,1.0000,0,2,+0.000,+0.000,+0.000,+0.00000,-17.784,+0.00006,+0.00,+0.00000,0,+0.00000,+0.00000,0.00000,-4.366,0,38.8,38.8
16.871831,3,2,0.273988,0.273988,0.2490,+0.02499,1,2,0.0260,1,1,+0.67079,+0.06090,0.04006,190.96,+0.58800,+0.58245,+0.00000,+0.12216,0.04460,0.6426,0,1,0,0,0.0000,+0.00000,+0.00000,0.0000,+0.000,+0.000,1.0000,0,1.0000,0,2,+0.000,+0.000,+0.000,+0.00000,-17.784,+0.00006,+0.00,+0.00000,0,+0.00000,+0.00000,0.00000,-4.366,0,38.8,38.8
16.876456,3,2,0.273758,0.273758,0.2490,+0.02476,1,2,0.0260,1,1,+0.67079,+0.06090,0.04006,190.96,+0.58258,+0.57709,+0.00000,+0.12104,0.04419,0.6366,0,1,0,0,0.0000,+0.00000,+0.00000,0.0000,+0.000,+0.000,1.0000,0,1.0000,0,2,+0.000,+0.000,+0.000,+0.00000,-17.784,+0.00006,+0.00,+0.00000,0,+0.00000,+0.00000,0.00000,-4.366,0,38.8,38.8
16.881210,3,2,0.273523,0.273523,0.2490,+0.02452,1,2,0.0260,1,1,+0.67079,+0.06090,0.04006,190.96,+0.57707,+0.57163,+0.00000,+0.11989,0.04377,0.6306,0,1,0,0,0.0000,+0.00000,+0.00000,0.0000,+0.000,+0.000,1.0000,0,1.0000,0,2,+0.000,+0.000,+0.000,+0.00000,-17.784,+0.00006,+0.00,+0.00000,0,+0.00000,+0.00000,0.00000,-4.366,0,38.8,38.8
16.885533,3,2,0.273312,0.273312,0.2490,+0.02431,1,2,0.0260,1,1,+0.67079,+0.06090,0.04006,190.96,+0.57210,+0.56671,+0.00000,+0.11886,0.04340,0.6252,0,1,0,0,0.0000,+0.00000,+0.00000,0.0000,+0.000,+0.000,1.0000,0,1.0000,0,2,+0.000,+0.000,+0.000,+0.00000,-17.784,+0.00006,+0.00,+0.00000,0,+0.00000,+0.00000,0.00000,-4.366,0,38.8,38.8
16.889939,3,2,0.273099,0.273099,0.2490,+0.02410,1,2,0.0260,1,1,+0.67079,+0.06090,0.04006,190.96,+0.56708,+0.56174,+0.00000,+0.11782,0.04302,0.6197,0,1,0,0,0.0000,+0.00000,+0.00000,0.0000,+0.000,+0.000,1.0000,0,1.0000,0,2,+0.000,+0.000,+0.000,+0.00000,-17.784,+0.00006,+0.00,+0.00000,0,+0.00000,+0.00000,0.00000,-4.366,0,38.8,38.8
16.894616,3,2,0.272875,0.272875,0.2490,+0.02387,1,2,0.0260,1,1,+0.67079,+0.06090,0.04006,190.96,+0.56180,+0.55651,+0.00000,+0.11672,0.04262,0.6139,0,1,0,0,0.0000,+0.00000,+0.00000,0.0000,+0.000,+0.000,1.0000,0,1.0000,0,2,+0.000,+0.000,+0.000,+0.00000,-17.784,+0.00006,+0.00,+0.00000,0,+0.00000,+0.00000,0.00000,-4.366,0,38.8,38.8
16.899153,3,2,0.272659,0.272659,0.2490,+0.02366,1,2,0.0260,1,1,+0.67079,+0.06090,0.04006,190.96,+0.55673,+0.55148,+0.00000,+0.11567,0.04223,0.6084,0,1,0,0,0.0000,+0.00000,+0.00000,0.0000,+0.000,+0.000,1.0000,0,1.0000,0,2,+0.000,+0.000,+0.000,+0.00000,-17.784,+0.00006,+0.00,+0.00000,0,+0.00000,+0.00000,0.00000,-4.366,0,38.8,38.8
16.903636,3,2,0.272448,0.272448,0.2490,+0.02345,1,2,0.0260,1,1,+0.67079,+0.06090,0.04006,190.96,+0.55176,+0.54656,+0.00000,+0.11463,0.04185,0.6030,0,1,0,0,0.0000,+0.00000,+0.00000,0.0000,+0.000,+0.000,1.0000,0,1.0000,0,2,+0.000,+0.000,+0.000,+0.00000,-17.784,+0.00006,+0.00,+0.00000,0,+0.00000,+0.00000,0.00000,-4.366,0,38.8,38.8
16.908344,3,2,0.272228,0.272228,0.2490,+0.02323,1,2,0.0260,1,1,+0.67079,+0.06090,0.04006,190.96,+0.54659,+0.54143,+0.00000,+0.11356,0.04146,0.5973,0,1,0,0,0.0000,+0.00000,+0.00000,0.0000,+0.000,+0.000,1.0000,0,1.0000,0,2,+0.000,+0.000,+0.000,+0.00000,-17.784,+0.00006,+0.00,+0.00000,0,+0.00000,+0.00000,0.00000,-4.366,0,38.8,38.8
16.912961,3,2,0.272015,0.272015,0.2490,+0.02301,1,2,0.0260,1,1,+0.67079,+0.06090,0.04006,190.96,+0.54156,+0.53646,+0.00000,+0.11252,0.04108,0.5918,0,1,0,0,0.0000,+0.00000,+0.00000,0.0000,+0.000,+0.000,1.0000,0,1.0000,0,2,+0.000,+0.000,+0.000,+0.00000,-17.784,+0.00006,+0.00,+0.00000,0,+0.00000,+0.00000,0.00000,-4.366,0,38.8,38.8
16.917504,3,2,0.271806,0.271806,0.2490,+0.02281,1,2,0.0260,1,1,+0.67079,+0.06090,0.04006,190.96,+0.53667,+0.53161,+0.00000,+0.11150,0.04071,0.5865,0,1,0,0,0.0000,+0.00000,+0.00000,0.0000,+0.000,+0.000,1.0000,0,1.0000,0,2,+0.000,+0.000,+0.000,+0.00000,-17.784,+0.00006,+0.00,+0.00000,0,+0.00000,+0.00000,0.00000,-4.366,0,38.8,38.8
16.922042,3,2,0.271600,0.271600,0.2490,+0.02260,1,2,0.0260,1,1,+0.67079,+0.06090,0.04006,190.96,+0.53182,+0.52680,+0.00000,+0.11049,0.04034,0.5812,0,1,0,0,0.0000,+0.00000,+0.00000,0.0000,+0.000,+0.000,1.0000,0,1.0000,0,2,+0.000,+0.000,+0.000,+0.00000,-17.784,+0.00006,+0.00,+0.00000,0,+0.00000,+0.00000,0.00000,-4.366,0,38.8,38.8
16.926618,3,2,0.271395,0.271395,0.2490,+0.02239,1,2,0.0260,1,1,+0.67079,+0.06090,0.04006,190.96,+0.52697,+0.52200,+0.00000,+0.10948,0.03997,0.5759,0,1,0,0,0.0000,+0.00000,+0.00000,0.0000,+0.000,+0.000,1.0000,0,1.0000,0,2,+0.000,+0.000,+0.000,+0.00000,-17.784,+0.00006,+0.00,+0.00000,0,+0.00000,+0.00000,0.00000,-4.366,0,38.8,38.8
16.931122,3,2,0.271194,0.271194,0.2490,+0.02219,1,2,0.0260,1,1,+0.67079,+0.06090,0.04006,190.96,+0.52225,+0.51732,+0.00000,+0.10850,0.03962,0.5707,0,1,0,0,0.0000,+0.00000,+0.00000,0.0000,+0.000,+0.000,1.0000,0,1.0000,0,2,+0.000,+0.000,+0.000,+0.00000,-17.784,+0.00006,+0.00,+0.00000,0,+0.00000,+0.00000,0.00000,-4.366,0,38.8,38.8
16.936378,3,2,0.270962,0.270962,0.2490,+0.02196,1,2,0.0260,1,1,+0.67079,+0.06090,0.04006,190.96,+0.51678,+0.51191,+0.00000,+0.10737,0.03920,0.5647,0,1,0,0,0.0000,+0.00000,+0.00000,0.0000,+0.000,+0.000,1.0000,0,1.0000,0,2,+0.000,+0.000,+0.000,+0.00000,-17.784,+0.00006,+0.00,+0.00000,0,+0.00000,+0.00000,0.00000,-4.366,0,38.8,38.8
16.940895,3,2,0.270764,0.270764,0.2490,+0.02176,1,2,0.0260,1,1,+0.67079,+0.06090,0.04006,190.96,+0.51214,+0.50731,+0.00000,+0.10640,0.03885,0.5597,0,1,0,0,0.0000,+0.00000,+0.00000,0.0000,+0.000,+0.000,1.0000,0,1.0000,0,2,+0.000,+0.000,+0.000,+0.00000,-17.784,+0.00006,+0.00,+0.00000,0,+0.00000,+0.00000,0.00000,-4.366,0,38.8,38.8
16.946715,3,2,0.270512,0.270512,0.2490,+0.02151,1,2,0.0260,1,1,+0.67079,+0.06090,0.04006,190.96,+0.50621,+0.50144,+0.00000,+0.10517,0.03840,0.5532,0,1,0,0,0.0000,+0.00000,+0.00000,0.0000,+0.000,+0.000,1.0000,0,1.0000,0,2,+0.000,+0.000,+0.000,+0.00000,-17.784,+0.00006,+0.00,+0.00000,0,+0.00000,+0.00000,0.00000,-4.366,0,38.8,38.8
16.951253,3,2,0.270318,0.270318,0.2490,+0.02132,1,2,0.0260,1,1,+0.67079,+0.06090,0.04006,190.96,+0.50164,+0.49691,+0.00000,+0.10422,0.03805,0.5482,0,1,0,0,0.0000,+0.00000,+0.00000,0.0000,+0.000,+0.000,1.0000,0,1.0000,0,2,+0.000,+0.000,+0.000,+0.00000,-17.784,+0.00006,+0.00,+0.00000,0,+0.00000,+0.00000,0.00000,-4.366,0,38.8,38.8
16.955614,3,2,0.270133,0.270133,0.2490,+0.02113,1,2,0.0260,1,1,+0.67079,+0.06090,0.04006,190.96,+0.49728,+0.49259,+0.00000,+0.10332,0.03772,0.5434,0,1,0,0,0.0000,+0.00000,+0.00000,0.0000,+0.000,+0.000,1.0000,0,1.0000,0,2,+0.000,+0.000,+0.000,+0.00000,-17.784,+0.00006,+0.00,+0.00000,0,+0.00000,+0.00000,0.00000,-4.366,0,38.8,38.8
16.960312,3,2,0.269935,0.269935,0.2490,+0.02094,1,2,0.0260,1,1,+0.67079,+0.06090,0.04006,190.96,+0.49263,+0.48798,+0.00000,+0.10235,0.03737,0.5383,0,1,0,0,0.0000,+0.00000,+0.00000,0.0000,+0.000,+0.000,1.0000,0,1.0000,0,2,+0.000,+0.000,+0.000,+0.00000,-17.784,+0.00006,+0.00,+0.00000,0,+0.00000,+0.00000,0.00000,-4.366,0,38.8,38.8
16.964675,3,2,0.269753,0.269753,0.2490,+0.02075,1,2,0.0260,1,1,+0.67079,+0.06090,0.04006,190.96,+0.48835,+0.48375,+0.00000,+0.10146,0.03704,0.5337,0,1,0,0,0.0000,+0.00000,+0.00000,0.0000,+0.000,+0.000,1.0000,0,1.0000,0,2,+0.000,+0.000,+0.000,+0.00000,-17.784,+0.00006,+0.00,+0.00000,0,+0.00000,+0.00000,0.00000,-4.366,0,38.8,38.8
16.969251,3,2,0.269564,0.269564,0.2490,+0.02056,1,2,0.0260,1,1,+0.67079,+0.06090,0.04006,190.96,+0.48390,+0.47934,+0.00000,+0.10054,0.03671,0.5288,0,1,0,0,0.0000,+0.00000,+0.00000,0.0000,+0.000,+0.000,1.0000,0,1.0000,0,2,+0.000,+0.000,+0.000,+0.00000,-17.784,+0.00006,+0.00,+0.00000,0,+0.00000,+0.00000,0.00000,-4.366,0,38.8,38.8
16.973803,3,2,0.269378,0.269378,0.2490,+0.02038,1,2,0.0260,1,1,+0.67079,+0.06090,0.04006,190.96,+0.47952,+0.47499,+0.00000,+0.09962,0.03637,0.5240,0,1,0,0,0.0000,+0.00000,+0.00000,0.0000,+0.000,+0.000,1.0000,0,1.0000,0,2,+0.000,+0.000,+0.000,+0.00000,-17.784,+0.00006,+0.00,+0.00000,0,+0.00000,+0.00000,0.00000,-4.366,0,38.8,38.8
16.978396,3,2,0.269191,0.269191,0.2490,+0.02019,1,2,0.0260,1,1,+0.67079,+0.06090,0.04006,190.96,+0.47513,+0.47065,+0.00000,+0.09871,0.03604,0.5192,0,1,0,0,0.0000,+0.00000,+0.00000,0.0000,+0.000,+0.000,1.0000,0,1.0000,0,2,+0.000,+0.000,+0.000,+0.00000,-17.784,+0.00006,+0.00,+0.00000,0,+0.00000,+0.00000,0.00000,-4.366,0,38.8,38.8
16.982676,3,2,0.269019,0.269019,0.2490,+0.02002,1,2,0.0260,1,1,+0.67079,+0.06090,0.04006,190.96,+0.47108,+0.46664,+0.00000,+0.09787,0.03573,0.5148,0,1,0,0,0.0000,+0.00000,+0.00000,0.0000,+0.000,+0.000,1.0000,0,1.0000,0,2,+0.000,+0.000,+0.000,+0.00000,-17.784,+0.00006,+0.00,+0.00000,0,+0.00000,+0.00000,0.00000,-4.366,0,38.8,38.8
16.987813,3,2,0.268815,0.268815,0.2490,+0.01981,1,2,0.0260,1,1,+0.67079,+0.06090,0.04006,190.96,+0.46627,+0.46187,+0.00000,+0.09687,0.03537,0.5095,0,1,0,0,0.0000,+0.00000,+0.00000,0.0000,+0.000,+0.000,1.0000,0,1.0000,0,2,+0.000,+0.000,+0.000,+0.00000,-17.784,+0.00006,+0.00,+0.00000,0,+0.00000,+0.00000,0.00000,-4.366,0,38.8,38.8
16.998384,3,2,0.268400,0.268400,0.2490,+0.01940,1,2,0.0260,1,1,+0.67079,+0.06090,0.04006,190.96,+0.45651,+0.45221,+0.00000,+0.09485,0.03463,0.4989,0,1,0,0,0.0000,+0.00000,+0.00000,0.0000,+0.000,+0.000,1.0000,0,1.0000,0,2,+0.000,+0.000,+0.000,+0.00000,-17.784,+0.00006,+0.00,+0.00000,0,+0.00000,+0.00000,0.00000,-4.366,0,38.8,38.8
17.002884,3,2,0.268226,0.268226,0.2490,+0.01923,1,2,0.0260,1,1,+0.67079,+0.06090,0.04006,190.96,+0.45242,+0.44816,+0.00000,+0.09400,0.03432,0.4944,0,1,0,0,0.0000,+0.00000,+0.00000,0.0000,+0.000,+0.000,1.0000,0,1.0000,0,2,+0.000,+0.000,+0.000,+0.00000,-17.784,+0.00006,+0.00,+0.00000,0,+0.00000,+0.00000,0.00000,-4.366,0,38.8,38.8
17.007745,3,2,0.268040,0.268040,0.2490,+0.01904,1,2,0.0260,1,1,+0.67079,+0.06090,0.04006,190.96,+0.44804,+0.44382,+0.00000,+0.09309,0.03399,0.4896,0,1,0,0,0.0000,+0.00000,+0.00000,0.0000,+0.000,+0.000,1.0000,0,1.0000,0,2,+0.000,+0.000,+0.000,+0.00000,-17.784,+0.00006,+0.00,+0.00000,0,+0.00000,+0.00000,0.00000,-4.366,0,38.8,38.8
17.012264,3,2,0.267869,0.267869,0.2490,+0.01887,1,2,0.0260,1,1,+0.67079,+0.06090,0.04006,190.96,+0.44401,+0.43983,+0.00000,+0.09225,0.03368,0.4852,0,1,0,0,0.0000,+0.00000,+0.00000,0.0000,+0.000,+0.000,1.0000,0,1.0000,0,2,+0.000,+0.000,+0.000,+0.00000,-17.784,+0.00006,+0.00,+0.00000,0,+0.00000,+0.00000,0.00000,-4.366,0,38.8,38.8
17.017458,3,2,0.267674,0.267674,0.2490,+0.01867,1,2,0.0260,1,1,+0.67079,+0.06090,0.04006,190.96,+0.43942,+0.43528,+0.00000,+0.09129,0.03333,0.4802,0,1,0,0,0.0000,+0.00000,+0.00000,0.0000,+0.000,+0.000,1.0000,0,1.0000,0,2,+0.000,+0.000,+0.000,+0.00000,-17.784,+0.00006,+0.00,+0.00000,0,+0.00000,+0.00000,0.00000,-4.366,0,38.8,38.8
17.021925,3,2,0.267508,0.267508,0.2490,+0.01851,1,2,0.0260,1,1,+0.67079,+0.06090,0.04006,190.96,+0.43552,+0.43141,+0.00000,+0.09048,0.03304,0.4759,0,1,0,0,0.0000,+0.00000,+0.00000,0.0000,+0.000,+0.000,1.0000,0,1.0000,0,2,+0.000,+0.000,+0.000,+0.00000,-17.784,+0.00006,+0.00,+0.00000,0,+0.00000,+0.00000,0.00000,-4.366,0,38.8,38.8
17.026549,3,2,0.267338,0.267338,0.2490,+0.01834,1,2,0.0260,1,1,+0.67079,+0.06090,0.04006,190.96,+0.43151,+0.42744,+0.00000,+0.08965,0.03273,0.4715,0,1,0,0,0.0000,+0.00000,+0.00000,0.0000,+0.000,+0.000,1.0000,0,1.0000,0,2,+0.000,+0.000,+0.000,+0.00000,-17.784,+0.00006,+0.00,+0.00000,0,+0.00000,+0.00000,0.00000,-4.366,0,38.8,38.8
17.031065,3,2,0.267173,0.267173,0.2490,+0.01817,1,2,0.0260,1,1,+0.67079,+0.06090,0.04006,190.96,+0.42763,+0.42360,+0.00000,+0.08884,0.03244,0.4673,0,1,0,0,0.0000,+0.00000,+0.00000,0.0000,+0.000,+0.000,1.0000,0,1.0000,0,2,+0.000,+0.000,+0.000,+0.00000,-17.784,+0.00006,+0.00,+0.00000,0,+0.00000,+0.00000,0.00000,-4.366,0,38.8,38.8
17.035677,3,2,0.267006,0.267006,0.2490,+0.01801,1,2,0.0260,1,1,+0.67079,+0.06090,0.04006,190.96,+0.42370,+0.41971,+0.00000,+0.08803,0.03214,0.4630,0,1,0,0,0.0000,+0.00000,+0.00000,0.0000,+0.000,+0.000,1.0000,0,1.0000,0,2,+0.000,+0.000,+0.000,+0.00000,-17.784,+0.00006,+0.00,+0.00000,0,+0.00000,+0.00000,0.00000,-4.366,0,38.8,38.8
17.052299,3,2,0.266417,0.266417,0.2490,+0.01742,1,2,0.0260,1,1,+0.67079,+0.06090,0.04006,190.96,+0.40985,+0.40598,+0.00000,+0.08515,0.03109,0.4479,0,1,0,0,0.0000,+0.00000,+0.00000,0.0000,+0.000,+0.000,1.0000,0,1.0000,0,2,+0.000,+0.000,+0.000,+0.00000,-17.784,+0.00006,+0.00,+0.00000,0,+0.00000,+0.00000,0.00000,-4.366,0,38.8,38.8
17.056588,3,2,0.266268,0.266268,0.2490,+0.01727,1,2,0.0260,1,1,+0.67079,+0.06090,0.04006,190.96,+0.40635,+0.40252,+0.00000,+0.08442,0.03082,0.4440,0,1,0,0,0.0000,+0.00000,+0.00000,0.0000,+0.000,+0.000,1.0000,0,1.0000,0,2,+0.000,+0.000,+0.000,+0.00000,-17.784,+0.00006,+0.00,+0.00000,0,+0.00000,+0.00000,0.00000,-4.366,0,38.8,38.8
17.061092,3,2,0.266113,0.266113,0.2490,+0.01711,1,2,0.0260,1,1,+0.67079,+0.06090,0.04006,190.96,+0.40270,+0.39891,+0.00000,+0.08367,0.03055,0.4401,0,1,0,0,0.0000,+0.00000,+0.00000,0.0000,+0.000,+0.000,1.0000,0,1.0000,0,2,+0.000,+0.000,+0.000,+0.00000,-17.784,+0.00006,+0.00,+0.00000,0,+0.00000,+0.00000,0.00000,-4.366,0,38.8,38.8
17.065724,3,2,0.265956,0.265956,0.2490,+0.01696,1,2,0.0260,1,1,+0.67079,+0.06090,0.04006,190.96,+0.39899,+0.39523,+0.00000,+0.08289,0.03027,0.4360,0,1,0,0,0.0000,+0.00000,+0.00000,0.0000,+0.000,+0.000,1.0000,0,1.0000,0,2,+0.000,+0.000,+0.000,+0.00000,-17.784,+0.00006,+0.00,+0.00000,0,+0.00000,+0.00000,0.00000,-4.366,0,38.8,38.8
17.070402,3,2,0.265798,0.265798,0.2490,+0.01680,1,2,0.0260,1,1,+0.67079,+0.06090,0.04006,190.96,+0.39527,+0.39155,+0.00000,+0.08212,0.02998,0.4319,0,1,0,0,0.0000,+0.00000,+0.00000,0.0000,+0.000,+0.000,1.0000,0,1.0000,0,2,+0.000,+0.000,+0.000,+0.00000,-17.784,+0.00006,+0.00,+0.00000,0,+0.00000,+0.00000,0.00000,-4.366,0,38.8,38.8
17.075367,3,2,0.265632,0.265632,0.2490,+0.01663,1,2,0.0260,1,1,+0.67079,+0.06090,0.04006,190.96,+0.39137,+0.38768,+0.00000,+0.08131,0.02969,0.4277,0,1,0,0,0.0000,+0.00000,+0.00000,0.0000,+0.000,+0.000,1.0000,0,1.0000,0,2,+0.000,+0.000,+0.000,+0.00000,-17.784,+0.00006,+0.00,+0.00000,0,+0.00000,+0.00000,0.00000,-4.366,0,38.8,38.8
17.080558,3,2,0.265460,0.265460,0.2490,+0.01646,1,2,0.0260,1,1,+0.67079,+0.06090,0.04006,190.96,+0.38733,+0.38367,+0.00000,+0.08047,0.02938,0.4233,0,1,0,0,0.0000,+0.00000,+0.00000,0.0000,+0.000,+0.000,1.0000,0,1.0000,0,2,+0.000,+0.000,+0.000,+0.00000,-17.784,+0.00006,+0.00,+0.00000,0,+0.00000,+0.00000,0.00000,-4.366,0,38.8,38.8
17.085730,3,2,0.265291,0.265291,0.2490,+0.01629,1,2,0.0260,1,1,+0.67079,+0.06090,0.04006,190.96,+0.38334,+0.37973,+0.00000,+0.07964,0.02908,0.4189,0,1,0,0,0.0000,+0.00000,+0.00000,0.0000,+0.000,+0.000,1.0000,0,1.0000,0,2,+0.000,+0.000,+0.000,+0.00000,-17.784,+0.00006,+0.00,+0.00000,0,+0.00000,+0.00000,0.00000,-4.366,0,38.8,38.8
17.090611,3,2,0.265132,0.265132,0.2490,+0.01613,1,2,0.0260,1,1,+0.67079,+0.06090,0.04006,190.96,+0.37962,+0.37604,+0.00000,+0.07887,0.02880,0.4148,0,1,0,0,0.0000,+0.00000,+0.00000,0.0000,+0.000,+0.000,1.0000,0,1.0000,0,2,+0.000,+0.000,+0.000,+0.00000,-17.784,+0.00006,+0.00,+0.00000,0,+0.00000,+0.00000,0.00000,-4.366,0,38.8,38.8
17.095359,3,2,0.264980,0.264980,0.2490,+0.01598,1,2,0.0260,1,1,+0.67079,+0.06090,0.04006,190.96,+0.37603,+0.37248,+0.00000,+0.07812,0.02852,0.4109,0,1,0,0,0.0000,+0.00000,+0.00000,0.0000,+0.000,+0.000,1.0000,0,1.0000,0,2,+0.000,+0.000,+0.000,+0.00000,-17.784,+0.00006,+0.00,+0.00000,0,+0.00000,+0.00000,0.00000,-4.366,0,38.8,38.8
17.099891,3,2,0.264836,0.264836,0.2490,+0.01584,1,2,0.0260,1,1,+0.67079,+0.06090,0.04006,190.96,+0.37264,+0.36912,+0.00000,+0.07742,0.02827,0.4072,0,1,0,0,0.0000,+0.00000,+0.00000,0.0000,+0.000,+0.000,1.0000,0,1.0000,0,2,+0.000,+0.000,+0.000,+0.00000,-17.783,+0.00006,+0.00,+0.00000,0,+0.00000,+0.00000,0.00000,-4.366,0,38.8,38.8
17.105178,3,2,0.264669,0.264669,0.2490,+0.01567,1,2,0.0260,1,1,+0.67079,+0.06090,0.04006,190.96,+0.36872,+0.36524,+0.00000,+0.07660,0.02797,0.4029,0,1,0,0,0.0000,+0.00000,+0.00000,0.0000,+0.000,+0.000,1.0000,0,1.0000,0,2,+0.000,+0.000,+0.000,+0.00000,-17.783,+0.00006,+0.00,+0.00000,0,+0.00000,+0.00000,0.00000,-4.366,0,38.8,38.8
17.110714,3,2,0.264497,0.264497,0.2490,+0.01550,1,2,0.0260,1,1,+0.67079,+0.06090,0.04006,190.96,+0.36466,+0.36122,+0.00000,+0.07576,0.02766,0.3985,0,1,0,0,0.0000,+0.00000,+0.00000,0.0000,+0.000,+0.000,1.0000,0,1.0000,0,2,+0.000,+0.000,+0.000,+0.00000,-17.783,+0.00006,+0.00,+0.00000,0,+0.00000,+0.00000,0.00000,-4.366,0,38.8,38.8
17.115233,3,2,0.264357,0.264357,0.2490,+0.01536,1,2,0.0260,1,1,+0.67079,+0.06090,0.04006,190.96,+0.36138,+0.35797,+0.00000,+0.07508,0.02741,0.3949,0,1,0,0,0.0000,+0.00000,+0.00000,0.0000,+0.000,+0.000,1.0000,0,1.0000,0,2,+0.000,+0.000,+0.000,+0.00000,-17.783,+0.00006,+0.00,+0.00000,0,+0.00000,+0.00000,0.00000,-4.366,0,38.8,38.8
17.120245,3,2,0.264204,0.264204,0.2490,+0.01520,1,2,0.0260,1,1,+0.67079,+0.06090,0.04006,190.96,+0.35777,+0.35440,+0.00000,+0.07433,0.02714,0.3910,0,1,0,0,0.0000,+0.00000,+0.00000,0.0000,+0.000,+0.000,1.0000,0,1.0000,0,2,+0.000,+0.000,+0.000,+0.00000,-17.783,+0.00006,+0.00,+0.00000,0,+0.00000,+0.00000,0.00000,-4.366,0,38.8,38.8
17.125117,3,2,0.264057,0.264057,0.2490,+0.01506,1,2,0.0260,1,1,+0.67079,+0.06090,0.04006,190.96,+0.35430,+0.35096,+0.00000,+0.07361,0.02688,0.3872,0,1,0,0,0.0000,+0.00000,+0.00000,0.0000,+0.000,+0.000,1.0000,0,1.0000,0,2,+0.000,+0.000,+0.000,+0.00000,-17.783,+0.00006,+0.00,+0.00000,0,+0.00000,+0.00000,0.00000,-4.366,0,38.8,38.8
17.129943,3,2,0.263912,0.263912,0.2490,+0.01491,1,2,0.0260,1,1,+0.67079,+0.06090,0.04006,190.96,+0.35090,+0.34759,+0.00000,+0.07290,0.02662,0.3835,0,1,0,0,0.0000,+0.00000,+0.00000,0.0000,+0.000,+0.000,1.0000,0,1.0000,0,2,+0.000,+0.000,+0.000,+0.00000,-17.783,+0.00006,+0.00,+0.00000,0,+0.00000,+0.00000,0.00000,-4.366,0,38.8,38.8
17.134866,3,2,0.263766,0.263766,0.2490,+0.01477,1,2,0.0260,1,1,+0.67079,+0.06090,0.04006,190.96,+0.34746,+0.34418,+0.00000,+0.07219,0.02636,0.3797,0,1,0,0,0.0000,+0.00000,+0.00000,0.0000,+0.000,+0.000,1.0000,0,1.0000,0,2,+0.000,+0.000,+0.000,+0.00000,-17.783,+0.00006,+0.00,+0.00000,0,+0.00000,+0.00000,0.00000,-4.366,0,38.8,38.8
17.139442,3,2,0.263631,0.263631,0.2490,+0.01463,1,2,0.0260,1,1,+0.67079,+0.06090,0.04006,190.96,+0.34430,+0.34105,+0.00000,+0.07153,0.02612,0.3762,0,1,0,0,0.0000,+0.00000,+0.00000,0.0000,+0.000,+0.000,1.0000,0,1.0000,0,2,+0.000,+0.000,+0.000,+0.00000,-17.783,+0.00006,+0.00,+0.00000,0,+0.00000,+0.00000,0.00000,-4.366,0,38.8,38.8
17.144290,3,2,0.263490,0.263490,0.2490,+0.01449,1,2,0.0260,1,1,+0.67079,+0.06090,0.04006,190.96,+0.34097,+0.33776,+0.00000,+0.07084,0.02586,0.3726,0,1,0,0,0.0000,+0.00000,+0.00000,0.0000,+0.000,+0.000,1.0000,0,1.0000,0,2,+0.000,+0.000,+0.000,+0.00000,-17.783,+0.00006,+0.00,+0.00000,0,+0.00000,+0.00000,0.00000,-4.366,0,38.8,38.8
17.148697,3,2,0.263363,0.263363,0.2490,+0.01436,1,2,0.0260,1,1,+0.67079,+0.06090,0.04006,190.96,+0.33798,+0.33479,+0.00000,+0.07022,0.02564,0.3693,0,1,0,0,0.0000,+0.00000,+0.00000,0.0000,+0.000,+0.000,1.0000,0,1.0000,0,2,+0.000,+0.000,+0.000,+0.00000,-17.783,+0.00006,+0.00,+0.00000,0,+0.00000,+0.00000,0.00000,-4.366,0,38.8,38.8
17.153323,3,2,0.263231,0.263231,0.2490,+0.01423,1,2,0.0260,1,1,+0.67079,+0.06090,0.04006,190.96,+0.33487,+0.33171,+0.00000,+0.06957,0.02540,0.3659,0,1,0,0,0.0000,+0.00000,+0.00000,0.0000,+0.000,+0.000,1.0000,0,1.0000,0,2,+0.000,+0.000,+0.000,+0.00000,-17.783,+0.00006,+0.00,+0.00000,0,+0.00000,+0.00000,0.00000,-4.366,0,38.8,38.8
17.157695,3,2,0.263107,0.263107,0.2490,+0.01411,1,2,0.0260,1,1,+0.67079,+0.06090,0.04006,190.96,+0.33195,+0.32882,+0.00000,+0.06897,0.02518,0.3628,0,1,0,0,0.0000,+0.00000,+0.00000,0.0000,+0.000,+0.000,1.0000,0,1.0000,0,2,+0.000,+0.000,+0.000,+0.00000,-17.783,+0.00006,+0.00,+0.00000,0,+0.00000,+0.00000,0.00000,-4.366,0,38.8,38.8
17.162429,3,2,0.262974,0.262974,0.2490,+0.01397,1,2,0.0260,1,1,+0.67079,+0.06090,0.04006,190.96,+0.32882,+0.32572,+0.00000,+0.06832,0.02494,0.3593,0,1,0,0,0.0000,+0.00000,+0.00000,0.0000,+0.000,+0.000,1.0000,0,1.0000,0,2,+0.000,+0.000,+0.000,+0.00000,-17.783,+0.00006,+0.00,+0.00000,0,+0.00000,+0.00000,0.00000,-4.366,0,38.8,38.8
17.167051,3,2,0.262845,0.262845,0.2490,+0.01385,1,2,0.0260,1,1,+0.67079,+0.06090,0.04006,190.96,+0.32580,+0.32273,+0.00000,+0.06769,0.02471,0.3560,0,1,0,0,0.0000,+0.00000,+0.00000,0.0000,+0.000,+0.000,1.0000,0,1.0000,0,2,+0.000,+0.000,+0.000,+0.00000,-17.783,+0.00006,+0.00,+0.00000,0,+0.00000,+0.00000,0.00000,-4.366,0,38.8,38.8
17.171603,3,2,0.262720,0.262720,0.2490,+0.01372,1,2,0.0260,1,1,+0.67079,+0.06090,0.04006,190.96,+0.32285,+0.31980,+0.00000,+0.06707,0.02449,0.3528,0,1,0,0,0.0000,+0.00000,+0.00000,0.0000,+0.000,+0.000,1.0000,0,1.0000,0,2,+0.000,+0.000,+0.000,+0.00000,-17.783,+0.00006,+0.00,+0.00000,0,+0.00000,+0.00000,0.00000,-4.366,0,38.8,38.8
17.176196,3,2,0.262594,0.262594,0.2490,+0.01359,1,2,0.0260,1,1,+0.67079,+0.06090,0.04006,190.96,+0.31989,+0.31688,+0.00000,+0.06646,0.02427,0.3496,0,1,0,0,0.0000,+0.00000,+0.00000,0.0000,+0.000,+0.000,1.0000,0,1.0000,0,2,+0.000,+0.000,+0.000,+0.00000,-17.783,+0.00006,+0.00,+0.00000,0,+0.00000,+0.00000,0.00000,-4.366,0,38.8,38.8
17.180728,3,2,0.262472,0.262472,0.2490,+0.01347,1,2,0.0260,1,1,+0.67079,+0.06090,0.04006,190.96,+0.31701,+0.31402,+0.00000,+0.06586,0.02405,0.3464,0,1,0,0,0.0000,+0.00000,+0.00000,0.0000,+0.000,+0.000,1.0000,0,1.0000,0,2,+0.000,+0.000,+0.000,+0.00000,-17.783,+0.00006,+0.00,+0.00000,0,+0.00000,+0.00000,0.00000,-4.366,0,38.8,38.8
17.185036,3,2,0.262356,0.262356,0.2490,+0.01336,1,2,0.0260,1,1,+0.67079,+0.06090,0.04006,190.96,+0.31429,+0.31132,+0.00000,+0.06530,0.02384,0.3434,0,1,0,0,0.0000,+0.00000,+0.00000,0.0000,+0.000,+0.000,1.0000,0,1.0000,0,2,+0.000,+0.000,+0.000,+0.00000,-17.783,+0.00006,+0.00,+0.00000,0,+0.00000,+0.00000,0.00000,-4.366,0,38.8,38.8
17.189984,3,2,0.262225,0.262225,0.2490,+0.01322,1,2,0.0260,1,1,+0.67079,+0.06090,0.04006,190.96,+0.31119,+0.30826,+0.00000,+0.06465,0.02361,0.3401,0,1,0,0,0.0000,+0.00000,+0.00000,0.0000,+0.000,+0.000,1.0000,0,1.0000,0,2,+0.000,+0.000,+0.000,+0.00000,-17.783,+0.00006,+0.00,+0.00000,0,+0.00000,+0.00000,0.00000,-4.366,0,38.8,38.8
17.194280,3,2,0.262112,0.262112,0.2490,+0.01311,1,2,0.0260,1,1,+0.67079,+0.06090,0.04006,190.96,+0.30853,+0.30562,+0.00000,+0.06410,0.02340,0.3372,0,1,0,0,0.0000,+0.00000,+0.00000,0.0000,+0.000,+0.000,1.0000,0,1.0000,0,2,+0.000,+0.000,+0.000,+0.00000,-17.783,+0.00006,+0.00,+0.00000,0,+0.00000,+0.00000,0.00000,-4.366,0,38.8,38.8
17.198930,3,2,0.261990,0.261990,0.2490,+0.01299,1,2,0.0260,1,1,+0.67079,+0.06090,0.04006,190.96,+0.30568,+0.30279,+0.00000,+0.06351,0.02319,0.3340,0,1,0,0,0.0000,+0.00000,+0.00000,0.0000,+0.000,+0.000,1.0000,0,1.0000,0,2,+0.000,+0.000,+0.000,+0.00000,-17.783,+0.00006,+0.00,+0.00000,0,+0.00000,+0.00000,0.00000,-4.366,0,38.8,38.8
17.203434,3,2,0.261874,0.261874,0.2490,+0.01287,1,2,0.0260,1,1,+0.67079,+0.06090,0.04006,190.96,+0.30293,+0.30008,+0.00000,+0.06294,0.02298,0.3310,0,1,0,0,0.0000,+0.00000,+0.00000,0.0000,+0.000,+0.000,1.0000,0,1.0000,0,2,+0.000,+0.000,+0.000,+0.00000,-17.783,+0.00006,+0.00,+0.00000,0,+0.00000,+0.00000,0.00000,-4.366,0,38.8,38.8
17.208222,3,2,0.261751,0.261751,0.2490,+0.01275,1,2,0.0260,1,1,+0.67079,+0.06090,0.04006,190.96,+0.30005,+0.29722,+0.00000,+0.06234,0.02276,0.3279,0,1,0,0,0.0000,+0.00000,+0.00000,0.0000,+0.000,+0.000,1.0000,0,1.0000,0,2,+0.000,+0.000,+0.000,+0.00000,-17.783,+0.00006,+0.00,+0.00000,0,+0.00000,+0.00000,0.00000,-4.366,0,38.8,38.8
17.213106,3,2,0.261627,0.261627,0.2490,+0.01263,1,2,0.0260,1,1,+0.67079,+0.06090,0.04006,190.96,+0.29713,+0.29433,+0.00000,+0.06173,0.02254,0.3247,0,1,0,0,0.0000,+0.00000,+0.00000,0.0000,+0.000,+0.000,1.0000,0,1.0000,0,2,+0.000,+0.000,+0.000,+0.00000,-17.783,+0.00006,+0.00,+0.00000,0,+0.00000,+0.00000,0.00000,-4.366,0,38.8,38.8
17.220199,3,2,0.261449,0.261449,0.2490,+0.01245,1,2,0.0260,1,1,+0.67079,+0.06090,0.04006,190.96,+0.29294,+0.29018,+0.00000,+0.06086,0.02222,0.3201,0,1,0,0,0.0000,+0.00000,+0.00000,0.0000,+0.000,+0.000,1.0000,0,1.0000,0,2,+0.000,+0.000,+0.000,+0.00000,-17.783,+0.00006,+0.00,+0.00000,0,+0.00000,+0.00000,0.00000,-4.366,0,38.8,38.8
17.224866,3,2,0.261333,0.261333,0.2490,+0.01233,1,2,0.0260,1,1,+0.67079,+0.06090,0.04006,190.96,+0.29022,+0.28749,+0.00000,+0.06030,0.02202,0.3172,0,1,0,0,0.0000,+0.00000,+0.00000,0.0000,+0.000,+0.000,1.0000,0,1.0000,0,2,+0.000,+0.000,+0.000,+0.00000,-17.783,+0.00006,+0.00,+0.00000,0,+0.00000,+0.00000,0.00000,-4.366,0,38.8,38.8
17.229452,3,2,0.261221,0.261221,0.2490,+0.01222,1,2,0.0260,1,1,+0.67079,+0.06090,0.04006,190.96,+0.28757,+0.28486,+0.00000,+0.05975,0.02181,0.3143,0,1,0,0,0.0000,+0.00000,+0.00000,0.0000,+0.000,+0.000,1.0000,0,1.0000,0,2,+0.000,+0.000,+0.000,+0.00000,-17.783,+0.00006,+0.00,+0.00000,0,+0.00000,+0.00000,0.00000,-4.366,0,38.8,38.8
17.234197,3,2,0.261105,0.261105,0.2490,+0.01211,1,2,0.0260,1,1,+0.67079,+0.06090,0.04006,190.96,+0.28486,+0.28217,+0.00000,+0.05918,0.02161,0.3113,0,1,0,0,0.0000,+0.00000,+0.00000,0.0000,+0.000,+0.000,1.0000,0,1.0000,0,2,+0.000,+0.000,+0.000,+0.00000,-17.783,+0.00006,+0.00,+0.00000,0,+0.00000,+0.00000,0.00000,-4.366,0,38.8,38.8
17.238961,3,2,0.260991,0.260991,0.2490,+0.01199,1,2,0.0260,1,1,+0.67079,+0.06090,0.04006,190.96,+0.28216,+0.27950,+0.00000,+0.05862,0.02140,0.3083,0,1,0,0,0.0000,+0.00000,+0.00000,0.0000,+0.000,+0.000,1.0000,0,1.0000,0,2,+0.000,+0.000,+0.000,+0.00000,-17.783,+0.00006,+0.00,+0.00000,0,+0.00000,+0.00000,0.00000,-4.366,0,38.8,38.8
17.244608,3,2,0.260856,0.260856,0.2490,+0.01186,1,2,0.0260,1,1,+0.67079,+0.06090,0.04006,190.96,+0.27899,+0.27636,+0.00000,+0.05796,0.02116,0.3049,0,1,0,0,0.0000,+0.00000,+0.00000,0.0000,+0.000,+0.000,1.0000,0,1.0000,0,2,+0.000,+0.000,+0.000,+0.00000,-17.783,+0.00006,+0.00,+0.00000,0,+0.00000,+0.00000,0.00000,-4.366,0,38.8,38.8
17.249359,3,2,0.260744,0.260744,0.2490,+0.01174,1,2,0.0260,1,1,+0.67079,+0.06090,0.04006,190.96,+0.27635,+0.27374,+0.00000,+0.05741,0.02096,0.3020,0,1,0,0,0.0000,+0.00000,+0.00000,0.0000,+0.000,+0.000,1.0000,0,1.0000,0,2,+0.000,+0.000,+0.000,+0.00000,-17.783,+0.00006,+0.00,+0.00000,0,+0.00000,+0.00000,0.00000,-4.366,0,38.8,38.8
17.253816,3,2,0.260640,0.260640,0.2490,+0.01164,1,2,0.0260,1,1,+0.67079,+0.06090,0.04006,190.96,+0.27390,+0.27131,+0.00000,+0.05690,0.02078,0.2993,0,1,0,0,0.0000,+0.00000,+0.00000,0.0000,+0.000,+0.000,1.0000,0,1.0000,0,2,+0.000,+0.000,+0.000,+0.00000,-17.783,+0.00006,+0.00,+0.00000,0,+0.00000,+0.00000,0.00000,-4.366,0,38.8,38.8
17.258393,3,2,0.260534,0.260534,0.2490,+0.01153,1,2,0.0260,1,1,+0.67079,+0.06090,0.04006,190.96,+0.27140,+0.26884,+0.00000,+0.05639,0.02059,0.2966,0,1,0,0,0.0000,+0.00000,+0.00000,0.0000,+0.000,+0.000,1.0000,0,1.0000,0,2,+0.000,+0.000,+0.000,+0.00000,-17.783,+0.00006,+0.00,+0.00000,0,+0.00000,+0.00000,0.00000,-4.366,0,38.8,38.8
17.262997,3,2,0.260428,0.260428,0.2490,+0.01143,1,2,0.0260,1,1,+0.67079,+0.06090,0.04006,190.96,+0.26891,+0.26638,+0.00000,+0.05587,0.02040,0.2939,0,1,0,0,0.0000,+0.00000,+0.00000,0.0000,+0.000,+0.000,1.0000,0,1.0000,0,2,+0.000,+0.000,+0.000,+0.00000,-17.783,+0.00006,+0.00,+0.00000,0,+0.00000,+0.00000,0.00000,-4.366,0,38.8,38.8
17.267356,3,2,0.260329,0.260329,0.2490,+0.01133,1,2,0.0260,1,1,+0.67079,+0.06090,0.04006,190.96,+0.26658,+0.26407,+0.00000,+0.05538,0.02022,0.2913,0,1,0,0,0.0000,+0.00000,+0.00000,0.0000,+0.000,+0.000,1.0000,0,1.0000,0,2,+0.000,+0.000,+0.000,+0.00000,-17.783,+0.00006,+0.00,+0.00000,0,+0.00000,+0.00000,0.00000,-4.366,0,38.8,38.8
17.271907,3,2,0.260226,0.260226,0.2490,+0.01123,1,2,0.0260,1,1,+0.67079,+0.06090,0.04006,190.96,+0.26416,+0.26167,+0.00000,+0.05488,0.02004,0.2887,0,1,0,0,0.0000,+0.00000,+0.00000,0.0000,+0.000,+0.000,1.0000,0,1.0000,0,2,+0.000,+0.000,+0.000,+0.00000,-17.783,+0.00006,+0.00,+0.00000,0,+0.00000,+0.00000,0.00000,-4.366,0,38.8,38.8
17.276395,3,2,0.260126,0.260126,0.2490,+0.01113,1,2,0.0260,1,1,+0.67079,+0.06090,0.04006,190.96,+0.26180,+0.25933,+0.00000,+0.05439,0.01986,0.2861,0,1,0,0,0.0000,+0.00000,+0.00000,0.0000,+0.000,+0.000,1.0000,0,1.0000,0,2,+0.000,+0.000,+0.000,+0.00000,-17.783,+0.00006,+0.00,+0.00000,0,+0.00000,+0.00000,0.00000,-4.366,0,126.8,21.0
17.280945,3,2,0.260025,0.260025,0.2490,+0.01102,1,2,0.0260,1,1,+0.67079,+0.06090,0.04006,190.96,+0.25943,+0.25699,+0.00000,+0.05390,0.01968,0.2835,0,1,0,0,0.0000,+0.00000,+0.00000,0.0000,+0.000,+0.000,1.0000,0,1.0000,0,2,+0.000,+0.000,+0.000,+0.00000,-17.783,+0.00006,+0.00,+0.00000,0,+0.00000,+0.00000,0.00000,-4.366,0,126.8,21.0
17.285838,3,2,0.259918,0.259918,0.2490,+0.01092,1,2,0.0260,1,1,+0.67079,+0.06090,0.04006,190.96,+0.25691,+0.25448,+0.00000,+0.05337,0.01949,0.2807,0,1,0,0,0.0000,+0.00000,+0.00000,0.0000,+0.000,+0.000,1.0000,0,1.0000,0,2,+0.000,+0.000,+0.000,+0.00000,-17.783,+0.00006,+0.00,+0.00000,0,+0.00000,+0.00000,0.00000,-4.366,0,126.8,21.0
17.290020,3,2,0.259827,0.259827,0.2490,+0.01083,1,2,0.0260,1,1,+0.67079,+0.06090,0.04006,190.96,+0.25477,+0.25236,+0.00000,+0.05293,0.01933,0.2784,0,1,0,0,0.0000,+0.00000,+0.00000,0.0000,+0.000,+0.000,1.0000,0,1.0000,0,2,+0.000,+0.000,+0.000,+0.00000,-17.783,+0.00006,+0.00,+0.00000,0,+0.00000,+0.00000,0.00000,-4.366,0,126.8,21.0
17.294561,3,2,0.259729,0.259729,0.2490,+0.01073,1,2,0.0260,1,1,+0.67079,+0.06090,0.04006,190.96,+0.25246,+0.25008,+0.00000,+0.05245,0.01915,0.2759,0,1,0,0,0.0000,+0.00000,+0.00000,0.0000,+0.000,+0.000,1.0000,0,1.0000,0,2,+0.000,+0.000,+0.000,+0.00000,-17.783,+0.00006,+0.00,+0.00000,0,+0.00000,+0.00000,0.00000,-4.366,0,126.8,21.0
17.298806,3,2,0.259638,0.259638,0.2490,+0.01064,1,2,0.0260,1,1,+0.67079,+0.06090,0.04006,190.96,+0.25033,+0.24797,+0.00000,+0.05201,0.01899,0.2736,0,1,0,0,0.0000,+0.00000,+0.00000,0.0000,+0.000,+0.000,1.0000,0,1.0000,0,2,+0.000,+0.000,+0.000,+0.00000,-17.783,+0.00006,+0.00,+0.00000,0,+0.00000,+0.00000,0.00000,-4.366,0,126.8,21.0
17.303342,3,2,0.259542,0.259542,0.2490,+0.01054,1,2,0.0260,1,1,+0.67079,+0.06090,0.04006,190.96,+0.24807,+0.24573,+0.00000,+0.05154,0.01882,0.2711,0,1,0,0,0.0000,+0.00000,+0.00000,0.0000,+0.000,+0.000,1.0000,0,1.0000,0,2,+0.000,+0.000,+0.000,+0.00000,-17.783,+0.00006,+0.00,+0.00000,0,+0.00000,+0.00000,0.00000,-4.366,0,126.8,21.0
17.311228,3,2,0.259377,0.259377,0.2490,+0.01038,1,2,0.0260,1,1,+0.67079,+0.06090,0.04006,190.96,+0.24419,+0.24188,+0.00000,+0.05073,0.01852,0.2668,0,1,0,0,0.0000,+0.00000,+0.00000,0.0000,+0.000,+0.000,1.0000,0,1.0000,0,2,+0.000,+0.000,+0.000,+0.00000,-17.783,+0.00006,+0.00,+0.00000,0,+0.00000,+0.00000,0.00000,-4.366,0,126.8,21.0
17.315943,3,2,0.259280,0.259280,0.2490,+0.01028,1,2,0.0260,1,1,+0.67079,+0.06090,0.04006,190.96,+0.24189,+0.23961,+0.00000,+0.05026,0.01835,0.2643,0,1,0,0,0.0000,+0.00000,+0.00000,0.0000,+0.000,+0.000,1.0000,0,1.0000,0,2,+0.000,+0.000,+0.000,+0.00000,-17.783,+0.00006,+0.00,+0.00000,0,+0.00000,+0.00000,0.00000,-4.366,0,126.8,21.0
17.320229,3,2,0.259192,0.259192,0.2490,+0.01019,1,2,0.0260,1,1,+0.67079,+0.06090,0.04006,190.96,+0.23983,+0.23757,+0.00000,+0.04983,0.01819,0.2621,0,1,0,0,0.0000,+0.00000,+0.00000,0.0000,+0.000,+0.000,1.0000,0,1.0000,0,2,+0.000,+0.000,+0.000,+0.00000,-17.783,+0.00006,+0.00,+0.00000,0,+0.00000,+0.00000,0.00000,-4.366,0,126.8,21.0
17.324753,3,2,0.259100,0.259100,0.2490,+0.01010,1,2,0.0260,1,1,+0.67079,+0.06090,0.04006,190.96,+0.23767,+0.23543,+0.00000,+0.04938,0.01803,0.2597,0,1,0,0,0.0000,+0.00000,+0.00000,0.0000,+0.000,+0.000,1.0000,0,1.0000,0,2,+0.000,+0.000,+0.000,+0.00000,-17.783,+0.00006,+0.00,+0.00000,0,+0.00000,+0.00000,0.00000,-4.366,0,126.8,21.0
17.329172,3,2,0.259011,0.259011,0.2490,+0.01001,1,2,0.0260,1,1,+0.67079,+0.06090,0.04006,190.96,+0.23558,+0.23336,+0.00000,+0.04894,0.01787,0.2574,0,1,0,0,0.0000,+0.00000,+0.00000,0.0000,+0.000,+0.000,1.0000,0,1.0000,0,2,+0.000,+0.000,+0.000,+0.00000,-17.783,+0.00006,+0.00,+0.00000,0,+0.00000,+0.00000,0.00000,-4.366,0,126.8,21.0
17.333740,3,2,0.258920,0.258920,0.2490,+0.00992,1,2,0.0260,1,1,+0.67079,+0.06090,0.04006,190.96,+0.23343,+0.23123,+0.00000,+0.04850,0.01771,0.2551,0,1,0,0,0.0000,+0.00000,+0.00000,0.0000,+0.000,+0.000,1.0000,0,1.0000,0,2,+0.000,+0.000,+0.000,+0.00000,-17.783,+0.00006,+0.00,+0.00000,0,+0.00000,+0.00000,0.00000,-4.366,0,126.8,21.0
17.338498,3,2,0.258826,0.258826,0.2490,+0.00983,1,2,0.0260,1,1,+0.67079,+0.06090,0.04006,190.96,+0.23122,+0.22904,+0.00000,+0.04804,0.01754,0.2527,0,1,0,0,0.0000,+0.00000,+0.00000,0.0000,+0.000,+0.000,1.0000,0,1.0000,0,2,+0.000,+0.000,+0.000,+0.00000,-17.783,+0.00006,+0.00,+0.00000,0,+0.00000,+0.00000,0.00000,-4.366,0,126.8,21.0
17.342689,3,2,0.258744,0.258744,0.2490,+0.00974,1,2,0.0260,1,1,+0.67079,+0.06090,0.04006,190.96,+0.22929,+0.22713,+0.00000,+0.04764,0.01739,0.2506,0,1,0,0,0.0000,+0.00000,+0.00000,0.0000,+0.000,+0.000,1.0000,0,1.0000,0,2,+0.000,+0.000,+0.000,+0.00000,-17.783,+0.00006,+0.00,+0.00000,0,+0.00000,+0.00000,0.00000,-4.366,0,126.8,21.0
17.347205,3,2,0.258657,0.258657,0.2490,+0.00966,1,2,0.0260,1,1,+0.67079,+0.06090,0.04006,190.96,+0.22723,+0.22509,+0.00000,+0.04721,0.01724,0.2483,0,1,0,0,0.0000,+0.00000,+0.00000,0.0000,+0.000,+0.000,1.0000,0,1.0000,0,2,+0.000,+0.000,+0.000,+0.00000,-17.783,+0.00006,+0.00,+0.00000,0,+0.00000,+0.00000,0.00000,-4.366,0,126.8,21.0
17.351750,3,2,0.258569,0.258569,0.2490,+0.00957,1,2,0.0260,1,1,+0.67079,+0.06090,0.04006,190.96,+0.22518,+0.22305,+0.00000,+0.04678,0.01708,0.2461,0,1,0,0,0.0000,+0.00000,+0.00000,0.0000,+0.000,+0.000,1.0000,0,1.0000,0,2,+0.000,+0.000,+0.000,+0.00000,-17.783,+0.00006,+0.00,+0.00000,0,+0.00000,+0.00000,0.00000,-4.366,0,126.8,21.0
17.356375,3,2,0.258481,0.258481,0.2490,+0.00948,1,2,0.0260,1,1,+0.67079,+0.06090,0.04006,190.96,+0.22310,+0.22100,+0.00000,+0.04635,0.01692,0.2438,0,1,0,0,0.0000,+0.00000,+0.00000,0.0000,+0.000,+0.000,1.0000,0,1.0000,0,2,+0.000,+0.000,+0.000,+0.00000,-17.783,+0.00006,+0.00,+0.00000,0,+0.00000,+0.00000,0.00000,-4.366,0,126.8,21.0
17.360613,3,2,0.258401,0.258401,0.2490,+0.00940,1,2,0.0260,1,1,+0.67079,+0.06090,0.04006,190.96,+0.22122,+0.21913,+0.00000,+0.04596,0.01678,0.2417,0,1,0,0,0.0000,+0.00000,+0.00000,0.0000,+0.000,+0.000,1.0000,0,1.0000,0,2,+0.000,+0.000,+0.000,+0.00000,-17.783,+0.00006,+0.00,+0.00000,0,+0.00000,+0.00000,0.00000,-4.366,0,126.8,21.0
17.365157,3,2,0.258316,0.258316,0.2490,+0.00932,1,2,0.0260,1,1,+0.67079,+0.06090,0.04006,190.96,+0.21922,+0.21715,+0.00000,+0.04554,0.01663,0.2396,0,1,0,0,0.0000,+0.00000,+0.00000,0.0000,+0.000,+0.000,1.0000,0,1.0000,0,2,+0.000,+0.000,+0.000,+0.00000,-17.783,+0.00006,+0.00,+0.00000,0,+0.00000,+0.00000,0.00000,-4.366,0,126.8,21.0
17.369723,3,2,0.258231,0.258231,0.2490,+0.00923,1,2,0.0260,1,1,+0.67079,+0.06090,0.04006,190.96,+0.21723,+0.21518,+0.00000,+0.04513,0.01648,0.2374,0,1,0,0,0.0000,+0.00000,+0.00000,0.0000,+0.000,+0.000,1.0000,0,1.0000,0,2,+0.000,+0.000,+0.000,+0.00000,-17.783,+0.00006,+0.00,+0.00000,0,+0.00000,+0.00000,0.00000,-4.366,0,126.8,21.0
17.374444,3,2,0.258145,0.258145,0.2490,+0.00914,1,2,0.0260,1,1,+0.67079,+0.06090,0.04006,190.96,+0.21518,+0.21316,+0.00000,+0.04471,0.01632,0.2351,0,1,0,0,0.0000,+0.00000,+0.00000,0.0000,+0.000,+0.000,1.0000,0,1.0000,0,2,+0.000,+0.000,+0.000,+0.00000,-17.783,+0.00006,+0.00,+0.00000,0,+0.00000,+0.00000,0.00000,-4.366,0,126.8,21.0
17.381255,3,2,0.258021,0.258021,0.2490,+0.00902,1,2,0.0260,1,1,+0.67079,+0.06090,0.04006,190.96,+0.21227,+0.21027,+0.00000,+0.04410,0.01610,0.2320,0,1,0,0,0.0000,+0.00000,+0.00000,0.0000,+0.000,+0.000,1.0000,0,1.0000,0,2,+0.000,+0.000,+0.000,+0.00000,-17.783,+0.00006,+0.00,+0.00000,0,+0.00000,+0.00000,0.00000,-4.366,0,126.8,21.0
17.387715,3,2,0.257905,0.257905,0.2490,+0.00891,1,2,0.0260,1,1,+0.67079,+0.06090,0.04006,190.96,+0.20955,+0.20757,+0.00000,+0.04354,0.01590,0.2290,0,1,0,0,0.0000,+0.00000,+0.00000,0.0000,+0.000,+0.000,1.0000,0,1.0000,0,2,+0.000,+0.000,+0.000,+0.00000,-17.783,+0.00006,+0.00,+0.00000,0,+0.00000,+0.00000,0.00000,-4.366,0,126.8,21.0
17.392327,3,2,0.257823,0.257823,0.2490,+0.00882,1,2,0.0260,1,1,+0.67079,+0.06090,0.04006,190.96,+0.20762,+0.20567,+0.00000,+0.04314,0.01575,0.2269,0,1,0,0,0.0000,+0.00000,+0.00000,0.0000,+0.000,+0.000,1.0000,0,1.0000,0,2,+0.000,+0.000,+0.000,+0.00000,-17.783,+0.00006,+0.00,+0.00000,0,+0.00000,+0.00000,0.00000,-4.366,0,126.8,21.0
17.397072,3,2,0.257740,0.257740,0.2490,+0.00874,1,2,0.0260,1,1,+0.67079,+0.06090,0.04006,190.96,+0.20566,+0.20372,+0.00000,+0.04273,0.01560,0.2247,0,1,0,0,0.0000,+0.00000,+0.00000,0.0000,+0.000,+0.000,1.0000,0,1.0000,0,2,+0.000,+0.000,+0.000,+0.00000,-17.783,+0.00006,+0.00,+0.00000,0,+0.00000,+0.00000,0.00000,-4.366,0,126.8,21.0
17.401444,3,2,0.257664,0.257664,0.2490,+0.00866,1,2,0.0260,1,1,+0.67079,+0.06090,0.04006,190.96,+0.20387,+0.20195,+0.00000,+0.04236,0.01546,0.2228,0,1,0,0,0.0000,+0.00000,+0.00000,0.0000,+0.000,+0.000,1.0000,0,1.0000,0,2,+0.000,+0.000,+0.000,+0.00000,-17.783,+0.00006,+0.00,+0.00000,0,+0.00000,+0.00000,0.00000,-4.366,0,126.8,21.0
17.405815,3,2,0.257588,0.257588,0.2490,+0.00859,1,2,0.0260,1,1,+0.67079,+0.06090,0.04006,190.96,+0.20210,+0.20019,+0.00000,+0.04199,0.01533,0.2208,0,1,0,0,0.0000,+0.00000,+0.00000,0.0000,+0.000,+0.000,1.0000,0,1.0000,0,2,+0.000,+0.000,+0.000,+0.00000,-17.783,+0.00006,+0.00,+0.00000,0,+0.00000,+0.00000,0.00000,-4.366,0,126.8,21.0
17.409976,3,2,0.257517,0.257517,0.2490,+0.00852,1,2,0.0260,1,1,+0.67079,+0.06090,0.04006,190.96,+0.20042,+0.19853,+0.00000,+0.04164,0.01520,0.2190,0,1,0,0,0.0000,+0.00000,+0.00000,0.0000,+0.000,+0.000,1.0000,0,1.0000,0,2,+0.000,+0.000,+0.000,+0.00000,-17.782,+0.00006,+0.00,+0.00000,0,+0.00000,+0.00000,0.00000,-4.366,0,126.8,21.0
17.414735,3,2,0.257437,0.257437,0.2490,+0.00844,1,2,0.0260,1,1,+0.67079,+0.06090,0.04006,190.96,+0.19852,+0.19665,+0.00000,+0.04125,0.01506,0.2169,0,1,0,0,0.0000,+0.00000,+0.00000,0.0000,+0.000,+0.000,1.0000,0,1.0000,0,2,+0.000,+0.000,+0.000,+0.00000,-17.782,+0.00006,+0.00,+0.00000,0,+0.00000,+0.00000,0.00000,-4.365,0,126.8,21.0
17.422187,3,2,0.257312,0.257312,0.2490,+0.00831,1,2,0.0260,1,1,+0.67079,+0.06090,0.04006,190.96,+0.19559,+0.19374,+0.00000,+0.04064,0.01484,0.2137,0,1,0,0,0.0000,+0.00000,+0.00000,0.0000,+0.000,+0.000,1.0000,0,1.0000,0,2,+0.000,+0.000,+0.000,+0.00000,-17.782,+0.00006,+0.00,+0.00000,0,+0.00000,+0.00000,0.00000,-4.365,0,126.8,21.0
17.426478,3,2,0.257241,0.257241,0.2490,+0.00824,1,2,0.0260,1,1,+0.67079,+0.06090,0.04006,190.96,+0.19392,+0.19209,+0.00000,+0.04029,0.01471,0.2119,0,1,0,0,0.0000,+0.00000,+0.00000,0.0000,+0.000,+0.000,1.0000,0,1.0000,0,2,+0.000,+0.000,+0.000,+0.00000,-17.782,+0.00006,+0.00,+0.00000,0,+0.00000,+0.00000,0.00000,-4.365,0,126.8,21.0
17.431445,3,2,0.257159,0.257159,0.2490,+0.00816,1,2,0.0260,1,1,+0.67079,+0.06090,0.04006,190.96,+0.19200,+0.19019,+0.00000,+0.03989,0.01456,0.2098,0,1,0,0,0.0000,+0.00000,+0.00000,0.0000,+0.000,+0.000,1.0000,0,1.0000,0,2,+0.000,+0.000,+0.000,+0.00000,-17.782,+0.00006,+0.00,+0.00000,0,+0.00000,+0.00000,0.00000,-4.365,0,126.8,21.0
17.435754,3,2,0.257089,0.257089,0.2490,+0.00809,1,2,0.0260,1,1,+0.67079,+0.06090,0.04006,190.96,+0.19035,+0.18856,+0.00000,+0.03955,0.01444,0.2080,0,1,0,0,0.0000,+0.00000,+0.00000,0.0000,+0.000,+0.000,1.0000,0,1.0000,0,2,+0.000,+0.000,+0.000,+0.00000,-17.782,+0.00006,+0.00,+0.00000,0,+0.00000,+0.00000,0.00000,-4.365,0,126.8,21.0
17.440441,3,2,0.257014,0.257014,0.2490,+0.00801,1,2,0.0260,1,1,+0.67079,+0.06090,0.04006,190.96,+0.18858,+0.18680,+0.00000,+0.03918,0.01430,0.2061,0,1,0,0,0.0000,+0.00000,+0.00000,0.0000,+0.000,+0.000,1.0000,0,1.0000,0,2,+0.000,+0.000,+0.000,+0.00000,-17.782,+0.00006,+0.00,+0.00000,0,+0.00000,+0.00000,0.00000,-4.365,0,126.8,21.0
17.447943,3,2,0.256894,0.256894,0.2490,+0.00789,1,2,0.0260,1,1,+0.67079,+0.06090,0.04006,190.96,+0.18577,+0.18402,+0.00000,+0.03860,0.01409,0.2030,0,1,0,0,0.0000,+0.00000,+0.00000,0.0000,+0.000,+0.000,1.0000,0,1.0000,0,2,+0.000,+0.000,+0.000,+0.00000,-17.782,+0.00006,+0.00,+0.00000,0,+0.00000,+0.00000,0.00000,-4.365,0,126.8,21.0
17.452360,3,2,0.256825,0.256825,0.2490,+0.00783,1,2,0.0260,1,1,+0.67079,+0.06090,0.04006,190.96,+0.18413,+0.18240,+0.00000,+0.03826,0.01397,0.2012,0,1,0,0,0.0000,+0.00000,+0.00000,0.0000,+0.000,+0.000,1.0000,0,1.0000,0,2,+0.000,+0.000,+0.000,+0.00000,-17.782,+0.00006,+0.00,+0.00000,0,+0.00000,+0.00000,0.00000,-4.365,0,126.8,21.0
17.456678,3,2,0.256758,0.256758,0.2490,+0.00776,1,2,0.0260,1,1,+0.67079,+0.06090,0.04006,190.96,+0.18255,+0.18083,+0.00000,+0.03793,0.01385,0.1995,0,1,0,0,0.0000,+0.00000,+0.00000,0.0000,+0.000,+0.000,1.0000,0,1.0000,0,2,+0.000,+0.000,+0.000,+0.00000,-17.782,+0.00006,+0.00,+0.00000,0,+0.00000,+0.00000,0.00000,-4.365,0,126.8,21.0
17.461323,3,2,0.256686,0.256686,0.2490,+0.00769,1,2,0.0260,1,1,+0.67079,+0.06090,0.04006,190.96,+0.18086,+0.17916,+0.00000,+0.03758,0.01372,0.1976,0,1,0,0,0.0000,+0.00000,+0.00000,0.0000,+0.000,+0.000,1.0000,0,1.0000,0,2,+0.000,+0.000,+0.000,+0.00000,-17.782,+0.00006,+0.00,+0.00000,0,+0.00000,+0.00000,0.00000,-4.365,0,126.8,21.0
17.465861,3,2,0.256617,0.256617,0.2490,+0.00762,1,2,0.0260,1,1,+0.67079,+0.06090,0.04006,190.96,+0.17923,+0.17754,+0.00000,+0.03724,0.01360,0.1959,0,1,0,0,0.0000,+0.00000,+0.00000,0.0000,+0.000,+0.000,1.0000,0,1.0000,0,2,+0.000,+0.000,+0.000,+0.00000,-17.782,+0.00006,+0.00,+0.00000,0,+0.00000,+0.00000,0.00000,-4.365,0,126.8,21.0
17.470523,3,2,0.256546,0.256546,0.2490,+0.00755,1,2,0.0260,1,1,+0.67079,+0.06090,0.04006,190.96,+0.17756,+0.17589,+0.00000,+0.03689,0.01347,0.1940,0,1,0,0,0.0000,+0.00000,+0.00000,0.0000,+0.000,+0.000,1.0000,0,1.0000,0,2,+0.000,+0.000,+0.000,+0.00000,-17.782,+0.00006,+0.00,+0.00000,0,+0.00000,+0.00000,0.00000,-4.365,0,126.8,21.0
17.476968,3,2,0.256449,0.256449,0.2490,+0.00745,1,2,0.0260,1,1,+0.67079,+0.06090,0.04006,190.96,+0.17529,+0.17364,+0.00000,+0.03642,0.01330,0.1916,0,1,0,0,0.0000,+0.00000,+0.00000,0.0000,+0.000,+0.000,1.0000,0,1.0000,0,2,+0.000,+0.000,+0.000,+0.00000,-17.782,+0.00006,+0.00,+0.00000,0,+0.00000,+0.00000,0.00000,-4.365,0,126.8,21.0
17.482455,3,2,0.256368,0.256368,0.2490,+0.00737,1,2,0.0260,1,1,+0.67079,+0.06090,0.04006,190.96,+0.17338,+0.17174,+0.00000,+0.03602,0.01315,0.1895,0,1,0,0,0.0000,+0.00000,+0.00000,0.0000,+0.000,+0.000,1.0000,0,1.0000,0,2,+0.000,+0.000,+0.000,+0.00000,-17.782,+0.00006,+0.00,+0.00000,0,+0.00000,+0.00000,0.00000,-4.365,0,126.8,21.0
17.487045,3,2,0.256301,0.256301,0.2490,+0.00730,1,2,0.0260,1,1,+0.67079,+0.06090,0.04006,190.96,+0.17179,+0.17017,+0.00000,+0.03569,0.01303,0.1877,0,1,0,0,0.0000,+0.00000,+0.00000,0.0000,+0.000,+0.000,1.0000,0,1.0000,0,2,+0.000,+0.000,+0.000,+0.00000,-17.782,+0.00006,+0.00,+0.00000,0,+0.00000,+0.00000,0.00000,-4.365,0,126.8,21.0
17.491735,3,2,0.256232,0.256232,0.2490,+0.00723,1,2,0.0260,1,1,+0.67079,+0.06090,0.04006,190.96,+0.17019,+0.16858,+0.00000,+0.03536,0.01291,0.1860,0,1,0,0,0.0000,+0.00000,+0.00000,0.0000,+0.000,+0.000,1.0000,0,1.0000,0,2,+0.000,+0.000,+0.000,+0.00000,-17.782,+0.00006,+0.00,+0.00000,0,+0.00000,+0.00000,0.00000,-4.365,0,126.8,21.0
17.496449,3,2,0.256165,0.256165,0.2490,+0.00716,1,2,0.0260,1,1,+0.67079,+0.06090,0.04006,190.96,+0.16859,+0.16700,+0.00000,+0.03503,0.01279,0.1842,0,1,0,0,0.0000,+0.00000,+0.00000,0.0000,+0.000,+0.000,1.0000,0,1.0000,0,2,+0.000,+0.000,+0.000,+0.00000,-17.782,+0.00006,+0.00,+0.00000,0,+0.00000,+0.00000,0.00000,-4.365,0,126.8,21.0
17.501486,3,2,0.256093,0.256093,0.2490,+0.00709,1,2,0.0260,1,1,+0.67079,+0.06090,0.04006,190.96,+0.16690,+0.16533,+0.00000,+0.03468,0.01266,0.1824,0,1,0,0,0.0000,+0.00000,+0.00000,0.0000,+0.000,+0.000,1.0000,0,1.0000,0,2,+0.000,+0.000,+0.000,+0.00000,-17.782,+0.00006,+0.00,+0.00000,0,+0.00000,+0.00000,0.00000,-4.365,0,126.8,21.0
17.506098,3,2,0.256028,0.256028,0.2490,+0.00703,1,2,0.0260,1,1,+0.67079,+0.06090,0.04006,190.96,+0.16537,+0.16381,+0.00000,+0.03436,0.01254,0.1807,0,1,0,0,0.0000,+0.00000,+0.00000,0.0000,+0.000,+0.000,1.0000,0,1.0000,0,2,+0.000,+0.000,+0.000,+0.00000,-17.782,+0.00006,+0.00,+0.00000,0,+0.00000,+0.00000,0.00000,-4.365,0,126.8,21.0
17.510367,3,2,0.255968,0.255968,0.2490,+0.00697,1,2,0.0260,1,1,+0.67079,+0.06090,0.04006,190.96,+0.16396,+0.16242,+0.00000,+0.03407,0.01244,0.1792,0,1,0,0,0.0000,+0.00000,+0.00000,0.0000,+0.000,+0.000,1.0000,0,1.0000,0,2,+0.000,+0.000,+0.000,+0.00000,-17.782,+0.00006,+0.00,+0.00000,0,+0.00000,+0.00000,0.00000,-4.365,0,126.8,21.0
17.515241,3,2,0.255900,0.255900,0.2490,+0.00690,1,2,0.0260,1,1,+0.67079,+0.06090,0.04006,190.96,+0.16237,+0.16084,+0.00000,+0.03373,0.01232,0.1774,0,1,0,0,0.0000,+0.00000,+0.00000,0.0000,+0.000,+0.000,1.0000,0,1.0000,0,2,+0.000,+0.000,+0.000,+0.00000,-17.782,+0.00006,+0.00,+0.00000,0,+0.00000,+0.00000,0.00000,-4.365,0,126.8,21.0
17.520055,3,2,0.255834,0.255834,0.2490,+0.00683,1,2,0.0260,1,1,+0.67079,+0.06090,0.04006,190.96,+0.16082,+0.15930,+0.00000,+0.03341,0.01220,0.1757,0,1,0,0,0.0000,+0.00000,+0.00000,0.0000,+0.000,+0.000,1.0000,0,1.0000,0,2,+0.000,+0.000,+0.000,+0.00000,-17.782,+0.00006,+0.00,+0.00000,0,+0.00000,+0.00000,0.00000,-4.365,0,126.8,21.0
17.524629,3,2,0.255772,0.255772,0.2490,+0.00677,1,2,0.0260,1,1,+0.67079,+0.06090,0.04006,190.96,+0.15935,+0.15785,+0.00000,+0.03311,0.01209,0.1741,0,1,0,0,0.0000,+0.00000,+0.00000,0.0000,+0.000,+0.000,1.0000,0,1.0000,0,2,+0.000,+0.000,+0.000,+0.00000,-17.782,+0.00006,+0.00,+0.00000,0,+0.00000,+0.00000,0.00000,-4.365,0,126.8,21.0
17.529179,3,2,0.255711,0.255711,0.2490,+0.00671,1,2,0.0260,1,1,+0.67079,+0.06090,0.04006,190.96,+0.15791,+0.15642,+0.00000,+0.03281,0.01198,0.1726,0,1,0,0,0.0000,+0.00000,+0.00000,0.0000,+0.000,+0.000,1.0000,0,1.0000,0,2,+0.000,+0.000,+0.000,+0.00000,-17.782,+0.00006,+0.00,+0.00000,0,+0.00000,+0.00000,0.00000,-4.365,0,126.8,21.0
17.533708,3,2,0.255650,0.255650,0.2490,+0.00665,1,2,0.0260,1,1,+0.67079,+0.06090,0.04006,190.96,+0.15649,+0.15501,+0.00000,+0.03251,0.01187,0.1710,0,1,0,0,0.0000,+0.00000,+0.00000,0.0000,+0.000,+0.000,1.0000,0,1.0000,0,2,+0.000,+0.000,+0.000,+0.00000,-17.782,+0.00006,+0.00,+0.00000,0,+0.00000,+0.00000,0.00000,-4.365,0,126.8,21.0
17.538302,3,2,0.255589,0.255589,0.2490,+0.00659,1,2,0.0260,1,1,+0.67079,+0.06090,0.04006,190.96,+0.15505,+0.15359,+0.00000,+0.03221,0.01176,0.1694,0,1,0,0,0.0000,+0.00000,+0.00000,0.0000,+0.000,+0.000,1.0000,0,1.0000,0,2,+0.000,+0.000,+0.000,+0.00000,-17.782,+0.00006,+0.00,+0.00000,0,+0.00000,+0.00000,0.00000,-4.365,0,126.8,21.0
17.543511,3,2,0.255521,0.255521,0.2490,+0.00652,1,2,0.0260,1,1,+0.67079,+0.06090,0.04006,190.96,+0.15345,+0.15200,+0.00000,+0.03188,0.01164,0.1677,0,1,0,0,0.0000,+0.00000,+0.00000,0.0000,+0.000,+0.000,1.0000,0,1.0000,0,2,+0.000,+0.000,+0.000,+0.00000,-17.782,+0.00006,+0.00,+0.00000,0,+0.00000,+0.00000,0.00000,-4.365,0,126.8,21.0
17.547843,3,2,0.255465,0.255465,0.2490,+0.00646,1,2,0.0260,1,1,+0.67079,+0.06090,0.04006,190.96,+0.15212,+0.15069,+0.00000,+0.03161,0.01154,0.1662,0,1,0,0,0.0000,+0.00000,+0.00000,0.0000,+0.000,+0.000,1.0000,0,1.0000,0,2,+0.000,+0.000,+0.000,+0.00000,-17.782,+0.00006,+0.00,+0.00000,0,+0.00000,+0.00000,0.00000,-4.365,0,126.8,21.0
17.553260,3,2,0.255395,0.255395,0.2490,+0.00640,1,2,0.0260,1,1,+0.67079,+0.06090,0.04006,190.96,+0.15048,+0.14907,+0.00000,+0.03126,0.01142,0.1644,0,1,0,0,0.0000,+0.00000,+0.00000,0.0000,+0.000,+0.000,1.0000,0,1.0000,0,2,+0.000,+0.000,+0.000,+0.00000,-17.782,+0.00006,+0.00,+0.00000,0,+0.00000,+0.00000,0.00000,-4.365,0,126.8,21.0
17.557670,3,2,0.255339,0.255339,0.2490,+0.00634,1,2,0.0260,1,1,+0.67079,+0.06090,0.04006,190.96,+0.14916,+0.14776,+0.00000,+0.03099,0.01131,0.1630,0,1,0,0,0.0000,+0.00000,+0.00000,0.0000,+0.000,+0.000,1.0000,0,1.0000,0,2,+0.000,+0.000,+0.000,+0.00000,-17.782,+0.00006,+0.00,+0.00000,0,+0.00000,+0.00000,0.00000,-4.365,0,126.8,21.0
17.562197,3,2,0.255282,0.255282,0.2490,+0.00628,1,2,0.0260,1,1,+0.67079,+0.06090,0.04006,190.96,+0.14782,+0.14643,+0.00000,+0.03071,0.01121,0.1615,0,1,0,0,0.0000,+0.00000,+0.00000,0.0000,+0.000,+0.000,1.0000,0,1.0000,0,2,+0.000,+0.000,+0.000,+0.00000,-17.782,+0.00006,+0.00,+0.00000,0,+0.00000,+0.00000,0.00000,-4.365,0,126.8,21.0
17.566508,3,2,0.255228,0.255228,0.2490,+0.00623,1,2,0.0260,1,1,+0.67079,+0.06090,0.04006,190.96,+0.14655,+0.14517,+0.00000,+0.03045,0.01112,0.1601,0,1,0,0,0.0000,+0.00000,+0.00000,0.0000,+0.000,+0.000,1.0000,0,1.0000,0,2,+0.000,+0.000,+0.000,+0.00000,-17.782,+0.00006,+0.00,+0.00000,0,+0.00000,+0.00000,0.00000,-4.365,0,126.8,21.0
17.571068,3,2,0.255171,0.255171,0.2490,+0.00617,1,2,0.0260,1,1,+0.67079,+0.06090,0.04006,190.96,+0.14522,+0.14385,+0.00000,+0.03017,0.01102,0.1587,0,1,0,0,0.0000,+0.00000,+0.00000,0.0000,+0.000,+0.000,1.0000,0,1.0000,0,2,+0.000,+0.000,+0.000,+0.00000,-17.782,+0.00006,+0.00,+0.00000,0,+0.00000,+0.00000,0.00000,-4.365,0,126.8,21.0
17.575468,3,2,0.255117,0.255117,0.2490,+0.00612,1,2,0.0260,1,1,+0.67079,+0.06090,0.04006,190.96,+0.14395,+0.14259,+0.00000,+0.02991,0.01092,0.1573,0,1,0,0,0.0000,+0.00000,+0.00000,0.0000,+0.000,+0.000,1.0000,0,1.0000,0,2,+0.000,+0.000,+0.000,+0.00000,-17.782,+0.00006,+0.00,+0.00000,0,+0.00000,+0.00000,0.00000,-4.365,0,126.8,21.0
17.579871,3,2,0.255064,0.255064,0.2490,+0.00606,1,2,0.0260,1,1,+0.67079,+0.06090,0.04006,190.96,+0.14269,+0.14134,+0.00000,+0.02964,0.01082,0.1559,0,1,0,0,0.0000,+0.00000,+0.00000,0.0000,+0.000,+0.000,1.0000,0,1.0000,0,2,+0.000,+0.000,+0.000,+0.00000,-17.782,+0.00006,+0.00,+0.00000,0,+0.00000,+0.00000,0.00000,-4.365,0,126.8,21.0
17.584516,3,2,0.255008,0.255008,0.2490,+0.00601,1,2,0.0260,1,1,+0.67079,+0.06090,0.04006,190.96,+0.14137,+0.14003,+0.00000,+0.02937,0.01072,0.1545,0,1,0,0,0.0000,+0.00000,+0.00000,0.0000,+0.000,+0.000,1.0000,0,1.0000,0,2,+0.000,+0.000,+0.000,+0.00000,-17.782,+0.00006,+0.00,+0.00000,0,+0.00000,+0.00000,0.00000,-4.365,0,126.8,21.0
17.589220,3,2,0.254951,0.254951,0.2490,+0.00595,1,2,0.0260,1,1,+0.67079,+0.06090,0.04006,190.96,+0.14004,+0.13872,+0.00000,+0.02910,0.01062,0.1530,0,1,0,0,0.0000,+0.00000,+0.00000,0.0000,+0.000,+0.000,1.0000,0,1.0000,0,2,+0.000,+0.000,+0.000,+0.00000,-17.782,+0.00006,+0.00,+0.00000,0,+0.00000,+0.00000,0.00000,-4.365,0,126.8,21.0
17.593430,3,2,0.254901,0.254901,0.2490,+0.00590,1,2,0.0260,1,1,+0.67079,+0.06090,0.04006,190.96,+0.13887,+0.13756,+0.00000,+0.02885,0.01053,0.1518,0,1,0,0,0.0000,+0.00000,+0.00000,0.0000,+0.000,+0.000,1.0000,0,1.0000,0,2,+0.000,+0.000,+0.000,+0.00000,-17.782,+0.00006,+0.00,+0.00000,0,+0.00000,+0.00000,0.00000,-4.365,0,126.8,21.0
17.598028,3,2,0.254847,0.254847,0.2490,+0.00585,1,2,0.0260,1,1,+0.67079,+0.06090,0.04006,190.96,+0.13760,+0.13630,+0.00000,+0.02859,0.01044,0.1504,0,1,0,0,0.0000,+0.00000,+0.00000,0.0000,+0.000,+0.000,1.0000,0,1.0000,0,2,+0.000,+0.000,+0.000,+0.00000,-17.782,+0.00006,+0.00,+0.00000,0,+0.00000,+0.00000,0.00000,-4.365,0,126.8,21.0
17.602417,3,2,0.254796,0.254796,0.2490,+0.00580,1,2,0.0260,1,1,+0.67079,+0.06090,0.04006,190.96,+0.13639,+0.13511,+0.00000,+0.02834,0.01035,0.1490,0,1,0,0,0.0000,+0.00000,+0.00000,0.0000,+0.000,+0.000,1.0000,0,1.0000,0,2,+0.000,+0.000,+0.000,+0.00000,-17.782,+0.00006,+0.00,+0.00000,0,+0.00000,+0.00000,0.00000,-4.365,0,126.8,21.0
17.607012,3,2,0.254743,0.254743,0.2490,+0.00574,1,2,0.0260,1,1,+0.67079,+0.06090,0.04006,190.96,+0.13515,+0.13387,+0.00000,+0.02808,0.01025,0.1477,0,1,0,0,0.0000,+0.00000,+0.00000,0.0000,+0.000,+0.000,1.0000,0,1.0000,0,2,+0.000,+0.000,+0.000,+0.00000,-17.782,+0.00006,+0.00,+0.00000,0,+0.00000,+0.00000,0.00000,-4.365,0,126.8,21.0
17.611588,3,2,0.254691,0.254691,0.2490,+0.00569,1,2,0.0260,1,1,+0.67079,+0.06090,0.04006,190.96,+0.13392,+0.13265,+0.00000,+0.02782,0.01016,0.1463,0,1,0,0,0.0000,+0.00000,+0.00000,0.0000,+0.000,+0.000,1.0000,0,1.0000,0,2,+0.000,+0.000,+0.000,+0.00000,-17.782,+0.00006,+0.00,+0.00000,0,+0.00000,+0.00000,0.00000,-4.365,0,126.8,21.0
17.616286,3,2,0.254638,0.254638,0.2490,+0.00564,1,2,0.0260,1,1,+0.67079,+0.06090,0.04006,190.96,+0.13266,+0.13141,+0.00000,+0.02756,0.01006,0.1450,0,1,0,0,0.0000,+0.00000,+0.00000,0.0000,+0.000,+0.000,1.0000,0,1.0000,0,2,+0.000,+0.000,+0.000,+0.00000,-17.782,+0.00006,+0.00,+0.00000,0,+0.00000,+0.00000,0.00000,-4.365,0,126.8,21.0
17.620798,3,2,0.254587,0.254587,0.2490,+0.00559,1,2,0.0260,1,1,+0.67079,+0.06090,0.04006,190.96,+0.13147,+0.13023,+0.00000,+0.02731,0.00997,0.1437,0,1,0,0,0.0000,+0.00000,+0.00000,0.0000,+0.000,+0.000,1.0000,0,1.0000,0,2,+0.000,+0.000,+0.000,+0.00000,-17.782,+0.00006,+0.00,+0.00000,0,+0.00000,+0.00000,0.00000,-4.365,0,126.8,21.0
17.625520,3,2,0.254535,0.254535,0.2490,+0.00553,1,2,0.0260,1,1,+0.67079,+0.06090,0.04006,190.96,+0.13024,+0.12901,+0.00000,+0.02706,0.00988,0.1423,0,1,0,0,0.0000,+0.00000,+0.00000,0.0000,+0.000,+0.000,1.0000,0,1.0000,0,2,+0.000,+0.000,+0.000,+0.00000,-17.782,+0.00006,+0.00,+0.00000,0,+0.00000,+0.00000,0.00000,-4.365,0,126.8,21.0
17.629839,3,2,0.254487,0.254487,0.2490,+0.00549,1,2,0.0260,1,1,+0.67079,+0.06090,0.04006,190.96,+0.12912,+0.12790,+0.00000,+0.02683,0.00979,0.1411,0,1,0,0,0.0000,+0.00000,+0.00000,0.0000,+0.000,+0.000,1.0000,0,1.0000,0,2,+0.000,+0.000,+0.000,+0.00000,-17.782,+0.00006,+0.00,+0.00000,0,+0.00000,+0.00000,0.00000,-4.365,0,126.8,21.0
17.635065,3,2,0.254430,0.254430,0.2490,+0.00543,1,2,0.0260,1,1,+0.67079,+0.06090,0.04006,190.96,+0.12777,+0.12657,+0.00000,+0.02655,0.00969,0.1396,0,1,0,0,0.0000,+0.00000,+0.00000,0.0000,+0.000,+0.000,1.0000,0,1.0000,0,2,+0.000,+0.000,+0.000,+0.00000,-17.782,+0.00006,+0.00,+0.00000,0,+0.00000,+0.00000,0.00000,-4.365,0,126.8,21.0
17.639979,3,2,0.254377,0.254377,0.2490,+0.00538,1,2,0.0260,1,1,+0.67079,+0.06090,0.04006,190.96,+0.12652,+0.12533,+0.00000,+0.02629,0.00960,0.1383,0,1,0,0,0.0000,+0.00000,+0.00000,0.0000,+0.000,+0.000,1.0000,0,1.0000,0,2,+0.000,+0.000,+0.000,+0.00000,-17.782,+0.00006,+0.00,+0.00000,0,+0.00000,+0.00000,0.00000,-4.365,0,126.8,21.0
17.644608,3,2,0.254327,0.254327,0.2490,+0.00533,1,2,0.0260,1,1,+0.67079,+0.06090,0.04006,190.96,+0.12536,+0.12418,+0.00000,+0.02604,0.00951,0.1370,0,1,0,0,0.0000,+0.00000,+0.00000,0.0000,+0.000,+0.000,1.0000,0,1.0000,0,2,+0.000,+0.000,+0.000,+0.00000,-17.782,+0.00006,+0.00,+0.00000,0,+0.00000,+0.00000,0.00000,-4.365,0,126.8,21.0
17.649192,3,2,0.254279,0.254279,0.2490,+0.00528,1,2,0.0260,1,1,+0.67079,+0.06090,0.04006,190.96,+0.12421,+0.12304,+0.00000,+0.02581,0.00942,0.1357,0,1,0,0,0.0000,+0.00000,+0.00000,0.0000,+0.000,+0.000,1.0000,0,1.0000,0,2,+0.000,+0.000,+0.000,+0.00000,-17.782,+0.00006,+0.00,+0.00000,0,+0.00000,+0.00000,0.00000,-4.365,0,126.8,21.0
17.653734,3,2,0.254231,0.254231,0.2490,+0.00523,1,2,0.0260,1,1,+0.67079,+0.06090,0.04006,190.96,+0.12309,+0.12193,+0.00000,+0.02557,0.00934,0.1345,0,1,0,0,0.0000,+0.00000,+0.00000,0.0000,+0.000,+0.000,1.0000,0,1.0000,0,2,+0.000,+0.000,+0.000,+0.00000,-17.782,+0.00006,+0.00,+0.00000,0,+0.00000,+0.00000,0.00000,-4.365,0,126.8,21.0
17.658270,3,2,0.254184,0.254184,0.2490,+0.00518,1,2,0.0260,1,1,+0.67079,+0.06090,0.04006,190.96,+0.12198,+0.12083,+0.00000,+0.02534,0.00925,0.1333,0,1,0,0,0.0000,+0.00000,+0.00000,0.0000,+0.000,+0.000,1.0000,0,1.0000,0,2,+0.000,+0.000,+0.000,+0.00000,-17.782,+0.00006,+0.00,+0.00000,0,+0.00000,+0.00000,0.00000,-4.365,0,126.8,21.0
17.663265,3,2,0.254132,0.254132,0.2490,+0.00513,1,2,0.0260,1,1,+0.67079,+0.06090,0.04006,190.96,+0.12077,+0.11963,+0.00000,+0.02509,0.00916,0.1320,0,1,0,0,0.0000,+0.00000,+0.00000,0.0000,+0.000,+0.000,1.0000,0,1.0000,0,2,+0.000,+0.000,+0.000,+0.00000,-17.782,+0.00006,+0.00,+0.00000,0,+0.00000,+0.00000,0.00000,-4.365,0,126.8,21.0
17.677545,3,2,0.253988,0.253988,0.2490,+0.00499,1,2,0.0260,1,1,+0.67079,+0.06090,0.04006,190.96,+0.11737,+0.11626,+0.00000,+0.02438,0.00890,0.1283,0,1,0,0,0.0000,+0.00000,+0.00000,0.0000,+0.000,+0.000,1.0000,0,1.0000,0,2,+0.000,+0.000,+0.000,+0.00000,-17.782,+0.00006,+0.00,+0.00000,0,+0.00000,+0.00000,0.00000,-4.365,0,126.8,21.0
17.682864,3,2,0.253935,0.253935,0.2490,+0.00493,1,2,0.0260,1,1,+0.67079,+0.06090,0.04006,190.96,+0.11612,+0.11503,+0.00000,+0.02413,0.00881,0.1269,0,1,0,0,0.0000,+0.00000,+0.00000,0.0000,+0.000,+0.000,1.0000,0,1.0000,0,2,+0.000,+0.000,+0.000,+0.00000,-17.782,+0.00006,+0.00,+0.00000,0,+0.00000,+0.00000,0.00000,-4.365,0,126.8,21.0
17.687593,3,2,0.253888,0.253888,0.2490,+0.00489,1,2,0.0260,1,1,+0.67079,+0.06090,0.04006,190.96,+0.11503,+0.11395,+0.00000,+0.02390,0.00873,0.1257,0,1,0,0,0.0000,+0.00000,+0.00000,0.0000,+0.000,+0.000,1.0000,0,1.0000,0,2,+0.000,+0.000,+0.000,+0.00000,-17.782,+0.00006,+0.00,+0.00000,0,+0.00000,+0.00000,0.00000,-4.365,0,126.8,21.0
17.692096,3,2,0.253845,0.253845,0.2490,+0.00484,1,2,0.0260,1,1,+0.67079,+0.06090,0.04006,190.96,+0.11400,+0.11292,+0.00000,+0.02368,0.00865,0.1246,0,1,0,0,0.0000,+0.00000,+0.00000,0.0000,+0.000,+0.000,1.0000,0,1.0000,0,2,+0.000,+0.000,+0.000,+0.00000,-17.782,+0.00006,+0.00,+0.00000,0,+0.00000,+0.00000,0.00000,-4.365,0,126.8,21.0
17.696678,3,2,0.253800,0.253800,0.2490,+0.00480,1,2,0.0260,1,1,+0.67079,+0.06090,0.04006,190.96,+0.11296,+0.11189,+0.00000,+0.02347,0.00857,0.1234,0,1,0,0,0.0000,+0.00000,+0.00000,0.0000,+0.000,+0.000,1.0000,0,1.0000,0,2,+0.000,+0.000,+0.000,+0.00000,-17.782,+0.00006,+0.00,+0.00000,0,+0.00000,+0.00000,0.00000,-4.365,0,126.8,21.0
17.701014,3,2,0.253759,0.253759,0.2490,+0.00476,1,2,0.0260,1,1,+0.67079,+0.06090,0.04006,190.96,+0.11198,+0.11093,+0.00000,+0.02327,0.00849,0.1224,0,1,0,0,0.0000,+0.00000,+0.00000,0.0000,+0.000,+0.000,1.0000,0,1.0000,0,2,+0.000,+0.000,+0.000,+0.00000,-17.782,+0.00006,+0.00,+0.00000,0,+0.00000,+0.00000,0.00000,-4.365,0,126.8,21.0
17.715324,3,2,0.253625,0.253625,0.2490,+0.00462,1,2,0.0260,1,1,+0.67079,+0.06090,0.04006,190.96,+0.10882,+0.10780,+0.00000,+0.02261,0.00825,0.1189,0,1,0,0,0.0000,+0.00000,+0.00000,0.0000,+0.000,+0.000,1.0000,0,1.0000,0,2,+0.000,+0.000,+0.000,+0.00000,-17.782,+0.00006,+0.00,+0.00000,0,+0.00000,+0.00000,0.00000,-4.365,0,126.8,21.0
17.722050,3,2,0.253563,0.253563,0.2490,+0.00456,1,2,0.0260,1,1,+0.67079,+0.06090,0.04006,190.96,+0.10737,+0.10636,+0.00000,+0.02231,0.00814,0.1173,0,1,0,0,0.0000,+0.00000,+0.00000,0.0000,+0.000,+0.000,1.0000,0,1.0000,0,2,+0.000,+0.000,+0.000,+0.00000,-17.781,+0.00006,+0.00,+0.00000,0,+0.00000,+0.00000,0.00000,-4.365,0,126.8,21.0
17.726839,3,2,0.253519,0.253519,0.2490,+0.00452,1,2,0.0260,1,1,+0.67079,+0.06090,0.04006,190.96,+0.10635,+0.10534,+0.00000,+0.02209,0.00807,0.1162,0,1,0,0,0.0000,+0.00000,+0.00000,0.0000,+0.000,+0.000,1.0000,0,1.0000,0,2,+0.000,+0.000,+0.000,+0.00000,-17.781,+0.00006,+0.00,+0.00000,0,+0.00000,+0.00000,0.00000,-4.365,0,126.8,21.0
17.732254,3,2,0.253471,0.253471,0.2490,+0.00447,1,2,0.0260,1,1,+0.67079,+0.06090,0.04006,190.96,+0.10520,+0.10421,+0.00000,+0.02186,0.00798,0.1150,0,1,0,0,0.0000,+0.00000,+0.00000,0.0000,+0.000,+0.000,1.0000,0,1.0000,0,2,+0.000,+0.000,+0.000,+0.00000,-17.781,+0.00006,+0.00,+0.00000,0,+0.00000,+0.00000,0.00000,-4.365,0,126.8,21.0
17.737116,3,2,0.253427,0.253427,0.2490,+0.00443,1,2,0.0260,1,1,+0.67079,+0.06090,0.04006,190.96,+0.10418,+0.10320,+0.00000,+0.02165,0.00790,0.1138,0,1,0,0,0.0000,+0.00000,+0.00000,0.0000,+0.000,+0.000,1.0000,0,1.0000,0,2,+0.000,+0.000,+0.000,+0.00000,-17.781,+0.00006,+0.00,+0.00000,0,+0.00000,+0.00000,0.00000,-4.365,0,126.8,21.0
17.741855,3,2,0.253386,0.253386,0.2490,+0.00439,1,2,0.0260,1,1,+0.67079,+0.06090,0.04006,190.96,+0.10320,+0.10223,+0.00000,+0.02144,0.00783,0.1128,0,1,0,0,0.0000,+0.00000,+0.00000,0.0000,+0.000,+0.000,1.0000,0,1.0000,0,2,+0.000,+0.000,+0.000,+0.00000,-17.781,+0.00006,+0.00,+0.00000,0,+0.00000,+0.00000,0.00000,-4.365,0,126.8,21.0
17.746527,3,2,0.253345,0.253345,0.2490,+0.00434,1,2,0.0260,1,1,+0.67079,+0.06090,0.04006,190.96,+0.10224,+0.10128,+0.00000,+0.02124,0.00776,0.1117,0,1,0,0,0.0000,+0.00000,+0.00000,0.0000,+0.000,+0.000,1.0000,0,1.0000,0,2,+0.000,+0.000,+0.000,+0.00000,-17.781,+0.00006,+0.00,+0.00000,0,+0.00000,+0.00000,0.00000,-4.365,0,126.8,21.0
17.751161,3,2,0.253305,0.253305,0.2490,+0.00430,1,2,0.0260,1,1,+0.67079,+0.06090,0.04006,190.96,+0.10130,+0.10034,+0.00000,+0.02105,0.00768,0.1107,0,1,0,0,0.0000,+0.00000,+0.00000,0.0000,+0.000,+0.000,1.0000,0,1.0000,0,2,+0.000,+0.000,+0.000,+0.00000,-17.781,+0.00006,+0.00,+0.00000,0,+0.00000,+0.00000,0.00000,-4.365,0,126.8,21.0
17.755743,3,2,0.253266,0.253266,0.2490,+0.00427,1,2,0.0260,1,1,+0.67079,+0.06090,0.04006,190.96,+0.10037,+0.09943,+0.00000,+0.02085,0.00761,0.1097,0,1,0,0,0.0000,+0.00000,+0.00000,0.0000,+0.000,+0.000,1.0000,0,1.0000,0,2,+0.000,+0.000,+0.000,+0.00000,-17.781,+0.00006,+0.00,+0.00000,0,+0.00000,+0.00000,0.00000,-4.365,0,126.8,21.0
17.760019,3,2,0.253229,0.253229,0.2490,+0.00423,1,2,0.0260,1,1,+0.67079,+0.06090,0.04006,190.96,+0.09952,+0.09858,+0.00000,+0.02068,0.00755,0.1088,0,1,0,0,0.0000,+0.00000,+0.00000,0.0000,+0.000,+0.000,1.0000,0,1.0000,0,2,+0.000,+0.000,+0.000,+0.00000,-17.781,+0.00006,+0.00,+0.00000,0,+0.00000,+0.00000,0.00000,-4.365,0,126.8,21.0
17.764209,3,2,0.253194,0.253194,0.2490,+0.00419,1,2,0.0260,1,1,+0.67079,+0.06090,0.04006,190.96,+0.09869,+0.09776,+0.00000,+0.02050,0.00749,0.1078,0,1,0,0,0.0000,+0.00000,+0.00000,0.0000,+0.000,+0.000,1.0000,0,1.0000,0,2,+0.000,+0.000,+0.000,+0.00000,-17.781,+0.00006,+0.00,+0.00000,0,+0.00000,+0.00000,0.00000,-4.365,0,126.8,21.0
17.768730,3,2,0.253156,0.253156,0.2490,+0.00416,1,2,0.0260,1,1,+0.67079,+0.06090,0.04006,190.96,+0.09780,+0.09688,+0.00000,+0.02032,0.00742,0.1069,0,1,0,0,0.0000,+0.00000,+0.00000,0.0000,+0.000,+0.000,1.0000,0,1.0000,0,2,+0.000,+0.000,+0.000,+0.00000,-17.781,+0.00006,+0.00,+0.00000,0,+0.00000,+0.00000,0.00000,-4.365,0,126.8,21.0
17.773538,3,2,0.253116,0.253116,0.2490,+0.00412,1,2,0.0260,1,1,+0.67079,+0.06090,0.04006,190.96,+0.09686,+0.09595,+0.00000,+0.02012,0.00735,0.1059,0,1,0,0,0.0000,+0.00000,+0.00000,0.0000,+0.000,+0.000,1.0000,0,1.0000,0,2,+0.000,+0.000,+0.000,+0.00000,-17.781,+0.00006,+0.00,+0.00000,0,+0.00000,+0.00000,0.00000,-4.365,0,126.8,21.0
17.778036,3,2,0.253080,0.253080,0.2490,+0.00408,1,2,0.0260,1,1,+0.67079,+0.06090,0.04006,190.96,+0.09600,+0.09509,+0.00000,+0.01994,0.00728,0.1049,0,1,0,0,0.0000,+0.00000,+0.00000,0.0000,+0.000,+0.000,1.0000,0,1.0000,0,2,+0.000,+0.000,+0.000,+0.00000,-17.781,+0.00006,+0.00,+0.00000,0,+0.00000,+0.00000,0.00000,-4.365,0,126.8,21.0
17.782331,3,2,0.253045,0.253045,0.2490,+0.00404,1,2,0.0260,1,1,+0.67079,+0.06090,0.04006,190.96,+0.09518,+0.09428,+0.00000,+0.01977,0.00722,0.1040,0,1,0,0,0.0000,+0.00000,+0.00000,0.0000,+0.000,+0.000,1.0000,0,1.0000,0,2,+0.000,+0.000,+0.000,+0.00000,-17.781,+0.00006,+0.00,+0.00000,0,+0.00000,+0.00000,0.00000,-4.365,0,126.8,21.0
17.787000,3,2,0.253007,0.253007,0.2490,+0.00401,1,2,0.0260,1,1,+0.67079,+0.06090,0.04006,190.96,+0.09429,+0.09340,+0.00000,+0.01959,0.00715,0.1030,0,1,0,0,0.0000,+0.00000,+0.00000,0.0000,+0.000,+0.000,1.0000,0,1.0000,0,2,+0.000,+0.000,+0.000,+0.00000,-17.781,+0.00006,+0.00,+0.00000,0,+0.00000,+0.00000,0.00000,-4.365,0,126.8,21.0
17.792145,3,2,0.252966,0.252966,0.2490,+0.00397,1,2,0.0260,1,1,+0.67079,+0.06090,0.04006,190.96,+0.09333,+0.09245,+0.00000,+0.01939,0.00708,0.1020,0,1,0,0,0.0000,+0.00000,+0.00000,0.0000,+0.000,+0.000,1.0000,0,1.0000,0,2,+0.000,+0.000,+0.000,+0.00000,-17.781,+0.00006,+0.00,+0.00000,0,+0.00000,+0.00000,0.00000,-4.365,0,126.8,21.0
17.797030,3,2,0.252927,0.252927,0.2490,+0.00393,1,2,0.0260,1,1,+0.67079,+0.06090,0.04006,190.96,+0.09242,+0.09155,+0.00000,+0.01920,0.00701,0.1010,0,1,0,0,0.0000,+0.00000,+0.00000,0.0000,+0.000,+0.000,1.0000,0,1.0000,0,2,+0.000,+0.000,+0.000,+0.00000,-17.781,+0.00006,+0.00,+0.00000,0,+0.00000,+0.00000,0.00000,-4.365,0,126.8,21.0
17.801559,3,2,0.252892,0.252892,0.2490,+0.00389,1,2,0.0260,1,1,+0.67079,+0.06090,0.04006,190.96,+0.09158,+0.09072,+0.00000,+0.01903,0.00695,0.1001,0,1,0,0,0.0000,+0.00000,+0.00000,0.0000,+0.000,+0.000,1.0000,0,1.0000,0,2,+0.000,+0.000,+0.000,+0.00000,-17.781,+0.00006,+0.00,+0.00000,0,+0.00000,+0.00000,0.00000,-4.365,0,126.8,21.0
17.818872,3,2,0.252760,0.252760,0.2490,+0.00376,1,2,0.0260,1,1,+0.67079,+0.06090,0.04006,190.96,+0.08847,+0.08763,+0.00000,+0.01838,0.00671,0.0967,0,1,0,0,0.0000,+0.00000,+0.00000,0.0000,+0.000,+0.000,1.0000,0,1.0000,0,2,+0.000,+0.000,+0.000,+0.00000,-17.781,+0.00006,+0.00,+0.00000,0,+0.00000,+0.00000,0.00000,-4.365,0,126.8,21.0
17.823986,3,2,0.252721,0.252721,0.2490,+0.00372,1,2,0.0260,1,1,+0.67079,+0.06090,0.04006,190.96,+0.08757,+0.08674,+0.00000,+0.01819,0.00664,0.0957,0,1,0,0,0.0000,+0.00000,+0.00000,0.0000,+0.000,+0.000,1.0000,0,1.0000,0,2,+0.000,+0.000,+0.000,+0.00000,-17.781,+0.00006,+0.00,+0.00000,0,+0.00000,+0.00000,0.00000,-4.365,0,126.8,21.0
17.828485,3,2,0.252688,0.252688,0.2490,+0.00369,1,2,0.0260,1,1,+0.67079,+0.06090,0.04006,190.96,+0.08678,+0.08596,+0.00000,+0.01803,0.00658,0.0948,0,1,0,0,0.0000,+0.00000,+0.00000,0.0000,+0.000,+0.000,1.0000,0,1.0000,0,2,+0.000,+0.000,+0.000,+0.00000,-17.781,+0.00006,+0.00,+0.00000,0,+0.00000,+0.00000,0.00000,-4.365,0,126.8,21.0
17.832950,3,2,0.252655,0.252655,0.2490,+0.00366,1,2,0.0260,1,1,+0.67079,+0.06090,0.04006,190.96,+0.08601,+0.08520,+0.00000,+0.01787,0.00652,0.0940,0,1,0,0,0.0000,+0.00000,+0.00000,0.0000,+0.000,+0.000,1.0000,0,1.0000,0,2,+0.000,+0.000,+0.000,+0.00000,-17.781,+0.00006,+0.00,+0.00000,0,+0.00000,+0.00000,0.00000,-4.365,0,126.8,21.0
17.837663,3,2,0.252621,0.252621,0.2490,+0.00362,1,2,0.0260,1,1,+0.67079,+0.06090,0.04006,190.96,+0.08520,+0.08440,+0.00000,+0.01770,0.00646,0.0931,0,1,0,0,0.0000,+0.00000,+0.00000,0.0000,+0.000,+0.000,1.0000,0,1.0000,0,2,+0.000,+0.000,+0.000,+0.00000,-17.781,+0.00006,+0.00,+0.00000,0,+0.00000,+0.00000,0.00000,-4.365,0,126.8,21.0
17.842003,3,2,0.252590,0.252590,0.2490,+0.00359,1,2,0.0260,1,1,+0.67079,+0.06090,0.04006,190.96,+0.08447,+0.08367,+0.00000,+0.01755,0.00641,0.0923,0,1,0,0,0.0000,+0.00000,+0.00000,0.0000,+0.000,+0.000,1.0000,0,1.0000,0,2,+0.000,+0.000,+0.000,+0.00000,-17.781,+0.00006,+0.00,+0.00000,0,+0.00000,+0.00000,0.00000,-4.365,0,126.8,21.0
17.846591,3,2,0.252557,0.252557,0.2490,+0.00356,1,2,0.0260,1,1,+0.67079,+0.06090,0.04006,190.96,+0.08370,+0.08291,+0.00000,+0.01739,0.00635,0.0915,0,1,0,0,0.0000,+0.00000,+0.00000,0.0000,+0.000,+0.000,1.0000,0,1.0000,0,2,+0.000,+0.000,+0.000,+0.00000,-17.781,+0.00006,+0.00,+0.00000,0,+0.00000,+0.00000,0.00000,-4.365,0,126.8,21.0
17.851100,3,2,0.252525,0.252525,0.2490,+0.00352,1,2,0.0260,1,1,+0.67079,+0.06090,0.04006,190.96,+0.08295,+0.08216,+0.00000,+0.01723,0.00629,0.0906,0,1,0,0,0.0000,+0.00000,+0.00000,0.0000,+0.000,+0.000,1.0000,0,1.0000,0,2,+0.000,+0.000,+0.000,+0.00000,-17.781,+0.00006,+0.00,+0.00000,0,+0.00000,+0.00000,0.00000,-4.365,0,126.8,21.0
17.855735,3,2,0.252492,0.252492,0.2490,+0.00349,1,2,0.0260,1,1,+0.67079,+0.06090,0.04006,190.96,+0.08218,+0.08141,+0.00000,+0.01707,0.00623,0.0898,0,1,0,0,0.0000,+0.00000,+0.00000,0.0000,+0.000,+0.000,1.0000,0,1.0000,0,2,+0.000,+0.000,+0.000,+0.00000,-17.781,+0.00006,+0.00,+0.00000,0,+0.00000,+0.00000,0.00000,-4.365,0,126.8,21.0
17.860304,3,2,0.252461,0.252461,0.2490,+0.00346,1,2,0.0260,1,1,+0.67079,+0.06090,0.04006,190.96,+0.08143,+0.08066,+0.00000,+0.01692,0.00618,0.0890,0,1,0,0,0.0000,+0.00000,+0.00000,0.0000,+0.000,+0.000,1.0000,0,1.0000,0,2,+0.000,+0.000,+0.000,+0.00000,-17.781,+0.00006,+0.00,+0.00000,0,+0.00000,+0.00000,0.00000,-4.365,0,126.8,21.0
17.864957,3,2,0.252429,0.252429,0.2490,+0.00343,1,2,0.0260,1,1,+0.67079,+0.06090,0.04006,190.96,+0.08068,+0.07992,+0.00000,+0.01676,0.00612,0.0882,0,1,0,0,0.0000,+0.00000,+0.00000,0.0000,+0.000,+0.000,1.0000,0,1.0000,0,2,+0.000,+0.000,+0.000,+0.00000,-17.781,+0.00006,+0.00,+0.00000,0,+0.00000,+0.00000,0.00000,-4.365,0,126.8,21.0
17.870172,3,2,0.252393,0.252393,0.2490,+0.00339,1,2,0.0260,1,1,+0.67079,+0.06090,0.04006,190.96,+0.07984,+0.07909,+0.00000,+0.01659,0.00606,0.0872,0,1,0,0,0.0000,+0.00000,+0.00000,0.0000,+0.000,+0.000,1.0000,0,1.0000,0,2,+0.000,+0.000,+0.000,+0.00000,-17.781,+0.00006,+0.00,+0.00000,0,+0.00000,+0.00000,0.00000,-4.365,0,126.8,21.0
17.874651,3,2,0.252363,0.252363,0.2490,+0.00336,1,2,0.0260,1,1,+0.67079,+0.06090,0.04006,190.96,+0.07913,+0.07838,+0.00000,+0.01644,0.00600,0.0865,0,1,0,0,0.0000,+0.00000,+0.00000,0.0000,+0.000,+0.000,1.0000,0,1.0000,0,2,+0.000,+0.000,+0.000,+0.00000,-17.781,+0.00006,+0.00,+0.00000,0,+0.00000,+0.00000,0.00000,-4.365,0,126.8,21.0
17.879556,3,2,0.252330,0.252330,0.2490,+0.00333,1,2,0.0260,1,1,+0.67079,+0.06090,0.04006,190.96,+0.07836,+0.07762,+0.00000,+0.01628,0.00594,0.0856,0,1,0,0,0.0000,+0.00000,+0.00000,0.0000,+0.000,+0.000,1.0000,0,1.0000,0,2,+0.000,+0.000,+0.000,+0.00000,-17.781,+0.00006,+0.00,+0.00000,0,+0.00000,+0.00000,0.00000,-4.365,0,126.8,21.0
17.884122,3,2,0.252300,0.252300,0.2490,+0.00330,1,2,0.0260,1,1,+0.67079,+0.06090,0.04006,190.96,+0.07764,+0.07691,+0.00000,+0.01613,0.00589,0.0848,0,1,0,0,0.0000,+0.00000,+0.00000,0.0000,+0.000,+0.000,1.0000,0,1.0000,0,2,+0.000,+0.000,+0.000,+0.00000,-17.781,+0.00006,+0.00,+0.00000,0,+0.00000,+0.00000,0.00000,-4.365,0,126.8,21.0
17.888740,3,2,0.252269,0.252269,0.2490,+0.00327,1,2,0.0260,1,1,+0.67079,+0.06090,0.04006,190.96,+0.07693,+0.07621,+0.00000,+0.01598,0.00584,0.0841,0,1,0,0,0.0000,+0.00000,+0.00000,0.0000,+0.000,+0.000,1.0000,0,1.0000,0,2,+0.000,+0.000,+0.000,+0.00000,-17.781,+0.00006,+0.00,+0.00000,0,+0.00000,+0.00000,0.00000,-4.365,0,126.8,21.0
17.893348,3,2,0.252239,0.252239,0.2490,+0.00324,1,2,0.0260,1,1,+0.67079,+0.06090,0.04006,190.96,+0.07622,+0.07551,+0.00000,+0.01584,0.00578,0.0833,0,1,0,0,0.0000,+0.00000,+0.00000,0.0000,+0.000,+0.000,1.0000,0,1.0000,0,2,+0.000,+0.000,+0.000,+0.00000,-17.781,+0.00006,+0.00,+0.00000,0,+0.00000,+0.00000,0.00000,-4.365,0,126.8,21.0
17.897918,3,2,0.252210,0.252210,0.2490,+0.00321,1,2,0.0260,1,1,+0.67079,+0.06090,0.04006,190.96,+0.07553,+0.07482,+0.00000,+0.01569,0.00573,0.0825,0,1,0,0,0.0000,+0.00000,+0.00000,0.0000,+0.000,+0.000,1.0000,0,1.0000,0,2,+0.000,+0.000,+0.000,+0.00000,-17.781,+0.00006,+0.00,+0.00000,0,+0.00000,+0.00000,0.00000,-4.365,0,126.8,21.0
17.902862,3,2,0.252178,0.252178,0.2490,+0.00318,1,2,0.0260,1,1,+0.67079,+0.06090,0.04006,190.96,+0.07479,+0.07408,+0.00000,+0.01554,0.00567,0.0817,0,1,0,0,0.0000,+0.00000,+0.00000,0.0000,+0.000,+0.000,1.0000,0,1.0000,0,2,+0.000,+0.000,+0.000,+0.00000,-17.781,+0.00006,+0.00,+0.00000,0,+0.00000,+0.00000,0.00000,-4.365,0,126.8,21.0
17.907340,3,2,0.252150,0.252150,0.2490,+0.00315,1,2,0.0260,1,1,+0.67079,+0.06090,0.04006,190.96,+0.07412,+0.07342,+0.00000,+0.01540,0.00562,0.0810,0,1,0,0,0.0000,+0.00000,+0.00000,0.0000,+0.000,+0.000,1.0000,0,1.0000,0,2,+0.000,+0.000,+0.000,+0.00000,-17.781,+0.00006,+0.00,+0.00000,0,+0.00000,+0.00000,0.00000,-4.365,0,126.8,21.0
17.914408,3,2,0.252106,0.252106,0.2490,+0.00311,1,2,0.0260,1,1,+0.67079,+0.06090,0.04006,190.96,+0.07308,+0.07239,+0.00000,+0.01518,0.00554,0.0799,0,1,0,0,0.0000,+0.00000,+0.00000,0.0000,+0.000,+0.000,1.0000,0,1.0000,0,2,+0.000,+0.000,+0.000,+0.00000,-17.781,+0.00006,+0.00,+0.00000,0,+0.00000,+0.00000,0.00000,-4.365,0,126.8,21.0
17.919723,3,2,0.252073,0.252073,0.2490,+0.00307,1,2,0.0260,1,1,+0.67079,+0.06090,0.04006,190.96,+0.07231,+0.07163,+0.00000,+0.01502,0.00548,0.0790,0,1,0,0,0.0000,+0.00000,+0.00000,0.0000,+0.000,+0.000,1.0000,0,1.0000,0,2,+0.000,+0.000,+0.000,+0.00000,-17.781,+0.00006,+0.00,+0.00000,0,+0.00000,+0.00000,0.00000,-4.365,0,126.8,21.0
17.924497,3,2,0.252044,0.252044,0.2490,+0.00304,1,2,0.0260,1,1,+0.67079,+0.06090,0.04006,190.96,+0.07162,+0.07095,+0.00000,+0.01488,0.00543,0.0783,0,1,0,0,0.0000,+0.00000,+0.00000,0.0000,+0.000,+0.000,1.0000,0,1.0000,0,2,+0.000,+0.000,+0.000,+0.00000,-17.781,+0.00006,+0.00,+0.00000,0,+0.00000,+0.00000,0.00000,-4.365,0,126.8,21.0
17.928964,3,2,0.252017,0.252017,0.2490,+0.00302,1,2,0.0260,1,1,+0.67079,+0.06090,0.04006,190.96,+0.07098,+0.07031,+0.00000,+0.01475,0.00538,0.0776,0,1,0,0,0.0000,+0.00000,+0.00000,0.0000,+0.000,+0.000,1.0000,0,1.0000,0,2,+0.000,+0.000,+0.000,+0.00000,-17.781,+0.00006,+0.00,+0.00000,0,+0.00000,+0.00000,0.00000,-4.365,0,126.8,21.0
17.933446,3,2,0.251990,0.251990,0.2490,+0.00299,1,2,0.0260,1,1,+0.67079,+0.06090,0.04006,190.96,+0.07035,+0.06969,+0.00000,+0.01462,0.00534,0.0769,0,1,0,0,0.0000,+0.00000,+0.00000,0.0000,+0.000,+0.000,1.0000,0,1.0000,0,2,+0.000,+0.000,+0.000,+0.00000,-17.781,+0.00006,+0.00,+0.00000,0,+0.00000,+0.00000,0.00000,-4.365,0,126.8,21.0
17.937865,3,2,0.251963,0.251963,0.2490,+0.00296,1,2,0.0260,1,1,+0.67079,+0.06090,0.04006,190.96,+0.06973,+0.06907,+0.00000,+0.01449,0.00529,0.0762,0,1,0,0,0.0000,+0.00000,+0.00000,0.0000,+0.000,+0.000,1.0000,0,1.0000,0,2,+0.000,+0.000,+0.000,+0.00000,-17.781,+0.00006,+0.00,+0.00000,0,+0.00000,+0.00000,0.00000,-4.365,0,126.8,21.0
17.942513,3,2,0.251936,0.251936,0.2490,+0.00294,1,2,0.0260,1,1,+0.67079,+0.06090,0.04006,190.96,+0.06909,+0.06843,+0.00000,+0.01435,0.00524,0.0755,0,1,0,0,0.0000,+0.00000,+0.00000,0.0000,+0.000,+0.000,1.0000,0,1.0000,0,2,+0.000,+0.000,+0.000,+0.00000,-17.781,+0.00006,+0.00,+0.00000,0,+0.00000,+0.00000,0.00000,-4.365,0,126.8,21.0
17.946908,3,2,0.251910,0.251910,0.2490,+0.00291,1,2,0.0260,1,1,+0.67079,+0.06090,0.04006,190.96,+0.06848,+0.06784,+0.00000,+0.01423,0.00519,0.0748,0,1,0,0,0.0000,+0.00000,+0.00000,0.0000,+0.000,+0.000,1.0000,0,1.0000,0,2,+0.000,+0.000,+0.000,+0.00000,-17.781,+0.00006,+0.00,+0.00000,0,+0.00000,+0.00000,0.00000,-4.365,0,126.8,21.0
17.951421,3,2,0.251884,0.251884,0.2490,+0.00288,1,2,0.0260,1,1,+0.67079,+0.06090,0.04006,190.96,+0.06787,+0.06723,+0.00000,+0.01410,0.00515,0.0742,0,1,0,0,0.0000,+0.00000,+0.00000,0.0000,+0.000,+0.000,1.0000,0,1.0000,0,2,+0.000,+0.000,+0.000,+0.00000,-17.781,+0.00006,+0.00,+0.00000,0,+0.00000,+0.00000,0.00000,-4.365,0,126.8,21.0
17.956348,3,2,0.251856,0.251856,0.2490,+0.00286,1,2,0.0260,1,1,+0.67079,+0.06090,0.04006,190.96,+0.06720,+0.06657,+0.00000,+0.01396,0.00510,0.0734,0,1,0,0,0.0000,+0.00000,+0.00000,0.0000,+0.000,+0.000,1.0000,0,1.0000,0,2,+0.000,+0.000,+0.000,+0.00000,-17.781,+0.00006,+0.00,+0.00000,0,+0.00000,+0.00000,0.00000,-4.365,0,126.8,21.0
17.960963,3,2,0.251830,0.251830,0.2490,+0.00283,1,2,0.0260,1,1,+0.67079,+0.06090,0.04006,190.96,+0.06658,+0.06596,+0.00000,+0.01383,0.00505,0.0728,0,1,0,0,0.0000,+0.00000,+0.00000,0.0000,+0.000,+0.000,1.0000,0,1.0000,0,2,+0.000,+0.000,+0.000,+0.00000,-17.781,+0.00006,+0.00,+0.00000,0,+0.00000,+0.00000,0.00000,-4.365,0,126.8,21.0
17.965291,3,2,0.251805,0.251805,0.2490,+0.00281,1,2,0.0260,1,1,+0.67079,+0.06090,0.04006,190.96,+0.06601,+0.06539,+0.00000,+0.01371,0.00501,0.0721,0,1,0,0,0.0000,+0.00000,+0.00000,0.0000,+0.000,+0.000,1.0000,0,1.0000,0,2,+0.000,+0.000,+0.000,+0.00000,-17.781,+0.00006,+0.00,+0.00000,0,+0.00000,+0.00000,0.00000,-4.365,0,126.8,21.0
17.969568,3,2,0.251781,0.251781,0.2490,+0.00278,1,2,0.0260,1,1,+0.67079,+0.06090,0.04006,190.96,+0.06545,+0.06483,+0.00000,+0.01360,0.00496,0.0715,0,1,0,0,0.0000,+0.00000,+0.00000,0.0000,+0.000,+0.000,1.0000,0,1.0000,0,2,+0.000,+0.000,+0.000,+0.00000,-17.781,+0.00006,+0.00,+0.00000,0,+0.00000,+0.00000,0.00000,-4.365,0,126.8,21.0
17.974225,3,2,0.251756,0.251756,0.2490,+0.00276,1,2,0.0260,1,1,+0.67079,+0.06090,0.04006,190.96,+0.06484,+0.06423,+0.00000,+0.01347,0.00492,0.0709,0,1,0,0,0.0000,+0.00000,+0.00000,0.0000,+0.000,+0.000,1.0000,0,1.0000,0,2,+0.000,+0.000,+0.000,+0.00000,-17.781,+0.00006,+0.00,+0.00000,0,+0.00000,+0.00000,0.00000,-4.365,0,126.8,21.0
17.978835,3,2,0.251730,0.251730,0.2490,+0.00273,1,2,0.0260,1,1,+0.67079,+0.06090,0.04006,190.96,+0.06425,+0.06364,+0.00000,+0.01335,0.00487,0.0702,0,1,0,0,0.0000,+0.00000,+0.00000,0.0000,+0.000,+0.000,1.0000,0,1.0000,0,2,+0.000,+0.000,+0.000,+0.00000,-17.781,+0.00006,+0.00,+0.00000,0,+0.00000,+0.00000,0.00000,-4.365,0,126.8,21.0
17.983184,3,2,0.251707,0.251707,0.2490,+0.00271,1,2,0.0260,1,1,+0.67079,+0.06090,0.04006,190.96,+0.06369,+0.06309,+0.00000,+0.01323,0.00483,0.0696,0,1,0,0,0.0000,+0.00000,+0.00000,0.0000,+0.000,+0.000,1.0000,0,1.0000,0,2,+0.000,+0.000,+0.000,+0.00000,-17.781,+0.00006,+0.00,+0.00000,0,+0.00000,+0.00000,0.00000,-4.365,0,126.8,21.0
17.987758,3,2,0.251682,0.251682,0.2490,+0.00268,1,2,0.0260,1,1,+0.67079,+0.06090,0.04006,190.96,+0.06311,+0.06251,+0.00000,+0.01311,0.00479,0.0690,0,1,0,0,0.0000,+0.00000,+0.00000,0.0000,+0.000,+0.000,1.0000,0,1.0000,0,2,+0.000,+0.000,+0.000,+0.00000,-17.781,+0.00006,+0.00,+0.00000,0,+0.00000,+0.00000,0.00000,-4.365,0,126.8,21.0
17.992428,3,2,0.251657,0.251657,0.2490,+0.00266,1,2,0.0260,1,1,+0.67079,+0.06090,0.04006,190.96,+0.06252,+0.06193,+0.00000,+0.01299,0.00474,0.0683,0,1,0,0,0.0000,+0.00000,+0.00000,0.0000,+0.000,+0.000,1.0000,0,1.0000,0,2,+0.000,+0.000,+0.000,+0.00000,-17.781,+0.00006,+0.00,+0.00000,0,+0.00000,+0.00000,0.00000,-4.365,0,126.8,21.0
17.997005,3,2,0.251633,0.251633,0.2490,+0.00263,1,2,0.0260,1,1,+0.67079,+0.06090,0.04006,190.96,+0.06195,+0.06137,+0.00000,+0.01287,0.00470,0.0677,0,1,0,0,0.0000,+0.00000,+0.00000,0.0000,+0.000,+0.000,1.0000,0,1.0000,0,2,+0.000,+0.000,+0.000,+0.00000,-17.781,+0.00006,+0.00,+0.00000,0,+0.00000,+0.00000,0.00000,-4.365,0,126.8,21.0
18.001638,3,2,0.251608,0.251608,0.2490,+0.00261,1,2,0.0260,1,1,+0.67079,+0.06090,0.04006,190.96,+0.06138,+0.06080,+0.00000,+0.01275,0.00466,0.0671,0,1,0,0,0.0000,+0.00000,+0.00000,0.0000,+0.000,+0.000,1.0000,0,1.0000,0,2,+0.000,+0.000,+0.000,+0.00000,-17.781,+0.00006,+0.00,+0.00000,0,+0.00000,+0.00000,0.00000,-4.365,0,126.8,21.0
18.006422,3,2,0.251584,0.251584,0.2490,+0.00258,1,2,0.0260,1,1,+0.67079,+0.06090,0.04006,190.96,+0.06080,+0.06022,+0.00000,+0.01263,0.00461,0.0664,0,1,0,0,0.0000,+0.00000,+0.00000,0.0000,+0.000,+0.000,1.0000,0,1.0000,0,2,+0.000,+0.000,+0.000,+0.00000,-17.781,+0.00006,+0.00,+0.00000,0,+0.00000,+0.00000,0.00000,-4.365,0,126.8,21.0
18.010913,3,2,0.251561,0.251561,0.2490,+0.00256,1,2,0.0260,1,1,+0.67079,+0.06090,0.04006,190.96,+0.06025,+0.05969,+0.00000,+0.01252,0.00457,0.0658,0,1,0,0,0.0000,+0.00000,+0.00000,0.0000,+0.000,+0.000,1.0000,0,1.0000,0,2,+0.000,+0.000,+0.000,+0.00000,-17.781,+0.00006,+0.00,+0.00000,0,+0.00000,+0.00000,0.00000,-4.365,0,126.8,21.0
18.016440,3,2,0.251532,0.251532,0.2490,+0.00253,1,2,0.0260,1,1,+0.67079,+0.06090,0.04006,190.96,+0.05959,+0.05903,+0.00000,+0.01238,0.00452,0.0651,0,1,0,0,0.0000,+0.00000,+0.00000,0.0000,+0.000,+0.000,1.0000,0,1.0000,0,2,+0.000,+0.000,+0.000,+0.00000,-17.781,+0.00006,+0.00,+0.00000,0,+0.00000,+0.00000,0.00000,-4.365,0,126.8,21.0
18.021121,3,2,0.251509,0.251509,0.2490,+0.00251,1,2,0.0260,1,1,+0.67079,+0.06090,0.04006,190.96,+0.05904,+0.05848,+0.00000,+0.01227,0.00448,0.0645,0,1,0,0,0.0000,+0.00000,+0.00000,0.0000,+0.000,+0.000,1.0000,0,1.0000,0,2,+0.000,+0.000,+0.000,+0.00000,-17.781,+0.00006,+0.00,+0.00000,0,+0.00000,+0.00000,0.00000,-4.365,0,126.8,21.0
18.026045,3,2,0.251484,0.251484,0.2490,+0.00248,1,2,0.0260,1,1,+0.67079,+0.06090,0.04006,190.96,+0.05846,+0.05791,+0.00000,+0.01215,0.00443,0.0639,0,1,0,0,0.0000,+0.00000,+0.00000,0.0000,+0.000,+0.000,1.0000,0,1.0000,0,2,+0.000,+0.000,+0.000,+0.00000,-17.781,+0.00006,+0.00,+0.00000,0,+0.00000,+0.00000,0.00000,-4.365,0,126.8,21.0
18.030521,3,2,0.251462,0.251462,0.2490,+0.00246,1,2,0.0260,1,1,+0.67079,+0.06090,0.04006,190.96,+0.05794,+0.05739,+0.00000,+0.01204,0.00439,0.0633,0,1,0,0,0.0000,+0.00000,+0.00000,0.0000,+0.000,+0.000,1.0000,0,1.0000,0,2,+0.000,+0.000,+0.000,+0.00000,-17.780,+0.00006,+0.00,+0.00000,0,+0.00000,+0.00000,0.00000,-4.365,0,126.8,21.0
18.035130,3,2,0.251439,0.251439,0.2490,+0.00244,1,2,0.0260,1,1,+0.67079,+0.06090,0.04006,190.96,+0.05740,+0.05686,+0.00000,+0.01193,0.00435,0.0627,0,1,0,0,0.0000,+0.00000,+0.00000,0.0000,+0.000,+0.000,1.0000,0,1.0000,0,2,+0.000,+0.000,+0.000,+0.00000,-17.780,+0.00006,+0.00,+0.00000,0,+0.00000,+0.00000,0.00000,-4.365,0,126.8,21.0
18.039628,3,2,0.251418,0.251418,0.2490,+0.00242,1,2,0.0260,1,1,+0.67079,+0.06090,0.04006,190.96,+0.05689,+0.05635,+0.00000,+0.01182,0.00432,0.0622,0,1,0,0,0.0000,+0.00000,+0.00000,0.0000,+0.000,+0.000,1.0000,0,1.0000,0,2,+0.000,+0.000,+0.000,+0.00000,-17.780,+0.00006,+0.00,+0.00000,0,+0.00000,+0.00000,0.00000,-4.365,0,126.8,21.0
18.044154,3,2,0.251396,0.251396,0.2490,+0.00240,1,2,0.0260,1,1,+0.67079,+0.06090,0.04006,190.96,+0.05638,+0.05585,+0.00000,+0.01171,0.00428,0.0616,0,1,0,0,0.0000,+0.00000,+0.00000,0.0000,+0.000,+0.000,1.0000,0,1.0000,0,2,+0.000,+0.000,+0.000,+0.00000,-17.780,+0.00006,+0.00,+0.00000,0,+0.00000,+0.00000,0.00000,-4.365,0,126.8,21.0
18.048730,3,2,0.251374,0.251374,0.2490,+0.00237,1,2,0.0260,1,1,+0.67079,+0.06090,0.04006,190.96,+0.05586,+0.05534,+0.00000,+0.01161,0.00424,0.0610,0,1,0,0,0.0000,+0.00000,+0.00000,0.0000,+0.000,+0.000,1.0000,0,1.0000,0,2,+0.000,+0.000,+0.000,+0.00000,-17.780,+0.00006,+0.00,+0.00000,0,+0.00000,+0.00000,0.00000,-4.365,0,126.8,21.0
18.053269,3,2,0.251353,0.251353,0.2490,+0.00235,1,2,0.0260,1,1,+0.67079,+0.06090,0.04006,190.96,+0.05536,+0.05484,+0.00000,+0.01150,0.00420,0.0605,0,1,0,0,0.0000,+0.00000,+0.00000,0.0000,+0.000,+0.000,1.0000,0,1.0000,0,2,+0.000,+0.000,+0.000,+0.00000,-17.780,+0.00006,+0.00,+0.00000,0,+0.00000,+0.00000,0.00000,-4.365,0,126.8,21.0
18.057810,3,2,0.251331,0.251331,0.2490,+0.00233,1,2,0.0260,1,1,+0.67079,+0.06090,0.04006,190.96,+0.05486,+0.05434,+0.00000,+0.01140,0.00416,0.0599,0,1,0,0,0.0000,+0.00000,+0.00000,0.0000,+0.000,+0.000,1.0000,0,1.0000,0,2,+0.000,+0.000,+0.000,+0.00000,-17.780,+0.00006,+0.00,+0.00000,0,+0.00000,+0.00000,0.00000,-4.365,0,126.8,21.0
18.062564,3,2,0.251309,0.251309,0.2490,+0.00231,1,2,0.0260,1,1,+0.67079,+0.06090,0.04006,190.96,+0.05434,+0.05383,+0.00000,+0.01129,0.00412,0.0594,0,1,0,0,0.0000,+0.00000,+0.00000,0.0000,+0.000,+0.000,1.0000,0,1.0000,0,2,+0.000,+0.000,+0.000,+0.00000,-17.780,+0.00006,+0.00,+0.00000,0,+0.00000,+0.00000,0.00000,-4.365,0,126.8,21.0
18.067341,3,2,0.251287,0.251287,0.2490,+0.00229,1,2,0.0260,1,1,+0.67079,+0.06090,0.04006,190.96,+0.05382,+0.05332,+0.00000,+0.01118,0.00408,0.0588,0,1,0,0,0.0000,+0.00000,+0.00000,0.0000,+0.000,+0.000,1.0000,0,1.0000,0,2,+0.000,+0.000,+0.000,+0.00000,-17.780,+0.00006,+0.00,+0.00000,0,+0.00000,+0.00000,0.00000,-4.365,0,126.8,21.0
18.071773,3,2,0.251267,0.251267,0.2490,+0.00227,1,2,0.0260,1,1,+0.67079,+0.06090,0.04006,190.96,+0.05335,+0.05284,+0.00000,+0.01108,0.00405,0.0583,0,1,0,0,0.0000,+0.00000,+0.00000,0.0000,+0.000,+0.000,1.0000,0,1.0000,0,2,+0.000,+0.000,+0.000,+0.00000,-17.780,+0.00006,+0.00,+0.00000,0,+0.00000,+0.00000,0.00000,-4.365,0,126.8,21.0
18.076486,3,2,0.251246,0.251246,0.2490,+0.00225,1,2,0.0260,1,1,+0.67079,+0.06090,0.04006,190.96,+0.05285,+0.05235,+0.00000,+0.01098,0.00401,0.0578,0,1,0,0,0.0000,+0.00000,+0.00000,0.0000,+0.000,+0.000,1.0000,0,1.0000,0,2,+0.000,+0.000,+0.000,+0.00000,-17.780,+0.00006,+0.00,+0.00000,0,+0.00000,+0.00000,0.00000,-4.365,0,126.8,21.0
18.080855,3,2,0.251226,0.251226,0.2490,+0.00223,1,2,0.0260,1,1,+0.67079,+0.06090,0.04006,190.96,+0.05239,+0.05189,+0.00000,+0.01088,0.00397,0.0572,0,1,0,0,0.0000,+0.00000,+0.00000,0.0000,+0.000,+0.000,1.0000,0,1.0000,0,2,+0.000,+0.000,+0.000,+0.00000,-17.780,+0.00006,+0.00,+0.00000,0,+0.00000,+0.00000,0.00000,-4.364,0,126.8,21.0
18.085128,3,2,0.251207,0.251207,0.2490,+0.00221,1,2,0.0260,1,1,+0.67079,+0.06090,0.04006,190.96,+0.05194,+0.05145,+0.00000,+0.01079,0.00394,0.0568,0,1,0,0,0.0000,+0.00000,+0.00000,0.0000,+0.000,+0.000,1.0000,0,1.0000,0,2,+0.000,+0.000,+0.000,+0.00000,-17.780,+0.00006,+0.00,+0.00000,0,+0.00000,+0.00000,0.00000,-4.364,0,126.8,21.0
18.090270,3,2,0.251185,0.251185,0.2490,+0.00218,1,2,0.0260,1,1,+0.67079,+0.06090,0.04006,190.96,+0.05141,+0.05093,+0.00000,+0.01068,0.00390,0.0562,0,1,0,0,0.0000,+0.00000,+0.00000,0.0000,+0.000,+0.000,1.0000,0,1.0000,0,2,+0.000,+0.000,+0.000,+0.00000,-17.780,+0.00006,+0.00,+0.00000,0,+0.00000,+0.00000,0.00000,-4.364,0,126.8,21.0
18.094591,3,2,0.251166,0.251166,0.2490,+0.00217,1,2,0.0260,1,1,+0.67079,+0.06090,0.04006,190.96,+0.05097,+0.05049,+0.00000,+0.01059,0.00387,0.0557,0,1,0,0,0.0000,+0.00000,+0.00000,0.0000,+0.000,+0.000,1.0000,0,1.0000,0,2,+0.000,+0.000,+0.000,+0.00000,-17.780,+0.00006,+0.00,+0.00000,0,+0.00000,+0.00000,0.00000,-4.364,0,126.8,21.0
18.099244,3,2,0.251146,0.251146,0.2490,+0.00215,1,2,0.0260,1,1,+0.67079,+0.06090,0.04006,190.96,+0.05050,+0.05002,+0.00000,+0.01049,0.00383,0.0552,0,1,0,0,0.0000,+0.00000,+0.00000,0.0000,+0.000,+0.000,1.0000,0,1.0000,0,2,+0.000,+0.000,+0.000,+0.00000,-17.780,+0.00006,+0.00,+0.00000,0,+0.00000,+0.00000,0.00000,-4.364,0,126.8,21.0
18.106039,3,2,0.251117,0.251117,0.2490,+0.00212,1,2,0.0260,1,1,+0.67079,+0.06090,0.04006,190.96,+0.04981,+0.04934,+0.00000,+0.01035,0.00378,0.0544,0,1,0,0,0.0000,+0.00000,+0.00000,0.0000,+0.000,+0.000,1.0000,0,1.0000,0,2,+0.000,+0.000,+0.000,+0.00000,-17.780,+0.00006,+0.00,+0.00000,0,+0.00000,+0.00000,0.00000,-4.364,0,126.8,21.0
18.110769,3,2,0.251097,0.251097,0.2490,+0.00210,1,2,0.0260,1,1,+0.67079,+0.06090,0.04006,190.96,+0.04935,+0.04888,+0.00000,+0.01025,0.00374,0.0539,0,1,0,0,0.0000,+0.00000,+0.00000,0.0000,+0.000,+0.000,1.0000,0,1.0000,0,2,+0.000,+0.000,+0.000,+0.00000,-17.780,+0.00006,+0.00,+0.00000,0,+0.00000,+0.00000,0.00000,-4.364,0,126.8,21.0
18.115869,3,2,0.251076,0.251076,0.2490,+0.00208,1,2,0.0260,1,1,+0.67079,+0.06090,0.04006,190.96,+0.04884,+0.04838,+0.00000,+0.01015,0.00371,0.0534,0,1,0,0,0.0000,+0.00000,+0.00000,0.0000,+0.000,+0.000,1.0000,0,1.0000,0,2,+0.000,+0.000,+0.000,+0.00000,-17.780,+0.00006,+0.00,+0.00000,0,+0.00000,+0.00000,0.00000,-4.364,0,126.8,21.0
18.120428,3,2,0.251057,0.251057,0.2490,+0.00206,1,2,0.0260,1,1,+0.67079,+0.06090,0.04006,190.96,+0.04840,+0.04794,+0.00000,+0.01006,0.00367,0.0529,0,1,0,0,0.0000,+0.00000,+0.00000,0.0000,+0.000,+0.000,1.0000,0,1.0000,0,2,+0.000,+0.000,+0.000,+0.00000,-17.780,+0.00006,+0.00,+0.00000,0,+0.00000,+0.00000,0.00000,-4.364,0,126.8,21.0
18.124984,3,2,0.251038,0.251038,0.2490,+0.00204,1,2,0.0260,1,1,+0.67079,+0.06090,0.04006,190.96,+0.04796,+0.04751,+0.00000,+0.00996,0.00364,0.0524,0,1,0,0,0.0000,+0.00000,+0.00000,0.0000,+0.000,+0.000,1.0000,0,1.0000,0,2,+0.000,+0.000,+0.000,+0.00000,-17.780,+0.00006,+0.00,+0.00000,0,+0.00000,+0.00000,0.00000,-4.364,0,126.8,21.0
18.129554,3,2,0.251020,0.251020,0.2490,+0.00202,1,2,0.0260,1,1,+0.67079,+0.06090,0.04006,190.96,+0.04753,+0.04708,+0.00000,+0.00987,0.00361,0.0519,0,1,0,0,0.0000,+0.00000,+0.00000,0.0000,+0.000,+0.000,1.0000,0,1.0000,0,2,+0.000,+0.000,+0.000,+0.00000,-17.780,+0.00006,+0.00,+0.00000,0,+0.00000,+0.00000,0.00000,-4.364,0,126.8,21.0
18.137316,3,2,0.250989,0.250989,0.2490,+0.00199,1,2,0.0260,1,1,+0.67079,+0.06090,0.04006,190.96,+0.04679,+0.04635,+0.00000,+0.00972,0.00355,0.0511,0,1,0,0,0.0000,+0.00000,+0.00000,0.0000,+0.000,+0.000,1.0000,0,1.0000,0,2,+0.000,+0.000,+0.000,+0.00000,-17.780,+0.00006,+0.00,+0.00000,0,+0.00000,+0.00000,0.00000,-4.364,0,126.8,21.0
18.142068,3,2,0.250970,0.250970,0.2490,+0.00197,1,2,0.0260,1,1,+0.67079,+0.06090,0.04006,190.96,+0.04635,+0.04591,+0.00000,+0.00963,0.00352,0.0507,0,1,0,0,0.0000,+0.00000,+0.00000,0.0000,+0.000,+0.000,1.0000,0,1.0000,0,2,+0.000,+0.000,+0.000,+0.00000,-17.780,+0.00006,+0.00,+0.00000,0,+0.00000,+0.00000,0.00000,-4.364,0,126.8,21.0
18.146996,3,2,0.250950,0.250950,0.2490,+0.00195,1,2,0.0260,1,1,+0.67079,+0.06090,0.04006,190.96,+0.04590,+0.04546,+0.00000,+0.00954,0.00348,0.0502,0,1,0,0,0.0000,+0.00000,+0.00000,0.0000,+0.000,+0.000,1.0000,0,1.0000,0,2,+0.000,+0.000,+0.000,+0.00000,-17.780,+0.00006,+0.00,+0.00000,0,+0.00000,+0.00000,0.00000,-4.364,0,126.8,21.0
18.151428,3,2,0.250933,0.250933,0.2490,+0.00193,1,2,0.0260,1,1,+0.67079,+0.06090,0.04006,190.96,+0.04549,+0.04506,+0.00000,+0.00945,0.00345,0.0497,0,1,0,0,0.0000,+0.00000,+0.00000,0.0000,+0.000,+0.000,1.0000,0,1.0000,0,2,+0.000,+0.000,+0.000,+0.00000,-17.780,+0.00006,+0.00,+0.00000,0,+0.00000,+0.00000,0.00000,-4.364,0,126.8,21.0
18.156096,3,2,0.250915,0.250915,0.2490,+0.00192,1,2,0.0260,1,1,+0.67079,+0.06090,0.04006,190.96,+0.04507,+0.04464,+0.00000,+0.00936,0.00342,0.0493,0,1,0,0,0.0000,+0.00000,+0.00000,0.0000,+0.000,+0.000,1.0000,0,1.0000,0,2,+0.000,+0.000,+0.000,+0.00000,-17.780,+0.00006,+0.00,+0.00000,0,+0.00000,+0.00000,0.00000,-4.364,0,126.8,21.0
18.160719,3,2,0.250898,0.250898,0.2490,+0.00190,1,2,0.0260,1,1,+0.67079,+0.06090,0.04006,190.96,+0.04465,+0.04423,+0.00000,+0.00928,0.00339,0.0488,0,1,0,0,0.0000,+0.00000,+0.00000,0.0000,+0.000,+0.000,1.0000,0,1.0000,0,2,+0.000,+0.000,+0.000,+0.00000,-17.780,+0.00006,+0.00,+0.00000,0,+0.00000,+0.00000,0.00000,-4.364,0,126.8,21.0
18.165186,3,2,0.250881,0.250881,0.2490,+0.00188,1,2,0.0260,1,1,+0.67079,+0.06090,0.04006,190.96,+0.04426,+0.04384,+0.00000,+0.00919,0.00336,0.0484,0,1,0,0,0.0000,+0.00000,+0.00000,0.0000,+0.000,+0.000,1.0000,0,1.0000,0,2,+0.000,+0.000,+0.000,+0.00000,-17.780,+0.00006,+0.00,+0.00000,0,+0.00000,+0.00000,0.00000,-4.364,0,126.8,21.0
18.170090,3,2,0.250862,0.250862,0.2490,+0.00186,1,2,0.0260,1,1,+0.67079,+0.06090,0.04006,190.96,+0.04382,+0.04341,+0.00000,+0.00911,0.00332,0.0479,0,1,0,0,0.0000,+0.00000,+0.00000,0.0000,+0.000,+0.000,1.0000,0,1.0000,0,2,+0.000,+0.000,+0.000,+0.00000,-17.780,+0.00006,+0.00,+0.00000,0,+0.00000,+0.00000,0.00000,-4.364,0,126.8,21.0
18.174749,3,2,0.250845,0.250845,0.2490,+0.00185,1,2,0.0260,1,1,+0.67079,+0.06090,0.04006,190.96,+0.04342,+0.04301,+0.00000,+0.00902,0.00329,0.0474,0,1,0,0,0.0000,+0.00000,+0.00000,0.0000,+0.000,+0.000,1.0000,0,1.0000,0,2,+0.000,+0.000,+0.000,+0.00000,-17.780,+0.00006,+0.00,+0.00000,0,+0.00000,+0.00000,0.00000,-4.364,0,126.8,21.0
18.181093,3,2,0.250822,0.250822,0.2490,+0.00182,1,2,0.0260,1,1,+0.67079,+0.06090,0.04006,190.96,+0.04287,+0.04247,+0.00000,+0.00891,0.00325,0.0468,0,1,0,0,0.0000,+0.00000,+0.00000,0.0000,+0.000,+0.000,1.0000,0,1.0000,0,2,+0.000,+0.000,+0.000,+0.00000,-17.780,+0.00006,+0.00,+0.00000,0,+0.00000,+0.00000,0.00000,-4.364,0,126.8,21.0
18.186038,3,2,0.250804,0.250804,0.2490,+0.00180,1,2,0.0260,1,1,+0.67079,+0.06090,0.04006,190.96,+0.04245,+0.04205,+0.00000,+0.00882,0.00322,0.0464,0,1,0,0,0.0000,+0.00000,+0.00000,0.0000,+0.000,+0.000,1.0000,0,1.0000,0,2,+0.000,+0.000,+0.000,+0.00000,-17.780,+0.00006,+0.00,+0.00000,0,+0.00000,+0.00000,0.00000,-4.364,0,126.8,21.0
18.190866,3,2,0.250787,0.250787,0.2490,+0.00179,1,2,0.0260,1,1,+0.67079,+0.06090,0.04006,190.96,+0.04204,+0.04164,+0.00000,+0.00873,0.00319,0.0459,0,1,0,0,0.0000,+0.00000,+0.00000,0.0000,+0.000,+0.000,1.0000,0,1.0000,0,2,+0.000,+0.000,+0.000,+0.00000,-17.780,+0.00006,+0.00,+0.00000,0,+0.00000,+0.00000,0.00000,-4.364,0,126.8,21.0
18.195950,3,2,0.250769,0.250769,0.2490,+0.00177,1,2,0.0260,1,1,+0.67079,+0.06090,0.04006,190.96,+0.04162,+0.04122,+0.00000,+0.00865,0.00316,0.0455,0,1,0,0,0.0000,+0.00000,+0.00000,0.0000,+0.000,+0.000,1.0000,0,1.0000,0,2,+0.000,+0.000,+0.000,+0.00000,-17.780,+0.00006,+0.00,+0.00000,0,+0.00000,+0.00000,0.00000,-4.364,0,126.8,21.0
18.200502,3,2,0.250753,0.250753,0.2490,+0.00175,1,2,0.0260,1,1,+0.67079,+0.06090,0.04006,190.96,+0.04124,+0.04085,+0.00000,+0.00857,0.00313,0.0451,0,1,0,0,0.0000,+0.00000,+0.00000,0.0000,+0.000,+0.000,1.0000,0,1.0000,0,2,+0.000,+0.000,+0.000,+0.00000,-17.780,+0.00006,+0.00,+0.00000,0,+0.00000,+0.00000,0.00000,-4.364,0,126.8,21.0
18.204726,3,2,0.250738,0.250738,0.2490,+0.00174,1,2,0.0260,1,1,+0.67079,+0.06090,0.04006,190.96,+0.04089,+0.04051,+0.00000,+0.00850,0.00310,0.0447,0,1,0,0,0.0000,+0.00000,+0.00000,0.0000,+0.000,+0.000,1.0000,0,1.0000,0,2,+0.000,+0.000,+0.000,+0.00000,-17.780,+0.00006,+0.00,+0.00000,0,+0.00000,+0.00000,0.00000,-4.364,0,126.8,21.0
18.209606,3,2,0.250721,0.250721,0.2490,+0.00172,1,2,0.0260,1,1,+0.67079,+0.06090,0.04006,190.96,+0.04049,+0.04011,+0.00000,+0.00841,0.00307,0.0443,0,1,0,0,0.0000,+0.00000,+0.00000,0.0000,+0.000,+0.000,1.0000,0,1.0000,0,2,+0.000,+0.000,+0.000,+0.00000,-17.780,+0.00006,+0.00,+0.00000,0,+0.00000,+0.00000,0.00000,-4.364,0,126.8,21.0
18.214056,3,2,0.250706,0.250706,0.2490,+0.00171,1,2,0.0260,1,1,+0.67079,+0.06090,0.04006,190.96,+0.04014,+0.03976,+0.00000,+0.00834,0.00304,0.0439,0,1,0,0,0.0000,+0.00000,+0.00000,0.0000,+0.000,+0.000,1.0000,0,1.0000,0,2,+0.000,+0.000,+0.000,+0.00000,-17.780,+0.00006,+0.00,+0.00000,0,+0.00000,+0.00000,0.00000,-4.364,0,126.8,21.0
18.218390,3,2,0.250691,0.250691,0.2490,+0.00169,1,2,0.0260,1,1,+0.67079,+0.06090,0.04006,190.96,+0.03979,+0.03941,+0.00000,+0.00827,0.00302,0.0435,0,1,0,0,0.0000,+0.00000,+0.00000,0.0000,+0.000,+0.000,1.0000,0,1.0000,0,2,+0.000,+0.000,+0.000,+0.00000,-17.780,+0.00006,+0.00,+0.00000,0,+0.00000,+0.00000,0.00000,-4.364,0,126.8,21.0
18.223130,3,2,0.250675,0.250675,0.2490,+0.00167,1,2,0.0260,1,1,+0.67079,+0.06090,0.04006,190.96,+0.03941,+0.03904,+0.00000,+0.00819,0.00299,0.0431,0,1,0,0,0.0000,+0.00000,+0.00000,0.0000,+0.000,+0.000,1.0000,0,1.0000,0,2,+0.000,+0.000,+0.000,+0.00000,-17.780,+0.00006,+0.00,+0.00000,0,+0.00000,+0.00000,0.00000,-4.364,0,126.8,21.0
18.227883,3,2,0.250659,0.250659,0.2490,+0.00166,1,2,0.0260,1,1,+0.67079,+0.06090,0.04006,190.96,+0.03904,+0.03867,+0.00000,+0.00811,0.00296,0.0427,0,1,0,0,0.0000,+0.00000,+0.00000,0.0000,+0.000,+0.000,1.0000,0,1.0000,0,2,+0.000,+0.000,+0.000,+0.00000,-17.780,+0.00006,+0.00,+0.00000,0,+0.00000,+0.00000,0.00000,-4.364,0,126.8,21.0
18.232382,3,2,0.250644,0.250644,0.2490,+0.00164,1,2,0.0260,1,1,+0.67079,+0.06090,0.04006,190.96,+0.03869,+0.03833,+0.00000,+0.00804,0.00293,0.0423,0,1,0,0,0.0000,+0.00000,+0.00000,0.0000,+0.000,+0.000,1.0000,0,1.0000,0,2,+0.000,+0.000,+0.000,+0.00000,-17.780,+0.00006,+0.00,+0.00000,0,+0.00000,+0.00000,0.00000,-4.364,0,126.8,21.0
18.236911,3,2,0.250629,0.250629,0.2490,+0.00163,1,2,0.0260,1,1,+0.67079,+0.06090,0.04006,190.96,+0.03834,+0.03798,+0.00000,+0.00797,0.00291,0.0419,0,1,0,0,0.0000,+0.00000,+0.00000,0.0000,+0.000,+0.000,1.0000,0,1.0000,0,2,+0.000,+0.000,+0.000,+0.00000,-17.780,+0.00006,+0.00,+0.00000,0,+0.00000,+0.00000,0.00000,-4.364,0,126.8,21.0
18.241527,3,2,0.250614,0.250614,0.2490,+0.00161,1,2,0.0260,1,1,+0.67079,+0.06090,0.04006,190.96,+0.03799,+0.03763,+0.00000,+0.00789,0.00288,0.0415,0,1,0,0,0.0000,+0.00000,+0.00000,0.0000,+0.000,+0.000,1.0000,0,1.0000,0,2,+0.000,+0.000,+0.000,+0.00000,-17.780,+0.00006,+0.00,+0.00000,0,+0.00000,+0.00000,0.00000,-4.364,0,126.8,21.0
18.246316,3,2,0.250599,0.250599,0.2490,+0.00160,1,2,0.0260,1,1,+0.67079,+0.06090,0.04006,190.96,+0.03763,+0.03727,+0.00000,+0.00782,0.00285,0.0411,0,1,0,0,0.0000,+0.00000,+0.00000,0.0000,+0.000,+0.000,1.0000,0,1.0000,0,2,+0.000,+0.000,+0.000,+0.00000,-17.780,+0.00006,+0.00,+0.00000,0,+0.00000,+0.00000,0.00000,-4.364,0,126.8,21.0
18.250807,3,2,0.250585,0.250585,0.2490,+0.00158,1,2,0.0260,1,1,+0.67079,+0.06090,0.04006,190.96,+0.03729,+0.03694,+0.00000,+0.00775,0.00283,0.0408,0,1,0,0,0.0000,+0.00000,+0.00000,0.0000,+0.000,+0.000,1.0000,0,1.0000,0,2,+0.000,+0.000,+0.000,+0.00000,-17.780,+0.00006,+0.00,+0.00000,0,+0.00000,+0.00000,0.00000,-4.364,0,126.8,21.0
18.255112,3,2,0.250571,0.250571,0.2490,+0.00157,1,2,0.0260,1,1,+0.67079,+0.06090,0.04006,190.96,+0.03697,+0.03662,+0.00000,+0.00768,0.00280,0.0404,0,1,0,0,0.0000,+0.00000,+0.00000,0.0000,+0.000,+0.000,1.0000,0,1.0000,0,2,+0.000,+0.000,+0.000,+0.00000,-17.780,+0.00006,+0.00,+0.00000,0,+0.00000,+0.00000,0.00000,-4.364,0,126.8,21.0
18.259461,3,2,0.250558,0.250558,0.2490,+0.00156,1,2,0.0260,1,1,+0.67079,+0.06090,0.04006,190.96,+0.03665,+0.03631,+0.00000,+0.00761,0.00278,0.0401,0,1,0,0,0.0000,+0.00000,+0.00000,0.0000,+0.000,+0.000,1.0000,0,1.0000,0,2,+0.000,+0.000,+0.000,+0.00000,-17.780,+0.00006,+0.00,+0.00000,0,+0.00000,+0.00000,0.00000,-4.364,0,126.8,21.0
18.264123,3,2,0.250543,0.250543,0.2490,+0.00154,1,2,0.0260,1,1,+0.67079,+0.06090,0.04006,190.96,+0.03631,+0.03597,+0.00000,+0.00754,0.00275,0.0397,0,1,0,0,0.0000,+0.00000,+0.00000,0.0000,+0.000,+0.000,1.0000,0,1.0000,0,2,+0.000,+0.000,+0.000,+0.00000,-17.780,+0.00006,+0.00,+0.00000,0,+0.00000,+0.00000,0.00000,-4.364,0,126.8,21.0
18.268752,3,2,0.250529,0.250529,0.2490,+0.00153,1,2,0.0260,1,1,+0.67079,+0.06090,0.04006,190.96,+0.03598,+0.03564,+0.00000,+0.00747,0.00273,0.0393,0,1,0,0,0.0000,+0.00000,+0.00000,0.0000,+0.000,+0.000,1.0000,0,1.0000,0,2,+0.000,+0.000,+0.000,+0.00000,-17.780,+0.00006,+0.00,+0.00000,0,+0.00000,+0.00000,0.00000,-4.364,0,126.8,21.0
18.273229,3,2,0.250515,0.250515,0.2490,+0.00152,1,2,0.0260,1,1,+0.67079,+0.06090,0.04006,190.96,+0.03566,+0.03532,+0.00000,+0.00741,0.00270,0.0390,0,1,0,0,0.0000,+0.00000,+0.00000,0.0000,+0.000,+0.000,1.0000,0,1.0000,0,2,+0.000,+0.000,+0.000,+0.00000,-17.780,+0.00006,+0.00,+0.00000,0,+0.00000,+0.00000,0.00000,-4.364,0,126.8,21.0
18.278545,3,2,0.250499,0.250499,0.2490,+0.00150,1,2,0.0260,1,1,+0.67079,+0.06090,0.04006,190.96,+0.03528,+0.03495,+0.00000,+0.00733,0.00268,0.0386,0,1,0,0,0.0000,+0.00000,+0.00000,0.0000,+0.000,+0.000,1.0000,0,1.0000,0,2,+0.000,+0.000,+0.000,+0.00000,-17.780,+0.00006,+0.00,+0.00000,0,+0.00000,+0.00000,0.00000,-4.364,0,203.6,0.0
18.283222,3,2,0.250485,0.250485,0.2490,+0.00149,1,2,0.0260,1,1,+0.67079,+0.06090,0.04006,190.96,+0.03495,+0.03462,+0.00000,+0.00726,0.00265,0.0382,0,1,0,0,0.0000,+0.00000,+0.00000,0.0000,+0.000,+0.000,1.0000,0,1.0000,0,2,+0.000,+0.000,+0.000,+0.00000,-17.780,+0.00006,+0.00,+0.00000,0,+0.00000,+0.00000,0.00000,-4.364,0,203.6,0.0
18.287754,3,2,0.250472,0.250472,0.2490,+0.00147,1,2,0.0260,1,1,+0.67079,+0.06090,0.04006,190.96,+0.03464,+0.03431,+0.00000,+0.00720,0.00263,0.0378,0,1,0,0,0.0000,+0.00000,+0.00000,0.0000,+0.000,+0.000,1.0000,0,1.0000,0,2,+0.000,+0.000,+0.000,+0.00000,-17.780,+0.00006,+0.00,+0.00000,0,+0.00000,+0.00000,0.00000,-4.364,0,203.6,0.0
18.292289,3,2,0.250459,0.250459,0.2490,+0.00146,1,2,0.0260,1,1,+0.67079,+0.06090,0.04006,190.96,+0.03432,+0.03400,+0.00000,+0.00713,0.00260,0.0375,0,1,0,0,0.0000,+0.00000,+0.00000,0.0000,+0.000,+0.000,1.0000,0,1.0000,0,2,+0.000,+0.000,+0.000,+0.00000,-17.780,+0.00006,+0.00,+0.00000,0,+0.00000,+0.00000,0.00000,-4.364,0,203.6,0.0
18.296854,3,2,0.250445,0.250445,0.2490,+0.00145,1,2,0.0260,1,1,+0.67079,+0.06090,0.04006,190.96,+0.03401,+0.03369,+0.00000,+0.00707,0.00258,0.0372,0,1,0,0,0.0000,+0.00000,+0.00000,0.0000,+0.000,+0.000,1.0000,0,1.0000,0,2,+0.000,+0.000,+0.000,+0.00000,-17.780,+0.00006,+0.00,+0.00000,0,+0.00000,+0.00000,0.00000,-4.364,0,203.6,0.0
18.301575,3,2,0.250432,0.250432,0.2490,+0.00143,1,2,0.0260,1,1,+0.67079,+0.06090,0.04006,190.96,+0.03369,+0.03337,+0.00000,+0.00700,0.00256,0.0368,0,1,0,0,0.0000,+0.00000,+0.00000,0.0000,+0.000,+0.000,1.0000,0,1.0000,0,2,+0.000,+0.000,+0.000,+0.00000,-17.780,+0.00006,+0.00,+0.00000,0,+0.00000,+0.00000,0.00000,-4.364,0,203.6,0.0
18.307210,3,2,0.250416,0.250416,0.2490,+0.00142,1,2,0.0260,1,1,+0.67079,+0.06090,0.04006,190.96,+0.03331,+0.03300,+0.00000,+0.00692,0.00253,0.0364,0,1,0,0,0.0000,+0.00000,+0.00000,0.0000,+0.000,+0.000,1.0000,0,1.0000,0,2,+0.000,+0.000,+0.000,+0.00000,-17.780,+0.00006,+0.00,+0.00000,0,+0.00000,+0.00000,0.00000,-4.364,0,203.6,0.0
18.312492,3,2,0.250401,0.250401,0.2490,+0.00140,1,2,0.0260,1,1,+0.67079,+0.06090,0.04006,190.96,+0.03296,+0.03265,+0.00000,+0.00685,0.00250,0.0360,0,1,0,0,0.0000,+0.00000,+0.00000,0.0000,+0.000,+0.000,1.0000,0,1.0000,0,2,+0.000,+0.000,+0.000,+0.00000,-17.780,+0.00006,+0.00,+0.00000,0,+0.00000,+0.00000,0.00000,-4.364,0,203.6,0.0
18.317244,3,2,0.250388,0.250388,0.2490,+0.00139,1,2,0.0260,1,1,+0.67079,+0.06090,0.04006,190.96,+0.03265,+0.03234,+0.00000,+0.00678,0.00248,0.0357,0,1,0,0,0.0000,+0.00000,+0.00000,0.0000,+0.000,+0.000,1.0000,0,1.0000,0,2,+0.000,+0.000,+0.000,+0.00000,-17.780,+0.00006,+0.00,+0.00000,0,+0.00000,+0.00000,0.00000,-4.364,0,203.6,0.0
18.321891,3,2,0.250375,0.250375,0.2490,+0.00137,1,2,0.0260,1,1,+0.67079,+0.06090,0.04006,190.96,+0.03235,+0.03204,+0.00000,+0.00672,0.00245,0.0354,0,1,0,0,0.0000,+0.00000,+0.00000,0.0000,+0.000,+0.000,1.0000,0,1.0000,0,2,+0.000,+0.000,+0.000,+0.00000,-17.780,+0.00006,+0.00,+0.00000,0,+0.00000,+0.00000,0.00000,-4.364,0,203.6,0.0
18.327339,3,2,0.250360,0.250360,0.2490,+0.00136,1,2,0.0260,1,1,+0.67079,+0.06090,0.04006,190.96,+0.03200,+0.03170,+0.00000,+0.00665,0.00243,0.0350,0,1,0,0,0.0000,+0.00000,+0.00000,0.0000,+0.000,+0.000,1.0000,0,1.0000,0,2,+0.000,+0.000,+0.000,+0.00000,-17.780,+0.00006,+0.00,+0.00000,0,+0.00000,+0.00000,0.00000,-4.364,0,203.6,0.0
18.332183,3,2,0.250347,0.250347,0.2490,+0.00135,1,2,0.0260,1,1,+0.67079,+0.06090,0.04006,190.96,+0.03169,+0.03139,+0.00000,+0.00658,0.00240,0.0346,0,1,0,0,0.0000,+0.00000,+0.00000,0.0000,+0.000,+0.000,1.0000,0,1.0000,0,2,+0.000,+0.000,+0.000,+0.00000,-17.780,+0.00006,+0.00,+0.00000,0,+0.00000,+0.00000,0.00000,-4.364,0,203.6,0.0
18.336731,3,2,0.250335,0.250335,0.2490,+0.00133,1,2,0.0260,1,1,+0.67079,+0.06090,0.04006,190.96,+0.03140,+0.03111,+0.00000,+0.00652,0.00238,0.0343,0,1,0,0,0.0000,+0.00000,+0.00000,0.0000,+0.000,+0.000,1.0000,0,1.0000,0,2,+0.000,+0.000,+0.000,+0.00000,-17.780,+0.00006,+0.00,+0.00000,0,+0.00000,+0.00000,0.00000,-4.364,0,203.6,0.0
18.341189,3,2,0.250323,0.250323,0.2490,+0.00132,1,2,0.0260,1,1,+0.67079,+0.06090,0.04006,190.96,+0.03112,+0.03083,+0.00000,+0.00647,0.00236,0.0340,0,1,0,0,0.0000,+0.00000,+0.00000,0.0000,+0.000,+0.000,1.0000,0,1.0000,0,2,+0.000,+0.000,+0.000,+0.00000,-17.780,+0.00006,+0.00,+0.00000,0,+0.00000,+0.00000,0.00000,-4.364,0,203.6,0.0
18.345674,3,2,0.250311,0.250311,0.2490,+0.00131,1,2,0.0260,1,1,+0.67079,+0.06090,0.04006,190.96,+0.03085,+0.03056,+0.00000,+0.00641,0.00234,0.0337,0,1,0,0,0.0000,+0.00000,+0.00000,0.0000,+0.000,+0.000,1.0000,0,1.0000,0,2,+0.000,+0.000,+0.000,+0.00000,-17.779,+0.00006,+0.00,+0.00000,0,+0.00000,+0.00000,0.00000,-4.364,0,203.6,0.0
18.350354,3,2,0.250299,0.250299,0.2490,+0.00130,1,2,0.0260,1,1,+0.67079,+0.06090,0.04006,190.96,+0.03056,+0.03027,+0.00000,+0.00635,0.00232,0.0334,0,1,0,0,0.0000,+0.00000,+0.00000,0.0000,+0.000,+0.000,1.0000,0,1.0000,0,2,+0.000,+0.000,+0.000,+0.00000,-17.779,+0.00006,+0.00,+0.00000,0,+0.00000,+0.00000,0.00000,-4.364,0,203.6,0.0
18.355005,3,2,0.250287,0.250287,0.2490,+0.00129,1,2,0.0260,1,1,+0.67079,+0.06090,0.04006,190.96,+0.03028,+0.02999,+0.00000,+0.00629,0.00230,0.0331,0,1,0,0,0.0000,+0.00000,+0.00000,0.0000,+0.000,+0.000,1.0000,0,1.0000,0,2,+0.000,+0.000,+0.000,+0.00000,-17.779,+0.00006,+0.00,+0.00000,0,+0.00000,+0.00000,0.00000,-4.364,0,203.6,0.0
18.359540,3,2,0.250275,0.250275,0.2490,+0.00128,1,2,0.0260,1,1,+0.67079,+0.06090,0.04006,190.96,+0.03000,+0.02972,+0.00000,+0.00623,0.00228,0.0328,0,1,0,0,0.0000,+0.00000,+0.00000,0.0000,+0.000,+0.000,1.0000,0,1.0000,0,2,+0.000,+0.000,+0.000,+0.00000,-17.779,+0.00006,+0.00,+0.00000,0,+0.00000,+0.00000,0.00000,-4.364,0,203.6,0.0
18.364147,3,2,0.250263,0.250263,0.2490,+0.00126,1,2,0.0260,1,1,+0.67079,+0.06090,0.04006,190.96,+0.02973,+0.02945,+0.00000,+0.00618,0.00226,0.0325,0,1,0,0,0.0000,+0.00000,+0.00000,0.0000,+0.000,+0.000,1.0000,0,1.0000,0,2,+0.000,+0.000,+0.000,+0.00000,-17.779,+0.00006,+0.00,+0.00000,0,+0.00000,+0.00000,0.00000,-4.364,0,203.6,0.0
18.368593,3,2,0.250252,0.250252,0.2490,+0.00125,1,2,0.0260,1,1,+0.67079,+0.06090,0.04006,190.96,+0.02946,+0.02919,+0.00000,+0.00612,0.00224,0.0322,0,1,0,0,0.0000,+0.00000,+0.00000,0.0000,+0.000,+0.000,1.0000,0,1.0000,0,2,+0.000,+0.000,+0.000,+0.00000,-17.779,+0.00006,+0.00,+0.00000,0,+0.00000,+0.00000,0.00000,-4.364,0,203.6,0.0
18.372872,3,2,0.250241,0.250241,0.2490,+0.00124,1,2,0.0260,1,1,+0.67079,+0.06090,0.04006,190.96,+0.02921,+0.02894,+0.00000,+0.00607,0.00222,0.0319,0,1,0,0,0.0000,+0.00000,+0.00000,0.0000,+0.000,+0.000,1.0000,0,1.0000,0,2,+0.000,+0.000,+0.000,+0.00000,-17.779,+0.00006,+0.00,+0.00000,0,+0.00000,+0.00000,0.00000,-4.364,0,203.6,0.0
18.377453,3,2,0.250230,0.250230,0.2490,+0.00123,1,2,0.0260,1,1,+0.67079,+0.06090,0.04006,190.96,+0.02895,+0.02867,+0.00000,+0.00601,0.00220,0.0316,0,1,0,0,0.0000,+0.00000,+0.00000,0.0000,+0.000,+0.000,1.0000,0,1.0000,0,2,+0.000,+0.000,+0.000,+0.00000,-17.779,+0.00006,+0.00,+0.00000,0,+0.00000,+0.00000,0.00000,-4.364,0,203.6,0.0
18.385629,3,2,0.250210,0.250210,0.2490,+0.00121,1,2,0.0260,1,1,+0.67079,+0.06090,0.04006,190.96,+0.02848,+0.02821,+0.00000,+0.00592,0.00216,0.0311,0,1,0,0,0.0000,+0.00000,+0.00000,0.0000,+0.000,+0.000,1.0000,0,1.0000,0,2,+0.000,+0.000,+0.000,+0.00000,-17.779,+0.00006,+0.00,+0.00000,0,+0.00000,+0.00000,0.00000,-4.364,0,203.6,0.0
18.390562,3,2,0.250198,0.250198,0.2490,+0.00120,1,2,0.0260,1,1,+0.67079,+0.06090,0.04006,190.96,+0.02820,+0.02793,+0.00000,+0.00586,0.00214,0.0308,0,1,0,0,0.0000,+0.00000,+0.00000,0.0000,+0.000,+0.000,1.0000,0,1.0000,0,2,+0.000,+0.000,+0.000,+0.00000,-17.779,+0.00006,+0.00,+0.00000,0,+0.00000,+0.00000,0.00000,-4.364,0,203.6,0.0
18.395200,3,2,0.250187,0.250187,0.2490,+0.00119,1,2,0.0260,1,1,+0.67079,+0.06090,0.04006,190.96,+0.02794,+0.02767,+0.00000,+0.00580,0.00212,0.0305,0,1,0,0,0.0000,+0.00000,+0.00000,0.0000,+0.000,+0.000,1.0000,0,1.0000,0,2,+0.000,+0.000,+0.000,+0.00000,-17.779,+0.00006,+0.00,+0.00000,0,+0.00000,+0.00000,0.00000,-4.364,0,203.6,0.0
18.399705,3,2,0.250177,0.250177,0.2490,+0.00118,1,2,0.0260,1,1,+0.67079,+0.06090,0.04006,190.96,+0.02769,+0.02743,+0.00000,+0.00575,0.00210,0.0303,0,1,0,0,0.0000,+0.00000,+0.00000,0.0000,+0.000,+0.000,1.0000,0,1.0000,0,2,+0.000,+0.000,+0.000,+0.00000,-17.779,+0.00006,+0.00,+0.00000,0,+0.00000,+0.00000,0.00000,-4.364,0,203.6,0.0
18.404062,3,2,0.250166,0.250166,0.2490,+0.00117,1,2,0.0260,1,1,+0.67079,+0.06090,0.04006,190.96,+0.02745,+0.02719,+0.00000,+0.00570,0.00208,0.0300,0,1,0,0,0.0000,+0.00000,+0.00000,0.0000,+0.000,+0.000,1.0000,0,1.0000,0,2,+0.000,+0.000,+0.000,+0.00000,-17.779,+0.00006,+0.00,+0.00000,0,+0.00000,+0.00000,0.00000,-4.364,0,203.6,0.0
18.408595,3,2,0.250156,0.250156,0.2490,+0.00116,1,2,0.0260,1,1,+0.67079,+0.06090,0.04006,190.96,+0.02720,+0.02694,+0.00000,+0.00565,0.00206,0.0297,0,1,0,0,0.0000,+0.00000,+0.00000,0.0000,+0.000,+0.000,1.0000,0,1.0000,0,2,+0.000,+0.000,+0.000,+0.00000,-17.779,+0.00006,+0.00,+0.00000,0,+0.00000,+0.00000,0.00000,-4.364,0,203.6,0.0
18.413742,3,2,0.250144,0.250144,0.2490,+0.00114,1,2,0.0260,1,1,+0.67079,+0.06090,0.04006,190.96,+0.02692,+0.02667,+0.00000,+0.00559,0.00204,0.0294,0,1,0,0,0.0000,+0.00000,+0.00000,0.0000,+0.000,+0.000,1.0000,0,1.0000,0,2,+0.000,+0.000,+0.000,+0.00000,-17.779,+0.00006,+0.00,+0.00000,0,+0.00000,+0.00000,0.00000,-4.364,0,203.6,0.0
18.418098,3,2,0.250134,0.250134,0.2490,+0.00113,1,2,0.0260,1,1,+0.67079,+0.06090,0.04006,190.96,+0.02669,+0.02644,+0.00000,+0.00554,0.00202,0.0292,0,1,0,0,0.0000,+0.00000,+0.00000,0.0000,+0.000,+0.000,1.0000,0,1.0000,0,2,+0.000,+0.000,+0.000,+0.00000,-17.779,+0.00006,+0.00,+0.00000,0,+0.00000,+0.00000,0.00000,-4.364,0,203.6,0.0
18.422667,3,2,0.250124,0.250124,0.2490,+0.00112,1,2,0.0260,1,1,+0.67079,+0.06090,0.04006,190.96,+0.02644,+0.02620,+0.00000,+0.00549,0.00201,0.0289,0,1,0,0,0.0000,+0.00000,+0.00000,0.0000,+0.000,+0.000,1.0000,0,1.0000,0,2,+0.000,+0.000,+0.000,+0.00000,-17.779,+0.00006,+0.00,+0.00000,0,+0.00000,+0.00000,0.00000,-4.364,0,203.6,0.0
18.427158,3,2,0.250114,0.250114,0.2490,+0.00111,1,2,0.0260,1,1,+0.67079,+0.06090,0.04006,190.96,+0.02621,+0.02596,+0.00000,+0.00544,0.00199,0.0286,0,1,0,0,0.0000,+0.00000,+0.00000,0.0000,+0.000,+0.000,1.0000,0,1.0000,0,2,+0.000,+0.000,+0.000,+0.00000,-17.779,+0.00006,+0.00,+0.00000,0,+0.00000,+0.00000,0.00000,-4.364,0,203.6,0.0
18.431728,3,2,0.250104,0.250104,0.2490,+0.00110,1,2,0.0260,1,1,+0.67079,+0.06090,0.04006,190.96,+0.02597,+0.02572,+0.00000,+0.00540,0.00197,0.0284,0,1,0,0,0.0000,+0.00000,+0.00000,0.0000,+0.000,+0.000,1.0000,0,1.0000,0,2,+0.000,+0.000,+0.000,+0.00000,-17.779,+0.00006,+0.00,+0.00000,0,+0.00000,+0.00000,0.00000,-4.364,0,203.6,0.0
18.436283,3,2,0.250094,0.250094,0.2490,+0.00109,1,2,0.0260,1,1,+0.67079,+0.06090,0.04006,190.96,+0.02573,+0.02549,+0.00000,+0.00535,0.00195,0.0281,0,1,0,0,0.0000,+0.00000,+0.00000,0.0000,+0.000,+0.000,1.0000,0,1.0000,0,2,+0.000,+0.000,+0.000,+0.00000,-17.779,+0.00006,+0.00,+0.00000,0,+0.00000,+0.00000,0.00000,-4.364,0,203.6,0.0
18.440814,3,2,0.250084,0.250084,0.2490,+0.00108,1,2,0.0260,1,1,+0.67079,+0.06090,0.04006,190.96,+0.02550,+0.02526,+0.00000,+0.00530,0.00193,0.0279,0,1,0,0,0.0000,+0.00000,+0.00000,0.0000,+0.000,+0.000,1.0000,0,1.0000,0,2,+0.000,+0.000,+0.000,+0.00000,-17.779,+0.00006,+0.00,+0.00000,0,+0.00000,+0.00000,0.00000,-4.364,0,203.6,0.0
18.445520,3,2,0.250074,0.250074,0.2490,+0.00107,1,2,0.0260,1,1,+0.67079,+0.06090,0.04006,190.96,+0.02526,+0.02502,+0.00000,+0.00525,0.00192,0.0276,0,1,0,0,0.0000,+0.00000,+0.00000,0.0000,+0.000,+0.000,1.0000,0,1.0000,0,2,+0.000,+0.000,+0.000,+0.00000,-17.779,+0.00006,+0.00,+0.00000,0,+0.00000,+0.00000,0.00000,-4.364,0,203.6,0.0
18.451754,3,2,0.250060,0.250060,0.2490,+0.00106,1,2,0.0260,1,1,+0.67079,+0.06090,0.04006,190.96,+0.02495,+0.02471,+0.00000,+0.00518,0.00189,0.0273,0,1,0,0,0.0000,+0.00000,+0.00000,0.0000,+0.000,+0.000,1.0000,0,1.0000,0,2,+0.000,+0.000,+0.000,+0.00000,-17.779,+0.00006,+0.00,+0.00000,0,+0.00000,+0.00000,0.00000,-4.364,0,203.6,0.0
18.457395,3,2,0.250048,0.250048,0.2490,+0.00105,1,2,0.0260,1,1,+0.67079,+0.06090,0.04006,190.96,+0.02467,+0.02444,+0.00000,+0.00513,0.00187,0.0270,0,1,0,0,0.0000,+0.00000,+0.00000,0.0000,+0.000,+0.000,1.0000,0,1.0000,0,2,+0.000,+0.000,+0.000,+0.00000,-17.779,+0.00006,+0.00,+0.00000,0,+0.00000,+0.00000,0.00000,-4.364,0,203.6,0.0
18.462047,3,2,0.250039,0.250039,0.2490,+0.00104,1,2,0.0260,1,1,+0.67079,+0.06090,0.04006,190.96,+0.02444,+0.02421,+0.00000,+0.00508,0.00185,0.0267,0,1,0,0,0.0000,+0.00000,+0.00000,0.0000,+0.000,+0.000,1.0000,0,1.0000,0,2,+0.000,+0.000,+0.000,+0.00000,-17.779,+0.00006,+0.00,+0.00000,0,+0.00000,+0.00000,0.00000,-4.364,0,203.6,0.0
18.466612,3,2,0.250029,0.250029,0.2490,+0.00103,1,2,0.0260,1,1,+0.67079,+0.06090,0.04006,190.96,+0.02422,+0.02399,+0.00000,+0.00503,0.00184,0.0265,0,1,0,0,0.0000,+0.00000,+0.00000,0.0000,+0.000,+0.000,1.0000,0,1.0000,0,2,+0.000,+0.000,+0.000,+0.00000,-17.779,+0.00006,+0.00,+0.00000,0,+0.00000,+0.00000,0.00000,-4.364,0,203.6,0.0
18.470921,3,2,0.250020,0.250020,0.2490,+0.00102,1,2,0.0260,1,1,+0.67079,+0.06090,0.04006,190.96,+0.02401,+0.02379,+0.00000,+0.00499,0.00182,0.0262,0,1,0,0,0.0000,+0.00000,+0.00000,0.0000,+0.000,+0.000,1.0000,0,1.0000,0,2,+0.000,+0.000,+0.000,+0.00000,-17.779,+0.00006,+0.00,+0.00000,0,+0.00000,+0.00000,0.00000,-4.364,0,203.6,0.0
18.475205,3,2,0.250012,0.250012,0.2490,+0.00101,1,2,0.0260,1,1,+0.67079,+0.06090,0.04006,190.96,+0.02381,+0.02358,+0.00000,+0.00495,0.00181,0.0260,0,1,0,0,0.0000,+0.00000,+0.00000,0.0000,+0.000,+0.000,1.0000,0,1.0000,0,2,+0.000,+0.000,+0.000,+0.00000,-17.779,+0.00006,+0.00,+0.00000,0,+0.00000,+0.00000,0.00000,-4.364,0,203.6,0.0
18.479736,3,2,0.250003,0.250003,0.2490,+0.00100,1,2,0.0260,1,1,+0.67079,+0.06090,0.04006,190.96,+0.02359,+0.02337,+0.00000,+0.00490,0.00179,0.0258,0,1,0,0,0.0000,+0.00000,+0.00000,0.0000,+0.000,+0.000,1.0000,0,1.0000,0,2,+0.000,+0.000,+0.000,+0.00000,-17.779,+0.00006,+0.00,+0.00000,0,+0.00000,+0.00000,0.00000,-4.364,0,203.6,0.0
18.484284,3,2,0.249994,0.249994,0.2490,+0.00099,1,2,0.0260,1,1,+0.67079,+0.06090,0.04006,190.96,+0.02338,+0.02316,+0.00000,+0.00486,0.00177,0.0255,0,1,0,0,0.0000,+0.00000,+0.00000,0.0000,+0.000,+0.000,1.0000,0,1.0000,0,2,+0.000,+0.000,+0.000,+0.00000,-17.779,+0.00006,+0.00,+0.00000,0,+0.00000,+0.00000,0.00000,-4.364,0,203.6,0.0
18.488707,3,2,0.249985,0.249985,0.2490,+0.00098,1,2,0.0260,1,1,+0.67079,+0.06090,0.04006,190.96,+0.02317,+0.02295,+0.00000,+0.00481,0.00176,0.0253,0,1,0,0,0.0000,+0.00000,+0.00000,0.0000,+0.000,+0.000,1.0000,0,1.0000,0,2,+0.000,+0.000,+0.000,+0.00000,-17.779,+0.00006,+0.00,+0.00000,0,+0.00000,+0.00000,0.00000,-4.364,0,203.6,0.0
18.493094,3,2,0.249976,0.249976,0.2490,+0.00098,1,2,0.0260,1,1,+0.67079,+0.06090,0.04006,190.96,+0.02297,+0.02275,+0.00000,+0.00477,0.00174,0.0251,0,1,0,0,0.0000,+0.00000,+0.00000,0.0000,+0.000,+0.000,1.0000,0,1.0000,0,2,+0.000,+0.000,+0.000,+0.00000,-17.779,+0.00006,+0.00,+0.00000,0,+0.00000,+0.00000,0.00000,-4.364,0,203.6,0.0
18.497702,3,2,0.249967,0.249967,0.2490,+0.00097,1,2,0.0260,1,1,+0.67079,+0.06090,0.04006,190.96,+0.02276,+0.02254,+0.00000,+0.00473,0.00173,0.0249,0,1,0,0,0.0000,+0.00000,+0.00000,0.0000,+0.000,+0.000,1.0000,0,1.0000,0,2,+0.000,+0.000,+0.000,+0.00000,-17.779,+0.00006,+0.00,+0.00000,0,+0.00000,+0.00000,0.00000,-4.364,0,203.6,0.0
18.502236,3,2,0.249958,0.249958,0.2490,+0.00096,1,2,0.0260,1,1,+0.67079,+0.06090,0.04006,190.96,+0.02255,+0.02234,+0.00000,+0.00469,0.00171,0.0246,0,1,0,0,0.0000,+0.00000,+0.00000,0.0000,+0.000,+0.000,1.0000,0,1.0000,0,2,+0.000,+0.000,+0.000,+0.00000,-17.779,+0.00006,+0.00,+0.00000,0,+0.00000,+0.00000,0.00000,-4.364,0,203.6,0.0
18.506946,3,2,0.249949,0.249949,0.2490,+0.00095,1,2,0.0260,1,1,+0.67079,+0.06090,0.04006,190.96,+0.02234,+0.02213,+0.00000,+0.00464,0.00169,0.0244,0,1,0,0,0.0000,+0.00000,+0.00000,0.0000,+0.000,+0.000,1.0000,0,1.0000,0,2,+0.000,+0.000,+0.000,+0.00000,-17.779,+0.00006,+0.00,+0.00000,0,+0.00000,+0.00000,0.00000,-4.364,0,203.6,0.0
18.515333,3,2,0.249934,0.249934,0.2490,+0.00093,1,2,0.0260,1,1,+0.67079,+0.06090,0.04006,190.96,+0.02197,+0.02176,+0.00000,+0.00456,0.00167,0.0240,0,1,0,0,0.0000,+0.00000,+0.00000,0.0000,+0.000,+0.000,1.0000,0,1.0000,0,2,+0.000,+0.000,+0.000,+0.00000,-17.779,+0.00006,+0.00,+0.00000,0,+0.00000,+0.00000,0.00000,-4.364,0,203.6,0.0
18.519787,3,2,0.249925,0.249925,0.2490,+0.00093,1,2,0.0260,1,1,+0.67079,+0.06090,0.04006,190.96,+0.02178,+0.02157,+0.00000,+0.00452,0.00165,0.0238,0,1,0,0,0.0000,+0.00000,+0.00000,0.0000,+0.000,+0.000,1.0000,0,1.0000,0,2,+0.000,+0.000,+0.000,+0.00000,-17.779,+0.00006,+0.00,+0.00000,0,+0.00000,+0.00000,0.00000,-4.364,0,203.6,0.0
18.524451,3,2,0.249917,0.249917,0.2490,+0.00092,1,2,0.0260,1,1,+0.67079,+0.06090,0.04006,190.96,+0.02157,+0.02137,+0.00000,+0.00448,0.00164,0.0236,0,1,0,0,0.0000,+0.00000,+0.00000,0.0000,+0.000,+0.000,1.0000,0,1.0000,0,2,+0.000,+0.000,+0.000,+0.00000,-17.779,+0.00006,+0.00,+0.00000,0,+0.00000,+0.00000,0.00000,-4.364,0,203.6,0.0
18.529165,3,2,0.249908,0.249908,0.2490,+0.00091,1,2,0.0260,1,1,+0.67079,+0.06090,0.04006,190.96,+0.02137,+0.02117,+0.00000,+0.00444,0.00162,0.0234,0,1,0,0,0.0000,+0.00000,+0.00000,0.0000,+0.000,+0.000,1.0000,0,1.0000,0,2,+0.000,+0.000,+0.000,+0.00000,-17.779,+0.00006,+0.00,+0.00000,0,+0.00000,+0.00000,0.00000,-4.364,0,203.6,0.0
18.533922,3,2,0.249900,0.249900,0.2490,+0.00090,1,2,0.0260,1,1,+0.67079,+0.06090,0.04006,190.96,+0.02117,+0.02097,+0.00000,+0.00440,0.00161,0.0231,0,1,0,0,0.0000,+0.00000,+0.00000,0.0000,+0.000,+0.000,1.0000,0,1.0000,0,2,+0.000,+0.000,+0.000,+0.00000,-17.779,+0.00006,+0.00,+0.00000,0,+0.00000,+0.00000,0.00000,-4.364,0,203.6,0.0
18.539763,3,2,0.249889,0.249889,0.2490,+0.00089,1,2,0.0260,1,1,+0.67079,+0.06090,0.04006,190.96,+0.02092,+0.02073,+0.00000,+0.00435,0.00159,0.0229,0,1,0,0,0.0000,+0.00000,+0.00000,0.0000,+0.000,+0.000,1.0000,0,1.0000,0,2,+0.000,+0.000,+0.000,+0.00000,-17.779,+0.00006,+0.00,+0.00000,0,+0.00000,+0.00000,0.00000,-4.364,0,203.6,0.0
18.544233,3,2,0.249881,0.249881,0.2490,+0.00088,1,2,0.0260,1,1,+0.67079,+0.06090,0.04006,190.96,+0.02074,+0.02054,+0.00000,+0.00431,0.00157,0.0227,0,1,0,0,0.0000,+0.00000,+0.00000,0.0000,+0.000,+0.000,1.0000,0,1.0000,0,2,+0.000,+0.000,+0.000,+0.00000,-17.779,+0.00006,+0.00,+0.00000,0,+0.00000,+0.00000,0.00000,-4.364,0,203.6,0.0
18.548669,3,2,0.249873,0.249873,0.2490,+0.00087,1,2,0.0260,1,1,+0.67079,+0.06090,0.04006,190.96,+0.02055,+0.02036,+0.00000,+0.00427,0.00156,0.0225,0,1,0,0,0.0000,+0.00000,+0.00000,0.0000,+0.000,+0.000,1.0000,0,1.0000,0,2,+0.000,+0.000,+0.000,+0.00000,-17.779,+0.00006,+0.00,+0.00000,0,+0.00000,+0.00000,0.00000,-4.364,0,203.6,0.0
18.553171,3,2,0.249866,0.249866,0.2490,+0.00087,1,2,0.0260,1,1,+0.67079,+0.06090,0.04006,190.96,+0.02037,+0.02018,+0.00000,+0.00423,0.00155,0.0223,0,1,0,0,0.0000,+0.00000,+0.00000,0.0000,+0.000,+0.000,1.0000,0,1.0000,0,2,+0.000,+0.000,+0.000,+0.00000,-17.779,+0.00006,+0.00,+0.00000,0,+0.00000,+0.00000,0.00000,-4.364,0,203.6,0.0
18.557736,3,2,0.249858,0.249858,0.2490,+0.00086,1,2,0.0260,1,1,+0.67079,+0.06090,0.04006,190.96,+0.02018,+0.01999,+0.00000,+0.00419,0.00153,0.0221,0,1,0,0,0.0000,+0.00000,+0.00000,0.0000,+0.000,+0.000,1.0000,0,1.0000,0,2,+0.000,+0.000,+0.000,+0.00000,-17.779,+0.00006,+0.00,+0.00000,0,+0.00000,+0.00000,0.00000,-4.364,0,203.6,0.0
18.562248,3,2,0.249850,0.249850,0.2490,+0.00085,1,2,0.0260,1,1,+0.67079,+0.06090,0.04006,190.96,+0.02000,+0.01981,+0.00000,+0.00416,0.00152,0.0219,0,1,0,0,0.0000,+0.00000,+0.00000,0.0000,+0.000,+0.000,1.0000,0,1.0000,0,2,+0.000,+0.000,+0.000,+0.00000,-17.779,+0.00006,+0.00,+0.00000,0,+0.00000,+0.00000,0.00000,-4.364,0,203.6,0.0
18.566903,3,2,0.249842,0.249842,0.2490,+0.00084,1,2,0.0260,1,1,+0.67079,+0.06090,0.04006,190.96,+0.01982,+0.01963,+0.00000,+0.00412,0.00150,0.0217,0,1,0,0,0.0000,+0.00000,+0.00000,0.0000,+0.000,+0.000,1.0000,0,1.0000,0,2,+0.000,+0.000,+0.000,+0.00000,-17.779,+0.00006,+0.00,+0.00000,0,+0.00000,+0.00000,0.00000,-4.364,0,203.6,0.0
18.571440,3,2,0.249835,0.249835,0.2490,+0.00083,1,2,0.0260,1,1,+0.67079,+0.06090,0.04006,190.96,+0.01964,+0.01945,+0.00000,+0.00408,0.00149,0.0215,0,1,0,0,0.0000,+0.00000,+0.00000,0.0000,+0.000,+0.000,1.0000,0,1.0000,0,2,+0.000,+0.000,+0.000,+0.00000,-17.779,+0.00006,+0.00,+0.00000,0,+0.00000,+0.00000,0.00000,-4.364,0,203.6,0.0
18.576067,3,2,0.249827,0.249827,0.2490,+0.00083,1,2,0.0260,1,1,+0.67079,+0.06090,0.04006,190.96,+0.01946,+0.01927,+0.00000,+0.00404,0.00148,0.0213,0,1,0,0,0.0000,+0.00000,+0.00000,0.0000,+0.000,+0.000,1.0000,0,1.0000,0,2,+0.000,+0.000,+0.000,+0.00000,-17.779,+0.00006,+0.00,+0.00000,0,+0.00000,+0.00000,0.00000,-4.364,0,203.6,0.0
18.580275,3,2,0.249820,0.249820,0.2490,+0.00082,1,2,0.0260,1,1,+0.67079,+0.06090,0.04006,190.96,+0.01929,+0.01911,+0.00000,+0.00401,0.00146,0.0211,0,1,0,0,0.0000,+0.00000,+0.00000,0.0000,+0.000,+0.000,1.0000,0,1.0000,0,2,+0.000,+0.000,+0.000,+0.00000,-17.779,+0.00006,+0.00,+0.00000,0,+0.00000,+0.00000,0.00000,-4.364,0,203.6,0.0
18.584673,3,2,0.249813,0.249813,0.2490,+0.00081,1,2,0.0260,1,1,+0.67079,+0.06090,0.04006,190.96,+0.01913,+0.01895,+0.00000,+0.00397,0.00145,0.0209,0,1,0,0,0.0000,+0.00000,+0.00000,0.0000,+0.000,+0.000,1.0000,0,1.0000,0,2,+0.000,+0.000,+0.000,+0.00000,-17.779,+0.00006,+0.00,+0.00000,0,+0.00000,+0.00000,0.00000,-4.364,0,203.6,0.0
18.589349,3,2,0.249805,0.249805,0.2490,+0.00081,1,2,0.0260,1,1,+0.67079,+0.06090,0.04006,190.96,+0.01895,+0.01877,+0.00000,+0.00394,0.00144,0.0207,0,1,0,0,0.0000,+0.00000,+0.00000,0.0000,+0.000,+0.000,1.0000,0,1.0000,0,2,+0.000,+0.000,+0.000,+0.00000,-17.779,+0.00006,+0.00,+0.00000,0,+0.00000,+0.00000,0.00000,-4.364,0,203.6,0.0
18.594024,3,2,0.249798,0.249798,0.2490,+0.00080,1,2,0.0260,1,1,+0.67079,+0.06090,0.04006,190.96,+0.01877,+0.01859,+0.00000,+0.00390,0.00142,0.0205,0,1,0,0,0.0000,+0.00000,+0.00000,0.0000,+0.000,+0.000,1.0000,0,1.0000,0,2,+0.000,+0.000,+0.000,+0.00000,-17.779,+0.00006,+0.00,+0.00000,0,+0.00000,+0.00000,0.00000,-4.364,0,203.6,0.0
18.598680,3,2,0.249790,0.249790,0.2490,+0.00079,1,2,0.0260,1,1,+0.67079,+0.06090,0.04006,190.96,+0.01860,+0.01842,+0.00000,+0.00386,0.00141,0.0203,0,1,0,0,0.0000,+0.00000,+0.00000,0.0000,+0.000,+0.000,1.0000,0,1.0000,0,2,+0.000,+0.000,+0.000,+0.00000,-17.779,+0.00006,+0.00,+0.00000,0,+0.00000,+0.00000,0.00000,-4.364,0,203.6,0.0
18.603256,3,2,0.249783,0.249783,0.2490,+0.00078,1,2,0.0260,1,1,+0.67079,+0.06090,0.04006,190.96,+0.01843,+0.01825,+0.00000,+0.00383,0.00140,0.0201,0,1,0,0,0.0000,+0.00000,+0.00000,0.0000,+0.000,+0.000,1.0000,0,1.0000,0,2,+0.000,+0.000,+0.000,+0.00000,-17.779,+0.00006,+0.00,+0.00000,0,+0.00000,+0.00000,0.00000,-4.364,0,203.6,0.0
18.607790,3,2,0.249781,0.249781,0.2490,+0.00078,1,2,0.0260,0,1,+0.67079,+0.06090,0.04006,190.96,+0.00000,+0.01809,+0.00000,+0.00000,0.00000,0.0200,0,1,0,0,0.0000,+0.00000,+0.00000,0.0000,+0.000,+0.000,1.0000,0,1.0000,0,2,+0.000,+0.000,+0.000,+0.00000,-17.779,+0.00006,+0.00,+0.00000,0,+0.00000,+0.00000,0.00000,-4.364,0,203.6,0.0
18.612432,3,2,0.249778,0.249778,0.2490,+0.00078,1,2,0.0260,0,1,+0.67079,+0.06090,0.04006,190.96,+0.00000,+0.01792,+0.00000,+0.00000,0.00000,0.0198,0,1,0,0,0.0000,+0.00000,+0.00000,0.0000,+0.000,+0.000,1.0000,0,1.0000,0,2,+0.000,+0.000,+0.000,+0.00000,-17.779,+0.00006,+0.00,+0.00000,0,+0.00000,+0.00000,0.00000,-4.364,0,203.6,0.0
18.616606,3,2,0.249776,0.249776,0.2490,+0.00078,1,2,0.0260,0,1,+0.67079,+0.06090,0.04006,190.96,+0.00000,+0.01777,+0.00000,+0.00000,0.00000,0.0196,0,1,0,0,0.0000,+0.00000,+0.00000,0.0000,+0.000,+0.000,1.0000,0,1.0000,0,2,+0.000,+0.000,+0.000,+0.00000,-17.779,+0.00006,+0.00,+0.00000,0,+0.00000,+0.00000,0.00000,-4.364,0,203.6,0.0
18.622851,3,2,0.249773,0.249773,0.2490,+0.00077,1,2,0.0260,0,1,+0.67079,+0.06090,0.04006,190.96,+0.00000,+0.01755,+0.00000,+0.00000,0.00000,0.0194,0,1,0,0,0.0000,+0.00000,+0.00000,0.0000,+0.000,+0.000,1.0000,0,1.0000,0,2,+0.000,+0.000,+0.000,+0.00000,-17.779,+0.00006,+0.00,+0.00000,0,+0.00000,+0.00000,0.00000,-4.364,0,203.6,0.0
18.628011,3,2,0.249770,0.249770,0.2490,+0.00077,1,2,0.0260,0,1,+0.67079,+0.06090,0.04006,190.96,+0.00000,+0.01737,+0.00000,+0.00000,0.00000,0.0192,0,1,0,0,0.0000,+0.00000,+0.00000,0.0000,+0.000,+0.000,1.0000,0,1.0000,0,2,+0.000,+0.000,+0.000,+0.00000,-17.779,+0.00006,+0.00,+0.00000,0,+0.00000,+0.00000,0.00000,-4.364,0,203.6,0.0
18.632741,3,2,0.249768,0.249768,0.2490,+0.00077,1,2,0.0260,0,1,+0.67079,+0.06090,0.04006,190.96,+0.00000,+0.01721,+0.00000,+0.00000,0.00000,0.0190,0,1,0,0,0.0000,+0.00000,+0.00000,0.0000,+0.000,+0.000,1.0000,0,1.0000,0,2,+0.000,+0.000,+0.000,+0.00000,-17.779,+0.00006,+0.00,+0.00000,0,+0.00000,+0.00000,0.00000,-4.364,0,203.6,0.0
18.637409,3,2,0.249765,0.249765,0.2490,+0.00077,1,2,0.0260,0,1,+0.67079,+0.06090,0.04006,190.96,+0.00000,+0.01705,+0.00000,+0.00000,0.00000,0.0188,0,1,0,0,0.0000,+0.00000,+0.00000,0.0000,+0.000,+0.000,1.0000,0,1.0000,0,2,+0.000,+0.000,+0.000,+0.00000,-17.779,+0.00006,+0.00,+0.00000,0,+0.00000,+0.00000,0.00000,-4.364,0,203.6,0.0
18.642068,3,2,0.249763,0.249763,0.2490,+0.00076,1,2,0.0260,0,1,+0.67079,+0.06090,0.04006,190.96,+0.00000,+0.01689,+0.00000,+0.00000,0.00000,0.0186,0,1,0,0,0.0000,+0.00000,+0.00000,0.0000,+0.000,+0.000,1.0000,0,1.0000,0,2,+0.000,+0.000,+0.000,+0.00000,-17.779,+0.00006,+0.00,+0.00000,0,+0.00000,+0.00000,0.00000,-4.364,0,203.6,0.0
18.648228,3,2,0.249760,0.249760,0.2490,+0.00076,1,2,0.0260,0,1,+0.67079,+0.06090,0.04006,190.96,+0.00000,+0.01668,+0.00000,+0.00000,0.00000,0.0184,0,1,0,0,0.0000,+0.00000,+0.00000,0.0000,+0.000,+0.000,1.0000,0,1.0000,0,2,+0.000,+0.000,+0.000,+0.00000,-17.779,+0.00006,+0.00,+0.00000,0,+0.00000,+0.00000,0.00000,-4.364,0,203.6,0.0
18.652838,3,2,0.249758,0.249758,0.2490,+0.00076,1,2,0.0260,0,1,+0.67079,+0.06090,0.04006,190.96,+0.00000,+0.01653,+0.00000,+0.00000,0.00000,0.0182,0,1,0,0,0.0000,+0.00000,+0.00000,0.0000,+0.000,+0.000,1.0000,0,1.0000,0,2,+0.000,+0.000,+0.000,+0.00000,-17.778,+0.00006,+0.00,+0.00000,0,+0.00000,+0.00000,0.00000,-4.364,0,203.6,0.0
18.657407,3,2,0.249755,0.249755,0.2490,+0.00076,1,2,0.0260,0,1,+0.67079,+0.06090,0.04006,190.96,+0.00000,+0.01638,+0.00000,+0.00000,0.00000,0.0181,0,1,0,0,0.0000,+0.00000,+0.00000,0.0000,+0.000,+0.000,1.0000,0,1.0000,0,2,+0.000,+0.000,+0.000,+0.00000,-17.778,+0.00006,+0.00,+0.00000,0,+0.00000,+0.00000,0.00000,-4.364,0,203.6,0.0
18.661916,3,2,0.249753,0.249753,0.2490,+0.00075,1,2,0.0260,0,1,+0.67079,+0.06090,0.04006,190.96,+0.00000,+0.01623,+0.00000,+0.00000,0.00000,0.0179,0,1,0,0,0.0000,+0.00000,+0.00000,0.0000,+0.000,+0.000,1.0000,0,1.0000,0,2,+0.000,+0.000,+0.000,+0.00000,-17.778,+0.00006,+0.00,+0.00000,0,+0.00000,+0.00000,0.00000,-4.364,0,203.6,0.0
18.666515,3,2,0.249751,0.249751,0.2490,+0.00075,1,2,0.0260,0,1,+0.67079,+0.06090,0.04006,190.96,+0.00000,+0.01608,+0.00000,+0.00000,0.00000,0.0177,0,1,0,0,0.0000,+0.00000,+0.00000,0.0000,+0.000,+0.000,1.0000,0,1.0000,0,2,+0.000,+0.000,+0.000,+0.00000,-17.778,+0.00006,+0.00,+0.00000,0,+0.00000,+0.00000,0.00000,-4.364,0,203.6,0.0
18.671050,3,2,0.249749,0.249749,0.2490,+0.00075,1,2,0.0260,0,1,+0.67079,+0.06090,0.04006,190.96,+0.00000,+0.01594,+0.00000,+0.00000,0.00000,0.0176,0,1,0,0,0.0000,+0.00000,+0.00000,0.0000,+0.000,+0.000,1.0000,0,1.0000,0,2,+0.000,+0.000,+0.000,+0.00000,-17.778,+0.00006,+0.00,+0.00000,0,+0.00000,+0.00000,0.00000,-4.364,0,203.6,0.0
18.675615,3,2,0.249746,0.249746,0.2490,+0.00075,1,2,0.0260,0,1,+0.67079,+0.06090,0.04006,190.96,+0.00000,+0.01579,+0.00000,+0.00000,0.00000,0.0174,0,1,0,0,0.0000,+0.00000,+0.00000,0.0000,+0.000,+0.000,1.0000,0,1.0000,0,2,+0.000,+0.000,+0.000,+0.00000,-17.778,+0.00006,+0.00,+0.00000,0,+0.00000,+0.00000,0.00000,-4.364,0,203.6,0.0
18.680602,3,2,0.249744,0.249744,0.2490,+0.00074,1,2,0.0260,0,1,+0.67079,+0.06090,0.04006,190.96,+0.00000,+0.01564,+0.00000,+0.00000,0.00000,0.0173,0,1,0,0,0.0000,+0.00000,+0.00000,0.0000,+0.000,+0.000,1.0000,0,1.0000,0,2,+0.000,+0.000,+0.000,+0.00000,-17.778,+0.00006,+0.00,+0.00000,0,+0.00000,+0.00000,0.00000,-4.364,0,203.6,0.0
18.685749,3,2,0.249741,0.249741,0.2490,+0.00074,1,2,0.0260,0,1,+0.67079,+0.06090,0.04006,190.96,+0.00000,+0.01548,+0.00000,+0.00000,0.00000,0.0171,0,1,0,0,0.0000,+0.00000,+0.00000,0.0000,+0.000,+0.000,1.0000,0,1.0000,0,2,+0.000,+0.000,+0.000,+0.00000,-17.778,+0.00006,+0.00,+0.00000,0,+0.00000,+0.00000,0.00000,-4.364,0,203.6,0.0
18.690112,3,2,0.249739,0.249739,0.2490,+0.00074,1,2,0.0260,0,1,+0.67079,+0.06090,0.04006,190.96,+0.00000,+0.01534,+0.00000,+0.00000,0.00000,0.0169,0,1,0,0,0.0000,+0.00000,+0.00000,0.0000,+0.000,+0.000,1.0000,0,1.0000,0,2,+0.000,+0.000,+0.000,+0.00000,-17.778,+0.00006,+0.00,+0.00000,0,+0.00000,+0.00000,0.00000,-4.364,0,203.6,0.0
18.695025,3,2,0.249737,0.249737,0.2490,+0.00074,1,2,0.0260,0,1,+0.67079,+0.06090,0.04006,190.96,+0.00000,+0.01519,+0.00000,+0.00000,0.00000,0.0168,0,1,0,0,0.0000,+0.00000,+0.00000,0.0000,+0.000,+0.000,1.0000,0,1.0000,0,2,+0.000,+0.000,+0.000,+0.00000,-17.778,+0.00006,+0.00,+0.00000,0,+0.00000,+0.00000,0.00000,-4.364,0,203.6,0.0
18.699871,3,2,0.249734,0.249734,0.2490,+0.00073,1,2,0.0260,0,1,+0.67079,+0.06090,0.04006,190.96,+0.00000,+0.01505,+0.00000,+0.00000,0.00000,0.0166,0,1,0,0,0.0000,+0.00000,+0.00000,0.0000,+0.000,+0.000,1.0000,0,1.0000,0,2,+0.000,+0.000,+0.000,+0.00000,-17.778,+0.00006,+0.00,+0.00000,0,+0.00000,+0.00000,0.00000,-4.364,0,203.6,0.0
18.704733,3,2,0.249732,0.249732,0.2490,+0.00073,1,2,0.0260,0,1,+0.67079,+0.06090,0.04006,190.96,+0.00000,+0.01490,+0.00000,+0.00000,0.00000,0.0164,0,1,0,0,0.0000,+0.00000,+0.00000,0.0000,+0.000,+0.000,1.0000,0,1.0000,0,2,+0.000,+0.000,+0.000,+0.00000,-17.778,+0.00006,+0.00,+0.00000,0,+0.00000,+0.00000,0.00000,-4.364,0,203.6,0.0
18.713952,3,2,0.249727,0.249727,0.2490,+0.00073,1,2,0.0260,0,1,+0.67079,+0.06090,0.04006,190.96,+0.00000,+0.01463,+0.00000,+0.00000,0.00000,0.0161,0,1,0,0,0.0000,+0.00000,+0.00000,0.0000,+0.000,+0.000,1.0000,0,1.0000,0,2,+0.000,+0.000,+0.000,+0.00000,-17.778,+0.00006,+0.00,+0.00000,0,+0.00000,+0.00000,0.00000,-4.364,0,203.6,0.0
18.718359,3,2,0.249725,0.249725,0.2490,+0.00073,1,2,0.0260,0,1,+0.67079,+0.06090,0.04006,190.96,+0.00000,+0.01450,+0.00000,+0.00000,0.00000,0.0160,0,1,0,0,0.0000,+0.00000,+0.00000,0.0000,+0.000,+0.000,1.0000,0,1.0000,0,2,+0.000,+0.000,+0.000,+0.00000,-17.778,+0.00006,+0.00,+0.00000,0,+0.00000,+0.00000,0.00000,-4.364,0,203.6,0.0
18.722996,3,2,0.249723,0.249723,0.2490,+0.00072,1,2,0.0260,0,1,+0.67079,+0.06090,0.04006,190.96,+0.00000,+0.01437,+0.00000,+0.00000,0.00000,0.0158,0,1,0,0,0.0000,+0.00000,+0.00000,0.0000,+0.000,+0.000,1.0000,0,1.0000,0,2,+0.000,+0.000,+0.000,+0.00000,-17.778,+0.00006,+0.00,+0.00000,0,+0.00000,+0.00000,0.00000,-4.364,0,203.6,0.0
18.727431,3,2,0.249721,0.249721,0.2490,+0.00072,1,2,0.0260,0,1,+0.67079,+0.06090,0.04006,190.96,+0.00000,+0.01424,+0.00000,+0.00000,0.00000,0.0157,0,1,0,0,0.0000,+0.00000,+0.00000,0.0000,+0.000,+0.000,1.0000,0,1.0000,0,2,+0.000,+0.000,+0.000,+0.00000,-17.778,+0.00006,+0.00,+0.00000,0,+0.00000,+0.00000,0.00000,-4.364,0,203.6,0.0
18.732239,3,2,0.249719,0.249719,0.2490,+0.00072,1,2,0.0260,0,1,+0.67079,+0.06090,0.04006,190.96,+0.00000,+0.01410,+0.00000,+0.00000,0.00000,0.0156,0,1,0,0,0.0000,+0.00000,+0.00000,0.0000,+0.000,+0.000,1.0000,0,1.0000,0,2,+0.000,+0.000,+0.000,+0.00000,-17.778,+0.00006,+0.00,+0.00000,0,+0.00000,+0.00000,0.00000,-4.364,0,203.6,0.0
18.736829,3,2,0.249716,0.249716,0.2490,+0.00072,1,2,0.0260,0,1,+0.67079,+0.06090,0.04006,190.96,+0.00000,+0.01397,+0.00000,+0.00000,0.00000,0.0154,0,1,0,0,0.0000,+0.00000,+0.00000,0.0000,+0.000,+0.000,1.0000,0,1.0000,0,2,+0.000,+0.000,+0.000,+0.00000,-17.778,+0.00006,+0.00,+0.00000,0,+0.00000,+0.00000,0.00000,-4.364,0,203.6,0.0
18.741299,3,2,0.249714,0.249714,0.2490,+0.00071,1,2,0.0260,0,1,+0.67079,+0.06090,0.04006,190.96,+0.00000,+0.01385,+0.00000,+0.00000,0.00000,0.0153,0,1,0,0,0.0000,+0.00000,+0.00000,0.0000,+0.000,+0.000,1.0000,0,1.0000,0,2,+0.000,+0.000,+0.000,+0.00000,-17.778,+0.00006,+0.00,+0.00000,0,+0.00000,+0.00000,0.00000,-4.364,0,203.6,0.0
18.745514,3,2,0.249712,0.249712,0.2490,+0.00071,1,2,0.0260,0,1,+0.67079,+0.06090,0.04006,190.96,+0.00000,+0.01373,+0.00000,+0.00000,0.00000,0.0152,0,1,0,0,0.0000,+0.00000,+0.00000,0.0000,+0.000,+0.000,1.0000,0,1.0000,0,2,+0.000,+0.000,+0.000,+0.00000,-17.778,+0.00006,+0.00,+0.00000,0,+0.00000,+0.00000,0.00000,-4.363,0,203.6,0.0
18.749905,3,2,0.249710,0.249710,0.2490,+0.00071,1,2,0.0260,0,1,+0.67079,+0.06090,0.04006,190.96,+0.00000,+0.01361,+0.00000,+0.00000,0.00000,0.0150,0,1,0,0,0.0000,+0.00000,+0.00000,0.0000,+0.000,+0.000,1.0000,0,1.0000,0,2,+0.000,+0.000,+0.000,+0.00000,-17.778,+0.00006,+0.00,+0.00000,0,+0.00000,+0.00000,0.00000,-4.363,0,203.6,0.0
18.754405,3,2,0.249708,0.249708,0.2490,+0.00071,1,2,0.0260,0,1,+0.67079,+0.06090,0.04006,190.96,+0.00000,+0.01349,+0.00000,+0.00000,0.00000,0.0149,0,1,0,0,0.0000,+0.00000,+0.00000,0.0000,+0.000,+0.000,1.0000,0,1.0000,0,2,+0.000,+0.000,+0.000,+0.00000,-17.778,+0.00006,+0.00,+0.00000,0,+0.00000,+0.00000,0.00000,-4.363,0,203.6,0.0
18.758805,3,2,0.249706,0.249706,0.2490,+0.00071,1,2,0.0260,0,1,+0.67079,+0.06090,0.04006,190.96,+0.00000,+0.01337,+0.00000,+0.00000,0.00000,0.0148,0,1,0,0,0.0000,+0.00000,+0.00000,0.0000,+0.000,+0.000,1.0000,0,1.0000,0,2,+0.000,+0.000,+0.000,+0.00000,-17.778,+0.00006,+0.00,+0.00000,0,+0.00000,+0.00000,0.00000,-4.363,0,203.6,0.0
18.763389,3,2,0.249704,0.249704,0.2490,+0.00070,1,2,0.0260,0,1,+0.67079,+0.06090,0.04006,190.96,+0.00000,+0.01325,+0.00000,+0.00000,0.00000,0.0146,0,1,0,0,0.0000,+0.00000,+0.00000,0.0000,+0.000,+0.000,1.0000,0,1.0000,0,2,+0.000,+0.000,+0.000,+0.00000,-17.778,+0.00006,+0.00,+0.00000,0,+0.00000,+0.00000,0.00000,-4.363,0,203.6,0.0
18.769152,3,2,0.249701,0.249701,0.2490,+0.00070,1,2,0.0260,0,1,+0.67079,+0.06090,0.04006,190.96,+0.00000,+0.01310,+0.00000,+0.00000,0.00000,0.0145,0,1,0,0,0.0000,+0.00000,+0.00000,0.0000,+0.000,+0.000,1.0000,0,1.0000,0,2,+0.000,+0.000,+0.000,+0.00000,-17.778,+0.00006,+0.00,+0.00000,0,+0.00000,+0.00000,0.00000,-4.363,0,203.6,0.0
18.773811,3,2,0.249699,0.249699,0.2490,+0.00070,1,2,0.0260,0,1,+0.67079,+0.06090,0.04006,190.96,+0.00000,+0.01298,+0.00000,+0.00000,0.00000,0.0143,0,1,0,0,0.0000,+0.00000,+0.00000,0.0000,+0.000,+0.000,1.0000,0,1.0000,0,2,+0.000,+0.000,+0.000,+0.00000,-17.778,+0.00006,+0.00,+0.00000,0,+0.00000,+0.00000,0.00000,-4.363,0,203.6,0.0
18.778378,3,2,0.249697,0.249697,0.2490,+0.00070,1,2,0.0260,0,1,+0.67079,+0.06090,0.04006,190.96,+0.00000,+0.01286,+0.00000,+0.00000,0.00000,0.0142,0,1,0,0,0.0000,+0.00000,+0.00000,0.0000,+0.000,+0.000,1.0000,0,1.0000,0,2,+0.000,+0.000,+0.000,+0.00000,-17.778,+0.00006,+0.00,+0.00000,0,+0.00000,+0.00000,0.00000,-4.363,0,203.6,0.0
18.782957,3,2,0.249695,0.249695,0.2490,+0.00069,1,2,0.0260,0,1,+0.67079,+0.06090,0.04006,190.96,+0.00000,+0.01274,+0.00000,+0.00000,0.00000,0.0141,0,1,0,0,0.0000,+0.00000,+0.00000,0.0000,+0.000,+0.000,1.0000,0,1.0000,0,2,+0.000,+0.000,+0.000,+0.00000,-17.778,+0.00006,+0.00,+0.00000,0,+0.00000,+0.00000,0.00000,-4.363,0,203.6,0.0
18.787475,3,2,0.249693,0.249693,0.2490,+0.00069,1,2,0.0260,0,1,+0.67079,+0.06090,0.04006,190.96,+0.00000,+0.01263,+0.00000,+0.00000,0.00000,0.0139,0,1,0,0,0.0000,+0.00000,+0.00000,0.0000,+0.000,+0.000,1.0000,0,1.0000,0,2,+0.000,+0.000,+0.000,+0.00000,-17.778,+0.00006,+0.00,+0.00000,0,+0.00000,+0.00000,0.00000,-4.363,0,203.6,0.0
18.791994,3,2,0.249691,0.249691,0.2490,+0.00069,1,2,0.0260,0,1,+0.67079,+0.06090,0.04006,190.96,+0.00000,+0.01251,+0.00000,+0.00000,0.00000,0.0138,0,1,0,0,0.0000,+0.00000,+0.00000,0.0000,+0.000,+0.000,1.0000,0,1.0000,0,2,+0.000,+0.000,+0.000,+0.00000,-17.778,+0.00006,+0.00,+0.00000,0,+0.00000,+0.00000,0.00000,-4.363,0,203.6,0.0
18.796555,3,2,0.249688,0.249688,0.2490,+0.00069,1,2,0.0260,0,1,+0.67079,+0.06090,0.04006,190.96,+0.00000,+0.01240,+0.00000,+0.00000,0.00000,0.0137,0,1,0,0,0.0000,+0.00000,+0.00000,0.0000,+0.000,+0.000,1.0000,0,1.0000,0,2,+0.000,+0.000,+0.000,+0.00000,-17.778,+0.00006,+0.00,+0.00000,0,+0.00000,+0.00000,0.00000,-4.363,0,203.6,0.0
18.801164,3,2,0.249686,0.249686,0.2490,+0.00069,1,2,0.0260,0,1,+0.67079,+0.06090,0.04006,190.96,+0.00000,+0.01229,+0.00000,+0.00000,0.00000,0.0136,0,1,0,0,0.0000,+0.00000,+0.00000,0.0000,+0.000,+0.000,1.0000,0,1.0000,0,2,+0.000,+0.000,+0.000,+0.00000,-17.778,+0.00006,+0.00,+0.00000,0,+0.00000,+0.00000,0.00000,-4.363,0,203.6,0.0
18.810306,3,2,0.249682,0.249682,0.2490,+0.00068,1,2,0.0260,0,1,+0.67079,+0.06090,0.04006,190.96,+0.00000,+0.01206,+0.00000,+0.00000,0.00000,0.0133,0,1,0,0,0.0000,+0.00000,+0.00000,0.0000,+0.000,+0.000,1.0000,0,1.0000,0,2,+0.000,+0.000,+0.000,+0.00000,-17.778,+0.00006,+0.00,+0.00000,0,+0.00000,+0.00000,0.00000,-4.363,0,203.6,0.0
18.815370,3,2,0.249680,0.249680,0.2490,+0.00068,1,2,0.0260,0,1,+0.67079,+0.06090,0.04006,190.96,+0.00000,+0.01194,+0.00000,+0.00000,0.00000,0.0132,0,1,0,0,0.0000,+0.00000,+0.00000,0.0000,+0.000,+0.000,1.0000,0,1.0000,0,2,+0.000,+0.000,+0.000,+0.00000,-17.778,+0.00006,+0.00,+0.00000,0,+0.00000,+0.00000,0.00000,-4.363,0,203.6,0.0
18.820165,3,2,0.249678,0.249678,0.2490,+0.00068,1,2,0.0260,0,1,+0.67079,+0.06090,0.04006,190.96,+0.00000,+0.01183,+0.00000,+0.00000,0.00000,0.0130,0,1,0,0,0.0000,+0.00000,+0.00000,0.0000,+0.000,+0.000,1.0000,0,1.0000,0,2,+0.000,+0.000,+0.000,+0.00000,-17.778,+0.00006,+0.00,+0.00000,0,+0.00000,+0.00000,0.00000,-4.363,0,203.6,0.0
18.824713,3,2,0.249676,0.249676,0.2490,+0.00068,1,2,0.0260,0,1,+0.67079,+0.06090,0.04006,190.96,+0.00000,+0.01172,+0.00000,+0.00000,0.00000,0.0129,0,1,0,0,0.0000,+0.00000,+0.00000,0.0000,+0.000,+0.000,1.0000,0,1.0000,0,2,+0.000,+0.000,+0.000,+0.00000,-17.778,+0.00006,+0.00,+0.00000,0,+0.00000,+0.00000,0.00000,-4.363,0,203.6,0.0
18.829137,3,2,0.249674,0.249674,0.2490,+0.00067,1,2,0.0260,0,1,+0.67079,+0.06090,0.04006,190.96,+0.00000,+0.01162,+0.00000,+0.00000,0.00000,0.0128,0,1,0,0,0.0000,+0.00000,+0.00000,0.0000,+0.000,+0.000,1.0000,0,1.0000,0,2,+0.000,+0.000,+0.000,+0.00000,-17.778,+0.00006,+0.00,+0.00000,0,+0.00000,+0.00000,0.00000,-4.363,0,203.6,0.0
18.834753,3,2,0.249671,0.249671,0.2490,+0.00067,1,2,0.0260,0,1,+0.67079,+0.06090,0.04006,190.96,+0.00000,+0.01149,+0.00000,+0.00000,0.00000,0.0127,0,1,0,0,0.0000,+0.00000,+0.00000,0.0000,+0.000,+0.000,1.0000,0,1.0000,0,2,+0.000,+0.000,+0.000,+0.00000,-17.778,+0.00006,+0.00,+0.00000,0,+0.00000,+0.00000,0.00000,-4.363,0,203.6,0.0
18.839404,3,2,0.249669,0.249669,0.2490,+0.00067,1,2,0.0260,0,1,+0.67079,+0.06090,0.04006,190.96,+0.00000,+0.01138,+0.00000,+0.00000,0.00000,0.0126,0,1,0,0,0.0000,+0.00000,+0.00000,0.0000,+0.000,+0.000,1.0000,0,1.0000,0,2,+0.000,+0.000,+0.000,+0.00000,-17.778,+0.00006,+0.00,+0.00000,0,+0.00000,+0.00000,0.00000,-4.363,0,203.6,0.0
18.844253,3,2,0.249667,0.249667,0.2490,+0.00067,1,2,0.0260,0,1,+0.67079,+0.06090,0.04006,190.96,+0.00000,+0.01127,+0.00000,+0.00000,0.00000,0.0124,0,1,0,0,0.0000,+0.00000,+0.00000,0.0000,+0.000,+0.000,1.0000,0,1.0000,0,2,+0.000,+0.000,+0.000,+0.00000,-17.778,+0.00006,+0.00,+0.00000,0,+0.00000,+0.00000,0.00000,-4.363,0,203.6,0.0
18.849045,3,2,0.249665,0.249665,0.2490,+0.00066,1,2,0.0260,0,1,+0.67079,+0.06090,0.04006,190.96,+0.00000,+0.01117,+0.00000,+0.00000,0.00000,0.0123,0,1,0,0,0.0000,+0.00000,+0.00000,0.0000,+0.000,+0.000,1.0000,0,1.0000,0,2,+0.000,+0.000,+0.000,+0.00000,-17.778,+0.00006,+0.00,+0.00000,0,+0.00000,+0.00000,0.00000,-4.363,0,203.6,0.0
18.854959,3,2,0.249662,0.249662,0.2490,+0.00066,1,2,0.0260,0,1,+0.67079,+0.06090,0.04006,190.96,+0.00000,+0.01103,+0.00000,+0.00000,0.00000,0.0122,0,1,0,0,0.0000,+0.00000,+0.00000,0.0000,+0.000,+0.000,1.0000,0,1.0000,0,2,+0.000,+0.000,+0.000,+0.00000,-17.778,+0.00006,+0.00,+0.00000,0,+0.00000,+0.00000,0.00000,-4.363,0,203.6,0.0
18.859975,3,2,0.249660,0.249660,0.2490,+0.00066,1,2,0.0260,0,1,+0.67079,+0.06090,0.04006,190.96,+0.00000,+0.01092,+0.00000,+0.00000,0.00000,0.0121,0,1,0,0,0.0000,+0.00000,+0.00000,0.0000,+0.000,+0.000,1.0000,0,1.0000,0,2,+0.000,+0.000,+0.000,+0.00000,-17.778,+0.00006,+0.00,+0.00000,0,+0.00000,+0.00000,0.00000,-4.363,0,203.6,0.0
18.864508,3,2,0.249658,0.249658,0.2490,+0.00066,1,2,0.0260,0,1,+0.67079,+0.06090,0.04006,190.96,+0.00000,+0.01083,+0.00000,+0.00000,0.00000,0.0119,0,1,0,0,0.0000,+0.00000,+0.00000,0.0000,+0.000,+0.000,1.0000,0,1.0000,0,2,+0.000,+0.000,+0.000,+0.00000,-17.778,+0.00006,+0.00,+0.00000,0,+0.00000,+0.00000,0.00000,-4.363,0,203.6,0.0
18.869044,3,2,0.249656,0.249656,0.2490,+0.00066,1,2,0.0260,0,1,+0.67079,+0.06090,0.04006,190.96,+0.00000,+0.01073,+0.00000,+0.00000,0.00000,0.0118,0,1,0,0,0.0000,+0.00000,+0.00000,0.0000,+0.000,+0.000,1.0000,0,1.0000,0,2,+0.000,+0.000,+0.000,+0.00000,-17.778,+0.00006,+0.00,+0.00000,0,+0.00000,+0.00000,0.00000,-4.363,0,203.6,0.0
18.873384,3,2,0.249654,0.249654,0.2490,+0.00065,1,2,0.0260,0,1,+0.67079,+0.06090,0.04006,190.96,+0.00000,+0.01063,+0.00000,+0.00000,0.00000,0.0117,0,1,0,0,0.0000,+0.00000,+0.00000,0.0000,+0.000,+0.000,1.0000,0,1.0000,0,2,+0.000,+0.000,+0.000,+0.00000,-17.778,+0.00006,+0.00,+0.00000,0,+0.00000,+0.00000,0.00000,-4.363,0,203.6,0.0
18.877954,3,2,0.249652,0.249652,0.2490,+0.00065,1,2,0.0260,0,1,+0.67079,+0.06090,0.04006,190.96,+0.00000,+0.01054,+0.00000,+0.00000,0.00000,0.0116,0,1,0,0,0.0000,+0.00000,+0.00000,0.0000,+0.000,+0.000,1.0000,0,1.0000,0,2,+0.000,+0.000,+0.000,+0.00000,-17.778,+0.00006,+0.00,+0.00000,0,+0.00000,+0.00000,0.00000,-4.363,0,203.6,0.0
18.882588,3,2,0.249650,0.249650,0.2490,+0.00065,1,2,0.0260,0,1,+0.67079,+0.06090,0.04006,190.96,+0.00000,+0.01044,+0.00000,+0.00000,0.00000,0.0115,0,1,0,0,0.0000,+0.00000,+0.00000,0.0000,+0.000,+0.000,1.0000,0,1.0000,0,2,+0.000,+0.000,+0.000,+0.00000,-17.778,+0.00006,+0.00,+0.00000,0,+0.00000,+0.00000,0.00000,-4.363,0,203.6,0.0
18.887140,3,2,0.249648,0.249648,0.2490,+0.00065,1,2,0.0260,0,1,+0.67079,+0.06090,0.04006,190.96,+0.00000,+0.01035,+0.00000,+0.00000,0.00000,0.0114,0,1,0,0,0.0000,+0.00000,+0.00000,0.0000,+0.000,+0.000,1.0000,0,1.0000,0,2,+0.000,+0.000,+0.000,+0.00000,-17.778,+0.00006,+0.00,+0.00000,0,+0.00000,+0.00000,0.00000,-4.363,0,203.6,0.0
18.891730,3,2,0.249646,0.249646,0.2490,+0.00065,1,2,0.0260,0,1,+0.67079,+0.06090,0.04006,190.96,+0.00000,+0.01025,+0.00000,+0.00000,0.00000,0.0113,0,1,0,0,0.0000,+0.00000,+0.00000,0.0000,+0.000,+0.000,1.0000,0,1.0000,0,2,+0.000,+0.000,+0.000,+0.00000,-17.778,+0.00006,+0.00,+0.00000,0,+0.00000,+0.00000,0.00000,-4.363,0,203.6,0.0
18.896241,3,2,0.249644,0.249644,0.2490,+0.00064,1,2,0.0260,0,1,+0.67079,+0.06090,0.04006,190.96,+0.00000,+0.01016,+0.00000,+0.00000,0.00000,0.0112,0,1,0,0,0.0000,+0.00000,+0.00000,0.0000,+0.000,+0.000,1.0000,0,1.0000,0,2,+0.000,+0.000,+0.000,+0.00000,-17.778,+0.00006,+0.00,+0.00000,0,+0.00000,+0.00000,0.00000,-4.363,0,203.6,0.0
18.900440,3,2,0.249642,0.249642,0.2490,+0.00064,1,2,0.0260,0,1,+0.67079,+0.06090,0.04006,190.96,+0.00000,+0.01007,+0.00000,+0.00000,0.00000,0.0111,0,1,0,0,0.0000,+0.00000,+0.00000,0.0000,+0.000,+0.000,1.0000,0,1.0000,0,2,+0.000,+0.000,+0.000,+0.00000,-17.778,+0.00006,+0.00,+0.00000,0,+0.00000,+0.00000,0.00000,-4.363,0,203.6,0.0
18.904696,3,2,0.249641,0.249641,0.2490,+0.00064,1,2,0.0260,0,1,+0.67079,+0.06090,0.04006,190.96,+0.00000,+0.00999,+0.00000,+0.00000,0.00000,0.0110,0,1,0,0,0.0000,+0.00000,+0.00000,0.0000,+0.000,+0.000,1.0000,0,1.0000,0,2,+0.000,+0.000,+0.000,+0.00000,-17.778,+0.00006,+0.00,+0.00000,0,+0.00000,+0.00000,0.00000,-4.363,0,203.6,0.0
18.909258,3,2,0.249639,0.249639,0.2490,+0.00064,1,2,0.0260,0,1,+0.67079,+0.06090,0.04006,190.96,+0.00000,+0.00990,+0.00000,+0.00000,0.00000,0.0109,0,1,0,0,0.0000,+0.00000,+0.00000,0.0000,+0.000,+0.000,1.0000,0,1.0000,0,2,+0.000,+0.000,+0.000,+0.00000,-17.778,+0.00006,+0.00,+0.00000,0,+0.00000,+0.00000,0.00000,-4.363,0,203.6,0.0
18.913772,3,2,0.249637,0.249637,0.2490,+0.00064,1,2,0.0260,0,1,+0.67079,+0.06090,0.04006,190.96,+0.00000,+0.00981,+0.00000,+0.00000,0.00000,0.0108,0,1,0,0,0.0000,+0.00000,+0.00000,0.0000,+0.000,+0.000,1.0000,0,1.0000,0,2,+0.000,+0.000,+0.000,+0.00000,-17.778,+0.00006,+0.00,+0.00000,0,+0.00000,+0.00000,0.00000,-4.363,0,203.6,0.0
18.918319,3,2,0.249635,0.249635,0.2490,+0.00063,1,2,0.0260,0,1,+0.67079,+0.06090,0.04006,190.96,+0.00000,+0.00972,+0.00000,+0.00000,0.00000,0.0107,0,1,0,0,0.0000,+0.00000,+0.00000,0.0000,+0.000,+0.000,1.0000,0,1.0000,0,2,+0.000,+0.000,+0.000,+0.00000,-17.778,+0.00006,+0.00,+0.00000,0,+0.00000,+0.00000,0.00000,-4.363,0,203.6,0.0
18.922781,3,2,0.249633,0.249633,0.2490,+0.00063,1,2,0.0260,0,1,+0.67079,+0.06090,0.04006,190.96,+0.00000,+0.00963,+0.00000,+0.00000,0.00000,0.0106,0,1,0,0,0.0000,+0.00000,+0.00000,0.0000,+0.000,+0.000,1.0000,0,1.0000,0,2,+0.000,+0.000,+0.000,+0.00000,-17.778,+0.00006,+0.00,+0.00000,0,+0.00000,+0.00000,0.00000,-4.363,0,203.6,0.0
18.927288,3,2,0.249631,0.249631,0.2490,+0.00063,1,2,0.0260,0,1,+0.67079,+0.06090,0.04006,190.96,+0.00000,+0.00955,+0.00000,+0.00000,0.00000,0.0105,0,1,0,0,0.0000,+0.00000,+0.00000,0.0000,+0.000,+0.000,1.0000,0,1.0000,0,2,+0.000,+0.000,+0.000,+0.00000,-17.778,+0.00006,+0.00,+0.00000,0,+0.00000,+0.00000,0.00000,-4.363,0,203.6,0.0
18.931818,3,2,0.249629,0.249629,0.2490,+0.00063,1,2,0.0260,0,1,+0.67079,+0.06090,0.04006,190.96,+0.00000,+0.00946,+0.00000,+0.00000,0.00000,0.0104,0,1,0,0,0.0000,+0.00000,+0.00000,0.0000,+0.000,+0.000,1.0000,0,1.0000,0,2,+0.000,+0.000,+0.000,+0.00000,-17.778,+0.00006,+0.00,+0.00000,0,+0.00000,+0.00000,0.00000,-4.363,0,203.6,0.0
18.936465,3,2,0.249627,0.249627,0.2490,+0.00063,1,2,0.0260,0,1,+0.67079,+0.06090,0.04006,190.96,+0.00000,+0.00937,+0.00000,+0.00000,0.00000,0.0103,0,1,0,0,0.0000,+0.00000,+0.00000,0.0000,+0.000,+0.000,1.0000,0,1.0000,0,2,+0.000,+0.000,+0.000,+0.00000,-17.778,+0.00006,+0.00,+0.00000,0,+0.00000,+0.00000,0.00000,-4.363,0,203.6,0.0
18.941015,3,2,0.249625,0.249625,0.2490,+0.00063,1,2,0.0260,0,1,+0.67079,+0.06090,0.04006,190.96,+0.00000,+0.00929,+0.00000,+0.00000,0.00000,0.0102,0,1,0,0,0.0000,+0.00000,+0.00000,0.0000,+0.000,+0.000,1.0000,0,1.0000,0,2,+0.000,+0.000,+0.000,+0.00000,-17.778,+0.00006,+0.00,+0.00000,0,+0.00000,+0.00000,0.00000,-4.363,0,203.6,0.0
18.945603,3,2,0.249623,0.249623,0.2490,+0.00062,1,2,0.0260,0,1,+0.67079,+0.06090,0.04006,190.96,+0.00000,+0.00920,+0.00000,+0.00000,0.00000,0.0102,0,1,0,0,0.0000,+0.00000,+0.00000,0.0000,+0.000,+0.000,1.0000,0,1.0000,0,2,+0.000,+0.000,+0.000,+0.00000,-17.778,+0.00006,+0.00,+0.00000,0,+0.00000,+0.00000,0.00000,-4.363,0,203.6,0.0
18.950191,3,2,0.249621,0.249621,0.2490,+0.00062,1,2,0.0260,0,1,+0.67079,+0.06090,0.04006,190.96,+0.00000,+0.00912,+0.00000,+0.00000,0.00000,0.0101,0,1,0,0,0.0000,+0.00000,+0.00000,0.0000,+0.000,+0.000,1.0000,0,1.0000,0,2,+0.000,+0.000,+0.000,+0.00000,-17.778,+0.00006,+0.00,+0.00000,0,+0.00000,+0.00000,0.00000,-4.363,0,203.6,0.0
18.954806,3,2,0.249620,0.249620,0.2490,+0.00062,1,2,0.0260,0,1,+0.67079,+0.06090,0.04006,190.96,+0.00000,+0.00904,+0.00000,+0.00000,0.00000,0.0100,0,1,0,0,0.0000,+0.00000,+0.00000,0.0000,+0.000,+0.000,1.0000,0,1.0000,0,2,+0.000,+0.000,+0.000,+0.00000,-17.778,+0.00006,+0.00,+0.00000,0,+0.00000,+0.00000,0.00000,-4.363,0,203.6,0.0
18.959340,3,2,0.249618,0.249618,0.2490,+0.00062,1,2,0.0260,0,1,+0.67079,+0.06090,0.04006,190.96,+0.00000,+0.00896,+0.00000,+0.00000,0.00000,0.0099,0,1,0,0,0.0000,+0.00000,+0.00000,0.0000,+0.000,+0.000,1.0000,0,1.0000,0,2,+0.000,+0.000,+0.000,+0.00000,-17.778,+0.00006,+0.00,+0.00000,0,+0.00000,+0.00000,0.00000,-4.363,0,203.6,0.0
18.963615,3,2,0.249616,0.249616,0.2490,+0.00062,1,2,0.0260,0,1,+0.67079,+0.06090,0.04006,190.96,+0.00000,+0.00888,+0.00000,+0.00000,0.00000,0.0098,0,1,0,0,0.0000,+0.00000,+0.00000,0.0000,+0.000,+0.000,1.0000,0,1.0000,0,2,+0.000,+0.000,+0.000,+0.00000,-17.778,+0.00006,+0.00,+0.00000,0,+0.00000,+0.00000,0.00000,-4.363,0,203.6,0.0
18.968054,3,2,0.249614,0.249614,0.2490,+0.00061,1,2,0.0260,0,1,+0.67079,+0.06090,0.04006,190.96,+0.00000,+0.00880,+0.00000,+0.00000,0.00000,0.0097,0,1,0,0,0.0000,+0.00000,+0.00000,0.0000,+0.000,+0.000,1.0000,0,1.0000,0,2,+0.000,+0.000,+0.000,+0.00000,-17.777,+0.00006,+0.00,+0.00000,0,+0.00000,+0.00000,0.00000,-4.363,0,203.6,0.0
18.972285,3,2,0.249612,0.249612,0.2490,+0.00061,1,2,0.0260,0,1,+0.67079,+0.06090,0.04006,190.96,+0.00000,+0.00873,+0.00000,+0.00000,0.00000,0.0096,0,1,0,0,0.0000,+0.00000,+0.00000,0.0000,+0.000,+0.000,1.0000,0,1.0000,0,2,+0.000,+0.000,+0.000,+0.00000,-17.777,+0.00006,+0.00,+0.00000,0,+0.00000,+0.00000,0.00000,-4.363,0,203.6,0.0
18.976928,3,2,0.249610,0.249610,0.2490,+0.00061,1,2,0.0260,0,1,+0.67079,+0.06090,0.04006,190.96,+0.00000,+0.00865,+0.00000,+0.00000,0.00000,0.0095,0,1,0,0,0.0000,+0.00000,+0.00000,0.0000,+0.000,+0.000,1.0000,0,1.0000,0,2,+0.000,+0.000,+0.000,+0.00000,-17.777,+0.00006,+0.00,+0.00000,0,+0.00000,+0.00000,0.00000,-4.363,0,203.6,0.0
18.981467,3,2,0.249609,0.249609,0.2490,+0.00061,1,2,0.0260,0,1,+0.67079,+0.06090,0.04006,190.96,+0.00000,+0.00857,+0.00000,+0.00000,0.00000,0.0095,0,1,0,0,0.0000,+0.00000,+0.00000,0.0000,+0.000,+0.000,1.0000,0,1.0000,0,2,+0.000,+0.000,+0.000,+0.00000,-17.777,+0.00006,+0.00,+0.00000,0,+0.00000,+0.00000,0.00000,-4.363,0,203.6,0.0
18.986242,3,2,0.249607,0.249607,0.2490,+0.00061,1,2,0.0260,0,1,+0.67079,+0.06090,0.04006,190.96,+0.00000,+0.00849,+0.00000,+0.00000,0.00000,0.0094,0,1,0,0,0.0000,+0.00000,+0.00000,0.0000,+0.000,+0.000,1.0000,0,1.0000,0,2,+0.000,+0.000,+0.000,+0.00000,-17.777,+0.00006,+0.00,+0.00000,0,+0.00000,+0.00000,0.00000,-4.363,0,203.6,0.0
18.991560,3,2,0.249605,0.249605,0.2490,+0.00060,1,2,0.0260,0,1,+0.67079,+0.06090,0.04006,190.96,+0.00000,+0.00840,+0.00000,+0.00000,0.00000,0.0093,0,1,0,0,0.0000,+0.00000,+0.00000,0.0000,+0.000,+0.000,1.0000,0,1.0000,0,2,+0.000,+0.000,+0.000,+0.00000,-17.777,+0.00006,+0.00,+0.00000,0,+0.00000,+0.00000,0.00000,-4.363,0,203.6,0.0
18.996587,3,2,0.249602,0.249602,0.2490,+0.00060,1,2,0.0260,0,1,+0.67079,+0.06090,0.04006,190.96,+0.00000,+0.00831,+0.00000,+0.00000,0.00000,0.0092,0,1,0,0,0.0000,+0.00000,+0.00000,0.0000,+0.000,+0.000,1.0000,0,1.0000,0,2,+0.000,+0.000,+0.000,+0.00000,-17.777,+0.00006,+0.00,+0.00000,0,+0.00000,+0.00000,0.00000,-4.363,0,203.6,0.0
19.001253,3,2,0.249601,0.249601,0.2490,+0.00060,1,2,0.0260,0,1,+0.67079,+0.06090,0.04006,190.96,+0.00000,+0.00824,+0.00000,+0.00000,0.00000,0.0091,0,1,0,0,0.0000,+0.00000,+0.00000,0.0000,+0.000,+0.000,1.0000,0,1.0000,0,2,+0.000,+0.000,+0.000,+0.00000,-17.777,+0.00006,+0.00,+0.00000,0,+0.00000,+0.00000,0.00000,-4.363,0,203.6,0.0
19.005862,3,2,0.249599,0.249599,0.2490,+0.00060,1,2,0.0260,0,1,+0.67079,+0.06090,0.04006,190.96,+0.00000,+0.00816,+0.00000,+0.00000,0.00000,0.0090,0,1,0,0,0.0000,+0.00000,+0.00000,0.0000,+0.000,+0.000,1.0000,0,1.0000,0,2,+0.000,+0.000,+0.000,+0.00000,-17.777,+0.00006,+0.00,+0.00000,0,+0.00000,+0.00000,0.00000,-4.363,0,203.6,0.0
19.010475,3,2,0.249597,0.249597,0.2490,+0.00060,1,2,0.0260,0,1,+0.67079,+0.06090,0.04006,190.96,+0.00000,+0.00808,+0.00000,+0.00000,0.00000,0.0089,0,1,0,0,0.0000,+0.00000,+0.00000,0.0000,+0.000,+0.000,1.0000,0,1.0000,0,2,+0.000,+0.000,+0.000,+0.00000,-17.777,+0.00006,+0.00,+0.00000,0,+0.00000,+0.00000,0.00000,-4.363,0,203.6,0.0
19.015359,3,2,0.249595,0.249595,0.2490,+0.00059,1,2,0.0260,0,1,+0.67079,+0.06090,0.04006,190.96,+0.00000,+0.00801,+0.00000,+0.00000,0.00000,0.0088,0,1,0,0,0.0000,+0.00000,+0.00000,0.0000,+0.000,+0.000,1.0000,0,1.0000,0,2,+0.000,+0.000,+0.000,+0.00000,-17.777,+0.00006,+0.00,+0.00000,0,+0.00000,+0.00000,0.00000,-4.363,0,203.6,0.0
19.020212,3,2,0.249593,0.249593,0.2490,+0.00059,1,2,0.0260,0,1,+0.67079,+0.06090,0.04006,190.96,+0.00000,+0.00793,+0.00000,+0.00000,0.00000,0.0087,0,1,0,0,0.0000,+0.00000,+0.00000,0.0000,+0.000,+0.000,1.0000,0,1.0000,0,2,+0.000,+0.000,+0.000,+0.00000,-17.777,+0.00006,+0.00,+0.00000,0,+0.00000,+0.00000,0.00000,-4.363,0,203.6,0.0
19.024717,3,2,0.249591,0.249591,0.2490,+0.00059,1,2,0.0260,0,1,+0.67079,+0.06090,0.04006,190.96,+0.00000,+0.00786,+0.00000,+0.00000,0.00000,0.0087,0,1,0,0,0.0000,+0.00000,+0.00000,0.0000,+0.000,+0.000,1.0000,0,1.0000,0,2,+0.000,+0.000,+0.000,+0.00000,-17.777,+0.00006,+0.00,+0.00000,0,+0.00000,+0.00000,0.00000,-4.363,0,203.6,0.0
19.029278,3,2,0.249590,0.249590,0.2490,+0.00059,1,2,0.0260,0,1,+0.67079,+0.06090,0.04006,190.96,+0.00000,+0.00779,+0.00000,+0.00000,0.00000,0.0086,0,1,0,0,0.0000,+0.00000,+0.00000,0.0000,+0.000,+0.000,1.0000,0,1.0000,0,2,+0.000,+0.000,+0.000,+0.00000,-17.777,+0.00006,+0.00,+0.00000,0,+0.00000,+0.00000,0.00000,-4.363,0,203.6,0.0
19.034264,3,2,0.249588,0.249588,0.2490,+0.00059,1,2,0.0260,0,1,+0.67079,+0.06090,0.04006,190.96,+0.00000,+0.00771,+0.00000,+0.00000,0.00000,0.0085,0,1,0,0,0.0000,+0.00000,+0.00000,0.0000,+0.000,+0.000,1.0000,0,1.0000,0,2,+0.000,+0.000,+0.000,+0.00000,-17.777,+0.00006,+0.00,+0.00000,0,+0.00000,+0.00000,0.00000,-4.363,0,203.6,0.0
19.038820,3,2,0.249586,0.249586,0.2490,+0.00059,1,2,0.0260,0,1,+0.67079,+0.06090,0.04006,190.96,+0.00000,+0.00764,+0.00000,+0.00000,0.00000,0.0084,0,1,0,0,0.0000,+0.00000,+0.00000,0.0000,+0.000,+0.000,1.0000,0,1.0000,0,2,+0.000,+0.000,+0.000,+0.00000,-17.777,+0.00006,+0.00,+0.00000,0,+0.00000,+0.00000,0.00000,-4.363,0,203.6,0.0
19.043583,3,2,0.249584,0.249584,0.2490,+0.00058,1,2,0.0260,0,1,+0.67079,+0.06090,0.04006,190.96,+0.00000,+0.00757,+0.00000,+0.00000,0.00000,0.0083,0,1,0,0,0.0000,+0.00000,+0.00000,0.0000,+0.000,+0.000,1.0000,0,1.0000,0,2,+0.000,+0.000,+0.000,+0.00000,-17.777,+0.00006,+0.00,+0.00000,0,+0.00000,+0.00000,0.00000,-4.363,0,203.6,0.0
19.048579,3,2,0.249582,0.249582,0.2490,+0.00058,1,2,0.0260,0,1,+0.67079,+0.06090,0.04006,190.96,+0.00000,+0.00749,+0.00000,+0.00000,0.00000,0.0083,0,1,0,0,0.0000,+0.00000,+0.00000,0.0000,+0.000,+0.000,1.0000,0,1.0000,0,2,+0.000,+0.000,+0.000,+0.00000,-17.777,+0.00006,+0.00,+0.00000,0,+0.00000,+0.00000,0.00000,-4.363,0,203.6,0.0
19.053104,3,2,0.249580,0.249580,0.2490,+0.00058,1,2,0.0260,0,1,+0.67079,+0.06090,0.04006,190.96,+0.00000,+0.00742,+0.00000,+0.00000,0.00000,0.0082,0,1,0,0,0.0000,+0.00000,+0.00000,0.0000,+0.000,+0.000,1.0000,0,1.0000,0,2,+0.000,+0.000,+0.000,+0.00000,-17.777,+0.00006,+0.00,+0.00000,0,+0.00000,+0.00000,0.00000,-4.363,0,203.6,0.0
19.057673,3,2,0.249578,0.249578,0.2490,+0.00058,1,2,0.0260,0,1,+0.67079,+0.06090,0.04006,190.96,+0.00000,+0.00736,+0.00000,+0.00000,0.00000,0.0081,0,1,0,0,0.0000,+0.00000,+0.00000,0.0000,+0.000,+0.000,1.0000,0,1.0000,0,2,+0.000,+0.000,+0.000,+0.00000,-17.777,+0.00006,+0.00,+0.00000,0,+0.00000,+0.00000,0.00000,-4.363,0,203.6,0.0
19.062334,3,2,0.249577,0.249577,0.2490,+0.00058,1,2,0.0260,0,1,+0.67079,+0.06090,0.04006,190.96,+0.00000,+0.00729,+0.00000,+0.00000,0.00000,0.0080,0,1,0,0,0.0000,+0.00000,+0.00000,0.0000,+0.000,+0.000,1.0000,0,1.0000,0,2,+0.000,+0.000,+0.000,+0.00000,-17.777,+0.00006,+0.00,+0.00000,0,+0.00000,+0.00000,0.00000,-4.363,0,203.6,0.0
19.067221,3,2,0.249575,0.249575,0.2490,+0.00057,1,2,0.0260,0,1,+0.67079,+0.06090,0.04006,190.96,+0.00000,+0.00722,+0.00000,+0.00000,0.00000,0.0080,0,1,0,0,0.0000,+0.00000,+0.00000,0.0000,+0.000,+0.000,1.0000,0,1.0000,0,2,+0.000,+0.000,+0.000,+0.00000,-17.777,+0.00006,+0.00,+0.00000,0,+0.00000,+0.00000,0.00000,-4.363,0,203.6,0.0
19.072834,3,2,0.249573,0.249573,0.2490,+0.00057,1,2,0.0260,0,1,+0.67079,+0.06090,0.04006,190.96,+0.00000,+0.00714,+0.00000,+0.00000,0.00000,0.0079,0,1,0,0,0.0000,+0.00000,+0.00000,0.0000,+0.000,+0.000,1.0000,0,1.0000,0,2,+0.000,+0.000,+0.000,+0.00000,-17.777,+0.00006,+0.00,+0.00000,0,+0.00000,+0.00000,0.00000,-4.363,0,203.6,0.0
19.077480,3,2,0.249571,0.249571,0.2490,+0.00057,1,2,0.0260,0,1,+0.67079,+0.06090,0.04006,190.96,+0.00000,+0.00707,+0.00000,+0.00000,0.00000,0.0078,0,1,0,0,0.0000,+0.00000,+0.00000,0.0000,+0.000,+0.000,1.0000,0,1.0000,0,2,+0.000,+0.000,+0.000,+0.00000,-17.777,+0.00006,+0.00,+0.00000,0,+0.00000,+0.00000,0.00000,-4.363,0,203.6,0.0
19.082357,3,2,0.249569,0.249569,0.2490,+0.00057,1,2,0.0260,0,1,+0.67079,+0.06090,0.04006,190.96,+0.00000,+0.00700,+0.00000,+0.00000,0.00000,0.0077,0,1,0,0,0.0000,+0.00000,+0.00000,0.0000,+0.000,+0.000,1.0000,0,1.0000,0,2,+0.000,+0.000,+0.000,+0.00000,-17.777,+0.00006,+0.00,+0.00000,0,+0.00000,+0.00000,0.00000,-4.363,0,203.6,0.0
19.088001,3,2,0.249567,0.249567,0.2490,+0.00057,1,2,0.0260,0,1,+0.67079,+0.06090,0.04006,190.96,+0.00000,+0.00692,+0.00000,+0.00000,0.00000,0.0076,0,1,0,0,0.0000,+0.00000,+0.00000,0.0000,+0.000,+0.000,1.0000,0,1.0000,0,2,+0.000,+0.000,+0.000,+0.00000,-17.777,+0.00006,+0.00,+0.00000,0,+0.00000,+0.00000,0.00000,-4.363,0,203.6,0.0
19.093621,3,2,0.249565,0.249565,0.2490,+0.00056,1,2,0.0260,0,1,+0.67079,+0.06090,0.04006,190.96,+0.00000,+0.00685,+0.00000,+0.00000,0.00000,0.0076,0,1,0,0,0.0000,+0.00000,+0.00000,0.0000,+0.000,+0.000,1.0000,0,1.0000,0,2,+0.000,+0.000,+0.000,+0.00000,-17.777,+0.00006,+0.00,+0.00000,0,+0.00000,+0.00000,0.00000,-4.363,0,203.6,0.0
19.098415,3,2,0.249563,0.249563,0.2490,+0.00056,1,2,0.0260,0,1,+0.67079,+0.06090,0.04006,190.96,+0.00000,+0.00678,+0.00000,+0.00000,0.00000,0.0075,0,1,0,0,0.0000,+0.00000,+0.00000,0.0000,+0.000,+0.000,1.0000,0,1.0000,0,2,+0.000,+0.000,+0.000,+0.00000,-17.777,+0.00006,+0.00,+0.00000,0,+0.00000,+0.00000,0.00000,-4.363,0,203.6,0.0
19.103100,3,2,0.249561,0.249561,0.2490,+0.00056,1,2,0.0260,0,1,+0.67079,+0.06090,0.04006,190.96,+0.00000,+0.00672,+0.00000,+0.00000,0.00000,0.0074,0,1,0,0,0.0000,+0.00000,+0.00000,0.0000,+0.000,+0.000,1.0000,0,1.0000,0,2,+0.000,+0.000,+0.000,+0.00000,-17.777,+0.00006,+0.00,+0.00000,0,+0.00000,+0.00000,0.00000,-4.363,0,203.6,0.0
19.108070,3,2,0.249559,0.249559,0.2490,+0.00056,1,2,0.0260,0,1,+0.67079,+0.06090,0.04006,190.96,+0.00000,+0.00665,+0.00000,+0.00000,0.00000,0.0073,0,1,0,0,0.0000,+0.00000,+0.00000,0.0000,+0.000,+0.000,1.0000,0,1.0000,0,2,+0.000,+0.000,+0.000,+0.00000,-17.777,+0.00006,+0.00,+0.00000,0,+0.00000,+0.00000,0.00000,-4.363,0,203.6,0.0
19.112692,3,2,0.249558,0.249558,0.2490,+0.00056,1,2,0.0260,0,1,+0.67079,+0.06090,0.04006,190.96,+0.00000,+0.00659,+0.00000,+0.00000,0.00000,0.0073,0,1,0,0,0.0000,+0.00000,+0.00000,0.0000,+0.000,+0.000,1.0000,0,1.0000,0,2,+0.000,+0.000,+0.000,+0.00000,-17.777,+0.00006,+0.00,+0.00000,0,+0.00000,+0.00000,0.00000,-4.363,0,203.6,0.0
19.117666,3,2,0.249556,0.249556,0.2490,+0.00056,1,2,0.0260,0,1,+0.67079,+0.06090,0.04006,190.96,+0.00000,+0.00652,+0.00000,+0.00000,0.00000,0.0072,0,1,0,0,0.0000,+0.00000,+0.00000,0.0000,+0.000,+0.000,1.0000,0,1.0000,0,2,+0.000,+0.000,+0.000,+0.00000,-17.777,+0.00006,+0.00,+0.00000,0,+0.00000,+0.00000,0.00000,-4.363,0,203.6,0.0
19.122941,3,2,0.249554,0.249554,0.2490,+0.00055,1,2,0.0260,0,1,+0.67079,+0.06090,0.04006,190.96,+0.00000,+0.00646,+0.00000,+0.00000,0.00000,0.0071,0,1,0,0,0.0000,+0.00000,+0.00000,0.0000,+0.000,+0.000,1.0000,0,1.0000,0,2,+0.000,+0.000,+0.000,+0.00000,-17.777,+0.00006,+0.00,+0.00000,0,+0.00000,+0.00000,0.00000,-4.363,0,203.6,0.0
19.127991,3,2,0.249552,0.249552,0.2490,+0.00055,1,2,0.0260,0,1,+0.67079,+0.06090,0.04006,190.96,+0.00000,+0.00639,+0.00000,+0.00000,0.00000,0.0071,0,1,0,0,0.0000,+0.00000,+0.00000,0.0000,+0.000,+0.000,1.0000,0,1.0000,0,2,+0.000,+0.000,+0.000,+0.00000,-17.777,+0.00006,+0.00,+0.00000,0,+0.00000,+0.00000,0.00000,-4.363,0,203.6,0.0
19.132866,3,2,0.249550,0.249550,0.2490,+0.00055,1,2,0.0260,0,1,+0.67079,+0.06090,0.04006,190.96,+0.00000,+0.00633,+0.00000,+0.00000,0.00000,0.0070,0,1,0,0,0.0000,+0.00000,+0.00000,0.0000,+0.000,+0.000,1.0000,0,1.0000,0,2,+0.000,+0.000,+0.000,+0.00000,-17.777,+0.00006,+0.00,+0.00000,0,+0.00000,+0.00000,0.00000,-4.363,0,203.6,0.0
19.138121,3,2,0.249548,0.249548,0.2490,+0.00055,1,2,0.0260,0,1,+0.67079,+0.06090,0.04006,190.96,+0.00000,+0.00626,+0.00000,+0.00000,0.00000,0.0069,0,1,0,0,0.0000,+0.00000,+0.00000,0.0000,+0.000,+0.000,1.0000,0,1.0000,0,2,+0.000,+0.000,+0.000,+0.00000,-17.777,+0.00006,+0.00,+0.00000,0,+0.00000,+0.00000,0.00000,-4.363,0,203.6,0.0
19.143036,3,2,0.249546,0.249546,0.2490,+0.00055,1,2,0.0260,0,1,+0.67079,+0.06090,0.04006,190.96,+0.00000,+0.00620,+0.00000,+0.00000,0.00000,0.0068,0,1,0,0,0.0000,+0.00000,+0.00000,0.0000,+0.000,+0.000,1.0000,0,1.0000,0,2,+0.000,+0.000,+0.000,+0.00000,-17.777,+0.00006,+0.00,+0.00000,0,+0.00000,+0.00000,0.00000,-4.363,0,203.6,0.0
19.147968,3,2,0.249545,0.249545,0.2490,+0.00054,1,2,0.0260,0,1,+0.67079,+0.06090,0.04006,190.96,+0.00000,+0.00614,+0.00000,+0.00000,0.00000,0.0068,0,1,0,0,0.0000,+0.00000,+0.00000,0.0000,+0.000,+0.000,1.0000,0,1.0000,0,2,+0.000,+0.000,+0.000,+0.00000,-17.777,+0.00006,+0.00,+0.00000,0,+0.00000,+0.00000,0.00000,-4.363,0,203.6,0.0
19.153074,3,2,0.249543,0.249543,0.2490,+0.00054,1,2,0.0260,0,1,+0.67079,+0.06090,0.04006,190.96,+0.00000,+0.00608,+0.00000,+0.00000,0.00000,0.0067,0,1,0,0,0.0000,+0.00000,+0.00000,0.0000,+0.000,+0.000,1.0000,0,1.0000,0,2,+0.000,+0.000,+0.000,+0.00000,-17.777,+0.00006,+0.00,+0.00000,0,+0.00000,+0.00000,0.00000,-4.363,0,203.6,0.0
19.157955,3,2,0.249541,0.249541,0.2490,+0.00054,1,2,0.0260,0,1,+0.67079,+0.06090,0.04006,190.96,+0.00000,+0.00602,+0.00000,+0.00000,0.00000,0.0066,0,1,0,0,0.0000,+0.00000,+0.00000,0.0000,+0.000,+0.000,1.0000,0,1.0000,0,2,+0.000,+0.000,+0.000,+0.00000,-17.777,+0.00006,+0.00,+0.00000,0,+0.00000,+0.00000,0.00000,-4.363,0,203.6,0.0
19.169367,3,2,0.249537,0.249537,0.2490,+0.00054,1,2,0.0260,0,1,+0.67079,+0.06090,0.04006,190.96,+0.00000,+0.00588,+0.00000,+0.00000,0.00000,0.0065,0,1,0,0,0.0000,+0.00000,+0.00000,0.0000,+0.000,+0.000,1.0000,0,1.0000,0,2,+0.000,+0.000,+0.000,+0.00000,-17.777,+0.00006,+0.00,+0.00000,0,+0.00000,+0.00000,0.00000,-4.363,0,203.6,0.0
19.177073,3,2,0.249534,0.249534,0.2490,+0.00053,1,2,0.0260,0,1,+0.67079,+0.06090,0.04006,190.96,+0.00000,+0.00579,+0.00000,+0.00000,0.00000,0.0064,0,1,0,0,0.0000,+0.00000,+0.00000,0.0000,+0.000,+0.000,1.0000,0,1.0000,0,2,+0.000,+0.000,+0.000,+0.00000,-17.777,+0.00006,+0.00,+0.00000,0,+0.00000,+0.00000,0.00000,-4.363,0,203.6,0.0
19.182188,3,2,0.249532,0.249532,0.2490,+0.00053,1,2,0.0260,0,1,+0.67079,+0.06090,0.04006,190.96,+0.00000,+0.00573,+0.00000,+0.00000,0.00000,0.0063,0,1,0,0,0.0000,+0.00000,+0.00000,0.0000,+0.000,+0.000,1.0000,0,1.0000,0,2,+0.000,+0.000,+0.000,+0.00000,-17.777,+0.00006,+0.00,+0.00000,0,+0.00000,+0.00000,0.00000,-4.363,0,203.6,0.0
19.186859,3,2,0.249531,0.249531,0.2490,+0.00053,1,2,0.0260,0,1,+0.67079,+0.06090,0.04006,190.96,+0.00000,+0.00568,+0.00000,+0.00000,0.00000,0.0063,0,1,0,0,0.0000,+0.00000,+0.00000,0.0000,+0.000,+0.000,1.0000,0,1.0000,0,2,+0.000,+0.000,+0.000,+0.00000,-17.777,+0.00006,+0.00,+0.00000,0,+0.00000,+0.00000,0.00000,-4.363,0,203.6,0.0
19.191429,3,2,0.249529,0.249529,0.2490,+0.00053,1,2,0.0260,0,1,+0.67079,+0.06090,0.04006,190.96,+0.00000,+0.00563,+0.00000,+0.00000,0.00000,0.0062,0,1,0,0,0.0000,+0.00000,+0.00000,0.0000,+0.000,+0.000,1.0000,0,1.0000,0,2,+0.000,+0.000,+0.000,+0.00000,-17.777,+0.00006,+0.00,+0.00000,0,+0.00000,+0.00000,0.00000,-4.363,0,203.6,0.0
19.197067,3,2,0.249527,0.249527,0.2490,+0.00053,1,2,0.0260,0,1,+0.67079,+0.06090,0.04006,190.96,+0.00000,+0.00557,+0.00000,+0.00000,0.00000,0.0061,0,1,0,0,0.0000,+0.00000,+0.00000,0.0000,+0.000,+0.000,1.0000,0,1.0000,0,2,+0.000,+0.000,+0.000,+0.00000,-17.777,+0.00006,+0.00,+0.00000,0,+0.00000,+0.00000,0.00000,-4.363,0,203.6,0.0
19.201754,3,2,0.249525,0.249525,0.2490,+0.00053,1,2,0.0260,0,1,+0.67079,+0.06090,0.04006,190.96,+0.00000,+0.00551,+0.00000,+0.00000,0.00000,0.0061,0,1,0,0,0.0000,+0.00000,+0.00000,0.0000,+0.000,+0.000,1.0000,0,1.0000,0,2,+0.000,+0.000,+0.000,+0.00000,-17.777,+0.00006,+0.00,+0.00000,0,+0.00000,+0.00000,0.00000,-4.363,0,203.6,0.0
19.206548,3,2,0.249524,0.249524,0.2490,+0.00052,1,2,0.0260,0,1,+0.67079,+0.06090,0.04006,190.96,+0.00000,+0.00546,+0.00000,+0.00000,0.00000,0.0060,0,1,0,0,0.0000,+0.00000,+0.00000,0.0000,+0.000,+0.000,1.0000,0,1.0000,0,2,+0.000,+0.000,+0.000,+0.00000,-17.777,+0.00006,+0.00,+0.00000,0,+0.00000,+0.00000,0.00000,-4.363,0,203.6,0.0
19.211481,3,2,0.249522,0.249522,0.2490,+0.00052,1,2,0.0260,0,1,+0.67079,+0.06090,0.04006,190.96,+0.00000,+0.00541,+0.00000,+0.00000,0.00000,0.0060,0,1,0,0,0.0000,+0.00000,+0.00000,0.0000,+0.000,+0.000,1.0000,0,1.0000,0,2,+0.000,+0.000,+0.000,+0.00000,-17.777,+0.00006,+0.00,+0.00000,0,+0.00000,+0.00000,0.00000,-4.363,0,203.6,0.0
19.215927,3,2,0.249521,0.249521,0.2490,+0.00052,1,2,0.0260,0,1,+0.67079,+0.06090,0.04006,190.96,+0.00000,+0.00536,+0.00000,+0.00000,0.00000,0.0059,0,1,0,0,0.0000,+0.00000,+0.00000,0.0000,+0.000,+0.000,1.0000,0,1.0000,0,2,+0.000,+0.000,+0.000,+0.00000,-17.777,+0.00006,+0.00,+0.00000,0,+0.00000,+0.00000,0.00000,-4.363,0,203.6,0.0
19.220526,3,2,0.249519,0.249519,0.2490,+0.00052,1,2,0.0260,0,1,+0.67079,+0.06090,0.04006,190.96,+0.00000,+0.00531,+0.00000,+0.00000,0.00000,0.0059,0,1,0,0,0.0000,+0.00000,+0.00000,0.0000,+0.000,+0.000,1.0000,0,1.0000,0,2,+0.000,+0.000,+0.000,+0.00000,-17.777,+0.00006,+0.00,+0.00000,0,+0.00000,+0.00000,0.00000,-4.363,0,203.6,0.0
19.225116,3,2,0.249517,0.249517,0.2490,+0.00052,1,2,0.0260,0,1,+0.67079,+0.06090,0.04006,190.96,+0.00000,+0.00526,+0.00000,+0.00000,0.00000,0.0058,0,1,0,0,0.0000,+0.00000,+0.00000,0.0000,+0.000,+0.000,1.0000,0,1.0000,0,2,+0.000,+0.000,+0.000,+0.00000,-17.777,+0.00006,+0.00,+0.00000,0,+0.00000,+0.00000,0.00000,-4.363,0,203.6,0.0
19.229678,3,2,0.249516,0.249516,0.2490,+0.00052,1,2,0.0260,0,1,+0.67079,+0.06090,0.04006,190.96,+0.00000,+0.00522,+0.00000,+0.00000,0.00000,0.0058,0,1,0,0,0.0000,+0.00000,+0.00000,0.0000,+0.000,+0.000,1.0000,0,1.0000,0,2,+0.000,+0.000,+0.000,+0.00000,-17.777,+0.00006,+0.00,+0.00000,0,+0.00000,+0.00000,0.00000,-4.363,0,203.6,0.0
19.234381,3,2,0.249514,0.249514,0.2490,+0.00051,1,2,0.0260,0,1,+0.67079,+0.06090,0.04006,190.96,+0.00000,+0.00517,+0.00000,+0.00000,0.00000,0.0057,0,1,0,0,0.0000,+0.00000,+0.00000,0.0000,+0.000,+0.000,1.0000,0,1.0000,0,2,+0.000,+0.000,+0.000,+0.00000,-17.777,+0.00006,+0.00,+0.00000,0,+0.00000,+0.00000,0.00000,-4.363,0,203.6,0.0
19.239120,3,2,0.249513,0.249513,0.2490,+0.00051,1,2,0.0260,0,1,+0.67079,+0.06090,0.04006,190.96,+0.00000,+0.00512,+0.00000,+0.00000,0.00000,0.0056,0,1,0,0,0.0000,+0.00000,+0.00000,0.0000,+0.000,+0.000,1.0000,0,1.0000,0,2,+0.000,+0.000,+0.000,+0.00000,-17.777,+0.00006,+0.00,+0.00000,0,+0.00000,+0.00000,0.00000,-4.363,0,203.6,0.0
19.244306,3,2,0.249511,0.249511,0.2490,+0.00051,1,2,0.0260,0,1,+0.67079,+0.06090,0.04006,190.96,+0.00000,+0.00506,+0.00000,+0.00000,0.00000,0.0056,0,1,0,0,0.0000,+0.00000,+0.00000,0.0000,+0.000,+0.000,1.0000,0,1.0000,0,2,+0.000,+0.000,+0.000,+0.00000,-17.777,+0.00006,+0.00,+0.00000,0,+0.00000,+0.00000,0.00000,-4.363,0,203.6,0.0
19.249617,3,2,0.249509,0.249509,0.2490,+0.00051,1,2,0.0260,0,1,+0.67079,+0.06090,0.04006,190.96,+0.00000,+0.00501,+0.00000,+0.00000,0.00000,0.0055,0,1,0,0,0.0000,+0.00000,+0.00000,0.0000,+0.000,+0.000,1.0000,0,1.0000,0,2,+0.000,+0.000,+0.000,+0.00000,-17.777,+0.00006,+0.00,+0.00000,0,+0.00000,+0.00000,0.00000,-4.363,0,203.6,0.0
19.254551,3,2,0.249507,0.249507,0.2490,+0.00051,1,2,0.0260,0,1,+0.67079,+0.06090,0.04006,190.96,+0.00000,+0.00496,+0.00000,+0.00000,0.00000,0.0055,0,1,0,0,0.0000,+0.00000,+0.00000,0.0000,+0.000,+0.000,1.0000,0,1.0000,0,2,+0.000,+0.000,+0.000,+0.00000,-17.777,+0.00006,+0.00,+0.00000,0,+0.00000,+0.00000,0.00000,-4.363,0,203.6,0.0
19.259161,3,2,0.249506,0.249506,0.2490,+0.00051,1,2,0.0260,0,1,+0.67079,+0.06090,0.04006,190.96,+0.00000,+0.00492,+0.00000,+0.00000,0.00000,0.0054,0,1,0,0,0.0000,+0.00000,+0.00000,0.0000,+0.000,+0.000,1.0000,0,1.0000,0,2,+0.000,+0.000,+0.000,+0.00000,-17.777,+0.00006,+0.00,+0.00000,0,+0.00000,+0.00000,0.00000,-4.363,0,203.6,0.0
19.264019,3,2,0.249504,0.249504,0.2490,+0.00050,1,2,0.0260,0,1,+0.67079,+0.06090,0.04006,190.96,+0.00000,+0.00487,+0.00000,+0.00000,0.00000,0.0054,0,1,0,0,0.0000,+0.00000,+0.00000,0.0000,+0.000,+0.000,1.0000,0,1.0000,0,2,+0.000,+0.000,+0.000,+0.00000,-17.777,+0.00006,+0.00,+0.00000,0,+0.00000,+0.00000,0.00000,-4.363,0,203.6,0.0
19.268876,3,2,0.249502,0.249502,0.2490,+0.00050,1,2,0.0260,0,1,+0.67079,+0.06090,0.04006,190.96,+0.00000,+0.00482,+0.00000,+0.00000,0.00000,0.0053,0,1,0,0,0.0000,+0.00000,+0.00000,0.0000,+0.000,+0.000,1.0000,0,1.0000,0,2,+0.000,+0.000,+0.000,+0.00000,-17.777,+0.00006,+0.00,+0.00000,0,+0.00000,+0.00000,0.00000,-4.363,0,203.6,0.0
19.273846,3,2,0.249501,0.249501,0.2490,+0.00050,1,2,0.0260,0,1,+0.67079,+0.06090,0.04006,190.96,+0.00000,+0.00477,+0.00000,+0.00000,0.00000,0.0053,0,1,0,0,0.0000,+0.00000,+0.00000,0.0000,+0.000,+0.000,1.0000,0,1.0000,0,2,+0.000,+0.000,+0.000,+0.00000,-17.776,+0.00006,+0.00,+0.00000,0,+0.00000,+0.00000,0.00000,-4.363,0,203.6,0.0
19.278349,3,2,0.249499,0.249499,0.2490,+0.00050,1,2,0.0260,0,1,+0.67079,+0.06090,0.04006,190.96,+0.00000,+0.00473,+0.00000,+0.00000,0.00000,0.0052,0,1,0,0,0.0000,+0.00000,+0.00000,0.0000,+0.000,+0.000,1.0000,0,1.0000,0,2,+0.000,+0.000,+0.000,+0.00000,-17.776,+0.00006,+0.00,+0.00000,0,+0.00000,+0.00000,0.00000,-4.363,0,203.6,0.0
19.283385,3,2,0.249498,0.249498,0.2490,+0.00050,1,2,0.0260,0,1,+0.67079,+0.06090,0.04006,190.96,+0.00000,+0.00468,+0.00000,+0.00000,0.00000,0.0052,0,1,0,0,0.0000,+0.00000,+0.00000,0.0000,+0.000,+0.000,1.0000,0,1.0000,0,2,+0.000,+0.000,+0.000,+0.00000,-17.776,+0.00006,+0.00,+0.00000,0,+0.00000,+0.00000,0.00000,-4.363,0,206.0,0.0
19.287880,3,2,0.249496,0.249496,0.2490,+0.00050,1,2,0.0260,0,1,+0.67079,+0.06090,0.04006,190.96,+0.00000,+0.00464,+0.00000,+0.00000,0.00000,0.0051,0,1,0,0,0.0000,+0.00000,+0.00000,0.0000,+0.000,+0.000,1.0000,0,1.0000,0,2,+0.000,+0.000,+0.000,+0.00000,-17.776,+0.00006,+0.00,+0.00000,0,+0.00000,+0.00000,0.00000,-4.363,0,206.0,0.0
19.293296,3,2,0.249494,0.249494,0.2490,+0.00049,1,2,0.0260,0,1,+0.67079,+0.06090,0.04006,190.96,+0.00000,+0.00459,+0.00000,+0.00000,0.00000,0.0051,0,1,0,0,0.0000,+0.00000,+0.00000,0.0000,+0.000,+0.000,1.0000,0,1.0000,0,2,+0.000,+0.000,+0.000,+0.00000,-17.776,+0.00006,+0.00,+0.00000,0,+0.00000,+0.00000,0.00000,-4.363,0,206.0,0.0
19.298029,3,2,0.249493,0.249493,0.2490,+0.00049,1,2,0.0260,0,1,+0.67079,+0.06090,0.04006,190.96,+0.00000,+0.00455,+0.00000,+0.00000,0.00000,0.0050,0,1,0,0,0.0000,+0.00000,+0.00000,0.0000,+0.000,+0.000,1.0000,0,1.0000,0,2,+0.000,+0.000,+0.000,+0.00000,-17.776,+0.00006,+0.00,+0.00000,0,+0.00000,+0.00000,0.00000,-4.363,0,206.0,0.0
19.302742,3,2,0.249491,0.249491,0.2490,+0.00049,1,2,0.0260,0,1,+0.67079,+0.06090,0.04006,190.96,+0.00000,+0.00451,+0.00000,+0.00000,0.00000,0.0050,0,1,0,0,0.0000,+0.00000,+0.00000,0.0000,+0.000,+0.000,1.0000,0,1.0000,0,2,+0.000,+0.000,+0.000,+0.00000,-17.776,+0.00006,+0.00,+0.00000,0,+0.00000,+0.00000,0.00000,-4.363,0,206.0,0.0
19.307452,3,2,0.249490,0.249490,0.2490,+0.00049,1,2,0.0260,0,1,+0.67079,+0.06090,0.04006,190.96,+0.00000,+0.00446,+0.00000,+0.00000,0.00000,0.0049,0,1,0,0,0.0000,+0.00000,+0.00000,0.0000,+0.000,+0.000,1.0000,0,1.0000,0,2,+0.000,+0.000,+0.000,+0.00000,-17.776,+0.00006,+0.00,+0.00000,0,+0.00000,+0.00000,0.00000,-4.363,0,206.0,0.0
19.312144,3,2,0.249488,0.249488,0.2490,+0.00049,1,2,0.0260,0,1,+0.67079,+0.06090,0.04006,190.96,+0.00000,+0.00442,+0.00000,+0.00000,0.00000,0.0049,0,1,0,0,0.0000,+0.00000,+0.00000,0.0000,+0.000,+0.000,1.0000,0,1.0000,0,2,+0.000,+0.000,+0.000,+0.00000,-17.776,+0.00006,+0.00,+0.00000,0,+0.00000,+0.00000,0.00000,-4.363,0,206.0,0.0
19.316730,3,2,0.249487,0.249487,0.2490,+0.00049,1,2,0.0260,0,1,+0.67079,+0.06090,0.04006,190.96,+0.00000,+0.00438,+0.00000,+0.00000,0.00000,0.0048,0,1,0,0,0.0000,+0.00000,+0.00000,0.0000,+0.000,+0.000,1.0000,0,1.0000,0,2,+0.000,+0.000,+0.000,+0.00000,-17.776,+0.00006,+0.00,+0.00000,0,+0.00000,+0.00000,0.00000,-4.363,0,206.0,0.0
19.321263,3,2,0.249485,0.249485,0.2490,+0.00049,1,2,0.0260,0,1,+0.67079,+0.06090,0.04006,190.96,+0.00000,+0.00434,+0.00000,+0.00000,0.00000,0.0048,0,1,0,0,0.0000,+0.00000,+0.00000,0.0000,+0.000,+0.000,1.0000,0,1.0000,0,2,+0.000,+0.000,+0.000,+0.00000,-17.776,+0.00006,+0.00,+0.00000,0,+0.00000,+0.00000,0.00000,-4.363,0,206.0,0.0
19.325746,3,2,0.249484,0.249484,0.2490,+0.00048,1,2,0.0260,0,1,+0.67079,+0.06090,0.04006,190.96,+0.00000,+0.00430,+0.00000,+0.00000,0.00000,0.0047,0,1,0,0,0.0000,+0.00000,+0.00000,0.0000,+0.000,+0.000,1.0000,0,1.0000,0,2,+0.000,+0.000,+0.000,+0.00000,-17.776,+0.00006,+0.00,+0.00000,0,+0.00000,+0.00000,0.00000,-4.363,0,206.0,0.0
19.330350,3,2,0.249482,0.249482,0.2490,+0.00048,1,2,0.0260,0,1,+0.67079,+0.06090,0.04006,190.96,+0.00000,+0.00426,+0.00000,+0.00000,0.00000,0.0047,0,1,0,0,0.0000,+0.00000,+0.00000,0.0000,+0.000,+0.000,1.0000,0,1.0000,0,2,+0.000,+0.000,+0.000,+0.00000,-17.776,+0.00006,+0.00,+0.00000,0,+0.00000,+0.00000,0.00000,-4.363,0,206.0,0.0
19.335431,3,2,0.249481,0.249481,0.2490,+0.00048,1,2,0.0260,0,1,+0.67079,+0.06090,0.04006,190.96,+0.00000,+0.00422,+0.00000,+0.00000,0.00000,0.0047,0,1,0,0,0.0000,+0.00000,+0.00000,0.0000,+0.000,+0.000,1.0000,0,1.0000,0,2,+0.000,+0.000,+0.000,+0.00000,-17.776,+0.00006,+0.00,+0.00000,0,+0.00000,+0.00000,0.00000,-4.363,0,206.0,0.0
19.340314,3,2,0.249479,0.249479,0.2490,+0.00048,1,2,0.0260,0,1,+0.67079,+0.06090,0.04006,190.96,+0.00000,+0.00418,+0.00000,+0.00000,0.00000,0.0046,0,1,0,0,0.0000,+0.00000,+0.00000,0.0000,+0.000,+0.000,1.0000,0,1.0000,0,2,+0.000,+0.000,+0.000,+0.00000,-17.776,+0.00006,+0.00,+0.00000,0,+0.00000,+0.00000,0.00000,-4.363,0,206.0,0.0
19.345614,3,2,0.249477,0.249477,0.2490,+0.00048,1,2,0.0260,0,1,+0.67079,+0.06090,0.04006,190.96,+0.00000,+0.00414,+0.00000,+0.00000,0.00000,0.0046,0,1,0,0,0.0000,+0.00000,+0.00000,0.0000,+0.000,+0.000,1.0000,0,1.0000,0,2,+0.000,+0.000,+0.000,+0.00000,-17.776,+0.00006,+0.00,+0.00000,0,+0.00000,+0.00000,0.00000,-4.363,0,206.0,0.0
19.350362,3,2,0.249476,0.249476,0.2490,+0.00048,1,2,0.0260,0,1,+0.67079,+0.06090,0.04006,190.96,+0.00000,+0.00410,+0.00000,+0.00000,0.00000,0.0045,0,1,0,0,0.0000,+0.00000,+0.00000,0.0000,+0.000,+0.000,1.0000,0,1.0000,0,2,+0.000,+0.000,+0.000,+0.00000,-17.776,+0.00006,+0.00,+0.00000,0,+0.00000,+0.00000,0.00000,-4.363,0,206.0,0.0
19.355361,3,2,0.249474,0.249474,0.2490,+0.00047,1,2,0.0260,0,1,+0.67079,+0.06090,0.04006,190.96,+0.00000,+0.00406,+0.00000,+0.00000,0.00000,0.0045,0,1,0,0,0.0000,+0.00000,+0.00000,0.0000,+0.000,+0.000,1.0000,0,1.0000,0,2,+0.000,+0.000,+0.000,+0.00000,-17.776,+0.00006,+0.00,+0.00000,0,+0.00000,+0.00000,0.00000,-4.363,0,206.0,0.0
19.360189,3,2,0.249473,0.249473,0.2490,+0.00047,1,2,0.0260,0,1,+0.67079,+0.06090,0.04006,190.96,+0.00000,+0.00402,+0.00000,+0.00000,0.00000,0.0044,0,1,0,0,0.0000,+0.00000,+0.00000,0.0000,+0.000,+0.000,1.0000,0,1.0000,0,2,+0.000,+0.000,+0.000,+0.00000,-17.776,+0.00006,+0.00,+0.00000,0,+0.00000,+0.00000,0.00000,-4.363,0,206.0,0.0
19.365447,3,2,0.249471,0.249471,0.2490,+0.00047,1,2,0.0260,0,1,+0.67079,+0.06090,0.04006,190.96,+0.00000,+0.00397,+0.00000,+0.00000,0.00000,0.0044,0,1,0,0,0.0000,+0.00000,+0.00000,0.0000,+0.000,+0.000,1.0000,0,1.0000,0,2,+0.000,+0.000,+0.000,+0.00000,-17.776,+0.00006,+0.00,+0.00000,0,+0.00000,+0.00000,0.00000,-4.363,0,206.0,0.0
19.370028,3,2,0.249470,0.249470,0.2490,+0.00047,1,2,0.0260,0,1,+0.67079,+0.06090,0.04006,190.96,+0.00000,+0.00394,+0.00000,+0.00000,0.00000,0.0043,0,1,0,0,0.0000,+0.00000,+0.00000,0.0000,+0.000,+0.000,1.0000,0,1.0000,0,2,+0.000,+0.000,+0.000,+0.00000,-17.776,+0.00006,+0.00,+0.00000,0,+0.00000,+0.00000,0.00000,-4.363,0,206.0,0.0
19.374642,3,2,0.249468,0.249468,0.2490,+0.00047,1,2,0.0260,0,1,+0.67079,+0.06090,0.04006,190.96,+0.00000,+0.00390,+0.00000,+0.00000,0.00000,0.0043,0,1,0,0,0.0000,+0.00000,+0.00000,0.0000,+0.000,+0.000,1.0000,0,1.0000,0,2,+0.000,+0.000,+0.000,+0.00000,-17.776,+0.00006,+0.00,+0.00000,0,+0.00000,+0.00000,0.00000,-4.363,0,206.0,0.0
19.379539,3,2,0.249467,0.249467,0.2490,+0.00047,1,2,0.0260,0,1,+0.67079,+0.06090,0.04006,190.96,+0.00000,+0.00386,+0.00000,+0.00000,0.00000,0.0043,0,1,0,0,0.0000,+0.00000,+0.00000,0.0000,+0.000,+0.000,1.0000,0,1.0000,0,2,+0.000,+0.000,+0.000,+0.00000,-17.776,+0.00006,+0.00,+0.00000,0,+0.00000,+0.00000,0.00000,-4.363,0,206.0,0.0
19.384734,3,2,0.249465,0.249465,0.2490,+0.00047,1,2,0.0260,0,1,+0.67079,+0.06090,0.04006,190.96,+0.00000,+0.00382,+0.00000,+0.00000,0.00000,0.0042,0,1,0,0,0.0000,+0.00000,+0.00000,0.0000,+0.000,+0.000,1.0000,0,1.0000,0,2,+0.000,+0.000,+0.000,+0.00000,-17.776,+0.00006,+0.00,+0.00000,0,+0.00000,+0.00000,0.00000,-4.363,0,206.0,0.0
19.392696,3,2,0.249463,0.249463,0.2490,+0.00046,1,2,0.0260,0,1,+0.67079,+0.06090,0.04006,190.96,+0.00000,+0.00376,+0.00000,+0.00000,0.00000,0.0042,0,1,0,0,0.0000,+0.00000,+0.00000,0.0000,+0.000,+0.000,1.0000,0,1.0000,0,2,+0.000,+0.000,+0.000,+0.00000,-17.776,+0.00006,+0.00,+0.00000,0,+0.00000,+0.00000,0.00000,-4.363,0,206.0,0.0
19.399026,3,2,0.249461,0.249461,0.2490,+0.00046,1,2,0.0260,0,1,+0.67079,+0.06090,0.04006,190.96,+0.00000,+0.00372,+0.00000,+0.00000,0.00000,0.0041,0,1,0,0,0.0000,+0.00000,+0.00000,0.0000,+0.000,+0.000,1.0000,0,1.0000,0,2,+0.000,+0.000,+0.000,+0.00000,-17.776,+0.00006,+0.00,+0.00000,0,+0.00000,+0.00000,0.00000,-4.363,0,206.0,0.0
19.403859,3,2,0.249459,0.249459,0.2490,+0.00046,1,2,0.0260,0,1,+0.67079,+0.06090,0.04006,190.96,+0.00000,+0.00368,+0.00000,+0.00000,0.00000,0.0041,0,1,0,0,0.0000,+0.00000,+0.00000,0.0000,+0.000,+0.000,1.0000,0,1.0000,0,2,+0.000,+0.000,+0.000,+0.00000,-17.776,+0.00006,+0.00,+0.00000,0,+0.00000,+0.00000,0.00000,-4.363,0,206.0,0.0
19.408463,3,2,0.249458,0.249458,0.2490,+0.00046,1,2,0.0260,0,1,+0.67079,+0.06090,0.04006,190.96,+0.00000,+0.00365,+0.00000,+0.00000,0.00000,0.0040,0,1,0,0,0.0000,+0.00000,+0.00000,0.0000,+0.000,+0.000,1.0000,0,1.0000,0,2,+0.000,+0.000,+0.000,+0.00000,-17.776,+0.00006,+0.00,+0.00000,0,+0.00000,+0.00000,0.00000,-4.363,0,206.0,0.0
19.416626,3,2,0.249455,0.249455,0.2490,+0.00046,1,2,0.0260,0,1,+0.67079,+0.06090,0.04006,190.96,+0.00000,+0.00359,+0.00000,+0.00000,0.00000,0.0040,0,1,0,0,0.0000,+0.00000,+0.00000,0.0000,+0.000,+0.000,1.0000,0,1.0000,0,2,+0.000,+0.000,+0.000,+0.00000,-17.776,+0.00006,+0.00,+0.00000,0,+0.00000,+0.00000,0.00000,-4.362,0,206.0,0.0
19.421584,3,2,0.249454,0.249454,0.2490,+0.00045,1,2,0.0260,0,1,+0.67079,+0.06090,0.04006,190.96,+0.00000,+0.00355,+0.00000,+0.00000,0.00000,0.0039,0,1,0,0,0.0000,+0.00000,+0.00000,0.0000,+0.000,+0.000,1.0000,0,1.0000,0,2,+0.000,+0.000,+0.000,+0.00000,-17.776,+0.00006,+0.00,+0.00000,0,+0.00000,+0.00000,0.00000,-4.362,0,206.0,0.0
19.482502,3,2,0.249436,0.249436,0.2490,+0.00044,1,2,0.0260,0,1,+0.67079,+0.06090,0.04006,190.96,+0.00000,+0.00315,+0.00000,+0.00000,0.00000,0.0035,0,1,0,0,0.0000,+0.00000,+0.00000,0.0000,+0.000,+0.000,1.0000,0,1.0000,0,2,+0.000,+0.000,+0.000,+0.00000,-17.776,+0.00006,+0.00,+0.00000,0,+0.00000,+0.00000,0.00000,-4.362,0,206.0,0.0
19.511154,3,2,0.249428,0.249428,0.2490,+0.00043,1,2,0.0260,0,1,+0.67079,+0.06090,0.04006,190.96,+0.00000,+0.00297,+0.00000,+0.00000,0.00000,0.0033,0,1,0,0,0.0000,+0.00000,+0.00000,0.0000,+0.000,+0.000,1.0000,0,1.0000,0,2,+0.000,+0.000,+0.000,+0.00000,-17.776,+0.00006,+0.00,+0.00000,0,+0.00000,+0.00000,0.00000,-4.362,0,206.0,0.0
19.516637,3,2,0.249426,0.249426,0.2490,+0.00043,1,2,0.0260,0,1,+0.67079,+0.06090,0.04006,190.96,+0.00000,+0.00294,+0.00000,+0.00000,0.00000,0.0032,0,1,0,0,0.0000,+0.00000,+0.00000,0.0000,+0.000,+0.000,1.0000,0,1.0000,0,2,+0.000,+0.000,+0.000,+0.00000,-17.776,+0.00006,+0.00,+0.00000,0,+0.00000,+0.00000,0.00000,-4.362,0,206.0,0.0
19.522367,3,2,0.249424,0.249424,0.2490,+0.00042,1,2,0.0260,0,1,+0.67079,+0.06090,0.04006,190.96,+0.00000,+0.00290,+0.00000,+0.00000,0.00000,0.0032,0,1,0,0,0.0000,+0.00000,+0.00000,0.0000,+0.000,+0.000,1.0000,0,1.0000,0,2,+0.000,+0.000,+0.000,+0.00000,-17.776,+0.00006,+0.00,+0.00000,0,+0.00000,+0.00000,0.00000,-4.362,0,206.0,0.0
19.527393,3,2,0.249423,0.249423,0.2490,+0.00042,1,2,0.0260,0,1,+0.67079,+0.06090,0.04006,190.96,+0.00000,+0.00288,+0.00000,+0.00000,0.00000,0.0032,0,1,0,0,0.0000,+0.00000,+0.00000,0.0000,+0.000,+0.000,1.0000,0,1.0000,0,2,+0.000,+0.000,+0.000,+0.00000,-17.776,+0.00006,+0.00,+0.00000,0,+0.00000,+0.00000,0.00000,-4.362,0,206.0,0.0
19.532753,3,2,0.249421,0.249421,0.2490,+0.00042,1,2,0.0260,0,1,+0.67079,+0.06090,0.04006,190.96,+0.00000,+0.00284,+0.00000,+0.00000,0.00000,0.0031,0,1,0,0,0.0000,+0.00000,+0.00000,0.0000,+0.000,+0.000,1.0000,0,1.0000,0,2,+0.000,+0.000,+0.000,+0.00000,-17.776,+0.00006,+0.00,+0.00000,0,+0.00000,+0.00000,0.00000,-4.362,0,206.0,0.0
19.539898,3,2,0.249419,0.249419,0.2490,+0.00042,1,2,0.0260,0,1,+0.67079,+0.06090,0.04006,190.96,+0.00000,+0.00280,+0.00000,+0.00000,0.00000,0.0031,0,1,0,0,0.0000,+0.00000,+0.00000,0.0000,+0.000,+0.000,1.0000,0,1.0000,0,2,+0.000,+0.000,+0.000,+0.00000,-17.776,+0.00006,+0.00,+0.00000,0,+0.00000,+0.00000,0.00000,-4.362,0,206.0,0.0
19.544863,3,2,0.249418,0.249418,0.2490,+0.00042,1,2,0.0260,0,1,+0.67079,+0.06090,0.04006,190.96,+0.00000,+0.00278,+0.00000,+0.00000,0.00000,0.0031,0,1,0,0,0.0000,+0.00000,+0.00000,0.0000,+0.000,+0.000,1.0000,0,1.0000,0,2,+0.000,+0.000,+0.000,+0.00000,-17.776,+0.00006,+0.00,+0.00000,0,+0.00000,+0.00000,0.00000,-4.362,0,206.0,0.0
19.549842,3,2,0.249417,0.249417,0.2490,+0.00042,1,2,0.0260,0,1,+0.67079,+0.06090,0.04006,190.96,+0.00000,+0.00275,+0.00000,+0.00000,0.00000,0.0030,0,1,0,0,0.0000,+0.00000,+0.00000,0.0000,+0.000,+0.000,1.0000,0,1.0000,0,2,+0.000,+0.000,+0.000,+0.00000,-17.776,+0.00006,+0.00,+0.00000,0,+0.00000,+0.00000,0.00000,-4.362,0,206.0,0.0
19.555104,3,2,0.249415,0.249415,0.2490,+0.00042,1,2,0.0260,0,1,+0.67079,+0.06090,0.04006,190.96,+0.00000,+0.00272,+0.00000,+0.00000,0.00000,0.0030,0,1,0,0,0.0000,+0.00000,+0.00000,0.0000,+0.000,+0.000,1.0000,0,1.0000,0,2,+0.000,+0.000,+0.000,+0.00000,-17.776,+0.00006,+0.00,+0.00000,0,+0.00000,+0.00000,0.00000,-4.362,0,206.0,0.0
19.559704,3,2,0.249414,0.249414,0.2490,+0.00041,1,2,0.0260,0,1,+0.67079,+0.06090,0.04006,190.96,+0.00000,+0.00270,+0.00000,+0.00000,0.00000,0.0030,0,1,0,0,0.0000,+0.00000,+0.00000,0.0000,+0.000,+0.000,1.0000,0,1.0000,0,2,+0.000,+0.000,+0.000,+0.00000,-17.776,+0.00006,+0.00,+0.00000,0,+0.00000,+0.00000,0.00000,-4.362,0,206.0,0.0
19.565112,3,2,0.249412,0.249412,0.2490,+0.00041,1,2,0.0260,0,1,+0.67079,+0.06090,0.04006,190.96,+0.00000,+0.00267,+0.00000,+0.00000,0.00000,0.0029,0,1,0,0,0.0000,+0.00000,+0.00000,0.0000,+0.000,+0.000,1.0000,0,1.0000,0,2,+0.000,+0.000,+0.000,+0.00000,-17.776,+0.00006,+0.00,+0.00000,0,+0.00000,+0.00000,0.00000,-4.362,0,206.0,0.0
19.570599,3,2,0.249411,0.249411,0.2490,+0.00041,1,2,0.0260,0,1,+0.67079,+0.06090,0.04006,190.96,+0.00000,+0.00264,+0.00000,+0.00000,0.00000,0.0029,0,1,0,0,0.0000,+0.00000,+0.00000,0.0000,+0.000,+0.000,1.0000,0,1.0000,0,2,+0.000,+0.000,+0.000,+0.00000,-17.776,+0.00006,+0.00,+0.00000,0,+0.00000,+0.00000,0.00000,-4.362,0,206.0,0.0
19.575498,3,2,0.249410,0.249410,0.2490,+0.00041,1,2,0.0260,0,1,+0.67079,+0.06090,0.04006,190.96,+0.00000,+0.00261,+0.00000,+0.00000,0.00000,0.0029,0,1,0,0,0.0000,+0.00000,+0.00000,0.0000,+0.000,+0.000,1.0000,0,1.0000,0,2,+0.000,+0.000,+0.000,+0.00000,-17.776,+0.00006,+0.00,+0.00000,0,+0.00000,+0.00000,0.00000,-4.362,0,206.0,0.0
19.580710,3,2,0.249408,0.249408,0.2490,+0.00041,1,2,0.0260,0,1,+0.67079,+0.06090,0.04006,190.96,+0.00000,+0.00258,+0.00000,+0.00000,0.00000,0.0029,0,1,0,0,0.0000,+0.00000,+0.00000,0.0000,+0.000,+0.000,1.0000,0,1.0000,0,2,+0.000,+0.000,+0.000,+0.00000,-17.776,+0.00006,+0.00,+0.00000,0,+0.00000,+0.00000,0.00000,-4.362,0,206.0,0.0
19.586159,3,2,0.249407,0.249407,0.2490,+0.00041,1,2,0.0260,0,1,+0.67079,+0.06090,0.04006,190.96,+0.00000,+0.00256,+0.00000,+0.00000,0.00000,0.0028,0,1,0,0,0.0000,+0.00000,+0.00000,0.0000,+0.000,+0.000,1.0000,0,1.0000,0,2,+0.000,+0.000,+0.000,+0.00000,-17.775,+0.00006,+0.00,+0.00000,0,+0.00000,+0.00000,0.00000,-4.362,0,206.0,0.0
19.591898,3,2,0.249405,0.249405,0.2490,+0.00041,1,2,0.0260,0,1,+0.67079,+0.06090,0.04006,190.96,+0.00000,+0.00253,+0.00000,+0.00000,0.00000,0.0028,0,1,0,0,0.0000,+0.00000,+0.00000,0.0000,+0.000,+0.000,1.0000,0,1.0000,0,2,+0.000,+0.000,+0.000,+0.00000,-17.775,+0.00006,+0.00,+0.00000,0,+0.00000,+0.00000,0.00000,-4.362,0,206.0,0.0
19.596747,3,2,0.249404,0.249404,0.2490,+0.00040,1,2,0.0260,0,1,+0.67079,+0.06090,0.04006,190.96,+0.00000,+0.00250,+0.00000,+0.00000,0.00000,0.0028,0,1,0,0,0.0000,+0.00000,+0.00000,0.0000,+0.000,+0.000,1.0000,0,1.0000,0,2,+0.000,+0.000,+0.000,+0.00000,-17.775,+0.00006,+0.00,+0.00000,0,+0.00000,+0.00000,0.00000,-4.362,0,206.0,0.0
19.602037,3,2,0.249402,0.249402,0.2490,+0.00040,1,2,0.0260,0,1,+0.67079,+0.06090,0.04006,190.96,+0.00000,+0.00248,+0.00000,+0.00000,0.00000,0.0027,0,1,0,0,0.0000,+0.00000,+0.00000,0.0000,+0.000,+0.000,1.0000,0,1.0000,0,2,+0.000,+0.000,+0.000,+0.00000,-17.775,+0.00006,+0.00,+0.00000,0,+0.00000,+0.00000,0.00000,-4.362,0,206.0,0.0
19.606516,3,2,0.249401,0.249401,0.2490,+0.00040,1,2,0.0260,0,1,+0.67079,+0.06090,0.04006,190.96,+0.00000,+0.00245,+0.00000,+0.00000,0.00000,0.0027,0,1,0,0,0.0000,+0.00000,+0.00000,0.0000,+0.000,+0.000,1.0000,0,1.0000,0,2,+0.000,+0.000,+0.000,+0.00000,-17.775,+0.00006,+0.00,+0.00000,0,+0.00000,+0.00000,0.00000,-4.362,0,206.0,0.0
19.611064,3,2,0.249400,0.249400,0.2490,+0.00040,1,2,0.0260,0,1,+0.67079,+0.06090,0.04006,190.96,+0.00000,+0.00243,+0.00000,+0.00000,0.00000,0.0027,0,1,0,0,0.0000,+0.00000,+0.00000,0.0000,+0.000,+0.000,1.0000,0,1.0000,0,2,+0.000,+0.000,+0.000,+0.00000,-17.775,+0.00006,+0.00,+0.00000,0,+0.00000,+0.00000,0.00000,-4.362,0,206.0,0.0
19.616434,3,2,0.249399,0.249399,0.2490,+0.00040,1,2,0.0260,0,1,+0.67079,+0.06090,0.04006,190.96,+0.00000,+0.00241,+0.00000,+0.00000,0.00000,0.0027,0,1,0,0,0.0000,+0.00000,+0.00000,0.0000,+0.000,+0.000,1.0000,0,1.0000,0,2,+0.000,+0.000,+0.000,+0.00000,-17.775,+0.00006,+0.00,+0.00000,0,+0.00000,+0.00000,0.00000,-4.362,0,206.0,0.0
19.621096,3,2,0.249397,0.249397,0.2490,+0.00040,1,2,0.0260,0,1,+0.67079,+0.06090,0.04006,190.96,+0.00000,+0.00238,+0.00000,+0.00000,0.00000,0.0026,0,1,0,0,0.0000,+0.00000,+0.00000,0.0000,+0.000,+0.000,1.0000,0,1.0000,0,2,+0.000,+0.000,+0.000,+0.00000,-17.775,+0.00006,+0.00,+0.00000,0,+0.00000,+0.00000,0.00000,-4.362,0,206.0,0.0
19.626156,3,2,0.249396,0.249396,0.2490,+0.00040,1,2,0.0260,0,1,+0.67079,+0.06090,0.04006,190.96,+0.00000,+0.00236,+0.00000,+0.00000,0.00000,0.0026,0,1,0,0,0.0000,+0.00000,+0.00000,0.0000,+0.000,+0.000,1.0000,0,1.0000,0,2,+0.000,+0.000,+0.000,+0.00000,-17.775,+0.00006,+0.00,+0.00000,0,+0.00000,+0.00000,0.00000,-4.362,0,206.0,0.0
19.631534,3,2,0.249395,0.249395,0.2490,+0.00039,1,2,0.0260,0,1,+0.67079,+0.06090,0.04006,190.96,+0.00000,+0.00233,+0.00000,+0.00000,0.00000,0.0026,0,1,0,0,0.0000,+0.00000,+0.00000,0.0000,+0.000,+0.000,1.0000,0,1.0000,0,2,+0.000,+0.000,+0.000,+0.00000,-17.775,+0.00006,+0.00,+0.00000,0,+0.00000,+0.00000,0.00000,-4.362,0,206.0,0.0
19.636016,3,2,0.249393,0.249393,0.2490,+0.00039,1,2,0.0260,0,1,+0.67079,+0.06090,0.04006,190.96,+0.00000,+0.00231,+0.00000,+0.00000,0.00000,0.0026,0,1,0,0,0.0000,+0.00000,+0.00000,0.0000,+0.000,+0.000,1.0000,0,1.0000,0,2,+0.000,+0.000,+0.000,+0.00000,-17.775,+0.00006,+0.00,+0.00000,0,+0.00000,+0.00000,0.00000,-4.362,0,206.0,0.0
19.640719,3,2,0.249392,0.249392,0.2490,+0.00039,1,2,0.0260,0,1,+0.67079,+0.06090,0.04006,190.96,+0.00000,+0.00229,+0.00000,+0.00000,0.00000,0.0025,0,1,0,0,0.0000,+0.00000,+0.00000,0.0000,+0.000,+0.000,1.0000,0,1.0000,0,2,+0.000,+0.000,+0.000,+0.00000,-17.775,+0.00006,+0.00,+0.00000,0,+0.00000,+0.00000,0.00000,-4.362,0,206.0,0.0
19.645835,3,2,0.249391,0.249391,0.2490,+0.00039,1,2,0.0260,0,1,+0.67079,+0.06090,0.04006,190.96,+0.00000,+0.00227,+0.00000,+0.00000,0.00000,0.0025,0,1,0,0,0.0000,+0.00000,+0.00000,0.0000,+0.000,+0.000,1.0000,0,1.0000,0,2,+0.000,+0.000,+0.000,+0.00000,-17.775,+0.00006,+0.00,+0.00000,0,+0.00000,+0.00000,0.00000,-4.362,0,206.0,0.0
19.652497,3,2,0.249389,0.249389,0.2490,+0.00039,1,2,0.0260,0,1,+0.67079,+0.06090,0.04006,190.96,+0.00000,+0.00224,+0.00000,+0.00000,0.00000,0.0025,0,1,0,0,0.0000,+0.00000,+0.00000,0.0000,+0.000,+0.000,1.0000,0,1.0000,0,2,+0.000,+0.000,+0.000,+0.00000,-17.775,+0.00006,+0.00,+0.00000,0,+0.00000,+0.00000,0.00000,-4.362,0,206.0,0.0
19.664189,3,2,0.249386,0.249386,0.2490,+0.00039,1,2,0.0260,0,1,+0.67079,+0.06090,0.04006,190.96,+0.00000,+0.00219,+0.00000,+0.00000,0.00000,0.0024,0,1,0,0,0.0000,+0.00000,+0.00000,0.0000,+0.000,+0.000,1.0000,0,1.0000,0,2,+0.000,+0.000,+0.000,+0.00000,-17.775,+0.00006,+0.00,+0.00000,0,+0.00000,+0.00000,0.00000,-4.362,0,206.0,0.0
19.670389,3,2,0.249384,0.249384,0.2490,+0.00038,1,2,0.0260,0,1,+0.67079,+0.06090,0.04006,190.96,+0.00000,+0.00216,+0.00000,+0.00000,0.00000,0.0024,0,1,0,0,0.0000,+0.00000,+0.00000,0.0000,+0.000,+0.000,1.0000,0,1.0000,0,2,+0.000,+0.000,+0.000,+0.00000,-17.775,+0.00006,+0.00,+0.00000,0,+0.00000,+0.00000,0.00000,-4.362,0,206.0,0.0
19.674805,3,2,0.249383,0.249383,0.2490,+0.00038,1,2,0.0260,0,1,+0.67079,+0.06090,0.04006,190.96,+0.00000,+0.00214,+0.00000,+0.00000,0.00000,0.0024,0,1,0,0,0.0000,+0.00000,+0.00000,0.0000,+0.000,+0.000,1.0000,0,1.0000,0,2,+0.000,+0.000,+0.000,+0.00000,-17.775,+0.00006,+0.00,+0.00000,0,+0.00000,+0.00000,0.00000,-4.362,0,206.0,0.0
19.683314,3,2,0.249381,0.249381,0.2490,+0.00038,1,2,0.0260,0,1,+0.67079,+0.06090,0.04006,190.96,+0.00000,+0.00210,+0.00000,+0.00000,0.00000,0.0023,0,1,0,0,0.0000,+0.00000,+0.00000,0.0000,+0.000,+0.000,1.0000,0,1.0000,0,2,+0.000,+0.000,+0.000,+0.00000,-17.775,+0.00006,+0.00,+0.00000,0,+0.00000,+0.00000,0.00000,-4.362,0,206.0,0.0
19.688018,3,2,0.249380,0.249380,0.2490,+0.00038,1,2,0.0260,0,1,+0.67079,+0.06090,0.04006,190.96,+0.00000,+0.00209,+0.00000,+0.00000,0.00000,0.0023,0,1,0,0,0.0000,+0.00000,+0.00000,0.0000,+0.000,+0.000,1.0000,0,1.0000,0,2,+0.000,+0.000,+0.000,+0.00000,-17.775,+0.00006,+0.00,+0.00000,0,+0.00000,+0.00000,0.00000,-4.362,0,206.0,0.0
19.695159,3,2,0.249378,0.249378,0.2490,+0.00038,1,2,0.0260,0,1,+0.67079,+0.06090,0.04006,190.96,+0.00000,+0.00206,+0.00000,+0.00000,0.00000,0.0023,0,1,0,0,0.0000,+0.00000,+0.00000,0.0000,+0.000,+0.000,1.0000,0,1.0000,0,2,+0.000,+0.000,+0.000,+0.00000,-17.775,+0.00006,+0.00,+0.00000,0,+0.00000,+0.00000,0.00000,-4.362,0,206.0,0.0
19.700327,3,2,0.249377,0.249377,0.2490,+0.00038,1,2,0.0260,0,1,+0.67079,+0.06090,0.04006,190.96,+0.00000,+0.00203,+0.00000,+0.00000,0.00000,0.0022,0,1,0,0,0.0000,+0.00000,+0.00000,0.0000,+0.000,+0.000,1.0000,0,1.0000,0,2,+0.000,+0.000,+0.000,+0.00000,-17.775,+0.00006,+0.00,+0.00000,0,+0.00000,+0.00000,0.00000,-4.362,0,206.0,0.0
19.710726,3,2,0.249374,0.249374,0.2490,+0.00037,1,2,0.0260,0,1,+0.67079,+0.06090,0.04006,190.96,+0.00000,+0.00199,+0.00000,+0.00000,0.00000,0.0022,0,1,0,0,0.0000,+0.00000,+0.00000,0.0000,+0.000,+0.000,1.0000,0,1.0000,0,2,+0.000,+0.000,+0.000,+0.00000,-17.775,+0.00006,+0.00,+0.00000,0,+0.00000,+0.00000,0.00000,-4.362,0,206.0,0.0
19.716473,3,2,0.249373,0.249373,0.2490,+0.00037,1,2,0.0260,0,1,+0.67079,+0.06090,0.04006,190.96,+0.00000,+0.00197,+0.00000,+0.00000,0.00000,0.0022,0,1,0,0,0.0000,+0.00000,+0.00000,0.0000,+0.000,+0.000,1.0000,0,1.0000,0,2,+0.000,+0.000,+0.000,+0.00000,-17.775,+0.00006,+0.00,+0.00000,0,+0.00000,+0.00000,0.00000,-4.362,0,206.0,0.0
19.721013,3,2,0.249372,0.249372,0.2490,+0.00037,1,2,0.0260,0,1,+0.67079,+0.06090,0.04006,190.96,+0.00000,+0.00195,+0.00000,+0.00000,0.00000,0.0022,0,1,0,0,0.0000,+0.00000,+0.00000,0.0000,+0.000,+0.000,1.0000,0,1.0000,0,2,+0.000,+0.000,+0.000,+0.00000,-17.775,+0.00006,+0.00,+0.00000,0,+0.00000,+0.00000,0.00000,-4.362,0,206.0,0.0
19.725919,3,2,0.249370,0.249370,0.2490,+0.00037,1,2,0.0260,0,1,+0.67079,+0.06090,0.04006,190.96,+0.00000,+0.00193,+0.00000,+0.00000,0.00000,0.0021,0,1,0,0,0.0000,+0.00000,+0.00000,0.0000,+0.000,+0.000,1.0000,0,1.0000,0,2,+0.000,+0.000,+0.000,+0.00000,-17.775,+0.00006,+0.00,+0.00000,0,+0.00000,+0.00000,0.00000,-4.362,0,206.0,0.0
19.730445,3,2,0.249369,0.249369,0.2490,+0.00037,1,2,0.0260,0,1,+0.67079,+0.06090,0.04006,190.96,+0.00000,+0.00192,+0.00000,+0.00000,0.00000,0.0021,0,1,0,0,0.0000,+0.00000,+0.00000,0.0000,+0.000,+0.000,1.0000,0,1.0000,0,2,+0.000,+0.000,+0.000,+0.00000,-17.775,+0.00006,+0.00,+0.00000,0,+0.00000,+0.00000,0.00000,-4.362,0,206.0,0.0
19.734902,3,2,0.249368,0.249368,0.2490,+0.00037,1,2,0.0260,0,1,+0.67079,+0.06090,0.04006,190.96,+0.00000,+0.00190,+0.00000,+0.00000,0.00000,0.0021,0,1,0,0,0.0000,+0.00000,+0.00000,0.0000,+0.000,+0.000,1.0000,0,1.0000,0,2,+0.000,+0.000,+0.000,+0.00000,-17.775,+0.00006,+0.00,+0.00000,0,+0.00000,+0.00000,0.00000,-4.362,0,206.0,0.0
19.739507,3,2,0.249367,0.249367,0.2490,+0.00037,1,2,0.0260,0,1,+0.67079,+0.06090,0.04006,190.96,+0.00000,+0.00188,+0.00000,+0.00000,0.00000,0.0021,0,1,0,0,0.0000,+0.00000,+0.00000,0.0000,+0.000,+0.000,1.0000,0,1.0000,0,2,+0.000,+0.000,+0.000,+0.00000,-17.775,+0.00006,+0.00,+0.00000,0,+0.00000,+0.00000,0.00000,-4.362,0,206.0,0.0
19.744109,3,2,0.249366,0.249366,0.2490,+0.00037,1,2,0.0260,0,1,+0.67079,+0.06090,0.04006,190.96,+0.00000,+0.00186,+0.00000,+0.00000,0.00000,0.0021,0,1,0,0,0.0000,+0.00000,+0.00000,0.0000,+0.000,+0.000,1.0000,0,1.0000,0,2,+0.000,+0.000,+0.000,+0.00000,-17.775,+0.00006,+0.00,+0.00000,0,+0.00000,+0.00000,0.00000,-4.362,0,206.0,0.0
19.749502,3,2,0.249365,0.249365,0.2490,+0.00036,1,2,0.0260,0,1,+0.67079,+0.06090,0.04006,190.96,+0.00000,+0.00184,+0.00000,+0.00000,0.00000,0.0020,0,1,0,0,0.0000,+0.00000,+0.00000,0.0000,+0.000,+0.000,1.0000,0,1.0000,0,2,+0.000,+0.000,+0.000,+0.00000,-17.775,+0.00006,+0.00,+0.00000,0,+0.00000,+0.00000,0.00000,-4.362,0,206.0,0.0
19.754878,3,2,0.249363,0.249363,0.2490,+0.00036,1,2,0.0260,0,1,+0.67079,+0.06090,0.04006,190.96,+0.00000,+0.00182,+0.00000,+0.00000,0.00000,0.0020,0,1,0,0,0.0000,+0.00000,+0.00000,0.0000,+0.000,+0.000,1.0000,0,1.0000,0,2,+0.000,+0.000,+0.000,+0.00000,-17.775,+0.00006,+0.00,+0.00000,0,+0.00000,+0.00000,0.00000,-4.362,0,206.0,0.0
19.759431,3,2,0.249362,0.249362,0.2490,+0.00036,1,2,0.0260,0,1,+0.67079,+0.06090,0.04006,190.96,+0.00000,+0.00181,+0.00000,+0.00000,0.00000,0.0020,0,1,0,0,0.0000,+0.00000,+0.00000,0.0000,+0.000,+0.000,1.0000,0,1.0000,0,2,+0.000,+0.000,+0.000,+0.00000,-17.775,+0.00006,+0.00,+0.00000,0,+0.00000,+0.00000,0.00000,-4.362,0,206.0,0.0
19.764102,3,2,0.249361,0.249361,0.2490,+0.00036,1,2,0.0260,0,1,+0.67079,+0.06090,0.04006,190.96,+0.00000,+0.00179,+0.00000,+0.00000,0.00000,0.0020,0,1,0,0,0.0000,+0.00000,+0.00000,0.0000,+0.000,+0.000,1.0000,0,1.0000,0,2,+0.000,+0.000,+0.000,+0.00000,-17.775,+0.00006,+0.00,+0.00000,0,+0.00000,+0.00000,0.00000,-4.362,0,206.0,0.0
19.768655,3,2,0.249360,0.249360,0.2490,+0.00036,1,2,0.0260,0,1,+0.67079,+0.06090,0.04006,190.96,+0.00000,+0.00177,+0.00000,+0.00000,0.00000,0.0020,0,1,0,0,0.0000,+0.00000,+0.00000,0.0000,+0.000,+0.000,1.0000,0,1.0000,0,2,+0.000,+0.000,+0.000,+0.00000,-17.775,+0.00006,+0.00,+0.00000,0,+0.00000,+0.00000,0.00000,-4.362,0,206.0,0.0
19.773414,3,2,0.249359,0.249359,0.2490,+0.00036,1,2,0.0260,0,1,+0.67079,+0.06090,0.04006,190.96,+0.00000,+0.00176,+0.00000,+0.00000,0.00000,0.0019,0,1,0,0,0.0000,+0.00000,+0.00000,0.0000,+0.000,+0.000,1.0000,0,1.0000,0,2,+0.000,+0.000,+0.000,+0.00000,-17.775,+0.00006,+0.00,+0.00000,0,+0.00000,+0.00000,0.00000,-4.362,0,206.0,0.0
19.777930,3,2,0.249358,0.249358,0.2490,+0.00036,1,2,0.0260,0,1,+0.67079,+0.06090,0.04006,190.96,+0.00000,+0.00174,+0.00000,+0.00000,0.00000,0.0019,0,1,0,0,0.0000,+0.00000,+0.00000,0.0000,+0.000,+0.000,1.0000,0,1.0000,0,2,+0.000,+0.000,+0.000,+0.00000,-17.775,+0.00006,+0.00,+0.00000,0,+0.00000,+0.00000,0.00000,-4.362,0,206.0,0.0
19.782542,3,2,0.249357,0.249357,0.2490,+0.00036,1,2,0.0260,0,1,+0.67079,+0.06090,0.04006,190.96,+0.00000,+0.00173,+0.00000,+0.00000,0.00000,0.0019,0,1,0,0,0.0000,+0.00000,+0.00000,0.0000,+0.000,+0.000,1.0000,0,1.0000,0,2,+0.000,+0.000,+0.000,+0.00000,-17.775,+0.00006,+0.00,+0.00000,0,+0.00000,+0.00000,0.00000,-4.362,0,206.0,0.0
19.787347,3,2,0.249356,0.249356,0.2490,+0.00036,1,2,0.0260,0,1,+0.67079,+0.06090,0.04006,190.96,+0.00000,+0.00171,+0.00000,+0.00000,0.00000,0.0019,0,1,0,0,0.0000,+0.00000,+0.00000,0.0000,+0.000,+0.000,1.0000,0,1.0000,0,2,+0.000,+0.000,+0.000,+0.00000,-17.775,+0.00006,+0.00,+0.00000,0,+0.00000,+0.00000,0.00000,-4.362,0,206.0,0.0
19.792408,3,2,0.249354,0.249354,0.2490,+0.00035,1,2,0.0260,0,1,+0.67079,+0.06090,0.04006,190.96,+0.00000,+0.00169,+0.00000,+0.00000,0.00000,0.0019,0,1,0,0,0.0000,+0.00000,+0.00000,0.0000,+0.000,+0.000,1.0000,0,1.0000,0,2,+0.000,+0.000,+0.000,+0.00000,-17.775,+0.00006,+0.00,+0.00000,0,+0.00000,+0.00000,0.00000,-4.362,0,206.0,0.0
19.797388,3,2,0.249353,0.249353,0.2490,+0.00035,1,2,0.0260,0,1,+0.67079,+0.06090,0.04006,190.96,+0.00000,+0.00168,+0.00000,+0.00000,0.00000,0.0018,0,1,0,0,0.0000,+0.00000,+0.00000,0.0000,+0.000,+0.000,1.0000,0,1.0000,0,2,+0.000,+0.000,+0.000,+0.00000,-17.775,+0.00006,+0.00,+0.00000,0,+0.00000,+0.00000,0.00000,-4.362,0,206.0,0.0
19.801921,3,2,0.249352,0.249352,0.2490,+0.00035,1,2,0.0260,0,1,+0.67079,+0.06090,0.04006,190.96,+0.00000,+0.00166,+0.00000,+0.00000,0.00000,0.0018,0,1,0,0,0.0000,+0.00000,+0.00000,0.0000,+0.000,+0.000,1.0000,0,1.0000,0,2,+0.000,+0.000,+0.000,+0.00000,-17.775,+0.00006,+0.00,+0.00000,0,+0.00000,+0.00000,0.00000,-4.362,0,206.0,0.0
19.806606,3,2,0.249351,0.249351,0.2490,+0.00035,1,2,0.0260,0,1,+0.67079,+0.06090,0.04006,190.96,+0.00000,+0.00164,+0.00000,+0.00000,0.00000,0.0018,0,1,0,0,0.0000,+0.00000,+0.00000,0.0000,+0.000,+0.000,1.0000,0,1.0000,0,2,+0.000,+0.000,+0.000,+0.00000,-17.775,+0.00006,+0.00,+0.00000,0,+0.00000,+0.00000,0.00000,-4.362,0,206.0,0.0
19.811760,3,2,0.249350,0.249350,0.2490,+0.00035,1,2,0.0260,0,1,+0.67079,+0.06090,0.04006,190.96,+0.00000,+0.00163,+0.00000,+0.00000,0.00000,0.0018,0,1,0,0,0.0000,+0.00000,+0.00000,0.0000,+0.000,+0.000,1.0000,0,1.0000,0,2,+0.000,+0.000,+0.000,+0.00000,-17.775,+0.00006,+0.00,+0.00000,0,+0.00000,+0.00000,0.00000,-4.362,0,206.0,0.0
19.816681,3,2,0.249349,0.249349,0.2490,+0.00035,1,2,0.0260,0,1,+0.67079,+0.06090,0.04006,190.96,+0.00000,+0.00161,+0.00000,+0.00000,0.00000,0.0018,0,1,0,0,0.0000,+0.00000,+0.00000,0.0000,+0.000,+0.000,1.0000,0,1.0000,0,2,+0.000,+0.000,+0.000,+0.00000,-17.775,+0.00006,+0.00,+0.00000,0,+0.00000,+0.00000,0.00000,-4.362,0,206.0,0.0
19.823517,3,2,0.249347,0.249347,0.2490,+0.00035,1,2,0.0260,0,1,+0.67079,+0.06090,0.04006,190.96,+0.00000,+0.00159,+0.00000,+0.00000,0.00000,0.0018,0,1,0,0,0.0000,+0.00000,+0.00000,0.0000,+0.000,+0.000,1.0000,0,1.0000,0,2,+0.000,+0.000,+0.000,+0.00000,-17.775,+0.00006,+0.00,+0.00000,0,+0.00000,+0.00000,0.00000,-4.362,0,206.0,0.0
19.828462,3,2,0.249346,0.249346,0.2490,+0.00035,1,2,0.0260,0,1,+0.67079,+0.06090,0.04006,190.96,+0.00000,+0.00157,+0.00000,+0.00000,0.00000,0.0017,0,1,0,0,0.0000,+0.00000,+0.00000,0.0000,+0.000,+0.000,1.0000,0,1.0000,0,2,+0.000,+0.000,+0.000,+0.00000,-17.775,+0.00006,+0.00,+0.00000,0,+0.00000,+0.00000,0.00000,-4.362,0,206.0,0.0
19.833066,3,2,0.249345,0.249345,0.2490,+0.00034,1,2,0.0260,0,1,+0.67079,+0.06090,0.04006,190.96,+0.00000,+0.00156,+0.00000,+0.00000,0.00000,0.0017,0,1,0,0,0.0000,+0.00000,+0.00000,0.0000,+0.000,+0.000,1.0000,0,1.0000,0,2,+0.000,+0.000,+0.000,+0.00000,-17.775,+0.00006,+0.00,+0.00000,0,+0.00000,+0.00000,0.00000,-4.362,0,206.0,0.0
19.838314,3,2,0.249344,0.249344,0.2490,+0.00034,1,2,0.0260,0,1,+0.67079,+0.06090,0.04006,190.96,+0.00000,+0.00154,+0.00000,+0.00000,0.00000,0.0017,0,1,0,0,0.0000,+0.00000,+0.00000,0.0000,+0.000,+0.000,1.0000,0,1.0000,0,2,+0.000,+0.000,+0.000,+0.00000,-17.775,+0.00006,+0.00,+0.00000,0,+0.00000,+0.00000,0.00000,-4.362,0,206.0,0.0
19.843133,3,2,0.249343,0.249343,0.2490,+0.00034,1,2,0.0260,0,1,+0.67079,+0.06090,0.04006,190.96,+0.00000,+0.00153,+0.00000,+0.00000,0.00000,0.0017,0,1,0,0,0.0000,+0.00000,+0.00000,0.0000,+0.000,+0.000,1.0000,0,1.0000,0,2,+0.000,+0.000,+0.000,+0.00000,-17.775,+0.00006,+0.00,+0.00000,0,+0.00000,+0.00000,0.00000,-4.362,0,206.0,0.0
19.847991,3,2,0.249342,0.249342,0.2490,+0.00034,1,2,0.0260,0,1,+0.67079,+0.06090,0.04006,190.96,+0.00000,+0.00151,+0.00000,+0.00000,0.00000,0.0017,0,1,0,0,0.0000,+0.00000,+0.00000,0.0000,+0.000,+0.000,1.0000,0,1.0000,0,2,+0.000,+0.000,+0.000,+0.00000,-17.775,+0.00006,+0.00,+0.00000,0,+0.00000,+0.00000,0.00000,-4.362,0,206.0,0.0
19.852671,3,2,0.249340,0.249340,0.2490,+0.00034,1,2,0.0260,0,1,+0.67079,+0.06090,0.04006,190.96,+0.00000,+0.00150,+0.00000,+0.00000,0.00000,0.0017,0,1,0,0,0.0000,+0.00000,+0.00000,0.0000,+0.000,+0.000,1.0000,0,1.0000,0,2,+0.000,+0.000,+0.000,+0.00000,-17.775,+0.00006,+0.00,+0.00000,0,+0.00000,+0.00000,0.00000,-4.362,0,206.0,0.0
19.857424,3,2,0.249339,0.249339,0.2490,+0.00034,1,2,0.0260,0,1,+0.67079,+0.06090,0.04006,190.96,+0.00000,+0.00149,+0.00000,+0.00000,0.00000,0.0016,0,1,0,0,0.0000,+0.00000,+0.00000,0.0000,+0.000,+0.000,1.0000,0,1.0000,0,2,+0.000,+0.000,+0.000,+0.00000,-17.775,+0.00006,+0.00,+0.00000,0,+0.00000,+0.00000,0.00000,-4.362,0,206.0,0.0
19.861934,3,2,0.249338,0.249338,0.2490,+0.00034,1,2,0.0260,0,1,+0.67079,+0.06090,0.04006,190.96,+0.00000,+0.00147,+0.00000,+0.00000,0.00000,0.0016,0,1,0,0,0.0000,+0.00000,+0.00000,0.0000,+0.000,+0.000,1.0000,0,1.0000,0,2,+0.000,+0.000,+0.000,+0.00000,-17.775,+0.00006,+0.00,+0.00000,0,+0.00000,+0.00000,0.00000,-4.362,0,206.0,0.0
19.866556,3,2,0.249337,0.249337,0.2490,+0.00034,1,2,0.0260,0,1,+0.67079,+0.06090,0.04006,190.96,+0.00000,+0.00146,+0.00000,+0.00000,0.00000,0.0016,0,1,0,0,0.0000,+0.00000,+0.00000,0.0000,+0.000,+0.000,1.0000,0,1.0000,0,2,+0.000,+0.000,+0.000,+0.00000,-17.775,+0.00006,+0.00,+0.00000,0,+0.00000,+0.00000,0.00000,-4.362,0,206.0,0.0
19.871092,3,2,0.249336,0.249336,0.2490,+0.00034,1,2,0.0260,0,1,+0.67079,+0.06090,0.04006,190.96,+0.00000,+0.00145,+0.00000,+0.00000,0.00000,0.0016,0,1,0,0,0.0000,+0.00000,+0.00000,0.0000,+0.000,+0.000,1.0000,0,1.0000,0,2,+0.000,+0.000,+0.000,+0.00000,-17.775,+0.00006,+0.00,+0.00000,0,+0.00000,+0.00000,0.00000,-4.362,0,206.0,0.0
19.875759,3,2,0.249335,0.249335,0.2490,+0.00034,1,2,0.0260,0,1,+0.67079,+0.06090,0.04006,190.96,+0.00000,+0.00143,+0.00000,+0.00000,0.00000,0.0016,0,1,0,0,0.0000,+0.00000,+0.00000,0.0000,+0.000,+0.000,1.0000,0,1.0000,0,2,+0.000,+0.000,+0.000,+0.00000,-17.775,+0.00006,+0.00,+0.00000,0,+0.00000,+0.00000,0.00000,-4.362,0,206.0,0.0
19.880221,3,2,0.249334,0.249334,0.2490,+0.00033,1,2,0.0260,0,1,+0.67079,+0.06090,0.04006,190.96,+0.00000,+0.00142,+0.00000,+0.00000,0.00000,0.0016,0,1,0,0,0.0000,+0.00000,+0.00000,0.0000,+0.000,+0.000,1.0000,0,1.0000,0,2,+0.000,+0.000,+0.000,+0.00000,-17.775,+0.00006,+0.00,+0.00000,0,+0.00000,+0.00000,0.00000,-4.362,0,206.0,0.0
19.884856,3,2,0.249333,0.249333,0.2490,+0.00033,1,2,0.0260,0,1,+0.67079,+0.06090,0.04006,190.96,+0.00000,+0.00141,+0.00000,+0.00000,0.00000,0.0016,0,1,0,0,0.0000,+0.00000,+0.00000,0.0000,+0.000,+0.000,1.0000,0,1.0000,0,2,+0.000,+0.000,+0.000,+0.00000,-17.775,+0.00006,+0.00,+0.00000,0,+0.00000,+0.00000,0.00000,-4.362,0,206.0,0.0
19.889130,3,2,0.249332,0.249332,0.2490,+0.00033,1,2,0.0260,0,1,+0.67079,+0.06090,0.04006,190.96,+0.00000,+0.00139,+0.00000,+0.00000,0.00000,0.0015,0,1,0,0,0.0000,+0.00000,+0.00000,0.0000,+0.000,+0.000,1.0000,0,1.0000,0,2,+0.000,+0.000,+0.000,+0.00000,-17.775,+0.00006,+0.00,+0.00000,0,+0.00000,+0.00000,0.00000,-4.362,0,206.0,0.0
19.893334,3,2,0.249331,0.249331,0.2490,+0.00033,1,2,0.0260,0,1,+0.67079,+0.06090,0.04006,190.96,+0.00000,+0.00138,+0.00000,+0.00000,0.00000,0.0015,0,1,0,0,0.0000,+0.00000,+0.00000,0.0000,+0.000,+0.000,1.0000,0,1.0000,0,2,+0.000,+0.000,+0.000,+0.00000,-17.775,+0.00006,+0.00,+0.00000,0,+0.00000,+0.00000,0.00000,-4.362,0,206.0,0.0
19.897872,3,2,0.249330,0.249330,0.2490,+0.00033,1,2,0.0260,0,1,+0.67079,+0.06090,0.04006,190.96,+0.00000,+0.00137,+0.00000,+0.00000,0.00000,0.0015,0,1,0,0,0.0000,+0.00000,+0.00000,0.0000,+0.000,+0.000,1.0000,0,1.0000,0,2,+0.000,+0.000,+0.000,+0.00000,-17.774,+0.00006,+0.00,+0.00000,0,+0.00000,+0.00000,0.00000,-4.362,0,206.0,0.0
19.902387,3,2,0.249329,0.249329,0.2490,+0.00033,1,2,0.0260,0,1,+0.67079,+0.06090,0.04006,190.96,+0.00000,+0.00136,+0.00000,+0.00000,0.00000,0.0015,0,1,0,0,0.0000,+0.00000,+0.00000,0.0000,+0.000,+0.000,1.0000,0,1.0000,0,2,+0.000,+0.000,+0.000,+0.00000,-17.774,+0.00006,+0.00,+0.00000,0,+0.00000,+0.00000,0.00000,-4.362,0,206.0,0.0
19.906889,3,2,0.249328,0.249328,0.2490,+0.00033,1,2,0.0260,0,1,+0.67079,+0.06090,0.04006,190.96,+0.00000,+0.00135,+0.00000,+0.00000,0.00000,0.0015,0,1,0,0,0.0000,+0.00000,+0.00000,0.0000,+0.000,+0.000,1.0000,0,1.0000,0,2,+0.000,+0.000,+0.000,+0.00000,-17.774,+0.00006,+0.00,+0.00000,0,+0.00000,+0.00000,0.00000,-4.362,0,206.0,0.0
19.911493,3,2,0.249327,0.249327,0.2490,+0.00033,1,2,0.0260,0,1,+0.67079,+0.06090,0.04006,190.96,+0.00000,+0.00133,+0.00000,+0.00000,0.00000,0.0015,0,1,0,0,0.0000,+0.00000,+0.00000,0.0000,+0.000,+0.000,1.0000,0,1.0000,0,2,+0.000,+0.000,+0.000,+0.00000,-17.774,+0.00006,+0.00,+0.00000,0,+0.00000,+0.00000,0.00000,-4.362,0,206.0,0.0
19.916115,3,2,0.249326,0.249326,0.2490,+0.00033,1,2,0.0260,0,1,+0.67079,+0.06090,0.04006,190.96,+0.00000,+0.00132,+0.00000,+0.00000,0.00000,0.0015,0,1,0,0,0.0000,+0.00000,+0.00000,0.0000,+0.000,+0.000,1.0000,0,1.0000,0,2,+0.000,+0.000,+0.000,+0.00000,-17.774,+0.00006,+0.00,+0.00000,0,+0.00000,+0.00000,0.00000,-4.362,0,206.0,0.0
19.921022,3,2,0.249325,0.249325,0.2490,+0.00033,1,2,0.0260,0,1,+0.67079,+0.06090,0.04006,190.96,+0.00000,+0.00131,+0.00000,+0.00000,0.00000,0.0014,0,1,0,0,0.0000,+0.00000,+0.00000,0.0000,+0.000,+0.000,1.0000,0,1.0000,0,2,+0.000,+0.000,+0.000,+0.00000,-17.774,+0.00006,+0.00,+0.00000,0,+0.00000,+0.00000,0.00000,-4.362,0,206.0,0.0
19.925616,3,2,0.249324,0.249324,0.2490,+0.00032,1,2,0.0260,0,1,+0.67079,+0.06090,0.04006,190.96,+0.00000,+0.00130,+0.00000,+0.00000,0.00000,0.0014,0,1,0,0,0.0000,+0.00000,+0.00000,0.0000,+0.000,+0.000,1.0000,0,1.0000,0,2,+0.000,+0.000,+0.000,+0.00000,-17.774,+0.00006,+0.00,+0.00000,0,+0.00000,+0.00000,0.00000,-4.362,0,206.0,0.0
19.930166,3,2,0.249323,0.249323,0.2490,+0.00032,1,2,0.0260,0,1,+0.67079,+0.06090,0.04006,190.96,+0.00000,+0.00128,+0.00000,+0.00000,0.00000,0.0014,0,1,0,0,0.0000,+0.00000,+0.00000,0.0000,+0.000,+0.000,1.0000,0,1.0000,0,2,+0.000,+0.000,+0.000,+0.00000,-17.774,+0.00006,+0.00,+0.00000,0,+0.00000,+0.00000,0.00000,-4.362,0,206.0,0.0
19.935125,3,2,0.249322,0.249322,0.2490,+0.00032,1,2,0.0260,0,1,+0.67079,+0.06090,0.04006,190.96,+0.00000,+0.00127,+0.00000,+0.00000,0.00000,0.0014,0,1,0,0,0.0000,+0.00000,+0.00000,0.0000,+0.000,+0.000,1.0000,0,1.0000,0,2,+0.000,+0.000,+0.000,+0.00000,-17.774,+0.00006,+0.00,+0.00000,0,+0.00000,+0.00000,0.00000,-4.362,0,206.0,0.0
19.939691,3,2,0.249321,0.249321,0.2490,+0.00032,1,2,0.0260,0,1,+0.67079,+0.06090,0.04006,190.96,+0.00000,+0.00126,+0.00000,+0.00000,0.00000,0.0014,0,1,0,0,0.0000,+0.00000,+0.00000,0.0000,+0.000,+0.000,1.0000,0,1.0000,0,2,+0.000,+0.000,+0.000,+0.00000,-17.774,+0.00006,+0.00,+0.00000,0,+0.00000,+0.00000,0.00000,-4.362,0,206.0,0.0
19.944769,3,2,0.249320,0.249320,0.2490,+0.00032,1,2,0.0260,0,1,+0.67079,+0.06090,0.04006,190.96,+0.00000,+0.00125,+0.00000,+0.00000,0.00000,0.0014,0,1,0,0,0.0000,+0.00000,+0.00000,0.0000,+0.000,+0.000,1.0000,0,1.0000,0,2,+0.000,+0.000,+0.000,+0.00000,-17.774,+0.00006,+0.00,+0.00000,0,+0.00000,+0.00000,0.00000,-4.362,0,206.0,0.0
19.949115,3,2,0.249319,0.249319,0.2490,+0.00032,1,2,0.0260,0,1,+0.67079,+0.06090,0.04006,190.96,+0.00000,+0.00124,+0.00000,+0.00000,0.00000,0.0014,0,1,0,0,0.0000,+0.00000,+0.00000,0.0000,+0.000,+0.000,1.0000,0,1.0000,0,2,+0.000,+0.000,+0.000,+0.00000,-17.774,+0.00006,+0.00,+0.00000,0,+0.00000,+0.00000,0.00000,-4.362,0,206.0,0.0
19.953705,3,2,0.249318,0.249318,0.2490,+0.00032,1,2,0.0260,0,1,+0.67079,+0.06090,0.04006,190.96,+0.00000,+0.00123,+0.00000,+0.00000,0.00000,0.0014,0,1,0,0,0.0000,+0.00000,+0.00000,0.0000,+0.000,+0.000,1.0000,0,1.0000,0,2,+0.000,+0.000,+0.000,+0.00000,-17.774,+0.00006,+0.00,+0.00000,0,+0.00000,+0.00000,0.00000,-4.362,0,206.0,0.0
19.958030,3,2,0.249317,0.249317,0.2490,+0.00032,1,2,0.0260,0,1,+0.67079,+0.06090,0.04006,190.96,+0.00000,+0.00122,+0.00000,+0.00000,0.00000,0.0013,0,1,0,0,0.0000,+0.00000,+0.00000,0.0000,+0.000,+0.000,1.0000,0,1.0000,0,2,+0.000,+0.000,+0.000,+0.00000,-17.774,+0.00006,+0.00,+0.00000,0,+0.00000,+0.00000,0.00000,-4.362,0,206.0,0.0
19.962619,3,2,0.249316,0.249316,0.2490,+0.00032,1,2,0.0260,0,1,+0.67079,+0.06090,0.04006,190.96,+0.00000,+0.00120,+0.00000,+0.00000,0.00000,0.0013,0,1,0,0,0.0000,+0.00000,+0.00000,0.0000,+0.000,+0.000,1.0000,0,1.0000,0,2,+0.000,+0.000,+0.000,+0.00000,-17.774,+0.00006,+0.00,+0.00000,0,+0.00000,+0.00000,0.00000,-4.362,0,206.0,0.0
19.967196,3,2,0.249315,0.249315,0.2490,+0.00032,1,2,0.0260,0,1,+0.67079,+0.06090,0.04006,190.96,+0.00000,+0.00119,+0.00000,+0.00000,0.00000,0.0013,0,1,0,0,0.0000,+0.00000,+0.00000,0.0000,+0.000,+0.000,1.0000,0,1.0000,0,2,+0.000,+0.000,+0.000,+0.00000,-17.774,+0.00006,+0.00,+0.00000,0,+0.00000,+0.00000,0.00000,-4.362,0,206.0,0.0
19.971649,3,2,0.249315,0.249315,0.2490,+0.00031,1,2,0.0260,0,1,+0.67079,+0.06090,0.04006,190.96,+0.00000,+0.00118,+0.00000,+0.00000,0.00000,0.0013,0,1,0,0,0.0000,+0.00000,+0.00000,0.0000,+0.000,+0.000,1.0000,0,1.0000,0,2,+0.000,+0.000,+0.000,+0.00000,-17.774,+0.00006,+0.00,+0.00000,0,+0.00000,+0.00000,0.00000,-4.362,0,206.0,0.0
19.976160,3,2,0.249314,0.249314,0.2490,+0.00031,1,2,0.0260,0,1,+0.67079,+0.06090,0.04006,190.96,+0.00000,+0.00117,+0.00000,+0.00000,0.00000,0.0013,0,1,0,0,0.0000,+0.00000,+0.00000,0.0000,+0.000,+0.000,1.0000,0,1.0000,0,2,+0.000,+0.000,+0.000,+0.00000,-17.774,+0.00006,+0.00,+0.00000,0,+0.00000,+0.00000,0.00000,-4.362,0,206.0,0.0
19.980719,3,2,0.249313,0.249313,0.2490,+0.00031,1,2,0.0260,0,1,+0.67079,+0.06090,0.04006,190.96,+0.00000,+0.00116,+0.00000,+0.00000,0.00000,0.0013,0,1,0,0,0.0000,+0.00000,+0.00000,0.0000,+0.000,+0.000,1.0000,0,1.0000,0,2,+0.000,+0.000,+0.000,+0.00000,-17.774,+0.00006,+0.00,+0.00000,0,+0.00000,+0.00000,0.00000,-4.362,0,206.0,0.0
19.985480,3,2,0.249312,0.249312,0.2490,+0.00031,1,2,0.0260,0,1,+0.67079,+0.06090,0.04006,190.96,+0.00000,+0.00115,+0.00000,+0.00000,0.00000,0.0013,0,1,0,0,0.0000,+0.00000,+0.00000,0.0000,+0.000,+0.000,1.0000,0,1.0000,0,2,+0.000,+0.000,+0.000,+0.00000,-17.774,+0.00006,+0.00,+0.00000,0,+0.00000,+0.00000,0.00000,-4.362,0,206.0,0.0
19.989717,4,2,0.249311,0.249311,0.2490,+0.00031,1,2,0.0260,0,1,+0.67079,+0.06090,0.04006,190.96,+0.00000,+0.00114,+0.00000,+0.00000,0.00000,0.0013,0,1,0,0,0.0000,+0.00000,+0.00000,0.0000,+0.000,+0.000,1.0000,0,1.0000,0,2,+0.000,+0.000,+0.000,+0.00000,-17.774,+0.00006,+0.00,+0.00000,0,+0.00000,+0.00000,0.00000,-4.362,0,206.0,0.0
19.994159,4,2,0.249310,0.249310,0.2490,+0.00031,1,2,0.0260,0,1,+0.67079,+0.06090,0.04006,190.96,+0.00000,+0.00113,+0.00000,+0.00000,0.00000,0.0012,0,1,0,0,0.0000,+0.00000,+0.00000,0.0000,+0.000,+0.000,1.0000,0,1.0000,0,2,+0.000,+0.000,+0.000,+0.00000,-17.774,+0.00006,+0.00,+0.00000,0,+0.00000,+0.00000,0.00000,-4.362,0,206.0,0.0
19.998822,4,2,0.249309,0.249309,0.2490,+0.00031,1,2,0.0260,0,1,+0.67079,+0.06090,0.04006,190.96,+0.00000,+0.00112,+0.00000,+0.00000,0.00000,0.0012,0,1,0,0,0.0000,+0.00000,+0.00000,0.0000,+0.000,+0.000,1.0000,0,1.0000,0,2,+0.000,+0.000,+0.000,+0.00000,-17.774,+0.00006,+0.00,+0.00000,0,+0.00000,+0.00000,0.00000,-4.362,0,206.0,0.0
20.003218,4,2,0.249308,0.249308,0.2490,+0.00031,1,2,0.0260,0,1,+0.67079,+0.06090,0.04006,190.96,+0.00000,+0.00111,+0.00000,+0.00000,0.00000,0.0012,0,1,0,0,0.0000,+0.00000,+0.00000,0.0000,+0.000,+0.000,1.0000,0,1.0000,0,2,+0.000,+0.000,+0.000,+0.00000,-17.774,+0.00006,+0.00,+0.00000,0,+0.00000,+0.00000,0.00000,-4.362,0,206.0,0.0
20.007424,4,2,0.249307,0.249307,0.2490,+0.00031,1,2,0.0260,0,1,+0.67079,+0.06090,0.04006,190.96,+0.00000,+0.00110,+0.00000,+0.00000,0.00000,0.0012,0,1,0,0,0.0000,+0.00000,+0.00000,0.0000,+0.000,+0.000,1.0000,0,1.0000,0,2,+0.000,+0.000,+0.000,+0.00000,-17.774,+0.00006,+0.00,+0.00000,0,+0.00000,+0.00000,0.00000,-4.362,0,206.0,0.0
20.012002,4,2,0.249306,0.249306,0.2490,+0.00031,1,2,0.0260,0,1,+0.67079,+0.06090,0.04006,190.96,+0.00000,+0.00109,+0.00000,+0.00000,0.00000,0.0012,0,1,0,0,0.0000,+0.00000,+0.00000,0.0000,+0.000,+0.000,1.0000,0,1.0000,0,2,+0.000,+0.000,+0.000,+0.00000,-17.774,+0.00006,+0.00,+0.00000,0,+0.00000,+0.00000,0.00000,-4.362,0,206.0,0.0
20.016690,4,2,0.249305,0.249305,0.2490,+0.00031,1,2,0.0260,0,1,+0.67079,+0.06090,0.04006,190.96,+0.00000,+0.00108,+0.00000,+0.00000,0.00000,0.0012,0,1,0,0,0.0000,+0.00000,+0.00000,0.0000,+0.000,+0.000,1.0000,0,1.0000,0,2,+0.000,+0.000,+0.000,+0.00000,-17.774,+0.00006,+0.00,+0.00000,0,+0.00000,+0.00000,0.00000,-4.362,0,206.0,0.0
20.021246,4,2,0.249304,0.249304,0.2490,+0.00030,1,2,0.0260,0,1,+0.67079,+0.06090,0.04006,190.96,+0.00000,+0.00107,+0.00000,+0.00000,0.00000,0.0012,0,1,0,0,0.0000,+0.00000,+0.00000,0.0000,+0.000,+0.000,1.0000,0,1.0000,0,2,+0.000,+0.000,+0.000,+0.00000,-17.774,+0.00006,+0.00,+0.00000,0,+0.00000,+0.00000,0.00000,-4.362,0,206.0,0.0
20.025967,4,2,0.249303,0.249303,0.2490,+0.00030,1,2,0.0260,0,1,+0.67079,+0.06090,0.04006,190.96,+0.00000,+0.00106,+0.00000,+0.00000,0.00000,0.0012,0,1,0,0,0.0000,+0.00000,+0.00000,0.0000,+0.000,+0.000,1.0000,0,1.0000,0,2,+0.000,+0.000,+0.000,+0.00000,-17.774,+0.00006,+0.00,+0.00000,0,+0.00000,+0.00000,0.00000,-4.362,0,206.0,0.0
20.030550,4,2,0.249302,0.249302,0.2490,+0.00030,1,2,0.0260,0,1,+0.67079,+0.06090,0.04006,190.96,+0.00000,+0.00105,+0.00000,+0.00000,0.00000,0.0012,0,1,0,0,0.0000,+0.00000,+0.00000,0.0000,+0.000,+0.000,1.0000,0,1.0000,0,2,+0.000,+0.000,+0.000,+0.00000,-17.774,+0.00006,+0.00,+0.00000,0,+0.00000,+0.00000,0.00000,-4.362,0,206.0,0.0
20.035197,4,2,0.249301,0.249301,0.2490,+0.00030,1,2,0.0260,0,1,+0.67079,+0.06090,0.04006,190.96,+0.00000,+0.00104,+0.00000,+0.00000,0.00000,0.0011,0,1,0,0,0.0000,+0.00000,+0.00000,0.0000,+0.000,+0.000,1.0000,0,1.0000,0,2,+0.000,+0.000,+0.000,+0.00000,-17.774,+0.00006,+0.00,+0.00000,0,+0.00000,+0.00000,0.00000,-4.362,0,206.0,0.0
20.039759,4,2,0.249301,0.249301,0.2490,+0.00030,1,2,0.0260,0,1,+0.67079,+0.06090,0.04006,190.96,+0.00000,+0.00103,+0.00000,+0.00000,0.00000,0.0011,0,1,0,0,0.0000,+0.00000,+0.00000,0.0000,+0.000,+0.000,1.0000,0,1.0000,0,2,+0.000,+0.000,+0.000,+0.00000,-17.774,+0.00006,+0.00,+0.00000,0,+0.00000,+0.00000,0.00000,-4.362,0,206.0,0.0
20.044421,4,2,0.249300,0.249300,0.2490,+0.00030,1,2,0.0260,0,1,+0.67079,+0.06090,0.04006,190.96,+0.00000,+0.00102,+0.00000,+0.00000,0.00000,0.0011,0,1,0,0,0.0000,+0.00000,+0.00000,0.0000,+0.000,+0.000,1.0000,0,1.0000,0,2,+0.000,+0.000,+0.000,+0.00000,-17.774,+0.00006,+0.00,+0.00000,0,+0.00000,+0.00000,0.00000,-4.362,0,206.0,0.0
20.048945,4,2,0.249299,0.249299,0.2490,+0.00030,1,2,0.0260,0,1,+0.67079,+0.06090,0.04006,190.96,+0.00000,+0.00101,+0.00000,+0.00000,0.00000,0.0011,0,1,0,0,0.0000,+0.00000,+0.00000,0.0000,+0.000,+0.000,1.0000,0,1.0000,0,2,+0.000,+0.000,+0.000,+0.00000,-17.774,+0.00006,+0.00,+0.00000,0,+0.00000,+0.00000,0.00000,-4.362,0,206.0,0.0
20.054076,4,2,0.249298,0.249298,0.2490,+0.00030,1,2,0.0260,0,1,+0.67079,+0.06090,0.04006,190.96,+0.00000,+0.00100,+0.00000,+0.00000,0.00000,0.0011,0,1,0,0,0.0000,+0.00000,+0.00000,0.0000,+0.000,+0.000,1.0000,0,1.0000,0,2,+0.000,+0.000,+0.000,+0.00000,-17.774,+0.00006,+0.00,+0.00000,0,+0.00000,+0.00000,0.00000,-4.362,0,206.0,0.0
20.058651,4,2,0.249297,0.249297,0.2490,+0.00030,1,2,0.0260,0,1,+0.67079,+0.06090,0.04006,190.96,+0.00000,+0.00099,+0.00000,+0.00000,0.00000,0.0011,0,1,0,0,0.0000,+0.00000,+0.00000,0.0000,+0.000,+0.000,1.0000,0,1.0000,0,2,+0.000,+0.000,+0.000,+0.00000,-17.774,+0.00006,+0.00,+0.00000,0,+0.00000,+0.00000,0.00000,-4.362,0,206.0,0.0
20.063128,4,2,0.249296,0.249296,0.2490,+0.00030,1,2,0.0260,0,1,+0.67079,+0.06090,0.04006,190.96,+0.00000,+0.00098,+0.00000,+0.00000,0.00000,0.0011,0,1,0,0,0.0000,+0.00000,+0.00000,0.0000,+0.000,+0.000,1.0000,0,1.0000,0,2,+0.000,+0.000,+0.000,+0.00000,-17.774,+0.00006,+0.00,+0.00000,0,+0.00000,+0.00000,0.00000,-4.362,0,206.0,0.0
20.067712,4,2,0.249295,0.249295,0.2490,+0.00030,1,2,0.0260,0,1,+0.67079,+0.06090,0.04006,190.96,+0.00000,+0.00098,+0.00000,+0.00000,0.00000,0.0011,0,1,0,0,0.0000,+0.00000,+0.00000,0.0000,+0.000,+0.000,1.0000,0,1.0000,0,2,+0.000,+0.000,+0.000,+0.00000,-17.774,+0.00006,+0.00,+0.00000,0,+0.00000,+0.00000,0.00000,-4.362,0,206.0,0.0
20.072125,4,2,0.249294,0.249294,0.2490,+0.00029,1,2,0.0260,0,1,+0.67079,+0.06090,0.04006,190.96,+0.00000,+0.00097,+0.00000,+0.00000,0.00000,0.0011,0,1,0,0,0.0000,+0.00000,+0.00000,0.0000,+0.000,+0.000,1.0000,0,1.0000,0,2,+0.000,+0.000,+0.000,+0.00000,-17.774,+0.00006,+0.00,+0.00000,0,+0.00000,+0.00000,0.00000,-4.362,0,206.0,0.0
20.076696,4,2,0.249293,0.249293,0.2490,+0.00029,1,2,0.0260,0,1,+0.67079,+0.06090,0.04006,190.96,+0.00000,+0.00096,+0.00000,+0.00000,0.00000,0.0011,0,1,0,0,0.0000,+0.00000,+0.00000,0.0000,+0.000,+0.000,1.0000,0,1.0000,0,2,+0.000,+0.000,+0.000,+0.00000,-17.774,+0.00006,+0.00,+0.00000,0,+0.00000,+0.00000,0.00000,-4.362,0,206.0,0.0
20.081223,4,2,0.249292,0.249292,0.2490,+0.00029,1,2,0.0260,0,1,+0.67079,+0.06090,0.04006,190.96,+0.00000,+0.00095,+0.00000,+0.00000,0.00000,0.0010,0,1,0,0,0.0000,+0.00000,+0.00000,0.0000,+0.000,+0.000,1.0000,0,1.0000,0,2,+0.000,+0.000,+0.000,+0.00000,-17.774,+0.00006,+0.00,+0.00000,0,+0.00000,+0.00000,0.00000,-4.361,0,206.0,0.0
20.085834,4,2,0.249291,0.249291,0.2490,+0.00029,1,2,0.0260,0,1,+0.67079,+0.06090,0.04006,190.96,+0.00000,+0.00094,+0.00000,+0.00000,0.00000,0.0010,0,1,0,0,0.0000,+0.00000,+0.00000,0.0000,+0.000,+0.000,1.0000,0,1.0000,0,2,+0.000,+0.000,+0.000,+0.00000,-17.774,+0.00006,+0.00,+0.00000,0,+0.00000,+0.00000,0.00000,-4.361,0,206.0,0.0
20.090508,4,2,0.249291,0.249291,0.2490,+0.00029,1,2,0.0260,0,1,+0.67079,+0.06090,0.04006,190.96,+0.00000,+0.00093,+0.00000,+0.00000,0.00000,0.0010,0,1,0,0,0.0000,+0.00000,+0.00000,0.0000,+0.000,+0.000,1.0000,0,1.0000,0,2,+0.000,+0.000,+0.000,+0.00000,-17.774,+0.00006,+0.00,+0.00000,0,+0.00000,+0.00000,0.00000,-4.361,0,206.0,0.0
20.095215,4,2,0.249290,0.249290,0.2490,+0.00029,1,2,0.0260,0,1,+0.67079,+0.06090,0.04006,190.96,+0.00000,+0.00092,+0.00000,+0.00000,0.00000,0.0010,0,1,0,0,0.0000,+0.00000,+0.00000,0.0000,+0.000,+0.000,1.0000,0,1.0000,0,2,+0.000,+0.000,+0.000,+0.00000,-17.774,+0.00006,+0.00,+0.00000,0,+0.00000,+0.00000,0.00000,-4.361,0,206.0,0.0
20.099914,4,2,0.249289,0.249289,0.2490,+0.00029,1,2,0.0260,0,1,+0.67079,+0.06090,0.04006,190.96,+0.00000,+0.00091,+0.00000,+0.00000,0.00000,0.0010,0,1,0,0,0.0000,+0.00000,+0.00000,0.0000,+0.000,+0.000,1.0000,0,1.0000,0,2,+0.000,+0.000,+0.000,+0.00000,-17.774,+0.00006,+0.00,+0.00000,0,+0.00000,+0.00000,0.00000,-4.361,0,206.0,0.0
20.104538,4,2,0.249288,0.249288,0.2490,+0.00029,1,2,0.0260,0,1,+0.67079,+0.06090,0.04006,190.96,+0.00000,+0.00091,+0.00000,+0.00000,0.00000,0.0010,0,1,0,0,0.0000,+0.00000,+0.00000,0.0000,+0.000,+0.000,1.0000,0,1.0000,0,2,+0.000,+0.000,+0.000,+0.00000,-17.774,+0.00006,+0.00,+0.00000,0,+0.00000,+0.00000,0.00000,-4.361,0,206.0,0.0
20.109075,4,2,0.249287,0.249287,0.2490,+0.00029,1,2,0.0260,0,1,+0.67079,+0.06090,0.04006,190.96,+0.00000,+0.00090,+0.00000,+0.00000,0.00000,0.0010,0,1,0,0,0.0000,+0.00000,+0.00000,0.0000,+0.000,+0.000,1.0000,0,1.0000,0,2,+0.000,+0.000,+0.000,+0.00000,-17.774,+0.00006,+0.00,+0.00000,0,+0.00000,+0.00000,0.00000,-4.361,0,206.0,0.0
20.113552,4,2,0.249286,0.249286,0.2490,+0.00029,1,2,0.0260,0,1,+0.67079,+0.06090,0.04006,190.96,+0.00000,+0.00089,+0.00000,+0.00000,0.00000,0.0010,0,1,0,0,0.0000,+0.00000,+0.00000,0.0000,+0.000,+0.000,1.0000,0,1.0000,0,2,+0.000,+0.000,+0.000,+0.00000,-17.774,+0.00006,+0.00,+0.00000,0,+0.00000,+0.00000,0.00000,-4.361,0,206.0,0.0
20.118233,4,2,0.249285,0.249285,0.2490,+0.00029,1,2,0.0260,0,1,+0.67079,+0.06090,0.04006,190.96,+0.00000,+0.00088,+0.00000,+0.00000,0.00000,0.0010,0,1,0,0,0.0000,+0.00000,+0.00000,0.0000,+0.000,+0.000,1.0000,0,1.0000,0,2,+0.000,+0.000,+0.000,+0.00000,-17.774,+0.00006,+0.00,+0.00000,0,+0.00000,+0.00000,0.00000,-4.361,0,206.0,0.0
20.122396,4,2,0.249284,0.249284,0.2490,+0.00028,1,2,0.0260,0,1,+0.67079,+0.06090,0.04006,190.96,+0.00000,+0.00087,+0.00000,+0.00000,0.00000,0.0010,0,1,0,0,0.0000,+0.00000,+0.00000,0.0000,+0.000,+0.000,1.0000,0,1.0000,0,2,+0.000,+0.000,+0.000,+0.00000,-17.774,+0.00006,+0.00,+0.00000,0,+0.00000,+0.00000,0.00000,-4.361,0,206.0,0.0
20.126886,4,2,0.249284,0.249284,0.2490,+0.00028,1,2,0.0260,0,1,+0.67079,+0.06090,0.04006,190.96,+0.00000,+0.00087,+0.00000,+0.00000,0.00000,0.0010,0,1,0,0,0.0000,+0.00000,+0.00000,0.0000,+0.000,+0.000,1.0000,0,1.0000,0,2,+0.000,+0.000,+0.000,+0.00000,-17.774,+0.00006,+0.00,+0.00000,0,+0.00000,+0.00000,0.00000,-4.361,0,206.0,0.0
20.131620,4,2,0.249283,0.249283,0.2490,+0.00028,1,2,0.0260,0,1,+0.67079,+0.06090,0.04006,190.96,+0.00000,+0.00086,+0.00000,+0.00000,0.00000,0.0009,0,1,0,0,0.0000,+0.00000,+0.00000,0.0000,+0.000,+0.000,1.0000,0,1.0000,0,2,+0.000,+0.000,+0.000,+0.00000,-17.774,+0.00006,+0.00,+0.00000,0,+0.00000,+0.00000,0.00000,-4.361,0,206.0,0.0
20.136363,4,2,0.249282,0.249282,0.2490,+0.00028,1,2,0.0260,0,1,+0.67079,+0.06090,0.04006,190.96,+0.00000,+0.00085,+0.00000,+0.00000,0.00000,0.0009,0,1,0,0,0.0000,+0.00000,+0.00000,0.0000,+0.000,+0.000,1.0000,0,1.0000,0,2,+0.000,+0.000,+0.000,+0.00000,-17.774,+0.00006,+0.00,+0.00000,0,+0.00000,+0.00000,0.00000,-4.361,0,206.0,0.0
20.141361,4,2,0.249281,0.249281,0.2490,+0.00028,1,2,0.0260,0,1,+0.67079,+0.06090,0.04006,190.96,+0.00000,+0.00084,+0.00000,+0.00000,0.00000,0.0009,0,1,0,0,0.0000,+0.00000,+0.00000,0.0000,+0.000,+0.000,1.0000,0,1.0000,0,2,+0.000,+0.000,+0.000,+0.00000,-17.774,+0.00006,+0.00,+0.00000,0,+0.00000,+0.00000,0.00000,-4.361,0,206.0,0.0
20.145895,4,2,0.249280,0.249280,0.2490,+0.00028,1,2,0.0260,0,1,+0.67079,+0.06090,0.04006,190.96,+0.00000,+0.00083,+0.00000,+0.00000,0.00000,0.0009,0,1,0,0,0.0000,+0.00000,+0.00000,0.0000,+0.000,+0.000,1.0000,0,1.0000,0,2,+0.000,+0.000,+0.000,+0.00000,-17.774,+0.00006,+0.00,+0.00000,0,+0.00000,+0.00000,0.00000,-4.361,0,206.0,0.0
20.150639,4,2,0.249279,0.249279,0.2490,+0.00028,1,2,0.0260,0,1,+0.67079,+0.06090,0.04006,190.96,+0.00000,+0.00083,+0.00000,+0.00000,0.00000,0.0009,0,1,0,0,0.0000,+0.00000,+0.00000,0.0000,+0.000,+0.000,1.0000,0,1.0000,0,2,+0.000,+0.000,+0.000,+0.00000,-17.774,+0.00006,+0.00,+0.00000,0,+0.00000,+0.00000,0.00000,-4.361,0,206.0,0.0
20.156339,4,2,0.249278,0.249278,0.2490,+0.00028,1,2,0.0260,0,1,+0.67079,+0.06090,0.04006,190.96,+0.00000,+0.00082,+0.00000,+0.00000,0.00000,0.0009,0,1,0,0,0.0000,+0.00000,+0.00000,0.0000,+0.000,+0.000,1.0000,0,1.0000,0,2,+0.000,+0.000,+0.000,+0.00000,-17.774,+0.00006,+0.00,+0.00000,0,+0.00000,+0.00000,0.00000,-4.361,0,206.0,0.0
20.160971,4,2,0.249277,0.249277,0.2490,+0.00028,1,2,0.0260,0,1,+0.67079,+0.06090,0.04006,190.96,+0.00000,+0.00081,+0.00000,+0.00000,0.00000,0.0009,0,1,0,0,0.0000,+0.00000,+0.00000,0.0000,+0.000,+0.000,1.0000,0,1.0000,0,2,+0.000,+0.000,+0.000,+0.00000,-17.774,+0.00006,+0.00,+0.00000,0,+0.00000,+0.00000,0.00000,-4.361,0,206.0,0.0
20.165475,4,2,0.249276,0.249276,0.2490,+0.00028,1,2,0.0260,0,1,+0.67079,+0.06090,0.04006,190.96,+0.00000,+0.00080,+0.00000,+0.00000,0.00000,0.0009,0,1,0,0,0.0000,+0.00000,+0.00000,0.0000,+0.000,+0.000,1.0000,0,1.0000,0,2,+0.000,+0.000,+0.000,+0.00000,-17.774,+0.00006,+0.00,+0.00000,0,+0.00000,+0.00000,0.00000,-4.361,0,206.0,0.0
20.170072,4,2,0.249276,0.249276,0.2490,+0.00028,1,2,0.0260,0,1,+0.67079,+0.06090,0.04006,190.96,+0.00000,+0.00080,+0.00000,+0.00000,0.00000,0.0009,0,1,0,0,0.0000,+0.00000,+0.00000,0.0000,+0.000,+0.000,1.0000,0,1.0000,0,2,+0.000,+0.000,+0.000,+0.00000,-17.774,+0.00006,+0.00,+0.00000,0,+0.00000,+0.00000,0.00000,-4.361,0,206.0,0.0
20.174650,4,2,0.249275,0.249275,0.2490,+0.00027,1,2,0.0260,0,1,+0.67079,+0.06090,0.04006,190.96,+0.00000,+0.00079,+0.00000,+0.00000,0.00000,0.0009,0,1,0,0,0.0000,+0.00000,+0.00000,0.0000,+0.000,+0.000,1.0000,0,1.0000,0,2,+0.000,+0.000,+0.000,+0.00000,-17.774,+0.00006,+0.00,+0.00000,0,+0.00000,+0.00000,0.00000,-4.361,0,206.0,0.0
20.179527,4,2,0.249274,0.249274,0.2490,+0.00027,1,2,0.0260,0,1,+0.67079,+0.06090,0.04006,190.96,+0.00000,+0.00078,+0.00000,+0.00000,0.00000,0.0009,0,1,0,0,0.0000,+0.00000,+0.00000,0.0000,+0.000,+0.000,1.0000,0,1.0000,0,2,+0.000,+0.000,+0.000,+0.00000,-17.774,+0.00006,+0.00,+0.00000,0,+0.00000,+0.00000,0.00000,-4.361,0,206.0,0.0
20.184592,4,2,0.249273,0.249273,0.2490,+0.00027,1,2,0.0260,0,1,+0.67079,+0.06090,0.04006,190.96,+0.00000,+0.00077,+0.00000,+0.00000,0.00000,0.0009,0,1,0,0,0.0000,+0.00000,+0.00000,0.0000,+0.000,+0.000,1.0000,0,1.0000,0,2,+0.000,+0.000,+0.000,+0.00000,-17.774,+0.00006,+0.00,+0.00000,0,+0.00000,+0.00000,0.00000,-4.361,0,206.0,0.0
20.189063,4,2,0.249272,0.249272,0.2490,+0.00027,1,2,0.0260,0,1,+0.67079,+0.06090,0.04006,190.96,+0.00000,+0.00077,+0.00000,+0.00000,0.00000,0.0008,0,1,0,0,0.0000,+0.00000,+0.00000,0.0000,+0.000,+0.000,1.0000,0,1.0000,0,2,+0.000,+0.000,+0.000,+0.00000,-17.774,+0.00006,+0.00,+0.00000,0,+0.00000,+0.00000,0.00000,-4.361,0,206.0,0.0
20.193422,4,2,0.249271,0.249271,0.2490,+0.00027,1,2,0.0260,0,1,+0.67079,+0.06090,0.04006,190.96,+0.00000,+0.00076,+0.00000,+0.00000,0.00000,0.0008,0,1,0,0,0.0000,+0.00000,+0.00000,0.0000,+0.000,+0.000,1.0000,0,1.0000,0,2,+0.000,+0.000,+0.000,+0.00000,-17.774,+0.00006,+0.00,+0.00000,0,+0.00000,+0.00000,0.00000,-4.361,0,206.0,0.0
20.198023,4,2,0.249270,0.249270,0.2490,+0.00027,1,2,0.0260,0,1,+0.67079,+0.06090,0.04006,190.96,+0.00000,+0.00075,+0.00000,+0.00000,0.00000,0.0008,0,1,0,0,0.0000,+0.00000,+0.00000,0.0000,+0.000,+0.000,1.0000,0,1.0000,0,2,+0.000,+0.000,+0.000,+0.00000,-17.774,+0.00006,+0.00,+0.00000,0,+0.00000,+0.00000,0.00000,-4.361,0,206.0,0.0
20.202627,4,2,0.249270,0.249270,0.2490,+0.00027,1,2,0.0260,0,1,+0.67079,+0.06090,0.04006,190.96,+0.00000,+0.00075,+0.00000,+0.00000,0.00000,0.0008,0,1,0,0,0.0000,+0.00000,+0.00000,0.0000,+0.000,+0.000,1.0000,0,1.0000,0,2,+0.000,+0.000,+0.000,+0.00000,-17.774,+0.00006,+0.00,+0.00000,0,+0.00000,+0.00000,0.00000,-4.361,0,206.0,0.0
20.207509,4,2,0.249269,0.249269,0.2490,+0.00027,1,2,0.0260,0,1,+0.67079,+0.06090,0.04006,190.96,+0.00000,+0.00074,+0.00000,+0.00000,0.00000,0.0008,0,1,0,0,0.0000,+0.00000,+0.00000,0.0000,+0.000,+0.000,1.0000,0,1.0000,0,2,+0.000,+0.000,+0.000,+0.00000,-17.773,+0.00006,+0.00,+0.00000,0,+0.00000,+0.00000,0.00000,-4.361,0,206.0,0.0
20.212069,4,2,0.249268,0.249268,0.2490,+0.00027,1,2,0.0260,0,1,+0.67079,+0.06090,0.04006,190.96,+0.00000,+0.00073,+0.00000,+0.00000,0.00000,0.0008,0,1,0,0,0.0000,+0.00000,+0.00000,0.0000,+0.000,+0.000,1.0000,0,1.0000,0,2,+0.000,+0.000,+0.000,+0.00000,-17.773,+0.00006,+0.00,+0.00000,0,+0.00000,+0.00000,0.00000,-4.361,0,206.0,0.0
20.216659,4,2,0.249267,0.249267,0.2490,+0.00027,1,2,0.0260,0,1,+0.67079,+0.06090,0.04006,190.96,+0.00000,+0.00072,+0.00000,+0.00000,0.00000,0.0008,0,1,0,0,0.0000,+0.00000,+0.00000,0.0000,+0.000,+0.000,1.0000,0,1.0000,0,2,+0.000,+0.000,+0.000,+0.00000,-17.773,+0.00006,+0.00,+0.00000,0,+0.00000,+0.00000,0.00000,-4.361,0,206.0,0.0
20.221280,4,2,0.249266,0.249266,0.2490,+0.00027,1,2,0.0260,0,1,+0.67079,+0.06090,0.04006,190.96,+0.00000,+0.00072,+0.00000,+0.00000,0.00000,0.0008,0,1,0,0,0.0000,+0.00000,+0.00000,0.0000,+0.000,+0.000,1.0000,0,1.0000,0,2,+0.000,+0.000,+0.000,+0.00000,-17.773,+0.00006,+0.00,+0.00000,0,+0.00000,+0.00000,0.00000,-4.361,0,206.0,0.0
20.225907,4,2,0.249265,0.249265,0.2490,+0.00027,1,2,0.0260,0,1,+0.67079,+0.06090,0.04006,190.96,+0.00000,+0.00071,+0.00000,+0.00000,0.00000,0.0008,0,1,0,0,0.0000,+0.00000,+0.00000,0.0000,+0.000,+0.000,1.0000,0,1.0000,0,2,+0.000,+0.000,+0.000,+0.00000,-17.773,+0.00006,+0.00,+0.00000,0,+0.00000,+0.00000,0.00000,-4.361,0,206.0,0.0
20.230867,4,2,0.249265,0.249265,0.2490,+0.00026,1,2,0.0260,0,1,+0.67079,+0.06090,0.04006,190.96,+0.00000,+0.00070,+0.00000,+0.00000,0.00000,0.0008,0,1,0,0,0.0000,+0.00000,+0.00000,0.0000,+0.000,+0.000,1.0000,0,1.0000,0,2,+0.000,+0.000,+0.000,+0.00000,-17.773,+0.00006,+0.00,+0.00000,0,+0.00000,+0.00000,0.00000,-4.361,0,206.0,0.0
20.235997,4,2,0.249264,0.249264,0.2490,+0.00026,1,2,0.0260,0,1,+0.67079,+0.06090,0.04006,190.96,+0.00000,+0.00070,+0.00000,+0.00000,0.00000,0.0008,0,1,0,0,0.0000,+0.00000,+0.00000,0.0000,+0.000,+0.000,1.0000,0,1.0000,0,2,+0.000,+0.000,+0.000,+0.00000,-17.773,+0.00006,+0.00,+0.00000,0,+0.00000,+0.00000,0.00000,-4.361,0,206.0,0.0
20.241409,4,2,0.249263,0.249263,0.2490,+0.00026,1,2,0.0260,0,1,+0.67079,+0.06090,0.04006,190.96,+0.00000,+0.00069,+0.00000,+0.00000,0.00000,0.0008,0,1,0,0,0.0000,+0.00000,+0.00000,0.0000,+0.000,+0.000,1.0000,0,1.0000,0,2,+0.000,+0.000,+0.000,+0.00000,-17.773,+0.00006,+0.00,+0.00000,0,+0.00000,+0.00000,0.00000,-4.361,0,206.0,0.0
20.246030,4,2,0.249262,0.249262,0.2490,+0.00026,1,2,0.0260,0,1,+0.67079,+0.06090,0.04006,190.96,+0.00000,+0.00068,+0.00000,+0.00000,0.00000,0.0008,0,1,0,0,0.0000,+0.00000,+0.00000,0.0000,+0.000,+0.000,1.0000,0,1.0000,0,2,+0.000,+0.000,+0.000,+0.00000,-17.773,+0.00006,+0.00,+0.00000,0,+0.00000,+0.00000,0.00000,-4.361,0,206.0,0.0
20.250582,4,2,0.249261,0.249261,0.2490,+0.00026,1,2,0.0260,0,1,+0.67079,+0.06090,0.04006,190.96,+0.00000,+0.00068,+0.00000,+0.00000,0.00000,0.0007,0,1,0,0,0.0000,+0.00000,+0.00000,0.0000,+0.000,+0.000,1.0000,0,1.0000,0,2,+0.000,+0.000,+0.000,+0.00000,-17.773,+0.00006,+0.00,+0.00000,0,+0.00000,+0.00000,0.00000,-4.361,0,206.0,0.0
20.255250,4,2,0.249260,0.249260,0.2490,+0.00026,1,2,0.0260,0,1,+0.67079,+0.06090,0.04006,190.96,+0.00000,+0.00067,+0.00000,+0.00000,0.00000,0.0007,0,1,0,0,0.0000,+0.00000,+0.00000,0.0000,+0.000,+0.000,1.0000,0,1.0000,0,2,+0.000,+0.000,+0.000,+0.00000,-17.773,+0.00006,+0.00,+0.00000,0,+0.00000,+0.00000,0.00000,-4.361,0,206.0,0.0
20.259896,4,2,0.249260,0.249260,0.2490,+0.00026,1,2,0.0260,0,1,+0.67079,+0.06090,0.04006,190.96,+0.00000,+0.00066,+0.00000,+0.00000,0.00000,0.0007,0,1,0,0,0.0000,+0.00000,+0.00000,0.0000,+0.000,+0.000,1.0000,0,1.0000,0,2,+0.000,+0.000,+0.000,+0.00000,-17.773,+0.00006,+0.00,+0.00000,0,+0.00000,+0.00000,0.00000,-4.361,0,206.0,0.0
20.264679,4,2,0.249259,0.249259,0.2490,+0.00026,1,2,0.0260,0,1,+0.67079,+0.06090,0.04006,190.96,+0.00000,+0.00066,+0.00000,+0.00000,0.00000,0.0007,0,1,0,0,0.0000,+0.00000,+0.00000,0.0000,+0.000,+0.000,1.0000,0,1.0000,0,2,+0.000,+0.000,+0.000,+0.00000,-17.773,+0.00006,+0.00,+0.00000,0,+0.00000,+0.00000,0.00000,-4.361,0,206.0,0.0
20.268966,4,2,0.249258,0.249258,0.2490,+0.00026,1,2,0.0260,0,1,+0.67079,+0.06090,0.04006,190.96,+0.00000,+0.00065,+0.00000,+0.00000,0.00000,0.0007,0,1,0,0,0.0000,+0.00000,+0.00000,0.0000,+0.000,+0.000,1.0000,0,1.0000,0,2,+0.000,+0.000,+0.000,+0.00000,-17.773,+0.00006,+0.00,+0.00000,0,+0.00000,+0.00000,0.00000,-4.361,0,206.0,0.0
20.273676,4,2,0.249257,0.249257,0.2490,+0.00026,1,2,0.0260,0,1,+0.67079,+0.06090,0.04006,190.96,+0.00000,+0.00065,+0.00000,+0.00000,0.00000,0.0007,0,1,0,0,0.0000,+0.00000,+0.00000,0.0000,+0.000,+0.000,1.0000,0,1.0000,0,2,+0.000,+0.000,+0.000,+0.00000,-17.773,+0.00006,+0.00,+0.00000,0,+0.00000,+0.00000,0.00000,-4.361,0,206.0,0.0
20.278248,4,2,0.249256,0.249256,0.2490,+0.00026,1,2,0.0260,0,1,+0.67079,+0.06090,0.04006,190.96,+0.00000,+0.00064,+0.00000,+0.00000,0.00000,0.0007,0,1,0,0,0.0000,+0.00000,+0.00000,0.0000,+0.000,+0.000,1.0000,0,1.0000,0,2,+0.000,+0.000,+0.000,+0.00000,-17.773,+0.00006,+0.00,+0.00000,0,+0.00000,+0.00000,0.00000,-4.361,0,206.0,0.0
20.282739,4,2,0.249256,0.249256,0.2490,+0.00026,1,2,0.0260,0,1,+0.67079,+0.06090,0.04006,190.96,+0.00000,+0.00063,+0.00000,+0.00000,0.00000,0.0007,0,1,0,0,0.0000,+0.00000,+0.00000,0.0000,+0.000,+0.000,1.0000,0,1.0000,0,2,+0.000,+0.000,+0.000,+0.00000,-17.773,+0.00006,+0.00,+0.00000,0,+0.00000,+0.00000,0.00000,-4.361,0,206.0,0.0
20.287482,4,2,0.249255,0.249255,0.2490,+0.00025,1,2,0.0260,0,1,+0.67079,+0.06090,0.04006,190.96,+0.00000,+0.00063,+0.00000,+0.00000,0.00000,0.0007,0,1,0,0,0.0000,+0.00000,+0.00000,0.0000,+0.000,+0.000,1.0000,0,1.0000,0,2,+0.000,+0.000,+0.000,+0.00000,-17.773,+0.00006,+0.00,+0.00000,0,+0.00000,+0.00000,0.00000,-4.361,0,186.2,0.0
20.291999,4,2,0.249254,0.249254,0.2490,+0.00025,1,2,0.0260,0,1,+0.67079,+0.06090,0.04006,190.96,+0.00000,+0.00062,+0.00000,+0.00000,0.00000,0.0007,0,1,0,0,0.0000,+0.00000,+0.00000,0.0000,+0.000,+0.000,1.0000,0,1.0000,0,2,+0.000,+0.000,+0.000,+0.00000,-17.773,+0.00006,+0.00,+0.00000,0,+0.00000,+0.00000,0.00000,-4.361,0,186.2,0.0
20.296692,4,2,0.249253,0.249253,0.2490,+0.00025,1,2,0.0260,0,1,+0.67079,+0.06090,0.04006,190.96,+0.00000,+0.00062,+0.00000,+0.00000,0.00000,0.0007,0,1,0,0,0.0000,+0.00000,+0.00000,0.0000,+0.000,+0.000,1.0000,0,1.0000,0,2,+0.000,+0.000,+0.000,+0.00000,-17.773,+0.00006,+0.00,+0.00000,0,+0.00000,+0.00000,0.00000,-4.361,0,186.2,0.0
20.301135,4,2,0.249252,0.249252,0.2490,+0.00025,1,2,0.0260,0,1,+0.67079,+0.06090,0.04006,190.96,+0.00000,+0.00061,+0.00000,+0.00000,0.00000,0.0007,0,1,0,0,0.0000,+0.00000,+0.00000,0.0000,+0.000,+0.000,1.0000,0,1.0000,0,2,+0.000,+0.000,+0.000,+0.00000,-17.773,+0.00006,+0.00,+0.00000,0,+0.00000,+0.00000,0.00000,-4.361,0,186.2,0.0
20.306202,4,2,0.249252,0.249252,0.2490,+0.00025,1,2,0.0260,0,1,+0.67079,+0.06090,0.04006,190.96,+0.00000,+0.00061,+0.00000,+0.00000,0.00000,0.0007,0,1,0,0,0.0000,+0.00000,+0.00000,0.0000,+0.000,+0.000,1.0000,0,1.0000,0,2,+0.000,+0.000,+0.000,+0.00000,-17.773,+0.00006,+0.00,+0.00000,0,+0.00000,+0.00000,0.00000,-4.361,0,186.2,0.0
20.310493,4,2,0.249251,0.249251,0.2490,+0.00025,1,2,0.0260,0,1,+0.67079,+0.06090,0.04006,190.96,+0.00000,+0.00060,+0.00000,+0.00000,0.00000,0.0007,0,1,0,0,0.0000,+0.00000,+0.00000,0.0000,+0.000,+0.000,1.0000,0,1.0000,0,2,+0.000,+0.000,+0.000,+0.00000,-17.773,+0.00006,+0.00,+0.00000,0,+0.00000,+0.00000,0.00000,-4.361,0,186.2,0.0
20.316115,4,2,0.249250,0.249250,0.2490,+0.00025,1,2,0.0260,0,1,+0.67079,+0.06090,0.04006,190.96,+0.00000,+0.00059,+0.00000,+0.00000,0.00000,0.0007,0,1,0,0,0.0000,+0.00000,+0.00000,0.0000,+0.000,+0.000,1.0000,0,1.0000,0,2,+0.000,+0.000,+0.000,+0.00000,-17.773,+0.00006,+0.00,+0.00000,0,+0.00000,+0.00000,0.00000,-4.361,0,186.2,0.0
20.320530,4,2,0.249249,0.249249,0.2490,+0.00025,1,2,0.0260,0,1,+0.67079,+0.06090,0.04006,190.96,+0.00000,+0.00059,+0.00000,+0.00000,0.00000,0.0006,0,1,0,0,0.0000,+0.00000,+0.00000,0.0000,+0.000,+0.000,1.0000,0,1.0000,0,2,+0.000,+0.000,+0.000,+0.00000,-17.773,+0.00006,+0.00,+0.00000,0,+0.00000,+0.00000,0.00000,-4.361,0,186.2,0.0
20.325146,4,2,0.249248,0.249248,0.2490,+0.00025,1,2,0.0260,0,1,+0.67079,+0.06090,0.04006,190.96,+0.00000,+0.00058,+0.00000,+0.00000,0.00000,0.0006,0,1,0,0,0.0000,+0.00000,+0.00000,0.0000,+0.000,+0.000,1.0000,0,1.0000,0,2,+0.000,+0.000,+0.000,+0.00000,-17.773,+0.00006,+0.00,+0.00000,0,+0.00000,+0.00000,0.00000,-4.361,0,186.2,0.0
20.329780,4,2,0.249248,0.249248,0.2490,+0.00025,1,2,0.0260,0,1,+0.67079,+0.06090,0.04006,190.96,+0.00000,+0.00058,+0.00000,+0.00000,0.00000,0.0006,0,1,0,0,0.0000,+0.00000,+0.00000,0.0000,+0.000,+0.000,1.0000,0,1.0000,0,2,+0.000,+0.000,+0.000,+0.00000,-17.773,+0.00006,+0.00,+0.00000,0,+0.00000,+0.00000,0.00000,-4.361,0,186.2,0.0
20.334242,4,2,0.249247,0.249247,0.2490,+0.00025,1,2,0.0260,0,1,+0.67079,+0.06090,0.04006,190.96,+0.00000,+0.00057,+0.00000,+0.00000,0.00000,0.0006,0,1,0,0,0.0000,+0.00000,+0.00000,0.0000,+0.000,+0.000,1.0000,0,1.0000,0,2,+0.000,+0.000,+0.000,+0.00000,-17.773,+0.00006,+0.00,+0.00000,0,+0.00000,+0.00000,0.00000,-4.361,0,186.2,0.0
20.338935,4,2,0.249246,0.249246,0.2490,+0.00025,1,2,0.0260,0,1,+0.67079,+0.06090,0.04006,190.96,+0.00000,+0.00057,+0.00000,+0.00000,0.00000,0.0006,0,1,0,0,0.0000,+0.00000,+0.00000,0.0000,+0.000,+0.000,1.0000,0,1.0000,0,2,+0.000,+0.000,+0.000,+0.00000,-17.773,+0.00006,+0.00,+0.00000,0,+0.00000,+0.00000,0.00000,-4.361,0,186.2,0.0
20.343752,4,2,0.249245,0.249245,0.2490,+0.00025,1,2,0.0260,0,1,+0.67079,+0.06090,0.04006,190.96,+0.00000,+0.00056,+0.00000,+0.00000,0.00000,0.0006,0,1,0,0,0.0000,+0.00000,+0.00000,0.0000,+0.000,+0.000,1.0000,0,1.0000,0,2,+0.000,+0.000,+0.000,+0.00000,-17.773,+0.00006,+0.00,+0.00000,0,+0.00000,+0.00000,0.00000,-4.361,0,186.2,0.0
20.348947,4,2,0.249245,0.249245,0.2490,+0.00024,1,2,0.0260,0,1,+0.67079,+0.06090,0.04006,190.96,+0.00000,+0.00056,+0.00000,+0.00000,0.00000,0.0006,0,1,0,0,0.0000,+0.00000,+0.00000,0.0000,+0.000,+0.000,1.0000,0,1.0000,0,2,+0.000,+0.000,+0.000,+0.00000,-17.773,+0.00006,+0.00,+0.00000,0,+0.00000,+0.00000,0.00000,-4.361,0,186.2,0.0
20.353405,4,2,0.249244,0.249244,0.2490,+0.00024,1,2,0.0260,0,1,+0.67079,+0.06090,0.04006,190.96,+0.00000,+0.00055,+0.00000,+0.00000,0.00000,0.0006,0,1,0,0,0.0000,+0.00000,+0.00000,0.0000,+0.000,+0.000,1.0000,0,1.0000,0,2,+0.000,+0.000,+0.000,+0.00000,-17.773,+0.00006,+0.00,+0.00000,0,+0.00000,+0.00000,0.00000,-4.361,0,186.2,0.0
20.357950,4,2,0.249243,0.249243,0.2490,+0.00024,1,2,0.0260,0,1,+0.67079,+0.06090,0.04006,190.96,+0.00000,+0.00055,+0.00000,+0.00000,0.00000,0.0006,0,1,0,0,0.0000,+0.00000,+0.00000,0.0000,+0.000,+0.000,1.0000,0,1.0000,0,2,+0.000,+0.000,+0.000,+0.00000,-17.773,+0.00006,+0.00,+0.00000,0,+0.00000,+0.00000,0.00000,-4.361,0,186.2,0.0
20.362250,4,2,0.249242,0.249242,0.2490,+0.00024,1,2,0.0260,0,1,+0.67079,+0.06090,0.04006,190.96,+0.00000,+0.00054,+0.00000,+0.00000,0.00000,0.0006,0,1,0,0,0.0000,+0.00000,+0.00000,0.0000,+0.000,+0.000,1.0000,0,1.0000,0,2,+0.000,+0.000,+0.000,+0.00000,-17.773,+0.00006,+0.00,+0.00000,0,+0.00000,+0.00000,0.00000,-4.361,0,186.2,0.0
20.366717,4,2,0.249242,0.249242,0.2490,+0.00024,1,2,0.0260,0,1,+0.67079,+0.06090,0.04006,190.96,+0.00000,+0.00054,+0.00000,+0.00000,0.00000,0.0006,0,1,0,0,0.0000,+0.00000,+0.00000,0.0000,+0.000,+0.000,1.0000,0,1.0000,0,2,+0.000,+0.000,+0.000,+0.00000,-17.773,+0.00006,+0.00,+0.00000,0,+0.00000,+0.00000,0.00000,-4.361,0,186.2,0.0
20.371135,4,2,0.249241,0.249241,0.2490,+0.00024,1,2,0.0260,0,1,+0.67079,+0.06090,0.04006,190.96,+0.00000,+0.00053,+0.00000,+0.00000,0.00000,0.0006,0,1,0,0,0.0000,+0.00000,+0.00000,0.0000,+0.000,+0.000,1.0000,0,1.0000,0,2,+0.000,+0.000,+0.000,+0.00000,-17.773,+0.00006,+0.00,+0.00000,0,+0.00000,+0.00000,0.00000,-4.361,0,186.2,0.0
20.375634,4,2,0.249240,0.249240,0.2490,+0.00024,1,2,0.0260,0,1,+0.67079,+0.06090,0.04006,190.96,+0.00000,+0.00053,+0.00000,+0.00000,0.00000,0.0006,0,1,0,0,0.0000,+0.00000,+0.00000,0.0000,+0.000,+0.000,1.0000,0,1.0000,0,2,+0.000,+0.000,+0.000,+0.00000,-17.773,+0.00006,+0.00,+0.00000,0,+0.00000,+0.00000,0.00000,-4.361,0,186.2,0.0
20.380071,4,2,0.249240,0.249240,0.2490,+0.00024,1,2,0.0260,0,1,+0.67079,+0.06090,0.04006,190.96,+0.00000,+0.00052,+0.00000,+0.00000,0.00000,0.0006,0,1,0,0,0.0000,+0.00000,+0.00000,0.0000,+0.000,+0.000,1.0000,0,1.0000,0,2,+0.000,+0.000,+0.000,+0.00000,-17.773,+0.00006,+0.00,+0.00000,0,+0.00000,+0.00000,0.00000,-4.361,0,186.2,0.0
20.384264,4,2,0.249239,0.249239,0.2490,+0.00024,1,2,0.0260,0,1,+0.67079,+0.06090,0.04006,190.96,+0.00000,+0.00052,+0.00000,+0.00000,0.00000,0.0006,0,1,0,0,0.0000,+0.00000,+0.00000,0.0000,+0.000,+0.000,1.0000,0,1.0000,0,2,+0.000,+0.000,+0.000,+0.00000,-17.773,+0.00006,+0.00,+0.00000,0,+0.00000,+0.00000,0.00000,-4.361,0,186.2,0.0
20.388916,4,2,0.249238,0.249238,0.2490,+0.00024,1,2,0.0260,0,1,+0.67079,+0.06090,0.04006,190.96,+0.00000,+0.00051,+0.00000,+0.00000,0.00000,0.0006,0,1,0,0,0.0000,+0.00000,+0.00000,0.0000,+0.000,+0.000,1.0000,0,1.0000,0,2,+0.000,+0.000,+0.000,+0.00000,-17.773,+0.00006,+0.00,+0.00000,0,+0.00000,+0.00000,0.00000,-4.361,0,186.2,0.0
20.393272,4,2,0.249237,0.249237,0.2490,+0.00024,1,2,0.0260,0,1,+0.67079,+0.06090,0.04006,190.96,+0.00000,+0.00051,+0.00000,+0.00000,0.00000,0.0006,0,1,0,0,0.0000,+0.00000,+0.00000,0.0000,+0.000,+0.000,1.0000,0,1.0000,0,2,+0.000,+0.000,+0.000,+0.00000,-17.773,+0.00006,+0.00,+0.00000,0,+0.00000,+0.00000,0.00000,-4.361,0,186.2,0.0
20.397880,4,2,0.249237,0.249237,0.2490,+0.00024,1,2,0.0260,0,1,+0.67079,+0.06090,0.04006,190.96,+0.00000,+0.00050,+0.00000,+0.00000,0.00000,0.0006,0,1,0,0,0.0000,+0.00000,+0.00000,0.0000,+0.000,+0.000,1.0000,0,1.0000,0,2,+0.000,+0.000,+0.000,+0.00000,-17.773,+0.00006,+0.00,+0.00000,0,+0.00000,+0.00000,0.00000,-4.361,0,186.2,0.0
20.402368,4,2,0.249236,0.249236,0.2490,+0.00024,1,2,0.0260,0,1,+0.67079,+0.06090,0.04006,190.96,+0.00000,+0.00050,+0.00000,+0.00000,0.00000,0.0006,0,1,0,0,0.0000,+0.00000,+0.00000,0.0000,+0.000,+0.000,1.0000,0,1.0000,0,2,+0.000,+0.000,+0.000,+0.00000,-17.773,+0.00006,+0.00,+0.00000,0,+0.00000,+0.00000,0.00000,-4.361,0,186.2,0.0
20.407017,4,2,0.249235,0.249235,0.2490,+0.00024,1,2,0.0260,0,1,+0.67079,+0.06090,0.04006,190.96,+0.00000,+0.00050,+0.00000,+0.00000,0.00000,0.0005,0,1,0,0,0.0000,+0.00000,+0.00000,0.0000,+0.000,+0.000,1.0000,0,1.0000,0,2,+0.000,+0.000,+0.000,+0.00000,-17.773,+0.00006,+0.00,+0.00000,0,+0.00000,+0.00000,0.00000,-4.361,0,186.2,0.0
20.411529,4,2,0.249235,0.249235,0.2490,+0.00023,1,2,0.0260,0,1,+0.67079,+0.06090,0.04006,190.96,+0.00000,+0.00049,+0.00000,+0.00000,0.00000,0.0005,0,1,0,0,0.0000,+0.00000,+0.00000,0.0000,+0.000,+0.000,1.0000,0,1.0000,0,2,+0.000,+0.000,+0.000,+0.00000,-17.773,+0.00006,+0.00,+0.00000,0,+0.00000,+0.00000,0.00000,-4.361,0,186.2,0.0
20.416110,4,2,0.249234,0.249234,0.2490,+0.00023,1,2,0.0260,0,1,+0.67079,+0.06090,0.04006,190.96,+0.00000,+0.00049,+0.00000,+0.00000,0.00000,0.0005,0,1,0,0,0.0000,+0.00000,+0.00000,0.0000,+0.000,+0.000,1.0000,0,1.0000,0,2,+0.000,+0.000,+0.000,+0.00000,-17.773,+0.00006,+0.00,+0.00000,0,+0.00000,+0.00000,0.00000,-4.361,0,186.2,0.0
20.420326,4,2,0.249233,0.249233,0.2490,+0.00023,1,2,0.0260,0,1,+0.67079,+0.06090,0.04006,190.96,+0.00000,+0.00048,+0.00000,+0.00000,0.00000,0.0005,0,1,0,0,0.0000,+0.00000,+0.00000,0.0000,+0.000,+0.000,1.0000,0,1.0000,0,2,+0.000,+0.000,+0.000,+0.00000,-17.773,+0.00006,+0.00,+0.00000,0,+0.00000,+0.00000,0.00000,-4.361,0,186.2,0.0
20.424659,4,2,0.249233,0.249233,0.2490,+0.00023,1,2,0.0260,0,1,+0.67079,+0.06090,0.04006,190.96,+0.00000,+0.00048,+0.00000,+0.00000,0.00000,0.0005,0,1,0,0,0.0000,+0.00000,+0.00000,0.0000,+0.000,+0.000,1.0000,0,1.0000,0,2,+0.000,+0.000,+0.000,+0.00000,-17.773,+0.00006,+0.00,+0.00000,0,+0.00000,+0.00000,0.00000,-4.361,0,186.2,0.0
20.429295,4,2,0.249232,0.249232,0.2490,+0.00023,1,2,0.0260,0,1,+0.67079,+0.06090,0.04006,190.96,+0.00000,+0.00047,+0.00000,+0.00000,0.00000,0.0005,0,1,0,0,0.0000,+0.00000,+0.00000,0.0000,+0.000,+0.000,1.0000,0,1.0000,0,2,+0.000,+0.000,+0.000,+0.00000,-17.773,+0.00006,+0.00,+0.00000,0,+0.00000,+0.00000,0.00000,-4.361,0,186.2,0.0
20.434023,4,2,0.249231,0.249231,0.2490,+0.00023,1,2,0.0260,0,1,+0.67079,+0.06090,0.04006,190.96,+0.00000,+0.00047,+0.00000,+0.00000,0.00000,0.0005,0,1,0,0,0.0000,+0.00000,+0.00000,0.0000,+0.000,+0.000,1.0000,0,1.0000,0,2,+0.000,+0.000,+0.000,+0.00000,-17.773,+0.00006,+0.00,+0.00000,0,+0.00000,+0.00000,0.00000,-4.361,0,186.2,0.0
20.438334,4,2,0.249230,0.249230,0.2490,+0.00023,1,2,0.0260,0,1,+0.67079,+0.06090,0.04006,190.96,+0.00000,+0.00046,+0.00000,+0.00000,0.00000,0.0005,0,1,0,0,0.0000,+0.00000,+0.00000,0.0000,+0.000,+0.000,1.0000,0,1.0000,0,2,+0.000,+0.000,+0.000,+0.00000,-17.773,+0.00006,+0.00,+0.00000,0,+0.00000,+0.00000,0.00000,-4.361,0,186.2,0.0
20.443130,4,2,0.249230,0.249230,0.2490,+0.00023,1,2,0.0260,0,1,+0.67079,+0.06090,0.04006,190.96,+0.00000,+0.00046,+0.00000,+0.00000,0.00000,0.0005,0,1,0,0,0.0000,+0.00000,+0.00000,0.0000,+0.000,+0.000,1.0000,0,1.0000,0,2,+0.000,+0.000,+0.000,+0.00000,-17.773,+0.00006,+0.00,+0.00000,0,+0.00000,+0.00000,0.00000,-4.361,0,186.2,0.0
20.447876,4,2,0.249229,0.249229,0.2490,+0.00023,1,2,0.0260,0,1,+0.67079,+0.06090,0.04006,190.96,+0.00000,+0.00046,+0.00000,+0.00000,0.00000,0.0005,0,1,0,0,0.0000,+0.00000,+0.00000,0.0000,+0.000,+0.000,1.0000,0,1.0000,0,2,+0.000,+0.000,+0.000,+0.00000,-17.773,+0.00006,+0.00,+0.00000,0,+0.00000,+0.00000,0.00000,-4.361,0,186.2,0.0
20.452458,4,2,0.249228,0.249228,0.2490,+0.00023,1,2,0.0260,0,1,+0.67079,+0.06090,0.04006,190.96,+0.00000,+0.00045,+0.00000,+0.00000,0.00000,0.0005,0,1,0,0,0.0000,+0.00000,+0.00000,0.0000,+0.000,+0.000,1.0000,0,1.0000,0,2,+0.000,+0.000,+0.000,+0.00000,-17.773,+0.00006,+0.00,+0.00000,0,+0.00000,+0.00000,0.00000,-4.361,0,186.2,0.0
20.456769,4,2,0.249228,0.249228,0.2490,+0.00023,1,2,0.0260,0,1,+0.67079,+0.06090,0.04006,190.96,+0.00000,+0.00045,+0.00000,+0.00000,0.00000,0.0005,0,1,0,0,0.0000,+0.00000,+0.00000,0.0000,+0.000,+0.000,1.0000,0,1.0000,0,2,+0.000,+0.000,+0.000,+0.00000,-17.773,+0.00006,+0.00,+0.00000,0,+0.00000,+0.00000,0.00000,-4.361,0,186.2,0.0
20.461289,4,2,0.249227,0.249227,0.2490,+0.00023,1,2,0.0260,0,1,+0.67079,+0.06090,0.04006,190.96,+0.00000,+0.00044,+0.00000,+0.00000,0.00000,0.0005,0,1,0,0,0.0000,+0.00000,+0.00000,0.0000,+0.000,+0.000,1.0000,0,1.0000,0,2,+0.000,+0.000,+0.000,+0.00000,-17.773,+0.00006,+0.00,+0.00000,0,+0.00000,+0.00000,0.00000,-4.361,0,186.2,0.0
20.465729,4,2,0.249226,0.249226,0.2490,+0.00023,1,2,0.0260,0,1,+0.67079,+0.06090,0.04006,190.96,+0.00000,+0.00044,+0.00000,+0.00000,0.00000,0.0005,0,1,0,0,0.0000,+0.00000,+0.00000,0.0000,+0.000,+0.000,1.0000,0,1.0000,0,2,+0.000,+0.000,+0.000,+0.00000,-17.773,+0.00006,+0.00,+0.00000,0,+0.00000,+0.00000,0.00000,-4.361,0,186.2,0.0
20.476515,4,2,0.249225,0.249225,0.2490,+0.00022,1,2,0.0260,0,1,+0.67079,+0.06090,0.04006,190.96,+0.00000,+0.00043,+0.00000,+0.00000,0.00000,0.0005,0,1,0,0,0.0000,+0.00000,+0.00000,0.0000,+0.000,+0.000,1.0000,0,1.0000,0,2,+0.000,+0.000,+0.000,+0.00000,-17.773,+0.00006,+0.00,+0.00000,0,+0.00000,+0.00000,0.00000,-4.361,0,186.2,0.0
20.481327,4,2,0.249224,0.249224,0.2490,+0.00022,1,2,0.0260,0,1,+0.67079,+0.06090,0.04006,190.96,+0.00000,+0.00043,+0.00000,+0.00000,0.00000,0.0005,0,1,0,0,0.0000,+0.00000,+0.00000,0.0000,+0.000,+0.000,1.0000,0,1.0000,0,2,+0.000,+0.000,+0.000,+0.00000,-17.773,+0.00006,+0.00,+0.00000,0,+0.00000,+0.00000,0.00000,-4.361,0,186.2,0.0
20.486105,4,2,0.249223,0.249223,0.2490,+0.00022,1,2,0.0260,0,1,+0.67079,+0.06090,0.04006,190.96,+0.00000,+0.00042,+0.00000,+0.00000,0.00000,0.0005,0,1,0,0,0.0000,+0.00000,+0.00000,0.0000,+0.000,+0.000,1.0000,0,1.0000,0,2,+0.000,+0.000,+0.000,+0.00000,-17.773,+0.00006,+0.00,+0.00000,0,+0.00000,+0.00000,0.00000,-4.361,0,186.2,0.0
20.490988,4,2,0.249222,0.249222,0.2490,+0.00022,1,2,0.0260,0,1,+0.67079,+0.06090,0.04006,190.96,+0.00000,+0.00042,+0.00000,+0.00000,0.00000,0.0005,0,1,0,0,0.0000,+0.00000,+0.00000,0.0000,+0.000,+0.000,1.0000,0,1.0000,0,2,+0.000,+0.000,+0.000,+0.00000,-17.773,+0.00006,+0.00,+0.00000,0,+0.00000,+0.00000,0.00000,-4.361,0,186.2,0.0
20.495610,4,2,0.249222,0.249222,0.2490,+0.00022,1,2,0.0260,0,1,+0.67079,+0.06090,0.04006,190.96,+0.00000,+0.00041,+0.00000,+0.00000,0.00000,0.0005,0,1,0,0,0.0000,+0.00000,+0.00000,0.0000,+0.000,+0.000,1.0000,0,1.0000,0,2,+0.000,+0.000,+0.000,+0.00000,-17.773,+0.00006,+0.00,+0.00000,0,+0.00000,+0.00000,0.00000,-4.361,0,186.2,0.0
20.500113,4,2,0.249221,0.249221,0.2490,+0.00022,1,2,0.0260,0,1,+0.67079,+0.06090,0.04006,190.96,+0.00000,+0.00041,+0.00000,+0.00000,0.00000,0.0005,0,1,0,0,0.0000,+0.00000,+0.00000,0.0000,+0.000,+0.000,1.0000,0,1.0000,0,2,+0.000,+0.000,+0.000,+0.00000,-17.773,+0.00006,+0.00,+0.00000,0,+0.00000,+0.00000,0.00000,-4.361,0,186.2,0.0
20.504655,4,2,0.249220,0.249220,0.2490,+0.00022,1,2,0.0260,0,1,+0.67079,+0.06090,0.04006,190.96,+0.00000,+0.00041,+0.00000,+0.00000,0.00000,0.0004,0,1,0,0,0.0000,+0.00000,+0.00000,0.0000,+0.000,+0.000,1.0000,0,1.0000,0,2,+0.000,+0.000,+0.000,+0.00000,-17.773,+0.00006,+0.00,+0.00000,0,+0.00000,+0.00000,0.00000,-4.361,0,186.2,0.0
20.509310,4,2,0.249220,0.249220,0.2490,+0.00022,1,2,0.0260,0,1,+0.67079,+0.06090,0.04006,190.96,+0.00000,+0.00040,+0.00000,+0.00000,0.00000,0.0004,0,1,0,0,0.0000,+0.00000,+0.00000,0.0000,+0.000,+0.000,1.0000,0,1.0000,0,2,+0.000,+0.000,+0.000,+0.00000,-17.773,+0.00006,+0.00,+0.00000,0,+0.00000,+0.00000,0.00000,-4.361,0,186.2,0.0
20.513802,4,2,0.249219,0.249219,0.2490,+0.00022,1,2,0.0260,0,1,+0.67079,+0.06090,0.04006,190.96,+0.00000,+0.00040,+0.00000,+0.00000,0.00000,0.0004,0,1,0,0,0.0000,+0.00000,+0.00000,0.0000,+0.000,+0.000,1.0000,0,1.0000,0,2,+0.000,+0.000,+0.000,+0.00000,-17.773,+0.00006,+0.00,+0.00000,0,+0.00000,+0.00000,0.00000,-4.361,0,186.2,0.0
20.520003,4,2,0.249218,0.249218,0.2490,+0.00022,1,2,0.0260,0,1,+0.67079,+0.06090,0.04006,190.96,+0.00000,+0.00039,+0.00000,+0.00000,0.00000,0.0004,0,1,0,0,0.0000,+0.00000,+0.00000,0.0000,+0.000,+0.000,1.0000,0,1.0000,0,2,+0.000,+0.000,+0.000,+0.00000,-17.773,+0.00006,+0.00,+0.00000,0,+0.00000,+0.00000,0.00000,-4.361,0,186.2,0.0
20.525100,4,2,0.249217,0.249217,0.2490,+0.00022,1,2,0.0260,0,1,+0.67079,+0.06090,0.04006,190.96,+0.00000,+0.00039,+0.00000,+0.00000,0.00000,0.0004,0,1,0,0,0.0000,+0.00000,+0.00000,0.0000,+0.000,+0.000,1.0000,0,1.0000,0,2,+0.000,+0.000,+0.000,+0.00000,-17.772,+0.00006,+0.00,+0.00000,0,+0.00000,+0.00000,0.00000,-4.361,0,186.2,0.0
20.529869,4,2,0.249217,0.249217,0.2490,+0.00022,1,2,0.0260,0,1,+0.67079,+0.06090,0.04006,190.96,+0.00000,+0.00039,+0.00000,+0.00000,0.00000,0.0004,0,1,0,0,0.0000,+0.00000,+0.00000,0.0000,+0.000,+0.000,1.0000,0,1.0000,0,2,+0.000,+0.000,+0.000,+0.00000,-17.772,+0.00006,+0.00,+0.00000,0,+0.00000,+0.00000,0.00000,-4.361,0,186.2,0.0
20.534734,4,2,0.249216,0.249216,0.2490,+0.00022,1,2,0.0260,0,1,+0.67079,+0.06090,0.04006,190.96,+0.00000,+0.00038,+0.00000,+0.00000,0.00000,0.0004,0,1,0,0,0.0000,+0.00000,+0.00000,0.0000,+0.000,+0.000,1.0000,0,1.0000,0,2,+0.000,+0.000,+0.000,+0.00000,-17.772,+0.00006,+0.00,+0.00000,0,+0.00000,+0.00000,0.00000,-4.361,0,186.2,0.0
20.539544,4,2,0.249215,0.249215,0.2490,+0.00022,1,2,0.0260,0,1,+0.67079,+0.06090,0.04006,190.96,+0.00000,+0.00038,+0.00000,+0.00000,0.00000,0.0004,0,1,0,0,0.0000,+0.00000,+0.00000,0.0000,+0.000,+0.000,1.0000,0,1.0000,0,2,+0.000,+0.000,+0.000,+0.00000,-17.772,+0.00006,+0.00,+0.00000,0,+0.00000,+0.00000,0.00000,-4.361,0,186.2,0.0
20.544080,4,2,0.249215,0.249215,0.2490,+0.00021,1,2,0.0260,0,1,+0.67079,+0.06090,0.04006,190.96,+0.00000,+0.00038,+0.00000,+0.00000,0.00000,0.0004,0,1,0,0,0.0000,+0.00000,+0.00000,0.0000,+0.000,+0.000,1.0000,0,1.0000,0,2,+0.000,+0.000,+0.000,+0.00000,-17.772,+0.00006,+0.00,+0.00000,0,+0.00000,+0.00000,0.00000,-4.361,0,186.2,0.0
20.548859,4,2,0.249214,0.249214,0.2490,+0.00021,1,2,0.0260,0,1,+0.67079,+0.06090,0.04006,190.96,+0.00000,+0.00037,+0.00000,+0.00000,0.00000,0.0004,0,1,0,0,0.0000,+0.00000,+0.00000,0.0000,+0.000,+0.000,1.0000,0,1.0000,0,2,+0.000,+0.000,+0.000,+0.00000,-17.772,+0.00006,+0.00,+0.00000,0,+0.00000,+0.00000,0.00000,-4.361,0,186.2,0.0
20.554233,4,2,0.249213,0.249213,0.2490,+0.00021,1,2,0.0260,0,1,+0.67079,+0.06090,0.04006,190.96,+0.00000,+0.00037,+0.00000,+0.00000,0.00000,0.0004,0,1,0,0,0.0000,+0.00000,+0.00000,0.0000,+0.000,+0.000,1.0000,0,1.0000,0,2,+0.000,+0.000,+0.000,+0.00000,-17.772,+0.00006,+0.00,+0.00000,0,+0.00000,+0.00000,0.00000,-4.361,0,186.2,0.0
20.558522,4,2,0.249213,0.249213,0.2490,+0.00021,1,2,0.0260,0,1,+0.67079,+0.06090,0.04006,190.96,+0.00000,+0.00037,+0.00000,+0.00000,0.00000,0.0004,0,1,0,0,0.0000,+0.00000,+0.00000,0.0000,+0.000,+0.000,1.0000,0,1.0000,0,2,+0.000,+0.000,+0.000,+0.00000,-17.772,+0.00006,+0.00,+0.00000,0,+0.00000,+0.00000,0.00000,-4.361,0,186.2,0.0
20.563293,4,2,0.249212,0.249212,0.2490,+0.00021,1,2,0.0260,0,1,+0.67079,+0.06090,0.04006,190.96,+0.00000,+0.00036,+0.00000,+0.00000,0.00000,0.0004,0,1,0,0,0.0000,+0.00000,+0.00000,0.0000,+0.000,+0.000,1.0000,0,1.0000,0,2,+0.000,+0.000,+0.000,+0.00000,-17.772,+0.00006,+0.00,+0.00000,0,+0.00000,+0.00000,0.00000,-4.361,0,186.2,0.0
20.568083,4,2,0.249211,0.249211,0.2490,+0.00021,1,2,0.0260,0,1,+0.67079,+0.06090,0.04006,190.96,+0.00000,+0.00036,+0.00000,+0.00000,0.00000,0.0004,0,1,0,0,0.0000,+0.00000,+0.00000,0.0000,+0.000,+0.000,1.0000,0,1.0000,0,2,+0.000,+0.000,+0.000,+0.00000,-17.772,+0.00006,+0.00,+0.00000,0,+0.00000,+0.00000,0.00000,-4.361,0,186.2,0.0
20.572541,4,2,0.249211,0.249211,0.2490,+0.00021,1,2,0.0260,0,1,+0.67079,+0.06090,0.04006,190.96,+0.00000,+0.00036,+0.00000,+0.00000,0.00000,0.0004,0,1,0,0,0.0000,+0.00000,+0.00000,0.0000,+0.000,+0.000,1.0000,0,1.0000,0,2,+0.000,+0.000,+0.000,+0.00000,-17.772,+0.00006,+0.00,+0.00000,0,+0.00000,+0.00000,0.00000,-4.361,0,186.2,0.0
20.577346,4,2,0.249210,0.249210,0.2490,+0.00021,1,2,0.0260,0,1,+0.67079,+0.06090,0.04006,190.96,+0.00000,+0.00035,+0.00000,+0.00000,0.00000,0.0004,0,1,0,0,0.0000,+0.00000,+0.00000,0.0000,+0.000,+0.000,1.0000,0,1.0000,0,2,+0.000,+0.000,+0.000,+0.00000,-17.772,+0.00006,+0.00,+0.00000,0,+0.00000,+0.00000,0.00000,-4.361,0,186.2,0.0
20.582918,4,2,0.249209,0.249209,0.2490,+0.00021,1,2,0.0260,0,1,+0.67079,+0.06090,0.04006,190.96,+0.00000,+0.00035,+0.00000,+0.00000,0.00000,0.0004,0,1,0,0,0.0000,+0.00000,+0.00000,0.0000,+0.000,+0.000,1.0000,0,1.0000,0,2,+0.000,+0.000,+0.000,+0.00000,-17.772,+0.00006,+0.00,+0.00000,0,+0.00000,+0.00000,0.00000,-4.361,0,186.2,0.0
20.587818,4,2,0.249209,0.249209,0.2490,+0.00021,1,2,0.0260,0,1,+0.67079,+0.06090,0.04006,190.96,+0.00000,+0.00034,+0.00000,+0.00000,0.00000,0.0004,0,1,0,0,0.0000,+0.00000,+0.00000,0.0000,+0.000,+0.000,1.0000,0,1.0000,0,2,+0.000,+0.000,+0.000,+0.00000,-17.772,+0.00006,+0.00,+0.00000,0,+0.00000,+0.00000,0.00000,-4.361,0,186.2,0.0
20.592456,4,2,0.249208,0.249208,0.2490,+0.00021,1,2,0.0260,0,1,+0.67079,+0.06090,0.04006,190.96,+0.00000,+0.00034,+0.00000,+0.00000,0.00000,0.0004,0,1,0,0,0.0000,+0.00000,+0.00000,0.0000,+0.000,+0.000,1.0000,0,1.0000,0,2,+0.000,+0.000,+0.000,+0.00000,-17.772,+0.00006,+0.00,+0.00000,0,+0.00000,+0.00000,0.00000,-4.361,0,186.2,0.0
20.597437,4,2,0.249207,0.249207,0.2490,+0.00021,1,2,0.0260,0,1,+0.67079,+0.06090,0.04006,190.96,+0.00000,+0.00034,+0.00000,+0.00000,0.00000,0.0004,0,1,0,0,0.0000,+0.00000,+0.00000,0.0000,+0.000,+0.000,1.0000,0,1.0000,0,2,+0.000,+0.000,+0.000,+0.00000,-17.772,+0.00006,+0.00,+0.00000,0,+0.00000,+0.00000,0.00000,-4.361,0,186.2,0.0
20.602209,4,2,0.249207,0.249207,0.2490,+0.00021,1,2,0.0260,0,1,+0.67079,+0.06090,0.04006,190.96,+0.00000,+0.00034,+0.00000,+0.00000,0.00000,0.0004,0,1,0,0,0.0000,+0.00000,+0.00000,0.0000,+0.000,+0.000,1.0000,0,1.0000,0,2,+0.000,+0.000,+0.000,+0.00000,-17.772,+0.00006,+0.00,+0.00000,0,+0.00000,+0.00000,0.00000,-4.361,0,186.2,0.0
20.606748,4,2,0.249206,0.249206,0.2490,+0.00021,1,2,0.0260,0,1,+0.67079,+0.06090,0.04006,190.96,+0.00000,+0.00033,+0.00000,+0.00000,0.00000,0.0004,0,1,0,0,0.0000,+0.00000,+0.00000,0.0000,+0.000,+0.000,1.0000,0,1.0000,0,2,+0.000,+0.000,+0.000,+0.00000,-17.772,+0.00006,+0.00,+0.00000,0,+0.00000,+0.00000,0.00000,-4.361,0,186.2,0.0
20.611335,4,2,0.249205,0.249205,0.2490,+0.00021,1,2,0.0260,0,1,+0.67079,+0.06090,0.04006,190.96,+0.00000,+0.00033,+0.00000,+0.00000,0.00000,0.0004,0,1,0,0,0.0000,+0.00000,+0.00000,0.0000,+0.000,+0.000,1.0000,0,1.0000,0,2,+0.000,+0.000,+0.000,+0.00000,-17.772,+0.00006,+0.00,+0.00000,0,+0.00000,+0.00000,0.00000,-4.361,0,186.2,0.0
20.616445,4,2,0.249205,0.249205,0.2490,+0.00020,1,2,0.0260,0,1,+0.67079,+0.06090,0.04006,190.96,+0.00000,+0.00033,+0.00000,+0.00000,0.00000,0.0004,0,1,0,0,0.0000,+0.00000,+0.00000,0.0000,+0.000,+0.000,1.0000,0,1.0000,0,2,+0.000,+0.000,+0.000,+0.00000,-17.772,+0.00006,+0.00,+0.00000,0,+0.00000,+0.00000,0.00000,-4.361,0,186.2,0.0
20.621256,4,2,0.249204,0.249204,0.2490,+0.00020,1,2,0.0260,0,1,+0.67079,+0.06090,0.04006,190.96,+0.00000,+0.00032,+0.00000,+0.00000,0.00000,0.0004,0,1,0,0,0.0000,+0.00000,+0.00000,0.0000,+0.000,+0.000,1.0000,0,1.0000,0,2,+0.000,+0.000,+0.000,+0.00000,-17.772,+0.00006,+0.00,+0.00000,0,+0.00000,+0.00000,0.00000,-4.361,0,186.2,0.0
20.630508,4,2,0.249203,0.249203,0.2490,+0.00020,1,2,0.0260,0,1,+0.67079,+0.06090,0.04006,190.96,+0.00000,+0.00032,+0.00000,+0.00000,0.00000,0.0003,0,1,0,0,0.0000,+0.00000,+0.00000,0.0000,+0.000,+0.000,1.0000,0,1.0000,0,2,+0.000,+0.000,+0.000,+0.00000,-17.772,+0.00006,+0.00,+0.00000,0,+0.00000,+0.00000,0.00000,-4.361,0,186.2,0.0
20.636785,4,2,0.249202,0.249202,0.2490,+0.00020,1,2,0.0260,0,1,+0.67079,+0.06090,0.04006,190.96,+0.00000,+0.00031,+0.00000,+0.00000,0.00000,0.0003,0,1,0,0,0.0000,+0.00000,+0.00000,0.0000,+0.000,+0.000,1.0000,0,1.0000,0,2,+0.000,+0.000,+0.000,+0.00000,-17.772,+0.00006,+0.00,+0.00000,0,+0.00000,+0.00000,0.00000,-4.361,0,186.2,0.0
20.644084,4,2,0.249201,0.249201,0.2490,+0.00020,1,2,0.0260,0,1,+0.67079,+0.06090,0.04006,190.96,+0.00000,+0.00031,+0.00000,+0.00000,0.00000,0.0003,0,1,0,0,0.0000,+0.00000,+0.00000,0.0000,+0.000,+0.000,1.0000,0,1.0000,0,2,+0.000,+0.000,+0.000,+0.00000,-17.772,+0.00006,+0.00,+0.00000,0,+0.00000,+0.00000,0.00000,-4.361,0,186.2,0.0
20.649964,4,2,0.249200,0.249200,0.2490,+0.00020,1,2,0.0260,0,1,+0.67079,+0.06090,0.04006,190.96,+0.00000,+0.00030,+0.00000,+0.00000,0.00000,0.0003,0,1,0,0,0.0000,+0.00000,+0.00000,0.0000,+0.000,+0.000,1.0000,0,1.0000,0,2,+0.000,+0.000,+0.000,+0.00000,-17.772,+0.00006,+0.00,+0.00000,0,+0.00000,+0.00000,0.00000,-4.361,0,186.2,0.0
20.654493,4,2,0.249199,0.249199,0.2490,+0.00020,1,2,0.0260,0,1,+0.67079,+0.06090,0.04006,190.96,+0.00000,+0.00030,+0.00000,+0.00000,0.00000,0.0003,0,1,0,0,0.0000,+0.00000,+0.00000,0.0000,+0.000,+0.000,1.0000,0,1.0000,0,2,+0.000,+0.000,+0.000,+0.00000,-17.772,+0.00006,+0.00,+0.00000,0,+0.00000,+0.00000,0.00000,-4.361,0,186.2,0.0
20.659009,4,2,0.249199,0.249199,0.2490,+0.00020,1,2,0.0260,0,1,+0.67079,+0.06090,0.04006,190.96,+0.00000,+0.00030,+0.00000,+0.00000,0.00000,0.0003,0,1,0,0,0.0000,+0.00000,+0.00000,0.0000,+0.000,+0.000,1.0000,0,1.0000,0,2,+0.000,+0.000,+0.000,+0.00000,-17.772,+0.00006,+0.00,+0.00000,0,+0.00000,+0.00000,0.00000,-4.361,0,186.2,0.0
20.663486,4,2,0.249198,0.249198,0.2490,+0.00020,1,2,0.0260,0,1,+0.67079,+0.06090,0.04006,190.96,+0.00000,+0.00030,+0.00000,+0.00000,0.00000,0.0003,0,1,0,0,0.0000,+0.00000,+0.00000,0.0000,+0.000,+0.000,1.0000,0,1.0000,0,2,+0.000,+0.000,+0.000,+0.00000,-17.772,+0.00006,+0.00,+0.00000,0,+0.00000,+0.00000,0.00000,-4.361,0,186.2,0.0
20.668053,4,2,0.249198,0.249198,0.2490,+0.00020,1,2,0.0260,0,1,+0.67079,+0.06090,0.04006,190.96,+0.00000,+0.00029,+0.00000,+0.00000,0.00000,0.0003,0,1,0,0,0.0000,+0.00000,+0.00000,0.0000,+0.000,+0.000,1.0000,0,1.0000,0,2,+0.000,+0.000,+0.000,+0.00000,-17.772,+0.00006,+0.00,+0.00000,0,+0.00000,+0.00000,0.00000,-4.361,0,186.2,0.0
20.672487,4,2,0.249197,0.249197,0.2490,+0.00020,1,2,0.0260,0,1,+0.67079,+0.06090,0.04006,190.96,+0.00000,+0.00029,+0.00000,+0.00000,0.00000,0.0003,0,1,0,0,0.0000,+0.00000,+0.00000,0.0000,+0.000,+0.000,1.0000,0,1.0000,0,2,+0.000,+0.000,+0.000,+0.00000,-17.772,+0.00006,+0.00,+0.00000,0,+0.00000,+0.00000,0.00000,-4.361,0,186.2,0.0
20.677563,4,2,0.249196,0.249196,0.2490,+0.00020,1,2,0.0260,0,1,+0.67079,+0.06090,0.04006,190.96,+0.00000,+0.00029,+0.00000,+0.00000,0.00000,0.0003,0,1,0,0,0.0000,+0.00000,+0.00000,0.0000,+0.000,+0.000,1.0000,0,1.0000,0,2,+0.000,+0.000,+0.000,+0.00000,-17.772,+0.00006,+0.00,+0.00000,0,+0.00000,+0.00000,0.00000,-4.361,0,186.2,0.0
20.682230,4,2,0.249196,0.249196,0.2490,+0.00020,1,2,0.0260,0,1,+0.67079,+0.06090,0.04006,190.96,+0.00000,+0.00029,+0.00000,+0.00000,0.00000,0.0003,0,1,0,0,0.0000,+0.00000,+0.00000,0.0000,+0.000,+0.000,1.0000,0,1.0000,0,2,+0.000,+0.000,+0.000,+0.00000,-17.772,+0.00006,+0.00,+0.00000,0,+0.00000,+0.00000,0.00000,-4.361,0,186.2,0.0
20.686561,4,2,0.249195,0.249195,0.2490,+0.00020,1,2,0.0260,0,1,+0.67079,+0.06090,0.04006,190.96,+0.00000,+0.00028,+0.00000,+0.00000,0.00000,0.0003,0,1,0,0,0.0000,+0.00000,+0.00000,0.0000,+0.000,+0.000,1.0000,0,1.0000,0,2,+0.000,+0.000,+0.000,+0.00000,-17.772,+0.00006,+0.00,+0.00000,0,+0.00000,+0.00000,0.00000,-4.361,0,186.2,0.0
20.691101,4,2,0.249195,0.249195,0.2490,+0.00019,1,2,0.0260,0,1,+0.67079,+0.06090,0.04006,190.96,+0.00000,+0.00028,+0.00000,+0.00000,0.00000,0.0003,0,1,0,0,0.0000,+0.00000,+0.00000,0.0000,+0.000,+0.000,1.0000,0,1.0000,0,2,+0.000,+0.000,+0.000,+0.00000,-17.772,+0.00006,+0.00,+0.00000,0,+0.00000,+0.00000,0.00000,-4.361,0,186.2,0.0
20.695532,4,2,0.249194,0.249194,0.2490,+0.00019,1,2,0.0260,0,1,+0.67079,+0.06090,0.04006,190.96,+0.00000,+0.00028,+0.00000,+0.00000,0.00000,0.0003,0,1,0,0,0.0000,+0.00000,+0.00000,0.0000,+0.000,+0.000,1.0000,0,1.0000,0,2,+0.000,+0.000,+0.000,+0.00000,-17.772,+0.00006,+0.00,+0.00000,0,+0.00000,+0.00000,0.00000,-4.361,0,186.2,0.0
20.700209,4,2,0.249194,0.249194,0.2490,+0.00019,1,2,0.0260,0,1,+0.67079,+0.06090,0.04006,190.96,+0.00000,+0.00028,+0.00000,+0.00000,0.00000,0.0003,0,1,0,0,0.0000,+0.00000,+0.00000,0.0000,+0.000,+0.000,1.0000,0,1.0000,0,2,+0.000,+0.000,+0.000,+0.00000,-17.772,+0.00006,+0.00,+0.00000,0,+0.00000,+0.00000,0.00000,-4.361,0,186.2,0.0
20.704920,4,2,0.249193,0.249193,0.2490,+0.00019,1,2,0.0260,0,1,+0.67079,+0.06090,0.04006,190.96,+0.00000,+0.00027,+0.00000,+0.00000,0.00000,0.0003,0,1,0,0,0.0000,+0.00000,+0.00000,0.0000,+0.000,+0.000,1.0000,0,1.0000,0,2,+0.000,+0.000,+0.000,+0.00000,-17.772,+0.00006,+0.00,+0.00000,0,+0.00000,+0.00000,0.00000,-4.361,0,186.2,0.0
20.709463,4,2,0.249192,0.249192,0.2490,+0.00019,1,2,0.0260,0,1,+0.67079,+0.06090,0.04006,190.96,+0.00000,+0.00027,+0.00000,+0.00000,0.00000,0.0003,0,1,0,0,0.0000,+0.00000,+0.00000,0.0000,+0.000,+0.000,1.0000,0,1.0000,0,2,+0.000,+0.000,+0.000,+0.00000,-17.772,+0.00006,+0.00,+0.00000,0,+0.00000,+0.00000,0.00000,-4.361,0,186.2,0.0
20.713864,4,2,0.249192,0.249192,0.2490,+0.00019,1,2,0.0260,0,1,+0.67079,+0.06090,0.04006,190.96,+0.00000,+0.00027,+0.00000,+0.00000,0.00000,0.0003,0,1,0,0,0.0000,+0.00000,+0.00000,0.0000,+0.000,+0.000,1.0000,0,1.0000,0,2,+0.000,+0.000,+0.000,+0.00000,-17.772,+0.00006,+0.00,+0.00000,0,+0.00000,+0.00000,0.00000,-4.361,0,186.2,0.0
20.718582,4,2,0.249191,0.249191,0.2490,+0.00019,1,2,0.0260,0,1,+0.67079,+0.06090,0.04006,190.96,+0.00000,+0.00027,+0.00000,+0.00000,0.00000,0.0003,0,1,0,0,0.0000,+0.00000,+0.00000,0.0000,+0.000,+0.000,1.0000,0,1.0000,0,2,+0.000,+0.000,+0.000,+0.00000,-17.772,+0.00006,+0.00,+0.00000,0,+0.00000,+0.00000,0.00000,-4.361,0,186.2,0.0
20.723155,4,2,0.249191,0.249191,0.2490,+0.00019,1,2,0.0260,0,1,+0.67079,+0.06090,0.04006,190.96,+0.00000,+0.00026,+0.00000,+0.00000,0.00000,0.0003,0,1,0,0,0.0000,+0.00000,+0.00000,0.0000,+0.000,+0.000,1.0000,0,1.0000,0,2,+0.000,+0.000,+0.000,+0.00000,-17.772,+0.00006,+0.00,+0.00000,0,+0.00000,+0.00000,0.00000,-4.361,0,186.2,0.0
20.727653,4,2,0.249190,0.249190,0.2490,+0.00019,1,2,0.0260,0,1,+0.67079,+0.06090,0.04006,190.96,+0.00000,+0.00026,+0.00000,+0.00000,0.00000,0.0003,0,1,0,0,0.0000,+0.00000,+0.00000,0.0000,+0.000,+0.000,1.0000,0,1.0000,0,2,+0.000,+0.000,+0.000,+0.00000,-17.772,+0.00006,+0.00,+0.00000,0,+0.00000,+0.00000,0.00000,-4.361,0,186.2,0.0
20.732258,4,2,0.249189,0.249189,0.2490,+0.00019,1,2,0.0260,0,1,+0.67079,+0.06090,0.04006,190.96,+0.00000,+0.00026,+0.00000,+0.00000,0.00000,0.0003,0,1,0,0,0.0000,+0.00000,+0.00000,0.0000,+0.000,+0.000,1.0000,0,1.0000,0,2,+0.000,+0.000,+0.000,+0.00000,-17.772,+0.00006,+0.00,+0.00000,0,+0.00000,+0.00000,0.00000,-4.361,0,186.2,0.0
20.736669,4,2,0.249189,0.249189,0.2490,+0.00019,1,2,0.0260,0,1,+0.67079,+0.06090,0.04006,190.96,+0.00000,+0.00026,+0.00000,+0.00000,0.00000,0.0003,0,1,0,0,0.0000,+0.00000,+0.00000,0.0000,+0.000,+0.000,1.0000,0,1.0000,0,2,+0.000,+0.000,+0.000,+0.00000,-17.772,+0.00006,+0.00,+0.00000,0,+0.00000,+0.00000,0.00000,-4.361,0,186.2,0.0
20.741250,4,2,0.249188,0.249188,0.2490,+0.00019,1,2,0.0260,0,1,+0.67079,+0.06090,0.04006,190.96,+0.00000,+0.00025,+0.00000,+0.00000,0.00000,0.0003,0,1,0,0,0.0000,+0.00000,+0.00000,0.0000,+0.000,+0.000,1.0000,0,1.0000,0,2,+0.000,+0.000,+0.000,+0.00000,-17.772,+0.00006,+0.00,+0.00000,0,+0.00000,+0.00000,0.00000,-4.361,0,186.2,0.0
20.745759,4,2,0.249188,0.249188,0.2490,+0.00019,1,2,0.0260,0,1,+0.67079,+0.06090,0.04006,190.96,+0.00000,+0.00025,+0.00000,+0.00000,0.00000,0.0003,0,1,0,0,0.0000,+0.00000,+0.00000,0.0000,+0.000,+0.000,1.0000,0,1.0000,0,2,+0.000,+0.000,+0.000,+0.00000,-17.772,+0.00006,+0.00,+0.00000,0,+0.00000,+0.00000,0.00000,-4.361,0,186.2,0.0
20.750237,4,2,0.249187,0.249187,0.2490,+0.00019,1,2,0.0260,0,1,+0.67079,+0.06090,0.04006,190.96,+0.00000,+0.00025,+0.00000,+0.00000,0.00000,0.0003,0,1,0,0,0.0000,+0.00000,+0.00000,0.0000,+0.000,+0.000,1.0000,0,1.0000,0,2,+0.000,+0.000,+0.000,+0.00000,-17.772,+0.00006,+0.00,+0.00000,0,+0.00000,+0.00000,0.00000,-4.360,0,186.2,0.0
20.754791,4,2,0.249187,0.249187,0.2490,+0.00019,1,2,0.0260,0,1,+0.67079,+0.06090,0.04006,190.96,+0.00000,+0.00025,+0.00000,+0.00000,0.00000,0.0003,0,1,0,0,0.0000,+0.00000,+0.00000,0.0000,+0.000,+0.000,1.0000,0,1.0000,0,2,+0.000,+0.000,+0.000,+0.00000,-17.772,+0.00006,+0.00,+0.00000,0,+0.00000,+0.00000,0.00000,-4.360,0,186.2,0.0
20.759614,4,2,0.249186,0.249186,0.2490,+0.00019,1,2,0.0260,0,1,+0.67079,+0.06090,0.04006,190.96,+0.00000,+0.00024,+0.00000,+0.00000,0.00000,0.0003,0,1,0,0,0.0000,+0.00000,+0.00000,0.0000,+0.000,+0.000,1.0000,0,1.0000,0,2,+0.000,+0.000,+0.000,+0.00000,-17.772,+0.00006,+0.00,+0.00000,0,+0.00000,+0.00000,0.00000,-4.360,0,186.2,0.0
20.764030,4,2,0.249185,0.249185,0.2490,+0.00019,1,2,0.0260,0,1,+0.67079,+0.06090,0.04006,190.96,+0.00000,+0.00024,+0.00000,+0.00000,0.00000,0.0003,0,1,0,0,0.0000,+0.00000,+0.00000,0.0000,+0.000,+0.000,1.0000,0,1.0000,0,2,+0.000,+0.000,+0.000,+0.00000,-17.772,+0.00006,+0.00,+0.00000,0,+0.00000,+0.00000,0.00000,-4.360,0,186.2,0.0
20.768417,4,2,0.249185,0.249185,0.2490,+0.00018,1,2,0.0260,0,1,+0.67079,+0.06090,0.04006,190.96,+0.00000,+0.00024,+0.00000,+0.00000,0.00000,0.0003,0,1,0,0,0.0000,+0.00000,+0.00000,0.0000,+0.000,+0.000,1.0000,0,1.0000,0,2,+0.000,+0.000,+0.000,+0.00000,-17.772,+0.00006,+0.00,+0.00000,0,+0.00000,+0.00000,0.00000,-4.360,0,186.2,0.0
20.773244,4,2,0.249184,0.249184,0.2490,+0.00018,1,2,0.0260,0,1,+0.67079,+0.06090,0.04006,190.96,+0.00000,+0.00024,+0.00000,+0.00000,0.00000,0.0003,0,1,0,0,0.0000,+0.00000,+0.00000,0.0000,+0.000,+0.000,1.0000,0,1.0000,0,2,+0.000,+0.000,+0.000,+0.00000,-17.772,+0.00006,+0.00,+0.00000,0,+0.00000,+0.00000,0.00000,-4.360,0,186.2,0.0
20.778090,4,2,0.249184,0.249184,0.2490,+0.00018,1,2,0.0260,0,1,+0.67079,+0.06090,0.04006,190.96,+0.00000,+0.00024,+0.00000,+0.00000,0.00000,0.0003,0,1,0,0,0.0000,+0.00000,+0.00000,0.0000,+0.000,+0.000,1.0000,0,1.0000,0,2,+0.000,+0.000,+0.000,+0.00000,-17.772,+0.00006,+0.00,+0.00000,0,+0.00000,+0.00000,0.00000,-4.360,0,186.2,0.0
20.782542,4,2,0.249183,0.249183,0.2490,+0.00018,1,2,0.0260,0,1,+0.67079,+0.06090,0.04006,190.96,+0.00000,+0.00023,+0.00000,+0.00000,0.00000,0.0003,0,1,0,0,0.0000,+0.00000,+0.00000,0.0000,+0.000,+0.000,1.0000,0,1.0000,0,2,+0.000,+0.000,+0.000,+0.00000,-17.772,+0.00006,+0.00,+0.00000,0,+0.00000,+0.00000,0.00000,-4.360,0,186.2,0.0
20.787177,4,2,0.249183,0.249183,0.2490,+0.00018,1,2,0.0260,0,1,+0.67079,+0.06090,0.04006,190.96,+0.00000,+0.00023,+0.00000,+0.00000,0.00000,0.0003,0,1,0,0,0.0000,+0.00000,+0.00000,0.0000,+0.000,+0.000,1.0000,0,1.0000,0,2,+0.000,+0.000,+0.000,+0.00000,-17.772,+0.00006,+0.00,+0.00000,0,+0.00000,+0.00000,0.00000,-4.360,0,186.2,0.0
20.791790,4,2,0.249182,0.249182,0.2490,+0.00018,1,2,0.0260,0,1,+0.67079,+0.06090,0.04006,190.96,+0.00000,+0.00023,+0.00000,+0.00000,0.00000,0.0003,0,1,0,0,0.0000,+0.00000,+0.00000,0.0000,+0.000,+0.000,1.0000,0,1.0000,0,2,+0.000,+0.000,+0.000,+0.00000,-17.772,+0.00006,+0.00,+0.00000,0,+0.00000,+0.00000,0.00000,-4.360,0,186.2,0.0
20.796401,4,2,0.249181,0.249181,0.2490,+0.00018,1,2,0.0260,0,1,+0.67079,+0.06090,0.04006,190.96,+0.00000,+0.00023,+0.00000,+0.00000,0.00000,0.0003,0,1,0,0,0.0000,+0.00000,+0.00000,0.0000,+0.000,+0.000,1.0000,0,1.0000,0,2,+0.000,+0.000,+0.000,+0.00000,-17.772,+0.00006,+0.00,+0.00000,0,+0.00000,+0.00000,0.00000,-4.360,0,186.2,0.0
20.801245,4,2,0.249181,0.249181,0.2490,+0.00018,1,2,0.0260,0,1,+0.67079,+0.06090,0.04006,190.96,+0.00000,+0.00023,+0.00000,+0.00000,0.00000,0.0002,0,1,0,0,0.0000,+0.00000,+0.00000,0.0000,+0.000,+0.000,1.0000,0,1.0000,0,2,+0.000,+0.000,+0.000,+0.00000,-17.772,+0.00006,+0.00,+0.00000,0,+0.00000,+0.00000,0.00000,-4.360,0,186.2,0.0
20.805776,4,2,0.249180,0.249180,0.2490,+0.00018,1,2,0.0260,0,1,+0.67079,+0.06090,0.04006,190.96,+0.00000,+0.00022,+0.00000,+0.00000,0.00000,0.0002,0,1,0,0,0.0000,+0.00000,+0.00000,0.0000,+0.000,+0.000,1.0000,0,1.0000,0,2,+0.000,+0.000,+0.000,+0.00000,-17.772,+0.00006,+0.00,+0.00000,0,+0.00000,+0.00000,0.00000,-4.360,0,186.2,0.0
20.810165,4,2,0.249180,0.249180,0.2490,+0.00018,1,2,0.0260,0,1,+0.67079,+0.06090,0.04006,190.96,+0.00000,+0.00022,+0.00000,+0.00000,0.00000,0.0002,0,1,0,0,0.0000,+0.00000,+0.00000,0.0000,+0.000,+0.000,1.0000,0,1.0000,0,2,+0.000,+0.000,+0.000,+0.00000,-17.772,+0.00006,+0.00,+0.00000,0,+0.00000,+0.00000,0.00000,-4.360,0,186.2,0.0
20.818093,4,2,0.249179,0.249179,0.2490,+0.00018,1,2,0.0260,0,1,+0.67079,+0.06090,0.04006,190.96,+0.00000,+0.00022,+0.00000,+0.00000,0.00000,0.0002,0,1,0,0,0.0000,+0.00000,+0.00000,0.0000,+0.000,+0.000,1.0000,0,1.0000,0,2,+0.000,+0.000,+0.000,+0.00000,-17.772,+0.00006,+0.00,+0.00000,0,+0.00000,+0.00000,0.00000,-4.360,0,186.2,0.0
20.822699,4,2,0.249178,0.249178,0.2490,+0.00018,1,2,0.0260,0,1,+0.67079,+0.06090,0.04006,190.96,+0.00000,+0.00022,+0.00000,+0.00000,0.00000,0.0002,0,1,0,0,0.0000,+0.00000,+0.00000,0.0000,+0.000,+0.000,1.0000,0,1.0000,0,2,+0.000,+0.000,+0.000,+0.00000,-17.772,+0.00006,+0.00,+0.00000,0,+0.00000,+0.00000,0.00000,-4.360,0,186.2,0.0
20.827201,4,2,0.249178,0.249178,0.2490,+0.00018,1,2,0.0260,0,1,+0.67079,+0.06090,0.04006,190.96,+0.00000,+0.00021,+0.00000,+0.00000,0.00000,0.0002,0,1,0,0,0.0000,+0.00000,+0.00000,0.0000,+0.000,+0.000,1.0000,0,1.0000,0,2,+0.000,+0.000,+0.000,+0.00000,-17.772,+0.00006,+0.00,+0.00000,0,+0.00000,+0.00000,0.00000,-4.360,0,186.2,0.0
20.831707,4,2,0.249177,0.249177,0.2490,+0.00018,1,2,0.0260,0,1,+0.67079,+0.06090,0.04006,190.96,+0.00000,+0.00021,+0.00000,+0.00000,0.00000,0.0002,0,1,0,0,0.0000,+0.00000,+0.00000,0.0000,+0.000,+0.000,1.0000,0,1.0000,0,2,+0.000,+0.000,+0.000,+0.00000,-17.772,+0.00006,+0.00,+0.00000,0,+0.00000,+0.00000,0.00000,-4.360,0,186.2,0.0
20.836956,4,2,0.249177,0.249177,0.2490,+0.00018,1,2,0.0260,0,1,+0.67079,+0.06090,0.04006,190.96,+0.00000,+0.00021,+0.00000,+0.00000,0.00000,0.0002,0,1,0,0,0.0000,+0.00000,+0.00000,0.0000,+0.000,+0.000,1.0000,0,1.0000,0,2,+0.000,+0.000,+0.000,+0.00000,-17.771,+0.00006,+0.00,+0.00000,0,+0.00000,+0.00000,0.00000,-4.360,0,186.2,0.0
20.841266,4,2,0.249176,0.249176,0.2490,+0.00018,1,2,0.0260,0,1,+0.67079,+0.06090,0.04006,190.96,+0.00000,+0.00021,+0.00000,+0.00000,0.00000,0.0002,0,1,0,0,0.0000,+0.00000,+0.00000,0.0000,+0.000,+0.000,1.0000,0,1.0000,0,2,+0.000,+0.000,+0.000,+0.00000,-17.771,+0.00006,+0.00,+0.00000,0,+0.00000,+0.00000,0.00000,-4.360,0,186.2,0.0
20.846577,4,2,0.249176,0.249176,0.2490,+0.00018,1,2,0.0260,0,1,+0.67079,+0.06090,0.04006,190.96,+0.00000,+0.00021,+0.00000,+0.00000,0.00000,0.0002,0,1,0,0,0.0000,+0.00000,+0.00000,0.0000,+0.000,+0.000,1.0000,0,1.0000,0,2,+0.000,+0.000,+0.000,+0.00000,-17.771,+0.00006,+0.00,+0.00000,0,+0.00000,+0.00000,0.00000,-4.360,0,186.2,0.0
20.851241,4,2,0.249175,0.249175,0.2490,+0.00017,1,2,0.0260,0,1,+0.67079,+0.06090,0.04006,190.96,+0.00000,+0.00020,+0.00000,+0.00000,0.00000,0.0002,0,1,0,0,0.0000,+0.00000,+0.00000,0.0000,+0.000,+0.000,1.0000,0,1.0000,0,2,+0.000,+0.000,+0.000,+0.00000,-17.771,+0.00006,+0.00,+0.00000,0,+0.00000,+0.00000,0.00000,-4.360,0,186.2,0.0
20.855827,4,2,0.249174,0.249174,0.2490,+0.00017,1,2,0.0260,0,1,+0.67079,+0.06090,0.04006,190.96,+0.00000,+0.00020,+0.00000,+0.00000,0.00000,0.0002,0,1,0,0,0.0000,+0.00000,+0.00000,0.0000,+0.000,+0.000,1.0000,0,1.0000,0,2,+0.000,+0.000,+0.000,+0.00000,-17.771,+0.00006,+0.00,+0.00000,0,+0.00000,+0.00000,0.00000,-4.360,0,186.2,0.0
20.861862,4,2,0.249174,0.249174,0.2490,+0.00017,1,2,0.0260,0,1,+0.67079,+0.06090,0.04006,190.96,+0.00000,+0.00020,+0.00000,+0.00000,0.00000,0.0002,0,1,0,0,0.0000,+0.00000,+0.00000,0.0000,+0.000,+0.000,1.0000,0,1.0000,0,2,+0.000,+0.000,+0.000,+0.00000,-17.771,+0.00006,+0.00,+0.00000,0,+0.00000,+0.00000,0.00000,-4.360,0,186.2,0.0
20.866502,4,2,0.249173,0.249173,0.2490,+0.00017,1,2,0.0260,0,1,+0.67079,+0.06090,0.04006,190.96,+0.00000,+0.00020,+0.00000,+0.00000,0.00000,0.0002,0,1,0,0,0.0000,+0.00000,+0.00000,0.0000,+0.000,+0.000,1.0000,0,1.0000,0,2,+0.000,+0.000,+0.000,+0.00000,-17.771,+0.00006,+0.00,+0.00000,0,+0.00000,+0.00000,0.00000,-4.360,0,186.2,0.0
20.871005,4,2,0.249173,0.249173,0.2490,+0.00017,1,2,0.0260,0,1,+0.67079,+0.06090,0.04006,190.96,+0.00000,+0.00020,+0.00000,+0.00000,0.00000,0.0002,0,1,0,0,0.0000,+0.00000,+0.00000,0.0000,+0.000,+0.000,1.0000,0,1.0000,0,2,+0.000,+0.000,+0.000,+0.00000,-17.771,+0.00006,+0.00,+0.00000,0,+0.00000,+0.00000,0.00000,-4.360,0,186.2,0.0
20.875825,4,2,0.249172,0.249172,0.2490,+0.00017,1,2,0.0260,0,1,+0.67079,+0.06090,0.04006,190.96,+0.00000,+0.00019,+0.00000,+0.00000,0.00000,0.0002,0,1,0,0,0.0000,+0.00000,+0.00000,0.0000,+0.000,+0.000,1.0000,0,1.0000,0,2,+0.000,+0.000,+0.000,+0.00000,-17.771,+0.00006,+0.00,+0.00000,0,+0.00000,+0.00000,0.00000,-4.360,0,186.2,0.0
20.881278,4,2,0.249172,0.249172,0.2490,+0.00017,1,2,0.0260,0,1,+0.67079,+0.06090,0.04006,190.96,+0.00000,+0.00019,+0.00000,+0.00000,0.00000,0.0002,0,1,0,0,0.0000,+0.00000,+0.00000,0.0000,+0.000,+0.000,1.0000,0,1.0000,0,2,+0.000,+0.000,+0.000,+0.00000,-17.771,+0.00006,+0.00,+0.00000,0,+0.00000,+0.00000,0.00000,-4.360,0,186.2,0.0
20.885916,4,2,0.249171,0.249171,0.2490,+0.00017,1,2,0.0260,0,1,+0.67079,+0.06090,0.04006,190.96,+0.00000,+0.00019,+0.00000,+0.00000,0.00000,0.0002,0,1,0,0,0.0000,+0.00000,+0.00000,0.0000,+0.000,+0.000,1.0000,0,1.0000,0,2,+0.000,+0.000,+0.000,+0.00000,-17.771,+0.00006,+0.00,+0.00000,0,+0.00000,+0.00000,0.00000,-4.360,0,186.2,0.0
20.890465,4,2,0.249170,0.249170,0.2490,+0.00017,1,2,0.0260,0,1,+0.67079,+0.06090,0.04006,190.96,+0.00000,+0.00019,+0.00000,+0.00000,0.00000,0.0002,0,1,0,0,0.0000,+0.00000,+0.00000,0.0000,+0.000,+0.000,1.0000,0,1.0000,0,2,+0.000,+0.000,+0.000,+0.00000,-17.771,+0.00006,+0.00,+0.00000,0,+0.00000,+0.00000,0.00000,-4.360,0,186.2,0.0
20.894924,4,2,0.249170,0.249170,0.2490,+0.00017,1,2,0.0260,0,1,+0.67079,+0.06090,0.04006,190.96,+0.00000,+0.00019,+0.00000,+0.00000,0.00000,0.0002,0,1,0,0,0.0000,+0.00000,+0.00000,0.0000,+0.000,+0.000,1.0000,0,1.0000,0,2,+0.000,+0.000,+0.000,+0.00000,-17.771,+0.00006,+0.00,+0.00000,0,+0.00000,+0.00000,0.00000,-4.360,0,186.2,0.0
20.899500,4,2,0.249169,0.249169,0.2490,+0.00017,1,2,0.0260,0,1,+0.67079,+0.06090,0.04006,190.96,+0.00000,+0.00018,+0.00000,+0.00000,0.00000,0.0002,0,1,0,0,0.0000,+0.00000,+0.00000,0.0000,+0.000,+0.000,1.0000,0,1.0000,0,2,+0.000,+0.000,+0.000,+0.00000,-17.771,+0.00006,+0.00,+0.00000,0,+0.00000,+0.00000,0.00000,-4.360,0,186.2,0.0
20.904084,4,2,0.249169,0.249169,0.2490,+0.00017,1,2,0.0260,0,1,+0.67079,+0.06090,0.04006,190.96,+0.00000,+0.00018,+0.00000,+0.00000,0.00000,0.0002,0,1,0,0,0.0000,+0.00000,+0.00000,0.0000,+0.000,+0.000,1.0000,0,1.0000,0,2,+0.000,+0.000,+0.000,+0.00000,-17.771,+0.00006,+0.00,+0.00000,0,+0.00000,+0.00000,0.00000,-4.360,0,186.2,0.0
20.914422,4,2,0.249168,0.249168,0.2490,+0.00017,1,2,0.0260,0,1,+0.67079,+0.06090,0.04006,190.96,+0.00000,+0.00018,+0.00000,+0.00000,0.00000,0.0002,0,1,0,0,0.0000,+0.00000,+0.00000,0.0000,+0.000,+0.000,1.0000,0,1.0000,0,2,+0.000,+0.000,+0.000,+0.00000,-17.771,+0.00006,+0.00,+0.00000,0,+0.00000,+0.00000,0.00000,-4.360,0,186.2,0.0
20.918997,4,2,0.249167,0.249167,0.2490,+0.00017,1,2,0.0260,0,1,+0.67079,+0.06090,0.04006,190.96,+0.00000,+0.00018,+0.00000,+0.00000,0.00000,0.0002,0,1,0,0,0.0000,+0.00000,+0.00000,0.0000,+0.000,+0.000,1.0000,0,1.0000,0,2,+0.000,+0.000,+0.000,+0.00000,-17.771,+0.00006,+0.00,+0.00000,0,+0.00000,+0.00000,0.00000,-4.360,0,186.2,0.0
20.923722,4,2,0.249167,0.249167,0.2490,+0.00017,1,2,0.0260,0,1,+0.67079,+0.06090,0.04006,190.96,+0.00000,+0.00018,+0.00000,+0.00000,0.00000,0.0002,0,1,0,0,0.0000,+0.00000,+0.00000,0.0000,+0.000,+0.000,1.0000,0,1.0000,0,2,+0.000,+0.000,+0.000,+0.00000,-17.771,+0.00006,+0.00,+0.00000,0,+0.00000,+0.00000,0.00000,-4.360,0,186.2,0.0
20.928319,4,2,0.249166,0.249166,0.2490,+0.00017,1,2,0.0260,0,1,+0.67079,+0.06090,0.04006,190.96,+0.00000,+0.00017,+0.00000,+0.00000,0.00000,0.0002,0,1,0,0,0.0000,+0.00000,+0.00000,0.0000,+0.000,+0.000,1.0000,0,1.0000,0,2,+0.000,+0.000,+0.000,+0.00000,-17.771,+0.00006,+0.00,+0.00000,0,+0.00000,+0.00000,0.00000,-4.360,0,186.2,0.0
20.932886,4,2,0.249166,0.249166,0.2490,+0.00017,1,2,0.0260,0,1,+0.67079,+0.06090,0.04006,190.96,+0.00000,+0.00017,+0.00000,+0.00000,0.00000,0.0002,0,1,0,0,0.0000,+0.00000,+0.00000,0.0000,+0.000,+0.000,1.0000,0,1.0000,0,2,+0.000,+0.000,+0.000,+0.00000,-17.771,+0.00006,+0.00,+0.00000,0,+0.00000,+0.00000,0.00000,-4.360,0,186.2,0.0
20.937677,4,2,0.249165,0.249165,0.2490,+0.00017,1,2,0.0260,0,1,+0.67079,+0.06090,0.04006,190.96,+0.00000,+0.00017,+0.00000,+0.00000,0.00000,0.0002,0,1,0,0,0.0000,+0.00000,+0.00000,0.0000,+0.000,+0.000,1.0000,0,1.0000,0,2,+0.000,+0.000,+0.000,+0.00000,-17.771,+0.00006,+0.00,+0.00000,0,+0.00000,+0.00000,0.00000,-4.360,0,186.2,0.0
20.942725,4,2,0.249165,0.249165,0.2490,+0.00016,1,2,0.0260,0,1,+0.67079,+0.06090,0.04006,190.96,+0.00000,+0.00017,+0.00000,+0.00000,0.00000,0.0002,0,1,0,0,0.0000,+0.00000,+0.00000,0.0000,+0.000,+0.000,1.0000,0,1.0000,0,2,+0.000,+0.000,+0.000,+0.00000,-17.771,+0.00006,+0.00,+0.00000,0,+0.00000,+0.00000,0.00000,-4.360,0,186.2,0.0
20.947003,4,2,0.249164,0.249164,0.2490,+0.00016,1,2,0.0260,0,1,+0.67079,+0.06090,0.04006,190.96,+0.00000,+0.00017,+0.00000,+0.00000,0.00000,0.0002,0,1,0,0,0.0000,+0.00000,+0.00000,0.0000,+0.000,+0.000,1.0000,0,1.0000,0,2,+0.000,+0.000,+0.000,+0.00000,-17.771,+0.00006,+0.00,+0.00000,0,+0.00000,+0.00000,0.00000,-4.360,0,186.2,0.0
20.951594,4,2,0.249164,0.249164,0.2490,+0.00016,1,2,0.0260,0,1,+0.67079,+0.06090,0.04006,190.96,+0.00000,+0.00017,+0.00000,+0.00000,0.00000,0.0002,0,1,0,0,0.0000,+0.00000,+0.00000,0.0000,+0.000,+0.000,1.0000,0,1.0000,0,2,+0.000,+0.000,+0.000,+0.00000,-17.771,+0.00006,+0.00,+0.00000,0,+0.00000,+0.00000,0.00000,-4.360,0,186.2,0.0
20.956189,4,2,0.249163,0.249163,0.2490,+0.00016,1,2,0.0260,0,1,+0.67079,+0.06090,0.04006,190.96,+0.00000,+0.00017,+0.00000,+0.00000,0.00000,0.0002,0,1,0,0,0.0000,+0.00000,+0.00000,0.0000,+0.000,+0.000,1.0000,0,1.0000,0,2,+0.000,+0.000,+0.000,+0.00000,-17.771,+0.00006,+0.00,+0.00000,0,+0.00000,+0.00000,0.00000,-4.360,0,186.2,0.0
20.960702,4,2,0.249163,0.249163,0.2490,+0.00016,1,2,0.0260,0,1,+0.67079,+0.06090,0.04006,190.96,+0.00000,+0.00016,+0.00000,+0.00000,0.00000,0.0002,0,1,0,0,0.0000,+0.00000,+0.00000,0.0000,+0.000,+0.000,1.0000,0,1.0000,0,2,+0.000,+0.000,+0.000,+0.00000,-17.771,+0.00006,+0.00,+0.00000,0,+0.00000,+0.00000,0.00000,-4.360,0,186.2,0.0
20.965258,4,2,0.249162,0.249162,0.2490,+0.00016,1,2,0.0260,0,1,+0.67079,+0.06090,0.04006,190.96,+0.00000,+0.00016,+0.00000,+0.00000,0.00000,0.0002,0,1,0,0,0.0000,+0.00000,+0.00000,0.0000,+0.000,+0.000,1.0000,0,1.0000,0,2,+0.000,+0.000,+0.000,+0.00000,-17.771,+0.00006,+0.00,+0.00000,0,+0.00000,+0.00000,0.00000,-4.360,0,186.2,0.0
20.969793,4,2,0.249162,0.249162,0.2490,+0.00016,1,2,0.0260,0,1,+0.67079,+0.06090,0.04006,190.96,+0.00000,+0.00016,+0.00000,+0.00000,0.00000,0.0002,0,1,0,0,0.0000,+0.00000,+0.00000,0.0000,+0.000,+0.000,1.0000,0,1.0000,0,2,+0.000,+0.000,+0.000,+0.00000,-17.771,+0.00006,+0.00,+0.00000,0,+0.00000,+0.00000,0.00000,-4.360,0,186.2,0.0
20.977322,4,2,0.249161,0.249161,0.2490,+0.00016,1,2,0.0260,0,1,+0.67079,+0.06090,0.04006,190.96,+0.00000,+0.00016,+0.00000,+0.00000,0.00000,0.0002,0,1,0,0,0.0000,+0.00000,+0.00000,0.0000,+0.000,+0.000,1.0000,0,1.0000,0,2,+0.000,+0.000,+0.000,+0.00000,-17.771,+0.00006,+0.00,+0.00000,0,+0.00000,+0.00000,0.00000,-4.360,0,186.2,0.0
20.982858,4,2,0.249160,0.249160,0.2490,+0.00016,1,2,0.0260,0,1,+0.67079,+0.06090,0.04006,190.96,+0.00000,+0.00016,+0.00000,+0.00000,0.00000,0.0002,0,1,0,0,0.0000,+0.00000,+0.00000,0.0000,+0.000,+0.000,1.0000,0,1.0000,0,2,+0.000,+0.000,+0.000,+0.00000,-17.771,+0.00006,+0.00,+0.00000,0,+0.00000,+0.00000,0.00000,-4.360,0,186.2,0.0
20.987379,4,2,0.249160,0.249160,0.2490,+0.00016,1,2,0.0260,0,1,+0.67079,+0.06090,0.04006,190.96,+0.00000,+0.00016,+0.00000,+0.00000,0.00000,0.0002,0,1,0,0,0.0000,+0.00000,+0.00000,0.0000,+0.000,+0.000,1.0000,0,1.0000,0,2,+0.000,+0.000,+0.000,+0.00000,-17.771,+0.00006,+0.00,+0.00000,0,+0.00000,+0.00000,0.00000,-4.360,0,186.2,0.0
20.991903,4,2,0.249159,0.249159,0.2490,+0.00016,1,2,0.0260,0,1,+0.67079,+0.06090,0.04006,190.96,+0.00000,+0.00015,+0.00000,+0.00000,0.00000,0.0002,0,1,0,0,0.0000,+0.00000,+0.00000,0.0000,+0.000,+0.000,1.0000,0,1.0000,0,2,+0.000,+0.000,+0.000,+0.00000,-17.771,+0.00006,+0.00,+0.00000,0,+0.00000,+0.00000,0.00000,-4.360,0,186.2,0.0
20.996580,4,2,0.249159,0.249159,0.2490,+0.00016,1,2,0.0260,0,1,+0.67079,+0.06090,0.04006,190.96,+0.00000,+0.00015,+0.00000,+0.00000,0.00000,0.0002,0,1,0,0,0.0000,+0.00000,+0.00000,0.0000,+0.000,+0.000,1.0000,0,1.0000,0,2,+0.000,+0.000,+0.000,+0.00000,-17.771,+0.00006,+0.00,+0.00000,0,+0.00000,+0.00000,0.00000,-4.360,0,186.2,0.0
21.001179,4,2,0.249158,0.249158,0.2490,+0.00016,1,2,0.0260,0,1,+0.67079,+0.06090,0.04006,190.96,+0.00000,+0.00015,+0.00000,+0.00000,0.00000,0.0002,0,1,0,0,0.0000,+0.00000,+0.00000,0.0000,+0.000,+0.000,1.0000,0,1.0000,0,2,+0.000,+0.000,+0.000,+0.00000,-17.771,+0.00006,+0.00,+0.00000,0,+0.00000,+0.00000,0.00000,-4.360,0,186.2,0.0
21.005933,4,2,0.249158,0.249158,0.2490,+0.00016,1,2,0.0260,0,1,+0.67079,+0.06090,0.04006,190.96,+0.00000,+0.00015,+0.00000,+0.00000,0.00000,0.0002,0,1,0,0,0.0000,+0.00000,+0.00000,0.0000,+0.000,+0.000,1.0000,0,1.0000,0,2,+0.000,+0.000,+0.000,+0.00000,-17.771,+0.00006,+0.00,+0.00000,0,+0.00000,+0.00000,0.00000,-4.360,0,186.2,0.0
21.010875,4,2,0.249157,0.249157,0.2490,+0.00016,1,2,0.0260,0,1,+0.67079,+0.06090,0.04006,190.96,+0.00000,+0.00015,+0.00000,+0.00000,0.00000,0.0002,0,1,0,0,0.0000,+0.00000,+0.00000,0.0000,+0.000,+0.000,1.0000,0,1.0000,0,2,+0.000,+0.000,+0.000,+0.00000,-17.771,+0.00006,+0.00,+0.00000,0,+0.00000,+0.00000,0.00000,-4.360,0,186.2,0.0
21.015580,4,2,0.249157,0.249157,0.2490,+0.00016,1,2,0.0260,0,1,+0.67079,+0.06090,0.04006,190.96,+0.00000,+0.00015,+0.00000,+0.00000,0.00000,0.0002,0,1,0,0,0.0000,+0.00000,+0.00000,0.0000,+0.000,+0.000,1.0000,0,1.0000,0,2,+0.000,+0.000,+0.000,+0.00000,-17.771,+0.00006,+0.00,+0.00000,0,+0.00000,+0.00000,0.00000,-4.360,0,186.2,0.0
21.020175,4,2,0.249156,0.249156,0.2490,+0.00016,1,2,0.0260,0,1,+0.67079,+0.06090,0.04006,190.96,+0.00000,+0.00015,+0.00000,+0.00000,0.00000,0.0002,0,1,0,0,0.0000,+0.00000,+0.00000,0.0000,+0.000,+0.000,1.0000,0,1.0000,0,2,+0.000,+0.000,+0.000,+0.00000,-17.771,+0.00006,+0.00,+0.00000,0,+0.00000,+0.00000,0.00000,-4.360,0,186.2,0.0
21.024648,4,2,0.249156,0.249156,0.2490,+0.00016,1,2,0.0260,0,1,+0.67079,+0.06090,0.04006,190.96,+0.00000,+0.00014,+0.00000,+0.00000,0.00000,0.0002,0,1,0,0,0.0000,+0.00000,+0.00000,0.0000,+0.000,+0.000,1.0000,0,1.0000,0,2,+0.000,+0.000,+0.000,+0.00000,-17.771,+0.00006,+0.00,+0.00000,0,+0.00000,+0.00000,0.00000,-4.360,0,186.2,0.0
21.029025,4,2,0.249155,0.249155,0.2490,+0.00016,1,2,0.0260,0,1,+0.67079,+0.06090,0.04006,190.96,+0.00000,+0.00014,+0.00000,+0.00000,0.00000,0.0002,0,1,0,0,0.0000,+0.00000,+0.00000,0.0000,+0.000,+0.000,1.0000,0,1.0000,0,2,+0.000,+0.000,+0.000,+0.00000,-17.771,+0.00006,+0.00,+0.00000,0,+0.00000,+0.00000,0.00000,-4.360,0,186.2,0.0
21.033442,4,2,0.249155,0.249155,0.2490,+0.00015,1,2,0.0260,0,1,+0.67079,+0.06090,0.04006,190.96,+0.00000,+0.00014,+0.00000,+0.00000,0.00000,0.0002,0,1,0,0,0.0000,+0.00000,+0.00000,0.0000,+0.000,+0.000,1.0000,0,1.0000,0,2,+0.000,+0.000,+0.000,+0.00000,-17.771,+0.00006,+0.00,+0.00000,0,+0.00000,+0.00000,0.00000,-4.360,0,186.2,0.0
21.038081,4,2,0.249154,0.249154,0.2490,+0.00015,1,2,0.0260,0,1,+0.67079,+0.06090,0.04006,190.96,+0.00000,+0.00014,+0.00000,+0.00000,0.00000,0.0002,0,1,0,0,0.0000,+0.00000,+0.00000,0.0000,+0.000,+0.000,1.0000,0,1.0000,0,2,+0.000,+0.000,+0.000,+0.00000,-17.771,+0.00006,+0.00,+0.00000,0,+0.00000,+0.00000,0.00000,-4.360,0,186.2,0.0
21.042341,4,2,0.249154,0.249154,0.2490,+0.00015,1,2,0.0260,0,1,+0.67079,+0.06090,0.04006,190.96,+0.00000,+0.00014,+0.00000,+0.00000,0.00000,0.0002,0,1,0,0,0.0000,+0.00000,+0.00000,0.0000,+0.000,+0.000,1.0000,0,1.0000,0,2,+0.000,+0.000,+0.000,+0.00000,-17.771,+0.00006,+0.00,+0.00000,0,+0.00000,+0.00000,0.00000,-4.360,0,186.2,0.0
21.047016,4,2,0.249154,0.249154,0.2490,+0.00015,1,2,0.0260,0,1,+0.67079,+0.06090,0.04006,190.96,+0.00000,+0.00014,+0.00000,+0.00000,0.00000,0.0002,0,1,0,0,0.0000,+0.00000,+0.00000,0.0000,+0.000,+0.000,1.0000,0,1.0000,0,2,+0.000,+0.000,+0.000,+0.00000,-17.771,+0.00006,+0.00,+0.00000,0,+0.00000,+0.00000,0.00000,-4.360,0,186.2,0.0
21.051427,4,2,0.249153,0.249153,0.2490,+0.00015,1,2,0.0260,0,1,+0.67079,+0.06090,0.04006,190.96,+0.00000,+0.00014,+0.00000,+0.00000,0.00000,0.0002,0,1,0,0,0.0000,+0.00000,+0.00000,0.0000,+0.000,+0.000,1.0000,0,1.0000,0,2,+0.000,+0.000,+0.000,+0.00000,-17.771,+0.00006,+0.00,+0.00000,0,+0.00000,+0.00000,0.00000,-4.360,0,186.2,0.0
21.056307,4,2,0.249153,0.249153,0.2490,+0.00015,1,2,0.0260,0,1,+0.67079,+0.06090,0.04006,190.96,+0.00000,+0.00014,+0.00000,+0.00000,0.00000,0.0001,0,1,0,0,0.0000,+0.00000,+0.00000,0.0000,+0.000,+0.000,1.0000,0,1.0000,0,2,+0.000,+0.000,+0.000,+0.00000,-17.771,+0.00006,+0.00,+0.00000,0,+0.00000,+0.00000,0.00000,-4.360,0,186.2,0.0
21.061322,4,2,0.249152,0.249152,0.2490,+0.00015,1,2,0.0260,0,1,+0.67079,+0.06090,0.04006,190.96,+0.00000,+0.00013,+0.00000,+0.00000,0.00000,0.0001,0,1,0,0,0.0000,+0.00000,+0.00000,0.0000,+0.000,+0.000,1.0000,0,1.0000,0,2,+0.000,+0.000,+0.000,+0.00000,-17.771,+0.00006,+0.00,+0.00000,0,+0.00000,+0.00000,0.00000,-4.360,0,186.2,0.0
21.065922,4,2,0.249152,0.249152,0.2490,+0.00015,1,2,0.0260,0,1,+0.67079,+0.06090,0.04006,190.96,+0.00000,+0.00013,+0.00000,+0.00000,0.00000,0.0001,0,1,0,0,0.0000,+0.00000,+0.00000,0.0000,+0.000,+0.000,1.0000,0,1.0000,0,2,+0.000,+0.000,+0.000,+0.00000,-17.771,+0.00006,+0.00,+0.00000,0,+0.00000,+0.00000,0.00000,-4.360,0,186.2,0.0
21.070253,4,2,0.249151,0.249151,0.2490,+0.00015,1,2,0.0260,0,1,+0.67079,+0.06090,0.04006,190.96,+0.00000,+0.00013,+0.00000,+0.00000,0.00000,0.0001,0,1,0,0,0.0000,+0.00000,+0.00000,0.0000,+0.000,+0.000,1.0000,0,1.0000,0,2,+0.000,+0.000,+0.000,+0.00000,-17.771,+0.00006,+0.00,+0.00000,0,+0.00000,+0.00000,0.00000,-4.360,0,186.2,0.0
21.074967,4,2,0.249151,0.249151,0.2490,+0.00015,1,2,0.0260,0,1,+0.67079,+0.06090,0.04006,190.96,+0.00000,+0.00013,+0.00000,+0.00000,0.00000,0.0001,0,1,0,0,0.0000,+0.00000,+0.00000,0.0000,+0.000,+0.000,1.0000,0,1.0000,0,2,+0.000,+0.000,+0.000,+0.00000,-17.771,+0.00006,+0.00,+0.00000,0,+0.00000,+0.00000,0.00000,-4.360,0,186.2,0.0
21.079394,4,2,0.249150,0.249150,0.2490,+0.00015,1,2,0.0260,0,1,+0.67079,+0.06090,0.04006,190.96,+0.00000,+0.00013,+0.00000,+0.00000,0.00000,0.0001,0,1,0,0,0.0000,+0.00000,+0.00000,0.0000,+0.000,+0.000,1.0000,0,1.0000,0,2,+0.000,+0.000,+0.000,+0.00000,-17.771,+0.00006,+0.00,+0.00000,0,+0.00000,+0.00000,0.00000,-4.360,0,186.2,0.0
21.083902,4,2,0.249150,0.249150,0.2490,+0.00015,1,2,0.0260,0,1,+0.67079,+0.06090,0.04006,190.96,+0.00000,+0.00013,+0.00000,+0.00000,0.00000,0.0001,0,1,0,0,0.0000,+0.00000,+0.00000,0.0000,+0.000,+0.000,1.0000,0,1.0000,0,2,+0.000,+0.000,+0.000,+0.00000,-17.771,+0.00006,+0.00,+0.00000,0,+0.00000,+0.00000,0.00000,-4.360,0,186.2,0.0
21.088501,4,2,0.249149,0.249149,0.2490,+0.00015,1,2,0.0260,0,1,+0.67079,+0.06090,0.04006,190.96,+0.00000,+0.00013,+0.00000,+0.00000,0.00000,0.0001,0,1,0,0,0.0000,+0.00000,+0.00000,0.0000,+0.000,+0.000,1.0000,0,1.0000,0,2,+0.000,+0.000,+0.000,+0.00000,-17.771,+0.00006,+0.00,+0.00000,0,+0.00000,+0.00000,0.00000,-4.360,0,186.2,0.0
21.093062,4,2,0.249149,0.249149,0.2490,+0.00015,1,2,0.0260,0,1,+0.67079,+0.06090,0.04006,190.96,+0.00000,+0.00013,+0.00000,+0.00000,0.00000,0.0001,0,1,0,0,0.0000,+0.00000,+0.00000,0.0000,+0.000,+0.000,1.0000,0,1.0000,0,2,+0.000,+0.000,+0.000,+0.00000,-17.771,+0.00006,+0.00,+0.00000,0,+0.00000,+0.00000,0.00000,-4.360,0,186.2,0.0
21.099014,4,2,0.249148,0.249148,0.2490,+0.00015,1,2,0.0260,0,1,+0.67079,+0.06090,0.04006,190.96,+0.00000,+0.00012,+0.00000,+0.00000,0.00000,0.0001,0,1,0,0,0.0000,+0.00000,+0.00000,0.0000,+0.000,+0.000,1.0000,0,1.0000,0,2,+0.000,+0.000,+0.000,+0.00000,-17.771,+0.00006,+0.00,+0.00000,0,+0.00000,+0.00000,0.00000,-4.360,0,186.2,0.0
21.103540,4,2,0.249148,0.249148,0.2490,+0.00015,1,2,0.0260,0,1,+0.67079,+0.06090,0.04006,190.96,+0.00000,+0.00012,+0.00000,+0.00000,0.00000,0.0001,0,1,0,0,0.0000,+0.00000,+0.00000,0.0000,+0.000,+0.000,1.0000,0,1.0000,0,2,+0.000,+0.000,+0.000,+0.00000,-17.771,+0.00006,+0.00,+0.00000,0,+0.00000,+0.00000,0.00000,-4.360,0,186.2,0.0
21.107676,4,2,0.249147,0.249147,0.2490,+0.00015,1,2,0.0260,0,1,+0.67079,+0.06090,0.04006,190.96,+0.00000,+0.00012,+0.00000,+0.00000,0.00000,0.0001,0,1,0,0,0.0000,+0.00000,+0.00000,0.0000,+0.000,+0.000,1.0000,0,1.0000,0,2,+0.000,+0.000,+0.000,+0.00000,-17.771,+0.00006,+0.00,+0.00000,0,+0.00000,+0.00000,0.00000,-4.360,0,186.2,0.0
21.112399,4,2,0.249147,0.249147,0.2490,+0.00015,1,2,0.0260,0,1,+0.67079,+0.06090,0.04006,190.96,+0.00000,+0.00012,+0.00000,+0.00000,0.00000,0.0001,0,1,0,0,0.0000,+0.00000,+0.00000,0.0000,+0.000,+0.000,1.0000,0,1.0000,0,2,+0.000,+0.000,+0.000,+0.00000,-17.771,+0.00006,+0.00,+0.00000,0,+0.00000,+0.00000,0.00000,-4.360,0,186.2,0.0
21.117031,4,2,0.249147,0.249147,0.2490,+0.00015,1,2,0.0260,0,1,+0.67079,+0.06090,0.04006,190.96,+0.00000,+0.00012,+0.00000,+0.00000,0.00000,0.0001,0,1,0,0,0.0000,+0.00000,+0.00000,0.0000,+0.000,+0.000,1.0000,0,1.0000,0,2,+0.000,+0.000,+0.000,+0.00000,-17.771,+0.00006,+0.00,+0.00000,0,+0.00000,+0.00000,0.00000,-4.360,0,186.2,0.0
21.121395,4,2,0.249146,0.249146,0.2490,+0.00015,1,2,0.0260,0,1,+0.67079,+0.06090,0.04006,190.96,+0.00000,+0.00012,+0.00000,+0.00000,0.00000,0.0001,0,1,0,0,0.0000,+0.00000,+0.00000,0.0000,+0.000,+0.000,1.0000,0,1.0000,0,2,+0.000,+0.000,+0.000,+0.00000,-17.771,+0.00006,+0.00,+0.00000,0,+0.00000,+0.00000,0.00000,-4.360,0,186.2,0.0
21.126176,4,2,0.249146,0.249146,0.2490,+0.00015,1,2,0.0260,0,1,+0.67079,+0.06090,0.04006,190.96,+0.00000,+0.00012,+0.00000,+0.00000,0.00000,0.0001,0,1,0,0,0.0000,+0.00000,+0.00000,0.0000,+0.000,+0.000,1.0000,0,1.0000,0,2,+0.000,+0.000,+0.000,+0.00000,-17.771,+0.00006,+0.00,+0.00000,0,+0.00000,+0.00000,0.00000,-4.360,0,186.2,0.0
21.130742,4,2,0.249145,0.249145,0.2490,+0.00015,1,2,0.0260,0,1,+0.67079,+0.06090,0.04006,190.96,+0.00000,+0.00012,+0.00000,+0.00000,0.00000,0.0001,0,1,0,0,0.0000,+0.00000,+0.00000,0.0000,+0.000,+0.000,1.0000,0,1.0000,0,2,+0.000,+0.000,+0.000,+0.00000,-17.771,+0.00006,+0.00,+0.00000,0,+0.00000,+0.00000,0.00000,-4.360,0,186.2,0.0
21.135522,4,2,0.249145,0.249145,0.2490,+0.00014,1,2,0.0260,0,1,+0.67079,+0.06090,0.04006,190.96,+0.00000,+0.00012,+0.00000,+0.00000,0.00000,0.0001,0,1,0,0,0.0000,+0.00000,+0.00000,0.0000,+0.000,+0.000,1.0000,0,1.0000,0,2,+0.000,+0.000,+0.000,+0.00000,-17.771,+0.00006,+0.00,+0.00000,0,+0.00000,+0.00000,0.00000,-4.360,0,186.2,0.0
21.140062,4,2,0.249144,0.249144,0.2490,+0.00014,1,2,0.0260,0,1,+0.67079,+0.06090,0.04006,190.96,+0.00000,+0.00011,+0.00000,+0.00000,0.00000,0.0001,0,1,0,0,0.0000,+0.00000,+0.00000,0.0000,+0.000,+0.000,1.0000,0,1.0000,0,2,+0.000,+0.000,+0.000,+0.00000,-17.771,+0.00006,+0.00,+0.00000,0,+0.00000,+0.00000,0.00000,-4.360,0,186.2,0.0
21.144830,4,2,0.249144,0.249144,0.2490,+0.00014,1,2,0.0260,0,1,+0.67079,+0.06090,0.04006,190.96,+0.00000,+0.00011,+0.00000,+0.00000,0.00000,0.0001,0,1,0,0,0.0000,+0.00000,+0.00000,0.0000,+0.000,+0.000,1.0000,0,1.0000,0,2,+0.000,+0.000,+0.000,+0.00000,-17.770,+0.00006,+0.00,+0.00000,0,+0.00000,+0.00000,0.00000,-4.360,0,186.2,0.0
21.150492,4,2,0.249143,0.249143,0.2490,+0.00014,1,2,0.0260,0,1,+0.67079,+0.06090,0.04006,190.96,+0.00000,+0.00011,+0.00000,+0.00000,0.00000,0.0001,0,1,0,0,0.0000,+0.00000,+0.00000,0.0000,+0.000,+0.000,1.0000,0,1.0000,0,2,+0.000,+0.000,+0.000,+0.00000,-17.770,+0.00006,+0.00,+0.00000,0,+0.00000,+0.00000,0.00000,-4.360,0,186.2,0.0
21.155102,4,2,0.249143,0.249143,0.2490,+0.00014,1,2,0.0260,0,1,+0.67079,+0.06090,0.04006,190.96,+0.00000,+0.00011,+0.00000,+0.00000,0.00000,0.0001,0,1,0,0,0.0000,+0.00000,+0.00000,0.0000,+0.000,+0.000,1.0000,0,1.0000,0,2,+0.000,+0.000,+0.000,+0.00000,-17.770,+0.00006,+0.00,+0.00000,0,+0.00000,+0.00000,0.00000,-4.360,0,186.2,0.0
21.159662,4,2,0.249142,0.249142,0.2490,+0.00014,1,2,0.0260,0,1,+0.67079,+0.06090,0.04006,190.96,+0.00000,+0.00011,+0.00000,+0.00000,0.00000,0.0001,0,1,0,0,0.0000,+0.00000,+0.00000,0.0000,+0.000,+0.000,1.0000,0,1.0000,0,2,+0.000,+0.000,+0.000,+0.00000,-17.770,+0.00006,+0.00,+0.00000,0,+0.00000,+0.00000,0.00000,-4.360,0,186.2,0.0
21.164236,4,2,0.249142,0.249142,0.2490,+0.00014,1,2,0.0260,0,1,+0.67079,+0.06090,0.04006,190.96,+0.00000,+0.00011,+0.00000,+0.00000,0.00000,0.0001,0,1,0,0,0.0000,+0.00000,+0.00000,0.0000,+0.000,+0.000,1.0000,0,1.0000,0,2,+0.000,+0.000,+0.000,+0.00000,-17.770,+0.00006,+0.00,+0.00000,0,+0.00000,+0.00000,0.00000,-4.360,0,186.2,0.0
21.168981,4,2,0.249142,0.249142,0.2490,+0.00014,1,2,0.0260,0,1,+0.67079,+0.06090,0.04006,190.96,+0.00000,+0.00011,+0.00000,+0.00000,0.00000,0.0001,0,1,0,0,0.0000,+0.00000,+0.00000,0.0000,+0.000,+0.000,1.0000,0,1.0000,0,2,+0.000,+0.000,+0.000,+0.00000,-17.770,+0.00006,+0.00,+0.00000,0,+0.00000,+0.00000,0.00000,-4.360,0,186.2,0.0
21.173507,4,2,0.249141,0.249141,0.2490,+0.00014,1,2,0.0260,0,1,+0.67079,+0.06090,0.04006,190.96,+0.00000,+0.00011,+0.00000,+0.00000,0.00000,0.0001,0,1,0,0,0.0000,+0.00000,+0.00000,0.0000,+0.000,+0.000,1.0000,0,1.0000,0,2,+0.000,+0.000,+0.000,+0.00000,-17.770,+0.00006,+0.00,+0.00000,0,+0.00000,+0.00000,0.00000,-4.360,0,186.2,0.0
21.178384,4,2,0.249141,0.249141,0.2490,+0.00014,1,2,0.0260,0,1,+0.67079,+0.06090,0.04006,190.96,+0.00000,+0.00011,+0.00000,+0.00000,0.00000,0.0001,0,1,0,0,0.0000,+0.00000,+0.00000,0.0000,+0.000,+0.000,1.0000,0,1.0000,0,2,+0.000,+0.000,+0.000,+0.00000,-17.770,+0.00006,+0.00,+0.00000,0,+0.00000,+0.00000,0.00000,-4.360,0,186.2,0.0
21.183203,4,2,0.249140,0.249140,0.2490,+0.00014,1,2,0.0260,0,1,+0.67079,+0.06090,0.04006,190.96,+0.00000,+0.00010,+0.00000,+0.00000,0.00000,0.0001,0,1,0,0,0.0000,+0.00000,+0.00000,0.0000,+0.000,+0.000,1.0000,0,1.0000,0,2,+0.000,+0.000,+0.000,+0.00000,-17.770,+0.00006,+0.00,+0.00000,0,+0.00000,+0.00000,0.00000,-4.360,0,186.2,0.0
21.187794,4,2,0.249140,0.249140,0.2490,+0.00014,1,2,0.0260,0,1,+0.67079,+0.06090,0.04006,190.96,+0.00000,+0.00010,+0.00000,+0.00000,0.00000,0.0001,0,1,0,0,0.0000,+0.00000,+0.00000,0.0000,+0.000,+0.000,1.0000,0,1.0000,0,2,+0.000,+0.000,+0.000,+0.00000,-17.770,+0.00006,+0.00,+0.00000,0,+0.00000,+0.00000,0.00000,-4.360,0,186.2,0.0
21.192232,4,2,0.249139,0.249139,0.2490,+0.00014,1,2,0.0260,0,1,+0.67079,+0.06090,0.04006,190.96,+0.00000,+0.00010,+0.00000,+0.00000,0.00000,0.0001,0,1,0,0,0.0000,+0.00000,+0.00000,0.0000,+0.000,+0.000,1.0000,0,1.0000,0,2,+0.000,+0.000,+0.000,+0.00000,-17.770,+0.00006,+0.00,+0.00000,0,+0.00000,+0.00000,0.00000,-4.360,0,186.2,0.0
21.197160,4,2,0.249139,0.249139,0.2490,+0.00014,1,2,0.0260,0,1,+0.67079,+0.06090,0.04006,190.96,+0.00000,+0.00010,+0.00000,+0.00000,0.00000,0.0001,0,1,0,0,0.0000,+0.00000,+0.00000,0.0000,+0.000,+0.000,1.0000,0,1.0000,0,2,+0.000,+0.000,+0.000,+0.00000,-17.770,+0.00006,+0.00,+0.00000,0,+0.00000,+0.00000,0.00000,-4.360,0,186.2,0.0
21.201971,4,2,0.249138,0.249138,0.2490,+0.00014,1,2,0.0260,0,1,+0.67079,+0.06090,0.04006,190.96,+0.00000,+0.00010,+0.00000,+0.00000,0.00000,0.0001,0,1,0,0,0.0000,+0.00000,+0.00000,0.0000,+0.000,+0.000,1.0000,0,1.0000,0,2,+0.000,+0.000,+0.000,+0.00000,-17.770,+0.00006,+0.00,+0.00000,0,+0.00000,+0.00000,0.00000,-4.360,0,186.2,0.0
21.210135,4,2,0.249138,0.249138,0.2490,+0.00014,1,2,0.0260,0,1,+0.67079,+0.06090,0.04006,190.96,+0.00000,+0.00010,+0.00000,+0.00000,0.00000,0.0001,0,1,0,0,0.0000,+0.00000,+0.00000,0.0000,+0.000,+0.000,1.0000,0,1.0000,0,2,+0.000,+0.000,+0.000,+0.00000,-17.770,+0.00006,+0.00,+0.00000,0,+0.00000,+0.00000,0.00000,-4.360,0,186.2,0.0
21.225557,4,2,0.249136,0.249136,0.2490,+0.00014,1,2,0.0260,0,1,+0.67079,+0.06090,0.04006,190.96,+0.00000,+0.00010,+0.00000,+0.00000,0.00000,0.0001,0,1,0,0,0.0000,+0.00000,+0.00000,0.0000,+0.000,+0.000,1.0000,0,1.0000,0,2,+0.000,+0.000,+0.000,+0.00000,-17.770,+0.00006,+0.00,+0.00000,0,+0.00000,+0.00000,0.00000,-4.360,0,186.2,0.0
21.240412,4,2,0.249135,0.249135,0.2490,+0.00013,1,2,0.0260,0,1,+0.67079,+0.06090,0.04006,190.96,+0.00000,+0.00009,+0.00000,+0.00000,0.00000,0.0001,0,1,0,0,0.0000,+0.00000,+0.00000,0.0000,+0.000,+0.000,1.0000,0,1.0000,0,2,+0.000,+0.000,+0.000,+0.00000,-17.770,+0.00006,+0.00,+0.00000,0,+0.00000,+0.00000,0.00000,-4.360,0,186.2,0.0
21.245263,4,2,0.249135,0.249135,0.2490,+0.00013,1,2,0.0260,0,1,+0.67079,+0.06090,0.04006,190.96,+0.00000,+0.00009,+0.00000,+0.00000,0.00000,0.0001,0,1,0,0,0.0000,+0.00000,+0.00000,0.0000,+0.000,+0.000,1.0000,0,1.0000,0,2,+0.000,+0.000,+0.000,+0.00000,-17.770,+0.00006,+0.00,+0.00000,0,+0.00000,+0.00000,0.00000,-4.360,0,186.2,0.0
21.250169,4,2,0.249134,0.249134,0.2490,+0.00013,1,2,0.0260,0,1,+0.67079,+0.06090,0.04006,190.96,+0.00000,+0.00009,+0.00000,+0.00000,0.00000,0.0001,0,1,0,0,0.0000,+0.00000,+0.00000,0.0000,+0.000,+0.000,1.0000,0,1.0000,0,2,+0.000,+0.000,+0.000,+0.00000,-17.770,+0.00006,+0.00,+0.00000,0,+0.00000,+0.00000,0.00000,-4.360,0,186.2,0.0
21.254910,4,2,0.249134,0.249134,0.2490,+0.00013,1,2,0.0260,0,1,+0.67079,+0.06090,0.04006,190.96,+0.00000,+0.00009,+0.00000,+0.00000,0.00000,0.0001,0,1,0,0,0.0000,+0.00000,+0.00000,0.0000,+0.000,+0.000,1.0000,0,1.0000,0,2,+0.000,+0.000,+0.000,+0.00000,-17.770,+0.00006,+0.00,+0.00000,0,+0.00000,+0.00000,0.00000,-4.360,0,186.2,0.0
21.259379,4,2,0.249133,0.249133,0.2490,+0.00013,1,2,0.0260,0,1,+0.67079,+0.06090,0.04006,190.96,+0.00000,+0.00009,+0.00000,+0.00000,0.00000,0.0001,0,1,0,0,0.0000,+0.00000,+0.00000,0.0000,+0.000,+0.000,1.0000,0,1.0000,0,2,+0.000,+0.000,+0.000,+0.00000,-17.770,+0.00006,+0.00,+0.00000,0,+0.00000,+0.00000,0.00000,-4.360,0,186.2,0.0
21.263940,4,2,0.249133,0.249133,0.2490,+0.00013,1,2,0.0260,0,1,+0.67079,+0.06090,0.04006,190.96,+0.00000,+0.00009,+0.00000,+0.00000,0.00000,0.0001,0,1,0,0,0.0000,+0.00000,+0.00000,0.0000,+0.000,+0.000,1.0000,0,1.0000,0,2,+0.000,+0.000,+0.000,+0.00000,-17.770,+0.00006,+0.00,+0.00000,0,+0.00000,+0.00000,0.00000,-4.360,0,186.2,0.0
21.268222,4,2,0.249133,0.249133,0.2490,+0.00013,1,2,0.0260,0,1,+0.67079,+0.06090,0.04006,190.96,+0.00000,+0.00009,+0.00000,+0.00000,0.00000,0.0001,0,1,0,0,0.0000,+0.00000,+0.00000,0.0000,+0.000,+0.000,1.0000,0,1.0000,0,2,+0.000,+0.000,+0.000,+0.00000,-17.770,+0.00006,+0.00,+0.00000,0,+0.00000,+0.00000,0.00000,-4.360,0,186.2,0.0
21.272797,4,2,0.249132,0.249132,0.2490,+0.00013,1,2,0.0260,0,1,+0.67079,+0.06090,0.04006,190.96,+0.00000,+0.00009,+0.00000,+0.00000,0.00000,0.0001,0,1,0,0,0.0000,+0.00000,+0.00000,0.0000,+0.000,+0.000,1.0000,0,1.0000,0,2,+0.000,+0.000,+0.000,+0.00000,-17.770,+0.00006,+0.00,+0.00000,0,+0.00000,+0.00000,0.00000,-4.360,0,186.2,0.0
21.277144,4,2,0.249132,0.249132,0.2490,+0.00013,1,2,0.0260,0,1,+0.67079,+0.06090,0.04006,190.96,+0.00000,+0.00009,+0.00000,+0.00000,0.00000,0.0001,0,1,0,0,0.0000,+0.00000,+0.00000,0.0000,+0.000,+0.000,1.0000,0,1.0000,0,2,+0.000,+0.000,+0.000,+0.00000,-17.770,+0.00006,+0.00,+0.00000,0,+0.00000,+0.00000,0.00000,-4.360,0,186.2,0.0
21.282562,4,2,0.249131,0.249131,0.2490,+0.00013,1,2,0.0260,0,1,+0.67079,+0.06090,0.04006,190.96,+0.00000,+0.00009,+0.00000,+0.00000,0.00000,0.0001,0,1,0,0,0.0000,+0.00000,+0.00000,0.0000,+0.000,+0.000,1.0000,0,1.0000,0,2,+0.000,+0.000,+0.000,+0.00000,-17.770,+0.00006,+0.00,+0.00000,0,+0.00000,+0.00000,0.00000,-4.360,0,186.2,0.0
21.287051,4,2,0.249131,0.249131,0.2490,+0.00013,1,2,0.0260,0,1,+0.67079,+0.06090,0.04006,190.96,+0.00000,+0.00009,+0.00000,+0.00000,0.00000,0.0001,0,1,0,0,0.0000,+0.00000,+0.00000,0.0000,+0.000,+0.000,1.0000,0,1.0000,0,2,+0.000,+0.000,+0.000,+0.00000,-17.770,+0.00006,+0.00,+0.00000,0,+0.00000,+0.00000,0.00000,-4.360,0,186.2,0.0
21.291579,4,2,0.249130,0.249130,0.2490,+0.00013,1,2,0.0260,0,1,+0.67079,+0.06090,0.04006,190.96,+0.00000,+0.00008,+0.00000,+0.00000,0.00000,0.0001,0,1,0,0,0.0000,+0.00000,+0.00000,0.0000,+0.000,+0.000,1.0000,0,1.0000,0,2,+0.000,+0.000,+0.000,+0.00000,-17.770,+0.00006,+0.00,+0.00000,0,+0.00000,+0.00000,0.00000,-4.360,0,203.2,0.0
21.296304,4,2,0.249130,0.249130,0.2490,+0.00013,1,2,0.0260,0,1,+0.67079,+0.06090,0.04006,190.96,+0.00000,+0.00008,+0.00000,+0.00000,0.00000,0.0001,0,1,0,0,0.0000,+0.00000,+0.00000,0.0000,+0.000,+0.000,1.0000,0,1.0000,0,2,+0.000,+0.000,+0.000,+0.00000,-17.770,+0.00006,+0.00,+0.00000,0,+0.00000,+0.00000,0.00000,-4.360,0,203.2,0.0
21.300927,4,2,0.249130,0.249130,0.2490,+0.00013,1,2,0.0260,0,1,+0.67079,+0.06090,0.04006,190.96,+0.00000,+0.00008,+0.00000,+0.00000,0.00000,0.0001,0,1,0,0,0.0000,+0.00000,+0.00000,0.0000,+0.000,+0.000,1.0000,0,1.0000,0,2,+0.000,+0.000,+0.000,+0.00000,-17.770,+0.00006,+0.00,+0.00000,0,+0.00000,+0.00000,0.00000,-4.360,0,203.2,0.0
21.305445,4,2,0.249129,0.249129,0.2490,+0.00013,1,2,0.0260,0,1,+0.67079,+0.06090,0.04006,190.96,+0.00000,+0.00008,+0.00000,+0.00000,0.00000,0.0001,0,1,0,0,0.0000,+0.00000,+0.00000,0.0000,+0.000,+0.000,1.0000,0,1.0000,0,2,+0.000,+0.000,+0.000,+0.00000,-17.770,+0.00006,+0.00,+0.00000,0,+0.00000,+0.00000,0.00000,-4.360,0,203.2,0.0
21.310175,4,2,0.249129,0.249129,0.2490,+0.00013,1,2,0.0260,0,1,+0.67079,+0.06090,0.04006,190.96,+0.00000,+0.00008,+0.00000,+0.00000,0.00000,0.0001,0,1,0,0,0.0000,+0.00000,+0.00000,0.0000,+0.000,+0.000,1.0000,0,1.0000,0,2,+0.000,+0.000,+0.000,+0.00000,-17.770,+0.00006,+0.00,+0.00000,0,+0.00000,+0.00000,0.00000,-4.360,0,203.2,0.0
21.314801,4,2,0.249128,0.249128,0.2490,+0.00013,1,2,0.0260,0,1,+0.67079,+0.06090,0.04006,190.96,+0.00000,+0.00008,+0.00000,+0.00000,0.00000,0.0001,0,1,0,0,0.0000,+0.00000,+0.00000,0.0000,+0.000,+0.000,1.0000,0,1.0000,0,2,+0.000,+0.000,+0.000,+0.00000,-17.770,+0.00006,+0.00,+0.00000,0,+0.00000,+0.00000,0.00000,-4.360,0,203.2,0.0
21.320746,4,2,0.249128,0.249128,0.2490,+0.00013,1,2,0.0260,0,1,+0.67079,+0.06090,0.04006,190.96,+0.00000,+0.00008,+0.00000,+0.00000,0.00000,0.0001,0,1,0,0,0.0000,+0.00000,+0.00000,0.0000,+0.000,+0.000,1.0000,0,1.0000,0,2,+0.000,+0.000,+0.000,+0.00000,-17.770,+0.00006,+0.00,+0.00000,0,+0.00000,+0.00000,0.00000,-4.360,0,203.2,0.0
21.325336,4,2,0.249128,0.249128,0.2490,+0.00013,1,2,0.0260,0,1,+0.67079,+0.06090,0.04006,190.96,+0.00000,+0.00008,+0.00000,+0.00000,0.00000,0.0001,0,1,0,0,0.0000,+0.00000,+0.00000,0.0000,+0.000,+0.000,1.0000,0,1.0000,0,2,+0.000,+0.000,+0.000,+0.00000,-17.770,+0.00006,+0.00,+0.00000,0,+0.00000,+0.00000,0.00000,-4.360,0,203.2,0.0
21.329924,4,2,0.249127,0.249127,0.2490,+0.00013,1,2,0.0260,0,1,+0.67079,+0.06090,0.04006,190.96,+0.00000,+0.00008,+0.00000,+0.00000,0.00000,0.0001,0,1,0,0,0.0000,+0.00000,+0.00000,0.0000,+0.000,+0.000,1.0000,0,1.0000,0,2,+0.000,+0.000,+0.000,+0.00000,-17.770,+0.00006,+0.00,+0.00000,0,+0.00000,+0.00000,0.00000,-4.360,0,203.2,0.0
21.334484,4,2,0.249127,0.249127,0.2490,+0.00013,1,2,0.0260,0,1,+0.67079,+0.06090,0.04006,190.96,+0.00000,+0.00008,+0.00000,+0.00000,0.00000,0.0001,0,1,0,0,0.0000,+0.00000,+0.00000,0.0000,+0.000,+0.000,1.0000,0,1.0000,0,2,+0.000,+0.000,+0.000,+0.00000,-17.770,+0.00006,+0.00,+0.00000,0,+0.00000,+0.00000,0.00000,-4.360,0,203.2,0.0
21.338778,4,2,0.249126,0.249126,0.2490,+0.00013,1,2,0.0260,0,1,+0.67079,+0.06090,0.04006,190.96,+0.00000,+0.00008,+0.00000,+0.00000,0.00000,0.0001,0,1,0,0,0.0000,+0.00000,+0.00000,0.0000,+0.000,+0.000,1.0000,0,1.0000,0,2,+0.000,+0.000,+0.000,+0.00000,-17.770,+0.00006,+0.00,+0.00000,0,+0.00000,+0.00000,0.00000,-4.360,0,203.2,0.0
21.343219,4,2,0.249126,0.249126,0.2490,+0.00013,1,2,0.0260,0,1,+0.67079,+0.06090,0.04006,190.96,+0.00000,+0.00008,+0.00000,+0.00000,0.00000,0.0001,0,1,0,0,0.0000,+0.00000,+0.00000,0.0000,+0.000,+0.000,1.0000,0,1.0000,0,2,+0.000,+0.000,+0.000,+0.00000,-17.770,+0.00006,+0.00,+0.00000,0,+0.00000,+0.00000,0.00000,-4.360,0,203.2,0.0
21.347656,4,2,0.249126,0.249126,0.2490,+0.00013,1,2,0.0260,0,1,+0.67079,+0.06090,0.04006,190.96,+0.00000,+0.00008,+0.00000,+0.00000,0.00000,0.0001,0,1,0,0,0.0000,+0.00000,+0.00000,0.0000,+0.000,+0.000,1.0000,0,1.0000,0,2,+0.000,+0.000,+0.000,+0.00000,-17.770,+0.00006,+0.00,+0.00000,0,+0.00000,+0.00000,0.00000,-4.360,0,203.2,0.0
21.352437,4,2,0.249125,0.249125,0.2490,+0.00013,1,2,0.0260,0,1,+0.67079,+0.06090,0.04006,190.96,+0.00000,+0.00007,+0.00000,+0.00000,0.00000,0.0001,0,1,0,0,0.0000,+0.00000,+0.00000,0.0000,+0.000,+0.000,1.0000,0,1.0000,0,2,+0.000,+0.000,+0.000,+0.00000,-17.770,+0.00006,+0.00,+0.00000,0,+0.00000,+0.00000,0.00000,-4.360,0,203.2,0.0
21.357030,4,2,0.249125,0.249125,0.2490,+0.00012,1,2,0.0260,0,1,+0.67079,+0.06090,0.04006,190.96,+0.00000,+0.00007,+0.00000,+0.00000,0.00000,0.0001,0,1,0,0,0.0000,+0.00000,+0.00000,0.0000,+0.000,+0.000,1.0000,0,1.0000,0,2,+0.000,+0.000,+0.000,+0.00000,-17.770,+0.00006,+0.00,+0.00000,0,+0.00000,+0.00000,0.00000,-4.360,0,203.2,0.0
21.364334,4,2,0.249124,0.249124,0.2490,+0.00012,1,2,0.0260,0,1,+0.67079,+0.06090,0.04006,190.96,+0.00000,+0.00007,+0.00000,+0.00000,0.00000,0.0001,0,1,0,0,0.0000,+0.00000,+0.00000,0.0000,+0.000,+0.000,1.0000,0,1.0000,0,2,+0.000,+0.000,+0.000,+0.00000,-17.770,+0.00006,+0.00,+0.00000,0,+0.00000,+0.00000,0.00000,-4.360,0,203.2,0.0
21.369330,4,2,0.249124,0.249124,0.2490,+0.00012,1,2,0.0260,0,1,+0.67079,+0.06090,0.04006,190.96,+0.00000,+0.00007,+0.00000,+0.00000,0.00000,0.0001,0,1,0,0,0.0000,+0.00000,+0.00000,0.0000,+0.000,+0.000,1.0000,0,1.0000,0,2,+0.000,+0.000,+0.000,+0.00000,-17.770,+0.00006,+0.00,+0.00000,0,+0.00000,+0.00000,0.00000,-4.360,0,203.2,0.0
21.373827,4,2,0.249124,0.249124,0.2490,+0.00012,1,2,0.0260,0,1,+0.67079,+0.06090,0.04006,190.96,+0.00000,+0.00007,+0.00000,+0.00000,0.00000,0.0001,0,1,0,0,0.0000,+0.00000,+0.00000,0.0000,+0.000,+0.000,1.0000,0,1.0000,0,2,+0.000,+0.000,+0.000,+0.00000,-17.770,+0.00006,+0.00,+0.00000,0,+0.00000,+0.00000,0.00000,-4.360,0,203.2,0.0
21.378519,4,2,0.249123,0.249123,0.2490,+0.00012,1,2,0.0260,0,1,+0.67079,+0.06090,0.04006,190.96,+0.00000,+0.00007,+0.00000,+0.00000,0.00000,0.0001,0,1,0,0,0.0000,+0.00000,+0.00000,0.0000,+0.000,+0.000,1.0000,0,1.0000,0,2,+0.000,+0.000,+0.000,+0.00000,-17.770,+0.00006,+0.00,+0.00000,0,+0.00000,+0.00000,0.00000,-4.360,0,203.2,0.0
21.383476,4,2,0.249123,0.249123,0.2490,+0.00012,1,2,0.0260,0,1,+0.67079,+0.06090,0.04006,190.96,+0.00000,+0.00007,+0.00000,+0.00000,0.00000,0.0001,0,1,0,0,0.0000,+0.00000,+0.00000,0.0000,+0.000,+0.000,1.0000,0,1.0000,0,2,+0.000,+0.000,+0.000,+0.00000,-17.770,+0.00006,+0.00,+0.00000,0,+0.00000,+0.00000,0.00000,-4.360,0,203.2,0.0
21.387926,4,2,0.249122,0.249122,0.2490,+0.00012,1,2,0.0260,0,1,+0.67079,+0.06090,0.04006,190.96,+0.00000,+0.00007,+0.00000,+0.00000,0.00000,0.0001,0,1,0,0,0.0000,+0.00000,+0.00000,0.0000,+0.000,+0.000,1.0000,0,1.0000,0,2,+0.000,+0.000,+0.000,+0.00000,-17.770,+0.00006,+0.00,+0.00000,0,+0.00000,+0.00000,0.00000,-4.360,0,203.2,0.0
21.392514,4,2,0.249122,0.249122,0.2490,+0.00012,1,2,0.0260,0,1,+0.67079,+0.06090,0.04006,190.96,+0.00000,+0.00007,+0.00000,+0.00000,0.00000,0.0001,0,1,0,0,0.0000,+0.00000,+0.00000,0.0000,+0.000,+0.000,1.0000,0,1.0000,0,2,+0.000,+0.000,+0.000,+0.00000,-17.770,+0.00006,+0.00,+0.00000,0,+0.00000,+0.00000,0.00000,-4.360,0,203.2,0.0
21.397018,4,2,0.249122,0.249122,0.2490,+0.00012,1,2,0.0260,0,1,+0.67079,+0.06090,0.04006,190.96,+0.00000,+0.00007,+0.00000,+0.00000,0.00000,0.0001,0,1,0,0,0.0000,+0.00000,+0.00000,0.0000,+0.000,+0.000,1.0000,0,1.0000,0,2,+0.000,+0.000,+0.000,+0.00000,-17.770,+0.00006,+0.00,+0.00000,0,+0.00000,+0.00000,0.00000,-4.360,0,203.2,0.0
21.401382,4,2,0.249121,0.249121,0.2490,+0.00012,1,2,0.0260,0,1,+0.67079,+0.06090,0.04006,190.96,+0.00000,+0.00007,+0.00000,+0.00000,0.00000,0.0001,0,1,0,0,0.0000,+0.00000,+0.00000,0.0000,+0.000,+0.000,1.0000,0,1.0000,0,2,+0.000,+0.000,+0.000,+0.00000,-17.770,+0.00006,+0.00,+0.00000,0,+0.00000,+0.00000,0.00000,-4.360,0,203.2,0.0
21.405833,4,2,0.249121,0.249121,0.2490,+0.00012,1,2,0.0260,0,1,+0.67079,+0.06090,0.04006,190.96,+0.00000,+0.00007,+0.00000,+0.00000,0.00000,0.0001,0,1,0,0,0.0000,+0.00000,+0.00000,0.0000,+0.000,+0.000,1.0000,0,1.0000,0,2,+0.000,+0.000,+0.000,+0.00000,-17.770,+0.00006,+0.00,+0.00000,0,+0.00000,+0.00000,0.00000,-4.360,0,203.2,0.0
21.411918,4,2,0.249120,0.249120,0.2490,+0.00012,1,2,0.0260,0,1,+0.67079,+0.06090,0.04006,190.96,+0.00000,+0.00007,+0.00000,+0.00000,0.00000,0.0001,0,1,0,0,0.0000,+0.00000,+0.00000,0.0000,+0.000,+0.000,1.0000,0,1.0000,0,2,+0.000,+0.000,+0.000,+0.00000,-17.770,+0.00006,+0.00,+0.00000,0,+0.00000,+0.00000,0.00000,-4.360,0,203.2,0.0
21.416514,4,2,0.249120,0.249120,0.2490,+0.00012,1,2,0.0260,0,1,+0.67079,+0.06090,0.04006,190.96,+0.00000,+0.00007,+0.00000,+0.00000,0.00000,0.0001,0,1,0,0,0.0000,+0.00000,+0.00000,0.0000,+0.000,+0.000,1.0000,0,1.0000,0,2,+0.000,+0.000,+0.000,+0.00000,-17.770,+0.00006,+0.00,+0.00000,0,+0.00000,+0.00000,0.00000,-4.359,0,203.2,0.0
21.420932,4,2,0.249120,0.249120,0.2490,+0.00012,1,2,0.0260,0,1,+0.67079,+0.06090,0.04006,190.96,+0.00000,+0.00007,+0.00000,+0.00000,0.00000,0.0001,0,1,0,0,0.0000,+0.00000,+0.00000,0.0000,+0.000,+0.000,1.0000,0,1.0000,0,2,+0.000,+0.000,+0.000,+0.00000,-17.770,+0.00006,+0.00,+0.00000,0,+0.00000,+0.00000,0.00000,-4.359,0,203.2,0.0
21.425546,4,2,0.249119,0.249119,0.2490,+0.00012,1,2,0.0260,0,1,+0.67079,+0.06090,0.04006,190.96,+0.00000,+0.00006,+0.00000,+0.00000,0.00000,0.0001,0,1,0,0,0.0000,+0.00000,+0.00000,0.0000,+0.000,+0.000,1.0000,0,1.0000,0,2,+0.000,+0.000,+0.000,+0.00000,-17.770,+0.00006,+0.00,+0.00000,0,+0.00000,+0.00000,0.00000,-4.359,0,203.2,0.0
21.430207,4,2,0.249119,0.249119,0.2490,+0.00012,1,2,0.0260,0,1,+0.67079,+0.06090,0.04006,190.96,+0.00000,+0.00006,+0.00000,+0.00000,0.00000,0.0001,0,1,0,0,0.0000,+0.00000,+0.00000,0.0000,+0.000,+0.000,1.0000,0,1.0000,0,2,+0.000,+0.000,+0.000,+0.00000,-17.770,+0.00006,+0.00,+0.00000,0,+0.00000,+0.00000,0.00000,-4.359,0,203.2,0.0
21.434739,4,2,0.249119,0.249119,0.2490,+0.00012,1,2,0.0260,0,1,+0.67079,+0.06090,0.04006,190.96,+0.00000,+0.00006,+0.00000,+0.00000,0.00000,0.0001,0,1,0,0,0.0000,+0.00000,+0.00000,0.0000,+0.000,+0.000,1.0000,0,1.0000,0,2,+0.000,+0.000,+0.000,+0.00000,-17.770,+0.00006,+0.00,+0.00000,0,+0.00000,+0.00000,0.00000,-4.359,0,203.2,0.0
21.443629,4,2,0.249118,0.249118,0.2490,+0.00012,1,2,0.0260,0,1,+0.67079,+0.06090,0.04006,190.96,+0.00000,+0.00006,+0.00000,+0.00000,0.00000,0.0001,0,1,0,0,0.0000,+0.00000,+0.00000,0.0000,+0.000,+0.000,1.0000,0,1.0000,0,2,+0.000,+0.000,+0.000,+0.00000,-17.770,+0.00006,+0.00,+0.00000,0,+0.00000,+0.00000,0.00000,-4.359,0,203.2,0.0
21.448142,4,2,0.249118,0.249118,0.2490,+0.00012,1,2,0.0260,0,1,+0.67079,+0.06090,0.04006,190.96,+0.00000,+0.00006,+0.00000,+0.00000,0.00000,0.0001,0,1,0,0,0.0000,+0.00000,+0.00000,0.0000,+0.000,+0.000,1.0000,0,1.0000,0,2,+0.000,+0.000,+0.000,+0.00000,-17.770,+0.00006,+0.00,+0.00000,0,+0.00000,+0.00000,0.00000,-4.359,0,203.2,0.0
21.452538,4,2,0.249117,0.249117,0.2490,+0.00012,1,2,0.0260,0,1,+0.67079,+0.06090,0.04006,190.96,+0.00000,+0.00006,+0.00000,+0.00000,0.00000,0.0001,0,1,0,0,0.0000,+0.00000,+0.00000,0.0000,+0.000,+0.000,1.0000,0,1.0000,0,2,+0.000,+0.000,+0.000,+0.00000,-17.770,+0.00006,+0.00,+0.00000,0,+0.00000,+0.00000,0.00000,-4.359,0,203.2,0.0
21.457011,4,2,0.249117,0.249117,0.2490,+0.00012,1,2,0.0260,0,1,+0.67079,+0.06090,0.04006,190.96,+0.00000,+0.00006,+0.00000,+0.00000,0.00000,0.0001,0,1,0,0,0.0000,+0.00000,+0.00000,0.0000,+0.000,+0.000,1.0000,0,1.0000,0,2,+0.000,+0.000,+0.000,+0.00000,-17.769,+0.00006,+0.00,+0.00000,0,+0.00000,+0.00000,0.00000,-4.359,0,203.2,0.0
21.461620,4,2,0.249116,0.249116,0.2490,+0.00012,1,2,0.0260,0,1,+0.67079,+0.06090,0.04006,190.96,+0.00000,+0.00006,+0.00000,+0.00000,0.00000,0.0001,0,1,0,0,0.0000,+0.00000,+0.00000,0.0000,+0.000,+0.000,1.0000,0,1.0000,0,2,+0.000,+0.000,+0.000,+0.00000,-17.769,+0.00006,+0.00,+0.00000,0,+0.00000,+0.00000,0.00000,-4.359,0,203.2,0.0
21.466143,4,2,0.249116,0.249116,0.2490,+0.00012,1,2,0.0260,0,1,+0.67079,+0.06090,0.04006,190.96,+0.00000,+0.00006,+0.00000,+0.00000,0.00000,0.0001,0,1,0,0,0.0000,+0.00000,+0.00000,0.0000,+0.000,+0.000,1.0000,0,1.0000,0,2,+0.000,+0.000,+0.000,+0.00000,-17.769,+0.00006,+0.00,+0.00000,0,+0.00000,+0.00000,0.00000,-4.359,0,203.2,0.0
21.470549,4,2,0.249116,0.249116,0.2490,+0.00012,1,2,0.0260,0,1,+0.67079,+0.06090,0.04006,190.96,+0.00000,+0.00006,+0.00000,+0.00000,0.00000,0.0001,0,1,0,0,0.0000,+0.00000,+0.00000,0.0000,+0.000,+0.000,1.0000,0,1.0000,0,2,+0.000,+0.000,+0.000,+0.00000,-17.769,+0.00006,+0.00,+0.00000,0,+0.00000,+0.00000,0.00000,-4.359,0,203.2,0.0
21.476679,4,2,0.249115,0.249115,0.2490,+0.00012,1,2,0.0260,0,1,+0.67079,+0.06090,0.04006,190.96,+0.00000,+0.00006,+0.00000,+0.00000,0.00000,0.0001,0,1,0,0,0.0000,+0.00000,+0.00000,0.0000,+0.000,+0.000,1.0000,0,1.0000,0,2,+0.000,+0.000,+0.000,+0.00000,-17.769,+0.00006,+0.00,+0.00000,0,+0.00000,+0.00000,0.00000,-4.359,0,203.2,0.0
21.481247,4,2,0.249115,0.249115,0.2490,+0.00011,1,2,0.0260,0,1,+0.67079,+0.06090,0.04006,190.96,+0.00000,+0.00006,+0.00000,+0.00000,0.00000,0.0001,0,1,0,0,0.0000,+0.00000,+0.00000,0.0000,+0.000,+0.000,1.0000,0,1.0000,0,2,+0.000,+0.000,+0.000,+0.00000,-17.769,+0.00006,+0.00,+0.00000,0,+0.00000,+0.00000,0.00000,-4.359,0,203.2,0.0
21.485777,4,2,0.249115,0.249115,0.2490,+0.00011,1,2,0.0260,0,1,+0.67079,+0.06090,0.04006,190.96,+0.00000,+0.00006,+0.00000,+0.00000,0.00000,0.0001,0,1,0,0,0.0000,+0.00000,+0.00000,0.0000,+0.000,+0.000,1.0000,0,1.0000,0,2,+0.000,+0.000,+0.000,+0.00000,-17.769,+0.00006,+0.00,+0.00000,0,+0.00000,+0.00000,0.00000,-4.359,0,203.2,0.0
21.490146,4,2,0.249114,0.249114,0.2490,+0.00011,1,2,0.0260,0,1,+0.67079,+0.06090,0.04006,190.96,+0.00000,+0.00006,+0.00000,+0.00000,0.00000,0.0001,0,1,0,0,0.0000,+0.00000,+0.00000,0.0000,+0.000,+0.000,1.0000,0,1.0000,0,2,+0.000,+0.000,+0.000,+0.00000,-17.769,+0.00006,+0.00,+0.00000,0,+0.00000,+0.00000,0.00000,-4.359,0,203.2,0.0
21.494633,4,2,0.249114,0.249114,0.2490,+0.00011,1,2,0.0260,0,1,+0.67079,+0.06090,0.04006,190.96,+0.00000,+0.00006,+0.00000,+0.00000,0.00000,0.0001,0,1,0,0,0.0000,+0.00000,+0.00000,0.0000,+0.000,+0.000,1.0000,0,1.0000,0,2,+0.000,+0.000,+0.000,+0.00000,-17.769,+0.00006,+0.00,+0.00000,0,+0.00000,+0.00000,0.00000,-4.359,0,203.2,0.0
21.499963,4,2,0.249114,0.249114,0.2490,+0.00011,1,2,0.0260,0,1,+0.67079,+0.06090,0.04006,190.96,+0.00000,+0.00006,+0.00000,+0.00000,0.00000,0.0001,0,1,0,0,0.0000,+0.00000,+0.00000,0.0000,+0.000,+0.000,1.0000,0,1.0000,0,2,+0.000,+0.000,+0.000,+0.00000,-17.769,+0.00006,+0.00,+0.00000,0,+0.00000,+0.00000,0.00000,-4.359,0,203.2,0.0
21.505143,4,2,0.249113,0.249113,0.2490,+0.00011,1,2,0.0260,0,1,+0.67079,+0.06090,0.04006,190.96,+0.00000,+0.00006,+0.00000,+0.00000,0.00000,0.0001,0,1,0,0,0.0000,+0.00000,+0.00000,0.0000,+0.000,+0.000,1.0000,0,1.0000,0,2,+0.000,+0.000,+0.000,+0.00000,-17.769,+0.00006,+0.00,+0.00000,0,+0.00000,+0.00000,0.00000,-4.359,0,203.2,0.0
21.509802,4,2,0.249113,0.249113,0.2490,+0.00011,1,2,0.0260,0,1,+0.67079,+0.06090,0.04006,190.96,+0.00000,+0.00005,+0.00000,+0.00000,0.00000,0.0001,0,1,0,0,0.0000,+0.00000,+0.00000,0.0000,+0.000,+0.000,1.0000,0,1.0000,0,2,+0.000,+0.000,+0.000,+0.00000,-17.769,+0.00006,+0.00,+0.00000,0,+0.00000,+0.00000,0.00000,-4.359,0,203.2,0.0
21.514431,4,2,0.249112,0.249112,0.2490,+0.00011,1,2,0.0260,0,1,+0.67079,+0.06090,0.04006,190.96,+0.00000,+0.00005,+0.00000,+0.00000,0.00000,0.0001,0,1,0,0,0.0000,+0.00000,+0.00000,0.0000,+0.000,+0.000,1.0000,0,1.0000,0,2,+0.000,+0.000,+0.000,+0.00000,-17.769,+0.00006,+0.00,+0.00000,0,+0.00000,+0.00000,0.00000,-4.359,0,203.2,0.0
21.519263,4,2,0.249112,0.249112,0.2490,+0.00011,1,2,0.0260,0,1,+0.67079,+0.06090,0.04006,190.96,+0.00000,+0.00005,+0.00000,+0.00000,0.00000,0.0001,0,1,0,0,0.0000,+0.00000,+0.00000,0.0000,+0.000,+0.000,1.0000,0,1.0000,0,2,+0.000,+0.000,+0.000,+0.00000,-17.769,+0.00006,+0.00,+0.00000,0,+0.00000,+0.00000,0.00000,-4.359,0,203.2,0.0
21.523686,4,2,0.249112,0.249112,0.2490,+0.00011,1,2,0.0260,0,1,+0.67079,+0.06090,0.04006,190.96,+0.00000,+0.00005,+0.00000,+0.00000,0.00000,0.0001,0,1,0,0,0.0000,+0.00000,+0.00000,0.0000,+0.000,+0.000,1.0000,0,1.0000,0,2,+0.000,+0.000,+0.000,+0.00000,-17.769,+0.00006,+0.00,+0.00000,0,+0.00000,+0.00000,0.00000,-4.359,0,203.2,0.0
21.528319,4,2,0.249111,0.249111,0.2490,+0.00011,1,2,0.0260,0,1,+0.67079,+0.06090,0.04006,190.96,+0.00000,+0.00005,+0.00000,+0.00000,0.00000,0.0001,0,1,0,0,0.0000,+0.00000,+0.00000,0.0000,+0.000,+0.000,1.0000,0,1.0000,0,2,+0.000,+0.000,+0.000,+0.00000,-17.769,+0.00006,+0.00,+0.00000,0,+0.00000,+0.00000,0.00000,-4.359,0,203.2,0.0
21.533021,4,2,0.249111,0.249111,0.2490,+0.00011,1,2,0.0260,0,1,+0.67079,+0.06090,0.04006,190.96,+0.00000,+0.00005,+0.00000,+0.00000,0.00000,0.0001,0,1,0,0,0.0000,+0.00000,+0.00000,0.0000,+0.000,+0.000,1.0000,0,1.0000,0,2,+0.000,+0.000,+0.000,+0.00000,-17.769,+0.00006,+0.00,+0.00000,0,+0.00000,+0.00000,0.00000,-4.359,0,203.2,0.0
21.537805,4,2,0.249111,0.249111,0.2490,+0.00011,1,2,0.0260,0,1,+0.67079,+0.06090,0.04006,190.96,+0.00000,+0.00005,+0.00000,+0.00000,0.00000,0.0001,0,1,0,0,0.0000,+0.00000,+0.00000,0.0000,+0.000,+0.000,1.0000,0,1.0000,0,2,+0.000,+0.000,+0.000,+0.00000,-17.769,+0.00006,+0.00,+0.00000,0,+0.00000,+0.00000,0.00000,-4.359,0,203.2,0.0
21.542464,4,2,0.249110,0.249110,0.2490,+0.00011,1,2,0.0260,0,1,+0.67079,+0.06090,0.04006,190.96,+0.00000,+0.00005,+0.00000,+0.00000,0.00000,0.0001,0,1,0,0,0.0000,+0.00000,+0.00000,0.0000,+0.000,+0.000,1.0000,0,1.0000,0,2,+0.000,+0.000,+0.000,+0.00000,-17.769,+0.00006,+0.00,+0.00000,0,+0.00000,+0.00000,0.00000,-4.359,0,203.2,0.0
21.547173,4,2,0.249110,0.249110,0.2490,+0.00011,1,2,0.0260,0,1,+0.67079,+0.06090,0.04006,190.96,+0.00000,+0.00005,+0.00000,+0.00000,0.00000,0.0001,0,1,0,0,0.0000,+0.00000,+0.00000,0.0000,+0.000,+0.000,1.0000,0,1.0000,0,2,+0.000,+0.000,+0.000,+0.00000,-17.769,+0.00006,+0.00,+0.00000,0,+0.00000,+0.00000,0.00000,-4.359,0,203.2,0.0
21.552887,4,2,0.249110,0.249110,0.2490,+0.00011,1,2,0.0260,0,1,+0.67079,+0.06090,0.04006,190.96,+0.00000,+0.00005,+0.00000,+0.00000,0.00000,0.0001,0,1,0,0,0.0000,+0.00000,+0.00000,0.0000,+0.000,+0.000,1.0000,0,1.0000,0,2,+0.000,+0.000,+0.000,+0.00000,-17.769,+0.00006,+0.00,+0.00000,0,+0.00000,+0.00000,0.00000,-4.359,0,203.2,0.0
21.557590,4,2,0.249109,0.249109,0.2490,+0.00011,1,2,0.0260,0,1,+0.67079,+0.06090,0.04006,190.96,+0.00000,+0.00005,+0.00000,+0.00000,0.00000,0.0001,0,1,0,0,0.0000,+0.00000,+0.00000,0.0000,+0.000,+0.000,1.0000,0,1.0000,0,2,+0.000,+0.000,+0.000,+0.00000,-17.769,+0.00006,+0.00,+0.00000,0,+0.00000,+0.00000,0.00000,-4.359,0,203.2,0.0
21.562798,4,2,0.249109,0.249109,0.2490,+0.00011,1,2,0.0260,0,1,+0.67079,+0.06090,0.04006,190.96,+0.00000,+0.00005,+0.00000,+0.00000,0.00000,0.0001,0,1,0,0,0.0000,+0.00000,+0.00000,0.0000,+0.000,+0.000,1.0000,0,1.0000,0,2,+0.000,+0.000,+0.000,+0.00000,-17.769,+0.00006,+0.00,+0.00000,0,+0.00000,+0.00000,0.00000,-4.359,0,203.2,0.0
21.567358,4,2,0.249109,0.249109,0.2490,+0.00011,1,2,0.0260,0,1,+0.67079,+0.06090,0.04006,190.96,+0.00000,+0.00005,+0.00000,+0.00000,0.00000,0.0001,0,1,0,0,0.0000,+0.00000,+0.00000,0.0000,+0.000,+0.000,1.0000,0,1.0000,0,2,+0.000,+0.000,+0.000,+0.00000,-17.769,+0.00006,+0.00,+0.00000,0,+0.00000,+0.00000,0.00000,-4.359,0,203.2,0.0
21.571899,4,2,0.249108,0.249108,0.2490,+0.00011,1,2,0.0260,0,1,+0.67079,+0.06090,0.04006,190.96,+0.00000,+0.00005,+0.00000,+0.00000,0.00000,0.0001,0,1,0,0,0.0000,+0.00000,+0.00000,0.0000,+0.000,+0.000,1.0000,0,1.0000,0,2,+0.000,+0.000,+0.000,+0.00000,-17.769,+0.00006,+0.00,+0.00000,0,+0.00000,+0.00000,0.00000,-4.359,0,203.2,0.0
21.576858,4,2,0.249108,0.249108,0.2490,+0.00011,1,2,0.0260,0,1,+0.67079,+0.06090,0.04006,190.96,+0.00000,+0.00005,+0.00000,+0.00000,0.00000,0.0001,0,1,0,0,0.0000,+0.00000,+0.00000,0.0000,+0.000,+0.000,1.0000,0,1.0000,0,2,+0.000,+0.000,+0.000,+0.00000,-17.769,+0.00006,+0.00,+0.00000,0,+0.00000,+0.00000,0.00000,-4.359,0,203.2,0.0
21.581423,4,2,0.249108,0.249108,0.2490,+0.00011,1,2,0.0260,0,1,+0.67079,+0.06090,0.04006,190.96,+0.00000,+0.00005,+0.00000,+0.00000,0.00000,0.0001,0,1,0,0,0.0000,+0.00000,+0.00000,0.0000,+0.000,+0.000,1.0000,0,1.0000,0,2,+0.000,+0.000,+0.000,+0.00000,-17.769,+0.00006,+0.00,+0.00000,0,+0.00000,+0.00000,0.00000,-4.359,0,203.2,0.0
21.585958,4,2,0.249107,0.249107,0.2490,+0.00011,1,2,0.0260,0,1,+0.67079,+0.06090,0.04006,190.96,+0.00000,+0.00005,+0.00000,+0.00000,0.00000,0.0001,0,1,0,0,0.0000,+0.00000,+0.00000,0.0000,+0.000,+0.000,1.0000,0,1.0000,0,2,+0.000,+0.000,+0.000,+0.00000,-17.769,+0.00006,+0.00,+0.00000,0,+0.00000,+0.00000,0.00000,-4.359,0,203.2,0.0
21.590528,4,2,0.249107,0.249107,0.2490,+0.00011,1,2,0.0260,0,1,+0.67079,+0.06090,0.04006,190.96,+0.00000,+0.00005,+0.00000,+0.00000,0.00000,0.0001,0,1,0,0,0.0000,+0.00000,+0.00000,0.0000,+0.000,+0.000,1.0000,0,1.0000,0,2,+0.000,+0.000,+0.000,+0.00000,-17.769,+0.00006,+0.00,+0.00000,0,+0.00000,+0.00000,0.00000,-4.359,0,203.2,0.0
21.595064,4,2,0.249107,0.249107,0.2490,+0.00011,1,2,0.0260,0,1,+0.67079,+0.06090,0.04006,190.96,+0.00000,+0.00005,+0.00000,+0.00000,0.00000,0.0001,0,1,0,0,0.0000,+0.00000,+0.00000,0.0000,+0.000,+0.000,1.0000,0,1.0000,0,2,+0.000,+0.000,+0.000,+0.00000,-17.769,+0.00006,+0.00,+0.00000,0,+0.00000,+0.00000,0.00000,-4.359,0,203.2,0.0
21.599971,4,2,0.249106,0.249106,0.2490,+0.00011,1,2,0.0260,0,1,+0.67079,+0.06090,0.04006,190.96,+0.00000,+0.00005,+0.00000,+0.00000,0.00000,0.0001,0,1,0,0,0.0000,+0.00000,+0.00000,0.0000,+0.000,+0.000,1.0000,0,1.0000,0,2,+0.000,+0.000,+0.000,+0.00000,-17.769,+0.00006,+0.00,+0.00000,0,+0.00000,+0.00000,0.00000,-4.359,0,203.2,0.0
21.604493,4,2,0.249106,0.249106,0.2490,+0.00011,1,2,0.0260,0,1,+0.67079,+0.06090,0.04006,190.96,+0.00000,+0.00005,+0.00000,+0.00000,0.00000,0.0000,0,1,0,0,0.0000,+0.00000,+0.00000,0.0000,+0.000,+0.000,1.0000,0,1.0000,0,2,+0.000,+0.000,+0.000,+0.00000,-17.769,+0.00006,+0.00,+0.00000,0,+0.00000,+0.00000,0.00000,-4.359,0,203.2,0.0
21.609077,4,2,0.249106,0.249106,0.2490,+0.00011,1,2,0.0260,0,1,+0.67079,+0.06090,0.04006,190.96,+0.00000,+0.00004,+0.00000,+0.00000,0.00000,0.0000,0,1,0,0,0.0000,+0.00000,+0.00000,0.0000,+0.000,+0.000,1.0000,0,1.0000,0,2,+0.000,+0.000,+0.000,+0.00000,-17.769,+0.00006,+0.00,+0.00000,0,+0.00000,+0.00000,0.00000,-4.359,0,203.2,0.0
21.614525,4,2,0.249105,0.249105,0.2490,+0.00011,1,2,0.0260,0,1,+0.67079,+0.06090,0.04006,190.96,+0.00000,+0.00004,+0.00000,+0.00000,0.00000,0.0000,0,1,0,0,0.0000,+0.00000,+0.00000,0.0000,+0.000,+0.000,1.0000,0,1.0000,0,2,+0.000,+0.000,+0.000,+0.00000,-17.769,+0.00006,+0.00,+0.00000,0,+0.00000,+0.00000,0.00000,-4.359,0,203.2,0.0
21.619241,4,2,0.249105,0.249105,0.2490,+0.00010,1,2,0.0260,0,1,+0.67079,+0.06090,0.04006,190.96,+0.00000,+0.00004,+0.00000,+0.00000,0.00000,0.0000,0,1,0,0,0.0000,+0.00000,+0.00000,0.0000,+0.000,+0.000,1.0000,0,1.0000,0,2,+0.000,+0.000,+0.000,+0.00000,-17.769,+0.00006,+0.00,+0.00000,0,+0.00000,+0.00000,0.00000,-4.359,0,203.2,0.0
21.623578,4,2,0.249105,0.249105,0.2490,+0.00010,1,2,0.0260,0,1,+0.67079,+0.06090,0.04006,190.96,+0.00000,+0.00004,+0.00000,+0.00000,0.00000,0.0000,0,1,0,0,0.0000,+0.00000,+0.00000,0.0000,+0.000,+0.000,1.0000,0,1.0000,0,2,+0.000,+0.000,+0.000,+0.00000,-17.769,+0.00006,+0.00,+0.00000,0,+0.00000,+0.00000,0.00000,-4.359,0,203.2,0.0
21.628256,4,2,0.249104,0.249104,0.2490,+0.00010,1,2,0.0260,0,1,+0.67079,+0.06090,0.04006,190.96,+0.00000,+0.00004,+0.00000,+0.00000,0.00000,0.0000,0,1,0,0,0.0000,+0.00000,+0.00000,0.0000,+0.000,+0.000,1.0000,0,1.0000,0,2,+0.000,+0.000,+0.000,+0.00000,-17.769,+0.00006,+0.00,+0.00000,0,+0.00000,+0.00000,0.00000,-4.359,0,203.2,0.0
21.632853,4,2,0.249104,0.249104,0.2490,+0.00010,1,2,0.0260,0,1,+0.67079,+0.06090,0.04006,190.96,+0.00000,+0.00004,+0.00000,+0.00000,0.00000,0.0000,0,1,0,0,0.0000,+0.00000,+0.00000,0.0000,+0.000,+0.000,1.0000,0,1.0000,0,2,+0.000,+0.000,+0.000,+0.00000,-17.769,+0.00006,+0.00,+0.00000,0,+0.00000,+0.00000,0.00000,-4.359,0,203.2,0.0
21.637503,4,2,0.249104,0.249104,0.2490,+0.00010,1,2,0.0260,0,1,+0.67079,+0.06090,0.04006,190.96,+0.00000,+0.00004,+0.00000,+0.00000,0.00000,0.0000,0,1,0,0,0.0000,+0.00000,+0.00000,0.0000,+0.000,+0.000,1.0000,0,1.0000,0,2,+0.000,+0.000,+0.000,+0.00000,-17.769,+0.00006,+0.00,+0.00000,0,+0.00000,+0.00000,0.00000,-4.359,0,203.2,0.0
21.642003,4,2,0.249103,0.249103,0.2490,+0.00010,1,2,0.0260,0,1,+0.67079,+0.06090,0.04006,190.96,+0.00000,+0.00004,+0.00000,+0.00000,0.00000,0.0000,0,1,0,0,0.0000,+0.00000,+0.00000,0.0000,+0.000,+0.000,1.0000,0,1.0000,0,2,+0.000,+0.000,+0.000,+0.00000,-17.769,+0.00006,+0.00,+0.00000,0,+0.00000,+0.00000,0.00000,-4.359,0,203.2,0.0
21.646630,4,2,0.249103,0.249103,0.2490,+0.00010,1,2,0.0260,0,1,+0.67079,+0.06090,0.04006,190.96,+0.00000,+0.00004,+0.00000,+0.00000,0.00000,0.0000,0,1,0,0,0.0000,+0.00000,+0.00000,0.0000,+0.000,+0.000,1.0000,0,1.0000,0,2,+0.000,+0.000,+0.000,+0.00000,-17.769,+0.00006,+0.00,+0.00000,0,+0.00000,+0.00000,0.00000,-4.359,0,203.2,0.0
21.651042,4,2,0.249103,0.249103,0.2490,+0.00010,1,2,0.0260,0,1,+0.67079,+0.06090,0.04006,190.96,+0.00000,+0.00004,+0.00000,+0.00000,0.00000,0.0000,0,1,0,0,0.0000,+0.00000,+0.00000,0.0000,+0.000,+0.000,1.0000,0,1.0000,0,2,+0.000,+0.000,+0.000,+0.00000,-17.769,+0.00006,+0.00,+0.00000,0,+0.00000,+0.00000,0.00000,-4.359,0,203.2,0.0
21.655962,4,2,0.249102,0.249102,0.2490,+0.00010,1,2,0.0260,0,1,+0.67079,+0.06090,0.04006,190.96,+0.00000,+0.00004,+0.00000,+0.00000,0.00000,0.0000,0,1,0,0,0.0000,+0.00000,+0.00000,0.0000,+0.000,+0.000,1.0000,0,1.0000,0,2,+0.000,+0.000,+0.000,+0.00000,-17.769,+0.00006,+0.00,+0.00000,0,+0.00000,+0.00000,0.00000,-4.359,0,203.2,0.0
21.660664,4,2,0.249102,0.249102,0.2490,+0.00010,1,2,0.0260,0,1,+0.67079,+0.06090,0.04006,190.96,+0.00000,+0.00004,+0.00000,+0.00000,0.00000,0.0000,0,1,0,0,0.0000,+0.00000,+0.00000,0.0000,+0.000,+0.000,1.0000,0,1.0000,0,2,+0.000,+0.000,+0.000,+0.00000,-17.769,+0.00006,+0.00,+0.00000,0,+0.00000,+0.00000,0.00000,-4.359,0,203.2,0.0
21.665619,4,2,0.249102,0.249102,0.2490,+0.00010,1,2,0.0260,0,1,+0.67079,+0.06090,0.04006,190.96,+0.00000,+0.00004,+0.00000,+0.00000,0.00000,0.0000,0,1,0,0,0.0000,+0.00000,+0.00000,0.0000,+0.000,+0.000,1.0000,0,1.0000,0,2,+0.000,+0.000,+0.000,+0.00000,-17.769,+0.00006,+0.00,+0.00000,0,+0.00000,+0.00000,0.00000,-4.359,0,203.2,0.0
21.670227,4,2,0.249101,0.249101,0.2490,+0.00010,1,2,0.0260,0,1,+0.67079,+0.06090,0.04006,190.96,+0.00000,+0.00004,+0.00000,+0.00000,0.00000,0.0000,0,1,0,0,0.0000,+0.00000,+0.00000,0.0000,+0.000,+0.000,1.0000,0,1.0000,0,2,+0.000,+0.000,+0.000,+0.00000,-17.769,+0.00006,+0.00,+0.00000,0,+0.00000,+0.00000,0.00000,-4.359,0,203.2,0.0
21.676178,4,2,0.249101,0.249101,0.2490,+0.00010,1,2,0.0260,0,1,+0.67079,+0.06090,0.04006,190.96,+0.00000,+0.00004,+0.00000,+0.00000,0.00000,0.0000,0,1,0,0,0.0000,+0.00000,+0.00000,0.0000,+0.000,+0.000,1.0000,0,1.0000,0,2,+0.000,+0.000,+0.000,+0.00000,-17.769,+0.00006,+0.00,+0.00000,0,+0.00000,+0.00000,0.00000,-4.359,0,203.2,0.0
21.680877,4,2,0.249101,0.249101,0.2490,+0.00010,1,2,0.0260,0,1,+0.67079,+0.06090,0.04006,190.96,+0.00000,+0.00004,+0.00000,+0.00000,0.00000,0.0000,0,1,0,0,0.0000,+0.00000,+0.00000,0.0000,+0.000,+0.000,1.0000,0,1.0000,0,2,+0.000,+0.000,+0.000,+0.00000,-17.769,+0.00006,+0.00,+0.00000,0,+0.00000,+0.00000,0.00000,-4.359,0,203.2,0.0
21.685161,4,2,0.249100,0.249100,0.2490,+0.00010,1,2,0.0260,0,1,+0.67079,+0.06090,0.04006,190.96,+0.00000,+0.00004,+0.00000,+0.00000,0.00000,0.0000,0,1,0,0,0.0000,+0.00000,+0.00000,0.0000,+0.000,+0.000,1.0000,0,1.0000,0,2,+0.000,+0.000,+0.000,+0.00000,-17.769,+0.00006,+0.00,+0.00000,0,+0.00000,+0.00000,0.00000,-4.359,0,203.2,0.0
21.689768,4,2,0.249100,0.249100,0.2490,+0.00010,1,2,0.0260,0,1,+0.67079,+0.06090,0.04006,190.96,+0.00000,+0.00004,+0.00000,+0.00000,0.00000,0.0000,0,1,0,0,0.0000,+0.00000,+0.00000,0.0000,+0.000,+0.000,1.0000,0,1.0000,0,2,+0.000,+0.000,+0.000,+0.00000,-17.769,+0.00006,+0.00,+0.00000,0,+0.00000,+0.00000,0.00000,-4.359,0,203.2,0.0
21.694298,4,2,0.249100,0.249100,0.2490,+0.00010,1,2,0.0260,0,1,+0.67079,+0.06090,0.04006,190.96,+0.00000,+0.00004,+0.00000,+0.00000,0.00000,0.0000,0,1,0,0,0.0000,+0.00000,+0.00000,0.0000,+0.000,+0.000,1.0000,0,1.0000,0,2,+0.000,+0.000,+0.000,+0.00000,-17.769,+0.00006,+0.00,+0.00000,0,+0.00000,+0.00000,0.00000,-4.359,0,203.2,0.0
21.698948,4,2,0.249099,0.249099,0.2490,+0.00010,1,2,0.0260,0,1,+0.67079,+0.06090,0.04006,190.96,+0.00000,+0.00004,+0.00000,+0.00000,0.00000,0.0000,0,1,0,0,0.0000,+0.00000,+0.00000,0.0000,+0.000,+0.000,1.0000,0,1.0000,0,2,+0.000,+0.000,+0.000,+0.00000,-17.769,+0.00006,+0.00,+0.00000,0,+0.00000,+0.00000,0.00000,-4.359,0,203.2,0.0
21.703633,4,2,0.249099,0.249099,0.2490,+0.00010,1,2,0.0260,0,1,+0.67079,+0.06090,0.04006,190.96,+0.00000,+0.00004,+0.00000,+0.00000,0.00000,0.0000,0,1,0,0,0.0000,+0.00000,+0.00000,0.0000,+0.000,+0.000,1.0000,0,1.0000,0,2,+0.000,+0.000,+0.000,+0.00000,-17.769,+0.00006,+0.00,+0.00000,0,+0.00000,+0.00000,0.00000,-4.359,0,203.2,0.0
21.710390,4,2,0.249099,0.249099,0.2490,+0.00010,1,2,0.0260,0,1,+0.67079,+0.06090,0.04006,190.96,+0.00000,+0.00004,+0.00000,+0.00000,0.00000,0.0000,0,1,0,0,0.0000,+0.00000,+0.00000,0.0000,+0.000,+0.000,1.0000,0,1.0000,0,2,+0.000,+0.000,+0.000,+0.00000,-17.769,+0.00006,+0.00,+0.00000,0,+0.00000,+0.00000,0.00000,-4.359,0,203.2,0.0
21.714974,4,2,0.249098,0.249098,0.2490,+0.00010,1,2,0.0260,0,1,+0.67079,+0.06090,0.04006,190.96,+0.00000,+0.00004,+0.00000,+0.00000,0.00000,0.0000,0,1,0,0,0.0000,+0.00000,+0.00000,0.0000,+0.000,+0.000,1.0000,0,1.0000,0,2,+0.000,+0.000,+0.000,+0.00000,-17.769,+0.00006,+0.00,+0.00000,0,+0.00000,+0.00000,0.00000,-4.359,0,203.2,0.0
21.719486,4,2,0.249098,0.249098,0.2490,+0.00010,1,2,0.0260,0,1,+0.67079,+0.06090,0.04006,190.96,+0.00000,+0.00004,+0.00000,+0.00000,0.00000,0.0000,0,1,0,0,0.0000,+0.00000,+0.00000,0.0000,+0.000,+0.000,1.0000,0,1.0000,0,2,+0.000,+0.000,+0.000,+0.00000,-17.769,+0.00006,+0.00,+0.00000,0,+0.00000,+0.00000,0.00000,-4.359,0,203.2,0.0
21.724133,4,2,0.249098,0.249098,0.2490,+0.00010,1,2,0.0260,0,1,+0.67079,+0.06090,0.04006,190.96,+0.00000,+0.00004,+0.00000,+0.00000,0.00000,0.0000,0,1,0,0,0.0000,+0.00000,+0.00000,0.0000,+0.000,+0.000,1.0000,0,1.0000,0,2,+0.000,+0.000,+0.000,+0.00000,-17.769,+0.00006,+0.00,+0.00000,0,+0.00000,+0.00000,0.00000,-4.359,0,203.2,0.0
21.728709,4,2,0.249097,0.249097,0.2490,+0.00010,1,2,0.0260,0,1,+0.67079,+0.06090,0.04006,190.96,+0.00000,+0.00004,+0.00000,+0.00000,0.00000,0.0000,0,1,0,0,0.0000,+0.00000,+0.00000,0.0000,+0.000,+0.000,1.0000,0,1.0000,0,2,+0.000,+0.000,+0.000,+0.00000,-17.769,+0.00006,+0.00,+0.00000,0,+0.00000,+0.00000,0.00000,-4.359,0,203.2,0.0
21.732956,4,2,0.249097,0.249097,0.2490,+0.00010,1,2,0.0260,0,1,+0.67079,+0.06090,0.04006,190.96,+0.00000,+0.00003,+0.00000,+0.00000,0.00000,0.0000,0,1,0,0,0.0000,+0.00000,+0.00000,0.0000,+0.000,+0.000,1.0000,0,1.0000,0,2,+0.000,+0.000,+0.000,+0.00000,-17.769,+0.00006,+0.00,+0.00000,0,+0.00000,+0.00000,0.00000,-4.359,0,203.2,0.0
21.737636,4,2,0.249097,0.249097,0.2490,+0.00010,1,2,0.0260,0,1,+0.67079,+0.06090,0.04006,190.96,+0.00000,+0.00003,+0.00000,+0.00000,0.00000,0.0000,0,1,0,0,0.0000,+0.00000,+0.00000,0.0000,+0.000,+0.000,1.0000,0,1.0000,0,2,+0.000,+0.000,+0.000,+0.00000,-17.769,+0.00006,+0.00,+0.00000,0,+0.00000,+0.00000,0.00000,-4.359,0,203.2,0.0
21.742170,4,2,0.249097,0.249097,0.2490,+0.00010,1,2,0.0260,0,1,+0.67079,+0.06090,0.04006,190.96,+0.00000,+0.00003,+0.00000,+0.00000,0.00000,0.0000,0,1,0,0,0.0000,+0.00000,+0.00000,0.0000,+0.000,+0.000,1.0000,0,1.0000,0,2,+0.000,+0.000,+0.000,+0.00000,-17.769,+0.00006,+0.00,+0.00000,0,+0.00000,+0.00000,0.00000,-4.359,0,203.2,0.0
21.746834,4,2,0.249096,0.249096,0.2490,+0.00010,1,2,0.0260,0,1,+0.67079,+0.06090,0.04006,190.96,+0.00000,+0.00003,+0.00000,+0.00000,0.00000,0.0000,0,1,0,0,0.0000,+0.00000,+0.00000,0.0000,+0.000,+0.000,1.0000,0,1.0000,0,2,+0.000,+0.000,+0.000,+0.00000,-17.769,+0.00006,+0.00,+0.00000,0,+0.00000,+0.00000,0.00000,-4.359,0,203.2,0.0
21.751359,4,2,0.249096,0.249096,0.2490,+0.00010,1,2,0.0260,0,1,+0.67079,+0.06090,0.04006,190.96,+0.00000,+0.00003,+0.00000,+0.00000,0.00000,0.0000,0,1,0,0,0.0000,+0.00000,+0.00000,0.0000,+0.000,+0.000,1.0000,0,1.0000,0,2,+0.000,+0.000,+0.000,+0.00000,-17.769,+0.00006,+0.00,+0.00000,0,+0.00000,+0.00000,0.00000,-4.359,0,203.2,0.0
21.755881,4,2,0.249096,0.249096,0.2490,+0.00010,1,2,0.0260,0,1,+0.67079,+0.06090,0.04006,190.96,+0.00000,+0.00003,+0.00000,+0.00000,0.00000,0.0000,0,1,0,0,0.0000,+0.00000,+0.00000,0.0000,+0.000,+0.000,1.0000,0,1.0000,0,2,+0.000,+0.000,+0.000,+0.00000,-17.769,+0.00006,+0.00,+0.00000,0,+0.00000,+0.00000,0.00000,-4.359,0,203.2,0.0
21.760368,4,2,0.249095,0.249095,0.2490,+0.00010,1,2,0.0260,0,1,+0.67079,+0.06090,0.04006,190.96,+0.00000,+0.00003,+0.00000,+0.00000,0.00000,0.0000,0,1,0,0,0.0000,+0.00000,+0.00000,0.0000,+0.000,+0.000,1.0000,0,1.0000,0,2,+0.000,+0.000,+0.000,+0.00000,-17.768,+0.00006,+0.00,+0.00000,0,+0.00000,+0.00000,0.00000,-4.359,0,203.2,0.0
21.764986,4,2,0.249095,0.249095,0.2490,+0.00010,1,2,0.0260,0,1,+0.67079,+0.06090,0.04006,190.96,+0.00000,+0.00003,+0.00000,+0.00000,0.00000,0.0000,0,1,0,0,0.0000,+0.00000,+0.00000,0.0000,+0.000,+0.000,1.0000,0,1.0000,0,2,+0.000,+0.000,+0.000,+0.00000,-17.768,+0.00006,+0.00,+0.00000,0,+0.00000,+0.00000,0.00000,-4.359,0,203.2,0.0
21.769345,4,2,0.249095,0.249095,0.2490,+0.00009,1,2,0.0260,0,1,+0.67079,+0.06090,0.04006,190.96,+0.00000,+0.00003,+0.00000,+0.00000,0.00000,0.0000,0,1,0,0,0.0000,+0.00000,+0.00000,0.0000,+0.000,+0.000,1.0000,0,1.0000,0,2,+0.000,+0.000,+0.000,+0.00000,-17.768,+0.00006,+0.00,+0.00000,0,+0.00000,+0.00000,0.00000,-4.359,0,203.2,0.0
21.773930,4,2,0.249095,0.249095,0.2490,+0.00009,1,2,0.0260,0,1,+0.67079,+0.06090,0.04006,190.96,+0.00000,+0.00003,+0.00000,+0.00000,0.00000,0.0000,0,1,0,0,0.0000,+0.00000,+0.00000,0.0000,+0.000,+0.000,1.0000,0,1.0000,0,2,+0.000,+0.000,+0.000,+0.00000,-17.768,+0.00006,+0.00,+0.00000,0,+0.00000,+0.00000,0.00000,-4.359,0,203.2,0.0
21.778413,4,2,0.249094,0.249094,0.2490,+0.00009,1,2,0.0260,0,1,+0.67079,+0.06090,0.04006,190.96,+0.00000,+0.00003,+0.00000,+0.00000,0.00000,0.0000,0,1,0,0,0.0000,+0.00000,+0.00000,0.0000,+0.000,+0.000,1.0000,0,1.0000,0,2,+0.000,+0.000,+0.000,+0.00000,-17.768,+0.00006,+0.00,+0.00000,0,+0.00000,+0.00000,0.00000,-4.359,0,203.2,0.0
21.782805,4,2,0.249094,0.249094,0.2490,+0.00009,1,2,0.0260,0,1,+0.67079,+0.06090,0.04006,190.96,+0.00000,+0.00003,+0.00000,+0.00000,0.00000,0.0000,0,1,0,0,0.0000,+0.00000,+0.00000,0.0000,+0.000,+0.000,1.0000,0,1.0000,0,2,+0.000,+0.000,+0.000,+0.00000,-17.768,+0.00006,+0.00,+0.00000,0,+0.00000,+0.00000,0.00000,-4.359,0,203.2,0.0
21.787348,4,2,0.249094,0.249094,0.2490,+0.00009,1,2,0.0260,0,1,+0.67079,+0.06090,0.04006,190.96,+0.00000,+0.00003,+0.00000,+0.00000,0.00000,0.0000,0,1,0,0,0.0000,+0.00000,+0.00000,0.0000,+0.000,+0.000,1.0000,0,1.0000,0,2,+0.000,+0.000,+0.000,+0.00000,-17.768,+0.00006,+0.00,+0.00000,0,+0.00000,+0.00000,0.00000,-4.359,0,203.2,0.0
21.791953,4,2,0.249093,0.249093,0.2490,+0.00009,1,2,0.0260,0,1,+0.67079,+0.06090,0.04006,190.96,+0.00000,+0.00003,+0.00000,+0.00000,0.00000,0.0000,0,1,0,0,0.0000,+0.00000,+0.00000,0.0000,+0.000,+0.000,1.0000,0,1.0000,0,2,+0.000,+0.000,+0.000,+0.00000,-17.768,+0.00006,+0.00,+0.00000,0,+0.00000,+0.00000,0.00000,-4.359,0,203.2,0.0
21.796352,4,2,0.249093,0.249093,0.2490,+0.00009,1,2,0.0260,0,1,+0.67079,+0.06090,0.04006,190.96,+0.00000,+0.00003,+0.00000,+0.00000,0.00000,0.0000,0,1,0,0,0.0000,+0.00000,+0.00000,0.0000,+0.000,+0.000,1.0000,0,1.0000,0,2,+0.000,+0.000,+0.000,+0.00000,-17.768,+0.00006,+0.00,+0.00000,0,+0.00000,+0.00000,0.00000,-4.359,0,203.2,0.0
21.800979,4,2,0.249093,0.249093,0.2490,+0.00009,1,2,0.0260,0,1,+0.67079,+0.06090,0.04006,190.96,+0.00000,+0.00003,+0.00000,+0.00000,0.00000,0.0000,0,1,0,0,0.0000,+0.00000,+0.00000,0.0000,+0.000,+0.000,1.0000,0,1.0000,0,2,+0.000,+0.000,+0.000,+0.00000,-17.768,+0.00006,+0.00,+0.00000,0,+0.00000,+0.00000,0.00000,-4.359,0,203.2,0.0
21.805504,4,2,0.249093,0.249093,0.2490,+0.00009,1,2,0.0260,0,1,+0.67079,+0.06090,0.04006,190.96,+0.00000,+0.00003,+0.00000,+0.00000,0.00000,0.0000,0,1,0,0,0.0000,+0.00000,+0.00000,0.0000,+0.000,+0.000,1.0000,0,1.0000,0,2,+0.000,+0.000,+0.000,+0.00000,-17.768,+0.00006,+0.00,+0.00000,0,+0.00000,+0.00000,0.00000,-4.359,0,203.2,0.0
21.810216,4,2,0.249092,0.249092,0.2490,+0.00009,1,2,0.0260,0,1,+0.67079,+0.06090,0.04006,190.96,+0.00000,+0.00003,+0.00000,+0.00000,0.00000,0.0000,0,1,0,0,0.0000,+0.00000,+0.00000,0.0000,+0.000,+0.000,1.0000,0,1.0000,0,2,+0.000,+0.000,+0.000,+0.00000,-17.768,+0.00006,+0.00,+0.00000,0,+0.00000,+0.00000,0.00000,-4.359,0,203.2,0.0
21.814644,4,2,0.249092,0.249092,0.2490,+0.00009,1,2,0.0260,0,1,+0.67079,+0.06090,0.04006,190.96,+0.00000,+0.00003,+0.00000,+0.00000,0.00000,0.0000,0,1,0,0,0.0000,+0.00000,+0.00000,0.0000,+0.000,+0.000,1.0000,0,1.0000,0,2,+0.000,+0.000,+0.000,+0.00000,-17.768,+0.00006,+0.00,+0.00000,0,+0.00000,+0.00000,0.00000,-4.359,0,203.2,0.0
21.820002,4,2,0.249092,0.249092,0.2490,+0.00009,1,2,0.0260,0,1,+0.67079,+0.06090,0.04006,190.96,+0.00000,+0.00003,+0.00000,+0.00000,0.00000,0.0000,0,1,0,0,0.0000,+0.00000,+0.00000,0.0000,+0.000,+0.000,1.0000,0,1.0000,0,2,+0.000,+0.000,+0.000,+0.00000,-17.768,+0.00006,+0.00,+0.00000,0,+0.00000,+0.00000,0.00000,-4.359,0,203.2,0.0
21.827223,4,2,0.249091,0.249091,0.2490,+0.00009,1,2,0.0260,0,1,+0.67079,+0.06090,0.04006,190.96,+0.00000,+0.00003,+0.00000,+0.00000,0.00000,0.0000,0,1,0,0,0.0000,+0.00000,+0.00000,0.0000,+0.000,+0.000,1.0000,0,1.0000,0,2,+0.000,+0.000,+0.000,+0.00000,-17.768,+0.00006,+0.00,+0.00000,0,+0.00000,+0.00000,0.00000,-4.359,0,203.2,0.0
21.831792,4,2,0.249091,0.249091,0.2490,+0.00009,1,2,0.0260,0,1,+0.67079,+0.06090,0.04006,190.96,+0.00000,+0.00003,+0.00000,+0.00000,0.00000,0.0000,0,1,0,0,0.0000,+0.00000,+0.00000,0.0000,+0.000,+0.000,1.0000,0,1.0000,0,2,+0.000,+0.000,+0.000,+0.00000,-17.768,+0.00006,+0.00,+0.00000,0,+0.00000,+0.00000,0.00000,-4.359,0,203.2,0.0
21.836408,4,2,0.249091,0.249091,0.2490,+0.00009,1,2,0.0260,0,1,+0.67079,+0.06090,0.04006,190.96,+0.00000,+0.00003,+0.00000,+0.00000,0.00000,0.0000,0,1,0,0,0.0000,+0.00000,+0.00000,0.0000,+0.000,+0.000,1.0000,0,1.0000,0,2,+0.000,+0.000,+0.000,+0.00000,-17.768,+0.00006,+0.00,+0.00000,0,+0.00000,+0.00000,0.00000,-4.359,0,203.2,0.0
21.840987,4,2,0.249090,0.249090,0.2490,+0.00009,1,2,0.0260,0,1,+0.67079,+0.06090,0.04006,190.96,+0.00000,+0.00003,+0.00000,+0.00000,0.00000,0.0000,0,1,0,0,0.0000,+0.00000,+0.00000,0.0000,+0.000,+0.000,1.0000,0,1.0000,0,2,+0.000,+0.000,+0.000,+0.00000,-17.768,+0.00006,+0.00,+0.00000,0,+0.00000,+0.00000,0.00000,-4.359,0,203.2,0.0
21.845644,4,2,0.249090,0.249090,0.2490,+0.00009,1,2,0.0260,0,1,+0.67079,+0.06090,0.04006,190.96,+0.00000,+0.00003,+0.00000,+0.00000,0.00000,0.0000,0,1,0,0,0.0000,+0.00000,+0.00000,0.0000,+0.000,+0.000,1.0000,0,1.0000,0,2,+0.000,+0.000,+0.000,+0.00000,-17.768,+0.00006,+0.00,+0.00000,0,+0.00000,+0.00000,0.00000,-4.359,0,203.2,0.0
21.850296,4,2,0.249090,0.249090,0.2490,+0.00009,1,2,0.0260,0,1,+0.67079,+0.06090,0.04006,190.96,+0.00000,+0.00003,+0.00000,+0.00000,0.00000,0.0000,0,1,0,0,0.0000,+0.00000,+0.00000,0.0000,+0.000,+0.000,1.0000,0,1.0000,0,2,+0.000,+0.000,+0.000,+0.00000,-17.768,+0.00006,+0.00,+0.00000,0,+0.00000,+0.00000,0.00000,-4.359,0,203.2,0.0
21.854471,4,2,0.249090,0.249090,0.2490,+0.00009,1,2,0.0260,0,1,+0.67079,+0.06090,0.04006,190.96,+0.00000,+0.00003,+0.00000,+0.00000,0.00000,0.0000,0,1,0,0,0.0000,+0.00000,+0.00000,0.0000,+0.000,+0.000,1.0000,0,1.0000,0,2,+0.000,+0.000,+0.000,+0.00000,-17.768,+0.00006,+0.00,+0.00000,0,+0.00000,+0.00000,0.00000,-4.359,0,203.2,0.0
21.858791,4,2,0.249089,0.249089,0.2490,+0.00009,1,2,0.0260,0,1,+0.67079,+0.06090,0.04006,190.96,+0.00000,+0.00003,+0.00000,+0.00000,0.00000,0.0000,0,1,0,0,0.0000,+0.00000,+0.00000,0.0000,+0.000,+0.000,1.0000,0,1.0000,0,2,+0.000,+0.000,+0.000,+0.00000,-17.768,+0.00006,+0.00,+0.00000,0,+0.00000,+0.00000,0.00000,-4.359,0,203.2,0.0
21.863060,4,2,0.249089,0.249089,0.2490,+0.00009,1,2,0.0260,0,1,+0.67079,+0.06090,0.04006,190.96,+0.00000,+0.00003,+0.00000,+0.00000,0.00000,0.0000,0,1,0,0,0.0000,+0.00000,+0.00000,0.0000,+0.000,+0.000,1.0000,0,1.0000,0,2,+0.000,+0.000,+0.000,+0.00000,-17.768,+0.00006,+0.00,+0.00000,0,+0.00000,+0.00000,0.00000,-4.359,0,203.2,0.0
21.867846,4,2,0.249089,0.249089,0.2490,+0.00009,1,2,0.0260,0,1,+0.67079,+0.06090,0.04006,190.96,+0.00000,+0.00003,+0.00000,+0.00000,0.00000,0.0000,0,1,0,0,0.0000,+0.00000,+0.00000,0.0000,+0.000,+0.000,1.0000,0,1.0000,0,2,+0.000,+0.000,+0.000,+0.00000,-17.768,+0.00006,+0.00,+0.00000,0,+0.00000,+0.00000,0.00000,-4.359,0,203.2,0.0
21.872422,4,2,0.249089,0.249089,0.2490,+0.00009,1,2,0.0260,0,1,+0.67079,+0.06090,0.04006,190.96,+0.00000,+0.00003,+0.00000,+0.00000,0.00000,0.0000,0,1,0,0,0.0000,+0.00000,+0.00000,0.0000,+0.000,+0.000,1.0000,0,1.0000,0,2,+0.000,+0.000,+0.000,+0.00000,-17.768,+0.00006,+0.00,+0.00000,0,+0.00000,+0.00000,0.00000,-4.359,0,203.2,0.0
21.877982,4,2,0.249088,0.249088,0.2490,+0.00009,1,2,0.0260,0,1,+0.67079,+0.06090,0.04006,190.96,+0.00000,+0.00003,+0.00000,+0.00000,0.00000,0.0000,0,1,0,0,0.0000,+0.00000,+0.00000,0.0000,+0.000,+0.000,1.0000,0,1.0000,0,2,+0.000,+0.000,+0.000,+0.00000,-17.768,+0.00006,+0.00,+0.00000,0,+0.00000,+0.00000,0.00000,-4.359,0,203.2,0.0
21.882507,4,2,0.249088,0.249088,0.2490,+0.00009,1,2,0.0260,0,1,+0.67079,+0.06090,0.04006,190.96,+0.00000,+0.00003,+0.00000,+0.00000,0.00000,0.0000,0,1,0,0,0.0000,+0.00000,+0.00000,0.0000,+0.000,+0.000,1.0000,0,1.0000,0,2,+0.000,+0.000,+0.000,+0.00000,-17.768,+0.00006,+0.00,+0.00000,0,+0.00000,+0.00000,0.00000,-4.359,0,203.2,0.0
21.887153,4,2,0.249088,0.249088,0.2490,+0.00009,1,2,0.0260,0,1,+0.67079,+0.06090,0.04006,190.96,+0.00000,+0.00003,+0.00000,+0.00000,0.00000,0.0000,0,1,0,0,0.0000,+0.00000,+0.00000,0.0000,+0.000,+0.000,1.0000,0,1.0000,0,2,+0.000,+0.000,+0.000,+0.00000,-17.768,+0.00006,+0.00,+0.00000,0,+0.00000,+0.00000,0.00000,-4.359,0,203.2,0.0
21.891503,4,2,0.249087,0.249087,0.2490,+0.00009,1,2,0.0260,0,1,+0.67079,+0.06090,0.04006,190.96,+0.00000,+0.00003,+0.00000,+0.00000,0.00000,0.0000,0,1,0,0,0.0000,+0.00000,+0.00000,0.0000,+0.000,+0.000,1.0000,0,1.0000,0,2,+0.000,+0.000,+0.000,+0.00000,-17.768,+0.00006,+0.00,+0.00000,0,+0.00000,+0.00000,0.00000,-4.359,0,203.2,0.0
21.896115,4,2,0.249087,0.249087,0.2490,+0.00009,1,2,0.0260,0,1,+0.67079,+0.06090,0.04006,190.96,+0.00000,+0.00003,+0.00000,+0.00000,0.00000,0.0000,0,1,0,0,0.0000,+0.00000,+0.00000,0.0000,+0.000,+0.000,1.0000,0,1.0000,0,2,+0.000,+0.000,+0.000,+0.00000,-17.768,+0.00006,+0.00,+0.00000,0,+0.00000,+0.00000,0.00000,-4.359,0,203.2,0.0
21.900639,4,2,0.249087,0.249087,0.2490,+0.00009,1,2,0.0260,0,1,+0.67079,+0.06090,0.04006,190.96,+0.00000,+0.00002,+0.00000,+0.00000,0.00000,0.0000,0,1,0,0,0.0000,+0.00000,+0.00000,0.0000,+0.000,+0.000,1.0000,0,1.0000,0,2,+0.000,+0.000,+0.000,+0.00000,-17.768,+0.00006,+0.00,+0.00000,0,+0.00000,+0.00000,0.00000,-4.359,0,203.2,0.0
21.905053,4,2,0.249087,0.249087,0.2490,+0.00009,1,2,0.0260,0,1,+0.67079,+0.06090,0.04006,190.96,+0.00000,+0.00002,+0.00000,+0.00000,0.00000,0.0000,0,1,0,0,0.0000,+0.00000,+0.00000,0.0000,+0.000,+0.000,1.0000,0,1.0000,0,2,+0.000,+0.000,+0.000,+0.00000,-17.768,+0.00006,+0.00,+0.00000,0,+0.00000,+0.00000,0.00000,-4.359,0,203.2,0.0
21.909851,4,2,0.249086,0.249086,0.2490,+0.00009,1,2,0.0260,0,1,+0.67079,+0.06090,0.04006,190.96,+0.00000,+0.00002,+0.00000,+0.00000,0.00000,0.0000,0,1,0,0,0.0000,+0.00000,+0.00000,0.0000,+0.000,+0.000,1.0000,0,1.0000,0,2,+0.000,+0.000,+0.000,+0.00000,-17.768,+0.00006,+0.00,+0.00000,0,+0.00000,+0.00000,0.00000,-4.359,0,203.2,0.0
21.914180,4,2,0.249086,0.249086,0.2490,+0.00009,1,2,0.0260,0,1,+0.67079,+0.06090,0.04006,190.96,+0.00000,+0.00002,+0.00000,+0.00000,0.00000,0.0000,0,1,0,0,0.0000,+0.00000,+0.00000,0.0000,+0.000,+0.000,1.0000,0,1.0000,0,2,+0.000,+0.000,+0.000,+0.00000,-17.768,+0.00006,+0.00,+0.00000,0,+0.00000,+0.00000,0.00000,-4.359,0,203.2,0.0
21.918783,4,2,0.249086,0.249086,0.2490,+0.00009,1,2,0.0260,0,1,+0.67079,+0.06090,0.04006,190.96,+0.00000,+0.00002,+0.00000,+0.00000,0.00000,0.0000,0,1,0,0,0.0000,+0.00000,+0.00000,0.0000,+0.000,+0.000,1.0000,0,1.0000,0,2,+0.000,+0.000,+0.000,+0.00000,-17.768,+0.00006,+0.00,+0.00000,0,+0.00000,+0.00000,0.00000,-4.359,0,203.2,0.0
21.923478,4,2,0.249086,0.249086,0.2490,+0.00009,1,2,0.0260,0,1,+0.67079,+0.06090,0.04006,190.96,+0.00000,+0.00002,+0.00000,+0.00000,0.00000,0.0000,0,1,0,0,0.0000,+0.00000,+0.00000,0.0000,+0.000,+0.000,1.0000,0,1.0000,0,2,+0.000,+0.000,+0.000,+0.00000,-17.768,+0.00006,+0.00,+0.00000,0,+0.00000,+0.00000,0.00000,-4.359,0,203.2,0.0
21.928199,4,2,0.249085,0.249085,0.2490,+0.00009,1,2,0.0260,0,1,+0.67079,+0.06090,0.04006,190.96,+0.00000,+0.00002,+0.00000,+0.00000,0.00000,0.0000,0,1,0,0,0.0000,+0.00000,+0.00000,0.0000,+0.000,+0.000,1.0000,0,1.0000,0,2,+0.000,+0.000,+0.000,+0.00000,-17.768,+0.00006,+0.00,+0.00000,0,+0.00000,+0.00000,0.00000,-4.359,0,203.2,0.0
21.932719,4,2,0.249085,0.249085,0.2490,+0.00009,1,2,0.0260,0,1,+0.67079,+0.06090,0.04006,190.96,+0.00000,+0.00002,+0.00000,+0.00000,0.00000,0.0000,0,1,0,0,0.0000,+0.00000,+0.00000,0.0000,+0.000,+0.000,1.0000,0,1.0000,0,2,+0.000,+0.000,+0.000,+0.00000,-17.768,+0.00006,+0.00,+0.00000,0,+0.00000,+0.00000,0.00000,-4.359,0,203.2,0.0
21.937425,4,2,0.249085,0.249085,0.2490,+0.00008,1,2,0.0260,0,1,+0.67079,+0.06090,0.04006,190.96,+0.00000,+0.00002,+0.00000,+0.00000,0.00000,0.0000,0,1,0,0,0.0000,+0.00000,+0.00000,0.0000,+0.000,+0.000,1.0000,0,1.0000,0,2,+0.000,+0.000,+0.000,+0.00000,-17.768,+0.00006,+0.00,+0.00000,0,+0.00000,+0.00000,0.00000,-4.359,0,203.2,0.0
21.942054,4,2,0.249085,0.249085,0.2490,+0.00008,1,2,0.0260,0,1,+0.67079,+0.06090,0.04006,190.96,+0.00000,+0.00002,+0.00000,+0.00000,0.00000,0.0000,0,1,0,0,0.0000,+0.00000,+0.00000,0.0000,+0.000,+0.000,1.0000,0,1.0000,0,2,+0.000,+0.000,+0.000,+0.00000,-17.768,+0.00006,+0.00,+0.00000,0,+0.00000,+0.00000,0.00000,-4.359,0,203.2,0.0
21.946609,4,2,0.249084,0.249084,0.2490,+0.00008,1,2,0.0260,0,1,+0.67079,+0.06090,0.04006,190.96,+0.00000,+0.00002,+0.00000,+0.00000,0.00000,0.0000,0,1,0,0,0.0000,+0.00000,+0.00000,0.0000,+0.000,+0.000,1.0000,0,1.0000,0,2,+0.000,+0.000,+0.000,+0.00000,-17.768,+0.00006,+0.00,+0.00000,0,+0.00000,+0.00000,0.00000,-4.359,0,203.2,0.0
21.951290,4,2,0.249084,0.249084,0.2490,+0.00008,1,2,0.0260,0,1,+0.67079,+0.06090,0.04006,190.96,+0.00000,+0.00002,+0.00000,+0.00000,0.00000,0.0000,0,1,0,0,0.0000,+0.00000,+0.00000,0.0000,+0.000,+0.000,1.0000,0,1.0000,0,2,+0.000,+0.000,+0.000,+0.00000,-17.768,+0.00006,+0.00,+0.00000,0,+0.00000,+0.00000,0.00000,-4.359,0,203.2,0.0
21.956102,4,2,0.249084,0.249084,0.2490,+0.00008,1,2,0.0260,0,1,+0.67079,+0.06090,0.04006,190.96,+0.00000,+0.00002,+0.00000,+0.00000,0.00000,0.0000,0,1,0,0,0.0000,+0.00000,+0.00000,0.0000,+0.000,+0.000,1.0000,0,1.0000,0,2,+0.000,+0.000,+0.000,+0.00000,-17.768,+0.00006,+0.00,+0.00000,0,+0.00000,+0.00000,0.00000,-4.359,0,203.2,0.0
21.960858,4,2,0.249084,0.249084,0.2490,+0.00008,1,2,0.0260,0,1,+0.67079,+0.06090,0.04006,190.96,+0.00000,+0.00002,+0.00000,+0.00000,0.00000,0.0000,0,1,0,0,0.0000,+0.00000,+0.00000,0.0000,+0.000,+0.000,1.0000,0,1.0000,0,2,+0.000,+0.000,+0.000,+0.00000,-17.768,+0.00006,+0.00,+0.00000,0,+0.00000,+0.00000,0.00000,-4.359,0,203.2,0.0
21.965684,4,2,0.249083,0.249083,0.2490,+0.00008,1,2,0.0260,0,1,+0.67079,+0.06090,0.04006,190.96,+0.00000,+0.00002,+0.00000,+0.00000,0.00000,0.0000,0,1,0,0,0.0000,+0.00000,+0.00000,0.0000,+0.000,+0.000,1.0000,0,1.0000,0,2,+0.000,+0.000,+0.000,+0.00000,-17.768,+0.00006,+0.00,+0.00000,0,+0.00000,+0.00000,0.00000,-4.359,0,203.2,0.0
21.970315,4,2,0.249083,0.249083,0.2490,+0.00008,1,2,0.0260,0,1,+0.67079,+0.06090,0.04006,190.96,+0.00000,+0.00002,+0.00000,+0.00000,0.00000,0.0000,0,1,0,0,0.0000,+0.00000,+0.00000,0.0000,+0.000,+0.000,1.0000,0,1.0000,0,2,+0.000,+0.000,+0.000,+0.00000,-17.768,+0.00006,+0.00,+0.00000,0,+0.00000,+0.00000,0.00000,-4.359,0,203.2,0.0
21.974971,4,2,0.249083,0.249083,0.2490,+0.00008,1,2,0.0260,0,1,+0.67079,+0.06090,0.04006,190.96,+0.00000,+0.00002,+0.00000,+0.00000,0.00000,0.0000,0,1,0,0,0.0000,+0.00000,+0.00000,0.0000,+0.000,+0.000,1.0000,0,1.0000,0,2,+0.000,+0.000,+0.000,+0.00000,-17.768,+0.00006,+0.00,+0.00000,0,+0.00000,+0.00000,0.00000,-4.359,0,203.2,0.0
21.979506,4,2,0.249082,0.249082,0.2490,+0.00008,1,2,0.0260,0,1,+0.67079,+0.06090,0.04006,190.96,+0.00000,+0.00002,+0.00000,+0.00000,0.00000,0.0000,0,1,0,0,0.0000,+0.00000,+0.00000,0.0000,+0.000,+0.000,1.0000,0,1.0000,0,2,+0.000,+0.000,+0.000,+0.00000,-17.768,+0.00006,+0.00,+0.00000,0,+0.00000,+0.00000,0.00000,-4.359,0,203.2,0.0
21.985240,4,2,0.249082,0.249082,0.2490,+0.00008,1,2,0.0260,0,1,+0.67079,+0.06090,0.04006,190.96,+0.00000,+0.00002,+0.00000,+0.00000,0.00000,0.0000,0,1,0,0,0.0000,+0.00000,+0.00000,0.0000,+0.000,+0.000,1.0000,0,1.0000,0,2,+0.000,+0.000,+0.000,+0.00000,-17.768,+0.00006,+0.00,+0.00000,0,+0.00000,+0.00000,0.00000,-4.359,0,203.2,0.0
21.992327,4,2,0.249082,0.249082,0.2490,+0.00008,1,2,0.0260,0,1,+0.67079,+0.06090,0.04006,190.96,+0.00000,+0.00002,+0.00000,+0.00000,0.00000,0.0000,0,1,0,0,0.0000,+0.00000,+0.00000,0.0000,+0.000,+0.000,1.0000,0,1.0000,0,2,+0.000,+0.000,+0.000,+0.00000,-17.768,+0.00006,+0.00,+0.00000,0,+0.00000,+0.00000,0.00000,-4.359,0,203.2,0.0
21.996982,4,2,0.249082,0.249082,0.2490,+0.00008,1,2,0.0260,0,1,+0.67079,+0.06090,0.04006,190.96,+0.00000,+0.00002,+0.00000,+0.00000,0.00000,0.0000,0,1,0,0,0.0000,+0.00000,+0.00000,0.0000,+0.000,+0.000,1.0000,0,1.0000,0,2,+0.000,+0.000,+0.000,+0.00000,-17.768,+0.00006,+0.00,+0.00000,0,+0.00000,+0.00000,0.00000,-4.359,0,203.2,0.0
22.001383,4,2,0.249081,0.249081,0.2490,+0.00008,1,2,0.0260,0,1,+0.67079,+0.06090,0.04006,190.96,+0.00000,+0.00002,+0.00000,+0.00000,0.00000,0.0000,0,1,0,0,0.0000,+0.00000,+0.00000,0.0000,+0.000,+0.000,1.0000,0,1.0000,0,2,+0.000,+0.000,+0.000,+0.00000,-17.768,+0.00006,+0.00,+0.00000,0,+0.00000,+0.00000,0.00000,-4.359,0,203.2,0.0
22.006068,4,2,0.249081,0.249081,0.2490,+0.00008,1,2,0.0260,0,1,+0.67079,+0.06090,0.04006,190.96,+0.00000,+0.00002,+0.00000,+0.00000,0.00000,0.0000,0,1,0,0,0.0000,+0.00000,+0.00000,0.0000,+0.000,+0.000,1.0000,0,1.0000,0,2,+0.000,+0.000,+0.000,+0.00000,-17.768,+0.00006,+0.00,+0.00000,0,+0.00000,+0.00000,0.00000,-4.359,0,203.2,0.0
22.010610,4,2,0.249081,0.249081,0.2490,+0.00008,1,2,0.0260,0,1,+0.67079,+0.06090,0.04006,190.96,+0.00000,+0.00002,+0.00000,+0.00000,0.00000,0.0000,0,1,0,0,0.0000,+0.00000,+0.00000,0.0000,+0.000,+0.000,1.0000,0,1.0000,0,2,+0.000,+0.000,+0.000,+0.00000,-17.768,+0.00006,+0.00,+0.00000,0,+0.00000,+0.00000,0.00000,-4.359,0,203.2,0.0
22.015233,4,2,0.249081,0.249081,0.2490,+0.00008,1,2,0.0260,0,1,+0.67079,+0.06090,0.04006,190.96,+0.00000,+0.00002,+0.00000,+0.00000,0.00000,0.0000,0,1,0,0,0.0000,+0.00000,+0.00000,0.0000,+0.000,+0.000,1.0000,0,1.0000,0,2,+0.000,+0.000,+0.000,+0.00000,-17.768,+0.00006,+0.00,+0.00000,0,+0.00000,+0.00000,0.00000,-4.359,0,203.2,0.0
22.019814,4,2,0.249080,0.249080,0.2490,+0.00008,1,2,0.0260,0,1,+0.67079,+0.06090,0.04006,190.96,+0.00000,+0.00002,+0.00000,+0.00000,0.00000,0.0000,0,1,0,0,0.0000,+0.00000,+0.00000,0.0000,+0.000,+0.000,1.0000,0,1.0000,0,2,+0.000,+0.000,+0.000,+0.00000,-17.768,+0.00006,+0.00,+0.00000,0,+0.00000,+0.00000,0.00000,-4.359,0,203.2,0.0
22.024043,4,2,0.249080,0.249080,0.2490,+0.00008,1,2,0.0260,0,1,+0.67079,+0.06090,0.04006,190.96,+0.00000,+0.00002,+0.00000,+0.00000,0.00000,0.0000,0,1,0,0,0.0000,+0.00000,+0.00000,0.0000,+0.000,+0.000,1.0000,0,1.0000,0,2,+0.000,+0.000,+0.000,+0.00000,-17.768,+0.00006,+0.00,+0.00000,0,+0.00000,+0.00000,0.00000,-4.359,0,203.2,0.0
22.029172,4,2,0.249080,0.249080,0.2490,+0.00008,1,2,0.0260,0,1,+0.67079,+0.06090,0.04006,190.96,+0.00000,+0.00002,+0.00000,+0.00000,0.00000,0.0000,0,1,0,0,0.0000,+0.00000,+0.00000,0.0000,+0.000,+0.000,1.0000,0,1.0000,0,2,+0.000,+0.000,+0.000,+0.00000,-17.768,+0.00006,+0.00,+0.00000,0,+0.00000,+0.00000,0.00000,-4.359,0,203.2,0.0
22.033839,4,2,0.249080,0.249080,0.2490,+0.00008,1,2,0.0260,0,1,+0.67079,+0.06090,0.04006,190.96,+0.00000,+0.00002,+0.00000,+0.00000,0.00000,0.0000,0,1,0,0,0.0000,+0.00000,+0.00000,0.0000,+0.000,+0.000,1.0000,0,1.0000,0,2,+0.000,+0.000,+0.000,+0.00000,-17.768,+0.00006,+0.00,+0.00000,0,+0.00000,+0.00000,0.00000,-4.359,0,203.2,0.0
22.038407,4,2,0.249079,0.249079,0.2490,+0.00008,1,2,0.0260,0,1,+0.67079,+0.06090,0.04006,190.96,+0.00000,+0.00002,+0.00000,+0.00000,0.00000,0.0000,0,1,0,0,0.0000,+0.00000,+0.00000,0.0000,+0.000,+0.000,1.0000,0,1.0000,0,2,+0.000,+0.000,+0.000,+0.00000,-17.768,+0.00006,+0.00,+0.00000,0,+0.00000,+0.00000,0.00000,-4.359,0,203.2,0.0
22.042996,4,2,0.249079,0.249079,0.2490,+0.00008,1,2,0.0260,0,1,+0.67079,+0.06090,0.04006,190.96,+0.00000,+0.00002,+0.00000,+0.00000,0.00000,0.0000,0,1,0,0,0.0000,+0.00000,+0.00000,0.0000,+0.000,+0.000,1.0000,0,1.0000,0,2,+0.000,+0.000,+0.000,+0.00000,-17.768,+0.00006,+0.00,+0.00000,0,+0.00000,+0.00000,0.00000,-4.359,0,203.2,0.0
22.047646,4,2,0.249079,0.249079,0.2490,+0.00008,1,2,0.0260,0,1,+0.67079,+0.06090,0.04006,190.96,+0.00000,+0.00002,+0.00000,+0.00000,0.00000,0.0000,0,1,0,0,0.0000,+0.00000,+0.00000,0.0000,+0.000,+0.000,1.0000,0,1.0000,0,2,+0.000,+0.000,+0.000,+0.00000,-17.768,+0.00006,+0.00,+0.00000,0,+0.00000,+0.00000,0.00000,-4.359,0,203.2,0.0
22.052488,4,2,0.249079,0.249079,0.2490,+0.00008,1,2,0.0260,0,1,+0.67079,+0.06090,0.04006,190.96,+0.00000,+0.00002,+0.00000,+0.00000,0.00000,0.0000,0,1,0,0,0.0000,+0.00000,+0.00000,0.0000,+0.000,+0.000,1.0000,0,1.0000,0,2,+0.000,+0.000,+0.000,+0.00000,-17.768,+0.00006,+0.00,+0.00000,0,+0.00000,+0.00000,0.00000,-4.359,0,203.2,0.0
22.056665,4,2,0.249078,0.249078,0.2490,+0.00008,1,2,0.0260,0,1,+0.67079,+0.06090,0.04006,190.96,+0.00000,+0.00002,+0.00000,+0.00000,0.00000,0.0000,0,1,0,0,0.0000,+0.00000,+0.00000,0.0000,+0.000,+0.000,1.0000,0,1.0000,0,2,+0.000,+0.000,+0.000,+0.00000,-17.768,+0.00006,+0.00,+0.00000,0,+0.00000,+0.00000,0.00000,-4.359,0,203.2,0.0
22.060912,4,2,0.249078,0.249078,0.2490,+0.00008,1,2,0.0260,0,1,+0.67079,+0.06090,0.04006,190.96,+0.00000,+0.00002,+0.00000,+0.00000,0.00000,0.0000,0,1,0,0,0.0000,+0.00000,+0.00000,0.0000,+0.000,+0.000,1.0000,0,1.0000,0,2,+0.000,+0.000,+0.000,+0.00000,-17.768,+0.00006,+0.00,+0.00000,0,+0.00000,+0.00000,0.00000,-4.359,0,203.2,0.0
22.065384,4,2,0.249078,0.249078,0.2490,+0.00008,1,2,0.0260,0,1,+0.67079,+0.06090,0.04006,190.96,+0.00000,+0.00002,+0.00000,+0.00000,0.00000,0.0000,0,1,0,0,0.0000,+0.00000,+0.00000,0.0000,+0.000,+0.000,1.0000,0,1.0000,0,2,+0.000,+0.000,+0.000,+0.00000,-17.768,+0.00006,+0.00,+0.00000,0,+0.00000,+0.00000,0.00000,-4.359,0,203.2,0.0
22.069911,4,2,0.249078,0.249078,0.2490,+0.00008,1,2,0.0260,0,1,+0.67079,+0.06090,0.04006,190.96,+0.00000,+0.00002,+0.00000,+0.00000,0.00000,0.0000,0,1,0,0,0.0000,+0.00000,+0.00000,0.0000,+0.000,+0.000,1.0000,0,1.0000,0,2,+0.000,+0.000,+0.000,+0.00000,-17.768,+0.00006,+0.00,+0.00000,0,+0.00000,+0.00000,0.00000,-4.359,0,203.2,0.0
22.074106,4,2,0.249077,0.249077,0.2490,+0.00008,1,2,0.0260,0,1,+0.67079,+0.06090,0.04006,190.96,+0.00000,+0.00002,+0.00000,+0.00000,0.00000,0.0000,0,1,0,0,0.0000,+0.00000,+0.00000,0.0000,+0.000,+0.000,1.0000,0,1.0000,0,2,+0.000,+0.000,+0.000,+0.00000,-17.767,+0.00006,+0.00,+0.00000,0,+0.00000,+0.00000,0.00000,-4.359,0,203.2,0.0
22.087788,4,2,0.249077,0.249077,0.2490,+0.00008,1,2,0.0260,0,1,+0.67079,+0.06090,0.04006,190.96,+0.00000,+0.00002,+0.00000,+0.00000,0.00000,0.0000,0,1,0,0,0.0000,+0.00000,+0.00000,0.0000,+0.000,+0.000,1.0000,0,1.0000,0,2,+0.000,+0.000,+0.000,+0.00000,-17.767,+0.00006,+0.00,+0.00000,0,+0.00000,+0.00000,0.00000,-4.359,0,203.2,0.0
22.092147,4,2,0.249077,0.249077,0.2490,+0.00008,1,2,0.0260,0,1,+0.67079,+0.06090,0.04006,190.96,+0.00000,+0.00002,+0.00000,+0.00000,0.00000,0.0000,0,1,0,0,0.0000,+0.00000,+0.00000,0.0000,+0.000,+0.000,1.0000,0,1.0000,0,2,+0.000,+0.000,+0.000,+0.00000,-17.767,+0.00006,+0.00,+0.00000,0,+0.00000,+0.00000,0.00000,-4.358,0,203.2,0.0
22.096661,4,2,0.249076,0.249076,0.2490,+0.00008,1,2,0.0260,0,1,+0.67079,+0.06090,0.04006,190.96,+0.00000,+0.00002,+0.00000,+0.00000,0.00000,0.0000,0,1,0,0,0.0000,+0.00000,+0.00000,0.0000,+0.000,+0.000,1.0000,0,1.0000,0,2,+0.000,+0.000,+0.000,+0.00000,-17.767,+0.00006,+0.00,+0.00000,0,+0.00000,+0.00000,0.00000,-4.358,0,203.2,0.0
22.101203,4,2,0.249076,0.249076,0.2490,+0.00008,1,2,0.0260,0,1,+0.67079,+0.06090,0.04006,190.96,+0.00000,+0.00002,+0.00000,+0.00000,0.00000,0.0000,0,1,0,0,0.0000,+0.00000,+0.00000,0.0000,+0.000,+0.000,1.0000,0,1.0000,0,2,+0.000,+0.000,+0.000,+0.00000,-17.767,+0.00006,+0.00,+0.00000,0,+0.00000,+0.00000,0.00000,-4.358,0,203.2,0.0
22.105879,4,2,0.249076,0.249076,0.2490,+0.00008,1,2,0.0260,0,1,+0.67079,+0.06090,0.04006,190.96,+0.00000,+0.00002,+0.00000,+0.00000,0.00000,0.0000,0,1,0,0,0.0000,+0.00000,+0.00000,0.0000,+0.000,+0.000,1.0000,0,1.0000,0,2,+0.000,+0.000,+0.000,+0.00000,-17.767,+0.00006,+0.00,+0.00000,0,+0.00000,+0.00000,0.00000,-4.358,0,203.2,0.0
22.110824,4,2,0.249076,0.249076,0.2490,+0.00008,1,2,0.0260,0,1,+0.67079,+0.06090,0.04006,190.96,+0.00000,+0.00002,+0.00000,+0.00000,0.00000,0.0000,0,1,0,0,0.0000,+0.00000,+0.00000,0.0000,+0.000,+0.000,1.0000,0,1.0000,0,2,+0.000,+0.000,+0.000,+0.00000,-17.767,+0.00006,+0.00,+0.00000,0,+0.00000,+0.00000,0.00000,-4.358,0,203.2,0.0
22.116218,4,2,0.249075,0.249075,0.2490,+0.00008,1,2,0.0260,0,1,+0.67079,+0.06090,0.04006,190.96,+0.00000,+0.00002,+0.00000,+0.00000,0.00000,0.0000,0,1,0,0,0.0000,+0.00000,+0.00000,0.0000,+0.000,+0.000,1.0000,0,1.0000,0,2,+0.000,+0.000,+0.000,+0.00000,-17.767,+0.00006,+0.00,+0.00000,0,+0.00000,+0.00000,0.00000,-4.358,0,203.2,0.0
22.120503,4,2,0.249075,0.249075,0.2490,+0.00008,1,2,0.0260,0,1,+0.67079,+0.06090,0.04006,190.96,+0.00000,+0.00002,+0.00000,+0.00000,0.00000,0.0000,0,1,0,0,0.0000,+0.00000,+0.00000,0.0000,+0.000,+0.000,1.0000,0,1.0000,0,2,+0.000,+0.000,+0.000,+0.00000,-17.767,+0.00006,+0.00,+0.00000,0,+0.00000,+0.00000,0.00000,-4.358,0,203.2,0.0
22.125302,4,2,0.249075,0.249075,0.2490,+0.00007,1,2,0.0260,0,1,+0.67079,+0.06090,0.04006,190.96,+0.00000,+0.00002,+0.00000,+0.00000,0.00000,0.0000,0,1,0,0,0.0000,+0.00000,+0.00000,0.0000,+0.000,+0.000,1.0000,0,1.0000,0,2,+0.000,+0.000,+0.000,+0.00000,-17.767,+0.00006,+0.00,+0.00000,0,+0.00000,+0.00000,0.00000,-4.358,0,203.2,0.0
22.129863,4,2,0.249075,0.249075,0.2490,+0.00007,1,2,0.0260,0,1,+0.67079,+0.06090,0.04006,190.96,+0.00000,+0.00002,+0.00000,+0.00000,0.00000,0.0000,0,1,0,0,0.0000,+0.00000,+0.00000,0.0000,+0.000,+0.000,1.0000,0,1.0000,0,2,+0.000,+0.000,+0.000,+0.00000,-17.767,+0.00006,+0.00,+0.00000,0,+0.00000,+0.00000,0.00000,-4.358,0,203.2,0.0
22.134409,4,2,0.249074,0.249074,0.2490,+0.00007,1,2,0.0260,0,1,+0.67079,+0.06090,0.04006,190.96,+0.00000,+0.00002,+0.00000,+0.00000,0.00000,0.0000,0,1,0,0,0.0000,+0.00000,+0.00000,0.0000,+0.000,+0.000,1.0000,0,1.0000,0,2,+0.000,+0.000,+0.000,+0.00000,-17.767,+0.00006,+0.00,+0.00000,0,+0.00000,+0.00000,0.00000,-4.358,0,203.2,0.0
22.139048,4,2,0.249074,0.249074,0.2490,+0.00007,1,2,0.0260,0,1,+0.67079,+0.06090,0.04006,190.96,+0.00000,+0.00002,+0.00000,+0.00000,0.00000,0.0000,0,1,0,0,0.0000,+0.00000,+0.00000,0.0000,+0.000,+0.000,1.0000,0,1.0000,0,2,+0.000,+0.000,+0.000,+0.00000,-17.767,+0.00006,+0.00,+0.00000,0,+0.00000,+0.00000,0.00000,-4.358,0,203.2,0.0
22.143655,4,2,0.249074,0.249074,0.2490,+0.00007,1,2,0.0260,0,1,+0.67079,+0.06090,0.04006,190.96,+0.00000,+0.00002,+0.00000,+0.00000,0.00000,0.0000,0,1,0,0,0.0000,+0.00000,+0.00000,0.0000,+0.000,+0.000,1.0000,0,1.0000,0,2,+0.000,+0.000,+0.000,+0.00000,-17.767,+0.00006,+0.00,+0.00000,0,+0.00000,+0.00000,0.00000,-4.358,0,203.2,0.0
22.148010,4,2,0.249074,0.249074,0.2490,+0.00007,1,2,0.0260,0,1,+0.67079,+0.06090,0.04006,190.96,+0.00000,+0.00002,+0.00000,+0.00000,0.00000,0.0000,0,1,0,0,0.0000,+0.00000,+0.00000,0.0000,+0.000,+0.000,1.0000,0,1.0000,0,2,+0.000,+0.000,+0.000,+0.00000,-17.767,+0.00006,+0.00,+0.00000,0,+0.00000,+0.00000,0.00000,-4.358,0,203.2,0.0
22.152554,4,2,0.249073,0.249073,0.2490,+0.00007,1,2,0.0260,0,1,+0.67079,+0.06090,0.04006,190.96,+0.00000,+0.00002,+0.00000,+0.00000,0.00000,0.0000,0,1,0,0,0.0000,+0.00000,+0.00000,0.0000,+0.000,+0.000,1.0000,0,1.0000,0,2,+0.000,+0.000,+0.000,+0.00000,-17.767,+0.00006,+0.00,+0.00000,0,+0.00000,+0.00000,0.00000,-4.358,0,203.2,0.0
22.157171,4,2,0.249073,0.249073,0.2490,+0.00007,1,2,0.0260,0,1,+0.67079,+0.06090,0.04006,190.96,+0.00000,+0.00001,+0.00000,+0.00000,0.00000,0.0000,0,1,0,0,0.0000,+0.00000,+0.00000,0.0000,+0.000,+0.000,1.0000,0,1.0000,0,2,+0.000,+0.000,+0.000,+0.00000,-17.767,+0.00006,+0.00,+0.00000,0,+0.00000,+0.00000,0.00000,-4.358,0,203.2,0.0
22.161568,4,2,0.249073,0.249073,0.2490,+0.00007,1,2,0.0260,0,1,+0.67079,+0.06090,0.04006,190.96,+0.00000,+0.00001,+0.00000,+0.00000,0.00000,0.0000,0,1,0,0,0.0000,+0.00000,+0.00000,0.0000,+0.000,+0.000,1.0000,0,1.0000,0,2,+0.000,+0.000,+0.000,+0.00000,-17.767,+0.00006,+0.00,+0.00000,0,+0.00000,+0.00000,0.00000,-4.358,0,203.2,0.0
22.166067,4,2,0.249073,0.249073,0.2490,+0.00007,1,2,0.0260,0,1,+0.67079,+0.06090,0.04006,190.96,+0.00000,+0.00001,+0.00000,+0.00000,0.00000,0.0000,0,1,0,0,0.0000,+0.00000,+0.00000,0.0000,+0.000,+0.000,1.0000,0,1.0000,0,2,+0.000,+0.000,+0.000,+0.00000,-17.767,+0.00006,+0.00,+0.00000,0,+0.00000,+0.00000,0.00000,-4.358,0,203.2,0.0
22.170748,4,2,0.249073,0.249073,0.2490,+0.00007,1,2,0.0260,0,1,+0.67079,+0.06090,0.04006,190.96,+0.00000,+0.00001,+0.00000,+0.00000,0.00000,0.0000,0,1,0,0,0.0000,+0.00000,+0.00000,0.0000,+0.000,+0.000,1.0000,0,1.0000,0,2,+0.000,+0.000,+0.000,+0.00000,-17.767,+0.00006,+0.00,+0.00000,0,+0.00000,+0.00000,0.00000,-4.358,0,203.2,0.0
22.175144,4,2,0.249072,0.249072,0.2490,+0.00007,1,2,0.0260,0,1,+0.67079,+0.06090,0.04006,190.96,+0.00000,+0.00001,+0.00000,+0.00000,0.00000,0.0000,0,1,0,0,0.0000,+0.00000,+0.00000,0.0000,+0.000,+0.000,1.0000,0,1.0000,0,2,+0.000,+0.000,+0.000,+0.00000,-17.767,+0.00006,+0.00,+0.00000,0,+0.00000,+0.00000,0.00000,-4.358,0,203.2,0.0
22.179415,4,2,0.249072,0.249072,0.2490,+0.00007,1,2,0.0260,0,1,+0.67079,+0.06090,0.04006,190.96,+0.00000,+0.00001,+0.00000,+0.00000,0.00000,0.0000,0,1,0,0,0.0000,+0.00000,+0.00000,0.0000,+0.000,+0.000,1.0000,0,1.0000,0,2,+0.000,+0.000,+0.000,+0.00000,-17.767,+0.00006,+0.00,+0.00000,0,+0.00000,+0.00000,0.00000,-4.358,0,203.2,0.0
22.183936,4,2,0.249072,0.249072,0.2490,+0.00007,1,2,0.0260,0,1,+0.67079,+0.06090,0.04006,190.96,+0.00000,+0.00001,+0.00000,+0.00000,0.00000,0.0000,0,1,0,0,0.0000,+0.00000,+0.00000,0.0000,+0.000,+0.000,1.0000,0,1.0000,0,2,+0.000,+0.000,+0.000,+0.00000,-17.767,+0.00006,+0.00,+0.00000,0,+0.00000,+0.00000,0.00000,-4.358,0,203.2,0.0
22.188452,4,2,0.249072,0.249072,0.2490,+0.00007,1,2,0.0260,0,1,+0.67079,+0.06090,0.04006,190.96,+0.00000,+0.00001,+0.00000,+0.00000,0.00000,0.0000,0,1,0,0,0.0000,+0.00000,+0.00000,0.0000,+0.000,+0.000,1.0000,0,1.0000,0,2,+0.000,+0.000,+0.000,+0.00000,-17.767,+0.00006,+0.00,+0.00000,0,+0.00000,+0.00000,0.00000,-4.358,0,203.2,0.0
22.192970,4,2,0.249072,0.249072,0.2490,+0.00007,1,2,0.0260,0,1,+0.67079,+0.06090,0.04006,190.96,+0.00000,+0.00001,+0.00000,+0.00000,0.00000,0.0000,0,1,0,0,0.0000,+0.00000,+0.00000,0.0000,+0.000,+0.000,1.0000,0,1.0000,0,2,+0.000,+0.000,+0.000,+0.00000,-17.767,+0.00006,+0.00,+0.00000,0,+0.00000,+0.00000,0.00000,-4.358,0,203.2,0.0
22.197527,4,2,0.249071,0.249071,0.2490,+0.00007,1,2,0.0260,0,1,+0.67079,+0.06090,0.04006,190.96,+0.00000,+0.00001,+0.00000,+0.00000,0.00000,0.0000,0,1,0,0,0.0000,+0.00000,+0.00000,0.0000,+0.000,+0.000,1.0000,0,1.0000,0,2,+0.000,+0.000,+0.000,+0.00000,-17.767,+0.00006,+0.00,+0.00000,0,+0.00000,+0.00000,0.00000,-4.358,0,203.2,0.0
22.202441,4,2,0.249071,0.249071,0.2490,+0.00007,1,2,0.0260,0,1,+0.67079,+0.06090,0.04006,190.96,+0.00000,+0.00001,+0.00000,+0.00000,0.00000,0.0000,0,1,0,0,0.0000,+0.00000,+0.00000,0.0000,+0.000,+0.000,1.0000,0,1.0000,0,2,+0.000,+0.000,+0.000,+0.00000,-17.767,+0.00006,+0.00,+0.00000,0,+0.00000,+0.00000,0.00000,-4.358,0,203.2,0.0
22.206826,4,2,0.249071,0.249071,0.2490,+0.00007,1,2,0.0260,0,1,+0.67079,+0.06090,0.04006,190.96,+0.00000,+0.00001,+0.00000,+0.00000,0.00000,0.0000,0,1,0,0,0.0000,+0.00000,+0.00000,0.0000,+0.000,+0.000,1.0000,0,1.0000,0,2,+0.000,+0.000,+0.000,+0.00000,-17.767,+0.00006,+0.00,+0.00000,0,+0.00000,+0.00000,0.00000,-4.358,0,203.2,0.0
22.211303,4,2,0.249071,0.249071,0.2490,+0.00007,1,2,0.0260,0,1,+0.67079,+0.06090,0.04006,190.96,+0.00000,+0.00001,+0.00000,+0.00000,0.00000,0.0000,0,1,0,0,0.0000,+0.00000,+0.00000,0.0000,+0.000,+0.000,1.0000,0,1.0000,0,2,+0.000,+0.000,+0.000,+0.00000,-17.767,+0.00006,+0.00,+0.00000,0,+0.00000,+0.00000,0.00000,-4.358,0,203.2,0.0
22.215848,4,2,0.249070,0.249070,0.2490,+0.00007,1,2,0.0260,0,1,+0.67079,+0.06090,0.04006,190.96,+0.00000,+0.00001,+0.00000,+0.00000,0.00000,0.0000,0,1,0,0,0.0000,+0.00000,+0.00000,0.0000,+0.000,+0.000,1.0000,0,1.0000,0,2,+0.000,+0.000,+0.000,+0.00000,-17.767,+0.00006,+0.00,+0.00000,0,+0.00000,+0.00000,0.00000,-4.358,0,203.2,0.0
22.220003,4,2,0.249070,0.249070,0.2490,+0.00007,1,2,0.0260,0,1,+0.67079,+0.06090,0.04006,190.96,+0.00000,+0.00001,+0.00000,+0.00000,0.00000,0.0000,0,1,0,0,0.0000,+0.00000,+0.00000,0.0000,+0.000,+0.000,1.0000,0,1.0000,0,2,+0.000,+0.000,+0.000,+0.00000,-17.767,+0.00006,+0.00,+0.00000,0,+0.00000,+0.00000,0.00000,-4.358,0,203.2,0.0
22.224620,4,2,0.249070,0.249070,0.2490,+0.00007,1,2,0.0260,0,1,+0.67079,+0.06090,0.04006,190.96,+0.00000,+0.00001,+0.00000,+0.00000,0.00000,0.0000,0,1,0,0,0.0000,+0.00000,+0.00000,0.0000,+0.000,+0.000,1.0000,0,1.0000,0,2,+0.000,+0.000,+0.000,+0.00000,-17.767,+0.00006,+0.00,+0.00000,0,+0.00000,+0.00000,0.00000,-4.358,0,203.2,0.0
22.229167,4,2,0.249070,0.249070,0.2490,+0.00007,1,2,0.0260,0,1,+0.67079,+0.06090,0.04006,190.96,+0.00000,+0.00001,+0.00000,+0.00000,0.00000,0.0000,0,1,0,0,0.0000,+0.00000,+0.00000,0.0000,+0.000,+0.000,1.0000,0,1.0000,0,2,+0.000,+0.000,+0.000,+0.00000,-17.767,+0.00006,+0.00,+0.00000,0,+0.00000,+0.00000,0.00000,-4.358,0,203.2,0.0
22.233769,4,2,0.249070,0.249070,0.2490,+0.00007,1,2,0.0260,0,1,+0.67079,+0.06090,0.04006,190.96,+0.00000,+0.00001,+0.00000,+0.00000,0.00000,0.0000,0,1,0,0,0.0000,+0.00000,+0.00000,0.0000,+0.000,+0.000,1.0000,0,1.0000,0,2,+0.000,+0.000,+0.000,+0.00000,-17.767,+0.00006,+0.00,+0.00000,0,+0.00000,+0.00000,0.00000,-4.358,0,203.2,0.0
22.238298,4,2,0.249069,0.249069,0.2490,+0.00007,1,2,0.0260,0,1,+0.67079,+0.06090,0.04006,190.96,+0.00000,+0.00001,+0.00000,+0.00000,0.00000,0.0000,0,1,0,0,0.0000,+0.00000,+0.00000,0.0000,+0.000,+0.000,1.0000,0,1.0000,0,2,+0.000,+0.000,+0.000,+0.00000,-17.767,+0.00006,+0.00,+0.00000,0,+0.00000,+0.00000,0.00000,-4.358,0,203.2,0.0
22.242884,4,2,0.249069,0.249069,0.2490,+0.00007,1,2,0.0260,0,1,+0.67079,+0.06090,0.04006,190.96,+0.00000,+0.00001,+0.00000,+0.00000,0.00000,0.0000,0,1,0,0,0.0000,+0.00000,+0.00000,0.0000,+0.000,+0.000,1.0000,0,1.0000,0,2,+0.000,+0.000,+0.000,+0.00000,-17.767,+0.00006,+0.00,+0.00000,0,+0.00000,+0.00000,0.00000,-4.358,0,203.2,0.0
22.247426,4,2,0.249069,0.249069,0.2490,+0.00007,1,2,0.0260,0,1,+0.67079,+0.06090,0.04006,190.96,+0.00000,+0.00001,+0.00000,+0.00000,0.00000,0.0000,0,1,0,0,0.0000,+0.00000,+0.00000,0.0000,+0.000,+0.000,1.0000,0,1.0000,0,2,+0.000,+0.000,+0.000,+0.00000,-17.767,+0.00006,+0.00,+0.00000,0,+0.00000,+0.00000,0.00000,-4.358,0,203.2,0.0
22.253979,4,2,0.249069,0.249069,0.2490,+0.00007,1,2,0.0260,0,1,+0.67079,+0.06090,0.04006,190.96,+0.00000,+0.00001,+0.00000,+0.00000,0.00000,0.0000,0,1,0,0,0.0000,+0.00000,+0.00000,0.0000,+0.000,+0.000,1.0000,0,1.0000,0,2,+0.000,+0.000,+0.000,+0.00000,-17.767,+0.00006,+0.00,+0.00000,0,+0.00000,+0.00000,0.00000,-4.358,0,203.2,0.0
22.261269,4,2,0.249068,0.249068,0.2490,+0.00007,1,2,0.0260,0,1,+0.67079,+0.06090,0.04006,190.96,+0.00000,+0.00001,+0.00000,+0.00000,0.00000,0.0000,0,1,0,0,0.0000,+0.00000,+0.00000,0.0000,+0.000,+0.000,1.0000,0,1.0000,0,2,+0.000,+0.000,+0.000,+0.00000,-17.767,+0.00006,+0.00,+0.00000,0,+0.00000,+0.00000,0.00000,-4.358,0,203.2,0.0
22.266096,4,2,0.249068,0.249068,0.2490,+0.00007,1,2,0.0260,0,1,+0.67079,+0.06090,0.04006,190.96,+0.00000,+0.00001,+0.00000,+0.00000,0.00000,0.0000,0,1,0,0,0.0000,+0.00000,+0.00000,0.0000,+0.000,+0.000,1.0000,0,1.0000,0,2,+0.000,+0.000,+0.000,+0.00000,-17.767,+0.00006,+0.00,+0.00000,0,+0.00000,+0.00000,0.00000,-4.358,0,203.2,0.0
22.270509,4,2,0.249068,0.249068,0.2490,+0.00007,1,2,0.0260,0,1,+0.67079,+0.06090,0.04006,190.96,+0.00000,+0.00001,+0.00000,+0.00000,0.00000,0.0000,0,1,0,0,0.0000,+0.00000,+0.00000,0.0000,+0.000,+0.000,1.0000,0,1.0000,0,2,+0.000,+0.000,+0.000,+0.00000,-17.767,+0.00006,+0.00,+0.00000,0,+0.00000,+0.00000,0.00000,-4.358,0,203.2,0.0
22.275040,4,2,0.249068,0.249068,0.2490,+0.00007,1,2,0.0260,0,1,+0.67079,+0.06090,0.04006,190.96,+0.00000,+0.00001,+0.00000,+0.00000,0.00000,0.0000,0,1,0,0,0.0000,+0.00000,+0.00000,0.0000,+0.000,+0.000,1.0000,0,1.0000,0,2,+0.000,+0.000,+0.000,+0.00000,-17.767,+0.00006,+0.00,+0.00000,0,+0.00000,+0.00000,0.00000,-4.358,0,203.2,0.0
22.279549,4,2,0.249068,0.249068,0.2490,+0.00007,1,2,0.0260,0,1,+0.67079,+0.06090,0.04006,190.96,+0.00000,+0.00001,+0.00000,+0.00000,0.00000,0.0000,0,1,0,0,0.0000,+0.00000,+0.00000,0.0000,+0.000,+0.000,1.0000,0,1.0000,0,2,+0.000,+0.000,+0.000,+0.00000,-17.767,+0.00006,+0.00,+0.00000,0,+0.00000,+0.00000,0.00000,-4.358,0,203.2,0.0
22.284118,4,2,0.249067,0.249067,0.2490,+0.00007,1,2,0.0260,0,1,+0.67079,+0.06090,0.04006,190.96,+0.00000,+0.00001,+0.00000,+0.00000,0.00000,0.0000,0,1,0,0,0.0000,+0.00000,+0.00000,0.0000,+0.000,+0.000,1.0000,0,1.0000,0,2,+0.000,+0.000,+0.000,+0.00000,-17.767,+0.00006,+0.00,+0.00000,0,+0.00000,+0.00000,0.00000,-4.358,0,203.2,0.0
22.288625,4,2,0.249067,0.249067,0.2490,+0.00007,1,2,0.0260,0,1,+0.67079,+0.06090,0.04006,190.96,+0.00000,+0.00001,+0.00000,+0.00000,0.00000,0.0000,0,1,0,0,0.0000,+0.00000,+0.00000,0.0000,+0.000,+0.000,1.0000,0,1.0000,0,2,+0.000,+0.000,+0.000,+0.00000,-17.767,+0.00006,+0.00,+0.00000,0,+0.00000,+0.00000,0.00000,-4.358,0,203.2,0.0
22.293329,4,2,0.249067,0.249067,0.2490,+0.00007,1,2,0.0260,0,1,+0.67079,+0.06090,0.04006,190.96,+0.00000,+0.00001,+0.00000,+0.00000,0.00000,0.0000,0,1,0,0,0.0000,+0.00000,+0.00000,0.0000,+0.000,+0.000,1.0000,0,1.0000,0,2,+0.000,+0.000,+0.000,+0.00000,-17.767,+0.00006,+0.00,+0.00000,0,+0.00000,+0.00000,0.00000,-4.358,0,209.6,0.0
22.297633,4,2,0.249067,0.249067,0.2490,+0.00007,1,2,0.0260,0,1,+0.67079,+0.06090,0.04006,190.96,+0.00000,+0.00001,+0.00000,+0.00000,0.00000,0.0000,0,1,0,0,0.0000,+0.00000,+0.00000,0.0000,+0.000,+0.000,1.0000,0,1.0000,0,2,+0.000,+0.000,+0.000,+0.00000,-17.767,+0.00006,+0.00,+0.00000,0,+0.00000,+0.00000,0.00000,-4.358,0,209.6,0.0
22.302137,4,2,0.249067,0.249067,0.2490,+0.00007,1,2,0.0260,0,1,+0.67079,+0.06090,0.04006,190.96,+0.00000,+0.00001,+0.00000,+0.00000,0.00000,0.0000,0,1,0,0,0.0000,+0.00000,+0.00000,0.0000,+0.000,+0.000,1.0000,0,1.0000,0,2,+0.000,+0.000,+0.000,+0.00000,-17.767,+0.00006,+0.00,+0.00000,0,+0.00000,+0.00000,0.00000,-4.358,0,209.6,0.0
22.306782,4,2,0.249066,0.249066,0.2490,+0.00007,1,2,0.0260,0,1,+0.67079,+0.06090,0.04006,190.96,+0.00000,+0.00001,+0.00000,+0.00000,0.00000,0.0000,0,1,0,0,0.0000,+0.00000,+0.00000,0.0000,+0.000,+0.000,1.0000,0,1.0000,0,2,+0.000,+0.000,+0.000,+0.00000,-17.767,+0.00006,+0.00,+0.00000,0,+0.00000,+0.00000,0.00000,-4.358,0,209.6,0.0
22.311289,4,2,0.249066,0.249066,0.2490,+0.00007,1,2,0.0260,0,1,+0.67079,+0.06090,0.04006,190.96,+0.00000,+0.00001,+0.00000,+0.00000,0.00000,0.0000,0,1,0,0,0.0000,+0.00000,+0.00000,0.0000,+0.000,+0.000,1.0000,0,1.0000,0,2,+0.000,+0.000,+0.000,+0.00000,-17.767,+0.00006,+0.00,+0.00000,0,+0.00000,+0.00000,0.00000,-4.358,0,209.6,0.0
22.319708,4,2,0.249066,0.249066,0.2490,+0.00007,1,2,0.0260,0,1,+0.67079,+0.06090,0.04006,190.96,+0.00000,+0.00001,+0.00000,+0.00000,0.00000,0.0000,0,1,0,0,0.0000,+0.00000,+0.00000,0.0000,+0.000,+0.000,1.0000,0,1.0000,0,2,+0.000,+0.000,+0.000,+0.00000,-17.767,+0.00006,+0.00,+0.00000,0,+0.00000,+0.00000,0.00000,-4.358,0,209.6,0.0
22.324240,4,2,0.249066,0.249066,0.2490,+0.00007,1,2,0.0260,0,1,+0.67079,+0.06090,0.04006,190.96,+0.00000,+0.00001,+0.00000,+0.00000,0.00000,0.0000,0,1,0,0,0.0000,+0.00000,+0.00000,0.0000,+0.000,+0.000,1.0000,0,1.0000,0,2,+0.000,+0.000,+0.000,+0.00000,-17.767,+0.00006,+0.00,+0.00000,0,+0.00000,+0.00000,0.00000,-4.358,0,209.6,0.0
22.328773,4,2,0.249065,0.249065,0.2490,+0.00007,1,2,0.0260,0,1,+0.67079,+0.06090,0.04006,190.96,+0.00000,+0.00001,+0.00000,+0.00000,0.00000,0.0000,0,1,0,0,0.0000,+0.00000,+0.00000,0.0000,+0.000,+0.000,1.0000,0,1.0000,0,2,+0.000,+0.000,+0.000,+0.00000,-17.767,+0.00006,+0.00,+0.00000,0,+0.00000,+0.00000,0.00000,-4.358,0,209.6,0.0
22.333363,4,2,0.249065,0.249065,0.2490,+0.00007,1,2,0.0260,0,1,+0.67079,+0.06090,0.04006,190.96,+0.00000,+0.00001,+0.00000,+0.00000,0.00000,0.0000,0,1,0,0,0.0000,+0.00000,+0.00000,0.0000,+0.000,+0.000,1.0000,0,1.0000,0,2,+0.000,+0.000,+0.000,+0.00000,-17.767,+0.00006,+0.00,+0.00000,0,+0.00000,+0.00000,0.00000,-4.358,0,209.6,0.0
22.338065,4,2,0.249065,0.249065,0.2490,+0.00006,1,2,0.0260,0,1,+0.67079,+0.06090,0.04006,190.96,+0.00000,+0.00001,+0.00000,+0.00000,0.00000,0.0000,0,1,0,0,0.0000,+0.00000,+0.00000,0.0000,+0.000,+0.000,1.0000,0,1.0000,0,2,+0.000,+0.000,+0.000,+0.00000,-17.767,+0.00006,+0.00,+0.00000,0,+0.00000,+0.00000,0.00000,-4.358,0,209.6,0.0
22.342643,4,2,0.249065,0.249065,0.2490,+0.00006,1,2,0.0260,0,1,+0.67079,+0.06090,0.04006,190.96,+0.00000,+0.00001,+0.00000,+0.00000,0.00000,0.0000,0,1,0,0,0.0000,+0.00000,+0.00000,0.0000,+0.000,+0.000,1.0000,0,1.0000,0,2,+0.000,+0.000,+0.000,+0.00000,-17.767,+0.00006,+0.00,+0.00000,0,+0.00000,+0.00000,0.00000,-4.358,0,209.6,0.0
22.354910,4,2,0.249064,0.249064,0.2490,+0.00006,1,2,0.0260,0,1,+0.67079,+0.06090,0.04006,190.96,+0.00000,+0.00001,+0.00000,+0.00000,0.00000,0.0000,0,1,0,0,0.0000,+0.00000,+0.00000,0.0000,+0.000,+0.000,1.0000,0,1.0000,0,2,+0.000,+0.000,+0.000,+0.00000,-17.767,+0.00006,+0.00,+0.00000,0,+0.00000,+0.00000,0.00000,-4.358,0,209.6,0.0
22.359647,4,2,0.249064,0.249064,0.2490,+0.00006,1,2,0.0260,0,1,+0.67079,+0.06090,0.04006,190.96,+0.00000,+0.00001,+0.00000,+0.00000,0.00000,0.0000,0,1,0,0,0.0000,+0.00000,+0.00000,0.0000,+0.000,+0.000,1.0000,0,1.0000,0,2,+0.000,+0.000,+0.000,+0.00000,-17.767,+0.00006,+0.00,+0.00000,0,+0.00000,+0.00000,0.00000,-4.358,0,209.6,0.0
22.364180,4,2,0.249064,0.249064,0.2490,+0.00006,1,2,0.0260,0,1,+0.67079,+0.06090,0.04006,190.96,+0.00000,+0.00001,+0.00000,+0.00000,0.00000,0.0000,0,1,0,0,0.0000,+0.00000,+0.00000,0.0000,+0.000,+0.000,1.0000,0,1.0000,0,2,+0.000,+0.000,+0.000,+0.00000,-17.767,+0.00006,+0.00,+0.00000,0,+0.00000,+0.00000,0.00000,-4.358,0,209.6,0.0
22.368930,4,2,0.249064,0.249064,0.2490,+0.00006,1,2,0.0260,0,1,+0.67079,+0.06090,0.04006,190.96,+0.00000,+0.00001,+0.00000,+0.00000,0.00000,0.0000,0,1,0,0,0.0000,+0.00000,+0.00000,0.0000,+0.000,+0.000,1.0000,0,1.0000,0,2,+0.000,+0.000,+0.000,+0.00000,-17.767,+0.00006,+0.00,+0.00000,0,+0.00000,+0.00000,0.00000,-4.358,0,209.6,0.0
22.373902,4,2,0.249063,0.249063,0.2490,+0.00006,1,2,0.0260,0,1,+0.67079,+0.06090,0.04006,190.96,+0.00000,+0.00001,+0.00000,+0.00000,0.00000,0.0000,0,1,0,0,0.0000,+0.00000,+0.00000,0.0000,+0.000,+0.000,1.0000,0,1.0000,0,2,+0.000,+0.000,+0.000,+0.00000,-17.767,+0.00006,+0.00,+0.00000,0,+0.00000,+0.00000,0.00000,-4.358,0,209.6,0.0
22.378328,4,2,0.249063,0.249063,0.2490,+0.00006,1,2,0.0260,0,1,+0.67079,+0.06090,0.04006,190.96,+0.00000,+0.00001,+0.00000,+0.00000,0.00000,0.0000,0,1,0,0,0.0000,+0.00000,+0.00000,0.0000,+0.000,+0.000,1.0000,0,1.0000,0,2,+0.000,+0.000,+0.000,+0.00000,-17.767,+0.00006,+0.00,+0.00000,0,+0.00000,+0.00000,0.00000,-4.358,0,209.6,0.0
22.383340,4,2,0.249063,0.249063,0.2490,+0.00006,1,2,0.0260,0,1,+0.67079,+0.06090,0.04006,190.96,+0.00000,+0.00001,+0.00000,+0.00000,0.00000,0.0000,0,1,0,0,0.0000,+0.00000,+0.00000,0.0000,+0.000,+0.000,1.0000,0,1.0000,0,2,+0.000,+0.000,+0.000,+0.00000,-17.767,+0.00006,+0.00,+0.00000,0,+0.00000,+0.00000,0.00000,-4.358,0,209.6,0.0
22.387800,4,2,0.249063,0.249063,0.2490,+0.00006,1,2,0.0260,0,1,+0.67079,+0.06090,0.04006,190.96,+0.00000,+0.00001,+0.00000,+0.00000,0.00000,0.0000,0,1,0,0,0.0000,+0.00000,+0.00000,0.0000,+0.000,+0.000,1.0000,0,1.0000,0,2,+0.000,+0.000,+0.000,+0.00000,-17.766,+0.00006,+0.00,+0.00000,0,+0.00000,+0.00000,0.00000,-4.358,0,209.6,0.0
22.392525,4,2,0.249063,0.249063,0.2490,+0.00006,1,2,0.0260,0,1,+0.67079,+0.06090,0.04006,190.96,+0.00000,+0.00001,+0.00000,+0.00000,0.00000,0.0000,0,1,0,0,0.0000,+0.00000,+0.00000,0.0000,+0.000,+0.000,1.0000,0,1.0000,0,2,+0.000,+0.000,+0.000,+0.00000,-17.766,+0.00006,+0.00,+0.00000,0,+0.00000,+0.00000,0.00000,-4.358,0,209.6,0.0
22.397080,4,2,0.249062,0.249062,0.2490,+0.00006,1,2,0.0260,0,1,+0.67079,+0.06090,0.04006,190.96,+0.00000,+0.00001,+0.00000,+0.00000,0.00000,0.0000,0,1,0,0,0.0000,+0.00000,+0.00000,0.0000,+0.000,+0.000,1.0000,0,1.0000,0,2,+0.000,+0.000,+0.000,+0.00000,-17.766,+0.00006,+0.00,+0.00000,0,+0.00000,+0.00000,0.00000,-4.358,0,209.6,0.0
22.401617,4,2,0.249062,0.249062,0.2490,+0.00006,1,2,0.0260,0,1,+0.67079,+0.06090,0.04006,190.96,+0.00000,+0.00001,+0.00000,+0.00000,0.00000,0.0000,0,1,0,0,0.0000,+0.00000,+0.00000,0.0000,+0.000,+0.000,1.0000,0,1.0000,0,2,+0.000,+0.000,+0.000,+0.00000,-17.766,+0.00006,+0.00,+0.00000,0,+0.00000,+0.00000,0.00000,-4.358,0,209.6,0.0
22.406040,4,2,0.249062,0.249062,0.2490,+0.00006,1,2,0.0260,0,1,+0.67079,+0.06090,0.04006,190.96,+0.00000,+0.00001,+0.00000,+0.00000,0.00000,0.0000,0,1,0,0,0.0000,+0.00000,+0.00000,0.0000,+0.000,+0.000,1.0000,0,1.0000,0,2,+0.000,+0.000,+0.000,+0.00000,-17.766,+0.00006,+0.00,+0.00000,0,+0.00000,+0.00000,0.00000,-4.358,0,209.6,0.0
22.410570,4,2,0.249062,0.249062,0.2490,+0.00006,1,2,0.0260,0,1,+0.67079,+0.06090,0.04006,190.96,+0.00000,+0.00001,+0.00000,+0.00000,0.00000,0.0000,0,1,0,0,0.0000,+0.00000,+0.00000,0.0000,+0.000,+0.000,1.0000,0,1.0000,0,2,+0.000,+0.000,+0.000,+0.00000,-17.766,+0.00006,+0.00,+0.00000,0,+0.00000,+0.00000,0.00000,-4.358,0,209.6,0.0
22.415138,4,2,0.249062,0.249062,0.2490,+0.00006,1,2,0.0260,0,1,+0.67079,+0.06090,0.04006,190.96,+0.00000,+0.00001,+0.00000,+0.00000,0.00000,0.0000,0,1,0,0,0.0000,+0.00000,+0.00000,0.0000,+0.000,+0.000,1.0000,0,1.0000,0,2,+0.000,+0.000,+0.000,+0.00000,-17.766,+0.00006,+0.00,+0.00000,0,+0.00000,+0.00000,0.00000,-4.358,0,209.6,0.0
22.420176,4,2,0.249061,0.249061,0.2490,+0.00006,1,2,0.0260,0,1,+0.67079,+0.06090,0.04006,190.96,+0.00000,+0.00001,+0.00000,+0.00000,0.00000,0.0000,0,1,0,0,0.0000,+0.00000,+0.00000,0.0000,+0.000,+0.000,1.0000,0,1.0000,0,2,+0.000,+0.000,+0.000,+0.00000,-17.766,+0.00006,+0.00,+0.00000,0,+0.00000,+0.00000,0.00000,-4.358,0,209.6,0.0
22.424803,4,2,0.249061,0.249061,0.2490,+0.00006,1,2,0.0260,0,1,+0.67079,+0.06090,0.04006,190.96,+0.00000,+0.00001,+0.00000,+0.00000,0.00000,0.0000,0,1,0,0,0.0000,+0.00000,+0.00000,0.0000,+0.000,+0.000,1.0000,0,1.0000,0,2,+0.000,+0.000,+0.000,+0.00000,-17.766,+0.00006,+0.00,+0.00000,0,+0.00000,+0.00000,0.00000,-4.358,0,209.6,0.0
22.429090,4,2,0.249061,0.249061,0.2490,+0.00006,1,2,0.0260,0,1,+0.67079,+0.06090,0.04006,190.96,+0.00000,+0.00001,+0.00000,+0.00000,0.00000,0.0000,0,1,0,0,0.0000,+0.00000,+0.00000,0.0000,+0.000,+0.000,1.0000,0,1.0000,0,2,+0.000,+0.000,+0.000,+0.00000,-17.766,+0.00006,+0.00,+0.00000,0,+0.00000,+0.00000,0.00000,-4.358,0,209.6,0.0
22.433616,4,2,0.249061,0.249061,0.2490,+0.00006,1,2,0.0260,0,1,+0.67079,+0.06090,0.04006,190.96,+0.00000,+0.00001,+0.00000,+0.00000,0.00000,0.0000,0,1,0,0,0.0000,+0.00000,+0.00000,0.0000,+0.000,+0.000,1.0000,0,1.0000,0,2,+0.000,+0.000,+0.000,+0.00000,-17.766,+0.00006,+0.00,+0.00000,0,+0.00000,+0.00000,0.00000,-4.358,0,209.6,0.0
22.438879,4,2,0.249061,0.249061,0.2490,+0.00006,1,2,0.0260,0,1,+0.67079,+0.06090,0.04006,190.96,+0.00000,+0.00001,+0.00000,+0.00000,0.00000,0.0000,0,1,0,0,0.0000,+0.00000,+0.00000,0.0000,+0.000,+0.000,1.0000,0,1.0000,0,2,+0.000,+0.000,+0.000,+0.00000,-17.766,+0.00006,+0.00,+0.00000,0,+0.00000,+0.00000,0.00000,-4.358,0,209.6,0.0
22.443653,4,2,0.249061,0.249061,0.2490,+0.00006,1,2,0.0260,0,1,+0.67079,+0.06090,0.04006,190.96,+0.00000,+0.00001,+0.00000,+0.00000,0.00000,0.0000,0,1,0,0,0.0000,+0.00000,+0.00000,0.0000,+0.000,+0.000,1.0000,0,1.0000,0,2,+0.000,+0.000,+0.000,+0.00000,-17.766,+0.00006,+0.00,+0.00000,0,+0.00000,+0.00000,0.00000,-4.358,0,209.6,0.0
22.448320,4,2,0.249060,0.249060,0.2490,+0.00006,1,2,0.0260,0,1,+0.67079,+0.06090,0.04006,190.96,+0.00000,+0.00001,+0.00000,+0.00000,0.00000,0.0000,0,1,0,0,0.0000,+0.00000,+0.00000,0.0000,+0.000,+0.000,1.0000,0,1.0000,0,2,+0.000,+0.000,+0.000,+0.00000,-17.766,+0.00006,+0.00,+0.00000,0,+0.00000,+0.00000,0.00000,-4.358,0,209.6,0.0
22.452853,4,2,0.249060,0.249060,0.2490,+0.00006,1,2,0.0260,0,1,+0.67079,+0.06090,0.04006,190.96,+0.00000,+0.00001,+0.00000,+0.00000,0.00000,0.0000,0,1,0,0,0.0000,+0.00000,+0.00000,0.0000,+0.000,+0.000,1.0000,0,1.0000,0,2,+0.000,+0.000,+0.000,+0.00000,-17.766,+0.00006,+0.00,+0.00000,0,+0.00000,+0.00000,0.00000,-4.358,0,209.6,0.0
22.457230,4,2,0.249060,0.249060,0.2490,+0.00006,1,2,0.0260,0,1,+0.67079,+0.06090,0.04006,190.96,+0.00000,+0.00001,+0.00000,+0.00000,0.00000,0.0000,0,1,0,0,0.0000,+0.00000,+0.00000,0.0000,+0.000,+0.000,1.0000,0,1.0000,0,2,+0.000,+0.000,+0.000,+0.00000,-17.766,+0.00006,+0.00,+0.00000,0,+0.00000,+0.00000,0.00000,-4.358,0,209.6,0.0
22.462109,4,2,0.249060,0.249060,0.2490,+0.00006,1,2,0.0260,0,1,+0.67079,+0.06090,0.04006,190.96,+0.00000,+0.00001,+0.00000,+0.00000,0.00000,0.0000,0,1,0,0,0.0000,+0.00000,+0.00000,0.0000,+0.000,+0.000,1.0000,0,1.0000,0,2,+0.000,+0.000,+0.000,+0.00000,-17.766,+0.00006,+0.00,+0.00000,0,+0.00000,+0.00000,0.00000,-4.358,0,209.6,0.0
22.466753,4,2,0.249060,0.249060,0.2490,+0.00006,1,2,0.0260,0,1,+0.67079,+0.06090,0.04006,190.96,+0.00000,+0.00001,+0.00000,+0.00000,0.00000,0.0000,0,1,0,0,0.0000,+0.00000,+0.00000,0.0000,+0.000,+0.000,1.0000,0,1.0000,0,2,+0.000,+0.000,+0.000,+0.00000,-17.766,+0.00006,+0.00,+0.00000,0,+0.00000,+0.00000,0.00000,-4.358,0,209.6,0.0
22.471297,4,2,0.249059,0.249059,0.2490,+0.00006,1,2,0.0260,0,1,+0.67079,+0.06090,0.04006,190.96,+0.00000,+0.00001,+0.00000,+0.00000,0.00000,0.0000,0,1,0,0,0.0000,+0.00000,+0.00000,0.0000,+0.000,+0.000,1.0000,0,1.0000,0,2,+0.000,+0.000,+0.000,+0.00000,-17.766,+0.00006,+0.00,+0.00000,0,+0.00000,+0.00000,0.00000,-4.358,0,209.6,0.0
22.475867,4,2,0.249059,0.249059,0.2490,+0.00006,1,2,0.0260,0,1,+0.67079,+0.06090,0.04006,190.96,+0.00000,+0.00001,+0.00000,+0.00000,0.00000,0.0000,0,1,0,0,0.0000,+0.00000,+0.00000,0.0000,+0.000,+0.000,1.0000,0,1.0000,0,2,+0.000,+0.000,+0.000,+0.00000,-17.766,+0.00006,+0.00,+0.00000,0,+0.00000,+0.00000,0.00000,-4.358,0,209.6,0.0
22.480407,4,2,0.249059,0.249059,0.2490,+0.00006,1,2,0.0260,0,1,+0.67079,+0.06090,0.04006,190.96,+0.00000,+0.00001,+0.00000,+0.00000,0.00000,0.0000,0,1,0,0,0.0000,+0.00000,+0.00000,0.0000,+0.000,+0.000,1.0000,0,1.0000,0,2,+0.000,+0.000,+0.000,+0.00000,-17.766,+0.00006,+0.00,+0.00000,0,+0.00000,+0.00000,0.00000,-4.358,0,209.6,0.0
22.492324,4,2,0.249059,0.249059,0.2490,+0.00006,1,2,0.0260,0,1,+0.67079,+0.06090,0.04006,190.96,+0.00000,+0.00001,+0.00000,+0.00000,0.00000,0.0000,0,1,0,0,0.0000,+0.00000,+0.00000,0.0000,+0.000,+0.000,1.0000,0,1.0000,0,2,+0.000,+0.000,+0.000,+0.00000,-17.766,+0.00006,+0.00,+0.00000,0,+0.00000,+0.00000,0.00000,-4.358,0,209.6,0.0
22.496990,4,2,0.249058,0.249058,0.2490,+0.00006,1,2,0.0260,0,1,+0.67079,+0.06090,0.04006,190.96,+0.00000,+0.00001,+0.00000,+0.00000,0.00000,0.0000,0,1,0,0,0.0000,+0.00000,+0.00000,0.0000,+0.000,+0.000,1.0000,0,1.0000,0,2,+0.000,+0.000,+0.000,+0.00000,-17.766,+0.00006,+0.00,+0.00000,0,+0.00000,+0.00000,0.00000,-4.358,0,209.6,0.0
22.501527,4,2,0.249058,0.249058,0.2490,+0.00006,1,2,0.0260,0,1,+0.67079,+0.06090,0.04006,190.96,+0.00000,+0.00001,+0.00000,+0.00000,0.00000,0.0000,0,1,0,0,0.0000,+0.00000,+0.00000,0.0000,+0.000,+0.000,1.0000,0,1.0000,0,2,+0.000,+0.000,+0.000,+0.00000,-17.766,+0.00006,+0.00,+0.00000,0,+0.00000,+0.00000,0.00000,-4.358,0,209.6,0.0
22.506434,4,2,0.249058,0.249058,0.2490,+0.00006,1,2,0.0260,0,1,+0.67079,+0.06090,0.04006,190.96,+0.00000,+0.00001,+0.00000,+0.00000,0.00000,0.0000,0,1,0,0,0.0000,+0.00000,+0.00000,0.0000,+0.000,+0.000,1.0000,0,1.0000,0,2,+0.000,+0.000,+0.000,+0.00000,-17.766,+0.00006,+0.00,+0.00000,0,+0.00000,+0.00000,0.00000,-4.358,0,209.6,0.0
22.510783,4,2,0.249058,0.249058,0.2490,+0.00006,1,2,0.0260,0,1,+0.67079,+0.06090,0.04006,190.96,+0.00000,+0.00001,+0.00000,+0.00000,0.00000,0.0000,0,1,0,0,0.0000,+0.00000,+0.00000,0.0000,+0.000,+0.000,1.0000,0,1.0000,0,2,+0.000,+0.000,+0.000,+0.00000,-17.766,+0.00006,+0.00,+0.00000,0,+0.00000,+0.00000,0.00000,-4.358,0,209.6,0.0
22.515736,4,2,0.249058,0.249058,0.2490,+0.00006,1,2,0.0260,0,1,+0.67079,+0.06090,0.04006,190.96,+0.00000,+0.00001,+0.00000,+0.00000,0.00000,0.0000,0,1,0,0,0.0000,+0.00000,+0.00000,0.0000,+0.000,+0.000,1.0000,0,1.0000,0,2,+0.000,+0.000,+0.000,+0.00000,-17.766,+0.00006,+0.00,+0.00000,0,+0.00000,+0.00000,0.00000,-4.358,0,209.6,0.0
22.520276,4,2,0.249058,0.249058,0.2490,+0.00006,1,2,0.0260,0,1,+0.67079,+0.06090,0.04006,190.96,+0.00000,+0.00001,+0.00000,+0.00000,0.00000,0.0000,0,1,0,0,0.0000,+0.00000,+0.00000,0.0000,+0.000,+0.000,1.0000,0,1.0000,0,2,+0.000,+0.000,+0.000,+0.00000,-17.766,+0.00006,+0.00,+0.00000,0,+0.00000,+0.00000,0.00000,-4.358,0,209.6,0.0
22.525488,4,2,0.249057,0.249057,0.2490,+0.00006,1,2,0.0260,0,1,+0.67079,+0.06090,0.04006,190.96,+0.00000,+0.00001,+0.00000,+0.00000,0.00000,0.0000,0,1,0,0,0.0000,+0.00000,+0.00000,0.0000,+0.000,+0.000,1.0000,0,1.0000,0,2,+0.000,+0.000,+0.000,+0.00000,-17.766,+0.00006,+0.00,+0.00000,0,+0.00000,+0.00000,0.00000,-4.358,0,209.6,0.0
22.529968,4,2,0.249057,0.249057,0.2490,+0.00006,1,2,0.0260,0,1,+0.67079,+0.06090,0.04006,190.96,+0.00000,+0.00001,+0.00000,+0.00000,0.00000,0.0000,0,1,0,0,0.0000,+0.00000,+0.00000,0.0000,+0.000,+0.000,1.0000,0,1.0000,0,2,+0.000,+0.000,+0.000,+0.00000,-17.766,+0.00006,+0.00,+0.00000,0,+0.00000,+0.00000,0.00000,-4.358,0,209.6,0.0
22.534279,4,2,0.249057,0.249057,0.2490,+0.00006,1,2,0.0260,0,1,+0.67079,+0.06090,0.04006,190.96,+0.00000,+0.00001,+0.00000,+0.00000,0.00000,0.0000,0,1,0,0,0.0000,+0.00000,+0.00000,0.0000,+0.000,+0.000,1.0000,0,1.0000,0,2,+0.000,+0.000,+0.000,+0.00000,-17.766,+0.00006,+0.00,+0.00000,0,+0.00000,+0.00000,0.00000,-4.358,0,209.6,0.0
22.538796,4,2,0.249057,0.249057,0.2490,+0.00006,1,2,0.0260,0,1,+0.67079,+0.06090,0.04006,190.96,+0.00000,+0.00001,+0.00000,+0.00000,0.00000,0.0000,0,1,0,0,0.0000,+0.00000,+0.00000,0.0000,+0.000,+0.000,1.0000,0,1.0000,0,2,+0.000,+0.000,+0.000,+0.00000,-17.766,+0.00006,+0.00,+0.00000,0,+0.00000,+0.00000,0.00000,-4.358,0,209.6,0.0
22.542945,4,2,0.249057,0.249057,0.2490,+0.00006,1,2,0.0260,0,1,+0.67079,+0.06090,0.04006,190.96,+0.00000,+0.00001,+0.00000,+0.00000,0.00000,0.0000,0,1,0,0,0.0000,+0.00000,+0.00000,0.0000,+0.000,+0.000,1.0000,0,1.0000,0,2,+0.000,+0.000,+0.000,+0.00000,-17.766,+0.00006,+0.00,+0.00000,0,+0.00000,+0.00000,0.00000,-4.358,0,209.6,0.0
22.549093,4,2,0.249056,0.249056,0.2490,+0.00006,1,2,0.0260,0,1,+0.67079,+0.06090,0.04006,190.96,+0.00000,+0.00001,+0.00000,+0.00000,0.00000,0.0000,0,1,0,0,0.0000,+0.00000,+0.00000,0.0000,+0.000,+0.000,1.0000,0,1.0000,0,2,+0.000,+0.000,+0.000,+0.00000,-17.766,+0.00006,+0.00,+0.00000,0,+0.00000,+0.00000,0.00000,-4.358,0,209.6,0.0
22.554364,4,2,0.249056,0.249056,0.2490,+0.00006,1,2,0.0260,0,1,+0.67079,+0.06090,0.04006,190.96,+0.00000,+0.00001,+0.00000,+0.00000,0.00000,0.0000,0,1,0,0,0.0000,+0.00000,+0.00000,0.0000,+0.000,+0.000,1.0000,0,1.0000,0,2,+0.000,+0.000,+0.000,+0.00000,-17.766,+0.00006,+0.00,+0.00000,0,+0.00000,+0.00000,0.00000,-4.358,0,209.6,0.0
22.558592,4,2,0.249056,0.249056,0.2490,+0.00006,1,2,0.0260,0,1,+0.67079,+0.06090,0.04006,190.96,+0.00000,+0.00001,+0.00000,+0.00000,0.00000,0.0000,0,1,0,0,0.0000,+0.00000,+0.00000,0.0000,+0.000,+0.000,1.0000,0,1.0000,0,2,+0.000,+0.000,+0.000,+0.00000,-17.766,+0.00006,+0.00,+0.00000,0,+0.00000,+0.00000,0.00000,-4.358,0,209.6,0.0
22.562893,4,2,0.249056,0.249056,0.2490,+0.00006,1,2,0.0260,0,1,+0.67079,+0.06090,0.04006,190.96,+0.00000,+0.00001,+0.00000,+0.00000,0.00000,0.0000,0,1,0,0,0.0000,+0.00000,+0.00000,0.0000,+0.000,+0.000,1.0000,0,1.0000,0,2,+0.000,+0.000,+0.000,+0.00000,-17.766,+0.00006,+0.00,+0.00000,0,+0.00000,+0.00000,0.00000,-4.358,0,209.6,0.0
22.567461,4,2,0.249056,0.249056,0.2490,+0.00006,1,2,0.0260,0,1,+0.67079,+0.06090,0.04006,190.96,+0.00000,+0.00001,+0.00000,+0.00000,0.00000,0.0000,0,1,0,0,0.0000,+0.00000,+0.00000,0.0000,+0.000,+0.000,1.0000,0,1.0000,0,2,+0.000,+0.000,+0.000,+0.00000,-17.766,+0.00006,+0.00,+0.00000,0,+0.00000,+0.00000,0.00000,-4.358,0,209.6,0.0
22.571912,4,2,0.249056,0.249056,0.2490,+0.00006,1,2,0.0260,0,1,+0.67079,+0.06090,0.04006,190.96,+0.00000,+0.00001,+0.00000,+0.00000,0.00000,0.0000,0,1,0,0,0.0000,+0.00000,+0.00000,0.0000,+0.000,+0.000,1.0000,0,1.0000,0,2,+0.000,+0.000,+0.000,+0.00000,-17.766,+0.00006,+0.00,+0.00000,0,+0.00000,+0.00000,0.00000,-4.358,0,209.6,0.0
22.585913,4,2,0.249055,0.249055,0.2490,+0.00006,1,2,0.0260,0,1,+0.67079,+0.06090,0.04006,190.96,+0.00000,+0.00001,+0.00000,+0.00000,0.00000,0.0000,0,1,0,0,0.0000,+0.00000,+0.00000,0.0000,+0.000,+0.000,1.0000,0,1.0000,0,2,+0.000,+0.000,+0.000,+0.00000,-17.766,+0.00006,+0.00,+0.00000,0,+0.00000,+0.00000,0.00000,-4.358,0,209.6,0.0
22.591547,4,2,0.249055,0.249055,0.2490,+0.00005,1,2,0.0260,0,1,+0.67079,+0.06090,0.04006,190.96,+0.00000,+0.00001,+0.00000,+0.00000,0.00000,0.0000,0,1,0,0,0.0000,+0.00000,+0.00000,0.0000,+0.000,+0.000,1.0000,0,1.0000,0,2,+0.000,+0.000,+0.000,+0.00000,-17.766,+0.00006,+0.00,+0.00000,0,+0.00000,+0.00000,0.00000,-4.358,0,209.6,0.0
22.596645,4,2,0.249055,0.249055,0.2490,+0.00005,1,2,0.0260,0,1,+0.67079,+0.06090,0.04006,190.96,+0.00000,+0.00001,+0.00000,+0.00000,0.00000,0.0000,0,1,0,0,0.0000,+0.00000,+0.00000,0.0000,+0.000,+0.000,1.0000,0,1.0000,0,2,+0.000,+0.000,+0.000,+0.00000,-17.766,+0.00006,+0.00,+0.00000,0,+0.00000,+0.00000,0.00000,-4.358,0,209.6,0.0
22.601279,4,2,0.249054,0.249054,0.2490,+0.00005,1,2,0.0260,0,1,+0.67079,+0.06090,0.04006,190.96,+0.00000,+0.00001,+0.00000,+0.00000,0.00000,0.0000,0,1,0,0,0.0000,+0.00000,+0.00000,0.0000,+0.000,+0.000,1.0000,0,1.0000,0,2,+0.000,+0.000,+0.000,+0.00000,-17.766,+0.00006,+0.00,+0.00000,0,+0.00000,+0.00000,0.00000,-4.358,0,209.6,0.0
22.605899,4,2,0.249054,0.249054,0.2490,+0.00005,1,2,0.0260,0,1,+0.67079,+0.06090,0.04006,190.96,+0.00000,+0.00001,+0.00000,+0.00000,0.00000,0.0000,0,1,0,0,0.0000,+0.00000,+0.00000,0.0000,+0.000,+0.000,1.0000,0,1.0000,0,2,+0.000,+0.000,+0.000,+0.00000,-17.766,+0.00006,+0.00,+0.00000,0,+0.00000,+0.00000,0.00000,-4.358,0,209.6,0.0
22.612468,4,2,0.249054,0.249054,0.2490,+0.00005,1,2,0.0260,0,1,+0.67079,+0.06090,0.04006,190.96,+0.00000,+0.00001,+0.00000,+0.00000,0.00000,0.0000,0,1,0,0,0.0000,+0.00000,+0.00000,0.0000,+0.000,+0.000,1.0000,0,1.0000,0,2,+0.000,+0.000,+0.000,+0.00000,-17.766,+0.00006,+0.00,+0.00000,0,+0.00000,+0.00000,0.00000,-4.358,0,209.6,0.0
22.617232,4,2,0.249054,0.249054,0.2490,+0.00005,1,2,0.0260,0,1,+0.67079,+0.06090,0.04006,190.96,+0.00000,+0.00001,+0.00000,+0.00000,0.00000,0.0000,0,1,0,0,0.0000,+0.00000,+0.00000,0.0000,+0.000,+0.000,1.0000,0,1.0000,0,2,+0.000,+0.000,+0.000,+0.00000,-17.766,+0.00006,+0.00,+0.00000,0,+0.00000,+0.00000,0.00000,-4.358,0,209.6,0.0
22.622145,4,2,0.249054,0.249054,0.2490,+0.00005,1,2,0.0260,0,1,+0.67079,+0.06090,0.04006,190.96,+0.00000,+0.00001,+0.00000,+0.00000,0.00000,0.0000,0,1,0,0,0.0000,+0.00000,+0.00000,0.0000,+0.000,+0.000,1.0000,0,1.0000,0,2,+0.000,+0.000,+0.000,+0.00000,-17.766,+0.00006,+0.00,+0.00000,0,+0.00000,+0.00000,0.00000,-4.358,0,209.6,0.0
22.626689,4,2,0.249054,0.249054,0.2490,+0.00005,1,2,0.0260,0,1,+0.67079,+0.06090,0.04006,190.96,+0.00000,+0.00001,+0.00000,+0.00000,0.00000,0.0000,0,1,0,0,0.0000,+0.00000,+0.00000,0.0000,+0.000,+0.000,1.0000,0,1.0000,0,2,+0.000,+0.000,+0.000,+0.00000,-17.766,+0.00006,+0.00,+0.00000,0,+0.00000,+0.00000,0.00000,-4.358,0,209.6,0.0
22.631248,4,2,0.249053,0.249053,0.2490,+0.00005,1,2,0.0260,0,1,+0.67079,+0.06090,0.04006,190.96,+0.00000,+0.00001,+0.00000,+0.00000,0.00000,0.0000,0,1,0,0,0.0000,+0.00000,+0.00000,0.0000,+0.000,+0.000,1.0000,0,1.0000,0,2,+0.000,+0.000,+0.000,+0.00000,-17.766,+0.00006,+0.00,+0.00000,0,+0.00000,+0.00000,0.00000,-4.358,0,209.6,0.0
22.635949,4,2,0.249053,0.249053,0.2490,+0.00005,1,2,0.0260,0,1,+0.67079,+0.06090,0.04006,190.96,+0.00000,+0.00001,+0.00000,+0.00000,0.00000,0.0000,0,1,0,0,0.0000,+0.00000,+0.00000,0.0000,+0.000,+0.000,1.0000,0,1.0000,0,2,+0.000,+0.000,+0.000,+0.00000,-17.766,+0.00006,+0.00,+0.00000,0,+0.00000,+0.00000,0.00000,-4.358,0,209.6,0.0
22.641434,4,2,0.249053,0.249053,0.2490,+0.00005,1,2,0.0260,0,1,+0.67079,+0.06090,0.04006,190.96,+0.00000,+0.00001,+0.00000,+0.00000,0.00000,0.0000,0,1,0,0,0.0000,+0.00000,+0.00000,0.0000,+0.000,+0.000,1.0000,0,1.0000,0,2,+0.000,+0.000,+0.000,+0.00000,-17.766,+0.00006,+0.00,+0.00000,0,+0.00000,+0.00000,0.00000,-4.358,0,209.6,0.0
22.646675,4,2,0.249053,0.249053,0.2490,+0.00005,1,2,0.0260,0,1,+0.67079,+0.06090,0.04006,190.96,+0.00000,+0.00001,+0.00000,+0.00000,0.00000,0.0000,0,1,0,0,0.0000,+0.00000,+0.00000,0.0000,+0.000,+0.000,1.0000,0,1.0000,0,2,+0.000,+0.000,+0.000,+0.00000,-17.766,+0.00006,+0.00,+0.00000,0,+0.00000,+0.00000,0.00000,-4.358,0,209.6,0.0
22.651387,4,2,0.249053,0.249053,0.2490,+0.00005,1,2,0.0260,0,1,+0.67079,+0.06090,0.04006,190.96,+0.00000,+0.00001,+0.00000,+0.00000,0.00000,0.0000,0,1,0,0,0.0000,+0.00000,+0.00000,0.0000,+0.000,+0.000,1.0000,0,1.0000,0,2,+0.000,+0.000,+0.000,+0.00000,-17.766,+0.00006,+0.00,+0.00000,0,+0.00000,+0.00000,0.00000,-4.358,0,209.6,0.0
22.655684,4,2,0.249053,0.249053,0.2490,+0.00005,1,2,0.0260,0,1,+0.67079,+0.06090,0.04006,190.96,+0.00000,+0.00001,+0.00000,+0.00000,0.00000,0.0000,0,1,0,0,0.0000,+0.00000,+0.00000,0.0000,+0.000,+0.000,1.0000,0,1.0000,0,2,+0.000,+0.000,+0.000,+0.00000,-17.766,+0.00006,+0.00,+0.00000,0,+0.00000,+0.00000,0.00000,-4.358,0,209.6,0.0
22.660308,4,2,0.249052,0.249052,0.2490,+0.00005,1,2,0.0260,0,1,+0.67079,+0.06090,0.04006,190.96,+0.00000,+0.00001,+0.00000,+0.00000,0.00000,0.0000,0,1,0,0,0.0000,+0.00000,+0.00000,0.0000,+0.000,+0.000,1.0000,0,1.0000,0,2,+0.000,+0.000,+0.000,+0.00000,-17.766,+0.00006,+0.00,+0.00000,0,+0.00000,+0.00000,0.00000,-4.358,0,209.6,0.0
22.664659,4,2,0.249052,0.249052,0.2490,+0.00005,1,2,0.0260,0,1,+0.67079,+0.06090,0.04006,190.96,+0.00000,+0.00001,+0.00000,+0.00000,0.00000,0.0000,0,1,0,0,0.0000,+0.00000,+0.00000,0.0000,+0.000,+0.000,1.0000,0,1.0000,0,2,+0.000,+0.000,+0.000,+0.00000,-17.766,+0.00006,+0.00,+0.00000,0,+0.00000,+0.00000,0.00000,-4.358,0,209.6,0.0
22.668937,4,2,0.249052,0.249052,0.2490,+0.00005,1,2,0.0260,0,1,+0.67079,+0.06090,0.04006,190.96,+0.00000,+0.00001,+0.00000,+0.00000,0.00000,0.0000,0,1,0,0,0.0000,+0.00000,+0.00000,0.0000,+0.000,+0.000,1.0000,0,1.0000,0,2,+0.000,+0.000,+0.000,+0.00000,-17.766,+0.00006,+0.00,+0.00000,0,+0.00000,+0.00000,0.00000,-4.358,0,209.6,0.0
22.673451,4,2,0.249052,0.249052,0.2490,+0.00005,1,2,0.0260,0,1,+0.67079,+0.06090,0.04006,190.96,+0.00000,+0.00001,+0.00000,+0.00000,0.00000,0.0000,0,1,0,0,0.0000,+0.00000,+0.00000,0.0000,+0.000,+0.000,1.0000,0,1.0000,0,2,+0.000,+0.000,+0.000,+0.00000,-17.766,+0.00006,+0.00,+0.00000,0,+0.00000,+0.00000,0.00000,-4.358,0,209.6,0.0
22.677991,4,2,0.249052,0.249052,0.2490,+0.00005,1,2,0.0260,0,1,+0.67079,+0.06090,0.04006,190.96,+0.00000,+0.00001,+0.00000,+0.00000,0.00000,0.0000,0,1,0,0,0.0000,+0.00000,+0.00000,0.0000,+0.000,+0.000,1.0000,0,1.0000,0,2,+0.000,+0.000,+0.000,+0.00000,-17.766,+0.00006,+0.00,+0.00000,0,+0.00000,+0.00000,0.00000,-4.358,0,209.6,0.0
22.682625,4,2,0.249052,0.249052,0.2490,+0.00005,1,2,0.0260,0,1,+0.67079,+0.06090,0.04006,190.96,+0.00000,+0.00001,+0.00000,+0.00000,0.00000,0.0000,0,1,0,0,0.0000,+0.00000,+0.00000,0.0000,+0.000,+0.000,1.0000,0,1.0000,0,2,+0.000,+0.000,+0.000,+0.00000,-17.766,+0.00006,+0.00,+0.00000,0,+0.00000,+0.00000,0.00000,-4.358,0,209.6,0.0
22.687045,4,2,0.249051,0.249051,0.2490,+0.00005,1,2,0.0260,0,1,+0.67079,+0.06090,0.04006,190.96,+0.00000,+0.00001,+0.00000,+0.00000,0.00000,0.0000,0,1,0,0,0.0000,+0.00000,+0.00000,0.0000,+0.000,+0.000,1.0000,0,1.0000,0,2,+0.000,+0.000,+0.000,+0.00000,-17.766,+0.00006,+0.00,+0.00000,0,+0.00000,+0.00000,0.00000,-4.358,0,209.6,0.0
22.692575,4,2,0.249051,0.249051,0.2490,+0.00005,1,2,0.0260,0,1,+0.67079,+0.06090,0.04006,190.96,+0.00000,+0.00001,+0.00000,+0.00000,0.00000,0.0000,0,1,0,0,0.0000,+0.00000,+0.00000,0.0000,+0.000,+0.000,1.0000,0,1.0000,0,2,+0.000,+0.000,+0.000,+0.00000,-17.766,+0.00006,+0.00,+0.00000,0,+0.00000,+0.00000,0.00000,-4.358,0,209.6,0.0
22.697212,4,2,0.249051,0.249051,0.2490,+0.00005,1,2,0.0260,0,1,+0.67079,+0.06090,0.04006,190.96,+0.00000,+0.00001,+0.00000,+0.00000,0.00000,0.0000,0,1,0,0,0.0000,+0.00000,+0.00000,0.0000,+0.000,+0.000,1.0000,0,1.0000,0,2,+0.000,+0.000,+0.000,+0.00000,-17.765,+0.00006,+0.00,+0.00000,0,+0.00000,+0.00000,0.00000,-4.358,0,209.6,0.0
22.701784,4,2,0.249051,0.249051,0.2490,+0.00005,1,2,0.0260,0,1,+0.67079,+0.06090,0.04006,190.96,+0.00000,+0.00001,+0.00000,+0.00000,0.00000,0.0000,0,1,0,0,0.0000,+0.00000,+0.00000,0.0000,+0.000,+0.000,1.0000,0,1.0000,0,2,+0.000,+0.000,+0.000,+0.00000,-17.765,+0.00006,+0.00,+0.00000,0,+0.00000,+0.00000,0.00000,-4.358,0,209.6,0.0
22.706316,4,2,0.249051,0.249051,0.2490,+0.00005,1,2,0.0260,0,1,+0.67079,+0.06090,0.04006,190.96,+0.00000,+0.00000,+0.00000,+0.00000,0.00000,0.0000,0,1,0,0,0.0000,+0.00000,+0.00000,0.0000,+0.000,+0.000,1.0000,0,1.0000,0,2,+0.000,+0.000,+0.000,+0.00000,-17.765,+0.00006,+0.00,+0.00000,0,+0.00000,+0.00000,0.00000,-4.358,0,209.6,0.0
22.710812,4,2,0.249051,0.249051,0.2490,+0.00005,1,2,0.0260,0,1,+0.67079,+0.06090,0.04006,190.96,+0.00000,+0.00000,+0.00000,+0.00000,0.00000,0.0000,0,1,0,0,0.0000,+0.00000,+0.00000,0.0000,+0.000,+0.000,1.0000,0,1.0000,0,2,+0.000,+0.000,+0.000,+0.00000,-17.765,+0.00006,+0.00,+0.00000,0,+0.00000,+0.00000,0.00000,-4.358,0,209.6,0.0
22.715542,4,2,0.249050,0.249050,0.2490,+0.00005,1,2,0.0260,0,1,+0.67079,+0.06090,0.04006,190.96,+0.00000,+0.00000,+0.00000,+0.00000,0.00000,0.0000,0,1,0,0,0.0000,+0.00000,+0.00000,0.0000,+0.000,+0.000,1.0000,0,1.0000,0,2,+0.000,+0.000,+0.000,+0.00000,-17.765,+0.00006,+0.00,+0.00000,0,+0.00000,+0.00000,0.00000,-4.358,0,209.6,0.0
22.722096,4,2,0.249050,0.249050,0.2490,+0.00005,1,2,0.0260,0,1,+0.67079,+0.06090,0.04006,190.96,+0.00000,+0.00000,+0.00000,+0.00000,0.00000,0.0000,0,1,0,0,0.0000,+0.00000,+0.00000,0.0000,+0.000,+0.000,1.0000,0,1.0000,0,2,+0.000,+0.000,+0.000,+0.00000,-17.765,+0.00006,+0.00,+0.00000,0,+0.00000,+0.00000,0.00000,-4.358,0,209.6,0.0
22.726572,4,2,0.249050,0.249050,0.2490,+0.00005,1,2,0.0260,0,1,+0.67079,+0.06090,0.04006,190.96,+0.00000,+0.00000,+0.00000,+0.00000,0.00000,0.0000,0,1,0,0,0.0000,+0.00000,+0.00000,0.0000,+0.000,+0.000,1.0000,0,1.0000,0,2,+0.000,+0.000,+0.000,+0.00000,-17.765,+0.00006,+0.00,+0.00000,0,+0.00000,+0.00000,0.00000,-4.358,0,209.6,0.0
22.731163,4,2,0.249050,0.249050,0.2490,+0.00005,1,2,0.0260,0,1,+0.67079,+0.06090,0.04006,190.96,+0.00000,+0.00000,+0.00000,+0.00000,0.00000,0.0000,0,1,0,0,0.0000,+0.00000,+0.00000,0.0000,+0.000,+0.000,1.0000,0,1.0000,0,2,+0.000,+0.000,+0.000,+0.00000,-17.765,+0.00006,+0.00,+0.00000,0,+0.00000,+0.00000,0.00000,-4.358,0,209.6,0.0
22.735780,4,2,0.249050,0.249050,0.2490,+0.00005,1,2,0.0260,0,1,+0.67079,+0.06090,0.04006,190.96,+0.00000,+0.00000,+0.00000,+0.00000,0.00000,0.0000,0,1,0,0,0.0000,+0.00000,+0.00000,0.0000,+0.000,+0.000,1.0000,0,1.0000,0,2,+0.000,+0.000,+0.000,+0.00000,-17.765,+0.00006,+0.00,+0.00000,0,+0.00000,+0.00000,0.00000,-4.358,0,209.6,0.0
22.740259,4,2,0.249050,0.249050,0.2490,+0.00005,1,2,0.0260,0,1,+0.67079,+0.06090,0.04006,190.96,+0.00000,+0.00000,+0.00000,+0.00000,0.00000,0.0000,0,1,0,0,0.0000,+0.00000,+0.00000,0.0000,+0.000,+0.000,1.0000,0,1.0000,0,2,+0.000,+0.000,+0.000,+0.00000,-17.765,+0.00006,+0.00,+0.00000,0,+0.00000,+0.00000,0.00000,-4.358,0,209.6,0.0
22.744542,4,2,0.249050,0.249050,0.2490,+0.00005,1,2,0.0260,0,1,+0.67079,+0.06090,0.04006,190.96,+0.00000,+0.00000,+0.00000,+0.00000,0.00000,0.0000,0,1,0,0,0.0000,+0.00000,+0.00000,0.0000,+0.000,+0.000,1.0000,0,1.0000,0,2,+0.000,+0.000,+0.000,+0.00000,-17.765,+0.00006,+0.00,+0.00000,0,+0.00000,+0.00000,0.00000,-4.358,0,209.6,0.0
22.749076,4,2,0.249049,0.249049,0.2490,+0.00005,1,2,0.0260,0,1,+0.67079,+0.06090,0.04006,190.96,+0.00000,+0.00000,+0.00000,+0.00000,0.00000,0.0000,0,1,0,0,0.0000,+0.00000,+0.00000,0.0000,+0.000,+0.000,1.0000,0,1.0000,0,2,+0.000,+0.000,+0.000,+0.00000,-17.765,+0.00006,+0.00,+0.00000,0,+0.00000,+0.00000,0.00000,-4.358,0,209.6,0.0
22.753816,4,2,0.249049,0.249049,0.2490,+0.00005,1,2,0.0260,0,1,+0.67079,+0.06090,0.04006,190.96,+0.00000,+0.00000,+0.00000,+0.00000,0.00000,0.0000,0,1,0,0,0.0000,+0.00000,+0.00000,0.0000,+0.000,+0.000,1.0000,0,1.0000,0,2,+0.000,+0.000,+0.000,+0.00000,-17.765,+0.00006,+0.00,+0.00000,0,+0.00000,+0.00000,0.00000,-4.357,0,209.6,0.0
22.758456,4,2,0.249049,0.249049,0.2490,+0.00005,1,2,0.0260,0,1,+0.67079,+0.06090,0.04006,190.96,+0.00000,+0.00000,+0.00000,+0.00000,0.00000,0.0000,0,1,0,0,0.0000,+0.00000,+0.00000,0.0000,+0.000,+0.000,1.0000,0,1.0000,0,2,+0.000,+0.000,+0.000,+0.00000,-17.765,+0.00006,+0.00,+0.00000,0,+0.00000,+0.00000,0.00000,-4.357,0,209.6,0.0
22.767202,4,2,0.249049,0.249049,0.2490,+0.00005,1,2,0.0260,0,1,+0.67079,+0.06090,0.04006,190.96,+0.00000,+0.00000,+0.00000,+0.00000,0.00000,0.0000,0,1,0,0,0.0000,+0.00000,+0.00000,0.0000,+0.000,+0.000,1.0000,0,1.0000,0,2,+0.000,+0.000,+0.000,+0.00000,-17.765,+0.00006,+0.00,+0.00000,0,+0.00000,+0.00000,0.00000,-4.357,0,209.6,0.0
22.772253,4,2,0.249049,0.249049,0.2490,+0.00005,1,2,0.0260,0,1,+0.67079,+0.06090,0.04006,190.96,+0.00000,+0.00000,+0.00000,+0.00000,0.00000,0.0000,0,1,0,0,0.0000,+0.00000,+0.00000,0.0000,+0.000,+0.000,1.0000,0,1.0000,0,2,+0.000,+0.000,+0.000,+0.00000,-17.765,+0.00006,+0.00,+0.00000,0,+0.00000,+0.00000,0.00000,-4.357,0,209.6,0.0
22.776996,4,2,0.249048,0.249048,0.2490,+0.00005,1,2,0.0260,0,1,+0.67079,+0.06090,0.04006,190.96,+0.00000,+0.00000,+0.00000,+0.00000,0.00000,0.0000,0,1,0,0,0.0000,+0.00000,+0.00000,0.0000,+0.000,+0.000,1.0000,0,1.0000,0,2,+0.000,+0.000,+0.000,+0.00000,-17.765,+0.00006,+0.00,+0.00000,0,+0.00000,+0.00000,0.00000,-4.357,0,209.6,0.0
22.781671,4,2,0.249048,0.249048,0.2490,+0.00005,1,2,0.0260,0,1,+0.67079,+0.06090,0.04006,190.96,+0.00000,+0.00000,+0.00000,+0.00000,0.00000,0.0000,0,1,0,0,0.0000,+0.00000,+0.00000,0.0000,+0.000,+0.000,1.0000,0,1.0000,0,2,+0.000,+0.000,+0.000,+0.00000,-17.765,+0.00006,+0.00,+0.00000,0,+0.00000,+0.00000,0.00000,-4.357,0,209.6,0.0
22.786254,4,2,0.249048,0.249048,0.2490,+0.00005,1,2,0.0260,0,1,+0.67079,+0.06090,0.04006,190.96,+0.00000,+0.00000,+0.00000,+0.00000,0.00000,0.0000,0,1,0,0,0.0000,+0.00000,+0.00000,0.0000,+0.000,+0.000,1.0000,0,1.0000,0,2,+0.000,+0.000,+0.000,+0.00000,-17.765,+0.00006,+0.00,+0.00000,0,+0.00000,+0.00000,0.00000,-4.357,0,209.6,0.0
22.790792,4,2,0.249048,0.249048,0.2490,+0.00005,1,2,0.0260,0,1,+0.67079,+0.06090,0.04006,190.96,+0.00000,+0.00000,+0.00000,+0.00000,0.00000,0.0000,0,1,0,0,0.0000,+0.00000,+0.00000,0.0000,+0.000,+0.000,1.0000,0,1.0000,0,2,+0.000,+0.000,+0.000,+0.00000,-17.765,+0.00006,+0.00,+0.00000,0,+0.00000,+0.00000,0.00000,-4.357,0,209.6,0.0
22.795291,4,2,0.249048,0.249048,0.2490,+0.00005,1,2,0.0260,0,1,+0.67079,+0.06090,0.04006,190.96,+0.00000,+0.00000,+0.00000,+0.00000,0.00000,0.0000,0,1,0,0,0.0000,+0.00000,+0.00000,0.0000,+0.000,+0.000,1.0000,0,1.0000,0,2,+0.000,+0.000,+0.000,+0.00000,-17.765,+0.00006,+0.00,+0.00000,0,+0.00000,+0.00000,0.00000,-4.357,0,209.6,0.0
22.799652,4,2,0.249048,0.249048,0.2490,+0.00005,1,2,0.0260,0,1,+0.67079,+0.06090,0.04006,190.96,+0.00000,+0.00000,+0.00000,+0.00000,0.00000,0.0000,0,1,0,0,0.0000,+0.00000,+0.00000,0.0000,+0.000,+0.000,1.0000,0,1.0000,0,2,+0.000,+0.000,+0.000,+0.00000,-17.765,+0.00006,+0.00,+0.00000,0,+0.00000,+0.00000,0.00000,-4.357,0,209.6,0.0
22.804237,4,2,0.249048,0.249048,0.2490,+0.00005,1,2,0.0260,0,1,+0.67079,+0.06090,0.04006,190.96,+0.00000,+0.00000,+0.00000,+0.00000,0.00000,0.0000,0,1,0,0,0.0000,+0.00000,+0.00000,0.0000,+0.000,+0.000,1.0000,0,1.0000,0,2,+0.000,+0.000,+0.000,+0.00000,-17.765,+0.00006,+0.00,+0.00000,0,+0.00000,+0.00000,0.00000,-4.357,0,209.6,0.0
22.809660,4,2,0.249047,0.249047,0.2490,+0.00005,1,2,0.0260,0,1,+0.67079,+0.06090,0.04006,190.96,+0.00000,+0.00000,+0.00000,+0.00000,0.00000,0.0000,0,1,0,0,0.0000,+0.00000,+0.00000,0.0000,+0.000,+0.000,1.0000,0,1.0000,0,2,+0.000,+0.000,+0.000,+0.00000,-17.765,+0.00006,+0.00,+0.00000,0,+0.00000,+0.00000,0.00000,-4.357,0,209.6,0.0
22.814166,4,2,0.249047,0.249047,0.2490,+0.00005,1,2,0.0260,0,1,+0.67079,+0.06090,0.04006,190.96,+0.00000,+0.00000,+0.00000,+0.00000,0.00000,0.0000,0,1,0,0,0.0000,+0.00000,+0.00000,0.0000,+0.000,+0.000,1.0000,0,1.0000,0,2,+0.000,+0.000,+0.000,+0.00000,-17.765,+0.00006,+0.00,+0.00000,0,+0.00000,+0.00000,0.00000,-4.357,0,209.6,0.0
22.819692,4,2,0.249047,0.249047,0.2490,+0.00005,1,2,0.0260,0,1,+0.67079,+0.06090,0.04006,190.96,+0.00000,+0.00000,+0.00000,+0.00000,0.00000,0.0000,0,1,0,0,0.0000,+0.00000,+0.00000,0.0000,+0.000,+0.000,1.0000,0,1.0000,0,2,+0.000,+0.000,+0.000,+0.00000,-17.765,+0.00006,+0.00,+0.00000,0,+0.00000,+0.00000,0.00000,-4.357,0,209.6,0.0
22.826182,4,2,0.249047,0.249047,0.2490,+0.00005,1,2,0.0260,0,1,+0.67079,+0.06090,0.04006,190.96,+0.00000,+0.00000,+0.00000,+0.00000,0.00000,0.0000,0,1,0,0,0.0000,+0.00000,+0.00000,0.0000,+0.000,+0.000,1.0000,0,1.0000,0,2,+0.000,+0.000,+0.000,+0.00000,-17.765,+0.00006,+0.00,+0.00000,0,+0.00000,+0.00000,0.00000,-4.357,0,209.6,0.0
22.830503,4,2,0.249047,0.249047,0.2490,+0.00005,1,2,0.0260,0,1,+0.67079,+0.06090,0.04006,190.96,+0.00000,+0.00000,+0.00000,+0.00000,0.00000,0.0000,0,1,0,0,0.0000,+0.00000,+0.00000,0.0000,+0.000,+0.000,1.0000,0,1.0000,0,2,+0.000,+0.000,+0.000,+0.00000,-17.765,+0.00006,+0.00,+0.00000,0,+0.00000,+0.00000,0.00000,-4.357,0,209.6,0.0
22.835057,4,2,0.249047,0.249047,0.2490,+0.00005,1,2,0.0260,0,1,+0.67079,+0.06090,0.04006,190.96,+0.00000,+0.00000,+0.00000,+0.00000,0.00000,0.0000,0,1,0,0,0.0000,+0.00000,+0.00000,0.0000,+0.000,+0.000,1.0000,0,1.0000,0,2,+0.000,+0.000,+0.000,+0.00000,-17.765,+0.00006,+0.00,+0.00000,0,+0.00000,+0.00000,0.00000,-4.357,0,209.6,0.0
22.839600,4,2,0.249046,0.249046,0.2490,+0.00005,1,2,0.0260,0,1,+0.67079,+0.06090,0.04006,190.96,+0.00000,+0.00000,+0.00000,+0.00000,0.00000,0.0000,0,1,0,0,0.0000,+0.00000,+0.00000,0.0000,+0.000,+0.000,1.0000,0,1.0000,0,2,+0.000,+0.000,+0.000,+0.00000,-17.765,+0.00006,+0.00,+0.00000,0,+0.00000,+0.00000,0.00000,-4.357,0,209.6,0.0
22.844142,4,2,0.249046,0.249046,0.2490,+0.00005,1,2,0.0260,0,1,+0.67079,+0.06090,0.04006,190.96,+0.00000,+0.00000,+0.00000,+0.00000,0.00000,0.0000,0,1,0,0,0.0000,+0.00000,+0.00000,0.0000,+0.000,+0.000,1.0000,0,1.0000,0,2,+0.000,+0.000,+0.000,+0.00000,-17.765,+0.00006,+0.00,+0.00000,0,+0.00000,+0.00000,0.00000,-4.357,0,209.6,0.0
22.848663,4,2,0.249046,0.249046,0.2490,+0.00005,1,2,0.0260,0,1,+0.67079,+0.06090,0.04006,190.96,+0.00000,+0.00000,+0.00000,+0.00000,0.00000,0.0000,0,1,0,0,0.0000,+0.00000,+0.00000,0.0000,+0.000,+0.000,1.0000,0,1.0000,0,2,+0.000,+0.000,+0.000,+0.00000,-17.765,+0.00006,+0.00,+0.00000,0,+0.00000,+0.00000,0.00000,-4.357,0,209.6,0.0
22.853274,4,2,0.249046,0.249046,0.2490,+0.00005,1,2,0.0260,0,1,+0.67079,+0.06090,0.04006,190.96,+0.00000,+0.00000,+0.00000,+0.00000,0.00000,0.0000,0,1,0,0,0.0000,+0.00000,+0.00000,0.0000,+0.000,+0.000,1.0000,0,1.0000,0,2,+0.000,+0.000,+0.000,+0.00000,-17.765,+0.00006,+0.00,+0.00000,0,+0.00000,+0.00000,0.00000,-4.357,0,209.6,0.0
22.857914,4,2,0.249046,0.249046,0.2490,+0.00005,1,2,0.0260,0,1,+0.67079,+0.06090,0.04006,190.96,+0.00000,+0.00000,+0.00000,+0.00000,0.00000,0.0000,0,1,0,0,0.0000,+0.00000,+0.00000,0.0000,+0.000,+0.000,1.0000,0,1.0000,0,2,+0.000,+0.000,+0.000,+0.00000,-17.765,+0.00006,+0.00,+0.00000,0,+0.00000,+0.00000,0.00000,-4.357,0,209.6,0.0
22.862570,4,2,0.249046,0.249046,0.2490,+0.00005,1,2,0.0260,0,1,+0.67079,+0.06090,0.04006,190.96,+0.00000,+0.00000,+0.00000,+0.00000,0.00000,0.0000,0,1,0,0,0.0000,+0.00000,+0.00000,0.0000,+0.000,+0.000,1.0000,0,1.0000,0,2,+0.000,+0.000,+0.000,+0.00000,-17.765,+0.00006,+0.00,+0.00000,0,+0.00000,+0.00000,0.00000,-4.357,0,209.6,0.0
22.867417,4,2,0.249046,0.249046,0.2490,+0.00005,1,2,0.0260,0,1,+0.67079,+0.06090,0.04006,190.96,+0.00000,+0.00000,+0.00000,+0.00000,0.00000,0.0000,0,1,0,0,0.0000,+0.00000,+0.00000,0.0000,+0.000,+0.000,1.0000,0,1.0000,0,2,+0.000,+0.000,+0.000,+0.00000,-17.765,+0.00006,+0.00,+0.00000,0,+0.00000,+0.00000,0.00000,-4.357,0,209.6,0.0
22.871902,4,2,0.249045,0.249045,0.2490,+0.00005,1,2,0.0260,0,1,+0.67079,+0.06090,0.04006,190.96,+0.00000,+0.00000,+0.00000,+0.00000,0.00000,0.0000,0,1,0,0,0.0000,+0.00000,+0.00000,0.0000,+0.000,+0.000,1.0000,0,1.0000,0,2,+0.000,+0.000,+0.000,+0.00000,-17.765,+0.00006,+0.00,+0.00000,0,+0.00000,+0.00000,0.00000,-4.357,0,209.6,0.0
22.876427,4,2,0.249045,0.249045,0.2490,+0.00005,1,2,0.0260,0,1,+0.67079,+0.06090,0.04006,190.96,+0.00000,+0.00000,+0.00000,+0.00000,0.00000,0.0000,0,1,0,0,0.0000,+0.00000,+0.00000,0.0000,+0.000,+0.000,1.0000,0,1.0000,0,2,+0.000,+0.000,+0.000,+0.00000,-17.765,+0.00006,+0.00,+0.00000,0,+0.00000,+0.00000,0.00000,-4.357,0,209.6,0.0
22.881032,4,2,0.249045,0.249045,0.2490,+0.00005,1,2,0.0260,0,1,+0.67079,+0.06090,0.04006,190.96,+0.00000,+0.00000,+0.00000,+0.00000,0.00000,0.0000,0,1,0,0,0.0000,+0.00000,+0.00000,0.0000,+0.000,+0.000,1.0000,0,1.0000,0,2,+0.000,+0.000,+0.000,+0.00000,-17.765,+0.00006,+0.00,+0.00000,0,+0.00000,+0.00000,0.00000,-4.357,0,209.6,0.0
22.885283,4,2,0.249045,0.249045,0.2490,+0.00005,1,2,0.0260,0,1,+0.67079,+0.06090,0.04006,190.96,+0.00000,+0.00000,+0.00000,+0.00000,0.00000,0.0000,0,1,0,0,0.0000,+0.00000,+0.00000,0.0000,+0.000,+0.000,1.0000,0,1.0000,0,2,+0.000,+0.000,+0.000,+0.00000,-17.765,+0.00006,+0.00,+0.00000,0,+0.00000,+0.00000,0.00000,-4.357,0,209.6,0.0
22.889673,4,2,0.249045,0.249045,0.2490,+0.00004,1,2,0.0260,0,1,+0.67079,+0.06090,0.04006,190.96,+0.00000,+0.00000,+0.00000,+0.00000,0.00000,0.0000,0,1,0,0,0.0000,+0.00000,+0.00000,0.0000,+0.000,+0.000,1.0000,0,1.0000,0,2,+0.000,+0.000,+0.000,+0.00000,-17.765,+0.00006,+0.00,+0.00000,0,+0.00000,+0.00000,0.00000,-4.357,0,209.6,0.0
22.894480,4,2,0.249045,0.249045,0.2490,+0.00004,1,2,0.0260,0,1,+0.67079,+0.06090,0.04006,190.96,+0.00000,+0.00000,+0.00000,+0.00000,0.00000,0.0000,0,1,0,0,0.0000,+0.00000,+0.00000,0.0000,+0.000,+0.000,1.0000,0,1.0000,0,2,+0.000,+0.000,+0.000,+0.00000,-17.765,+0.00006,+0.00,+0.00000,0,+0.00000,+0.00000,0.00000,-4.357,0,209.6,0.0
22.899651,4,2,0.249045,0.249045,0.2490,+0.00004,1,2,0.0260,0,1,+0.67079,+0.06090,0.04006,190.96,+0.00000,+0.00000,+0.00000,+0.00000,0.00000,0.0000,0,1,0,0,0.0000,+0.00000,+0.00000,0.0000,+0.000,+0.000,1.0000,0,1.0000,0,2,+0.000,+0.000,+0.000,+0.00000,-17.765,+0.00006,+0.00,+0.00000,0,+0.00000,+0.00000,0.00000,-4.357,0,209.6,0.0
22.903983,4,2,0.249045,0.249045,0.2490,+0.00004,1,2,0.0260,0,1,+0.67079,+0.06090,0.04006,190.96,+0.00000,+0.00000,+0.00000,+0.00000,0.00000,0.0000,0,1,0,0,0.0000,+0.00000,+0.00000,0.0000,+0.000,+0.000,1.0000,0,1.0000,0,2,+0.000,+0.000,+0.000,+0.00000,-17.765,+0.00006,+0.00,+0.00000,0,+0.00000,+0.00000,0.00000,-4.357,0,209.6,0.0
22.908711,4,2,0.249044,0.249044,0.2490,+0.00004,1,2,0.0260,0,1,+0.67079,+0.06090,0.04006,190.96,+0.00000,+0.00000,+0.00000,+0.00000,0.00000,0.0000,0,1,0,0,0.0000,+0.00000,+0.00000,0.0000,+0.000,+0.000,1.0000,0,1.0000,0,2,+0.000,+0.000,+0.000,+0.00000,-17.765,+0.00006,+0.00,+0.00000,0,+0.00000,+0.00000,0.00000,-4.357,0,209.6,0.0
22.913679,4,2,0.249044,0.249044,0.2490,+0.00004,1,2,0.0260,0,1,+0.67079,+0.06090,0.04006,190.96,+0.00000,+0.00000,+0.00000,+0.00000,0.00000,0.0000,0,1,0,0,0.0000,+0.00000,+0.00000,0.0000,+0.000,+0.000,1.0000,0,1.0000,0,2,+0.000,+0.000,+0.000,+0.00000,-17.765,+0.00006,+0.00,+0.00000,0,+0.00000,+0.00000,0.00000,-4.357,0,209.6,0.0
22.918445,4,2,0.249044,0.249044,0.2490,+0.00004,1,2,0.0260,0,1,+0.67079,+0.06090,0.04006,190.96,+0.00000,+0.00000,+0.00000,+0.00000,0.00000,0.0000,0,1,0,0,0.0000,+0.00000,+0.00000,0.0000,+0.000,+0.000,1.0000,0,1.0000,0,2,+0.000,+0.000,+0.000,+0.00000,-17.765,+0.00006,+0.00,+0.00000,0,+0.00000,+0.00000,0.00000,-4.357,0,209.6,0.0
22.922967,4,2,0.249044,0.249044,0.2490,+0.00004,1,2,0.0260,0,1,+0.67079,+0.06090,0.04006,190.96,+0.00000,+0.00000,+0.00000,+0.00000,0.00000,0.0000,0,1,0,0,0.0000,+0.00000,+0.00000,0.0000,+0.000,+0.000,1.0000,0,1.0000,0,2,+0.000,+0.000,+0.000,+0.00000,-17.765,+0.00006,+0.00,+0.00000,0,+0.00000,+0.00000,0.00000,-4.357,0,209.6,0.0
22.927249,4,2,0.249044,0.249044,0.2490,+0.00004,1,2,0.0260,0,1,+0.67079,+0.06090,0.04006,190.96,+0.00000,+0.00000,+0.00000,+0.00000,0.00000,0.0000,0,1,0,0,0.0000,+0.00000,+0.00000,0.0000,+0.000,+0.000,1.0000,0,1.0000,0,2,+0.000,+0.000,+0.000,+0.00000,-17.765,+0.00006,+0.00,+0.00000,0,+0.00000,+0.00000,0.00000,-4.357,0,209.6,0.0
22.931906,4,2,0.249044,0.249044,0.2490,+0.00004,1,2,0.0260,0,1,+0.67079,+0.06090,0.04006,190.96,+0.00000,+0.00000,+0.00000,+0.00000,0.00000,0.0000,0,1,0,0,0.0000,+0.00000,+0.00000,0.0000,+0.000,+0.000,1.0000,0,1.0000,0,2,+0.000,+0.000,+0.000,+0.00000,-17.765,+0.00006,+0.00,+0.00000,0,+0.00000,+0.00000,0.00000,-4.357,0,209.6,0.0
22.936666,4,2,0.249044,0.249044,0.2490,+0.00004,1,2,0.0260,0,1,+0.67079,+0.06090,0.04006,190.96,+0.00000,+0.00000,+0.00000,+0.00000,0.00000,0.0000,0,1,0,0,0.0000,+0.00000,+0.00000,0.0000,+0.000,+0.000,1.0000,0,1.0000,0,2,+0.000,+0.000,+0.000,+0.00000,-17.765,+0.00006,+0.00,+0.00000,0,+0.00000,+0.00000,0.00000,-4.357,0,209.6,0.0
22.941361,4,2,0.249043,0.249043,0.2490,+0.00004,1,2,0.0260,0,1,+0.67079,+0.06090,0.04006,190.96,+0.00000,+0.00000,+0.00000,+0.00000,0.00000,0.0000,0,1,0,0,0.0000,+0.00000,+0.00000,0.0000,+0.000,+0.000,1.0000,0,1.0000,0,2,+0.000,+0.000,+0.000,+0.00000,-17.765,+0.00006,+0.00,+0.00000,0,+0.00000,+0.00000,0.00000,-4.357,0,209.6,0.0
22.945905,4,2,0.249043,0.249043,0.2490,+0.00004,1,2,0.0260,0,1,+0.67079,+0.06090,0.04006,190.96,+0.00000,+0.00000,+0.00000,+0.00000,0.00000,0.0000,0,1,0,0,0.0000,+0.00000,+0.00000,0.0000,+0.000,+0.000,1.0000,0,1.0000,0,2,+0.000,+0.000,+0.000,+0.00000,-17.765,+0.00006,+0.00,+0.00000,0,+0.00000,+0.00000,0.00000,-4.357,0,209.6,0.0
22.950417,4,2,0.249043,0.249043,0.2490,+0.00004,1,2,0.0260,0,1,+0.67079,+0.06090,0.04006,190.96,+0.00000,+0.00000,+0.00000,+0.00000,0.00000,0.0000,0,1,0,0,0.0000,+0.00000,+0.00000,0.0000,+0.000,+0.000,1.0000,0,1.0000,0,2,+0.000,+0.000,+0.000,+0.00000,-17.765,+0.00006,+0.00,+0.00000,0,+0.00000,+0.00000,0.00000,-4.357,0,209.6,0.0
22.954889,4,2,0.249043,0.249043,0.2490,+0.00004,1,2,0.0260,0,1,+0.67079,+0.06090,0.04006,190.96,+0.00000,+0.00000,+0.00000,+0.00000,0.00000,0.0000,0,1,0,0,0.0000,+0.00000,+0.00000,0.0000,+0.000,+0.000,1.0000,0,1.0000,0,2,+0.000,+0.000,+0.000,+0.00000,-17.765,+0.00006,+0.00,+0.00000,0,+0.00000,+0.00000,0.00000,-4.357,0,209.6,0.0
22.959594,4,2,0.249043,0.249043,0.2490,+0.00004,1,2,0.0260,0,1,+0.67079,+0.06090,0.04006,190.96,+0.00000,+0.00000,+0.00000,+0.00000,0.00000,0.0000,0,1,0,0,0.0000,+0.00000,+0.00000,0.0000,+0.000,+0.000,1.0000,0,1.0000,0,2,+0.000,+0.000,+0.000,+0.00000,-17.765,+0.00006,+0.00,+0.00000,0,+0.00000,+0.00000,0.00000,-4.357,0,209.6,0.0
22.963779,4,2,0.249043,0.249043,0.2490,+0.00004,1,2,0.0260,0,1,+0.67079,+0.06090,0.04006,190.96,+0.00000,+0.00000,+0.00000,+0.00000,0.00000,0.0000,0,1,0,0,0.0000,+0.00000,+0.00000,0.0000,+0.000,+0.000,1.0000,0,1.0000,0,2,+0.000,+0.000,+0.000,+0.00000,-17.765,+0.00006,+0.00,+0.00000,0,+0.00000,+0.00000,0.00000,-4.357,0,209.6,0.0
22.968355,4,2,0.249043,0.249043,0.2490,+0.00004,1,2,0.0260,0,1,+0.67079,+0.06090,0.04006,190.96,+0.00000,+0.00000,+0.00000,+0.00000,0.00000,0.0000,0,1,0,0,0.0000,+0.00000,+0.00000,0.0000,+0.000,+0.000,1.0000,0,1.0000,0,2,+0.000,+0.000,+0.000,+0.00000,-17.765,+0.00006,+0.00,+0.00000,0,+0.00000,+0.00000,0.00000,-4.357,0,209.6,0.0
22.972759,4,2,0.249043,0.249043,0.2490,+0.00004,1,2,0.0260,0,1,+0.67079,+0.06090,0.04006,190.96,+0.00000,+0.00000,+0.00000,+0.00000,0.00000,0.0000,0,1,0,0,0.0000,+0.00000,+0.00000,0.0000,+0.000,+0.000,1.0000,0,1.0000,0,2,+0.000,+0.000,+0.000,+0.00000,-17.765,+0.00006,+0.00,+0.00000,0,+0.00000,+0.00000,0.00000,-4.357,0,209.6,0.0
22.976980,4,2,0.249042,0.249042,0.2490,+0.00004,1,2,0.0260,0,1,+0.67079,+0.06090,0.04006,190.96,+0.00000,+0.00000,+0.00000,+0.00000,0.00000,0.0000,0,1,0,0,0.0000,+0.00000,+0.00000,0.0000,+0.000,+0.000,1.0000,0,1.0000,0,2,+0.000,+0.000,+0.000,+0.00000,-17.765,+0.00006,+0.00,+0.00000,0,+0.00000,+0.00000,0.00000,-4.357,0,209.6,0.0
22.981506,4,2,0.249042,0.249042,0.2490,+0.00004,1,2,0.0260,0,1,+0.67079,+0.06090,0.04006,190.96,+0.00000,+0.00000,+0.00000,+0.00000,0.00000,0.0000,0,1,0,0,0.0000,+0.00000,+0.00000,0.0000,+0.000,+0.000,1.0000,0,1.0000,0,2,+0.000,+0.000,+0.000,+0.00000,-17.765,+0.00006,+0.00,+0.00000,0,+0.00000,+0.00000,0.00000,-4.357,0,209.6,0.0
22.986202,4,2,0.249042,0.249042,0.2490,+0.00004,1,2,0.0260,0,1,+0.67079,+0.06090,0.04006,190.96,+0.00000,+0.00000,+0.00000,+0.00000,0.00000,0.0000,0,1,0,0,0.0000,+0.00000,+0.00000,0.0000,+0.000,+0.000,1.0000,0,1.0000,0,2,+0.000,+0.000,+0.000,+0.00000,-17.765,+0.00006,+0.00,+0.00000,0,+0.00000,+0.00000,0.00000,-4.357,0,209.6,0.0
22.990814,4,2,0.249042,0.249042,0.2490,+0.00004,1,2,0.0260,0,1,+0.67079,+0.06090,0.04006,190.96,+0.00000,+0.00000,+0.00000,+0.00000,0.00000,0.0000,0,1,0,0,0.0000,+0.00000,+0.00000,0.0000,+0.000,+0.000,1.0000,0,1.0000,0,2,+0.000,+0.000,+0.000,+0.00000,-17.765,+0.00006,+0.00,+0.00000,0,+0.00000,+0.00000,0.00000,-4.357,0,209.6,0.0
22.995348,4,2,0.249042,0.249042,0.2490,+0.00004,1,2,0.0260,0,1,+0.67079,+0.06090,0.04006,190.96,+0.00000,+0.00000,+0.00000,+0.00000,0.00000,0.0000,0,1,0,0,0.0000,+0.00000,+0.00000,0.0000,+0.000,+0.000,1.0000,0,1.0000,0,2,+0.000,+0.000,+0.000,+0.00000,-17.765,+0.00006,+0.00,+0.00000,0,+0.00000,+0.00000,0.00000,-4.357,0,209.6,0.0
22.999907,4,2,0.249042,0.249042,0.2490,+0.00004,1,2,0.0260,0,1,+0.67079,+0.06090,0.04006,190.96,+0.00000,+0.00000,+0.00000,+0.00000,0.00000,0.0000,0,1,0,0,0.0000,+0.00000,+0.00000,0.0000,+0.000,+0.000,1.0000,0,1.0000,0,2,+0.000,+0.000,+0.000,+0.00000,-17.765,+0.00006,+0.00,+0.00000,0,+0.00000,+0.00000,0.00000,-4.357,0,209.6,0.0
23.004619,4,2,0.249042,0.249042,0.2490,+0.00004,1,2,0.0260,0,1,+0.67079,+0.06090,0.04006,190.96,+0.00000,+0.00000,+0.00000,+0.00000,0.00000,0.0000,0,1,0,0,0.0000,+0.00000,+0.00000,0.0000,+0.000,+0.000,1.0000,0,1.0000,0,2,+0.000,+0.000,+0.000,+0.00000,-17.765,+0.00006,+0.00,+0.00000,0,+0.00000,+0.00000,0.00000,-4.357,0,209.6,0.0
23.009365,4,2,0.249042,0.249042,0.2490,+0.00004,1,2,0.0260,0,1,+0.67079,+0.06090,0.04006,190.96,+0.00000,+0.00000,+0.00000,+0.00000,0.00000,0.0000,0,1,0,0,0.0000,+0.00000,+0.00000,0.0000,+0.000,+0.000,1.0000,0,1.0000,0,2,+0.000,+0.000,+0.000,+0.00000,-17.764,+0.00006,+0.00,+0.00000,0,+0.00000,+0.00000,0.00000,-4.357,0,209.6,0.0
23.013846,4,2,0.249041,0.249041,0.2490,+0.00004,1,2,0.0260,0,1,+0.67079,+0.06090,0.04006,190.96,+0.00000,+0.00000,+0.00000,+0.00000,0.00000,0.0000,0,1,0,0,0.0000,+0.00000,+0.00000,0.0000,+0.000,+0.000,1.0000,0,1.0000,0,2,+0.000,+0.000,+0.000,+0.00000,-17.764,+0.00006,+0.00,+0.00000,0,+0.00000,+0.00000,0.00000,-4.357,0,209.6,0.0
23.020530,4,2,0.249041,0.249041,0.2490,+0.00004,1,2,0.0260,0,1,+0.67079,+0.06090,0.04006,190.96,+0.00000,+0.00000,+0.00000,+0.00000,0.00000,0.0000,0,1,0,0,0.0000,+0.00000,+0.00000,0.0000,+0.000,+0.000,1.0000,0,1.0000,0,2,+0.000,+0.000,+0.000,+0.00000,-17.764,+0.00006,+0.00,+0.00000,0,+0.00000,+0.00000,0.00000,-4.357,0,209.6,0.0
23.024736,4,2,0.249041,0.249041,0.2490,+0.00004,1,2,0.0260,0,1,+0.67079,+0.06090,0.04006,190.96,+0.00000,+0.00000,+0.00000,+0.00000,0.00000,0.0000,0,1,0,0,0.0000,+0.00000,+0.00000,0.0000,+0.000,+0.000,1.0000,0,1.0000,0,2,+0.000,+0.000,+0.000,+0.00000,-17.764,+0.00006,+0.00,+0.00000,0,+0.00000,+0.00000,0.00000,-4.357,0,209.6,0.0
23.033018,4,2,0.249041,0.249041,0.2490,+0.00004,1,2,0.0260,0,1,+0.67079,+0.06090,0.04006,190.96,+0.00000,+0.00000,+0.00000,+0.00000,0.00000,0.0000,0,1,0,0,0.0000,+0.00000,+0.00000,0.0000,+0.000,+0.000,1.0000,0,1.0000,0,2,+0.000,+0.000,+0.000,+0.00000,-17.764,+0.00006,+0.00,+0.00000,0,+0.00000,+0.00000,0.00000,-4.357,0,209.6,0.0
23.037349,4,2,0.249041,0.249041,0.2490,+0.00004,1,2,0.0260,0,1,+0.67079,+0.06090,0.04006,190.96,+0.00000,+0.00000,+0.00000,+0.00000,0.00000,0.0000,0,1,0,0,0.0000,+0.00000,+0.00000,0.0000,+0.000,+0.000,1.0000,0,1.0000,0,2,+0.000,+0.000,+0.000,+0.00000,-17.764,+0.00006,+0.00,+0.00000,0,+0.00000,+0.00000,0.00000,-4.357,0,209.6,0.0
23.041959,4,2,0.249041,0.249041,0.2490,+0.00004,1,2,0.0260,0,1,+0.67079,+0.06090,0.04006,190.96,+0.00000,+0.00000,+0.00000,+0.00000,0.00000,0.0000,0,1,0,0,0.0000,+0.00000,+0.00000,0.0000,+0.000,+0.000,1.0000,0,1.0000,0,2,+0.000,+0.000,+0.000,+0.00000,-17.764,+0.00006,+0.00,+0.00000,0,+0.00000,+0.00000,0.00000,-4.357,0,209.6,0.0
23.046652,4,2,0.249040,0.249040,0.2490,+0.00004,1,2,0.0260,0,1,+0.67079,+0.06090,0.04006,190.96,+0.00000,+0.00000,+0.00000,+0.00000,0.00000,0.0000,0,1,0,0,0.0000,+0.00000,+0.00000,0.0000,+0.000,+0.000,1.0000,0,1.0000,0,2,+0.000,+0.000,+0.000,+0.00000,-17.764,+0.00006,+0.00,+0.00000,0,+0.00000,+0.00000,0.00000,-4.357,0,209.6,0.0
23.050993,4,2,0.249040,0.249040,0.2490,+0.00004,1,2,0.0260,0,1,+0.67079,+0.06090,0.04006,190.96,+0.00000,+0.00000,+0.00000,+0.00000,0.00000,0.0000,0,1,0,0,0.0000,+0.00000,+0.00000,0.0000,+0.000,+0.000,1.0000,0,1.0000,0,2,+0.000,+0.000,+0.000,+0.00000,-17.764,+0.00006,+0.00,+0.00000,0,+0.00000,+0.00000,0.00000,-4.357,0,209.6,0.0
23.055278,4,2,0.249040,0.249040,0.2490,+0.00004,1,2,0.0260,0,1,+0.67079,+0.06090,0.04006,190.96,+0.00000,+0.00000,+0.00000,+0.00000,0.00000,0.0000,0,1,0,0,0.0000,+0.00000,+0.00000,0.0000,+0.000,+0.000,1.0000,0,1.0000,0,2,+0.000,+0.000,+0.000,+0.00000,-17.764,+0.00006,+0.00,+0.00000,0,+0.00000,+0.00000,0.00000,-4.357,0,209.6,0.0
23.059761,4,2,0.249040,0.249040,0.2490,+0.00004,1,2,0.0260,0,1,+0.67079,+0.06090,0.04006,190.96,+0.00000,+0.00000,+0.00000,+0.00000,0.00000,0.0000,0,1,0,0,0.0000,+0.00000,+0.00000,0.0000,+0.000,+0.000,1.0000,0,1.0000,0,2,+0.000,+0.000,+0.000,+0.00000,-17.764,+0.00006,+0.00,+0.00000,0,+0.00000,+0.00000,0.00000,-4.357,0,209.6,0.0
23.064704,4,2,0.249040,0.249040,0.2490,+0.00004,1,2,0.0260,0,1,+0.67079,+0.06090,0.04006,190.96,+0.00000,+0.00000,+0.00000,+0.00000,0.00000,0.0000,0,1,0,0,0.0000,+0.00000,+0.00000,0.0000,+0.000,+0.000,1.0000,0,1.0000,0,2,+0.000,+0.000,+0.000,+0.00000,-17.764,+0.00006,+0.00,+0.00000,0,+0.00000,+0.00000,0.00000,-4.357,0,209.6,0.0
23.069202,4,2,0.249040,0.249040,0.2490,+0.00004,1,2,0.0260,0,1,+0.67079,+0.06090,0.04006,190.96,+0.00000,+0.00000,+0.00000,+0.00000,0.00000,0.0000,0,1,0,0,0.0000,+0.00000,+0.00000,0.0000,+0.000,+0.000,1.0000,0,1.0000,0,2,+0.000,+0.000,+0.000,+0.00000,-17.764,+0.00006,+0.00,+0.00000,0,+0.00000,+0.00000,0.00000,-4.357,0,209.6,0.0
23.073789,4,2,0.249040,0.249040,0.2490,+0.00004,1,2,0.0260,0,1,+0.67079,+0.06090,0.04006,190.96,+0.00000,+0.00000,+0.00000,+0.00000,0.00000,0.0000,0,1,0,0,0.0000,+0.00000,+0.00000,0.0000,+0.000,+0.000,1.0000,0,1.0000,0,2,+0.000,+0.000,+0.000,+0.00000,-17.764,+0.00006,+0.00,+0.00000,0,+0.00000,+0.00000,0.00000,-4.357,0,209.6,0.0
23.078329,4,2,0.249040,0.249040,0.2490,+0.00004,1,2,0.0260,0,1,+0.67079,+0.06090,0.04006,190.96,+0.00000,+0.00000,+0.00000,+0.00000,0.00000,0.0000,0,1,0,0,0.0000,+0.00000,+0.00000,0.0000,+0.000,+0.000,1.0000,0,1.0000,0,2,+0.000,+0.000,+0.000,+0.00000,-17.764,+0.00006,+0.00,+0.00000,0,+0.00000,+0.00000,0.00000,-4.357,0,209.6,0.0
23.082913,4,2,0.249040,0.249040,0.2490,+0.00004,1,2,0.0260,0,1,+0.67079,+0.06090,0.04006,190.96,+0.00000,+0.00000,+0.00000,+0.00000,0.00000,0.0000,0,1,0,0,0.0000,+0.00000,+0.00000,0.0000,+0.000,+0.000,1.0000,0,1.0000,0,2,+0.000,+0.000,+0.000,+0.00000,-17.764,+0.00006,+0.00,+0.00000,0,+0.00000,+0.00000,0.00000,-4.357,0,209.6,0.0
23.087547,4,2,0.249039,0.249039,0.2490,+0.00004,1,2,0.0260,0,1,+0.67079,+0.06090,0.04006,190.96,+0.00000,+0.00000,+0.00000,+0.00000,0.00000,0.0000,0,1,0,0,0.0000,+0.00000,+0.00000,0.0000,+0.000,+0.000,1.0000,0,1.0000,0,2,+0.000,+0.000,+0.000,+0.00000,-17.764,+0.00006,+0.00,+0.00000,0,+0.00000,+0.00000,0.00000,-4.357,0,209.6,0.0
23.092093,4,2,0.249039,0.249039,0.2490,+0.00004,1,2,0.0260,0,1,+0.67079,+0.06090,0.04006,190.96,+0.00000,+0.00000,+0.00000,+0.00000,0.00000,0.0000,0,1,0,0,0.0000,+0.00000,+0.00000,0.0000,+0.000,+0.000,1.0000,0,1.0000,0,2,+0.000,+0.000,+0.000,+0.00000,-17.764,+0.00006,+0.00,+0.00000,0,+0.00000,+0.00000,0.00000,-4.357,0,209.6,0.0
23.096773,4,2,0.249039,0.249039,0.2490,+0.00004,1,2,0.0260,0,1,+0.67079,+0.06090,0.04006,190.96,+0.00000,+0.00000,+0.00000,+0.00000,0.00000,0.0000,0,1,0,0,0.0000,+0.00000,+0.00000,0.0000,+0.000,+0.000,1.0000,0,1.0000,0,2,+0.000,+0.000,+0.000,+0.00000,-17.764,+0.00006,+0.00,+0.00000,0,+0.00000,+0.00000,0.00000,-4.357,0,209.6,0.0
23.101944,4,2,0.249039,0.249039,0.2490,+0.00004,1,2,0.0260,0,1,+0.67079,+0.06090,0.04006,190.96,+0.00000,+0.00000,+0.00000,+0.00000,0.00000,0.0000,0,1,0,0,0.0000,+0.00000,+0.00000,0.0000,+0.000,+0.000,1.0000,0,1.0000,0,2,+0.000,+0.000,+0.000,+0.00000,-17.764,+0.00006,+0.00,+0.00000,0,+0.00000,+0.00000,0.00000,-4.357,0,209.6,0.0
23.114344,4,2,0.249039,0.249039,0.2490,+0.00004,1,2,0.0260,0,1,+0.67079,+0.06090,0.04006,190.96,+0.00000,+0.00000,+0.00000,+0.00000,0.00000,0.0000,0,1,0,0,0.0000,+0.00000,+0.00000,0.0000,+0.000,+0.000,1.0000,0,1.0000,0,2,+0.000,+0.000,+0.000,+0.00000,-17.764,+0.00006,+0.00,+0.00000,0,+0.00000,+0.00000,0.00000,-4.357,0,209.6,0.0
23.118671,4,2,0.249039,0.249039,0.2490,+0.00004,1,2,0.0260,0,1,+0.67079,+0.06090,0.04006,190.96,+0.00000,+0.00000,+0.00000,+0.00000,0.00000,0.0000,0,1,0,0,0.0000,+0.00000,+0.00000,0.0000,+0.000,+0.000,1.0000,0,1.0000,0,2,+0.000,+0.000,+0.000,+0.00000,-17.764,+0.00006,+0.00,+0.00000,0,+0.00000,+0.00000,0.00000,-4.357,0,209.6,0.0
23.123289,4,2,0.249038,0.249038,0.2490,+0.00004,1,2,0.0260,0,1,+0.67079,+0.06090,0.04006,190.96,+0.00000,+0.00000,+0.00000,+0.00000,0.00000,0.0000,0,1,0,0,0.0000,+0.00000,+0.00000,0.0000,+0.000,+0.000,1.0000,0,1.0000,0,2,+0.000,+0.000,+0.000,+0.00000,-17.764,+0.00006,+0.00,+0.00000,0,+0.00000,+0.00000,0.00000,-4.357,0,209.6,0.0
23.127653,4,2,0.249038,0.249038,0.2490,+0.00004,1,2,0.0260,0,1,+0.67079,+0.06090,0.04006,190.96,+0.00000,+0.00000,+0.00000,+0.00000,0.00000,0.0000,0,1,0,0,0.0000,+0.00000,+0.00000,0.0000,+0.000,+0.000,1.0000,0,1.0000,0,2,+0.000,+0.000,+0.000,+0.00000,-17.764,+0.00006,+0.00,+0.00000,0,+0.00000,+0.00000,0.00000,-4.357,0,209.6,0.0
23.132346,4,2,0.249038,0.249038,0.2490,+0.00004,1,2,0.0260,0,1,+0.67079,+0.06090,0.04006,190.96,+0.00000,+0.00000,+0.00000,+0.00000,0.00000,0.0000,0,1,0,0,0.0000,+0.00000,+0.00000,0.0000,+0.000,+0.000,1.0000,0,1.0000,0,2,+0.000,+0.000,+0.000,+0.00000,-17.764,+0.00006,+0.00,+0.00000,0,+0.00000,+0.00000,0.00000,-4.357,0,209.6,0.0
23.136699,4,2,0.249038,0.249038,0.2490,+0.00004,1,2,0.0260,0,1,+0.67079,+0.06090,0.04006,190.96,+0.00000,+0.00000,+0.00000,+0.00000,0.00000,0.0000,0,1,0,0,0.0000,+0.00000,+0.00000,0.0000,+0.000,+0.000,1.0000,0,1.0000,0,2,+0.000,+0.000,+0.000,+0.00000,-17.764,+0.00006,+0.00,+0.00000,0,+0.00000,+0.00000,0.00000,-4.357,0,209.6,0.0
23.142852,4,2,0.249038,0.249038,0.2490,+0.00004,1,2,0.0260,0,1,+0.67079,+0.06090,0.04006,190.96,+0.00000,+0.00000,+0.00000,+0.00000,0.00000,0.0000,0,1,0,0,0.0000,+0.00000,+0.00000,0.0000,+0.000,+0.000,1.0000,0,1.0000,0,2,+0.000,+0.000,+0.000,+0.00000,-17.764,+0.00006,+0.00,+0.00000,0,+0.00000,+0.00000,0.00000,-4.357,0,209.6,0.0
23.147730,4,2,0.249038,0.249038,0.2490,+0.00004,1,2,0.0260,0,1,+0.67079,+0.06090,0.04006,190.96,+0.00000,+0.00000,+0.00000,+0.00000,0.00000,0.0000,0,1,0,0,0.0000,+0.00000,+0.00000,0.0000,+0.000,+0.000,1.0000,0,1.0000,0,2,+0.000,+0.000,+0.000,+0.00000,-17.764,+0.00006,+0.00,+0.00000,0,+0.00000,+0.00000,0.00000,-4.357,0,209.6,0.0
23.151980,4,2,0.249038,0.249038,0.2490,+0.00004,1,2,0.0260,0,1,+0.67079,+0.06090,0.04006,190.96,+0.00000,+0.00000,+0.00000,+0.00000,0.00000,0.0000,0,1,0,0,0.0000,+0.00000,+0.00000,0.0000,+0.000,+0.000,1.0000,0,1.0000,0,2,+0.000,+0.000,+0.000,+0.00000,-17.764,+0.00006,+0.00,+0.00000,0,+0.00000,+0.00000,0.00000,-4.357,0,209.6,0.0
23.156611,4,2,0.249038,0.249038,0.2490,+0.00004,1,2,0.0260,0,1,+0.67079,+0.06090,0.04006,190.96,+0.00000,+0.00000,+0.00000,+0.00000,0.00000,0.0000,0,1,0,0,0.0000,+0.00000,+0.00000,0.0000,+0.000,+0.000,1.0000,0,1.0000,0,2,+0.000,+0.000,+0.000,+0.00000,-17.764,+0.00006,+0.00,+0.00000,0,+0.00000,+0.00000,0.00000,-4.357,0,209.6,0.0
23.162100,4,2,0.249037,0.249037,0.2490,+0.00004,1,2,0.0260,0,1,+0.67079,+0.06090,0.04006,190.96,+0.00000,+0.00000,+0.00000,+0.00000,0.00000,0.0000,0,1,0,0,0.0000,+0.00000,+0.00000,0.0000,+0.000,+0.000,1.0000,0,1.0000,0,2,+0.000,+0.000,+0.000,+0.00000,-17.764,+0.00006,+0.00,+0.00000,0,+0.00000,+0.00000,0.00000,-4.357,0,209.6,0.0
23.166953,4,2,0.249037,0.249037,0.2490,+0.00004,1,2,0.0260,0,1,+0.67079,+0.06090,0.04006,190.96,+0.00000,+0.00000,+0.00000,+0.00000,0.00000,0.0000,0,1,0,0,0.0000,+0.00000,+0.00000,0.0000,+0.000,+0.000,1.0000,0,1.0000,0,2,+0.000,+0.000,+0.000,+0.00000,-17.764,+0.00006,+0.00,+0.00000,0,+0.00000,+0.00000,0.00000,-4.357,0,209.6,0.0
23.171440,4,2,0.249037,0.249037,0.2490,+0.00004,1,2,0.0260,0,1,+0.67079,+0.06090,0.04006,190.96,+0.00000,+0.00000,+0.00000,+0.00000,0.00000,0.0000,0,1,0,0,0.0000,+0.00000,+0.00000,0.0000,+0.000,+0.000,1.0000,0,1.0000,0,2,+0.000,+0.000,+0.000,+0.00000,-17.764,+0.00006,+0.00,+0.00000,0,+0.00000,+0.00000,0.00000,-4.357,0,209.6,0.0
23.175876,4,2,0.249037,0.249037,0.2490,+0.00004,1,2,0.0260,0,1,+0.67079,+0.06090,0.04006,190.96,+0.00000,+0.00000,+0.00000,+0.00000,0.00000,0.0000,0,1,0,0,0.0000,+0.00000,+0.00000,0.0000,+0.000,+0.000,1.0000,0,1.0000,0,2,+0.000,+0.000,+0.000,+0.00000,-17.764,+0.00006,+0.00,+0.00000,0,+0.00000,+0.00000,0.00000,-4.357,0,209.6,0.0
23.180601,4,2,0.249037,0.249037,0.2490,+0.00004,1,2,0.0260,0,1,+0.67079,+0.06090,0.04006,190.96,+0.00000,+0.00000,+0.00000,+0.00000,0.00000,0.0000,0,1,0,0,0.0000,+0.00000,+0.00000,0.0000,+0.000,+0.000,1.0000,0,1.0000,0,2,+0.000,+0.000,+0.000,+0.00000,-17.764,+0.00006,+0.00,+0.00000,0,+0.00000,+0.00000,0.00000,-4.357,0,209.6,0.0
23.185204,4,2,0.249037,0.249037,0.2490,+0.00004,1,2,0.0260,0,1,+0.67079,+0.06090,0.04006,190.96,+0.00000,+0.00000,+0.00000,+0.00000,0.00000,0.0000,0,1,0,0,0.0000,+0.00000,+0.00000,0.0000,+0.000,+0.000,1.0000,0,1.0000,0,2,+0.000,+0.000,+0.000,+0.00000,-17.764,+0.00006,+0.00,+0.00000,0,+0.00000,+0.00000,0.00000,-4.357,0,209.6,0.0
23.190363,4,2,0.249037,0.249037,0.2490,+0.00004,1,2,0.0260,0,1,+0.67079,+0.06090,0.04006,190.96,+0.00000,+0.00000,+0.00000,+0.00000,0.00000,0.0000,0,1,0,0,0.0000,+0.00000,+0.00000,0.0000,+0.000,+0.000,1.0000,0,1.0000,0,2,+0.000,+0.000,+0.000,+0.00000,-17.764,+0.00006,+0.00,+0.00000,0,+0.00000,+0.00000,0.00000,-4.357,0,209.6,0.0
23.194903,4,2,0.249037,0.249037,0.2490,+0.00004,1,2,0.0260,0,1,+0.67079,+0.06090,0.04006,190.96,+0.00000,+0.00000,+0.00000,+0.00000,0.00000,0.0000,0,1,0,0,0.0000,+0.00000,+0.00000,0.0000,+0.000,+0.000,1.0000,0,1.0000,0,2,+0.000,+0.000,+0.000,+0.00000,-17.764,+0.00006,+0.00,+0.00000,0,+0.00000,+0.00000,0.00000,-4.357,0,209.6,0.0
23.199662,4,2,0.249037,0.249037,0.2490,+0.00004,1,2,0.0260,0,1,+0.67079,+0.06090,0.04006,190.96,+0.00000,+0.00000,+0.00000,+0.00000,0.00000,0.0000,0,1,0,0,0.0000,+0.00000,+0.00000,0.0000,+0.000,+0.000,1.0000,0,1.0000,0,2,+0.000,+0.000,+0.000,+0.00000,-17.764,+0.00006,+0.00,+0.00000,0,+0.00000,+0.00000,0.00000,-4.357,0,209.6,0.0
23.205332,4,2,0.249036,0.249036,0.2490,+0.00004,1,2,0.0260,0,1,+0.67079,+0.06090,0.04006,190.96,+0.00000,+0.00000,+0.00000,+0.00000,0.00000,0.0000,0,1,0,0,0.0000,+0.00000,+0.00000,0.0000,+0.000,+0.000,1.0000,0,1.0000,0,2,+0.000,+0.000,+0.000,+0.00000,-17.764,+0.00006,+0.00,+0.00000,0,+0.00000,+0.00000,0.00000,-4.357,0,209.6,0.0
23.209776,4,2,0.249036,0.249036,0.2490,+0.00004,1,2,0.0260,0,1,+0.67079,+0.06090,0.04006,190.96,+0.00000,+0.00000,+0.00000,+0.00000,0.00000,0.0000,0,1,0,0,0.0000,+0.00000,+0.00000,0.0000,+0.000,+0.000,1.0000,0,1.0000,0,2,+0.000,+0.000,+0.000,+0.00000,-17.764,+0.00006,+0.00,+0.00000,0,+0.00000,+0.00000,0.00000,-4.357,0,209.6,0.0
23.214327,4,2,0.249036,0.249036,0.2490,+0.00004,1,2,0.0260,0,1,+0.67079,+0.06090,0.04006,190.96,+0.00000,+0.00000,+0.00000,+0.00000,0.00000,0.0000,0,1,0,0,0.0000,+0.00000,+0.00000,0.0000,+0.000,+0.000,1.0000,0,1.0000,0,2,+0.000,+0.000,+0.000,+0.00000,-17.764,+0.00006,+0.00,+0.00000,0,+0.00000,+0.00000,0.00000,-4.357,0,209.6,0.0
23.219054,4,2,0.249036,0.249036,0.2490,+0.00004,1,2,0.0260,0,1,+0.67079,+0.06090,0.04006,190.96,+0.00000,+0.00000,+0.00000,+0.00000,0.00000,0.0000,0,1,0,0,0.0000,+0.00000,+0.00000,0.0000,+0.000,+0.000,1.0000,0,1.0000,0,2,+0.000,+0.000,+0.000,+0.00000,-17.764,+0.00006,+0.00,+0.00000,0,+0.00000,+0.00000,0.00000,-4.357,0,209.6,0.0
23.223594,4,2,0.249036,0.249036,0.2490,+0.00004,1,2,0.0260,0,1,+0.67079,+0.06090,0.04006,190.96,+0.00000,+0.00000,+0.00000,+0.00000,0.00000,0.0000,0,1,0,0,0.0000,+0.00000,+0.00000,0.0000,+0.000,+0.000,1.0000,0,1.0000,0,2,+0.000,+0.000,+0.000,+0.00000,-17.764,+0.00006,+0.00,+0.00000,0,+0.00000,+0.00000,0.00000,-4.357,0,209.6,0.0
23.228155,4,2,0.249036,0.249036,0.2490,+0.00004,1,2,0.0260,0,1,+0.67079,+0.06090,0.04006,190.96,+0.00000,+0.00000,+0.00000,+0.00000,0.00000,0.0000,0,1,0,0,0.0000,+0.00000,+0.00000,0.0000,+0.000,+0.000,1.0000,0,1.0000,0,2,+0.000,+0.000,+0.000,+0.00000,-17.764,+0.00006,+0.00,+0.00000,0,+0.00000,+0.00000,0.00000,-4.357,0,209.6,0.0
