t,seg,active_gate,thrust,thrust_cmd,base_thrust,vtrim,descent_on,gate_v_ok,gate_found,u_err,v_err,size_frac,cy,u_f,v_f,sz_f,sig_k,live,far_rej,steer,bank_seg,ff_bank_deg,trim_deg,des_roll_deg,roll_n,est_pitch_deg,gyro_pitch,des_pitch_deg,pitch_n,tube_found,u_tube,curvature,area_frac,est_roll_deg,hold_on,loop_hz,det_hz
0.003199,0,0,0.277278,0.277278,0.2750,+0.00228,0,1,1,+0.02218,-0.01424,0.08315,177.44,+0.02218,-0.01424,0.08315,1.0000,1,0,0,0,+0.000,+0.000,+0.000,+0.00000,-17.802,+0.00000,0.00,+0.00000,1,-0.01711,-0.00200,0.01808,+0.014,0,0.0,0.0
0.039218,0,0,0.277441,0.277441,0.2750,+0.00244,0,1,1,+0.02156,-0.01511,0.08333,177.28,+0.02209,-0.01437,0.08318,1.0000,1,0,0,0,+0.000,+0.000,+0.000,+0.00000,-17.802,+0.00000,0.00,+0.00000,1,-0.01425,-0.00518,0.01803,+0.014,0,0.0,0.0
0.071448,0,0,0.277576,0.277576,0.2750,+0.00258,0,1,1,+0.02073,-0.01527,0.08370,177.25,+0.02190,-0.01449,0.08325,1.0000,1,0,0,0,+0.000,+0.000,+0.000,+0.00000,-17.771,-0.00686,0.00,+0.00000,1,-0.01853,-0.00070,0.01791,+0.022,0,0.0,0.0
0.101109,0,0,0.277517,0.277517,0.2750,+0.00252,0,1,1,+0.02109,-0.01434,0.08315,177.42,+0.02179,-0.01447,0.08324,1.0000,1,0,0,0,+0.000,+0.000,+0.000,+0.00000,-17.293,-0.00198,0.00,+0.00000,1,-0.01954,-0.00113,0.01771,+0.008,0,0.0,0.0
0.130596,0,0,0.277469,0.277469,0.2750,+0.00247,0,1,1,+0.02109,-0.01434,0.08315,177.42,+0.02170,-0.01446,0.08322,1.0000,1,0,0,0,+0.000,+0.000,+0.000,+0.00000,-16.182,+0.00001,0.00,+0.00000,1,-0.01954,-0.00113,0.01771,+0.009,0,0.0,0.0
0.159609,0,0,0.277691,0.277691,0.2750,+0.00269,0,1,1,+0.02048,-0.01598,0.08389,177.12,+0.02155,-0.01465,0.08331,1.0000,1,0,0,0,+0.000,+0.000,+0.000,+0.00000,-15.076,+0.00575,0.00,+0.00000,1,-0.01975,-0.00108,0.01768,+0.009,0,0.0,0.0
0.186400,0,0,0.278030,0.278030,0.2750,+0.00303,0,1,1,+0.02069,-0.01719,0.08462,176.91,+0.02145,-0.01495,0.08346,1.0000,1,0,0,0,+0.000,+0.000,+0.000,+0.00000,-14.156,+0.00145,0.00,+0.00000,1,-0.02095,+0.00073,0.01766,+0.009,0,0.0,0.0
0.216673,0,0,0.278512,0.278512,0.2750,+0.00351,0,1,1,+0.02119,-0.01841,0.08535,176.69,+0.02141,-0.01541,0.08371,1.0000,1,0,0,0,+0.000,+0.000,+0.000,+0.00000,-13.366,+0.00081,0.00,+0.00000,1,-0.01894,-0.00558,0.01816,+0.009,0,0.0,0.0
0.247189,0,0,0.279022,0.279022,0.2750,+0.00402,0,1,1,+0.02152,-0.01934,0.08589,176.52,+0.02143,-0.01593,0.08400,1.0000,1,0,0,0,+0.000,+0.000,+0.000,+0.00000,-12.604,+0.00108,0.00,+0.00000,1,-0.02643,+0.00094,0.01921,+0.009,0,0.0,0.0
0.275537,0,0,0.279341,0.279341,0.2750,+0.00434,0,1,1,+0.02191,-0.01915,0.08517,176.55,+0.02149,-0.01633,0.08414,1.0000,1,0,0,0,+0.000,+0.000,+0.000,+0.00000,-11.858,+0.00094,0.00,+0.00000,1,-0.16526,+0.13653,0.03224,+0.008,0,0.0,0.0
0.303629,0,0,0.279625,0.279625,0.2750,+0.00462,0,1,1,+0.02129,-0.01954,0.08535,176.48,+0.02146,-0.01672,0.08429,1.0000,1,0,0,0,+0.000,+0.000,+0.000,+0.00000,-10.902,+0.00077,0.00,+0.00000,1,-0.01237,-0.04969,0.11408,+0.008,0,0.0,0.0
0.330758,0,0,0.279469,0.279469,0.2750,+0.00447,0,1,1,+0.01927,-0.01723,0.08165,176.90,+0.02120,-0.01678,0.08398,1.0000,1,0,0,0,+0.000,+0.000,+0.000,+0.00000,-10.284,+0.00069,0.00,+0.00000,1,-0.00403,+0.00264,0.17066,+0.008,0,0.0,0.0
0.359896,0,0,0.279314,0.279314,0.2750,+0.00431,0,1,1,+0.01927,-0.01723,0.08165,176.90,+0.02096,-0.01684,0.08368,1.0000,1,0,0,0,+0.000,+0.000,+0.000,+0.00000,-9.762,+0.00065,0.00,+0.00000,1,-0.00403,+0.00264,0.17066,+0.007,0,0.0,0.0
0.386110,0,0,0.278405,0.278405,0.2750,+0.00341,0,1,1,+0.01650,-0.01192,0.07412,177.85,+0.02044,-0.01627,0.08257,1.0000,1,0,0,0,+0.000,+0.000,+0.000,+0.00000,-9.189,+0.00054,0.00,+0.00000,1,-0.00178,+0.00142,0.18150,+0.007,0,0.0,0.0
0.417140,0,0,0.278405,0.278405,0.2750,+0.00341,0,1,1,+0.01539,+0.03637,0.05415,186.55,+0.02044,-0.01627,0.08257,1.0000,0,1,0,0,+0.000,+0.000,+0.000,+0.00000,-8.496,+0.00047,0.00,+0.00000,1,-0.00354,+0.00486,0.17504,+0.007,0,0.0,0.0
0.446351,0,0,0.270200,0.270200,0.2750,-0.00480,0,1,1,+0.01357,+0.03457,0.05528,186.22,+0.01957,-0.00979,0.07909,1.0000,1,0,0,0,+0.000,+0.000,+0.000,+0.00000,-7.973,+0.00043,0.00,+0.00000,1,-0.00805,+0.00916,0.15577,+0.006,0,0.0,0.0
0.472933,0,0,0.264759,0.264759,0.2750,-0.01024,0,1,1,+0.01393,+0.03196,0.05693,185.75,+0.01890,-0.00489,0.07649,1.0000,1,0,0,0,+0.000,+0.000,+0.000,+0.00000,-7.514,+0.00038,0.00,+0.00000,1,-0.01533,+0.01449,0.11672,+0.006,0,0.0,0.0
0.502342,0,0,0.263010,0.263010,0.2750,-0.01199,0,1,1,+0.01814,+0.01484,0.06431,182.67,+0.01881,-0.00236,0.07493,1.0000,1,0,0,0,+0.000,+0.000,+0.000,+0.00000,-7.250,+0.00033,0.00,+0.00000,1,-0.00576,+0.00365,0.08432,+0.006,0,0.0,0.0
0.528965,0,0,0.263220,0.263220,0.2750,-0.01178,0,1,1,+0.02134,+0.00602,0.06961,181.08,+0.01910,-0.00138,0.07431,1.0000,1,0,0,0,+0.000,+0.000,+0.000,+0.00000,-6.771,+0.00029,0.00,+0.00000,1,-0.09226,+0.08853,0.06759,+0.006,0,0.0,0.0
0.554423,0,0,0.263516,0.263516,0.2750,-0.01148,0,1,1,+0.02134,+0.00602,0.06961,181.08,+0.01936,-0.00054,0.07378,1.0000,1,0,0,0,+0.000,+0.000,+0.000,+0.00000,-6.483,+0.00026,0.00,+0.00000,1,-0.09226,+0.08853,0.06759,+0.005,0,0.0,0.0
0.585567,0,0,0.263976,0.263976,0.2750,-0.01102,0,1,1,+0.02338,+0.00602,0.07158,181.08,+0.01990,+0.00034,0.07348,1.0000,1,0,0,0,+0.000,+0.000,+0.000,+0.00000,-6.215,+0.00023,0.00,+0.00000,1,-0.06913,+0.06451,0.04831,+0.005,0,0.0,0.0
0.612382,0,0,0.264311,0.264311,0.2750,-0.01069,0,1,1,+0.02318,+0.00678,0.07286,181.22,+0.02029,+0.00110,0.07341,1.0000,1,0,0,0,+0.000,+0.000,+0.000,+0.00000,-6.117,+0.00020,0.00,+0.00000,1,-0.05269,+0.04516,0.04103,+0.005,0,0.0,0.0
0.641158,0,0,0.264362,0.264362,0.2750,-0.01064,0,1,1,+0.02252,+0.00917,0.07638,181.65,+0.02057,+0.00212,0.07378,1.0000,1,0,0,0,+0.000,+0.000,+0.000,+0.00000,-5.687,+0.00018,0.00,+0.00000,1,-0.05319,+0.03791,0.03689,+0.005,0,0.0,0.0
0.669513,0,0,0.264643,0.264643,0.2750,-0.01036,0,1,1,+0.02130,+0.00852,0.07638,181.53,+0.02066,+0.00291,0.07410,1.0000,1,0,0,0,+0.000,+0.000,+0.000,+0.00000,-5.455,+0.00016,0.00,+0.00000,1,-0.05030,+0.02479,0.03244,+0.005,0,0.0,0.0
0.698777,0,0,0.265010,0.265010,0.2750,-0.00999,0,1,1,+0.02130,+0.00852,0.07638,181.53,+0.02074,+0.00363,0.07439,1.0000,1,0,0,0,+0.000,+0.000,+0.000,+0.00000,-5.150,+0.00014,0.00,+0.00000,1,-0.05030,+0.02479,0.03244,+0.004,0,0.0,0.0
0.730260,0,0,0.266113,0.266113,0.2750,-0.00889,0,1,1,+0.02123,+0.00468,0.07896,180.84,+0.02081,+0.00377,0.07501,1.0000,1,0,0,0,+0.000,+0.000,+0.000,+0.00000,-4.881,+0.00012,0.00,+0.00000,1,-0.09253,+0.04974,0.02713,+0.004,0,0.0,0.0
0.761164,0,0,0.268337,0.268337,0.2750,-0.00666,0,1,1,+0.02080,-0.00293,0.08165,179.47,+0.02081,+0.00287,0.07590,1.0000,1,0,0,0,+0.000,+0.000,+0.000,+0.00000,-4.544,+0.00010,0.00,+0.00000,1,-0.11438,+0.07561,0.01760,+0.004,0,0.0,0.0
0.789083,0,0,0.269990,0.269990,0.2750,-0.00501,0,1,1,+0.02080,-0.00293,0.08165,179.47,+0.02081,+0.00216,0.07661,1.0000,1,0,0,0,+0.000,+0.000,+0.000,+0.00000,-4.307,+0.00009,0.00,+0.00000,1,-0.11438,+0.07561,0.01760,+0.004,0,0.0,0.0
0.821048,0,0,0.272682,0.272682,0.2750,-0.00232,0,1,1,+0.02093,-0.00985,0.08407,178.23,+0.02082,+0.00051,0.07763,1.0000,1,0,0,0,+0.000,+0.000,+0.000,+0.00000,-4.169,+0.00008,0.00,+0.00000,1,-0.24863,+0.21170,0.01300,+0.003,0,0.0,0.0
0.848883,0,0,0.275849,0.275849,0.2750,+0.00085,0,1,1,+0.02129,-0.01833,0.08498,176.70,+0.02088,-0.00179,0.07853,1.0000,1,0,0,0,+0.000,+0.000,+0.000,+0.00000,-4.026,+0.00007,0.00,+0.00000,0,+0.00000,+0.00000,0.01017,+0.003,0,0.0,0.0
0.876230,0,0,0.278966,0.278966,0.2750,+0.00397,0,1,1,+0.02009,-0.02282,0.08660,175.89,+0.02078,-0.00432,0.07950,1.0000,1,0,0,0,+0.000,+0.000,+0.000,+0.00000,-3.893,+0.00007,0.00,+0.00000,0,+0.00000,+0.00000,0.00875,+0.003,0,0.0,0.0
0.902781,0,0,0.282423,0.282423,0.2750,+0.00742,0,1,1,+0.01875,-0.03025,0.08444,174.55,+0.02055,-0.00736,0.08008,1.0000,1,0,0,0,+0.000,+0.000,+0.000,+0.00000,-3.849,+0.00006,0.00,+0.00000,0,+0.00000,+0.00000,0.00595,+0.003,0,0.0,0.0
0.936637,0,0,0.285419,0.285419,0.2750,+0.01042,0,1,1,+0.01830,-0.02928,0.08535,174.73,+0.02022,-0.01054,0.08084,1.0000,1,0,0,0,+0.000,+0.000,+0.000,+0.00000,-3.769,+0.00005,0.00,+0.00000,0,+0.00000,+0.00000,0.00398,+0.003,0,0.0,0.0
0.964573,0,0,0.287237,0.287237,0.2750,+0.01224,0,1,1,+0.01830,-0.02928,0.08535,174.73,+0.01999,-0.01283,0.08140,1.0000,1,0,0,0,+0.000,+0.000,+0.000,+0.00000,-3.732,+0.00004,0.00,+0.00000,0,+0.00000,+0.00000,0.00398,+0.003,0,0.0,0.0
0.990684,0,0,0.288899,0.288899,0.2750,+0.01390,0,1,1,+0.01573,-0.03225,0.08714,174.20,+0.01949,-0.01508,0.08206,1.0000,1,0,0,0,+0.000,+0.000,+0.000,+0.00000,-3.630,+0.00004,0.00,+0.00000,0,+0.00000,+0.00000,0.00197,+0.003,0,0.0,0.0
1.017428,0,0,0.289869,0.289869,0.2750,+0.01487,0,1,1,+0.01619,-0.03069,0.08678,174.48,+0.01910,-0.01692,0.08262,1.0000,1,0,0,0,+0.000,+0.000,+0.000,+0.00000,-3.556,+0.00003,0.00,+0.00000,0,+0.00000,+0.00000,0.00193,+0.002,0,35.4,34.5
1.043120,0,0,0.291549,0.291549,0.2750,+0.01655,0,1,1,+0.01590,-0.03815,0.09010,173.13,+0.01874,-0.01933,0.08347,1.0000,1,0,0,0,+0.000,+0.000,+0.000,+0.00000,-3.428,+0.00003,0.00,+0.00000,0,+0.00000,+0.00000,0.00199,+0.002,0,35.4,34.5
1.067042,0,0,0.292822,0.292822,0.2750,+0.01782,0,1,1,+0.01671,-0.03921,0.08975,172.94,+0.01852,-0.02146,0.08414,1.0000,1,0,0,0,+0.000,+0.000,+0.000,+0.00000,-3.400,+0.00003,0.00,+0.00000,0,+0.00000,+0.00000,0.00199,+0.002,0,35.4,34.5
1.092433,0,0,0.293739,0.293739,0.2750,+0.01874,0,1,1,+0.01671,-0.03921,0.08975,172.94,+0.01832,-0.02346,0.08477,1.0000,1,0,0,0,+0.000,+0.000,+0.000,+0.00000,-3.361,+0.00003,0.00,+0.00000,0,+0.00000,+0.00000,0.00199,+0.002,0,35.4,34.5
1.120539,0,0,0.294375,0.294375,0.2750,+0.01938,0,1,1,+0.01452,-0.03950,0.09162,172.89,+0.01785,-0.02543,0.08562,1.0000,1,0,0,0,+0.000,+0.000,+0.000,+0.00000,-3.299,+0.00002,0.00,+0.00000,0,+0.00000,+0.00000,0.00224,+0.002,0,35.4,34.5
1.147379,0,0,0.294348,0.294348,0.2750,+0.01935,0,1,1,+0.01435,-0.03738,0.09296,173.27,+0.01744,-0.02685,0.08648,1.0000,1,0,0,0,+0.000,+0.000,+0.000,+0.00000,-3.281,+0.00002,0.00,+0.00000,0,+0.00000,+0.00000,0.00230,+0.002,0,35.4,34.5
1.174202,0,0,0.294270,0.294270,0.2750,+0.01927,0,1,1,+0.01421,-0.03825,0.09263,173.12,+0.01706,-0.02820,0.08721,1.0000,1,0,0,0,+0.000,+0.000,+0.000,+0.00000,-3.318,+0.00002,0.00,+0.00000,0,+0.00000,+0.00000,0.00265,+0.002,0,35.4,34.5
1.203132,0,0,0.293371,0.293371,0.2750,+0.01837,0,1,1,+0.01618,-0.03430,0.09213,173.83,+0.01694,-0.02897,0.08783,1.0000,1,0,0,0,+0.000,+0.000,+0.000,+0.00000,-3.370,+0.00002,0.00,+0.00000,0,+0.00000,+0.00000,0.00483,+0.002,0,35.4,34.5
1.232448,0,0,0.292468,0.292468,0.2750,+0.01747,0,1,1,+0.01618,-0.03430,0.09213,173.83,+0.01685,-0.02965,0.08838,1.0000,1,0,0,0,+0.000,+0.000,+0.000,+0.00000,-3.412,+0.00001,0.00,+0.00000,0,+0.00000,+0.00000,0.00483,+0.002,0,35.4,34.5
1.260343,0,0,0.291559,0.291559,0.2750,+0.01656,0,1,1,+0.01828,-0.03387,0.09477,173.90,+0.01702,-0.03017,0.08916,1.0000,1,0,0,0,+0.000,+0.000,+0.000,+0.00000,-3.394,+0.00001,0.00,+0.00000,0,+0.00000,+0.00000,0.00798,+0.002,0,35.4,34.5
1.293138,0,0,0.291961,0.291961,0.2750,+0.01696,0,1,1,+0.01907,-0.04199,0.09813,172.44,+0.01731,-0.03183,0.09043,1.0000,1,0,0,0,+0.000,+0.000,+0.000,+0.00000,-3.347,+0.00001,0.00,+0.00000,0,+0.00000,+0.00000,0.00884,+0.002,0,35.4,34.5
1.321447,0,0,0.292070,0.292070,0.2750,+0.01707,0,1,1,+0.01907,-0.04199,0.09813,172.44,+0.01753,-0.03309,0.09138,1.0000,1,0,0,0,+0.000,+0.000,+0.000,+0.00000,-3.468,+0.00001,0.00,+0.00000,0,+0.00000,+0.00000,0.00884,+0.002,0,35.4,34.5
1.348983,0,0,0.292154,0.292154,0.2750,+0.01715,0,1,1,+0.01889,-0.04300,0.09860,172.26,+0.01769,-0.03429,0.09226,1.0000,1,0,0,0,+0.000,+0.000,+0.000,+0.00000,-3.573,+0.00001,0.00,+0.00000,0,+0.00000,+0.00000,0.00954,+0.002,0,35.4,34.5
1.379755,0,0,0.291935,0.291935,0.2750,+0.01693,0,1,1,+0.01913,-0.04235,0.09829,172.38,+0.01789,-0.03536,0.09306,1.0000,1,0,0,0,+0.000,+0.000,+0.000,+0.00000,-3.559,+0.00001,0.00,+0.00000,0,+0.00000,+0.00000,0.01306,+0.002,0,35.4,34.5
1.408333,0,0,0.291634,0.291634,0.2750,+0.01663,0,1,1,+0.01871,-0.04244,0.09782,172.36,+0.01799,-0.03625,0.09365,1.0000,1,0,0,0,+0.000,+0.000,+0.000,+0.00000,-3.574,+0.00001,0.00,+0.00000,0,+0.00000,+0.00000,0.03396,+0.002,0,35.4,34.5
1.436276,0,0,0.291296,0.291296,0.2750,+0.01630,0,1,1,+0.01879,-0.04268,0.09844,172.32,+0.01809,-0.03704,0.09424,1.0000,1,0,0,0,+0.000,+0.000,+0.000,+0.00000,-3.683,+0.00001,0.00,+0.00000,0,+0.00000,+0.00000,0.05315,+0.002,0,35.4,34.5
1.467730,0,0,0.290837,0.290837,0.2750,+0.01584,0,1,1,+0.01879,-0.04268,0.09844,172.32,+0.01818,-0.03780,0.09481,1.0000,1,0,0,0,+0.000,+0.000,+0.000,+0.00000,-3.735,+0.00000,0.00,+0.00000,0,+0.00000,+0.00000,0.05950,+0.001,0,35.4,34.5
1.497009,0,0,0.290346,0.290346,0.2750,+0.01535,0,1,1,+0.01754,-0.04256,0.09718,172.34,+0.01810,-0.03841,0.09512,1.0000,1,0,0,0,+0.000,+0.000,+0.000,+0.00000,-3.741,+0.00000,0.00,+0.00000,0,+0.00000,+0.00000,0.06521,+0.001,0,35.4,34.5
1.528026,0,0,0.289802,0.289802,0.2750,+0.01480,0,1,1,+0.01754,-0.04256,0.09718,172.34,+0.01803,-0.03897,0.09539,1.0000,1,0,0,0,+0.000,+0.000,+0.000,+0.00000,-3.830,+0.00000,0.00,+0.00000,0,+0.00000,+0.00000,0.06521,+0.001,0,35.4,34.5
1.555811,0,0,0.289275,0.289275,0.2750,+0.01428,0,1,1,+0.01785,-0.04235,0.09734,172.38,+0.01801,-0.03938,0.09563,1.0000,1,0,0,0,+0.000,+0.000,+0.000,+0.00000,-3.841,+0.00000,0.00,+0.00000,0,+0.00000,+0.00000,0.06595,+0.001,0,35.4,34.5
1.584335,0,0,0.288801,0.288801,0.2750,+0.01380,0,1,1,+0.01777,-0.04271,0.09639,172.31,+0.01798,-0.03979,0.09572,1.0000,1,0,0,0,+0.000,+0.000,+0.000,+0.00000,-3.897,+0.00000,0.00,+0.00000,0,+0.00000,+0.00000,0.06103,+0.001,0,35.4,34.5
1.616689,0,0,0.288247,0.288247,0.2750,+0.01325,0,1,1,+0.01822,-0.04259,0.09702,172.33,+0.01801,-0.04018,0.09591,1.0000,1,0,0,0,+0.000,+0.000,+0.000,+0.00000,-3.936,+0.00000,0.00,+0.00000,0,+0.00000,+0.00000,0.05537,+0.001,0,35.4,34.5
1.645557,0,0,0.287763,0.287763,0.2750,+0.01276,0,1,1,+0.01999,-0.04257,0.09750,172.34,+0.01826,-0.04048,0.09611,1.0000,1,0,0,0,+0.000,+0.000,+0.000,+0.00000,-3.982,+0.00000,0.00,+0.00000,0,+0.00000,+0.00000,0.05138,+0.001,0,35.4,34.5
1.672949,0,0,0.286640,0.286640,0.2750,+0.01164,0,1,1,+0.02214,-0.03807,0.09923,173.15,+0.01873,-0.04019,0.09648,1.0000,1,0,0,0,+0.000,+0.000,+0.000,+0.00000,-4.061,+0.00000,0.00,+0.00000,0,+0.00000,+0.00000,0.03697,+0.001,0,35.4,34.5
1.698446,0,0,0.285202,0.285202,0.2750,+0.01020,0,1,1,+0.02230,-0.03427,0.09558,173.83,+0.01913,-0.03952,0.09638,1.0000,1,0,0,0,+0.000,+0.000,+0.000,+0.00000,-4.168,+0.00000,0.00,+0.00000,0,+0.00000,+0.00000,0.03003,+0.001,0,35.4,34.5
1.727347,0,0,0.283882,0.283882,0.2750,+0.00888,0,1,1,+0.02230,-0.03427,0.09558,173.83,+0.01953,-0.03886,0.09628,1.0000,1,0,0,0,+0.000,+0.000,+0.000,+0.00000,-4.449,+0.00000,0.00,+0.00000,0,+0.00000,+0.00000,0.03003,+0.001,0,35.4,34.5
1.756638,0,0,0.281166,0.281166,0.2750,+0.00617,0,1,1,+0.01838,-0.02399,0.09750,175.68,+0.01938,-0.03696,0.09644,1.0000,1,0,0,0,+0.000,+0.000,+0.000,+0.00000,-4.520,+0.00000,0.00,+0.00000,0,+0.00000,+0.00000,0.02306,+0.001,0,35.4,34.5
1.785168,0,0,0.278425,0.278425,0.2750,+0.00343,0,1,1,+0.01875,-0.01966,0.09461,176.46,+0.01930,-0.03480,0.09621,1.0000,1,0,0,0,+0.000,+0.000,+0.000,+0.00000,-4.721,+0.00000,0.00,+0.00000,0,+0.00000,+0.00000,0.01931,+0.001,0,35.4,34.5
1.811095,0,0,0.276353,0.276353,0.2750,+0.00135,0,1,1,+0.01798,-0.01885,0.09510,176.61,+0.01915,-0.03297,0.09608,1.0000,1,0,0,0,+0.000,+0.000,+0.000,+0.00000,-4.794,+0.00000,0.00,+0.00000,0,+0.00000,+0.00000,0.01707,+0.001,0,35.4,34.5
1.838421,0,0,0.274942,0.274942,0.2750,-0.00006,0,1,1,+0.01751,-0.02054,0.09574,176.30,+0.01896,-0.03148,0.09604,1.0000,1,0,0,0,+0.000,+0.000,+0.000,+0.00000,-4.824,+0.00000,0.00,+0.00000,0,+0.00000,+0.00000,0.01503,+0.001,0,35.4,34.5
1.864447,0,0,0.274376,0.274376,0.2750,-0.00062,0,1,1,+0.01721,-0.02357,0.09702,175.76,+0.01875,-0.03057,0.09615,1.0000,1,0,0,0,+0.000,+0.000,+0.000,+0.00000,-4.906,+0.00000,0.00,+0.00000,0,+0.00000,+0.00000,0.01398,+0.001,0,35.4,34.5
1.891585,0,0,0.273981,0.273981,0.2750,-0.00102,0,1,1,+0.01721,-0.02357,0.09702,175.76,+0.01857,-0.02973,0.09626,1.0000,1,0,0,0,+0.000,+0.000,+0.000,+0.00000,-5.032,+0.00000,0.00,+0.00000,0,+0.00000,+0.00000,0.01398,+0.001,0,35.4,34.5
1.918444,0,0,0.274532,0.274532,0.2750,-0.00047,0,1,1,+0.02002,-0.02884,0.09923,174.81,+0.01874,-0.02962,0.09661,1.0000,1,0,0,0,+0.000,+0.000,+0.000,+0.00000,-5.161,+0.00000,0.00,+0.00000,0,+0.00000,+0.00000,0.01324,+0.001,0,35.4,34.5
1.949058,0,0,0.275836,0.275836,0.2750,+0.00084,0,1,1,+0.02316,-0.03333,0.10289,174.00,+0.01933,-0.03012,0.09744,1.0000,1,0,0,0,+0.000,+0.000,+0.000,+0.00000,-5.375,+0.00000,0.00,+0.00000,0,+0.00000,+0.00000,0.01277,+0.001,0,35.4,34.5
1.980500,0,0,0.277010,0.277010,0.2750,+0.00201,0,1,1,+0.02282,-0.03388,0.10672,173.90,+0.01980,-0.03063,0.09870,1.0000,1,0,0,0,+0.000,+0.000,+0.000,+0.00000,-5.451,+0.00000,0.00,+0.00000,0,+0.00000,+0.00000,0.01196,+0.001,0,35.4,34.5
2.008581,0,0,0.277504,0.277504,0.2750,+0.00250,0,1,1,+0.02309,-0.03152,0.10915,174.33,+0.02021,-0.03074,0.09999,1.0000,1,0,0,0,+0.000,+0.000,+0.000,+0.00000,-5.599,+0.00000,0.00,+0.00000,0,+0.00000,+0.00000,0.01132,+0.001,0,35.4,34.5
2.036946,0,0,0.278268,0.278268,0.2750,+0.00327,0,1,1,+0.02207,-0.03372,0.10773,173.93,+0.02044,-0.03111,0.10095,1.0000,1,0,1,0,+0.000,-1.171,-1.171,-0.00511,-5.646,+0.00000,0.00,+0.00000,0,+0.00000,+0.00000,0.01079,+0.001,0,35.3,35.3
2.065772,0,0,0.280150,0.280150,0.2750,+0.00515,0,1,1,+0.02167,-0.04167,0.11111,172.50,+0.02059,-0.03244,0.10223,1.0000,1,0,1,0,+0.000,-1.180,-1.180,-0.00515,-5.761,+0.00000,0.00,+0.00000,0,+0.00000,+0.00000,0.01047,+0.001,0,35.3,35.3
2.094727,0,0,0.281569,0.281569,0.2750,+0.00657,0,1,1,+0.02255,-0.04137,0.11180,172.55,+0.02084,-0.03357,0.10344,1.0000,1,0,1,0,+0.000,-1.194,-1.194,-0.00477,-5.888,+0.00000,0.00,+0.00000,0,+0.00000,+0.00000,0.01036,-0.046,0,35.3,35.3
2.126770,0,0,0.282737,0.282737,0.2750,+0.00774,0,1,1,+0.02255,-0.04137,0.11180,172.55,+0.02108,-0.03465,0.10460,1.0000,1,0,1,0,+0.000,-1.208,-1.208,-0.00441,-5.870,+0.00000,0.00,+0.00000,0,+0.00000,+0.00000,0.01036,-0.134,0,35.3,35.3
2.156976,0,0,0.283707,0.283707,0.2750,+0.00871,0,1,1,+0.01974,-0.04234,0.11413,172.38,+0.02090,-0.03565,0.10585,1.0000,1,0,1,0,+0.000,-1.198,-1.198,-0.00399,-6.081,+0.00000,0.00,+0.00000,0,+0.00000,+0.00000,0.01011,-0.233,0,35.3,35.3
2.187964,0,0,0.284399,0.284399,0.2750,+0.00940,0,1,1,+0.01887,-0.04222,0.11453,172.40,+0.02063,-0.03654,0.10701,1.0000,1,0,1,0,+0.000,-1.182,-1.182,-0.00368,-6.258,+0.00000,0.00,+0.00000,0,+0.00000,+0.00000,0.00998,-0.294,0,35.3,35.3
2.216399,0,0,0.284446,0.284446,0.2750,+0.00945,0,1,1,+0.02114,-0.03967,0.11746,172.86,+0.02069,-0.03693,0.10831,1.0000,1,0,1,0,+0.000,-1.186,-1.186,-0.00349,-6.471,+0.00000,0.00,+0.00000,0,+0.00000,+0.00000,0.00984,-0.343,0,35.3,35.3
2.246784,0,0,0.283654,0.283654,0.2750,+0.00865,0,1,1,+0.02067,-0.03495,0.11850,173.71,+0.02069,-0.03666,0.10966,1.0000,1,0,1,0,+0.000,-1.185,-1.185,-0.00332,-6.564,+0.00000,0.00,+0.00000,0,+0.00000,+0.00000,0.00995,-0.385,0,35.3,35.3
2.278974,0,0,0.282765,0.282765,0.2750,+0.00776,0,1,1,+0.02254,-0.03373,0.11759,173.93,+0.02095,-0.03626,0.11076,1.0000,1,0,1,0,+0.000,-1.200,-1.200,-0.00323,-6.772,+0.00000,0.00,+0.00000,0,+0.00000,+0.00000,0.00993,-0.422,0,35.3,35.3
2.307472,0,0,0.282502,0.282502,0.2750,+0.00750,0,1,1,+0.01919,-0.03614,0.12006,173.49,+0.02073,-0.03624,0.11192,1.0000,1,0,1,0,+0.000,-1.188,-1.188,-0.00300,-6.820,+0.00000,0.00,+0.00000,0,+0.00000,+0.00000,0.01000,-0.463,0,35.3,35.3
2.336683,0,0,0.282892,0.282892,0.2750,+0.00789,0,1,1,+0.01935,-0.04005,0.12247,172.79,+0.02055,-0.03673,0.11326,1.0000,1,0,1,0,+0.000,-1.178,-1.178,-0.00289,-7.069,+0.00000,0.00,+0.00000,0,+0.00000,+0.00000,0.01013,-0.480,0,35.3,35.3
2.365545,0,0,0.283267,0.283267,0.2750,+0.00827,0,1,1,+0.01881,-0.04071,0.12348,172.67,+0.02033,-0.03723,0.11455,1.0000,1,0,1,0,+0.000,-1.165,-1.165,-0.00278,-7.172,+0.00000,0.00,+0.00000,0,+0.00000,+0.00000,0.01020,-0.496,0,35.3,35.3
2.395981,0,0,0.283534,0.283534,0.2750,+0.00853,0,1,1,+0.01881,-0.04071,0.12348,172.67,+0.02013,-0.03769,0.11573,1.0000,1,0,1,0,+0.000,-1.154,-1.154,-0.00263,-7.291,+0.00000,0.00,+0.00000,0,+0.00000,+0.00000,0.01020,-0.519,0,35.3,35.3
2.424534,0,0,0.282981,0.282981,0.2750,+0.00798,0,1,1,+0.01914,-0.03616,0.12509,173.49,+0.02001,-0.03750,0.11690,1.0000,1,0,1,0,+0.000,-1.146,-1.146,-0.00255,-7.394,+0.00000,0.00,+0.00000,0,+0.00000,+0.00000,0.01020,-0.532,0,35.3,35.3
2.454387,0,0,0.282099,0.282099,0.2750,+0.00710,0,1,1,+0.01933,-0.03364,0.12497,173.94,+0.01992,-0.03700,0.11795,1.0000,1,0,1,0,+0.000,-1.141,-1.141,-0.00249,-7.513,+0.00000,0.00,+0.00000,0,+0.00000,+0.00000,0.01031,-0.542,0,35.3,35.3
2.484154,0,0,0.281688,0.281688,0.2750,+0.00669,0,1,1,+0.01889,-0.03540,0.12814,173.63,+0.01979,-0.03679,0.11927,1.0000,1,0,1,0,+0.000,-1.134,-1.134,-0.00242,-7.589,+0.00000,0.00,+0.00000,0,+0.00000,+0.00000,0.01030,-0.551,0,35.3,35.3
2.513095,0,0,0.281209,0.281209,0.2750,+0.00621,0,1,1,+0.01799,-0.03441,0.13017,173.81,+0.01956,-0.03649,0.12065,1.0000,1,0,1,0,+0.000,-1.121,-1.121,-0.00233,-7.685,+0.00000,0.00,+0.00000,0,+0.00000,+0.00000,0.01041,-0.560,0,35.3,35.3
2.541585,0,0,0.280237,0.280237,0.2750,+0.00524,0,1,1,+0.01814,-0.03057,0.13135,174.50,+0.01938,-0.03575,0.12198,1.0000,1,0,1,0,+0.000,-1.111,-1.111,-0.00227,-7.787,+0.00000,0.00,+0.00000,0,+0.00000,+0.00000,0.01084,-0.565,0,35.3,35.3
2.568596,0,0,0.279597,0.279597,0.2750,+0.00460,0,1,1,+0.02000,-0.03110,0.13182,174.40,+0.01946,-0.03520,0.12315,1.0000,1,0,1,0,+0.000,-1.115,-1.115,-0.00229,-7.899,+0.00000,0.00,+0.00000,0,+0.00000,+0.00000,0.01169,-0.564,0,35.3,35.3
2.595980,0,0,0.279100,0.279100,0.2750,+0.00410,0,1,1,+0.02000,-0.03110,0.13182,174.40,+0.01952,-0.03471,0.12420,1.0000,1,0,1,0,+0.000,-1.119,-1.119,-0.00230,-8.001,+0.00000,0.00,+0.00000,0,+0.00000,+0.00000,0.01169,-0.566,0,35.3,35.3
2.625589,0,0,0.279054,0.279054,0.2750,+0.00405,0,1,1,+0.01967,-0.03326,0.13368,174.01,+0.01954,-0.03452,0.12542,1.0000,1,0,1,0,+0.000,-1.120,-1.120,-0.00231,-8.156,+0.00000,0.00,+0.00000,0,+0.00000,+0.00000,0.01888,-0.565,0,35.3,35.3
2.655403,0,0,0.278652,0.278652,0.2750,+0.00365,0,1,1,+0.01944,-0.03086,0.13620,174.45,+0.01953,-0.03404,0.12682,1.0000,1,0,1,0,+0.000,-1.119,-1.119,-0.00229,-8.276,+0.00000,0.00,+0.00000,0,+0.00000,+0.00000,0.04502,-0.569,0,35.3,35.3
2.686120,0,0,0.277749,0.277749,0.2750,+0.00275,0,1,1,+0.01969,-0.02715,0.13889,175.11,+0.01955,-0.03313,0.12842,1.0000,1,0,1,0,+0.000,-1.120,-1.120,-0.00227,-8.381,+0.00000,0.00,+0.00000,0,+0.00000,+0.00000,0.06921,-0.574,0,35.3,35.3
2.715323,0,0,0.276337,0.276337,0.2750,+0.00134,0,1,1,+0.01958,-0.02222,0.13777,176.00,+0.01955,-0.03174,0.12962,1.0000,1,0,1,0,+0.000,-1.120,-1.120,-0.00224,-8.484,+0.00000,0.00,+0.00000,0,+0.00000,+0.00000,0.08811,-0.582,0,35.3,35.3
2.744993,0,0,0.272354,0.272354,0.2750,-0.00265,0,1,1,+0.01840,-0.00405,0.13147,179.27,+0.01941,-0.02816,0.12985,1.0000,1,0,1,0,+0.000,-1.112,-1.112,-0.00230,-8.736,+0.00000,0.00,+0.00000,0,+0.00000,+0.00000,0.09111,-0.560,0,35.3,35.3
2.775333,0,0,0.263037,0.263037,0.2750,-0.01196,0,1,1,+0.01473,+0.03438,0.12273,186.19,+0.01879,-0.01992,0.12892,1.0000,1,0,1,0,+0.000,-1.077,-1.077,-0.00212,-8.842,+0.00000,0.00,+0.00000,0,+0.00000,+0.00000,0.09129,-0.566,0,35.3,35.3
2.804007,0,0,0.255183,0.255183,0.2750,-0.01982,0,1,1,+0.01146,+0.04214,0.12210,187.59,+0.01787,-0.01214,0.12806,1.0000,1,0,1,0,+0.000,-1.024,-1.024,-0.00194,-9.022,+0.00000,0.00,+0.00000,0,+0.00000,+0.00000,0.08885,-0.554,0,35.3,35.3
2.835007,0,0,0.237113,0.237113,0.2750,-0.03789,0,1,1,+0.01600,+0.11377,0.13676,200.48,+0.01762,+0.00476,0.12923,1.0000,1,0,1,0,+0.000,-1.010,-1.010,-0.00183,-9.220,+0.00000,0.00,+0.00000,0,+0.00000,+0.00000,0.08417,-0.566,0,35.3,35.3
2.865664,0,0,0.233827,0.233827,0.2750,-0.04117,0,1,1,+0.01113,+0.05449,0.12273,189.81,+0.01676,+0.01137,0.12836,1.0000,1,0,1,0,+0.000,-0.960,-0.960,-0.00154,-9.342,+0.00000,0.00,+0.00000,0,+0.00000,+0.00000,0.06494,-0.587,0,35.3,35.3
2.897689,0,0,0.231894,0.231894,0.2750,-0.04311,0,1,1,+0.01113,+0.05449,0.12273,189.81,+0.01598,+0.01732,0.12759,1.0000,1,0,1,0,+0.000,-0.916,-0.916,-0.00117,-9.342,+0.00000,0.00,+0.00000,0,+0.00000,+0.00000,0.06494,-0.628,0,35.3,35.3
2.926964,0,0,0.230000,0.230000,0.2750,-0.04500,0,1,1,+0.01689,+0.08960,0.13563,196.13,+0.01610,+0.02655,0.12861,1.0000,1,0,1,0,+0.000,-0.922,-0.922,-0.00107,-9.342,+0.00000,0.00,+0.00000,0,+0.00000,+0.00000,0.04891,-0.658,0,35.3,35.3
2.958261,0,0,0.230000,0.230000,0.2750,-0.04500,0,1,1,+0.01374,+0.11567,0.14412,200.82,+0.01578,+0.03861,0.13071,1.0000,1,0,1,0,+0.000,-0.904,-0.904,-0.00089,-9.342,+0.00000,0.00,+0.00000,0,+0.00000,+0.00000,0.03686,-0.688,0,35.3,35.3
2.990946,0,0,0.230000,0.230000,0.2750,-0.04500,0,1,1,+0.01342,+0.10778,0.14990,199.40,+0.01545,+0.04832,0.13341,1.0000,1,0,1,0,+0.000,-0.885,-0.885,-0.00072,-9.343,+0.00000,0.00,+0.00000,0,+0.00000,+0.00000,0.02917,-0.709,0,35.3,35.3
3.023724,0,0,0.230000,0.230000,0.2750,-0.04500,0,1,1,+0.01769,+0.08327,0.16092,194.99,+0.01576,+0.05325,0.13728,1.0000,1,0,1,0,+0.000,-0.903,-0.903,-0.00071,-9.343,-0.00000,0.00,+0.00000,0,+0.00000,+0.00000,0.02806,-0.731,0,35.3,35.3
3.056044,0,0,0.230000,0.230000,0.2750,-0.04500,0,1,1,+0.01921,+0.06388,0.16851,191.50,+0.01624,+0.05472,0.14163,1.0000,1,0,1,0,+0.000,-0.931,-0.931,-0.00075,-9.343,-0.00000,0.00,+0.00000,0,+0.00000,+0.00000,0.02960,-0.750,0,33.4,33.4
3.087319,0,0,0.230000,0.230000,0.2750,-0.04500,0,1,1,+0.02235,+0.04665,0.17708,188.40,+0.01707,+0.05363,0.14642,1.0000,1,0,1,0,+0.000,-0.978,-0.978,-0.00090,-9.343,-0.00000,0.00,+0.00000,0,+0.00000,+0.00000,0.03200,-0.764,0,33.4,33.4
3.119730,0,0,0.236354,0.236354,0.2750,-0.03865,0,1,1,+0.02088,+0.03091,0.18401,185.56,+0.01760,+0.05046,0.15166,1.0000,1,0,1,0,+0.000,-1.008,-1.008,-0.00096,-9.343,-0.00000,0.00,+0.00000,0,+0.00000,+0.00000,0.03817,-0.781,0,33.4,33.4
3.151771,0,0,0.244621,0.244621,0.2750,-0.03038,0,1,1,+0.02192,+0.02679,0.18749,184.82,+0.01820,+0.04720,0.15661,1.0000,1,0,1,0,+0.000,-1.043,-1.043,-0.00101,-9.343,-0.00000,0.00,+0.00000,0,+0.00000,+0.00000,0.05041,-0.801,0,33.4,33.4
3.182309,0,0,0.251195,0.251195,0.2750,-0.02381,0,1,1,+0.02101,+0.02566,0.19261,184.62,+0.01857,+0.04434,0.16138,1.0000,1,0,1,0,+0.000,-1.064,-1.064,-0.00103,-9.343,-0.00000,0.00,+0.00000,0,+0.00000,+0.00000,0.08469,-0.818,0,33.4,33.4
3.217869,0,0,0.257873,0.257873,0.2750,-0.01713,0,1,1,+0.02057,+0.02180,0.19595,183.92,+0.01887,+0.04094,0.16660,1.0000,1,0,1,0,+0.000,-1.081,-1.081,-0.00115,-9.532,+0.00000,0.00,+0.00000,0,+0.00000,+0.00000,0.08307,-0.806,0,33.4,33.4
3.258387,0,0,0.264413,0.264413,0.2750,-0.01059,0,1,1,+0.02055,+0.01739,0.20031,183.13,+0.01915,+0.03697,0.17228,1.0000,1,0,1,0,+0.000,-1.097,-1.097,-0.00156,-10.001,-0.00000,0.00,+0.00000,0,+0.00000,+0.00000,0.04117,-0.729,0,33.4,33.4
3.336397,0,0,0.272834,0.272834,0.2750,-0.00217,0,1,1,+0.02083,+0.01305,0.20473,182.35,+0.01962,+0.03026,0.18138,1.0000,1,0,1,0,+0.000,-1.124,-1.124,-0.00196,-10.552,-0.00000,0.00,+0.00000,0,+0.00000,+0.00000,0.03011,-0.663,0,33.4,33.4
3.370409,0,0,0.279309,0.279309,0.2750,+0.00431,0,1,1,+0.02030,-0.00819,0.21851,178.53,+0.01972,+0.02467,0.18678,1.0000,1,0,1,0,+0.000,-1.130,-1.130,-0.00209,-10.767,-0.00000,0.00,+0.00000,0,+0.00000,+0.00000,0.02539,-0.635,0,33.4,33.4
3.407719,0,0,0.284280,0.284280,0.2750,+0.00928,0,1,1,+0.02030,-0.00819,0.21851,178.53,+0.01981,+0.01951,0.19177,1.0000,1,0,1,0,+0.000,-1.135,-1.135,-0.00215,-10.966,+0.00000,0.00,+0.00000,0,+0.00000,+0.00000,0.02539,-0.622,0,33.4,33.4
3.443939,0,0,0.290114,0.290114,0.2750,+0.01511,0,1,1,+0.01910,-0.02190,0.22724,176.06,+0.01970,+0.01316,0.19721,1.0000,1,0,1,0,+0.000,-1.129,-1.129,-0.00215,-11.093,-0.00000,0.00,+0.00000,0,+0.00000,+0.00000,0.01447,-0.613,0,33.4,33.4
3.480895,0,0,0.295142,0.295142,0.2750,+0.02014,0,1,1,+0.01864,-0.02755,0.23313,175.04,+0.01954,+0.00681,0.20281,1.0000,1,0,1,0,+0.000,-1.119,-1.119,-0.00216,-11.208,-0.00000,0.00,+0.00000,0,+0.00000,+0.00000,0.01470,-0.602,0,33.4,33.4
3.518734,0,0,0.299327,0.299327,0.2750,+0.02433,0,1,1,+0.01802,-0.03244,0.23998,174.16,+0.01930,+0.00056,0.20872,1.0000,1,0,1,0,+0.000,-1.106,-1.106,-0.00213,-11.288,-0.00000,0.00,+0.00000,0,+0.00000,+0.00000,0.01500,-0.594,0,33.4,33.4
3.554775,0,0,0.303043,0.303043,0.2750,+0.02804,0,1,1,+0.01718,-0.03943,0.24457,172.90,+0.01897,-0.00554,0.21420,1.0000,1,0,1,0,+0.000,-1.087,-1.087,-0.00214,-11.357,+0.00000,0.00,+0.00000,0,+0.00000,+0.00000,0.01536,-0.573,0,33.4,33.4
3.593123,0,0,0.306333,0.306333,0.2750,+0.03133,0,1,1,+0.01558,-0.04492,0.25197,171.91,+0.01843,-0.01188,0.22027,1.0000,1,0,1,0,+0.000,-1.056,-1.056,-0.00180,-11.357,+0.00000,0.00,+0.00000,0,+0.00000,+0.00000,0.01484,-0.620,0,33.4,33.4
3.629693,0,0,0.308898,0.308898,0.2750,+0.03390,0,1,1,+0.01460,-0.04971,0.25580,171.05,+0.01784,-0.01773,0.22577,1.0000,1,0,1,0,+0.000,-1.022,-1.022,-0.00143,-11.357,+0.00000,0.00,+0.00000,0,+0.00000,+0.00000,0.01437,-0.671,0,33.4,33.4
3.667983,0,0,0.312011,0.312011,0.2750,+0.03701,0,1,1,+0.01173,-0.05944,0.26475,169.30,+0.01686,-0.02443,0.23203,1.0000,1,0,1,0,+0.000,-0.966,-0.966,-0.00099,-11.358,+0.00000,0.00,+0.00000,0,+0.00000,+0.00000,0.01534,-0.719,0,33.4,33.4
3.708037,0,0,0.317333,0.317333,0.2750,+0.04233,0,1,1,+0.01027,-0.07853,0.27828,165.87,+0.01576,-0.03345,0.23975,1.0000,1,0,1,0,+0.000,-0.903,-0.903,-0.00055,-11.358,+0.00000,0.00,+0.00000,1,+0.05374,-0.04805,0.02373,-0.761,0,33.4,33.4
3.750881,0,0,0.322904,0.322904,0.2750,+0.04790,0,1,1,+0.00852,-0.09109,0.28680,163.60,+0.01448,-0.04362,0.24805,1.0000,1,0,1,0,+0.000,-0.830,-0.830,-0.00042,-11.464,+0.00000,0.00,+0.00000,1,+0.05611,-0.05378,0.02520,-0.721,0,33.4,33.4
3.794453,0,0,0.326935,0.326935,0.2750,+0.05194,0,1,1,+0.00671,-0.09711,0.29601,162.52,+0.01309,-0.05319,0.25663,1.0000,1,0,1,0,+0.000,-0.750,-0.750,-0.00017,-11.516,+0.00000,0.00,+0.00000,1,+0.05607,-0.05559,0.01712,-0.704,0,33.4,33.4
3.836896,0,0,0.329502,0.329502,0.2750,+0.05450,0,1,1,+0.00439,-0.10196,0.30827,161.65,+0.01157,-0.06173,0.26567,1.0000,1,0,1,0,+0.000,-0.663,-0.663,+0.00026,-11.516,+0.00000,0.00,+0.00000,1,+0.05509,-0.05767,0.01789,-0.718,0,33.4,33.4
3.879427,0,0,0.332326,0.332326,0.2750,+0.05733,0,1,1,+0.00095,-0.11273,0.33012,159.71,+0.00970,-0.07067,0.27697,1.0000,1,0,1,0,+0.000,-0.556,-0.556,+0.00076,-11.516,-0.00000,0.00,+0.00000,1,+0.05234,-0.06436,0.02121,-0.727,0,33.4,33.4
3.929842,0,0,0.335632,0.335632,0.2750,+0.06063,0,1,1,-0.00143,-0.12457,0.34748,157.58,+0.00746,-0.08152,0.29117,1.0000,1,0,1,0,+0.000,-0.428,-0.428,+0.00128,-11.516,+0.00000,0.00,+0.00000,1,+0.05309,-0.07739,0.03638,-0.724,0,33.4,33.4
3.980731,0,0,0.336741,0.336741,0.2750,+0.06174,0,1,1,-0.00227,-0.12740,0.35634,157.07,+0.00549,-0.09083,0.30439,1.0000,1,0,1,0,+0.000,-0.315,-0.315,+0.00166,-11.516,+0.00000,0.00,+0.00000,1,+0.05406,-0.07810,0.07307,-0.704,0,33.4,33.4
4.031549,0,0,0.334602,0.334602,0.2750,+0.05960,0,1,1,-0.01402,-0.12252,0.39429,157.95,+0.00154,-0.09725,0.32260,1.0000,1,0,1,0,+0.000,-0.088,-0.088,+0.00247,-11.516,+0.00000,0.00,+0.00000,0,+0.00000,+0.00000,0.17755,-0.668,0,33.4,33.4
4.088460,1,0,0.333092,0.333092,0.2750,+0.05809,0,1,1,-0.01563,-0.13010,0.42284,156.58,-0.00226,-0.10453,0.34481,1.0000,1,0,1,0,+0.000,+0.130,+0.130,+0.00318,-11.516,+0.00000,0.00,+0.00000,0,+0.00000,+0.00000,0.14912,-0.617,0,24.2,24.2
4.145773,1,0,0.331158,0.331158,0.2750,+0.05616,0,1,1,-0.01875,-0.13341,0.45318,155.99,-0.00594,-0.11096,0.36894,1.0000,1,0,1,0,+0.000,+0.340,+0.340,+0.00368,-11.516,+0.00000,0.00,+0.00000,0,+0.00000,+0.00000,0.09797,-0.530,0,24.2,24.2
4.209384,1,0,0.322279,0.322279,0.2750,+0.04728,0,1,1,-0.04032,-0.11241,0.55802,159.77,-0.01423,-0.11131,0.41457,1.0000,1,0,1,0,+0.000,+0.816,+0.816,+0.00519,-11.516,+0.00000,0.00,+0.00000,0,+0.00000,+0.00000,0.00019,-0.408,0,24.2,24.2
4.294152,1,0,0.322279,0.322279,0.2750,+0.04728,0,1,0,+0.00000,+0.00000,0.00000,0.00,-0.01423,-0.11131,0.41457,1.0000,0,0,1,0,+0.000,+0.816,+0.816,+0.00431,-11.515,+0.00000,0.00,+0.00000,0,+0.00000,+0.00000,0.00066,-0.212,0,24.2,24.2
4.339018,1,0,0.322279,0.322279,0.2750,+0.04728,0,1,0,+0.00000,+0.00000,0.00000,0.00,-0.01423,-0.11131,0.41457,1.0000,0,0,1,0,+0.000,+0.816,+0.816,+0.00364,-11.515,+0.00000,0.00,+0.00000,1,-0.13407,+0.00000,0.03921,-0.076,0,24.2,24.2
4.395667,1,0,0.322279,0.322279,0.2750,+0.04728,0,1,0,+0.00000,+0.00000,0.00000,0.00,-0.01423,-0.11131,0.41457,1.0000,0,0,1,0,+0.000,+0.816,+0.816,+0.00280,-11.640,+0.00000,0.00,+0.00000,1,-0.13564,+0.00000,0.03607,+0.129,0,24.2,24.2
4.461604,1,0,0.322279,0.322279,0.2750,+0.04728,0,1,0,+0.00000,+0.00000,0.00000,0.00,-0.01423,-0.11131,0.41457,1.0000,0,0,1,0,+0.000,+0.816,+0.816,+0.00214,-11.640,+0.00000,0.00,+0.00000,1,-0.11452,+0.00000,0.04330,+0.288,0,24.2,24.2
4.526902,1,0,0.322279,0.322279,0.2750,+0.04728,0,1,0,+0.00000,+0.00000,0.00000,0.00,-0.01423,-0.11131,0.41457,1.0000,0,0,1,0,+0.000,+0.816,+0.816,+0.00166,-11.640,-0.00000,0.00,+0.00000,1,-0.10437,+0.00000,0.02760,+0.405,0,24.2,24.2
4.576817,1,0,0.335020,0.335020,0.2750,+0.06002,0,1,1,+0.96494,-0.19169,0.22669,145.50,+0.18133,-0.12736,0.37705,1.0000,1,0,1,0,+0.000,-10.390,-10.390,-0.04756,-11.640,+0.00000,0.00,+0.00000,1,-0.01993,+0.00000,0.01729,+0.487,0,24.2,24.2
4.618407,1,0,0.310067,0.230000,0.2750,-0.04500,0,1,1,+0.05131,+0.49233,0.09623,268.62,+0.15895,-0.02068,0.32870,1.0000,1,0,1,0,+0.000,-9.107,-9.107,-0.04217,-11.640,-0.00000,0.00,+0.00000,1,+0.04332,+0.00000,0.01041,+0.539,0,24.2,24.2
4.644066,1,0,0.294671,0.230000,0.2750,-0.04500,0,1,1,+0.05084,+0.50182,0.09606,270.33,+0.14666,+0.03873,0.30225,1.0000,1,0,1,0,+0.000,-8.403,-8.403,-0.03667,-11.640,-0.00000,0.00,+0.00000,1,+0.06237,+0.00000,0.00985,+0.305,0,24.2,24.2
4.673622,1,0,0.276938,0.230000,0.2750,-0.04500,0,1,1,+0.04857,+0.51335,0.09907,272.40,+0.13403,+0.09984,0.27609,1.0000,1,0,1,0,+0.000,-7.679,-7.679,-0.02789,-11.768,-0.00000,0.00,+0.00000,1,+0.05858,+0.00000,0.00971,-0.779,0,24.2,24.2
4.700089,1,0,0.261057,0.230000,0.2750,-0.04500,0,1,1,+0.04874,+0.52095,0.10138,273.77,+0.12406,+0.14905,0.25567,1.0000,1,0,1,0,+0.000,-7.108,-7.108,-0.02345,-11.994,+0.00000,0.00,+0.00000,1,+0.05620,+0.00000,0.00899,-1.350,0,24.2,24.2
4.728457,1,0,0.244036,0.230000,0.2750,-0.04500,0,1,1,+0.04874,+0.52095,0.10138,273.77,+0.11470,+0.19525,0.23651,1.0000,1,0,1,0,+0.000,-6.572,-6.572,-0.01962,-12.092,+0.00000,0.00,+0.00000,1,+0.05620,+0.00000,0.00899,-1.790,0,24.2,24.2
4.753701,1,0,0.230000,0.230000,0.2750,-0.04500,0,1,1,+0.04838,+0.53168,0.10289,275.70,+0.10727,+0.23296,0.22153,1.0000,1,0,1,0,+0.000,-6.146,-6.146,-0.01596,-12.095,+0.00000,0.00,+0.00000,1,+0.04854,+0.00000,0.00737,-2.239,0,24.2,24.2
4.779341,1,1,0.214616,0.195000,0.2400,-0.04500,1,1,1,+0.04720,+0.54288,0.10467,277.72,+0.10044,+0.26817,0.20825,1.0000,1,0,1,1,+5.000,-5.755,-0.755,+0.00904,-12.098,+0.00000,0.00,+0.00000,0,+0.00000,+0.00000,0.00622,-2.609,0,24.2,24.2
4.804044,1,1,0.199794,0.195000,0.2400,-0.04500,1,1,1,+0.04800,+0.54922,0.10585,278.86,+0.09468,+0.29907,0.19699,1.0000,1,0,1,1,+5.000,-5.425,-0.425,+0.01171,-12.102,-0.00000,0.00,+0.00000,0,+0.00000,+0.00000,0.00539,-2.924,0,24.2,24.2
4.829427,1,1,0.195000,0.195000,0.2400,-0.04500,1,1,1,+0.04800,+0.54922,0.10585,278.86,+0.08942,+0.32724,0.18673,1.0000,1,0,1,1,+5.000,-5.124,-0.124,+0.01295,-12.103,+0.00000,0.00,+0.00000,0,+0.00000,+0.00000,0.00539,-3.041,0,24.2,24.2
4.854592,1,1,0.195000,0.195000,0.2400,-0.04500,1,1,1,+0.04652,+0.56206,0.10844,281.17,+0.08463,+0.35349,0.17798,1.0000,1,0,1,1,+5.000,-4.849,+0.151,+0.01257,-12.101,+0.00000,0.00,+0.00000,0,+0.00000,+0.00000,0.00514,-2.857,0,24.2,24.2
4.883186,1,1,0.195000,0.195000,0.2400,-0.04500,1,1,1,+0.04669,+0.57243,0.11013,283.04,+0.07988,+0.38087,0.16949,1.0000,1,0,1,1,+5.000,-4.577,+0.423,+0.01266,-12.098,-0.00000,0.00,+0.00000,0,+0.00000,+0.00000,0.00497,-2.621,0,24.2,24.2
4.908907,1,1,0.195000,0.195000,0.2400,-0.04500,1,1,1,+0.04761,+0.58305,0.11083,284.95,+0.07621,+0.40391,0.16281,1.0000,1,0,1,1,+5.000,-4.366,+0.634,+0.01274,-12.097,-0.00000,0.00,+0.00000,0,+0.00000,+0.00000,0.00458,-2.414,0,24.2,24.2
4.935925,1,1,0.195000,0.195000,0.2400,-0.04500,1,1,1,+0.04827,+0.59632,0.11263,287.34,+0.07288,+0.42681,0.15684,1.0000,1,0,1,1,+5.000,-4.176,+0.824,+0.01274,-12.095,+0.00000,0.00,+0.00000,0,+0.00000,+0.00000,0.00421,-2.217,0,24.2,24.2
4.961776,1,1,0.195000,0.195000,0.2400,-0.04500,1,1,1,+0.04827,+0.59632,0.11263,287.34,+0.07006,+0.44621,0.15178,1.0000,1,0,1,1,+5.000,-4.014,+0.986,+0.01259,-12.093,+0.00000,0.00,+0.00000,0,+0.00000,+0.00000,0.00421,-2.026,0,24.2,24.2
4.989707,1,1,0.195000,0.195000,0.2400,-0.04500,1,1,1,+0.04867,+0.60699,0.11426,289.26,+0.06744,+0.46592,0.14718,1.0000,1,0,1,1,+5.000,-3.864,+1.136,+0.01227,-12.092,+0.00000,0.00,+0.00000,0,+0.00000,+0.00000,0.00389,-1.807,0,24.2,24.2
5.015669,1,1,0.195000,0.195000,0.2400,-0.04500,1,1,1,+0.05123,+0.61704,0.11413,291.07,+0.06558,+0.48328,0.14338,1.0000,1,0,1,1,+5.000,-3.757,+1.243,+0.01187,-12.091,+0.00000,0.00,+0.00000,0,+0.00000,+0.00000,0.00355,-1.607,0,24.2,24.2
5.042246,1,1,0.195000,0.195000,0.2400,-0.04500,1,1,1,+0.04811,+0.62597,0.11680,292.67,+0.06353,+0.50002,0.14026,1.0000,1,0,1,1,+5.000,-3.640,+1.360,+0.01147,-12.089,+0.00000,0.00,+0.00000,0,+0.00000,+0.00000,0.00315,-1.398,0,24.2,24.2
5.072567,1,1,0.195000,0.195000,0.2400,-0.04500,1,1,1,+0.04967,+0.63686,0.11798,294.63,+0.06170,+0.51803,0.13733,1.0000,1,0,1,1,+5.000,-3.535,+1.465,+0.01089,-12.088,+0.00000,0.00,+0.00000,0,+0.00000,+0.00000,0.00287,-1.156,0,24.2,24.2
5.102607,1,1,0.195000,0.195000,0.2400,-0.04500,1,1,1,+0.04967,+0.63686,0.11798,294.63,+0.06013,+0.53355,0.13480,1.0000,1,0,1,1,+5.000,-3.445,+1.555,+0.01040,-12.088,+0.00000,0.00,+0.00000,0,+0.00000,+0.00000,0.00287,-0.951,0,26.6,26.6
5.132576,1,1,0.195000,0.195000,0.2400,-0.04500,1,1,1,+0.04612,+0.65598,0.12031,298.08,+0.05831,+0.54950,0.13292,1.0000,1,0,1,1,+5.000,-3.341,+1.659,+0.00980,-12.087,+0.00000,0.00,+0.00000,0,+0.00000,+0.00000,0.00281,-0.704,0,26.6,26.6
5.156937,1,1,0.195000,0.195000,0.2400,-0.04500,1,1,1,+0.04612,+0.65598,0.12031,298.08,+0.05698,+0.56106,0.13155,1.0000,1,0,1,1,+5.000,-3.265,+1.735,+0.00955,-12.086,+0.00000,0.00,+0.00000,0,+0.00000,+0.00000,0.00281,-0.567,0,26.6,26.6
5.185706,1,1,0.195000,0.195000,0.2400,-0.04500,1,1,1,+0.04772,+0.66310,0.12057,299.36,+0.05582,+0.57390,0.13017,1.0000,1,0,1,1,+5.000,-3.198,+1.802,+0.00915,-12.086,+0.00000,0.00,+0.00000,0,+0.00000,+0.00000,0.00275,-0.402,0,26.6,26.6
5.212437,1,1,0.195000,0.195000,0.2400,-0.04500,1,1,1,+0.04704,+0.67235,0.12083,301.02,+0.05478,+0.58550,0.12907,1.0000,1,0,1,1,+5.000,-3.139,+1.861,+0.00851,-12.086,+0.00000,0.00,+0.00000,0,+0.00000,+0.00000,0.00279,-0.192,0,26.6,26.6
5.239552,1,1,0.195000,0.195000,0.2400,-0.04500,1,1,1,+0.04892,+0.68079,0.12031,302.54,+0.05408,+0.59688,0.12802,1.0000,1,0,1,1,+5.000,-3.099,+1.901,+0.00799,-12.086,+0.00000,0.00,+0.00000,0,+0.00000,+0.00000,0.00288,-0.030,0,26.6,26.6
5.267382,1,1,0.195000,0.195000,0.2400,-0.04500,1,1,1,+0.04826,+0.69275,0.11928,304.69,+0.05337,+0.60859,0.12695,1.0000,1,0,1,1,+5.000,-3.058,+1.942,+0.00753,-12.086,+0.00000,0.00,+0.00000,0,+0.00000,+0.00000,0.00312,+0.123,0,26.6,26.6
5.296682,1,1,0.195000,0.195000,0.2400,-0.04500,1,1,1,+0.04775,+0.70024,0.11993,306.04,+0.05265,+0.62030,0.12606,1.0000,1,0,1,1,+5.000,-3.017,+1.983,+0.00708,-12.086,+0.00000,0.00,+0.00000,0,+0.00000,+0.00000,0.00316,+0.271,0,26.6,26.6
5.328067,1,1,0.195000,0.195000,0.2400,-0.04500,1,1,1,+0.04775,+0.70024,0.11993,306.04,+0.05199,+0.63114,0.12522,1.0000,1,0,1,1,+5.000,-2.979,+2.021,+0.00650,-12.086,-0.00000,0.00,+0.00000,0,+0.00000,+0.00000,0.00316,+0.447,0,26.6,26.6
5.355866,1,1,0.195000,0.195000,0.2400,-0.04500,1,1,1,+0.04595,+0.71789,0.12108,309.22,+0.05125,+0.64173,0.12472,1.0000,1,0,1,1,+5.000,-2.936,+2.064,+0.00612,-12.086,-0.00000,0.00,+0.00000,0,+0.00000,+0.00000,0.00321,+0.582,0,26.6,26.6
5.382323,1,1,0.195000,0.195000,0.2400,-0.04500,1,1,1,+0.04633,+0.73089,0.12197,311.56,+0.05068,+0.65215,0.12440,1.0000,1,0,1,1,+5.000,-2.904,+2.096,+0.00579,-12.087,+0.00000,0.00,+0.00000,0,+0.00000,+0.00000,0.00318,+0.695,0,26.6,26.6
5.408520,1,1,0.195000,0.195000,0.2400,-0.04500,1,1,1,+0.04814,+0.74041,0.12398,313.27,+0.05038,+0.66237,0.12435,1.0000,1,0,1,1,+5.000,-2.887,+2.113,+0.00540,-12.087,+0.00000,0.00,+0.00000,0,+0.00000,+0.00000,0.00317,+0.807,0,26.6,26.6
5.433679,1,1,0.195000,0.195000,0.2400,-0.04500,1,1,1,+0.04595,+0.74897,0.12729,314.82,+0.04989,+0.67205,0.12468,1.0000,1,0,1,1,+5.000,-2.858,+2.142,+0.00509,-12.087,-0.00000,0.00,+0.00000,0,+0.00000,+0.00000,0.00311,+0.910,0,26.6,26.6
5.465187,1,1,0.195000,0.195000,0.2400,-0.04500,1,1,1,+0.04595,+0.74897,0.12729,314.82,+0.04935,+0.68252,0.12503,1.0000,1,0,1,1,+5.000,-2.828,+2.172,+0.00469,-12.088,+0.00000,0.00,+0.00000,0,+0.00000,+0.00000,0.00311,+1.037,0,26.6,26.6
5.493309,1,1,0.195000,0.195000,0.2400,-0.04500,1,1,1,+0.04277,+0.77372,0.13449,319.27,+0.04854,+0.69376,0.12620,1.0000,1,0,1,1,+5.000,-2.781,+2.219,+0.00449,-12.088,+0.00000,0.00,+0.00000,0,+0.00000,+0.00000,0.00284,+1.134,0,26.6,26.6
5.523370,1,1,0.195000,0.195000,0.2400,-0.04500,1,1,1,+0.04277,+0.77372,0.13449,319.27,+0.04779,+0.70421,0.12728,1.0000,1,0,1,1,+5.000,-2.738,+2.262,+0.00429,-12.088,+0.00000,0.00,+0.00000,0,+0.00000,+0.00000,0.00284,+1.223,0,26.6,26.6
5.552998,1,1,0.195000,0.195000,0.2400,-0.04500,1,1,1,+0.04494,+0.78826,0.13665,321.89,+0.04742,+0.71505,0.12849,1.0000,1,0,1,1,+5.000,-2.717,+2.283,+0.00394,-12.089,+0.00000,0.00,+0.00000,0,+0.00000,+0.00000,0.00277,+1.328,0,26.6,26.6
5.581893,1,1,0.195000,0.195000,0.2400,-0.04500,1,1,1,+0.04608,+0.79492,0.13844,323.09,+0.04725,+0.72513,0.12975,1.0000,1,0,1,1,+5.000,-2.707,+2.293,+0.00366,-12.089,+0.00000,0.00,+0.00000,0,+0.00000,+0.00000,0.00249,+1.404,0,26.6,26.6
5.610026,1,1,0.195000,0.195000,0.2400,-0.04500,1,1,1,+0.04353,+0.80719,0.14305,325.29,+0.04679,+0.73525,0.13139,1.0000,1,0,1,1,+5.000,-2.681,+2.319,+0.00343,-12.090,-0.00000,0.00,+0.00000,0,+0.00000,+0.00000,0.00202,+1.487,0,26.6,26.6
5.638436,1,1,0.195000,0.195000,0.2400,-0.04500,1,1,1,+0.03960,+0.81054,0.14551,325.90,+0.04590,+0.74462,0.13314,1.0000,1,0,1,1,+5.000,-2.630,+2.370,+0.00330,-12.090,-0.00000,0.00,+0.00000,0,+0.00000,+0.00000,0.00152,+1.571,0,26.6,26.6
5.666758,1,1,0.195000,0.195000,0.2400,-0.04500,1,1,1,+0.03806,+0.81074,0.14551,325.93,+0.04493,+0.75282,0.13468,1.0000,1,0,1,1,+5.000,-2.574,+2.426,+0.00326,-12.091,-0.00000,0.00,+0.00000,0,+0.00000,+0.00000,0.00124,+1.639,0,26.6,26.6
5.694083,1,1,0.195000,0.195000,0.2400,-0.04500,1,1,1,+0.03806,+0.81074,0.14551,325.93,+0.04410,+0.75978,0.13598,1.0000,1,0,1,1,+5.000,-2.527,+2.473,+0.00322,-12.091,-0.00000,0.00,+0.00000,0,+0.00000,+0.00000,0.00124,+1.696,0,26.6,26.6
5.721923,1,1,0.195000,0.195000,0.2400,-0.04500,1,1,1,+0.03943,+0.81188,0.14294,326.14,+0.04353,+0.76615,0.13683,1.0000,1,0,1,1,+5.000,-2.494,+2.506,+0.00310,-12.091,-0.00000,0.00,+0.00000,0,+0.00000,+0.00000,0.00098,+1.759,0,26.6,26.6
5.751158,1,1,0.195000,0.195000,0.2400,-0.04500,1,1,1,+0.04036,+0.81182,0.14120,326.13,+0.04313,+0.77197,0.13739,1.0000,1,0,1,1,+5.000,-2.471,+2.529,+0.00289,-12.092,+0.00000,0.00,+0.00000,0,+0.00000,+0.00000,0.00089,+1.831,0,26.6,26.6
5.778576,1,1,0.195000,0.195000,0.2400,-0.04500,1,1,1,+0.03623,+0.81432,0.13900,326.58,+0.04230,+0.77708,0.13758,1.0000,1,0,1,1,+5.000,-2.423,+2.577,+0.00284,-12.092,+0.00000,0.00,+0.00000,0,+0.00000,+0.00000,0.00076,+1.890,0,26.6,26.6
5.805238,1,1,0.195000,0.195000,0.2400,-0.04500,1,1,1,+0.03384,+0.80992,0.13900,325.79,+0.04130,+0.78094,0.13775,1.0000,1,0,1,1,+5.000,-2.366,+2.634,+0.00284,-12.093,+0.00000,0.00,+0.00000,0,+0.00000,+0.00000,0.00080,+1.948,0,26.6,26.6
5.832269,1,1,0.195000,0.195000,0.2400,-0.04500,1,1,1,+0.03384,+0.80992,0.13900,325.79,+0.04041,+0.78439,0.13790,1.0000,1,0,1,1,+5.000,-2.315,+2.685,+0.00285,-12.093,+0.00000,0.00,+0.00000,0,+0.00000,+0.00000,0.00080,+1.999,0,26.6,26.6
5.859636,1,1,0.195000,0.195000,0.2400,-0.04500,1,1,1,+0.03211,+0.80705,0.13933,325.27,+0.03941,+0.78712,0.13807,1.0000,1,0,1,1,+5.000,-2.258,+2.742,+0.00289,-12.093,+0.00000,0.00,+0.00000,0,+0.00000,+0.00000,0.00079,+2.046,0,26.6,26.6
5.888017,1,1,0.195000,0.195000,0.2400,-0.04500,1,1,1,+0.02909,+0.80552,0.13699,324.99,+0.03813,+0.78941,0.13794,1.0000,1,0,1,1,+5.000,-2.185,+2.815,+0.00298,-12.094,+0.00000,0.00,+0.00000,0,+0.00000,+0.00000,0.00076,+2.101,0,26.6,26.6
5.917399,1,1,0.195000,0.195000,0.2400,-0.04500,1,1,1,+0.02871,+0.81020,0.13551,325.84,+0.03692,+0.79207,0.13763,1.0000,1,0,1,1,+5.000,-2.116,+2.884,+0.00301,-12.094,+0.00000,0.00,+0.00000,0,+0.00000,+0.00000,0.00084,+2.162,0,26.6,26.6
5.946044,1,1,0.195000,0.195000,0.2400,-0.04500,1,1,1,+0.02636,+0.80787,0.13867,325.42,+0.03560,+0.79405,0.13776,1.0000,1,0,1,1,+5.000,-2.040,+2.960,+0.00310,-12.095,+0.00000,0.00,+0.00000,0,+0.00000,+0.00000,0.00086,+2.216,0,26.6,26.6
5.974601,1,1,0.195000,0.195000,0.2400,-0.04500,1,1,1,+0.02366,+0.81094,0.13989,325.97,+0.03411,+0.79616,0.13802,1.0000,1,0,1,1,+5.000,-1.954,+3.046,+0.00320,-12.095,+0.00000,0.00,+0.00000,0,+0.00000,+0.00000,0.00072,+2.278,0,26.6,26.6
6.002828,1,1,0.195000,0.195000,0.2400,-0.04500,1,1,1,+0.02365,+0.81342,0.13800,326.41,+0.03282,+0.79829,0.13802,1.0000,1,0,1,1,+5.000,-1.880,+3.120,+0.00329,-12.095,+0.00000,0.00,+0.00000,0,+0.00000,+0.00000,0.00072,+2.331,0,26.6,26.6
6.029637,1,1,0.195000,0.195000,0.2400,-0.04500,1,1,1,+0.02200,+0.81602,0.13955,326.88,+0.03154,+0.80039,0.13820,1.0000,1,0,1,1,+5.000,-1.807,+3.193,+0.00335,-12.096,+0.00000,0.00,+0.00000,0,+0.00000,+0.00000,0.00069,+2.389,0,26.6,26.6
6.059044,1,1,0.195000,0.195000,0.2400,-0.04500,1,1,1,+0.02200,+0.81602,0.13955,326.88,+0.03031,+0.80239,0.13837,1.0000,1,0,1,1,+5.000,-1.737,+3.263,+0.00334,-12.097,+0.00000,0.00,+0.00000,0,+0.00000,+0.00000,0.00069,+2.460,0,26.6,26.6
6.088869,1,1,0.195000,0.195000,0.2400,-0.04500,1,1,1,+0.01809,+0.81971,0.14164,327.55,+0.02873,+0.80464,0.13880,1.0000,1,0,1,1,+5.000,-1.646,+3.354,+0.00348,-12.097,+0.00000,0.00,+0.00000,0,+0.00000,+0.00000,0.00075,+2.518,0,26.6,26.6
6.114449,1,1,0.195000,0.195000,0.2400,-0.04500,1,1,1,+0.01925,+0.82304,0.14055,328.15,+0.02765,+0.80673,0.13900,1.0000,1,0,1,1,+5.000,-1.584,+3.416,+0.00348,-12.098,+0.00000,0.00,+0.00000,0,+0.00000,+0.00000,0.00066,+2.580,0,35.6,35.6
6.143207,1,1,0.195000,0.195000,0.2400,-0.04500,1,1,1,+0.01872,+0.82256,0.14305,328.06,+0.02653,+0.80872,0.13951,1.0000,1,0,1,1,+5.000,-1.520,+3.480,+0.00350,-12.098,+0.00000,0.00,+0.00000,0,+0.00000,+0.00000,0.00052,+2.640,0,35.6,35.6
6.174900,1,1,0.195000,0.195000,0.2400,-0.04500,1,1,1,+0.01466,+0.82509,0.14551,328.52,+0.02491,+0.81096,0.14033,1.0000,1,0,1,1,+5.000,-1.427,+3.573,+0.00357,-12.099,+0.00000,0.00,+0.00000,0,+0.00000,+0.00000,0.00046,+2.716,0,35.6,35.6
6.203194,1,1,0.195000,0.195000,0.2400,-0.04500,1,1,1,+0.00863,+0.82478,0.14551,328.46,+0.02289,+0.81267,0.14097,1.0000,1,0,1,1,+5.000,-1.311,+3.689,+0.00381,-12.100,+0.00000,0.00,+0.00000,0,+0.00000,+0.00000,0.00043,+2.778,0,35.6,35.6
6.232918,1,1,0.195000,0.195000,0.2400,-0.04500,1,1,1,+0.00684,+0.82627,0.14614,328.73,+0.02081,+0.81443,0.14164,1.0000,1,0,1,1,+5.000,-1.192,+3.808,+0.00400,-12.100,+0.00000,0.00,+0.00000,0,+0.00000,+0.00000,0.00040,+2.851,0,35.6,35.6
6.260108,1,1,0.195000,0.195000,0.2400,-0.04500,1,1,1,+0.00684,+0.82627,0.14614,328.73,+0.01914,+0.81585,0.14218,1.0000,1,0,1,1,+5.000,-1.097,+3.903,+0.00413,-12.101,+0.00000,0.00,+0.00000,0,+0.00000,+0.00000,0.00040,+2.916,0,35.6,35.6
6.289848,1,1,0.195000,0.195000,0.2400,-0.04500,1,1,1,+0.00878,+0.82892,0.14782,329.21,+0.01780,+0.81754,0.14291,1.0000,1,0,1,1,+5.000,-1.020,+3.980,+0.00438,-12.248,+0.00000,0.00,+0.00000,0,+0.00000,+0.00000,0.00055,+2.934,0,35.6,35.6
6.318483,1,1,0.195000,0.195000,0.2400,-0.04500,1,1,1,+0.00457,+0.82878,0.15062,329.18,+0.01614,+0.81895,0.14387,1.0000,1,0,1,1,+5.000,-0.925,+4.075,+0.00464,-12.392,+0.00000,0.00,+0.00000,0,+0.00000,+0.00000,0.00121,+2.967,0,35.6,35.6
6.345227,1,1,0.195000,0.195000,0.2400,-0.04500,1,1,1,+0.00321,+0.82675,0.15123,328.82,+0.01462,+0.81987,0.14474,1.0000,1,0,1,1,+5.000,-0.837,+4.163,+0.00469,-12.393,+0.00000,0.00,+0.00000,0,+0.00000,+0.00000,0.00164,+3.041,0,35.6,35.6
6.376136,1,1,0.195000,0.195000,0.2400,-0.04500,1,1,1,-0.00145,+0.82784,0.15336,329.01,+0.01246,+0.82093,0.14589,1.0000,1,0,1,1,+5.000,-0.714,+4.286,+0.00488,-12.394,+0.00000,0.00,+0.00000,0,+0.00000,+0.00000,0.00188,+3.119,0,35.6,35.6
6.405372,1,1,0.195000,0.195000,0.2400,-0.04500,1,1,1,-0.00180,+0.82799,0.15476,329.04,+0.01065,+0.82183,0.14703,1.0000,1,0,1,1,+5.000,-0.610,+4.390,+0.00488,-12.395,+0.00000,0.00,+0.00000,0,+0.00000,+0.00000,0.00202,+3.221,0,35.6,35.6
6.435020,1,1,0.195000,0.195000,0.2400,-0.04500,1,1,1,-0.00568,+0.83031,0.15694,329.46,+0.00854,+0.82293,0.14831,1.0000,1,0,1,1,+5.000,-0.489,+4.511,+0.00506,-12.396,+0.00000,0.00,+0.00000,0,+0.00000,+0.00000,0.00217,+3.299,0,35.6,35.6
6.470817,1,1,0.195000,0.195000,0.2400,-0.04500,1,1,1,-0.00864,+0.82716,0.16005,328.89,+0.00593,+0.82357,0.15009,1.0000,1,0,1,1,+5.000,-0.340,+4.660,+0.00522,-12.397,+0.00000,0.00,+0.00000,0,+0.00000,+0.00000,0.00230,+3.411,0,35.6,35.6
6.499888,1,1,0.195000,0.195000,0.2400,-0.04500,1,1,1,-0.01274,+0.82573,0.16339,328.63,+0.00356,+0.82385,0.15178,1.0000,1,0,1,1,+5.000,-0.204,+4.796,+0.00537,-12.398,+0.00000,0.00,+0.00000,0,+0.00000,+0.00000,0.00228,+3.511,0,35.6,35.6
6.530046,1,1,0.195000,0.195000,0.2400,-0.04500,1,1,1,-0.01428,+0.82354,0.16602,328.24,+0.00122,+0.82381,0.15364,1.0000,1,0,1,1,+5.000,-0.070,+4.930,+0.00552,-12.400,+0.00000,0.00,+0.00000,0,+0.00000,+0.00000,0.00220,+3.609,0,35.6,35.6
6.558471,1,1,0.195000,0.195000,0.2400,-0.04500,1,1,1,-0.01428,+0.82354,0.16602,328.24,-0.00071,+0.82377,0.15518,1.0000,1,0,1,1,+5.000,+0.040,+5.040,+0.00552,-12.401,+0.00000,0.00,+0.00000,0,+0.00000,+0.00000,0.00220,+3.717,0,35.6,35.6
6.587889,1,1,0.195000,0.195000,0.2400,-0.04500,1,1,1,-0.01733,+0.82172,0.17105,327.91,-0.00284,+0.82351,0.15722,1.0000,1,0,1,1,+5.000,+0.163,+5.163,+0.00564,-12.402,+0.00000,0.00,+0.00000,0,+0.00000,+0.00000,0.00195,+3.810,0,35.6,35.6
6.617422,1,1,0.195000,0.195000,0.2400,-0.04500,1,1,1,-0.02052,+0.82019,0.17392,327.63,-0.00511,+0.82308,0.15937,1.0000,1,0,1,1,+5.000,+0.293,+5.293,+0.00611,-12.540,+0.00000,0.00,+0.00000,0,+0.00000,+0.00000,0.00163,+3.833,0,35.6,35.6
6.647388,1,1,0.195000,0.195000,0.2400,-0.04500,1,1,1,-0.02314,+0.81399,0.17769,326.52,-0.00746,+0.82190,0.16175,1.0000,1,0,1,1,+5.000,+0.428,+5.428,+0.00618,-12.541,+0.00000,0.00,+0.00000,0,+0.00000,+0.00000,0.00129,+3.951,0,35.6,35.6
6.679420,1,1,0.195000,0.195000,0.2400,-0.04500,1,1,1,-0.02636,+0.80965,0.18266,325.74,-0.01007,+0.82021,0.16464,1.0000,1,0,1,1,+5.000,+0.577,+5.577,+0.00633,-12.543,+0.00000,0.00,+0.00000,0,+0.00000,+0.00000,0.00106,+4.063,0,35.6,35.6
6.709634,1,1,0.195000,0.195000,0.2400,-0.04500,1,1,1,-0.03274,+0.80437,0.18873,324.79,-0.01305,+0.81813,0.16780,1.0000,1,0,1,1,+5.000,+0.747,+5.747,+0.00687,-12.682,+0.00000,0.00,+0.00000,0,+0.00000,+0.00000,0.00096,+4.105,0,35.6,35.6
6.741928,1,1,0.195000,0.195000,0.2400,-0.04500,1,1,1,-0.03653,+0.80102,0.19341,324.18,-0.01631,+0.81575,0.17136,1.0000,1,0,1,1,+5.000,+0.935,+5.935,+0.00710,-12.684,+0.00000,0.00,+0.00000,0,+0.00000,+0.00000,0.00090,+4.238,0,35.6,35.6
6.772587,1,1,0.195000,0.195000,0.2400,-0.04500,1,1,1,-0.03961,+0.79512,0.19791,323.12,-0.01941,+0.81301,0.17489,1.0000,1,0,1,1,+5.000,+1.112,+6.112,+0.00732,-12.686,+0.00000,0.00,+0.00000,0,+0.00000,+0.00000,0.00091,+4.362,0,35.6,35.6
6.802914,1,1,0.195000,0.195000,0.2400,-0.04500,1,1,1,-0.04593,+0.78830,0.20230,321.89,-0.02290,+0.80976,0.17850,1.0000,1,0,1,1,+5.000,+1.312,+6.312,+0.00757,-12.689,+0.00000,0.00,+0.00000,0,+0.00000,+0.00000,0.00104,+4.501,0,35.6,35.6
6.833586,1,1,0.195000,0.195000,0.2400,-0.04500,1,1,1,-0.05167,+0.78101,0.20831,320.58,-0.02673,+0.80593,0.18246,1.0000,1,0,1,1,+5.000,+1.531,+6.531,+0.00790,-12.691,+0.00000,0.00,+0.00000,0,+0.00000,+0.00000,0.00110,+4.643,0,35.6,35.6
6.869258,1,1,0.195000,0.195000,0.2400,-0.04500,1,1,1,-0.05455,+0.77433,0.21495,319.38,-0.03094,+0.80115,0.18738,1.0000,1,0,1,1,+5.000,+1.773,+6.773,+0.00820,-12.694,-0.00000,0.00,+0.00000,0,+0.00000,+0.00000,0.00134,+4.812,0,35.6,35.6
6.900119,1,1,0.195000,0.195000,0.2400,-0.04500,1,1,1,-0.05455,+0.77433,0.21495,319.38,-0.03409,+0.79757,0.19107,1.0000,1,0,1,1,+5.000,+1.953,+6.953,+0.00828,-12.697,+0.00000,0.00,+0.00000,0,+0.00000,+0.00000,0.00134,+4.970,0,35.6,35.6
6.931851,1,1,0.195000,0.195000,0.2400,-0.04500,1,1,1,-0.06802,+0.74630,0.23101,314.33,-0.03874,+0.79055,0.19654,1.0000,1,0,1,1,+5.000,+2.220,+7.220,+0.00864,-12.700,-0.00000,0.00,+0.00000,0,+0.00000,+0.00000,0.00173,+5.150,0,35.6,35.6
6.963375,1,1,0.195000,0.195000,0.2400,-0.04500,1,1,1,-0.06802,+0.74630,0.23101,314.33,-0.04273,+0.78452,0.20123,1.0000,1,0,1,1,+5.000,+2.448,+7.448,+0.00897,-12.703,+0.00000,0.00,+0.00000,0,+0.00000,+0.00000,0.00173,+5.303,0,35.6,35.6
6.998164,1,1,0.195000,0.195000,0.2400,-0.04500,1,1,1,-0.07670,+0.73305,0.24438,311.95,-0.04776,+0.77689,0.20762,1.0000,1,0,1,1,+5.000,+2.736,+7.736,+0.00937,-12.707,+0.00000,0.00,+0.00000,0,+0.00000,+0.00000,0.00191,+5.495,0,35.6,35.6
7.033421,1,1,0.195000,0.195000,0.2400,-0.04500,1,1,1,-0.08185,+0.71802,0.25483,309.24,-0.05287,+0.76807,0.21470,1.0000,1,0,1,1,+5.000,+3.029,+8.029,+0.00975,-12.712,+0.00000,0.00,+0.00000,0,+0.00000,+0.00000,0.00202,+5.700,0,35.6,35.6
7.070881,1,1,0.195000,0.195000,0.2400,-0.04500,1,1,1,-0.09606,+0.68625,0.27756,303.52,-0.05968,+0.75516,0.22461,1.0000,1,0,1,1,+5.000,+3.420,+8.420,+0.01036,-12.717,+0.00000,0.00,+0.00000,0,+0.00000,+0.00000,0.00209,+5.945,0,35.6,35.6
7.110035,1,1,0.195000,0.195000,0.2400,-0.04500,1,1,1,-0.10703,+0.66226,0.29397,299.21,-0.06743,+0.73995,0.23597,1.0000,1,0,1,1,+5.000,+3.864,+8.864,+0.01133,-12.722,+0.00000,0.00,+0.00000,0,+0.00000,+0.00000,0.00198,+6.161,0,35.6,35.6
7.148637,1,1,0.195000,0.195000,0.2400,-0.04500,1,1,1,-0.11469,+0.64421,0.30666,295.96,-0.07508,+0.72446,0.24741,1.0000,1,0,1,1,+5.000,+4.302,+9.302,+0.01212,-12.728,+0.00000,0.00,+0.00000,0,+0.00000,+0.00000,0.00222,+6.414,0,31.9,31.9
7.191816,1,1,0.195734,0.195734,0.2400,-0.04427,1,1,1,-0.12535,+0.61710,0.32693,291.08,-0.08401,+0.70540,0.26153,1.0000,1,0,1,1,+5.000,+4.813,+9.813,+0.01283,-12.736,+0.00000,0.00,+0.00000,0,+0.00000,+0.00000,0.00224,+6.747,0,31.9,31.9
7.235440,1,1,0.207377,0.207377,0.2400,-0.03262,1,1,1,-0.13223,+0.59275,0.34323,286.70,-0.09264,+0.68523,0.27616,1.0000,1,0,1,1,+5.000,+5.308,+10.308,+0.01347,-12.745,+0.00000,0.00,+0.00000,0,+0.00000,+0.00000,0.00254,+7.088,0,31.9,31.9
7.279749,1,1,0.229590,0.229590,0.2400,-0.01041,1,1,1,-0.15791,+0.51664,0.38426,273.00,-0.10448,+0.65465,0.29576,1.0000,1,0,1,1,+5.000,+5.986,+10.986,+0.01485,-12.755,+0.00000,0.00,+0.00000,0,+0.00000,+0.00000,0.00598,+7.445,0,31.9,31.9
7.331581,1,1,0.254800,0.254800,0.2400,+0.01480,1,1,1,-0.17159,+0.46656,0.41544,263.98,-0.11829,+0.61594,0.32040,1.0000,1,0,1,1,+5.000,+6.778,+11.778,+0.01632,-12.767,-0.00008,0.00,+0.00000,0,+0.00000,+0.00000,0.01158,+7.890,0,31.9,31.9
7.396934,1,1,0.294012,0.294790,0.2400,+0.05479,1,1,1,-0.19939,+0.36577,0.47813,245.84,-0.13826,+0.55433,0.35924,1.0000,1,0,1,1,+5.000,+7.922,+12.922,+0.02307,-13.617,-0.00033,0.00,+0.00000,1,-0.12542,+0.00000,0.01784,+7.470,0,31.9,31.9
7.467647,1,1,0.336439,0.340000,0.2400,+0.10000,1,1,1,-0.23512,+0.23557,0.56489,222.40,-0.16356,+0.47106,0.41296,1.0000,1,0,1,1,+5.000,+9.371,+14.371,+0.03128,-14.232,-0.00007,0.00,+0.00000,1,-0.17353,+0.00000,0.02244,+7.021,0,31.9,31.9
7.562127,1,1,0.340000,0.340000,0.2400,+0.10000,1,1,0,+0.00000,+0.00000,0.00000,0.00,-0.16356,+0.47106,0.41296,1.0000,0,0,1,1,+5.000,+9.371,+14.371,+0.02783,-14.426,-0.00014,0.00,+0.00000,1,-0.23565,+0.00000,0.00866,+7.740,0,31.9,31.9
7.625569,1,1,0.340000,0.340000,0.2400,+0.10000,1,1,0,+0.00000,+0.00000,0.00000,0.00,-0.16356,+0.47106,0.41296,1.0000,0,0,1,1,+5.000,+9.371,+14.371,+0.02189,-14.470,+0.00042,0.00,+0.00000,1,-0.22653,+0.00000,0.00962,+9.003,0,31.9,31.9
7.684340,1,1,0.340000,0.340000,0.2400,+0.10000,1,1,0,+0.00000,+0.00000,0.00000,0.00,-0.16356,+0.47106,0.41296,1.0000,0,0,1,1,+5.000,+9.371,+14.371,+0.01712,-14.517,+0.00007,0.00,+0.00000,1,-0.29745,+0.00000,0.02074,+10.141,0,31.9,31.9
7.740569,1,1,0.340000,0.340000,0.2400,+0.10000,1,1,0,+0.00000,+0.00000,0.00000,0.00,-0.16356,+0.47106,0.41296,1.0000,0,0,1,1,+5.000,+9.371,+14.371,+0.01394,-14.553,-0.00004,0.00,+0.00000,0,+0.00000,+0.00000,0.06811,+10.940,0,31.9,31.9
7.816267,1,1,0.340000,0.340000,0.2400,+0.10000,1,1,0,+0.00000,+0.00000,0.00000,0.00,-0.16356,+0.47106,0.41296,1.0000,0,0,1,1,+5.000,+9.371,+14.371,-0.00160,-24.299,-9.70316,0.00,+0.00000,0,+0.00000,+0.00000,0.00000,+13.538,0,31.9,31.9
7.914704,1,1,0.337868,0.337868,0.2400,+0.09787,1,1,0,+0.00000,+0.00000,0.00000,0.00,-0.14887,+0.42875,0.37587,0.9102,0,0,1,1,+5.000,+8.530,+13.530,-0.00743,-25.577,-0.23971,0.00,+0.00000,0,+0.00000,+0.00000,0.00000,+14.967,0,31.9,31.9
8.014097,1,1,0.320225,0.320225,0.2400,+0.08022,1,1,0,+0.00000,+0.00000,0.00000,0.00,-0.12203,+0.35146,0.30811,0.7461,0,0,1,1,+5.000,+6.992,+11.992,-0.01539,-25.920,-0.05978,0.00,+0.00000,0,+0.00000,+0.00000,0.00086,+15.483,0,31.9,31.9
8.103173,1,1,0.307133,0.307133,0.2400,+0.06713,1,1,0,+0.00000,+0.00000,0.00000,0.00,-0.10212,+0.29411,0.25783,0.6243,0,0,1,1,+5.000,+5.851,+10.851,-0.01932,-26.161,-0.03909,0.00,+0.00000,0,+0.00000,+0.00000,0.00737,+15.324,0,31.9,31.9
8.187459,1,1,0.296719,0.296719,0.2400,+0.05672,1,1,0,+0.00000,+0.00000,0.00000,0.00,-0.08628,+0.24848,0.21783,0.5275,0,0,1,1,+5.000,+4.943,+9.943,-0.02016,-26.253,-0.02686,0.00,+0.00000,0,+0.00000,+0.00000,0.00939,+14.703,0,14.4,14.4
8.267224,1,1,0.288355,0.288355,0.2400,+0.04836,1,1,0,+0.00000,+0.00000,0.00000,0.00,-0.07356,+0.21184,0.18571,0.4497,0,0,1,1,+5.000,+4.214,+9.214,-0.01573,-25.074,-0.01845,0.00,+0.00000,1,-0.11703,+0.00000,0.04250,+13.011,0,14.4,14.4
8.338703,2,1,0.281914,0.281914,0.2400,+0.04191,1,1,0,+0.00000,+0.00000,0.00000,0.00,-0.06376,+0.18362,0.16097,0.3898,0,0,1,1,+5.000,+3.653,+8.653,-0.00366,-20.873,-0.01359,0.00,+0.00000,1,-0.09509,+0.00000,0.06177,+9.700,0,14.4,14.4
8.412382,2,1,0.276171,0.276171,0.2400,+0.03617,1,1,0,+0.00000,+0.00000,0.00000,0.00,-0.05502,+0.15846,0.13892,0.3364,0,0,1,1,+5.000,+3.153,+8.153,+0.00484,-17.479,-0.00998,0.00,+0.00000,1,-0.05698,+0.00000,0.05741,+7.203,0,14.4,14.4
8.481091,2,1,0.271527,0.271527,0.2400,+0.03153,1,1,0,+0.00000,+0.00000,0.00000,0.00,-0.04796,+0.13812,0.12108,0.2932,0,0,1,1,+5.000,+2.748,+7.748,+0.01024,-14.710,-0.00731,0.00,+0.00000,1,-0.03628,+0.33690,0.03632,+5.432,0,14.4,14.4
8.542825,2,1,0.267865,0.267865,0.2400,+0.02787,1,1,0,+0.00000,+0.00000,0.00000,0.00,-0.04239,+0.12207,0.10702,0.2591,0,0,1,1,+5.000,+2.429,+7.429,+0.01242,-12.666,-0.00556,0.00,+0.00000,1,-0.01324,+0.33486,0.02181,+4.522,0,14.4,14.4
8.603205,2,1,0.264695,0.264695,0.2400,+0.02470,1,1,0,+0.00000,+0.00000,0.00000,0.00,-0.03757,+0.10819,0.09484,0.2297,0,0,1,1,+5.000,+2.152,+7.152,+0.01300,-10.909,-0.00426,0.00,+0.00000,1,+0.01167,+0.33253,0.02222,+4.060,0,14.4,14.4
8.658111,2,1,0.262127,0.262127,0.2400,+0.02213,1,1,0,+0.00000,+0.00000,0.00000,0.00,-0.03366,+0.09694,0.08498,0.2058,0,0,1,1,+5.000,+1.928,+6.928,+0.01371,-9.416,-0.00339,0.00,+0.00000,1,+0.02159,+0.35056,0.02271,+3.654,0,14.4,14.4
8.713245,2,1,0.259817,0.259817,0.2400,+0.01982,1,1,0,+0.00000,+0.00000,0.00000,0.00,-0.03014,+0.08682,0.07611,0.1843,0,0,1,1,+5.000,+1.727,+6.727,+0.01387,-8.300,-0.00258,0.00,+0.00000,1,+0.04070,+0.37956,0.02336,+3.409,0,14.4,14.4
8.766348,2,1,0.257820,0.257820,0.2400,+0.01782,1,1,0,+0.00000,+0.00000,0.00000,0.00,-0.02711,+0.07807,0.06844,0.1657,0,0,1,1,+5.000,+1.553,+6.553,+0.01378,-7.307,-0.00208,0.00,+0.00000,1,+0.06095,+0.37801,0.02251,+3.247,0,14.4,14.4
8.815408,2,1,0.256155,0.256155,0.2400,+0.01615,1,1,0,+0.00000,+0.00000,0.00000,0.00,-0.02457,+0.07077,0.06204,0.1502,0,0,1,1,+5.000,+1.408,+6.408,+0.01387,-6.429,-0.00164,0.00,+0.00000,1,+0.07158,+0.39272,0.02187,+3.079,0,14.4,14.4
8.863659,2,1,0.254669,0.254669,0.2400,+0.01467,1,1,0,+0.00000,+0.00000,0.00000,0.00,-0.02231,+0.06426,0.05634,0.1364,0,0,1,1,+5.000,+1.278,+6.278,+0.01378,-5.774,-0.00137,0.00,+0.00000,1,+0.09125,+0.41504,0.02033,+2.972,0,14.4,14.4
8.910909,2,1,0.253346,0.253346,0.2400,+0.01335,1,1,0,+0.00000,+0.00000,0.00000,0.00,-0.02030,+0.05847,0.05126,0.1241,0,0,1,1,+5.000,+1.163,+6.163,+0.01415,-5.077,-0.00108,0.00,+0.00000,1,+0.11036,+0.42844,0.01977,+2.770,0,14.4,14.4
8.959977,2,1,0.252098,0.252098,0.2400,+0.01210,1,1,0,+0.00000,+0.00000,0.00000,0.00,-0.01840,+0.05300,0.04646,0.1125,0,0,1,1,+5.000,+1.054,+6.054,+0.01513,-4.466,-0.00086,0.00,+0.00000,1,+0.12524,+0.45451,0.01944,+2.437,0,14.4,14.4
9.004614,2,1,0.276076,0.276076,0.2400,+0.03608,1,1,1,+0.53422,-0.07559,0.58423,166.39,+0.08243,+0.02954,0.14459,1.0000,1,0,1,1,+5.000,-4.723,+0.277,-0.00939,-4.002,-0.00071,0.00,+0.00000,1,+0.21856,+0.46284,0.01836,+2.274,0,14.4,14.4
9.104470,2,1,0.295307,0.295307,0.2400,+0.05531,1,1,1,+0.54662,-0.06963,0.56876,167.47,+0.23701,-0.00349,0.28584,1.0000,1,0,1,1,+5.000,-11.000,-6.000,-0.03522,-3.126,-0.00048,0.00,+0.00000,1,+0.27751,+0.46177,0.01752,+1.906,0,14.4,14.4
9.195651,2,1,0.289343,0.289343,0.2400,+0.04934,1,1,1,+0.64435,-0.03854,0.49892,173.06,+0.36457,-0.01446,0.35257,1.0000,1,0,1,1,+5.000,-11.000,-6.000,-0.02676,-2.374,-0.00031,0.00,+0.00000,1,+0.31885,+0.60024,0.01219,+0.300,0,15.9,15.9
9.273804,2,1,0.286504,0.286504,0.2400,+0.04650,1,1,1,+0.67638,-0.04934,0.47206,171.12,+0.45218,-0.02426,0.38614,1.0000,1,0,1,1,+5.000,-11.000,-6.000,-0.01667,-2.058,-0.00022,0.00,+0.00000,1,+0.57399,+0.37025,0.01410,-1.815,0,15.9,15.9
9.344102,2,1,0.285076,0.285076,0.2400,+0.04508,1,1,1,+0.69319,-0.05849,0.45718,169.47,+0.51486,-0.03316,0.40462,1.0000,1,0,1,1,+5.000,-11.000,-6.000,-0.01121,-1.830,-0.00017,0.00,+0.00000,1,+0.67103,+0.28483,0.01408,-3.149,0,15.9,15.9
9.412202,2,1,0.284393,0.284393,0.2400,+0.04439,1,1,1,+0.74258,-0.06710,0.41929,167.92,+0.57270,-0.04178,0.40834,1.0000,1,0,1,1,+5.000,-11.000,-6.000,-0.00792,-1.470,-0.00012,0.00,+0.00000,1,+0.50718,+0.00000,0.01506,-4.009,0,15.9,15.9
9.475178,2,1,0.281719,0.281719,0.2400,+0.04172,1,1,1,+0.77869,-0.06568,0.39229,168.18,+0.62203,-0.04751,0.40450,1.0000,1,0,1,1,+5.000,-11.000,-6.000,-0.00587,-1.169,-0.00009,0.00,+0.00000,1,+0.49469,+0.00000,0.01611,-4.536,0,15.9,15.9
9.536652,2,1,0.276771,0.276771,0.2400,+0.03677,1,1,1,+0.81557,-0.05922,0.36477,169.34,+0.66753,-0.05026,0.39516,1.0000,1,0,1,1,+5.000,-11.000,-6.000,-0.00452,-0.913,-0.00007,0.00,+0.00000,1,+0.52194,+0.00000,0.01748,-4.878,0,15.9,15.9
9.587871,2,1,0.271277,0.271277,0.2400,+0.03128,1,1,1,+0.83456,-0.05180,0.35150,170.68,+0.70159,-0.05058,0.38626,1.0000,1,0,1,1,+5.000,-11.000,-6.000,-0.00361,-0.725,-0.00006,0.00,+0.00000,1,+0.53742,+0.00000,0.01721,-5.108,0,15.9,15.9
9.642809,2,1,0.264356,0.264356,0.2400,+0.02436,1,1,1,+0.87867,-0.04275,0.32289,172.31,+0.73975,-0.04889,0.37260,1.0000,1,0,1,1,+5.000,-11.000,-6.000,-0.00248,-0.576,-0.00004,0.00,+0.00000,1,+0.56474,+0.00000,0.01691,-5.382,0,15.9,15.9
9.692435,2,1,0.259928,0.259928,0.2400,+0.01993,1,1,1,+0.89492,-0.04395,0.31027,172.09,+0.77060,-0.04791,0.36021,1.0000,1,0,1,1,+5.000,-11.000,-6.000,-0.00126,-0.455,-0.00004,0.00,+0.00000,1,+0.57188,+0.00000,0.01634,-5.669,0,15.9,15.9
9.736573,2,1,0.256968,0.256968,0.2400,+0.01697,1,1,1,+0.91243,-0.04444,0.28257,172.00,+0.79624,-0.04728,0.34617,1.0000,1,0,1,1,+5.000,-11.000,-6.000,-0.00065,-0.355,-0.00003,0.00,+0.00000,1,+0.58368,+0.00000,0.01533,-5.824,0,15.9,15.9
9.782890,2,1,0.256669,0.256669,0.2400,+0.01667,1,1,1,+0.93778,-0.05393,0.22676,170.29,+0.82285,-0.04853,0.32372,1.0000,1,0,1,1,+5.000,-11.000,-6.000,-0.00014,-0.264,-0.00002,0.00,+0.00000,1,+0.61635,+0.00000,0.01405,-5.951,0,15.9,15.9
9.824338,2,1,0.262626,0.262626,0.2400,+0.02263,1,1,1,+0.95330,-0.08500,0.19116,164.70,+0.84525,-0.05479,0.30096,1.0000,1,0,1,1,+5.000,-11.000,-6.000,+0.00032,-0.201,-0.00002,0.00,+0.00000,1,+0.64261,+0.00000,0.01295,-6.063,0,15.9,15.9
9.858664,2,1,0.271213,0.271213,0.2400,+0.03121,1,1,1,+0.96481,-0.11387,0.16207,159.50,+0.86276,-0.06344,0.28062,1.0000,1,0,1,1,+5.000,-11.000,-6.000,+0.00047,-0.134,-0.00002,0.00,+0.00000,1,+0.67297,+0.00000,0.01179,-6.103,0,15.9,15.9
9.891906,2,1,0.291158,0.298967,0.2400,+0.05897,1,1,1,+0.97651,-0.23863,0.10556,137.05,+0.87897,-0.08841,0.25567,1.0000,1,0,1,1,+5.000,-11.000,-6.000,+0.00067,-0.078,-0.00002,0.00,+0.00000,1,+0.70818,+0.00000,0.01053,-6.154,0,15.9,15.9
9.920850,2,1,0.308524,0.334047,0.2400,+0.09405,1,1,1,+0.98479,-0.34584,0.06261,117.75,+0.89235,-0.12096,0.23126,1.0000,1,0,1,1,+5.000,-11.000,-6.000,+0.00072,-0.024,-0.00001,0.00,+0.00000,1,+0.73637,+0.00000,0.00990,-6.168,0,15.9,15.9
9.949408,2,1,0.325659,0.334047,0.2400,+0.09405,1,1,1,+0.00104,+0.98148,0.02722,356.67,+0.89235,-0.12096,0.23126,1.0000,0,1,1,1,+5.000,-11.000,-6.000,+0.00060,+0.017,-0.00001,0.00,+0.00000,1,+0.75070,+0.00000,0.00896,-6.143,0,15.9,15.9
9.973954,2,1,0.334047,0.334047,0.2400,+0.09405,1,1,1,+0.00781,+0.98148,0.02722,356.67,+0.89235,-0.12096,0.23126,1.0000,0,1,1,1,+5.000,-11.000,-6.000,+0.00075,+0.022,-0.00001,0.00,+0.00000,1,+0.75894,+0.00000,0.00861,-6.177,0,15.9,15.9
10.002039,2,1,0.334047,0.334047,0.2400,+0.09405,1,1,1,+0.01108,+0.98131,0.02606,356.64,+0.89235,-0.12096,0.23126,1.0000,0,1,1,1,+5.000,-11.000,-6.000,+0.00073,+0.031,-0.00001,0.00,+0.00000,1,+0.77572,+0.00000,0.00803,-6.172,0,15.9,15.9
10.028258,2,1,0.334047,0.334047,0.2400,+0.09405,1,1,1,+0.01815,+0.98254,0.02546,356.86,+0.89235,-0.12096,0.23126,1.0000,0,1,1,1,+5.000,-11.000,-6.000,+0.00069,+0.031,-0.00001,0.00,+0.00000,1,+0.78531,+0.00000,0.00793,-6.163,0,15.9,15.9
10.055782,2,1,0.334047,0.334047,0.2400,+0.09405,1,1,1,+0.01815,+0.98254,0.02546,356.86,+0.89235,-0.12096,0.23126,1.0000,0,1,1,1,+5.000,-11.000,-6.000,+0.00064,+0.031,-0.00001,0.00,+0.00000,1,+0.78531,+0.00000,0.00793,-6.153,0,15.9,15.9
10.081546,2,1,0.334047,0.334047,0.2400,+0.09405,1,1,1,+0.02237,+0.98304,0.02422,356.95,+0.89235,-0.12096,0.23126,1.0000,0,1,1,1,+5.000,-11.000,-6.000,+0.00060,+0.031,-0.00001,0.00,+0.00000,1,+0.79400,+0.00000,0.00722,-6.143,0,15.9,15.9
10.109217,2,1,0.334047,0.334047,0.2400,+0.09405,1,1,1,+0.02368,+0.98304,0.02422,356.95,+0.89235,-0.12096,0.23126,1.0000,0,1,1,1,+5.000,-11.000,-6.000,+0.00056,+0.031,-0.00001,0.00,+0.00000,1,+0.81095,+0.00000,0.00714,-6.134,0,15.9,15.9
10.136102,2,1,0.334047,0.334047,0.2400,+0.09405,1,1,1,+0.02847,+0.98272,0.02357,356.89,+0.89235,-0.12096,0.23126,1.0000,0,1,1,1,+5.000,-11.000,-6.000,+0.00052,+0.031,-0.00001,0.00,+0.00000,1,+0.82122,+0.00000,0.00646,-6.125,0,15.9,15.9
10.164308,2,1,0.334047,0.334047,0.2400,+0.09405,1,1,1,+0.02847,+0.98272,0.02357,356.89,+0.89235,-0.12096,0.23126,1.0000,0,1,1,1,+5.000,-11.000,-6.000,+0.00048,+0.031,-0.00000,0.00,+0.00000,1,+0.82122,+0.00000,0.00646,-6.116,0,15.9,15.9
10.191324,2,1,0.334047,0.334047,0.2400,+0.09405,1,1,1,+0.03393,+0.98333,0.02079,357.00,+0.89235,-0.12096,0.23126,1.0000,0,1,1,1,+5.000,-11.000,-6.000,+0.00044,+0.031,-0.00000,0.00,+0.00000,1,+0.84404,+0.00000,0.00611,-6.106,0,15.9,15.9
10.215791,2,1,0.334047,0.334047,0.2400,+0.09405,1,1,1,+0.03594,+0.98426,0.01925,357.17,+0.89235,-0.12096,0.23126,1.0000,0,1,1,1,+5.000,-11.000,-6.000,+0.00042,+0.031,-0.00000,0.00,+0.00000,1,+0.85617,+0.00000,0.00580,-6.101,0,24.5,24.5
10.238941,2,1,0.334047,0.334047,0.2400,+0.09405,1,1,0,+0.00000,+0.00000,0.00000,0.00,+0.89235,-0.12096,0.23126,1.0000,0,0,1,1,+5.000,-11.000,-6.000,+0.00039,+0.031,-0.00000,0.00,+0.00000,1,+0.87256,+0.00000,0.00554,-6.094,0,24.5,24.5
10.267575,2,1,0.334047,0.334047,0.2400,+0.09405,1,1,0,+0.00000,+0.00000,0.00000,0.00,+0.89235,-0.12096,0.23126,1.0000,0,0,1,1,+5.000,-11.000,-6.000,+0.00036,+0.031,-0.00000,0.00,+0.00000,1,+0.88950,+0.00000,0.00537,-6.087,0,24.5,24.5
10.292617,2,1,0.334047,0.334047,0.2400,+0.09405,1,1,0,+0.00000,+0.00000,0.00000,0.00,+0.89235,-0.12096,0.23126,1.0000,0,0,1,1,+5.000,-11.000,-6.000,+0.00033,+0.031,-0.00000,0.00,+0.00000,1,+0.91205,+0.00000,0.00512,-6.080,0,24.5,24.5
10.319132,2,1,0.334047,0.334047,0.2400,+0.09405,1,1,0,+0.00000,+0.00000,0.00000,0.00,+0.89235,-0.12096,0.23126,1.0000,0,0,1,1,+5.000,-11.000,-6.000,+0.00031,+0.031,-0.00000,0.00,+0.00000,1,+0.91205,+0.00000,0.00512,-6.075,0,24.5,24.5
10.344778,2,1,0.329652,0.329652,0.2400,+0.08965,1,1,0,+0.00000,+0.00000,0.00000,0.00,+0.85065,-0.11531,0.22045,0.9533,0,0,1,1,+5.000,-11.000,-6.000,+0.00029,+0.031,-0.00000,0.00,+0.00000,0,+0.00000,+0.00000,0.00488,-6.069,0,24.5,24.5
10.370842,2,1,0.325099,0.325099,0.2400,+0.08510,1,1,0,+0.00000,+0.00000,0.00000,0.00,+0.80745,-0.10945,0.20926,0.9049,0,0,1,1,+5.000,-11.000,-6.000,+0.00027,+0.031,-0.00000,0.00,+0.00000,0,+0.00000,+0.00000,0.00539,-6.064,0,24.5,24.5
10.394127,2,1,0.321226,0.321226,0.2400,+0.08123,1,1,0,+0.00000,+0.00000,0.00000,0.00,+0.77071,-0.10447,0.19973,0.8637,0,0,1,1,+5.000,-11.000,-6.000,+0.00025,+0.031,-0.00000,0.00,+0.00000,0,+0.00000,+0.00000,0.00605,-6.059,0,24.5,24.5
10.420243,2,1,0.317093,0.317093,0.2400,+0.07709,1,1,0,+0.00000,+0.00000,0.00000,0.00,+0.73148,-0.09915,0.18957,0.8197,0,0,1,1,+5.000,-11.000,-6.000,+0.00023,+0.031,-0.00000,0.00,+0.00000,0,+0.00000,+0.00000,0.00605,-6.055,0,24.5,24.5
10.445918,2,1,0.313234,0.313234,0.2400,+0.07323,1,1,0,+0.00000,+0.00000,0.00000,0.00,+0.69487,-0.09419,0.18008,0.7787,0,0,1,1,+5.000,-11.000,-6.000,+0.00021,+0.031,-0.00000,0.00,+0.00000,0,+0.00000,+0.00000,0.00652,-6.051,0,24.5,24.5
10.471508,2,1,0.309580,0.309580,0.2400,+0.06958,1,1,0,+0.00000,+0.00000,0.00000,0.00,+0.66020,-0.08949,0.17110,0.7398,0,0,1,1,+5.000,-11.000,-6.000,+0.00019,+0.031,-0.00000,0.00,+0.00000,0,+0.00000,+0.00000,0.00731,-6.047,0,24.5,24.5
10.496365,2,1,0.306206,0.306206,0.2400,+0.06621,1,1,0,+0.00000,+0.00000,0.00000,0.00,+0.62818,-0.08515,0.16280,0.7040,0,0,1,1,+5.000,-11.000,-6.000,+0.00018,+0.030,-0.00000,0.00,+0.00000,0,+0.00000,+0.00000,0.00672,-6.043,0,24.5,24.5
10.522416,2,1,0.302844,0.302844,0.2400,+0.06284,1,1,0,+0.00000,+0.00000,0.00000,0.00,+0.59629,-0.08083,0.15453,0.6682,0,0,1,1,+5.000,-11.000,-6.000,+0.00025,+0.041,-0.00000,0.00,+0.00000,0,+0.00000,+0.00000,0.00672,-6.059,0,24.5,24.5
10.548849,2,1,0.299608,0.299608,0.2400,+0.05961,1,1,0,+0.00000,+0.00000,0.00000,0.00,+0.56559,-0.07666,0.14658,0.6338,0,0,1,1,+5.000,-11.000,-6.000,+0.00066,+0.076,-0.00000,0.00,+0.00000,0,+0.00000,+0.00000,0.00623,-6.153,0,24.5,24.5
10.574403,2,1,0.296638,0.296638,0.2400,+0.05664,1,1,0,+0.00000,+0.00000,0.00000,0.00,+0.53741,-0.07284,0.13927,0.6022,0,0,1,1,+5.000,-11.000,-6.000,+0.00096,+0.101,-0.00000,0.00,+0.00000,0,+0.00000,+0.00000,0.00540,-6.222,0,24.5,24.5
10.599921,2,1,0.293820,0.293820,0.2400,+0.05382,1,1,0,+0.00000,+0.00000,0.00000,0.00,+0.51067,-0.06922,0.13234,0.5723,0,0,1,1,+5.000,-11.000,-6.000,+0.00123,+0.126,-0.00000,0.00,+0.00000,0,+0.00000,+0.00000,0.00472,-6.288,0,24.5,24.5
10.626156,2,1,0.291069,0.291069,0.2400,+0.05107,1,1,0,+0.00000,+0.00000,0.00000,0.00,+0.48456,-0.06568,0.12558,0.5430,0,0,1,1,+5.000,-11.000,-6.000,+0.00143,+0.152,-0.00000,0.00,+0.00000,0,+0.00000,+0.00000,0.00472,-6.338,0,24.5,24.5
10.652310,2,1,0.288467,0.288467,0.2400,+0.04847,1,1,0,+0.00000,+0.00000,0.00000,0.00,+0.45987,-0.06233,0.11918,0.5153,0,0,1,1,+5.000,-11.000,-6.000,+0.00160,+0.179,-0.00000,0.00,+0.00000,0,+0.00000,+0.00000,0.00423,-6.379,0,24.5,24.5
10.678591,2,1,0.285985,0.285985,0.2400,+0.04598,1,1,0,+0.00000,+0.00000,0.00000,0.00,+0.43632,-0.05914,0.11308,0.4890,0,0,1,1,+5.000,-11.000,-6.000,+0.00188,+0.199,-0.00000,0.00,+0.00000,0,+0.00000,+0.00000,0.00345,-6.447,0,24.5,24.5
10.706583,2,1,0.283481,0.283481,0.2400,+0.04348,1,1,0,+0.00000,+0.00000,0.00000,0.00,+0.41257,-0.05592,0.10692,0.4623,0,0,1,1,+5.000,-11.000,-6.000,+0.00217,+0.218,-0.00000,0.00,+0.00000,0,+0.00000,+0.00000,0.00232,-6.513,0,24.5,24.5
10.732724,2,1,0.281266,0.281266,0.2400,+0.04127,1,1,0,+0.00000,+0.00000,0.00000,0.00,+0.39155,-0.05307,0.10147,0.4388,0,0,1,1,+5.000,-11.000,-6.000,+0.00254,+0.231,-0.00000,0.00,+0.00000,0,+0.00000,+0.00000,0.00128,-6.601,0,24.5,24.5
10.759340,2,1,0.279127,0.279127,0.2400,+0.03913,1,1,0,+0.00000,+0.00000,0.00000,0.00,+0.37125,-0.05032,0.09621,0.4160,0,0,1,1,+5.000,-11.000,-6.000,+0.00299,+0.239,-0.00000,0.00,+0.00000,0,+0.00000,+0.00000,0.00128,-6.706,0,24.5,24.5
10.783457,2,1,0.277285,0.277285,0.2400,+0.03728,1,1,0,+0.00000,+0.00000,0.00000,0.00,+0.35377,-0.04795,0.09168,0.3964,0,0,1,1,+5.000,-11.000,-6.000,+0.00326,+0.255,-0.00000,0.00,+0.00000,0,+0.00000,+0.00000,0.00043,-6.774,0,24.5,24.5
10.808032,2,1,0.275496,0.275496,0.2400,+0.03550,1,1,0,+0.00000,+0.00000,0.00000,0.00,+0.33680,-0.04565,0.08728,0.3774,0,0,1,1,+5.000,-11.000,-6.000,+0.00354,+0.269,-0.00000,0.00,+0.00000,0,+0.00000,+0.00000,0.00000,-6.841,0,24.5,24.5
10.832170,2,1,0.273823,0.273823,0.2400,+0.03382,1,1,0,+0.00000,+0.00000,0.00000,0.00,+0.32093,-0.04350,0.08317,0.3596,0,0,1,1,+5.000,-11.000,-6.000,+0.00369,+0.278,-0.00000,0.00,+0.00000,0,+0.00000,+0.00000,0.00000,-6.879,0,24.5,24.5
10.856964,2,1,0.272187,0.272187,0.2400,+0.03219,1,1,0,+0.00000,+0.00000,0.00000,0.00,+0.30540,-0.04140,0.07915,0.3422,0,0,1,1,+5.000,-11.000,-6.000,+0.00393,+0.291,-0.00000,0.00,+0.00000,0,+0.00000,+0.00000,0.00000,-6.937,0,24.5,24.5
10.881029,2,1,0.270675,0.270675,0.2400,+0.03067,1,1,0,+0.00000,+0.00000,0.00000,0.00,+0.29105,-0.03945,0.07543,0.3262,0,0,1,1,+5.000,-11.000,-6.000,+0.00418,+0.304,-0.00000,0.00,+0.00000,0,+0.00000,+0.00000,0.00000,-6.996,0,24.5,24.5
10.906193,2,1,0.269169,0.269169,0.2400,+0.02917,1,1,0,+0.00000,+0.00000,0.00000,0.00,+0.27677,-0.03752,0.07173,0.3102,0,0,1,1,+5.000,-11.000,-6.000,+0.00437,+0.318,-0.00000,0.00,+0.00000,0,+0.00000,+0.00000,0.00000,-7.042,0,24.5,24.5
10.930390,2,1,0.267791,0.267791,0.2400,+0.02779,1,1,0,+0.00000,+0.00000,0.00000,0.00,+0.26369,-0.03574,0.06834,0.2955,0,0,1,1,+5.000,-11.000,-6.000,+0.00456,+0.331,-0.00000,0.00,+0.00000,0,+0.00000,+0.00000,0.00000,-7.089,0,24.5,24.5
10.953627,2,1,0.266529,0.266529,0.2400,+0.02653,1,1,0,+0.00000,+0.00000,0.00000,0.00,+0.25172,-0.03412,0.06523,0.2821,0,0,1,1,+5.000,-11.000,-6.000,+0.00490,+0.335,-0.00000,0.00,+0.00000,0,+0.00000,+0.00000,0.00000,-7.168,0,24.5,24.5
10.975777,2,1,0.265379,0.265379,0.2400,+0.02538,1,1,0,+0.00000,+0.00000,0.00000,0.00,+0.24081,-0.03264,0.06241,0.2699,0,0,1,1,+5.000,-11.000,-6.000,+0.00506,+0.340,-0.00000,0.00,+0.00000,0,+0.00000,+0.00000,0.00000,-7.208,0,24.5,24.5
10.998063,2,1,0.264273,0.264273,0.2400,+0.02427,1,1,0,+0.00000,+0.00000,0.00000,0.00,+0.23031,-0.03122,0.05969,0.2581,0,0,1,1,+5.000,-11.000,-6.000,+0.00543,+0.341,-0.00000,0.00,+0.00000,0,+0.00000,+0.00000,0.00000,-7.297,0,24.5,24.5
11.022046,2,1,0.263136,0.263136,0.2400,+0.02314,1,1,0,+0.00000,+0.00000,0.00000,0.00,+0.21953,-0.02976,0.05689,0.2460,0,0,1,1,+5.000,-11.000,-6.000,+0.00561,+0.351,-0.00000,0.00,+0.00000,0,+0.00000,+0.00000,0.00000,-7.341,0,24.5,24.5
11.047518,2,1,0.261987,0.261987,0.2400,+0.02199,1,1,0,+0.00000,+0.00000,0.00000,0.00,+0.20862,-0.02828,0.05407,0.2338,0,0,1,1,+5.000,-11.000,-6.000,+0.00583,+0.350,-0.00000,0.00,+0.00000,0,+0.00000,+0.00000,0.00000,-7.394,0,24.5,24.5
11.071445,2,1,0.260960,0.260960,0.2400,+0.02096,1,1,0,+0.00000,+0.00000,0.00000,0.00,+0.19887,-0.02696,0.05154,0.2229,0,0,1,1,+5.000,-11.000,-6.000,+0.00598,+0.360,-0.00000,0.00,+0.00000,0,+0.00000,+0.00000,0.00000,-7.430,0,24.5,24.5
11.094627,2,1,0.260010,0.260010,0.2400,+0.02001,1,1,0,+0.00000,+0.00000,0.00000,0.00,+0.18986,-0.02574,0.04920,0.2128,0,0,1,1,+5.000,-10.878,-5.878,+0.00667,+0.367,-0.00000,0.00,+0.00000,0,+0.00000,+0.00000,0.00000,-7.469,0,24.5,24.5
11.119071,2,1,0.259055,0.259055,0.2400,+0.01906,1,1,0,+0.00000,+0.00000,0.00000,0.00,+0.18080,-0.02451,0.04686,0.2026,0,0,1,1,+5.000,-10.359,-5.359,+0.00904,+0.378,-0.00000,0.00,+0.00000,0,+0.00000,+0.00000,0.00000,-7.495,0,24.5,24.5
11.141872,2,1,0.258206,0.258206,0.2400,+0.01821,1,1,0,+0.00000,+0.00000,0.00000,0.00,+0.17275,-0.02342,0.04477,0.1936,0,0,1,1,+5.000,-9.898,-4.898,+0.01113,+0.383,-0.00000,0.00,+0.00000,0,+0.00000,+0.00000,0.00000,-7.517,0,24.5,24.5
11.166925,2,1,0.257316,0.257316,0.2400,+0.01732,1,1,0,+0.00000,+0.00000,0.00000,0.00,+0.16430,-0.02227,0.04258,0.1841,0,0,1,1,+5.000,-9.414,-4.414,+0.01323,+0.388,-0.00000,0.00,+0.00000,0,+0.00000,+0.00000,0.00000,-7.535,0,24.5,24.5
11.190621,2,1,0.256515,0.256515,0.2400,+0.01651,1,1,0,+0.00000,+0.00000,0.00000,0.00,+0.15670,-0.02124,0.04061,0.1756,0,0,1,1,+5.000,-8.978,-3.978,+0.01508,+0.391,+0.00000,0.00,+0.00000,0,+0.00000,+0.00000,0.00000,-7.537,0,24.5,24.5
11.216178,2,1,0.255692,0.255692,0.2400,+0.01569,1,1,0,+0.00000,+0.00000,0.00000,0.00,+0.14889,-0.02018,0.03859,0.1669,0,0,1,1,+5.000,-8.531,-3.531,+0.01665,+0.394,+0.00000,0.00,+0.00000,0,+0.00000,+0.00000,0.00000,-7.492,0,40.0,40.0
11.239546,2,1,0.254975,0.254975,0.2400,+0.01498,1,1,0,+0.00000,+0.00000,0.00000,0.00,+0.14209,-0.01926,0.03682,0.1592,0,0,1,1,+5.000,-8.141,-3.141,+0.01804,+0.400,+0.00000,0.00,+0.00000,0,+0.00000,+0.00000,0.00000,-7.431,0,40.0,40.0
11.263126,2,1,0.254285,0.254285,0.2400,+0.01429,1,1,0,+0.00000,+0.00000,0.00000,0.00,+0.13555,-0.01837,0.03513,0.1519,0,0,1,1,+5.000,-7.766,-2.766,+0.01928,+0.407,+0.00000,0.00,+0.00000,0,+0.00000,+0.00000,0.00000,-7.358,0,40.0,40.0
11.287823,2,1,0.253597,0.253597,0.2400,+0.01360,1,1,0,+0.00000,+0.00000,0.00000,0.00,+0.12901,-0.01749,0.03343,0.1446,0,0,1,1,+5.000,-7.392,-2.392,+0.02031,+0.411,+0.00000,0.00,+0.00000,0,+0.00000,+0.00000,0.00000,-7.238,0,40.0,40.0
11.311106,2,1,0.252978,0.252978,0.2400,+0.01298,1,1,0,+0.00000,+0.00000,0.00000,0.00,+0.12314,-0.01669,0.03191,0.1380,0,0,1,1,+5.000,-7.056,-2.056,+0.02131,+0.412,+0.00000,0.00,+0.00000,0,+0.00000,+0.00000,0.00000,-7.146,0,40.0,40.0
11.336476,2,1,0.252336,0.252336,0.2400,+0.01234,1,1,0,+0.00000,+0.00000,0.00000,0.00,+0.11705,-0.01587,0.03033,0.1312,0,0,1,1,+5.000,-6.707,-1.707,+0.02221,+0.414,+0.00000,0.00,+0.00000,0,+0.00000,+0.00000,0.00000,-7.013,0,40.0,40.0
11.360951,2,1,0.251747,0.251747,0.2400,+0.01175,1,1,0,+0.00000,+0.00000,0.00000,0.00,+0.11146,-0.01511,0.02889,0.1249,0,0,1,1,+5.000,-6.386,-1.386,+0.02326,+0.415,+0.00000,0.00,+0.00000,0,+0.00000,+0.00000,0.00000,-6.938,0,40.0,40.0
11.387613,2,1,0.251137,0.251137,0.2400,+0.01114,1,1,0,+0.00000,+0.00000,0.00000,0.00,+0.10567,-0.01432,0.02739,0.1184,0,0,1,1,+5.000,-6.055,-1.055,+0.02388,+0.420,-0.00000,0.00,+0.00000,0,+0.00000,+0.00000,0.00000,-6.762,0,40.0,40.0
11.411900,2,1,0.250609,0.250609,0.2400,+0.01061,1,1,0,+0.00000,+0.00000,0.00000,0.00,+0.10066,-0.01364,0.02609,0.1128,0,0,1,1,+5.000,-5.767,-0.767,+0.02449,+0.424,-0.00000,0.00,+0.00000,0,+0.00000,+0.00000,0.00000,-6.627,0,40.0,40.0
11.434645,2,1,0.250137,0.250137,0.2400,+0.01014,1,1,0,+0.00000,+0.00000,0.00000,0.00,+0.09618,-0.01304,0.02493,0.1078,0,0,1,1,+5.000,-5.511,-0.511,+0.02488,+0.428,+0.00000,0.00,+0.00000,0,+0.00000,+0.00000,0.00000,-6.468,0,40.0,40.0
11.458882,2,1,0.249657,0.249657,0.2400,+0.00966,1,1,0,+0.00000,+0.00000,0.00000,0.00,+0.09163,-0.01242,0.02375,0.1027,0,0,1,1,+5.000,-5.250,-0.250,+0.02534,+0.428,+0.00000,0.00,+0.00000,0,+0.00000,+0.00000,0.00000,-6.323,0,40.0,40.0
11.482250,2,1,0.249216,0.249216,0.2400,+0.00922,1,1,0,+0.00000,+0.00000,0.00000,0.00,+0.08745,-0.01185,0.02266,0.0980,0,0,1,1,+5.000,-5.010,-0.010,+0.02583,+0.430,+0.00000,0.00,+0.00000,0,+0.00000,+0.00000,0.00000,-6.199,0,40.0,40.0
11.508590,2,1,0.248744,0.248744,0.2400,+0.00874,1,1,0,+0.00000,+0.00000,0.00000,0.00,+0.08296,-0.01125,0.02150,0.0930,0,0,1,1,+5.000,-4.753,+0.247,+0.02633,+0.433,+0.00000,0.00,+0.00000,0,+0.00000,+0.00000,0.00000,-6.062,0,40.0,40.0
11.534668,2,1,0.248299,0.248299,0.2400,+0.00830,1,1,0,+0.00000,+0.00000,0.00000,0.00,+0.07875,-0.01067,0.02041,0.0882,0,0,1,1,+5.000,-4.512,+0.488,+0.02633,+0.435,+0.00000,0.00,+0.00000,0,+0.00000,+0.00000,0.00000,-5.825,0,40.0,40.0
11.562043,2,1,0.247857,0.247857,0.2400,+0.00786,1,1,0,+0.00000,+0.00000,0.00000,0.00,+0.07455,-0.01011,0.01932,0.0835,0,0,1,1,+5.000,-4.271,+0.729,+0.02661,+0.437,+0.00000,0.00,+0.00000,0,+0.00000,+0.00000,0.00000,-5.655,0,40.0,40.0
11.587675,2,1,0.247464,0.247464,0.2400,+0.00746,1,1,0,+0.00000,+0.00000,0.00000,0.00,+0.07082,-0.00960,0.01835,0.0794,0,0,1,1,+5.000,-4.058,+0.942,+0.02670,+0.436,+0.00000,0.00,+0.00000,0,+0.00000,+0.00000,0.00000,-5.464,0,40.0,40.0
11.611778,2,1,0.247113,0.247113,0.2400,+0.00711,1,1,0,+0.00000,+0.00000,0.00000,0.00,+0.06749,-0.00915,0.01749,0.0756,0,0,1,1,+5.000,-3.867,+1.133,+0.02685,+0.439,+0.00000,0.00,+0.00000,0,+0.00000,+0.00000,0.00000,-5.309,0,40.0,40.0
11.634859,2,1,0.246792,0.246792,0.2400,+0.00679,1,1,0,+0.00000,+0.00000,0.00000,0.00,+0.06445,-0.00874,0.01670,0.0722,0,0,1,1,+5.000,-3.693,+1.307,+0.02705,+0.441,+0.00000,0.00,+0.00000,0,+0.00000,+0.00000,0.00000,-5.183,0,40.0,40.0
11.658128,2,1,0.246483,0.246483,0.2400,+0.00648,1,1,0,+0.00000,+0.00000,0.00000,0.00,+0.06152,-0.00834,0.01594,0.0689,0,0,1,1,+5.000,-3.525,+1.475,+0.02750,+0.442,+0.00000,0.00,+0.00000,0,+0.00000,+0.00000,0.00000,-5.121,0,40.0,40.0
11.683639,2,1,0.246161,0.246161,0.2400,+0.00616,1,1,0,+0.00000,+0.00000,0.00000,0.00,+0.05846,-0.00792,0.01515,0.0655,0,0,1,1,+5.000,-3.349,+1.651,+0.02784,+0.441,+0.00000,0.00,+0.00000,0,+0.00000,+0.00000,0.00000,-5.027,0,40.0,40.0
11.709225,2,1,0.245854,0.245854,0.2400,+0.00585,1,1,0,+0.00000,+0.00000,0.00000,0.00,+0.05554,-0.00753,0.01439,0.0622,0,0,1,1,+5.000,-3.182,+1.818,+0.02660,+0.441,-0.00000,0.00,+0.00000,0,+0.00000,+0.00000,0.00000,-4.578,0,40.0,40.0
11.732715,2,1,0.245585,0.245585,0.2400,+0.00558,1,1,0,+0.00000,+0.00000,0.00000,0.00,+0.05299,-0.00718,0.01373,0.0594,0,0,1,1,+5.000,-3.036,+1.964,+0.02592,+0.440,+0.00000,0.00,+0.00000,0,+0.00000,+0.00000,0.00000,-4.281,0,40.0,40.0
11.756281,2,1,0.245328,0.245328,0.2400,+0.00533,1,1,0,+0.00000,+0.00000,0.00000,0.00,+0.05055,-0.00685,0.01310,0.0567,0,0,1,1,+5.000,-2.896,+2.104,+0.02455,+0.440,+0.00000,0.00,+0.00000,0,+0.00000,+0.00000,0.00000,-3.823,0,40.0,40.0
11.781834,2,1,0.245062,0.245062,0.2400,+0.00506,1,1,0,+0.00000,+0.00000,0.00000,0.00,+0.04803,-0.00651,0.01245,0.0538,0,0,1,1,+5.000,-2.752,+2.248,+0.02406,+0.437,+0.00000,0.00,+0.00000,0,+0.00000,+0.00000,0.00000,-3.551,0,40.0,40.0
11.803550,2,1,0.244847,0.244847,0.2400,+0.00485,1,1,0,+0.00000,+0.00000,0.00000,0.00,+0.04599,-0.00623,0.01192,0.0515,0,0,1,1,+5.000,-2.635,+2.365,+0.02331,+0.437,+0.00000,0.00,+0.00000,0,+0.00000,+0.00000,0.00000,-3.256,0,40.0,40.0
11.826977,2,1,0.244625,0.244625,0.2400,+0.00463,1,1,0,+0.00000,+0.00000,0.00000,0.00,+0.04389,-0.00595,0.01137,0.0492,0,0,1,1,+5.000,-2.515,+2.485,+0.02283,+0.436,+0.00000,0.00,+0.00000,0,+0.00000,+0.00000,0.00000,-3.014,0,40.0,40.0
11.850493,2,1,0.244413,0.244413,0.2400,+0.00441,1,1,0,+0.00000,+0.00000,0.00000,0.00,+0.04187,-0.00568,0.01085,0.0469,0,0,1,1,+5.000,-2.399,+2.601,+0.02250,+0.435,+0.00000,0.00,+0.00000,0,+0.00000,+0.00000,0.00000,-2.814,0,40.0,40.0
11.873085,2,1,0.244218,0.244218,0.2400,+0.00422,1,1,0,+0.00000,+0.00000,0.00000,0.00,+0.04002,-0.00542,0.01037,0.0448,0,0,1,1,+5.000,-2.293,+2.707,+0.02297,+0.433,+0.00000,0.00,+0.00000,0,+0.00000,+0.00000,0.00000,-2.811,0,40.0,40.0
11.897329,2,1,0.244018,0.244018,0.2400,+0.00402,1,1,0,+0.00000,+0.00000,0.00000,0.00,+0.03813,-0.00517,0.00988,0.0427,0,0,1,1,+5.000,-2.184,+2.816,+0.02315,+0.433,+0.00000,0.00,+0.00000,0,+0.00000,+0.00000,0.00000,-2.742,0,40.0,40.0
11.919155,2,1,0.243847,0.243847,0.2400,+0.00385,1,1,0,+0.00000,+0.00000,0.00000,0.00,+0.03650,-0.00495,0.00946,0.0409,0,0,1,1,+5.000,-2.091,+2.909,+0.02183,+0.432,+0.00000,0.00,+0.00000,0,+0.00000,+0.00000,0.00000,-2.346,0,40.0,40.0
11.941959,2,1,0.243675,0.243675,0.2400,+0.00368,1,1,0,+0.00000,+0.00000,0.00000,0.00,+0.03487,-0.00473,0.00904,0.0391,0,0,1,1,+5.000,-1.998,+3.002,+0.02107,+0.432,+0.00000,0.00,+0.00000,0,+0.00000,+0.00000,0.00000,-2.078,0,40.0,40.0
11.969365,2,1,0.243479,0.243479,0.2400,+0.00348,1,1,0,+0.00000,+0.00000,0.00000,0.00,+0.03301,-0.00447,0.00855,0.0370,0,0,1,1,+5.000,-1.891,+3.109,+0.01975,+0.432,+0.00000,0.00,+0.00000,0,+0.00000,+0.00000,0.00000,-1.670,0,40.0,40.0
11.993595,2,1,0.243314,0.243314,0.2400,+0.00331,1,1,0,+0.00000,+0.00000,0.00000,0.00,+0.03145,-0.00426,0.00815,0.0352,0,0,1,1,+5.000,-1.802,+3.198,+0.01836,+0.432,+0.00000,0.00,+0.00000,0,+0.00000,+0.00000,0.00000,-1.261,0,40.0,40.0
11.998378,2,1,0.243283,0.243283,0.2400,+0.00328,1,1,0,+0.00000,+0.00000,0.00000,0.00,+0.03115,-0.00422,0.00807,0.0349,0,0,1,1,+5.000,-1.785,+3.215,+0.01776,+0.432,+0.00000,0.00,+0.00000,0,+0.00000,+0.00000,0.00000,-1.105,0,40.0,40.0
12.002918,2,1,0.243253,0.243253,0.2400,+0.00325,1,1,0,+0.00000,+0.00000,0.00000,0.00,+0.03087,-0.00418,0.00800,0.0346,0,0,1,1,+5.000,-1.769,+3.231,+0.01783,+0.432,+0.00000,0.00,+0.00000,0,+0.00000,+0.00000,0.00000,-1.105,0,40.0,40.0
12.007430,2,1,0.243224,0.243224,0.2400,+0.00322,1,1,0,+0.00000,+0.00000,0.00000,0.00,+0.03059,-0.00415,0.00793,0.0343,0,0,1,1,+5.000,-1.753,+3.247,+0.01738,+0.432,+0.00000,0.00,+0.00000,0,+0.00000,+0.00000,0.00000,-0.986,0,40.0,40.0
12.011679,2,1,0.243197,0.243197,0.2400,+0.00320,1,1,0,+0.00000,+0.00000,0.00000,0.00,+0.03033,-0.00411,0.00786,0.0340,0,0,1,1,+5.000,-1.738,+3.262,+0.01744,+0.432,+0.00000,0.00,+0.00000,0,+0.00000,+0.00000,0.00000,-0.986,0,40.0,40.0
12.016264,2,1,0.243168,0.243168,0.2400,+0.00317,1,1,0,+0.00000,+0.00000,0.00000,0.00,+0.03006,-0.00407,0.00779,0.0337,0,0,1,1,+5.000,-1.722,+3.278,+0.01703,+0.432,+0.00000,0.00,+0.00000,0,+0.00000,+0.00000,0.00000,-0.876,0,40.0,40.0
12.020826,2,1,0.243139,0.243139,0.2400,+0.00314,1,1,0,+0.00000,+0.00000,0.00000,0.00,+0.02978,-0.00404,0.00772,0.0334,0,0,1,1,+5.000,-1.706,+3.294,+0.01710,+0.432,+0.00000,0.00,+0.00000,0,+0.00000,+0.00000,0.00000,-0.876,0,40.0,40.0
12.025441,2,1,0.243110,0.243110,0.2400,+0.00311,1,1,0,+0.00000,+0.00000,0.00000,0.00,+0.02951,-0.00400,0.00765,0.0331,0,0,1,1,+5.000,-1.691,+3.309,+0.01657,+0.432,+0.00000,0.00,+0.00000,0,+0.00000,+0.00000,0.00000,-0.740,0,40.0,40.0
12.029971,2,1,0.243082,0.243082,0.2400,+0.00308,1,1,0,+0.00000,+0.00000,0.00000,0.00,+0.02924,-0.00396,0.00758,0.0328,0,0,1,1,+5.000,-1.675,+3.325,+0.01613,+0.432,+0.00000,0.00,+0.00000,0,+0.00000,+0.00000,0.00000,-0.623,0,40.0,40.0
12.034595,2,1,0.243054,0.243054,0.2400,+0.00305,1,1,0,+0.00000,+0.00000,0.00000,0.00,+0.02897,-0.00393,0.00751,0.0325,0,0,1,1,+5.000,-1.660,+3.340,+0.01619,+0.432,+0.00000,0.00,+0.00000,0,+0.00000,+0.00000,0.00000,-0.623,0,40.0,40.0
12.039234,2,1,0.243025,0.243025,0.2400,+0.00303,1,1,0,+0.00000,+0.00000,0.00000,0.00,+0.02871,-0.00389,0.00744,0.0322,0,0,1,1,+5.000,-1.645,+3.355,+0.01626,+0.432,+0.00000,0.00,+0.00000,0,+0.00000,+0.00000,0.00000,-0.623,0,40.0,40.0
12.043921,2,1,0.242997,0.242997,0.2400,+0.00300,1,1,0,+0.00000,+0.00000,0.00000,0.00,+0.02844,-0.00385,0.00737,0.0319,0,0,1,1,+5.000,-1.629,+3.371,+0.01568,+0.432,+0.00000,0.00,+0.00000,0,+0.00000,+0.00000,0.00000,-0.473,0,40.0,40.0
12.048426,2,1,0.242970,0.242970,0.2400,+0.00297,1,1,0,+0.00000,+0.00000,0.00000,0.00,+0.02818,-0.00382,0.00730,0.0316,0,0,1,1,+5.000,-1.615,+3.385,+0.01521,+0.432,+0.00000,0.00,+0.00000,0,+0.00000,+0.00000,0.00000,-0.351,0,40.0,40.0
12.053084,2,1,0.242943,0.242943,0.2400,+0.00294,1,1,0,+0.00000,+0.00000,0.00000,0.00,+0.02792,-0.00378,0.00724,0.0313,0,0,1,1,+5.000,-1.600,+3.400,+0.01527,+0.432,+0.00000,0.00,+0.00000,0,+0.00000,+0.00000,0.00000,-0.351,0,40.0,40.0
12.057656,2,1,0.242916,0.242916,0.2400,+0.00292,1,1,0,+0.00000,+0.00000,0.00000,0.00,+0.02767,-0.00375,0.00717,0.0310,0,0,1,1,+5.000,-1.585,+3.415,+0.01483,+0.432,+0.00000,0.00,+0.00000,0,+0.00000,+0.00000,0.00000,-0.235,0,40.0,40.0
12.062173,2,1,0.242890,0.242890,0.2400,+0.00289,1,1,0,+0.00000,+0.00000,0.00000,0.00,+0.02742,-0.00372,0.00711,0.0307,0,0,1,1,+5.000,-1.571,+3.429,+0.01489,+0.432,+0.00000,0.00,+0.00000,0,+0.00000,+0.00000,0.00000,-0.235,0,40.0,40.0
12.066619,2,1,0.242864,0.242864,0.2400,+0.00286,1,1,0,+0.00000,+0.00000,0.00000,0.00,+0.02718,-0.00368,0.00704,0.0305,0,0,1,1,+5.000,-1.557,+3.443,+0.01436,+0.432,+0.00000,0.00,+0.00000,0,+0.00000,+0.00000,0.00000,-0.099,0,40.0,40.0
12.071371,2,1,0.242837,0.242837,0.2400,+0.00284,1,1,0,+0.00000,+0.00000,0.00000,0.00,+0.02692,-0.00365,0.00698,0.0302,0,0,1,1,+5.000,-1.542,+3.458,+0.01442,+0.432,+0.00000,0.00,+0.00000,0,+0.00000,+0.00000,0.00000,-0.099,0,40.0,40.0
12.076251,2,1,0.242809,0.242809,0.2400,+0.00281,1,1,0,+0.00000,+0.00000,0.00000,0.00,+0.02666,-0.00361,0.00691,0.0299,0,0,1,1,+5.000,-1.527,+3.473,+0.01390,+0.432,+0.00000,0.00,+0.00000,0,+0.00000,+0.00000,0.00000,+0.036,0,40.0,40.0
12.080817,2,1,0.242784,0.242784,0.2400,+0.00278,1,1,0,+0.00000,+0.00000,0.00000,0.00,+0.02641,-0.00358,0.00685,0.0296,0,0,1,1,+5.000,-1.513,+3.487,+0.01396,+0.432,+0.00000,0.00,+0.00000,0,+0.00000,+0.00000,0.00000,+0.036,0,40.0,40.0
12.085653,2,1,0.242757,0.242757,0.2400,+0.00276,1,1,0,+0.00000,+0.00000,0.00000,0.00,+0.02616,-0.00355,0.00678,0.0293,0,0,1,1,+5.000,-1.499,+3.501,+0.01337,+0.432,+0.00000,0.00,+0.00000,0,+0.00000,+0.00000,0.00000,+0.186,0,40.0,40.0
12.090443,2,1,0.242731,0.242731,0.2400,+0.00273,1,1,0,+0.00000,+0.00000,0.00000,0.00,+0.02591,-0.00351,0.00672,0.0290,0,0,1,1,+5.000,-1.485,+3.515,+0.01299,+0.432,+0.00000,0.00,+0.00000,0,+0.00000,+0.00000,0.00000,+0.288,0,40.0,40.0
12.095258,2,1,0.242705,0.242705,0.2400,+0.00270,1,1,0,+0.00000,+0.00000,0.00000,0.00,+0.02566,-0.00348,0.00665,0.0288,0,0,1,1,+5.000,-1.470,+3.530,+0.01305,+0.432,+0.00000,0.00,+0.00000,0,+0.00000,+0.00000,0.00000,+0.288,0,40.0,40.0
12.099852,2,1,0.242680,0.242680,0.2400,+0.00268,1,1,0,+0.00000,+0.00000,0.00000,0.00,+0.02543,-0.00345,0.00659,0.0285,0,0,1,1,+5.000,-1.457,+3.543,+0.01254,+0.432,+0.00000,0.00,+0.00000,0,+0.00000,+0.00000,0.00000,+0.417,0,40.0,40.0
12.104072,2,1,0.242657,0.242657,0.2400,+0.00266,1,1,0,+0.00000,+0.00000,0.00000,0.00,+0.02521,-0.00342,0.00653,0.0283,0,0,1,1,+5.000,-1.445,+3.555,+0.01260,+0.432,+0.00000,0.00,+0.00000,0,+0.00000,+0.00000,0.00000,+0.417,0,40.0,40.0
12.108456,2,1,0.242634,0.242634,0.2400,+0.00263,1,1,0,+0.00000,+0.00000,0.00000,0.00,+0.02499,-0.00339,0.00648,0.0280,0,0,1,1,+5.000,-1.432,+3.568,+0.01265,+0.432,+0.00000,0.00,+0.00000,0,+0.00000,+0.00000,0.00000,+0.417,0,40.0,40.0
12.112983,2,1,0.242610,0.242610,0.2400,+0.00261,1,1,0,+0.00000,+0.00000,0.00000,0.00,+0.02477,-0.00336,0.00642,0.0278,0,0,1,1,+5.000,-1.419,+3.581,+0.01202,+0.432,+0.00000,0.00,+0.00000,0,+0.00000,+0.00000,0.00000,+0.576,0,40.0,40.0
12.117611,2,1,0.242586,0.242586,0.2400,+0.00259,1,1,0,+0.00000,+0.00000,0.00000,0.00,+0.02454,-0.00333,0.00636,0.0275,0,0,1,1,+5.000,-1.406,+3.594,+0.01155,+0.432,+0.00000,0.00,+0.00000,0,+0.00000,+0.00000,0.00000,+0.695,0,40.0,40.0
12.122187,2,1,0.242563,0.242563,0.2400,+0.00256,1,1,0,+0.00000,+0.00000,0.00000,0.00,+0.02432,-0.00330,0.00630,0.0273,0,0,1,1,+5.000,-1.393,+3.607,+0.01161,+0.432,+0.00000,0.00,+0.00000,0,+0.00000,+0.00000,0.00000,+0.695,0,40.0,40.0
12.126709,2,1,0.242540,0.242540,0.2400,+0.00254,1,1,0,+0.00000,+0.00000,0.00000,0.00,+0.02410,-0.00327,0.00625,0.0270,0,0,1,1,+5.000,-1.381,+3.619,+0.01114,+0.432,+0.00000,0.00,+0.00000,0,+0.00000,+0.00000,0.00000,+0.815,0,40.0,40.0
12.131340,2,1,0.242516,0.242516,0.2400,+0.00252,1,1,0,+0.00000,+0.00000,0.00000,0.00,+0.02388,-0.00324,0.00619,0.0268,0,0,1,1,+5.000,-1.368,+3.632,+0.01119,+0.432,+0.00000,0.00,+0.00000,0,+0.00000,+0.00000,0.00000,+0.815,0,40.0,40.0
12.135792,2,1,0.242494,0.242494,0.2400,+0.00249,1,1,0,+0.00000,+0.00000,0.00000,0.00,+0.02366,-0.00321,0.00613,0.0265,0,0,1,1,+5.000,-1.356,+3.644,+0.01065,+0.432,+0.00000,0.00,+0.00000,0,+0.00000,+0.00000,0.00000,+0.951,0,40.0,40.0
12.140022,2,1,0.242473,0.242473,0.2400,+0.00247,1,1,0,+0.00000,+0.00000,0.00000,0.00,+0.02347,-0.00318,0.00608,0.0263,0,0,1,1,+5.000,-1.344,+3.656,+0.01070,+0.432,+0.00000,0.00,+0.00000,0,+0.00000,+0.00000,0.00000,+0.951,0,40.0,40.0
12.144461,2,1,0.242451,0.242451,0.2400,+0.00245,1,1,0,+0.00000,+0.00000,0.00000,0.00,+0.02326,-0.00315,0.00603,0.0261,0,0,1,1,+5.000,-1.333,+3.667,+0.01011,+0.432,+0.00000,0.00,+0.00000,0,+0.00000,+0.00000,0.00000,+1.099,0,40.0,40.0
12.149017,2,1,0.242429,0.242429,0.2400,+0.00243,1,1,0,+0.00000,+0.00000,0.00000,0.00,+0.02305,-0.00312,0.00597,0.0258,0,0,1,1,+5.000,-1.320,+3.680,+0.01016,+0.432,+0.00000,0.00,+0.00000,0,+0.00000,+0.00000,0.00000,+1.099,0,40.0,40.0
12.153581,2,1,0.242407,0.242407,0.2400,+0.00241,1,1,0,+0.00000,+0.00000,0.00000,0.00,+0.02284,-0.00310,0.00592,0.0256,0,0,1,1,+5.000,-1.308,+3.692,+0.00969,+0.432,+0.00000,0.00,+0.00000,0,+0.00000,+0.00000,0.00000,+1.219,0,40.0,40.0
12.158100,2,1,0.242385,0.242385,0.2400,+0.00239,1,1,0,+0.00000,+0.00000,0.00000,0.00,+0.02263,-0.00307,0.00587,0.0254,0,0,1,1,+5.000,-1.297,+3.703,+0.00974,+0.432,+0.00000,0.00,+0.00000,0,+0.00000,+0.00000,0.00000,+1.219,0,40.0,40.0
12.162650,2,1,0.242364,0.242364,0.2400,+0.00236,1,1,0,+0.00000,+0.00000,0.00000,0.00,+0.02243,-0.00304,0.00581,0.0251,0,0,1,1,+5.000,-1.285,+3.715,+0.00914,+0.432,+0.00000,0.00,+0.00000,0,+0.00000,+0.00000,0.00000,+1.370,0,40.0,40.0
12.167269,2,1,0.242342,0.242342,0.2400,+0.00234,1,1,0,+0.00000,+0.00000,0.00000,0.00,+0.02222,-0.00301,0.00576,0.0249,0,0,1,1,+5.000,-1.273,+3.727,+0.00919,+0.432,+0.00000,0.00,+0.00000,0,+0.00000,+0.00000,0.00000,+1.370,0,40.0,40.0
12.175857,2,1,0.242302,0.242302,0.2400,+0.00230,1,1,0,+0.00000,+0.00000,0.00000,0.00,+0.02184,-0.00296,0.00566,0.0245,0,0,1,1,+5.000,-1.251,+3.749,+0.00887,+0.432,+0.00000,0.00,+0.00000,0,+0.00000,+0.00000,0.00000,+1.464,0,40.0,40.0
12.180387,2,1,0.242281,0.242281,0.2400,+0.00228,1,1,0,+0.00000,+0.00000,0.00000,0.00,+0.02165,-0.00293,0.00561,0.0243,0,0,1,1,+5.000,-1.240,+3.760,+0.00829,+0.432,+0.00000,0.00,+0.00000,0,+0.00000,+0.00000,0.00000,+1.609,0,40.0,40.0
12.184743,2,1,0.242261,0.242261,0.2400,+0.00226,1,1,0,+0.00000,+0.00000,0.00000,0.00,+0.02146,-0.00291,0.00556,0.0240,0,0,1,1,+5.000,-1.229,+3.771,+0.00833,+0.432,+0.00000,0.00,+0.00000,0,+0.00000,+0.00000,0.00000,+1.609,0,40.0,40.0
12.189108,2,1,0.242242,0.242242,0.2400,+0.00224,1,1,0,+0.00000,+0.00000,0.00000,0.00,+0.02127,-0.00288,0.00551,0.0238,0,0,1,1,+5.000,-1.219,+3.781,+0.00787,+0.432,+0.00000,0.00,+0.00000,0,+0.00000,+0.00000,0.00000,+1.726,0,40.0,40.0
12.193800,2,1,0.242221,0.242221,0.2400,+0.00222,1,1,0,+0.00000,+0.00000,0.00000,0.00,+0.02107,-0.00286,0.00546,0.0236,0,0,1,1,+5.000,-1.207,+3.793,+0.00742,+0.432,+0.00000,0.00,+0.00000,0,+0.00000,+0.00000,0.00000,+1.841,0,40.0,40.0
12.198456,2,1,0.242200,0.242200,0.2400,+0.00220,1,1,0,+0.00000,+0.00000,0.00000,0.00,+0.02088,-0.00283,0.00541,0.0234,0,0,1,1,+5.000,-1.196,+3.804,+0.00747,+0.432,+0.00000,0.00,+0.00000,0,+0.00000,+0.00000,0.00000,+1.841,0,40.0,40.0
12.203114,2,1,0.242180,0.242180,0.2400,+0.00218,1,1,0,+0.00000,+0.00000,0.00000,0.00,+0.02068,-0.00280,0.00536,0.0232,0,0,1,1,+5.000,-1.185,+3.815,+0.00697,+0.432,+0.00000,0.00,+0.00000,0,+0.00000,+0.00000,0.00000,+1.965,0,40.0,40.0
12.207422,2,1,0.242161,0.242161,0.2400,+0.00216,1,1,0,+0.00000,+0.00000,0.00000,0.00,+0.02051,-0.00278,0.00531,0.0230,0,0,1,1,+5.000,-1.175,+3.825,+0.00702,+0.432,+0.00000,0.00,+0.00000,0,+0.00000,+0.00000,0.00000,+1.965,0,40.0,40.0
12.212233,2,1,0.242140,0.242140,0.2400,+0.00214,1,1,0,+0.00000,+0.00000,0.00000,0.00,+0.02031,-0.00275,0.00526,0.0228,0,0,1,1,+5.000,-1.164,+3.836,+0.00647,+0.432,+0.00000,0.00,+0.00000,0,+0.00000,+0.00000,0.00000,+2.101,0,40.0,40.0
12.216616,2,1,0.242122,0.242122,0.2400,+0.00212,1,1,0,+0.00000,+0.00000,0.00000,0.00,+0.02013,-0.00273,0.00522,0.0226,0,0,1,1,+5.000,-1.154,+3.846,+0.00652,+0.432,+0.00000,0.00,+0.00000,0,+0.00000,+0.00000,0.00000,+2.101,0,80.0,32.0
12.221218,2,1,0.242102,0.242102,0.2400,+0.00210,1,1,0,+0.00000,+0.00000,0.00000,0.00,+0.01995,-0.00270,0.00517,0.0224,0,0,1,1,+5.000,-1.143,+3.857,+0.00599,+0.432,+0.00000,0.00,+0.00000,0,+0.00000,+0.00000,0.00000,+2.232,0,80.0,32.0
12.226214,2,1,0.242081,0.242081,0.2400,+0.00208,1,1,0,+0.00000,+0.00000,0.00000,0.00,+0.01975,-0.00268,0.00512,0.0221,0,0,1,1,+5.000,-1.132,+3.868,+0.00604,+0.432,+0.00000,0.00,+0.00000,0,+0.00000,+0.00000,0.00000,+2.232,0,80.0,32.0
12.230620,2,1,0.242063,0.242063,0.2400,+0.00206,1,1,0,+0.00000,+0.00000,0.00000,0.00,+0.01958,-0.00265,0.00507,0.0219,0,0,1,1,+5.000,-1.122,+3.878,+0.00556,+0.432,+0.00000,0.00,+0.00000,0,+0.00000,+0.00000,0.00000,+2.352,0,80.0,32.0
12.235229,2,1,0.242044,0.242044,0.2400,+0.00204,1,1,0,+0.00000,+0.00000,0.00000,0.00,+0.01940,-0.00263,0.00503,0.0217,0,0,1,1,+5.000,-1.111,+3.889,+0.00561,+0.432,+0.00000,0.00,+0.00000,0,+0.00000,+0.00000,0.00000,+2.352,0,80.0,32.0
12.239451,2,1,0.242027,0.242027,0.2400,+0.00203,1,1,0,+0.00000,+0.00000,0.00000,0.00,+0.01923,-0.00261,0.00498,0.0216,0,0,1,1,+5.000,-1.102,+3.898,+0.00504,+0.432,+0.00000,0.00,+0.00000,0,+0.00000,+0.00000,0.00000,+2.492,0,80.0,32.0
12.243892,2,1,0.242009,0.242009,0.2400,+0.00201,1,1,0,+0.00000,+0.00000,0.00000,0.00,+0.01906,-0.00258,0.00494,0.0214,0,0,1,1,+5.000,-1.092,+3.908,+0.00508,+0.432,+0.00000,0.00,+0.00000,0,+0.00000,+0.00000,0.00000,+2.492,0,80.0,32.0
12.267775,2,1,0.241915,0.241915,0.2400,+0.00192,1,1,0,+0.00000,+0.00000,0.00000,0.00,+0.01817,-0.00246,0.00471,0.0204,0,0,1,1,+5.000,-1.041,+3.959,+0.00460,+0.432,+0.00000,0.00,+0.00000,0,+0.00000,+0.00000,0.00000,+2.654,0,80.0,32.0
12.272277,2,1,0.241898,0.241898,0.2400,+0.00190,1,1,0,+0.00000,+0.00000,0.00000,0.00,+0.01801,-0.00244,0.00467,0.0202,0,0,1,1,+5.000,-1.032,+3.968,+0.00320,+0.433,+0.00000,0.00,+0.00000,0,+0.00000,+0.00000,0.00000,+2.983,0,80.0,32.0
12.278149,2,1,0.241891,0.241891,0.2400,+0.00189,1,0,0,+0.00000,+0.00000,0.00000,0.00,+0.00000,+0.00000,0.00000,0.0199,0,0,0,1,+5.000,+0.000,+5.000,+0.00714,+0.433,+0.00000,0.00,+0.00000,0,+0.00000,+0.00000,0.00000,+3.113,0,80.0,32.0
12.282588,2,1,0.241885,0.241885,0.2400,+0.00189,1,0,0,+0.00000,+0.00000,0.00000,0.00,+0.00000,+0.00000,0.00000,0.0198,0,0,0,1,+5.000,+0.000,+5.000,+0.00714,+0.433,+0.00000,0.00,+0.00000,0,+0.00000,+0.00000,0.00000,+3.113,0,80.0,32.0
12.287031,2,1,0.241880,0.241880,0.2400,+0.00188,1,0,0,+0.00000,+0.00000,0.00000,0.00,+0.00000,+0.00000,0.00000,0.0196,0,0,0,1,+5.000,+0.000,+5.000,+0.00666,+0.433,+0.00000,0.00,+0.00000,0,+0.00000,+0.00000,0.00000,+3.223,0,80.0,32.0
12.291577,2,1,0.241874,0.241874,0.2400,+0.00187,1,0,0,+0.00000,+0.00000,0.00000,0.00,+0.00000,+0.00000,0.00000,0.0194,0,0,0,1,+5.000,+0.000,+5.000,+0.00666,+0.433,+0.00000,0.00,+0.00000,0,+0.00000,+0.00000,0.00000,+3.223,0,80.0,32.0
12.296253,2,1,0.241868,0.241868,0.2400,+0.00187,1,0,0,+0.00000,+0.00000,0.00000,0.00,+0.00000,+0.00000,0.00000,0.0192,0,0,0,1,+5.000,+0.000,+5.000,+0.00608,+0.433,+0.00000,0.00,+0.00000,0,+0.00000,+0.00000,0.00000,+3.356,0,80.0,32.0
12.300745,2,1,0.241863,0.241863,0.2400,+0.00186,1,0,0,+0.00000,+0.00000,0.00000,0.00,+0.00000,+0.00000,0.00000,0.0191,0,0,0,1,+5.000,+0.000,+5.000,+0.00608,+0.433,+0.00000,0.00,+0.00000,0,+0.00000,+0.00000,0.00000,+3.356,0,80.0,32.0
12.305338,2,1,0.241857,0.241857,0.2400,+0.00186,1,0,0,+0.00000,+0.00000,0.00000,0.00,+0.00000,+0.00000,0.00000,0.0189,0,0,0,1,+5.000,+0.000,+5.000,+0.00555,+0.433,+0.00000,0.00,+0.00000,0,+0.00000,+0.00000,0.00000,+3.478,0,80.0,32.0
12.310556,2,1,0.241850,0.241850,0.2400,+0.00185,1,0,0,+0.00000,+0.00000,0.00000,0.00,+0.00000,+0.00000,0.00000,0.0187,0,0,0,1,+5.000,+0.000,+5.000,+0.00555,+0.433,+0.00000,0.00,+0.00000,0,+0.00000,+0.00000,0.00000,+3.478,0,80.0,32.0
12.315740,2,1,0.241844,0.241844,0.2400,+0.00184,1,0,0,+0.00000,+0.00000,0.00000,0.00,+0.00000,+0.00000,0.00000,0.0185,0,0,0,1,+5.000,+0.000,+5.000,+0.00492,+0.433,+0.00000,0.00,+0.00000,0,+0.00000,+0.00000,0.00000,+3.620,0,80.0,32.0
12.320287,2,1,0.241838,0.241838,0.2400,+0.00184,1,0,0,+0.00000,+0.00000,0.00000,0.00,+0.00000,+0.00000,0.00000,0.0183,0,0,0,1,+5.000,+0.000,+5.000,+0.00435,+0.433,+0.00000,0.00,+0.00000,0,+0.00000,+0.00000,0.00000,+3.752,0,80.0,32.0
12.324847,2,1,0.241833,0.241833,0.2400,+0.00183,1,0,0,+0.00000,+0.00000,0.00000,0.00,+0.00000,+0.00000,0.00000,0.0182,0,0,0,1,+5.000,+0.000,+5.000,+0.00435,+0.433,+0.00000,0.00,+0.00000,0,+0.00000,+0.00000,0.00000,+3.752,0,80.0,32.0
12.330141,2,1,0.241826,0.241826,0.2400,+0.00183,1,0,0,+0.00000,+0.00000,0.00000,0.00,+0.00000,+0.00000,0.00000,0.0180,0,0,0,1,+5.000,+0.000,+5.000,+0.00373,+0.433,+0.00000,0.00,+0.00000,0,+0.00000,+0.00000,0.00000,+3.893,0,80.0,32.0
12.334667,2,1,0.241821,0.241821,0.2400,+0.00182,1,0,0,+0.00000,+0.00000,0.00000,0.00,+0.00000,+0.00000,0.00000,0.0178,0,0,0,1,+5.000,+0.000,+5.000,+0.00373,+0.433,+0.00000,0.00,+0.00000,0,+0.00000,+0.00000,0.00000,+3.893,0,80.0,32.0
12.339410,2,1,0.241815,0.241815,0.2400,+0.00182,1,0,0,+0.00000,+0.00000,0.00000,0.00,+0.00000,+0.00000,0.00000,0.0176,0,0,0,1,+5.000,+0.000,+5.000,+0.00320,+0.433,+0.00000,0.00,+0.00000,0,+0.00000,+0.00000,0.00000,+4.015,0,80.0,32.0
12.345441,2,1,0.241808,0.241808,0.2400,+0.00181,1,0,0,+0.00000,+0.00000,0.00000,0.00,+0.00000,+0.00000,0.00000,0.0174,0,0,0,1,+5.000,+0.000,+5.000,+0.00320,+0.433,+0.00000,0.00,+0.00000,0,+0.00000,+0.00000,0.00000,+4.015,0,80.0,32.0
12.349839,2,1,0.241803,0.241803,0.2400,+0.00180,1,0,0,+0.00000,+0.00000,0.00000,0.00,+0.00000,+0.00000,0.00000,0.0173,0,0,0,1,+5.000,+0.000,+5.000,+0.00254,+0.433,+0.00000,0.00,+0.00000,0,+0.00000,+0.00000,0.00000,+4.166,0,80.0,32.0
12.354417,2,1,0.241797,0.241797,0.2400,+0.00180,1,0,0,+0.00000,+0.00000,0.00000,0.00,+0.00000,+0.00000,0.00000,0.0171,0,0,0,1,+5.000,+0.000,+5.000,+0.00254,+0.433,+0.00000,0.00,+0.00000,0,+0.00000,+0.00000,0.00000,+4.166,0,80.0,32.0
12.359791,2,1,0.241791,0.241791,0.2400,+0.00179,1,0,0,+0.00000,+0.00000,0.00000,0.00,+0.00000,+0.00000,0.00000,0.0169,0,0,0,1,+5.000,+0.000,+5.000,+0.00202,+0.433,+0.00000,0.00,+0.00000,0,+0.00000,+0.00000,0.00000,+4.286,0,80.0,32.0
12.364484,2,1,0.241785,0.241785,0.2400,+0.00179,1,0,0,+0.00000,+0.00000,0.00000,0.00,+0.00000,+0.00000,0.00000,0.0168,0,0,0,1,+5.000,+0.000,+5.000,+0.00145,+0.433,+0.00000,0.00,+0.00000,0,+0.00000,+0.00000,0.00000,+4.416,0,80.0,32.0
12.368913,2,1,0.241780,0.241780,0.2400,+0.00178,1,0,0,+0.00000,+0.00000,0.00000,0.00,+0.00000,+0.00000,0.00000,0.0166,0,0,0,1,+5.000,+0.000,+5.000,+0.00145,+0.433,+0.00000,0.00,+0.00000,0,+0.00000,+0.00000,0.00000,+4.416,0,80.0,32.0
12.374488,2,1,0.241773,0.241773,0.2400,+0.00177,1,0,0,+0.00000,+0.00000,0.00000,0.00,+0.00000,+0.00000,0.00000,0.0165,0,0,0,1,+5.000,+0.000,+5.000,+0.00086,+0.433,+0.00000,0.00,+0.00000,0,+0.00000,+0.00000,0.00000,+4.552,0,80.0,32.0
12.378790,2,1,0.241768,0.241768,0.2400,+0.00177,1,0,0,+0.00000,+0.00000,0.00000,0.00,+0.00000,+0.00000,0.00000,0.0163,0,0,0,1,+5.000,+0.000,+5.000,+0.00086,+0.433,+0.00000,0.00,+0.00000,0,+0.00000,+0.00000,0.00000,+4.552,0,80.0,32.0
12.383358,2,1,0.241763,0.241763,0.2400,+0.00176,1,0,0,+0.00000,+0.00000,0.00000,0.00,+0.00000,+0.00000,0.00000,0.0162,0,0,0,1,+5.000,+0.000,+5.000,+0.00031,+0.433,+0.00000,0.00,+0.00000,0,+0.00000,+0.00000,0.00000,+4.677,0,80.0,32.0
12.387896,2,1,0.241757,0.241757,0.2400,+0.00176,1,0,0,+0.00000,+0.00000,0.00000,0.00,+0.00000,+0.00000,0.00000,0.0160,0,0,0,1,+5.000,+0.000,+5.000,+0.00031,+0.433,+0.00000,0.00,+0.00000,0,+0.00000,+0.00000,0.00000,+4.677,0,80.0,32.0
12.393478,2,1,0.241751,0.241751,0.2400,+0.00175,1,0,0,+0.00000,+0.00000,0.00000,0.00,+0.00000,+0.00000,0.00000,0.0158,0,0,0,1,+5.000,+0.000,+5.000,-0.00019,+0.433,+0.00000,0.00,+0.00000,0,+0.00000,+0.00000,0.00000,+4.791,0,80.0,32.0
12.398242,2,1,0.241745,0.241745,0.2400,+0.00175,1,0,0,+0.00000,+0.00000,0.00000,0.00,+0.00000,+0.00000,0.00000,0.0157,0,0,0,1,+5.000,+0.000,+5.000,-0.00019,+0.433,+0.00000,0.00,+0.00000,0,+0.00000,+0.00000,0.00000,+4.791,0,80.0,32.0
12.403064,2,1,0.241740,0.241740,0.2400,+0.00174,1,0,0,+0.00000,+0.00000,0.00000,0.00,+0.00000,+0.00000,0.00000,0.0155,0,0,0,1,+5.000,+0.000,+5.000,-0.00084,+0.434,+0.00000,0.00,+0.00000,0,+0.00000,+0.00000,0.00000,+4.941,0,80.0,32.0
12.407500,2,1,0.241735,0.241735,0.2400,+0.00173,1,0,0,+0.00000,+0.00000,0.00000,0.00,+0.00000,+0.00000,0.00000,0.0154,0,0,0,1,+5.000,+0.000,+5.000,-0.00135,+0.434,+0.00000,0.00,+0.00000,0,+0.00000,+0.00000,0.00000,+5.059,0,80.0,32.0
12.412055,2,1,0.241729,0.241729,0.2400,+0.00173,1,0,0,+0.00000,+0.00000,0.00000,0.00,+0.00000,+0.00000,0.00000,0.0153,0,0,0,1,+5.000,+0.000,+5.000,-0.00135,+0.434,+0.00000,0.00,+0.00000,0,+0.00000,+0.00000,0.00000,+5.059,0,80.0,32.0
12.416734,2,1,0.241724,0.241724,0.2400,+0.00172,1,0,0,+0.00000,+0.00000,0.00000,0.00,+0.00000,+0.00000,0.00000,0.0151,0,0,0,1,+5.000,+0.000,+5.000,-0.00199,+0.434,+0.00000,0.00,+0.00000,0,+0.00000,+0.00000,0.00000,+5.204,0,80.0,32.0
12.421771,2,1,0.241718,0.241718,0.2400,+0.00172,1,0,0,+0.00000,+0.00000,0.00000,0.00,+0.00000,+0.00000,0.00000,0.0150,0,0,0,1,+5.000,+0.000,+5.000,-0.00199,+0.434,+0.00000,0.00,+0.00000,0,+0.00000,+0.00000,0.00000,+5.204,0,80.0,32.0
12.426632,2,1,0.241713,0.241713,0.2400,+0.00171,1,0,0,+0.00000,+0.00000,0.00000,0.00,+0.00000,+0.00000,0.00000,0.0148,0,0,0,1,+5.000,+0.000,+5.000,-0.00251,+0.434,+0.00000,0.00,+0.00000,0,+0.00000,+0.00000,0.00000,+5.325,0,80.0,32.0
12.431739,2,1,0.241707,0.241707,0.2400,+0.00171,1,0,0,+0.00000,+0.00000,0.00000,0.00,+0.00000,+0.00000,0.00000,0.0147,0,0,0,1,+5.000,+0.000,+5.000,-0.00251,+0.434,+0.00000,0.00,+0.00000,0,+0.00000,+0.00000,0.00000,+5.325,0,80.0,32.0
12.436404,2,1,0.241702,0.241702,0.2400,+0.00170,1,0,0,+0.00000,+0.00000,0.00000,0.00,+0.00000,+0.00000,0.00000,0.0145,0,0,0,1,+5.000,+0.000,+5.000,-0.00311,+0.434,+0.00000,0.00,+0.00000,0,+0.00000,+0.00000,0.00000,+5.462,0,80.0,32.0
12.440973,2,1,0.241696,0.241696,0.2400,+0.00170,1,0,0,+0.00000,+0.00000,0.00000,0.00,+0.00000,+0.00000,0.00000,0.0144,0,0,0,1,+5.000,+0.000,+5.000,-0.00362,+0.434,+0.00000,0.00,+0.00000,0,+0.00000,+0.00000,0.00000,+5.578,0,80.0,32.0
12.445427,2,1,0.241691,0.241691,0.2400,+0.00169,1,0,0,+0.00000,+0.00000,0.00000,0.00,+0.00000,+0.00000,0.00000,0.0143,0,0,0,1,+5.000,+0.000,+5.000,-0.00362,+0.434,+0.00000,0.00,+0.00000,0,+0.00000,+0.00000,0.00000,+5.578,0,80.0,32.0
12.450032,2,1,0.241686,0.241686,0.2400,+0.00169,1,0,0,+0.00000,+0.00000,0.00000,0.00,+0.00000,+0.00000,0.00000,0.0141,0,0,0,1,+5.000,+0.000,+5.000,-0.00421,+0.434,+0.00000,0.00,+0.00000,0,+0.00000,+0.00000,0.00000,+5.713,0,80.0,32.0
12.454659,2,1,0.241681,0.241681,0.2400,+0.00168,1,0,0,+0.00000,+0.00000,0.00000,0.00,+0.00000,+0.00000,0.00000,0.0140,0,0,0,1,+5.000,+0.000,+5.000,-0.00421,+0.434,+0.00000,0.00,+0.00000,0,+0.00000,+0.00000,0.00000,+5.713,0,80.0,32.0
12.459355,2,1,0.241676,0.241676,0.2400,+0.00168,1,0,0,+0.00000,+0.00000,0.00000,0.00,+0.00000,+0.00000,0.00000,0.0139,0,0,0,1,+5.000,+0.000,+5.000,-0.00476,+0.434,+0.00000,0.00,+0.00000,0,+0.00000,+0.00000,0.00000,+5.839,0,80.0,32.0
12.463796,2,1,0.241671,0.241671,0.2400,+0.00167,1,0,0,+0.00000,+0.00000,0.00000,0.00,+0.00000,+0.00000,0.00000,0.0138,0,0,0,1,+5.000,+0.000,+5.000,-0.00476,+0.434,+0.00000,0.00,+0.00000,0,+0.00000,+0.00000,0.00000,+5.839,0,80.0,32.0
12.468073,2,1,0.241666,0.241666,0.2400,+0.00167,1,0,0,+0.00000,+0.00000,0.00000,0.00,+0.00000,+0.00000,0.00000,0.0136,0,0,0,1,+5.000,+0.000,+5.000,-0.00476,+0.434,+0.00000,0.00,+0.00000,0,+0.00000,+0.00000,0.00000,+5.839,0,80.0,32.0
12.472514,2,1,0.241661,0.241661,0.2400,+0.00166,1,0,0,+0.00000,+0.00000,0.00000,0.00,+0.00000,+0.00000,0.00000,0.0135,0,0,0,1,+5.000,+0.000,+5.000,-0.00546,+0.434,+0.00000,0.00,+0.00000,0,+0.00000,+0.00000,0.00000,+6.001,0,80.0,32.0
12.477424,2,1,0.241656,0.241656,0.2400,+0.00166,1,0,0,+0.00000,+0.00000,0.00000,0.00,+0.00000,+0.00000,0.00000,0.0134,0,0,0,1,+5.000,+0.000,+5.000,-0.00594,+0.434,+0.00000,0.00,+0.00000,0,+0.00000,+0.00000,0.00000,+6.109,0,80.0,32.0
12.481989,2,1,0.241651,0.241651,0.2400,+0.00165,1,0,0,+0.00000,+0.00000,0.00000,0.00,+0.00000,+0.00000,0.00000,0.0133,0,0,0,1,+5.000,+0.000,+5.000,-0.00594,+0.434,+0.00000,0.00,+0.00000,0,+0.00000,+0.00000,0.00000,+6.109,0,80.0,32.0
12.486515,2,1,0.241646,0.241646,0.2400,+0.00165,1,0,0,+0.00000,+0.00000,0.00000,0.00,+0.00000,+0.00000,0.00000,0.0132,0,0,0,1,+5.000,+0.000,+5.000,-0.00655,+0.435,+0.00000,0.00,+0.00000,0,+0.00000,+0.00000,0.00000,+6.249,0,80.0,32.0
12.491035,2,1,0.241641,0.241641,0.2400,+0.00164,1,0,0,+0.00000,+0.00000,0.00000,0.00,+0.00000,+0.00000,0.00000,0.0130,0,0,0,1,+5.000,+0.000,+5.000,-0.00655,+0.435,+0.00000,0.00,+0.00000,0,+0.00000,+0.00000,0.00000,+6.249,0,80.0,32.0
12.495537,2,1,0.241636,0.241636,0.2400,+0.00164,1,0,0,+0.00000,+0.00000,0.00000,0.00,+0.00000,+0.00000,0.00000,0.0129,0,0,0,1,+5.000,+0.000,+5.000,-0.00708,+0.435,+0.00000,0.00,+0.00000,0,+0.00000,+0.00000,0.00000,+6.370,0,80.0,32.0
12.500069,2,1,0.241631,0.241631,0.2400,+0.00163,1,0,0,+0.00000,+0.00000,0.00000,0.00,+0.00000,+0.00000,0.00000,0.0128,0,0,0,1,+5.000,+0.000,+5.000,-0.00708,+0.435,+0.00000,0.00,+0.00000,0,+0.00000,+0.00000,0.00000,+6.370,0,80.0,32.0
12.504584,2,1,0.241626,0.241626,0.2400,+0.00163,1,0,0,+0.00000,+0.00000,0.00000,0.00,+0.00000,+0.00000,0.00000,0.0127,0,0,0,1,+5.000,+0.000,+5.000,-0.00771,+0.435,+0.00000,0.00,+0.00000,0,+0.00000,+0.00000,0.00000,+6.516,0,80.0,32.0
12.509171,2,1,0.241621,0.241621,0.2400,+0.00162,1,0,0,+0.00000,+0.00000,0.00000,0.00,+0.00000,+0.00000,0.00000,0.0126,0,0,0,1,+5.000,+0.000,+5.000,-0.00771,+0.435,+0.00000,0.00,+0.00000,0,+0.00000,+0.00000,0.00000,+6.516,0,80.0,32.0
12.513836,2,1,0.241616,0.241616,0.2400,+0.00162,1,0,0,+0.00000,+0.00000,0.00000,0.00,+0.00000,+0.00000,0.00000,0.0125,0,0,0,1,+5.000,+0.000,+5.000,-0.00814,+0.435,+0.00000,0.00,+0.00000,0,+0.00000,+0.00000,0.00000,+6.615,0,80.0,32.0
12.518968,2,1,0.241610,0.241610,0.2400,+0.00161,1,0,0,+0.00000,+0.00000,0.00000,0.00,+0.00000,+0.00000,0.00000,0.0123,0,0,0,1,+5.000,+0.000,+5.000,-0.00814,+0.435,+0.00000,0.00,+0.00000,0,+0.00000,+0.00000,0.00000,+6.615,0,80.0,32.0
12.523897,2,1,0.241605,0.241605,0.2400,+0.00161,1,0,0,+0.00000,+0.00000,0.00000,0.00,+0.00000,+0.00000,0.00000,0.0122,0,0,0,1,+5.000,+0.000,+5.000,-0.00879,+0.435,+0.00000,0.00,+0.00000,0,+0.00000,+0.00000,0.00000,+6.763,0,80.0,32.0
12.528688,2,1,0.241600,0.241600,0.2400,+0.00160,1,0,0,+0.00000,+0.00000,0.00000,0.00,+0.00000,+0.00000,0.00000,0.0121,0,0,0,1,+5.000,+0.000,+5.000,-0.00933,+0.435,+0.00000,0.00,+0.00000,0,+0.00000,+0.00000,0.00000,+6.886,0,80.0,32.0
12.533377,2,1,0.241595,0.241595,0.2400,+0.00159,1,0,0,+0.00000,+0.00000,0.00000,0.00,+0.00000,+0.00000,0.00000,0.0120,0,0,0,1,+5.000,+0.000,+5.000,-0.00933,+0.435,+0.00000,0.00,+0.00000,0,+0.00000,+0.00000,0.00000,+6.886,0,80.0,32.0
12.538173,2,1,0.241590,0.241590,0.2400,+0.00159,1,0,0,+0.00000,+0.00000,0.00000,0.00,+0.00000,+0.00000,0.00000,0.0119,0,0,0,1,+5.000,+0.000,+5.000,-0.00995,+0.435,+0.00000,0.00,+0.00000,0,+0.00000,+0.00000,0.00000,+7.029,0,80.0,32.0
12.542778,2,1,0.241585,0.241585,0.2400,+0.00159,1,0,0,+0.00000,+0.00000,0.00000,0.00,+0.00000,+0.00000,0.00000,0.0118,0,0,0,1,+5.000,+0.000,+5.000,-0.00995,+0.435,+0.00000,0.00,+0.00000,0,+0.00000,+0.00000,0.00000,+7.029,0,80.0,32.0
12.548059,2,1,0.241579,0.241579,0.2400,+0.00158,1,0,0,+0.00000,+0.00000,0.00000,0.00,+0.00000,+0.00000,0.00000,0.0116,0,0,0,1,+5.000,+0.000,+5.000,-0.01066,+0.435,+0.00000,0.00,+0.00000,0,+0.00000,+0.00000,0.00000,+7.191,0,80.0,32.0
12.552532,2,1,0.241575,0.241575,0.2400,+0.00157,1,0,0,+0.00000,+0.00000,0.00000,0.00,+0.00000,+0.00000,0.00000,0.0115,0,0,0,1,+5.000,+0.000,+5.000,-0.01066,+0.435,+0.00000,0.00,+0.00000,0,+0.00000,+0.00000,0.00000,+7.191,0,80.0,32.0
12.556859,2,1,0.241570,0.241570,0.2400,+0.00157,1,0,0,+0.00000,+0.00000,0.00000,0.00,+0.00000,+0.00000,0.00000,0.0114,0,0,0,1,+5.000,+0.000,+5.000,-0.01121,+0.435,+0.00000,0.00,+0.00000,0,+0.00000,+0.00000,0.00000,+7.317,0,80.0,32.0
12.561356,2,1,0.241566,0.241566,0.2400,+0.00157,1,0,0,+0.00000,+0.00000,0.00000,0.00,+0.00000,+0.00000,0.00000,0.0113,0,0,0,1,+5.000,+0.000,+5.000,-0.01121,+0.435,+0.00000,0.00,+0.00000,0,+0.00000,+0.00000,0.00000,+7.317,0,80.0,32.0
12.565909,2,1,0.241561,0.241561,0.2400,+0.00156,1,0,0,+0.00000,+0.00000,0.00000,0.00,+0.00000,+0.00000,0.00000,0.0112,0,0,0,1,+5.000,+0.000,+5.000,-0.01176,+0.436,+0.00000,0.00,+0.00000,0,+0.00000,+0.00000,0.00000,+7.443,0,80.0,32.0
12.570410,2,1,0.241556,0.241556,0.2400,+0.00156,1,0,0,+0.00000,+0.00000,0.00000,0.00,+0.00000,+0.00000,0.00000,0.0111,0,0,0,1,+5.000,+0.000,+5.000,-0.01176,+0.436,+0.00000,0.00,+0.00000,0,+0.00000,+0.00000,0.00000,+7.443,0,80.0,32.0
12.577356,2,1,0.241549,0.241549,0.2400,+0.00155,1,0,0,+0.00000,+0.00000,0.00000,0.00,+0.00000,+0.00000,0.00000,0.0110,0,0,0,1,+5.000,+0.000,+5.000,-0.01237,+0.436,+0.00000,0.00,+0.00000,0,+0.00000,+0.00000,0.00000,+7.583,0,80.0,32.0
12.582019,2,1,0.241544,0.241544,0.2400,+0.00154,1,0,0,+0.00000,+0.00000,0.00000,0.00,+0.00000,+0.00000,0.00000,0.0109,0,0,0,1,+5.000,+0.000,+5.000,-0.01290,+0.436,+0.00000,0.00,+0.00000,0,+0.00000,+0.00000,0.00000,+7.705,0,80.0,32.0
12.586545,2,1,0.241539,0.241539,0.2400,+0.00154,1,0,0,+0.00000,+0.00000,0.00000,0.00,+0.00000,+0.00000,0.00000,0.0108,0,0,0,1,+5.000,+0.000,+5.000,-0.01290,+0.436,+0.00000,0.00,+0.00000,0,+0.00000,+0.00000,0.00000,+7.705,0,80.0,32.0
12.590688,2,1,0.241535,0.241535,0.2400,+0.00154,1,0,0,+0.00000,+0.00000,0.00000,0.00,+0.00000,+0.00000,0.00000,0.0107,0,0,0,1,+5.000,+0.000,+5.000,-0.01340,+0.436,+0.00000,0.00,+0.00000,0,+0.00000,+0.00000,0.00000,+7.820,0,80.0,32.0
12.596248,2,1,0.241530,0.241530,0.2400,+0.00153,1,0,0,+0.00000,+0.00000,0.00000,0.00,+0.00000,+0.00000,0.00000,0.0106,0,0,0,1,+5.000,+0.000,+5.000,-0.01340,+0.436,+0.00000,0.00,+0.00000,0,+0.00000,+0.00000,0.00000,+7.820,0,80.0,32.0
12.600934,2,1,0.241525,0.241525,0.2400,+0.00152,1,0,0,+0.00000,+0.00000,0.00000,0.00,+0.00000,+0.00000,0.00000,0.0105,0,0,0,1,+5.000,+0.000,+5.000,-0.01397,+0.436,+0.00000,0.00,+0.00000,0,+0.00000,+0.00000,0.00000,+7.949,0,80.0,32.0
12.605594,2,1,0.241520,0.241520,0.2400,+0.00152,1,0,0,+0.00000,+0.00000,0.00000,0.00,+0.00000,+0.00000,0.00000,0.0104,0,0,0,1,+5.000,+0.000,+5.000,-0.01397,+0.436,+0.00000,0.00,+0.00000,0,+0.00000,+0.00000,0.00000,+7.949,0,80.0,32.0
12.610008,2,1,0.241516,0.241516,0.2400,+0.00152,1,0,0,+0.00000,+0.00000,0.00000,0.00,+0.00000,+0.00000,0.00000,0.0103,0,0,0,1,+5.000,+0.000,+5.000,-0.01455,+0.436,+0.00000,0.00,+0.00000,0,+0.00000,+0.00000,0.00000,+8.084,0,80.0,32.0
12.614742,2,1,0.241511,0.241511,0.2400,+0.00151,1,0,0,+0.00000,+0.00000,0.00000,0.00,+0.00000,+0.00000,0.00000,0.0102,0,0,0,1,+5.000,+0.000,+5.000,-0.01506,+0.436,+0.00000,0.00,+0.00000,0,+0.00000,+0.00000,0.00000,+8.200,0,80.0,32.0
12.625122,2,1,0.241500,0.241500,0.2400,+0.00150,1,0,0,+0.00000,+0.00000,0.00000,0.00,+0.00000,+0.00000,0.00000,0.0100,0,0,0,1,+5.000,+0.000,+5.000,-0.01574,+0.437,+0.00000,0.00,+0.00000,0,+0.00000,+0.00000,0.00000,+8.355,0,80.0,32.0
12.629639,2,1,0.241496,0.241496,0.2400,+0.00150,1,0,0,+0.00000,+0.00000,0.00000,0.00,+0.00000,+0.00000,0.00000,0.0099,0,0,0,1,+5.000,+0.000,+5.000,-0.01574,+0.437,+0.00000,0.00,+0.00000,0,+0.00000,+0.00000,0.00000,+8.355,0,80.0,32.0
12.634657,2,1,0.241491,0.241491,0.2400,+0.00149,1,0,0,+0.00000,+0.00000,0.00000,0.00,+0.00000,+0.00000,0.00000,0.0098,0,0,0,1,+5.000,+0.000,+5.000,-0.01628,+0.437,+0.00000,0.00,+0.00000,0,+0.00000,+0.00000,0.00000,+8.481,0,80.0,32.0
12.639147,2,1,0.241486,0.241486,0.2400,+0.00149,1,0,0,+0.00000,+0.00000,0.00000,0.00,+0.00000,+0.00000,0.00000,0.0097,0,0,0,1,+5.000,+0.000,+5.000,-0.01628,+0.437,+0.00000,0.00,+0.00000,0,+0.00000,+0.00000,0.00000,+8.481,0,80.0,32.0
12.644019,2,1,0.241482,0.241482,0.2400,+0.00148,1,0,0,+0.00000,+0.00000,0.00000,0.00,+0.00000,+0.00000,0.00000,0.0096,0,0,0,1,+5.000,+0.000,+5.000,-0.01628,+0.437,+0.00000,0.00,+0.00000,0,+0.00000,+0.00000,0.00000,+8.481,0,80.0,32.0
12.648621,2,1,0.241477,0.241477,0.2400,+0.00148,1,0,0,+0.00000,+0.00000,0.00000,0.00,+0.00000,+0.00000,0.00000,0.0095,0,0,0,1,+5.000,+0.000,+5.000,-0.01699,+0.437,+0.00000,0.00,+0.00000,0,+0.00000,+0.00000,0.00000,+8.642,0,80.0,32.0
12.653534,2,1,0.241472,0.241472,0.2400,+0.00147,1,0,0,+0.00000,+0.00000,0.00000,0.00,+0.00000,+0.00000,0.00000,0.0094,0,0,0,1,+5.000,+0.000,+5.000,-0.01752,+0.437,+0.00000,0.00,+0.00000,0,+0.00000,+0.00000,0.00000,+8.765,0,80.0,32.0
12.657796,2,1,0.241468,0.241468,0.2400,+0.00147,1,0,0,+0.00000,+0.00000,0.00000,0.00,+0.00000,+0.00000,0.00000,0.0093,0,0,0,1,+5.000,+0.000,+5.000,-0.01752,+0.437,+0.00000,0.00,+0.00000,0,+0.00000,+0.00000,0.00000,+8.765,0,80.0,32.0
12.662903,2,1,0.241463,0.241463,0.2400,+0.00146,1,0,0,+0.00000,+0.00000,0.00000,0.00,+0.00000,+0.00000,0.00000,0.0092,0,0,0,1,+5.000,+0.000,+5.000,-0.01803,+0.437,+0.00000,0.00,+0.00000,0,+0.00000,+0.00000,0.00000,+8.881,0,80.0,32.0
12.667234,2,1,0.241459,0.241459,0.2400,+0.00146,1,0,0,+0.00000,+0.00000,0.00000,0.00,+0.00000,+0.00000,0.00000,0.0092,0,0,0,1,+5.000,+0.000,+5.000,-0.01803,+0.437,+0.00000,0.00,+0.00000,0,+0.00000,+0.00000,0.00000,+8.881,0,80.0,32.0
12.671763,2,1,0.241454,0.241454,0.2400,+0.00145,1,0,0,+0.00000,+0.00000,0.00000,0.00,+0.00000,+0.00000,0.00000,0.0091,0,0,0,1,+5.000,+0.000,+5.000,-0.01865,+0.437,+0.00000,0.00,+0.00000,0,+0.00000,+0.00000,0.00000,+9.022,0,80.0,32.0
12.676150,2,1,0.241450,0.241450,0.2400,+0.00145,1,0,0,+0.00000,+0.00000,0.00000,0.00,+0.00000,+0.00000,0.00000,0.0090,0,0,0,1,+5.000,+0.000,+5.000,-0.01865,+0.437,+0.00000,0.00,+0.00000,0,+0.00000,+0.00000,0.00000,+9.022,0,80.0,32.0
12.680899,2,1,0.241446,0.241446,0.2400,+0.00145,1,0,0,+0.00000,+0.00000,0.00000,0.00,+0.00000,+0.00000,0.00000,0.0089,0,0,0,1,+5.000,+0.000,+5.000,-0.01926,+0.437,+0.00000,0.00,+0.00000,0,+0.00000,+0.00000,0.00000,+9.163,0,80.0,32.0
12.685530,2,1,0.241441,0.241441,0.2400,+0.00144,1,0,0,+0.00000,+0.00000,0.00000,0.00,+0.00000,+0.00000,0.00000,0.0088,0,0,0,1,+5.000,+0.000,+5.000,-0.01926,+0.437,+0.00000,0.00,+0.00000,0,+0.00000,+0.00000,0.00000,+9.163,0,80.0,32.0
12.690116,2,1,0.241437,0.241437,0.2400,+0.00144,1,0,0,+0.00000,+0.00000,0.00000,0.00,+0.00000,+0.00000,0.00000,0.0088,0,0,0,1,+5.000,+0.000,+5.000,-0.01985,+0.438,+0.00000,0.00,+0.00000,0,+0.00000,+0.00000,0.00000,+9.299,0,80.0,32.0
12.694659,2,1,0.241432,0.241432,0.2400,+0.00143,1,0,0,+0.00000,+0.00000,0.00000,0.00,+0.00000,+0.00000,0.00000,0.0087,0,0,0,1,+5.000,+0.000,+5.000,-0.01985,+0.438,+0.00000,0.00,+0.00000,0,+0.00000,+0.00000,0.00000,+9.299,0,80.0,32.0
12.699265,2,1,0.241428,0.241428,0.2400,+0.00143,1,0,0,+0.00000,+0.00000,0.00000,0.00,+0.00000,+0.00000,0.00000,0.0086,0,0,0,1,+5.000,+0.000,+5.000,-0.02042,+0.438,+0.00000,0.00,+0.00000,0,+0.00000,+0.00000,0.00000,+9.428,0,80.0,32.0
12.703938,2,1,0.241424,0.241424,0.2400,+0.00142,1,0,0,+0.00000,+0.00000,0.00000,0.00,+0.00000,+0.00000,0.00000,0.0085,0,0,0,1,+5.000,+0.000,+5.000,-0.02042,+0.438,+0.00000,0.00,+0.00000,0,+0.00000,+0.00000,0.00000,+9.428,0,80.0,32.0
12.708619,2,1,0.241419,0.241419,0.2400,+0.00142,1,0,0,+0.00000,+0.00000,0.00000,0.00,+0.00000,+0.00000,0.00000,0.0084,0,0,0,1,+5.000,+0.000,+5.000,-0.02102,+0.438,+0.00000,0.00,+0.00000,0,+0.00000,+0.00000,0.00000,+9.567,0,80.0,32.0
12.712815,2,1,0.241415,0.241415,0.2400,+0.00142,1,0,0,+0.00000,+0.00000,0.00000,0.00,+0.00000,+0.00000,0.00000,0.0084,0,0,0,1,+5.000,+0.000,+5.000,-0.02102,+0.438,+0.00000,0.00,+0.00000,0,+0.00000,+0.00000,0.00000,+9.567,0,80.0,32.0
12.722302,2,1,0.241406,0.241406,0.2400,+0.00141,1,0,0,+0.00000,+0.00000,0.00000,0.00,+0.00000,+0.00000,0.00000,0.0082,0,0,0,1,+5.000,+0.000,+5.000,-0.02161,+0.438,+0.00000,0.00,+0.00000,0,+0.00000,+0.00000,0.00000,+9.701,0,80.0,32.0
12.726601,2,1,0.241402,0.241402,0.2400,+0.00140,1,0,0,+0.00000,+0.00000,0.00000,0.00,+0.00000,+0.00000,0.00000,0.0081,0,0,0,1,+5.000,+0.000,+5.000,-0.02213,+0.438,+0.00000,0.00,+0.00000,0,+0.00000,+0.00000,0.00000,+9.820,0,80.0,32.0
12.731271,2,1,0.241398,0.241398,0.2400,+0.00140,1,0,0,+0.00000,+0.00000,0.00000,0.00,+0.00000,+0.00000,0.00000,0.0081,0,0,0,1,+5.000,+0.000,+5.000,-0.02266,+0.438,+0.00000,0.00,+0.00000,0,+0.00000,+0.00000,0.00000,+9.941,0,80.0,32.0
12.735512,2,1,0.241394,0.241394,0.2400,+0.00139,1,0,0,+0.00000,+0.00000,0.00000,0.00,+0.00000,+0.00000,0.00000,0.0080,0,0,0,1,+5.000,+0.000,+5.000,-0.02266,+0.438,+0.00000,0.00,+0.00000,0,+0.00000,+0.00000,0.00000,+9.941,0,80.0,32.0
12.740047,2,1,0.241390,0.241390,0.2400,+0.00139,1,0,0,+0.00000,+0.00000,0.00000,0.00,+0.00000,+0.00000,0.00000,0.0079,0,0,0,1,+5.000,+0.000,+5.000,-0.02266,+0.438,+0.00000,0.00,+0.00000,0,+0.00000,+0.00000,0.00000,+9.941,0,80.0,32.0
12.748566,2,1,0.241382,0.241382,0.2400,+0.00138,1,0,0,+0.00000,+0.00000,0.00000,0.00,+0.00000,+0.00000,0.00000,0.0078,0,0,0,1,+5.000,+0.000,+5.000,-0.02386,+0.439,+0.00000,0.00,+0.00000,0,+0.00000,+0.00000,0.00000,+10.216,0,80.0,32.0
12.753162,2,1,0.241378,0.241378,0.2400,+0.00138,1,0,0,+0.00000,+0.00000,0.00000,0.00,+0.00000,+0.00000,0.00000,0.0077,0,0,0,1,+5.000,+0.000,+5.000,-0.02386,+0.439,+0.00000,0.00,+0.00000,0,+0.00000,+0.00000,0.00000,+10.216,0,80.0,32.0
12.757799,2,1,0.241373,0.241373,0.2400,+0.00137,1,0,0,+0.00000,+0.00000,0.00000,0.00,+0.00000,+0.00000,0.00000,0.0076,0,0,0,1,+5.000,+0.000,+5.000,-0.02441,+0.439,+0.00000,0.00,+0.00000,0,+0.00000,+0.00000,0.00000,+10.342,0,80.0,32.0
12.762358,2,1,0.241369,0.241369,0.2400,+0.00137,1,0,0,+0.00000,+0.00000,0.00000,0.00,+0.00000,+0.00000,0.00000,0.0076,0,0,0,1,+5.000,+0.000,+5.000,-0.02441,+0.439,+0.00000,0.00,+0.00000,0,+0.00000,+0.00000,0.00000,+10.342,0,80.0,32.0
12.766773,2,1,0.241365,0.241365,0.2400,+0.00137,1,0,0,+0.00000,+0.00000,0.00000,0.00,+0.00000,+0.00000,0.00000,0.0075,0,0,0,1,+5.000,+0.000,+5.000,-0.02494,+0.439,+0.00000,0.00,+0.00000,0,+0.00000,+0.00000,0.00000,+10.465,0,80.0,32.0
12.771314,2,1,0.241361,0.241361,0.2400,+0.00136,1,0,0,+0.00000,+0.00000,0.00000,0.00,+0.00000,+0.00000,0.00000,0.0074,0,0,0,1,+5.000,+0.000,+5.000,-0.02494,+0.439,+0.00000,0.00,+0.00000,0,+0.00000,+0.00000,0.00000,+10.465,0,80.0,32.0
12.787848,2,1,0.241346,0.241346,0.2400,+0.00135,1,0,0,+0.00000,+0.00000,0.00000,0.00,+0.00000,+0.00000,0.00000,0.0072,0,0,0,1,+5.000,+0.000,+5.000,-0.02554,+0.439,+0.00000,0.00,+0.00000,0,+0.00000,+0.00000,0.00000,+10.601,0,80.0,32.0
12.792521,2,1,0.241342,0.241342,0.2400,+0.00134,1,0,0,+0.00000,+0.00000,0.00000,0.00,+0.00000,+0.00000,0.00000,0.0071,0,0,0,1,+5.000,+0.000,+5.000,-0.02650,+0.440,+0.00000,0.00,+0.00000,0,+0.00000,+0.00000,0.00000,+10.822,0,80.0,32.0
12.797148,2,1,0.241338,0.241338,0.2400,+0.00134,1,0,0,+0.00000,+0.00000,0.00000,0.00,+0.00000,+0.00000,0.00000,0.0071,0,0,0,1,+5.000,+0.000,+5.000,-0.02693,+0.440,+0.00000,0.00,+0.00000,0,+0.00000,+0.00000,0.00000,+10.921,0,80.0,32.0
12.801761,2,1,0.241334,0.241334,0.2400,+0.00133,1,0,0,+0.00000,+0.00000,0.00000,0.00,+0.00000,+0.00000,0.00000,0.0070,0,0,0,1,+5.000,+0.000,+5.000,-0.02693,+0.440,+0.00000,0.00,+0.00000,0,+0.00000,+0.00000,0.00000,+10.921,0,80.0,32.0
12.806221,2,1,0.241330,0.241330,0.2400,+0.00133,1,0,0,+0.00000,+0.00000,0.00000,0.00,+0.00000,+0.00000,0.00000,0.0069,0,0,0,1,+5.000,+0.000,+5.000,-0.02754,+0.440,+0.00000,0.00,+0.00000,0,+0.00000,+0.00000,0.00000,+11.060,0,80.0,32.0
12.810735,2,1,0.241326,0.241326,0.2400,+0.00133,1,0,0,+0.00000,+0.00000,0.00000,0.00,+0.00000,+0.00000,0.00000,0.0069,0,0,0,1,+5.000,+0.000,+5.000,-0.02754,+0.440,+0.00000,0.00,+0.00000,0,+0.00000,+0.00000,0.00000,+11.060,0,80.0,32.0
12.815249,2,1,0.241322,0.241322,0.2400,+0.00132,1,0,0,+0.00000,+0.00000,0.00000,0.00,+0.00000,+0.00000,0.00000,0.0068,0,0,0,1,+5.000,+0.000,+5.000,-0.02815,+0.440,+0.00000,0.00,+0.00000,0,+0.00000,+0.00000,0.00000,+11.200,0,80.0,32.0
12.820182,2,1,0.241317,0.241317,0.2400,+0.00132,1,0,0,+0.00000,+0.00000,0.00000,0.00,+0.00000,+0.00000,0.00000,0.0067,0,0,0,1,+5.000,+0.000,+5.000,-0.02815,+0.440,+0.00000,0.00,+0.00000,0,+0.00000,+0.00000,0.00000,+11.200,0,80.0,32.0
12.826000,2,1,0.241312,0.241312,0.2400,+0.00131,1,0,0,+0.00000,+0.00000,0.00000,0.00,+0.00000,+0.00000,0.00000,0.0067,0,0,0,1,+5.000,+0.000,+5.000,-0.02871,+0.440,+0.00000,0.00,+0.00000,0,+0.00000,+0.00000,0.00000,+11.327,0,80.0,32.0
12.831557,2,1,0.241307,0.241307,0.2400,+0.00131,1,0,0,+0.00000,+0.00000,0.00000,0.00,+0.00000,+0.00000,0.00000,0.0066,0,0,0,1,+5.000,+0.000,+5.000,-0.02926,+0.441,+0.00000,0.00,+0.00000,0,+0.00000,+0.00000,0.00000,+11.455,0,80.0,32.0
12.836211,2,1,0.241303,0.241303,0.2400,+0.00130,1,0,0,+0.00000,+0.00000,0.00000,0.00,+0.00000,+0.00000,0.00000,0.0065,0,0,0,1,+5.000,+0.000,+5.000,-0.02926,+0.441,+0.00000,0.00,+0.00000,0,+0.00000,+0.00000,0.00000,+11.455,0,80.0,32.0
12.840768,2,1,0.241299,0.241299,0.2400,+0.00130,1,0,0,+0.00000,+0.00000,0.00000,0.00,+0.00000,+0.00000,0.00000,0.0065,0,0,0,1,+5.000,+0.000,+5.000,-0.02987,+0.441,+0.00000,0.00,+0.00000,0,+0.00000,+0.00000,0.00000,+11.593,0,80.0,32.0
12.845288,2,1,0.241296,0.241296,0.2400,+0.00130,1,0,0,+0.00000,+0.00000,0.00000,0.00,+0.00000,+0.00000,0.00000,0.0064,0,0,0,1,+5.000,+0.000,+5.000,-0.02987,+0.441,+0.00000,0.00,+0.00000,0,+0.00000,+0.00000,0.00000,+11.593,0,80.0,32.0
12.849827,2,1,0.241292,0.241292,0.2400,+0.00129,1,0,0,+0.00000,+0.00000,0.00000,0.00,+0.00000,+0.00000,0.00000,0.0064,0,0,0,1,+5.000,+0.000,+5.000,-0.03040,+0.441,+0.00000,0.00,+0.00000,0,+0.00000,+0.00000,0.00000,+11.716,0,80.0,32.0
12.856818,2,1,0.241286,0.241286,0.2400,+0.00129,1,0,0,+0.00000,+0.00000,0.00000,0.00,+0.00000,+0.00000,0.00000,0.0063,0,0,0,1,+5.000,+0.000,+5.000,-0.03097,+0.441,+0.00000,0.00,+0.00000,0,+0.00000,+0.00000,0.00000,+11.846,0,80.0,32.0
12.861545,2,1,0.241282,0.241282,0.2400,+0.00128,1,0,0,+0.00000,+0.00000,0.00000,0.00,+0.00000,+0.00000,0.00000,0.0062,0,0,0,1,+5.000,+0.000,+5.000,-0.03097,+0.441,+0.00000,0.00,+0.00000,0,+0.00000,+0.00000,0.00000,+11.846,0,80.0,32.0
12.866120,2,1,0.241278,0.241278,0.2400,+0.00128,1,0,0,+0.00000,+0.00000,0.00000,0.00,+0.00000,+0.00000,0.00000,0.0062,0,0,0,1,+5.000,+0.000,+5.000,-0.03160,+0.442,+0.00000,0.00,+0.00000,0,+0.00000,+0.00000,0.00000,+11.990,0,80.0,32.0
12.870722,2,1,0.241274,0.241274,0.2400,+0.00127,1,0,0,+0.00000,+0.00000,0.00000,0.00,+0.00000,+0.00000,0.00000,0.0061,0,0,0,1,+5.000,+0.000,+5.000,-0.03160,+0.442,+0.00000,0.00,+0.00000,0,+0.00000,+0.00000,0.00000,+11.990,0,80.0,32.0
12.875245,2,1,0.241270,0.241270,0.2400,+0.00127,1,0,0,+0.00000,+0.00000,0.00000,0.00,+0.00000,+0.00000,0.00000,0.0060,0,0,0,1,+5.000,+0.000,+5.000,-0.03210,+0.442,+0.00000,0.00,+0.00000,0,+0.00000,+0.00000,0.00000,+12.106,0,80.0,32.0
12.880511,2,1,0.241265,0.241265,0.2400,+0.00127,1,0,0,+0.00000,+0.00000,0.00000,0.00,+0.00000,+0.00000,0.00000,0.0060,0,0,0,1,+5.000,+0.000,+5.000,-0.03210,+0.442,+0.00000,0.00,+0.00000,0,+0.00000,+0.00000,0.00000,+12.106,0,80.0,32.0
12.896806,2,1,0.241252,0.241252,0.2400,+0.00125,1,0,0,+0.00000,+0.00000,0.00000,0.00,+0.00000,+0.00000,0.00000,0.0058,0,0,0,1,+5.000,+0.000,+5.000,-0.03361,+0.442,+0.00000,0.00,+0.00000,0,+0.00000,+0.00000,0.00000,+12.451,0,80.0,32.0
12.901386,2,1,0.241248,0.241248,0.2400,+0.00125,1,0,0,+0.00000,+0.00000,0.00000,0.00,+0.00000,+0.00000,0.00000,0.0057,0,0,0,1,+5.000,+0.000,+5.000,-0.03361,+0.442,+0.00000,0.00,+0.00000,0,+0.00000,+0.00000,0.00000,+12.451,0,80.0,32.0
12.906044,2,1,0.241244,0.241244,0.2400,+0.00124,1,0,0,+0.00000,+0.00000,0.00000,0.00,+0.00000,+0.00000,0.00000,0.0057,0,0,0,1,+5.000,+0.000,+5.000,-0.03421,+0.443,+0.00000,0.00,+0.00000,0,+0.00000,+0.00000,0.00000,+12.588,0,80.0,32.0
12.910325,2,1,0.241241,0.241241,0.2400,+0.00124,1,0,0,+0.00000,+0.00000,0.00000,0.00,+0.00000,+0.00000,0.00000,0.0056,0,0,0,1,+5.000,+0.000,+5.000,-0.03421,+0.443,+0.00000,0.00,+0.00000,0,+0.00000,+0.00000,0.00000,+12.588,0,80.0,32.0
12.914667,2,1,0.241237,0.241237,0.2400,+0.00124,1,0,0,+0.00000,+0.00000,0.00000,0.00,+0.00000,+0.00000,0.00000,0.0056,0,0,0,1,+5.000,+0.000,+5.000,-0.03473,+0.443,+0.00000,0.00,+0.00000,0,+0.00000,+0.00000,0.00000,+12.708,0,80.0,32.0
12.921225,2,1,0.241232,0.241232,0.2400,+0.00123,1,0,0,+0.00000,+0.00000,0.00000,0.00,+0.00000,+0.00000,0.00000,0.0055,0,0,0,1,+5.000,+0.000,+5.000,-0.03473,+0.443,+0.00000,0.00,+0.00000,0,+0.00000,+0.00000,0.00000,+12.708,0,80.0,32.0
12.925682,2,1,0.241228,0.241228,0.2400,+0.00123,1,0,0,+0.00000,+0.00000,0.00000,0.00,+0.00000,+0.00000,0.00000,0.0055,0,0,0,1,+5.000,+0.000,+5.000,-0.03529,+0.443,+0.00000,0.00,+0.00000,0,+0.00000,+0.00000,0.00000,+12.837,0,80.0,32.0
12.930010,2,1,0.241224,0.241224,0.2400,+0.00122,1,0,0,+0.00000,+0.00000,0.00000,0.00,+0.00000,+0.00000,0.00000,0.0054,0,0,0,1,+5.000,+0.000,+5.000,-0.03529,+0.443,+0.00000,0.00,+0.00000,0,+0.00000,+0.00000,0.00000,+12.837,0,80.0,32.0
12.934595,2,1,0.241221,0.241221,0.2400,+0.00122,1,0,0,+0.00000,+0.00000,0.00000,0.00,+0.00000,+0.00000,0.00000,0.0054,0,0,0,1,+5.000,+0.000,+5.000,-0.03591,+0.443,+0.00000,0.00,+0.00000,0,+0.00000,+0.00000,0.00000,+12.978,0,80.0,32.0
12.939145,2,1,0.241217,0.241217,0.2400,+0.00122,1,0,0,+0.00000,+0.00000,0.00000,0.00,+0.00000,+0.00000,0.00000,0.0053,0,0,0,1,+5.000,+0.000,+5.000,-0.03641,+0.443,+0.00000,0.00,+0.00000,0,+0.00000,+0.00000,0.00000,+13.093,0,80.0,32.0
12.943725,2,1,0.241213,0.241213,0.2400,+0.00121,1,0,0,+0.00000,+0.00000,0.00000,0.00,+0.00000,+0.00000,0.00000,0.0053,0,0,0,1,+5.000,+0.000,+5.000,-0.03641,+0.443,+0.00000,0.00,+0.00000,0,+0.00000,+0.00000,0.00000,+13.093,0,80.0,32.0
12.948407,2,1,0.241209,0.241209,0.2400,+0.00121,1,0,0,+0.00000,+0.00000,0.00000,0.00,+0.00000,+0.00000,0.00000,0.0052,0,0,0,1,+5.000,+0.000,+5.000,-0.03702,+0.444,+0.00000,0.00,+0.00000,0,+0.00000,+0.00000,0.00000,+13.233,0,80.0,32.0
12.952647,2,1,0.241206,0.241206,0.2400,+0.00121,1,0,0,+0.00000,+0.00000,0.00000,0.00,+0.00000,+0.00000,0.00000,0.0052,0,0,0,1,+5.000,+0.000,+5.000,-0.03702,+0.444,+0.00000,0.00,+0.00000,0,+0.00000,+0.00000,0.00000,+13.233,0,80.0,32.0
12.957175,2,1,0.241202,0.241202,0.2400,+0.00120,1,0,0,+0.00000,+0.00000,0.00000,0.00,+0.00000,+0.00000,0.00000,0.0051,0,0,0,1,+5.000,+0.000,+5.000,-0.03702,+0.444,+0.00000,0.00,+0.00000,0,+0.00000,+0.00000,0.00000,+13.233,0,80.0,32.0
12.961837,2,1,0.241199,0.241199,0.2400,+0.00120,1,0,0,+0.00000,+0.00000,0.00000,0.00,+0.00000,+0.00000,0.00000,0.0051,0,0,0,1,+5.000,+0.000,+5.000,-0.03765,+0.444,+0.00000,0.00,+0.00000,0,+0.00000,+0.00000,0.00000,+13.376,0,80.0,32.0
12.966280,2,1,0.241195,0.241195,0.2400,+0.00120,1,0,0,+0.00000,+0.00000,0.00000,0.00,+0.00000,+0.00000,0.00000,0.0050,0,0,0,1,+5.000,+0.000,+5.000,-0.03817,+0.444,+0.00000,0.00,+0.00000,0,+0.00000,+0.00000,0.00000,+13.497,0,80.0,32.0
12.970841,2,1,0.241192,0.241192,0.2400,+0.00119,1,0,0,+0.00000,+0.00000,0.00000,0.00,+0.00000,+0.00000,0.00000,0.0050,0,0,0,1,+5.000,+0.000,+5.000,-0.03817,+0.444,+0.00000,0.00,+0.00000,0,+0.00000,+0.00000,0.00000,+13.497,0,80.0,32.0
12.975204,2,1,0.241188,0.241188,0.2400,+0.00119,1,0,0,+0.00000,+0.00000,0.00000,0.00,+0.00000,+0.00000,0.00000,0.0049,0,0,0,1,+5.000,+0.000,+5.000,-0.03872,+0.444,+0.00000,0.00,+0.00000,0,+0.00000,+0.00000,0.00000,+13.624,0,80.0,32.0
12.979529,2,1,0.241185,0.241185,0.2400,+0.00118,1,0,0,+0.00000,+0.00000,0.00000,0.00,+0.00000,+0.00000,0.00000,0.0049,0,0,0,1,+5.000,+0.000,+5.000,-0.03872,+0.444,+0.00000,0.00,+0.00000,0,+0.00000,+0.00000,0.00000,+13.624,0,80.0,32.0
12.983716,2,1,0.241181,0.241181,0.2400,+0.00118,1,0,0,+0.00000,+0.00000,0.00000,0.00,+0.00000,+0.00000,0.00000,0.0049,0,0,0,1,+5.000,+0.000,+5.000,-0.03928,+0.445,+0.00000,0.00,+0.00000,0,+0.00000,+0.00000,0.00000,+13.751,0,80.0,32.0
12.987931,2,1,0.241178,0.241178,0.2400,+0.00118,1,0,0,+0.00000,+0.00000,0.00000,0.00,+0.00000,+0.00000,0.00000,0.0048,0,0,0,1,+5.000,+0.000,+5.000,-0.03928,+0.445,+0.00000,0.00,+0.00000,0,+0.00000,+0.00000,0.00000,+13.751,0,80.0,32.0
12.992481,2,1,0.241174,0.241174,0.2400,+0.00117,1,0,0,+0.00000,+0.00000,0.00000,0.00,+0.00000,+0.00000,0.00000,0.0048,0,0,0,1,+5.000,+0.000,+5.000,-0.03990,+0.445,+0.00000,0.00,+0.00000,0,+0.00000,+0.00000,0.00000,+13.894,0,80.0,32.0
12.997071,2,1,0.241171,0.241171,0.2400,+0.00117,1,0,0,+0.00000,+0.00000,0.00000,0.00,+0.00000,+0.00000,0.00000,0.0047,0,0,0,1,+5.000,+0.000,+5.000,-0.03990,+0.445,+0.00000,0.00,+0.00000,0,+0.00000,+0.00000,0.00000,+13.894,0,80.0,32.0
13.001625,2,1,0.241167,0.241167,0.2400,+0.00117,1,0,0,+0.00000,+0.00000,0.00000,0.00,+0.00000,+0.00000,0.00000,0.0047,0,0,0,1,+5.000,+0.000,+5.000,-0.04049,+0.445,+0.00000,0.00,+0.00000,0,+0.00000,+0.00000,0.00000,+14.028,0,80.0,32.0
13.005868,2,1,0.241164,0.241164,0.2400,+0.00116,1,0,0,+0.00000,+0.00000,0.00000,0.00,+0.00000,+0.00000,0.00000,0.0047,0,0,0,1,+5.000,+0.000,+5.000,-0.04049,+0.445,+0.00000,0.00,+0.00000,0,+0.00000,+0.00000,0.00000,+14.028,0,80.0,32.0
13.026025,2,1,0.241148,0.241148,0.2400,+0.00115,1,0,0,+0.00000,+0.00000,0.00000,0.00,+0.00000,+0.00000,0.00000,0.0045,0,0,0,1,+5.000,+0.000,+5.000,-0.04049,+0.445,+0.00000,0.00,+0.00000,0,+0.00000,+0.00000,0.00000,+14.028,0,80.0,32.0
13.031451,2,1,0.241144,0.241144,0.2400,+0.00114,1,0,0,+0.00000,+0.00000,0.00000,0.00,+0.00000,+0.00000,0.00000,0.0044,0,0,0,1,+5.000,+0.000,+5.000,-0.04223,+0.446,+0.00000,0.00,+0.00000,0,+0.00000,+0.00000,0.00000,+14.428,0,80.0,32.0
13.035809,2,1,0.241141,0.241141,0.2400,+0.00114,1,0,0,+0.00000,+0.00000,0.00000,0.00,+0.00000,+0.00000,0.00000,0.0044,0,0,0,1,+5.000,+0.000,+5.000,-0.04259,+0.446,+0.00000,0.00,+0.00000,0,+0.00000,+0.00000,0.00000,+14.509,0,80.0,32.0
13.040459,2,1,0.241137,0.241137,0.2400,+0.00114,1,0,0,+0.00000,+0.00000,0.00000,0.00,+0.00000,+0.00000,0.00000,0.0043,0,0,0,1,+5.000,+0.000,+5.000,-0.04259,+0.446,+0.00000,0.00,+0.00000,0,+0.00000,+0.00000,0.00000,+14.509,0,80.0,32.0
13.045894,2,1,0.241133,0.241133,0.2400,+0.00113,1,0,0,+0.00000,+0.00000,0.00000,0.00,+0.00000,+0.00000,0.00000,0.0043,0,0,0,1,+5.000,+0.000,+5.000,-0.04319,+0.446,+0.00000,0.00,+0.00000,0,+0.00000,+0.00000,0.00000,+14.647,0,80.0,32.0
13.050873,2,1,0.241130,0.241130,0.2400,+0.00113,1,0,0,+0.00000,+0.00000,0.00000,0.00,+0.00000,+0.00000,0.00000,0.0043,0,0,0,1,+5.000,+0.000,+5.000,-0.04377,+0.447,+0.00000,0.00,+0.00000,0,+0.00000,+0.00000,0.00000,+14.779,0,80.0,32.0
13.055442,2,1,0.241126,0.241126,0.2400,+0.00113,1,0,0,+0.00000,+0.00000,0.00000,0.00,+0.00000,+0.00000,0.00000,0.0042,0,0,0,1,+5.000,+0.000,+5.000,-0.04377,+0.447,+0.00000,0.00,+0.00000,0,+0.00000,+0.00000,0.00000,+14.779,0,80.0,32.0
13.060096,2,1,0.241123,0.241123,0.2400,+0.00112,1,0,0,+0.00000,+0.00000,0.00000,0.00,+0.00000,+0.00000,0.00000,0.0042,0,0,0,1,+5.000,+0.000,+5.000,-0.04437,+0.447,+0.00000,0.00,+0.00000,0,+0.00000,+0.00000,0.00000,+14.918,0,80.0,32.0
13.064676,2,1,0.241119,0.241119,0.2400,+0.00112,1,0,0,+0.00000,+0.00000,0.00000,0.00,+0.00000,+0.00000,0.00000,0.0041,0,0,0,1,+5.000,+0.000,+5.000,-0.04437,+0.447,+0.00000,0.00,+0.00000,0,+0.00000,+0.00000,0.00000,+14.918,0,80.0,32.0
13.069206,2,1,0.241116,0.241116,0.2400,+0.00112,1,0,0,+0.00000,+0.00000,0.00000,0.00,+0.00000,+0.00000,0.00000,0.0041,0,0,0,1,+5.000,+0.000,+5.000,-0.04488,+0.447,+0.00000,0.00,+0.00000,0,+0.00000,+0.00000,0.00000,+15.035,0,80.0,32.0
13.073812,2,1,0.241112,0.241112,0.2400,+0.00111,1,0,0,+0.00000,+0.00000,0.00000,0.00,+0.00000,+0.00000,0.00000,0.0041,0,0,0,1,+5.000,+0.000,+5.000,-0.04488,+0.447,+0.00000,0.00,+0.00000,0,+0.00000,+0.00000,0.00000,+15.035,0,80.0,32.0
13.078220,2,1,0.241109,0.241109,0.2400,+0.00111,1,0,0,+0.00000,+0.00000,0.00000,0.00,+0.00000,+0.00000,0.00000,0.0040,0,0,0,1,+5.000,+0.000,+5.000,-0.04541,+0.447,+0.00000,0.00,+0.00000,0,+0.00000,+0.00000,0.00000,+15.155,0,80.0,32.0
13.082777,2,1,0.241106,0.241106,0.2400,+0.00111,1,0,0,+0.00000,+0.00000,0.00000,0.00,+0.00000,+0.00000,0.00000,0.0040,0,0,0,1,+5.000,+0.000,+5.000,-0.04541,+0.447,+0.00000,0.00,+0.00000,0,+0.00000,+0.00000,0.00000,+15.155,0,80.0,32.0
13.087314,2,1,0.241103,0.241103,0.2400,+0.00110,1,0,0,+0.00000,+0.00000,0.00000,0.00,+0.00000,+0.00000,0.00000,0.0040,0,0,0,1,+5.000,+0.000,+5.000,-0.04600,+0.448,+0.00000,0.00,+0.00000,0,+0.00000,+0.00000,0.00000,+15.290,0,80.0,32.0
13.099490,2,1,0.241094,0.241094,0.2400,+0.00109,1,0,0,+0.00000,+0.00000,0.00000,0.00,+0.00000,+0.00000,0.00000,0.0039,0,0,0,1,+5.000,+0.000,+5.000,-0.04671,+0.448,+0.00000,0.00,+0.00000,0,+0.00000,+0.00000,0.00000,+15.453,0,80.0,32.0
13.104018,2,1,0.241090,0.241090,0.2400,+0.00109,1,0,0,+0.00000,+0.00000,0.00000,0.00,+0.00000,+0.00000,0.00000,0.0038,0,0,0,1,+5.000,+0.000,+5.000,-0.04724,+0.448,+0.00000,0.00,+0.00000,0,+0.00000,+0.00000,0.00000,+15.575,0,80.0,32.0
13.108439,2,1,0.241087,0.241087,0.2400,+0.00109,1,0,0,+0.00000,+0.00000,0.00000,0.00,+0.00000,+0.00000,0.00000,0.0038,0,0,0,1,+5.000,+0.000,+5.000,-0.04724,+0.448,+0.00000,0.00,+0.00000,0,+0.00000,+0.00000,0.00000,+15.575,0,80.0,32.0
13.112997,2,1,0.241084,0.241084,0.2400,+0.00108,1,0,0,+0.00000,+0.00000,0.00000,0.00,+0.00000,+0.00000,0.00000,0.0038,0,0,0,1,+5.000,+0.000,+5.000,-0.04785,+0.449,+0.00000,0.00,+0.00000,0,+0.00000,+0.00000,0.00000,+15.716,0,80.0,32.0
13.117575,2,1,0.241080,0.241080,0.2400,+0.00108,1,0,0,+0.00000,+0.00000,0.00000,0.00,+0.00000,+0.00000,0.00000,0.0037,0,0,0,1,+5.000,+0.000,+5.000,-0.04785,+0.449,+0.00000,0.00,+0.00000,0,+0.00000,+0.00000,0.00000,+15.716,0,80.0,32.0
13.125311,2,1,0.241075,0.241075,0.2400,+0.00107,1,0,0,+0.00000,+0.00000,0.00000,0.00,+0.00000,+0.00000,0.00000,0.0037,0,0,0,1,+5.000,+0.000,+5.000,-0.04837,+0.449,+0.00000,0.00,+0.00000,0,+0.00000,+0.00000,0.00000,+15.833,0,80.0,32.0
13.129610,2,1,0.241072,0.241072,0.2400,+0.00107,1,0,0,+0.00000,+0.00000,0.00000,0.00,+0.00000,+0.00000,0.00000,0.0036,0,0,0,1,+5.000,+0.000,+5.000,-0.04892,+0.449,+0.00000,0.00,+0.00000,0,+0.00000,+0.00000,0.00000,+15.961,0,80.0,32.0
13.134164,2,1,0.241069,0.241069,0.2400,+0.00107,1,0,0,+0.00000,+0.00000,0.00000,0.00,+0.00000,+0.00000,0.00000,0.0036,0,0,0,1,+5.000,+0.000,+5.000,-0.04892,+0.449,+0.00000,0.00,+0.00000,0,+0.00000,+0.00000,0.00000,+15.961,0,80.0,32.0
13.138725,2,1,0.241065,0.241065,0.2400,+0.00107,1,0,0,+0.00000,+0.00000,0.00000,0.00,+0.00000,+0.00000,0.00000,0.0036,0,0,0,1,+5.000,+0.000,+5.000,-0.04944,+0.449,+0.00000,0.00,+0.00000,0,+0.00000,+0.00000,0.00000,+16.080,0,80.0,32.0
13.143233,2,1,0.241062,0.241062,0.2400,+0.00106,1,0,0,+0.00000,+0.00000,0.00000,0.00,+0.00000,+0.00000,0.00000,0.0035,0,0,0,1,+5.000,+0.000,+5.000,-0.04944,+0.449,+0.00000,0.00,+0.00000,0,+0.00000,+0.00000,0.00000,+16.080,0,80.0,32.0
13.147756,2,1,0.241059,0.241059,0.2400,+0.00106,1,0,0,+0.00000,+0.00000,0.00000,0.00,+0.00000,+0.00000,0.00000,0.0035,0,0,0,1,+5.000,+0.000,+5.000,-0.05000,+0.450,+0.00000,0.00,+0.00000,0,+0.00000,+0.00000,0.00000,+16.217,0,80.0,32.0
13.152337,2,1,0.241056,0.241056,0.2400,+0.00106,1,0,0,+0.00000,+0.00000,0.00000,0.00,+0.00000,+0.00000,0.00000,0.0035,0,0,0,1,+5.000,+0.000,+5.000,-0.05000,+0.450,+0.00000,0.00,+0.00000,0,+0.00000,+0.00000,0.00000,+16.217,0,80.0,32.0
13.159246,2,1,0.241051,0.241051,0.2400,+0.00105,1,0,0,+0.00000,+0.00000,0.00000,0.00,+0.00000,+0.00000,0.00000,0.0034,0,0,0,1,+5.000,+0.000,+5.000,-0.05000,+0.450,+0.00000,0.00,+0.00000,0,+0.00000,+0.00000,0.00000,+16.333,0,80.0,32.0
13.163996,2,1,0.241048,0.241048,0.2400,+0.00105,1,0,0,+0.00000,+0.00000,0.00000,0.00,+0.00000,+0.00000,0.00000,0.0034,0,0,0,1,+5.000,+0.000,+5.000,-0.05000,+0.450,+0.00000,0.00,+0.00000,0,+0.00000,+0.00000,0.00000,+16.471,0,80.0,32.0
13.168558,2,1,0.241044,0.241044,0.2400,+0.00104,1,0,0,+0.00000,+0.00000,0.00000,0.00,+0.00000,+0.00000,0.00000,0.0034,0,0,0,1,+5.000,+0.000,+5.000,-0.05000,+0.450,+0.00000,0.00,+0.00000,0,+0.00000,+0.00000,0.00000,+16.471,0,80.0,32.0
13.173143,2,1,0.241041,0.241041,0.2400,+0.00104,1,0,0,+0.00000,+0.00000,0.00000,0.00,+0.00000,+0.00000,0.00000,0.0033,0,0,0,1,+5.000,+0.000,+5.000,-0.05000,+0.451,+0.00000,0.00,+0.00000,0,+0.00000,+0.00000,0.00000,+16.610,0,80.0,32.0
13.177265,2,1,0.241038,0.241038,0.2400,+0.00104,1,0,0,+0.00000,+0.00000,0.00000,0.00,+0.00000,+0.00000,0.00000,0.0033,0,0,0,1,+5.000,+0.000,+5.000,-0.05000,+0.451,+0.00000,0.00,+0.00000,0,+0.00000,+0.00000,0.00000,+16.610,0,80.0,32.0
13.183814,2,1,0.241034,0.241034,0.2400,+0.00103,1,0,0,+0.00000,+0.00000,0.00000,0.00,+0.00000,+0.00000,0.00000,0.0033,0,0,0,1,+5.000,+0.000,+5.000,-0.05000,+0.451,+0.00000,0.00,+0.00000,0,+0.00000,+0.00000,0.00000,+16.730,0,80.0,32.0
13.188343,2,1,0.241031,0.241031,0.2400,+0.00103,1,0,0,+0.00000,+0.00000,0.00000,0.00,+0.00000,+0.00000,0.00000,0.0032,0,0,0,1,+5.000,+0.000,+5.000,-0.05000,+0.451,+0.00000,0.00,+0.00000,0,+0.00000,+0.00000,0.00000,+16.730,0,80.0,32.0
13.193071,2,1,0.241027,0.241027,0.2400,+0.00103,1,0,0,+0.00000,+0.00000,0.00000,0.00,+0.00000,+0.00000,0.00000,0.0032,0,0,0,1,+5.000,+0.000,+5.000,-0.05000,+0.451,+0.00000,0.00,+0.00000,0,+0.00000,+0.00000,0.00000,+16.854,0,80.0,32.0
13.197331,2,1,0.241025,0.241025,0.2400,+0.00102,1,0,0,+0.00000,+0.00000,0.00000,0.00,+0.00000,+0.00000,0.00000,0.0032,0,0,0,1,+5.000,+0.000,+5.000,-0.05000,+0.452,+0.00000,0.00,+0.00000,0,+0.00000,+0.00000,0.00000,+16.982,0,80.0,32.0
13.202378,2,1,0.241021,0.241021,0.2400,+0.00102,1,0,0,+0.00000,+0.00000,0.00000,0.00,+0.00000,+0.00000,0.00000,0.0031,0,0,0,1,+5.000,+0.000,+5.000,-0.05000,+0.452,+0.00000,0.00,+0.00000,0,+0.00000,+0.00000,0.00000,+16.982,0,80.0,32.0
13.207018,2,1,0.241018,0.241018,0.2400,+0.00102,1,0,0,+0.00000,+0.00000,0.00000,0.00,+0.00000,+0.00000,0.00000,0.0031,0,0,0,1,+5.000,+0.000,+5.000,-0.05000,+0.452,+0.00000,0.00,+0.00000,0,+0.00000,+0.00000,0.00000,+17.118,0,80.0,32.0
13.211571,2,1,0.241015,0.241015,0.2400,+0.00101,1,0,0,+0.00000,+0.00000,0.00000,0.00,+0.00000,+0.00000,0.00000,0.0031,0,0,0,1,+5.000,+0.000,+5.000,-0.05000,+0.452,+0.00000,0.00,+0.00000,0,+0.00000,+0.00000,0.00000,+17.118,0,80.0,32.0
13.216268,2,1,0.241012,0.241012,0.2400,+0.00101,1,0,0,+0.00000,+0.00000,0.00000,0.00,+0.00000,+0.00000,0.00000,0.0031,0,0,0,1,+5.000,+0.000,+5.000,-0.05000,+0.452,+0.00000,0.00,+0.00000,0,+0.00000,+0.00000,0.00000,+17.255,0,80.0,32.0
13.223894,2,1,0.241007,0.241007,0.2400,+0.00101,1,0,0,+0.00000,+0.00000,0.00000,0.00,+0.00000,+0.00000,0.00000,0.0030,0,0,0,1,+5.000,+0.000,+5.000,-0.05000,+0.453,+0.00000,0.00,+0.00000,0,+0.00000,+0.00000,0.00000,+17.389,0,194.6,0.0
13.228413,2,1,0.241004,0.241004,0.2400,+0.00100,1,0,0,+0.00000,+0.00000,0.00000,0.00,+0.00000,+0.00000,0.00000,0.0030,0,0,0,1,+5.000,+0.000,+5.000,-0.05000,+0.453,+0.00000,0.00,+0.00000,0,+0.00000,+0.00000,0.00000,+17.389,0,194.6,0.0
13.233054,2,1,0.241000,0.241000,0.2400,+0.00100,1,0,0,+0.00000,+0.00000,0.00000,0.00,+0.00000,+0.00000,0.00000,0.0030,0,0,0,1,+5.000,+0.000,+5.000,-0.05000,+0.453,+0.00000,0.00,+0.00000,0,+0.00000,+0.00000,0.00000,+17.389,0,194.6,0.0
13.238084,2,1,0.240997,0.240997,0.2400,+0.00100,1,0,0,+0.00000,+0.00000,0.00000,0.00,+0.00000,+0.00000,0.00000,0.0029,0,0,0,1,+5.000,+0.000,+5.000,-0.05000,+0.453,+0.00000,0.00,+0.00000,0,+0.00000,+0.00000,0.00000,+17.537,0,194.6,0.0
13.242902,2,1,0.240994,0.240994,0.2400,+0.00099,1,0,0,+0.00000,+0.00000,0.00000,0.00,+0.00000,+0.00000,0.00000,0.0029,0,0,0,1,+5.000,+0.000,+5.000,-0.05000,+0.453,+0.00000,0.00,+0.00000,0,+0.00000,+0.00000,0.00000,+17.652,0,194.6,0.0
13.247080,2,1,0.240991,0.240991,0.2400,+0.00099,1,0,0,+0.00000,+0.00000,0.00000,0.00,+0.00000,+0.00000,0.00000,0.0029,0,0,0,1,+5.000,+0.000,+5.000,-0.05000,+0.453,+0.00000,0.00,+0.00000,0,+0.00000,+0.00000,0.00000,+17.652,0,194.6,0.0
13.251738,2,1,0.240988,0.240988,0.2400,+0.00099,1,0,0,+0.00000,+0.00000,0.00000,0.00,+0.00000,+0.00000,0.00000,0.0028,0,0,0,1,+5.000,+0.000,+5.000,-0.05000,+0.453,+0.00000,0.00,+0.00000,0,+0.00000,+0.00000,0.00000,+17.780,0,194.6,0.0
13.255917,2,1,0.240985,0.240985,0.2400,+0.00099,1,0,0,+0.00000,+0.00000,0.00000,0.00,+0.00000,+0.00000,0.00000,0.0028,0,0,0,1,+5.000,+0.000,+5.000,-0.05000,+0.453,+0.00000,0.00,+0.00000,0,+0.00000,+0.00000,0.00000,+17.780,0,194.6,0.0
13.260351,2,1,0.240982,0.240982,0.2400,+0.00098,1,0,0,+0.00000,+0.00000,0.00000,0.00,+0.00000,+0.00000,0.00000,0.0028,0,0,0,1,+5.000,+0.000,+5.000,-0.05000,+0.454,+0.00000,0.00,+0.00000,0,+0.00000,+0.00000,0.00000,+17.919,0,194.6,0.0
13.264889,2,1,0.240979,0.240979,0.2400,+0.00098,1,0,0,+0.00000,+0.00000,0.00000,0.00,+0.00000,+0.00000,0.00000,0.0028,0,0,0,1,+5.000,+0.000,+5.000,-0.05000,+0.454,+0.00000,0.00,+0.00000,0,+0.00000,+0.00000,0.00000,+17.919,0,194.6,0.0
13.269609,2,1,0.240976,0.240976,0.2400,+0.00098,1,0,0,+0.00000,+0.00000,0.00000,0.00,+0.00000,+0.00000,0.00000,0.0027,0,0,0,1,+5.000,+0.000,+5.000,-0.05000,+0.454,+0.00000,0.00,+0.00000,0,+0.00000,+0.00000,0.00000,+18.045,0,194.6,0.0
13.279280,2,1,0.240970,0.240970,0.2400,+0.00097,1,0,0,+0.00000,+0.00000,0.00000,0.00,+0.00000,+0.00000,0.00000,0.0027,0,0,0,1,+5.000,+0.000,+5.000,-0.05000,+0.454,+0.00000,0.00,+0.00000,0,+0.00000,+0.00000,0.00000,+18.168,0,194.6,0.0
13.288054,2,1,0.240964,0.240964,0.2400,+0.00096,1,0,0,+0.00000,+0.00000,0.00000,0.00,+0.00000,+0.00000,0.00000,0.0026,0,0,0,1,+5.000,+0.000,+5.000,-0.05000,+0.455,+0.00000,0.00,+0.00000,0,+0.00000,+0.00000,0.00000,+18.342,0,194.6,0.0
13.292857,2,1,0.240961,0.240961,0.2400,+0.00096,1,0,0,+0.00000,+0.00000,0.00000,0.00,+0.00000,+0.00000,0.00000,0.0026,0,0,0,1,+5.000,+0.000,+5.000,-0.05000,+0.455,+0.00000,0.00,+0.00000,0,+0.00000,+0.00000,0.00000,+18.342,0,194.6,0.0
13.297620,2,1,0.240958,0.240958,0.2400,+0.00096,1,0,0,+0.00000,+0.00000,0.00000,0.00,+0.00000,+0.00000,0.00000,0.0026,0,0,0,1,+5.000,+0.000,+5.000,-0.05000,+0.455,+0.00000,0.00,+0.00000,0,+0.00000,+0.00000,0.00000,+18.487,0,194.6,0.0
13.302374,2,1,0.240955,0.240955,0.2400,+0.00096,1,0,0,+0.00000,+0.00000,0.00000,0.00,+0.00000,+0.00000,0.00000,0.0026,0,0,0,1,+5.000,+0.000,+5.000,-0.05000,+0.455,+0.00000,0.00,+0.00000,0,+0.00000,+0.00000,0.00000,+18.487,0,194.6,0.0
13.306743,2,1,0.240952,0.240952,0.2400,+0.00095,1,0,0,+0.00000,+0.00000,0.00000,0.00,+0.00000,+0.00000,0.00000,0.0025,0,0,0,1,+5.000,+0.000,+5.000,-0.05000,+0.455,+0.00000,0.00,+0.00000,0,+0.00000,+0.00000,0.00000,+18.487,0,194.6,0.0
13.314227,2,1,0.240948,0.240948,0.2400,+0.00095,1,0,0,+0.00000,+0.00000,0.00000,0.00,+0.00000,+0.00000,0.00000,0.0025,0,0,0,1,+5.000,+0.000,+5.000,-0.05000,+0.456,+0.00000,0.00,+0.00000,0,+0.00000,+0.00000,0.00000,+18.657,0,194.6,0.0
13.318784,2,1,0.240945,0.240945,0.2400,+0.00094,1,0,0,+0.00000,+0.00000,0.00000,0.00,+0.00000,+0.00000,0.00000,0.0025,0,0,0,1,+5.000,+0.000,+5.000,-0.05000,+0.456,+0.00000,0.00,+0.00000,0,+0.00000,+0.00000,0.00000,+18.762,0,194.6,0.0
13.323314,2,1,0.240942,0.240942,0.2400,+0.00094,1,0,0,+0.00000,+0.00000,0.00000,0.00,+0.00000,+0.00000,0.00000,0.0025,0,0,0,1,+5.000,+0.000,+5.000,-0.05000,+0.456,+0.00000,0.00,+0.00000,0,+0.00000,+0.00000,0.00000,+18.762,0,194.6,0.0
13.328328,2,1,0.240939,0.240939,0.2400,+0.00094,1,0,0,+0.00000,+0.00000,0.00000,0.00,+0.00000,+0.00000,0.00000,0.0024,0,0,0,1,+5.000,+0.000,+5.000,-0.05000,+0.456,+0.00000,0.00,+0.00000,0,+0.00000,+0.00000,0.00000,+18.898,0,194.6,0.0
13.333059,2,1,0.240936,0.240936,0.2400,+0.00094,1,0,0,+0.00000,+0.00000,0.00000,0.00,+0.00000,+0.00000,0.00000,0.0024,0,0,0,1,+5.000,+0.000,+5.000,-0.05000,+0.457,+0.00000,0.00,+0.00000,0,+0.00000,+0.00000,0.00000,+19.022,0,194.6,0.0
13.337565,2,1,0.240933,0.240933,0.2400,+0.00093,1,0,0,+0.00000,+0.00000,0.00000,0.00,+0.00000,+0.00000,0.00000,0.0024,0,0,0,1,+5.000,+0.000,+5.000,-0.05000,+0.457,+0.00000,0.00,+0.00000,0,+0.00000,+0.00000,0.00000,+19.022,0,194.6,0.0
13.342143,2,1,0.240930,0.240930,0.2400,+0.00093,1,0,0,+0.00000,+0.00000,0.00000,0.00,+0.00000,+0.00000,0.00000,0.0024,0,0,0,1,+5.000,+0.000,+5.000,-0.05000,+0.457,+0.00000,0.00,+0.00000,0,+0.00000,+0.00000,0.00000,+19.141,0,194.6,0.0
13.346321,2,1,0.240928,0.240928,0.2400,+0.00093,1,0,0,+0.00000,+0.00000,0.00000,0.00,+0.00000,+0.00000,0.00000,0.0024,0,0,0,1,+5.000,+0.000,+5.000,-0.05000,+0.457,+0.00000,0.00,+0.00000,0,+0.00000,+0.00000,0.00000,+19.141,0,194.6,0.0
13.350862,2,1,0.240925,0.240925,0.2400,+0.00092,1,0,0,+0.00000,+0.00000,0.00000,0.00,+0.00000,+0.00000,0.00000,0.0023,0,0,0,1,+5.000,+0.000,+5.000,-0.05000,+0.457,+0.00000,0.00,+0.00000,0,+0.00000,+0.00000,0.00000,+19.274,0,194.6,0.0
13.359544,2,1,0.240920,0.240920,0.2400,+0.00092,1,0,0,+0.00000,+0.00000,0.00000,0.00,+0.00000,+0.00000,0.00000,0.0023,0,0,0,1,+5.000,+0.000,+5.000,-0.05000,+0.457,+0.00000,0.00,+0.00000,0,+0.00000,+0.00000,0.00000,+19.274,0,194.6,0.0
13.364997,2,1,0.240916,0.240916,0.2400,+0.00092,1,0,0,+0.00000,+0.00000,0.00000,0.00,+0.00000,+0.00000,0.00000,0.0023,0,0,0,1,+5.000,+0.000,+5.000,-0.05000,+0.458,+0.00000,0.00,+0.00000,0,+0.00000,+0.00000,0.00000,+19.510,0,194.6,0.0
13.369597,2,1,0.240913,0.240913,0.2400,+0.00091,1,0,0,+0.00000,+0.00000,0.00000,0.00,+0.00000,+0.00000,0.00000,0.0022,0,0,0,1,+5.000,+0.000,+5.000,-0.05000,+0.458,+0.00000,0.00,+0.00000,0,+0.00000,+0.00000,0.00000,+19.510,0,194.6,0.0
13.374237,2,1,0.240911,0.240911,0.2400,+0.00091,1,0,0,+0.00000,+0.00000,0.00000,0.00,+0.00000,+0.00000,0.00000,0.0022,0,0,0,1,+5.000,+0.000,+5.000,-0.05000,+0.459,+0.00000,0.00,+0.00000,0,+0.00000,+0.00000,0.00000,+19.657,0,194.6,0.0
13.378803,2,1,0.240908,0.240908,0.2400,+0.00091,1,0,0,+0.00000,+0.00000,0.00000,0.00,+0.00000,+0.00000,0.00000,0.0022,0,0,0,1,+5.000,+0.000,+5.000,-0.05000,+0.459,+0.00000,0.00,+0.00000,0,+0.00000,+0.00000,0.00000,+19.657,0,194.6,0.0
13.383341,2,1,0.240905,0.240905,0.2400,+0.00091,1,0,0,+0.00000,+0.00000,0.00000,0.00,+0.00000,+0.00000,0.00000,0.0022,0,0,0,1,+5.000,+0.000,+5.000,-0.05000,+0.459,+0.00000,0.00,+0.00000,0,+0.00000,+0.00000,0.00000,+19.774,0,194.6,0.0
13.388129,2,1,0.240902,0.240902,0.2400,+0.00090,1,0,0,+0.00000,+0.00000,0.00000,0.00,+0.00000,+0.00000,0.00000,0.0022,0,0,0,1,+5.000,+0.000,+5.000,-0.05000,+0.459,+0.00000,0.00,+0.00000,0,+0.00000,+0.00000,0.00000,+19.774,0,194.6,0.0
13.392690,2,1,0.240899,0.240899,0.2400,+0.00090,1,0,0,+0.00000,+0.00000,0.00000,0.00,+0.00000,+0.00000,0.00000,0.0021,0,0,0,1,+5.000,+0.000,+5.000,-0.05000,+0.459,+0.00000,0.00,+0.00000,0,+0.00000,+0.00000,0.00000,+19.896,0,194.6,0.0
13.397270,2,1,0.240897,0.240897,0.2400,+0.00090,1,0,0,+0.00000,+0.00000,0.00000,0.00,+0.00000,+0.00000,0.00000,0.0021,0,0,0,1,+5.000,+0.000,+5.000,-0.05000,+0.459,+0.00000,0.00,+0.00000,0,+0.00000,+0.00000,0.00000,+19.896,0,194.6,0.0
13.402397,2,1,0.240894,0.240894,0.2400,+0.00089,1,0,0,+0.00000,+0.00000,0.00000,0.00,+0.00000,+0.00000,0.00000,0.0021,0,0,0,1,+5.000,+0.000,+5.000,-0.05000,+0.460,+0.00000,0.00,+0.00000,0,+0.00000,+0.00000,0.00000,+20.027,0,194.6,0.0
13.407012,2,1,0.240891,0.240891,0.2400,+0.00089,1,0,0,+0.00000,+0.00000,0.00000,0.00,+0.00000,+0.00000,0.00000,0.0021,0,0,0,1,+5.000,+0.000,+5.000,-0.05000,+0.460,+0.00000,0.00,+0.00000,0,+0.00000,+0.00000,0.00000,+20.153,0,194.6,0.0
13.411535,2,1,0.240888,0.240888,0.2400,+0.00089,1,0,0,+0.00000,+0.00000,0.00000,0.00,+0.00000,+0.00000,0.00000,0.0021,0,0,0,1,+5.000,+0.000,+5.000,-0.05000,+0.460,+0.00000,0.00,+0.00000,0,+0.00000,+0.00000,0.00000,+20.153,0,194.6,0.0
13.416132,2,1,0.240885,0.240885,0.2400,+0.00089,1,0,0,+0.00000,+0.00000,0.00000,0.00,+0.00000,+0.00000,0.00000,0.0020,0,0,0,1,+5.000,+0.000,+5.000,-0.05000,+0.460,+0.00000,0.00,+0.00000,0,+0.00000,+0.00000,0.00000,+20.153,0,194.6,0.0
13.420742,2,1,0.240883,0.240883,0.2400,+0.00088,1,0,0,+0.00000,+0.00000,0.00000,0.00,+0.00000,+0.00000,0.00000,0.0020,0,0,0,1,+5.000,+0.000,+5.000,-0.05000,+0.460,+0.00000,0.00,+0.00000,0,+0.00000,+0.00000,0.00000,+20.313,0,194.6,0.0
13.425779,2,1,0.240880,0.240880,0.2400,+0.00088,1,0,0,+0.00000,+0.00000,0.00000,0.00,+0.00000,+0.00000,0.00000,0.0020,0,0,0,1,+5.000,+0.000,+5.000,-0.05000,+0.461,+0.00000,0.00,+0.00000,0,+0.00000,+0.00000,0.00000,+20.427,0,194.6,0.0
13.429945,2,1,0.240877,0.240877,0.2400,+0.00088,1,0,0,+0.00000,+0.00000,0.00000,0.00,+0.00000,+0.00000,0.00000,0.0020,0,0,0,1,+5.000,+0.000,+5.000,-0.05000,+0.461,+0.00000,0.00,+0.00000,0,+0.00000,+0.00000,0.00000,+20.427,0,194.6,0.0
13.434825,2,1,0.240875,0.240875,0.2400,+0.00087,1,0,0,+0.00000,+0.00000,0.00000,0.00,+0.00000,+0.00000,0.00000,0.0020,0,0,0,1,+5.000,+0.000,+5.000,-0.05000,+0.461,+0.00000,0.00,+0.00000,0,+0.00000,+0.00000,0.00000,+20.572,0,194.6,0.0
13.439138,2,1,0.240872,0.240872,0.2400,+0.00087,1,0,0,+0.00000,+0.00000,0.00000,0.00,+0.00000,+0.00000,0.00000,0.0020,0,0,0,1,+5.000,+0.000,+5.000,-0.05000,+0.461,+0.00000,0.00,+0.00000,0,+0.00000,+0.00000,0.00000,+20.572,0,194.6,0.0
13.443726,2,1,0.240869,0.240869,0.2400,+0.00087,1,0,0,+0.00000,+0.00000,0.00000,0.00,+0.00000,+0.00000,0.00000,0.0019,0,0,0,1,+5.000,+0.000,+5.000,-0.05000,+0.462,+0.00000,0.00,+0.00000,0,+0.00000,+0.00000,0.00000,+20.696,0,194.6,0.0
13.448188,2,1,0.240867,0.240867,0.2400,+0.00087,1,0,0,+0.00000,+0.00000,0.00000,0.00,+0.00000,+0.00000,0.00000,0.0019,0,0,0,1,+5.000,+0.000,+5.000,-0.05000,+0.462,+0.00000,0.00,+0.00000,0,+0.00000,+0.00000,0.00000,+20.696,0,194.6,0.0
13.452722,3,1,0.240864,0.240864,0.2400,+0.00086,1,0,0,+0.00000,+0.00000,0.00000,0.00,+0.00000,+0.00000,0.00000,0.0019,0,0,0,1,+5.000,+0.000,+5.000,-0.05000,+0.462,+0.00000,0.00,+0.00000,0,+0.00000,+0.00000,0.00000,+20.821,0,194.6,0.0
13.457346,3,1,0.240861,0.240861,0.2400,+0.00086,1,0,0,+0.00000,+0.00000,0.00000,0.00,+0.00000,+0.00000,0.00000,0.0019,0,0,0,1,+5.000,+0.000,+5.000,-0.05000,+0.462,+0.00000,0.00,+0.00000,0,+0.00000,+0.00000,0.00000,+20.821,0,194.6,0.0
13.461884,3,1,0.240859,0.240859,0.2400,+0.00086,1,0,0,+0.00000,+0.00000,0.00000,0.00,+0.00000,+0.00000,0.00000,0.0019,0,0,0,1,+5.000,+0.000,+5.000,-0.05000,+0.462,+0.00000,0.00,+0.00000,0,+0.00000,+0.00000,0.00000,+20.935,0,194.6,0.0
13.466470,3,1,0.240856,0.240856,0.2400,+0.00086,1,0,0,+0.00000,+0.00000,0.00000,0.00,+0.00000,+0.00000,0.00000,0.0019,0,0,0,1,+5.000,+0.000,+5.000,-0.05000,+0.462,+0.00000,0.00,+0.00000,0,+0.00000,+0.00000,0.00000,+20.935,0,194.6,0.0
13.470987,3,1,0.240854,0.240854,0.2400,+0.00085,1,0,0,+0.00000,+0.00000,0.00000,0.00,+0.00000,+0.00000,0.00000,0.0018,0,0,0,1,+5.000,+0.000,+5.000,-0.05000,+0.463,+0.00000,0.00,+0.00000,0,+0.00000,+0.00000,0.00000,+21.063,0,194.6,0.0
13.475494,3,1,0.240851,0.240851,0.2400,+0.00085,1,0,0,+0.00000,+0.00000,0.00000,0.00,+0.00000,+0.00000,0.00000,0.0018,0,0,0,1,+5.000,+0.000,+5.000,-0.05000,+0.463,+0.00000,0.00,+0.00000,0,+0.00000,+0.00000,0.00000,+21.063,0,194.6,0.0
13.480136,3,1,0.240848,0.240848,0.2400,+0.00085,1,0,0,+0.00000,+0.00000,0.00000,0.00,+0.00000,+0.00000,0.00000,0.0018,0,0,0,1,+5.000,+0.000,+5.000,-0.05000,+0.463,+0.00000,0.00,+0.00000,0,+0.00000,+0.00000,0.00000,+21.199,0,194.6,0.0
13.486851,3,1,0.240845,0.240845,0.2400,+0.00084,1,0,0,+0.00000,+0.00000,0.00000,0.00,+0.00000,+0.00000,0.00000,0.0018,0,0,0,1,+5.000,+0.000,+5.000,-0.05000,+0.463,+0.00000,0.00,+0.00000,0,+0.00000,+0.00000,0.00000,+21.199,0,194.6,0.0
13.491678,3,1,0.240842,0.240842,0.2400,+0.00084,1,0,0,+0.00000,+0.00000,0.00000,0.00,+0.00000,+0.00000,0.00000,0.0018,0,0,0,1,+5.000,+0.000,+5.000,-0.05000,+0.464,+0.00000,0.00,+0.00000,0,+0.00000,+0.00000,0.00000,+21.369,0,194.6,0.0
13.496229,3,1,0.240839,0.240839,0.2400,+0.00084,1,0,0,+0.00000,+0.00000,0.00000,0.00,+0.00000,+0.00000,0.00000,0.0017,0,0,0,1,+5.000,+0.000,+5.000,-0.05000,+0.464,+0.00000,0.00,+0.00000,0,+0.00000,+0.00000,0.00000,+21.445,0,194.6,0.0
13.500787,3,1,0.240837,0.240837,0.2400,+0.00084,1,0,0,+0.00000,+0.00000,0.00000,0.00,+0.00000,+0.00000,0.00000,0.0017,0,0,0,1,+5.000,+0.000,+5.000,-0.05000,+0.464,+0.00000,0.00,+0.00000,0,+0.00000,+0.00000,0.00000,+21.559,0,194.6,0.0
13.505461,3,1,0.240834,0.240834,0.2400,+0.00083,1,0,0,+0.00000,+0.00000,0.00000,0.00,+0.00000,+0.00000,0.00000,0.0017,0,0,0,1,+5.000,+0.000,+5.000,-0.05000,+0.464,+0.00000,0.00,+0.00000,0,+0.00000,+0.00000,0.00000,+21.559,0,194.6,0.0
13.510160,3,1,0.240832,0.240832,0.2400,+0.00083,1,0,0,+0.00000,+0.00000,0.00000,0.00,+0.00000,+0.00000,0.00000,0.0017,0,0,0,1,+5.000,+0.000,+5.000,-0.05000,+0.465,+0.00000,0.00,+0.00000,0,+0.00000,+0.00000,0.00000,+21.708,0,194.6,0.0
13.515066,3,1,0.240829,0.240829,0.2400,+0.00083,1,0,0,+0.00000,+0.00000,0.00000,0.00,+0.00000,+0.00000,0.00000,0.0017,0,0,0,1,+5.000,+0.000,+5.000,-0.05000,+0.465,+0.00000,0.00,+0.00000,0,+0.00000,+0.00000,0.00000,+21.708,0,194.6,0.0
13.519747,3,1,0.240826,0.240826,0.2400,+0.00083,1,0,0,+0.00000,+0.00000,0.00000,0.00,+0.00000,+0.00000,0.00000,0.0017,0,0,0,1,+5.000,+0.000,+5.000,-0.05000,+0.465,+0.00000,0.00,+0.00000,0,+0.00000,+0.00000,0.00000,+21.844,0,194.6,0.0
13.524364,3,1,0.240824,0.240824,0.2400,+0.00082,1,0,0,+0.00000,+0.00000,0.00000,0.00,+0.00000,+0.00000,0.00000,0.0016,0,0,0,1,+5.000,+0.000,+5.000,-0.05000,+0.465,+0.00000,0.00,+0.00000,0,+0.00000,+0.00000,0.00000,+21.844,0,194.6,0.0
13.528983,3,1,0.240821,0.240821,0.2400,+0.00082,1,0,0,+0.00000,+0.00000,0.00000,0.00,+0.00000,+0.00000,0.00000,0.0016,0,0,0,1,+5.000,+0.000,+5.000,-0.05000,+0.466,+0.00000,0.00,+0.00000,0,+0.00000,+0.00000,0.00000,+21.963,0,194.6,0.0
13.533752,3,1,0.240819,0.240819,0.2400,+0.00082,1,0,0,+0.00000,+0.00000,0.00000,0.00,+0.00000,+0.00000,0.00000,0.0016,0,0,0,1,+5.000,+0.000,+5.000,-0.05000,+0.466,+0.00000,0.00,+0.00000,0,+0.00000,+0.00000,0.00000,+21.963,0,194.6,0.0
13.538384,3,1,0.240816,0.240816,0.2400,+0.00082,1,0,0,+0.00000,+0.00000,0.00000,0.00,+0.00000,+0.00000,0.00000,0.0016,0,0,0,1,+5.000,+0.000,+5.000,-0.05000,+0.466,+0.00000,0.00,+0.00000,0,+0.00000,+0.00000,0.00000,+22.089,0,194.6,0.0
13.543016,3,1,0.240814,0.240814,0.2400,+0.00081,1,0,0,+0.00000,+0.00000,0.00000,0.00,+0.00000,+0.00000,0.00000,0.0016,0,0,0,1,+5.000,+0.000,+5.000,-0.05000,+0.466,+0.00000,0.00,+0.00000,0,+0.00000,+0.00000,0.00000,+22.089,0,194.6,0.0
13.549510,3,1,0.240810,0.240810,0.2400,+0.00081,1,0,0,+0.00000,+0.00000,0.00000,0.00,+0.00000,+0.00000,0.00000,0.0016,0,0,0,1,+5.000,+0.000,+5.000,-0.05000,+0.466,+0.00000,0.00,+0.00000,0,+0.00000,+0.00000,0.00000,+22.213,0,194.6,0.0
13.554294,3,1,0.240808,0.240808,0.2400,+0.00081,1,0,0,+0.00000,+0.00000,0.00000,0.00,+0.00000,+0.00000,0.00000,0.0016,0,0,0,1,+5.000,+0.000,+5.000,-0.05000,+0.467,+0.00000,0.00,+0.00000,0,+0.00000,+0.00000,0.00000,+22.355,0,194.6,0.0
13.558651,3,1,0.240805,0.240805,0.2400,+0.00081,1,0,0,+0.00000,+0.00000,0.00000,0.00,+0.00000,+0.00000,0.00000,0.0015,0,0,0,1,+5.000,+0.000,+5.000,-0.05000,+0.467,+0.00000,0.00,+0.00000,0,+0.00000,+0.00000,0.00000,+22.355,0,194.6,0.0
13.563231,3,1,0.240803,0.240803,0.2400,+0.00080,1,0,0,+0.00000,+0.00000,0.00000,0.00,+0.00000,+0.00000,0.00000,0.0015,0,0,0,1,+5.000,+0.000,+5.000,-0.05000,+0.467,+0.00000,0.00,+0.00000,0,+0.00000,+0.00000,0.00000,+22.470,0,194.6,0.0
13.567751,3,1,0.240800,0.240800,0.2400,+0.00080,1,0,0,+0.00000,+0.00000,0.00000,0.00,+0.00000,+0.00000,0.00000,0.0015,0,0,0,1,+5.000,+0.000,+5.000,-0.05000,+0.467,+0.00000,0.00,+0.00000,0,+0.00000,+0.00000,0.00000,+22.470,0,194.6,0.0
13.572113,3,1,0.240798,0.240798,0.2400,+0.00080,1,0,0,+0.00000,+0.00000,0.00000,0.00,+0.00000,+0.00000,0.00000,0.0015,0,0,0,1,+5.000,+0.000,+5.000,-0.05000,+0.468,+0.00000,0.00,+0.00000,0,+0.00000,+0.00000,0.00000,+22.604,0,194.6,0.0
13.576669,3,1,0.240796,0.240796,0.2400,+0.00080,1,0,0,+0.00000,+0.00000,0.00000,0.00,+0.00000,+0.00000,0.00000,0.0015,0,0,0,1,+5.000,+0.000,+5.000,-0.05000,+0.468,+0.00000,0.00,+0.00000,0,+0.00000,+0.00000,0.00000,+22.604,0,194.6,0.0
13.581242,3,1,0.240793,0.240793,0.2400,+0.00079,1,0,0,+0.00000,+0.00000,0.00000,0.00,+0.00000,+0.00000,0.00000,0.0015,0,0,0,1,+5.000,+0.000,+5.000,-0.05000,+0.468,+0.00000,0.00,+0.00000,0,+0.00000,+0.00000,0.00000,+22.726,0,194.6,0.0
13.585820,3,1,0.240791,0.240791,0.2400,+0.00079,1,0,0,+0.00000,+0.00000,0.00000,0.00,+0.00000,+0.00000,0.00000,0.0015,0,0,0,1,+5.000,+0.000,+5.000,-0.05000,+0.468,+0.00000,0.00,+0.00000,0,+0.00000,+0.00000,0.00000,+22.726,0,194.6,0.0
13.592084,3,1,0.240787,0.240787,0.2400,+0.00079,1,0,0,+0.00000,+0.00000,0.00000,0.00,+0.00000,+0.00000,0.00000,0.0014,0,0,0,1,+5.000,+0.000,+5.000,-0.05000,+0.469,+0.00000,0.00,+0.00000,0,+0.00000,+0.00000,0.00000,+22.866,0,194.6,0.0
13.596385,3,1,0.240785,0.240785,0.2400,+0.00079,1,0,0,+0.00000,+0.00000,0.00000,0.00,+0.00000,+0.00000,0.00000,0.0014,0,0,0,1,+5.000,+0.000,+5.000,-0.05000,+0.469,+0.00000,0.00,+0.00000,0,+0.00000,+0.00000,0.00000,+22.994,0,194.6,0.0
13.600924,3,1,0.240783,0.240783,0.2400,+0.00078,1,0,0,+0.00000,+0.00000,0.00000,0.00,+0.00000,+0.00000,0.00000,0.0014,0,0,0,1,+5.000,+0.000,+5.000,-0.05000,+0.469,+0.00000,0.00,+0.00000,0,+0.00000,+0.00000,0.00000,+22.994,0,194.6,0.0
13.605462,3,1,0.240780,0.240780,0.2400,+0.00078,1,0,0,+0.00000,+0.00000,0.00000,0.00,+0.00000,+0.00000,0.00000,0.0014,0,0,0,1,+5.000,+0.000,+5.000,-0.05000,+0.469,+0.00000,0.00,+0.00000,0,+0.00000,+0.00000,0.00000,+23.114,0,194.6,0.0
13.610047,3,1,0.240778,0.240778,0.2400,+0.00078,1,0,0,+0.00000,+0.00000,0.00000,0.00,+0.00000,+0.00000,0.00000,0.0014,0,0,0,1,+5.000,+0.000,+5.000,-0.05000,+0.469,+0.00000,0.00,+0.00000,0,+0.00000,+0.00000,0.00000,+23.114,0,194.6,0.0
13.614577,3,1,0.240776,0.240776,0.2400,+0.00078,1,0,0,+0.00000,+0.00000,0.00000,0.00,+0.00000,+0.00000,0.00000,0.0014,0,0,0,1,+5.000,+0.000,+5.000,-0.05000,+0.470,+0.00000,0.00,+0.00000,0,+0.00000,+0.00000,0.00000,+23.229,0,194.6,0.0
13.623060,3,1,0.240771,0.240771,0.2400,+0.00077,1,0,0,+0.00000,+0.00000,0.00000,0.00,+0.00000,+0.00000,0.00000,0.0014,0,0,0,1,+5.000,+0.000,+5.000,-0.05000,+0.470,+0.00000,0.00,+0.00000,0,+0.00000,+0.00000,0.00000,+23.408,0,194.6,0.0
13.629114,3,1,0.240768,0.240768,0.2400,+0.00077,1,0,0,+0.00000,+0.00000,0.00000,0.00,+0.00000,+0.00000,0.00000,0.0013,0,0,0,1,+5.000,+0.000,+5.000,-0.05000,+0.471,+0.00000,0.00,+0.00000,0,+0.00000,+0.00000,0.00000,+23.504,0,194.6,0.0
13.633329,3,1,0.240766,0.240766,0.2400,+0.00077,1,0,0,+0.00000,+0.00000,0.00000,0.00,+0.00000,+0.00000,0.00000,0.0013,0,0,0,1,+5.000,+0.000,+5.000,-0.05000,+0.471,+0.00000,0.00,+0.00000,0,+0.00000,+0.00000,0.00000,+23.504,0,194.6,0.0
13.638129,3,1,0.240764,0.240764,0.2400,+0.00076,1,0,0,+0.00000,+0.00000,0.00000,0.00,+0.00000,+0.00000,0.00000,0.0013,0,0,0,1,+5.000,+0.000,+5.000,-0.05000,+0.471,+0.00000,0.00,+0.00000,0,+0.00000,+0.00000,0.00000,+23.631,0,194.6,0.0
13.642701,3,1,0.240761,0.240761,0.2400,+0.00076,1,0,0,+0.00000,+0.00000,0.00000,0.00,+0.00000,+0.00000,0.00000,0.0013,0,0,0,1,+5.000,+0.000,+5.000,-0.05000,+0.471,+0.00000,0.00,+0.00000,0,+0.00000,+0.00000,0.00000,+23.631,0,194.6,0.0
13.647347,3,1,0.240759,0.240759,0.2400,+0.00076,1,0,0,+0.00000,+0.00000,0.00000,0.00,+0.00000,+0.00000,0.00000,0.0013,0,0,0,1,+5.000,+0.000,+5.000,-0.05000,+0.472,+0.00000,0.00,+0.00000,0,+0.00000,+0.00000,0.00000,+23.755,0,194.6,0.0
13.651779,3,1,0.240757,0.240757,0.2400,+0.00076,1,0,0,+0.00000,+0.00000,0.00000,0.00,+0.00000,+0.00000,0.00000,0.0013,0,0,0,1,+5.000,+0.000,+5.000,-0.05000,+0.472,+0.00000,0.00,+0.00000,0,+0.00000,+0.00000,0.00000,+23.755,0,194.6,0.0
13.661409,3,1,0.240752,0.240752,0.2400,+0.00075,1,0,0,+0.00000,+0.00000,0.00000,0.00,+0.00000,+0.00000,0.00000,0.0013,0,0,0,1,+5.000,+0.000,+5.000,-0.05000,+0.472,+0.00000,0.00,+0.00000,0,+0.00000,+0.00000,0.00000,+23.893,0,194.6,0.0
13.667132,3,1,0.240749,0.240749,0.2400,+0.00075,1,0,0,+0.00000,+0.00000,0.00000,0.00,+0.00000,+0.00000,0.00000,0.0012,0,0,0,1,+5.000,+0.000,+5.000,-0.05000,+0.473,+0.00000,0.00,+0.00000,0,+0.00000,+0.00000,0.00000,+24.036,0,194.6,0.0
13.671927,3,1,0.240747,0.240747,0.2400,+0.00075,1,0,0,+0.00000,+0.00000,0.00000,0.00,+0.00000,+0.00000,0.00000,0.0012,0,0,0,1,+5.000,+0.000,+5.000,-0.05000,+0.473,+0.00000,0.00,+0.00000,0,+0.00000,+0.00000,0.00000,+24.036,0,194.6,0.0
13.676560,3,1,0.240744,0.240744,0.2400,+0.00074,1,0,0,+0.00000,+0.00000,0.00000,0.00,+0.00000,+0.00000,0.00000,0.0012,0,0,0,1,+5.000,+0.000,+5.000,-0.05000,+0.473,+0.00000,0.00,+0.00000,0,+0.00000,+0.00000,0.00000,+24.172,0,194.6,0.0
13.680725,3,1,0.240742,0.240742,0.2400,+0.00074,1,0,0,+0.00000,+0.00000,0.00000,0.00,+0.00000,+0.00000,0.00000,0.0012,0,0,0,1,+5.000,+0.000,+5.000,-0.05000,+0.473,+0.00000,0.00,+0.00000,0,+0.00000,+0.00000,0.00000,+24.172,0,194.6,0.0
13.685214,3,1,0.240740,0.240740,0.2400,+0.00074,1,0,0,+0.00000,+0.00000,0.00000,0.00,+0.00000,+0.00000,0.00000,0.0012,0,0,0,1,+5.000,+0.000,+5.000,-0.05000,+0.474,+0.00000,0.00,+0.00000,0,+0.00000,+0.00000,0.00000,+24.302,0,194.6,0.0
13.690120,3,1,0.240738,0.240738,0.2400,+0.00074,1,0,0,+0.00000,+0.00000,0.00000,0.00,+0.00000,+0.00000,0.00000,0.0012,0,0,0,1,+5.000,+0.000,+5.000,-0.05000,+0.474,+0.00000,0.00,+0.00000,0,+0.00000,+0.00000,0.00000,+24.424,0,194.6,0.0
13.694389,3,1,0.240736,0.240736,0.2400,+0.00074,1,0,0,+0.00000,+0.00000,0.00000,0.00,+0.00000,+0.00000,0.00000,0.0012,0,0,0,1,+5.000,+0.000,+5.000,-0.05000,+0.474,+0.00000,0.00,+0.00000,0,+0.00000,+0.00000,0.00000,+24.424,0,194.6,0.0
13.698947,3,1,0.240733,0.240733,0.2400,+0.00073,1,0,0,+0.00000,+0.00000,0.00000,0.00,+0.00000,+0.00000,0.00000,0.0012,0,0,0,1,+5.000,+0.000,+5.000,-0.05000,+0.474,+0.00000,0.00,+0.00000,0,+0.00000,+0.00000,0.00000,+24.424,0,194.6,0.0
13.703507,3,1,0.240731,0.240731,0.2400,+0.00073,1,0,0,+0.00000,+0.00000,0.00000,0.00,+0.00000,+0.00000,0.00000,0.0012,0,0,0,1,+5.000,+0.000,+5.000,-0.05000,+0.475,+0.00000,0.00,+0.00000,0,+0.00000,+0.00000,0.00000,+24.578,0,194.6,0.0
13.708113,3,1,0.240729,0.240729,0.2400,+0.00073,1,0,0,+0.00000,+0.00000,0.00000,0.00,+0.00000,+0.00000,0.00000,0.0011,0,0,0,1,+5.000,+0.000,+5.000,-0.05000,+0.475,+0.00000,0.00,+0.00000,0,+0.00000,+0.00000,0.00000,+24.694,0,194.6,0.0
13.717086,3,1,0.240725,0.240725,0.2400,+0.00072,1,0,0,+0.00000,+0.00000,0.00000,0.00,+0.00000,+0.00000,0.00000,0.0011,0,0,0,1,+5.000,+0.000,+5.000,-0.05000,+0.476,+0.00000,0.00,+0.00000,0,+0.00000,+0.00000,0.00000,+24.829,0,194.6,0.0
13.725494,3,1,0.240720,0.240720,0.2400,+0.00072,1,0,0,+0.00000,+0.00000,0.00000,0.00,+0.00000,+0.00000,0.00000,0.0011,0,0,0,1,+5.000,+0.000,+5.000,-0.05000,+0.476,+0.00000,0.00,+0.00000,0,+0.00000,+0.00000,0.00000,+24.958,0,194.6,0.0
13.730066,3,1,0.240718,0.240718,0.2400,+0.00072,1,0,0,+0.00000,+0.00000,0.00000,0.00,+0.00000,+0.00000,0.00000,0.0011,0,0,0,1,+5.000,+0.000,+5.000,-0.05000,+0.476,+0.00000,0.00,+0.00000,0,+0.00000,+0.00000,0.00000,+24.958,0,194.6,0.0
13.734527,3,1,0.240716,0.240716,0.2400,+0.00072,1,0,0,+0.00000,+0.00000,0.00000,0.00,+0.00000,+0.00000,0.00000,0.0011,0,0,0,1,+5.000,+0.000,+5.000,-0.05000,+0.477,+0.00000,0.00,+0.00000,0,+0.00000,+0.00000,0.00000,+25.091,0,194.6,0.0
13.739118,3,1,0.240714,0.240714,0.2400,+0.00071,1,0,0,+0.00000,+0.00000,0.00000,0.00,+0.00000,+0.00000,0.00000,0.0011,0,0,0,1,+5.000,+0.000,+5.000,-0.05000,+0.477,+0.00000,0.00,+0.00000,0,+0.00000,+0.00000,0.00000,+25.091,0,194.6,0.0
13.743731,3,1,0.240712,0.240712,0.2400,+0.00071,1,0,0,+0.00000,+0.00000,0.00000,0.00,+0.00000,+0.00000,0.00000,0.0011,0,0,0,1,+5.000,+0.000,+5.000,-0.05000,+0.477,+0.00000,0.00,+0.00000,0,+0.00000,+0.00000,0.00000,+25.214,0,194.6,0.0
13.750610,3,1,0.240708,0.240708,0.2400,+0.00071,1,0,0,+0.00000,+0.00000,0.00000,0.00,+0.00000,+0.00000,0.00000,0.0010,0,0,0,1,+5.000,+0.000,+5.000,-0.05000,+0.477,+0.00000,0.00,+0.00000,0,+0.00000,+0.00000,0.00000,+25.214,0,194.6,0.0
13.755035,3,1,0.240706,0.240706,0.2400,+0.00071,1,0,0,+0.00000,+0.00000,0.00000,0.00,+0.00000,+0.00000,0.00000,0.0010,0,0,0,1,+5.000,+0.000,+5.000,-0.05000,+0.478,+0.00000,0.00,+0.00000,0,+0.00000,+0.00000,0.00000,+25.349,0,194.6,0.0
13.759682,3,1,0.240704,0.240704,0.2400,+0.00070,1,0,0,+0.00000,+0.00000,0.00000,0.00,+0.00000,+0.00000,0.00000,0.0010,0,0,0,1,+5.000,+0.000,+5.000,-0.05000,+0.478,+0.00000,0.00,+0.00000,0,+0.00000,+0.00000,0.00000,+25.474,0,194.6,0.0
13.763954,3,1,0.240702,0.240702,0.2400,+0.00070,1,0,0,+0.00000,+0.00000,0.00000,0.00,+0.00000,+0.00000,0.00000,0.0010,0,0,0,1,+5.000,+0.000,+5.000,-0.05000,+0.478,+0.00000,0.00,+0.00000,0,+0.00000,+0.00000,0.00000,+25.474,0,194.6,0.0
13.768264,3,1,0.240700,0.240700,0.2400,+0.00070,1,0,0,+0.00000,+0.00000,0.00000,0.00,+0.00000,+0.00000,0.00000,0.0010,0,0,0,1,+5.000,+0.000,+5.000,-0.05000,+0.478,+0.00000,0.00,+0.00000,0,+0.00000,+0.00000,0.00000,+25.474,0,194.6,0.0
13.772933,3,1,0.240698,0.240698,0.2400,+0.00070,1,0,0,+0.00000,+0.00000,0.00000,0.00,+0.00000,+0.00000,0.00000,0.0010,0,0,0,1,+5.000,+0.000,+5.000,-0.05000,+0.479,+0.00000,0.00,+0.00000,0,+0.00000,+0.00000,0.00000,+25.615,0,194.6,0.0
13.777753,3,1,0.240696,0.240696,0.2400,+0.00070,1,0,0,+0.00000,+0.00000,0.00000,0.00,+0.00000,+0.00000,0.00000,0.0010,0,0,0,1,+5.000,+0.000,+5.000,-0.05000,+0.479,+0.00000,0.00,+0.00000,0,+0.00000,+0.00000,0.00000,+25.615,0,194.6,0.0
13.784460,3,1,0.240693,0.240693,0.2400,+0.00069,1,0,0,+0.00000,+0.00000,0.00000,0.00,+0.00000,+0.00000,0.00000,0.0010,0,0,0,1,+5.000,+0.000,+5.000,-0.05000,+0.479,+0.00000,0.00,+0.00000,0,+0.00000,+0.00000,0.00000,+25.767,0,194.6,0.0
13.788858,3,1,0.240691,0.240691,0.2400,+0.00069,1,0,0,+0.00000,+0.00000,0.00000,0.00,+0.00000,+0.00000,0.00000,0.0010,0,0,0,1,+5.000,+0.000,+5.000,-0.05000,+0.480,+0.00000,0.00,+0.00000,0,+0.00000,+0.00000,0.00000,+25.889,0,194.6,0.0
13.793456,3,1,0.240689,0.240689,0.2400,+0.00069,1,0,0,+0.00000,+0.00000,0.00000,0.00,+0.00000,+0.00000,0.00000,0.0010,0,0,0,1,+5.000,+0.000,+5.000,-0.05000,+0.480,+0.00000,0.00,+0.00000,0,+0.00000,+0.00000,0.00000,+25.889,0,194.6,0.0
13.797981,3,1,0.240686,0.240686,0.2400,+0.00069,1,0,0,+0.00000,+0.00000,0.00000,0.00,+0.00000,+0.00000,0.00000,0.0010,0,0,0,1,+5.000,+0.000,+5.000,-0.05000,+0.480,+0.00000,0.00,+0.00000,0,+0.00000,+0.00000,0.00000,+26.027,0,194.6,0.0
13.802542,3,1,0.240684,0.240684,0.2400,+0.00068,1,0,0,+0.00000,+0.00000,0.00000,0.00,+0.00000,+0.00000,0.00000,0.0009,0,0,0,1,+5.000,+0.000,+5.000,-0.05000,+0.480,+0.00000,0.00,+0.00000,0,+0.00000,+0.00000,0.00000,+26.027,0,194.6,0.0
13.807267,3,1,0.240682,0.240682,0.2400,+0.00068,1,0,0,+0.00000,+0.00000,0.00000,0.00,+0.00000,+0.00000,0.00000,0.0009,0,0,0,1,+5.000,+0.000,+5.000,-0.05000,+0.481,+0.00000,0.00,+0.00000,0,+0.00000,+0.00000,0.00000,+26.164,0,194.6,0.0
13.811598,3,1,0.240680,0.240680,0.2400,+0.00068,1,0,0,+0.00000,+0.00000,0.00000,0.00,+0.00000,+0.00000,0.00000,0.0009,0,0,0,1,+5.000,+0.000,+5.000,-0.05000,+0.481,+0.00000,0.00,+0.00000,0,+0.00000,+0.00000,0.00000,+26.164,0,194.6,0.0
13.816201,3,1,0.240678,0.240678,0.2400,+0.00068,1,0,0,+0.00000,+0.00000,0.00000,0.00,+0.00000,+0.00000,0.00000,0.0009,0,0,0,1,+5.000,+0.000,+5.000,-0.05000,+0.482,+0.00000,0.00,+0.00000,0,+0.00000,+0.00000,0.00000,+26.286,0,194.6,0.0
13.823511,3,1,0.240675,0.240675,0.2400,+0.00067,1,0,0,+0.00000,+0.00000,0.00000,0.00,+0.00000,+0.00000,0.00000,0.0009,0,0,0,1,+5.000,+0.000,+5.000,-0.05000,+0.482,+0.00000,0.00,+0.00000,0,+0.00000,+0.00000,0.00000,+26.286,0,194.6,0.0
13.828171,3,1,0.240673,0.240673,0.2400,+0.00067,1,0,0,+0.00000,+0.00000,0.00000,0.00,+0.00000,+0.00000,0.00000,0.0009,0,0,0,1,+5.000,+0.000,+5.000,-0.05000,+0.482,+0.00000,0.00,+0.00000,0,+0.00000,+0.00000,0.00000,+26.444,0,194.6,0.0
13.836785,3,1,0.240669,0.240669,0.2400,+0.00067,1,0,0,+0.00000,+0.00000,0.00000,0.00,+0.00000,+0.00000,0.00000,0.0009,0,0,0,1,+5.000,+0.000,+5.000,-0.05000,+0.483,+0.00000,0.00,+0.00000,0,+0.00000,+0.00000,0.00000,+26.574,0,194.6,0.0
13.841215,3,1,0.240667,0.240667,0.2400,+0.00067,1,0,0,+0.00000,+0.00000,0.00000,0.00,+0.00000,+0.00000,0.00000,0.0009,0,0,0,1,+5.000,+0.000,+5.000,-0.05000,+0.483,+0.00000,0.00,+0.00000,0,+0.00000,+0.00000,0.00000,+26.702,0,194.6,0.0
13.845694,3,1,0.240665,0.240665,0.2400,+0.00066,1,0,0,+0.00000,+0.00000,0.00000,0.00,+0.00000,+0.00000,0.00000,0.0009,0,0,0,1,+5.000,+0.000,+5.000,-0.05000,+0.483,+0.00000,0.00,+0.00000,0,+0.00000,+0.00000,0.00000,+26.702,0,194.6,0.0
13.850379,3,1,0.240663,0.240663,0.2400,+0.00066,1,0,0,+0.00000,+0.00000,0.00000,0.00,+0.00000,+0.00000,0.00000,0.0009,0,0,0,1,+5.000,+0.000,+5.000,-0.05000,+0.484,+0.00000,0.00,+0.00000,0,+0.00000,+0.00000,0.00000,+26.823,0,194.6,0.0
13.854796,3,1,0.240661,0.240661,0.2400,+0.00066,1,0,0,+0.00000,+0.00000,0.00000,0.00,+0.00000,+0.00000,0.00000,0.0009,0,0,0,1,+5.000,+0.000,+5.000,-0.05000,+0.484,+0.00000,0.00,+0.00000,0,+0.00000,+0.00000,0.00000,+26.823,0,194.6,0.0
13.859421,3,1,0.240659,0.240659,0.2400,+0.00066,1,0,0,+0.00000,+0.00000,0.00000,0.00,+0.00000,+0.00000,0.00000,0.0008,0,0,0,1,+5.000,+0.000,+5.000,-0.05000,+0.484,+0.00000,0.00,+0.00000,0,+0.00000,+0.00000,0.00000,+26.961,0,194.6,0.0
13.863956,3,1,0.240657,0.240657,0.2400,+0.00066,1,0,0,+0.00000,+0.00000,0.00000,0.00,+0.00000,+0.00000,0.00000,0.0008,0,0,0,1,+5.000,+0.000,+5.000,-0.05000,+0.484,+0.00000,0.00,+0.00000,0,+0.00000,+0.00000,0.00000,+26.961,0,194.6,0.0
13.868530,3,1,0.240655,0.240655,0.2400,+0.00065,1,0,0,+0.00000,+0.00000,0.00000,0.00,+0.00000,+0.00000,0.00000,0.0008,0,0,0,1,+5.000,+0.000,+5.000,-0.05000,+0.485,+0.00000,0.00,+0.00000,0,+0.00000,+0.00000,0.00000,+27.077,0,194.6,0.0
13.873537,3,1,0.240653,0.240653,0.2400,+0.00065,1,0,0,+0.00000,+0.00000,0.00000,0.00,+0.00000,+0.00000,0.00000,0.0008,0,0,0,1,+5.000,+0.000,+5.000,-0.05000,+0.485,+0.00000,0.00,+0.00000,0,+0.00000,+0.00000,0.00000,+27.191,0,194.6,0.0
13.878127,3,1,0.240651,0.240651,0.2400,+0.00065,1,0,0,+0.00000,+0.00000,0.00000,0.00,+0.00000,+0.00000,0.00000,0.0008,0,0,0,1,+5.000,+0.000,+5.000,-0.05000,+0.485,+0.00000,0.00,+0.00000,0,+0.00000,+0.00000,0.00000,+27.191,0,194.6,0.0
13.882907,3,1,0.240649,0.240649,0.2400,+0.00065,1,0,0,+0.00000,+0.00000,0.00000,0.00,+0.00000,+0.00000,0.00000,0.0008,0,0,0,1,+5.000,+0.000,+5.000,-0.05000,+0.486,+0.00000,0.00,+0.00000,0,+0.00000,+0.00000,0.00000,+27.334,0,194.6,0.0
13.887342,3,1,0.240647,0.240647,0.2400,+0.00065,1,0,0,+0.00000,+0.00000,0.00000,0.00,+0.00000,+0.00000,0.00000,0.0008,0,0,0,1,+5.000,+0.000,+5.000,-0.05000,+0.486,+0.00000,0.00,+0.00000,0,+0.00000,+0.00000,0.00000,+27.334,0,194.6,0.0
13.894046,3,1,0.240644,0.240644,0.2400,+0.00064,1,0,0,+0.00000,+0.00000,0.00000,0.00,+0.00000,+0.00000,0.00000,0.0008,0,0,0,1,+5.000,+0.000,+5.000,-0.05000,+0.487,+0.00000,0.00,+0.00000,0,+0.00000,+0.00000,0.00000,+27.447,0,194.6,0.0
13.898565,3,1,0.240642,0.240642,0.2400,+0.00064,1,0,0,+0.00000,+0.00000,0.00000,0.00,+0.00000,+0.00000,0.00000,0.0008,0,0,0,1,+5.000,+0.000,+5.000,-0.05000,+0.487,+0.00000,0.00,+0.00000,0,+0.00000,+0.00000,0.00000,+27.568,0,194.6,0.0
13.902815,3,1,0.240640,0.240640,0.2400,+0.00064,1,0,0,+0.00000,+0.00000,0.00000,0.00,+0.00000,+0.00000,0.00000,0.0008,0,0,0,1,+5.000,+0.000,+5.000,-0.05000,+0.487,+0.00000,0.00,+0.00000,0,+0.00000,+0.00000,0.00000,+27.568,0,194.6,0.0
13.907465,3,1,0.240638,0.240638,0.2400,+0.00064,1,0,0,+0.00000,+0.00000,0.00000,0.00,+0.00000,+0.00000,0.00000,0.0008,0,0,0,1,+5.000,+0.000,+5.000,-0.05000,+0.487,+0.00000,0.00,+0.00000,0,+0.00000,+0.00000,0.00000,+27.568,0,194.6,0.0
13.911963,3,1,0.240636,0.240636,0.2400,+0.00064,1,0,0,+0.00000,+0.00000,0.00000,0.00,+0.00000,+0.00000,0.00000,0.0008,0,0,0,1,+5.000,+0.000,+5.000,-0.05000,+0.488,+0.00000,0.00,+0.00000,0,+0.00000,+0.00000,0.00000,+27.714,0,194.6,0.0
13.916521,3,1,0.240634,0.240634,0.2400,+0.00063,1,0,0,+0.00000,+0.00000,0.00000,0.00,+0.00000,+0.00000,0.00000,0.0008,0,0,0,1,+5.000,+0.000,+5.000,-0.05000,+0.488,+0.00000,0.00,+0.00000,0,+0.00000,+0.00000,0.00000,+27.714,0,194.6,0.0
13.920869,3,1,0.240632,0.240632,0.2400,+0.00063,1,0,0,+0.00000,+0.00000,0.00000,0.00,+0.00000,+0.00000,0.00000,0.0007,0,0,0,1,+5.000,+0.000,+5.000,-0.05000,+0.488,+0.00000,0.00,+0.00000,0,+0.00000,+0.00000,0.00000,+27.852,0,194.6,0.0
13.925184,3,1,0.240631,0.240631,0.2400,+0.00063,1,0,0,+0.00000,+0.00000,0.00000,0.00,+0.00000,+0.00000,0.00000,0.0007,0,0,0,1,+5.000,+0.000,+5.000,-0.05000,+0.488,+0.00000,0.00,+0.00000,0,+0.00000,+0.00000,0.00000,+27.852,0,194.6,0.0
13.929901,3,1,0.240629,0.240629,0.2400,+0.00063,1,0,0,+0.00000,+0.00000,0.00000,0.00,+0.00000,+0.00000,0.00000,0.0007,0,0,0,1,+5.000,+0.000,+5.000,-0.05000,+0.489,+0.00000,0.00,+0.00000,0,+0.00000,+0.00000,0.00000,+27.983,0,194.6,0.0
13.934150,3,1,0.240627,0.240627,0.2400,+0.00063,1,0,0,+0.00000,+0.00000,0.00000,0.00,+0.00000,+0.00000,0.00000,0.0007,0,0,0,1,+5.000,+0.000,+5.000,-0.05000,+0.489,+0.00000,0.00,+0.00000,0,+0.00000,+0.00000,0.00000,+27.983,0,194.6,0.0
13.938993,3,1,0.240625,0.240625,0.2400,+0.00062,1,0,0,+0.00000,+0.00000,0.00000,0.00,+0.00000,+0.00000,0.00000,0.0007,0,0,0,1,+5.000,+0.000,+5.000,-0.05000,+0.489,+0.00000,0.00,+0.00000,0,+0.00000,+0.00000,0.00000,+28.113,0,194.6,0.0
13.943628,3,1,0.240623,0.240623,0.2400,+0.00062,1,0,0,+0.00000,+0.00000,0.00000,0.00,+0.00000,+0.00000,0.00000,0.0007,0,0,0,1,+5.000,+0.000,+5.000,-0.05000,+0.489,+0.00000,0.00,+0.00000,0,+0.00000,+0.00000,0.00000,+28.113,0,194.6,0.0
13.947852,3,1,0.240621,0.240621,0.2400,+0.00062,1,0,0,+0.00000,+0.00000,0.00000,0.00,+0.00000,+0.00000,0.00000,0.0007,0,0,0,1,+5.000,+0.000,+5.000,-0.05000,+0.490,+0.00000,0.00,+0.00000,0,+0.00000,+0.00000,0.00000,+28.257,0,194.6,0.0
13.952609,3,1,0.240619,0.240619,0.2400,+0.00062,1,0,0,+0.00000,+0.00000,0.00000,0.00,+0.00000,+0.00000,0.00000,0.0007,0,0,0,1,+5.000,+0.000,+5.000,-0.05000,+0.490,+0.00000,0.00,+0.00000,0,+0.00000,+0.00000,0.00000,+28.257,0,194.6,0.0
13.957002,3,1,0.240617,0.240617,0.2400,+0.00062,1,0,0,+0.00000,+0.00000,0.00000,0.00,+0.00000,+0.00000,0.00000,0.0007,0,0,0,1,+5.000,+0.000,+5.000,-0.05000,+0.491,+0.00000,0.00,+0.00000,0,+0.00000,+0.00000,0.00000,+28.404,0,194.6,0.0
13.961783,3,1,0.240615,0.240615,0.2400,+0.00062,1,0,0,+0.00000,+0.00000,0.00000,0.00,+0.00000,+0.00000,0.00000,0.0007,0,0,0,1,+5.000,+0.000,+5.000,-0.05000,+0.491,+0.00000,0.00,+0.00000,0,+0.00000,+0.00000,0.00000,+28.404,0,194.6,0.0
13.966508,3,1,0.240614,0.240614,0.2400,+0.00061,1,0,0,+0.00000,+0.00000,0.00000,0.00,+0.00000,+0.00000,0.00000,0.0007,0,0,0,1,+5.000,+0.000,+5.000,-0.05000,+0.491,+0.00000,0.00,+0.00000,0,+0.00000,+0.00000,0.00000,+28.530,0,194.6,0.0
13.971070,3,1,0.240612,0.240612,0.2400,+0.00061,1,0,0,+0.00000,+0.00000,0.00000,0.00,+0.00000,+0.00000,0.00000,0.0007,0,0,0,1,+5.000,+0.000,+5.000,-0.05000,+0.491,+0.00000,0.00,+0.00000,0,+0.00000,+0.00000,0.00000,+28.530,0,194.6,0.0
13.975941,3,1,0.240610,0.240610,0.2400,+0.00061,1,0,0,+0.00000,+0.00000,0.00000,0.00,+0.00000,+0.00000,0.00000,0.0007,0,0,0,1,+5.000,+0.000,+5.000,-0.05000,+0.492,+0.00000,0.00,+0.00000,0,+0.00000,+0.00000,0.00000,+28.669,0,194.6,0.0
13.980534,3,1,0.240608,0.240608,0.2400,+0.00061,1,0,0,+0.00000,+0.00000,0.00000,0.00,+0.00000,+0.00000,0.00000,0.0007,0,0,0,1,+5.000,+0.000,+5.000,-0.05000,+0.493,+0.00000,0.00,+0.00000,0,+0.00000,+0.00000,0.00000,+28.782,0,194.6,0.0
13.985151,3,1,0.240606,0.240606,0.2400,+0.00061,1,0,0,+0.00000,+0.00000,0.00000,0.00,+0.00000,+0.00000,0.00000,0.0007,0,0,0,1,+5.000,+0.000,+5.000,-0.05000,+0.493,+0.00000,0.00,+0.00000,0,+0.00000,+0.00000,0.00000,+28.782,0,194.6,0.0
13.989496,3,1,0.240604,0.240604,0.2400,+0.00060,1,0,0,+0.00000,+0.00000,0.00000,0.00,+0.00000,+0.00000,0.00000,0.0007,0,0,0,1,+5.000,+0.000,+5.000,-0.05000,+0.493,+0.00000,0.00,+0.00000,0,+0.00000,+0.00000,0.00000,+28.924,0,194.6,0.0
13.994038,3,1,0.240602,0.240602,0.2400,+0.00060,1,0,0,+0.00000,+0.00000,0.00000,0.00,+0.00000,+0.00000,0.00000,0.0006,0,0,0,1,+5.000,+0.000,+5.000,-0.05000,+0.493,+0.00000,0.00,+0.00000,0,+0.00000,+0.00000,0.00000,+28.924,0,194.6,0.0
13.998663,3,1,0.240601,0.240601,0.2400,+0.00060,1,0,0,+0.00000,+0.00000,0.00000,0.00,+0.00000,+0.00000,0.00000,0.0006,0,0,0,1,+5.000,+0.000,+5.000,-0.05000,+0.494,+0.00000,0.00,+0.00000,0,+0.00000,+0.00000,0.00000,+29.049,0,194.6,0.0
14.003201,3,1,0.240599,0.240599,0.2400,+0.00060,1,0,0,+0.00000,+0.00000,0.00000,0.00,+0.00000,+0.00000,0.00000,0.0006,0,0,0,1,+5.000,+0.000,+5.000,-0.05000,+0.494,+0.00000,0.00,+0.00000,0,+0.00000,+0.00000,0.00000,+29.049,0,194.6,0.0
14.007659,3,1,0.240597,0.240597,0.2400,+0.00060,1,0,0,+0.00000,+0.00000,0.00000,0.00,+0.00000,+0.00000,0.00000,0.0006,0,0,0,1,+5.000,+0.000,+5.000,-0.05000,+0.495,+0.00000,0.00,+0.00000,0,+0.00000,+0.00000,0.00000,+29.184,0,194.6,0.0
14.012251,3,1,0.240595,0.240595,0.2400,+0.00060,1,0,0,+0.00000,+0.00000,0.00000,0.00,+0.00000,+0.00000,0.00000,0.0006,0,0,0,1,+5.000,+0.000,+5.000,-0.05000,+0.495,+0.00000,0.00,+0.00000,0,+0.00000,+0.00000,0.00000,+29.184,0,194.6,0.0
14.016626,3,1,0.240593,0.240593,0.2400,+0.00059,1,0,0,+0.00000,+0.00000,0.00000,0.00,+0.00000,+0.00000,0.00000,0.0006,0,0,0,1,+5.000,+0.000,+5.000,-0.05000,+0.495,+0.00000,0.00,+0.00000,0,+0.00000,+0.00000,0.00000,+29.336,0,194.6,0.0
14.021313,3,1,0.240592,0.240592,0.2400,+0.00059,1,0,0,+0.00000,+0.00000,0.00000,0.00,+0.00000,+0.00000,0.00000,0.0006,0,0,0,1,+5.000,+0.000,+5.000,-0.05000,+0.495,+0.00000,0.00,+0.00000,0,+0.00000,+0.00000,0.00000,+29.336,0,194.6,0.0
14.032512,3,1,0.240587,0.240587,0.2400,+0.00059,1,0,0,+0.00000,+0.00000,0.00000,0.00,+0.00000,+0.00000,0.00000,0.0006,0,0,0,1,+5.000,+0.000,+5.000,-0.05000,+0.495,+0.00000,0.00,+0.00000,0,+0.00000,+0.00000,0.00000,+29.336,0,194.6,0.0
14.037265,3,1,0.240585,0.240585,0.2400,+0.00059,1,0,0,+0.00000,+0.00000,0.00000,0.00,+0.00000,+0.00000,0.00000,0.0006,0,0,0,1,+5.000,+0.000,+5.000,-0.05000,+0.497,+0.00000,0.00,+0.00000,0,+0.00000,+0.00000,0.00000,+29.648,0,194.6,0.0
14.042728,3,1,0.240583,0.240583,0.2400,+0.00058,1,0,0,+0.00000,+0.00000,0.00000,0.00,+0.00000,+0.00000,0.00000,0.0006,0,0,0,1,+5.000,+0.000,+5.000,-0.05000,+0.497,+0.00000,0.00,+0.00000,0,+0.00000,+0.00000,0.00000,+29.648,0,194.6,0.0
14.047219,3,1,0.240581,0.240581,0.2400,+0.00058,1,0,0,+0.00000,+0.00000,0.00000,0.00,+0.00000,+0.00000,0.00000,0.0006,0,0,0,1,+5.000,+0.000,+5.000,-0.05000,+0.497,+0.00000,0.00,+0.00000,0,+0.00000,+0.00000,0.00000,+29.780,0,194.6,0.0
14.051807,3,1,0.240580,0.240580,0.2400,+0.00058,1,0,0,+0.00000,+0.00000,0.00000,0.00,+0.00000,+0.00000,0.00000,0.0006,0,0,0,1,+5.000,+0.000,+5.000,-0.05000,+0.497,+0.00000,0.00,+0.00000,0,+0.00000,+0.00000,0.00000,+29.780,0,194.6,0.0
14.056068,3,1,0.240578,0.240578,0.2400,+0.00058,1,0,0,+0.00000,+0.00000,0.00000,0.00,+0.00000,+0.00000,0.00000,0.0006,0,0,0,1,+5.000,+0.000,+5.000,-0.05000,+0.498,+0.00000,0.00,+0.00000,0,+0.00000,+0.00000,0.00000,+29.922,0,194.6,0.0
14.062685,3,1,0.240575,0.240575,0.2400,+0.00058,1,0,0,+0.00000,+0.00000,0.00000,0.00,+0.00000,+0.00000,0.00000,0.0006,0,0,0,1,+5.000,+0.000,+5.000,-0.05000,+0.498,+0.00000,0.00,+0.00000,0,+0.00000,+0.00000,0.00000,+29.922,0,194.6,0.0
14.067331,3,1,0.240574,0.240574,0.2400,+0.00057,1,0,0,+0.00000,+0.00000,0.00000,0.00,+0.00000,+0.00000,0.00000,0.0006,0,0,0,1,+5.000,+0.000,+5.000,-0.05000,+0.499,+0.00000,0.00,+0.00000,0,+0.00000,+0.00000,0.00000,+30.068,0,194.6,0.0
14.071861,3,1,0.240572,0.240572,0.2400,+0.00057,1,0,0,+0.00000,+0.00000,0.00000,0.00,+0.00000,+0.00000,0.00000,0.0006,0,0,0,1,+5.000,+0.000,+5.000,-0.05000,+0.499,+0.00000,0.00,+0.00000,0,+0.00000,+0.00000,0.00000,+30.068,0,194.6,0.0
14.076622,3,1,0.240570,0.240570,0.2400,+0.00057,1,0,0,+0.00000,+0.00000,0.00000,0.00,+0.00000,+0.00000,0.00000,0.0005,0,0,0,1,+5.000,+0.000,+5.000,-0.05000,+0.500,+0.00000,0.00,+0.00000,0,+0.00000,+0.00000,0.00000,+30.206,0,194.6,0.0
14.081167,3,1,0.240568,0.240568,0.2400,+0.00057,1,0,0,+0.00000,+0.00000,0.00000,0.00,+0.00000,+0.00000,0.00000,0.0005,0,0,0,1,+5.000,+0.000,+5.000,-0.05000,+0.500,+0.00000,0.00,+0.00000,0,+0.00000,+0.00000,0.00000,+30.307,0,194.6,0.0
14.085826,3,1,0.240567,0.240567,0.2400,+0.00057,1,0,0,+0.00000,+0.00000,0.00000,0.00,+0.00000,+0.00000,0.00000,0.0005,0,0,0,1,+5.000,+0.000,+5.000,-0.05000,+0.500,+0.00000,0.00,+0.00000,0,+0.00000,+0.00000,0.00000,+30.307,0,194.6,0.0
14.090421,3,1,0.240565,0.240565,0.2400,+0.00056,1,0,0,+0.00000,+0.00000,0.00000,0.00,+0.00000,+0.00000,0.00000,0.0005,0,0,0,1,+5.000,+0.000,+5.000,-0.05000,+0.501,+0.00000,0.00,+0.00000,0,+0.00000,+0.00000,0.00000,+30.453,0,194.6,0.0
14.094986,3,1,0.240563,0.240563,0.2400,+0.00056,1,0,0,+0.00000,+0.00000,0.00000,0.00,+0.00000,+0.00000,0.00000,0.0005,0,0,0,1,+5.000,+0.000,+5.000,-0.05000,+0.501,+0.00000,0.00,+0.00000,0,+0.00000,+0.00000,0.00000,+30.453,0,194.6,0.0
14.099527,3,1,0.240561,0.240561,0.2400,+0.00056,1,0,0,+0.00000,+0.00000,0.00000,0.00,+0.00000,+0.00000,0.00000,0.0005,0,0,0,1,+5.000,+0.000,+5.000,-0.05000,+0.501,+0.00000,0.00,+0.00000,0,+0.00000,+0.00000,0.00000,+30.569,0,194.6,0.0
14.104135,3,1,0.240560,0.240560,0.2400,+0.00056,1,0,0,+0.00000,+0.00000,0.00000,0.00,+0.00000,+0.00000,0.00000,0.0005,0,0,0,1,+5.000,+0.000,+5.000,-0.05000,+0.501,+0.00000,0.00,+0.00000,0,+0.00000,+0.00000,0.00000,+30.569,0,194.6,0.0
14.108674,3,1,0.240558,0.240558,0.2400,+0.00056,1,0,0,+0.00000,+0.00000,0.00000,0.00,+0.00000,+0.00000,0.00000,0.0005,0,0,0,1,+5.000,+0.000,+5.000,-0.05000,+0.502,+0.00000,0.00,+0.00000,0,+0.00000,+0.00000,0.00000,+30.691,0,194.6,0.0
14.113678,3,1,0.240556,0.240556,0.2400,+0.00056,1,0,0,+0.00000,+0.00000,0.00000,0.00,+0.00000,+0.00000,0.00000,0.0005,0,0,0,1,+5.000,+0.000,+5.000,-0.05000,+0.503,+0.00000,0.00,+0.00000,0,+0.00000,+0.00000,0.00000,+30.814,0,194.6,0.0
14.118584,3,1,0.240554,0.240554,0.2400,+0.00055,1,0,0,+0.00000,+0.00000,0.00000,0.00,+0.00000,+0.00000,0.00000,0.0005,0,0,0,1,+5.000,+0.000,+5.000,-0.05000,+0.503,+0.00000,0.00,+0.00000,0,+0.00000,+0.00000,0.00000,+30.814,0,194.6,0.0
14.122922,3,1,0.240553,0.240553,0.2400,+0.00055,1,0,0,+0.00000,+0.00000,0.00000,0.00,+0.00000,+0.00000,0.00000,0.0005,0,0,0,1,+5.000,+0.000,+5.000,-0.05000,+0.503,+0.00000,0.00,+0.00000,0,+0.00000,+0.00000,0.00000,+30.943,0,194.6,0.0
14.127795,3,1,0.240551,0.240551,0.2400,+0.00055,1,0,0,+0.00000,+0.00000,0.00000,0.00,+0.00000,+0.00000,0.00000,0.0005,0,0,0,1,+5.000,+0.000,+5.000,-0.05000,+0.503,+0.00000,0.00,+0.00000,0,+0.00000,+0.00000,0.00000,+30.943,0,194.6,0.0
14.133069,3,1,0.240549,0.240549,0.2400,+0.00055,1,0,0,+0.00000,+0.00000,0.00000,0.00,+0.00000,+0.00000,0.00000,0.0005,0,0,0,1,+5.000,+0.000,+5.000,-0.05000,+0.504,+0.00000,0.00,+0.00000,0,+0.00000,+0.00000,0.00000,+31.069,0,194.6,0.0
14.138298,3,1,0.240547,0.240547,0.2400,+0.00055,1,0,0,+0.00000,+0.00000,0.00000,0.00,+0.00000,+0.00000,0.00000,0.0005,0,0,0,1,+5.000,+0.000,+5.000,-0.05000,+0.504,+0.00000,0.00,+0.00000,0,+0.00000,+0.00000,0.00000,+31.069,0,194.6,0.0
14.143693,3,1,0.240545,0.240545,0.2400,+0.00055,1,0,0,+0.00000,+0.00000,0.00000,0.00,+0.00000,+0.00000,0.00000,0.0005,0,0,0,1,+5.000,+0.000,+5.000,-0.05000,+0.505,+0.00000,0.00,+0.00000,0,+0.00000,+0.00000,0.00000,+31.218,0,194.6,0.0
14.148815,3,1,0.240543,0.240543,0.2400,+0.00054,1,0,0,+0.00000,+0.00000,0.00000,0.00,+0.00000,+0.00000,0.00000,0.0005,0,0,0,1,+5.000,+0.000,+5.000,-0.05000,+0.505,+0.00000,0.00,+0.00000,0,+0.00000,+0.00000,0.00000,+31.326,0,194.6,0.0
14.153454,3,1,0.240542,0.240542,0.2400,+0.00054,1,0,0,+0.00000,+0.00000,0.00000,0.00,+0.00000,+0.00000,0.00000,0.0005,0,0,0,1,+5.000,+0.000,+5.000,-0.05000,+0.505,+0.00000,0.00,+0.00000,0,+0.00000,+0.00000,0.00000,+31.326,0,194.6,0.0
14.157938,3,1,0.240540,0.240540,0.2400,+0.00054,1,0,0,+0.00000,+0.00000,0.00000,0.00,+0.00000,+0.00000,0.00000,0.0005,0,0,0,1,+5.000,+0.000,+5.000,-0.05000,+0.505,+0.00000,0.00,+0.00000,0,+0.00000,+0.00000,0.00000,+31.326,0,194.6,0.0
14.162966,3,1,0.240538,0.240538,0.2400,+0.00054,1,0,0,+0.00000,+0.00000,0.00000,0.00,+0.00000,+0.00000,0.00000,0.0005,0,0,0,1,+5.000,+0.000,+5.000,-0.05000,+0.506,+0.00000,0.00,+0.00000,0,+0.00000,+0.00000,0.00000,+31.488,0,194.6,0.0
14.167652,3,1,0.240537,0.240537,0.2400,+0.00054,1,0,0,+0.00000,+0.00000,0.00000,0.00,+0.00000,+0.00000,0.00000,0.0005,0,0,0,1,+5.000,+0.000,+5.000,-0.05000,+0.507,+0.00000,0.00,+0.00000,0,+0.00000,+0.00000,0.00000,+31.610,0,194.6,0.0
14.172206,3,1,0.240535,0.240535,0.2400,+0.00053,1,0,0,+0.00000,+0.00000,0.00000,0.00,+0.00000,+0.00000,0.00000,0.0005,0,0,0,1,+5.000,+0.000,+5.000,-0.05000,+0.507,+0.00000,0.00,+0.00000,0,+0.00000,+0.00000,0.00000,+31.610,0,194.6,0.0
14.176826,3,1,0.240533,0.240533,0.2400,+0.00053,1,0,0,+0.00000,+0.00000,0.00000,0.00,+0.00000,+0.00000,0.00000,0.0004,0,0,0,1,+5.000,+0.000,+5.000,-0.05000,+0.508,+0.00000,0.00,+0.00000,0,+0.00000,+0.00000,0.00000,+31.748,0,194.6,0.0
14.181395,3,1,0.240532,0.240532,0.2400,+0.00053,1,0,0,+0.00000,+0.00000,0.00000,0.00,+0.00000,+0.00000,0.00000,0.0004,0,0,0,1,+5.000,+0.000,+5.000,-0.05000,+0.508,+0.00000,0.00,+0.00000,0,+0.00000,+0.00000,0.00000,+31.748,0,194.6,0.0
14.186068,3,1,0.240530,0.240530,0.2400,+0.00053,1,0,0,+0.00000,+0.00000,0.00000,0.00,+0.00000,+0.00000,0.00000,0.0004,0,0,0,1,+5.000,+0.000,+5.000,-0.05000,+0.508,+0.00000,0.00,+0.00000,0,+0.00000,+0.00000,0.00000,+31.867,0,194.6,0.0
14.190348,3,1,0.240528,0.240528,0.2400,+0.00053,1,0,0,+0.00000,+0.00000,0.00000,0.00,+0.00000,+0.00000,0.00000,0.0004,0,0,0,1,+5.000,+0.000,+5.000,-0.05000,+0.508,+0.00000,0.00,+0.00000,0,+0.00000,+0.00000,0.00000,+31.867,0,194.6,0.0
14.195004,3,1,0.240527,0.240527,0.2400,+0.00053,1,0,0,+0.00000,+0.00000,0.00000,0.00,+0.00000,+0.00000,0.00000,0.0004,0,0,0,1,+5.000,+0.000,+5.000,-0.05000,+0.509,+0.00000,0.00,+0.00000,0,+0.00000,+0.00000,0.00000,+32.032,0,194.6,0.0
14.199207,3,1,0.240525,0.240525,0.2400,+0.00053,1,0,0,+0.00000,+0.00000,0.00000,0.00,+0.00000,+0.00000,0.00000,0.0004,0,0,0,1,+5.000,+0.000,+5.000,-0.05000,+0.509,+0.00000,0.00,+0.00000,0,+0.00000,+0.00000,0.00000,+32.032,0,194.6,0.0
14.203921,3,1,0.240524,0.240524,0.2400,+0.00052,1,0,0,+0.00000,+0.00000,0.00000,0.00,+0.00000,+0.00000,0.00000,0.0004,0,0,0,1,+5.000,+0.000,+5.000,-0.05000,+0.510,+0.00000,0.00,+0.00000,0,+0.00000,+0.00000,0.00000,+32.173,0,194.6,0.0
14.208613,3,1,0.240522,0.240522,0.2400,+0.00052,1,0,0,+0.00000,+0.00000,0.00000,0.00,+0.00000,+0.00000,0.00000,0.0004,0,0,0,1,+5.000,+0.000,+5.000,-0.05000,+0.510,+0.00000,0.00,+0.00000,0,+0.00000,+0.00000,0.00000,+32.173,0,194.6,0.0
14.213258,3,1,0.240520,0.240520,0.2400,+0.00052,1,0,0,+0.00000,+0.00000,0.00000,0.00,+0.00000,+0.00000,0.00000,0.0004,0,0,0,1,+5.000,+0.000,+5.000,-0.05000,+0.511,+0.00000,0.00,+0.00000,0,+0.00000,+0.00000,0.00000,+32.276,0,194.6,0.0
14.218447,3,1,0.240519,0.240519,0.2400,+0.00052,1,0,0,+0.00000,+0.00000,0.00000,0.00,+0.00000,+0.00000,0.00000,0.0004,0,0,0,1,+5.000,+0.000,+5.000,-0.05000,+0.511,+0.00000,0.00,+0.00000,0,+0.00000,+0.00000,0.00000,+32.276,0,194.6,0.0
14.223355,3,1,0.240517,0.240517,0.2400,+0.00052,1,0,0,+0.00000,+0.00000,0.00000,0.00,+0.00000,+0.00000,0.00000,0.0004,0,0,0,1,+5.000,+0.000,+5.000,-0.05000,+0.511,+0.00000,0.00,+0.00000,0,+0.00000,+0.00000,0.00000,+32.403,0,194.6,0.0
14.228013,3,1,0.240515,0.240515,0.2400,+0.00052,1,0,0,+0.00000,+0.00000,0.00000,0.00,+0.00000,+0.00000,0.00000,0.0004,0,0,0,1,+5.000,+0.000,+5.000,-0.05000,+0.512,+0.00000,0.00,+0.00000,0,+0.00000,+0.00000,0.00000,+32.523,0,203.2,0.0
14.232557,3,1,0.240514,0.240514,0.2400,+0.00051,1,0,0,+0.00000,+0.00000,0.00000,0.00,+0.00000,+0.00000,0.00000,0.0004,0,0,0,1,+5.000,+0.000,+5.000,-0.05000,+0.512,+0.00000,0.00,+0.00000,0,+0.00000,+0.00000,0.00000,+32.523,0,203.2,0.0
14.237143,3,1,0.240512,0.240512,0.2400,+0.00051,1,0,0,+0.00000,+0.00000,0.00000,0.00,+0.00000,+0.00000,0.00000,0.0004,0,0,0,1,+5.000,+0.000,+5.000,-0.05000,+0.513,+0.00000,0.00,+0.00000,0,+0.00000,+0.00000,0.00000,+32.667,0,203.2,0.0
14.242162,3,1,0.240511,0.240511,0.2400,+0.00051,1,0,0,+0.00000,+0.00000,0.00000,0.00,+0.00000,+0.00000,0.00000,0.0004,0,0,0,1,+5.000,+0.000,+5.000,-0.05000,+0.513,+0.00000,0.00,+0.00000,0,+0.00000,+0.00000,0.00000,+32.667,0,203.2,0.0
14.246833,3,1,0.240509,0.240509,0.2400,+0.00051,1,0,0,+0.00000,+0.00000,0.00000,0.00,+0.00000,+0.00000,0.00000,0.0004,0,0,0,1,+5.000,+0.000,+5.000,-0.05000,+0.514,+0.00000,0.00,+0.00000,0,+0.00000,+0.00000,0.00000,+32.806,0,203.2,0.0
14.251246,3,1,0.240507,0.240507,0.2400,+0.00051,1,0,0,+0.00000,+0.00000,0.00000,0.00,+0.00000,+0.00000,0.00000,0.0004,0,0,0,1,+5.000,+0.000,+5.000,-0.05000,+0.514,+0.00000,0.00,+0.00000,0,+0.00000,+0.00000,0.00000,+32.806,0,203.2,0.0
14.255762,3,1,0.240506,0.240506,0.2400,+0.00051,1,0,0,+0.00000,+0.00000,0.00000,0.00,+0.00000,+0.00000,0.00000,0.0004,0,0,0,1,+5.000,+0.000,+5.000,-0.05000,+0.514,+0.00000,0.00,+0.00000,0,+0.00000,+0.00000,0.00000,+32.933,0,203.2,0.0
14.260274,3,1,0.240504,0.240504,0.2400,+0.00050,1,0,0,+0.00000,+0.00000,0.00000,0.00,+0.00000,+0.00000,0.00000,0.0004,0,0,0,1,+5.000,+0.000,+5.000,-0.05000,+0.514,+0.00000,0.00,+0.00000,0,+0.00000,+0.00000,0.00000,+32.933,0,203.2,0.0
14.264804,3,1,0.240503,0.240503,0.2400,+0.00050,1,0,0,+0.00000,+0.00000,0.00000,0.00,+0.00000,+0.00000,0.00000,0.0004,0,0,0,1,+5.000,+0.000,+5.000,-0.05000,+0.515,+0.00000,0.00,+0.00000,0,+0.00000,+0.00000,0.00000,+33.068,0,203.2,0.0
14.269333,3,1,0.240501,0.240501,0.2400,+0.00050,1,0,0,+0.00000,+0.00000,0.00000,0.00,+0.00000,+0.00000,0.00000,0.0004,0,0,0,1,+5.000,+0.000,+5.000,-0.05000,+0.515,+0.00000,0.00,+0.00000,0,+0.00000,+0.00000,0.00000,+33.068,0,203.2,0.0
14.273673,3,1,0.240500,0.240500,0.2400,+0.00050,1,0,0,+0.00000,+0.00000,0.00000,0.00,+0.00000,+0.00000,0.00000,0.0004,0,0,0,1,+5.000,+0.000,+5.000,-0.05000,+0.516,+0.00000,0.00,+0.00000,0,+0.00000,+0.00000,0.00000,+33.187,0,203.2,0.0
14.277910,3,1,0.240499,0.240499,0.2400,+0.00050,1,0,0,+0.00000,+0.00000,0.00000,0.00,+0.00000,+0.00000,0.00000,0.0004,0,0,0,1,+5.000,+0.000,+5.000,-0.05000,+0.516,+0.00000,0.00,+0.00000,0,+0.00000,+0.00000,0.00000,+33.187,0,203.2,0.0
14.282468,3,1,0.240497,0.240497,0.2400,+0.00050,1,0,0,+0.00000,+0.00000,0.00000,0.00,+0.00000,+0.00000,0.00000,0.0004,0,0,0,1,+5.000,+0.000,+5.000,-0.05000,+0.517,+0.00000,0.00,+0.00000,0,+0.00000,+0.00000,0.00000,+33.305,0,203.2,0.0
14.286649,3,1,0.240496,0.240496,0.2400,+0.00050,1,0,0,+0.00000,+0.00000,0.00000,0.00,+0.00000,+0.00000,0.00000,0.0004,0,0,0,1,+5.000,+0.000,+5.000,-0.05000,+0.517,+0.00000,0.00,+0.00000,0,+0.00000,+0.00000,0.00000,+33.305,0,203.2,0.0
14.291205,3,1,0.240494,0.240494,0.2400,+0.00049,1,0,0,+0.00000,+0.00000,0.00000,0.00,+0.00000,+0.00000,0.00000,0.0004,0,0,0,1,+5.000,+0.000,+5.000,-0.05000,+0.517,+0.00000,0.00,+0.00000,0,+0.00000,+0.00000,0.00000,+33.447,0,203.2,0.0
14.295663,3,1,0.240493,0.240493,0.2400,+0.00049,1,0,0,+0.00000,+0.00000,0.00000,0.00,+0.00000,+0.00000,0.00000,0.0004,0,0,0,1,+5.000,+0.000,+5.000,-0.05000,+0.517,+0.00000,0.00,+0.00000,0,+0.00000,+0.00000,0.00000,+33.447,0,203.2,0.0
14.300197,3,1,0.240491,0.240491,0.2400,+0.00049,1,0,0,+0.00000,+0.00000,0.00000,0.00,+0.00000,+0.00000,0.00000,0.0003,0,0,0,1,+5.000,+0.000,+5.000,-0.05000,+0.518,+0.00000,0.00,+0.00000,0,+0.00000,+0.00000,0.00000,+33.573,0,203.2,0.0
14.304818,3,1,0.240490,0.240490,0.2400,+0.00049,1,0,0,+0.00000,+0.00000,0.00000,0.00,+0.00000,+0.00000,0.00000,0.0003,0,0,0,1,+5.000,+0.000,+5.000,-0.05000,+0.518,+0.00000,0.00,+0.00000,0,+0.00000,+0.00000,0.00000,+33.573,0,203.2,0.0
14.309212,3,1,0.240488,0.240488,0.2400,+0.00049,1,0,0,+0.00000,+0.00000,0.00000,0.00,+0.00000,+0.00000,0.00000,0.0003,0,0,0,1,+5.000,+0.000,+5.000,-0.05000,+0.519,+0.00000,0.00,+0.00000,0,+0.00000,+0.00000,0.00000,+33.711,0,203.2,0.0
14.313932,3,1,0.240487,0.240487,0.2400,+0.00049,1,0,0,+0.00000,+0.00000,0.00000,0.00,+0.00000,+0.00000,0.00000,0.0003,0,0,0,1,+5.000,+0.000,+5.000,-0.05000,+0.520,+0.00000,0.00,+0.00000,0,+0.00000,+0.00000,0.00000,+33.830,0,203.2,0.0
14.318890,3,1,0.240485,0.240485,0.2400,+0.00049,1,0,0,+0.00000,+0.00000,0.00000,0.00,+0.00000,+0.00000,0.00000,0.0003,0,0,0,1,+5.000,+0.000,+5.000,-0.05000,+0.520,+0.00000,0.00,+0.00000,0,+0.00000,+0.00000,0.00000,+33.830,0,203.2,0.0
14.323284,3,1,0.240484,0.240484,0.2400,+0.00048,1,0,0,+0.00000,+0.00000,0.00000,0.00,+0.00000,+0.00000,0.00000,0.0003,0,0,0,1,+5.000,+0.000,+5.000,-0.05000,+0.520,+0.00000,0.00,+0.00000,0,+0.00000,+0.00000,0.00000,+33.961,0,203.2,0.0
14.327795,3,1,0.240482,0.240482,0.2400,+0.00048,1,0,0,+0.00000,+0.00000,0.00000,0.00,+0.00000,+0.00000,0.00000,0.0003,0,0,0,1,+5.000,+0.000,+5.000,-0.05000,+0.520,+0.00000,0.00,+0.00000,0,+0.00000,+0.00000,0.00000,+33.961,0,203.2,0.0
14.331959,3,1,0.240481,0.240481,0.2400,+0.00048,1,0,0,+0.00000,+0.00000,0.00000,0.00,+0.00000,+0.00000,0.00000,0.0003,0,0,0,1,+5.000,+0.000,+5.000,-0.05000,+0.521,+0.00000,0.00,+0.00000,0,+0.00000,+0.00000,0.00000,+34.105,0,203.2,0.0
14.336674,3,1,0.240479,0.240479,0.2400,+0.00048,1,0,0,+0.00000,+0.00000,0.00000,0.00,+0.00000,+0.00000,0.00000,0.0003,0,0,0,1,+5.000,+0.000,+5.000,-0.05000,+0.521,+0.00000,0.00,+0.00000,0,+0.00000,+0.00000,0.00000,+34.105,0,203.2,0.0
14.341234,3,1,0.240478,0.240478,0.2400,+0.00048,1,0,0,+0.00000,+0.00000,0.00000,0.00,+0.00000,+0.00000,0.00000,0.0003,0,0,0,1,+5.000,+0.000,+5.000,-0.05000,+0.522,+0.00000,0.00,+0.00000,0,+0.00000,+0.00000,0.00000,+34.230,0,203.2,0.0
14.346149,3,1,0.240476,0.240476,0.2400,+0.00048,1,0,0,+0.00000,+0.00000,0.00000,0.00,+0.00000,+0.00000,0.00000,0.0003,0,0,0,1,+5.000,+0.000,+5.000,-0.05000,+0.522,+0.00000,0.00,+0.00000,0,+0.00000,+0.00000,0.00000,+34.230,0,203.2,0.0
14.350688,3,1,0.240475,0.240475,0.2400,+0.00047,1,0,0,+0.00000,+0.00000,0.00000,0.00,+0.00000,+0.00000,0.00000,0.0003,0,0,0,1,+5.000,+0.000,+5.000,-0.05000,+0.523,+0.00000,0.00,+0.00000,0,+0.00000,+0.00000,0.00000,+34.358,0,203.2,0.0
14.355341,3,1,0.240473,0.240473,0.2400,+0.00047,1,0,0,+0.00000,+0.00000,0.00000,0.00,+0.00000,+0.00000,0.00000,0.0003,0,0,0,1,+5.000,+0.000,+5.000,-0.05000,+0.523,+0.00000,0.00,+0.00000,0,+0.00000,+0.00000,0.00000,+34.358,0,203.2,0.0
14.360007,3,1,0.240472,0.240472,0.2400,+0.00047,1,0,0,+0.00000,+0.00000,0.00000,0.00,+0.00000,+0.00000,0.00000,0.0003,0,0,0,1,+5.000,+0.000,+5.000,-0.05000,+0.524,+0.00000,0.00,+0.00000,0,+0.00000,+0.00000,0.00000,+34.473,0,203.2,0.0
14.364815,3,1,0.240470,0.240470,0.2400,+0.00047,1,0,0,+0.00000,+0.00000,0.00000,0.00,+0.00000,+0.00000,0.00000,0.0003,0,0,0,1,+5.000,+0.000,+5.000,-0.05000,+0.524,+0.00000,0.00,+0.00000,0,+0.00000,+0.00000,0.00000,+34.473,0,203.2,0.0
14.369310,3,1,0.240469,0.240469,0.2400,+0.00047,1,0,0,+0.00000,+0.00000,0.00000,0.00,+0.00000,+0.00000,0.00000,0.0003,0,0,0,1,+5.000,+0.000,+5.000,-0.05000,+0.525,+0.00000,0.00,+0.00000,0,+0.00000,+0.00000,0.00000,+34.619,0,203.2,0.0
14.373791,3,1,0.240468,0.240468,0.2400,+0.00047,1,0,0,+0.00000,+0.00000,0.00000,0.00,+0.00000,+0.00000,0.00000,0.0003,0,0,0,1,+5.000,+0.000,+5.000,-0.05000,+0.525,+0.00000,0.00,+0.00000,0,+0.00000,+0.00000,0.00000,+34.619,0,203.2,0.0
14.378341,3,1,0.240466,0.240466,0.2400,+0.00047,1,0,0,+0.00000,+0.00000,0.00000,0.00,+0.00000,+0.00000,0.00000,0.0003,0,0,0,1,+5.000,+0.000,+5.000,-0.05000,+0.525,+0.00000,0.00,+0.00000,0,+0.00000,+0.00000,0.00000,+34.745,0,203.2,0.0
14.382911,3,1,0.240465,0.240465,0.2400,+0.00046,1,0,0,+0.00000,+0.00000,0.00000,0.00,+0.00000,+0.00000,0.00000,0.0003,0,0,0,1,+5.000,+0.000,+5.000,-0.05000,+0.525,+0.00000,0.00,+0.00000,0,+0.00000,+0.00000,0.00000,+34.745,0,203.2,0.0
14.387486,3,1,0.240463,0.240463,0.2400,+0.00046,1,0,0,+0.00000,+0.00000,0.00000,0.00,+0.00000,+0.00000,0.00000,0.0003,0,0,0,1,+5.000,+0.000,+5.000,-0.05000,+0.526,+0.00000,0.00,+0.00000,0,+0.00000,+0.00000,0.00000,+34.888,0,203.2,0.0
14.392109,3,1,0.240462,0.240462,0.2400,+0.00046,1,0,0,+0.00000,+0.00000,0.00000,0.00,+0.00000,+0.00000,0.00000,0.0003,0,0,0,1,+5.000,+0.000,+5.000,-0.05000,+0.527,+0.00000,0.00,+0.00000,0,+0.00000,+0.00000,0.00000,+35.006,0,203.2,0.0
14.396929,3,1,0.240460,0.240460,0.2400,+0.00046,1,0,0,+0.00000,+0.00000,0.00000,0.00,+0.00000,+0.00000,0.00000,0.0003,0,0,0,1,+5.000,+0.000,+5.000,-0.05000,+0.527,+0.00000,0.00,+0.00000,0,+0.00000,+0.00000,0.00000,+35.006,0,203.2,0.0
14.402766,3,1,0.240459,0.240459,0.2400,+0.00046,1,0,0,+0.00000,+0.00000,0.00000,0.00,+0.00000,+0.00000,0.00000,0.0003,0,0,0,1,+5.000,+0.000,+5.000,-0.05000,+0.527,+0.00000,0.00,+0.00000,0,+0.00000,+0.00000,0.00000,+35.006,0,203.2,0.0
14.407284,3,1,0.240457,0.240457,0.2400,+0.00046,1,0,0,+0.00000,+0.00000,0.00000,0.00,+0.00000,+0.00000,0.00000,0.0003,0,0,0,1,+5.000,+0.000,+5.000,-0.05000,+0.528,+0.00000,0.00,+0.00000,0,+0.00000,+0.00000,0.00000,+35.190,0,203.2,0.0
14.412250,3,1,0.240456,0.240456,0.2400,+0.00046,1,0,0,+0.00000,+0.00000,0.00000,0.00,+0.00000,+0.00000,0.00000,0.0003,0,0,0,1,+5.000,+0.000,+5.000,-0.05000,+0.529,+0.00000,0.00,+0.00000,0,+0.00000,+0.00000,0.00000,+35.273,0,203.2,0.0
14.417125,3,1,0.240454,0.240454,0.2400,+0.00045,1,0,0,+0.00000,+0.00000,0.00000,0.00,+0.00000,+0.00000,0.00000,0.0003,0,0,0,1,+5.000,+0.000,+5.000,-0.05000,+0.529,+0.00000,0.00,+0.00000,0,+0.00000,+0.00000,0.00000,+35.273,0,203.2,0.0
14.422009,3,1,0.240453,0.240453,0.2400,+0.00045,1,0,0,+0.00000,+0.00000,0.00000,0.00,+0.00000,+0.00000,0.00000,0.0003,0,0,0,1,+5.000,+0.000,+5.000,-0.05000,+0.530,+0.00000,0.00,+0.00000,0,+0.00000,+0.00000,0.00000,+35.447,0,203.2,0.0
14.426802,3,1,0.240451,0.240451,0.2400,+0.00045,1,0,0,+0.00000,+0.00000,0.00000,0.00,+0.00000,+0.00000,0.00000,0.0003,0,0,0,1,+5.000,+0.000,+5.000,-0.05000,+0.530,+0.00000,0.00,+0.00000,0,+0.00000,+0.00000,0.00000,+35.447,0,203.2,0.0
14.431675,3,1,0.240450,0.240450,0.2400,+0.00045,1,0,0,+0.00000,+0.00000,0.00000,0.00,+0.00000,+0.00000,0.00000,0.0003,0,0,0,1,+5.000,+0.000,+5.000,-0.05000,+0.531,+0.00000,0.00,+0.00000,0,+0.00000,+0.00000,0.00000,+35.554,0,203.2,0.0
14.436059,3,1,0.240449,0.240449,0.2400,+0.00045,1,0,0,+0.00000,+0.00000,0.00000,0.00,+0.00000,+0.00000,0.00000,0.0003,0,0,0,1,+5.000,+0.000,+5.000,-0.05000,+0.531,+0.00000,0.00,+0.00000,0,+0.00000,+0.00000,0.00000,+35.554,0,203.2,0.0
14.441547,3,1,0.240447,0.240447,0.2400,+0.00045,1,0,0,+0.00000,+0.00000,0.00000,0.00,+0.00000,+0.00000,0.00000,0.0003,0,0,0,1,+5.000,+0.000,+5.000,-0.05000,+0.532,+0.00000,0.00,+0.00000,0,+0.00000,+0.00000,0.00000,+35.692,0,203.2,0.0
14.446598,3,1,0.240445,0.240445,0.2400,+0.00045,1,0,0,+0.00000,+0.00000,0.00000,0.00,+0.00000,+0.00000,0.00000,0.0003,0,0,0,1,+5.000,+0.000,+5.000,-0.05000,+0.532,+0.00000,0.00,+0.00000,0,+0.00000,+0.00000,0.00000,+35.822,0,203.2,0.0
14.451769,3,1,0.240444,0.240444,0.2400,+0.00044,1,0,0,+0.00000,+0.00000,0.00000,0.00,+0.00000,+0.00000,0.00000,0.0003,0,0,0,1,+5.000,+0.000,+5.000,-0.05000,+0.532,+0.00000,0.00,+0.00000,0,+0.00000,+0.00000,0.00000,+35.822,0,203.2,0.0
14.456287,3,1,0.240443,0.240443,0.2400,+0.00044,1,0,0,+0.00000,+0.00000,0.00000,0.00,+0.00000,+0.00000,0.00000,0.0003,0,0,0,1,+5.000,+0.000,+5.000,-0.05000,+0.533,+0.00000,0.00,+0.00000,0,+0.00000,+0.00000,0.00000,+35.937,0,203.2,0.0
14.460991,3,1,0.240441,0.240441,0.2400,+0.00044,1,0,0,+0.00000,+0.00000,0.00000,0.00,+0.00000,+0.00000,0.00000,0.0003,0,0,0,1,+5.000,+0.000,+5.000,-0.05000,+0.533,+0.00000,0.00,+0.00000,0,+0.00000,+0.00000,0.00000,+35.937,0,203.2,0.0
14.465470,3,1,0.240440,0.240440,0.2400,+0.00044,1,0,0,+0.00000,+0.00000,0.00000,0.00,+0.00000,+0.00000,0.00000,0.0003,0,0,0,1,+5.000,+0.000,+5.000,-0.05000,+0.534,+0.00000,0.00,+0.00000,0,+0.00000,+0.00000,0.00000,+36.067,0,203.2,0.0
14.470091,3,1,0.240439,0.240439,0.2400,+0.00044,1,0,0,+0.00000,+0.00000,0.00000,0.00,+0.00000,+0.00000,0.00000,0.0002,0,0,0,1,+5.000,+0.000,+5.000,-0.05000,+0.534,+0.00000,0.00,+0.00000,0,+0.00000,+0.00000,0.00000,+36.067,0,203.2,0.0
14.474583,3,1,0.240437,0.240437,0.2400,+0.00044,1,0,0,+0.00000,+0.00000,0.00000,0.00,+0.00000,+0.00000,0.00000,0.0002,0,0,0,1,+5.000,+0.000,+5.000,-0.05000,+0.535,+0.00000,0.00,+0.00000,0,+0.00000,+0.00000,0.00000,+36.204,0,203.2,0.0
14.478841,3,1,0.240436,0.240436,0.2400,+0.00044,1,0,0,+0.00000,+0.00000,0.00000,0.00,+0.00000,+0.00000,0.00000,0.0002,0,0,0,1,+5.000,+0.000,+5.000,-0.05000,+0.535,+0.00000,0.00,+0.00000,0,+0.00000,+0.00000,0.00000,+36.204,0,203.2,0.0
14.483295,3,1,0.240435,0.240435,0.2400,+0.00043,1,0,0,+0.00000,+0.00000,0.00000,0.00,+0.00000,+0.00000,0.00000,0.0002,0,0,0,1,+5.000,+0.000,+5.000,-0.05000,+0.536,+0.00000,0.00,+0.00000,0,+0.00000,+0.00000,0.00000,+36.350,0,203.2,0.0
14.487937,3,1,0.240433,0.240433,0.2400,+0.00043,1,0,0,+0.00000,+0.00000,0.00000,0.00,+0.00000,+0.00000,0.00000,0.0002,0,0,0,1,+5.000,+0.000,+5.000,-0.05000,+0.536,+0.00000,0.00,+0.00000,0,+0.00000,+0.00000,0.00000,+36.350,0,203.2,0.0
14.492874,3,1,0.240432,0.240432,0.2400,+0.00043,1,0,0,+0.00000,+0.00000,0.00000,0.00,+0.00000,+0.00000,0.00000,0.0002,0,0,0,1,+5.000,+0.000,+5.000,-0.05000,+0.537,+0.00000,0.00,+0.00000,0,+0.00000,+0.00000,0.00000,+36.458,0,203.2,0.0
14.497367,3,1,0.240431,0.240431,0.2400,+0.00043,1,0,0,+0.00000,+0.00000,0.00000,0.00,+0.00000,+0.00000,0.00000,0.0002,0,0,0,1,+5.000,+0.000,+5.000,-0.05000,+0.537,+0.00000,0.00,+0.00000,0,+0.00000,+0.00000,0.00000,+36.458,0,203.2,0.0
14.501890,3,1,0.240429,0.240429,0.2400,+0.00043,1,0,0,+0.00000,+0.00000,0.00000,0.00,+0.00000,+0.00000,0.00000,0.0002,0,0,0,1,+5.000,+0.000,+5.000,-0.05000,+0.538,+0.00000,0.00,+0.00000,0,+0.00000,+0.00000,0.00000,+36.618,0,203.2,0.0
14.506459,3,1,0.240428,0.240428,0.2400,+0.00043,1,0,0,+0.00000,+0.00000,0.00000,0.00,+0.00000,+0.00000,0.00000,0.0002,0,0,0,1,+5.000,+0.000,+5.000,-0.05000,+0.539,+0.00000,0.00,+0.00000,0,+0.00000,+0.00000,0.00000,+36.728,0,203.2,0.0
14.511148,3,1,0.240427,0.240427,0.2400,+0.00043,1,0,0,+0.00000,+0.00000,0.00000,0.00,+0.00000,+0.00000,0.00000,0.0002,0,0,0,1,+5.000,+0.000,+5.000,-0.05000,+0.539,+0.00000,0.00,+0.00000,0,+0.00000,+0.00000,0.00000,+36.728,0,203.2,0.0
14.516102,3,1,0.240425,0.240425,0.2400,+0.00043,1,0,0,+0.00000,+0.00000,0.00000,0.00,+0.00000,+0.00000,0.00000,0.0002,0,0,0,1,+5.000,+0.000,+5.000,-0.05000,+0.539,+0.00000,0.00,+0.00000,0,+0.00000,+0.00000,0.00000,+36.728,0,203.2,0.0
14.521107,3,1,0.240424,0.240424,0.2400,+0.00042,1,0,0,+0.00000,+0.00000,0.00000,0.00,+0.00000,+0.00000,0.00000,0.0002,0,0,0,1,+5.000,+0.000,+5.000,-0.05000,+0.540,+0.00000,0.00,+0.00000,0,+0.00000,+0.00000,0.00000,+36.881,0,203.2,0.0
14.525807,3,1,0.240423,0.240423,0.2400,+0.00042,1,0,0,+0.00000,+0.00000,0.00000,0.00,+0.00000,+0.00000,0.00000,0.0002,0,0,0,1,+5.000,+0.000,+5.000,-0.05000,+0.541,+0.00000,0.00,+0.00000,0,+0.00000,+0.00000,0.00000,+37.015,0,203.2,0.0
14.530232,3,1,0.240421,0.240421,0.2400,+0.00042,1,0,0,+0.00000,+0.00000,0.00000,0.00,+0.00000,+0.00000,0.00000,0.0002,0,0,0,1,+5.000,+0.000,+5.000,-0.05000,+0.541,+0.00000,0.00,+0.00000,0,+0.00000,+0.00000,0.00000,+37.015,0,203.2,0.0
14.534857,3,1,0.240420,0.240420,0.2400,+0.00042,1,0,0,+0.00000,+0.00000,0.00000,0.00,+0.00000,+0.00000,0.00000,0.0002,0,0,0,1,+5.000,+0.000,+5.000,-0.05000,+0.541,+0.00000,0.00,+0.00000,0,+0.00000,+0.00000,0.00000,+37.129,0,203.2,0.0
14.539227,3,1,0.240419,0.240419,0.2400,+0.00042,1,0,0,+0.00000,+0.00000,0.00000,0.00,+0.00000,+0.00000,0.00000,0.0002,0,0,0,1,+5.000,+0.000,+5.000,-0.05000,+0.541,+0.00000,0.00,+0.00000,0,+0.00000,+0.00000,0.00000,+37.129,0,203.2,0.0
14.543875,3,1,0.240418,0.240418,0.2400,+0.00042,1,0,0,+0.00000,+0.00000,0.00000,0.00,+0.00000,+0.00000,0.00000,0.0002,0,0,0,1,+5.000,+0.000,+5.000,-0.05000,+0.542,+0.00000,0.00,+0.00000,0,+0.00000,+0.00000,0.00000,+37.273,0,203.2,0.0
14.548662,3,1,0.240416,0.240416,0.2400,+0.00042,1,0,0,+0.00000,+0.00000,0.00000,0.00,+0.00000,+0.00000,0.00000,0.0002,0,0,0,1,+5.000,+0.000,+5.000,-0.05000,+0.542,+0.00000,0.00,+0.00000,0,+0.00000,+0.00000,0.00000,+37.273,0,203.2,0.0
14.553905,3,1,0.240415,0.240415,0.2400,+0.00041,1,0,0,+0.00000,+0.00000,0.00000,0.00,+0.00000,+0.00000,0.00000,0.0002,0,0,0,1,+5.000,+0.000,+5.000,-0.05000,+0.544,+0.00000,0.00,+0.00000,0,+0.00000,+0.00000,0.00000,+37.426,0,203.2,0.0
14.558947,3,1,0.240413,0.240413,0.2400,+0.00041,1,0,0,+0.00000,+0.00000,0.00000,0.00,+0.00000,+0.00000,0.00000,0.0002,0,0,0,1,+5.000,+0.000,+5.000,-0.05000,+0.544,+0.00000,0.00,+0.00000,0,+0.00000,+0.00000,0.00000,+37.426,0,203.2,0.0
14.564288,3,1,0.240412,0.240412,0.2400,+0.00041,1,0,0,+0.00000,+0.00000,0.00000,0.00,+0.00000,+0.00000,0.00000,0.0002,0,0,0,1,+5.000,+0.000,+5.000,-0.05000,+0.544,+0.00000,0.00,+0.00000,0,+0.00000,+0.00000,0.00000,+37.553,0,203.2,0.0
14.568971,3,1,0.240411,0.240411,0.2400,+0.00041,1,0,0,+0.00000,+0.00000,0.00000,0.00,+0.00000,+0.00000,0.00000,0.0002,0,0,0,1,+5.000,+0.000,+5.000,-0.05000,+0.544,+0.00000,0.00,+0.00000,0,+0.00000,+0.00000,0.00000,+37.553,0,203.2,0.0
14.573316,3,1,0.240409,0.240409,0.2400,+0.00041,1,0,0,+0.00000,+0.00000,0.00000,0.00,+0.00000,+0.00000,0.00000,0.0002,0,0,0,1,+5.000,+0.000,+5.000,-0.05000,+0.546,+0.00000,0.00,+0.00000,0,+0.00000,+0.00000,0.00000,+37.699,0,203.2,0.0
14.577857,3,1,0.240408,0.240408,0.2400,+0.00041,1,0,0,+0.00000,+0.00000,0.00000,0.00,+0.00000,+0.00000,0.00000,0.0002,0,0,0,1,+5.000,+0.000,+5.000,-0.05000,+0.546,+0.00000,0.00,+0.00000,0,+0.00000,+0.00000,0.00000,+37.699,0,203.2,0.0
14.582871,3,1,0.240407,0.240407,0.2400,+0.00041,1,0,0,+0.00000,+0.00000,0.00000,0.00,+0.00000,+0.00000,0.00000,0.0002,0,0,0,1,+5.000,+0.000,+5.000,-0.05000,+0.546,+0.00000,0.00,+0.00000,0,+0.00000,+0.00000,0.00000,+37.825,0,203.2,0.0
14.589990,3,1,0.240405,0.240405,0.2400,+0.00040,1,0,0,+0.00000,+0.00000,0.00000,0.00,+0.00000,+0.00000,0.00000,0.0002,0,0,0,1,+5.000,+0.000,+5.000,-0.05000,+0.546,+0.00000,0.00,+0.00000,0,+0.00000,+0.00000,0.00000,+37.825,0,203.2,0.0
14.595592,3,1,0.240403,0.240403,0.2400,+0.00040,1,0,0,+0.00000,+0.00000,0.00000,0.00,+0.00000,+0.00000,0.00000,0.0002,0,0,0,1,+5.000,+0.000,+5.000,-0.05000,+0.548,+0.00000,0.00,+0.00000,0,+0.00000,+0.00000,0.00000,+38.013,0,203.2,0.0
14.600528,3,1,0.240402,0.240402,0.2400,+0.00040,1,0,0,+0.00000,+0.00000,0.00000,0.00,+0.00000,+0.00000,0.00000,0.0002,0,0,0,1,+5.000,+0.000,+5.000,-0.05000,+0.548,+0.00000,0.00,+0.00000,0,+0.00000,+0.00000,0.00000,+38.013,0,203.2,0.0
14.605190,3,1,0.240401,0.240401,0.2400,+0.00040,1,0,0,+0.00000,+0.00000,0.00000,0.00,+0.00000,+0.00000,0.00000,0.0002,0,0,0,1,+5.000,+0.000,+5.000,-0.05000,+0.549,+0.00000,0.00,+0.00000,0,+0.00000,+0.00000,0.00000,+38.175,0,203.2,0.0
14.610538,3,1,0.240399,0.240399,0.2400,+0.00040,1,0,0,+0.00000,+0.00000,0.00000,0.00,+0.00000,+0.00000,0.00000,0.0002,0,0,0,1,+5.000,+0.000,+5.000,-0.05000,+0.550,+0.00000,0.00,+0.00000,0,+0.00000,+0.00000,0.00000,+38.305,0,203.2,0.0
14.614795,3,1,0.240398,0.240398,0.2400,+0.00040,1,0,0,+0.00000,+0.00000,0.00000,0.00,+0.00000,+0.00000,0.00000,0.0002,0,0,0,1,+5.000,+0.000,+5.000,-0.05000,+0.550,+0.00000,0.00,+0.00000,0,+0.00000,+0.00000,0.00000,+38.305,0,203.2,0.0
14.619328,3,1,0.240397,0.240397,0.2400,+0.00040,1,0,0,+0.00000,+0.00000,0.00000,0.00,+0.00000,+0.00000,0.00000,0.0002,0,0,0,1,+5.000,+0.000,+5.000,-0.05000,+0.551,+0.00000,0.00,+0.00000,0,+0.00000,+0.00000,0.00000,+38.408,0,203.2,0.0
14.624039,3,1,0.240396,0.240396,0.2400,+0.00040,1,0,0,+0.00000,+0.00000,0.00000,0.00,+0.00000,+0.00000,0.00000,0.0002,0,0,0,1,+5.000,+0.000,+5.000,-0.05000,+0.551,+0.00000,0.00,+0.00000,0,+0.00000,+0.00000,0.00000,+38.408,0,203.2,0.0
14.628668,3,1,0.240395,0.240395,0.2400,+0.00039,1,0,0,+0.00000,+0.00000,0.00000,0.00,+0.00000,+0.00000,0.00000,0.0002,0,0,0,1,+5.000,+0.000,+5.000,-0.05000,+0.552,+0.00000,0.00,+0.00000,0,+0.00000,+0.00000,0.00000,+38.557,0,203.2,0.0
14.633795,3,1,0.240393,0.240393,0.2400,+0.00039,1,0,0,+0.00000,+0.00000,0.00000,0.00,+0.00000,+0.00000,0.00000,0.0002,0,0,0,1,+5.000,+0.000,+5.000,-0.05000,+0.552,+0.00000,0.00,+0.00000,0,+0.00000,+0.00000,0.00000,+38.557,0,203.2,0.0
14.638855,3,1,0.240392,0.240392,0.2400,+0.00039,1,0,0,+0.00000,+0.00000,0.00000,0.00,+0.00000,+0.00000,0.00000,0.0002,0,0,0,1,+5.000,+0.000,+5.000,-0.05000,+0.553,+0.00000,0.00,+0.00000,0,+0.00000,+0.00000,0.00000,+38.677,0,203.2,0.0
14.643903,3,1,0.240391,0.240391,0.2400,+0.00039,1,0,0,+0.00000,+0.00000,0.00000,0.00,+0.00000,+0.00000,0.00000,0.0002,0,0,0,1,+5.000,+0.000,+5.000,-0.05000,+0.553,+0.00000,0.00,+0.00000,0,+0.00000,+0.00000,0.00000,+38.677,0,203.2,0.0
14.655701,3,1,0.240388,0.240388,0.2400,+0.00039,1,0,0,+0.00000,+0.00000,0.00000,0.00,+0.00000,+0.00000,0.00000,0.0002,0,0,0,1,+5.000,+0.000,+5.000,-0.05000,+0.554,+0.00000,0.00,+0.00000,0,+0.00000,+0.00000,0.00000,+38.845,0,203.2,0.0
14.669316,3,1,0.240384,0.240384,0.2400,+0.00038,1,0,0,+0.00000,+0.00000,0.00000,0.00,+0.00000,+0.00000,0.00000,0.0002,0,0,0,1,+5.000,+0.000,+5.000,-0.05000,+0.554,+0.00000,0.00,+0.00000,0,+0.00000,+0.00000,0.00000,+38.845,0,203.2,0.0
14.673921,3,1,0.240383,0.240383,0.2400,+0.00038,1,0,0,+0.00000,+0.00000,0.00000,0.00,+0.00000,+0.00000,0.00000,0.0002,0,0,0,1,+5.000,+0.000,+5.000,-0.05000,+0.554,+0.00000,0.00,+0.00000,0,+0.00000,+0.00000,0.00000,+38.845,0,203.2,0.0
14.680509,3,1,0.240381,0.240381,0.2400,+0.00038,1,0,0,+0.00000,+0.00000,0.00000,0.00,+0.00000,+0.00000,0.00000,0.0002,0,0,0,1,+5.000,+0.000,+5.000,-0.05000,+0.558,+0.00000,0.00,+0.00000,0,+0.00000,+0.00000,0.00000,+39.358,0,203.2,0.0
14.686137,3,1,0.240380,0.240380,0.2400,+0.00038,1,0,0,+0.00000,+0.00000,0.00000,0.00,+0.00000,+0.00000,0.00000,0.0002,0,0,0,1,+5.000,+0.000,+5.000,-0.05000,+0.558,+0.00000,0.00,+0.00000,0,+0.00000,+0.00000,0.00000,+39.358,0,203.2,0.0
14.690873,3,1,0.240379,0.240379,0.2400,+0.00038,1,0,0,+0.00000,+0.00000,0.00000,0.00,+0.00000,+0.00000,0.00000,0.0002,0,0,0,1,+5.000,+0.000,+5.000,-0.05000,+0.559,+0.00000,0.00,+0.00000,0,+0.00000,+0.00000,0.00000,+39.465,0,203.2,0.0
14.696162,3,1,0.240377,0.240377,0.2400,+0.00038,1,0,0,+0.00000,+0.00000,0.00000,0.00,+0.00000,+0.00000,0.00000,0.0002,0,0,0,1,+5.000,+0.000,+5.000,-0.05000,+0.559,+0.00000,0.00,+0.00000,0,+0.00000,+0.00000,0.00000,+39.465,0,203.2,0.0
14.701909,3,1,0.240376,0.240376,0.2400,+0.00038,1,0,0,+0.00000,+0.00000,0.00000,0.00,+0.00000,+0.00000,0.00000,0.0002,0,0,0,1,+5.000,+0.000,+5.000,-0.05000,+0.560,+0.00000,0.00,+0.00000,0,+0.00000,+0.00000,0.00000,+39.620,0,203.2,0.0
14.709856,3,1,0.240374,0.240374,0.2400,+0.00037,1,0,0,+0.00000,+0.00000,0.00000,0.00,+0.00000,+0.00000,0.00000,0.0002,0,0,0,1,+5.000,+0.000,+5.000,-0.05000,+0.562,+0.00000,0.00,+0.00000,0,+0.00000,+0.00000,0.00000,+39.764,0,203.2,0.0
14.725132,3,1,0.240370,0.240370,0.2400,+0.00037,1,0,0,+0.00000,+0.00000,0.00000,0.00,+0.00000,+0.00000,0.00000,0.0001,0,0,0,1,+5.000,+0.000,+5.000,-0.05000,+0.564,+0.00000,0.00,+0.00000,0,+0.00000,+0.00000,0.00000,+40.025,0,203.2,0.0
14.731798,3,1,0.240368,0.240368,0.2400,+0.00037,1,0,0,+0.00000,+0.00000,0.00000,0.00,+0.00000,+0.00000,0.00000,0.0001,0,0,0,1,+5.000,+0.000,+5.000,-0.05000,+0.564,+0.00000,0.00,+0.00000,0,+0.00000,+0.00000,0.00000,+40.025,0,203.2,0.0
14.740603,3,1,0.240366,0.240366,0.2400,+0.00037,1,0,0,+0.00000,+0.00000,0.00000,0.00,+0.00000,+0.00000,0.00000,0.0001,0,0,0,1,+5.000,+0.000,+5.000,-0.05000,+0.566,+0.00000,0.00,+0.00000,0,+0.00000,+0.00000,0.00000,+40.259,0,203.2,0.0
14.745592,3,1,0.240365,0.240365,0.2400,+0.00036,1,0,0,+0.00000,+0.00000,0.00000,0.00,+0.00000,+0.00000,0.00000,0.0001,0,0,0,1,+5.000,+0.000,+5.000,-0.05000,+0.566,+0.00000,0.00,+0.00000,0,+0.00000,+0.00000,0.00000,+40.259,0,203.2,0.0
14.752275,3,1,0.240363,0.240363,0.2400,+0.00036,1,0,0,+0.00000,+0.00000,0.00000,0.00,+0.00000,+0.00000,0.00000,0.0001,0,0,0,1,+5.000,+0.000,+5.000,-0.05000,+0.567,+0.00000,0.00,+0.00000,0,+0.00000,+0.00000,0.00000,+40.395,0,203.2,0.0
14.758782,3,1,0.240362,0.240362,0.2400,+0.00036,1,0,0,+0.00000,+0.00000,0.00000,0.00,+0.00000,+0.00000,0.00000,0.0001,0,0,0,1,+5.000,+0.000,+5.000,-0.05000,+0.567,+0.00000,0.00,+0.00000,0,+0.00000,+0.00000,0.00000,+40.395,0,203.2,0.0
14.763848,3,1,0.240361,0.240361,0.2400,+0.00036,1,0,0,+0.00000,+0.00000,0.00000,0.00,+0.00000,+0.00000,0.00000,0.0001,0,0,0,1,+5.000,+0.000,+5.000,-0.05000,+0.568,+0.00000,0.00,+0.00000,0,+0.00000,+0.00000,0.00000,+40.544,0,203.2,0.0
14.769568,3,1,0.240359,0.240359,0.2400,+0.00036,1,0,0,+0.00000,+0.00000,0.00000,0.00,+0.00000,+0.00000,0.00000,0.0001,0,0,0,1,+5.000,+0.000,+5.000,-0.05000,+0.569,+0.00000,0.00,+0.00000,0,+0.00000,+0.00000,0.00000,+40.673,0,203.2,0.0
14.780183,3,1,0.240357,0.240357,0.2400,+0.00036,1,0,0,+0.00000,+0.00000,0.00000,0.00,+0.00000,+0.00000,0.00000,0.0001,0,0,0,1,+5.000,+0.000,+5.000,-0.05000,+0.570,+0.00000,0.00,+0.00000,0,+0.00000,+0.00000,0.00000,+40.833,0,203.2,0.0
14.785040,3,1,0.240355,0.240355,0.2400,+0.00036,1,0,0,+0.00000,+0.00000,0.00000,0.00,+0.00000,+0.00000,0.00000,0.0001,0,0,0,1,+5.000,+0.000,+5.000,-0.05000,+0.571,+0.00000,0.00,+0.00000,0,+0.00000,+0.00000,0.00000,+40.934,0,203.2,0.0
14.792216,3,1,0.240354,0.240354,0.2400,+0.00035,1,0,0,+0.00000,+0.00000,0.00000,0.00,+0.00000,+0.00000,0.00000,0.0001,0,0,0,1,+5.000,+0.000,+5.000,-0.05000,+0.571,+0.00000,0.00,+0.00000,0,+0.00000,+0.00000,0.00000,+40.934,0,203.2,0.0
14.808160,3,1,0.240350,0.240350,0.2400,+0.00035,1,0,0,+0.00000,+0.00000,0.00000,0.00,+0.00000,+0.00000,0.00000,0.0001,0,0,0,1,+5.000,+0.000,+5.000,-0.05000,+0.574,+0.00000,0.00,+0.00000,0,+0.00000,+0.00000,0.00000,+41.284,0,203.2,0.0
14.829301,3,1,0.240345,0.240345,0.2400,+0.00035,1,0,0,+0.00000,+0.00000,0.00000,0.00,+0.00000,+0.00000,0.00000,0.0001,0,0,0,1,+5.000,+0.000,+5.000,-0.05000,+0.577,+0.00000,0.00,+0.00000,0,+0.00000,+0.00000,0.00000,+41.590,0,203.2,0.0
14.834285,3,1,0.240344,0.240344,0.2400,+0.00034,1,0,0,+0.00000,+0.00000,0.00000,0.00,+0.00000,+0.00000,0.00000,0.0001,0,0,0,1,+5.000,+0.000,+5.000,-0.05000,+0.577,+0.00000,0.00,+0.00000,0,+0.00000,+0.00000,0.00000,+41.590,0,203.2,0.0
14.857537,3,1,0.240339,0.240339,0.2400,+0.00034,1,0,0,+0.00000,+0.00000,0.00000,0.00,+0.00000,+0.00000,0.00000,0.0001,0,0,0,1,+5.000,+0.000,+5.000,-0.05000,+0.579,+0.00000,0.00,+0.00000,0,+0.00000,+0.00000,0.00000,+41.753,0,203.2,0.0
14.863154,3,1,0.240337,0.240337,0.2400,+0.00034,1,0,0,+0.00000,+0.00000,0.00000,0.00,+0.00000,+0.00000,0.00000,0.0001,0,0,0,1,+5.000,+0.000,+5.000,-0.05000,+0.581,+0.00000,0.00,+0.00000,0,+0.00000,+0.00000,0.00000,+42.052,0,203.2,0.0
14.868374,3,1,0.240336,0.240336,0.2400,+0.00034,1,0,0,+0.00000,+0.00000,0.00000,0.00,+0.00000,+0.00000,0.00000,0.0001,0,0,0,1,+5.000,+0.000,+5.000,-0.05000,+0.582,+0.00000,0.00,+0.00000,0,+0.00000,+0.00000,0.00000,+42.187,0,203.2,0.0
14.872980,3,1,0.240335,0.240335,0.2400,+0.00034,1,0,0,+0.00000,+0.00000,0.00000,0.00,+0.00000,+0.00000,0.00000,0.0001,0,0,0,1,+5.000,+0.000,+5.000,-0.05000,+0.582,+0.00000,0.00,+0.00000,0,+0.00000,+0.00000,0.00000,+42.187,0,203.2,0.0
14.877658,3,1,0.240334,0.240334,0.2400,+0.00033,1,0,0,+0.00000,+0.00000,0.00000,0.00,+0.00000,+0.00000,0.00000,0.0001,0,0,0,1,+5.000,+0.000,+5.000,-0.05000,+0.584,+0.00000,0.00,+0.00000,0,+0.00000,+0.00000,0.00000,+42.304,0,203.2,0.0
14.882535,3,1,0.240333,0.240333,0.2400,+0.00033,1,0,0,+0.00000,+0.00000,0.00000,0.00,+0.00000,+0.00000,0.00000,0.0001,0,0,0,1,+5.000,+0.000,+5.000,-0.05000,+0.584,+0.00000,0.00,+0.00000,0,+0.00000,+0.00000,0.00000,+42.304,0,203.2,0.0
14.887392,3,1,0.240332,0.240332,0.2400,+0.00033,1,0,0,+0.00000,+0.00000,0.00000,0.00,+0.00000,+0.00000,0.00000,0.0001,0,0,0,1,+5.000,+0.000,+5.000,-0.05000,+0.585,+0.00000,0.00,+0.00000,0,+0.00000,+0.00000,0.00000,+42.443,0,203.2,0.0
14.893110,3,1,0.240331,0.240331,0.2400,+0.00033,1,0,0,+0.00000,+0.00000,0.00000,0.00,+0.00000,+0.00000,0.00000,0.0001,0,0,0,1,+5.000,+0.000,+5.000,-0.05000,+0.585,+0.00000,0.00,+0.00000,0,+0.00000,+0.00000,0.00000,+42.443,0,203.2,0.0
14.897884,3,1,0.240330,0.240330,0.2400,+0.00033,1,0,0,+0.00000,+0.00000,0.00000,0.00,+0.00000,+0.00000,0.00000,0.0001,0,0,0,1,+5.000,+0.000,+5.000,-0.05000,+0.586,+0.00000,0.00,+0.00000,0,+0.00000,+0.00000,0.00000,+42.602,0,203.2,0.0
14.904468,3,1,0.240328,0.240328,0.2400,+0.00033,1,0,0,+0.00000,+0.00000,0.00000,0.00,+0.00000,+0.00000,0.00000,0.0001,0,0,0,1,+5.000,+0.000,+5.000,-0.05000,+0.588,+0.00000,0.00,+0.00000,0,+0.00000,+0.00000,0.00000,+42.736,0,203.2,0.0
14.910482,3,1,0.240327,0.240327,0.2400,+0.00033,1,0,0,+0.00000,+0.00000,0.00000,0.00,+0.00000,+0.00000,0.00000,0.0001,0,0,0,1,+5.000,+0.000,+5.000,-0.05000,+0.588,+0.00000,0.00,+0.00000,0,+0.00000,+0.00000,0.00000,+42.736,0,203.2,0.0
14.915531,3,1,0.240326,0.240326,0.2400,+0.00033,1,0,0,+0.00000,+0.00000,0.00000,0.00,+0.00000,+0.00000,0.00000,0.0001,0,0,0,1,+5.000,+0.000,+5.000,-0.05000,+0.589,+0.00000,0.00,+0.00000,0,+0.00000,+0.00000,0.00000,+42.907,0,203.2,0.0
14.920529,3,1,0.240325,0.240325,0.2400,+0.00032,1,0,0,+0.00000,+0.00000,0.00000,0.00,+0.00000,+0.00000,0.00000,0.0001,0,0,0,1,+5.000,+0.000,+5.000,-0.05000,+0.589,+0.00000,0.00,+0.00000,0,+0.00000,+0.00000,0.00000,+42.907,0,203.2,0.0
14.926715,3,1,0.240323,0.240323,0.2400,+0.00032,1,0,0,+0.00000,+0.00000,0.00000,0.00,+0.00000,+0.00000,0.00000,0.0001,0,0,0,1,+5.000,+0.000,+5.000,-0.05000,+0.591,+0.00000,0.00,+0.00000,0,+0.00000,+0.00000,0.00000,+43.071,0,203.2,0.0
14.931386,3,1,0.240322,0.240322,0.2400,+0.00032,1,0,0,+0.00000,+0.00000,0.00000,0.00,+0.00000,+0.00000,0.00000,0.0001,0,0,0,1,+5.000,+0.000,+5.000,-0.05000,+0.591,+0.00000,0.00,+0.00000,0,+0.00000,+0.00000,0.00000,+43.071,0,203.2,0.0
14.936249,3,1,0.240321,0.240321,0.2400,+0.00032,1,0,0,+0.00000,+0.00000,0.00000,0.00,+0.00000,+0.00000,0.00000,0.0001,0,0,0,1,+5.000,+0.000,+5.000,-0.05000,+0.592,+0.00000,0.00,+0.00000,0,+0.00000,+0.00000,0.00000,+43.158,0,203.2,0.0
14.940572,3,1,0.240320,0.240320,0.2400,+0.00032,1,0,0,+0.00000,+0.00000,0.00000,0.00,+0.00000,+0.00000,0.00000,0.0001,0,0,0,1,+5.000,+0.000,+5.000,-0.05000,+0.592,+0.00000,0.00,+0.00000,0,+0.00000,+0.00000,0.00000,+43.158,0,203.2,0.0
14.945431,3,1,0.240319,0.240319,0.2400,+0.00032,1,0,0,+0.00000,+0.00000,0.00000,0.00,+0.00000,+0.00000,0.00000,0.0001,0,0,0,1,+5.000,+0.000,+5.000,-0.05000,+0.593,+0.00000,0.00,+0.00000,0,+0.00000,+0.00000,0.00000,+43.296,0,203.2,0.0
14.950265,3,1,0.240318,0.240318,0.2400,+0.00032,1,0,0,+0.00000,+0.00000,0.00000,0.00,+0.00000,+0.00000,0.00000,0.0001,0,0,0,1,+5.000,+0.000,+5.000,-0.05000,+0.594,+0.00000,0.00,+0.00000,0,+0.00000,+0.00000,0.00000,+43.422,0,203.2,0.0
14.954975,3,1,0.240317,0.240317,0.2400,+0.00032,1,0,0,+0.00000,+0.00000,0.00000,0.00,+0.00000,+0.00000,0.00000,0.0001,0,0,0,1,+5.000,+0.000,+5.000,-0.05000,+0.594,+0.00000,0.00,+0.00000,0,+0.00000,+0.00000,0.00000,+43.422,0,203.2,0.0
14.959639,3,1,0.240316,0.240316,0.2400,+0.00032,1,0,0,+0.00000,+0.00000,0.00000,0.00,+0.00000,+0.00000,0.00000,0.0001,0,0,0,1,+5.000,+0.000,+5.000,-0.05000,+0.596,+0.00000,0.00,+0.00000,0,+0.00000,+0.00000,0.00000,+43.571,0,203.2,0.0
14.964239,3,1,0.240315,0.240315,0.2400,+0.00032,1,0,0,+0.00000,+0.00000,0.00000,0.00,+0.00000,+0.00000,0.00000,0.0001,0,0,0,1,+5.000,+0.000,+5.000,-0.05000,+0.596,+0.00000,0.00,+0.00000,0,+0.00000,+0.00000,0.00000,+43.571,0,203.2,0.0
14.969332,3,1,0.240314,0.240314,0.2400,+0.00031,1,0,0,+0.00000,+0.00000,0.00000,0.00,+0.00000,+0.00000,0.00000,0.0001,0,0,0,1,+5.000,+0.000,+5.000,-0.05000,+0.597,+0.00000,0.00,+0.00000,0,+0.00000,+0.00000,0.00000,+43.715,0,203.2,0.0
14.973917,3,1,0.240313,0.240313,0.2400,+0.00031,1,0,0,+0.00000,+0.00000,0.00000,0.00,+0.00000,+0.00000,0.00000,0.0001,0,0,0,1,+5.000,+0.000,+5.000,-0.05000,+0.597,+0.00000,0.00,+0.00000,0,+0.00000,+0.00000,0.00000,+43.715,0,203.2,0.0
14.978667,3,1,0.240312,0.240312,0.2400,+0.00031,1,0,0,+0.00000,+0.00000,0.00000,0.00,+0.00000,+0.00000,0.00000,0.0001,0,0,0,1,+5.000,+0.000,+5.000,-0.05000,+0.598,+0.00000,0.00,+0.00000,0,+0.00000,+0.00000,0.00000,+43.846,0,203.2,0.0
14.983426,3,1,0.240311,0.240311,0.2400,+0.00031,1,0,0,+0.00000,+0.00000,0.00000,0.00,+0.00000,+0.00000,0.00000,0.0001,0,0,0,1,+5.000,+0.000,+5.000,-0.05000,+0.598,+0.00000,0.00,+0.00000,0,+0.00000,+0.00000,0.00000,+43.846,0,203.2,0.0
14.988021,3,1,0.240311,0.240311,0.2400,+0.00031,1,0,0,+0.00000,+0.00000,0.00000,0.00,+0.00000,+0.00000,0.00000,0.0001,0,0,0,1,+5.000,+0.000,+5.000,-0.05000,+0.600,+0.00000,0.00,+0.00000,0,+0.00000,+0.00000,0.00000,+43.987,0,203.2,0.0
14.992607,3,1,0.240310,0.240310,0.2400,+0.00031,1,0,0,+0.00000,+0.00000,0.00000,0.00,+0.00000,+0.00000,0.00000,0.0001,0,0,0,1,+5.000,+0.000,+5.000,-0.05000,+0.600,+0.00000,0.00,+0.00000,0,+0.00000,+0.00000,0.00000,+43.987,0,203.2,0.0
14.997205,3,1,0.240309,0.240309,0.2400,+0.00031,1,0,0,+0.00000,+0.00000,0.00000,0.00,+0.00000,+0.00000,0.00000,0.0001,0,0,0,1,+5.000,+0.000,+5.000,-0.05000,+0.601,+0.00000,0.00,+0.00000,0,+0.00000,+0.00000,0.00000,+44.127,0,203.2,0.0
15.001872,3,1,0.240308,0.240308,0.2400,+0.00031,1,0,0,+0.00000,+0.00000,0.00000,0.00,+0.00000,+0.00000,0.00000,0.0001,0,0,0,1,+5.000,+0.000,+5.000,-0.05000,+0.601,+0.00000,0.00,+0.00000,0,+0.00000,+0.00000,0.00000,+44.127,0,203.2,0.0
15.006428,3,1,0.240307,0.240307,0.2400,+0.00031,1,0,0,+0.00000,+0.00000,0.00000,0.00,+0.00000,+0.00000,0.00000,0.0001,0,0,0,1,+5.000,+0.000,+5.000,-0.05000,+0.602,+0.00000,0.00,+0.00000,0,+0.00000,+0.00000,0.00000,+44.228,0,203.2,0.0
15.011161,3,1,0.240306,0.240306,0.2400,+0.00031,1,0,0,+0.00000,+0.00000,0.00000,0.00,+0.00000,+0.00000,0.00000,0.0001,0,0,0,1,+5.000,+0.000,+5.000,-0.05000,+0.604,+0.00000,0.00,+0.00000,0,+0.00000,+0.00000,0.00000,+44.351,0,203.2,0.0
15.015695,3,1,0.240305,0.240305,0.2400,+0.00030,1,0,0,+0.00000,+0.00000,0.00000,0.00,+0.00000,+0.00000,0.00000,0.0001,0,0,0,1,+5.000,+0.000,+5.000,-0.05000,+0.604,+0.00000,0.00,+0.00000,0,+0.00000,+0.00000,0.00000,+44.351,0,203.2,0.0
15.020124,3,1,0.240304,0.240304,0.2400,+0.00030,1,0,0,+0.00000,+0.00000,0.00000,0.00,+0.00000,+0.00000,0.00000,0.0001,0,0,0,1,+5.000,+0.000,+5.000,-0.05000,+0.604,+0.00000,0.00,+0.00000,0,+0.00000,+0.00000,0.00000,+44.351,0,203.2,0.0
15.024458,3,1,0.240303,0.240303,0.2400,+0.00030,1,0,0,+0.00000,+0.00000,0.00000,0.00,+0.00000,+0.00000,0.00000,0.0001,0,0,0,1,+5.000,+0.000,+5.000,-0.05000,+0.605,+0.00000,0.00,+0.00000,0,+0.00000,+0.00000,0.00000,+44.500,0,203.2,0.0
15.028997,3,1,0.240302,0.240302,0.2400,+0.00030,1,0,0,+0.00000,+0.00000,0.00000,0.00,+0.00000,+0.00000,0.00000,0.0001,0,0,0,1,+5.000,+0.000,+5.000,-0.05000,+0.606,+0.00000,0.00,+0.00000,0,+0.00000,+0.00000,0.00000,+44.615,0,203.2,0.0
15.033424,3,1,0.240301,0.240301,0.2400,+0.00030,1,0,0,+0.00000,+0.00000,0.00000,0.00,+0.00000,+0.00000,0.00000,0.0001,0,0,0,1,+5.000,+0.000,+5.000,-0.05000,+0.606,+0.00000,0.00,+0.00000,0,+0.00000,+0.00000,0.00000,+44.615,0,203.2,0.0
15.037726,3,1,0.240300,0.240300,0.2400,+0.00030,1,0,0,+0.00000,+0.00000,0.00000,0.00,+0.00000,+0.00000,0.00000,0.0001,0,0,0,1,+5.000,+0.000,+5.000,-0.05000,+0.606,+0.00000,0.00,+0.00000,0,+0.00000,+0.00000,0.00000,+44.615,0,203.2,0.0
15.042280,3,1,0.240299,0.240299,0.2400,+0.00030,1,0,0,+0.00000,+0.00000,0.00000,0.00,+0.00000,+0.00000,0.00000,0.0001,0,0,0,1,+5.000,+0.000,+5.000,-0.05000,+0.608,+0.00000,0.00,+0.00000,0,+0.00000,+0.00000,0.00000,+44.767,0,203.2,0.0
15.048720,3,1,0.240298,0.240298,0.2400,+0.00030,1,0,0,+0.00000,+0.00000,0.00000,0.00,+0.00000,+0.00000,0.00000,0.0001,0,0,0,1,+5.000,+0.000,+5.000,-0.05000,+0.609,+0.00000,0.00,+0.00000,0,+0.00000,+0.00000,0.00000,+44.874,0,203.2,0.0
15.053585,3,1,0.240297,0.240297,0.2400,+0.00030,1,0,0,+0.00000,+0.00000,0.00000,0.00,+0.00000,+0.00000,0.00000,0.0001,0,0,0,1,+5.000,+0.000,+5.000,-0.05000,+0.609,+0.00000,0.00,+0.00000,0,+0.00000,+0.00000,0.00000,+44.874,0,203.2,0.0
15.058218,3,1,0.240296,0.240296,0.2400,+0.00030,1,0,0,+0.00000,+0.00000,0.00000,0.00,+0.00000,+0.00000,0.00000,0.0001,0,0,0,1,+5.000,+0.000,+5.000,-0.05000,+0.610,+0.00000,0.00,+0.00000,0,+0.00000,+0.00000,0.00000,+45.014,0,203.2,0.0
15.062824,3,1,0.240295,0.240295,0.2400,+0.00030,1,0,0,+0.00000,+0.00000,0.00000,0.00,+0.00000,+0.00000,0.00000,0.0001,0,0,0,1,+5.000,+0.000,+5.000,-0.05000,+0.610,+0.00000,0.00,+0.00000,0,+0.00000,+0.00000,0.00000,+45.014,0,203.2,0.0
15.068068,3,1,0.240294,0.240294,0.2400,+0.00029,1,0,0,+0.00000,+0.00000,0.00000,0.00,+0.00000,+0.00000,0.00000,0.0001,0,0,0,1,+5.000,+0.000,+5.000,-0.05000,+0.612,+0.00000,0.00,+0.00000,0,+0.00000,+0.00000,0.00000,+45.144,0,203.2,0.0
15.072651,3,1,0.240293,0.240293,0.2400,+0.00029,1,0,0,+0.00000,+0.00000,0.00000,0.00,+0.00000,+0.00000,0.00000,0.0001,0,0,0,1,+5.000,+0.000,+5.000,-0.05000,+0.613,+0.00000,0.00,+0.00000,0,+0.00000,+0.00000,0.00000,+45.273,0,203.2,0.0
15.077249,3,1,0.240293,0.240293,0.2400,+0.00029,1,0,0,+0.00000,+0.00000,0.00000,0.00,+0.00000,+0.00000,0.00000,0.0001,0,0,0,1,+5.000,+0.000,+5.000,-0.05000,+0.613,+0.00000,0.00,+0.00000,0,+0.00000,+0.00000,0.00000,+45.273,0,203.2,0.0
15.081850,3,1,0.240292,0.240292,0.2400,+0.00029,1,0,0,+0.00000,+0.00000,0.00000,0.00,+0.00000,+0.00000,0.00000,0.0001,0,0,0,1,+5.000,+0.000,+5.000,-0.05000,+0.614,+0.00000,0.00,+0.00000,0,+0.00000,+0.00000,0.00000,+45.374,0,203.2,0.0
15.086426,3,1,0.240291,0.240291,0.2400,+0.00029,1,0,0,+0.00000,+0.00000,0.00000,0.00,+0.00000,+0.00000,0.00000,0.0001,0,0,0,1,+5.000,+0.000,+5.000,-0.05000,+0.614,+0.00000,0.00,+0.00000,0,+0.00000,+0.00000,0.00000,+45.374,0,203.2,0.0
15.091257,3,1,0.240290,0.240290,0.2400,+0.00029,1,0,0,+0.00000,+0.00000,0.00000,0.00,+0.00000,+0.00000,0.00000,0.0001,0,0,0,1,+5.000,+0.000,+5.000,-0.05000,+0.616,+0.00000,0.00,+0.00000,0,+0.00000,+0.00000,0.00000,+45.516,0,203.2,0.0
15.096610,3,1,0.240289,0.240289,0.2400,+0.00029,1,0,0,+0.00000,+0.00000,0.00000,0.00,+0.00000,+0.00000,0.00000,0.0001,0,0,0,1,+5.000,+0.000,+5.000,-0.05000,+0.616,+0.00000,0.00,+0.00000,0,+0.00000,+0.00000,0.00000,+45.516,0,203.2,0.0
15.101453,3,1,0.240288,0.240288,0.2400,+0.00029,1,0,0,+0.00000,+0.00000,0.00000,0.00,+0.00000,+0.00000,0.00000,0.0001,0,0,0,1,+5.000,+0.000,+5.000,-0.05000,+0.618,+0.00000,0.00,+0.00000,0,+0.00000,+0.00000,0.00000,+45.676,0,203.2,0.0
15.105968,3,1,0.240287,0.240287,0.2400,+0.00029,1,0,0,+0.00000,+0.00000,0.00000,0.00,+0.00000,+0.00000,0.00000,0.0001,0,0,0,1,+5.000,+0.000,+5.000,-0.05000,+0.618,+0.00000,0.00,+0.00000,0,+0.00000,+0.00000,0.00000,+45.676,0,203.2,0.0
15.110575,3,1,0.240286,0.240286,0.2400,+0.00029,1,0,0,+0.00000,+0.00000,0.00000,0.00,+0.00000,+0.00000,0.00000,0.0001,0,0,0,1,+5.000,+0.000,+5.000,-0.05000,+0.619,+0.00000,0.00,+0.00000,0,+0.00000,+0.00000,0.00000,+45.799,0,203.2,0.0
15.115169,3,1,0.240285,0.240285,0.2400,+0.00029,1,0,0,+0.00000,+0.00000,0.00000,0.00,+0.00000,+0.00000,0.00000,0.0001,0,0,0,1,+5.000,+0.000,+5.000,-0.05000,+0.620,+0.00000,0.00,+0.00000,0,+0.00000,+0.00000,0.00000,+45.921,0,203.2,0.0
15.119804,3,1,0.240284,0.240284,0.2400,+0.00028,1,0,0,+0.00000,+0.00000,0.00000,0.00,+0.00000,+0.00000,0.00000,0.0001,0,0,0,1,+5.000,+0.000,+5.000,-0.05000,+0.620,+0.00000,0.00,+0.00000,0,+0.00000,+0.00000,0.00000,+45.921,0,203.2,0.0
15.124522,3,1,0.240283,0.240283,0.2400,+0.00028,1,0,0,+0.00000,+0.00000,0.00000,0.00,+0.00000,+0.00000,0.00000,0.0001,0,0,0,1,+5.000,+0.000,+5.000,-0.05000,+0.622,+0.00000,0.00,+0.00000,0,+0.00000,+0.00000,0.00000,+46.024,0,203.2,0.0
15.129262,3,1,0.240283,0.240283,0.2400,+0.00028,1,0,0,+0.00000,+0.00000,0.00000,0.00,+0.00000,+0.00000,0.00000,0.0001,0,0,0,1,+5.000,+0.000,+5.000,-0.05000,+0.622,+0.00000,0.00,+0.00000,0,+0.00000,+0.00000,0.00000,+46.024,0,203.2,0.0
15.133981,3,1,0.240282,0.240282,0.2400,+0.00028,1,0,0,+0.00000,+0.00000,0.00000,0.00,+0.00000,+0.00000,0.00000,0.0001,0,0,0,1,+5.000,+0.000,+5.000,-0.05000,+0.623,+0.00000,0.00,+0.00000,0,+0.00000,+0.00000,0.00000,+46.166,0,203.2,0.0
15.138614,3,1,0.240281,0.240281,0.2400,+0.00028,1,0,0,+0.00000,+0.00000,0.00000,0.00,+0.00000,+0.00000,0.00000,0.0001,0,0,0,1,+5.000,+0.000,+5.000,-0.05000,+0.623,+0.00000,0.00,+0.00000,0,+0.00000,+0.00000,0.00000,+46.166,0,203.2,0.0
15.143215,3,1,0.240280,0.240280,0.2400,+0.00028,1,0,0,+0.00000,+0.00000,0.00000,0.00,+0.00000,+0.00000,0.00000,0.0001,0,0,0,1,+5.000,+0.000,+5.000,-0.05000,+0.625,+0.00000,0.00,+0.00000,0,+0.00000,+0.00000,0.00000,+46.293,0,203.2,0.0
15.147797,3,1,0.240279,0.240279,0.2400,+0.00028,1,0,0,+0.00000,+0.00000,0.00000,0.00,+0.00000,+0.00000,0.00000,0.0001,0,0,0,1,+5.000,+0.000,+5.000,-0.05000,+0.625,+0.00000,0.00,+0.00000,0,+0.00000,+0.00000,0.00000,+46.293,0,203.2,0.0
15.152350,3,1,0.240278,0.240278,0.2400,+0.00028,1,0,0,+0.00000,+0.00000,0.00000,0.00,+0.00000,+0.00000,0.00000,0.0001,0,0,0,1,+5.000,+0.000,+5.000,-0.05000,+0.626,+0.00000,0.00,+0.00000,0,+0.00000,+0.00000,0.00000,+46.436,0,203.2,0.0
15.157203,3,1,0.240277,0.240277,0.2400,+0.00028,1,0,0,+0.00000,+0.00000,0.00000,0.00,+0.00000,+0.00000,0.00000,0.0001,0,0,0,1,+5.000,+0.000,+5.000,-0.05000,+0.628,+0.00000,0.00,+0.00000,0,+0.00000,+0.00000,0.00000,+46.555,0,203.2,0.0
15.161869,3,1,0.240277,0.240277,0.2400,+0.00028,1,0,0,+0.00000,+0.00000,0.00000,0.00,+0.00000,+0.00000,0.00000,0.0001,0,0,0,1,+5.000,+0.000,+5.000,-0.05000,+0.628,+0.00000,0.00,+0.00000,0,+0.00000,+0.00000,0.00000,+46.555,0,203.2,0.0
15.166337,3,1,0.240276,0.240276,0.2400,+0.00028,1,0,0,+0.00000,+0.00000,0.00000,0.00,+0.00000,+0.00000,0.00000,0.0001,0,0,0,1,+5.000,+0.000,+5.000,-0.05000,+0.628,+0.00000,0.00,+0.00000,0,+0.00000,+0.00000,0.00000,+46.555,0,203.2,0.0
15.171165,3,1,0.240275,0.240275,0.2400,+0.00027,1,0,0,+0.00000,+0.00000,0.00000,0.00,+0.00000,+0.00000,0.00000,0.0001,0,0,0,1,+5.000,+0.000,+5.000,-0.05000,+0.629,+0.00000,0.00,+0.00000,0,+0.00000,+0.00000,0.00000,+46.702,0,203.2,0.0
15.175802,3,1,0.240274,0.240274,0.2400,+0.00027,1,0,0,+0.00000,+0.00000,0.00000,0.00,+0.00000,+0.00000,0.00000,0.0001,0,0,0,1,+5.000,+0.000,+5.000,-0.05000,+0.631,+0.00000,0.00,+0.00000,0,+0.00000,+0.00000,0.00000,+46.808,0,203.2,0.0
15.180352,3,1,0.240273,0.240273,0.2400,+0.00027,1,0,0,+0.00000,+0.00000,0.00000,0.00,+0.00000,+0.00000,0.00000,0.0001,0,0,0,1,+5.000,+0.000,+5.000,-0.05000,+0.631,+0.00000,0.00,+0.00000,0,+0.00000,+0.00000,0.00000,+46.808,0,203.2,0.0
15.185175,3,1,0.240272,0.240272,0.2400,+0.00027,1,0,0,+0.00000,+0.00000,0.00000,0.00,+0.00000,+0.00000,0.00000,0.0001,0,0,0,1,+5.000,+0.000,+5.000,-0.05000,+0.632,+0.00000,0.00,+0.00000,0,+0.00000,+0.00000,0.00000,+46.955,0,203.2,0.0
15.190427,3,1,0.240271,0.240271,0.2400,+0.00027,1,0,0,+0.00000,+0.00000,0.00000,0.00,+0.00000,+0.00000,0.00000,0.0001,0,0,0,1,+5.000,+0.000,+5.000,-0.05000,+0.632,+0.00000,0.00,+0.00000,0,+0.00000,+0.00000,0.00000,+46.955,0,203.2,0.0
15.195154,3,1,0.240270,0.240270,0.2400,+0.00027,1,0,0,+0.00000,+0.00000,0.00000,0.00,+0.00000,+0.00000,0.00000,0.0001,0,0,0,1,+5.000,+0.000,+5.000,-0.05000,+0.634,+0.00000,0.00,+0.00000,0,+0.00000,+0.00000,0.00000,+47.082,0,203.2,0.0
15.199766,3,1,0.240270,0.240270,0.2400,+0.00027,1,0,0,+0.00000,+0.00000,0.00000,0.00,+0.00000,+0.00000,0.00000,0.0001,0,0,0,1,+5.000,+0.000,+5.000,-0.05000,+0.634,+0.00000,0.00,+0.00000,0,+0.00000,+0.00000,0.00000,+47.082,0,203.2,0.0
15.205064,3,1,0.240269,0.240269,0.2400,+0.00027,1,0,0,+0.00000,+0.00000,0.00000,0.00,+0.00000,+0.00000,0.00000,0.0001,0,0,0,1,+5.000,+0.000,+5.000,-0.05000,+0.635,+0.00000,0.00,+0.00000,0,+0.00000,+0.00000,0.00000,+47.210,0,203.2,0.0
15.209556,3,1,0.240268,0.240268,0.2400,+0.00027,1,0,0,+0.00000,+0.00000,0.00000,0.00,+0.00000,+0.00000,0.00000,0.0001,0,0,0,1,+5.000,+0.000,+5.000,-0.05000,+0.636,+0.00000,0.00,+0.00000,0,+0.00000,+0.00000,0.00000,+47.310,0,203.2,0.0
15.214178,3,1,0.240267,0.240267,0.2400,+0.00027,1,0,0,+0.00000,+0.00000,0.00000,0.00,+0.00000,+0.00000,0.00000,0.0001,0,0,0,1,+5.000,+0.000,+5.000,-0.05000,+0.636,+0.00000,0.00,+0.00000,0,+0.00000,+0.00000,0.00000,+47.310,0,203.2,0.0
15.219038,3,1,0.240266,0.240266,0.2400,+0.00027,1,0,0,+0.00000,+0.00000,0.00000,0.00,+0.00000,+0.00000,0.00000,0.0001,0,0,0,1,+5.000,+0.000,+5.000,-0.05000,+0.638,+0.00000,0.00,+0.00000,0,+0.00000,+0.00000,0.00000,+47.455,0,203.2,0.0
15.223809,3,1,0.240265,0.240265,0.2400,+0.00027,1,0,0,+0.00000,+0.00000,0.00000,0.00,+0.00000,+0.00000,0.00000,0.0001,0,0,0,1,+5.000,+0.000,+5.000,-0.05000,+0.638,+0.00000,0.00,+0.00000,0,+0.00000,+0.00000,0.00000,+47.455,0,203.2,0.0
15.228282,3,1,0.240265,0.240265,0.2400,+0.00026,1,0,0,+0.00000,+0.00000,0.00000,0.00,+0.00000,+0.00000,0.00000,0.0001,0,0,0,1,+5.000,+0.000,+5.000,-0.05000,+0.640,+0.00000,0.00,+0.00000,0,+0.00000,+0.00000,0.00000,+47.575,0,188.9,0.0
15.232826,3,1,0.240264,0.240264,0.2400,+0.00026,1,0,0,+0.00000,+0.00000,0.00000,0.00,+0.00000,+0.00000,0.00000,0.0001,0,0,0,1,+5.000,+0.000,+5.000,-0.05000,+0.641,+0.00000,0.00,+0.00000,0,+0.00000,+0.00000,0.00000,+47.688,0,188.9,0.0
15.237467,3,1,0.240263,0.240263,0.2400,+0.00026,1,0,0,+0.00000,+0.00000,0.00000,0.00,+0.00000,+0.00000,0.00000,0.0001,0,0,0,1,+5.000,+0.000,+5.000,-0.05000,+0.641,+0.00000,0.00,+0.00000,0,+0.00000,+0.00000,0.00000,+47.688,0,188.9,0.0
15.242023,3,1,0.240262,0.240262,0.2400,+0.00026,1,0,0,+0.00000,+0.00000,0.00000,0.00,+0.00000,+0.00000,0.00000,0.0001,0,0,0,1,+5.000,+0.000,+5.000,-0.05000,+0.643,+0.00000,0.00,+0.00000,0,+0.00000,+0.00000,0.00000,+47.834,0,188.9,0.0
15.246664,3,1,0.240261,0.240261,0.2400,+0.00026,1,0,0,+0.00000,+0.00000,0.00000,0.00,+0.00000,+0.00000,0.00000,0.0001,0,0,0,1,+5.000,+0.000,+5.000,-0.05000,+0.643,+0.00000,0.00,+0.00000,0,+0.00000,+0.00000,0.00000,+47.834,0,188.9,0.0
15.251280,3,1,0.240261,0.240261,0.2400,+0.00026,1,0,0,+0.00000,+0.00000,0.00000,0.00,+0.00000,+0.00000,0.00000,0.0001,0,0,0,1,+5.000,+0.000,+5.000,-0.05000,+0.644,+0.00000,0.00,+0.00000,0,+0.00000,+0.00000,0.00000,+47.954,0,188.9,0.0
15.255923,3,1,0.240260,0.240260,0.2400,+0.00026,1,0,0,+0.00000,+0.00000,0.00000,0.00,+0.00000,+0.00000,0.00000,0.0001,0,0,0,1,+5.000,+0.000,+5.000,-0.05000,+0.644,+0.00000,0.00,+0.00000,0,+0.00000,+0.00000,0.00000,+47.954,0,188.9,0.0
15.260451,3,1,0.240259,0.240259,0.2400,+0.00026,1,0,0,+0.00000,+0.00000,0.00000,0.00,+0.00000,+0.00000,0.00000,0.0001,0,0,0,1,+5.000,+0.000,+5.000,-0.05000,+0.646,+0.00000,0.00,+0.00000,0,+0.00000,+0.00000,0.00000,+48.076,0,188.9,0.0
15.265056,3,1,0.240258,0.240258,0.2400,+0.00026,1,0,0,+0.00000,+0.00000,0.00000,0.00,+0.00000,+0.00000,0.00000,0.0001,0,0,0,1,+5.000,+0.000,+5.000,-0.05000,+0.646,+0.00000,0.00,+0.00000,0,+0.00000,+0.00000,0.00000,+48.076,0,188.9,0.0
15.269420,3,1,0.240257,0.240257,0.2400,+0.00026,1,0,0,+0.00000,+0.00000,0.00000,0.00,+0.00000,+0.00000,0.00000,0.0001,0,0,0,1,+5.000,+0.000,+5.000,-0.05000,+0.647,+0.00000,0.00,+0.00000,0,+0.00000,+0.00000,0.00000,+48.197,0,188.9,0.0
15.274688,3,1,0.240256,0.240256,0.2400,+0.00026,1,0,0,+0.00000,+0.00000,0.00000,0.00,+0.00000,+0.00000,0.00000,0.0000,0,0,0,1,+5.000,+0.000,+5.000,-0.05000,+0.649,+0.00000,0.00,+0.00000,0,+0.00000,+0.00000,0.00000,+48.328,0,188.9,0.0
15.279318,3,1,0.240256,0.240256,0.2400,+0.00026,1,0,0,+0.00000,+0.00000,0.00000,0.00,+0.00000,+0.00000,0.00000,0.0000,0,0,0,1,+5.000,+0.000,+5.000,-0.05000,+0.649,+0.00000,0.00,+0.00000,0,+0.00000,+0.00000,0.00000,+48.328,0,188.9,0.0
15.283921,3,1,0.240255,0.240255,0.2400,+0.00025,1,0,0,+0.00000,+0.00000,0.00000,0.00,+0.00000,+0.00000,0.00000,0.0000,0,0,0,1,+5.000,+0.000,+5.000,-0.05000,+0.651,+0.00000,0.00,+0.00000,0,+0.00000,+0.00000,0.00000,+48.468,0,188.9,0.0
15.288654,3,1,0.240254,0.240254,0.2400,+0.00025,1,0,0,+0.00000,+0.00000,0.00000,0.00,+0.00000,+0.00000,0.00000,0.0000,0,0,0,1,+5.000,+0.000,+5.000,-0.05000,+0.651,+0.00000,0.00,+0.00000,0,+0.00000,+0.00000,0.00000,+48.468,0,188.9,0.0
15.293181,3,1,0.240253,0.240253,0.2400,+0.00025,1,0,0,+0.00000,+0.00000,0.00000,0.00,+0.00000,+0.00000,0.00000,0.0000,0,0,0,1,+5.000,+0.000,+5.000,-0.05000,+0.653,+0.00000,0.00,+0.00000,0,+0.00000,+0.00000,0.00000,+48.607,0,188.9,0.0
15.297609,3,1,0.240253,0.240253,0.2400,+0.00025,1,0,0,+0.00000,+0.00000,0.00000,0.00,+0.00000,+0.00000,0.00000,0.0000,0,0,0,1,+5.000,+0.000,+5.000,-0.05000,+0.653,+0.00000,0.00,+0.00000,0,+0.00000,+0.00000,0.00000,+48.607,0,188.9,0.0
15.302172,3,1,0.240252,0.240252,0.2400,+0.00025,1,0,0,+0.00000,+0.00000,0.00000,0.00,+0.00000,+0.00000,0.00000,0.0000,0,0,0,1,+5.000,+0.000,+5.000,-0.05000,+0.654,+0.00000,0.00,+0.00000,0,+0.00000,+0.00000,0.00000,+48.728,0,188.9,0.0
15.306727,3,1,0.240251,0.240251,0.2400,+0.00025,1,0,0,+0.00000,+0.00000,0.00000,0.00,+0.00000,+0.00000,0.00000,0.0000,0,0,0,1,+5.000,+0.000,+5.000,-0.05000,+0.654,+0.00000,0.00,+0.00000,0,+0.00000,+0.00000,0.00000,+48.728,0,188.9,0.0
15.311283,3,1,0.240250,0.240250,0.2400,+0.00025,1,0,0,+0.00000,+0.00000,0.00000,0.00,+0.00000,+0.00000,0.00000,0.0000,0,0,0,1,+5.000,+0.000,+5.000,-0.05000,+0.656,+0.00000,0.00,+0.00000,0,+0.00000,+0.00000,0.00000,+48.849,0,188.9,0.0
15.315899,3,1,0.240250,0.240250,0.2400,+0.00025,1,0,0,+0.00000,+0.00000,0.00000,0.00,+0.00000,+0.00000,0.00000,0.0000,0,0,0,1,+5.000,+0.000,+5.000,-0.05000,+0.656,+0.00000,0.00,+0.00000,0,+0.00000,+0.00000,0.00000,+48.849,0,188.9,0.0
15.320492,3,1,0.240249,0.240249,0.2400,+0.00025,1,0,0,+0.00000,+0.00000,0.00000,0.00,+0.00000,+0.00000,0.00000,0.0000,0,0,0,1,+5.000,+0.000,+5.000,-0.05000,+0.658,+0.00000,0.00,+0.00000,0,+0.00000,+0.00000,0.00000,+49.011,0,188.9,0.0
15.325161,3,1,0.240248,0.240248,0.2400,+0.00025,1,0,0,+0.00000,+0.00000,0.00000,0.00,+0.00000,+0.00000,0.00000,0.0000,0,0,0,1,+5.000,+0.000,+5.000,-0.05000,+0.658,+0.00000,0.00,+0.00000,0,+0.00000,+0.00000,0.00000,+49.011,0,188.9,0.0
15.329461,3,1,0.240247,0.240247,0.2400,+0.00025,1,0,0,+0.00000,+0.00000,0.00000,0.00,+0.00000,+0.00000,0.00000,0.0000,0,0,0,1,+5.000,+0.000,+5.000,-0.05000,+0.660,+0.00000,0.00,+0.00000,0,+0.00000,+0.00000,0.00000,+49.153,0,188.9,0.0
15.334118,3,1,0.240247,0.240247,0.2400,+0.00025,1,0,0,+0.00000,+0.00000,0.00000,0.00,+0.00000,+0.00000,0.00000,0.0000,0,0,0,1,+5.000,+0.000,+5.000,-0.05000,+0.660,+0.00000,0.00,+0.00000,0,+0.00000,+0.00000,0.00000,+49.153,0,188.9,0.0
15.338671,3,1,0.240246,0.240246,0.2400,+0.00025,1,0,0,+0.00000,+0.00000,0.00000,0.00,+0.00000,+0.00000,0.00000,0.0000,0,0,0,1,+5.000,+0.000,+5.000,-0.05000,+0.661,+0.00000,0.00,+0.00000,0,+0.00000,+0.00000,0.00000,+49.270,0,188.9,0.0
15.343274,3,1,0.240245,0.240245,0.2400,+0.00025,1,0,0,+0.00000,+0.00000,0.00000,0.00,+0.00000,+0.00000,0.00000,0.0000,0,0,0,1,+5.000,+0.000,+5.000,-0.05000,+0.661,+0.00000,0.00,+0.00000,0,+0.00000,+0.00000,0.00000,+49.270,0,188.9,0.0
15.347882,3,1,0.240244,0.240244,0.2400,+0.00024,1,0,0,+0.00000,+0.00000,0.00000,0.00,+0.00000,+0.00000,0.00000,0.0000,0,0,0,1,+5.000,+0.000,+5.000,-0.05000,+0.663,+0.00000,0.00,+0.00000,0,+0.00000,+0.00000,0.00000,+49.401,0,188.9,0.0
15.352387,3,1,0.240244,0.240244,0.2400,+0.00024,1,0,0,+0.00000,+0.00000,0.00000,0.00,+0.00000,+0.00000,0.00000,0.0000,0,0,0,1,+5.000,+0.000,+5.000,-0.05000,+0.663,+0.00000,0.00,+0.00000,0,+0.00000,+0.00000,0.00000,+49.401,0,188.9,0.0
15.357043,3,1,0.240243,0.240243,0.2400,+0.00024,1,0,0,+0.00000,+0.00000,0.00000,0.00,+0.00000,+0.00000,0.00000,0.0000,0,0,0,1,+5.000,+0.000,+5.000,-0.05000,+0.665,+0.00000,0.00,+0.00000,0,+0.00000,+0.00000,0.00000,+49.562,0,188.9,0.0
15.361624,3,1,0.240242,0.240242,0.2400,+0.00024,1,0,0,+0.00000,+0.00000,0.00000,0.00,+0.00000,+0.00000,0.00000,0.0000,0,0,0,1,+5.000,+0.000,+5.000,-0.05000,+0.665,+0.00000,0.00,+0.00000,0,+0.00000,+0.00000,0.00000,+49.562,0,188.9,0.0
15.366212,3,1,0.240241,0.240241,0.2400,+0.00024,1,0,0,+0.00000,+0.00000,0.00000,0.00,+0.00000,+0.00000,0.00000,0.0000,0,0,0,1,+5.000,+0.000,+5.000,-0.05000,+0.667,+0.00000,0.00,+0.00000,0,+0.00000,+0.00000,0.00000,+49.701,0,188.9,0.0
15.370847,3,1,0.240241,0.240241,0.2400,+0.00024,1,0,0,+0.00000,+0.00000,0.00000,0.00,+0.00000,+0.00000,0.00000,0.0000,0,0,0,1,+5.000,+0.000,+5.000,-0.05000,+0.667,+0.00000,0.00,+0.00000,0,+0.00000,+0.00000,0.00000,+49.701,0,188.9,0.0
15.375378,3,1,0.240240,0.240240,0.2400,+0.00024,1,0,0,+0.00000,+0.00000,0.00000,0.00,+0.00000,+0.00000,0.00000,0.0000,0,0,0,1,+5.000,+0.000,+5.000,-0.05000,+0.669,+0.00000,0.00,+0.00000,0,+0.00000,+0.00000,0.00000,+49.824,0,188.9,0.0
15.379951,3,1,0.240239,0.240239,0.2400,+0.00024,1,0,0,+0.00000,+0.00000,0.00000,0.00,+0.00000,+0.00000,0.00000,0.0000,0,0,0,1,+5.000,+0.000,+5.000,-0.05000,+0.669,+0.00000,0.00,+0.00000,0,+0.00000,+0.00000,0.00000,+49.824,0,188.9,0.0
15.384632,3,1,0.240238,0.240238,0.2400,+0.00024,1,0,0,+0.00000,+0.00000,0.00000,0.00,+0.00000,+0.00000,0.00000,0.0000,0,0,0,1,+5.000,+0.000,+5.000,-0.05000,+0.670,+0.00000,0.00,+0.00000,0,+0.00000,+0.00000,0.00000,+49.939,0,188.9,0.0
15.389266,3,1,0.240238,0.240238,0.2400,+0.00024,1,0,0,+0.00000,+0.00000,0.00000,0.00,+0.00000,+0.00000,0.00000,0.0000,0,0,0,1,+5.000,+0.000,+5.000,-0.05000,+0.670,+0.00000,0.00,+0.00000,0,+0.00000,+0.00000,0.00000,+49.939,0,188.9,0.0
15.394654,3,1,0.240237,0.240237,0.2400,+0.00024,1,0,0,+0.00000,+0.00000,0.00000,0.00,+0.00000,+0.00000,0.00000,0.0000,0,0,0,1,+5.000,+0.000,+5.000,-0.05000,+0.672,+0.00000,0.00,+0.00000,0,+0.00000,+0.00000,0.00000,+50.066,0,188.9,0.0
15.399254,3,1,0.240236,0.240236,0.2400,+0.00024,1,0,0,+0.00000,+0.00000,0.00000,0.00,+0.00000,+0.00000,0.00000,0.0000,0,0,0,1,+5.000,+0.000,+5.000,-0.05000,+0.674,+0.00000,0.00,+0.00000,0,+0.00000,+0.00000,0.00000,+50.192,0,188.9,0.0
15.403823,3,1,0.240235,0.240235,0.2400,+0.00024,1,0,0,+0.00000,+0.00000,0.00000,0.00,+0.00000,+0.00000,0.00000,0.0000,0,0,0,1,+5.000,+0.000,+5.000,-0.05000,+0.674,+0.00000,0.00,+0.00000,0,+0.00000,+0.00000,0.00000,+50.192,0,188.9,0.0
15.408628,3,1,0.240235,0.240235,0.2400,+0.00023,1,0,0,+0.00000,+0.00000,0.00000,0.00,+0.00000,+0.00000,0.00000,0.0000,0,0,0,1,+5.000,+0.000,+5.000,-0.05000,+0.676,+0.00000,0.00,+0.00000,0,+0.00000,+0.00000,0.00000,+50.326,0,188.9,0.0
15.413233,3,1,0.240234,0.240234,0.2400,+0.00023,1,0,0,+0.00000,+0.00000,0.00000,0.00,+0.00000,+0.00000,0.00000,0.0000,0,0,0,1,+5.000,+0.000,+5.000,-0.05000,+0.676,+0.00000,0.00,+0.00000,0,+0.00000,+0.00000,0.00000,+50.326,0,188.9,0.0
15.417705,3,1,0.240233,0.240233,0.2400,+0.00023,1,0,0,+0.00000,+0.00000,0.00000,0.00,+0.00000,+0.00000,0.00000,0.0000,0,0,0,1,+5.000,+0.000,+5.000,-0.05000,+0.678,+0.00000,0.00,+0.00000,0,+0.00000,+0.00000,0.00000,+50.450,0,188.9,0.0
15.422375,3,1,0.240232,0.240232,0.2400,+0.00023,1,0,0,+0.00000,+0.00000,0.00000,0.00,+0.00000,+0.00000,0.00000,0.0000,0,0,0,1,+5.000,+0.000,+5.000,-0.05000,+0.678,+0.00000,0.00,+0.00000,0,+0.00000,+0.00000,0.00000,+50.450,0,188.9,0.0
15.427016,3,1,0.240232,0.240232,0.2400,+0.00023,1,0,0,+0.00000,+0.00000,0.00000,0.00,+0.00000,+0.00000,0.00000,0.0000,0,0,0,1,+5.000,+0.000,+5.000,-0.05000,+0.680,+0.00000,0.00,+0.00000,0,+0.00000,+0.00000,0.00000,+50.596,0,188.9,0.0
15.432294,3,1,0.240231,0.240231,0.2400,+0.00023,1,0,0,+0.00000,+0.00000,0.00000,0.00,+0.00000,+0.00000,0.00000,0.0000,0,0,0,1,+5.000,+0.000,+5.000,-0.05000,+0.680,+0.00000,0.00,+0.00000,0,+0.00000,+0.00000,0.00000,+50.596,0,188.9,0.0
15.436621,3,1,0.240230,0.240230,0.2400,+0.00023,1,0,0,+0.00000,+0.00000,0.00000,0.00,+0.00000,+0.00000,0.00000,0.0000,0,0,0,1,+5.000,+0.000,+5.000,-0.05000,+0.682,+0.00000,0.00,+0.00000,0,+0.00000,+0.00000,0.00000,+50.734,0,188.9,0.0
15.441191,3,1,0.240230,0.240230,0.2400,+0.00023,1,0,0,+0.00000,+0.00000,0.00000,0.00,+0.00000,+0.00000,0.00000,0.0000,0,0,0,1,+5.000,+0.000,+5.000,-0.05000,+0.682,+0.00000,0.00,+0.00000,0,+0.00000,+0.00000,0.00000,+50.734,0,188.9,0.0
15.445840,3,1,0.240229,0.240229,0.2400,+0.00023,1,0,0,+0.00000,+0.00000,0.00000,0.00,+0.00000,+0.00000,0.00000,0.0000,0,0,0,1,+5.000,+0.000,+5.000,-0.05000,+0.684,+0.00000,0.00,+0.00000,0,+0.00000,+0.00000,0.00000,+50.855,0,188.9,0.0
15.450487,3,1,0.240228,0.240228,0.2400,+0.00023,1,0,0,+0.00000,+0.00000,0.00000,0.00,+0.00000,+0.00000,0.00000,0.0000,0,0,0,1,+5.000,+0.000,+5.000,-0.05000,+0.684,+0.00000,0.00,+0.00000,0,+0.00000,+0.00000,0.00000,+50.855,0,188.9,0.0
15.455081,3,1,0.240227,0.240227,0.2400,+0.00023,1,0,0,+0.00000,+0.00000,0.00000,0.00,+0.00000,+0.00000,0.00000,0.0000,0,0,0,1,+5.000,+0.000,+5.000,-0.05000,+0.686,+0.00000,0.00,+0.00000,0,+0.00000,+0.00000,0.00000,+50.994,0,188.9,0.0
15.459648,3,1,0.240227,0.240227,0.2400,+0.00023,1,0,0,+0.00000,+0.00000,0.00000,0.00,+0.00000,+0.00000,0.00000,0.0000,0,0,0,1,+5.000,+0.000,+5.000,-0.05000,+0.686,+0.00000,0.00,+0.00000,0,+0.00000,+0.00000,0.00000,+50.994,0,188.9,0.0
15.464210,3,1,0.240226,0.240226,0.2400,+0.00023,1,0,0,+0.00000,+0.00000,0.00000,0.00,+0.00000,+0.00000,0.00000,0.0000,0,0,0,1,+5.000,+0.000,+5.000,-0.05000,+0.688,+0.00000,0.00,+0.00000,0,+0.00000,+0.00000,0.00000,+51.142,0,188.9,0.0
15.468821,3,1,0.240225,0.240225,0.2400,+0.00023,1,0,0,+0.00000,+0.00000,0.00000,0.00,+0.00000,+0.00000,0.00000,0.0000,0,0,0,1,+5.000,+0.000,+5.000,-0.05000,+0.688,+0.00000,0.00,+0.00000,0,+0.00000,+0.00000,0.00000,+51.142,0,188.9,0.0
15.473325,3,1,0.240225,0.240225,0.2400,+0.00022,1,0,0,+0.00000,+0.00000,0.00000,0.00,+0.00000,+0.00000,0.00000,0.0000,0,0,0,1,+5.000,+0.000,+5.000,-0.05000,+0.690,+0.00000,0.00,+0.00000,0,+0.00000,+0.00000,0.00000,+51.278,0,188.9,0.0
15.477980,3,1,0.240224,0.240224,0.2400,+0.00022,1,0,0,+0.00000,+0.00000,0.00000,0.00,+0.00000,+0.00000,0.00000,0.0000,0,0,0,1,+5.000,+0.000,+5.000,-0.05000,+0.692,+0.00000,0.00,+0.00000,0,+0.00000,+0.00000,0.00000,+51.396,0,188.9,0.0
15.482515,3,1,0.240223,0.240223,0.2400,+0.00022,1,0,0,+0.00000,+0.00000,0.00000,0.00,+0.00000,+0.00000,0.00000,0.0000,0,0,0,1,+5.000,+0.000,+5.000,-0.05000,+0.692,+0.00000,0.00,+0.00000,0,+0.00000,+0.00000,0.00000,+51.396,0,188.9,0.0
15.486744,3,1,0.240223,0.240223,0.2400,+0.00022,1,0,0,+0.00000,+0.00000,0.00000,0.00,+0.00000,+0.00000,0.00000,0.0000,0,0,0,1,+5.000,+0.000,+5.000,-0.05000,+0.692,+0.00000,0.00,+0.00000,0,+0.00000,+0.00000,0.00000,+51.396,0,188.9,0.0
15.491395,3,1,0.240222,0.240222,0.2400,+0.00022,1,0,0,+0.00000,+0.00000,0.00000,0.00,+0.00000,+0.00000,0.00000,0.0000,0,0,0,1,+5.000,+0.000,+5.000,-0.05000,+0.694,+0.00000,0.00,+0.00000,0,+0.00000,+0.00000,0.00000,+51.543,0,188.9,0.0
15.496116,3,1,0.240221,0.240221,0.2400,+0.00022,1,0,0,+0.00000,+0.00000,0.00000,0.00,+0.00000,+0.00000,0.00000,0.0000,0,0,0,1,+5.000,+0.000,+5.000,-0.05000,+0.694,+0.00000,0.00,+0.00000,0,+0.00000,+0.00000,0.00000,+51.543,0,188.9,0.0
15.500536,3,1,0.240221,0.240221,0.2400,+0.00022,1,0,0,+0.00000,+0.00000,0.00000,0.00,+0.00000,+0.00000,0.00000,0.0000,0,0,0,1,+5.000,+0.000,+5.000,-0.05000,+0.696,+0.00000,0.00,+0.00000,0,+0.00000,+0.00000,0.00000,+51.682,0,188.9,0.0
15.504794,3,1,0.240220,0.240220,0.2400,+0.00022,1,0,0,+0.00000,+0.00000,0.00000,0.00,+0.00000,+0.00000,0.00000,0.0000,0,0,0,1,+5.000,+0.000,+5.000,-0.05000,+0.696,+0.00000,0.00,+0.00000,0,+0.00000,+0.00000,0.00000,+51.682,0,188.9,0.0
15.509441,3,1,0.240219,0.240219,0.2400,+0.00022,1,0,0,+0.00000,+0.00000,0.00000,0.00,+0.00000,+0.00000,0.00000,0.0000,0,0,0,1,+5.000,+0.000,+5.000,-0.05000,+0.698,+0.00000,0.00,+0.00000,0,+0.00000,+0.00000,0.00000,+51.822,0,188.9,0.0
15.514126,3,1,0.240219,0.240219,0.2400,+0.00022,1,0,0,+0.00000,+0.00000,0.00000,0.00,+0.00000,+0.00000,0.00000,0.0000,0,0,0,1,+5.000,+0.000,+5.000,-0.05000,+0.700,+0.00000,0.00,+0.00000,0,+0.00000,+0.00000,0.00000,+51.941,0,188.9,0.0
15.518781,3,1,0.240218,0.240218,0.2400,+0.00022,1,0,0,+0.00000,+0.00000,0.00000,0.00,+0.00000,+0.00000,0.00000,0.0000,0,0,0,1,+5.000,+0.000,+5.000,-0.05000,+0.700,+0.00000,0.00,+0.00000,0,+0.00000,+0.00000,0.00000,+51.941,0,188.9,0.0
15.523463,3,1,0.240217,0.240217,0.2400,+0.00022,1,0,0,+0.00000,+0.00000,0.00000,0.00,+0.00000,+0.00000,0.00000,0.0000,0,0,0,1,+5.000,+0.000,+5.000,-0.05000,+0.702,+0.00000,0.00,+0.00000,0,+0.00000,+0.00000,0.00000,+52.066,0,188.9,0.0
15.528387,3,1,0.240217,0.240217,0.2400,+0.00022,1,0,0,+0.00000,+0.00000,0.00000,0.00,+0.00000,+0.00000,0.00000,0.0000,0,0,0,1,+5.000,+0.000,+5.000,-0.05000,+0.702,+0.00000,0.00,+0.00000,0,+0.00000,+0.00000,0.00000,+52.066,0,188.9,0.0
15.532904,3,1,0.240216,0.240216,0.2400,+0.00022,1,0,0,+0.00000,+0.00000,0.00000,0.00,+0.00000,+0.00000,0.00000,0.0000,0,0,0,1,+5.000,+0.000,+5.000,-0.05000,+0.704,+0.00000,0.00,+0.00000,0,+0.00000,+0.00000,0.00000,+52.201,0,188.9,0.0
15.537502,3,1,0.240215,0.240215,0.2400,+0.00022,1,0,0,+0.00000,+0.00000,0.00000,0.00,+0.00000,+0.00000,0.00000,0.0000,0,0,0,1,+5.000,+0.000,+5.000,-0.05000,+0.704,+0.00000,0.00,+0.00000,0,+0.00000,+0.00000,0.00000,+52.201,0,188.9,0.0
15.542011,3,1,0.240215,0.240215,0.2400,+0.00021,1,0,0,+0.00000,+0.00000,0.00000,0.00,+0.00000,+0.00000,0.00000,0.0000,0,0,0,1,+5.000,+0.000,+5.000,-0.05000,+0.706,+0.00000,0.00,+0.00000,0,+0.00000,+0.00000,0.00000,+52.339,0,188.9,0.0
15.546377,3,1,0.240214,0.240214,0.2400,+0.00021,1,0,0,+0.00000,+0.00000,0.00000,0.00,+0.00000,+0.00000,0.00000,0.0000,0,0,0,1,+5.000,+0.000,+5.000,-0.05000,+0.706,+0.00000,0.00,+0.00000,0,+0.00000,+0.00000,0.00000,+52.339,0,188.9,0.0
15.550869,3,1,0.240213,0.240213,0.2400,+0.00021,1,0,0,+0.00000,+0.00000,0.00000,0.00,+0.00000,+0.00000,0.00000,0.0000,0,0,0,1,+5.000,+0.000,+5.000,-0.05000,+0.709,+0.00000,0.00,+0.00000,0,+0.00000,+0.00000,0.00000,+52.493,0,188.9,0.0
15.555564,3,1,0.240213,0.240213,0.2400,+0.00021,1,0,0,+0.00000,+0.00000,0.00000,0.00,+0.00000,+0.00000,0.00000,0.0000,0,0,0,1,+5.000,+0.000,+5.000,-0.05000,+0.709,+0.00000,0.00,+0.00000,0,+0.00000,+0.00000,0.00000,+52.493,0,188.9,0.0
15.560198,3,1,0.240212,0.240212,0.2400,+0.00021,1,0,0,+0.00000,+0.00000,0.00000,0.00,+0.00000,+0.00000,0.00000,0.0000,0,0,0,1,+5.000,+0.000,+5.000,-0.05000,+0.711,+0.00000,0.00,+0.00000,0,+0.00000,+0.00000,0.00000,+52.612,0,188.9,0.0
15.564928,3,1,0.240211,0.240211,0.2400,+0.00021,1,0,0,+0.00000,+0.00000,0.00000,0.00,+0.00000,+0.00000,0.00000,0.0000,0,0,0,1,+5.000,+0.000,+5.000,-0.05000,+0.711,+0.00000,0.00,+0.00000,0,+0.00000,+0.00000,0.00000,+52.612,0,188.9,0.0
15.569440,3,1,0.240211,0.240211,0.2400,+0.00021,1,0,0,+0.00000,+0.00000,0.00000,0.00,+0.00000,+0.00000,0.00000,0.0000,0,0,0,1,+5.000,+0.000,+5.000,-0.05000,+0.713,+0.00000,0.00,+0.00000,0,+0.00000,+0.00000,0.00000,+52.753,0,188.9,0.0
15.573986,3,1,0.240210,0.240210,0.2400,+0.00021,1,0,0,+0.00000,+0.00000,0.00000,0.00,+0.00000,+0.00000,0.00000,0.0000,0,0,0,1,+5.000,+0.000,+5.000,-0.05000,+0.713,+0.00000,0.00,+0.00000,0,+0.00000,+0.00000,0.00000,+52.753,0,188.9,0.0
15.579107,3,1,0.240209,0.240209,0.2400,+0.00021,1,0,0,+0.00000,+0.00000,0.00000,0.00,+0.00000,+0.00000,0.00000,0.0000,0,0,0,1,+5.000,+0.000,+5.000,-0.05000,+0.715,+0.00000,0.00,+0.00000,0,+0.00000,+0.00000,0.00000,+52.878,0,188.9,0.0
15.583776,3,1,0.240209,0.240209,0.2400,+0.00021,1,0,0,+0.00000,+0.00000,0.00000,0.00,+0.00000,+0.00000,0.00000,0.0000,0,0,0,1,+5.000,+0.000,+5.000,-0.05000,+0.715,+0.00000,0.00,+0.00000,0,+0.00000,+0.00000,0.00000,+52.878,0,188.9,0.0
15.588426,3,1,0.240208,0.240208,0.2400,+0.00021,1,0,0,+0.00000,+0.00000,0.00000,0.00,+0.00000,+0.00000,0.00000,0.0000,0,0,0,1,+5.000,+0.000,+5.000,-0.05000,+0.717,+0.00000,0.00,+0.00000,0,+0.00000,+0.00000,0.00000,+53.004,0,188.9,0.0
15.592883,3,1,0.240207,0.240207,0.2400,+0.00021,1,0,0,+0.00000,+0.00000,0.00000,0.00,+0.00000,+0.00000,0.00000,0.0000,0,0,0,1,+5.000,+0.000,+5.000,-0.05000,+0.717,+0.00000,0.00,+0.00000,0,+0.00000,+0.00000,0.00000,+53.004,0,188.9,0.0
15.597564,3,1,0.240207,0.240207,0.2400,+0.00021,1,0,0,+0.00000,+0.00000,0.00000,0.00,+0.00000,+0.00000,0.00000,0.0000,0,0,0,1,+5.000,+0.000,+5.000,-0.05000,+0.719,+0.00000,0.00,+0.00000,0,+0.00000,+0.00000,0.00000,+53.143,0,188.9,0.0
15.602714,3,1,0.240206,0.240206,0.2400,+0.00021,1,0,0,+0.00000,+0.00000,0.00000,0.00,+0.00000,+0.00000,0.00000,0.0000,0,0,0,1,+5.000,+0.000,+5.000,-0.05000,+0.719,+0.00000,0.00,+0.00000,0,+0.00000,+0.00000,0.00000,+53.143,0,188.9,0.0
15.607403,3,1,0.240205,0.240205,0.2400,+0.00021,1,0,0,+0.00000,+0.00000,0.00000,0.00,+0.00000,+0.00000,0.00000,0.0000,0,0,0,1,+5.000,+0.000,+5.000,-0.05000,+0.722,+0.00000,0.00,+0.00000,0,+0.00000,+0.00000,0.00000,+53.309,0,188.9,0.0
15.612031,3,1,0.240205,0.240205,0.2400,+0.00020,1,0,0,+0.00000,+0.00000,0.00000,0.00,+0.00000,+0.00000,0.00000,0.0000,0,0,0,1,+5.000,+0.000,+5.000,-0.05000,+0.724,+0.00000,0.00,+0.00000,0,+0.00000,+0.00000,0.00000,+53.412,0,188.9,0.0
15.616463,3,1,0.240204,0.240204,0.2400,+0.00020,1,0,0,+0.00000,+0.00000,0.00000,0.00,+0.00000,+0.00000,0.00000,0.0000,0,0,0,1,+5.000,+0.000,+5.000,-0.05000,+0.724,+0.00000,0.00,+0.00000,0,+0.00000,+0.00000,0.00000,+53.412,0,188.9,0.0
15.621154,3,1,0.240204,0.240204,0.2400,+0.00020,1,0,0,+0.00000,+0.00000,0.00000,0.00,+0.00000,+0.00000,0.00000,0.0000,0,0,0,1,+5.000,+0.000,+5.000,-0.05000,+0.726,+0.00000,0.00,+0.00000,0,+0.00000,+0.00000,0.00000,+53.511,0,188.9,0.0
15.626223,3,1,0.240203,0.240203,0.2400,+0.00020,1,0,0,+0.00000,+0.00000,0.00000,0.00,+0.00000,+0.00000,0.00000,0.0000,0,0,0,1,+5.000,+0.000,+5.000,-0.05000,+0.726,+0.00000,0.00,+0.00000,0,+0.00000,+0.00000,0.00000,+53.511,0,188.9,0.0
15.630909,3,1,0.240202,0.240202,0.2400,+0.00020,1,0,0,+0.00000,+0.00000,0.00000,0.00,+0.00000,+0.00000,0.00000,0.0000,0,0,0,1,+5.000,+0.000,+5.000,-0.05000,+0.728,+0.00000,0.00,+0.00000,0,+0.00000,+0.00000,0.00000,+53.656,0,188.9,0.0
15.635763,3,1,0.240202,0.240202,0.2400,+0.00020,1,0,0,+0.00000,+0.00000,0.00000,0.00,+0.00000,+0.00000,0.00000,0.0000,0,0,0,1,+5.000,+0.000,+5.000,-0.05000,+0.728,+0.00000,0.00,+0.00000,0,+0.00000,+0.00000,0.00000,+53.656,0,188.9,0.0
15.640399,3,1,0.240201,0.240201,0.2400,+0.00020,1,0,0,+0.00000,+0.00000,0.00000,0.00,+0.00000,+0.00000,0.00000,0.0000,0,0,0,1,+5.000,+0.000,+5.000,-0.05000,+0.731,+0.00000,0.00,+0.00000,0,+0.00000,+0.00000,0.00000,+53.795,0,188.9,0.0
15.645575,3,1,0.240200,0.240200,0.2400,+0.00020,1,0,0,+0.00000,+0.00000,0.00000,0.00,+0.00000,+0.00000,0.00000,0.0000,0,0,0,1,+5.000,+0.000,+5.000,-0.05000,+0.733,+0.00000,0.00,+0.00000,0,+0.00000,+0.00000,0.00000,+53.922,0,188.9,0.0
15.649942,3,1,0.240200,0.240200,0.2400,+0.00020,1,0,0,+0.00000,+0.00000,0.00000,0.00,+0.00000,+0.00000,0.00000,0.0000,0,0,0,1,+5.000,+0.000,+5.000,-0.05000,+0.733,+0.00000,0.00,+0.00000,0,+0.00000,+0.00000,0.00000,+53.922,0,188.9,0.0
15.655817,3,1,0.240199,0.240199,0.2400,+0.00020,1,0,0,+0.00000,+0.00000,0.00000,0.00,+0.00000,+0.00000,0.00000,0.0000,0,0,0,1,+5.000,+0.000,+5.000,-0.05000,+0.735,+0.00000,0.00,+0.00000,0,+0.00000,+0.00000,0.00000,+54.070,0,188.9,0.0
15.660558,3,1,0.240198,0.240198,0.2400,+0.00020,1,0,0,+0.00000,+0.00000,0.00000,0.00,+0.00000,+0.00000,0.00000,0.0000,0,0,0,1,+5.000,+0.000,+5.000,-0.05000,+0.735,+0.00000,0.00,+0.00000,0,+0.00000,+0.00000,0.00000,+54.070,0,188.9,0.0
15.664968,3,1,0.240198,0.240198,0.2400,+0.00020,1,0,0,+0.00000,+0.00000,0.00000,0.00,+0.00000,+0.00000,0.00000,0.0000,0,0,0,1,+5.000,+0.000,+5.000,-0.05000,+0.737,+0.00000,0.00,+0.00000,0,+0.00000,+0.00000,0.00000,+54.177,0,188.9,0.0
15.669307,3,1,0.240197,0.240197,0.2400,+0.00020,1,0,0,+0.00000,+0.00000,0.00000,0.00,+0.00000,+0.00000,0.00000,0.0000,0,0,0,1,+5.000,+0.000,+5.000,-0.05000,+0.737,+0.00000,0.00,+0.00000,0,+0.00000,+0.00000,0.00000,+54.177,0,188.9,0.0
15.673839,3,1,0.240197,0.240197,0.2400,+0.00020,1,0,0,+0.00000,+0.00000,0.00000,0.00,+0.00000,+0.00000,0.00000,0.0000,0,0,0,1,+5.000,+0.000,+5.000,-0.05000,+0.739,+0.00000,0.00,+0.00000,0,+0.00000,+0.00000,0.00000,+54.295,0,188.9,0.0
15.678715,3,1,0.240196,0.240196,0.2400,+0.00020,1,0,0,+0.00000,+0.00000,0.00000,0.00,+0.00000,+0.00000,0.00000,0.0000,0,0,0,1,+5.000,+0.000,+5.000,-0.05000,+0.739,+0.00000,0.00,+0.00000,0,+0.00000,+0.00000,0.00000,+54.295,0,188.9,0.0
15.683441,3,1,0.240195,0.240195,0.2400,+0.00020,1,0,0,+0.00000,+0.00000,0.00000,0.00,+0.00000,+0.00000,0.00000,0.0000,0,0,0,1,+5.000,+0.000,+5.000,-0.05000,+0.742,+0.00000,0.00,+0.00000,0,+0.00000,+0.00000,0.00000,+54.424,0,188.9,0.0
15.690093,3,1,0.240194,0.240194,0.2400,+0.00019,1,0,0,+0.00000,+0.00000,0.00000,0.00,+0.00000,+0.00000,0.00000,0.0000,0,0,0,1,+5.000,+0.000,+5.000,-0.05000,+0.742,+0.00000,0.00,+0.00000,0,+0.00000,+0.00000,0.00000,+54.424,0,188.9,0.0
15.694815,3,1,0.240194,0.240194,0.2400,+0.00019,1,0,0,+0.00000,+0.00000,0.00000,0.00,+0.00000,+0.00000,0.00000,0.0000,0,0,0,1,+5.000,+0.000,+5.000,-0.05000,+0.745,+0.00000,0.00,+0.00000,0,+0.00000,+0.00000,0.00000,+54.604,0,188.9,0.0
15.699553,3,1,0.240193,0.240193,0.2400,+0.00019,1,0,0,+0.00000,+0.00000,0.00000,0.00,+0.00000,+0.00000,0.00000,0.0000,0,0,0,1,+5.000,+0.000,+5.000,-0.05000,+0.747,+0.00000,0.00,+0.00000,0,+0.00000,+0.00000,0.00000,+54.698,0,188.9,0.0
15.704170,3,1,0.240193,0.240193,0.2400,+0.00019,1,0,0,+0.00000,+0.00000,0.00000,0.00,+0.00000,+0.00000,0.00000,0.0000,0,0,0,1,+5.000,+0.000,+5.000,-0.05000,+0.749,+0.00000,0.00,+0.00000,0,+0.00000,+0.00000,0.00000,+54.806,0,188.9,0.0
15.708702,3,1,0.240192,0.240192,0.2400,+0.00019,1,0,0,+0.00000,+0.00000,0.00000,0.00,+0.00000,+0.00000,0.00000,0.0000,0,0,0,1,+5.000,+0.000,+5.000,-0.05000,+0.749,+0.00000,0.00,+0.00000,0,+0.00000,+0.00000,0.00000,+54.806,0,188.9,0.0
15.713225,3,1,0.240191,0.240191,0.2400,+0.00019,1,0,0,+0.00000,+0.00000,0.00000,0.00,+0.00000,+0.00000,0.00000,0.0000,0,0,0,1,+5.000,+0.000,+5.000,-0.05000,+0.751,+0.00000,0.00,+0.00000,0,+0.00000,+0.00000,0.00000,+54.921,0,188.9,0.0
15.717373,3,1,0.240191,0.240191,0.2400,+0.00019,1,0,0,+0.00000,+0.00000,0.00000,0.00,+0.00000,+0.00000,0.00000,0.0000,0,0,0,1,+5.000,+0.000,+5.000,-0.05000,+0.751,+0.00000,0.00,+0.00000,0,+0.00000,+0.00000,0.00000,+54.921,0,188.9,0.0
15.721939,3,1,0.240190,0.240190,0.2400,+0.00019,1,0,0,+0.00000,+0.00000,0.00000,0.00,+0.00000,+0.00000,0.00000,0.0000,0,0,0,1,+5.000,+0.000,+5.000,-0.05000,+0.753,+0.00000,0.00,+0.00000,0,+0.00000,+0.00000,0.00000,+55.058,0,188.9,0.0
15.726315,3,1,0.240190,0.240190,0.2400,+0.00019,1,0,0,+0.00000,+0.00000,0.00000,0.00,+0.00000,+0.00000,0.00000,0.0000,0,0,0,1,+5.000,+0.000,+5.000,-0.05000,+0.753,+0.00000,0.00,+0.00000,0,+0.00000,+0.00000,0.00000,+55.058,0,188.9,0.0
15.730863,3,1,0.240189,0.240189,0.2400,+0.00019,1,0,0,+0.00000,+0.00000,0.00000,0.00,+0.00000,+0.00000,0.00000,0.0000,0,0,0,1,+5.000,+0.000,+5.000,-0.05000,+0.756,+0.00000,0.00,+0.00000,0,+0.00000,+0.00000,0.00000,+55.178,0,188.9,0.0
15.735194,3,1,0.240189,0.240189,0.2400,+0.00019,1,0,0,+0.00000,+0.00000,0.00000,0.00,+0.00000,+0.00000,0.00000,0.0000,0,0,0,1,+5.000,+0.000,+5.000,-0.05000,+0.756,+0.00000,0.00,+0.00000,0,+0.00000,+0.00000,0.00000,+55.178,0,188.9,0.0
15.739398,3,1,0.240188,0.240188,0.2400,+0.00019,1,0,0,+0.00000,+0.00000,0.00000,0.00,+0.00000,+0.00000,0.00000,0.0000,0,0,0,1,+5.000,+0.000,+5.000,-0.05000,+0.759,+0.00000,0.00,+0.00000,0,+0.00000,+0.00000,0.00000,+55.338,0,188.9,0.0
15.743980,3,1,0.240188,0.240188,0.2400,+0.00019,1,0,0,+0.00000,+0.00000,0.00000,0.00,+0.00000,+0.00000,0.00000,0.0000,0,0,0,1,+5.000,+0.000,+5.000,-0.05000,+0.759,+0.00000,0.00,+0.00000,0,+0.00000,+0.00000,0.00000,+55.338,0,188.9,0.0
15.748647,3,1,0.240187,0.240187,0.2400,+0.00019,1,0,0,+0.00000,+0.00000,0.00000,0.00,+0.00000,+0.00000,0.00000,0.0000,0,0,0,1,+5.000,+0.000,+5.000,-0.05000,+0.761,+0.00000,0.00,+0.00000,0,+0.00000,+0.00000,0.00000,+55.455,0,188.9,0.0
15.756302,3,1,0.240186,0.240186,0.2400,+0.00019,1,0,0,+0.00000,+0.00000,0.00000,0.00,+0.00000,+0.00000,0.00000,0.0000,0,0,0,1,+5.000,+0.000,+5.000,-0.05000,+0.761,+0.00000,0.00,+0.00000,0,+0.00000,+0.00000,0.00000,+55.455,0,188.9,0.0
15.760706,3,1,0.240186,0.240186,0.2400,+0.00019,1,0,0,+0.00000,+0.00000,0.00000,0.00,+0.00000,+0.00000,0.00000,0.0000,0,0,0,1,+5.000,+0.000,+5.000,-0.05000,+0.764,+0.00000,0.00,+0.00000,0,+0.00000,+0.00000,0.00000,+55.626,0,188.9,0.0
15.765480,3,1,0.240185,0.240185,0.2400,+0.00018,1,0,0,+0.00000,+0.00000,0.00000,0.00,+0.00000,+0.00000,0.00000,0.0000,0,0,0,1,+5.000,+0.000,+5.000,-0.05000,+0.764,+0.00000,0.00,+0.00000,0,+0.00000,+0.00000,0.00000,+55.626,0,188.9,0.0
15.769870,3,1,0.240184,0.240184,0.2400,+0.00018,1,0,0,+0.00000,+0.00000,0.00000,0.00,+0.00000,+0.00000,0.00000,0.0000,0,0,0,1,+5.000,+0.000,+5.000,-0.05000,+0.767,+0.00000,0.00,+0.00000,0,+0.00000,+0.00000,0.00000,+55.749,0,188.9,0.0
15.774145,3,1,0.240184,0.240184,0.2400,+0.00018,1,0,0,+0.00000,+0.00000,0.00000,0.00,+0.00000,+0.00000,0.00000,0.0000,0,0,0,1,+5.000,+0.000,+5.000,-0.05000,+0.767,+0.00000,0.00,+0.00000,0,+0.00000,+0.00000,0.00000,+55.749,0,188.9,0.0
15.778773,3,1,0.240183,0.240183,0.2400,+0.00018,1,0,0,+0.00000,+0.00000,0.00000,0.00,+0.00000,+0.00000,0.00000,0.0000,0,0,0,1,+5.000,+0.000,+5.000,-0.05000,+0.769,+0.00000,0.00,+0.00000,0,+0.00000,+0.00000,0.00000,+55.888,0,188.9,0.0
15.783223,3,1,0.240183,0.240183,0.2400,+0.00018,1,0,0,+0.00000,+0.00000,0.00000,0.00,+0.00000,+0.00000,0.00000,0.0000,0,0,0,1,+5.000,+0.000,+5.000,-0.05000,+0.772,+0.00000,0.00,+0.00000,0,+0.00000,+0.00000,0.00000,+55.999,0,188.9,0.0
15.787904,3,1,0.240182,0.240182,0.2400,+0.00018,1,0,0,+0.00000,+0.00000,0.00000,0.00,+0.00000,+0.00000,0.00000,0.0000,0,0,0,1,+5.000,+0.000,+5.000,-0.05000,+0.772,+0.00000,0.00,+0.00000,0,+0.00000,+0.00000,0.00000,+55.999,0,188.9,0.0
15.792584,3,1,0.240182,0.240182,0.2400,+0.00018,1,0,0,+0.00000,+0.00000,0.00000,0.00,+0.00000,+0.00000,0.00000,0.0000,0,0,0,1,+5.000,+0.000,+5.000,-0.05000,+0.774,+0.00000,0.00,+0.00000,0,+0.00000,+0.00000,0.00000,+56.133,0,188.9,0.0
15.797441,3,1,0.240181,0.240181,0.2400,+0.00018,1,0,0,+0.00000,+0.00000,0.00000,0.00,+0.00000,+0.00000,0.00000,0.0000,0,0,0,1,+5.000,+0.000,+5.000,-0.05000,+0.774,+0.00000,0.00,+0.00000,0,+0.00000,+0.00000,0.00000,+56.133,0,188.9,0.0
15.801951,3,1,0.240180,0.240180,0.2400,+0.00018,1,0,0,+0.00000,+0.00000,0.00000,0.00,+0.00000,+0.00000,0.00000,0.0000,0,0,0,1,+5.000,+0.000,+5.000,-0.05000,+0.777,+0.00000,0.00,+0.00000,0,+0.00000,+0.00000,0.00000,+56.252,0,188.9,0.0
15.806310,3,1,0.240180,0.240180,0.2400,+0.00018,1,0,0,+0.00000,+0.00000,0.00000,0.00,+0.00000,+0.00000,0.00000,0.0000,0,0,0,1,+5.000,+0.000,+5.000,-0.05000,+0.777,+0.00000,0.00,+0.00000,0,+0.00000,+0.00000,0.00000,+56.252,0,188.9,0.0
15.811594,3,1,0.240179,0.240179,0.2400,+0.00018,1,0,0,+0.00000,+0.00000,0.00000,0.00,+0.00000,+0.00000,0.00000,0.0000,0,0,0,1,+5.000,+0.000,+5.000,-0.05000,+0.779,+0.00000,0.00,+0.00000,0,+0.00000,+0.00000,0.00000,+56.380,0,188.9,0.0
15.820894,3,1,0.240178,0.240178,0.2400,+0.00018,1,0,0,+0.00000,+0.00000,0.00000,0.00,+0.00000,+0.00000,0.00000,0.0000,0,0,0,1,+5.000,+0.000,+5.000,-0.05000,+0.779,+0.00000,0.00,+0.00000,0,+0.00000,+0.00000,0.00000,+56.380,0,188.9,0.0
15.825937,3,1,0.240178,0.240178,0.2400,+0.00018,1,0,0,+0.00000,+0.00000,0.00000,0.00,+0.00000,+0.00000,0.00000,0.0000,0,0,0,1,+5.000,+0.000,+5.000,-0.05000,+0.784,+0.00000,0.00,+0.00000,0,+0.00000,+0.00000,0.00000,+56.592,0,188.9,0.0
15.830451,3,1,0.240177,0.240177,0.2400,+0.00018,1,0,0,+0.00000,+0.00000,0.00000,0.00,+0.00000,+0.00000,0.00000,0.0000,0,0,0,1,+5.000,+0.000,+5.000,-0.05000,+0.786,+0.00000,0.00,+0.00000,0,+0.00000,+0.00000,0.00000,+56.713,0,188.9,0.0
15.834855,3,1,0.240177,0.240177,0.2400,+0.00018,1,0,0,+0.00000,+0.00000,0.00000,0.00,+0.00000,+0.00000,0.00000,0.0000,0,0,0,1,+5.000,+0.000,+5.000,-0.05000,+0.786,+0.00000,0.00,+0.00000,0,+0.00000,+0.00000,0.00000,+56.713,0,188.9,0.0
15.839962,3,1,0.240176,0.240176,0.2400,+0.00018,1,0,0,+0.00000,+0.00000,0.00000,0.00,+0.00000,+0.00000,0.00000,0.0000,0,0,0,1,+5.000,+0.000,+5.000,-0.05000,+0.789,+0.00000,0.00,+0.00000,0,+0.00000,+0.00000,0.00000,+56.856,0,188.9,0.0
15.844613,3,1,0.240175,0.240175,0.2400,+0.00018,1,0,0,+0.00000,+0.00000,0.00000,0.00,+0.00000,+0.00000,0.00000,0.0000,0,0,0,1,+5.000,+0.000,+5.000,-0.05000,+0.789,+0.00000,0.00,+0.00000,0,+0.00000,+0.00000,0.00000,+56.856,0,188.9,0.0
15.849148,3,1,0.240175,0.240175,0.2400,+0.00017,1,0,0,+0.00000,+0.00000,0.00000,0.00,+0.00000,+0.00000,0.00000,0.0000,0,0,0,1,+5.000,+0.000,+5.000,-0.05000,+0.792,+0.00000,0.00,+0.00000,0,+0.00000,+0.00000,0.00000,+56.972,0,188.9,0.0
15.853668,3,1,0.240174,0.240174,0.2400,+0.00017,1,0,0,+0.00000,+0.00000,0.00000,0.00,+0.00000,+0.00000,0.00000,0.0000,0,0,0,1,+5.000,+0.000,+5.000,-0.05000,+0.792,+0.00000,0.00,+0.00000,0,+0.00000,+0.00000,0.00000,+56.972,0,188.9,0.0
15.858629,3,1,0.240174,0.240174,0.2400,+0.00017,1,0,0,+0.00000,+0.00000,0.00000,0.00,+0.00000,+0.00000,0.00000,0.0000,0,0,0,1,+5.000,+0.000,+5.000,-0.05000,+0.794,+0.00000,0.00,+0.00000,0,+0.00000,+0.00000,0.00000,+57.090,0,188.9,0.0
15.866394,3,1,0.240173,0.240173,0.2400,+0.00017,1,0,0,+0.00000,+0.00000,0.00000,0.00,+0.00000,+0.00000,0.00000,0.0000,0,0,0,1,+5.000,+0.000,+5.000,-0.05000,+0.794,+0.00000,0.00,+0.00000,0,+0.00000,+0.00000,0.00000,+57.090,0,188.9,0.0
15.871157,3,1,0.240172,0.240172,0.2400,+0.00017,1,0,0,+0.00000,+0.00000,0.00000,0.00,+0.00000,+0.00000,0.00000,0.0000,0,0,0,1,+5.000,+0.000,+5.000,-0.05000,+0.798,+0.00000,0.00,+0.00000,0,+0.00000,+0.00000,0.00000,+57.264,0,188.9,0.0
15.875750,3,1,0.240172,0.240172,0.2400,+0.00017,1,0,0,+0.00000,+0.00000,0.00000,0.00,+0.00000,+0.00000,0.00000,0.0000,0,0,0,1,+5.000,+0.000,+5.000,-0.05000,+0.801,+0.00000,0.00,+0.00000,0,+0.00000,+0.00000,0.00000,+57.389,0,188.9,0.0
15.880427,3,1,0.240171,0.240171,0.2400,+0.00017,1,0,0,+0.00000,+0.00000,0.00000,0.00,+0.00000,+0.00000,0.00000,0.0000,0,0,0,1,+5.000,+0.000,+5.000,-0.05000,+0.801,+0.00000,0.00,+0.00000,0,+0.00000,+0.00000,0.00000,+57.389,0,188.9,0.0
15.885355,3,1,0.240171,0.240171,0.2400,+0.00017,1,0,0,+0.00000,+0.00000,0.00000,0.00,+0.00000,+0.00000,0.00000,0.0000,0,0,0,1,+5.000,+0.000,+5.000,-0.05000,+0.804,+0.00000,0.00,+0.00000,0,+0.00000,+0.00000,0.00000,+57.532,0,188.9,0.0
15.892190,3,1,0.240170,0.240170,0.2400,+0.00017,1,0,0,+0.00000,+0.00000,0.00000,0.00,+0.00000,+0.00000,0.00000,0.0000,0,0,0,1,+5.000,+0.000,+5.000,-0.05000,+0.804,+0.00000,0.00,+0.00000,0,+0.00000,+0.00000,0.00000,+57.532,0,188.9,0.0
15.896751,3,1,0.240169,0.240169,0.2400,+0.00017,1,0,0,+0.00000,+0.00000,0.00000,0.00,+0.00000,+0.00000,0.00000,0.0000,0,0,0,1,+5.000,+0.000,+5.000,-0.05000,+0.806,+0.00000,0.00,+0.00000,0,+0.00000,+0.00000,0.00000,+57.656,0,188.9,0.0
15.901148,3,1,0.240169,0.240169,0.2400,+0.00017,1,0,0,+0.00000,+0.00000,0.00000,0.00,+0.00000,+0.00000,0.00000,0.0000,0,0,0,1,+5.000,+0.000,+5.000,-0.05000,+0.806,+0.00000,0.00,+0.00000,0,+0.00000,+0.00000,0.00000,+57.656,0,188.9,0.0
15.905442,3,1,0.240168,0.240168,0.2400,+0.00017,1,0,0,+0.00000,+0.00000,0.00000,0.00,+0.00000,+0.00000,0.00000,0.0000,0,0,0,1,+5.000,+0.000,+5.000,-0.05000,+0.809,+0.00000,0.00,+0.00000,0,+0.00000,+0.00000,0.00000,+57.792,0,188.9,0.0
15.909957,3,1,0.240168,0.240168,0.2400,+0.00017,1,0,0,+0.00000,+0.00000,0.00000,0.00,+0.00000,+0.00000,0.00000,0.0000,0,0,0,1,+5.000,+0.000,+5.000,-0.05000,+0.812,+0.00000,0.00,+0.00000,0,+0.00000,+0.00000,0.00000,+57.911,0,188.9,0.0
15.914321,3,1,0.240167,0.240167,0.2400,+0.00017,1,0,0,+0.00000,+0.00000,0.00000,0.00,+0.00000,+0.00000,0.00000,0.0000,0,0,0,1,+5.000,+0.000,+5.000,-0.05000,+0.812,+0.00000,0.00,+0.00000,0,+0.00000,+0.00000,0.00000,+57.911,0,188.9,0.0
15.918664,3,1,0.240167,0.240167,0.2400,+0.00017,1,0,0,+0.00000,+0.00000,0.00000,0.00,+0.00000,+0.00000,0.00000,0.0000,0,0,0,1,+5.000,+0.000,+5.000,-0.05000,+0.815,+0.00000,0.00,+0.00000,0,+0.00000,+0.00000,0.00000,+58.035,0,188.9,0.0
15.924519,3,1,0.240166,0.240166,0.2400,+0.00017,1,0,0,+0.00000,+0.00000,0.00000,0.00,+0.00000,+0.00000,0.00000,0.0000,0,0,0,1,+5.000,+0.000,+5.000,-0.05000,+0.815,+0.00000,0.00,+0.00000,0,+0.00000,+0.00000,0.00000,+58.035,0,188.9,0.0
15.929201,3,1,0.240166,0.240166,0.2400,+0.00017,1,0,0,+0.00000,+0.00000,0.00000,0.00,+0.00000,+0.00000,0.00000,0.0000,0,0,0,1,+5.000,+0.000,+5.000,-0.05000,+0.818,+0.00000,0.00,+0.00000,0,+0.00000,+0.00000,0.00000,+58.180,0,188.9,0.0
15.934183,3,1,0.240165,0.240165,0.2400,+0.00017,1,0,0,+0.00000,+0.00000,0.00000,0.00,+0.00000,+0.00000,0.00000,0.0000,0,0,0,1,+5.000,+0.000,+5.000,-0.05000,+0.818,+0.00000,0.00,+0.00000,0,+0.00000,+0.00000,0.00000,+58.180,0,188.9,0.0
15.938920,3,1,0.240165,0.240165,0.2400,+0.00016,1,0,0,+0.00000,+0.00000,0.00000,0.00,+0.00000,+0.00000,0.00000,0.0000,0,0,0,1,+5.000,+0.000,+5.000,-0.05000,+0.821,+0.00000,0.00,+0.00000,0,+0.00000,+0.00000,0.00000,+58.308,0,188.9,0.0
15.943440,3,1,0.240164,0.240164,0.2400,+0.00016,1,0,0,+0.00000,+0.00000,0.00000,0.00,+0.00000,+0.00000,0.00000,0.0000,0,0,0,1,+5.000,+0.000,+5.000,-0.05000,+0.821,+0.00000,0.00,+0.00000,0,+0.00000,+0.00000,0.00000,+58.308,0,188.9,0.0
15.948248,3,1,0.240164,0.240164,0.2400,+0.00016,1,0,0,+0.00000,+0.00000,0.00000,0.00,+0.00000,+0.00000,0.00000,0.0000,0,0,0,1,+5.000,+0.000,+5.000,-0.05000,+0.824,+0.00000,0.00,+0.00000,0,+0.00000,+0.00000,0.00000,+58.445,0,188.9,0.0
15.952922,3,1,0.240163,0.240163,0.2400,+0.00016,1,0,0,+0.00000,+0.00000,0.00000,0.00,+0.00000,+0.00000,0.00000,0.0000,0,0,0,1,+5.000,+0.000,+5.000,-0.05000,+0.824,+0.00000,0.00,+0.00000,0,+0.00000,+0.00000,0.00000,+58.445,0,188.9,0.0
15.957289,3,1,0.240163,0.240163,0.2400,+0.00016,1,0,0,+0.00000,+0.00000,0.00000,0.00,+0.00000,+0.00000,0.00000,0.0000,0,0,0,1,+5.000,+0.000,+5.000,-0.05000,+0.828,+0.00000,0.00,+0.00000,0,+0.00000,+0.00000,0.00000,+58.579,0,188.9,0.0
15.962085,3,1,0.240162,0.240162,0.2400,+0.00016,1,0,0,+0.00000,+0.00000,0.00000,0.00,+0.00000,+0.00000,0.00000,0.0000,0,0,0,1,+5.000,+0.000,+5.000,-0.05000,+0.830,+0.00000,0.00,+0.00000,0,+0.00000,+0.00000,0.00000,+58.695,0,188.9,0.0
15.966845,3,1,0.240162,0.240162,0.2400,+0.00016,1,0,0,+0.00000,+0.00000,0.00000,0.00,+0.00000,+0.00000,0.00000,0.0000,0,0,0,1,+5.000,+0.000,+5.000,-0.05000,+0.830,+0.00000,0.00,+0.00000,0,+0.00000,+0.00000,0.00000,+58.695,0,188.9,0.0
15.971380,3,1,0.240161,0.240161,0.2400,+0.00016,1,0,0,+0.00000,+0.00000,0.00000,0.00,+0.00000,+0.00000,0.00000,0.0000,0,0,0,1,+5.000,+0.000,+5.000,-0.05000,+0.834,+0.00000,0.00,+0.00000,0,+0.00000,+0.00000,0.00000,+58.837,0,188.9,0.0
15.975990,3,1,0.240161,0.240161,0.2400,+0.00016,1,0,0,+0.00000,+0.00000,0.00000,0.00,+0.00000,+0.00000,0.00000,0.0000,0,0,0,1,+5.000,+0.000,+5.000,-0.05000,+0.834,+0.00000,0.00,+0.00000,0,+0.00000,+0.00000,0.00000,+58.837,0,188.9,0.0
15.980513,3,1,0.240160,0.240160,0.2400,+0.00016,1,0,0,+0.00000,+0.00000,0.00000,0.00,+0.00000,+0.00000,0.00000,0.0000,0,0,0,1,+5.000,+0.000,+5.000,-0.05000,+0.834,+0.00000,0.00,+0.00000,0,+0.00000,+0.00000,0.00000,+58.837,0,188.9,0.0
15.985611,3,1,0.240160,0.240160,0.2400,+0.00016,1,0,0,+0.00000,+0.00000,0.00000,0.00,+0.00000,+0.00000,0.00000,0.0000,0,0,0,1,+5.000,+0.000,+5.000,-0.05000,+0.837,+0.00000,0.00,+0.00000,0,+0.00000,+0.00000,0.00000,+58.985,0,188.9,0.0
15.989869,3,1,0.240159,0.240159,0.2400,+0.00016,1,0,0,+0.00000,+0.00000,0.00000,0.00,+0.00000,+0.00000,0.00000,0.0000,0,0,0,1,+5.000,+0.000,+5.000,-0.05000,+0.841,+0.00000,0.00,+0.00000,0,+0.00000,+0.00000,0.00000,+59.116,0,188.9,0.0
15.994350,3,1,0.240159,0.240159,0.2400,+0.00016,1,0,0,+0.00000,+0.00000,0.00000,0.00,+0.00000,+0.00000,0.00000,0.0000,0,0,0,1,+5.000,+0.000,+5.000,-0.05000,+0.841,+0.00000,0.00,+0.00000,0,+0.00000,+0.00000,0.00000,+59.116,0,188.9,0.0
15.999000,3,1,0.240158,0.240158,0.2400,+0.00016,1,0,0,+0.00000,+0.00000,0.00000,0.00,+0.00000,+0.00000,0.00000,0.0000,0,0,0,1,+5.000,+0.000,+5.000,-0.05000,+0.843,+0.00000,0.00,+0.00000,0,+0.00000,+0.00000,0.00000,+59.218,0,188.9,0.0
16.003711,3,1,0.240158,0.240158,0.2400,+0.00016,1,0,0,+0.00000,+0.00000,0.00000,0.00,+0.00000,+0.00000,0.00000,0.0000,0,0,0,1,+5.000,+0.000,+5.000,-0.05000,+0.843,+0.00000,0.00,+0.00000,0,+0.00000,+0.00000,0.00000,+59.218,0,188.9,0.0
16.008072,3,1,0.240157,0.240157,0.2400,+0.00016,1,0,0,+0.00000,+0.00000,0.00000,0.00,+0.00000,+0.00000,0.00000,0.0000,0,0,0,1,+5.000,+0.000,+5.000,-0.05000,+0.847,+0.00000,0.00,+0.00000,0,+0.00000,+0.00000,0.00000,+59.361,0,188.9,0.0
16.012593,3,1,0.240157,0.240157,0.2400,+0.00016,1,0,0,+0.00000,+0.00000,0.00000,0.00,+0.00000,+0.00000,0.00000,0.0000,0,0,0,1,+5.000,+0.000,+5.000,-0.05000,+0.847,+0.00000,0.00,+0.00000,0,+0.00000,+0.00000,0.00000,+59.361,0,188.9,0.0
16.024419,3,1,0.240156,0.240156,0.2400,+0.00016,1,0,0,+0.00000,+0.00000,0.00000,0.00,+0.00000,+0.00000,0.00000,0.0000,0,0,0,1,+5.000,+0.000,+5.000,-0.05000,+0.847,+0.00000,0.00,+0.00000,0,+0.00000,+0.00000,0.00000,+59.361,0,188.9,0.0
16.030329,3,1,0.240155,0.240155,0.2400,+0.00015,1,0,0,+0.00000,+0.00000,0.00000,0.00,+0.00000,+0.00000,0.00000,0.0000,0,0,0,1,+5.000,+0.000,+5.000,-0.05000,+0.854,+0.00000,0.00,+0.00000,0,+0.00000,+0.00000,0.00000,+59.668,0,188.9,0.0
16.035116,3,1,0.240154,0.240154,0.2400,+0.00015,1,0,0,+0.00000,+0.00000,0.00000,0.00,+0.00000,+0.00000,0.00000,0.0000,0,0,0,1,+5.000,+0.000,+5.000,-0.05000,+0.858,+0.00000,0.00,+0.00000,0,+0.00000,+0.00000,0.00000,+59.801,0,188.9,0.0
16.039766,3,1,0.240154,0.240154,0.2400,+0.00015,1,0,0,+0.00000,+0.00000,0.00000,0.00,+0.00000,+0.00000,0.00000,0.0000,0,0,0,1,+5.000,+0.000,+5.000,-0.05000,+0.858,+0.00000,0.00,+0.00000,0,+0.00000,+0.00000,0.00000,+59.801,0,188.9,0.0
16.045404,3,1,0.240153,0.240153,0.2400,+0.00015,1,0,0,+0.00000,+0.00000,0.00000,0.00,+0.00000,+0.00000,0.00000,0.0000,0,0,0,1,+5.000,+0.000,+5.000,-0.05000,+0.861,+0.00000,0.00,+0.00000,0,+0.00000,+0.00000,0.00000,+59.917,0,188.9,0.0
16.050153,3,1,0.240153,0.240153,0.2400,+0.00015,1,0,0,+0.00000,+0.00000,0.00000,0.00,+0.00000,+0.00000,0.00000,0.0000,0,0,0,1,+5.000,+0.000,+5.000,-0.05000,+0.864,+0.00000,0.00,+0.00000,0,+0.00000,+0.00000,0.00000,+60.027,0,188.9,0.0
16.054582,3,1,0.240152,0.240152,0.2400,+0.00015,1,0,0,+0.00000,+0.00000,0.00000,0.00,+0.00000,+0.00000,0.00000,0.0000,0,0,0,1,+5.000,+0.000,+5.000,-0.05000,+0.864,+0.00000,0.00,+0.00000,0,+0.00000,+0.00000,0.00000,+60.027,0,188.9,0.0
16.059349,3,1,0.240152,0.240152,0.2400,+0.00015,1,0,0,+0.00000,+0.00000,0.00000,0.00,+0.00000,+0.00000,0.00000,0.0000,0,0,0,1,+5.000,+0.000,+5.000,-0.05000,+0.864,+0.00000,0.00,+0.00000,0,+0.00000,+0.00000,0.00000,+60.027,0,188.9,0.0
16.063982,3,1,0.240152,0.240152,0.2400,+0.00015,1,0,0,+0.00000,+0.00000,0.00000,0.00,+0.00000,+0.00000,0.00000,0.0000,0,0,0,1,+5.000,+0.000,+5.000,-0.05000,+0.867,+0.00000,0.00,+0.00000,0,+0.00000,+0.00000,0.00000,+60.166,0,188.9,0.0
16.068641,3,1,0.240151,0.240151,0.2400,+0.00015,1,0,0,+0.00000,+0.00000,0.00000,0.00,+0.00000,+0.00000,0.00000,0.0000,0,0,0,1,+5.000,+0.000,+5.000,-0.05000,+0.867,+0.00000,0.00,+0.00000,0,+0.00000,+0.00000,0.00000,+60.166,0,188.9,0.0
16.073987,3,1,0.240151,0.240151,0.2400,+0.00015,1,0,0,+0.00000,+0.00000,0.00000,0.00,+0.00000,+0.00000,0.00000,0.0000,0,0,0,1,+5.000,+0.000,+5.000,-0.05000,+0.871,+0.00000,0.00,+0.00000,0,+0.00000,+0.00000,0.00000,+60.316,0,188.9,0.0
16.078311,3,1,0.240150,0.240150,0.2400,+0.00015,1,0,0,+0.00000,+0.00000,0.00000,0.00,+0.00000,+0.00000,0.00000,0.0000,0,0,0,1,+5.000,+0.000,+5.000,-0.05000,+0.874,+0.00000,0.00,+0.00000,0,+0.00000,+0.00000,0.00000,+60.421,0,188.9,0.0
16.082845,3,1,0.240150,0.240150,0.2400,+0.00015,1,0,0,+0.00000,+0.00000,0.00000,0.00,+0.00000,+0.00000,0.00000,0.0000,0,0,0,1,+5.000,+0.000,+5.000,-0.05000,+0.874,+0.00000,0.00,+0.00000,0,+0.00000,+0.00000,0.00000,+60.421,0,188.9,0.0
16.087358,3,1,0.240149,0.240149,0.2400,+0.00015,1,0,0,+0.00000,+0.00000,0.00000,0.00,+0.00000,+0.00000,0.00000,0.0000,0,0,0,1,+5.000,+0.000,+5.000,-0.05000,+0.878,+0.00000,0.00,+0.00000,0,+0.00000,+0.00000,0.00000,+60.559,0,188.9,0.0
16.091928,3,1,0.240149,0.240149,0.2400,+0.00015,1,0,0,+0.00000,+0.00000,0.00000,0.00,+0.00000,+0.00000,0.00000,0.0000,0,0,0,1,+5.000,+0.000,+5.000,-0.05000,+0.878,+0.00000,0.00,+0.00000,0,+0.00000,+0.00000,0.00000,+60.559,0,188.9,0.0
16.100109,3,1,0.240148,0.240148,0.2400,+0.00015,1,0,0,+0.00000,+0.00000,0.00000,0.00,+0.00000,+0.00000,0.00000,0.0000,0,0,0,1,+5.000,+0.000,+5.000,-0.05000,+0.882,+0.00000,0.00,+0.00000,0,+0.00000,+0.00000,0.00000,+60.705,0,188.9,0.0
16.104768,3,1,0.240147,0.240147,0.2400,+0.00015,1,0,0,+0.00000,+0.00000,0.00000,0.00,+0.00000,+0.00000,0.00000,0.0000,0,0,0,1,+5.000,+0.000,+5.000,-0.05000,+0.885,+0.00000,0.00,+0.00000,0,+0.00000,+0.00000,0.00000,+60.821,0,188.9,0.0
16.109066,3,1,0.240147,0.240147,0.2400,+0.00015,1,0,0,+0.00000,+0.00000,0.00000,0.00,+0.00000,+0.00000,0.00000,0.0000,0,0,0,1,+5.000,+0.000,+5.000,-0.05000,+0.885,+0.00000,0.00,+0.00000,0,+0.00000,+0.00000,0.00000,+60.821,0,188.9,0.0
16.113796,3,1,0.240147,0.240147,0.2400,+0.00015,1,0,0,+0.00000,+0.00000,0.00000,0.00,+0.00000,+0.00000,0.00000,0.0000,0,0,0,1,+5.000,+0.000,+5.000,-0.05000,+0.888,+0.00000,0.00,+0.00000,0,+0.00000,+0.00000,0.00000,+60.938,0,188.9,0.0
16.118011,3,1,0.240146,0.240146,0.2400,+0.00015,1,0,0,+0.00000,+0.00000,0.00000,0.00,+0.00000,+0.00000,0.00000,0.0000,0,0,0,1,+5.000,+0.000,+5.000,-0.05000,+0.888,+0.00000,0.00,+0.00000,0,+0.00000,+0.00000,0.00000,+60.938,0,188.9,0.0
16.122524,3,1,0.240146,0.240146,0.2400,+0.00015,1,0,0,+0.00000,+0.00000,0.00000,0.00,+0.00000,+0.00000,0.00000,0.0000,0,0,0,1,+5.000,+0.000,+5.000,-0.05000,+0.892,+0.00000,0.00,+0.00000,0,+0.00000,+0.00000,0.00000,+61.064,0,188.9,0.0
16.127083,3,1,0.240145,0.240145,0.2400,+0.00015,1,0,0,+0.00000,+0.00000,0.00000,0.00,+0.00000,+0.00000,0.00000,0.0000,0,0,0,1,+5.000,+0.000,+5.000,-0.05000,+0.892,+0.00000,0.00,+0.00000,0,+0.00000,+0.00000,0.00000,+61.064,0,188.9,0.0
16.131497,3,1,0.240145,0.240145,0.2400,+0.00014,1,0,0,+0.00000,+0.00000,0.00000,0.00,+0.00000,+0.00000,0.00000,0.0000,0,0,0,1,+5.000,+0.000,+5.000,-0.05000,+0.896,+0.00000,0.00,+0.00000,0,+0.00000,+0.00000,0.00000,+61.201,0,188.9,0.0
16.136073,3,1,0.240144,0.240144,0.2400,+0.00014,1,0,0,+0.00000,+0.00000,0.00000,0.00,+0.00000,+0.00000,0.00000,0.0000,0,0,0,1,+5.000,+0.000,+5.000,-0.05000,+0.896,+0.00000,0.00,+0.00000,0,+0.00000,+0.00000,0.00000,+61.201,0,188.9,0.0
16.140373,3,1,0.240144,0.240144,0.2400,+0.00014,1,0,0,+0.00000,+0.00000,0.00000,0.00,+0.00000,+0.00000,0.00000,0.0000,0,0,0,1,+5.000,+0.000,+5.000,-0.05000,+0.899,+0.00000,0.00,+0.00000,0,+0.00000,+0.00000,0.00000,+61.322,0,188.9,0.0
16.145587,3,1,0.240144,0.240144,0.2400,+0.00014,1,0,0,+0.00000,+0.00000,0.00000,0.00,+0.00000,+0.00000,0.00000,0.0000,0,0,0,1,+5.000,+0.000,+5.000,-0.05000,+0.903,+0.00000,0.00,+0.00000,0,+0.00000,+0.00000,0.00000,+61.467,0,188.9,0.0
16.150182,3,1,0.240143,0.240143,0.2400,+0.00014,1,0,0,+0.00000,+0.00000,0.00000,0.00,+0.00000,+0.00000,0.00000,0.0000,0,0,0,1,+5.000,+0.000,+5.000,-0.05000,+0.903,+0.00000,0.00,+0.00000,0,+0.00000,+0.00000,0.00000,+61.467,0,188.9,0.0
16.154745,3,1,0.240143,0.240143,0.2400,+0.00014,1,0,0,+0.00000,+0.00000,0.00000,0.00,+0.00000,+0.00000,0.00000,0.0000,0,0,0,1,+5.000,+0.000,+5.000,-0.05000,+0.907,+0.00000,0.00,+0.00000,0,+0.00000,+0.00000,0.00000,+61.597,0,188.9,0.0
16.159441,3,1,0.240142,0.240142,0.2400,+0.00014,1,0,0,+0.00000,+0.00000,0.00000,0.00,+0.00000,+0.00000,0.00000,0.0000,0,0,0,1,+5.000,+0.000,+5.000,-0.05000,+0.907,+0.00000,0.00,+0.00000,0,+0.00000,+0.00000,0.00000,+61.597,0,188.9,0.0
16.163932,3,1,0.240142,0.240142,0.2400,+0.00014,1,0,0,+0.00000,+0.00000,0.00000,0.00,+0.00000,+0.00000,0.00000,0.0000,0,0,0,1,+5.000,+0.000,+5.000,-0.05000,+0.910,+0.00000,0.00,+0.00000,0,+0.00000,+0.00000,0.00000,+61.689,0,188.9,0.0
16.168265,3,1,0.240141,0.240141,0.2400,+0.00014,1,0,0,+0.00000,+0.00000,0.00000,0.00,+0.00000,+0.00000,0.00000,0.0000,0,0,0,1,+5.000,+0.000,+5.000,-0.05000,+0.910,+0.00000,0.00,+0.00000,0,+0.00000,+0.00000,0.00000,+61.689,0,188.9,0.0
16.172951,3,1,0.240141,0.240141,0.2400,+0.00014,1,0,0,+0.00000,+0.00000,0.00000,0.00,+0.00000,+0.00000,0.00000,0.0000,0,0,0,1,+5.000,+0.000,+5.000,-0.05000,+0.914,+0.00000,0.00,+0.00000,0,+0.00000,+0.00000,0.00000,+61.820,0,188.9,0.0
16.177823,3,1,0.240140,0.240140,0.2400,+0.00014,1,0,0,+0.00000,+0.00000,0.00000,0.00,+0.00000,+0.00000,0.00000,0.0000,0,0,0,1,+5.000,+0.000,+5.000,-0.05000,+0.917,+0.00000,0.00,+0.00000,0,+0.00000,+0.00000,0.00000,+61.952,0,188.9,0.0
16.182031,3,1,0.240140,0.240140,0.2400,+0.00014,1,0,0,+0.00000,+0.00000,0.00000,0.00,+0.00000,+0.00000,0.00000,0.0000,0,0,0,1,+5.000,+0.000,+5.000,-0.05000,+0.917,+0.00000,0.00,+0.00000,0,+0.00000,+0.00000,0.00000,+61.952,0,188.9,0.0
16.186284,3,1,0.240140,0.240140,0.2400,+0.00014,1,0,0,+0.00000,+0.00000,0.00000,0.00,+0.00000,+0.00000,0.00000,0.0000,0,0,0,1,+5.000,+0.000,+5.000,-0.05000,+0.921,+0.00000,0.00,+0.00000,0,+0.00000,+0.00000,0.00000,+62.073,0,188.9,0.0
16.191333,3,1,0.240139,0.240139,0.2400,+0.00014,1,0,0,+0.00000,+0.00000,0.00000,0.00,+0.00000,+0.00000,0.00000,0.0000,0,0,0,1,+5.000,+0.000,+5.000,-0.05000,+0.921,+0.00000,0.00,+0.00000,0,+0.00000,+0.00000,0.00000,+62.073,0,188.9,0.0
16.196177,3,1,0.240139,0.240139,0.2400,+0.00014,1,0,0,+0.00000,+0.00000,0.00000,0.00,+0.00000,+0.00000,0.00000,0.0000,0,0,0,1,+5.000,+0.000,+5.000,-0.05000,+0.925,+0.00000,0.00,+0.00000,0,+0.00000,+0.00000,0.00000,+62.214,0,188.9,0.0
16.200705,3,1,0.240138,0.240138,0.2400,+0.00014,1,0,0,+0.00000,+0.00000,0.00000,0.00,+0.00000,+0.00000,0.00000,0.0000,0,0,0,1,+5.000,+0.000,+5.000,-0.05000,+0.925,+0.00000,0.00,+0.00000,0,+0.00000,+0.00000,0.00000,+62.214,0,188.9,0.0
16.205205,3,1,0.240138,0.240138,0.2400,+0.00014,1,0,0,+0.00000,+0.00000,0.00000,0.00,+0.00000,+0.00000,0.00000,0.0000,0,0,0,1,+5.000,+0.000,+5.000,-0.05000,+0.929,+0.00000,0.00,+0.00000,0,+0.00000,+0.00000,0.00000,+62.335,0,188.9,0.0
16.209810,3,1,0.240138,0.240138,0.2400,+0.00014,1,0,0,+0.00000,+0.00000,0.00000,0.00,+0.00000,+0.00000,0.00000,0.0000,0,0,0,1,+5.000,+0.000,+5.000,-0.05000,+0.929,+0.00000,0.00,+0.00000,0,+0.00000,+0.00000,0.00000,+62.335,0,188.9,0.0
16.213998,3,1,0.240137,0.240137,0.2400,+0.00014,1,0,0,+0.00000,+0.00000,0.00000,0.00,+0.00000,+0.00000,0.00000,0.0000,0,0,0,1,+5.000,+0.000,+5.000,-0.05000,+0.933,+0.00000,0.00,+0.00000,0,+0.00000,+0.00000,0.00000,+62.468,0,188.9,0.0
16.219683,3,1,0.240137,0.240137,0.2400,+0.00014,1,0,0,+0.00000,+0.00000,0.00000,0.00,+0.00000,+0.00000,0.00000,0.0000,0,0,0,1,+5.000,+0.000,+5.000,-0.05000,+0.933,+0.00000,0.00,+0.00000,0,+0.00000,+0.00000,0.00000,+62.468,0,188.9,0.0
16.224061,3,1,0.240136,0.240136,0.2400,+0.00014,1,0,0,+0.00000,+0.00000,0.00000,0.00,+0.00000,+0.00000,0.00000,0.0000,0,0,0,1,+5.000,+0.000,+5.000,-0.05000,+0.938,+0.00000,0.00,+0.00000,0,+0.00000,+0.00000,0.00000,+62.620,0,188.9,0.0
16.228977,3,1,0.240136,0.240136,0.2400,+0.00014,1,0,0,+0.00000,+0.00000,0.00000,0.00,+0.00000,+0.00000,0.00000,0.0000,0,0,0,1,+5.000,+0.000,+5.000,-0.05000,+0.938,+0.00000,0.00,+0.00000,0,+0.00000,+0.00000,0.00000,+62.620,0,209.9,0.0
16.234188,3,1,0.240135,0.240135,0.2400,+0.00014,1,0,0,+0.00000,+0.00000,0.00000,0.00,+0.00000,+0.00000,0.00000,0.0000,0,0,0,1,+5.000,+0.000,+5.000,-0.05000,+0.942,+0.00000,0.00,+0.00000,0,+0.00000,+0.00000,0.00000,+62.754,0,209.9,0.0
16.239223,3,1,0.240135,0.240135,0.2400,+0.00013,1,0,0,+0.00000,+0.00000,0.00000,0.00,+0.00000,+0.00000,0.00000,0.0000,0,0,0,1,+5.000,+0.000,+5.000,-0.05000,+0.946,+0.00000,0.00,+0.00000,0,+0.00000,+0.00000,0.00000,+62.875,0,209.9,0.0
16.243459,3,1,0.240134,0.240134,0.2400,+0.00013,1,0,0,+0.00000,+0.00000,0.00000,0.00,+0.00000,+0.00000,0.00000,0.0000,0,0,0,1,+5.000,+0.000,+5.000,-0.05000,+0.946,+0.00000,0.00,+0.00000,0,+0.00000,+0.00000,0.00000,+62.875,0,209.9,0.0
16.248105,3,1,0.240134,0.240134,0.2400,+0.00013,1,0,0,+0.00000,+0.00000,0.00000,0.00,+0.00000,+0.00000,0.00000,0.0000,0,0,0,1,+5.000,+0.000,+5.000,-0.05000,+0.951,+0.00000,0.00,+0.00000,0,+0.00000,+0.00000,0.00000,+63.012,0,209.9,0.0
16.252494,3,1,0.240134,0.240134,0.2400,+0.00013,1,0,0,+0.00000,+0.00000,0.00000,0.00,+0.00000,+0.00000,0.00000,0.0000,0,0,0,1,+5.000,+0.000,+5.000,-0.05000,+0.951,+0.00000,0.00,+0.00000,0,+0.00000,+0.00000,0.00000,+63.012,0,209.9,0.0
16.256952,3,1,0.240133,0.240133,0.2400,+0.00013,1,0,0,+0.00000,+0.00000,0.00000,0.00,+0.00000,+0.00000,0.00000,0.0000,0,0,0,1,+5.000,+0.000,+5.000,-0.05000,+0.951,+0.00000,0.00,+0.00000,0,+0.00000,+0.00000,0.00000,+63.012,0,209.9,0.0
16.261998,3,1,0.240133,0.240133,0.2400,+0.00013,1,0,0,+0.00000,+0.00000,0.00000,0.00,+0.00000,+0.00000,0.00000,0.0000,0,0,0,1,+5.000,+0.000,+5.000,-0.05000,+0.956,+0.00000,0.00,+0.00000,0,+0.00000,+0.00000,0.00000,+63.168,0,209.9,0.0
16.266771,3,1,0.240132,0.240132,0.2400,+0.00013,1,0,0,+0.00000,+0.00000,0.00000,0.00,+0.00000,+0.00000,0.00000,0.0000,0,0,0,1,+5.000,+0.000,+5.000,-0.05000,+0.956,+0.00000,0.00,+0.00000,0,+0.00000,+0.00000,0.00000,+63.168,0,209.9,0.0
16.271087,3,1,0.240132,0.240132,0.2400,+0.00013,1,0,0,+0.00000,+0.00000,0.00000,0.00,+0.00000,+0.00000,0.00000,0.0000,0,0,0,1,+5.000,+0.000,+5.000,-0.05000,+0.960,+0.00000,0.00,+0.00000,0,+0.00000,+0.00000,0.00000,+63.309,0,209.9,0.0
16.275710,3,1,0.240132,0.240132,0.2400,+0.00013,1,0,0,+0.00000,+0.00000,0.00000,0.00,+0.00000,+0.00000,0.00000,0.0000,0,0,0,1,+5.000,+0.000,+5.000,-0.05000,+0.964,+0.00000,0.00,+0.00000,0,+0.00000,+0.00000,0.00000,+63.424,0,209.9,0.0
16.280355,3,1,0.240131,0.240131,0.2400,+0.00013,1,0,0,+0.00000,+0.00000,0.00000,0.00,+0.00000,+0.00000,0.00000,0.0000,0,0,0,1,+5.000,+0.000,+5.000,-0.05000,+0.964,+0.00000,0.00,+0.00000,0,+0.00000,+0.00000,0.00000,+63.424,0,209.9,0.0
16.285071,3,1,0.240131,0.240131,0.2400,+0.00013,1,0,0,+0.00000,+0.00000,0.00000,0.00,+0.00000,+0.00000,0.00000,0.0000,0,0,0,1,+5.000,+0.000,+5.000,-0.05000,+0.969,+0.00000,0.00,+0.00000,0,+0.00000,+0.00000,0.00000,+63.554,0,209.9,0.0
16.289406,3,1,0.240130,0.240130,0.2400,+0.00013,1,0,0,+0.00000,+0.00000,0.00000,0.00,+0.00000,+0.00000,0.00000,0.0000,0,0,0,1,+5.000,+0.000,+5.000,-0.05000,+0.969,+0.00000,0.00,+0.00000,0,+0.00000,+0.00000,0.00000,+63.554,0,209.9,0.0
16.293998,3,1,0.240130,0.240130,0.2400,+0.00013,1,0,0,+0.00000,+0.00000,0.00000,0.00,+0.00000,+0.00000,0.00000,0.0000,0,0,0,1,+5.000,+0.000,+5.000,-0.05000,+0.974,+0.00000,0.00,+0.00000,0,+0.00000,+0.00000,0.00000,+63.706,0,209.9,0.0
16.298750,3,1,0.240130,0.240130,0.2400,+0.00013,1,0,0,+0.00000,+0.00000,0.00000,0.00,+0.00000,+0.00000,0.00000,0.0000,0,0,0,1,+5.000,+0.000,+5.000,-0.05000,+0.974,+0.00000,0.00,+0.00000,0,+0.00000,+0.00000,0.00000,+63.706,0,209.9,0.0
16.303547,3,1,0.240129,0.240129,0.2400,+0.00013,1,0,0,+0.00000,+0.00000,0.00000,0.00,+0.00000,+0.00000,0.00000,0.0000,0,0,0,1,+5.000,+0.000,+5.000,-0.05000,+0.977,+0.00000,0.00,+0.00000,0,+0.00000,+0.00000,0.00000,+63.806,0,209.9,0.0
16.308244,3,1,0.240129,0.240129,0.2400,+0.00013,1,0,0,+0.00000,+0.00000,0.00000,0.00,+0.00000,+0.00000,0.00000,0.0000,0,0,0,1,+5.000,+0.000,+5.000,-0.05000,+0.977,+0.00000,0.00,+0.00000,0,+0.00000,+0.00000,0.00000,+63.806,0,209.9,0.0
16.312947,3,1,0.240128,0.240128,0.2400,+0.00013,1,0,0,+0.00000,+0.00000,0.00000,0.00,+0.00000,+0.00000,0.00000,0.0000,0,0,0,1,+5.000,+0.000,+5.000,-0.05000,+0.982,+0.00000,0.00,+0.00000,0,+0.00000,+0.00000,0.00000,+63.942,0,209.9,0.0
16.324907,3,1,0.240127,0.240127,0.2400,+0.00013,1,0,0,+0.00000,+0.00000,0.00000,0.00,+0.00000,+0.00000,0.00000,0.0000,0,0,0,1,+5.000,+0.000,+5.000,-0.05000,+0.982,+0.00000,0.00,+0.00000,0,+0.00000,+0.00000,0.00000,+63.942,0,209.9,0.0
16.330049,3,1,0.240127,0.240127,0.2400,+0.00013,1,0,0,+0.00000,+0.00000,0.00000,0.00,+0.00000,+0.00000,0.00000,0.0000,0,0,0,1,+5.000,+0.000,+5.000,-0.05000,+0.993,+0.00000,0.00,+0.00000,0,+0.00000,+0.00000,0.00000,+64.238,0,209.9,0.0
16.337885,3,1,0.240126,0.240126,0.2400,+0.00013,1,0,0,+0.00000,+0.00000,0.00000,0.00,+0.00000,+0.00000,0.00000,0.0000,0,0,0,1,+5.000,+0.000,+5.000,-0.05000,+0.993,+0.00000,0.00,+0.00000,0,+0.00000,+0.00000,0.00000,+64.238,0,209.9,0.0
16.347671,3,1,0.240125,0.240125,0.2400,+0.00013,1,0,0,+0.00000,+0.00000,0.00000,0.00,+0.00000,+0.00000,0.00000,0.0000,0,0,0,1,+5.000,+0.000,+5.000,-0.05000,+1.001,+0.00000,0.00,+0.00000,0,+0.00000,+0.00000,0.00000,+64.478,0,209.9,0.0
16.353640,3,1,0.240125,0.240125,0.2400,+0.00012,1,0,0,+0.00000,+0.00000,0.00000,0.00,+0.00000,+0.00000,0.00000,0.0000,0,0,0,1,+5.000,+0.000,+5.000,-0.05000,+1.001,+0.00000,0.00,+0.00000,0,+0.00000,+0.00000,0.00000,+64.478,0,209.9,0.0
16.358549,3,1,0.240125,0.240125,0.2400,+0.00012,1,0,0,+0.00000,+0.00000,0.00000,0.00,+0.00000,+0.00000,0.00000,0.0000,0,0,0,1,+5.000,+0.000,+5.000,-0.05000,+1.007,+0.00000,0.00,+0.00000,0,+0.00000,+0.00000,0.00000,+64.629,0,209.9,0.0
16.363178,3,1,0.240124,0.240124,0.2400,+0.00012,1,0,0,+0.00000,+0.00000,0.00000,0.00,+0.00000,+0.00000,0.00000,0.0000,0,0,0,1,+5.000,+0.000,+5.000,-0.05000,+1.011,+0.00000,0.00,+0.00000,0,+0.00000,+0.00000,0.00000,+64.748,0,209.9,0.0
16.367830,3,1,0.240124,0.240124,0.2400,+0.00012,1,0,0,+0.00000,+0.00000,0.00000,0.00,+0.00000,+0.00000,0.00000,0.0000,0,0,0,1,+5.000,+0.000,+5.000,-0.05000,+1.011,+0.00000,0.00,+0.00000,0,+0.00000,+0.00000,0.00000,+64.748,0,209.9,0.0
16.372656,3,1,0.240123,0.240123,0.2400,+0.00012,1,0,0,+0.00000,+0.00000,0.00000,0.00,+0.00000,+0.00000,0.00000,0.0000,0,0,0,1,+5.000,+0.000,+5.000,-0.05000,+1.016,+0.00000,0.00,+0.00000,0,+0.00000,+0.00000,0.00000,+64.867,0,209.9,0.0
16.377325,3,1,0.240123,0.240123,0.2400,+0.00012,1,0,0,+0.00000,+0.00000,0.00000,0.00,+0.00000,+0.00000,0.00000,0.0000,0,0,0,1,+5.000,+0.000,+5.000,-0.05000,+1.016,+0.00000,0.00,+0.00000,0,+0.00000,+0.00000,0.00000,+64.867,0,209.9,0.0
16.381587,3,1,0.240123,0.240123,0.2400,+0.00012,1,0,0,+0.00000,+0.00000,0.00000,0.00,+0.00000,+0.00000,0.00000,0.0000,0,0,0,1,+5.000,+0.000,+5.000,-0.05000,+1.021,+0.00000,0.00,+0.00000,0,+0.00000,+0.00000,0.00000,+64.996,0,209.9,0.0
16.386356,3,1,0.240122,0.240122,0.2400,+0.00012,1,0,0,+0.00000,+0.00000,0.00000,0.00,+0.00000,+0.00000,0.00000,0.0000,0,0,0,1,+5.000,+0.000,+5.000,-0.05000,+1.021,+0.00000,0.00,+0.00000,0,+0.00000,+0.00000,0.00000,+64.996,0,209.9,0.0
16.390882,3,1,0.240122,0.240122,0.2400,+0.00012,1,0,0,+0.00000,+0.00000,0.00000,0.00,+0.00000,+0.00000,0.00000,0.0000,0,0,0,1,+5.000,+0.000,+5.000,-0.05000,+1.027,+0.00000,0.00,+0.00000,0,+0.00000,+0.00000,0.00000,+65.166,0,209.9,0.0
16.395453,3,1,0.240121,0.240121,0.2400,+0.00012,1,0,0,+0.00000,+0.00000,0.00000,0.00,+0.00000,+0.00000,0.00000,0.0000,0,0,0,1,+5.000,+0.000,+5.000,-0.05000,+1.027,+0.00000,0.00,+0.00000,0,+0.00000,+0.00000,0.00000,+65.166,0,209.9,0.0
16.399656,3,1,0.240121,0.240121,0.2400,+0.00012,1,0,0,+0.00000,+0.00000,0.00000,0.00,+0.00000,+0.00000,0.00000,0.0000,0,0,0,1,+5.000,+0.000,+5.000,-0.05000,+1.027,+0.00000,0.00,+0.00000,0,+0.00000,+0.00000,0.00000,+65.166,0,209.9,0.0
16.404047,3,1,0.240121,0.240121,0.2400,+0.00012,1,0,0,+0.00000,+0.00000,0.00000,0.00,+0.00000,+0.00000,0.00000,0.0000,0,0,0,1,+5.000,+0.000,+5.000,-0.05000,+1.033,+0.00000,0.00,+0.00000,0,+0.00000,+0.00000,0.00000,+65.314,0,209.9,0.0
16.408693,3,1,0.240120,0.240120,0.2400,+0.00012,1,0,0,+0.00000,+0.00000,0.00000,0.00,+0.00000,+0.00000,0.00000,0.0000,0,0,0,1,+5.000,+0.000,+5.000,-0.05000,+1.033,+0.00000,0.00,+0.00000,0,+0.00000,+0.00000,0.00000,+65.314,0,209.9,0.0
16.413389,3,1,0.240120,0.240120,0.2400,+0.00012,1,0,0,+0.00000,+0.00000,0.00000,0.00,+0.00000,+0.00000,0.00000,0.0000,0,0,0,1,+5.000,+0.000,+5.000,-0.05000,+1.039,+0.00000,0.00,+0.00000,0,+0.00000,+0.00000,0.00000,+65.458,0,209.9,0.0
16.418048,3,1,0.240120,0.240120,0.2400,+0.00012,1,0,0,+0.00000,+0.00000,0.00000,0.00,+0.00000,+0.00000,0.00000,0.0000,0,0,0,1,+5.000,+0.000,+5.000,-0.05000,+1.039,+0.00000,0.00,+0.00000,0,+0.00000,+0.00000,0.00000,+65.458,0,209.9,0.0
16.422584,3,1,0.240119,0.240119,0.2400,+0.00012,1,0,0,+0.00000,+0.00000,0.00000,0.00,+0.00000,+0.00000,0.00000,0.0000,0,0,0,1,+5.000,+0.000,+5.000,-0.05000,+1.044,+0.00000,0.00,+0.00000,0,+0.00000,+0.00000,0.00000,+65.599,0,209.9,0.0
16.427183,3,1,0.240119,0.240119,0.2400,+0.00012,1,0,0,+0.00000,+0.00000,0.00000,0.00,+0.00000,+0.00000,0.00000,0.0000,0,0,0,1,+5.000,+0.000,+5.000,-0.05000,+1.044,+0.00000,0.00,+0.00000,0,+0.00000,+0.00000,0.00000,+65.599,0,209.9,0.0
16.431767,3,1,0.240119,0.240119,0.2400,+0.00012,1,0,0,+0.00000,+0.00000,0.00000,0.00,+0.00000,+0.00000,0.00000,0.0000,0,0,0,1,+5.000,+0.000,+5.000,-0.05000,+1.049,+0.00000,0.00,+0.00000,0,+0.00000,+0.00000,0.00000,+65.729,0,209.9,0.0
16.436138,3,1,0.240118,0.240118,0.2400,+0.00012,1,0,0,+0.00000,+0.00000,0.00000,0.00,+0.00000,+0.00000,0.00000,0.0000,0,0,0,1,+5.000,+0.000,+5.000,-0.05000,+1.054,+0.00000,0.00,+0.00000,0,+0.00000,+0.00000,0.00000,+65.845,0,209.9,0.0
16.440737,3,1,0.240118,0.240118,0.2400,+0.00012,1,0,0,+0.00000,+0.00000,0.00000,0.00,+0.00000,+0.00000,0.00000,0.0000,0,0,0,1,+5.000,+0.000,+5.000,-0.05000,+1.054,+0.00000,0.00,+0.00000,0,+0.00000,+0.00000,0.00000,+65.845,0,209.9,0.0
16.445645,3,1,0.240118,0.240118,0.2400,+0.00012,1,0,0,+0.00000,+0.00000,0.00000,0.00,+0.00000,+0.00000,0.00000,0.0000,0,0,0,1,+5.000,+0.000,+5.000,-0.05000,+1.059,+0.00000,0.00,+0.00000,0,+0.00000,+0.00000,0.00000,+65.965,0,209.9,0.0
16.450300,3,1,0.240117,0.240117,0.2400,+0.00012,1,0,0,+0.00000,+0.00000,0.00000,0.00,+0.00000,+0.00000,0.00000,0.0000,0,0,0,1,+5.000,+0.000,+5.000,-0.05000,+1.059,+0.00000,0.00,+0.00000,0,+0.00000,+0.00000,0.00000,+65.965,0,209.9,0.0
16.455632,3,1,0.240117,0.240117,0.2400,+0.00012,1,0,0,+0.00000,+0.00000,0.00000,0.00,+0.00000,+0.00000,0.00000,0.0000,0,0,0,1,+5.000,+0.000,+5.000,-0.05000,+1.065,+0.00000,0.00,+0.00000,0,+0.00000,+0.00000,0.00000,+66.111,0,209.9,0.0
16.460364,3,1,0.240116,0.240116,0.2400,+0.00012,1,0,0,+0.00000,+0.00000,0.00000,0.00,+0.00000,+0.00000,0.00000,0.0000,0,0,0,1,+5.000,+0.000,+5.000,-0.05000,+1.065,+0.00000,0.00,+0.00000,0,+0.00000,+0.00000,0.00000,+66.111,0,209.9,0.0
16.465357,3,1,0.240116,0.240116,0.2400,+0.00012,1,0,0,+0.00000,+0.00000,0.00000,0.00,+0.00000,+0.00000,0.00000,0.0000,0,0,0,1,+5.000,+0.000,+5.000,-0.05000,+1.071,+0.00000,0.00,+0.00000,0,+0.00000,+0.00000,0.00000,+66.241,0,209.9,0.0
16.469977,3,1,0.240116,0.240116,0.2400,+0.00012,1,0,0,+0.00000,+0.00000,0.00000,0.00,+0.00000,+0.00000,0.00000,0.0000,0,0,0,1,+5.000,+0.000,+5.000,-0.05000,+1.071,+0.00000,0.00,+0.00000,0,+0.00000,+0.00000,0.00000,+66.241,0,209.9,0.0
16.474620,3,1,0.240115,0.240115,0.2400,+0.00012,1,0,0,+0.00000,+0.00000,0.00000,0.00,+0.00000,+0.00000,0.00000,0.0000,0,0,0,1,+5.000,+0.000,+5.000,-0.05000,+1.076,+0.00000,0.00,+0.00000,0,+0.00000,+0.00000,0.00000,+66.373,0,209.9,0.0
16.479212,3,1,0.240115,0.240115,0.2400,+0.00011,1,0,0,+0.00000,+0.00000,0.00000,0.00,+0.00000,+0.00000,0.00000,0.0000,0,0,0,1,+5.000,+0.000,+5.000,-0.05000,+1.082,+0.00000,0.00,+0.00000,0,+0.00000,+0.00000,0.00000,+66.499,0,209.9,0.0
16.484046,3,1,0.240115,0.240115,0.2400,+0.00011,1,0,0,+0.00000,+0.00000,0.00000,0.00,+0.00000,+0.00000,0.00000,0.0000,0,0,0,1,+5.000,+0.000,+5.000,-0.05000,+1.082,+0.00000,0.00,+0.00000,0,+0.00000,+0.00000,0.00000,+66.499,0,209.9,0.0
16.488705,3,1,0.240114,0.240114,0.2400,+0.00011,1,0,0,+0.00000,+0.00000,0.00000,0.00,+0.00000,+0.00000,0.00000,0.0000,0,0,0,1,+5.000,+0.000,+5.000,-0.05000,+1.087,+0.00000,0.00,+0.00000,0,+0.00000,+0.00000,0.00000,+66.630,0,209.9,0.0
16.493295,3,1,0.240114,0.240114,0.2400,+0.00011,1,0,0,+0.00000,+0.00000,0.00000,0.00,+0.00000,+0.00000,0.00000,0.0000,0,0,0,1,+5.000,+0.000,+5.000,-0.05000,+1.087,+0.00000,0.00,+0.00000,0,+0.00000,+0.00000,0.00000,+66.630,0,209.9,0.0
16.497818,3,1,0.240113,0.240113,0.2400,+0.00011,1,0,0,+0.00000,+0.00000,0.00000,0.00,+0.00000,+0.00000,0.00000,0.0000,0,0,0,1,+5.000,+0.000,+5.000,-0.05000,+1.093,+0.00000,0.00,+0.00000,0,+0.00000,+0.00000,0.00000,+66.750,0,209.9,0.0
16.502272,3,1,0.240113,0.240113,0.2400,+0.00011,1,0,0,+0.00000,+0.00000,0.00000,0.00,+0.00000,+0.00000,0.00000,0.0000,0,0,0,1,+5.000,+0.000,+5.000,-0.05000,+1.093,+0.00000,0.00,+0.00000,0,+0.00000,+0.00000,0.00000,+66.750,0,209.9,0.0
16.506965,3,1,0.240113,0.240113,0.2400,+0.00011,1,0,0,+0.00000,+0.00000,0.00000,0.00,+0.00000,+0.00000,0.00000,0.0000,0,0,0,1,+5.000,+0.000,+5.000,-0.05000,+1.098,+0.00000,0.00,+0.00000,0,+0.00000,+0.00000,0.00000,+66.879,0,209.9,0.0
16.511510,3,1,0.240112,0.240112,0.2400,+0.00011,1,0,0,+0.00000,+0.00000,0.00000,0.00,+0.00000,+0.00000,0.00000,0.0000,0,0,0,1,+5.000,+0.000,+5.000,-0.05000,+1.098,+0.00000,0.00,+0.00000,0,+0.00000,+0.00000,0.00000,+66.879,0,209.9,0.0
16.515697,3,1,0.240112,0.240112,0.2400,+0.00011,1,0,0,+0.00000,+0.00000,0.00000,0.00,+0.00000,+0.00000,0.00000,0.0000,0,0,0,1,+5.000,+0.000,+5.000,-0.05000,+1.104,+0.00000,0.00,+0.00000,0,+0.00000,+0.00000,0.00000,+66.995,0,209.9,0.0
16.522492,3,1,0.240112,0.240112,0.2400,+0.00011,1,0,0,+0.00000,+0.00000,0.00000,0.00,+0.00000,+0.00000,0.00000,0.0000,0,0,0,1,+5.000,+0.000,+5.000,-0.05000,+1.104,+0.00000,0.00,+0.00000,0,+0.00000,+0.00000,0.00000,+66.995,0,209.9,0.0
16.527029,3,1,0.240111,0.240111,0.2400,+0.00011,1,0,0,+0.00000,+0.00000,0.00000,0.00,+0.00000,+0.00000,0.00000,0.0000,0,0,0,1,+5.000,+0.000,+5.000,-0.05000,+1.112,+0.00000,0.00,+0.00000,0,+0.00000,+0.00000,0.00000,+67.166,0,209.9,0.0
16.531573,3,1,0.240111,0.240111,0.2400,+0.00011,1,0,0,+0.00000,+0.00000,0.00000,0.00,+0.00000,+0.00000,0.00000,0.0000,0,0,0,1,+5.000,+0.000,+5.000,-0.05000,+1.116,+0.00000,0.00,+0.00000,0,+0.00000,+0.00000,0.00000,+67.259,0,209.9,0.0
16.535809,3,1,0.240111,0.240111,0.2400,+0.00011,1,0,0,+0.00000,+0.00000,0.00000,0.00,+0.00000,+0.00000,0.00000,0.0000,0,0,0,1,+5.000,+0.000,+5.000,-0.05000,+1.116,+0.00000,0.00,+0.00000,0,+0.00000,+0.00000,0.00000,+67.259,0,209.9,0.0
16.540342,3,1,0.240110,0.240110,0.2400,+0.00011,1,0,0,+0.00000,+0.00000,0.00000,0.00,+0.00000,+0.00000,0.00000,0.0000,0,0,0,1,+5.000,+0.000,+5.000,-0.05000,+1.122,+0.00000,0.00,+0.00000,0,+0.00000,+0.00000,0.00000,+67.397,0,209.9,0.0
16.545146,3,1,0.240110,0.240110,0.2400,+0.00011,1,0,0,+0.00000,+0.00000,0.00000,0.00,+0.00000,+0.00000,0.00000,0.0000,0,0,0,1,+5.000,+0.000,+5.000,-0.05000,+1.122,+0.00000,0.00,+0.00000,0,+0.00000,+0.00000,0.00000,+67.397,0,209.9,0.0
16.550242,3,1,0.240110,0.240110,0.2400,+0.00011,1,0,0,+0.00000,+0.00000,0.00000,0.00,+0.00000,+0.00000,0.00000,0.0000,0,0,0,1,+5.000,+0.000,+5.000,-0.05000,+1.128,+0.00000,0.00,+0.00000,0,+0.00000,+0.00000,0.00000,+67.516,0,209.9,0.0
16.554789,3,1,0.240109,0.240109,0.2400,+0.00011,1,0,0,+0.00000,+0.00000,0.00000,0.00,+0.00000,+0.00000,0.00000,0.0000,0,0,0,1,+5.000,+0.000,+5.000,-0.05000,+1.128,+0.00000,0.00,+0.00000,0,+0.00000,+0.00000,0.00000,+67.516,0,209.9,0.0
16.559488,3,1,0.240109,0.240109,0.2400,+0.00011,1,0,0,+0.00000,+0.00000,0.00000,0.00,+0.00000,+0.00000,0.00000,0.0000,0,0,0,1,+5.000,+0.000,+5.000,-0.05000,+1.134,+0.00000,0.00,+0.00000,0,+0.00000,+0.00000,0.00000,+67.651,0,209.9,0.0
16.564072,3,1,0.240109,0.240109,0.2400,+0.00011,1,0,0,+0.00000,+0.00000,0.00000,0.00,+0.00000,+0.00000,0.00000,0.0000,0,0,0,1,+5.000,+0.000,+5.000,-0.05000,+1.134,+0.00000,0.00,+0.00000,0,+0.00000,+0.00000,0.00000,+67.651,0,209.9,0.0
16.568617,3,1,0.240108,0.240108,0.2400,+0.00011,1,0,0,+0.00000,+0.00000,0.00000,0.00,+0.00000,+0.00000,0.00000,0.0000,0,0,0,1,+5.000,+0.000,+5.000,-0.05000,+1.141,+0.00000,0.00,+0.00000,0,+0.00000,+0.00000,0.00000,+67.795,0,209.9,0.0
16.573232,3,1,0.240108,0.240108,0.2400,+0.00011,1,0,0,+0.00000,+0.00000,0.00000,0.00,+0.00000,+0.00000,0.00000,0.0000,0,0,0,1,+5.000,+0.000,+5.000,-0.05000,+1.147,+0.00000,0.00,+0.00000,0,+0.00000,+0.00000,0.00000,+67.911,0,209.9,0.0
16.577951,3,1,0.240108,0.240108,0.2400,+0.00011,1,0,0,+0.00000,+0.00000,0.00000,0.00,+0.00000,+0.00000,0.00000,0.0000,0,0,0,1,+5.000,+0.000,+5.000,-0.05000,+1.147,+0.00000,0.00,+0.00000,0,+0.00000,+0.00000,0.00000,+67.911,0,209.9,0.0
16.584085,3,1,0.240107,0.240107,0.2400,+0.00011,1,0,0,+0.00000,+0.00000,0.00000,0.00,+0.00000,+0.00000,0.00000,0.0000,0,0,0,1,+5.000,+0.000,+5.000,-0.05000,+1.155,+0.00000,0.00,+0.00000,0,+0.00000,+0.00000,0.00000,+68.081,0,209.9,0.0
16.589072,3,1,0.240107,0.240107,0.2400,+0.00011,1,0,0,+0.00000,+0.00000,0.00000,0.00,+0.00000,+0.00000,0.00000,0.0000,0,0,0,1,+5.000,+0.000,+5.000,-0.05000,+1.155,+0.00000,0.00,+0.00000,0,+0.00000,+0.00000,0.00000,+68.081,0,209.9,0.0
16.594135,3,1,0.240106,0.240106,0.2400,+0.00011,1,0,0,+0.00000,+0.00000,0.00000,0.00,+0.00000,+0.00000,0.00000,0.0000,0,0,0,1,+5.000,+0.000,+5.000,-0.05000,+1.160,+0.00000,0.00,+0.00000,0,+0.00000,+0.00000,0.00000,+68.166,0,209.9,0.0
16.598646,3,1,0.240106,0.240106,0.2400,+0.00011,1,0,0,+0.00000,+0.00000,0.00000,0.00,+0.00000,+0.00000,0.00000,0.0000,0,0,0,1,+5.000,+0.000,+5.000,-0.05000,+1.160,+0.00000,0.00,+0.00000,0,+0.00000,+0.00000,0.00000,+68.166,0,209.9,0.0
16.603760,3,1,0.240106,0.240106,0.2400,+0.00011,1,0,0,+0.00000,+0.00000,0.00000,0.00,+0.00000,+0.00000,0.00000,0.0000,0,0,0,1,+5.000,+0.000,+5.000,-0.05000,+1.167,+0.00000,0.00,+0.00000,0,+0.00000,+0.00000,0.00000,+68.309,0,209.9,0.0
16.608390,3,1,0.240105,0.240105,0.2400,+0.00011,1,0,0,+0.00000,+0.00000,0.00000,0.00,+0.00000,+0.00000,0.00000,0.0000,0,0,0,1,+5.000,+0.000,+5.000,-0.05000,+1.174,+0.00000,0.00,+0.00000,0,+0.00000,+0.00000,0.00000,+68.447,0,209.9,0.0
16.612874,3,1,0.240105,0.240105,0.2400,+0.00011,1,0,0,+0.00000,+0.00000,0.00000,0.00,+0.00000,+0.00000,0.00000,0.0000,0,0,0,1,+5.000,+0.000,+5.000,-0.05000,+1.174,+0.00000,0.00,+0.00000,0,+0.00000,+0.00000,0.00000,+68.447,0,209.9,0.0
16.617397,3,1,0.240105,0.240105,0.2400,+0.00010,1,0,0,+0.00000,+0.00000,0.00000,0.00,+0.00000,+0.00000,0.00000,0.0000,0,0,0,1,+5.000,+0.000,+5.000,-0.05000,+1.181,+0.00000,0.00,+0.00000,0,+0.00000,+0.00000,0.00000,+68.570,0,209.9,0.0
16.621968,3,1,0.240104,0.240104,0.2400,+0.00010,1,0,0,+0.00000,+0.00000,0.00000,0.00,+0.00000,+0.00000,0.00000,0.0000,0,0,0,1,+5.000,+0.000,+5.000,-0.05000,+1.181,+0.00000,0.00,+0.00000,0,+0.00000,+0.00000,0.00000,+68.570,0,209.9,0.0
16.626499,3,1,0.240104,0.240104,0.2400,+0.00010,1,0,0,+0.00000,+0.00000,0.00000,0.00,+0.00000,+0.00000,0.00000,0.0000,0,0,0,1,+5.000,+0.000,+5.000,-0.05000,+1.188,+0.00000,0.00,+0.00000,0,+0.00000,+0.00000,0.00000,+68.705,0,209.9,0.0
16.633534,3,1,0.240104,0.240104,0.2400,+0.00010,1,0,0,+0.00000,+0.00000,0.00000,0.00,+0.00000,+0.00000,0.00000,0.0000,0,0,0,1,+5.000,+0.000,+5.000,-0.05000,+1.188,+0.00000,0.00,+0.00000,0,+0.00000,+0.00000,0.00000,+68.705,0,209.9,0.0
16.638126,3,1,0.240103,0.240103,0.2400,+0.00010,1,0,0,+0.00000,+0.00000,0.00000,0.00,+0.00000,+0.00000,0.00000,0.0000,0,0,0,1,+5.000,+0.000,+5.000,-0.05000,+1.195,+0.00000,0.00,+0.00000,0,+0.00000,+0.00000,0.00000,+68.835,0,209.9,0.0
16.642659,3,1,0.240103,0.240103,0.2400,+0.00010,1,0,0,+0.00000,+0.00000,0.00000,0.00,+0.00000,+0.00000,0.00000,0.0000,0,0,0,1,+5.000,+0.000,+5.000,-0.05000,+1.201,+0.00000,0.00,+0.00000,0,+0.00000,+0.00000,0.00000,+68.953,0,209.9,0.0
16.647495,3,1,0.240103,0.240103,0.2400,+0.00010,1,0,0,+0.00000,+0.00000,0.00000,0.00,+0.00000,+0.00000,0.00000,0.0000,0,0,0,1,+5.000,+0.000,+5.000,-0.05000,+1.201,+0.00000,0.00,+0.00000,0,+0.00000,+0.00000,0.00000,+68.953,0,209.9,0.0
16.652084,3,1,0.240102,0.240102,0.2400,+0.00010,1,0,0,+0.00000,+0.00000,0.00000,0.00,+0.00000,+0.00000,0.00000,0.0000,0,0,0,1,+5.000,+0.000,+5.000,-0.05000,+1.207,+0.00000,0.00,+0.00000,0,+0.00000,+0.00000,0.00000,+69.068,0,209.9,0.0
16.657880,3,1,0.240102,0.240102,0.2400,+0.00010,1,0,0,+0.00000,+0.00000,0.00000,0.00,+0.00000,+0.00000,0.00000,0.0000,0,0,0,1,+5.000,+0.000,+5.000,-0.05000,+1.207,+0.00000,0.00,+0.00000,0,+0.00000,+0.00000,0.00000,+69.068,0,209.9,0.0
16.662553,3,1,0.240102,0.240102,0.2400,+0.00010,1,0,0,+0.00000,+0.00000,0.00000,0.00,+0.00000,+0.00000,0.00000,0.0000,0,0,0,1,+5.000,+0.000,+5.000,-0.05000,+1.215,+0.00000,0.00,+0.00000,0,+0.00000,+0.00000,0.00000,+69.206,0,209.9,0.0
16.666809,3,1,0.240101,0.240101,0.2400,+0.00010,1,0,0,+0.00000,+0.00000,0.00000,0.00,+0.00000,+0.00000,0.00000,0.0000,0,0,0,1,+5.000,+0.000,+5.000,-0.05000,+1.215,+0.00000,0.00,+0.00000,0,+0.00000,+0.00000,0.00000,+69.206,0,209.9,0.0
16.671279,3,1,0.240101,0.240101,0.2400,+0.00010,1,0,0,+0.00000,+0.00000,0.00000,0.00,+0.00000,+0.00000,0.00000,0.0000,0,0,0,1,+5.000,+0.000,+5.000,-0.05000,+1.223,+0.00000,0.00,+0.00000,0,+0.00000,+0.00000,0.00000,+69.344,0,209.9,0.0
16.676012,3,1,0.240101,0.240101,0.2400,+0.00010,1,0,0,+0.00000,+0.00000,0.00000,0.00,+0.00000,+0.00000,0.00000,0.0000,0,0,0,1,+5.000,+0.000,+5.000,-0.05000,+1.223,+0.00000,0.00,+0.00000,0,+0.00000,+0.00000,0.00000,+69.344,0,209.9,0.0
16.680523,3,1,0.240100,0.240100,0.2400,+0.00010,1,0,0,+0.00000,+0.00000,0.00000,0.00,+0.00000,+0.00000,0.00000,0.0000,0,0,0,1,+5.000,+0.000,+5.000,-0.05000,+1.231,+0.00000,0.00,+0.00000,0,+0.00000,+0.00000,0.00000,+69.483,0,209.9,0.0
16.685144,3,1,0.240100,0.240100,0.2400,+0.00010,1,0,0,+0.00000,+0.00000,0.00000,0.00,+0.00000,+0.00000,0.00000,0.0000,0,0,0,1,+5.000,+0.000,+5.000,-0.05000,+1.231,+0.00000,0.00,+0.00000,0,+0.00000,+0.00000,0.00000,+69.483,0,209.9,0.0
16.689631,3,1,0.240100,0.240100,0.2400,+0.00010,1,0,0,+0.00000,+0.00000,0.00000,0.00,+0.00000,+0.00000,0.00000,0.0000,0,0,0,1,+5.000,+0.000,+5.000,-0.05000,+1.240,+0.00000,0.00,+0.00000,0,+0.00000,+0.00000,0.00000,+69.641,0,209.9,0.0
16.694278,3,1,0.240100,0.240100,0.2400,+0.00010,1,0,0,+0.00000,+0.00000,0.00000,0.00,+0.00000,+0.00000,0.00000,0.0000,0,0,0,1,+5.000,+0.000,+5.000,-0.05000,+1.240,+0.00000,0.00,+0.00000,0,+0.00000,+0.00000,0.00000,+69.641,0,209.9,0.0
16.699010,3,1,0.240099,0.240099,0.2400,+0.00010,1,0,0,+0.00000,+0.00000,0.00000,0.00,+0.00000,+0.00000,0.00000,0.0000,0,0,0,1,+5.000,+0.000,+5.000,-0.05000,+1.246,+0.00000,0.00,+0.00000,0,+0.00000,+0.00000,0.00000,+69.754,0,209.9,0.0
16.703638,3,1,0.240099,0.240099,0.2400,+0.00010,1,0,0,+0.00000,+0.00000,0.00000,0.00,+0.00000,+0.00000,0.00000,0.0000,0,0,0,1,+5.000,+0.000,+5.000,-0.05000,+1.253,+0.00000,0.00,+0.00000,0,+0.00000,+0.00000,0.00000,+69.874,0,209.9,0.0
16.708268,3,1,0.240099,0.240099,0.2400,+0.00010,1,0,0,+0.00000,+0.00000,0.00000,0.00,+0.00000,+0.00000,0.00000,0.0000,0,0,0,1,+5.000,+0.000,+5.000,-0.05000,+1.253,+0.00000,0.00,+0.00000,0,+0.00000,+0.00000,0.00000,+69.874,0,209.9,0.0
16.712804,3,1,0.240098,0.240098,0.2400,+0.00010,1,0,0,+0.00000,+0.00000,0.00000,0.00,+0.00000,+0.00000,0.00000,0.0000,0,0,0,1,+5.000,+0.000,+5.000,-0.05000,+1.261,+0.00000,0.00,+0.00000,0,+0.00000,+0.00000,0.00000,+69.992,0,209.9,0.0
16.717035,3,1,0.240098,0.240098,0.2400,+0.00010,1,0,0,+0.00000,+0.00000,0.00000,0.00,+0.00000,+0.00000,0.00000,0.0000,0,0,0,1,+5.000,+0.000,+5.000,-0.05000,+1.261,+0.00000,0.00,+0.00000,0,+0.00000,+0.00000,0.00000,+69.992,0,209.9,0.0
16.723163,3,1,0.240098,0.240098,0.2400,+0.00010,1,0,0,+0.00000,+0.00000,0.00000,0.00,+0.00000,+0.00000,0.00000,0.0000,0,0,0,1,+5.000,+0.000,+5.000,-0.05000,+1.272,+0.00000,0.00,+0.00000,0,+0.00000,+0.00000,0.00000,+70.176,0,209.9,0.0
16.727870,3,1,0.240097,0.240097,0.2400,+0.00010,1,0,0,+0.00000,+0.00000,0.00000,0.00,+0.00000,+0.00000,0.00000,0.0000,0,0,0,1,+5.000,+0.000,+5.000,-0.05000,+1.272,+0.00000,0.00,+0.00000,0,+0.00000,+0.00000,0.00000,+70.176,0,209.9,0.0
16.732406,3,1,0.240097,0.240097,0.2400,+0.00010,1,0,0,+0.00000,+0.00000,0.00000,0.00,+0.00000,+0.00000,0.00000,0.0000,0,0,0,1,+5.000,+0.000,+5.000,-0.05000,+1.279,+0.00000,0.00,+0.00000,0,+0.00000,+0.00000,0.00000,+70.289,0,209.9,0.0
16.737113,3,1,0.240097,0.240097,0.2400,+0.00010,1,0,0,+0.00000,+0.00000,0.00000,0.00,+0.00000,+0.00000,0.00000,0.0000,0,0,0,1,+5.000,+0.000,+5.000,-0.05000,+1.279,+0.00000,0.00,+0.00000,0,+0.00000,+0.00000,0.00000,+70.289,0,209.9,0.0
16.741535,3,1,0.240096,0.240096,0.2400,+0.00010,1,0,0,+0.00000,+0.00000,0.00000,0.00,+0.00000,+0.00000,0.00000,0.0000,0,0,0,1,+5.000,+0.000,+5.000,-0.05000,+1.286,+0.00000,0.00,+0.00000,0,+0.00000,+0.00000,0.00000,+70.408,0,209.9,0.0
16.746106,3,1,0.240096,0.240096,0.2400,+0.00010,1,0,0,+0.00000,+0.00000,0.00000,0.00,+0.00000,+0.00000,0.00000,0.0000,0,0,0,1,+5.000,+0.000,+5.000,-0.05000,+1.294,+0.00000,0.00,+0.00000,0,+0.00000,+0.00000,0.00000,+70.525,0,209.9,0.0
16.750643,3,1,0.240096,0.240096,0.2400,+0.00010,1,0,0,+0.00000,+0.00000,0.00000,0.00,+0.00000,+0.00000,0.00000,0.0000,0,0,0,1,+5.000,+0.000,+5.000,-0.05000,+1.294,+0.00000,0.00,+0.00000,0,+0.00000,+0.00000,0.00000,+70.525,0,209.9,0.0
16.757524,3,1,0.240095,0.240095,0.2400,+0.00010,1,0,0,+0.00000,+0.00000,0.00000,0.00,+0.00000,+0.00000,0.00000,0.0000,0,0,0,1,+5.000,+0.000,+5.000,-0.05000,+1.294,+0.00000,0.00,+0.00000,0,+0.00000,+0.00000,0.00000,+70.525,0,209.9,0.0
16.762207,3,1,0.240095,0.240095,0.2400,+0.00010,1,0,0,+0.00000,+0.00000,0.00000,0.00,+0.00000,+0.00000,0.00000,0.0000,0,0,0,1,+5.000,+0.000,+5.000,-0.05000,+1.306,+0.00000,0.00,+0.00000,0,+0.00000,+0.00000,0.00000,+70.709,0,209.9,0.0
16.766483,3,1,0.240095,0.240095,0.2400,+0.00009,1,0,0,+0.00000,+0.00000,0.00000,0.00,+0.00000,+0.00000,0.00000,0.0000,0,0,0,1,+5.000,+0.000,+5.000,-0.05000,+1.314,+0.00000,0.00,+0.00000,0,+0.00000,+0.00000,0.00000,+70.833,0,209.9,0.0
16.771082,3,1,0.240095,0.240095,0.2400,+0.00009,1,0,0,+0.00000,+0.00000,0.00000,0.00,+0.00000,+0.00000,0.00000,0.0000,0,0,0,1,+5.000,+0.000,+5.000,-0.05000,+1.314,+0.00000,0.00,+0.00000,0,+0.00000,+0.00000,0.00000,+70.833,0,209.9,0.0
16.775698,3,1,0.240094,0.240094,0.2400,+0.00009,1,0,0,+0.00000,+0.00000,0.00000,0.00,+0.00000,+0.00000,0.00000,0.0000,0,0,0,1,+5.000,+0.000,+5.000,-0.05000,+1.314,+0.00000,0.00,+0.00000,0,+0.00000,+0.00000,0.00000,+70.833,0,209.9,0.0
16.780284,3,1,0.240094,0.240094,0.2400,+0.00009,1,0,0,+0.00000,+0.00000,0.00000,0.00,+0.00000,+0.00000,0.00000,0.0000,0,0,0,1,+5.000,+0.000,+5.000,-0.05000,+1.324,+0.00000,0.00,+0.00000,0,+0.00000,+0.00000,0.00000,+70.995,0,209.9,0.0
16.787447,3,1,0.240094,0.240094,0.2400,+0.00009,1,0,0,+0.00000,+0.00000,0.00000,0.00,+0.00000,+0.00000,0.00000,0.0000,0,0,0,1,+5.000,+0.000,+5.000,-0.05000,+1.332,+0.00000,0.00,+0.00000,0,+0.00000,+0.00000,0.00000,+71.110,0,209.9,0.0
16.792208,3,1,0.240093,0.240093,0.2400,+0.00009,1,0,0,+0.00000,+0.00000,0.00000,0.00,+0.00000,+0.00000,0.00000,0.0000,0,0,0,1,+5.000,+0.000,+5.000,-0.05000,+1.332,+0.00000,0.00,+0.00000,0,+0.00000,+0.00000,0.00000,+71.110,0,209.9,0.0
16.796942,3,1,0.240093,0.240093,0.2400,+0.00009,1,0,0,+0.00000,+0.00000,0.00000,0.00,+0.00000,+0.00000,0.00000,0.0000,0,0,0,1,+5.000,+0.000,+5.000,-0.05000,+1.342,+0.00000,0.00,+0.00000,0,+0.00000,+0.00000,0.00000,+71.255,0,209.9,0.0
16.801992,3,1,0.240093,0.240093,0.2400,+0.00009,1,0,0,+0.00000,+0.00000,0.00000,0.00,+0.00000,+0.00000,0.00000,0.0000,0,0,0,1,+5.000,+0.000,+5.000,-0.05000,+1.342,+0.00000,0.00,+0.00000,0,+0.00000,+0.00000,0.00000,+71.255,0,209.9,0.0
16.806489,3,1,0.240092,0.240092,0.2400,+0.00009,1,0,0,+0.00000,+0.00000,0.00000,0.00,+0.00000,+0.00000,0.00000,0.0000,0,0,0,1,+5.000,+0.000,+5.000,-0.05000,+1.352,+0.00000,0.00,+0.00000,0,+0.00000,+0.00000,0.00000,+71.399,0,209.9,0.0
16.811087,3,1,0.240092,0.240092,0.2400,+0.00009,1,0,0,+0.00000,+0.00000,0.00000,0.00,+0.00000,+0.00000,0.00000,0.0000,0,0,0,1,+5.000,+0.000,+5.000,-0.05000,+1.352,+0.00000,0.00,+0.00000,0,+0.00000,+0.00000,0.00000,+71.399,0,209.9,0.0
16.815591,3,1,0.240092,0.240092,0.2400,+0.00009,1,0,0,+0.00000,+0.00000,0.00000,0.00,+0.00000,+0.00000,0.00000,0.0000,0,0,0,1,+5.000,+0.000,+5.000,-0.05000,+1.361,+0.00000,0.00,+0.00000,0,+0.00000,+0.00000,0.00000,+71.524,0,209.9,0.0
16.819782,3,1,0.240092,0.240092,0.2400,+0.00009,1,0,0,+0.00000,+0.00000,0.00000,0.00,+0.00000,+0.00000,0.00000,0.0000,0,0,0,1,+5.000,+0.000,+5.000,-0.05000,+1.361,+0.00000,0.00,+0.00000,0,+0.00000,+0.00000,0.00000,+71.524,0,209.9,0.0
16.824312,3,1,0.240091,0.240091,0.2400,+0.00009,1,0,0,+0.00000,+0.00000,0.00000,0.00,+0.00000,+0.00000,0.00000,0.0000,0,0,0,1,+5.000,+0.000,+5.000,-0.05000,+1.370,+0.00000,0.00,+0.00000,0,+0.00000,+0.00000,0.00000,+71.656,0,209.9,0.0
16.828972,3,1,0.240091,0.240091,0.2400,+0.00009,1,0,0,+0.00000,+0.00000,0.00000,0.00,+0.00000,+0.00000,0.00000,0.0000,0,0,0,1,+5.000,+0.000,+5.000,-0.05000,+1.370,+0.00000,0.00,+0.00000,0,+0.00000,+0.00000,0.00000,+71.656,0,209.9,0.0
16.834294,3,1,0.240091,0.240091,0.2400,+0.00009,1,0,0,+0.00000,+0.00000,0.00000,0.00,+0.00000,+0.00000,0.00000,0.0000,0,0,0,1,+5.000,+0.000,+5.000,-0.05000,+1.380,+0.00000,0.00,+0.00000,0,+0.00000,+0.00000,0.00000,+71.787,0,209.9,0.0
16.838946,3,1,0.240090,0.240090,0.2400,+0.00009,1,0,0,+0.00000,+0.00000,0.00000,0.00,+0.00000,+0.00000,0.00000,0.0000,0,0,0,1,+5.000,+0.000,+5.000,-0.05000,+1.390,+0.00000,0.00,+0.00000,0,+0.00000,+0.00000,0.00000,+71.926,0,209.9,0.0
16.843585,3,1,0.240090,0.240090,0.2400,+0.00009,1,0,0,+0.00000,+0.00000,0.00000,0.00,+0.00000,+0.00000,0.00000,0.0000,0,0,0,1,+5.000,+0.000,+5.000,-0.05000,+1.390,+0.00000,0.00,+0.00000,0,+0.00000,+0.00000,0.00000,+71.926,0,209.9,0.0
16.848108,3,1,0.240090,0.240090,0.2400,+0.00009,1,0,0,+0.00000,+0.00000,0.00000,0.00,+0.00000,+0.00000,0.00000,0.0000,0,0,0,1,+5.000,+0.000,+5.000,-0.05000,+1.399,+0.00000,0.00,+0.00000,0,+0.00000,+0.00000,0.00000,+72.041,0,209.9,0.0
16.852693,3,1,0.240090,0.240090,0.2400,+0.00009,1,0,0,+0.00000,+0.00000,0.00000,0.00,+0.00000,+0.00000,0.00000,0.0000,0,0,0,1,+5.000,+0.000,+5.000,-0.05000,+1.399,+0.00000,0.00,+0.00000,0,+0.00000,+0.00000,0.00000,+72.041,0,209.9,0.0
16.857335,3,1,0.240089,0.240089,0.2400,+0.00009,1,0,0,+0.00000,+0.00000,0.00000,0.00,+0.00000,+0.00000,0.00000,0.0000,0,0,0,1,+5.000,+0.000,+5.000,-0.05000,+1.408,+0.00000,0.00,+0.00000,0,+0.00000,+0.00000,0.00000,+72.158,0,209.9,0.0
16.865607,3,1,0.240089,0.240089,0.2400,+0.00009,1,0,0,+0.00000,+0.00000,0.00000,0.00,+0.00000,+0.00000,0.00000,0.0000,0,0,0,1,+5.000,+0.000,+5.000,-0.05000,+1.421,+0.00000,0.00,+0.00000,0,+0.00000,+0.00000,0.00000,+72.328,0,209.9,0.0
16.870325,3,1,0.240089,0.240089,0.2400,+0.00009,1,0,0,+0.00000,+0.00000,0.00000,0.00,+0.00000,+0.00000,0.00000,0.0000,0,0,0,1,+5.000,+0.000,+5.000,-0.05000,+1.421,+0.00000,0.00,+0.00000,0,+0.00000,+0.00000,0.00000,+72.328,0,209.9,0.0
16.874858,3,1,0.240088,0.240088,0.2400,+0.00009,1,0,0,+0.00000,+0.00000,0.00000,0.00,+0.00000,+0.00000,0.00000,0.0000,0,0,0,1,+5.000,+0.000,+5.000,-0.05000,+1.432,+0.00000,0.00,+0.00000,0,+0.00000,+0.00000,0.00000,+72.468,0,209.9,0.0
16.879398,3,1,0.240088,0.240088,0.2400,+0.00009,1,0,0,+0.00000,+0.00000,0.00000,0.00,+0.00000,+0.00000,0.00000,0.0000,0,0,0,1,+5.000,+0.000,+5.000,-0.05000,+1.432,+0.00000,0.00,+0.00000,0,+0.00000,+0.00000,0.00000,+72.468,0,209.9,0.0
16.883950,3,1,0.240088,0.240088,0.2400,+0.00009,1,0,0,+0.00000,+0.00000,0.00000,0.00,+0.00000,+0.00000,0.00000,0.0000,0,0,0,1,+5.000,+0.000,+5.000,-0.05000,+1.443,+0.00000,0.00,+0.00000,0,+0.00000,+0.00000,0.00000,+72.606,0,209.9,0.0
16.888514,3,1,0.240087,0.240087,0.2400,+0.00009,1,0,0,+0.00000,+0.00000,0.00000,0.00,+0.00000,+0.00000,0.00000,0.0000,0,0,0,1,+5.000,+0.000,+5.000,-0.05000,+1.443,+0.00000,0.00,+0.00000,0,+0.00000,+0.00000,0.00000,+72.606,0,209.9,0.0
16.893067,3,1,0.240087,0.240087,0.2400,+0.00009,1,0,0,+0.00000,+0.00000,0.00000,0.00,+0.00000,+0.00000,0.00000,0.0000,0,0,0,1,+5.000,+0.000,+5.000,-0.05000,+1.452,+0.00000,0.00,+0.00000,0,+0.00000,+0.00000,0.00000,+72.720,0,209.9,0.0
16.897587,3,1,0.240087,0.240087,0.2400,+0.00009,1,0,0,+0.00000,+0.00000,0.00000,0.00,+0.00000,+0.00000,0.00000,0.0000,0,0,0,1,+5.000,+0.000,+5.000,-0.05000,+1.452,+0.00000,0.00,+0.00000,0,+0.00000,+0.00000,0.00000,+72.720,0,209.9,0.0
16.902146,3,1,0.240087,0.240087,0.2400,+0.00009,1,0,0,+0.00000,+0.00000,0.00000,0.00,+0.00000,+0.00000,0.00000,0.0000,0,0,0,1,+5.000,+0.000,+5.000,-0.05000,+1.464,+0.00000,0.00,+0.00000,0,+0.00000,+0.00000,0.00000,+72.872,0,209.9,0.0
16.907096,3,1,0.240086,0.240086,0.2400,+0.00009,1,0,0,+0.00000,+0.00000,0.00000,0.00,+0.00000,+0.00000,0.00000,0.0000,0,0,0,1,+5.000,+0.000,+5.000,-0.05000,+1.464,+0.00000,0.00,+0.00000,0,+0.00000,+0.00000,0.00000,+72.872,0,209.9,0.0
16.911908,3,1,0.240086,0.240086,0.2400,+0.00009,1,0,0,+0.00000,+0.00000,0.00000,0.00,+0.00000,+0.00000,0.00000,0.0000,0,0,0,1,+5.000,+0.000,+5.000,-0.05000,+1.475,+0.00000,0.00,+0.00000,0,+0.00000,+0.00000,0.00000,+73.004,0,209.9,0.0
16.916572,3,1,0.240086,0.240086,0.2400,+0.00009,1,0,0,+0.00000,+0.00000,0.00000,0.00,+0.00000,+0.00000,0.00000,0.0000,0,0,0,1,+5.000,+0.000,+5.000,-0.05000,+1.475,+0.00000,0.00,+0.00000,0,+0.00000,+0.00000,0.00000,+73.004,0,209.9,0.0
16.921620,3,1,0.240086,0.240086,0.2400,+0.00009,1,0,0,+0.00000,+0.00000,0.00000,0.00,+0.00000,+0.00000,0.00000,0.0000,0,0,0,1,+5.000,+0.000,+5.000,-0.05000,+1.485,+0.00000,0.00,+0.00000,0,+0.00000,+0.00000,0.00000,+73.120,0,209.9,0.0
16.927117,3,1,0.240085,0.240085,0.2400,+0.00009,1,0,0,+0.00000,+0.00000,0.00000,0.00,+0.00000,+0.00000,0.00000,0.0000,0,0,0,1,+5.000,+0.000,+5.000,-0.05000,+1.485,+0.00000,0.00,+0.00000,0,+0.00000,+0.00000,0.00000,+73.120,0,209.9,0.0
16.931378,3,1,0.240085,0.240085,0.2400,+0.00008,1,0,0,+0.00000,+0.00000,0.00000,0.00,+0.00000,+0.00000,0.00000,0.0000,0,0,0,1,+5.000,+0.000,+5.000,-0.05000,+1.498,+0.00000,0.00,+0.00000,0,+0.00000,+0.00000,0.00000,+73.269,0,209.9,0.0
16.936200,3,1,0.240085,0.240085,0.2400,+0.00008,1,0,0,+0.00000,+0.00000,0.00000,0.00,+0.00000,+0.00000,0.00000,0.0000,0,0,0,1,+5.000,+0.000,+5.000,-0.05000,+1.509,+0.00000,0.00,+0.00000,0,+0.00000,+0.00000,0.00000,+73.393,0,209.9,0.0
16.940517,3,1,0.240084,0.240084,0.2400,+0.00008,1,0,0,+0.00000,+0.00000,0.00000,0.00,+0.00000,+0.00000,0.00000,0.0000,0,0,0,1,+5.000,+0.000,+5.000,-0.05000,+1.509,+0.00000,0.00,+0.00000,0,+0.00000,+0.00000,0.00000,+73.393,0,209.9,0.0
16.945105,3,1,0.240084,0.240084,0.2400,+0.00008,1,0,0,+0.00000,+0.00000,0.00000,0.00,+0.00000,+0.00000,0.00000,0.0000,0,0,0,1,+5.000,+0.000,+5.000,-0.05000,+1.509,+0.00000,0.00,+0.00000,0,+0.00000,+0.00000,0.00000,+73.393,0,209.9,0.0
16.949697,3,1,0.240084,0.240084,0.2400,+0.00008,1,0,0,+0.00000,+0.00000,0.00000,0.00,+0.00000,+0.00000,0.00000,0.0000,0,0,0,1,+5.000,+0.000,+5.000,-0.05000,+1.522,+0.00000,0.00,+0.00000,0,+0.00000,+0.00000,0.00000,+73.536,0,209.9,0.0
16.954258,3,1,0.240084,0.240084,0.2400,+0.00008,1,0,0,+0.00000,+0.00000,0.00000,0.00,+0.00000,+0.00000,0.00000,0.0000,0,0,0,1,+5.000,+0.000,+5.000,-0.05000,+1.522,+0.00000,0.00,+0.00000,0,+0.00000,+0.00000,0.00000,+73.536,0,209.9,0.0
16.958621,3,1,0.240083,0.240083,0.2400,+0.00008,1,0,0,+0.00000,+0.00000,0.00000,0.00,+0.00000,+0.00000,0.00000,0.0000,0,0,0,1,+5.000,+0.000,+5.000,-0.05000,+1.534,+0.00000,0.00,+0.00000,0,+0.00000,+0.00000,0.00000,+73.676,0,209.9,0.0
16.963255,3,1,0.240083,0.240083,0.2400,+0.00008,1,0,0,+0.00000,+0.00000,0.00000,0.00,+0.00000,+0.00000,0.00000,0.0000,0,0,0,1,+5.000,+0.000,+5.000,-0.05000,+1.534,+0.00000,0.00,+0.00000,0,+0.00000,+0.00000,0.00000,+73.676,0,209.9,0.0
16.967736,3,1,0.240083,0.240083,0.2400,+0.00008,1,0,0,+0.00000,+0.00000,0.00000,0.00,+0.00000,+0.00000,0.00000,0.0000,0,0,0,1,+5.000,+0.000,+5.000,-0.05000,+1.549,+0.00000,0.00,+0.00000,0,+0.00000,+0.00000,0.00000,+73.832,0,209.9,0.0
16.972211,3,1,0.240083,0.240083,0.2400,+0.00008,1,0,0,+0.00000,+0.00000,0.00000,0.00,+0.00000,+0.00000,0.00000,0.0000,0,0,0,1,+5.000,+0.000,+5.000,-0.05000,+1.549,+0.00000,0.00,+0.00000,0,+0.00000,+0.00000,0.00000,+73.832,0,209.9,0.0
16.977390,3,1,0.240082,0.240082,0.2400,+0.00008,1,0,0,+0.00000,+0.00000,0.00000,0.00,+0.00000,+0.00000,0.00000,0.0000,0,0,0,1,+5.000,+0.000,+5.000,-0.05000,+1.559,+0.00000,0.00,+0.00000,0,+0.00000,+0.00000,0.00000,+73.946,0,209.9,0.0
16.981832,3,1,0.240082,0.240082,0.2400,+0.00008,1,0,0,+0.00000,+0.00000,0.00000,0.00,+0.00000,+0.00000,0.00000,0.0000,0,0,0,1,+5.000,+0.000,+5.000,-0.05000,+1.571,+0.00000,0.00,+0.00000,0,+0.00000,+0.00000,0.00000,+74.073,0,209.9,0.0
16.986468,3,1,0.240082,0.240082,0.2400,+0.00008,1,0,0,+0.00000,+0.00000,0.00000,0.00,+0.00000,+0.00000,0.00000,0.0000,0,0,0,1,+5.000,+0.000,+5.000,-0.05000,+1.571,+0.00000,0.00,+0.00000,0,+0.00000,+0.00000,0.00000,+74.073,0,209.9,0.0
16.991073,3,1,0.240082,0.240082,0.2400,+0.00008,1,0,0,+0.00000,+0.00000,0.00000,0.00,+0.00000,+0.00000,0.00000,0.0000,0,0,0,1,+5.000,+0.000,+5.000,-0.05000,+1.571,+0.00000,0.00,+0.00000,0,+0.00000,+0.00000,0.00000,+74.073,0,209.9,0.0
16.995548,3,1,0.240081,0.240081,0.2400,+0.00008,1,0,0,+0.00000,+0.00000,0.00000,0.00,+0.00000,+0.00000,0.00000,0.0000,0,0,0,1,+5.000,+0.000,+5.000,-0.05000,+1.587,+0.00000,0.00,+0.00000,0,+0.00000,+0.00000,0.00000,+74.236,0,209.9,0.0
16.999710,3,1,0.240081,0.240081,0.2400,+0.00008,1,0,0,+0.00000,+0.00000,0.00000,0.00,+0.00000,+0.00000,0.00000,0.0000,0,0,0,1,+5.000,+0.000,+5.000,-0.05000,+1.587,+0.00000,0.00,+0.00000,0,+0.00000,+0.00000,0.00000,+74.236,0,209.9,0.0
17.004216,3,1,0.240081,0.240081,0.2400,+0.00008,1,0,0,+0.00000,+0.00000,0.00000,0.00,+0.00000,+0.00000,0.00000,0.0000,0,0,0,1,+5.000,+0.000,+5.000,-0.05000,+1.600,+0.00000,0.00,+0.00000,0,+0.00000,+0.00000,0.00000,+74.366,0,209.9,0.0
17.008876,3,1,0.240081,0.240081,0.2400,+0.00008,1,0,0,+0.00000,+0.00000,0.00000,0.00,+0.00000,+0.00000,0.00000,0.0000,0,0,0,1,+5.000,+0.000,+5.000,-0.05000,+1.612,+0.00000,0.00,+0.00000,0,+0.00000,+0.00000,0.00000,+74.484,0,209.9,0.0
17.013633,3,1,0.240080,0.240080,0.2400,+0.00008,1,0,0,+0.00000,+0.00000,0.00000,0.00,+0.00000,+0.00000,0.00000,0.0000,0,0,0,1,+5.000,+0.000,+5.000,-0.05000,+1.612,+0.00000,0.00,+0.00000,0,+0.00000,+0.00000,0.00000,+74.484,0,209.9,0.0
17.021943,3,1,0.240080,0.240080,0.2400,+0.00008,1,0,0,+0.00000,+0.00000,0.00000,0.00,+0.00000,+0.00000,0.00000,0.0000,0,0,0,1,+5.000,+0.000,+5.000,-0.05000,+1.612,+0.00000,0.00,+0.00000,0,+0.00000,+0.00000,0.00000,+74.484,0,209.9,0.0
17.026774,3,1,0.240080,0.240080,0.2400,+0.00008,1,0,0,+0.00000,+0.00000,0.00000,0.00,+0.00000,+0.00000,0.00000,0.0000,0,0,0,1,+5.000,+0.000,+5.000,-0.05000,+1.636,+0.00000,0.00,+0.00000,0,+0.00000,+0.00000,0.00000,+74.716,0,209.9,0.0
17.031707,3,1,0.240079,0.240079,0.2400,+0.00008,1,0,0,+0.00000,+0.00000,0.00000,0.00,+0.00000,+0.00000,0.00000,0.0000,0,0,0,1,+5.000,+0.000,+5.000,-0.05000,+1.636,+0.00000,0.00,+0.00000,0,+0.00000,+0.00000,0.00000,+74.716,0,209.9,0.0
17.036394,3,1,0.240079,0.240079,0.2400,+0.00008,1,0,0,+0.00000,+0.00000,0.00000,0.00,+0.00000,+0.00000,0.00000,0.0000,0,0,0,1,+5.000,+0.000,+5.000,-0.05000,+1.648,+0.00000,0.00,+0.00000,0,+0.00000,+0.00000,0.00000,+74.835,0,209.9,0.0
17.040701,3,1,0.240079,0.240079,0.2400,+0.00008,1,0,0,+0.00000,+0.00000,0.00000,0.00,+0.00000,+0.00000,0.00000,0.0000,0,0,0,1,+5.000,+0.000,+5.000,-0.05000,+1.648,+0.00000,0.00,+0.00000,0,+0.00000,+0.00000,0.00000,+74.835,0,209.9,0.0
17.045328,3,1,0.240079,0.240079,0.2400,+0.00008,1,0,0,+0.00000,+0.00000,0.00000,0.00,+0.00000,+0.00000,0.00000,0.0000,0,0,0,1,+5.000,+0.000,+5.000,-0.05000,+1.665,+0.00000,0.00,+0.00000,0,+0.00000,+0.00000,0.00000,+74.986,0,209.9,0.0
17.049944,3,1,0.240079,0.240079,0.2400,+0.00008,1,0,0,+0.00000,+0.00000,0.00000,0.00,+0.00000,+0.00000,0.00000,0.0000,0,0,0,1,+5.000,+0.000,+5.000,-0.05000,+1.677,+0.00000,0.00,+0.00000,0,+0.00000,+0.00000,0.00000,+75.105,0,209.9,0.0
17.054264,3,1,0.240078,0.240078,0.2400,+0.00008,1,0,0,+0.00000,+0.00000,0.00000,0.00,+0.00000,+0.00000,0.00000,0.0000,0,0,0,1,+5.000,+0.000,+5.000,-0.05000,+1.677,+0.00000,0.00,+0.00000,0,+0.00000,+0.00000,0.00000,+75.105,0,209.9,0.0
17.059132,3,1,0.240078,0.240078,0.2400,+0.00008,1,0,0,+0.00000,+0.00000,0.00000,0.00,+0.00000,+0.00000,0.00000,0.0000,0,0,0,1,+5.000,+0.000,+5.000,-0.05000,+1.693,+0.00000,0.00,+0.00000,0,+0.00000,+0.00000,0.00000,+75.247,0,209.9,0.0
17.063830,3,1,0.240078,0.240078,0.2400,+0.00008,1,0,0,+0.00000,+0.00000,0.00000,0.00,+0.00000,+0.00000,0.00000,0.0000,0,0,0,1,+5.000,+0.000,+5.000,-0.05000,+1.693,+0.00000,0.00,+0.00000,0,+0.00000,+0.00000,0.00000,+75.247,0,209.9,0.0
17.068464,3,1,0.240078,0.240078,0.2400,+0.00008,1,0,0,+0.00000,+0.00000,0.00000,0.00,+0.00000,+0.00000,0.00000,0.0000,0,0,0,1,+5.000,+0.000,+5.000,-0.05000,+1.709,+0.00000,0.00,+0.00000,0,+0.00000,+0.00000,0.00000,+75.388,0,209.9,0.0
17.073078,3,1,0.240077,0.240077,0.2400,+0.00008,1,0,0,+0.00000,+0.00000,0.00000,0.00,+0.00000,+0.00000,0.00000,0.0000,0,0,0,1,+5.000,+0.000,+5.000,-0.05000,+1.709,+0.00000,0.00,+0.00000,0,+0.00000,+0.00000,0.00000,+75.388,0,209.9,0.0
17.077896,3,1,0.240077,0.240077,0.2400,+0.00008,1,0,0,+0.00000,+0.00000,0.00000,0.00,+0.00000,+0.00000,0.00000,0.0000,0,0,0,1,+5.000,+0.000,+5.000,-0.05000,+1.726,+0.00000,0.00,+0.00000,0,+0.00000,+0.00000,0.00000,+75.532,0,209.9,0.0
17.082449,3,1,0.240077,0.240077,0.2400,+0.00008,1,0,0,+0.00000,+0.00000,0.00000,0.00,+0.00000,+0.00000,0.00000,0.0000,0,0,0,1,+5.000,+0.000,+5.000,-0.05000,+1.726,+0.00000,0.00,+0.00000,0,+0.00000,+0.00000,0.00000,+75.532,0,209.9,0.0
17.087523,3,1,0.240077,0.240077,0.2400,+0.00008,1,0,0,+0.00000,+0.00000,0.00000,0.00,+0.00000,+0.00000,0.00000,0.0000,0,0,0,1,+5.000,+0.000,+5.000,-0.05000,+1.742,+0.00000,0.00,+0.00000,0,+0.00000,+0.00000,0.00000,+75.669,0,209.9,0.0
17.092102,3,1,0.240076,0.240076,0.2400,+0.00008,1,0,0,+0.00000,+0.00000,0.00000,0.00,+0.00000,+0.00000,0.00000,0.0000,0,0,0,1,+5.000,+0.000,+5.000,-0.05000,+1.742,+0.00000,0.00,+0.00000,0,+0.00000,+0.00000,0.00000,+75.669,0,209.9,0.0
17.101201,3,1,0.240076,0.240076,0.2400,+0.00008,1,0,0,+0.00000,+0.00000,0.00000,0.00,+0.00000,+0.00000,0.00000,0.0000,0,0,0,1,+5.000,+0.000,+5.000,-0.05000,+1.766,+0.00000,0.00,+0.00000,0,+0.00000,+0.00000,0.00000,+75.870,0,209.9,0.0
17.105777,3,1,0.240076,0.240076,0.2400,+0.00008,1,0,0,+0.00000,+0.00000,0.00000,0.00,+0.00000,+0.00000,0.00000,0.0000,0,0,0,1,+5.000,+0.000,+5.000,-0.05000,+1.766,+0.00000,0.00,+0.00000,0,+0.00000,+0.00000,0.00000,+75.870,0,209.9,0.0
17.110313,3,1,0.240075,0.240075,0.2400,+0.00008,1,0,0,+0.00000,+0.00000,0.00000,0.00,+0.00000,+0.00000,0.00000,0.0000,0,0,0,1,+5.000,+0.000,+5.000,-0.05000,+1.785,+0.00000,0.00,+0.00000,0,+0.00000,+0.00000,0.00000,+76.021,0,209.9,0.0
17.114918,3,1,0.240075,0.240075,0.2400,+0.00008,1,0,0,+0.00000,+0.00000,0.00000,0.00,+0.00000,+0.00000,0.00000,0.0000,0,0,0,1,+5.000,+0.000,+5.000,-0.05000,+1.785,+0.00000,0.00,+0.00000,0,+0.00000,+0.00000,0.00000,+76.021,0,209.9,0.0
17.119441,3,1,0.240075,0.240075,0.2400,+0.00007,1,0,0,+0.00000,+0.00000,0.00000,0.00,+0.00000,+0.00000,0.00000,0.0000,0,0,0,1,+5.000,+0.000,+5.000,-0.05000,+1.799,+0.00000,0.00,+0.00000,0,+0.00000,+0.00000,0.00000,+76.135,0,209.9,0.0
17.136023,3,1,0.240074,0.240074,0.2400,+0.00007,1,0,0,+0.00000,+0.00000,0.00000,0.00,+0.00000,+0.00000,0.00000,0.0000,0,0,0,1,+5.000,+0.000,+5.000,-0.05000,+1.799,+0.00000,0.00,+0.00000,0,+0.00000,+0.00000,0.00000,+76.135,0,209.9,0.0
17.140665,3,1,0.240074,0.240074,0.2400,+0.00007,1,0,0,+0.00000,+0.00000,0.00000,0.00,+0.00000,+0.00000,0.00000,0.0000,0,0,0,1,+5.000,+0.000,+5.000,-0.05000,+1.837,+0.00000,0.00,+0.00000,0,+0.00000,+0.00000,0.00000,+76.428,0,209.9,0.0
17.145173,3,1,0.240074,0.240074,0.2400,+0.00007,1,0,0,+0.00000,+0.00000,0.00000,0.00,+0.00000,+0.00000,0.00000,0.0000,0,0,0,1,+5.000,+0.000,+5.000,-0.05000,+1.853,+0.00000,0.00,+0.00000,0,+0.00000,+0.00000,0.00000,+76.546,0,209.9,0.0
17.149911,3,1,0.240073,0.240073,0.2400,+0.00007,1,0,0,+0.00000,+0.00000,0.00000,0.00,+0.00000,+0.00000,0.00000,0.0000,0,0,0,1,+5.000,+0.000,+5.000,-0.05000,+1.853,+0.00000,0.00,+0.00000,0,+0.00000,+0.00000,0.00000,+76.546,0,209.9,0.0
17.154247,3,1,0.240073,0.240073,0.2400,+0.00007,1,0,0,+0.00000,+0.00000,0.00000,0.00,+0.00000,+0.00000,0.00000,0.0000,0,0,0,1,+5.000,+0.000,+5.000,-0.05000,+1.871,+0.00000,0.00,+0.00000,0,+0.00000,+0.00000,0.00000,+76.676,0,209.9,0.0
17.158694,3,1,0.240073,0.240073,0.2400,+0.00007,1,0,0,+0.00000,+0.00000,0.00000,0.00,+0.00000,+0.00000,0.00000,0.0000,0,0,0,1,+5.000,+0.000,+5.000,-0.05000,+1.871,+0.00000,0.00,+0.00000,0,+0.00000,+0.00000,0.00000,+76.676,0,209.9,0.0
17.163285,3,1,0.240073,0.240073,0.2400,+0.00007,1,0,0,+0.00000,+0.00000,0.00000,0.00,+0.00000,+0.00000,0.00000,0.0000,0,0,0,1,+5.000,+0.000,+5.000,-0.05000,+1.871,+0.00000,0.00,+0.00000,0,+0.00000,+0.00000,0.00000,+76.676,0,209.9,0.0
17.168031,3,1,0.240073,0.240073,0.2400,+0.00007,1,0,0,+0.00000,+0.00000,0.00000,0.00,+0.00000,+0.00000,0.00000,0.0000,0,0,0,1,+5.000,+0.000,+5.000,-0.05000,+1.892,+0.00000,0.00,+0.00000,0,+0.00000,+0.00000,0.00000,+76.829,0,209.9,0.0
17.172937,3,1,0.240072,0.240072,0.2400,+0.00007,1,0,0,+0.00000,+0.00000,0.00000,0.00,+0.00000,+0.00000,0.00000,0.0000,0,0,0,1,+5.000,+0.000,+5.000,-0.05000,+1.908,+0.00000,0.00,+0.00000,0,+0.00000,+0.00000,0.00000,+76.943,0,209.9,0.0
17.177117,3,1,0.240072,0.240072,0.2400,+0.00007,1,0,0,+0.00000,+0.00000,0.00000,0.00,+0.00000,+0.00000,0.00000,0.0000,0,0,0,1,+5.000,+0.000,+5.000,-0.05000,+1.908,+0.00000,0.00,+0.00000,0,+0.00000,+0.00000,0.00000,+76.943,0,209.9,0.0
17.181653,3,1,0.240072,0.240072,0.2400,+0.00007,1,0,0,+0.00000,+0.00000,0.00000,0.00,+0.00000,+0.00000,0.00000,0.0000,0,0,0,1,+5.000,+0.000,+5.000,-0.05000,+1.929,+0.00000,0.00,+0.00000,0,+0.00000,+0.00000,0.00000,+77.088,0,209.9,0.0
17.186517,3,1,0.240072,0.240072,0.2400,+0.00007,1,0,0,+0.00000,+0.00000,0.00000,0.00,+0.00000,+0.00000,0.00000,0.0000,0,0,0,1,+5.000,+0.000,+5.000,-0.05000,+1.929,+0.00000,0.00,+0.00000,0,+0.00000,+0.00000,0.00000,+77.088,0,209.9,0.0
17.192742,3,1,0.240071,0.240071,0.2400,+0.00007,1,0,0,+0.00000,+0.00000,0.00000,0.00,+0.00000,+0.00000,0.00000,0.0000,0,0,0,1,+5.000,+0.000,+5.000,-0.05000,+1.949,+0.00000,0.00,+0.00000,0,+0.00000,+0.00000,0.00000,+77.217,0,209.9,0.0
17.197291,3,1,0.240071,0.240071,0.2400,+0.00007,1,0,0,+0.00000,+0.00000,0.00000,0.00,+0.00000,+0.00000,0.00000,0.0000,0,0,0,1,+5.000,+0.000,+5.000,-0.05000,+1.949,+0.00000,0.00,+0.00000,0,+0.00000,+0.00000,0.00000,+77.217,0,209.9,0.0
17.201808,3,1,0.240071,0.240071,0.2400,+0.00007,1,0,0,+0.00000,+0.00000,0.00000,0.00,+0.00000,+0.00000,0.00000,0.0000,0,0,0,1,+5.000,+0.000,+5.000,-0.05000,+1.968,+0.00000,0.00,+0.00000,0,+0.00000,+0.00000,0.00000,+77.346,0,209.9,0.0
17.206149,3,1,0.240071,0.240071,0.2400,+0.00007,1,0,0,+0.00000,+0.00000,0.00000,0.00,+0.00000,+0.00000,0.00000,0.0000,0,0,0,1,+5.000,+0.000,+5.000,-0.05000,+1.987,+0.00000,0.00,+0.00000,0,+0.00000,+0.00000,0.00000,+77.466,0,209.9,0.0
17.210472,3,1,0.240071,0.240071,0.2400,+0.00007,1,0,0,+0.00000,+0.00000,0.00000,0.00,+0.00000,+0.00000,0.00000,0.0000,0,0,0,1,+5.000,+0.000,+5.000,-0.05000,+1.987,+0.00000,0.00,+0.00000,0,+0.00000,+0.00000,0.00000,+77.466,0,209.9,0.0
17.215199,3,1,0.240070,0.240070,0.2400,+0.00007,1,0,0,+0.00000,+0.00000,0.00000,0.00,+0.00000,+0.00000,0.00000,0.0000,0,0,0,1,+5.000,+0.000,+5.000,-0.05000,+2.008,+0.00000,0.00,+0.00000,0,+0.00000,+0.00000,0.00000,+77.603,0,209.9,0.0
17.220069,3,1,0.240070,0.240070,0.2400,+0.00007,1,0,0,+0.00000,+0.00000,0.00000,0.00,+0.00000,+0.00000,0.00000,0.0000,0,0,0,1,+5.000,+0.000,+5.000,-0.05000,+2.008,+0.00000,0.00,+0.00000,0,+0.00000,+0.00000,0.00000,+77.603,0,209.9,0.0
17.224839,3,1,0.240070,0.240070,0.2400,+0.00007,1,0,0,+0.00000,+0.00000,0.00000,0.00,+0.00000,+0.00000,0.00000,0.0000,0,0,0,1,+5.000,+0.000,+5.000,-0.05000,+2.008,+0.00000,0.00,+0.00000,0,+0.00000,+0.00000,0.00000,+77.603,0,209.9,0.0
17.229462,3,1,0.240070,0.240070,0.2400,+0.00007,1,0,0,+0.00000,+0.00000,0.00000,0.00,+0.00000,+0.00000,0.00000,0.0000,0,0,0,1,+5.000,+0.000,+5.000,-0.05000,+2.033,+0.00000,0.00,+0.00000,0,+0.00000,+0.00000,0.00000,+77.757,0,203.9,0.0
17.234010,3,1,0.240069,0.240069,0.2400,+0.00007,1,0,0,+0.00000,+0.00000,0.00000,0.00,+0.00000,+0.00000,0.00000,0.0000,0,0,0,1,+5.000,+0.000,+5.000,-0.05000,+2.051,+0.00000,0.00,+0.00000,0,+0.00000,+0.00000,0.00000,+77.869,0,203.9,0.0
17.238236,3,1,0.240069,0.240069,0.2400,+0.00007,1,0,0,+0.00000,+0.00000,0.00000,0.00,+0.00000,+0.00000,0.00000,0.0000,0,0,0,1,+5.000,+0.000,+5.000,-0.05000,+2.051,+0.00000,0.00,+0.00000,0,+0.00000,+0.00000,0.00000,+77.869,0,203.9,0.0
17.242548,3,1,0.240069,0.240069,0.2400,+0.00007,1,0,0,+0.00000,+0.00000,0.00000,0.00,+0.00000,+0.00000,0.00000,0.0000,0,0,0,1,+5.000,+0.000,+5.000,-0.05000,+2.071,+0.00000,0.00,+0.00000,0,+0.00000,+0.00000,0.00000,+77.987,0,203.9,0.0
17.247167,3,1,0.240069,0.240069,0.2400,+0.00007,1,0,0,+0.00000,+0.00000,0.00000,0.00,+0.00000,+0.00000,0.00000,0.0000,0,0,0,1,+5.000,+0.000,+5.000,-0.05000,+2.071,+0.00000,0.00,+0.00000,0,+0.00000,+0.00000,0.00000,+77.987,0,203.9,0.0
17.258459,3,1,0.240068,0.240068,0.2400,+0.00007,1,0,0,+0.00000,+0.00000,0.00000,0.00,+0.00000,+0.00000,0.00000,0.0000,0,0,0,1,+5.000,+0.000,+5.000,-0.05000,+2.071,+0.00000,0.00,+0.00000,0,+0.00000,+0.00000,0.00000,+77.987,0,203.9,0.0
17.263108,3,1,0.240068,0.240068,0.2400,+0.00007,1,0,0,+0.00000,+0.00000,0.00000,0.00,+0.00000,+0.00000,0.00000,0.0000,0,0,0,1,+5.000,+0.000,+5.000,-0.05000,+2.123,+0.00000,0.00,+0.00000,0,+0.00000,+0.00000,0.00000,+78.283,0,203.9,0.0
17.267865,3,1,0.240068,0.240068,0.2400,+0.00007,1,0,0,+0.00000,+0.00000,0.00000,0.00,+0.00000,+0.00000,0.00000,0.0000,0,0,0,1,+5.000,+0.000,+5.000,-0.05000,+2.123,+0.00000,0.00,+0.00000,0,+0.00000,+0.00000,0.00000,+78.283,0,203.9,0.0
17.272487,3,1,0.240068,0.240068,0.2400,+0.00007,1,0,0,+0.00000,+0.00000,0.00000,0.00,+0.00000,+0.00000,0.00000,0.0000,0,0,0,1,+5.000,+0.000,+5.000,-0.05000,+2.148,+0.00000,0.00,+0.00000,0,+0.00000,+0.00000,0.00000,+78.420,0,203.9,0.0
17.277106,3,1,0.240068,0.240068,0.2400,+0.00007,1,0,0,+0.00000,+0.00000,0.00000,0.00,+0.00000,+0.00000,0.00000,0.0000,0,0,0,1,+5.000,+0.000,+5.000,-0.05000,+2.169,+0.00000,0.00,+0.00000,0,+0.00000,+0.00000,0.00000,+78.536,0,203.9,0.0
17.283589,3,1,0.240067,0.240067,0.2400,+0.00007,1,0,0,+0.00000,+0.00000,0.00000,0.00,+0.00000,+0.00000,0.00000,0.0000,0,0,0,1,+5.000,+0.000,+5.000,-0.05000,+2.169,+0.00000,0.00,+0.00000,0,+0.00000,+0.00000,0.00000,+78.536,0,203.9,0.0
17.288025,3,1,0.240067,0.240067,0.2400,+0.00007,1,0,0,+0.00000,+0.00000,0.00000,0.00,+0.00000,+0.00000,0.00000,0.0000,0,0,0,1,+5.000,+0.000,+5.000,-0.05000,+2.195,+0.00000,0.00,+0.00000,0,+0.00000,+0.00000,0.00000,+78.672,0,203.9,0.0
17.292813,3,1,0.240067,0.240067,0.2400,+0.00007,1,0,0,+0.00000,+0.00000,0.00000,0.00,+0.00000,+0.00000,0.00000,0.0000,0,0,0,1,+5.000,+0.000,+5.000,-0.05000,+2.195,+0.00000,0.00,+0.00000,0,+0.00000,+0.00000,0.00000,+78.672,0,203.9,0.0
17.297333,3,1,0.240067,0.240067,0.2400,+0.00007,1,0,0,+0.00000,+0.00000,0.00000,0.00,+0.00000,+0.00000,0.00000,0.0000,0,0,0,1,+5.000,+0.000,+5.000,-0.05000,+2.222,+0.00000,0.00,+0.00000,0,+0.00000,+0.00000,0.00000,+78.812,0,203.9,0.0
17.301857,3,1,0.240066,0.240066,0.2400,+0.00007,1,0,0,+0.00000,+0.00000,0.00000,0.00,+0.00000,+0.00000,0.00000,0.0000,0,0,0,1,+5.000,+0.000,+5.000,-0.05000,+2.222,+0.00000,0.00,+0.00000,0,+0.00000,+0.00000,0.00000,+78.812,0,203.9,0.0
17.306429,3,1,0.240066,0.240066,0.2400,+0.00007,1,0,0,+0.00000,+0.00000,0.00000,0.00,+0.00000,+0.00000,0.00000,0.0000,0,0,0,1,+5.000,+0.000,+5.000,-0.05000,+2.249,+0.00000,0.00,+0.00000,0,+0.00000,+0.00000,0.00000,+78.950,0,203.9,0.0
17.310710,3,1,0.240066,0.240066,0.2400,+0.00007,1,0,0,+0.00000,+0.00000,0.00000,0.00,+0.00000,+0.00000,0.00000,0.0000,0,0,0,1,+5.000,+0.000,+5.000,-0.05000,+2.249,+0.00000,0.00,+0.00000,0,+0.00000,+0.00000,0.00000,+78.950,0,203.9,0.0
17.315223,3,1,0.240066,0.240066,0.2400,+0.00007,1,0,0,+0.00000,+0.00000,0.00000,0.00,+0.00000,+0.00000,0.00000,0.0000,0,0,0,1,+5.000,+0.000,+5.000,-0.05000,+2.277,+0.00000,0.00,+0.00000,0,+0.00000,+0.00000,0.00000,+79.090,0,203.9,0.0
17.319806,3,1,0.240066,0.240066,0.2400,+0.00007,1,0,0,+0.00000,+0.00000,0.00000,0.00,+0.00000,+0.00000,0.00000,0.0000,0,0,0,1,+5.000,+0.000,+5.000,-0.05000,+2.277,+0.00000,0.00,+0.00000,0,+0.00000,+0.00000,0.00000,+79.090,0,203.9,0.0
17.326371,3,1,0.240065,0.240065,0.2400,+0.00007,1,0,0,+0.00000,+0.00000,0.00000,0.00,+0.00000,+0.00000,0.00000,0.0000,0,0,0,1,+5.000,+0.000,+5.000,-0.05000,+2.302,+0.00000,0.00,+0.00000,0,+0.00000,+0.00000,0.00000,+79.210,0,203.9,0.0
17.331928,3,1,0.240065,0.240065,0.2400,+0.00007,1,0,0,+0.00000,+0.00000,0.00000,0.00,+0.00000,+0.00000,0.00000,0.0000,0,0,0,1,+5.000,+0.000,+5.000,-0.05000,+2.302,+0.00000,0.00,+0.00000,0,+0.00000,+0.00000,0.00000,+79.210,0,203.9,0.0
17.336309,3,1,0.240065,0.240065,0.2400,+0.00006,1,0,0,+0.00000,+0.00000,0.00000,0.00,+0.00000,+0.00000,0.00000,0.0000,0,0,0,1,+5.000,+0.000,+5.000,-0.05000,+2.342,+0.00000,0.00,+0.00000,0,+0.00000,+0.00000,0.00000,+79.393,0,203.9,0.0
17.341281,3,1,0.240065,0.240065,0.2400,+0.00006,1,0,0,+0.00000,+0.00000,0.00000,0.00,+0.00000,+0.00000,0.00000,0.0000,0,0,0,1,+5.000,+0.000,+5.000,-0.05000,+2.367,+0.00000,0.00,+0.00000,0,+0.00000,+0.00000,0.00000,+79.506,0,203.9,0.0
17.345484,3,1,0.240064,0.240064,0.2400,+0.00006,1,0,0,+0.00000,+0.00000,0.00000,0.00,+0.00000,+0.00000,0.00000,0.0000,0,0,0,1,+5.000,+0.000,+5.000,-0.05000,+2.367,+0.00000,0.00,+0.00000,0,+0.00000,+0.00000,0.00000,+79.506,0,203.9,0.0
17.349740,3,1,0.240064,0.240064,0.2400,+0.00006,1,0,0,+0.00000,+0.00000,0.00000,0.00,+0.00000,+0.00000,0.00000,0.0000,0,0,0,1,+5.000,+0.000,+5.000,-0.05000,+2.367,+0.00000,0.00,+0.00000,0,+0.00000,+0.00000,0.00000,+79.506,0,203.9,0.0
17.354270,3,1,0.240064,0.240064,0.2400,+0.00006,1,0,0,+0.00000,+0.00000,0.00000,0.00,+0.00000,+0.00000,0.00000,0.0000,0,0,0,1,+5.000,+0.000,+5.000,-0.05000,+2.398,+0.00000,0.00,+0.00000,0,+0.00000,+0.00000,0.00000,+79.645,0,203.9,0.0
17.358883,3,1,0.240064,0.240064,0.2400,+0.00006,1,0,0,+0.00000,+0.00000,0.00000,0.00,+0.00000,+0.00000,0.00000,0.0000,0,0,0,1,+5.000,+0.000,+5.000,-0.05000,+2.427,+0.00000,0.00,+0.00000,0,+0.00000,+0.00000,0.00000,+79.769,0,203.9,0.0
17.363674,3,1,0.240064,0.240064,0.2400,+0.00006,1,0,0,+0.00000,+0.00000,0.00000,0.00,+0.00000,+0.00000,0.00000,0.0000,0,0,0,1,+5.000,+0.000,+5.000,-0.05000,+2.427,+0.00000,0.00,+0.00000,0,+0.00000,+0.00000,0.00000,+79.769,0,203.9,0.0
17.368089,3,1,0.240064,0.240064,0.2400,+0.00006,1,0,0,+0.00000,+0.00000,0.00000,0.00,+0.00000,+0.00000,0.00000,0.0000,0,0,0,1,+5.000,+0.000,+5.000,-0.05000,+2.458,+0.00000,0.00,+0.00000,0,+0.00000,+0.00000,0.00000,+79.901,0,203.9,0.0
17.372715,3,1,0.240063,0.240063,0.2400,+0.00006,1,0,0,+0.00000,+0.00000,0.00000,0.00,+0.00000,+0.00000,0.00000,0.0000,0,0,0,1,+5.000,+0.000,+5.000,-0.05000,+2.458,+0.00000,0.00,+0.00000,0,+0.00000,+0.00000,0.00000,+79.901,0,203.9,0.0
17.377328,3,1,0.240063,0.240063,0.2400,+0.00006,1,0,0,+0.00000,+0.00000,0.00000,0.00,+0.00000,+0.00000,0.00000,0.0000,0,0,0,1,+5.000,+0.000,+5.000,-0.05000,+2.492,+0.00000,0.00,+0.00000,0,+0.00000,+0.00000,0.00000,+80.041,0,203.9,0.0
17.381910,3,1,0.240063,0.240063,0.2400,+0.00006,1,0,0,+0.00000,+0.00000,0.00000,0.00,+0.00000,+0.00000,0.00000,0.0000,0,0,0,1,+5.000,+0.000,+5.000,-0.05000,+2.492,+0.00000,0.00,+0.00000,0,+0.00000,+0.00000,0.00000,+80.041,0,203.9,0.0
17.387027,3,1,0.240063,0.240063,0.2400,+0.00006,1,0,0,+0.00000,+0.00000,0.00000,0.00,+0.00000,+0.00000,0.00000,0.0000,0,0,0,1,+5.000,+0.000,+5.000,-0.05000,+2.531,+0.00000,0.00,+0.00000,0,+0.00000,+0.00000,0.00000,+80.195,0,203.9,0.0
17.391624,3,1,0.240063,0.240063,0.2400,+0.00006,1,0,0,+0.00000,+0.00000,0.00000,0.00,+0.00000,+0.00000,0.00000,0.0000,0,0,0,1,+5.000,+0.000,+5.000,-0.05000,+2.531,+0.00000,0.00,+0.00000,0,+0.00000,+0.00000,0.00000,+80.195,0,203.9,0.0
17.396146,3,1,0.240062,0.240062,0.2400,+0.00006,1,0,0,+0.00000,+0.00000,0.00000,0.00,+0.00000,+0.00000,0.00000,0.0000,0,0,0,1,+5.000,+0.000,+5.000,-0.05000,+2.560,+0.00000,0.00,+0.00000,0,+0.00000,+0.00000,0.00000,+80.310,0,203.9,0.0
17.400700,3,1,0.240062,0.240062,0.2400,+0.00006,1,0,0,+0.00000,+0.00000,0.00000,0.00,+0.00000,+0.00000,0.00000,0.0000,0,0,0,1,+5.000,+0.000,+5.000,-0.05000,+2.560,+0.00000,0.00,+0.00000,0,+0.00000,+0.00000,0.00000,+80.310,0,203.9,0.0
17.405048,3,1,0.240062,0.240062,0.2400,+0.00006,1,0,0,+0.00000,+0.00000,0.00000,0.00,+0.00000,+0.00000,0.00000,0.0000,0,0,0,1,+5.000,+0.000,+5.000,-0.05000,+2.591,+0.00000,0.00,+0.00000,0,+0.00000,+0.00000,0.00000,+80.424,0,203.9,0.0
17.409606,3,1,0.240062,0.240062,0.2400,+0.00006,1,0,0,+0.00000,+0.00000,0.00000,0.00,+0.00000,+0.00000,0.00000,0.0000,0,0,0,1,+5.000,+0.000,+5.000,-0.05000,+2.621,+0.00000,0.00,+0.00000,0,+0.00000,+0.00000,0.00000,+80.537,0,203.9,0.0
17.414113,3,1,0.240062,0.240062,0.2400,+0.00006,1,0,0,+0.00000,+0.00000,0.00000,0.00,+0.00000,+0.00000,0.00000,0.0000,0,0,0,1,+5.000,+0.000,+5.000,-0.05000,+2.621,+0.00000,0.00,+0.00000,0,+0.00000,+0.00000,0.00000,+80.537,0,203.9,0.0
17.419678,3,1,0.240061,0.240061,0.2400,+0.00006,1,0,0,+0.00000,+0.00000,0.00000,0.00,+0.00000,+0.00000,0.00000,0.0000,0,0,0,1,+5.000,+0.000,+5.000,-0.05000,+2.655,+0.00000,0.00,+0.00000,0,+0.00000,+0.00000,0.00000,+80.659,0,203.9,0.0
17.424703,3,1,0.240061,0.240061,0.2400,+0.00006,1,0,0,+0.00000,+0.00000,0.00000,0.00,+0.00000,+0.00000,0.00000,0.0000,0,0,0,1,+5.000,+0.000,+5.000,-0.05000,+2.655,+0.00000,0.00,+0.00000,0,+0.00000,+0.00000,0.00000,+80.659,0,203.9,0.0
17.429986,3,1,0.240061,0.240061,0.2400,+0.00006,1,0,0,+0.00000,+0.00000,0.00000,0.00,+0.00000,+0.00000,0.00000,0.0000,0,0,0,1,+5.000,+0.000,+5.000,-0.05000,+2.691,+0.00000,0.00,+0.00000,0,+0.00000,+0.00000,0.00000,+80.785,0,203.9,0.0
17.434437,3,1,0.240061,0.240061,0.2400,+0.00006,1,0,0,+0.00000,+0.00000,0.00000,0.00,+0.00000,+0.00000,0.00000,0.0000,0,0,0,1,+5.000,+0.000,+5.000,-0.05000,+2.691,+0.00000,0.00,+0.00000,0,+0.00000,+0.00000,0.00000,+80.785,0,203.9,0.0
17.439080,3,1,0.240061,0.240061,0.2400,+0.00006,1,0,0,+0.00000,+0.00000,0.00000,0.00,+0.00000,+0.00000,0.00000,0.0000,0,0,0,1,+5.000,+0.000,+5.000,-0.05000,+2.744,+0.00000,0.00,+0.00000,0,+0.00000,+0.00000,0.00000,+80.964,0,203.9,0.0
17.443411,3,1,0.240060,0.240060,0.2400,+0.00006,1,0,0,+0.00000,+0.00000,0.00000,0.00,+0.00000,+0.00000,0.00000,0.0000,0,0,0,1,+5.000,+0.000,+5.000,-0.05000,+2.744,+0.00000,0.00,+0.00000,0,+0.00000,+0.00000,0.00000,+80.964,0,203.9,0.0
17.448122,3,1,0.240060,0.240060,0.2400,+0.00006,1,0,0,+0.00000,+0.00000,0.00000,0.00,+0.00000,+0.00000,0.00000,0.0000,0,0,0,1,+5.000,+0.000,+5.000,-0.05000,+2.772,+0.00000,0.00,+0.00000,0,+0.00000,+0.00000,0.00000,+81.057,0,203.9,0.0
17.452656,3,1,0.240060,0.240060,0.2400,+0.00006,1,0,0,+0.00000,+0.00000,0.00000,0.00,+0.00000,+0.00000,0.00000,0.0000,0,0,0,1,+5.000,+0.000,+5.000,-0.05000,+2.772,+0.00000,0.00,+0.00000,0,+0.00000,+0.00000,0.00000,+81.057,0,203.9,0.0
17.457149,3,1,0.240060,0.240060,0.2400,+0.00006,1,0,0,+0.00000,+0.00000,0.00000,0.00,+0.00000,+0.00000,0.00000,0.0000,0,0,0,1,+5.000,+0.000,+5.000,-0.05000,+2.815,+0.00000,0.00,+0.00000,0,+0.00000,+0.00000,0.00000,+81.196,0,203.9,0.0
17.461742,3,1,0.240060,0.240060,0.2400,+0.00006,1,0,0,+0.00000,+0.00000,0.00000,0.00,+0.00000,+0.00000,0.00000,0.0000,0,0,0,1,+5.000,+0.000,+5.000,-0.05000,+2.849,+0.00000,0.00,+0.00000,0,+0.00000,+0.00000,0.00000,+81.299,0,203.9,0.0
17.466224,3,1,0.240060,0.240060,0.2400,+0.00006,1,0,0,+0.00000,+0.00000,0.00000,0.00,+0.00000,+0.00000,0.00000,0.0000,0,0,0,1,+5.000,+0.000,+5.000,-0.05000,+2.849,+0.00000,0.00,+0.00000,0,+0.00000,+0.00000,0.00000,+81.299,0,203.9,0.0
17.470703,3,1,0.240059,0.240059,0.2400,+0.00006,1,0,0,+0.00000,+0.00000,0.00000,0.00,+0.00000,+0.00000,0.00000,0.0000,0,0,0,1,+5.000,+0.000,+5.000,-0.05000,+2.898,+0.00000,0.00,+0.00000,0,+0.00000,+0.00000,0.00000,+81.450,0,203.9,0.0
17.475221,3,1,0.240059,0.240059,0.2400,+0.00006,1,0,0,+0.00000,+0.00000,0.00000,0.00,+0.00000,+0.00000,0.00000,0.0000,0,0,0,1,+5.000,+0.000,+5.000,-0.05000,+2.898,+0.00000,0.00,+0.00000,0,+0.00000,+0.00000,0.00000,+81.450,0,203.9,0.0
17.479725,3,1,0.240059,0.240059,0.2400,+0.00006,1,0,0,+0.00000,+0.00000,0.00000,0.00,+0.00000,+0.00000,0.00000,0.0000,0,0,0,1,+5.000,+0.000,+5.000,-0.05000,+2.935,+0.00000,0.00,+0.00000,0,+0.00000,+0.00000,0.00000,+81.557,0,203.9,0.0
17.484330,3,1,0.240059,0.240059,0.2400,+0.00006,1,0,0,+0.00000,+0.00000,0.00000,0.00,+0.00000,+0.00000,0.00000,0.0000,0,0,0,1,+5.000,+0.000,+5.000,-0.05000,+2.935,+0.00000,0.00,+0.00000,0,+0.00000,+0.00000,0.00000,+81.557,0,203.9,0.0
17.488850,3,1,0.240059,0.240059,0.2400,+0.00006,1,0,0,+0.00000,+0.00000,0.00000,0.00,+0.00000,+0.00000,0.00000,0.0000,0,0,0,1,+5.000,+0.000,+5.000,-0.05000,+2.977,+0.00000,0.00,+0.00000,0,+0.00000,+0.00000,0.00000,+81.677,0,203.9,0.0
17.493497,3,1,0.240058,0.240058,0.2400,+0.00006,1,0,0,+0.00000,+0.00000,0.00000,0.00,+0.00000,+0.00000,0.00000,0.0000,0,0,0,1,+5.000,+0.000,+5.000,-0.05000,+2.977,+0.00000,0.00,+0.00000,0,+0.00000,+0.00000,0.00000,+81.677,0,203.9,0.0
17.498121,3,1,0.240058,0.240058,0.2400,+0.00006,1,0,0,+0.00000,+0.00000,0.00000,0.00,+0.00000,+0.00000,0.00000,0.0000,0,0,0,1,+5.000,+0.000,+5.000,-0.05000,+3.031,+0.00000,0.00,+0.00000,0,+0.00000,+0.00000,0.00000,+81.828,0,203.9,0.0
17.502550,3,1,0.240058,0.240058,0.2400,+0.00006,1,0,0,+0.00000,+0.00000,0.00000,0.00,+0.00000,+0.00000,0.00000,0.0000,0,0,0,1,+5.000,+0.000,+5.000,-0.05000,+3.031,+0.00000,0.00,+0.00000,0,+0.00000,+0.00000,0.00000,+81.828,0,203.9,0.0
17.506938,3,1,0.240058,0.240058,0.2400,+0.00006,1,0,0,+0.00000,+0.00000,0.00000,0.00,+0.00000,+0.00000,0.00000,0.0000,0,0,0,1,+5.000,+0.000,+5.000,-0.05000,+3.077,+0.00000,0.00,+0.00000,0,+0.00000,+0.00000,0.00000,+81.950,0,203.9,0.0
17.511452,3,1,0.240058,0.240058,0.2400,+0.00006,1,0,0,+0.00000,+0.00000,0.00000,0.00,+0.00000,+0.00000,0.00000,0.0000,0,0,0,1,+5.000,+0.000,+5.000,-0.05000,+3.077,+0.00000,0.00,+0.00000,0,+0.00000,+0.00000,0.00000,+81.950,0,203.9,0.0
17.516021,3,1,0.240058,0.240058,0.2400,+0.00006,1,0,0,+0.00000,+0.00000,0.00000,0.00,+0.00000,+0.00000,0.00000,0.0000,0,0,0,1,+5.000,+0.000,+5.000,-0.05000,+3.132,+0.00000,0.00,+0.00000,0,+0.00000,+0.00000,0.00000,+82.094,0,203.9,0.0
17.520557,3,1,0.240057,0.240057,0.2400,+0.00006,1,0,0,+0.00000,+0.00000,0.00000,0.00,+0.00000,+0.00000,0.00000,0.0000,0,0,0,1,+5.000,+0.000,+5.000,-0.05000,+3.178,+0.00000,0.00,+0.00000,0,+0.00000,+0.00000,0.00000,+82.209,0,203.9,0.0
17.525099,3,1,0.240057,0.240057,0.2400,+0.00006,1,0,0,+0.00000,+0.00000,0.00000,0.00,+0.00000,+0.00000,0.00000,0.0000,0,0,0,1,+5.000,+0.000,+5.000,-0.05000,+3.178,+0.00000,0.00,+0.00000,0,+0.00000,+0.00000,0.00000,+82.209,0,203.9,0.0
17.532119,3,1,0.240057,0.240057,0.2400,+0.00006,1,0,0,+0.00000,+0.00000,0.00000,0.00,+0.00000,+0.00000,0.00000,0.0000,0,0,0,1,+5.000,+0.000,+5.000,-0.05000,+3.251,+0.00000,0.00,+0.00000,0,+0.00000,+0.00000,0.00000,+82.385,0,203.9,0.0
17.536735,3,1,0.240057,0.240057,0.2400,+0.00006,1,0,0,+0.00000,+0.00000,0.00000,0.00,+0.00000,+0.00000,0.00000,0.0000,0,0,0,1,+5.000,+0.000,+5.000,-0.05000,+3.251,+0.00000,0.00,+0.00000,0,+0.00000,+0.00000,0.00000,+82.385,0,203.9,0.0
17.541256,3,1,0.240057,0.240057,0.2400,+0.00006,1,0,0,+0.00000,+0.00000,0.00000,0.00,+0.00000,+0.00000,0.00000,0.0000,0,0,0,1,+5.000,+0.000,+5.000,-0.05000,+3.310,+0.00000,0.00,+0.00000,0,+0.00000,+0.00000,0.00000,+82.523,0,203.9,0.0
17.545672,3,1,0.240056,0.240056,0.2400,+0.00006,1,0,0,+0.00000,+0.00000,0.00000,0.00,+0.00000,+0.00000,0.00000,0.0000,0,0,0,1,+5.000,+0.000,+5.000,-0.05000,+3.310,+0.00000,0.00,+0.00000,0,+0.00000,+0.00000,0.00000,+82.523,0,203.9,0.0
17.550198,3,1,0.240056,0.240056,0.2400,+0.00006,1,0,0,+0.00000,+0.00000,0.00000,0.00,+0.00000,+0.00000,0.00000,0.0000,0,0,0,1,+5.000,+0.000,+5.000,-0.05000,+3.310,+0.00000,0.00,+0.00000,0,+0.00000,+0.00000,0.00000,+82.523,0,203.9,0.0
17.554424,3,1,0.240056,0.240056,0.2400,+0.00006,1,0,0,+0.00000,+0.00000,0.00000,0.00,+0.00000,+0.00000,0.00000,0.0000,0,0,0,1,+5.000,+0.000,+5.000,-0.05000,+3.380,+0.00000,0.00,+0.00000,0,+0.00000,+0.00000,0.00000,+82.679,0,203.9,0.0
17.558922,3,1,0.240056,0.240056,0.2400,+0.00006,1,0,0,+0.00000,+0.00000,0.00000,0.00,+0.00000,+0.00000,0.00000,0.0000,0,0,0,1,+5.000,+0.000,+5.000,-0.05000,+3.380,+0.00000,0.00,+0.00000,0,+0.00000,+0.00000,0.00000,+82.679,0,203.9,0.0
17.563623,3,1,0.240056,0.240056,0.2400,+0.00006,1,0,0,+0.00000,+0.00000,0.00000,0.00,+0.00000,+0.00000,0.00000,0.0000,0,0,0,1,+5.000,+0.000,+5.000,-0.05000,+3.435,+0.00000,0.00,+0.00000,0,+0.00000,+0.00000,0.00000,+82.796,0,203.9,0.0
17.568346,3,1,0.240056,0.240056,0.2400,+0.00006,1,0,0,+0.00000,+0.00000,0.00000,0.00,+0.00000,+0.00000,0.00000,0.0000,0,0,0,1,+5.000,+0.000,+5.000,-0.05000,+3.499,+0.00000,0.00,+0.00000,0,+0.00000,+0.00000,0.00000,+82.929,0,203.9,0.0
17.572854,3,1,0.240055,0.240055,0.2400,+0.00006,1,0,0,+0.00000,+0.00000,0.00000,0.00,+0.00000,+0.00000,0.00000,0.0000,0,0,0,1,+5.000,+0.000,+5.000,-0.05000,+3.499,+0.00000,0.00,+0.00000,0,+0.00000,+0.00000,0.00000,+82.929,0,203.9,0.0
17.577451,3,1,0.240055,0.240055,0.2400,+0.00006,1,0,0,+0.00000,+0.00000,0.00000,0.00,+0.00000,+0.00000,0.00000,0.0000,0,0,0,1,+5.000,+0.000,+5.000,-0.05000,+3.569,+0.00000,0.00,+0.00000,0,+0.00000,+0.00000,0.00000,+83.068,0,203.9,0.0
17.582031,3,1,0.240055,0.240055,0.2400,+0.00006,1,0,0,+0.00000,+0.00000,0.00000,0.00,+0.00000,+0.00000,0.00000,0.0000,0,0,0,1,+5.000,+0.000,+5.000,-0.05000,+3.569,+0.00000,0.00,+0.00000,0,+0.00000,+0.00000,0.00000,+83.068,0,203.9,0.0
17.590598,3,1,0.240055,0.240055,0.2400,+0.00005,1,0,0,+0.00000,+0.00000,0.00000,0.00,+0.00000,+0.00000,0.00000,0.0000,0,0,0,1,+5.000,+0.000,+5.000,-0.05000,+3.569,+0.00000,0.00,+0.00000,0,+0.00000,+0.00000,0.00000,+83.068,0,203.9,0.0
17.595208,3,1,0.240055,0.240055,0.2400,+0.00005,1,0,0,+0.00000,+0.00000,0.00000,0.00,+0.00000,+0.00000,0.00000,0.0000,0,0,0,1,+5.000,+0.000,+5.000,-0.05000,+3.689,+0.00000,0.00,+0.00000,0,+0.00000,+0.00000,0.00000,+83.297,0,203.9,0.0
17.599573,3,1,0.240054,0.240054,0.2400,+0.00005,1,0,0,+0.00000,+0.00000,0.00000,0.00,+0.00000,+0.00000,0.00000,0.0000,0,0,0,1,+5.000,+0.000,+5.000,-0.05000,+3.731,+0.00000,0.00,+0.00000,0,+0.00000,+0.00000,0.00000,+83.373,0,203.9,0.0
17.603950,3,1,0.240054,0.240054,0.2400,+0.00005,1,0,0,+0.00000,+0.00000,0.00000,0.00,+0.00000,+0.00000,0.00000,0.0000,0,0,0,1,+5.000,+0.000,+5.000,-0.05000,+3.731,+0.00000,0.00,+0.00000,0,+0.00000,+0.00000,0.00000,+83.373,0,203.9,0.0
17.608520,3,1,0.240054,0.240054,0.2400,+0.00005,1,0,0,+0.00000,+0.00000,0.00000,0.00,+0.00000,+0.00000,0.00000,0.0000,0,0,0,1,+5.000,+0.000,+5.000,-0.05000,+3.811,+0.00000,0.00,+0.00000,0,+0.00000,+0.00000,0.00000,+83.512,0,203.9,0.0
17.613064,3,1,0.240054,0.240054,0.2400,+0.00005,1,0,0,+0.00000,+0.00000,0.00000,0.00,+0.00000,+0.00000,0.00000,0.0000,0,0,0,1,+5.000,+0.000,+5.000,-0.05000,+3.811,+0.00000,0.00,+0.00000,0,+0.00000,+0.00000,0.00000,+83.512,0,203.9,0.0
17.617554,3,1,0.240054,0.240054,0.2400,+0.00005,1,0,0,+0.00000,+0.00000,0.00000,0.00,+0.00000,+0.00000,0.00000,0.0000,0,0,0,1,+5.000,+0.000,+5.000,-0.05000,+3.903,+0.00000,0.00,+0.00000,0,+0.00000,+0.00000,0.00000,+83.667,0,203.9,0.0
17.622142,3,1,0.240054,0.240054,0.2400,+0.00005,1,0,0,+0.00000,+0.00000,0.00000,0.00,+0.00000,+0.00000,0.00000,0.0000,0,0,0,1,+5.000,+0.000,+5.000,-0.05000,+3.903,+0.00000,0.00,+0.00000,0,+0.00000,+0.00000,0.00000,+83.667,0,203.9,0.0
17.626647,3,1,0.240053,0.240053,0.2400,+0.00005,1,0,0,+0.00000,+0.00000,0.00000,0.00,+0.00000,+0.00000,0.00000,0.0000,0,0,0,1,+5.000,+0.000,+5.000,-0.05000,+3.990,+0.00000,0.00,+0.00000,0,+0.00000,+0.00000,0.00000,+83.805,0,203.9,0.0
17.631205,3,1,0.240053,0.240053,0.2400,+0.00005,1,0,0,+0.00000,+0.00000,0.00000,0.00,+0.00000,+0.00000,0.00000,0.0000,0,0,0,1,+5.000,+0.000,+5.000,-0.05000,+3.990,+0.00000,0.00,+0.00000,0,+0.00000,+0.00000,0.00000,+83.805,0,203.9,0.0
17.635788,3,1,0.240053,0.240053,0.2400,+0.00005,1,0,0,+0.00000,+0.00000,0.00000,0.00,+0.00000,+0.00000,0.00000,0.0000,0,0,0,1,+5.000,+0.000,+5.000,-0.05000,+4.084,+0.00000,0.00,+0.00000,0,+0.00000,+0.00000,0.00000,+83.949,0,203.9,0.0
17.640315,3,1,0.240053,0.240053,0.2400,+0.00005,1,0,0,+0.00000,+0.00000,0.00000,0.00,+0.00000,+0.00000,0.00000,0.0000,0,0,0,1,+5.000,+0.000,+5.000,-0.05000,+4.084,+0.00000,0.00,+0.00000,0,+0.00000,+0.00000,0.00000,+83.949,0,203.9,0.0
17.644846,3,1,0.240053,0.240053,0.2400,+0.00005,1,0,0,+0.00000,+0.00000,0.00000,0.00,+0.00000,+0.00000,0.00000,0.0000,0,0,0,1,+5.000,+0.000,+5.000,-0.05000,+4.176,+0.00000,0.00,+0.00000,0,+0.00000,+0.00000,0.00000,+84.083,0,203.9,0.0
17.653939,3,1,0.240053,0.240053,0.2400,+0.00005,1,0,0,+0.00000,+0.00000,0.00000,0.00,+0.00000,+0.00000,0.00000,0.0000,0,0,0,1,+5.000,+0.000,+5.000,-0.05000,+4.176,+0.00000,0.00,+0.00000,0,+0.00000,+0.00000,0.00000,+84.083,0,203.9,0.0
17.658289,3,1,0.240052,0.240052,0.2400,+0.00005,1,0,0,+0.00000,+0.00000,0.00000,0.00,+0.00000,+0.00000,0.00000,0.0000,0,0,0,1,+5.000,+0.000,+5.000,-0.05000,+4.300,+0.00000,0.00,+0.00000,0,+0.00000,+0.00000,0.00000,+84.255,0,203.9,0.0
17.662808,3,1,0.240052,0.240052,0.2400,+0.00005,1,0,0,+0.00000,+0.00000,0.00000,0.00,+0.00000,+0.00000,0.00000,0.0000,0,0,0,1,+5.000,+0.000,+5.000,-0.05000,+4.300,+0.00000,0.00,+0.00000,0,+0.00000,+0.00000,0.00000,+84.255,0,203.9,0.0
17.667467,3,1,0.240052,0.240052,0.2400,+0.00005,1,0,0,+0.00000,+0.00000,0.00000,0.00,+0.00000,+0.00000,0.00000,0.0000,0,0,0,1,+5.000,+0.000,+5.000,-0.05000,+4.393,+0.00000,0.00,+0.00000,0,+0.00000,+0.00000,0.00000,+84.378,0,203.9,0.0
17.672199,3,1,0.240052,0.240052,0.2400,+0.00005,1,0,0,+0.00000,+0.00000,0.00000,0.00,+0.00000,+0.00000,0.00000,0.0000,0,0,0,1,+5.000,+0.000,+5.000,-0.05000,+4.393,+0.00000,0.00,+0.00000,0,+0.00000,+0.00000,0.00000,+84.378,0,203.9,0.0
17.676592,3,1,0.240052,0.240052,0.2400,+0.00005,1,0,0,+0.00000,+0.00000,0.00000,0.00,+0.00000,+0.00000,0.00000,0.0000,0,0,0,1,+5.000,+0.000,+5.000,-0.05000,+4.489,+0.00000,0.00,+0.00000,0,+0.00000,+0.00000,0.00000,+84.499,0,203.9,0.0
17.681203,3,1,0.240052,0.240052,0.2400,+0.00005,1,0,0,+0.00000,+0.00000,0.00000,0.00,+0.00000,+0.00000,0.00000,0.0000,0,0,0,1,+5.000,+0.000,+5.000,-0.05000,+4.595,+0.00000,0.00,+0.00000,0,+0.00000,+0.00000,0.00000,+84.626,0,203.9,0.0
17.686738,3,1,0.240051,0.240051,0.2400,+0.00005,1,0,0,+0.00000,+0.00000,0.00000,0.00,+0.00000,+0.00000,0.00000,0.0000,0,0,0,1,+5.000,+0.000,+5.000,-0.05000,+4.595,+0.00000,0.00,+0.00000,0,+0.00000,+0.00000,0.00000,+84.626,0,203.9,0.0
17.691288,3,1,0.240051,0.240051,0.2400,+0.00005,1,0,0,+0.00000,+0.00000,0.00000,0.00,+0.00000,+0.00000,0.00000,0.0000,0,0,0,1,+5.000,+0.000,+5.000,-0.05000,+4.700,+0.00000,0.00,+0.00000,0,+0.00000,+0.00000,0.00000,+84.748,0,203.9,0.0
17.695570,3,1,0.240051,0.240051,0.2400,+0.00005,1,0,0,+0.00000,+0.00000,0.00000,0.00,+0.00000,+0.00000,0.00000,0.0000,0,0,0,1,+5.000,+0.000,+5.000,-0.05000,+4.700,+0.00000,0.00,+0.00000,0,+0.00000,+0.00000,0.00000,+84.748,0,203.9,0.0
17.700102,3,1,0.240051,0.240051,0.2400,+0.00005,1,0,0,+0.00000,+0.00000,0.00000,0.00,+0.00000,+0.00000,0.00000,0.0000,0,0,0,1,+5.000,+0.000,+5.000,-0.05000,+4.835,+0.00000,0.00,+0.00000,0,+0.00000,+0.00000,0.00000,+84.895,0,203.9,0.0
17.704465,3,1,0.240051,0.240051,0.2400,+0.00005,1,0,0,+0.00000,+0.00000,0.00000,0.00,+0.00000,+0.00000,0.00000,0.0000,0,0,0,1,+5.000,+0.000,+5.000,-0.05000,+4.835,+0.00000,0.00,+0.00000,0,+0.00000,+0.00000,0.00000,+84.895,0,203.9,0.0
17.708689,3,1,0.240051,0.240051,0.2400,+0.00005,1,0,0,+0.00000,+0.00000,0.00000,0.00,+0.00000,+0.00000,0.00000,0.0000,0,0,0,1,+5.000,+0.000,+5.000,-0.05000,+4.975,+0.00000,0.00,+0.00000,0,+0.00000,+0.00000,0.00000,+85.039,0,203.9,0.0
17.713404,3,1,0.240050,0.240050,0.2400,+0.00005,1,0,0,+0.00000,+0.00000,0.00000,0.00,+0.00000,+0.00000,0.00000,0.0000,0,0,0,1,+5.000,+0.000,+5.000,-0.05000,+4.975,+0.00000,0.00,+0.00000,0,+0.00000,+0.00000,0.00000,+85.039,0,203.9,0.0
17.717601,3,1,0.240050,0.240050,0.2400,+0.00005,1,0,0,+0.00000,+0.00000,0.00000,0.00,+0.00000,+0.00000,0.00000,0.0000,0,0,0,1,+5.000,+0.000,+5.000,-0.05000,+5.113,+0.00000,0.00,+0.00000,0,+0.00000,+0.00000,0.00000,+85.175,0,203.9,0.0
17.722154,3,1,0.240050,0.240050,0.2400,+0.00005,1,0,0,+0.00000,+0.00000,0.00000,0.00,+0.00000,+0.00000,0.00000,0.0000,0,0,0,1,+5.000,+0.000,+5.000,-0.05000,+5.113,+0.00000,0.00,+0.00000,0,+0.00000,+0.00000,0.00000,+85.175,0,203.9,0.0
17.726879,3,1,0.240050,0.240050,0.2400,+0.00005,1,0,0,+0.00000,+0.00000,0.00000,0.00,+0.00000,+0.00000,0.00000,0.0000,0,0,0,1,+5.000,+0.000,+5.000,-0.05000,+5.239,+0.00000,0.00,+0.00000,0,+0.00000,+0.00000,0.00000,+85.292,0,203.9,0.0
17.731591,3,1,0.240050,0.240050,0.2400,+0.00005,1,0,0,+0.00000,+0.00000,0.00000,0.00,+0.00000,+0.00000,0.00000,0.0000,0,0,0,1,+5.000,+0.000,+5.000,-0.05000,+5.239,+0.00000,0.00,+0.00000,0,+0.00000,+0.00000,0.00000,+85.292,0,203.9,0.0
17.739035,3,1,0.240050,0.240050,0.2400,+0.00005,1,0,0,+0.00000,+0.00000,0.00000,0.00,+0.00000,+0.00000,0.00000,0.0000,0,0,0,1,+5.000,+0.000,+5.000,-0.05000,+5.397,+0.00000,0.00,+0.00000,0,+0.00000,+0.00000,0.00000,+85.431,0,203.9,0.0
17.743525,3,1,0.240049,0.240049,0.2400,+0.00005,1,0,0,+0.00000,+0.00000,0.00000,0.00,+0.00000,+0.00000,0.00000,0.0000,0,0,0,1,+5.000,+0.000,+5.000,-0.05000,+5.553,+0.00000,0.00,+0.00000,0,+0.00000,+0.00000,0.00000,+85.560,0,203.9,0.0
17.747997,3,1,0.240049,0.240049,0.2400,+0.00005,1,0,0,+0.00000,+0.00000,0.00000,0.00,+0.00000,+0.00000,0.00000,0.0000,0,0,0,1,+5.000,+0.000,+5.000,-0.05000,+5.553,+0.00000,0.00,+0.00000,0,+0.00000,+0.00000,0.00000,+85.560,0,203.9,0.0
17.752531,3,1,0.240049,0.240049,0.2400,+0.00005,1,0,0,+0.00000,+0.00000,0.00000,0.00,+0.00000,+0.00000,0.00000,0.0000,0,0,0,1,+5.000,+0.000,+5.000,-0.05000,+5.712,+0.00000,0.00,+0.00000,0,+0.00000,+0.00000,0.00000,+85.685,0,203.9,0.0
17.757126,3,1,0.240049,0.240049,0.2400,+0.00005,1,0,0,+0.00000,+0.00000,0.00000,0.00,+0.00000,+0.00000,0.00000,0.0000,0,0,0,1,+5.000,+0.000,+5.000,-0.05000,+5.712,+0.00000,0.00,+0.00000,0,+0.00000,+0.00000,0.00000,+85.685,0,203.9,0.0
17.762248,3,1,0.240049,0.240049,0.2400,+0.00005,1,0,0,+0.00000,+0.00000,0.00000,0.00,+0.00000,+0.00000,0.00000,0.0000,0,0,0,1,+5.000,+0.000,+5.000,-0.05000,+5.926,+0.00000,0.00,+0.00000,0,+0.00000,+0.00000,0.00000,+85.842,0,203.9,0.0
17.767002,3,1,0.240049,0.240049,0.2400,+0.00005,1,0,0,+0.00000,+0.00000,0.00000,0.00,+0.00000,+0.00000,0.00000,0.0000,0,0,0,1,+5.000,+0.000,+5.000,-0.05000,+5.926,+0.00000,0.00,+0.00000,0,+0.00000,+0.00000,0.00000,+85.842,0,203.9,0.0
17.771547,3,1,0.240049,0.240049,0.2400,+0.00005,1,0,0,+0.00000,+0.00000,0.00000,0.00,+0.00000,+0.00000,0.00000,0.0000,0,0,0,1,+5.000,+0.000,+5.000,-0.05000,+6.104,+0.00000,0.00,+0.00000,0,+0.00000,+0.00000,0.00000,+85.964,0,203.9,0.0
17.776172,3,1,0.240048,0.240048,0.2400,+0.00005,1,0,0,+0.00000,+0.00000,0.00000,0.00,+0.00000,+0.00000,0.00000,0.0000,0,0,0,1,+5.000,+0.000,+5.000,-0.05000,+6.104,+0.00000,0.00,+0.00000,0,+0.00000,+0.00000,0.00000,+85.964,0,203.9,0.0
17.780733,3,1,0.240048,0.240048,0.2400,+0.00005,1,0,0,+0.00000,+0.00000,0.00000,0.00,+0.00000,+0.00000,0.00000,0.0000,0,0,0,1,+5.000,+0.000,+5.000,-0.05000,+6.323,+0.00000,0.00,+0.00000,0,+0.00000,+0.00000,0.00000,+86.105,0,203.9,0.0
17.785328,3,1,0.240048,0.240048,0.2400,+0.00005,1,0,0,+0.00000,+0.00000,0.00000,0.00,+0.00000,+0.00000,0.00000,0.0000,0,0,0,1,+5.000,+0.000,+5.000,-0.05000,+6.323,+0.00000,0.00,+0.00000,0,+0.00000,+0.00000,0.00000,+86.105,0,203.9,0.0
17.789959,3,1,0.240048,0.240048,0.2400,+0.00005,1,0,0,+0.00000,+0.00000,0.00000,0.00,+0.00000,+0.00000,0.00000,0.0000,0,0,0,1,+5.000,+0.000,+5.000,-0.05000,+6.540,+0.00000,0.00,+0.00000,0,+0.00000,+0.00000,0.00000,+86.236,0,203.9,0.0
17.795942,3,1,0.240048,0.240048,0.2400,+0.00005,1,0,0,+0.00000,+0.00000,0.00000,0.00,+0.00000,+0.00000,0.00000,0.0000,0,0,0,1,+5.000,+0.000,+5.000,-0.05000,+6.540,+0.00000,0.00,+0.00000,0,+0.00000,+0.00000,0.00000,+86.236,0,203.9,0.0
17.800189,3,1,0.240048,0.240048,0.2400,+0.00005,1,0,0,+0.00000,+0.00000,0.00000,0.00,+0.00000,+0.00000,0.00000,0.0000,0,0,0,1,+5.000,+0.000,+5.000,-0.05000,+6.818,+0.00000,0.00,+0.00000,0,+0.00000,+0.00000,0.00000,+86.391,0,203.9,0.0
17.804962,3,1,0.240047,0.240047,0.2400,+0.00005,1,0,0,+0.00000,+0.00000,0.00000,0.00,+0.00000,+0.00000,0.00000,0.0000,0,0,0,1,+5.000,+0.000,+5.000,-0.05000,+6.818,+0.00000,0.00,+0.00000,0,+0.00000,+0.00000,0.00000,+86.391,0,203.9,0.0
17.809492,3,1,0.240047,0.240047,0.2400,+0.00005,1,0,0,+0.00000,+0.00000,0.00000,0.00,+0.00000,+0.00000,0.00000,0.0000,0,0,0,1,+5.000,+0.000,+5.000,-0.05000,+7.089,+0.00000,0.00,+0.00000,0,+0.00000,+0.00000,0.00000,+86.531,0,203.9,0.0
17.813895,3,1,0.240047,0.240047,0.2400,+0.00005,1,0,0,+0.00000,+0.00000,0.00000,0.00,+0.00000,+0.00000,0.00000,0.0000,0,0,0,1,+5.000,+0.000,+5.000,-0.05000,+7.089,+0.00000,0.00,+0.00000,0,+0.00000,+0.00000,0.00000,+86.531,0,203.9,0.0
17.818181,3,1,0.240047,0.240047,0.2400,+0.00005,1,0,0,+0.00000,+0.00000,0.00000,0.00,+0.00000,+0.00000,0.00000,0.0000,0,0,0,1,+5.000,+0.000,+5.000,-0.05000,+7.334,+0.00000,0.00,+0.00000,0,+0.00000,+0.00000,0.00000,+86.648,0,203.9,0.0
17.824152,3,1,0.240047,0.240047,0.2400,+0.00005,1,0,0,+0.00000,+0.00000,0.00000,0.00,+0.00000,+0.00000,0.00000,0.0000,0,0,0,1,+5.000,+0.000,+5.000,-0.05000,+7.659,+0.00000,0.00,+0.00000,0,+0.00000,+0.00000,0.00000,+86.792,0,203.9,0.0
17.828358,3,1,0.240047,0.240047,0.2400,+0.00005,1,0,0,+0.00000,+0.00000,0.00000,0.00,+0.00000,+0.00000,0.00000,0.0000,0,0,0,1,+5.000,+0.000,+5.000,-0.05000,+7.659,+0.00000,0.00,+0.00000,0,+0.00000,+0.00000,0.00000,+86.792,0,203.9,0.0
17.832966,3,1,0.240047,0.240047,0.2400,+0.00005,1,0,0,+0.00000,+0.00000,0.00000,0.00,+0.00000,+0.00000,0.00000,0.0000,0,0,0,1,+5.000,+0.000,+5.000,-0.05000,+7.961,+0.00000,0.00,+0.00000,0,+0.00000,+0.00000,0.00000,+86.915,0,203.9,0.0
17.837555,3,1,0.240046,0.240046,0.2400,+0.00005,1,0,0,+0.00000,+0.00000,0.00000,0.00,+0.00000,+0.00000,0.00000,0.0000,0,0,0,1,+5.000,+0.000,+5.000,-0.05000,+7.961,+0.00000,0.00,+0.00000,0,+0.00000,+0.00000,0.00000,+86.915,0,203.9,0.0
17.842153,3,1,0.240046,0.240046,0.2400,+0.00005,1,0,0,+0.00000,+0.00000,0.00000,0.00,+0.00000,+0.00000,0.00000,0.0000,0,0,0,1,+5.000,+0.000,+5.000,-0.05000,+8.326,+0.00000,0.00,+0.00000,0,+0.00000,+0.00000,0.00000,+87.052,0,203.9,0.0
17.846499,3,1,0.240046,0.240046,0.2400,+0.00005,1,0,0,+0.00000,+0.00000,0.00000,0.00,+0.00000,+0.00000,0.00000,0.0000,0,0,0,1,+5.000,+0.000,+5.000,-0.05000,+8.326,+0.00000,0.00,+0.00000,0,+0.00000,+0.00000,0.00000,+87.052,0,203.9,0.0
17.851176,3,1,0.240046,0.240046,0.2400,+0.00005,1,0,0,+0.00000,+0.00000,0.00000,0.00,+0.00000,+0.00000,0.00000,0.0000,0,0,0,1,+5.000,+0.000,+5.000,-0.05000,+8.737,+0.00000,0.00,+0.00000,0,+0.00000,+0.00000,0.00000,+87.193,0,203.9,0.0
17.863060,3,1,0.240046,0.240046,0.2400,+0.00005,1,0,0,+0.00000,+0.00000,0.00000,0.00,+0.00000,+0.00000,0.00000,0.0000,0,0,0,1,+5.000,+0.000,+5.000,-0.05000,+8.737,+0.00000,0.00,+0.00000,0,+0.00000,+0.00000,0.00000,+87.193,0,203.9,0.0
17.871140,3,1,0.240045,0.240045,0.2400,+0.00005,1,0,0,+0.00000,+0.00000,0.00000,0.00,+0.00000,+0.00000,0.00000,0.0000,0,0,0,1,+5.000,+0.000,+5.000,-0.05000,+9.509,+0.00000,0.00,+0.00000,0,+0.00000,+0.00000,0.00000,+87.425,0,203.9,0.0
17.875747,3,1,0.240045,0.240045,0.2400,+0.00005,1,0,0,+0.00000,+0.00000,0.00000,0.00,+0.00000,+0.00000,0.00000,0.0000,0,0,0,1,+5.000,+0.000,+5.000,-0.05000,+9.888,+0.00000,0.00,+0.00000,0,+0.00000,+0.00000,0.00000,+87.525,0,203.9,0.0
17.880174,3,1,0.240045,0.240045,0.2400,+0.00005,1,0,0,+0.00000,+0.00000,0.00000,0.00,+0.00000,+0.00000,0.00000,0.0000,0,0,0,1,+5.000,+0.000,+5.000,-0.05000,+9.888,+0.00000,0.00,+0.00000,0,+0.00000,+0.00000,0.00000,+87.525,0,203.9,0.0
17.884782,3,1,0.240045,0.240045,0.2400,+0.00005,1,0,0,+0.00000,+0.00000,0.00000,0.00,+0.00000,+0.00000,0.00000,0.0000,0,0,0,1,+5.000,+0.000,+5.000,-0.05000,+10.398,+0.00000,0.00,+0.00000,0,+0.00000,+0.00000,0.00000,+87.649,0,203.9,0.0
17.889520,3,1,0.240045,0.240045,0.2400,+0.00004,1,0,0,+0.00000,+0.00000,0.00000,0.00,+0.00000,+0.00000,0.00000,0.0000,0,0,0,1,+5.000,+0.000,+5.000,-0.05000,+10.398,+0.00000,0.00,+0.00000,0,+0.00000,+0.00000,0.00000,+87.649,0,203.9,0.0
17.894115,3,1,0.240045,0.240045,0.2400,+0.00004,1,0,0,+0.00000,+0.00000,0.00000,0.00,+0.00000,+0.00000,0.00000,0.0000,0,0,0,1,+5.000,+0.000,+5.000,-0.05000,+11.080,+0.00000,0.00,+0.00000,0,+0.00000,+0.00000,0.00000,+87.798,0,203.9,0.0
17.898719,3,1,0.240045,0.240045,0.2400,+0.00004,1,0,0,+0.00000,+0.00000,0.00000,0.00,+0.00000,+0.00000,0.00000,0.0000,0,0,0,1,+5.000,+0.000,+5.000,-0.05000,+11.080,+0.00000,0.00,+0.00000,0,+0.00000,+0.00000,0.00000,+87.798,0,203.9,0.0
17.903482,3,1,0.240044,0.240044,0.2400,+0.00004,1,0,0,+0.00000,+0.00000,0.00000,0.00,+0.00000,+0.00000,0.00000,0.0000,0,0,0,1,+5.000,+0.000,+5.000,-0.05000,+11.816,+0.00000,0.00,+0.00000,0,+0.00000,+0.00000,0.00000,+87.938,0,203.9,0.0
17.907958,3,1,0.240044,0.240044,0.2400,+0.00004,1,0,0,+0.00000,+0.00000,0.00000,0.00,+0.00000,+0.00000,0.00000,0.0000,0,0,0,1,+5.000,+0.000,+5.000,-0.05000,+11.816,+0.00000,0.00,+0.00000,0,+0.00000,+0.00000,0.00000,+87.938,0,203.9,0.0
17.912512,3,1,0.240044,0.240044,0.2400,+0.00004,1,0,0,+0.00000,+0.00000,0.00000,0.00,+0.00000,+0.00000,0.00000,0.0000,0,0,0,1,+5.000,+0.000,+5.000,-0.05000,+12.550,+0.00000,0.00,+0.00000,0,+0.00000,+0.00000,0.00000,+88.063,0,203.9,0.0
17.917047,3,1,0.240044,0.240044,0.2400,+0.00004,1,0,0,+0.00000,+0.00000,0.00000,0.00,+0.00000,+0.00000,0.00000,0.0000,0,0,0,1,+5.000,+0.000,+5.000,-0.05000,+13.200,+0.00000,0.00,+0.00000,0,+0.00000,+0.00000,0.00000,+88.161,0,203.9,0.0
17.921624,3,1,0.240044,0.240044,0.2400,+0.00004,1,0,0,+0.00000,+0.00000,0.00000,0.00,+0.00000,+0.00000,0.00000,0.0000,0,0,0,1,+5.000,+0.000,+5.000,-0.05000,+13.200,+0.00000,0.00,+0.00000,0,+0.00000,+0.00000,0.00000,+88.161,0,203.9,0.0
17.926039,3,1,0.240044,0.240044,0.2400,+0.00004,1,0,0,+0.00000,+0.00000,0.00000,0.00,+0.00000,+0.00000,0.00000,0.0000,0,0,0,1,+5.000,+0.000,+5.000,-0.05000,+14.220,+0.00000,0.00,+0.00000,0,+0.00000,+0.00000,0.00000,+88.298,0,203.9,0.0
17.930586,3,1,0.240044,0.240044,0.2400,+0.00004,1,0,0,+0.00000,+0.00000,0.00000,0.00,+0.00000,+0.00000,0.00000,0.0000,0,0,0,1,+5.000,+0.000,+5.000,-0.05000,+14.220,+0.00000,0.00,+0.00000,0,+0.00000,+0.00000,0.00000,+88.298,0,203.9,0.0
17.935035,3,1,0.240044,0.240044,0.2400,+0.00004,1,0,0,+0.00000,+0.00000,0.00000,0.00,+0.00000,+0.00000,0.00000,0.0000,0,0,0,1,+5.000,+0.000,+5.000,-0.05000,+15.392,+0.00000,0.00,+0.00000,0,+0.00000,+0.00000,0.00000,+88.433,0,203.9,0.0
17.939690,3,1,0.240043,0.240043,0.2400,+0.00004,1,0,0,+0.00000,+0.00000,0.00000,0.00,+0.00000,+0.00000,0.00000,0.0000,0,0,0,1,+5.000,+0.000,+5.000,-0.05000,+15.392,+0.00000,0.00,+0.00000,0,+0.00000,+0.00000,0.00000,+88.433,0,203.9,0.0
17.944263,3,1,0.240043,0.240043,0.2400,+0.00004,1,0,0,+0.00000,+0.00000,0.00000,0.00,+0.00000,+0.00000,0.00000,0.0000,0,0,0,1,+5.000,+0.000,+5.000,-0.05000,+16.715,+0.00000,0.00,+0.00000,0,+0.00000,+0.00000,0.00000,+88.564,0,203.9,0.0
17.948876,3,1,0.240043,0.240043,0.2400,+0.00004,1,0,0,+0.00000,+0.00000,0.00000,0.00,+0.00000,+0.00000,0.00000,0.0000,0,0,0,1,+5.000,+0.000,+5.000,-0.05000,+16.715,+0.00000,0.00,+0.00000,0,+0.00000,+0.00000,0.00000,+88.564,0,203.9,0.0
17.953367,3,1,0.240043,0.240043,0.2400,+0.00004,1,0,0,+0.00000,+0.00000,0.00000,0.00,+0.00000,+0.00000,0.00000,0.0000,0,0,0,1,+5.000,+0.000,+5.000,-0.05000,+18.147,+0.00000,0.00,+0.00000,0,+0.00000,+0.00000,0.00000,+88.684,0,203.9,0.0
17.957980,3,1,0.240043,0.240043,0.2400,+0.00004,1,0,0,+0.00000,+0.00000,0.00000,0.00,+0.00000,+0.00000,0.00000,0.0000,0,0,0,1,+5.000,+0.000,+5.000,-0.05000,+18.147,+0.00000,0.00,+0.00000,0,+0.00000,+0.00000,0.00000,+88.684,0,203.9,0.0
17.962332,3,1,0.240043,0.240043,0.2400,+0.00004,1,0,0,+0.00000,+0.00000,0.00000,0.00,+0.00000,+0.00000,0.00000,0.0000,0,0,0,1,+5.000,+0.000,+5.000,-0.05000,+20.321,+0.00000,0.00,+0.00000,0,+0.00000,+0.00000,0.00000,+88.836,0,203.9,0.0
17.966989,3,1,0.240043,0.240043,0.2400,+0.00004,1,0,0,+0.00000,+0.00000,0.00000,0.00,+0.00000,+0.00000,0.00000,0.0000,0,0,0,1,+5.000,+0.000,+5.000,-0.05000,+22.208,+0.00000,0.00,+0.00000,0,+0.00000,+0.00000,0.00000,+88.944,0,203.9,0.0
17.971627,3,1,0.240042,0.240042,0.2400,+0.00004,1,0,0,+0.00000,+0.00000,0.00000,0.00,+0.00000,+0.00000,0.00000,0.0000,0,0,0,1,+5.000,+0.000,+5.000,-0.05000,+22.208,+0.00000,0.00,+0.00000,0,+0.00000,+0.00000,0.00000,+88.944,0,203.9,0.0
17.976374,3,1,0.240042,0.240042,0.2400,+0.00004,1,0,0,+0.00000,+0.00000,0.00000,0.00,+0.00000,+0.00000,0.00000,0.0000,0,0,0,1,+5.000,+0.000,+5.000,-0.05000,+24.899,+0.00000,0.00,+0.00000,0,+0.00000,+0.00000,0.00000,+89.071,0,203.9,0.0
17.980954,3,1,0.240042,0.240042,0.2400,+0.00004,1,0,0,+0.00000,+0.00000,0.00000,0.00,+0.00000,+0.00000,0.00000,0.0000,0,0,0,1,+5.000,+0.000,+5.000,-0.05000,+24.899,+0.00000,0.00,+0.00000,0,+0.00000,+0.00000,0.00000,+89.071,0,203.9,0.0
17.985970,3,1,0.240042,0.240042,0.2400,+0.00004,1,0,0,+0.00000,+0.00000,0.00000,0.00,+0.00000,+0.00000,0.00000,0.0000,0,0,0,1,+5.000,+0.000,+5.000,-0.05000,+28.209,+0.00000,0.00,+0.00000,0,+0.00000,+0.00000,0.00000,+89.196,0,203.9,0.0
17.990726,3,1,0.240042,0.240042,0.2400,+0.00004,1,0,0,+0.00000,+0.00000,0.00000,0.00,+0.00000,+0.00000,0.00000,0.0000,0,0,0,1,+5.000,+0.000,+5.000,-0.05000,+28.209,+0.00000,0.00,+0.00000,0,+0.00000,+0.00000,0.00000,+89.196,0,203.9,0.0
17.996117,3,1,0.240042,0.240042,0.2400,+0.00004,1,0,0,+0.00000,+0.00000,0.00000,0.00,+0.00000,+0.00000,0.00000,0.0000,0,0,0,1,+5.000,+0.000,+5.000,-0.05000,+32.576,+0.00000,0.00,+0.00000,0,+0.00000,+0.00000,0.00000,+89.325,0,203.9,0.0
18.000651,3,1,0.240042,0.240042,0.2400,+0.00004,1,0,0,+0.00000,+0.00000,0.00000,0.00,+0.00000,+0.00000,0.00000,0.0000,0,0,0,1,+5.000,+0.000,+5.000,-0.05000,+37.780,+0.00000,0.00,+0.00000,0,+0.00000,+0.00000,0.00000,+89.444,0,203.9,0.0
18.005270,3,1,0.240042,0.240042,0.2400,+0.00004,1,0,0,+0.00000,+0.00000,0.00000,0.00,+0.00000,+0.00000,0.00000,0.0000,0,0,0,1,+5.000,+0.000,+5.000,-0.05000,+37.780,+0.00000,0.00,+0.00000,0,+0.00000,+0.00000,0.00000,+89.444,0,203.9,0.0
18.009775,3,1,0.240041,0.240041,0.2400,+0.00004,1,0,0,+0.00000,+0.00000,0.00000,0.00,+0.00000,+0.00000,0.00000,0.0000,0,0,0,1,+5.000,+0.000,+5.000,-0.05000,+45.879,+0.00000,0.00,+0.00000,0,+0.00000,+0.00000,0.00000,+89.582,0,203.9,0.0
18.014303,3,1,0.240041,0.240041,0.2400,+0.00004,1,0,0,+0.00000,+0.00000,0.00000,0.00,+0.00000,+0.00000,0.00000,0.0000,0,0,0,1,+5.000,+0.000,+5.000,-0.05000,+45.879,+0.00000,0.00,+0.00000,0,+0.00000,+0.00000,0.00000,+89.582,0,203.9,0.0
18.018825,3,1,0.240041,0.240041,0.2400,+0.00004,1,0,0,+0.00000,+0.00000,0.00000,0.00,+0.00000,+0.00000,0.00000,0.0000,0,0,0,1,+5.000,+0.000,+5.000,-0.05000,+54.824,+0.00000,0.00,+0.00000,0,+0.00000,+0.00000,0.00000,+89.696,0,203.9,0.0
18.031504,3,1,0.240041,0.240041,0.2400,+0.00004,1,0,0,+0.00000,+0.00000,0.00000,0.00,+0.00000,+0.00000,0.00000,0.0000,0,0,0,1,+5.000,+0.000,+5.000,-0.05000,+54.824,+0.00000,0.00,+0.00000,0,+0.00000,+0.00000,0.00000,+89.696,0,203.9,0.0
18.038913,3,1,0.240041,0.240041,0.2400,+0.00004,1,0,0,+0.00000,+0.00000,0.00000,0.00,+0.00000,+0.00000,0.00000,0.0000,0,0,0,1,+5.000,+0.000,+5.000,-0.05000,+85.424,+0.00000,0.00,+0.00000,0,+0.00000,+0.00000,0.00000,+89.965,0,203.9,0.0
18.043473,3,1,0.240040,0.240040,0.2400,+0.00004,1,0,0,+0.00000,+0.00000,0.00000,0.00,+0.00000,+0.00000,0.00000,0.0000,0,0,0,1,+5.000,+0.000,+5.000,-0.05000,+102.192,+0.00000,0.00,+0.00000,0,+0.00000,+0.00000,0.00000,+90.093,0,203.9,0.0
18.048178,3,1,0.240040,0.240040,0.2400,+0.00004,1,0,0,+0.00000,+0.00000,0.00000,0.00,+0.00000,+0.00000,0.00000,0.0000,0,0,0,1,+5.000,+0.000,+5.000,-0.05000,+102.192,+0.00000,0.00,+0.00000,0,+0.00000,+0.00000,0.00000,+90.093,0,203.9,0.0
18.052521,3,1,0.240040,0.240040,0.2400,+0.00004,1,0,0,+0.00000,+0.00000,0.00000,0.00,+0.00000,+0.00000,0.00000,0.0000,0,0,0,1,+5.000,+0.000,+5.000,-0.05000,+116.869,+0.00000,0.00,+0.00000,0,+0.00000,+0.00000,0.00000,+90.218,0,203.9,0.0
18.057524,3,1,0.240040,0.240040,0.2400,+0.00004,1,0,0,+0.00000,+0.00000,0.00000,0.00,+0.00000,+0.00000,0.00000,0.0000,0,0,0,1,+5.000,+0.000,+5.000,-0.05000,+116.869,+0.00000,0.00,+0.00000,0,+0.00000,+0.00000,0.00000,+90.218,0,203.9,0.0
18.062340,3,1,0.240040,0.240040,0.2400,+0.00004,1,0,0,+0.00000,+0.00000,0.00000,0.00,+0.00000,+0.00000,0.00000,0.0000,0,0,0,1,+5.000,+0.000,+5.000,-0.05000,+129.280,+0.00000,0.00,+0.00000,0,+0.00000,+0.00000,0.00000,+90.353,0,203.9,0.0
18.066923,3,1,0.240040,0.240040,0.2400,+0.00004,1,0,0,+0.00000,+0.00000,0.00000,0.00,+0.00000,+0.00000,0.00000,0.0000,0,0,0,1,+5.000,+0.000,+5.000,-0.05000,+129.280,+0.00000,0.00,+0.00000,0,+0.00000,+0.00000,0.00000,+90.353,0,203.9,0.0
18.071456,3,1,0.240040,0.240040,0.2400,+0.00004,1,0,0,+0.00000,+0.00000,0.00000,0.00,+0.00000,+0.00000,0.00000,0.0000,0,0,0,1,+5.000,+0.000,+5.000,-0.05000,+137.793,+0.00000,0.00,+0.00000,0,+0.00000,+0.00000,0.00000,+90.475,0,203.9,0.0
18.076022,3,1,0.240040,0.240040,0.2400,+0.00004,1,0,0,+0.00000,+0.00000,0.00000,0.00,+0.00000,+0.00000,0.00000,0.0000,0,0,0,1,+5.000,+0.000,+5.000,-0.05000,+137.793,+0.00000,0.00,+0.00000,0,+0.00000,+0.00000,0.00000,+90.475,0,203.9,0.0
18.080439,3,1,0.240040,0.240040,0.2400,+0.00004,1,0,0,+0.00000,+0.00000,0.00000,0.00,+0.00000,+0.00000,0.00000,0.0000,0,0,0,1,+5.000,+0.000,+5.000,-0.05000,+145.102,+0.00000,0.00,+0.00000,0,+0.00000,+0.00000,0.00000,+90.618,0,203.9,0.0
18.086342,3,1,0.240039,0.240039,0.2400,+0.00004,1,0,0,+0.00000,+0.00000,0.00000,0.00,+0.00000,+0.00000,0.00000,0.0000,0,0,0,1,+5.000,+0.000,+5.000,-0.05000,+145.102,+0.00000,0.00,+0.00000,0,+0.00000,+0.00000,0.00000,+90.618,0,203.9,0.0
18.090613,3,1,0.240039,0.240039,0.2400,+0.00004,1,0,0,+0.00000,+0.00000,0.00000,0.00,+0.00000,+0.00000,0.00000,0.0000,0,0,0,1,+5.000,+0.000,+5.000,-0.05000,+150.249,+0.00000,0.00,+0.00000,0,+0.00000,+0.00000,0.00000,+90.754,0,203.9,0.0
18.095327,3,1,0.240039,0.240039,0.2400,+0.00004,1,0,0,+0.00000,+0.00000,0.00000,0.00,+0.00000,+0.00000,0.00000,0.0000,0,0,0,1,+5.000,+0.000,+5.000,-0.05000,+150.249,+0.00000,0.00,+0.00000,0,+0.00000,+0.00000,0.00000,+90.754,0,203.9,0.0
18.099956,3,1,0.240039,0.240039,0.2400,+0.00004,1,0,0,+0.00000,+0.00000,0.00000,0.00,+0.00000,+0.00000,0.00000,0.0000,0,0,0,1,+5.000,+0.000,+5.000,-0.05000,+154.266,+0.00000,0.00,+0.00000,0,+0.00000,+0.00000,0.00000,+90.895,0,203.9,0.0
18.104311,3,1,0.240039,0.240039,0.2400,+0.00004,1,0,0,+0.00000,+0.00000,0.00000,0.00,+0.00000,+0.00000,0.00000,0.0000,0,0,0,1,+5.000,+0.000,+5.000,-0.05000,+154.266,+0.00000,0.00,+0.00000,0,+0.00000,+0.00000,0.00000,+90.895,0,203.9,0.0
18.108841,3,1,0.240039,0.240039,0.2400,+0.00004,1,0,0,+0.00000,+0.00000,0.00000,0.00,+0.00000,+0.00000,0.00000,0.0000,0,0,0,1,+5.000,+0.000,+5.000,-0.05000,+157.305,+0.00000,0.00,+0.00000,0,+0.00000,+0.00000,0.00000,+91.031,0,203.9,0.0
18.113245,3,1,0.240039,0.240039,0.2400,+0.00004,1,0,0,+0.00000,+0.00000,0.00000,0.00,+0.00000,+0.00000,0.00000,0.0000,0,0,0,1,+5.000,+0.000,+5.000,-0.05000,+159.456,+0.00000,0.00,+0.00000,0,+0.00000,+0.00000,0.00000,+91.151,0,203.9,0.0
18.117801,3,1,0.240039,0.240039,0.2400,+0.00004,1,0,0,+0.00000,+0.00000,0.00000,0.00,+0.00000,+0.00000,0.00000,0.0000,0,0,0,1,+5.000,+0.000,+5.000,-0.05000,+159.456,+0.00000,0.00,+0.00000,0,+0.00000,+0.00000,0.00000,+91.151,0,203.9,0.0
18.123839,3,1,0.240038,0.240038,0.2400,+0.00004,1,0,0,+0.00000,+0.00000,0.00000,0.00,+0.00000,+0.00000,0.00000,0.0000,0,0,0,1,+5.000,+0.000,+5.000,-0.05000,+159.456,+0.00000,0.00,+0.00000,0,+0.00000,+0.00000,0.00000,+91.151,0,203.9,0.0
18.128682,3,1,0.240038,0.240038,0.2400,+0.00004,1,0,0,+0.00000,+0.00000,0.00000,0.00,+0.00000,+0.00000,0.00000,0.0000,0,0,0,1,+5.000,+0.000,+5.000,-0.05000,+162.121,+0.00000,0.00,+0.00000,0,+0.00000,+0.00000,0.00000,+91.337,0,203.9,0.0
18.133206,3,1,0.240038,0.240038,0.2400,+0.00004,1,0,0,+0.00000,+0.00000,0.00000,0.00,+0.00000,+0.00000,0.00000,0.0000,0,0,0,1,+5.000,+0.000,+5.000,-0.05000,+162.121,+0.00000,0.00,+0.00000,0,+0.00000,+0.00000,0.00000,+91.337,0,203.9,0.0
18.137546,3,1,0.240038,0.240038,0.2400,+0.00004,1,0,0,+0.00000,+0.00000,0.00000,0.00,+0.00000,+0.00000,0.00000,0.0000,0,0,0,1,+5.000,+0.000,+5.000,-0.05000,+163.600,+0.00000,0.00,+0.00000,0,+0.00000,+0.00000,0.00000,+91.465,0,203.9,0.0
18.142104,3,1,0.240038,0.240038,0.2400,+0.00004,1,0,0,+0.00000,+0.00000,0.00000,0.00,+0.00000,+0.00000,0.00000,0.0000,0,0,0,1,+5.000,+0.000,+5.000,-0.05000,+164.801,+0.00000,0.00,+0.00000,0,+0.00000,+0.00000,0.00000,+91.587,0,203.9,0.0
18.153947,3,1,0.240038,0.240038,0.2400,+0.00004,1,0,0,+0.00000,+0.00000,0.00000,0.00,+0.00000,+0.00000,0.00000,0.0000,0,0,0,1,+5.000,+0.000,+5.000,-0.05000,+164.801,+0.00000,0.00,+0.00000,0,+0.00000,+0.00000,0.00000,+91.587,0,203.9,0.0
18.158473,3,1,0.240038,0.240038,0.2400,+0.00004,1,0,0,+0.00000,+0.00000,0.00000,0.00,+0.00000,+0.00000,0.00000,0.0000,0,0,0,1,+5.000,+0.000,+5.000,-0.05000,+166.386,+0.00000,0.00,+0.00000,0,+0.00000,+0.00000,0.00000,+91.781,0,203.9,0.0
18.163234,3,1,0.240037,0.240037,0.2400,+0.00004,1,0,0,+0.00000,+0.00000,0.00000,0.00,+0.00000,+0.00000,0.00000,0.0000,0,0,0,1,+5.000,+0.000,+5.000,-0.05000,+166.386,+0.00000,0.00,+0.00000,0,+0.00000,+0.00000,0.00000,+91.781,0,203.9,0.0
18.167798,3,1,0.240037,0.240037,0.2400,+0.00004,1,0,0,+0.00000,+0.00000,0.00000,0.00,+0.00000,+0.00000,0.00000,0.0000,0,0,0,1,+5.000,+0.000,+5.000,-0.05000,+167.387,+0.00000,0.00,+0.00000,0,+0.00000,+0.00000,0.00000,+91.927,0,203.9,0.0
18.172224,3,1,0.240037,0.240037,0.2400,+0.00004,1,0,0,+0.00000,+0.00000,0.00000,0.00,+0.00000,+0.00000,0.00000,0.0000,0,0,0,1,+5.000,+0.000,+5.000,-0.05000,+167.387,+0.00000,0.00,+0.00000,0,+0.00000,+0.00000,0.00000,+91.927,0,203.9,0.0
18.176472,3,1,0.240037,0.240037,0.2400,+0.00004,1,0,0,+0.00000,+0.00000,0.00000,0.00,+0.00000,+0.00000,0.00000,0.0000,0,0,0,1,+5.000,+0.000,+5.000,-0.05000,+168.120,+0.00000,0.00,+0.00000,0,+0.00000,+0.00000,0.00000,+92.050,0,203.9,0.0
18.181211,3,1,0.240037,0.240037,0.2400,+0.00004,1,0,0,+0.00000,+0.00000,0.00000,0.00,+0.00000,+0.00000,0.00000,0.0000,0,0,0,1,+5.000,+0.000,+5.000,-0.05000,+168.790,+0.00000,0.00,+0.00000,0,+0.00000,+0.00000,0.00000,+92.176,0,203.9,0.0
18.186126,3,1,0.240037,0.240037,0.2400,+0.00004,1,0,0,+0.00000,+0.00000,0.00000,0.00,+0.00000,+0.00000,0.00000,0.0000,0,0,0,1,+5.000,+0.000,+5.000,-0.05000,+168.790,+0.00000,0.00,+0.00000,0,+0.00000,+0.00000,0.00000,+92.176,0,203.9,0.0
18.190504,3,1,0.240037,0.240037,0.2400,+0.00004,1,0,0,+0.00000,+0.00000,0.00000,0.00,+0.00000,+0.00000,0.00000,0.0000,0,0,0,1,+5.000,+0.000,+5.000,-0.05000,+168.790,+0.00000,0.00,+0.00000,0,+0.00000,+0.00000,0.00000,+92.176,0,203.9,0.0
18.195152,3,1,0.240037,0.240037,0.2400,+0.00004,1,0,0,+0.00000,+0.00000,0.00000,0.00,+0.00000,+0.00000,0.00000,0.0000,0,0,0,1,+5.000,+0.000,+5.000,-0.05000,+169.551,+0.00000,0.00,+0.00000,0,+0.00000,+0.00000,0.00000,+92.339,0,203.9,0.0
18.205912,3,1,0.240036,0.240036,0.2400,+0.00004,1,0,0,+0.00000,+0.00000,0.00000,0.00,+0.00000,+0.00000,0.00000,0.0000,0,0,0,1,+5.000,+0.000,+5.000,-0.05000,+170.327,+0.00000,0.00,+0.00000,0,+0.00000,+0.00000,0.00000,+92.530,0,203.9,0.0
18.210418,3,1,0.240036,0.240036,0.2400,+0.00004,1,0,0,+0.00000,+0.00000,0.00000,0.00,+0.00000,+0.00000,0.00000,0.0000,0,0,0,1,+5.000,+0.000,+5.000,-0.05000,+170.327,+0.00000,0.00,+0.00000,0,+0.00000,+0.00000,0.00000,+92.530,0,203.9,0.0
18.215173,3,1,0.240036,0.240036,0.2400,+0.00004,1,0,0,+0.00000,+0.00000,0.00000,0.00,+0.00000,+0.00000,0.00000,0.0000,0,0,0,1,+5.000,+0.000,+5.000,-0.05000,+170.811,+0.00000,0.00,+0.00000,0,+0.00000,+0.00000,0.00000,+92.666,0,203.9,0.0
18.219625,3,1,0.240036,0.240036,0.2400,+0.00004,1,0,0,+0.00000,+0.00000,0.00000,0.00,+0.00000,+0.00000,0.00000,0.0000,0,0,0,1,+5.000,+0.000,+5.000,-0.05000,+170.811,+0.00000,0.00,+0.00000,0,+0.00000,+0.00000,0.00000,+92.666,0,203.9,0.0
18.224263,3,1,0.240036,0.240036,0.2400,+0.00004,1,0,0,+0.00000,+0.00000,0.00000,0.00,+0.00000,+0.00000,0.00000,0.0000,0,0,0,1,+5.000,+0.000,+5.000,-0.05000,+171.303,+0.00000,0.00,+0.00000,0,+0.00000,+0.00000,0.00000,+92.820,0,203.9,0.0
18.229159,3,1,0.240036,0.240036,0.2400,+0.00004,1,0,0,+0.00000,+0.00000,0.00000,0.00,+0.00000,+0.00000,0.00000,0.0000,0,0,0,1,+5.000,+0.000,+5.000,-0.05000,+171.303,+0.00000,0.00,+0.00000,0,+0.00000,+0.00000,0.00000,+92.820,0,203.9,0.0
18.233563,3,1,0.240036,0.240036,0.2400,+0.00004,1,0,0,+0.00000,+0.00000,0.00000,0.00,+0.00000,+0.00000,0.00000,0.0000,0,0,0,1,+5.000,+0.000,+5.000,-0.05000,+171.619,+0.00000,0.00,+0.00000,0,+0.00000,+0.00000,0.00000,+92.928,0,204.2,0.0
18.238370,3,1,0.240036,0.240036,0.2400,+0.00004,1,0,0,+0.00000,+0.00000,0.00000,0.00,+0.00000,+0.00000,0.00000,0.0000,0,0,0,1,+5.000,+0.000,+5.000,-0.05000,+171.619,+0.00000,0.00,+0.00000,0,+0.00000,+0.00000,0.00000,+92.928,0,204.2,0.0
18.242573,3,1,0.240035,0.240035,0.2400,+0.00004,1,0,0,+0.00000,+0.00000,0.00000,0.00,+0.00000,+0.00000,0.00000,0.0000,0,0,0,1,+5.000,+0.000,+5.000,-0.05000,+171.943,+0.00000,0.00,+0.00000,0,+0.00000,+0.00000,0.00000,+93.047,0,204.2,0.0
18.247193,3,1,0.240035,0.240035,0.2400,+0.00004,1,0,0,+0.00000,+0.00000,0.00000,0.00,+0.00000,+0.00000,0.00000,0.0000,0,0,0,1,+5.000,+0.000,+5.000,-0.05000,+171.943,+0.00000,0.00,+0.00000,0,+0.00000,+0.00000,0.00000,+93.047,0,204.2,0.0
18.251444,3,1,0.240035,0.240035,0.2400,+0.00004,1,0,0,+0.00000,+0.00000,0.00000,0.00,+0.00000,+0.00000,0.00000,0.0000,0,0,0,1,+5.000,+0.000,+5.000,-0.05000,+172.286,+0.00000,0.00,+0.00000,0,+0.00000,+0.00000,0.00000,+93.185,0,204.2,0.0
18.263555,3,1,0.240035,0.240035,0.2400,+0.00003,1,0,0,+0.00000,+0.00000,0.00000,0.00,+0.00000,+0.00000,0.00000,0.0000,0,0,0,1,+5.000,+0.000,+5.000,-0.05000,+172.563,+0.00000,0.00,+0.00000,0,+0.00000,+0.00000,0.00000,+93.305,0,204.2,0.0
18.267870,3,1,0.240035,0.240035,0.2400,+0.00003,1,0,0,+0.00000,+0.00000,0.00000,0.00,+0.00000,+0.00000,0.00000,0.0000,0,0,0,1,+5.000,+0.000,+5.000,-0.05000,+172.877,+0.00000,0.00,+0.00000,0,+0.00000,+0.00000,0.00000,+93.453,0,204.2,0.0
18.272413,3,1,0.240035,0.240035,0.2400,+0.00003,1,0,0,+0.00000,+0.00000,0.00000,0.00,+0.00000,+0.00000,0.00000,0.0000,0,0,0,1,+5.000,+0.000,+5.000,-0.05000,+172.877,+0.00000,0.00,+0.00000,0,+0.00000,+0.00000,0.00000,+93.453,0,204.2,0.0
18.276953,3,1,0.240035,0.240035,0.2400,+0.00003,1,0,0,+0.00000,+0.00000,0.00000,0.00,+0.00000,+0.00000,0.00000,0.0000,0,0,0,1,+5.000,+0.000,+5.000,-0.05000,+173.093,+0.00000,0.00,+0.00000,0,+0.00000,+0.00000,0.00000,+93.561,0,204.2,0.0
18.281616,3,1,0.240035,0.240035,0.2400,+0.00003,1,0,0,+0.00000,+0.00000,0.00000,0.00,+0.00000,+0.00000,0.00000,0.0000,0,0,0,1,+5.000,+0.000,+5.000,-0.05000,+173.093,+0.00000,0.00,+0.00000,0,+0.00000,+0.00000,0.00000,+93.561,0,204.2,0.0
18.285927,3,1,0.240034,0.240034,0.2400,+0.00003,1,0,0,+0.00000,+0.00000,0.00000,0.00,+0.00000,+0.00000,0.00000,0.0000,0,0,0,1,+5.000,+0.000,+5.000,-0.05000,+173.336,+0.00000,0.00,+0.00000,0,+0.00000,+0.00000,0.00000,+93.693,0,204.2,0.0
18.290306,3,1,0.240034,0.240034,0.2400,+0.00003,1,0,0,+0.00000,+0.00000,0.00000,0.00,+0.00000,+0.00000,0.00000,0.0000,0,0,0,1,+5.000,+0.000,+5.000,-0.05000,+173.336,+0.00000,0.00,+0.00000,0,+0.00000,+0.00000,0.00000,+93.693,0,204.2,0.0
18.295840,3,1,0.240034,0.240034,0.2400,+0.00003,1,0,0,+0.00000,+0.00000,0.00000,0.00,+0.00000,+0.00000,0.00000,0.0000,0,0,0,1,+5.000,+0.000,+5.000,-0.05000,+173.573,+0.00000,0.00,+0.00000,0,+0.00000,+0.00000,0.00000,+93.830,0,204.2,0.0
18.300526,3,1,0.240034,0.240034,0.2400,+0.00003,1,0,0,+0.00000,+0.00000,0.00000,0.00,+0.00000,+0.00000,0.00000,0.0000,0,0,0,1,+5.000,+0.000,+5.000,-0.05000,+173.807,+0.00000,0.00,+0.00000,0,+0.00000,+0.00000,0.00000,+93.976,0,204.2,0.0
18.304952,3,1,0.240034,0.240034,0.2400,+0.00003,1,0,0,+0.00000,+0.00000,0.00000,0.00,+0.00000,+0.00000,0.00000,0.0000,0,0,0,1,+5.000,+0.000,+5.000,-0.05000,+173.807,+0.00000,0.00,+0.00000,0,+0.00000,+0.00000,0.00000,+93.976,0,204.2,0.0
18.309546,3,1,0.240034,0.240034,0.2400,+0.00003,1,0,0,+0.00000,+0.00000,0.00000,0.00,+0.00000,+0.00000,0.00000,0.0000,0,0,0,1,+5.000,+0.000,+5.000,-0.05000,+174.009,+0.00000,0.00,+0.00000,0,+0.00000,+0.00000,0.00000,+94.112,0,204.2,0.0
18.313794,3,1,0.240034,0.240034,0.2400,+0.00003,1,0,0,+0.00000,+0.00000,0.00000,0.00,+0.00000,+0.00000,0.00000,0.0000,0,0,0,1,+5.000,+0.000,+5.000,-0.05000,+174.009,+0.00000,0.00,+0.00000,0,+0.00000,+0.00000,0.00000,+94.112,0,204.2,0.0
18.317957,3,1,0.240034,0.240034,0.2400,+0.00003,1,0,0,+0.00000,+0.00000,0.00000,0.00,+0.00000,+0.00000,0.00000,0.0000,0,0,0,1,+5.000,+0.000,+5.000,-0.05000,+174.177,+0.00000,0.00,+0.00000,0,+0.00000,+0.00000,0.00000,+94.232,0,204.2,0.0
18.325040,3,1,0.240034,0.240034,0.2400,+0.00003,1,0,0,+0.00000,+0.00000,0.00000,0.00,+0.00000,+0.00000,0.00000,0.0000,0,0,0,1,+5.000,+0.000,+5.000,-0.05000,+174.177,+0.00000,0.00,+0.00000,0,+0.00000,+0.00000,0.00000,+94.232,0,204.2,0.0
18.329690,3,1,0.240033,0.240033,0.2400,+0.00003,1,0,0,+0.00000,+0.00000,0.00000,0.00,+0.00000,+0.00000,0.00000,0.0000,0,0,0,1,+5.000,+0.000,+5.000,-0.05000,+174.357,+0.00000,0.00,+0.00000,0,+0.00000,+0.00000,0.00000,+94.368,0,204.2,0.0
18.334344,3,1,0.240033,0.240033,0.2400,+0.00003,1,0,0,+0.00000,+0.00000,0.00000,0.00,+0.00000,+0.00000,0.00000,0.0000,0,0,0,1,+5.000,+0.000,+5.000,-0.05000,+174.357,+0.00000,0.00,+0.00000,0,+0.00000,+0.00000,0.00000,+94.368,0,204.2,0.0
18.338988,3,1,0.240033,0.240033,0.2400,+0.00003,1,0,0,+0.00000,+0.00000,0.00000,0.00,+0.00000,+0.00000,0.00000,0.0000,0,0,0,1,+5.000,+0.000,+5.000,-0.05000,+174.533,+0.00000,0.00,+0.00000,0,+0.00000,+0.00000,0.00000,+94.509,0,204.2,0.0
18.343564,3,1,0.240033,0.240033,0.2400,+0.00003,1,0,0,+0.00000,+0.00000,0.00000,0.00,+0.00000,+0.00000,0.00000,0.0000,0,0,0,1,+5.000,+0.000,+5.000,-0.05000,+174.533,+0.00000,0.00,+0.00000,0,+0.00000,+0.00000,0.00000,+94.509,0,204.2,0.0
18.348071,3,1,0.240033,0.240033,0.2400,+0.00003,1,0,0,+0.00000,+0.00000,0.00000,0.00,+0.00000,+0.00000,0.00000,0.0000,0,0,0,1,+5.000,+0.000,+5.000,-0.05000,+174.679,+0.00000,0.00,+0.00000,0,+0.00000,+0.00000,0.00000,+94.634,0,204.2,0.0
18.362753,3,1,0.240033,0.240033,0.2400,+0.00003,1,0,0,+0.00000,+0.00000,0.00000,0.00,+0.00000,+0.00000,0.00000,0.0000,0,0,0,1,+5.000,+0.000,+5.000,-0.05000,+174.679,+0.00000,0.00,+0.00000,0,+0.00000,+0.00000,0.00000,+94.634,0,204.2,0.0
18.367094,3,1,0.240033,0.240033,0.2400,+0.00003,1,0,0,+0.00000,+0.00000,0.00000,0.00,+0.00000,+0.00000,0.00000,0.0000,0,0,0,1,+5.000,+0.000,+5.000,-0.05000,+174.990,+0.00000,0.00,+0.00000,0,+0.00000,+0.00000,0.00000,+94.925,0,204.2,0.0
18.371605,3,1,0.240033,0.240033,0.2400,+0.00003,1,0,0,+0.00000,+0.00000,0.00000,0.00,+0.00000,+0.00000,0.00000,0.0000,0,0,0,1,+5.000,+0.000,+5.000,-0.05000,+174.990,+0.00000,0.00,+0.00000,0,+0.00000,+0.00000,0.00000,+94.925,0,204.2,0.0
18.376226,3,1,0.240032,0.240032,0.2400,+0.00003,1,0,0,+0.00000,+0.00000,0.00000,0.00,+0.00000,+0.00000,0.00000,0.0000,0,0,0,1,+5.000,+0.000,+5.000,-0.05000,+175.127,+0.00000,0.00,+0.00000,0,+0.00000,+0.00000,0.00000,+95.064,0,204.2,0.0
18.380826,3,1,0.240032,0.240032,0.2400,+0.00003,1,0,0,+0.00000,+0.00000,0.00000,0.00,+0.00000,+0.00000,0.00000,0.0000,0,0,0,1,+5.000,+0.000,+5.000,-0.05000,+175.127,+0.00000,0.00,+0.00000,0,+0.00000,+0.00000,0.00000,+95.064,0,204.2,0.0
18.385361,3,1,0.240032,0.240032,0.2400,+0.00003,1,0,0,+0.00000,+0.00000,0.00000,0.00,+0.00000,+0.00000,0.00000,0.0000,0,0,0,1,+5.000,+0.000,+5.000,-0.05000,+175.256,+0.00000,0.00,+0.00000,0,+0.00000,+0.00000,0.00000,+95.202,0,204.2,0.0
18.389908,3,1,0.240032,0.240032,0.2400,+0.00003,1,0,0,+0.00000,+0.00000,0.00000,0.00,+0.00000,+0.00000,0.00000,0.0000,0,0,0,1,+5.000,+0.000,+5.000,-0.05000,+175.357,+0.00000,0.00,+0.00000,0,+0.00000,+0.00000,0.00000,+95.316,0,204.2,0.0
18.394468,3,1,0.240032,0.240032,0.2400,+0.00003,1,0,0,+0.00000,+0.00000,0.00000,0.00,+0.00000,+0.00000,0.00000,0.0000,0,0,0,1,+5.000,+0.000,+5.000,-0.05000,+175.357,+0.00000,0.00,+0.00000,0,+0.00000,+0.00000,0.00000,+95.316,0,204.2,0.0
18.399094,3,1,0.240032,0.240032,0.2400,+0.00003,1,0,0,+0.00000,+0.00000,0.00000,0.00,+0.00000,+0.00000,0.00000,0.0000,0,0,0,1,+5.000,+0.000,+5.000,-0.05000,+175.473,+0.00000,0.00,+0.00000,0,+0.00000,+0.00000,0.00000,+95.454,0,204.2,0.0
18.403603,3,1,0.240032,0.240032,0.2400,+0.00003,1,0,0,+0.00000,+0.00000,0.00000,0.00,+0.00000,+0.00000,0.00000,0.0000,0,0,0,1,+5.000,+0.000,+5.000,-0.05000,+175.473,+0.00000,0.00,+0.00000,0,+0.00000,+0.00000,0.00000,+95.454,0,204.2,0.0
18.407921,3,1,0.240032,0.240032,0.2400,+0.00003,1,0,0,+0.00000,+0.00000,0.00000,0.00,+0.00000,+0.00000,0.00000,0.0000,0,0,0,1,+5.000,+0.000,+5.000,-0.05000,+175.566,+0.00000,0.00,+0.00000,0,+0.00000,+0.00000,0.00000,+95.569,0,204.2,0.0
18.412311,3,1,0.240032,0.240032,0.2400,+0.00003,1,0,0,+0.00000,+0.00000,0.00000,0.00,+0.00000,+0.00000,0.00000,0.0000,0,0,0,1,+5.000,+0.000,+5.000,-0.05000,+175.566,+0.00000,0.00,+0.00000,0,+0.00000,+0.00000,0.00000,+95.569,0,204.2,0.0
18.416893,3,1,0.240032,0.240032,0.2400,+0.00003,1,0,0,+0.00000,+0.00000,0.00000,0.00,+0.00000,+0.00000,0.00000,0.0000,0,0,0,1,+5.000,+0.000,+5.000,-0.05000,+175.673,+0.00000,0.00,+0.00000,0,+0.00000,+0.00000,0.00000,+95.707,0,204.2,0.0
18.422342,3,1,0.240031,0.240031,0.2400,+0.00003,1,0,0,+0.00000,+0.00000,0.00000,0.00,+0.00000,+0.00000,0.00000,0.0000,0,0,0,1,+5.000,+0.000,+5.000,-0.05000,+175.673,+0.00000,0.00,+0.00000,0,+0.00000,+0.00000,0.00000,+95.707,0,204.2,0.0
18.427044,3,1,0.240031,0.240031,0.2400,+0.00003,1,0,0,+0.00000,+0.00000,0.00000,0.00,+0.00000,+0.00000,0.00000,0.0000,0,0,0,1,+5.000,+0.000,+5.000,-0.05000,+175.769,+0.00000,0.00,+0.00000,0,+0.00000,+0.00000,0.00000,+95.837,0,204.2,0.0
18.432216,3,1,0.240031,0.240031,0.2400,+0.00003,1,0,0,+0.00000,+0.00000,0.00000,0.00,+0.00000,+0.00000,0.00000,0.0000,0,0,0,1,+5.000,+0.000,+5.000,-0.05000,+175.769,+0.00000,0.00,+0.00000,0,+0.00000,+0.00000,0.00000,+95.837,0,204.2,0.0
18.438013,3,1,0.240031,0.240031,0.2400,+0.00003,1,0,0,+0.00000,+0.00000,0.00000,0.00,+0.00000,+0.00000,0.00000,0.0000,0,0,0,1,+5.000,+0.000,+5.000,-0.05000,+175.865,+0.00000,0.00,+0.00000,0,+0.00000,+0.00000,0.00000,+95.974,0,204.2,0.0
18.442516,3,1,0.240031,0.240031,0.2400,+0.00003,1,0,0,+0.00000,+0.00000,0.00000,0.00,+0.00000,+0.00000,0.00000,0.0000,0,0,0,1,+5.000,+0.000,+5.000,-0.05000,+175.947,+0.00000,0.00,+0.00000,0,+0.00000,+0.00000,0.00000,+96.097,0,204.2,0.0
18.447232,3,1,0.240031,0.240031,0.2400,+0.00003,1,0,0,+0.00000,+0.00000,0.00000,0.00,+0.00000,+0.00000,0.00000,0.0000,0,0,0,1,+5.000,+0.000,+5.000,-0.05000,+175.947,+0.00000,0.00,+0.00000,0,+0.00000,+0.00000,0.00000,+96.097,0,204.2,0.0
18.451946,3,1,0.240031,0.240031,0.2400,+0.00003,1,0,0,+0.00000,+0.00000,0.00000,0.00,+0.00000,+0.00000,0.00000,0.0000,0,0,0,1,+5.000,+0.000,+5.000,-0.05000,+176.034,+0.00000,0.00,+0.00000,0,+0.00000,+0.00000,0.00000,+96.231,0,204.2,0.0
