t,seg,active_gate,thrust,thrust_cmd,base_thrust,vtrim,descent_on,gate_v_ok,gate_found,u_err,v_err,size_frac,cy,u_f,v_f,sz_f,sig_k,live,far_rej,steer,bank_seg,ff_bank_deg,trim_deg,des_roll_deg,roll_n,est_pitch_deg,gyro_pitch,des_pitch_deg,pitch_n,tube_found,u_tube,curvature,area_frac,est_roll_deg,hold_on,loop_hz,det_hz
0.002767,0,0,0.278726,0.278726,0.2750,+0.00373,0,1,1,+0.01727,-0.02329,0.08221,175.81,+0.01727,-0.02329,0.08221,1.0000,1,0,0,0,+0.000,+0.000,+0.000,+0.00000,-17.801,+0.00000,0.00,+0.00000,1,-0.01348,-0.01260,0.02197,-0.007,0,0.0,0.0
0.036664,0,0,0.278726,0.278726,0.2750,+0.00373,0,1,1,+0.01727,-0.02329,0.08221,175.81,+0.01727,-0.02329,0.08221,1.0000,1,0,0,0,+0.000,+0.000,+0.000,+0.00000,-17.801,+0.00000,0.00,+0.00000,1,-0.01348,-0.01260,0.02197,-0.007,0,0.0,0.0
0.069789,0,0,0.278882,0.278882,0.2750,+0.00388,0,1,1,+0.01713,-0.02418,0.08370,175.65,+0.01725,-0.02341,0.08243,1.0000,1,0,0,0,+0.000,+0.000,+0.000,+0.00000,-17.837,-0.01546,0.00,+0.00000,1,-0.03502,+0.00794,0.02461,+0.001,0,0.0,0.0
0.103517,0,0,0.279201,0.279201,0.2750,+0.00420,0,1,1,+0.01748,-0.02532,0.08352,175.44,+0.01728,-0.02369,0.08258,1.0000,1,0,0,0,+0.000,+0.000,+0.000,+0.00000,-17.331,-0.00008,0.00,+0.00000,1,-0.16549,+0.13247,0.04261,-0.011,0,0.0,0.0
0.135108,0,0,0.279420,0.279420,0.2750,+0.00442,0,1,1,+0.01748,-0.02532,0.08352,175.44,+0.01731,-0.02391,0.08271,1.0000,1,0,0,0,+0.000,+0.000,+0.000,+0.00000,-16.258,+0.00154,0.00,+0.00000,1,-0.16549,+0.13247,0.04261,-0.011,0,0.0,0.0
0.165143,0,0,0.280999,0.280999,0.2750,+0.00600,0,1,1,+0.02126,-0.03409,0.07698,173.86,+0.01782,-0.02524,0.08196,1.0000,1,0,0,0,+0.000,+0.000,+0.000,+0.00000,-15.307,+0.00441,0.00,+0.00000,1,-0.00215,-0.00237,0.17340,-0.013,0,0.0,0.0
0.198328,0,0,0.282271,0.282271,0.2750,+0.00727,0,1,1,+0.02126,-0.03409,0.07698,173.86,+0.01831,-0.02650,0.08125,1.0000,1,0,0,0,+0.000,+0.000,+0.000,+0.00000,-14.063,+0.00043,0.00,+0.00000,1,-0.00215,-0.00237,0.17340,-0.013,0,0.0,0.0
0.227310,0,0,0.282271,0.282271,0.2750,+0.00727,0,1,1,+0.01926,-0.09111,0.05122,163.60,+0.01831,-0.02650,0.08125,1.0000,0,1,0,0,+0.000,+0.000,+0.000,+0.00000,-12.934,+0.00048,0.00,+0.00000,1,-0.00234,+0.00069,0.17264,-0.013,0,0.0,0.0
0.257485,0,0,0.282271,0.282271,0.2750,+0.00727,0,1,1,+0.01926,-0.09111,0.05122,163.60,+0.01831,-0.02650,0.08125,1.0000,0,1,0,0,+0.000,+0.000,+0.000,+0.00000,-12.154,+0.00060,0.00,+0.00000,1,-0.00234,+0.00069,0.17264,-0.012,0,0.0,0.0
0.288200,0,0,0.282271,0.282271,0.2750,+0.00727,0,1,1,+0.01976,-0.08468,0.04779,164.76,+0.01831,-0.02650,0.08125,1.0000,0,1,0,0,+0.000,+0.000,+0.000,+0.00000,-11.292,+0.00045,0.00,+0.00000,1,-0.00541,+0.00471,0.15609,-0.012,0,0.0,0.0
0.320076,0,0,0.282271,0.282271,0.2750,+0.00727,0,1,1,+0.01945,-0.07915,0.05241,165.75,+0.01831,-0.02650,0.08125,1.0000,0,1,0,0,+0.000,+0.000,+0.000,+0.00000,-10.602,+0.00038,0.00,+0.00000,1,-0.00961,+0.00702,0.13027,-0.012,0,0.0,0.0
0.347809,0,0,0.287362,0.287362,0.2750,+0.01236,0,1,1,+0.01975,-0.06214,0.05906,168.81,+0.01849,-0.03084,0.07855,1.0000,1,0,0,0,+0.000,+0.000,+0.000,+0.00000,-9.742,+0.00035,0.00,+0.00000,1,-0.01027,+0.00557,0.10304,-0.011,0,0.0,0.0
0.375058,0,0,0.288924,0.288924,0.2750,+0.01392,0,1,1,+0.02242,-0.04707,0.06359,171.53,+0.01896,-0.03279,0.07676,1.0000,1,0,0,0,+0.000,+0.000,+0.000,+0.00000,-9.331,+0.00032,0.00,+0.00000,1,-0.01508,+0.00838,0.08676,-0.011,0,0.0,0.0
0.401723,0,0,0.289781,0.289781,0.2750,+0.01478,0,1,1,+0.02177,-0.04543,0.06736,171.82,+0.01929,-0.03427,0.07565,1.0000,1,0,0,0,+0.000,+0.000,+0.000,+0.00000,-8.705,+0.00027,0.00,+0.00000,1,-0.01796,+0.01158,0.07753,-0.010,0,0.0,0.0
0.432720,0,0,0.287740,0.287740,0.2750,+0.01274,0,1,1,+0.02174,-0.02951,0.06961,174.69,+0.01962,-0.03363,0.07484,1.0000,1,0,0,0,+0.000,+0.000,+0.000,+0.00000,-8.332,+0.00024,0.00,+0.00000,1,-0.01251,+0.00349,0.07042,-0.010,0,0.0,0.0
0.460519,0,0,0.285325,0.285325,0.2750,+0.01033,0,1,1,+0.01860,-0.02375,0.07179,175.72,+0.01949,-0.03243,0.07447,1.0000,1,0,0,0,+0.000,+0.000,+0.000,+0.00000,-7.736,+0.00021,0.00,+0.00000,1,-0.02581,+0.01051,0.06647,-0.010,0,0.0,0.0
0.489399,0,0,0.283306,0.283306,0.2750,+0.00831,0,1,1,+0.01860,-0.02375,0.07179,175.72,+0.01938,-0.03133,0.07413,1.0000,1,0,0,0,+0.000,+0.000,+0.000,+0.00000,-7.306,+0.00019,0.00,+0.00000,1,-0.02581,+0.01051,0.06647,-0.009,0,0.0,0.0
0.522079,0,0,0.281084,0.281084,0.2750,+0.00608,0,1,1,+0.01576,-0.02118,0.07495,176.19,+0.01887,-0.02991,0.07425,1.0000,1,0,0,0,+0.000,+0.000,+0.000,+0.00000,-6.767,+0.00016,0.00,+0.00000,1,-0.03287,+0.00442,0.06041,-0.009,0,0.0,0.0
0.552380,0,0,0.277937,0.277937,0.2750,+0.00294,0,1,1,+0.01408,-0.01175,0.08032,177.89,+0.01824,-0.02752,0.07504,1.0000,1,0,0,0,+0.000,+0.000,+0.000,+0.00000,-6.371,+0.00014,0.00,+0.00000,1,-0.04474,+0.01273,0.05487,-0.008,0,0.0,0.0
0.581261,0,0,0.275456,0.275456,0.2750,+0.00046,0,1,1,+0.01405,-0.01064,0.08127,178.08,+0.01771,-0.02539,0.07583,1.0000,1,0,0,0,+0.000,+0.000,+0.000,+0.00000,-5.949,+0.00012,0.00,+0.00000,1,-0.04769,+0.01586,0.04904,-0.008,0,0.0,0.0
0.608803,0,0,0.273432,0.273432,0.2750,-0.00157,0,1,1,+0.01165,-0.00924,0.08127,178.34,+0.01698,-0.02344,0.07649,1.0000,1,0,0,0,+0.000,+0.000,+0.000,+0.00000,-5.714,+0.00011,0.00,+0.00000,1,-0.04833,+0.01791,0.04553,-0.007,0,0.0,0.0
0.638849,0,0,0.272977,0.272977,0.2750,-0.00202,0,1,1,+0.01462,-0.01637,0.08696,177.05,+0.01667,-0.02251,0.07786,1.0000,1,0,0,0,+0.000,+0.000,+0.000,+0.00000,-5.443,+0.00010,0.00,+0.00000,1,-0.04791,+0.01642,0.04454,-0.007,0,0.0,0.0
0.668392,0,0,0.272929,0.272929,0.2750,-0.00207,0,1,1,+0.01673,-0.01772,0.08854,176.81,+0.01668,-0.02190,0.07923,1.0000,1,0,0,0,+0.000,+0.000,+0.000,+0.00000,-5.102,+0.00008,0.00,+0.00000,1,-0.04170,+0.01283,0.04563,-0.007,0,0.0,0.0
0.698766,0,0,0.273077,0.273077,0.2750,-0.00192,0,1,1,+0.01670,-0.01832,0.08889,176.70,+0.01668,-0.02142,0.08050,1.0000,1,0,0,0,+0.000,+0.000,+0.000,+0.00000,-4.857,+0.00008,0.00,+0.00000,1,-0.04702,+0.02313,0.04812,-0.006,0,0.0,0.0
0.730522,0,0,0.273593,0.273593,0.2750,-0.00141,0,1,1,+0.01660,-0.02014,0.08992,176.37,+0.01667,-0.02125,0.08180,1.0000,1,0,0,0,+0.000,+0.000,+0.000,+0.00000,-4.571,+0.00006,0.00,+0.00000,1,-0.05785,+0.04010,0.04967,-0.006,0,0.0,0.0
0.760379,0,0,0.274038,0.274038,0.2750,-0.00096,0,1,1,+0.01660,-0.02014,0.08992,176.37,+0.01666,-0.02110,0.08285,1.0000,1,0,0,0,+0.000,+0.000,+0.000,+0.00000,-4.307,+0.00006,0.00,+0.00000,1,-0.05785,+0.04010,0.04967,-0.006,0,0.0,0.0
0.790613,0,0,0.274558,0.274558,0.2750,-0.00044,0,1,1,+0.01618,-0.02080,0.09044,176.26,+0.01660,-0.02106,0.08385,1.0000,1,0,0,0,+0.000,+0.000,+0.000,+0.00000,-4.060,+0.00005,0.00,+0.00000,1,-0.09978,+0.07730,0.04575,-0.005,0,0.0,0.0
0.823420,0,0,0.275048,0.275048,0.2750,+0.00005,0,1,1,+0.01618,-0.02080,0.09044,176.26,+0.01654,-0.02103,0.08478,1.0000,1,0,0,0,+0.000,+0.000,+0.000,+0.00000,-3.962,+0.00004,0.00,+0.00000,1,-0.09978,+0.07730,0.04575,-0.005,0,0.0,0.0
0.854549,0,0,0.275442,0.275442,0.2750,+0.00044,0,1,1,+0.01568,-0.02071,0.09044,176.27,+0.01642,-0.02098,0.08554,1.0000,1,0,0,0,+0.000,+0.000,+0.000,+0.00000,-3.786,+0.00004,0.00,+0.00000,1,-0.11640,+0.09223,0.02996,-0.005,0,0.0,0.0
0.885694,0,0,0.275783,0.275783,0.2750,+0.00078,0,1,1,+0.01575,-0.02067,0.09044,176.28,+0.01633,-0.02094,0.08620,1.0000,1,0,0,0,+0.000,+0.000,+0.000,+0.00000,-3.668,+0.00003,0.00,+0.00000,1,-0.10000,+0.07190,0.01189,-0.004,0,0.0,0.0
0.915192,0,0,0.276124,0.276124,0.2750,+0.00112,0,1,1,+0.01532,-0.02101,0.09061,176.22,+0.01620,-0.02095,0.08677,1.0000,1,0,0,0,+0.000,+0.000,+0.000,+0.00000,-3.505,+0.00003,0.00,+0.00000,1,-0.15821,+0.11538,0.00628,-0.004,0,0.0,0.0
0.943073,0,0,0.276274,0.276274,0.2750,+0.00127,0,1,1,+0.01545,-0.02015,0.09010,176.37,+0.01611,-0.02085,0.08717,1.0000,1,0,0,0,+0.000,+0.000,+0.000,+0.00000,-3.342,+0.00003,0.00,+0.00000,0,+0.00000,+0.00000,0.00391,-0.004,0,0.0,0.0
0.972367,0,0,0.276391,0.276391,0.2750,+0.00139,0,1,1,+0.01552,-0.01994,0.09010,176.41,+0.01604,-0.02074,0.08755,1.0000,1,0,0,0,+0.000,+0.000,+0.000,+0.00000,-3.244,+0.00002,0.00,+0.00000,0,+0.00000,+0.00000,0.00173,-0.004,0,0.0,0.0
1.001404,0,0,0.276571,0.276571,0.2750,+0.00157,0,1,1,+0.01567,-0.02033,0.09027,176.34,+0.01599,-0.02068,0.08789,1.0000,1,0,0,0,+0.000,+0.000,+0.000,+0.00000,-3.174,+0.00002,0.00,+0.00000,0,+0.00000,+0.00000,0.00146,-0.003,0,0.0,0.0
1.030019,0,0,0.276733,0.276733,0.2750,+0.00173,0,1,1,+0.01567,-0.02033,0.09027,176.34,+0.01595,-0.02064,0.08819,1.0000,1,0,0,0,+0.000,+0.000,+0.000,+0.00000,-3.143,+0.00002,0.00,+0.00000,0,+0.00000,+0.00000,0.00146,-0.003,0,34.0,33.1
1.058825,0,0,0.277816,0.277816,0.2750,+0.00282,0,1,1,+0.01542,-0.02626,0.09263,175.27,+0.01588,-0.02135,0.08875,1.0000,1,0,0,0,+0.000,+0.000,+0.000,+0.00000,-3.019,+0.00002,0.00,+0.00000,0,+0.00000,+0.00000,0.00140,-0.003,0,34.0,33.1
1.084792,0,0,0.278622,0.278622,0.2750,+0.00362,0,1,1,+0.01492,-0.02641,0.09230,175.25,+0.01577,-0.02193,0.08916,1.0000,1,0,0,0,+0.000,+0.000,+0.000,+0.00000,-2.985,+0.00001,0.00,+0.00000,0,+0.00000,+0.00000,0.00138,-0.003,0,34.0,33.1
1.111294,0,0,0.279712,0.279712,0.2750,+0.00471,0,1,1,+0.01474,-0.02939,0.09280,174.71,+0.01565,-0.02280,0.08958,1.0000,1,0,0,0,+0.000,+0.000,+0.000,+0.00000,-2.971,+0.00001,0.00,+0.00000,0,+0.00000,+0.00000,0.00131,-0.003,0,34.0,33.1
1.141008,0,0,0.280438,0.280438,0.2750,+0.00544,0,1,1,+0.01553,-0.02815,0.09061,174.93,+0.01564,-0.02349,0.08971,1.0000,1,0,0,0,+0.000,+0.000,+0.000,+0.00000,-2.973,+0.00001,0.00,+0.00000,0,+0.00000,+0.00000,0.00129,-0.003,0,34.0,33.1
1.168979,0,0,0.281117,0.281117,0.2750,+0.00612,0,1,1,+0.01501,-0.02923,0.09146,174.74,+0.01556,-0.02420,0.08993,1.0000,1,0,0,0,+0.000,+0.000,+0.000,+0.00000,-2.945,+0.00001,0.00,+0.00000,0,+0.00000,+0.00000,0.00127,-0.002,0,34.0,33.1
1.196191,0,0,0.281608,0.281608,0.2750,+0.00661,0,1,1,+0.01501,-0.02923,0.09146,174.74,+0.01549,-0.02480,0.09011,1.0000,1,0,0,0,+0.000,+0.000,+0.000,+0.00000,-2.930,+0.00001,0.00,+0.00000,0,+0.00000,+0.00000,0.00127,-0.002,0,34.0,33.1
1.223887,0,0,0.281831,0.281831,0.2750,+0.00683,0,1,1,+0.01490,-0.02836,0.09095,174.90,+0.01542,-0.02523,0.09021,1.0000,1,0,0,0,+0.000,+0.000,+0.000,+0.00000,-2.917,+0.00001,0.00,+0.00000,0,+0.00000,+0.00000,0.00137,-0.002,0,34.0,33.1
1.252886,0,0,0.281973,0.281973,0.2750,+0.00697,0,1,1,+0.01490,-0.02836,0.09095,174.90,+0.01536,-0.02563,0.09031,1.0000,1,0,0,0,+0.000,+0.000,+0.000,+0.00000,-2.937,+0.00001,0.00,+0.00000,0,+0.00000,+0.00000,0.00137,-0.002,0,34.0,33.1
1.284067,0,0,0.281941,0.281941,0.2750,+0.00694,0,1,1,+0.01479,-0.02776,0.09078,175.00,+0.01528,-0.02592,0.09037,1.0000,1,0,0,0,+0.000,+0.000,+0.000,+0.00000,-2.945,+0.00001,0.00,+0.00000,0,+0.00000,+0.00000,0.00484,-0.002,0,34.0,33.1
1.311735,0,0,0.281730,0.281730,0.2750,+0.00673,0,1,1,+0.01859,-0.02675,0.09246,175.18,+0.01568,-0.02602,0.09062,1.0000,1,0,0,0,+0.000,+0.000,+0.000,+0.00000,-2.957,+0.00000,0.00,+0.00000,0,+0.00000,+0.00000,0.01482,-0.002,0,34.0,33.1
1.342052,0,0,0.280731,0.280731,0.2750,+0.00573,0,1,1,+0.01858,-0.02199,0.09395,176.04,+0.01606,-0.02549,0.09106,1.0000,1,0,0,0,+0.000,+0.000,+0.000,+0.00000,-3.001,+0.00000,0.00,+0.00000,0,+0.00000,+0.00000,0.02513,-0.002,0,34.0,33.1
1.371192,0,0,0.280249,0.280249,0.2750,+0.00525,0,1,1,+0.02082,-0.02378,0.09510,175.72,+0.01667,-0.02527,0.09158,1.0000,1,0,0,0,+0.000,+0.000,+0.000,+0.00000,-3.022,+0.00000,0.00,+0.00000,0,+0.00000,+0.00000,0.02954,-0.001,0,34.0,33.1
1.401542,0,0,0.279395,0.279395,0.2750,+0.00440,0,1,1,+0.02028,-0.02104,0.09313,176.21,+0.01715,-0.02471,0.09178,1.0000,1,0,0,0,+0.000,+0.000,+0.000,+0.00000,-3.039,+0.00000,0.00,+0.00000,0,+0.00000,+0.00000,0.02625,-0.001,0,34.0,33.1
1.430870,0,0,0.278127,0.278127,0.2750,+0.00313,0,1,1,+0.02044,-0.01713,0.09179,176.92,+0.01757,-0.02374,0.09178,1.0000,1,0,0,0,+0.000,+0.000,+0.000,+0.00000,-3.087,+0.00000,0.00,+0.00000,0,+0.00000,+0.00000,0.02103,-0.001,0,34.0,33.1
1.461969,0,0,0.277113,0.277113,0.2750,+0.00211,0,1,1,+0.02044,-0.01713,0.09179,176.92,+0.01795,-0.02285,0.09178,1.0000,1,0,0,0,+0.000,+0.000,+0.000,+0.00000,-3.147,+0.00000,0.00,+0.00000,0,+0.00000,+0.00000,0.02103,-0.001,0,34.0,33.1
1.489619,0,0,0.275581,0.275581,0.2750,+0.00058,0,1,1,+0.02038,-0.01160,0.09179,177.91,+0.01825,-0.02149,0.09178,1.0000,1,0,0,0,+0.000,+0.000,+0.000,+0.00000,-3.213,+0.00000,0.00,+0.00000,0,+0.00000,+0.00000,0.01877,-0.001,0,34.0,33.1
1.517724,0,0,0.273395,0.273395,0.2750,-0.00161,0,1,1,+0.02106,-0.00509,0.08958,179.08,+0.01859,-0.01947,0.09151,1.0000,1,0,0,0,+0.000,+0.000,+0.000,+0.00000,-3.294,+0.00000,0.00,+0.00000,0,+0.00000,+0.00000,0.01777,-0.001,0,34.0,33.1
1.546625,0,0,0.271019,0.271019,0.2750,-0.00398,0,1,1,+0.02076,-0.00067,0.08767,179.88,+0.01887,-0.01709,0.09103,1.0000,1,0,0,0,+0.000,+0.000,+0.000,+0.00000,-3.369,+0.00000,0.00,+0.00000,0,+0.00000,+0.00000,0.01549,-0.001,0,34.0,33.1
1.575645,0,0,0.269435,0.269435,0.2750,-0.00556,0,1,1,+0.01528,-0.00174,0.09095,179.69,+0.01841,-0.01515,0.09102,1.0000,1,0,0,0,+0.000,+0.000,+0.000,+0.00000,-3.437,+0.00000,0.00,+0.00000,0,+0.00000,+0.00000,0.01466,-0.001,0,34.0,33.1
1.604201,0,0,0.268379,0.268379,0.2750,-0.00662,0,1,1,+0.01576,-0.00203,0.09095,179.63,+0.01808,-0.01351,0.09101,1.0000,1,0,0,0,+0.000,+0.000,+0.000,+0.00000,-3.518,+0.00000,0.00,+0.00000,0,+0.00000,+0.00000,0.01436,-0.001,0,34.0,33.1
1.632849,0,0,0.268006,0.268006,0.2750,-0.00699,0,1,1,+0.01554,-0.00413,0.09112,179.26,+0.01776,-0.01233,0.09102,1.0000,1,0,0,0,+0.000,+0.000,+0.000,+0.00000,-3.606,+0.00000,0.00,+0.00000,0,+0.00000,+0.00000,0.01352,-0.001,0,34.0,33.1
1.662826,0,0,0.268188,0.268188,0.2750,-0.00681,0,1,1,+0.01668,-0.00626,0.09362,178.87,+0.01762,-0.01154,0.09136,1.0000,1,0,0,0,+0.000,+0.000,+0.000,+0.00000,-3.730,+0.00000,0.00,+0.00000,0,+0.00000,+0.00000,0.01341,-0.001,0,34.0,33.1
1.690207,0,0,0.268429,0.268429,0.2750,-0.00657,0,1,1,+0.01668,-0.00626,0.09362,178.87,+0.01751,-0.01091,0.09163,1.0000,1,0,0,0,+0.000,+0.000,+0.000,+0.00000,-3.828,+0.00000,0.00,+0.00000,0,+0.00000,+0.00000,0.01341,-0.001,0,34.0,33.1
1.723583,0,0,0.269561,0.269561,0.2750,-0.00544,0,1,1,+0.01644,-0.01058,0.09493,178.10,+0.01736,-0.01086,0.09211,1.0000,1,0,0,0,+0.000,+0.000,+0.000,+0.00000,-3.972,+0.00000,0.00,+0.00000,0,+0.00000,+0.00000,0.01263,-0.001,0,34.0,33.1
1.755386,0,0,0.271279,0.271279,0.2750,-0.00372,0,1,1,+0.01839,-0.01517,0.09766,177.27,+0.01750,-0.01145,0.09287,1.0000,1,0,0,0,+0.000,+0.000,+0.000,+0.00000,-4.100,+0.00000,0.00,+0.00000,0,+0.00000,+0.00000,0.01213,-0.001,0,34.0,33.1
1.788104,0,0,0.274600,0.274600,0.2750,-0.00040,0,1,1,+0.01931,-0.02609,0.10184,175.30,+0.01775,-0.01351,0.09413,1.0000,1,0,0,0,+0.000,+0.000,+0.000,+0.00000,-4.228,+0.00000,0.00,+0.00000,0,+0.00000,+0.00000,0.01170,-0.001,0,34.0,33.1
1.817410,0,0,0.277275,0.277275,0.2750,+0.00227,0,1,1,+0.01827,-0.02820,0.10274,174.92,+0.01782,-0.01539,0.09523,1.0000,1,0,0,0,+0.000,+0.000,+0.000,+0.00000,-4.341,+0.00000,0.00,+0.00000,0,+0.00000,+0.00000,0.01151,-0.001,0,34.0,33.1
1.845665,0,0,0.279103,0.279103,0.2750,+0.00410,0,1,1,+0.01860,-0.02701,0.10229,175.14,+0.01792,-0.01683,0.09610,1.0000,1,0,0,0,+0.000,+0.000,+0.000,+0.00000,-4.422,+0.00000,0.00,+0.00000,0,+0.00000,+0.00000,0.01116,-0.001,0,34.0,33.1
1.875345,0,0,0.281023,0.281023,0.2750,+0.00602,0,1,1,+0.01873,-0.02985,0.10364,174.63,+0.01802,-0.01851,0.09708,1.0000,1,0,0,0,+0.000,+0.000,+0.000,+0.00000,-4.559,+0.00000,0.00,+0.00000,0,+0.00000,+0.00000,0.01075,-0.001,0,34.0,33.1
1.905347,0,0,0.282665,0.282665,0.2750,+0.00767,0,1,1,+0.01871,-0.03106,0.10423,174.41,+0.01811,-0.02015,0.09801,1.0000,1,0,0,0,+0.000,+0.000,+0.000,+0.00000,-4.654,+0.00000,0.00,+0.00000,0,+0.00000,+0.00000,0.01060,-0.000,0,34.0,33.1
1.935786,0,0,0.283864,0.283864,0.2750,+0.00886,0,1,1,+0.01978,-0.03101,0.10512,174.42,+0.01833,-0.02158,0.09895,1.0000,1,0,0,0,+0.000,+0.000,+0.000,+0.00000,-4.767,+0.00000,0.00,+0.00000,0,+0.00000,+0.00000,0.01059,-0.000,0,34.0,33.1
1.965085,0,0,0.284678,0.284678,0.2750,+0.00968,0,1,1,+0.01978,-0.03101,0.10512,174.42,+0.01852,-0.02278,0.09974,1.0000,1,0,0,0,+0.000,+0.000,+0.000,+0.00000,-4.869,+0.00000,0.00,+0.00000,0,+0.00000,+0.00000,0.01059,-0.000,0,34.0,33.1
1.999524,0,0,0.286510,0.286510,0.2750,+0.01151,0,1,1,+0.02286,-0.03787,0.11027,173.18,+0.01915,-0.02500,0.10128,1.0000,1,0,1,0,+0.000,-1.097,-1.097,-0.00479,-5.011,+0.00000,0.00,+0.00000,0,+0.00000,+0.00000,0.01035,-0.000,0,34.0,33.1
2.033925,0,0,0.287347,0.287347,0.2750,+0.01235,0,1,1,+0.02196,-0.03577,0.10744,173.56,+0.01957,-0.02658,0.10219,1.0000,1,0,1,0,+0.000,-1.121,-1.121,-0.00489,-5.145,+0.00000,0.00,+0.00000,0,+0.00000,+0.00000,0.01013,-0.000,0,33.9,33.9
2.065331,0,0,0.287831,0.287831,0.2750,+0.01283,0,1,1,+0.01839,-0.03599,0.11139,173.52,+0.01941,-0.02786,0.10344,1.0000,1,0,1,0,+0.000,-1.112,-1.112,-0.00446,-5.256,+0.00000,0.00,+0.00000,0,+0.00000,+0.00000,0.00995,-0.043,0,33.9,33.9
2.094050,0,0,0.288059,0.288059,0.2750,+0.01306,0,1,1,+0.01839,-0.03599,0.11139,173.52,+0.01928,-0.02888,0.10444,1.0000,1,0,1,0,+0.000,-1.105,-1.105,-0.00396,-5.375,+0.00000,0.00,+0.00000,0,+0.00000,+0.00000,0.00995,-0.141,0,33.9,33.9
2.124954,0,0,0.287954,0.287954,0.2750,+0.01295,0,1,1,+0.01774,-0.03504,0.11249,173.69,+0.01907,-0.02970,0.10551,1.0000,1,0,1,0,+0.000,-1.093,-1.093,-0.00362,-5.469,+0.00000,0.00,+0.00000,0,+0.00000,+0.00000,0.00990,-0.214,0,33.9,33.9
2.155283,0,0,0.287684,0.287684,0.2750,+0.01268,0,1,1,+0.01851,-0.03464,0.11345,173.76,+0.01900,-0.03035,0.10656,1.0000,1,0,1,0,+0.000,-1.089,-1.089,-0.00338,-5.611,-0.00000,0.00,+0.00000,0,+0.00000,+0.00000,0.00987,-0.272,0,33.9,33.9
2.186077,0,0,0.287414,0.287414,0.2750,+0.01241,0,1,1,+0.01888,-0.03502,0.11667,173.70,+0.01898,-0.03098,0.10791,1.0000,1,0,1,0,+0.000,-1.088,-1.088,-0.00316,-5.738,+0.00000,0.00,+0.00000,0,+0.00000,+0.00000,0.00973,-0.325,0,33.9,33.9
2.214258,0,0,0.287086,0.287086,0.2750,+0.01209,0,1,1,+0.01939,-0.03480,0.11640,173.74,+0.01903,-0.03145,0.10896,1.0000,1,0,1,0,+0.000,-1.091,-1.091,-0.00304,-5.848,+0.00000,0.00,+0.00000,0,+0.00000,+0.00000,0.00972,-0.358,0,33.9,33.9
2.243063,0,0,0.286738,0.286738,0.2750,+0.01174,0,1,1,+0.01760,-0.03487,0.11560,173.72,+0.01885,-0.03188,0.10979,1.0000,1,0,1,0,+0.000,-1.080,-1.080,-0.00285,-5.932,+0.00000,0.00,+0.00000,0,+0.00000,+0.00000,0.00966,-0.393,0,33.9,33.9
2.274630,0,0,0.285906,0.285906,0.2750,+0.01091,0,1,1,+0.01753,-0.03231,0.11876,174.18,+0.01867,-0.03194,0.11102,1.0000,1,0,1,0,+0.000,-1.070,-1.070,-0.00267,-6.034,+0.00000,0.00,+0.00000,0,+0.00000,+0.00000,0.00970,-0.426,0,33.9,33.9
2.307285,0,0,0.284766,0.284766,0.2750,+0.00977,0,1,1,+0.01721,-0.03006,0.11798,174.59,+0.01847,-0.03167,0.11199,1.0000,1,0,1,0,+0.000,-1.058,-1.058,-0.00253,-6.154,+0.00000,0.00,+0.00000,0,+0.00000,+0.00000,0.00976,-0.448,0,33.9,33.9
2.341729,0,0,0.284697,0.284697,0.2750,+0.00970,0,1,1,+0.01912,-0.03512,0.12006,173.68,+0.01856,-0.03218,0.11318,1.0000,1,0,1,0,+0.000,-1.064,-1.064,-0.00246,-6.299,+0.00000,0.00,+0.00000,0,+0.00000,+0.00000,0.01009,-0.470,0,33.9,33.9
2.372831,0,0,0.284931,0.284931,0.2750,+0.00993,0,1,1,+0.01811,-0.03725,0.12134,173.30,+0.01850,-0.03286,0.11428,1.0000,1,0,1,0,+0.000,-1.060,-1.060,-0.00239,-6.454,+0.00000,0.00,+0.00000,0,+0.00000,+0.00000,0.01131,-0.485,0,33.9,33.9
2.401943,0,0,0.285034,0.285034,0.2750,+0.01003,0,1,1,+0.01811,-0.03725,0.12134,173.30,+0.01845,-0.03342,0.11517,1.0000,1,0,1,0,+0.000,-1.057,-1.057,-0.00234,-6.621,+0.00000,0.00,+0.00000,0,+0.00000,+0.00000,0.01131,-0.493,0,33.9,33.9
2.436407,0,0,0.284881,0.284881,0.2750,+0.00988,0,1,1,+0.01575,-0.03639,0.12310,173.45,+0.01805,-0.03386,0.11634,1.0000,1,0,1,0,+0.000,-1.034,-1.034,-0.00220,-6.764,-0.00000,0.00,+0.00000,0,+0.00000,+0.00000,0.02214,-0.504,0,33.9,33.9
2.466277,0,0,0.283766,0.283766,0.2750,+0.00877,0,1,1,+0.01381,-0.03056,0.12435,174.50,+0.01750,-0.03343,0.11738,1.0000,1,0,1,0,+0.000,-1.003,-1.003,-0.00200,-6.884,-0.00000,0.00,+0.00000,0,+0.00000,+0.00000,0.04162,-0.517,0,33.9,33.9
2.495324,0,0,0.282713,0.282713,0.2750,+0.00771,0,1,1,+0.01652,-0.02952,0.12509,174.69,+0.01738,-0.03293,0.11836,1.0000,1,0,1,0,+0.000,-0.996,-0.996,-0.00198,-7.019,+0.00000,0.00,+0.00000,0,+0.00000,+0.00000,0.05980,-0.518,0,33.9,33.9
2.524474,0,0,0.281449,0.281449,0.2750,+0.00645,0,1,1,+0.01911,-0.02694,0.12497,175.15,+0.01760,-0.03217,0.11920,1.0000,1,0,1,0,+0.000,-1.008,-1.008,-0.00202,-7.140,-0.00000,0.00,+0.00000,0,+0.00000,+0.00000,0.07307,-0.523,0,33.9,33.9
2.556159,0,0,0.280396,0.280396,0.2750,+0.00540,0,1,1,+0.02008,-0.02701,0.12644,175.14,+0.01794,-0.03146,0.12019,1.0000,1,0,1,0,+0.000,-1.028,-1.028,-0.00213,-7.298,+0.00000,0.00,+0.00000,0,+0.00000,+0.00000,0.08259,-0.519,0,33.9,33.9
2.585863,0,0,0.276379,0.276379,0.2750,+0.00138,0,1,1,+0.01608,-0.00687,0.11928,178.76,+0.01770,-0.02828,0.12007,1.0000,1,0,1,0,+0.000,-1.014,-1.014,-0.00205,-7.435,+0.00000,0.00,+0.00000,0,+0.00000,+0.00000,0.08865,-0.522,0,33.9,33.9
2.613564,0,0,0.270725,0.270725,0.2750,-0.00428,0,1,1,+0.01087,+0.01116,0.11706,182.01,+0.01687,-0.02348,0.11971,1.0000,1,0,1,0,+0.000,-0.966,-0.966,-0.00181,-7.548,+0.00000,0.00,+0.00000,0,+0.00000,+0.00000,0.07391,-0.529,0,33.9,33.9
2.640262,0,0,0.265943,0.265943,0.2750,-0.00906,0,1,1,+0.00980,+0.01503,0.11680,182.71,+0.01603,-0.01895,0.11936,1.0000,1,0,1,0,+0.000,-0.919,-0.919,-0.00161,-7.682,+0.00000,0.00,+0.00000,0,+0.00000,+0.00000,0.06872,-0.528,0,33.9,33.9
2.669533,0,0,0.261508,0.261508,0.2750,-0.01349,0,1,1,+0.01129,+0.01850,0.11719,183.33,+0.01543,-0.01417,0.11909,1.0000,1,0,1,0,+0.000,-0.884,-0.884,-0.00146,-7.898,+0.00000,0.00,+0.00000,0,+0.00000,+0.00000,0.06239,-0.529,0,33.9,33.9
2.699516,0,0,0.257955,0.257955,0.2750,-0.01704,0,1,1,+0.01080,+0.02032,0.11863,183.66,+0.01483,-0.00967,0.11903,1.0000,1,0,1,0,+0.000,-0.849,-0.849,-0.00131,-8.068,+0.00000,0.00,+0.00000,0,+0.00000,+0.00000,0.05384,-0.530,0,33.9,33.9
2.728473,0,0,0.255558,0.255558,0.2750,-0.01944,0,1,1,+0.01080,+0.02032,0.11863,183.66,+0.01432,-0.00588,0.11898,1.0000,1,0,1,0,+0.000,-0.820,-0.820,-0.00121,-8.322,-0.00000,0.00,+0.00000,0,+0.00000,+0.00000,0.05384,-0.527,0,33.9,33.9
2.758135,0,0,0.253686,0.253686,0.2750,-0.02131,0,1,1,+0.01143,+0.02206,0.12031,183.97,+0.01394,-0.00227,0.11915,1.0000,1,0,1,0,+0.000,-0.799,-0.799,-0.00114,-8.523,+0.00000,0.00,+0.00000,0,+0.00000,+0.00000,0.03734,-0.522,0,33.9,33.9
2.786140,0,0,0.253128,0.253128,0.2750,-0.02187,0,1,1,+0.00876,+0.01859,0.12335,183.35,+0.01331,+0.00029,0.11967,1.0000,1,0,1,0,+0.000,-0.762,-0.762,-0.00099,-8.723,-0.00000,0.00,+0.00000,0,+0.00000,+0.00000,0.02883,-0.522,0,33.9,33.9
2.815709,0,0,0.254087,0.254087,0.2750,-0.02091,0,1,1,+0.01206,+0.01181,0.12934,182.13,+0.01315,+0.00178,0.12091,1.0000,1,0,1,0,+0.000,-0.753,-0.753,-0.00098,-8.934,-0.00000,0.00,+0.00000,0,+0.00000,+0.00000,0.02518,-0.515,0,33.9,33.9
2.847607,0,0,0.256749,0.256749,0.2750,-0.01825,0,1,1,+0.01430,+0.00281,0.13449,180.51,+0.01331,+0.00192,0.12278,1.0000,1,0,1,0,+0.000,-0.762,-0.762,-0.00108,-9.184,+0.00000,0.00,+0.00000,0,+0.00000,+0.00000,0.02419,-0.503,0,33.9,33.9
2.880915,0,0,0.261130,0.261130,0.2750,-0.01387,0,1,1,+0.01639,-0.00843,0.14131,178.48,+0.01375,+0.00044,0.12543,1.0000,1,0,1,0,+0.000,-0.788,-0.788,-0.00123,-9.361,+0.00000,0.00,+0.00000,0,+0.00000,+0.00000,0.02467,-0.494,0,33.9,33.9
2.915433,0,0,0.266579,0.266579,0.2750,-0.00842,0,1,1,+0.01566,-0.01850,0.14803,176.67,+0.01403,-0.00235,0.12875,1.0000,1,0,1,0,+0.000,-0.804,-0.804,-0.00129,-9.508,-0.00000,0.00,+0.00000,0,+0.00000,+0.00000,0.02736,-0.496,0,33.9,33.9
2.947656,0,0,0.271757,0.271757,0.2750,-0.00324,0,1,1,+0.01680,-0.02541,0.15376,175.43,+0.01441,-0.00555,0.13222,1.0000,1,0,1,0,+0.000,-0.826,-0.826,-0.00145,-9.713,-0.00000,0.00,+0.00000,0,+0.00000,+0.00000,0.02944,-0.479,0,33.9,33.9
2.982195,0,0,0.277421,0.277421,0.2750,+0.00242,0,1,1,+0.01623,-0.03355,0.15909,173.96,+0.01468,-0.00967,0.13618,1.0000,1,0,1,0,+0.000,-0.841,-0.841,-0.00157,-9.894,+0.00000,0.00,+0.00000,0,+0.00000,+0.00000,0.03241,-0.466,0,33.9,33.9
3.014289,0,0,0.280517,0.280517,0.2750,+0.00552,0,1,1,+0.01733,-0.02847,0.16005,174.87,+0.01505,-0.01227,0.13948,1.0000,1,0,1,0,+0.000,-0.862,-0.862,-0.00169,-10.047,-0.00000,0.00,+0.00000,0,+0.00000,+0.00000,0.03859,-0.458,0,33.9,33.9
3.045843,0,0,0.283658,0.283658,0.2750,+0.00866,0,1,1,+0.01857,-0.03374,0.16499,173.93,+0.01553,-0.01520,0.14296,1.0000,1,0,1,0,+0.000,-0.890,-0.890,-0.00186,-10.188,+0.00000,0.00,+0.00000,0,+0.00000,+0.00000,0.05628,-0.446,0,32.6,32.6
3.078207,0,0,0.286505,0.286505,0.2750,+0.01150,0,1,1,+0.01726,-0.03677,0.16833,173.38,+0.01577,-0.01820,0.14649,1.0000,1,0,1,0,+0.000,-0.903,-0.903,-0.00193,-10.290,+0.00000,0.00,+0.00000,0,+0.00000,+0.00000,0.07132,-0.442,0,32.6,32.6
3.113927,0,0,0.279546,0.279546,0.2750,+0.00455,0,1,1,+0.02051,+0.01238,0.18509,182.23,+0.01649,-0.01357,0.15234,1.0000,1,0,1,0,+0.000,-0.945,-0.945,-0.00210,-10.366,-0.00000,0.00,+0.00000,0,+0.00000,+0.00000,0.06255,-0.444,0,32.6,32.6
3.151351,0,0,0.275187,0.275187,0.2750,+0.00019,0,1,1,+0.02001,+0.00727,0.18905,181.31,+0.01704,-0.01028,0.15813,1.0000,1,0,1,0,+0.000,-0.976,-0.976,-0.00220,-10.434,+0.00000,0.00,+0.00000,0,+0.00000,+0.00000,0.03697,-0.450,0,32.6,32.6
3.184021,0,0,0.272486,0.272486,0.2750,-0.00251,0,1,1,+0.02043,+0.00648,0.19413,181.17,+0.01752,-0.00793,0.16318,1.0000,1,0,1,0,+0.000,-1.004,-1.004,-0.00232,-10.515,-0.00000,0.00,+0.00000,0,+0.00000,+0.00000,0.03090,-0.449,0,32.6,32.6
3.226305,0,0,0.269911,0.269911,0.2750,-0.00509,0,1,1,+0.02072,+0.00763,0.19618,181.37,+0.01808,-0.00521,0.16894,1.0000,1,0,1,0,+0.000,-1.036,-1.036,-0.00255,-10.771,+0.00000,0.00,+0.00000,0,+0.00000,+0.00000,0.01869,-0.428,0,32.6,32.6
3.261687,0,0,0.269418,0.269418,0.2750,-0.00558,0,1,1,+0.01940,+0.00231,0.20184,180.42,+0.01828,-0.00408,0.17389,1.0000,1,0,1,0,+0.000,-1.047,-1.047,-0.00251,-10.917,-0.00000,0.00,+0.00000,0,+0.00000,+0.00000,0.01998,-0.446,0,32.6,32.6
3.340571,0,0,0.269362,0.269362,0.2750,-0.00564,0,1,1,+0.01919,+0.00201,0.20458,180.36,+0.01853,-0.00236,0.18257,1.0000,1,0,1,0,+0.000,-1.062,-1.062,-0.00243,-11.270,+0.00000,0.00,+0.00000,0,+0.00000,+0.00000,0.02286,-0.478,0,32.6,32.6
3.375593,0,0,0.269717,0.269717,0.2750,-0.00528,0,1,1,+0.01701,+0.00061,0.21235,180.11,+0.01831,-0.00192,0.18701,1.0000,1,0,1,0,+0.000,-1.049,-1.049,-0.00231,-11.401,-0.00000,0.00,+0.00000,0,+0.00000,+0.00000,0.01426,-0.493,0,32.6,32.6
3.409386,0,0,0.271918,0.271918,0.2750,-0.00308,0,1,1,+0.01706,-0.00975,0.22430,178.24,+0.01813,-0.00305,0.19240,1.0000,1,0,1,0,+0.000,-1.039,-1.039,-0.00222,-11.529,-0.00000,0.00,+0.00000,0,+0.00000,+0.00000,0.01491,-0.504,0,32.6,32.6
3.444432,0,0,0.273580,0.273580,0.2750,-0.00142,0,1,1,+0.01657,-0.00924,0.22724,178.34,+0.01789,-0.00397,0.19759,1.0000,1,0,1,0,+0.000,-1.025,-1.025,-0.00212,-11.644,+0.00000,0.00,+0.00000,0,+0.00000,+0.00000,0.01553,-0.515,0,32.6,32.6
3.482308,0,0,0.276065,0.276065,0.2750,+0.00106,0,1,1,+0.01467,-0.01516,0.23366,177.27,+0.01738,-0.00576,0.20333,1.0000,1,0,1,0,+0.000,-0.996,-0.996,-0.00195,-11.752,+0.00000,0.00,+0.00000,0,+0.00000,+0.00000,0.01586,-0.526,0,32.6,32.6
3.520895,0,0,0.278942,0.278942,0.2750,+0.00394,0,1,1,+0.01349,-0.02060,0.23915,176.29,+0.01675,-0.00816,0.20913,1.0000,1,0,1,0,+0.000,-0.960,-0.960,-0.00180,-11.880,+0.00000,0.00,+0.00000,0,+0.00000,+0.00000,0.01568,-0.523,0,32.6,32.6
3.560026,0,0,0.280991,0.280991,0.2750,+0.00599,0,1,1,+0.01274,-0.02073,0.24444,176.27,+0.01609,-0.01021,0.21491,1.0000,1,0,1,0,+0.000,-0.922,-0.922,-0.00172,-12.023,-0.00000,0.00,+0.00000,0,+0.00000,+0.00000,0.01556,-0.506,0,32.6,32.6
3.601425,0,0,0.283540,0.283540,0.2750,+0.00854,0,1,1,+0.01186,-0.02629,0.24864,175.27,+0.01537,-0.01297,0.22069,1.0000,1,0,1,0,+0.000,-0.881,-0.881,-0.00156,-12.104,-0.00000,0.00,+0.00000,0,+0.00000,+0.00000,0.01536,-0.503,0,32.6,32.6
3.640500,0,0,0.287153,0.287153,0.2750,+0.01215,0,1,1,+0.00862,-0.03667,0.26434,173.40,+0.01427,-0.01684,0.22783,1.0000,1,0,1,0,+0.000,-0.817,-0.817,-0.00132,-12.180,+0.00000,0.00,+0.00000,0,+0.00000,+0.00000,0.02455,-0.496,0,32.6,32.6
3.679034,0,0,0.290049,0.290049,0.2750,+0.01505,0,1,1,+0.00855,-0.03951,0.27364,172.89,+0.01334,-0.02051,0.23523,1.0000,1,0,1,0,+0.000,-0.764,-0.764,-0.00112,-12.226,+0.00000,0.00,+0.00000,1,+0.05161,-0.05382,0.04724,-0.491,0,32.6,32.6
3.724574,0,0,0.292267,0.292267,0.2750,+0.01727,0,1,1,+0.00739,-0.04065,0.28252,172.68,+0.01224,-0.02424,0.24400,1.0000,1,0,1,0,+0.000,-0.701,-0.701,-0.00098,-12.302,+0.00000,0.00,+0.00000,1,+0.04919,-0.07924,0.09911,-0.462,0,32.6,32.6
3.767081,0,0,0.293248,0.293248,0.2750,+0.01825,0,1,1,+0.00946,-0.04018,0.28475,172.77,+0.01175,-0.02704,0.25114,1.0000,1,0,1,0,+0.000,-0.673,-0.673,-0.00098,-12.344,+0.00000,0.00,+0.00000,1,+0.04843,-0.05977,0.13671,-0.436,0,32.6,32.6
3.807081,0,0,0.269248,0.252886,0.2750,-0.02211,0,1,1,+0.00392,+0.16291,0.22257,209.32,+0.01045,+0.00462,0.24638,1.0000,1,0,1,0,+0.000,-0.599,-0.599,-0.00075,-12.368,+0.00000,0.00,+0.00000,1,+0.05166,-0.06713,0.13985,-0.416,0,32.6,32.6
3.853755,0,0,0.241244,0.230000,0.2750,-0.04500,0,1,1,+0.00240,+0.17727,0.22994,211.91,+0.00892,+0.03729,0.24327,1.0000,1,0,1,0,+0.000,-0.511,-0.511,-0.00047,-12.394,+0.00000,0.00,+0.00000,0,+0.00000,+0.00000,0.12061,-0.391,0,32.6,32.6
3.900957,0,0,0.230000,0.230000,0.2750,-0.04500,0,1,1,+0.00208,+0.18943,0.23590,214.10,+0.00762,+0.06634,0.24186,1.0000,1,0,1,0,+0.000,-0.436,-0.436,-0.00025,-12.636,-0.00000,0.00,+0.00000,0,+0.00000,+0.00000,0.10008,-0.370,0,32.6,32.6
3.949828,0,0,0.237245,0.237245,0.2750,-0.03775,0,1,1,-0.00302,-0.06162,0.33467,168.91,+0.00553,+0.04121,0.26009,1.0000,1,0,1,0,+0.000,-0.317,-0.317,+0.00031,-12.698,+0.00000,0.00,+0.00000,0,+0.00000,+0.00000,0.07803,-0.382,0,32.6,32.6
3.997401,0,0,0.265789,0.268917,0.2750,-0.00608,0,1,1,-0.01389,-0.07305,0.39374,166.85,+0.00180,+0.01925,0.28577,1.0000,1,0,1,0,+0.000,-0.103,-0.103,+0.00128,-12.698,+0.00000,0.00,+0.00000,0,+0.00000,+0.00000,0.02958,-0.394,0,32.6,32.6
4.056627,0,0,0.294705,0.294705,0.2750,+0.01970,0,1,1,-0.01845,-0.07846,0.41685,165.88,-0.00283,-0.00307,0.31572,1.0000,1,0,1,0,+0.000,+0.162,+0.162,+0.00240,-12.698,+0.00000,0.00,+0.00000,0,+0.00000,+0.00000,0.01334,-0.391,0,23.7,23.7
4.121372,1,0,0.312296,0.312296,0.2750,+0.03730,0,1,1,-0.02402,-0.08561,0.43677,164.59,-0.00801,-0.02325,0.34532,1.0000,1,0,1,0,+0.000,+0.459,+0.459,+0.00322,-13.097,+0.00000,0.00,+0.00000,0,+0.00000,+0.00000,0.01013,-0.292,0,23.7,23.7
4.188261,1,0,0.331194,0.331194,0.2750,+0.05619,0,1,1,-0.04012,-0.12262,0.52526,157.93,-0.01606,-0.04816,0.39042,1.0000,1,0,1,0,+0.000,+0.920,+0.920,+0.00449,-13.255,-0.00000,0.00,+0.00000,0,+0.00000,+0.00000,0.01010,-0.136,0,23.7,23.7
4.267023,1,0,0.331194,0.331194,0.2750,+0.05619,0,1,0,+0.00000,+0.00000,0.00000,0.00,-0.01606,-0.04816,0.39042,1.0000,0,0,1,0,+0.000,+0.920,+0.920,+0.00369,-13.280,-0.00000,0.00,+0.00000,0,+0.00000,+0.00000,0.00290,+0.039,0,23.7,23.7
4.311439,1,0,0.331194,0.331194,0.2750,+0.05619,0,1,0,+0.00000,+0.00000,0.00000,0.00,-0.01606,-0.04816,0.39042,1.0000,0,0,1,0,+0.000,+0.920,+0.920,+0.00317,-13.280,-0.00000,0.00,+0.00000,1,-0.00673,+0.00000,0.00327,+0.144,0,23.7,23.7
4.362273,1,0,0.331194,0.331194,0.2750,+0.05619,0,1,0,+0.00000,+0.00000,0.00000,0.00,-0.01606,-0.04816,0.39042,1.0000,0,0,1,0,+0.000,+0.920,+0.920,+0.00263,-13.280,+0.00000,0.00,+0.00000,1,-0.00811,+0.00000,0.00457,+0.279,0,23.7,23.7
4.420842,1,0,0.331194,0.331194,0.2750,+0.05619,0,1,0,+0.00000,+0.00000,0.00000,0.00,-0.01606,-0.04816,0.39042,1.0000,0,0,1,0,+0.000,+0.920,+0.920,+0.00208,-13.281,-0.00000,0.00,+0.00000,1,-0.01467,+0.00000,0.00478,+0.410,0,23.7,23.7
4.482946,1,0,0.331194,0.331194,0.2750,+0.05619,0,1,0,+0.00000,+0.00000,0.00000,0.00,-0.01606,-0.04816,0.39042,1.0000,0,0,1,0,+0.000,+0.920,+0.920,+0.00163,-13.281,-0.00000,0.00,+0.00000,1,+0.03345,+0.00000,0.00797,+0.518,0,23.7,23.7
4.544615,1,0,0.331194,0.331194,0.2750,+0.05619,0,1,0,+0.00000,+0.00000,0.00000,0.00,-0.01606,-0.04816,0.39042,1.0000,0,0,1,0,+0.000,+0.920,+0.920,+0.00126,-13.281,-0.00000,0.00,+0.00000,1,-0.06027,+0.00000,0.01181,+0.609,0,23.7,23.7
4.593176,1,0,0.321283,0.321283,0.2750,+0.04628,0,1,1,+0.86683,-0.04623,0.47962,171.68,+0.15643,-0.04778,0.40784,1.0000,1,0,1,0,+0.000,-8.963,-8.963,-0.04212,-13.281,-0.00000,0.00,+0.00000,1,-0.14160,+0.00000,0.01662,+0.672,0,23.7,23.7
4.687032,1,0,0.264969,0.230000,0.2750,-0.04500,0,1,1,+0.05562,+0.44734,0.08767,260.52,+0.12423,+0.11036,0.30558,1.0000,1,0,1,0,+0.000,-7.118,-7.118,-0.03442,-13.281,-0.00000,0.00,+0.00000,1,-0.24816,+0.00000,0.02649,+0.755,0,23.7,23.7
4.719671,1,0,0.245386,0.230000,0.2750,-0.04500,0,1,1,+0.04967,+0.45926,0.09670,262.67,+0.11377,+0.15931,0.27628,1.0000,1,0,1,0,+0.000,-6.519,-6.519,-0.02756,-13.280,+0.00000,0.00,+0.00000,1,-0.00225,+0.00000,0.00822,+0.275,0,23.7,23.7
4.746189,1,0,0.230000,0.230000,0.2750,-0.04500,0,1,1,+0.04788,+0.47439,0.09860,265.39,+0.10606,+0.19620,0.25548,1.0000,1,0,1,0,+0.000,-6.077,-6.077,-0.02206,-13.345,+0.00000,0.00,+0.00000,1,+0.03421,+0.00000,0.00763,-0.646,0,23.7,23.7
4.771745,1,1,0.214666,0.202000,0.2470,-0.04500,1,1,1,+0.04740,+0.47778,0.10184,266.00,+0.09941,+0.22810,0.23807,1.0000,1,0,1,1,+5.000,-5.696,-0.696,+0.00263,-13.346,-0.00000,0.00,+0.00000,1,+0.05958,+0.00000,0.00603,-0.976,0,23.7,23.7
4.801545,1,1,0.202000,0.202000,0.2470,-0.04500,1,1,1,+0.04519,+0.48934,0.10274,268.08,+0.09238,+0.26198,0.22052,1.0000,1,0,1,1,+5.000,-5.293,-0.293,+0.00630,-13.349,+0.00000,0.00,+0.00000,1,+0.05940,+0.00000,0.00522,-1.517,0,23.7,23.7
4.830014,1,1,0.202000,0.202000,0.2470,-0.04500,1,1,1,+0.04519,+0.48934,0.10274,268.08,+0.08650,+0.29031,0.20584,1.0000,1,0,1,1,+5.000,-4.956,+0.044,+0.00822,-13.350,+0.00000,0.00,+0.00000,1,+0.05940,+0.00000,0.00522,-1.733,0,23.7,23.7
4.858039,1,1,0.202000,0.202000,0.2470,-0.04500,1,1,1,+0.04421,+0.49505,0.10393,269.11,+0.08130,+0.31547,0.19332,1.0000,1,0,1,1,+5.000,-4.658,+0.342,+0.00829,-13.349,-0.00000,0.00,+0.00000,1,+0.05364,+0.00000,0.00500,-1.650,0,23.7,23.7
4.887819,1,1,0.202000,0.202000,0.2470,-0.04500,1,1,1,+0.04444,+0.50032,0.10408,270.06,+0.07653,+0.33943,0.18175,1.0000,1,0,1,1,+5.000,-4.385,+0.615,+0.00878,-13.348,+0.00000,0.00,+0.00000,1,+0.05090,+0.00000,0.00516,-1.488,0,23.7,23.7
4.913909,1,1,0.202000,0.202000,0.2470,-0.04500,1,1,1,+0.04611,+0.50697,0.10614,271.25,+0.07302,+0.35876,0.17303,1.0000,1,0,1,1,+5.000,-4.184,+0.816,+0.00910,-13.348,+0.00000,0.00,+0.00000,1,+0.04820,+0.00000,0.00568,-1.352,0,23.7,23.7
4.940655,1,1,0.202000,0.202000,0.2470,-0.04500,1,1,1,+0.04616,+0.51405,0.10744,272.53,+0.06985,+0.37708,0.16529,1.0000,1,0,1,1,+5.000,-4.002,+0.998,+0.00935,-13.347,-0.00000,0.00,+0.00000,1,+0.04289,+0.00000,0.00652,-1.227,0,23.7,23.7
4.967521,1,1,0.202000,0.202000,0.2470,-0.04500,1,1,1,+0.04616,+0.51405,0.10744,272.53,+0.06704,+0.39330,0.15844,1.0000,1,0,1,1,+5.000,-3.841,+1.159,+0.00939,-13.346,-0.00000,0.00,+0.00000,1,+0.04289,+0.00000,0.00652,-1.083,0,23.7,23.7
4.994002,1,1,0.202000,0.202000,0.2470,-0.04500,1,1,1,+0.04649,+0.52159,0.10901,273.89,+0.06464,+0.40830,0.15266,1.0000,1,0,1,1,+5.000,-3.704,+1.296,+0.00933,-13.346,-0.00000,0.00,+0.00000,1,+0.04724,+0.00000,0.00699,-0.936,0,23.7,23.7
5.024681,1,1,0.202000,0.202000,0.2470,-0.04500,1,1,1,+0.04592,+0.52406,0.10830,274.33,+0.06215,+0.42370,0.14676,1.0000,1,0,1,1,+5.000,-3.561,+1.439,+0.00908,-13.345,+0.00000,0.00,+0.00000,1,+0.03733,+0.00000,0.00662,-0.739,0,23.7,23.7
5.054629,1,1,0.202000,0.202000,0.2470,-0.04500,1,1,1,+0.04422,+0.52748,0.10744,274.95,+0.05982,+0.43721,0.14164,1.0000,1,0,1,1,+5.000,-3.427,+1.573,+0.00897,-13.345,+0.00000,0.00,+0.00000,1,+0.03356,+0.00000,0.00609,-0.581,0,23.7,23.7
5.079721,1,1,0.202000,0.202000,0.2470,-0.04500,1,1,1,+0.04395,+0.53339,0.10844,276.01,+0.05805,+0.44793,0.13794,1.0000,1,0,1,1,+5.000,-3.326,+1.674,+0.00874,-13.344,-0.00000,0.00,+0.00000,0,+0.00000,+0.00000,0.00564,-0.424,0,23.5,23.5
5.107661,1,1,0.202000,0.202000,0.2470,-0.04500,1,1,1,+0.04223,+0.54203,0.10985,277.57,+0.05611,+0.45947,0.13450,1.0000,1,0,1,1,+5.000,-3.215,+1.785,+0.00859,-13.344,-0.00000,0.00,+0.00000,1,+0.02826,+0.00000,0.00578,-0.279,0,23.5,23.5
5.137748,1,1,0.202000,0.202000,0.2470,-0.04500,1,1,1,+0.04646,+0.54481,0.11041,278.07,+0.05485,+0.47063,0.13135,1.0000,1,0,1,1,+5.000,-3.142,+1.858,+0.00828,-13.344,+0.00000,0.00,+0.00000,1,+0.02199,+0.00000,0.00580,-0.133,0,23.5,23.5
5.164783,1,1,0.202000,0.202000,0.2470,-0.04500,1,1,1,+0.04509,+0.55106,0.11180,279.19,+0.05368,+0.48020,0.12902,1.0000,1,0,1,1,+5.000,-3.076,+1.924,+0.00771,-13.344,-0.00000,0.00,+0.00000,1,+0.01262,+0.00000,0.00573,+0.066,0,23.5,23.5
5.193154,1,1,0.202000,0.202000,0.2470,-0.04500,1,1,1,+0.04509,+0.55106,0.11180,279.19,+0.05262,+0.48901,0.12688,1.0000,1,0,1,1,+5.000,-3.015,+1.985,+0.00733,-13.344,-0.00000,0.00,+0.00000,1,+0.01262,+0.00000,0.00573,+0.216,0,23.5,23.5
5.220058,1,1,0.202000,0.202000,0.2470,-0.04500,1,1,1,+0.04439,+0.55378,0.11290,279.68,+0.05164,+0.49669,0.12522,1.0000,1,0,1,1,+5.000,-2.959,+2.041,+0.00702,-13.344,-0.00000,0.00,+0.00000,1,+0.00941,+0.00000,0.00586,+0.346,0,23.5,23.5
5.247129,1,1,0.202000,0.202000,0.2470,-0.04500,1,1,1,+0.04425,+0.56184,0.11399,281.13,+0.05076,+0.50445,0.12388,1.0000,1,0,1,1,+5.000,-2.908,+2.092,+0.00671,-13.344,-0.00000,0.00,+0.00000,1,+0.00650,+0.00000,0.00587,+0.475,0,23.5,23.5
5.277229,1,1,0.202000,0.202000,0.2470,-0.04500,1,1,1,+0.04537,+0.56858,0.11889,282.34,+0.05006,+0.51284,0.12323,1.0000,1,0,1,1,+5.000,-2.868,+2.132,+0.00622,-13.345,+0.00000,0.00,+0.00000,1,+0.00729,+0.00000,0.00562,+0.631,0,23.5,23.5
5.303849,1,1,0.202000,0.202000,0.2470,-0.04500,1,1,1,+0.04528,+0.57565,0.12108,283.62,+0.04949,+0.52022,0.12298,1.0000,1,0,1,1,+5.000,-2.836,+2.164,+0.00597,-13.345,+0.00000,0.00,+0.00000,0,+0.00000,+0.00000,0.00537,+0.721,0,23.5,23.5
5.332444,1,1,0.202000,0.202000,0.2470,-0.04500,1,1,1,+0.04268,+0.58651,0.12373,285.57,+0.04864,+0.52851,0.12307,1.0000,1,0,1,1,+5.000,-2.787,+2.213,+0.00558,-13.345,-0.00000,0.00,+0.00000,0,+0.00000,+0.00000,0.00517,+0.864,0,23.5,23.5
5.362339,1,1,0.202000,0.202000,0.2470,-0.04500,1,1,1,+0.04268,+0.58651,0.12373,285.57,+0.04787,+0.53606,0.12316,1.0000,1,0,1,1,+5.000,-2.743,+2.257,+0.00528,-13.346,-0.00000,0.00,+0.00000,0,+0.00000,+0.00000,0.00517,+0.981,0,23.5,23.5
5.391584,1,1,0.202000,0.202000,0.2470,-0.04500,1,1,1,+0.04500,+0.58987,0.12534,286.18,+0.04750,+0.54292,0.12344,1.0000,1,0,1,1,+5.000,-2.722,+2.278,+0.00486,-13.346,-0.00000,0.00,+0.00000,0,+0.00000,+0.00000,0.00490,+1.102,0,23.5,23.5
5.419641,1,1,0.202000,0.202000,0.2470,-0.04500,1,1,1,+0.04595,+0.59554,0.12522,287.20,+0.04731,+0.54939,0.12365,1.0000,1,0,1,1,+5.000,-2.711,+2.289,+0.00455,-13.347,-0.00000,0.00,+0.00000,0,+0.00000,+0.00000,0.00449,+1.188,0,23.5,23.5
5.448713,1,1,0.202000,0.202000,0.2470,-0.04500,1,1,1,+0.04325,+0.60140,0.12993,288.25,+0.04679,+0.55599,0.12445,1.0000,1,0,1,1,+5.000,-2.681,+2.319,+0.00425,-13.347,-0.00000,0.00,+0.00000,0,+0.00000,+0.00000,0.00417,+1.289,0,23.5,23.5
5.476564,1,1,0.202000,0.202000,0.2470,-0.04500,1,1,1,+0.04363,+0.60535,0.13076,288.96,+0.04641,+0.56203,0.12522,1.0000,1,0,1,1,+5.000,-2.659,+2.341,+0.00392,-13.348,-0.00000,0.00,+0.00000,0,+0.00000,+0.00000,0.00396,+1.391,0,23.5,23.5
5.505053,1,1,0.202000,0.202000,0.2470,-0.04500,1,1,1,+0.04166,+0.60930,0.13403,289.67,+0.04581,+0.56792,0.12632,1.0000,1,0,1,1,+5.000,-2.625,+2.375,+0.00375,-13.348,-0.00000,0.00,+0.00000,0,+0.00000,+0.00000,0.00349,+1.468,0,23.5,23.5
5.533649,1,1,0.202000,0.202000,0.2470,-0.04500,1,1,1,+0.04166,+0.60930,0.13403,289.67,+0.04529,+0.57310,0.12728,1.0000,1,0,1,1,+5.000,-2.595,+2.405,+0.00355,-13.348,-0.00000,0.00,+0.00000,0,+0.00000,+0.00000,0.00349,+1.544,0,23.5,23.5
5.560858,1,1,0.202000,0.202000,0.2470,-0.04500,1,1,1,+0.04193,+0.61254,0.13665,290.26,+0.04489,+0.57782,0.12841,1.0000,1,0,1,1,+5.000,-2.572,+2.428,+0.00335,-13.349,-0.00000,0.00,+0.00000,0,+0.00000,+0.00000,0.00335,+1.616,0,23.5,23.5
5.591948,1,1,0.202000,0.202000,0.2470,-0.04500,1,1,1,+0.04247,+0.61720,0.13483,291.10,+0.04457,+0.58312,0.12927,1.0000,1,0,1,1,+5.000,-2.553,+2.447,+0.00312,-13.349,-0.00000,0.00,+0.00000,0,+0.00000,+0.00000,0.00312,+1.691,0,23.5,23.5
5.618796,1,1,0.202000,0.202000,0.2470,-0.04500,1,1,1,+0.04154,+0.62288,0.13665,292.12,+0.04421,+0.58783,0.13014,1.0000,1,0,1,1,+5.000,-2.533,+2.467,+0.00293,-13.350,-0.00000,0.00,+0.00000,0,+0.00000,+0.00000,0.00305,+1.757,0,23.5,23.5
5.648226,1,1,0.202000,0.202000,0.2470,-0.04500,1,1,1,+0.03988,+0.62553,0.13989,292.60,+0.04365,+0.59266,0.13139,1.0000,1,0,1,1,+5.000,-2.501,+2.499,+0.00276,-13.350,-0.00000,0.00,+0.00000,0,+0.00000,+0.00000,0.00295,+1.830,0,23.5,23.5
5.675789,1,1,0.202000,0.202000,0.2470,-0.04500,1,1,1,+0.03857,+0.62775,0.14240,293.00,+0.04304,+0.59691,0.13273,1.0000,1,0,1,1,+5.000,-2.466,+2.534,+0.00270,-13.351,-0.00000,0.00,+0.00000,0,+0.00000,+0.00000,0.00265,+1.882,0,23.5,23.5
5.704864,1,1,0.202000,0.202000,0.2470,-0.04500,1,1,1,+0.03784,+0.62906,0.14583,293.23,+0.04238,+0.60099,0.13439,1.0000,1,0,1,1,+5.000,-2.428,+2.572,+0.00263,-13.351,+0.00000,0.00,+0.00000,0,+0.00000,+0.00000,0.00244,+1.938,0,23.5,23.5
5.732341,1,1,0.202000,0.202000,0.2470,-0.04500,1,1,1,+0.03895,+0.63448,0.14667,294.21,+0.04196,+0.60504,0.13587,1.0000,1,0,1,1,+5.000,-2.404,+2.596,+0.00254,-13.351,+0.00000,0.00,+0.00000,0,+0.00000,+0.00000,0.00213,+1.983,0,23.5,23.5
5.763057,1,1,0.202000,0.202000,0.2470,-0.04500,1,1,1,+0.03734,+0.63449,0.14793,294.21,+0.04135,+0.60896,0.13748,1.0000,1,0,1,1,+5.000,-2.369,+2.631,+0.00240,-13.352,+0.00000,0.00,+0.00000,0,+0.00000,+0.00000,0.00214,+2.051,0,23.5,23.5
5.790787,1,1,0.202000,0.202000,0.2470,-0.04500,1,1,1,+0.03734,+0.63449,0.14793,294.21,+0.04086,+0.61207,0.13875,1.0000,1,0,1,1,+5.000,-2.341,+2.659,+0.00233,-13.352,+0.00000,0.00,+0.00000,0,+0.00000,+0.00000,0.00214,+2.095,0,23.5,23.5
5.818810,1,1,0.202000,0.202000,0.2470,-0.04500,1,1,1,+0.03617,+0.64174,0.15194,295.51,+0.04028,+0.61572,0.14037,1.0000,1,0,1,1,+5.000,-2.308,+2.692,+0.00227,-13.353,-0.00000,0.00,+0.00000,0,+0.00000,+0.00000,0.00215,+2.144,0,23.5,23.5
5.850801,1,1,0.202000,0.202000,0.2470,-0.04500,1,1,1,+0.03275,+0.63995,0.15174,295.19,+0.03924,+0.61906,0.14194,1.0000,1,0,1,1,+5.000,-2.249,+2.751,+0.00231,-13.353,+0.00000,0.00,+0.00000,0,+0.00000,+0.00000,0.00217,+2.195,0,23.5,23.5
5.879596,1,1,0.202000,0.202000,0.2470,-0.04500,1,1,1,+0.03175,+0.64565,0.15526,296.22,+0.03830,+0.62240,0.14362,1.0000,1,0,1,1,+5.000,-2.194,+2.806,+0.00235,-13.354,+0.00000,0.00,+0.00000,0,+0.00000,+0.00000,0.00230,+2.241,0,23.5,23.5
5.909187,1,1,0.202000,0.202000,0.2470,-0.04500,1,1,1,+0.03260,+0.64681,0.15526,296.43,+0.03757,+0.62555,0.14512,1.0000,1,0,1,1,+5.000,-2.152,+2.848,+0.00231,-13.354,+0.00000,0.00,+0.00000,0,+0.00000,+0.00000,0.00289,+2.292,0,23.5,23.5
5.938947,1,1,0.202000,0.202000,0.2470,-0.04500,1,1,1,+0.03208,+0.64330,0.15802,295.79,+0.03686,+0.62785,0.14679,1.0000,1,0,1,1,+5.000,-2.112,+2.888,+0.00230,-13.354,+0.00000,0.00,+0.00000,0,+0.00000,+0.00000,0.00355,+2.334,0,23.5,23.5
5.970887,1,1,0.202000,0.202000,0.2470,-0.04500,1,1,1,+0.02999,+0.65162,0.16254,297.29,+0.03591,+0.63112,0.14896,1.0000,1,0,1,1,+5.000,-2.058,+2.942,+0.00231,-13.355,-0.00000,0.00,+0.00000,0,+0.00000,+0.00000,0.00350,+2.387,0,23.5,23.5
5.999604,1,1,0.202000,0.202000,0.2470,-0.04500,1,1,1,+0.02999,+0.65162,0.16254,297.29,+0.03517,+0.63370,0.15066,1.0000,1,0,1,1,+5.000,-2.015,+2.985,+0.00231,-13.355,-0.00000,0.00,+0.00000,0,+0.00000,+0.00000,0.00350,+2.429,0,23.5,23.5
6.030436,1,1,0.202000,0.202000,0.2470,-0.04500,1,1,1,+0.02938,+0.64522,0.16283,296.14,+0.03439,+0.63524,0.15229,1.0000,1,0,1,1,+5.000,-1.971,+3.029,+0.00229,-13.356,-0.00000,0.00,+0.00000,0,+0.00000,+0.00000,0.00338,+2.480,0,23.5,23.5
6.062526,1,1,0.202000,0.202000,0.2470,-0.04500,1,1,1,+0.02942,+0.64422,0.16149,295.96,+0.03371,+0.63648,0.15356,1.0000,1,0,1,1,+5.000,-1.931,+3.069,+0.00223,-13.356,-0.00000,0.00,+0.00000,0,+0.00000,+0.00000,0.00323,+2.532,0,23.5,23.5
6.094155,1,1,0.202000,0.202000,0.2470,-0.04500,1,1,1,+0.02838,+0.63678,0.16025,294.62,+0.03298,+0.63652,0.15447,1.0000,1,0,1,1,+5.000,-1.890,+3.110,+0.00222,-13.357,-0.00000,0.00,+0.00000,0,+0.00000,+0.00000,0.00338,+2.576,0,34.5,34.5
6.125901,1,1,0.202000,0.202000,0.2470,-0.04500,1,1,1,+0.02745,+0.63763,0.16443,294.77,+0.03222,+0.63667,0.15584,1.0000,1,0,1,1,+5.000,-1.846,+3.154,+0.00219,-13.357,-0.00000,0.00,+0.00000,0,+0.00000,+0.00000,0.00423,+2.627,0,34.5,34.5
6.157579,1,1,0.202000,0.202000,0.2470,-0.04500,1,1,1,+0.02433,+0.63322,0.16823,293.98,+0.03114,+0.63620,0.15753,1.0000,1,0,1,1,+5.000,-1.784,+3.216,+0.00224,-13.358,-0.00000,0.00,+0.00000,0,+0.00000,+0.00000,0.00472,+2.677,0,34.5,34.5
6.187104,1,1,0.202000,0.202000,0.2470,-0.04500,1,1,1,+0.02573,+0.63300,0.17042,293.94,+0.03045,+0.63579,0.15919,1.0000,1,0,1,1,+5.000,-1.744,+3.256,+0.00225,-13.358,+0.00000,0.00,+0.00000,0,+0.00000,+0.00000,0.00503,+2.715,0,34.5,34.5
6.216229,1,1,0.202000,0.202000,0.2470,-0.04500,1,1,1,+0.02325,+0.63486,0.17374,294.27,+0.02953,+0.63567,0.16104,1.0000,1,0,1,1,+5.000,-1.692,+3.308,+0.00227,-13.359,-0.00000,0.00,+0.00000,1,+0.01342,+0.00000,0.00519,+2.764,0,34.5,34.5
6.250576,1,1,0.202000,0.202000,0.2470,-0.04500,1,1,1,+0.02244,+0.63099,0.17847,293.58,+0.02849,+0.63498,0.16359,1.0000,1,0,1,1,+5.000,-1.632,+3.368,+0.00231,-13.359,-0.00000,0.00,+0.00000,1,+0.01062,+0.00000,0.00524,+2.814,0,34.5,34.5
6.280686,1,1,0.202000,0.202000,0.2470,-0.04500,1,1,1,+0.02041,+0.63503,0.18367,294.31,+0.02744,+0.63499,0.16622,1.0000,1,0,1,1,+5.000,-1.572,+3.428,+0.00240,-13.360,-0.00000,0.00,+0.00000,1,+0.01014,+0.00000,0.00543,+2.854,0,34.5,34.5
6.313804,1,1,0.202000,0.202000,0.2470,-0.04500,1,1,1,+0.01699,+0.63484,0.18659,294.27,+0.02595,+0.63497,0.16911,1.0000,1,0,1,1,+5.000,-1.487,+3.513,+0.00255,-13.360,+0.00000,0.00,+0.00000,1,+0.00829,+0.00000,0.00529,+2.904,0,34.5,34.5
6.346515,1,1,0.202000,0.202000,0.2470,-0.04500,1,1,1,+0.01459,+0.63518,0.19060,294.33,+0.02435,+0.63500,0.17213,1.0000,1,0,1,1,+5.000,-1.395,+3.605,+0.00317,-13.588,+0.00000,0.00,+0.00000,1,+0.00189,+0.00000,0.00541,+2.852,0,34.5,34.5
6.381313,1,1,0.202000,0.202000,0.2470,-0.04500,1,1,1,+0.01493,+0.62660,0.19681,292.79,+0.02296,+0.63375,0.17579,1.0000,1,0,1,1,+5.000,-1.315,+3.685,+0.00327,-13.589,-0.00000,0.00,+0.00000,1,-0.00214,+0.00000,0.00527,+2.908,0,34.5,34.5
6.409617,1,1,0.202000,0.202000,0.2470,-0.04500,1,1,1,+0.01181,+0.61984,0.20023,291.57,+0.02158,+0.63203,0.17882,1.0000,1,0,1,1,+5.000,-1.236,+3.764,+0.00339,-13.589,+0.00000,0.00,+0.00000,1,-0.00685,+0.00000,0.00511,+2.956,0,34.5,34.5
6.439266,1,1,0.202000,0.202000,0.2470,-0.04500,1,1,1,+0.01181,+0.61984,0.20023,291.57,+0.02032,+0.63045,0.18159,1.0000,1,0,1,1,+5.000,-1.164,+3.836,+0.00342,-13.590,-0.00000,0.00,+0.00000,1,-0.00685,+0.00000,0.00511,+3.016,0,34.5,34.5
6.469399,1,1,0.202000,0.202000,0.2470,-0.04500,1,1,1,+0.00857,+0.61428,0.20245,290.57,+0.01878,+0.62834,0.18432,1.0000,1,0,1,1,+5.000,-1.076,+3.924,+0.00349,-13.591,-0.00000,0.00,+0.00000,1,-0.01359,+0.00000,0.00477,+3.089,0,34.5,34.5
6.500184,1,1,0.202000,0.202000,0.2470,-0.04500,1,1,1,+0.00659,+0.60295,0.20802,288.53,+0.01715,+0.62495,0.18748,1.0000,1,0,1,1,+5.000,-0.983,+4.017,+0.00362,-13.592,-0.00000,0.00,+0.00000,1,-0.01811,+0.00000,0.00467,+3.151,0,34.5,34.5
6.534293,1,1,0.202000,0.202000,0.2470,-0.04500,1,1,1,+0.00265,+0.58745,0.21681,285.74,+0.01504,+0.61949,0.19175,1.0000,1,0,1,1,+5.000,-0.862,+4.138,+0.00381,-13.593,+0.00000,0.00,+0.00000,1,-0.02726,+0.00000,0.00441,+3.228,0,34.5,34.5
6.567292,1,1,0.202000,0.202000,0.2470,-0.04500,1,1,1,+0.00265,+0.58745,0.21681,285.74,+0.01328,+0.61495,0.19530,1.0000,1,0,1,1,+5.000,-0.761,+4.239,+0.00390,-13.594,-0.00000,0.00,+0.00000,1,-0.02726,+0.00000,0.00441,+3.306,0,34.5,34.5
6.601699,1,1,0.202000,0.202000,0.2470,-0.04500,1,1,1,-0.00137,+0.58078,0.22319,284.54,+0.01113,+0.60993,0.19940,1.0000,1,0,1,1,+5.000,-0.638,+4.362,+0.00407,-13.595,+0.00000,0.00,+0.00000,1,-0.02930,+0.00000,0.00435,+3.388,0,34.5,34.5
6.636533,1,1,0.202000,0.202000,0.2470,-0.04500,1,1,1,-0.00342,+0.56354,0.22926,281.44,+0.00897,+0.60305,0.20383,1.0000,1,0,1,1,+5.000,-0.514,+4.486,+0.00423,-13.596,-0.00000,0.00,+0.00000,1,-0.03549,+0.00000,0.00449,+3.475,0,34.5,34.5
6.671782,1,1,0.202000,0.202000,0.2470,-0.04500,1,1,1,-0.00925,+0.54230,0.24152,277.61,+0.00624,+0.59395,0.20947,1.0000,1,0,1,1,+5.000,-0.358,+4.642,+0.00450,-13.597,-0.00000,0.00,+0.00000,1,-0.04133,+0.00000,0.00484,+3.567,0,34.5,34.5
6.709203,1,1,0.202000,0.202000,0.2470,-0.04500,1,1,1,-0.00925,+0.54230,0.24152,277.61,+0.00380,+0.58581,0.21453,1.0000,1,0,1,1,+5.000,-0.218,+4.782,+0.00468,-13.598,-0.00000,0.00,+0.00000,1,-0.04133,+0.00000,0.00484,+3.664,0,34.5,34.5
6.748237,1,1,0.202000,0.202000,0.2470,-0.04500,1,1,1,-0.01670,+0.51440,0.25307,272.59,+0.00045,+0.57415,0.22082,1.0000,1,0,1,1,+5.000,-0.026,+4.974,+0.00500,-13.600,+0.00000,0.00,+0.00000,1,-0.04496,+0.00000,0.00509,+3.780,0,34.5,34.5
6.788343,1,1,0.203218,0.203218,0.2470,-0.04378,1,1,1,-0.01898,+0.49824,0.25850,269.68,-0.00279,+0.56147,0.22711,1.0000,1,0,1,1,+5.000,+0.160,+5.160,+0.00530,-13.602,-0.00000,0.00,+0.00000,1,-0.05259,+0.00000,0.00523,+3.895,0,34.5,34.5
6.830019,1,1,0.212412,0.212412,0.2470,-0.03459,1,1,1,-0.02437,+0.47827,0.26794,266.09,-0.00651,+0.54712,0.23415,1.0000,1,0,1,1,+5.000,+0.373,+5.373,+0.00565,-13.604,-0.00000,0.00,+0.00000,0,+0.00000,+0.00000,0.00543,+4.025,0,34.5,34.5
6.871036,1,1,0.225467,0.225467,0.2470,-0.02153,1,1,1,-0.03208,+0.43882,0.28087,258.99,-0.01087,+0.52869,0.24210,1.0000,1,0,1,1,+5.000,+0.623,+5.623,+0.00609,-13.606,-0.00000,0.00,+0.00000,1,-0.05739,+0.00000,0.00655,+4.170,0,34.5,34.5
6.909676,1,1,0.237558,0.237558,0.2470,-0.00944,1,1,1,-0.03619,+0.41464,0.28937,254.63,-0.01497,+0.51022,0.24976,1.0000,1,0,1,1,+5.000,+0.858,+5.858,+0.00684,-13.728,+0.00000,0.00,+0.00000,0,+0.00000,+0.00000,0.00728,+4.230,0,34.5,34.5
6.950376,1,1,0.251202,0.251202,0.2470,+0.00420,1,1,1,-0.04169,+0.38268,0.29850,248.88,-0.01948,+0.48866,0.25800,1.0000,1,0,1,1,+5.000,+1.116,+6.116,+0.00873,-14.262,-0.00000,0.00,+0.00000,0,+0.00000,+0.00000,0.01207,+4.048,0,34.5,34.5
6.995888,1,1,0.271943,0.271943,0.2470,+0.02494,1,1,1,-0.04933,+0.32378,0.31667,238.28,-0.02502,+0.45809,0.26887,1.0000,1,0,1,1,+5.000,+1.433,+6.433,+0.01074,-14.677,-0.00000,0.00,+0.00000,0,+0.00000,+0.00000,0.02138,+3.897,0,34.5,34.5
7.045470,1,1,0.293811,0.293811,0.2470,+0.04681,1,1,1,-0.05160,+0.27877,0.31667,230.18,-0.03030,+0.42247,0.27837,1.0000,1,0,1,1,+5.000,+1.736,+6.736,+0.01263,-14.972,-0.00000,0.00,+0.00000,1,-0.10949,+0.00000,0.02572,+3.746,0,34.5,34.5
7.095183,1,1,0.316673,0.316673,0.2470,+0.06967,1,1,1,-0.05592,+0.22504,0.32299,220.51,-0.03540,+0.38316,0.28725,1.0000,1,0,1,1,+5.000,+2.028,+7.028,+0.01433,-15.145,+0.00000,0.00,+0.00000,1,-0.12935,+0.00000,0.03612,+3.623,0,28.0,28.0
7.146576,1,1,0.335387,0.335387,0.2470,+0.08839,1,1,1,-0.05810,+0.19042,0.33569,214.27,-0.04004,+0.34376,0.29715,1.0000,1,0,1,1,+5.000,+2.294,+7.294,+0.01488,-15.207,-0.00000,0.00,+0.00000,1,-0.16480,+0.00000,0.04661,+3.741,0,28.0,28.0
7.196367,1,1,0.340000,0.340000,0.2470,+0.10000,1,1,1,-0.08122,+0.07513,0.39284,193.52,-0.04825,+0.29021,0.31623,1.0000,1,0,1,1,+5.000,+2.764,+7.764,+0.01502,-15.215,-0.00000,0.00,+0.00000,1,-0.58117,+0.00000,0.06202,+4.161,0,28.0,28.0
7.257514,1,1,0.340000,0.340000,0.2470,+0.10000,1,1,1,-0.08301,+0.02054,0.40479,183.70,-0.05639,+0.22707,0.33696,1.0000,1,0,1,1,+5.000,+3.231,+8.231,+0.01424,-15.227,-0.00000,0.00,+0.00000,1,-0.53263,+0.00000,0.06055,+4.804,0,28.0,28.0
7.317715,1,1,0.340000,0.340000,0.2470,+0.10000,1,1,1,-0.08960,-0.02983,0.43198,174.63,-0.06407,+0.16763,0.35895,1.0000,1,0,1,1,+5.000,+3.671,+8.671,+0.01375,-15.239,-0.00000,0.00,+0.00000,1,-0.59053,-0.11400,0.04201,+5.353,0,28.0,28.0
7.387164,1,1,0.340000,0.340000,0.2470,+0.10000,1,1,1,-0.10236,-0.13053,0.48093,156.50,-0.07394,+0.09078,0.39039,1.0000,1,0,1,1,+5.000,+4.236,+9.236,+0.01327,-15.256,-0.00000,0.00,+0.00000,1,-0.11588,-0.16330,0.05092,+6.038,0,28.0,28.0
7.465393,1,1,0.340000,0.340000,0.2470,+0.10000,1,1,1,-0.13222,-0.28334,0.55794,129.00,-0.09033,-0.01441,0.43750,1.0000,1,0,1,1,+5.000,+5.175,+10.175,+0.01434,-15.276,+0.00000,0.00,+0.00000,1,-0.11790,+0.05106,0.01610,+6.737,0,28.0,28.0
7.553994,1,1,0.340000,0.340000,0.2470,+0.10000,1,1,1,-0.14685,-0.25566,0.55755,133.98,-0.10768,-0.08847,0.47435,1.0000,1,0,1,1,+5.000,+6.170,+11.170,+0.01518,-15.301,+0.00000,0.00,+0.00000,1,-0.12009,+0.04646,0.01677,+7.542,0,28.0,28.0
7.648777,1,1,0.340000,0.340000,0.2470,+0.10000,1,1,0,+0.00000,+0.00000,0.00000,0.00,-0.10768,-0.08847,0.47435,1.0000,0,0,1,1,+5.000,+6.170,+11.170,+0.01124,-15.333,-0.00000,0.00,+0.00000,1,-0.12247,+0.00000,0.01322,+8.435,0,28.0,28.0
7.700855,1,1,0.340000,0.340000,0.2470,+0.10000,1,1,0,+0.00000,+0.00000,0.00000,0.00,-0.10768,-0.08847,0.47435,1.0000,0,0,1,1,+5.000,+6.170,+11.170,+0.00899,-15.353,-0.00000,0.00,+0.00000,1,-0.13126,+0.02696,0.01026,+8.940,0,28.0,28.0
7.758012,1,1,0.340000,0.340000,0.2470,+0.10000,1,1,0,+0.00000,+0.00000,0.00000,0.00,-0.10768,-0.08847,0.47435,1.0000,0,0,1,1,+5.000,+6.170,+11.170,+0.00722,-15.371,-0.00000,0.00,+0.00000,1,-0.13298,+0.02775,0.00862,+9.395,0,28.0,28.0
7.817003,1,1,0.340000,0.340000,0.2470,+0.10000,1,1,0,+0.00000,+0.00000,0.00000,0.00,-0.10768,-0.08847,0.47435,1.0000,0,0,1,1,+5.000,+6.170,+11.170,+0.00570,-15.387,+0.00000,0.00,+0.00000,1,-0.14026,+0.04359,0.00988,+9.764,0,28.0,28.0
7.866574,1,1,0.325215,0.325215,0.2470,+0.07821,1,1,1,-0.13442,+0.46787,0.06759,264.22,-0.11299,+0.02203,0.39356,1.0000,1,0,1,1,+5.000,+6.474,+11.474,+0.00592,-15.399,-0.00000,0.00,+0.00000,1,-0.14645,+0.04159,0.01579,+10.038,0,28.0,28.0
7.897954,1,1,0.306387,0.238638,0.2470,-0.00836,1,1,1,-0.13664,+0.47076,0.06849,264.74,-0.11620,+0.08289,0.34947,1.0000,1,0,1,1,+5.000,+6.658,+11.658,+0.00614,-15.406,+0.00000,0.00,+0.00000,1,-0.14832,+0.04330,0.01586,+10.184,0,28.0,28.0
7.928410,1,1,0.288113,0.202000,0.2470,-0.04500,1,1,1,-0.13664,+0.47076,0.06849,264.74,-0.11890,+0.13415,0.31234,1.0000,1,0,1,1,+5.000,+6.812,+11.812,+0.00639,-15.411,+0.00000,0.00,+0.00000,1,-0.14832,+0.04330,0.01586,+10.284,0,28.0,28.0
7.957999,1,1,0.270359,0.202000,0.2470,-0.04500,1,1,1,-0.13956,+0.47332,0.07179,265.20,-0.12156,+0.17786,0.28134,1.0000,1,0,1,1,+5.000,+6.965,+11.965,+0.00854,-15.421,+0.00000,0.00,+0.00000,1,-0.15127,+0.04544,0.01570,+9.937,0,28.0,28.0
7.986825,1,1,0.253064,0.202000,0.2470,-0.04500,1,1,1,-0.14083,+0.47673,0.07222,265.81,-0.12399,+0.21551,0.25500,1.0000,1,0,1,1,+5.000,+7.104,+12.104,+0.01200,-15.578,-0.00000,0.00,+0.00000,1,-0.15428,+0.04589,0.01594,+9.283,0,28.0,28.0
8.019357,1,1,0.233545,0.202000,0.2470,-0.04500,1,1,1,-0.14192,+0.47862,0.07265,266.15,-0.12650,+0.25232,0.22949,1.0000,1,0,1,1,+5.000,+7.248,+12.248,+0.01247,-15.670,-0.00000,0.00,+0.00000,1,-0.15620,+0.04082,0.01592,+9.298,0,28.0,28.0
8.053982,1,1,0.212770,0.202000,0.2470,-0.04500,1,1,1,-0.14232,+0.48129,0.07265,266.63,-0.12883,+0.28611,0.20634,1.0000,1,0,1,1,+5.000,+7.382,+12.382,+0.01176,-15.681,-0.00000,0.00,+0.00000,1,-0.15998,+0.05065,0.01628,+9.556,0,28.0,28.0
8.084961,1,1,0.202000,0.202000,0.2470,-0.04500,1,1,1,-0.14239,+0.48129,0.07328,266.63,-0.13065,+0.31229,0.18849,1.0000,1,0,1,1,+5.000,+7.486,+12.486,+0.01122,-15.691,-0.00000,0.00,+0.00000,1,-0.16025,+0.04712,0.01664,+9.779,0,28.0,28.0
8.117266,1,1,0.202000,0.202000,0.2470,-0.04500,1,1,1,-0.14389,+0.48399,0.07391,267.12,-0.13249,+0.33616,0.17256,1.0000,1,0,1,1,+5.000,+7.591,+12.591,+0.01081,-15.700,-0.00000,0.00,+0.00000,1,-0.16413,+0.05025,0.01726,+9.987,0,19.6,19.6
8.147887,1,1,0.202000,0.202000,0.2470,-0.04500,1,1,1,-0.14402,+0.48484,0.07536,267.27,-0.13402,+0.35591,0.15965,1.0000,1,0,1,1,+5.000,+7.679,+12.679,+0.01009,-15.712,-0.00000,0.00,+0.00000,1,-0.16515,+0.05094,0.01795,+10.248,0,19.6,19.6
8.180013,1,1,0.202000,0.202000,0.2470,-0.04500,1,1,1,-0.14512,+0.48726,0.07678,267.71,-0.13556,+0.37408,0.14818,1.0000,1,0,1,1,+5.000,+7.767,+12.767,+0.00948,-15.723,+0.00000,0.00,+0.00000,1,-0.16831,+0.05527,0.01918,+10.479,0,19.6,19.6
8.209166,1,1,0.202000,0.202000,0.2470,-0.04500,1,1,1,-0.14541,+0.48978,0.07837,268.16,-0.13681,+0.38880,0.13930,1.0000,1,0,1,1,+5.000,+7.839,+12.839,+0.00907,-15.732,+0.00000,0.00,+0.00000,1,-0.16991,+0.05099,0.02519,+10.649,0,19.6,19.6
8.240255,1,1,0.202000,0.202000,0.2470,-0.04500,1,1,1,-0.14654,+0.49159,0.07974,268.49,-0.13812,+0.40263,0.13129,1.0000,1,0,1,1,+5.000,+7.914,+12.914,+0.00847,-15.743,-0.00000,0.00,+0.00000,1,-0.17243,+0.05046,0.04806,+10.870,0,19.6,19.6
8.272053,1,1,0.202000,0.202000,0.2470,-0.04500,1,1,1,-0.14621,+0.49294,0.08070,268.73,-0.13923,+0.41502,0.12435,1.0000,1,0,1,1,+5.000,+7.977,+12.977,+0.00807,-15.751,-0.00000,0.00,+0.00000,1,-0.17301,+0.05470,0.06405,+11.029,0,19.6,19.6
8.302097,1,1,0.202000,0.202000,0.2470,-0.04500,1,1,1,-0.14740,+0.49432,0.08259,268.98,-0.14030,+0.42538,0.11890,1.0000,1,0,1,1,+5.000,+8.038,+13.038,+0.00745,-15.761,-0.00000,0.00,+0.00000,1,-0.17424,+0.04872,0.09032,+11.238,0,19.6,19.6
8.333104,1,1,0.202000,0.202000,0.2470,-0.04500,1,1,1,-0.14808,+0.49536,0.08333,269.16,-0.14134,+0.43477,0.11412,1.0000,1,0,1,1,+5.000,+8.098,+13.098,+0.00691,-15.771,-0.00000,0.00,+0.00000,1,-0.17529,+0.04440,0.10449,+11.427,0,19.6,19.6
8.364356,2,1,0.202000,0.202000,0.2470,-0.04500,1,1,1,-0.14808,+0.49536,0.08333,269.16,-0.14225,+0.44296,0.10996,1.0000,1,0,1,1,+5.000,+8.151,+13.151,+0.00662,-15.778,-0.00000,0.00,+0.00000,1,-0.17529,+0.04440,0.10449,+11.549,0,19.6,19.6
8.400102,2,1,0.202000,0.202000,0.2470,-0.04500,1,1,1,-0.14713,+0.49494,0.08553,269.09,-0.14299,+0.45084,0.10626,1.0000,1,0,1,1,+5.000,+8.193,+13.193,+0.00604,-15.787,-0.00000,0.00,+0.00000,1,-0.17697,+0.04284,0.11787,+11.732,0,19.6,19.6
8.431539,2,1,0.202000,0.202000,0.2470,-0.04500,1,1,1,-0.14713,+0.49494,0.08553,269.09,-0.14355,+0.45683,0.10344,1.0000,1,0,1,1,+5.000,+8.225,+13.225,+0.00556,-15.795,+0.00000,0.00,+0.00000,1,-0.17697,+0.04284,0.11787,+11.876,0,19.6,19.6
8.461064,2,1,0.202000,0.202000,0.2470,-0.04500,1,1,1,-0.14688,+0.49472,0.08642,269.05,-0.14398,+0.46170,0.10125,1.0000,1,0,1,1,+5.000,+8.250,+13.250,+0.00509,-15.803,-0.00000,0.00,+0.00000,1,-0.17986,+0.04616,0.11801,+12.012,0,19.6,19.6
8.490607,2,1,0.202000,0.202000,0.2470,-0.04500,1,1,1,-0.14579,+0.50077,0.08425,270.14,-0.14421,+0.46673,0.09906,1.0000,1,0,0,1,+5.000,+0.000,+5.000,-0.03132,-15.809,-0.00000,0.00,+0.00000,1,-0.18530,+0.05074,0.11285,+12.114,0,19.6,19.6
8.519644,2,1,0.202000,0.202000,0.2470,-0.04500,1,1,1,-0.14332,+0.50855,0.08184,271.54,-0.14410,+0.47203,0.09688,1.0000,1,0,0,1,+5.000,+0.000,+5.000,-0.03170,-15.814,-0.00000,0.00,+0.00000,1,-0.18778,+0.05300,0.10966,+12.207,0,19.6,19.6
8.549283,2,1,0.202000,0.202000,0.2470,-0.04500,1,1,1,-0.13622,+0.51588,0.07678,272.86,-0.14308,+0.47769,0.09429,1.0000,1,0,0,1,+5.000,+0.000,+5.000,-0.02913,-15.801,+0.00000,0.00,+0.00000,1,-0.18873,+0.05269,0.09693,+11.971,0,19.6,19.6
8.577061,2,1,0.202000,0.202000,0.2470,-0.04500,1,1,1,-0.12598,+0.52632,0.07027,274.74,-0.14100,+0.48362,0.09136,1.0000,1,0,0,1,+5.000,+0.000,+5.000,-0.02623,-15.769,+0.00000,0.00,+0.00000,1,-0.19080,+0.05265,0.09078,+11.386,0,19.6,19.6
8.606210,2,1,0.202000,0.202000,0.2470,-0.04500,1,1,1,-0.11800,+0.52524,0.06827,274.54,-0.13807,+0.48892,0.08842,1.0000,1,0,0,1,+5.000,+0.000,+5.000,-0.02421,-15.741,-0.00000,0.00,+0.00000,1,-0.19487,+0.05054,0.08451,+10.861,0,19.6,19.6
8.634806,2,1,0.202000,0.202000,0.2470,-0.04500,1,1,1,-0.11487,+0.52178,0.06804,273.92,-0.13517,+0.49303,0.08587,1.0000,1,0,0,1,+5.000,+0.000,+5.000,-0.02232,-15.718,+0.00000,0.00,+0.00000,1,-0.19641,+0.04810,0.08439,+10.389,0,19.6,19.6
8.663124,2,1,0.202000,0.202000,0.2470,-0.04500,1,1,1,-0.11487,+0.52178,0.06804,273.92,-0.13265,+0.49659,0.08366,1.0000,1,0,0,1,+5.000,+0.000,+5.000,-0.02024,-15.695,+0.00000,0.00,+0.00000,1,-0.19641,+0.04810,0.08439,+9.890,0,19.6,19.6
8.692347,2,1,0.202000,0.202000,0.2470,-0.04500,1,1,1,-0.12134,+0.50875,0.07328,271.57,-0.13121,+0.49814,0.08234,1.0000,1,0,0,1,+5.000,+0.000,+5.000,-0.01864,-15.678,+0.00000,0.00,+0.00000,1,-0.19960,+0.04924,0.09195,+9.515,0,19.6,19.6
8.722313,2,1,0.202000,0.202000,0.2470,-0.04500,1,1,1,-0.12858,+0.50487,0.07738,270.88,-0.13087,+0.49902,0.08169,1.0000,1,0,0,1,+5.000,+0.000,+5.000,-0.01724,-15.663,+0.00000,0.00,+0.00000,1,-0.20172,+0.05054,0.10284,+9.175,0,19.6,19.6
8.751698,2,1,0.202000,0.202000,0.2470,-0.04500,1,1,1,-0.13588,+0.49981,0.08517,269.97,-0.13151,+0.49912,0.08214,1.0000,1,0,0,1,+5.000,+0.000,+5.000,-0.01528,-15.644,+0.00000,0.00,+0.00000,1,-0.20310,+0.05235,0.11746,+8.700,0,19.6,19.6
8.781201,2,1,0.202000,0.202000,0.2470,-0.04500,1,1,1,-0.13922,+0.49954,0.09044,269.92,-0.13250,+0.49917,0.08320,1.0000,1,0,0,1,+5.000,+0.000,+5.000,-0.01305,-15.724,+0.00000,0.00,+0.00000,1,-0.20409,+0.05493,0.12288,+8.177,0,19.6,19.6
8.810538,2,1,0.202000,0.202000,0.2470,-0.04500,1,1,1,-0.13934,+0.50028,0.09213,270.05,-0.13338,+0.49932,0.08434,1.0000,1,0,0,1,+5.000,+0.000,+5.000,-0.01171,-15.712,+0.00000,0.00,+0.00000,1,-0.20541,+0.05860,0.11405,+7.859,0,19.6,19.6
8.841173,2,1,0.202000,0.202000,0.2470,-0.04500,1,1,1,-0.13874,+0.50000,0.09493,270.00,-0.13409,+0.49941,0.08575,1.0000,1,0,0,1,+5.000,+0.000,+5.000,-0.01053,-15.702,+0.00000,0.00,+0.00000,1,-0.20993,+0.07389,0.08819,+7.565,0,19.6,19.6
8.874917,2,1,0.202000,0.202000,0.2470,-0.04500,1,1,1,-0.13969,+0.49952,0.09670,269.91,-0.13490,+0.49942,0.08733,1.0000,1,0,0,1,+5.000,+0.000,+5.000,-0.00962,-15.694,+0.00000,0.00,+0.00000,1,-0.20939,+0.07212,0.05882,+7.334,0,19.6,19.6
8.907646,2,1,0.202000,0.202000,0.2470,-0.04500,1,1,1,-0.13875,+0.50134,0.09860,270.24,-0.13544,+0.49969,0.08892,1.0000,1,0,0,1,+5.000,+0.000,+5.000,-0.00857,-15.686,+0.00000,0.00,+0.00000,1,-0.20777,+0.06211,0.05500,+7.085,0,19.6,19.6
8.942231,2,1,0.202000,0.202000,0.2470,-0.04500,1,1,1,-0.13738,+0.50066,0.09938,270.12,-0.13573,+0.49984,0.09046,1.0000,1,0,0,1,+5.000,+0.000,+5.000,-0.00734,-15.676,+0.00000,0.00,+0.00000,1,-0.20525,+0.05768,0.05014,+6.789,0,19.6,19.6
8.977018,2,1,0.202000,0.202000,0.2470,-0.04500,1,1,1,-0.13696,+0.49229,0.10046,268.61,-0.13591,+0.49872,0.09194,1.0000,1,0,0,1,+5.000,+0.000,+5.000,-0.00647,-15.670,+0.00000,0.00,+0.00000,1,-0.20321,+0.05269,0.03130,+6.581,0,19.6,19.6
9.008691,2,1,0.202000,0.202000,0.2470,-0.04500,1,1,1,-0.13547,+0.48643,0.10229,267.56,-0.13585,+0.49704,0.09336,1.0000,1,0,0,1,+5.000,+0.000,+5.000,-0.00583,-15.665,+0.00000,0.00,+0.00000,1,-0.20144,+0.05171,0.02831,+6.423,0,19.6,19.6
9.039577,2,1,0.202000,0.202000,0.2470,-0.04500,1,1,1,-0.13421,+0.48115,0.10334,266.61,-0.13563,+0.49491,0.09469,1.0000,1,0,0,1,+5.000,+0.000,+5.000,-0.00523,-15.661,+0.00000,0.00,+0.00000,1,-0.19564,+0.04731,0.02900,+6.273,0,19.6,19.6
9.071280,2,1,0.202000,0.202000,0.2470,-0.04500,1,1,1,-0.13277,+0.47447,0.10334,265.40,-0.13524,+0.49212,0.09588,1.0000,1,0,0,1,+5.000,+0.000,+5.000,-0.00463,-15.657,+0.00000,0.00,+0.00000,1,-0.19429,+0.04686,0.03122,+6.127,0,19.6,19.6
9.103932,2,1,0.202000,0.202000,0.2470,-0.04500,1,1,1,-0.12966,+0.46701,0.10453,264.06,-0.13446,+0.48859,0.09709,1.0000,1,0,0,1,+5.000,+0.000,+5.000,-0.00418,-15.654,+0.00000,0.00,+0.00000,1,-0.19707,+0.05292,0.03380,+6.020,0,19.6,19.6
9.135925,2,1,0.202000,0.202000,0.2470,-0.04500,1,1,1,-0.12679,+0.46071,0.10482,262.93,-0.13340,+0.48475,0.09816,1.0000,1,0,0,1,+5.000,+0.000,+5.000,-0.00370,-15.650,+0.00000,0.00,+0.00000,1,-0.19414,+0.06263,0.03713,+5.903,0,32.4,32.4
9.168207,2,1,0.202000,0.202000,0.2470,-0.04500,1,1,1,-0.12679,+0.46071,0.10482,262.93,-0.13248,+0.48141,0.09908,1.0000,1,0,0,1,+5.000,+0.000,+5.000,-0.00327,-15.648,+0.00000,0.00,+0.00000,1,-0.19414,+0.06263,0.03713,+5.799,0,32.4,32.4
9.201073,2,1,0.202000,0.202000,0.2470,-0.04500,1,1,1,-0.12553,+0.45418,0.10585,261.75,-0.13150,+0.47756,0.10004,1.0000,1,0,1,1,+5.000,+7.534,+12.534,+0.02994,-15.645,+0.00000,0.00,+0.00000,1,-0.18595,+0.08246,0.04249,+5.718,0,32.4,32.4
9.231493,2,1,0.202000,0.202000,0.2470,-0.04500,1,1,1,-0.12242,+0.45287,0.10901,261.52,-0.13030,+0.47430,0.10122,1.0000,1,0,1,1,+5.000,+7.466,+12.466,+0.02997,-15.643,-0.00000,0.00,+0.00000,1,-0.18215,+0.08225,0.04845,+5.638,0,32.4,32.4
9.265901,2,1,0.202000,0.202000,0.2470,-0.04500,1,1,1,-0.10544,+0.44137,0.11467,259.45,-0.12665,+0.46947,0.10319,1.0000,1,0,1,1,+5.000,+7.257,+12.257,+0.02538,-15.656,+0.00000,0.00,+0.00000,1,-0.16229,+0.05319,0.03847,+6.103,0,32.4,32.4
9.297747,2,1,0.202000,0.202000,0.2470,-0.04500,1,1,1,-0.10209,+0.43021,0.11534,257.44,-0.12328,+0.46408,0.10486,1.0000,1,0,1,1,+5.000,+7.063,+12.063,+0.02219,-15.671,-0.00000,0.00,+0.00000,1,-0.15051,+0.05905,0.03301,+6.633,0,32.4,32.4
9.328318,2,1,0.202000,0.202000,0.2470,-0.04500,1,1,1,-0.10209,+0.43021,0.11534,257.44,-0.12047,+0.45959,0.10625,1.0000,1,0,1,1,+5.000,+6.902,+11.902,+0.01918,-15.690,-0.00000,0.00,+0.00000,1,-0.15051,+0.05905,0.03301,+7.247,0,32.4,32.4
9.358142,2,1,0.202000,0.202000,0.2470,-0.04500,1,1,1,-0.09597,+0.41590,0.11785,254.86,-0.11729,+0.45392,0.10776,1.0000,1,0,1,1,+5.000,+6.720,+11.720,+0.01689,-15.703,-0.00000,0.00,+0.00000,1,-0.14126,+0.06184,0.03614,+7.627,0,32.4,32.4
9.391690,2,1,0.205573,0.205573,0.2470,-0.04143,1,1,1,-0.08880,+0.40058,0.11667,252.10,-0.11320,+0.44626,0.10904,1.0000,1,0,1,1,+5.000,+6.486,+11.486,+0.01415,-15.718,-0.00000,0.00,+0.00000,1,-0.13365,+0.06507,0.04025,+8.041,0,32.4,32.4
9.430666,2,1,0.212234,0.212234,0.2470,-0.03477,1,1,1,-0.08214,+0.38754,0.11399,249.76,-0.10813,+0.43668,0.10984,1.0000,1,0,1,1,+5.000,+6.196,+11.196,+0.01106,-15.734,-0.00000,0.00,+0.00000,1,-0.12948,+0.09170,0.04650,+8.485,0,32.4,32.4
9.462832,2,1,0.218027,0.218027,0.2470,-0.02897,1,1,1,-0.07359,+0.37449,0.11235,247.41,-0.10335,+0.42806,0.11019,1.0000,1,0,1,1,+5.000,+5.921,+10.921,+0.00933,-15.839,+0.00000,0.00,+0.00000,1,-0.11766,+0.11120,0.05047,+8.626,0,32.4,32.4
9.495410,2,1,0.223150,0.223150,0.2470,-0.02385,1,1,1,-0.06652,+0.36645,0.11249,245.96,-0.09819,+0.41943,0.11051,1.0000,1,0,1,1,+5.000,+5.626,+10.626,+0.00870,-16.026,+0.00000,0.00,+0.00000,1,-0.10792,+0.11302,0.05435,+8.495,0,32.4,32.4
9.529563,2,1,0.227108,0.227108,0.2470,-0.01989,1,1,1,-0.06530,+0.36209,0.11083,245.18,-0.09339,+0.41107,0.11056,1.0000,1,0,1,1,+5.000,+5.351,+10.351,+0.01027,-16.330,-0.00001,0.00,+0.00000,1,-0.09614,+0.09644,0.04745,+7.890,0,32.4,32.4
9.562568,2,1,0.230005,0.230005,0.2470,-0.01700,1,1,1,-0.06422,+0.35727,0.11560,244.31,-0.08926,+0.40345,0.11128,1.0000,1,0,1,1,+5.000,+5.114,+10.114,+0.01154,-16.589,+0.00001,0.00,+0.00000,1,-0.08008,+0.08562,0.04137,+7.372,0,32.4,32.4
9.596695,2,1,0.230765,0.230765,0.2470,-0.01623,1,1,1,-0.06637,+0.36046,0.11399,244.88,-0.08592,+0.39718,0.11167,1.0000,1,0,1,1,+5.000,+4.923,+9.923,+0.01288,-16.798,+0.00001,0.00,+0.00000,1,-0.06530,+0.08393,0.05053,+6.863,0,32.4,32.4
9.627607,2,1,0.226317,0.226317,0.2470,-0.02068,1,1,1,-0.07225,+0.38585,0.11386,249.45,-0.08409,+0.39567,0.11196,1.0000,1,0,1,1,+5.000,+4.818,+9.818,+0.01389,-16.925,-0.00001,0.00,+0.00000,1,-0.04658,+0.09747,0.08483,+6.507,0,32.4,32.4
9.658394,2,1,0.225590,0.225590,0.2470,-0.02141,1,1,1,-0.06348,+0.36577,0.11876,245.84,-0.08134,+0.39168,0.11287,1.0000,1,0,1,1,+5.000,+4.661,+9.661,+0.01488,-17.068,-0.00008,0.00,+0.00000,1,-0.03413,+0.13842,0.15092,+6.108,0,32.4,32.4
9.691075,2,1,0.226196,0.226196,0.2470,-0.02080,1,1,1,-0.04940,+0.35476,0.11733,243.86,-0.07686,+0.38649,0.11350,1.0000,1,0,1,1,+5.000,+4.404,+9.404,+0.01535,-17.202,-0.00000,0.00,+0.00000,1,-0.01279,+0.13538,0.16848,+5.733,0,32.4,32.4
9.725069,2,1,0.225173,0.225173,0.2470,-0.02183,1,1,1,-0.04434,+0.35882,0.11318,244.59,-0.07213,+0.38247,0.11345,1.0000,1,0,1,1,+5.000,+4.133,+9.133,+0.01547,-17.341,-0.00000,0.00,+0.00000,1,-0.00056,+0.13837,0.16625,+5.426,0,32.4,32.4
9.755688,2,1,0.224105,0.224105,0.2470,-0.02289,1,1,1,-0.04191,+0.35729,0.11069,244.31,-0.06812,+0.37913,0.11308,1.0000,1,0,1,1,+5.000,+3.903,+8.903,+0.01558,-17.441,-0.00003,0.00,+0.00000,1,+0.01322,+0.14426,0.16221,+5.165,0,32.4,32.4
9.787867,2,1,0.226217,0.226217,0.2470,-0.02078,1,1,1,-0.04076,+0.33627,0.11386,240.53,-0.06433,+0.37319,0.11319,1.0000,1,0,1,1,+5.000,+3.686,+8.686,+0.01584,-17.569,-0.00001,0.00,+0.00000,1,+0.01890,+0.15595,0.15834,+4.886,0,32.4,32.4
9.819947,2,1,0.230258,0.230258,0.2470,-0.01674,1,1,1,-0.04437,+0.31810,0.11318,237.26,-0.06157,+0.36557,0.11319,1.0000,1,0,1,1,+5.000,+3.528,+8.528,+0.01634,-17.702,-0.00001,0.00,+0.00000,1,+0.01952,+0.17043,0.15601,+4.614,0,32.4,32.4
9.849651,2,1,0.238370,0.238370,0.2470,-0.00863,1,1,1,-0.03805,+0.28188,0.11534,230.74,-0.05853,+0.35475,0.11347,1.0000,1,0,1,1,+5.000,+3.353,+8.353,+0.01675,-17.813,-0.00003,0.00,+0.00000,1,+0.02630,+0.18446,0.15204,+4.343,0,32.4,32.4
9.885217,2,1,0.246220,0.246220,0.2470,-0.00078,1,1,1,-0.04649,+0.27277,0.11222,229.10,-0.05671,+0.34237,0.11328,1.0000,1,0,1,1,+5.000,+3.249,+8.249,+0.01725,-17.896,-0.00001,0.00,+0.00000,1,+0.03509,+0.19435,0.14833,+4.118,0,32.4,32.4
9.915932,2,1,0.253765,0.253765,0.2470,+0.00677,1,1,1,-0.03670,+0.25338,0.11902,225.61,-0.05405,+0.33052,0.11404,1.0000,1,0,1,1,+5.000,+3.097,+8.097,+0.01766,-17.931,-0.00000,0.00,+0.00000,1,+0.04413,+0.20151,0.14494,+3.865,0,32.4,32.4
9.947142,2,1,0.261468,0.261468,0.2470,+0.01447,1,1,1,-0.02692,+0.23650,0.12273,222.57,-0.05038,+0.31783,0.11521,1.0000,1,0,1,1,+5.000,+2.887,+7.887,+0.01780,-17.936,+0.00002,0.00,+0.00000,1,+0.05207,+0.20873,0.14083,+3.618,0,32.4,32.4
9.978732,2,1,0.269451,0.269451,0.2470,+0.02245,1,1,1,-0.01125,+0.21792,0.13029,219.23,-0.04505,+0.30420,0.11727,1.0000,1,0,1,1,+5.000,+2.581,+7.581,+0.01695,-17.905,-0.00001,0.00,+0.00000,1,+0.06379,+0.21684,0.13302,+3.502,0,32.4,32.4
10.010110,2,1,0.277745,0.277745,0.2470,+0.03075,1,1,1,+0.01124,+0.19756,0.14087,215.56,-0.03741,+0.28974,0.12047,1.0000,1,0,1,1,+5.000,+2.144,+7.144,+0.01625,-17.823,-0.00000,0.00,+0.00000,1,+0.07266,+0.22314,0.12503,+3.222,0,32.4,32.4
10.042659,2,1,0.284904,0.284904,0.2470,+0.03790,1,1,1,+0.01773,+0.18590,0.14240,213.46,-0.02970,+0.27521,0.12354,1.0000,1,0,1,1,+5.000,+1.701,+6.701,+0.01535,-17.681,+0.00000,0.00,+0.00000,1,+0.07908,+0.22671,0.11485,+2.995,0,32.4,32.4
10.079362,2,1,0.291320,0.291320,0.2470,+0.04432,1,1,1,+0.03045,+0.17381,0.14761,211.29,-0.02037,+0.25948,0.12727,1.0000,1,0,1,1,+5.000,+1.167,+6.167,+0.01356,-17.547,-0.00000,0.00,+0.00000,1,+0.08816,+0.22902,0.08370,+2.878,0,32.4,32.4
10.113079,2,1,0.297491,0.297491,0.2470,+0.05049,1,1,1,+0.05039,+0.15490,0.15645,207.88,-0.01016,+0.24440,0.13148,1.0000,1,0,1,1,+5.000,+0.582,+5.582,+0.00944,-17.552,-0.00000,0.00,+0.00000,1,+0.09739,+0.23888,0.04835,+3.247,0,32.4,32.4
10.149428,2,1,0.303075,0.303075,0.2470,+0.05607,1,1,1,+0.07194,+0.14101,0.16592,205.38,+0.00247,+0.22850,0.13678,1.0000,1,0,1,1,+5.000,-0.141,+4.859,+0.00491,-17.558,-0.00000,0.00,+0.00000,1,+0.11250,+0.23641,0.04284,+3.577,0,30.6,30.6
10.184048,2,1,0.309778,0.309778,0.2470,+0.06278,1,1,1,+0.09725,+0.11584,0.17673,200.85,+0.01645,+0.21187,0.14267,1.0000,1,0,1,1,+5.000,-0.943,+4.057,+0.00047,-17.563,-0.00000,0.00,+0.00000,1,+0.13147,+0.25079,0.04607,+3.843,0,30.6,30.6
10.218543,2,1,0.315447,0.315447,0.2470,+0.06845,1,1,1,+0.11328,+0.10159,0.18266,198.29,+0.03070,+0.19565,0.14856,1.0000,1,0,1,1,+5.000,-1.759,+3.241,-0.00362,-17.566,-0.00000,0.00,+0.00000,0,+0.00000,+0.00000,0.04986,+4.011,0,30.6,30.6
10.251468,2,1,0.320779,0.320779,0.2470,+0.07378,1,1,1,+0.13238,+0.08418,0.18684,195.15,+0.04507,+0.17989,0.15397,1.0000,1,0,1,1,+5.000,-2.582,+2.418,-0.00718,-17.567,-0.00000,0.00,+0.00000,0,+0.00000,+0.00000,0.05921,+4.057,0,30.6,30.6
10.289910,2,1,0.326038,0.326038,0.2470,+0.07904,1,1,1,+0.14827,+0.06804,0.19189,192.25,+0.06171,+0.16186,0.16008,1.0000,1,0,1,1,+5.000,-3.536,+1.464,-0.01101,-17.566,-0.00000,0.00,+0.00000,0,+0.00000,+0.00000,0.06143,+4.022,0,30.6,30.6
10.331677,2,1,0.330826,0.330826,0.2470,+0.08383,1,1,1,+0.16366,+0.05077,0.19626,189.14,+0.07932,+0.14267,0.16633,1.0000,1,0,1,1,+5.000,-4.545,+0.455,-0.01452,-17.563,-0.00000,0.00,+0.00000,0,+0.00000,+0.00000,0.05904,+3.858,0,30.6,30.6
10.369398,2,1,0.339632,0.339632,0.2470,+0.09263,1,1,1,+0.19937,+0.00884,0.20169,181.59,+0.09837,+0.12143,0.17194,1.0000,1,0,1,1,+5.000,-5.636,-0.636,-0.01832,-17.559,-0.00000,0.00,+0.00000,1,+0.16612,+0.31805,0.04071,+3.671,0,30.6,30.6
10.406873,2,1,0.340000,0.340000,0.2470,+0.10000,1,1,1,+0.21660,-0.00950,0.20563,178.29,+0.11703,+0.10077,0.17726,1.0000,1,0,1,1,+5.000,-6.705,-1.705,-0.02137,-17.554,-0.00000,0.00,+0.00000,1,+0.17294,+0.26878,0.02849,+3.348,0,30.6,30.6
10.444856,2,1,0.340000,0.340000,0.2470,+0.10000,1,1,1,+0.24020,-0.03299,0.21235,174.06,+0.13668,+0.07942,0.18286,1.0000,1,0,1,1,+5.000,-7.831,-2.831,-0.02419,-17.547,-0.00000,0.00,+0.00000,1,+0.18201,+0.27980,0.01918,+2.908,0,30.6,30.6
10.488289,2,1,0.340000,0.340000,0.2470,+0.10000,1,1,1,+0.25845,-0.05054,0.21588,170.90,+0.15841,+0.05623,0.18875,1.0000,1,0,1,1,+5.000,-9.076,-4.076,-0.02711,-17.539,-0.00000,0.00,+0.00000,1,+0.18932,+0.30118,0.01442,+2.369,0,30.6,30.6
10.527973,2,1,0.340000,0.340000,0.2470,+0.10000,1,1,1,+0.29800,-0.09077,0.22825,163.66,+0.18152,+0.03189,0.19529,1.0000,1,0,1,1,+5.000,-10.400,-5.400,-0.03013,-17.533,+0.00000,0.00,+0.00000,1,+0.20208,+0.30535,0.01257,+1.764,0,30.6,30.6
10.569427,2,1,0.340000,0.340000,0.2470,+0.10000,1,1,1,+0.29800,-0.09077,0.22825,163.66,+0.20152,+0.01083,0.20095,1.0000,1,0,1,1,+5.000,-11.000,-6.000,-0.02957,-17.528,+0.00000,0.00,+0.00000,1,+0.20208,+0.30535,0.01257,+1.072,0,30.6,30.6
10.608606,2,1,0.340000,0.340000,0.2470,+0.10000,1,1,1,+0.34911,-0.14019,0.24280,154.77,+0.22570,-0.01390,0.20780,1.0000,1,0,1,1,+5.000,-11.000,-6.000,-0.02601,-17.525,-0.00000,0.00,+0.00000,1,+0.21786,+0.28201,0.01079,+0.292,0,30.6,30.6
10.648289,2,1,0.340000,0.340000,0.2470,+0.10000,1,1,1,+0.37553,-0.16393,0.25012,150.49,+0.25050,-0.03874,0.21481,1.0000,1,0,1,1,+5.000,-11.000,-6.000,-0.02258,-17.525,-0.00000,0.00,+0.00000,1,+0.22491,+0.26019,0.01013,-0.507,0,30.6,30.6
10.690815,2,1,0.340000,0.340000,0.2470,+0.10000,1,1,1,+0.40194,-0.18863,0.25862,146.05,+0.27706,-0.06502,0.22249,1.0000,1,0,1,1,+5.000,-11.000,-6.000,-0.01977,-17.527,+0.00000,0.00,+0.00000,1,+0.23201,+0.24193,0.00938,-1.193,0,30.6,30.6
10.733947,2,1,0.340000,0.340000,0.2470,+0.10000,1,1,1,+0.46519,-0.24140,0.27588,136.55,+0.31043,-0.09631,0.23196,1.0000,1,0,1,1,+5.000,-11.000,-6.000,-0.01672,-17.533,-0.00000,0.00,+0.00000,1,+0.24733,+0.24045,0.00839,-1.925,0,30.6,30.6
10.781605,2,1,0.340000,0.340000,0.2470,+0.10000,1,1,1,+0.50478,-0.27335,0.28819,130.80,+0.34783,-0.13038,0.24278,1.0000,1,0,1,1,+5.000,-11.000,-6.000,-0.01421,-17.539,+0.00000,0.00,+0.00000,1,+0.25630,+0.24203,0.00781,-2.529,0,30.6,30.6
10.830815,2,1,0.340000,0.340000,0.2470,+0.10000,1,1,1,+0.53898,-0.29667,0.29773,126.60,+0.38558,-0.16322,0.25363,1.0000,1,0,1,1,+5.000,-11.000,-6.000,-0.01176,-17.548,-0.00000,0.00,+0.00000,1,+0.26383,+0.26349,0.00734,-3.132,0,30.6,30.6
10.879097,2,1,0.340000,0.340000,0.2470,+0.10000,1,1,1,+0.59041,-0.33122,0.31368,120.38,+0.42541,-0.19589,0.26531,1.0000,1,0,1,1,+5.000,-11.000,-6.000,-0.00997,-17.555,+0.00000,0.00,+0.00000,1,+0.27522,+0.27927,0.00671,-3.558,0,30.6,30.6
10.930544,2,1,0.340000,0.340000,0.2470,+0.10000,1,1,1,+0.68462,-0.38340,0.34043,110.99,+0.47844,-0.23425,0.28068,1.0000,1,0,1,1,+5.000,-11.000,-6.000,-0.00819,-17.563,-0.00000,0.00,+0.00000,1,+0.29241,+0.28402,0.00585,-3.994,0,30.6,30.6
10.985858,2,1,0.340000,0.340000,0.2470,+0.10000,1,1,1,+0.75315,-0.44347,0.33619,100.18,+0.53796,-0.27958,0.29271,1.0000,1,0,1,1,+5.000,-11.000,-6.000,-0.00658,-17.571,-0.00000,0.00,+0.00000,1,+0.31340,+0.25324,0.00570,-4.380,0,30.6,30.6
11.037878,2,1,0.340000,0.340000,0.2470,+0.10000,1,1,1,+0.79741,-0.49913,0.30169,90.16,+0.59151,-0.32490,0.29456,1.0000,1,0,1,1,+5.000,-11.000,-6.000,-0.00531,-17.578,+0.00000,0.00,+0.00000,1,+0.33375,+0.22036,0.00602,-4.691,0,30.6,30.6
11.083089,2,1,0.340000,0.340000,0.2470,+0.10000,1,1,1,+0.83713,-0.50220,0.27944,89.60,+0.63680,-0.35759,0.29177,1.0000,1,0,1,1,+5.000,-11.000,-6.000,-0.00447,-17.583,+0.00000,0.00,+0.00000,1,+0.34484,+0.21329,0.00596,-4.901,0,30.6,30.6
11.128137,2,1,0.340000,0.340000,0.2470,+0.10000,1,1,1,+0.89180,-0.51478,0.25993,87.34,+0.68368,-0.38648,0.28592,1.0000,1,0,1,1,+5.000,-11.000,-6.000,-0.00376,-17.587,+0.00000,0.00,+0.00000,1,+0.35648,+0.27445,0.00574,-5.078,0,30.6,30.6
11.167444,2,1,0.340000,0.340000,0.2470,+0.10000,1,1,1,+0.94914,-0.51799,0.18543,86.76,+0.72728,-0.40808,0.26941,1.0000,1,0,1,1,+5.000,-11.000,-6.000,-0.00323,-17.591,+0.00000,0.00,+0.00000,1,+0.36984,+0.36940,0.00823,-5.209,0,23.6,23.6
11.205676,2,1,0.340000,0.340000,0.2470,+0.10000,1,1,1,+0.29653,+0.51852,0.05270,273.33,+0.72728,-0.40808,0.26941,1.0000,0,1,1,1,+5.000,-11.000,-6.000,-0.00278,-17.594,+0.00000,0.00,+0.00000,1,+0.39592,+0.40452,0.01307,-5.318,0,23.6,23.6
11.232695,2,1,0.340000,0.340000,0.2470,+0.10000,1,1,1,+0.30258,+0.52464,0.05329,274.43,+0.72728,-0.40808,0.26941,1.0000,0,1,1,1,+5.000,-11.000,-6.000,-0.00255,-17.595,+0.00000,0.00,+0.00000,1,+0.41179,+0.38460,0.01306,-5.376,0,23.6,23.6
11.264665,2,1,0.340000,0.340000,0.2470,+0.10000,1,1,1,+0.30965,+0.52874,0.05329,275.17,+0.72728,-0.40808,0.26941,1.0000,0,1,1,1,+5.000,-11.000,-6.000,-0.00223,-17.597,+0.00000,0.00,+0.00000,1,+0.43216,+0.37741,0.01301,-5.453,0,23.6,23.6
11.293376,2,1,0.340000,0.340000,0.2470,+0.10000,1,1,1,+0.30965,+0.52874,0.05329,275.17,+0.72728,-0.40808,0.26941,1.0000,0,1,1,1,+5.000,-11.000,-6.000,-0.00204,-17.599,+0.00000,0.00,+0.00000,1,+0.43216,+0.37741,0.01301,-5.502,0,23.6,23.6
11.319815,2,1,0.340000,0.340000,0.2470,+0.10000,1,1,1,+0.31586,+0.53240,0.05415,275.83,+0.72728,-0.40808,0.26941,1.0000,0,1,1,1,+5.000,-11.000,-6.000,-0.00185,-17.600,+0.00000,0.00,+0.00000,1,+0.45902,+0.37399,0.01275,-5.550,0,23.6,23.6
11.346563,2,1,0.340000,0.340000,0.2470,+0.10000,1,1,1,+0.32220,+0.53727,0.05443,276.71,+0.72728,-0.40808,0.26941,1.0000,0,1,1,1,+5.000,-11.000,-6.000,-0.00167,-17.601,+0.00000,0.00,+0.00000,1,+0.48948,+0.36128,0.01166,-5.592,0,23.6,23.6
11.374883,2,1,0.323008,0.314138,0.2470,+0.06714,1,1,1,+0.32950,+0.54411,0.05556,277.94,+0.67794,-0.28998,0.24289,1.0000,1,0,1,1,+5.000,-11.000,-6.000,-0.00149,-17.602,+0.00000,0.00,+0.00000,1,+0.51300,+0.36242,0.01148,-5.636,0,23.6,23.6
11.404205,2,1,0.305415,0.202000,0.2470,-0.04500,1,1,1,+0.33606,+0.54811,0.05556,278.66,+0.63423,-0.18282,0.21893,1.0000,1,0,1,1,+5.000,-11.000,-6.000,-0.00135,-17.603,+0.00000,0.00,+0.00000,1,+0.53850,+0.36525,0.01141,-5.670,0,23.6,23.6
11.433188,2,1,0.288025,0.202000,0.2470,-0.04500,1,1,1,+0.34350,+0.55632,0.05611,280.14,+0.59743,-0.08926,0.19832,1.0000,1,0,1,1,+5.000,-11.000,-6.000,-0.00122,-17.604,+0.00000,0.00,+0.00000,1,+0.56807,+0.36655,0.01087,-5.703,0,23.6,23.6
11.462893,2,1,0.270202,0.202000,0.2470,-0.04500,1,1,1,+0.34976,+0.56058,0.05666,280.90,+0.56540,-0.00523,0.18000,1.0000,1,0,1,1,+5.000,-11.000,-6.000,-0.00065,-17.526,+0.00000,0.00,+0.00000,1,+0.60165,+0.35309,0.01046,-5.836,0,23.6,23.6
11.492862,2,1,0.252221,0.202000,0.2470,-0.04500,1,1,1,+0.34976,+0.56058,0.05666,280.90,+0.53730,+0.06851,0.16393,1.0000,1,0,1,1,+5.000,-11.000,-6.000,+0.00008,-17.598,+0.00000,0.00,+0.00000,1,+0.60165,+0.35309,0.01046,-6.004,0,23.6,23.6
11.523831,2,1,0.233639,0.202000,0.2470,-0.04500,1,1,1,+0.35749,+0.56740,0.05720,282.13,+0.51319,+0.13540,0.14962,1.0000,1,0,1,1,+5.000,-11.000,-6.000,+0.00040,-17.643,+0.00000,0.00,+0.00000,1,+0.65921,+0.00000,0.01026,-6.083,0,23.6,23.6
11.554479,2,1,0.215250,0.202000,0.2470,-0.04500,1,1,1,+0.36532,+0.57578,0.05853,283.64,+0.49354,+0.19392,0.13752,1.0000,1,0,1,1,+5.000,-11.000,-6.000,+0.00038,-17.643,-0.00000,0.00,+0.00000,1,+0.70433,+0.00000,0.00977,-6.087,0,23.6,23.6
11.585178,2,1,0.202000,0.202000,0.2470,-0.04500,1,1,1,+0.37364,+0.58162,0.05827,284.69,+0.47758,+0.24551,0.12697,1.0000,1,0,1,1,+5.000,-11.000,-6.000,+0.00035,-17.643,-0.00000,0.00,+0.00000,1,+0.73857,+0.00000,0.00930,-6.084,0,23.6,23.6
11.612709,2,1,0.202000,0.202000,0.2470,-0.04500,1,1,1,+0.38022,+0.58787,0.05800,285.82,+0.46580,+0.28693,0.11862,1.0000,1,0,1,1,+5.000,-11.000,-6.000,+0.00034,-17.643,-0.00000,0.00,+0.00000,1,+0.75265,+0.00000,0.00866,-6.080,0,23.6,23.6
11.641427,2,1,0.202000,0.202000,0.2470,-0.04500,1,1,1,+0.38899,+0.59508,0.05906,287.12,+0.45616,+0.32563,0.11115,1.0000,1,0,1,1,+5.000,-11.000,-6.000,+0.00032,-17.643,-0.00000,0.00,+0.00000,1,+0.75647,+0.00000,0.00790,-6.076,0,23.6,23.6
11.669208,2,1,0.202000,0.202000,0.2470,-0.04500,1,1,1,+0.39717,+0.60209,0.06009,288.38,+0.44896,+0.35934,0.10492,1.0000,1,0,1,1,+5.000,-11.000,-6.000,+0.00030,-17.643,-0.00000,0.00,+0.00000,1,+0.76459,+0.00000,0.00759,-6.072,0,23.6,23.6
11.696265,2,1,0.202000,0.202000,0.2470,-0.04500,1,1,1,+0.39717,+0.60209,0.06009,288.38,+0.44279,+0.38827,0.09958,1.0000,1,0,0,1,+5.000,+0.000,+5.000,+0.04828,-17.643,+0.00000,0.00,+0.00000,1,+0.76459,+0.00000,0.00759,-6.067,0,23.6,23.6
11.724455,2,1,0.202000,0.202000,0.2470,-0.04500,1,1,1,+0.40360,+0.60782,0.06035,289.41,+0.43795,+0.41539,0.09473,1.0000,1,0,0,1,+5.000,+0.000,+5.000,+0.04826,-17.642,+0.00000,0.00,+0.00000,1,+0.76711,+0.00000,0.00696,-6.063,0,23.6,23.6
11.750751,2,1,0.202000,0.202000,0.2470,-0.04500,1,1,1,+0.41255,+0.61501,0.05932,290.70,+0.43500,+0.43859,0.09062,1.0000,1,0,0,1,+5.000,+0.000,+5.000,+0.04411,-17.628,-0.00000,0.00,+0.00000,1,+0.76478,+0.00000,0.00684,-5.586,0,23.6,23.6
11.779170,2,1,0.202000,0.202000,0.2470,-0.04500,1,1,1,+0.42147,+0.62446,0.06186,292.40,+0.43332,+0.46171,0.08704,1.0000,1,0,0,1,+5.000,+0.000,+5.000,+0.04023,-17.607,-0.00000,0.00,+0.00000,1,+0.76450,+0.00000,0.00652,-4.790,0,23.6,23.6
11.808099,2,1,0.202000,0.202000,0.2470,-0.04500,1,1,1,+0.42833,+0.64355,0.06186,295.84,+0.43269,+0.48469,0.08386,1.0000,1,0,0,1,+5.000,+0.000,+5.000,+0.03590,-17.583,-0.00000,0.00,+0.00000,1,+0.78077,+0.00000,0.00604,-3.717,0,23.6,23.6
11.837375,2,1,0.202000,0.202000,0.2470,-0.04500,1,1,1,+0.43824,+0.66422,0.06261,299.56,+0.43339,+0.50761,0.08114,1.0000,1,0,0,1,+5.000,+0.000,+5.000,+0.03317,-17.571,-0.00000,0.00,+0.00000,1,+0.81241,+0.00000,0.00569,-3.013,0,23.6,23.6
11.866401,2,1,0.202000,0.202000,0.2470,-0.04500,1,1,1,+0.44957,+0.68634,0.06359,303.54,+0.43545,+0.53027,0.07892,1.0000,1,0,0,1,+5.000,+0.000,+5.000,+0.03035,-17.561,-0.00000,0.00,+0.00000,1,+0.86592,+0.00000,0.00527,-2.346,0,23.6,23.6
11.893785,2,1,0.202000,0.202000,0.2470,-0.04500,1,1,1,+0.44957,+0.68634,0.06359,303.54,+0.43715,+0.54906,0.07707,1.0000,1,0,0,1,+5.000,+0.000,+5.000,+0.02785,-17.555,-0.00000,0.00,+0.00000,1,+0.86592,+0.00000,0.00527,-1.746,0,23.6,23.6
11.923231,2,1,0.202000,0.202000,0.2470,-0.04500,1,1,1,+0.45878,+0.70245,0.06479,306.44,+0.43992,+0.56875,0.07550,1.0000,1,0,0,1,+5.000,+0.000,+5.000,+0.02522,-17.550,-0.00000,0.00,+0.00000,1,+0.92694,+0.00000,0.00495,-1.103,0,23.6,23.6
11.950965,2,1,0.202000,0.202000,0.2470,-0.04500,1,1,1,+0.46898,+0.72181,0.06455,309.93,+0.44346,+0.58739,0.07416,1.0000,1,0,0,1,+5.000,+0.000,+5.000,+0.02307,-17.548,-0.00000,0.00,+0.00000,0,+0.00000,+0.00000,0.00469,-0.596,0,23.6,23.6
11.978150,2,1,0.202000,0.202000,0.2470,-0.04500,1,1,1,+0.47793,+0.73862,0.06643,312.95,+0.44759,+0.60548,0.07324,1.0000,1,0,0,1,+5.000,+0.000,+5.000,+0.02123,-17.547,-0.00000,0.00,+0.00000,0,+0.00000,+0.00000,0.00422,-0.143,0,23.6,23.6
12.005123,2,1,0.202000,0.202000,0.2470,-0.04500,1,1,1,+0.48644,+0.75305,0.06620,315.55,+0.45220,+0.62302,0.07240,1.0000,1,0,0,1,+5.000,+0.000,+5.000,+0.01945,-17.547,-0.00000,0.00,+0.00000,0,+0.00000,+0.00000,0.00405,+0.286,0,23.6,23.6
12.034255,2,1,0.202000,0.202000,0.2470,-0.04500,1,1,1,+0.49702,+0.76831,0.06781,318.30,+0.45790,+0.64149,0.07182,1.0000,1,0,0,1,+5.000,+0.000,+5.000,+0.01784,-17.547,-0.00000,0.00,+0.00000,0,+0.00000,+0.00000,0.00366,+0.667,0,23.6,23.6
12.062884,2,1,0.202000,0.202000,0.2470,-0.04500,1,1,1,+0.49702,+0.76831,0.06781,318.30,+0.46280,+0.65737,0.07132,1.0000,1,0,0,1,+5.000,+0.000,+5.000,+0.01580,-17.549,+0.00000,0.00,+0.00000,0,+0.00000,+0.00000,0.00366,+1.158,0,23.6,23.6
12.089594,2,1,0.202000,0.202000,0.2470,-0.04500,1,1,1,+0.50604,+0.78345,0.06781,321.02,+0.46789,+0.67223,0.07090,1.0000,1,0,0,1,+5.000,+0.000,+5.000,+0.01443,-17.552,-0.00000,0.00,+0.00000,0,+0.00000,+0.00000,0.00344,+1.484,0,23.6,23.6
12.119799,2,1,0.202000,0.202000,0.2470,-0.04500,1,1,1,+0.51351,+0.79632,0.06894,323.34,+0.47388,+0.68851,0.07065,1.0000,1,0,0,1,+5.000,+0.000,+5.000,+0.01323,-17.554,-0.00000,0.00,+0.00000,0,+0.00000,+0.00000,0.00317,+1.788,0,23.6,23.6
12.148780,2,1,0.202000,0.202000,0.2470,-0.04500,1,1,1,+0.52437,+0.80935,0.06983,325.68,+0.48027,+0.70380,0.07054,1.0000,1,0,0,1,+5.000,+0.000,+5.000,+0.01204,-17.557,+0.00000,0.00,+0.00000,0,+0.00000,+0.00000,0.00283,+2.076,0,23.6,23.6
12.175550,2,1,0.202000,0.202000,0.2470,-0.04500,1,1,1,+0.53459,+0.82333,0.07049,328.20,+0.48668,+0.71791,0.07054,1.0000,1,0,0,1,+5.000,+0.000,+5.000,+0.01103,-17.559,-0.00000,0.00,+0.00000,0,+0.00000,+0.00000,0.00250,+2.315,0,34.7,34.7
12.203107,2,1,0.202000,0.202000,0.2470,-0.04500,1,1,1,+0.54580,+0.83845,0.07136,330.92,+0.49384,+0.73251,0.07064,1.0000,1,0,0,1,+5.000,+0.000,+5.000,+0.00980,-17.563,-0.00000,0.00,+0.00000,0,+0.00000,+0.00000,0.00033,+2.614,0,34.7,34.7
12.229645,2,1,0.202000,0.202000,0.2470,-0.04500,1,1,1,+0.54580,+0.83845,0.07136,330.92,+0.49993,+0.74492,0.07072,1.0000,1,0,0,1,+5.000,+0.000,+5.000,+0.00890,-17.566,-0.00000,0.00,+0.00000,0,+0.00000,+0.00000,0.00033,+2.828,0,34.7,34.7
12.261258,2,1,0.202000,0.202000,0.2470,-0.04500,1,1,1,+0.55683,+0.85218,0.07265,333.39,+0.50769,+0.75956,0.07099,1.0000,1,0,0,1,+5.000,+0.000,+5.000,+0.00813,-17.569,-0.00000,0.00,+0.00000,0,+0.00000,+0.00000,0.00000,+3.022,0,34.7,34.7
12.290192,2,1,0.202000,0.202000,0.2470,-0.04500,1,1,1,+0.56693,+0.86406,0.07349,335.53,+0.51518,+0.77277,0.07130,1.0000,1,0,0,1,+5.000,+0.000,+5.000,+0.00722,-17.572,+0.00000,0.00,+0.00000,0,+0.00000,+0.00000,0.00000,+3.240,0,34.7,34.7
12.316587,2,1,0.202000,0.202000,0.2470,-0.04500,1,1,1,+0.57836,+0.87562,0.07349,337.61,+0.52255,+0.78476,0.07156,1.0000,1,0,0,1,+5.000,+0.000,+5.000,+0.00661,-17.574,+0.00000,0.00,+0.00000,0,+0.00000,+0.00000,0.00000,+3.388,0,34.7,34.7
12.344451,2,1,0.202000,0.202000,0.2470,-0.04500,1,1,1,+0.58894,+0.88785,0.07495,339.81,+0.53067,+0.79737,0.07197,1.0000,1,0,0,1,+5.000,+0.000,+5.000,+0.00599,-17.577,-0.00000,0.00,+0.00000,0,+0.00000,+0.00000,0.00000,+3.536,0,34.7,34.7
12.370549,2,1,0.202000,0.202000,0.2470,-0.04500,1,1,1,+0.59922,+0.89674,0.07536,341.41,+0.53858,+0.80884,0.07236,1.0000,1,0,0,1,+5.000,+0.000,+5.000,+0.00547,-17.579,-0.00000,0.00,+0.00000,0,+0.00000,+0.00000,0.00000,+3.664,0,34.7,34.7
12.398545,2,1,0.202000,0.202000,0.2470,-0.04500,1,1,1,+0.61016,+0.90366,0.07433,342.66,+0.54737,+0.82048,0.07260,1.0000,1,0,0,1,+5.000,+0.000,+5.000,+0.00499,-17.582,-0.00000,0.00,+0.00000,0,+0.00000,+0.00000,0.00000,+3.783,0,34.7,34.7
12.429652,2,1,0.202000,0.202000,0.2470,-0.04500,1,1,1,+0.61016,+0.90366,0.07433,342.66,+0.55582,+0.83168,0.07284,1.0000,1,0,0,1,+5.000,+0.000,+5.000,+0.00437,-17.584,-0.00000,0.00,+0.00000,0,+0.00000,+0.00000,0.00000,+3.931,0,34.7,34.7
12.459571,2,1,0.202000,0.202000,0.2470,-0.04500,1,1,1,+0.62300,+0.91086,0.07349,343.95,+0.56456,+0.84198,0.07292,1.0000,1,0,0,1,+5.000,+0.000,+5.000,+0.00394,-17.587,-0.00000,0.00,+0.00000,0,+0.00000,+0.00000,0.00000,+4.036,0,34.7,34.7
12.487229,2,1,0.202000,0.202000,0.2470,-0.04500,1,1,1,+0.63290,+0.91437,0.07179,344.59,+0.57286,+0.85077,0.07278,1.0000,1,0,0,1,+5.000,+0.000,+5.000,+0.00360,-17.588,+0.00000,0.00,+0.00000,0,+0.00000,+0.00000,0.00000,+4.120,0,34.7,34.7
12.515250,2,1,0.202000,0.202000,0.2470,-0.04500,1,1,1,+0.64558,+0.91544,0.06894,344.78,+0.58180,+0.85872,0.07231,1.0000,1,0,0,1,+5.000,+0.000,+5.000,+0.00318,-17.590,-0.00000,0.00,+0.00000,0,+0.00000,+0.00000,0.00000,+4.222,0,34.7,34.7
12.542704,2,1,0.202000,0.202000,0.2470,-0.04500,1,1,1,+0.65814,+0.91862,0.06620,345.35,+0.59101,+0.86595,0.07158,1.0000,1,0,0,1,+5.000,+0.000,+5.000,+0.00286,-17.592,-0.00000,0.00,+0.00000,0,+0.00000,+0.00000,0.00000,+4.299,0,34.7,34.7
12.569847,2,1,0.202000,0.202000,0.2470,-0.04500,1,1,1,+0.67426,+0.92206,0.06455,345.97,+0.60096,+0.87266,0.07074,1.0000,1,0,0,1,+5.000,+0.000,+5.000,+0.00259,-17.593,-0.00000,0.00,+0.00000,0,+0.00000,+0.00000,0.00000,+4.364,0,34.7,34.7
12.597177,2,1,0.202000,0.202000,0.2470,-0.04500,1,1,1,+0.67426,+0.92206,0.06455,345.97,+0.60977,+0.87860,0.06999,1.0000,1,0,0,1,+5.000,+0.000,+5.000,+0.00233,-17.595,-0.00000,0.00,+0.00000,0,+0.00000,+0.00000,0.00000,+4.428,0,34.7,34.7
12.627076,2,1,0.202000,0.202000,0.2470,-0.04500,1,1,1,+0.68741,+0.92525,0.06383,346.55,+0.61987,+0.88466,0.06919,1.0000,1,0,0,1,+5.000,+0.000,+5.000,+0.00205,-17.596,+0.00000,0.00,+0.00000,0,+0.00000,+0.00000,0.00000,+4.497,0,34.7,34.7
12.654907,2,1,0.202000,0.202000,0.2470,-0.04500,1,1,1,+0.70035,+0.93078,0.06236,347.54,+0.62970,+0.89030,0.06836,1.0000,1,0,0,1,+5.000,+0.000,+5.000,+0.00185,-17.598,-0.00000,0.00,+0.00000,0,+0.00000,+0.00000,0.00000,+4.547,0,34.7,34.7
12.681659,2,1,0.202000,0.202000,0.2470,-0.04500,1,1,1,+0.71802,+0.93648,0.06086,348.57,+0.64012,+0.89574,0.06747,1.0000,1,0,0,1,+5.000,+0.000,+5.000,+0.00167,-17.599,+0.00000,0.00,+0.00000,0,+0.00000,+0.00000,0.00000,+4.590,0,34.7,34.7
12.706102,2,1,0.202000,0.202000,0.2470,-0.04500,1,1,1,+0.72961,+0.94133,0.05932,349.44,+0.64987,+0.90071,0.06658,1.0000,1,0,0,1,+5.000,+0.000,+5.000,+0.00151,-17.599,-0.00000,0.00,+0.00000,0,+0.00000,+0.00000,0.00000,+4.630,0,34.7,34.7
12.733778,2,1,0.202000,0.202000,0.2470,-0.04500,1,1,1,+0.74291,+0.94565,0.05853,350.22,+0.66118,+0.90617,0.06560,1.0000,1,0,0,1,+5.000,+0.000,+5.000,+0.00135,-17.600,+0.00000,0.00,+0.00000,0,+0.00000,+0.00000,0.00000,+4.667,0,34.7,34.7
12.762013,2,1,0.202000,0.202000,0.2470,-0.04500,1,1,1,+0.74291,+0.94565,0.05853,350.22,+0.67129,+0.91105,0.06473,1.0000,1,0,0,1,+5.000,+0.000,+5.000,+0.00122,-17.601,+0.00000,0.00,+0.00000,0,+0.00000,+0.00000,0.00000,+4.700,0,34.7,34.7
12.790035,2,1,0.202000,0.202000,0.2470,-0.04500,1,1,1,+0.76843,+0.95442,0.05500,351.80,+0.67129,+0.91105,0.06473,1.0000,0,1,0,1,+5.000,+0.000,+5.000,+0.00109,-17.602,-0.00000,0.00,+0.00000,0,+0.00000,+0.00000,0.00000,+4.731,0,34.7,34.7
12.815313,2,1,0.202000,0.202000,0.2470,-0.04500,1,1,1,+0.76843,+0.95442,0.05500,351.80,+0.67129,+0.91105,0.06473,1.0000,0,1,0,1,+5.000,+0.000,+5.000,+0.00099,-17.602,-0.00000,0.00,+0.00000,0,+0.00000,+0.00000,0.00000,+4.757,0,34.7,34.7
12.844849,2,1,0.202000,0.202000,0.2470,-0.04500,1,1,1,+0.78624,+0.95934,0.05386,352.68,+0.67129,+0.91105,0.06473,1.0000,0,1,0,1,+5.000,+0.000,+5.000,+0.00088,-17.603,+0.00000,0.00,+0.00000,0,+0.00000,+0.00000,0.00000,+4.782,0,34.7,34.7
12.870232,2,1,0.202000,0.202000,0.2470,-0.04500,1,1,1,+0.80136,+0.96386,0.05182,353.49,+0.67129,+0.91105,0.06473,1.0000,0,1,0,1,+5.000,+0.000,+5.000,+0.00079,-17.604,+0.00000,0.00,+0.00000,0,+0.00000,+0.00000,0.00000,+4.806,0,34.7,34.7
12.897111,2,1,0.202000,0.202000,0.2470,-0.04500,1,1,1,+0.81339,+0.96681,0.04875,354.03,+0.67129,+0.91105,0.06473,1.0000,0,1,0,1,+5.000,+0.000,+5.000,+0.00071,-17.604,+0.00000,0.00,+0.00000,0,+0.00000,+0.00000,0.00000,+4.826,0,34.7,34.7
12.923905,2,1,0.202000,0.202000,0.2470,-0.04500,1,1,1,+0.81339,+0.96681,0.04875,354.03,+0.67129,+0.91105,0.06473,1.0000,0,1,0,1,+5.000,+0.000,+5.000,+0.00061,-17.605,+0.00000,0.00,+0.00000,0,+0.00000,+0.00000,0.00000,+4.850,0,34.7,34.7
12.948710,2,1,0.202000,0.202000,0.2470,-0.04500,1,1,1,+0.83008,+0.97049,0.04444,354.69,+0.67129,+0.91105,0.06473,1.0000,0,1,0,1,+5.000,+0.000,+5.000,+0.00057,-17.605,+0.00000,0.00,+0.00000,0,+0.00000,+0.00000,0.00000,+4.860,0,34.7,34.7
12.974030,2,1,0.202000,0.202000,0.2470,-0.04500,1,1,1,+0.84340,+0.97284,0.04082,355.11,+0.67129,+0.91105,0.06473,1.0000,0,1,0,1,+5.000,+0.000,+5.000,+0.00049,-17.605,+0.00000,0.00,+0.00000,0,+0.00000,+0.00000,0.00000,+4.878,0,34.7,34.7
12.998490,2,1,0.202000,0.202000,0.2470,-0.04500,1,1,1,+0.37604,+0.52556,0.05270,274.60,+0.67129,+0.91105,0.06473,1.0000,0,1,0,1,+5.000,+0.000,+5.000,+0.00045,-17.606,+0.00000,0.00,+0.00000,0,+0.00000,+0.00000,0.00000,+4.888,0,34.7,34.7
13.025910,2,1,0.202000,0.202000,0.2470,-0.04500,1,1,1,+0.38067,+0.52881,0.05152,275.19,+0.67129,+0.91105,0.06473,1.0000,0,1,0,1,+5.000,+0.000,+5.000,+0.00040,-17.606,+0.00000,0.00,+0.00000,0,+0.00000,+0.00000,0.00000,+4.901,0,34.7,34.7
13.057044,2,1,0.202000,0.202000,0.2470,-0.04500,1,1,1,+0.38067,+0.52881,0.05152,275.19,+0.67129,+0.91105,0.06473,1.0000,0,1,0,1,+5.000,+0.000,+5.000,+0.00035,-17.606,+0.00000,0.00,+0.00000,0,+0.00000,+0.00000,0.00000,+4.915,0,34.7,34.7
13.082756,2,1,0.202000,0.202000,0.2470,-0.04500,1,1,1,+0.38764,+0.52797,0.05182,275.03,+0.67129,+0.91105,0.06473,1.0000,0,1,0,1,+5.000,+0.000,+5.000,+0.00031,-17.607,-0.00000,0.00,+0.00000,0,+0.00000,+0.00000,0.00000,+4.924,0,34.7,34.7
13.109872,2,1,0.202000,0.202000,0.2470,-0.04500,1,1,1,+0.39339,+0.52904,0.05212,275.23,+0.67129,+0.91105,0.06473,1.0000,0,1,0,1,+5.000,+0.000,+5.000,+0.00027,-17.607,-0.00000,0.00,+0.00000,0,+0.00000,+0.00000,0.00000,+4.932,0,34.7,34.7
13.135305,2,1,0.202000,0.202000,0.2470,-0.04500,1,1,1,+0.39951,+0.53037,0.05270,275.47,+0.67129,+0.91105,0.06473,1.0000,0,1,0,1,+5.000,+0.000,+5.000,+0.00024,-17.607,-0.00000,0.00,+0.00000,0,+0.00000,+0.00000,0.00000,+4.940,0,34.7,34.7
13.163648,2,1,0.202000,0.202000,0.2470,-0.04500,1,1,1,+0.40226,+0.52825,0.05386,275.09,+0.66910,+0.90808,0.06452,0.9967,0,1,0,1,+5.000,+0.000,+5.000,+0.00022,-17.607,-0.00000,0.00,+0.00000,0,+0.00000,+0.00000,0.00000,+4.946,0,34.7,34.7
13.190021,2,1,0.202000,0.202000,0.2470,-0.04500,1,1,1,+0.40226,+0.52825,0.05386,275.09,+0.63472,+0.86143,0.06120,0.9455,0,1,0,1,+5.000,+0.000,+5.000,+0.00019,-17.607,-0.00000,0.00,+0.00000,0,+0.00000,+0.00000,0.00000,+4.952,0,36.5,36.5
13.216901,2,1,0.202000,0.202000,0.2470,-0.04500,1,1,1,+0.41132,+0.53088,0.05415,275.56,+0.60150,+0.81634,0.05800,0.8960,0,1,0,1,+5.000,+0.000,+5.000,+0.00017,-17.607,-0.00000,0.00,+0.00000,0,+0.00000,+0.00000,0.00000,+4.958,0,36.5,36.5
13.245047,2,1,0.202000,0.202000,0.2470,-0.04500,1,1,1,+0.41862,+0.53369,0.05358,276.06,+0.56857,+0.77165,0.05483,0.8470,0,1,0,1,+5.000,+0.000,+5.000,+0.00015,-17.608,-0.00000,0.00,+0.00000,0,+0.00000,+0.00000,0.00000,+4.964,0,36.5,36.5
13.271240,2,1,0.202000,0.202000,0.2470,-0.04500,1,1,1,+0.42355,+0.53193,0.05415,275.75,+0.53955,+0.73227,0.05203,0.8038,0,1,0,1,+5.000,+0.000,+5.000,+0.00013,-17.608,-0.00000,0.00,+0.00000,0,+0.00000,+0.00000,0.00000,+4.967,0,36.5,36.5
13.296838,2,1,0.202000,0.202000,0.2470,-0.04500,1,1,1,+0.42845,+0.52998,0.05443,275.40,+0.51263,+0.69572,0.04943,0.7636,0,1,0,1,+5.000,+0.000,+5.000,+0.00012,-17.608,-0.00000,0.00,+0.00000,0,+0.00000,+0.00000,0.00000,+4.971,0,36.5,36.5
13.323674,2,1,0.202000,0.202000,0.2470,-0.04500,1,1,1,+0.42845,+0.52998,0.05443,275.40,+0.48584,+0.65937,0.04685,0.7237,0,1,0,1,+5.000,+0.000,+5.000,+0.00010,-17.608,+0.00000,0.00,+0.00000,0,+0.00000,+0.00000,0.00000,+4.975,0,36.5,36.5
13.347817,2,1,0.202000,0.202000,0.2470,-0.04500,1,1,1,+0.43660,+0.53162,0.05472,275.69,+0.46294,+0.62829,0.04464,0.6896,0,1,0,1,+5.000,+0.000,+5.000,+0.00169,-17.672,+0.00000,0.00,+0.00000,0,+0.00000,+0.00000,0.00000,+4.610,0,36.5,36.5
13.372744,2,1,0.202000,0.202000,0.2470,-0.04500,1,1,1,+0.46380,+0.56373,0.04714,281.47,+0.44042,+0.59773,0.04247,0.6561,0,1,0,1,+5.000,+0.000,+5.000,+0.00168,-17.672,-0.00000,0.00,+0.00000,0,+0.00000,+0.00000,0.00000,+4.613,0,36.5,36.5
13.400330,2,1,0.202000,0.202000,0.2470,-0.04500,1,1,1,+0.47078,+0.56456,0.04779,281.62,+0.41678,+0.56565,0.04019,0.6209,0,1,0,1,+5.000,+0.000,+5.000,+0.00163,-17.673,-0.00000,0.00,+0.00000,0,+0.00000,+0.00000,0.00000,+4.620,0,36.5,36.5
13.427387,2,1,0.202000,0.202000,0.2470,-0.04500,1,1,1,+0.47078,+0.56456,0.04779,281.62,+0.39483,+0.53585,0.03807,0.5882,0,1,0,1,+5.000,+0.000,+5.000,+0.00142,-17.673,-0.00000,0.00,+0.00000,0,+0.00000,+0.00000,0.00000,+4.655,0,36.5,36.5
13.453906,2,1,0.202000,0.202000,0.2470,-0.04500,1,1,1,+0.47740,+0.56560,0.04747,281.81,+0.37443,+0.50817,0.03611,0.5578,0,1,0,1,+5.000,+0.000,+5.000,+0.00129,-17.674,-0.00000,0.00,+0.00000,0,+0.00000,+0.00000,0.00000,+4.685,0,36.5,36.5
13.478653,3,1,0.202000,0.202000,0.2470,-0.04500,1,1,1,+0.48458,+0.56504,0.04811,281.71,+0.35635,+0.48363,0.03436,0.5308,0,1,0,1,+5.000,+0.000,+5.000,+0.00123,-17.675,-0.00000,0.00,+0.00000,0,+0.00000,+0.00000,0.00000,+4.703,0,36.5,36.5
13.507065,3,1,0.202000,0.202000,0.2470,-0.04500,1,1,1,+0.49242,+0.56652,0.04811,281.97,+0.33667,+0.45692,0.03246,0.5015,0,1,0,1,+5.000,+0.000,+5.000,+0.00268,-17.743,+0.00000,0.00,+0.00000,0,+0.00000,+0.00000,0.00000,+4.373,0,36.5,36.5
13.533503,3,1,0.202000,0.202000,0.2470,-0.04500,1,1,1,+0.50000,+0.56667,0.04843,282.00,+0.31933,+0.43338,0.03079,0.4757,0,1,0,1,+5.000,+0.000,+5.000,+0.00259,-17.744,+0.00000,0.00,+0.00000,0,+0.00000,+0.00000,0.00000,+4.394,0,36.5,36.5
13.557346,3,1,0.202000,0.202000,0.2470,-0.04500,1,1,1,+0.50000,+0.56667,0.04843,282.00,+0.30446,+0.41320,0.02936,0.4535,0,1,0,1,+5.000,+0.000,+5.000,+0.00246,-17.744,+0.00000,0.00,+0.00000,0,+0.00000,+0.00000,0.00000,+4.418,0,36.5,36.5
13.583045,3,1,0.202000,0.202000,0.2470,-0.04500,1,1,1,+0.50704,+0.56512,0.04938,281.72,+0.28920,+0.39250,0.02789,0.4308,0,1,0,1,+5.000,+0.000,+5.000,+0.00222,-17.745,-0.00000,0.00,+0.00000,0,+0.00000,+0.00000,0.00000,+4.461,0,36.5,36.5
13.607350,3,1,0.202000,0.202000,0.2470,-0.04500,1,1,1,+0.51543,+0.56695,0.04938,282.05,+0.27548,+0.37388,0.02656,0.4104,0,1,0,1,+5.000,+0.000,+5.000,+0.00209,-17.746,-0.00000,0.00,+0.00000,0,+0.00000,+0.00000,0.00000,+4.492,0,36.5,36.5
13.635078,3,1,0.202000,0.202000,0.2470,-0.04500,1,1,1,+0.52353,+0.56694,0.05000,282.05,+0.26062,+0.35371,0.02513,0.3882,0,1,0,1,+5.000,+0.000,+5.000,+0.00348,-17.816,+0.00000,0.00,+0.00000,0,+0.00000,+0.00000,0.00000,+4.176,0,36.5,36.5
13.662243,3,1,0.202000,0.202000,0.2470,-0.04500,1,1,1,+0.53117,+0.56911,0.05031,282.44,+0.24684,+0.33500,0.02380,0.3677,0,1,0,1,+5.000,+0.000,+5.000,+0.00329,-17.817,+0.00000,0.00,+0.00000,0,+0.00000,+0.00000,0.00000,+4.223,0,36.5,36.5
13.690996,3,1,0.202000,0.202000,0.2470,-0.04500,1,1,1,+0.53117,+0.56911,0.05031,282.44,+0.23305,+0.31628,0.02247,0.3472,0,1,0,1,+5.000,+0.000,+5.000,+0.00310,-17.818,+0.00000,0.00,+0.00000,0,+0.00000,+0.00000,0.00000,+4.262,0,36.5,36.5
13.720089,3,1,0.202000,0.202000,0.2470,-0.04500,1,1,1,+0.53874,+0.56809,0.05152,282.26,+0.21987,+0.29841,0.02120,0.3275,0,1,0,1,+5.000,+0.000,+5.000,+0.00281,-17.819,-0.00000,0.00,+0.00000,0,+0.00000,+0.00000,0.00000,+4.319,0,36.5,36.5
13.750537,3,1,0.202000,0.202000,0.2470,-0.04500,1,1,1,+0.55040,+0.56850,0.04938,282.33,+0.20688,+0.28078,0.01995,0.3082,0,1,0,1,+5.000,+0.000,+5.000,+0.00415,-17.879,-0.00000,0.00,+0.00000,0,+0.00000,+0.00000,0.00000,+4.014,0,36.5,36.5
13.779305,3,1,0.202000,0.202000,0.2470,-0.04500,1,1,1,+0.55701,+0.56883,0.05031,282.39,+0.19531,+0.26508,0.01883,0.2910,0,1,0,1,+5.000,+0.000,+5.000,+0.00549,-17.946,-0.00000,0.00,+0.00000,0,+0.00000,+0.00000,0.00000,+3.711,0,36.5,36.5
13.806263,3,1,0.202000,0.202000,0.2470,-0.04500,1,1,1,+0.56545,+0.56794,0.05182,282.23,+0.18506,+0.25116,0.01784,0.2757,0,1,0,1,+5.000,+0.000,+5.000,+0.00524,-17.947,-0.00000,0.00,+0.00000,0,+0.00000,+0.00000,0.00000,+3.762,0,36.5,36.5
13.834194,3,1,0.202000,0.202000,0.2470,-0.04500,1,1,1,+0.57344,+0.56881,0.05212,282.39,+0.17501,+0.23752,0.01688,0.2607,0,1,0,1,+5.000,+0.000,+5.000,+0.00484,-17.949,-0.00000,0.00,+0.00000,0,+0.00000,+0.00000,0.00000,+3.836,0,36.5,36.5
13.861869,3,1,0.202000,0.202000,0.2470,-0.04500,1,1,1,+0.57344,+0.56881,0.05212,282.39,+0.16559,+0.22473,0.01597,0.2467,0,1,0,1,+5.000,+0.000,+5.000,+0.00585,-18.015,-0.00000,0.00,+0.00000,0,+0.00000,+0.00000,0.00000,+3.601,0,36.5,36.5
13.889072,3,1,0.202000,0.202000,0.2470,-0.04500,1,1,1,+0.58516,+0.57033,0.05300,282.66,+0.15682,+0.21283,0.01512,0.2336,0,1,0,1,+5.000,+0.000,+5.000,+0.00549,-18.016,-0.00000,0.00,+0.00000,0,+0.00000,+0.00000,0.00000,+3.689,0,36.5,36.5
13.914256,3,1,0.202000,0.202000,0.2470,-0.04500,1,1,1,+0.59306,+0.57143,0.05300,282.86,+0.14911,+0.20237,0.01438,0.2221,0,1,0,1,+5.000,+0.000,+5.000,+0.00676,-18.081,-0.00000,0.00,+0.00000,0,+0.00000,+0.00000,0.00000,+3.394,0,36.5,36.5
13.938832,3,1,0.202000,0.202000,0.2470,-0.04500,1,1,1,+0.60115,+0.57271,0.05329,283.09,+0.14196,+0.19267,0.01369,0.2115,0,1,0,1,+5.000,+0.000,+5.000,+0.00633,-18.083,-0.00000,0.00,+0.00000,0,+0.00000,+0.00000,0.00000,+3.488,0,36.5,36.5
13.966076,3,1,0.203718,0.203718,0.2470,-0.04328,1,1,1,+0.61039,+0.57379,0.05329,283.28,+0.13443,+0.18245,0.01296,0.2003,0,1,0,1,+5.000,+0.000,+5.000,+0.00592,-18.084,-0.00000,0.00,+0.00000,0,+0.00000,+0.00000,0.00000,+3.580,0,36.5,36.5
13.996991,3,1,0.206313,0.206313,0.2470,-0.04069,1,1,1,+0.61039,+0.57379,0.05329,283.28,+0.12637,+0.17151,0.01219,0.1883,0,1,0,1,+5.000,+0.000,+5.000,+0.00518,-18.087,-0.00000,0.00,+0.00000,0,+0.00000,+0.00000,0.00000,+3.740,0,36.5,36.5
14.023623,3,1,0.208423,0.208423,0.2470,-0.03858,1,1,1,+0.62177,+0.57436,0.05300,283.38,+0.11982,+0.16261,0.01155,0.1785,0,1,0,1,+5.000,+0.000,+5.000,+0.00630,-18.153,-0.00000,0.00,+0.00000,0,+0.00000,+0.00000,0.00000,+3.492,0,36.5,36.5
14.048025,3,1,0.210261,0.210261,0.2470,-0.03674,1,1,1,+0.63189,+0.57273,0.05212,283.09,+0.11411,+0.15487,0.01100,0.1700,0,1,0,1,+5.000,+0.000,+5.000,+0.01049,-18.332,-0.00000,0.00,+0.00000,0,+0.00000,+0.00000,0.00000,+2.539,0,36.5,36.5
14.073841,3,1,0.212110,0.212110,0.2470,-0.03489,1,1,1,+0.64199,+0.57320,0.05122,283.18,+0.10837,+0.14708,0.01045,0.1614,0,1,0,1,+5.000,+0.000,+5.000,+0.01291,-18.447,-0.00000,0.00,+0.00000,0,+0.00000,+0.00000,0.00000,+1.978,0,36.5,36.5
14.099337,3,1,0.213844,0.213844,0.2470,-0.03316,1,1,1,+0.64199,+0.57320,0.05122,283.18,+0.10298,+0.13976,0.00993,0.1534,0,1,0,1,+5.000,+0.000,+5.000,+0.01639,-18.590,-0.00000,0.00,+0.00000,0,+0.00000,+0.00000,0.00000,+1.133,0,36.5,36.5
14.125380,3,1,0.215527,0.215527,0.2470,-0.03147,1,1,1,+0.65252,+0.56924,0.05031,282.46,+0.09775,+0.13267,0.00943,0.1456,0,1,0,1,+5.000,+0.000,+5.000,+0.01948,-18.715,-0.00000,0.00,+0.00000,0,+0.00000,+0.00000,0.00000,+0.394,0,36.5,36.5
14.153094,3,1,0.217224,0.217224,0.2470,-0.02978,1,1,1,+0.66362,+0.57341,0.05092,283.21,+0.09248,+0.12552,0.00892,0.1378,0,1,0,1,+5.000,+0.000,+5.000,+0.02227,-18.820,+0.00000,0.00,+0.00000,0,+0.00000,+0.00000,0.00000,-0.278,0,36.5,36.5
14.178257,3,1,0.218685,0.218685,0.2470,-0.02831,1,1,1,+0.67373,+0.57496,0.04938,283.49,+0.08794,+0.11936,0.00848,0.1310,0,1,0,1,+5.000,+0.000,+5.000,+0.02478,-18.919,-0.00000,0.00,+0.00000,0,+0.00000,+0.00000,0.00000,-0.877,0,36.5,36.5
14.207195,3,1,0.220278,0.220278,0.2470,-0.02672,1,1,1,+0.68598,+0.57778,0.04779,284.00,+0.08300,+0.11264,0.00800,0.1236,0,1,0,1,+5.000,+0.000,+5.000,+0.02697,-19.001,-0.00000,0.00,+0.00000,0,+0.00000,+0.00000,0.00000,-1.418,0,37.4,37.4
14.235166,3,1,0.221731,0.221731,0.2470,-0.02527,1,1,1,+0.69840,+0.58408,0.04779,285.14,+0.07848,+0.10652,0.00757,0.1169,0,1,0,1,+5.000,+0.000,+5.000,+0.02959,-19.086,+0.00000,0.00,+0.00000,0,+0.00000,+0.00000,0.00000,-2.046,0,37.4,37.4
14.262322,3,1,0.223067,0.223067,0.2470,-0.02393,1,1,1,+0.69840,+0.58408,0.04779,285.14,+0.07433,+0.10089,0.00717,0.1107,0,1,0,1,+5.000,+0.000,+5.000,+0.03133,-19.140,-0.00000,0.00,+0.00000,0,+0.00000,+0.00000,0.00000,-2.460,0,37.4,37.4
14.289290,3,1,0.224324,0.224324,0.2470,-0.02268,1,1,1,+0.71304,+0.59388,0.04615,286.90,+0.07043,+0.09559,0.00679,0.1049,0,1,0,1,+5.000,+0.000,+5.000,+0.03269,-19.183,-0.00000,0.00,+0.00000,0,+0.00000,+0.00000,0.00000,-2.810,0,37.4,37.4
14.315287,3,1,0.225473,0.225473,0.2470,-0.02153,1,1,1,+0.72491,+0.60515,0.04615,288.93,+0.06686,+0.09075,0.00645,0.0996,0,1,0,1,+5.000,+0.000,+5.000,+0.03383,-19.215,+0.00000,0.00,+0.00000,0,+0.00000,+0.00000,0.00000,-3.092,0,37.4,37.4
14.340039,3,1,0.226512,0.226512,0.2470,-0.02049,1,1,1,+0.73696,+0.61643,0.04615,290.96,+0.06363,+0.08636,0.00614,0.0948,0,1,0,1,+5.000,+0.000,+5.000,+0.03461,-19.233,-0.00000,0.00,+0.00000,0,+0.00000,+0.00000,0.00000,-3.278,0,37.4,37.4
14.367981,3,1,0.227626,0.227626,0.2470,-0.01937,1,1,1,+0.75336,+0.63466,0.04547,294.24,+0.06018,+0.08167,0.00580,0.0896,0,1,0,1,+5.000,+0.000,+5.000,+0.03571,-19.262,-0.00000,0.00,+0.00000,0,+0.00000,+0.00000,0.00000,-3.550,0,37.4,37.4
14.390576,3,1,0.228482,0.228482,0.2470,-0.01852,1,1,1,+0.75336,+0.63466,0.04547,294.24,+0.05752,+0.07806,0.00555,0.0857,0,1,0,1,+5.000,+0.000,+5.000,+0.03621,-19.274,-0.00000,0.00,+0.00000,0,+0.00000,+0.00000,0.00000,-3.671,0,37.4,37.4
14.417534,3,1,0.229454,0.229454,0.2470,-0.01755,1,1,1,+0.76818,+0.65067,0.04513,297.12,+0.05450,+0.07396,0.00525,0.0812,0,1,0,1,+5.000,+0.000,+5.000,+0.03700,-19.287,-0.00000,0.00,+0.00000,0,+0.00000,+0.00000,0.00000,-3.865,0,37.4,37.4
14.445794,3,1,0.230418,0.230418,0.2470,-0.01658,1,1,1,+0.78125,+0.66615,0.04444,299.91,+0.05150,+0.06990,0.00497,0.0767,0,1,0,1,+5.000,+0.000,+5.000,+0.03852,-19.300,-0.00000,0.00,+0.00000,0,+0.00000,+0.00000,0.00000,-4.225,0,37.4,37.4
14.472154,3,1,0.231270,0.231270,0.2470,-0.01573,1,1,1,+0.79521,+0.68368,0.04444,303.06,+0.04886,+0.06631,0.00471,0.0728,0,1,0,1,+5.000,+0.000,+5.000,+0.03934,-19.308,-0.00000,0.00,+0.00000,0,+0.00000,+0.00000,0.00000,-4.417,0,37.4,37.4
14.497515,3,1,0.232048,0.232048,0.2470,-0.01495,1,1,1,+0.81290,+0.70723,0.04410,307.30,+0.04644,+0.06303,0.00448,0.0692,0,1,0,1,+5.000,+0.000,+5.000,+0.03994,-19.309,-0.00000,0.00,+0.00000,0,+0.00000,+0.00000,0.00000,-4.574,0,37.4,37.4
14.528153,3,1,0.232936,0.232936,0.2470,-0.01406,1,1,1,+0.82833,+0.72926,0.04303,311.27,+0.04368,+0.05928,0.00421,0.0651,0,1,0,1,+5.000,+0.000,+5.000,+0.04039,-19.306,-0.00000,0.00,+0.00000,0,+0.00000,+0.00000,0.00000,-4.686,0,37.4,37.4
14.554763,3,1,0.233665,0.233665,0.2470,-0.01333,1,1,1,+0.82833,+0.72926,0.04303,311.27,+0.04142,+0.05621,0.00399,0.0617,0,1,0,1,+5.000,+0.000,+5.000,+0.04080,-19.299,-0.00000,0.00,+0.00000,0,+0.00000,+0.00000,0.00000,-4.790,0,37.4,37.4
14.583282,3,1,0.234405,0.234405,0.2470,-0.01260,1,1,1,+0.84147,+0.74938,0.04410,314.89,+0.03912,+0.05309,0.00377,0.0583,0,1,0,1,+5.000,+0.000,+5.000,+0.04140,-19.288,-0.00000,0.00,+0.00000,0,+0.00000,+0.00000,0.00000,-4.934,0,37.4,37.4
14.610590,3,1,0.235074,0.235074,0.2470,-0.01193,1,1,1,+0.86367,+0.78060,0.04267,320.51,+0.03704,+0.05027,0.00357,0.0552,0,1,0,1,+5.000,+0.000,+5.000,+0.04288,-19.283,-0.00000,0.00,+0.00000,0,+0.00000,+0.00000,0.00000,-5.278,0,37.4,37.4
14.635924,3,1,0.235663,0.235663,0.2470,-0.01134,1,1,1,+0.87606,+0.80207,0.04267,324.37,+0.03521,+0.04779,0.00340,0.0525,0,1,0,1,+5.000,+0.000,+5.000,+0.04310,-19.262,-0.00000,0.00,+0.00000,0,+0.00000,+0.00000,0.00000,-5.334,0,37.4,37.4
14.662391,3,1,0.236248,0.236248,0.2470,-0.01075,1,1,1,+0.89525,+0.83189,0.04082,329.74,+0.03340,+0.04532,0.00322,0.0497,0,1,0,1,+5.000,+0.000,+5.000,+0.04359,-19.246,-0.00000,0.00,+0.00000,0,+0.00000,+0.00000,0.00000,-5.465,0,37.4,37.4
14.690156,3,1,0.236829,0.236829,0.2470,-0.01017,1,1,1,+0.89525,+0.83189,0.04082,329.74,+0.03159,+0.04288,0.00305,0.0471,0,1,0,1,+5.000,+0.000,+5.000,+0.04395,-19.227,-0.00000,0.00,+0.00000,0,+0.00000,+0.00000,0.00000,-5.552,0,37.4,37.4
14.718107,3,1,0.237382,0.237382,0.2470,-0.00962,1,1,1,+0.91163,+0.86000,0.03928,334.80,+0.02987,+0.04055,0.00288,0.0445,0,1,0,1,+5.000,+0.000,+5.000,+0.04408,-19.203,-0.00000,0.00,+0.00000,0,+0.00000,+0.00000,0.00000,-5.585,0,37.4,37.4
14.744122,3,1,0.237869,0.237869,0.2470,-0.00913,1,1,1,+0.92839,+0.89074,0.03849,340.33,+0.02836,+0.03849,0.00273,0.0422,0,1,0,1,+5.000,+0.000,+5.000,+0.04428,-19.180,-0.00000,0.00,+0.00000,0,+0.00000,+0.00000,0.00000,-5.630,0,37.4,37.4
14.767096,3,1,0.238279,0.238279,0.2470,-0.00872,1,1,1,+0.92839,+0.89074,0.03849,340.33,+0.02709,+0.03676,0.00261,0.0403,0,1,0,1,+5.000,+0.000,+5.000,+0.04439,-19.166,-0.00000,0.00,+0.00000,0,+0.00000,+0.00000,0.00000,-5.657,0,37.4,37.4
14.791719,3,1,0.238698,0.238698,0.2470,-0.00830,1,1,1,+0.92839,+0.89074,0.03849,340.33,+0.02578,+0.03499,0.00249,0.0384,0,1,0,1,+5.000,+0.000,+5.000,+0.04490,-19.141,-0.00000,0.00,+0.00000,0,+0.00000,+0.00000,0.00000,-5.774,0,37.4,37.4
14.816931,3,1,0.239107,0.239107,0.2470,-0.00789,1,1,1,+0.92839,+0.89074,0.03849,340.33,+0.02452,+0.03327,0.00236,0.0365,0,1,0,1,+5.000,+0.000,+5.000,+0.04481,-19.127,-0.00000,0.00,+0.00000,0,+0.00000,+0.00000,0.00000,-5.752,0,37.4,37.4
14.842883,3,1,0.239506,0.239506,0.2470,-0.00749,1,1,1,+0.92839,+0.89074,0.03849,340.33,+0.02328,+0.03159,0.00224,0.0347,0,1,0,1,+5.000,+0.000,+5.000,+0.04536,-19.111,-0.00000,0.00,+0.00000,0,+0.00000,+0.00000,0.00000,-5.879,0,37.4,37.4
14.847266,3,1,0.239571,0.239571,0.2470,-0.00743,1,1,1,+0.92839,+0.89074,0.03849,340.33,+0.02307,+0.03131,0.00222,0.0344,0,1,0,1,+5.000,+0.000,+5.000,+0.04534,-19.104,-0.00000,0.00,+0.00000,0,+0.00000,+0.00000,0.00000,-5.873,0,37.4,37.4
14.851889,3,1,0.239640,0.239640,0.2470,-0.00736,1,1,1,+0.92839,+0.89074,0.03849,340.33,+0.02286,+0.03103,0.00220,0.0341,0,1,0,1,+5.000,+0.000,+5.000,+0.04551,-19.099,-0.00000,0.00,+0.00000,0,+0.00000,+0.00000,0.00000,-5.912,0,37.4,37.4
14.856503,3,1,0.239707,0.239707,0.2470,-0.00729,1,1,1,+0.92839,+0.89074,0.03849,340.33,+0.02265,+0.03074,0.00218,0.0337,0,1,0,1,+5.000,+0.000,+5.000,+0.04551,-19.099,-0.00000,0.00,+0.00000,0,+0.00000,+0.00000,0.00000,-5.912,0,37.4,37.4
14.861010,3,1,0.239773,0.239773,0.2470,-0.00723,1,1,1,+0.92839,+0.89074,0.03849,340.33,+0.02245,+0.03047,0.00216,0.0334,0,1,0,1,+5.000,+0.000,+5.000,+0.04551,-19.099,-0.00000,0.00,+0.00000,0,+0.00000,+0.00000,0.00000,-5.912,0,37.4,37.4
14.865411,3,1,0.239836,0.239836,0.2470,-0.00716,1,1,1,+0.92839,+0.89074,0.03849,340.33,+0.02225,+0.03020,0.00215,0.0331,0,1,0,1,+5.000,+0.000,+5.000,+0.04533,-19.091,-0.00000,0.00,+0.00000,0,+0.00000,+0.00000,0.00000,-5.872,0,37.4,37.4
14.869956,3,1,0.239901,0.239901,0.2470,-0.00710,1,1,1,+0.92839,+0.89074,0.03849,340.33,+0.02205,+0.02993,0.00213,0.0328,0,1,0,1,+5.000,+0.000,+5.000,+0.04533,-19.091,-0.00000,0.00,+0.00000,0,+0.00000,+0.00000,0.00000,-5.872,0,37.4,37.4
14.874534,3,1,0.239966,0.239966,0.2470,-0.00703,1,1,1,+0.92839,+0.89074,0.03849,340.33,+0.02185,+0.02965,0.00211,0.0325,0,1,0,1,+5.000,+0.000,+5.000,+0.04536,-19.085,-0.00000,0.00,+0.00000,0,+0.00000,+0.00000,0.00000,-5.879,0,37.4,37.4
14.879164,3,1,0.240030,0.240030,0.2470,-0.00697,1,1,1,+0.92839,+0.89074,0.03849,340.33,+0.02165,+0.02938,0.00209,0.0322,0,1,0,1,+5.000,+0.000,+5.000,+0.04555,-19.081,-0.00000,0.00,+0.00000,0,+0.00000,+0.00000,0.00000,-5.923,0,37.4,37.4
14.883808,3,1,0.240095,0.240095,0.2470,-0.00691,1,1,1,+0.92839,+0.89074,0.03849,340.33,+0.02145,+0.02911,0.00207,0.0319,0,1,0,1,+5.000,+0.000,+5.000,+0.04555,-19.081,-0.00000,0.00,+0.00000,0,+0.00000,+0.00000,0.00000,-5.923,0,37.4,37.4
14.888664,3,1,0.240162,0.240162,0.2470,-0.00684,1,1,1,+0.92839,+0.89074,0.03849,340.33,+0.02124,+0.02883,0.00205,0.0316,0,1,0,1,+5.000,+0.000,+5.000,+0.04563,-19.075,-0.00000,0.00,+0.00000,0,+0.00000,+0.00000,0.00000,-5.940,0,37.4,37.4
14.893297,3,1,0.240225,0.240225,0.2470,-0.00678,1,1,1,+0.92839,+0.89074,0.03849,340.33,+0.02104,+0.02856,0.00203,0.0313,0,1,0,1,+5.000,+0.000,+5.000,+0.04563,-19.075,-0.00000,0.00,+0.00000,0,+0.00000,+0.00000,0.00000,-5.940,0,37.4,37.4
14.900290,3,1,0.240319,0.240319,0.2470,-0.00668,1,1,1,+0.92839,+0.89074,0.03849,340.33,+0.02075,+0.02816,0.00200,0.0309,0,1,0,1,+5.000,+0.000,+5.000,+0.04544,-19.068,-0.00000,0.00,+0.00000,0,+0.00000,+0.00000,0.00000,-5.897,0,37.4,37.4
14.904821,3,1,0.240379,0.240379,0.2470,-0.00662,1,1,1,+0.92839,+0.89074,0.03849,340.33,+0.02056,+0.02791,0.00198,0.0306,0,1,0,1,+5.000,+0.000,+5.000,+0.04544,-19.068,-0.00000,0.00,+0.00000,0,+0.00000,+0.00000,0.00000,-5.897,0,37.4,37.4
14.909915,3,1,0.240446,0.240446,0.2470,-0.00655,1,1,1,+0.92839,+0.89074,0.03849,340.33,+0.02036,+0.02763,0.00196,0.0303,0,1,0,1,+5.000,+0.000,+5.000,+0.04565,-19.064,-0.00000,0.00,+0.00000,0,+0.00000,+0.00000,0.00000,-5.944,0,37.4,37.4
14.914503,3,1,0.240506,0.240506,0.2470,-0.00649,1,1,1,+0.92839,+0.89074,0.03849,340.33,+0.02017,+0.02737,0.00194,0.0300,0,1,0,1,+5.000,+0.000,+5.000,+0.04565,-19.064,-0.00000,0.00,+0.00000,0,+0.00000,+0.00000,0.00000,-5.944,0,37.4,37.4
14.919045,3,1,0.240565,0.240565,0.2470,-0.00644,1,1,1,+0.92839,+0.89074,0.03849,340.33,+0.01999,+0.02713,0.00193,0.0298,0,1,0,1,+5.000,+0.000,+5.000,+0.04565,-19.058,-0.00000,0.00,+0.00000,0,+0.00000,+0.00000,0.00000,-5.945,0,37.4,37.4
14.923425,3,1,0.240621,0.240621,0.2470,-0.00638,1,1,1,+0.92839,+0.89074,0.03849,340.33,+0.01981,+0.02689,0.00191,0.0295,0,1,0,1,+5.000,+0.000,+5.000,+0.04565,-19.058,-0.00000,0.00,+0.00000,0,+0.00000,+0.00000,0.00000,-5.945,0,37.4,37.4
14.928067,3,1,0.240680,0.240680,0.2470,-0.00632,1,1,1,+0.92839,+0.89074,0.03849,340.33,+0.01963,+0.02664,0.00189,0.0292,0,1,0,1,+5.000,+0.000,+5.000,+0.04569,-19.053,-0.00000,0.00,+0.00000,0,+0.00000,+0.00000,0.00000,-5.954,0,37.4,37.4
14.932341,3,1,0.240734,0.240734,0.2470,-0.00627,1,1,1,+0.92839,+0.89074,0.03849,340.33,+0.01946,+0.02642,0.00188,0.0290,0,1,0,1,+5.000,+0.000,+5.000,+0.04569,-19.053,-0.00000,0.00,+0.00000,0,+0.00000,+0.00000,0.00000,-5.954,0,37.4,37.4
14.937048,3,1,0.240792,0.240792,0.2470,-0.00621,1,1,1,+0.92839,+0.89074,0.03849,340.33,+0.01928,+0.02617,0.00186,0.0287,0,1,0,1,+5.000,+0.000,+5.000,+0.04564,-19.047,-0.00000,0.00,+0.00000,0,+0.00000,+0.00000,0.00000,-5.943,0,37.4,37.4
14.941650,3,1,0.240849,0.240849,0.2470,-0.00615,1,1,1,+0.92839,+0.89074,0.03849,340.33,+0.01910,+0.02593,0.00184,0.0285,0,1,0,1,+5.000,+0.000,+5.000,+0.04564,-19.047,-0.00000,0.00,+0.00000,0,+0.00000,+0.00000,0.00000,-5.943,0,37.4,37.4
14.946379,3,1,0.240907,0.240907,0.2470,-0.00609,1,1,1,+0.92839,+0.89074,0.03849,340.33,+0.01892,+0.02568,0.00182,0.0282,0,1,0,1,+5.000,+0.000,+5.000,+0.04564,-19.042,-0.00000,0.00,+0.00000,0,+0.00000,+0.00000,0.00000,-5.943,0,37.4,37.4
14.950899,3,1,0.240962,0.240962,0.2470,-0.00604,1,1,1,+0.92839,+0.89074,0.03849,340.33,+0.01875,+0.02545,0.00181,0.0279,0,1,0,1,+5.000,+0.000,+5.000,+0.04581,-19.038,-0.00000,0.00,+0.00000,0,+0.00000,+0.00000,0.00000,-5.981,0,37.4,37.4
14.955133,3,1,0.241013,0.241013,0.2470,-0.00599,1,1,1,+0.92839,+0.89074,0.03849,340.33,+0.01860,+0.02524,0.00179,0.0277,0,1,0,1,+5.000,+0.000,+5.000,+0.04581,-19.038,-0.00000,0.00,+0.00000,0,+0.00000,+0.00000,0.00000,-5.981,0,37.4,37.4
14.959425,3,1,0.241064,0.241064,0.2470,-0.00594,1,1,1,+0.92839,+0.89074,0.03849,340.33,+0.01844,+0.02502,0.00178,0.0275,0,1,0,1,+5.000,+0.000,+5.000,+0.04590,-19.033,-0.00000,0.00,+0.00000,0,+0.00000,+0.00000,0.00000,-6.003,0,37.4,37.4
14.979015,3,1,0.241292,0.241292,0.2470,-0.00571,1,1,1,+0.92839,+0.89074,0.03849,340.33,+0.01773,+0.02406,0.00171,0.0264,0,1,0,1,+5.000,+0.000,+5.000,+0.04590,-19.033,-0.00000,0.00,+0.00000,0,+0.00000,+0.00000,0.00000,-6.003,0,37.4,37.4
14.983603,3,1,0.241344,0.241344,0.2470,-0.00566,1,1,1,+0.92839,+0.89074,0.03849,340.33,+0.01757,+0.02384,0.00169,0.0262,0,1,0,1,+5.000,+0.000,+5.000,+0.04627,-19.021,-0.00000,0.00,+0.00000,0,+0.00000,+0.00000,0.00000,-6.086,0,37.4,37.4
14.988128,3,1,0.241395,0.241395,0.2470,-0.00560,1,1,1,+0.92839,+0.89074,0.03849,340.33,+0.01741,+0.02363,0.00168,0.0259,0,1,0,1,+5.000,+0.000,+5.000,+0.04627,-19.021,-0.00000,0.00,+0.00000,0,+0.00000,+0.00000,0.00000,-6.086,0,37.4,37.4
14.993272,3,1,0.241452,0.241452,0.2470,-0.00555,1,1,1,+0.92839,+0.89074,0.03849,340.33,+0.01723,+0.02338,0.00166,0.0257,0,1,0,1,+5.000,+0.000,+5.000,+0.04624,-19.016,-0.00000,0.00,+0.00000,0,+0.00000,+0.00000,0.00000,-6.080,0,37.4,37.4
14.997634,3,1,0.241501,0.241501,0.2470,-0.00550,1,1,1,+0.92839,+0.89074,0.03849,340.33,+0.01708,+0.02318,0.00165,0.0254,0,1,0,1,+5.000,+0.000,+5.000,+0.04624,-19.016,-0.00000,0.00,+0.00000,0,+0.00000,+0.00000,0.00000,-6.080,0,37.4,37.4
15.001899,3,1,0.241547,0.241547,0.2470,-0.00545,1,1,1,+0.92839,+0.89074,0.03849,340.33,+0.01694,+0.02298,0.00163,0.0252,0,1,0,1,+5.000,+0.000,+5.000,+0.04631,-19.012,-0.00000,0.00,+0.00000,0,+0.00000,+0.00000,0.00000,-6.097,0,37.4,37.4
15.006769,3,1,0.241600,0.241600,0.2470,-0.00540,1,1,1,+0.92839,+0.89074,0.03849,340.33,+0.01677,+0.02276,0.00162,0.0250,0,1,0,1,+5.000,+0.000,+5.000,+0.04631,-19.012,-0.00000,0.00,+0.00000,0,+0.00000,+0.00000,0.00000,-6.097,0,37.4,37.4
15.011008,3,1,0.241646,0.241646,0.2470,-0.00535,1,1,1,+0.92839,+0.89074,0.03849,340.33,+0.01663,+0.02257,0.00160,0.0248,0,1,0,1,+5.000,+0.000,+5.000,+0.04644,-19.008,-0.00000,0.00,+0.00000,0,+0.00000,+0.00000,0.00000,-6.126,0,37.4,37.4
15.015609,3,1,0.241695,0.241695,0.2470,-0.00531,1,1,1,+0.92839,+0.89074,0.03849,340.33,+0.01648,+0.02236,0.00159,0.0245,0,1,0,1,+5.000,+0.000,+5.000,+0.04644,-19.008,-0.00000,0.00,+0.00000,0,+0.00000,+0.00000,0.00000,-6.126,0,37.4,37.4
15.020312,3,1,0.241745,0.241745,0.2470,-0.00526,1,1,1,+0.92839,+0.89074,0.03849,340.33,+0.01632,+0.02215,0.00157,0.0243,0,1,0,1,+5.000,+0.000,+5.000,+0.04642,-19.003,-0.00000,0.00,+0.00000,0,+0.00000,+0.00000,0.00000,-6.122,0,37.4,37.4
15.025051,3,1,0.241794,0.241794,0.2470,-0.00521,1,1,1,+0.92839,+0.89074,0.03849,340.33,+0.01617,+0.02194,0.00156,0.0241,0,1,0,1,+5.000,+0.000,+5.000,+0.04642,-19.003,-0.00000,0.00,+0.00000,0,+0.00000,+0.00000,0.00000,-6.122,0,37.4,37.4
15.029278,3,1,0.241838,0.241838,0.2470,-0.00516,1,1,1,+0.92839,+0.89074,0.03849,340.33,+0.01603,+0.02176,0.00155,0.0239,0,1,0,1,+5.000,+0.000,+5.000,+0.04643,-18.998,-0.00000,0.00,+0.00000,0,+0.00000,+0.00000,0.00000,-6.123,0,37.4,37.4
15.033845,3,1,0.241885,0.241885,0.2470,-0.00512,1,1,1,+0.92839,+0.89074,0.03849,340.33,+0.01589,+0.02156,0.00153,0.0237,0,1,0,1,+5.000,+0.000,+5.000,+0.04643,-18.998,-0.00000,0.00,+0.00000,0,+0.00000,+0.00000,0.00000,-6.123,0,37.4,37.4
15.038369,3,1,0.241931,0.241931,0.2470,-0.00507,1,1,1,+0.92839,+0.89074,0.03849,340.33,+0.01574,+0.02137,0.00152,0.0235,0,1,0,1,+5.000,+0.000,+5.000,+0.04642,-18.994,-0.00000,0.00,+0.00000,0,+0.00000,+0.00000,0.00000,-6.121,0,37.4,37.4
15.043152,3,1,0.241979,0.241979,0.2470,-0.00502,1,1,1,+0.92839,+0.89074,0.03849,340.33,+0.01559,+0.02116,0.00150,0.0232,0,1,0,1,+5.000,+0.000,+5.000,+0.04642,-18.994,-0.00000,0.00,+0.00000,0,+0.00000,+0.00000,0.00000,-6.121,0,37.4,37.4
15.047733,3,1,0.242025,0.242025,0.2470,-0.00498,1,1,1,+0.92839,+0.89074,0.03849,340.33,+0.01545,+0.02097,0.00149,0.0230,0,1,0,1,+5.000,+0.000,+5.000,+0.04657,-18.991,-0.00000,0.00,+0.00000,0,+0.00000,+0.00000,0.00000,-6.155,0,37.4,37.4
15.052242,3,1,0.242070,0.242070,0.2470,-0.00493,1,1,1,+0.92839,+0.89074,0.03849,340.33,+0.01531,+0.02078,0.00148,0.0228,0,1,0,1,+5.000,+0.000,+5.000,+0.04681,-18.988,-0.00000,0.00,+0.00000,0,+0.00000,+0.00000,0.00000,-6.211,0,37.4,37.4
15.056891,3,1,0.242115,0.242115,0.2470,-0.00488,1,1,1,+0.92839,+0.89074,0.03849,340.33,+0.01517,+0.02059,0.00146,0.0226,0,1,0,1,+5.000,+0.000,+5.000,+0.04681,-18.988,-0.00000,0.00,+0.00000,0,+0.00000,+0.00000,0.00000,-6.211,0,37.4,37.4
15.061874,3,1,0.242164,0.242164,0.2470,-0.00484,1,1,1,+0.92839,+0.89074,0.03849,340.33,+0.01502,+0.02039,0.00145,0.0224,0,1,0,1,+5.000,+0.000,+5.000,+0.04673,-18.983,-0.00000,0.00,+0.00000,0,+0.00000,+0.00000,0.00000,-6.191,0,37.4,37.4
15.066332,3,1,0.242207,0.242207,0.2470,-0.00479,1,1,1,+0.92839,+0.89074,0.03849,340.33,+0.01489,+0.02021,0.00144,0.0222,0,1,0,1,+5.000,+0.000,+5.000,+0.04673,-18.983,-0.00000,0.00,+0.00000,0,+0.00000,+0.00000,0.00000,-6.191,0,37.4,37.4
15.070858,3,1,0.242250,0.242250,0.2470,-0.00475,1,1,1,+0.92839,+0.89074,0.03849,340.33,+0.01475,+0.02002,0.00142,0.0220,0,1,0,1,+5.000,+0.000,+5.000,+0.04685,-18.980,-0.00000,0.00,+0.00000,0,+0.00000,+0.00000,0.00000,-6.220,0,37.4,37.4
15.075267,3,1,0.242292,0.242292,0.2470,-0.00471,1,1,1,+0.92839,+0.89074,0.03849,340.33,+0.01462,+0.01985,0.00141,0.0218,0,1,0,1,+5.000,+0.000,+5.000,+0.04685,-18.980,-0.00000,0.00,+0.00000,0,+0.00000,+0.00000,0.00000,-6.220,0,37.4,37.4
15.080468,3,1,0.242340,0.242340,0.2470,-0.00466,1,1,1,+0.92839,+0.89074,0.03849,340.33,+0.01447,+0.01964,0.00140,0.0216,0,1,0,1,+5.000,+0.000,+5.000,+0.04678,-18.975,-0.00000,0.00,+0.00000,0,+0.00000,+0.00000,0.00000,-6.204,0,37.4,37.4
15.085186,3,1,0.242384,0.242384,0.2470,-0.00462,1,1,1,+0.92839,+0.89074,0.03849,340.33,+0.01434,+0.01946,0.00138,0.0214,0,1,0,1,+5.000,+0.000,+5.000,+0.04678,-18.975,-0.00000,0.00,+0.00000,0,+0.00000,+0.00000,0.00000,-6.204,0,37.4,37.4
15.089724,3,1,0.242426,0.242426,0.2470,-0.00457,1,1,1,+0.92839,+0.89074,0.03849,340.33,+0.01421,+0.01928,0.00137,0.0212,0,1,0,1,+5.000,+0.000,+5.000,+0.04693,-18.972,-0.00000,0.00,+0.00000,0,+0.00000,+0.00000,0.00000,-6.238,0,37.4,37.4
15.107192,3,1,0.242583,0.242583,0.2470,-0.00442,1,1,1,+0.92839,+0.89074,0.03849,340.33,+0.01372,+0.01862,0.00132,0.0204,0,1,0,1,+5.000,+0.000,+5.000,+0.04693,-18.972,-0.00000,0.00,+0.00000,0,+0.00000,+0.00000,0.00000,-6.238,0,37.4,37.4
15.113260,3,1,0.242636,0.242636,0.2470,-0.00436,1,1,1,+0.92839,+0.89074,0.03849,340.33,+0.01355,+0.01840,0.00131,0.0202,0,1,0,1,+5.000,+0.000,+5.000,+0.04634,-18.959,-0.00000,0.00,+0.00000,0,+0.00000,+0.00000,0.00000,-6.103,0,37.4,37.4
15.119251,3,1,0.242653,0.242653,0.2470,-0.00435,1,0,1,+0.92839,+0.89074,0.03849,340.33,+0.00000,+0.00000,0.00000,0.0200,0,1,0,1,+5.000,+0.000,+5.000,+0.04634,-18.959,-0.00000,0.00,+0.00000,0,+0.00000,+0.00000,0.00000,-6.103,0,37.4,37.4
15.124815,3,1,0.242670,0.242670,0.2470,-0.00433,1,0,1,+0.92839,+0.89074,0.03849,340.33,+0.00000,+0.00000,0.00000,0.0197,0,1,0,1,+5.000,+0.000,+5.000,+0.04616,-18.954,-0.00000,0.00,+0.00000,0,+0.00000,+0.00000,0.00000,-6.062,0,37.4,37.4
15.130209,3,1,0.242685,0.242685,0.2470,-0.00431,1,0,1,+0.92839,+0.89074,0.03849,340.33,+0.00000,+0.00000,0.00000,0.0195,0,1,0,1,+5.000,+0.000,+5.000,+0.04634,-18.952,-0.00000,0.00,+0.00000,0,+0.00000,+0.00000,0.00000,-6.104,0,37.4,37.4
15.134929,3,1,0.242699,0.242699,0.2470,-0.00430,1,0,1,+0.92839,+0.89074,0.03849,340.33,+0.00000,+0.00000,0.00000,0.0193,0,1,0,1,+5.000,+0.000,+5.000,+0.04634,-18.952,-0.00000,0.00,+0.00000,0,+0.00000,+0.00000,0.00000,-6.104,0,37.4,37.4
15.139324,3,1,0.242711,0.242711,0.2470,-0.00429,1,0,1,+0.92839,+0.89074,0.03849,340.33,+0.00000,+0.00000,0.00000,0.0192,0,1,0,1,+5.000,+0.000,+5.000,+0.04642,-18.949,-0.00000,0.00,+0.00000,0,+0.00000,+0.00000,0.00000,-6.120,0,37.4,37.4
15.145326,3,1,0.242728,0.242728,0.2470,-0.00427,1,0,1,+0.92839,+0.89074,0.03849,340.33,+0.00000,+0.00000,0.00000,0.0189,0,1,0,1,+5.000,+0.000,+5.000,+0.04653,-18.946,-0.00000,0.00,+0.00000,0,+0.00000,+0.00000,0.00000,-6.147,0,37.4,37.4
15.150028,3,1,0.242742,0.242742,0.2470,-0.00426,1,0,1,+0.92839,+0.89074,0.03849,340.33,+0.00000,+0.00000,0.00000,0.0188,0,1,0,1,+5.000,+0.000,+5.000,+0.04653,-18.946,-0.00000,0.00,+0.00000,0,+0.00000,+0.00000,0.00000,-6.147,0,37.4,37.4
15.155454,3,1,0.242757,0.242757,0.2470,-0.00424,1,0,1,+0.92839,+0.89074,0.03849,340.33,+0.00000,+0.00000,0.00000,0.0186,0,1,0,1,+5.000,+0.000,+5.000,+0.04659,-18.943,-0.00000,0.00,+0.00000,0,+0.00000,+0.00000,0.00000,-6.160,0,37.4,37.4
15.160793,3,1,0.242772,0.242772,0.2470,-0.00423,1,0,1,+0.92839,+0.89074,0.03849,340.33,+0.00000,+0.00000,0.00000,0.0184,0,1,0,1,+5.000,+0.000,+5.000,+0.04659,-18.943,-0.00000,0.00,+0.00000,0,+0.00000,+0.00000,0.00000,-6.160,0,37.4,37.4
15.165200,3,1,0.242785,0.242785,0.2470,-0.00422,1,0,1,+0.92839,+0.89074,0.03849,340.33,+0.00000,+0.00000,0.00000,0.0182,0,1,0,1,+5.000,+0.000,+5.000,+0.04649,-18.939,-0.00000,0.00,+0.00000,0,+0.00000,+0.00000,0.00000,-6.137,0,37.4,37.4
15.169830,3,1,0.242798,0.242798,0.2470,-0.00420,1,0,1,+0.92839,+0.89074,0.03849,340.33,+0.00000,+0.00000,0.00000,0.0180,0,1,0,1,+5.000,+0.000,+5.000,+0.04649,-18.939,-0.00000,0.00,+0.00000,0,+0.00000,+0.00000,0.00000,-6.137,0,37.4,37.4
15.174365,3,1,0.242810,0.242810,0.2470,-0.00419,1,0,1,+0.92839,+0.89074,0.03849,340.33,+0.00000,+0.00000,0.00000,0.0179,0,1,0,1,+5.000,+0.000,+5.000,+0.04649,-18.935,-0.00000,0.00,+0.00000,0,+0.00000,+0.00000,0.00000,-6.136,0,37.4,37.4
15.179092,3,1,0.242823,0.242823,0.2470,-0.00418,1,0,1,+0.92839,+0.89074,0.03849,340.33,+0.00000,+0.00000,0.00000,0.0177,0,1,0,1,+5.000,+0.000,+5.000,+0.04678,-18.934,-0.00000,0.00,+0.00000,0,+0.00000,+0.00000,0.00000,-6.203,0,37.4,37.4
15.184622,3,1,0.242839,0.242839,0.2470,-0.00416,1,0,1,+0.92839,+0.89074,0.03849,340.33,+0.00000,+0.00000,0.00000,0.0175,0,1,0,1,+5.000,+0.000,+5.000,+0.04678,-18.934,-0.00000,0.00,+0.00000,0,+0.00000,+0.00000,0.00000,-6.203,0,37.4,37.4
15.189300,3,1,0.242852,0.242852,0.2470,-0.00415,1,0,1,+0.92839,+0.89074,0.03849,340.33,+0.00000,+0.00000,0.00000,0.0173,0,1,0,1,+5.000,+0.000,+5.000,+0.04678,-18.934,-0.00000,0.00,+0.00000,0,+0.00000,+0.00000,0.00000,-6.203,0,37.4,37.4
15.194001,3,1,0.242865,0.242865,0.2470,-0.00414,1,0,1,+0.92839,+0.89074,0.03849,340.33,+0.00000,+0.00000,0.00000,0.0172,0,1,0,1,+5.000,+0.000,+5.000,+0.04655,-18.929,-0.00000,0.00,+0.00000,0,+0.00000,+0.00000,0.00000,-6.151,0,37.4,37.4
15.200108,3,1,0.242882,0.242882,0.2470,-0.00412,1,0,1,+0.92839,+0.89074,0.03849,340.33,+0.00000,+0.00000,0.00000,0.0170,0,1,0,1,+5.000,+0.000,+5.000,+0.04687,-18.928,-0.00000,0.00,+0.00000,0,+0.00000,+0.00000,0.00000,-6.225,0,37.4,37.4
15.204649,3,1,0.242894,0.242894,0.2470,-0.00411,1,0,1,+0.92839,+0.89074,0.03849,340.33,+0.00000,+0.00000,0.00000,0.0168,0,1,0,1,+5.000,+0.000,+5.000,+0.04690,-18.925,-0.00000,0.00,+0.00000,0,+0.00000,+0.00000,0.00000,-6.230,0,37.4,37.4
15.209583,3,1,0.242907,0.242907,0.2470,-0.00409,1,0,1,+0.92839,+0.89074,0.03849,340.33,+0.00000,+0.00000,0.00000,0.0167,0,1,0,1,+5.000,+0.000,+5.000,+0.04690,-18.925,-0.00000,0.00,+0.00000,0,+0.00000,+0.00000,0.00000,-6.230,0,94.8,23.9
15.214298,3,1,0.242920,0.242920,0.2470,-0.00408,1,0,1,+0.92839,+0.89074,0.03849,340.33,+0.00000,+0.00000,0.00000,0.0165,0,1,0,1,+5.000,+0.000,+5.000,+0.04681,-18.921,-0.00000,0.00,+0.00000,0,+0.00000,+0.00000,0.00000,-6.211,0,94.8,23.9
15.218858,3,1,0.242933,0.242933,0.2470,-0.00407,1,0,1,+0.92839,+0.89074,0.03849,340.33,+0.00000,+0.00000,0.00000,0.0163,0,1,0,1,+5.000,+0.000,+5.000,+0.04681,-18.921,-0.00000,0.00,+0.00000,0,+0.00000,+0.00000,0.00000,-6.211,0,94.8,23.9
15.223510,3,1,0.242945,0.242945,0.2470,-0.00405,1,0,1,+0.92839,+0.89074,0.03849,340.33,+0.00000,+0.00000,0.00000,0.0162,0,1,0,1,+5.000,+0.000,+5.000,+0.04698,-18.919,-0.00000,0.00,+0.00000,0,+0.00000,+0.00000,0.00000,-6.249,0,94.8,23.9
15.228054,3,1,0.242958,0.242958,0.2470,-0.00404,1,0,1,+0.92839,+0.89074,0.03849,340.33,+0.00000,+0.00000,0.00000,0.0160,0,1,0,1,+5.000,+0.000,+5.000,+0.04698,-18.919,-0.00000,0.00,+0.00000,0,+0.00000,+0.00000,0.00000,-6.249,0,94.8,23.9
15.233016,3,1,0.242971,0.242971,0.2470,-0.00403,1,0,1,+0.92839,+0.89074,0.03849,340.33,+0.00000,+0.00000,0.00000,0.0159,0,1,0,1,+5.000,+0.000,+5.000,+0.04720,-18.918,-0.00000,0.00,+0.00000,0,+0.00000,+0.00000,0.00000,-6.301,0,94.8,23.9
15.238764,3,1,0.242986,0.242986,0.2470,-0.00401,1,0,1,+0.92839,+0.89074,0.03849,340.33,+0.00000,+0.00000,0.00000,0.0157,0,1,0,1,+5.000,+0.000,+5.000,+0.04713,-18.914,-0.00000,0.00,+0.00000,0,+0.00000,+0.00000,0.00000,-6.284,0,94.8,23.9
15.243170,3,1,0.242998,0.242998,0.2470,-0.00400,1,0,1,+0.92839,+0.89074,0.03849,340.33,+0.00000,+0.00000,0.00000,0.0156,0,1,0,1,+5.000,+0.000,+5.000,+0.04713,-18.914,-0.00000,0.00,+0.00000,0,+0.00000,+0.00000,0.00000,-6.284,0,94.8,23.9
15.247779,3,1,0.243010,0.243010,0.2470,-0.00399,1,0,1,+0.92839,+0.89074,0.03849,340.33,+0.00000,+0.00000,0.00000,0.0154,0,1,0,1,+5.000,+0.000,+5.000,+0.04713,-18.914,-0.00000,0.00,+0.00000,0,+0.00000,+0.00000,0.00000,-6.284,0,94.8,23.9
15.252356,3,1,0.243023,0.243023,0.2470,-0.00398,1,0,1,+0.92839,+0.89074,0.03849,340.33,+0.00000,+0.00000,0.00000,0.0153,0,1,0,1,+5.000,+0.000,+5.000,+0.04703,-18.911,-0.00000,0.00,+0.00000,0,+0.00000,+0.00000,0.00000,-6.261,0,94.8,23.9
15.256782,3,1,0.243034,0.243034,0.2470,-0.00397,1,0,1,+0.92839,+0.89074,0.03849,340.33,+0.00000,+0.00000,0.00000,0.0152,0,1,0,1,+5.000,+0.000,+5.000,+0.04703,-18.911,-0.00000,0.00,+0.00000,0,+0.00000,+0.00000,0.00000,-6.261,0,94.8,23.9
15.261250,3,1,0.243046,0.243046,0.2470,-0.00395,1,0,1,+0.92839,+0.89074,0.03849,340.33,+0.00000,+0.00000,0.00000,0.0150,0,1,0,1,+5.000,+0.000,+5.000,+0.04697,-18.907,-0.00000,0.00,+0.00000,0,+0.00000,+0.00000,0.00000,-6.248,0,94.8,23.9
15.265841,3,1,0.243058,0.243058,0.2470,-0.00394,1,0,1,+0.92839,+0.89074,0.03849,340.33,+0.00000,+0.00000,0.00000,0.0149,0,1,0,1,+5.000,+0.000,+5.000,+0.04712,-18.905,-0.00000,0.00,+0.00000,0,+0.00000,+0.00000,0.00000,-6.281,0,94.8,23.9
15.270420,3,1,0.243070,0.243070,0.2470,-0.00393,1,0,1,+0.92839,+0.89074,0.03849,340.33,+0.00000,+0.00000,0.00000,0.0147,0,1,0,1,+5.000,+0.000,+5.000,+0.04712,-18.905,-0.00000,0.00,+0.00000,0,+0.00000,+0.00000,0.00000,-6.281,0,94.8,23.9
15.275135,3,1,0.243082,0.243082,0.2470,-0.00392,1,0,1,+0.92839,+0.89074,0.03849,340.33,+0.00000,+0.00000,0.00000,0.0146,0,1,0,1,+5.000,+0.000,+5.000,+0.04712,-18.905,-0.00000,0.00,+0.00000,0,+0.00000,+0.00000,0.00000,-6.281,0,94.8,23.9
15.279663,3,1,0.243094,0.243094,0.2470,-0.00391,1,0,1,+0.92839,+0.89074,0.03849,340.33,+0.00000,+0.00000,0.00000,0.0145,0,1,0,1,+5.000,+0.000,+5.000,+0.04703,-18.902,-0.00000,0.00,+0.00000,0,+0.00000,+0.00000,0.00000,-6.260,0,94.8,23.9
15.284515,3,1,0.243107,0.243107,0.2470,-0.00389,1,0,1,+0.92839,+0.89074,0.03849,340.33,+0.00000,+0.00000,0.00000,0.0143,0,1,0,1,+5.000,+0.000,+5.000,+0.04699,-18.899,-0.00000,0.00,+0.00000,0,+0.00000,+0.00000,0.00000,-6.251,0,94.8,23.9
15.288841,3,1,0.243118,0.243118,0.2470,-0.00388,1,0,1,+0.92839,+0.89074,0.03849,340.33,+0.00000,+0.00000,0.00000,0.0142,0,1,0,1,+5.000,+0.000,+5.000,+0.04699,-18.899,-0.00000,0.00,+0.00000,0,+0.00000,+0.00000,0.00000,-6.251,0,94.8,23.9
15.293274,3,1,0.243130,0.243130,0.2470,-0.00387,1,0,1,+0.92839,+0.89074,0.03849,340.33,+0.00000,+0.00000,0.00000,0.0141,0,1,0,1,+5.000,+0.000,+5.000,+0.04701,-18.896,-0.00000,0.00,+0.00000,0,+0.00000,+0.00000,0.00000,-6.256,0,94.8,23.9
15.297597,3,1,0.243141,0.243141,0.2470,-0.00386,1,0,1,+0.92839,+0.89074,0.03849,340.33,+0.00000,+0.00000,0.00000,0.0140,0,1,0,1,+5.000,+0.000,+5.000,+0.04701,-18.896,-0.00000,0.00,+0.00000,0,+0.00000,+0.00000,0.00000,-6.256,0,94.8,23.9
15.301821,3,1,0.243152,0.243152,0.2470,-0.00385,1,0,1,+0.92839,+0.89074,0.03849,340.33,+0.00000,+0.00000,0.00000,0.0138,0,1,0,1,+5.000,+0.000,+5.000,+0.04701,-18.896,-0.00000,0.00,+0.00000,0,+0.00000,+0.00000,0.00000,-6.256,0,94.8,23.9
15.306620,3,1,0.243164,0.243164,0.2470,-0.00384,1,0,1,+0.92839,+0.89074,0.03849,340.33,+0.00000,+0.00000,0.00000,0.0137,0,1,0,1,+5.000,+0.000,+5.000,+0.04687,-18.892,-0.00000,0.00,+0.00000,0,+0.00000,+0.00000,0.00000,-6.223,0,94.8,23.9
15.311167,3,1,0.243175,0.243175,0.2470,-0.00382,1,0,1,+0.92839,+0.89074,0.03849,340.33,+0.00000,+0.00000,0.00000,0.0136,0,1,0,1,+5.000,+0.000,+5.000,+0.04700,-18.891,-0.00000,0.00,+0.00000,0,+0.00000,+0.00000,0.00000,-6.255,0,94.8,23.9
15.315710,3,1,0.243187,0.243187,0.2470,-0.00381,1,0,1,+0.92839,+0.89074,0.03849,340.33,+0.00000,+0.00000,0.00000,0.0135,0,1,0,1,+5.000,+0.000,+5.000,+0.04700,-18.891,-0.00000,0.00,+0.00000,0,+0.00000,+0.00000,0.00000,-6.255,0,94.8,23.9
15.320193,3,1,0.243198,0.243198,0.2470,-0.00380,1,0,1,+0.92839,+0.89074,0.03849,340.33,+0.00000,+0.00000,0.00000,0.0133,0,1,0,1,+5.000,+0.000,+5.000,+0.04711,-18.889,-0.00000,0.00,+0.00000,0,+0.00000,+0.00000,0.00000,-6.279,0,94.8,23.9
15.324849,3,1,0.243210,0.243210,0.2470,-0.00379,1,0,1,+0.92839,+0.89074,0.03849,340.33,+0.00000,+0.00000,0.00000,0.0132,0,1,0,1,+5.000,+0.000,+5.000,+0.04711,-18.889,-0.00000,0.00,+0.00000,0,+0.00000,+0.00000,0.00000,-6.279,0,94.8,23.9
15.329269,3,1,0.243221,0.243221,0.2470,-0.00378,1,0,1,+0.92839,+0.89074,0.03849,340.33,+0.00000,+0.00000,0.00000,0.0131,0,1,0,1,+5.000,+0.000,+5.000,+0.04716,-18.887,-0.00000,0.00,+0.00000,0,+0.00000,+0.00000,0.00000,-6.292,0,94.8,23.9
15.334146,3,1,0.243234,0.243234,0.2470,-0.00377,1,0,1,+0.92839,+0.89074,0.03849,340.33,+0.00000,+0.00000,0.00000,0.0130,0,1,0,1,+5.000,+0.000,+5.000,+0.04716,-18.887,-0.00000,0.00,+0.00000,0,+0.00000,+0.00000,0.00000,-6.292,0,94.8,23.9
15.338658,3,1,0.243245,0.243245,0.2470,-0.00376,1,0,1,+0.92839,+0.89074,0.03849,340.33,+0.00000,+0.00000,0.00000,0.0129,0,1,0,1,+5.000,+0.000,+5.000,+0.04712,-18.884,-0.00000,0.00,+0.00000,0,+0.00000,+0.00000,0.00000,-6.282,0,94.8,23.9
15.343410,3,1,0.243257,0.243257,0.2470,-0.00374,1,0,1,+0.92839,+0.89074,0.03849,340.33,+0.00000,+0.00000,0.00000,0.0127,0,1,0,1,+5.000,+0.000,+5.000,+0.04712,-18.884,-0.00000,0.00,+0.00000,0,+0.00000,+0.00000,0.00000,-6.282,0,94.8,23.9
15.347956,3,1,0.243268,0.243268,0.2470,-0.00373,1,0,1,+0.92839,+0.89074,0.03849,340.33,+0.00000,+0.00000,0.00000,0.0126,0,1,0,1,+5.000,+0.000,+5.000,+0.04725,-18.883,-0.00000,0.00,+0.00000,0,+0.00000,+0.00000,0.00000,-6.312,0,94.8,23.9
15.352234,3,1,0.243279,0.243279,0.2470,-0.00372,1,0,1,+0.92839,+0.89074,0.03849,340.33,+0.00000,+0.00000,0.00000,0.0125,0,1,0,1,+5.000,+0.000,+5.000,+0.04725,-18.883,-0.00000,0.00,+0.00000,0,+0.00000,+0.00000,0.00000,-6.312,0,94.8,23.9
15.356936,3,1,0.243290,0.243290,0.2470,-0.00371,1,0,1,+0.92839,+0.89074,0.03849,340.33,+0.00000,+0.00000,0.00000,0.0124,0,1,0,1,+5.000,+0.000,+5.000,+0.04733,-18.881,-0.00000,0.00,+0.00000,0,+0.00000,+0.00000,0.00000,-6.330,0,94.8,23.9
15.361479,3,1,0.243302,0.243302,0.2470,-0.00370,1,0,1,+0.92839,+0.89074,0.03849,340.33,+0.00000,+0.00000,0.00000,0.0123,0,1,0,1,+5.000,+0.000,+5.000,+0.04733,-18.881,-0.00000,0.00,+0.00000,0,+0.00000,+0.00000,0.00000,-6.330,0,94.8,23.9
15.366775,3,1,0.243315,0.243315,0.2470,-0.00369,1,0,1,+0.92839,+0.89074,0.03849,340.33,+0.00000,+0.00000,0.00000,0.0122,0,1,0,1,+5.000,+0.000,+5.000,+0.04730,-18.878,-0.00000,0.00,+0.00000,0,+0.00000,+0.00000,0.00000,-6.324,0,94.8,23.9
15.373122,3,1,0.243330,0.243330,0.2470,-0.00367,1,0,1,+0.92839,+0.89074,0.03849,340.33,+0.00000,+0.00000,0.00000,0.0120,0,1,0,1,+5.000,+0.000,+5.000,+0.04739,-18.877,-0.00000,0.00,+0.00000,0,+0.00000,+0.00000,0.00000,-6.343,0,94.8,23.9
15.377621,3,1,0.243341,0.243341,0.2470,-0.00366,1,0,1,+0.92839,+0.89074,0.03849,340.33,+0.00000,+0.00000,0.00000,0.0119,0,1,0,1,+5.000,+0.000,+5.000,+0.04739,-18.877,-0.00000,0.00,+0.00000,0,+0.00000,+0.00000,0.00000,-6.343,0,94.8,23.9
15.382159,3,1,0.243352,0.243352,0.2470,-0.00365,1,0,1,+0.92839,+0.89074,0.03849,340.33,+0.00000,+0.00000,0.00000,0.0118,0,1,0,1,+5.000,+0.000,+5.000,+0.04738,-18.874,-0.00000,0.00,+0.00000,0,+0.00000,+0.00000,0.00000,-6.340,0,94.8,23.9
15.386567,3,1,0.243363,0.243363,0.2470,-0.00364,1,0,1,+0.92839,+0.89074,0.03849,340.33,+0.00000,+0.00000,0.00000,0.0117,0,1,0,1,+5.000,+0.000,+5.000,+0.04738,-18.874,-0.00000,0.00,+0.00000,0,+0.00000,+0.00000,0.00000,-6.340,0,94.8,23.9
15.391083,3,1,0.243374,0.243374,0.2470,-0.00363,1,0,1,+0.92839,+0.89074,0.03849,340.33,+0.00000,+0.00000,0.00000,0.0116,0,1,0,1,+5.000,+0.000,+5.000,+0.04741,-18.872,-0.00000,0.00,+0.00000,0,+0.00000,+0.00000,0.00000,-6.349,0,94.8,23.9
15.395300,3,1,0.243384,0.243384,0.2470,-0.00362,1,0,1,+0.92839,+0.89074,0.03849,340.33,+0.00000,+0.00000,0.00000,0.0115,0,1,0,1,+5.000,+0.000,+5.000,+0.04741,-18.872,-0.00000,0.00,+0.00000,0,+0.00000,+0.00000,0.00000,-6.349,0,94.8,23.9
15.399855,3,1,0.243395,0.243395,0.2470,-0.00360,1,0,1,+0.92839,+0.89074,0.03849,340.33,+0.00000,+0.00000,0.00000,0.0114,0,1,0,1,+5.000,+0.000,+5.000,+0.04751,-18.871,-0.00000,0.00,+0.00000,0,+0.00000,+0.00000,0.00000,-6.371,0,94.8,23.9
15.407012,3,1,0.243412,0.243412,0.2470,-0.00359,1,0,1,+0.92839,+0.89074,0.03849,340.33,+0.00000,+0.00000,0.00000,0.0112,0,1,0,1,+5.000,+0.000,+5.000,+0.04738,-18.867,-0.00000,0.00,+0.00000,0,+0.00000,+0.00000,0.00000,-6.342,0,94.8,23.9
15.411417,3,1,0.243423,0.243423,0.2470,-0.00358,1,0,1,+0.92839,+0.89074,0.03849,340.33,+0.00000,+0.00000,0.00000,0.0111,0,1,0,1,+5.000,+0.000,+5.000,+0.04738,-18.867,-0.00000,0.00,+0.00000,0,+0.00000,+0.00000,0.00000,-6.342,0,94.8,23.9
15.415602,3,1,0.243433,0.243433,0.2470,-0.00357,1,0,1,+0.92839,+0.89074,0.03849,340.33,+0.00000,+0.00000,0.00000,0.0110,0,1,0,1,+5.000,+0.000,+5.000,+0.04738,-18.867,-0.00000,0.00,+0.00000,0,+0.00000,+0.00000,0.00000,-6.342,0,94.8,23.9
15.419925,3,1,0.243443,0.243443,0.2470,-0.00356,1,0,1,+0.92839,+0.89074,0.03849,340.33,+0.00000,+0.00000,0.00000,0.0109,0,1,0,1,+5.000,+0.000,+5.000,+0.04720,-18.864,-0.00000,0.00,+0.00000,0,+0.00000,+0.00000,0.00000,-6.301,0,94.8,23.9
15.424771,3,1,0.243454,0.243454,0.2470,-0.00355,1,0,1,+0.92839,+0.89074,0.03849,340.33,+0.00000,+0.00000,0.00000,0.0108,0,1,0,1,+5.000,+0.000,+5.000,+0.04742,-18.863,-0.00000,0.00,+0.00000,0,+0.00000,+0.00000,0.00000,-6.350,0,94.8,23.9
15.429292,3,1,0.243465,0.243465,0.2470,-0.00353,1,0,1,+0.92839,+0.89074,0.03849,340.33,+0.00000,+0.00000,0.00000,0.0107,0,1,0,1,+5.000,+0.000,+5.000,+0.04742,-18.863,-0.00000,0.00,+0.00000,0,+0.00000,+0.00000,0.00000,-6.350,0,94.8,23.9
15.433878,3,1,0.243476,0.243476,0.2470,-0.00352,1,0,1,+0.92839,+0.89074,0.03849,340.33,+0.00000,+0.00000,0.00000,0.0106,0,1,0,1,+5.000,+0.000,+5.000,+0.04745,-18.861,-0.00000,0.00,+0.00000,0,+0.00000,+0.00000,0.00000,-6.356,0,94.8,23.9
15.438397,3,1,0.243486,0.243486,0.2470,-0.00351,1,0,1,+0.92839,+0.89074,0.03849,340.33,+0.00000,+0.00000,0.00000,0.0105,0,1,0,1,+5.000,+0.000,+5.000,+0.04745,-18.861,-0.00000,0.00,+0.00000,0,+0.00000,+0.00000,0.00000,-6.356,0,94.8,23.9
15.442990,3,1,0.243497,0.243497,0.2470,-0.00350,1,0,1,+0.92839,+0.89074,0.03849,340.33,+0.00000,+0.00000,0.00000,0.0104,0,1,0,1,+5.000,+0.000,+5.000,+0.04724,-18.858,-0.00000,0.00,+0.00000,0,+0.00000,+0.00000,0.00000,-6.309,0,94.8,23.9
15.447546,3,1,0.243508,0.243508,0.2470,-0.00349,1,0,1,+0.92839,+0.89074,0.03849,340.33,+0.00000,+0.00000,0.00000,0.0103,0,1,0,1,+5.000,+0.000,+5.000,+0.04724,-18.858,-0.00000,0.00,+0.00000,0,+0.00000,+0.00000,0.00000,-6.309,0,94.8,23.9
15.452065,3,1,0.243518,0.243518,0.2470,-0.00348,1,0,1,+0.92839,+0.89074,0.03849,340.33,+0.00000,+0.00000,0.00000,0.0103,0,1,0,1,+5.000,+0.000,+5.000,+0.04741,-18.857,-0.00000,0.00,+0.00000,0,+0.00000,+0.00000,0.00000,-6.348,0,94.8,23.9
15.456619,3,1,0.243529,0.243529,0.2470,-0.00347,1,0,1,+0.92839,+0.89074,0.03849,340.33,+0.00000,+0.00000,0.00000,0.0102,0,1,0,1,+5.000,+0.000,+5.000,+0.04741,-18.857,-0.00000,0.00,+0.00000,0,+0.00000,+0.00000,0.00000,-6.348,0,94.8,23.9
15.461180,3,1,0.243539,0.243539,0.2470,-0.00346,1,0,1,+0.92839,+0.89074,0.03849,340.33,+0.00000,+0.00000,0.00000,0.0101,0,1,0,1,+5.000,+0.000,+5.000,+0.04755,-18.856,-0.00000,0.00,+0.00000,0,+0.00000,+0.00000,0.00000,-6.380,0,94.8,23.9
15.468141,3,1,0.243555,0.243555,0.2470,-0.00344,1,0,1,+0.92839,+0.89074,0.03849,340.33,+0.00000,+0.00000,0.00000,0.0099,0,1,0,1,+5.000,+0.000,+5.000,+0.04755,-18.856,-0.00000,0.00,+0.00000,0,+0.00000,+0.00000,0.00000,-6.380,0,94.8,23.9
15.473286,3,1,0.243567,0.243567,0.2470,-0.00343,1,0,1,+0.92839,+0.89074,0.03849,340.33,+0.00000,+0.00000,0.00000,0.0098,0,1,0,1,+5.000,+0.000,+5.000,+0.04726,-18.852,-0.00000,0.00,+0.00000,0,+0.00000,+0.00000,0.00000,-6.314,0,94.8,23.9
15.481284,3,1,0.243586,0.243586,0.2470,-0.00341,1,0,1,+0.92839,+0.89074,0.03849,340.33,+0.00000,+0.00000,0.00000,0.0097,0,1,0,1,+5.000,+0.000,+5.000,+0.04708,-18.849,-0.00000,0.00,+0.00000,0,+0.00000,+0.00000,0.00000,-6.273,0,94.8,23.9
15.485851,3,1,0.243596,0.243596,0.2470,-0.00340,1,0,1,+0.92839,+0.89074,0.03849,340.33,+0.00000,+0.00000,0.00000,0.0096,0,1,0,1,+5.000,+0.000,+5.000,+0.04708,-18.849,-0.00000,0.00,+0.00000,0,+0.00000,+0.00000,0.00000,-6.273,0,94.8,23.9
15.490379,3,1,0.243606,0.243606,0.2470,-0.00339,1,0,1,+0.92839,+0.89074,0.03849,340.33,+0.00000,+0.00000,0.00000,0.0095,0,1,0,1,+5.000,+0.000,+5.000,+0.04733,-18.849,-0.00000,0.00,+0.00000,0,+0.00000,+0.00000,0.00000,-6.330,0,94.8,23.9
15.495413,3,1,0.243618,0.243618,0.2470,-0.00338,1,0,1,+0.92839,+0.89074,0.03849,340.33,+0.00000,+0.00000,0.00000,0.0094,0,1,0,1,+5.000,+0.000,+5.000,+0.04747,-18.848,-0.00000,0.00,+0.00000,0,+0.00000,+0.00000,0.00000,-6.363,0,94.8,23.9
15.499987,3,1,0.243628,0.243628,0.2470,-0.00337,1,0,1,+0.92839,+0.89074,0.03849,340.33,+0.00000,+0.00000,0.00000,0.0093,0,1,0,1,+5.000,+0.000,+5.000,+0.04747,-18.848,-0.00000,0.00,+0.00000,0,+0.00000,+0.00000,0.00000,-6.363,0,94.8,23.9
15.504204,3,1,0.243637,0.243637,0.2470,-0.00336,1,0,1,+0.92839,+0.89074,0.03849,340.33,+0.00000,+0.00000,0.00000,0.0092,0,1,0,1,+5.000,+0.000,+5.000,+0.04755,-18.847,-0.00000,0.00,+0.00000,0,+0.00000,+0.00000,0.00000,-6.381,0,94.8,23.9
15.508744,3,1,0.243647,0.243647,0.2470,-0.00335,1,0,1,+0.92839,+0.89074,0.03849,340.33,+0.00000,+0.00000,0.00000,0.0092,0,1,0,1,+5.000,+0.000,+5.000,+0.04755,-18.847,-0.00000,0.00,+0.00000,0,+0.00000,+0.00000,0.00000,-6.381,0,94.8,23.9
15.513299,3,1,0.243658,0.243658,0.2470,-0.00334,1,0,1,+0.92839,+0.89074,0.03849,340.33,+0.00000,+0.00000,0.00000,0.0091,0,1,0,1,+5.000,+0.000,+5.000,+0.04751,-18.845,-0.00000,0.00,+0.00000,0,+0.00000,+0.00000,0.00000,-6.372,0,94.8,23.9
15.517637,3,1,0.243667,0.243667,0.2470,-0.00333,1,0,1,+0.92839,+0.89074,0.03849,340.33,+0.00000,+0.00000,0.00000,0.0090,0,1,0,1,+5.000,+0.000,+5.000,+0.04751,-18.845,-0.00000,0.00,+0.00000,0,+0.00000,+0.00000,0.00000,-6.372,0,94.8,23.9
15.522717,3,1,0.243679,0.243679,0.2470,-0.00332,1,0,1,+0.92839,+0.89074,0.03849,340.33,+0.00000,+0.00000,0.00000,0.0089,0,1,0,1,+5.000,+0.000,+5.000,+0.04758,-18.843,-0.00000,0.00,+0.00000,0,+0.00000,+0.00000,0.00000,-6.388,0,94.8,23.9
15.527453,3,1,0.243689,0.243689,0.2470,-0.00331,1,0,1,+0.92839,+0.89074,0.03849,340.33,+0.00000,+0.00000,0.00000,0.0088,0,1,0,1,+5.000,+0.000,+5.000,+0.04758,-18.843,-0.00000,0.00,+0.00000,0,+0.00000,+0.00000,0.00000,-6.388,0,94.8,23.9
15.531866,3,1,0.243699,0.243699,0.2470,-0.00330,1,0,1,+0.92839,+0.89074,0.03849,340.33,+0.00000,+0.00000,0.00000,0.0087,0,1,0,1,+5.000,+0.000,+5.000,+0.04752,-18.841,-0.00000,0.00,+0.00000,0,+0.00000,+0.00000,0.00000,-6.373,0,94.8,23.9
15.536734,3,1,0.243709,0.243709,0.2470,-0.00329,1,0,1,+0.92839,+0.89074,0.03849,340.33,+0.00000,+0.00000,0.00000,0.0087,0,1,0,1,+5.000,+0.000,+5.000,+0.04752,-18.841,-0.00000,0.00,+0.00000,0,+0.00000,+0.00000,0.00000,-6.373,0,94.8,23.9
15.541553,3,1,0.243720,0.243720,0.2470,-0.00328,1,0,1,+0.92839,+0.89074,0.03849,340.33,+0.00000,+0.00000,0.00000,0.0086,0,1,0,1,+5.000,+0.000,+5.000,+0.04760,-18.840,-0.00000,0.00,+0.00000,0,+0.00000,+0.00000,0.00000,-6.392,0,94.8,23.9
15.546106,3,1,0.243730,0.243730,0.2470,-0.00327,1,0,1,+0.92839,+0.89074,0.03849,340.33,+0.00000,+0.00000,0.00000,0.0085,0,1,0,1,+5.000,+0.000,+5.000,+0.04760,-18.840,-0.00000,0.00,+0.00000,0,+0.00000,+0.00000,0.00000,-6.392,0,94.8,23.9
15.550763,3,1,0.243740,0.243740,0.2470,-0.00326,1,0,1,+0.92839,+0.89074,0.03849,340.33,+0.00000,+0.00000,0.00000,0.0084,0,1,0,1,+5.000,+0.000,+5.000,+0.04748,-18.838,-0.00000,0.00,+0.00000,0,+0.00000,+0.00000,0.00000,-6.364,0,94.8,23.9
15.555219,3,1,0.243750,0.243750,0.2470,-0.00325,1,0,1,+0.92839,+0.89074,0.03849,340.33,+0.00000,+0.00000,0.00000,0.0083,0,1,0,1,+5.000,+0.000,+5.000,+0.04770,-18.838,-0.00000,0.00,+0.00000,0,+0.00000,+0.00000,0.00000,-6.415,0,94.8,23.9
15.559788,3,1,0.243760,0.243760,0.2470,-0.00324,1,0,1,+0.92839,+0.89074,0.03849,340.33,+0.00000,+0.00000,0.00000,0.0083,0,1,0,1,+5.000,+0.000,+5.000,+0.04770,-18.838,-0.00000,0.00,+0.00000,0,+0.00000,+0.00000,0.00000,-6.415,0,94.8,23.9
15.564596,3,1,0.243770,0.243770,0.2470,-0.00323,1,0,1,+0.92839,+0.89074,0.03849,340.33,+0.00000,+0.00000,0.00000,0.0082,0,1,0,1,+5.000,+0.000,+5.000,+0.04779,-18.837,-0.00000,0.00,+0.00000,0,+0.00000,+0.00000,0.00000,-6.435,0,94.8,23.9
15.568888,3,1,0.243779,0.243779,0.2470,-0.00322,1,0,1,+0.92839,+0.89074,0.03849,340.33,+0.00000,+0.00000,0.00000,0.0081,0,1,0,1,+5.000,+0.000,+5.000,+0.04779,-18.837,-0.00000,0.00,+0.00000,0,+0.00000,+0.00000,0.00000,-6.435,0,94.8,23.9
15.574452,3,1,0.243791,0.243791,0.2470,-0.00321,1,0,1,+0.92839,+0.89074,0.03849,340.33,+0.00000,+0.00000,0.00000,0.0080,0,1,0,1,+5.000,+0.000,+5.000,+0.04779,-18.835,-0.00000,0.00,+0.00000,0,+0.00000,+0.00000,0.00000,-6.434,0,94.8,23.9
15.579331,3,1,0.243802,0.243802,0.2470,-0.00320,1,0,1,+0.92839,+0.89074,0.03849,340.33,+0.00000,+0.00000,0.00000,0.0079,0,1,0,1,+5.000,+0.000,+5.000,+0.04779,-18.835,-0.00000,0.00,+0.00000,0,+0.00000,+0.00000,0.00000,-6.434,0,94.8,23.9
15.583880,3,1,0.243811,0.243811,0.2470,-0.00319,1,0,1,+0.92839,+0.89074,0.03849,340.33,+0.00000,+0.00000,0.00000,0.0079,0,1,0,1,+5.000,+0.000,+5.000,+0.04782,-18.834,-0.00000,0.00,+0.00000,0,+0.00000,+0.00000,0.00000,-6.443,0,94.8,23.9
15.588438,3,1,0.243821,0.243821,0.2470,-0.00318,1,0,1,+0.92839,+0.89074,0.03849,340.33,+0.00000,+0.00000,0.00000,0.0078,0,1,0,1,+5.000,+0.000,+5.000,+0.04782,-18.834,-0.00000,0.00,+0.00000,0,+0.00000,+0.00000,0.00000,-6.443,0,94.8,23.9
15.593116,3,1,0.243831,0.243831,0.2470,-0.00317,1,0,1,+0.92839,+0.89074,0.03849,340.33,+0.00000,+0.00000,0.00000,0.0077,0,1,0,1,+5.000,+0.000,+5.000,+0.04772,-18.831,-0.00000,0.00,+0.00000,0,+0.00000,+0.00000,0.00000,-6.420,0,94.8,23.9
15.597405,3,1,0.243840,0.243840,0.2470,-0.00316,1,0,1,+0.92839,+0.89074,0.03849,340.33,+0.00000,+0.00000,0.00000,0.0077,0,1,0,1,+5.000,+0.000,+5.000,+0.04795,-18.831,-0.00000,0.00,+0.00000,0,+0.00000,+0.00000,0.00000,-6.471,0,94.8,23.9
15.603277,3,1,0.243852,0.243852,0.2470,-0.00315,1,0,1,+0.92839,+0.89074,0.03849,340.33,+0.00000,+0.00000,0.00000,0.0076,0,1,0,1,+5.000,+0.000,+5.000,+0.04795,-18.831,-0.00000,0.00,+0.00000,0,+0.00000,+0.00000,0.00000,-6.471,0,94.8,23.9
15.608220,3,1,0.243863,0.243863,0.2470,-0.00314,1,0,1,+0.92839,+0.89074,0.03849,340.33,+0.00000,+0.00000,0.00000,0.0075,0,1,0,1,+5.000,+0.000,+5.000,+0.04763,-18.827,-0.00000,0.00,+0.00000,0,+0.00000,+0.00000,0.00000,-6.399,0,94.8,23.9
15.612607,3,1,0.243872,0.243872,0.2470,-0.00313,1,0,1,+0.92839,+0.89074,0.03849,340.33,+0.00000,+0.00000,0.00000,0.0074,0,1,0,1,+5.000,+0.000,+5.000,+0.04763,-18.827,-0.00000,0.00,+0.00000,0,+0.00000,+0.00000,0.00000,-6.399,0,94.8,23.9
15.617110,3,1,0.243881,0.243881,0.2470,-0.00312,1,0,1,+0.92839,+0.89074,0.03849,340.33,+0.00000,+0.00000,0.00000,0.0074,0,1,0,1,+5.000,+0.000,+5.000,+0.04776,-18.827,-0.00000,0.00,+0.00000,0,+0.00000,+0.00000,0.00000,-6.429,0,94.8,23.9
15.621667,3,1,0.243891,0.243891,0.2470,-0.00311,1,0,1,+0.92839,+0.89074,0.03849,340.33,+0.00000,+0.00000,0.00000,0.0073,0,1,0,1,+5.000,+0.000,+5.000,+0.04776,-18.827,-0.00000,0.00,+0.00000,0,+0.00000,+0.00000,0.00000,-6.429,0,94.8,23.9
15.626341,3,1,0.243900,0.243900,0.2470,-0.00310,1,0,1,+0.92839,+0.89074,0.03849,340.33,+0.00000,+0.00000,0.00000,0.0072,0,1,0,1,+5.000,+0.000,+5.000,+0.04776,-18.827,-0.00000,0.00,+0.00000,0,+0.00000,+0.00000,0.00000,-6.429,0,94.8,23.9
15.630910,3,1,0.243910,0.243910,0.2470,-0.00309,1,0,1,+0.92839,+0.89074,0.03849,340.33,+0.00000,+0.00000,0.00000,0.0072,0,1,0,1,+5.000,+0.000,+5.000,+0.04751,-18.824,-0.00000,0.00,+0.00000,0,+0.00000,+0.00000,0.00000,-6.372,0,94.8,23.9
15.635694,3,1,0.243920,0.243920,0.2470,-0.00308,1,0,1,+0.92839,+0.89074,0.03849,340.33,+0.00000,+0.00000,0.00000,0.0071,0,1,0,1,+5.000,+0.000,+5.000,+0.04770,-18.824,-0.00000,0.00,+0.00000,0,+0.00000,+0.00000,0.00000,-6.414,0,94.8,23.9
15.645444,3,1,0.243939,0.243939,0.2470,-0.00306,1,0,1,+0.92839,+0.89074,0.03849,340.33,+0.00000,+0.00000,0.00000,0.0070,0,1,0,1,+5.000,+0.000,+5.000,+0.04756,-18.821,-0.00000,0.00,+0.00000,0,+0.00000,+0.00000,0.00000,-6.382,0,94.8,23.9
15.650046,3,1,0.243949,0.243949,0.2470,-0.00305,1,0,1,+0.92839,+0.89074,0.03849,340.33,+0.00000,+0.00000,0.00000,0.0069,0,1,0,1,+5.000,+0.000,+5.000,+0.04756,-18.821,-0.00000,0.00,+0.00000,0,+0.00000,+0.00000,0.00000,-6.382,0,94.8,23.9
15.654567,3,1,0.243958,0.243958,0.2470,-0.00304,1,0,1,+0.92839,+0.89074,0.03849,340.33,+0.00000,+0.00000,0.00000,0.0068,0,1,0,1,+5.000,+0.000,+5.000,+0.04756,-18.820,-0.00000,0.00,+0.00000,0,+0.00000,+0.00000,0.00000,-6.384,0,94.8,23.9
15.659100,3,1,0.243967,0.243967,0.2470,-0.00303,1,0,1,+0.92839,+0.89074,0.03849,340.33,+0.00000,+0.00000,0.00000,0.0068,0,1,0,1,+5.000,+0.000,+5.000,+0.04756,-18.820,-0.00000,0.00,+0.00000,0,+0.00000,+0.00000,0.00000,-6.384,0,94.8,23.9
15.663912,3,1,0.243977,0.243977,0.2470,-0.00302,1,0,1,+0.92839,+0.89074,0.03849,340.33,+0.00000,+0.00000,0.00000,0.0067,0,1,0,1,+5.000,+0.000,+5.000,+0.04745,-18.818,-0.00000,0.00,+0.00000,0,+0.00000,+0.00000,0.00000,-6.357,0,94.8,23.9
15.669533,3,1,0.243988,0.243988,0.2470,-0.00301,1,0,1,+0.92839,+0.89074,0.03849,340.33,+0.00000,+0.00000,0.00000,0.0066,0,1,0,1,+5.000,+0.000,+5.000,+0.04745,-18.818,-0.00000,0.00,+0.00000,0,+0.00000,+0.00000,0.00000,-6.357,0,94.8,23.9
15.674059,3,1,0.243997,0.243997,0.2470,-0.00300,1,0,1,+0.92839,+0.89074,0.03849,340.33,+0.00000,+0.00000,0.00000,0.0066,0,1,0,1,+5.000,+0.000,+5.000,+0.04742,-18.816,-0.00000,0.00,+0.00000,0,+0.00000,+0.00000,0.00000,-6.351,0,94.8,23.9
15.678713,3,1,0.244007,0.244007,0.2470,-0.00299,1,0,1,+0.92839,+0.89074,0.03849,340.33,+0.00000,+0.00000,0.00000,0.0065,0,1,0,1,+5.000,+0.000,+5.000,+0.04742,-18.816,-0.00000,0.00,+0.00000,0,+0.00000,+0.00000,0.00000,-6.351,0,94.8,23.9
15.683097,3,1,0.244015,0.244015,0.2470,-0.00298,1,0,1,+0.92839,+0.89074,0.03849,340.33,+0.00000,+0.00000,0.00000,0.0065,0,1,0,1,+5.000,+0.000,+5.000,+0.04757,-18.816,-0.00000,0.00,+0.00000,0,+0.00000,+0.00000,0.00000,-6.386,0,94.8,23.9
15.687513,3,1,0.244024,0.244024,0.2470,-0.00298,1,0,1,+0.92839,+0.89074,0.03849,340.33,+0.00000,+0.00000,0.00000,0.0064,0,1,0,1,+5.000,+0.000,+5.000,+0.04757,-18.816,-0.00000,0.00,+0.00000,0,+0.00000,+0.00000,0.00000,-6.386,0,94.8,23.9
15.691970,3,1,0.244033,0.244033,0.2470,-0.00297,1,0,1,+0.92839,+0.89074,0.03849,340.33,+0.00000,+0.00000,0.00000,0.0063,0,1,0,1,+5.000,+0.000,+5.000,+0.04753,-18.815,-0.00000,0.00,+0.00000,0,+0.00000,+0.00000,0.00000,-6.375,0,94.8,23.9
15.697335,3,1,0.244044,0.244044,0.2470,-0.00296,1,0,1,+0.92839,+0.89074,0.03849,340.33,+0.00000,+0.00000,0.00000,0.0063,0,1,0,1,+5.000,+0.000,+5.000,+0.04757,-18.814,-0.00000,0.00,+0.00000,0,+0.00000,+0.00000,0.00000,-6.385,0,94.8,23.9
15.701702,3,1,0.244052,0.244052,0.2470,-0.00295,1,0,1,+0.92839,+0.89074,0.03849,340.33,+0.00000,+0.00000,0.00000,0.0062,0,1,0,1,+5.000,+0.000,+5.000,+0.04757,-18.814,-0.00000,0.00,+0.00000,0,+0.00000,+0.00000,0.00000,-6.385,0,94.8,23.9
15.707083,3,1,0.244063,0.244063,0.2470,-0.00294,1,0,1,+0.92839,+0.89074,0.03849,340.33,+0.00000,+0.00000,0.00000,0.0062,0,1,0,1,+5.000,+0.000,+5.000,+0.04748,-18.812,-0.00000,0.00,+0.00000,0,+0.00000,+0.00000,0.00000,-6.365,0,94.8,23.9
15.711466,3,1,0.244071,0.244071,0.2470,-0.00293,1,0,1,+0.92839,+0.89074,0.03849,340.33,+0.00000,+0.00000,0.00000,0.0061,0,1,0,1,+5.000,+0.000,+5.000,+0.04748,-18.812,-0.00000,0.00,+0.00000,0,+0.00000,+0.00000,0.00000,-6.365,0,94.8,23.9
15.716016,3,1,0.244080,0.244080,0.2470,-0.00292,1,0,1,+0.92839,+0.89074,0.03849,340.33,+0.00000,+0.00000,0.00000,0.0060,0,1,0,1,+5.000,+0.000,+5.000,+0.04758,-18.811,-0.00000,0.00,+0.00000,0,+0.00000,+0.00000,0.00000,-6.386,0,94.8,23.9
15.720551,3,1,0.244089,0.244089,0.2470,-0.00291,1,0,1,+0.92839,+0.89074,0.03849,340.33,+0.00000,+0.00000,0.00000,0.0060,0,1,0,1,+5.000,+0.000,+5.000,+0.04758,-18.811,-0.00000,0.00,+0.00000,0,+0.00000,+0.00000,0.00000,-6.386,0,94.8,23.9
15.725140,3,1,0.244098,0.244098,0.2470,-0.00290,1,0,1,+0.92839,+0.89074,0.03849,340.33,+0.00000,+0.00000,0.00000,0.0059,0,1,0,1,+5.000,+0.000,+5.000,+0.04769,-18.811,-0.00000,0.00,+0.00000,0,+0.00000,+0.00000,0.00000,-6.412,0,94.8,23.9
15.729656,3,1,0.244107,0.244107,0.2470,-0.00289,1,0,1,+0.92839,+0.89074,0.03849,340.33,+0.00000,+0.00000,0.00000,0.0059,0,1,0,1,+5.000,+0.000,+5.000,+0.04769,-18.811,-0.00000,0.00,+0.00000,0,+0.00000,+0.00000,0.00000,-6.412,0,94.8,23.9
15.734199,3,1,0.244115,0.244115,0.2470,-0.00288,1,0,1,+0.92839,+0.89074,0.03849,340.33,+0.00000,+0.00000,0.00000,0.0058,0,1,0,1,+5.000,+0.000,+5.000,+0.04757,-18.809,-0.00000,0.00,+0.00000,0,+0.00000,+0.00000,0.00000,-6.384,0,94.8,23.9
15.738735,3,1,0.244124,0.244124,0.2470,-0.00288,1,0,1,+0.92839,+0.89074,0.03849,340.33,+0.00000,+0.00000,0.00000,0.0058,0,1,0,1,+5.000,+0.000,+5.000,+0.04757,-18.809,-0.00000,0.00,+0.00000,0,+0.00000,+0.00000,0.00000,-6.384,0,94.8,23.9
15.743987,3,1,0.244134,0.244134,0.2470,-0.00287,1,0,1,+0.92839,+0.89074,0.03849,340.33,+0.00000,+0.00000,0.00000,0.0057,0,1,0,1,+5.000,+0.000,+5.000,+0.04786,-18.810,-0.00000,0.00,+0.00000,0,+0.00000,+0.00000,0.00000,-6.452,0,94.8,23.9
15.748849,3,1,0.244143,0.244143,0.2470,-0.00286,1,0,1,+0.92839,+0.89074,0.03849,340.33,+0.00000,+0.00000,0.00000,0.0057,0,1,0,1,+5.000,+0.000,+5.000,+0.04779,-18.809,-0.00000,0.00,+0.00000,0,+0.00000,+0.00000,0.00000,-6.435,0,94.8,23.9
15.753364,3,1,0.244152,0.244152,0.2470,-0.00285,1,0,1,+0.92839,+0.89074,0.03849,340.33,+0.00000,+0.00000,0.00000,0.0056,0,1,0,1,+5.000,+0.000,+5.000,+0.04779,-18.809,-0.00000,0.00,+0.00000,0,+0.00000,+0.00000,0.00000,-6.435,0,94.8,23.9
15.757930,3,1,0.244161,0.244161,0.2470,-0.00284,1,0,1,+0.92839,+0.89074,0.03849,340.33,+0.00000,+0.00000,0.00000,0.0056,0,1,0,1,+5.000,+0.000,+5.000,+0.04806,-18.810,-0.00000,0.00,+0.00000,0,+0.00000,+0.00000,0.00000,-6.498,0,94.8,23.9
15.762224,3,1,0.244169,0.244169,0.2470,-0.00283,1,0,1,+0.92839,+0.89074,0.03849,340.33,+0.00000,+0.00000,0.00000,0.0055,0,1,0,1,+5.000,+0.000,+5.000,+0.04806,-18.810,-0.00000,0.00,+0.00000,0,+0.00000,+0.00000,0.00000,-6.498,0,94.8,23.9
15.766883,3,1,0.244177,0.244177,0.2470,-0.00282,1,0,1,+0.92839,+0.89074,0.03849,340.33,+0.00000,+0.00000,0.00000,0.0055,0,1,0,1,+5.000,+0.000,+5.000,+0.04810,-18.809,-0.00000,0.00,+0.00000,0,+0.00000,+0.00000,0.00000,-6.506,0,94.8,23.9
15.771462,3,1,0.244186,0.244186,0.2470,-0.00281,1,0,1,+0.92839,+0.89074,0.03849,340.33,+0.00000,+0.00000,0.00000,0.0054,0,1,0,1,+5.000,+0.000,+5.000,+0.04810,-18.809,-0.00000,0.00,+0.00000,0,+0.00000,+0.00000,0.00000,-6.506,0,94.8,23.9
15.776161,3,1,0.244195,0.244195,0.2470,-0.00281,1,0,1,+0.92839,+0.89074,0.03849,340.33,+0.00000,+0.00000,0.00000,0.0054,0,1,0,1,+5.000,+0.000,+5.000,+0.04818,-18.808,-0.00000,0.00,+0.00000,0,+0.00000,+0.00000,0.00000,-6.525,0,94.8,23.9
15.780955,3,1,0.244204,0.244204,0.2470,-0.00280,1,0,1,+0.92839,+0.89074,0.03849,340.33,+0.00000,+0.00000,0.00000,0.0053,0,1,0,1,+5.000,+0.000,+5.000,+0.04821,-18.807,-0.00000,0.00,+0.00000,0,+0.00000,+0.00000,0.00000,-6.530,0,94.8,23.9
15.785539,3,1,0.244212,0.244212,0.2470,-0.00279,1,0,1,+0.92839,+0.89074,0.03849,340.33,+0.00000,+0.00000,0.00000,0.0053,0,1,0,1,+5.000,+0.000,+5.000,+0.04821,-18.807,-0.00000,0.00,+0.00000,0,+0.00000,+0.00000,0.00000,-6.530,0,94.8,23.9
15.790169,3,1,0.244221,0.244221,0.2470,-0.00278,1,0,1,+0.92839,+0.89074,0.03849,340.33,+0.00000,+0.00000,0.00000,0.0052,0,1,0,1,+5.000,+0.000,+5.000,+0.04824,-18.806,-0.00000,0.00,+0.00000,0,+0.00000,+0.00000,0.00000,-6.538,0,94.8,23.9
15.794717,3,1,0.244229,0.244229,0.2470,-0.00277,1,0,1,+0.92839,+0.89074,0.03849,340.33,+0.00000,+0.00000,0.00000,0.0052,0,1,0,1,+5.000,+0.000,+5.000,+0.04824,-18.806,-0.00000,0.00,+0.00000,0,+0.00000,+0.00000,0.00000,-6.538,0,94.8,23.9
15.799447,3,1,0.244238,0.244238,0.2470,-0.00276,1,0,1,+0.92839,+0.89074,0.03849,340.33,+0.00000,+0.00000,0.00000,0.0051,0,1,0,1,+5.000,+0.000,+5.000,+0.04818,-18.805,-0.00000,0.00,+0.00000,0,+0.00000,+0.00000,0.00000,-6.525,0,94.8,23.9
15.803601,3,1,0.244246,0.244246,0.2470,-0.00275,1,0,1,+0.92839,+0.89074,0.03849,340.33,+0.00000,+0.00000,0.00000,0.0051,0,1,0,1,+5.000,+0.000,+5.000,+0.04818,-18.805,-0.00000,0.00,+0.00000,0,+0.00000,+0.00000,0.00000,-6.525,0,94.8,23.9
15.808117,3,1,0.244254,0.244254,0.2470,-0.00275,1,0,1,+0.92839,+0.89074,0.03849,340.33,+0.00000,+0.00000,0.00000,0.0050,0,1,0,1,+5.000,+0.000,+5.000,+0.04829,-18.804,-0.00000,0.00,+0.00000,0,+0.00000,+0.00000,0.00000,-6.551,0,94.8,23.9
15.812641,3,1,0.244262,0.244262,0.2470,-0.00274,1,0,1,+0.92839,+0.89074,0.03849,340.33,+0.00000,+0.00000,0.00000,0.0050,0,1,0,1,+5.000,+0.000,+5.000,+0.04829,-18.804,-0.00000,0.00,+0.00000,0,+0.00000,+0.00000,0.00000,-6.551,0,94.8,23.9
15.817302,3,1,0.244271,0.244271,0.2470,-0.00273,1,0,1,+0.92839,+0.89074,0.03849,340.33,+0.00000,+0.00000,0.00000,0.0049,0,1,0,1,+5.000,+0.000,+5.000,+0.04822,-18.803,-0.00000,0.00,+0.00000,0,+0.00000,+0.00000,0.00000,-6.535,0,94.8,23.9
15.821869,3,1,0.244279,0.244279,0.2470,-0.00272,1,0,1,+0.92839,+0.89074,0.03849,340.33,+0.00000,+0.00000,0.00000,0.0049,0,1,0,1,+5.000,+0.000,+5.000,+0.04822,-18.803,-0.00000,0.00,+0.00000,0,+0.00000,+0.00000,0.00000,-6.535,0,94.8,23.9
15.826402,3,1,0.244287,0.244287,0.2470,-0.00271,1,0,1,+0.92839,+0.89074,0.03849,340.33,+0.00000,+0.00000,0.00000,0.0048,0,1,0,1,+5.000,+0.000,+5.000,+0.04814,-18.801,-0.00000,0.00,+0.00000,0,+0.00000,+0.00000,0.00000,-6.516,0,94.8,23.9
15.831049,3,1,0.244296,0.244296,0.2470,-0.00270,1,0,1,+0.92839,+0.89074,0.03849,340.33,+0.00000,+0.00000,0.00000,0.0048,0,1,0,1,+5.000,+0.000,+5.000,+0.04814,-18.801,-0.00000,0.00,+0.00000,0,+0.00000,+0.00000,0.00000,-6.516,0,94.8,23.9
15.835443,3,1,0.244304,0.244304,0.2470,-0.00270,1,0,1,+0.92839,+0.89074,0.03849,340.33,+0.00000,+0.00000,0.00000,0.0048,0,1,0,1,+5.000,+0.000,+5.000,+0.04816,-18.800,-0.00000,0.00,+0.00000,0,+0.00000,+0.00000,0.00000,-6.520,0,94.8,23.9
15.840018,3,1,0.244312,0.244312,0.2470,-0.00269,1,0,1,+0.92839,+0.89074,0.03849,340.33,+0.00000,+0.00000,0.00000,0.0047,0,1,0,1,+5.000,+0.000,+5.000,+0.04816,-18.800,-0.00000,0.00,+0.00000,0,+0.00000,+0.00000,0.00000,-6.520,0,94.8,23.9
15.844648,3,1,0.244320,0.244320,0.2470,-0.00268,1,0,1,+0.92839,+0.89074,0.03849,340.33,+0.00000,+0.00000,0.00000,0.0047,0,1,0,1,+5.000,+0.000,+5.000,+0.04812,-18.799,-0.00000,0.00,+0.00000,0,+0.00000,+0.00000,0.00000,-6.510,0,94.8,23.9
15.849154,3,1,0.244328,0.244328,0.2470,-0.00267,1,0,1,+0.92839,+0.89074,0.03849,340.33,+0.00000,+0.00000,0.00000,0.0046,0,1,0,1,+5.000,+0.000,+5.000,+0.04812,-18.799,-0.00000,0.00,+0.00000,0,+0.00000,+0.00000,0.00000,-6.510,0,94.8,23.9
15.853740,3,1,0.244336,0.244336,0.2470,-0.00266,1,0,1,+0.92839,+0.89074,0.03849,340.33,+0.00000,+0.00000,0.00000,0.0046,0,1,0,1,+5.000,+0.000,+5.000,+0.04807,-18.797,-0.00000,0.00,+0.00000,0,+0.00000,+0.00000,0.00000,-6.500,0,94.8,23.9
15.857968,3,1,0.244344,0.244344,0.2470,-0.00266,1,0,1,+0.92839,+0.89074,0.03849,340.33,+0.00000,+0.00000,0.00000,0.0046,0,1,0,1,+5.000,+0.000,+5.000,+0.04807,-18.797,-0.00000,0.00,+0.00000,0,+0.00000,+0.00000,0.00000,-6.500,0,94.8,23.9
15.862491,3,1,0.244352,0.244352,0.2470,-0.00265,1,0,1,+0.92839,+0.89074,0.03849,340.33,+0.00000,+0.00000,0.00000,0.0045,0,1,0,1,+5.000,+0.000,+5.000,+0.04792,-18.795,-0.00000,0.00,+0.00000,0,+0.00000,+0.00000,0.00000,-6.466,0,94.8,23.9
15.887340,3,1,0.244395,0.244395,0.2470,-0.00260,1,0,1,+0.92839,+0.89074,0.03849,340.33,+0.00000,+0.00000,0.00000,0.0043,0,1,0,1,+5.000,+0.000,+5.000,+0.04792,-18.795,-0.00000,0.00,+0.00000,0,+0.00000,+0.00000,0.00000,-6.466,0,94.8,23.9
15.893459,3,1,0.244406,0.244406,0.2470,-0.00259,1,0,1,+0.92839,+0.89074,0.03849,340.33,+0.00000,+0.00000,0.00000,0.0042,0,1,0,1,+5.000,+0.000,+5.000,+0.04746,-18.789,-0.00000,0.00,+0.00000,0,+0.00000,+0.00000,0.00000,-6.359,0,94.8,23.9
15.897842,3,1,0.244413,0.244413,0.2470,-0.00259,1,0,1,+0.92839,+0.89074,0.03849,340.33,+0.00000,+0.00000,0.00000,0.0042,0,1,0,1,+5.000,+0.000,+5.000,+0.04746,-18.789,-0.00000,0.00,+0.00000,0,+0.00000,+0.00000,0.00000,-6.359,0,94.8,23.9
15.902431,3,1,0.244421,0.244421,0.2470,-0.00258,1,0,1,+0.92839,+0.89074,0.03849,340.33,+0.00000,+0.00000,0.00000,0.0042,0,1,0,1,+5.000,+0.000,+5.000,+0.04746,-18.789,-0.00000,0.00,+0.00000,0,+0.00000,+0.00000,0.00000,-6.359,0,94.8,23.9
15.906925,3,1,0.244429,0.244429,0.2470,-0.00257,1,0,1,+0.92839,+0.89074,0.03849,340.33,+0.00000,+0.00000,0.00000,0.0041,0,1,0,1,+5.000,+0.000,+5.000,+0.04721,-18.787,-0.00000,0.00,+0.00000,0,+0.00000,+0.00000,0.00000,-6.302,0,94.8,23.9
15.911313,3,1,0.244437,0.244437,0.2470,-0.00256,1,0,1,+0.92839,+0.89074,0.03849,340.33,+0.00000,+0.00000,0.00000,0.0041,0,1,0,1,+5.000,+0.000,+5.000,+0.04721,-18.787,-0.00000,0.00,+0.00000,0,+0.00000,+0.00000,0.00000,-6.302,0,94.8,23.9
15.916417,3,1,0.244445,0.244445,0.2470,-0.00255,1,0,1,+0.92839,+0.89074,0.03849,340.33,+0.00000,+0.00000,0.00000,0.0041,0,1,0,1,+5.000,+0.000,+5.000,+0.04725,-18.786,-0.00000,0.00,+0.00000,0,+0.00000,+0.00000,0.00000,-6.312,0,94.8,23.9
15.921031,3,1,0.244453,0.244453,0.2470,-0.00255,1,0,1,+0.92839,+0.89074,0.03849,340.33,+0.00000,+0.00000,0.00000,0.0040,0,1,0,1,+5.000,+0.000,+5.000,+0.04722,-18.785,-0.00000,0.00,+0.00000,0,+0.00000,+0.00000,0.00000,-6.305,0,94.8,23.9
15.925378,3,1,0.244461,0.244461,0.2470,-0.00254,1,0,1,+0.92839,+0.89074,0.03849,340.33,+0.00000,+0.00000,0.00000,0.0040,0,1,0,1,+5.000,+0.000,+5.000,+0.04722,-18.785,-0.00000,0.00,+0.00000,0,+0.00000,+0.00000,0.00000,-6.305,0,94.8,23.9
15.931134,3,1,0.244470,0.244470,0.2470,-0.00253,1,0,1,+0.92839,+0.89074,0.03849,340.33,+0.00000,+0.00000,0.00000,0.0039,0,1,0,1,+5.000,+0.000,+5.000,+0.04732,-18.786,-0.00000,0.00,+0.00000,0,+0.00000,+0.00000,0.00000,-6.327,0,94.8,23.9
15.935769,3,1,0.244478,0.244478,0.2470,-0.00252,1,0,1,+0.92839,+0.89074,0.03849,340.33,+0.00000,+0.00000,0.00000,0.0039,0,1,0,1,+5.000,+0.000,+5.000,+0.04732,-18.786,-0.00000,0.00,+0.00000,0,+0.00000,+0.00000,0.00000,-6.327,0,94.8,23.9
15.940286,3,1,0.244486,0.244486,0.2470,-0.00251,1,0,1,+0.92839,+0.89074,0.03849,340.33,+0.00000,+0.00000,0.00000,0.0039,0,1,0,1,+5.000,+0.000,+5.000,+0.04743,-18.786,-0.00000,0.00,+0.00000,0,+0.00000,+0.00000,0.00000,-6.354,0,94.8,23.9
15.944402,3,1,0.244493,0.244493,0.2470,-0.00251,1,0,1,+0.92839,+0.89074,0.03849,340.33,+0.00000,+0.00000,0.00000,0.0038,0,1,0,1,+5.000,+0.000,+5.000,+0.04743,-18.786,-0.00000,0.00,+0.00000,0,+0.00000,+0.00000,0.00000,-6.354,0,94.8,23.9
15.949170,3,1,0.244500,0.244500,0.2470,-0.00250,1,0,1,+0.92839,+0.89074,0.03849,340.33,+0.00000,+0.00000,0.00000,0.0038,0,1,0,1,+5.000,+0.000,+5.000,+0.04739,-18.785,-0.00000,0.00,+0.00000,0,+0.00000,+0.00000,0.00000,-6.343,0,94.8,23.9
15.953779,3,1,0.244508,0.244508,0.2470,-0.00249,1,0,1,+0.92839,+0.89074,0.03849,340.33,+0.00000,+0.00000,0.00000,0.0038,0,1,0,1,+5.000,+0.000,+5.000,+0.04739,-18.785,-0.00000,0.00,+0.00000,0,+0.00000,+0.00000,0.00000,-6.343,0,94.8,23.9
15.969354,3,1,0.244534,0.244534,0.2470,-0.00247,1,0,1,+0.92839,+0.89074,0.03849,340.33,+0.00000,+0.00000,0.00000,0.0036,0,1,0,1,+5.000,+0.000,+5.000,+0.04730,-18.784,-0.00000,0.00,+0.00000,0,+0.00000,+0.00000,0.00000,-6.322,0,94.8,23.9
15.974800,3,1,0.244543,0.244543,0.2470,-0.00246,1,0,1,+0.92839,+0.89074,0.03849,340.33,+0.00000,+0.00000,0.00000,0.0036,0,1,0,1,+5.000,+0.000,+5.000,+0.04667,-18.778,-0.00000,0.00,+0.00000,0,+0.00000,+0.00000,0.00000,-6.179,0,94.8,23.9
15.979409,3,1,0.244550,0.244550,0.2470,-0.00245,1,0,1,+0.92839,+0.89074,0.03849,340.33,+0.00000,+0.00000,0.00000,0.0036,0,1,0,1,+5.000,+0.000,+5.000,+0.04662,-18.777,-0.00000,0.00,+0.00000,0,+0.00000,+0.00000,0.00000,-6.167,0,94.8,23.9
15.983947,3,1,0.244558,0.244558,0.2470,-0.00244,1,0,1,+0.92839,+0.89074,0.03849,340.33,+0.00000,+0.00000,0.00000,0.0035,0,1,0,1,+5.000,+0.000,+5.000,+0.04662,-18.777,-0.00000,0.00,+0.00000,0,+0.00000,+0.00000,0.00000,-6.167,0,94.8,23.9
15.989081,3,1,0.244566,0.244566,0.2470,-0.00243,1,0,1,+0.92839,+0.89074,0.03849,340.33,+0.00000,+0.00000,0.00000,0.0035,0,1,0,1,+5.000,+0.000,+5.000,+0.04662,-18.777,-0.00000,0.00,+0.00000,0,+0.00000,+0.00000,0.00000,-6.168,0,94.8,23.9
15.993516,3,1,0.244573,0.244573,0.2470,-0.00243,1,0,1,+0.92839,+0.89074,0.03849,340.33,+0.00000,+0.00000,0.00000,0.0035,0,1,0,1,+5.000,+0.000,+5.000,+0.04662,-18.777,-0.00000,0.00,+0.00000,0,+0.00000,+0.00000,0.00000,-6.168,0,94.8,23.9
15.998060,3,1,0.244581,0.244581,0.2470,-0.00242,1,0,1,+0.92839,+0.89074,0.03849,340.33,+0.00000,+0.00000,0.00000,0.0034,0,1,0,1,+5.000,+0.000,+5.000,+0.04669,-18.777,-0.00000,0.00,+0.00000,0,+0.00000,+0.00000,0.00000,-6.184,0,94.8,23.9
16.002272,3,1,0.244587,0.244587,0.2470,-0.00241,1,0,1,+0.92839,+0.89074,0.03849,340.33,+0.00000,+0.00000,0.00000,0.0034,0,1,0,1,+5.000,+0.000,+5.000,+0.04669,-18.777,-0.00000,0.00,+0.00000,0,+0.00000,+0.00000,0.00000,-6.184,0,94.8,23.9
16.006658,3,1,0.244594,0.244594,0.2470,-0.00241,1,0,1,+0.92839,+0.89074,0.03849,340.33,+0.00000,+0.00000,0.00000,0.0034,0,1,0,1,+5.000,+0.000,+5.000,+0.04700,-18.779,-0.00000,0.00,+0.00000,0,+0.00000,+0.00000,0.00000,-6.254,0,94.8,23.9
16.011221,3,1,0.244602,0.244602,0.2470,-0.00240,1,0,1,+0.92839,+0.89074,0.03849,340.33,+0.00000,+0.00000,0.00000,0.0034,0,1,0,1,+5.000,+0.000,+5.000,+0.04700,-18.779,-0.00000,0.00,+0.00000,0,+0.00000,+0.00000,0.00000,-6.254,0,94.8,23.9
16.015777,3,1,0.244609,0.244609,0.2470,-0.00239,1,0,1,+0.92839,+0.89074,0.03849,340.33,+0.00000,+0.00000,0.00000,0.0033,0,1,0,1,+5.000,+0.000,+5.000,+0.04695,-18.779,-0.00000,0.00,+0.00000,0,+0.00000,+0.00000,0.00000,-6.242,0,94.8,23.9
16.020398,3,1,0.244616,0.244616,0.2470,-0.00238,1,0,1,+0.92839,+0.89074,0.03849,340.33,+0.00000,+0.00000,0.00000,0.0033,0,1,0,1,+5.000,+0.000,+5.000,+0.04695,-18.779,-0.00000,0.00,+0.00000,0,+0.00000,+0.00000,0.00000,-6.242,0,94.8,23.9
16.025465,3,1,0.244624,0.244624,0.2470,-0.00238,1,0,1,+0.92839,+0.89074,0.03849,340.33,+0.00000,+0.00000,0.00000,0.0033,0,1,0,1,+5.000,+0.000,+5.000,+0.04704,-18.779,-0.00000,0.00,+0.00000,0,+0.00000,+0.00000,0.00000,-6.264,0,94.8,23.9
16.030066,3,1,0.244632,0.244632,0.2470,-0.00237,1,0,1,+0.92839,+0.89074,0.03849,340.33,+0.00000,+0.00000,0.00000,0.0032,0,1,0,1,+5.000,+0.000,+5.000,+0.04704,-18.779,-0.00000,0.00,+0.00000,0,+0.00000,+0.00000,0.00000,-6.264,0,94.8,23.9
16.034645,3,1,0.244639,0.244639,0.2470,-0.00236,1,0,1,+0.92839,+0.89074,0.03849,340.33,+0.00000,+0.00000,0.00000,0.0032,0,1,0,1,+5.000,+0.000,+5.000,+0.04684,-18.777,-0.00000,0.00,+0.00000,0,+0.00000,+0.00000,0.00000,-6.218,0,94.8,23.9
16.039578,3,1,0.244647,0.244647,0.2470,-0.00235,1,0,1,+0.92839,+0.89074,0.03849,340.33,+0.00000,+0.00000,0.00000,0.0032,0,1,0,1,+5.000,+0.000,+5.000,+0.04696,-18.777,-0.00000,0.00,+0.00000,0,+0.00000,+0.00000,0.00000,-6.244,0,94.8,23.9
16.046435,3,1,0.244657,0.244657,0.2470,-0.00234,1,0,1,+0.92839,+0.89074,0.03849,340.33,+0.00000,+0.00000,0.00000,0.0031,0,1,0,1,+5.000,+0.000,+5.000,+0.04696,-18.777,-0.00000,0.00,+0.00000,0,+0.00000,+0.00000,0.00000,-6.244,0,94.8,23.9
16.051232,3,1,0.244665,0.244665,0.2470,-0.00234,1,0,1,+0.92839,+0.89074,0.03849,340.33,+0.00000,+0.00000,0.00000,0.0031,0,1,0,1,+5.000,+0.000,+5.000,+0.04698,-18.777,-0.00000,0.00,+0.00000,0,+0.00000,+0.00000,0.00000,-6.249,0,94.8,23.9
16.055840,3,1,0.244672,0.244672,0.2470,-0.00233,1,0,1,+0.92839,+0.89074,0.03849,340.33,+0.00000,+0.00000,0.00000,0.0031,0,1,0,1,+5.000,+0.000,+5.000,+0.04698,-18.777,-0.00000,0.00,+0.00000,0,+0.00000,+0.00000,0.00000,-6.249,0,94.8,23.9
16.060787,3,1,0.244680,0.244680,0.2470,-0.00232,1,0,1,+0.92839,+0.89074,0.03849,340.33,+0.00000,+0.00000,0.00000,0.0030,0,1,0,1,+5.000,+0.000,+5.000,+0.04678,-18.775,-0.00000,0.00,+0.00000,0,+0.00000,+0.00000,0.00000,-6.203,0,94.8,23.9
16.065104,3,1,0.244686,0.244686,0.2470,-0.00231,1,0,1,+0.92839,+0.89074,0.03849,340.33,+0.00000,+0.00000,0.00000,0.0030,0,1,0,1,+5.000,+0.000,+5.000,+0.04678,-18.775,-0.00000,0.00,+0.00000,0,+0.00000,+0.00000,0.00000,-6.203,0,94.8,23.9
16.069885,3,1,0.244694,0.244694,0.2470,-0.00231,1,0,1,+0.92839,+0.89074,0.03849,340.33,+0.00000,+0.00000,0.00000,0.0030,0,1,0,1,+5.000,+0.000,+5.000,+0.04671,-18.774,-0.00000,0.00,+0.00000,0,+0.00000,+0.00000,0.00000,-6.188,0,94.8,23.9
16.079689,3,1,0.244709,0.244709,0.2470,-0.00229,1,0,1,+0.92839,+0.89074,0.03849,340.33,+0.00000,+0.00000,0.00000,0.0029,0,1,0,1,+5.000,+0.000,+5.000,+0.04644,-18.772,-0.00000,0.00,+0.00000,0,+0.00000,+0.00000,0.00000,-6.125,0,94.8,23.9
16.084219,3,1,0.244716,0.244716,0.2470,-0.00228,1,0,1,+0.92839,+0.89074,0.03849,340.33,+0.00000,+0.00000,0.00000,0.0029,0,1,0,1,+5.000,+0.000,+5.000,+0.04644,-18.772,-0.00000,0.00,+0.00000,0,+0.00000,+0.00000,0.00000,-6.125,0,94.8,23.9
16.088822,3,1,0.244723,0.244723,0.2470,-0.00228,1,0,1,+0.92839,+0.89074,0.03849,340.33,+0.00000,+0.00000,0.00000,0.0029,0,1,0,1,+5.000,+0.000,+5.000,+0.04649,-18.772,-0.00000,0.00,+0.00000,0,+0.00000,+0.00000,0.00000,-6.138,0,94.8,23.9
16.093024,3,1,0.244729,0.244729,0.2470,-0.00227,1,0,1,+0.92839,+0.89074,0.03849,340.33,+0.00000,+0.00000,0.00000,0.0028,0,1,0,1,+5.000,+0.000,+5.000,+0.04649,-18.772,-0.00000,0.00,+0.00000,0,+0.00000,+0.00000,0.00000,-6.138,0,94.8,23.9
16.097551,3,1,0.244736,0.244736,0.2470,-0.00226,1,0,1,+0.92839,+0.89074,0.03849,340.33,+0.00000,+0.00000,0.00000,0.0028,0,1,0,1,+5.000,+0.000,+5.000,+0.04665,-18.773,-0.00000,0.00,+0.00000,0,+0.00000,+0.00000,0.00000,-6.174,0,94.8,23.9
16.102919,3,1,0.244744,0.244744,0.2470,-0.00226,1,0,1,+0.92839,+0.89074,0.03849,340.33,+0.00000,+0.00000,0.00000,0.0028,0,1,0,1,+5.000,+0.000,+5.000,+0.04665,-18.773,-0.00000,0.00,+0.00000,0,+0.00000,+0.00000,0.00000,-6.174,0,94.8,23.9
16.108103,3,1,0.244752,0.244752,0.2470,-0.00225,1,0,1,+0.92839,+0.89074,0.03849,340.33,+0.00000,+0.00000,0.00000,0.0028,0,1,0,1,+5.000,+0.000,+5.000,+0.04677,-18.774,-0.00000,0.00,+0.00000,0,+0.00000,+0.00000,0.00000,-6.200,0,94.8,23.9
16.112667,3,1,0.244759,0.244759,0.2470,-0.00224,1,0,1,+0.92839,+0.89074,0.03849,340.33,+0.00000,+0.00000,0.00000,0.0027,0,1,0,1,+5.000,+0.000,+5.000,+0.04677,-18.774,-0.00000,0.00,+0.00000,0,+0.00000,+0.00000,0.00000,-6.200,0,94.8,23.9
16.117262,3,1,0.244765,0.244765,0.2470,-0.00223,1,0,1,+0.92839,+0.89074,0.03849,340.33,+0.00000,+0.00000,0.00000,0.0027,0,1,0,1,+5.000,+0.000,+5.000,+0.04663,-18.773,-0.00000,0.00,+0.00000,0,+0.00000,+0.00000,0.00000,-6.170,0,94.8,23.9
16.121833,3,1,0.244772,0.244772,0.2470,-0.00223,1,0,1,+0.92839,+0.89074,0.03849,340.33,+0.00000,+0.00000,0.00000,0.0027,0,1,0,1,+5.000,+0.000,+5.000,+0.04663,-18.773,-0.00000,0.00,+0.00000,0,+0.00000,+0.00000,0.00000,-6.170,0,94.8,23.9
16.126395,3,1,0.244779,0.244779,0.2470,-0.00222,1,0,1,+0.92839,+0.89074,0.03849,340.33,+0.00000,+0.00000,0.00000,0.0027,0,1,0,1,+5.000,+0.000,+5.000,+0.04662,-18.772,-0.00000,0.00,+0.00000,0,+0.00000,+0.00000,0.00000,-6.167,0,94.8,23.9
16.134097,3,1,0.244790,0.244790,0.2470,-0.00221,1,0,1,+0.92839,+0.89074,0.03849,340.33,+0.00000,+0.00000,0.00000,0.0026,0,1,0,1,+5.000,+0.000,+5.000,+0.04662,-18.772,-0.00000,0.00,+0.00000,0,+0.00000,+0.00000,0.00000,-6.167,0,94.8,23.9
16.139870,3,1,0.244799,0.244799,0.2470,-0.00220,1,0,1,+0.92839,+0.89074,0.03849,340.33,+0.00000,+0.00000,0.00000,0.0026,0,1,0,1,+5.000,+0.000,+5.000,+0.04629,-18.770,-0.00000,0.00,+0.00000,0,+0.00000,+0.00000,0.00000,-6.093,0,94.8,23.9
16.147271,3,1,0.244810,0.244810,0.2470,-0.00219,1,0,1,+0.92839,+0.89074,0.03849,340.33,+0.00000,+0.00000,0.00000,0.0026,0,1,0,1,+5.000,+0.000,+5.000,+0.04593,-18.767,-0.00000,0.00,+0.00000,0,+0.00000,+0.00000,0.00000,-6.008,0,94.8,23.9
16.152132,3,1,0.244817,0.244817,0.2470,-0.00218,1,0,1,+0.92839,+0.89074,0.03849,340.33,+0.00000,+0.00000,0.00000,0.0025,0,1,0,1,+5.000,+0.000,+5.000,+0.04593,-18.767,-0.00000,0.00,+0.00000,0,+0.00000,+0.00000,0.00000,-6.008,0,94.8,23.9
16.156738,3,1,0.244823,0.244823,0.2470,-0.00218,1,0,1,+0.92839,+0.89074,0.03849,340.33,+0.00000,+0.00000,0.00000,0.0025,0,1,0,1,+5.000,+0.000,+5.000,+0.04583,-18.766,-0.00000,0.00,+0.00000,0,+0.00000,+0.00000,0.00000,-5.986,0,94.8,23.9
16.161350,3,1,0.244830,0.244830,0.2470,-0.00217,1,0,1,+0.92839,+0.89074,0.03849,340.33,+0.00000,+0.00000,0.00000,0.0025,0,1,0,1,+5.000,+0.000,+5.000,+0.04583,-18.766,-0.00000,0.00,+0.00000,0,+0.00000,+0.00000,0.00000,-5.986,0,94.8,23.9
16.166148,3,1,0.244837,0.244837,0.2470,-0.00216,1,0,1,+0.92839,+0.89074,0.03849,340.33,+0.00000,+0.00000,0.00000,0.0025,0,1,0,1,+5.000,+0.000,+5.000,+0.04613,-18.768,-0.00000,0.00,+0.00000,0,+0.00000,+0.00000,0.00000,-6.054,0,94.8,23.9
16.170594,3,1,0.244844,0.244844,0.2470,-0.00216,1,0,1,+0.92839,+0.89074,0.03849,340.33,+0.00000,+0.00000,0.00000,0.0024,0,1,0,1,+5.000,+0.000,+5.000,+0.04613,-18.768,-0.00000,0.00,+0.00000,0,+0.00000,+0.00000,0.00000,-6.054,0,94.8,23.9
16.175232,3,1,0.244850,0.244850,0.2470,-0.00215,1,0,1,+0.92839,+0.89074,0.03849,340.33,+0.00000,+0.00000,0.00000,0.0024,0,1,0,1,+5.000,+0.000,+5.000,+0.04598,-18.767,-0.00000,0.00,+0.00000,0,+0.00000,+0.00000,0.00000,-6.020,0,94.8,23.9
16.179816,3,1,0.244857,0.244857,0.2470,-0.00214,1,0,1,+0.92839,+0.89074,0.03849,340.33,+0.00000,+0.00000,0.00000,0.0024,0,1,0,1,+5.000,+0.000,+5.000,+0.04598,-18.767,-0.00000,0.00,+0.00000,0,+0.00000,+0.00000,0.00000,-6.020,0,94.8,23.9
16.184367,3,1,0.244863,0.244863,0.2470,-0.00214,1,0,1,+0.92839,+0.89074,0.03849,340.33,+0.00000,+0.00000,0.00000,0.0024,0,1,0,1,+5.000,+0.000,+5.000,+0.04599,-18.767,-0.00000,0.00,+0.00000,0,+0.00000,+0.00000,0.00000,-6.022,0,94.8,23.9
16.189164,3,1,0.244870,0.244870,0.2470,-0.00213,1,0,1,+0.92839,+0.89074,0.03849,340.33,+0.00000,+0.00000,0.00000,0.0023,0,1,0,1,+5.000,+0.000,+5.000,+0.04599,-18.767,-0.00000,0.00,+0.00000,0,+0.00000,+0.00000,0.00000,-6.022,0,94.8,23.9
16.193699,3,1,0.244876,0.244876,0.2470,-0.00212,1,0,1,+0.92839,+0.89074,0.03849,340.33,+0.00000,+0.00000,0.00000,0.0023,0,1,0,1,+5.000,+0.000,+5.000,+0.04615,-18.768,-0.00000,0.00,+0.00000,0,+0.00000,+0.00000,0.00000,-6.060,0,94.8,23.9
16.201129,3,1,0.244887,0.244887,0.2470,-0.00211,1,0,1,+0.92839,+0.89074,0.03849,340.33,+0.00000,+0.00000,0.00000,0.0023,0,1,0,1,+5.000,+0.000,+5.000,+0.04600,-18.767,-0.00000,0.00,+0.00000,0,+0.00000,+0.00000,0.00000,-6.026,0,94.8,23.9
16.205700,3,1,0.244893,0.244893,0.2470,-0.00211,1,0,1,+0.92839,+0.89074,0.03849,340.33,+0.00000,+0.00000,0.00000,0.0023,0,1,0,1,+5.000,+0.000,+5.000,+0.04600,-18.767,-0.00000,0.00,+0.00000,0,+0.00000,+0.00000,0.00000,-6.026,0,94.8,23.9
16.210376,3,1,0.244900,0.244900,0.2470,-0.00210,1,0,1,+0.92839,+0.89074,0.03849,340.33,+0.00000,+0.00000,0.00000,0.0023,0,1,0,1,+5.000,+0.000,+5.000,+0.04628,-18.769,-0.00000,0.00,+0.00000,0,+0.00000,+0.00000,0.00000,-6.088,0,201.8,0.0
16.214968,3,1,0.244906,0.244906,0.2470,-0.00209,1,0,1,+0.92839,+0.89074,0.03849,340.33,+0.00000,+0.00000,0.00000,0.0022,0,1,0,1,+5.000,+0.000,+5.000,+0.04628,-18.769,-0.00000,0.00,+0.00000,0,+0.00000,+0.00000,0.00000,-6.088,0,201.8,0.0
16.219574,3,1,0.244913,0.244913,0.2470,-0.00209,1,0,1,+0.92839,+0.89074,0.03849,340.33,+0.00000,+0.00000,0.00000,0.0022,0,1,0,1,+5.000,+0.000,+5.000,+0.04627,-18.769,-0.00000,0.00,+0.00000,0,+0.00000,+0.00000,0.00000,-6.087,0,201.8,0.0
16.224180,3,1,0.244919,0.244919,0.2470,-0.00208,1,0,1,+0.92839,+0.89074,0.03849,340.33,+0.00000,+0.00000,0.00000,0.0022,0,1,0,1,+5.000,+0.000,+5.000,+0.04627,-18.769,-0.00000,0.00,+0.00000,0,+0.00000,+0.00000,0.00000,-6.087,0,201.8,0.0
16.229206,3,1,0.244926,0.244926,0.2470,-0.00207,1,0,1,+0.92839,+0.89074,0.03849,340.33,+0.00000,+0.00000,0.00000,0.0022,0,1,0,1,+5.000,+0.000,+5.000,+0.04642,-18.770,-0.00000,0.00,+0.00000,0,+0.00000,+0.00000,0.00000,-6.122,0,201.8,0.0
16.235486,3,1,0.244935,0.244935,0.2470,-0.00207,1,0,1,+0.92839,+0.89074,0.03849,340.33,+0.00000,+0.00000,0.00000,0.0021,0,1,0,1,+5.000,+0.000,+5.000,+0.04655,-18.771,-0.00000,0.00,+0.00000,0,+0.00000,+0.00000,0.00000,-6.152,0,201.8,0.0
16.239842,3,1,0.244941,0.244941,0.2470,-0.00206,1,0,1,+0.92839,+0.89074,0.03849,340.33,+0.00000,+0.00000,0.00000,0.0021,0,1,0,1,+5.000,+0.000,+5.000,+0.04655,-18.771,-0.00000,0.00,+0.00000,0,+0.00000,+0.00000,0.00000,-6.152,0,201.8,0.0
16.244367,3,1,0.244947,0.244947,0.2470,-0.00205,1,0,1,+0.92839,+0.89074,0.03849,340.33,+0.00000,+0.00000,0.00000,0.0021,0,1,0,1,+5.000,+0.000,+5.000,+0.04655,-18.770,-0.00000,0.00,+0.00000,0,+0.00000,+0.00000,0.00000,-6.151,0,201.8,0.0
16.248942,3,1,0.244953,0.244953,0.2470,-0.00205,1,0,1,+0.92839,+0.89074,0.03849,340.33,+0.00000,+0.00000,0.00000,0.0021,0,1,0,1,+5.000,+0.000,+5.000,+0.04680,-18.772,-0.00000,0.00,+0.00000,0,+0.00000,+0.00000,0.00000,-6.208,0,201.8,0.0
16.253647,3,1,0.244960,0.244960,0.2470,-0.00204,1,0,1,+0.92839,+0.89074,0.03849,340.33,+0.00000,+0.00000,0.00000,0.0021,0,1,0,1,+5.000,+0.000,+5.000,+0.04680,-18.772,-0.00000,0.00,+0.00000,0,+0.00000,+0.00000,0.00000,-6.208,0,201.8,0.0
16.258229,3,1,0.244966,0.244966,0.2470,-0.00203,1,0,1,+0.92839,+0.89074,0.03849,340.33,+0.00000,+0.00000,0.00000,0.0020,0,1,0,1,+5.000,+0.000,+5.000,+0.04693,-18.773,-0.00000,0.00,+0.00000,0,+0.00000,+0.00000,0.00000,-6.238,0,201.8,0.0
16.262734,3,1,0.244972,0.244972,0.2470,-0.00203,1,0,1,+0.92839,+0.89074,0.03849,340.33,+0.00000,+0.00000,0.00000,0.0020,0,1,0,1,+5.000,+0.000,+5.000,+0.04693,-18.773,-0.00000,0.00,+0.00000,0,+0.00000,+0.00000,0.00000,-6.238,0,201.8,0.0
16.267254,3,1,0.244978,0.244978,0.2470,-0.00202,1,0,1,+0.92839,+0.89074,0.03849,340.33,+0.00000,+0.00000,0.00000,0.0020,0,1,0,1,+5.000,+0.000,+5.000,+0.04693,-18.773,-0.00000,0.00,+0.00000,0,+0.00000,+0.00000,0.00000,-6.237,0,201.8,0.0
16.271468,3,1,0.244984,0.244984,0.2470,-0.00202,1,0,1,+0.92839,+0.89074,0.03849,340.33,+0.00000,+0.00000,0.00000,0.0020,0,1,0,1,+5.000,+0.000,+5.000,+0.04693,-18.773,-0.00000,0.00,+0.00000,0,+0.00000,+0.00000,0.00000,-6.237,0,201.8,0.0
16.276038,3,1,0.244990,0.244990,0.2470,-0.00201,1,0,1,+0.92839,+0.89074,0.03849,340.33,+0.00000,+0.00000,0.00000,0.0020,0,1,0,1,+5.000,+0.000,+5.000,+0.04714,-18.774,-0.00000,0.00,+0.00000,0,+0.00000,+0.00000,0.00000,-6.287,0,201.8,0.0
16.280618,3,1,0.244996,0.244996,0.2470,-0.00200,1,0,1,+0.92839,+0.89074,0.03849,340.33,+0.00000,+0.00000,0.00000,0.0020,0,1,0,1,+5.000,+0.000,+5.000,+0.04714,-18.774,-0.00000,0.00,+0.00000,0,+0.00000,+0.00000,0.00000,-6.287,0,201.8,0.0
16.285175,3,1,0.245002,0.245002,0.2470,-0.00200,1,0,1,+0.92839,+0.89074,0.03849,340.33,+0.00000,+0.00000,0.00000,0.0019,0,1,0,1,+5.000,+0.000,+5.000,+0.04711,-18.773,-0.00000,0.00,+0.00000,0,+0.00000,+0.00000,0.00000,-6.280,0,201.8,0.0
16.290358,3,1,0.245009,0.245009,0.2470,-0.00199,1,0,1,+0.92839,+0.89074,0.03849,340.33,+0.00000,+0.00000,0.00000,0.0019,0,1,0,1,+5.000,+0.000,+5.000,+0.04719,-18.774,-0.00000,0.00,+0.00000,0,+0.00000,+0.00000,0.00000,-6.297,0,201.8,0.0
16.296624,3,1,0.245017,0.245017,0.2470,-0.00198,1,0,1,+0.92839,+0.89074,0.03849,340.33,+0.00000,+0.00000,0.00000,0.0019,0,1,0,1,+5.000,+0.000,+5.000,+0.04719,-18.774,-0.00000,0.00,+0.00000,0,+0.00000,+0.00000,0.00000,-6.297,0,201.8,0.0
16.301170,3,1,0.245023,0.245023,0.2470,-0.00198,1,0,1,+0.92839,+0.89074,0.03849,340.33,+0.00000,+0.00000,0.00000,0.0019,0,1,0,1,+5.000,+0.000,+5.000,+0.04729,-18.774,-0.00000,0.00,+0.00000,0,+0.00000,+0.00000,0.00000,-6.320,0,201.8,0.0
16.305481,3,1,0.245029,0.245029,0.2470,-0.00197,1,0,1,+0.92839,+0.89074,0.03849,340.33,+0.00000,+0.00000,0.00000,0.0019,0,1,0,1,+5.000,+0.000,+5.000,+0.04729,-18.774,-0.00000,0.00,+0.00000,0,+0.00000,+0.00000,0.00000,-6.320,0,201.8,0.0
16.310078,3,1,0.245035,0.245035,0.2470,-0.00197,1,0,1,+0.92839,+0.89074,0.03849,340.33,+0.00000,+0.00000,0.00000,0.0018,0,1,0,1,+5.000,+0.000,+5.000,+0.04741,-18.775,-0.00000,0.00,+0.00000,0,+0.00000,+0.00000,0.00000,-6.349,0,201.8,0.0
16.314366,3,1,0.245041,0.245041,0.2470,-0.00196,1,0,1,+0.92839,+0.89074,0.03849,340.33,+0.00000,+0.00000,0.00000,0.0018,0,1,0,1,+5.000,+0.000,+5.000,+0.04741,-18.775,-0.00000,0.00,+0.00000,0,+0.00000,+0.00000,0.00000,-6.349,0,201.8,0.0
16.319190,3,1,0.245047,0.245047,0.2470,-0.00195,1,0,1,+0.92839,+0.89074,0.03849,340.33,+0.00000,+0.00000,0.00000,0.0018,0,1,0,1,+5.000,+0.000,+5.000,+0.04745,-18.774,-0.00000,0.00,+0.00000,0,+0.00000,+0.00000,0.00000,-6.357,0,201.8,0.0
16.323643,3,1,0.245053,0.245053,0.2470,-0.00195,1,0,1,+0.92839,+0.89074,0.03849,340.33,+0.00000,+0.00000,0.00000,0.0018,0,1,0,1,+5.000,+0.000,+5.000,+0.04755,-18.775,-0.00000,0.00,+0.00000,0,+0.00000,+0.00000,0.00000,-6.380,0,201.8,0.0
16.328252,3,1,0.245059,0.245059,0.2470,-0.00194,1,0,1,+0.92839,+0.89074,0.03849,340.33,+0.00000,+0.00000,0.00000,0.0018,0,1,0,1,+5.000,+0.000,+5.000,+0.04755,-18.775,-0.00000,0.00,+0.00000,0,+0.00000,+0.00000,0.00000,-6.380,0,201.8,0.0
16.332926,3,1,0.245065,0.245065,0.2470,-0.00194,1,0,1,+0.92839,+0.89074,0.03849,340.33,+0.00000,+0.00000,0.00000,0.0018,0,1,0,1,+5.000,+0.000,+5.000,+0.04755,-18.775,-0.00000,0.00,+0.00000,0,+0.00000,+0.00000,0.00000,-6.380,0,201.8,0.0
16.337230,3,1,0.245070,0.245070,0.2470,-0.00193,1,0,1,+0.92839,+0.89074,0.03849,340.33,+0.00000,+0.00000,0.00000,0.0017,0,1,0,1,+5.000,+0.000,+5.000,+0.04732,-18.773,-0.00000,0.00,+0.00000,0,+0.00000,+0.00000,0.00000,-6.327,0,201.8,0.0
16.346727,3,1,0.245082,0.245082,0.2470,-0.00192,1,0,1,+0.92839,+0.89074,0.03849,340.33,+0.00000,+0.00000,0.00000,0.0017,0,1,0,1,+5.000,+0.000,+5.000,+0.04751,-18.774,-0.00000,0.00,+0.00000,0,+0.00000,+0.00000,0.00000,-6.372,0,201.8,0.0
16.351558,3,1,0.245089,0.245089,0.2470,-0.00191,1,0,1,+0.92839,+0.89074,0.03849,340.33,+0.00000,+0.00000,0.00000,0.0017,0,1,0,1,+5.000,+0.000,+5.000,+0.04736,-18.772,-0.00000,0.00,+0.00000,0,+0.00000,+0.00000,0.00000,-6.337,0,201.8,0.0
16.356011,3,1,0.245094,0.245094,0.2470,-0.00191,1,0,1,+0.92839,+0.89074,0.03849,340.33,+0.00000,+0.00000,0.00000,0.0017,0,1,0,1,+5.000,+0.000,+5.000,+0.04736,-18.772,-0.00000,0.00,+0.00000,0,+0.00000,+0.00000,0.00000,-6.337,0,201.8,0.0
16.360585,3,1,0.245100,0.245100,0.2470,-0.00190,1,0,1,+0.92839,+0.89074,0.03849,340.33,+0.00000,+0.00000,0.00000,0.0017,0,1,0,1,+5.000,+0.000,+5.000,+0.04747,-18.773,-0.00000,0.00,+0.00000,0,+0.00000,+0.00000,0.00000,-6.363,0,201.8,0.0
16.365342,3,1,0.245106,0.245106,0.2470,-0.00189,1,0,1,+0.92839,+0.89074,0.03849,340.33,+0.00000,+0.00000,0.00000,0.0017,0,1,0,1,+5.000,+0.000,+5.000,+0.04747,-18.773,-0.00000,0.00,+0.00000,0,+0.00000,+0.00000,0.00000,-6.363,0,201.8,0.0
16.369733,3,1,0.245112,0.245112,0.2470,-0.00189,1,0,1,+0.92839,+0.89074,0.03849,340.33,+0.00000,+0.00000,0.00000,0.0016,0,1,0,1,+5.000,+0.000,+5.000,+0.04772,-18.774,-0.00000,0.00,+0.00000,0,+0.00000,+0.00000,0.00000,-6.418,0,201.8,0.0
16.374053,3,1,0.245117,0.245117,0.2470,-0.00188,1,0,1,+0.92839,+0.89074,0.03849,340.33,+0.00000,+0.00000,0.00000,0.0016,0,1,0,1,+5.000,+0.000,+5.000,+0.04772,-18.774,-0.00000,0.00,+0.00000,0,+0.00000,+0.00000,0.00000,-6.418,0,201.8,0.0
16.378922,3,1,0.245123,0.245123,0.2470,-0.00188,1,0,1,+0.92839,+0.89074,0.03849,340.33,+0.00000,+0.00000,0.00000,0.0016,0,1,0,1,+5.000,+0.000,+5.000,+0.04776,-18.774,-0.00000,0.00,+0.00000,0,+0.00000,+0.00000,0.00000,-6.428,0,201.8,0.0
16.383332,3,1,0.245129,0.245129,0.2470,-0.00187,1,0,1,+0.92839,+0.89074,0.03849,340.33,+0.00000,+0.00000,0.00000,0.0016,0,1,0,1,+5.000,+0.000,+5.000,+0.04776,-18.774,-0.00000,0.00,+0.00000,0,+0.00000,+0.00000,0.00000,-6.428,0,201.8,0.0
16.387840,3,1,0.245134,0.245134,0.2470,-0.00187,1,0,1,+0.92839,+0.89074,0.03849,340.33,+0.00000,+0.00000,0.00000,0.0016,0,1,0,1,+5.000,+0.000,+5.000,+0.04766,-18.773,-0.00000,0.00,+0.00000,0,+0.00000,+0.00000,0.00000,-6.405,0,201.8,0.0
16.392196,3,1,0.245140,0.245140,0.2470,-0.00186,1,0,1,+0.92839,+0.89074,0.03849,340.33,+0.00000,+0.00000,0.00000,0.0016,0,1,0,1,+5.000,+0.000,+5.000,+0.04766,-18.773,-0.00000,0.00,+0.00000,0,+0.00000,+0.00000,0.00000,-6.405,0,201.8,0.0
16.397064,3,1,0.245146,0.245146,0.2470,-0.00185,1,0,1,+0.92839,+0.89074,0.03849,340.33,+0.00000,+0.00000,0.00000,0.0015,0,1,0,1,+5.000,+0.000,+5.000,+0.04769,-18.773,-0.00000,0.00,+0.00000,0,+0.00000,+0.00000,0.00000,-6.413,0,201.8,0.0
16.401620,3,1,0.245151,0.245151,0.2470,-0.00185,1,0,1,+0.92839,+0.89074,0.03849,340.33,+0.00000,+0.00000,0.00000,0.0015,0,1,0,1,+5.000,+0.000,+5.000,+0.04784,-18.773,-0.00000,0.00,+0.00000,0,+0.00000,+0.00000,0.00000,-6.446,0,201.8,0.0
16.407394,3,1,0.245158,0.245158,0.2470,-0.00184,1,0,1,+0.92839,+0.89074,0.03849,340.33,+0.00000,+0.00000,0.00000,0.0015,0,1,0,1,+5.000,+0.000,+5.000,+0.04784,-18.773,-0.00000,0.00,+0.00000,0,+0.00000,+0.00000,0.00000,-6.446,0,201.8,0.0
16.411696,3,1,0.245164,0.245164,0.2470,-0.00184,1,0,1,+0.92839,+0.89074,0.03849,340.33,+0.00000,+0.00000,0.00000,0.0015,0,1,0,1,+5.000,+0.000,+5.000,+0.04782,-18.773,-0.00000,0.00,+0.00000,0,+0.00000,+0.00000,0.00000,-6.442,0,201.8,0.0
16.416322,3,1,0.245169,0.245169,0.2470,-0.00183,1,0,1,+0.92839,+0.89074,0.03849,340.33,+0.00000,+0.00000,0.00000,0.0015,0,1,0,1,+5.000,+0.000,+5.000,+0.04782,-18.773,-0.00000,0.00,+0.00000,0,+0.00000,+0.00000,0.00000,-6.442,0,201.8,0.0
16.420845,3,1,0.245175,0.245175,0.2470,-0.00183,1,0,1,+0.92839,+0.89074,0.03849,340.33,+0.00000,+0.00000,0.00000,0.0015,0,1,0,1,+5.000,+0.000,+5.000,+0.04795,-18.773,-0.00000,0.00,+0.00000,0,+0.00000,+0.00000,0.00000,-6.472,0,201.8,0.0
16.425485,3,1,0.245181,0.245181,0.2470,-0.00182,1,0,1,+0.92839,+0.89074,0.03849,340.33,+0.00000,+0.00000,0.00000,0.0015,0,1,0,1,+5.000,+0.000,+5.000,+0.04809,-18.774,-0.00000,0.00,+0.00000,0,+0.00000,+0.00000,0.00000,-6.505,0,201.8,0.0
16.431329,3,1,0.245188,0.245188,0.2470,-0.00181,1,0,1,+0.92839,+0.89074,0.03849,340.33,+0.00000,+0.00000,0.00000,0.0014,0,1,0,1,+5.000,+0.000,+5.000,+0.04809,-18.774,-0.00000,0.00,+0.00000,0,+0.00000,+0.00000,0.00000,-6.505,0,201.8,0.0
16.435546,3,1,0.245193,0.245193,0.2470,-0.00181,1,0,1,+0.92839,+0.89074,0.03849,340.33,+0.00000,+0.00000,0.00000,0.0014,0,1,0,1,+5.000,+0.000,+5.000,+0.04810,-18.774,-0.00000,0.00,+0.00000,0,+0.00000,+0.00000,0.00000,-6.507,0,201.8,0.0
16.440089,3,1,0.245198,0.245198,0.2470,-0.00180,1,0,1,+0.92839,+0.89074,0.03849,340.33,+0.00000,+0.00000,0.00000,0.0014,0,1,0,1,+5.000,+0.000,+5.000,+0.04810,-18.774,-0.00000,0.00,+0.00000,0,+0.00000,+0.00000,0.00000,-6.507,0,201.8,0.0
16.444666,3,1,0.245204,0.245204,0.2470,-0.00180,1,0,1,+0.92839,+0.89074,0.03849,340.33,+0.00000,+0.00000,0.00000,0.0014,0,1,0,1,+5.000,+0.000,+5.000,+0.04788,-18.771,-0.00000,0.00,+0.00000,0,+0.00000,+0.00000,0.00000,-6.456,0,201.8,0.0
16.449368,3,1,0.245209,0.245209,0.2470,-0.00179,1,0,1,+0.92839,+0.89074,0.03849,340.33,+0.00000,+0.00000,0.00000,0.0014,0,1,0,1,+5.000,+0.000,+5.000,+0.04788,-18.771,-0.00000,0.00,+0.00000,0,+0.00000,+0.00000,0.00000,-6.456,0,201.8,0.0
16.453654,3,1,0.245214,0.245214,0.2470,-0.00179,1,0,1,+0.92839,+0.89074,0.03849,340.33,+0.00000,+0.00000,0.00000,0.0014,0,1,0,1,+5.000,+0.000,+5.000,+0.04813,-18.773,-0.00000,0.00,+0.00000,0,+0.00000,+0.00000,0.00000,-6.514,0,201.8,0.0
16.458334,3,1,0.245220,0.245220,0.2470,-0.00178,1,0,1,+0.92839,+0.89074,0.03849,340.33,+0.00000,+0.00000,0.00000,0.0014,0,1,0,1,+5.000,+0.000,+5.000,+0.04813,-18.773,-0.00000,0.00,+0.00000,0,+0.00000,+0.00000,0.00000,-6.514,0,201.8,0.0
16.469863,3,1,0.245234,0.245234,0.2470,-0.00177,1,0,1,+0.92839,+0.89074,0.03849,340.33,+0.00000,+0.00000,0.00000,0.0013,0,1,0,1,+5.000,+0.000,+5.000,+0.04811,-18.772,-0.00000,0.00,+0.00000,0,+0.00000,+0.00000,0.00000,-6.508,0,201.8,0.0
16.475254,3,1,0.245240,0.245240,0.2470,-0.00176,1,0,1,+0.92839,+0.89074,0.03849,340.33,+0.00000,+0.00000,0.00000,0.0013,0,1,0,1,+5.000,+0.000,+5.000,+0.04787,-18.770,-0.00000,0.00,+0.00000,0,+0.00000,+0.00000,0.00000,-6.454,0,201.8,0.0
16.479829,3,1,0.245245,0.245245,0.2470,-0.00175,1,0,1,+0.92839,+0.89074,0.03849,340.33,+0.00000,+0.00000,0.00000,0.0013,0,1,0,1,+5.000,+0.000,+5.000,+0.04814,-18.772,-0.00000,0.00,+0.00000,0,+0.00000,+0.00000,0.00000,-6.517,0,201.8,0.0
16.484502,3,1,0.245251,0.245251,0.2470,-0.00175,1,0,1,+0.92839,+0.89074,0.03849,340.33,+0.00000,+0.00000,0.00000,0.0013,0,1,0,1,+5.000,+0.000,+5.000,+0.04814,-18.772,-0.00000,0.00,+0.00000,0,+0.00000,+0.00000,0.00000,-6.517,0,201.8,0.0
16.488963,3,1,0.245256,0.245256,0.2470,-0.00174,1,0,1,+0.92839,+0.89074,0.03849,340.33,+0.00000,+0.00000,0.00000,0.0013,0,1,0,1,+5.000,+0.000,+5.000,+0.04816,-18.771,-0.00000,0.00,+0.00000,0,+0.00000,+0.00000,0.00000,-6.521,0,201.8,0.0
16.493538,3,1,0.245261,0.245261,0.2470,-0.00174,1,0,1,+0.92839,+0.89074,0.03849,340.33,+0.00000,+0.00000,0.00000,0.0013,0,1,0,1,+5.000,+0.000,+5.000,+0.04830,-18.772,-0.00000,0.00,+0.00000,0,+0.00000,+0.00000,0.00000,-6.553,0,201.8,0.0
16.499917,3,1,0.245269,0.245269,0.2470,-0.00173,1,0,1,+0.92839,+0.89074,0.03849,340.33,+0.00000,+0.00000,0.00000,0.0013,0,1,0,1,+5.000,+0.000,+5.000,+0.04830,-18.772,-0.00000,0.00,+0.00000,0,+0.00000,+0.00000,0.00000,-6.553,0,201.8,0.0
16.504156,3,1,0.245273,0.245273,0.2470,-0.00173,1,0,1,+0.92839,+0.89074,0.03849,340.33,+0.00000,+0.00000,0.00000,0.0013,0,1,0,1,+5.000,+0.000,+5.000,+0.04828,-18.771,-0.00000,0.00,+0.00000,0,+0.00000,+0.00000,0.00000,-6.547,0,201.8,0.0
16.508606,3,1,0.245279,0.245279,0.2470,-0.00172,1,0,1,+0.92839,+0.89074,0.03849,340.33,+0.00000,+0.00000,0.00000,0.0012,0,1,0,1,+5.000,+0.000,+5.000,+0.04828,-18.771,-0.00000,0.00,+0.00000,0,+0.00000,+0.00000,0.00000,-6.547,0,201.8,0.0
16.513263,3,1,0.245284,0.245284,0.2470,-0.00172,1,0,1,+0.92839,+0.89074,0.03849,340.33,+0.00000,+0.00000,0.00000,0.0012,0,1,0,1,+5.000,+0.000,+5.000,+0.04840,-18.772,-0.00000,0.00,+0.00000,0,+0.00000,+0.00000,0.00000,-6.574,0,201.8,0.0
16.517545,3,1,0.245289,0.245289,0.2470,-0.00171,1,0,1,+0.92839,+0.89074,0.03849,340.33,+0.00000,+0.00000,0.00000,0.0012,0,1,0,1,+5.000,+0.000,+5.000,+0.04840,-18.772,-0.00000,0.00,+0.00000,0,+0.00000,+0.00000,0.00000,-6.574,0,201.8,0.0
16.521983,3,1,0.245294,0.245294,0.2470,-0.00171,1,0,1,+0.92839,+0.89074,0.03849,340.33,+0.00000,+0.00000,0.00000,0.0012,0,1,0,1,+5.000,+0.000,+5.000,+0.04827,-18.770,-0.00000,0.00,+0.00000,0,+0.00000,+0.00000,0.00000,-6.544,0,201.8,0.0
16.527005,3,1,0.245300,0.245300,0.2470,-0.00170,1,0,1,+0.92839,+0.89074,0.03849,340.33,+0.00000,+0.00000,0.00000,0.0012,0,1,0,1,+5.000,+0.000,+5.000,+0.04848,-18.771,-0.00000,0.00,+0.00000,0,+0.00000,+0.00000,0.00000,-6.593,0,201.8,0.0
16.531685,3,1,0.245305,0.245305,0.2470,-0.00170,1,0,1,+0.92839,+0.89074,0.03849,340.33,+0.00000,+0.00000,0.00000,0.0012,0,1,0,1,+5.000,+0.000,+5.000,+0.04848,-18.771,-0.00000,0.00,+0.00000,0,+0.00000,+0.00000,0.00000,-6.593,0,201.8,0.0
16.537094,3,1,0.245311,0.245311,0.2470,-0.00169,1,0,1,+0.92839,+0.89074,0.03849,340.33,+0.00000,+0.00000,0.00000,0.0012,0,1,0,1,+5.000,+0.000,+5.000,+0.04843,-18.771,-0.00000,0.00,+0.00000,0,+0.00000,+0.00000,0.00000,-6.582,0,201.8,0.0
16.543199,3,1,0.245318,0.245318,0.2470,-0.00168,1,0,1,+0.92839,+0.89074,0.03849,340.33,+0.00000,+0.00000,0.00000,0.0012,0,1,0,1,+5.000,+0.000,+5.000,+0.04843,-18.771,-0.00000,0.00,+0.00000,0,+0.00000,+0.00000,0.00000,-6.582,0,201.8,0.0
16.547754,3,1,0.245323,0.245323,0.2470,-0.00168,1,0,1,+0.92839,+0.89074,0.03849,340.33,+0.00000,+0.00000,0.00000,0.0011,0,1,0,1,+5.000,+0.000,+5.000,+0.04840,-18.770,-0.00000,0.00,+0.00000,0,+0.00000,+0.00000,0.00000,-6.575,0,201.8,0.0
16.552436,3,1,0.245328,0.245328,0.2470,-0.00167,1,0,1,+0.92839,+0.89074,0.03849,340.33,+0.00000,+0.00000,0.00000,0.0011,0,1,0,1,+5.000,+0.000,+5.000,+0.04840,-18.770,-0.00000,0.00,+0.00000,0,+0.00000,+0.00000,0.00000,-6.575,0,201.8,0.0
16.556928,3,1,0.245333,0.245333,0.2470,-0.00167,1,0,1,+0.92839,+0.89074,0.03849,340.33,+0.00000,+0.00000,0.00000,0.0011,0,1,0,1,+5.000,+0.000,+5.000,+0.04847,-18.770,-0.00000,0.00,+0.00000,0,+0.00000,+0.00000,0.00000,-6.590,0,201.8,0.0
16.561526,3,1,0.245338,0.245338,0.2470,-0.00166,1,0,1,+0.92839,+0.89074,0.03849,340.33,+0.00000,+0.00000,0.00000,0.0011,0,1,0,1,+5.000,+0.000,+5.000,+0.04847,-18.770,-0.00000,0.00,+0.00000,0,+0.00000,+0.00000,0.00000,-6.590,0,201.8,0.0
16.566242,3,1,0.245343,0.245343,0.2470,-0.00166,1,0,1,+0.92839,+0.89074,0.03849,340.33,+0.00000,+0.00000,0.00000,0.0011,0,1,0,1,+5.000,+0.000,+5.000,+0.04842,-18.769,-0.00000,0.00,+0.00000,0,+0.00000,+0.00000,0.00000,-6.579,0,201.8,0.0
16.579342,3,1,0.245358,0.245358,0.2470,-0.00164,1,0,1,+0.92839,+0.89074,0.03849,340.33,+0.00000,+0.00000,0.00000,0.0011,0,1,0,1,+5.000,+0.000,+5.000,+0.04833,-18.768,-0.00000,0.00,+0.00000,0,+0.00000,+0.00000,0.00000,-6.559,0,201.8,0.0
16.583951,3,1,0.245363,0.245363,0.2470,-0.00164,1,0,1,+0.92839,+0.89074,0.03849,340.33,+0.00000,+0.00000,0.00000,0.0011,0,1,0,1,+5.000,+0.000,+5.000,+0.04827,-18.767,-0.00000,0.00,+0.00000,0,+0.00000,+0.00000,0.00000,-6.545,0,201.8,0.0
16.588748,3,1,0.245368,0.245368,0.2470,-0.00163,1,0,1,+0.92839,+0.89074,0.03849,340.33,+0.00000,+0.00000,0.00000,0.0011,0,1,0,1,+5.000,+0.000,+5.000,+0.04842,-18.768,-0.00000,0.00,+0.00000,0,+0.00000,+0.00000,0.00000,-6.580,0,201.8,0.0
16.592997,3,1,0.245373,0.245373,0.2470,-0.00163,1,0,1,+0.92839,+0.89074,0.03849,340.33,+0.00000,+0.00000,0.00000,0.0010,0,1,0,1,+5.000,+0.000,+5.000,+0.04842,-18.768,-0.00000,0.00,+0.00000,0,+0.00000,+0.00000,0.00000,-6.580,0,201.8,0.0
16.597213,3,1,0.245377,0.245377,0.2470,-0.00162,1,0,1,+0.92839,+0.89074,0.03849,340.33,+0.00000,+0.00000,0.00000,0.0010,0,1,0,1,+5.000,+0.000,+5.000,+0.04845,-18.768,-0.00000,0.00,+0.00000,0,+0.00000,+0.00000,0.00000,-6.586,0,201.8,0.0
16.601890,3,1,0.245382,0.245382,0.2470,-0.00162,1,0,1,+0.92839,+0.89074,0.03849,340.33,+0.00000,+0.00000,0.00000,0.0010,0,1,0,1,+5.000,+0.000,+5.000,+0.04845,-18.768,-0.00000,0.00,+0.00000,0,+0.00000,+0.00000,0.00000,-6.586,0,201.8,0.0
16.606205,3,1,0.245387,0.245387,0.2470,-0.00161,1,0,1,+0.92839,+0.89074,0.03849,340.33,+0.00000,+0.00000,0.00000,0.0010,0,1,0,1,+5.000,+0.000,+5.000,+0.04845,-18.768,-0.00000,0.00,+0.00000,0,+0.00000,+0.00000,0.00000,-6.586,0,201.8,0.0
16.610722,3,1,0.245392,0.245392,0.2470,-0.00161,1,0,1,+0.92839,+0.89074,0.03849,340.33,+0.00000,+0.00000,0.00000,0.0010,0,1,0,1,+5.000,+0.000,+5.000,+0.04829,-18.766,-0.00000,0.00,+0.00000,0,+0.00000,+0.00000,0.00000,-6.551,0,201.8,0.0
16.615396,3,1,0.245397,0.245397,0.2470,-0.00160,1,0,1,+0.92839,+0.89074,0.03849,340.33,+0.00000,+0.00000,0.00000,0.0010,0,1,0,1,+5.000,+0.000,+5.000,+0.04829,-18.766,-0.00000,0.00,+0.00000,0,+0.00000,+0.00000,0.00000,-6.551,0,201.8,0.0
16.619925,3,1,0.245402,0.245402,0.2470,-0.00160,1,0,1,+0.92839,+0.89074,0.03849,340.33,+0.00000,+0.00000,0.00000,0.0010,0,1,0,1,+5.000,+0.000,+5.000,+0.04824,-18.765,-0.00000,0.00,+0.00000,0,+0.00000,+0.00000,0.00000,-6.539,0,201.8,0.0
16.624495,3,1,0.245407,0.245407,0.2470,-0.00159,1,0,1,+0.92839,+0.89074,0.03849,340.33,+0.00000,+0.00000,0.00000,0.0010,0,1,0,1,+5.000,+0.000,+5.000,+0.04831,-18.765,-0.00000,0.00,+0.00000,0,+0.00000,+0.00000,0.00000,-6.555,0,201.8,0.0
16.629128,3,1,0.245411,0.245411,0.2470,-0.00159,1,0,1,+0.92839,+0.89074,0.03849,340.33,+0.00000,+0.00000,0.00000,0.0010,0,1,0,1,+5.000,+0.000,+5.000,+0.04831,-18.765,-0.00000,0.00,+0.00000,0,+0.00000,+0.00000,0.00000,-6.555,0,201.8,0.0
16.633521,3,1,0.245416,0.245416,0.2470,-0.00158,1,0,1,+0.92839,+0.89074,0.03849,340.33,+0.00000,+0.00000,0.00000,0.0010,0,1,0,1,+5.000,+0.000,+5.000,+0.04835,-18.765,-0.00000,0.00,+0.00000,0,+0.00000,+0.00000,0.00000,-6.563,0,201.8,0.0
16.640888,3,1,0.245424,0.245424,0.2470,-0.00158,1,0,1,+0.92839,+0.89074,0.03849,340.33,+0.00000,+0.00000,0.00000,0.0010,0,1,0,1,+5.000,+0.000,+5.000,+0.04835,-18.765,-0.00000,0.00,+0.00000,0,+0.00000,+0.00000,0.00000,-6.563,0,201.8,0.0
16.645629,3,1,0.245429,0.245429,0.2470,-0.00157,1,0,1,+0.92839,+0.89074,0.03849,340.33,+0.00000,+0.00000,0.00000,0.0009,0,1,0,1,+5.000,+0.000,+5.000,+0.04834,-18.765,-0.00000,0.00,+0.00000,0,+0.00000,+0.00000,0.00000,-6.562,0,201.8,0.0
16.650048,3,1,0.245433,0.245433,0.2470,-0.00157,1,0,1,+0.92839,+0.89074,0.03849,340.33,+0.00000,+0.00000,0.00000,0.0009,0,1,0,1,+5.000,+0.000,+5.000,+0.04840,-18.765,-0.00000,0.00,+0.00000,0,+0.00000,+0.00000,0.00000,-6.576,0,201.8,0.0
16.654271,3,1,0.245438,0.245438,0.2470,-0.00156,1,0,1,+0.92839,+0.89074,0.03849,340.33,+0.00000,+0.00000,0.00000,0.0009,0,1,0,1,+5.000,+0.000,+5.000,+0.04840,-18.765,-0.00000,0.00,+0.00000,0,+0.00000,+0.00000,0.00000,-6.576,0,201.8,0.0
16.658917,3,1,0.245443,0.245443,0.2470,-0.00156,1,0,1,+0.92839,+0.89074,0.03849,340.33,+0.00000,+0.00000,0.00000,0.0009,0,1,0,1,+5.000,+0.000,+5.000,+0.04838,-18.764,-0.00000,0.00,+0.00000,0,+0.00000,+0.00000,0.00000,-6.570,0,201.8,0.0
16.663567,3,1,0.245448,0.245448,0.2470,-0.00155,1,0,1,+0.92839,+0.89074,0.03849,340.33,+0.00000,+0.00000,0.00000,0.0009,0,1,0,1,+5.000,+0.000,+5.000,+0.04838,-18.764,-0.00000,0.00,+0.00000,0,+0.00000,+0.00000,0.00000,-6.570,0,201.8,0.0
16.668055,3,1,0.245452,0.245452,0.2470,-0.00155,1,0,1,+0.92839,+0.89074,0.03849,340.33,+0.00000,+0.00000,0.00000,0.0009,0,1,0,1,+5.000,+0.000,+5.000,+0.04848,-18.765,-0.00000,0.00,+0.00000,0,+0.00000,+0.00000,0.00000,-6.593,0,201.8,0.0
16.676054,3,1,0.245460,0.245460,0.2470,-0.00154,1,0,1,+0.92839,+0.89074,0.03849,340.33,+0.00000,+0.00000,0.00000,0.0009,0,1,0,1,+5.000,+0.000,+5.000,+0.04846,-18.764,-0.00000,0.00,+0.00000,0,+0.00000,+0.00000,0.00000,-6.590,0,201.8,0.0
16.680707,3,1,0.245465,0.245465,0.2470,-0.00153,1,0,1,+0.92839,+0.89074,0.03849,340.33,+0.00000,+0.00000,0.00000,0.0009,0,1,0,1,+5.000,+0.000,+5.000,+0.04846,-18.764,-0.00000,0.00,+0.00000,0,+0.00000,+0.00000,0.00000,-6.590,0,201.8,0.0
16.685282,3,1,0.245470,0.245470,0.2470,-0.00153,1,0,1,+0.92839,+0.89074,0.03849,340.33,+0.00000,+0.00000,0.00000,0.0009,0,1,0,1,+5.000,+0.000,+5.000,+0.04846,-18.764,-0.00000,0.00,+0.00000,0,+0.00000,+0.00000,0.00000,-6.590,0,201.8,0.0
16.689446,3,1,0.245474,0.245474,0.2470,-0.00153,1,0,1,+0.92839,+0.89074,0.03849,340.33,+0.00000,+0.00000,0.00000,0.0009,0,1,0,1,+5.000,+0.000,+5.000,+0.04828,-18.762,-0.00000,0.00,+0.00000,0,+0.00000,+0.00000,0.00000,-6.549,0,201.8,0.0
16.694021,3,1,0.245479,0.245479,0.2470,-0.00152,1,0,1,+0.92839,+0.89074,0.03849,340.33,+0.00000,+0.00000,0.00000,0.0009,0,1,0,1,+5.000,+0.000,+5.000,+0.04855,-18.764,-0.00000,0.00,+0.00000,0,+0.00000,+0.00000,0.00000,-6.609,0,201.8,0.0
16.698386,3,1,0.245483,0.245483,0.2470,-0.00152,1,0,1,+0.92839,+0.89074,0.03849,340.33,+0.00000,+0.00000,0.00000,0.0008,0,1,0,1,+5.000,+0.000,+5.000,+0.04855,-18.764,-0.00000,0.00,+0.00000,0,+0.00000,+0.00000,0.00000,-6.609,0,201.8,0.0
16.702825,3,1,0.245488,0.245488,0.2470,-0.00151,1,0,1,+0.92839,+0.89074,0.03849,340.33,+0.00000,+0.00000,0.00000,0.0008,0,1,0,1,+5.000,+0.000,+5.000,+0.04852,-18.764,-0.00000,0.00,+0.00000,0,+0.00000,+0.00000,0.00000,-6.603,0,201.8,0.0
16.706976,3,1,0.245492,0.245492,0.2470,-0.00151,1,0,1,+0.92839,+0.89074,0.03849,340.33,+0.00000,+0.00000,0.00000,0.0008,0,1,0,1,+5.000,+0.000,+5.000,+0.04852,-18.764,-0.00000,0.00,+0.00000,0,+0.00000,+0.00000,0.00000,-6.603,0,201.8,0.0
16.711627,3,1,0.245496,0.245496,0.2470,-0.00150,1,0,1,+0.92839,+0.89074,0.03849,340.33,+0.00000,+0.00000,0.00000,0.0008,0,1,0,1,+5.000,+0.000,+5.000,+0.04846,-18.763,-0.00000,0.00,+0.00000,0,+0.00000,+0.00000,0.00000,-6.589,0,201.8,0.0
16.716186,3,1,0.245501,0.245501,0.2470,-0.00150,1,0,1,+0.92839,+0.89074,0.03849,340.33,+0.00000,+0.00000,0.00000,0.0008,0,1,0,1,+5.000,+0.000,+5.000,+0.04846,-18.763,-0.00000,0.00,+0.00000,0,+0.00000,+0.00000,0.00000,-6.589,0,201.8,0.0
16.720710,3,1,0.245506,0.245506,0.2470,-0.00149,1,0,1,+0.92839,+0.89074,0.03849,340.33,+0.00000,+0.00000,0.00000,0.0008,0,1,0,1,+5.000,+0.000,+5.000,+0.04859,-18.764,-0.00000,0.00,+0.00000,0,+0.00000,+0.00000,0.00000,-6.620,0,201.8,0.0
16.730604,3,1,0.245515,0.245515,0.2470,-0.00148,1,0,1,+0.92839,+0.89074,0.03849,340.33,+0.00000,+0.00000,0.00000,0.0008,0,1,0,1,+5.000,+0.000,+5.000,+0.04815,-18.760,-0.00000,0.00,+0.00000,0,+0.00000,+0.00000,0.00000,-6.518,0,201.8,0.0
16.737779,3,1,0.245522,0.245522,0.2470,-0.00148,1,0,1,+0.92839,+0.89074,0.03849,340.33,+0.00000,+0.00000,0.00000,0.0008,0,1,0,1,+5.000,+0.000,+5.000,+0.04837,-18.761,-0.00000,0.00,+0.00000,0,+0.00000,+0.00000,0.00000,-6.568,0,201.8,0.0
16.742437,3,1,0.245527,0.245527,0.2470,-0.00147,1,0,1,+0.92839,+0.89074,0.03849,340.33,+0.00000,+0.00000,0.00000,0.0008,0,1,0,1,+5.000,+0.000,+5.000,+0.04837,-18.761,-0.00000,0.00,+0.00000,0,+0.00000,+0.00000,0.00000,-6.568,0,201.8,0.0
16.746924,3,1,0.245531,0.245531,0.2470,-0.00147,1,0,1,+0.92839,+0.89074,0.03849,340.33,+0.00000,+0.00000,0.00000,0.0008,0,1,0,1,+5.000,+0.000,+5.000,+0.04837,-18.761,-0.00000,0.00,+0.00000,0,+0.00000,+0.00000,0.00000,-6.568,0,201.8,0.0
16.751961,3,1,0.245536,0.245536,0.2470,-0.00146,1,0,1,+0.92839,+0.89074,0.03849,340.33,+0.00000,+0.00000,0.00000,0.0008,0,1,0,1,+5.000,+0.000,+5.000,+0.04821,-18.759,-0.00000,0.00,+0.00000,0,+0.00000,+0.00000,0.00000,-6.531,0,201.8,0.0
16.756577,3,1,0.245541,0.245541,0.2470,-0.00146,1,0,1,+0.92839,+0.89074,0.03849,340.33,+0.00000,+0.00000,0.00000,0.0008,0,1,0,1,+5.000,+0.000,+5.000,+0.04848,-18.761,-0.00000,0.00,+0.00000,0,+0.00000,+0.00000,0.00000,-6.594,0,201.8,0.0
16.761010,3,1,0.245545,0.245545,0.2470,-0.00145,1,0,1,+0.92839,+0.89074,0.03849,340.33,+0.00000,+0.00000,0.00000,0.0007,0,1,0,1,+5.000,+0.000,+5.000,+0.04848,-18.761,-0.00000,0.00,+0.00000,0,+0.00000,+0.00000,0.00000,-6.594,0,201.8,0.0
16.765649,3,1,0.245550,0.245550,0.2470,-0.00145,1,0,1,+0.92839,+0.89074,0.03849,340.33,+0.00000,+0.00000,0.00000,0.0007,0,1,0,1,+5.000,+0.000,+5.000,+0.04838,-18.760,-0.00000,0.00,+0.00000,0,+0.00000,+0.00000,0.00000,-6.571,0,201.8,0.0
16.769821,3,1,0.245554,0.245554,0.2470,-0.00145,1,0,1,+0.92839,+0.89074,0.03849,340.33,+0.00000,+0.00000,0.00000,0.0007,0,1,0,1,+5.000,+0.000,+5.000,+0.04838,-18.760,-0.00000,0.00,+0.00000,0,+0.00000,+0.00000,0.00000,-6.571,0,201.8,0.0
16.774341,3,1,0.245558,0.245558,0.2470,-0.00144,1,0,1,+0.92839,+0.89074,0.03849,340.33,+0.00000,+0.00000,0.00000,0.0007,0,1,0,1,+5.000,+0.000,+5.000,+0.04834,-18.760,-0.00000,0.00,+0.00000,0,+0.00000,+0.00000,0.00000,-6.560,0,201.8,0.0
16.778862,3,1,0.245562,0.245562,0.2470,-0.00144,1,0,1,+0.92839,+0.89074,0.03849,340.33,+0.00000,+0.00000,0.00000,0.0007,0,1,0,1,+5.000,+0.000,+5.000,+0.04834,-18.760,-0.00000,0.00,+0.00000,0,+0.00000,+0.00000,0.00000,-6.560,0,201.8,0.0
16.783381,3,1,0.245567,0.245567,0.2470,-0.00143,1,0,1,+0.92839,+0.89074,0.03849,340.33,+0.00000,+0.00000,0.00000,0.0007,0,1,0,1,+5.000,+0.000,+5.000,+0.04830,-18.759,-0.00000,0.00,+0.00000,0,+0.00000,+0.00000,0.00000,-6.552,0,201.8,0.0
16.787928,3,1,0.245571,0.245571,0.2470,-0.00143,1,0,1,+0.92839,+0.89074,0.03849,340.33,+0.00000,+0.00000,0.00000,0.0007,0,1,0,1,+5.000,+0.000,+5.000,+0.04830,-18.759,-0.00000,0.00,+0.00000,0,+0.00000,+0.00000,0.00000,-6.552,0,201.8,0.0
16.792814,3,1,0.245576,0.245576,0.2470,-0.00142,1,0,1,+0.92839,+0.89074,0.03849,340.33,+0.00000,+0.00000,0.00000,0.0007,0,1,0,1,+5.000,+0.000,+5.000,+0.04837,-18.759,-0.00000,0.00,+0.00000,0,+0.00000,+0.00000,0.00000,-6.568,0,201.8,0.0
16.797482,3,1,0.245580,0.245580,0.2470,-0.00142,1,0,1,+0.92839,+0.89074,0.03849,340.33,+0.00000,+0.00000,0.00000,0.0007,0,1,0,1,+5.000,+0.000,+5.000,+0.04837,-18.759,-0.00000,0.00,+0.00000,0,+0.00000,+0.00000,0.00000,-6.568,0,201.8,0.0
16.802012,3,1,0.245584,0.245584,0.2470,-0.00142,1,0,1,+0.92839,+0.89074,0.03849,340.33,+0.00000,+0.00000,0.00000,0.0007,0,1,0,1,+5.000,+0.000,+5.000,+0.04827,-18.758,-0.00000,0.00,+0.00000,0,+0.00000,+0.00000,0.00000,-6.546,0,201.8,0.0
16.807148,3,1,0.245589,0.245589,0.2470,-0.00141,1,0,1,+0.92839,+0.89074,0.03849,340.33,+0.00000,+0.00000,0.00000,0.0007,0,1,0,1,+5.000,+0.000,+5.000,+0.04827,-18.758,-0.00000,0.00,+0.00000,0,+0.00000,+0.00000,0.00000,-6.546,0,201.8,0.0
16.811531,3,1,0.245593,0.245593,0.2470,-0.00141,1,0,1,+0.92839,+0.89074,0.03849,340.33,+0.00000,+0.00000,0.00000,0.0007,0,1,0,1,+5.000,+0.000,+5.000,+0.04823,-18.758,-0.00000,0.00,+0.00000,0,+0.00000,+0.00000,0.00000,-6.536,0,201.8,0.0
16.815924,3,1,0.245597,0.245597,0.2470,-0.00140,1,0,1,+0.92839,+0.89074,0.03849,340.33,+0.00000,+0.00000,0.00000,0.0007,0,1,0,1,+5.000,+0.000,+5.000,+0.04823,-18.758,-0.00000,0.00,+0.00000,0,+0.00000,+0.00000,0.00000,-6.536,0,201.8,0.0
16.820441,3,1,0.245602,0.245602,0.2470,-0.00140,1,0,1,+0.92839,+0.89074,0.03849,340.33,+0.00000,+0.00000,0.00000,0.0007,0,1,0,1,+5.000,+0.000,+5.000,+0.04829,-18.758,-0.00000,0.00,+0.00000,0,+0.00000,+0.00000,0.00000,-6.550,0,201.8,0.0
16.824912,3,1,0.245606,0.245606,0.2470,-0.00139,1,0,1,+0.92839,+0.89074,0.03849,340.33,+0.00000,+0.00000,0.00000,0.0007,0,1,0,1,+5.000,+0.000,+5.000,+0.04829,-18.758,-0.00000,0.00,+0.00000,0,+0.00000,+0.00000,0.00000,-6.550,0,201.8,0.0
16.829450,3,1,0.245610,0.245610,0.2470,-0.00139,1,0,1,+0.92839,+0.89074,0.03849,340.33,+0.00000,+0.00000,0.00000,0.0007,0,1,0,1,+5.000,+0.000,+5.000,+0.04831,-18.758,-0.00000,0.00,+0.00000,0,+0.00000,+0.00000,0.00000,-6.553,0,201.8,0.0
16.834892,3,1,0.245615,0.245615,0.2470,-0.00138,1,0,1,+0.92839,+0.89074,0.03849,340.33,+0.00000,+0.00000,0.00000,0.0006,0,1,0,1,+5.000,+0.000,+5.000,+0.04825,-18.757,-0.00000,0.00,+0.00000,0,+0.00000,+0.00000,0.00000,-6.540,0,201.8,0.0
16.840324,3,1,0.245620,0.245620,0.2470,-0.00138,1,0,1,+0.92839,+0.89074,0.03849,340.33,+0.00000,+0.00000,0.00000,0.0006,0,1,0,1,+5.000,+0.000,+5.000,+0.04825,-18.757,-0.00000,0.00,+0.00000,0,+0.00000,+0.00000,0.00000,-6.540,0,201.8,0.0
16.844823,3,1,0.245624,0.245624,0.2470,-0.00138,1,0,1,+0.92839,+0.89074,0.03849,340.33,+0.00000,+0.00000,0.00000,0.0006,0,1,0,1,+5.000,+0.000,+5.000,+0.04835,-18.758,-0.00000,0.00,+0.00000,0,+0.00000,+0.00000,0.00000,-6.563,0,201.8,0.0
16.849699,3,1,0.245629,0.245629,0.2470,-0.00137,1,0,1,+0.92839,+0.89074,0.03849,340.33,+0.00000,+0.00000,0.00000,0.0006,0,1,0,1,+5.000,+0.000,+5.000,+0.04835,-18.758,-0.00000,0.00,+0.00000,0,+0.00000,+0.00000,0.00000,-6.563,0,201.8,0.0
16.855253,3,1,0.245634,0.245634,0.2470,-0.00137,1,0,1,+0.92839,+0.89074,0.03849,340.33,+0.00000,+0.00000,0.00000,0.0006,0,1,0,1,+5.000,+0.000,+5.000,+0.04831,-18.757,-0.00000,0.00,+0.00000,0,+0.00000,+0.00000,0.00000,-6.554,0,201.8,0.0
16.859880,3,1,0.245638,0.245638,0.2470,-0.00136,1,0,1,+0.92839,+0.89074,0.03849,340.33,+0.00000,+0.00000,0.00000,0.0006,0,1,0,1,+5.000,+0.000,+5.000,+0.04831,-18.757,-0.00000,0.00,+0.00000,0,+0.00000,+0.00000,0.00000,-6.554,0,201.8,0.0
16.865009,3,1,0.245643,0.245643,0.2470,-0.00136,1,0,1,+0.92839,+0.89074,0.03849,340.33,+0.00000,+0.00000,0.00000,0.0006,0,1,0,1,+5.000,+0.000,+5.000,+0.04827,-18.757,-0.00000,0.00,+0.00000,0,+0.00000,+0.00000,0.00000,-6.546,0,201.8,0.0
16.881832,3,1,0.245658,0.245658,0.2470,-0.00134,1,0,1,+0.92839,+0.89074,0.03849,340.33,+0.00000,+0.00000,0.00000,0.0006,0,1,0,1,+5.000,+0.000,+5.000,+0.04737,-18.749,-0.00000,0.00,+0.00000,0,+0.00000,+0.00000,0.00000,-6.339,0,201.8,0.0
16.886569,3,1,0.245662,0.245662,0.2470,-0.00134,1,0,1,+0.92839,+0.89074,0.03849,340.33,+0.00000,+0.00000,0.00000,0.0006,0,1,0,1,+5.000,+0.000,+5.000,+0.04762,-18.751,-0.00000,0.00,+0.00000,0,+0.00000,+0.00000,0.00000,-6.397,0,201.8,0.0
16.891438,3,1,0.245666,0.245666,0.2470,-0.00133,1,0,1,+0.92839,+0.89074,0.03849,340.33,+0.00000,+0.00000,0.00000,0.0006,0,1,0,1,+5.000,+0.000,+5.000,+0.04762,-18.751,-0.00000,0.00,+0.00000,0,+0.00000,+0.00000,0.00000,-6.397,0,201.8,0.0
16.896353,3,1,0.245671,0.245671,0.2470,-0.00133,1,0,1,+0.92839,+0.89074,0.03849,340.33,+0.00000,+0.00000,0.00000,0.0006,0,1,0,1,+5.000,+0.000,+5.000,+0.04758,-18.751,-0.00000,0.00,+0.00000,0,+0.00000,+0.00000,0.00000,-6.388,0,201.8,0.0
16.901828,3,1,0.245676,0.245676,0.2470,-0.00132,1,0,1,+0.92839,+0.89074,0.03849,340.33,+0.00000,+0.00000,0.00000,0.0006,0,1,0,1,+5.000,+0.000,+5.000,+0.04758,-18.751,-0.00000,0.00,+0.00000,0,+0.00000,+0.00000,0.00000,-6.388,0,201.8,0.0
16.906885,3,1,0.245680,0.245680,0.2470,-0.00132,1,0,1,+0.92839,+0.89074,0.03849,340.33,+0.00000,+0.00000,0.00000,0.0006,0,1,0,1,+5.000,+0.000,+5.000,+0.04744,-18.750,-0.00000,0.00,+0.00000,0,+0.00000,+0.00000,0.00000,-6.355,0,201.8,0.0
16.911611,3,1,0.245684,0.245684,0.2470,-0.00132,1,0,1,+0.92839,+0.89074,0.03849,340.33,+0.00000,+0.00000,0.00000,0.0006,0,1,0,1,+5.000,+0.000,+5.000,+0.04756,-18.751,-0.00000,0.00,+0.00000,0,+0.00000,+0.00000,0.00000,-6.383,0,201.8,0.0
16.916239,3,1,0.245688,0.245688,0.2470,-0.00131,1,0,1,+0.92839,+0.89074,0.03849,340.33,+0.00000,+0.00000,0.00000,0.0005,0,1,0,1,+5.000,+0.000,+5.000,+0.04756,-18.751,-0.00000,0.00,+0.00000,0,+0.00000,+0.00000,0.00000,-6.383,0,201.8,0.0
16.920794,3,1,0.245692,0.245692,0.2470,-0.00131,1,0,1,+0.92839,+0.89074,0.03849,340.33,+0.00000,+0.00000,0.00000,0.0005,0,1,0,1,+5.000,+0.000,+5.000,+0.04766,-18.752,-0.00000,0.00,+0.00000,0,+0.00000,+0.00000,0.00000,-6.405,0,201.8,0.0
16.925344,3,1,0.245696,0.245696,0.2470,-0.00130,1,0,1,+0.92839,+0.89074,0.03849,340.33,+0.00000,+0.00000,0.00000,0.0005,0,1,0,1,+5.000,+0.000,+5.000,+0.04766,-18.752,-0.00000,0.00,+0.00000,0,+0.00000,+0.00000,0.00000,-6.405,0,201.8,0.0
16.929889,3,1,0.245700,0.245700,0.2470,-0.00130,1,0,1,+0.92839,+0.89074,0.03849,340.33,+0.00000,+0.00000,0.00000,0.0005,0,1,0,1,+5.000,+0.000,+5.000,+0.04758,-18.751,-0.00000,0.00,+0.00000,0,+0.00000,+0.00000,0.00000,-6.388,0,201.8,0.0
16.934424,3,1,0.245704,0.245704,0.2470,-0.00130,1,0,1,+0.92839,+0.89074,0.03849,340.33,+0.00000,+0.00000,0.00000,0.0005,0,1,0,1,+5.000,+0.000,+5.000,+0.04758,-18.751,-0.00000,0.00,+0.00000,0,+0.00000,+0.00000,0.00000,-6.388,0,201.8,0.0
16.938957,3,1,0.245708,0.245708,0.2470,-0.00129,1,0,1,+0.92839,+0.89074,0.03849,340.33,+0.00000,+0.00000,0.00000,0.0005,0,1,0,1,+5.000,+0.000,+5.000,+0.04772,-18.752,-0.00000,0.00,+0.00000,0,+0.00000,+0.00000,0.00000,-6.420,0,201.8,0.0
16.943630,3,1,0.245712,0.245712,0.2470,-0.00129,1,0,1,+0.92839,+0.89074,0.03849,340.33,+0.00000,+0.00000,0.00000,0.0005,0,1,0,1,+5.000,+0.000,+5.000,+0.04772,-18.752,-0.00000,0.00,+0.00000,0,+0.00000,+0.00000,0.00000,-6.420,0,201.8,0.0
16.947978,3,1,0.245716,0.245716,0.2470,-0.00128,1,0,1,+0.92839,+0.89074,0.03849,340.33,+0.00000,+0.00000,0.00000,0.0005,0,1,0,1,+5.000,+0.000,+5.000,+0.04762,-18.751,-0.00000,0.00,+0.00000,0,+0.00000,+0.00000,0.00000,-6.397,0,201.8,0.0
16.952361,3,1,0.245719,0.245719,0.2470,-0.00128,1,0,1,+0.92839,+0.89074,0.03849,340.33,+0.00000,+0.00000,0.00000,0.0005,0,1,0,1,+5.000,+0.000,+5.000,+0.04762,-18.751,-0.00000,0.00,+0.00000,0,+0.00000,+0.00000,0.00000,-6.397,0,201.8,0.0
16.956683,3,1,0.245723,0.245723,0.2470,-0.00128,1,0,1,+0.92839,+0.89074,0.03849,340.33,+0.00000,+0.00000,0.00000,0.0005,0,1,0,1,+5.000,+0.000,+5.000,+0.04778,-18.753,-0.00000,0.00,+0.00000,0,+0.00000,+0.00000,0.00000,-6.432,0,201.8,0.0
16.961251,3,1,0.245727,0.245727,0.2470,-0.00127,1,0,1,+0.92839,+0.89074,0.03849,340.33,+0.00000,+0.00000,0.00000,0.0005,0,1,0,1,+5.000,+0.000,+5.000,+0.04778,-18.753,-0.00000,0.00,+0.00000,0,+0.00000,+0.00000,0.00000,-6.432,0,201.8,0.0
16.965798,3,1,0.245731,0.245731,0.2470,-0.00127,1,0,1,+0.92839,+0.89074,0.03849,340.33,+0.00000,+0.00000,0.00000,0.0005,0,1,0,1,+5.000,+0.000,+5.000,+0.04769,-18.752,-0.00000,0.00,+0.00000,0,+0.00000,+0.00000,0.00000,-6.413,0,201.8,0.0
16.970566,3,1,0.245735,0.245735,0.2470,-0.00127,1,0,1,+0.92839,+0.89074,0.03849,340.33,+0.00000,+0.00000,0.00000,0.0005,0,1,0,1,+5.000,+0.000,+5.000,+0.04783,-18.753,-0.00000,0.00,+0.00000,0,+0.00000,+0.00000,0.00000,-6.444,0,201.8,0.0
16.975340,3,1,0.245739,0.245739,0.2470,-0.00126,1,0,1,+0.92839,+0.89074,0.03849,340.33,+0.00000,+0.00000,0.00000,0.0005,0,1,0,1,+5.000,+0.000,+5.000,+0.04783,-18.753,-0.00000,0.00,+0.00000,0,+0.00000,+0.00000,0.00000,-6.444,0,201.8,0.0
16.980215,3,1,0.245743,0.245743,0.2470,-0.00126,1,0,1,+0.92839,+0.89074,0.03849,340.33,+0.00000,+0.00000,0.00000,0.0005,0,1,0,1,+5.000,+0.000,+5.000,+0.04773,-18.752,-0.00000,0.00,+0.00000,0,+0.00000,+0.00000,0.00000,-6.422,0,201.8,0.0
16.984820,3,1,0.245747,0.245747,0.2470,-0.00125,1,0,1,+0.92839,+0.89074,0.03849,340.33,+0.00000,+0.00000,0.00000,0.0005,0,1,0,1,+5.000,+0.000,+5.000,+0.04773,-18.752,-0.00000,0.00,+0.00000,0,+0.00000,+0.00000,0.00000,-6.422,0,201.8,0.0
16.989577,3,1,0.245751,0.245751,0.2470,-0.00125,1,0,1,+0.92839,+0.89074,0.03849,340.33,+0.00000,+0.00000,0.00000,0.0005,0,1,0,1,+5.000,+0.000,+5.000,+0.04778,-18.753,-0.00000,0.00,+0.00000,0,+0.00000,+0.00000,0.00000,-6.434,0,201.8,0.0
16.993863,3,1,0.245754,0.245754,0.2470,-0.00125,1,0,1,+0.92839,+0.89074,0.03849,340.33,+0.00000,+0.00000,0.00000,0.0005,0,1,0,1,+5.000,+0.000,+5.000,+0.04778,-18.753,-0.00000,0.00,+0.00000,0,+0.00000,+0.00000,0.00000,-6.434,0,201.8,0.0
16.998398,3,1,0.245758,0.245758,0.2470,-0.00124,1,0,1,+0.92839,+0.89074,0.03849,340.33,+0.00000,+0.00000,0.00000,0.0005,0,1,0,1,+5.000,+0.000,+5.000,+0.04788,-18.753,-0.00000,0.00,+0.00000,0,+0.00000,+0.00000,0.00000,-6.457,0,201.8,0.0
17.002973,3,1,0.245762,0.245762,0.2470,-0.00124,1,0,1,+0.92839,+0.89074,0.03849,340.33,+0.00000,+0.00000,0.00000,0.0005,0,1,0,1,+5.000,+0.000,+5.000,+0.04788,-18.753,-0.00000,0.00,+0.00000,0,+0.00000,+0.00000,0.00000,-6.457,0,201.8,0.0
17.007266,3,1,0.245765,0.245765,0.2470,-0.00123,1,0,1,+0.92839,+0.89074,0.03849,340.33,+0.00000,+0.00000,0.00000,0.0005,0,1,0,1,+5.000,+0.000,+5.000,+0.04797,-18.754,-0.00000,0.00,+0.00000,0,+0.00000,+0.00000,0.00000,-6.476,0,201.8,0.0
17.012580,3,1,0.245770,0.245770,0.2470,-0.00123,1,0,1,+0.92839,+0.89074,0.03849,340.33,+0.00000,+0.00000,0.00000,0.0005,0,1,0,1,+5.000,+0.000,+5.000,+0.04797,-18.754,-0.00000,0.00,+0.00000,0,+0.00000,+0.00000,0.00000,-6.476,0,201.8,0.0
17.017466,3,1,0.245774,0.245774,0.2470,-0.00123,1,0,1,+0.92839,+0.89074,0.03849,340.33,+0.00000,+0.00000,0.00000,0.0004,0,1,0,1,+5.000,+0.000,+5.000,+0.04766,-18.751,-0.00000,0.00,+0.00000,0,+0.00000,+0.00000,0.00000,-6.405,0,201.8,0.0
17.022245,3,1,0.245778,0.245778,0.2470,-0.00122,1,0,1,+0.92839,+0.89074,0.03849,340.33,+0.00000,+0.00000,0.00000,0.0004,0,1,0,1,+5.000,+0.000,+5.000,+0.04766,-18.751,-0.00000,0.00,+0.00000,0,+0.00000,+0.00000,0.00000,-6.405,0,201.8,0.0
17.026668,3,1,0.245781,0.245781,0.2470,-0.00122,1,0,1,+0.92839,+0.89074,0.03849,340.33,+0.00000,+0.00000,0.00000,0.0004,0,1,0,1,+5.000,+0.000,+5.000,+0.04773,-18.752,-0.00000,0.00,+0.00000,0,+0.00000,+0.00000,0.00000,-6.422,0,201.8,0.0
17.031289,3,1,0.245785,0.245785,0.2470,-0.00121,1,0,1,+0.92839,+0.89074,0.03849,340.33,+0.00000,+0.00000,0.00000,0.0004,0,1,0,1,+5.000,+0.000,+5.000,+0.04773,-18.752,-0.00000,0.00,+0.00000,0,+0.00000,+0.00000,0.00000,-6.422,0,201.8,0.0
17.036012,3,1,0.245789,0.245789,0.2470,-0.00121,1,0,1,+0.92839,+0.89074,0.03849,340.33,+0.00000,+0.00000,0.00000,0.0004,0,1,0,1,+5.000,+0.000,+5.000,+0.04782,-18.753,-0.00000,0.00,+0.00000,0,+0.00000,+0.00000,0.00000,-6.443,0,201.8,0.0
17.040539,3,1,0.245793,0.245793,0.2470,-0.00121,1,0,1,+0.92839,+0.89074,0.03849,340.33,+0.00000,+0.00000,0.00000,0.0004,0,1,0,1,+5.000,+0.000,+5.000,+0.04782,-18.753,-0.00000,0.00,+0.00000,0,+0.00000,+0.00000,0.00000,-6.443,0,201.8,0.0
17.045416,3,1,0.245796,0.245796,0.2470,-0.00120,1,0,1,+0.92839,+0.89074,0.03849,340.33,+0.00000,+0.00000,0.00000,0.0004,0,1,0,1,+5.000,+0.000,+5.000,+0.04782,-18.753,-0.00000,0.00,+0.00000,0,+0.00000,+0.00000,0.00000,-6.442,0,201.8,0.0
17.050016,3,1,0.245800,0.245800,0.2470,-0.00120,1,0,1,+0.92839,+0.89074,0.03849,340.33,+0.00000,+0.00000,0.00000,0.0004,0,1,0,1,+5.000,+0.000,+5.000,+0.04788,-18.753,-0.00000,0.00,+0.00000,0,+0.00000,+0.00000,0.00000,-6.456,0,201.8,0.0
17.054394,3,1,0.245804,0.245804,0.2470,-0.00120,1,0,1,+0.92839,+0.89074,0.03849,340.33,+0.00000,+0.00000,0.00000,0.0004,0,1,0,1,+5.000,+0.000,+5.000,+0.04788,-18.753,-0.00000,0.00,+0.00000,0,+0.00000,+0.00000,0.00000,-6.456,0,201.8,0.0
17.058921,3,1,0.245807,0.245807,0.2470,-0.00119,1,0,1,+0.92839,+0.89074,0.03849,340.33,+0.00000,+0.00000,0.00000,0.0004,0,1,0,1,+5.000,+0.000,+5.000,+0.04786,-18.753,-0.00000,0.00,+0.00000,0,+0.00000,+0.00000,0.00000,-6.452,0,201.8,0.0
17.063531,3,1,0.245811,0.245811,0.2470,-0.00119,1,0,1,+0.92839,+0.89074,0.03849,340.33,+0.00000,+0.00000,0.00000,0.0004,0,1,0,1,+5.000,+0.000,+5.000,+0.04786,-18.753,-0.00000,0.00,+0.00000,0,+0.00000,+0.00000,0.00000,-6.452,0,201.8,0.0
17.068596,3,1,0.245815,0.245815,0.2470,-0.00119,1,0,1,+0.92839,+0.89074,0.03849,340.33,+0.00000,+0.00000,0.00000,0.0004,0,1,0,1,+5.000,+0.000,+5.000,+0.04786,-18.753,-0.00000,0.00,+0.00000,0,+0.00000,+0.00000,0.00000,-6.452,0,201.8,0.0
17.073029,3,1,0.245818,0.245818,0.2470,-0.00118,1,0,1,+0.92839,+0.89074,0.03849,340.33,+0.00000,+0.00000,0.00000,0.0004,0,1,0,1,+5.000,+0.000,+5.000,+0.04773,-18.752,-0.00000,0.00,+0.00000,0,+0.00000,+0.00000,0.00000,-6.420,0,201.8,0.0
17.077575,3,1,0.245822,0.245822,0.2470,-0.00118,1,0,1,+0.92839,+0.89074,0.03849,340.33,+0.00000,+0.00000,0.00000,0.0004,0,1,0,1,+5.000,+0.000,+5.000,+0.04780,-18.752,-0.00000,0.00,+0.00000,0,+0.00000,+0.00000,0.00000,-6.438,0,201.8,0.0
17.082103,3,1,0.245826,0.245826,0.2470,-0.00117,1,0,1,+0.92839,+0.89074,0.03849,340.33,+0.00000,+0.00000,0.00000,0.0004,0,1,0,1,+5.000,+0.000,+5.000,+0.04780,-18.752,-0.00000,0.00,+0.00000,0,+0.00000,+0.00000,0.00000,-6.438,0,201.8,0.0
17.086664,3,1,0.245829,0.245829,0.2470,-0.00117,1,0,1,+0.92839,+0.89074,0.03849,340.33,+0.00000,+0.00000,0.00000,0.0004,0,1,0,1,+5.000,+0.000,+5.000,+0.04772,-18.751,-0.00000,0.00,+0.00000,0,+0.00000,+0.00000,0.00000,-6.419,0,201.8,0.0
17.091298,3,1,0.245833,0.245833,0.2470,-0.00117,1,0,1,+0.92839,+0.89074,0.03849,340.33,+0.00000,+0.00000,0.00000,0.0004,0,1,0,1,+5.000,+0.000,+5.000,+0.04772,-18.751,-0.00000,0.00,+0.00000,0,+0.00000,+0.00000,0.00000,-6.419,0,201.8,0.0
17.095927,3,1,0.245836,0.245836,0.2470,-0.00116,1,0,1,+0.92839,+0.89074,0.03849,340.33,+0.00000,+0.00000,0.00000,0.0004,0,1,0,1,+5.000,+0.000,+5.000,+0.04761,-18.751,-0.00000,0.00,+0.00000,0,+0.00000,+0.00000,0.00000,-6.394,0,201.8,0.0
17.100655,3,1,0.245840,0.245840,0.2470,-0.00116,1,0,1,+0.92839,+0.89074,0.03849,340.33,+0.00000,+0.00000,0.00000,0.0004,0,1,0,1,+5.000,+0.000,+5.000,+0.04761,-18.751,-0.00000,0.00,+0.00000,0,+0.00000,+0.00000,0.00000,-6.394,0,201.8,0.0
17.105688,3,1,0.245844,0.245844,0.2470,-0.00116,1,0,1,+0.92839,+0.89074,0.03849,340.33,+0.00000,+0.00000,0.00000,0.0004,0,1,0,1,+5.000,+0.000,+5.000,+0.04759,-18.751,-0.00000,0.00,+0.00000,0,+0.00000,+0.00000,0.00000,-6.390,0,201.8,0.0
17.110157,3,1,0.245847,0.245847,0.2470,-0.00115,1,0,1,+0.92839,+0.89074,0.03849,340.33,+0.00000,+0.00000,0.00000,0.0004,0,1,0,1,+5.000,+0.000,+5.000,+0.04759,-18.751,-0.00000,0.00,+0.00000,0,+0.00000,+0.00000,0.00000,-6.390,0,201.8,0.0
17.114853,3,1,0.245851,0.245851,0.2470,-0.00115,1,0,1,+0.92839,+0.89074,0.03849,340.33,+0.00000,+0.00000,0.00000,0.0004,0,1,0,1,+5.000,+0.000,+5.000,+0.04783,-18.752,-0.00000,0.00,+0.00000,0,+0.00000,+0.00000,0.00000,-6.444,0,201.8,0.0
17.119489,3,1,0.245854,0.245854,0.2470,-0.00115,1,0,1,+0.92839,+0.89074,0.03849,340.33,+0.00000,+0.00000,0.00000,0.0004,0,1,0,1,+5.000,+0.000,+5.000,+0.04783,-18.752,-0.00000,0.00,+0.00000,0,+0.00000,+0.00000,0.00000,-6.444,0,201.8,0.0
17.124066,3,1,0.245858,0.245858,0.2470,-0.00114,1,0,1,+0.92839,+0.89074,0.03849,340.33,+0.00000,+0.00000,0.00000,0.0004,0,1,0,1,+5.000,+0.000,+5.000,+0.04787,-18.753,-0.00000,0.00,+0.00000,0,+0.00000,+0.00000,0.00000,-6.454,0,201.8,0.0
17.128611,3,1,0.245861,0.245861,0.2470,-0.00114,1,0,1,+0.92839,+0.89074,0.03849,340.33,+0.00000,+0.00000,0.00000,0.0004,0,1,0,1,+5.000,+0.000,+5.000,+0.04787,-18.753,-0.00000,0.00,+0.00000,0,+0.00000,+0.00000,0.00000,-6.454,0,201.8,0.0
17.133790,3,1,0.245865,0.245865,0.2470,-0.00113,1,0,1,+0.92839,+0.89074,0.03849,340.33,+0.00000,+0.00000,0.00000,0.0004,0,1,0,1,+5.000,+0.000,+5.000,+0.04780,-18.752,-0.00000,0.00,+0.00000,0,+0.00000,+0.00000,0.00000,-6.439,0,201.8,0.0
17.138550,3,1,0.245869,0.245869,0.2470,-0.00113,1,0,1,+0.92839,+0.89074,0.03849,340.33,+0.00000,+0.00000,0.00000,0.0004,0,1,0,1,+5.000,+0.000,+5.000,+0.04790,-18.753,-0.00000,0.00,+0.00000,0,+0.00000,+0.00000,0.00000,-6.461,0,201.8,0.0
17.143133,3,1,0.245872,0.245872,0.2470,-0.00113,1,0,1,+0.92839,+0.89074,0.03849,340.33,+0.00000,+0.00000,0.00000,0.0003,0,1,0,1,+5.000,+0.000,+5.000,+0.04790,-18.753,-0.00000,0.00,+0.00000,0,+0.00000,+0.00000,0.00000,-6.461,0,201.8,0.0
17.147662,3,1,0.245876,0.245876,0.2470,-0.00112,1,0,1,+0.92839,+0.89074,0.03849,340.33,+0.00000,+0.00000,0.00000,0.0003,0,1,0,1,+5.000,+0.000,+5.000,+0.04782,-18.752,-0.00000,0.00,+0.00000,0,+0.00000,+0.00000,0.00000,-6.443,0,201.8,0.0
17.152183,3,1,0.245879,0.245879,0.2470,-0.00112,1,0,1,+0.92839,+0.89074,0.03849,340.33,+0.00000,+0.00000,0.00000,0.0003,0,1,0,1,+5.000,+0.000,+5.000,+0.04782,-18.752,-0.00000,0.00,+0.00000,0,+0.00000,+0.00000,0.00000,-6.443,0,201.8,0.0
17.156852,3,1,0.245883,0.245883,0.2470,-0.00112,1,0,1,+0.92839,+0.89074,0.03849,340.33,+0.00000,+0.00000,0.00000,0.0003,0,1,0,1,+5.000,+0.000,+5.000,+0.04797,-18.753,-0.00000,0.00,+0.00000,0,+0.00000,+0.00000,0.00000,-6.476,0,201.8,0.0
17.161565,3,1,0.245886,0.245886,0.2470,-0.00111,1,0,1,+0.92839,+0.89074,0.03849,340.33,+0.00000,+0.00000,0.00000,0.0003,0,1,0,1,+5.000,+0.000,+5.000,+0.04797,-18.753,-0.00000,0.00,+0.00000,0,+0.00000,+0.00000,0.00000,-6.476,0,201.8,0.0
17.166371,3,1,0.245890,0.245890,0.2470,-0.00111,1,0,1,+0.92839,+0.89074,0.03849,340.33,+0.00000,+0.00000,0.00000,0.0003,0,1,0,1,+5.000,+0.000,+5.000,+0.04787,-18.752,-0.00000,0.00,+0.00000,0,+0.00000,+0.00000,0.00000,-6.454,0,201.8,0.0
17.170934,3,1,0.245893,0.245893,0.2470,-0.00111,1,0,1,+0.92839,+0.89074,0.03849,340.33,+0.00000,+0.00000,0.00000,0.0003,0,1,0,1,+5.000,+0.000,+5.000,+0.04787,-18.752,-0.00000,0.00,+0.00000,0,+0.00000,+0.00000,0.00000,-6.454,0,201.8,0.0
17.175631,3,1,0.245897,0.245897,0.2470,-0.00110,1,0,1,+0.92839,+0.89074,0.03849,340.33,+0.00000,+0.00000,0.00000,0.0003,0,1,0,1,+5.000,+0.000,+5.000,+0.04761,-18.750,-0.00000,0.00,+0.00000,0,+0.00000,+0.00000,0.00000,-6.395,0,201.8,0.0
17.180257,3,1,0.245900,0.245900,0.2470,-0.00110,1,0,1,+0.92839,+0.89074,0.03849,340.33,+0.00000,+0.00000,0.00000,0.0003,0,1,0,1,+5.000,+0.000,+5.000,+0.04761,-18.750,-0.00000,0.00,+0.00000,0,+0.00000,+0.00000,0.00000,-6.395,0,201.8,0.0
17.184537,3,1,0.245903,0.245903,0.2470,-0.00110,1,0,1,+0.92839,+0.89074,0.03849,340.33,+0.00000,+0.00000,0.00000,0.0003,0,1,0,1,+5.000,+0.000,+5.000,+0.04789,-18.753,-0.00000,0.00,+0.00000,0,+0.00000,+0.00000,0.00000,-6.459,0,201.8,0.0
17.189155,3,1,0.245906,0.245906,0.2470,-0.00109,1,0,1,+0.92839,+0.89074,0.03849,340.33,+0.00000,+0.00000,0.00000,0.0003,0,1,0,1,+5.000,+0.000,+5.000,+0.04789,-18.753,-0.00000,0.00,+0.00000,0,+0.00000,+0.00000,0.00000,-6.459,0,201.8,0.0
17.193479,3,1,0.245910,0.245910,0.2470,-0.00109,1,0,1,+0.92839,+0.89074,0.03849,340.33,+0.00000,+0.00000,0.00000,0.0003,0,1,0,1,+5.000,+0.000,+5.000,+0.04756,-18.750,-0.00000,0.00,+0.00000,0,+0.00000,+0.00000,0.00000,-6.382,0,201.8,0.0
17.198099,3,1,0.245913,0.245913,0.2470,-0.00109,1,0,1,+0.92839,+0.89074,0.03849,340.33,+0.00000,+0.00000,0.00000,0.0003,0,1,0,1,+5.000,+0.000,+5.000,+0.04756,-18.750,-0.00000,0.00,+0.00000,0,+0.00000,+0.00000,0.00000,-6.382,0,201.8,0.0
17.202707,3,1,0.245916,0.245916,0.2470,-0.00108,1,0,1,+0.92839,+0.89074,0.03849,340.33,+0.00000,+0.00000,0.00000,0.0003,0,1,0,1,+5.000,+0.000,+5.000,+0.04766,-18.751,-0.00000,0.00,+0.00000,0,+0.00000,+0.00000,0.00000,-6.406,0,201.8,0.0
17.206987,3,1,0.245919,0.245919,0.2470,-0.00108,1,0,1,+0.92839,+0.89074,0.03849,340.33,+0.00000,+0.00000,0.00000,0.0003,0,1,0,1,+5.000,+0.000,+5.000,+0.04766,-18.751,-0.00000,0.00,+0.00000,0,+0.00000,+0.00000,0.00000,-6.406,0,201.8,0.0
17.211522,3,1,0.245923,0.245923,0.2470,-0.00108,1,0,1,+0.92839,+0.89074,0.03849,340.33,+0.00000,+0.00000,0.00000,0.0003,0,1,0,1,+5.000,+0.000,+5.000,+0.04791,-18.753,-0.00000,0.00,+0.00000,0,+0.00000,+0.00000,0.00000,-6.463,0,204.8,0.0
17.216497,3,1,0.245926,0.245926,0.2470,-0.00107,1,0,1,+0.92839,+0.89074,0.03849,340.33,+0.00000,+0.00000,0.00000,0.0003,0,1,0,1,+5.000,+0.000,+5.000,+0.04800,-18.753,-0.00000,0.00,+0.00000,0,+0.00000,+0.00000,0.00000,-6.484,0,204.8,0.0
17.220927,3,1,0.245929,0.245929,0.2470,-0.00107,1,0,1,+0.92839,+0.89074,0.03849,340.33,+0.00000,+0.00000,0.00000,0.0003,0,1,0,1,+5.000,+0.000,+5.000,+0.04800,-18.753,-0.00000,0.00,+0.00000,0,+0.00000,+0.00000,0.00000,-6.484,0,204.8,0.0
17.225602,3,1,0.245933,0.245933,0.2470,-0.00107,1,0,1,+0.92839,+0.89074,0.03849,340.33,+0.00000,+0.00000,0.00000,0.0003,0,1,0,1,+5.000,+0.000,+5.000,+0.04800,-18.753,-0.00000,0.00,+0.00000,0,+0.00000,+0.00000,0.00000,-6.484,0,204.8,0.0
17.230799,3,1,0.245936,0.245936,0.2470,-0.00106,1,0,1,+0.92839,+0.89074,0.03849,340.33,+0.00000,+0.00000,0.00000,0.0003,0,1,0,1,+5.000,+0.000,+5.000,+0.04782,-18.752,-0.00000,0.00,+0.00000,0,+0.00000,+0.00000,0.00000,-6.441,0,204.8,0.0
17.235732,3,1,0.245940,0.245940,0.2470,-0.00106,1,0,1,+0.92839,+0.89074,0.03849,340.33,+0.00000,+0.00000,0.00000,0.0003,0,1,0,1,+5.000,+0.000,+5.000,+0.04782,-18.752,-0.00000,0.00,+0.00000,0,+0.00000,+0.00000,0.00000,-6.441,0,204.8,0.0
17.240632,3,1,0.245943,0.245943,0.2470,-0.00106,1,0,1,+0.92839,+0.89074,0.03849,340.33,+0.00000,+0.00000,0.00000,0.0003,0,1,0,1,+5.000,+0.000,+5.000,+0.04778,-18.751,-0.00000,0.00,+0.00000,0,+0.00000,+0.00000,0.00000,-6.433,0,204.8,0.0
17.245657,3,1,0.245947,0.245947,0.2470,-0.00105,1,0,1,+0.92839,+0.89074,0.03849,340.33,+0.00000,+0.00000,0.00000,0.0003,0,1,0,1,+5.000,+0.000,+5.000,+0.04782,-18.752,-0.00000,0.00,+0.00000,0,+0.00000,+0.00000,0.00000,-6.443,0,204.8,0.0
17.250072,3,1,0.245950,0.245950,0.2470,-0.00105,1,0,1,+0.92839,+0.89074,0.03849,340.33,+0.00000,+0.00000,0.00000,0.0003,0,1,0,1,+5.000,+0.000,+5.000,+0.04782,-18.752,-0.00000,0.00,+0.00000,0,+0.00000,+0.00000,0.00000,-6.443,0,204.8,0.0
17.254364,3,1,0.245953,0.245953,0.2470,-0.00105,1,0,1,+0.92839,+0.89074,0.03849,340.33,+0.00000,+0.00000,0.00000,0.0003,0,1,0,1,+5.000,+0.000,+5.000,+0.04798,-18.753,-0.00000,0.00,+0.00000,0,+0.00000,+0.00000,0.00000,-6.480,0,204.8,0.0
17.259279,3,1,0.245956,0.245956,0.2470,-0.00104,1,0,1,+0.92839,+0.89074,0.03849,340.33,+0.00000,+0.00000,0.00000,0.0003,0,1,0,1,+5.000,+0.000,+5.000,+0.04798,-18.753,-0.00000,0.00,+0.00000,0,+0.00000,+0.00000,0.00000,-6.480,0,204.8,0.0
17.264408,3,1,0.245960,0.245960,0.2470,-0.00104,1,0,1,+0.92839,+0.89074,0.03849,340.33,+0.00000,+0.00000,0.00000,0.0003,0,1,0,1,+5.000,+0.000,+5.000,+0.04800,-18.753,-0.00000,0.00,+0.00000,0,+0.00000,+0.00000,0.00000,-6.484,0,204.8,0.0
17.272131,3,1,0.245965,0.245965,0.2470,-0.00103,1,0,1,+0.92839,+0.89074,0.03849,340.33,+0.00000,+0.00000,0.00000,0.0003,0,1,0,1,+5.000,+0.000,+5.000,+0.04769,-18.750,-0.00000,0.00,+0.00000,0,+0.00000,+0.00000,0.00000,-6.411,0,204.8,0.0
17.280714,3,1,0.245971,0.245971,0.2470,-0.00103,1,0,1,+0.92839,+0.89074,0.03849,340.33,+0.00000,+0.00000,0.00000,0.0003,0,1,0,1,+5.000,+0.000,+5.000,+0.04769,-18.750,-0.00000,0.00,+0.00000,0,+0.00000,+0.00000,0.00000,-6.411,0,204.8,0.0
17.286241,3,1,0.245975,0.245975,0.2470,-0.00103,1,0,1,+0.92839,+0.89074,0.03849,340.33,+0.00000,+0.00000,0.00000,0.0003,0,1,0,1,+5.000,+0.000,+5.000,+0.04765,-18.750,-0.00000,0.00,+0.00000,0,+0.00000,+0.00000,0.00000,-6.403,0,204.8,0.0
17.291238,3,1,0.245978,0.245978,0.2470,-0.00102,1,0,1,+0.92839,+0.89074,0.03849,340.33,+0.00000,+0.00000,0.00000,0.0003,0,1,0,1,+5.000,+0.000,+5.000,+0.04790,-18.752,-0.00000,0.00,+0.00000,0,+0.00000,+0.00000,0.00000,-6.461,0,204.8,0.0
17.299058,3,1,0.245984,0.245984,0.2470,-0.00102,1,0,1,+0.92839,+0.89074,0.03849,340.33,+0.00000,+0.00000,0.00000,0.0003,0,1,0,1,+5.000,+0.000,+5.000,+0.04774,-18.751,-0.00000,0.00,+0.00000,0,+0.00000,+0.00000,0.00000,-6.423,0,204.8,0.0
17.304101,3,1,0.245987,0.245987,0.2470,-0.00101,1,0,1,+0.92839,+0.89074,0.03849,340.33,+0.00000,+0.00000,0.00000,0.0003,0,1,0,1,+5.000,+0.000,+5.000,+0.04774,-18.751,-0.00000,0.00,+0.00000,0,+0.00000,+0.00000,0.00000,-6.423,0,204.8,0.0
17.312406,3,1,0.245993,0.245993,0.2470,-0.00101,1,0,1,+0.92839,+0.89074,0.03849,340.33,+0.00000,+0.00000,0.00000,0.0002,0,1,0,1,+5.000,+0.000,+5.000,+0.04748,-18.749,-0.00000,0.00,+0.00000,0,+0.00000,+0.00000,0.00000,-6.365,0,204.8,0.0
17.317275,3,1,0.245996,0.245996,0.2470,-0.00100,1,0,1,+0.92839,+0.89074,0.03849,340.33,+0.00000,+0.00000,0.00000,0.0002,0,1,0,1,+5.000,+0.000,+5.000,+0.04760,-18.750,-0.00000,0.00,+0.00000,0,+0.00000,+0.00000,0.00000,-6.391,0,204.8,0.0
17.322817,3,1,0.246000,0.246000,0.2470,-0.00100,1,0,1,+0.92839,+0.89074,0.03849,340.33,+0.00000,+0.00000,0.00000,0.0002,0,1,0,1,+5.000,+0.000,+5.000,+0.04760,-18.750,-0.00000,0.00,+0.00000,0,+0.00000,+0.00000,0.00000,-6.391,0,204.8,0.0
17.331681,3,1,0.246006,0.246006,0.2470,-0.00099,1,0,1,+0.92839,+0.89074,0.03849,340.33,+0.00000,+0.00000,0.00000,0.0002,0,1,0,1,+5.000,+0.000,+5.000,+0.04760,-18.750,-0.00000,0.00,+0.00000,0,+0.00000,+0.00000,0.00000,-6.391,0,204.8,0.0
17.337338,3,1,0.246009,0.246009,0.2470,-0.00099,1,0,1,+0.92839,+0.89074,0.03849,340.33,+0.00000,+0.00000,0.00000,0.0002,0,1,0,1,+5.000,+0.000,+5.000,+0.04732,-18.748,-0.00000,0.00,+0.00000,0,+0.00000,+0.00000,0.00000,-6.327,0,204.8,0.0
17.342106,3,1,0.246012,0.246012,0.2470,-0.00099,1,0,1,+0.92839,+0.89074,0.03849,340.33,+0.00000,+0.00000,0.00000,0.0002,0,1,0,1,+5.000,+0.000,+5.000,+0.04732,-18.748,-0.00000,0.00,+0.00000,0,+0.00000,+0.00000,0.00000,-6.327,0,204.8,0.0
17.355052,3,1,0.246021,0.246021,0.2470,-0.00098,1,0,1,+0.92839,+0.89074,0.03849,340.33,+0.00000,+0.00000,0.00000,0.0002,0,1,0,1,+5.000,+0.000,+5.000,+0.04711,-18.746,-0.00000,0.00,+0.00000,0,+0.00000,+0.00000,0.00000,-6.280,0,204.8,0.0
17.365772,3,1,0.246028,0.246028,0.2470,-0.00097,1,0,1,+0.92839,+0.89074,0.03849,340.33,+0.00000,+0.00000,0.00000,0.0002,0,1,0,1,+5.000,+0.000,+5.000,+0.04709,-18.746,-0.00000,0.00,+0.00000,0,+0.00000,+0.00000,0.00000,-6.275,0,204.8,0.0
17.372862,3,1,0.246032,0.246032,0.2470,-0.00097,1,0,1,+0.92839,+0.89074,0.03849,340.33,+0.00000,+0.00000,0.00000,0.0002,0,1,0,1,+5.000,+0.000,+5.000,+0.04705,-18.746,-0.00000,0.00,+0.00000,0,+0.00000,+0.00000,0.00000,-6.266,0,204.8,0.0
17.378767,3,1,0.246036,0.246036,0.2470,-0.00096,1,0,1,+0.92839,+0.89074,0.03849,340.33,+0.00000,+0.00000,0.00000,0.0002,0,1,0,1,+5.000,+0.000,+5.000,+0.04709,-18.747,-0.00000,0.00,+0.00000,0,+0.00000,+0.00000,0.00000,-6.275,0,204.8,0.0
17.389065,3,1,0.246043,0.246043,0.2470,-0.00096,1,0,1,+0.92839,+0.89074,0.03849,340.33,+0.00000,+0.00000,0.00000,0.0002,0,1,0,1,+5.000,+0.000,+5.000,+0.04717,-18.747,-0.00000,0.00,+0.00000,0,+0.00000,+0.00000,0.00000,-6.293,0,204.8,0.0
17.395408,3,1,0.246047,0.246047,0.2470,-0.00095,1,0,1,+0.92839,+0.89074,0.03849,340.33,+0.00000,+0.00000,0.00000,0.0002,0,1,0,1,+5.000,+0.000,+5.000,+0.04689,-18.745,-0.00000,0.00,+0.00000,0,+0.00000,+0.00000,0.00000,-6.228,0,204.8,0.0
17.406966,3,1,0.246054,0.246054,0.2470,-0.00095,1,0,1,+0.92839,+0.89074,0.03849,340.33,+0.00000,+0.00000,0.00000,0.0002,0,1,0,1,+5.000,+0.000,+5.000,+0.04671,-18.744,-0.00000,0.00,+0.00000,0,+0.00000,+0.00000,0.00000,-6.187,0,204.8,0.0
17.416464,3,1,0.246060,0.246060,0.2470,-0.00094,1,0,1,+0.92839,+0.89074,0.03849,340.33,+0.00000,+0.00000,0.00000,0.0002,0,1,0,1,+5.000,+0.000,+5.000,+0.04660,-18.744,-0.00000,0.00,+0.00000,0,+0.00000,+0.00000,0.00000,-6.162,0,204.8,0.0
17.422724,3,1,0.246064,0.246064,0.2470,-0.00094,1,0,1,+0.92839,+0.89074,0.03849,340.33,+0.00000,+0.00000,0.00000,0.0002,0,1,0,1,+5.000,+0.000,+5.000,+0.04660,-18.744,-0.00000,0.00,+0.00000,0,+0.00000,+0.00000,0.00000,-6.162,0,204.8,0.0
17.460104,3,1,0.246087,0.246087,0.2470,-0.00091,1,0,1,+0.92839,+0.89074,0.03849,340.33,+0.00000,+0.00000,0.00000,0.0002,0,1,0,1,+5.000,+0.000,+5.000,+0.04225,-18.711,-0.00000,0.00,+0.00000,0,+0.00000,+0.00000,0.00000,-5.165,0,204.8,0.0
17.475938,3,1,0.246097,0.246097,0.2470,-0.00090,1,0,1,+0.92839,+0.89074,0.03849,340.33,+0.00000,+0.00000,0.00000,0.0002,0,1,0,1,+5.000,+0.000,+5.000,+0.04225,-18.711,-0.00000,0.00,+0.00000,0,+0.00000,+0.00000,0.00000,-5.165,0,204.8,0.0
17.481565,3,1,0.246100,0.246100,0.2470,-0.00090,1,0,1,+0.92839,+0.89074,0.03849,340.33,+0.00000,+0.00000,0.00000,0.0002,0,1,0,1,+5.000,+0.000,+5.000,+0.04225,-18.711,-0.00000,0.00,+0.00000,0,+0.00000,+0.00000,0.00000,-5.165,0,204.8,0.0
17.488260,3,1,0.246104,0.246104,0.2470,-0.00090,1,0,1,+0.92839,+0.89074,0.03849,340.33,+0.00000,+0.00000,0.00000,0.0002,0,1,0,1,+5.000,+0.000,+5.000,+0.04225,-18.711,-0.00000,0.00,+0.00000,0,+0.00000,+0.00000,0.00000,-5.165,0,204.8,0.0
17.493471,3,1,0.246107,0.246107,0.2470,-0.00089,1,0,1,+0.92839,+0.89074,0.03849,340.33,+0.00000,+0.00000,0.00000,0.0002,0,1,0,1,+5.000,+0.000,+5.000,+0.03948,-18.696,-0.00000,0.00,+0.00000,0,+0.00000,+0.00000,0.00000,-4.530,0,204.8,0.0
17.498139,3,1,0.246110,0.246110,0.2470,-0.00089,1,0,1,+0.92839,+0.89074,0.03849,340.33,+0.00000,+0.00000,0.00000,0.0002,0,1,0,1,+5.000,+0.000,+5.000,+0.03948,-18.696,-0.00000,0.00,+0.00000,0,+0.00000,+0.00000,0.00000,-4.530,0,204.8,0.0
17.507186,3,1,0.246115,0.246115,0.2470,-0.00088,1,0,1,+0.92839,+0.89074,0.03849,340.33,+0.00000,+0.00000,0.00000,0.0002,0,1,0,1,+5.000,+0.000,+5.000,+0.03948,-18.696,-0.00000,0.00,+0.00000,0,+0.00000,+0.00000,0.00000,-4.530,0,204.8,0.0
17.514029,3,1,0.246119,0.246119,0.2470,-0.00088,1,0,1,+0.92839,+0.89074,0.03849,340.33,+0.00000,+0.00000,0.00000,0.0002,0,1,0,1,+5.000,+0.000,+5.000,+0.03954,-18.701,-0.00000,0.00,+0.00000,0,+0.00000,+0.00000,0.00000,-4.544,0,204.8,0.0
17.522400,3,1,0.246124,0.246124,0.2470,-0.00088,1,0,1,+0.92839,+0.89074,0.03849,340.33,+0.00000,+0.00000,0.00000,0.0002,0,1,0,1,+5.000,+0.000,+5.000,+0.03979,-18.705,-0.00000,0.00,+0.00000,0,+0.00000,+0.00000,0.00000,-4.602,0,204.8,0.0
17.539975,3,1,0.246134,0.246134,0.2470,-0.00087,1,0,1,+0.92839,+0.89074,0.03849,340.33,+0.00000,+0.00000,0.00000,0.0002,0,1,0,1,+5.000,+0.000,+5.000,+0.03838,-18.700,-0.00000,0.00,+0.00000,0,+0.00000,+0.00000,0.00000,-4.279,0,204.8,0.0
17.546142,3,1,0.246138,0.246138,0.2470,-0.00086,1,0,1,+0.92839,+0.89074,0.03849,340.33,+0.00000,+0.00000,0.00000,0.0002,0,1,0,1,+5.000,+0.000,+5.000,+0.03838,-18.700,-0.00000,0.00,+0.00000,0,+0.00000,+0.00000,0.00000,-4.279,0,204.8,0.0
17.569907,3,1,0.246152,0.246152,0.2470,-0.00085,1,0,1,+0.92839,+0.89074,0.03849,340.33,+0.00000,+0.00000,0.00000,0.0001,0,1,0,1,+5.000,+0.000,+5.000,+0.03853,-18.709,-0.00000,0.00,+0.00000,0,+0.00000,+0.00000,0.00000,-4.314,0,204.8,0.0
17.576480,3,1,0.246155,0.246155,0.2470,-0.00084,1,0,1,+0.92839,+0.89074,0.03849,340.33,+0.00000,+0.00000,0.00000,0.0001,0,1,0,1,+5.000,+0.000,+5.000,+0.03853,-18.709,-0.00000,0.00,+0.00000,0,+0.00000,+0.00000,0.00000,-4.314,0,204.8,0.0
17.581581,3,1,0.246158,0.246158,0.2470,-0.00084,1,0,1,+0.92839,+0.89074,0.03849,340.33,+0.00000,+0.00000,0.00000,0.0001,0,1,0,1,+5.000,+0.000,+5.000,+0.03906,-18.714,-0.00000,0.00,+0.00000,0,+0.00000,+0.00000,0.00000,-4.435,0,204.8,0.0
17.586618,3,1,0.246161,0.246161,0.2470,-0.00084,1,0,1,+0.92839,+0.89074,0.03849,340.33,+0.00000,+0.00000,0.00000,0.0001,0,1,0,1,+5.000,+0.000,+5.000,+0.03915,-18.717,-0.00000,0.00,+0.00000,0,+0.00000,+0.00000,0.00000,-4.454,0,204.8,0.0
17.594138,3,1,0.246165,0.246165,0.2470,-0.00083,1,0,1,+0.92839,+0.89074,0.03849,340.33,+0.00000,+0.00000,0.00000,0.0001,0,1,0,1,+5.000,+0.000,+5.000,+0.03939,-18.721,-0.00000,0.00,+0.00000,0,+0.00000,+0.00000,0.00000,-4.511,0,204.8,0.0
17.599440,3,1,0.246168,0.246168,0.2470,-0.00083,1,0,1,+0.92839,+0.89074,0.03849,340.33,+0.00000,+0.00000,0.00000,0.0001,0,1,0,1,+5.000,+0.000,+5.000,+0.03939,-18.721,-0.00000,0.00,+0.00000,0,+0.00000,+0.00000,0.00000,-4.511,0,204.8,0.0
17.604357,3,1,0.246171,0.246171,0.2470,-0.00083,1,0,1,+0.92839,+0.89074,0.03849,340.33,+0.00000,+0.00000,0.00000,0.0001,0,1,0,1,+5.000,+0.000,+5.000,+0.03967,-18.725,-0.00000,0.00,+0.00000,0,+0.00000,+0.00000,0.00000,-4.575,0,204.8,0.0
17.610851,3,1,0.246174,0.246174,0.2470,-0.00083,1,0,1,+0.92839,+0.89074,0.03849,340.33,+0.00000,+0.00000,0.00000,0.0001,0,1,0,1,+5.000,+0.000,+5.000,+0.03967,-18.725,-0.00000,0.00,+0.00000,0,+0.00000,+0.00000,0.00000,-4.575,0,204.8,0.0
17.623485,3,1,0.246181,0.246181,0.2470,-0.00082,1,0,1,+0.92839,+0.89074,0.03849,340.33,+0.00000,+0.00000,0.00000,0.0001,0,1,0,1,+5.000,+0.000,+5.000,+0.03967,-18.725,-0.00000,0.00,+0.00000,0,+0.00000,+0.00000,0.00000,-4.575,0,204.8,0.0
17.630449,3,1,0.246185,0.246185,0.2470,-0.00081,1,0,1,+0.92839,+0.89074,0.03849,340.33,+0.00000,+0.00000,0.00000,0.0001,0,1,0,1,+5.000,+0.000,+5.000,+0.03974,-18.732,-0.00000,0.00,+0.00000,0,+0.00000,+0.00000,0.00000,-4.590,0,204.8,0.0
17.637383,3,1,0.246189,0.246189,0.2470,-0.00081,1,0,1,+0.92839,+0.89074,0.03849,340.33,+0.00000,+0.00000,0.00000,0.0001,0,1,0,1,+5.000,+0.000,+5.000,+0.04016,-18.736,-0.00000,0.00,+0.00000,0,+0.00000,+0.00000,0.00000,-4.686,0,204.8,0.0
17.642385,3,1,0.246192,0.246192,0.2470,-0.00081,1,0,1,+0.92839,+0.89074,0.03849,340.33,+0.00000,+0.00000,0.00000,0.0001,0,1,0,1,+5.000,+0.000,+5.000,+0.04016,-18.736,-0.00000,0.00,+0.00000,0,+0.00000,+0.00000,0.00000,-4.686,0,204.8,0.0
17.647756,3,1,0.246194,0.246194,0.2470,-0.00081,1,0,1,+0.92839,+0.89074,0.03849,340.33,+0.00000,+0.00000,0.00000,0.0001,0,1,0,1,+5.000,+0.000,+5.000,+0.04020,-18.738,-0.00000,0.00,+0.00000,0,+0.00000,+0.00000,0.00000,-4.696,0,204.8,0.0
17.652456,3,1,0.246197,0.246197,0.2470,-0.00080,1,0,1,+0.92839,+0.89074,0.03849,340.33,+0.00000,+0.00000,0.00000,0.0001,0,1,0,1,+5.000,+0.000,+5.000,+0.04020,-18.738,-0.00000,0.00,+0.00000,0,+0.00000,+0.00000,0.00000,-4.696,0,204.8,0.0
17.657437,3,1,0.246200,0.246200,0.2470,-0.00080,1,0,1,+0.92839,+0.89074,0.03849,340.33,+0.00000,+0.00000,0.00000,0.0001,0,1,0,1,+5.000,+0.000,+5.000,+0.04060,-18.742,-0.00000,0.00,+0.00000,0,+0.00000,+0.00000,0.00000,-4.787,0,204.8,0.0
17.663485,3,1,0.246203,0.246203,0.2470,-0.00080,1,0,1,+0.92839,+0.89074,0.03849,340.33,+0.00000,+0.00000,0.00000,0.0001,0,1,0,1,+5.000,+0.000,+5.000,+0.04062,-18.744,-0.00000,0.00,+0.00000,0,+0.00000,+0.00000,0.00000,-4.792,0,204.8,0.0
17.667865,3,1,0.246205,0.246205,0.2470,-0.00079,1,0,1,+0.92839,+0.89074,0.03849,340.33,+0.00000,+0.00000,0.00000,0.0001,0,1,0,1,+5.000,+0.000,+5.000,+0.04062,-18.744,-0.00000,0.00,+0.00000,0,+0.00000,+0.00000,0.00000,-4.792,0,204.8,0.0
17.672138,3,1,0.246207,0.246207,0.2470,-0.00079,1,0,1,+0.92839,+0.89074,0.03849,340.33,+0.00000,+0.00000,0.00000,0.0001,0,1,0,1,+5.000,+0.000,+5.000,+0.04080,-18.746,-0.00000,0.00,+0.00000,0,+0.00000,+0.00000,0.00000,-4.833,0,204.8,0.0
17.676452,3,1,0.246210,0.246210,0.2470,-0.00079,1,0,1,+0.92839,+0.89074,0.03849,340.33,+0.00000,+0.00000,0.00000,0.0001,0,1,0,1,+5.000,+0.000,+5.000,+0.04080,-18.746,-0.00000,0.00,+0.00000,0,+0.00000,+0.00000,0.00000,-4.833,0,204.8,0.0
17.680937,3,1,0.246212,0.246212,0.2470,-0.00079,1,0,1,+0.92839,+0.89074,0.03849,340.33,+0.00000,+0.00000,0.00000,0.0001,0,1,0,1,+5.000,+0.000,+5.000,+0.04097,-18.749,-0.00000,0.00,+0.00000,0,+0.00000,+0.00000,0.00000,-4.872,0,204.8,0.0
17.685570,3,1,0.246215,0.246215,0.2470,-0.00079,1,0,1,+0.92839,+0.89074,0.03849,340.33,+0.00000,+0.00000,0.00000,0.0001,0,1,0,1,+5.000,+0.000,+5.000,+0.04097,-18.749,-0.00000,0.00,+0.00000,0,+0.00000,+0.00000,0.00000,-4.872,0,204.8,0.0
17.690157,3,1,0.246217,0.246217,0.2470,-0.00078,1,0,1,+0.92839,+0.89074,0.03849,340.33,+0.00000,+0.00000,0.00000,0.0001,0,1,0,1,+5.000,+0.000,+5.000,+0.04105,-18.750,-0.00000,0.00,+0.00000,0,+0.00000,+0.00000,0.00000,-4.890,0,204.8,0.0
17.694389,3,1,0.246219,0.246219,0.2470,-0.00078,1,0,1,+0.92839,+0.89074,0.03849,340.33,+0.00000,+0.00000,0.00000,0.0001,0,1,0,1,+5.000,+0.000,+5.000,+0.04105,-18.750,-0.00000,0.00,+0.00000,0,+0.00000,+0.00000,0.00000,-4.890,0,204.8,0.0
17.699648,3,1,0.246222,0.246222,0.2470,-0.00078,1,0,1,+0.92839,+0.89074,0.03849,340.33,+0.00000,+0.00000,0.00000,0.0001,0,1,0,1,+5.000,+0.000,+5.000,+0.04118,-18.753,-0.00000,0.00,+0.00000,0,+0.00000,+0.00000,0.00000,-4.921,0,204.8,0.0
17.704203,3,1,0.246224,0.246224,0.2470,-0.00078,1,0,1,+0.92839,+0.89074,0.03849,340.33,+0.00000,+0.00000,0.00000,0.0001,0,1,0,1,+5.000,+0.000,+5.000,+0.04118,-18.753,-0.00000,0.00,+0.00000,0,+0.00000,+0.00000,0.00000,-4.921,0,204.8,0.0
17.708905,3,1,0.246227,0.246227,0.2470,-0.00077,1,0,1,+0.92839,+0.89074,0.03849,340.33,+0.00000,+0.00000,0.00000,0.0001,0,1,0,1,+5.000,+0.000,+5.000,+0.04140,-18.755,-0.00000,0.00,+0.00000,0,+0.00000,+0.00000,0.00000,-4.971,0,204.8,0.0
17.713486,3,1,0.246229,0.246229,0.2470,-0.00077,1,0,1,+0.92839,+0.89074,0.03849,340.33,+0.00000,+0.00000,0.00000,0.0001,0,1,0,1,+5.000,+0.000,+5.000,+0.04179,-18.759,-0.00000,0.00,+0.00000,0,+0.00000,+0.00000,0.00000,-5.059,0,204.8,0.0
17.717884,3,1,0.246231,0.246231,0.2470,-0.00077,1,0,1,+0.92839,+0.89074,0.03849,340.33,+0.00000,+0.00000,0.00000,0.0001,0,1,0,1,+5.000,+0.000,+5.000,+0.04179,-18.759,-0.00000,0.00,+0.00000,0,+0.00000,+0.00000,0.00000,-5.059,0,204.8,0.0
17.722901,3,1,0.246234,0.246234,0.2470,-0.00077,1,0,1,+0.92839,+0.89074,0.03849,340.33,+0.00000,+0.00000,0.00000,0.0001,0,1,0,1,+5.000,+0.000,+5.000,+0.04181,-18.760,-0.00000,0.00,+0.00000,0,+0.00000,+0.00000,0.00000,-5.065,0,204.8,0.0
17.728038,3,1,0.246236,0.246236,0.2470,-0.00076,1,0,1,+0.92839,+0.89074,0.03849,340.33,+0.00000,+0.00000,0.00000,0.0001,0,1,0,1,+5.000,+0.000,+5.000,+0.04181,-18.760,-0.00000,0.00,+0.00000,0,+0.00000,+0.00000,0.00000,-5.065,0,204.8,0.0
17.732979,3,1,0.246239,0.246239,0.2470,-0.00076,1,0,1,+0.92839,+0.89074,0.03849,340.33,+0.00000,+0.00000,0.00000,0.0001,0,1,0,1,+5.000,+0.000,+5.000,+0.04194,-18.761,-0.00000,0.00,+0.00000,0,+0.00000,+0.00000,0.00000,-5.095,0,204.8,0.0
17.737748,3,1,0.246241,0.246241,0.2470,-0.00076,1,0,1,+0.92839,+0.89074,0.03849,340.33,+0.00000,+0.00000,0.00000,0.0001,0,1,0,1,+5.000,+0.000,+5.000,+0.04194,-18.761,-0.00000,0.00,+0.00000,0,+0.00000,+0.00000,0.00000,-5.095,0,204.8,0.0
17.742457,3,1,0.246244,0.246244,0.2470,-0.00076,1,0,1,+0.92839,+0.89074,0.03849,340.33,+0.00000,+0.00000,0.00000,0.0001,0,1,0,1,+5.000,+0.000,+5.000,+0.04200,-18.763,-0.00000,0.00,+0.00000,0,+0.00000,+0.00000,0.00000,-5.108,0,204.8,0.0
17.747037,3,1,0.246246,0.246246,0.2470,-0.00075,1,0,1,+0.92839,+0.89074,0.03849,340.33,+0.00000,+0.00000,0.00000,0.0001,0,1,0,1,+5.000,+0.000,+5.000,+0.04200,-18.763,-0.00000,0.00,+0.00000,0,+0.00000,+0.00000,0.00000,-5.108,0,204.8,0.0
17.751652,3,1,0.246248,0.246248,0.2470,-0.00075,1,0,1,+0.92839,+0.89074,0.03849,340.33,+0.00000,+0.00000,0.00000,0.0001,0,1,0,1,+5.000,+0.000,+5.000,+0.04224,-18.765,-0.00000,0.00,+0.00000,0,+0.00000,+0.00000,0.00000,-5.163,0,204.8,0.0
17.756463,3,1,0.246251,0.246251,0.2470,-0.00075,1,0,1,+0.92839,+0.89074,0.03849,340.33,+0.00000,+0.00000,0.00000,0.0001,0,1,0,1,+5.000,+0.000,+5.000,+0.04224,-18.765,-0.00000,0.00,+0.00000,0,+0.00000,+0.00000,0.00000,-5.163,0,204.8,0.0
17.761033,3,1,0.246253,0.246253,0.2470,-0.00075,1,0,1,+0.92839,+0.89074,0.03849,340.33,+0.00000,+0.00000,0.00000,0.0001,0,1,0,1,+5.000,+0.000,+5.000,+0.04237,-18.767,-0.00000,0.00,+0.00000,0,+0.00000,+0.00000,0.00000,-5.194,0,204.8,0.0
17.765806,3,1,0.246255,0.246255,0.2470,-0.00074,1,0,1,+0.92839,+0.89074,0.03849,340.33,+0.00000,+0.00000,0.00000,0.0001,0,1,0,1,+5.000,+0.000,+5.000,+0.04237,-18.767,-0.00000,0.00,+0.00000,0,+0.00000,+0.00000,0.00000,-5.194,0,204.8,0.0
17.771072,3,1,0.246258,0.246258,0.2470,-0.00074,1,0,1,+0.92839,+0.89074,0.03849,340.33,+0.00000,+0.00000,0.00000,0.0001,0,1,0,1,+5.000,+0.000,+5.000,+0.04238,-18.767,-0.00000,0.00,+0.00000,0,+0.00000,+0.00000,0.00000,-5.195,0,204.8,0.0
17.775740,3,1,0.246260,0.246260,0.2470,-0.00074,1,0,1,+0.92839,+0.89074,0.03849,340.33,+0.00000,+0.00000,0.00000,0.0001,0,1,0,1,+5.000,+0.000,+5.000,+0.04252,-18.769,-0.00000,0.00,+0.00000,0,+0.00000,+0.00000,0.00000,-5.228,0,204.8,0.0
17.780513,3,1,0.246263,0.246263,0.2470,-0.00074,1,0,1,+0.92839,+0.89074,0.03849,340.33,+0.00000,+0.00000,0.00000,0.0001,0,1,0,1,+5.000,+0.000,+5.000,+0.04252,-18.769,-0.00000,0.00,+0.00000,0,+0.00000,+0.00000,0.00000,-5.228,0,204.8,0.0
17.785107,3,1,0.246265,0.246265,0.2470,-0.00074,1,0,1,+0.92839,+0.89074,0.03849,340.33,+0.00000,+0.00000,0.00000,0.0001,0,1,0,1,+5.000,+0.000,+5.000,+0.04285,-18.772,-0.00000,0.00,+0.00000,0,+0.00000,+0.00000,0.00000,-5.304,0,204.8,0.0
17.790145,3,1,0.246267,0.246267,0.2470,-0.00073,1,0,1,+0.92839,+0.89074,0.03849,340.33,+0.00000,+0.00000,0.00000,0.0001,0,1,0,1,+5.000,+0.000,+5.000,+0.04285,-18.772,-0.00000,0.00,+0.00000,0,+0.00000,+0.00000,0.00000,-5.304,0,204.8,0.0
17.794607,3,1,0.246270,0.246270,0.2470,-0.00073,1,0,1,+0.92839,+0.89074,0.03849,340.33,+0.00000,+0.00000,0.00000,0.0001,0,1,0,1,+5.000,+0.000,+5.000,+0.04283,-18.772,-0.00000,0.00,+0.00000,0,+0.00000,+0.00000,0.00000,-5.300,0,204.8,0.0
17.799426,3,1,0.246272,0.246272,0.2470,-0.00073,1,0,1,+0.92839,+0.89074,0.03849,340.33,+0.00000,+0.00000,0.00000,0.0001,0,1,0,1,+5.000,+0.000,+5.000,+0.04283,-18.772,-0.00000,0.00,+0.00000,0,+0.00000,+0.00000,0.00000,-5.300,0,204.8,0.0
17.803999,3,1,0.246274,0.246274,0.2470,-0.00073,1,0,1,+0.92839,+0.89074,0.03849,340.33,+0.00000,+0.00000,0.00000,0.0001,0,1,0,1,+5.000,+0.000,+5.000,+0.04285,-18.773,-0.00000,0.00,+0.00000,0,+0.00000,+0.00000,0.00000,-5.304,0,204.8,0.0
17.809031,3,1,0.246277,0.246277,0.2470,-0.00072,1,0,1,+0.92839,+0.89074,0.03849,340.33,+0.00000,+0.00000,0.00000,0.0001,0,1,0,1,+5.000,+0.000,+5.000,+0.04285,-18.773,-0.00000,0.00,+0.00000,0,+0.00000,+0.00000,0.00000,-5.304,0,204.8,0.0
17.813697,3,1,0.246279,0.246279,0.2470,-0.00072,1,0,1,+0.92839,+0.89074,0.03849,340.33,+0.00000,+0.00000,0.00000,0.0001,0,1,0,1,+5.000,+0.000,+5.000,+0.04298,-18.774,-0.00000,0.00,+0.00000,0,+0.00000,+0.00000,0.00000,-5.333,0,204.8,0.0
17.818071,3,1,0.246281,0.246281,0.2470,-0.00072,1,0,1,+0.92839,+0.89074,0.03849,340.33,+0.00000,+0.00000,0.00000,0.0001,0,1,0,1,+5.000,+0.000,+5.000,+0.04298,-18.774,-0.00000,0.00,+0.00000,0,+0.00000,+0.00000,0.00000,-5.333,0,204.8,0.0
17.822784,3,1,0.246283,0.246283,0.2470,-0.00072,1,0,1,+0.92839,+0.89074,0.03849,340.33,+0.00000,+0.00000,0.00000,0.0001,0,1,0,1,+5.000,+0.000,+5.000,+0.04307,-18.775,-0.00000,0.00,+0.00000,0,+0.00000,+0.00000,0.00000,-5.354,0,204.8,0.0
17.827046,3,1,0.246285,0.246285,0.2470,-0.00071,1,0,1,+0.92839,+0.89074,0.03849,340.33,+0.00000,+0.00000,0.00000,0.0001,0,1,0,1,+5.000,+0.000,+5.000,+0.04307,-18.775,-0.00000,0.00,+0.00000,0,+0.00000,+0.00000,0.00000,-5.354,0,204.8,0.0
17.831824,3,1,0.246288,0.246288,0.2470,-0.00071,1,0,1,+0.92839,+0.89074,0.03849,340.33,+0.00000,+0.00000,0.00000,0.0001,0,1,0,1,+5.000,+0.000,+5.000,+0.04306,-18.775,-0.00000,0.00,+0.00000,0,+0.00000,+0.00000,0.00000,-5.351,0,204.8,0.0
17.836372,3,1,0.246290,0.246290,0.2470,-0.00071,1,0,1,+0.92839,+0.89074,0.03849,340.33,+0.00000,+0.00000,0.00000,0.0001,0,1,0,1,+5.000,+0.000,+5.000,+0.04306,-18.775,-0.00000,0.00,+0.00000,0,+0.00000,+0.00000,0.00000,-5.351,0,204.8,0.0
17.840909,3,1,0.246292,0.246292,0.2470,-0.00071,1,0,1,+0.92839,+0.89074,0.03849,340.33,+0.00000,+0.00000,0.00000,0.0001,0,1,0,1,+5.000,+0.000,+5.000,+0.04326,-18.777,-0.00000,0.00,+0.00000,0,+0.00000,+0.00000,0.00000,-5.397,0,204.8,0.0
17.845278,3,1,0.246294,0.246294,0.2470,-0.00071,1,0,1,+0.92839,+0.89074,0.03849,340.33,+0.00000,+0.00000,0.00000,0.0001,0,1,0,1,+5.000,+0.000,+5.000,+0.04326,-18.777,-0.00000,0.00,+0.00000,0,+0.00000,+0.00000,0.00000,-5.397,0,204.8,0.0
17.849853,3,1,0.246296,0.246296,0.2470,-0.00070,1,0,1,+0.92839,+0.89074,0.03849,340.33,+0.00000,+0.00000,0.00000,0.0001,0,1,0,1,+5.000,+0.000,+5.000,+0.04323,-18.777,-0.00000,0.00,+0.00000,0,+0.00000,+0.00000,0.00000,-5.390,0,204.8,0.0
17.854388,3,1,0.246298,0.246298,0.2470,-0.00070,1,0,1,+0.92839,+0.89074,0.03849,340.33,+0.00000,+0.00000,0.00000,0.0001,0,1,0,1,+5.000,+0.000,+5.000,+0.04358,-18.780,-0.00000,0.00,+0.00000,0,+0.00000,+0.00000,0.00000,-5.470,0,204.8,0.0
17.858934,3,1,0.246300,0.246300,0.2470,-0.00070,1,0,1,+0.92839,+0.89074,0.03849,340.33,+0.00000,+0.00000,0.00000,0.0001,0,1,0,1,+5.000,+0.000,+5.000,+0.04358,-18.780,-0.00000,0.00,+0.00000,0,+0.00000,+0.00000,0.00000,-5.470,0,204.8,0.0
17.863728,3,1,0.246303,0.246303,0.2470,-0.00070,1,0,1,+0.92839,+0.89074,0.03849,340.33,+0.00000,+0.00000,0.00000,0.0001,0,1,0,1,+5.000,+0.000,+5.000,+0.04354,-18.779,-0.00000,0.00,+0.00000,0,+0.00000,+0.00000,0.00000,-5.462,0,204.8,0.0
17.868509,3,1,0.246305,0.246305,0.2470,-0.00070,1,0,1,+0.92839,+0.89074,0.03849,340.33,+0.00000,+0.00000,0.00000,0.0001,0,1,0,1,+5.000,+0.000,+5.000,+0.04354,-18.779,-0.00000,0.00,+0.00000,0,+0.00000,+0.00000,0.00000,-5.462,0,204.8,0.0
17.872839,3,1,0.246307,0.246307,0.2470,-0.00069,1,0,1,+0.92839,+0.89074,0.03849,340.33,+0.00000,+0.00000,0.00000,0.0001,0,1,0,1,+5.000,+0.000,+5.000,+0.04386,-18.782,-0.00000,0.00,+0.00000,0,+0.00000,+0.00000,0.00000,-5.534,0,204.8,0.0
17.877521,3,1,0.246309,0.246309,0.2470,-0.00069,1,0,1,+0.92839,+0.89074,0.03849,340.33,+0.00000,+0.00000,0.00000,0.0001,0,1,0,1,+5.000,+0.000,+5.000,+0.04386,-18.782,-0.00000,0.00,+0.00000,0,+0.00000,+0.00000,0.00000,-5.534,0,204.8,0.0
17.882123,3,1,0.246311,0.246311,0.2470,-0.00069,1,0,1,+0.92839,+0.89074,0.03849,340.33,+0.00000,+0.00000,0.00000,0.0001,0,1,0,1,+5.000,+0.000,+5.000,+0.04385,-18.782,-0.00000,0.00,+0.00000,0,+0.00000,+0.00000,0.00000,-5.533,0,204.8,0.0
17.886725,3,1,0.246313,0.246313,0.2470,-0.00069,1,0,1,+0.92839,+0.89074,0.03849,340.33,+0.00000,+0.00000,0.00000,0.0001,0,1,0,1,+5.000,+0.000,+5.000,+0.04385,-18.782,-0.00000,0.00,+0.00000,0,+0.00000,+0.00000,0.00000,-5.533,0,204.8,0.0
17.891722,3,1,0.246315,0.246315,0.2470,-0.00068,1,0,1,+0.92839,+0.89074,0.03849,340.33,+0.00000,+0.00000,0.00000,0.0001,0,1,0,1,+5.000,+0.000,+5.000,+0.04401,-18.783,-0.00000,0.00,+0.00000,0,+0.00000,+0.00000,0.00000,-5.568,0,204.8,0.0
17.895910,3,1,0.246317,0.246317,0.2470,-0.00068,1,0,1,+0.92839,+0.89074,0.03849,340.33,+0.00000,+0.00000,0.00000,0.0001,0,1,0,1,+5.000,+0.000,+5.000,+0.04401,-18.783,-0.00000,0.00,+0.00000,0,+0.00000,+0.00000,0.00000,-5.568,0,204.8,0.0
17.900470,3,1,0.246319,0.246319,0.2470,-0.00068,1,0,1,+0.92839,+0.89074,0.03849,340.33,+0.00000,+0.00000,0.00000,0.0001,0,1,0,1,+5.000,+0.000,+5.000,+0.04399,-18.783,-0.00000,0.00,+0.00000,0,+0.00000,+0.00000,0.00000,-5.564,0,204.8,0.0
17.905073,3,1,0.246321,0.246321,0.2470,-0.00068,1,0,1,+0.92839,+0.89074,0.03849,340.33,+0.00000,+0.00000,0.00000,0.0001,0,1,0,1,+5.000,+0.000,+5.000,+0.04399,-18.783,-0.00000,0.00,+0.00000,0,+0.00000,+0.00000,0.00000,-5.564,0,204.8,0.0
17.910609,3,1,0.246324,0.246324,0.2470,-0.00068,1,0,1,+0.92839,+0.89074,0.03849,340.33,+0.00000,+0.00000,0.00000,0.0001,0,1,0,1,+5.000,+0.000,+5.000,+0.04405,-18.783,-0.00000,0.00,+0.00000,0,+0.00000,+0.00000,0.00000,-5.579,0,204.8,0.0
17.915086,3,1,0.246326,0.246326,0.2470,-0.00067,1,0,1,+0.92839,+0.89074,0.03849,340.33,+0.00000,+0.00000,0.00000,0.0001,0,1,0,1,+5.000,+0.000,+5.000,+0.04431,-18.785,-0.00000,0.00,+0.00000,0,+0.00000,+0.00000,0.00000,-5.638,0,204.8,0.0
17.919732,3,1,0.246328,0.246328,0.2470,-0.00067,1,0,1,+0.92839,+0.89074,0.03849,340.33,+0.00000,+0.00000,0.00000,0.0001,0,1,0,1,+5.000,+0.000,+5.000,+0.04431,-18.785,-0.00000,0.00,+0.00000,0,+0.00000,+0.00000,0.00000,-5.638,0,204.8,0.0
17.924551,3,1,0.246330,0.246330,0.2470,-0.00067,1,0,1,+0.92839,+0.89074,0.03849,340.33,+0.00000,+0.00000,0.00000,0.0001,0,1,0,1,+5.000,+0.000,+5.000,+0.04413,-18.784,-0.00000,0.00,+0.00000,0,+0.00000,+0.00000,0.00000,-5.597,0,204.8,0.0
17.928938,3,1,0.246332,0.246332,0.2470,-0.00067,1,0,1,+0.92839,+0.89074,0.03849,340.33,+0.00000,+0.00000,0.00000,0.0001,0,1,0,1,+5.000,+0.000,+5.000,+0.04413,-18.784,-0.00000,0.00,+0.00000,0,+0.00000,+0.00000,0.00000,-5.597,0,204.8,0.0
17.933955,3,1,0.246334,0.246334,0.2470,-0.00067,1,0,1,+0.92839,+0.89074,0.03849,340.33,+0.00000,+0.00000,0.00000,0.0001,0,1,0,1,+5.000,+0.000,+5.000,+0.04427,-18.785,-0.00000,0.00,+0.00000,0,+0.00000,+0.00000,0.00000,-5.629,0,204.8,0.0
17.938437,3,1,0.246336,0.246336,0.2470,-0.00066,1,0,1,+0.92839,+0.89074,0.03849,340.33,+0.00000,+0.00000,0.00000,0.0001,0,1,0,1,+5.000,+0.000,+5.000,+0.04427,-18.785,-0.00000,0.00,+0.00000,0,+0.00000,+0.00000,0.00000,-5.629,0,204.8,0.0
17.943181,3,1,0.246338,0.246338,0.2470,-0.00066,1,0,1,+0.92839,+0.89074,0.03849,340.33,+0.00000,+0.00000,0.00000,0.0001,0,1,0,1,+5.000,+0.000,+5.000,+0.04458,-18.787,-0.00000,0.00,+0.00000,0,+0.00000,+0.00000,0.00000,-5.700,0,204.8,0.0
17.947887,3,1,0.246341,0.246341,0.2470,-0.00066,1,0,1,+0.92839,+0.89074,0.03849,340.33,+0.00000,+0.00000,0.00000,0.0001,0,1,0,1,+5.000,+0.000,+5.000,+0.04458,-18.787,-0.00000,0.00,+0.00000,0,+0.00000,+0.00000,0.00000,-5.700,0,204.8,0.0
17.952621,3,1,0.246343,0.246343,0.2470,-0.00066,1,0,1,+0.92839,+0.89074,0.03849,340.33,+0.00000,+0.00000,0.00000,0.0001,0,1,0,1,+5.000,+0.000,+5.000,+0.04456,-18.787,-0.00000,0.00,+0.00000,0,+0.00000,+0.00000,0.00000,-5.696,0,204.8,0.0
17.957398,3,1,0.246345,0.246345,0.2470,-0.00066,1,0,1,+0.92839,+0.89074,0.03849,340.33,+0.00000,+0.00000,0.00000,0.0001,0,1,0,1,+5.000,+0.000,+5.000,+0.04474,-18.788,-0.00000,0.00,+0.00000,0,+0.00000,+0.00000,0.00000,-5.736,0,204.8,0.0
17.962022,3,1,0.246347,0.246347,0.2470,-0.00065,1,0,1,+0.92839,+0.89074,0.03849,340.33,+0.00000,+0.00000,0.00000,0.0001,0,1,0,1,+5.000,+0.000,+5.000,+0.04474,-18.788,-0.00000,0.00,+0.00000,0,+0.00000,+0.00000,0.00000,-5.736,0,204.8,0.0
17.966712,3,1,0.246349,0.246349,0.2470,-0.00065,1,0,1,+0.92839,+0.89074,0.03849,340.33,+0.00000,+0.00000,0.00000,0.0001,0,1,0,1,+5.000,+0.000,+5.000,+0.04468,-18.787,-0.00000,0.00,+0.00000,0,+0.00000,+0.00000,0.00000,-5.723,0,204.8,0.0
17.971290,3,1,0.246351,0.246351,0.2470,-0.00065,1,0,1,+0.92839,+0.89074,0.03849,340.33,+0.00000,+0.00000,0.00000,0.0001,0,1,0,1,+5.000,+0.000,+5.000,+0.04468,-18.787,-0.00000,0.00,+0.00000,0,+0.00000,+0.00000,0.00000,-5.723,0,204.8,0.0
17.975690,3,1,0.246353,0.246353,0.2470,-0.00065,1,0,1,+0.92839,+0.89074,0.03849,340.33,+0.00000,+0.00000,0.00000,0.0001,0,1,0,1,+5.000,+0.000,+5.000,+0.04472,-18.787,-0.00000,0.00,+0.00000,0,+0.00000,+0.00000,0.00000,-5.732,0,204.8,0.0
17.979954,3,1,0.246355,0.246355,0.2470,-0.00065,1,0,1,+0.92839,+0.89074,0.03849,340.33,+0.00000,+0.00000,0.00000,0.0001,0,1,0,1,+5.000,+0.000,+5.000,+0.04472,-18.787,-0.00000,0.00,+0.00000,0,+0.00000,+0.00000,0.00000,-5.732,0,204.8,0.0
17.984459,3,1,0.246356,0.246356,0.2470,-0.00064,1,0,1,+0.92839,+0.89074,0.03849,340.33,+0.00000,+0.00000,0.00000,0.0001,0,1,0,1,+5.000,+0.000,+5.000,+0.04472,-18.787,-0.00000,0.00,+0.00000,0,+0.00000,+0.00000,0.00000,-5.732,0,204.8,0.0
17.989533,3,1,0.246359,0.246359,0.2470,-0.00064,1,0,1,+0.92839,+0.89074,0.03849,340.33,+0.00000,+0.00000,0.00000,0.0001,0,1,0,1,+5.000,+0.000,+5.000,+0.04466,-18.787,-0.00000,0.00,+0.00000,0,+0.00000,+0.00000,0.00000,-5.717,0,204.8,0.0
17.994203,3,1,0.246361,0.246361,0.2470,-0.00064,1,0,1,+0.92839,+0.89074,0.03849,340.33,+0.00000,+0.00000,0.00000,0.0001,0,1,0,1,+5.000,+0.000,+5.000,+0.04466,-18.787,-0.00000,0.00,+0.00000,0,+0.00000,+0.00000,0.00000,-5.717,0,204.8,0.0
17.999050,3,1,0.246363,0.246363,0.2470,-0.00064,1,0,1,+0.92839,+0.89074,0.03849,340.33,+0.00000,+0.00000,0.00000,0.0001,0,1,0,1,+5.000,+0.000,+5.000,+0.04467,-18.786,-0.00000,0.00,+0.00000,0,+0.00000,+0.00000,0.00000,-5.719,0,204.8,0.0
18.003394,3,1,0.246365,0.246365,0.2470,-0.00064,1,0,1,+0.92839,+0.89074,0.03849,340.33,+0.00000,+0.00000,0.00000,0.0001,0,1,0,1,+5.000,+0.000,+5.000,+0.04494,-18.788,-0.00000,0.00,+0.00000,0,+0.00000,+0.00000,0.00000,-5.783,0,204.8,0.0
18.008160,3,1,0.246367,0.246367,0.2470,-0.00063,1,0,1,+0.92839,+0.89074,0.03849,340.33,+0.00000,+0.00000,0.00000,0.0001,0,1,0,1,+5.000,+0.000,+5.000,+0.04494,-18.788,-0.00000,0.00,+0.00000,0,+0.00000,+0.00000,0.00000,-5.783,0,204.8,0.0
18.012786,3,1,0.246368,0.246368,0.2470,-0.00063,1,0,1,+0.92839,+0.89074,0.03849,340.33,+0.00000,+0.00000,0.00000,0.0001,0,1,0,1,+5.000,+0.000,+5.000,+0.04474,-18.787,-0.00000,0.00,+0.00000,0,+0.00000,+0.00000,0.00000,-5.736,0,204.8,0.0
18.017444,3,1,0.246370,0.246370,0.2470,-0.00063,1,0,1,+0.92839,+0.89074,0.03849,340.33,+0.00000,+0.00000,0.00000,0.0001,0,1,0,1,+5.000,+0.000,+5.000,+0.04474,-18.787,-0.00000,0.00,+0.00000,0,+0.00000,+0.00000,0.00000,-5.736,0,204.8,0.0
18.022076,3,1,0.246372,0.246372,0.2470,-0.00063,1,0,1,+0.92839,+0.89074,0.03849,340.33,+0.00000,+0.00000,0.00000,0.0001,0,1,0,1,+5.000,+0.000,+5.000,+0.04492,-18.788,-0.00000,0.00,+0.00000,0,+0.00000,+0.00000,0.00000,-5.778,0,204.8,0.0
18.026530,3,1,0.246374,0.246374,0.2470,-0.00063,1,0,1,+0.92839,+0.89074,0.03849,340.33,+0.00000,+0.00000,0.00000,0.0001,0,1,0,1,+5.000,+0.000,+5.000,+0.04492,-18.788,-0.00000,0.00,+0.00000,0,+0.00000,+0.00000,0.00000,-5.778,0,204.8,0.0
18.031046,3,1,0.246376,0.246376,0.2470,-0.00062,1,0,1,+0.92839,+0.89074,0.03849,340.33,+0.00000,+0.00000,0.00000,0.0001,0,1,0,1,+5.000,+0.000,+5.000,+0.04483,-18.787,-0.00000,0.00,+0.00000,0,+0.00000,+0.00000,0.00000,-5.758,0,204.8,0.0
18.035588,3,1,0.246378,0.246378,0.2470,-0.00062,1,0,1,+0.92839,+0.89074,0.03849,340.33,+0.00000,+0.00000,0.00000,0.0001,0,1,0,1,+5.000,+0.000,+5.000,+0.04483,-18.787,-0.00000,0.00,+0.00000,0,+0.00000,+0.00000,0.00000,-5.758,0,204.8,0.0
18.040119,3,1,0.246380,0.246380,0.2470,-0.00062,1,0,1,+0.92839,+0.89074,0.03849,340.33,+0.00000,+0.00000,0.00000,0.0001,0,1,0,1,+5.000,+0.000,+5.000,+0.04489,-18.787,-0.00000,0.00,+0.00000,0,+0.00000,+0.00000,0.00000,-5.770,0,204.8,0.0
18.044502,3,1,0.246382,0.246382,0.2470,-0.00062,1,0,1,+0.92839,+0.89074,0.03849,340.33,+0.00000,+0.00000,0.00000,0.0001,0,1,0,1,+5.000,+0.000,+5.000,+0.04489,-18.787,-0.00000,0.00,+0.00000,0,+0.00000,+0.00000,0.00000,-5.770,0,204.8,0.0
18.049426,3,1,0.246384,0.246384,0.2470,-0.00062,1,0,1,+0.92839,+0.89074,0.03849,340.33,+0.00000,+0.00000,0.00000,0.0001,0,1,0,1,+5.000,+0.000,+5.000,+0.04503,-18.788,-0.00000,0.00,+0.00000,0,+0.00000,+0.00000,0.00000,-5.802,0,204.8,0.0
18.054188,3,1,0.246386,0.246386,0.2470,-0.00061,1,0,1,+0.92839,+0.89074,0.03849,340.33,+0.00000,+0.00000,0.00000,0.0001,0,1,0,1,+5.000,+0.000,+5.000,+0.04535,-18.790,-0.00000,0.00,+0.00000,0,+0.00000,+0.00000,0.00000,-5.877,0,204.8,0.0
18.058702,3,1,0.246388,0.246388,0.2470,-0.00061,1,0,1,+0.92839,+0.89074,0.03849,340.33,+0.00000,+0.00000,0.00000,0.0001,0,1,0,1,+5.000,+0.000,+5.000,+0.04535,-18.790,-0.00000,0.00,+0.00000,0,+0.00000,+0.00000,0.00000,-5.877,0,204.8,0.0
18.063328,3,1,0.246389,0.246389,0.2470,-0.00061,1,0,1,+0.92839,+0.89074,0.03849,340.33,+0.00000,+0.00000,0.00000,0.0001,0,1,0,1,+5.000,+0.000,+5.000,+0.04542,-18.790,-0.00000,0.00,+0.00000,0,+0.00000,+0.00000,0.00000,-5.891,0,204.8,0.0
18.068123,3,1,0.246391,0.246391,0.2470,-0.00061,1,0,1,+0.92839,+0.89074,0.03849,340.33,+0.00000,+0.00000,0.00000,0.0001,0,1,0,1,+5.000,+0.000,+5.000,+0.04542,-18.790,-0.00000,0.00,+0.00000,0,+0.00000,+0.00000,0.00000,-5.891,0,204.8,0.0
18.072819,3,1,0.246393,0.246393,0.2470,-0.00061,1,0,1,+0.92839,+0.89074,0.03849,340.33,+0.00000,+0.00000,0.00000,0.0001,0,1,0,1,+5.000,+0.000,+5.000,+0.04532,-18.789,-0.00000,0.00,+0.00000,0,+0.00000,+0.00000,0.00000,-5.869,0,204.8,0.0
18.077402,3,1,0.246395,0.246395,0.2470,-0.00060,1,0,1,+0.92839,+0.89074,0.03849,340.33,+0.00000,+0.00000,0.00000,0.0001,0,1,0,1,+5.000,+0.000,+5.000,+0.04532,-18.789,-0.00000,0.00,+0.00000,0,+0.00000,+0.00000,0.00000,-5.869,0,204.8,0.0
18.081944,3,1,0.246397,0.246397,0.2470,-0.00060,1,0,1,+0.92839,+0.89074,0.03849,340.33,+0.00000,+0.00000,0.00000,0.0001,0,1,0,1,+5.000,+0.000,+5.000,+0.04547,-18.790,-0.00000,0.00,+0.00000,0,+0.00000,+0.00000,0.00000,-5.903,0,204.8,0.0
18.086720,3,1,0.246399,0.246399,0.2470,-0.00060,1,0,1,+0.92839,+0.89074,0.03849,340.33,+0.00000,+0.00000,0.00000,0.0001,0,1,0,1,+5.000,+0.000,+5.000,+0.04547,-18.790,-0.00000,0.00,+0.00000,0,+0.00000,+0.00000,0.00000,-5.903,0,204.8,0.0
18.091273,3,1,0.246401,0.246401,0.2470,-0.00060,1,0,1,+0.92839,+0.89074,0.03849,340.33,+0.00000,+0.00000,0.00000,0.0001,0,1,0,1,+5.000,+0.000,+5.000,+0.04564,-18.790,-0.00000,0.00,+0.00000,0,+0.00000,+0.00000,0.00000,-5.942,0,204.8,0.0
18.095875,3,1,0.246403,0.246403,0.2470,-0.00060,1,0,1,+0.92839,+0.89074,0.03849,340.33,+0.00000,+0.00000,0.00000,0.0001,0,1,0,1,+5.000,+0.000,+5.000,+0.04564,-18.790,-0.00000,0.00,+0.00000,0,+0.00000,+0.00000,0.00000,-5.942,0,204.8,0.0
18.100259,3,1,0.246404,0.246404,0.2470,-0.00060,1,0,1,+0.92839,+0.89074,0.03849,340.33,+0.00000,+0.00000,0.00000,0.0001,0,1,0,1,+5.000,+0.000,+5.000,+0.04562,-18.790,-0.00000,0.00,+0.00000,0,+0.00000,+0.00000,0.00000,-5.938,0,204.8,0.0
18.104746,3,1,0.246406,0.246406,0.2470,-0.00059,1,0,1,+0.92839,+0.89074,0.03849,340.33,+0.00000,+0.00000,0.00000,0.0001,0,1,0,1,+5.000,+0.000,+5.000,+0.04562,-18.790,-0.00000,0.00,+0.00000,0,+0.00000,+0.00000,0.00000,-5.938,0,204.8,0.0
18.109488,3,1,0.246408,0.246408,0.2470,-0.00059,1,0,1,+0.92839,+0.89074,0.03849,340.33,+0.00000,+0.00000,0.00000,0.0001,0,1,0,1,+5.000,+0.000,+5.000,+0.04574,-18.790,-0.00000,0.00,+0.00000,0,+0.00000,+0.00000,0.00000,-5.964,0,204.8,0.0
18.114281,3,1,0.246410,0.246410,0.2470,-0.00059,1,0,1,+0.92839,+0.89074,0.03849,340.33,+0.00000,+0.00000,0.00000,0.0000,0,1,0,1,+5.000,+0.000,+5.000,+0.04584,-18.791,-0.00000,0.00,+0.00000,0,+0.00000,+0.00000,0.00000,-5.987,0,204.8,0.0
18.118825,3,1,0.246412,0.246412,0.2470,-0.00059,1,0,1,+0.92839,+0.89074,0.03849,340.33,+0.00000,+0.00000,0.00000,0.0000,0,1,0,1,+5.000,+0.000,+5.000,+0.04584,-18.791,-0.00000,0.00,+0.00000,0,+0.00000,+0.00000,0.00000,-5.987,0,204.8,0.0
18.123347,3,1,0.246413,0.246413,0.2470,-0.00059,1,0,1,+0.92839,+0.89074,0.03849,340.33,+0.00000,+0.00000,0.00000,0.0000,0,1,0,1,+5.000,+0.000,+5.000,+0.04595,-18.791,-0.00000,0.00,+0.00000,0,+0.00000,+0.00000,0.00000,-6.014,0,204.8,0.0
18.127503,3,1,0.246415,0.246415,0.2470,-0.00059,1,0,1,+0.92839,+0.89074,0.03849,340.33,+0.00000,+0.00000,0.00000,0.0000,0,1,0,1,+5.000,+0.000,+5.000,+0.04595,-18.791,-0.00000,0.00,+0.00000,0,+0.00000,+0.00000,0.00000,-6.014,0,204.8,0.0
18.132407,3,1,0.246417,0.246417,0.2470,-0.00058,1,0,1,+0.92839,+0.89074,0.03849,340.33,+0.00000,+0.00000,0.00000,0.0000,0,1,0,1,+5.000,+0.000,+5.000,+0.04590,-18.790,-0.00000,0.00,+0.00000,0,+0.00000,+0.00000,0.00000,-6.002,0,204.8,0.0
18.137078,3,1,0.246419,0.246419,0.2470,-0.00058,1,0,1,+0.92839,+0.89074,0.03849,340.33,+0.00000,+0.00000,0.00000,0.0000,0,1,0,1,+5.000,+0.000,+5.000,+0.04590,-18.790,-0.00000,0.00,+0.00000,0,+0.00000,+0.00000,0.00000,-6.002,0,204.8,0.0
18.141731,3,1,0.246421,0.246421,0.2470,-0.00058,1,0,1,+0.92839,+0.89074,0.03849,340.33,+0.00000,+0.00000,0.00000,0.0000,0,1,0,1,+5.000,+0.000,+5.000,+0.04618,-18.792,-0.00000,0.00,+0.00000,0,+0.00000,+0.00000,0.00000,-6.066,0,204.8,0.0
18.146352,3,1,0.246422,0.246422,0.2470,-0.00058,1,0,1,+0.92839,+0.89074,0.03849,340.33,+0.00000,+0.00000,0.00000,0.0000,0,1,0,1,+5.000,+0.000,+5.000,+0.04618,-18.792,-0.00000,0.00,+0.00000,0,+0.00000,+0.00000,0.00000,-6.066,0,204.8,0.0
18.150920,3,1,0.246424,0.246424,0.2470,-0.00058,1,0,1,+0.92839,+0.89074,0.03849,340.33,+0.00000,+0.00000,0.00000,0.0000,0,1,0,1,+5.000,+0.000,+5.000,+0.04617,-18.791,-0.00000,0.00,+0.00000,0,+0.00000,+0.00000,0.00000,-6.064,0,204.8,0.0
18.155725,3,1,0.246426,0.246426,0.2470,-0.00057,1,0,1,+0.92839,+0.89074,0.03849,340.33,+0.00000,+0.00000,0.00000,0.0000,0,1,0,1,+5.000,+0.000,+5.000,+0.04617,-18.791,-0.00000,0.00,+0.00000,0,+0.00000,+0.00000,0.00000,-6.064,0,204.8,0.0
18.160223,3,1,0.246428,0.246428,0.2470,-0.00057,1,0,1,+0.92839,+0.89074,0.03849,340.33,+0.00000,+0.00000,0.00000,0.0000,0,1,0,1,+5.000,+0.000,+5.000,+0.04623,-18.791,-0.00000,0.00,+0.00000,0,+0.00000,+0.00000,0.00000,-6.077,0,204.8,0.0
18.165106,3,1,0.246429,0.246429,0.2470,-0.00057,1,0,1,+0.92839,+0.89074,0.03849,340.33,+0.00000,+0.00000,0.00000,0.0000,0,1,0,1,+5.000,+0.000,+5.000,+0.04623,-18.791,-0.00000,0.00,+0.00000,0,+0.00000,+0.00000,0.00000,-6.077,0,204.8,0.0
18.169641,3,1,0.246431,0.246431,0.2470,-0.00057,1,0,1,+0.92839,+0.89074,0.03849,340.33,+0.00000,+0.00000,0.00000,0.0000,0,1,0,1,+5.000,+0.000,+5.000,+0.04608,-18.789,-0.00000,0.00,+0.00000,0,+0.00000,+0.00000,0.00000,-6.044,0,204.8,0.0
18.174132,3,1,0.246433,0.246433,0.2470,-0.00057,1,0,1,+0.92839,+0.89074,0.03849,340.33,+0.00000,+0.00000,0.00000,0.0000,0,1,0,1,+5.000,+0.000,+5.000,+0.04608,-18.789,-0.00000,0.00,+0.00000,0,+0.00000,+0.00000,0.00000,-6.044,0,204.8,0.0
18.178642,3,1,0.246435,0.246435,0.2470,-0.00057,1,0,1,+0.92839,+0.89074,0.03849,340.33,+0.00000,+0.00000,0.00000,0.0000,0,1,0,1,+5.000,+0.000,+5.000,+0.04614,-18.789,-0.00000,0.00,+0.00000,0,+0.00000,+0.00000,0.00000,-6.058,0,204.8,0.0
18.183308,3,1,0.246436,0.246436,0.2470,-0.00056,1,0,1,+0.92839,+0.89074,0.03849,340.33,+0.00000,+0.00000,0.00000,0.0000,0,1,0,1,+5.000,+0.000,+5.000,+0.04627,-18.790,-0.00000,0.00,+0.00000,0,+0.00000,+0.00000,0.00000,-6.086,0,204.8,0.0
18.187975,3,1,0.246438,0.246438,0.2470,-0.00056,1,0,1,+0.92839,+0.89074,0.03849,340.33,+0.00000,+0.00000,0.00000,0.0000,0,1,0,1,+5.000,+0.000,+5.000,+0.04627,-18.790,-0.00000,0.00,+0.00000,0,+0.00000,+0.00000,0.00000,-6.086,0,204.8,0.0
18.192628,3,1,0.246440,0.246440,0.2470,-0.00056,1,0,1,+0.92839,+0.89074,0.03849,340.33,+0.00000,+0.00000,0.00000,0.0000,0,1,0,1,+5.000,+0.000,+5.000,+0.04644,-18.791,-0.00000,0.00,+0.00000,0,+0.00000,+0.00000,0.00000,-6.126,0,204.8,0.0
18.197381,3,1,0.246442,0.246442,0.2470,-0.00056,1,0,1,+0.92839,+0.89074,0.03849,340.33,+0.00000,+0.00000,0.00000,0.0000,0,1,0,1,+5.000,+0.000,+5.000,+0.04644,-18.791,-0.00000,0.00,+0.00000,0,+0.00000,+0.00000,0.00000,-6.126,0,204.8,0.0
18.201818,3,1,0.246443,0.246443,0.2470,-0.00056,1,0,1,+0.92839,+0.89074,0.03849,340.33,+0.00000,+0.00000,0.00000,0.0000,0,1,0,1,+5.000,+0.000,+5.000,+0.04659,-18.791,-0.00000,0.00,+0.00000,0,+0.00000,+0.00000,0.00000,-6.161,0,204.8,0.0
18.206428,3,1,0.246445,0.246445,0.2470,-0.00056,1,0,1,+0.92839,+0.89074,0.03849,340.33,+0.00000,+0.00000,0.00000,0.0000,0,1,0,1,+5.000,+0.000,+5.000,+0.04678,-18.792,-0.00000,0.00,+0.00000,0,+0.00000,+0.00000,0.00000,-6.203,0,204.8,0.0
18.210875,3,1,0.246447,0.246447,0.2470,-0.00055,1,0,1,+0.92839,+0.89074,0.03849,340.33,+0.00000,+0.00000,0.00000,0.0000,0,1,0,1,+5.000,+0.000,+5.000,+0.04678,-18.792,-0.00000,0.00,+0.00000,0,+0.00000,+0.00000,0.00000,-6.203,0,204.8,0.0
18.215784,3,1,0.246448,0.246448,0.2470,-0.00055,1,0,1,+0.92839,+0.89074,0.03849,340.33,+0.00000,+0.00000,0.00000,0.0000,0,1,0,1,+5.000,+0.000,+5.000,+0.04685,-18.792,-0.00000,0.00,+0.00000,0,+0.00000,+0.00000,0.00000,-6.220,0,177.2,0.0
18.220545,3,1,0.246450,0.246450,0.2470,-0.00055,1,0,1,+0.92839,+0.89074,0.03849,340.33,+0.00000,+0.00000,0.00000,0.0000,0,1,0,1,+5.000,+0.000,+5.000,+0.04685,-18.792,-0.00000,0.00,+0.00000,0,+0.00000,+0.00000,0.00000,-6.220,0,177.2,0.0
18.225158,3,1,0.246452,0.246452,0.2470,-0.00055,1,0,1,+0.92839,+0.89074,0.03849,340.33,+0.00000,+0.00000,0.00000,0.0000,0,1,0,1,+5.000,+0.000,+5.000,+0.04686,-18.791,-0.00000,0.00,+0.00000,0,+0.00000,+0.00000,0.00000,-6.221,0,177.2,0.0
18.229706,3,1,0.246454,0.246454,0.2470,-0.00055,1,0,1,+0.92839,+0.89074,0.03849,340.33,+0.00000,+0.00000,0.00000,0.0000,0,1,0,1,+5.000,+0.000,+5.000,+0.04686,-18.791,-0.00000,0.00,+0.00000,0,+0.00000,+0.00000,0.00000,-6.221,0,177.2,0.0
18.234362,3,1,0.246455,0.246455,0.2470,-0.00054,1,0,1,+0.92839,+0.89074,0.03849,340.33,+0.00000,+0.00000,0.00000,0.0000,0,1,0,1,+5.000,+0.000,+5.000,+0.04676,-18.790,-0.00000,0.00,+0.00000,0,+0.00000,+0.00000,0.00000,-6.199,0,177.2,0.0
18.238628,3,1,0.246457,0.246457,0.2470,-0.00054,1,0,1,+0.92839,+0.89074,0.03849,340.33,+0.00000,+0.00000,0.00000,0.0000,0,1,0,1,+5.000,+0.000,+5.000,+0.04676,-18.790,-0.00000,0.00,+0.00000,0,+0.00000,+0.00000,0.00000,-6.199,0,177.2,0.0
18.243375,3,1,0.246458,0.246458,0.2470,-0.00054,1,0,1,+0.92839,+0.89074,0.03849,340.33,+0.00000,+0.00000,0.00000,0.0000,0,1,0,1,+5.000,+0.000,+5.000,+0.04665,-18.789,-0.00000,0.00,+0.00000,0,+0.00000,+0.00000,0.00000,-6.174,0,177.2,0.0
18.247961,3,1,0.246460,0.246460,0.2470,-0.00054,1,0,1,+0.92839,+0.89074,0.03849,340.33,+0.00000,+0.00000,0.00000,0.0000,0,1,0,1,+5.000,+0.000,+5.000,+0.04665,-18.789,-0.00000,0.00,+0.00000,0,+0.00000,+0.00000,0.00000,-6.174,0,177.2,0.0
18.252269,3,1,0.246462,0.246462,0.2470,-0.00054,1,0,1,+0.92839,+0.89074,0.03849,340.33,+0.00000,+0.00000,0.00000,0.0000,0,1,0,1,+5.000,+0.000,+5.000,+0.04691,-18.790,-0.00000,0.00,+0.00000,0,+0.00000,+0.00000,0.00000,-6.233,0,177.2,0.0
18.256896,3,1,0.246463,0.246463,0.2470,-0.00054,1,0,1,+0.92839,+0.89074,0.03849,340.33,+0.00000,+0.00000,0.00000,0.0000,0,1,0,1,+5.000,+0.000,+5.000,+0.04691,-18.790,-0.00000,0.00,+0.00000,0,+0.00000,+0.00000,0.00000,-6.233,0,177.2,0.0
18.261479,3,1,0.246465,0.246465,0.2470,-0.00054,1,0,1,+0.92839,+0.89074,0.03849,340.33,+0.00000,+0.00000,0.00000,0.0000,0,1,0,1,+5.000,+0.000,+5.000,+0.04688,-18.789,-0.00000,0.00,+0.00000,0,+0.00000,+0.00000,0.00000,-6.226,0,177.2,0.0
18.266051,3,1,0.246467,0.246467,0.2470,-0.00053,1,0,1,+0.92839,+0.89074,0.03849,340.33,+0.00000,+0.00000,0.00000,0.0000,0,1,0,1,+5.000,+0.000,+5.000,+0.04688,-18.789,-0.00000,0.00,+0.00000,0,+0.00000,+0.00000,0.00000,-6.226,0,177.2,0.0
18.270761,3,1,0.246468,0.246468,0.2470,-0.00053,1,0,1,+0.92839,+0.89074,0.03849,340.33,+0.00000,+0.00000,0.00000,0.0000,0,1,0,1,+5.000,+0.000,+5.000,+0.04698,-18.789,-0.00000,0.00,+0.00000,0,+0.00000,+0.00000,0.00000,-6.250,0,177.2,0.0
18.275645,3,1,0.246470,0.246470,0.2470,-0.00053,1,0,1,+0.92839,+0.89074,0.03849,340.33,+0.00000,+0.00000,0.00000,0.0000,0,1,0,1,+5.000,+0.000,+5.000,+0.04698,-18.789,-0.00000,0.00,+0.00000,0,+0.00000,+0.00000,0.00000,-6.250,0,177.2,0.0
18.280701,3,1,0.246472,0.246472,0.2470,-0.00053,1,0,1,+0.92839,+0.89074,0.03849,340.33,+0.00000,+0.00000,0.00000,0.0000,0,1,0,1,+5.000,+0.000,+5.000,+0.04700,-18.789,-0.00000,0.00,+0.00000,0,+0.00000,+0.00000,0.00000,-6.255,0,177.2,0.0
18.284977,3,1,0.246473,0.246473,0.2470,-0.00053,1,0,1,+0.92839,+0.89074,0.03849,340.33,+0.00000,+0.00000,0.00000,0.0000,0,1,0,1,+5.000,+0.000,+5.000,+0.04700,-18.789,-0.00000,0.00,+0.00000,0,+0.00000,+0.00000,0.00000,-6.255,0,177.2,0.0
18.289663,3,1,0.246475,0.246475,0.2470,-0.00053,1,0,1,+0.92839,+0.89074,0.03849,340.33,+0.00000,+0.00000,0.00000,0.0000,0,1,0,1,+5.000,+0.000,+5.000,+0.04690,-18.787,-0.00000,0.00,+0.00000,0,+0.00000,+0.00000,0.00000,-6.232,0,177.2,0.0
18.294179,3,1,0.246477,0.246477,0.2470,-0.00052,1,0,1,+0.92839,+0.89074,0.03849,340.33,+0.00000,+0.00000,0.00000,0.0000,0,1,0,1,+5.000,+0.000,+5.000,+0.04713,-18.789,-0.00000,0.00,+0.00000,0,+0.00000,+0.00000,0.00000,-6.285,0,177.2,0.0
18.298818,3,1,0.246478,0.246478,0.2470,-0.00052,1,0,1,+0.92839,+0.89074,0.03849,340.33,+0.00000,+0.00000,0.00000,0.0000,0,1,0,1,+5.000,+0.000,+5.000,+0.04713,-18.789,-0.00000,0.00,+0.00000,0,+0.00000,+0.00000,0.00000,-6.285,0,177.2,0.0
18.303237,3,1,0.246480,0.246480,0.2470,-0.00052,1,0,1,+0.92839,+0.89074,0.03849,340.33,+0.00000,+0.00000,0.00000,0.0000,0,1,0,1,+5.000,+0.000,+5.000,+0.04713,-18.789,-0.00000,0.00,+0.00000,0,+0.00000,+0.00000,0.00000,-6.285,0,177.2,0.0
18.309483,3,1,0.246482,0.246482,0.2470,-0.00052,1,0,1,+0.92839,+0.89074,0.03849,340.33,+0.00000,+0.00000,0.00000,0.0000,0,1,0,1,+5.000,+0.000,+5.000,+0.04700,-18.787,-0.00000,0.00,+0.00000,0,+0.00000,+0.00000,0.00000,-6.254,0,177.2,0.0
18.314006,3,1,0.246483,0.246483,0.2470,-0.00052,1,0,1,+0.92839,+0.89074,0.03849,340.33,+0.00000,+0.00000,0.00000,0.0000,0,1,0,1,+5.000,+0.000,+5.000,+0.04705,-18.787,-0.00000,0.00,+0.00000,0,+0.00000,+0.00000,0.00000,-6.266,0,177.2,0.0
18.321108,3,1,0.246486,0.246486,0.2470,-0.00051,1,0,1,+0.92839,+0.89074,0.03849,340.33,+0.00000,+0.00000,0.00000,0.0000,0,1,0,1,+5.000,+0.000,+5.000,+0.04705,-18.787,-0.00000,0.00,+0.00000,0,+0.00000,+0.00000,0.00000,-6.266,0,177.2,0.0
18.326001,3,1,0.246487,0.246487,0.2470,-0.00051,1,0,1,+0.92839,+0.89074,0.03849,340.33,+0.00000,+0.00000,0.00000,0.0000,0,1,0,1,+5.000,+0.000,+5.000,+0.04701,-18.786,-0.00000,0.00,+0.00000,0,+0.00000,+0.00000,0.00000,-6.257,0,177.2,0.0
18.330740,3,1,0.246489,0.246489,0.2470,-0.00051,1,0,1,+0.92839,+0.89074,0.03849,340.33,+0.00000,+0.00000,0.00000,0.0000,0,1,0,1,+5.000,+0.000,+5.000,+0.04719,-18.787,-0.00000,0.00,+0.00000,0,+0.00000,+0.00000,0.00000,-6.297,0,177.2,0.0
18.335289,3,1,0.246491,0.246491,0.2470,-0.00051,1,0,1,+0.92839,+0.89074,0.03849,340.33,+0.00000,+0.00000,0.00000,0.0000,0,1,0,1,+5.000,+0.000,+5.000,+0.04719,-18.787,-0.00000,0.00,+0.00000,0,+0.00000,+0.00000,0.00000,-6.297,0,177.2,0.0
18.340127,3,1,0.246492,0.246492,0.2470,-0.00051,1,0,1,+0.92839,+0.89074,0.03849,340.33,+0.00000,+0.00000,0.00000,0.0000,0,1,0,1,+5.000,+0.000,+5.000,+0.04715,-18.786,-0.00000,0.00,+0.00000,0,+0.00000,+0.00000,0.00000,-6.288,0,177.2,0.0
18.344604,3,1,0.246494,0.246494,0.2470,-0.00051,1,0,1,+0.92839,+0.89074,0.03849,340.33,+0.00000,+0.00000,0.00000,0.0000,0,1,0,1,+5.000,+0.000,+5.000,+0.04715,-18.786,-0.00000,0.00,+0.00000,0,+0.00000,+0.00000,0.00000,-6.288,0,177.2,0.0
18.349040,3,1,0.246495,0.246495,0.2470,-0.00050,1,0,1,+0.92839,+0.89074,0.03849,340.33,+0.00000,+0.00000,0.00000,0.0000,0,1,0,1,+5.000,+0.000,+5.000,+0.04730,-18.786,-0.00000,0.00,+0.00000,0,+0.00000,+0.00000,0.00000,-6.322,0,177.2,0.0
18.353398,3,1,0.246497,0.246497,0.2470,-0.00050,1,0,1,+0.92839,+0.89074,0.03849,340.33,+0.00000,+0.00000,0.00000,0.0000,0,1,0,1,+5.000,+0.000,+5.000,+0.04730,-18.786,-0.00000,0.00,+0.00000,0,+0.00000,+0.00000,0.00000,-6.322,0,177.2,0.0
18.357996,3,1,0.246498,0.246498,0.2470,-0.00050,1,0,1,+0.92839,+0.89074,0.03849,340.33,+0.00000,+0.00000,0.00000,0.0000,0,1,0,1,+5.000,+0.000,+5.000,+0.04728,-18.786,-0.00000,0.00,+0.00000,0,+0.00000,+0.00000,0.00000,-6.319,0,177.2,0.0
18.362436,3,1,0.246500,0.246500,0.2470,-0.00050,1,0,1,+0.92839,+0.89074,0.03849,340.33,+0.00000,+0.00000,0.00000,0.0000,0,1,0,1,+5.000,+0.000,+5.000,+0.04728,-18.786,-0.00000,0.00,+0.00000,0,+0.00000,+0.00000,0.00000,-6.319,0,177.2,0.0
18.366987,3,1,0.246501,0.246501,0.2470,-0.00050,1,0,1,+0.92839,+0.89074,0.03849,340.33,+0.00000,+0.00000,0.00000,0.0000,0,1,0,1,+5.000,+0.000,+5.000,+0.04721,-18.784,-0.00000,0.00,+0.00000,0,+0.00000,+0.00000,0.00000,-6.303,0,177.2,0.0
18.371546,3,1,0.246503,0.246503,0.2470,-0.00050,1,0,1,+0.92839,+0.89074,0.03849,340.33,+0.00000,+0.00000,0.00000,0.0000,0,1,0,1,+5.000,+0.000,+5.000,+0.04721,-18.784,-0.00000,0.00,+0.00000,0,+0.00000,+0.00000,0.00000,-6.303,0,177.2,0.0
18.376440,3,1,0.246504,0.246504,0.2470,-0.00050,1,0,1,+0.92839,+0.89074,0.03849,340.33,+0.00000,+0.00000,0.00000,0.0000,0,1,0,1,+5.000,+0.000,+5.000,+0.04731,-18.785,-0.00000,0.00,+0.00000,0,+0.00000,+0.00000,0.00000,-6.325,0,177.2,0.0
18.381567,3,1,0.246506,0.246506,0.2470,-0.00049,1,0,1,+0.92839,+0.89074,0.03849,340.33,+0.00000,+0.00000,0.00000,0.0000,0,1,0,1,+5.000,+0.000,+5.000,+0.04724,-18.784,-0.00000,0.00,+0.00000,0,+0.00000,+0.00000,0.00000,-6.309,0,177.2,0.0
18.386114,3,1,0.246508,0.246508,0.2470,-0.00049,1,0,1,+0.92839,+0.89074,0.03849,340.33,+0.00000,+0.00000,0.00000,0.0000,0,1,0,1,+5.000,+0.000,+5.000,+0.04724,-18.784,-0.00000,0.00,+0.00000,0,+0.00000,+0.00000,0.00000,-6.309,0,177.2,0.0
18.391243,3,1,0.246509,0.246509,0.2470,-0.00049,1,0,1,+0.92839,+0.89074,0.03849,340.33,+0.00000,+0.00000,0.00000,0.0000,0,1,0,1,+5.000,+0.000,+5.000,+0.04729,-18.783,-0.00000,0.00,+0.00000,0,+0.00000,+0.00000,0.00000,-6.321,0,177.2,0.0
18.395672,3,1,0.246511,0.246511,0.2470,-0.00049,1,0,1,+0.92839,+0.89074,0.03849,340.33,+0.00000,+0.00000,0.00000,0.0000,0,1,0,1,+5.000,+0.000,+5.000,+0.04729,-18.783,-0.00000,0.00,+0.00000,0,+0.00000,+0.00000,0.00000,-6.321,0,177.2,0.0
18.400602,3,1,0.246512,0.246512,0.2470,-0.00049,1,0,1,+0.92839,+0.89074,0.03849,340.33,+0.00000,+0.00000,0.00000,0.0000,0,1,0,1,+5.000,+0.000,+5.000,+0.04740,-18.784,-0.00000,0.00,+0.00000,0,+0.00000,+0.00000,0.00000,-6.346,0,177.2,0.0
18.405314,3,1,0.246514,0.246514,0.2470,-0.00049,1,0,1,+0.92839,+0.89074,0.03849,340.33,+0.00000,+0.00000,0.00000,0.0000,0,1,0,1,+5.000,+0.000,+5.000,+0.04740,-18.784,-0.00000,0.00,+0.00000,0,+0.00000,+0.00000,0.00000,-6.346,0,177.2,0.0
18.410420,3,1,0.246516,0.246516,0.2470,-0.00048,1,0,1,+0.92839,+0.89074,0.03849,340.33,+0.00000,+0.00000,0.00000,0.0000,0,1,0,1,+5.000,+0.000,+5.000,+0.04753,-18.784,-0.00000,0.00,+0.00000,0,+0.00000,+0.00000,0.00000,-6.375,0,177.2,0.0
18.415058,3,1,0.246517,0.246517,0.2470,-0.00048,1,0,1,+0.92839,+0.89074,0.03849,340.33,+0.00000,+0.00000,0.00000,0.0000,0,1,0,1,+5.000,+0.000,+5.000,+0.04750,-18.783,-0.00000,0.00,+0.00000,0,+0.00000,+0.00000,0.00000,-6.370,0,177.2,0.0
18.419633,3,1,0.246519,0.246519,0.2470,-0.00048,1,0,1,+0.92839,+0.89074,0.03849,340.33,+0.00000,+0.00000,0.00000,0.0000,0,1,0,1,+5.000,+0.000,+5.000,+0.04750,-18.783,-0.00000,0.00,+0.00000,0,+0.00000,+0.00000,0.00000,-6.370,0,177.2,0.0
18.424036,3,1,0.246520,0.246520,0.2470,-0.00048,1,0,1,+0.92839,+0.89074,0.03849,340.33,+0.00000,+0.00000,0.00000,0.0000,0,1,0,1,+5.000,+0.000,+5.000,+0.04761,-18.783,-0.00000,0.00,+0.00000,0,+0.00000,+0.00000,0.00000,-6.393,0,177.2,0.0
18.428904,3,1,0.246521,0.246521,0.2470,-0.00048,1,0,1,+0.92839,+0.89074,0.03849,340.33,+0.00000,+0.00000,0.00000,0.0000,0,1,0,1,+5.000,+0.000,+5.000,+0.04761,-18.783,-0.00000,0.00,+0.00000,0,+0.00000,+0.00000,0.00000,-6.393,0,177.2,0.0
18.434647,3,1,0.246523,0.246523,0.2470,-0.00048,1,0,1,+0.92839,+0.89074,0.03849,340.33,+0.00000,+0.00000,0.00000,0.0000,0,1,0,1,+5.000,+0.000,+5.000,+0.04748,-18.782,-0.00000,0.00,+0.00000,0,+0.00000,+0.00000,0.00000,-6.365,0,177.2,0.0
18.439464,3,1,0.246525,0.246525,0.2470,-0.00048,1,0,1,+0.92839,+0.89074,0.03849,340.33,+0.00000,+0.00000,0.00000,0.0000,0,1,0,1,+5.000,+0.000,+5.000,+0.04748,-18.782,-0.00000,0.00,+0.00000,0,+0.00000,+0.00000,0.00000,-6.365,0,177.2,0.0
18.443992,3,1,0.246526,0.246526,0.2470,-0.00047,1,0,1,+0.92839,+0.89074,0.03849,340.33,+0.00000,+0.00000,0.00000,0.0000,0,1,0,1,+5.000,+0.000,+5.000,+0.04734,-18.780,-0.00000,0.00,+0.00000,0,+0.00000,+0.00000,0.00000,-6.332,0,177.2,0.0
18.448600,3,1,0.246528,0.246528,0.2470,-0.00047,1,0,1,+0.92839,+0.89074,0.03849,340.33,+0.00000,+0.00000,0.00000,0.0000,0,1,0,1,+5.000,+0.000,+5.000,+0.04734,-18.780,-0.00000,0.00,+0.00000,0,+0.00000,+0.00000,0.00000,-6.332,0,177.2,0.0
18.453325,3,1,0.246529,0.246529,0.2470,-0.00047,1,0,1,+0.92839,+0.89074,0.03849,340.33,+0.00000,+0.00000,0.00000,0.0000,0,1,0,1,+5.000,+0.000,+5.000,+0.04761,-18.782,-0.00000,0.00,+0.00000,0,+0.00000,+0.00000,0.00000,-6.394,0,177.2,0.0
18.459622,3,1,0.246531,0.246531,0.2470,-0.00047,1,0,1,+0.92839,+0.89074,0.03849,340.33,+0.00000,+0.00000,0.00000,0.0000,0,1,0,1,+5.000,+0.000,+5.000,+0.04761,-18.782,-0.00000,0.00,+0.00000,0,+0.00000,+0.00000,0.00000,-6.394,0,177.2,0.0
18.464641,3,1,0.246533,0.246533,0.2470,-0.00047,1,0,1,+0.92839,+0.89074,0.03849,340.33,+0.00000,+0.00000,0.00000,0.0000,0,1,0,1,+5.000,+0.000,+5.000,+0.04739,-18.780,-0.00000,0.00,+0.00000,0,+0.00000,+0.00000,0.00000,-6.344,0,177.2,0.0
18.469221,3,1,0.246534,0.246534,0.2470,-0.00047,1,0,1,+0.92839,+0.89074,0.03849,340.33,+0.00000,+0.00000,0.00000,0.0000,0,1,0,1,+5.000,+0.000,+5.000,+0.04767,-18.781,-0.00000,0.00,+0.00000,0,+0.00000,+0.00000,0.00000,-6.408,0,177.2,0.0
18.473876,3,1,0.246536,0.246536,0.2470,-0.00046,1,0,1,+0.92839,+0.89074,0.03849,340.33,+0.00000,+0.00000,0.00000,0.0000,0,1,0,1,+5.000,+0.000,+5.000,+0.04767,-18.781,-0.00000,0.00,+0.00000,0,+0.00000,+0.00000,0.00000,-6.408,0,177.2,0.0
18.478354,3,1,0.246537,0.246537,0.2470,-0.00046,1,0,1,+0.92839,+0.89074,0.03849,340.33,+0.00000,+0.00000,0.00000,0.0000,0,1,0,1,+5.000,+0.000,+5.000,+0.04761,-18.780,-0.00000,0.00,+0.00000,0,+0.00000,+0.00000,0.00000,-6.393,0,177.2,0.0
18.482732,3,1,0.246538,0.246538,0.2470,-0.00046,1,0,1,+0.92839,+0.89074,0.03849,340.33,+0.00000,+0.00000,0.00000,0.0000,0,1,0,1,+5.000,+0.000,+5.000,+0.04761,-18.780,-0.00000,0.00,+0.00000,0,+0.00000,+0.00000,0.00000,-6.393,0,177.2,0.0
18.487258,3,1,0.246540,0.246540,0.2470,-0.00046,1,0,1,+0.92839,+0.89074,0.03849,340.33,+0.00000,+0.00000,0.00000,0.0000,0,1,0,1,+5.000,+0.000,+5.000,+0.04753,-18.779,-0.00000,0.00,+0.00000,0,+0.00000,+0.00000,0.00000,-6.376,0,177.2,0.0
18.492418,3,1,0.246541,0.246541,0.2470,-0.00046,1,0,1,+0.92839,+0.89074,0.03849,340.33,+0.00000,+0.00000,0.00000,0.0000,0,1,0,1,+5.000,+0.000,+5.000,+0.04753,-18.779,-0.00000,0.00,+0.00000,0,+0.00000,+0.00000,0.00000,-6.376,0,177.2,0.0
18.496932,3,1,0.246543,0.246543,0.2470,-0.00046,1,0,1,+0.92839,+0.89074,0.03849,340.33,+0.00000,+0.00000,0.00000,0.0000,0,1,0,1,+5.000,+0.000,+5.000,+0.04744,-18.778,-0.00000,0.00,+0.00000,0,+0.00000,+0.00000,0.00000,-6.355,0,177.2,0.0
18.501502,3,1,0.246544,0.246544,0.2470,-0.00046,1,0,1,+0.92839,+0.89074,0.03849,340.33,+0.00000,+0.00000,0.00000,0.0000,0,1,0,1,+5.000,+0.000,+5.000,+0.04744,-18.778,-0.00000,0.00,+0.00000,0,+0.00000,+0.00000,0.00000,-6.355,0,177.2,0.0
18.505897,3,1,0.246545,0.246545,0.2470,-0.00045,1,0,1,+0.92839,+0.89074,0.03849,340.33,+0.00000,+0.00000,0.00000,0.0000,0,1,0,1,+5.000,+0.000,+5.000,+0.04751,-18.778,-0.00000,0.00,+0.00000,0,+0.00000,+0.00000,0.00000,-6.371,0,177.2,0.0
18.510401,3,1,0.246547,0.246547,0.2470,-0.00045,1,0,1,+0.92839,+0.89074,0.03849,340.33,+0.00000,+0.00000,0.00000,0.0000,0,1,0,1,+5.000,+0.000,+5.000,+0.04751,-18.778,-0.00000,0.00,+0.00000,0,+0.00000,+0.00000,0.00000,-6.371,0,177.2,0.0
18.515093,3,1,0.246548,0.246548,0.2470,-0.00045,1,0,1,+0.92839,+0.89074,0.03849,340.33,+0.00000,+0.00000,0.00000,0.0000,0,1,0,1,+5.000,+0.000,+5.000,+0.04759,-18.778,-0.00000,0.00,+0.00000,0,+0.00000,+0.00000,0.00000,-6.389,0,177.2,0.0
18.519739,3,1,0.246550,0.246550,0.2470,-0.00045,1,0,1,+0.92839,+0.89074,0.03849,340.33,+0.00000,+0.00000,0.00000,0.0000,0,1,0,1,+5.000,+0.000,+5.000,+0.04759,-18.778,-0.00000,0.00,+0.00000,0,+0.00000,+0.00000,0.00000,-6.389,0,177.2,0.0
18.524518,3,1,0.246551,0.246551,0.2470,-0.00045,1,0,1,+0.92839,+0.89074,0.03849,340.33,+0.00000,+0.00000,0.00000,0.0000,0,1,0,1,+5.000,+0.000,+5.000,+0.04760,-18.778,-0.00000,0.00,+0.00000,0,+0.00000,+0.00000,0.00000,-6.391,0,177.2,0.0
18.528993,3,1,0.246552,0.246552,0.2470,-0.00045,1,0,1,+0.92839,+0.89074,0.03849,340.33,+0.00000,+0.00000,0.00000,0.0000,0,1,0,1,+5.000,+0.000,+5.000,+0.04773,-18.778,-0.00000,0.00,+0.00000,0,+0.00000,+0.00000,0.00000,-6.422,0,177.2,0.0
18.534459,3,1,0.246554,0.246554,0.2470,-0.00045,1,0,1,+0.92839,+0.89074,0.03849,340.33,+0.00000,+0.00000,0.00000,0.0000,0,1,0,1,+5.000,+0.000,+5.000,+0.04773,-18.778,-0.00000,0.00,+0.00000,0,+0.00000,+0.00000,0.00000,-6.422,0,177.2,0.0
18.539160,3,1,0.246555,0.246555,0.2470,-0.00044,1,0,1,+0.92839,+0.89074,0.03849,340.33,+0.00000,+0.00000,0.00000,0.0000,0,1,0,1,+5.000,+0.000,+5.000,+0.04781,-18.778,-0.00000,0.00,+0.00000,0,+0.00000,+0.00000,0.00000,-6.440,0,177.2,0.0
18.543759,3,1,0.246557,0.246557,0.2470,-0.00044,1,0,1,+0.92839,+0.89074,0.03849,340.33,+0.00000,+0.00000,0.00000,0.0000,0,1,0,1,+5.000,+0.000,+5.000,+0.04781,-18.778,-0.00000,0.00,+0.00000,0,+0.00000,+0.00000,0.00000,-6.440,0,177.2,0.0
18.548471,3,1,0.246558,0.246558,0.2470,-0.00044,1,0,1,+0.92839,+0.89074,0.03849,340.33,+0.00000,+0.00000,0.00000,0.0000,0,1,0,1,+5.000,+0.000,+5.000,+0.04781,-18.778,-0.00000,0.00,+0.00000,0,+0.00000,+0.00000,0.00000,-6.441,0,177.2,0.0
18.552842,3,1,0.246559,0.246559,0.2470,-0.00044,1,0,1,+0.92839,+0.89074,0.03849,340.33,+0.00000,+0.00000,0.00000,0.0000,0,1,0,1,+5.000,+0.000,+5.000,+0.04781,-18.778,-0.00000,0.00,+0.00000,0,+0.00000,+0.00000,0.00000,-6.441,0,177.2,0.0
18.558165,3,1,0.246561,0.246561,0.2470,-0.00044,1,0,1,+0.92839,+0.89074,0.03849,340.33,+0.00000,+0.00000,0.00000,0.0000,0,1,0,1,+5.000,+0.000,+5.000,+0.04791,-18.778,-0.00000,0.00,+0.00000,0,+0.00000,+0.00000,0.00000,-6.463,0,177.2,0.0
18.563979,3,1,0.246563,0.246563,0.2470,-0.00044,1,0,1,+0.92839,+0.89074,0.03849,340.33,+0.00000,+0.00000,0.00000,0.0000,0,1,0,1,+5.000,+0.000,+5.000,+0.04796,-18.778,-0.00000,0.00,+0.00000,0,+0.00000,+0.00000,0.00000,-6.475,0,177.2,0.0
18.569372,3,1,0.246564,0.246564,0.2470,-0.00044,1,0,1,+0.92839,+0.89074,0.03849,340.33,+0.00000,+0.00000,0.00000,0.0000,0,1,0,1,+5.000,+0.000,+5.000,+0.04796,-18.778,-0.00000,0.00,+0.00000,0,+0.00000,+0.00000,0.00000,-6.475,0,177.2,0.0
18.575485,3,1,0.246566,0.246566,0.2470,-0.00043,1,0,1,+0.92839,+0.89074,0.03849,340.33,+0.00000,+0.00000,0.00000,0.0000,0,1,0,1,+5.000,+0.000,+5.000,+0.04791,-18.777,-0.00000,0.00,+0.00000,0,+0.00000,+0.00000,0.00000,-6.462,0,177.2,0.0
18.579978,3,1,0.246567,0.246567,0.2470,-0.00043,1,0,1,+0.92839,+0.89074,0.03849,340.33,+0.00000,+0.00000,0.00000,0.0000,0,1,0,1,+5.000,+0.000,+5.000,+0.04797,-18.777,-0.00000,0.00,+0.00000,0,+0.00000,+0.00000,0.00000,-6.477,0,177.2,0.0
18.584549,3,1,0.246569,0.246569,0.2470,-0.00043,1,0,1,+0.92839,+0.89074,0.03849,340.33,+0.00000,+0.00000,0.00000,0.0000,0,1,0,1,+5.000,+0.000,+5.000,+0.04797,-18.777,-0.00000,0.00,+0.00000,0,+0.00000,+0.00000,0.00000,-6.477,0,177.2,0.0
18.589062,3,1,0.246570,0.246570,0.2470,-0.00043,1,0,1,+0.92839,+0.89074,0.03849,340.33,+0.00000,+0.00000,0.00000,0.0000,0,1,0,1,+5.000,+0.000,+5.000,+0.04807,-18.777,-0.00000,0.00,+0.00000,0,+0.00000,+0.00000,0.00000,-6.499,0,177.2,0.0
18.593594,3,1,0.246571,0.246571,0.2470,-0.00043,1,0,1,+0.92839,+0.89074,0.03849,340.33,+0.00000,+0.00000,0.00000,0.0000,0,1,0,1,+5.000,+0.000,+5.000,+0.04807,-18.777,-0.00000,0.00,+0.00000,0,+0.00000,+0.00000,0.00000,-6.499,0,177.2,0.0
18.598322,3,1,0.246573,0.246573,0.2470,-0.00043,1,0,1,+0.92839,+0.89074,0.03849,340.33,+0.00000,+0.00000,0.00000,0.0000,0,1,0,1,+5.000,+0.000,+5.000,+0.04820,-18.777,-0.00000,0.00,+0.00000,0,+0.00000,+0.00000,0.00000,-6.529,0,177.2,0.0
18.602774,3,1,0.246574,0.246574,0.2470,-0.00043,1,0,1,+0.92839,+0.89074,0.03849,340.33,+0.00000,+0.00000,0.00000,0.0000,0,1,0,1,+5.000,+0.000,+5.000,+0.04820,-18.777,-0.00000,0.00,+0.00000,0,+0.00000,+0.00000,0.00000,-6.529,0,177.2,0.0
18.607352,3,1,0.246575,0.246575,0.2470,-0.00042,1,0,1,+0.92839,+0.89074,0.03849,340.33,+0.00000,+0.00000,0.00000,0.0000,0,1,0,1,+5.000,+0.000,+5.000,+0.04817,-18.777,-0.00000,0.00,+0.00000,0,+0.00000,+0.00000,0.00000,-6.522,0,177.2,0.0
18.611661,3,1,0.246576,0.246576,0.2470,-0.00042,1,0,1,+0.92839,+0.89074,0.03849,340.33,+0.00000,+0.00000,0.00000,0.0000,0,1,0,1,+5.000,+0.000,+5.000,+0.04817,-18.777,-0.00000,0.00,+0.00000,0,+0.00000,+0.00000,0.00000,-6.522,0,177.2,0.0
18.616202,3,1,0.246578,0.246578,0.2470,-0.00042,1,0,1,+0.92839,+0.89074,0.03849,340.33,+0.00000,+0.00000,0.00000,0.0000,0,1,0,1,+5.000,+0.000,+5.000,+0.04821,-18.776,-0.00000,0.00,+0.00000,0,+0.00000,+0.00000,0.00000,-6.531,0,177.2,0.0
18.621392,3,1,0.246579,0.246579,0.2470,-0.00042,1,0,1,+0.92839,+0.89074,0.03849,340.33,+0.00000,+0.00000,0.00000,0.0000,0,1,0,1,+5.000,+0.000,+5.000,+0.04821,-18.776,-0.00000,0.00,+0.00000,0,+0.00000,+0.00000,0.00000,-6.533,0,177.2,0.0
18.626083,3,1,0.246580,0.246580,0.2470,-0.00042,1,0,1,+0.92839,+0.89074,0.03849,340.33,+0.00000,+0.00000,0.00000,0.0000,0,1,0,1,+5.000,+0.000,+5.000,+0.04821,-18.776,-0.00000,0.00,+0.00000,0,+0.00000,+0.00000,0.00000,-6.533,0,177.2,0.0
18.630748,3,1,0.246582,0.246582,0.2470,-0.00042,1,0,1,+0.92839,+0.89074,0.03849,340.33,+0.00000,+0.00000,0.00000,0.0000,0,1,0,1,+5.000,+0.000,+5.000,+0.04827,-18.776,-0.00000,0.00,+0.00000,0,+0.00000,+0.00000,0.00000,-6.546,0,177.2,0.0
18.634970,3,1,0.246583,0.246583,0.2470,-0.00042,1,0,1,+0.92839,+0.89074,0.03849,340.33,+0.00000,+0.00000,0.00000,0.0000,0,1,0,1,+5.000,+0.000,+5.000,+0.04827,-18.776,-0.00000,0.00,+0.00000,0,+0.00000,+0.00000,0.00000,-6.546,0,177.2,0.0
18.639624,3,1,0.246584,0.246584,0.2470,-0.00042,1,0,1,+0.92839,+0.89074,0.03849,340.33,+0.00000,+0.00000,0.00000,0.0000,0,1,0,1,+5.000,+0.000,+5.000,+0.04838,-18.776,-0.00000,0.00,+0.00000,0,+0.00000,+0.00000,0.00000,-6.571,0,177.2,0.0
18.644267,3,1,0.246585,0.246585,0.2470,-0.00041,1,0,1,+0.92839,+0.89074,0.03849,340.33,+0.00000,+0.00000,0.00000,0.0000,0,1,0,1,+5.000,+0.000,+5.000,+0.04838,-18.776,-0.00000,0.00,+0.00000,0,+0.00000,+0.00000,0.00000,-6.571,0,177.2,0.0
18.649091,3,1,0.246587,0.246587,0.2470,-0.00041,1,0,1,+0.92839,+0.89074,0.03849,340.33,+0.00000,+0.00000,0.00000,0.0000,0,1,0,1,+5.000,+0.000,+5.000,+0.04843,-18.776,-0.00000,0.00,+0.00000,0,+0.00000,+0.00000,0.00000,-6.583,0,177.2,0.0
18.653658,3,1,0.246588,0.246588,0.2470,-0.00041,1,0,1,+0.92839,+0.89074,0.03849,340.33,+0.00000,+0.00000,0.00000,0.0000,0,1,0,1,+5.000,+0.000,+5.000,+0.04843,-18.776,-0.00000,0.00,+0.00000,0,+0.00000,+0.00000,0.00000,-6.583,0,177.2,0.0
18.658446,3,1,0.246589,0.246589,0.2470,-0.00041,1,0,1,+0.92839,+0.89074,0.03849,340.33,+0.00000,+0.00000,0.00000,0.0000,0,1,0,1,+5.000,+0.000,+5.000,+0.04835,-18.775,-0.00000,0.00,+0.00000,0,+0.00000,+0.00000,0.00000,-6.563,0,177.2,0.0
18.664001,3,1,0.246591,0.246591,0.2470,-0.00041,1,0,1,+0.92839,+0.89074,0.03849,340.33,+0.00000,+0.00000,0.00000,0.0000,0,1,0,1,+5.000,+0.000,+5.000,+0.04857,-18.776,-0.00000,0.00,+0.00000,0,+0.00000,+0.00000,0.00000,-6.615,0,177.2,0.0
18.668403,3,1,0.246592,0.246592,0.2470,-0.00041,1,0,1,+0.92839,+0.89074,0.03849,340.33,+0.00000,+0.00000,0.00000,0.0000,0,1,0,1,+5.000,+0.000,+5.000,+0.04857,-18.776,-0.00000,0.00,+0.00000,0,+0.00000,+0.00000,0.00000,-6.615,0,177.2,0.0
18.673023,3,1,0.246593,0.246593,0.2470,-0.00041,1,0,1,+0.92839,+0.89074,0.03849,340.33,+0.00000,+0.00000,0.00000,0.0000,0,1,0,1,+5.000,+0.000,+5.000,+0.04836,-18.774,-0.00000,0.00,+0.00000,0,+0.00000,+0.00000,0.00000,-6.567,0,177.2,0.0
18.677669,3,1,0.246595,0.246595,0.2470,-0.00041,1,0,1,+0.92839,+0.89074,0.03849,340.33,+0.00000,+0.00000,0.00000,0.0000,0,1,0,1,+5.000,+0.000,+5.000,+0.04836,-18.774,-0.00000,0.00,+0.00000,0,+0.00000,+0.00000,0.00000,-6.567,0,177.2,0.0
18.682354,3,1,0.246596,0.246596,0.2470,-0.00040,1,0,1,+0.92839,+0.89074,0.03849,340.33,+0.00000,+0.00000,0.00000,0.0000,0,1,0,1,+5.000,+0.000,+5.000,+0.04856,-18.775,-0.00000,0.00,+0.00000,0,+0.00000,+0.00000,0.00000,-6.612,0,177.2,0.0
18.686901,3,1,0.246597,0.246597,0.2470,-0.00040,1,0,1,+0.92839,+0.89074,0.03849,340.33,+0.00000,+0.00000,0.00000,0.0000,0,1,0,1,+5.000,+0.000,+5.000,+0.04856,-18.775,-0.00000,0.00,+0.00000,0,+0.00000,+0.00000,0.00000,-6.612,0,177.2,0.0
18.691708,3,1,0.246598,0.246598,0.2470,-0.00040,1,0,1,+0.92839,+0.89074,0.03849,340.33,+0.00000,+0.00000,0.00000,0.0000,0,1,0,1,+5.000,+0.000,+5.000,+0.04844,-18.773,-0.00000,0.00,+0.00000,0,+0.00000,+0.00000,0.00000,-6.584,0,177.2,0.0
18.696070,3,1,0.246600,0.246600,0.2470,-0.00040,1,0,1,+0.92839,+0.89074,0.03849,340.33,+0.00000,+0.00000,0.00000,0.0000,0,1,0,1,+5.000,+0.000,+5.000,+0.04844,-18.773,-0.00000,0.00,+0.00000,0,+0.00000,+0.00000,0.00000,-6.584,0,177.2,0.0
18.700852,3,1,0.246601,0.246601,0.2470,-0.00040,1,0,1,+0.92839,+0.89074,0.03849,340.33,+0.00000,+0.00000,0.00000,0.0000,0,1,0,1,+5.000,+0.000,+5.000,+0.04844,-18.773,-0.00000,0.00,+0.00000,0,+0.00000,+0.00000,0.00000,-6.585,0,177.2,0.0
18.706476,3,1,0.246602,0.246602,0.2470,-0.00040,1,0,1,+0.92839,+0.89074,0.03849,340.33,+0.00000,+0.00000,0.00000,0.0000,0,1,0,1,+5.000,+0.000,+5.000,+0.04844,-18.773,-0.00000,0.00,+0.00000,0,+0.00000,+0.00000,0.00000,-6.585,0,177.2,0.0
18.712849,3,1,0.246604,0.246604,0.2470,-0.00040,1,0,1,+0.92839,+0.89074,0.03849,340.33,+0.00000,+0.00000,0.00000,0.0000,0,1,0,1,+5.000,+0.000,+5.000,+0.04848,-18.772,-0.00000,0.00,+0.00000,0,+0.00000,+0.00000,0.00000,-6.593,0,177.2,0.0
18.717238,3,1,0.246605,0.246605,0.2470,-0.00039,1,0,1,+0.92839,+0.89074,0.03849,340.33,+0.00000,+0.00000,0.00000,0.0000,0,1,0,1,+5.000,+0.000,+5.000,+0.04849,-18.772,-0.00000,0.00,+0.00000,0,+0.00000,+0.00000,0.00000,-6.596,0,177.2,0.0
18.721717,3,1,0.246606,0.246606,0.2470,-0.00039,1,0,1,+0.92839,+0.89074,0.03849,340.33,+0.00000,+0.00000,0.00000,0.0000,0,1,0,1,+5.000,+0.000,+5.000,+0.04849,-18.772,-0.00000,0.00,+0.00000,0,+0.00000,+0.00000,0.00000,-6.596,0,177.2,0.0
18.726709,3,1,0.246608,0.246608,0.2470,-0.00039,1,0,1,+0.92839,+0.89074,0.03849,340.33,+0.00000,+0.00000,0.00000,0.0000,0,1,0,1,+5.000,+0.000,+5.000,+0.04868,-18.773,-0.00000,0.00,+0.00000,0,+0.00000,+0.00000,0.00000,-6.639,0,177.2,0.0
18.731439,3,1,0.246609,0.246609,0.2470,-0.00039,1,0,1,+0.92839,+0.89074,0.03849,340.33,+0.00000,+0.00000,0.00000,0.0000,0,1,0,1,+5.000,+0.000,+5.000,+0.04868,-18.773,-0.00000,0.00,+0.00000,0,+0.00000,+0.00000,0.00000,-6.639,0,177.2,0.0
18.735700,3,1,0.246610,0.246610,0.2470,-0.00039,1,0,1,+0.92839,+0.89074,0.03849,340.33,+0.00000,+0.00000,0.00000,0.0000,0,1,0,1,+5.000,+0.000,+5.000,+0.04842,-18.770,-0.00000,0.00,+0.00000,0,+0.00000,+0.00000,0.00000,-6.579,0,177.2,0.0
18.740037,3,1,0.246611,0.246611,0.2470,-0.00039,1,0,1,+0.92839,+0.89074,0.03849,340.33,+0.00000,+0.00000,0.00000,0.0000,0,1,0,1,+5.000,+0.000,+5.000,+0.04842,-18.770,-0.00000,0.00,+0.00000,0,+0.00000,+0.00000,0.00000,-6.579,0,177.2,0.0
18.746202,3,1,0.246613,0.246613,0.2470,-0.00039,1,0,1,+0.92839,+0.89074,0.03849,340.33,+0.00000,+0.00000,0.00000,0.0000,0,1,0,1,+5.000,+0.000,+5.000,+0.04856,-18.771,-0.00000,0.00,+0.00000,0,+0.00000,+0.00000,0.00000,-6.612,0,177.2,0.0
18.750940,3,1,0.246614,0.246614,0.2470,-0.00039,1,0,1,+0.92839,+0.89074,0.03849,340.33,+0.00000,+0.00000,0.00000,0.0000,0,1,0,1,+5.000,+0.000,+5.000,+0.04844,-18.769,-0.00000,0.00,+0.00000,0,+0.00000,+0.00000,0.00000,-6.584,0,177.2,0.0
18.755776,3,1,0.246615,0.246615,0.2470,-0.00038,1,0,1,+0.92839,+0.89074,0.03849,340.33,+0.00000,+0.00000,0.00000,0.0000,0,1,0,1,+5.000,+0.000,+5.000,+0.04844,-18.769,-0.00000,0.00,+0.00000,0,+0.00000,+0.00000,0.00000,-6.584,0,177.2,0.0
18.760472,3,1,0.246616,0.246616,0.2470,-0.00038,1,0,1,+0.92839,+0.89074,0.03849,340.33,+0.00000,+0.00000,0.00000,0.0000,0,1,0,1,+5.000,+0.000,+5.000,+0.04844,-18.769,-0.00000,0.00,+0.00000,0,+0.00000,+0.00000,0.00000,-6.584,0,177.2,0.0
18.765228,3,1,0.246618,0.246618,0.2470,-0.00038,1,0,1,+0.92839,+0.89074,0.03849,340.33,+0.00000,+0.00000,0.00000,0.0000,0,1,0,1,+5.000,+0.000,+5.000,+0.04820,-18.767,-0.00000,0.00,+0.00000,0,+0.00000,+0.00000,0.00000,-6.530,0,177.2,0.0
18.769694,3,1,0.246619,0.246619,0.2470,-0.00038,1,0,1,+0.92839,+0.89074,0.03849,340.33,+0.00000,+0.00000,0.00000,0.0000,0,1,0,1,+5.000,+0.000,+5.000,+0.04834,-18.768,-0.00000,0.00,+0.00000,0,+0.00000,+0.00000,0.00000,-6.561,0,177.2,0.0
18.774965,3,1,0.246620,0.246620,0.2470,-0.00038,1,0,1,+0.92839,+0.89074,0.03849,340.33,+0.00000,+0.00000,0.00000,0.0000,0,1,0,1,+5.000,+0.000,+5.000,+0.04834,-18.768,-0.00000,0.00,+0.00000,0,+0.00000,+0.00000,0.00000,-6.561,0,177.2,0.0
18.779294,3,1,0.246621,0.246621,0.2470,-0.00038,1,0,1,+0.92839,+0.89074,0.03849,340.33,+0.00000,+0.00000,0.00000,0.0000,0,1,0,1,+5.000,+0.000,+5.000,+0.04840,-18.768,-0.00000,0.00,+0.00000,0,+0.00000,+0.00000,0.00000,-6.576,0,177.2,0.0
18.783550,3,1,0.246622,0.246622,0.2470,-0.00038,1,0,1,+0.92839,+0.89074,0.03849,340.33,+0.00000,+0.00000,0.00000,0.0000,0,1,0,1,+5.000,+0.000,+5.000,+0.04840,-18.768,-0.00000,0.00,+0.00000,0,+0.00000,+0.00000,0.00000,-6.576,0,177.2,0.0
18.787844,3,1,0.246623,0.246623,0.2470,-0.00038,1,0,1,+0.92839,+0.89074,0.03849,340.33,+0.00000,+0.00000,0.00000,0.0000,0,1,0,1,+5.000,+0.000,+5.000,+0.04824,-18.766,-0.00000,0.00,+0.00000,0,+0.00000,+0.00000,0.00000,-6.539,0,177.2,0.0
18.792495,3,1,0.246624,0.246624,0.2470,-0.00038,1,0,1,+0.92839,+0.89074,0.03849,340.33,+0.00000,+0.00000,0.00000,0.0000,0,1,0,1,+5.000,+0.000,+5.000,+0.04824,-18.766,-0.00000,0.00,+0.00000,0,+0.00000,+0.00000,0.00000,-6.539,0,177.2,0.0
18.797279,3,1,0.246626,0.246626,0.2470,-0.00037,1,0,1,+0.92839,+0.89074,0.03849,340.33,+0.00000,+0.00000,0.00000,0.0000,0,1,0,1,+5.000,+0.000,+5.000,+0.04839,-18.767,-0.00000,0.00,+0.00000,0,+0.00000,+0.00000,0.00000,-6.572,0,177.2,0.0
18.801776,3,1,0.246627,0.246627,0.2470,-0.00037,1,0,1,+0.92839,+0.89074,0.03849,340.33,+0.00000,+0.00000,0.00000,0.0000,0,1,0,1,+5.000,+0.000,+5.000,+0.04839,-18.767,-0.00000,0.00,+0.00000,0,+0.00000,+0.00000,0.00000,-6.572,0,177.2,0.0
18.806857,3,1,0.246628,0.246628,0.2470,-0.00037,1,0,1,+0.92839,+0.89074,0.03849,340.33,+0.00000,+0.00000,0.00000,0.0000,0,1,0,1,+5.000,+0.000,+5.000,+0.04829,-18.766,-0.00000,0.00,+0.00000,0,+0.00000,+0.00000,0.00000,-6.550,0,177.2,0.0
18.811499,3,1,0.246629,0.246629,0.2470,-0.00037,1,0,1,+0.92839,+0.89074,0.03849,340.33,+0.00000,+0.00000,0.00000,0.0000,0,1,0,1,+5.000,+0.000,+5.000,+0.04829,-18.766,-0.00000,0.00,+0.00000,0,+0.00000,+0.00000,0.00000,-6.550,0,177.2,0.0
18.815843,3,1,0.246630,0.246630,0.2470,-0.00037,1,0,1,+0.92839,+0.89074,0.03849,340.33,+0.00000,+0.00000,0.00000,0.0000,0,1,0,1,+5.000,+0.000,+5.000,+0.04826,-18.765,-0.00000,0.00,+0.00000,0,+0.00000,+0.00000,0.00000,-6.542,0,177.2,0.0
18.820677,3,1,0.246631,0.246631,0.2470,-0.00037,1,0,1,+0.92839,+0.89074,0.03849,340.33,+0.00000,+0.00000,0.00000,0.0000,0,1,0,1,+5.000,+0.000,+5.000,+0.04826,-18.765,-0.00000,0.00,+0.00000,0,+0.00000,+0.00000,0.00000,-6.542,0,177.2,0.0
18.825520,3,1,0.246633,0.246633,0.2470,-0.00037,1,0,1,+0.92839,+0.89074,0.03849,340.33,+0.00000,+0.00000,0.00000,0.0000,0,1,0,1,+5.000,+0.000,+5.000,+0.04831,-18.765,-0.00000,0.00,+0.00000,0,+0.00000,+0.00000,0.00000,-6.556,0,177.2,0.0
18.829938,3,1,0.246634,0.246634,0.2470,-0.00037,1,0,1,+0.92839,+0.89074,0.03849,340.33,+0.00000,+0.00000,0.00000,0.0000,0,1,0,1,+5.000,+0.000,+5.000,+0.04846,-18.766,-0.00000,0.00,+0.00000,0,+0.00000,+0.00000,0.00000,-6.588,0,177.2,0.0
18.834559,3,1,0.246635,0.246635,0.2470,-0.00037,1,0,1,+0.92839,+0.89074,0.03849,340.33,+0.00000,+0.00000,0.00000,0.0000,0,1,0,1,+5.000,+0.000,+5.000,+0.04846,-18.766,-0.00000,0.00,+0.00000,0,+0.00000,+0.00000,0.00000,-6.588,0,177.2,0.0
18.839089,3,1,0.246636,0.246636,0.2470,-0.00036,1,0,1,+0.92839,+0.89074,0.03849,340.33,+0.00000,+0.00000,0.00000,0.0000,0,1,0,1,+5.000,+0.000,+5.000,+0.04852,-18.766,-0.00000,0.00,+0.00000,0,+0.00000,+0.00000,0.00000,-6.602,0,177.2,0.0
18.843683,3,1,0.246637,0.246637,0.2470,-0.00036,1,0,1,+0.92839,+0.89074,0.03849,340.33,+0.00000,+0.00000,0.00000,0.0000,0,1,0,1,+5.000,+0.000,+5.000,+0.04852,-18.766,-0.00000,0.00,+0.00000,0,+0.00000,+0.00000,0.00000,-6.602,0,177.2,0.0
18.848109,3,1,0.246638,0.246638,0.2470,-0.00036,1,0,1,+0.92839,+0.89074,0.03849,340.33,+0.00000,+0.00000,0.00000,0.0000,0,1,0,1,+5.000,+0.000,+5.000,+0.04862,-18.766,-0.00000,0.00,+0.00000,0,+0.00000,+0.00000,0.00000,-6.626,0,177.2,0.0
18.853114,3,1,0.246639,0.246639,0.2470,-0.00036,1,0,1,+0.92839,+0.89074,0.03849,340.33,+0.00000,+0.00000,0.00000,0.0000,0,1,0,1,+5.000,+0.000,+5.000,+0.04871,-18.767,-0.00000,0.00,+0.00000,0,+0.00000,+0.00000,0.00000,-6.646,0,177.2,0.0
18.857906,3,1,0.246641,0.246641,0.2470,-0.00036,1,0,1,+0.92839,+0.89074,0.03849,340.33,+0.00000,+0.00000,0.00000,0.0000,0,1,0,1,+5.000,+0.000,+5.000,+0.04871,-18.767,-0.00000,0.00,+0.00000,0,+0.00000,+0.00000,0.00000,-6.646,0,177.2,0.0
18.868401,3,1,0.246643,0.246643,0.2470,-0.00036,1,0,1,+0.92839,+0.89074,0.03849,340.33,+0.00000,+0.00000,0.00000,0.0000,0,1,0,1,+5.000,+0.000,+5.000,+0.04826,-18.763,-0.00000,0.00,+0.00000,0,+0.00000,+0.00000,0.00000,-6.542,0,177.2,0.0
18.872882,3,1,0.246644,0.246644,0.2470,-0.00036,1,0,1,+0.92839,+0.89074,0.03849,340.33,+0.00000,+0.00000,0.00000,0.0000,0,1,0,1,+5.000,+0.000,+5.000,+0.04874,-18.766,-0.00000,0.00,+0.00000,0,+0.00000,+0.00000,0.00000,-6.654,0,177.2,0.0
18.877228,3,1,0.246645,0.246645,0.2470,-0.00035,1,0,1,+0.92839,+0.89074,0.03849,340.33,+0.00000,+0.00000,0.00000,0.0000,0,1,0,1,+5.000,+0.000,+5.000,+0.04874,-18.766,-0.00000,0.00,+0.00000,0,+0.00000,+0.00000,0.00000,-6.654,0,177.2,0.0
18.881902,3,1,0.246646,0.246646,0.2470,-0.00035,1,0,1,+0.92839,+0.89074,0.03849,340.33,+0.00000,+0.00000,0.00000,0.0000,0,1,0,1,+5.000,+0.000,+5.000,+0.04864,-18.765,-0.00000,0.00,+0.00000,0,+0.00000,+0.00000,0.00000,-6.630,0,177.2,0.0
18.886390,3,1,0.246647,0.246647,0.2470,-0.00035,1,0,1,+0.92839,+0.89074,0.03849,340.33,+0.00000,+0.00000,0.00000,0.0000,0,1,0,1,+5.000,+0.000,+5.000,+0.04864,-18.765,-0.00000,0.00,+0.00000,0,+0.00000,+0.00000,0.00000,-6.630,0,177.2,0.0
18.891148,3,1,0.246648,0.246648,0.2470,-0.00035,1,0,1,+0.92839,+0.89074,0.03849,340.33,+0.00000,+0.00000,0.00000,0.0000,0,1,0,1,+5.000,+0.000,+5.000,+0.04878,-18.766,-0.00000,0.00,+0.00000,0,+0.00000,+0.00000,0.00000,-6.662,0,177.2,0.0
18.895998,3,1,0.246650,0.246650,0.2470,-0.00035,1,0,1,+0.92839,+0.89074,0.03849,340.33,+0.00000,+0.00000,0.00000,0.0000,0,1,0,1,+5.000,+0.000,+5.000,+0.04878,-18.766,-0.00000,0.00,+0.00000,0,+0.00000,+0.00000,0.00000,-6.662,0,177.2,0.0
18.900598,3,1,0.246651,0.246651,0.2470,-0.00035,1,0,1,+0.92839,+0.89074,0.03849,340.33,+0.00000,+0.00000,0.00000,0.0000,0,1,0,1,+5.000,+0.000,+5.000,+0.04859,-18.764,-0.00000,0.00,+0.00000,0,+0.00000,+0.00000,0.00000,-6.618,0,177.2,0.0
18.904949,3,1,0.246652,0.246652,0.2470,-0.00035,1,0,1,+0.92839,+0.89074,0.03849,340.33,+0.00000,+0.00000,0.00000,0.0000,0,1,0,1,+5.000,+0.000,+5.000,+0.04859,-18.764,-0.00000,0.00,+0.00000,0,+0.00000,+0.00000,0.00000,-6.618,0,177.2,0.0
18.909618,3,1,0.246653,0.246653,0.2470,-0.00035,1,0,1,+0.92839,+0.89074,0.03849,340.33,+0.00000,+0.00000,0.00000,0.0000,0,1,0,1,+5.000,+0.000,+5.000,+0.04867,-18.764,-0.00000,0.00,+0.00000,0,+0.00000,+0.00000,0.00000,-6.636,0,177.2,0.0
18.914849,3,1,0.246654,0.246654,0.2470,-0.00035,1,0,1,+0.92839,+0.89074,0.03849,340.33,+0.00000,+0.00000,0.00000,0.0000,0,1,0,1,+5.000,+0.000,+5.000,+0.04862,-18.763,-0.00000,0.00,+0.00000,0,+0.00000,+0.00000,0.00000,-6.625,0,177.2,0.0
18.919508,3,1,0.246655,0.246655,0.2470,-0.00035,1,0,1,+0.92839,+0.89074,0.03849,340.33,+0.00000,+0.00000,0.00000,0.0000,0,1,0,1,+5.000,+0.000,+5.000,+0.04862,-18.763,-0.00000,0.00,+0.00000,0,+0.00000,+0.00000,0.00000,-6.625,0,177.2,0.0
18.924432,3,1,0.246656,0.246656,0.2470,-0.00034,1,0,1,+0.92839,+0.89074,0.03849,340.33,+0.00000,+0.00000,0.00000,0.0000,0,1,0,1,+5.000,+0.000,+5.000,+0.04862,-18.763,-0.00000,0.00,+0.00000,0,+0.00000,+0.00000,0.00000,-6.625,0,177.2,0.0
18.929200,3,1,0.246657,0.246657,0.2470,-0.00034,1,0,1,+0.92839,+0.89074,0.03849,340.33,+0.00000,+0.00000,0.00000,0.0000,0,1,0,1,+5.000,+0.000,+5.000,+0.04834,-18.760,-0.00000,0.00,+0.00000,0,+0.00000,+0.00000,0.00000,-6.561,0,177.2,0.0
18.933908,3,1,0.246658,0.246658,0.2470,-0.00034,1,0,1,+0.92839,+0.89074,0.03849,340.33,+0.00000,+0.00000,0.00000,0.0000,0,1,0,1,+5.000,+0.000,+5.000,+0.04834,-18.760,-0.00000,0.00,+0.00000,0,+0.00000,+0.00000,0.00000,-6.561,0,177.2,0.0
18.938551,3,1,0.246659,0.246659,0.2470,-0.00034,1,0,1,+0.92839,+0.89074,0.03849,340.33,+0.00000,+0.00000,0.00000,0.0000,0,1,0,1,+5.000,+0.000,+5.000,+0.04831,-18.760,-0.00000,0.00,+0.00000,0,+0.00000,+0.00000,0.00000,-6.555,0,177.2,0.0
18.943080,3,1,0.246660,0.246660,0.2470,-0.00034,1,0,1,+0.92839,+0.89074,0.03849,340.33,+0.00000,+0.00000,0.00000,0.0000,0,1,0,1,+5.000,+0.000,+5.000,+0.04844,-18.761,-0.00000,0.00,+0.00000,0,+0.00000,+0.00000,0.00000,-6.585,0,177.2,0.0
18.947579,3,1,0.246661,0.246661,0.2470,-0.00034,1,0,1,+0.92839,+0.89074,0.03849,340.33,+0.00000,+0.00000,0.00000,0.0000,0,1,0,1,+5.000,+0.000,+5.000,+0.04844,-18.761,-0.00000,0.00,+0.00000,0,+0.00000,+0.00000,0.00000,-6.585,0,177.2,0.0
18.951930,3,1,0.246662,0.246662,0.2470,-0.00034,1,0,1,+0.92839,+0.89074,0.03849,340.33,+0.00000,+0.00000,0.00000,0.0000,0,1,0,1,+5.000,+0.000,+5.000,+0.04844,-18.761,-0.00000,0.00,+0.00000,0,+0.00000,+0.00000,0.00000,-6.585,0,177.2,0.0
18.956811,3,1,0.246663,0.246663,0.2470,-0.00034,1,0,1,+0.92839,+0.89074,0.03849,340.33,+0.00000,+0.00000,0.00000,0.0000,0,1,0,1,+5.000,+0.000,+5.000,+0.04826,-18.759,-0.00000,0.00,+0.00000,0,+0.00000,+0.00000,0.00000,-6.543,0,177.2,0.0
18.961403,3,1,0.246664,0.246664,0.2470,-0.00034,1,0,1,+0.92839,+0.89074,0.03849,340.33,+0.00000,+0.00000,0.00000,0.0000,0,1,0,1,+5.000,+0.000,+5.000,+0.04831,-18.759,-0.00000,0.00,+0.00000,0,+0.00000,+0.00000,0.00000,-6.554,0,177.2,0.0
18.965621,3,1,0.246665,0.246665,0.2470,-0.00033,1,0,1,+0.92839,+0.89074,0.03849,340.33,+0.00000,+0.00000,0.00000,0.0000,0,1,0,1,+5.000,+0.000,+5.000,+0.04831,-18.759,-0.00000,0.00,+0.00000,0,+0.00000,+0.00000,0.00000,-6.554,0,177.2,0.0
18.978945,3,1,0.246668,0.246668,0.2470,-0.00033,1,0,1,+0.92839,+0.89074,0.03849,340.33,+0.00000,+0.00000,0.00000,0.0000,0,1,0,1,+5.000,+0.000,+5.000,+0.04827,-18.758,-0.00000,0.00,+0.00000,0,+0.00000,+0.00000,0.00000,-6.546,0,177.2,0.0
18.983706,3,1,0.246669,0.246669,0.2470,-0.00033,1,0,1,+0.92839,+0.89074,0.03849,340.33,+0.00000,+0.00000,0.00000,0.0000,0,1,0,1,+5.000,+0.000,+5.000,+0.04827,-18.758,-0.00000,0.00,+0.00000,0,+0.00000,+0.00000,0.00000,-6.546,0,177.2,0.0
18.988342,3,1,0.246670,0.246670,0.2470,-0.00033,1,0,1,+0.92839,+0.89074,0.03849,340.33,+0.00000,+0.00000,0.00000,0.0000,0,1,0,1,+5.000,+0.000,+5.000,+0.04816,-18.757,-0.00000,0.00,+0.00000,0,+0.00000,+0.00000,0.00000,-6.521,0,177.2,0.0
18.992965,3,1,0.246671,0.246671,0.2470,-0.00033,1,0,1,+0.92839,+0.89074,0.03849,340.33,+0.00000,+0.00000,0.00000,0.0000,0,1,0,1,+5.000,+0.000,+5.000,+0.04816,-18.757,-0.00000,0.00,+0.00000,0,+0.00000,+0.00000,0.00000,-6.521,0,177.2,0.0
18.998111,3,1,0.246673,0.246673,0.2470,-0.00033,1,0,1,+0.92839,+0.89074,0.03849,340.33,+0.00000,+0.00000,0.00000,0.0000,0,1,0,1,+5.000,+0.000,+5.000,+0.04823,-18.758,-0.00000,0.00,+0.00000,0,+0.00000,+0.00000,0.00000,-6.536,0,177.2,0.0
19.002875,3,1,0.246674,0.246674,0.2470,-0.00033,1,0,1,+0.92839,+0.89074,0.03849,340.33,+0.00000,+0.00000,0.00000,0.0000,0,1,0,1,+5.000,+0.000,+5.000,+0.04823,-18.758,-0.00000,0.00,+0.00000,0,+0.00000,+0.00000,0.00000,-6.536,0,177.2,0.0
19.009993,3,1,0.246675,0.246675,0.2470,-0.00032,1,0,1,+0.92839,+0.89074,0.03849,340.33,+0.00000,+0.00000,0.00000,0.0000,0,1,0,1,+5.000,+0.000,+5.000,+0.04835,-18.758,-0.00000,0.00,+0.00000,0,+0.00000,+0.00000,0.00000,-6.563,0,177.2,0.0
19.014365,3,1,0.246676,0.246676,0.2470,-0.00032,1,0,1,+0.92839,+0.89074,0.03849,340.33,+0.00000,+0.00000,0.00000,0.0000,0,1,0,1,+5.000,+0.000,+5.000,+0.04836,-18.758,-0.00000,0.00,+0.00000,0,+0.00000,+0.00000,0.00000,-6.566,0,177.2,0.0
19.019083,3,1,0.246677,0.246677,0.2470,-0.00032,1,0,1,+0.92839,+0.89074,0.03849,340.33,+0.00000,+0.00000,0.00000,0.0000,0,1,0,1,+5.000,+0.000,+5.000,+0.04836,-18.758,-0.00000,0.00,+0.00000,0,+0.00000,+0.00000,0.00000,-6.566,0,177.2,0.0
19.023678,3,1,0.246678,0.246678,0.2470,-0.00032,1,0,1,+0.92839,+0.89074,0.03849,340.33,+0.00000,+0.00000,0.00000,0.0000,0,1,0,1,+5.000,+0.000,+5.000,+0.04843,-18.758,-0.00000,0.00,+0.00000,0,+0.00000,+0.00000,0.00000,-6.581,0,177.2,0.0
19.028230,3,1,0.246679,0.246679,0.2470,-0.00032,1,0,1,+0.92839,+0.89074,0.03849,340.33,+0.00000,+0.00000,0.00000,0.0000,0,1,0,1,+5.000,+0.000,+5.000,+0.04843,-18.758,-0.00000,0.00,+0.00000,0,+0.00000,+0.00000,0.00000,-6.581,0,177.2,0.0
19.034241,3,1,0.246680,0.246680,0.2470,-0.00032,1,0,1,+0.92839,+0.89074,0.03849,340.33,+0.00000,+0.00000,0.00000,0.0000,0,1,0,1,+5.000,+0.000,+5.000,+0.04847,-18.759,-0.00000,0.00,+0.00000,0,+0.00000,+0.00000,0.00000,-6.591,0,177.2,0.0
19.046906,3,1,0.246683,0.246683,0.2470,-0.00032,1,0,1,+0.92839,+0.89074,0.03849,340.33,+0.00000,+0.00000,0.00000,0.0000,0,1,0,1,+5.000,+0.000,+5.000,+0.04752,-18.751,-0.00000,0.00,+0.00000,0,+0.00000,+0.00000,0.00000,-6.373,0,177.2,0.0
19.054352,3,1,0.246685,0.246685,0.2470,-0.00032,1,0,1,+0.92839,+0.89074,0.03849,340.33,+0.00000,+0.00000,0.00000,0.0000,0,1,0,1,+5.000,+0.000,+5.000,+0.04835,-18.757,-0.00000,0.00,+0.00000,0,+0.00000,+0.00000,0.00000,-6.564,0,177.2,0.0
19.059464,3,1,0.246686,0.246686,0.2470,-0.00031,1,0,1,+0.92839,+0.89074,0.03849,340.33,+0.00000,+0.00000,0.00000,0.0000,0,1,0,1,+5.000,+0.000,+5.000,+0.04832,-18.757,-0.00000,0.00,+0.00000,0,+0.00000,+0.00000,0.00000,-6.558,0,177.2,0.0
19.064572,3,1,0.246687,0.246687,0.2470,-0.00031,1,0,1,+0.92839,+0.89074,0.03849,340.33,+0.00000,+0.00000,0.00000,0.0000,0,1,0,1,+5.000,+0.000,+5.000,+0.04832,-18.757,-0.00000,0.00,+0.00000,0,+0.00000,+0.00000,0.00000,-6.558,0,177.2,0.0
19.069685,3,1,0.246688,0.246688,0.2470,-0.00031,1,0,1,+0.92839,+0.89074,0.03849,340.33,+0.00000,+0.00000,0.00000,0.0000,0,1,0,1,+5.000,+0.000,+5.000,+0.04838,-18.757,-0.00000,0.00,+0.00000,0,+0.00000,+0.00000,0.00000,-6.570,0,177.2,0.0
19.074826,3,1,0.246689,0.246689,0.2470,-0.00031,1,0,1,+0.92839,+0.89074,0.03849,340.33,+0.00000,+0.00000,0.00000,0.0000,0,1,0,1,+5.000,+0.000,+5.000,+0.04847,-18.757,-0.00000,0.00,+0.00000,0,+0.00000,+0.00000,0.00000,-6.590,0,177.2,0.0
19.079332,3,1,0.246690,0.246690,0.2470,-0.00031,1,0,1,+0.92839,+0.89074,0.03849,340.33,+0.00000,+0.00000,0.00000,0.0000,0,1,0,1,+5.000,+0.000,+5.000,+0.04847,-18.757,-0.00000,0.00,+0.00000,0,+0.00000,+0.00000,0.00000,-6.590,0,177.2,0.0
19.084563,3,1,0.246691,0.246691,0.2470,-0.00031,1,0,1,+0.92839,+0.89074,0.03849,340.33,+0.00000,+0.00000,0.00000,0.0000,0,1,0,1,+5.000,+0.000,+5.000,+0.04817,-18.755,-0.00000,0.00,+0.00000,0,+0.00000,+0.00000,0.00000,-6.523,0,177.2,0.0
19.089148,3,1,0.246692,0.246692,0.2470,-0.00031,1,0,1,+0.92839,+0.89074,0.03849,340.33,+0.00000,+0.00000,0.00000,0.0000,0,1,0,1,+5.000,+0.000,+5.000,+0.04817,-18.755,-0.00000,0.00,+0.00000,0,+0.00000,+0.00000,0.00000,-6.523,0,177.2,0.0
19.094071,3,1,0.246693,0.246693,0.2470,-0.00031,1,0,1,+0.92839,+0.89074,0.03849,340.33,+0.00000,+0.00000,0.00000,0.0000,0,1,0,1,+5.000,+0.000,+5.000,+0.04817,-18.755,-0.00000,0.00,+0.00000,0,+0.00000,+0.00000,0.00000,-6.523,0,177.2,0.0
19.098727,3,1,0.246694,0.246694,0.2470,-0.00031,1,0,1,+0.92839,+0.89074,0.03849,340.33,+0.00000,+0.00000,0.00000,0.0000,0,1,0,1,+5.000,+0.000,+5.000,+0.04809,-18.754,-0.00000,0.00,+0.00000,0,+0.00000,+0.00000,0.00000,-6.503,0,177.2,0.0
19.103534,3,1,0.246695,0.246695,0.2470,-0.00031,1,0,1,+0.92839,+0.89074,0.03849,340.33,+0.00000,+0.00000,0.00000,0.0000,0,1,0,1,+5.000,+0.000,+5.000,+0.04805,-18.754,-0.00000,0.00,+0.00000,0,+0.00000,+0.00000,0.00000,-6.495,0,177.2,0.0
19.108294,3,1,0.246696,0.246696,0.2470,-0.00030,1,0,1,+0.92839,+0.89074,0.03849,340.33,+0.00000,+0.00000,0.00000,0.0000,0,1,0,1,+5.000,+0.000,+5.000,+0.04805,-18.754,-0.00000,0.00,+0.00000,0,+0.00000,+0.00000,0.00000,-6.495,0,177.2,0.0
19.112525,3,1,0.246697,0.246697,0.2470,-0.00030,1,0,1,+0.92839,+0.89074,0.03849,340.33,+0.00000,+0.00000,0.00000,0.0000,0,1,0,1,+5.000,+0.000,+5.000,+0.04836,-18.756,-0.00000,0.00,+0.00000,0,+0.00000,+0.00000,0.00000,-6.565,0,177.2,0.0
19.117242,3,1,0.246698,0.246698,0.2470,-0.00030,1,0,1,+0.92839,+0.89074,0.03849,340.33,+0.00000,+0.00000,0.00000,0.0000,0,1,0,1,+5.000,+0.000,+5.000,+0.04836,-18.756,-0.00000,0.00,+0.00000,0,+0.00000,+0.00000,0.00000,-6.565,0,177.2,0.0
19.121740,3,1,0.246698,0.246698,0.2470,-0.00030,1,0,1,+0.92839,+0.89074,0.03849,340.33,+0.00000,+0.00000,0.00000,0.0000,0,1,0,1,+5.000,+0.000,+5.000,+0.04826,-18.755,-0.00000,0.00,+0.00000,0,+0.00000,+0.00000,0.00000,-6.543,0,177.2,0.0
19.126925,3,1,0.246700,0.246700,0.2470,-0.00030,1,0,1,+0.92839,+0.89074,0.03849,340.33,+0.00000,+0.00000,0.00000,0.0000,0,1,0,1,+5.000,+0.000,+5.000,+0.04826,-18.755,-0.00000,0.00,+0.00000,0,+0.00000,+0.00000,0.00000,-6.543,0,177.2,0.0
19.131938,3,1,0.246701,0.246701,0.2470,-0.00030,1,0,1,+0.92839,+0.89074,0.03849,340.33,+0.00000,+0.00000,0.00000,0.0000,0,1,0,1,+5.000,+0.000,+5.000,+0.04827,-18.755,-0.00000,0.00,+0.00000,0,+0.00000,+0.00000,0.00000,-6.546,0,177.2,0.0
19.136359,3,1,0.246701,0.246701,0.2470,-0.00030,1,0,1,+0.92839,+0.89074,0.03849,340.33,+0.00000,+0.00000,0.00000,0.0000,0,1,0,1,+5.000,+0.000,+5.000,+0.04827,-18.755,-0.00000,0.00,+0.00000,0,+0.00000,+0.00000,0.00000,-6.546,0,177.2,0.0
19.142288,3,1,0.246703,0.246703,0.2470,-0.00030,1,0,1,+0.92839,+0.89074,0.03849,340.33,+0.00000,+0.00000,0.00000,0.0000,0,1,0,1,+5.000,+0.000,+5.000,+0.04808,-18.753,-0.00000,0.00,+0.00000,0,+0.00000,+0.00000,0.00000,-6.501,0,177.2,0.0
19.147284,3,1,0.246704,0.246704,0.2470,-0.00030,1,0,1,+0.92839,+0.89074,0.03849,340.33,+0.00000,+0.00000,0.00000,0.0000,0,1,0,1,+5.000,+0.000,+5.000,+0.04828,-18.755,-0.00000,0.00,+0.00000,0,+0.00000,+0.00000,0.00000,-6.548,0,177.2,0.0
19.152065,3,1,0.246705,0.246705,0.2470,-0.00030,1,0,1,+0.92839,+0.89074,0.03849,340.33,+0.00000,+0.00000,0.00000,0.0000,0,1,0,1,+5.000,+0.000,+5.000,+0.04828,-18.755,-0.00000,0.00,+0.00000,0,+0.00000,+0.00000,0.00000,-6.548,0,177.2,0.0
19.156909,3,1,0.246705,0.246705,0.2470,-0.00029,1,0,1,+0.92839,+0.89074,0.03849,340.33,+0.00000,+0.00000,0.00000,0.0000,0,1,0,1,+5.000,+0.000,+5.000,+0.04826,-18.754,-0.00000,0.00,+0.00000,0,+0.00000,+0.00000,0.00000,-6.544,0,177.2,0.0
19.161381,3,1,0.246706,0.246706,0.2470,-0.00029,1,0,1,+0.92839,+0.89074,0.03849,340.33,+0.00000,+0.00000,0.00000,0.0000,0,1,0,1,+5.000,+0.000,+5.000,+0.04826,-18.754,-0.00000,0.00,+0.00000,0,+0.00000,+0.00000,0.00000,-6.544,0,177.2,0.0
19.166657,3,1,0.246707,0.246707,0.2470,-0.00029,1,0,1,+0.92839,+0.89074,0.03849,340.33,+0.00000,+0.00000,0.00000,0.0000,0,1,0,1,+5.000,+0.000,+5.000,+0.04833,-18.755,-0.00000,0.00,+0.00000,0,+0.00000,+0.00000,0.00000,-6.558,0,177.2,0.0
19.171455,3,1,0.246708,0.246708,0.2470,-0.00029,1,0,1,+0.92839,+0.89074,0.03849,340.33,+0.00000,+0.00000,0.00000,0.0000,0,1,0,1,+5.000,+0.000,+5.000,+0.04833,-18.755,-0.00000,0.00,+0.00000,0,+0.00000,+0.00000,0.00000,-6.558,0,177.2,0.0
19.175953,3,1,0.246709,0.246709,0.2470,-0.00029,1,0,1,+0.92839,+0.89074,0.03849,340.33,+0.00000,+0.00000,0.00000,0.0000,0,1,0,1,+5.000,+0.000,+5.000,+0.04824,-18.754,-0.00000,0.00,+0.00000,0,+0.00000,+0.00000,0.00000,-6.538,0,177.2,0.0
19.180459,3,1,0.246710,0.246710,0.2470,-0.00029,1,0,1,+0.92839,+0.89074,0.03849,340.33,+0.00000,+0.00000,0.00000,0.0000,0,1,0,1,+5.000,+0.000,+5.000,+0.04827,-18.754,-0.00000,0.00,+0.00000,0,+0.00000,+0.00000,0.00000,-6.546,0,177.2,0.0
19.185209,3,1,0.246711,0.246711,0.2470,-0.00029,1,0,1,+0.92839,+0.89074,0.03849,340.33,+0.00000,+0.00000,0.00000,0.0000,0,1,0,1,+5.000,+0.000,+5.000,+0.04827,-18.754,-0.00000,0.00,+0.00000,0,+0.00000,+0.00000,0.00000,-6.546,0,177.2,0.0
19.190075,3,1,0.246712,0.246712,0.2470,-0.00029,1,0,1,+0.92839,+0.89074,0.03849,340.33,+0.00000,+0.00000,0.00000,0.0000,0,1,0,1,+5.000,+0.000,+5.000,+0.04826,-18.754,-0.00000,0.00,+0.00000,0,+0.00000,+0.00000,0.00000,-6.544,0,177.2,0.0
19.194969,3,1,0.246713,0.246713,0.2470,-0.00029,1,0,1,+0.92839,+0.89074,0.03849,340.33,+0.00000,+0.00000,0.00000,0.0000,0,1,0,1,+5.000,+0.000,+5.000,+0.04826,-18.754,-0.00000,0.00,+0.00000,0,+0.00000,+0.00000,0.00000,-6.544,0,177.2,0.0
19.200054,3,1,0.246714,0.246714,0.2470,-0.00029,1,0,1,+0.92839,+0.89074,0.03849,340.33,+0.00000,+0.00000,0.00000,0.0000,0,1,0,1,+5.000,+0.000,+5.000,+0.04796,-18.751,-0.00000,0.00,+0.00000,0,+0.00000,+0.00000,0.00000,-6.475,0,177.2,0.0
19.204345,3,1,0.246715,0.246715,0.2470,-0.00029,1,0,1,+0.92839,+0.89074,0.03849,340.33,+0.00000,+0.00000,0.00000,0.0000,0,1,0,1,+5.000,+0.000,+5.000,+0.04796,-18.751,-0.00000,0.00,+0.00000,0,+0.00000,+0.00000,0.00000,-6.475,0,177.2,0.0
19.209107,3,1,0.246716,0.246716,0.2470,-0.00028,1,0,1,+0.92839,+0.89074,0.03849,340.33,+0.00000,+0.00000,0.00000,0.0000,0,1,0,1,+5.000,+0.000,+5.000,+0.04814,-18.753,-0.00000,0.00,+0.00000,0,+0.00000,+0.00000,0.00000,-6.515,0,177.2,0.0
19.213703,3,1,0.246716,0.246716,0.2470,-0.00028,1,0,1,+0.92839,+0.89074,0.03849,340.33,+0.00000,+0.00000,0.00000,0.0000,0,1,0,1,+5.000,+0.000,+5.000,+0.04814,-18.753,-0.00000,0.00,+0.00000,0,+0.00000,+0.00000,0.00000,-6.515,0,177.2,0.0
19.218276,3,1,0.246717,0.246717,0.2470,-0.00028,1,0,1,+0.92839,+0.89074,0.03849,340.33,+0.00000,+0.00000,0.00000,0.0000,0,1,0,1,+5.000,+0.000,+5.000,+0.04820,-18.753,-0.00000,0.00,+0.00000,0,+0.00000,+0.00000,0.00000,-6.530,0,204.5,0.0
19.222759,3,1,0.246718,0.246718,0.2470,-0.00028,1,0,1,+0.92839,+0.89074,0.03849,340.33,+0.00000,+0.00000,0.00000,0.0000,0,1,0,1,+5.000,+0.000,+5.000,+0.04820,-18.753,-0.00000,0.00,+0.00000,0,+0.00000,+0.00000,0.00000,-6.530,0,204.5,0.0
19.227899,3,1,0.246719,0.246719,0.2470,-0.00028,1,0,1,+0.92839,+0.89074,0.03849,340.33,+0.00000,+0.00000,0.00000,0.0000,0,1,0,1,+5.000,+0.000,+5.000,+0.04830,-18.754,-0.00000,0.00,+0.00000,0,+0.00000,+0.00000,0.00000,-6.552,0,204.5,0.0
19.232477,3,1,0.246720,0.246720,0.2470,-0.00028,1,0,1,+0.92839,+0.89074,0.03849,340.33,+0.00000,+0.00000,0.00000,0.0000,0,1,0,1,+5.000,+0.000,+5.000,+0.04836,-18.754,-0.00000,0.00,+0.00000,0,+0.00000,+0.00000,0.00000,-6.567,0,204.5,0.0
19.237222,3,1,0.246721,0.246721,0.2470,-0.00028,1,0,1,+0.92839,+0.89074,0.03849,340.33,+0.00000,+0.00000,0.00000,0.0000,0,1,0,1,+5.000,+0.000,+5.000,+0.04836,-18.754,-0.00000,0.00,+0.00000,0,+0.00000,+0.00000,0.00000,-6.567,0,204.5,0.0
19.241794,3,1,0.246722,0.246722,0.2470,-0.00028,1,0,1,+0.92839,+0.89074,0.03849,340.33,+0.00000,+0.00000,0.00000,0.0000,0,1,0,1,+5.000,+0.000,+5.000,+0.04845,-18.755,-0.00000,0.00,+0.00000,0,+0.00000,+0.00000,0.00000,-6.586,0,204.5,0.0
19.246761,3,1,0.246723,0.246723,0.2470,-0.00028,1,0,1,+0.92839,+0.89074,0.03849,340.33,+0.00000,+0.00000,0.00000,0.0000,0,1,0,1,+5.000,+0.000,+5.000,+0.04845,-18.755,-0.00000,0.00,+0.00000,0,+0.00000,+0.00000,0.00000,-6.586,0,204.5,0.0
19.251618,3,1,0.246723,0.246723,0.2470,-0.00028,1,0,1,+0.92839,+0.89074,0.03849,340.33,+0.00000,+0.00000,0.00000,0.0000,0,1,0,1,+5.000,+0.000,+5.000,+0.04835,-18.753,-0.00000,0.00,+0.00000,0,+0.00000,+0.00000,0.00000,-6.563,0,204.5,0.0
19.256215,3,1,0.246724,0.246724,0.2470,-0.00028,1,0,1,+0.92839,+0.89074,0.03849,340.33,+0.00000,+0.00000,0.00000,0.0000,0,1,0,1,+5.000,+0.000,+5.000,+0.04835,-18.753,-0.00000,0.00,+0.00000,0,+0.00000,+0.00000,0.00000,-6.563,0,204.5,0.0
19.260952,3,1,0.246725,0.246725,0.2470,-0.00027,1,0,1,+0.92839,+0.89074,0.03849,340.33,+0.00000,+0.00000,0.00000,0.0000,0,1,0,1,+5.000,+0.000,+5.000,+0.04851,-18.755,-0.00000,0.00,+0.00000,0,+0.00000,+0.00000,0.00000,-6.601,0,204.5,0.0
19.265498,3,1,0.246726,0.246726,0.2470,-0.00027,1,0,1,+0.92839,+0.89074,0.03849,340.33,+0.00000,+0.00000,0.00000,0.0000,0,1,0,1,+5.000,+0.000,+5.000,+0.04854,-18.755,-0.00000,0.00,+0.00000,0,+0.00000,+0.00000,0.00000,-6.606,0,204.5,0.0
19.270025,3,1,0.246727,0.246727,0.2470,-0.00027,1,0,1,+0.92839,+0.89074,0.03849,340.33,+0.00000,+0.00000,0.00000,0.0000,0,1,0,1,+5.000,+0.000,+5.000,+0.04854,-18.755,-0.00000,0.00,+0.00000,0,+0.00000,+0.00000,0.00000,-6.606,0,204.5,0.0
19.276888,3,1,0.246728,0.246728,0.2470,-0.00027,1,0,1,+0.92839,+0.89074,0.03849,340.33,+0.00000,+0.00000,0.00000,0.0000,0,1,0,1,+5.000,+0.000,+5.000,+0.04859,-18.755,-0.00000,0.00,+0.00000,0,+0.00000,+0.00000,0.00000,-6.618,0,204.5,0.0
19.281677,3,1,0.246729,0.246729,0.2470,-0.00027,1,0,1,+0.92839,+0.89074,0.03849,340.33,+0.00000,+0.00000,0.00000,0.0000,0,1,0,1,+5.000,+0.000,+5.000,+0.04859,-18.755,-0.00000,0.00,+0.00000,0,+0.00000,+0.00000,0.00000,-6.618,0,204.5,0.0
19.286034,3,1,0.246730,0.246730,0.2470,-0.00027,1,0,1,+0.92839,+0.89074,0.03849,340.33,+0.00000,+0.00000,0.00000,0.0000,0,1,0,1,+5.000,+0.000,+5.000,+0.04844,-18.753,-0.00000,0.00,+0.00000,0,+0.00000,+0.00000,0.00000,-6.584,0,204.5,0.0
19.290599,3,1,0.246731,0.246731,0.2470,-0.00027,1,0,1,+0.92839,+0.89074,0.03849,340.33,+0.00000,+0.00000,0.00000,0.0000,0,1,0,1,+5.000,+0.000,+5.000,+0.04844,-18.753,-0.00000,0.00,+0.00000,0,+0.00000,+0.00000,0.00000,-6.584,0,204.5,0.0
19.295271,3,1,0.246731,0.246731,0.2470,-0.00027,1,0,1,+0.92839,+0.89074,0.03849,340.33,+0.00000,+0.00000,0.00000,0.0000,0,1,0,1,+5.000,+0.000,+5.000,+0.04846,-18.753,-0.00000,0.00,+0.00000,0,+0.00000,+0.00000,0.00000,-6.588,0,204.5,0.0
19.299962,3,1,0.246732,0.246732,0.2470,-0.00027,1,0,1,+0.92839,+0.89074,0.03849,340.33,+0.00000,+0.00000,0.00000,0.0000,0,1,0,1,+5.000,+0.000,+5.000,+0.04846,-18.753,-0.00000,0.00,+0.00000,0,+0.00000,+0.00000,0.00000,-6.588,0,204.5,0.0
19.304663,3,1,0.246733,0.246733,0.2470,-0.00027,1,0,1,+0.92839,+0.89074,0.03849,340.33,+0.00000,+0.00000,0.00000,0.0000,0,1,0,1,+5.000,+0.000,+5.000,+0.04846,-18.753,-0.00000,0.00,+0.00000,0,+0.00000,+0.00000,0.00000,-6.588,0,204.5,0.0
19.309780,3,1,0.246734,0.246734,0.2470,-0.00027,1,0,1,+0.92839,+0.89074,0.03849,340.33,+0.00000,+0.00000,0.00000,0.0000,0,1,0,1,+5.000,+0.000,+5.000,+0.04843,-18.753,-0.00000,0.00,+0.00000,0,+0.00000,+0.00000,0.00000,-6.583,0,204.5,0.0
19.314318,3,1,0.246735,0.246735,0.2470,-0.00027,1,0,1,+0.92839,+0.89074,0.03849,340.33,+0.00000,+0.00000,0.00000,0.0000,0,1,0,1,+5.000,+0.000,+5.000,+0.04843,-18.753,-0.00000,0.00,+0.00000,0,+0.00000,+0.00000,0.00000,-6.583,0,204.5,0.0
19.318812,3,1,0.246736,0.246736,0.2470,-0.00026,1,0,1,+0.92839,+0.89074,0.03849,340.33,+0.00000,+0.00000,0.00000,0.0000,0,1,0,1,+5.000,+0.000,+5.000,+0.04872,-18.755,-0.00000,0.00,+0.00000,0,+0.00000,+0.00000,0.00000,-6.649,0,204.5,0.0
19.323464,3,1,0.246736,0.246736,0.2470,-0.00026,1,0,1,+0.92839,+0.89074,0.03849,340.33,+0.00000,+0.00000,0.00000,0.0000,0,1,0,1,+5.000,+0.000,+5.000,+0.04872,-18.755,-0.00000,0.00,+0.00000,0,+0.00000,+0.00000,0.00000,-6.649,0,204.5,0.0
19.327817,3,1,0.246737,0.246737,0.2470,-0.00026,1,0,1,+0.92839,+0.89074,0.03849,340.33,+0.00000,+0.00000,0.00000,0.0000,0,1,0,1,+5.000,+0.000,+5.000,+0.04878,-18.755,-0.00000,0.00,+0.00000,0,+0.00000,+0.00000,0.00000,-6.662,0,204.5,0.0
19.332658,3,1,0.246738,0.246738,0.2470,-0.00026,1,0,1,+0.92839,+0.89074,0.03849,340.33,+0.00000,+0.00000,0.00000,0.0000,0,1,0,1,+5.000,+0.000,+5.000,+0.04878,-18.755,-0.00000,0.00,+0.00000,0,+0.00000,+0.00000,0.00000,-6.662,0,204.5,0.0
19.337508,3,1,0.246739,0.246739,0.2470,-0.00026,1,0,1,+0.92839,+0.89074,0.03849,340.33,+0.00000,+0.00000,0.00000,0.0000,0,1,0,1,+5.000,+0.000,+5.000,+0.04850,-18.753,-0.00000,0.00,+0.00000,0,+0.00000,+0.00000,0.00000,-6.598,0,204.5,0.0
19.342524,3,1,0.246740,0.246740,0.2470,-0.00026,1,0,1,+0.92839,+0.89074,0.03849,340.33,+0.00000,+0.00000,0.00000,0.0000,0,1,0,1,+5.000,+0.000,+5.000,+0.04850,-18.753,-0.00000,0.00,+0.00000,0,+0.00000,+0.00000,0.00000,-6.598,0,204.5,0.0
19.346900,3,1,0.246741,0.246741,0.2470,-0.00026,1,0,1,+0.92839,+0.89074,0.03849,340.33,+0.00000,+0.00000,0.00000,0.0000,0,1,0,1,+5.000,+0.000,+5.000,+0.04861,-18.754,-0.00000,0.00,+0.00000,0,+0.00000,+0.00000,0.00000,-6.624,0,204.5,0.0
19.351907,3,1,0.246741,0.246741,0.2470,-0.00026,1,0,1,+0.92839,+0.89074,0.03849,340.33,+0.00000,+0.00000,0.00000,0.0000,0,1,0,1,+5.000,+0.000,+5.000,+0.04861,-18.754,-0.00000,0.00,+0.00000,0,+0.00000,+0.00000,0.00000,-6.624,0,204.5,0.0
19.356520,3,1,0.246742,0.246742,0.2470,-0.00026,1,0,1,+0.92839,+0.89074,0.03849,340.33,+0.00000,+0.00000,0.00000,0.0000,0,1,0,1,+5.000,+0.000,+5.000,+0.04835,-18.751,-0.00000,0.00,+0.00000,0,+0.00000,+0.00000,0.00000,-6.564,0,204.5,0.0
19.361141,3,1,0.246743,0.246743,0.2470,-0.00026,1,0,1,+0.92839,+0.89074,0.03849,340.33,+0.00000,+0.00000,0.00000,0.0000,0,1,0,1,+5.000,+0.000,+5.000,+0.04835,-18.751,-0.00000,0.00,+0.00000,0,+0.00000,+0.00000,0.00000,-6.564,0,204.5,0.0
19.366146,3,1,0.246744,0.246744,0.2470,-0.00026,1,0,1,+0.92839,+0.89074,0.03849,340.33,+0.00000,+0.00000,0.00000,0.0000,0,1,0,1,+5.000,+0.000,+5.000,+0.04835,-18.751,-0.00000,0.00,+0.00000,0,+0.00000,+0.00000,0.00000,-6.564,0,204.5,0.0
19.370710,3,1,0.246745,0.246745,0.2470,-0.00026,1,0,1,+0.92839,+0.89074,0.03849,340.33,+0.00000,+0.00000,0.00000,0.0000,0,1,0,1,+5.000,+0.000,+5.000,+0.04854,-18.753,-0.00000,0.00,+0.00000,0,+0.00000,+0.00000,0.00000,-6.608,0,204.5,0.0
19.375556,3,1,0.246745,0.246745,0.2470,-0.00025,1,0,1,+0.92839,+0.89074,0.03849,340.33,+0.00000,+0.00000,0.00000,0.0000,0,1,0,1,+5.000,+0.000,+5.000,+0.04854,-18.753,-0.00000,0.00,+0.00000,0,+0.00000,+0.00000,0.00000,-6.608,0,204.5,0.0
19.380289,3,1,0.246746,0.246746,0.2470,-0.00025,1,0,1,+0.92839,+0.89074,0.03849,340.33,+0.00000,+0.00000,0.00000,0.0000,0,1,0,1,+5.000,+0.000,+5.000,+0.04849,-18.752,-0.00000,0.00,+0.00000,0,+0.00000,+0.00000,0.00000,-6.596,0,204.5,0.0
19.384814,3,1,0.246747,0.246747,0.2470,-0.00025,1,0,1,+0.92839,+0.89074,0.03849,340.33,+0.00000,+0.00000,0.00000,0.0000,0,1,0,1,+5.000,+0.000,+5.000,+0.04849,-18.752,-0.00000,0.00,+0.00000,0,+0.00000,+0.00000,0.00000,-6.596,0,204.5,0.0
19.389137,3,1,0.246748,0.246748,0.2470,-0.00025,1,0,1,+0.92839,+0.89074,0.03849,340.33,+0.00000,+0.00000,0.00000,0.0000,0,1,0,1,+5.000,+0.000,+5.000,+0.04852,-18.752,-0.00000,0.00,+0.00000,0,+0.00000,+0.00000,0.00000,-6.603,0,204.5,0.0
19.393567,3,1,0.246748,0.246748,0.2470,-0.00025,1,0,1,+0.92839,+0.89074,0.03849,340.33,+0.00000,+0.00000,0.00000,0.0000,0,1,0,1,+5.000,+0.000,+5.000,+0.04852,-18.752,-0.00000,0.00,+0.00000,0,+0.00000,+0.00000,0.00000,-6.603,0,204.5,0.0
19.397998,3,1,0.246749,0.246749,0.2470,-0.00025,1,0,1,+0.92839,+0.89074,0.03849,340.33,+0.00000,+0.00000,0.00000,0.0000,0,1,0,1,+5.000,+0.000,+5.000,+0.04874,-18.754,-0.00000,0.00,+0.00000,0,+0.00000,+0.00000,0.00000,-6.653,0,204.5,0.0
19.402399,3,1,0.246750,0.246750,0.2470,-0.00025,1,0,1,+0.92839,+0.89074,0.03849,340.33,+0.00000,+0.00000,0.00000,0.0000,0,1,0,1,+5.000,+0.000,+5.000,+0.04874,-18.754,-0.00000,0.00,+0.00000,0,+0.00000,+0.00000,0.00000,-6.653,0,204.5,0.0
19.407414,3,1,0.246751,0.246751,0.2470,-0.00025,1,0,1,+0.92839,+0.89074,0.03849,340.33,+0.00000,+0.00000,0.00000,0.0000,0,1,0,1,+5.000,+0.000,+5.000,+0.04876,-18.754,-0.00000,0.00,+0.00000,0,+0.00000,+0.00000,0.00000,-6.658,0,204.5,0.0
19.412204,3,1,0.246752,0.246752,0.2470,-0.00025,1,0,1,+0.92839,+0.89074,0.03849,340.33,+0.00000,+0.00000,0.00000,0.0000,0,1,0,1,+5.000,+0.000,+5.000,+0.04876,-18.754,-0.00000,0.00,+0.00000,0,+0.00000,+0.00000,0.00000,-6.658,0,204.5,0.0
19.416850,3,1,0.246752,0.246752,0.2470,-0.00025,1,0,1,+0.92839,+0.89074,0.03849,340.33,+0.00000,+0.00000,0.00000,0.0000,0,1,0,1,+5.000,+0.000,+5.000,+0.04876,-18.754,-0.00000,0.00,+0.00000,0,+0.00000,+0.00000,0.00000,-6.658,0,204.5,0.0
19.421385,3,1,0.246753,0.246753,0.2470,-0.00025,1,0,1,+0.92839,+0.89074,0.03849,340.33,+0.00000,+0.00000,0.00000,0.0000,0,1,0,1,+5.000,+0.000,+5.000,+0.04876,-18.753,-0.00000,0.00,+0.00000,0,+0.00000,+0.00000,0.00000,-6.658,0,204.5,0.0
19.425864,3,1,0.246754,0.246754,0.2470,-0.00025,1,0,1,+0.92839,+0.89074,0.03849,340.33,+0.00000,+0.00000,0.00000,0.0000,0,1,0,1,+5.000,+0.000,+5.000,+0.04876,-18.753,-0.00000,0.00,+0.00000,0,+0.00000,+0.00000,0.00000,-6.658,0,204.5,0.0
19.430209,3,1,0.246755,0.246755,0.2470,-0.00025,1,0,1,+0.92839,+0.89074,0.03849,340.33,+0.00000,+0.00000,0.00000,0.0000,0,1,0,1,+5.000,+0.000,+5.000,+0.04874,-18.753,-0.00000,0.00,+0.00000,0,+0.00000,+0.00000,0.00000,-6.652,0,204.5,0.0
19.434792,3,1,0.246755,0.246755,0.2470,-0.00024,1,0,1,+0.92839,+0.89074,0.03849,340.33,+0.00000,+0.00000,0.00000,0.0000,0,1,0,1,+5.000,+0.000,+5.000,+0.04874,-18.753,-0.00000,0.00,+0.00000,0,+0.00000,+0.00000,0.00000,-6.652,0,204.5,0.0
19.439365,3,1,0.246756,0.246756,0.2470,-0.00024,1,0,1,+0.92839,+0.89074,0.03849,340.33,+0.00000,+0.00000,0.00000,0.0000,0,1,0,1,+5.000,+0.000,+5.000,+0.04869,-18.752,-0.00000,0.00,+0.00000,0,+0.00000,+0.00000,0.00000,-6.642,0,204.5,0.0
19.444112,3,1,0.246757,0.246757,0.2470,-0.00024,1,0,1,+0.92839,+0.89074,0.03849,340.33,+0.00000,+0.00000,0.00000,0.0000,0,1,0,1,+5.000,+0.000,+5.000,+0.04869,-18.752,-0.00000,0.00,+0.00000,0,+0.00000,+0.00000,0.00000,-6.642,0,204.5,0.0
19.448754,3,1,0.246758,0.246758,0.2470,-0.00024,1,0,1,+0.92839,+0.89074,0.03849,340.33,+0.00000,+0.00000,0.00000,0.0000,0,1,0,1,+5.000,+0.000,+5.000,+0.04871,-18.752,-0.00000,0.00,+0.00000,0,+0.00000,+0.00000,0.00000,-6.646,0,204.5,0.0
19.453174,3,1,0.246758,0.246758,0.2470,-0.00024,1,0,1,+0.92839,+0.89074,0.03849,340.33,+0.00000,+0.00000,0.00000,0.0000,0,1,0,1,+5.000,+0.000,+5.000,+0.04871,-18.752,-0.00000,0.00,+0.00000,0,+0.00000,+0.00000,0.00000,-6.646,0,204.5,0.0
19.458102,3,1,0.246759,0.246759,0.2470,-0.00024,1,0,1,+0.92839,+0.89074,0.03849,340.33,+0.00000,+0.00000,0.00000,0.0000,0,1,0,1,+5.000,+0.000,+5.000,+0.04887,-18.753,-0.00000,0.00,+0.00000,0,+0.00000,+0.00000,0.00000,-6.684,0,204.5,0.0
19.463152,3,1,0.246760,0.246760,0.2470,-0.00024,1,0,1,+0.92839,+0.89074,0.03849,340.33,+0.00000,+0.00000,0.00000,0.0000,0,1,0,1,+5.000,+0.000,+5.000,+0.04887,-18.753,-0.00000,0.00,+0.00000,0,+0.00000,+0.00000,0.00000,-6.684,0,204.5,0.0
19.467965,3,1,0.246761,0.246761,0.2470,-0.00024,1,0,1,+0.92839,+0.89074,0.03849,340.33,+0.00000,+0.00000,0.00000,0.0000,0,1,0,1,+5.000,+0.000,+5.000,+0.04875,-18.752,-0.00000,0.00,+0.00000,0,+0.00000,+0.00000,0.00000,-6.656,0,204.5,0.0
19.472461,3,1,0.246761,0.246761,0.2470,-0.00024,1,0,1,+0.92839,+0.89074,0.03849,340.33,+0.00000,+0.00000,0.00000,0.0000,0,1,0,1,+5.000,+0.000,+5.000,+0.04875,-18.752,-0.00000,0.00,+0.00000,0,+0.00000,+0.00000,0.00000,-6.656,0,204.5,0.0
19.477445,3,1,0.246762,0.246762,0.2470,-0.00024,1,0,1,+0.92839,+0.89074,0.03849,340.33,+0.00000,+0.00000,0.00000,0.0000,0,1,0,1,+5.000,+0.000,+5.000,+0.04864,-18.751,-0.00000,0.00,+0.00000,0,+0.00000,+0.00000,0.00000,-6.631,0,204.5,0.0
19.481993,3,1,0.246763,0.246763,0.2470,-0.00024,1,0,1,+0.92839,+0.89074,0.03849,340.33,+0.00000,+0.00000,0.00000,0.0000,0,1,0,1,+5.000,+0.000,+5.000,+0.04864,-18.751,-0.00000,0.00,+0.00000,0,+0.00000,+0.00000,0.00000,-6.631,0,204.5,0.0
19.486341,3,1,0.246764,0.246764,0.2470,-0.00024,1,0,1,+0.92839,+0.89074,0.03849,340.33,+0.00000,+0.00000,0.00000,0.0000,0,1,0,1,+5.000,+0.000,+5.000,+0.04856,-18.750,-0.00000,0.00,+0.00000,0,+0.00000,+0.00000,0.00000,-6.611,0,204.5,0.0
19.491700,3,1,0.246764,0.246764,0.2470,-0.00024,1,0,1,+0.92839,+0.89074,0.03849,340.33,+0.00000,+0.00000,0.00000,0.0000,0,1,0,1,+5.000,+0.000,+5.000,+0.04861,-18.751,-0.00000,0.00,+0.00000,0,+0.00000,+0.00000,0.00000,-6.623,0,204.5,0.0
19.496140,3,1,0.246765,0.246765,0.2470,-0.00023,1,0,1,+0.92839,+0.89074,0.03849,340.33,+0.00000,+0.00000,0.00000,0.0000,0,1,0,1,+5.000,+0.000,+5.000,+0.04861,-18.751,-0.00000,0.00,+0.00000,0,+0.00000,+0.00000,0.00000,-6.623,0,204.5,0.0
19.500921,3,1,0.246766,0.246766,0.2470,-0.00023,1,0,1,+0.92839,+0.89074,0.03849,340.33,+0.00000,+0.00000,0.00000,0.0000,0,1,0,1,+5.000,+0.000,+5.000,+0.04868,-18.751,-0.00000,0.00,+0.00000,0,+0.00000,+0.00000,0.00000,-6.639,0,204.5,0.0
19.505739,3,1,0.246767,0.246767,0.2470,-0.00023,1,0,1,+0.92839,+0.89074,0.03849,340.33,+0.00000,+0.00000,0.00000,0.0000,0,1,0,1,+5.000,+0.000,+5.000,+0.04868,-18.751,-0.00000,0.00,+0.00000,0,+0.00000,+0.00000,0.00000,-6.639,0,204.5,0.0
19.510434,3,1,0.246767,0.246767,0.2470,-0.00023,1,0,1,+0.92839,+0.89074,0.03849,340.33,+0.00000,+0.00000,0.00000,0.0000,0,1,0,1,+5.000,+0.000,+5.000,+0.04874,-18.751,-0.00000,0.00,+0.00000,0,+0.00000,+0.00000,0.00000,-6.654,0,204.5,0.0
19.515012,3,1,0.246768,0.246768,0.2470,-0.00023,1,0,1,+0.92839,+0.89074,0.03849,340.33,+0.00000,+0.00000,0.00000,0.0000,0,1,0,1,+5.000,+0.000,+5.000,+0.04874,-18.751,-0.00000,0.00,+0.00000,0,+0.00000,+0.00000,0.00000,-6.654,0,204.5,0.0
19.519702,3,1,0.246769,0.246769,0.2470,-0.00023,1,0,1,+0.92839,+0.89074,0.03849,340.33,+0.00000,+0.00000,0.00000,0.0000,0,1,0,1,+5.000,+0.000,+5.000,+0.04860,-18.750,-0.00000,0.00,+0.00000,0,+0.00000,+0.00000,0.00000,-6.622,0,204.5,0.0
19.524345,3,1,0.246769,0.246769,0.2470,-0.00023,1,0,1,+0.92839,+0.89074,0.03849,340.33,+0.00000,+0.00000,0.00000,0.0000,0,1,0,1,+5.000,+0.000,+5.000,+0.04860,-18.750,-0.00000,0.00,+0.00000,0,+0.00000,+0.00000,0.00000,-6.622,0,204.5,0.0
19.528958,3,1,0.246770,0.246770,0.2470,-0.00023,1,0,1,+0.92839,+0.89074,0.03849,340.33,+0.00000,+0.00000,0.00000,0.0000,0,1,0,1,+5.000,+0.000,+5.000,+0.04860,-18.750,-0.00000,0.00,+0.00000,0,+0.00000,+0.00000,0.00000,-6.620,0,204.5,0.0
19.533474,3,1,0.246771,0.246771,0.2470,-0.00023,1,0,1,+0.92839,+0.89074,0.03849,340.33,+0.00000,+0.00000,0.00000,0.0000,0,1,0,1,+5.000,+0.000,+5.000,+0.04880,-18.751,-0.00000,0.00,+0.00000,0,+0.00000,+0.00000,0.00000,-6.667,0,204.5,0.0
19.537859,3,1,0.246772,0.246772,0.2470,-0.00023,1,0,1,+0.92839,+0.89074,0.03849,340.33,+0.00000,+0.00000,0.00000,0.0000,0,1,0,1,+5.000,+0.000,+5.000,+0.04880,-18.751,-0.00000,0.00,+0.00000,0,+0.00000,+0.00000,0.00000,-6.667,0,204.5,0.0
19.542964,3,1,0.246772,0.246772,0.2470,-0.00023,1,0,1,+0.92839,+0.89074,0.03849,340.33,+0.00000,+0.00000,0.00000,0.0000,0,1,0,1,+5.000,+0.000,+5.000,+0.04881,-18.751,-0.00000,0.00,+0.00000,0,+0.00000,+0.00000,0.00000,-6.668,0,204.5,0.0
19.547629,3,1,0.246773,0.246773,0.2470,-0.00023,1,0,1,+0.92839,+0.89074,0.03849,340.33,+0.00000,+0.00000,0.00000,0.0000,0,1,0,1,+5.000,+0.000,+5.000,+0.04881,-18.751,-0.00000,0.00,+0.00000,0,+0.00000,+0.00000,0.00000,-6.668,0,204.5,0.0
19.552336,3,1,0.246774,0.246774,0.2470,-0.00023,1,0,1,+0.92839,+0.89074,0.03849,340.33,+0.00000,+0.00000,0.00000,0.0000,0,1,0,1,+5.000,+0.000,+5.000,+0.04870,-18.750,-0.00000,0.00,+0.00000,0,+0.00000,+0.00000,0.00000,-6.643,0,204.5,0.0
19.557043,3,1,0.246774,0.246774,0.2470,-0.00023,1,0,1,+0.92839,+0.89074,0.03849,340.33,+0.00000,+0.00000,0.00000,0.0000,0,1,0,1,+5.000,+0.000,+5.000,+0.04870,-18.750,-0.00000,0.00,+0.00000,0,+0.00000,+0.00000,0.00000,-6.643,0,204.5,0.0
19.561288,3,1,0.246775,0.246775,0.2470,-0.00022,1,0,1,+0.92839,+0.89074,0.03849,340.33,+0.00000,+0.00000,0.00000,0.0000,0,1,0,1,+5.000,+0.000,+5.000,+0.04867,-18.750,-0.00000,0.00,+0.00000,0,+0.00000,+0.00000,0.00000,-6.636,0,204.5,0.0
19.565889,3,1,0.246776,0.246776,0.2470,-0.00022,1,0,1,+0.92839,+0.89074,0.03849,340.33,+0.00000,+0.00000,0.00000,0.0000,0,1,0,1,+5.000,+0.000,+5.000,+0.04867,-18.750,-0.00000,0.00,+0.00000,0,+0.00000,+0.00000,0.00000,-6.636,0,204.5,0.0
19.570811,3,1,0.246776,0.246776,0.2470,-0.00022,1,0,1,+0.92839,+0.89074,0.03849,340.33,+0.00000,+0.00000,0.00000,0.0000,0,1,0,1,+5.000,+0.000,+5.000,+0.04858,-18.749,-0.00000,0.00,+0.00000,0,+0.00000,+0.00000,0.00000,-6.617,0,204.5,0.0
19.575762,3,1,0.246777,0.246777,0.2470,-0.00022,1,0,1,+0.92839,+0.89074,0.03849,340.33,+0.00000,+0.00000,0.00000,0.0000,0,1,0,1,+5.000,+0.000,+5.000,+0.04858,-18.749,-0.00000,0.00,+0.00000,0,+0.00000,+0.00000,0.00000,-6.617,0,204.5,0.0
19.580393,3,1,0.246778,0.246778,0.2470,-0.00022,1,0,1,+0.92839,+0.89074,0.03849,340.33,+0.00000,+0.00000,0.00000,0.0000,0,1,0,1,+5.000,+0.000,+5.000,+0.04863,-18.749,-0.00000,0.00,+0.00000,0,+0.00000,+0.00000,0.00000,-6.629,0,204.5,0.0
19.584975,3,1,0.246779,0.246779,0.2470,-0.00022,1,0,1,+0.92839,+0.89074,0.03849,340.33,+0.00000,+0.00000,0.00000,0.0000,0,1,0,1,+5.000,+0.000,+5.000,+0.04863,-18.749,-0.00000,0.00,+0.00000,0,+0.00000,+0.00000,0.00000,-6.629,0,204.5,0.0
19.590213,3,1,0.246779,0.246779,0.2470,-0.00022,1,0,1,+0.92839,+0.89074,0.03849,340.33,+0.00000,+0.00000,0.00000,0.0000,0,1,0,1,+5.000,+0.000,+5.000,+0.04873,-18.750,-0.00000,0.00,+0.00000,0,+0.00000,+0.00000,0.00000,-6.650,0,204.5,0.0
19.594824,3,1,0.246780,0.246780,0.2470,-0.00022,1,0,1,+0.92839,+0.89074,0.03849,340.33,+0.00000,+0.00000,0.00000,0.0000,0,1,0,1,+5.000,+0.000,+5.000,+0.04867,-18.749,-0.00000,0.00,+0.00000,0,+0.00000,+0.00000,0.00000,-6.636,0,204.5,0.0
19.599492,3,1,0.246781,0.246781,0.2470,-0.00022,1,0,1,+0.92839,+0.89074,0.03849,340.33,+0.00000,+0.00000,0.00000,0.0000,0,1,0,1,+5.000,+0.000,+5.000,+0.04867,-18.749,-0.00000,0.00,+0.00000,0,+0.00000,+0.00000,0.00000,-6.636,0,204.5,0.0
19.604515,3,1,0.246781,0.246781,0.2470,-0.00022,1,0,1,+0.92839,+0.89074,0.03849,340.33,+0.00000,+0.00000,0.00000,0.0000,0,1,0,1,+5.000,+0.000,+5.000,+0.04873,-18.750,-0.00000,0.00,+0.00000,0,+0.00000,+0.00000,0.00000,-6.650,0,204.5,0.0
19.609251,3,1,0.246782,0.246782,0.2470,-0.00022,1,0,1,+0.92839,+0.89074,0.03849,340.33,+0.00000,+0.00000,0.00000,0.0000,0,1,0,1,+5.000,+0.000,+5.000,+0.04873,-18.750,-0.00000,0.00,+0.00000,0,+0.00000,+0.00000,0.00000,-6.650,0,204.5,0.0
19.613601,3,1,0.246783,0.246783,0.2470,-0.00022,1,0,1,+0.92839,+0.89074,0.03849,340.33,+0.00000,+0.00000,0.00000,0.0000,0,1,0,1,+5.000,+0.000,+5.000,+0.04878,-18.750,-0.00000,0.00,+0.00000,0,+0.00000,+0.00000,0.00000,-6.661,0,204.5,0.0
19.618171,3,1,0.246783,0.246783,0.2470,-0.00022,1,0,1,+0.92839,+0.89074,0.03849,340.33,+0.00000,+0.00000,0.00000,0.0000,0,1,0,1,+5.000,+0.000,+5.000,+0.04878,-18.750,-0.00000,0.00,+0.00000,0,+0.00000,+0.00000,0.00000,-6.661,0,204.5,0.0
19.622482,3,1,0.246784,0.246784,0.2470,-0.00022,1,0,1,+0.92839,+0.89074,0.03849,340.33,+0.00000,+0.00000,0.00000,0.0000,0,1,0,1,+5.000,+0.000,+5.000,+0.04888,-18.751,-0.00000,0.00,+0.00000,0,+0.00000,+0.00000,0.00000,-6.685,0,204.5,0.0
19.627320,3,1,0.246785,0.246785,0.2470,-0.00022,1,0,1,+0.92839,+0.89074,0.03849,340.33,+0.00000,+0.00000,0.00000,0.0000,0,1,0,1,+5.000,+0.000,+5.000,+0.04888,-18.751,-0.00000,0.00,+0.00000,0,+0.00000,+0.00000,0.00000,-6.685,0,204.5,0.0
19.633525,3,1,0.246786,0.246786,0.2470,-0.00021,1,0,1,+0.92839,+0.89074,0.03849,340.33,+0.00000,+0.00000,0.00000,0.0000,0,1,0,1,+5.000,+0.000,+5.000,+0.04887,-18.751,-0.00000,0.00,+0.00000,0,+0.00000,+0.00000,0.00000,-6.683,0,204.5,0.0
19.638319,3,1,0.246786,0.246786,0.2470,-0.00021,1,0,1,+0.92839,+0.89074,0.03849,340.33,+0.00000,+0.00000,0.00000,0.0000,0,1,0,1,+5.000,+0.000,+5.000,+0.04865,-18.749,-0.00000,0.00,+0.00000,0,+0.00000,+0.00000,0.00000,-6.632,0,204.5,0.0
19.642997,3,1,0.246787,0.246787,0.2470,-0.00021,1,0,1,+0.92839,+0.89074,0.03849,340.33,+0.00000,+0.00000,0.00000,0.0000,0,1,0,1,+5.000,+0.000,+5.000,+0.04865,-18.749,-0.00000,0.00,+0.00000,0,+0.00000,+0.00000,0.00000,-6.632,0,204.5,0.0
19.647536,3,1,0.246788,0.246788,0.2470,-0.00021,1,0,1,+0.92839,+0.89074,0.03849,340.33,+0.00000,+0.00000,0.00000,0.0000,0,1,0,1,+5.000,+0.000,+5.000,+0.04878,-18.749,-0.00000,0.00,+0.00000,0,+0.00000,+0.00000,0.00000,-6.662,0,204.5,0.0
19.651881,3,1,0.246788,0.246788,0.2470,-0.00021,1,0,1,+0.92839,+0.89074,0.03849,340.33,+0.00000,+0.00000,0.00000,0.0000,0,1,0,1,+5.000,+0.000,+5.000,+0.04878,-18.749,-0.00000,0.00,+0.00000,0,+0.00000,+0.00000,0.00000,-6.662,0,204.5,0.0
19.656489,3,1,0.246789,0.246789,0.2470,-0.00021,1,0,1,+0.92839,+0.89074,0.03849,340.33,+0.00000,+0.00000,0.00000,0.0000,0,1,0,1,+5.000,+0.000,+5.000,+0.04888,-18.750,-0.00000,0.00,+0.00000,0,+0.00000,+0.00000,0.00000,-6.686,0,204.5,0.0
19.660877,3,1,0.246790,0.246790,0.2470,-0.00021,1,0,1,+0.92839,+0.89074,0.03849,340.33,+0.00000,+0.00000,0.00000,0.0000,0,1,0,1,+5.000,+0.000,+5.000,+0.04888,-18.750,-0.00000,0.00,+0.00000,0,+0.00000,+0.00000,0.00000,-6.686,0,204.5,0.0
19.665528,3,1,0.246790,0.246790,0.2470,-0.00021,1,0,1,+0.92839,+0.89074,0.03849,340.33,+0.00000,+0.00000,0.00000,0.0000,0,1,0,1,+5.000,+0.000,+5.000,+0.04889,-18.750,-0.00000,0.00,+0.00000,0,+0.00000,+0.00000,0.00000,-6.688,0,204.5,0.0
19.670543,3,1,0.246791,0.246791,0.2470,-0.00021,1,0,1,+0.92839,+0.89074,0.03849,340.33,+0.00000,+0.00000,0.00000,0.0000,0,1,0,1,+5.000,+0.000,+5.000,+0.04889,-18.750,-0.00000,0.00,+0.00000,0,+0.00000,+0.00000,0.00000,-6.688,0,204.5,0.0
19.675943,3,1,0.246792,0.246792,0.2470,-0.00021,1,0,1,+0.92839,+0.89074,0.03849,340.33,+0.00000,+0.00000,0.00000,0.0000,0,1,0,1,+5.000,+0.000,+5.000,+0.04895,-18.750,-0.00000,0.00,+0.00000,0,+0.00000,+0.00000,0.00000,-6.701,0,204.5,0.0
19.680626,3,1,0.246792,0.246792,0.2470,-0.00021,1,0,1,+0.92839,+0.89074,0.03849,340.33,+0.00000,+0.00000,0.00000,0.0000,0,1,0,1,+5.000,+0.000,+5.000,+0.04907,-18.751,-0.00000,0.00,+0.00000,0,+0.00000,+0.00000,0.00000,-6.728,0,204.5,0.0
19.684972,3,1,0.246793,0.246793,0.2470,-0.00021,1,0,1,+0.92839,+0.89074,0.03849,340.33,+0.00000,+0.00000,0.00000,0.0000,0,1,0,1,+5.000,+0.000,+5.000,+0.04907,-18.751,-0.00000,0.00,+0.00000,0,+0.00000,+0.00000,0.00000,-6.728,0,204.5,0.0
19.689517,3,1,0.246794,0.246794,0.2470,-0.00021,1,0,1,+0.92839,+0.89074,0.03849,340.33,+0.00000,+0.00000,0.00000,0.0000,0,1,0,1,+5.000,+0.000,+5.000,+0.04893,-18.750,-0.00000,0.00,+0.00000,0,+0.00000,+0.00000,0.00000,-6.695,0,204.5,0.0
19.694415,3,1,0.246794,0.246794,0.2470,-0.00021,1,0,1,+0.92839,+0.89074,0.03849,340.33,+0.00000,+0.00000,0.00000,0.0000,0,1,0,1,+5.000,+0.000,+5.000,+0.04893,-18.750,-0.00000,0.00,+0.00000,0,+0.00000,+0.00000,0.00000,-6.695,0,204.5,0.0
19.698905,3,1,0.246795,0.246795,0.2470,-0.00021,1,0,1,+0.92839,+0.89074,0.03849,340.33,+0.00000,+0.00000,0.00000,0.0000,0,1,0,1,+5.000,+0.000,+5.000,+0.04903,-18.751,-0.00000,0.00,+0.00000,0,+0.00000,+0.00000,0.00000,-6.719,0,204.5,0.0
19.703411,3,1,0.246795,0.246795,0.2470,-0.00020,1,0,1,+0.92839,+0.89074,0.03849,340.33,+0.00000,+0.00000,0.00000,0.0000,0,1,0,1,+5.000,+0.000,+5.000,+0.04903,-18.751,-0.00000,0.00,+0.00000,0,+0.00000,+0.00000,0.00000,-6.719,0,204.5,0.0
19.708235,3,1,0.246796,0.246796,0.2470,-0.00020,1,0,1,+0.92839,+0.89074,0.03849,340.33,+0.00000,+0.00000,0.00000,0.0000,0,1,0,1,+5.000,+0.000,+5.000,+0.04904,-18.750,-0.00000,0.00,+0.00000,0,+0.00000,+0.00000,0.00000,-6.721,0,204.5,0.0
19.715003,3,1,0.246797,0.246797,0.2470,-0.00020,1,0,1,+0.92839,+0.89074,0.03849,340.33,+0.00000,+0.00000,0.00000,0.0000,0,1,0,1,+5.000,+0.000,+5.000,+0.04880,-18.748,-0.00000,0.00,+0.00000,0,+0.00000,+0.00000,0.00000,-6.666,0,204.5,0.0
19.719721,3,1,0.246798,0.246798,0.2470,-0.00020,1,0,1,+0.92839,+0.89074,0.03849,340.33,+0.00000,+0.00000,0.00000,0.0000,0,1,0,1,+5.000,+0.000,+5.000,+0.04880,-18.748,-0.00000,0.00,+0.00000,0,+0.00000,+0.00000,0.00000,-6.666,0,204.5,0.0
19.724310,3,1,0.246798,0.246798,0.2470,-0.00020,1,0,1,+0.92839,+0.89074,0.03849,340.33,+0.00000,+0.00000,0.00000,0.0000,0,1,0,1,+5.000,+0.000,+5.000,+0.04905,-18.750,-0.00000,0.00,+0.00000,0,+0.00000,+0.00000,0.00000,-6.723,0,204.5,0.0
19.729433,3,1,0.246799,0.246799,0.2470,-0.00020,1,0,1,+0.92839,+0.89074,0.03849,340.33,+0.00000,+0.00000,0.00000,0.0000,0,1,0,1,+5.000,+0.000,+5.000,+0.04905,-18.750,-0.00000,0.00,+0.00000,0,+0.00000,+0.00000,0.00000,-6.723,0,204.5,0.0
19.734043,3,1,0.246800,0.246800,0.2470,-0.00020,1,0,1,+0.92839,+0.89074,0.03849,340.33,+0.00000,+0.00000,0.00000,0.0000,0,1,0,1,+5.000,+0.000,+5.000,+0.04902,-18.750,-0.00000,0.00,+0.00000,0,+0.00000,+0.00000,0.00000,-6.717,0,204.5,0.0
19.739693,3,1,0.246800,0.246800,0.2470,-0.00020,1,0,1,+0.92839,+0.89074,0.03849,340.33,+0.00000,+0.00000,0.00000,0.0000,0,1,0,1,+5.000,+0.000,+5.000,+0.04909,-18.750,-0.00000,0.00,+0.00000,0,+0.00000,+0.00000,0.00000,-6.734,0,204.5,0.0
19.744340,3,1,0.246801,0.246801,0.2470,-0.00020,1,0,1,+0.92839,+0.89074,0.03849,340.33,+0.00000,+0.00000,0.00000,0.0000,0,1,0,1,+5.000,+0.000,+5.000,+0.04909,-18.750,-0.00000,0.00,+0.00000,0,+0.00000,+0.00000,0.00000,-6.734,0,204.5,0.0
19.748911,3,1,0.246802,0.246802,0.2470,-0.00020,1,0,1,+0.92839,+0.89074,0.03849,340.33,+0.00000,+0.00000,0.00000,0.0000,0,1,0,1,+5.000,+0.000,+5.000,+0.04912,-18.750,-0.00000,0.00,+0.00000,0,+0.00000,+0.00000,0.00000,-6.741,0,204.5,0.0
19.753487,3,1,0.246802,0.246802,0.2470,-0.00020,1,0,1,+0.92839,+0.89074,0.03849,340.33,+0.00000,+0.00000,0.00000,0.0000,0,1,0,1,+5.000,+0.000,+5.000,+0.04912,-18.750,-0.00000,0.00,+0.00000,0,+0.00000,+0.00000,0.00000,-6.741,0,204.5,0.0
19.759388,3,1,0.246803,0.246803,0.2470,-0.00020,1,0,1,+0.92839,+0.89074,0.03849,340.33,+0.00000,+0.00000,0.00000,0.0000,0,1,0,1,+5.000,+0.000,+5.000,+0.04920,-18.751,-0.00000,0.00,+0.00000,0,+0.00000,+0.00000,0.00000,-6.758,0,204.5,0.0
19.763890,3,1,0.246803,0.246803,0.2470,-0.00020,1,0,1,+0.92839,+0.89074,0.03849,340.33,+0.00000,+0.00000,0.00000,0.0000,0,1,0,1,+5.000,+0.000,+5.000,+0.04920,-18.751,-0.00000,0.00,+0.00000,0,+0.00000,+0.00000,0.00000,-6.758,0,204.5,0.0
19.769001,3,1,0.246804,0.246804,0.2470,-0.00020,1,0,1,+0.92839,+0.89074,0.03849,340.33,+0.00000,+0.00000,0.00000,0.0000,0,1,0,1,+5.000,+0.000,+5.000,+0.04904,-18.749,-0.00000,0.00,+0.00000,0,+0.00000,+0.00000,0.00000,-6.722,0,204.5,0.0
19.773380,3,1,0.246805,0.246805,0.2470,-0.00020,1,0,1,+0.92839,+0.89074,0.03849,340.33,+0.00000,+0.00000,0.00000,0.0000,0,1,0,1,+5.000,+0.000,+5.000,+0.04911,-18.750,-0.00000,0.00,+0.00000,0,+0.00000,+0.00000,0.00000,-6.738,0,204.5,0.0
19.777947,3,1,0.246805,0.246805,0.2470,-0.00019,1,0,1,+0.92839,+0.89074,0.03849,340.33,+0.00000,+0.00000,0.00000,0.0000,0,1,0,1,+5.000,+0.000,+5.000,+0.04911,-18.750,-0.00000,0.00,+0.00000,0,+0.00000,+0.00000,0.00000,-6.738,0,204.5,0.0
19.782655,3,1,0.246806,0.246806,0.2470,-0.00019,1,0,1,+0.92839,+0.89074,0.03849,340.33,+0.00000,+0.00000,0.00000,0.0000,0,1,0,1,+5.000,+0.000,+5.000,+0.04915,-18.750,-0.00000,0.00,+0.00000,0,+0.00000,+0.00000,0.00000,-6.747,0,204.5,0.0
19.787203,3,1,0.246807,0.246807,0.2470,-0.00019,1,0,1,+0.92839,+0.89074,0.03849,340.33,+0.00000,+0.00000,0.00000,0.0000,0,1,0,1,+5.000,+0.000,+5.000,+0.04915,-18.750,-0.00000,0.00,+0.00000,0,+0.00000,+0.00000,0.00000,-6.747,0,204.5,0.0
19.792890,3,1,0.246807,0.246807,0.2470,-0.00019,1,0,1,+0.92839,+0.89074,0.03849,340.33,+0.00000,+0.00000,0.00000,0.0000,0,1,0,1,+5.000,+0.000,+5.000,+0.04912,-18.749,-0.00000,0.00,+0.00000,0,+0.00000,+0.00000,0.00000,-6.741,0,204.5,0.0
19.797777,3,1,0.246808,0.246808,0.2470,-0.00019,1,0,1,+0.92839,+0.89074,0.03849,340.33,+0.00000,+0.00000,0.00000,0.0000,0,1,0,1,+5.000,+0.000,+5.000,+0.04912,-18.749,-0.00000,0.00,+0.00000,0,+0.00000,+0.00000,0.00000,-6.741,0,204.5,0.0
19.802242,3,1,0.246808,0.246808,0.2470,-0.00019,1,0,1,+0.92839,+0.89074,0.03849,340.33,+0.00000,+0.00000,0.00000,0.0000,0,1,0,1,+5.000,+0.000,+5.000,+0.04895,-18.748,-0.00000,0.00,+0.00000,0,+0.00000,+0.00000,0.00000,-6.701,0,204.5,0.0
19.806610,3,1,0.246809,0.246809,0.2470,-0.00019,1,0,1,+0.92839,+0.89074,0.03849,340.33,+0.00000,+0.00000,0.00000,0.0000,0,1,0,1,+5.000,+0.000,+5.000,+0.04895,-18.748,-0.00000,0.00,+0.00000,0,+0.00000,+0.00000,0.00000,-6.701,0,204.5,0.0
19.816297,3,1,0.246810,0.246810,0.2470,-0.00019,1,0,1,+0.92839,+0.89074,0.03849,340.33,+0.00000,+0.00000,0.00000,0.0000,0,1,0,1,+5.000,+0.000,+5.000,+0.04912,-18.749,-0.00000,0.00,+0.00000,0,+0.00000,+0.00000,0.00000,-6.740,0,204.5,0.0
19.827748,3,1,0.246812,0.246812,0.2470,-0.00019,1,0,1,+0.92839,+0.89074,0.03849,340.33,+0.00000,+0.00000,0.00000,0.0000,0,1,0,1,+5.000,+0.000,+5.000,+0.04766,-18.737,-0.00000,0.00,+0.00000,0,+0.00000,+0.00000,0.00000,-6.406,0,204.5,0.0
19.833346,3,1,0.246812,0.246812,0.2470,-0.00019,1,0,1,+0.92839,+0.89074,0.03849,340.33,+0.00000,+0.00000,0.00000,0.0000,0,1,0,1,+5.000,+0.000,+5.000,+0.04766,-18.737,-0.00000,0.00,+0.00000,0,+0.00000,+0.00000,0.00000,-6.406,0,204.5,0.0
19.839221,3,1,0.246813,0.246813,0.2470,-0.00019,1,0,1,+0.92839,+0.89074,0.03849,340.33,+0.00000,+0.00000,0.00000,0.0000,0,1,0,1,+5.000,+0.000,+5.000,+0.04766,-18.737,-0.00000,0.00,+0.00000,0,+0.00000,+0.00000,0.00000,-6.406,0,204.5,0.0
19.843940,3,1,0.246814,0.246814,0.2470,-0.00019,1,0,1,+0.92839,+0.89074,0.03849,340.33,+0.00000,+0.00000,0.00000,0.0000,0,1,0,1,+5.000,+0.000,+5.000,+0.04712,-18.733,-0.00000,0.00,+0.00000,0,+0.00000,+0.00000,0.00000,-6.283,0,204.5,0.0
19.849137,3,1,0.246814,0.246814,0.2470,-0.00019,1,0,1,+0.92839,+0.89074,0.03849,340.33,+0.00000,+0.00000,0.00000,0.0000,0,1,0,1,+5.000,+0.000,+5.000,+0.04722,-18.734,-0.00000,0.00,+0.00000,0,+0.00000,+0.00000,0.00000,-6.305,0,204.5,0.0
19.853652,3,1,0.246815,0.246815,0.2470,-0.00019,1,0,1,+0.92839,+0.89074,0.03849,340.33,+0.00000,+0.00000,0.00000,0.0000,0,1,0,1,+5.000,+0.000,+5.000,+0.04722,-18.734,-0.00000,0.00,+0.00000,0,+0.00000,+0.00000,0.00000,-6.305,0,204.5,0.0
19.857953,3,1,0.246815,0.246815,0.2470,-0.00018,1,0,1,+0.92839,+0.89074,0.03849,340.33,+0.00000,+0.00000,0.00000,0.0000,0,1,0,1,+5.000,+0.000,+5.000,+0.04735,-18.735,-0.00000,0.00,+0.00000,0,+0.00000,+0.00000,0.00000,-6.335,0,204.5,0.0
19.862149,3,1,0.246816,0.246816,0.2470,-0.00018,1,0,1,+0.92839,+0.89074,0.03849,340.33,+0.00000,+0.00000,0.00000,0.0000,0,1,0,1,+5.000,+0.000,+5.000,+0.04735,-18.735,-0.00000,0.00,+0.00000,0,+0.00000,+0.00000,0.00000,-6.335,0,204.5,0.0
19.866974,3,1,0.246817,0.246817,0.2470,-0.00018,1,0,1,+0.92839,+0.89074,0.03849,340.33,+0.00000,+0.00000,0.00000,0.0000,0,1,0,1,+5.000,+0.000,+5.000,+0.04747,-18.737,-0.00000,0.00,+0.00000,0,+0.00000,+0.00000,0.00000,-6.362,0,204.5,0.0
19.872129,3,1,0.246817,0.246817,0.2470,-0.00018,1,0,1,+0.92839,+0.89074,0.03849,340.33,+0.00000,+0.00000,0.00000,0.0000,0,1,0,1,+5.000,+0.000,+5.000,+0.04747,-18.737,-0.00000,0.00,+0.00000,0,+0.00000,+0.00000,0.00000,-6.362,0,204.5,0.0
19.876534,3,1,0.246818,0.246818,0.2470,-0.00018,1,0,1,+0.92839,+0.89074,0.03849,340.33,+0.00000,+0.00000,0.00000,0.0000,0,1,0,1,+5.000,+0.000,+5.000,+0.04739,-18.736,-0.00000,0.00,+0.00000,0,+0.00000,+0.00000,0.00000,-6.344,0,204.5,0.0
19.881020,3,1,0.246818,0.246818,0.2470,-0.00018,1,0,1,+0.92839,+0.89074,0.03849,340.33,+0.00000,+0.00000,0.00000,0.0000,0,1,0,1,+5.000,+0.000,+5.000,+0.04739,-18.736,-0.00000,0.00,+0.00000,0,+0.00000,+0.00000,0.00000,-6.344,0,204.5,0.0
19.885275,3,1,0.246819,0.246819,0.2470,-0.00018,1,0,1,+0.92839,+0.89074,0.03849,340.33,+0.00000,+0.00000,0.00000,0.0000,0,1,0,1,+5.000,+0.000,+5.000,+0.04744,-18.737,-0.00000,0.00,+0.00000,0,+0.00000,+0.00000,0.00000,-6.356,0,204.5,0.0
19.890223,3,1,0.246819,0.246819,0.2470,-0.00018,1,0,1,+0.92839,+0.89074,0.03849,340.33,+0.00000,+0.00000,0.00000,0.0000,0,1,0,1,+5.000,+0.000,+5.000,+0.04744,-18.737,-0.00000,0.00,+0.00000,0,+0.00000,+0.00000,0.00000,-6.356,0,204.5,0.0
19.894564,3,1,0.246820,0.246820,0.2470,-0.00018,1,0,1,+0.92839,+0.89074,0.03849,340.33,+0.00000,+0.00000,0.00000,0.0000,0,1,0,1,+5.000,+0.000,+5.000,+0.04735,-18.737,-0.00000,0.00,+0.00000,0,+0.00000,+0.00000,0.00000,-6.334,0,204.5,0.0
19.899406,3,1,0.246820,0.246820,0.2470,-0.00018,1,0,1,+0.92839,+0.89074,0.03849,340.33,+0.00000,+0.00000,0.00000,0.0000,0,1,0,1,+5.000,+0.000,+5.000,+0.04760,-18.739,-0.00000,0.00,+0.00000,0,+0.00000,+0.00000,0.00000,-6.391,0,204.5,0.0
19.904106,3,1,0.246821,0.246821,0.2470,-0.00018,1,0,1,+0.92839,+0.89074,0.03849,340.33,+0.00000,+0.00000,0.00000,0.0000,0,1,0,1,+5.000,+0.000,+5.000,+0.04760,-18.739,-0.00000,0.00,+0.00000,0,+0.00000,+0.00000,0.00000,-6.391,0,204.5,0.0
19.908417,3,1,0.246822,0.246822,0.2470,-0.00018,1,0,1,+0.92839,+0.89074,0.03849,340.33,+0.00000,+0.00000,0.00000,0.0000,0,1,0,1,+5.000,+0.000,+5.000,+0.04758,-18.739,-0.00000,0.00,+0.00000,0,+0.00000,+0.00000,0.00000,-6.388,0,204.5,0.0
19.912948,3,1,0.246822,0.246822,0.2470,-0.00018,1,0,1,+0.92839,+0.89074,0.03849,340.33,+0.00000,+0.00000,0.00000,0.0000,0,1,0,1,+5.000,+0.000,+5.000,+0.04758,-18.739,-0.00000,0.00,+0.00000,0,+0.00000,+0.00000,0.00000,-6.388,0,204.5,0.0
19.917532,3,1,0.246823,0.246823,0.2470,-0.00018,1,0,1,+0.92839,+0.89074,0.03849,340.33,+0.00000,+0.00000,0.00000,0.0000,0,1,0,1,+5.000,+0.000,+5.000,+0.04753,-18.739,-0.00000,0.00,+0.00000,0,+0.00000,+0.00000,0.00000,-6.376,0,204.5,0.0
19.922147,3,1,0.246823,0.246823,0.2470,-0.00018,1,0,1,+0.92839,+0.89074,0.03849,340.33,+0.00000,+0.00000,0.00000,0.0000,0,1,0,1,+5.000,+0.000,+5.000,+0.04753,-18.739,-0.00000,0.00,+0.00000,0,+0.00000,+0.00000,0.00000,-6.376,0,204.5,0.0
19.928148,3,1,0.246824,0.246824,0.2470,-0.00018,1,0,1,+0.92839,+0.89074,0.03849,340.33,+0.00000,+0.00000,0.00000,0.0000,0,1,0,1,+5.000,+0.000,+5.000,+0.04753,-18.739,-0.00000,0.00,+0.00000,0,+0.00000,+0.00000,0.00000,-6.376,0,204.5,0.0
19.938913,3,1,0.246825,0.246825,0.2470,-0.00017,1,0,1,+0.92839,+0.89074,0.03849,340.33,+0.00000,+0.00000,0.00000,0.0000,0,1,0,1,+5.000,+0.000,+5.000,+0.04709,-18.736,-0.00000,0.00,+0.00000,0,+0.00000,+0.00000,0.00000,-6.275,0,204.5,0.0
19.943625,3,1,0.246826,0.246826,0.2470,-0.00017,1,0,1,+0.92839,+0.89074,0.03849,340.33,+0.00000,+0.00000,0.00000,0.0000,0,1,0,1,+5.000,+0.000,+5.000,+0.04697,-18.735,-0.00000,0.00,+0.00000,0,+0.00000,+0.00000,0.00000,-6.247,0,204.5,0.0
19.948350,3,1,0.246826,0.246826,0.2470,-0.00017,1,0,1,+0.92839,+0.89074,0.03849,340.33,+0.00000,+0.00000,0.00000,0.0000,0,1,0,1,+5.000,+0.000,+5.000,+0.04697,-18.735,-0.00000,0.00,+0.00000,0,+0.00000,+0.00000,0.00000,-6.247,0,204.5,0.0
19.953287,3,1,0.246827,0.246827,0.2470,-0.00017,1,0,1,+0.92839,+0.89074,0.03849,340.33,+0.00000,+0.00000,0.00000,0.0000,0,1,0,1,+5.000,+0.000,+5.000,+0.04702,-18.736,-0.00000,0.00,+0.00000,0,+0.00000,+0.00000,0.00000,-6.258,0,204.5,0.0
19.957810,3,1,0.246827,0.246827,0.2470,-0.00017,1,0,1,+0.92839,+0.89074,0.03849,340.33,+0.00000,+0.00000,0.00000,0.0000,0,1,0,1,+5.000,+0.000,+5.000,+0.04715,-18.737,-0.00000,0.00,+0.00000,0,+0.00000,+0.00000,0.00000,-6.288,0,204.5,0.0
19.962408,3,1,0.246828,0.246828,0.2470,-0.00017,1,0,1,+0.92839,+0.89074,0.03849,340.33,+0.00000,+0.00000,0.00000,0.0000,0,1,0,1,+5.000,+0.000,+5.000,+0.04715,-18.737,-0.00000,0.00,+0.00000,0,+0.00000,+0.00000,0.00000,-6.288,0,204.5,0.0
19.966931,3,1,0.246828,0.246828,0.2470,-0.00017,1,0,1,+0.92839,+0.89074,0.03849,340.33,+0.00000,+0.00000,0.00000,0.0000,0,1,0,1,+5.000,+0.000,+5.000,+0.04714,-18.738,-0.00000,0.00,+0.00000,0,+0.00000,+0.00000,0.00000,-6.286,0,204.5,0.0
19.972131,3,1,0.246829,0.246829,0.2470,-0.00017,1,0,1,+0.92839,+0.89074,0.03849,340.33,+0.00000,+0.00000,0.00000,0.0000,0,1,0,1,+5.000,+0.000,+5.000,+0.04714,-18.738,-0.00000,0.00,+0.00000,0,+0.00000,+0.00000,0.00000,-6.286,0,204.5,0.0
19.977840,3,1,0.246830,0.246830,0.2470,-0.00017,1,0,1,+0.92839,+0.89074,0.03849,340.33,+0.00000,+0.00000,0.00000,0.0000,0,1,0,1,+5.000,+0.000,+5.000,+0.04732,-18.739,-0.00000,0.00,+0.00000,0,+0.00000,+0.00000,0.00000,-6.327,0,204.5,0.0
19.985560,3,1,0.246830,0.246830,0.2470,-0.00017,1,0,1,+0.92839,+0.89074,0.03849,340.33,+0.00000,+0.00000,0.00000,0.0000,0,1,0,1,+5.000,+0.000,+5.000,+0.04732,-18.739,-0.00000,0.00,+0.00000,0,+0.00000,+0.00000,0.00000,-6.327,0,204.5,0.0
19.990580,3,1,0.246831,0.246831,0.2470,-0.00017,1,0,1,+0.92839,+0.89074,0.03849,340.33,+0.00000,+0.00000,0.00000,0.0000,0,1,0,1,+5.000,+0.000,+5.000,+0.04732,-18.739,-0.00000,0.00,+0.00000,0,+0.00000,+0.00000,0.00000,-6.327,0,204.5,0.0
19.996074,3,1,0.246832,0.246832,0.2470,-0.00017,1,0,1,+0.92839,+0.89074,0.03849,340.33,+0.00000,+0.00000,0.00000,0.0000,0,1,0,1,+5.000,+0.000,+5.000,+0.04611,-18.730,-0.00000,0.00,+0.00000,0,+0.00000,+0.00000,0.00000,-6.051,0,204.5,0.0
20.000793,3,1,0.246832,0.246832,0.2470,-0.00017,1,0,1,+0.92839,+0.89074,0.03849,340.33,+0.00000,+0.00000,0.00000,0.0000,0,1,0,1,+5.000,+0.000,+5.000,+0.04659,-18.734,-0.00000,0.00,+0.00000,0,+0.00000,+0.00000,0.00000,-6.160,0,204.5,0.0
20.005242,3,1,0.246833,0.246833,0.2470,-0.00017,1,0,1,+0.92839,+0.89074,0.03849,340.33,+0.00000,+0.00000,0.00000,0.0000,0,1,0,1,+5.000,+0.000,+5.000,+0.04659,-18.734,-0.00000,0.00,+0.00000,0,+0.00000,+0.00000,0.00000,-6.160,0,204.5,0.0
20.009852,3,1,0.246833,0.246833,0.2470,-0.00017,1,0,1,+0.92839,+0.89074,0.03849,340.33,+0.00000,+0.00000,0.00000,0.0000,0,1,0,1,+5.000,+0.000,+5.000,+0.04646,-18.734,-0.00000,0.00,+0.00000,0,+0.00000,+0.00000,0.00000,-6.131,0,204.5,0.0
20.014421,3,1,0.246834,0.246834,0.2470,-0.00017,1,0,1,+0.92839,+0.89074,0.03849,340.33,+0.00000,+0.00000,0.00000,0.0000,0,1,0,1,+5.000,+0.000,+5.000,+0.04646,-18.734,-0.00000,0.00,+0.00000,0,+0.00000,+0.00000,0.00000,-6.131,0,204.5,0.0
20.018964,3,1,0.246834,0.246834,0.2470,-0.00017,1,0,1,+0.92839,+0.89074,0.03849,340.33,+0.00000,+0.00000,0.00000,0.0000,0,1,0,1,+5.000,+0.000,+5.000,+0.04644,-18.734,-0.00000,0.00,+0.00000,0,+0.00000,+0.00000,0.00000,-6.127,0,204.5,0.0
20.023538,3,1,0.246835,0.246835,0.2470,-0.00017,1,0,1,+0.92839,+0.89074,0.03849,340.33,+0.00000,+0.00000,0.00000,0.0000,0,1,0,1,+5.000,+0.000,+5.000,+0.04662,-18.736,-0.00000,0.00,+0.00000,0,+0.00000,+0.00000,0.00000,-6.168,0,204.5,0.0
20.028072,3,1,0.246835,0.246835,0.2470,-0.00016,1,0,1,+0.92839,+0.89074,0.03849,340.33,+0.00000,+0.00000,0.00000,0.0000,0,1,0,1,+5.000,+0.000,+5.000,+0.04662,-18.736,-0.00000,0.00,+0.00000,0,+0.00000,+0.00000,0.00000,-6.168,0,204.5,0.0
20.034196,3,1,0.246836,0.246836,0.2470,-0.00016,1,0,1,+0.92839,+0.89074,0.03849,340.33,+0.00000,+0.00000,0.00000,0.0000,0,1,0,1,+5.000,+0.000,+5.000,+0.04662,-18.736,-0.00000,0.00,+0.00000,0,+0.00000,+0.00000,0.00000,-6.168,0,204.5,0.0
20.038970,3,1,0.246836,0.246836,0.2470,-0.00016,1,0,1,+0.92839,+0.89074,0.03849,340.33,+0.00000,+0.00000,0.00000,0.0000,0,1,0,1,+5.000,+0.000,+5.000,+0.04623,-18.734,-0.00000,0.00,+0.00000,0,+0.00000,+0.00000,0.00000,-6.078,0,204.5,0.0
20.047598,3,1,0.246837,0.246837,0.2470,-0.00016,1,0,1,+0.92839,+0.89074,0.03849,340.33,+0.00000,+0.00000,0.00000,0.0000,0,1,0,1,+5.000,+0.000,+5.000,+0.04623,-18.734,-0.00000,0.00,+0.00000,0,+0.00000,+0.00000,0.00000,-6.078,0,204.5,0.0
20.052370,3,1,0.246838,0.246838,0.2470,-0.00016,1,0,1,+0.92839,+0.89074,0.03849,340.33,+0.00000,+0.00000,0.00000,0.0000,0,1,0,1,+5.000,+0.000,+5.000,+0.04578,-18.731,-0.00000,0.00,+0.00000,0,+0.00000,+0.00000,0.00000,-5.976,0,204.5,0.0
20.056983,3,1,0.246838,0.246838,0.2470,-0.00016,1,0,1,+0.92839,+0.89074,0.03849,340.33,+0.00000,+0.00000,0.00000,0.0000,0,1,0,1,+5.000,+0.000,+5.000,+0.04617,-18.735,-0.00000,0.00,+0.00000,0,+0.00000,+0.00000,0.00000,-6.064,0,204.5,0.0
20.061826,3,1,0.246839,0.246839,0.2470,-0.00016,1,0,1,+0.92839,+0.89074,0.03849,340.33,+0.00000,+0.00000,0.00000,0.0000,0,1,0,1,+5.000,+0.000,+5.000,+0.04617,-18.735,-0.00000,0.00,+0.00000,0,+0.00000,+0.00000,0.00000,-6.064,0,204.5,0.0
20.067702,3,1,0.246840,0.246840,0.2470,-0.00016,1,0,1,+0.92839,+0.89074,0.03849,340.33,+0.00000,+0.00000,0.00000,0.0000,0,1,0,1,+5.000,+0.000,+5.000,+0.04617,-18.735,-0.00000,0.00,+0.00000,0,+0.00000,+0.00000,0.00000,-6.065,0,204.5,0.0
20.072529,3,1,0.246840,0.246840,0.2470,-0.00016,1,0,1,+0.92839,+0.89074,0.03849,340.33,+0.00000,+0.00000,0.00000,0.0000,0,1,0,1,+5.000,+0.000,+5.000,+0.04635,-18.737,-0.00000,0.00,+0.00000,0,+0.00000,+0.00000,0.00000,-6.105,0,204.5,0.0
20.077137,3,1,0.246841,0.246841,0.2470,-0.00016,1,0,1,+0.92839,+0.89074,0.03849,340.33,+0.00000,+0.00000,0.00000,0.0000,0,1,0,1,+5.000,+0.000,+5.000,+0.04635,-18.737,-0.00000,0.00,+0.00000,0,+0.00000,+0.00000,0.00000,-6.105,0,204.5,0.0
20.081706,3,1,0.246841,0.246841,0.2470,-0.00016,1,0,1,+0.92839,+0.89074,0.03849,340.33,+0.00000,+0.00000,0.00000,0.0000,0,1,0,1,+5.000,+0.000,+5.000,+0.04647,-18.738,-0.00000,0.00,+0.00000,0,+0.00000,+0.00000,0.00000,-6.133,0,204.5,0.0
20.085943,3,1,0.246841,0.246841,0.2470,-0.00016,1,0,1,+0.92839,+0.89074,0.03849,340.33,+0.00000,+0.00000,0.00000,0.0000,0,1,0,1,+5.000,+0.000,+5.000,+0.04647,-18.738,-0.00000,0.00,+0.00000,0,+0.00000,+0.00000,0.00000,-6.133,0,204.5,0.0
20.090455,3,1,0.246842,0.246842,0.2470,-0.00016,1,0,1,+0.92839,+0.89074,0.03849,340.33,+0.00000,+0.00000,0.00000,0.0000,0,1,0,1,+5.000,+0.000,+5.000,+0.04656,-18.740,-0.00000,0.00,+0.00000,0,+0.00000,+0.00000,0.00000,-6.154,0,204.5,0.0
20.095062,3,1,0.246842,0.246842,0.2470,-0.00016,1,0,1,+0.92839,+0.89074,0.03849,340.33,+0.00000,+0.00000,0.00000,0.0000,0,1,0,1,+5.000,+0.000,+5.000,+0.04656,-18.740,-0.00000,0.00,+0.00000,0,+0.00000,+0.00000,0.00000,-6.154,0,204.5,0.0
20.113410,3,1,0.246844,0.246844,0.2470,-0.00016,1,0,1,+0.92839,+0.89074,0.03849,340.33,+0.00000,+0.00000,0.00000,0.0000,0,1,0,1,+5.000,+0.000,+5.000,+0.04661,-18.740,-0.00000,0.00,+0.00000,0,+0.00000,+0.00000,0.00000,-6.164,0,204.5,0.0
20.117817,3,1,0.246845,0.246845,0.2470,-0.00016,1,0,1,+0.92839,+0.89074,0.03849,340.33,+0.00000,+0.00000,0.00000,0.0000,0,1,0,1,+5.000,+0.000,+5.000,+0.04540,-18.732,-0.00000,0.00,+0.00000,0,+0.00000,+0.00000,0.00000,-5.888,0,204.5,0.0
20.122346,3,1,0.246845,0.246845,0.2470,-0.00015,1,0,1,+0.92839,+0.89074,0.03849,340.33,+0.00000,+0.00000,0.00000,0.0000,0,1,0,1,+5.000,+0.000,+5.000,+0.04540,-18.732,-0.00000,0.00,+0.00000,0,+0.00000,+0.00000,0.00000,-5.888,0,204.5,0.0
20.127804,3,1,0.246846,0.246846,0.2470,-0.00015,1,0,1,+0.92839,+0.89074,0.03849,340.33,+0.00000,+0.00000,0.00000,0.0000,0,1,0,1,+5.000,+0.000,+5.000,+0.04549,-18.733,-0.00000,0.00,+0.00000,0,+0.00000,+0.00000,0.00000,-5.908,0,204.5,0.0
20.134857,3,1,0.246847,0.246847,0.2470,-0.00015,1,0,1,+0.92839,+0.89074,0.03849,340.33,+0.00000,+0.00000,0.00000,0.0000,0,1,0,1,+5.000,+0.000,+5.000,+0.04563,-18.735,-0.00000,0.00,+0.00000,0,+0.00000,+0.00000,0.00000,-5.940,0,204.5,0.0
20.139506,3,1,0.246847,0.246847,0.2470,-0.00015,1,0,1,+0.92839,+0.89074,0.03849,340.33,+0.00000,+0.00000,0.00000,0.0000,0,1,0,1,+5.000,+0.000,+5.000,+0.04576,-18.736,-0.00000,0.00,+0.00000,0,+0.00000,+0.00000,0.00000,-5.970,0,204.5,0.0
20.144114,3,1,0.246847,0.246847,0.2470,-0.00015,1,0,1,+0.92839,+0.89074,0.03849,340.33,+0.00000,+0.00000,0.00000,0.0000,0,1,0,1,+5.000,+0.000,+5.000,+0.04576,-18.736,-0.00000,0.00,+0.00000,0,+0.00000,+0.00000,0.00000,-5.970,0,204.5,0.0
20.148671,3,1,0.246848,0.246848,0.2470,-0.00015,1,0,1,+0.92839,+0.89074,0.03849,340.33,+0.00000,+0.00000,0.00000,0.0000,0,1,0,1,+5.000,+0.000,+5.000,+0.04577,-18.737,-0.00000,0.00,+0.00000,0,+0.00000,+0.00000,0.00000,-5.972,0,204.5,0.0
20.152930,3,1,0.246848,0.246848,0.2470,-0.00015,1,0,1,+0.92839,+0.89074,0.03849,340.33,+0.00000,+0.00000,0.00000,0.0000,0,1,0,1,+5.000,+0.000,+5.000,+0.04577,-18.737,-0.00000,0.00,+0.00000,0,+0.00000,+0.00000,0.00000,-5.972,0,204.5,0.0
20.157466,3,1,0.246849,0.246849,0.2470,-0.00015,1,0,1,+0.92839,+0.89074,0.03849,340.33,+0.00000,+0.00000,0.00000,0.0000,0,1,0,1,+5.000,+0.000,+5.000,+0.04577,-18.737,-0.00000,0.00,+0.00000,0,+0.00000,+0.00000,0.00000,-5.972,0,204.5,0.0
20.162504,3,1,0.246849,0.246849,0.2470,-0.00015,1,0,1,+0.92839,+0.89074,0.03849,340.33,+0.00000,+0.00000,0.00000,0.0000,0,1,0,1,+5.000,+0.000,+5.000,+0.04573,-18.737,-0.00000,0.00,+0.00000,0,+0.00000,+0.00000,0.00000,-5.962,0,204.5,0.0
20.167234,3,1,0.246850,0.246850,0.2470,-0.00015,1,0,1,+0.92839,+0.89074,0.03849,340.33,+0.00000,+0.00000,0.00000,0.0000,0,1,0,1,+5.000,+0.000,+5.000,+0.04588,-18.739,-0.00000,0.00,+0.00000,0,+0.00000,+0.00000,0.00000,-5.998,0,204.5,0.0
20.171900,3,1,0.246850,0.246850,0.2470,-0.00015,1,0,1,+0.92839,+0.89074,0.03849,340.33,+0.00000,+0.00000,0.00000,0.0000,0,1,0,1,+5.000,+0.000,+5.000,+0.04588,-18.739,-0.00000,0.00,+0.00000,0,+0.00000,+0.00000,0.00000,-5.998,0,204.5,0.0
20.176496,3,1,0.246851,0.246851,0.2470,-0.00015,1,0,1,+0.92839,+0.89074,0.03849,340.33,+0.00000,+0.00000,0.00000,0.0000,0,1,0,1,+5.000,+0.000,+5.000,+0.04588,-18.739,-0.00000,0.00,+0.00000,0,+0.00000,+0.00000,0.00000,-5.998,0,204.5,0.0
20.180972,3,1,0.246851,0.246851,0.2470,-0.00015,1,0,1,+0.92839,+0.89074,0.03849,340.33,+0.00000,+0.00000,0.00000,0.0000,0,1,0,1,+5.000,+0.000,+5.000,+0.04559,-18.737,-0.00000,0.00,+0.00000,0,+0.00000,+0.00000,0.00000,-5.931,0,204.5,0.0
20.185584,3,1,0.246852,0.246852,0.2470,-0.00015,1,0,1,+0.92839,+0.89074,0.03849,340.33,+0.00000,+0.00000,0.00000,0.0000,0,1,0,1,+5.000,+0.000,+5.000,+0.04559,-18.737,-0.00000,0.00,+0.00000,0,+0.00000,+0.00000,0.00000,-5.931,0,204.5,0.0
20.189836,3,1,0.246852,0.246852,0.2470,-0.00015,1,0,1,+0.92839,+0.89074,0.03849,340.33,+0.00000,+0.00000,0.00000,0.0000,0,1,0,1,+5.000,+0.000,+5.000,+0.04560,-18.738,-0.00000,0.00,+0.00000,0,+0.00000,+0.00000,0.00000,-5.934,0,204.5,0.0
20.194410,3,1,0.246853,0.246853,0.2470,-0.00015,1,0,1,+0.92839,+0.89074,0.03849,340.33,+0.00000,+0.00000,0.00000,0.0000,0,1,0,1,+5.000,+0.000,+5.000,+0.04576,-18.740,-0.00000,0.00,+0.00000,0,+0.00000,+0.00000,0.00000,-5.970,0,204.5,0.0
20.200197,3,1,0.246853,0.246853,0.2470,-0.00015,1,0,1,+0.92839,+0.89074,0.03849,340.33,+0.00000,+0.00000,0.00000,0.0000,0,1,0,1,+5.000,+0.000,+5.000,+0.04576,-18.740,-0.00000,0.00,+0.00000,0,+0.00000,+0.00000,0.00000,-5.970,0,204.5,0.0
20.204765,3,1,0.246854,0.246854,0.2470,-0.00015,1,0,1,+0.92839,+0.89074,0.03849,340.33,+0.00000,+0.00000,0.00000,0.0000,0,1,0,1,+5.000,+0.000,+5.000,+0.04593,-18.742,-0.00000,0.00,+0.00000,0,+0.00000,+0.00000,0.00000,-6.009,0,204.5,0.0
20.217903,3,1,0.246855,0.246855,0.2470,-0.00015,1,0,1,+0.92839,+0.89074,0.03849,340.33,+0.00000,+0.00000,0.00000,0.0000,0,1,0,1,+5.000,+0.000,+5.000,+0.04543,-18.738,-0.00000,0.00,+0.00000,0,+0.00000,+0.00000,0.00000,-5.893,0,204.5,0.0
20.222461,3,1,0.246855,0.246855,0.2470,-0.00014,1,0,1,+0.92839,+0.89074,0.03849,340.33,+0.00000,+0.00000,0.00000,0.0000,0,1,0,1,+5.000,+0.000,+5.000,+0.04594,-18.743,-0.00000,0.00,+0.00000,0,+0.00000,+0.00000,0.00000,-6.011,0,200.2,0.0
20.227388,3,1,0.246856,0.246856,0.2470,-0.00014,1,0,1,+0.92839,+0.89074,0.03849,340.33,+0.00000,+0.00000,0.00000,0.0000,0,1,0,1,+5.000,+0.000,+5.000,+0.04594,-18.743,-0.00000,0.00,+0.00000,0,+0.00000,+0.00000,0.00000,-6.011,0,200.2,0.0
20.232089,3,1,0.246856,0.246856,0.2470,-0.00014,1,0,1,+0.92839,+0.89074,0.03849,340.33,+0.00000,+0.00000,0.00000,0.0000,0,1,0,1,+5.000,+0.000,+5.000,+0.04586,-18.743,-0.00000,0.00,+0.00000,0,+0.00000,+0.00000,0.00000,-5.994,0,200.2,0.0
20.236332,3,1,0.246857,0.246857,0.2470,-0.00014,1,0,1,+0.92839,+0.89074,0.03849,340.33,+0.00000,+0.00000,0.00000,0.0000,0,1,0,1,+5.000,+0.000,+5.000,+0.04586,-18.743,-0.00000,0.00,+0.00000,0,+0.00000,+0.00000,0.00000,-5.994,0,200.2,0.0
20.240984,3,1,0.246857,0.246857,0.2470,-0.00014,1,0,1,+0.92839,+0.89074,0.03849,340.33,+0.00000,+0.00000,0.00000,0.0000,0,1,0,1,+5.000,+0.000,+5.000,+0.04583,-18.743,-0.00000,0.00,+0.00000,0,+0.00000,+0.00000,0.00000,-5.985,0,200.2,0.0
20.245714,3,1,0.246857,0.246857,0.2470,-0.00014,1,0,1,+0.92839,+0.89074,0.03849,340.33,+0.00000,+0.00000,0.00000,0.0000,0,1,0,1,+5.000,+0.000,+5.000,+0.04583,-18.743,-0.00000,0.00,+0.00000,0,+0.00000,+0.00000,0.00000,-5.985,0,200.2,0.0
20.250275,3,1,0.246858,0.246858,0.2470,-0.00014,1,0,1,+0.92839,+0.89074,0.03849,340.33,+0.00000,+0.00000,0.00000,0.0000,0,1,0,1,+5.000,+0.000,+5.000,+0.04601,-18.745,-0.00000,0.00,+0.00000,0,+0.00000,+0.00000,0.00000,-6.027,0,200.2,0.0
20.254682,3,1,0.246858,0.246858,0.2470,-0.00014,1,0,1,+0.92839,+0.89074,0.03849,340.33,+0.00000,+0.00000,0.00000,0.0000,0,1,0,1,+5.000,+0.000,+5.000,+0.04601,-18.745,-0.00000,0.00,+0.00000,0,+0.00000,+0.00000,0.00000,-6.027,0,200.2,0.0
20.259099,3,1,0.246859,0.246859,0.2470,-0.00014,1,0,1,+0.92839,+0.89074,0.03849,340.33,+0.00000,+0.00000,0.00000,0.0000,0,1,0,1,+5.000,+0.000,+5.000,+0.04609,-18.746,-0.00000,0.00,+0.00000,0,+0.00000,+0.00000,0.00000,-6.047,0,200.2,0.0
20.263738,3,1,0.246859,0.246859,0.2470,-0.00014,1,0,1,+0.92839,+0.89074,0.03849,340.33,+0.00000,+0.00000,0.00000,0.0000,0,1,0,1,+5.000,+0.000,+5.000,+0.04609,-18.746,-0.00000,0.00,+0.00000,0,+0.00000,+0.00000,0.00000,-6.047,0,200.2,0.0
20.268202,3,1,0.246860,0.246860,0.2470,-0.00014,1,0,1,+0.92839,+0.89074,0.03849,340.33,+0.00000,+0.00000,0.00000,0.0000,0,1,0,1,+5.000,+0.000,+5.000,+0.04610,-18.746,-0.00000,0.00,+0.00000,0,+0.00000,+0.00000,0.00000,-6.048,0,200.2,0.0
20.272738,3,1,0.246860,0.246860,0.2470,-0.00014,1,0,1,+0.92839,+0.89074,0.03849,340.33,+0.00000,+0.00000,0.00000,0.0000,0,1,0,1,+5.000,+0.000,+5.000,+0.04610,-18.746,-0.00000,0.00,+0.00000,0,+0.00000,+0.00000,0.00000,-6.048,0,200.2,0.0
20.295959,3,1,0.246862,0.246862,0.2470,-0.00014,1,0,1,+0.92839,+0.89074,0.03849,340.33,+0.00000,+0.00000,0.00000,0.0000,0,1,0,1,+5.000,+0.000,+5.000,+0.04510,-18.739,-0.00000,0.00,+0.00000,0,+0.00000,+0.00000,0.00000,-5.819,0,200.2,0.0
20.300583,4,1,0.246863,0.246863,0.2470,-0.00014,1,0,1,+0.92839,+0.89074,0.03849,340.33,+0.00000,+0.00000,0.00000,0.0000,0,1,0,1,+5.000,+0.000,+5.000,+0.04534,-18.742,-0.00000,0.00,+0.00000,0,+0.00000,+0.00000,0.00000,-5.875,0,200.2,0.0
20.305427,4,1,0.246863,0.246863,0.2470,-0.00014,1,0,1,+0.92839,+0.89074,0.03849,340.33,+0.00000,+0.00000,0.00000,0.0000,0,1,0,1,+5.000,+0.000,+5.000,+0.04534,-18.742,-0.00000,0.00,+0.00000,0,+0.00000,+0.00000,0.00000,-5.875,0,200.2,0.0
20.309968,4,1,0.246863,0.246863,0.2470,-0.00014,1,0,1,+0.92839,+0.89074,0.03849,340.33,+0.00000,+0.00000,0.00000,0.0000,0,1,0,1,+5.000,+0.000,+5.000,+0.04534,-18.742,-0.00000,0.00,+0.00000,0,+0.00000,+0.00000,0.00000,-5.875,0,200.2,0.0
20.314308,4,1,0.246864,0.246864,0.2470,-0.00014,1,0,1,+0.92839,+0.89074,0.03849,340.33,+0.00000,+0.00000,0.00000,0.0000,0,1,0,1,+5.000,+0.000,+5.000,+0.04499,-18.740,-0.00000,0.00,+0.00000,0,+0.00000,+0.00000,0.00000,-5.793,0,200.2,0.0
20.318712,4,1,0.246864,0.246864,0.2470,-0.00014,1,0,1,+0.92839,+0.89074,0.03849,340.33,+0.00000,+0.00000,0.00000,0.0000,0,1,0,1,+5.000,+0.000,+5.000,+0.04518,-18.742,-0.00000,0.00,+0.00000,0,+0.00000,+0.00000,0.00000,-5.838,0,200.2,0.0
20.323356,4,1,0.246865,0.246865,0.2470,-0.00014,1,0,1,+0.92839,+0.89074,0.03849,340.33,+0.00000,+0.00000,0.00000,0.0000,0,1,0,1,+5.000,+0.000,+5.000,+0.04518,-18.742,-0.00000,0.00,+0.00000,0,+0.00000,+0.00000,0.00000,-5.838,0,200.2,0.0
20.328172,4,1,0.246865,0.246865,0.2470,-0.00013,1,0,1,+0.92839,+0.89074,0.03849,340.33,+0.00000,+0.00000,0.00000,0.0000,0,1,0,1,+5.000,+0.000,+5.000,+0.04517,-18.742,-0.00000,0.00,+0.00000,0,+0.00000,+0.00000,0.00000,-5.834,0,200.2,0.0
20.333421,4,1,0.246866,0.246866,0.2470,-0.00013,1,0,1,+0.92839,+0.89074,0.03849,340.33,+0.00000,+0.00000,0.00000,0.0000,0,1,0,1,+5.000,+0.000,+5.000,+0.04517,-18.742,-0.00000,0.00,+0.00000,0,+0.00000,+0.00000,0.00000,-5.834,0,200.2,0.0
20.338036,4,1,0.246866,0.246866,0.2470,-0.00013,1,0,1,+0.92839,+0.89074,0.03849,340.33,+0.00000,+0.00000,0.00000,0.0000,0,1,0,1,+5.000,+0.000,+5.000,+0.04503,-18.742,-0.00000,0.00,+0.00000,0,+0.00000,+0.00000,0.00000,-5.803,0,200.2,0.0
20.342579,4,1,0.246866,0.246866,0.2470,-0.00013,1,0,1,+0.92839,+0.89074,0.03849,340.33,+0.00000,+0.00000,0.00000,0.0000,0,1,0,1,+5.000,+0.000,+5.000,+0.04503,-18.742,-0.00000,0.00,+0.00000,0,+0.00000,+0.00000,0.00000,-5.803,0,200.2,0.0
20.347168,4,1,0.246867,0.246867,0.2470,-0.00013,1,0,1,+0.92839,+0.89074,0.03849,340.33,+0.00000,+0.00000,0.00000,0.0000,0,1,0,1,+5.000,+0.000,+5.000,+0.04526,-18.744,-0.00000,0.00,+0.00000,0,+0.00000,+0.00000,0.00000,-5.855,0,200.2,0.0
20.351925,4,1,0.246867,0.246867,0.2470,-0.00013,1,0,1,+0.92839,+0.89074,0.03849,340.33,+0.00000,+0.00000,0.00000,0.0000,0,1,0,1,+5.000,+0.000,+5.000,+0.04526,-18.744,-0.00000,0.00,+0.00000,0,+0.00000,+0.00000,0.00000,-5.855,0,200.2,0.0
20.356419,4,1,0.246868,0.246868,0.2470,-0.00013,1,0,1,+0.92839,+0.89074,0.03849,340.33,+0.00000,+0.00000,0.00000,0.0000,0,1,0,1,+5.000,+0.000,+5.000,+0.04520,-18.744,-0.00000,0.00,+0.00000,0,+0.00000,+0.00000,0.00000,-5.843,0,200.2,0.0
20.360984,4,1,0.246868,0.246868,0.2470,-0.00013,1,0,1,+0.92839,+0.89074,0.03849,340.33,+0.00000,+0.00000,0.00000,0.0000,0,1,0,1,+5.000,+0.000,+5.000,+0.04520,-18.744,-0.00000,0.00,+0.00000,0,+0.00000,+0.00000,0.00000,-5.843,0,200.2,0.0
20.365612,4,1,0.246868,0.246868,0.2470,-0.00013,1,0,1,+0.92839,+0.89074,0.03849,340.33,+0.00000,+0.00000,0.00000,0.0000,0,1,0,1,+5.000,+0.000,+5.000,+0.04521,-18.745,-0.00000,0.00,+0.00000,0,+0.00000,+0.00000,0.00000,-5.845,0,200.2,0.0
20.370646,4,1,0.246869,0.246869,0.2470,-0.00013,1,0,1,+0.92839,+0.89074,0.03849,340.33,+0.00000,+0.00000,0.00000,0.0000,0,1,0,1,+5.000,+0.000,+5.000,+0.04521,-18.745,-0.00000,0.00,+0.00000,0,+0.00000,+0.00000,0.00000,-5.845,0,200.2,0.0
20.375729,4,1,0.246869,0.246869,0.2470,-0.00013,1,0,1,+0.92839,+0.89074,0.03849,340.33,+0.00000,+0.00000,0.00000,0.0000,0,1,0,1,+5.000,+0.000,+5.000,+0.04547,-18.747,-0.00000,0.00,+0.00000,0,+0.00000,+0.00000,0.00000,-5.905,0,200.2,0.0
20.380015,4,1,0.246870,0.246870,0.2470,-0.00013,1,0,1,+0.92839,+0.89074,0.03849,340.33,+0.00000,+0.00000,0.00000,0.0000,0,1,0,1,+5.000,+0.000,+5.000,+0.04561,-18.749,-0.00000,0.00,+0.00000,0,+0.00000,+0.00000,0.00000,-5.936,0,200.2,0.0
20.384611,4,1,0.246870,0.246870,0.2470,-0.00013,1,0,1,+0.92839,+0.89074,0.03849,340.33,+0.00000,+0.00000,0.00000,0.0000,0,1,0,1,+5.000,+0.000,+5.000,+0.04561,-18.749,-0.00000,0.00,+0.00000,0,+0.00000,+0.00000,0.00000,-5.936,0,200.2,0.0
20.389163,4,1,0.246870,0.246870,0.2470,-0.00013,1,0,1,+0.92839,+0.89074,0.03849,340.33,+0.00000,+0.00000,0.00000,0.0000,0,1,0,1,+5.000,+0.000,+5.000,+0.04559,-18.749,-0.00000,0.00,+0.00000,0,+0.00000,+0.00000,0.00000,-5.930,0,200.2,0.0
20.393794,4,1,0.246871,0.246871,0.2470,-0.00013,1,0,1,+0.92839,+0.89074,0.03849,340.33,+0.00000,+0.00000,0.00000,0.0000,0,1,0,1,+5.000,+0.000,+5.000,+0.04559,-18.749,-0.00000,0.00,+0.00000,0,+0.00000,+0.00000,0.00000,-5.930,0,200.2,0.0
20.400321,4,1,0.246871,0.246871,0.2470,-0.00013,1,0,1,+0.92839,+0.89074,0.03849,340.33,+0.00000,+0.00000,0.00000,0.0000,0,1,0,1,+5.000,+0.000,+5.000,+0.04529,-18.747,-0.00000,0.00,+0.00000,0,+0.00000,+0.00000,0.00000,-5.863,0,200.2,0.0
20.405003,4,1,0.246872,0.246872,0.2470,-0.00013,1,0,1,+0.92839,+0.89074,0.03849,340.33,+0.00000,+0.00000,0.00000,0.0000,0,1,0,1,+5.000,+0.000,+5.000,+0.04529,-18.747,-0.00000,0.00,+0.00000,0,+0.00000,+0.00000,0.00000,-5.863,0,200.2,0.0
20.409558,4,1,0.246872,0.246872,0.2470,-0.00013,1,0,1,+0.92839,+0.89074,0.03849,340.33,+0.00000,+0.00000,0.00000,0.0000,0,1,0,1,+5.000,+0.000,+5.000,+0.04559,-18.750,-0.00000,0.00,+0.00000,0,+0.00000,+0.00000,0.00000,-5.932,0,200.2,0.0
20.414105,4,1,0.246873,0.246873,0.2470,-0.00013,1,0,1,+0.92839,+0.89074,0.03849,340.33,+0.00000,+0.00000,0.00000,0.0000,0,1,0,1,+5.000,+0.000,+5.000,+0.04559,-18.750,-0.00000,0.00,+0.00000,0,+0.00000,+0.00000,0.00000,-5.932,0,200.2,0.0
20.418757,4,1,0.246873,0.246873,0.2470,-0.00013,1,0,1,+0.92839,+0.89074,0.03849,340.33,+0.00000,+0.00000,0.00000,0.0000,0,1,0,1,+5.000,+0.000,+5.000,+0.04577,-18.751,-0.00000,0.00,+0.00000,0,+0.00000,+0.00000,0.00000,-5.972,0,200.2,0.0
20.423350,4,1,0.246873,0.246873,0.2470,-0.00013,1,0,1,+0.92839,+0.89074,0.03849,340.33,+0.00000,+0.00000,0.00000,0.0000,0,1,0,1,+5.000,+0.000,+5.000,+0.04577,-18.751,-0.00000,0.00,+0.00000,0,+0.00000,+0.00000,0.00000,-5.972,0,200.2,0.0
20.428290,4,1,0.246874,0.246874,0.2470,-0.00013,1,0,1,+0.92839,+0.89074,0.03849,340.33,+0.00000,+0.00000,0.00000,0.0000,0,1,0,1,+5.000,+0.000,+5.000,+0.04577,-18.752,-0.00000,0.00,+0.00000,0,+0.00000,+0.00000,0.00000,-5.973,0,200.2,0.0
20.433020,4,1,0.246874,0.246874,0.2470,-0.00013,1,0,1,+0.92839,+0.89074,0.03849,340.33,+0.00000,+0.00000,0.00000,0.0000,0,1,0,1,+5.000,+0.000,+5.000,+0.04583,-18.753,-0.00000,0.00,+0.00000,0,+0.00000,+0.00000,0.00000,-5.986,0,200.2,0.0
20.437592,4,1,0.246875,0.246875,0.2470,-0.00013,1,0,1,+0.92839,+0.89074,0.03849,340.33,+0.00000,+0.00000,0.00000,0.0000,0,1,0,1,+5.000,+0.000,+5.000,+0.04583,-18.753,-0.00000,0.00,+0.00000,0,+0.00000,+0.00000,0.00000,-5.986,0,200.2,0.0
20.442708,4,1,0.246875,0.246875,0.2470,-0.00012,1,0,1,+0.92839,+0.89074,0.03849,340.33,+0.00000,+0.00000,0.00000,0.0000,0,1,0,1,+5.000,+0.000,+5.000,+0.04578,-18.752,-0.00000,0.00,+0.00000,0,+0.00000,+0.00000,0.00000,-5.974,0,200.2,0.0
20.447056,4,1,0.246875,0.246875,0.2470,-0.00012,1,0,1,+0.92839,+0.89074,0.03849,340.33,+0.00000,+0.00000,0.00000,0.0000,0,1,0,1,+5.000,+0.000,+5.000,+0.04578,-18.752,-0.00000,0.00,+0.00000,0,+0.00000,+0.00000,0.00000,-5.974,0,200.2,0.0
20.451611,4,1,0.246876,0.246876,0.2470,-0.00012,1,0,1,+0.92839,+0.89074,0.03849,340.33,+0.00000,+0.00000,0.00000,0.0000,0,1,0,1,+5.000,+0.000,+5.000,+0.04612,-18.755,-0.00000,0.00,+0.00000,0,+0.00000,+0.00000,0.00000,-6.052,0,200.2,0.0
20.456142,4,1,0.246876,0.246876,0.2470,-0.00012,1,0,1,+0.92839,+0.89074,0.03849,340.33,+0.00000,+0.00000,0.00000,0.0000,0,1,0,1,+5.000,+0.000,+5.000,+0.04612,-18.755,-0.00000,0.00,+0.00000,0,+0.00000,+0.00000,0.00000,-6.052,0,200.2,0.0
20.460649,4,1,0.246877,0.246877,0.2470,-0.00012,1,0,1,+0.92839,+0.89074,0.03849,340.33,+0.00000,+0.00000,0.00000,0.0000,0,1,0,1,+5.000,+0.000,+5.000,+0.04613,-18.755,-0.00000,0.00,+0.00000,0,+0.00000,+0.00000,0.00000,-6.054,0,200.2,0.0
20.465224,4,1,0.246877,0.246877,0.2470,-0.00012,1,0,1,+0.92839,+0.89074,0.03849,340.33,+0.00000,+0.00000,0.00000,0.0000,0,1,0,1,+5.000,+0.000,+5.000,+0.04628,-18.757,-0.00000,0.00,+0.00000,0,+0.00000,+0.00000,0.00000,-6.089,0,200.2,0.0
20.469802,4,1,0.246877,0.246877,0.2470,-0.00012,1,0,1,+0.92839,+0.89074,0.03849,340.33,+0.00000,+0.00000,0.00000,0.0000,0,1,0,1,+5.000,+0.000,+5.000,+0.04628,-18.757,-0.00000,0.00,+0.00000,0,+0.00000,+0.00000,0.00000,-6.089,0,200.2,0.0
20.474360,4,1,0.246878,0.246878,0.2470,-0.00012,1,0,1,+0.92839,+0.89074,0.03849,340.33,+0.00000,+0.00000,0.00000,0.0000,0,1,0,1,+5.000,+0.000,+5.000,+0.04630,-18.757,-0.00000,0.00,+0.00000,0,+0.00000,+0.00000,0.00000,-6.094,0,200.2,0.0
20.480119,4,1,0.246878,0.246878,0.2470,-0.00012,1,0,1,+0.92839,+0.89074,0.03849,340.33,+0.00000,+0.00000,0.00000,0.0000,0,1,0,1,+5.000,+0.000,+5.000,+0.04630,-18.757,-0.00000,0.00,+0.00000,0,+0.00000,+0.00000,0.00000,-6.094,0,200.2,0.0
20.484352,4,1,0.246878,0.246878,0.2470,-0.00012,1,0,1,+0.92839,+0.89074,0.03849,340.33,+0.00000,+0.00000,0.00000,0.0000,0,1,0,1,+5.000,+0.000,+5.000,+0.04624,-18.757,-0.00000,0.00,+0.00000,0,+0.00000,+0.00000,0.00000,-6.080,0,200.2,0.0
20.488720,4,1,0.246879,0.246879,0.2470,-0.00012,1,0,1,+0.92839,+0.89074,0.03849,340.33,+0.00000,+0.00000,0.00000,0.0000,0,1,0,1,+5.000,+0.000,+5.000,+0.04624,-18.757,-0.00000,0.00,+0.00000,0,+0.00000,+0.00000,0.00000,-6.080,0,200.2,0.0
20.493587,4,1,0.246879,0.246879,0.2470,-0.00012,1,0,1,+0.92839,+0.89074,0.03849,340.33,+0.00000,+0.00000,0.00000,0.0000,0,1,0,1,+5.000,+0.000,+5.000,+0.04620,-18.757,-0.00000,0.00,+0.00000,0,+0.00000,+0.00000,0.00000,-6.071,0,200.2,0.0
20.498453,4,1,0.246880,0.246880,0.2470,-0.00012,1,0,1,+0.92839,+0.89074,0.03849,340.33,+0.00000,+0.00000,0.00000,0.0000,0,1,0,1,+5.000,+0.000,+5.000,+0.04620,-18.757,-0.00000,0.00,+0.00000,0,+0.00000,+0.00000,0.00000,-6.071,0,200.2,0.0
20.503092,4,1,0.246880,0.246880,0.2470,-0.00012,1,0,1,+0.92839,+0.89074,0.03849,340.33,+0.00000,+0.00000,0.00000,0.0000,0,1,0,1,+5.000,+0.000,+5.000,+0.04616,-18.756,-0.00000,0.00,+0.00000,0,+0.00000,+0.00000,0.00000,-6.062,0,200.2,0.0
20.509622,4,1,0.246880,0.246880,0.2470,-0.00012,1,0,1,+0.92839,+0.89074,0.03849,340.33,+0.00000,+0.00000,0.00000,0.0000,0,1,0,1,+5.000,+0.000,+5.000,+0.04616,-18.756,-0.00000,0.00,+0.00000,0,+0.00000,+0.00000,0.00000,-6.062,0,200.2,0.0
20.514462,4,1,0.246881,0.246881,0.2470,-0.00012,1,0,1,+0.92839,+0.89074,0.03849,340.33,+0.00000,+0.00000,0.00000,0.0000,0,1,0,1,+5.000,+0.000,+5.000,+0.04622,-18.757,-0.00000,0.00,+0.00000,0,+0.00000,+0.00000,0.00000,-6.076,0,200.2,0.0
20.518809,4,1,0.246881,0.246881,0.2470,-0.00012,1,0,1,+0.92839,+0.89074,0.03849,340.33,+0.00000,+0.00000,0.00000,0.0000,0,1,0,1,+5.000,+0.000,+5.000,+0.04622,-18.757,-0.00000,0.00,+0.00000,0,+0.00000,+0.00000,0.00000,-6.076,0,200.2,0.0
20.523320,4,1,0.246882,0.246882,0.2470,-0.00012,1,0,1,+0.92839,+0.89074,0.03849,340.33,+0.00000,+0.00000,0.00000,0.0000,0,1,0,1,+5.000,+0.000,+5.000,+0.04629,-18.758,-0.00000,0.00,+0.00000,0,+0.00000,+0.00000,0.00000,-6.092,0,200.2,0.0
20.527889,4,1,0.246882,0.246882,0.2470,-0.00012,1,0,1,+0.92839,+0.89074,0.03849,340.33,+0.00000,+0.00000,0.00000,0.0000,0,1,0,1,+5.000,+0.000,+5.000,+0.04629,-18.758,-0.00000,0.00,+0.00000,0,+0.00000,+0.00000,0.00000,-6.092,0,200.2,0.0
20.532484,4,1,0.246882,0.246882,0.2470,-0.00012,1,0,1,+0.92839,+0.89074,0.03849,340.33,+0.00000,+0.00000,0.00000,0.0000,0,1,0,1,+5.000,+0.000,+5.000,+0.04627,-18.758,-0.00000,0.00,+0.00000,0,+0.00000,+0.00000,0.00000,-6.088,0,200.2,0.0
20.540025,4,1,0.246883,0.246883,0.2470,-0.00012,1,0,1,+0.92839,+0.89074,0.03849,340.33,+0.00000,+0.00000,0.00000,0.0000,0,1,0,1,+5.000,+0.000,+5.000,+0.04639,-18.759,-0.00000,0.00,+0.00000,0,+0.00000,+0.00000,0.00000,-6.114,0,200.2,0.0
20.544469,4,1,0.246883,0.246883,0.2470,-0.00012,1,0,1,+0.92839,+0.89074,0.03849,340.33,+0.00000,+0.00000,0.00000,0.0000,0,1,0,1,+5.000,+0.000,+5.000,+0.04639,-18.759,-0.00000,0.00,+0.00000,0,+0.00000,+0.00000,0.00000,-6.114,0,200.2,0.0
20.549038,4,1,0.246884,0.246884,0.2470,-0.00012,1,0,1,+0.92839,+0.89074,0.03849,340.33,+0.00000,+0.00000,0.00000,0.0000,0,1,0,1,+5.000,+0.000,+5.000,+0.04647,-18.759,-0.00000,0.00,+0.00000,0,+0.00000,+0.00000,0.00000,-6.134,0,200.2,0.0
20.553917,4,1,0.246884,0.246884,0.2470,-0.00012,1,0,1,+0.92839,+0.89074,0.03849,340.33,+0.00000,+0.00000,0.00000,0.0000,0,1,0,1,+5.000,+0.000,+5.000,+0.04647,-18.759,-0.00000,0.00,+0.00000,0,+0.00000,+0.00000,0.00000,-6.134,0,200.2,0.0
20.558917,4,1,0.246884,0.246884,0.2470,-0.00012,1,0,1,+0.92839,+0.89074,0.03849,340.33,+0.00000,+0.00000,0.00000,0.0000,0,1,0,1,+5.000,+0.000,+5.000,+0.04646,-18.759,-0.00000,0.00,+0.00000,0,+0.00000,+0.00000,0.00000,-6.130,0,200.2,0.0
20.563435,4,1,0.246885,0.246885,0.2470,-0.00012,1,0,1,+0.92839,+0.89074,0.03849,340.33,+0.00000,+0.00000,0.00000,0.0000,0,1,0,1,+5.000,+0.000,+5.000,+0.04660,-18.760,-0.00000,0.00,+0.00000,0,+0.00000,+0.00000,0.00000,-6.162,0,200.2,0.0
20.567899,4,1,0.246885,0.246885,0.2470,-0.00011,1,0,1,+0.92839,+0.89074,0.03849,340.33,+0.00000,+0.00000,0.00000,0.0000,0,1,0,1,+5.000,+0.000,+5.000,+0.04660,-18.760,-0.00000,0.00,+0.00000,0,+0.00000,+0.00000,0.00000,-6.162,0,200.2,0.0
