t,seg,active_gate,thrust,thrust_cmd,base_thrust,vtrim,descent_on,desc_leg,descent_bias,gate_v_ok,gate_found,u_err,v_err,size_frac,cy,u_f,u_f2,du_lat,v_f,sz_f,sig_k,live,far_rej,tube_solid,rail_on,rail_auth,u_tube_f,curv_f,rail_k,rail_deg,gate_cmd_deg,gate_auth,committed,commit_k,steer,bank_seg,ff_bank_deg,trim_deg,des_roll_deg,roll_n,est_pitch_deg,gyro_pitch,des_pitch_deg,pitch_n,tube_found,u_tube,curvature,area_frac,est_roll_deg,hold_on,loop_hz,det_hz
0.009843,0,0,0.271235,0.271235,0.2750,-0.00376,0,0,0.0000,1,1,+0.01961,+0.02353,0.06872,184.24,+0.01961,+0.01961,+0.00000,+0.02353,0.06872,1.0000,1,0,1,0,0.0000,-0.00878,+0.00466,1.0000,+0.000,+0.000,1.0000,0,1.0000,0,0,+0.000,+0.000,+0.000,+0.00000,-17.799,+0.00000,+0.00,+0.00000,1,-0.00878,+0.00466,0.06658,+0.016,0,0.0,0.0
0.042691,0,0,0.272020,0.272020,0.2750,-0.00298,0,0,0.0000,1,1,+0.01959,+0.01902,0.07093,183.42,+0.01961,+0.01961,+0.00000,+0.02289,0.06903,1.0000,1,0,1,0,0.0000,-0.01799,+0.01339,1.0000,+0.000,+0.000,1.0000,0,1.0000,0,0,+0.000,+0.000,+0.000,+0.00000,-17.799,+0.00000,+0.00,+0.00000,1,-0.07403,+0.06654,0.03884,+0.016,0,0.0,0.0
0.068280,0,0,0.272985,0.272985,0.2750,-0.00201,0,0,0.0000,1,1,+0.01990,+0.01565,0.07222,182.82,+0.01964,+0.01961,+0.00000,+0.02207,0.06939,1.0000,1,0,1,0,0.0000,-0.01831,+0.01225,1.0000,+0.000,+0.000,1.0000,0,1.0000,0,0,+0.000,+0.000,+0.000,+0.00000,-17.788,-0.00508,+0.00,+0.00000,1,-0.02086,+0.00333,0.02790,+0.009,0,0.0,0.0
0.099543,0,0,0.273858,0.273858,0.2750,-0.00114,0,0,0.0000,1,1,+0.01990,+0.01565,0.07222,182.82,+0.01967,+0.01962,+0.00000,+0.02120,0.06977,1.0000,1,0,1,0,0.0000,-0.01866,+0.01105,1.0000,+0.000,+0.000,1.0000,0,1.0000,0,0,+0.000,+0.000,+0.000,+0.00000,-17.477,+0.00021,+0.00,+0.00000,1,-0.02086,+0.00333,0.02790,+0.024,0,0.0,0.0
0.128060,0,0,0.274893,0.274893,0.2750,-0.00011,0,0,0.0000,1,1,+0.02057,+0.01279,0.07286,182.30,+0.01979,+0.01964,+0.00000,+0.02015,0.07016,1.0000,1,0,1,0,0.0000,-0.01793,+0.00889,1.0000,+0.000,+0.000,1.0000,0,1.0000,0,0,+0.000,+0.000,+0.000,+0.00000,-16.496,-0.00015,+0.00,+0.00000,1,-0.01286,-0.00623,0.02391,+0.021,0,0.0,0.0
0.157902,0,0,0.276819,0.276819,0.2750,+0.00182,0,0,0.0000,1,1,+0.02036,+0.00577,0.07515,181.04,+0.01986,+0.01967,+0.00000,+0.01829,0.07081,1.0000,1,0,1,0,0.0000,-0.01793,+0.00761,1.0000,+0.000,+0.000,1.0000,0,1.0000,0,0,+0.000,+0.000,+0.000,+0.00000,-15.606,+0.00281,+0.00,+0.00000,1,-0.01789,-0.00098,0.02253,+0.022,0,0.0,0.0
0.183846,0,0,0.278572,0.278572,0.2750,+0.00357,0,0,0.0000,1,1,+0.02124,+0.00248,0.07617,180.45,+0.02002,+0.01971,+0.00000,+0.01647,0.07142,1.0000,1,0,1,0,0.0000,-0.01764,+0.00660,1.0000,+0.000,+0.000,1.0000,0,1.0000,0,0,+0.000,+0.000,+0.000,+0.00000,-14.743,+0.00153,+0.00,+0.00000,1,-0.01543,-0.00121,0.02157,+0.022,0,0.0,0.0
0.212757,0,0,0.280292,0.280292,0.2750,+0.00529,0,0,0.0000,1,1,+0.02070,+0.00064,0.07698,180.11,+0.02010,+0.01976,+0.00000,+0.01447,0.07213,1.0000,1,0,1,0,0.0000,-0.01803,+0.00632,1.0000,+0.000,+0.000,1.0000,0,1.0000,0,0,+0.000,+0.000,+0.000,+0.00000,-13.614,+0.00023,+0.00,+0.00000,1,-0.02074,+0.00444,0.02059,+0.020,0,0.0,0.0
0.240552,0,0,0.281637,0.281637,0.2750,+0.00664,0,0,0.0000,1,1,+0.02042,-0.00034,0.07758,179.94,+0.02014,+0.01981,+0.00000,+0.01266,0.07279,1.0000,1,0,1,0,0.0000,-0.01751,+0.00499,1.0000,+0.000,+0.000,1.0000,0,1.0000,0,0,+0.000,+0.000,+0.000,+0.00000,-12.811,+0.00043,+0.00,+0.00000,1,-0.01374,-0.00464,0.02014,+0.019,0,0.0,0.0
0.269918,0,0,0.282816,0.282816,0.2750,+0.00782,0,0,0.0000,1,1,+0.02024,-0.00164,0.07798,179.71,+0.02016,+0.01985,+0.00000,+0.01083,0.07346,1.0000,1,0,1,0,0.0000,-0.01781,+0.00444,1.0000,+0.000,+0.000,1.0000,0,1.0000,0,0,+0.000,+0.000,+0.000,+0.00000,-12.048,+0.00052,+0.00,+0.00000,1,-0.01988,+0.00074,0.01947,+0.018,0,0.0,0.0
0.300931,0,0,0.283567,0.283567,0.2750,+0.00857,0,0,0.0000,1,1,+0.01983,-0.00136,0.07778,179.76,+0.02011,+0.01989,+0.00000,+0.00920,0.07404,1.0000,1,0,1,0,0.0000,-0.01702,+0.00262,1.0000,+0.000,+0.000,1.0000,0,1.0000,0,0,+0.000,+0.000,+0.000,+0.00000,-10.956,+0.00040,+0.00,+0.00000,1,-0.01192,-0.00916,0.01961,+0.017,0,0.0,0.0
0.329793,0,0,0.283969,0.283969,0.2750,+0.00897,0,0,0.0000,1,1,+0.01983,-0.00136,0.07778,179.76,+0.02008,+0.01991,+0.00000,+0.00786,0.07451,1.0000,1,0,1,0,0.0000,-0.01638,+0.00113,1.0000,+0.000,+0.000,1.0000,0,1.0000,0,0,+0.000,+0.000,+0.000,+0.00000,-10.463,+0.00035,+0.00,+0.00000,1,-0.01192,-0.00916,0.01961,+0.016,0,0.0,0.0
0.358646,0,0,0.284291,0.284291,0.2750,+0.00929,0,0,0.0000,1,1,+0.02060,-0.00235,0.07837,179.58,+0.02014,+0.01994,+0.00000,+0.00658,0.07499,1.0000,1,0,1,0,0.0000,-0.01650,+0.00076,1.0000,+0.000,+0.000,1.0000,0,1.0000,0,0,+0.000,+0.000,+0.000,+0.00000,-9.846,+0.00032,+0.00,+0.00000,1,-0.01731,-0.00178,0.01929,+0.016,0,0.0,0.0
0.387454,0,0,0.284401,0.284401,0.2750,+0.00940,0,0,0.0000,1,1,+0.02049,-0.00238,0.07876,179.57,+0.02019,+0.01997,+0.00000,+0.00545,0.07547,1.0000,1,0,1,0,0.0000,-0.01655,+0.00050,1.0000,+0.000,+0.000,1.0000,0,1.0000,0,0,+0.000,+0.000,+0.000,+0.00000,-9.053,+0.00028,+0.00,+0.00000,1,-0.01689,-0.00133,0.01911,+0.015,0,0.0,0.0
0.419402,0,0,0.285110,0.285110,0.2750,+0.01011,0,0,0.0000,1,1,+0.02156,-0.00700,0.08070,178.74,+0.02038,+0.02003,+0.00000,+0.00373,0.07619,1.0000,1,0,1,0,0.0000,-0.01749,+0.00158,1.0000,+0.000,+0.000,1.0000,0,1.0000,0,0,+0.000,+0.000,+0.000,+0.00000,-8.460,+0.00024,+0.00,+0.00000,1,-0.02339,+0.00833,0.01931,+0.014,0,0.0,0.0
0.448852,0,0,0.285037,0.285037,0.2750,+0.01004,0,0,0.0000,1,1,+0.02194,-0.00438,0.08012,179.21,+0.02058,+0.02010,+0.00000,+0.00269,0.07669,1.0000,1,0,1,0,0.0000,-0.01898,+0.00297,1.0000,+0.000,+0.000,1.0000,0,1.0000,0,0,+0.000,+0.000,+0.000,+0.00000,-7.818,+0.00021,+0.00,+0.00000,1,-0.02911,+0.01244,0.01893,+0.013,0,0.0,0.0
0.478645,0,0,0.284946,0.284946,0.2750,+0.00995,0,0,0.0000,1,1,+0.02220,-0.00513,0.08051,179.08,+0.02079,+0.02019,+0.00000,+0.00168,0.07719,1.0000,1,0,1,0,0.0000,-0.02049,+0.00445,1.0000,+0.000,+0.000,1.0000,0,1.0000,0,0,+0.000,+0.000,+0.000,+0.00000,-7.344,+0.00019,+0.00,+0.00000,1,-0.03061,+0.01435,0.01900,+0.012,0,0.0,0.0
0.506155,0,0,0.285152,0.285152,0.2750,+0.01015,0,0,0.0000,1,1,+0.02147,-0.00779,0.08127,178.60,+0.02087,+0.02027,+0.00000,+0.00053,0.07768,1.0000,1,0,1,0,0.0000,-0.02328,+0.00680,1.0000,+0.000,+0.000,1.0000,0,1.0000,0,0,+0.000,+0.000,+0.000,+0.00000,-6.951,+0.00016,+0.00,+0.00000,1,-0.04360,+0.02388,0.01938,+0.012,0,0.0,0.0
0.536241,0,0,0.285197,0.285197,0.2750,+0.01020,0,0,0.0000,1,1,+0.02125,-0.00796,0.08146,178.57,+0.02092,+0.02035,+0.00000,-0.00058,0.07818,1.0000,1,0,1,0,0.0000,-0.02513,+0.00810,1.0000,+0.000,+0.000,1.0000,0,1.0000,0,0,+0.000,+0.000,+0.000,+0.00000,-6.393,+0.00014,+0.00,+0.00000,1,-0.03740,+0.01674,0.01932,+0.011,0,0.0,0.0
0.567567,0,0,0.285394,0.285394,0.2750,+0.01039,0,0,0.0000,1,1,+0.02163,-0.00989,0.08221,178.22,+0.02102,+0.02044,+0.00000,-0.00184,0.07872,1.0000,1,0,1,0,0.0000,-0.02813,+0.00998,1.0000,+0.000,+0.000,1.0000,0,1.0000,0,0,+0.000,+0.000,+0.000,+0.00000,-6.154,+0.00013,+0.00,+0.00000,1,-0.04729,+0.02197,0.01934,+0.010,0,0.0,0.0
0.599582,0,0,0.285778,0.285778,0.2750,+0.01078,0,0,0.0000,1,1,+0.02183,-0.01225,0.08333,177.80,+0.02113,+0.02054,+0.00000,-0.00327,0.07936,1.0000,1,0,1,0,0.0000,-0.03177,+0.01237,1.0000,+0.000,+0.000,1.0000,0,1.0000,0,0,+0.000,+0.000,+0.000,+0.00000,-5.729,+0.00011,+0.00,+0.00000,1,-0.05449,+0.02734,0.01941,+0.009,0,0.0,0.0
0.630218,0,0,0.285898,0.285898,0.2750,+0.01090,0,0,0.0000,1,1,+0.02183,-0.01225,0.08333,177.80,+0.02122,+0.02063,+0.00000,-0.00447,0.07989,1.0000,1,0,1,0,0.0000,-0.03479,+0.01436,1.0000,+0.000,+0.000,1.0000,0,1.0000,0,0,+0.000,+0.000,+0.000,+0.00000,-5.292,+0.00009,+0.00,+0.00000,1,-0.05449,+0.02734,0.01941,+0.009,0,0.0,0.0
0.661092,0,0,0.285983,0.285983,0.2750,+0.01098,0,0,0.0000,1,1,+0.02219,-0.01317,0.08370,177.63,+0.02135,+0.02073,+0.00000,-0.00563,0.08040,1.0000,1,0,1,0,0.0000,-0.03538,+0.01427,1.0000,+0.000,+0.000,1.0000,0,1.0000,0,0,+0.000,+0.000,+0.000,+0.00000,-5.077,+0.00008,+0.00,+0.00000,1,-0.03925,+0.01369,0.01942,+0.008,0,0.0,0.0
0.689696,0,0,0.285911,0.285911,0.2750,+0.01091,0,0,0.0000,1,1,+0.02192,-0.01322,0.08370,177.62,+0.02142,+0.02081,+0.00000,-0.00658,0.08081,1.0000,1,0,1,0,0.0000,-0.03639,+0.01423,1.0000,+0.000,+0.000,1.0000,0,1.0000,0,0,+0.000,+0.000,+0.000,+0.00000,-4.719,+0.00007,+0.00,+0.00000,1,-0.04341,+0.01392,0.01994,+0.008,0,0.0,0.0
0.718005,0,0,0.285935,0.285935,0.2750,+0.01094,0,0,0.0000,1,1,+0.02196,-0.01459,0.08425,177.37,+0.02149,+0.02090,+0.00000,-0.00757,0.08124,1.0000,1,0,1,0,0.0000,-0.03916,+0.01604,1.0000,+0.000,+0.000,1.0000,0,1.0000,0,0,+0.000,+0.000,+0.000,+0.00000,-4.513,+0.00006,+0.00,+0.00000,1,-0.05878,+0.02885,0.01944,+0.007,0,0.0,0.0
0.748750,0,0,0.285976,0.285976,0.2750,+0.01098,0,0,0.0000,1,1,+0.02138,-0.01564,0.08480,177.18,+0.02147,+0.02097,+0.00000,-0.00865,0.08171,1.0000,1,0,1,0,0.0000,-0.04252,+0.01768,1.0000,+0.000,+0.000,1.0000,0,1.0000,0,0,+0.000,+0.000,+0.000,+0.00000,-4.302,+0.00006,+0.00,+0.00000,1,-0.06435,+0.02831,0.01896,+0.007,0,0.0,0.0
0.777623,0,0,0.285748,0.285748,0.2750,+0.01075,0,0,0.0000,1,1,+0.02124,-0.01486,0.08444,177.32,+0.02144,+0.02103,+0.00000,-0.00943,0.08206,1.0000,1,0,1,0,0.0000,-0.08927,+0.05700,1.0000,+0.000,+0.000,1.0000,0,1.0000,0,0,+0.000,+0.000,+0.000,+0.00000,-4.089,+0.00005,+0.00,+0.00000,1,-0.41307,+0.32937,0.04288,+0.006,0,0.0,0.0
0.805880,0,0,0.284474,0.284474,0.2750,+0.00947,0,0,0.0000,1,1,+0.02118,-0.00859,0.08165,178.45,+0.02141,+0.02108,+0.00000,-0.00933,0.08201,1.0000,1,0,1,0,0.0000,-0.08324,+0.05500,1.0000,+0.000,+0.000,1.0000,0,1.0000,0,0,+0.000,+0.000,+0.000,+0.00000,-4.102,+0.00004,+0.00,+0.00000,1,-0.04058,+0.04084,0.15293,+0.006,0,0.0,0.0
0.833094,0,0,0.281335,0.281335,0.2750,+0.00634,0,0,0.0000,1,1,+0.02157,+0.00513,0.07536,180.92,+0.02143,+0.02112,+0.00000,-0.00760,0.08121,1.0000,1,0,1,0,0.0000,-0.07600,+0.05160,1.0000,+0.000,+0.000,1.0000,0,1.0000,0,0,+0.000,+0.000,+0.000,+0.00000,-3.915,+0.00004,+0.00,+0.00000,1,-0.02282,+0.02662,0.18306,+0.006,0,0.0,0.0
0.863895,0,0,0.278540,0.278540,0.2750,+0.00354,0,0,0.0000,1,1,+0.02157,+0.00513,0.07536,180.92,+0.02145,+0.02117,+0.00000,-0.00590,0.08043,1.0000,1,0,1,0,0.0000,-0.06891,+0.04826,1.0000,+0.000,+0.000,1.0000,0,1.0000,0,0,+0.000,+0.000,+0.000,+0.00000,-3.778,+0.00003,+0.00,+0.00000,1,-0.02282,+0.02662,0.18306,+0.005,0,0.0,0.0
0.893393,0,0,0.273868,0.273868,0.2750,-0.00113,0,0,0.0000,1,1,+0.02205,+0.02112,0.07049,183.80,+0.02153,+0.02121,+0.00000,-0.00242,0.07915,1.0000,1,0,1,0,0.0000,-0.07014,+0.05268,1.0000,+0.000,+0.000,1.0000,0,1.0000,0,0,+0.000,+0.000,+0.000,+0.00000,-3.673,+0.00003,+0.00,+0.00000,1,-0.07853,+0.08263,0.16424,+0.005,0,0.0,0.0
0.923353,0,0,0.270241,0.270241,0.2750,-0.00476,0,0,0.0000,1,1,+0.02205,+0.02112,0.07049,183.80,+0.02159,+0.02126,+0.00000,+0.00064,0.07802,1.0000,1,0,1,0,0.0000,-0.07124,+0.05658,1.0000,+0.000,+0.000,1.0000,0,1.0000,0,0,+0.000,+0.000,+0.000,+0.00000,-3.524,+0.00003,+0.00,+0.00000,1,-0.07853,+0.08263,0.16424,+0.005,0,0.0,0.0
0.949329,0,0,0.269590,0.269590,0.2750,-0.00541,0,0,0.0000,1,1,+0.01940,+0.00879,0.07495,181.58,+0.02134,+0.02127,+0.00000,+0.00158,0.07767,1.0000,1,0,1,0,0.0000,-0.07433,+0.06192,1.0000,+0.000,+0.000,1.0000,0,1.0000,0,0,+0.000,+0.000,+0.000,+0.00000,-3.439,+0.00002,+0.00,+0.00000,1,-0.09817,+0.10296,0.13387,+0.005,0,0.0,0.0
0.975945,0,0,0.270907,0.270907,0.2750,-0.00409,0,0,0.0000,1,1,+0.01875,-0.00321,0.07935,179.42,+0.02104,+0.02124,+0.00000,+0.00102,0.07787,1.0000,1,0,1,0,0.0000,-0.09862,+0.08760,1.0000,+0.000,+0.000,1.0000,0,1.0000,0,0,+0.000,+0.000,+0.000,+0.00000,-3.297,+0.00002,+0.00,+0.00000,1,-0.28111,+0.28061,0.08140,+0.004,0,0.0,0.0
1.004591,0,0,0.271655,0.271655,0.2750,-0.00334,0,0,0.0000,1,1,+0.01626,-0.00061,0.08535,179.89,+0.02044,+0.02114,+0.00000,+0.00081,0.07880,1.0000,1,0,0,0,0.0000,-0.09862,+0.08760,1.0000,+0.000,+0.000,1.0000,0,1.0000,0,0,+0.000,+0.000,+0.000,+0.00000,-3.252,+0.00002,+0.00,+0.00000,0,+0.00000,+0.00000,0.04823,+0.004,0,0.0,0.0
1.035331,0,0,0.272506,0.272506,0.2750,-0.00249,0,0,0.0000,1,1,+0.01548,-0.00174,0.08660,179.69,+0.01978,+0.02096,+0.00000,+0.00047,0.07984,1.0000,1,0,0,0,0.0000,-0.09862,+0.08760,1.0000,+0.000,+0.000,1.0000,0,1.0000,0,0,+0.000,+0.000,+0.000,+0.00000,-3.447,+0.00002,+0.00,+0.00000,0,+0.00000,+0.00000,0.03536,+0.004,0,35.1,34.1
1.062783,0,0,0.272990,0.272990,0.2750,-0.00201,0,0,0.0000,1,1,+0.01498,-0.00079,0.08589,179.86,+0.01920,+0.02075,+0.00000,+0.00032,0.08057,1.0000,1,0,0,0,0.0000,-0.09862,+0.08760,1.0000,+0.000,+0.000,1.0000,0,1.0000,0,0,+0.000,+0.000,+0.000,+0.00000,-3.416,+0.00001,+0.00,+0.00000,0,+0.00000,+0.00000,0.02668,+0.004,0,35.1,34.1
1.090384,0,0,0.273397,0.273397,0.2750,-0.00160,0,0,0.0000,1,1,+0.01498,-0.00079,0.08589,179.86,+0.01869,+0.02050,+0.00000,+0.00019,0.08122,1.0000,1,0,0,0,0.0000,-0.09862,+0.08760,1.0000,+0.000,+0.000,1.0000,0,1.0000,0,0,+0.000,+0.000,+0.000,+0.00000,-3.406,+0.00001,+0.00,+0.00000,0,+0.00000,+0.00000,0.02668,+0.004,0,35.1,34.1
1.121259,0,0,0.273317,0.273317,0.2750,-0.00168,0,0,0.0000,1,1,+0.01478,+0.00193,0.08535,180.35,+0.01817,+0.02019,+0.00000,+0.00042,0.08177,1.0000,1,0,0,0,0.0000,-0.09862,+0.08760,1.0000,+0.000,+0.000,1.0000,0,1.0000,0,0,+0.000,+0.000,+0.000,+0.00000,-3.365,+0.00001,+0.00,+0.00000,0,+0.00000,+0.00000,0.01038,+0.003,0,35.1,34.1
1.145914,0,0,0.273124,0.273124,0.2750,-0.00188,0,0,0.0000,1,1,+0.01439,+0.00307,0.08517,180.55,+0.01775,+0.01992,+0.00000,+0.00071,0.08214,1.0000,1,0,0,0,0.0000,-0.09862,+0.08760,1.0000,+0.000,+0.000,1.0000,0,1.0000,0,0,+0.000,+0.000,+0.000,+0.00000,-3.392,+0.00001,+0.00,+0.00000,0,+0.00000,+0.00000,0.00336,+0.003,0,35.1,34.1
1.173131,0,0,0.272957,0.272957,0.2750,-0.00204,0,0,0.0000,1,1,+0.01578,+0.00321,0.08642,180.58,+0.01752,+0.01963,+0.00000,+0.00101,0.08265,1.0000,1,0,0,0,0.0000,-0.09862,+0.08760,1.0000,+0.000,+0.000,1.0000,0,1.0000,0,0,+0.000,+0.000,+0.000,+0.00000,-3.344,+0.00001,+0.00,+0.00000,0,+0.00000,+0.00000,0.00250,+0.003,0,35.1,34.1
1.198251,0,0,0.273165,0.273165,0.2750,-0.00184,0,0,0.0000,1,1,+0.01817,+0.00103,0.08767,180.18,+0.01759,+0.01940,+0.00000,+0.00101,0.08321,1.0000,1,0,0,0,0.0000,-0.09862,+0.08760,1.0000,+0.000,+0.000,1.0000,0,1.0000,0,0,+0.000,+0.000,+0.000,+0.00000,-3.338,+0.00001,+0.00,+0.00000,0,+0.00000,+0.00000,0.00246,+0.003,0,35.1,34.1
1.223674,0,0,0.273351,0.273351,0.2750,-0.00165,0,0,0.0000,1,1,+0.01817,+0.00103,0.08767,180.18,+0.01765,+0.01921,+0.00000,+0.00101,0.08372,1.0000,1,0,0,0,0.0000,-0.09862,+0.08760,1.0000,+0.000,+0.000,1.0000,0,1.0000,0,0,+0.000,+0.000,+0.000,+0.00000,-3.232,+0.00001,+0.00,+0.00000,0,+0.00000,+0.00000,0.00246,+0.003,0,35.1,34.1
1.251952,0,0,0.274500,0.274500,0.2750,-0.00050,0,0,0.0000,1,1,+0.01782,-0.00519,0.08975,179.07,+0.01767,+0.01902,+0.00000,+0.00024,0.08446,1.0000,1,0,0,0,0.0000,-0.09862,+0.08760,1.0000,+0.000,+0.000,1.0000,0,1.0000,0,0,+0.000,+0.000,+0.000,+0.00000,-3.241,+0.00001,+0.00,+0.00000,0,+0.00000,+0.00000,0.00248,+0.003,0,35.1,34.1
1.280753,0,0,0.275976,0.275976,0.2750,+0.00098,0,0,0.0000,1,1,+0.01936,-0.00874,0.09246,178.43,+0.01789,+0.01887,+0.00000,-0.00089,0.08547,1.0000,1,0,0,0,0.0000,-0.09862,+0.08760,1.0000,+0.000,+0.000,1.0000,0,1.0000,0,0,+0.000,+0.000,+0.000,+0.00000,-3.258,+0.00001,+0.00,+0.00000,0,+0.00000,+0.00000,0.00241,+0.002,0,35.1,34.1
1.308489,0,0,0.277554,0.277554,0.2750,+0.00255,0,0,0.0000,1,1,+0.01899,-0.01185,0.09379,177.87,+0.01802,+0.01877,+0.00000,-0.00222,0.08648,1.0000,1,0,0,0,0.0000,-0.09862,+0.08760,1.0000,+0.000,+0.000,1.0000,0,1.0000,0,0,+0.000,+0.000,+0.000,+0.00000,-3.314,+0.00000,+0.00,+0.00000,0,+0.00000,+0.00000,0.00230,+0.002,0,35.1,34.1
1.334881,0,0,0.279213,0.279213,0.2750,+0.00421,0,0,0.0000,1,1,+0.01926,-0.01522,0.09542,177.26,+0.01817,+0.01870,+0.00000,-0.00374,0.08753,1.0000,1,0,0,0,0.0000,-0.09862,+0.08760,1.0000,+0.000,+0.000,1.0000,0,1.0000,0,0,+0.000,+0.000,+0.000,+0.00000,-3.300,+0.00000,+0.00,+0.00000,0,+0.00000,+0.00000,0.00231,+0.002,0,35.1,34.1
1.362653,0,0,0.280809,0.280809,0.2750,+0.00581,0,0,0.0000,1,1,+0.01936,-0.01702,0.09606,176.94,+0.01831,+0.01865,+0.00000,-0.00536,0.08857,1.0000,1,0,0,0,0.0000,-0.09862,+0.08760,1.0000,+0.000,+0.000,1.0000,0,1.0000,0,0,+0.000,+0.000,+0.000,+0.00000,-3.393,+0.00000,+0.00,+0.00000,0,+0.00000,+0.00000,0.00225,+0.002,0,35.1,34.1
1.391162,0,0,0.282016,0.282016,0.2750,+0.00702,0,0,0.0000,1,1,+0.01936,-0.01702,0.09606,176.94,+0.01844,+0.01863,+0.00000,-0.00681,0.08950,1.0000,1,0,0,0,0.0000,-0.09566,+0.08497,0.9700,+0.000,+0.000,1.0000,0,1.0000,0,0,+0.000,+0.000,+0.000,+0.00000,-3.409,+0.00000,+0.00,+0.00000,0,+0.00000,+0.00000,0.00225,+0.002,0,35.1,34.1
1.418854,0,0,0.283056,0.283056,0.2750,+0.00806,0,0,0.0000,1,1,+0.01900,-0.01832,0.09702,176.70,+0.01851,+0.01861,+0.00000,-0.00821,0.09042,1.0000,1,0,0,0,0.0000,-0.09051,+0.08040,0.9178,+0.000,+0.000,1.0000,0,1.0000,0,0,+0.000,+0.000,+0.000,+0.00000,-3.427,+0.00000,+0.00,+0.00000,0,+0.00000,+0.00000,0.00219,+0.002,0,35.1,34.1
1.449328,0,0,0.284093,0.284093,0.2750,+0.00909,0,0,0.0000,1,1,+0.01893,-0.01993,0.09782,176.41,+0.01856,+0.01861,+0.00000,-0.00976,0.09140,1.0000,1,0,0,0,0.0000,-0.08516,+0.07564,0.8635,+0.000,+0.000,1.0000,0,1.0000,0,0,+0.000,+0.000,+0.000,+0.00000,-3.439,+0.00000,+0.00,+0.00000,0,+0.00000,+0.00000,0.00215,+0.002,0,35.1,34.1
1.473943,0,0,0.284824,0.284824,0.2750,+0.00982,0,0,0.0000,1,1,+0.01899,-0.02091,0.09844,176.24,+0.01861,+0.01861,+0.00000,-0.01098,0.09217,1.0000,1,0,0,0,0.0000,-0.08106,+0.07201,0.8220,+0.000,+0.000,1.0000,0,1.0000,0,0,+0.000,+0.000,+0.000,+0.00000,-3.507,+0.00000,+0.00,+0.00000,0,+0.00000,+0.00000,0.00214,+0.002,0,35.1,34.1
1.501459,0,0,0.285295,0.285295,0.2750,+0.01030,0,0,0.0000,1,1,+0.01826,-0.02049,0.09750,176.31,+0.01857,+0.01860,+0.00000,-0.01213,0.09281,1.0000,1,0,0,0,0.0000,-0.07672,+0.06815,0.7780,+0.000,+0.000,1.0000,0,1.0000,0,0,+0.000,+0.000,+0.000,+0.00000,-3.462,+0.00000,+0.00,+0.00000,0,+0.00000,+0.00000,0.00232,+0.001,0,35.1,34.1
1.526635,0,0,0.285548,0.285548,0.2750,+0.01055,0,0,0.0000,1,1,+0.01826,-0.02049,0.09750,176.31,+0.01853,+0.01859,+0.00000,-0.01307,0.09334,1.0000,1,0,0,0,0.0000,-0.07296,+0.06481,0.7398,+0.000,+0.000,1.0000,0,1.0000,0,0,+0.000,+0.000,+0.000,+0.00000,-3.543,+0.00000,+0.00,+0.00000,0,+0.00000,+0.00000,0.00232,+0.001,0,35.1,34.1
1.553834,0,0,0.285675,0.285675,0.2750,+0.01068,0,0,0.0000,1,1,+0.01877,-0.02062,0.09702,176.29,+0.01856,+0.01859,+0.00000,-0.01397,0.09378,1.0000,1,0,0,0,0.0000,-0.06909,+0.06138,0.7006,+0.000,+0.000,1.0000,0,1.0000,0,0,+0.000,+0.000,+0.000,+0.00000,-3.608,+0.00000,+0.00,+0.00000,0,+0.00000,+0.00000,0.00294,+0.001,0,35.1,34.1
1.584255,0,0,0.285634,0.285634,0.2750,+0.01063,0,0,0.0000,1,1,+0.01912,-0.02050,0.09670,176.31,+0.01864,+0.01860,+0.00000,-0.01483,0.09416,1.0000,1,0,0,0,0.0000,-0.06502,+0.05775,0.6593,+0.000,+0.000,1.0000,0,1.0000,0,0,+0.000,+0.000,+0.000,+0.00000,-3.698,+0.00000,+0.00,+0.00000,0,+0.00000,+0.00000,0.00491,+0.001,0,35.1,34.1
1.612629,0,0,0.285362,0.285362,0.2750,+0.01036,0,0,0.0000,1,1,+0.01996,-0.01967,0.09702,176.46,+0.01880,+0.01862,+0.00000,-0.01543,0.09452,1.0000,1,0,0,0,0.0000,-0.06143,+0.05457,0.6229,+0.000,+0.000,1.0000,0,1.0000,0,0,+0.000,+0.000,+0.000,+0.00000,-3.781,+0.00000,+0.00,+0.00000,0,+0.00000,+0.00000,0.00671,+0.001,0,35.1,34.1
1.644815,0,0,0.286312,0.286312,0.2750,+0.01131,0,0,0.0000,1,1,+0.02249,-0.02736,0.10077,175.08,+0.01931,+0.01872,+0.00000,-0.01709,0.09539,1.0000,1,0,0,0,0.0000,-0.05760,+0.05116,0.5841,+0.000,+0.000,1.0000,0,1.0000,0,0,+0.000,+0.000,+0.000,+0.00000,-4.092,+0.00000,+0.00,+0.00000,0,+0.00000,+0.00000,0.00794,+0.001,0,35.1,34.1
1.675040,0,0,0.286459,0.286459,0.2750,+0.01146,0,0,0.0000,1,1,+0.02338,-0.02488,0.10168,175.52,+0.01985,+0.01887,+0.00000,-0.01811,0.09621,1.0000,1,0,0,0,0.0000,-0.05422,+0.04816,0.5498,+0.000,+0.000,1.0000,0,1.0000,0,0,+0.000,+0.000,+0.000,+0.00000,-4.171,+0.00000,+0.00,+0.00000,0,+0.00000,+0.00000,0.00843,+0.001,0,35.1,34.1
1.703285,0,0,0.285391,0.285391,0.2750,+0.01039,0,0,0.0000,1,1,+0.02143,-0.01805,0.10259,176.75,+0.02004,+0.01901,+0.00000,-0.01810,0.09700,1.0000,1,0,0,0,0.0000,-0.05124,+0.04552,0.5196,+0.000,+0.000,1.0000,0,1.0000,0,0,+0.000,+0.000,+0.000,+0.00000,-4.231,+0.00000,+0.00,+0.00000,0,+0.00000,+0.00000,0.00916,+0.001,0,35.1,34.1
1.733568,0,0,0.284512,0.284512,0.2750,+0.00951,0,0,0.0000,1,1,+0.01960,-0.01875,0.10334,176.62,+0.01998,+0.01914,+0.00000,-0.01819,0.09784,1.0000,1,0,0,0,0.0000,-0.04823,+0.04284,0.4891,+0.000,+0.000,1.0000,0,1.0000,0,0,+0.000,+0.000,+0.000,+0.00000,-4.341,+0.00000,+0.00,+0.00000,0,+0.00000,+0.00000,0.00921,+0.001,0,35.1,34.1
1.767327,0,0,0.283612,0.283612,0.2750,+0.00861,0,0,0.0000,1,1,+0.01866,-0.01849,0.10364,176.67,+0.01979,+0.01923,+0.00000,-0.01823,0.09867,1.0000,1,0,0,0,0.0000,-0.04508,+0.04005,0.4571,+0.000,+0.000,1.0000,0,1.0000,0,0,+0.000,+0.000,+0.000,+0.00000,-4.453,+0.00000,+0.00,+0.00000,0,+0.00000,+0.00000,0.00936,+0.001,0,35.1,34.1
1.798725,0,0,0.282882,0.282882,0.2750,+0.00788,0,0,0.0000,1,1,+0.01866,-0.01849,0.10364,176.67,+0.01964,+0.01929,+0.00000,-0.01827,0.09935,1.0000,1,0,0,0,0.0000,-0.04234,+0.03761,0.4293,+0.000,+0.000,1.0000,0,1.0000,0,0,+0.000,+0.000,+0.000,+0.00000,-4.516,+0.00000,+0.00,+0.00000,0,+0.00000,+0.00000,0.00936,+0.001,0,35.1,34.1
1.829666,0,0,0.282500,0.282500,0.2750,+0.00750,0,0,0.0000,1,1,+0.01804,-0.01996,0.10526,176.41,+0.01942,+0.01931,-0.00059,-0.01849,0.10014,1.0000,1,0,0,0,0.0000,-0.03980,+0.03535,0.4036,+0.000,-1.113,1.0000,0,1.0000,1,0,+0.000,-1.113,-1.113,-0.00486,-4.597,+0.00000,+0.00,+0.00000,0,+0.00000,+0.00000,0.01003,+0.001,0,35.1,34.1
1.860686,0,0,0.282135,0.282135,0.2750,+0.00714,0,0,0.0000,1,1,+0.01804,-0.01996,0.10526,176.41,+0.01924,+0.01930,+0.00030,-0.01869,0.10083,1.0000,1,0,0,0,0.0000,-0.03740,+0.03323,0.3793,+0.000,-1.102,1.0000,0,1.0000,1,0,+0.000,-1.102,-1.102,-0.00481,-4.678,+0.00000,+0.00,+0.00000,0,+0.00000,+0.00000,0.01003,+0.001,0,35.1,34.1
1.889974,0,0,0.281613,0.281613,0.2750,+0.00661,0,0,0.0000,1,1,+0.01906,-0.01873,0.10541,176.63,+0.01922,+0.01929,+0.00036,-0.01870,0.10141,1.0000,1,0,0,0,0.0000,-0.03528,+0.03133,0.3577,+0.000,-1.101,1.0000,0,1.0000,1,0,+0.000,-1.101,-1.101,-0.00425,-4.736,+0.00000,+0.00,+0.00000,0,+0.00000,+0.00000,0.01021,-0.071,0,35.1,34.1
1.918902,0,0,0.281304,0.281304,0.2750,+0.00630,0,0,0.0000,1,1,+0.02168,-0.01963,0.10614,176.47,+0.01953,+0.01932,-0.00105,-0.01881,0.10201,1.0000,1,0,0,0,0.0000,-0.03329,+0.02957,0.3376,+0.000,-1.119,1.0000,0,1.0000,1,0,+0.000,-1.119,-1.119,-0.00399,-4.830,+0.00000,+0.00,+0.00000,0,+0.00000,+0.00000,0.01072,-0.150,0,35.1,34.1
1.944902,0,0,0.280819,0.280819,0.2750,+0.00582,0,0,0.0000,1,1,+0.02097,-0.01809,0.10585,176.74,+0.01969,+0.01936,-0.00166,-0.01873,0.10245,1.0000,1,0,0,0,0.0000,-0.03161,+0.02807,0.3205,+0.000,-1.128,1.0000,0,1.0000,1,0,+0.000,-1.128,-1.128,-0.00378,-4.931,+0.00000,+0.00,+0.00000,0,+0.00000,+0.00000,0.01794,-0.216,0,35.1,34.1
1.974941,0,0,0.279743,0.279743,0.2750,+0.00474,0,0,0.0000,1,1,+0.02157,-0.01438,0.10887,177.41,+0.01994,+0.01944,-0.00251,-0.01816,0.10329,1.0000,1,0,0,0,0.0000,-0.02976,+0.02644,0.3018,+0.000,-1.142,1.0000,0,1.0000,1,0,+0.000,-1.142,-1.142,-0.00360,-5.055,+0.00000,+0.00,+0.00000,0,+0.00000,+0.00000,0.05364,-0.276,0,35.1,34.1
2.004038,0,0,0.278908,0.278908,0.2750,+0.00391,0,0,0.0000,1,1,+0.02157,-0.01438,0.10887,177.41,+0.02014,+0.01953,-0.00309,-0.01768,0.10400,1.0000,1,0,0,0,0.0000,-0.02808,+0.02494,0.2847,+0.000,-1.154,1.0000,0,1.0000,1,0,+0.000,-1.154,-1.154,-0.00348,-5.246,+0.00000,+0.00,+0.00000,0,+0.00000,+0.00000,0.05364,-0.317,0,35.1,34.1
2.037014,0,0,0.278435,0.278435,0.2750,+0.00343,0,0,0.0000,1,1,+0.01960,-0.01585,0.11290,177.15,+0.02007,+0.01960,-0.00232,-0.01742,0.10526,1.0000,1,0,0,0,0.0000,-0.02629,+0.02335,0.2666,+0.000,-1.150,1.0000,0,1.0000,1,0,+0.000,-1.150,-1.150,-0.00327,-5.424,+0.00000,+0.00,+0.00000,0,+0.00000,+0.00000,0.08200,-0.362,0,34.9,34.9
2.065111,0,0,0.278111,0.278111,0.2750,+0.00311,0,0,0.0000,1,1,+0.01960,-0.01585,0.11290,177.15,+0.02001,+0.01965,-0.00178,-0.01723,0.10620,1.0000,1,0,0,0,0.0000,-0.02485,+0.02208,0.2520,+0.000,-1.146,1.0000,0,1.0000,1,0,+0.000,-1.146,-1.146,-0.00309,-5.535,+0.00000,+0.00,+0.00000,0,+0.00000,+0.00000,0.08200,-0.401,0,34.9,34.9
2.096100,0,0,0.277666,0.277666,0.2750,+0.00267,0,0,0.0000,1,1,+0.02009,-0.01484,0.11139,177.33,+0.02002,+0.01970,-0.00159,-0.01691,0.10690,1.0000,1,0,0,0,0.0000,-0.02336,+0.02075,0.2369,+0.000,-1.147,1.0000,0,1.0000,1,0,+0.000,-1.147,-1.147,-0.00296,-5.650,+0.00000,+0.00,+0.00000,0,+0.00000,+0.00000,0.08369,-0.433,0,34.9,34.9
2.127925,0,0,0.277320,0.277320,0.2750,+0.00232,0,0,0.0000,1,1,+0.02009,-0.01484,0.11139,177.33,+0.02003,+0.01975,-0.00141,-0.01662,0.10751,1.0000,1,0,0,0,0.0000,-0.02192,+0.01947,0.2222,+0.000,-1.148,1.0000,0,1.0000,1,0,+0.000,-1.148,-1.148,-0.00283,-5.781,+0.00000,+0.00,+0.00000,0,+0.00000,+0.00000,0.08369,-0.466,0,34.9,34.9
2.161001,0,0,0.273052,0.273052,0.2750,-0.00195,0,0,0.0000,1,1,+0.01850,+0.00805,0.10423,181.45,+0.01981,+0.01976,-0.00028,-0.01312,0.10705,1.0000,1,0,0,0,0.0000,-0.02051,+0.01822,0.2080,+0.000,-1.135,1.0000,0,1.0000,1,0,+0.000,-1.135,-1.135,-0.00267,-5.922,+0.00000,+0.00,+0.00000,0,+0.00000,+0.00000,0.06781,-0.491,0,34.9,34.9
2.190708,0,0,0.270158,0.270158,0.2750,-0.00484,0,0,0.0000,1,1,+0.01850,+0.00805,0.10423,181.45,+0.01964,+0.01974,+0.00049,-0.01039,0.10668,1.0000,1,0,0,0,0.0000,-0.01933,+0.01717,0.1960,+0.000,-1.125,1.0000,0,1.0000,1,0,+0.000,-1.125,-1.125,-0.00258,-6.070,+0.00000,+0.00,+0.00000,0,+0.00000,+0.00000,0.06781,-0.503,0,34.9,34.9
2.218097,0,0,0.266566,0.266566,0.2750,-0.00843,0,0,0.0000,1,1,+0.01610,+0.01845,0.10274,183.32,+0.01922,+0.01968,+0.00231,-0.00691,0.10621,1.0000,1,0,0,0,0.0000,-0.01830,+0.01626,0.1856,+0.000,-1.101,1.0000,0,1.0000,1,0,+0.000,-1.101,-1.101,-0.00241,-6.194,+0.00000,+0.00,+0.00000,0,+0.00000,+0.00000,0.05245,-0.520,0,34.9,34.9
2.246452,0,0,0.263749,0.263749,0.2750,-0.01125,0,0,0.0000,1,1,+0.01375,+0.01877,0.10453,183.38,+0.01854,+0.01954,+0.00499,-0.00372,0.10600,1.0000,1,0,0,0,0.0000,-0.01729,+0.01536,0.1753,+0.000,-1.062,1.0000,0,1.0000,1,0,+0.000,-1.062,-1.062,-0.00222,-6.364,+0.00000,+0.00,+0.00000,0,+0.00000,+0.00000,0.04086,-0.526,0,34.9,34.9
2.277026,0,0,0.261978,0.261978,0.2750,-0.01302,0,0,0.0000,1,1,+0.01597,+0.01653,0.10701,182.98,+0.01820,+0.01936,+0.00581,-0.00104,0.10613,1.0000,1,0,0,0,0.0000,-0.01627,+0.01445,0.1649,+0.000,-1.043,1.0000,0,1.0000,1,0,+0.000,-1.043,-1.043,-0.00210,-6.622,+0.00000,+0.00,+0.00000,0,+0.00000,+0.00000,0.02954,-0.536,0,34.9,34.9
2.307637,0,0,0.261098,0.261098,0.2750,-0.01390,0,0,0.0000,1,1,+0.01609,+0.01489,0.10773,182.68,+0.01792,+0.01917,+0.00625,+0.00108,0.10634,1.0000,1,0,0,0,0.0000,-0.01530,+0.01359,0.1551,+0.000,-1.027,1.0000,0,1.0000,1,0,+0.000,-1.027,-1.027,-0.00199,-6.773,+0.00000,+0.00,+0.00000,0,+0.00000,+0.00000,0.02471,-0.547,0,34.9,34.9
2.341316,0,0,0.261751,0.261751,0.2750,-0.01325,0,0,0.0000,1,1,+0.01725,+0.00856,0.11055,181.54,+0.01782,+0.01897,+0.00576,+0.00216,0.10695,1.0000,1,0,0,0,0.0000,-0.01430,+0.01271,0.1450,+0.000,-1.021,1.0000,0,1.0000,1,0,+0.000,-1.021,-1.021,-0.00196,-7.007,-0.00000,+0.00,+0.00000,0,+0.00000,+0.00000,0.02038,-0.549,0,34.9,34.9
2.368173,0,0,0.263256,0.263256,0.2750,-0.01174,0,0,0.0000,1,1,+0.01876,+0.00231,0.11493,180.42,+0.01793,+0.01885,+0.00459,+0.00217,0.10790,1.0000,1,0,0,0,0.0000,-0.01356,+0.01204,0.1375,+0.000,-1.027,1.0000,0,1.0000,1,0,+0.000,-1.027,-1.027,-0.00200,-7.215,+0.00000,+0.00,+0.00000,0,+0.00000,+0.00000,0.01760,-0.547,0,34.9,34.9
2.398562,0,0,0.264736,0.264736,0.2750,-0.01026,0,0,0.0000,1,1,+0.01876,+0.00231,0.11493,180.42,+0.01804,+0.01874,+0.00350,+0.00219,0.10882,1.0000,1,0,0,0,0.0000,-0.01276,+0.01133,0.1293,+0.000,-1.034,1.0000,0,1.0000,1,0,+0.000,-1.034,-1.034,-0.00206,-7.414,-0.00000,+0.00,+0.00000,0,+0.00000,+0.00000,0.01760,-0.541,0,34.9,34.9
2.430824,0,0,0.268440,0.268440,0.2750,-0.00656,0,0,0.0000,1,1,+0.01749,-0.01136,0.12373,177.96,+0.01797,+0.01864,+0.00335,+0.00031,0.11089,1.0000,1,0,0,0,0.0000,-0.01196,+0.01062,0.1213,+0.000,-1.029,1.0000,0,1.0000,1,0,+0.000,-1.029,-1.029,-0.00204,-7.588,+0.00000,+0.00,+0.00000,0,+0.00000,+0.00000,0.01616,-0.539,0,34.9,34.9
2.462962,0,0,0.271653,0.271653,0.2750,-0.00335,0,0,0.0000,1,1,+0.01610,-0.01319,0.12656,177.63,+0.01771,+0.01851,+0.00400,-0.00156,0.11306,1.0000,1,0,0,0,0.0000,-0.01121,+0.00996,0.1137,+0.000,-1.015,1.0000,0,1.0000,1,0,+0.000,-1.015,-1.015,-0.00195,-7.724,-0.00000,+0.00,+0.00000,0,+0.00000,+0.00000,0.01577,-0.544,0,34.9,34.9
2.497053,0,0,0.273777,0.273777,0.2750,-0.00122,0,0,0.0000,1,1,+0.01798,-0.01051,0.12850,178.11,+0.01775,+0.01840,+0.00325,-0.00286,0.11531,1.0000,1,0,0,0,0.0000,-0.01048,+0.00931,0.1062,+0.000,-1.017,1.0000,0,1.0000,1,0,+0.000,-1.017,-1.017,-0.00195,-7.870,+0.00000,+0.00,+0.00000,0,+0.00000,+0.00000,0.01420,-0.546,0,34.9,34.9
2.529112,0,0,0.275742,0.275742,0.2750,+0.00074,0,0,0.0000,1,1,+0.01990,-0.01300,0.13147,177.66,+0.01804,+0.01835,+0.00152,-0.00426,0.11754,1.0000,1,0,0,0,0.0000,-0.00982,+0.00873,0.0996,+0.000,-1.034,1.0000,0,1.0000,1,0,+0.000,-1.034,-1.034,-0.00205,-8.026,+0.00000,+0.00,+0.00000,0,+0.00000,+0.00000,0.01385,-0.541,0,34.9,34.9
2.560299,0,0,0.277196,0.277196,0.2750,+0.00220,0,0,0.0000,1,1,+0.01990,-0.01300,0.13147,177.66,+0.01829,+0.01834,+0.00023,-0.00544,0.11942,1.0000,1,0,0,0,0.0000,-0.00923,+0.00820,0.0936,+0.000,-1.048,1.0000,0,1.0000,1,0,+0.000,-1.048,-1.048,-0.00212,-8.125,-0.00000,+0.00,+0.00000,0,+0.00000,+0.00000,0.01385,-0.542,0,34.9,34.9
2.586453,0,0,0.278482,0.278482,0.2750,+0.00348,0,0,0.0000,1,1,+0.01874,-0.01527,0.13403,177.25,+0.01835,+0.01834,-0.00002,-0.00658,0.12111,1.0000,1,0,0,0,0.0000,-0.00876,+0.00778,0.0888,+0.000,-1.051,1.0000,0,1.0000,1,0,+0.000,-1.051,-1.051,-0.00214,-8.237,+0.00000,+0.00,+0.00000,0,+0.00000,+0.00000,0.01388,-0.538,0,34.9,34.9
2.621716,0,0,0.279388,0.279388,0.2750,+0.00439,0,0,0.0000,1,1,+0.01688,-0.01351,0.13631,177.57,+0.01813,+0.01831,+0.00091,-0.00762,0.12339,1.0000,1,0,0,0,0.0000,-0.00816,+0.00725,0.0828,+0.000,-1.039,1.0000,0,1.0000,1,0,+0.000,-1.039,-1.039,-0.00210,-8.379,+0.00000,+0.00,+0.00000,0,+0.00000,+0.00000,0.01385,-0.534,0,34.9,34.9
2.654034,0,0,0.279671,0.279671,0.2750,+0.00467,0,0,0.0000,1,1,+0.01701,-0.01183,0.13856,177.87,+0.01797,+0.01826,+0.00145,-0.00820,0.12550,1.0000,1,0,0,0,0.0000,-0.00765,+0.00680,0.0776,+0.000,-1.030,1.0000,0,1.0000,1,0,+0.000,-1.030,-1.030,-0.00206,-8.496,+0.00000,+0.00,+0.00000,0,+0.00000,+0.00000,0.01382,-0.533,0,34.9,34.9
2.686565,0,0,0.280299,0.280299,0.2750,+0.00530,0,0,0.0000,1,1,+0.01773,-0.01456,0.14077,177.38,+0.01794,+0.01822,+0.00140,-0.00909,0.12763,1.0000,1,0,0,0,0.0000,-0.00717,+0.00637,0.0727,+0.000,-1.028,1.0000,0,1.0000,1,0,+0.000,-1.028,-1.028,-0.00204,-8.580,+0.00000,+0.00,+0.00000,0,+0.00000,+0.00000,0.01385,-0.538,0,34.9,34.9
2.717513,0,0,0.270164,0.270164,0.2750,-0.00484,0,0,0.0000,1,1,+0.02206,+0.04868,0.15860,188.76,+0.01849,+0.01825,-0.00118,-0.00135,0.13178,1.0000,1,0,0,0,0.0000,-0.00674,+0.00599,0.0683,+0.000,-1.059,1.0000,0,1.0000,1,0,+0.000,-1.059,-1.059,-0.00214,-8.628,+0.00000,+0.00,+0.00000,0,+0.00000,+0.00000,0.01382,-0.547,0,34.9,34.9
2.752358,0,0,0.262579,0.262579,0.2750,-0.01242,0,0,0.0000,1,1,+0.02075,+0.04453,0.15909,188.01,+0.01883,+0.01834,-0.00244,+0.00546,0.13584,1.0000,1,0,0,0,0.0000,-0.00629,+0.00558,0.0637,+0.000,-1.079,1.0000,0,1.0000,1,0,+0.000,-1.079,-1.079,-0.00227,-8.785,+0.00000,+0.00,+0.00000,0,+0.00000,+0.00000,0.01387,-0.537,0,34.9,34.9
2.783147,0,0,0.257104,0.257104,0.2750,-0.01790,0,0,0.0000,1,1,+0.01936,+0.04776,0.15860,188.60,+0.01890,+0.01841,-0.00242,+0.01110,0.13887,1.0000,1,0,0,0,0.0000,-0.00591,+0.00525,0.0599,+0.000,-1.083,1.0000,0,1.0000,1,0,+0.000,-1.083,-1.083,-0.00228,-8.910,+0.00000,+0.00,+0.00000,0,+0.00000,+0.00000,0.01405,-0.537,0,34.9,34.9
2.817234,0,0,0.264184,0.264184,0.2750,-0.01082,0,0,0.0000,1,1,+0.01662,-0.01537,0.14751,177.23,+0.01857,+0.01844,-0.00065,+0.00725,0.14013,1.0000,1,0,0,0,0.0000,-0.00552,+0.00490,0.0560,+0.000,-1.064,1.0000,0,1.0000,1,0,+0.000,-1.064,-1.064,-0.00222,-9.157,+0.00000,+0.00,+0.00000,0,+0.00000,+0.00000,0.01426,-0.529,0,34.9,34.9
2.849589,0,0,0.258727,0.258727,0.2750,-0.01627,0,0,0.0000,1,1,+0.02026,+0.04677,0.16657,188.42,+0.01880,+0.01849,-0.00158,+0.01275,0.14381,1.0000,1,0,0,0,0.0000,-0.00518,+0.00460,0.0525,+0.000,-1.077,1.0000,0,1.0000,1,0,+0.000,-1.077,-1.077,-0.00231,-9.455,-0.00000,+0.00,+0.00000,0,+0.00000,+0.00000,0.01420,-0.523,0,34.9,34.9
2.884466,0,0,0.254951,0.254951,0.2750,-0.02005,0,0,0.0000,1,1,+0.01761,+0.04514,0.16897,188.13,+0.01863,+0.01851,-0.00059,+0.01756,0.14755,1.0000,1,0,0,0,0.0000,-0.00483,+0.00429,0.0489,+0.000,-1.067,1.0000,0,1.0000,1,0,+0.000,-1.067,-1.067,-0.00221,-9.640,-0.00000,+0.00,+0.00000,0,+0.00000,+0.00000,0.01431,-0.535,0,34.9,34.9
2.916508,0,0,0.252565,0.252565,0.2750,-0.02243,0,0,0.0000,1,1,+0.02017,+0.04546,0.17060,188.18,+0.01884,+0.01855,-0.00143,+0.02141,0.15073,1.0000,1,0,0,0,0.0000,-0.00453,+0.00402,0.0459,+0.000,-1.079,1.0000,0,1.0000,1,0,+0.000,-1.079,-1.079,-0.00221,-9.807,-0.00000,+0.00,+0.00000,0,+0.00000,+0.00000,0.01457,-0.547,0,34.9,34.9
2.946471,0,0,0.252269,0.252269,0.2750,-0.02273,0,0,0.0000,1,1,+0.01887,+0.03847,0.17365,186.93,+0.01884,+0.01859,-0.00126,+0.02364,0.15372,1.0000,1,0,0,0,0.0000,-0.00426,+0.00379,0.0432,+0.000,-1.080,1.0000,0,1.0000,1,0,+0.000,-1.080,-1.080,-0.00224,-10.006,-0.00000,+0.00,+0.00000,0,+0.00000,+0.00000,0.01433,-0.543,0,34.9,34.9
2.977917,0,0,0.251437,0.251437,0.2750,-0.02356,0,0,0.0000,1,1,+0.01733,+0.04386,0.17409,187.89,+0.01864,+0.01860,-0.00020,+0.02638,0.15649,1.0000,1,0,0,0,0.0000,-0.00400,+0.00356,0.0406,+0.000,-1.068,1.0000,0,1.0000,1,0,+0.000,-1.068,-1.068,-0.00218,-10.228,-0.00000,+0.00,+0.00000,0,+0.00000,+0.00000,0.01432,-0.544,0,34.9,34.9
3.011139,0,0,0.250941,0.250941,0.2750,-0.02406,0,0,0.0000,1,1,+0.01771,+0.04491,0.17586,188.08,+0.01851,+0.01858,+0.00039,+0.02902,0.15925,1.0000,1,0,0,0,0.0000,-0.00375,+0.00333,0.0380,+0.000,-1.060,1.0000,0,1.0000,1,0,+0.000,-1.060,-1.060,-0.00213,-10.411,-0.00000,+0.00,+0.00000,0,+0.00000,+0.00000,0.01432,-0.548,0,34.9,34.9
3.044721,0,0,0.251613,0.251613,0.2750,-0.02339,0,0,0.0000,1,1,+0.01636,+0.04100,0.17595,187.38,+0.01820,+0.01853,+0.00165,+0.03074,0.16165,1.0000,1,0,0,0,0.0000,-0.00350,+0.00311,0.0355,+0.000,-1.043,1.0000,0,1.0000,1,0,+0.000,-1.043,-1.043,-0.00201,-10.599,-0.00000,+0.00,+0.00000,0,+0.00000,+0.00000,0.01419,-0.558,0,31.8,31.8
3.077228,0,0,0.252818,0.252818,0.2750,-0.02218,0,0,0.0000,1,1,+0.01692,+0.03872,0.17786,186.97,+0.01802,+0.01846,+0.00219,+0.03186,0.16391,1.0000,1,0,0,0,0.0000,-0.00328,+0.00292,0.0333,+0.000,-1.032,1.0000,0,1.0000,1,0,+0.000,-1.032,-1.032,-0.00202,-10.821,-0.00000,+0.00,+0.00000,0,+0.00000,+0.00000,0.01446,-0.547,0,31.8,31.8
3.113595,0,0,0.253718,0.253718,0.2750,-0.02128,0,0,0.0000,1,1,+0.01570,+0.04108,0.18096,187.39,+0.01766,+0.01834,+0.00336,+0.03328,0.16654,1.0000,1,0,0,0,0.0000,-0.00305,+0.00271,0.0310,+0.000,-1.012,1.0000,0,1.0000,1,0,+0.000,-1.012,-1.012,-0.00191,-10.996,-0.00000,+0.00,+0.00000,0,+0.00000,+0.00000,0.01706,-0.552,0,31.8,31.8
3.147448,0,0,0.256367,0.256367,0.2750,-0.01863,0,0,0.0000,1,1,+0.01514,+0.03137,0.18848,185.65,+0.01730,+0.01819,+0.00443,+0.03300,0.16971,1.0000,1,0,0,0,0.0000,-0.00285,+0.00253,0.0289,+0.000,-0.991,1.0000,0,1.0000,1,0,+0.000,-0.991,-0.991,-0.00191,-11.202,-0.00000,+0.00,+0.00000,0,+0.00000,+0.00000,0.02073,-0.531,0,31.8,31.8
3.183582,0,0,0.260018,0.260018,0.2750,-0.01498,0,0,0.0000,1,1,+0.01682,+0.02438,0.19140,184.39,+0.01723,+0.01804,+0.00406,+0.03168,0.17303,1.0000,1,0,0,0,0.0000,-0.00265,+0.00236,0.0269,+0.000,-0.987,1.0000,0,1.0000,1,0,+0.000,-0.987,-0.987,-0.00191,-11.385,-0.00000,+0.00,+0.00000,0,+0.00000,+0.00000,0.02934,-0.528,0,31.8,31.8
3.219669,0,0,0.265509,0.265509,0.2750,-0.00949,0,0,0.0000,1,1,+0.01486,+0.01034,0.19460,181.86,+0.01686,+0.01786,+0.00497,+0.02842,0.17633,1.0000,1,0,1,0,0.0000,+0.00496,-0.00577,1.0000,+0.000,-0.966,1.0000,0,1.0000,1,0,+0.000,-0.966,-0.966,-0.00183,-11.524,-0.00000,+0.00,+0.00000,1,+0.04717,-0.05084,0.08635,-0.526,0,31.8,31.8
3.257682,0,0,0.270088,0.270088,0.2750,-0.00491,0,0,0.0000,1,1,+0.01474,+0.00882,0.19806,181.59,+0.01652,+0.01765,+0.00561,+0.02529,0.17980,1.0000,1,0,0,0,0.0000,+0.00496,-0.00577,1.0000,+0.000,-0.947,1.0000,0,1.0000,1,0,+0.000,-0.947,-0.947,-0.00162,-11.588,-0.00000,+0.00,+0.00000,0,+0.00000,+0.00000,0.15786,-0.553,0,31.8,31.8
3.295110,0,0,0.271607,0.271607,0.2750,-0.00339,0,0,0.0000,1,1,+0.01698,+0.01806,0.19610,183.25,+0.01660,+0.01748,+0.00442,+0.02415,0.18237,1.0000,1,0,1,0,0.0000,+0.01149,-0.00730,1.0000,+0.000,-0.951,1.0000,0,1.0000,1,0,+0.000,-0.951,-0.951,-0.00169,-11.703,-0.00000,+0.00,+0.00000,1,+0.04636,-0.01548,0.15757,-0.544,0,31.8,31.8
3.369720,0,0,0.266602,0.266602,0.2750,-0.00840,0,0,0.0000,1,1,+0.02038,+0.04092,0.18799,187.37,+0.01762,+0.01752,-0.00052,+0.02871,0.18390,1.0000,1,0,1,0,0.0000,+0.02034,-0.01212,1.0000,+0.000,-1.010,1.0000,0,1.0000,1,0,+0.000,-1.010,-1.010,-0.00206,-11.877,-0.00000,+0.00,+0.00000,1,+0.04406,-0.02502,0.15725,-0.521,0,31.8,31.8
3.404421,0,0,0.251615,0.251615,0.2750,-0.02338,0,0,0.0000,1,1,+0.01055,+0.11454,0.17454,200.62,+0.01658,+0.01738,+0.00401,+0.04140,0.18251,1.0000,1,0,0,0,0.0000,+0.02034,-0.01212,1.0000,+0.000,-0.950,1.0000,0,1.0000,1,0,+0.000,-0.950,-0.950,-0.00182,-11.937,-0.00000,+0.00,+0.00000,0,+0.00000,+0.00000,0.13611,-0.514,0,31.8,31.8
3.441033,0,0,0.257303,0.257303,0.2750,-0.01770,0,0,0.0000,1,1,+0.01234,+0.02496,0.20390,184.49,+0.01592,+0.01715,+0.00616,+0.03886,0.18582,1.0000,1,0,0,0,0.0000,+0.02034,-0.01212,1.0000,+0.000,-0.912,1.0000,0,1.0000,1,0,+0.000,-0.912,-0.912,-0.00166,-12.019,-0.00000,+0.00,+0.00000,0,+0.00000,+0.00000,0.11406,-0.508,0,31.8,31.8
3.477078,0,0,0.265273,0.265273,0.2750,-0.00973,0,0,0.0000,1,1,+0.01070,+0.00546,0.21473,180.98,+0.01512,+0.01684,+0.00860,+0.03376,0.19024,1.0000,1,0,0,0,0.0000,+0.02034,-0.01212,1.0000,+0.000,-0.867,1.0000,0,1.0000,1,0,+0.000,-0.867,-0.867,-0.00145,-12.196,-0.00000,+0.00,+0.00000,0,+0.00000,+0.00000,0.11900,-0.515,0,31.8,31.8
3.517259,0,0,0.274944,0.274944,0.2750,-0.00006,0,0,0.0000,1,1,+0.00786,-0.01078,0.22539,178.06,+0.01391,+0.01635,+0.01223,+0.02630,0.19612,1.0000,1,0,0,0,0.0000,+0.02034,-0.01212,1.0000,+0.000,-0.797,1.0000,0,1.0000,1,0,+0.000,-0.797,-0.797,-0.00112,-12.379,-0.00000,+0.00,+0.00000,0,+0.00000,+0.00000,0.05992,-0.521,0,31.8,31.8
3.551613,0,0,0.282680,0.282680,0.2750,+0.00768,0,0,0.0000,1,1,+0.00628,-0.02010,0.23902,176.38,+0.01279,+0.01583,+0.01521,+0.01950,0.20241,1.0000,1,0,0,0,0.0000,+0.02034,-0.01212,1.0000,+0.000,-0.733,1.0000,0,1.0000,1,0,+0.000,-0.733,-0.733,-0.00089,-12.505,-0.00000,+0.00,+0.00000,0,+0.00000,+0.00000,0.04008,-0.512,0,31.8,31.8
3.592257,0,0,0.290733,0.290733,0.2750,+0.01573,0,0,0.0000,1,1,+0.00409,-0.02928,0.24746,174.73,+0.01132,+0.01507,+0.01874,+0.01126,0.21002,1.0000,1,0,0,0,0.0000,+0.02034,-0.01212,1.0000,+0.000,-0.649,1.0000,0,1.0000,1,0,+0.000,-0.649,-0.649,-0.00062,-12.573,-0.00000,+0.00,+0.00000,0,+0.00000,+0.00000,0.03013,-0.495,0,31.8,31.8
3.630316,0,0,0.298091,0.298091,0.2750,+0.02309,0,0,0.0000,1,1,+0.00246,-0.04125,0.25604,172.57,+0.00990,+0.01424,+0.02170,+0.00287,0.21737,1.0000,1,0,0,0,0.0000,+0.02034,-0.01212,1.0000,+0.000,-0.567,1.0000,0,1.0000,1,0,+0.000,-0.567,-0.567,-0.00040,-12.610,-0.00000,+0.00,+0.00000,0,+0.00000,+0.00000,0.02749,-0.465,0,31.8,31.8
3.670192,0,0,0.305887,0.305887,0.2750,+0.03089,0,0,0.0000,1,1,-0.00146,-0.05573,0.26972,169.97,+0.00802,+0.01321,+0.02596,-0.00687,0.22607,1.0000,1,0,0,0,0.0000,+0.02034,-0.01212,1.0000,+0.000,-0.459,1.0000,0,1.0000,1,0,+0.000,-0.459,-0.459,-0.00008,-12.608,-0.00000,+0.00,+0.00000,0,+0.00000,+0.00000,0.02304,-0.434,0,31.8,31.8
3.712894,0,0,0.311731,0.311731,0.2750,+0.03673,0,0,0.0000,1,1,-0.00340,-0.05981,0.27789,169.23,+0.00601,+0.01194,+0.02967,-0.01619,0.23519,1.0000,1,0,0,0,0.0000,+0.02034,-0.01212,1.0000,+0.000,-0.344,1.0000,0,1.0000,1,0,+0.000,-0.344,-0.344,+0.00034,-12.577,-0.00000,+0.00,+0.00000,0,+0.00000,+0.00000,0.02081,-0.417,0,31.8,31.8
3.751806,0,0,0.315901,0.315901,0.2750,+0.04090,0,0,0.0000,1,1,-0.00554,-0.06571,0.28626,168.17,+0.00413,+0.01067,+0.03271,-0.02425,0.24351,1.0000,1,0,0,0,0.0000,+0.02034,-0.01212,1.0000,+0.000,-0.236,1.0000,0,1.0000,1,0,+0.000,-0.236,-0.236,+0.00076,-12.577,-0.00000,+0.00,+0.00000,0,+0.00000,+0.00000,0.02344,-0.408,0,31.8,31.8
3.791955,0,0,0.319445,0.319445,0.2750,+0.04445,0,0,0.0000,1,1,-0.00783,-0.07273,0.29653,166.91,+0.00213,+0.00924,+0.03557,-0.03236,0.25237,1.0000,1,0,0,0,0.0000,+0.01945,-0.01159,0.9565,+0.000,-0.122,0.8328,1,0.8328,1,0,+0.000,-0.101,-0.101,+0.00130,-12.577,+0.00000,+0.00,+0.00000,0,+0.00000,+0.00000,0.03283,-0.404,0,31.8,31.8
3.833078,0,0,0.324759,0.324759,0.2750,+0.04976,0,0,0.0000,1,1,-0.01620,-0.09120,0.31842,163.58,-0.00100,+0.00749,+0.04246,-0.04239,0.26364,1.0000,1,0,0,0,0.0000,+0.01792,-0.01067,0.8810,+0.000,+0.057,0.6908,1,0.6908,1,0,+0.000,+0.040,+0.040,+0.00183,-12.577,+0.00000,+0.00,+0.00000,0,+0.00000,+0.00000,0.02826,-0.389,0,31.8,31.8
3.878112,0,0,0.329645,0.329645,0.2750,+0.05464,0,0,0.0000,1,1,-0.02039,-0.10133,0.33073,161.76,-0.00456,+0.00528,+0.04920,-0.05323,0.27597,1.0000,1,0,0,0,0.0000,+0.01637,-0.00976,0.8051,+0.000,+0.261,0.5638,1,0.5638,1,0,+0.000,+0.147,+0.147,+0.00214,-12.577,+0.00000,+0.00,+0.00000,0,+0.00000,+0.00000,0.02010,-0.358,0,31.8,31.8
3.926008,0,0,0.332512,0.332512,0.2750,+0.05751,0,0,0.0000,1,1,-0.02245,-0.10540,0.34202,161.03,-0.00802,+0.00271,+0.05364,-0.06331,0.28873,1.0000,1,0,0,0,0.0000,+0.01488,-0.00886,0.7316,+0.000,+0.459,0.4549,1,0.4549,1,0,+0.000,+0.209,+0.209,+0.00217,-12.576,+0.00000,+0.00,+0.00000,0,+0.00000,+0.00000,0.02107,-0.307,0,31.8,31.8
3.975402,0,0,0.335820,0.335820,0.2750,+0.06082,0,0,0.0000,1,1,-0.03023,-0.11844,0.36952,158.68,-0.01242,-0.00029,+0.06066,-0.07423,0.30473,1.0000,1,0,0,0,0.0000,+0.01348,-0.00803,0.6627,+0.000,+0.712,0.3648,1,0.3648,1,0,+0.000,+0.260,+0.260,+0.00209,-12.576,+0.00000,+0.00,+0.00000,0,+0.00000,+0.00000,0.02394,-0.243,0,31.8,31.8
4.029494,0,0,0.338045,0.338045,0.2750,+0.06305,0,0,0.0000,1,1,-0.03511,-0.12615,0.38960,157.29,-0.01725,-0.00390,+0.06675,-0.08528,0.32280,1.0000,1,0,0,0,0.0000,+0.01210,-0.00721,0.5948,+0.000,+0.988,0.2871,1,0.2871,1,0,+0.000,+0.284,+0.284,+0.00187,-12.576,+0.00000,+0.00,+0.00000,0,+0.00000,+0.00000,0.02475,-0.169,0,31.8,31.8
4.085709,0,0,0.340000,0.340000,0.2750,+0.06513,0,0,0.0000,1,1,-0.04657,-0.13715,0.43065,155.31,-0.02368,-0.00824,+0.07721,-0.09666,0.34646,1.0000,1,0,0,0,0.0000,+0.01081,-0.00644,0.5315,+0.000,+1.357,0.2241,1,0.2241,1,0,+0.000,+0.304,+0.304,+0.00164,-12.576,+0.00000,+0.00,+0.00000,0,+0.00000,+0.00000,0.02523,-0.093,0,24.0,24.0
4.150656,1,0,0.339339,0.339339,0.2750,+0.06434,0,0,0.0000,1,1,-0.05465,-0.13873,0.45444,155.03,-0.03127,-0.01389,+0.08694,-0.10697,0.37293,1.0000,1,0,0,0,0.0000,+0.00949,-0.00566,0.4668,+0.000,+1.792,0.1692,1,0.1692,1,0,+0.000,+0.303,+0.303,+0.00129,-12.576,+0.00000,+0.00,+0.00000,0,+0.00000,+0.00000,0.01351,-0.011,0,24.0,24.0
4.219417,1,0,0.333784,0.333784,0.2750,+0.05878,0,0,0.0000,1,1,-0.08448,-0.13037,0.55400,156.53,-0.04489,-0.02182,+0.11534,-0.11296,0.41926,1.0000,1,0,0,0,0.0000,+0.00827,-0.00493,0.4068,+0.000,+2.572,0.1259,1,0.1259,1,0,+0.000,+0.324,+0.324,+0.00106,-12.576,+0.00000,+0.00,+0.00000,0,+0.00000,+0.00000,0.00285,+0.063,0,24.0,24.0
4.308614,1,0,0.333784,0.333784,0.2750,+0.05878,0,0,0.0000,1,0,+0.00000,+0.00000,0.00000,0.00,-0.04489,-0.02893,+0.07977,-0.11296,0.41926,1.0000,0,0,0,0,0.0000,+0.00692,-0.00412,0.3403,+0.000,+2.572,0.0871,1,0.0871,1,0,+0.000,+0.224,+0.224,+0.00029,-12.576,+0.00000,+0.00,+0.00000,1,-0.19351,+0.00000,0.00648,+0.143,0,24.0,24.0
4.357274,1,0,0.333784,0.333784,0.2750,+0.05878,0,0,0.0000,1,0,+0.00000,+0.00000,0.00000,0.00,-0.04489,-0.03205,+0.06416,-0.11296,0.41926,1.0000,0,0,1,0,0.0000,-0.05429,-0.00332,1.0000,+0.000,+2.572,0.0700,1,0.0700,1,0,+0.000,+0.180,+0.180,-0.00003,-12.576,+0.00000,+0.00,+0.00000,1,-0.30586,+0.00000,0.01903,+0.176,0,24.0,24.0
4.412275,1,0,0.333784,0.333784,0.2750,+0.05878,0,0,0.0000,1,0,+0.00000,+0.00000,0.00000,0.00,-0.04489,-0.03482,+0.05032,-0.11296,0.41926,1.0000,0,0,1,0,0.0000,-0.09838,-0.00260,1.0000,+0.000,+2.572,0.0549,1,0.0549,1,0,+0.000,+0.141,+0.141,-0.00023,-12.576,+0.00000,+0.00,+0.00000,1,-0.25873,+0.00000,0.02456,+0.192,0,24.0,24.0
4.474758,1,0,0.333784,0.333784,0.2750,+0.05878,0,0,0.0000,1,0,+0.00000,+0.00000,0.00000,0.00,-0.04489,-0.03722,+0.03834,-0.11296,0.41926,1.0000,0,0,0,0,0.0000,-0.09838,-0.00260,1.0000,+0.000,+2.572,0.0419,1,0.0419,1,0,+0.000,+0.108,+0.108,-0.00038,-12.576,-0.00000,+0.00,+0.00000,1,-0.12543,+0.00000,0.01475,+0.195,0,24.0,24.0
4.527590,1,0,0.333784,0.333784,0.2750,+0.05878,0,0,0.0000,1,0,+0.00000,+0.00000,0.00000,0.00,-0.04489,-0.03882,+0.03033,-0.11296,0.41926,1.0000,0,0,0,0,0.0000,-0.09838,-0.00260,1.0000,+0.000,+2.572,0.0331,1,0.0331,1,0,+0.000,+0.085,+0.085,-0.00045,-12.576,-0.00000,+0.00,+0.00000,1,-0.14646,+0.00000,0.01234,+0.191,0,24.0,24.0
4.581192,1,0,0.333784,0.333784,0.2750,+0.05878,0,0,0.0000,1,0,+0.00000,+0.00000,0.00000,0.00,-0.04489,-0.04010,+0.02392,-0.11296,0.41926,1.0000,0,0,1,0,0.0000,-0.07918,-0.00205,1.0000,+0.000,+2.572,0.0261,1,0.0261,1,0,+0.000,+0.067,+0.067,-0.00047,-12.576,-0.00000,+0.00,+0.00000,1,-0.00755,+0.00000,0.01575,+0.178,0,24.0,24.0
4.627568,1,0,0.311728,0.311728,0.2750,+0.03673,0,0,0.0000,1,1,+0.85645,-0.04787,0.49830,171.38,+0.12477,-0.00907,-0.66921,-0.10071,0.43413,1.0000,1,0,0,0,0.0000,-0.07918,-0.00205,1.0000,+0.000,-7.149,0.0212,1,0.0212,1,0,+0.000,-0.152,-0.152,-0.00137,-12.576,-0.00000,+0.00,+0.00000,1,+0.03794,+0.00000,0.00679,+0.166,0,24.0,24.0
4.701104,1,0,0.267606,0.230000,0.2750,-0.04500,0,0,0.0000,1,1,+0.04324,+0.49721,0.09542,269.50,+0.10286,+0.02102,-0.40917,+0.06003,0.34308,1.0000,1,0,0,0,0.0000,-0.07918,-0.00205,1.0000,+0.000,-5.893,0.0155,1,0.0155,1,0,+0.000,-0.091,-0.091,-0.00101,-12.576,-0.00000,+0.00,+0.00000,1,+0.05141,+0.00000,0.00452,+0.146,0,24.0,24.0
4.728299,1,0,0.251289,0.230000,0.2750,-0.04500,0,0,0.0000,1,1,+0.04405,+0.50635,0.09526,271.14,+0.09582,+0.02998,-0.32921,+0.11346,0.31341,1.0000,1,0,0,0,0.0000,-0.07918,-0.00205,1.0000,+0.000,-5.490,0.0136,1,0.0136,1,0,+0.000,-0.075,-0.075,-0.00088,-12.608,-0.00000,+0.00,+0.00000,1,+0.04831,+0.00000,0.00449,+0.136,0,24.0,24.0
4.752432,1,0,0.236809,0.230000,0.2750,-0.04500,0,0,0.0000,1,1,+0.04085,+0.51899,0.09829,273.42,+0.08990,+0.03643,-0.26736,+0.15712,0.29025,1.0000,1,0,0,0,0.0000,-0.07918,-0.00205,1.0000,+0.000,-5.151,0.0122,1,0.0122,1,0,+0.000,-0.063,-0.063,-0.00079,-12.670,-0.00000,+0.00,+0.00000,1,+0.03978,+0.00000,0.00439,+0.131,0,24.0,24.0
4.776808,1,1,0.222184,0.204000,0.2490,-0.04500,1,1,0.0260,1,1,+0.04177,+0.52868,0.09829,275.16,+0.08467,+0.04167,-0.21501,+0.19749,0.26939,1.0000,1,0,0,0,0.0000,-0.07918,-0.00205,1.0000,+0.000,-4.851,0.0109,1,0.0109,1,1,+5.000,-0.053,+0.002,-0.00045,-12.670,-0.00000,+0.00,+0.00000,1,+0.03618,+0.00000,0.00475,+0.114,0,24.0,24.0
4.801189,1,1,0.207555,0.204000,0.2490,-0.04500,1,1,0.0260,1,1,+0.03961,+0.54360,0.10077,277.85,+0.07977,+0.04581,-0.16983,+0.23510,0.25107,1.0000,1,0,0,0,0.0000,-0.07918,-0.00205,1.0000,+0.000,-4.571,0.0097,1,0.0097,1,1,+5.000,-0.044,+0.004,-0.00039,-12.670,-0.00000,+0.00,+0.00000,1,+0.02684,+0.00000,0.00527,+0.101,0,24.0,24.0
4.828925,1,1,0.204000,0.204000,0.2490,-0.04500,1,1,0.0260,1,1,+0.03961,+0.54360,0.10077,277.85,+0.07488,+0.04935,-0.12766,+0.27267,0.23277,1.0000,1,0,0,0,0.0000,-0.07918,-0.00205,1.0000,+0.000,-4.290,0.1303,0,0.1303,1,1,+5.000,-0.559,+0.092,+0.00003,-12.670,-0.00000,+0.00,+0.00000,1,+0.02684,+0.00000,0.00527,+0.090,0,24.0,24.0
4.856003,1,1,0.204000,0.204000,0.2490,-0.04500,1,1,0.0260,1,1,+0.04086,+0.55509,0.10138,279.92,+0.07083,+0.05191,-0.09457,+0.30635,0.21710,1.0000,1,0,0,0,0.0000,-0.07918,-0.00205,1.0000,+0.000,-4.058,0.2340,0,0.2340,1,1,+5.000,-0.950,+0.220,+0.00061,-12.670,-0.00000,+0.00,+0.00000,1,+0.01933,+0.00000,0.00498,+0.084,0,24.0,24.0
4.881503,1,1,0.204000,0.204000,0.2490,-0.04500,1,1,0.0260,1,1,+0.04074,+0.56718,0.10319,282.09,+0.06742,+0.05366,-0.06879,+0.33584,0.20422,1.0000,1,0,0,0,0.0000,-0.07918,-0.00205,1.0000,+0.000,-3.863,0.3206,0,0.3206,1,1,+5.000,-1.239,+0.365,+0.00124,-12.670,-0.00000,+0.00,+0.00000,0,+0.00000,+0.00000,0.00454,+0.081,0,24.0,24.0
4.909845,1,1,0.204000,0.204000,0.2490,-0.04500,1,1,0.0260,1,1,+0.04066,+0.58141,0.10599,284.65,+0.06410,+0.05496,-0.04571,+0.36632,0.19203,1.0000,1,0,0,0,0.0000,-0.07918,-0.00205,1.0000,+0.000,-3.673,0.4049,0,0.4049,1,1,+5.000,-1.487,+0.537,+0.00196,-12.670,+0.00000,+0.00,+0.00000,0,+0.00000,+0.00000,0.00455,+0.084,0,24.0,24.0
4.936017,1,1,0.204000,0.204000,0.2490,-0.04500,1,1,0.0260,1,1,+0.04086,+0.59222,0.10830,286.60,+0.06141,+0.05571,-0.02852,+0.39246,0.18234,1.0000,1,0,0,0,0.0000,-0.07918,-0.00205,1.0000,+0.000,-3.519,0.4738,0,0.4738,1,1,+5.000,-1.667,+0.702,+0.00257,-12.670,+0.00000,+0.00,+0.00000,0,+0.00000,+0.00000,0.00437,+0.099,0,24.0,24.0
4.963442,1,1,0.204000,0.204000,0.2490,-0.04500,1,1,0.0260,1,1,+0.04086,+0.59222,0.10830,286.60,+0.05893,+0.05610,-0.01418,+0.41655,0.17341,1.0000,1,0,0,0,0.0000,-0.07918,-0.00205,1.0000,+0.000,-3.377,0.5373,0,0.5373,1,1,+5.000,-1.814,+0.872,+0.00317,-12.670,+0.00000,+0.00,+0.00000,0,+0.00000,+0.00000,0.00437,+0.126,0,24.0,24.0
4.992703,1,1,0.204000,0.204000,0.2490,-0.04500,1,1,0.0260,1,1,+0.03857,+0.60451,0.11097,288.81,+0.05633,+0.05613,-0.00104,+0.44054,0.16544,1.0000,1,0,0,0,0.0000,-0.07738,-0.00200,0.9772,+0.000,-3.228,0.5963,0,0.5963,1,1,+5.000,-1.925,+1.057,+0.00380,-12.670,+0.00000,+0.00,+0.00000,0,+0.00000,+0.00000,0.00447,+0.162,0,24.0,24.0
5.020218,1,1,0.204000,0.204000,0.2490,-0.04500,1,1,0.0260,1,1,+0.04125,+0.61682,0.11208,291.03,+0.05451,+0.05593,+0.00711,+0.46186,0.15899,1.0000,1,0,0,0,0.0000,-0.07324,-0.00190,0.9249,+0.000,-3.123,0.6451,0,0.6451,1,1,+5.000,-2.015,+1.211,+0.00422,-12.670,+0.00000,+0.00,+0.00000,0,+0.00000,+0.00000,0.00417,+0.212,0,24.0,24.0
5.044630,1,1,0.204000,0.204000,0.2490,-0.04500,1,1,0.0260,1,1,+0.03880,+0.62602,0.11318,292.68,+0.05280,+0.05559,+0.01395,+0.47972,0.15400,1.0000,1,0,0,0,0.0000,-0.06975,-0.00181,0.8808,+0.000,-3.025,0.6837,0,0.6837,1,1,+5.000,-2.068,+1.350,+0.00458,-12.670,+0.00000,+0.00,+0.00000,0,+0.00000,+0.00000,0.00396,+0.263,0,24.0,24.0
5.071673,1,1,0.204000,0.204000,0.2490,-0.04500,1,1,0.0260,1,1,+0.03760,+0.63544,0.11706,294.38,+0.05099,+0.05504,+0.02027,+0.49827,0.14960,1.0000,1,0,0,0,0.0000,-0.06608,-0.00171,0.8345,+0.000,-2.921,0.7214,0,0.7214,1,1,+5.000,-2.108,+1.499,+0.00493,-12.670,+0.00000,+0.00,+0.00000,0,+0.00000,+0.00000,0.00381,+0.327,0,24.0,24.0
5.100701,1,1,0.204000,0.204000,0.2490,-0.04500,1,1,0.0260,1,1,+0.03834,+0.64994,0.11850,296.99,+0.04939,+0.05432,+0.02470,+0.51749,0.14566,1.0000,1,0,0,0,0.0000,-0.06235,-0.00162,0.7874,+0.000,-2.830,0.7567,0,0.7567,1,1,+5.000,-2.141,+1.642,+0.00524,-12.670,+0.00000,+0.00,+0.00000,0,+0.00000,+0.00000,0.00357,+0.395,0,24.6,24.6
5.127841,1,1,0.204000,0.204000,0.2490,-0.04500,1,1,0.0260,1,1,+0.03654,+0.65951,0.12031,298.71,+0.04785,+0.05355,+0.02850,+0.53446,0.14263,1.0000,1,0,0,0,0.0000,-0.05906,-0.00153,0.7458,+0.000,-2.742,0.7858,0,0.7858,1,1,+5.000,-2.154,+1.775,+0.00534,-12.671,+0.00000,+0.00,+0.00000,0,+0.00000,+0.00000,0.00330,+0.500,0,24.6,24.6
5.156307,1,1,0.204000,0.204000,0.2490,-0.04500,1,1,0.0260,1,1,+0.03654,+0.65951,0.12031,298.71,+0.04644,+0.05267,+0.03112,+0.55004,0.13985,1.0000,1,0,0,0,0.0000,-0.05579,-0.00145,0.7045,+0.000,-2.661,0.8125,0,0.8125,1,1,+5.000,-2.162,+1.900,+0.00554,-12.671,+0.00000,+0.00,+0.00000,0,+0.00000,+0.00000,0.00330,+0.577,0,24.6,24.6
5.183719,1,1,0.204000,0.204000,0.2490,-0.04500,1,1,0.0260,1,1,+0.03567,+0.67131,0.11941,300.84,+0.04514,+0.05176,+0.03308,+0.56466,0.13739,1.0000,1,0,0,0,0.0000,-0.05281,-0.00137,0.6669,+0.000,-2.587,0.8351,0,0.8351,1,1,+5.000,-2.160,+2.015,+0.00563,-12.671,+0.00000,+0.00,+0.00000,0,+0.00000,+0.00000,0.00284,+0.668,0,24.6,24.6
5.212025,1,1,0.204000,0.204000,0.2490,-0.04500,1,1,0.0260,1,1,+0.03505,+0.68094,0.12285,302.57,+0.04389,+0.05078,+0.03446,+0.57907,0.13559,1.0000,1,0,0,0,0.0000,-0.04990,-0.00129,0.6302,+0.000,-2.515,0.8555,0,0.8555,1,1,+5.000,-2.151,+2.126,+0.00562,-12.671,+0.00000,+0.00,+0.00000,0,+0.00000,+0.00000,0.00270,+0.780,0,24.6,24.6
5.240683,1,1,0.204000,0.204000,0.2490,-0.04500,1,1,0.0260,1,1,+0.03556,+0.69630,0.12447,305.33,+0.04285,+0.04979,+0.03471,+0.59377,0.13419,1.0000,1,0,0,0,0.0000,-0.04712,-0.00122,0.5951,+0.000,-2.455,0.8736,0,0.8736,1,1,+5.000,-2.145,+2.223,+0.00560,-12.672,+0.00000,+0.00,+0.00000,0,+0.00000,+0.00000,0.00224,+0.881,0,24.6,24.6
5.268762,1,1,0.204000,0.204000,0.2490,-0.04500,1,1,0.0260,1,1,+0.03565,+0.70575,0.12522,307.04,+0.04196,+0.04882,+0.03432,+0.60755,0.13309,1.0000,1,0,0,0,0.0000,-0.04455,-0.00115,0.5626,+0.000,-2.404,0.8892,0,0.8892,1,1,+5.000,-2.138,+2.308,+0.00557,-12.672,+0.00000,+0.00,+0.00000,0,+0.00000,+0.00000,0.00206,+0.972,0,24.6,24.6
5.295849,1,1,0.204000,0.204000,0.2490,-0.04500,1,1,0.0260,1,1,+0.03315,+0.71725,0.12595,309.11,+0.04091,+0.04788,+0.03485,+0.62064,0.13224,1.0000,1,0,0,0,0.0000,-0.04220,-0.00109,0.5330,+0.000,-2.344,0.9024,0,0.9024,1,1,+5.000,-2.115,+2.397,+0.00555,-12.672,+0.00000,+0.00,+0.00000,0,+0.00000,+0.00000,0.00162,+1.066,0,24.6,24.6
5.323966,1,1,0.204000,0.204000,0.2490,-0.04500,1,1,0.0260,1,1,+0.03315,+0.71725,0.12595,309.11,+0.03995,+0.04690,+0.03475,+0.63255,0.13146,1.0000,1,0,0,0,0.0000,-0.03989,-0.00103,0.5038,+0.000,-2.289,0.9144,0,0.9144,1,1,+5.000,-2.093,+2.479,+0.00550,-12.673,+0.00000,+0.00,+0.00000,0,+0.00000,+0.00000,0.00162,+1.158,0,24.6,24.6
5.351260,1,1,0.204000,0.204000,0.2490,-0.04500,1,1,0.0260,1,1,+0.03316,+0.73695,0.12509,312.65,+0.03914,+0.04597,+0.03417,+0.64508,0.13070,1.0000,1,0,0,0,0.0000,-0.03777,-0.00098,0.4770,+0.000,-2.242,0.9247,0,0.9247,1,1,+5.000,-2.074,+2.550,+0.00528,-12.673,+0.00000,+0.00,+0.00000,0,+0.00000,+0.00000,0.00137,+1.279,0,24.6,24.6
5.379842,1,1,0.204000,0.204000,0.2490,-0.04500,1,1,0.0260,1,1,+0.03121,+0.75022,0.12802,315.04,+0.03815,+0.04499,+0.03423,+0.65823,0.13036,1.0000,1,0,0,0,0.0000,-0.03568,-0.00092,0.4505,+0.000,-2.186,0.9341,0,0.9341,1,1,+5.000,-2.042,+2.629,+0.00523,-12.674,-0.00000,+0.00,+0.00000,0,+0.00000,+0.00000,0.00121,+1.370,0,24.6,24.6
5.406512,1,1,0.204000,0.204000,0.2490,-0.04500,1,1,0.0260,1,1,+0.03125,+0.76183,0.12886,317.13,+0.03734,+0.04409,+0.03378,+0.67042,0.13019,1.0000,1,0,0,0,0.0000,-0.03382,-0.00088,0.4271,+0.000,-2.139,0.9419,0,0.9419,1,1,+5.000,-2.015,+2.695,+0.00512,-12.674,-0.00000,+0.00,+0.00000,0,+0.00000,+0.00000,0.00115,+1.463,0,24.6,24.6
5.436798,1,1,0.204000,0.204000,0.2490,-0.04500,1,1,0.0260,1,1,+0.03019,+0.77183,0.13194,318.93,+0.03640,+0.04308,+0.03342,+0.68376,0.13042,1.0000,1,0,0,0,0.0000,-0.03184,-0.00082,0.4020,+0.000,-2.085,0.9495,0,0.9495,1,1,+5.000,-1.980,+2.768,+0.00494,-12.675,+0.00000,+0.00,+0.00000,0,+0.00000,+0.00000,0.00119,+1.578,0,24.6,24.6
5.464647,1,1,0.204000,0.204000,0.2490,-0.04500,1,1,0.0260,1,1,+0.03019,+0.77183,0.13194,318.93,+0.03564,+0.04217,+0.03267,+0.69452,0.13060,1.0000,1,0,0,0,0.0000,-0.03011,-0.00078,0.3803,+0.000,-2.042,0.9557,0,0.9557,1,1,+5.000,-1.951,+2.827,+0.00483,-12.675,+0.00000,+0.00,+0.00000,0,+0.00000,+0.00000,0.00119,+1.664,0,24.6,24.6
5.494303,1,1,0.204000,0.204000,0.2490,-0.04500,1,1,0.0260,1,1,+0.02966,+0.79396,0.13229,322.91,+0.03486,+0.04123,+0.03181,+0.70736,0.13082,1.0000,1,0,0,0,0.0000,-0.02838,-0.00074,0.3584,+0.000,-1.998,0.9614,0,0.9614,1,1,+5.000,-1.921,+2.887,+0.00469,-12.676,+0.00000,+0.00,+0.00000,0,+0.00000,+0.00000,0.00100,+1.756,0,24.6,24.6
5.523802,1,1,0.204000,0.204000,0.2490,-0.04500,1,1,0.0260,1,1,+0.02966,+0.79396,0.13229,322.91,+0.03420,+0.04032,+0.03063,+0.71849,0.13101,1.0000,1,0,0,0,0.0000,-0.02675,-0.00069,0.3378,+0.000,-1.959,0.9664,0,0.9664,1,1,+5.000,-1.893,+2.938,+0.00448,-12.677,+0.00000,+0.00,+0.00000,0,+0.00000,+0.00000,0.00100,+1.859,0,24.6,24.6
5.551247,1,1,0.204000,0.204000,0.2490,-0.04500,1,1,0.0260,1,1,+0.02639,+0.80378,0.13777,324.68,+0.03325,+0.03947,+0.03108,+0.72878,0.13182,1.0000,1,0,0,0,0.0000,-0.02532,-0.00066,0.3198,+0.000,-1.905,0.9704,0,0.9704,1,1,+5.000,-1.849,+3.003,+0.00440,-12.677,+0.00000,+0.00,+0.00000,0,+0.00000,+0.00000,0.00070,+1.942,0,24.6,24.6
5.578216,1,1,0.204000,0.204000,0.2490,-0.04500,1,1,0.0260,1,1,+0.02376,+0.81275,0.14240,326.30,+0.03213,+0.03860,+0.03235,+0.73876,0.13308,1.0000,1,0,0,0,0.0000,-0.02399,-0.00062,0.3030,+0.000,-1.841,0.9739,0,0.9739,1,1,+5.000,-1.793,+3.077,+0.00439,-12.678,+0.00000,+0.00,+0.00000,0,+0.00000,+0.00000,0.00064,+2.021,0,24.6,24.6
5.604813,1,1,0.204000,0.204000,0.2490,-0.04500,1,1,0.0260,1,1,+0.02226,+0.81421,0.13721,326.56,+0.03097,+0.03770,+0.03366,+0.74762,0.13357,1.0000,1,0,0,0,0.0000,-0.02275,-0.00059,0.2873,+0.000,-1.774,0.9770,0,0.9770,1,1,+5.000,-1.734,+3.151,+0.00437,-12.678,+0.00000,+0.00,+0.00000,0,+0.00000,+0.00000,0.00076,+2.101,0,24.6,24.6
5.630791,1,1,0.204000,0.204000,0.2490,-0.04500,1,1,0.0260,1,1,+0.02226,+0.81421,0.13721,326.56,+0.02997,+0.03681,+0.03422,+0.75527,0.13399,1.0000,1,0,0,0,0.0000,-0.02160,-0.00056,0.2728,+0.000,-1.717,0.9796,0,0.9796,1,1,+5.000,-1.682,+3.216,+0.00433,-12.679,+0.00000,+0.00,+0.00000,0,+0.00000,+0.00000,0.00076,+2.175,0,24.6,24.6
5.655464,1,1,0.204000,0.204000,0.2490,-0.04500,1,1,0.0260,1,1,+0.01789,+0.82090,0.13483,327.76,+0.02864,+0.03592,+0.03637,+0.76248,0.13408,1.0000,1,0,0,0,0.0000,-0.02056,-0.00053,0.2596,+0.000,-1.641,0.9819,0,0.9819,1,1,+5.000,-1.611,+3.298,+0.00436,-12.679,+0.00000,+0.00,+0.00000,0,+0.00000,+0.00000,0.00068,+2.250,0,24.6,24.6
5.684166,1,1,0.204000,0.204000,0.2490,-0.04500,1,1,0.0260,1,1,+0.02008,+0.81633,0.13322,326.94,+0.02757,+0.03487,+0.03650,+0.76924,0.13397,1.0000,1,0,0,0,0.0000,-0.01941,-0.00050,0.2451,+0.000,-1.579,0.9842,0,0.9842,1,1,+5.000,-1.554,+3.366,+0.00431,-12.680,+0.00000,+0.00,+0.00000,0,+0.00000,+0.00000,0.00075,+2.330,0,24.6,24.6
5.708660,1,1,0.204000,0.204000,0.2490,-0.04500,1,1,0.0260,1,1,+0.01717,+0.81665,0.13100,327.00,+0.02643,+0.03395,+0.03758,+0.77441,0.13365,1.0000,1,0,0,0,0.0000,-0.01848,-0.00048,0.2334,+0.000,-1.514,0.9859,0,0.9859,1,1,+5.000,-1.493,+3.436,+0.00431,-12.681,+0.00000,+0.00,+0.00000,0,+0.00000,+0.00000,0.00117,+2.401,0,24.6,24.6
5.737133,1,1,0.204000,0.204000,0.2490,-0.04500,1,1,0.0260,1,1,+0.01519,+0.81562,0.12910,326.81,+0.02503,+0.03284,+0.03903,+0.77955,0.13308,1.0000,1,0,0,0,0.0000,-0.01746,-0.00045,0.2205,+0.000,-1.434,0.9876,0,0.9876,1,1,+5.000,-1.416,+3.522,+0.00428,-12.682,+0.00000,+0.00,+0.00000,0,+0.00000,+0.00000,0.00167,+2.494,0,24.6,24.6
5.763797,1,1,0.204000,0.204000,0.2490,-0.04500,1,1,0.0260,1,1,+0.01240,+0.81513,0.12970,326.72,+0.02354,+0.03174,+0.04099,+0.78373,0.13268,1.0000,1,0,0,0,0.0000,-0.01655,-0.00043,0.2090,+0.000,-1.349,0.9891,0,0.9891,1,1,+5.000,-1.334,+3.611,+0.00436,-12.682,+0.00000,+0.00,+0.00000,0,+0.00000,+0.00000,0.00215,+2.564,0,24.6,24.6
5.789891,1,1,0.204000,0.204000,0.2490,-0.04500,1,1,0.0260,1,1,+0.01240,+0.81513,0.12970,326.72,+0.02226,+0.03065,+0.04195,+0.78735,0.13234,1.0000,1,0,0,0,0.0000,-0.01571,-0.00041,0.1984,+0.000,-1.275,0.9904,0,0.9904,1,1,+5.000,-1.263,+3.689,+0.00437,-12.683,+0.00000,+0.00,+0.00000,0,+0.00000,+0.00000,0.00215,+2.641,0,24.6,24.6
5.815853,1,1,0.204000,0.204000,0.2490,-0.04500,1,1,0.0260,1,1,+0.01068,+0.82079,0.12778,327.74,+0.02093,+0.02953,+0.04302,+0.79120,0.13181,1.0000,1,0,0,0,0.0000,-0.01492,-0.00039,0.1884,+0.000,-1.199,0.9915,0,0.9915,1,1,+5.000,-1.189,+3.768,+0.00438,-12.684,-0.00000,+0.00,+0.00000,0,+0.00000,+0.00000,0.00243,+2.717,0,24.6,24.6
5.842260,1,1,0.204000,0.204000,0.2490,-0.04500,1,1,0.0260,1,1,+0.01085,+0.83490,0.12460,330.28,+0.01975,+0.02839,+0.04320,+0.79629,0.13097,1.0000,1,0,0,0,0.0000,-0.01415,-0.00037,0.1787,+0.000,-1.132,0.9925,0,0.9925,1,1,+5.000,-1.123,+3.839,+0.00435,-12.685,+0.00000,+0.00,+0.00000,0,+0.00000,+0.00000,0.00237,+2.794,0,24.6,24.6
5.869680,1,1,0.204000,0.204000,0.2490,-0.04500,1,1,0.0260,1,1,+0.00212,+0.83417,0.12656,330.15,+0.01763,+0.02709,+0.04734,+0.80086,0.13044,1.0000,1,0,0,0,0.0000,-0.01339,-0.00035,0.1691,+0.000,-1.010,0.9934,0,0.9934,1,1,+5.000,-1.003,+3.964,+0.00498,-12.948,+0.00000,+0.00,+0.00000,0,+0.00000,+0.00000,0.00219,+2.775,0,24.6,24.6
5.897728,1,1,0.204000,0.204000,0.2490,-0.04500,1,1,0.0260,1,1,+0.00212,+0.83417,0.12656,330.15,+0.01572,+0.02569,+0.04988,+0.80496,0.12996,1.0000,1,0,0,0,0.0000,-0.01266,-0.00033,0.1599,+0.000,-0.901,0.9942,0,0.9942,1,1,+5.000,-0.895,+4.076,+0.00512,-12.948,+0.00000,+0.00,+0.00000,0,+0.00000,+0.00000,0.00219,+2.853,0,24.6,24.6
5.926796,1,1,0.204000,0.204000,0.2490,-0.04500,1,1,0.0260,1,1,-0.00394,+0.84431,0.12583,331.98,+0.01322,+0.02411,+0.05444,+0.80995,0.12944,1.0000,1,0,0,0,0.0000,-0.01195,-0.00031,0.1509,+0.000,-0.758,0.9949,0,0.9949,1,1,+5.000,-0.754,+4.221,+0.00538,-12.949,-0.00000,+0.00,+0.00000,0,+0.00000,+0.00000,0.00208,+2.937,0,24.6,24.6
5.956226,1,1,0.204000,0.204000,0.2490,-0.04500,1,1,0.0260,1,1,-0.00394,+0.84431,0.12583,331.98,+0.01102,+0.02243,+0.05705,+0.81436,0.12898,1.0000,1,0,0,0,0.0000,-0.01127,-0.00029,0.1423,+0.000,-0.632,0.9956,0,0.9956,1,1,+5.000,-0.629,+4.349,+0.00544,-12.951,+0.00000,+0.00,+0.00000,0,+0.00000,+0.00000,0.00208,+3.045,0,24.6,24.6
5.983596,1,1,0.204000,0.204000,0.2490,-0.04500,1,1,0.0260,1,1,-0.00640,+0.84896,0.12595,332.81,+0.00893,+0.02081,+0.05940,+0.81852,0.12861,1.0000,1,0,0,0,0.0000,-0.01067,-0.00028,0.1347,+0.000,-0.511,0.9961,0,0.9961,1,1,+5.000,-0.509,+4.471,+0.00556,-12.952,+0.00000,+0.00,+0.00000,0,+0.00000,+0.00000,0.00188,+3.138,0,24.6,24.6
6.011379,1,1,0.204000,0.204000,0.2490,-0.04500,1,1,0.0260,1,1,-0.01134,+0.85149,0.12656,333.27,+0.00645,+0.01906,+0.06301,+0.82255,0.12836,1.0000,1,0,0,0,0.0000,-0.01009,-0.00026,0.1274,+0.000,-0.370,0.9966,0,0.9966,1,1,+5.000,-0.369,+4.614,+0.00579,-12.953,+0.00000,+0.00,+0.00000,0,+0.00000,+0.00000,0.00174,+3.227,0,24.6,24.6
6.038457,1,1,0.204000,0.204000,0.2490,-0.04500,1,1,0.0260,1,1,-0.01049,+0.85439,0.12741,333.79,+0.00443,+0.01731,+0.06440,+0.82634,0.12825,1.0000,1,0,0,0,0.0000,-0.00956,-0.00025,0.1207,+0.000,-0.254,0.9970,0,0.9970,1,1,+5.000,-0.253,+4.732,+0.00593,-12.954,+0.00000,+0.00,+0.00000,0,+0.00000,+0.00000,0.00155,+3.313,0,24.6,24.6
6.069961,1,1,0.204000,0.204000,0.2490,-0.04500,1,1,0.0260,1,1,-0.01391,+0.85863,0.12886,334.55,+0.00194,+0.01522,+0.06641,+0.83074,0.12833,1.0000,1,0,0,0,0.0000,-0.00897,-0.00023,0.1133,+0.000,-0.111,0.9974,0,0.9974,1,1,+5.000,-0.111,+4.876,+0.00598,-12.955,+0.00000,+0.00,+0.00000,0,+0.00000,+0.00000,0.00120,+3.444,0,24.6,24.6
6.099109,1,1,0.204000,0.204000,0.2490,-0.04500,1,1,0.0260,1,1,-0.01391,+0.85863,0.12886,334.55,-0.00008,+0.01327,+0.06676,+0.83429,0.12840,1.0000,1,0,0,0,0.0000,-0.00847,-0.00022,0.1069,+0.000,+0.004,0.9977,0,0.9977,1,1,+5.000,+0.004,+4.993,+0.00601,-12.957,-0.00000,+0.00,+0.00000,0,+0.00000,+0.00000,0.00120,+3.553,0,24.6,24.6
6.127931,1,1,0.204000,0.204000,0.2490,-0.04500,1,1,0.0260,1,1,-0.02505,+0.86825,0.13076,336.29,-0.00322,+0.01120,+0.07209,+0.83856,0.12870,1.0000,1,0,0,0,0.0000,-0.00799,-0.00021,0.1009,+0.000,+0.185,0.9980,0,0.9980,1,1,+5.000,+0.184,+5.174,+0.00625,-12.959,+0.00000,+0.00,+0.00000,0,+0.00000,+0.00000,0.00053,+3.678,0,36.0,36.0
6.157683,1,1,0.204000,0.204000,0.2490,-0.04500,1,1,0.0260,1,1,-0.02505,+0.86825,0.13076,336.29,-0.00605,+0.00896,+0.07506,+0.84241,0.12896,1.0000,1,0,0,0,0.0000,-0.00753,-0.00020,0.0951,+0.000,+0.347,0.9983,0,0.9983,1,1,+5.000,+0.346,+5.337,+0.00651,-12.960,+0.00000,+0.00,+0.00000,0,+0.00000,+0.00000,0.00053,+3.781,0,36.0,36.0
6.188738,1,1,0.204000,0.204000,0.2490,-0.04500,1,1,0.0260,1,1,-0.02403,+0.87563,0.12898,337.61,-0.00846,+0.00662,+0.07543,+0.84687,0.12897,1.0000,1,0,0,0,0.0000,-0.00708,-0.00018,0.0894,+0.000,+0.485,0.9985,0,0.9985,1,1,+5.000,+0.484,+5.477,+0.00654,-12.962,+0.00000,+0.00,+0.00000,0,+0.00000,+0.00000,0.00030,+3.911,0,36.0,36.0
6.215547,1,1,0.204000,0.204000,0.2490,-0.04500,1,1,0.0260,1,1,-0.02687,+0.87909,0.13041,338.24,-0.01064,+0.00458,+0.07611,+0.85068,0.12914,1.0000,1,0,0,0,0.0000,-0.00671,-0.00017,0.0847,+0.000,+0.610,0.9987,0,0.9987,1,1,+5.000,+0.609,+5.602,+0.00660,-12.964,+0.00000,+0.00,+0.00000,0,+0.00000,+0.00000,0.00029,+4.019,0,36.0,36.0
6.245243,1,1,0.204000,0.204000,0.2490,-0.04500,1,1,0.0260,1,1,-0.03343,+0.88198,0.13088,338.76,-0.01359,+0.00223,+0.07910,+0.85473,0.12936,1.0000,1,0,0,0,0.0000,-0.00632,-0.00016,0.0798,+0.000,+0.778,0.9989,0,0.9989,1,1,+5.000,+0.778,+5.772,+0.00670,-12.966,+0.00000,+0.00,+0.00000,0,+0.00000,+0.00000,0.00023,+4.164,0,36.0,36.0
6.273943,1,1,0.204000,0.204000,0.2490,-0.04500,1,1,0.0260,1,1,-0.03759,+0.88729,0.13088,339.71,-0.01660,-0.00013,+0.08234,+0.85881,0.12955,1.0000,1,0,0,0,0.0000,-0.00597,-0.00015,0.0754,+0.000,+0.951,0.9990,0,0.9990,1,1,+5.000,+0.950,+5.945,+0.00771,-13.216,+0.00000,+0.00,+0.00000,0,+0.00000,+0.00000,0.00017,+4.107,0,36.0,36.0
6.303030,1,1,0.204000,0.204000,0.2490,-0.04500,1,1,0.0260,1,1,-0.04035,+0.89331,0.13029,340.80,-0.01962,-0.00261,+0.08505,+0.86319,0.12965,1.0000,1,0,0,0,0.0000,-0.00563,-0.00015,0.0711,+0.000,+1.124,0.9991,0,0.9991,1,1,+5.000,+1.123,+6.119,+0.00795,-13.218,+0.00000,+0.00,+0.00000,0,+0.00000,+0.00000,0.00021,+4.224,0,36.0,36.0
6.328558,1,1,0.204000,0.204000,0.2490,-0.04500,1,1,0.0260,1,1,-0.04035,+0.89331,0.13029,340.80,-0.02196,-0.00480,+0.08583,+0.86660,0.12972,1.0000,1,0,0,0,0.0000,-0.00535,-0.00014,0.0676,+0.000,+1.258,0.9992,0,0.9992,1,1,+5.000,+1.257,+6.253,+0.00808,-13.220,+0.00000,+0.00,+0.00000,0,+0.00000,+0.00000,0.00021,+4.327,0,36.0,36.0
6.357969,1,1,0.204000,0.204000,0.2490,-0.04500,1,1,0.0260,1,1,-0.04640,+0.89296,0.13240,340.73,-0.02510,-0.00740,+0.08849,+0.86998,0.13006,1.0000,1,0,0,0,0.0000,-0.00504,-0.00013,0.0637,+0.000,+1.438,0.9993,0,0.9993,1,1,+5.000,+1.437,+6.434,+0.00805,-13.223,+0.00000,+0.00,+0.00000,0,+0.00000,+0.00000,0.00024,+4.501,0,36.0,36.0
6.384245,1,1,0.204000,0.204000,0.2490,-0.04500,1,1,0.0260,1,1,-0.05122,+0.89855,0.13322,341.74,-0.02813,-0.00981,+0.09162,+0.87330,0.13043,1.0000,1,0,0,0,0.0000,-0.00479,-0.00012,0.0604,+0.000,+1.612,0.9994,0,0.9994,1,1,+5.000,+1.611,+6.608,+0.00825,-13.225,+0.00000,+0.00,+0.00000,0,+0.00000,+0.00000,0.00016,+4.628,0,36.0,36.0
6.414733,1,1,0.204000,0.204000,0.2490,-0.04500,1,1,0.0260,1,1,-0.05416,+0.90127,0.13356,342.23,-0.03157,-0.01269,+0.09444,+0.87700,0.13084,1.0000,1,0,0,0,0.0000,-0.00450,-0.00012,0.0569,+0.000,+1.809,0.9995,0,0.9995,1,1,+5.000,+1.808,+6.805,+0.00844,-13.228,+0.00000,+0.00,+0.00000,0,+0.00000,+0.00000,0.00023,+4.784,0,36.0,36.0
6.441965,1,1,0.204000,0.204000,0.2490,-0.04500,1,1,0.0260,1,1,-0.06308,+0.90145,0.13053,342.26,-0.03535,-0.01540,+0.09974,+0.87993,0.13081,1.0000,1,0,0,0,0.0000,-0.00426,-0.00011,0.0539,+0.000,+2.025,0.9995,0,0.9995,1,1,+5.000,+2.024,+7.022,+0.00862,-13.231,+0.00000,+0.00,+0.00000,0,+0.00000,+0.00000,0.00026,+4.957,0,36.0,36.0
6.469428,1,1,0.204000,0.204000,0.2490,-0.04500,1,1,0.0260,1,1,-0.05641,+0.93794,0.11614,348.83,-0.03789,-0.01812,+0.09887,+0.88693,0.12903,1.0000,1,0,0,0,0.0000,-0.00404,-0.00010,0.0510,+0.000,+2.171,0.9996,0,0.9996,1,1,+5.000,+2.170,+7.168,+0.00861,-13.234,-0.00000,+0.00,+0.00000,0,+0.00000,+0.00000,0.00029,+5.104,0,36.0,36.0
6.498406,1,1,0.204000,0.204000,0.2490,-0.04500,1,1,0.0260,1,1,-0.05641,+0.93794,0.11614,348.83,-0.04023,-0.02092,+0.09659,+0.89339,0.12740,1.0000,1,0,0,0,0.0000,-0.00381,-0.00010,0.0481,+0.000,+2.305,0.9996,0,0.9996,1,1,+5.000,+2.304,+7.303,+0.00858,-13.237,-0.00000,+0.00,+0.00000,0,+0.00000,+0.00000,0.00029,+5.244,0,36.0,36.0
6.527890,1,1,0.204000,0.204000,0.2490,-0.04500,1,1,0.0260,1,1,-0.06606,+0.94209,0.11453,349.58,-0.04355,-0.02382,+0.09864,+0.89965,0.12575,1.0000,1,0,0,0,0.0000,-0.00359,-0.00009,0.0453,+0.000,+2.495,0.9997,0,0.9997,1,1,+5.000,+2.495,+7.493,+0.00860,-13.241,+0.00000,+0.00,+0.00000,0,+0.00000,+0.00000,0.00033,+5.429,0,36.0,36.0
6.555764,1,1,0.204000,0.204000,0.2490,-0.04500,1,1,0.0260,1,1,-0.06606,+0.94209,0.11453,349.58,-0.04631,-0.02657,+0.09866,+0.90484,0.12438,1.0000,1,0,0,0,0.0000,-0.00340,-0.00009,0.0429,+0.000,+2.653,0.9997,0,0.9997,1,1,+5.000,+2.652,+7.651,+0.00865,-13.244,+0.00000,+0.00,+0.00000,0,+0.00000,+0.00000,0.00033,+5.576,0,36.0,36.0
6.582432,1,1,0.204000,0.204000,0.2490,-0.04500,1,1,0.0260,1,1,-0.07413,+0.94277,0.11263,349.70,-0.04958,-0.02928,+0.10149,+0.90930,0.12299,1.0000,1,0,0,0,0.0000,-0.00322,-0.00008,0.0407,+0.000,+2.841,0.9998,0,0.9998,1,1,+5.000,+2.840,+7.839,+0.00883,-13.247,-0.00000,+0.00,+0.00000,0,+0.00000,+0.00000,0.00047,+5.723,0,36.0,36.0
6.613350,1,1,0.204000,0.204000,0.2490,-0.04500,1,1,0.0260,1,1,-0.08223,+0.94358,0.11235,349.84,-0.05395,-0.03258,+0.10683,+0.91389,0.12157,1.0000,1,0,0,0,0.0000,-0.00303,-0.00008,0.0382,+0.000,+3.091,0.9998,0,0.9998,1,1,+5.000,+3.091,+8.089,+0.00908,-13.252,-0.00000,+0.00,+0.00000,0,+0.00000,+0.00000,0.00052,+5.914,0,36.0,36.0
6.639686,1,1,0.204000,0.204000,0.2490,-0.04500,1,1,0.0260,1,1,-0.08750,+0.94567,0.11222,350.22,-0.05785,-0.03552,+0.11165,+0.91759,0.12048,1.0000,1,0,0,0,0.0000,-0.00287,-0.00007,0.0363,+0.000,+3.315,0.9998,0,0.9998,1,1,+5.000,+3.314,+8.313,+0.00944,-13.255,-0.00000,+0.00,+0.00000,0,+0.00000,+0.00000,0.00053,+6.053,0,36.0,36.0
6.666970,1,1,0.204000,0.204000,0.2490,-0.04500,1,1,0.0260,1,1,-0.09805,+0.94617,0.11263,350.31,-0.06268,-0.03878,+0.11948,+0.92102,0.11954,1.0000,1,0,0,0,0.0000,-0.00272,-0.00007,0.0343,+0.000,+3.591,0.9998,0,0.9998,1,1,+5.000,+3.591,+8.590,+0.00999,-13.258,+0.00000,+0.00,+0.00000,0,+0.00000,+0.00000,0.00045,+6.203,0,36.0,36.0
6.694646,1,1,0.204000,0.204000,0.2490,-0.04500,1,1,0.0260,1,1,-0.10598,+0.94610,0.11331,350.30,-0.06794,-0.04233,+0.12807,+0.92407,0.11878,1.0000,1,0,0,0,0.0000,-0.00257,-0.00007,0.0325,+0.000,+3.893,0.9999,0,0.9999,1,1,+5.000,+3.892,+8.892,+0.01057,-13.262,-0.00000,+0.00,+0.00000,0,+0.00000,+0.00000,0.00059,+6.367,0,36.0,36.0
6.721965,1,1,0.204000,0.204000,0.2490,-0.04500,1,1,0.0260,1,1,-0.10598,+0.94610,0.11331,350.30,-0.07251,-0.04596,+0.13279,+0.92672,0.11812,1.0000,1,0,0,0,0.0000,-0.00244,-0.00006,0.0308,+0.000,+4.155,0.9999,0,0.9999,1,1,+5.000,+4.154,+9.154,+0.01095,-13.267,+0.00000,+0.00,+0.00000,0,+0.00000,+0.00000,0.00059,+6.536,0,36.0,36.0
6.751241,1,1,0.204000,0.204000,0.2490,-0.04500,1,1,0.0260,1,1,-0.11908,+0.94691,0.11372,350.44,-0.07846,-0.05011,+0.14177,+0.92929,0.11756,1.0000,1,0,0,0,0.0000,-0.00230,-0.00006,0.0290,+0.000,+4.495,0.9999,0,0.9999,1,1,+5.000,+4.495,+9.494,+0.01145,-13.272,+0.00000,+0.00,+0.00000,0,+0.00000,+0.00000,0.00081,+6.755,0,36.0,36.0
6.778370,1,1,0.204000,0.204000,0.2490,-0.04500,1,1,0.0260,1,1,-0.12568,+0.94672,0.11587,350.41,-0.08410,-0.05417,+0.14966,+0.93138,0.11736,1.0000,1,0,0,0,0.0000,-0.00218,-0.00006,0.0275,+0.000,+4.819,0.9999,0,0.9999,1,1,+5.000,+4.818,+9.818,+0.01200,-13.278,+0.00000,+0.00,+0.00000,0,+0.00000,+0.00000,0.00097,+6.948,0,36.0,36.0
6.807002,1,1,0.204000,0.204000,0.2490,-0.04500,1,1,0.0260,1,1,-0.13765,+0.94663,0.11876,350.39,-0.09081,-0.05876,+0.16025,+0.93329,0.11754,1.0000,1,0,0,0,0.0000,-0.00205,-0.00005,0.0259,+0.000,+5.203,0.9999,0,0.9999,1,1,+5.000,+5.202,+10.202,+0.01289,-13.282,-0.00000,+0.00,+0.00000,0,+0.00000,+0.00000,0.00092,+7.126,0,36.0,36.0
6.836411,1,1,0.204000,0.204000,0.2490,-0.04500,1,1,0.0260,1,1,-0.14441,+0.94560,0.12070,350.21,-0.09768,-0.06375,+0.16967,+0.93486,0.11794,1.0000,1,0,0,0,0.0000,-0.00194,-0.00005,0.0245,+0.000,+5.597,0.9999,0,0.9999,1,1,+5.000,+5.596,+10.596,+0.01362,-13.289,+0.00000,+0.00,+0.00000,0,+0.00000,+0.00000,0.00101,+7.346,0,36.0,36.0
6.863936,1,1,0.204000,0.204000,0.2490,-0.04500,1,1,0.0260,1,1,-0.14441,+0.94560,0.12070,350.21,-0.10333,-0.06853,+0.17399,+0.93616,0.11827,1.0000,1,0,0,0,0.0000,-0.00183,-0.00005,0.0232,+0.000,+5.920,0.9999,0,0.9999,1,1,+5.000,+5.920,+10.920,+0.01391,-13.296,+0.00000,+0.00,+0.00000,0,+0.00000,+0.00000,0.00101,+7.594,0,36.0,36.0
6.894607,1,1,0.204000,0.204000,0.2490,-0.04500,1,1,0.0260,1,1,-0.15702,+0.94409,0.12485,349.94,-0.11047,-0.07411,+0.18180,+0.93722,0.11915,1.0000,1,0,0,0,0.0000,-0.00172,-0.00004,0.0218,+0.000,+6.329,0.9999,0,0.9999,1,1,+5.000,+6.329,+11.329,+0.01462,-13.303,-0.00000,+0.00,+0.00000,0,+0.00000,+0.00000,0.00099,+7.833,0,36.0,36.0
6.926141,1,1,0.204000,0.204000,0.2490,-0.04500,1,1,0.0260,1,1,-0.17138,+0.94199,0.12958,349.56,-0.11877,-0.08019,+0.19287,+0.93787,0.12057,1.0000,1,0,0,0,0.0000,-0.00162,-0.00004,0.0204,+0.000,+6.805,1.0000,0,1.0000,1,1,+5.000,+6.804,+11.804,+0.01534,-13.313,+0.00000,+0.00,+0.00000,0,+0.00000,+0.00000,0.00101,+8.138,0,36.0,36.0
6.952521,1,1,0.204000,0.204000,0.2490,-0.04500,1,1,0.0260,1,1,-0.18211,+0.93974,0.13287,349.15,-0.12615,-0.08555,+0.20300,+0.93809,0.12200,1.0000,1,0,0,0,0.0000,+0.00000,+0.00000,0.0194,+0.000,+7.228,1.0000,0,1.0000,1,1,+5.000,+7.227,+12.227,+0.01698,-13.438,-0.00000,+0.00,+0.00000,0,+0.00000,+0.00000,0.00108,+8.178,0,36.0,36.0
6.981372,1,1,0.204000,0.204000,0.2490,-0.04500,1,1,0.0260,1,1,-0.19401,+0.93685,0.13867,348.63,-0.13470,-0.09174,+0.21479,+0.93793,0.12410,1.0000,1,0,0,0,0.0000,+0.00000,+0.00000,0.0183,+0.000,+7.718,1.0000,0,1.0000,1,1,+5.000,+7.718,+12.717,+0.01794,-13.447,+0.00000,+0.00,+0.00000,0,+0.00000,+0.00000,0.00105,+8.441,0,36.0,36.0
7.010916,1,1,0.204000,0.204000,0.2490,-0.04500,1,1,0.0260,1,1,-0.20743,+0.93236,0.14657,347.82,-0.14406,-0.09848,+0.22793,+0.93721,0.12699,1.0000,1,0,0,0,0.0000,+0.00000,+0.00000,0.0173,+0.000,+8.254,1.0000,0,1.0000,1,1,+5.000,+8.254,+13.254,+0.01875,-13.458,+0.00000,+0.00,+0.00000,0,+0.00000,+0.00000,0.00098,+8.776,0,36.0,36.0
7.042647,1,1,0.204000,0.204000,0.2490,-0.04500,1,1,0.0260,1,1,-0.22187,+0.92763,0.15426,346.97,-0.15472,-0.10618,+0.24269,+0.93590,0.13073,1.0000,1,0,0,0,0.0000,+0.00000,+0.00000,0.0162,+0.000,+8.865,1.0000,0,1.0000,1,1,+5.000,+8.864,+13.864,+0.01990,-13.470,-0.00000,+0.00,+0.00000,0,+0.00000,+0.00000,0.00087,+9.111,0,36.0,36.0
7.076623,1,1,0.204000,0.204000,0.2490,-0.04500,1,1,0.0260,1,1,-0.23882,+0.92144,0.16358,345.86,-0.16693,-0.11500,+0.25965,+0.93380,0.13550,1.0000,1,0,0,0,0.0000,+0.00000,+0.00000,0.0151,+0.000,+9.564,1.0000,0,1.0000,1,1,+5.000,+9.564,+14.564,+0.02110,-13.485,+0.00000,+0.00,+0.00000,0,+0.00000,+0.00000,0.00080,+9.526,0,36.0,36.0
7.109056,1,1,0.204000,0.204000,0.2490,-0.04500,1,1,0.0260,1,1,-0.25035,+0.91587,0.17096,344.86,-0.17857,-0.12387,+0.27350,+0.93130,0.14045,1.0000,1,0,0,0,0.0000,+0.00000,+0.00000,0.0142,+0.000,+10.231,1.0000,0,1.0000,1,1,+5.000,+10.231,+15.231,+0.02423,-13.726,+0.00000,+0.00,+0.00000,0,+0.00000,+0.00000,0.00065,+9.466,0,36.0,36.0
7.139121,1,1,0.204000,0.204000,0.2490,-0.04500,1,1,0.0260,1,1,-0.27466,+0.90635,0.18459,343.14,-0.19113,-0.13266,+0.29234,+0.92804,0.14622,1.0000,1,0,0,0,0.0000,+0.00000,+0.00000,0.0134,+0.000,+10.951,1.0000,0,1.0000,1,1,+5.000,+10.951,+15.950,+0.02657,-13.849,+0.00000,+0.00,+0.00000,0,+0.00000,+0.00000,0.00055,+9.634,0,34.6,34.6
7.171291,1,1,0.204000,0.204000,0.2490,-0.04500,1,1,0.0260,1,1,-0.27466,+0.90635,0.18459,343.14,-0.20270,-0.14237,+0.30168,+0.92503,0.15153,1.0000,1,0,0,0,0.0000,+0.00000,+0.00000,0.0125,+0.000,+11.000,1.0000,0,1.0000,1,1,+5.000,+11.000,+16.000,+0.02469,-13.868,+0.00000,+0.00,+0.00000,0,+0.00000,+0.00000,0.00055,+10.086,0,34.6,34.6
7.203097,1,1,0.204000,0.204000,0.2490,-0.04500,1,1,0.0260,1,1,-0.29621,+0.87133,0.22594,336.84,-0.21553,-0.15240,+0.31564,+0.91766,0.16174,1.0000,1,0,0,0,0.0000,+0.00000,+0.00000,0.0118,+0.000,+11.000,1.0000,0,1.0000,1,1,+5.000,+11.000,+16.000,+0.02381,-14.126,-0.00000,+0.00,+0.00000,0,+0.00000,+0.00000,0.00049,+10.255,0,34.6,34.6
7.240021,1,1,0.204000,0.204000,0.2490,-0.04500,1,1,0.0260,1,1,-0.32132,+0.86034,0.24764,334.86,-0.23202,-0.16481,+0.33603,+0.90873,0.17513,1.0000,1,0,0,0,0.0000,+0.00000,+0.00000,0.0109,+0.000,+11.000,1.0000,0,1.0000,1,1,+5.000,+11.000,+16.000,+0.02370,-14.348,+0.00000,+0.00,+0.00000,0,+0.00000,+0.00000,0.00038,+10.295,0,34.6,34.6
7.279345,1,1,0.204000,0.204000,0.2490,-0.04500,1,1,0.0260,1,1,-0.34224,+0.85104,0.26690,333.19,-0.25013,-0.17883,+0.35649,+0.89925,0.19021,1.0000,1,0,0,0,0.0000,+0.00000,+0.00000,0.0101,+0.000,+11.000,1.0000,0,1.0000,1,1,+5.000,+11.000,+16.000,+0.02192,-14.485,+0.00000,+0.00,+0.00000,0,+0.00000,+0.00000,0.00033,+10.719,0,34.6,34.6
7.319700,1,1,0.204000,0.204000,0.2490,-0.04500,1,1,0.0260,1,1,-0.36823,+0.83620,0.29439,330.52,-0.26996,-0.19413,+0.37914,+0.88867,0.20770,1.0000,1,0,0,0,0.0000,+0.00000,+0.00000,0.0093,+0.000,+11.000,1.0000,0,1.0000,1,1,+5.000,+11.000,+16.000,+0.02053,-14.609,+0.00000,+0.00,+0.00000,0,+0.00000,+0.00000,0.00020,+11.036,0,34.6,34.6
7.361396,1,1,0.204000,0.204000,0.2490,-0.04500,1,1,0.0260,1,1,-0.39749,+0.81818,0.32313,327.27,-0.29196,-0.21101,+0.40476,+0.87651,0.22761,1.0000,1,0,0,0,0.0000,+0.00000,+0.00000,0.0086,+0.000,+11.000,1.0000,0,1.0000,1,1,+5.000,+11.000,+16.000,+0.01983,-14.849,-0.00000,+0.00,+0.00000,0,+0.00000,+0.00000,0.00019,+11.207,0,34.6,34.6
7.410069,1,1,0.204000,0.204000,0.2490,-0.04500,1,1,0.0260,1,1,-0.42443,+0.79929,0.34619,323.87,-0.31789,-0.23193,+0.42980,+0.86139,0.25082,1.0000,1,0,0,0,0.0000,+0.00000,+0.00000,0.0078,+0.000,+11.000,0.8043,1,0.8043,1,1,+5.000,+8.847,+12.868,+0.00424,-14.986,-0.00000,+0.00,+0.00000,0,+0.00000,+0.00000,0.00025,+11.670,0,34.6,34.6
7.463153,1,1,0.204000,0.204000,0.2490,-0.04500,1,1,0.0260,1,1,-0.50669,+0.70031,0.45684,306.06,-0.35749,-0.25826,+0.49613,+0.82761,0.29403,1.0000,1,0,0,0,0.0000,+0.00000,+0.00000,0.0070,+0.000,+11.000,0.6356,1,0.6356,1,1,+5.000,+6.991,+10.169,-0.00936,-15.115,-0.00000,+0.00,+0.00000,0,+0.00000,+0.00000,0.00000,+12.094,0,34.6,34.6
7.535509,1,1,0.230308,0.230308,0.2490,-0.01869,1,1,0.0260,1,1,-0.42733,+0.61115,0.52299,290.01,-0.37604,-0.28955,+0.43244,+0.77010,0.35486,1.0000,1,0,0,0,0.0000,+0.00000,+0.00000,0.0060,+0.000,+11.000,0.4667,1,0.4667,1,1,+5.000,+5.134,+7.468,-0.01957,-15.318,-0.00000,+0.00,+0.00000,0,+0.00000,+0.00000,0.00000,+11.911,0,34.6,34.6
7.616070,1,1,0.262871,0.262871,0.2490,+0.01387,1,1,0.0260,1,1,-0.38480,+0.56276,0.56067,281.30,-0.37856,-0.31511,+0.31723,+0.71056,0.41396,1.0000,1,0,0,0,0.0000,+0.00000,+0.00000,0.0051,+0.000,+11.000,0.3327,1,0.3327,1,1,+5.000,+3.660,+5.323,-0.02514,-15.495,+0.00002,+0.00,+0.00000,0,+0.00000,+0.00000,0.00000,+11.178,0,34.6,34.6
7.706231,1,1,0.262871,0.262871,0.2490,+0.01387,1,1,0.0260,1,0,+0.00000,+0.00000,0.00000,0.00,-0.37856,-0.33483,+0.21866,+0.71056,0.41396,1.0000,0,0,0,0,0.0000,+0.00000,+0.00000,0.0043,+0.000,+11.000,0.2293,1,0.2293,1,1,+5.000,+2.523,+3.669,-0.01913,-16.145,+0.00004,+0.00,+0.00000,0,+0.00000,+0.00000,0.00022,+8.255,0,34.6,34.6
7.768083,1,1,0.262871,0.262871,0.2490,+0.01387,1,1,0.0260,1,0,+0.00000,+0.00000,0.00000,0.00,-0.37856,-0.34516,+0.16701,+0.71056,0.41396,1.0000,0,0,0,0,0.0000,+0.00000,+0.00000,0.0038,+0.000,+11.000,0.1752,1,0.1752,1,1,+5.000,+1.927,+2.802,-0.01096,-35.523,-16.48560,+0.00,+0.00000,0,+0.00000,+0.00000,0.00000,+6.971,0,34.6,34.6
7.849491,1,1,0.262871,0.262871,0.2490,+0.01387,1,1,0.0260,1,0,+0.00000,+0.00000,0.00000,0.00,-0.37856,-0.35482,+0.11870,+0.71056,0.41396,1.0000,0,0,0,0,0.0000,+0.00000,+0.00000,0.0032,+0.000,+11.000,0.1245,1,0.1245,1,1,+5.000,+1.369,+1.992,-0.03697,-42.833,+0.01171,+0.00,+0.00000,0,+0.00000,+0.00000,0.00000,+10.795,0,34.6,34.6
7.926481,1,1,0.262871,0.262871,0.2490,+0.01387,1,1,0.0260,1,0,+0.00000,+0.00000,0.00000,0.00,-0.37856,-0.36142,+0.08570,+0.71056,0.41396,1.0000,0,0,0,0,0.0000,+0.00000,+0.00000,0.0028,+0.000,+11.000,0.0899,1,0.0899,1,1,+5.000,+0.989,+1.438,-0.03681,-42.872,+0.05006,+0.00,+0.00000,0,+0.00000,+0.00000,0.00000,+9.950,0,34.6,34.6
8.000417,1,1,0.262871,0.262871,0.2490,+0.01387,1,1,0.0260,1,0,+0.00000,+0.00000,0.00000,0.00,-0.37856,-0.36604,+0.06257,+0.71056,0.41396,1.0000,0,0,0,0,0.0000,+0.00000,+0.00000,0.0024,+0.000,+11.000,0.0656,1,0.0656,1,1,+5.000,+0.722,+1.050,-0.02764,-39.789,+0.02319,+0.00,+0.00000,0,+0.00000,+0.00000,0.00000,+7.755,0,34.6,34.6
8.061554,1,1,0.261665,0.261665,0.2490,+0.01266,1,1,0.0260,1,0,+0.00000,+0.00000,0.00000,0.00,-0.34564,-0.33421,+0.05713,+0.64878,0.37796,0.9130,0,0,0,0,0.0000,+0.00000,+0.00000,0.0021,+0.000,+11.000,0.0503,1,0.0503,1,1,+4.337,+0.553,+0.771,-0.01716,-34.526,+0.01608,+0.00,+0.00000,0,+0.00000,+0.00000,0.00000,+5.075,0,34.6,34.6
8.115483,1,1,0.260370,0.260370,0.2490,+0.01137,1,1,0.0260,1,0,+0.00000,+0.00000,0.00000,0.00,-0.31030,-0.30004,+0.05129,+0.58244,0.33932,0.8197,0,0,0,0,0.0000,+0.00000,+0.00000,0.0019,+0.000,+11.000,0.0396,1,0.0396,1,1,+3.822,+0.435,+0.587,-0.01191,-30.494,+0.01250,+0.00,+0.00000,0,+0.00000,+0.00000,0.00000,+3.585,0,34.6,34.6
8.171790,1,1,0.259159,0.259159,0.2490,+0.01016,1,1,0.0260,1,0,+0.00000,+0.00000,0.00000,0.00,-0.27725,-0.26809,+0.04583,+0.52041,0.30318,0.7324,0,0,0,0,0.0000,+0.00000,+0.00000,0.0017,+0.000,+11.000,0.0309,1,0.0309,1,1,+3.350,+0.340,+0.443,-0.00747,-26.306,+0.00945,+0.00,+0.00000,0,+0.00000,+0.00000,0.00000,+2.320,0,17.4,17.4
8.223343,1,1,0.258164,0.258164,0.2490,+0.00916,1,1,0.0260,1,0,+0.00000,+0.00000,0.00000,0.00,-0.25009,-0.24182,+0.04134,+0.46943,0.27348,0.6606,0,0,0,0,0.0000,+0.00000,+0.00000,0.0015,+0.000,+11.000,0.0246,1,0.0246,1,1,+2.968,+0.270,+0.343,-0.00490,-23.100,+0.00767,+0.00,+0.00000,0,+0.00000,+0.00000,0.00000,+1.589,0,17.4,17.4
8.272957,1,1,0.257298,0.257298,0.2490,+0.00830,1,1,0.0260,1,0,+0.00000,+0.00000,0.00000,0.00,-0.22647,-0.21898,+0.03743,+0.42508,0.24764,0.5982,0,0,0,0,0.0000,+0.00000,+0.00000,0.0014,+0.000,+11.000,0.2184,0,0.2184,1,1,+2.640,+2.403,+2.980,+0.00851,-20.227,+0.00616,+0.00,+0.00000,0,+0.00000,+0.00000,0.00048,+1.104,0,17.4,17.4
8.326561,1,1,0.256455,0.256455,0.2490,+0.00745,1,1,0.0260,1,0,+0.00000,+0.00000,0.00000,0.00,-0.20344,-0.19672,+0.03363,+0.38187,0.22247,0.5374,0,0,1,0,0.0000,-0.06224,+0.00000,1.0000,+0.000,+11.000,0.3836,0,0.3836,1,1,+2.328,+4.220,+5.113,+0.01927,-17.636,+0.00504,+0.00,+0.00000,1,-0.29447,+0.00000,0.01515,+0.750,0,17.4,17.4
8.379384,1,1,0.255707,0.255707,0.2490,+0.00671,1,1,0.0260,1,0,+0.00000,+0.00000,0.00000,0.00,-0.18305,-0.17700,+0.03026,+0.34358,0.20016,0.4835,0,0,1,0,0.0000,-0.07015,-0.00189,1.0000,+0.000,+10.488,0.5124,0,0.5124,1,1,+2.057,+5.374,+6.428,+0.02407,-15.318,+0.00385,+0.00,+0.00000,1,-0.10011,-0.00906,0.02125,+0.808,0,17.4,17.4
8.431030,2,1,0.255049,0.255049,0.2490,+0.00605,1,1,0.0260,1,0,+0.00000,+0.00000,0.00000,0.00,-0.16508,-0.15963,+0.02729,+0.30987,0.18052,0.4361,0,0,1,0,0.0000,-0.07650,-0.00791,1.0000,+0.000,+9.459,0.6125,0,0.6125,1,1,+1.821,+5.793,+6.909,+0.02404,-13.264,+0.00302,+0.00,+0.00000,1,-0.10108,-0.03120,0.01732,+1.185,0,17.4,17.4
8.488513,2,1,0.254392,0.254392,0.2490,+0.00539,1,1,0.0260,1,0,+0.00000,+0.00000,0.00000,0.00,-0.14715,-0.14229,+0.02432,+0.27621,0.16092,0.3887,0,0,1,0,0.0000,-0.08686,-0.00372,1.0000,+0.000,+8.431,0.6990,0,0.6990,1,1,+1.593,+5.893,+7.007,+0.02206,-11.386,+0.00249,+0.00,+0.00000,1,-0.12292,+0.01083,0.01660,+1.695,0,17.4,17.4
8.545176,2,1,0.253814,0.253814,0.2490,+0.00481,1,1,0.0260,1,0,+0.00000,+0.00000,0.00000,0.00,-0.13139,-0.12704,+0.02172,+0.24662,0.14367,0.3471,0,0,1,0,0.0000,-0.09200,+0.04476,1.0000,+0.000,+7.528,0.7654,0,0.7654,1,1,+1.395,+5.762,+6.830,+0.01878,-9.487,+0.00186,+0.00,+0.00000,1,-0.11015,+0.21588,0.01548,+2.272,0,17.4,17.4
8.601403,2,1,0.253302,0.253302,0.2490,+0.00430,1,1,0.0260,1,0,+0.00000,+0.00000,0.00000,0.00,-0.11741,-0.11353,+0.01941,+0.22039,0.12839,0.3102,0,0,0,0,0.0000,-0.09200,+0.04476,1.0000,+0.000,+6.727,0.8169,0,0.8169,1,1,+1.223,+5.496,+6.495,+0.01598,-7.970,+0.00148,+0.00,+0.00000,1,-0.06894,+0.11130,0.01298,+2.600,0,17.4,17.4
8.656472,2,1,0.252854,0.252854,0.2490,+0.00385,1,1,0.0260,1,0,+0.00000,+0.00000,0.00000,0.00,-0.10517,-0.10169,+0.01738,+0.19740,0.11500,0.2778,0,0,1,0,0.0000,-0.08390,+0.04805,1.0000,+0.000,+6.026,0.8564,0,0.8564,1,1,+1.075,+5.161,+6.081,+0.01291,-6.464,+0.00116,+0.00,+0.00000,1,-0.05449,+0.06001,0.01572,+2.924,0,17.4,17.4
8.706389,2,1,0.241436,0.241436,0.2490,-0.00756,1,1,0.0260,1,1,-0.03520,+0.21613,0.58028,218.90,-0.09119,-0.09959,-0.04201,+0.20114,0.20794,1.0000,1,0,1,0,0.0000,-0.07060,+0.04116,1.0000,+0.000,+5.225,0.8851,0,0.8851,1,1,+1.511,+4.625,+5.962,+0.01202,-5.467,+0.00094,+0.00,+0.00000,1,-0.01728,+0.01356,0.07384,+3.034,0,17.4,17.4
8.801867,2,1,0.236169,0.236169,0.2490,-0.01283,1,1,0.0260,1,1,-0.01847,+0.19288,0.55403,214.72,-0.06769,-0.08929,-0.10796,+0.19847,0.31977,1.0000,1,0,1,0,0.0000,-0.04809,+0.03367,1.0000,+0.000,+3.879,0.5991,1,0.5991,1,1,+2.183,+2.324,+3.632,+0.00164,-3.589,+0.00062,+0.00,+0.00000,1,-0.00093,+0.01797,0.08730,+3.113,0,17.4,17.4
8.894838,2,1,0.258876,0.258876,0.2490,+0.00988,1,1,0.0260,1,1,+0.03430,+0.10918,0.49429,199.65,-0.03533,-0.07216,-0.18417,+0.17014,0.37515,1.0000,1,0,1,0,0.0000,-0.03496,+0.04583,1.0000,+0.000,+2.024,0.4090,1,0.4090,1,1,+2.714,+0.828,+1.938,-0.00672,-2.681,+0.00042,+0.00,+0.00000,1,-0.00672,+0.07200,0.06616,+3.344,0,17.4,17.4
8.975547,2,1,0.283535,0.283535,0.2490,+0.03454,1,1,0.0260,1,1,+0.07772,+0.05319,0.44138,189.57,-0.00283,-0.05223,-0.24701,+0.13651,0.39419,1.0000,1,0,1,0,0.0000,-0.03219,+0.06799,1.0000,+0.000,+0.162,0.2914,1,0.2914,1,1,+3.098,+0.047,+0.950,-0.01126,-2.680,+0.00028,+0.00,+0.00000,1,-0.02533,+0.12289,0.03302,+3.504,0,17.4,17.4
9.047147,2,1,0.300621,0.300621,0.2490,+0.05162,1,1,0.0260,1,1,+0.10197,+0.02435,0.41126,184.38,+0.02480,-0.03192,-0.28361,+0.10694,0.39869,1.0000,1,0,1,0,0.0000,-0.02676,+0.07926,1.0000,+0.000,-1.421,0.2146,1,0.2146,1,1,+3.387,-0.305,+0.422,-0.00952,-1.588,+0.00021,+0.00,+0.00000,1,-0.01157,+0.11074,0.02485,+2.675,0,17.4,17.4
9.110936,2,1,0.316262,0.316262,0.2490,+0.06726,1,1,0.0260,1,1,+0.12811,-0.01349,0.37301,177.57,+0.04978,-0.01216,-0.30974,+0.07782,0.39248,1.0000,1,0,1,0,0.0000,-0.02035,+0.09063,1.0000,+0.000,-2.852,0.1627,1,0.1627,1,1,+3.609,-0.464,+0.123,-0.00638,-0.607,+0.00016,+0.00,+0.00000,1,-0.00025,+0.12631,0.01950,+1.705,0,17.4,17.4
9.167907,2,1,0.324719,0.324719,0.2490,+0.07572,1,1,0.0260,1,1,+0.13610,-0.02621,0.36175,175.28,+0.06892,+0.00581,-0.31554,+0.05476,0.38567,1.0000,1,0,1,0,0.0000,-0.01561,+0.09984,1.0000,+0.000,-3.949,0.1266,1,0.1266,1,1,+3.782,-0.500,-0.021,-0.00485,-0.267,+0.00013,+0.00,+0.00000,1,+0.00102,+0.13215,0.01798,+1.185,0,17.4,17.4
9.220134,2,1,0.330458,0.330458,0.2490,+0.08146,1,1,0.0260,1,1,+0.15242,-0.04271,0.34089,172.31,+0.08621,+0.02246,-0.31875,+0.03457,0.37640,1.0000,1,0,1,0,0.0000,-0.01179,+0.10966,1.0000,+0.000,-4.939,0.1004,1,0.1004,1,1,+3.923,-0.496,-0.102,-0.00435,-0.267,+0.00010,+0.00,+0.00000,1,+0.00283,+0.14725,0.01606,+0.956,0,16.2,16.2
9.271575,2,1,0.332818,0.332818,0.2490,+0.08382,1,1,0.0260,1,1,+0.15950,-0.05078,0.33208,170.86,+0.10120,+0.03857,-0.31317,+0.01711,0.36733,1.0000,1,0,1,0,0.0000,-0.00785,+0.11823,1.0000,+0.000,-5.798,0.0799,1,0.0799,1,1,+4.046,-0.463,-0.140,-0.00383,-0.266,+0.00008,+0.00,+0.00000,1,+0.00748,+0.15158,0.01503,+0.788,0,16.2,16.2
9.322299,2,1,0.333100,0.333100,0.2490,+0.08410,1,1,0.0260,1,1,+0.17319,-0.05890,0.31476,169.40,+0.11577,+0.05419,-0.30790,+0.00173,0.35669,1.0000,1,0,0,0,0.0000,-0.00785,+0.11823,1.0000,+0.000,-6.633,0.0637,1,0.0637,1,1,+4.153,-0.423,-0.158,-0.00326,-0.266,+0.00006,+0.00,+0.00000,1,+0.01753,+0.15140,0.01334,+0.637,0,16.2,16.2
9.367654,2,1,0.331525,0.331525,0.2490,+0.08253,1,1,0.0260,1,1,+0.18113,-0.06261,0.30666,168.73,+0.12785,+0.06780,-0.30023,-0.01016,0.34745,1.0000,1,0,0,0,0.0000,-0.00785,+0.11823,1.0000,+0.000,-7.325,0.0519,1,0.0519,1,1,+4.239,-0.380,-0.160,-0.00280,-0.266,+0.00005,+0.00,+0.00000,1,+0.02516,+0.15625,0.01208,+0.523,0,16.2,16.2
9.415708,2,1,0.327044,0.327044,0.2490,+0.07804,1,1,0.0260,1,1,+0.19576,-0.05962,0.29324,169.27,+0.14100,+0.08198,-0.29510,-0.01974,0.33694,1.0000,1,0,0,0,0.0000,-0.00785,+0.11823,1.0000,+0.000,-8.079,0.0419,1,0.0419,1,1,+4.321,-0.338,-0.157,-0.00234,-0.266,+0.00004,+0.00,+0.00000,1,+0.04501,+0.14677,0.01093,+0.415,0,16.2,16.2
9.462635,2,1,0.321332,0.321332,0.2490,+0.07233,1,1,0.0260,1,1,+0.20123,-0.05798,0.28556,169.56,+0.15245,+0.09538,-0.28537,-0.02701,0.32718,1.0000,1,0,0,0,0.0000,-0.00785,+0.11823,1.0000,+0.000,-8.735,0.0339,1,0.0339,1,1,+4.392,-0.296,-0.147,-0.00193,-0.266,+0.00004,+0.00,+0.00000,1,+0.05610,+0.13960,0.01051,+0.325,0,16.2,16.2
9.505445,2,1,0.314282,0.314282,0.2490,+0.06528,1,1,0.0260,1,1,+0.21579,-0.05057,0.27493,170.90,+0.16362,+0.10741,-0.28105,-0.03116,0.31797,1.0000,1,0,0,0,0.0000,-0.00785,+0.11823,1.0000,+0.000,-9.375,0.0279,1,0.0279,1,1,+4.451,-0.262,-0.138,-0.00161,-0.266,+0.00003,+0.00,+0.00000,1,+0.06613,+0.14975,0.00981,+0.256,0,16.2,16.2
9.543250,2,1,0.307300,0.307300,0.2490,+0.05830,1,1,0.0260,1,1,+0.22382,-0.04468,0.26886,171.96,+0.17319,+0.11787,-0.27661,-0.03331,0.31016,1.0000,1,0,0,0,0.0000,-0.00785,+0.11823,1.0000,+0.000,-9.923,0.0235,1,0.0235,1,1,+4.498,-0.233,-0.127,-0.00132,-0.266,+0.00002,+0.00,+0.00000,1,+0.07325,+0.14667,0.00980,+0.197,0,16.2,16.2
9.587241,2,1,0.298836,0.298836,0.2490,+0.04984,1,1,0.0260,1,1,+0.22958,-0.03840,0.26317,173.09,+0.18336,+0.12967,-0.26841,-0.03423,0.30169,1.0000,1,0,0,0,0.0000,-0.00785,+0.11823,1.0000,+0.000,-10.505,0.0193,1,0.0193,1,1,+4.548,-0.202,-0.115,-0.00107,-0.266,+0.00002,+0.00,+0.00000,1,+0.08035,+0.14877,0.01200,+0.149,0,16.2,16.2
9.629298,2,1,0.290498,0.290498,0.2490,+0.04150,1,1,0.0260,1,1,+0.23460,-0.03119,0.25838,174.39,+0.19226,+0.14055,-0.25856,-0.03370,0.29416,1.0000,1,0,1,0,0.0000,+0.00847,+0.12431,1.0000,+0.000,-11.000,0.0159,1,0.0159,1,1,+4.591,-0.175,-0.102,-0.00086,-0.266,+0.00002,+0.00,+0.00000,1,+0.08606,+0.15319,0.02065,+0.111,0,16.2,16.2
9.674881,2,1,0.277415,0.277415,0.2490,+0.02841,1,1,0.0260,1,1,+0.24299,-0.00451,0.24171,179.19,+0.20168,+0.15189,-0.24891,-0.02828,0.28443,1.0000,1,0,1,0,0.0000,+0.02564,+0.13712,1.0000,+0.000,-11.000,0.0130,1,0.0130,1,1,+4.633,-0.143,-0.083,+0.00009,+0.233,+0.00001,+0.00,+0.00000,1,+0.10099,+0.19335,0.03560,-0.091,0,16.2,16.2
9.716749,2,1,0.266123,0.266123,0.2490,+0.01712,1,1,0.0260,1,1,+0.24413,+0.00635,0.23439,181.14,+0.20902,+0.16178,-0.23621,-0.02229,0.27577,1.0000,1,0,1,0,0.0000,+0.03939,+0.14785,1.0000,+0.000,-11.000,0.0107,1,0.0107,1,1,+4.668,-0.118,-0.068,+0.00115,+0.811,+0.00001,+0.00,+0.00000,1,+0.10508,+0.19909,0.03837,-0.322,0,16.2,16.2
9.757121,2,1,0.256247,0.256247,0.2490,+0.00725,1,1,0.0260,1,1,+0.24988,+0.01541,0.23061,182.77,+0.21589,+0.17087,-0.22508,-0.01596,0.26818,1.0000,1,0,1,0,0.0000,+0.05126,+0.15705,1.0000,+0.000,-11.000,0.0089,1,0.0089,1,1,+4.698,-0.098,-0.056,+0.00186,+1.244,+0.00001,+0.00,+0.00000,1,+0.11002,+0.20265,0.04039,-0.482,0,16.2,16.2
9.800468,2,1,0.247208,0.247208,0.2490,-0.00179,1,1,0.0260,1,1,+0.25656,+0.02283,0.22539,184.11,+0.22313,+0.18018,-0.21476,-0.00905,0.26056,1.0000,1,0,1,0,0.0000,+0.06660,+0.16225,1.0000,+0.000,-11.000,0.0073,1,0.0073,1,1,+4.728,-0.081,-0.046,+0.00256,+1.758,+0.00001,+0.00,+0.00000,1,+0.13738,+0.18623,0.04184,-0.646,0,16.2,16.2
9.837884,2,1,0.239344,0.239344,0.2490,-0.00966,1,1,0.0260,1,1,+0.27152,+0.03476,0.22048,186.26,+0.23076,+0.18815,-0.21303,-0.00214,0.25424,1.0000,1,0,1,0,0.0000,+0.08258,+0.16508,1.0000,+0.000,-11.000,0.0062,1,0.0062,1,1,+4.751,-0.068,-0.039,+0.00270,+1.953,+0.00001,+0.00,+0.00000,1,+0.16799,+0.18023,0.04265,-0.677,0,16.2,16.2
9.875191,2,1,0.233306,0.233306,0.2490,-0.01569,1,1,0.0260,1,1,+0.28046,+0.03775,0.21992,186.80,+0.23857,+0.19608,-0.21247,+0.00413,0.24885,1.0000,1,0,1,0,0.0000,+0.09630,+0.16883,1.0000,+0.000,-11.000,0.1624,0,0.1624,1,1,+4.772,-1.787,-1.011,-0.00154,+2.062,+0.00001,+0.00,+0.00000,1,+0.16986,+0.18891,0.04094,-0.684,0,16.2,16.2
9.913375,2,1,0.228623,0.228623,0.2490,-0.02038,1,1,0.0260,1,1,+0.29031,+0.04070,0.21936,187.33,+0.24687,+0.20422,-0.21324,+0.00999,0.24412,1.0000,1,0,1,0,0.0000,+0.10753,+0.17413,1.0000,+0.000,-11.000,0.2967,0,0.2967,1,1,+4.792,-3.264,-1.842,-0.00545,+2.062,+0.00000,+0.00,+0.00000,1,+0.16634,+0.20189,0.03717,-0.622,0,16.2,16.2
9.951878,2,1,0.224815,0.224815,0.2490,-0.02418,1,1,0.0260,1,1,+0.29572,+0.04506,0.21674,188.11,+0.25475,+0.21238,-0.21188,+0.01565,0.23970,1.0000,1,0,1,0,0.0000,+0.11684,+0.18002,1.0000,+0.000,-11.000,0.4102,0,0.4102,1,1,+4.810,-4.512,-2.539,-0.00835,+2.062,+0.00000,+0.00,+0.00000,1,+0.16525,+0.21063,0.03326,-0.609,0,16.2,16.2
9.993471,2,1,0.221397,0.221397,0.2490,-0.02760,1,1,0.0260,1,1,+0.30070,+0.05042,0.21300,189.07,+0.26266,+0.22103,-0.20814,+0.02164,0.23510,1.0000,1,0,1,0,0.0000,+0.12476,+0.18630,1.0000,+0.000,-11.000,0.5118,0,0.5118,1,1,+4.828,-5.629,-3.159,-0.01033,+2.062,+0.00000,+0.00,+0.00000,1,+0.16281,+0.21646,0.03030,-0.724,0,16.2,16.2
10.033310,2,1,0.219004,0.219004,0.2490,-0.03000,1,1,0.0260,1,1,+0.30642,+0.05370,0.21016,189.67,+0.26993,+0.22916,-0.20388,+0.02696,0.23096,1.0000,1,0,1,0,0.0000,+0.13184,+0.19059,1.0000,+0.000,-11.000,0.5929,0,0.5929,1,1,+4.844,-6.521,-3.650,-0.01161,+2.062,+0.00000,+0.00,+0.00000,1,+0.16740,+0.21212,0.02745,-0.899,0,16.2,16.2
10.071175,2,1,0.217254,0.217254,0.2490,-0.03175,1,1,0.0260,1,1,+0.31502,+0.05725,0.20283,190.30,+0.27711,+0.23679,-0.20160,+0.03178,0.22648,1.0000,1,0,1,0,0.0000,+0.13790,+0.19654,1.0000,+0.000,-11.000,0.6577,0,0.6577,1,1,+4.857,-7.234,-4.040,-0.01216,+2.063,+0.00000,+0.00,+0.00000,1,+0.16990,+0.22800,0.02421,-1.145,0,16.2,16.2
10.106437,2,1,0.216478,0.216478,0.2490,-0.03252,1,1,0.0260,1,1,+0.31705,+0.05782,0.20015,190.41,+0.28310,+0.24373,-0.19683,+0.03569,0.22254,1.0000,1,0,1,0,0.0000,+0.14250,+0.20206,1.0000,+0.000,-11.000,0.7090,0,0.7090,1,1,+4.869,-7.799,-4.347,-0.01242,+2.063,+0.00000,+0.00,+0.00000,1,+0.16862,+0.23336,0.02413,-1.379,0,16.2,16.2
10.140316,2,1,0.216301,0.216301,0.2490,-0.03270,1,1,0.0260,1,1,+0.32085,+0.05850,0.19610,190.53,+0.28857,+0.25022,-0.19170,+0.03899,0.21871,1.0000,1,0,1,0,0.0000,+0.14618,+0.20639,1.0000,+0.000,-11.000,0.7511,0,0.7511,1,1,+4.879,-8.263,-4.598,-0.01236,+2.063,+0.00000,+0.00,+0.00000,1,+0.16788,+0.23197,0.02339,-1.638,0,16.2,16.2
10.179005,2,1,0.216986,0.216986,0.2490,-0.03201,1,1,0.0260,1,1,+0.32327,+0.05741,0.19237,190.33,+0.29419,+0.25735,-0.18420,+0.04198,0.21444,1.0000,1,0,1,0,0.0000,+0.14931,+0.21250,1.0000,+0.000,-11.000,0.7915,0,0.7915,1,1,+4.890,-8.706,-4.836,-0.01213,+2.063,+0.00000,+0.00,+0.00000,1,+0.16552,+0.24404,0.02273,-1.925,0,16.2,16.2
10.216409,2,1,0.218349,0.218349,0.2490,-0.03065,1,1,0.0260,1,1,+0.32636,+0.05570,0.18938,190.03,+0.29926,+0.26395,-0.17652,+0.04414,0.21049,1.0000,1,0,1,0,0.0000,+0.15194,+0.21766,1.0000,+0.000,-11.000,0.8243,0,0.8243,1,1,+4.899,-9.068,-5.029,-0.01160,+2.064,+0.00000,+0.00,+0.00000,1,+0.16598,+0.24526,0.02201,-2.239,0,16.2,16.2
10.255299,2,1,0.220604,0.220604,0.2490,-0.02840,1,1,0.0260,1,1,+0.32827,+0.05221,0.18667,189.40,+0.30398,+0.27047,-0.16756,+0.04545,0.20661,1.0000,1,0,1,0,0.0000,+0.15385,+0.22223,1.0000,+0.000,-11.000,0.8529,0,0.8529,1,1,+4.908,-9.382,-5.196,-0.01112,+2.064,+0.00000,+0.00,+0.00000,1,+0.16371,+0.24576,0.02169,-2.519,0,24.2,24.2
10.295267,2,1,0.223025,0.223025,0.2490,-0.02598,1,1,0.0260,1,1,+0.33345,+0.05094,0.18113,189.17,+0.30889,+0.27687,-0.16010,+0.04637,0.20237,1.0000,1,0,1,0,0.0000,+0.15508,+0.22775,1.0000,+0.000,-11.000,0.8774,0,0.8774,1,1,+4.916,-9.652,-5.338,-0.01037,+2.065,+0.00000,+0.00,+0.00000,1,+0.16119,+0.25533,0.01983,-2.837,0,24.2,24.2
10.332910,2,1,0.225462,0.225462,0.2490,-0.02354,1,1,0.0260,1,1,+0.33658,+0.04898,0.17708,188.82,+0.31328,+0.28264,-0.15320,+0.04678,0.19836,1.0000,1,0,1,0,0.0000,+0.15588,+0.23193,1.0000,+0.000,-11.000,0.8968,0,0.8968,1,1,+4.924,-9.865,-5.450,-0.00971,+2.065,+0.00000,+0.00,+0.00000,1,+0.16015,+0.25416,0.01881,-3.104,0,24.2,24.2
10.366570,2,1,0.228362,0.228362,0.2490,-0.02064,1,1,0.0260,1,1,+0.33773,+0.04346,0.17524,187.82,+0.31680,+0.28756,-0.14620,+0.04630,0.19503,1.0000,1,0,1,0,0.0000,+0.15661,+0.23604,1.0000,+0.000,-11.000,0.9117,0,0.9117,1,1,+4.930,-10.029,-5.534,-0.00907,+2.066,+0.00000,+0.00,+0.00000,1,+0.16094,+0.26048,0.01796,-3.342,0,24.2,24.2
10.400150,2,1,0.231055,0.231055,0.2490,-0.01795,1,1,0.0260,1,1,+0.34067,+0.04183,0.17267,187.53,+0.32023,+0.29225,-0.13988,+0.04566,0.19182,1.0000,1,0,1,0,0.0000,+0.15718,+0.23881,1.0000,+0.000,-11.000,0.9244,0,0.9244,1,1,+4.935,-10.168,-5.606,-0.00843,+2.066,+0.00000,+0.00,+0.00000,1,+0.16055,+0.25530,0.01763,-3.567,0,24.2,24.2
10.435719,2,1,0.234335,0.234335,0.2490,-0.01466,1,1,0.0260,1,1,+0.34265,+0.03658,0.16979,186.58,+0.32362,+0.29699,-0.13313,+0.04429,0.18849,1.0000,1,0,1,0,0.0000,+0.15822,+0.24160,1.0000,+0.000,-11.000,0.9358,0,0.9358,1,1,+4.940,-10.294,-5.671,-0.00779,+2.067,+0.00000,+0.00,+0.00000,1,+0.16408,+0.25725,0.01754,-3.785,0,24.2,24.2
10.468070,2,1,0.236717,0.236717,0.2490,-0.01228,1,1,0.0260,1,1,+0.34265,+0.03658,0.16979,186.58,+0.32627,+0.30107,-0.12600,+0.04322,0.18589,1.0000,1,0,1,0,0.0000,+0.15903,+0.24377,1.0000,+0.000,-11.000,0.9447,0,0.9447,1,1,+4.945,-10.392,-5.721,-0.00726,+2.295,+0.00000,+0.00,+0.00000,1,+0.16408,+0.25725,0.01754,-3.964,0,24.2,24.2
10.502481,2,1,0.239659,0.239659,0.2490,-0.00934,1,1,0.0260,1,1,+0.34739,+0.03125,0.16499,185.63,+0.32937,+0.30522,-0.12073,+0.04146,0.18282,1.0000,1,0,1,0,0.0000,+0.16089,+0.24430,1.0000,+0.000,-11.000,0.9529,0,0.9529,1,1,+4.949,-10.481,-5.766,-0.00692,+2.715,+0.00000,+0.00,+0.00000,1,+0.17168,+0.24738,0.02047,-4.093,0,24.2,24.2
10.536526,2,1,0.242293,0.242293,0.2490,-0.00671,1,1,0.0260,1,1,+0.34859,+0.02892,0.16226,185.21,+0.33216,+0.30914,-0.11511,+0.03964,0.17983,1.0000,1,0,1,0,0.0000,+0.16231,+0.24554,1.0000,+0.000,-11.000,0.9597,0,0.9597,1,1,+4.953,-10.557,-5.803,-0.00659,+3.019,+0.00000,+0.00,+0.00000,1,+0.17068,+0.25281,0.02061,-4.212,0,24.2,24.2
10.571265,2,1,0.244766,0.244766,0.2490,-0.00423,1,1,0.0260,1,1,+0.35092,+0.02630,0.16025,184.73,+0.33494,+0.31296,-0.10991,+0.03766,0.17693,1.0000,1,0,1,0,0.0000,+0.16370,+0.24840,1.0000,+0.000,-11.000,0.9657,0,0.9657,1,1,+4.957,-10.622,-5.836,-0.00641,+3.394,+0.00000,+0.00,+0.00000,1,+0.17169,+0.26489,0.02110,-4.289,0,24.2,24.2
10.607271,2,1,0.247297,0.247297,0.2490,-0.00170,1,1,0.0260,1,1,+0.35304,+0.02259,0.15674,184.07,+0.33770,+0.31673,-0.10484,+0.03536,0.17385,1.0000,1,0,1,0,0.0000,+0.16577,+0.25396,1.0000,+0.000,-11.000,0.9709,0,0.9709,1,1,+4.960,-10.680,-5.864,-0.00629,+3.742,+0.00000,+0.00,+0.00000,1,+0.17724,+0.28483,0.02277,-4.348,0,24.2,24.2
10.642524,2,1,0.249117,0.249117,0.2490,+0.00012,1,1,0.0260,1,1,+0.35451,+0.02219,0.15476,183.99,+0.34022,+0.32025,-0.09984,+0.03339,0.17099,1.0000,1,0,1,0,0.0000,+0.16745,+0.25951,1.0000,+0.000,-11.000,0.9753,0,0.9753,1,1,+4.964,-10.728,-5.887,-0.00620,+4.077,+0.00000,+0.00,+0.00000,1,+0.17701,+0.29101,0.02404,-4.394,0,24.2,24.2
10.672997,2,1,0.250376,0.250376,0.2490,+0.00138,1,1,0.0260,1,1,+0.35460,+0.02135,0.15000,183.84,+0.34212,+0.32314,-0.09488,+0.03180,0.16821,1.0000,1,0,1,0,0.0000,+0.16927,+0.26230,1.0000,+0.000,-11.000,0.9785,0,0.9785,1,1,+4.966,-10.764,-5.904,-0.00615,+4.373,+0.00000,+0.00,+0.00000,1,+0.18121,+0.28059,0.02490,-4.425,0,24.2,24.2
10.708921,2,1,0.251994,0.251994,0.2490,+0.00299,1,1,0.0260,1,1,+0.35366,+0.01778,0.14572,183.20,+0.34388,+0.32630,-0.08788,+0.02966,0.16479,1.0000,1,0,1,0,0.0000,+0.17164,+0.26330,1.0000,+0.000,-11.000,0.9818,0,0.9818,1,1,+4.969,-10.800,-5.921,-0.00610,+4.637,+0.00000,+0.00,+0.00000,1,+0.18485,+0.26888,0.02556,-4.453,0,24.2,24.2
10.744690,2,1,0.253436,0.253436,0.2490,+0.00444,1,1,0.0260,1,1,+0.35605,+0.01553,0.14337,182.80,+0.34572,+0.32925,-0.08239,+0.02752,0.16154,1.0000,1,0,1,0,0.0000,+0.17417,+0.26303,1.0000,+0.000,-11.000,0.9846,0,0.9846,1,1,+4.972,-10.830,-5.935,-0.00612,+4.890,+0.00000,+0.00,+0.00000,1,+0.18833,+0.26149,0.02577,-4.463,0,24.2,24.2
10.779826,2,1,0.254848,0.254848,0.2490,+0.00585,1,1,0.0260,1,1,+0.35782,+0.01257,0.14066,182.26,+0.34753,+0.33198,-0.07776,+0.02528,0.15842,1.0000,1,0,1,0,0.0000,+0.17766,+0.26129,1.0000,+0.000,-11.000,0.9869,0,0.9869,1,1,+4.974,-10.856,-5.947,-0.00611,+5.126,+0.00000,+0.00,+0.00000,1,+0.19749,+0.25143,0.02587,-4.479,0,24.2,24.2
10.816685,2,1,0.256572,0.256572,0.2490,+0.00757,1,1,0.0260,1,1,+0.35978,+0.00803,0.13922,181.45,+0.34944,+0.33470,-0.07371,+0.02260,0.15543,1.0000,1,0,1,0,0.0000,+0.18362,+0.25694,1.0000,+0.000,-11.000,0.9889,0,0.9889,1,1,+4.976,-10.878,-5.957,-0.00612,+5.351,-0.00000,+0.00,+0.00000,1,+0.21596,+0.23330,0.02556,-4.485,0,24.2,24.2
10.849941,2,1,0.258400,0.258400,0.2490,+0.00940,1,1,0.0260,1,1,+0.36220,+0.00311,0.13777,180.56,+0.35126,+0.33706,-0.07100,+0.01982,0.15291,1.0000,1,0,1,0,0.0000,+0.19048,+0.25109,1.0000,+0.000,-11.000,0.9905,0,0.9905,1,1,+4.978,-10.895,-5.965,-0.00614,+5.552,+0.00000,+0.00,+0.00000,1,+0.23177,+0.21589,0.02549,-4.490,0,24.2,24.2
10.886577,2,1,0.260736,0.260736,0.2490,+0.01174,1,1,0.0260,1,1,+0.36521,-0.00292,0.13676,179.48,+0.35342,+0.33959,-0.06914,+0.01630,0.15041,1.0000,1,0,1,0,0.0000,+0.19763,+0.24477,1.0000,+0.000,-11.000,0.9920,0,0.9920,1,1,+4.980,-10.912,-5.972,-0.00616,+5.735,+0.00000,+0.00,+0.00000,1,+0.23663,+0.21028,0.02376,-4.492,0,24.2,24.2
10.921184,2,1,0.262681,0.262681,0.2490,+0.01368,1,1,0.0260,1,1,+0.36677,-0.00616,0.13777,178.89,+0.35539,+0.34192,-0.06733,+0.01299,0.14855,1.0000,1,0,1,0,0.0000,+0.20357,+0.23891,1.0000,+0.000,-11.000,0.9932,0,0.9932,1,1,+4.981,-10.925,-5.977,-0.00622,+5.911,+0.00000,+0.00,+0.00000,1,+0.23791,+0.20506,0.02207,-4.484,0,24.2,24.2
10.959498,2,1,0.264615,0.264615,0.2490,+0.01562,1,1,0.0260,1,1,+0.36785,-0.01000,0.13597,178.20,+0.35739,+0.34441,-0.06492,+0.00929,0.14653,1.0000,1,0,1,0,0.0000,+0.20879,+0.23284,1.0000,+0.000,-11.000,0.9943,0,0.9943,1,1,+4.983,-10.937,-5.982,-0.00632,+6.102,+0.00000,+0.00,+0.00000,1,+0.23604,+0.20116,0.02022,-4.465,0,24.2,24.2
10.993259,2,1,0.266250,0.266250,0.2490,+0.01725,1,1,0.0260,1,1,+0.36990,-0.01383,0.13391,177.51,+0.35920,+0.34654,-0.06327,+0.00595,0.14470,1.0000,1,0,1,0,0.0000,+0.21277,+0.22733,1.0000,+0.000,-11.000,0.9951,0,0.9951,1,1,+4.984,-10.946,-5.986,-0.00644,+6.231,+0.00000,+0.00,+0.00000,1,+0.23636,+0.19471,0.01842,-4.440,0,24.2,24.2
11.029546,2,1,0.267434,0.267434,0.2490,+0.01843,1,1,0.0260,1,1,+0.37066,-0.01532,0.13264,177.24,+0.36096,+0.34876,-0.06100,+0.00269,0.14285,1.0000,1,0,1,0,0.0000,+0.21660,+0.22118,1.0000,+0.000,-11.000,0.9958,0,0.9958,1,1,+4.986,-10.954,-5.989,-0.00651,+6.354,+0.00000,+0.00,+0.00000,1,+0.23768,+0.18726,0.01762,-4.427,0,24.2,24.2
11.065243,2,1,0.268365,0.268365,0.2490,+0.01937,1,1,0.0260,1,1,+0.37185,-0.01780,0.13123,176.80,+0.36261,+0.35086,-0.05876,-0.00042,0.14109,1.0000,1,0,1,0,0.0000,+0.21970,+0.21663,1.0000,+0.000,-11.000,0.9965,0,0.9965,1,1,+4.987,-10.961,-5.992,-0.00654,+6.456,+0.00000,+0.00,+0.00000,1,+0.23709,+0.19116,0.01626,-4.421,0,24.2,24.2
11.098818,2,1,0.269447,0.269447,0.2490,+0.02045,1,1,0.0260,1,1,+0.37285,-0.02222,0.12981,176.00,+0.36408,+0.35276,-0.05662,-0.00355,0.13947,1.0000,1,0,1,0,0.0000,+0.22145,+0.18549,1.0000,+0.000,-11.000,0.9970,0,0.9970,1,1,+4.988,-10.967,-5.994,-0.00665,+6.554,+0.00000,+0.00,+0.00000,1,+0.23184,+0.00000,0.01592,-4.398,0,24.2,24.2
11.131982,2,1,0.270697,0.270697,0.2490,+0.02170,1,1,0.0260,1,1,+0.37347,-0.02681,0.12644,175.17,+0.36542,+0.35456,-0.05429,-0.00686,0.13762,1.0000,1,0,0,0,0.0000,+0.22145,+0.18549,1.0000,+0.000,-11.000,0.9974,0,0.9974,1,1,+4.989,-10.971,-5.996,-0.00670,+6.620,+0.00000,+0.00,+0.00000,1,+0.22978,+0.00000,0.01470,-4.387,0,24.2,24.2
11.168244,2,1,0.271985,0.271985,0.2490,+0.02298,1,1,0.0260,1,1,+0.37436,-0.03066,0.12509,174.48,+0.36679,+0.35643,-0.05177,-0.01051,0.13570,1.0000,1,0,0,0,0.0000,+0.22145,+0.18549,1.0000,+0.000,-11.000,0.9978,0,0.9978,1,1,+4.990,-10.976,-5.997,-0.00684,+6.711,-0.00000,+0.00,+0.00000,1,+0.22826,+0.00000,0.01412,-4.356,0,24.2,24.2
11.198723,2,1,0.272604,0.272604,0.2490,+0.02360,1,1,0.0260,1,1,+0.37483,-0.03139,0.12310,174.35,+0.36785,+0.35794,-0.04954,-0.01327,0.13403,1.0000,1,0,0,0,0.0000,+0.22145,+0.18549,1.0000,+0.000,-11.000,0.9981,0,0.9981,1,1,+4.990,-10.979,-5.998,-0.00690,+6.775,+0.00000,+0.00,+0.00000,1,+0.22845,+0.00000,0.01359,-4.343,0,24.2,24.2
11.229388,2,1,0.272743,0.272743,0.2490,+0.02374,1,1,0.0260,1,1,+0.37483,-0.03139,0.12310,174.35,+0.36878,+0.35938,-0.04698,-0.01568,0.13258,1.0000,1,0,0,0,0.0000,+0.22145,+0.18549,1.0000,+0.000,-11.000,0.9983,0,0.9983,1,1,+4.991,-10.982,-5.999,-0.00692,+6.830,+0.00000,+0.00,+0.00000,1,+0.22845,+0.00000,0.01359,-4.339,0,24.2,24.2
11.264758,2,1,0.273361,0.273361,0.2490,+0.02436,1,1,0.0260,1,1,+0.37449,-0.03642,0.12159,173.44,+0.36964,+0.36093,-0.04357,-0.01880,0.13093,1.0000,1,0,0,0,0.0000,+0.22145,+0.18549,1.0000,+0.000,-11.000,0.9986,0,0.9986,1,1,+4.992,-10.985,-6.000,-0.00702,+6.891,-0.00000,+0.00,+0.00000,1,+0.22504,+0.00000,0.01262,-4.315,0,28.7,28.7
11.294745,2,1,0.273489,0.273489,0.2490,+0.02449,1,1,0.0260,1,1,+0.37702,-0.03671,0.12006,173.39,+0.37060,+0.36219,-0.04207,-0.02113,0.12951,1.0000,1,0,0,0,0.0000,+0.22145,+0.18549,1.0000,+0.000,-11.000,0.9988,0,0.9988,1,1,+4.992,-10.987,-6.000,-0.00720,+6.961,+0.00000,+0.00,+0.00000,1,+0.22208,+0.00000,0.01170,-4.275,0,28.7,28.7
11.327832,2,1,0.273581,0.273581,0.2490,+0.02458,1,1,0.0260,1,1,+0.37783,-0.03878,0.11928,173.02,+0.37163,+0.36353,-0.04050,-0.02364,0.12806,1.0000,1,0,0,0,0.0000,+0.22145,+0.18549,1.0000,+0.000,-11.000,0.9990,0,0.9990,1,1,+4.993,-10.988,-6.001,-0.00731,+7.020,+0.00000,+0.00,+0.00000,1,+0.21716,+0.00000,0.01098,-4.248,0,28.7,28.7
11.362704,2,1,0.273574,0.273574,0.2490,+0.02457,1,1,0.0260,1,1,+0.37660,-0.04059,0.11667,172.69,+0.37237,+0.36484,-0.03763,-0.02616,0.12637,1.0000,1,0,0,0,0.0000,+0.22145,+0.18549,1.0000,+0.000,-11.000,0.9991,0,0.9991,1,1,+4.994,-10.990,-6.001,-0.00741,+7.076,+0.00000,+0.00,+0.00000,1,+0.21487,+0.00000,0.01067,-4.224,0,28.7,28.7
11.397169,2,1,0.273893,0.273893,0.2490,+0.02489,1,1,0.0260,1,1,+0.37678,-0.04455,0.11440,171.98,+0.37302,+0.36604,-0.03487,-0.02886,0.12461,1.0000,1,0,0,0,0.0000,+0.22145,+0.18549,1.0000,+0.000,-11.000,0.9992,0,0.9992,1,1,+4.994,-10.992,-6.001,-0.00738,+7.094,+0.00000,+0.00,+0.00000,1,+0.21187,+0.00000,0.01181,-4.231,0,28.7,28.7
11.432331,2,1,0.274007,0.274007,0.2490,+0.02501,1,1,0.0260,1,1,+0.37647,-0.04606,0.11290,171.71,+0.37353,+0.36716,-0.03185,-0.03143,0.12286,1.0000,1,0,0,0,0.0000,+0.22145,+0.18549,1.0000,+0.000,-11.000,0.9994,0,0.9994,1,1,+4.995,-10.993,-6.002,-0.00747,+7.144,+0.00000,+0.00,+0.00000,1,+0.21225,+0.00000,0.01365,-4.207,0,28.7,28.7
11.465828,2,1,0.273723,0.273723,0.2490,+0.02472,1,1,0.0260,1,1,+0.37647,-0.04606,0.11290,171.71,+0.37395,+0.36814,-0.02909,-0.03353,0.12143,1.0000,1,0,0,0,0.0000,+0.22145,+0.18549,1.0000,+0.000,-11.000,0.9994,0,0.9994,1,1,+4.995,-10.994,-6.002,-0.00762,+7.207,+0.00000,+0.00,+0.00000,1,+0.21225,+0.00000,0.01365,-4.174,0,28.7,28.7
11.494642,2,1,0.273394,0.273394,0.2490,+0.02439,1,1,0.0260,1,1,+0.37751,-0.04690,0.11222,171.56,+0.37440,+0.36892,-0.02738,-0.03521,0.12027,1.0000,1,0,0,0,0.0000,+0.22145,+0.18549,1.0000,+0.000,-11.000,0.9995,0,0.9995,1,1,+4.995,-10.995,-6.002,-0.00765,+7.237,+0.00000,+0.00,+0.00000,1,+0.21298,+0.00000,0.01380,-4.166,0,28.7,28.7
11.525652,2,1,0.273215,0.273215,0.2490,+0.02422,1,1,0.0260,1,1,+0.37817,-0.04924,0.11055,171.14,+0.37491,+0.36973,-0.02590,-0.03710,0.11896,1.0000,1,0,0,0,0.0000,+0.20987,+0.17580,0.9477,+0.000,-11.000,0.9996,0,0.9996,1,1,+4.996,-10.995,-6.002,-0.00780,+7.297,+0.00000,+0.00,+0.00000,1,+0.21349,+0.00000,0.01388,-4.131,0,28.7,28.7
11.555073,2,1,0.273233,0.273233,0.2490,+0.02423,1,1,0.0260,1,1,+0.37711,-0.05183,0.10816,170.67,+0.37519,+0.37043,-0.02381,-0.03899,0.11758,1.0000,1,0,0,0,0.0000,+0.19788,+0.16576,0.8936,+0.000,-11.000,0.9996,0,0.9996,1,1,+4.996,-10.996,-6.002,-0.00787,+7.337,+0.00000,+0.00,+0.00000,1,+0.21432,+0.00000,0.01444,-4.114,0,28.7,28.7
11.587836,2,1,0.273150,0.273150,0.2490,+0.02415,1,1,0.0260,1,1,+0.37529,-0.05309,0.10686,170.44,+0.37520,+0.37110,-0.02052,-0.04097,0.11607,1.0000,1,0,1,0,0.0000,+0.20015,+0.17502,1.0000,+0.000,-11.000,0.9997,0,0.9997,1,1,+4.996,-10.997,-6.002,-0.00796,+7.386,+0.00000,+0.00,+0.00000,1,+0.21400,+0.23159,0.01525,-4.091,0,28.7,28.7
11.622423,2,1,0.272285,0.272285,0.2490,+0.02328,1,1,0.0260,1,1,+0.37656,-0.05054,0.10715,170.90,+0.37540,+0.37173,-0.01835,-0.04238,0.11476,1.0000,1,0,1,0,0.0000,+0.20236,+0.18441,1.0000,+0.000,-11.000,0.9997,0,0.9997,1,1,+4.997,-10.997,-6.002,-0.00792,+7.409,+0.00000,+0.00,+0.00000,1,+0.21513,+0.23869,0.01626,-4.101,0,28.7,28.7
11.653266,2,1,0.271607,0.271607,0.2490,+0.02261,1,1,0.0260,1,1,+0.37667,-0.05158,0.10628,170.72,+0.37557,+0.37225,-0.01663,-0.04361,0.11362,1.0000,1,0,1,0,0.0000,+0.20402,+0.19135,1.0000,+0.000,-11.000,0.9998,0,0.9998,1,1,+4.997,-10.997,-6.002,-0.00790,+7.430,+0.00000,+0.00,+0.00000,1,+0.21478,+0.23636,0.01657,-4.104,0,28.7,28.7
11.682448,2,1,0.271461,0.271461,0.2490,+0.02246,1,1,0.0260,1,1,+0.37393,-0.05519,0.10123,170.07,+0.37536,+0.37264,-0.01360,-0.04508,0.11204,1.0000,1,0,1,0,0.0000,+0.20541,+0.19674,1.0000,+0.000,-11.000,0.9998,0,0.9998,1,1,+4.997,-10.998,-6.002,-0.00796,+7.474,+0.00000,+0.00,+0.00000,1,+0.21497,+0.23369,0.01684,-4.090,0,28.7,28.7
11.714874,2,1,0.271187,0.271187,0.2490,+0.02219,1,1,0.0260,1,1,+0.37190,-0.05584,0.09891,169.95,+0.37488,+0.37296,-0.00962,-0.04658,0.11021,1.0000,1,0,1,0,0.0000,+0.20677,+0.20125,1.0000,+0.000,-11.000,0.9998,0,0.9998,1,1,+4.997,-10.998,-6.002,-0.00808,+7.519,+0.00000,+0.00,+0.00000,1,+0.21517,+0.22905,0.01684,-4.063,0,28.7,28.7
11.745854,2,1,0.270594,0.270594,0.2490,+0.02159,1,1,0.0260,1,1,+0.37180,-0.05488,0.09844,170.12,+0.37447,+0.37316,-0.00654,-0.04770,0.10863,1.0000,1,0,1,0,0.0000,+0.20799,+0.20418,1.0000,+0.000,-11.000,0.9998,0,0.9998,1,1,+4.997,-10.998,-6.002,-0.00821,+7.571,+0.00000,+0.00,+0.00000,1,+0.21580,+0.22310,0.01663,-4.032,0,28.7,28.7
11.777028,2,1,0.269937,0.269937,0.2490,+0.02094,1,1,0.0260,1,1,+0.37082,-0.05502,0.09797,170.10,+0.37398,+0.37327,-0.00353,-0.04868,0.10720,1.0000,1,0,1,0,0.0000,+0.20922,+0.20566,1.0000,+0.000,-11.000,0.9999,0,0.9999,1,1,+4.998,-10.999,-6.002,-0.00821,+7.606,+0.00000,+0.00,+0.00000,1,+0.21711,+0.21517,0.01631,-4.030,0,28.7,28.7
11.806575,2,1,0.269160,0.269160,0.2490,+0.02016,1,1,0.0260,1,1,+0.37099,-0.05438,0.09813,170.21,+0.37359,+0.37331,-0.00140,-0.04942,0.10603,1.0000,1,0,1,0,0.0000,+0.21016,+0.20621,1.0000,+0.000,-11.000,0.9999,0,0.9999,1,1,+4.998,-10.999,-6.002,-0.00839,+7.659,+0.00000,+0.00,+0.00000,1,+0.21655,+0.20996,0.01614,-3.989,0,28.7,28.7
11.835449,2,1,0.269287,0.269287,0.2490,+0.02029,1,1,0.0260,1,1,+0.37001,-0.06001,0.09655,169.20,+0.37314,+0.37329,+0.00075,-0.05075,0.10483,1.0000,1,0,1,0,0.0000,+0.21100,+0.20642,1.0000,+0.000,-11.000,0.9999,0,0.9999,1,1,+4.998,-10.999,-6.001,-0.00842,+7.688,+0.00000,+0.00,+0.00000,1,+0.21686,+0.20782,0.01559,-3.982,0,28.7,28.7
11.869193,2,1,0.269569,0.269569,0.2490,+0.02057,1,1,0.0260,1,1,+0.37060,-0.06224,0.09639,168.80,+0.37277,+0.37321,+0.00221,-0.05241,0.10361,1.0000,1,0,0,0,0.0000,+0.21100,+0.20642,1.0000,+0.000,-11.000,0.9999,0,0.9999,1,1,+4.998,-10.999,-6.001,-0.00834,+7.721,+0.00000,+0.00,+0.00000,1,+0.22259,+0.19387,0.01486,-3.998,0,28.7,28.7
11.899760,2,1,0.270017,0.270017,0.2490,+0.02102,1,1,0.0260,1,1,+0.37082,-0.06492,0.09606,168.31,+0.37251,+0.37312,+0.00304,-0.05407,0.10261,1.0000,1,0,0,0,0.0000,+0.21100,+0.20642,1.0000,+0.000,-11.000,0.9999,0,0.9999,1,1,+4.998,-10.999,-6.001,-0.00841,+7.770,+0.00000,+0.00,+0.00000,1,+0.23051,+0.17845,0.01385,-3.980,0,28.7,28.7
11.934870,2,1,0.270066,0.270066,0.2490,+0.02107,1,1,0.0260,1,1,+0.37100,-0.06444,0.09623,168.40,+0.37229,+0.37300,+0.00355,-0.05562,0.10166,1.0000,1,0,0,0,0.0000,+0.21100,+0.20642,1.0000,+0.000,-11.000,0.9999,0,0.9999,1,1,+4.998,-10.999,-6.001,-0.00848,+7.807,+0.00000,+0.00,+0.00000,1,+0.23144,+0.16895,0.01266,-3.967,0,28.7,28.7
11.964965,2,1,0.269827,0.269827,0.2490,+0.02083,1,1,0.0260,1,1,+0.37017,-0.06392,0.09606,168.49,+0.37201,+0.37287,+0.00429,-0.05670,0.10093,1.0000,1,0,0,0,0.0000,+0.21100,+0.20642,1.0000,+0.000,-11.000,0.9999,0,0.9999,1,1,+4.998,-10.999,-6.001,-0.00861,+7.842,+0.00000,+0.00,+0.00000,1,+0.22989,+0.15339,0.01149,-3.936,0,28.7,28.7
11.997852,2,1,0.269665,0.269665,0.2490,+0.02066,1,1,0.0260,1,1,+0.36813,-0.06530,0.09510,168.25,+0.37146,+0.37267,+0.00603,-0.05792,0.10010,1.0000,1,0,0,0,0.0000,+0.21100,+0.20642,1.0000,+0.000,-11.000,1.0000,0,1.0000,1,1,+4.999,-10.999,-6.001,-0.00889,+7.893,+0.00000,+0.00,+0.00000,1,+0.22908,+0.14890,0.01099,-3.870,0,28.7,28.7
12.030891,2,1,0.269339,0.269339,0.2490,+0.02034,1,1,0.0260,1,1,+0.36813,-0.06530,0.09510,168.25,+0.37099,+0.37243,+0.00720,-0.05897,0.09939,1.0000,1,0,0,0,0.0000,+0.21100,+0.20642,1.0000,+0.000,+0.000,1.0000,0,1.0000,0,1,+4.999,+0.000,+4.999,+0.03908,+7.919,+0.00000,+0.00,+0.00000,1,+0.22908,+0.14890,0.01099,-3.864,0,28.7,28.7
12.063496,2,1,0.269713,0.269713,0.2490,+0.02071,1,1,0.0260,1,1,+0.36652,-0.06996,0.09246,167.41,+0.37036,+0.37214,+0.00889,-0.06051,0.09842,1.0000,1,0,0,0,0.0000,+0.21100,+0.20642,1.0000,+0.000,+0.000,1.0000,0,1.0000,0,1,+4.999,+0.000,+4.999,+0.03911,+7.938,+0.00000,+0.00,+0.00000,1,+0.22866,+0.14362,0.01057,-3.867,0,28.7,28.7
12.096472,2,1,0.269801,0.269801,0.2490,+0.02080,1,1,0.0260,1,1,+0.36652,-0.06996,0.09246,167.41,+0.36982,+0.37181,+0.00997,-0.06184,0.09758,1.0000,1,0,0,0,0.0000,+0.21100,+0.20642,1.0000,+0.000,+0.000,1.0000,0,1.0000,0,1,+4.999,+0.000,+4.999,+0.03647,+7.961,-0.00000,+0.00,+0.00000,1,+0.22866,+0.14362,0.01057,-3.520,0,28.7,28.7
12.127280,2,1,0.267807,0.267807,0.2490,+0.01881,1,1,0.0260,1,1,+0.37160,-0.05860,0.09129,169.45,+0.37006,+0.37158,+0.00761,-0.06141,0.09674,1.0000,1,0,0,0,0.0000,+0.21100,+0.20642,1.0000,+0.000,+0.000,1.0000,0,1.0000,0,1,+4.999,+0.000,+4.999,+0.03052,+7.983,-0.00000,+0.00,+0.00000,1,+0.23294,+0.00000,0.01040,-2.467,0,28.7,28.7
12.158933,2,1,0.266104,0.266104,0.2490,+0.01710,1,1,0.0260,1,1,+0.37160,-0.05860,0.09129,169.45,+0.37027,+0.37140,+0.00566,-0.06103,0.09599,1.0000,1,0,0,0,0.0000,+0.21100,+0.20642,1.0000,+0.000,+0.000,1.0000,0,1.0000,0,1,+4.999,+0.000,+4.999,+0.02706,+8.037,-0.00000,+0.00,+0.00000,1,+0.23294,+0.00000,0.01040,-1.593,0,28.7,28.7
12.189742,2,1,0.261235,0.261235,0.2490,+0.01224,1,1,0.0260,1,1,+0.38321,-0.03759,0.08975,173.23,+0.37200,+0.37148,-0.00258,-0.05790,0.09516,1.0000,1,0,0,0,0.0000,+0.21100,+0.20642,1.0000,+0.000,+0.000,1.0000,0,1.0000,0,1,+4.999,+0.000,+4.999,+0.02523,+8.052,-0.00000,+0.00,+0.00000,1,+0.24308,+0.00000,0.01009,-1.092,0,28.7,28.7
12.219660,2,1,0.257553,0.257553,0.2490,+0.00855,1,1,0.0260,1,1,+0.38321,-0.03759,0.08975,173.23,+0.37345,+0.37174,-0.00859,-0.05526,0.09446,1.0000,1,0,0,0,0.0000,+0.21100,+0.20642,1.0000,+0.000,+0.000,1.0000,0,1.0000,0,1,+4.999,+0.000,+4.999,+0.02315,+8.094,+0.00000,+0.00,+0.00000,1,+0.24308,+0.00000,0.01009,-0.587,0,28.7,28.7
12.250351,2,1,0.252330,0.252330,0.2490,+0.00333,1,1,0.0260,1,1,+0.38962,-0.02346,0.08958,175.78,+0.37560,+0.37225,-0.01677,-0.05103,0.09381,1.0000,1,0,0,0,0.0000,+0.20481,+0.20036,0.9706,+0.000,+0.000,1.0000,0,1.0000,0,1,+4.999,+0.000,+4.999,+0.02170,+8.139,-0.00000,+0.00,+0.00000,1,+0.24560,+0.00000,0.00999,-0.244,0,28.7,28.7
12.283571,2,1,0.247674,0.247674,0.2490,-0.00133,1,1,0.0260,1,1,+0.39212,-0.02057,0.08767,176.30,+0.37796,+0.37306,-0.02447,-0.04669,0.09293,1.0000,1,0,0,0,0.0000,+0.19164,+0.18748,0.9082,+0.000,+0.000,1.0000,0,1.0000,0,1,+4.999,+0.000,+4.999,+0.01996,+8.217,-0.00000,+0.00,+0.00000,1,+0.24615,+0.00000,0.00997,+0.175,0,31.4,31.4
12.313947,2,1,0.243197,0.243197,0.2490,-0.00580,1,1,0.0260,1,1,+0.39475,-0.01236,0.08784,177.78,+0.38017,+0.37400,-0.03085,-0.04216,0.09226,1.0000,1,0,0,0,0.0000,+0.18035,+0.17643,0.8547,+0.000,+0.000,1.0000,0,1.0000,0,1,+4.999,+0.000,+4.999,+0.01861,+8.321,+0.00000,+0.00,+0.00000,1,+0.25120,+0.00000,0.01002,+0.503,0,31.4,31.4
12.345333,2,1,0.238528,0.238528,0.2490,-0.01047,1,1,0.0260,1,1,+0.40066,-0.00429,0.08714,179.23,+0.38295,+0.37521,-0.03868,-0.03702,0.09157,1.0000,1,0,0,0,0.0000,+0.16937,+0.16569,0.8027,+0.000,+0.000,1.0000,0,1.0000,0,1,+4.999,+0.000,+4.999,+0.01765,+8.413,-0.00000,+0.00,+0.00000,1,+0.25423,+0.00000,0.00998,+0.736,0,31.4,31.4
12.376258,2,1,0.234449,0.234449,0.2490,-0.01455,1,1,0.0260,1,1,+0.40204,+0.00068,0.08696,180.12,+0.38551,+0.37659,-0.04457,-0.03197,0.09095,1.0000,1,0,0,0,0.0000,+0.15922,+0.15575,0.7546,+0.000,+0.000,1.0000,0,1.0000,0,1,+4.999,+0.000,+4.999,+0.01652,+8.509,+0.00000,+0.00,+0.00000,1,+0.25333,+0.00000,0.01049,+1.010,0,31.4,31.4
12.407251,2,1,0.230330,0.230330,0.2490,-0.01867,1,1,0.0260,1,1,+0.40625,+0.00857,0.08696,181.54,+0.38829,+0.37816,-0.05064,-0.02653,0.09041,1.0000,1,0,0,0,0.0000,+0.14965,+0.14639,0.7092,+0.000,+0.000,1.0000,0,1.0000,0,1,+4.999,+0.000,+4.999,+0.01549,+8.544,+0.00000,+0.00,+0.00000,1,+0.25232,+0.00000,0.01176,+1.257,0,31.4,31.4
12.438193,2,1,0.226782,0.226782,0.2490,-0.02222,1,1,0.0260,1,1,+0.40820,+0.01322,0.08553,182.38,+0.39096,+0.37988,-0.05541,-0.02121,0.08976,1.0000,1,0,0,0,0.0000,+0.14067,+0.13761,0.6667,+0.000,+0.000,1.0000,0,1.0000,0,1,+5.000,+0.000,+4.999,+0.01415,+8.583,-0.00000,+0.00,+0.00000,1,+0.25242,+0.00000,0.01132,+1.574,0,31.4,31.4
12.467577,2,1,0.223493,0.223493,0.2490,-0.02551,1,1,0.0260,1,1,+0.41102,+0.01982,0.08535,183.57,+0.39353,+0.38163,-0.05951,-0.01595,0.08919,1.0000,1,0,0,0,0.0000,+0.13264,+0.12975,0.6286,+0.000,+0.000,1.0000,0,1.0000,0,1,+5.000,+0.000,+5.000,+0.01301,+8.624,-0.00000,+0.00,+0.00000,1,+0.25460,+0.00000,0.01199,+1.849,0,31.4,31.4
12.497428,2,1,0.220636,0.220636,0.2490,-0.02836,1,1,0.0260,1,1,+0.41325,+0.02417,0.08498,184.35,+0.39609,+0.38350,-0.06292,-0.01074,0.08865,1.0000,1,0,0,0,0.0000,+0.12495,+0.12223,0.5922,+0.000,+0.000,1.0000,0,1.0000,0,1,+5.000,+0.000,+5.000,+0.01191,+8.625,-0.00000,+0.00,+0.00000,1,+0.25407,+0.26391,0.01282,+2.112,0,31.4,31.4
12.528800,2,1,0.217695,0.217695,0.2490,-0.03130,1,1,0.0260,1,1,+0.41535,+0.03099,0.08389,185.58,+0.39870,+0.38556,-0.06568,-0.00508,0.08800,1.0000,1,0,0,0,0.0000,+0.11735,+0.11480,0.5562,+0.000,+0.000,1.0000,0,1.0000,0,1,+5.000,+0.000,+5.000,+0.01066,+8.627,-0.00000,+0.00,+0.00000,1,+0.25369,+0.27546,0.01310,+2.410,0,31.4,31.4
12.559357,2,1,0.216002,0.216002,0.2490,-0.03300,1,1,0.0260,1,1,+0.41535,+0.03099,0.08389,185.58,+0.40091,+0.38760,-0.06655,-0.00030,0.08746,1.0000,1,0,0,0,0.0000,+0.11040,+0.10799,0.5232,+0.000,+0.000,1.0000,0,1.0000,0,1,+5.000,+0.000,+5.000,+0.00952,+8.629,-0.00000,+0.00,+0.00000,1,+0.25369,+0.27546,0.01310,+2.683,0,31.4,31.4
12.591360,2,1,0.214852,0.214852,0.2490,-0.03415,1,1,0.0260,1,1,+0.41608,+0.03314,0.08333,185.96,+0.40300,+0.38972,-0.06639,+0.00431,0.08689,1.0000,1,0,0,0,0.0000,+0.10355,+0.10130,0.4907,+0.000,+0.000,1.0000,0,1.0000,0,1,+5.000,+0.000,+5.000,+0.00875,+8.630,-0.00000,+0.00,+0.00000,1,+0.25352,+0.27473,0.01404,+2.874,0,31.4,31.4
12.625102,2,1,0.213676,0.213676,0.2490,-0.03532,1,1,0.0260,1,1,+0.41918,+0.03815,0.08221,186.87,+0.40534,+0.39198,-0.06680,+0.00920,0.08621,1.0000,1,0,0,0,0.0000,+0.09679,+0.09469,0.4587,+0.000,+0.000,1.0000,0,1.0000,0,1,+5.000,+0.000,+5.000,+0.00779,+8.632,-0.00000,+0.00,+0.00000,1,+0.25271,+0.27420,0.01464,+3.105,0,31.4,31.4
12.654711,2,1,0.213027,0.213027,0.2490,-0.03597,1,1,0.0260,1,1,+0.42037,+0.04033,0.08165,187.26,+0.40727,+0.39395,-0.06663,+0.01321,0.08562,1.0000,1,0,1,0,0.0000,+0.11703,+0.11734,1.0000,+0.000,+0.000,1.0000,0,1.0000,0,1,+5.000,+0.000,+5.000,+0.00691,+8.634,+0.00000,+0.00,+0.00000,1,+0.25371,+0.27035,0.01510,+3.317,0,31.4,31.4
12.687487,2,1,0.212599,0.212599,0.2490,-0.03640,1,1,0.0260,1,1,+0.42016,+0.04311,0.08184,187.76,+0.40909,+0.39608,-0.06504,+0.01742,0.08509,1.0000,1,0,1,0,0.0000,+0.13646,+0.13883,1.0000,+0.000,+0.000,1.0000,0,1.0000,0,1,+5.000,+0.000,+5.000,+0.00629,+8.635,-0.00000,+0.00,+0.00000,1,+0.25502,+0.26998,0.01532,+3.467,0,31.4,31.4
12.719721,2,1,0.211840,0.211840,0.2490,-0.03716,1,1,0.0260,1,1,+0.42037,+0.04903,0.07876,188.83,+0.41065,+0.39810,-0.06275,+0.02181,0.08421,1.0000,1,0,1,0,0.0000,+0.15285,+0.15681,1.0000,+0.000,+0.000,1.0000,0,1.0000,0,1,+5.000,+0.000,+5.000,+0.00611,+8.678,+0.00000,+0.00,+0.00000,1,+0.25453,+0.26834,0.01540,+3.520,0,31.4,31.4
12.750269,2,1,0.211677,0.211677,0.2490,-0.03732,1,1,0.0260,1,1,+0.42101,+0.04985,0.07678,188.97,+0.41203,+0.39995,-0.06039,+0.02553,0.08323,1.0000,1,0,1,0,0.0000,+0.16649,+0.17118,1.0000,+0.000,+0.000,1.0000,0,1.0000,0,1,+5.000,+0.000,+5.000,+0.00601,+8.721,-0.00000,+0.00,+0.00000,1,+0.25585,+0.26529,0.01539,+3.549,0,31.4,31.4
12.777495,2,1,0.212022,0.212022,0.2490,-0.03698,1,1,0.0260,1,1,+0.42136,+0.04962,0.07638,188.93,+0.41314,+0.40153,-0.05808,+0.02841,0.08241,1.0000,1,0,1,0,0.0000,+0.17726,+0.18277,1.0000,+0.000,+0.000,1.0000,0,1.0000,0,1,+5.000,+0.000,+5.000,+0.00554,+8.722,-0.00000,+0.00,+0.00000,1,+0.25631,+0.26789,0.01517,+3.660,0,31.4,31.4
12.810077,2,1,0.212836,0.212836,0.2490,-0.03616,1,1,0.0260,1,1,+0.42293,+0.04997,0.07597,188.99,+0.41452,+0.40335,-0.05583,+0.03143,0.08151,1.0000,1,0,1,0,0.0000,+0.18885,+0.19377,1.0000,+0.000,+0.000,1.0000,0,1.0000,0,1,+5.000,+0.000,+5.000,+0.00508,+8.723,-0.00000,+0.00,+0.00000,1,+0.25999,+0.26132,0.01520,+3.766,0,31.4,31.4
12.840492,2,1,0.213692,0.213692,0.2490,-0.03531,1,1,0.0260,1,1,+0.42539,+0.05123,0.07658,189.22,+0.41595,+0.40501,-0.05470,+0.03405,0.08086,1.0000,1,0,0,0,0.0000,+0.18885,+0.19377,1.0000,+0.000,+0.000,1.0000,0,1.0000,0,1,+5.000,+0.000,+5.000,+0.00446,+8.724,-0.00000,+0.00,+0.00000,1,+0.26725,+0.25348,0.01459,+3.911,0,31.4,31.4
12.871485,2,1,0.214785,0.214785,0.2490,-0.03422,1,1,0.0260,1,1,+0.42633,+0.05153,0.07718,189.27,+0.41734,+0.40667,-0.05338,+0.03639,0.08036,1.0000,1,0,0,0,0.0000,+0.18885,+0.19377,1.0000,+0.000,+0.000,1.0000,0,1.0000,0,1,+5.000,+0.000,+5.000,+0.00405,+8.725,-0.00000,+0.00,+0.00000,1,+0.27505,+0.24410,0.01438,+4.012,0,31.4,31.4
12.901160,2,1,0.216012,0.216012,0.2490,-0.03299,1,1,0.0260,1,1,+0.42753,+0.05153,0.07718,189.27,+0.41866,+0.40822,-0.05221,+0.03835,0.07995,1.0000,1,0,0,0,0.0000,+0.18885,+0.19377,1.0000,+0.000,+0.000,1.0000,0,1.0000,0,1,+5.000,+0.000,+5.000,+0.00354,+8.727,-0.00000,+0.00,+0.00000,1,+0.27674,+0.23981,0.01352,+4.137,0,31.4,31.4
12.932982,2,1,0.217272,0.217272,0.2490,-0.03173,1,1,0.0260,1,1,+0.42857,+0.05262,0.07638,189.47,+0.42002,+0.40984,-0.05092,+0.04030,0.07946,1.0000,1,0,0,0,0.0000,+0.18885,+0.19377,1.0000,+0.000,+0.000,1.0000,0,1.0000,0,1,+5.000,+0.000,+5.000,+0.00318,+8.728,-0.00000,+0.00,+0.00000,1,+0.27598,+0.24376,0.01273,+4.222,0,31.4,31.4
12.967657,2,1,0.219049,0.219049,0.2490,-0.02995,1,1,0.0260,1,1,+0.42862,+0.05112,0.07617,189.20,+0.42129,+0.41153,-0.04881,+0.04190,0.07897,1.0000,1,0,0,0,0.0000,+0.18885,+0.19377,1.0000,+0.000,+0.000,1.0000,0,1.0000,0,1,+5.000,+0.000,+5.000,+0.00341,+8.770,-0.00000,+0.00,+0.00000,1,+0.27673,+0.24425,0.01219,+4.174,0,31.4,31.4
13.000505,2,1,0.220935,0.220935,0.2490,-0.02806,1,1,0.0260,1,1,+0.42901,+0.04991,0.07474,188.98,+0.42238,+0.41306,-0.04660,+0.04303,0.07838,1.0000,1,0,0,0,0.0000,+0.18885,+0.19377,1.0000,+0.000,+0.000,1.0000,0,1.0000,0,1,+5.000,+0.000,+5.000,+0.00366,+8.810,-0.00000,+0.00,+0.00000,1,+0.27626,+0.24746,0.01189,+4.121,0,31.4,31.4
13.031894,2,1,0.222564,0.222564,0.2490,-0.02644,1,1,0.0260,1,1,+0.43036,+0.05043,0.07495,189.08,+0.42346,+0.41447,-0.04495,+0.04404,0.07791,1.0000,1,0,0,0,0.0000,+0.18885,+0.19377,1.0000,+0.000,+0.000,1.0000,0,1.0000,0,1,+5.000,+0.000,+5.000,+0.00447,+8.888,-0.00000,+0.00,+0.00000,1,+0.27782,+0.24866,0.01164,+3.935,0,31.4,31.4
13.063014,2,1,0.224167,0.224167,0.2490,-0.02483,1,1,0.0260,1,1,+0.43178,+0.05006,0.07370,189.01,+0.42458,+0.41583,-0.04375,+0.04485,0.07735,1.0000,1,0,0,0,0.0000,+0.18885,+0.19377,1.0000,+0.000,+0.000,1.0000,0,1.0000,0,1,+5.000,+0.000,+5.000,+0.00546,+8.956,-0.00000,+0.00,+0.00000,1,+0.27945,+0.24778,0.01164,+3.707,0,31.4,31.4
13.093312,2,1,0.225635,0.225635,0.2490,-0.02336,1,1,0.0260,1,1,+0.43178,+0.05006,0.07370,189.01,+0.42553,+0.41711,-0.04211,+0.04553,0.07687,1.0000,1,0,0,0,0.0000,+0.18885,+0.19377,1.0000,+0.000,+0.000,1.0000,0,1.0000,0,1,+5.000,+0.000,+5.000,+0.00560,+8.990,-0.00000,+0.00,+0.00000,1,+0.27945,+0.24778,0.01164,+3.668,0,31.4,31.4
13.126517,2,1,0.227481,0.227481,0.2490,-0.02152,1,1,0.0260,1,1,+0.43189,+0.04806,0.07349,188.65,+0.42644,+0.41844,-0.04000,+0.04589,0.07639,1.0000,1,0,0,0,0.0000,+0.18885,+0.19377,1.0000,+0.000,+0.000,1.0000,0,1.0000,0,1,+5.000,+0.000,+5.000,+0.00622,+9.061,+0.00000,+0.00,+0.00000,1,+0.28011,+0.00000,0.01146,+3.518,0,31.4,31.4
13.161335,2,1,0.228878,0.228878,0.2490,-0.02012,1,1,0.0260,1,1,+0.43293,+0.04978,0.07349,188.96,+0.42740,+0.41977,-0.03817,+0.04647,0.07596,1.0000,1,0,0,0,0.0000,+0.18885,+0.19377,1.0000,+0.000,+0.000,1.0000,0,1.0000,0,1,+5.000,+0.000,+5.000,+0.00722,+9.156,-0.00000,+0.00,+0.00000,1,+0.28172,+0.00000,0.01122,+3.283,0,31.4,31.4
13.190897,2,1,0.230197,0.230197,0.2490,-0.01880,1,1,0.0260,1,1,+0.43403,+0.04843,0.07307,188.72,+0.42825,+0.42086,-0.03697,+0.04672,0.07559,1.0000,1,0,0,0,0.0000,+0.18885,+0.19377,1.0000,+0.000,+0.000,1.0000,0,1.0000,0,1,+5.000,+0.000,+5.000,+0.00804,+9.245,-0.00000,+0.00,+0.00000,1,+0.28194,+0.00000,0.01113,+3.089,0,31.4,31.4
13.220811,2,1,0.231635,0.231635,0.2490,-0.01737,1,1,0.0260,1,1,+0.43476,+0.04694,0.07222,188.45,+0.42910,+0.42193,-0.03585,+0.04675,0.07515,1.0000,1,0,0,0,0.0000,+0.18484,+0.18966,0.9788,+0.000,+0.000,1.0000,0,1.0000,0,1,+5.000,+0.000,+5.000,+0.00848,+9.301,+0.00000,+0.00,+0.00000,1,+0.28243,+0.00000,0.01069,+2.980,0,31.4,31.4
13.251362,2,1,0.232872,0.232872,0.2490,-0.01613,1,1,0.0260,1,1,+0.43622,+0.04719,0.07158,188.49,+0.43004,+0.42301,-0.03519,+0.04681,0.07467,1.0000,1,0,0,0,0.0000,+0.17388,+0.17842,0.9207,+0.000,+0.000,1.0000,0,1.0000,0,1,+5.000,+0.000,+5.000,+0.00959,+9.399,-0.00000,+0.00,+0.00000,1,+0.28404,+0.00000,0.00999,+2.715,0,31.4,31.4
13.278649,2,1,0.233960,0.233960,0.2490,-0.01504,1,1,0.0260,1,1,+0.43685,+0.04648,0.07115,188.37,+0.43086,+0.42395,-0.03456,+0.04677,0.07425,1.0000,1,0,0,0,0.0000,+0.16464,+0.16894,0.8718,+0.000,+0.000,1.0000,0,1.0000,0,1,+5.000,+0.000,+5.000,+0.01018,+9.468,-0.00000,+0.00,+0.00000,1,+0.28386,+0.00000,0.00967,+2.574,0,31.4,31.4
13.307595,2,1,0.234832,0.234832,0.2490,-0.01417,1,1,0.0260,1,1,+0.43820,+0.04729,0.07027,188.51,+0.43179,+0.42494,-0.03425,+0.04683,0.07375,1.0000,1,0,0,0,0.0000,+0.15538,+0.15944,0.8228,+0.000,+0.000,1.0000,0,1.0000,0,1,+5.000,+0.000,+5.000,+0.01086,+9.527,-0.00000,+0.00,+0.00000,1,+0.28463,+0.00000,0.00933,+2.410,0,32.2,32.2
13.336523,2,1,0.235381,0.235381,0.2490,-0.01362,1,1,0.0260,1,1,+0.44062,+0.04870,0.07071,188.77,+0.43291,+0.42595,-0.03480,+0.04707,0.07336,1.0000,1,0,0,0,0.0000,+0.14665,+0.15048,0.7766,+0.000,+0.000,1.0000,0,1.0000,0,1,+5.000,+0.000,+5.000,+0.01141,+9.582,-0.00000,+0.00,+0.00000,1,+0.28372,+0.00000,0.00981,+2.276,0,32.2,32.2
13.365383,2,1,0.235843,0.235843,0.2490,-0.01316,1,1,0.0260,1,1,+0.44227,+0.04900,0.06939,188.82,+0.43409,+0.42697,-0.03557,+0.04731,0.07286,1.0000,1,0,0,0,0.0000,+0.13842,+0.14204,0.7330,+0.000,+0.000,1.0000,0,1.0000,0,1,+5.000,+0.000,+5.000,+0.01179,+9.651,-0.00000,+0.00,+0.00000,1,+0.28313,+0.00000,0.01055,+2.182,0,32.2,32.2
13.395131,2,1,0.236294,0.236294,0.2490,-0.01271,1,1,0.0260,1,1,+0.44227,+0.04900,0.06939,188.82,+0.43515,+0.42803,-0.03557,+0.04753,0.07241,1.0000,1,0,0,0,0.0000,+0.13043,+0.13383,0.6907,+0.000,+0.000,1.0000,0,1.0000,0,1,+5.000,+0.000,+5.000,+0.01242,+9.693,-0.00000,+0.00,+0.00000,1,+0.28313,+0.00000,0.01055,+2.034,0,32.2,32.2
13.423300,2,1,0.236696,0.236696,0.2490,-0.01230,1,1,0.0260,1,1,+0.44271,+0.04900,0.06939,188.82,+0.43608,+0.42902,-0.03527,+0.04771,0.07204,1.0000,1,0,0,0,0.0000,+0.12328,+0.12650,0.6528,+0.000,+0.000,1.0000,0,1.0000,0,1,+5.000,+0.000,+5.000,+0.01274,+9.733,+0.00000,+0.00,+0.00000,1,+0.28335,+0.00000,0.01030,+1.955,0,32.2,32.2
13.452426,2,1,0.236756,0.236756,0.2490,-0.01224,1,1,0.0260,1,1,+0.44511,+0.05107,0.06939,189.19,+0.43723,+0.43007,-0.03580,+0.04814,0.07170,1.0000,1,0,0,0,0.0000,+0.11631,+0.11934,0.6159,+0.000,+0.000,1.0000,0,1.0000,0,1,+5.000,+0.000,+5.000,+0.01327,+9.779,-0.00000,+0.00,+0.00000,1,+0.28407,+0.28882,0.01054,+1.826,0,32.2,32.2
13.483705,2,1,0.236831,0.236831,0.2490,-0.01217,1,1,0.0260,1,1,+0.44726,+0.05135,0.06759,189.24,+0.43858,+0.43122,-0.03682,+0.04857,0.07115,1.0000,1,0,0,0,0.0000,+0.10925,+0.11211,0.5785,+0.000,+0.000,1.0000,0,1.0000,0,1,+5.000,+0.000,+5.000,+0.01359,+9.811,-0.00000,+0.00,+0.00000,1,+0.28254,+0.29015,0.01131,+1.747,0,32.2,32.2
13.512804,2,1,0.236619,0.236619,0.2490,-0.01238,1,1,0.0260,1,1,+0.44979,+0.05342,0.06827,189.62,+0.44001,+0.43234,-0.03836,+0.04919,0.07078,1.0000,1,0,0,0,0.0000,+0.10308,+0.10577,0.5458,+0.000,+0.000,1.0000,0,1.0000,0,1,+5.000,+0.000,+5.000,+0.01381,+9.852,-0.00000,+0.00,+0.00000,1,+0.28147,+0.29297,0.01160,+1.692,0,32.2,32.2
13.539117,2,1,0.236381,0.236381,0.2490,-0.01262,1,1,0.0260,1,1,+0.45166,+0.05438,0.06827,189.79,+0.44136,+0.43338,-0.03988,+0.04979,0.07049,1.0000,1,0,0,0,0.0000,+0.09779,+0.10035,0.5178,+0.000,+0.000,1.0000,0,1.0000,0,1,+5.000,+0.000,+5.000,+0.01410,+9.878,-0.00000,+0.00,+0.00000,1,+0.28002,+0.29131,0.01187,+1.621,0,32.2,32.2
13.568464,3,1,0.235913,0.235913,0.2490,-0.01309,1,1,0.0260,1,1,+0.45457,+0.05644,0.06526,190.16,+0.44305,+0.43462,-0.04215,+0.05064,0.06982,1.0000,1,0,0,0,0.0000,+0.09222,+0.09463,0.4883,+0.000,+0.000,1.0000,0,1.0000,0,1,+5.000,+0.000,+5.000,+0.01421,+9.905,-0.00000,+0.00,+0.00000,1,+0.28175,+0.28825,0.01255,+1.595,0,32.2,32.2
13.598197,3,1,0.235621,0.235621,0.2490,-0.01338,1,1,0.0260,1,1,+0.45457,+0.05644,0.06526,190.16,+0.44454,+0.43591,-0.04319,+0.05139,0.06923,1.0000,1,0,0,0,0.0000,+0.08689,+0.08916,0.4601,+0.000,+0.000,1.0000,0,1.0000,0,1,+5.000,+0.000,+5.000,+0.01463,+9.937,-0.00000,+0.00,+0.00000,1,+0.28175,+0.28825,0.01255,+1.494,0,32.2,32.2
13.628888,3,1,0.234954,0.234954,0.2490,-0.01405,1,1,0.0260,1,1,+0.45918,+0.05957,0.06597,190.72,+0.44649,+0.43731,-0.04588,+0.05248,0.06880,1.0000,1,0,0,0,0.0000,+0.08172,+0.08385,0.4327,+0.000,+0.000,1.0000,0,1.0000,0,1,+5.000,+0.000,+5.000,+0.01471,+9.964,-0.00000,+0.00,+0.00000,1,+0.28045,+0.29181,0.01283,+1.474,0,32.2,32.2
13.658335,3,1,0.234541,0.234541,0.2490,-0.01446,1,1,0.0260,1,1,+0.45918,+0.05957,0.06597,190.72,+0.44812,+0.43870,-0.04709,+0.05339,0.06843,1.0000,1,0,0,0,0.0000,+0.07705,+0.07906,0.4080,+0.000,+0.000,1.0000,0,1.0000,0,1,+5.000,+0.000,+5.000,+0.01539,+9.996,-0.00000,+0.00,+0.00000,1,+0.28045,+0.29181,0.01283,+1.317,0,32.2,32.2
13.684828,3,1,0.233670,0.233670,0.2490,-0.01533,1,1,0.0260,1,1,+0.46018,+0.06397,0.06573,191.51,+0.44953,+0.43997,-0.04781,+0.05463,0.06812,1.0000,1,0,0,0,0.0000,+0.07307,+0.07498,0.3869,+0.000,+0.000,1.0000,0,1.0000,0,1,+5.000,+0.000,+5.000,+0.01548,+10.025,-0.00000,+0.00,+0.00000,1,+0.28026,+0.29173,0.01263,+1.292,0,32.2,32.2
13.713934,3,1,0.232621,0.232621,0.2490,-0.01638,1,1,0.0260,1,1,+0.46154,+0.06650,0.06334,191.97,+0.45105,+0.44138,-0.04839,+0.05614,0.06751,1.0000,1,0,0,0,0.0000,+0.06894,+0.07074,0.3651,+0.000,+0.000,1.0000,0,1.0000,0,1,+5.000,+0.000,+5.000,+0.01568,+10.053,-0.00000,+0.00,+0.00000,1,+0.28161,+0.29098,0.01258,+1.239,0,32.2,32.2
13.743404,3,1,0.231432,0.231432,0.2490,-0.01757,1,1,0.0260,1,1,+0.46526,+0.06947,0.06261,192.50,+0.45288,+0.44285,-0.05013,+0.05785,0.06688,1.0000,1,0,0,0,0.0000,+0.06499,+0.06669,0.3442,+0.000,+0.000,1.0000,0,1.0000,0,1,+5.000,+0.000,+5.000,+0.01605,+10.091,-0.00000,+0.00,+0.00000,1,+0.28361,+0.29189,0.01243,+1.152,0,32.2,32.2
13.774049,3,1,0.230721,0.230721,0.2490,-0.01828,1,1,0.0260,1,1,+0.46560,+0.06883,0.06161,192.39,+0.45457,+0.44441,-0.05080,+0.05931,0.06618,1.0000,1,0,0,0,0.0000,+0.06113,+0.06272,0.3237,+0.000,+0.000,1.0000,0,1.0000,0,1,+5.000,+0.000,+5.000,+0.01651,+10.120,-0.00000,+0.00,+0.00000,1,+0.28517,+0.29361,0.01235,+1.045,0,32.2,32.2
13.805031,3,1,0.229673,0.229673,0.2490,-0.01933,1,1,0.0260,1,1,+0.47082,+0.07267,0.06186,193.08,+0.45675,+0.44606,-0.05342,+0.06110,0.06560,1.0000,1,0,0,0,0.0000,+0.05746,+0.05896,0.3042,+0.000,+0.000,1.0000,0,1.0000,0,1,+5.000,+0.000,+5.000,+0.01672,+10.166,+0.00000,+0.00,+0.00000,1,+0.28711,+0.29300,0.01219,+0.993,0,32.2,32.2
13.835307,3,1,0.228929,0.228929,0.2490,-0.02007,1,1,0.0260,1,1,+0.47193,+0.07332,0.06136,193.20,+0.45874,+0.44773,-0.05506,+0.06271,0.06504,1.0000,1,0,0,0,0.0000,+0.05408,+0.05549,0.2864,+0.000,+0.000,1.0000,0,1.0000,0,1,+5.000,+0.000,+5.000,+0.01690,+10.202,+0.00000,+0.00,+0.00000,1,+0.29642,+0.28948,0.01173,+0.947,0,32.2,32.2
13.863933,3,1,0.227642,0.227642,0.2490,-0.02136,1,1,0.0260,1,1,+0.47874,+0.07892,0.06261,194.20,+0.46125,+0.44942,-0.05912,+0.06474,0.06474,1.0000,1,0,0,0,0.0000,+0.05107,+0.05240,0.2704,+0.000,+0.000,1.0000,0,1.0000,0,1,+5.000,+0.000,+5.000,+0.01710,+10.238,-0.00000,+0.00,+0.00000,1,+0.29960,+0.29288,0.01114,+0.899,0,32.2,32.2
13.896439,3,1,0.226569,0.226569,0.2490,-0.02243,1,1,0.0260,1,1,+0.48471,+0.07986,0.06161,194.37,+0.46453,+0.45154,-0.06496,+0.06685,0.06430,1.0000,1,0,0,0,0.0000,+0.04786,+0.04911,0.2534,+0.000,+0.000,1.0000,0,1.0000,0,1,+5.000,+0.000,+5.000,+0.01790,+10.277,-0.00000,+0.00,+0.00000,1,+0.30356,+0.29867,0.01037,+0.714,0,32.2,32.2
13.926581,3,1,0.225983,0.225983,0.2490,-0.02302,1,1,0.0260,1,1,+0.48471,+0.07986,0.06161,194.37,+0.46717,+0.45358,-0.06793,+0.06855,0.06395,1.0000,1,0,0,0,0.0000,+0.04506,+0.04623,0.2386,+0.000,+0.000,1.0000,0,1.0000,0,1,+5.000,+0.000,+5.000,+0.01811,+10.317,-0.00000,+0.00,+0.00000,1,+0.30356,+0.29867,0.01037,+0.663,0,32.2,32.2
13.954748,3,1,0.225630,0.225630,0.2490,-0.02337,1,1,0.0260,1,1,+0.48418,+0.08042,0.06236,194.48,+0.46927,+0.45552,-0.06875,+0.07002,0.06375,1.0000,1,0,0,0,0.0000,+0.04259,+0.04370,0.2255,+0.000,+0.000,1.0000,0,1.0000,0,1,+5.000,+0.000,+5.000,+0.01815,+10.373,-0.00000,+0.00,+0.00000,1,+0.30873,+0.30425,0.00995,+0.649,0,32.2,32.2
13.983403,3,1,0.224627,0.224627,0.2490,-0.02437,1,1,0.0260,1,1,+0.49098,+0.08611,0.06186,195.50,+0.47199,+0.45758,-0.07203,+0.07204,0.06352,1.0000,1,0,0,0,0.0000,+0.04022,+0.04127,0.2130,+0.000,+0.000,1.0000,0,1.0000,0,1,+5.000,+0.000,+5.000,+0.01849,+10.410,-0.00000,+0.00,+0.00000,1,+0.31464,+0.31183,0.00985,+0.563,0,32.2,32.2
14.013802,3,1,0.223827,0.223827,0.2490,-0.02517,1,1,0.0260,1,1,+0.49011,+0.08723,0.06261,195.70,+0.47438,+0.45980,-0.07290,+0.07404,0.06340,1.0000,1,0,0,0,0.0000,+0.03784,+0.03883,0.2004,+0.000,+0.000,1.0000,0,1.0000,0,1,+5.000,+0.000,+5.000,+0.01888,+10.456,-0.00000,+0.00,+0.00000,1,+0.32093,+0.31636,0.01001,+0.475,0,32.2,32.2
14.045799,3,1,0.222539,0.222539,0.2490,-0.02646,1,1,0.0260,1,1,+0.49755,+0.09236,0.06211,196.62,+0.47758,+0.46225,-0.07662,+0.07657,0.06322,1.0000,1,0,0,0,0.0000,+0.03550,+0.03642,0.1880,+0.000,+0.000,1.0000,0,1.0000,0,1,+5.000,+0.000,+5.000,+0.01926,+10.488,-0.00000,+0.00,+0.00000,1,+0.32587,+0.32113,0.01039,+0.385,0,32.2,32.2
14.072688,3,1,0.221179,0.221179,0.2490,-0.02782,1,1,0.0260,1,1,+0.49737,+0.09692,0.06060,197.45,+0.47992,+0.46435,-0.07788,+0.07898,0.06291,1.0000,1,0,0,0,0.0000,+0.03364,+0.03452,0.1781,+0.000,+0.000,1.0000,0,1.0000,0,1,+5.000,+0.000,+5.000,+0.01965,+10.520,-0.00000,+0.00,+0.00000,1,+0.33256,+0.31593,0.01075,+0.292,0,32.2,32.2
14.101962,3,1,0.219928,0.219928,0.2490,-0.02907,1,1,0.0260,1,1,+0.50239,+0.09896,0.06285,197.81,+0.48279,+0.46670,-0.08045,+0.08153,0.06290,1.0000,1,0,0,0,0.0000,+0.03173,+0.03255,0.1680,+0.000,+0.000,1.0000,0,1.0000,0,1,+5.000,+0.000,+5.000,+0.01980,+10.574,-0.00000,+0.00,+0.00000,1,+0.33611,+0.32279,0.01081,+0.252,0,32.2,32.2
14.129974,3,1,0.218504,0.218504,0.2490,-0.03050,1,1,0.0260,1,1,+0.50630,+0.10351,0.05932,198.63,+0.48568,+0.46903,-0.08324,+0.08423,0.06246,1.0000,1,0,0,0,0.0000,+0.03000,+0.03078,0.1589,+0.000,+0.000,1.0000,0,1.0000,0,1,+5.000,+0.000,+5.000,+0.01966,+10.594,-0.00000,+0.00,+0.00000,1,+0.34319,+0.32125,0.01079,+0.279,0,32.2,32.2
14.158496,3,1,0.217611,0.217611,0.2490,-0.03139,1,1,0.0260,1,1,+0.50630,+0.10351,0.05932,198.63,+0.48825,+0.47143,-0.08411,+0.08664,0.06207,1.0000,1,0,0,0,0.0000,+0.02833,+0.02907,0.1500,+0.000,+0.000,1.0000,0,1.0000,0,1,+5.000,+0.000,+5.000,+0.01945,+10.622,-0.00000,+0.00,+0.00000,1,+0.34319,+0.32125,0.01079,+0.327,0,32.2,32.2
14.186058,3,1,0.216491,0.216491,0.2490,-0.03251,1,1,0.0260,1,1,+0.50900,+0.10791,0.06035,199.42,+0.49077,+0.47377,-0.08497,+0.08921,0.06186,1.0000,1,0,0,0,0.0000,+0.02682,+0.02752,0.1420,+0.000,+0.000,1.0000,0,1.0000,0,1,+5.000,+0.000,+5.000,+0.01820,+10.637,-0.00000,+0.00,+0.00000,1,+0.34493,+0.32964,0.01053,+0.613,0,32.2,32.2
14.217364,3,1,0.215444,0.215444,0.2490,-0.03356,1,1,0.0260,1,1,+0.51587,+0.11014,0.06236,199.83,+0.49417,+0.47653,-0.08816,+0.09204,0.06193,1.0000,1,0,0,0,0.0000,+0.02519,+0.02585,0.1334,+0.000,+0.000,1.0000,0,1.0000,0,1,+5.000,+0.000,+5.000,+0.01637,+10.638,-0.00000,+0.00,+0.00000,1,+0.34985,+0.32666,0.01065,+1.033,0,32.2,32.2
14.246647,3,1,0.214959,0.214959,0.2490,-0.03404,1,1,0.0260,1,1,+0.51587,+0.11014,0.06236,199.83,+0.49694,+0.47914,-0.08899,+0.09436,0.06198,1.0000,1,0,0,0,0.0000,+0.02376,+0.02437,0.1258,+0.000,+0.000,1.0000,0,1.0000,0,1,+5.000,+0.000,+5.000,+0.01491,+10.639,-0.00000,+0.00,+0.00000,1,+0.34985,+0.32666,0.01065,+1.368,0,32.2,32.2
14.277215,3,1,0.214867,0.214867,0.2490,-0.03413,1,1,0.0260,1,1,+0.51587,+0.11014,0.06236,199.83,+0.49945,+0.48183,-0.08808,+0.09645,0.06203,1.0000,1,0,0,0,0.0000,+0.02235,+0.02293,0.1183,+0.000,+0.000,1.0000,0,1.0000,0,1,+5.000,+0.000,+5.000,+0.01343,+10.641,-0.00000,+0.00,+0.00000,1,+0.34985,+0.32666,0.01065,+1.708,0,32.2,32.2
14.304395,3,1,0.215039,0.215039,0.2490,-0.03396,1,1,0.0260,1,1,+0.51587,+0.11014,0.06236,199.83,+0.50141,+0.48417,-0.08619,+0.09809,0.06207,1.0000,1,0,0,0,0.0000,+0.02116,+0.02172,0.1121,+0.000,+0.000,1.0000,0,1.0000,0,1,+5.000,+0.000,+5.000,+0.01195,+10.643,-0.00000,+0.00,+0.00000,1,+0.34985,+0.32666,0.01065,+2.047,0,32.2,32.2
14.309060,3,1,0.215076,0.215076,0.2490,-0.03392,1,1,0.0260,1,1,+0.51587,+0.11014,0.06236,199.83,+0.50174,+0.48457,-0.08584,+0.09836,0.06208,1.0000,1,0,0,0,0.0000,+0.02097,+0.02151,0.1110,+0.000,+0.000,1.0000,0,1.0000,0,1,+5.000,+0.000,+5.000,+0.01146,+10.644,-0.00000,+0.00,+0.00000,1,+0.34985,+0.32666,0.01065,+2.159,0,34.9,34.0
14.313710,3,1,0.215119,0.215119,0.2490,-0.03388,1,1,0.0260,1,1,+0.51587,+0.11014,0.06236,199.83,+0.50206,+0.48497,-0.08546,+0.09863,0.06209,1.0000,1,0,0,0,0.0000,+0.02077,+0.02132,0.1100,+0.000,+0.000,1.0000,0,1.0000,0,1,+5.000,+0.000,+5.000,+0.01109,+10.644,-0.00000,+0.00,+0.00000,1,+0.34985,+0.32666,0.01065,+2.245,0,34.9,34.0
14.318392,3,1,0.215170,0.215170,0.2490,-0.03383,1,1,0.0260,1,1,+0.51587,+0.11014,0.06236,199.83,+0.50238,+0.48537,-0.08505,+0.09889,0.06209,1.0000,1,0,0,0,0.0000,+0.02058,+0.02112,0.1090,+0.000,+0.000,1.0000,0,1.0000,0,1,+5.000,+0.000,+5.000,+0.01109,+10.644,-0.00000,+0.00,+0.00000,1,+0.34985,+0.32666,0.01065,+2.245,0,34.9,34.0
14.323870,3,1,0.215237,0.215237,0.2490,-0.03376,1,1,0.0260,1,1,+0.51587,+0.11014,0.06236,199.83,+0.50274,+0.48583,-0.08453,+0.09919,0.06210,1.0000,1,0,0,0,0.0000,+0.02036,+0.02089,0.1078,+0.000,+0.000,1.0000,0,1.0000,0,1,+5.000,+0.000,+5.000,+0.01050,+10.645,-0.00000,+0.00,+0.00000,1,+0.34985,+0.32666,0.01065,+2.378,0,34.9,34.0
14.331253,3,1,0.215342,0.215342,0.2490,-0.03366,1,1,0.0260,1,1,+0.51587,+0.11014,0.06236,199.83,+0.50321,+0.48645,-0.08377,+0.09958,0.06211,1.0000,1,0,0,0,0.0000,+0.02006,+0.02058,0.1062,+0.000,+0.000,1.0000,0,1.0000,0,1,+5.000,+0.000,+5.000,+0.01050,+10.645,-0.00000,+0.00,+0.00000,1,+0.34985,+0.32666,0.01065,+2.378,0,34.9,34.0
14.335637,3,1,0.215409,0.215409,0.2490,-0.03359,1,1,0.0260,1,1,+0.51587,+0.11014,0.06236,199.83,+0.50348,+0.48682,-0.08331,+0.09981,0.06211,1.0000,1,0,0,0,0.0000,+0.01988,+0.02040,0.1053,+0.000,+0.000,1.0000,0,1.0000,0,1,+5.000,+0.000,+5.000,+0.01000,+10.646,-0.00000,+0.00,+0.00000,1,+0.34985,+0.32666,0.01065,+2.494,0,34.9,34.0
14.340170,3,1,0.215483,0.215483,0.2490,-0.03352,1,1,0.0260,1,1,+0.51587,+0.11014,0.06236,199.83,+0.50375,+0.48719,-0.08280,+0.10004,0.06212,1.0000,1,0,0,0,0.0000,+0.01970,+0.02022,0.1043,+0.000,+0.000,1.0000,0,1.0000,0,1,+5.000,+0.000,+5.000,+0.00957,+10.647,-0.00000,+0.00,+0.00000,1,+0.34985,+0.32666,0.01065,+2.593,0,34.9,34.0
14.344929,3,1,0.215565,0.215565,0.2490,-0.03343,1,1,0.0260,1,1,+0.51587,+0.11014,0.06236,199.83,+0.50404,+0.48758,-0.08225,+0.10027,0.06213,1.0000,1,0,0,0,0.0000,+0.01952,+0.02003,0.1033,+0.000,+0.000,1.0000,0,1.0000,0,1,+5.000,+0.000,+5.000,+0.00957,+10.647,-0.00000,+0.00,+0.00000,1,+0.34985,+0.32666,0.01065,+2.593,0,34.9,34.0
14.349551,3,1,0.215650,0.215650,0.2490,-0.03335,1,1,0.0260,1,1,+0.51587,+0.11014,0.06236,199.83,+0.50430,+0.48796,-0.08170,+0.10050,0.06213,1.0000,1,0,0,0,0.0000,+0.01934,+0.01984,0.1024,+0.000,+0.000,1.0000,0,1.0000,0,1,+5.000,+0.000,+5.000,+0.00904,+10.648,-0.00000,+0.00,+0.00000,1,+0.34985,+0.32666,0.01065,+2.714,0,34.9,34.0
14.354000,3,1,0.215736,0.215736,0.2490,-0.03326,1,1,0.0260,1,1,+0.51587,+0.11014,0.06236,199.83,+0.50455,+0.48832,-0.08116,+0.10071,0.06214,1.0000,1,0,0,0,0.0000,+0.01917,+0.01967,0.1015,+0.000,+0.000,1.0000,0,1.0000,0,1,+5.000,+0.000,+5.000,+0.00904,+10.648,-0.00000,+0.00,+0.00000,1,+0.34985,+0.32666,0.01065,+2.714,0,34.9,34.0
14.358477,3,1,0.215826,0.215826,0.2490,-0.03317,1,1,0.0260,1,1,+0.51587,+0.11014,0.06236,199.83,+0.50480,+0.48868,-0.08059,+0.10091,0.06214,1.0000,1,0,0,0,0.0000,+0.01899,+0.01949,0.1006,+0.000,+0.000,1.0000,0,1.0000,0,1,+5.000,+0.000,+5.000,+0.00850,+10.649,-0.00000,+0.00,+0.00000,1,+0.34985,+0.32666,0.01065,+2.837,0,34.9,34.0
14.362821,3,1,0.215916,0.215916,0.2490,-0.03308,1,1,0.0260,1,1,+0.51587,+0.11014,0.06236,199.83,+0.50504,+0.48903,-0.08003,+0.10111,0.06215,1.0000,1,0,0,0,0.0000,+0.01883,+0.01932,0.0997,+0.000,+0.000,1.0000,0,1.0000,0,1,+5.000,+0.000,+5.000,+0.00850,+10.649,-0.00000,+0.00,+0.00000,1,+0.34985,+0.32666,0.01065,+2.837,0,34.9,34.0
14.367097,3,1,0.216008,0.216008,0.2490,-0.03299,1,1,0.0260,1,1,+0.51587,+0.11014,0.06236,199.83,+0.50526,+0.48937,-0.07947,+0.10130,0.06215,1.0000,1,0,0,0,0.0000,+0.01867,+0.01916,0.0989,+0.000,+0.000,1.0000,0,1.0000,0,1,+5.000,+0.000,+5.000,+0.00796,+10.650,-0.00000,+0.00,+0.00000,1,+0.34985,+0.32666,0.01065,+2.961,0,34.9,34.0
14.371791,3,1,0.216113,0.216113,0.2490,-0.03289,1,1,0.0260,1,1,+0.51587,+0.11014,0.06236,199.83,+0.50551,+0.48974,-0.07883,+0.10150,0.06215,1.0000,1,0,0,0,0.0000,+0.01850,+0.01898,0.0979,+0.000,+0.000,1.0000,0,1.0000,0,1,+5.000,+0.000,+5.000,+0.00796,+10.650,-0.00000,+0.00,+0.00000,1,+0.34985,+0.32666,0.01065,+2.961,0,34.9,34.0
14.376443,3,1,0.216220,0.216220,0.2490,-0.03278,1,1,0.0260,1,1,+0.51587,+0.11014,0.06236,199.83,+0.50574,+0.49010,-0.07819,+0.10170,0.06216,1.0000,1,0,0,0,0.0000,+0.01832,+0.01880,0.0970,+0.000,+0.000,1.0000,0,1.0000,0,1,+5.000,+0.000,+5.000,+0.00746,+10.651,-0.00000,+0.00,+0.00000,1,+0.34985,+0.32666,0.01065,+3.076,0,34.9,34.0
14.381027,3,1,0.216329,0.216329,0.2490,-0.03267,1,1,0.0260,1,1,+0.51587,+0.11014,0.06236,199.83,+0.50597,+0.49046,-0.07755,+0.10189,0.06216,1.0000,1,0,0,0,0.0000,+0.01816,+0.01863,0.0961,+0.000,+0.000,1.0000,0,1.0000,0,1,+5.000,+0.000,+5.000,+0.00746,+10.651,-0.00000,+0.00,+0.00000,1,+0.34985,+0.32666,0.01065,+3.076,0,34.9,34.0
14.385598,3,1,0.216440,0.216440,0.2490,-0.03256,1,1,0.0260,1,1,+0.51587,+0.11014,0.06236,199.83,+0.50619,+0.49081,-0.07690,+0.10207,0.06217,1.0000,1,0,0,0,0.0000,+0.01799,+0.01846,0.0953,+0.000,+0.000,1.0000,0,1.0000,0,1,+5.000,+0.000,+5.000,+0.00701,+10.652,-0.00000,+0.00,+0.00000,1,+0.34985,+0.32666,0.01065,+3.179,0,34.9,34.0
14.390415,3,1,0.216559,0.216559,0.2490,-0.03244,1,1,0.0260,1,1,+0.51587,+0.11014,0.06236,199.83,+0.50642,+0.49118,-0.07620,+0.10226,0.06217,1.0000,1,0,0,0,0.0000,+0.01782,+0.01828,0.0944,+0.000,+0.000,1.0000,0,1.0000,0,1,+5.000,+0.000,+5.000,+0.00701,+10.652,-0.00000,+0.00,+0.00000,1,+0.34985,+0.32666,0.01065,+3.179,0,34.9,34.0
14.395155,3,1,0.216679,0.216679,0.2490,-0.03232,1,1,0.0260,1,1,+0.51587,+0.11014,0.06236,199.83,+0.50664,+0.49154,-0.07551,+0.10244,0.06218,1.0000,1,0,0,0,0.0000,+0.01765,+0.01811,0.0935,+0.000,+0.000,1.0000,0,1.0000,0,1,+5.000,+0.000,+5.000,+0.00653,+10.653,-0.00000,+0.00,+0.00000,1,+0.34985,+0.32666,0.01065,+3.289,0,34.9,34.0
14.399957,3,1,0.216804,0.216804,0.2490,-0.03220,1,1,0.0260,1,1,+0.51587,+0.11014,0.06236,199.83,+0.50685,+0.49190,-0.07479,+0.10262,0.06218,1.0000,1,0,0,0,0.0000,+0.01748,+0.01794,0.0926,+0.000,+0.000,1.0000,0,1.0000,0,1,+5.000,+0.000,+5.000,+0.00653,+10.653,-0.00000,+0.00,+0.00000,1,+0.34985,+0.32666,0.01065,+3.289,0,34.9,34.0
14.404490,3,1,0.216923,0.216923,0.2490,-0.03208,1,1,0.0260,1,1,+0.51587,+0.11014,0.06236,199.83,+0.50705,+0.49223,-0.07411,+0.10279,0.06219,1.0000,1,0,0,0,0.0000,+0.01732,+0.01778,0.0917,+0.000,+0.000,1.0000,0,1.0000,0,1,+5.000,+0.000,+5.000,+0.00592,+10.655,-0.00000,+0.00,+0.00000,1,+0.34985,+0.32666,0.01065,+3.428,0,34.9,34.0
14.409103,3,1,0.217046,0.217046,0.2490,-0.03195,1,1,0.0260,1,1,+0.51587,+0.11014,0.06236,199.83,+0.50725,+0.49257,-0.07341,+0.10296,0.06219,1.0000,1,0,0,0,0.0000,+0.01717,+0.01761,0.0909,+0.000,+0.000,1.0000,0,1.0000,0,1,+5.000,+0.000,+5.000,+0.00592,+10.655,-0.00000,+0.00,+0.00000,1,+0.34985,+0.32666,0.01065,+3.428,0,34.9,34.0
14.413908,3,1,0.217177,0.217177,0.2490,-0.03182,1,1,0.0260,1,1,+0.51587,+0.11014,0.06236,199.83,+0.50746,+0.49292,-0.07268,+0.10312,0.06219,1.0000,1,0,0,0,0.0000,+0.01700,+0.01744,0.0900,+0.000,+0.000,1.0000,0,1.0000,0,1,+5.000,+0.000,+5.000,+0.00546,+10.656,-0.00000,+0.00,+0.00000,1,+0.34985,+0.32666,0.01065,+3.533,0,34.9,34.0
14.419100,3,1,0.217320,0.217320,0.2490,-0.03168,1,1,0.0260,1,1,+0.51587,+0.11014,0.06236,199.83,+0.50767,+0.49329,-0.07188,+0.10330,0.06220,1.0000,1,0,0,0,0.0000,+0.01683,+0.01726,0.0891,+0.000,+0.000,1.0000,0,1.0000,0,1,+5.000,+0.000,+5.000,+0.00504,+10.657,-0.00000,+0.00,+0.00000,1,+0.34985,+0.32666,0.01065,+3.629,0,34.9,34.0
14.423682,3,1,0.217447,0.217447,0.2490,-0.03155,1,1,0.0260,1,1,+0.51587,+0.11014,0.06236,199.83,+0.50785,+0.49362,-0.07117,+0.10345,0.06220,1.0000,1,0,0,0,0.0000,+0.01667,+0.01711,0.0883,+0.000,+0.000,1.0000,0,1.0000,0,1,+5.000,+0.000,+5.000,+0.00504,+10.657,-0.00000,+0.00,+0.00000,1,+0.34985,+0.32666,0.01065,+3.629,0,34.9,34.0
14.428159,3,1,0.217573,0.217573,0.2490,-0.03143,1,1,0.0260,1,1,+0.51587,+0.11014,0.06236,199.83,+0.50803,+0.49393,-0.07047,+0.10360,0.06220,1.0000,1,0,0,0,0.0000,+0.01652,+0.01695,0.0875,+0.000,+0.000,1.0000,0,1.0000,0,1,+5.000,+0.000,+5.000,+0.00458,+10.658,-0.00000,+0.00,+0.00000,1,+0.34985,+0.32666,0.01065,+3.735,0,34.9,34.0
14.432588,3,1,0.217699,0.217699,0.2490,-0.03130,1,1,0.0260,1,1,+0.51587,+0.11014,0.06236,199.83,+0.50820,+0.49424,-0.06977,+0.10374,0.06221,1.0000,1,0,0,0,0.0000,+0.01638,+0.01680,0.0867,+0.000,+0.000,1.0000,0,1.0000,0,1,+5.000,+0.000,+5.000,+0.00458,+10.658,-0.00000,+0.00,+0.00000,1,+0.34985,+0.32666,0.01065,+3.735,0,34.9,34.0
14.436857,3,1,0.217821,0.217821,0.2490,-0.03118,1,1,0.0260,1,1,+0.51587,+0.11014,0.06236,199.83,+0.50836,+0.49454,-0.06910,+0.10388,0.06221,1.0000,1,0,0,0,0.0000,+0.01624,+0.01666,0.0860,+0.000,+0.000,1.0000,0,1.0000,0,1,+5.000,+0.000,+5.000,+0.00410,+10.659,-0.00000,+0.00,+0.00000,1,+0.34985,+0.32666,0.01065,+3.846,0,34.9,34.0
14.441602,3,1,0.217958,0.217958,0.2490,-0.03104,1,1,0.0260,1,1,+0.51587,+0.11014,0.06236,199.83,+0.50853,+0.49486,-0.06835,+0.10402,0.06221,1.0000,1,0,0,0,0.0000,+0.01608,+0.01650,0.0852,+0.000,+0.000,1.0000,0,1.0000,0,1,+5.000,+0.000,+5.000,+0.00410,+10.659,-0.00000,+0.00,+0.00000,1,+0.34985,+0.32666,0.01065,+3.846,0,34.9,34.0
14.446414,3,1,0.218098,0.218098,0.2490,-0.03090,1,1,0.0260,1,1,+0.51587,+0.11014,0.06236,199.83,+0.50870,+0.49519,-0.06758,+0.10417,0.06222,1.0000,1,0,0,0,0.0000,+0.01593,+0.01635,0.0844,+0.000,+0.000,1.0000,0,1.0000,0,1,+5.000,+0.000,+5.000,+0.00367,+10.661,-0.00000,+0.00,+0.00000,1,+0.34985,+0.32666,0.01065,+3.945,0,34.9,34.0
14.450726,3,1,0.218224,0.218224,0.2490,-0.03078,1,1,0.0260,1,1,+0.51587,+0.11014,0.06236,199.83,+0.50886,+0.49548,-0.06690,+0.10429,0.06222,1.0000,1,0,0,0,0.0000,+0.01579,+0.01621,0.0836,+0.000,+0.000,1.0000,0,1.0000,0,1,+5.000,+0.000,+5.000,+0.00367,+10.661,-0.00000,+0.00,+0.00000,1,+0.34985,+0.32666,0.01065,+3.945,0,34.9,34.0
14.458158,3,1,0.218443,0.218443,0.2490,-0.03056,1,1,0.0260,1,1,+0.51587,+0.11014,0.06236,199.83,+0.50911,+0.49596,-0.06571,+0.10450,0.06223,1.0000,1,0,0,0,0.0000,+0.01556,+0.01597,0.0824,+0.000,+0.000,1.0000,0,1.0000,0,1,+5.000,+0.000,+5.000,+0.00321,+10.662,-0.00000,+0.00,+0.00000,1,+0.34985,+0.32666,0.01065,+4.050,0,34.9,34.0
14.462566,3,1,0.218573,0.218573,0.2490,-0.03043,1,1,0.0260,1,1,+0.51587,+0.11014,0.06236,199.83,+0.50925,+0.49625,-0.06501,+0.10462,0.06223,1.0000,1,0,0,0,0.0000,+0.01542,+0.01583,0.0817,+0.000,+0.000,1.0000,0,1.0000,0,1,+5.000,+0.000,+5.000,+0.00275,+10.663,-0.00000,+0.00,+0.00000,1,+0.34985,+0.32666,0.01065,+4.156,0,34.9,34.0
14.467300,3,1,0.218713,0.218713,0.2490,-0.03029,1,1,0.0260,1,1,+0.51587,+0.11014,0.06236,199.83,+0.50941,+0.49656,-0.06425,+0.10475,0.06223,1.0000,1,0,0,0,0.0000,+0.01528,+0.01568,0.0809,+0.000,+0.000,1.0000,0,1.0000,0,1,+5.000,+0.000,+5.000,+0.00275,+10.663,-0.00000,+0.00,+0.00000,1,+0.34985,+0.32666,0.01065,+4.156,0,34.9,34.0
14.473005,3,1,0.218883,0.218883,0.2490,-0.03012,1,1,0.0260,1,1,+0.51587,+0.11014,0.06236,199.83,+0.50959,+0.49692,-0.06334,+0.10490,0.06224,1.0000,1,0,0,0,0.0000,+0.01511,+0.01550,0.0800,+0.000,+0.000,1.0000,0,1.0000,0,1,+5.000,+0.000,+5.000,+0.00224,+10.665,-0.00000,+0.00,+0.00000,1,+0.34985,+0.32666,0.01065,+4.271,0,34.9,34.0
14.479689,3,1,0.219082,0.219082,0.2490,-0.02992,1,1,0.0260,1,1,+0.51587,+0.11014,0.06236,199.83,+0.50979,+0.49733,-0.06228,+0.10507,0.06224,1.0000,1,0,0,0,0.0000,+0.01491,+0.01529,0.0789,+0.000,+0.000,1.0000,0,1.0000,0,1,+5.000,+0.000,+5.000,+0.00224,+10.665,-0.00000,+0.00,+0.00000,1,+0.34985,+0.32666,0.01065,+4.271,0,34.9,34.0
14.483974,3,1,0.219209,0.219209,0.2490,-0.02979,1,1,0.0260,1,1,+0.51587,+0.11014,0.06236,199.83,+0.50992,+0.49760,-0.06160,+0.10518,0.06224,1.0000,1,0,0,0,0.0000,+0.01478,+0.01516,0.0783,+0.000,+0.000,1.0000,0,1.0000,0,1,+5.000,+0.000,+5.000,+0.00160,+10.667,-0.00000,+0.00,+0.00000,1,+0.34985,+0.32666,0.01065,+4.419,0,34.9,34.0
14.488570,3,1,0.219347,0.219347,0.2490,-0.02965,1,1,0.0260,1,1,+0.51587,+0.11014,0.06236,199.83,+0.51005,+0.49788,-0.06087,+0.10529,0.06225,1.0000,1,0,0,0,0.0000,+0.01464,+0.01502,0.0775,+0.000,+0.000,1.0000,0,1.0000,0,1,+5.000,+0.000,+5.000,+0.00114,+10.668,-0.00000,+0.00,+0.00000,1,+0.34985,+0.32666,0.01065,+4.525,0,34.9,34.0
14.493124,3,1,0.219482,0.219482,0.2490,-0.02952,1,1,0.0260,1,1,+0.51587,+0.11014,0.06236,199.83,+0.51018,+0.49815,-0.06015,+0.10540,0.06225,1.0000,1,0,0,0,0.0000,+0.01451,+0.01489,0.0768,+0.000,+0.000,1.0000,0,1.0000,0,1,+5.000,+0.000,+5.000,+0.00114,+10.668,-0.00000,+0.00,+0.00000,1,+0.34985,+0.32666,0.01065,+4.525,0,34.9,34.0
14.497574,3,1,0.219615,0.219615,0.2490,-0.02939,1,1,0.0260,1,1,+0.51587,+0.11014,0.06236,199.83,+0.51030,+0.49842,-0.05944,+0.10550,0.06225,1.0000,1,0,0,0,0.0000,+0.01438,+0.01476,0.0762,+0.000,+0.000,1.0000,0,1.0000,0,1,+5.000,+0.000,+5.000,+0.00068,+10.670,-0.00000,+0.00,+0.00000,1,+0.34985,+0.32666,0.01065,+4.630,0,34.9,34.0
14.502144,3,1,0.219751,0.219751,0.2490,-0.02925,1,1,0.0260,1,1,+0.51587,+0.11014,0.06236,199.83,+0.51043,+0.49868,-0.05872,+0.10560,0.06225,1.0000,1,0,0,0,0.0000,+0.01425,+0.01462,0.0755,+0.000,+0.000,1.0000,0,1.0000,0,1,+5.000,+0.000,+5.000,+0.00068,+10.670,-0.00000,+0.00,+0.00000,1,+0.34985,+0.32666,0.01065,+4.630,0,34.9,34.0
14.506873,3,1,0.219891,0.219891,0.2490,-0.02911,1,1,0.0260,1,1,+0.51587,+0.11014,0.06236,199.83,+0.51055,+0.49896,-0.05798,+0.10571,0.06226,1.0000,1,0,0,0,0.0000,+0.01412,+0.01448,0.0748,+0.000,+0.000,1.0000,0,1.0000,0,1,+5.000,+0.000,+5.000,+0.00017,+10.672,-0.00000,+0.00,+0.00000,1,+0.34985,+0.32666,0.01065,+4.747,0,34.9,34.0
14.511339,3,1,0.220024,0.220024,0.2490,-0.02898,1,1,0.0260,1,1,+0.51587,+0.11014,0.06236,199.83,+0.51067,+0.49921,-0.05728,+0.10580,0.06226,1.0000,1,0,0,0,0.0000,+0.01399,+0.01436,0.0741,+0.000,+0.000,1.0000,0,1.0000,0,1,+5.000,+0.000,+5.000,+0.00017,+10.672,-0.00000,+0.00,+0.00000,1,+0.34985,+0.32666,0.01065,+4.747,0,34.9,34.0
14.515643,3,1,0.220151,0.220151,0.2490,-0.02885,1,1,0.0260,1,1,+0.51587,+0.11014,0.06236,199.83,+0.51078,+0.49946,-0.05661,+0.10590,0.06226,1.0000,1,0,0,0,0.0000,+0.01387,+0.01423,0.0735,+0.000,+0.000,1.0000,0,1.0000,0,1,+5.000,+0.000,+5.000,-0.00025,+10.673,-0.00000,+0.00,+0.00000,1,+0.34985,+0.32666,0.01065,+4.843,0,34.9,34.0
14.521169,3,1,0.220314,0.220314,0.2490,-0.02869,1,1,0.0260,1,1,+0.51587,+0.11014,0.06236,199.83,+0.51092,+0.49977,-0.05576,+0.10601,0.06226,1.0000,1,0,0,0,0.0000,+0.01372,+0.01408,0.0726,+0.000,+0.000,1.0000,0,1.0000,0,1,+5.000,+0.000,+5.000,-0.00025,+10.673,-0.00000,+0.00,+0.00000,1,+0.34985,+0.32666,0.01065,+4.843,0,34.9,34.0
14.525952,3,1,0.220455,0.220455,0.2490,-0.02855,1,1,0.0260,1,1,+0.51587,+0.11014,0.06236,199.83,+0.51103,+0.50003,-0.05502,+0.10611,0.06226,1.0000,1,0,0,0,0.0000,+0.01359,+0.01394,0.0720,+0.000,+0.000,1.0000,0,1.0000,0,1,+5.000,+0.000,+5.000,-0.00076,+10.675,-0.00000,+0.00,+0.00000,1,+0.34985,+0.32666,0.01065,+4.960,0,34.9,34.0
14.530704,3,1,0.220594,0.220594,0.2490,-0.02841,1,1,0.0260,1,1,+0.51587,+0.11014,0.06236,199.83,+0.51115,+0.50029,-0.05429,+0.10620,0.06227,1.0000,1,0,0,0,0.0000,+0.01346,+0.01381,0.0713,+0.000,+0.000,1.0000,0,1.0000,0,1,+5.000,+0.000,+5.000,-0.00076,+10.675,-0.00000,+0.00,+0.00000,1,+0.34985,+0.32666,0.01065,+4.960,0,34.9,34.0
14.535207,3,1,0.220725,0.220725,0.2490,-0.02827,1,1,0.0260,1,1,+0.51587,+0.11014,0.06236,199.83,+0.51125,+0.50053,-0.05361,+0.10629,0.06227,1.0000,1,0,0,0,0.0000,+0.01334,+0.01369,0.0706,+0.000,+0.000,1.0000,0,1.0000,0,1,+5.000,+0.000,+5.000,-0.00128,+10.677,-0.00000,+0.00,+0.00000,1,+0.34985,+0.32666,0.01065,+5.079,0,34.9,34.0
14.539948,3,1,0.220863,0.220863,0.2490,-0.02814,1,1,0.0260,1,1,+0.51587,+0.11014,0.06236,199.83,+0.51136,+0.50078,-0.05289,+0.10638,0.06227,1.0000,1,0,0,0,0.0000,+0.01321,+0.01356,0.0700,+0.000,+0.000,1.0000,0,1.0000,0,1,+5.000,+0.000,+5.000,-0.00164,+10.678,-0.00000,+0.00,+0.00000,1,+0.34985,+0.32666,0.01065,+5.161,0,34.9,34.0
14.544533,3,1,0.220996,0.220996,0.2490,-0.02800,1,1,0.0260,1,1,+0.51587,+0.11014,0.06236,199.83,+0.51146,+0.50102,-0.05220,+0.10646,0.06227,1.0000,1,0,0,0,0.0000,+0.01309,+0.01343,0.0693,+0.000,+0.000,1.0000,0,1.0000,0,1,+5.000,+0.000,+5.000,-0.00164,+10.678,-0.00000,+0.00,+0.00000,1,+0.34985,+0.32666,0.01065,+5.161,0,34.9,34.0
14.549124,3,1,0.221128,0.221128,0.2490,-0.02787,1,1,0.0260,1,1,+0.51587,+0.11014,0.06236,199.83,+0.51156,+0.50125,-0.05151,+0.10654,0.06228,1.0000,1,0,0,0,0.0000,+0.01297,+0.01331,0.0687,+0.000,+0.000,1.0000,0,1.0000,0,1,+5.000,+0.000,+5.000,-0.00226,+10.680,-0.00000,+0.00,+0.00000,1,+0.34985,+0.32666,0.01065,+5.304,0,34.9,34.0
14.556064,3,1,0.221326,0.221326,0.2490,-0.02767,1,1,0.0260,1,1,+0.51587,+0.11014,0.06236,199.83,+0.51170,+0.50160,-0.05048,+0.10666,0.06228,1.0000,1,0,0,0,0.0000,+0.01279,+0.01313,0.0677,+0.000,+0.000,1.0000,0,1.0000,0,1,+5.000,+0.000,+5.000,-0.00226,+10.680,-0.00000,+0.00,+0.00000,1,+0.34985,+0.32666,0.01065,+5.304,0,34.9,34.0
14.563942,3,1,0.221548,0.221548,0.2490,-0.02745,1,1,0.0260,1,1,+0.51587,+0.11014,0.06236,199.83,+0.51186,+0.50199,-0.04933,+0.10680,0.06228,1.0000,1,0,0,0,0.0000,+0.01259,+0.01292,0.0667,+0.000,+0.000,1.0000,0,1.0000,0,1,+5.000,+0.000,+5.000,-0.00289,+10.683,-0.00000,+0.00,+0.00000,1,+0.34985,+0.32666,0.01065,+5.447,0,34.9,34.0
14.568631,3,1,0.221680,0.221680,0.2490,-0.02732,1,1,0.0260,1,1,+0.51587,+0.11014,0.06236,199.83,+0.51195,+0.50222,-0.04865,+0.10687,0.06228,1.0000,1,0,0,0,0.0000,+0.01248,+0.01280,0.0661,+0.000,+0.000,1.0000,0,1.0000,0,1,+5.000,+0.000,+5.000,-0.00289,+10.683,-0.00000,+0.00,+0.00000,1,+0.34985,+0.32666,0.01065,+5.447,0,34.9,34.0
14.573235,3,1,0.221808,0.221808,0.2490,-0.02719,1,1,0.0260,1,1,+0.51587,+0.11014,0.06236,199.83,+0.51204,+0.50244,-0.04798,+0.10695,0.06228,1.0000,1,0,0,0,0.0000,+0.01236,+0.01268,0.0655,+0.000,+0.000,1.0000,0,1.0000,0,1,+5.000,+0.000,+5.000,-0.00337,+10.685,-0.00000,+0.00,+0.00000,1,+0.34985,+0.32666,0.01065,+5.557,0,34.9,34.0
14.577927,3,1,0.221938,0.221938,0.2490,-0.02706,1,1,0.0260,1,1,+0.51587,+0.11014,0.06236,199.83,+0.51213,+0.50266,-0.04731,+0.10702,0.06229,1.0000,1,0,0,0,0.0000,+0.01225,+0.01257,0.0648,+0.000,+0.000,1.0000,0,1.0000,0,1,+5.000,+0.000,+5.000,-0.00383,+10.687,-0.00000,+0.00,+0.00000,1,+0.34985,+0.32666,0.01065,+5.663,0,34.9,34.0
14.582211,3,1,0.222056,0.222056,0.2490,-0.02694,1,1,0.0260,1,1,+0.51587,+0.11014,0.06236,199.83,+0.51221,+0.50286,-0.04671,+0.10708,0.06229,1.0000,1,0,0,0,0.0000,+0.01214,+0.01246,0.0643,+0.000,+0.000,1.0000,0,1.0000,0,1,+5.000,+0.000,+5.000,-0.00383,+10.687,-0.00000,+0.00,+0.00000,1,+0.34985,+0.32666,0.01065,+5.663,0,34.9,34.0
14.587212,3,1,0.222192,0.222192,0.2490,-0.02681,1,1,0.0260,1,1,+0.51587,+0.11014,0.06236,199.83,+0.51230,+0.50309,-0.04600,+0.10716,0.06229,1.0000,1,0,0,0,0.0000,+0.01202,+0.01233,0.0637,+0.000,+0.000,1.0000,0,1.0000,0,1,+5.000,+0.000,+5.000,-0.00429,+10.689,-0.00000,+0.00,+0.00000,1,+0.34985,+0.32666,0.01065,+5.768,0,34.9,34.0
14.592782,3,1,0.222343,0.222343,0.2490,-0.02666,1,1,0.0260,1,1,+0.51587,+0.11014,0.06236,199.83,+0.51239,+0.50335,-0.04523,+0.10724,0.06229,1.0000,1,0,0,0,0.0000,+0.01189,+0.01220,0.0630,+0.000,+0.000,1.0000,0,1.0000,0,1,+5.000,+0.000,+5.000,-0.00429,+10.689,-0.00000,+0.00,+0.00000,1,+0.34985,+0.32666,0.01065,+5.768,0,34.9,34.0
14.597244,3,1,0.222462,0.222462,0.2490,-0.02654,1,1,0.0260,1,1,+0.51587,+0.11014,0.06236,199.83,+0.51247,+0.50355,-0.04461,+0.10730,0.06229,1.0000,1,0,0,0,0.0000,+0.01178,+0.01209,0.0624,+0.000,+0.000,1.0000,0,1.0000,0,1,+5.000,+0.000,+5.000,-0.00476,+10.691,-0.00000,+0.00,+0.00000,1,+0.34985,+0.32666,0.01065,+5.876,0,34.9,34.0
14.604208,3,1,0.222647,0.222647,0.2490,-0.02635,1,1,0.0260,1,1,+0.51587,+0.11014,0.06236,199.83,+0.51258,+0.50385,-0.04367,+0.10740,0.06230,1.0000,1,0,0,0,0.0000,+0.01162,+0.01192,0.0615,+0.000,+0.000,1.0000,0,1.0000,0,1,+5.000,+0.000,+5.000,-0.00476,+10.691,-0.00000,+0.00,+0.00000,1,+0.34985,+0.32666,0.01065,+5.876,0,34.9,34.0
14.608974,3,1,0.222772,0.222772,0.2490,-0.02623,1,1,0.0260,1,1,+0.51587,+0.11014,0.06236,199.83,+0.51266,+0.50405,-0.04302,+0.10746,0.06230,1.0000,1,0,0,0,0.0000,+0.01151,+0.01181,0.0609,+0.000,+0.000,1.0000,0,1.0000,0,1,+5.000,+0.000,+5.000,-0.00537,+10.693,-0.00000,+0.00,+0.00000,1,+0.34985,+0.32666,0.01065,+6.016,0,34.9,34.0
14.615221,3,1,0.222935,0.222935,0.2490,-0.02607,1,1,0.0260,1,1,+0.51587,+0.11014,0.06236,199.83,+0.51276,+0.50432,-0.04219,+0.10754,0.06230,1.0000,1,0,0,0,0.0000,+0.01137,+0.01166,0.0602,+0.000,+0.000,1.0000,0,1.0000,0,1,+5.000,+0.000,+5.000,-0.00579,+10.695,-0.00000,+0.00,+0.00000,1,+0.34985,+0.32666,0.01065,+6.112,0,34.9,34.0
14.619915,3,1,0.223055,0.223055,0.2490,-0.02594,1,1,0.0260,1,1,+0.51587,+0.11014,0.06236,199.83,+0.51283,+0.50451,-0.04157,+0.10760,0.06230,1.0000,1,0,0,0,0.0000,+0.01126,+0.01155,0.0596,+0.000,+0.000,1.0000,0,1.0000,0,1,+5.000,+0.000,+5.000,-0.00579,+10.695,-0.00000,+0.00,+0.00000,1,+0.34985,+0.32666,0.01065,+6.112,0,34.9,34.0
14.626195,3,1,0.223215,0.223215,0.2490,-0.02578,1,1,0.0260,1,1,+0.51587,+0.11014,0.06236,199.83,+0.51292,+0.50477,-0.04076,+0.10768,0.06230,1.0000,1,0,0,0,0.0000,+0.01112,+0.01141,0.0589,+0.000,+0.000,1.0000,0,1.0000,0,1,+5.000,+0.000,+5.000,-0.00635,+10.698,-0.00000,+0.00,+0.00000,1,+0.34985,+0.32666,0.01065,+6.240,0,34.9,34.0
14.630741,3,1,0.223330,0.223330,0.2490,-0.02567,1,1,0.0260,1,1,+0.51587,+0.11014,0.06236,199.83,+0.51299,+0.50495,-0.04017,+0.10773,0.06230,1.0000,1,0,0,0,0.0000,+0.01102,+0.01131,0.0583,+0.000,+0.000,1.0000,0,1.0000,0,1,+5.000,+0.000,+5.000,-0.00678,+10.700,-0.00000,+0.00,+0.00000,1,+0.34985,+0.32666,0.01065,+6.339,0,34.9,34.0
14.635348,3,1,0.223445,0.223445,0.2490,-0.02556,1,1,0.0260,1,1,+0.51587,+0.11014,0.06236,199.83,+0.51305,+0.50513,-0.03959,+0.10779,0.06230,1.0000,1,0,0,0,0.0000,+0.01092,+0.01120,0.0578,+0.000,+0.000,1.0000,0,1.0000,0,1,+5.000,+0.000,+5.000,-0.00678,+10.700,-0.00000,+0.00,+0.00000,1,+0.34985,+0.32666,0.01065,+6.339,0,34.9,34.0
14.640824,3,1,0.223580,0.223580,0.2490,-0.02542,1,1,0.0260,1,1,+0.51587,+0.11014,0.06236,199.83,+0.51313,+0.50535,-0.03890,+0.10785,0.06231,1.0000,1,0,0,0,0.0000,+0.01080,+0.01108,0.0572,+0.000,+0.000,1.0000,0,1.0000,0,1,+5.000,+0.000,+5.000,-0.00728,+10.702,-0.00000,+0.00,+0.00000,1,+0.34985,+0.32666,0.01065,+6.455,0,34.9,34.0
14.645559,3,1,0.223696,0.223696,0.2490,-0.02530,1,1,0.0260,1,1,+0.51587,+0.11014,0.06236,199.83,+0.51319,+0.50553,-0.03831,+0.10790,0.06231,1.0000,1,0,0,0,0.0000,+0.01070,+0.01098,0.0566,+0.000,+0.000,1.0000,0,1.0000,0,1,+5.000,+0.000,+5.000,-0.00728,+10.702,-0.00000,+0.00,+0.00000,1,+0.34985,+0.32666,0.01065,+6.455,0,34.9,34.0
14.650575,3,1,0.223817,0.223817,0.2490,-0.02518,1,1,0.0260,1,1,+0.51587,+0.11014,0.06236,199.83,+0.51326,+0.50572,-0.03769,+0.10796,0.06231,1.0000,1,0,0,0,0.0000,+0.01059,+0.01087,0.0561,+0.000,+0.000,1.0000,0,1.0000,0,1,+5.000,+0.000,+5.000,-0.00773,+10.704,-0.00000,+0.00,+0.00000,1,+0.34985,+0.32666,0.01065,+6.557,0,34.9,34.0
14.655097,3,1,0.223925,0.223925,0.2490,-0.02508,1,1,0.0260,1,1,+0.51587,+0.11014,0.06236,199.83,+0.51331,+0.50589,-0.03714,+0.10801,0.06231,1.0000,1,0,0,0,0.0000,+0.01049,+0.01077,0.0556,+0.000,+0.000,1.0000,0,1.0000,0,1,+5.000,+0.000,+5.000,-0.00773,+10.704,-0.00000,+0.00,+0.00000,1,+0.34985,+0.32666,0.01065,+6.557,0,34.9,34.0
14.659693,3,1,0.224034,0.224034,0.2490,-0.02497,1,1,0.0260,1,1,+0.51587,+0.11014,0.06236,199.83,+0.51337,+0.50605,-0.03659,+0.10806,0.06231,1.0000,1,0,0,0,0.0000,+0.01040,+0.01067,0.0551,+0.000,+0.000,1.0000,0,1.0000,0,1,+5.000,+0.000,+5.000,-0.00831,+10.707,-0.00000,+0.00,+0.00000,1,+0.34985,+0.32666,0.01065,+6.690,0,34.9,34.0
14.664203,3,1,0.224140,0.224140,0.2490,-0.02486,1,1,0.0260,1,1,+0.51587,+0.11014,0.06236,199.83,+0.51343,+0.50622,-0.03605,+0.10810,0.06231,1.0000,1,0,0,0,0.0000,+0.01031,+0.01057,0.0546,+0.000,+0.000,1.0000,0,1.0000,0,1,+5.000,+0.000,+5.000,-0.00865,+10.708,-0.00000,+0.00,+0.00000,1,+0.34985,+0.32666,0.01065,+6.768,0,34.9,34.0
14.668530,3,1,0.224240,0.224240,0.2490,-0.02476,1,1,0.0260,1,1,+0.51587,+0.11014,0.06236,199.83,+0.51348,+0.50637,-0.03554,+0.10814,0.06231,1.0000,1,0,0,0,0.0000,+0.01022,+0.01048,0.0541,+0.000,+0.000,1.0000,0,1.0000,0,1,+5.000,+0.000,+5.000,-0.00865,+10.708,-0.00000,+0.00,+0.00000,1,+0.34985,+0.32666,0.01065,+6.768,0,34.9,34.0
14.673404,3,1,0.224352,0.224352,0.2490,-0.02465,1,1,0.0260,1,1,+0.51587,+0.11014,0.06236,199.83,+0.51354,+0.50654,-0.03497,+0.10819,0.06231,1.0000,1,0,0,0,0.0000,+0.01012,+0.01038,0.0536,+0.000,+0.000,1.0000,0,1.0000,0,1,+5.000,+0.000,+5.000,-0.00925,+10.711,-0.00000,+0.00,+0.00000,1,+0.34985,+0.32666,0.01065,+6.904,0,34.9,34.0
14.677923,3,1,0.224454,0.224454,0.2490,-0.02455,1,1,0.0260,1,1,+0.51587,+0.11014,0.06236,199.83,+0.51359,+0.50670,-0.03445,+0.10824,0.06232,1.0000,1,0,0,0,0.0000,+0.01003,+0.01029,0.0531,+0.000,+0.000,1.0000,0,1.0000,0,1,+5.000,+0.000,+5.000,-0.00925,+10.711,-0.00000,+0.00,+0.00000,1,+0.34985,+0.32666,0.01065,+6.904,0,34.9,34.0
14.682860,3,1,0.224565,0.224565,0.2490,-0.02443,1,1,0.0260,1,1,+0.51587,+0.11014,0.06236,199.83,+0.51364,+0.50686,-0.03389,+0.10828,0.06232,1.0000,1,0,0,0,0.0000,+0.00993,+0.01019,0.0526,+0.000,+0.000,1.0000,0,1.0000,0,1,+5.000,+0.000,+5.000,-0.00963,+10.713,-0.00000,+0.00,+0.00000,1,+0.34985,+0.32666,0.01065,+6.993,0,34.9,34.0
14.687868,3,1,0.224676,0.224676,0.2490,-0.02432,1,1,0.0260,1,1,+0.51587,+0.11014,0.06236,199.83,+0.51370,+0.50703,-0.03333,+0.10833,0.06232,1.0000,1,0,0,0,0.0000,+0.00983,+0.01009,0.0520,+0.000,+0.000,1.0000,0,1.0000,0,1,+5.000,+0.000,+5.000,-0.00963,+10.713,-0.00000,+0.00,+0.00000,1,+0.34985,+0.32666,0.01065,+6.993,0,34.9,34.0
14.692750,3,1,0.224783,0.224783,0.2490,-0.02422,1,1,0.0260,1,1,+0.51587,+0.11014,0.06236,199.83,+0.51375,+0.50719,-0.03279,+0.10837,0.06232,1.0000,1,0,0,0,0.0000,+0.00973,+0.00999,0.0515,+0.000,+0.000,1.0000,0,1.0000,0,1,+5.000,+0.000,+5.000,-0.01010,+10.716,-0.00000,+0.00,+0.00000,1,+0.34985,+0.32666,0.01065,+7.099,0,34.9,34.0
14.697305,3,1,0.224882,0.224882,0.2490,-0.02412,1,1,0.0260,1,1,+0.51587,+0.11014,0.06236,199.83,+0.51380,+0.50734,-0.03229,+0.10841,0.06232,1.0000,1,0,0,0,0.0000,+0.00965,+0.00990,0.0511,+0.000,+0.000,1.0000,0,1.0000,0,1,+5.000,+0.000,+5.000,-0.01010,+10.716,-0.00000,+0.00,+0.00000,1,+0.34985,+0.32666,0.01065,+7.099,0,34.9,34.0
14.705982,3,1,0.225066,0.225066,0.2490,-0.02393,1,1,0.0260,1,1,+0.51587,+0.11014,0.06236,199.83,+0.51388,+0.50761,-0.03136,+0.10848,0.06232,1.0000,1,0,0,0,0.0000,+0.00948,+0.00973,0.0502,+0.000,+0.000,1.0000,0,1.0000,0,1,+5.000,+0.000,+5.000,-0.01109,+10.721,-0.00000,+0.00,+0.00000,1,+0.34985,+0.32666,0.01065,+7.326,0,34.9,34.0
14.710684,3,1,0.225164,0.225164,0.2490,-0.02384,1,1,0.0260,1,1,+0.51587,+0.11014,0.06236,199.83,+0.51393,+0.50776,-0.03086,+0.10852,0.06232,1.0000,1,0,0,0,0.0000,+0.00939,+0.00964,0.0497,+0.000,+0.000,1.0000,0,1.0000,0,1,+5.000,+0.000,+5.000,-0.01109,+10.721,-0.00000,+0.00,+0.00000,1,+0.34985,+0.32666,0.01065,+7.326,0,34.9,34.0
14.715272,3,1,0.225259,0.225259,0.2490,-0.02374,1,1,0.0260,1,1,+0.51587,+0.11014,0.06236,199.83,+0.51397,+0.50789,-0.03038,+0.10856,0.06232,1.0000,1,0,0,0,0.0000,+0.00930,+0.00955,0.0493,+0.000,+0.000,1.0000,0,1.0000,0,1,+5.000,+0.000,+5.000,-0.01161,+10.724,-0.00000,+0.00,+0.00000,1,+0.34985,+0.32666,0.01065,+7.446,0,34.9,34.0
14.719868,3,1,0.225353,0.225353,0.2490,-0.02365,1,1,0.0260,1,1,+0.51587,+0.11014,0.06236,199.83,+0.51401,+0.50803,-0.02991,+0.10859,0.06232,1.0000,1,0,0,0,0.0000,+0.00922,+0.00946,0.0488,+0.000,+0.000,1.0000,0,1.0000,0,1,+5.000,+0.000,+5.000,-0.01161,+10.724,-0.00000,+0.00,+0.00000,1,+0.34985,+0.32666,0.01065,+7.446,0,34.9,34.0
14.724838,3,1,0.225453,0.225453,0.2490,-0.02355,1,1,0.0260,1,1,+0.51587,+0.11014,0.06236,199.83,+0.51406,+0.50818,-0.02940,+0.10863,0.06232,1.0000,1,0,0,0,0.0000,+0.00913,+0.00937,0.0483,+0.000,+0.000,1.0000,0,1.0000,0,1,+5.000,+0.000,+5.000,-0.01215,+10.727,-0.00000,+0.00,+0.00000,1,+0.34985,+0.32666,0.01065,+7.569,0,34.9,34.0
14.736111,3,1,0.225674,0.225674,0.2490,-0.02333,1,1,0.0260,1,1,+0.51587,+0.11014,0.06236,199.83,+0.51416,+0.50850,-0.02829,+0.10871,0.06233,1.0000,1,0,0,0,0.0000,+0.00893,+0.00916,0.0473,+0.000,+0.000,1.0000,0,1.0000,0,1,+5.000,+0.000,+5.000,-0.01215,+10.727,-0.00000,+0.00,+0.00000,1,+0.34985,+0.32666,0.01065,+7.569,0,34.9,34.0
14.740811,3,1,0.225765,0.225765,0.2490,-0.02324,1,1,0.0260,1,1,+0.51587,+0.11014,0.06236,199.83,+0.51420,+0.50863,-0.02784,+0.10874,0.06233,1.0000,1,0,0,0,0.0000,+0.00884,+0.00907,0.0468,+0.000,+0.000,1.0000,0,1.0000,0,1,+5.000,+0.000,+5.000,-0.01283,+10.730,-0.00000,+0.00,+0.00000,1,+0.34985,+0.32666,0.01065,+7.726,0,34.9,34.0
14.748600,3,1,0.225912,0.225912,0.2490,-0.02309,1,1,0.0260,1,1,+0.51587,+0.11014,0.06236,199.83,+0.51426,+0.50884,-0.02710,+0.10879,0.06233,1.0000,1,0,0,0,0.0000,+0.00870,+0.00893,0.0461,+0.000,+0.000,1.0000,0,1.0000,0,1,+5.000,+0.000,+5.000,-0.01332,+10.733,-0.00000,+0.00,+0.00000,1,+0.34985,+0.32666,0.01065,+7.837,0,34.9,34.0
14.753309,3,1,0.226000,0.226000,0.2490,-0.02300,1,1,0.0260,1,1,+0.51587,+0.11014,0.06236,199.83,+0.51430,+0.50896,-0.02665,+0.10883,0.06233,1.0000,1,0,0,0,0.0000,+0.00862,+0.00885,0.0457,+0.000,+0.000,1.0000,0,1.0000,0,1,+5.000,+0.000,+5.000,-0.01374,+10.736,-0.00000,+0.00,+0.00000,1,+0.34985,+0.32666,0.01065,+7.935,0,34.9,34.0
14.757997,3,1,0.226086,0.226086,0.2490,-0.02291,1,1,0.0260,1,1,+0.51587,+0.11014,0.06236,199.83,+0.51433,+0.50909,-0.02622,+0.10886,0.06233,1.0000,1,0,0,0,0.0000,+0.00854,+0.00877,0.0452,+0.000,+0.000,1.0000,0,1.0000,0,1,+5.000,+0.000,+5.000,-0.01374,+10.736,-0.00000,+0.00,+0.00000,1,+0.34985,+0.32666,0.01065,+7.935,0,34.9,34.0
14.762416,3,1,0.226167,0.226167,0.2490,-0.02283,1,1,0.0260,1,1,+0.51587,+0.11014,0.06236,199.83,+0.51436,+0.50920,-0.02582,+0.10888,0.06233,1.0000,1,0,0,0,0.0000,+0.00847,+0.00869,0.0448,+0.000,+0.000,1.0000,0,1.0000,0,1,+5.000,+0.000,+5.000,-0.01374,+10.736,-0.00000,+0.00,+0.00000,1,+0.34985,+0.32666,0.01065,+7.935,0,34.9,34.0
14.767465,3,1,0.226257,0.226257,0.2490,-0.02274,1,1,0.0260,1,1,+0.51587,+0.11014,0.06236,199.83,+0.51440,+0.50933,-0.02536,+0.10891,0.06233,1.0000,1,0,0,0,0.0000,+0.00838,+0.00860,0.0444,+0.000,+0.000,1.0000,0,1.0000,0,1,+5.000,+0.000,+5.000,-0.01429,+10.739,-0.00000,+0.00,+0.00000,1,+0.34985,+0.32666,0.01065,+8.061,0,34.9,34.0
14.772027,3,1,0.226338,0.226338,0.2490,-0.02266,1,1,0.0260,1,1,+0.51587,+0.11014,0.06236,199.83,+0.51443,+0.50944,-0.02496,+0.10894,0.06233,1.0000,1,0,0,0,0.0000,+0.00831,+0.00852,0.0440,+0.000,+0.000,1.0000,0,1.0000,0,1,+5.000,+0.000,+5.000,-0.01466,+10.741,-0.00000,+0.00,+0.00000,1,+0.34985,+0.32666,0.01065,+8.145,0,34.9,34.0
14.776527,3,1,0.226417,0.226417,0.2490,-0.02258,1,1,0.0260,1,1,+0.51587,+0.11014,0.06236,199.83,+0.51447,+0.50955,-0.02456,+0.10897,0.06233,1.0000,1,0,0,0,0.0000,+0.00823,+0.00845,0.0436,+0.000,+0.000,1.0000,0,1.0000,0,1,+5.000,+0.000,+5.000,-0.01466,+10.741,-0.00000,+0.00,+0.00000,1,+0.34985,+0.32666,0.01065,+8.145,0,34.9,34.0
14.781056,3,1,0.226495,0.226495,0.2490,-0.02251,1,1,0.0260,1,1,+0.51587,+0.11014,0.06236,199.83,+0.51450,+0.50966,-0.02417,+0.10899,0.06233,1.0000,1,0,0,0,0.0000,+0.00816,+0.00837,0.0432,+0.000,+0.000,1.0000,0,1.0000,0,1,+5.000,+0.000,+5.000,-0.01516,+10.744,-0.00000,+0.00,+0.00000,1,+0.34985,+0.32666,0.01065,+8.260,0,34.9,34.0
14.785614,3,1,0.226572,0.226572,0.2490,-0.02243,1,1,0.0260,1,1,+0.51587,+0.11014,0.06236,199.83,+0.51453,+0.50977,-0.02378,+0.10902,0.06233,1.0000,1,0,0,0,0.0000,+0.00808,+0.00829,0.0428,+0.000,+0.000,1.0000,0,1.0000,0,1,+5.000,+0.000,+5.000,-0.01516,+10.744,-0.00000,+0.00,+0.00000,1,+0.34985,+0.32666,0.01065,+8.260,0,34.9,34.0
14.790710,3,1,0.226658,0.226658,0.2490,-0.02234,1,1,0.0260,1,1,+0.51587,+0.11014,0.06236,199.83,+0.51456,+0.50989,-0.02335,+0.10905,0.06233,1.0000,1,0,0,0,0.0000,+0.00800,+0.00821,0.0424,+0.000,+0.000,1.0000,0,1.0000,0,1,+5.000,+0.000,+5.000,-0.01560,+10.747,-0.00000,+0.00,+0.00000,1,+0.34985,+0.32666,0.01065,+8.361,0,34.9,34.0
14.795660,3,1,0.226739,0.226739,0.2490,-0.02226,1,1,0.0260,1,1,+0.51587,+0.11014,0.06236,199.83,+0.51459,+0.51000,-0.02294,+0.10907,0.06234,1.0000,1,0,0,0,0.0000,+0.00792,+0.00813,0.0420,+0.000,+0.000,1.0000,0,1.0000,0,1,+5.000,+0.000,+5.000,-0.01613,+10.750,-0.00000,+0.00,+0.00000,1,+0.34985,+0.32666,0.01065,+8.481,0,34.9,34.0
14.799840,3,1,0.226808,0.226808,0.2490,-0.02219,1,1,0.0260,1,1,+0.51587,+0.11014,0.06236,199.83,+0.51462,+0.51010,-0.02260,+0.10910,0.06234,1.0000,1,0,0,0,0.0000,+0.00786,+0.00806,0.0416,+0.000,+0.000,1.0000,0,1.0000,0,1,+5.000,+0.000,+5.000,-0.01613,+10.750,-0.00000,+0.00,+0.00000,1,+0.34985,+0.32666,0.01065,+8.481,0,34.9,34.0
14.804413,3,1,0.226881,0.226881,0.2490,-0.02212,1,1,0.0260,1,1,+0.51587,+0.11014,0.06236,199.83,+0.51465,+0.51020,-0.02223,+0.10912,0.06234,1.0000,1,0,0,0,0.0000,+0.00779,+0.00799,0.0412,+0.000,+0.000,1.0000,0,1.0000,0,1,+5.000,+0.000,+5.000,-0.01662,+10.753,-0.00000,+0.00,+0.00000,1,+0.34985,+0.32666,0.01065,+8.594,0,34.9,34.0
14.809014,3,1,0.226954,0.226954,0.2490,-0.02205,1,1,0.0260,1,1,+0.51587,+0.11014,0.06236,199.83,+0.51468,+0.51030,-0.02187,+0.10914,0.06234,1.0000,1,0,0,0,0.0000,+0.00771,+0.00792,0.0408,+0.000,+0.000,1.0000,0,1.0000,0,1,+5.000,+0.000,+5.000,-0.01662,+10.753,-0.00000,+0.00,+0.00000,1,+0.34985,+0.32666,0.01065,+8.594,0,34.9,34.0
14.813602,3,1,0.227026,0.227026,0.2490,-0.02197,1,1,0.0260,1,1,+0.51587,+0.11014,0.06236,199.83,+0.51470,+0.51040,-0.02151,+0.10916,0.06234,1.0000,1,0,0,0,0.0000,+0.00764,+0.00784,0.0405,+0.000,+0.000,1.0000,0,1.0000,0,1,+5.000,+0.000,+5.000,-0.01707,+10.756,-0.00000,+0.00,+0.00000,1,+0.34985,+0.32666,0.01065,+8.698,0,34.9,34.0
14.818044,3,1,0.227095,0.227095,0.2490,-0.02191,1,1,0.0260,1,1,+0.51587,+0.11014,0.06236,199.83,+0.51473,+0.51049,-0.02117,+0.10919,0.06234,1.0000,1,0,0,0,0.0000,+0.00758,+0.00777,0.0401,+0.000,+0.000,1.0000,0,1.0000,0,1,+5.000,+0.000,+5.000,-0.01707,+10.756,-0.00000,+0.00,+0.00000,1,+0.34985,+0.32666,0.01065,+8.698,0,34.9,34.0
14.822841,3,1,0.227168,0.227168,0.2490,-0.02183,1,1,0.0260,1,1,+0.51587,+0.11014,0.06236,199.83,+0.51475,+0.51059,-0.02080,+0.10921,0.06234,1.0000,1,0,0,0,0.0000,+0.00750,+0.00770,0.0397,+0.000,+0.000,1.0000,0,1.0000,0,1,+5.000,+0.000,+5.000,-0.01758,+10.759,-0.00000,+0.00,+0.00000,1,+0.34985,+0.32666,0.01065,+8.814,0,34.9,34.0
14.834500,3,1,0.227339,0.227339,0.2490,-0.02166,1,1,0.0260,1,1,+0.51587,+0.11014,0.06236,199.83,+0.51482,+0.51083,-0.01995,+0.10926,0.06234,1.0000,1,0,0,0,0.0000,+0.00733,+0.00752,0.0388,+0.000,+0.000,1.0000,0,1.0000,0,1,+5.000,+0.000,+5.000,-0.01758,+10.759,-0.00000,+0.00,+0.00000,1,+0.34985,+0.32666,0.01065,+8.814,0,34.9,34.0
14.838874,3,1,0.227402,0.227402,0.2490,-0.02160,1,1,0.0260,1,1,+0.51587,+0.11014,0.06236,199.83,+0.51484,+0.51091,-0.01963,+0.10928,0.06234,1.0000,1,0,0,0,0.0000,+0.00727,+0.00746,0.0385,+0.000,+0.000,1.0000,0,1.0000,0,1,+5.000,+0.000,+5.000,-0.01847,+10.765,-0.00000,+0.00,+0.00000,1,+0.34985,+0.32666,0.01065,+9.017,0,34.9,34.0
14.843457,3,1,0.227468,0.227468,0.2490,-0.02153,1,1,0.0260,1,1,+0.51587,+0.11014,0.06236,199.83,+0.51486,+0.51100,-0.01931,+0.10930,0.06234,1.0000,1,0,0,0,0.0000,+0.00720,+0.00739,0.0381,+0.000,+0.000,1.0000,0,1.0000,0,1,+5.000,+0.000,+5.000,-0.01847,+10.765,-0.00000,+0.00,+0.00000,1,+0.34985,+0.32666,0.01065,+9.017,0,34.9,34.0
14.847980,3,1,0.227531,0.227531,0.2490,-0.02147,1,1,0.0260,1,1,+0.51587,+0.11014,0.06236,199.83,+0.51488,+0.51109,-0.01899,+0.10932,0.06234,1.0000,1,0,0,0,0.0000,+0.00714,+0.00732,0.0378,+0.000,+0.000,1.0000,0,1.0000,0,1,+5.000,+0.000,+5.000,-0.01898,+10.768,-0.00000,+0.00,+0.00000,1,+0.34985,+0.32666,0.01065,+9.136,0,34.9,34.0
14.852500,3,1,0.227594,0.227594,0.2490,-0.02141,1,1,0.0260,1,1,+0.51587,+0.11014,0.06236,199.83,+0.51491,+0.51117,-0.01867,+0.10933,0.06234,1.0000,1,0,0,0,0.0000,+0.00707,+0.00726,0.0374,+0.000,+0.000,1.0000,0,1.0000,0,1,+5.000,+0.000,+5.000,-0.01898,+10.768,-0.00000,+0.00,+0.00000,1,+0.34985,+0.32666,0.01065,+9.136,0,34.9,34.0
14.857750,3,1,0.227666,0.227666,0.2490,-0.02133,1,1,0.0260,1,1,+0.51587,+0.11014,0.06236,199.83,+0.51493,+0.51127,-0.01832,+0.10936,0.06234,1.0000,1,0,0,0,0.0000,+0.00700,+0.00718,0.0371,+0.000,+0.000,1.0000,0,1.0000,0,1,+5.000,+0.000,+5.000,-0.01941,+10.771,-0.00000,+0.00,+0.00000,1,+0.34985,+0.32666,0.01065,+9.234,0,34.9,34.0
14.862321,3,1,0.227727,0.227727,0.2490,-0.02127,1,1,0.0260,1,1,+0.51587,+0.11014,0.06236,199.83,+0.51495,+0.51135,-0.01801,+0.10937,0.06234,1.0000,1,0,0,0,0.0000,+0.00693,+0.00712,0.0367,+0.000,+0.000,1.0000,0,1.0000,0,1,+5.000,+0.000,+5.000,-0.01987,+10.775,-0.00000,+0.00,+0.00000,1,+0.34985,+0.32666,0.01065,+9.340,0,34.9,34.0
14.867292,3,1,0.227793,0.227793,0.2490,-0.02121,1,1,0.0260,1,1,+0.51587,+0.11014,0.06236,199.83,+0.51497,+0.51144,-0.01768,+0.10939,0.06234,1.0000,1,0,0,0,0.0000,+0.00687,+0.00704,0.0364,+0.000,+0.000,1.0000,0,1.0000,0,1,+5.000,+0.000,+5.000,-0.01987,+10.775,-0.00000,+0.00,+0.00000,1,+0.34985,+0.32666,0.01065,+9.340,0,34.9,34.0
14.871920,3,1,0.227853,0.227853,0.2490,-0.02115,1,1,0.0260,1,1,+0.51587,+0.11014,0.06236,199.83,+0.51499,+0.51152,-0.01738,+0.10941,0.06234,1.0000,1,0,0,0,0.0000,+0.00680,+0.00698,0.0360,+0.000,+0.000,1.0000,0,1.0000,0,1,+5.000,+0.000,+5.000,-0.02036,+10.778,-0.00000,+0.00,+0.00000,1,+0.34985,+0.32666,0.01065,+9.452,0,34.9,34.0
14.876549,3,1,0.227913,0.227913,0.2490,-0.02109,1,1,0.0260,1,1,+0.51587,+0.11014,0.06236,199.83,+0.51501,+0.51160,-0.01709,+0.10943,0.06234,1.0000,1,0,0,0,0.0000,+0.00674,+0.00692,0.0357,+0.000,+0.000,1.0000,0,1.0000,0,1,+5.000,+0.000,+5.000,-0.02036,+10.778,-0.00000,+0.00,+0.00000,1,+0.34985,+0.32666,0.01065,+9.452,0,34.9,34.0
14.881121,3,1,0.227971,0.227971,0.2490,-0.02103,1,1,0.0260,1,1,+0.51587,+0.11014,0.06236,199.83,+0.51503,+0.51167,-0.01680,+0.10944,0.06234,1.0000,1,0,0,0,0.0000,+0.00668,+0.00685,0.0354,+0.000,+0.000,1.0000,0,1.0000,0,1,+5.000,+0.000,+5.000,-0.02087,+10.782,-0.00000,+0.00,+0.00000,1,+0.34985,+0.32666,0.01065,+9.569,0,34.9,34.0
14.887015,3,1,0.228044,0.228044,0.2490,-0.02096,1,1,0.0260,1,1,+0.51587,+0.11014,0.06236,199.83,+0.51506,+0.51177,-0.01643,+0.10946,0.06234,1.0000,1,0,0,0,0.0000,+0.00660,+0.00677,0.0349,+0.000,+0.000,1.0000,0,1.0000,0,1,+5.000,+0.000,+5.000,-0.02087,+10.782,-0.00000,+0.00,+0.00000,1,+0.34985,+0.32666,0.01065,+9.569,0,34.9,34.0
14.891776,3,1,0.228102,0.228102,0.2490,-0.02090,1,1,0.0260,1,1,+0.51587,+0.11014,0.06236,199.83,+0.51508,+0.51185,-0.01615,+0.10948,0.06235,1.0000,1,0,0,0,0.0000,+0.00654,+0.00671,0.0346,+0.000,+0.000,1.0000,0,1.0000,0,1,+5.000,+0.000,+5.000,-0.02135,+10.785,-0.00000,+0.00,+0.00000,1,+0.34985,+0.32666,0.01065,+9.679,0,34.9,34.0
14.896351,3,1,0.228157,0.228157,0.2490,-0.02084,1,1,0.0260,1,1,+0.51587,+0.11014,0.06236,199.83,+0.51509,+0.51192,-0.01587,+0.10949,0.06235,1.0000,1,0,0,0,0.0000,+0.00648,+0.00665,0.0343,+0.000,+0.000,1.0000,0,1.0000,0,1,+5.000,+0.000,+5.000,-0.02135,+10.785,-0.00000,+0.00,+0.00000,1,+0.34985,+0.32666,0.01065,+9.679,0,34.9,34.0
14.900883,3,1,0.228211,0.228211,0.2490,-0.02079,1,1,0.0260,1,1,+0.51587,+0.11014,0.06236,199.83,+0.51511,+0.51199,-0.01560,+0.10951,0.06235,1.0000,1,0,0,0,0.0000,+0.00642,+0.00659,0.0340,+0.000,+0.000,1.0000,0,1.0000,0,1,+5.000,+0.000,+5.000,-0.02182,+10.788,-0.00000,+0.00,+0.00000,1,+0.34985,+0.32666,0.01065,+9.786,0,34.9,34.0
14.905830,3,1,0.228269,0.228269,0.2490,-0.02073,1,1,0.0260,1,1,+0.51587,+0.11014,0.06236,199.83,+0.51513,+0.51207,-0.01532,+0.10952,0.06235,1.0000,1,0,0,0,0.0000,+0.00636,+0.00652,0.0337,+0.000,+0.000,1.0000,0,1.0000,0,1,+5.000,+0.000,+5.000,-0.02233,+10.792,-0.00000,+0.00,+0.00000,1,+0.34985,+0.32666,0.01065,+9.902,0,34.9,34.0
14.910423,3,1,0.228322,0.228322,0.2490,-0.02068,1,1,0.0260,1,1,+0.51587,+0.11014,0.06236,199.83,+0.51515,+0.51214,-0.01505,+0.10954,0.06235,1.0000,1,0,0,0,0.0000,+0.00630,+0.00646,0.0334,+0.000,+0.000,1.0000,0,1.0000,0,1,+5.000,+0.000,+5.000,-0.02233,+10.792,-0.00000,+0.00,+0.00000,1,+0.34985,+0.32666,0.01065,+9.902,0,34.9,34.0
14.915021,3,1,0.228374,0.228374,0.2490,-0.02063,1,1,0.0260,1,1,+0.51587,+0.11014,0.06236,199.83,+0.51516,+0.51220,-0.01480,+0.10955,0.06235,1.0000,1,0,0,0,0.0000,+0.00624,+0.00640,0.0330,+0.000,+0.000,1.0000,0,1.0000,0,1,+5.000,+0.000,+5.000,-0.02284,+10.796,-0.00000,+0.00,+0.00000,1,+0.34985,+0.32666,0.01065,+10.020,0,34.9,34.0
14.919253,3,1,0.228421,0.228421,0.2490,-0.02058,1,1,0.0260,1,1,+0.51587,+0.11014,0.06236,199.83,+0.51518,+0.51227,-0.01456,+0.10956,0.06235,1.0000,1,0,0,0,0.0000,+0.00619,+0.00635,0.0328,+0.000,+0.000,1.0000,0,1.0000,0,1,+5.000,+0.000,+5.000,-0.02284,+10.796,-0.00000,+0.00,+0.00000,1,+0.34985,+0.32666,0.01065,+10.020,0,34.9,34.0
14.927163,3,1,0.228507,0.228507,0.2490,-0.02049,1,1,0.0260,1,1,+0.51587,+0.11014,0.06236,199.83,+0.51520,+0.51238,-0.01413,+0.10958,0.06235,1.0000,1,0,0,0,0.0000,+0.00609,+0.00625,0.0323,+0.000,+0.000,1.0000,0,1.0000,0,1,+5.000,+0.000,+5.000,-0.02349,+10.801,-0.00000,+0.00,+0.00000,1,+0.34985,+0.32666,0.01065,+10.168,0,34.9,34.0
14.931944,3,1,0.228558,0.228558,0.2490,-0.02044,1,1,0.0260,1,1,+0.51587,+0.11014,0.06236,199.83,+0.51522,+0.51244,-0.01388,+0.10960,0.06235,1.0000,1,0,0,0,0.0000,+0.00603,+0.00619,0.0319,+0.000,+0.000,1.0000,0,1.0000,0,1,+5.000,+0.000,+5.000,-0.02349,+10.801,-0.00000,+0.00,+0.00000,1,+0.34985,+0.32666,0.01065,+10.168,0,34.9,34.0
14.936597,3,1,0.228607,0.228607,0.2490,-0.02039,1,1,0.0260,1,1,+0.51587,+0.11014,0.06236,199.83,+0.51523,+0.51251,-0.01364,+0.10961,0.06235,1.0000,1,0,0,0,0.0000,+0.00598,+0.00613,0.0316,+0.000,+0.000,1.0000,0,1.0000,0,1,+5.000,+0.000,+5.000,-0.02405,+10.805,-0.00000,+0.00,+0.00000,1,+0.34985,+0.32666,0.01065,+10.297,0,34.9,34.0
14.940903,3,1,0.228652,0.228652,0.2490,-0.02035,1,1,0.0260,1,1,+0.51587,+0.11014,0.06236,199.83,+0.51525,+0.51256,-0.01342,+0.10962,0.06235,1.0000,1,0,0,0,0.0000,+0.00593,+0.00608,0.0314,+0.000,+0.000,1.0000,0,1.0000,0,1,+5.000,+0.000,+5.000,-0.02405,+10.805,-0.00000,+0.00,+0.00000,1,+0.34985,+0.32666,0.01065,+10.297,0,34.9,34.0
14.946447,3,1,0.228708,0.228708,0.2490,-0.02029,1,1,0.0260,1,1,+0.51587,+0.11014,0.06236,199.83,+0.51526,+0.51264,-0.01314,+0.10963,0.06235,1.0000,1,0,0,0,0.0000,+0.00586,+0.00601,0.0310,+0.000,+0.000,1.0000,0,1.0000,0,1,+5.000,+0.000,+5.000,-0.02451,+10.808,-0.00000,+0.00,+0.00000,1,+0.34985,+0.32666,0.01065,+10.402,0,34.9,34.0
14.950878,3,1,0.228752,0.228752,0.2490,-0.02025,1,1,0.0260,1,1,+0.51587,+0.11014,0.06236,199.83,+0.51528,+0.51269,-0.01292,+0.10965,0.06235,1.0000,1,0,0,0,0.0000,+0.00581,+0.00596,0.0308,+0.000,+0.000,1.0000,0,1.0000,0,1,+5.000,+0.000,+5.000,-0.02451,+10.808,-0.00000,+0.00,+0.00000,1,+0.34985,+0.32666,0.01065,+10.402,0,34.9,34.0
14.955515,3,1,0.228798,0.228798,0.2490,-0.02020,1,1,0.0260,1,1,+0.51587,+0.11014,0.06236,199.83,+0.51529,+0.51275,-0.01269,+0.10966,0.06235,1.0000,1,0,0,0,0.0000,+0.00575,+0.00591,0.0305,+0.000,+0.000,1.0000,0,1.0000,0,1,+5.000,+0.000,+5.000,-0.02493,+10.812,-0.00000,+0.00,+0.00000,1,+0.34985,+0.32666,0.01065,+10.500,0,34.9,34.0
14.959961,3,1,0.228841,0.228841,0.2490,-0.02016,1,1,0.0260,1,1,+0.51587,+0.11014,0.06236,199.83,+0.51530,+0.51281,-0.01248,+0.10967,0.06235,1.0000,1,0,0,0,0.0000,+0.00570,+0.00585,0.0302,+0.000,+0.000,1.0000,0,1.0000,0,1,+5.000,+0.000,+5.000,-0.02493,+10.812,-0.00000,+0.00,+0.00000,1,+0.34985,+0.32666,0.01065,+10.500,0,34.9,34.0
14.964938,3,1,0.228889,0.228889,0.2490,-0.02011,1,1,0.0260,1,1,+0.51587,+0.11014,0.06236,199.83,+0.51532,+0.51287,-0.01224,+0.10968,0.06235,1.0000,1,0,0,0,0.0000,+0.00565,+0.00579,0.0299,+0.000,+0.000,1.0000,0,1.0000,0,1,+5.000,+0.000,+5.000,-0.02540,+10.815,-0.00000,+0.00,+0.00000,1,+0.34985,+0.32666,0.01065,+10.607,0,34.9,34.0
14.969944,3,1,0.228936,0.228936,0.2490,-0.02006,1,1,0.0260,1,1,+0.51587,+0.11014,0.06236,199.83,+0.51533,+0.51293,-0.01201,+0.10969,0.06235,1.0000,1,0,0,0,0.0000,+0.00559,+0.00574,0.0296,+0.000,+0.000,1.0000,0,1.0000,0,1,+5.000,+0.000,+5.000,-0.02585,+10.819,-0.00000,+0.00,+0.00000,1,+0.34985,+0.32666,0.01065,+10.710,0,34.9,34.0
14.974726,3,1,0.228980,0.228980,0.2490,-0.02002,1,1,0.0260,1,1,+0.51587,+0.11014,0.06236,199.83,+0.51534,+0.51299,-0.01179,+0.10970,0.06235,1.0000,1,0,0,0,0.0000,+0.00554,+0.00568,0.0293,+0.000,+0.000,1.0000,0,1.0000,0,1,+5.000,+0.000,+5.000,-0.02585,+10.819,-0.00000,+0.00,+0.00000,1,+0.34985,+0.32666,0.01065,+10.710,0,34.9,34.0
14.979300,3,1,0.229022,0.229022,0.2490,-0.01998,1,1,0.0260,1,1,+0.51587,+0.11014,0.06236,199.83,+0.51536,+0.51304,-0.01158,+0.10971,0.06235,1.0000,1,0,0,0,0.0000,+0.00549,+0.00563,0.0291,+0.000,+0.000,1.0000,0,1.0000,0,1,+5.000,+0.000,+5.000,-0.02639,+10.823,-0.00000,+0.00,+0.00000,1,+0.34985,+0.32666,0.01065,+10.833,0,34.9,34.0
14.986345,3,1,0.229084,0.229084,0.2490,-0.01992,1,1,0.0260,1,1,+0.51587,+0.11014,0.06236,199.83,+0.51537,+0.51312,-0.01127,+0.10972,0.06235,1.0000,1,0,0,0,0.0000,+0.00541,+0.00555,0.0287,+0.000,+0.000,1.0000,0,1.0000,0,1,+5.000,+0.000,+5.000,-0.02639,+10.823,-0.00000,+0.00,+0.00000,1,+0.34985,+0.32666,0.01065,+10.833,0,34.9,34.0
14.991880,3,1,0.229132,0.229132,0.2490,-0.01987,1,1,0.0260,1,1,+0.51587,+0.11014,0.06236,199.83,+0.51539,+0.51318,-0.01104,+0.10974,0.06235,1.0000,1,0,0,0,0.0000,+0.00535,+0.00549,0.0283,+0.000,+0.000,1.0000,0,1.0000,0,1,+5.000,+0.000,+5.000,-0.02689,+10.827,-0.00000,+0.00,+0.00000,1,+0.34985,+0.32666,0.01065,+10.949,0,34.9,34.0
14.996493,3,1,0.229172,0.229172,0.2490,-0.01983,1,1,0.0260,1,1,+0.51587,+0.11014,0.06236,199.83,+0.51540,+0.51323,-0.01084,+0.10975,0.06235,1.0000,1,0,0,0,0.0000,+0.00530,+0.00544,0.0281,+0.000,+0.000,1.0000,0,1.0000,0,1,+5.000,+0.000,+5.000,-0.02739,+10.831,-0.00000,+0.00,+0.00000,1,+0.34985,+0.32666,0.01065,+11.061,0,34.9,34.0
15.001073,3,1,0.229210,0.229210,0.2490,-0.01979,1,1,0.0260,1,1,+0.51587,+0.11014,0.06236,199.83,+0.51541,+0.51328,-0.01065,+0.10975,0.06235,1.0000,1,0,0,0,0.0000,+0.00525,+0.00539,0.0278,+0.000,+0.000,1.0000,0,1.0000,0,1,+5.000,+0.000,+5.000,-0.02739,+10.831,-0.00000,+0.00,+0.00000,1,+0.34985,+0.32666,0.01065,+11.061,0,34.9,34.0
15.005459,3,1,0.229247,0.229247,0.2490,-0.01975,1,1,0.0260,1,1,+0.51587,+0.11014,0.06236,199.83,+0.51542,+0.51332,-0.01047,+0.10976,0.06235,1.0000,1,0,0,0,0.0000,+0.00521,+0.00534,0.0276,+0.000,+0.000,1.0000,0,1.0000,0,1,+5.000,+0.000,+5.000,-0.02781,+10.835,-0.00000,+0.00,+0.00000,1,+0.34985,+0.32666,0.01065,+11.160,0,34.9,34.0
15.012893,3,1,0.229307,0.229307,0.2490,-0.01969,1,1,0.0260,1,1,+0.51587,+0.11014,0.06236,199.83,+0.51543,+0.51340,-0.01017,+0.10978,0.06235,1.0000,1,0,0,0,0.0000,+0.00513,+0.00526,0.0272,+0.000,+0.000,1.0000,0,1.0000,0,1,+5.000,+0.000,+5.000,-0.02781,+10.835,-0.00000,+0.00,+0.00000,1,+0.34985,+0.32666,0.01065,+11.160,0,34.9,34.0
15.018407,3,1,0.229350,0.229350,0.2490,-0.01965,1,1,0.0260,1,1,+0.51587,+0.11014,0.06236,199.83,+0.51545,+0.51346,-0.00996,+0.10979,0.06235,1.0000,1,0,0,0,0.0000,+0.00507,+0.00521,0.0269,+0.000,+0.000,1.0000,0,1.0000,0,1,+5.000,+0.000,+5.000,-0.02838,+10.840,-0.00000,+0.00,+0.00000,1,+0.34985,+0.32666,0.01065,+11.290,0,34.9,34.0
15.024188,3,1,0.229395,0.229395,0.2490,-0.01960,1,1,0.0260,1,1,+0.51587,+0.11014,0.06236,199.83,+0.51546,+0.51351,-0.00974,+0.10980,0.06235,1.0000,1,0,0,0,0.0000,+0.00502,+0.00515,0.0266,+0.000,+0.000,1.0000,0,1.0000,0,1,+5.000,+0.000,+5.000,-0.02882,+10.843,-0.00000,+0.00,+0.00000,1,+0.34985,+0.32666,0.01065,+11.391,0,34.9,34.0
15.034294,3,1,0.229471,0.229471,0.2490,-0.01953,1,1,0.0260,1,1,+0.51587,+0.11014,0.06236,199.83,+0.51548,+0.51361,-0.00936,+0.10981,0.06235,1.0000,1,0,0,0,0.0000,+0.00492,+0.00504,0.0260,+0.000,+0.000,1.0000,0,1.0000,0,1,+5.000,+0.000,+5.000,-0.02882,+10.843,-0.00000,+0.00,+0.00000,1,+0.34985,+0.32666,0.01065,+11.391,0,34.9,34.0
15.038914,3,1,0.229505,0.229505,0.2490,-0.01950,1,1,0.0260,1,1,+0.51587,+0.11014,0.06236,199.83,+0.51549,+0.51365,-0.00919,+0.10982,0.06235,1.0000,1,0,0,0,0.0000,+0.00487,+0.00500,0.0258,+0.000,+0.000,1.0000,0,1.0000,0,1,+5.000,+0.000,+5.000,-0.02964,+10.850,-0.00000,+0.00,+0.00000,1,+0.34985,+0.32666,0.01065,+11.577,0,34.9,34.0
15.043559,3,1,0.229538,0.229538,0.2490,-0.01946,1,1,0.0260,1,1,+0.51587,+0.11014,0.06236,199.83,+0.51550,+0.51369,-0.00903,+0.10983,0.06235,1.0000,1,0,0,0,0.0000,+0.00483,+0.00495,0.0256,+0.000,+0.000,1.0000,0,1.0000,0,1,+5.000,+0.000,+5.000,-0.03001,+10.854,-0.00000,+0.00,+0.00000,1,+0.34985,+0.32666,0.01065,+11.663,0,34.9,34.0
15.048089,3,1,0.229570,0.229570,0.2490,-0.01943,1,1,0.0260,1,1,+0.51587,+0.11014,0.06236,199.83,+0.51550,+0.51373,-0.00887,+0.10983,0.06235,1.0000,1,0,0,0,0.0000,+0.00478,+0.00491,0.0253,+0.000,+0.000,1.0000,0,1.0000,0,1,+5.000,+0.000,+5.000,-0.03001,+10.854,-0.00000,+0.00,+0.00000,1,+0.34985,+0.32666,0.01065,+11.663,0,34.9,34.0
15.052681,3,1,0.229603,0.229603,0.2490,-0.01940,1,1,0.0260,1,1,+0.51587,+0.11014,0.06236,199.83,+0.51551,+0.51377,-0.00871,+0.10984,0.06235,1.0000,1,0,0,0,0.0000,+0.00474,+0.00486,0.0251,+0.000,+0.000,1.0000,0,1.0000,0,1,+5.000,+0.000,+5.000,-0.03001,+10.854,-0.00000,+0.00,+0.00000,1,+0.34985,+0.32666,0.01065,+11.663,0,34.9,34.0
15.058071,3,1,0.229640,0.229640,0.2490,-0.01936,1,1,0.0260,1,1,+0.51587,+0.11014,0.06236,199.83,+0.51552,+0.51382,-0.00853,+0.10985,0.06235,1.0000,1,0,0,0,0.0000,+0.00469,+0.00481,0.0248,+0.000,+0.000,1.0000,0,1.0000,0,1,+5.000,+0.000,+5.000,-0.03062,+10.859,-0.00000,+0.00,+0.00000,1,+0.34985,+0.32666,0.01065,+11.803,0,34.9,34.0
15.062731,3,1,0.229671,0.229671,0.2490,-0.01933,1,1,0.0260,1,1,+0.51587,+0.11014,0.06236,199.83,+0.51553,+0.51386,-0.00837,+0.10986,0.06235,1.0000,1,0,0,0,0.0000,+0.00464,+0.00477,0.0246,+0.000,+0.000,1.0000,0,1.0000,0,1,+5.000,+0.000,+5.000,-0.03103,+10.862,-0.00000,+0.00,+0.00000,1,+0.34985,+0.32666,0.01065,+11.896,0,34.9,34.0
15.067328,3,1,0.229701,0.229701,0.2490,-0.01930,1,1,0.0260,1,1,+0.51587,+0.11014,0.06236,199.83,+0.51554,+0.51389,-0.00822,+0.10986,0.06235,1.0000,1,0,0,0,0.0000,+0.00460,+0.00472,0.0244,+0.000,+0.000,1.0000,0,1.0000,0,1,+5.000,+0.000,+5.000,-0.03103,+10.862,-0.00000,+0.00,+0.00000,1,+0.34985,+0.32666,0.01065,+11.896,0,34.9,34.0
15.071934,3,1,0.229731,0.229731,0.2490,-0.01927,1,1,0.0260,1,1,+0.51587,+0.11014,0.06236,199.83,+0.51555,+0.51393,-0.00807,+0.10987,0.06235,1.0000,1,0,0,0,0.0000,+0.00456,+0.00468,0.0241,+0.000,+0.000,1.0000,0,1.0000,0,1,+5.000,+0.000,+5.000,-0.03156,+10.867,-0.00000,+0.00,+0.00000,1,+0.34985,+0.32666,0.01065,+12.018,0,34.9,34.0
15.076479,3,1,0.229761,0.229761,0.2490,-0.01924,1,1,0.0260,1,1,+0.51587,+0.11014,0.06236,199.83,+0.51555,+0.51397,-0.00793,+0.10987,0.06235,1.0000,1,0,0,0,0.0000,+0.00452,+0.00464,0.0239,+0.000,+0.000,1.0000,0,1.0000,0,1,+5.000,+0.000,+5.000,-0.03156,+10.867,-0.00000,+0.00,+0.00000,1,+0.34985,+0.32666,0.01065,+12.018,0,34.9,34.0
15.080936,3,1,0.229789,0.229789,0.2490,-0.01921,1,1,0.0260,1,1,+0.51587,+0.11014,0.06236,199.83,+0.51556,+0.51400,-0.00779,+0.10988,0.06235,1.0000,1,0,0,0,0.0000,+0.00448,+0.00460,0.0237,+0.000,+0.000,1.0000,0,1.0000,0,1,+5.000,+0.000,+5.000,-0.03201,+10.871,-0.00000,+0.00,+0.00000,1,+0.34985,+0.32666,0.01065,+12.122,0,34.9,34.0
15.085933,3,1,0.229820,0.229820,0.2490,-0.01918,1,1,0.0260,1,1,+0.51587,+0.11014,0.06236,199.83,+0.51557,+0.51404,-0.00764,+0.10989,0.06235,1.0000,1,0,0,0,0.0000,+0.00443,+0.00455,0.0235,+0.000,+0.000,1.0000,0,1.0000,0,1,+5.000,+0.000,+5.000,-0.03245,+10.875,-0.00000,+0.00,+0.00000,1,+0.34985,+0.32666,0.01065,+12.222,0,34.9,34.0
15.090496,3,1,0.229848,0.229848,0.2490,-0.01915,1,1,0.0260,1,1,+0.51587,+0.11014,0.06236,199.83,+0.51557,+0.51407,-0.00750,+0.10989,0.06236,1.0000,1,0,0,0,0.0000,+0.00439,+0.00451,0.0233,+0.000,+0.000,1.0000,0,1.0000,0,1,+5.000,+0.000,+5.000,-0.03245,+10.875,-0.00000,+0.00,+0.00000,1,+0.34985,+0.32666,0.01065,+12.222,0,34.9,34.0
15.095488,3,1,0.229877,0.229877,0.2490,-0.01912,1,1,0.0260,1,1,+0.51587,+0.11014,0.06236,199.83,+0.51558,+0.51411,-0.00735,+0.10990,0.06236,1.0000,1,0,0,0,0.0000,+0.00435,+0.00446,0.0230,+0.000,+0.000,1.0000,0,1.0000,0,1,+5.000,+0.000,+5.000,-0.03295,+10.880,-0.00000,+0.00,+0.00000,1,+0.34985,+0.32666,0.01065,+12.336,0,34.9,34.0
15.099903,3,1,0.229903,0.229903,0.2490,-0.01910,1,1,0.0260,1,1,+0.51587,+0.11014,0.06236,199.83,+0.51559,+0.51414,-0.00723,+0.10990,0.06236,1.0000,1,0,0,0,0.0000,+0.00431,+0.00442,0.0228,+0.000,+0.000,1.0000,0,1.0000,0,1,+5.000,+0.000,+5.000,-0.03295,+10.880,-0.00000,+0.00,+0.00000,1,+0.34985,+0.32666,0.01065,+12.336,0,34.9,34.0
15.104170,3,1,0.229928,0.229928,0.2490,-0.01907,1,1,0.0260,1,1,+0.51587,+0.11014,0.06236,199.83,+0.51559,+0.51417,-0.00710,+0.10991,0.06236,1.0000,1,0,0,0,0.0000,+0.00427,+0.00439,0.0226,+0.000,+0.000,1.0000,0,1.0000,0,1,+5.000,+0.000,+5.000,-0.03344,+10.884,-0.00000,+0.00,+0.00000,1,+0.34985,+0.32666,0.01065,+12.449,0,34.9,34.0
15.108778,3,1,0.229954,0.229954,0.2490,-0.01905,1,1,0.0260,1,1,+0.51587,+0.11014,0.06236,199.83,+0.51560,+0.51420,-0.00698,+0.10991,0.06236,1.0000,1,0,0,0,0.0000,+0.00424,+0.00435,0.0224,+0.000,+0.000,1.0000,0,1.0000,0,1,+5.000,+0.000,+5.000,-0.03344,+10.884,-0.00000,+0.00,+0.00000,1,+0.34985,+0.32666,0.01065,+12.449,0,34.9,34.0
15.113281,3,1,0.229980,0.229980,0.2490,-0.01902,1,1,0.0260,1,1,+0.51587,+0.11014,0.06236,199.83,+0.51561,+0.51424,-0.00685,+0.10992,0.06236,1.0000,1,0,0,0,0.0000,+0.00420,+0.00431,0.0222,+0.000,+0.000,1.0000,0,1.0000,0,1,+5.000,+0.000,+5.000,-0.03398,+10.890,-0.00000,+0.00,+0.00000,1,+0.34985,+0.32666,0.01065,+12.573,0,34.9,34.0
15.117902,3,1,0.230005,0.230005,0.2490,-0.01900,1,1,0.0260,1,1,+0.51587,+0.11014,0.06236,199.83,+0.51561,+0.51427,-0.00673,+0.10992,0.06236,1.0000,1,0,0,0,0.0000,+0.00416,+0.00427,0.0220,+0.000,+0.000,1.0000,0,1.0000,0,1,+5.000,+0.000,+5.000,-0.03398,+10.890,-0.00000,+0.00,+0.00000,1,+0.34985,+0.32666,0.01065,+12.573,0,34.9,34.0
15.122689,3,1,0.230031,0.230031,0.2490,-0.01897,1,1,0.0260,1,1,+0.51587,+0.11014,0.06236,199.83,+0.51562,+0.51430,-0.00660,+0.10993,0.06236,1.0000,1,0,0,0,0.0000,+0.00412,+0.00423,0.0218,+0.000,+0.000,1.0000,0,1.0000,0,1,+5.000,+0.000,+5.000,-0.03398,+10.890,-0.00000,+0.00,+0.00000,1,+0.34985,+0.32666,0.01065,+12.573,0,34.9,34.0
15.127277,3,1,0.230055,0.230055,0.2490,-0.01894,1,1,0.0260,1,1,+0.51587,+0.11014,0.06236,199.83,+0.51562,+0.51433,-0.00648,+0.10993,0.06236,1.0000,1,0,0,0,0.0000,+0.00408,+0.00419,0.0216,+0.000,+0.000,1.0000,0,1.0000,0,1,+5.000,+0.000,+5.000,-0.03452,+10.895,-0.00000,+0.00,+0.00000,1,+0.34985,+0.32666,0.01065,+12.696,0,34.9,34.0
15.131915,3,1,0.230079,0.230079,0.2490,-0.01892,1,1,0.0260,1,1,+0.51587,+0.11014,0.06236,199.83,+0.51563,+0.51436,-0.00636,+0.10994,0.06236,1.0000,1,0,0,0,0.0000,+0.00404,+0.00415,0.0214,+0.000,+0.000,1.0000,0,1.0000,0,1,+5.000,+0.000,+5.000,-0.03503,+10.900,-0.00000,+0.00,+0.00000,1,+0.34985,+0.32666,0.01065,+12.814,0,34.9,34.0
15.136441,3,1,0.230103,0.230103,0.2490,-0.01890,1,1,0.0260,1,1,+0.51587,+0.11014,0.06236,199.83,+0.51563,+0.51439,-0.00625,+0.10994,0.06236,1.0000,1,0,0,0,0.0000,+0.00401,+0.00411,0.0212,+0.000,+0.000,1.0000,0,1.0000,0,1,+5.000,+0.000,+5.000,-0.03503,+10.900,-0.00000,+0.00,+0.00000,1,+0.34985,+0.32666,0.01065,+12.814,0,34.9,34.0
15.141136,3,1,0.230126,0.230126,0.2490,-0.01887,1,1,0.0260,1,1,+0.51587,+0.11014,0.06236,199.83,+0.51564,+0.51441,-0.00613,+0.10995,0.06236,1.0000,1,0,0,0,0.0000,+0.00397,+0.00407,0.0210,+0.000,+0.000,1.0000,0,1.0000,0,1,+5.000,+0.000,+5.000,-0.03548,+10.904,-0.00000,+0.00,+0.00000,1,+0.34985,+0.32666,0.01065,+12.917,0,34.9,34.0
15.145632,3,1,0.230149,0.230149,0.2490,-0.01885,1,1,0.0260,1,1,+0.51587,+0.11014,0.06236,199.83,+0.51565,+0.51444,-0.00602,+0.10995,0.06236,1.0000,1,0,0,0,0.0000,+0.00393,+0.00404,0.0208,+0.000,+0.000,1.0000,0,1.0000,0,1,+5.000,+0.000,+5.000,-0.03548,+10.904,-0.00000,+0.00,+0.00000,1,+0.34985,+0.32666,0.01065,+12.917,0,34.9,34.0
15.151885,3,1,0.230179,0.230179,0.2490,-0.01882,1,1,0.0260,1,1,+0.51587,+0.11014,0.06236,199.83,+0.51565,+0.51448,-0.00587,+0.10996,0.06236,1.0000,1,0,0,0,0.0000,+0.00389,+0.00399,0.0206,+0.000,+0.000,1.0000,0,1.0000,0,1,+5.000,+0.000,+5.000,-0.03599,+10.909,-0.00000,+0.00,+0.00000,1,+0.34985,+0.32666,0.01065,+13.033,0,34.9,34.0
15.156499,3,1,0.230201,0.230201,0.2490,-0.01880,1,1,0.0260,1,1,+0.51587,+0.11014,0.06236,199.83,+0.51566,+0.51451,-0.00576,+0.10996,0.06236,1.0000,1,0,0,0,0.0000,+0.00385,+0.00395,0.0204,+0.000,+0.000,1.0000,0,1.0000,0,1,+5.000,+0.000,+5.000,-0.03599,+10.909,-0.00000,+0.00,+0.00000,1,+0.34985,+0.32666,0.01065,+13.033,0,34.9,34.0
15.161213,3,1,0.230223,0.230223,0.2490,-0.01878,1,1,0.0260,1,1,+0.51587,+0.11014,0.06236,199.83,+0.51566,+0.51453,-0.00565,+0.10997,0.06236,1.0000,1,0,0,0,0.0000,+0.00381,+0.00391,0.0202,+0.000,+0.000,1.0000,0,1.0000,0,1,+5.000,+0.000,+5.000,-0.03645,+10.913,-0.00000,+0.00,+0.00000,1,+0.34985,+0.32666,0.01065,+13.138,0,34.9,34.0
15.165670,3,1,0.230243,0.230243,0.2490,-0.01876,1,1,0.0260,1,1,+0.51587,+0.11014,0.06236,199.83,+0.51567,+0.51456,-0.00555,+0.10997,0.06236,1.0000,1,0,0,0,0.0000,+0.00378,+0.00388,0.0200,+0.000,+0.000,1.0000,0,1.0000,0,1,+5.000,+0.000,+5.000,-0.03682,+10.917,-0.00000,+0.00,+0.00000,1,+0.34985,+0.32666,0.01065,+13.224,0,34.9,34.0
15.170138,3,1,0.230264,0.230264,0.2490,-0.01874,1,1,0.0260,1,1,+0.51587,+0.11014,0.06236,199.83,+0.51567,+0.51458,-0.00545,+0.10997,0.06236,1.0000,1,0,0,0,0.0000,+0.00000,+0.00000,0.0198,+0.000,+0.000,1.0000,0,1.0000,0,1,+5.000,+0.000,+5.000,-0.03682,+10.917,-0.00000,+0.00,+0.00000,1,+0.34985,+0.32666,0.01065,+13.224,0,34.9,34.0
15.174649,3,1,0.230284,0.230284,0.2490,-0.01872,1,1,0.0260,1,1,+0.51587,+0.11014,0.06236,199.83,+0.51568,+0.51460,-0.00535,+0.10998,0.06236,1.0000,1,0,0,0,0.0000,+0.00000,+0.00000,0.0197,+0.000,+0.000,1.0000,0,1.0000,0,1,+5.000,+0.000,+5.000,-0.03732,+10.922,-0.00000,+0.00,+0.00000,1,+0.34985,+0.32666,0.01065,+13.338,0,34.9,34.0
15.179376,3,1,0.230304,0.230304,0.2490,-0.01870,1,1,0.0260,1,1,+0.51587,+0.11014,0.06236,199.83,+0.51568,+0.51463,-0.00525,+0.10998,0.06236,1.0000,1,0,0,0,0.0000,+0.00000,+0.00000,0.0195,+0.000,+0.000,1.0000,0,1.0000,0,1,+5.000,+0.000,+5.000,-0.03732,+10.922,-0.00000,+0.00,+0.00000,1,+0.34985,+0.32666,0.01065,+13.338,0,34.9,34.0
15.184108,3,1,0.230325,0.230325,0.2490,-0.01868,1,1,0.0260,1,1,+0.51587,+0.11014,0.06236,199.83,+0.51568,+0.51465,-0.00515,+0.10998,0.06236,1.0000,1,0,0,0,0.0000,+0.00000,+0.00000,0.0193,+0.000,+0.000,1.0000,0,1.0000,0,1,+5.000,+0.000,+5.000,-0.03776,+10.927,-0.00000,+0.00,+0.00000,1,+0.34985,+0.32666,0.01065,+13.439,0,34.9,34.0
15.188772,3,1,0.230344,0.230344,0.2490,-0.01866,1,1,0.0260,1,1,+0.51587,+0.11014,0.06236,199.83,+0.51569,+0.51468,-0.00506,+0.10999,0.06236,1.0000,1,0,0,0,0.0000,+0.00000,+0.00000,0.0191,+0.000,+0.000,1.0000,0,1.0000,0,1,+5.000,+0.000,+5.000,-0.03776,+10.927,-0.00000,+0.00,+0.00000,1,+0.34985,+0.32666,0.01065,+13.439,0,34.9,34.0
15.193187,3,1,0.230362,0.230362,0.2490,-0.01864,1,1,0.0260,1,1,+0.51587,+0.11014,0.06236,199.83,+0.51569,+0.51470,-0.00497,+0.10999,0.06236,1.0000,1,0,0,0,0.0000,+0.00000,+0.00000,0.0189,+0.000,+0.000,1.0000,0,1.0000,0,1,+5.000,+0.000,+5.000,-0.03828,+10.932,-0.00000,+0.00,+0.00000,1,+0.34985,+0.32666,0.01065,+13.557,0,34.9,34.0
15.197819,3,1,0.230381,0.230381,0.2490,-0.01862,1,1,0.0260,1,1,+0.51587,+0.11014,0.06236,199.83,+0.51570,+0.51472,-0.00487,+0.10999,0.06236,1.0000,1,0,0,0,0.0000,+0.00000,+0.00000,0.0188,+0.000,+0.000,1.0000,0,1.0000,0,1,+5.000,+0.000,+5.000,-0.03828,+10.932,-0.00000,+0.00,+0.00000,1,+0.34985,+0.32666,0.01065,+13.557,0,34.9,34.0
15.202274,3,1,0.230399,0.230399,0.2490,-0.01860,1,1,0.0260,1,1,+0.51587,+0.11014,0.06236,199.83,+0.51570,+0.51474,-0.00479,+0.11000,0.06236,1.0000,1,0,0,0,0.0000,+0.00000,+0.00000,0.0186,+0.000,+0.000,1.0000,0,1.0000,0,1,+5.000,+0.000,+5.000,-0.03879,+10.937,-0.00000,+0.00,+0.00000,1,+0.34985,+0.32666,0.01065,+13.675,0,34.9,34.0
15.206811,3,1,0.230417,0.230417,0.2490,-0.01858,1,1,0.0260,1,1,+0.51587,+0.11014,0.06236,199.83,+0.51570,+0.51476,-0.00470,+0.11000,0.06236,1.0000,1,0,0,0,0.0000,+0.00000,+0.00000,0.0184,+0.000,+0.000,1.0000,0,1.0000,0,1,+5.000,+0.000,+5.000,-0.03921,+10.941,-0.00000,+0.00,+0.00000,1,+0.34985,+0.32666,0.01065,+13.772,0,34.9,34.0
15.211392,3,1,0.230435,0.230435,0.2490,-0.01857,1,1,0.0260,1,1,+0.51587,+0.11014,0.06236,199.83,+0.51571,+0.51479,-0.00461,+0.11000,0.06236,1.0000,1,0,0,0,0.0000,+0.00000,+0.00000,0.0183,+0.000,+0.000,1.0000,0,1.0000,0,1,+5.000,+0.000,+5.000,-0.03921,+10.941,-0.00000,+0.00,+0.00000,1,+0.34985,+0.32666,0.01065,+13.772,0,34.9,34.0
15.219561,3,1,0.230465,0.230465,0.2490,-0.01853,1,1,0.0260,1,1,+0.51587,+0.11014,0.06236,199.83,+0.51572,+0.51482,-0.00446,+0.11001,0.06236,1.0000,1,0,0,0,0.0000,+0.00000,+0.00000,0.0180,+0.000,+0.000,1.0000,0,1.0000,0,1,+5.000,+0.000,+5.000,-0.03976,+10.947,-0.00000,+0.00,+0.00000,1,+0.34985,+0.32666,0.01065,+13.898,0,34.9,34.0
15.224062,3,1,0.230482,0.230482,0.2490,-0.01852,1,1,0.0260,1,1,+0.51587,+0.11014,0.06236,199.83,+0.51572,+0.51484,-0.00438,+0.11001,0.06236,1.0000,1,0,0,0,0.0000,+0.00000,+0.00000,0.0178,+0.000,+0.000,1.0000,0,1.0000,0,1,+5.000,+0.000,+5.000,-0.03976,+10.947,-0.00000,+0.00,+0.00000,1,+0.34985,+0.32666,0.01065,+13.898,0,34.9,34.0
15.228652,3,1,0.230498,0.230498,0.2490,-0.01850,1,1,0.0260,1,1,+0.51587,+0.11014,0.06236,199.83,+0.51572,+0.51486,-0.00430,+0.11002,0.06236,1.0000,1,0,0,0,0.0000,+0.00000,+0.00000,0.0176,+0.000,+0.000,1.0000,0,1.0000,0,1,+5.000,+0.000,+5.000,-0.04024,+10.952,-0.00000,+0.00,+0.00000,1,+0.34985,+0.32666,0.01065,+14.008,0,34.9,34.0
15.233567,3,1,0.230516,0.230516,0.2490,-0.01848,1,1,0.0260,1,1,+0.51587,+0.11014,0.06236,199.83,+0.51573,+0.51488,-0.00421,+0.11002,0.06236,1.0000,1,0,0,0,0.0000,+0.00000,+0.00000,0.0175,+0.000,+0.000,1.0000,0,1.0000,0,1,+5.000,+0.000,+5.000,-0.04074,+10.958,-0.00000,+0.00,+0.00000,1,+0.34985,+0.32666,0.01065,+14.123,0,34.9,34.0
15.238277,3,1,0.230532,0.230532,0.2490,-0.01847,1,1,0.0260,1,1,+0.51587,+0.11014,0.06236,199.83,+0.51573,+0.51490,-0.00413,+0.11002,0.06236,1.0000,1,0,0,0,0.0000,+0.00000,+0.00000,0.0173,+0.000,+0.000,1.0000,0,1.0000,0,1,+5.000,+0.000,+5.000,-0.04074,+10.958,-0.00000,+0.00,+0.00000,1,+0.34985,+0.32666,0.01065,+14.123,0,34.9,34.0
15.242629,3,1,0.230547,0.230547,0.2490,-0.01845,1,1,0.0260,1,1,+0.51587,+0.11014,0.06236,199.83,+0.51573,+0.51492,-0.00406,+0.11002,0.06236,1.0000,1,0,0,0,0.0000,+0.00000,+0.00000,0.0172,+0.000,+0.000,1.0000,0,1.0000,0,1,+5.000,+0.000,+5.000,-0.04116,+10.962,-0.00000,+0.00,+0.00000,1,+0.34985,+0.32666,0.01065,+14.220,0,34.9,34.0
15.247163,3,1,0.230562,0.230562,0.2490,-0.01844,1,1,0.0260,1,1,+0.51587,+0.11014,0.06236,199.83,+0.51574,+0.51494,-0.00399,+0.11003,0.06236,1.0000,1,0,0,0,0.0000,+0.00000,+0.00000,0.0170,+0.000,+0.000,1.0000,0,1.0000,0,1,+5.000,+0.000,+5.000,-0.04116,+10.962,-0.00000,+0.00,+0.00000,1,+0.34985,+0.32666,0.01065,+14.220,0,34.9,34.0
15.251652,3,1,0.230577,0.230577,0.2490,-0.01842,1,1,0.0260,1,1,+0.51587,+0.11014,0.06236,199.83,+0.51574,+0.51496,-0.00391,+0.11003,0.06236,1.0000,1,0,0,0,0.0000,+0.00000,+0.00000,0.0169,+0.000,+0.000,1.0000,0,1.0000,0,1,+5.000,+0.000,+5.000,-0.04159,+10.967,-0.00000,+0.00,+0.00000,1,+0.34985,+0.32666,0.01065,+14.317,0,34.9,34.0
15.256168,3,1,0.230592,0.230592,0.2490,-0.01841,1,1,0.0260,1,1,+0.51587,+0.11014,0.06236,199.83,+0.51574,+0.51497,-0.00384,+0.11003,0.06236,1.0000,1,0,0,0,0.0000,+0.00000,+0.00000,0.0167,+0.000,+0.000,1.0000,0,1.0000,0,1,+5.000,+0.000,+5.000,-0.04159,+10.967,-0.00000,+0.00,+0.00000,1,+0.34985,+0.32666,0.01065,+14.317,0,34.9,34.0
15.260737,3,1,0.230606,0.230606,0.2490,-0.01839,1,1,0.0260,1,1,+0.51587,+0.11014,0.06236,199.83,+0.51574,+0.51499,-0.00377,+0.11003,0.06236,1.0000,1,0,0,0,0.0000,+0.00000,+0.00000,0.0166,+0.000,+0.000,1.0000,0,1.0000,0,1,+5.000,+0.000,+5.000,-0.04212,+10.973,-0.00000,+0.00,+0.00000,1,+0.34985,+0.32666,0.01065,+14.439,0,34.9,34.0
15.265252,3,1,0.230620,0.230620,0.2490,-0.01838,1,1,0.0260,1,1,+0.51587,+0.11014,0.06236,199.83,+0.51575,+0.51501,-0.00370,+0.11004,0.06236,1.0000,1,0,0,0,0.0000,+0.00000,+0.00000,0.0164,+0.000,+0.000,1.0000,0,1.0000,0,1,+5.000,+0.000,+5.000,-0.04212,+10.973,-0.00000,+0.00,+0.00000,1,+0.34985,+0.32666,0.01065,+14.439,0,34.9,34.0
15.269953,3,1,0.230635,0.230635,0.2490,-0.01837,1,1,0.0260,1,1,+0.51587,+0.11014,0.06236,199.83,+0.51575,+0.51502,-0.00363,+0.11004,0.06236,1.0000,1,0,0,0,0.0000,+0.00000,+0.00000,0.0162,+0.000,+0.000,1.0000,0,1.0000,0,1,+5.000,+0.000,+5.000,-0.04274,+10.979,-0.00000,+0.00,+0.00000,1,+0.34985,+0.32666,0.01065,+14.580,0,34.9,34.0
15.274526,3,1,0.230648,0.230648,0.2490,-0.01835,1,1,0.0260,1,1,+0.51587,+0.11014,0.06236,199.83,+0.51575,+0.51504,-0.00356,+0.11004,0.06236,1.0000,1,0,0,0,0.0000,+0.00000,+0.00000,0.0161,+0.000,+0.000,1.0000,0,1.0000,0,1,+5.000,+0.000,+5.000,-0.04274,+10.979,-0.00000,+0.00,+0.00000,1,+0.34985,+0.32666,0.01065,+14.580,0,34.9,34.0
15.279034,3,1,0.230662,0.230662,0.2490,-0.01834,1,1,0.0260,1,1,+0.51587,+0.11014,0.06236,199.83,+0.51576,+0.51506,-0.00350,+0.11004,0.06236,1.0000,1,0,0,0,0.0000,+0.00000,+0.00000,0.0160,+0.000,+0.000,1.0000,0,1.0000,0,1,+5.000,+0.000,+5.000,-0.04310,+10.983,-0.00000,+0.00,+0.00000,1,+0.34985,+0.32666,0.01065,+14.663,0,34.9,34.0
15.283803,3,1,0.230676,0.230676,0.2490,-0.01832,1,1,0.0260,1,1,+0.51587,+0.11014,0.06236,199.83,+0.51576,+0.51507,-0.00343,+0.11005,0.06236,1.0000,1,0,0,0,0.0000,+0.00000,+0.00000,0.0158,+0.000,+0.000,1.0000,0,1.0000,0,1,+5.000,+0.000,+5.000,-0.04310,+10.983,-0.00000,+0.00,+0.00000,1,+0.34985,+0.32666,0.01065,+14.663,0,34.9,34.0
15.288787,3,1,0.230690,0.230690,0.2490,-0.01831,1,1,0.0260,1,1,+0.51587,+0.11014,0.06236,199.83,+0.51576,+0.51509,-0.00336,+0.11005,0.06236,1.0000,1,0,0,0,0.0000,+0.00000,+0.00000,0.0156,+0.000,+0.000,1.0000,0,1.0000,0,1,+5.000,+0.000,+5.000,-0.04362,+10.989,-0.00000,+0.00,+0.00000,1,+0.34985,+0.32666,0.01065,+14.782,0,34.9,34.0
15.293982,3,1,0.230704,0.230704,0.2490,-0.01830,1,1,0.0260,1,1,+0.51587,+0.11014,0.06236,199.83,+0.51576,+0.51511,-0.00329,+0.11005,0.06236,1.0000,1,0,0,0,0.0000,+0.00000,+0.00000,0.0155,+0.000,+0.000,1.0000,0,1.0000,0,1,+5.000,+0.000,+5.000,-0.04362,+10.989,-0.00000,+0.00,+0.00000,1,+0.34985,+0.32666,0.01065,+14.782,0,34.9,34.0
15.298437,3,1,0.230717,0.230717,0.2490,-0.01828,1,1,0.0260,1,1,+0.51587,+0.11014,0.06236,199.83,+0.51577,+0.51512,-0.00323,+0.11005,0.06236,1.0000,1,0,0,0,0.0000,+0.00000,+0.00000,0.0153,+0.000,+0.000,1.0000,0,1.0000,0,1,+5.000,+0.000,+5.000,-0.04419,+10.996,-0.00000,+0.00,+0.00000,1,+0.34985,+0.32666,0.01065,+14.914,0,34.9,34.0
15.303038,3,1,0.230729,0.230729,0.2490,-0.01827,1,1,0.0260,1,1,+0.51587,+0.11014,0.06236,199.83,+0.51577,+0.51514,-0.00317,+0.11005,0.06236,1.0000,1,0,0,0,0.0000,+0.00000,+0.00000,0.0152,+0.000,+0.000,1.0000,0,1.0000,0,1,+5.000,+0.000,+5.000,-0.04462,+11.001,-0.00000,+0.00,+0.00000,1,+0.34985,+0.32666,0.01065,+15.012,0,34.9,34.0
15.307369,3,1,0.230741,0.230741,0.2490,-0.01826,1,1,0.0260,1,1,+0.51587,+0.11014,0.06236,199.83,+0.51577,+0.51515,-0.00311,+0.11006,0.06236,1.0000,1,0,0,0,0.0000,+0.00000,+0.00000,0.0151,+0.000,+0.000,1.0000,0,1.0000,0,1,+5.000,+0.000,+5.000,-0.04462,+11.001,-0.00000,+0.00,+0.00000,1,+0.34985,+0.32666,0.01065,+15.012,0,34.9,34.0
15.312016,3,1,0.230753,0.230753,0.2490,-0.01825,1,1,0.0260,1,1,+0.51587,+0.11014,0.06236,199.83,+0.51577,+0.51516,-0.00305,+0.11006,0.06236,1.0000,1,0,0,0,0.0000,+0.00000,+0.00000,0.0149,+0.000,+0.000,1.0000,0,1.0000,0,1,+5.000,+0.000,+5.000,-0.04514,+11.007,-0.00000,+0.00,+0.00000,1,+0.34985,+0.32666,0.01065,+15.130,0,201.4,0.0
15.316538,3,1,0.230764,0.230764,0.2490,-0.01824,1,1,0.0260,1,1,+0.51587,+0.11014,0.06236,199.83,+0.51578,+0.51518,-0.00300,+0.11006,0.06236,1.0000,1,0,0,0,0.0000,+0.00000,+0.00000,0.0148,+0.000,+0.000,1.0000,0,1.0000,0,1,+5.000,+0.000,+5.000,-0.04514,+11.007,-0.00000,+0.00,+0.00000,1,+0.34985,+0.32666,0.01065,+15.130,0,201.4,0.0
15.339127,3,1,0.230817,0.230817,0.2490,-0.01818,1,1,0.0260,1,1,+0.51587,+0.11014,0.06236,199.83,+0.51579,+0.51524,-0.00274,+0.11007,0.06236,1.0000,1,0,0,0,0.0000,+0.00000,+0.00000,0.0141,+0.000,+0.000,1.0000,0,1.0000,0,1,+5.000,+0.000,+5.000,-0.04618,+11.019,-0.00000,+0.00,+0.00000,1,+0.34985,+0.32666,0.01065,+15.369,0,201.4,0.0
15.343699,3,1,0.230828,0.230828,0.2490,-0.01817,1,1,0.0260,1,1,+0.51587,+0.11014,0.06236,199.83,+0.51579,+0.51525,-0.00268,+0.11007,0.06236,1.0000,1,0,0,0,0.0000,+0.00000,+0.00000,0.0140,+0.000,+0.000,1.0000,0,1.0000,0,1,+5.000,+0.000,+5.000,-0.04674,+11.025,-0.00000,+0.00,+0.00000,1,+0.34985,+0.32666,0.01065,+15.498,0,201.4,0.0
15.348264,3,1,0.230838,0.230838,0.2490,-0.01816,1,1,0.0260,1,1,+0.51587,+0.11014,0.06236,199.83,+0.51579,+0.51526,-0.00263,+0.11007,0.06236,1.0000,1,0,0,0,0.0000,+0.00000,+0.00000,0.0139,+0.000,+0.000,1.0000,0,1.0000,0,1,+5.000,+0.000,+5.000,-0.04719,+11.031,-0.00000,+0.00,+0.00000,1,+0.34985,+0.32666,0.01065,+15.601,0,201.4,0.0
15.352940,3,1,0.230848,0.230848,0.2490,-0.01815,1,1,0.0260,1,1,+0.51587,+0.11014,0.06236,199.83,+0.51579,+0.51527,-0.00258,+0.11007,0.06236,1.0000,1,0,0,0,0.0000,+0.00000,+0.00000,0.0138,+0.000,+0.000,1.0000,0,1.0000,0,1,+5.000,+0.000,+5.000,-0.04719,+11.031,-0.00000,+0.00,+0.00000,1,+0.34985,+0.32666,0.01065,+15.601,0,201.4,0.0
15.358285,3,1,0.230860,0.230860,0.2490,-0.01814,1,1,0.0260,1,1,+0.51587,+0.11014,0.06236,199.83,+0.51579,+0.51529,-0.00253,+0.11007,0.06236,1.0000,1,0,0,0,0.0000,+0.00000,+0.00000,0.0136,+0.000,+0.000,1.0000,0,1.0000,0,1,+5.000,+0.000,+5.000,-0.04765,+11.036,-0.00000,+0.00,+0.00000,1,+0.34985,+0.32666,0.01065,+15.706,0,201.4,0.0
15.362939,3,1,0.230870,0.230870,0.2490,-0.01813,1,1,0.0260,1,1,+0.51587,+0.11014,0.06236,199.83,+0.51579,+0.51530,-0.00248,+0.11008,0.06236,1.0000,1,0,0,0,0.0000,+0.00000,+0.00000,0.0135,+0.000,+0.000,1.0000,0,1.0000,0,1,+5.000,+0.000,+5.000,-0.04765,+11.036,-0.00000,+0.00,+0.00000,1,+0.34985,+0.32666,0.01065,+15.706,0,201.4,0.0
15.367984,3,1,0.230880,0.230880,0.2490,-0.01812,1,1,0.0260,1,1,+0.51587,+0.11014,0.06236,199.83,+0.51580,+0.51531,-0.00243,+0.11008,0.06236,1.0000,1,0,0,0,0.0000,+0.00000,+0.00000,0.0134,+0.000,+0.000,1.0000,0,1.0000,0,1,+5.000,+0.000,+5.000,-0.04814,+11.042,-0.00000,+0.00,+0.00000,1,+0.34985,+0.32666,0.01065,+15.818,0,201.4,0.0
15.372481,3,1,0.230890,0.230890,0.2490,-0.01811,1,1,0.0260,1,1,+0.51587,+0.11014,0.06236,199.83,+0.51580,+0.51532,-0.00238,+0.11008,0.06236,1.0000,1,0,0,0,0.0000,+0.00000,+0.00000,0.0132,+0.000,+0.000,1.0000,0,1.0000,0,1,+5.000,+0.000,+5.000,-0.04814,+11.042,-0.00000,+0.00,+0.00000,1,+0.34985,+0.32666,0.01065,+15.818,0,201.4,0.0
15.377515,3,1,0.230900,0.230900,0.2490,-0.01810,1,1,0.0260,1,1,+0.51587,+0.11014,0.06236,199.83,+0.51580,+0.51533,-0.00233,+0.11008,0.06236,1.0000,1,0,0,0,0.0000,+0.00000,+0.00000,0.0131,+0.000,+0.000,1.0000,0,1.0000,0,1,+5.000,+0.000,+5.000,-0.04859,+11.048,-0.00000,+0.00,+0.00000,1,+0.34985,+0.32666,0.01065,+15.921,0,201.4,0.0
15.382073,3,1,0.230909,0.230909,0.2490,-0.01809,1,1,0.0260,1,1,+0.51587,+0.11014,0.06236,199.83,+0.51580,+0.51534,-0.00229,+0.11008,0.06236,1.0000,1,0,0,0,0.0000,+0.00000,+0.00000,0.0130,+0.000,+0.000,1.0000,0,1.0000,0,1,+5.000,+0.000,+5.000,-0.04905,+11.053,-0.00000,+0.00,+0.00000,1,+0.34985,+0.32666,0.01065,+16.026,0,201.4,0.0
15.386587,3,1,0.230918,0.230918,0.2490,-0.01808,1,1,0.0260,1,1,+0.51587,+0.11014,0.06236,199.83,+0.51580,+0.51535,-0.00224,+0.11008,0.06236,1.0000,1,0,0,0,0.0000,+0.00000,+0.00000,0.0129,+0.000,+0.000,1.0000,0,1.0000,0,1,+5.000,+0.000,+5.000,-0.04905,+11.053,-0.00000,+0.00,+0.00000,1,+0.34985,+0.32666,0.01065,+16.026,0,201.4,0.0
15.391366,3,1,0.230927,0.230927,0.2490,-0.01807,1,1,0.0260,1,1,+0.51587,+0.11014,0.06236,199.83,+0.51581,+0.51537,-0.00220,+0.11008,0.06236,1.0000,1,0,0,0,0.0000,+0.00000,+0.00000,0.0127,+0.000,+0.000,1.0000,0,1.0000,0,1,+5.000,+0.000,+5.000,-0.04954,+11.060,-0.00000,+0.00,+0.00000,1,+0.34985,+0.32666,0.01065,+16.140,0,201.4,0.0
15.396240,3,1,0.230936,0.230936,0.2490,-0.01806,1,1,0.0260,1,1,+0.51587,+0.11014,0.06236,199.83,+0.51581,+0.51538,-0.00216,+0.11009,0.06236,1.0000,1,0,0,0,0.0000,+0.00000,+0.00000,0.0126,+0.000,+0.000,1.0000,0,1.0000,0,1,+5.000,+0.000,+5.000,-0.04954,+11.060,-0.00000,+0.00,+0.00000,1,+0.34985,+0.32666,0.01065,+16.140,0,201.4,0.0
15.400795,3,1,0.230944,0.230944,0.2490,-0.01806,1,1,0.0260,1,1,+0.51587,+0.11014,0.06236,199.83,+0.51581,+0.51539,-0.00211,+0.11009,0.06236,1.0000,1,0,0,0,0.0000,+0.00000,+0.00000,0.0125,+0.000,+0.000,1.0000,0,1.0000,0,1,+5.000,+0.000,+5.000,-0.04998,+11.065,-0.00000,+0.00,+0.00000,1,+0.34985,+0.32666,0.01065,+16.240,0,201.4,0.0
15.405965,3,1,0.230953,0.230953,0.2490,-0.01805,1,1,0.0260,1,1,+0.51587,+0.11014,0.06236,199.83,+0.51581,+0.51540,-0.00207,+0.11009,0.06236,1.0000,1,0,0,0,0.0000,+0.00000,+0.00000,0.0124,+0.000,+0.000,1.0000,0,1.0000,0,1,+5.000,+0.000,+5.000,-0.05000,+11.071,-0.00000,+0.00,+0.00000,1,+0.34985,+0.32666,0.01065,+16.345,0,201.4,0.0
15.410611,3,1,0.230961,0.230961,0.2490,-0.01804,1,1,0.0260,1,1,+0.51587,+0.11014,0.06236,199.83,+0.51581,+0.51541,-0.00203,+0.11009,0.06236,1.0000,1,0,0,0,0.0000,+0.00000,+0.00000,0.0123,+0.000,+0.000,1.0000,0,1.0000,0,1,+5.000,+0.000,+5.000,-0.05000,+11.071,-0.00000,+0.00,+0.00000,1,+0.34985,+0.32666,0.01065,+16.345,0,201.4,0.0
15.416234,3,1,0.230971,0.230971,0.2490,-0.01803,1,1,0.0260,1,1,+0.51587,+0.11014,0.06236,199.83,+0.51581,+0.51542,-0.00198,+0.11009,0.06236,1.0000,1,0,0,0,0.0000,+0.00000,+0.00000,0.0121,+0.000,+0.000,1.0000,0,1.0000,0,1,+5.000,+0.000,+5.000,-0.05000,+11.071,-0.00000,+0.00,+0.00000,1,+0.34985,+0.32666,0.01065,+16.345,0,201.4,0.0
15.420492,3,1,0.230978,0.230978,0.2490,-0.01802,1,1,0.0260,1,1,+0.51587,+0.11014,0.06236,199.83,+0.51581,+0.51542,-0.00195,+0.11009,0.06236,1.0000,1,0,0,0,0.0000,+0.00000,+0.00000,0.0120,+0.000,+0.000,1.0000,0,1.0000,0,1,+5.000,+0.000,+5.000,-0.05000,+11.079,-0.00000,+0.00,+0.00000,1,+0.34985,+0.32666,0.01065,+16.486,0,201.4,0.0
15.425070,3,1,0.230986,0.230986,0.2490,-0.01801,1,1,0.0260,1,1,+0.51587,+0.11014,0.06236,199.83,+0.51582,+0.51543,-0.00191,+0.11009,0.06236,1.0000,1,0,0,0,0.0000,+0.00000,+0.00000,0.0119,+0.000,+0.000,1.0000,0,1.0000,0,1,+5.000,+0.000,+5.000,-0.05000,+11.079,-0.00000,+0.00,+0.00000,1,+0.34985,+0.32666,0.01065,+16.486,0,201.4,0.0
15.429755,3,1,0.230994,0.230994,0.2490,-0.01801,1,1,0.0260,1,1,+0.51587,+0.11014,0.06236,199.83,+0.51582,+0.51544,-0.00187,+0.11009,0.06236,1.0000,1,0,0,0,0.0000,+0.00000,+0.00000,0.0118,+0.000,+0.000,1.0000,0,1.0000,0,1,+5.000,+0.000,+5.000,-0.05000,+11.085,-0.00000,+0.00,+0.00000,1,+0.34985,+0.32666,0.01065,+16.603,0,201.4,0.0
15.434359,3,1,0.231001,0.231001,0.2490,-0.01800,1,1,0.0260,1,1,+0.51587,+0.11014,0.06236,199.83,+0.51582,+0.51545,-0.00184,+0.11010,0.06236,1.0000,1,0,0,0,0.0000,+0.00000,+0.00000,0.0117,+0.000,+0.000,1.0000,0,1.0000,0,1,+5.000,+0.000,+5.000,-0.05000,+11.085,-0.00000,+0.00,+0.00000,1,+0.34985,+0.32666,0.01065,+16.603,0,201.4,0.0
15.438854,3,1,0.231008,0.231008,0.2490,-0.01799,1,1,0.0260,1,1,+0.51587,+0.11014,0.06236,199.83,+0.51582,+0.51546,-0.00180,+0.11010,0.06236,1.0000,1,0,0,0,0.0000,+0.00000,+0.00000,0.0116,+0.000,+0.000,1.0000,0,1.0000,0,1,+5.000,+0.000,+5.000,-0.05000,+11.092,-0.00000,+0.00,+0.00000,1,+0.34985,+0.32666,0.01065,+16.723,0,201.4,0.0
15.446048,3,1,0.231019,0.231019,0.2490,-0.01798,1,1,0.0260,1,1,+0.51587,+0.11014,0.06236,199.83,+0.51582,+0.51547,-0.00175,+0.11010,0.06236,1.0000,1,0,0,0,0.0000,+0.00000,+0.00000,0.0114,+0.000,+0.000,1.0000,0,1.0000,0,1,+5.000,+0.000,+5.000,-0.05000,+11.097,-0.00000,+0.00,+0.00000,1,+0.34985,+0.32666,0.01065,+16.818,0,201.4,0.0
15.450585,3,1,0.231026,0.231026,0.2490,-0.01797,1,1,0.0260,1,1,+0.51587,+0.11014,0.06236,199.83,+0.51582,+0.51548,-0.00172,+0.11010,0.06236,1.0000,1,0,0,0,0.0000,+0.00000,+0.00000,0.0113,+0.000,+0.000,1.0000,0,1.0000,0,1,+5.000,+0.000,+5.000,-0.05000,+11.097,-0.00000,+0.00,+0.00000,1,+0.34985,+0.32666,0.01065,+16.818,0,201.4,0.0
15.455086,3,1,0.231032,0.231032,0.2490,-0.01797,1,1,0.0260,1,1,+0.51587,+0.11014,0.06236,199.83,+0.51582,+0.51549,-0.00168,+0.11010,0.06236,1.0000,1,0,0,0,0.0000,+0.00000,+0.00000,0.0112,+0.000,+0.000,1.0000,0,1.0000,0,1,+5.000,+0.000,+5.000,-0.05000,+11.103,-0.00000,+0.00,+0.00000,1,+0.34985,+0.32666,0.01065,+16.927,0,201.4,0.0
15.459936,3,1,0.231039,0.231039,0.2490,-0.01796,1,1,0.0260,1,1,+0.51587,+0.11014,0.06236,199.83,+0.51582,+0.51549,-0.00165,+0.11010,0.06236,1.0000,1,0,0,0,0.0000,+0.00000,+0.00000,0.0111,+0.000,+0.000,1.0000,0,1.0000,0,1,+5.000,+0.000,+5.000,-0.05000,+11.103,-0.00000,+0.00,+0.00000,1,+0.34985,+0.32666,0.01065,+16.927,0,201.4,0.0
15.465954,3,1,0.231048,0.231048,0.2490,-0.01795,1,1,0.0260,1,1,+0.51587,+0.11014,0.06236,199.83,+0.51583,+0.51550,-0.00161,+0.11010,0.06236,1.0000,1,0,0,0,0.0000,+0.00000,+0.00000,0.0110,+0.000,+0.000,1.0000,0,1.0000,0,1,+5.000,+0.000,+5.000,-0.05000,+11.111,-0.00000,+0.00,+0.00000,1,+0.34985,+0.32666,0.01065,+17.051,0,201.4,0.0
15.470499,3,1,0.231054,0.231054,0.2490,-0.01795,1,1,0.0260,1,1,+0.51587,+0.11014,0.06236,199.83,+0.51583,+0.51551,-0.00158,+0.11010,0.06236,1.0000,1,0,0,0,0.0000,+0.00000,+0.00000,0.0109,+0.000,+0.000,1.0000,0,1.0000,0,1,+5.000,+0.000,+5.000,-0.05000,+11.117,-0.00000,+0.00,+0.00000,1,+0.34985,+0.32666,0.01065,+17.164,0,201.4,0.0
15.475193,3,1,0.231060,0.231060,0.2490,-0.01794,1,1,0.0260,1,1,+0.51587,+0.11014,0.06236,199.83,+0.51583,+0.51552,-0.00155,+0.11010,0.06236,1.0000,1,0,0,0,0.0000,+0.00000,+0.00000,0.0108,+0.000,+0.000,1.0000,0,1.0000,0,1,+5.000,+0.000,+5.000,-0.05000,+11.117,-0.00000,+0.00,+0.00000,1,+0.34985,+0.32666,0.01065,+17.164,0,201.4,0.0
15.479810,3,1,0.231066,0.231066,0.2490,-0.01793,1,1,0.0260,1,1,+0.51587,+0.11014,0.06236,199.83,+0.51583,+0.51553,-0.00152,+0.11010,0.06236,1.0000,1,0,0,0,0.0000,+0.00000,+0.00000,0.0107,+0.000,+0.000,1.0000,0,1.0000,0,1,+5.000,+0.000,+5.000,-0.05000,+11.125,-0.00000,+0.00,+0.00000,1,+0.34985,+0.32666,0.01065,+17.290,0,201.4,0.0
15.484756,3,1,0.231073,0.231073,0.2490,-0.01793,1,1,0.0260,1,1,+0.51587,+0.11014,0.06236,199.83,+0.51583,+0.51553,-0.00148,+0.11011,0.06236,1.0000,1,0,0,0,0.0000,+0.00000,+0.00000,0.0106,+0.000,+0.000,1.0000,0,1.0000,0,1,+5.000,+0.000,+5.000,-0.05000,+11.125,-0.00000,+0.00,+0.00000,1,+0.34985,+0.32666,0.01065,+17.290,0,201.4,0.0
15.492817,3,1,0.231083,0.231083,0.2490,-0.01792,1,1,0.0260,1,1,+0.51587,+0.11014,0.06236,199.83,+0.51583,+0.51554,-0.00144,+0.11011,0.06236,1.0000,1,0,0,0,0.0000,+0.00000,+0.00000,0.0104,+0.000,+0.000,1.0000,0,1.0000,0,1,+5.000,+0.000,+5.000,-0.05000,+11.130,-0.00000,+0.00,+0.00000,1,+0.34985,+0.32666,0.01065,+17.388,0,201.4,0.0
15.497556,3,1,0.231089,0.231089,0.2490,-0.01791,1,1,0.0260,1,1,+0.51587,+0.11014,0.06236,199.83,+0.51583,+0.51555,-0.00141,+0.11011,0.06236,1.0000,1,0,0,0,0.0000,+0.00000,+0.00000,0.0103,+0.000,+0.000,1.0000,0,1.0000,0,1,+5.000,+0.000,+5.000,-0.05000,+11.138,-0.00000,+0.00,+0.00000,1,+0.34985,+0.32666,0.01065,+17.512,0,201.4,0.0
15.501849,3,1,0.231094,0.231094,0.2490,-0.01791,1,1,0.0260,1,1,+0.51587,+0.11014,0.06236,199.83,+0.51583,+0.51556,-0.00138,+0.11011,0.06236,1.0000,1,0,0,0,0.0000,+0.00000,+0.00000,0.0102,+0.000,+0.000,1.0000,0,1.0000,0,1,+5.000,+0.000,+5.000,-0.05000,+11.138,-0.00000,+0.00,+0.00000,1,+0.34985,+0.32666,0.01065,+17.512,0,201.4,0.0
15.506778,3,1,0.231100,0.231100,0.2490,-0.01790,1,1,0.0260,1,1,+0.51587,+0.11014,0.06236,199.83,+0.51583,+0.51556,-0.00135,+0.11011,0.06236,1.0000,1,0,0,0,0.0000,+0.00000,+0.00000,0.0101,+0.000,+0.000,1.0000,0,1.0000,0,1,+5.000,+0.000,+5.000,-0.05000,+11.144,-0.00000,+0.00,+0.00000,1,+0.34985,+0.32666,0.01065,+17.623,0,201.4,0.0
15.511342,3,1,0.231105,0.231105,0.2490,-0.01789,1,1,0.0260,1,1,+0.51587,+0.11014,0.06236,199.83,+0.51584,+0.51557,-0.00133,+0.11011,0.06236,1.0000,1,0,0,0,0.0000,+0.00000,+0.00000,0.0100,+0.000,+0.000,1.0000,0,1.0000,0,1,+5.000,+0.000,+5.000,-0.05000,+11.144,-0.00000,+0.00,+0.00000,1,+0.34985,+0.32666,0.01065,+17.623,0,201.4,0.0
15.515905,3,1,0.231110,0.231110,0.2490,-0.01789,1,1,0.0260,1,1,+0.51587,+0.11014,0.06236,199.83,+0.51584,+0.51558,-0.00130,+0.11011,0.06236,1.0000,1,0,0,0,0.0000,+0.00000,+0.00000,0.0099,+0.000,+0.000,1.0000,0,1.0000,0,1,+5.000,+0.000,+5.000,-0.05000,+11.151,-0.00000,+0.00,+0.00000,1,+0.34985,+0.32666,0.01065,+17.741,0,201.4,0.0
15.520415,3,1,0.231115,0.231115,0.2490,-0.01788,1,1,0.0260,1,1,+0.51587,+0.11014,0.06236,199.83,+0.51584,+0.51558,-0.00128,+0.11011,0.06236,1.0000,1,0,0,0,0.0000,+0.00000,+0.00000,0.0098,+0.000,+0.000,1.0000,0,1.0000,0,1,+5.000,+0.000,+5.000,-0.05000,+11.151,-0.00000,+0.00,+0.00000,1,+0.34985,+0.32666,0.01065,+17.741,0,201.4,0.0
15.525126,3,1,0.231121,0.231121,0.2490,-0.01788,1,1,0.0260,1,1,+0.51587,+0.11014,0.06236,199.83,+0.51584,+0.51559,-0.00125,+0.11011,0.06236,1.0000,1,0,0,0,0.0000,+0.00000,+0.00000,0.0098,+0.000,+0.000,1.0000,0,1.0000,0,1,+5.000,+0.000,+5.000,-0.05000,+11.158,-0.00000,+0.00,+0.00000,1,+0.34985,+0.32666,0.01065,+17.845,0,201.4,0.0
15.529675,3,1,0.231126,0.231126,0.2490,-0.01787,1,1,0.0260,1,1,+0.51587,+0.11014,0.06236,199.83,+0.51584,+0.51559,-0.00123,+0.11011,0.06236,1.0000,1,0,0,0,0.0000,+0.00000,+0.00000,0.0097,+0.000,+0.000,1.0000,0,1.0000,0,1,+5.000,+0.000,+5.000,-0.05000,+11.158,-0.00000,+0.00,+0.00000,1,+0.34985,+0.32666,0.01065,+17.845,0,201.4,0.0
15.534203,3,1,0.231130,0.231130,0.2490,-0.01787,1,1,0.0260,1,1,+0.51587,+0.11014,0.06236,199.83,+0.51584,+0.51560,-0.00120,+0.11011,0.06236,1.0000,1,0,0,0,0.0000,+0.00000,+0.00000,0.0096,+0.000,+0.000,1.0000,0,1.0000,0,1,+5.000,+0.000,+5.000,-0.05000,+11.165,-0.00000,+0.00,+0.00000,1,+0.34985,+0.32666,0.01065,+17.959,0,201.4,0.0
15.539004,3,1,0.231135,0.231135,0.2490,-0.01786,1,1,0.0260,1,1,+0.51587,+0.11014,0.06236,199.83,+0.51584,+0.51560,-0.00118,+0.11011,0.06236,1.0000,1,0,0,0,0.0000,+0.00000,+0.00000,0.0095,+0.000,+0.000,1.0000,0,1.0000,0,1,+5.000,+0.000,+5.000,-0.05000,+11.170,-0.00000,+0.00,+0.00000,1,+0.34985,+0.32666,0.01065,+18.044,0,201.4,0.0
15.543530,3,1,0.231140,0.231140,0.2490,-0.01786,1,1,0.0260,1,1,+0.51587,+0.11014,0.06236,199.83,+0.51584,+0.51561,-0.00116,+0.11011,0.06236,1.0000,1,0,0,0,0.0000,+0.00000,+0.00000,0.0094,+0.000,+0.000,1.0000,0,1.0000,0,1,+5.000,+0.000,+5.000,-0.05000,+11.170,-0.00000,+0.00,+0.00000,1,+0.34985,+0.32666,0.01065,+18.044,0,201.4,0.0
15.547893,3,1,0.231144,0.231144,0.2490,-0.01786,1,1,0.0260,1,1,+0.51587,+0.11014,0.06236,199.83,+0.51584,+0.51561,-0.00114,+0.11011,0.06236,1.0000,1,0,0,0,0.0000,+0.00000,+0.00000,0.0093,+0.000,+0.000,1.0000,0,1.0000,0,1,+5.000,+0.000,+5.000,-0.05000,+11.170,-0.00000,+0.00,+0.00000,1,+0.34985,+0.32666,0.01065,+18.044,0,201.4,0.0
15.552964,3,1,0.231149,0.231149,0.2490,-0.01785,1,1,0.0260,1,1,+0.51587,+0.11014,0.06236,199.83,+0.51584,+0.51562,-0.00111,+0.11012,0.06236,1.0000,1,0,0,0,0.0000,+0.00000,+0.00000,0.0092,+0.000,+0.000,1.0000,0,1.0000,0,1,+5.000,+0.000,+5.000,-0.05000,+11.178,-0.00000,+0.00,+0.00000,1,+0.34985,+0.32666,0.01065,+18.181,0,201.4,0.0
15.557557,3,1,0.231154,0.231154,0.2490,-0.01785,1,1,0.0260,1,1,+0.51587,+0.11014,0.06236,199.83,+0.51584,+0.51563,-0.00109,+0.11012,0.06236,1.0000,1,0,0,0,0.0000,+0.00000,+0.00000,0.0091,+0.000,+0.000,1.0000,0,1.0000,0,1,+5.000,+0.000,+5.000,-0.05000,+11.178,-0.00000,+0.00,+0.00000,1,+0.34985,+0.32666,0.01065,+18.181,0,201.4,0.0
15.561989,3,1,0.231158,0.231158,0.2490,-0.01784,1,1,0.0260,1,1,+0.51587,+0.11014,0.06236,199.83,+0.51584,+0.51563,-0.00107,+0.11012,0.06236,1.0000,1,0,0,0,0.0000,+0.00000,+0.00000,0.0091,+0.000,+0.000,1.0000,0,1.0000,0,1,+5.000,+0.000,+5.000,-0.05000,+11.186,-0.00000,+0.00,+0.00000,1,+0.34985,+0.32666,0.01065,+18.307,0,201.4,0.0
15.566755,3,1,0.231162,0.231162,0.2490,-0.01784,1,1,0.0260,1,1,+0.51587,+0.11014,0.06236,199.83,+0.51584,+0.51564,-0.00105,+0.11012,0.06236,1.0000,1,0,0,0,0.0000,+0.00000,+0.00000,0.0090,+0.000,+0.000,1.0000,0,1.0000,0,1,+5.000,+0.000,+5.000,-0.05000,+11.186,-0.00000,+0.00,+0.00000,1,+0.34985,+0.32666,0.01065,+18.307,0,201.4,0.0
15.571769,3,1,0.231167,0.231167,0.2490,-0.01783,1,1,0.0260,1,1,+0.51587,+0.11014,0.06236,199.83,+0.51585,+0.51564,-0.00103,+0.11012,0.06236,1.0000,1,0,0,0,0.0000,+0.00000,+0.00000,0.0089,+0.000,+0.000,1.0000,0,1.0000,0,1,+5.000,+0.000,+5.000,-0.05000,+11.194,-0.00000,+0.00,+0.00000,1,+0.34985,+0.32666,0.01065,+18.424,0,201.4,0.0
15.576341,3,1,0.231171,0.231171,0.2490,-0.01783,1,1,0.0260,1,1,+0.51587,+0.11014,0.06236,199.83,+0.51585,+0.51564,-0.00101,+0.11012,0.06236,1.0000,1,0,0,0,0.0000,+0.00000,+0.00000,0.0088,+0.000,+0.000,1.0000,0,1.0000,0,1,+5.000,+0.000,+5.000,-0.05000,+11.199,-0.00000,+0.00,+0.00000,1,+0.34985,+0.32666,0.01065,+18.508,0,201.4,0.0
15.580854,3,1,0.231175,0.231175,0.2490,-0.01783,1,1,0.0260,1,1,+0.51587,+0.11014,0.06236,199.83,+0.51585,+0.51565,-0.00099,+0.11012,0.06236,1.0000,1,0,0,0,0.0000,+0.00000,+0.00000,0.0087,+0.000,+0.000,1.0000,0,1.0000,0,1,+5.000,+0.000,+5.000,-0.05000,+11.199,-0.00000,+0.00,+0.00000,1,+0.34985,+0.32666,0.01065,+18.508,0,201.4,0.0
15.585405,3,1,0.231179,0.231179,0.2490,-0.01782,1,1,0.0260,1,1,+0.51587,+0.11014,0.06236,199.83,+0.51585,+0.51565,-0.00097,+0.11012,0.06236,1.0000,1,0,0,0,0.0000,+0.00000,+0.00000,0.0086,+0.000,+0.000,1.0000,0,1.0000,0,1,+5.000,+0.000,+5.000,-0.05000,+11.207,-0.00000,+0.00,+0.00000,1,+0.34985,+0.32666,0.01065,+18.632,0,201.4,0.0
15.591629,3,1,0.231184,0.231184,0.2490,-0.01782,1,1,0.0260,1,1,+0.51587,+0.11014,0.06236,199.83,+0.51585,+0.51566,-0.00094,+0.11012,0.06236,1.0000,1,0,0,0,0.0000,+0.00000,+0.00000,0.0085,+0.000,+0.000,1.0000,0,1.0000,0,1,+5.000,+0.000,+5.000,-0.05000,+11.207,-0.00000,+0.00,+0.00000,1,+0.34985,+0.32666,0.01065,+18.632,0,201.4,0.0
15.595983,3,1,0.231188,0.231188,0.2490,-0.01781,1,1,0.0260,1,1,+0.51587,+0.11014,0.06236,199.83,+0.51585,+0.51566,-0.00092,+0.11012,0.06236,1.0000,1,0,0,0,0.0000,+0.00000,+0.00000,0.0085,+0.000,+0.000,1.0000,0,1.0000,0,1,+5.000,+0.000,+5.000,-0.05000,+11.214,-0.00000,+0.00,+0.00000,1,+0.34985,+0.32666,0.01065,+18.746,0,201.4,0.0
15.600535,3,1,0.231191,0.231191,0.2490,-0.01781,1,1,0.0260,1,1,+0.51587,+0.11014,0.06236,199.83,+0.51585,+0.51567,-0.00091,+0.11012,0.06236,1.0000,1,0,0,0,0.0000,+0.00000,+0.00000,0.0084,+0.000,+0.000,1.0000,0,1.0000,0,1,+5.000,+0.000,+5.000,-0.05000,+11.221,-0.00000,+0.00,+0.00000,1,+0.34985,+0.32666,0.01065,+18.845,0,201.4,0.0
15.605050,3,1,0.231195,0.231195,0.2490,-0.01781,1,1,0.0260,1,1,+0.51587,+0.11014,0.06236,199.83,+0.51585,+0.51567,-0.00089,+0.11012,0.06236,1.0000,1,0,0,0,0.0000,+0.00000,+0.00000,0.0083,+0.000,+0.000,1.0000,0,1.0000,0,1,+5.000,+0.000,+5.000,-0.05000,+11.221,-0.00000,+0.00,+0.00000,1,+0.34985,+0.32666,0.01065,+18.845,0,201.4,0.0
15.609615,3,1,0.231198,0.231198,0.2490,-0.01780,1,1,0.0260,1,1,+0.51587,+0.11014,0.06236,199.83,+0.51585,+0.51568,-0.00087,+0.11012,0.06236,1.0000,1,0,0,0,0.0000,+0.00000,+0.00000,0.0082,+0.000,+0.000,1.0000,0,1.0000,0,1,+5.000,+0.000,+5.000,-0.05000,+11.227,-0.00000,+0.00,+0.00000,1,+0.34985,+0.32666,0.01065,+18.949,0,201.4,0.0
15.614198,3,1,0.231202,0.231202,0.2490,-0.01780,1,1,0.0260,1,1,+0.51587,+0.11014,0.06236,199.83,+0.51585,+0.51568,-0.00085,+0.11012,0.06236,1.0000,1,0,0,0,0.0000,+0.00000,+0.00000,0.0082,+0.000,+0.000,1.0000,0,1.0000,0,1,+5.000,+0.000,+5.000,-0.05000,+11.227,-0.00000,+0.00,+0.00000,1,+0.34985,+0.32666,0.01065,+18.949,0,201.4,0.0
15.618863,3,1,0.231205,0.231205,0.2490,-0.01779,1,1,0.0260,1,1,+0.51587,+0.11014,0.06236,199.83,+0.51585,+0.51568,-0.00084,+0.11012,0.06236,1.0000,1,0,0,0,0.0000,+0.00000,+0.00000,0.0081,+0.000,+0.000,1.0000,0,1.0000,0,1,+5.000,+0.000,+5.000,-0.05000,+11.235,-0.00000,+0.00,+0.00000,1,+0.34985,+0.32666,0.01065,+19.069,0,201.4,0.0
15.623304,3,1,0.231209,0.231209,0.2490,-0.01779,1,1,0.0260,1,1,+0.51587,+0.11014,0.06236,199.83,+0.51585,+0.51569,-0.00082,+0.11012,0.06236,1.0000,1,0,0,0,0.0000,+0.00000,+0.00000,0.0080,+0.000,+0.000,1.0000,0,1.0000,0,1,+5.000,+0.000,+5.000,-0.05000,+11.235,-0.00000,+0.00,+0.00000,1,+0.34985,+0.32666,0.01065,+19.069,0,201.4,0.0
15.627928,3,1,0.231212,0.231212,0.2490,-0.01779,1,1,0.0260,1,1,+0.51587,+0.11014,0.06236,199.83,+0.51585,+0.51569,-0.00081,+0.11012,0.06236,1.0000,1,0,0,0,0.0000,+0.00000,+0.00000,0.0079,+0.000,+0.000,1.0000,0,1.0000,0,1,+5.000,+0.000,+5.000,-0.05000,+11.242,-0.00000,+0.00,+0.00000,1,+0.34985,+0.32666,0.01065,+19.174,0,201.4,0.0
15.632448,3,1,0.231215,0.231215,0.2490,-0.01778,1,1,0.0260,1,1,+0.51587,+0.11014,0.06236,199.83,+0.51585,+0.51569,-0.00079,+0.11012,0.06236,1.0000,1,0,0,0,0.0000,+0.00000,+0.00000,0.0079,+0.000,+0.000,1.0000,0,1.0000,0,1,+5.000,+0.000,+5.000,-0.05000,+11.242,-0.00000,+0.00,+0.00000,1,+0.34985,+0.32666,0.01065,+19.174,0,201.4,0.0
15.637006,3,1,0.231218,0.231218,0.2490,-0.01778,1,1,0.0260,1,1,+0.51587,+0.11014,0.06236,199.83,+0.51585,+0.51570,-0.00077,+0.11012,0.06236,1.0000,1,0,0,0,0.0000,+0.00000,+0.00000,0.0078,+0.000,+0.000,1.0000,0,1.0000,0,1,+5.000,+0.000,+5.000,-0.05000,+11.249,-0.00000,+0.00,+0.00000,1,+0.34985,+0.32666,0.01065,+19.275,0,201.4,0.0
15.641754,3,1,0.231221,0.231221,0.2490,-0.01778,1,1,0.0260,1,1,+0.51587,+0.11014,0.06236,199.83,+0.51585,+0.51570,-0.00076,+0.11012,0.06236,1.0000,1,0,0,0,0.0000,+0.00000,+0.00000,0.0077,+0.000,+0.000,1.0000,0,1.0000,0,1,+5.000,+0.000,+5.000,-0.05000,+11.256,-0.00000,+0.00,+0.00000,1,+0.34985,+0.32666,0.01065,+19.375,0,201.4,0.0
15.646377,3,1,0.231225,0.231225,0.2490,-0.01778,1,1,0.0260,1,1,+0.51587,+0.11014,0.06236,199.83,+0.51585,+0.51570,-0.00074,+0.11013,0.06236,1.0000,1,0,0,0,0.0000,+0.00000,+0.00000,0.0077,+0.000,+0.000,1.0000,0,1.0000,0,1,+5.000,+0.000,+5.000,-0.05000,+11.256,-0.00000,+0.00,+0.00000,1,+0.34985,+0.32666,0.01065,+19.375,0,201.4,0.0
15.650902,3,1,0.231227,0.231227,0.2490,-0.01777,1,1,0.0260,1,1,+0.51587,+0.11014,0.06236,199.83,+0.51585,+0.51571,-0.00073,+0.11013,0.06236,1.0000,1,0,0,0,0.0000,+0.00000,+0.00000,0.0076,+0.000,+0.000,1.0000,0,1.0000,0,1,+5.000,+0.000,+5.000,-0.05000,+11.264,-0.00000,+0.00,+0.00000,1,+0.34985,+0.32666,0.01065,+19.499,0,201.4,0.0
15.655409,3,1,0.231230,0.231230,0.2490,-0.01777,1,1,0.0260,1,1,+0.51587,+0.11014,0.06236,199.83,+0.51585,+0.51571,-0.00072,+0.11013,0.06236,1.0000,1,0,0,0,0.0000,+0.00000,+0.00000,0.0075,+0.000,+0.000,1.0000,0,1.0000,0,1,+5.000,+0.000,+5.000,-0.05000,+11.264,-0.00000,+0.00,+0.00000,1,+0.34985,+0.32666,0.01065,+19.499,0,201.4,0.0
15.659970,3,1,0.231233,0.231233,0.2490,-0.01777,1,1,0.0260,1,1,+0.51587,+0.11014,0.06236,199.83,+0.51586,+0.51571,-0.00070,+0.11013,0.06236,1.0000,1,0,0,0,0.0000,+0.00000,+0.00000,0.0074,+0.000,+0.000,1.0000,0,1.0000,0,1,+5.000,+0.000,+5.000,-0.05000,+11.272,-0.00000,+0.00,+0.00000,1,+0.34985,+0.32666,0.01065,+19.616,0,201.4,0.0
15.664536,3,1,0.231236,0.231236,0.2490,-0.01776,1,1,0.0260,1,1,+0.51587,+0.11014,0.06236,199.83,+0.51586,+0.51572,-0.00069,+0.11013,0.06236,1.0000,1,0,0,0,0.0000,+0.00000,+0.00000,0.0074,+0.000,+0.000,1.0000,0,1.0000,0,1,+5.000,+0.000,+5.000,-0.05000,+11.272,-0.00000,+0.00,+0.00000,1,+0.34985,+0.32666,0.01065,+19.616,0,201.4,0.0
15.669051,3,1,0.231239,0.231239,0.2490,-0.01776,1,1,0.0260,1,1,+0.51587,+0.11014,0.06236,199.83,+0.51586,+0.51572,-0.00067,+0.11013,0.06236,1.0000,1,0,0,0,0.0000,+0.00000,+0.00000,0.0073,+0.000,+0.000,1.0000,0,1.0000,0,1,+5.000,+0.000,+5.000,-0.05000,+11.279,-0.00000,+0.00,+0.00000,1,+0.34985,+0.32666,0.01065,+19.715,0,201.4,0.0
15.673609,3,1,0.231241,0.231241,0.2490,-0.01776,1,1,0.0260,1,1,+0.51587,+0.11014,0.06236,199.83,+0.51586,+0.51572,-0.00066,+0.11013,0.06236,1.0000,1,0,0,0,0.0000,+0.00000,+0.00000,0.0072,+0.000,+0.000,1.0000,0,1.0000,0,1,+5.000,+0.000,+5.000,-0.05000,+11.279,-0.00000,+0.00,+0.00000,1,+0.34985,+0.32666,0.01065,+19.715,0,201.4,0.0
15.680773,3,1,0.231246,0.231246,0.2490,-0.01775,1,1,0.0260,1,1,+0.51587,+0.11014,0.06236,199.83,+0.51586,+0.51573,-0.00064,+0.11013,0.06236,1.0000,1,0,0,0,0.0000,+0.00000,+0.00000,0.0071,+0.000,+0.000,1.0000,0,1.0000,0,1,+5.000,+0.000,+5.000,-0.05000,+11.285,-0.00000,+0.00,+0.00000,1,+0.34985,+0.32666,0.01065,+19.812,0,201.4,0.0
15.685969,3,1,0.231248,0.231248,0.2490,-0.01775,1,1,0.0260,1,1,+0.51587,+0.11014,0.06236,199.83,+0.51586,+0.51573,-0.00063,+0.11013,0.06236,1.0000,1,0,0,0,0.0000,+0.00000,+0.00000,0.0071,+0.000,+0.000,1.0000,0,1.0000,0,1,+5.000,+0.000,+5.000,-0.05000,+11.294,-0.00000,+0.00,+0.00000,1,+0.34985,+0.32666,0.01065,+19.935,0,201.4,0.0
15.690534,3,1,0.231251,0.231251,0.2490,-0.01775,1,1,0.0260,1,1,+0.51587,+0.11014,0.06236,199.83,+0.51586,+0.51573,-0.00061,+0.11013,0.06236,1.0000,1,0,0,0,0.0000,+0.00000,+0.00000,0.0070,+0.000,+0.000,1.0000,0,1.0000,0,1,+5.000,+0.000,+5.000,-0.05000,+11.294,-0.00000,+0.00,+0.00000,1,+0.34985,+0.32666,0.01065,+19.935,0,201.4,0.0
15.695074,3,1,0.231253,0.231253,0.2490,-0.01775,1,1,0.0260,1,1,+0.51587,+0.11014,0.06236,199.83,+0.51586,+0.51574,-0.00060,+0.11013,0.06236,1.0000,1,0,0,0,0.0000,+0.00000,+0.00000,0.0069,+0.000,+0.000,1.0000,0,1.0000,0,1,+5.000,+0.000,+5.000,-0.05000,+11.303,-0.00000,+0.00,+0.00000,1,+0.34985,+0.32666,0.01065,+20.067,0,201.4,0.0
15.702893,3,1,0.231258,0.231258,0.2490,-0.01774,1,1,0.0260,1,1,+0.51587,+0.11014,0.06236,199.83,+0.51586,+0.51574,-0.00058,+0.11013,0.06236,1.0000,1,0,0,0,0.0000,+0.00000,+0.00000,0.0068,+0.000,+0.000,1.0000,0,1.0000,0,1,+5.000,+0.000,+5.000,-0.05000,+11.310,-0.00000,+0.00,+0.00000,1,+0.34985,+0.32666,0.01065,+20.164,0,201.4,0.0
15.708253,3,1,0.231260,0.231260,0.2490,-0.01774,1,1,0.0260,1,1,+0.51587,+0.11014,0.06236,199.83,+0.51586,+0.51574,-0.00057,+0.11013,0.06236,1.0000,1,0,0,0,0.0000,+0.00000,+0.00000,0.0068,+0.000,+0.000,1.0000,0,1.0000,0,1,+5.000,+0.000,+5.000,-0.05000,+11.310,-0.00000,+0.00,+0.00000,1,+0.34985,+0.32666,0.01065,+20.164,0,201.4,0.0
15.712874,3,1,0.231263,0.231263,0.2490,-0.01774,1,1,0.0260,1,1,+0.51587,+0.11014,0.06236,199.83,+0.51586,+0.51575,-0.00056,+0.11013,0.06236,1.0000,1,0,0,0,0.0000,+0.00000,+0.00000,0.0067,+0.000,+0.000,1.0000,0,1.0000,0,1,+5.000,+0.000,+5.000,-0.05000,+11.319,-0.00000,+0.00,+0.00000,1,+0.34985,+0.32666,0.01065,+20.291,0,201.4,0.0
15.717305,3,1,0.231265,0.231265,0.2490,-0.01774,1,1,0.0260,1,1,+0.51587,+0.11014,0.06236,199.83,+0.51586,+0.51575,-0.00055,+0.11013,0.06236,1.0000,1,0,0,0,0.0000,+0.00000,+0.00000,0.0066,+0.000,+0.000,1.0000,0,1.0000,0,1,+5.000,+0.000,+5.000,-0.05000,+11.319,-0.00000,+0.00,+0.00000,1,+0.34985,+0.32666,0.01065,+20.291,0,201.4,0.0
15.721817,3,1,0.231267,0.231267,0.2490,-0.01773,1,1,0.0260,1,1,+0.51587,+0.11014,0.06236,199.83,+0.51586,+0.51575,-0.00054,+0.11013,0.06236,1.0000,1,0,0,0,0.0000,+0.00000,+0.00000,0.0066,+0.000,+0.000,1.0000,0,1.0000,0,1,+5.000,+0.000,+5.000,-0.05000,+11.326,-0.00000,+0.00,+0.00000,1,+0.34985,+0.32666,0.01065,+20.395,0,201.4,0.0
15.726494,3,1,0.231269,0.231269,0.2490,-0.01773,1,1,0.0260,1,1,+0.51587,+0.11014,0.06236,199.83,+0.51586,+0.51575,-0.00053,+0.11013,0.06236,1.0000,1,0,0,0,0.0000,+0.00000,+0.00000,0.0065,+0.000,+0.000,1.0000,0,1.0000,0,1,+5.000,+0.000,+5.000,-0.05000,+11.326,-0.00000,+0.00,+0.00000,1,+0.34985,+0.32666,0.01065,+20.395,0,201.4,0.0
15.731074,3,1,0.231271,0.231271,0.2490,-0.01773,1,1,0.0260,1,1,+0.51587,+0.11014,0.06236,199.83,+0.51586,+0.51576,-0.00052,+0.11013,0.06236,1.0000,1,0,0,0,0.0000,+0.00000,+0.00000,0.0065,+0.000,+0.000,1.0000,0,1.0000,0,1,+5.000,+0.000,+5.000,-0.05000,+11.333,-0.00000,+0.00,+0.00000,1,+0.34985,+0.32666,0.01065,+20.493,0,201.4,0.0
15.735608,3,1,0.231273,0.231273,0.2490,-0.01773,1,1,0.0260,1,1,+0.51587,+0.11014,0.06236,199.83,+0.51586,+0.51576,-0.00051,+0.11013,0.06236,1.0000,1,0,0,0,0.0000,+0.00000,+0.00000,0.0064,+0.000,+0.000,1.0000,0,1.0000,0,1,+5.000,+0.000,+5.000,-0.05000,+11.333,-0.00000,+0.00,+0.00000,1,+0.34985,+0.32666,0.01065,+20.493,0,201.4,0.0
15.740114,3,1,0.231275,0.231275,0.2490,-0.01772,1,1,0.0260,1,1,+0.51587,+0.11014,0.06236,199.83,+0.51586,+0.51576,-0.00050,+0.11013,0.06236,1.0000,1,0,0,0,0.0000,+0.00000,+0.00000,0.0063,+0.000,+0.000,1.0000,0,1.0000,0,1,+5.000,+0.000,+5.000,-0.05000,+11.342,-0.00000,+0.00,+0.00000,1,+0.34985,+0.32666,0.01065,+20.609,0,201.4,0.0
15.744631,3,1,0.231277,0.231277,0.2490,-0.01772,1,1,0.0260,1,1,+0.51587,+0.11014,0.06236,199.83,+0.51586,+0.51576,-0.00049,+0.11013,0.06236,1.0000,1,0,0,0,0.0000,+0.00000,+0.00000,0.0063,+0.000,+0.000,1.0000,0,1.0000,0,1,+5.000,+0.000,+5.000,-0.05000,+11.342,-0.00000,+0.00,+0.00000,1,+0.34985,+0.32666,0.01065,+20.609,0,201.4,0.0
15.749239,3,1,0.231279,0.231279,0.2490,-0.01772,1,1,0.0260,1,1,+0.51587,+0.11014,0.06236,199.83,+0.51586,+0.51577,-0.00048,+0.11013,0.06236,1.0000,1,0,0,0,0.0000,+0.00000,+0.00000,0.0062,+0.000,+0.000,1.0000,0,1.0000,0,1,+5.000,+0.000,+5.000,-0.05000,+11.350,-0.00000,+0.00,+0.00000,1,+0.34985,+0.32666,0.01065,+20.728,0,201.4,0.0
15.754204,3,1,0.231281,0.231281,0.2490,-0.01772,1,1,0.0260,1,1,+0.51587,+0.11014,0.06236,199.83,+0.51586,+0.51577,-0.00047,+0.11013,0.06236,1.0000,1,0,0,0,0.0000,+0.00000,+0.00000,0.0062,+0.000,+0.000,1.0000,0,1.0000,0,1,+5.000,+0.000,+5.000,-0.05000,+11.358,-0.00000,+0.00,+0.00000,1,+0.34985,+0.32666,0.01065,+20.827,0,201.4,0.0
15.758637,3,1,0.231283,0.231283,0.2490,-0.01772,1,1,0.0260,1,1,+0.51587,+0.11014,0.06236,199.83,+0.51586,+0.51577,-0.00046,+0.11013,0.06236,1.0000,1,0,0,0,0.0000,+0.00000,+0.00000,0.0061,+0.000,+0.000,1.0000,0,1.0000,0,1,+5.000,+0.000,+5.000,-0.05000,+11.358,-0.00000,+0.00,+0.00000,1,+0.34985,+0.32666,0.01065,+20.827,0,201.4,0.0
15.764682,3,1,0.231286,0.231286,0.2490,-0.01771,1,1,0.0260,1,1,+0.51587,+0.11014,0.06236,199.83,+0.51586,+0.51577,-0.00045,+0.11013,0.06236,1.0000,1,0,0,0,0.0000,+0.00000,+0.00000,0.0060,+0.000,+0.000,1.0000,0,1.0000,0,1,+5.000,+0.000,+5.000,-0.05000,+11.365,-0.00000,+0.00,+0.00000,1,+0.34985,+0.32666,0.01065,+20.928,0,201.4,0.0
15.769216,3,1,0.231288,0.231288,0.2490,-0.01771,1,1,0.0260,1,1,+0.51587,+0.11014,0.06236,199.83,+0.51586,+0.51578,-0.00044,+0.11013,0.06236,1.0000,1,0,0,0,0.0000,+0.00000,+0.00000,0.0060,+0.000,+0.000,1.0000,0,1.0000,0,1,+5.000,+0.000,+5.000,-0.05000,+11.365,-0.00000,+0.00,+0.00000,1,+0.34985,+0.32666,0.01065,+20.928,0,201.4,0.0
15.773816,3,1,0.231289,0.231289,0.2490,-0.01771,1,1,0.0260,1,1,+0.51587,+0.11014,0.06236,199.83,+0.51586,+0.51578,-0.00043,+0.11013,0.06236,1.0000,1,0,0,0,0.0000,+0.00000,+0.00000,0.0059,+0.000,+0.000,1.0000,0,1.0000,0,1,+5.000,+0.000,+5.000,-0.05000,+11.373,-0.00000,+0.00,+0.00000,1,+0.34985,+0.32666,0.01065,+21.037,0,201.4,0.0
15.778280,3,1,0.231291,0.231291,0.2490,-0.01771,1,1,0.0260,1,1,+0.51587,+0.11014,0.06236,199.83,+0.51586,+0.51578,-0.00042,+0.11013,0.06236,1.0000,1,0,0,0,0.0000,+0.00000,+0.00000,0.0059,+0.000,+0.000,1.0000,0,1.0000,0,1,+5.000,+0.000,+5.000,-0.05000,+11.373,-0.00000,+0.00,+0.00000,1,+0.34985,+0.32666,0.01065,+21.037,0,201.4,0.0
15.782580,3,1,0.231293,0.231293,0.2490,-0.01771,1,1,0.0260,1,1,+0.51587,+0.11014,0.06236,199.83,+0.51586,+0.51578,-0.00041,+0.11013,0.06236,1.0000,1,0,0,0,0.0000,+0.00000,+0.00000,0.0058,+0.000,+0.000,1.0000,0,1.0000,0,1,+5.000,+0.000,+5.000,-0.05000,+11.382,-0.00000,+0.00,+0.00000,1,+0.34985,+0.32666,0.01065,+21.155,0,201.4,0.0
15.787705,3,1,0.231294,0.231294,0.2490,-0.01771,1,1,0.0260,1,1,+0.51587,+0.11014,0.06236,199.83,+0.51586,+0.51578,-0.00040,+0.11013,0.06236,1.0000,1,0,0,0,0.0000,+0.00000,+0.00000,0.0058,+0.000,+0.000,1.0000,0,1.0000,0,1,+5.000,+0.000,+5.000,-0.05000,+11.390,-0.00000,+0.00,+0.00000,1,+0.34985,+0.32666,0.01065,+21.263,0,201.4,0.0
15.792228,3,1,0.231296,0.231296,0.2490,-0.01770,1,1,0.0260,1,1,+0.51587,+0.11014,0.06236,199.83,+0.51586,+0.51578,-0.00040,+0.11013,0.06236,1.0000,1,0,0,0,0.0000,+0.00000,+0.00000,0.0057,+0.000,+0.000,1.0000,0,1.0000,0,1,+5.000,+0.000,+5.000,-0.05000,+11.390,-0.00000,+0.00,+0.00000,1,+0.34985,+0.32666,0.01065,+21.263,0,201.4,0.0
15.796845,3,1,0.231298,0.231298,0.2490,-0.01770,1,1,0.0260,1,1,+0.51587,+0.11014,0.06236,199.83,+0.51586,+0.51579,-0.00039,+0.11013,0.06236,1.0000,1,0,0,0,0.0000,+0.00000,+0.00000,0.0057,+0.000,+0.000,1.0000,0,1.0000,0,1,+5.000,+0.000,+5.000,-0.05000,+11.397,-0.00000,+0.00,+0.00000,1,+0.34985,+0.32666,0.01065,+21.361,0,201.4,0.0
15.801565,3,1,0.231299,0.231299,0.2490,-0.01770,1,1,0.0260,1,1,+0.51587,+0.11014,0.06236,199.83,+0.51586,+0.51579,-0.00038,+0.11013,0.06236,1.0000,1,0,0,0,0.0000,+0.00000,+0.00000,0.0056,+0.000,+0.000,1.0000,0,1.0000,0,1,+5.000,+0.000,+5.000,-0.05000,+11.397,-0.00000,+0.00,+0.00000,1,+0.34985,+0.32666,0.01065,+21.361,0,201.4,0.0
15.806160,3,1,0.231301,0.231301,0.2490,-0.01770,1,1,0.0260,1,1,+0.51587,+0.11014,0.06236,199.83,+0.51586,+0.51579,-0.00037,+0.11013,0.06236,1.0000,1,0,0,0,0.0000,+0.00000,+0.00000,0.0056,+0.000,+0.000,1.0000,0,1.0000,0,1,+5.000,+0.000,+5.000,-0.05000,+11.406,-0.00000,+0.00,+0.00000,1,+0.34985,+0.32666,0.01065,+21.474,0,201.4,0.0
15.810736,3,1,0.231302,0.231302,0.2490,-0.01770,1,1,0.0260,1,1,+0.51587,+0.11014,0.06236,199.83,+0.51586,+0.51579,-0.00036,+0.11013,0.06236,1.0000,1,0,0,0,0.0000,+0.00000,+0.00000,0.0055,+0.000,+0.000,1.0000,0,1.0000,0,1,+5.000,+0.000,+5.000,-0.05000,+11.406,-0.00000,+0.00,+0.00000,1,+0.34985,+0.32666,0.01065,+21.474,0,201.4,0.0
15.815265,3,1,0.231304,0.231304,0.2490,-0.01770,1,1,0.0260,1,1,+0.51587,+0.11014,0.06236,199.83,+0.51586,+0.51579,-0.00036,+0.11013,0.06236,1.0000,1,0,0,0,0.0000,+0.00000,+0.00000,0.0055,+0.000,+0.000,1.0000,0,1.0000,0,1,+5.000,+0.000,+5.000,-0.05000,+11.415,-0.00000,+0.00,+0.00000,1,+0.34985,+0.32666,0.01065,+21.599,0,201.4,0.0
15.821044,3,1,0.231306,0.231306,0.2490,-0.01769,1,1,0.0260,1,1,+0.51587,+0.11014,0.06236,199.83,+0.51586,+0.51580,-0.00035,+0.11013,0.06236,1.0000,1,0,0,0,0.0000,+0.00000,+0.00000,0.0054,+0.000,+0.000,1.0000,0,1.0000,0,1,+5.000,+0.000,+5.000,-0.05000,+11.415,-0.00000,+0.00,+0.00000,1,+0.34985,+0.32666,0.01065,+21.599,0,201.4,0.0
15.826592,3,1,0.231307,0.231307,0.2490,-0.01769,1,1,0.0260,1,1,+0.51587,+0.11014,0.06236,199.83,+0.51587,+0.51580,-0.00034,+0.11013,0.06236,1.0000,1,0,0,0,0.0000,+0.00000,+0.00000,0.0053,+0.000,+0.000,1.0000,0,1.0000,0,1,+5.000,+0.000,+5.000,-0.05000,+11.424,-0.00000,+0.00,+0.00000,1,+0.34985,+0.32666,0.01065,+21.708,0,201.4,0.0
15.831171,3,1,0.231309,0.231309,0.2490,-0.01769,1,1,0.0260,1,1,+0.51587,+0.11014,0.06236,199.83,+0.51587,+0.51580,-0.00033,+0.11013,0.06236,1.0000,1,0,0,0,0.0000,+0.00000,+0.00000,0.0053,+0.000,+0.000,1.0000,0,1.0000,0,1,+5.000,+0.000,+5.000,-0.05000,+11.432,-0.00000,+0.00,+0.00000,1,+0.34985,+0.32666,0.01065,+21.808,0,201.4,0.0
15.835721,3,1,0.231310,0.231310,0.2490,-0.01769,1,1,0.0260,1,1,+0.51587,+0.11014,0.06236,199.83,+0.51587,+0.51580,-0.00033,+0.11013,0.06236,1.0000,1,0,0,0,0.0000,+0.00000,+0.00000,0.0052,+0.000,+0.000,1.0000,0,1.0000,0,1,+5.000,+0.000,+5.000,-0.05000,+11.432,-0.00000,+0.00,+0.00000,1,+0.34985,+0.32666,0.01065,+21.808,0,201.4,0.0
15.840298,3,1,0.231311,0.231311,0.2490,-0.01769,1,1,0.0260,1,1,+0.51587,+0.11014,0.06236,199.83,+0.51587,+0.51580,-0.00032,+0.11013,0.06236,1.0000,1,0,0,0,0.0000,+0.00000,+0.00000,0.0052,+0.000,+0.000,1.0000,0,1.0000,0,1,+5.000,+0.000,+5.000,-0.05000,+11.441,-0.00000,+0.00,+0.00000,1,+0.34985,+0.32666,0.01065,+21.926,0,201.4,0.0
15.844782,3,1,0.231313,0.231313,0.2490,-0.01769,1,1,0.0260,1,1,+0.51587,+0.11014,0.06236,199.83,+0.51587,+0.51580,-0.00031,+0.11014,0.06236,1.0000,1,0,0,0,0.0000,+0.00000,+0.00000,0.0051,+0.000,+0.000,1.0000,0,1.0000,0,1,+5.000,+0.000,+5.000,-0.05000,+11.441,-0.00000,+0.00,+0.00000,1,+0.34985,+0.32666,0.01065,+21.926,0,201.4,0.0
15.849878,3,1,0.231314,0.231314,0.2490,-0.01769,1,1,0.0260,1,1,+0.51587,+0.11014,0.06236,199.83,+0.51587,+0.51580,-0.00031,+0.11014,0.06236,1.0000,1,0,0,0,0.0000,+0.00000,+0.00000,0.0051,+0.000,+0.000,1.0000,0,1.0000,0,1,+5.000,+0.000,+5.000,-0.05000,+11.448,-0.00000,+0.00,+0.00000,1,+0.34985,+0.32666,0.01065,+22.023,0,201.4,0.0
15.857692,3,1,0.231316,0.231316,0.2490,-0.01768,1,1,0.0260,1,1,+0.51587,+0.11014,0.06236,199.83,+0.51587,+0.51581,-0.00030,+0.11014,0.06236,1.0000,1,0,0,0,0.0000,+0.00000,+0.00000,0.0050,+0.000,+0.000,1.0000,0,1.0000,0,1,+5.000,+0.000,+5.000,-0.05000,+11.448,-0.00000,+0.00,+0.00000,1,+0.34985,+0.32666,0.01065,+22.023,0,201.4,0.0
15.862002,3,1,0.231317,0.231317,0.2490,-0.01768,1,1,0.0260,1,1,+0.51587,+0.11014,0.06236,199.83,+0.51587,+0.51581,-0.00029,+0.11014,0.06236,1.0000,1,0,0,0,0.0000,+0.00000,+0.00000,0.0050,+0.000,+0.000,1.0000,0,1.0000,0,1,+5.000,+0.000,+5.000,-0.05000,+11.460,-0.00000,+0.00,+0.00000,1,+0.34985,+0.32666,0.01065,+22.172,0,201.4,0.0
15.866518,3,1,0.231319,0.231319,0.2490,-0.01768,1,1,0.0260,1,1,+0.51587,+0.11014,0.06236,199.83,+0.51587,+0.51581,-0.00029,+0.11014,0.06236,1.0000,1,0,0,0,0.0000,+0.00000,+0.00000,0.0049,+0.000,+0.000,1.0000,0,1.0000,0,1,+5.000,+0.000,+5.000,-0.05000,+11.465,-0.00000,+0.00,+0.00000,1,+0.34985,+0.32666,0.01065,+22.232,0,201.4,0.0
15.871848,3,1,0.231320,0.231320,0.2490,-0.01768,1,1,0.0260,1,1,+0.51587,+0.11014,0.06236,199.83,+0.51587,+0.51581,-0.00028,+0.11014,0.06236,1.0000,1,0,0,0,0.0000,+0.00000,+0.00000,0.0049,+0.000,+0.000,1.0000,0,1.0000,0,1,+5.000,+0.000,+5.000,-0.05000,+11.474,-0.00000,+0.00,+0.00000,1,+0.34985,+0.32666,0.01065,+22.348,0,201.4,0.0
15.876412,3,1,0.231321,0.231321,0.2490,-0.01768,1,1,0.0260,1,1,+0.51587,+0.11014,0.06236,199.83,+0.51587,+0.51581,-0.00027,+0.11014,0.06236,1.0000,1,0,0,0,0.0000,+0.00000,+0.00000,0.0048,+0.000,+0.000,1.0000,0,1.0000,0,1,+5.000,+0.000,+5.000,-0.05000,+11.474,-0.00000,+0.00,+0.00000,1,+0.34985,+0.32666,0.01065,+22.348,0,201.4,0.0
15.882011,3,1,0.231322,0.231322,0.2490,-0.01768,1,1,0.0260,1,1,+0.51587,+0.11014,0.06236,199.83,+0.51587,+0.51581,-0.00027,+0.11014,0.06236,1.0000,1,0,0,0,0.0000,+0.00000,+0.00000,0.0048,+0.000,+0.000,1.0000,0,1.0000,0,1,+5.000,+0.000,+5.000,-0.05000,+11.482,-0.00000,+0.00,+0.00000,1,+0.34985,+0.32666,0.01065,+22.446,0,201.4,0.0
15.887022,3,1,0.231324,0.231324,0.2490,-0.01768,1,1,0.0260,1,1,+0.51587,+0.11014,0.06236,199.83,+0.51587,+0.51581,-0.00026,+0.11014,0.06236,1.0000,1,0,0,0,0.0000,+0.00000,+0.00000,0.0047,+0.000,+0.000,1.0000,0,1.0000,0,1,+5.000,+0.000,+5.000,-0.05000,+11.482,-0.00000,+0.00,+0.00000,1,+0.34985,+0.32666,0.01065,+22.446,0,201.4,0.0
15.891549,3,1,0.231325,0.231325,0.2490,-0.01768,1,1,0.0260,1,1,+0.51587,+0.11014,0.06236,199.83,+0.51587,+0.51582,-0.00026,+0.11014,0.06236,1.0000,1,0,0,0,0.0000,+0.00000,+0.00000,0.0047,+0.000,+0.000,1.0000,0,1.0000,0,1,+5.000,+0.000,+5.000,-0.05000,+11.492,-0.00000,+0.00,+0.00000,1,+0.34985,+0.32666,0.01065,+22.567,0,201.4,0.0
15.896189,3,1,0.231326,0.231326,0.2490,-0.01767,1,1,0.0260,1,1,+0.51587,+0.11014,0.06236,199.83,+0.51587,+0.51582,-0.00025,+0.11014,0.06236,1.0000,1,0,0,0,0.0000,+0.00000,+0.00000,0.0046,+0.000,+0.000,1.0000,0,1.0000,0,1,+5.000,+0.000,+5.000,-0.05000,+11.492,-0.00000,+0.00,+0.00000,1,+0.34985,+0.32666,0.01065,+22.567,0,201.4,0.0
15.901213,3,1,0.231327,0.231327,0.2490,-0.01767,1,1,0.0260,1,1,+0.51587,+0.11014,0.06236,199.83,+0.51587,+0.51582,-0.00025,+0.11014,0.06236,1.0000,1,0,0,0,0.0000,+0.00000,+0.00000,0.0046,+0.000,+0.000,1.0000,0,1.0000,0,1,+5.000,+0.000,+5.000,-0.05000,+11.500,-0.00000,+0.00,+0.00000,1,+0.34985,+0.32666,0.01065,+22.667,0,201.4,0.0
15.905789,3,1,0.231328,0.231328,0.2490,-0.01767,1,1,0.0260,1,1,+0.51587,+0.11014,0.06236,199.83,+0.51587,+0.51582,-0.00024,+0.11014,0.06236,1.0000,1,0,0,0,0.0000,+0.00000,+0.00000,0.0046,+0.000,+0.000,1.0000,0,1.0000,0,1,+5.000,+0.000,+5.000,-0.05000,+11.508,-0.00000,+0.00,+0.00000,1,+0.34985,+0.32666,0.01065,+22.765,0,201.4,0.0
15.910105,3,1,0.231329,0.231329,0.2490,-0.01767,1,1,0.0260,1,1,+0.51587,+0.11014,0.06236,199.83,+0.51587,+0.51582,-0.00024,+0.11014,0.06236,1.0000,1,0,0,0,0.0000,+0.00000,+0.00000,0.0045,+0.000,+0.000,1.0000,0,1.0000,0,1,+5.000,+0.000,+5.000,-0.05000,+11.508,-0.00000,+0.00,+0.00000,1,+0.34985,+0.32666,0.01065,+22.765,0,201.4,0.0
15.914522,3,1,0.231330,0.231330,0.2490,-0.01767,1,1,0.0260,1,1,+0.51587,+0.11014,0.06236,199.83,+0.51587,+0.51582,-0.00023,+0.11014,0.06236,1.0000,1,0,0,0,0.0000,+0.00000,+0.00000,0.0045,+0.000,+0.000,1.0000,0,1.0000,0,1,+5.000,+0.000,+5.000,-0.05000,+11.517,-0.00000,+0.00,+0.00000,1,+0.34985,+0.32666,0.01065,+22.883,0,201.4,0.0
15.919041,3,1,0.231331,0.231331,0.2490,-0.01767,1,1,0.0260,1,1,+0.51587,+0.11014,0.06236,199.83,+0.51587,+0.51582,-0.00023,+0.11014,0.06236,1.0000,1,0,0,0,0.0000,+0.00000,+0.00000,0.0044,+0.000,+0.000,1.0000,0,1.0000,0,1,+5.000,+0.000,+5.000,-0.05000,+11.517,-0.00000,+0.00,+0.00000,1,+0.34985,+0.32666,0.01065,+22.883,0,201.4,0.0
15.923577,3,1,0.231332,0.231332,0.2490,-0.01767,1,1,0.0260,1,1,+0.51587,+0.11014,0.06236,199.83,+0.51587,+0.51582,-0.00022,+0.11014,0.06236,1.0000,1,0,0,0,0.0000,+0.00000,+0.00000,0.0044,+0.000,+0.000,1.0000,0,1.0000,0,1,+5.000,+0.000,+5.000,-0.05000,+11.525,-0.00000,+0.00,+0.00000,1,+0.34985,+0.32666,0.01065,+22.979,0,201.4,0.0
15.932165,3,1,0.231333,0.231333,0.2490,-0.01767,1,1,0.0260,1,1,+0.51587,+0.11014,0.06236,199.83,+0.51587,+0.51583,-0.00021,+0.11014,0.06236,1.0000,1,0,0,0,0.0000,+0.00000,+0.00000,0.0043,+0.000,+0.000,1.0000,0,1.0000,0,1,+5.000,+0.000,+5.000,-0.05000,+11.536,-0.00000,+0.00,+0.00000,1,+0.34985,+0.32666,0.01065,+23.113,0,201.4,0.0
15.936746,3,1,0.231334,0.231334,0.2490,-0.01767,1,1,0.0260,1,1,+0.51587,+0.11014,0.06236,199.83,+0.51587,+0.51583,-0.00021,+0.11014,0.06236,1.0000,1,0,0,0,0.0000,+0.00000,+0.00000,0.0043,+0.000,+0.000,1.0000,0,1.0000,0,1,+5.000,+0.000,+5.000,-0.05000,+11.536,-0.00000,+0.00,+0.00000,1,+0.34985,+0.32666,0.01065,+23.113,0,201.4,0.0
15.941264,3,1,0.231335,0.231335,0.2490,-0.01766,1,1,0.0260,1,1,+0.51587,+0.11014,0.06236,199.83,+0.51587,+0.51583,-0.00021,+0.11014,0.06236,1.0000,1,0,0,0,0.0000,+0.00000,+0.00000,0.0042,+0.000,+0.000,1.0000,0,1.0000,0,1,+5.000,+0.000,+5.000,-0.05000,+11.546,-0.00000,+0.00,+0.00000,1,+0.34985,+0.32666,0.01065,+23.229,0,201.4,0.0
15.945886,3,1,0.231336,0.231336,0.2490,-0.01766,1,1,0.0260,1,1,+0.51587,+0.11014,0.06236,199.83,+0.51587,+0.51583,-0.00020,+0.11014,0.06236,1.0000,1,0,0,0,0.0000,+0.00000,+0.00000,0.0042,+0.000,+0.000,1.0000,0,1.0000,0,1,+5.000,+0.000,+5.000,-0.05000,+11.546,-0.00000,+0.00,+0.00000,1,+0.34985,+0.32666,0.01065,+23.229,0,201.4,0.0
15.950501,3,1,0.231337,0.231337,0.2490,-0.01766,1,1,0.0260,1,1,+0.51587,+0.11014,0.06236,199.83,+0.51587,+0.51583,-0.00020,+0.11014,0.06236,1.0000,1,0,0,0,0.0000,+0.00000,+0.00000,0.0042,+0.000,+0.000,1.0000,0,1.0000,0,1,+5.000,+0.000,+5.000,-0.05000,+11.555,-0.00000,+0.00,+0.00000,1,+0.34985,+0.32666,0.01065,+23.339,0,201.4,0.0
15.955189,3,1,0.231338,0.231338,0.2490,-0.01766,1,1,0.0260,1,1,+0.51587,+0.11014,0.06236,199.83,+0.51587,+0.51583,-0.00019,+0.11014,0.06236,1.0000,1,0,0,0,0.0000,+0.00000,+0.00000,0.0041,+0.000,+0.000,1.0000,0,1.0000,0,1,+5.000,+0.000,+5.000,-0.05000,+11.555,-0.00000,+0.00,+0.00000,1,+0.34985,+0.32666,0.01065,+23.339,0,201.4,0.0
15.960214,3,1,0.231338,0.231338,0.2490,-0.01766,1,1,0.0260,1,1,+0.51587,+0.11014,0.06236,199.83,+0.51587,+0.51583,-0.00019,+0.11014,0.06236,1.0000,1,0,0,0,0.0000,+0.00000,+0.00000,0.0041,+0.000,+0.000,1.0000,0,1.0000,0,1,+5.000,+0.000,+5.000,-0.05000,+11.563,-0.00000,+0.00,+0.00000,1,+0.34985,+0.32666,0.01065,+23.433,0,201.4,0.0
15.965327,3,1,0.231339,0.231339,0.2490,-0.01766,1,1,0.0260,1,1,+0.51587,+0.11014,0.06236,199.83,+0.51587,+0.51583,-0.00019,+0.11014,0.06236,1.0000,1,0,0,0,0.0000,+0.00000,+0.00000,0.0040,+0.000,+0.000,1.0000,0,1.0000,0,1,+5.000,+0.000,+5.000,-0.05000,+11.574,-0.00000,+0.00,+0.00000,1,+0.34985,+0.32666,0.01065,+23.551,0,201.4,0.0
15.970066,3,1,0.231340,0.231340,0.2490,-0.01766,1,1,0.0260,1,1,+0.51587,+0.11014,0.06236,199.83,+0.51587,+0.51583,-0.00018,+0.11014,0.06236,1.0000,1,0,0,0,0.0000,+0.00000,+0.00000,0.0040,+0.000,+0.000,1.0000,0,1.0000,0,1,+5.000,+0.000,+5.000,-0.05000,+11.574,-0.00000,+0.00,+0.00000,1,+0.34985,+0.32666,0.01065,+23.551,0,201.4,0.0
15.974756,3,1,0.231341,0.231341,0.2490,-0.01766,1,1,0.0260,1,1,+0.51587,+0.11014,0.06236,199.83,+0.51587,+0.51583,-0.00018,+0.11014,0.06236,1.0000,1,0,0,0,0.0000,+0.00000,+0.00000,0.0040,+0.000,+0.000,1.0000,0,1.0000,0,1,+5.000,+0.000,+5.000,-0.05000,+11.574,-0.00000,+0.00,+0.00000,1,+0.34985,+0.32666,0.01065,+23.551,0,201.4,0.0
15.979215,3,1,0.231342,0.231342,0.2490,-0.01766,1,1,0.0260,1,1,+0.51587,+0.11014,0.06236,199.83,+0.51587,+0.51583,-0.00017,+0.11014,0.06236,1.0000,1,0,0,0,0.0000,+0.00000,+0.00000,0.0039,+0.000,+0.000,1.0000,0,1.0000,0,1,+5.000,+0.000,+5.000,-0.05000,+11.585,-0.00000,+0.00,+0.00000,1,+0.34985,+0.32666,0.01065,+23.682,0,201.4,0.0
15.984293,3,1,0.231342,0.231342,0.2490,-0.01766,1,1,0.0260,1,1,+0.51587,+0.11014,0.06236,199.83,+0.51587,+0.51584,-0.00017,+0.11014,0.06236,1.0000,1,0,0,0,0.0000,+0.00000,+0.00000,0.0039,+0.000,+0.000,1.0000,0,1.0000,0,1,+5.000,+0.000,+5.000,-0.05000,+11.595,-0.00000,+0.00,+0.00000,1,+0.34985,+0.32666,0.01065,+23.797,0,201.4,0.0
15.990361,3,1,0.231343,0.231343,0.2490,-0.01766,1,1,0.0260,1,1,+0.51587,+0.11014,0.06236,199.83,+0.51587,+0.51584,-0.00017,+0.11014,0.06236,1.0000,1,0,0,0,0.0000,+0.00000,+0.00000,0.0038,+0.000,+0.000,1.0000,0,1.0000,0,1,+5.000,+0.000,+5.000,-0.05000,+11.595,-0.00000,+0.00,+0.00000,1,+0.34985,+0.32666,0.01065,+23.797,0,201.4,0.0
15.995129,3,1,0.231344,0.231344,0.2490,-0.01766,1,1,0.0260,1,1,+0.51587,+0.11014,0.06236,199.83,+0.51587,+0.51584,-0.00016,+0.11014,0.06236,1.0000,1,0,0,0,0.0000,+0.00000,+0.00000,0.0038,+0.000,+0.000,1.0000,0,1.0000,0,1,+5.000,+0.000,+5.000,-0.05000,+11.603,-0.00000,+0.00,+0.00000,1,+0.34985,+0.32666,0.01065,+23.893,0,201.4,0.0
16.000236,3,1,0.231345,0.231345,0.2490,-0.01766,1,1,0.0260,1,1,+0.51587,+0.11014,0.06236,199.83,+0.51587,+0.51584,-0.00016,+0.11014,0.06236,1.0000,1,0,0,0,0.0000,+0.00000,+0.00000,0.0038,+0.000,+0.000,1.0000,0,1.0000,0,1,+5.000,+0.000,+5.000,-0.05000,+11.612,-0.00000,+0.00,+0.00000,1,+0.34985,+0.32666,0.01065,+24.001,0,201.4,0.0
16.004795,3,1,0.231345,0.231345,0.2490,-0.01765,1,1,0.0260,1,1,+0.51587,+0.11014,0.06236,199.83,+0.51587,+0.51584,-0.00016,+0.11014,0.06236,1.0000,1,0,0,0,0.0000,+0.00000,+0.00000,0.0037,+0.000,+0.000,1.0000,0,1.0000,0,1,+5.000,+0.000,+5.000,-0.05000,+11.612,-0.00000,+0.00,+0.00000,1,+0.34985,+0.32666,0.01065,+24.001,0,201.4,0.0
16.009416,3,1,0.231346,0.231346,0.2490,-0.01765,1,1,0.0260,1,1,+0.51587,+0.11014,0.06236,199.83,+0.51587,+0.51584,-0.00015,+0.11014,0.06236,1.0000,1,0,0,0,0.0000,+0.00000,+0.00000,0.0037,+0.000,+0.000,1.0000,0,1.0000,0,1,+5.000,+0.000,+5.000,-0.05000,+11.622,-0.00000,+0.00,+0.00000,1,+0.34985,+0.32666,0.01065,+24.111,0,201.4,0.0
16.013881,3,1,0.231347,0.231347,0.2490,-0.01765,1,1,0.0260,1,1,+0.51587,+0.11014,0.06236,199.83,+0.51587,+0.51584,-0.00015,+0.11014,0.06236,1.0000,1,0,0,0,0.0000,+0.00000,+0.00000,0.0037,+0.000,+0.000,1.0000,0,1.0000,0,1,+5.000,+0.000,+5.000,-0.05000,+11.622,-0.00000,+0.00,+0.00000,1,+0.34985,+0.32666,0.01065,+24.111,0,201.4,0.0
16.018410,3,1,0.231347,0.231347,0.2490,-0.01765,1,1,0.0260,1,1,+0.51587,+0.11014,0.06236,199.83,+0.51587,+0.51584,-0.00015,+0.11014,0.06236,1.0000,1,0,0,0,0.0000,+0.00000,+0.00000,0.0036,+0.000,+0.000,1.0000,0,1.0000,0,1,+5.000,+0.000,+5.000,-0.05000,+11.631,-0.00000,+0.00,+0.00000,1,+0.34985,+0.32666,0.01065,+24.209,0,201.4,0.0
16.022967,3,1,0.231348,0.231348,0.2490,-0.01765,1,1,0.0260,1,1,+0.51587,+0.11014,0.06236,199.83,+0.51587,+0.51584,-0.00014,+0.11014,0.06236,1.0000,1,0,0,0,0.0000,+0.00000,+0.00000,0.0036,+0.000,+0.000,1.0000,0,1.0000,0,1,+5.000,+0.000,+5.000,-0.05000,+11.631,-0.00000,+0.00,+0.00000,1,+0.34985,+0.32666,0.01065,+24.209,0,201.4,0.0
16.027745,3,1,0.231348,0.231348,0.2490,-0.01765,1,1,0.0260,1,1,+0.51587,+0.11014,0.06236,199.83,+0.51587,+0.51584,-0.00014,+0.11014,0.06236,1.0000,1,0,0,0,0.0000,+0.00000,+0.00000,0.0036,+0.000,+0.000,1.0000,0,1.0000,0,1,+5.000,+0.000,+5.000,-0.05000,+11.643,-0.00000,+0.00,+0.00000,1,+0.34985,+0.32666,0.01065,+24.352,0,201.4,0.0
16.032030,3,1,0.231349,0.231349,0.2490,-0.01765,1,1,0.0260,1,1,+0.51587,+0.11014,0.06236,199.83,+0.51587,+0.51584,-0.00014,+0.11014,0.06236,1.0000,1,0,0,0,0.0000,+0.00000,+0.00000,0.0035,+0.000,+0.000,1.0000,0,1.0000,0,1,+5.000,+0.000,+5.000,-0.05000,+11.643,-0.00000,+0.00,+0.00000,1,+0.34985,+0.32666,0.01065,+24.352,0,201.4,0.0
16.036511,3,1,0.231350,0.231350,0.2490,-0.01765,1,1,0.0260,1,1,+0.51587,+0.11014,0.06236,199.83,+0.51587,+0.51584,-0.00014,+0.11014,0.06236,1.0000,1,0,0,0,0.0000,+0.00000,+0.00000,0.0035,+0.000,+0.000,1.0000,0,1.0000,0,1,+5.000,+0.000,+5.000,-0.05000,+11.653,-0.00000,+0.00,+0.00000,1,+0.34985,+0.32666,0.01065,+24.455,0,201.4,0.0
16.041098,3,1,0.231350,0.231350,0.2490,-0.01765,1,1,0.0260,1,1,+0.51587,+0.11014,0.06236,199.83,+0.51587,+0.51584,-0.00013,+0.11014,0.06236,1.0000,1,0,0,0,0.0000,+0.00000,+0.00000,0.0035,+0.000,+0.000,1.0000,0,1.0000,0,1,+5.000,+0.000,+5.000,-0.05000,+11.653,-0.00000,+0.00,+0.00000,1,+0.34985,+0.32666,0.01065,+24.455,0,201.4,0.0
16.045606,3,1,0.231351,0.231351,0.2490,-0.01765,1,1,0.0260,1,1,+0.51587,+0.11014,0.06236,199.83,+0.51587,+0.51584,-0.00013,+0.11014,0.06236,1.0000,1,0,0,0,0.0000,+0.00000,+0.00000,0.0034,+0.000,+0.000,1.0000,0,1.0000,0,1,+5.000,+0.000,+5.000,-0.05000,+11.663,-0.00000,+0.00,+0.00000,1,+0.34985,+0.32666,0.01065,+24.565,0,201.4,0.0
16.054313,3,1,0.231352,0.231352,0.2490,-0.01765,1,1,0.0260,1,1,+0.51587,+0.11014,0.06236,199.83,+0.51587,+0.51585,-0.00012,+0.11014,0.06236,1.0000,1,0,0,0,0.0000,+0.00000,+0.00000,0.0034,+0.000,+0.000,1.0000,0,1.0000,0,1,+5.000,+0.000,+5.000,-0.05000,+11.674,-0.00000,+0.00,+0.00000,1,+0.34985,+0.32666,0.01065,+24.690,0,201.4,0.0
16.058667,3,1,0.231352,0.231352,0.2490,-0.01765,1,1,0.0260,1,1,+0.51587,+0.11014,0.06236,199.83,+0.51587,+0.51585,-0.00012,+0.11014,0.06236,1.0000,1,0,0,0,0.0000,+0.00000,+0.00000,0.0034,+0.000,+0.000,1.0000,0,1.0000,0,1,+5.000,+0.000,+5.000,-0.05000,+11.674,-0.00000,+0.00,+0.00000,1,+0.34985,+0.32666,0.01065,+24.690,0,201.4,0.0
16.063221,3,1,0.231353,0.231353,0.2490,-0.01765,1,1,0.0260,1,1,+0.51587,+0.11014,0.06236,199.83,+0.51587,+0.51585,-0.00012,+0.11014,0.06236,1.0000,1,0,0,0,0.0000,+0.00000,+0.00000,0.0033,+0.000,+0.000,1.0000,0,1.0000,0,1,+5.000,+0.000,+5.000,-0.05000,+11.682,-0.00000,+0.00,+0.00000,1,+0.34985,+0.32666,0.01065,+24.776,0,201.4,0.0
16.067828,3,1,0.231353,0.231353,0.2490,-0.01765,1,1,0.0260,1,1,+0.51587,+0.11014,0.06236,199.83,+0.51587,+0.51585,-0.00012,+0.11014,0.06236,1.0000,1,0,0,0,0.0000,+0.00000,+0.00000,0.0033,+0.000,+0.000,1.0000,0,1.0000,0,1,+5.000,+0.000,+5.000,-0.05000,+11.682,-0.00000,+0.00,+0.00000,1,+0.34985,+0.32666,0.01065,+24.776,0,201.4,0.0
16.072543,3,1,0.231354,0.231354,0.2490,-0.01765,1,1,0.0260,1,1,+0.51587,+0.11014,0.06236,199.83,+0.51587,+0.51585,-0.00012,+0.11014,0.06236,1.0000,1,0,0,0,0.0000,+0.00000,+0.00000,0.0033,+0.000,+0.000,1.0000,0,1.0000,0,1,+5.000,+0.000,+5.000,-0.05000,+11.691,-0.00000,+0.00,+0.00000,1,+0.34985,+0.32666,0.01065,+24.881,0,201.4,0.0
16.077221,3,1,0.231354,0.231354,0.2490,-0.01765,1,1,0.0260,1,1,+0.51587,+0.11014,0.06236,199.83,+0.51587,+0.51585,-0.00011,+0.11014,0.06236,1.0000,1,0,0,0,0.0000,+0.00000,+0.00000,0.0032,+0.000,+0.000,1.0000,0,1.0000,0,1,+5.000,+0.000,+5.000,-0.05000,+11.691,-0.00000,+0.00,+0.00000,1,+0.34985,+0.32666,0.01065,+24.881,0,201.4,0.0
16.082504,3,1,0.231355,0.231355,0.2490,-0.01765,1,1,0.0260,1,1,+0.51587,+0.11014,0.06236,199.83,+0.51587,+0.51585,-0.00011,+0.11014,0.06236,1.0000,1,0,0,0,0.0000,+0.00000,+0.00000,0.0032,+0.000,+0.000,1.0000,0,1.0000,0,1,+5.000,+0.000,+5.000,-0.05000,+11.702,-0.00000,+0.00,+0.00000,1,+0.34985,+0.32666,0.01065,+25.001,0,201.4,0.0
16.087941,3,1,0.231355,0.231355,0.2490,-0.01764,1,1,0.0260,1,1,+0.51587,+0.11014,0.06236,199.83,+0.51587,+0.51585,-0.00011,+0.11014,0.06236,1.0000,1,0,0,0,0.0000,+0.00000,+0.00000,0.0032,+0.000,+0.000,1.0000,0,1.0000,0,1,+5.000,+0.000,+5.000,-0.05000,+11.711,-0.00000,+0.00,+0.00000,1,+0.34985,+0.32666,0.01065,+25.099,0,201.4,0.0
16.092566,3,1,0.231356,0.231356,0.2490,-0.01764,1,1,0.0260,1,1,+0.51587,+0.11014,0.06236,199.83,+0.51587,+0.51585,-0.00011,+0.11014,0.06236,1.0000,1,0,0,0,0.0000,+0.00000,+0.00000,0.0031,+0.000,+0.000,1.0000,0,1.0000,0,1,+5.000,+0.000,+5.000,-0.05000,+11.711,-0.00000,+0.00,+0.00000,1,+0.34985,+0.32666,0.01065,+25.099,0,201.4,0.0
16.097606,3,1,0.231356,0.231356,0.2490,-0.01764,1,1,0.0260,1,1,+0.51587,+0.11014,0.06236,199.83,+0.51587,+0.51585,-0.00010,+0.11014,0.06236,1.0000,1,0,0,0,0.0000,+0.00000,+0.00000,0.0031,+0.000,+0.000,1.0000,0,1.0000,0,1,+5.000,+0.000,+5.000,-0.05000,+11.721,-0.00000,+0.00,+0.00000,1,+0.34985,+0.32666,0.01065,+25.198,0,201.4,0.0
16.102484,3,1,0.231357,0.231357,0.2490,-0.01764,1,1,0.0260,1,1,+0.51587,+0.11014,0.06236,199.83,+0.51587,+0.51585,-0.00010,+0.11014,0.06236,1.0000,1,0,0,0,0.0000,+0.00000,+0.00000,0.0031,+0.000,+0.000,1.0000,0,1.0000,0,1,+5.000,+0.000,+5.000,-0.05000,+11.730,-0.00000,+0.00,+0.00000,1,+0.34985,+0.32666,0.01065,+25.301,0,201.4,0.0
16.107067,3,1,0.231357,0.231357,0.2490,-0.01764,1,1,0.0260,1,1,+0.51587,+0.11014,0.06236,199.83,+0.51587,+0.51585,-0.00010,+0.11014,0.06236,1.0000,1,0,0,0,0.0000,+0.00000,+0.00000,0.0030,+0.000,+0.000,1.0000,0,1.0000,0,1,+5.000,+0.000,+5.000,-0.05000,+11.730,-0.00000,+0.00,+0.00000,1,+0.34985,+0.32666,0.01065,+25.301,0,201.4,0.0
16.111641,3,1,0.231357,0.231357,0.2490,-0.01764,1,1,0.0260,1,1,+0.51587,+0.11014,0.06236,199.83,+0.51587,+0.51585,-0.00010,+0.11014,0.06236,1.0000,1,0,0,0,0.0000,+0.00000,+0.00000,0.0030,+0.000,+0.000,1.0000,0,1.0000,0,1,+5.000,+0.000,+5.000,-0.05000,+11.742,-0.00000,+0.00,+0.00000,1,+0.34985,+0.32666,0.01065,+25.423,0,201.4,0.0
16.116189,3,1,0.231358,0.231358,0.2490,-0.01764,1,1,0.0260,1,1,+0.51587,+0.11014,0.06236,199.83,+0.51587,+0.51585,-0.00009,+0.11014,0.06236,1.0000,1,0,0,0,0.0000,+0.00000,+0.00000,0.0030,+0.000,+0.000,1.0000,0,1.0000,0,1,+5.000,+0.000,+5.000,-0.05000,+11.742,-0.00000,+0.00,+0.00000,1,+0.34985,+0.32666,0.01065,+25.423,0,201.4,0.0
16.121709,3,1,0.231358,0.231358,0.2490,-0.01764,1,1,0.0260,1,1,+0.51587,+0.11014,0.06236,199.83,+0.51587,+0.51585,-0.00009,+0.11014,0.06236,1.0000,1,0,0,0,0.0000,+0.00000,+0.00000,0.0030,+0.000,+0.000,1.0000,0,1.0000,0,1,+5.000,+0.000,+5.000,-0.05000,+11.742,-0.00000,+0.00,+0.00000,1,+0.34985,+0.32666,0.01065,+25.423,0,201.4,0.0
16.126167,3,1,0.231359,0.231359,0.2490,-0.01764,1,1,0.0260,1,1,+0.51587,+0.11014,0.06236,199.83,+0.51587,+0.51585,-0.00009,+0.11014,0.06236,1.0000,1,0,0,0,0.0000,+0.00000,+0.00000,0.0029,+0.000,+0.000,1.0000,0,1.0000,0,1,+5.000,+0.000,+5.000,-0.05000,+11.756,-0.00000,+0.00,+0.00000,1,+0.34985,+0.32666,0.01065,+25.567,0,201.4,0.0
16.130679,3,1,0.231359,0.231359,0.2490,-0.01764,1,1,0.0260,1,1,+0.51587,+0.11014,0.06236,199.83,+0.51587,+0.51585,-0.00009,+0.11014,0.06236,1.0000,1,0,0,0,0.0000,+0.00000,+0.00000,0.0029,+0.000,+0.000,1.0000,0,1.0000,0,1,+5.000,+0.000,+5.000,-0.05000,+11.762,-0.00000,+0.00,+0.00000,1,+0.34985,+0.32666,0.01065,+25.636,0,201.4,0.0
16.134919,3,1,0.231359,0.231359,0.2490,-0.01764,1,1,0.0260,1,1,+0.51587,+0.11014,0.06236,199.83,+0.51587,+0.51585,-0.00009,+0.11014,0.06236,1.0000,1,0,0,0,0.0000,+0.00000,+0.00000,0.0029,+0.000,+0.000,1.0000,0,1.0000,0,1,+5.000,+0.000,+5.000,-0.05000,+11.762,-0.00000,+0.00,+0.00000,1,+0.34985,+0.32666,0.01065,+25.636,0,201.4,0.0
16.139630,3,1,0.231360,0.231360,0.2490,-0.01764,1,1,0.0260,1,1,+0.51587,+0.11014,0.06236,199.83,+0.51587,+0.51585,-0.00009,+0.11014,0.06236,1.0000,1,0,0,0,0.0000,+0.00000,+0.00000,0.0029,+0.000,+0.000,1.0000,0,1.0000,0,1,+5.000,+0.000,+5.000,-0.05000,+11.773,-0.00000,+0.00,+0.00000,1,+0.34985,+0.32666,0.01065,+25.749,0,201.4,0.0
16.143992,3,1,0.231360,0.231360,0.2490,-0.01764,1,1,0.0260,1,1,+0.51587,+0.11014,0.06236,199.83,+0.51587,+0.51585,-0.00008,+0.11014,0.06236,1.0000,1,0,0,0,0.0000,+0.00000,+0.00000,0.0028,+0.000,+0.000,1.0000,0,1.0000,0,1,+5.000,+0.000,+5.000,-0.05000,+11.783,-0.00000,+0.00,+0.00000,1,+0.34985,+0.32666,0.01065,+25.854,0,201.4,0.0
16.148442,3,1,0.231360,0.231360,0.2490,-0.01764,1,1,0.0260,1,1,+0.51587,+0.11014,0.06236,199.83,+0.51587,+0.51585,-0.00008,+0.11014,0.06236,1.0000,1,0,0,0,0.0000,+0.00000,+0.00000,0.0028,+0.000,+0.000,1.0000,0,1.0000,0,1,+5.000,+0.000,+5.000,-0.05000,+11.783,-0.00000,+0.00,+0.00000,1,+0.34985,+0.32666,0.01065,+25.854,0,201.4,0.0
16.152879,3,1,0.231361,0.231361,0.2490,-0.01764,1,1,0.0260,1,1,+0.51587,+0.11014,0.06236,199.83,+0.51587,+0.51586,-0.00008,+0.11014,0.06236,1.0000,1,0,0,0,0.0000,+0.00000,+0.00000,0.0028,+0.000,+0.000,1.0000,0,1.0000,0,1,+5.000,+0.000,+5.000,-0.05000,+11.783,-0.00000,+0.00,+0.00000,1,+0.34985,+0.32666,0.01065,+25.854,0,201.4,0.0
16.157630,3,1,0.231361,0.231361,0.2490,-0.01764,1,1,0.0260,1,1,+0.51587,+0.11014,0.06236,199.83,+0.51587,+0.51586,-0.00008,+0.11014,0.06236,1.0000,1,0,0,0,0.0000,+0.00000,+0.00000,0.0028,+0.000,+0.000,1.0000,0,1.0000,0,1,+5.000,+0.000,+5.000,-0.05000,+11.795,-0.00000,+0.00,+0.00000,1,+0.34985,+0.32666,0.01065,+25.977,0,201.4,0.0
16.164221,3,1,0.231362,0.231362,0.2490,-0.01764,1,1,0.0260,1,1,+0.51587,+0.11014,0.06236,199.83,+0.51587,+0.51586,-0.00008,+0.11014,0.06236,1.0000,1,0,0,0,0.0000,+0.00000,+0.00000,0.0027,+0.000,+0.000,1.0000,0,1.0000,0,1,+5.000,+0.000,+5.000,-0.05000,+11.807,-0.00000,+0.00,+0.00000,1,+0.34985,+0.32666,0.01065,+26.098,0,201.4,0.0
16.168792,3,1,0.231362,0.231362,0.2490,-0.01764,1,1,0.0260,1,1,+0.51587,+0.11014,0.06236,199.83,+0.51587,+0.51586,-0.00007,+0.11014,0.06236,1.0000,1,0,0,0,0.0000,+0.00000,+0.00000,0.0027,+0.000,+0.000,1.0000,0,1.0000,0,1,+5.000,+0.000,+5.000,-0.05000,+11.807,-0.00000,+0.00,+0.00000,1,+0.34985,+0.32666,0.01065,+26.098,0,201.4,0.0
16.173567,3,1,0.231362,0.231362,0.2490,-0.01764,1,1,0.0260,1,1,+0.51587,+0.11014,0.06236,199.83,+0.51587,+0.51586,-0.00007,+0.11014,0.06236,1.0000,1,0,0,0,0.0000,+0.00000,+0.00000,0.0027,+0.000,+0.000,1.0000,0,1.0000,0,1,+5.000,+0.000,+5.000,-0.05000,+11.820,-0.00000,+0.00,+0.00000,1,+0.34985,+0.32666,0.01065,+26.232,0,201.4,0.0
16.177880,3,1,0.231363,0.231363,0.2490,-0.01764,1,1,0.0260,1,1,+0.51587,+0.11014,0.06236,199.83,+0.51587,+0.51586,-0.00007,+0.11014,0.06236,1.0000,1,0,0,0,0.0000,+0.00000,+0.00000,0.0026,+0.000,+0.000,1.0000,0,1.0000,0,1,+5.000,+0.000,+5.000,-0.05000,+11.820,-0.00000,+0.00,+0.00000,1,+0.34985,+0.32666,0.01065,+26.232,0,201.4,0.0
16.182360,3,1,0.231363,0.231363,0.2490,-0.01764,1,1,0.0260,1,1,+0.51587,+0.11014,0.06236,199.83,+0.51587,+0.51586,-0.00007,+0.11014,0.06236,1.0000,1,0,0,0,0.0000,+0.00000,+0.00000,0.0026,+0.000,+0.000,1.0000,0,1.0000,0,1,+5.000,+0.000,+5.000,-0.05000,+11.830,-0.00000,+0.00,+0.00000,1,+0.34985,+0.32666,0.01065,+26.334,0,201.4,0.0
16.187012,3,1,0.231363,0.231363,0.2490,-0.01764,1,1,0.0260,1,1,+0.51587,+0.11014,0.06236,199.83,+0.51587,+0.51586,-0.00007,+0.11014,0.06236,1.0000,1,0,0,0,0.0000,+0.00000,+0.00000,0.0026,+0.000,+0.000,1.0000,0,1.0000,0,1,+5.000,+0.000,+5.000,-0.05000,+11.830,-0.00000,+0.00,+0.00000,1,+0.34985,+0.32666,0.01065,+26.334,0,201.4,0.0
16.191618,3,1,0.231363,0.231363,0.2490,-0.01764,1,1,0.0260,1,1,+0.51587,+0.11014,0.06236,199.83,+0.51587,+0.51586,-0.00007,+0.11014,0.06236,1.0000,1,0,0,0,0.0000,+0.00000,+0.00000,0.0026,+0.000,+0.000,1.0000,0,1.0000,0,1,+5.000,+0.000,+5.000,-0.05000,+11.842,-0.00000,+0.00,+0.00000,1,+0.34985,+0.32666,0.01065,+26.453,0,201.4,0.0
16.196165,3,1,0.231364,0.231364,0.2490,-0.01764,1,1,0.0260,1,1,+0.51587,+0.11014,0.06236,199.83,+0.51587,+0.51586,-0.00007,+0.11014,0.06236,1.0000,1,0,0,0,0.0000,+0.00000,+0.00000,0.0025,+0.000,+0.000,1.0000,0,1.0000,0,1,+5.000,+0.000,+5.000,-0.05000,+11.842,-0.00000,+0.00,+0.00000,1,+0.34985,+0.32666,0.01065,+26.453,0,201.4,0.0
16.200336,3,1,0.231364,0.231364,0.2490,-0.01764,1,1,0.0260,1,1,+0.51587,+0.11014,0.06236,199.83,+0.51587,+0.51586,-0.00007,+0.11014,0.06236,1.0000,1,0,0,0,0.0000,+0.00000,+0.00000,0.0025,+0.000,+0.000,1.0000,0,1.0000,0,1,+5.000,+0.000,+5.000,-0.05000,+11.854,-0.00000,+0.00,+0.00000,1,+0.34985,+0.32666,0.01065,+26.578,0,201.4,0.0
16.204973,3,1,0.231364,0.231364,0.2490,-0.01764,1,1,0.0260,1,1,+0.51587,+0.11014,0.06236,199.83,+0.51587,+0.51586,-0.00006,+0.11014,0.06236,1.0000,1,0,0,0,0.0000,+0.00000,+0.00000,0.0025,+0.000,+0.000,1.0000,0,1.0000,0,1,+5.000,+0.000,+5.000,-0.05000,+11.854,-0.00000,+0.00,+0.00000,1,+0.34985,+0.32666,0.01065,+26.578,0,201.4,0.0
16.209414,3,1,0.231365,0.231365,0.2490,-0.01764,1,1,0.0260,1,1,+0.51587,+0.11014,0.06236,199.83,+0.51587,+0.51586,-0.00006,+0.11014,0.06236,1.0000,1,0,0,0,0.0000,+0.00000,+0.00000,0.0025,+0.000,+0.000,1.0000,0,1.0000,0,1,+5.000,+0.000,+5.000,-0.05000,+11.865,-0.00000,+0.00,+0.00000,1,+0.34985,+0.32666,0.01065,+26.680,0,201.4,0.0
16.214032,3,1,0.231365,0.231365,0.2490,-0.01764,1,1,0.0260,1,1,+0.51587,+0.11014,0.06236,199.83,+0.51587,+0.51586,-0.00006,+0.11014,0.06236,1.0000,1,0,0,0,0.0000,+0.00000,+0.00000,0.0025,+0.000,+0.000,1.0000,0,1.0000,0,1,+5.000,+0.000,+5.000,-0.05000,+11.865,-0.00000,+0.00,+0.00000,1,+0.34985,+0.32666,0.01065,+26.680,0,201.4,0.0
16.218751,3,1,0.231365,0.231365,0.2490,-0.01763,1,1,0.0260,1,1,+0.51587,+0.11014,0.06236,199.83,+0.51587,+0.51586,-0.00006,+0.11014,0.06236,1.0000,1,0,0,0,0.0000,+0.00000,+0.00000,0.0024,+0.000,+0.000,1.0000,0,1.0000,0,1,+5.000,+0.000,+5.000,-0.05000,+11.877,-0.00000,+0.00,+0.00000,1,+0.34985,+0.32666,0.01065,+26.802,0,201.4,0.0
16.224614,3,1,0.231365,0.231365,0.2490,-0.01763,1,1,0.0260,1,1,+0.51587,+0.11014,0.06236,199.83,+0.51587,+0.51586,-0.00006,+0.11014,0.06236,1.0000,1,0,0,0,0.0000,+0.00000,+0.00000,0.0024,+0.000,+0.000,1.0000,0,1.0000,0,1,+5.000,+0.000,+5.000,-0.05000,+11.877,-0.00000,+0.00,+0.00000,1,+0.34985,+0.32666,0.01065,+26.802,0,201.4,0.0
16.228865,3,1,0.231366,0.231366,0.2490,-0.01763,1,1,0.0260,1,1,+0.51587,+0.11014,0.06236,199.83,+0.51587,+0.51586,-0.00006,+0.11014,0.06236,1.0000,1,0,0,0,0.0000,+0.00000,+0.00000,0.0024,+0.000,+0.000,1.0000,0,1.0000,0,1,+5.000,+0.000,+5.000,-0.05000,+11.889,-0.00000,+0.00,+0.00000,1,+0.34985,+0.32666,0.01065,+26.920,0,201.4,0.0
16.233405,3,1,0.231366,0.231366,0.2490,-0.01763,1,1,0.0260,1,1,+0.51587,+0.11014,0.06236,199.83,+0.51587,+0.51586,-0.00006,+0.11014,0.06236,1.0000,1,0,0,0,0.0000,+0.00000,+0.00000,0.0024,+0.000,+0.000,1.0000,0,1.0000,0,1,+5.000,+0.000,+5.000,-0.05000,+11.889,-0.00000,+0.00,+0.00000,1,+0.34985,+0.32666,0.01065,+26.920,0,201.4,0.0
16.237969,3,1,0.231366,0.231366,0.2490,-0.01763,1,1,0.0260,1,1,+0.51587,+0.11014,0.06236,199.83,+0.51587,+0.51586,-0.00006,+0.11014,0.06236,1.0000,1,0,0,0,0.0000,+0.00000,+0.00000,0.0023,+0.000,+0.000,1.0000,0,1.0000,0,1,+5.000,+0.000,+5.000,-0.05000,+11.901,-0.00000,+0.00,+0.00000,1,+0.34985,+0.32666,0.01065,+27.036,0,201.4,0.0
16.242503,3,1,0.231366,0.231366,0.2490,-0.01763,1,1,0.0260,1,1,+0.51587,+0.11014,0.06236,199.83,+0.51587,+0.51586,-0.00005,+0.11014,0.06236,1.0000,1,0,0,0,0.0000,+0.00000,+0.00000,0.0023,+0.000,+0.000,1.0000,0,1.0000,0,1,+5.000,+0.000,+5.000,-0.05000,+11.901,-0.00000,+0.00,+0.00000,1,+0.34985,+0.32666,0.01065,+27.036,0,201.4,0.0
16.247395,3,1,0.231367,0.231367,0.2490,-0.01763,1,1,0.0260,1,1,+0.51587,+0.11014,0.06236,199.83,+0.51587,+0.51586,-0.00005,+0.11014,0.06236,1.0000,1,0,0,0,0.0000,+0.00000,+0.00000,0.0023,+0.000,+0.000,1.0000,0,1.0000,0,1,+5.000,+0.000,+5.000,-0.05000,+11.913,-0.00000,+0.00,+0.00000,1,+0.34985,+0.32666,0.01065,+27.154,0,201.4,0.0
16.251960,3,1,0.231367,0.231367,0.2490,-0.01763,1,1,0.0260,1,1,+0.51587,+0.11014,0.06236,199.83,+0.51587,+0.51586,-0.00005,+0.11014,0.06236,1.0000,1,0,0,0,0.0000,+0.00000,+0.00000,0.0023,+0.000,+0.000,1.0000,0,1.0000,0,1,+5.000,+0.000,+5.000,-0.05000,+11.913,-0.00000,+0.00,+0.00000,1,+0.34985,+0.32666,0.01065,+27.154,0,201.4,0.0
16.256698,3,1,0.231367,0.231367,0.2490,-0.01763,1,1,0.0260,1,1,+0.51587,+0.11014,0.06236,199.83,+0.51587,+0.51586,-0.00005,+0.11014,0.06236,1.0000,1,0,0,0,0.0000,+0.00000,+0.00000,0.0023,+0.000,+0.000,1.0000,0,1.0000,0,1,+5.000,+0.000,+5.000,-0.05000,+11.925,-0.00000,+0.00,+0.00000,1,+0.34985,+0.32666,0.01065,+27.269,0,201.4,0.0
16.261205,3,1,0.231367,0.231367,0.2490,-0.01763,1,1,0.0260,1,1,+0.51587,+0.11014,0.06236,199.83,+0.51587,+0.51586,-0.00005,+0.11014,0.06236,1.0000,1,0,0,0,0.0000,+0.00000,+0.00000,0.0022,+0.000,+0.000,1.0000,0,1.0000,0,1,+5.000,+0.000,+5.000,-0.05000,+11.925,-0.00000,+0.00,+0.00000,1,+0.34985,+0.32666,0.01065,+27.269,0,201.4,0.0
16.265874,3,1,0.231367,0.231367,0.2490,-0.01763,1,1,0.0260,1,1,+0.51587,+0.11014,0.06236,199.83,+0.51587,+0.51586,-0.00005,+0.11014,0.06236,1.0000,1,0,0,0,0.0000,+0.00000,+0.00000,0.0022,+0.000,+0.000,1.0000,0,1.0000,0,1,+5.000,+0.000,+5.000,-0.05000,+11.936,-0.00000,+0.00,+0.00000,1,+0.34985,+0.32666,0.01065,+27.372,0,201.4,0.0
16.270058,3,1,0.231368,0.231368,0.2490,-0.01763,1,1,0.0260,1,1,+0.51587,+0.11014,0.06236,199.83,+0.51587,+0.51586,-0.00005,+0.11014,0.06236,1.0000,1,0,0,0,0.0000,+0.00000,+0.00000,0.0022,+0.000,+0.000,1.0000,0,1.0000,0,1,+5.000,+0.000,+5.000,-0.05000,+11.936,-0.00000,+0.00,+0.00000,1,+0.34985,+0.32666,0.01065,+27.372,0,201.4,0.0
16.274630,3,1,0.231368,0.231368,0.2490,-0.01763,1,1,0.0260,1,1,+0.51587,+0.11014,0.06236,199.83,+0.51587,+0.51586,-0.00005,+0.11014,0.06236,1.0000,1,0,0,0,0.0000,+0.00000,+0.00000,0.0022,+0.000,+0.000,1.0000,0,1.0000,0,1,+5.000,+0.000,+5.000,-0.05000,+11.948,-0.00000,+0.00,+0.00000,1,+0.34985,+0.32666,0.01065,+27.490,0,201.4,0.0
16.279229,3,1,0.231368,0.231368,0.2490,-0.01763,1,1,0.0260,1,1,+0.51587,+0.11014,0.06236,199.83,+0.51587,+0.51586,-0.00005,+0.11014,0.06236,1.0000,1,0,0,0,0.0000,+0.00000,+0.00000,0.0022,+0.000,+0.000,1.0000,0,1.0000,0,1,+5.000,+0.000,+5.000,-0.05000,+11.959,-0.00000,+0.00,+0.00000,1,+0.34985,+0.32666,0.01065,+27.594,0,201.4,0.0
16.283825,3,1,0.231368,0.231368,0.2490,-0.01763,1,1,0.0260,1,1,+0.51587,+0.11014,0.06236,199.83,+0.51587,+0.51586,-0.00004,+0.11014,0.06236,1.0000,1,0,0,0,0.0000,+0.00000,+0.00000,0.0021,+0.000,+0.000,1.0000,0,1.0000,0,1,+5.000,+0.000,+5.000,-0.05000,+11.959,-0.00000,+0.00,+0.00000,1,+0.34985,+0.32666,0.01065,+27.594,0,201.4,0.0
16.288273,3,1,0.231368,0.231368,0.2490,-0.01763,1,1,0.0260,1,1,+0.51587,+0.11014,0.06236,199.83,+0.51587,+0.51586,-0.00004,+0.11014,0.06236,1.0000,1,0,0,0,0.0000,+0.00000,+0.00000,0.0021,+0.000,+0.000,1.0000,0,1.0000,0,1,+5.000,+0.000,+5.000,-0.05000,+11.968,-0.00000,+0.00,+0.00000,1,+0.34985,+0.32666,0.01065,+27.680,0,201.4,0.0
16.292655,3,1,0.231369,0.231369,0.2490,-0.01763,1,1,0.0260,1,1,+0.51587,+0.11014,0.06236,199.83,+0.51587,+0.51586,-0.00004,+0.11014,0.06236,1.0000,1,0,0,0,0.0000,+0.00000,+0.00000,0.0021,+0.000,+0.000,1.0000,0,1.0000,0,1,+5.000,+0.000,+5.000,-0.05000,+11.968,-0.00000,+0.00,+0.00000,1,+0.34985,+0.32666,0.01065,+27.680,0,201.4,0.0
16.297256,3,1,0.231369,0.231369,0.2490,-0.01763,1,1,0.0260,1,1,+0.51587,+0.11014,0.06236,199.83,+0.51587,+0.51586,-0.00004,+0.11014,0.06236,1.0000,1,0,0,0,0.0000,+0.00000,+0.00000,0.0021,+0.000,+0.000,1.0000,0,1.0000,0,1,+5.000,+0.000,+5.000,-0.05000,+11.983,-0.00000,+0.00,+0.00000,1,+0.34985,+0.32666,0.01065,+27.821,0,201.4,0.0
16.301913,3,1,0.231369,0.231369,0.2490,-0.01763,1,1,0.0260,1,1,+0.51587,+0.11014,0.06236,199.83,+0.51587,+0.51586,-0.00004,+0.11014,0.06236,1.0000,1,0,0,0,0.0000,+0.00000,+0.00000,0.0021,+0.000,+0.000,1.0000,0,1.0000,0,1,+5.000,+0.000,+5.000,-0.05000,+11.983,-0.00000,+0.00,+0.00000,1,+0.34985,+0.32666,0.01065,+27.821,0,201.4,0.0
16.306580,3,1,0.231369,0.231369,0.2490,-0.01763,1,1,0.0260,1,1,+0.51587,+0.11014,0.06236,199.83,+0.51587,+0.51586,-0.00004,+0.11014,0.06236,1.0000,1,0,0,0,0.0000,+0.00000,+0.00000,0.0020,+0.000,+0.000,1.0000,0,1.0000,0,1,+5.000,+0.000,+5.000,-0.05000,+11.996,-0.00000,+0.00,+0.00000,1,+0.34985,+0.32666,0.01065,+27.942,0,201.4,0.0
16.311235,3,1,0.231369,0.231369,0.2490,-0.01763,1,1,0.0260,1,1,+0.51587,+0.11014,0.06236,199.83,+0.51587,+0.51586,-0.00004,+0.11014,0.06236,1.0000,1,0,0,0,0.0000,+0.00000,+0.00000,0.0020,+0.000,+0.000,1.0000,0,1.0000,0,1,+5.000,+0.000,+5.000,-0.05000,+11.996,-0.00000,+0.00,+0.00000,1,+0.34985,+0.32666,0.01065,+27.942,0,201.4,0.0
16.315746,3,1,0.231369,0.231369,0.2490,-0.01763,1,1,0.0260,1,1,+0.51587,+0.11014,0.06236,199.83,+0.51587,+0.51586,-0.00004,+0.11014,0.06236,1.0000,1,0,0,0,0.0000,+0.00000,+0.00000,0.0020,+0.000,+0.000,1.0000,0,1.0000,0,1,+5.000,+0.000,+5.000,-0.05000,+12.005,-0.00000,+0.00,+0.00000,1,+0.34985,+0.32666,0.01065,+28.025,0,204.2,0.0
16.320295,3,1,0.231370,0.231370,0.2490,-0.01763,1,1,0.0260,1,1,+0.51587,+0.11014,0.06236,199.83,+0.51587,+0.51586,-0.00004,+0.11014,0.06236,1.0000,1,0,0,0,0.0000,+0.00000,+0.00000,0.0020,+0.000,+0.000,1.0000,0,1.0000,0,1,+5.000,+0.000,+5.000,-0.05000,+12.005,-0.00000,+0.00,+0.00000,1,+0.34985,+0.32666,0.01065,+28.025,0,204.2,0.0
16.324810,3,1,0.231370,0.231370,0.2490,-0.01763,1,1,0.0260,1,1,+0.51587,+0.11014,0.06236,199.83,+0.51587,+0.51586,-0.00004,+0.11014,0.06236,1.0000,1,0,0,0,0.0000,+0.00000,+0.00000,0.0020,+0.000,+0.000,1.0000,0,1.0000,0,1,+5.000,+0.000,+5.000,-0.05000,+12.022,-0.00000,+0.00,+0.00000,1,+0.34985,+0.32666,0.01065,+28.179,0,204.2,0.0
16.329768,3,1,0.231370,0.231370,0.2490,-0.01763,1,1,0.0260,1,1,+0.51587,+0.11014,0.06236,199.83,+0.51587,+0.51587,-0.00004,+0.11014,0.06236,1.0000,1,0,0,0,0.0000,+0.00000,+0.00000,0.0020,+0.000,+0.000,1.0000,0,1.0000,0,1,+5.000,+0.000,+5.000,-0.05000,+12.029,-0.00000,+0.00,+0.00000,1,+0.34985,+0.32666,0.01065,+28.247,0,204.2,0.0
16.334376,3,1,0.231370,0.231370,0.2490,-0.01763,1,1,0.0260,1,1,+0.51587,+0.11014,0.06236,199.83,+0.51587,+0.51587,-0.00004,+0.11014,0.06236,1.0000,1,0,0,0,0.0000,+0.00000,+0.00000,0.0019,+0.000,+0.000,1.0000,0,1.0000,0,1,+5.000,+0.000,+5.000,-0.05000,+12.029,-0.00000,+0.00,+0.00000,1,+0.34985,+0.32666,0.01065,+28.247,0,204.2,0.0
16.338868,3,1,0.231370,0.231370,0.2490,-0.01763,1,1,0.0260,1,1,+0.51587,+0.11014,0.06236,199.83,+0.51587,+0.51587,-0.00003,+0.11014,0.06236,1.0000,1,0,0,0,0.0000,+0.00000,+0.00000,0.0019,+0.000,+0.000,1.0000,0,1.0000,0,1,+5.000,+0.000,+5.000,-0.05000,+12.042,-0.00000,+0.00,+0.00000,1,+0.34985,+0.32666,0.01065,+28.365,0,204.2,0.0
16.343431,3,1,0.231370,0.231370,0.2490,-0.01763,1,1,0.0260,1,1,+0.51587,+0.11014,0.06236,199.83,+0.51587,+0.51587,-0.00003,+0.11014,0.06236,1.0000,1,0,0,0,0.0000,+0.00000,+0.00000,0.0019,+0.000,+0.000,1.0000,0,1.0000,0,1,+5.000,+0.000,+5.000,-0.05000,+12.042,-0.00000,+0.00,+0.00000,1,+0.34985,+0.32666,0.01065,+28.365,0,204.2,0.0
16.347978,3,1,0.231370,0.231370,0.2490,-0.01763,1,1,0.0260,1,1,+0.51587,+0.11014,0.06236,199.83,+0.51587,+0.51587,-0.00003,+0.11014,0.06236,1.0000,1,0,0,0,0.0000,+0.00000,+0.00000,0.0019,+0.000,+0.000,1.0000,0,1.0000,0,1,+5.000,+0.000,+5.000,-0.05000,+12.053,-0.00000,+0.00,+0.00000,1,+0.34985,+0.32666,0.01065,+28.461,0,204.2,0.0
16.352517,3,1,0.231371,0.231371,0.2490,-0.01763,1,1,0.0260,1,1,+0.51587,+0.11014,0.06236,199.83,+0.51587,+0.51587,-0.00003,+0.11014,0.06236,1.0000,1,0,0,0,0.0000,+0.00000,+0.00000,0.0019,+0.000,+0.000,1.0000,0,1.0000,0,1,+5.000,+0.000,+5.000,-0.05000,+12.053,-0.00000,+0.00,+0.00000,1,+0.34985,+0.32666,0.01065,+28.461,0,204.2,0.0
16.357049,3,1,0.231371,0.231371,0.2490,-0.01763,1,1,0.0260,1,1,+0.51587,+0.11014,0.06236,199.83,+0.51587,+0.51587,-0.00003,+0.11014,0.06236,1.0000,1,0,0,0,0.0000,+0.00000,+0.00000,0.0018,+0.000,+0.000,1.0000,0,1.0000,0,1,+5.000,+0.000,+5.000,-0.05000,+12.066,-0.00000,+0.00,+0.00000,1,+0.34985,+0.32666,0.01065,+28.578,0,204.2,0.0
16.361615,3,1,0.231371,0.231371,0.2490,-0.01763,1,1,0.0260,1,1,+0.51587,+0.11014,0.06236,199.83,+0.51587,+0.51587,-0.00003,+0.11014,0.06236,1.0000,1,0,0,0,0.0000,+0.00000,+0.00000,0.0018,+0.000,+0.000,1.0000,0,1.0000,0,1,+5.000,+0.000,+5.000,-0.05000,+12.066,-0.00000,+0.00,+0.00000,1,+0.34985,+0.32666,0.01065,+28.578,0,204.2,0.0
16.365961,3,1,0.231371,0.231371,0.2490,-0.01763,1,1,0.0260,1,1,+0.51587,+0.11014,0.06236,199.83,+0.51587,+0.51587,-0.00003,+0.11014,0.06236,1.0000,1,0,0,0,0.0000,+0.00000,+0.00000,0.0018,+0.000,+0.000,1.0000,0,1.0000,0,1,+5.000,+0.000,+5.000,-0.05000,+12.077,-0.00000,+0.00,+0.00000,1,+0.34985,+0.32666,0.01065,+28.681,0,204.2,0.0
16.370467,3,1,0.231371,0.231371,0.2490,-0.01763,1,1,0.0260,1,1,+0.51587,+0.11014,0.06236,199.83,+0.51587,+0.51587,-0.00003,+0.11014,0.06236,1.0000,1,0,0,0,0.0000,+0.00000,+0.00000,0.0018,+0.000,+0.000,1.0000,0,1.0000,0,1,+5.000,+0.000,+5.000,-0.05000,+12.077,-0.00000,+0.00,+0.00000,1,+0.34985,+0.32666,0.01065,+28.681,0,204.2,0.0
16.375709,3,1,0.231371,0.231371,0.2490,-0.01763,1,1,0.0260,1,1,+0.51587,+0.11014,0.06236,199.83,+0.51587,+0.51587,-0.00003,+0.11014,0.06236,1.0000,1,0,0,0,0.0000,+0.00000,+0.00000,0.0018,+0.000,+0.000,1.0000,0,1.0000,0,1,+5.000,+0.000,+5.000,-0.05000,+12.090,-0.00000,+0.00,+0.00000,1,+0.34985,+0.32666,0.01065,+28.797,0,204.2,0.0
16.380078,3,1,0.231371,0.231371,0.2490,-0.01763,1,1,0.0260,1,1,+0.51587,+0.11014,0.06236,199.83,+0.51587,+0.51587,-0.00003,+0.11014,0.06236,1.0000,1,0,0,0,0.0000,+0.00000,+0.00000,0.0018,+0.000,+0.000,1.0000,0,1.0000,0,1,+5.000,+0.000,+5.000,-0.05000,+12.090,-0.00000,+0.00,+0.00000,1,+0.34985,+0.32666,0.01065,+28.797,0,204.2,0.0
16.384612,3,1,0.231372,0.231372,0.2490,-0.01763,1,1,0.0260,1,1,+0.51587,+0.11014,0.06236,199.83,+0.51587,+0.51587,-0.00003,+0.11014,0.06236,1.0000,1,0,0,0,0.0000,+0.00000,+0.00000,0.0017,+0.000,+0.000,1.0000,0,1.0000,0,1,+5.000,+0.000,+5.000,-0.05000,+12.103,-0.00000,+0.00,+0.00000,1,+0.34985,+0.32666,0.01065,+28.910,0,204.2,0.0
16.389156,3,1,0.231372,0.231372,0.2490,-0.01763,1,1,0.0260,1,1,+0.51587,+0.11014,0.06236,199.83,+0.51587,+0.51587,-0.00003,+0.11014,0.06236,1.0000,1,0,0,0,0.0000,+0.00000,+0.00000,0.0017,+0.000,+0.000,1.0000,0,1.0000,0,1,+5.000,+0.000,+5.000,-0.05000,+12.114,-0.00000,+0.00,+0.00000,1,+0.34985,+0.32666,0.01065,+29.011,0,204.2,0.0
16.394039,3,1,0.231372,0.231372,0.2490,-0.01763,1,1,0.0260,1,1,+0.51587,+0.11014,0.06236,199.83,+0.51587,+0.51587,-0.00003,+0.11014,0.06236,1.0000,1,0,0,0,0.0000,+0.00000,+0.00000,0.0017,+0.000,+0.000,1.0000,0,1.0000,0,1,+5.000,+0.000,+5.000,-0.05000,+12.114,-0.00000,+0.00,+0.00000,1,+0.34985,+0.32666,0.01065,+29.011,0,204.2,0.0
16.399683,3,1,0.231372,0.231372,0.2490,-0.01763,1,1,0.0260,1,1,+0.51587,+0.11014,0.06236,199.83,+0.51587,+0.51587,-0.00003,+0.11014,0.06236,1.0000,1,0,0,0,0.0000,+0.00000,+0.00000,0.0017,+0.000,+0.000,1.0000,0,1.0000,0,1,+5.000,+0.000,+5.000,-0.05000,+12.130,-0.00000,+0.00,+0.00000,1,+0.34985,+0.32666,0.01065,+29.146,0,204.2,0.0
16.404505,3,1,0.231372,0.231372,0.2490,-0.01763,1,1,0.0260,1,1,+0.51587,+0.11014,0.06236,199.83,+0.51587,+0.51587,-0.00003,+0.11014,0.06236,1.0000,1,0,0,0,0.0000,+0.00000,+0.00000,0.0017,+0.000,+0.000,1.0000,0,1.0000,0,1,+5.000,+0.000,+5.000,-0.05000,+12.130,-0.00000,+0.00,+0.00000,1,+0.34985,+0.32666,0.01065,+29.146,0,204.2,0.0
16.409546,3,1,0.231372,0.231372,0.2490,-0.01763,1,1,0.0260,1,1,+0.51587,+0.11014,0.06236,199.83,+0.51587,+0.51587,-0.00003,+0.11014,0.06236,1.0000,1,0,0,0,0.0000,+0.00000,+0.00000,0.0017,+0.000,+0.000,1.0000,0,1.0000,0,1,+5.000,+0.000,+5.000,-0.05000,+12.130,-0.00000,+0.00,+0.00000,1,+0.34985,+0.32666,0.01065,+29.146,0,204.2,0.0
16.413813,3,1,0.231372,0.231372,0.2490,-0.01763,1,1,0.0260,1,1,+0.51587,+0.11014,0.06236,199.83,+0.51587,+0.51587,-0.00002,+0.11014,0.06236,1.0000,1,0,0,0,0.0000,+0.00000,+0.00000,0.0016,+0.000,+0.000,1.0000,0,1.0000,0,1,+5.000,+0.000,+5.000,-0.05000,+12.146,-0.00000,+0.00,+0.00000,1,+0.34985,+0.32666,0.01065,+29.283,0,204.2,0.0
16.418043,3,1,0.231372,0.231372,0.2490,-0.01763,1,1,0.0260,1,1,+0.51587,+0.11014,0.06236,199.83,+0.51587,+0.51587,-0.00002,+0.11014,0.06236,1.0000,1,0,0,0,0.0000,+0.00000,+0.00000,0.0016,+0.000,+0.000,1.0000,0,1.0000,0,1,+5.000,+0.000,+5.000,-0.05000,+12.146,-0.00000,+0.00,+0.00000,1,+0.34985,+0.32666,0.01065,+29.283,0,204.2,0.0
16.422667,3,1,0.231372,0.231372,0.2490,-0.01763,1,1,0.0260,1,1,+0.51587,+0.11014,0.06236,199.83,+0.51587,+0.51587,-0.00002,+0.11014,0.06236,1.0000,1,0,0,0,0.0000,+0.00000,+0.00000,0.0016,+0.000,+0.000,1.0000,0,1.0000,0,1,+5.000,+0.000,+5.000,-0.05000,+12.159,-0.00000,+0.00,+0.00000,1,+0.34985,+0.32666,0.01065,+29.402,0,204.2,0.0
16.427224,3,1,0.231373,0.231373,0.2490,-0.01763,1,1,0.0260,1,1,+0.51587,+0.11014,0.06236,199.83,+0.51587,+0.51587,-0.00002,+0.11014,0.06236,1.0000,1,0,0,0,0.0000,+0.00000,+0.00000,0.0016,+0.000,+0.000,1.0000,0,1.0000,0,1,+5.000,+0.000,+5.000,-0.05000,+12.159,-0.00000,+0.00,+0.00000,1,+0.34985,+0.32666,0.01065,+29.402,0,204.2,0.0
16.431421,3,1,0.231373,0.231373,0.2490,-0.01763,1,1,0.0260,1,1,+0.51587,+0.11014,0.06236,199.83,+0.51587,+0.51587,-0.00002,+0.11014,0.06236,1.0000,1,0,0,0,0.0000,+0.00000,+0.00000,0.0016,+0.000,+0.000,1.0000,0,1.0000,0,1,+5.000,+0.000,+5.000,-0.05000,+12.172,-0.00000,+0.00,+0.00000,1,+0.34985,+0.32666,0.01065,+29.514,0,204.2,0.0
16.435929,3,1,0.231373,0.231373,0.2490,-0.01763,1,1,0.0260,1,1,+0.51587,+0.11014,0.06236,199.83,+0.51587,+0.51587,-0.00002,+0.11014,0.06236,1.0000,1,0,0,0,0.0000,+0.00000,+0.00000,0.0016,+0.000,+0.000,1.0000,0,1.0000,0,1,+5.000,+0.000,+5.000,-0.05000,+12.184,-0.00000,+0.00,+0.00000,1,+0.34985,+0.32666,0.01065,+29.613,0,204.2,0.0
16.440523,3,1,0.231373,0.231373,0.2490,-0.01763,1,1,0.0260,1,1,+0.51587,+0.11014,0.06236,199.83,+0.51587,+0.51587,-0.00002,+0.11014,0.06236,1.0000,1,0,0,0,0.0000,+0.00000,+0.00000,0.0016,+0.000,+0.000,1.0000,0,1.0000,0,1,+5.000,+0.000,+5.000,-0.05000,+12.184,-0.00000,+0.00,+0.00000,1,+0.34985,+0.32666,0.01065,+29.613,0,204.2,0.0
16.445110,3,1,0.231373,0.231373,0.2490,-0.01763,1,1,0.0260,1,1,+0.51587,+0.11014,0.06236,199.83,+0.51587,+0.51587,-0.00002,+0.11014,0.06236,1.0000,1,0,0,0,0.0000,+0.00000,+0.00000,0.0015,+0.000,+0.000,1.0000,0,1.0000,0,1,+5.000,+0.000,+5.000,-0.05000,+12.184,-0.00000,+0.00,+0.00000,1,+0.34985,+0.32666,0.01065,+29.613,0,204.2,0.0
16.449683,3,1,0.231373,0.231373,0.2490,-0.01763,1,1,0.0260,1,1,+0.51587,+0.11014,0.06236,199.83,+0.51587,+0.51587,-0.00002,+0.11014,0.06236,1.0000,1,0,0,0,0.0000,+0.00000,+0.00000,0.0015,+0.000,+0.000,1.0000,0,1.0000,0,1,+5.000,+0.000,+5.000,-0.05000,+12.199,-0.00000,+0.00,+0.00000,1,+0.34985,+0.32666,0.01065,+29.745,0,204.2,0.0
16.454210,3,1,0.231373,0.231373,0.2490,-0.01763,1,1,0.0260,1,1,+0.51587,+0.11014,0.06236,199.83,+0.51587,+0.51587,-0.00002,+0.11014,0.06236,1.0000,1,0,0,0,0.0000,+0.00000,+0.00000,0.0015,+0.000,+0.000,1.0000,0,1.0000,0,1,+5.000,+0.000,+5.000,-0.05000,+12.212,-0.00000,+0.00,+0.00000,1,+0.34985,+0.32666,0.01065,+29.849,0,204.2,0.0
16.458792,3,1,0.231373,0.231373,0.2490,-0.01763,1,1,0.0260,1,1,+0.51587,+0.11014,0.06236,199.83,+0.51587,+0.51587,-0.00002,+0.11014,0.06236,1.0000,1,0,0,0,0.0000,+0.00000,+0.00000,0.0015,+0.000,+0.000,1.0000,0,1.0000,0,1,+5.000,+0.000,+5.000,-0.05000,+12.212,-0.00000,+0.00,+0.00000,1,+0.34985,+0.32666,0.01065,+29.849,0,204.2,0.0
16.465770,3,1,0.231373,0.231373,0.2490,-0.01763,1,1,0.0260,1,1,+0.51587,+0.11014,0.06236,199.83,+0.51587,+0.51587,-0.00002,+0.11014,0.06236,1.0000,1,0,0,0,0.0000,+0.00000,+0.00000,0.0015,+0.000,+0.000,1.0000,0,1.0000,0,1,+5.000,+0.000,+5.000,-0.05000,+12.229,-0.00000,+0.00,+0.00000,1,+0.34985,+0.32666,0.01065,+29.997,0,204.2,0.0
16.470844,3,1,0.231373,0.231373,0.2490,-0.01763,1,1,0.0260,1,1,+0.51587,+0.11014,0.06236,199.83,+0.51587,+0.51587,-0.00002,+0.11014,0.06236,1.0000,1,0,0,0,0.0000,+0.00000,+0.00000,0.0015,+0.000,+0.000,1.0000,0,1.0000,0,1,+5.000,+0.000,+5.000,-0.05000,+12.229,-0.00000,+0.00,+0.00000,1,+0.34985,+0.32666,0.01065,+29.997,0,204.2,0.0
16.475486,3,1,0.231374,0.231374,0.2490,-0.01763,1,1,0.0260,1,1,+0.51587,+0.11014,0.06236,199.83,+0.51587,+0.51587,-0.00002,+0.11014,0.06236,1.0000,1,0,0,0,0.0000,+0.00000,+0.00000,0.0015,+0.000,+0.000,1.0000,0,1.0000,0,1,+5.000,+0.000,+5.000,-0.05000,+12.239,-0.00000,+0.00,+0.00000,1,+0.34985,+0.32666,0.01065,+30.077,0,204.2,0.0
16.479988,3,1,0.231374,0.231374,0.2490,-0.01763,1,1,0.0260,1,1,+0.51587,+0.11014,0.06236,199.83,+0.51587,+0.51587,-0.00002,+0.11014,0.06236,1.0000,1,0,0,0,0.0000,+0.00000,+0.00000,0.0014,+0.000,+0.000,1.0000,0,1.0000,0,1,+5.000,+0.000,+5.000,-0.05000,+12.251,-0.00000,+0.00,+0.00000,1,+0.34985,+0.32666,0.01065,+30.182,0,204.2,0.0
16.484568,3,1,0.231374,0.231374,0.2490,-0.01763,1,1,0.0260,1,1,+0.51587,+0.11014,0.06236,199.83,+0.51587,+0.51587,-0.00002,+0.11014,0.06236,1.0000,1,0,0,0,0.0000,+0.00000,+0.00000,0.0014,+0.000,+0.000,1.0000,0,1.0000,0,1,+5.000,+0.000,+5.000,-0.05000,+12.251,-0.00000,+0.00,+0.00000,1,+0.34985,+0.32666,0.01065,+30.182,0,204.2,0.0
16.489444,3,1,0.231374,0.231374,0.2490,-0.01763,1,1,0.0260,1,1,+0.51587,+0.11014,0.06236,199.83,+0.51587,+0.51587,-0.00002,+0.11014,0.06236,1.0000,1,0,0,0,0.0000,+0.00000,+0.00000,0.0014,+0.000,+0.000,1.0000,0,1.0000,0,1,+5.000,+0.000,+5.000,-0.05000,+12.264,-0.00000,+0.00,+0.00000,1,+0.34985,+0.32666,0.01065,+30.284,0,204.2,0.0
16.494047,3,1,0.231374,0.231374,0.2490,-0.01763,1,1,0.0260,1,1,+0.51587,+0.11014,0.06236,199.83,+0.51587,+0.51587,-0.00002,+0.11014,0.06236,1.0000,1,0,0,0,0.0000,+0.00000,+0.00000,0.0014,+0.000,+0.000,1.0000,0,1.0000,0,1,+5.000,+0.000,+5.000,-0.05000,+12.264,-0.00000,+0.00,+0.00000,1,+0.34985,+0.32666,0.01065,+30.284,0,204.2,0.0
16.498580,3,1,0.231374,0.231374,0.2490,-0.01763,1,1,0.0260,1,1,+0.51587,+0.11014,0.06236,199.83,+0.51587,+0.51587,-0.00002,+0.11014,0.06236,1.0000,1,0,0,0,0.0000,+0.00000,+0.00000,0.0014,+0.000,+0.000,1.0000,0,1.0000,0,1,+5.000,+0.000,+5.000,-0.05000,+12.278,-0.00000,+0.00,+0.00000,1,+0.34985,+0.32666,0.01065,+30.401,0,204.2,0.0
16.503355,3,1,0.231374,0.231374,0.2490,-0.01763,1,1,0.0260,1,1,+0.51587,+0.11014,0.06236,199.83,+0.51587,+0.51587,-0.00002,+0.11014,0.06236,1.0000,1,0,0,0,0.0000,+0.00000,+0.00000,0.0014,+0.000,+0.000,1.0000,0,1.0000,0,1,+5.000,+0.000,+5.000,-0.05000,+12.278,-0.00000,+0.00,+0.00000,1,+0.34985,+0.32666,0.01065,+30.401,0,204.2,0.0
16.507630,3,1,0.231374,0.231374,0.2490,-0.01763,1,1,0.0260,1,1,+0.51587,+0.11014,0.06236,199.83,+0.51587,+0.51587,-0.00002,+0.11014,0.06236,1.0000,1,0,0,0,0.0000,+0.00000,+0.00000,0.0014,+0.000,+0.000,1.0000,0,1.0000,0,1,+5.000,+0.000,+5.000,-0.05000,+12.292,-0.00000,+0.00,+0.00000,1,+0.34985,+0.32666,0.01065,+30.519,0,204.2,0.0
16.511973,3,1,0.231374,0.231374,0.2490,-0.01763,1,1,0.0260,1,1,+0.51587,+0.11014,0.06236,199.83,+0.51587,+0.51587,-0.00002,+0.11014,0.06236,1.0000,1,0,0,0,0.0000,+0.00000,+0.00000,0.0014,+0.000,+0.000,1.0000,0,1.0000,0,1,+5.000,+0.000,+5.000,-0.05000,+12.292,-0.00000,+0.00,+0.00000,1,+0.34985,+0.32666,0.01065,+30.519,0,204.2,0.0
16.516485,3,1,0.231374,0.231374,0.2490,-0.01763,1,1,0.0260,1,1,+0.51587,+0.11014,0.06236,199.83,+0.51587,+0.51587,-0.00002,+0.11014,0.06236,1.0000,1,0,0,0,0.0000,+0.00000,+0.00000,0.0013,+0.000,+0.000,1.0000,0,1.0000,0,1,+5.000,+0.000,+5.000,-0.05000,+12.303,-0.00000,+0.00,+0.00000,1,+0.34985,+0.32666,0.01065,+30.606,0,204.2,0.0
16.521980,3,1,0.231374,0.231374,0.2490,-0.01763,1,1,0.0260,1,1,+0.51587,+0.11014,0.06236,199.83,+0.51587,+0.51587,-0.00002,+0.11014,0.06236,1.0000,1,0,0,0,0.0000,+0.00000,+0.00000,0.0013,+0.000,+0.000,1.0000,0,1.0000,0,1,+5.000,+0.000,+5.000,-0.05000,+12.303,-0.00000,+0.00,+0.00000,1,+0.34985,+0.32666,0.01065,+30.606,0,204.2,0.0
16.526674,3,1,0.231374,0.231374,0.2490,-0.01763,1,1,0.0260,1,1,+0.51587,+0.11014,0.06236,199.83,+0.51587,+0.51587,-0.00001,+0.11014,0.06236,1.0000,1,0,0,0,0.0000,+0.00000,+0.00000,0.0013,+0.000,+0.000,1.0000,0,1.0000,0,1,+5.000,+0.000,+5.000,-0.05000,+12.318,-0.00000,+0.00,+0.00000,1,+0.34985,+0.32666,0.01065,+30.731,0,204.2,0.0
16.530986,3,1,0.231374,0.231374,0.2490,-0.01763,1,1,0.0260,1,1,+0.51587,+0.11014,0.06236,199.83,+0.51587,+0.51587,-0.00001,+0.11014,0.06236,1.0000,1,0,0,0,0.0000,+0.00000,+0.00000,0.0013,+0.000,+0.000,1.0000,0,1.0000,0,1,+5.000,+0.000,+5.000,-0.05000,+12.318,-0.00000,+0.00,+0.00000,1,+0.34985,+0.32666,0.01065,+30.731,0,204.2,0.0
16.535533,3,1,0.231374,0.231374,0.2490,-0.01763,1,1,0.0260,1,1,+0.51587,+0.11014,0.06236,199.83,+0.51587,+0.51587,-0.00001,+0.11014,0.06236,1.0000,1,0,0,0,0.0000,+0.00000,+0.00000,0.0013,+0.000,+0.000,1.0000,0,1.0000,0,1,+5.000,+0.000,+5.000,-0.05000,+12.333,-0.00000,+0.00,+0.00000,1,+0.34985,+0.32666,0.01065,+30.850,0,204.2,0.0
16.540106,3,1,0.231375,0.231375,0.2490,-0.01763,1,1,0.0260,1,1,+0.51587,+0.11014,0.06236,199.83,+0.51587,+0.51587,-0.00001,+0.11014,0.06236,1.0000,1,0,0,0,0.0000,+0.00000,+0.00000,0.0013,+0.000,+0.000,1.0000,0,1.0000,0,1,+5.000,+0.000,+5.000,-0.05000,+12.346,-0.00000,+0.00,+0.00000,1,+0.34985,+0.32666,0.01065,+30.950,0,204.2,0.0
16.544630,3,1,0.231375,0.231375,0.2490,-0.01763,1,1,0.0260,1,1,+0.51587,+0.11014,0.06236,199.83,+0.51587,+0.51587,-0.00001,+0.11014,0.06236,1.0000,1,0,0,0,0.0000,+0.00000,+0.00000,0.0013,+0.000,+0.000,1.0000,0,1.0000,0,1,+5.000,+0.000,+5.000,-0.05000,+12.346,-0.00000,+0.00,+0.00000,1,+0.34985,+0.32666,0.01065,+30.950,0,204.2,0.0
16.549437,3,1,0.231375,0.231375,0.2490,-0.01763,1,1,0.0260,1,1,+0.51587,+0.11014,0.06236,199.83,+0.51587,+0.51587,-0.00001,+0.11014,0.06236,1.0000,1,0,0,0,0.0000,+0.00000,+0.00000,0.0013,+0.000,+0.000,1.0000,0,1.0000,0,1,+5.000,+0.000,+5.000,-0.05000,+12.359,-0.00000,+0.00,+0.00000,1,+0.34985,+0.32666,0.01065,+31.055,0,204.2,0.0
16.554918,3,1,0.231375,0.231375,0.2490,-0.01763,1,1,0.0260,1,1,+0.51587,+0.11014,0.06236,199.83,+0.51587,+0.51587,-0.00001,+0.11014,0.06236,1.0000,1,0,0,0,0.0000,+0.00000,+0.00000,0.0012,+0.000,+0.000,1.0000,0,1.0000,0,1,+5.000,+0.000,+5.000,-0.05000,+12.359,-0.00000,+0.00,+0.00000,1,+0.34985,+0.32666,0.01065,+31.055,0,204.2,0.0
16.559751,3,1,0.231375,0.231375,0.2490,-0.01763,1,1,0.0260,1,1,+0.51587,+0.11014,0.06236,199.83,+0.51587,+0.51587,-0.00001,+0.11014,0.06236,1.0000,1,0,0,0,0.0000,+0.00000,+0.00000,0.0012,+0.000,+0.000,1.0000,0,1.0000,0,1,+5.000,+0.000,+5.000,-0.05000,+12.374,-0.00000,+0.00,+0.00000,1,+0.34985,+0.32666,0.01065,+31.171,0,204.2,0.0
16.565258,3,1,0.231375,0.231375,0.2490,-0.01763,1,1,0.0260,1,1,+0.51587,+0.11014,0.06236,199.83,+0.51587,+0.51587,-0.00001,+0.11014,0.06236,1.0000,1,0,0,0,0.0000,+0.00000,+0.00000,0.0012,+0.000,+0.000,1.0000,0,1.0000,0,1,+5.000,+0.000,+5.000,-0.05000,+12.387,-0.00000,+0.00,+0.00000,1,+0.34985,+0.32666,0.01065,+31.278,0,204.2,0.0
16.569917,3,1,0.231375,0.231375,0.2490,-0.01763,1,1,0.0260,1,1,+0.51587,+0.11014,0.06236,199.83,+0.51587,+0.51587,-0.00001,+0.11014,0.06236,1.0000,1,0,0,0,0.0000,+0.00000,+0.00000,0.0012,+0.000,+0.000,1.0000,0,1.0000,0,1,+5.000,+0.000,+5.000,-0.05000,+12.387,-0.00000,+0.00,+0.00000,1,+0.34985,+0.32666,0.01065,+31.278,0,204.2,0.0
16.574326,3,1,0.231375,0.231375,0.2490,-0.01763,1,1,0.0260,1,1,+0.51587,+0.11014,0.06236,199.83,+0.51587,+0.51587,-0.00001,+0.11014,0.06236,1.0000,1,0,0,0,0.0000,+0.00000,+0.00000,0.0012,+0.000,+0.000,1.0000,0,1.0000,0,1,+5.000,+0.000,+5.000,-0.05000,+12.400,-0.00000,+0.00,+0.00000,1,+0.34985,+0.32666,0.01065,+31.383,0,204.2,0.0
16.586600,3,1,0.231375,0.231375,0.2490,-0.01762,1,1,0.0260,1,1,+0.51587,+0.11014,0.06236,199.83,+0.51587,+0.51587,-0.00001,+0.11014,0.06236,1.0000,1,0,0,0,0.0000,+0.00000,+0.00000,0.0012,+0.000,+0.000,1.0000,0,1.0000,0,1,+5.000,+0.000,+5.000,-0.05000,+12.422,-0.00000,+0.00,+0.00000,1,+0.34985,+0.32666,0.01065,+31.552,0,204.2,0.0
16.591501,3,1,0.231375,0.231375,0.2490,-0.01762,1,1,0.0260,1,1,+0.51587,+0.11014,0.06236,199.83,+0.51587,+0.51587,-0.00001,+0.11014,0.06236,1.0000,1,0,0,0,0.0000,+0.00000,+0.00000,0.0012,+0.000,+0.000,1.0000,0,1.0000,0,1,+5.000,+0.000,+5.000,-0.05000,+12.428,-0.00000,+0.00,+0.00000,1,+0.34985,+0.32666,0.01065,+31.599,0,204.2,0.0
16.596101,3,1,0.231375,0.231375,0.2490,-0.01762,1,1,0.0260,1,1,+0.51587,+0.11014,0.06236,199.83,+0.51587,+0.51587,-0.00001,+0.11014,0.06236,1.0000,1,0,0,0,0.0000,+0.00000,+0.00000,0.0011,+0.000,+0.000,1.0000,0,1.0000,0,1,+5.000,+0.000,+5.000,-0.05000,+12.428,-0.00000,+0.00,+0.00000,1,+0.34985,+0.32666,0.01065,+31.599,0,204.2,0.0
16.600633,3,1,0.231375,0.231375,0.2490,-0.01762,1,1,0.0260,1,1,+0.51587,+0.11014,0.06236,199.83,+0.51587,+0.51587,-0.00001,+0.11014,0.06236,1.0000,1,0,0,0,0.0000,+0.00000,+0.00000,0.0011,+0.000,+0.000,1.0000,0,1.0000,0,1,+5.000,+0.000,+5.000,-0.05000,+12.443,-0.00000,+0.00,+0.00000,1,+0.34985,+0.32666,0.01065,+31.717,0,204.2,0.0
16.605227,3,1,0.231375,0.231375,0.2490,-0.01762,1,1,0.0260,1,1,+0.51587,+0.11014,0.06236,199.83,+0.51587,+0.51587,-0.00001,+0.11014,0.06236,1.0000,1,0,0,0,0.0000,+0.00000,+0.00000,0.0011,+0.000,+0.000,1.0000,0,1.0000,0,1,+5.000,+0.000,+5.000,-0.05000,+12.443,-0.00000,+0.00,+0.00000,1,+0.34985,+0.32666,0.01065,+31.717,0,204.2,0.0
16.609791,3,1,0.231375,0.231375,0.2490,-0.01762,1,1,0.0260,1,1,+0.51587,+0.11014,0.06236,199.83,+0.51587,+0.51587,-0.00001,+0.11014,0.06236,1.0000,1,0,0,0,0.0000,+0.00000,+0.00000,0.0011,+0.000,+0.000,1.0000,0,1.0000,0,1,+5.000,+0.000,+5.000,-0.05000,+12.456,-0.00000,+0.00,+0.00000,1,+0.34985,+0.32666,0.01065,+31.813,0,204.2,0.0
16.614350,3,1,0.231375,0.231375,0.2490,-0.01762,1,1,0.0260,1,1,+0.51587,+0.11014,0.06236,199.83,+0.51587,+0.51587,-0.00001,+0.11014,0.06236,1.0000,1,0,0,0,0.0000,+0.00000,+0.00000,0.0011,+0.000,+0.000,1.0000,0,1.0000,0,1,+5.000,+0.000,+5.000,-0.05000,+12.456,-0.00000,+0.00,+0.00000,1,+0.34985,+0.32666,0.01065,+31.813,0,204.2,0.0
16.618701,3,1,0.231375,0.231375,0.2490,-0.01762,1,1,0.0260,1,1,+0.51587,+0.11014,0.06236,199.83,+0.51587,+0.51587,-0.00001,+0.11014,0.06236,1.0000,1,0,0,0,0.0000,+0.00000,+0.00000,0.0011,+0.000,+0.000,1.0000,0,1.0000,0,1,+5.000,+0.000,+5.000,-0.05000,+12.471,-0.00000,+0.00,+0.00000,1,+0.34985,+0.32666,0.01065,+31.931,0,204.2,0.0
16.624416,3,1,0.231375,0.231375,0.2490,-0.01762,1,1,0.0260,1,1,+0.51587,+0.11014,0.06236,199.83,+0.51587,+0.51587,-0.00001,+0.11014,0.06236,1.0000,1,0,0,0,0.0000,+0.00000,+0.00000,0.0011,+0.000,+0.000,1.0000,0,1.0000,0,1,+5.000,+0.000,+5.000,-0.05000,+12.484,-0.00000,+0.00,+0.00000,1,+0.34985,+0.32666,0.01065,+32.026,0,204.2,0.0
16.629056,3,1,0.231375,0.231375,0.2490,-0.01762,1,1,0.0260,1,1,+0.51587,+0.11014,0.06236,199.83,+0.51587,+0.51587,-0.00001,+0.11014,0.06236,1.0000,1,0,0,0,0.0000,+0.00000,+0.00000,0.0011,+0.000,+0.000,1.0000,0,1.0000,0,1,+5.000,+0.000,+5.000,-0.05000,+12.484,-0.00000,+0.00,+0.00000,1,+0.34985,+0.32666,0.01065,+32.026,0,204.2,0.0
16.634524,3,1,0.231376,0.231376,0.2490,-0.01762,1,1,0.0260,1,1,+0.51587,+0.11014,0.06236,199.83,+0.51587,+0.51587,-0.00001,+0.11014,0.06236,1.0000,1,0,0,0,0.0000,+0.00000,+0.00000,0.0011,+0.000,+0.000,1.0000,0,1.0000,0,1,+5.000,+0.000,+5.000,-0.05000,+12.503,-0.00000,+0.00,+0.00000,1,+0.34985,+0.32666,0.01065,+32.169,0,204.2,0.0
16.638953,3,1,0.231376,0.231376,0.2490,-0.01762,1,1,0.0260,1,1,+0.51587,+0.11014,0.06236,199.83,+0.51587,+0.51587,-0.00001,+0.11014,0.06236,1.0000,1,0,0,0,0.0000,+0.00000,+0.00000,0.0011,+0.000,+0.000,1.0000,0,1.0000,0,1,+5.000,+0.000,+5.000,-0.05000,+12.503,-0.00000,+0.00,+0.00000,1,+0.34985,+0.32666,0.01065,+32.169,0,204.2,0.0
16.643418,3,1,0.231376,0.231376,0.2490,-0.01762,1,1,0.0260,1,1,+0.51587,+0.11014,0.06236,199.83,+0.51587,+0.51587,-0.00001,+0.11014,0.06236,1.0000,1,0,0,0,0.0000,+0.00000,+0.00000,0.0010,+0.000,+0.000,1.0000,0,1.0000,0,1,+5.000,+0.000,+5.000,-0.05000,+12.517,-0.00000,+0.00,+0.00000,1,+0.34985,+0.32666,0.01065,+32.275,0,204.2,0.0
16.647930,3,1,0.231376,0.231376,0.2490,-0.01762,1,1,0.0260,1,1,+0.51587,+0.11014,0.06236,199.83,+0.51587,+0.51587,-0.00001,+0.11014,0.06236,1.0000,1,0,0,0,0.0000,+0.00000,+0.00000,0.0010,+0.000,+0.000,1.0000,0,1.0000,0,1,+5.000,+0.000,+5.000,-0.05000,+12.517,-0.00000,+0.00,+0.00000,1,+0.34985,+0.32666,0.01065,+32.275,0,204.2,0.0
16.652469,3,1,0.231376,0.231376,0.2490,-0.01762,1,1,0.0260,1,1,+0.51587,+0.11014,0.06236,199.83,+0.51587,+0.51587,-0.00001,+0.11014,0.06236,1.0000,1,0,0,0,0.0000,+0.00000,+0.00000,0.0010,+0.000,+0.000,1.0000,0,1.0000,0,1,+5.000,+0.000,+5.000,-0.05000,+12.533,-0.00000,+0.00,+0.00000,1,+0.34985,+0.32666,0.01065,+32.396,0,204.2,0.0
16.657326,3,1,0.231376,0.231376,0.2490,-0.01762,1,1,0.0260,1,1,+0.51587,+0.11014,0.06236,199.83,+0.51587,+0.51587,-0.00001,+0.11014,0.06236,1.0000,1,0,0,0,0.0000,+0.00000,+0.00000,0.0010,+0.000,+0.000,1.0000,0,1.0000,0,1,+5.000,+0.000,+5.000,-0.05000,+12.533,-0.00000,+0.00,+0.00000,1,+0.34985,+0.32666,0.01065,+32.396,0,204.2,0.0
16.662110,3,1,0.231376,0.231376,0.2490,-0.01762,1,1,0.0260,1,1,+0.51587,+0.11014,0.06236,199.83,+0.51587,+0.51587,-0.00001,+0.11014,0.06236,1.0000,1,0,0,0,0.0000,+0.00000,+0.00000,0.0010,+0.000,+0.000,1.0000,0,1.0000,0,1,+5.000,+0.000,+5.000,-0.05000,+12.546,-0.00000,+0.00,+0.00000,1,+0.34985,+0.32666,0.01065,+32.496,0,204.2,0.0
16.666615,3,1,0.231376,0.231376,0.2490,-0.01762,1,1,0.0260,1,1,+0.51587,+0.11014,0.06236,199.83,+0.51587,+0.51587,-0.00001,+0.11014,0.06236,1.0000,1,0,0,0,0.0000,+0.00000,+0.00000,0.0010,+0.000,+0.000,1.0000,0,1.0000,0,1,+5.000,+0.000,+5.000,-0.05000,+12.546,-0.00000,+0.00,+0.00000,1,+0.34985,+0.32666,0.01065,+32.496,0,204.2,0.0
16.671157,3,1,0.231376,0.231376,0.2490,-0.01762,1,1,0.0260,1,1,+0.51587,+0.11014,0.06236,199.83,+0.51587,+0.51587,-0.00001,+0.11014,0.06236,1.0000,1,0,0,0,0.0000,+0.00000,+0.00000,0.0010,+0.000,+0.000,1.0000,0,1.0000,0,1,+5.000,+0.000,+5.000,-0.05000,+12.560,-0.00000,+0.00,+0.00000,1,+0.34985,+0.32666,0.01065,+32.598,0,204.2,0.0
16.675693,3,1,0.231376,0.231376,0.2490,-0.01762,1,1,0.0260,1,1,+0.51587,+0.11014,0.06236,199.83,+0.51587,+0.51587,-0.00001,+0.11014,0.06236,1.0000,1,0,0,0,0.0000,+0.00000,+0.00000,0.0010,+0.000,+0.000,1.0000,0,1.0000,0,1,+5.000,+0.000,+5.000,-0.05000,+12.574,-0.00000,+0.00,+0.00000,1,+0.34985,+0.32666,0.01065,+32.699,0,204.2,0.0
16.680242,3,1,0.231376,0.231376,0.2490,-0.01762,1,1,0.0260,1,1,+0.51587,+0.11014,0.06236,199.83,+0.51587,+0.51587,-0.00001,+0.11014,0.06236,1.0000,1,0,0,0,0.0000,+0.00000,+0.00000,0.0010,+0.000,+0.000,1.0000,0,1.0000,0,1,+5.000,+0.000,+5.000,-0.05000,+12.574,-0.00000,+0.00,+0.00000,1,+0.34985,+0.32666,0.01065,+32.699,0,204.2,0.0
16.684783,3,1,0.231376,0.231376,0.2490,-0.01762,1,1,0.0260,1,1,+0.51587,+0.11014,0.06236,199.83,+0.51587,+0.51587,-0.00001,+0.11014,0.06236,1.0000,1,0,0,0,0.0000,+0.00000,+0.00000,0.0010,+0.000,+0.000,1.0000,0,1.0000,0,1,+5.000,+0.000,+5.000,-0.05000,+12.588,-0.00000,+0.00,+0.00000,1,+0.34985,+0.32666,0.01065,+32.801,0,204.2,0.0
16.699683,3,1,0.231376,0.231376,0.2490,-0.01762,1,1,0.0260,1,1,+0.51587,+0.11014,0.06236,199.83,+0.51587,+0.51587,-0.00001,+0.11014,0.06236,1.0000,1,0,0,0,0.0000,+0.00000,+0.00000,0.0009,+0.000,+0.000,1.0000,0,1.0000,0,1,+5.000,+0.000,+5.000,-0.05000,+12.588,-0.00000,+0.00,+0.00000,1,+0.34985,+0.32666,0.01065,+32.801,0,204.2,0.0
16.705523,3,1,0.231376,0.231376,0.2490,-0.01762,1,1,0.0260,1,1,+0.51587,+0.11014,0.06236,199.83,+0.51587,+0.51587,-0.00001,+0.11014,0.06236,1.0000,1,0,0,0,0.0000,+0.00000,+0.00000,0.0009,+0.000,+0.000,1.0000,0,1.0000,0,1,+5.000,+0.000,+5.000,-0.05000,+12.618,-0.00000,+0.00,+0.00000,1,+0.34985,+0.32666,0.01065,+33.022,0,204.2,0.0
16.710099,3,1,0.231376,0.231376,0.2490,-0.01762,1,1,0.0260,1,1,+0.51587,+0.11014,0.06236,199.83,+0.51587,+0.51587,-0.00001,+0.11014,0.06236,1.0000,1,0,0,0,0.0000,+0.00000,+0.00000,0.0009,+0.000,+0.000,1.0000,0,1.0000,0,1,+5.000,+0.000,+5.000,-0.05000,+12.634,-0.00000,+0.00,+0.00000,1,+0.34985,+0.32666,0.01065,+33.135,0,204.2,0.0
16.715187,3,1,0.231376,0.231376,0.2490,-0.01762,1,1,0.0260,1,1,+0.51587,+0.11014,0.06236,199.83,+0.51587,+0.51587,-0.00001,+0.11014,0.06236,1.0000,1,0,0,0,0.0000,+0.00000,+0.00000,0.0009,+0.000,+0.000,1.0000,0,1.0000,0,1,+5.000,+0.000,+5.000,-0.05000,+12.634,-0.00000,+0.00,+0.00000,1,+0.34985,+0.32666,0.01065,+33.135,0,204.2,0.0
16.719935,3,1,0.231376,0.231376,0.2490,-0.01762,1,1,0.0260,1,1,+0.51587,+0.11014,0.06236,199.83,+0.51587,+0.51587,-0.00001,+0.11014,0.06236,1.0000,1,0,0,0,0.0000,+0.00000,+0.00000,0.0009,+0.000,+0.000,1.0000,0,1.0000,0,1,+5.000,+0.000,+5.000,-0.05000,+12.651,-0.00000,+0.00,+0.00000,1,+0.34985,+0.32666,0.01065,+33.260,0,204.2,0.0
16.724501,3,1,0.231376,0.231376,0.2490,-0.01762,1,1,0.0260,1,1,+0.51587,+0.11014,0.06236,199.83,+0.51587,+0.51587,-0.00001,+0.11014,0.06236,1.0000,1,0,0,0,0.0000,+0.00000,+0.00000,0.0009,+0.000,+0.000,1.0000,0,1.0000,0,1,+5.000,+0.000,+5.000,-0.05000,+12.651,-0.00000,+0.00,+0.00000,1,+0.34985,+0.32666,0.01065,+33.260,0,204.2,0.0
16.729000,3,1,0.231376,0.231376,0.2490,-0.01762,1,1,0.0260,1,1,+0.51587,+0.11014,0.06236,199.83,+0.51587,+0.51587,-0.00001,+0.11014,0.06236,1.0000,1,0,0,0,0.0000,+0.00000,+0.00000,0.0009,+0.000,+0.000,1.0000,0,1.0000,0,1,+5.000,+0.000,+5.000,-0.05000,+12.663,-0.00000,+0.00,+0.00000,1,+0.34985,+0.32666,0.01065,+33.345,0,204.2,0.0
16.733685,3,1,0.231376,0.231376,0.2490,-0.01762,1,1,0.0260,1,1,+0.51587,+0.11014,0.06236,199.83,+0.51587,+0.51587,-0.00001,+0.11014,0.06236,1.0000,1,0,0,0,0.0000,+0.00000,+0.00000,0.0009,+0.000,+0.000,1.0000,0,1.0000,0,1,+5.000,+0.000,+5.000,-0.05000,+12.663,-0.00000,+0.00,+0.00000,1,+0.34985,+0.32666,0.01065,+33.345,0,204.2,0.0
16.738231,3,1,0.231376,0.231376,0.2490,-0.01762,1,1,0.0260,1,1,+0.51587,+0.11014,0.06236,199.83,+0.51587,+0.51587,-0.00001,+0.11014,0.06236,1.0000,1,0,0,0,0.0000,+0.00000,+0.00000,0.0009,+0.000,+0.000,1.0000,0,1.0000,0,1,+5.000,+0.000,+5.000,-0.05000,+12.680,-0.00000,+0.00,+0.00000,1,+0.34985,+0.32666,0.01065,+33.462,0,204.2,0.0
16.742843,3,1,0.231376,0.231376,0.2490,-0.01762,1,1,0.0260,1,1,+0.51587,+0.11014,0.06236,199.83,+0.51587,+0.51587,-0.00001,+0.11014,0.06236,1.0000,1,0,0,0,0.0000,+0.00000,+0.00000,0.0009,+0.000,+0.000,1.0000,0,1.0000,0,1,+5.000,+0.000,+5.000,-0.05000,+12.694,-0.00000,+0.00,+0.00000,1,+0.34985,+0.32666,0.01065,+33.561,0,204.2,0.0
16.747424,3,1,0.231376,0.231376,0.2490,-0.01762,1,1,0.0260,1,1,+0.51587,+0.11014,0.06236,199.83,+0.51587,+0.51587,-0.00001,+0.11014,0.06236,1.0000,1,0,0,0,0.0000,+0.00000,+0.00000,0.0008,+0.000,+0.000,1.0000,0,1.0000,0,1,+5.000,+0.000,+5.000,-0.05000,+12.694,-0.00000,+0.00,+0.00000,1,+0.34985,+0.32666,0.01065,+33.561,0,204.2,0.0
16.751927,3,1,0.231376,0.231376,0.2490,-0.01762,1,1,0.0260,1,1,+0.51587,+0.11014,0.06236,199.83,+0.51587,+0.51587,-0.00001,+0.11014,0.06236,1.0000,1,0,0,0,0.0000,+0.00000,+0.00000,0.0008,+0.000,+0.000,1.0000,0,1.0000,0,1,+5.000,+0.000,+5.000,-0.05000,+12.711,-0.00000,+0.00,+0.00000,1,+0.34985,+0.32666,0.01065,+33.680,0,204.2,0.0
16.756506,3,1,0.231376,0.231376,0.2490,-0.01762,1,1,0.0260,1,1,+0.51587,+0.11014,0.06236,199.83,+0.51587,+0.51587,-0.00001,+0.11014,0.06236,1.0000,1,0,0,0,0.0000,+0.00000,+0.00000,0.0008,+0.000,+0.000,1.0000,0,1.0000,0,1,+5.000,+0.000,+5.000,-0.05000,+12.711,-0.00000,+0.00,+0.00000,1,+0.34985,+0.32666,0.01065,+33.680,0,204.2,0.0
16.761216,3,1,0.231376,0.231376,0.2490,-0.01762,1,1,0.0260,1,1,+0.51587,+0.11014,0.06236,199.83,+0.51587,+0.51587,-0.00001,+0.11014,0.06236,1.0000,1,0,0,0,0.0000,+0.00000,+0.00000,0.0008,+0.000,+0.000,1.0000,0,1.0000,0,1,+5.000,+0.000,+5.000,-0.05000,+12.729,-0.00000,+0.00,+0.00000,1,+0.34985,+0.32666,0.01065,+33.804,0,204.2,0.0
16.765705,3,1,0.231376,0.231376,0.2490,-0.01762,1,1,0.0260,1,1,+0.51587,+0.11014,0.06236,199.83,+0.51587,+0.51587,-0.00001,+0.11014,0.06236,1.0000,1,0,0,0,0.0000,+0.00000,+0.00000,0.0008,+0.000,+0.000,1.0000,0,1.0000,0,1,+5.000,+0.000,+5.000,-0.05000,+12.729,-0.00000,+0.00,+0.00000,1,+0.34985,+0.32666,0.01065,+33.804,0,204.2,0.0
16.770450,3,1,0.231376,0.231376,0.2490,-0.01762,1,1,0.0260,1,1,+0.51587,+0.11014,0.06236,199.83,+0.51587,+0.51587,-0.00000,+0.11014,0.06236,1.0000,1,0,0,0,0.0000,+0.00000,+0.00000,0.0008,+0.000,+0.000,1.0000,0,1.0000,0,1,+5.000,+0.000,+5.000,-0.05000,+12.744,-0.00000,+0.00,+0.00000,1,+0.34985,+0.32666,0.01065,+33.909,0,204.2,0.0
16.774938,3,1,0.231376,0.231376,0.2490,-0.01762,1,1,0.0260,1,1,+0.51587,+0.11014,0.06236,199.83,+0.51587,+0.51587,-0.00000,+0.11014,0.06236,1.0000,1,0,0,0,0.0000,+0.00000,+0.00000,0.0008,+0.000,+0.000,1.0000,0,1.0000,0,1,+5.000,+0.000,+5.000,-0.05000,+12.744,-0.00000,+0.00,+0.00000,1,+0.34985,+0.32666,0.01065,+33.909,0,204.2,0.0
16.795161,3,1,0.231377,0.231377,0.2490,-0.01762,1,1,0.0260,1,1,+0.51587,+0.11014,0.06236,199.83,+0.51587,+0.51587,-0.00000,+0.11014,0.06236,1.0000,1,0,0,0,0.0000,+0.00000,+0.00000,0.0008,+0.000,+0.000,1.0000,0,1.0000,0,1,+5.000,+0.000,+5.000,-0.05000,+12.792,-0.00000,+0.00,+0.00000,1,+0.34985,+0.32666,0.01065,+34.239,0,204.2,0.0
16.800128,3,1,0.231377,0.231377,0.2490,-0.01762,1,1,0.0260,1,1,+0.51587,+0.11014,0.06236,199.83,+0.51587,+0.51587,-0.00000,+0.11014,0.06236,1.0000,1,0,0,0,0.0000,+0.00000,+0.00000,0.0008,+0.000,+0.000,1.0000,0,1.0000,0,1,+5.000,+0.000,+5.000,-0.05000,+12.792,-0.00000,+0.00,+0.00000,1,+0.34985,+0.32666,0.01065,+34.239,0,204.2,0.0
16.805342,3,1,0.231377,0.231377,0.2490,-0.01762,1,1,0.0260,1,1,+0.51587,+0.11014,0.06236,199.83,+0.51587,+0.51587,-0.00000,+0.11014,0.06236,1.0000,1,0,0,0,0.0000,+0.00000,+0.00000,0.0008,+0.000,+0.000,1.0000,0,1.0000,0,1,+5.000,+0.000,+5.000,-0.05000,+12.808,-0.00000,+0.00,+0.00000,1,+0.34985,+0.32666,0.01065,+34.351,0,204.2,0.0
16.809728,3,1,0.231377,0.231377,0.2490,-0.01762,1,1,0.0260,1,1,+0.51587,+0.11014,0.06236,199.83,+0.51587,+0.51587,-0.00000,+0.11014,0.06236,1.0000,1,0,0,0,0.0000,+0.00000,+0.00000,0.0007,+0.000,+0.000,1.0000,0,1.0000,0,1,+5.000,+0.000,+5.000,-0.05000,+12.808,-0.00000,+0.00,+0.00000,1,+0.34985,+0.32666,0.01065,+34.351,0,204.2,0.0
16.814360,3,1,0.231377,0.231377,0.2490,-0.01762,1,1,0.0260,1,1,+0.51587,+0.11014,0.06236,199.83,+0.51587,+0.51587,-0.00000,+0.11014,0.06236,1.0000,1,0,0,0,0.0000,+0.00000,+0.00000,0.0007,+0.000,+0.000,1.0000,0,1.0000,0,1,+5.000,+0.000,+5.000,-0.05000,+12.824,-0.00000,+0.00,+0.00000,1,+0.34985,+0.32666,0.01065,+34.457,0,204.2,0.0
16.818903,3,1,0.231377,0.231377,0.2490,-0.01762,1,1,0.0260,1,1,+0.51587,+0.11014,0.06236,199.83,+0.51587,+0.51587,-0.00000,+0.11014,0.06236,1.0000,1,0,0,0,0.0000,+0.00000,+0.00000,0.0007,+0.000,+0.000,1.0000,0,1.0000,0,1,+5.000,+0.000,+5.000,-0.05000,+12.824,-0.00000,+0.00,+0.00000,1,+0.34985,+0.32666,0.01065,+34.457,0,204.2,0.0
16.823539,3,1,0.231377,0.231377,0.2490,-0.01762,1,1,0.0260,1,1,+0.51587,+0.11014,0.06236,199.83,+0.51587,+0.51587,-0.00000,+0.11014,0.06236,1.0000,1,0,0,0,0.0000,+0.00000,+0.00000,0.0007,+0.000,+0.000,1.0000,0,1.0000,0,1,+5.000,+0.000,+5.000,-0.05000,+12.843,-0.00000,+0.00,+0.00000,1,+0.34985,+0.32666,0.01065,+34.586,0,204.2,0.0
16.827813,3,1,0.231377,0.231377,0.2490,-0.01762,1,1,0.0260,1,1,+0.51587,+0.11014,0.06236,199.83,+0.51587,+0.51587,-0.00000,+0.11014,0.06236,1.0000,1,0,0,0,0.0000,+0.00000,+0.00000,0.0007,+0.000,+0.000,1.0000,0,1.0000,0,1,+5.000,+0.000,+5.000,-0.05000,+12.843,-0.00000,+0.00,+0.00000,1,+0.34985,+0.32666,0.01065,+34.586,0,204.2,0.0
16.834000,3,1,0.231377,0.231377,0.2490,-0.01762,1,1,0.0260,1,1,+0.51587,+0.11014,0.06236,199.83,+0.51587,+0.51587,-0.00000,+0.11014,0.06236,1.0000,1,0,0,0,0.0000,+0.00000,+0.00000,0.0007,+0.000,+0.000,1.0000,0,1.0000,0,1,+5.000,+0.000,+5.000,-0.05000,+12.860,-0.00000,+0.00,+0.00000,1,+0.34985,+0.32666,0.01065,+34.697,0,204.2,0.0
16.838514,3,1,0.231377,0.231377,0.2490,-0.01762,1,1,0.0260,1,1,+0.51587,+0.11014,0.06236,199.83,+0.51587,+0.51587,-0.00000,+0.11014,0.06236,1.0000,1,0,0,0,0.0000,+0.00000,+0.00000,0.0007,+0.000,+0.000,1.0000,0,1.0000,0,1,+5.000,+0.000,+5.000,-0.05000,+12.860,-0.00000,+0.00,+0.00000,1,+0.34985,+0.32666,0.01065,+34.697,0,204.2,0.0
16.843150,3,1,0.231377,0.231377,0.2490,-0.01762,1,1,0.0260,1,1,+0.51587,+0.11014,0.06236,199.83,+0.51587,+0.51587,-0.00000,+0.11014,0.06236,1.0000,1,0,0,0,0.0000,+0.00000,+0.00000,0.0007,+0.000,+0.000,1.0000,0,1.0000,0,1,+5.000,+0.000,+5.000,-0.05000,+12.877,-0.00000,+0.00,+0.00000,1,+0.34985,+0.32666,0.01065,+34.814,0,204.2,0.0
16.848195,3,1,0.231377,0.231377,0.2490,-0.01762,1,1,0.0260,1,1,+0.51587,+0.11014,0.06236,199.83,+0.51587,+0.51587,-0.00000,+0.11014,0.06236,1.0000,1,0,0,0,0.0000,+0.00000,+0.00000,0.0007,+0.000,+0.000,1.0000,0,1.0000,0,1,+5.000,+0.000,+5.000,-0.05000,+12.892,-0.00000,+0.00,+0.00000,1,+0.34985,+0.32666,0.01065,+34.913,0,204.2,0.0
16.852754,3,1,0.231377,0.231377,0.2490,-0.01762,1,1,0.0260,1,1,+0.51587,+0.11014,0.06236,199.83,+0.51587,+0.51587,-0.00000,+0.11014,0.06236,1.0000,1,0,0,0,0.0000,+0.00000,+0.00000,0.0007,+0.000,+0.000,1.0000,0,1.0000,0,1,+5.000,+0.000,+5.000,-0.05000,+12.892,-0.00000,+0.00,+0.00000,1,+0.34985,+0.32666,0.01065,+34.913,0,204.2,0.0
16.857336,3,1,0.231377,0.231377,0.2490,-0.01762,1,1,0.0260,1,1,+0.51587,+0.11014,0.06236,199.83,+0.51587,+0.51587,-0.00000,+0.11014,0.06236,1.0000,1,0,0,0,0.0000,+0.00000,+0.00000,0.0007,+0.000,+0.000,1.0000,0,1.0000,0,1,+5.000,+0.000,+5.000,-0.05000,+12.908,-0.00000,+0.00,+0.00000,1,+0.34985,+0.32666,0.01065,+35.017,0,204.2,0.0
16.864181,3,1,0.231377,0.231377,0.2490,-0.01762,1,1,0.0260,1,1,+0.51587,+0.11014,0.06236,199.83,+0.51587,+0.51587,-0.00000,+0.11014,0.06236,1.0000,1,0,0,0,0.0000,+0.00000,+0.00000,0.0007,+0.000,+0.000,1.0000,0,1.0000,0,1,+5.000,+0.000,+5.000,-0.05000,+12.908,-0.00000,+0.00,+0.00000,1,+0.34985,+0.32666,0.01065,+35.017,0,204.2,0.0
16.868755,3,1,0.231377,0.231377,0.2490,-0.01762,1,1,0.0260,1,1,+0.51587,+0.11014,0.06236,199.83,+0.51587,+0.51587,-0.00000,+0.11014,0.06236,1.0000,1,0,0,0,0.0000,+0.00000,+0.00000,0.0007,+0.000,+0.000,1.0000,0,1.0000,0,1,+5.000,+0.000,+5.000,-0.05000,+12.927,-0.00000,+0.00,+0.00000,1,+0.34985,+0.32666,0.01065,+35.140,0,204.2,0.0
16.873272,3,1,0.231377,0.231377,0.2490,-0.01762,1,1,0.0260,1,1,+0.51587,+0.11014,0.06236,199.83,+0.51587,+0.51587,-0.00000,+0.11014,0.06236,1.0000,1,0,0,0,0.0000,+0.00000,+0.00000,0.0007,+0.000,+0.000,1.0000,0,1.0000,0,1,+5.000,+0.000,+5.000,-0.05000,+12.927,-0.00000,+0.00,+0.00000,1,+0.34985,+0.32666,0.01065,+35.140,0,204.2,0.0
16.877837,3,1,0.231377,0.231377,0.2490,-0.01762,1,1,0.0260,1,1,+0.51587,+0.11014,0.06236,199.83,+0.51587,+0.51587,-0.00000,+0.11014,0.06236,1.0000,1,0,0,0,0.0000,+0.00000,+0.00000,0.0007,+0.000,+0.000,1.0000,0,1.0000,0,1,+5.000,+0.000,+5.000,-0.05000,+12.945,-0.00000,+0.00,+0.00000,1,+0.34985,+0.32666,0.01065,+35.261,0,204.2,0.0
16.882359,3,1,0.231377,0.231377,0.2490,-0.01762,1,1,0.0260,1,1,+0.51587,+0.11014,0.06236,199.83,+0.51587,+0.51587,-0.00000,+0.11014,0.06236,1.0000,1,0,0,0,0.0000,+0.00000,+0.00000,0.0006,+0.000,+0.000,1.0000,0,1.0000,0,1,+5.000,+0.000,+5.000,-0.05000,+12.960,-0.00000,+0.00,+0.00000,1,+0.34985,+0.32666,0.01065,+35.359,0,204.2,0.0
16.886916,3,1,0.231377,0.231377,0.2490,-0.01762,1,1,0.0260,1,1,+0.51587,+0.11014,0.06236,199.83,+0.51587,+0.51587,-0.00000,+0.11014,0.06236,1.0000,1,0,0,0,0.0000,+0.00000,+0.00000,0.0006,+0.000,+0.000,1.0000,0,1.0000,0,1,+5.000,+0.000,+5.000,-0.05000,+12.960,-0.00000,+0.00,+0.00000,1,+0.34985,+0.32666,0.01065,+35.359,0,204.2,0.0
16.891426,3,1,0.231377,0.231377,0.2490,-0.01762,1,1,0.0260,1,1,+0.51587,+0.11014,0.06236,199.83,+0.51587,+0.51587,-0.00000,+0.11014,0.06236,1.0000,1,0,0,0,0.0000,+0.00000,+0.00000,0.0006,+0.000,+0.000,1.0000,0,1.0000,0,1,+5.000,+0.000,+5.000,-0.05000,+12.979,-0.00000,+0.00,+0.00000,1,+0.34985,+0.32666,0.01065,+35.476,0,204.2,0.0
16.898107,3,1,0.231377,0.231377,0.2490,-0.01762,1,1,0.0260,1,1,+0.51587,+0.11014,0.06236,199.83,+0.51587,+0.51587,-0.00000,+0.11014,0.06236,1.0000,1,0,0,0,0.0000,+0.00000,+0.00000,0.0006,+0.000,+0.000,1.0000,0,1.0000,0,1,+5.000,+0.000,+5.000,-0.05000,+12.993,-0.00000,+0.00,+0.00000,1,+0.34985,+0.32666,0.01065,+35.570,0,204.2,0.0
16.902527,3,1,0.231377,0.231377,0.2490,-0.01762,1,1,0.0260,1,1,+0.51587,+0.11014,0.06236,199.83,+0.51587,+0.51587,-0.00000,+0.11014,0.06236,1.0000,1,0,0,0,0.0000,+0.00000,+0.00000,0.0006,+0.000,+0.000,1.0000,0,1.0000,0,1,+5.000,+0.000,+5.000,-0.05000,+12.993,-0.00000,+0.00,+0.00000,1,+0.34985,+0.32666,0.01065,+35.570,0,204.2,0.0
16.907082,3,1,0.231377,0.231377,0.2490,-0.01762,1,1,0.0260,1,1,+0.51587,+0.11014,0.06236,199.83,+0.51587,+0.51587,-0.00000,+0.11014,0.06236,1.0000,1,0,0,0,0.0000,+0.00000,+0.00000,0.0006,+0.000,+0.000,1.0000,0,1.0000,0,1,+5.000,+0.000,+5.000,-0.05000,+13.010,-0.00000,+0.00,+0.00000,1,+0.34985,+0.32666,0.01065,+35.677,0,204.2,0.0
16.911462,3,1,0.231377,0.231377,0.2490,-0.01762,1,1,0.0260,1,1,+0.51587,+0.11014,0.06236,199.83,+0.51587,+0.51587,-0.00000,+0.11014,0.06236,1.0000,1,0,0,0,0.0000,+0.00000,+0.00000,0.0006,+0.000,+0.000,1.0000,0,1.0000,0,1,+5.000,+0.000,+5.000,-0.05000,+13.010,-0.00000,+0.00,+0.00000,1,+0.34985,+0.32666,0.01065,+35.677,0,204.2,0.0
16.916008,3,1,0.231377,0.231377,0.2490,-0.01762,1,1,0.0260,1,1,+0.51587,+0.11014,0.06236,199.83,+0.51587,+0.51587,-0.00000,+0.11014,0.06236,1.0000,1,0,0,0,0.0000,+0.00000,+0.00000,0.0006,+0.000,+0.000,1.0000,0,1.0000,0,1,+5.000,+0.000,+5.000,-0.05000,+13.026,-0.00000,+0.00,+0.00000,1,+0.34985,+0.32666,0.01065,+35.780,0,204.2,0.0
16.920468,3,1,0.231377,0.231377,0.2490,-0.01762,1,1,0.0260,1,1,+0.51587,+0.11014,0.06236,199.83,+0.51587,+0.51587,-0.00000,+0.11014,0.06236,1.0000,1,0,0,0,0.0000,+0.00000,+0.00000,0.0006,+0.000,+0.000,1.0000,0,1.0000,0,1,+5.000,+0.000,+5.000,-0.05000,+13.026,-0.00000,+0.00,+0.00000,1,+0.34985,+0.32666,0.01065,+35.780,0,204.2,0.0
16.924774,3,1,0.231377,0.231377,0.2490,-0.01762,1,1,0.0260,1,1,+0.51587,+0.11014,0.06236,199.83,+0.51587,+0.51587,-0.00000,+0.11014,0.06236,1.0000,1,0,0,0,0.0000,+0.00000,+0.00000,0.0006,+0.000,+0.000,1.0000,0,1.0000,0,1,+5.000,+0.000,+5.000,-0.05000,+13.044,-0.00000,+0.00,+0.00000,1,+0.34985,+0.32666,0.01065,+35.893,0,204.2,0.0
16.929408,3,1,0.231377,0.231377,0.2490,-0.01762,1,1,0.0260,1,1,+0.51587,+0.11014,0.06236,199.83,+0.51587,+0.51587,-0.00000,+0.11014,0.06236,1.0000,1,0,0,0,0.0000,+0.00000,+0.00000,0.0006,+0.000,+0.000,1.0000,0,1.0000,0,1,+5.000,+0.000,+5.000,-0.05000,+13.044,-0.00000,+0.00,+0.00000,1,+0.34985,+0.32666,0.01065,+35.893,0,204.2,0.0
16.934021,3,1,0.231377,0.231377,0.2490,-0.01762,1,1,0.0260,1,1,+0.51587,+0.11014,0.06236,199.83,+0.51587,+0.51587,-0.00000,+0.11014,0.06236,1.0000,1,0,0,0,0.0000,+0.00000,+0.00000,0.0006,+0.000,+0.000,1.0000,0,1.0000,0,1,+5.000,+0.000,+5.000,-0.05000,+13.066,-0.00000,+0.00,+0.00000,1,+0.34985,+0.32666,0.01065,+36.030,0,204.2,0.0
16.938413,3,1,0.231377,0.231377,0.2490,-0.01762,1,1,0.0260,1,1,+0.51587,+0.11014,0.06236,199.83,+0.51587,+0.51587,-0.00000,+0.11014,0.06236,1.0000,1,0,0,0,0.0000,+0.00000,+0.00000,0.0006,+0.000,+0.000,1.0000,0,1.0000,0,1,+5.000,+0.000,+5.000,-0.05000,+13.066,-0.00000,+0.00,+0.00000,1,+0.34985,+0.32666,0.01065,+36.030,0,204.2,0.0
16.943056,3,1,0.231377,0.231377,0.2490,-0.01762,1,1,0.0260,1,1,+0.51587,+0.11014,0.06236,199.83,+0.51587,+0.51587,-0.00000,+0.11014,0.06236,1.0000,1,0,0,0,0.0000,+0.00000,+0.00000,0.0006,+0.000,+0.000,1.0000,0,1.0000,0,1,+5.000,+0.000,+5.000,-0.05000,+13.081,-0.00000,+0.00,+0.00000,1,+0.34985,+0.32666,0.01065,+36.120,0,204.2,0.0
16.947659,3,1,0.231377,0.231377,0.2490,-0.01762,1,1,0.0260,1,1,+0.51587,+0.11014,0.06236,199.83,+0.51587,+0.51587,-0.00000,+0.11014,0.06236,1.0000,1,0,0,0,0.0000,+0.00000,+0.00000,0.0006,+0.000,+0.000,1.0000,0,1.0000,0,1,+5.000,+0.000,+5.000,-0.05000,+13.081,-0.00000,+0.00,+0.00000,1,+0.34985,+0.32666,0.01065,+36.120,0,204.2,0.0
16.952257,3,1,0.231377,0.231377,0.2490,-0.01762,1,1,0.0260,1,1,+0.51587,+0.11014,0.06236,199.83,+0.51587,+0.51587,-0.00000,+0.11014,0.06236,1.0000,1,0,0,0,0.0000,+0.00000,+0.00000,0.0006,+0.000,+0.000,1.0000,0,1.0000,0,1,+5.000,+0.000,+5.000,-0.05000,+13.101,-0.00000,+0.00,+0.00000,1,+0.34985,+0.32666,0.01065,+36.247,0,204.2,0.0
16.956570,3,1,0.231377,0.231377,0.2490,-0.01762,1,1,0.0260,1,1,+0.51587,+0.11014,0.06236,199.83,+0.51587,+0.51587,-0.00000,+0.11014,0.06236,1.0000,1,0,0,0,0.0000,+0.00000,+0.00000,0.0006,+0.000,+0.000,1.0000,0,1.0000,0,1,+5.000,+0.000,+5.000,-0.05000,+13.101,-0.00000,+0.00,+0.00000,1,+0.34985,+0.32666,0.01065,+36.247,0,204.2,0.0
16.961088,3,1,0.231377,0.231377,0.2490,-0.01762,1,1,0.0260,1,1,+0.51587,+0.11014,0.06236,199.83,+0.51587,+0.51587,-0.00000,+0.11014,0.06236,1.0000,1,0,0,0,0.0000,+0.00000,+0.00000,0.0006,+0.000,+0.000,1.0000,0,1.0000,0,1,+5.000,+0.000,+5.000,-0.05000,+13.119,-0.00000,+0.00,+0.00000,1,+0.34985,+0.32666,0.01065,+36.360,0,204.2,0.0
16.965605,3,1,0.231377,0.231377,0.2490,-0.01762,1,1,0.0260,1,1,+0.51587,+0.11014,0.06236,199.83,+0.51587,+0.51587,-0.00000,+0.11014,0.06236,1.0000,1,0,0,0,0.0000,+0.00000,+0.00000,0.0005,+0.000,+0.000,1.0000,0,1.0000,0,1,+5.000,+0.000,+5.000,-0.05000,+13.119,-0.00000,+0.00,+0.00000,1,+0.34985,+0.32666,0.01065,+36.360,0,204.2,0.0
16.970203,3,1,0.231377,0.231377,0.2490,-0.01762,1,1,0.0260,1,1,+0.51587,+0.11014,0.06236,199.83,+0.51587,+0.51587,-0.00000,+0.11014,0.06236,1.0000,1,0,0,0,0.0000,+0.00000,+0.00000,0.0005,+0.000,+0.000,1.0000,0,1.0000,0,1,+5.000,+0.000,+5.000,-0.05000,+13.135,-0.00000,+0.00,+0.00000,1,+0.34985,+0.32666,0.01065,+36.458,0,204.2,0.0
16.974963,3,1,0.231377,0.231377,0.2490,-0.01762,1,1,0.0260,1,1,+0.51587,+0.11014,0.06236,199.83,+0.51587,+0.51587,-0.00000,+0.11014,0.06236,1.0000,1,0,0,0,0.0000,+0.00000,+0.00000,0.0005,+0.000,+0.000,1.0000,0,1.0000,0,1,+5.000,+0.000,+5.000,-0.05000,+13.135,-0.00000,+0.00,+0.00000,1,+0.34985,+0.32666,0.01065,+36.458,0,204.2,0.0
16.979544,3,1,0.231377,0.231377,0.2490,-0.01762,1,1,0.0260,1,1,+0.51587,+0.11014,0.06236,199.83,+0.51587,+0.51587,-0.00000,+0.11014,0.06236,1.0000,1,0,0,0,0.0000,+0.00000,+0.00000,0.0005,+0.000,+0.000,1.0000,0,1.0000,0,1,+5.000,+0.000,+5.000,-0.05000,+13.155,-0.00000,+0.00,+0.00000,1,+0.34985,+0.32666,0.01065,+36.578,0,204.2,0.0
16.984920,3,1,0.231377,0.231377,0.2490,-0.01762,1,1,0.0260,1,1,+0.51587,+0.11014,0.06236,199.83,+0.51587,+0.51587,-0.00000,+0.11014,0.06236,1.0000,1,0,0,0,0.0000,+0.00000,+0.00000,0.0005,+0.000,+0.000,1.0000,0,1.0000,0,1,+5.000,+0.000,+5.000,-0.05000,+13.172,-0.00000,+0.00,+0.00000,1,+0.34985,+0.32666,0.01065,+36.683,0,204.2,0.0
16.989595,3,1,0.231377,0.231377,0.2490,-0.01762,1,1,0.0260,1,1,+0.51587,+0.11014,0.06236,199.83,+0.51587,+0.51587,-0.00000,+0.11014,0.06236,1.0000,1,0,0,0,0.0000,+0.00000,+0.00000,0.0005,+0.000,+0.000,1.0000,0,1.0000,0,1,+5.000,+0.000,+5.000,-0.05000,+13.172,-0.00000,+0.00,+0.00000,1,+0.34985,+0.32666,0.01065,+36.683,0,204.2,0.0
16.994094,3,1,0.231377,0.231377,0.2490,-0.01762,1,1,0.0260,1,1,+0.51587,+0.11014,0.06236,199.83,+0.51587,+0.51587,-0.00000,+0.11014,0.06236,1.0000,1,0,0,0,0.0000,+0.00000,+0.00000,0.0005,+0.000,+0.000,1.0000,0,1.0000,0,1,+5.000,+0.000,+5.000,-0.05000,+13.189,-0.00000,+0.00,+0.00000,1,+0.34985,+0.32666,0.01065,+36.785,0,204.2,0.0
16.998660,3,1,0.231377,0.231377,0.2490,-0.01762,1,1,0.0260,1,1,+0.51587,+0.11014,0.06236,199.83,+0.51587,+0.51587,-0.00000,+0.11014,0.06236,1.0000,1,0,0,0,0.0000,+0.00000,+0.00000,0.0005,+0.000,+0.000,1.0000,0,1.0000,0,1,+5.000,+0.000,+5.000,-0.05000,+13.189,-0.00000,+0.00,+0.00000,1,+0.34985,+0.32666,0.01065,+36.785,0,204.2,0.0
17.003830,3,1,0.231377,0.231377,0.2490,-0.01762,1,1,0.0260,1,1,+0.51587,+0.11014,0.06236,199.83,+0.51587,+0.51587,-0.00000,+0.11014,0.06236,1.0000,1,0,0,0,0.0000,+0.00000,+0.00000,0.0005,+0.000,+0.000,1.0000,0,1.0000,0,1,+5.000,+0.000,+5.000,-0.05000,+13.213,-0.00000,+0.00,+0.00000,1,+0.34985,+0.32666,0.01065,+36.929,0,204.2,0.0
17.008418,3,1,0.231377,0.231377,0.2490,-0.01762,1,1,0.0260,1,1,+0.51587,+0.11014,0.06236,199.83,+0.51587,+0.51587,-0.00000,+0.11014,0.06236,1.0000,1,0,0,0,0.0000,+0.00000,+0.00000,0.0005,+0.000,+0.000,1.0000,0,1.0000,0,1,+5.000,+0.000,+5.000,-0.05000,+13.213,-0.00000,+0.00,+0.00000,1,+0.34985,+0.32666,0.01065,+36.929,0,204.2,0.0
17.020572,3,1,0.231377,0.231377,0.2490,-0.01762,1,1,0.0260,1,1,+0.51587,+0.11014,0.06236,199.83,+0.51587,+0.51587,-0.00000,+0.11014,0.06236,1.0000,1,0,0,0,0.0000,+0.00000,+0.00000,0.0005,+0.000,+0.000,1.0000,0,1.0000,0,1,+5.000,+0.000,+5.000,-0.05000,+13.239,-0.00000,+0.00,+0.00000,1,+0.34985,+0.32666,0.01065,+37.082,0,204.2,0.0
17.025133,3,1,0.231377,0.231377,0.2490,-0.01762,1,1,0.0260,1,1,+0.51587,+0.11014,0.06236,199.83,+0.51587,+0.51587,-0.00000,+0.11014,0.06236,1.0000,1,0,0,0,0.0000,+0.00000,+0.00000,0.0005,+0.000,+0.000,1.0000,0,1.0000,0,1,+5.000,+0.000,+5.000,-0.05000,+13.253,-0.00000,+0.00,+0.00000,1,+0.34985,+0.32666,0.01065,+37.166,0,204.2,0.0
17.029783,3,1,0.231377,0.231377,0.2490,-0.01762,1,1,0.0260,1,1,+0.51587,+0.11014,0.06236,199.83,+0.51587,+0.51587,-0.00000,+0.11014,0.06236,1.0000,1,0,0,0,0.0000,+0.00000,+0.00000,0.0005,+0.000,+0.000,1.0000,0,1.0000,0,1,+5.000,+0.000,+5.000,-0.05000,+13.270,-0.00000,+0.00,+0.00000,1,+0.34985,+0.32666,0.01065,+37.265,0,204.2,0.0
17.034335,3,1,0.231377,0.231377,0.2490,-0.01762,1,1,0.0260,1,1,+0.51587,+0.11014,0.06236,199.83,+0.51587,+0.51587,-0.00000,+0.11014,0.06236,1.0000,1,0,0,0,0.0000,+0.00000,+0.00000,0.0005,+0.000,+0.000,1.0000,0,1.0000,0,1,+5.000,+0.000,+5.000,-0.05000,+13.270,-0.00000,+0.00,+0.00000,1,+0.34985,+0.32666,0.01065,+37.265,0,204.2,0.0
17.038867,3,1,0.231377,0.231377,0.2490,-0.01762,1,1,0.0260,1,1,+0.51587,+0.11014,0.06236,199.83,+0.51587,+0.51587,-0.00000,+0.11014,0.06236,1.0000,1,0,0,0,0.0000,+0.00000,+0.00000,0.0005,+0.000,+0.000,1.0000,0,1.0000,0,1,+5.000,+0.000,+5.000,-0.05000,+13.286,-0.00000,+0.00,+0.00000,1,+0.34985,+0.32666,0.01065,+37.363,0,204.2,0.0
17.043399,3,1,0.231377,0.231377,0.2490,-0.01762,1,1,0.0260,1,1,+0.51587,+0.11014,0.06236,199.83,+0.51587,+0.51587,-0.00000,+0.11014,0.06236,1.0000,1,0,0,0,0.0000,+0.00000,+0.00000,0.0005,+0.000,+0.000,1.0000,0,1.0000,0,1,+5.000,+0.000,+5.000,-0.05000,+13.286,-0.00000,+0.00,+0.00000,1,+0.34985,+0.32666,0.01065,+37.363,0,204.2,0.0
17.047912,3,1,0.231377,0.231377,0.2490,-0.01762,1,1,0.0260,1,1,+0.51587,+0.11014,0.06236,199.83,+0.51587,+0.51587,-0.00000,+0.11014,0.06236,1.0000,1,0,0,0,0.0000,+0.00000,+0.00000,0.0005,+0.000,+0.000,1.0000,0,1.0000,0,1,+5.000,+0.000,+5.000,-0.05000,+13.303,-0.00000,+0.00,+0.00000,1,+0.34985,+0.32666,0.01065,+37.458,0,204.2,0.0
17.052469,3,1,0.231377,0.231377,0.2490,-0.01762,1,1,0.0260,1,1,+0.51587,+0.11014,0.06236,199.83,+0.51587,+0.51587,-0.00000,+0.11014,0.06236,1.0000,1,0,0,0,0.0000,+0.00000,+0.00000,0.0005,+0.000,+0.000,1.0000,0,1.0000,0,1,+5.000,+0.000,+5.000,-0.05000,+13.303,-0.00000,+0.00,+0.00000,1,+0.34985,+0.32666,0.01065,+37.458,0,204.2,0.0
17.056979,3,1,0.231377,0.231377,0.2490,-0.01762,1,1,0.0260,1,1,+0.51587,+0.11014,0.06236,199.83,+0.51587,+0.51587,-0.00000,+0.11014,0.06236,1.0000,1,0,0,0,0.0000,+0.00000,+0.00000,0.0005,+0.000,+0.000,1.0000,0,1.0000,0,1,+5.000,+0.000,+5.000,-0.05000,+13.323,-0.00000,+0.00,+0.00000,1,+0.34985,+0.32666,0.01065,+37.575,0,204.2,0.0
17.065019,3,1,0.231377,0.231377,0.2490,-0.01762,1,1,0.0260,1,1,+0.51587,+0.11014,0.06236,199.83,+0.51587,+0.51587,-0.00000,+0.11014,0.06236,1.0000,1,0,0,0,0.0000,+0.00000,+0.00000,0.0004,+0.000,+0.000,1.0000,0,1.0000,0,1,+5.000,+0.000,+5.000,-0.05000,+13.348,-0.00000,+0.00,+0.00000,1,+0.34985,+0.32666,0.01065,+37.720,0,204.2,0.0
17.069652,3,1,0.231377,0.231377,0.2490,-0.01762,1,1,0.0260,1,1,+0.51587,+0.11014,0.06236,199.83,+0.51587,+0.51587,-0.00000,+0.11014,0.06236,1.0000,1,0,0,0,0.0000,+0.00000,+0.00000,0.0004,+0.000,+0.000,1.0000,0,1.0000,0,1,+5.000,+0.000,+5.000,-0.05000,+13.348,-0.00000,+0.00,+0.00000,1,+0.34985,+0.32666,0.01065,+37.720,0,204.2,0.0
17.076107,3,1,0.231377,0.231377,0.2490,-0.01762,1,1,0.0260,1,1,+0.51587,+0.11014,0.06236,199.83,+0.51587,+0.51587,-0.00000,+0.11014,0.06236,1.0000,1,0,0,0,0.0000,+0.00000,+0.00000,0.0004,+0.000,+0.000,1.0000,0,1.0000,0,1,+5.000,+0.000,+5.000,-0.05000,+13.362,-0.00000,+0.00,+0.00000,1,+0.34985,+0.32666,0.01065,+37.800,0,204.2,0.0
17.082066,3,1,0.231377,0.231377,0.2490,-0.01762,1,1,0.0260,1,1,+0.51587,+0.11014,0.06236,199.83,+0.51587,+0.51587,-0.00000,+0.11014,0.06236,1.0000,1,0,0,0,0.0000,+0.00000,+0.00000,0.0004,+0.000,+0.000,1.0000,0,1.0000,0,1,+5.000,+0.000,+5.000,-0.05000,+13.382,-0.00000,+0.00,+0.00000,1,+0.34985,+0.32666,0.01065,+37.915,0,204.2,0.0
17.087089,3,1,0.231377,0.231377,0.2490,-0.01762,1,1,0.0260,1,1,+0.51587,+0.11014,0.06236,199.83,+0.51587,+0.51587,-0.00000,+0.11014,0.06236,1.0000,1,0,0,0,0.0000,+0.00000,+0.00000,0.0004,+0.000,+0.000,1.0000,0,1.0000,0,1,+5.000,+0.000,+5.000,-0.05000,+13.382,-0.00000,+0.00,+0.00000,1,+0.34985,+0.32666,0.01065,+37.915,0,204.2,0.0
17.091660,3,1,0.231377,0.231377,0.2490,-0.01762,1,1,0.0260,1,1,+0.51587,+0.11014,0.06236,199.83,+0.51587,+0.51587,-0.00000,+0.11014,0.06236,1.0000,1,0,0,0,0.0000,+0.00000,+0.00000,0.0004,+0.000,+0.000,1.0000,0,1.0000,0,1,+5.000,+0.000,+5.000,-0.05000,+13.403,-0.00000,+0.00,+0.00000,1,+0.34985,+0.32666,0.01065,+38.036,0,204.2,0.0
17.096230,3,1,0.231377,0.231377,0.2490,-0.01762,1,1,0.0260,1,1,+0.51587,+0.11014,0.06236,199.83,+0.51587,+0.51587,-0.00000,+0.11014,0.06236,1.0000,1,0,0,0,0.0000,+0.00000,+0.00000,0.0004,+0.000,+0.000,1.0000,0,1.0000,0,1,+5.000,+0.000,+5.000,-0.05000,+13.403,-0.00000,+0.00,+0.00000,1,+0.34985,+0.32666,0.01065,+38.036,0,204.2,0.0
17.100873,3,1,0.231377,0.231377,0.2490,-0.01762,1,1,0.0260,1,1,+0.51587,+0.11014,0.06236,199.83,+0.51587,+0.51587,-0.00000,+0.11014,0.06236,1.0000,1,0,0,0,0.0000,+0.00000,+0.00000,0.0004,+0.000,+0.000,1.0000,0,1.0000,0,1,+5.000,+0.000,+5.000,-0.05000,+13.421,-0.00000,+0.00,+0.00000,1,+0.34985,+0.32666,0.01065,+38.135,0,204.2,0.0
17.105457,3,1,0.231377,0.231377,0.2490,-0.01762,1,1,0.0260,1,1,+0.51587,+0.11014,0.06236,199.83,+0.51587,+0.51587,-0.00000,+0.11014,0.06236,1.0000,1,0,0,0,0.0000,+0.00000,+0.00000,0.0004,+0.000,+0.000,1.0000,0,1.0000,0,1,+5.000,+0.000,+5.000,-0.05000,+13.438,-0.00000,+0.00,+0.00000,1,+0.34985,+0.32666,0.01065,+38.235,0,204.2,0.0
17.110075,3,1,0.231377,0.231377,0.2490,-0.01762,1,1,0.0260,1,1,+0.51587,+0.11014,0.06236,199.83,+0.51587,+0.51587,-0.00000,+0.11014,0.06236,1.0000,1,0,0,0,0.0000,+0.00000,+0.00000,0.0004,+0.000,+0.000,1.0000,0,1.0000,0,1,+5.000,+0.000,+5.000,-0.05000,+13.438,-0.00000,+0.00,+0.00000,1,+0.34985,+0.32666,0.01065,+38.235,0,204.2,0.0
17.114607,3,1,0.231377,0.231377,0.2490,-0.01762,1,1,0.0260,1,1,+0.51587,+0.11014,0.06236,199.83,+0.51587,+0.51587,-0.00000,+0.11014,0.06236,1.0000,1,0,0,0,0.0000,+0.00000,+0.00000,0.0004,+0.000,+0.000,1.0000,0,1.0000,0,1,+5.000,+0.000,+5.000,-0.05000,+13.456,-0.00000,+0.00,+0.00000,1,+0.34985,+0.32666,0.01065,+38.337,0,204.2,0.0
17.119182,3,1,0.231377,0.231377,0.2490,-0.01762,1,1,0.0260,1,1,+0.51587,+0.11014,0.06236,199.83,+0.51587,+0.51587,-0.00000,+0.11014,0.06236,1.0000,1,0,0,0,0.0000,+0.00000,+0.00000,0.0004,+0.000,+0.000,1.0000,0,1.0000,0,1,+5.000,+0.000,+5.000,-0.05000,+13.456,-0.00000,+0.00,+0.00000,1,+0.34985,+0.32666,0.01065,+38.337,0,204.2,0.0
17.123696,3,1,0.231377,0.231377,0.2490,-0.01762,1,1,0.0260,1,1,+0.51587,+0.11014,0.06236,199.83,+0.51587,+0.51587,-0.00000,+0.11014,0.06236,1.0000,1,0,0,0,0.0000,+0.00000,+0.00000,0.0004,+0.000,+0.000,1.0000,0,1.0000,0,1,+5.000,+0.000,+5.000,-0.05000,+13.478,-0.00000,+0.00,+0.00000,1,+0.34985,+0.32666,0.01065,+38.454,0,204.2,0.0
17.128238,3,1,0.231377,0.231377,0.2490,-0.01762,1,1,0.0260,1,1,+0.51587,+0.11014,0.06236,199.83,+0.51587,+0.51587,-0.00000,+0.11014,0.06236,1.0000,1,0,0,0,0.0000,+0.00000,+0.00000,0.0004,+0.000,+0.000,1.0000,0,1.0000,0,1,+5.000,+0.000,+5.000,-0.05000,+13.478,-0.00000,+0.00,+0.00000,1,+0.34985,+0.32666,0.01065,+38.454,0,204.2,0.0
17.132763,3,1,0.231377,0.231377,0.2490,-0.01762,1,1,0.0260,1,1,+0.51587,+0.11014,0.06236,199.83,+0.51587,+0.51587,-0.00000,+0.11014,0.06236,1.0000,1,0,0,0,0.0000,+0.00000,+0.00000,0.0004,+0.000,+0.000,1.0000,0,1.0000,0,1,+5.000,+0.000,+5.000,-0.05000,+13.495,-0.00000,+0.00,+0.00000,1,+0.34985,+0.32666,0.01065,+38.552,0,204.2,0.0
17.137303,3,1,0.231377,0.231377,0.2490,-0.01762,1,1,0.0260,1,1,+0.51587,+0.11014,0.06236,199.83,+0.51587,+0.51587,-0.00000,+0.11014,0.06236,1.0000,1,0,0,0,0.0000,+0.00000,+0.00000,0.0004,+0.000,+0.000,1.0000,0,1.0000,0,1,+5.000,+0.000,+5.000,-0.05000,+13.495,-0.00000,+0.00,+0.00000,1,+0.34985,+0.32666,0.01065,+38.552,0,204.2,0.0
17.141898,3,1,0.231377,0.231377,0.2490,-0.01762,1,1,0.0260,1,1,+0.51587,+0.11014,0.06236,199.83,+0.51587,+0.51587,-0.00000,+0.11014,0.06236,1.0000,1,0,0,0,0.0000,+0.00000,+0.00000,0.0004,+0.000,+0.000,1.0000,0,1.0000,0,1,+5.000,+0.000,+5.000,-0.05000,+13.516,-0.00000,+0.00,+0.00000,1,+0.34985,+0.32666,0.01065,+38.668,0,204.2,0.0
17.146661,3,1,0.231377,0.231377,0.2490,-0.01762,1,1,0.0260,1,1,+0.51587,+0.11014,0.06236,199.83,+0.51587,+0.51587,-0.00000,+0.11014,0.06236,1.0000,1,0,0,0,0.0000,+0.00000,+0.00000,0.0004,+0.000,+0.000,1.0000,0,1.0000,0,1,+5.000,+0.000,+5.000,-0.05000,+13.535,-0.00000,+0.00,+0.00000,1,+0.34985,+0.32666,0.01065,+38.770,0,204.2,0.0
17.151007,3,1,0.231377,0.231377,0.2490,-0.01762,1,1,0.0260,1,1,+0.51587,+0.11014,0.06236,199.83,+0.51587,+0.51587,-0.00000,+0.11014,0.06236,1.0000,1,0,0,0,0.0000,+0.00000,+0.00000,0.0004,+0.000,+0.000,1.0000,0,1.0000,0,1,+5.000,+0.000,+5.000,-0.05000,+13.535,-0.00000,+0.00,+0.00000,1,+0.34985,+0.32666,0.01065,+38.770,0,204.2,0.0
17.155544,3,1,0.231377,0.231377,0.2490,-0.01762,1,1,0.0260,1,1,+0.51587,+0.11014,0.06236,199.83,+0.51587,+0.51587,-0.00000,+0.11014,0.06236,1.0000,1,0,0,0,0.0000,+0.00000,+0.00000,0.0004,+0.000,+0.000,1.0000,0,1.0000,0,1,+5.000,+0.000,+5.000,-0.05000,+13.535,-0.00000,+0.00,+0.00000,1,+0.34985,+0.32666,0.01065,+38.770,0,204.2,0.0
17.160266,3,1,0.231377,0.231377,0.2490,-0.01762,1,1,0.0260,1,1,+0.51587,+0.11014,0.06236,199.83,+0.51587,+0.51587,-0.00000,+0.11014,0.06236,1.0000,1,0,0,0,0.0000,+0.00000,+0.00000,0.0004,+0.000,+0.000,1.0000,0,1.0000,0,1,+5.000,+0.000,+5.000,-0.05000,+13.559,-0.00000,+0.00,+0.00000,1,+0.34985,+0.32666,0.01065,+38.904,0,204.2,0.0
17.164632,3,1,0.231377,0.231377,0.2490,-0.01762,1,1,0.0260,1,1,+0.51587,+0.11014,0.06236,199.83,+0.51587,+0.51587,-0.00000,+0.11014,0.06236,1.0000,1,0,0,0,0.0000,+0.00000,+0.00000,0.0004,+0.000,+0.000,1.0000,0,1.0000,0,1,+5.000,+0.000,+5.000,-0.05000,+13.559,-0.00000,+0.00,+0.00000,1,+0.34985,+0.32666,0.01065,+38.904,0,204.2,0.0
17.169173,3,1,0.231377,0.231377,0.2490,-0.01762,1,1,0.0260,1,1,+0.51587,+0.11014,0.06236,199.83,+0.51587,+0.51587,-0.00000,+0.11014,0.06236,1.0000,1,0,0,0,0.0000,+0.00000,+0.00000,0.0004,+0.000,+0.000,1.0000,0,1.0000,0,1,+5.000,+0.000,+5.000,-0.05000,+13.577,-0.00000,+0.00,+0.00000,1,+0.34985,+0.32666,0.01065,+39.003,0,204.2,0.0
17.173794,3,1,0.231377,0.231377,0.2490,-0.01762,1,1,0.0260,1,1,+0.51587,+0.11014,0.06236,199.83,+0.51587,+0.51587,-0.00000,+0.11014,0.06236,1.0000,1,0,0,0,0.0000,+0.00000,+0.00000,0.0004,+0.000,+0.000,1.0000,0,1.0000,0,1,+5.000,+0.000,+5.000,-0.05000,+13.598,-0.00000,+0.00,+0.00000,1,+0.34985,+0.32666,0.01065,+39.114,0,204.2,0.0
17.178322,3,1,0.231377,0.231377,0.2490,-0.01762,1,1,0.0260,1,1,+0.51587,+0.11014,0.06236,199.83,+0.51587,+0.51587,-0.00000,+0.11014,0.06236,1.0000,1,0,0,0,0.0000,+0.00000,+0.00000,0.0004,+0.000,+0.000,1.0000,0,1.0000,0,1,+5.000,+0.000,+5.000,-0.05000,+13.598,-0.00000,+0.00,+0.00000,1,+0.34985,+0.32666,0.01065,+39.114,0,204.2,0.0
17.182924,3,1,0.231377,0.231377,0.2490,-0.01762,1,1,0.0260,1,1,+0.51587,+0.11014,0.06236,199.83,+0.51587,+0.51587,-0.00000,+0.11014,0.06236,1.0000,1,0,0,0,0.0000,+0.00000,+0.00000,0.0004,+0.000,+0.000,1.0000,0,1.0000,0,1,+5.000,+0.000,+5.000,-0.05000,+13.621,-0.00000,+0.00,+0.00000,1,+0.34985,+0.32666,0.01065,+39.238,0,204.2,0.0
17.187443,3,1,0.231377,0.231377,0.2490,-0.01762,1,1,0.0260,1,1,+0.51587,+0.11014,0.06236,199.83,+0.51587,+0.51587,-0.00000,+0.11014,0.06236,1.0000,1,0,0,0,0.0000,+0.00000,+0.00000,0.0004,+0.000,+0.000,1.0000,0,1.0000,0,1,+5.000,+0.000,+5.000,-0.05000,+13.621,-0.00000,+0.00,+0.00000,1,+0.34985,+0.32666,0.01065,+39.238,0,204.2,0.0
17.191961,3,1,0.231377,0.231377,0.2490,-0.01762,1,1,0.0260,1,1,+0.51587,+0.11014,0.06236,199.83,+0.51587,+0.51587,-0.00000,+0.11014,0.06236,1.0000,1,0,0,0,0.0000,+0.00000,+0.00000,0.0003,+0.000,+0.000,1.0000,0,1.0000,0,1,+5.000,+0.000,+5.000,-0.05000,+13.639,-0.00000,+0.00,+0.00000,1,+0.34985,+0.32666,0.01065,+39.334,0,204.2,0.0
17.196527,3,1,0.231377,0.231377,0.2490,-0.01762,1,1,0.0260,1,1,+0.51587,+0.11014,0.06236,199.83,+0.51587,+0.51587,-0.00000,+0.11014,0.06236,1.0000,1,0,0,0,0.0000,+0.00000,+0.00000,0.0003,+0.000,+0.000,1.0000,0,1.0000,0,1,+5.000,+0.000,+5.000,-0.05000,+13.639,-0.00000,+0.00,+0.00000,1,+0.34985,+0.32666,0.01065,+39.334,0,204.2,0.0
17.201009,3,1,0.231377,0.231377,0.2490,-0.01762,1,1,0.0260,1,1,+0.51587,+0.11014,0.06236,199.83,+0.51587,+0.51587,-0.00000,+0.11014,0.06236,1.0000,1,0,0,0,0.0000,+0.00000,+0.00000,0.0003,+0.000,+0.000,1.0000,0,1.0000,0,1,+5.000,+0.000,+5.000,-0.05000,+13.661,-0.00000,+0.00,+0.00000,1,+0.34985,+0.32666,0.01065,+39.452,0,204.2,0.0
17.205556,3,1,0.231377,0.231377,0.2490,-0.01762,1,1,0.0260,1,1,+0.51587,+0.11014,0.06236,199.83,+0.51587,+0.51587,-0.00000,+0.11014,0.06236,1.0000,1,0,0,0,0.0000,+0.00000,+0.00000,0.0003,+0.000,+0.000,1.0000,0,1.0000,0,1,+5.000,+0.000,+5.000,-0.05000,+13.661,-0.00000,+0.00,+0.00000,1,+0.34985,+0.32666,0.01065,+39.452,0,204.2,0.0
17.209902,3,1,0.231377,0.231377,0.2490,-0.01762,1,1,0.0260,1,1,+0.51587,+0.11014,0.06236,199.83,+0.51587,+0.51587,-0.00000,+0.11014,0.06236,1.0000,1,0,0,0,0.0000,+0.00000,+0.00000,0.0003,+0.000,+0.000,1.0000,0,1.0000,0,1,+5.000,+0.000,+5.000,-0.05000,+13.685,-0.00000,+0.00,+0.00000,1,+0.34985,+0.32666,0.01065,+39.577,0,204.2,0.0
17.214799,3,1,0.231377,0.231377,0.2490,-0.01762,1,1,0.0260,1,1,+0.51587,+0.11014,0.06236,199.83,+0.51587,+0.51587,-0.00000,+0.11014,0.06236,1.0000,1,0,0,0,0.0000,+0.00000,+0.00000,0.0003,+0.000,+0.000,1.0000,0,1.0000,0,1,+5.000,+0.000,+5.000,-0.05000,+13.685,-0.00000,+0.00,+0.00000,1,+0.34985,+0.32666,0.01065,+39.577,0,204.2,0.0
17.219622,3,1,0.231377,0.231377,0.2490,-0.01762,1,1,0.0260,1,1,+0.51587,+0.11014,0.06236,199.83,+0.51587,+0.51587,-0.00000,+0.11014,0.06236,1.0000,1,0,0,0,0.0000,+0.00000,+0.00000,0.0003,+0.000,+0.000,1.0000,0,1.0000,0,1,+5.000,+0.000,+5.000,-0.05000,+13.708,-0.00000,+0.00,+0.00000,1,+0.34985,+0.32666,0.01065,+39.698,0,204.2,0.0
17.224307,3,1,0.231377,0.231377,0.2490,-0.01762,1,1,0.0260,1,1,+0.51587,+0.11014,0.06236,199.83,+0.51587,+0.51587,-0.00000,+0.11014,0.06236,1.0000,1,0,0,0,0.0000,+0.00000,+0.00000,0.0003,+0.000,+0.000,1.0000,0,1.0000,0,1,+5.000,+0.000,+5.000,-0.05000,+13.708,-0.00000,+0.00,+0.00000,1,+0.34985,+0.32666,0.01065,+39.698,0,204.2,0.0
17.228867,3,1,0.231377,0.231377,0.2490,-0.01762,1,1,0.0260,1,1,+0.51587,+0.11014,0.06236,199.83,+0.51587,+0.51587,-0.00000,+0.11014,0.06236,1.0000,1,0,0,0,0.0000,+0.00000,+0.00000,0.0003,+0.000,+0.000,1.0000,0,1.0000,0,1,+5.000,+0.000,+5.000,-0.05000,+13.731,-0.00000,+0.00,+0.00000,1,+0.34985,+0.32666,0.01065,+39.816,0,204.2,0.0
17.233374,3,1,0.231377,0.231377,0.2490,-0.01762,1,1,0.0260,1,1,+0.51587,+0.11014,0.06236,199.83,+0.51587,+0.51587,-0.00000,+0.11014,0.06236,1.0000,1,0,0,0,0.0000,+0.00000,+0.00000,0.0003,+0.000,+0.000,1.0000,0,1.0000,0,1,+5.000,+0.000,+5.000,-0.05000,+13.731,-0.00000,+0.00,+0.00000,1,+0.34985,+0.32666,0.01065,+39.816,0,204.2,0.0
17.237864,3,1,0.231377,0.231377,0.2490,-0.01762,1,1,0.0260,1,1,+0.51587,+0.11014,0.06236,199.83,+0.51587,+0.51587,-0.00000,+0.11014,0.06236,1.0000,1,0,0,0,0.0000,+0.00000,+0.00000,0.0003,+0.000,+0.000,1.0000,0,1.0000,0,1,+5.000,+0.000,+5.000,-0.05000,+13.753,-0.00000,+0.00,+0.00000,1,+0.34985,+0.32666,0.01065,+39.932,0,204.2,0.0
17.242449,3,1,0.231377,0.231377,0.2490,-0.01762,1,1,0.0260,1,1,+0.51587,+0.11014,0.06236,199.83,+0.51587,+0.51587,-0.00000,+0.11014,0.06236,1.0000,1,0,0,0,0.0000,+0.00000,+0.00000,0.0003,+0.000,+0.000,1.0000,0,1.0000,0,1,+5.000,+0.000,+5.000,-0.05000,+13.753,-0.00000,+0.00,+0.00000,1,+0.34985,+0.32666,0.01065,+39.932,0,204.2,0.0
17.246708,3,1,0.231377,0.231377,0.2490,-0.01762,1,1,0.0260,1,1,+0.51587,+0.11014,0.06236,199.83,+0.51587,+0.51587,-0.00000,+0.11014,0.06236,1.0000,1,0,0,0,0.0000,+0.00000,+0.00000,0.0003,+0.000,+0.000,1.0000,0,1.0000,0,1,+5.000,+0.000,+5.000,-0.05000,+13.776,-0.00000,+0.00,+0.00000,1,+0.34985,+0.32666,0.01065,+40.054,0,204.2,0.0
17.251439,3,1,0.231377,0.231377,0.2490,-0.01762,1,1,0.0260,1,1,+0.51587,+0.11014,0.06236,199.83,+0.51587,+0.51587,-0.00000,+0.11014,0.06236,1.0000,1,0,0,0,0.0000,+0.00000,+0.00000,0.0003,+0.000,+0.000,1.0000,0,1.0000,0,1,+5.000,+0.000,+5.000,-0.05000,+13.776,-0.00000,+0.00,+0.00000,1,+0.34985,+0.32666,0.01065,+40.054,0,204.2,0.0
17.256159,3,1,0.231377,0.231377,0.2490,-0.01762,1,1,0.0260,1,1,+0.51587,+0.11014,0.06236,199.83,+0.51587,+0.51587,-0.00000,+0.11014,0.06236,1.0000,1,0,0,0,0.0000,+0.00000,+0.00000,0.0003,+0.000,+0.000,1.0000,0,1.0000,0,1,+5.000,+0.000,+5.000,-0.05000,+13.798,-0.00000,+0.00,+0.00000,1,+0.34985,+0.32666,0.01065,+40.163,0,204.2,0.0
17.260659,3,1,0.231377,0.231377,0.2490,-0.01762,1,1,0.0260,1,1,+0.51587,+0.11014,0.06236,199.83,+0.51587,+0.51587,-0.00000,+0.11014,0.06236,1.0000,1,0,0,0,0.0000,+0.00000,+0.00000,0.0003,+0.000,+0.000,1.0000,0,1.0000,0,1,+5.000,+0.000,+5.000,-0.05000,+13.798,-0.00000,+0.00,+0.00000,1,+0.34985,+0.32666,0.01065,+40.163,0,204.2,0.0
17.265161,3,1,0.231377,0.231377,0.2490,-0.01762,1,1,0.0260,1,1,+0.51587,+0.11014,0.06236,199.83,+0.51587,+0.51587,-0.00000,+0.11014,0.06236,1.0000,1,0,0,0,0.0000,+0.00000,+0.00000,0.0003,+0.000,+0.000,1.0000,0,1.0000,0,1,+5.000,+0.000,+5.000,-0.05000,+13.818,-0.00000,+0.00,+0.00000,1,+0.34985,+0.32666,0.01065,+40.266,0,204.2,0.0
17.269846,3,1,0.231377,0.231377,0.2490,-0.01762,1,1,0.0260,1,1,+0.51587,+0.11014,0.06236,199.83,+0.51587,+0.51587,-0.00000,+0.11014,0.06236,1.0000,1,0,0,0,0.0000,+0.00000,+0.00000,0.0003,+0.000,+0.000,1.0000,0,1.0000,0,1,+5.000,+0.000,+5.000,-0.05000,+13.818,-0.00000,+0.00,+0.00000,1,+0.34985,+0.32666,0.01065,+40.266,0,204.2,0.0
17.274795,3,1,0.231377,0.231377,0.2490,-0.01762,1,1,0.0260,1,1,+0.51587,+0.11014,0.06236,199.83,+0.51587,+0.51587,-0.00000,+0.11014,0.06236,1.0000,1,0,0,0,0.0000,+0.00000,+0.00000,0.0003,+0.000,+0.000,1.0000,0,1.0000,0,1,+5.000,+0.000,+5.000,-0.05000,+13.840,-0.00000,+0.00,+0.00000,1,+0.34985,+0.32666,0.01065,+40.379,0,204.2,0.0
17.279406,3,1,0.231377,0.231377,0.2490,-0.01762,1,1,0.0260,1,1,+0.51587,+0.11014,0.06236,199.83,+0.51587,+0.51587,-0.00000,+0.11014,0.06236,1.0000,1,0,0,0,0.0000,+0.00000,+0.00000,0.0003,+0.000,+0.000,1.0000,0,1.0000,0,1,+5.000,+0.000,+5.000,-0.05000,+13.840,-0.00000,+0.00,+0.00000,1,+0.34985,+0.32666,0.01065,+40.379,0,204.2,0.0
17.284063,3,1,0.231377,0.231377,0.2490,-0.01762,1,1,0.0260,1,1,+0.51587,+0.11014,0.06236,199.83,+0.51587,+0.51587,-0.00000,+0.11014,0.06236,1.0000,1,0,0,0,0.0000,+0.00000,+0.00000,0.0003,+0.000,+0.000,1.0000,0,1.0000,0,1,+5.000,+0.000,+5.000,-0.05000,+13.863,-0.00000,+0.00,+0.00000,1,+0.34985,+0.32666,0.01065,+40.496,0,204.2,0.0
17.288577,3,1,0.231377,0.231377,0.2490,-0.01762,1,1,0.0260,1,1,+0.51587,+0.11014,0.06236,199.83,+0.51587,+0.51587,-0.00000,+0.11014,0.06236,1.0000,1,0,0,0,0.0000,+0.00000,+0.00000,0.0003,+0.000,+0.000,1.0000,0,1.0000,0,1,+5.000,+0.000,+5.000,-0.05000,+13.863,-0.00000,+0.00,+0.00000,1,+0.34985,+0.32666,0.01065,+40.496,0,204.2,0.0
17.293727,3,1,0.231377,0.231377,0.2490,-0.01762,1,1,0.0260,1,1,+0.51587,+0.11014,0.06236,199.83,+0.51587,+0.51587,-0.00000,+0.11014,0.06236,1.0000,1,0,0,0,0.0000,+0.00000,+0.00000,0.0003,+0.000,+0.000,1.0000,0,1.0000,0,1,+5.000,+0.000,+5.000,-0.05000,+13.885,-0.00000,+0.00,+0.00000,1,+0.34985,+0.32666,0.01065,+40.607,0,204.2,0.0
17.298588,3,1,0.231377,0.231377,0.2490,-0.01762,1,1,0.0260,1,1,+0.51587,+0.11014,0.06236,199.83,+0.51587,+0.51587,-0.00000,+0.11014,0.06236,1.0000,1,0,0,0,0.0000,+0.00000,+0.00000,0.0003,+0.000,+0.000,1.0000,0,1.0000,0,1,+5.000,+0.000,+5.000,-0.05000,+13.902,-0.00000,+0.00,+0.00000,1,+0.34985,+0.32666,0.01065,+40.691,0,204.2,0.0
17.303593,3,1,0.231377,0.231377,0.2490,-0.01762,1,1,0.0260,1,1,+0.51587,+0.11014,0.06236,199.83,+0.51587,+0.51587,-0.00000,+0.11014,0.06236,1.0000,1,0,0,0,0.0000,+0.00000,+0.00000,0.0003,+0.000,+0.000,1.0000,0,1.0000,0,1,+5.000,+0.000,+5.000,-0.05000,+13.902,-0.00000,+0.00,+0.00000,1,+0.34985,+0.32666,0.01065,+40.691,0,204.2,0.0
17.308185,3,1,0.231377,0.231377,0.2490,-0.01762,1,1,0.0260,1,1,+0.51587,+0.11014,0.06236,199.83,+0.51587,+0.51587,-0.00000,+0.11014,0.06236,1.0000,1,0,0,0,0.0000,+0.00000,+0.00000,0.0003,+0.000,+0.000,1.0000,0,1.0000,0,1,+5.000,+0.000,+5.000,-0.05000,+13.927,-0.00000,+0.00,+0.00000,1,+0.34985,+0.32666,0.01065,+40.813,0,204.2,0.0
17.312832,3,1,0.231377,0.231377,0.2490,-0.01762,1,1,0.0260,1,1,+0.51587,+0.11014,0.06236,199.83,+0.51587,+0.51587,-0.00000,+0.11014,0.06236,1.0000,1,0,0,0,0.0000,+0.00000,+0.00000,0.0003,+0.000,+0.000,1.0000,0,1.0000,0,1,+5.000,+0.000,+5.000,-0.05000,+13.927,-0.00000,+0.00,+0.00000,1,+0.34985,+0.32666,0.01065,+40.813,0,204.2,0.0
17.317849,3,1,0.231377,0.231377,0.2490,-0.01762,1,1,0.0260,1,1,+0.51587,+0.11014,0.06236,199.83,+0.51587,+0.51587,-0.00000,+0.11014,0.06236,1.0000,1,0,0,0,0.0000,+0.00000,+0.00000,0.0003,+0.000,+0.000,1.0000,0,1.0000,0,1,+5.000,+0.000,+5.000,-0.05000,+13.948,-0.00000,+0.00,+0.00000,1,+0.34985,+0.32666,0.01065,+40.920,0,203.6,0.0
17.322471,3,1,0.231377,0.231377,0.2490,-0.01762,1,1,0.0260,1,1,+0.51587,+0.11014,0.06236,199.83,+0.51587,+0.51587,-0.00000,+0.11014,0.06236,1.0000,1,0,0,0,0.0000,+0.00000,+0.00000,0.0003,+0.000,+0.000,1.0000,0,1.0000,0,1,+5.000,+0.000,+5.000,-0.05000,+13.948,-0.00000,+0.00,+0.00000,1,+0.34985,+0.32666,0.01065,+40.920,0,203.6,0.0
17.327837,3,1,0.231377,0.231377,0.2490,-0.01762,1,1,0.0260,1,1,+0.51587,+0.11014,0.06236,199.83,+0.51587,+0.51587,-0.00000,+0.11014,0.06236,1.0000,1,0,0,0,0.0000,+0.00000,+0.00000,0.0003,+0.000,+0.000,1.0000,0,1.0000,0,1,+5.000,+0.000,+5.000,-0.05000,+13.974,-0.00000,+0.00,+0.00000,1,+0.34985,+0.32666,0.01065,+41.045,0,203.6,0.0
17.333081,3,1,0.231377,0.231377,0.2490,-0.01762,1,1,0.0260,1,1,+0.51587,+0.11014,0.06236,199.83,+0.51587,+0.51587,-0.00000,+0.11014,0.06236,1.0000,1,0,0,0,0.0000,+0.00000,+0.00000,0.0003,+0.000,+0.000,1.0000,0,1.0000,0,1,+5.000,+0.000,+5.000,-0.05000,+13.992,-0.00000,+0.00,+0.00000,1,+0.34985,+0.32666,0.01065,+41.135,0,203.6,0.0
17.338080,3,1,0.231377,0.231377,0.2490,-0.01762,1,1,0.0260,1,1,+0.51587,+0.11014,0.06236,199.83,+0.51587,+0.51587,-0.00000,+0.11014,0.06236,1.0000,1,0,0,0,0.0000,+0.00000,+0.00000,0.0003,+0.000,+0.000,1.0000,0,1.0000,0,1,+5.000,+0.000,+5.000,-0.05000,+13.992,-0.00000,+0.00,+0.00000,1,+0.34985,+0.32666,0.01065,+41.135,0,203.6,0.0
17.344610,3,1,0.231377,0.231377,0.2490,-0.01762,1,1,0.0260,1,1,+0.51587,+0.11014,0.06236,199.83,+0.51587,+0.51587,-0.00000,+0.11014,0.06236,1.0000,1,0,0,0,0.0000,+0.00000,+0.00000,0.0003,+0.000,+0.000,1.0000,0,1.0000,0,1,+5.000,+0.000,+5.000,-0.05000,+14.024,-0.00000,+0.00,+0.00000,1,+0.34985,+0.32666,0.01065,+41.289,0,203.6,0.0
17.349904,3,1,0.231377,0.231377,0.2490,-0.01762,1,1,0.0260,1,1,+0.51587,+0.11014,0.06236,199.83,+0.51587,+0.51587,-0.00000,+0.11014,0.06236,1.0000,1,0,0,0,0.0000,+0.00000,+0.00000,0.0003,+0.000,+0.000,1.0000,0,1.0000,0,1,+5.000,+0.000,+5.000,-0.05000,+14.024,-0.00000,+0.00,+0.00000,1,+0.34985,+0.32666,0.01065,+41.289,0,203.6,0.0
17.355174,3,1,0.231377,0.231377,0.2490,-0.01762,1,1,0.0260,1,1,+0.51587,+0.11014,0.06236,199.83,+0.51587,+0.51587,-0.00000,+0.11014,0.06236,1.0000,1,0,0,0,0.0000,+0.00000,+0.00000,0.0003,+0.000,+0.000,1.0000,0,1.0000,0,1,+5.000,+0.000,+5.000,-0.05000,+14.024,-0.00000,+0.00,+0.00000,1,+0.34985,+0.32666,0.01065,+41.289,0,203.6,0.0
17.360541,3,1,0.231377,0.231377,0.2490,-0.01762,1,1,0.0260,1,1,+0.51587,+0.11014,0.06236,199.83,+0.51587,+0.51587,-0.00000,+0.11014,0.06236,1.0000,1,0,0,0,0.0000,+0.00000,+0.00000,0.0002,+0.000,+0.000,1.0000,0,1.0000,0,1,+5.000,+0.000,+5.000,-0.05000,+14.063,-0.00000,+0.00,+0.00000,1,+0.34985,+0.32666,0.01065,+41.481,0,203.6,0.0
17.367049,3,1,0.231377,0.231377,0.2490,-0.01762,1,1,0.0260,1,1,+0.51587,+0.11014,0.06236,199.83,+0.51587,+0.51587,-0.00000,+0.11014,0.06236,1.0000,1,0,0,0,0.0000,+0.00000,+0.00000,0.0002,+0.000,+0.000,1.0000,0,1.0000,0,1,+5.000,+0.000,+5.000,-0.05000,+14.084,-0.00000,+0.00,+0.00000,1,+0.34985,+0.32666,0.01065,+41.578,0,203.6,0.0
17.372278,3,1,0.231377,0.231377,0.2490,-0.01762,1,1,0.0260,1,1,+0.51587,+0.11014,0.06236,199.83,+0.51587,+0.51587,-0.00000,+0.11014,0.06236,1.0000,1,0,0,0,0.0000,+0.00000,+0.00000,0.0002,+0.000,+0.000,1.0000,0,1.0000,0,1,+5.000,+0.000,+5.000,-0.05000,+14.084,-0.00000,+0.00,+0.00000,1,+0.34985,+0.32666,0.01065,+41.578,0,203.6,0.0
17.379154,3,1,0.231377,0.231377,0.2490,-0.01762,1,1,0.0260,1,1,+0.51587,+0.11014,0.06236,199.83,+0.51587,+0.51587,-0.00000,+0.11014,0.06236,1.0000,1,0,0,0,0.0000,+0.00000,+0.00000,0.0002,+0.000,+0.000,1.0000,0,1.0000,0,1,+5.000,+0.000,+5.000,-0.05000,+14.110,-0.00000,+0.00,+0.00000,1,+0.34985,+0.32666,0.01065,+41.702,0,203.6,0.0
17.384019,3,1,0.231377,0.231377,0.2490,-0.01762,1,1,0.0260,1,1,+0.51587,+0.11014,0.06236,199.83,+0.51587,+0.51587,-0.00000,+0.11014,0.06236,1.0000,1,0,0,0,0.0000,+0.00000,+0.00000,0.0002,+0.000,+0.000,1.0000,0,1.0000,0,1,+5.000,+0.000,+5.000,-0.05000,+14.135,-0.00000,+0.00,+0.00000,1,+0.34985,+0.32666,0.01065,+41.821,0,203.6,0.0
17.390041,3,1,0.231377,0.231377,0.2490,-0.01762,1,1,0.0260,1,1,+0.51587,+0.11014,0.06236,199.83,+0.51587,+0.51587,-0.00000,+0.11014,0.06236,1.0000,1,0,0,0,0.0000,+0.00000,+0.00000,0.0002,+0.000,+0.000,1.0000,0,1.0000,0,1,+5.000,+0.000,+5.000,-0.05000,+14.135,-0.00000,+0.00,+0.00000,1,+0.34985,+0.32666,0.01065,+41.821,0,203.6,0.0
17.395086,3,1,0.231377,0.231377,0.2490,-0.01762,1,1,0.0260,1,1,+0.51587,+0.11014,0.06236,199.83,+0.51587,+0.51587,-0.00000,+0.11014,0.06236,1.0000,1,0,0,0,0.0000,+0.00000,+0.00000,0.0002,+0.000,+0.000,1.0000,0,1.0000,0,1,+5.000,+0.000,+5.000,-0.05000,+14.162,-0.00000,+0.00,+0.00000,1,+0.34985,+0.32666,0.01065,+41.950,0,203.6,0.0
17.399639,3,1,0.231377,0.231377,0.2490,-0.01762,1,1,0.0260,1,1,+0.51587,+0.11014,0.06236,199.83,+0.51587,+0.51587,-0.00000,+0.11014,0.06236,1.0000,1,0,0,0,0.0000,+0.00000,+0.00000,0.0002,+0.000,+0.000,1.0000,0,1.0000,0,1,+5.000,+0.000,+5.000,-0.05000,+14.162,-0.00000,+0.00,+0.00000,1,+0.34985,+0.32666,0.01065,+41.950,0,203.6,0.0
17.405914,3,1,0.231377,0.231377,0.2490,-0.01762,1,1,0.0260,1,1,+0.51587,+0.11014,0.06236,199.83,+0.51587,+0.51587,-0.00000,+0.11014,0.06236,1.0000,1,0,0,0,0.0000,+0.00000,+0.00000,0.0002,+0.000,+0.000,1.0000,0,1.0000,0,1,+5.000,+0.000,+5.000,-0.05000,+14.162,-0.00000,+0.00,+0.00000,1,+0.34985,+0.32666,0.01065,+41.950,0,203.6,0.0
17.411150,3,1,0.231377,0.231377,0.2490,-0.01762,1,1,0.0260,1,1,+0.51587,+0.11014,0.06236,199.83,+0.51587,+0.51587,-0.00000,+0.11014,0.06236,1.0000,1,0,0,0,0.0000,+0.00000,+0.00000,0.0002,+0.000,+0.000,1.0000,0,1.0000,0,1,+5.000,+0.000,+5.000,-0.05000,+14.162,-0.00000,+0.00,+0.00000,1,+0.34985,+0.32666,0.01065,+41.950,0,203.6,0.0
17.416414,3,1,0.231377,0.231377,0.2490,-0.01762,1,1,0.0260,1,1,+0.51587,+0.11014,0.06236,199.83,+0.51587,+0.51587,-0.00000,+0.11014,0.06236,1.0000,1,0,0,0,0.0000,+0.00000,+0.00000,0.0002,+0.000,+0.000,1.0000,0,1.0000,0,1,+5.000,+0.000,+5.000,-0.05000,+14.221,-0.00000,+0.00,+0.00000,1,+0.34985,+0.32666,0.01065,+42.225,0,203.6,0.0
17.421795,3,1,0.231377,0.231377,0.2490,-0.01762,1,1,0.0260,1,1,+0.51587,+0.11014,0.06236,199.83,+0.51587,+0.51587,-0.00000,+0.11014,0.06236,1.0000,1,0,0,0,0.0000,+0.00000,+0.00000,0.0002,+0.000,+0.000,1.0000,0,1.0000,0,1,+5.000,+0.000,+5.000,-0.05000,+14.221,-0.00000,+0.00,+0.00000,1,+0.34985,+0.32666,0.01065,+42.225,0,203.6,0.0
17.427472,3,1,0.231377,0.231377,0.2490,-0.01762,1,1,0.0260,1,1,+0.51587,+0.11014,0.06236,199.83,+0.51587,+0.51587,-0.00000,+0.11014,0.06236,1.0000,1,0,0,0,0.0000,+0.00000,+0.00000,0.0002,+0.000,+0.000,1.0000,0,1.0000,0,1,+5.000,+0.000,+5.000,-0.05000,+14.248,-0.00000,+0.00,+0.00000,1,+0.34985,+0.32666,0.01065,+42.350,0,203.6,0.0
17.433043,3,1,0.231377,0.231377,0.2490,-0.01762,1,1,0.0260,1,1,+0.51587,+0.11014,0.06236,199.83,+0.51587,+0.51587,-0.00000,+0.11014,0.06236,1.0000,1,0,0,0,0.0000,+0.00000,+0.00000,0.0002,+0.000,+0.000,1.0000,0,1.0000,0,1,+5.000,+0.000,+5.000,-0.05000,+14.248,-0.00000,+0.00,+0.00000,1,+0.34985,+0.32666,0.01065,+42.350,0,203.6,0.0
17.440555,3,1,0.231377,0.231377,0.2490,-0.01762,1,1,0.0260,1,1,+0.51587,+0.11014,0.06236,199.83,+0.51587,+0.51587,-0.00000,+0.11014,0.06236,1.0000,1,0,0,0,0.0000,+0.00000,+0.00000,0.0002,+0.000,+0.000,1.0000,0,1.0000,0,1,+5.000,+0.000,+5.000,-0.05000,+14.277,-0.00000,+0.00,+0.00000,1,+0.34985,+0.32666,0.01065,+42.482,0,203.6,0.0
17.445080,3,1,0.231377,0.231377,0.2490,-0.01762,1,1,0.0260,1,1,+0.51587,+0.11014,0.06236,199.83,+0.51587,+0.51587,-0.00000,+0.11014,0.06236,1.0000,1,0,0,0,0.0000,+0.00000,+0.00000,0.0002,+0.000,+0.000,1.0000,0,1.0000,0,1,+5.000,+0.000,+5.000,-0.05000,+14.300,-0.00000,+0.00,+0.00000,1,+0.34985,+0.32666,0.01065,+42.588,0,203.6,0.0
17.450178,3,1,0.231377,0.231377,0.2490,-0.01762,1,1,0.0260,1,1,+0.51587,+0.11014,0.06236,199.83,+0.51587,+0.51587,-0.00000,+0.11014,0.06236,1.0000,1,0,0,0,0.0000,+0.00000,+0.00000,0.0002,+0.000,+0.000,1.0000,0,1.0000,0,1,+5.000,+0.000,+5.000,-0.05000,+14.300,-0.00000,+0.00,+0.00000,1,+0.34985,+0.32666,0.01065,+42.588,0,203.6,0.0
17.455039,3,1,0.231377,0.231377,0.2490,-0.01762,1,1,0.0260,1,1,+0.51587,+0.11014,0.06236,199.83,+0.51587,+0.51587,-0.00000,+0.11014,0.06236,1.0000,1,0,0,0,0.0000,+0.00000,+0.00000,0.0002,+0.000,+0.000,1.0000,0,1.0000,0,1,+5.000,+0.000,+5.000,-0.05000,+14.332,-0.00000,+0.00,+0.00000,1,+0.34985,+0.32666,0.01065,+42.732,0,203.6,0.0
17.459548,3,1,0.231377,0.231377,0.2490,-0.01762,1,1,0.0260,1,1,+0.51587,+0.11014,0.06236,199.83,+0.51587,+0.51587,-0.00000,+0.11014,0.06236,1.0000,1,0,0,0,0.0000,+0.00000,+0.00000,0.0002,+0.000,+0.000,1.0000,0,1.0000,0,1,+5.000,+0.000,+5.000,-0.05000,+14.332,-0.00000,+0.00,+0.00000,1,+0.34985,+0.32666,0.01065,+42.732,0,203.6,0.0
17.464502,3,1,0.231377,0.231377,0.2490,-0.01762,1,1,0.0260,1,1,+0.51587,+0.11014,0.06236,199.83,+0.51587,+0.51587,-0.00000,+0.11014,0.06236,1.0000,1,0,0,0,0.0000,+0.00000,+0.00000,0.0002,+0.000,+0.000,1.0000,0,1.0000,0,1,+5.000,+0.000,+5.000,-0.05000,+14.358,-0.00000,+0.00,+0.00000,1,+0.34985,+0.32666,0.01065,+42.849,0,203.6,0.0
17.469649,3,1,0.231377,0.231377,0.2490,-0.01762,1,1,0.0260,1,1,+0.51587,+0.11014,0.06236,199.83,+0.51587,+0.51587,-0.00000,+0.11014,0.06236,1.0000,1,0,0,0,0.0000,+0.00000,+0.00000,0.0002,+0.000,+0.000,1.0000,0,1.0000,0,1,+5.000,+0.000,+5.000,-0.05000,+14.358,-0.00000,+0.00,+0.00000,1,+0.34985,+0.32666,0.01065,+42.849,0,203.6,0.0
17.474225,3,1,0.231377,0.231377,0.2490,-0.01762,1,1,0.0260,1,1,+0.51587,+0.11014,0.06236,199.83,+0.51587,+0.51587,-0.00000,+0.11014,0.06236,1.0000,1,0,0,0,0.0000,+0.00000,+0.00000,0.0002,+0.000,+0.000,1.0000,0,1.0000,0,1,+5.000,+0.000,+5.000,-0.05000,+14.380,-0.00000,+0.00,+0.00000,1,+0.34985,+0.32666,0.01065,+42.950,0,203.6,0.0
17.479100,3,1,0.231377,0.231377,0.2490,-0.01762,1,1,0.0260,1,1,+0.51587,+0.11014,0.06236,199.83,+0.51587,+0.51587,-0.00000,+0.11014,0.06236,1.0000,1,0,0,0,0.0000,+0.00000,+0.00000,0.0002,+0.000,+0.000,1.0000,0,1.0000,0,1,+5.000,+0.000,+5.000,-0.05000,+14.380,-0.00000,+0.00,+0.00000,1,+0.34985,+0.32666,0.01065,+42.950,0,203.6,0.0
17.484261,3,1,0.231377,0.231377,0.2490,-0.01762,1,1,0.0260,1,1,+0.51587,+0.11014,0.06236,199.83,+0.51587,+0.51587,-0.00000,+0.11014,0.06236,1.0000,1,0,0,0,0.0000,+0.00000,+0.00000,0.0002,+0.000,+0.000,1.0000,0,1.0000,0,1,+5.000,+0.000,+5.000,-0.05000,+14.405,-0.00000,+0.00,+0.00000,1,+0.34985,+0.32666,0.01065,+43.062,0,203.6,0.0
17.489814,3,1,0.231377,0.231377,0.2490,-0.01762,1,1,0.0260,1,1,+0.51587,+0.11014,0.06236,199.83,+0.51587,+0.51587,-0.00000,+0.11014,0.06236,1.0000,1,0,0,0,0.0000,+0.00000,+0.00000,0.0002,+0.000,+0.000,1.0000,0,1.0000,0,1,+5.000,+0.000,+5.000,-0.05000,+14.434,-0.00000,+0.00,+0.00000,1,+0.34985,+0.32666,0.01065,+43.189,0,203.6,0.0
17.494712,3,1,0.231377,0.231377,0.2490,-0.01762,1,1,0.0260,1,1,+0.51587,+0.11014,0.06236,199.83,+0.51587,+0.51587,-0.00000,+0.11014,0.06236,1.0000,1,0,0,0,0.0000,+0.00000,+0.00000,0.0002,+0.000,+0.000,1.0000,0,1.0000,0,1,+5.000,+0.000,+5.000,-0.05000,+14.434,-0.00000,+0.00,+0.00000,1,+0.34985,+0.32666,0.01065,+43.189,0,203.6,0.0
17.499429,3,1,0.231377,0.231377,0.2490,-0.01762,1,1,0.0260,1,1,+0.51587,+0.11014,0.06236,199.83,+0.51587,+0.51587,-0.00000,+0.11014,0.06236,1.0000,1,0,0,0,0.0000,+0.00000,+0.00000,0.0002,+0.000,+0.000,1.0000,0,1.0000,0,1,+5.000,+0.000,+5.000,-0.05000,+14.452,-0.00000,+0.00,+0.00000,1,+0.34985,+0.32666,0.01065,+43.268,0,203.6,0.0
17.504027,3,1,0.231377,0.231377,0.2490,-0.01762,1,1,0.0260,1,1,+0.51587,+0.11014,0.06236,199.83,+0.51587,+0.51587,-0.00000,+0.11014,0.06236,1.0000,1,0,0,0,0.0000,+0.00000,+0.00000,0.0002,+0.000,+0.000,1.0000,0,1.0000,0,1,+5.000,+0.000,+5.000,-0.05000,+14.452,-0.00000,+0.00,+0.00000,1,+0.34985,+0.32666,0.01065,+43.268,0,203.6,0.0
17.508447,3,1,0.231377,0.231377,0.2490,-0.01762,1,1,0.0260,1,1,+0.51587,+0.11014,0.06236,199.83,+0.51587,+0.51587,-0.00000,+0.11014,0.06236,1.0000,1,0,0,0,0.0000,+0.00000,+0.00000,0.0002,+0.000,+0.000,1.0000,0,1.0000,0,1,+5.000,+0.000,+5.000,-0.05000,+14.479,-0.00000,+0.00,+0.00000,1,+0.34985,+0.32666,0.01065,+43.387,0,203.6,0.0
17.513533,3,1,0.231377,0.231377,0.2490,-0.01762,1,1,0.0260,1,1,+0.51587,+0.11014,0.06236,199.83,+0.51587,+0.51587,-0.00000,+0.11014,0.06236,1.0000,1,0,0,0,0.0000,+0.00000,+0.00000,0.0002,+0.000,+0.000,1.0000,0,1.0000,0,1,+5.000,+0.000,+5.000,-0.05000,+14.479,-0.00000,+0.00,+0.00000,1,+0.34985,+0.32666,0.01065,+43.387,0,203.6,0.0
17.518387,3,1,0.231377,0.231377,0.2490,-0.01762,1,1,0.0260,1,1,+0.51587,+0.11014,0.06236,199.83,+0.51587,+0.51587,-0.00000,+0.11014,0.06236,1.0000,1,0,0,0,0.0000,+0.00000,+0.00000,0.0002,+0.000,+0.000,1.0000,0,1.0000,0,1,+5.000,+0.000,+5.000,-0.05000,+14.504,-0.00000,+0.00,+0.00000,1,+0.34985,+0.32666,0.01065,+43.496,0,203.6,0.0
17.523172,3,1,0.231377,0.231377,0.2490,-0.01762,1,1,0.0260,1,1,+0.51587,+0.11014,0.06236,199.83,+0.51587,+0.51587,-0.00000,+0.11014,0.06236,1.0000,1,0,0,0,0.0000,+0.00000,+0.00000,0.0002,+0.000,+0.000,1.0000,0,1.0000,0,1,+5.000,+0.000,+5.000,-0.05000,+14.529,-0.00000,+0.00,+0.00000,1,+0.34985,+0.32666,0.01065,+43.604,0,203.6,0.0
17.528087,3,1,0.231377,0.231377,0.2490,-0.01762,1,1,0.0260,1,1,+0.51587,+0.11014,0.06236,199.83,+0.51587,+0.51587,-0.00000,+0.11014,0.06236,1.0000,1,0,0,0,0.0000,+0.00000,+0.00000,0.0002,+0.000,+0.000,1.0000,0,1.0000,0,1,+5.000,+0.000,+5.000,-0.05000,+14.529,-0.00000,+0.00,+0.00000,1,+0.34985,+0.32666,0.01065,+43.604,0,203.6,0.0
17.536599,3,1,0.231377,0.231377,0.2490,-0.01762,1,1,0.0260,1,1,+0.51587,+0.11014,0.06236,199.83,+0.51587,+0.51587,-0.00000,+0.11014,0.06236,1.0000,1,0,0,0,0.0000,+0.00000,+0.00000,0.0002,+0.000,+0.000,1.0000,0,1.0000,0,1,+5.000,+0.000,+5.000,-0.05000,+14.559,-0.00000,+0.00,+0.00000,1,+0.34985,+0.32666,0.01065,+43.735,0,203.6,0.0
17.545558,3,1,0.231377,0.231377,0.2490,-0.01762,1,1,0.0260,1,1,+0.51587,+0.11014,0.06236,199.83,+0.51587,+0.51587,-0.00000,+0.11014,0.06236,1.0000,1,0,0,0,0.0000,+0.00000,+0.00000,0.0002,+0.000,+0.000,1.0000,0,1.0000,0,1,+5.000,+0.000,+5.000,-0.05000,+14.589,-0.00000,+0.00,+0.00000,1,+0.34985,+0.32666,0.01065,+43.864,0,203.6,0.0
17.551552,3,1,0.231377,0.231377,0.2490,-0.01762,1,1,0.0260,1,1,+0.51587,+0.11014,0.06236,199.83,+0.51587,+0.51587,-0.00000,+0.11014,0.06236,1.0000,1,0,0,0,0.0000,+0.00000,+0.00000,0.0002,+0.000,+0.000,1.0000,0,1.0000,0,1,+5.000,+0.000,+5.000,-0.05000,+14.618,-0.00000,+0.00,+0.00000,1,+0.34985,+0.32666,0.01065,+43.984,0,203.6,0.0
17.559432,3,1,0.231377,0.231377,0.2490,-0.01762,1,1,0.0260,1,1,+0.51587,+0.11014,0.06236,199.83,+0.51587,+0.51587,-0.00000,+0.11014,0.06236,1.0000,1,0,0,0,0.0000,+0.00000,+0.00000,0.0002,+0.000,+0.000,1.0000,0,1.0000,0,1,+5.000,+0.000,+5.000,-0.05000,+14.618,-0.00000,+0.00,+0.00000,1,+0.34985,+0.32666,0.01065,+43.984,0,203.6,0.0
17.565712,3,1,0.231377,0.231377,0.2490,-0.01762,1,1,0.0260,1,1,+0.51587,+0.11014,0.06236,199.83,+0.51587,+0.51587,-0.00000,+0.11014,0.06236,1.0000,1,0,0,0,0.0000,+0.00000,+0.00000,0.0002,+0.000,+0.000,1.0000,0,1.0000,0,1,+5.000,+0.000,+5.000,-0.05000,+14.656,-0.00000,+0.00,+0.00000,1,+0.34985,+0.32666,0.01065,+44.148,0,203.6,0.0
17.571373,3,1,0.231377,0.231377,0.2490,-0.01762,1,1,0.0260,1,1,+0.51587,+0.11014,0.06236,199.83,+0.51587,+0.51587,-0.00000,+0.11014,0.06236,1.0000,1,0,0,0,0.0000,+0.00000,+0.00000,0.0002,+0.000,+0.000,1.0000,0,1.0000,0,1,+5.000,+0.000,+5.000,-0.05000,+14.674,-0.00000,+0.00,+0.00000,1,+0.34985,+0.32666,0.01065,+44.222,0,203.6,0.0
17.577680,3,1,0.231377,0.231377,0.2490,-0.01762,1,1,0.0260,1,1,+0.51587,+0.11014,0.06236,199.83,+0.51587,+0.51587,-0.00000,+0.11014,0.06236,1.0000,1,0,0,0,0.0000,+0.00000,+0.00000,0.0002,+0.000,+0.000,1.0000,0,1.0000,0,1,+5.000,+0.000,+5.000,-0.05000,+14.674,-0.00000,+0.00,+0.00000,1,+0.34985,+0.32666,0.01065,+44.222,0,203.6,0.0
17.584363,3,1,0.231377,0.231377,0.2490,-0.01762,1,1,0.0260,1,1,+0.51587,+0.11014,0.06236,199.83,+0.51587,+0.51587,-0.00000,+0.11014,0.06236,1.0000,1,0,0,0,0.0000,+0.00000,+0.00000,0.0002,+0.000,+0.000,1.0000,0,1.0000,0,1,+5.000,+0.000,+5.000,-0.05000,+14.704,-0.00000,+0.00,+0.00000,1,+0.34985,+0.32666,0.01065,+44.348,0,203.6,0.0
17.589309,3,1,0.231377,0.231377,0.2490,-0.01762,1,1,0.0260,1,1,+0.51587,+0.11014,0.06236,199.83,+0.51587,+0.51587,-0.00000,+0.11014,0.06236,1.0000,1,0,0,0,0.0000,+0.00000,+0.00000,0.0002,+0.000,+0.000,1.0000,0,1.0000,0,1,+5.000,+0.000,+5.000,-0.05000,+14.725,-0.00000,+0.00,+0.00000,1,+0.34985,+0.32666,0.01065,+44.434,0,203.6,0.0
17.594275,3,1,0.231377,0.231377,0.2490,-0.01762,1,1,0.0260,1,1,+0.51587,+0.11014,0.06236,199.83,+0.51587,+0.51587,-0.00000,+0.11014,0.06236,1.0000,1,0,0,0,0.0000,+0.00000,+0.00000,0.0002,+0.000,+0.000,1.0000,0,1.0000,0,1,+5.000,+0.000,+5.000,-0.05000,+14.725,-0.00000,+0.00,+0.00000,1,+0.34985,+0.32666,0.01065,+44.434,0,203.6,0.0
17.599097,3,1,0.231377,0.231377,0.2490,-0.01762,1,1,0.0260,1,1,+0.51587,+0.11014,0.06236,199.83,+0.51587,+0.51587,-0.00000,+0.11014,0.06236,1.0000,1,0,0,0,0.0000,+0.00000,+0.00000,0.0002,+0.000,+0.000,1.0000,0,1.0000,0,1,+5.000,+0.000,+5.000,-0.05000,+14.755,-0.00000,+0.00,+0.00000,1,+0.34985,+0.32666,0.01065,+44.560,0,203.6,0.0
17.604233,3,1,0.231377,0.231377,0.2490,-0.01762,1,1,0.0260,1,1,+0.51587,+0.11014,0.06236,199.83,+0.51587,+0.51587,-0.00000,+0.11014,0.06236,1.0000,1,0,0,0,0.0000,+0.00000,+0.00000,0.0002,+0.000,+0.000,1.0000,0,1.0000,0,1,+5.000,+0.000,+5.000,-0.05000,+14.755,-0.00000,+0.00,+0.00000,1,+0.34985,+0.32666,0.01065,+44.560,0,203.6,0.0
17.609190,3,1,0.231377,0.231377,0.2490,-0.01762,1,1,0.0260,1,1,+0.51587,+0.11014,0.06236,199.83,+0.51587,+0.51587,-0.00000,+0.11014,0.06236,1.0000,1,0,0,0,0.0000,+0.00000,+0.00000,0.0002,+0.000,+0.000,1.0000,0,1.0000,0,1,+5.000,+0.000,+5.000,-0.05000,+14.785,-0.00000,+0.00,+0.00000,1,+0.34985,+0.32666,0.01065,+44.685,0,203.6,0.0
17.614160,3,1,0.231377,0.231377,0.2490,-0.01762,1,1,0.0260,1,1,+0.51587,+0.11014,0.06236,199.83,+0.51587,+0.51587,-0.00000,+0.11014,0.06236,1.0000,1,0,0,0,0.0000,+0.00000,+0.00000,0.0001,+0.000,+0.000,1.0000,0,1.0000,0,1,+5.000,+0.000,+5.000,-0.05000,+14.805,-0.00000,+0.00,+0.00000,1,+0.34985,+0.32666,0.01065,+44.766,0,203.6,0.0
17.619033,3,1,0.231377,0.231377,0.2490,-0.01762,1,1,0.0260,1,1,+0.51587,+0.11014,0.06236,199.83,+0.51587,+0.51587,-0.00000,+0.11014,0.06236,1.0000,1,0,0,0,0.0000,+0.00000,+0.00000,0.0001,+0.000,+0.000,1.0000,0,1.0000,0,1,+5.000,+0.000,+5.000,-0.05000,+14.805,-0.00000,+0.00,+0.00000,1,+0.34985,+0.32666,0.01065,+44.766,0,203.6,0.0
17.623758,3,1,0.231377,0.231377,0.2490,-0.01762,1,1,0.0260,1,1,+0.51587,+0.11014,0.06236,199.83,+0.51587,+0.51587,-0.00000,+0.11014,0.06236,1.0000,1,0,0,0,0.0000,+0.00000,+0.00000,0.0001,+0.000,+0.000,1.0000,0,1.0000,0,1,+5.000,+0.000,+5.000,-0.05000,+14.836,-0.00000,+0.00,+0.00000,1,+0.34985,+0.32666,0.01065,+44.891,0,203.6,0.0
17.630185,3,1,0.231377,0.231377,0.2490,-0.01762,1,1,0.0260,1,1,+0.51587,+0.11014,0.06236,199.83,+0.51587,+0.51587,-0.00000,+0.11014,0.06236,1.0000,1,0,0,0,0.0000,+0.00000,+0.00000,0.0001,+0.000,+0.000,1.0000,0,1.0000,0,1,+5.000,+0.000,+5.000,-0.05000,+14.836,-0.00000,+0.00,+0.00000,1,+0.34985,+0.32666,0.01065,+44.891,0,203.6,0.0
17.635038,3,1,0.231377,0.231377,0.2490,-0.01762,1,1,0.0260,1,1,+0.51587,+0.11014,0.06236,199.83,+0.51587,+0.51587,-0.00000,+0.11014,0.06236,1.0000,1,0,0,0,0.0000,+0.00000,+0.00000,0.0001,+0.000,+0.000,1.0000,0,1.0000,0,1,+5.000,+0.000,+5.000,-0.05000,+14.860,-0.00000,+0.00,+0.00000,1,+0.34985,+0.32666,0.01065,+44.988,0,203.6,0.0
17.640088,3,1,0.231377,0.231377,0.2490,-0.01762,1,1,0.0260,1,1,+0.51587,+0.11014,0.06236,199.83,+0.51587,+0.51587,-0.00000,+0.11014,0.06236,1.0000,1,0,0,0,0.0000,+0.00000,+0.00000,0.0001,+0.000,+0.000,1.0000,0,1.0000,0,1,+5.000,+0.000,+5.000,-0.05000,+14.890,-0.00000,+0.00,+0.00000,1,+0.34985,+0.32666,0.01065,+45.110,0,203.6,0.0
17.644951,3,1,0.231377,0.231377,0.2490,-0.01762,1,1,0.0260,1,1,+0.51587,+0.11014,0.06236,199.83,+0.51587,+0.51587,-0.00000,+0.11014,0.06236,1.0000,1,0,0,0,0.0000,+0.00000,+0.00000,0.0001,+0.000,+0.000,1.0000,0,1.0000,0,1,+5.000,+0.000,+5.000,-0.05000,+14.890,-0.00000,+0.00,+0.00000,1,+0.34985,+0.32666,0.01065,+45.110,0,203.6,0.0
17.649852,3,1,0.231377,0.231377,0.2490,-0.01762,1,1,0.0260,1,1,+0.51587,+0.11014,0.06236,199.83,+0.51587,+0.51587,-0.00000,+0.11014,0.06236,1.0000,1,0,0,0,0.0000,+0.00000,+0.00000,0.0001,+0.000,+0.000,1.0000,0,1.0000,0,1,+5.000,+0.000,+5.000,-0.05000,+14.917,-0.00000,+0.00,+0.00000,1,+0.34985,+0.32666,0.01065,+45.217,0,203.6,0.0
17.655529,3,1,0.231377,0.231377,0.2490,-0.01762,1,1,0.0260,1,1,+0.51587,+0.11014,0.06236,199.83,+0.51587,+0.51587,-0.00000,+0.11014,0.06236,1.0000,1,0,0,0,0.0000,+0.00000,+0.00000,0.0001,+0.000,+0.000,1.0000,0,1.0000,0,1,+5.000,+0.000,+5.000,-0.05000,+14.917,-0.00000,+0.00,+0.00000,1,+0.34985,+0.32666,0.01065,+45.217,0,203.6,0.0
17.666522,3,1,0.231377,0.231377,0.2490,-0.01762,1,1,0.0260,1,1,+0.51587,+0.11014,0.06236,199.83,+0.51587,+0.51587,-0.00000,+0.11014,0.06236,1.0000,1,0,0,0,0.0000,+0.00000,+0.00000,0.0001,+0.000,+0.000,1.0000,0,1.0000,0,1,+5.000,+0.000,+5.000,-0.05000,+14.917,-0.00000,+0.00,+0.00000,1,+0.34985,+0.32666,0.01065,+45.217,0,203.6,0.0
17.672573,3,1,0.231377,0.231377,0.2490,-0.01762,1,1,0.0260,1,1,+0.51587,+0.11014,0.06236,199.83,+0.51587,+0.51587,-0.00000,+0.11014,0.06236,1.0000,1,0,0,0,0.0000,+0.00000,+0.00000,0.0001,+0.000,+0.000,1.0000,0,1.0000,0,1,+5.000,+0.000,+5.000,-0.05000,+14.984,-0.00000,+0.00,+0.00000,1,+0.34985,+0.32666,0.01065,+45.482,0,203.6,0.0
17.682165,3,1,0.231377,0.231377,0.2490,-0.01762,1,1,0.0260,1,1,+0.51587,+0.11014,0.06236,199.83,+0.51587,+0.51587,-0.00000,+0.11014,0.06236,1.0000,1,0,0,0,0.0000,+0.00000,+0.00000,0.0001,+0.000,+0.000,1.0000,0,1.0000,0,1,+5.000,+0.000,+5.000,-0.05000,+15.023,-0.00000,+0.00,+0.00000,1,+0.34985,+0.32666,0.01065,+45.634,0,203.6,0.0
17.694288,3,1,0.231377,0.231377,0.2490,-0.01762,1,1,0.0260,1,1,+0.51587,+0.11014,0.06236,199.83,+0.51587,+0.51587,-0.00000,+0.11014,0.06236,1.0000,1,0,0,0,0.0000,+0.00000,+0.00000,0.0001,+0.000,+0.000,1.0000,0,1.0000,0,1,+5.000,+0.000,+5.000,-0.05000,+15.066,-0.00000,+0.00,+0.00000,1,+0.34985,+0.32666,0.01065,+45.803,0,203.6,0.0
17.718885,3,1,0.231377,0.231377,0.2490,-0.01762,1,1,0.0260,1,1,+0.51587,+0.11014,0.06236,199.83,+0.51587,+0.51587,-0.00000,+0.11014,0.06236,1.0000,1,0,0,0,0.0000,+0.00000,+0.00000,0.0001,+0.000,+0.000,1.0000,0,1.0000,0,1,+5.000,+0.000,+5.000,-0.05000,+15.142,-0.00000,+0.00,+0.00000,1,+0.34985,+0.32666,0.01065,+46.095,0,203.6,0.0
17.731192,3,1,0.231377,0.231377,0.2490,-0.01762,1,1,0.0260,1,1,+0.51587,+0.11014,0.06236,199.83,+0.51587,+0.51587,-0.00000,+0.11014,0.06236,1.0000,1,0,0,0,0.0000,+0.00000,+0.00000,0.0001,+0.000,+0.000,1.0000,0,1.0000,0,1,+5.000,+0.000,+5.000,-0.05000,+15.142,-0.00000,+0.00,+0.00000,1,+0.34985,+0.32666,0.01065,+46.095,0,203.6,0.0
17.737244,3,1,0.231377,0.231377,0.2490,-0.01762,1,1,0.0260,1,1,+0.51587,+0.11014,0.06236,199.83,+0.51587,+0.51587,-0.00000,+0.11014,0.06236,1.0000,1,0,0,0,0.0000,+0.00000,+0.00000,0.0001,+0.000,+0.000,1.0000,0,1.0000,0,1,+5.000,+0.000,+5.000,-0.05000,+15.142,-0.00000,+0.00,+0.00000,1,+0.34985,+0.32666,0.01065,+46.095,0,203.6,0.0
17.751794,3,1,0.231377,0.231377,0.2490,-0.01762,1,1,0.0260,1,1,+0.51587,+0.11014,0.06236,199.83,+0.51587,+0.51587,-0.00000,+0.11014,0.06236,1.0000,1,0,0,0,0.0000,+0.00000,+0.00000,0.0001,+0.000,+0.000,1.0000,0,1.0000,0,1,+5.000,+0.000,+5.000,-0.05000,+15.263,-0.00000,+0.00,+0.00000,1,+0.34985,+0.32666,0.01065,+46.555,0,203.6,0.0
17.758274,3,1,0.231377,0.231377,0.2490,-0.01762,1,1,0.0260,1,1,+0.51587,+0.11014,0.06236,199.83,+0.51587,+0.51587,-0.00000,+0.11014,0.06236,1.0000,1,0,0,0,0.0000,+0.00000,+0.00000,0.0001,+0.000,+0.000,1.0000,0,1.0000,0,1,+5.000,+0.000,+5.000,-0.05000,+15.263,-0.00000,+0.00,+0.00000,1,+0.34985,+0.32666,0.01065,+46.555,0,203.6,0.0
17.763516,3,1,0.231377,0.231377,0.2490,-0.01762,1,1,0.0260,1,1,+0.51587,+0.11014,0.06236,199.83,+0.51587,+0.51587,-0.00000,+0.11014,0.06236,1.0000,1,0,0,0,0.0000,+0.00000,+0.00000,0.0001,+0.000,+0.000,1.0000,0,1.0000,0,1,+5.000,+0.000,+5.000,-0.05000,+15.295,-0.00000,+0.00,+0.00000,1,+0.34985,+0.32666,0.01065,+46.674,0,203.6,0.0
17.771067,3,1,0.231377,0.231377,0.2490,-0.01762,1,1,0.0260,1,1,+0.51587,+0.11014,0.06236,199.83,+0.51587,+0.51587,-0.00000,+0.11014,0.06236,1.0000,1,0,0,0,0.0000,+0.00000,+0.00000,0.0001,+0.000,+0.000,1.0000,0,1.0000,0,1,+5.000,+0.000,+5.000,-0.05000,+15.295,-0.00000,+0.00,+0.00000,1,+0.34985,+0.32666,0.01065,+46.674,0,203.6,0.0
17.776418,3,1,0.231377,0.231377,0.2490,-0.01762,1,1,0.0260,1,1,+0.51587,+0.11014,0.06236,199.83,+0.51587,+0.51587,-0.00000,+0.11014,0.06236,1.0000,1,0,0,0,0.0000,+0.00000,+0.00000,0.0001,+0.000,+0.000,1.0000,0,1.0000,0,1,+5.000,+0.000,+5.000,-0.05000,+15.332,-0.00000,+0.00,+0.00000,1,+0.34985,+0.32666,0.01065,+46.811,0,203.6,0.0
17.781758,3,1,0.231377,0.231377,0.2490,-0.01762,1,1,0.0260,1,1,+0.51587,+0.11014,0.06236,199.83,+0.51587,+0.51587,-0.00000,+0.11014,0.06236,1.0000,1,0,0,0,0.0000,+0.00000,+0.00000,0.0001,+0.000,+0.000,1.0000,0,1.0000,0,1,+5.000,+0.000,+5.000,-0.05000,+15.356,-0.00000,+0.00,+0.00000,1,+0.34985,+0.32666,0.01065,+46.897,0,203.6,0.0
17.786430,3,1,0.231377,0.231377,0.2490,-0.01762,1,1,0.0260,1,1,+0.51587,+0.11014,0.06236,199.83,+0.51587,+0.51587,-0.00000,+0.11014,0.06236,1.0000,1,0,0,0,0.0000,+0.00000,+0.00000,0.0001,+0.000,+0.000,1.0000,0,1.0000,0,1,+5.000,+0.000,+5.000,-0.05000,+15.356,-0.00000,+0.00,+0.00000,1,+0.34985,+0.32666,0.01065,+46.897,0,203.6,0.0
17.791253,3,1,0.231377,0.231377,0.2490,-0.01762,1,1,0.0260,1,1,+0.51587,+0.11014,0.06236,199.83,+0.51587,+0.51587,-0.00000,+0.11014,0.06236,1.0000,1,0,0,0,0.0000,+0.00000,+0.00000,0.0001,+0.000,+0.000,1.0000,0,1.0000,0,1,+5.000,+0.000,+5.000,-0.05000,+15.388,-0.00000,+0.00,+0.00000,1,+0.34985,+0.32666,0.01065,+47.014,0,203.6,0.0
17.796392,3,1,0.231377,0.231377,0.2490,-0.01762,1,1,0.0260,1,1,+0.51587,+0.11014,0.06236,199.83,+0.51587,+0.51587,-0.00000,+0.11014,0.06236,1.0000,1,0,0,0,0.0000,+0.00000,+0.00000,0.0001,+0.000,+0.000,1.0000,0,1.0000,0,1,+5.000,+0.000,+5.000,-0.05000,+15.414,-0.00000,+0.00,+0.00000,1,+0.34985,+0.32666,0.01065,+47.109,0,203.6,0.0
17.801818,3,1,0.231377,0.231377,0.2490,-0.01762,1,1,0.0260,1,1,+0.51587,+0.11014,0.06236,199.83,+0.51587,+0.51587,-0.00000,+0.11014,0.06236,1.0000,1,0,0,0,0.0000,+0.00000,+0.00000,0.0001,+0.000,+0.000,1.0000,0,1.0000,0,1,+5.000,+0.000,+5.000,-0.05000,+15.414,-0.00000,+0.00,+0.00000,1,+0.34985,+0.32666,0.01065,+47.109,0,203.6,0.0
17.806361,3,1,0.231377,0.231377,0.2490,-0.01762,1,1,0.0260,1,1,+0.51587,+0.11014,0.06236,199.83,+0.51587,+0.51587,-0.00000,+0.11014,0.06236,1.0000,1,0,0,0,0.0000,+0.00000,+0.00000,0.0001,+0.000,+0.000,1.0000,0,1.0000,0,1,+5.000,+0.000,+5.000,-0.05000,+15.454,-0.00000,+0.00,+0.00000,1,+0.34985,+0.32666,0.01065,+47.256,0,203.6,0.0
17.811657,3,1,0.231377,0.231377,0.2490,-0.01762,1,1,0.0260,1,1,+0.51587,+0.11014,0.06236,199.83,+0.51587,+0.51587,-0.00000,+0.11014,0.06236,1.0000,1,0,0,0,0.0000,+0.00000,+0.00000,0.0001,+0.000,+0.000,1.0000,0,1.0000,0,1,+5.000,+0.000,+5.000,-0.05000,+15.477,-0.00000,+0.00,+0.00000,1,+0.34985,+0.32666,0.01065,+47.337,0,203.6,0.0
17.816163,3,1,0.231377,0.231377,0.2490,-0.01762,1,1,0.0260,1,1,+0.51587,+0.11014,0.06236,199.83,+0.51587,+0.51587,-0.00000,+0.11014,0.06236,1.0000,1,0,0,0,0.0000,+0.00000,+0.00000,0.0001,+0.000,+0.000,1.0000,0,1.0000,0,1,+5.000,+0.000,+5.000,-0.05000,+15.477,-0.00000,+0.00,+0.00000,1,+0.34985,+0.32666,0.01065,+47.337,0,203.6,0.0
17.821235,3,1,0.231377,0.231377,0.2490,-0.01762,1,1,0.0260,1,1,+0.51587,+0.11014,0.06236,199.83,+0.51587,+0.51587,-0.00000,+0.11014,0.06236,1.0000,1,0,0,0,0.0000,+0.00000,+0.00000,0.0001,+0.000,+0.000,1.0000,0,1.0000,0,1,+5.000,+0.000,+5.000,-0.05000,+15.507,-0.00000,+0.00,+0.00000,1,+0.34985,+0.32666,0.01065,+47.444,0,203.6,0.0
17.825898,3,1,0.231377,0.231377,0.2490,-0.01762,1,1,0.0260,1,1,+0.51587,+0.11014,0.06236,199.83,+0.51587,+0.51587,-0.00000,+0.11014,0.06236,1.0000,1,0,0,0,0.0000,+0.00000,+0.00000,0.0001,+0.000,+0.000,1.0000,0,1.0000,0,1,+5.000,+0.000,+5.000,-0.05000,+15.507,-0.00000,+0.00,+0.00000,1,+0.34985,+0.32666,0.01065,+47.444,0,203.6,0.0
17.830455,3,1,0.231377,0.231377,0.2490,-0.01762,1,1,0.0260,1,1,+0.51587,+0.11014,0.06236,199.83,+0.51587,+0.51587,-0.00000,+0.11014,0.06236,1.0000,1,0,0,0,0.0000,+0.00000,+0.00000,0.0001,+0.000,+0.000,1.0000,0,1.0000,0,1,+5.000,+0.000,+5.000,-0.05000,+15.507,-0.00000,+0.00,+0.00000,1,+0.34985,+0.32666,0.01065,+47.444,0,203.6,0.0
17.837597,3,1,0.231377,0.231377,0.2490,-0.01762,1,1,0.0260,1,1,+0.51587,+0.11014,0.06236,199.83,+0.51587,+0.51587,-0.00000,+0.11014,0.06236,1.0000,1,0,0,0,0.0000,+0.00000,+0.00000,0.0001,+0.000,+0.000,1.0000,0,1.0000,0,1,+5.000,+0.000,+5.000,-0.05000,+15.557,-0.00000,+0.00,+0.00000,1,+0.34985,+0.32666,0.01065,+47.623,0,203.6,0.0
17.842558,3,1,0.231377,0.231377,0.2490,-0.01762,1,1,0.0260,1,1,+0.51587,+0.11014,0.06236,199.83,+0.51587,+0.51587,-0.00000,+0.11014,0.06236,1.0000,1,0,0,0,0.0000,+0.00000,+0.00000,0.0001,+0.000,+0.000,1.0000,0,1.0000,0,1,+5.000,+0.000,+5.000,-0.05000,+15.575,-0.00000,+0.00,+0.00000,1,+0.34985,+0.32666,0.01065,+47.684,0,203.6,0.0
17.847064,3,1,0.231377,0.231377,0.2490,-0.01762,1,1,0.0260,1,1,+0.51587,+0.11014,0.06236,199.83,+0.51587,+0.51587,-0.00000,+0.11014,0.06236,1.0000,1,0,0,0,0.0000,+0.00000,+0.00000,0.0001,+0.000,+0.000,1.0000,0,1.0000,0,1,+5.000,+0.000,+5.000,-0.05000,+15.605,-0.00000,+0.00,+0.00000,1,+0.34985,+0.32666,0.01065,+47.790,0,203.6,0.0
17.851640,3,1,0.231377,0.231377,0.2490,-0.01762,1,1,0.0260,1,1,+0.51587,+0.11014,0.06236,199.83,+0.51587,+0.51587,-0.00000,+0.11014,0.06236,1.0000,1,0,0,0,0.0000,+0.00000,+0.00000,0.0001,+0.000,+0.000,1.0000,0,1.0000,0,1,+5.000,+0.000,+5.000,-0.05000,+15.605,-0.00000,+0.00,+0.00000,1,+0.34985,+0.32666,0.01065,+47.790,0,203.6,0.0
17.856424,3,1,0.231377,0.231377,0.2490,-0.01762,1,1,0.0260,1,1,+0.51587,+0.11014,0.06236,199.83,+0.51587,+0.51587,-0.00000,+0.11014,0.06236,1.0000,1,0,0,0,0.0000,+0.00000,+0.00000,0.0001,+0.000,+0.000,1.0000,0,1.0000,0,1,+5.000,+0.000,+5.000,-0.05000,+15.638,-0.00000,+0.00,+0.00000,1,+0.34985,+0.32666,0.01065,+47.907,0,203.6,0.0
17.862809,3,1,0.231377,0.231377,0.2490,-0.01762,1,1,0.0260,1,1,+0.51587,+0.11014,0.06236,199.83,+0.51587,+0.51587,-0.00000,+0.11014,0.06236,1.0000,1,0,0,0,0.0000,+0.00000,+0.00000,0.0001,+0.000,+0.000,1.0000,0,1.0000,0,1,+5.000,+0.000,+5.000,-0.05000,+15.638,-0.00000,+0.00,+0.00000,1,+0.34985,+0.32666,0.01065,+47.907,0,203.6,0.0
17.868011,3,1,0.231377,0.231377,0.2490,-0.01762,1,1,0.0260,1,1,+0.51587,+0.11014,0.06236,199.83,+0.51587,+0.51587,-0.00000,+0.11014,0.06236,1.0000,1,0,0,0,0.0000,+0.00000,+0.00000,0.0001,+0.000,+0.000,1.0000,0,1.0000,0,1,+5.000,+0.000,+5.000,-0.05000,+15.678,-0.00000,+0.00,+0.00000,1,+0.34985,+0.32666,0.01065,+48.046,0,203.6,0.0
17.872851,3,1,0.231377,0.231377,0.2490,-0.01762,1,1,0.0260,1,1,+0.51587,+0.11014,0.06236,199.83,+0.51587,+0.51587,-0.00000,+0.11014,0.06236,1.0000,1,0,0,0,0.0000,+0.00000,+0.00000,0.0001,+0.000,+0.000,1.0000,0,1.0000,0,1,+5.000,+0.000,+5.000,-0.05000,+15.678,-0.00000,+0.00,+0.00000,1,+0.34985,+0.32666,0.01065,+48.046,0,203.6,0.0
17.877911,3,1,0.231377,0.231377,0.2490,-0.01762,1,1,0.0260,1,1,+0.51587,+0.11014,0.06236,199.83,+0.51587,+0.51587,-0.00000,+0.11014,0.06236,1.0000,1,0,0,0,0.0000,+0.00000,+0.00000,0.0001,+0.000,+0.000,1.0000,0,1.0000,0,1,+5.000,+0.000,+5.000,-0.05000,+15.706,-0.00000,+0.00,+0.00000,1,+0.34985,+0.32666,0.01065,+48.141,0,203.6,0.0
17.882585,3,1,0.231377,0.231377,0.2490,-0.01762,1,1,0.0260,1,1,+0.51587,+0.11014,0.06236,199.83,+0.51587,+0.51587,-0.00000,+0.11014,0.06236,1.0000,1,0,0,0,0.0000,+0.00000,+0.00000,0.0001,+0.000,+0.000,1.0000,0,1.0000,0,1,+5.000,+0.000,+5.000,-0.05000,+15.738,-0.00000,+0.00,+0.00000,1,+0.34985,+0.32666,0.01065,+48.250,0,203.6,0.0
17.887335,3,1,0.231377,0.231377,0.2490,-0.01762,1,1,0.0260,1,1,+0.51587,+0.11014,0.06236,199.83,+0.51587,+0.51587,-0.00000,+0.11014,0.06236,1.0000,1,0,0,0,0.0000,+0.00000,+0.00000,0.0001,+0.000,+0.000,1.0000,0,1.0000,0,1,+5.000,+0.000,+5.000,-0.05000,+15.738,-0.00000,+0.00,+0.00000,1,+0.34985,+0.32666,0.01065,+48.250,0,203.6,0.0
17.892060,3,1,0.231377,0.231377,0.2490,-0.01762,1,1,0.0260,1,1,+0.51587,+0.11014,0.06236,199.83,+0.51587,+0.51587,-0.00000,+0.11014,0.06236,1.0000,1,0,0,0,0.0000,+0.00000,+0.00000,0.0001,+0.000,+0.000,1.0000,0,1.0000,0,1,+5.000,+0.000,+5.000,-0.05000,+15.738,-0.00000,+0.00,+0.00000,1,+0.34985,+0.32666,0.01065,+48.250,0,203.6,0.0
17.896566,3,1,0.231377,0.231377,0.2490,-0.01762,1,1,0.0260,1,1,+0.51587,+0.11014,0.06236,199.83,+0.51587,+0.51587,-0.00000,+0.11014,0.06236,1.0000,1,0,0,0,0.0000,+0.00000,+0.00000,0.0001,+0.000,+0.000,1.0000,0,1.0000,0,1,+5.000,+0.000,+5.000,-0.05000,+15.780,-0.00000,+0.00,+0.00000,1,+0.34985,+0.32666,0.01065,+48.395,0,203.6,0.0
17.901141,3,1,0.231377,0.231377,0.2490,-0.01762,1,1,0.0260,1,1,+0.51587,+0.11014,0.06236,199.83,+0.51587,+0.51587,-0.00000,+0.11014,0.06236,1.0000,1,0,0,0,0.0000,+0.00000,+0.00000,0.0001,+0.000,+0.000,1.0000,0,1.0000,0,1,+5.000,+0.000,+5.000,-0.05000,+15.780,-0.00000,+0.00,+0.00000,1,+0.34985,+0.32666,0.01065,+48.395,0,203.6,0.0
17.905667,3,1,0.231377,0.231377,0.2490,-0.01762,1,1,0.0260,1,1,+0.51587,+0.11014,0.06236,199.83,+0.51587,+0.51587,-0.00000,+0.11014,0.06236,1.0000,1,0,0,0,0.0000,+0.00000,+0.00000,0.0001,+0.000,+0.000,1.0000,0,1.0000,0,1,+5.000,+0.000,+5.000,-0.05000,+15.812,-0.00000,+0.00,+0.00000,1,+0.34985,+0.32666,0.01065,+48.503,0,203.6,0.0
17.910331,3,1,0.231377,0.231377,0.2490,-0.01762,1,1,0.0260,1,1,+0.51587,+0.11014,0.06236,199.83,+0.51587,+0.51587,-0.00000,+0.11014,0.06236,1.0000,1,0,0,0,0.0000,+0.00000,+0.00000,0.0001,+0.000,+0.000,1.0000,0,1.0000,0,1,+5.000,+0.000,+5.000,-0.05000,+15.812,-0.00000,+0.00,+0.00000,1,+0.34985,+0.32666,0.01065,+48.503,0,203.6,0.0
17.915043,3,1,0.231377,0.231377,0.2490,-0.01762,1,1,0.0260,1,1,+0.51587,+0.11014,0.06236,199.83,+0.51587,+0.51587,-0.00000,+0.11014,0.06236,1.0000,1,0,0,0,0.0000,+0.00000,+0.00000,0.0001,+0.000,+0.000,1.0000,0,1.0000,0,1,+5.000,+0.000,+5.000,-0.05000,+15.847,-0.00000,+0.00,+0.00000,1,+0.34985,+0.32666,0.01065,+48.621,0,203.6,0.0
17.919658,3,1,0.231377,0.231377,0.2490,-0.01762,1,1,0.0260,1,1,+0.51587,+0.11014,0.06236,199.83,+0.51587,+0.51587,-0.00000,+0.11014,0.06236,1.0000,1,0,0,0,0.0000,+0.00000,+0.00000,0.0001,+0.000,+0.000,1.0000,0,1.0000,0,1,+5.000,+0.000,+5.000,-0.05000,+15.879,-0.00000,+0.00,+0.00000,1,+0.34985,+0.32666,0.01065,+48.728,0,203.6,0.0
17.924138,3,1,0.231377,0.231377,0.2490,-0.01762,1,1,0.0260,1,1,+0.51587,+0.11014,0.06236,199.83,+0.51587,+0.51587,-0.00000,+0.11014,0.06236,1.0000,1,0,0,0,0.0000,+0.00000,+0.00000,0.0001,+0.000,+0.000,1.0000,0,1.0000,0,1,+5.000,+0.000,+5.000,-0.05000,+15.879,-0.00000,+0.00,+0.00000,1,+0.34985,+0.32666,0.01065,+48.728,0,203.6,0.0
17.929066,3,1,0.231377,0.231377,0.2490,-0.01762,1,1,0.0260,1,1,+0.51587,+0.11014,0.06236,199.83,+0.51587,+0.51587,-0.00000,+0.11014,0.06236,1.0000,1,0,0,0,0.0000,+0.00000,+0.00000,0.0001,+0.000,+0.000,1.0000,0,1.0000,0,1,+5.000,+0.000,+5.000,-0.05000,+15.910,-0.00000,+0.00,+0.00000,1,+0.34985,+0.32666,0.01065,+48.831,0,203.6,0.0
17.933354,3,1,0.231377,0.231377,0.2490,-0.01762,1,1,0.0260,1,1,+0.51587,+0.11014,0.06236,199.83,+0.51587,+0.51587,-0.00000,+0.11014,0.06236,1.0000,1,0,0,0,0.0000,+0.00000,+0.00000,0.0001,+0.000,+0.000,1.0000,0,1.0000,0,1,+5.000,+0.000,+5.000,-0.05000,+15.910,-0.00000,+0.00,+0.00000,1,+0.34985,+0.32666,0.01065,+48.831,0,203.6,0.0
17.937911,3,1,0.231377,0.231377,0.2490,-0.01762,1,1,0.0260,1,1,+0.51587,+0.11014,0.06236,199.83,+0.51587,+0.51587,-0.00000,+0.11014,0.06236,1.0000,1,0,0,0,0.0000,+0.00000,+0.00000,0.0001,+0.000,+0.000,1.0000,0,1.0000,0,1,+5.000,+0.000,+5.000,-0.05000,+15.910,-0.00000,+0.00,+0.00000,1,+0.34985,+0.32666,0.01065,+48.831,0,203.6,0.0
17.942511,3,1,0.231377,0.231377,0.2490,-0.01762,1,1,0.0260,1,1,+0.51587,+0.11014,0.06236,199.83,+0.51587,+0.51587,-0.00000,+0.11014,0.06236,1.0000,1,0,0,0,0.0000,+0.00000,+0.00000,0.0001,+0.000,+0.000,1.0000,0,1.0000,0,1,+5.000,+0.000,+5.000,-0.05000,+15.952,-0.00000,+0.00,+0.00000,1,+0.34985,+0.32666,0.01065,+48.971,0,203.6,0.0
17.947171,3,1,0.231377,0.231377,0.2490,-0.01762,1,1,0.0260,1,1,+0.51587,+0.11014,0.06236,199.83,+0.51587,+0.51587,-0.00000,+0.11014,0.06236,1.0000,1,0,0,0,0.0000,+0.00000,+0.00000,0.0001,+0.000,+0.000,1.0000,0,1.0000,0,1,+5.000,+0.000,+5.000,-0.05000,+15.982,-0.00000,+0.00,+0.00000,1,+0.34985,+0.32666,0.01065,+49.070,0,203.6,0.0
17.952091,3,1,0.231377,0.231377,0.2490,-0.01762,1,1,0.0260,1,1,+0.51587,+0.11014,0.06236,199.83,+0.51587,+0.51587,-0.00000,+0.11014,0.06236,1.0000,1,0,0,0,0.0000,+0.00000,+0.00000,0.0001,+0.000,+0.000,1.0000,0,1.0000,0,1,+5.000,+0.000,+5.000,-0.05000,+15.982,-0.00000,+0.00,+0.00000,1,+0.34985,+0.32666,0.01065,+49.070,0,203.6,0.0
17.956789,3,1,0.231377,0.231377,0.2490,-0.01762,1,1,0.0260,1,1,+0.51587,+0.11014,0.06236,199.83,+0.51587,+0.51587,-0.00000,+0.11014,0.06236,1.0000,1,0,0,0,0.0000,+0.00000,+0.00000,0.0001,+0.000,+0.000,1.0000,0,1.0000,0,1,+5.000,+0.000,+5.000,-0.05000,+16.019,-0.00000,+0.00,+0.00000,1,+0.34985,+0.32666,0.01065,+49.191,0,203.6,0.0
17.961635,3,1,0.231377,0.231377,0.2490,-0.01762,1,1,0.0260,1,1,+0.51587,+0.11014,0.06236,199.83,+0.51587,+0.51587,-0.00000,+0.11014,0.06236,1.0000,1,0,0,0,0.0000,+0.00000,+0.00000,0.0001,+0.000,+0.000,1.0000,0,1.0000,0,1,+5.000,+0.000,+5.000,-0.05000,+16.019,-0.00000,+0.00,+0.00000,1,+0.34985,+0.32666,0.01065,+49.191,0,203.6,0.0
17.966567,3,1,0.231377,0.231377,0.2490,-0.01762,1,1,0.0260,1,1,+0.51587,+0.11014,0.06236,199.83,+0.51587,+0.51587,-0.00000,+0.11014,0.06236,1.0000,1,0,0,0,0.0000,+0.00000,+0.00000,0.0001,+0.000,+0.000,1.0000,0,1.0000,0,1,+5.000,+0.000,+5.000,-0.05000,+16.063,-0.00000,+0.00,+0.00000,1,+0.34985,+0.32666,0.01065,+49.332,0,203.6,0.0
17.971147,3,1,0.231377,0.231377,0.2490,-0.01762,1,1,0.0260,1,1,+0.51587,+0.11014,0.06236,199.83,+0.51587,+0.51587,-0.00000,+0.11014,0.06236,1.0000,1,0,0,0,0.0000,+0.00000,+0.00000,0.0001,+0.000,+0.000,1.0000,0,1.0000,0,1,+5.000,+0.000,+5.000,-0.05000,+16.063,-0.00000,+0.00,+0.00000,1,+0.34985,+0.32666,0.01065,+49.332,0,203.6,0.0
17.975631,3,1,0.231377,0.231377,0.2490,-0.01762,1,1,0.0260,1,1,+0.51587,+0.11014,0.06236,199.83,+0.51587,+0.51587,-0.00000,+0.11014,0.06236,1.0000,1,0,0,0,0.0000,+0.00000,+0.00000,0.0001,+0.000,+0.000,1.0000,0,1.0000,0,1,+5.000,+0.000,+5.000,-0.05000,+16.092,-0.00000,+0.00,+0.00000,1,+0.34985,+0.32666,0.01065,+49.425,0,203.6,0.0
17.980331,3,1,0.231377,0.231377,0.2490,-0.01762,1,1,0.0260,1,1,+0.51587,+0.11014,0.06236,199.83,+0.51587,+0.51587,-0.00000,+0.11014,0.06236,1.0000,1,0,0,0,0.0000,+0.00000,+0.00000,0.0001,+0.000,+0.000,1.0000,0,1.0000,0,1,+5.000,+0.000,+5.000,-0.05000,+16.092,-0.00000,+0.00,+0.00000,1,+0.34985,+0.32666,0.01065,+49.425,0,203.6,0.0
17.984736,3,1,0.231377,0.231377,0.2490,-0.01762,1,1,0.0260,1,1,+0.51587,+0.11014,0.06236,199.83,+0.51587,+0.51587,-0.00000,+0.11014,0.06236,1.0000,1,0,0,0,0.0000,+0.00000,+0.00000,0.0001,+0.000,+0.000,1.0000,0,1.0000,0,1,+5.000,+0.000,+5.000,-0.05000,+16.128,-0.00000,+0.00,+0.00000,1,+0.34985,+0.32666,0.01065,+49.543,0,203.6,0.0
17.989361,3,1,0.231377,0.231377,0.2490,-0.01762,1,1,0.0260,1,1,+0.51587,+0.11014,0.06236,199.83,+0.51587,+0.51587,-0.00000,+0.11014,0.06236,1.0000,1,0,0,0,0.0000,+0.00000,+0.00000,0.0001,+0.000,+0.000,1.0000,0,1.0000,0,1,+5.000,+0.000,+5.000,-0.05000,+16.128,-0.00000,+0.00,+0.00000,1,+0.34985,+0.32666,0.01065,+49.543,0,203.6,0.0
17.993923,3,1,0.231377,0.231377,0.2490,-0.01762,1,1,0.0260,1,1,+0.51587,+0.11014,0.06236,199.83,+0.51587,+0.51587,-0.00000,+0.11014,0.06236,1.0000,1,0,0,0,0.0000,+0.00000,+0.00000,0.0001,+0.000,+0.000,1.0000,0,1.0000,0,1,+5.000,+0.000,+5.000,-0.05000,+16.163,-0.00000,+0.00,+0.00000,1,+0.34985,+0.32666,0.01065,+49.652,0,203.6,0.0
17.998428,3,1,0.231377,0.231377,0.2490,-0.01762,1,1,0.0260,1,1,+0.51587,+0.11014,0.06236,199.83,+0.51587,+0.51587,-0.00000,+0.11014,0.06236,1.0000,1,0,0,0,0.0000,+0.00000,+0.00000,0.0001,+0.000,+0.000,1.0000,0,1.0000,0,1,+5.000,+0.000,+5.000,-0.05000,+16.163,-0.00000,+0.00,+0.00000,1,+0.34985,+0.32666,0.01065,+49.652,0,203.6,0.0
18.003606,3,1,0.231377,0.231377,0.2490,-0.01762,1,1,0.0260,1,1,+0.51587,+0.11014,0.06236,199.83,+0.51587,+0.51587,-0.00000,+0.11014,0.06236,1.0000,1,0,0,0,0.0000,+0.00000,+0.00000,0.0001,+0.000,+0.000,1.0000,0,1.0000,0,1,+5.000,+0.000,+5.000,-0.05000,+16.194,-0.00000,+0.00,+0.00000,1,+0.34985,+0.32666,0.01065,+49.753,0,203.6,0.0
18.008180,3,1,0.231377,0.231377,0.2490,-0.01762,1,1,0.0260,1,1,+0.51587,+0.11014,0.06236,199.83,+0.51587,+0.51587,-0.00000,+0.11014,0.06236,1.0000,1,0,0,0,0.0000,+0.00000,+0.00000,0.0001,+0.000,+0.000,1.0000,0,1.0000,0,1,+5.000,+0.000,+5.000,-0.05000,+16.194,-0.00000,+0.00,+0.00000,1,+0.34985,+0.32666,0.01065,+49.753,0,203.6,0.0
18.013011,3,1,0.231377,0.231377,0.2490,-0.01762,1,1,0.0260,1,1,+0.51587,+0.11014,0.06236,199.83,+0.51587,+0.51587,-0.00000,+0.11014,0.06236,1.0000,1,0,0,0,0.0000,+0.00000,+0.00000,0.0001,+0.000,+0.000,1.0000,0,1.0000,0,1,+5.000,+0.000,+5.000,-0.05000,+16.234,-0.00000,+0.00,+0.00000,1,+0.34985,+0.32666,0.01065,+49.878,0,203.6,0.0
18.017301,3,1,0.231377,0.231377,0.2490,-0.01762,1,1,0.0260,1,1,+0.51587,+0.11014,0.06236,199.83,+0.51587,+0.51587,-0.00000,+0.11014,0.06236,1.0000,1,0,0,0,0.0000,+0.00000,+0.00000,0.0001,+0.000,+0.000,1.0000,0,1.0000,0,1,+5.000,+0.000,+5.000,-0.05000,+16.234,-0.00000,+0.00,+0.00000,1,+0.34985,+0.32666,0.01065,+49.878,0,203.6,0.0
18.022645,3,1,0.231377,0.231377,0.2490,-0.01762,1,1,0.0260,1,1,+0.51587,+0.11014,0.06236,199.83,+0.51587,+0.51587,-0.00000,+0.11014,0.06236,1.0000,1,0,0,0,0.0000,+0.00000,+0.00000,0.0001,+0.000,+0.000,1.0000,0,1.0000,0,1,+5.000,+0.000,+5.000,-0.05000,+16.274,-0.00000,+0.00,+0.00000,1,+0.34985,+0.32666,0.01065,+50.001,0,203.6,0.0
18.027333,3,1,0.231377,0.231377,0.2490,-0.01762,1,1,0.0260,1,1,+0.51587,+0.11014,0.06236,199.83,+0.51587,+0.51587,-0.00000,+0.11014,0.06236,1.0000,1,0,0,0,0.0000,+0.00000,+0.00000,0.0001,+0.000,+0.000,1.0000,0,1.0000,0,1,+5.000,+0.000,+5.000,-0.05000,+16.308,-0.00000,+0.00,+0.00000,1,+0.34985,+0.32666,0.01065,+50.110,0,203.6,0.0
18.031953,3,1,0.231377,0.231377,0.2490,-0.01762,1,1,0.0260,1,1,+0.51587,+0.11014,0.06236,199.83,+0.51587,+0.51587,-0.00000,+0.11014,0.06236,1.0000,1,0,0,0,0.0000,+0.00000,+0.00000,0.0001,+0.000,+0.000,1.0000,0,1.0000,0,1,+5.000,+0.000,+5.000,-0.05000,+16.308,-0.00000,+0.00,+0.00000,1,+0.34985,+0.32666,0.01065,+50.110,0,203.6,0.0
18.036305,3,1,0.231377,0.231377,0.2490,-0.01762,1,1,0.0260,1,1,+0.51587,+0.11014,0.06236,199.83,+0.51587,+0.51587,-0.00000,+0.11014,0.06236,1.0000,1,0,0,0,0.0000,+0.00000,+0.00000,0.0001,+0.000,+0.000,1.0000,0,1.0000,0,1,+5.000,+0.000,+5.000,-0.05000,+16.346,-0.00000,+0.00,+0.00000,1,+0.34985,+0.32666,0.01065,+50.225,0,203.6,0.0
18.040937,3,1,0.231377,0.231377,0.2490,-0.01762,1,1,0.0260,1,1,+0.51587,+0.11014,0.06236,199.83,+0.51587,+0.51587,-0.00000,+0.11014,0.06236,1.0000,1,0,0,0,0.0000,+0.00000,+0.00000,0.0001,+0.000,+0.000,1.0000,0,1.0000,0,1,+5.000,+0.000,+5.000,-0.05000,+16.346,-0.00000,+0.00,+0.00000,1,+0.34985,+0.32666,0.01065,+50.225,0,203.6,0.0
18.045840,3,1,0.231377,0.231377,0.2490,-0.01762,1,1,0.0260,1,1,+0.51587,+0.11014,0.06236,199.83,+0.51587,+0.51587,-0.00000,+0.11014,0.06236,1.0000,1,0,0,0,0.0000,+0.00000,+0.00000,0.0001,+0.000,+0.000,1.0000,0,1.0000,0,1,+5.000,+0.000,+5.000,-0.05000,+16.378,-0.00000,+0.00,+0.00000,1,+0.34985,+0.32666,0.01065,+50.324,0,203.6,0.0
18.050356,3,1,0.231377,0.231377,0.2490,-0.01762,1,1,0.0260,1,1,+0.51587,+0.11014,0.06236,199.83,+0.51587,+0.51587,-0.00000,+0.11014,0.06236,1.0000,1,0,0,0,0.0000,+0.00000,+0.00000,0.0001,+0.000,+0.000,1.0000,0,1.0000,0,1,+5.000,+0.000,+5.000,-0.05000,+16.378,-0.00000,+0.00,+0.00000,1,+0.34985,+0.32666,0.01065,+50.324,0,203.6,0.0
18.054883,3,1,0.231377,0.231377,0.2490,-0.01762,1,1,0.0260,1,1,+0.51587,+0.11014,0.06236,199.83,+0.51587,+0.51587,-0.00000,+0.11014,0.06236,1.0000,1,0,0,0,0.0000,+0.00000,+0.00000,0.0001,+0.000,+0.000,1.0000,0,1.0000,0,1,+5.000,+0.000,+5.000,-0.05000,+16.411,-0.00000,+0.00,+0.00000,1,+0.34985,+0.32666,0.01065,+50.426,0,203.6,0.0
18.059454,3,1,0.231377,0.231377,0.2490,-0.01762,1,1,0.0260,1,1,+0.51587,+0.11014,0.06236,199.83,+0.51587,+0.51587,-0.00000,+0.11014,0.06236,1.0000,1,0,0,0,0.0000,+0.00000,+0.00000,0.0001,+0.000,+0.000,1.0000,0,1.0000,0,1,+5.000,+0.000,+5.000,-0.05000,+16.411,-0.00000,+0.00,+0.00000,1,+0.34985,+0.32666,0.01065,+50.426,0,203.6,0.0
18.064533,3,1,0.231377,0.231377,0.2490,-0.01762,1,1,0.0260,1,1,+0.51587,+0.11014,0.06236,199.83,+0.51587,+0.51587,-0.00000,+0.11014,0.06236,1.0000,1,0,0,0,0.0000,+0.00000,+0.00000,0.0001,+0.000,+0.000,1.0000,0,1.0000,0,1,+5.000,+0.000,+5.000,-0.05000,+16.448,-0.00000,+0.00,+0.00000,1,+0.34985,+0.32666,0.01065,+50.538,0,203.6,0.0
18.069109,3,1,0.231377,0.231377,0.2490,-0.01762,1,1,0.0260,1,1,+0.51587,+0.11014,0.06236,199.83,+0.51587,+0.51587,-0.00000,+0.11014,0.06236,1.0000,1,0,0,0,0.0000,+0.00000,+0.00000,0.0001,+0.000,+0.000,1.0000,0,1.0000,0,1,+5.000,+0.000,+5.000,-0.05000,+16.448,-0.00000,+0.00,+0.00000,1,+0.34985,+0.32666,0.01065,+50.538,0,203.6,0.0
18.073839,3,1,0.231377,0.231377,0.2490,-0.01762,1,1,0.0260,1,1,+0.51587,+0.11014,0.06236,199.83,+0.51587,+0.51587,-0.00000,+0.11014,0.06236,1.0000,1,0,0,0,0.0000,+0.00000,+0.00000,0.0001,+0.000,+0.000,1.0000,0,1.0000,0,1,+5.000,+0.000,+5.000,-0.05000,+16.494,-0.00000,+0.00,+0.00000,1,+0.34985,+0.32666,0.01065,+50.677,0,203.6,0.0
18.078780,3,1,0.231377,0.231377,0.2490,-0.01762,1,1,0.0260,1,1,+0.51587,+0.11014,0.06236,199.83,+0.51587,+0.51587,-0.00000,+0.11014,0.06236,1.0000,1,0,0,0,0.0000,+0.00000,+0.00000,0.0001,+0.000,+0.000,1.0000,0,1.0000,0,1,+5.000,+0.000,+5.000,-0.05000,+16.528,-0.00000,+0.00,+0.00000,1,+0.34985,+0.32666,0.01065,+50.779,0,203.6,0.0
18.083349,3,1,0.231377,0.231377,0.2490,-0.01762,1,1,0.0260,1,1,+0.51587,+0.11014,0.06236,199.83,+0.51587,+0.51587,-0.00000,+0.11014,0.06236,1.0000,1,0,0,0,0.0000,+0.00000,+0.00000,0.0001,+0.000,+0.000,1.0000,0,1.0000,0,1,+5.000,+0.000,+5.000,-0.05000,+16.528,-0.00000,+0.00,+0.00000,1,+0.34985,+0.32666,0.01065,+50.779,0,203.6,0.0
18.087673,3,1,0.231377,0.231377,0.2490,-0.01762,1,1,0.0260,1,1,+0.51587,+0.11014,0.06236,199.83,+0.51587,+0.51587,-0.00000,+0.11014,0.06236,1.0000,1,0,0,0,0.0000,+0.00000,+0.00000,0.0001,+0.000,+0.000,1.0000,0,1.0000,0,1,+5.000,+0.000,+5.000,-0.05000,+16.563,-0.00000,+0.00,+0.00000,1,+0.34985,+0.32666,0.01065,+50.882,0,203.6,0.0
18.092282,3,1,0.231377,0.231377,0.2490,-0.01762,1,1,0.0260,1,1,+0.51587,+0.11014,0.06236,199.83,+0.51587,+0.51587,-0.00000,+0.11014,0.06236,1.0000,1,0,0,0,0.0000,+0.00000,+0.00000,0.0001,+0.000,+0.000,1.0000,0,1.0000,0,1,+5.000,+0.000,+5.000,-0.05000,+16.563,-0.00000,+0.00,+0.00000,1,+0.34985,+0.32666,0.01065,+50.882,0,203.6,0.0
18.096813,3,1,0.231377,0.231377,0.2490,-0.01762,1,1,0.0260,1,1,+0.51587,+0.11014,0.06236,199.83,+0.51587,+0.51587,-0.00000,+0.11014,0.06236,1.0000,1,0,0,0,0.0000,+0.00000,+0.00000,0.0001,+0.000,+0.000,1.0000,0,1.0000,0,1,+5.000,+0.000,+5.000,-0.05000,+16.598,-0.00000,+0.00,+0.00000,1,+0.34985,+0.32666,0.01065,+50.989,0,203.6,0.0
18.101181,3,1,0.231377,0.231377,0.2490,-0.01762,1,1,0.0260,1,1,+0.51587,+0.11014,0.06236,199.83,+0.51587,+0.51587,-0.00000,+0.11014,0.06236,1.0000,1,0,0,0,0.0000,+0.00000,+0.00000,0.0001,+0.000,+0.000,1.0000,0,1.0000,0,1,+5.000,+0.000,+5.000,-0.05000,+16.598,-0.00000,+0.00,+0.00000,1,+0.34985,+0.32666,0.01065,+50.989,0,203.6,0.0
18.105800,3,1,0.231377,0.231377,0.2490,-0.01762,1,1,0.0260,1,1,+0.51587,+0.11014,0.06236,199.83,+0.51587,+0.51587,-0.00000,+0.11014,0.06236,1.0000,1,0,0,0,0.0000,+0.00000,+0.00000,0.0001,+0.000,+0.000,1.0000,0,1.0000,0,1,+5.000,+0.000,+5.000,-0.05000,+16.637,-0.00000,+0.00,+0.00000,1,+0.34985,+0.32666,0.01065,+51.102,0,203.6,0.0
18.110651,3,1,0.231377,0.231377,0.2490,-0.01762,1,1,0.0260,1,1,+0.51587,+0.11014,0.06236,199.83,+0.51587,+0.51587,-0.00000,+0.11014,0.06236,1.0000,1,0,0,0,0.0000,+0.00000,+0.00000,0.0001,+0.000,+0.000,1.0000,0,1.0000,0,1,+5.000,+0.000,+5.000,-0.05000,+16.637,-0.00000,+0.00,+0.00000,1,+0.34985,+0.32666,0.01065,+51.102,0,203.6,0.0
18.115237,3,1,0.231377,0.231377,0.2490,-0.01762,1,1,0.0260,1,1,+0.51587,+0.11014,0.06236,199.83,+0.51587,+0.51587,-0.00000,+0.11014,0.06236,1.0000,1,0,0,0,0.0000,+0.00000,+0.00000,0.0001,+0.000,+0.000,1.0000,0,1.0000,0,1,+5.000,+0.000,+5.000,-0.05000,+16.680,-0.00000,+0.00,+0.00000,1,+0.34985,+0.32666,0.01065,+51.229,0,203.6,0.0
18.119893,3,1,0.231377,0.231377,0.2490,-0.01762,1,1,0.0260,1,1,+0.51587,+0.11014,0.06236,199.83,+0.51587,+0.51587,-0.00000,+0.11014,0.06236,1.0000,1,0,0,0,0.0000,+0.00000,+0.00000,0.0001,+0.000,+0.000,1.0000,0,1.0000,0,1,+5.000,+0.000,+5.000,-0.05000,+16.680,-0.00000,+0.00,+0.00000,1,+0.34985,+0.32666,0.01065,+51.229,0,203.6,0.0
18.124423,3,1,0.231377,0.231377,0.2490,-0.01762,1,1,0.0260,1,1,+0.51587,+0.11014,0.06236,199.83,+0.51587,+0.51587,-0.00000,+0.11014,0.06236,1.0000,1,0,0,0,0.0000,+0.00000,+0.00000,0.0001,+0.000,+0.000,1.0000,0,1.0000,0,1,+5.000,+0.000,+5.000,-0.05000,+16.714,-0.00000,+0.00,+0.00000,1,+0.34985,+0.32666,0.01065,+51.327,0,203.6,0.0
18.129956,3,1,0.231377,0.231377,0.2490,-0.01762,1,1,0.0260,1,1,+0.51587,+0.11014,0.06236,199.83,+0.51587,+0.51587,-0.00000,+0.11014,0.06236,1.0000,1,0,0,0,0.0000,+0.00000,+0.00000,0.0001,+0.000,+0.000,1.0000,0,1.0000,0,1,+5.000,+0.000,+5.000,-0.05000,+16.714,-0.00000,+0.00,+0.00000,1,+0.34985,+0.32666,0.01065,+51.327,0,203.6,0.0
18.134568,3,1,0.231377,0.231377,0.2490,-0.01762,1,1,0.0260,1,1,+0.51587,+0.11014,0.06236,199.83,+0.51587,+0.51587,-0.00000,+0.11014,0.06236,1.0000,1,0,0,0,0.0000,+0.00000,+0.00000,0.0001,+0.000,+0.000,1.0000,0,1.0000,0,1,+5.000,+0.000,+5.000,-0.05000,+16.755,-0.00000,+0.00,+0.00000,1,+0.34985,+0.32666,0.01065,+51.447,0,203.6,0.0
18.139278,3,1,0.231377,0.231377,0.2490,-0.01762,1,1,0.0260,1,1,+0.51587,+0.11014,0.06236,199.83,+0.51587,+0.51587,-0.00000,+0.11014,0.06236,1.0000,1,0,0,0,0.0000,+0.00000,+0.00000,0.0001,+0.000,+0.000,1.0000,0,1.0000,0,1,+5.000,+0.000,+5.000,-0.05000,+16.755,-0.00000,+0.00,+0.00000,1,+0.34985,+0.32666,0.01065,+51.447,0,203.6,0.0
18.143857,3,1,0.231377,0.231377,0.2490,-0.01762,1,1,0.0260,1,1,+0.51587,+0.11014,0.06236,199.83,+0.51587,+0.51587,-0.00000,+0.11014,0.06236,1.0000,1,0,0,0,0.0000,+0.00000,+0.00000,0.0001,+0.000,+0.000,1.0000,0,1.0000,0,1,+5.000,+0.000,+5.000,-0.05000,+16.804,-0.00000,+0.00,+0.00000,1,+0.34985,+0.32666,0.01065,+51.587,0,203.6,0.0
18.148434,3,1,0.231377,0.231377,0.2490,-0.01762,1,1,0.0260,1,1,+0.51587,+0.11014,0.06236,199.83,+0.51587,+0.51587,-0.00000,+0.11014,0.06236,1.0000,1,0,0,0,0.0000,+0.00000,+0.00000,0.0001,+0.000,+0.000,1.0000,0,1.0000,0,1,+5.000,+0.000,+5.000,-0.05000,+16.804,-0.00000,+0.00,+0.00000,1,+0.34985,+0.32666,0.01065,+51.587,0,203.6,0.0
18.152868,3,1,0.231377,0.231377,0.2490,-0.01762,1,1,0.0260,1,1,+0.51587,+0.11014,0.06236,199.83,+0.51587,+0.51587,-0.00000,+0.11014,0.06236,1.0000,1,0,0,0,0.0000,+0.00000,+0.00000,0.0001,+0.000,+0.000,1.0000,0,1.0000,0,1,+5.000,+0.000,+5.000,-0.05000,+16.839,-0.00000,+0.00,+0.00000,1,+0.34985,+0.32666,0.01065,+51.689,0,203.6,0.0
18.157050,3,1,0.231377,0.231377,0.2490,-0.01762,1,1,0.0260,1,1,+0.51587,+0.11014,0.06236,199.83,+0.51587,+0.51587,-0.00000,+0.11014,0.06236,1.0000,1,0,0,0,0.0000,+0.00000,+0.00000,0.0001,+0.000,+0.000,1.0000,0,1.0000,0,1,+5.000,+0.000,+5.000,-0.05000,+16.874,-0.00000,+0.00,+0.00000,1,+0.34985,+0.32666,0.01065,+51.788,0,203.6,0.0
18.161646,3,1,0.231377,0.231377,0.2490,-0.01762,1,1,0.0260,1,1,+0.51587,+0.11014,0.06236,199.83,+0.51587,+0.51587,-0.00000,+0.11014,0.06236,1.0000,1,0,0,0,0.0000,+0.00000,+0.00000,0.0001,+0.000,+0.000,1.0000,0,1.0000,0,1,+5.000,+0.000,+5.000,-0.05000,+16.874,-0.00000,+0.00,+0.00000,1,+0.34985,+0.32666,0.01065,+51.788,0,203.6,0.0
18.166261,3,1,0.231377,0.231377,0.2490,-0.01762,1,1,0.0260,1,1,+0.51587,+0.11014,0.06236,199.83,+0.51587,+0.51587,-0.00000,+0.11014,0.06236,1.0000,1,0,0,0,0.0000,+0.00000,+0.00000,0.0000,+0.000,+0.000,1.0000,0,1.0000,0,1,+5.000,+0.000,+5.000,-0.05000,+16.874,-0.00000,+0.00,+0.00000,1,+0.34985,+0.32666,0.01065,+51.788,0,203.6,0.0
18.170793,3,1,0.231377,0.231377,0.2490,-0.01762,1,1,0.0260,1,1,+0.51587,+0.11014,0.06236,199.83,+0.51587,+0.51587,-0.00000,+0.11014,0.06236,1.0000,1,0,0,0,0.0000,+0.00000,+0.00000,0.0000,+0.000,+0.000,1.0000,0,1.0000,0,1,+5.000,+0.000,+5.000,-0.05000,+16.922,-0.00000,+0.00,+0.00000,1,+0.34985,+0.32666,0.01065,+51.925,0,203.6,0.0
18.175236,3,1,0.231377,0.231377,0.2490,-0.01762,1,1,0.0260,1,1,+0.51587,+0.11014,0.06236,199.83,+0.51587,+0.51587,-0.00000,+0.11014,0.06236,1.0000,1,0,0,0,0.0000,+0.00000,+0.00000,0.0000,+0.000,+0.000,1.0000,0,1.0000,0,1,+5.000,+0.000,+5.000,-0.05000,+16.922,-0.00000,+0.00,+0.00000,1,+0.34985,+0.32666,0.01065,+51.925,0,203.6,0.0
18.179738,3,1,0.231377,0.231377,0.2490,-0.01762,1,1,0.0260,1,1,+0.51587,+0.11014,0.06236,199.83,+0.51587,+0.51587,-0.00000,+0.11014,0.06236,1.0000,1,0,0,0,0.0000,+0.00000,+0.00000,0.0000,+0.000,+0.000,1.0000,0,1.0000,0,1,+5.000,+0.000,+5.000,-0.05000,+16.959,-0.00000,+0.00,+0.00000,1,+0.34985,+0.32666,0.01065,+52.029,0,203.6,0.0
18.184397,3,1,0.231377,0.231377,0.2490,-0.01762,1,1,0.0260,1,1,+0.51587,+0.11014,0.06236,199.83,+0.51587,+0.51587,-0.00000,+0.11014,0.06236,1.0000,1,0,0,0,0.0000,+0.00000,+0.00000,0.0000,+0.000,+0.000,1.0000,0,1.0000,0,1,+5.000,+0.000,+5.000,-0.05000,+16.959,-0.00000,+0.00,+0.00000,1,+0.34985,+0.32666,0.01065,+52.029,0,203.6,0.0
18.188892,3,1,0.231377,0.231377,0.2490,-0.01762,1,1,0.0260,1,1,+0.51587,+0.11014,0.06236,199.83,+0.51587,+0.51587,-0.00000,+0.11014,0.06236,1.0000,1,0,0,0,0.0000,+0.00000,+0.00000,0.0000,+0.000,+0.000,1.0000,0,1.0000,0,1,+5.000,+0.000,+5.000,-0.05000,+17.002,-0.00000,+0.00,+0.00000,1,+0.34985,+0.32666,0.01065,+52.146,0,203.6,0.0
18.193143,3,1,0.231377,0.231377,0.2490,-0.01762,1,1,0.0260,1,1,+0.51587,+0.11014,0.06236,199.83,+0.51587,+0.51587,-0.00000,+0.11014,0.06236,1.0000,1,0,0,0,0.0000,+0.00000,+0.00000,0.0000,+0.000,+0.000,1.0000,0,1.0000,0,1,+5.000,+0.000,+5.000,-0.05000,+17.002,-0.00000,+0.00,+0.00000,1,+0.34985,+0.32666,0.01065,+52.146,0,203.6,0.0
18.197989,3,1,0.231377,0.231377,0.2490,-0.01762,1,1,0.0260,1,1,+0.51587,+0.11014,0.06236,199.83,+0.51587,+0.51587,-0.00000,+0.11014,0.06236,1.0000,1,0,0,0,0.0000,+0.00000,+0.00000,0.0000,+0.000,+0.000,1.0000,0,1.0000,0,1,+5.000,+0.000,+5.000,-0.05000,+17.044,-0.00000,+0.00,+0.00000,1,+0.34985,+0.32666,0.01065,+52.264,0,203.6,0.0
18.203389,3,1,0.231377,0.231377,0.2490,-0.01762,1,1,0.0260,1,1,+0.51587,+0.11014,0.06236,199.83,+0.51587,+0.51587,-0.00000,+0.11014,0.06236,1.0000,1,0,0,0,0.0000,+0.00000,+0.00000,0.0000,+0.000,+0.000,1.0000,0,1.0000,0,1,+5.000,+0.000,+5.000,-0.05000,+17.044,-0.00000,+0.00,+0.00000,1,+0.34985,+0.32666,0.01065,+52.264,0,203.6,0.0
18.207784,3,1,0.231377,0.231377,0.2490,-0.01762,1,1,0.0260,1,1,+0.51587,+0.11014,0.06236,199.83,+0.51587,+0.51587,-0.00000,+0.11014,0.06236,1.0000,1,0,0,0,0.0000,+0.00000,+0.00000,0.0000,+0.000,+0.000,1.0000,0,1.0000,0,1,+5.000,+0.000,+5.000,-0.05000,+17.088,-0.00000,+0.00,+0.00000,1,+0.34985,+0.32666,0.01065,+52.386,0,203.6,0.0
18.212507,3,1,0.231377,0.231377,0.2490,-0.01762,1,1,0.0260,1,1,+0.51587,+0.11014,0.06236,199.83,+0.51587,+0.51587,-0.00000,+0.11014,0.06236,1.0000,1,0,0,0,0.0000,+0.00000,+0.00000,0.0000,+0.000,+0.000,1.0000,0,1.0000,0,1,+5.000,+0.000,+5.000,-0.05000,+17.126,-0.00000,+0.00,+0.00000,1,+0.34985,+0.32666,0.01065,+52.490,0,203.6,0.0
18.216725,3,1,0.231377,0.231377,0.2490,-0.01762,1,1,0.0260,1,1,+0.51587,+0.11014,0.06236,199.83,+0.51587,+0.51587,-0.00000,+0.11014,0.06236,1.0000,1,0,0,0,0.0000,+0.00000,+0.00000,0.0000,+0.000,+0.000,1.0000,0,1.0000,0,1,+5.000,+0.000,+5.000,-0.05000,+17.126,-0.00000,+0.00,+0.00000,1,+0.34985,+0.32666,0.01065,+52.490,0,203.6,0.0
18.220865,3,1,0.231377,0.231377,0.2490,-0.01762,1,1,0.0260,1,1,+0.51587,+0.11014,0.06236,199.83,+0.51587,+0.51587,-0.00000,+0.11014,0.06236,1.0000,1,0,0,0,0.0000,+0.00000,+0.00000,0.0000,+0.000,+0.000,1.0000,0,1.0000,0,1,+5.000,+0.000,+5.000,-0.05000,+17.159,-0.00000,+0.00,+0.00000,1,+0.34985,+0.32666,0.01065,+52.578,0,203.6,0.0
18.225469,3,1,0.231377,0.231377,0.2490,-0.01762,1,1,0.0260,1,1,+0.51587,+0.11014,0.06236,199.83,+0.51587,+0.51587,-0.00000,+0.11014,0.06236,1.0000,1,0,0,0,0.0000,+0.00000,+0.00000,0.0000,+0.000,+0.000,1.0000,0,1.0000,0,1,+5.000,+0.000,+5.000,-0.05000,+17.159,-0.00000,+0.00,+0.00000,1,+0.34985,+0.32666,0.01065,+52.578,0,203.6,0.0
18.229929,3,1,0.231377,0.231377,0.2490,-0.01762,1,1,0.0260,1,1,+0.51587,+0.11014,0.06236,199.83,+0.51587,+0.51587,-0.00000,+0.11014,0.06236,1.0000,1,0,0,0,0.0000,+0.00000,+0.00000,0.0000,+0.000,+0.000,1.0000,0,1.0000,0,1,+5.000,+0.000,+5.000,-0.05000,+17.204,-0.00000,+0.00,+0.00000,1,+0.34985,+0.32666,0.01065,+52.702,0,203.6,0.0
18.234532,3,1,0.231377,0.231377,0.2490,-0.01762,1,1,0.0260,1,1,+0.51587,+0.11014,0.06236,199.83,+0.51587,+0.51587,-0.00000,+0.11014,0.06236,1.0000,1,0,0,0,0.0000,+0.00000,+0.00000,0.0000,+0.000,+0.000,1.0000,0,1.0000,0,1,+5.000,+0.000,+5.000,-0.05000,+17.204,-0.00000,+0.00,+0.00000,1,+0.34985,+0.32666,0.01065,+52.702,0,203.6,0.0
18.239053,3,1,0.231377,0.231377,0.2490,-0.01762,1,1,0.0260,1,1,+0.51587,+0.11014,0.06236,199.83,+0.51587,+0.51587,-0.00000,+0.11014,0.06236,1.0000,1,0,0,0,0.0000,+0.00000,+0.00000,0.0000,+0.000,+0.000,1.0000,0,1.0000,0,1,+5.000,+0.000,+5.000,-0.05000,+17.241,-0.00000,+0.00,+0.00000,1,+0.34985,+0.32666,0.01065,+52.799,0,203.6,0.0
18.243732,3,1,0.231377,0.231377,0.2490,-0.01762,1,1,0.0260,1,1,+0.51587,+0.11014,0.06236,199.83,+0.51587,+0.51587,-0.00000,+0.11014,0.06236,1.0000,1,0,0,0,0.0000,+0.00000,+0.00000,0.0000,+0.000,+0.000,1.0000,0,1.0000,0,1,+5.000,+0.000,+5.000,-0.05000,+17.277,-0.00000,+0.00,+0.00000,1,+0.34985,+0.32666,0.01065,+52.898,0,203.6,0.0
18.248357,3,1,0.231377,0.231377,0.2490,-0.01762,1,1,0.0260,1,1,+0.51587,+0.11014,0.06236,199.83,+0.51587,+0.51587,-0.00000,+0.11014,0.06236,1.0000,1,0,0,0,0.0000,+0.00000,+0.00000,0.0000,+0.000,+0.000,1.0000,0,1.0000,0,1,+5.000,+0.000,+5.000,-0.05000,+17.277,-0.00000,+0.00,+0.00000,1,+0.34985,+0.32666,0.01065,+52.898,0,203.6,0.0
18.252648,3,1,0.231377,0.231377,0.2490,-0.01762,1,1,0.0260,1,1,+0.51587,+0.11014,0.06236,199.83,+0.51587,+0.51587,-0.00000,+0.11014,0.06236,1.0000,1,0,0,0,0.0000,+0.00000,+0.00000,0.0000,+0.000,+0.000,1.0000,0,1.0000,0,1,+5.000,+0.000,+5.000,-0.05000,+17.323,-0.00000,+0.00,+0.00000,1,+0.34985,+0.32666,0.01065,+53.019,0,203.6,0.0
18.257255,3,1,0.231377,0.231377,0.2490,-0.01762,1,1,0.0260,1,1,+0.51587,+0.11014,0.06236,199.83,+0.51587,+0.51587,-0.00000,+0.11014,0.06236,1.0000,1,0,0,0,0.0000,+0.00000,+0.00000,0.0000,+0.000,+0.000,1.0000,0,1.0000,0,1,+5.000,+0.000,+5.000,-0.05000,+17.323,-0.00000,+0.00,+0.00000,1,+0.34985,+0.32666,0.01065,+53.019,0,203.6,0.0
18.261819,3,1,0.231377,0.231377,0.2490,-0.01762,1,1,0.0260,1,1,+0.51587,+0.11014,0.06236,199.83,+0.51587,+0.51587,-0.00000,+0.11014,0.06236,1.0000,1,0,0,0,0.0000,+0.00000,+0.00000,0.0000,+0.000,+0.000,1.0000,0,1.0000,0,1,+5.000,+0.000,+5.000,-0.05000,+17.363,-0.00000,+0.00,+0.00000,1,+0.34985,+0.32666,0.01065,+53.124,0,203.6,0.0
18.266527,3,1,0.231377,0.231377,0.2490,-0.01762,1,1,0.0260,1,1,+0.51587,+0.11014,0.06236,199.83,+0.51587,+0.51587,-0.00000,+0.11014,0.06236,1.0000,1,0,0,0,0.0000,+0.00000,+0.00000,0.0000,+0.000,+0.000,1.0000,0,1.0000,0,1,+5.000,+0.000,+5.000,-0.05000,+17.363,-0.00000,+0.00,+0.00000,1,+0.34985,+0.32666,0.01065,+53.124,0,203.6,0.0
18.270828,3,1,0.231377,0.231377,0.2490,-0.01762,1,1,0.0260,1,1,+0.51587,+0.11014,0.06236,199.83,+0.51587,+0.51587,-0.00000,+0.11014,0.06236,1.0000,1,0,0,0,0.0000,+0.00000,+0.00000,0.0000,+0.000,+0.000,1.0000,0,1.0000,0,1,+5.000,+0.000,+5.000,-0.05000,+17.405,-0.00000,+0.00,+0.00000,1,+0.34985,+0.32666,0.01065,+53.235,0,203.6,0.0
18.275367,3,1,0.231377,0.231377,0.2490,-0.01762,1,1,0.0260,1,1,+0.51587,+0.11014,0.06236,199.83,+0.51587,+0.51587,-0.00000,+0.11014,0.06236,1.0000,1,0,0,0,0.0000,+0.00000,+0.00000,0.0000,+0.000,+0.000,1.0000,0,1.0000,0,1,+5.000,+0.000,+5.000,-0.05000,+17.405,-0.00000,+0.00,+0.00000,1,+0.34985,+0.32666,0.01065,+53.235,0,203.6,0.0
18.280446,3,1,0.231377,0.231377,0.2490,-0.01762,1,1,0.0260,1,1,+0.51587,+0.11014,0.06236,199.83,+0.51587,+0.51587,-0.00000,+0.11014,0.06236,1.0000,1,0,0,0,0.0000,+0.00000,+0.00000,0.0000,+0.000,+0.000,1.0000,0,1.0000,0,1,+5.000,+0.000,+5.000,-0.05000,+17.453,-0.00000,+0.00,+0.00000,1,+0.34985,+0.32666,0.01065,+53.361,0,203.6,0.0
18.285075,3,1,0.231377,0.231377,0.2490,-0.01762,1,1,0.0260,1,1,+0.51587,+0.11014,0.06236,199.83,+0.51587,+0.51587,-0.00000,+0.11014,0.06236,1.0000,1,0,0,0,0.0000,+0.00000,+0.00000,0.0000,+0.000,+0.000,1.0000,0,1.0000,0,1,+5.000,+0.000,+5.000,-0.05000,+17.453,-0.00000,+0.00,+0.00000,1,+0.34985,+0.32666,0.01065,+53.361,0,203.6,0.0
18.289702,3,1,0.231377,0.231377,0.2490,-0.01762,1,1,0.0260,1,1,+0.51587,+0.11014,0.06236,199.83,+0.51587,+0.51587,-0.00000,+0.11014,0.06236,1.0000,1,0,0,0,0.0000,+0.00000,+0.00000,0.0000,+0.000,+0.000,1.0000,0,1.0000,0,1,+5.000,+0.000,+5.000,-0.05000,+17.500,-0.00000,+0.00,+0.00000,1,+0.34985,+0.32666,0.01065,+53.483,0,203.6,0.0
18.294206,3,1,0.231377,0.231377,0.2490,-0.01762,1,1,0.0260,1,1,+0.51587,+0.11014,0.06236,199.83,+0.51587,+0.51587,-0.00000,+0.11014,0.06236,1.0000,1,0,0,0,0.0000,+0.00000,+0.00000,0.0000,+0.000,+0.000,1.0000,0,1.0000,0,1,+5.000,+0.000,+5.000,-0.05000,+17.500,-0.00000,+0.00,+0.00000,1,+0.34985,+0.32666,0.01065,+53.483,0,203.6,0.0
18.298500,3,1,0.231377,0.231377,0.2490,-0.01762,1,1,0.0260,1,1,+0.51587,+0.11014,0.06236,199.83,+0.51587,+0.51587,-0.00000,+0.11014,0.06236,1.0000,1,0,0,0,0.0000,+0.00000,+0.00000,0.0000,+0.000,+0.000,1.0000,0,1.0000,0,1,+5.000,+0.000,+5.000,-0.05000,+17.540,-0.00000,+0.00,+0.00000,1,+0.34985,+0.32666,0.01065,+53.585,0,203.6,0.0
18.303290,3,1,0.231377,0.231377,0.2490,-0.01762,1,1,0.0260,1,1,+0.51587,+0.11014,0.06236,199.83,+0.51587,+0.51587,-0.00000,+0.11014,0.06236,1.0000,1,0,0,0,0.0000,+0.00000,+0.00000,0.0000,+0.000,+0.000,1.0000,0,1.0000,0,1,+5.000,+0.000,+5.000,-0.05000,+17.540,-0.00000,+0.00,+0.00000,1,+0.34985,+0.32666,0.01065,+53.585,0,203.6,0.0
18.308412,3,1,0.231377,0.231377,0.2490,-0.01762,1,1,0.0260,1,1,+0.51587,+0.11014,0.06236,199.83,+0.51587,+0.51587,-0.00000,+0.11014,0.06236,1.0000,1,0,0,0,0.0000,+0.00000,+0.00000,0.0000,+0.000,+0.000,1.0000,0,1.0000,0,1,+5.000,+0.000,+5.000,-0.05000,+17.592,-0.00000,+0.00,+0.00000,1,+0.34985,+0.32666,0.01065,+53.718,0,203.6,0.0
18.314383,3,1,0.231377,0.231377,0.2490,-0.01762,1,1,0.0260,1,1,+0.51587,+0.11014,0.06236,199.83,+0.51587,+0.51587,-0.00000,+0.11014,0.06236,1.0000,1,0,0,0,0.0000,+0.00000,+0.00000,0.0000,+0.000,+0.000,1.0000,0,1.0000,0,1,+5.000,+0.000,+5.000,-0.05000,+17.629,-0.00000,+0.00,+0.00000,1,+0.34985,+0.32666,0.01065,+53.813,0,203.6,0.0
18.322328,3,1,0.231377,0.231377,0.2490,-0.01762,1,1,0.0260,1,1,+0.51587,+0.11014,0.06236,199.83,+0.51587,+0.51587,-0.00000,+0.11014,0.06236,1.0000,1,0,0,0,0.0000,+0.00000,+0.00000,0.0000,+0.000,+0.000,1.0000,0,1.0000,0,1,+5.000,+0.000,+5.000,-0.05000,+17.629,-0.00000,+0.00,+0.00000,1,+0.34985,+0.32666,0.01065,+53.813,0,188.2,0.0
18.327114,3,1,0.231377,0.231377,0.2490,-0.01762,1,1,0.0260,1,1,+0.51587,+0.11014,0.06236,199.83,+0.51587,+0.51587,-0.00000,+0.11014,0.06236,1.0000,1,0,0,0,0.0000,+0.00000,+0.00000,0.0000,+0.000,+0.000,1.0000,0,1.0000,0,1,+5.000,+0.000,+5.000,-0.05000,+17.674,-0.00000,+0.00,+0.00000,1,+0.34985,+0.32666,0.01065,+53.927,0,188.2,0.0
18.331953,3,1,0.231377,0.231377,0.2490,-0.01762,1,1,0.0260,1,1,+0.51587,+0.11014,0.06236,199.83,+0.51587,+0.51587,-0.00000,+0.11014,0.06236,1.0000,1,0,0,0,0.0000,+0.00000,+0.00000,0.0000,+0.000,+0.000,1.0000,0,1.0000,0,1,+5.000,+0.000,+5.000,-0.05000,+17.674,-0.00000,+0.00,+0.00000,1,+0.34985,+0.32666,0.01065,+53.927,0,188.2,0.0
18.336620,3,1,0.231377,0.231377,0.2490,-0.01762,1,1,0.0260,1,1,+0.51587,+0.11014,0.06236,199.83,+0.51587,+0.51587,-0.00000,+0.11014,0.06236,1.0000,1,0,0,0,0.0000,+0.00000,+0.00000,0.0000,+0.000,+0.000,1.0000,0,1.0000,0,1,+5.000,+0.000,+5.000,-0.05000,+17.720,-0.00000,+0.00,+0.00000,1,+0.34985,+0.32666,0.01065,+54.042,0,188.2,0.0
18.341692,3,1,0.231377,0.231377,0.2490,-0.01762,1,1,0.0260,1,1,+0.51587,+0.11014,0.06236,199.83,+0.51587,+0.51587,-0.00000,+0.11014,0.06236,1.0000,1,0,0,0,0.0000,+0.00000,+0.00000,0.0000,+0.000,+0.000,1.0000,0,1.0000,0,1,+5.000,+0.000,+5.000,-0.05000,+17.720,-0.00000,+0.00,+0.00000,1,+0.34985,+0.32666,0.01065,+54.042,0,188.2,0.0
18.346475,3,1,0.231377,0.231377,0.2490,-0.01762,1,1,0.0260,1,1,+0.51587,+0.11014,0.06236,199.83,+0.51587,+0.51587,-0.00000,+0.11014,0.06236,1.0000,1,0,0,0,0.0000,+0.00000,+0.00000,0.0000,+0.000,+0.000,1.0000,0,1.0000,0,1,+5.000,+0.000,+5.000,-0.05000,+17.770,-0.00000,+0.00,+0.00000,1,+0.34985,+0.32666,0.01065,+54.167,0,188.2,0.0
18.351028,3,1,0.231377,0.231377,0.2490,-0.01762,1,1,0.0260,1,1,+0.51587,+0.11014,0.06236,199.83,+0.51587,+0.51587,-0.00000,+0.11014,0.06236,1.0000,1,0,0,0,0.0000,+0.00000,+0.00000,0.0000,+0.000,+0.000,1.0000,0,1.0000,0,1,+5.000,+0.000,+5.000,-0.05000,+17.811,-0.00000,+0.00,+0.00000,1,+0.34985,+0.32666,0.01065,+54.269,0,188.2,0.0
18.355628,3,1,0.231377,0.231377,0.2490,-0.01762,1,1,0.0260,1,1,+0.51587,+0.11014,0.06236,199.83,+0.51587,+0.51587,-0.00000,+0.11014,0.06236,1.0000,1,0,0,0,0.0000,+0.00000,+0.00000,0.0000,+0.000,+0.000,1.0000,0,1.0000,0,1,+5.000,+0.000,+5.000,-0.05000,+17.811,-0.00000,+0.00,+0.00000,1,+0.34985,+0.32666,0.01065,+54.269,0,188.2,0.0
18.359975,3,1,0.231377,0.231377,0.2490,-0.01762,1,1,0.0260,1,1,+0.51587,+0.11014,0.06236,199.83,+0.51587,+0.51587,-0.00000,+0.11014,0.06236,1.0000,1,0,0,0,0.0000,+0.00000,+0.00000,0.0000,+0.000,+0.000,1.0000,0,1.0000,0,1,+5.000,+0.000,+5.000,-0.05000,+17.853,-0.00000,+0.00,+0.00000,1,+0.34985,+0.32666,0.01065,+54.372,0,188.2,0.0
18.364926,3,1,0.231377,0.231377,0.2490,-0.01762,1,1,0.0260,1,1,+0.51587,+0.11014,0.06236,199.83,+0.51587,+0.51587,-0.00000,+0.11014,0.06236,1.0000,1,0,0,0,0.0000,+0.00000,+0.00000,0.0000,+0.000,+0.000,1.0000,0,1.0000,0,1,+5.000,+0.000,+5.000,-0.05000,+17.853,-0.00000,+0.00,+0.00000,1,+0.34985,+0.32666,0.01065,+54.372,0,188.2,0.0
18.369457,3,1,0.231377,0.231377,0.2490,-0.01762,1,1,0.0260,1,1,+0.51587,+0.11014,0.06236,199.83,+0.51587,+0.51587,-0.00000,+0.11014,0.06236,1.0000,1,0,0,0,0.0000,+0.00000,+0.00000,0.0000,+0.000,+0.000,1.0000,0,1.0000,0,1,+5.000,+0.000,+5.000,-0.05000,+17.899,-0.00000,+0.00,+0.00000,1,+0.34985,+0.32666,0.01065,+54.485,0,188.2,0.0
18.374072,3,1,0.231377,0.231377,0.2490,-0.01762,1,1,0.0260,1,1,+0.51587,+0.11014,0.06236,199.83,+0.51587,+0.51587,-0.00000,+0.11014,0.06236,1.0000,1,0,0,0,0.0000,+0.00000,+0.00000,0.0000,+0.000,+0.000,1.0000,0,1.0000,0,1,+5.000,+0.000,+5.000,-0.05000,+17.899,-0.00000,+0.00,+0.00000,1,+0.34985,+0.32666,0.01065,+54.485,0,188.2,0.0
18.378726,3,1,0.231377,0.231377,0.2490,-0.01762,1,1,0.0260,1,1,+0.51587,+0.11014,0.06236,199.83,+0.51587,+0.51587,-0.00000,+0.11014,0.06236,1.0000,1,0,0,0,0.0000,+0.00000,+0.00000,0.0000,+0.000,+0.000,1.0000,0,1.0000,0,1,+5.000,+0.000,+5.000,-0.05000,+17.944,-0.00000,+0.00,+0.00000,1,+0.34985,+0.32666,0.01065,+54.595,0,188.2,0.0
18.383295,3,1,0.231377,0.231377,0.2490,-0.01762,1,1,0.0260,1,1,+0.51587,+0.11014,0.06236,199.83,+0.51587,+0.51587,-0.00000,+0.11014,0.06236,1.0000,1,0,0,0,0.0000,+0.00000,+0.00000,0.0000,+0.000,+0.000,1.0000,0,1.0000,0,1,+5.000,+0.000,+5.000,-0.05000,+17.944,-0.00000,+0.00,+0.00000,1,+0.34985,+0.32666,0.01065,+54.595,0,188.2,0.0
18.388084,3,1,0.231377,0.231377,0.2490,-0.01762,1,1,0.0260,1,1,+0.51587,+0.11014,0.06236,199.83,+0.51587,+0.51587,-0.00000,+0.11014,0.06236,1.0000,1,0,0,0,0.0000,+0.00000,+0.00000,0.0000,+0.000,+0.000,1.0000,0,1.0000,0,1,+5.000,+0.000,+5.000,-0.05000,+17.995,-0.00000,+0.00,+0.00000,1,+0.34985,+0.32666,0.01065,+54.716,0,188.2,0.0
18.393117,3,1,0.231377,0.231377,0.2490,-0.01762,1,1,0.0260,1,1,+0.51587,+0.11014,0.06236,199.83,+0.51587,+0.51587,-0.00000,+0.11014,0.06236,1.0000,1,0,0,0,0.0000,+0.00000,+0.00000,0.0000,+0.000,+0.000,1.0000,0,1.0000,0,1,+5.000,+0.000,+5.000,-0.05000,+18.039,-0.00000,+0.00,+0.00000,1,+0.34985,+0.32666,0.01065,+54.823,0,188.2,0.0
18.399195,3,1,0.231377,0.231377,0.2490,-0.01762,1,1,0.0260,1,1,+0.51587,+0.11014,0.06236,199.83,+0.51587,+0.51587,-0.00000,+0.11014,0.06236,1.0000,1,0,0,0,0.0000,+0.00000,+0.00000,0.0000,+0.000,+0.000,1.0000,0,1.0000,0,1,+5.000,+0.000,+5.000,-0.05000,+18.039,-0.00000,+0.00,+0.00000,1,+0.34985,+0.32666,0.01065,+54.823,0,188.2,0.0
18.404212,3,1,0.231377,0.231377,0.2490,-0.01762,1,1,0.0260,1,1,+0.51587,+0.11014,0.06236,199.83,+0.51587,+0.51587,-0.00000,+0.11014,0.06236,1.0000,1,0,0,0,0.0000,+0.00000,+0.00000,0.0000,+0.000,+0.000,1.0000,0,1.0000,0,1,+5.000,+0.000,+5.000,-0.05000,+18.082,-0.00000,+0.00,+0.00000,1,+0.34985,+0.32666,0.01065,+54.926,0,188.2,0.0
18.409036,3,1,0.231377,0.231377,0.2490,-0.01762,1,1,0.0260,1,1,+0.51587,+0.11014,0.06236,199.83,+0.51587,+0.51587,-0.00000,+0.11014,0.06236,1.0000,1,0,0,0,0.0000,+0.00000,+0.00000,0.0000,+0.000,+0.000,1.0000,0,1.0000,0,1,+5.000,+0.000,+5.000,-0.05000,+18.128,-0.00000,+0.00,+0.00000,1,+0.34985,+0.32666,0.01065,+55.034,0,188.2,0.0
18.413629,3,1,0.231377,0.231377,0.2490,-0.01762,1,1,0.0260,1,1,+0.51587,+0.11014,0.06236,199.83,+0.51587,+0.51587,-0.00000,+0.11014,0.06236,1.0000,1,0,0,0,0.0000,+0.00000,+0.00000,0.0000,+0.000,+0.000,1.0000,0,1.0000,0,1,+5.000,+0.000,+5.000,-0.05000,+18.128,-0.00000,+0.00,+0.00000,1,+0.34985,+0.32666,0.01065,+55.034,0,188.2,0.0
18.418189,3,1,0.231377,0.231377,0.2490,-0.01762,1,1,0.0260,1,1,+0.51587,+0.11014,0.06236,199.83,+0.51587,+0.51587,-0.00000,+0.11014,0.06236,1.0000,1,0,0,0,0.0000,+0.00000,+0.00000,0.0000,+0.000,+0.000,1.0000,0,1.0000,0,1,+5.000,+0.000,+5.000,-0.05000,+18.173,-0.00000,+0.00,+0.00000,1,+0.34985,+0.32666,0.01065,+55.140,0,188.2,0.0
18.423680,3,1,0.231377,0.231377,0.2490,-0.01762,1,1,0.0260,1,1,+0.51587,+0.11014,0.06236,199.83,+0.51587,+0.51587,-0.00000,+0.11014,0.06236,1.0000,1,0,0,0,0.0000,+0.00000,+0.00000,0.0000,+0.000,+0.000,1.0000,0,1.0000,0,1,+5.000,+0.000,+5.000,-0.05000,+18.173,-0.00000,+0.00,+0.00000,1,+0.34985,+0.32666,0.01065,+55.140,0,188.2,0.0
18.428264,3,1,0.231377,0.231377,0.2490,-0.01762,1,1,0.0260,1,1,+0.51587,+0.11014,0.06236,199.83,+0.51587,+0.51587,-0.00000,+0.11014,0.06236,1.0000,1,0,0,0,0.0000,+0.00000,+0.00000,0.0000,+0.000,+0.000,1.0000,0,1.0000,0,1,+5.000,+0.000,+5.000,-0.05000,+18.231,-0.00000,+0.00,+0.00000,1,+0.34985,+0.32666,0.01065,+55.276,0,188.2,0.0
18.432572,3,1,0.231377,0.231377,0.2490,-0.01762,1,1,0.0260,1,1,+0.51587,+0.11014,0.06236,199.83,+0.51587,+0.51587,-0.00000,+0.11014,0.06236,1.0000,1,0,0,0,0.0000,+0.00000,+0.00000,0.0000,+0.000,+0.000,1.0000,0,1.0000,0,1,+5.000,+0.000,+5.000,-0.05000,+18.231,-0.00000,+0.00,+0.00000,1,+0.34985,+0.32666,0.01065,+55.276,0,188.2,0.0
18.437142,3,1,0.231377,0.231377,0.2490,-0.01762,1,1,0.0260,1,1,+0.51587,+0.11014,0.06236,199.83,+0.51587,+0.51587,-0.00000,+0.11014,0.06236,1.0000,1,0,0,0,0.0000,+0.00000,+0.00000,0.0000,+0.000,+0.000,1.0000,0,1.0000,0,1,+5.000,+0.000,+5.000,-0.05000,+18.272,-0.00000,+0.00,+0.00000,1,+0.34985,+0.32666,0.01065,+55.371,0,188.2,0.0
18.442103,3,1,0.231377,0.231377,0.2490,-0.01762,1,1,0.0260,1,1,+0.51587,+0.11014,0.06236,199.83,+0.51587,+0.51587,-0.00000,+0.11014,0.06236,1.0000,1,0,0,0,0.0000,+0.00000,+0.00000,0.0000,+0.000,+0.000,1.0000,0,1.0000,0,1,+5.000,+0.000,+5.000,-0.05000,+18.272,-0.00000,+0.00,+0.00000,1,+0.34985,+0.32666,0.01065,+55.371,0,188.2,0.0
18.446872,3,1,0.231377,0.231377,0.2490,-0.01762,1,1,0.0260,1,1,+0.51587,+0.11014,0.06236,199.83,+0.51587,+0.51587,-0.00000,+0.11014,0.06236,1.0000,1,0,0,0,0.0000,+0.00000,+0.00000,0.0000,+0.000,+0.000,1.0000,0,1.0000,0,1,+5.000,+0.000,+5.000,-0.05000,+18.320,-0.00000,+0.00,+0.00000,1,+0.34985,+0.32666,0.01065,+55.484,0,188.2,0.0
18.452005,3,1,0.231377,0.231377,0.2490,-0.01762,1,1,0.0260,1,1,+0.51587,+0.11014,0.06236,199.83,+0.51587,+0.51587,-0.00000,+0.11014,0.06236,1.0000,1,0,0,0,0.0000,+0.00000,+0.00000,0.0000,+0.000,+0.000,1.0000,0,1.0000,0,1,+5.000,+0.000,+5.000,-0.05000,+18.361,-0.00000,+0.00,+0.00000,1,+0.34985,+0.32666,0.01065,+55.578,0,188.2,0.0
18.456732,3,1,0.231377,0.231377,0.2490,-0.01762,1,1,0.0260,1,1,+0.51587,+0.11014,0.06236,199.83,+0.51587,+0.51587,-0.00000,+0.11014,0.06236,1.0000,1,0,0,0,0.0000,+0.00000,+0.00000,0.0000,+0.000,+0.000,1.0000,0,1.0000,0,1,+5.000,+0.000,+5.000,-0.05000,+18.361,-0.00000,+0.00,+0.00000,1,+0.34985,+0.32666,0.01065,+55.578,0,188.2,0.0
18.462353,3,1,0.231377,0.231377,0.2490,-0.01762,1,1,0.0260,1,1,+0.51587,+0.11014,0.06236,199.83,+0.51587,+0.51587,-0.00000,+0.11014,0.06236,1.0000,1,0,0,0,0.0000,+0.00000,+0.00000,0.0000,+0.000,+0.000,1.0000,0,1.0000,0,1,+5.000,+0.000,+5.000,-0.05000,+18.420,-0.00000,+0.00,+0.00000,1,+0.34985,+0.32666,0.01065,+55.713,0,188.2,0.0
18.467046,3,1,0.231377,0.231377,0.2490,-0.01762,1,1,0.0260,1,1,+0.51587,+0.11014,0.06236,199.83,+0.51587,+0.51587,-0.00000,+0.11014,0.06236,1.0000,1,0,0,0,0.0000,+0.00000,+0.00000,0.0000,+0.000,+0.000,1.0000,0,1.0000,0,1,+5.000,+0.000,+5.000,-0.05000,+18.420,-0.00000,+0.00,+0.00000,1,+0.34985,+0.32666,0.01065,+55.713,0,188.2,0.0
18.471870,3,1,0.231377,0.231377,0.2490,-0.01762,1,1,0.0260,1,1,+0.51587,+0.11014,0.06236,199.83,+0.51587,+0.51587,-0.00000,+0.11014,0.06236,1.0000,1,0,0,0,0.0000,+0.00000,+0.00000,0.0000,+0.000,+0.000,1.0000,0,1.0000,0,1,+5.000,+0.000,+5.000,-0.05000,+18.471,-0.00000,+0.00,+0.00000,1,+0.34985,+0.32666,0.01065,+55.828,0,188.2,0.0
18.476309,3,1,0.231377,0.231377,0.2490,-0.01762,1,1,0.0260,1,1,+0.51587,+0.11014,0.06236,199.83,+0.51587,+0.51587,-0.00000,+0.11014,0.06236,1.0000,1,0,0,0,0.0000,+0.00000,+0.00000,0.0000,+0.000,+0.000,1.0000,0,1.0000,0,1,+5.000,+0.000,+5.000,-0.05000,+18.471,-0.00000,+0.00,+0.00000,1,+0.34985,+0.32666,0.01065,+55.828,0,188.2,0.0
18.481005,3,1,0.231377,0.231377,0.2490,-0.01762,1,1,0.0260,1,1,+0.51587,+0.11014,0.06236,199.83,+0.51587,+0.51587,-0.00000,+0.11014,0.06236,1.0000,1,0,0,0,0.0000,+0.00000,+0.00000,0.0000,+0.000,+0.000,1.0000,0,1.0000,0,1,+5.000,+0.000,+5.000,-0.05000,+18.524,-0.00000,+0.00,+0.00000,1,+0.34985,+0.32666,0.01065,+55.947,0,188.2,0.0
18.485262,3,1,0.231377,0.231377,0.2490,-0.01762,1,1,0.0260,1,1,+0.51587,+0.11014,0.06236,199.83,+0.51587,+0.51587,-0.00000,+0.11014,0.06236,1.0000,1,0,0,0,0.0000,+0.00000,+0.00000,0.0000,+0.000,+0.000,1.0000,0,1.0000,0,1,+5.000,+0.000,+5.000,-0.05000,+18.524,-0.00000,+0.00,+0.00000,1,+0.34985,+0.32666,0.01065,+55.947,0,188.2,0.0
18.489812,3,1,0.231377,0.231377,0.2490,-0.01762,1,1,0.0260,1,1,+0.51587,+0.11014,0.06236,199.83,+0.51587,+0.51587,-0.00000,+0.11014,0.06236,1.0000,1,0,0,0,0.0000,+0.00000,+0.00000,0.0000,+0.000,+0.000,1.0000,0,1.0000,0,1,+5.000,+0.000,+5.000,-0.05000,+18.524,-0.00000,+0.00,+0.00000,1,+0.34985,+0.32666,0.01065,+55.947,0,188.2,0.0
18.494243,3,1,0.231377,0.231377,0.2490,-0.01762,1,1,0.0260,1,1,+0.51587,+0.11014,0.06236,199.83,+0.51587,+0.51587,-0.00000,+0.11014,0.06236,1.0000,1,0,0,0,0.0000,+0.00000,+0.00000,0.0000,+0.000,+0.000,1.0000,0,1.0000,0,1,+5.000,+0.000,+5.000,-0.05000,+18.587,-0.00000,+0.00,+0.00000,1,+0.34985,+0.32666,0.01065,+56.088,0,188.2,0.0
18.498890,3,1,0.231377,0.231377,0.2490,-0.01762,1,1,0.0260,1,1,+0.51587,+0.11014,0.06236,199.83,+0.51587,+0.51587,-0.00000,+0.11014,0.06236,1.0000,1,0,0,0,0.0000,+0.00000,+0.00000,0.0000,+0.000,+0.000,1.0000,0,1.0000,0,1,+5.000,+0.000,+5.000,-0.05000,+18.587,-0.00000,+0.00,+0.00000,1,+0.34985,+0.32666,0.01065,+56.088,0,188.2,0.0
18.503657,3,1,0.231377,0.231377,0.2490,-0.01762,1,1,0.0260,1,1,+0.51587,+0.11014,0.06236,199.83,+0.51587,+0.51587,-0.00000,+0.11014,0.06236,1.0000,1,0,0,0,0.0000,+0.00000,+0.00000,0.0000,+0.000,+0.000,1.0000,0,1.0000,0,1,+5.000,+0.000,+5.000,-0.05000,+18.643,-0.00000,+0.00,+0.00000,1,+0.34985,+0.32666,0.01065,+56.212,0,188.2,0.0
18.508221,3,1,0.231377,0.231377,0.2490,-0.01762,1,1,0.0260,1,1,+0.51587,+0.11014,0.06236,199.83,+0.51587,+0.51587,-0.00000,+0.11014,0.06236,1.0000,1,0,0,0,0.0000,+0.00000,+0.00000,0.0000,+0.000,+0.000,1.0000,0,1.0000,0,1,+5.000,+0.000,+5.000,-0.05000,+18.643,-0.00000,+0.00,+0.00000,1,+0.34985,+0.32666,0.01065,+56.212,0,188.2,0.0
18.512839,3,1,0.231377,0.231377,0.2490,-0.01762,1,1,0.0260,1,1,+0.51587,+0.11014,0.06236,199.83,+0.51587,+0.51587,-0.00000,+0.11014,0.06236,1.0000,1,0,0,0,0.0000,+0.00000,+0.00000,0.0000,+0.000,+0.000,1.0000,0,1.0000,0,1,+5.000,+0.000,+5.000,-0.05000,+18.697,-0.00000,+0.00,+0.00000,1,+0.34985,+0.32666,0.01065,+56.332,0,188.2,0.0
18.517171,3,1,0.231377,0.231377,0.2490,-0.01762,1,1,0.0260,1,1,+0.51587,+0.11014,0.06236,199.83,+0.51587,+0.51587,-0.00000,+0.11014,0.06236,1.0000,1,0,0,0,0.0000,+0.00000,+0.00000,0.0000,+0.000,+0.000,1.0000,0,1.0000,0,1,+5.000,+0.000,+5.000,-0.05000,+18.697,-0.00000,+0.00,+0.00000,1,+0.34985,+0.32666,0.01065,+56.332,0,188.2,0.0
18.521728,3,1,0.231377,0.231377,0.2490,-0.01762,1,1,0.0260,1,1,+0.51587,+0.11014,0.06236,199.83,+0.51587,+0.51587,-0.00000,+0.11014,0.06236,1.0000,1,0,0,0,0.0000,+0.00000,+0.00000,0.0000,+0.000,+0.000,1.0000,0,1.0000,0,1,+5.000,+0.000,+5.000,-0.05000,+18.755,-0.00000,+0.00,+0.00000,1,+0.34985,+0.32666,0.01065,+56.459,0,188.2,0.0
18.526616,3,1,0.231377,0.231377,0.2490,-0.01762,1,1,0.0260,1,1,+0.51587,+0.11014,0.06236,199.83,+0.51587,+0.51587,-0.00000,+0.11014,0.06236,1.0000,1,0,0,0,0.0000,+0.00000,+0.00000,0.0000,+0.000,+0.000,1.0000,0,1.0000,0,1,+5.000,+0.000,+5.000,-0.05000,+18.797,-0.00000,+0.00,+0.00000,1,+0.34985,+0.32666,0.01065,+56.549,0,188.2,0.0
18.531313,3,1,0.231377,0.231377,0.2490,-0.01762,1,1,0.0260,1,1,+0.51587,+0.11014,0.06236,199.83,+0.51587,+0.51587,-0.00000,+0.11014,0.06236,1.0000,1,0,0,0,0.0000,+0.00000,+0.00000,0.0000,+0.000,+0.000,1.0000,0,1.0000,0,1,+5.000,+0.000,+5.000,-0.05000,+18.797,-0.00000,+0.00,+0.00000,1,+0.34985,+0.32666,0.01065,+56.549,0,188.2,0.0
18.535653,3,1,0.231377,0.231377,0.2490,-0.01762,1,1,0.0260,1,1,+0.51587,+0.11014,0.06236,199.83,+0.51587,+0.51587,-0.00000,+0.11014,0.06236,1.0000,1,0,0,0,0.0000,+0.00000,+0.00000,0.0000,+0.000,+0.000,1.0000,0,1.0000,0,1,+5.000,+0.000,+5.000,-0.05000,+18.842,-0.00000,+0.00,+0.00000,1,+0.34985,+0.32666,0.01065,+56.648,0,188.2,0.0
18.540068,3,1,0.231377,0.231377,0.2490,-0.01762,1,1,0.0260,1,1,+0.51587,+0.11014,0.06236,199.83,+0.51587,+0.51587,-0.00000,+0.11014,0.06236,1.0000,1,0,0,0,0.0000,+0.00000,+0.00000,0.0000,+0.000,+0.000,1.0000,0,1.0000,0,1,+5.000,+0.000,+5.000,-0.05000,+18.842,-0.00000,+0.00,+0.00000,1,+0.34985,+0.32666,0.01065,+56.648,0,188.2,0.0
18.544899,3,1,0.231377,0.231377,0.2490,-0.01762,1,1,0.0260,1,1,+0.51587,+0.11014,0.06236,199.83,+0.51587,+0.51587,-0.00000,+0.11014,0.06236,1.0000,1,0,0,0,0.0000,+0.00000,+0.00000,0.0000,+0.000,+0.000,1.0000,0,1.0000,0,1,+5.000,+0.000,+5.000,-0.05000,+18.899,-0.00000,+0.00,+0.00000,1,+0.34985,+0.32666,0.01065,+56.770,0,188.2,0.0
18.549379,3,1,0.231377,0.231377,0.2490,-0.01762,1,1,0.0260,1,1,+0.51587,+0.11014,0.06236,199.83,+0.51587,+0.51587,-0.00000,+0.11014,0.06236,1.0000,1,0,0,0,0.0000,+0.00000,+0.00000,0.0000,+0.000,+0.000,1.0000,0,1.0000,0,1,+5.000,+0.000,+5.000,-0.05000,+18.899,-0.00000,+0.00,+0.00000,1,+0.34985,+0.32666,0.01065,+56.770,0,188.2,0.0
18.554102,3,1,0.231377,0.231377,0.2490,-0.01762,1,1,0.0260,1,1,+0.51587,+0.11014,0.06236,199.83,+0.51587,+0.51587,-0.00000,+0.11014,0.06236,1.0000,1,0,0,0,0.0000,+0.00000,+0.00000,0.0000,+0.000,+0.000,1.0000,0,1.0000,0,1,+5.000,+0.000,+5.000,-0.05000,+18.944,-0.00000,+0.00,+0.00000,1,+0.34985,+0.32666,0.01065,+56.867,0,188.2,0.0
18.558687,3,1,0.231377,0.231377,0.2490,-0.01762,1,1,0.0260,1,1,+0.51587,+0.11014,0.06236,199.83,+0.51587,+0.51587,-0.00000,+0.11014,0.06236,1.0000,1,0,0,0,0.0000,+0.00000,+0.00000,0.0000,+0.000,+0.000,1.0000,0,1.0000,0,1,+5.000,+0.000,+5.000,-0.05000,+18.944,-0.00000,+0.00,+0.00000,1,+0.34985,+0.32666,0.01065,+56.867,0,188.2,0.0
18.563396,3,1,0.231377,0.231377,0.2490,-0.01762,1,1,0.0260,1,1,+0.51587,+0.11014,0.06236,199.83,+0.51587,+0.51587,-0.00000,+0.11014,0.06236,1.0000,1,0,0,0,0.0000,+0.00000,+0.00000,0.0000,+0.000,+0.000,1.0000,0,1.0000,0,1,+5.000,+0.000,+5.000,-0.05000,+18.999,-0.00000,+0.00,+0.00000,1,+0.34985,+0.32666,0.01065,+56.982,0,188.2,0.0
18.567949,3,1,0.231377,0.231377,0.2490,-0.01762,1,1,0.0260,1,1,+0.51587,+0.11014,0.06236,199.83,+0.51587,+0.51587,-0.00000,+0.11014,0.06236,1.0000,1,0,0,0,0.0000,+0.00000,+0.00000,0.0000,+0.000,+0.000,1.0000,0,1.0000,0,1,+5.000,+0.000,+5.000,-0.05000,+18.999,-0.00000,+0.00,+0.00000,1,+0.34985,+0.32666,0.01065,+56.982,0,188.2,0.0
18.572443,3,1,0.231377,0.231377,0.2490,-0.01762,1,1,0.0260,1,1,+0.51587,+0.11014,0.06236,199.83,+0.51587,+0.51587,-0.00000,+0.11014,0.06236,1.0000,1,0,0,0,0.0000,+0.00000,+0.00000,0.0000,+0.000,+0.000,1.0000,0,1.0000,0,1,+5.000,+0.000,+5.000,-0.05000,+19.056,-0.00000,+0.00,+0.00000,1,+0.34985,+0.32666,0.01065,+57.102,0,188.2,0.0
18.577123,3,1,0.231377,0.231377,0.2490,-0.01762,1,1,0.0260,1,1,+0.51587,+0.11014,0.06236,199.83,+0.51587,+0.51587,-0.00000,+0.11014,0.06236,1.0000,1,0,0,0,0.0000,+0.00000,+0.00000,0.0000,+0.000,+0.000,1.0000,0,1.0000,0,1,+5.000,+0.000,+5.000,-0.05000,+19.056,-0.00000,+0.00,+0.00000,1,+0.34985,+0.32666,0.01065,+57.102,0,188.2,0.0
18.581809,3,1,0.231377,0.231377,0.2490,-0.01762,1,1,0.0260,1,1,+0.51587,+0.11014,0.06236,199.83,+0.51587,+0.51587,-0.00000,+0.11014,0.06236,1.0000,1,0,0,0,0.0000,+0.00000,+0.00000,0.0000,+0.000,+0.000,1.0000,0,1.0000,0,1,+5.000,+0.000,+5.000,-0.05000,+19.112,-0.00000,+0.00,+0.00000,1,+0.34985,+0.32666,0.01065,+57.220,0,188.2,0.0
18.586499,3,1,0.231377,0.231377,0.2490,-0.01762,1,1,0.0260,1,1,+0.51587,+0.11014,0.06236,199.83,+0.51587,+0.51587,-0.00000,+0.11014,0.06236,1.0000,1,0,0,0,0.0000,+0.00000,+0.00000,0.0000,+0.000,+0.000,1.0000,0,1.0000,0,1,+5.000,+0.000,+5.000,-0.05000,+19.161,-0.00000,+0.00,+0.00000,1,+0.34985,+0.32666,0.01065,+57.322,0,188.2,0.0
18.591108,3,1,0.231377,0.231377,0.2490,-0.01762,1,1,0.0260,1,1,+0.51587,+0.11014,0.06236,199.83,+0.51587,+0.51587,-0.00000,+0.11014,0.06236,1.0000,1,0,0,0,0.0000,+0.00000,+0.00000,0.0000,+0.000,+0.000,1.0000,0,1.0000,0,1,+5.000,+0.000,+5.000,-0.05000,+19.161,-0.00000,+0.00,+0.00000,1,+0.34985,+0.32666,0.01065,+57.322,0,188.2,0.0
18.595747,3,1,0.231377,0.231377,0.2490,-0.01762,1,1,0.0260,1,1,+0.51587,+0.11014,0.06236,199.83,+0.51587,+0.51587,-0.00000,+0.11014,0.06236,1.0000,1,0,0,0,0.0000,+0.00000,+0.00000,0.0000,+0.000,+0.000,1.0000,0,1.0000,0,1,+5.000,+0.000,+5.000,-0.05000,+19.219,-0.00000,+0.00,+0.00000,1,+0.34985,+0.32666,0.01065,+57.440,0,188.2,0.0
18.599983,3,1,0.231377,0.231377,0.2490,-0.01762,1,1,0.0260,1,1,+0.51587,+0.11014,0.06236,199.83,+0.51587,+0.51587,-0.00000,+0.11014,0.06236,1.0000,1,0,0,0,0.0000,+0.00000,+0.00000,0.0000,+0.000,+0.000,1.0000,0,1.0000,0,1,+5.000,+0.000,+5.000,-0.05000,+19.219,-0.00000,+0.00,+0.00000,1,+0.34985,+0.32666,0.01065,+57.440,0,188.2,0.0
18.604531,3,1,0.231377,0.231377,0.2490,-0.01762,1,1,0.0260,1,1,+0.51587,+0.11014,0.06236,199.83,+0.51587,+0.51587,-0.00000,+0.11014,0.06236,1.0000,1,0,0,0,0.0000,+0.00000,+0.00000,0.0000,+0.000,+0.000,1.0000,0,1.0000,0,1,+5.000,+0.000,+5.000,-0.05000,+19.272,-0.00000,+0.00,+0.00000,1,+0.34985,+0.32666,0.01065,+57.549,0,188.2,0.0
18.609045,3,1,0.231377,0.231377,0.2490,-0.01762,1,1,0.0260,1,1,+0.51587,+0.11014,0.06236,199.83,+0.51587,+0.51587,-0.00000,+0.11014,0.06236,1.0000,1,0,0,0,0.0000,+0.00000,+0.00000,0.0000,+0.000,+0.000,1.0000,0,1.0000,0,1,+5.000,+0.000,+5.000,-0.05000,+19.272,-0.00000,+0.00,+0.00000,1,+0.34985,+0.32666,0.01065,+57.549,0,188.2,0.0
18.613575,3,1,0.231377,0.231377,0.2490,-0.01762,1,1,0.0260,1,1,+0.51587,+0.11014,0.06236,199.83,+0.51587,+0.51587,-0.00000,+0.11014,0.06236,1.0000,1,0,0,0,0.0000,+0.00000,+0.00000,0.0000,+0.000,+0.000,1.0000,0,1.0000,0,1,+5.000,+0.000,+5.000,-0.05000,+19.331,-0.00000,+0.00,+0.00000,1,+0.34985,+0.32666,0.01065,+57.669,0,188.2,0.0
18.618124,3,1,0.231377,0.231377,0.2490,-0.01762,1,1,0.0260,1,1,+0.51587,+0.11014,0.06236,199.83,+0.51587,+0.51587,-0.00000,+0.11014,0.06236,1.0000,1,0,0,0,0.0000,+0.00000,+0.00000,0.0000,+0.000,+0.000,1.0000,0,1.0000,0,1,+5.000,+0.000,+5.000,-0.05000,+19.331,-0.00000,+0.00,+0.00000,1,+0.34985,+0.32666,0.01065,+57.669,0,188.2,0.0
18.622784,3,1,0.231377,0.231377,0.2490,-0.01762,1,1,0.0260,1,1,+0.51587,+0.11014,0.06236,199.83,+0.51587,+0.51587,-0.00000,+0.11014,0.06236,1.0000,1,0,0,0,0.0000,+0.00000,+0.00000,0.0000,+0.000,+0.000,1.0000,0,1.0000,0,1,+5.000,+0.000,+5.000,-0.05000,+19.380,-0.00000,+0.00,+0.00000,1,+0.34985,+0.32666,0.01065,+57.769,0,188.2,0.0
18.627217,3,1,0.231377,0.231377,0.2490,-0.01762,1,1,0.0260,1,1,+0.51587,+0.11014,0.06236,199.83,+0.51587,+0.51587,-0.00000,+0.11014,0.06236,1.0000,1,0,0,0,0.0000,+0.00000,+0.00000,0.0000,+0.000,+0.000,1.0000,0,1.0000,0,1,+5.000,+0.000,+5.000,-0.05000,+19.380,-0.00000,+0.00,+0.00000,1,+0.34985,+0.32666,0.01065,+57.769,0,188.2,0.0
18.631849,3,1,0.231377,0.231377,0.2490,-0.01762,1,1,0.0260,1,1,+0.51587,+0.11014,0.06236,199.83,+0.51587,+0.51587,-0.00000,+0.11014,0.06236,1.0000,1,0,0,0,0.0000,+0.00000,+0.00000,0.0000,+0.000,+0.000,1.0000,0,1.0000,0,1,+5.000,+0.000,+5.000,-0.05000,+19.380,-0.00000,+0.00,+0.00000,1,+0.34985,+0.32666,0.01065,+57.769,0,188.2,0.0
18.636514,3,1,0.231377,0.231377,0.2490,-0.01762,1,1,0.0260,1,1,+0.51587,+0.11014,0.06236,199.83,+0.51587,+0.51587,-0.00000,+0.11014,0.06236,1.0000,1,0,0,0,0.0000,+0.00000,+0.00000,0.0000,+0.000,+0.000,1.0000,0,1.0000,0,1,+5.000,+0.000,+5.000,-0.05000,+19.449,-0.00000,+0.00,+0.00000,1,+0.34985,+0.32666,0.01065,+57.906,0,188.2,0.0
18.641108,3,1,0.231377,0.231377,0.2490,-0.01762,1,1,0.0260,1,1,+0.51587,+0.11014,0.06236,199.83,+0.51587,+0.51587,-0.00000,+0.11014,0.06236,1.0000,1,0,0,0,0.0000,+0.00000,+0.00000,0.0000,+0.000,+0.000,1.0000,0,1.0000,0,1,+5.000,+0.000,+5.000,-0.05000,+19.449,-0.00000,+0.00,+0.00000,1,+0.34985,+0.32666,0.01065,+57.906,0,188.2,0.0
18.646106,3,1,0.231377,0.231377,0.2490,-0.01762,1,1,0.0260,1,1,+0.51587,+0.11014,0.06236,199.83,+0.51587,+0.51587,-0.00000,+0.11014,0.06236,1.0000,1,0,0,0,0.0000,+0.00000,+0.00000,0.0000,+0.000,+0.000,1.0000,0,1.0000,0,1,+5.000,+0.000,+5.000,-0.05000,+19.512,-0.00000,+0.00,+0.00000,1,+0.34985,+0.32666,0.01065,+58.032,0,188.2,0.0
18.650824,3,1,0.231377,0.231377,0.2490,-0.01762,1,1,0.0260,1,1,+0.51587,+0.11014,0.06236,199.83,+0.51587,+0.51587,-0.00000,+0.11014,0.06236,1.0000,1,0,0,0,0.0000,+0.00000,+0.00000,0.0000,+0.000,+0.000,1.0000,0,1.0000,0,1,+5.000,+0.000,+5.000,-0.05000,+19.563,-0.00000,+0.00,+0.00000,1,+0.34985,+0.32666,0.01065,+58.134,0,188.2,0.0
18.655398,3,1,0.231377,0.231377,0.2490,-0.01762,1,1,0.0260,1,1,+0.51587,+0.11014,0.06236,199.83,+0.51587,+0.51587,-0.00000,+0.11014,0.06236,1.0000,1,0,0,0,0.0000,+0.00000,+0.00000,0.0000,+0.000,+0.000,1.0000,0,1.0000,0,1,+5.000,+0.000,+5.000,-0.05000,+19.563,-0.00000,+0.00,+0.00000,1,+0.34985,+0.32666,0.01065,+58.134,0,188.2,0.0
18.660820,3,1,0.231377,0.231377,0.2490,-0.01762,1,1,0.0260,1,1,+0.51587,+0.11014,0.06236,199.83,+0.51587,+0.51587,-0.00000,+0.11014,0.06236,1.0000,1,0,0,0,0.0000,+0.00000,+0.00000,0.0000,+0.000,+0.000,1.0000,0,1.0000,0,1,+5.000,+0.000,+5.000,-0.05000,+19.614,-0.00000,+0.00,+0.00000,1,+0.34985,+0.32666,0.01065,+58.234,0,188.2,0.0
18.665540,3,1,0.231377,0.231377,0.2490,-0.01762,1,1,0.0260,1,1,+0.51587,+0.11014,0.06236,199.83,+0.51587,+0.51587,-0.00000,+0.11014,0.06236,1.0000,1,0,0,0,0.0000,+0.00000,+0.00000,0.0000,+0.000,+0.000,1.0000,0,1.0000,0,1,+5.000,+0.000,+5.000,-0.05000,+19.668,-0.00000,+0.00,+0.00000,1,+0.34985,+0.32666,0.01065,+58.339,0,188.2,0.0
18.670207,3,1,0.231377,0.231377,0.2490,-0.01762,1,1,0.0260,1,1,+0.51587,+0.11014,0.06236,199.83,+0.51587,+0.51587,-0.00000,+0.11014,0.06236,1.0000,1,0,0,0,0.0000,+0.00000,+0.00000,0.0000,+0.000,+0.000,1.0000,0,1.0000,0,1,+5.000,+0.000,+5.000,-0.05000,+19.668,-0.00000,+0.00,+0.00000,1,+0.34985,+0.32666,0.01065,+58.339,0,188.2,0.0
18.674821,3,1,0.231377,0.231377,0.2490,-0.01762,1,1,0.0260,1,1,+0.51587,+0.11014,0.06236,199.83,+0.51587,+0.51587,-0.00000,+0.11014,0.06236,1.0000,1,0,0,0,0.0000,+0.00000,+0.00000,0.0000,+0.000,+0.000,1.0000,0,1.0000,0,1,+5.000,+0.000,+5.000,-0.05000,+19.719,-0.00000,+0.00,+0.00000,1,+0.34985,+0.32666,0.01065,+58.438,0,188.2,0.0
18.679227,3,1,0.231377,0.231377,0.2490,-0.01762,1,1,0.0260,1,1,+0.51587,+0.11014,0.06236,199.83,+0.51587,+0.51587,-0.00000,+0.11014,0.06236,1.0000,1,0,0,0,0.0000,+0.00000,+0.00000,0.0000,+0.000,+0.000,1.0000,0,1.0000,0,1,+5.000,+0.000,+5.000,-0.05000,+19.719,-0.00000,+0.00,+0.00000,1,+0.34985,+0.32666,0.01065,+58.438,0,188.2,0.0
18.683752,3,1,0.231377,0.231377,0.2490,-0.01762,1,1,0.0260,1,1,+0.51587,+0.11014,0.06236,199.83,+0.51587,+0.51587,-0.00000,+0.11014,0.06236,1.0000,1,0,0,0,0.0000,+0.00000,+0.00000,0.0000,+0.000,+0.000,1.0000,0,1.0000,0,1,+5.000,+0.000,+5.000,-0.05000,+19.790,-0.00000,+0.00,+0.00000,1,+0.34985,+0.32666,0.01065,+58.574,0,188.2,0.0
18.688322,3,1,0.231377,0.231377,0.2490,-0.01762,1,1,0.0260,1,1,+0.51587,+0.11014,0.06236,199.83,+0.51587,+0.51587,-0.00000,+0.11014,0.06236,1.0000,1,0,0,0,0.0000,+0.00000,+0.00000,0.0000,+0.000,+0.000,1.0000,0,1.0000,0,1,+5.000,+0.000,+5.000,-0.05000,+19.790,-0.00000,+0.00,+0.00000,1,+0.34985,+0.32666,0.01065,+58.574,0,188.2,0.0
18.692807,3,1,0.231377,0.231377,0.2490,-0.01762,1,1,0.0260,1,1,+0.51587,+0.11014,0.06236,199.83,+0.51587,+0.51587,-0.00000,+0.11014,0.06236,1.0000,1,0,0,0,0.0000,+0.00000,+0.00000,0.0000,+0.000,+0.000,1.0000,0,1.0000,0,1,+5.000,+0.000,+5.000,-0.05000,+19.851,-0.00000,+0.00,+0.00000,1,+0.34985,+0.32666,0.01065,+58.690,0,188.2,0.0
18.697382,3,1,0.231377,0.231377,0.2490,-0.01762,1,1,0.0260,1,1,+0.51587,+0.11014,0.06236,199.83,+0.51587,+0.51587,-0.00000,+0.11014,0.06236,1.0000,1,0,0,0,0.0000,+0.00000,+0.00000,0.0000,+0.000,+0.000,1.0000,0,1.0000,0,1,+5.000,+0.000,+5.000,-0.05000,+19.851,-0.00000,+0.00,+0.00000,1,+0.34985,+0.32666,0.01065,+58.690,0,188.2,0.0
18.701887,3,1,0.231377,0.231377,0.2490,-0.01762,1,1,0.0260,1,1,+0.51587,+0.11014,0.06236,199.83,+0.51587,+0.51587,-0.00000,+0.11014,0.06236,1.0000,1,0,0,0,0.0000,+0.00000,+0.00000,0.0000,+0.000,+0.000,1.0000,0,1.0000,0,1,+5.000,+0.000,+5.000,-0.05000,+19.902,-0.00000,+0.00,+0.00000,1,+0.34985,+0.32666,0.01065,+58.789,0,188.2,0.0
18.706094,3,1,0.231377,0.231377,0.2490,-0.01762,1,1,0.0260,1,1,+0.51587,+0.11014,0.06236,199.83,+0.51587,+0.51587,-0.00000,+0.11014,0.06236,1.0000,1,0,0,0,0.0000,+0.00000,+0.00000,0.0000,+0.000,+0.000,1.0000,0,1.0000,0,1,+5.000,+0.000,+5.000,-0.05000,+19.902,-0.00000,+0.00,+0.00000,1,+0.34985,+0.32666,0.01065,+58.789,0,188.2,0.0
18.710574,3,1,0.231377,0.231377,0.2490,-0.01762,1,1,0.0260,1,1,+0.51587,+0.11014,0.06236,199.83,+0.51587,+0.51587,-0.00000,+0.11014,0.06236,1.0000,1,0,0,0,0.0000,+0.00000,+0.00000,0.0000,+0.000,+0.000,1.0000,0,1.0000,0,1,+5.000,+0.000,+5.000,-0.05000,+19.955,-0.00000,+0.00,+0.00000,1,+0.34985,+0.32666,0.01065,+58.888,0,188.2,0.0
18.715389,3,1,0.231377,0.231377,0.2490,-0.01762,1,1,0.0260,1,1,+0.51587,+0.11014,0.06236,199.83,+0.51587,+0.51587,-0.00000,+0.11014,0.06236,1.0000,1,0,0,0,0.0000,+0.00000,+0.00000,0.0000,+0.000,+0.000,1.0000,0,1.0000,0,1,+5.000,+0.000,+5.000,-0.05000,+19.955,-0.00000,+0.00,+0.00000,1,+0.34985,+0.32666,0.01065,+58.888,0,188.2,0.0
18.719892,3,1,0.231377,0.231377,0.2490,-0.01762,1,1,0.0260,1,1,+0.51587,+0.11014,0.06236,199.83,+0.51587,+0.51587,-0.00000,+0.11014,0.06236,1.0000,1,0,0,0,0.0000,+0.00000,+0.00000,0.0000,+0.000,+0.000,1.0000,0,1.0000,0,1,+5.000,+0.000,+5.000,-0.05000,+20.019,-0.00000,+0.00,+0.00000,1,+0.34985,+0.32666,0.01065,+59.008,0,188.2,0.0
18.725392,3,1,0.231377,0.231377,0.2490,-0.01762,1,1,0.0260,1,1,+0.51587,+0.11014,0.06236,199.83,+0.51587,+0.51587,-0.00000,+0.11014,0.06236,1.0000,1,0,0,0,0.0000,+0.00000,+0.00000,0.0000,+0.000,+0.000,1.0000,0,1.0000,0,1,+5.000,+0.000,+5.000,-0.05000,+20.019,-0.00000,+0.00,+0.00000,1,+0.34985,+0.32666,0.01065,+59.008,0,188.2,0.0
18.729741,3,1,0.231377,0.231377,0.2490,-0.01762,1,1,0.0260,1,1,+0.51587,+0.11014,0.06236,199.83,+0.51587,+0.51587,-0.00000,+0.11014,0.06236,1.0000,1,0,0,0,0.0000,+0.00000,+0.00000,0.0000,+0.000,+0.000,1.0000,0,1.0000,0,1,+5.000,+0.000,+5.000,-0.05000,+20.089,-0.00000,+0.00,+0.00000,1,+0.34985,+0.32666,0.01065,+59.138,0,188.2,0.0
18.734279,3,1,0.231377,0.231377,0.2490,-0.01762,1,1,0.0260,1,1,+0.51587,+0.11014,0.06236,199.83,+0.51587,+0.51587,-0.00000,+0.11014,0.06236,1.0000,1,0,0,0,0.0000,+0.00000,+0.00000,0.0000,+0.000,+0.000,1.0000,0,1.0000,0,1,+5.000,+0.000,+5.000,-0.05000,+20.089,-0.00000,+0.00,+0.00000,1,+0.34985,+0.32666,0.01065,+59.138,0,188.2,0.0
18.738993,3,1,0.231377,0.231377,0.2490,-0.01762,1,1,0.0260,1,1,+0.51587,+0.11014,0.06236,199.83,+0.51587,+0.51587,-0.00000,+0.11014,0.06236,1.0000,1,0,0,0,0.0000,+0.00000,+0.00000,0.0000,+0.000,+0.000,1.0000,0,1.0000,0,1,+5.000,+0.000,+5.000,-0.05000,+20.143,-0.00000,+0.00,+0.00000,1,+0.34985,+0.32666,0.01065,+59.238,0,188.2,0.0
18.743475,3,1,0.231377,0.231377,0.2490,-0.01762,1,1,0.0260,1,1,+0.51587,+0.11014,0.06236,199.83,+0.51587,+0.51587,-0.00000,+0.11014,0.06236,1.0000,1,0,0,0,0.0000,+0.00000,+0.00000,0.0000,+0.000,+0.000,1.0000,0,1.0000,0,1,+5.000,+0.000,+5.000,-0.05000,+20.200,-0.00000,+0.00,+0.00000,1,+0.34985,+0.32666,0.01065,+59.342,0,188.2,0.0
18.748239,3,1,0.231377,0.231377,0.2490,-0.01762,1,1,0.0260,1,1,+0.51587,+0.11014,0.06236,199.83,+0.51587,+0.51587,-0.00000,+0.11014,0.06236,1.0000,1,0,0,0,0.0000,+0.00000,+0.00000,0.0000,+0.000,+0.000,1.0000,0,1.0000,0,1,+5.000,+0.000,+5.000,-0.05000,+20.200,-0.00000,+0.00,+0.00000,1,+0.34985,+0.32666,0.01065,+59.342,0,188.2,0.0
18.754057,3,1,0.231377,0.231377,0.2490,-0.01762,1,1,0.0260,1,1,+0.51587,+0.11014,0.06236,199.83,+0.51587,+0.51587,-0.00000,+0.11014,0.06236,1.0000,1,0,0,0,0.0000,+0.00000,+0.00000,0.0000,+0.000,+0.000,1.0000,0,1.0000,0,1,+5.000,+0.000,+5.000,-0.05000,+20.255,-0.00000,+0.00,+0.00000,1,+0.34985,+0.32666,0.01065,+59.443,0,188.2,0.0
18.758617,3,1,0.231377,0.231377,0.2490,-0.01762,1,1,0.0260,1,1,+0.51587,+0.11014,0.06236,199.83,+0.51587,+0.51587,-0.00000,+0.11014,0.06236,1.0000,1,0,0,0,0.0000,+0.00000,+0.00000,0.0000,+0.000,+0.000,1.0000,0,1.0000,0,1,+5.000,+0.000,+5.000,-0.05000,+20.255,-0.00000,+0.00,+0.00000,1,+0.34985,+0.32666,0.01065,+59.443,0,188.2,0.0
18.763390,3,1,0.231377,0.231377,0.2490,-0.01762,1,1,0.0260,1,1,+0.51587,+0.11014,0.06236,199.83,+0.51587,+0.51587,-0.00000,+0.11014,0.06236,1.0000,1,0,0,0,0.0000,+0.00000,+0.00000,0.0000,+0.000,+0.000,1.0000,0,1.0000,0,1,+5.000,+0.000,+5.000,-0.05000,+20.321,-0.00000,+0.00,+0.00000,1,+0.34985,+0.32666,0.01065,+59.562,0,188.2,0.0
18.767954,3,1,0.231377,0.231377,0.2490,-0.01762,1,1,0.0260,1,1,+0.51587,+0.11014,0.06236,199.83,+0.51587,+0.51587,-0.00000,+0.11014,0.06236,1.0000,1,0,0,0,0.0000,+0.00000,+0.00000,0.0000,+0.000,+0.000,1.0000,0,1.0000,0,1,+5.000,+0.000,+5.000,-0.05000,+20.321,-0.00000,+0.00,+0.00000,1,+0.34985,+0.32666,0.01065,+59.562,0,188.2,0.0
18.772367,3,1,0.231377,0.231377,0.2490,-0.01762,1,1,0.0260,1,1,+0.51587,+0.11014,0.06236,199.83,+0.51587,+0.51587,-0.00000,+0.11014,0.06236,1.0000,1,0,0,0,0.0000,+0.00000,+0.00000,0.0000,+0.000,+0.000,1.0000,0,1.0000,0,1,+5.000,+0.000,+5.000,-0.05000,+20.387,-0.00000,+0.00,+0.00000,1,+0.34985,+0.32666,0.01065,+59.682,0,188.2,0.0
18.777122,3,1,0.231377,0.231377,0.2490,-0.01762,1,1,0.0260,1,1,+0.51587,+0.11014,0.06236,199.83,+0.51587,+0.51587,-0.00000,+0.11014,0.06236,1.0000,1,0,0,0,0.0000,+0.00000,+0.00000,0.0000,+0.000,+0.000,1.0000,0,1.0000,0,1,+5.000,+0.000,+5.000,-0.05000,+20.387,-0.00000,+0.00,+0.00000,1,+0.34985,+0.32666,0.01065,+59.682,0,188.2,0.0
18.781647,3,1,0.231377,0.231377,0.2490,-0.01762,1,1,0.0260,1,1,+0.51587,+0.11014,0.06236,199.83,+0.51587,+0.51587,-0.00000,+0.11014,0.06236,1.0000,1,0,0,0,0.0000,+0.00000,+0.00000,0.0000,+0.000,+0.000,1.0000,0,1.0000,0,1,+5.000,+0.000,+5.000,-0.05000,+20.448,-0.00000,+0.00,+0.00000,1,+0.34985,+0.32666,0.01065,+59.790,0,188.2,0.0
18.787275,3,1,0.231377,0.231377,0.2490,-0.01762,1,1,0.0260,1,1,+0.51587,+0.11014,0.06236,199.83,+0.51587,+0.51587,-0.00000,+0.11014,0.06236,1.0000,1,0,0,0,0.0000,+0.00000,+0.00000,0.0000,+0.000,+0.000,1.0000,0,1.0000,0,1,+5.000,+0.000,+5.000,-0.05000,+20.509,-0.00000,+0.00,+0.00000,1,+0.34985,+0.32666,0.01065,+59.898,0,188.2,0.0
18.792146,3,1,0.231377,0.231377,0.2490,-0.01762,1,1,0.0260,1,1,+0.51587,+0.11014,0.06236,199.83,+0.51587,+0.51587,-0.00000,+0.11014,0.06236,1.0000,1,0,0,0,0.0000,+0.00000,+0.00000,0.0000,+0.000,+0.000,1.0000,0,1.0000,0,1,+5.000,+0.000,+5.000,-0.05000,+20.509,-0.00000,+0.00,+0.00000,1,+0.34985,+0.32666,0.01065,+59.898,0,188.2,0.0
18.796718,3,1,0.231377,0.231377,0.2490,-0.01762,1,1,0.0260,1,1,+0.51587,+0.11014,0.06236,199.83,+0.51587,+0.51587,-0.00000,+0.11014,0.06236,1.0000,1,0,0,0,0.0000,+0.00000,+0.00000,0.0000,+0.000,+0.000,1.0000,0,1.0000,0,1,+5.000,+0.000,+5.000,-0.05000,+20.568,-0.00000,+0.00,+0.00000,1,+0.34985,+0.32666,0.01065,+60.003,0,188.2,0.0
18.801144,3,1,0.231377,0.231377,0.2490,-0.01762,1,1,0.0260,1,1,+0.51587,+0.11014,0.06236,199.83,+0.51587,+0.51587,-0.00000,+0.11014,0.06236,1.0000,1,0,0,0,0.0000,+0.00000,+0.00000,0.0000,+0.000,+0.000,1.0000,0,1.0000,0,1,+5.000,+0.000,+5.000,-0.05000,+20.568,-0.00000,+0.00,+0.00000,1,+0.34985,+0.32666,0.01065,+60.003,0,188.2,0.0
18.806023,3,1,0.231377,0.231377,0.2490,-0.01762,1,1,0.0260,1,1,+0.51587,+0.11014,0.06236,199.83,+0.51587,+0.51587,-0.00000,+0.11014,0.06236,1.0000,1,0,0,0,0.0000,+0.00000,+0.00000,0.0000,+0.000,+0.000,1.0000,0,1.0000,0,1,+5.000,+0.000,+5.000,-0.05000,+20.634,-0.00000,+0.00,+0.00000,1,+0.34985,+0.32666,0.01065,+60.119,0,188.2,0.0
18.810475,3,1,0.231377,0.231377,0.2490,-0.01762,1,1,0.0260,1,1,+0.51587,+0.11014,0.06236,199.83,+0.51587,+0.51587,-0.00000,+0.11014,0.06236,1.0000,1,0,0,0,0.0000,+0.00000,+0.00000,0.0000,+0.000,+0.000,1.0000,0,1.0000,0,1,+5.000,+0.000,+5.000,-0.05000,+20.634,-0.00000,+0.00,+0.00000,1,+0.34985,+0.32666,0.01065,+60.119,0,188.2,0.0
18.814979,3,1,0.231377,0.231377,0.2490,-0.01762,1,1,0.0260,1,1,+0.51587,+0.11014,0.06236,199.83,+0.51587,+0.51587,-0.00000,+0.11014,0.06236,1.0000,1,0,0,0,0.0000,+0.00000,+0.00000,0.0000,+0.000,+0.000,1.0000,0,1.0000,0,1,+5.000,+0.000,+5.000,-0.05000,+20.697,-0.00000,+0.00,+0.00000,1,+0.34985,+0.32666,0.01065,+60.227,0,188.2,0.0
18.819217,3,1,0.231377,0.231377,0.2490,-0.01762,1,1,0.0260,1,1,+0.51587,+0.11014,0.06236,199.83,+0.51587,+0.51587,-0.00000,+0.11014,0.06236,1.0000,1,0,0,0,0.0000,+0.00000,+0.00000,0.0000,+0.000,+0.000,1.0000,0,1.0000,0,1,+5.000,+0.000,+5.000,-0.05000,+20.697,-0.00000,+0.00,+0.00000,1,+0.34985,+0.32666,0.01065,+60.227,0,188.2,0.0
18.823458,3,1,0.231377,0.231377,0.2490,-0.01762,1,1,0.0260,1,1,+0.51587,+0.11014,0.06236,199.83,+0.51587,+0.51587,-0.00000,+0.11014,0.06236,1.0000,1,0,0,0,0.0000,+0.00000,+0.00000,0.0000,+0.000,+0.000,1.0000,0,1.0000,0,1,+5.000,+0.000,+5.000,-0.05000,+20.759,-0.00000,+0.00,+0.00000,1,+0.34985,+0.32666,0.01065,+60.334,0,188.2,0.0
18.828166,3,1,0.231377,0.231377,0.2490,-0.01762,1,1,0.0260,1,1,+0.51587,+0.11014,0.06236,199.83,+0.51587,+0.51587,-0.00000,+0.11014,0.06236,1.0000,1,0,0,0,0.0000,+0.00000,+0.00000,0.0000,+0.000,+0.000,1.0000,0,1.0000,0,1,+5.000,+0.000,+5.000,-0.05000,+20.759,-0.00000,+0.00,+0.00000,1,+0.34985,+0.32666,0.01065,+60.334,0,188.2,0.0
18.832514,3,1,0.231377,0.231377,0.2490,-0.01762,1,1,0.0260,1,1,+0.51587,+0.11014,0.06236,199.83,+0.51587,+0.51587,-0.00000,+0.11014,0.06236,1.0000,1,0,0,0,0.0000,+0.00000,+0.00000,0.0000,+0.000,+0.000,1.0000,0,1.0000,0,1,+5.000,+0.000,+5.000,-0.05000,+20.830,-0.00000,+0.00,+0.00000,1,+0.34985,+0.32666,0.01065,+60.455,0,188.2,0.0
18.837151,3,1,0.231377,0.231377,0.2490,-0.01762,1,1,0.0260,1,1,+0.51587,+0.11014,0.06236,199.83,+0.51587,+0.51587,-0.00000,+0.11014,0.06236,1.0000,1,0,0,0,0.0000,+0.00000,+0.00000,0.0000,+0.000,+0.000,1.0000,0,1.0000,0,1,+5.000,+0.000,+5.000,-0.05000,+20.830,-0.00000,+0.00,+0.00000,1,+0.34985,+0.32666,0.01065,+60.455,0,188.2,0.0
18.842242,3,1,0.231377,0.231377,0.2490,-0.01762,1,1,0.0260,1,1,+0.51587,+0.11014,0.06236,199.83,+0.51587,+0.51587,-0.00000,+0.11014,0.06236,1.0000,1,0,0,0,0.0000,+0.00000,+0.00000,0.0000,+0.000,+0.000,1.0000,0,1.0000,0,1,+5.000,+0.000,+5.000,-0.05000,+20.889,-0.00000,+0.00,+0.00000,1,+0.34985,+0.32666,0.01065,+60.557,0,188.2,0.0
18.846542,3,1,0.231377,0.231377,0.2490,-0.01762,1,1,0.0260,1,1,+0.51587,+0.11014,0.06236,199.83,+0.51587,+0.51587,-0.00000,+0.11014,0.06236,1.0000,1,0,0,0,0.0000,+0.00000,+0.00000,0.0000,+0.000,+0.000,1.0000,0,1.0000,0,1,+5.000,+0.000,+5.000,-0.05000,+20.889,-0.00000,+0.00,+0.00000,1,+0.34985,+0.32666,0.01065,+60.557,0,188.2,0.0
18.850877,3,1,0.231377,0.231377,0.2490,-0.01762,1,1,0.0260,1,1,+0.51587,+0.11014,0.06236,199.83,+0.51587,+0.51587,-0.00000,+0.11014,0.06236,1.0000,1,0,0,0,0.0000,+0.00000,+0.00000,0.0000,+0.000,+0.000,1.0000,0,1.0000,0,1,+5.000,+0.000,+5.000,-0.05000,+20.969,-0.00000,+0.00,+0.00000,1,+0.34985,+0.32666,0.01065,+60.691,0,188.2,0.0
18.855281,3,1,0.231377,0.231377,0.2490,-0.01762,1,1,0.0260,1,1,+0.51587,+0.11014,0.06236,199.83,+0.51587,+0.51587,-0.00000,+0.11014,0.06236,1.0000,1,0,0,0,0.0000,+0.00000,+0.00000,0.0000,+0.000,+0.000,1.0000,0,1.0000,0,1,+5.000,+0.000,+5.000,-0.05000,+20.969,-0.00000,+0.00,+0.00000,1,+0.34985,+0.32666,0.01065,+60.691,0,188.2,0.0
18.859705,3,1,0.231377,0.231377,0.2490,-0.01762,1,1,0.0260,1,1,+0.51587,+0.11014,0.06236,199.83,+0.51587,+0.51587,-0.00000,+0.11014,0.06236,1.0000,1,0,0,0,0.0000,+0.00000,+0.00000,0.0000,+0.000,+0.000,1.0000,0,1.0000,0,1,+5.000,+0.000,+5.000,-0.05000,+21.035,-0.00000,+0.00,+0.00000,1,+0.34985,+0.32666,0.01065,+60.802,0,188.2,0.0
18.864291,3,1,0.231377,0.231377,0.2490,-0.01762,1,1,0.0260,1,1,+0.51587,+0.11014,0.06236,199.83,+0.51587,+0.51587,-0.00000,+0.11014,0.06236,1.0000,1,0,0,0,0.0000,+0.00000,+0.00000,0.0000,+0.000,+0.000,1.0000,0,1.0000,0,1,+5.000,+0.000,+5.000,-0.05000,+21.035,-0.00000,+0.00,+0.00000,1,+0.34985,+0.32666,0.01065,+60.802,0,188.2,0.0
18.868811,3,1,0.231377,0.231377,0.2490,-0.01762,1,1,0.0260,1,1,+0.51587,+0.11014,0.06236,199.83,+0.51587,+0.51587,-0.00000,+0.11014,0.06236,1.0000,1,0,0,0,0.0000,+0.00000,+0.00000,0.0000,+0.000,+0.000,1.0000,0,1.0000,0,1,+5.000,+0.000,+5.000,-0.05000,+21.109,-0.00000,+0.00,+0.00000,1,+0.34985,+0.32666,0.01065,+60.925,0,188.2,0.0
18.873365,3,1,0.231377,0.231377,0.2490,-0.01762,1,1,0.0260,1,1,+0.51587,+0.11014,0.06236,199.83,+0.51587,+0.51587,-0.00000,+0.11014,0.06236,1.0000,1,0,0,0,0.0000,+0.00000,+0.00000,0.0000,+0.000,+0.000,1.0000,0,1.0000,0,1,+5.000,+0.000,+5.000,-0.05000,+21.109,-0.00000,+0.00,+0.00000,1,+0.34985,+0.32666,0.01065,+60.925,0,188.2,0.0
18.877906,3,1,0.231377,0.231377,0.2490,-0.01762,1,1,0.0260,1,1,+0.51587,+0.11014,0.06236,199.83,+0.51587,+0.51587,-0.00000,+0.11014,0.06236,1.0000,1,0,0,0,0.0000,+0.00000,+0.00000,0.0000,+0.000,+0.000,1.0000,0,1.0000,0,1,+5.000,+0.000,+5.000,-0.05000,+21.172,-0.00000,+0.00,+0.00000,1,+0.34985,+0.32666,0.01065,+61.029,0,188.2,0.0
18.882595,3,1,0.231377,0.231377,0.2490,-0.01762,1,1,0.0260,1,1,+0.51587,+0.11014,0.06236,199.83,+0.51587,+0.51587,-0.00000,+0.11014,0.06236,1.0000,1,0,0,0,0.0000,+0.00000,+0.00000,0.0000,+0.000,+0.000,1.0000,0,1.0000,0,1,+5.000,+0.000,+5.000,-0.05000,+21.172,-0.00000,+0.00,+0.00000,1,+0.34985,+0.32666,0.01065,+61.029,0,188.2,0.0
18.887244,3,1,0.231377,0.231377,0.2490,-0.01762,1,1,0.0260,1,1,+0.51587,+0.11014,0.06236,199.83,+0.51587,+0.51587,-0.00000,+0.11014,0.06236,1.0000,1,0,0,0,0.0000,+0.00000,+0.00000,0.0000,+0.000,+0.000,1.0000,0,1.0000,0,1,+5.000,+0.000,+5.000,-0.05000,+21.244,-0.00000,+0.00,+0.00000,1,+0.34985,+0.32666,0.01065,+61.147,0,188.2,0.0
18.892070,3,1,0.231377,0.231377,0.2490,-0.01762,1,1,0.0260,1,1,+0.51587,+0.11014,0.06236,199.83,+0.51587,+0.51587,-0.00000,+0.11014,0.06236,1.0000,1,0,0,0,0.0000,+0.00000,+0.00000,0.0000,+0.000,+0.000,1.0000,0,1.0000,0,1,+5.000,+0.000,+5.000,-0.05000,+21.303,-0.00000,+0.00,+0.00000,1,+0.34985,+0.32666,0.01065,+61.243,0,188.2,0.0
18.897444,3,1,0.231377,0.231377,0.2490,-0.01762,1,1,0.0260,1,1,+0.51587,+0.11014,0.06236,199.83,+0.51587,+0.51587,-0.00000,+0.11014,0.06236,1.0000,1,0,0,0,0.0000,+0.00000,+0.00000,0.0000,+0.000,+0.000,1.0000,0,1.0000,0,1,+5.000,+0.000,+5.000,-0.05000,+21.303,-0.00000,+0.00,+0.00000,1,+0.34985,+0.32666,0.01065,+61.243,0,188.2,0.0
18.902040,3,1,0.231377,0.231377,0.2490,-0.01762,1,1,0.0260,1,1,+0.51587,+0.11014,0.06236,199.83,+0.51587,+0.51587,-0.00000,+0.11014,0.06236,1.0000,1,0,0,0,0.0000,+0.00000,+0.00000,0.0000,+0.000,+0.000,1.0000,0,1.0000,0,1,+5.000,+0.000,+5.000,-0.05000,+21.367,-0.00000,+0.00,+0.00000,1,+0.34985,+0.32666,0.01065,+61.347,0,188.2,0.0
18.906414,3,1,0.231377,0.231377,0.2490,-0.01762,1,1,0.0260,1,1,+0.51587,+0.11014,0.06236,199.83,+0.51587,+0.51587,-0.00000,+0.11014,0.06236,1.0000,1,0,0,0,0.0000,+0.00000,+0.00000,0.0000,+0.000,+0.000,1.0000,0,1.0000,0,1,+5.000,+0.000,+5.000,-0.05000,+21.367,-0.00000,+0.00,+0.00000,1,+0.34985,+0.32666,0.01065,+61.347,0,188.2,0.0
18.910704,3,1,0.231377,0.231377,0.2490,-0.01762,1,1,0.0260,1,1,+0.51587,+0.11014,0.06236,199.83,+0.51587,+0.51587,-0.00000,+0.11014,0.06236,1.0000,1,0,0,0,0.0000,+0.00000,+0.00000,0.0000,+0.000,+0.000,1.0000,0,1.0000,0,1,+5.000,+0.000,+5.000,-0.05000,+21.440,-0.00000,+0.00,+0.00000,1,+0.34985,+0.32666,0.01065,+61.463,0,188.2,0.0
18.915211,3,1,0.231377,0.231377,0.2490,-0.01762,1,1,0.0260,1,1,+0.51587,+0.11014,0.06236,199.83,+0.51587,+0.51587,-0.00000,+0.11014,0.06236,1.0000,1,0,0,0,0.0000,+0.00000,+0.00000,0.0000,+0.000,+0.000,1.0000,0,1.0000,0,1,+5.000,+0.000,+5.000,-0.05000,+21.440,-0.00000,+0.00,+0.00000,1,+0.34985,+0.32666,0.01065,+61.463,0,188.2,0.0
18.919775,3,1,0.231377,0.231377,0.2490,-0.01762,1,1,0.0260,1,1,+0.51587,+0.11014,0.06236,199.83,+0.51587,+0.51587,-0.00000,+0.11014,0.06236,1.0000,1,0,0,0,0.0000,+0.00000,+0.00000,0.0000,+0.000,+0.000,1.0000,0,1.0000,0,1,+5.000,+0.000,+5.000,-0.05000,+21.510,-0.00000,+0.00,+0.00000,1,+0.34985,+0.32666,0.01065,+61.575,0,188.2,0.0
18.924123,3,1,0.231377,0.231377,0.2490,-0.01762,1,1,0.0260,1,1,+0.51587,+0.11014,0.06236,199.83,+0.51587,+0.51587,-0.00000,+0.11014,0.06236,1.0000,1,0,0,0,0.0000,+0.00000,+0.00000,0.0000,+0.000,+0.000,1.0000,0,1.0000,0,1,+5.000,+0.000,+5.000,-0.05000,+21.510,-0.00000,+0.00,+0.00000,1,+0.34985,+0.32666,0.01065,+61.575,0,188.2,0.0
18.929395,3,1,0.231377,0.231377,0.2490,-0.01762,1,1,0.0260,1,1,+0.51587,+0.11014,0.06236,199.83,+0.51587,+0.51587,-0.00000,+0.11014,0.06236,1.0000,1,0,0,0,0.0000,+0.00000,+0.00000,0.0000,+0.000,+0.000,1.0000,0,1.0000,0,1,+5.000,+0.000,+5.000,-0.05000,+21.580,-0.00000,+0.00,+0.00000,1,+0.34985,+0.32666,0.01065,+61.686,0,188.2,0.0
18.933954,3,1,0.231377,0.231377,0.2490,-0.01762,1,1,0.0260,1,1,+0.51587,+0.11014,0.06236,199.83,+0.51587,+0.51587,-0.00000,+0.11014,0.06236,1.0000,1,0,0,0,0.0000,+0.00000,+0.00000,0.0000,+0.000,+0.000,1.0000,0,1.0000,0,1,+5.000,+0.000,+5.000,-0.05000,+21.580,-0.00000,+0.00,+0.00000,1,+0.34985,+0.32666,0.01065,+61.686,0,188.2,0.0
18.938592,3,1,0.231377,0.231377,0.2490,-0.01762,1,1,0.0260,1,1,+0.51587,+0.11014,0.06236,199.83,+0.51587,+0.51587,-0.00000,+0.11014,0.06236,1.0000,1,0,0,0,0.0000,+0.00000,+0.00000,0.0000,+0.000,+0.000,1.0000,0,1.0000,0,1,+5.000,+0.000,+5.000,-0.05000,+21.659,-0.00000,+0.00,+0.00000,1,+0.34985,+0.32666,0.01065,+61.810,0,188.2,0.0
18.943257,3,1,0.231377,0.231377,0.2490,-0.01762,1,1,0.0260,1,1,+0.51587,+0.11014,0.06236,199.83,+0.51587,+0.51587,-0.00000,+0.11014,0.06236,1.0000,1,0,0,0,0.0000,+0.00000,+0.00000,0.0000,+0.000,+0.000,1.0000,0,1.0000,0,1,+5.000,+0.000,+5.000,-0.05000,+21.720,-0.00000,+0.00,+0.00000,1,+0.34985,+0.32666,0.01065,+61.906,0,188.2,0.0
18.947837,3,1,0.231377,0.231377,0.2490,-0.01762,1,1,0.0260,1,1,+0.51587,+0.11014,0.06236,199.83,+0.51587,+0.51587,-0.00000,+0.11014,0.06236,1.0000,1,0,0,0,0.0000,+0.00000,+0.00000,0.0000,+0.000,+0.000,1.0000,0,1.0000,0,1,+5.000,+0.000,+5.000,-0.05000,+21.720,-0.00000,+0.00,+0.00000,1,+0.34985,+0.32666,0.01065,+61.906,0,188.2,0.0
18.952663,3,1,0.231377,0.231377,0.2490,-0.01762,1,1,0.0260,1,1,+0.51587,+0.11014,0.06236,199.83,+0.51587,+0.51587,-0.00000,+0.11014,0.06236,1.0000,1,0,0,0,0.0000,+0.00000,+0.00000,0.0000,+0.000,+0.000,1.0000,0,1.0000,0,1,+5.000,+0.000,+5.000,-0.05000,+21.796,-0.00000,+0.00,+0.00000,1,+0.34985,+0.32666,0.01065,+62.023,0,188.2,0.0
18.957964,3,1,0.231377,0.231377,0.2490,-0.01762,1,1,0.0260,1,1,+0.51587,+0.11014,0.06236,199.83,+0.51587,+0.51587,-0.00000,+0.11014,0.06236,1.0000,1,0,0,0,0.0000,+0.00000,+0.00000,0.0000,+0.000,+0.000,1.0000,0,1.0000,0,1,+5.000,+0.000,+5.000,-0.05000,+21.796,-0.00000,+0.00,+0.00000,1,+0.34985,+0.32666,0.01065,+62.023,0,188.2,0.0
18.963155,3,1,0.231377,0.231377,0.2490,-0.01762,1,1,0.0260,1,1,+0.51587,+0.11014,0.06236,199.83,+0.51587,+0.51587,-0.00000,+0.11014,0.06236,1.0000,1,0,0,0,0.0000,+0.00000,+0.00000,0.0000,+0.000,+0.000,1.0000,0,1.0000,0,1,+5.000,+0.000,+5.000,-0.05000,+21.859,-0.00000,+0.00,+0.00000,1,+0.34985,+0.32666,0.01065,+62.119,0,188.2,0.0
18.967608,3,1,0.231377,0.231377,0.2490,-0.01762,1,1,0.0260,1,1,+0.51587,+0.11014,0.06236,199.83,+0.51587,+0.51587,-0.00000,+0.11014,0.06236,1.0000,1,0,0,0,0.0000,+0.00000,+0.00000,0.0000,+0.000,+0.000,1.0000,0,1.0000,0,1,+5.000,+0.000,+5.000,-0.05000,+21.924,-0.00000,+0.00,+0.00000,1,+0.34985,+0.32666,0.01065,+62.218,0,188.2,0.0
18.971800,3,1,0.231377,0.231377,0.2490,-0.01762,1,1,0.0260,1,1,+0.51587,+0.11014,0.06236,199.83,+0.51587,+0.51587,-0.00000,+0.11014,0.06236,1.0000,1,0,0,0,0.0000,+0.00000,+0.00000,0.0000,+0.000,+0.000,1.0000,0,1.0000,0,1,+5.000,+0.000,+5.000,-0.05000,+21.924,-0.00000,+0.00,+0.00000,1,+0.34985,+0.32666,0.01065,+62.218,0,188.2,0.0
18.976320,3,1,0.231377,0.231377,0.2490,-0.01762,1,1,0.0260,1,1,+0.51587,+0.11014,0.06236,199.83,+0.51587,+0.51587,-0.00000,+0.11014,0.06236,1.0000,1,0,0,0,0.0000,+0.00000,+0.00000,0.0000,+0.000,+0.000,1.0000,0,1.0000,0,1,+5.000,+0.000,+5.000,-0.05000,+21.998,-0.00000,+0.00,+0.00000,1,+0.34985,+0.32666,0.01065,+62.331,0,188.2,0.0
18.980502,3,1,0.231377,0.231377,0.2490,-0.01762,1,1,0.0260,1,1,+0.51587,+0.11014,0.06236,199.83,+0.51587,+0.51587,-0.00000,+0.11014,0.06236,1.0000,1,0,0,0,0.0000,+0.00000,+0.00000,0.0000,+0.000,+0.000,1.0000,0,1.0000,0,1,+5.000,+0.000,+5.000,-0.05000,+21.998,-0.00000,+0.00,+0.00000,1,+0.34985,+0.32666,0.01065,+62.331,0,188.2,0.0
18.985096,3,1,0.231377,0.231377,0.2490,-0.01762,1,1,0.0260,1,1,+0.51587,+0.11014,0.06236,199.83,+0.51587,+0.51587,-0.00000,+0.11014,0.06236,1.0000,1,0,0,0,0.0000,+0.00000,+0.00000,0.0000,+0.000,+0.000,1.0000,0,1.0000,0,1,+5.000,+0.000,+5.000,-0.05000,+21.998,-0.00000,+0.00,+0.00000,1,+0.34985,+0.32666,0.01065,+62.331,0,188.2,0.0
18.989665,3,1,0.231377,0.231377,0.2490,-0.01762,1,1,0.0260,1,1,+0.51587,+0.11014,0.06236,199.83,+0.51587,+0.51587,-0.00000,+0.11014,0.06236,1.0000,1,0,0,0,0.0000,+0.00000,+0.00000,0.0000,+0.000,+0.000,1.0000,0,1.0000,0,1,+5.000,+0.000,+5.000,-0.05000,+22.089,-0.00000,+0.00,+0.00000,1,+0.34985,+0.32666,0.01065,+62.468,0,188.2,0.0
18.994057,3,1,0.231377,0.231377,0.2490,-0.01762,1,1,0.0260,1,1,+0.51587,+0.11014,0.06236,199.83,+0.51587,+0.51587,-0.00000,+0.11014,0.06236,1.0000,1,0,0,0,0.0000,+0.00000,+0.00000,0.0000,+0.000,+0.000,1.0000,0,1.0000,0,1,+5.000,+0.000,+5.000,-0.05000,+22.089,-0.00000,+0.00,+0.00000,1,+0.34985,+0.32666,0.01065,+62.468,0,188.2,0.0
18.999006,3,1,0.231377,0.231377,0.2490,-0.01762,1,1,0.0260,1,1,+0.51587,+0.11014,0.06236,199.83,+0.51587,+0.51587,-0.00000,+0.11014,0.06236,1.0000,1,0,0,0,0.0000,+0.00000,+0.00000,0.0000,+0.000,+0.000,1.0000,0,1.0000,0,1,+5.000,+0.000,+5.000,-0.05000,+22.164,-0.00000,+0.00,+0.00000,1,+0.34985,+0.32666,0.01065,+62.579,0,188.2,0.0
19.003648,3,1,0.231377,0.231377,0.2490,-0.01762,1,1,0.0260,1,1,+0.51587,+0.11014,0.06236,199.83,+0.51587,+0.51587,-0.00000,+0.11014,0.06236,1.0000,1,0,0,0,0.0000,+0.00000,+0.00000,0.0000,+0.000,+0.000,1.0000,0,1.0000,0,1,+5.000,+0.000,+5.000,-0.05000,+22.230,-0.00000,+0.00,+0.00000,1,+0.34985,+0.32666,0.01065,+62.677,0,188.2,0.0
19.008166,3,1,0.231377,0.231377,0.2490,-0.01762,1,1,0.0260,1,1,+0.51587,+0.11014,0.06236,199.83,+0.51587,+0.51587,-0.00000,+0.11014,0.06236,1.0000,1,0,0,0,0.0000,+0.00000,+0.00000,0.0000,+0.000,+0.000,1.0000,0,1.0000,0,1,+5.000,+0.000,+5.000,-0.05000,+22.230,-0.00000,+0.00,+0.00000,1,+0.34985,+0.32666,0.01065,+62.677,0,188.2,0.0
19.013000,3,1,0.231377,0.231377,0.2490,-0.01762,1,1,0.0260,1,1,+0.51587,+0.11014,0.06236,199.83,+0.51587,+0.51587,-0.00000,+0.11014,0.06236,1.0000,1,0,0,0,0.0000,+0.00000,+0.00000,0.0000,+0.000,+0.000,1.0000,0,1.0000,0,1,+5.000,+0.000,+5.000,-0.05000,+22.302,-0.00000,+0.00,+0.00000,1,+0.34985,+0.32666,0.01065,+62.783,0,188.2,0.0
19.017286,3,1,0.231377,0.231377,0.2490,-0.01762,1,1,0.0260,1,1,+0.51587,+0.11014,0.06236,199.83,+0.51587,+0.51587,-0.00000,+0.11014,0.06236,1.0000,1,0,0,0,0.0000,+0.00000,+0.00000,0.0000,+0.000,+0.000,1.0000,0,1.0000,0,1,+5.000,+0.000,+5.000,-0.05000,+22.302,-0.00000,+0.00,+0.00000,1,+0.34985,+0.32666,0.01065,+62.783,0,188.2,0.0
19.022319,3,1,0.231377,0.231377,0.2490,-0.01762,1,1,0.0260,1,1,+0.51587,+0.11014,0.06236,199.83,+0.51587,+0.51587,-0.00000,+0.11014,0.06236,1.0000,1,0,0,0,0.0000,+0.00000,+0.00000,0.0000,+0.000,+0.000,1.0000,0,1.0000,0,1,+5.000,+0.000,+5.000,-0.05000,+22.407,-0.00000,+0.00,+0.00000,1,+0.34985,+0.32666,0.01065,+62.937,0,188.2,0.0
19.027032,3,1,0.231377,0.231377,0.2490,-0.01762,1,1,0.0260,1,1,+0.51587,+0.11014,0.06236,199.83,+0.51587,+0.51587,-0.00000,+0.11014,0.06236,1.0000,1,0,0,0,0.0000,+0.00000,+0.00000,0.0000,+0.000,+0.000,1.0000,0,1.0000,0,1,+5.000,+0.000,+5.000,-0.05000,+22.407,-0.00000,+0.00,+0.00000,1,+0.34985,+0.32666,0.01065,+62.937,0,188.2,0.0
19.031375,3,1,0.231377,0.231377,0.2490,-0.01762,1,1,0.0260,1,1,+0.51587,+0.11014,0.06236,199.83,+0.51587,+0.51587,-0.00000,+0.11014,0.06236,1.0000,1,0,0,0,0.0000,+0.00000,+0.00000,0.0000,+0.000,+0.000,1.0000,0,1.0000,0,1,+5.000,+0.000,+5.000,-0.05000,+22.462,-0.00000,+0.00,+0.00000,1,+0.34985,+0.32666,0.01065,+63.016,0,188.2,0.0
19.035912,3,1,0.231377,0.231377,0.2490,-0.01762,1,1,0.0260,1,1,+0.51587,+0.11014,0.06236,199.83,+0.51587,+0.51587,-0.00000,+0.11014,0.06236,1.0000,1,0,0,0,0.0000,+0.00000,+0.00000,0.0000,+0.000,+0.000,1.0000,0,1.0000,0,1,+5.000,+0.000,+5.000,-0.05000,+22.462,-0.00000,+0.00,+0.00000,1,+0.34985,+0.32666,0.01065,+63.016,0,188.2,0.0
19.040614,3,1,0.231377,0.231377,0.2490,-0.01762,1,1,0.0260,1,1,+0.51587,+0.11014,0.06236,199.83,+0.51587,+0.51587,-0.00000,+0.11014,0.06236,1.0000,1,0,0,0,0.0000,+0.00000,+0.00000,0.0000,+0.000,+0.000,1.0000,0,1.0000,0,1,+5.000,+0.000,+5.000,-0.05000,+22.537,-0.00000,+0.00,+0.00000,1,+0.34985,+0.32666,0.01065,+63.123,0,188.2,0.0
19.045294,3,1,0.231377,0.231377,0.2490,-0.01762,1,1,0.0260,1,1,+0.51587,+0.11014,0.06236,199.83,+0.51587,+0.51587,-0.00000,+0.11014,0.06236,1.0000,1,0,0,0,0.0000,+0.00000,+0.00000,0.0000,+0.000,+0.000,1.0000,0,1.0000,0,1,+5.000,+0.000,+5.000,-0.05000,+22.605,-0.00000,+0.00,+0.00000,1,+0.34985,+0.32666,0.01065,+63.220,0,188.2,0.0
19.049711,3,1,0.231377,0.231377,0.2490,-0.01762,1,1,0.0260,1,1,+0.51587,+0.11014,0.06236,199.83,+0.51587,+0.51587,-0.00000,+0.11014,0.06236,1.0000,1,0,0,0,0.0000,+0.00000,+0.00000,0.0000,+0.000,+0.000,1.0000,0,1.0000,0,1,+5.000,+0.000,+5.000,-0.05000,+22.605,-0.00000,+0.00,+0.00000,1,+0.34985,+0.32666,0.01065,+63.220,0,188.2,0.0
19.055941,3,1,0.231377,0.231377,0.2490,-0.01762,1,1,0.0260,1,1,+0.51587,+0.11014,0.06236,199.83,+0.51587,+0.51587,-0.00000,+0.11014,0.06236,1.0000,1,0,0,0,0.0000,+0.00000,+0.00000,0.0000,+0.000,+0.000,1.0000,0,1.0000,0,1,+5.000,+0.000,+5.000,-0.05000,+22.679,-0.00000,+0.00,+0.00000,1,+0.34985,+0.32666,0.01065,+63.326,0,188.2,0.0
19.060236,3,1,0.231377,0.231377,0.2490,-0.01762,1,1,0.0260,1,1,+0.51587,+0.11014,0.06236,199.83,+0.51587,+0.51587,-0.00000,+0.11014,0.06236,1.0000,1,0,0,0,0.0000,+0.00000,+0.00000,0.0000,+0.000,+0.000,1.0000,0,1.0000,0,1,+5.000,+0.000,+5.000,-0.05000,+22.679,-0.00000,+0.00,+0.00000,1,+0.34985,+0.32666,0.01065,+63.326,0,188.2,0.0
19.064819,3,1,0.231377,0.231377,0.2490,-0.01762,1,1,0.0260,1,1,+0.51587,+0.11014,0.06236,199.83,+0.51587,+0.51587,-0.00000,+0.11014,0.06236,1.0000,1,0,0,0,0.0000,+0.00000,+0.00000,0.0000,+0.000,+0.000,1.0000,0,1.0000,0,1,+5.000,+0.000,+5.000,-0.05000,+22.758,-0.00000,+0.00,+0.00000,1,+0.34985,+0.32666,0.01065,+63.436,0,188.2,0.0
19.069787,3,1,0.231377,0.231377,0.2490,-0.01762,1,1,0.0260,1,1,+0.51587,+0.11014,0.06236,199.83,+0.51587,+0.51587,-0.00000,+0.11014,0.06236,1.0000,1,0,0,0,0.0000,+0.00000,+0.00000,0.0000,+0.000,+0.000,1.0000,0,1.0000,0,1,+5.000,+0.000,+5.000,-0.05000,+22.836,-0.00000,+0.00,+0.00000,1,+0.34985,+0.32666,0.01065,+63.545,0,188.2,0.0
19.074592,3,1,0.231377,0.231377,0.2490,-0.01762,1,1,0.0260,1,1,+0.51587,+0.11014,0.06236,199.83,+0.51587,+0.51587,-0.00000,+0.11014,0.06236,1.0000,1,0,0,0,0.0000,+0.00000,+0.00000,0.0000,+0.000,+0.000,1.0000,0,1.0000,0,1,+5.000,+0.000,+5.000,-0.05000,+22.836,-0.00000,+0.00,+0.00000,1,+0.34985,+0.32666,0.01065,+63.545,0,188.2,0.0
19.079265,3,1,0.231377,0.231377,0.2490,-0.01762,1,1,0.0260,1,1,+0.51587,+0.11014,0.06236,199.83,+0.51587,+0.51587,-0.00000,+0.11014,0.06236,1.0000,1,0,0,0,0.0000,+0.00000,+0.00000,0.0000,+0.000,+0.000,1.0000,0,1.0000,0,1,+5.000,+0.000,+5.000,-0.05000,+22.836,-0.00000,+0.00,+0.00000,1,+0.34985,+0.32666,0.01065,+63.545,0,188.2,0.0
19.083786,3,1,0.231377,0.231377,0.2490,-0.01762,1,1,0.0260,1,1,+0.51587,+0.11014,0.06236,199.83,+0.51587,+0.51587,-0.00000,+0.11014,0.06236,1.0000,1,0,0,0,0.0000,+0.00000,+0.00000,0.0000,+0.000,+0.000,1.0000,0,1.0000,0,1,+5.000,+0.000,+5.000,-0.05000,+22.939,-0.00000,+0.00,+0.00000,1,+0.34985,+0.32666,0.01065,+63.689,0,188.2,0.0
19.088055,3,1,0.231377,0.231377,0.2490,-0.01762,1,1,0.0260,1,1,+0.51587,+0.11014,0.06236,199.83,+0.51587,+0.51587,-0.00000,+0.11014,0.06236,1.0000,1,0,0,0,0.0000,+0.00000,+0.00000,0.0000,+0.000,+0.000,1.0000,0,1.0000,0,1,+5.000,+0.000,+5.000,-0.05000,+23.003,-0.00000,+0.00,+0.00000,1,+0.34985,+0.32666,0.01065,+63.777,0,188.2,0.0
19.092640,3,1,0.231377,0.231377,0.2490,-0.01762,1,1,0.0260,1,1,+0.51587,+0.11014,0.06236,199.83,+0.51587,+0.51587,-0.00000,+0.11014,0.06236,1.0000,1,0,0,0,0.0000,+0.00000,+0.00000,0.0000,+0.000,+0.000,1.0000,0,1.0000,0,1,+5.000,+0.000,+5.000,-0.05000,+23.003,-0.00000,+0.00,+0.00000,1,+0.34985,+0.32666,0.01065,+63.777,0,188.2,0.0
19.097377,3,1,0.231377,0.231377,0.2490,-0.01762,1,1,0.0260,1,1,+0.51587,+0.11014,0.06236,199.83,+0.51587,+0.51587,-0.00000,+0.11014,0.06236,1.0000,1,0,0,0,0.0000,+0.00000,+0.00000,0.0000,+0.000,+0.000,1.0000,0,1.0000,0,1,+5.000,+0.000,+5.000,-0.05000,+23.095,-0.00000,+0.00,+0.00000,1,+0.34985,+0.32666,0.01065,+63.902,0,188.2,0.0
19.102826,3,1,0.231377,0.231377,0.2490,-0.01762,1,1,0.0260,1,1,+0.51587,+0.11014,0.06236,199.83,+0.51587,+0.51587,-0.00000,+0.11014,0.06236,1.0000,1,0,0,0,0.0000,+0.00000,+0.00000,0.0000,+0.000,+0.000,1.0000,0,1.0000,0,1,+5.000,+0.000,+5.000,-0.05000,+23.095,-0.00000,+0.00,+0.00000,1,+0.34985,+0.32666,0.01065,+63.902,0,188.2,0.0
19.107347,3,1,0.231377,0.231377,0.2490,-0.01762,1,1,0.0260,1,1,+0.51587,+0.11014,0.06236,199.83,+0.51587,+0.51587,-0.00000,+0.11014,0.06236,1.0000,1,0,0,0,0.0000,+0.00000,+0.00000,0.0000,+0.000,+0.000,1.0000,0,1.0000,0,1,+5.000,+0.000,+5.000,-0.05000,+23.175,-0.00000,+0.00,+0.00000,1,+0.34985,+0.32666,0.01065,+64.011,0,188.2,0.0
19.112046,3,1,0.231377,0.231377,0.2490,-0.01762,1,1,0.0260,1,1,+0.51587,+0.11014,0.06236,199.83,+0.51587,+0.51587,-0.00000,+0.11014,0.06236,1.0000,1,0,0,0,0.0000,+0.00000,+0.00000,0.0000,+0.000,+0.000,1.0000,0,1.0000,0,1,+5.000,+0.000,+5.000,-0.05000,+23.175,-0.00000,+0.00,+0.00000,1,+0.34985,+0.32666,0.01065,+64.011,0,188.2,0.0
19.116683,3,1,0.231377,0.231377,0.2490,-0.01762,1,1,0.0260,1,1,+0.51587,+0.11014,0.06236,199.83,+0.51587,+0.51587,-0.00000,+0.11014,0.06236,1.0000,1,0,0,0,0.0000,+0.00000,+0.00000,0.0000,+0.000,+0.000,1.0000,0,1.0000,0,1,+5.000,+0.000,+5.000,-0.05000,+23.250,-0.00000,+0.00,+0.00000,1,+0.34985,+0.32666,0.01065,+64.111,0,188.2,0.0
19.121106,3,1,0.231377,0.231377,0.2490,-0.01762,1,1,0.0260,1,1,+0.51587,+0.11014,0.06236,199.83,+0.51587,+0.51587,-0.00000,+0.11014,0.06236,1.0000,1,0,0,0,0.0000,+0.00000,+0.00000,0.0000,+0.000,+0.000,1.0000,0,1.0000,0,1,+5.000,+0.000,+5.000,-0.05000,+23.250,-0.00000,+0.00,+0.00000,1,+0.34985,+0.32666,0.01065,+64.111,0,188.2,0.0
19.125639,3,1,0.231377,0.231377,0.2490,-0.01762,1,1,0.0260,1,1,+0.51587,+0.11014,0.06236,199.83,+0.51587,+0.51587,-0.00000,+0.11014,0.06236,1.0000,1,0,0,0,0.0000,+0.00000,+0.00000,0.0000,+0.000,+0.000,1.0000,0,1.0000,0,1,+5.000,+0.000,+5.000,-0.05000,+23.333,-0.00000,+0.00,+0.00000,1,+0.34985,+0.32666,0.01065,+64.222,0,188.2,0.0
19.130949,3,1,0.231377,0.231377,0.2490,-0.01762,1,1,0.0260,1,1,+0.51587,+0.11014,0.06236,199.83,+0.51587,+0.51587,-0.00000,+0.11014,0.06236,1.0000,1,0,0,0,0.0000,+0.00000,+0.00000,0.0000,+0.000,+0.000,1.0000,0,1.0000,0,1,+5.000,+0.000,+5.000,-0.05000,+23.419,-0.00000,+0.00,+0.00000,1,+0.34985,+0.32666,0.01065,+64.335,0,188.2,0.0
19.135690,3,1,0.231377,0.231377,0.2490,-0.01762,1,1,0.0260,1,1,+0.51587,+0.11014,0.06236,199.83,+0.51587,+0.51587,-0.00000,+0.11014,0.06236,1.0000,1,0,0,0,0.0000,+0.00000,+0.00000,0.0000,+0.000,+0.000,1.0000,0,1.0000,0,1,+5.000,+0.000,+5.000,-0.05000,+23.419,-0.00000,+0.00,+0.00000,1,+0.34985,+0.32666,0.01065,+64.335,0,188.2,0.0
19.140256,3,1,0.231377,0.231377,0.2490,-0.01762,1,1,0.0260,1,1,+0.51587,+0.11014,0.06236,199.83,+0.51587,+0.51587,-0.00000,+0.11014,0.06236,1.0000,1,0,0,0,0.0000,+0.00000,+0.00000,0.0000,+0.000,+0.000,1.0000,0,1.0000,0,1,+5.000,+0.000,+5.000,-0.05000,+23.419,-0.00000,+0.00,+0.00000,1,+0.34985,+0.32666,0.01065,+64.335,0,188.2,0.0
19.144897,3,1,0.231377,0.231377,0.2490,-0.01762,1,1,0.0260,1,1,+0.51587,+0.11014,0.06236,199.83,+0.51587,+0.51587,-0.00000,+0.11014,0.06236,1.0000,1,0,0,0,0.0000,+0.00000,+0.00000,0.0000,+0.000,+0.000,1.0000,0,1.0000,0,1,+5.000,+0.000,+5.000,-0.05000,+23.526,-0.00000,+0.00,+0.00000,1,+0.34985,+0.32666,0.01065,+64.475,0,188.2,0.0
19.149607,3,1,0.231377,0.231377,0.2490,-0.01762,1,1,0.0260,1,1,+0.51587,+0.11014,0.06236,199.83,+0.51587,+0.51587,-0.00000,+0.11014,0.06236,1.0000,1,0,0,0,0.0000,+0.00000,+0.00000,0.0000,+0.000,+0.000,1.0000,0,1.0000,0,1,+5.000,+0.000,+5.000,-0.05000,+23.526,-0.00000,+0.00,+0.00000,1,+0.34985,+0.32666,0.01065,+64.475,0,188.2,0.0
19.154452,3,1,0.231377,0.231377,0.2490,-0.01762,1,1,0.0260,1,1,+0.51587,+0.11014,0.06236,199.83,+0.51587,+0.51587,-0.00000,+0.11014,0.06236,1.0000,1,0,0,0,0.0000,+0.00000,+0.00000,0.0000,+0.000,+0.000,1.0000,0,1.0000,0,1,+5.000,+0.000,+5.000,-0.05000,+23.608,-0.00000,+0.00,+0.00000,1,+0.34985,+0.32666,0.01065,+64.582,0,188.2,0.0
19.159177,3,1,0.231377,0.231377,0.2490,-0.01762,1,1,0.0260,1,1,+0.51587,+0.11014,0.06236,199.83,+0.51587,+0.51587,-0.00000,+0.11014,0.06236,1.0000,1,0,0,0,0.0000,+0.00000,+0.00000,0.0000,+0.000,+0.000,1.0000,0,1.0000,0,1,+5.000,+0.000,+5.000,-0.05000,+23.698,-0.00000,+0.00,+0.00000,1,+0.34985,+0.32666,0.01065,+64.698,0,188.2,0.0
19.165000,3,1,0.231377,0.231377,0.2490,-0.01762,1,1,0.0260,1,1,+0.51587,+0.11014,0.06236,199.83,+0.51587,+0.51587,-0.00000,+0.11014,0.06236,1.0000,1,0,0,0,0.0000,+0.00000,+0.00000,0.0000,+0.000,+0.000,1.0000,0,1.0000,0,1,+5.000,+0.000,+5.000,-0.05000,+23.698,-0.00000,+0.00,+0.00000,1,+0.34985,+0.32666,0.01065,+64.698,0,188.2,0.0
19.169295,3,1,0.231377,0.231377,0.2490,-0.01762,1,1,0.0260,1,1,+0.51587,+0.11014,0.06236,199.83,+0.51587,+0.51587,-0.00000,+0.11014,0.06236,1.0000,1,0,0,0,0.0000,+0.00000,+0.00000,0.0000,+0.000,+0.000,1.0000,0,1.0000,0,1,+5.000,+0.000,+5.000,-0.05000,+23.764,-0.00000,+0.00,+0.00000,1,+0.34985,+0.32666,0.01065,+64.783,0,188.2,0.0
19.173829,3,1,0.231377,0.231377,0.2490,-0.01762,1,1,0.0260,1,1,+0.51587,+0.11014,0.06236,199.83,+0.51587,+0.51587,-0.00000,+0.11014,0.06236,1.0000,1,0,0,0,0.0000,+0.00000,+0.00000,0.0000,+0.000,+0.000,1.0000,0,1.0000,0,1,+5.000,+0.000,+5.000,-0.05000,+23.764,-0.00000,+0.00,+0.00000,1,+0.34985,+0.32666,0.01065,+64.783,0,188.2,0.0
19.178392,3,1,0.231377,0.231377,0.2490,-0.01762,1,1,0.0260,1,1,+0.51587,+0.11014,0.06236,199.83,+0.51587,+0.51587,-0.00000,+0.11014,0.06236,1.0000,1,0,0,0,0.0000,+0.00000,+0.00000,0.0000,+0.000,+0.000,1.0000,0,1.0000,0,1,+5.000,+0.000,+5.000,-0.05000,+23.857,-0.00000,+0.00,+0.00000,1,+0.34985,+0.32666,0.01065,+64.901,0,188.2,0.0
19.182991,3,1,0.231377,0.231377,0.2490,-0.01762,1,1,0.0260,1,1,+0.51587,+0.11014,0.06236,199.83,+0.51587,+0.51587,-0.00000,+0.11014,0.06236,1.0000,1,0,0,0,0.0000,+0.00000,+0.00000,0.0000,+0.000,+0.000,1.0000,0,1.0000,0,1,+5.000,+0.000,+5.000,-0.05000,+23.857,-0.00000,+0.00,+0.00000,1,+0.34985,+0.32666,0.01065,+64.901,0,188.2,0.0
19.187788,3,1,0.231377,0.231377,0.2490,-0.01762,1,1,0.0260,1,1,+0.51587,+0.11014,0.06236,199.83,+0.51587,+0.51587,-0.00000,+0.11014,0.06236,1.0000,1,0,0,0,0.0000,+0.00000,+0.00000,0.0000,+0.000,+0.000,1.0000,0,1.0000,0,1,+5.000,+0.000,+5.000,-0.05000,+23.949,-0.00000,+0.00,+0.00000,1,+0.34985,+0.32666,0.01065,+65.017,0,188.2,0.0
19.193988,3,1,0.231377,0.231377,0.2490,-0.01762,1,1,0.0260,1,1,+0.51587,+0.11014,0.06236,199.83,+0.51587,+0.51587,-0.00000,+0.11014,0.06236,1.0000,1,0,0,0,0.0000,+0.00000,+0.00000,0.0000,+0.000,+0.000,1.0000,0,1.0000,0,1,+5.000,+0.000,+5.000,-0.05000,+24.033,-0.00000,+0.00,+0.00000,1,+0.34985,+0.32666,0.01065,+65.122,0,188.2,0.0
19.198363,3,1,0.231377,0.231377,0.2490,-0.01762,1,1,0.0260,1,1,+0.51587,+0.11014,0.06236,199.83,+0.51587,+0.51587,-0.00000,+0.11014,0.06236,1.0000,1,0,0,0,0.0000,+0.00000,+0.00000,0.0000,+0.000,+0.000,1.0000,0,1.0000,0,1,+5.000,+0.000,+5.000,-0.05000,+24.033,-0.00000,+0.00,+0.00000,1,+0.34985,+0.32666,0.01065,+65.122,0,188.2,0.0
19.203033,3,1,0.231377,0.231377,0.2490,-0.01762,1,1,0.0260,1,1,+0.51587,+0.11014,0.06236,199.83,+0.51587,+0.51587,-0.00000,+0.11014,0.06236,1.0000,1,0,0,0,0.0000,+0.00000,+0.00000,0.0000,+0.000,+0.000,1.0000,0,1.0000,0,1,+5.000,+0.000,+5.000,-0.05000,+24.140,-0.00000,+0.00,+0.00000,1,+0.34985,+0.32666,0.01065,+65.256,0,188.2,0.0
19.207372,3,1,0.231377,0.231377,0.2490,-0.01762,1,1,0.0260,1,1,+0.51587,+0.11014,0.06236,199.83,+0.51587,+0.51587,-0.00000,+0.11014,0.06236,1.0000,1,0,0,0,0.0000,+0.00000,+0.00000,0.0000,+0.000,+0.000,1.0000,0,1.0000,0,1,+5.000,+0.000,+5.000,-0.05000,+24.140,-0.00000,+0.00,+0.00000,1,+0.34985,+0.32666,0.01065,+65.256,0,188.2,0.0
19.212057,3,1,0.231377,0.231377,0.2490,-0.01762,1,1,0.0260,1,1,+0.51587,+0.11014,0.06236,199.83,+0.51587,+0.51587,-0.00000,+0.11014,0.06236,1.0000,1,0,0,0,0.0000,+0.00000,+0.00000,0.0000,+0.000,+0.000,1.0000,0,1.0000,0,1,+5.000,+0.000,+5.000,-0.05000,+24.236,-0.00000,+0.00,+0.00000,1,+0.34985,+0.32666,0.01065,+65.373,0,188.2,0.0
19.216573,3,1,0.231377,0.231377,0.2490,-0.01762,1,1,0.0260,1,1,+0.51587,+0.11014,0.06236,199.83,+0.51587,+0.51587,-0.00000,+0.11014,0.06236,1.0000,1,0,0,0,0.0000,+0.00000,+0.00000,0.0000,+0.000,+0.000,1.0000,0,1.0000,0,1,+5.000,+0.000,+5.000,-0.05000,+24.236,-0.00000,+0.00,+0.00000,1,+0.34985,+0.32666,0.01065,+65.373,0,188.2,0.0
19.221069,3,1,0.231377,0.231377,0.2490,-0.01762,1,1,0.0260,1,1,+0.51587,+0.11014,0.06236,199.83,+0.51587,+0.51587,-0.00000,+0.11014,0.06236,1.0000,1,0,0,0,0.0000,+0.00000,+0.00000,0.0000,+0.000,+0.000,1.0000,0,1.0000,0,1,+5.000,+0.000,+5.000,-0.05000,+24.317,-0.00000,+0.00,+0.00000,1,+0.34985,+0.32666,0.01065,+65.472,0,188.2,0.0
19.225692,3,1,0.231377,0.231377,0.2490,-0.01762,1,1,0.0260,1,1,+0.51587,+0.11014,0.06236,199.83,+0.51587,+0.51587,-0.00000,+0.11014,0.06236,1.0000,1,0,0,0,0.0000,+0.00000,+0.00000,0.0000,+0.000,+0.000,1.0000,0,1.0000,0,1,+5.000,+0.000,+5.000,-0.05000,+24.317,-0.00000,+0.00,+0.00000,1,+0.34985,+0.32666,0.01065,+65.472,0,188.2,0.0
19.230069,3,1,0.231377,0.231377,0.2490,-0.01762,1,1,0.0260,1,1,+0.51587,+0.11014,0.06236,199.83,+0.51587,+0.51587,-0.00000,+0.11014,0.06236,1.0000,1,0,0,0,0.0000,+0.00000,+0.00000,0.0000,+0.000,+0.000,1.0000,0,1.0000,0,1,+5.000,+0.000,+5.000,-0.05000,+24.428,-0.00000,+0.00,+0.00000,1,+0.34985,+0.32666,0.01065,+65.607,0,188.2,0.0
19.234649,3,1,0.231377,0.231377,0.2490,-0.01762,1,1,0.0260,1,1,+0.51587,+0.11014,0.06236,199.83,+0.51587,+0.51587,-0.00000,+0.11014,0.06236,1.0000,1,0,0,0,0.0000,+0.00000,+0.00000,0.0000,+0.000,+0.000,1.0000,0,1.0000,0,1,+5.000,+0.000,+5.000,-0.05000,+24.428,-0.00000,+0.00,+0.00000,1,+0.34985,+0.32666,0.01065,+65.607,0,188.2,0.0
19.239229,3,1,0.231377,0.231377,0.2490,-0.01762,1,1,0.0260,1,1,+0.51587,+0.11014,0.06236,199.83,+0.51587,+0.51587,-0.00000,+0.11014,0.06236,1.0000,1,0,0,0,0.0000,+0.00000,+0.00000,0.0000,+0.000,+0.000,1.0000,0,1.0000,0,1,+5.000,+0.000,+5.000,-0.05000,+24.519,-0.00000,+0.00,+0.00000,1,+0.34985,+0.32666,0.01065,+65.716,0,188.2,0.0
19.243757,3,1,0.231377,0.231377,0.2490,-0.01762,1,1,0.0260,1,1,+0.51587,+0.11014,0.06236,199.83,+0.51587,+0.51587,-0.00000,+0.11014,0.06236,1.0000,1,0,0,0,0.0000,+0.00000,+0.00000,0.0000,+0.000,+0.000,1.0000,0,1.0000,0,1,+5.000,+0.000,+5.000,-0.05000,+24.519,-0.00000,+0.00,+0.00000,1,+0.34985,+0.32666,0.01065,+65.716,0,188.2,0.0
19.248298,3,1,0.231377,0.231377,0.2490,-0.01762,1,1,0.0260,1,1,+0.51587,+0.11014,0.06236,199.83,+0.51587,+0.51587,-0.00000,+0.11014,0.06236,1.0000,1,0,0,0,0.0000,+0.00000,+0.00000,0.0000,+0.000,+0.000,1.0000,0,1.0000,0,1,+5.000,+0.000,+5.000,-0.05000,+24.602,-0.00000,+0.00,+0.00000,1,+0.34985,+0.32666,0.01065,+65.814,0,188.2,0.0
19.253030,3,1,0.231377,0.231377,0.2490,-0.01762,1,1,0.0260,1,1,+0.51587,+0.11014,0.06236,199.83,+0.51587,+0.51587,-0.00000,+0.11014,0.06236,1.0000,1,0,0,0,0.0000,+0.00000,+0.00000,0.0000,+0.000,+0.000,1.0000,0,1.0000,0,1,+5.000,+0.000,+5.000,-0.05000,+24.602,-0.00000,+0.00,+0.00000,1,+0.34985,+0.32666,0.01065,+65.814,0,188.2,0.0
19.257483,3,1,0.231377,0.231377,0.2490,-0.01762,1,1,0.0260,1,1,+0.51587,+0.11014,0.06236,199.83,+0.51587,+0.51587,-0.00000,+0.11014,0.06236,1.0000,1,0,0,0,0.0000,+0.00000,+0.00000,0.0000,+0.000,+0.000,1.0000,0,1.0000,0,1,+5.000,+0.000,+5.000,-0.05000,+24.702,-0.00000,+0.00,+0.00000,1,+0.34985,+0.32666,0.01065,+65.934,0,188.2,0.0
19.261804,3,1,0.231377,0.231377,0.2490,-0.01762,1,1,0.0260,1,1,+0.51587,+0.11014,0.06236,199.83,+0.51587,+0.51587,-0.00000,+0.11014,0.06236,1.0000,1,0,0,0,0.0000,+0.00000,+0.00000,0.0000,+0.000,+0.000,1.0000,0,1.0000,0,1,+5.000,+0.000,+5.000,-0.05000,+24.702,-0.00000,+0.00,+0.00000,1,+0.34985,+0.32666,0.01065,+65.934,0,188.2,0.0
19.266492,3,1,0.231377,0.231377,0.2490,-0.01762,1,1,0.0260,1,1,+0.51587,+0.11014,0.06236,199.83,+0.51587,+0.51587,-0.00000,+0.11014,0.06236,1.0000,1,0,0,0,0.0000,+0.00000,+0.00000,0.0000,+0.000,+0.000,1.0000,0,1.0000,0,1,+5.000,+0.000,+5.000,-0.05000,+24.807,-0.00000,+0.00,+0.00000,1,+0.34985,+0.32666,0.01065,+66.057,0,188.2,0.0
19.271136,3,1,0.231377,0.231377,0.2490,-0.01762,1,1,0.0260,1,1,+0.51587,+0.11014,0.06236,199.83,+0.51587,+0.51587,-0.00000,+0.11014,0.06236,1.0000,1,0,0,0,0.0000,+0.00000,+0.00000,0.0000,+0.000,+0.000,1.0000,0,1.0000,0,1,+5.000,+0.000,+5.000,-0.05000,+24.807,-0.00000,+0.00,+0.00000,1,+0.34985,+0.32666,0.01065,+66.057,0,188.2,0.0
19.275622,3,1,0.231377,0.231377,0.2490,-0.01762,1,1,0.0260,1,1,+0.51587,+0.11014,0.06236,199.83,+0.51587,+0.51587,-0.00000,+0.11014,0.06236,1.0000,1,0,0,0,0.0000,+0.00000,+0.00000,0.0000,+0.000,+0.000,1.0000,0,1.0000,0,1,+5.000,+0.000,+5.000,-0.05000,+24.913,-0.00000,+0.00,+0.00000,1,+0.34985,+0.32666,0.01065,+66.179,0,188.2,0.0
19.280252,3,1,0.231377,0.231377,0.2490,-0.01762,1,1,0.0260,1,1,+0.51587,+0.11014,0.06236,199.83,+0.51587,+0.51587,-0.00000,+0.11014,0.06236,1.0000,1,0,0,0,0.0000,+0.00000,+0.00000,0.0000,+0.000,+0.000,1.0000,0,1.0000,0,1,+5.000,+0.000,+5.000,-0.05000,+24.913,-0.00000,+0.00,+0.00000,1,+0.34985,+0.32666,0.01065,+66.179,0,188.2,0.0
19.284774,3,1,0.231377,0.231377,0.2490,-0.01762,1,1,0.0260,1,1,+0.51587,+0.11014,0.06236,199.83,+0.51587,+0.51587,-0.00000,+0.11014,0.06236,1.0000,1,0,0,0,0.0000,+0.00000,+0.00000,0.0000,+0.000,+0.000,1.0000,0,1.0000,0,1,+5.000,+0.000,+5.000,-0.05000,+25.003,-0.00000,+0.00,+0.00000,1,+0.34985,+0.32666,0.01065,+66.283,0,188.2,0.0
19.289068,3,1,0.231377,0.231377,0.2490,-0.01762,1,1,0.0260,1,1,+0.51587,+0.11014,0.06236,199.83,+0.51587,+0.51587,-0.00000,+0.11014,0.06236,1.0000,1,0,0,0,0.0000,+0.00000,+0.00000,0.0000,+0.000,+0.000,1.0000,0,1.0000,0,1,+5.000,+0.000,+5.000,-0.05000,+25.003,-0.00000,+0.00,+0.00000,1,+0.34985,+0.32666,0.01065,+66.283,0,188.2,0.0
19.293732,3,1,0.231377,0.231377,0.2490,-0.01762,1,1,0.0260,1,1,+0.51587,+0.11014,0.06236,199.83,+0.51587,+0.51587,-0.00000,+0.11014,0.06236,1.0000,1,0,0,0,0.0000,+0.00000,+0.00000,0.0000,+0.000,+0.000,1.0000,0,1.0000,0,1,+5.000,+0.000,+5.000,-0.05000,+25.094,-0.00000,+0.00,+0.00000,1,+0.34985,+0.32666,0.01065,+66.388,0,188.2,0.0
19.298361,3,1,0.231377,0.231377,0.2490,-0.01762,1,1,0.0260,1,1,+0.51587,+0.11014,0.06236,199.83,+0.51587,+0.51587,-0.00000,+0.11014,0.06236,1.0000,1,0,0,0,0.0000,+0.00000,+0.00000,0.0000,+0.000,+0.000,1.0000,0,1.0000,0,1,+5.000,+0.000,+5.000,-0.05000,+25.094,-0.00000,+0.00,+0.00000,1,+0.34985,+0.32666,0.01065,+66.388,0,188.2,0.0
19.303168,3,1,0.231377,0.231377,0.2490,-0.01762,1,1,0.0260,1,1,+0.51587,+0.11014,0.06236,199.83,+0.51587,+0.51587,-0.00000,+0.11014,0.06236,1.0000,1,0,0,0,0.0000,+0.00000,+0.00000,0.0000,+0.000,+0.000,1.0000,0,1.0000,0,1,+5.000,+0.000,+5.000,-0.05000,+25.199,-0.00000,+0.00,+0.00000,1,+0.34985,+0.32666,0.01065,+66.505,0,188.2,0.0
19.307929,3,1,0.231377,0.231377,0.2490,-0.01762,1,1,0.0260,1,1,+0.51587,+0.11014,0.06236,199.83,+0.51587,+0.51587,-0.00000,+0.11014,0.06236,1.0000,1,0,0,0,0.0000,+0.00000,+0.00000,0.0000,+0.000,+0.000,1.0000,0,1.0000,0,1,+5.000,+0.000,+5.000,-0.05000,+25.199,-0.00000,+0.00,+0.00000,1,+0.34985,+0.32666,0.01065,+66.505,0,188.2,0.0
19.312588,3,1,0.231377,0.231377,0.2490,-0.01762,1,1,0.0260,1,1,+0.51587,+0.11014,0.06236,199.83,+0.51587,+0.51587,-0.00000,+0.11014,0.06236,1.0000,1,0,0,0,0.0000,+0.00000,+0.00000,0.0000,+0.000,+0.000,1.0000,0,1.0000,0,1,+5.000,+0.000,+5.000,-0.05000,+25.308,-0.00000,+0.00,+0.00000,1,+0.34985,+0.32666,0.01065,+66.628,0,188.2,0.0
19.322569,3,1,0.231377,0.231377,0.2490,-0.01762,1,1,0.0260,1,1,+0.51587,+0.11014,0.06236,199.83,+0.51587,+0.51587,-0.00000,+0.11014,0.06236,1.0000,1,0,0,0,0.0000,+0.00000,+0.00000,0.0000,+0.000,+0.000,1.0000,0,1.0000,0,1,+5.000,+0.000,+5.000,-0.05000,+25.308,-0.00000,+0.00,+0.00000,1,+0.34985,+0.32666,0.01065,+66.628,0,212.9,0.0
19.327404,3,1,0.231377,0.231377,0.2490,-0.01762,1,1,0.0260,1,1,+0.51587,+0.11014,0.06236,199.83,+0.51587,+0.51587,-0.00000,+0.11014,0.06236,1.0000,1,0,0,0,0.0000,+0.00000,+0.00000,0.0000,+0.000,+0.000,1.0000,0,1.0000,0,1,+5.000,+0.000,+5.000,-0.05000,+25.489,-0.00000,+0.00,+0.00000,1,+0.34985,+0.32666,0.01065,+66.830,0,212.9,0.0
19.331769,3,1,0.231377,0.231377,0.2490,-0.01762,1,1,0.0260,1,1,+0.51587,+0.11014,0.06236,199.83,+0.51587,+0.51587,-0.00000,+0.11014,0.06236,1.0000,1,0,0,0,0.0000,+0.00000,+0.00000,0.0000,+0.000,+0.000,1.0000,0,1.0000,0,1,+5.000,+0.000,+5.000,-0.05000,+25.489,-0.00000,+0.00,+0.00000,1,+0.34985,+0.32666,0.01065,+66.830,0,212.9,0.0
19.336566,3,1,0.231377,0.231377,0.2490,-0.01762,1,1,0.0260,1,1,+0.51587,+0.11014,0.06236,199.83,+0.51587,+0.51587,-0.00000,+0.11014,0.06236,1.0000,1,0,0,0,0.0000,+0.00000,+0.00000,0.0000,+0.000,+0.000,1.0000,0,1.0000,0,1,+5.000,+0.000,+5.000,-0.05000,+25.591,-0.00000,+0.00,+0.00000,1,+0.34985,+0.32666,0.01065,+66.942,0,212.9,0.0
19.341132,3,1,0.231377,0.231377,0.2490,-0.01762,1,1,0.0260,1,1,+0.51587,+0.11014,0.06236,199.83,+0.51587,+0.51587,-0.00000,+0.11014,0.06236,1.0000,1,0,0,0,0.0000,+0.00000,+0.00000,0.0000,+0.000,+0.000,1.0000,0,1.0000,0,1,+5.000,+0.000,+5.000,-0.05000,+25.678,-0.00000,+0.00,+0.00000,1,+0.34985,+0.32666,0.01065,+67.037,0,212.9,0.0
19.345793,3,1,0.231377,0.231377,0.2490,-0.01762,1,1,0.0260,1,1,+0.51587,+0.11014,0.06236,199.83,+0.51587,+0.51587,-0.00000,+0.11014,0.06236,1.0000,1,0,0,0,0.0000,+0.00000,+0.00000,0.0000,+0.000,+0.000,1.0000,0,1.0000,0,1,+5.000,+0.000,+5.000,-0.05000,+25.678,-0.00000,+0.00,+0.00000,1,+0.34985,+0.32666,0.01065,+67.037,0,212.9,0.0
19.350401,3,1,0.231377,0.231377,0.2490,-0.01762,1,1,0.0260,1,1,+0.51587,+0.11014,0.06236,199.83,+0.51587,+0.51587,-0.00000,+0.11014,0.06236,1.0000,1,0,0,0,0.0000,+0.00000,+0.00000,0.0000,+0.000,+0.000,1.0000,0,1.0000,0,1,+5.000,+0.000,+5.000,-0.05000,+25.678,-0.00000,+0.00,+0.00000,1,+0.34985,+0.32666,0.01065,+67.037,0,212.9,0.0
19.354929,3,1,0.231377,0.231377,0.2490,-0.01762,1,1,0.0260,1,1,+0.51587,+0.11014,0.06236,199.83,+0.51587,+0.51587,-0.00000,+0.11014,0.06236,1.0000,1,0,0,0,0.0000,+0.00000,+0.00000,0.0000,+0.000,+0.000,1.0000,0,1.0000,0,1,+5.000,+0.000,+5.000,-0.05000,+25.805,-0.00000,+0.00,+0.00000,1,+0.34985,+0.32666,0.01065,+67.174,0,212.9,0.0
19.359812,3,1,0.231377,0.231377,0.2490,-0.01762,1,1,0.0260,1,1,+0.51587,+0.11014,0.06236,199.83,+0.51587,+0.51587,-0.00000,+0.11014,0.06236,1.0000,1,0,0,0,0.0000,+0.00000,+0.00000,0.0000,+0.000,+0.000,1.0000,0,1.0000,0,1,+5.000,+0.000,+5.000,-0.05000,+25.805,-0.00000,+0.00,+0.00000,1,+0.34985,+0.32666,0.01065,+67.174,0,212.9,0.0
19.364793,3,1,0.231377,0.231377,0.2490,-0.01762,1,1,0.0260,1,1,+0.51587,+0.11014,0.06236,199.83,+0.51587,+0.51587,-0.00000,+0.11014,0.06236,1.0000,1,0,0,0,0.0000,+0.00000,+0.00000,0.0000,+0.000,+0.000,1.0000,0,1.0000,0,1,+5.000,+0.000,+5.000,-0.05000,+25.914,-0.00000,+0.00,+0.00000,1,+0.34985,+0.32666,0.01065,+67.290,0,212.9,0.0
19.369650,3,1,0.231377,0.231377,0.2490,-0.01762,1,1,0.0260,1,1,+0.51587,+0.11014,0.06236,199.83,+0.51587,+0.51587,-0.00000,+0.11014,0.06236,1.0000,1,0,0,0,0.0000,+0.00000,+0.00000,0.0000,+0.000,+0.000,1.0000,0,1.0000,0,1,+5.000,+0.000,+5.000,-0.05000,+26.004,-0.00000,+0.00,+0.00000,1,+0.34985,+0.32666,0.01065,+67.386,0,212.9,0.0
19.374722,3,1,0.231377,0.231377,0.2490,-0.01762,1,1,0.0260,1,1,+0.51587,+0.11014,0.06236,199.83,+0.51587,+0.51587,-0.00000,+0.11014,0.06236,1.0000,1,0,0,0,0.0000,+0.00000,+0.00000,0.0000,+0.000,+0.000,1.0000,0,1.0000,0,1,+5.000,+0.000,+5.000,-0.05000,+26.004,-0.00000,+0.00,+0.00000,1,+0.34985,+0.32666,0.01065,+67.386,0,212.9,0.0
19.379253,3,1,0.231377,0.231377,0.2490,-0.01762,1,1,0.0260,1,1,+0.51587,+0.11014,0.06236,199.83,+0.51587,+0.51587,-0.00000,+0.11014,0.06236,1.0000,1,0,0,0,0.0000,+0.00000,+0.00000,0.0000,+0.000,+0.000,1.0000,0,1.0000,0,1,+5.000,+0.000,+5.000,-0.05000,+26.127,-0.00000,+0.00,+0.00000,1,+0.34985,+0.32666,0.01065,+67.516,0,212.9,0.0
19.383943,3,1,0.231377,0.231377,0.2490,-0.01762,1,1,0.0260,1,1,+0.51587,+0.11014,0.06236,199.83,+0.51587,+0.51587,-0.00000,+0.11014,0.06236,1.0000,1,0,0,0,0.0000,+0.00000,+0.00000,0.0000,+0.000,+0.000,1.0000,0,1.0000,0,1,+5.000,+0.000,+5.000,-0.05000,+26.127,-0.00000,+0.00,+0.00000,1,+0.34985,+0.32666,0.01065,+67.516,0,212.9,0.0
19.388521,3,1,0.231377,0.231377,0.2490,-0.01762,1,1,0.0260,1,1,+0.51587,+0.11014,0.06236,199.83,+0.51587,+0.51587,-0.00000,+0.11014,0.06236,1.0000,1,0,0,0,0.0000,+0.00000,+0.00000,0.0000,+0.000,+0.000,1.0000,0,1.0000,0,1,+5.000,+0.000,+5.000,-0.05000,+26.221,-0.00000,+0.00,+0.00000,1,+0.34985,+0.32666,0.01065,+67.613,0,212.9,0.0
19.393093,3,1,0.231377,0.231377,0.2490,-0.01762,1,1,0.0260,1,1,+0.51587,+0.11014,0.06236,199.83,+0.51587,+0.51587,-0.00000,+0.11014,0.06236,1.0000,1,0,0,0,0.0000,+0.00000,+0.00000,0.0000,+0.000,+0.000,1.0000,0,1.0000,0,1,+5.000,+0.000,+5.000,-0.05000,+26.221,-0.00000,+0.00,+0.00000,1,+0.34985,+0.32666,0.01065,+67.613,0,212.9,0.0
19.398625,3,1,0.231377,0.231377,0.2490,-0.01762,1,1,0.0260,1,1,+0.51587,+0.11014,0.06236,199.83,+0.51587,+0.51587,-0.00000,+0.11014,0.06236,1.0000,1,0,0,0,0.0000,+0.00000,+0.00000,0.0000,+0.000,+0.000,1.0000,0,1.0000,0,1,+5.000,+0.000,+5.000,-0.05000,+26.336,-0.00000,+0.00,+0.00000,1,+0.34985,+0.32666,0.01065,+67.732,0,212.9,0.0
19.403205,3,1,0.231377,0.231377,0.2490,-0.01762,1,1,0.0260,1,1,+0.51587,+0.11014,0.06236,199.83,+0.51587,+0.51587,-0.00000,+0.11014,0.06236,1.0000,1,0,0,0,0.0000,+0.00000,+0.00000,0.0000,+0.000,+0.000,1.0000,0,1.0000,0,1,+5.000,+0.000,+5.000,-0.05000,+26.336,-0.00000,+0.00,+0.00000,1,+0.34985,+0.32666,0.01065,+67.732,0,212.9,0.0
19.407761,3,1,0.231377,0.231377,0.2490,-0.01762,1,1,0.0260,1,1,+0.51587,+0.11014,0.06236,199.83,+0.51587,+0.51587,-0.00000,+0.11014,0.06236,1.0000,1,0,0,0,0.0000,+0.00000,+0.00000,0.0000,+0.000,+0.000,1.0000,0,1.0000,0,1,+5.000,+0.000,+5.000,-0.05000,+26.457,-0.00000,+0.00,+0.00000,1,+0.34985,+0.32666,0.01065,+67.856,0,212.9,0.0
19.412262,3,1,0.231377,0.231377,0.2490,-0.01762,1,1,0.0260,1,1,+0.51587,+0.11014,0.06236,199.83,+0.51587,+0.51587,-0.00000,+0.11014,0.06236,1.0000,1,0,0,0,0.0000,+0.00000,+0.00000,0.0000,+0.000,+0.000,1.0000,0,1.0000,0,1,+5.000,+0.000,+5.000,-0.05000,+26.541,-0.00000,+0.00,+0.00000,1,+0.34985,+0.32666,0.01065,+67.941,0,212.9,0.0
19.416658,3,1,0.231377,0.231377,0.2490,-0.01762,1,1,0.0260,1,1,+0.51587,+0.11014,0.06236,199.83,+0.51587,+0.51587,-0.00000,+0.11014,0.06236,1.0000,1,0,0,0,0.0000,+0.00000,+0.00000,0.0000,+0.000,+0.000,1.0000,0,1.0000,0,1,+5.000,+0.000,+5.000,-0.05000,+26.541,-0.00000,+0.00,+0.00000,1,+0.34985,+0.32666,0.01065,+67.941,0,212.9,0.0
19.421324,3,1,0.231377,0.231377,0.2490,-0.01762,1,1,0.0260,1,1,+0.51587,+0.11014,0.06236,199.83,+0.51587,+0.51587,-0.00000,+0.11014,0.06236,1.0000,1,0,0,0,0.0000,+0.00000,+0.00000,0.0000,+0.000,+0.000,1.0000,0,1.0000,0,1,+5.000,+0.000,+5.000,-0.05000,+26.667,-0.00000,+0.00,+0.00000,1,+0.34985,+0.32666,0.01065,+68.069,0,212.9,0.0
19.425750,3,1,0.231377,0.231377,0.2490,-0.01762,1,1,0.0260,1,1,+0.51587,+0.11014,0.06236,199.83,+0.51587,+0.51587,-0.00000,+0.11014,0.06236,1.0000,1,0,0,0,0.0000,+0.00000,+0.00000,0.0000,+0.000,+0.000,1.0000,0,1.0000,0,1,+5.000,+0.000,+5.000,-0.05000,+26.667,-0.00000,+0.00,+0.00000,1,+0.34985,+0.32666,0.01065,+68.069,0,212.9,0.0
19.430546,3,1,0.231377,0.231377,0.2490,-0.01762,1,1,0.0260,1,1,+0.51587,+0.11014,0.06236,199.83,+0.51587,+0.51587,-0.00000,+0.11014,0.06236,1.0000,1,0,0,0,0.0000,+0.00000,+0.00000,0.0000,+0.000,+0.000,1.0000,0,1.0000,0,1,+5.000,+0.000,+5.000,-0.05000,+26.754,-0.00000,+0.00,+0.00000,1,+0.34985,+0.32666,0.01065,+68.156,0,212.9,0.0
19.435125,3,1,0.231377,0.231377,0.2490,-0.01762,1,1,0.0260,1,1,+0.51587,+0.11014,0.06236,199.83,+0.51587,+0.51587,-0.00000,+0.11014,0.06236,1.0000,1,0,0,0,0.0000,+0.00000,+0.00000,0.0000,+0.000,+0.000,1.0000,0,1.0000,0,1,+5.000,+0.000,+5.000,-0.05000,+26.754,-0.00000,+0.00,+0.00000,1,+0.34985,+0.32666,0.01065,+68.156,0,212.9,0.0
19.439419,3,1,0.231377,0.231377,0.2490,-0.01762,1,1,0.0260,1,1,+0.51587,+0.11014,0.06236,199.83,+0.51587,+0.51587,-0.00000,+0.11014,0.06236,1.0000,1,0,0,0,0.0000,+0.00000,+0.00000,0.0000,+0.000,+0.000,1.0000,0,1.0000,0,1,+5.000,+0.000,+5.000,-0.05000,+26.865,-0.00000,+0.00,+0.00000,1,+0.34985,+0.32666,0.01065,+68.266,0,212.9,0.0
19.444015,3,1,0.231377,0.231377,0.2490,-0.01762,1,1,0.0260,1,1,+0.51587,+0.11014,0.06236,199.83,+0.51587,+0.51587,-0.00000,+0.11014,0.06236,1.0000,1,0,0,0,0.0000,+0.00000,+0.00000,0.0000,+0.000,+0.000,1.0000,0,1.0000,0,1,+5.000,+0.000,+5.000,-0.05000,+26.865,-0.00000,+0.00,+0.00000,1,+0.34985,+0.32666,0.01065,+68.266,0,212.9,0.0
19.448722,3,1,0.231377,0.231377,0.2490,-0.01762,1,1,0.0260,1,1,+0.51587,+0.11014,0.06236,199.83,+0.51587,+0.51587,-0.00000,+0.11014,0.06236,1.0000,1,0,0,0,0.0000,+0.00000,+0.00000,0.0000,+0.000,+0.000,1.0000,0,1.0000,0,1,+5.000,+0.000,+5.000,-0.05000,+26.981,-0.00000,+0.00,+0.00000,1,+0.34985,+0.32666,0.01065,+68.380,0,212.9,0.0
19.453378,3,1,0.231377,0.231377,0.2490,-0.01762,1,1,0.0260,1,1,+0.51587,+0.11014,0.06236,199.83,+0.51587,+0.51587,-0.00000,+0.11014,0.06236,1.0000,1,0,0,0,0.0000,+0.00000,+0.00000,0.0000,+0.000,+0.000,1.0000,0,1.0000,0,1,+5.000,+0.000,+5.000,-0.05000,+27.090,-0.00000,+0.00,+0.00000,1,+0.34985,+0.32666,0.01065,+68.487,0,212.9,0.0
19.458039,3,1,0.231377,0.231377,0.2490,-0.01762,1,1,0.0260,1,1,+0.51587,+0.11014,0.06236,199.83,+0.51587,+0.51587,-0.00000,+0.11014,0.06236,1.0000,1,0,0,0,0.0000,+0.00000,+0.00000,0.0000,+0.000,+0.000,1.0000,0,1.0000,0,1,+5.000,+0.000,+5.000,-0.05000,+27.090,-0.00000,+0.00,+0.00000,1,+0.34985,+0.32666,0.01065,+68.487,0,212.9,0.0
19.462574,3,1,0.231377,0.231377,0.2490,-0.01762,1,1,0.0260,1,1,+0.51587,+0.11014,0.06236,199.83,+0.51587,+0.51587,-0.00000,+0.11014,0.06236,1.0000,1,0,0,0,0.0000,+0.00000,+0.00000,0.0000,+0.000,+0.000,1.0000,0,1.0000,0,1,+5.000,+0.000,+5.000,-0.05000,+27.206,-0.00000,+0.00,+0.00000,1,+0.34985,+0.32666,0.01065,+68.599,0,212.9,0.0
19.466834,3,1,0.231377,0.231377,0.2490,-0.01762,1,1,0.0260,1,1,+0.51587,+0.11014,0.06236,199.83,+0.51587,+0.51587,-0.00000,+0.11014,0.06236,1.0000,1,0,0,0,0.0000,+0.00000,+0.00000,0.0000,+0.000,+0.000,1.0000,0,1.0000,0,1,+5.000,+0.000,+5.000,-0.05000,+27.206,-0.00000,+0.00,+0.00000,1,+0.34985,+0.32666,0.01065,+68.599,0,212.9,0.0
19.471675,3,1,0.231377,0.231377,0.2490,-0.01762,1,1,0.0260,1,1,+0.51587,+0.11014,0.06236,199.83,+0.51587,+0.51587,-0.00000,+0.11014,0.06236,1.0000,1,0,0,0,0.0000,+0.00000,+0.00000,0.0000,+0.000,+0.000,1.0000,0,1.0000,0,1,+5.000,+0.000,+5.000,-0.05000,+27.333,-0.00000,+0.00,+0.00000,1,+0.34985,+0.32666,0.01065,+68.721,0,212.9,0.0
19.475974,3,1,0.231377,0.231377,0.2490,-0.01762,1,1,0.0260,1,1,+0.51587,+0.11014,0.06236,199.83,+0.51587,+0.51587,-0.00000,+0.11014,0.06236,1.0000,1,0,0,0,0.0000,+0.00000,+0.00000,0.0000,+0.000,+0.000,1.0000,0,1.0000,0,1,+5.000,+0.000,+5.000,-0.05000,+27.333,-0.00000,+0.00,+0.00000,1,+0.34985,+0.32666,0.01065,+68.721,0,212.9,0.0
19.480490,3,1,0.231377,0.231377,0.2490,-0.01762,1,1,0.0260,1,1,+0.51587,+0.11014,0.06236,199.83,+0.51587,+0.51587,-0.00000,+0.11014,0.06236,1.0000,1,0,0,0,0.0000,+0.00000,+0.00000,0.0000,+0.000,+0.000,1.0000,0,1.0000,0,1,+5.000,+0.000,+5.000,-0.05000,+27.436,-0.00000,+0.00,+0.00000,1,+0.34985,+0.32666,0.01065,+68.819,0,212.9,0.0
19.484770,3,1,0.231377,0.231377,0.2490,-0.01762,1,1,0.0260,1,1,+0.51587,+0.11014,0.06236,199.83,+0.51587,+0.51587,-0.00000,+0.11014,0.06236,1.0000,1,0,0,0,0.0000,+0.00000,+0.00000,0.0000,+0.000,+0.000,1.0000,0,1.0000,0,1,+5.000,+0.000,+5.000,-0.05000,+27.436,-0.00000,+0.00,+0.00000,1,+0.34985,+0.32666,0.01065,+68.819,0,212.9,0.0
19.490142,3,1,0.231377,0.231377,0.2490,-0.01762,1,1,0.0260,1,1,+0.51587,+0.11014,0.06236,199.83,+0.51587,+0.51587,-0.00000,+0.11014,0.06236,1.0000,1,0,0,0,0.0000,+0.00000,+0.00000,0.0000,+0.000,+0.000,1.0000,0,1.0000,0,1,+5.000,+0.000,+5.000,-0.05000,+27.535,-0.00000,+0.00,+0.00000,1,+0.34985,+0.32666,0.01065,+68.913,0,212.9,0.0
19.497618,3,1,0.231377,0.231377,0.2490,-0.01762,1,1,0.0260,1,1,+0.51587,+0.11014,0.06236,199.83,+0.51587,+0.51587,-0.00000,+0.11014,0.06236,1.0000,1,0,0,0,0.0000,+0.00000,+0.00000,0.0000,+0.000,+0.000,1.0000,0,1.0000,0,1,+5.000,+0.000,+5.000,-0.05000,+27.535,-0.00000,+0.00,+0.00000,1,+0.34985,+0.32666,0.01065,+68.913,0,212.9,0.0
19.502043,3,1,0.231377,0.231377,0.2490,-0.01762,1,1,0.0260,1,1,+0.51587,+0.11014,0.06236,199.83,+0.51587,+0.51587,-0.00000,+0.11014,0.06236,1.0000,1,0,0,0,0.0000,+0.00000,+0.00000,0.0000,+0.000,+0.000,1.0000,0,1.0000,0,1,+5.000,+0.000,+5.000,-0.05000,+27.718,-0.00000,+0.00,+0.00000,1,+0.34985,+0.32666,0.01065,+69.084,0,212.9,0.0
19.506671,3,1,0.231377,0.231377,0.2490,-0.01762,1,1,0.0260,1,1,+0.51587,+0.11014,0.06236,199.83,+0.51587,+0.51587,-0.00000,+0.11014,0.06236,1.0000,1,0,0,0,0.0000,+0.00000,+0.00000,0.0000,+0.000,+0.000,1.0000,0,1.0000,0,1,+5.000,+0.000,+5.000,-0.05000,+27.718,-0.00000,+0.00,+0.00000,1,+0.34985,+0.32666,0.01065,+69.084,0,212.9,0.0
19.511731,3,1,0.231377,0.231377,0.2490,-0.01762,1,1,0.0260,1,1,+0.51587,+0.11014,0.06236,199.83,+0.51587,+0.51587,-0.00000,+0.11014,0.06236,1.0000,1,0,0,0,0.0000,+0.00000,+0.00000,0.0000,+0.000,+0.000,1.0000,0,1.0000,0,1,+5.000,+0.000,+5.000,-0.05000,+27.827,-0.00000,+0.00,+0.00000,1,+0.34985,+0.32666,0.01065,+69.184,0,212.9,0.0
19.516306,3,1,0.231377,0.231377,0.2490,-0.01762,1,1,0.0260,1,1,+0.51587,+0.11014,0.06236,199.83,+0.51587,+0.51587,-0.00000,+0.11014,0.06236,1.0000,1,0,0,0,0.0000,+0.00000,+0.00000,0.0000,+0.000,+0.000,1.0000,0,1.0000,0,1,+5.000,+0.000,+5.000,-0.05000,+27.931,-0.00000,+0.00,+0.00000,1,+0.34985,+0.32666,0.01065,+69.280,0,212.9,0.0
19.522200,3,1,0.231377,0.231377,0.2490,-0.01762,1,1,0.0260,1,1,+0.51587,+0.11014,0.06236,199.83,+0.51587,+0.51587,-0.00000,+0.11014,0.06236,1.0000,1,0,0,0,0.0000,+0.00000,+0.00000,0.0000,+0.000,+0.000,1.0000,0,1.0000,0,1,+5.000,+0.000,+5.000,-0.05000,+27.931,-0.00000,+0.00,+0.00000,1,+0.34985,+0.32666,0.01065,+69.280,0,212.9,0.0
19.526654,3,1,0.231377,0.231377,0.2490,-0.01762,1,1,0.0260,1,1,+0.51587,+0.11014,0.06236,199.83,+0.51587,+0.51587,-0.00000,+0.11014,0.06236,1.0000,1,0,0,0,0.0000,+0.00000,+0.00000,0.0000,+0.000,+0.000,1.0000,0,1.0000,0,1,+5.000,+0.000,+5.000,-0.05000,+28.063,-0.00000,+0.00,+0.00000,1,+0.34985,+0.32666,0.01065,+69.400,0,212.9,0.0
19.531043,3,1,0.231377,0.231377,0.2490,-0.01762,1,1,0.0260,1,1,+0.51587,+0.11014,0.06236,199.83,+0.51587,+0.51587,-0.00000,+0.11014,0.06236,1.0000,1,0,0,0,0.0000,+0.00000,+0.00000,0.0000,+0.000,+0.000,1.0000,0,1.0000,0,1,+5.000,+0.000,+5.000,-0.05000,+28.063,-0.00000,+0.00,+0.00000,1,+0.34985,+0.32666,0.01065,+69.400,0,212.9,0.0
19.535732,3,1,0.231377,0.231377,0.2490,-0.01762,1,1,0.0260,1,1,+0.51587,+0.11014,0.06236,199.83,+0.51587,+0.51587,-0.00000,+0.11014,0.06236,1.0000,1,0,0,0,0.0000,+0.00000,+0.00000,0.0000,+0.000,+0.000,1.0000,0,1.0000,0,1,+5.000,+0.000,+5.000,-0.05000,+28.175,-0.00000,+0.00,+0.00000,1,+0.34985,+0.32666,0.01065,+69.501,0,212.9,0.0
19.540453,3,1,0.231377,0.231377,0.2490,-0.01762,1,1,0.0260,1,1,+0.51587,+0.11014,0.06236,199.83,+0.51587,+0.51587,-0.00000,+0.11014,0.06236,1.0000,1,0,0,0,0.0000,+0.00000,+0.00000,0.0000,+0.000,+0.000,1.0000,0,1.0000,0,1,+5.000,+0.000,+5.000,-0.05000,+28.175,-0.00000,+0.00,+0.00000,1,+0.34985,+0.32666,0.01065,+69.501,0,212.9,0.0
19.545593,3,1,0.231377,0.231377,0.2490,-0.01762,1,1,0.0260,1,1,+0.51587,+0.11014,0.06236,199.83,+0.51587,+0.51587,-0.00000,+0.11014,0.06236,1.0000,1,0,0,0,0.0000,+0.00000,+0.00000,0.0000,+0.000,+0.000,1.0000,0,1.0000,0,1,+5.000,+0.000,+5.000,-0.05000,+28.307,-0.00000,+0.00,+0.00000,1,+0.34985,+0.32666,0.01065,+69.619,0,212.9,0.0
19.550418,3,1,0.231377,0.231377,0.2490,-0.01762,1,1,0.0260,1,1,+0.51587,+0.11014,0.06236,199.83,+0.51587,+0.51587,-0.00000,+0.11014,0.06236,1.0000,1,0,0,0,0.0000,+0.00000,+0.00000,0.0000,+0.000,+0.000,1.0000,0,1.0000,0,1,+5.000,+0.000,+5.000,-0.05000,+28.427,-0.00000,+0.00,+0.00000,1,+0.34985,+0.32666,0.01065,+69.726,0,212.9,0.0
19.555443,3,1,0.231377,0.231377,0.2490,-0.01762,1,1,0.0260,1,1,+0.51587,+0.11014,0.06236,199.83,+0.51587,+0.51587,-0.00000,+0.11014,0.06236,1.0000,1,0,0,0,0.0000,+0.00000,+0.00000,0.0000,+0.000,+0.000,1.0000,0,1.0000,0,1,+5.000,+0.000,+5.000,-0.05000,+28.427,-0.00000,+0.00,+0.00000,1,+0.34985,+0.32666,0.01065,+69.726,0,212.9,0.0
19.559963,3,1,0.231377,0.231377,0.2490,-0.01762,1,1,0.0260,1,1,+0.51587,+0.11014,0.06236,199.83,+0.51587,+0.51587,-0.00000,+0.11014,0.06236,1.0000,1,0,0,0,0.0000,+0.00000,+0.00000,0.0000,+0.000,+0.000,1.0000,0,1.0000,0,1,+5.000,+0.000,+5.000,-0.05000,+28.559,-0.00000,+0.00,+0.00000,1,+0.34985,+0.32666,0.01065,+69.842,0,212.9,0.0
19.568650,3,1,0.231377,0.231377,0.2490,-0.01762,1,1,0.0260,1,1,+0.51587,+0.11014,0.06236,199.83,+0.51587,+0.51587,-0.00000,+0.11014,0.06236,1.0000,1,0,0,0,0.0000,+0.00000,+0.00000,0.0000,+0.000,+0.000,1.0000,0,1.0000,0,1,+5.000,+0.000,+5.000,-0.05000,+28.712,-0.00000,+0.00,+0.00000,1,+0.34985,+0.32666,0.01065,+69.975,0,212.9,0.0
19.573525,3,1,0.231377,0.231377,0.2490,-0.01762,1,1,0.0260,1,1,+0.51587,+0.11014,0.06236,199.83,+0.51587,+0.51587,-0.00000,+0.11014,0.06236,1.0000,1,0,0,0,0.0000,+0.00000,+0.00000,0.0000,+0.000,+0.000,1.0000,0,1.0000,0,1,+5.000,+0.000,+5.000,-0.05000,+28.712,-0.00000,+0.00,+0.00000,1,+0.34985,+0.32666,0.01065,+69.975,0,212.9,0.0
19.578121,3,1,0.231377,0.231377,0.2490,-0.01762,1,1,0.0260,1,1,+0.51587,+0.11014,0.06236,199.83,+0.51587,+0.51587,-0.00000,+0.11014,0.06236,1.0000,1,0,0,0,0.0000,+0.00000,+0.00000,0.0000,+0.000,+0.000,1.0000,0,1.0000,0,1,+5.000,+0.000,+5.000,-0.05000,+28.851,-0.00000,+0.00,+0.00000,1,+0.34985,+0.32666,0.01065,+70.095,0,212.9,0.0
19.582522,3,1,0.231377,0.231377,0.2490,-0.01762,1,1,0.0260,1,1,+0.51587,+0.11014,0.06236,199.83,+0.51587,+0.51587,-0.00000,+0.11014,0.06236,1.0000,1,0,0,0,0.0000,+0.00000,+0.00000,0.0000,+0.000,+0.000,1.0000,0,1.0000,0,1,+5.000,+0.000,+5.000,-0.05000,+28.851,-0.00000,+0.00,+0.00000,1,+0.34985,+0.32666,0.01065,+70.095,0,212.9,0.0
19.586984,3,1,0.231377,0.231377,0.2490,-0.01762,1,1,0.0260,1,1,+0.51587,+0.11014,0.06236,199.83,+0.51587,+0.51587,-0.00000,+0.11014,0.06236,1.0000,1,0,0,0,0.0000,+0.00000,+0.00000,0.0000,+0.000,+0.000,1.0000,0,1.0000,0,1,+5.000,+0.000,+5.000,-0.05000,+28.987,-0.00000,+0.00,+0.00000,1,+0.34985,+0.32666,0.01065,+70.211,0,212.9,0.0
19.591547,3,1,0.231377,0.231377,0.2490,-0.01762,1,1,0.0260,1,1,+0.51587,+0.11014,0.06236,199.83,+0.51587,+0.51587,-0.00000,+0.11014,0.06236,1.0000,1,0,0,0,0.0000,+0.00000,+0.00000,0.0000,+0.000,+0.000,1.0000,0,1.0000,0,1,+5.000,+0.000,+5.000,-0.05000,+28.987,-0.00000,+0.00,+0.00000,1,+0.34985,+0.32666,0.01065,+70.211,0,212.9,0.0
19.596147,3,1,0.231377,0.231377,0.2490,-0.01762,1,1,0.0260,1,1,+0.51587,+0.11014,0.06236,199.83,+0.51587,+0.51587,-0.00000,+0.11014,0.06236,1.0000,1,0,0,0,0.0000,+0.00000,+0.00000,0.0000,+0.000,+0.000,1.0000,0,1.0000,0,1,+5.000,+0.000,+5.000,-0.05000,+29.126,-0.00000,+0.00,+0.00000,1,+0.34985,+0.32666,0.01065,+70.328,0,212.9,0.0
19.601376,3,1,0.231377,0.231377,0.2490,-0.01762,1,1,0.0260,1,1,+0.51587,+0.11014,0.06236,199.83,+0.51587,+0.51587,-0.00000,+0.11014,0.06236,1.0000,1,0,0,0,0.0000,+0.00000,+0.00000,0.0000,+0.000,+0.000,1.0000,0,1.0000,0,1,+5.000,+0.000,+5.000,-0.05000,+29.126,-0.00000,+0.00,+0.00000,1,+0.34985,+0.32666,0.01065,+70.328,0,212.9,0.0
19.605814,3,1,0.231377,0.231377,0.2490,-0.01762,1,1,0.0260,1,1,+0.51587,+0.11014,0.06236,199.83,+0.51587,+0.51587,-0.00000,+0.11014,0.06236,1.0000,1,0,0,0,0.0000,+0.00000,+0.00000,0.0000,+0.000,+0.000,1.0000,0,1.0000,0,1,+5.000,+0.000,+5.000,-0.05000,+29.269,-0.00000,+0.00,+0.00000,1,+0.34985,+0.32666,0.01065,+70.447,0,212.9,0.0
19.610461,3,1,0.231377,0.231377,0.2490,-0.01762,1,1,0.0260,1,1,+0.51587,+0.11014,0.06236,199.83,+0.51587,+0.51587,-0.00000,+0.11014,0.06236,1.0000,1,0,0,0,0.0000,+0.00000,+0.00000,0.0000,+0.000,+0.000,1.0000,0,1.0000,0,1,+5.000,+0.000,+5.000,-0.05000,+29.269,-0.00000,+0.00,+0.00000,1,+0.34985,+0.32666,0.01065,+70.447,0,212.9,0.0
19.615062,3,1,0.231377,0.231377,0.2490,-0.01762,1,1,0.0260,1,1,+0.51587,+0.11014,0.06236,199.83,+0.51587,+0.51587,-0.00000,+0.11014,0.06236,1.0000,1,0,0,0,0.0000,+0.00000,+0.00000,0.0000,+0.000,+0.000,1.0000,0,1.0000,0,1,+5.000,+0.000,+5.000,-0.05000,+29.405,-0.00000,+0.00,+0.00000,1,+0.34985,+0.32666,0.01065,+70.560,0,212.9,0.0
19.619640,3,1,0.231377,0.231377,0.2490,-0.01762,1,1,0.0260,1,1,+0.51587,+0.11014,0.06236,199.83,+0.51587,+0.51587,-0.00000,+0.11014,0.06236,1.0000,1,0,0,0,0.0000,+0.00000,+0.00000,0.0000,+0.000,+0.000,1.0000,0,1.0000,0,1,+5.000,+0.000,+5.000,-0.05000,+29.405,-0.00000,+0.00,+0.00000,1,+0.34985,+0.32666,0.01065,+70.560,0,212.9,0.0
19.624310,3,1,0.231377,0.231377,0.2490,-0.01762,1,1,0.0260,1,1,+0.51587,+0.11014,0.06236,199.83,+0.51587,+0.51587,-0.00000,+0.11014,0.06236,1.0000,1,0,0,0,0.0000,+0.00000,+0.00000,0.0000,+0.000,+0.000,1.0000,0,1.0000,0,1,+5.000,+0.000,+5.000,-0.05000,+29.514,-0.00000,+0.00,+0.00000,1,+0.34985,+0.32666,0.01065,+70.650,0,212.9,0.0
19.628973,3,1,0.231377,0.231377,0.2490,-0.01762,1,1,0.0260,1,1,+0.51587,+0.11014,0.06236,199.83,+0.51587,+0.51587,-0.00000,+0.11014,0.06236,1.0000,1,0,0,0,0.0000,+0.00000,+0.00000,0.0000,+0.000,+0.000,1.0000,0,1.0000,0,1,+5.000,+0.000,+5.000,-0.05000,+29.514,-0.00000,+0.00,+0.00000,1,+0.34985,+0.32666,0.01065,+70.650,0,212.9,0.0
19.633250,3,1,0.231377,0.231377,0.2490,-0.01762,1,1,0.0260,1,1,+0.51587,+0.11014,0.06236,199.83,+0.51587,+0.51587,-0.00000,+0.11014,0.06236,1.0000,1,0,0,0,0.0000,+0.00000,+0.00000,0.0000,+0.000,+0.000,1.0000,0,1.0000,0,1,+5.000,+0.000,+5.000,-0.05000,+29.668,-0.00000,+0.00,+0.00000,1,+0.34985,+0.32666,0.01065,+70.775,0,212.9,0.0
19.637522,3,1,0.231377,0.231377,0.2490,-0.01762,1,1,0.0260,1,1,+0.51587,+0.11014,0.06236,199.83,+0.51587,+0.51587,-0.00000,+0.11014,0.06236,1.0000,1,0,0,0,0.0000,+0.00000,+0.00000,0.0000,+0.000,+0.000,1.0000,0,1.0000,0,1,+5.000,+0.000,+5.000,-0.05000,+29.668,-0.00000,+0.00,+0.00000,1,+0.34985,+0.32666,0.01065,+70.775,0,212.9,0.0
19.642144,3,1,0.231377,0.231377,0.2490,-0.01762,1,1,0.0260,1,1,+0.51587,+0.11014,0.06236,199.83,+0.51587,+0.51587,-0.00000,+0.11014,0.06236,1.0000,1,0,0,0,0.0000,+0.00000,+0.00000,0.0000,+0.000,+0.000,1.0000,0,1.0000,0,1,+5.000,+0.000,+5.000,-0.05000,+29.797,-0.00000,+0.00,+0.00000,1,+0.34985,+0.32666,0.01065,+70.879,0,212.9,0.0
19.646733,3,1,0.231377,0.231377,0.2490,-0.01762,1,1,0.0260,1,1,+0.51587,+0.11014,0.06236,199.83,+0.51587,+0.51587,-0.00000,+0.11014,0.06236,1.0000,1,0,0,0,0.0000,+0.00000,+0.00000,0.0000,+0.000,+0.000,1.0000,0,1.0000,0,1,+5.000,+0.000,+5.000,-0.05000,+29.924,-0.00000,+0.00,+0.00000,1,+0.34985,+0.32666,0.01065,+70.982,0,212.9,0.0
19.651096,3,1,0.231377,0.231377,0.2490,-0.01762,1,1,0.0260,1,1,+0.51587,+0.11014,0.06236,199.83,+0.51587,+0.51587,-0.00000,+0.11014,0.06236,1.0000,1,0,0,0,0.0000,+0.00000,+0.00000,0.0000,+0.000,+0.000,1.0000,0,1.0000,0,1,+5.000,+0.000,+5.000,-0.05000,+29.924,-0.00000,+0.00,+0.00000,1,+0.34985,+0.32666,0.01065,+70.982,0,212.9,0.0
19.655631,3,1,0.231377,0.231377,0.2490,-0.01762,1,1,0.0260,1,1,+0.51587,+0.11014,0.06236,199.83,+0.51587,+0.51587,-0.00000,+0.11014,0.06236,1.0000,1,0,0,0,0.0000,+0.00000,+0.00000,0.0000,+0.000,+0.000,1.0000,0,1.0000,0,1,+5.000,+0.000,+5.000,-0.05000,+30.058,-0.00000,+0.00,+0.00000,1,+0.34985,+0.32666,0.01065,+71.088,0,212.9,0.0
19.660163,3,1,0.231377,0.231377,0.2490,-0.01762,1,1,0.0260,1,1,+0.51587,+0.11014,0.06236,199.83,+0.51587,+0.51587,-0.00000,+0.11014,0.06236,1.0000,1,0,0,0,0.0000,+0.00000,+0.00000,0.0000,+0.000,+0.000,1.0000,0,1.0000,0,1,+5.000,+0.000,+5.000,-0.05000,+30.058,-0.00000,+0.00,+0.00000,1,+0.34985,+0.32666,0.01065,+71.088,0,212.9,0.0
19.666039,3,1,0.231377,0.231377,0.2490,-0.01762,1,1,0.0260,1,1,+0.51587,+0.11014,0.06236,199.83,+0.51587,+0.51587,-0.00000,+0.11014,0.06236,1.0000,1,0,0,0,0.0000,+0.00000,+0.00000,0.0000,+0.000,+0.000,1.0000,0,1.0000,0,1,+5.000,+0.000,+5.000,-0.05000,+30.239,-0.00000,+0.00,+0.00000,1,+0.34985,+0.32666,0.01065,+71.230,0,212.9,0.0
19.670704,3,1,0.231377,0.231377,0.2490,-0.01762,1,1,0.0260,1,1,+0.51587,+0.11014,0.06236,199.83,+0.51587,+0.51587,-0.00000,+0.11014,0.06236,1.0000,1,0,0,0,0.0000,+0.00000,+0.00000,0.0000,+0.000,+0.000,1.0000,0,1.0000,0,1,+5.000,+0.000,+5.000,-0.05000,+30.239,-0.00000,+0.00,+0.00000,1,+0.34985,+0.32666,0.01065,+71.230,0,212.9,0.0
19.675255,3,1,0.231377,0.231377,0.2490,-0.01762,1,1,0.0260,1,1,+0.51587,+0.11014,0.06236,199.83,+0.51587,+0.51587,-0.00000,+0.11014,0.06236,1.0000,1,0,0,0,0.0000,+0.00000,+0.00000,0.0000,+0.000,+0.000,1.0000,0,1.0000,0,1,+5.000,+0.000,+5.000,-0.05000,+30.338,-0.00000,+0.00,+0.00000,1,+0.34985,+0.32666,0.01065,+71.307,0,212.9,0.0
19.679947,3,1,0.231377,0.231377,0.2490,-0.01762,1,1,0.0260,1,1,+0.51587,+0.11014,0.06236,199.83,+0.51587,+0.51587,-0.00000,+0.11014,0.06236,1.0000,1,0,0,0,0.0000,+0.00000,+0.00000,0.0000,+0.000,+0.000,1.0000,0,1.0000,0,1,+5.000,+0.000,+5.000,-0.05000,+30.468,-0.00000,+0.00,+0.00000,1,+0.34985,+0.32666,0.01065,+71.408,0,212.9,0.0
19.684566,3,1,0.231377,0.231377,0.2490,-0.01762,1,1,0.0260,1,1,+0.51587,+0.11014,0.06236,199.83,+0.51587,+0.51587,-0.00000,+0.11014,0.06236,1.0000,1,0,0,0,0.0000,+0.00000,+0.00000,0.0000,+0.000,+0.000,1.0000,0,1.0000,0,1,+5.000,+0.000,+5.000,-0.05000,+30.468,-0.00000,+0.00,+0.00000,1,+0.34985,+0.32666,0.01065,+71.408,0,212.9,0.0
19.690360,3,1,0.231377,0.231377,0.2490,-0.01762,1,1,0.0260,1,1,+0.51587,+0.11014,0.06236,199.83,+0.51587,+0.51587,-0.00000,+0.11014,0.06236,1.0000,1,0,0,0,0.0000,+0.00000,+0.00000,0.0000,+0.000,+0.000,1.0000,0,1.0000,0,1,+5.000,+0.000,+5.000,-0.05000,+30.621,-0.00000,+0.00,+0.00000,1,+0.34985,+0.32666,0.01065,+71.525,0,212.9,0.0
19.694916,3,1,0.231377,0.231377,0.2490,-0.01762,1,1,0.0260,1,1,+0.51587,+0.11014,0.06236,199.83,+0.51587,+0.51587,-0.00000,+0.11014,0.06236,1.0000,1,0,0,0,0.0000,+0.00000,+0.00000,0.0000,+0.000,+0.000,1.0000,0,1.0000,0,1,+5.000,+0.000,+5.000,-0.05000,+30.621,-0.00000,+0.00,+0.00000,1,+0.34985,+0.32666,0.01065,+71.525,0,212.9,0.0
19.699343,3,1,0.231377,0.231377,0.2490,-0.01762,1,1,0.0260,1,1,+0.51587,+0.11014,0.06236,199.83,+0.51587,+0.51587,-0.00000,+0.11014,0.06236,1.0000,1,0,0,0,0.0000,+0.00000,+0.00000,0.0000,+0.000,+0.000,1.0000,0,1.0000,0,1,+5.000,+0.000,+5.000,-0.05000,+30.761,-0.00000,+0.00,+0.00000,1,+0.34985,+0.32666,0.01065,+71.631,0,212.9,0.0
19.704088,3,1,0.231377,0.231377,0.2490,-0.01762,1,1,0.0260,1,1,+0.51587,+0.11014,0.06236,199.83,+0.51587,+0.51587,-0.00000,+0.11014,0.06236,1.0000,1,0,0,0,0.0000,+0.00000,+0.00000,0.0000,+0.000,+0.000,1.0000,0,1.0000,0,1,+5.000,+0.000,+5.000,-0.05000,+30.761,-0.00000,+0.00,+0.00000,1,+0.34985,+0.32666,0.01065,+71.631,0,212.9,0.0
19.708875,3,1,0.231377,0.231377,0.2490,-0.01762,1,1,0.0260,1,1,+0.51587,+0.11014,0.06236,199.83,+0.51587,+0.51587,-0.00000,+0.11014,0.06236,1.0000,1,0,0,0,0.0000,+0.00000,+0.00000,0.0000,+0.000,+0.000,1.0000,0,1.0000,0,1,+5.000,+0.000,+5.000,-0.05000,+30.894,-0.00000,+0.00,+0.00000,1,+0.34985,+0.32666,0.01065,+71.731,0,212.9,0.0
19.713745,3,1,0.231377,0.231377,0.2490,-0.01762,1,1,0.0260,1,1,+0.51587,+0.11014,0.06236,199.83,+0.51587,+0.51587,-0.00000,+0.11014,0.06236,1.0000,1,0,0,0,0.0000,+0.00000,+0.00000,0.0000,+0.000,+0.000,1.0000,0,1.0000,0,1,+5.000,+0.000,+5.000,-0.05000,+31.036,-0.00000,+0.00,+0.00000,1,+0.34985,+0.32666,0.01065,+71.837,0,212.9,0.0
19.718326,3,1,0.231377,0.231377,0.2490,-0.01762,1,1,0.0260,1,1,+0.51587,+0.11014,0.06236,199.83,+0.51587,+0.51587,-0.00000,+0.11014,0.06236,1.0000,1,0,0,0,0.0000,+0.00000,+0.00000,0.0000,+0.000,+0.000,1.0000,0,1.0000,0,1,+5.000,+0.000,+5.000,-0.05000,+31.036,-0.00000,+0.00,+0.00000,1,+0.34985,+0.32666,0.01065,+71.837,0,212.9,0.0
19.722849,3,1,0.231377,0.231377,0.2490,-0.01762,1,1,0.0260,1,1,+0.51587,+0.11014,0.06236,199.83,+0.51587,+0.51587,-0.00000,+0.11014,0.06236,1.0000,1,0,0,0,0.0000,+0.00000,+0.00000,0.0000,+0.000,+0.000,1.0000,0,1.0000,0,1,+5.000,+0.000,+5.000,-0.05000,+31.188,-0.00000,+0.00,+0.00000,1,+0.34985,+0.32666,0.01065,+71.950,0,212.9,0.0
19.727195,3,1,0.231377,0.231377,0.2490,-0.01762,1,1,0.0260,1,1,+0.51587,+0.11014,0.06236,199.83,+0.51587,+0.51587,-0.00000,+0.11014,0.06236,1.0000,1,0,0,0,0.0000,+0.00000,+0.00000,0.0000,+0.000,+0.000,1.0000,0,1.0000,0,1,+5.000,+0.000,+5.000,-0.05000,+31.188,-0.00000,+0.00,+0.00000,1,+0.34985,+0.32666,0.01065,+71.950,0,212.9,0.0
19.731711,3,1,0.231377,0.231377,0.2490,-0.01762,1,1,0.0260,1,1,+0.51587,+0.11014,0.06236,199.83,+0.51587,+0.51587,-0.00000,+0.11014,0.06236,1.0000,1,0,0,0,0.0000,+0.00000,+0.00000,0.0000,+0.000,+0.000,1.0000,0,1.0000,0,1,+5.000,+0.000,+5.000,-0.05000,+31.333,-0.00000,+0.00,+0.00000,1,+0.34985,+0.32666,0.01065,+72.056,0,212.9,0.0
19.736775,3,1,0.231377,0.231377,0.2490,-0.01762,1,1,0.0260,1,1,+0.51587,+0.11014,0.06236,199.83,+0.51587,+0.51587,-0.00000,+0.11014,0.06236,1.0000,1,0,0,0,0.0000,+0.00000,+0.00000,0.0000,+0.000,+0.000,1.0000,0,1.0000,0,1,+5.000,+0.000,+5.000,-0.05000,+31.333,-0.00000,+0.00,+0.00000,1,+0.34985,+0.32666,0.01065,+72.056,0,212.9,0.0
19.741362,3,1,0.231377,0.231377,0.2490,-0.01762,1,1,0.0260,1,1,+0.51587,+0.11014,0.06236,199.83,+0.51587,+0.51587,-0.00000,+0.11014,0.06236,1.0000,1,0,0,0,0.0000,+0.00000,+0.00000,0.0000,+0.000,+0.000,1.0000,0,1.0000,0,1,+5.000,+0.000,+5.000,-0.05000,+31.503,-0.00000,+0.00,+0.00000,1,+0.34985,+0.32666,0.01065,+72.179,0,212.9,0.0
19.746367,3,1,0.231377,0.231377,0.2490,-0.01762,1,1,0.0260,1,1,+0.51587,+0.11014,0.06236,199.83,+0.51587,+0.51587,-0.00000,+0.11014,0.06236,1.0000,1,0,0,0,0.0000,+0.00000,+0.00000,0.0000,+0.000,+0.000,1.0000,0,1.0000,0,1,+5.000,+0.000,+5.000,-0.05000,+31.503,-0.00000,+0.00,+0.00000,1,+0.34985,+0.32666,0.01065,+72.179,0,212.9,0.0
19.751141,3,1,0.231377,0.231377,0.2490,-0.01762,1,1,0.0260,1,1,+0.51587,+0.11014,0.06236,199.83,+0.51587,+0.51587,-0.00000,+0.11014,0.06236,1.0000,1,0,0,0,0.0000,+0.00000,+0.00000,0.0000,+0.000,+0.000,1.0000,0,1.0000,0,1,+5.000,+0.000,+5.000,-0.05000,+31.633,-0.00000,+0.00,+0.00000,1,+0.34985,+0.32666,0.01065,+72.273,0,212.9,0.0
19.755950,3,1,0.231377,0.231377,0.2490,-0.01762,1,1,0.0260,1,1,+0.51587,+0.11014,0.06236,199.83,+0.51587,+0.51587,-0.00000,+0.11014,0.06236,1.0000,1,0,0,0,0.0000,+0.00000,+0.00000,0.0000,+0.000,+0.000,1.0000,0,1.0000,0,1,+5.000,+0.000,+5.000,-0.05000,+31.633,-0.00000,+0.00,+0.00000,1,+0.34985,+0.32666,0.01065,+72.273,0,212.9,0.0
19.761079,3,1,0.231377,0.231377,0.2490,-0.01762,1,1,0.0260,1,1,+0.51587,+0.11014,0.06236,199.83,+0.51587,+0.51587,-0.00000,+0.11014,0.06236,1.0000,1,0,0,0,0.0000,+0.00000,+0.00000,0.0000,+0.000,+0.000,1.0000,0,1.0000,0,1,+5.000,+0.000,+5.000,-0.05000,+31.806,-0.00000,+0.00,+0.00000,1,+0.34985,+0.32666,0.01065,+72.396,0,212.9,0.0
19.765739,3,1,0.231377,0.231377,0.2490,-0.01762,1,1,0.0260,1,1,+0.51587,+0.11014,0.06236,199.83,+0.51587,+0.51587,-0.00000,+0.11014,0.06236,1.0000,1,0,0,0,0.0000,+0.00000,+0.00000,0.0000,+0.000,+0.000,1.0000,0,1.0000,0,1,+5.000,+0.000,+5.000,-0.05000,+31.972,-0.00000,+0.00,+0.00000,1,+0.34985,+0.32666,0.01065,+72.513,0,212.9,0.0
19.770369,3,1,0.231377,0.231377,0.2490,-0.01762,1,1,0.0260,1,1,+0.51587,+0.11014,0.06236,199.83,+0.51587,+0.51587,-0.00000,+0.11014,0.06236,1.0000,1,0,0,0,0.0000,+0.00000,+0.00000,0.0000,+0.000,+0.000,1.0000,0,1.0000,0,1,+5.000,+0.000,+5.000,-0.05000,+31.972,-0.00000,+0.00,+0.00000,1,+0.34985,+0.32666,0.01065,+72.513,0,212.9,0.0
19.775054,3,1,0.231377,0.231377,0.2490,-0.01762,1,1,0.0260,1,1,+0.51587,+0.11014,0.06236,199.83,+0.51587,+0.51587,-0.00000,+0.11014,0.06236,1.0000,1,0,0,0,0.0000,+0.00000,+0.00000,0.0000,+0.000,+0.000,1.0000,0,1.0000,0,1,+5.000,+0.000,+5.000,-0.05000,+32.119,-0.00000,+0.00,+0.00000,1,+0.34985,+0.32666,0.01065,+72.616,0,212.9,0.0
19.779345,3,1,0.231377,0.231377,0.2490,-0.01762,1,1,0.0260,1,1,+0.51587,+0.11014,0.06236,199.83,+0.51587,+0.51587,-0.00000,+0.11014,0.06236,1.0000,1,0,0,0,0.0000,+0.00000,+0.00000,0.0000,+0.000,+0.000,1.0000,0,1.0000,0,1,+5.000,+0.000,+5.000,-0.05000,+32.119,-0.00000,+0.00,+0.00000,1,+0.34985,+0.32666,0.01065,+72.616,0,212.9,0.0
19.783769,3,1,0.231377,0.231377,0.2490,-0.01762,1,1,0.0260,1,1,+0.51587,+0.11014,0.06236,199.83,+0.51587,+0.51587,-0.00000,+0.11014,0.06236,1.0000,1,0,0,0,0.0000,+0.00000,+0.00000,0.0000,+0.000,+0.000,1.0000,0,1.0000,0,1,+5.000,+0.000,+5.000,-0.05000,+32.242,-0.00000,+0.00,+0.00000,1,+0.34985,+0.32666,0.01065,+72.701,0,212.9,0.0
19.788777,3,1,0.231377,0.231377,0.2490,-0.01762,1,1,0.0260,1,1,+0.51587,+0.11014,0.06236,199.83,+0.51587,+0.51587,-0.00000,+0.11014,0.06236,1.0000,1,0,0,0,0.0000,+0.00000,+0.00000,0.0000,+0.000,+0.000,1.0000,0,1.0000,0,1,+5.000,+0.000,+5.000,-0.05000,+32.242,-0.00000,+0.00,+0.00000,1,+0.34985,+0.32666,0.01065,+72.701,0,212.9,0.0
19.793322,3,1,0.231377,0.231377,0.2490,-0.01762,1,1,0.0260,1,1,+0.51587,+0.11014,0.06236,199.83,+0.51587,+0.51587,-0.00000,+0.11014,0.06236,1.0000,1,0,0,0,0.0000,+0.00000,+0.00000,0.0000,+0.000,+0.000,1.0000,0,1.0000,0,1,+5.000,+0.000,+5.000,-0.05000,+32.429,-0.00000,+0.00,+0.00000,1,+0.34985,+0.32666,0.01065,+72.829,0,212.9,0.0
19.798159,3,1,0.231377,0.231377,0.2490,-0.01762,1,1,0.0260,1,1,+0.51587,+0.11014,0.06236,199.83,+0.51587,+0.51587,-0.00000,+0.11014,0.06236,1.0000,1,0,0,0,0.0000,+0.00000,+0.00000,0.0000,+0.000,+0.000,1.0000,0,1.0000,0,1,+5.000,+0.000,+5.000,-0.05000,+32.429,-0.00000,+0.00,+0.00000,1,+0.34985,+0.32666,0.01065,+72.829,0,212.9,0.0
19.802631,3,1,0.231377,0.231377,0.2490,-0.01762,1,1,0.0260,1,1,+0.51587,+0.11014,0.06236,199.83,+0.51587,+0.51587,-0.00000,+0.11014,0.06236,1.0000,1,0,0,0,0.0000,+0.00000,+0.00000,0.0000,+0.000,+0.000,1.0000,0,1.0000,0,1,+5.000,+0.000,+5.000,-0.05000,+32.600,-0.00000,+0.00,+0.00000,1,+0.34985,+0.32666,0.01065,+72.945,0,212.9,0.0
19.808797,3,1,0.231377,0.231377,0.2490,-0.01762,1,1,0.0260,1,1,+0.51587,+0.11014,0.06236,199.83,+0.51587,+0.51587,-0.00000,+0.11014,0.06236,1.0000,1,0,0,0,0.0000,+0.00000,+0.00000,0.0000,+0.000,+0.000,1.0000,0,1.0000,0,1,+5.000,+0.000,+5.000,-0.05000,+32.782,-0.00000,+0.00,+0.00000,1,+0.34985,+0.32666,0.01065,+73.068,0,212.9,0.0
19.813393,3,1,0.231377,0.231377,0.2490,-0.01762,1,1,0.0260,1,1,+0.51587,+0.11014,0.06236,199.83,+0.51587,+0.51587,-0.00000,+0.11014,0.06236,1.0000,1,0,0,0,0.0000,+0.00000,+0.00000,0.0000,+0.000,+0.000,1.0000,0,1.0000,0,1,+5.000,+0.000,+5.000,-0.05000,+32.782,-0.00000,+0.00,+0.00000,1,+0.34985,+0.32666,0.01065,+73.068,0,212.9,0.0
19.817917,3,1,0.231377,0.231377,0.2490,-0.01762,1,1,0.0260,1,1,+0.51587,+0.11014,0.06236,199.83,+0.51587,+0.51587,-0.00000,+0.11014,0.06236,1.0000,1,0,0,0,0.0000,+0.00000,+0.00000,0.0000,+0.000,+0.000,1.0000,0,1.0000,0,1,+5.000,+0.000,+5.000,-0.05000,+32.928,-0.00000,+0.00,+0.00000,1,+0.34985,+0.32666,0.01065,+73.165,0,212.9,0.0
19.822429,3,1,0.231377,0.231377,0.2490,-0.01762,1,1,0.0260,1,1,+0.51587,+0.11014,0.06236,199.83,+0.51587,+0.51587,-0.00000,+0.11014,0.06236,1.0000,1,0,0,0,0.0000,+0.00000,+0.00000,0.0000,+0.000,+0.000,1.0000,0,1.0000,0,1,+5.000,+0.000,+5.000,-0.05000,+32.928,-0.00000,+0.00,+0.00000,1,+0.34985,+0.32666,0.01065,+73.165,0,212.9,0.0
19.826992,3,1,0.231377,0.231377,0.2490,-0.01762,1,1,0.0260,1,1,+0.51587,+0.11014,0.06236,199.83,+0.51587,+0.51587,-0.00000,+0.11014,0.06236,1.0000,1,0,0,0,0.0000,+0.00000,+0.00000,0.0000,+0.000,+0.000,1.0000,0,1.0000,0,1,+5.000,+0.000,+5.000,-0.05000,+33.076,-0.00000,+0.00,+0.00000,1,+0.34985,+0.32666,0.01065,+73.263,0,212.9,0.0
19.831302,3,1,0.231377,0.231377,0.2490,-0.01762,1,1,0.0260,1,1,+0.51587,+0.11014,0.06236,199.83,+0.51587,+0.51587,-0.00000,+0.11014,0.06236,1.0000,1,0,0,0,0.0000,+0.00000,+0.00000,0.0000,+0.000,+0.000,1.0000,0,1.0000,0,1,+5.000,+0.000,+5.000,-0.05000,+33.076,-0.00000,+0.00,+0.00000,1,+0.34985,+0.32666,0.01065,+73.263,0,212.9,0.0
19.836965,3,1,0.231377,0.231377,0.2490,-0.01762,1,1,0.0260,1,1,+0.51587,+0.11014,0.06236,199.83,+0.51587,+0.51587,-0.00000,+0.11014,0.06236,1.0000,1,0,0,0,0.0000,+0.00000,+0.00000,0.0000,+0.000,+0.000,1.0000,0,1.0000,0,1,+5.000,+0.000,+5.000,-0.05000,+33.250,-0.00000,+0.00,+0.00000,1,+0.34985,+0.32666,0.01065,+73.377,0,212.9,0.0
19.842058,3,1,0.231377,0.231377,0.2490,-0.01762,1,1,0.0260,1,1,+0.51587,+0.11014,0.06236,199.83,+0.51587,+0.51587,-0.00000,+0.11014,0.06236,1.0000,1,0,0,0,0.0000,+0.00000,+0.00000,0.0000,+0.000,+0.000,1.0000,0,1.0000,0,1,+5.000,+0.000,+5.000,-0.05000,+33.250,-0.00000,+0.00,+0.00000,1,+0.34985,+0.32666,0.01065,+73.377,0,212.9,0.0
19.846537,3,1,0.231377,0.231377,0.2490,-0.01762,1,1,0.0260,1,1,+0.51587,+0.11014,0.06236,199.83,+0.51587,+0.51587,-0.00000,+0.11014,0.06236,1.0000,1,0,0,0,0.0000,+0.00000,+0.00000,0.0000,+0.000,+0.000,1.0000,0,1.0000,0,1,+5.000,+0.000,+5.000,-0.05000,+33.453,-0.00000,+0.00,+0.00000,1,+0.34985,+0.32666,0.01065,+73.508,0,212.9,0.0
19.850837,3,1,0.231377,0.231377,0.2490,-0.01762,1,1,0.0260,1,1,+0.51587,+0.11014,0.06236,199.83,+0.51587,+0.51587,-0.00000,+0.11014,0.06236,1.0000,1,0,0,0,0.0000,+0.00000,+0.00000,0.0000,+0.000,+0.000,1.0000,0,1.0000,0,1,+5.000,+0.000,+5.000,-0.05000,+33.603,-0.00000,+0.00,+0.00000,1,+0.34985,+0.32666,0.01065,+73.605,0,212.9,0.0
19.855452,3,1,0.231377,0.231377,0.2490,-0.01762,1,1,0.0260,1,1,+0.51587,+0.11014,0.06236,199.83,+0.51587,+0.51587,-0.00000,+0.11014,0.06236,1.0000,1,0,0,0,0.0000,+0.00000,+0.00000,0.0000,+0.000,+0.000,1.0000,0,1.0000,0,1,+5.000,+0.000,+5.000,-0.05000,+33.603,-0.00000,+0.00,+0.00000,1,+0.34985,+0.32666,0.01065,+73.605,0,212.9,0.0
19.860486,3,1,0.231377,0.231377,0.2490,-0.01762,1,1,0.0260,1,1,+0.51587,+0.11014,0.06236,199.83,+0.51587,+0.51587,-0.00000,+0.11014,0.06236,1.0000,1,0,0,0,0.0000,+0.00000,+0.00000,0.0000,+0.000,+0.000,1.0000,0,1.0000,0,1,+5.000,+0.000,+5.000,-0.05000,+33.603,-0.00000,+0.00,+0.00000,1,+0.34985,+0.32666,0.01065,+73.605,0,212.9,0.0
19.865476,3,1,0.231377,0.231377,0.2490,-0.01762,1,1,0.0260,1,1,+0.51587,+0.11014,0.06236,199.83,+0.51587,+0.51587,-0.00000,+0.11014,0.06236,1.0000,1,0,0,0,0.0000,+0.00000,+0.00000,0.0000,+0.000,+0.000,1.0000,0,1.0000,0,1,+5.000,+0.000,+5.000,-0.05000,+33.820,-0.00000,+0.00,+0.00000,1,+0.34985,+0.32666,0.01065,+73.742,0,212.9,0.0
19.870851,3,1,0.231377,0.231377,0.2490,-0.01762,1,1,0.0260,1,1,+0.51587,+0.11014,0.06236,199.83,+0.51587,+0.51587,-0.00000,+0.11014,0.06236,1.0000,1,0,0,0,0.0000,+0.00000,+0.00000,0.0000,+0.000,+0.000,1.0000,0,1.0000,0,1,+5.000,+0.000,+5.000,-0.05000,+33.972,-0.00000,+0.00,+0.00000,1,+0.34985,+0.32666,0.01065,+73.837,0,212.9,0.0
19.875723,3,1,0.231377,0.231377,0.2490,-0.01762,1,1,0.0260,1,1,+0.51587,+0.11014,0.06236,199.83,+0.51587,+0.51587,-0.00000,+0.11014,0.06236,1.0000,1,0,0,0,0.0000,+0.00000,+0.00000,0.0000,+0.000,+0.000,1.0000,0,1.0000,0,1,+5.000,+0.000,+5.000,-0.05000,+33.972,-0.00000,+0.00,+0.00000,1,+0.34985,+0.32666,0.01065,+73.837,0,212.9,0.0
19.880281,3,1,0.231377,0.231377,0.2490,-0.01762,1,1,0.0260,1,1,+0.51587,+0.11014,0.06236,199.83,+0.51587,+0.51587,-0.00000,+0.11014,0.06236,1.0000,1,0,0,0,0.0000,+0.00000,+0.00000,0.0000,+0.000,+0.000,1.0000,0,1.0000,0,1,+5.000,+0.000,+5.000,-0.05000,+34.161,-0.00000,+0.00,+0.00000,1,+0.34985,+0.32666,0.01065,+73.955,0,212.9,0.0
19.884773,3,1,0.231377,0.231377,0.2490,-0.01762,1,1,0.0260,1,1,+0.51587,+0.11014,0.06236,199.83,+0.51587,+0.51587,-0.00000,+0.11014,0.06236,1.0000,1,0,0,0,0.0000,+0.00000,+0.00000,0.0000,+0.000,+0.000,1.0000,0,1.0000,0,1,+5.000,+0.000,+5.000,-0.05000,+34.161,-0.00000,+0.00,+0.00000,1,+0.34985,+0.32666,0.01065,+73.955,0,212.9,0.0
19.889052,3,1,0.231377,0.231377,0.2490,-0.01762,1,1,0.0260,1,1,+0.51587,+0.11014,0.06236,199.83,+0.51587,+0.51587,-0.00000,+0.11014,0.06236,1.0000,1,0,0,0,0.0000,+0.00000,+0.00000,0.0000,+0.000,+0.000,1.0000,0,1.0000,0,1,+5.000,+0.000,+5.000,-0.05000,+34.357,-0.00000,+0.00,+0.00000,1,+0.34985,+0.32666,0.01065,+74.076,0,212.9,0.0
19.893612,3,1,0.231377,0.231377,0.2490,-0.01762,1,1,0.0260,1,1,+0.51587,+0.11014,0.06236,199.83,+0.51587,+0.51587,-0.00000,+0.11014,0.06236,1.0000,1,0,0,0,0.0000,+0.00000,+0.00000,0.0000,+0.000,+0.000,1.0000,0,1.0000,0,1,+5.000,+0.000,+5.000,-0.05000,+34.357,-0.00000,+0.00,+0.00000,1,+0.34985,+0.32666,0.01065,+74.076,0,212.9,0.0
19.898361,3,1,0.231377,0.231377,0.2490,-0.01762,1,1,0.0260,1,1,+0.51587,+0.11014,0.06236,199.83,+0.51587,+0.51587,-0.00000,+0.11014,0.06236,1.0000,1,0,0,0,0.0000,+0.00000,+0.00000,0.0000,+0.000,+0.000,1.0000,0,1.0000,0,1,+5.000,+0.000,+5.000,-0.05000,+34.595,-0.00000,+0.00,+0.00000,1,+0.34985,+0.32666,0.01065,+74.221,0,212.9,0.0
19.903200,3,1,0.231377,0.231377,0.2490,-0.01762,1,1,0.0260,1,1,+0.51587,+0.11014,0.06236,199.83,+0.51587,+0.51587,-0.00000,+0.11014,0.06236,1.0000,1,0,0,0,0.0000,+0.00000,+0.00000,0.0000,+0.000,+0.000,1.0000,0,1.0000,0,1,+5.000,+0.000,+5.000,-0.05000,+34.595,-0.00000,+0.00,+0.00000,1,+0.34985,+0.32666,0.01065,+74.221,0,212.9,0.0
19.907885,3,1,0.231377,0.231377,0.2490,-0.01762,1,1,0.0260,1,1,+0.51587,+0.11014,0.06236,199.83,+0.51587,+0.51587,-0.00000,+0.11014,0.06236,1.0000,1,0,0,0,0.0000,+0.00000,+0.00000,0.0000,+0.000,+0.000,1.0000,0,1.0000,0,1,+5.000,+0.000,+5.000,-0.05000,+34.766,-0.00000,+0.00,+0.00000,1,+0.34985,+0.32666,0.01065,+74.324,0,212.9,0.0
19.912473,3,1,0.231377,0.231377,0.2490,-0.01762,1,1,0.0260,1,1,+0.51587,+0.11014,0.06236,199.83,+0.51587,+0.51587,-0.00000,+0.11014,0.06236,1.0000,1,0,0,0,0.0000,+0.00000,+0.00000,0.0000,+0.000,+0.000,1.0000,0,1.0000,0,1,+5.000,+0.000,+5.000,-0.05000,+34.766,-0.00000,+0.00,+0.00000,1,+0.34985,+0.32666,0.01065,+74.324,0,212.9,0.0
19.916943,3,1,0.231377,0.231377,0.2490,-0.01762,1,1,0.0260,1,1,+0.51587,+0.11014,0.06236,199.83,+0.51587,+0.51587,-0.00000,+0.11014,0.06236,1.0000,1,0,0,0,0.0000,+0.00000,+0.00000,0.0000,+0.000,+0.000,1.0000,0,1.0000,0,1,+5.000,+0.000,+5.000,-0.05000,+34.934,-0.00000,+0.00,+0.00000,1,+0.34985,+0.32666,0.01065,+74.424,0,212.9,0.0
19.921747,3,1,0.231377,0.231377,0.2490,-0.01762,1,1,0.0260,1,1,+0.51587,+0.11014,0.06236,199.83,+0.51587,+0.51587,-0.00000,+0.11014,0.06236,1.0000,1,0,0,0,0.0000,+0.00000,+0.00000,0.0000,+0.000,+0.000,1.0000,0,1.0000,0,1,+5.000,+0.000,+5.000,-0.05000,+34.934,-0.00000,+0.00,+0.00000,1,+0.34985,+0.32666,0.01065,+74.424,0,212.9,0.0
19.926323,3,1,0.231377,0.231377,0.2490,-0.01762,1,1,0.0260,1,1,+0.51587,+0.11014,0.06236,199.83,+0.51587,+0.51587,-0.00000,+0.11014,0.06236,1.0000,1,0,0,0,0.0000,+0.00000,+0.00000,0.0000,+0.000,+0.000,1.0000,0,1.0000,0,1,+5.000,+0.000,+5.000,-0.05000,+35.158,-0.00000,+0.00,+0.00000,1,+0.34985,+0.32666,0.01065,+74.556,0,212.9,0.0
19.930853,3,1,0.231377,0.231377,0.2490,-0.01762,1,1,0.0260,1,1,+0.51587,+0.11014,0.06236,199.83,+0.51587,+0.51587,-0.00000,+0.11014,0.06236,1.0000,1,0,0,0,0.0000,+0.00000,+0.00000,0.0000,+0.000,+0.000,1.0000,0,1.0000,0,1,+5.000,+0.000,+5.000,-0.05000,+35.292,-0.00000,+0.00,+0.00000,1,+0.34985,+0.32666,0.01065,+74.635,0,212.9,0.0
19.935579,3,1,0.231377,0.231377,0.2490,-0.01762,1,1,0.0260,1,1,+0.51587,+0.11014,0.06236,199.83,+0.51587,+0.51587,-0.00000,+0.11014,0.06236,1.0000,1,0,0,0,0.0000,+0.00000,+0.00000,0.0000,+0.000,+0.000,1.0000,0,1.0000,0,1,+5.000,+0.000,+5.000,-0.05000,+35.292,-0.00000,+0.00,+0.00000,1,+0.34985,+0.32666,0.01065,+74.635,0,212.9,0.0
19.940191,3,1,0.231377,0.231377,0.2490,-0.01762,1,1,0.0260,1,1,+0.51587,+0.11014,0.06236,199.83,+0.51587,+0.51587,-0.00000,+0.11014,0.06236,1.0000,1,0,0,0,0.0000,+0.00000,+0.00000,0.0000,+0.000,+0.000,1.0000,0,1.0000,0,1,+5.000,+0.000,+5.000,-0.05000,+35.499,-0.00000,+0.00,+0.00000,1,+0.34985,+0.32666,0.01065,+74.754,0,212.9,0.0
19.944792,3,1,0.231377,0.231377,0.2490,-0.01762,1,1,0.0260,1,1,+0.51587,+0.11014,0.06236,199.83,+0.51587,+0.51587,-0.00000,+0.11014,0.06236,1.0000,1,0,0,0,0.0000,+0.00000,+0.00000,0.0000,+0.000,+0.000,1.0000,0,1.0000,0,1,+5.000,+0.000,+5.000,-0.05000,+35.499,-0.00000,+0.00,+0.00000,1,+0.34985,+0.32666,0.01065,+74.754,0,212.9,0.0
19.949531,3,1,0.231377,0.231377,0.2490,-0.01762,1,1,0.0260,1,1,+0.51587,+0.11014,0.06236,199.83,+0.51587,+0.51587,-0.00000,+0.11014,0.06236,1.0000,1,0,0,0,0.0000,+0.00000,+0.00000,0.0000,+0.000,+0.000,1.0000,0,1.0000,0,1,+5.000,+0.000,+5.000,-0.05000,+35.678,-0.00000,+0.00,+0.00000,1,+0.34985,+0.32666,0.01065,+74.857,0,212.9,0.0
19.954255,3,1,0.231377,0.231377,0.2490,-0.01762,1,1,0.0260,1,1,+0.51587,+0.11014,0.06236,199.83,+0.51587,+0.51587,-0.00000,+0.11014,0.06236,1.0000,1,0,0,0,0.0000,+0.00000,+0.00000,0.0000,+0.000,+0.000,1.0000,0,1.0000,0,1,+5.000,+0.000,+5.000,-0.05000,+35.678,-0.00000,+0.00,+0.00000,1,+0.34985,+0.32666,0.01065,+74.857,0,212.9,0.0
19.958731,3,1,0.231377,0.231377,0.2490,-0.01762,1,1,0.0260,1,1,+0.51587,+0.11014,0.06236,199.83,+0.51587,+0.51587,-0.00000,+0.11014,0.06236,1.0000,1,0,0,0,0.0000,+0.00000,+0.00000,0.0000,+0.000,+0.000,1.0000,0,1.0000,0,1,+5.000,+0.000,+5.000,-0.05000,+35.859,-0.00000,+0.00,+0.00000,1,+0.34985,+0.32666,0.01065,+74.960,0,212.9,0.0
19.963045,3,1,0.231377,0.231377,0.2490,-0.01762,1,1,0.0260,1,1,+0.51587,+0.11014,0.06236,199.83,+0.51587,+0.51587,-0.00000,+0.11014,0.06236,1.0000,1,0,0,0,0.0000,+0.00000,+0.00000,0.0000,+0.000,+0.000,1.0000,0,1.0000,0,1,+5.000,+0.000,+5.000,-0.05000,+35.859,-0.00000,+0.00,+0.00000,1,+0.34985,+0.32666,0.01065,+74.960,0,212.9,0.0
19.967808,3,1,0.231377,0.231377,0.2490,-0.01762,1,1,0.0260,1,1,+0.51587,+0.11014,0.06236,199.83,+0.51587,+0.51587,-0.00000,+0.11014,0.06236,1.0000,1,0,0,0,0.0000,+0.00000,+0.00000,0.0000,+0.000,+0.000,1.0000,0,1.0000,0,1,+5.000,+0.000,+5.000,-0.05000,+36.063,-0.00000,+0.00,+0.00000,1,+0.34985,+0.32666,0.01065,+75.075,0,212.9,0.0
19.972401,3,1,0.231377,0.231377,0.2490,-0.01762,1,1,0.0260,1,1,+0.51587,+0.11014,0.06236,199.83,+0.51587,+0.51587,-0.00000,+0.11014,0.06236,1.0000,1,0,0,0,0.0000,+0.00000,+0.00000,0.0000,+0.000,+0.000,1.0000,0,1.0000,0,1,+5.000,+0.000,+5.000,-0.05000,+36.243,-0.00000,+0.00,+0.00000,1,+0.34985,+0.32666,0.01065,+75.176,0,212.9,0.0
19.977137,3,1,0.231377,0.231377,0.2490,-0.01762,1,1,0.0260,1,1,+0.51587,+0.11014,0.06236,199.83,+0.51587,+0.51587,-0.00000,+0.11014,0.06236,1.0000,1,0,0,0,0.0000,+0.00000,+0.00000,0.0000,+0.000,+0.000,1.0000,0,1.0000,0,1,+5.000,+0.000,+5.000,-0.05000,+36.243,-0.00000,+0.00,+0.00000,1,+0.34985,+0.32666,0.01065,+75.176,0,212.9,0.0
19.981840,3,1,0.231377,0.231377,0.2490,-0.01762,1,1,0.0260,1,1,+0.51587,+0.11014,0.06236,199.83,+0.51587,+0.51587,-0.00000,+0.11014,0.06236,1.0000,1,0,0,0,0.0000,+0.00000,+0.00000,0.0000,+0.000,+0.000,1.0000,0,1.0000,0,1,+5.000,+0.000,+5.000,-0.05000,+36.463,-0.00000,+0.00,+0.00000,1,+0.34985,+0.32666,0.01065,+75.297,0,212.9,0.0
19.986987,3,1,0.231377,0.231377,0.2490,-0.01762,1,1,0.0260,1,1,+0.51587,+0.11014,0.06236,199.83,+0.51587,+0.51587,-0.00000,+0.11014,0.06236,1.0000,1,0,0,0,0.0000,+0.00000,+0.00000,0.0000,+0.000,+0.000,1.0000,0,1.0000,0,1,+5.000,+0.000,+5.000,-0.05000,+36.463,-0.00000,+0.00,+0.00000,1,+0.34985,+0.32666,0.01065,+75.297,0,212.9,0.0
19.991272,3,1,0.231377,0.231377,0.2490,-0.01762,1,1,0.0260,1,1,+0.51587,+0.11014,0.06236,199.83,+0.51587,+0.51587,-0.00000,+0.11014,0.06236,1.0000,1,0,0,0,0.0000,+0.00000,+0.00000,0.0000,+0.000,+0.000,1.0000,0,1.0000,0,1,+5.000,+0.000,+5.000,-0.05000,+36.674,-0.00000,+0.00,+0.00000,1,+0.34985,+0.32666,0.01065,+75.412,0,212.9,0.0
19.995765,3,1,0.231377,0.231377,0.2490,-0.01762,1,1,0.0260,1,1,+0.51587,+0.11014,0.06236,199.83,+0.51587,+0.51587,-0.00000,+0.11014,0.06236,1.0000,1,0,0,0,0.0000,+0.00000,+0.00000,0.0000,+0.000,+0.000,1.0000,0,1.0000,0,1,+5.000,+0.000,+5.000,-0.05000,+36.674,-0.00000,+0.00,+0.00000,1,+0.34985,+0.32666,0.01065,+75.412,0,212.9,0.0
20.000407,3,1,0.231377,0.231377,0.2490,-0.01762,1,1,0.0260,1,1,+0.51587,+0.11014,0.06236,199.83,+0.51587,+0.51587,-0.00000,+0.11014,0.06236,1.0000,1,0,0,0,0.0000,+0.00000,+0.00000,0.0000,+0.000,+0.000,1.0000,0,1.0000,0,1,+5.000,+0.000,+5.000,-0.05000,+36.857,-0.00000,+0.00,+0.00000,1,+0.34985,+0.32666,0.01065,+75.511,0,212.9,0.0
20.004914,3,1,0.231377,0.231377,0.2490,-0.01762,1,1,0.0260,1,1,+0.51587,+0.11014,0.06236,199.83,+0.51587,+0.51587,-0.00000,+0.11014,0.06236,1.0000,1,0,0,0,0.0000,+0.00000,+0.00000,0.0000,+0.000,+0.000,1.0000,0,1.0000,0,1,+5.000,+0.000,+5.000,-0.05000,+36.857,-0.00000,+0.00,+0.00000,1,+0.34985,+0.32666,0.01065,+75.511,0,212.9,0.0
20.009618,3,1,0.231377,0.231377,0.2490,-0.01762,1,1,0.0260,1,1,+0.51587,+0.11014,0.06236,199.83,+0.51587,+0.51587,-0.00000,+0.11014,0.06236,1.0000,1,0,0,0,0.0000,+0.00000,+0.00000,0.0000,+0.000,+0.000,1.0000,0,1.0000,0,1,+5.000,+0.000,+5.000,-0.05000,+37.115,-0.00000,+0.00,+0.00000,1,+0.34985,+0.32666,0.01065,+75.650,0,212.9,0.0
20.014222,3,1,0.231377,0.231377,0.2490,-0.01762,1,1,0.0260,1,1,+0.51587,+0.11014,0.06236,199.83,+0.51587,+0.51587,-0.00000,+0.11014,0.06236,1.0000,1,0,0,0,0.0000,+0.00000,+0.00000,0.0000,+0.000,+0.000,1.0000,0,1.0000,0,1,+5.000,+0.000,+5.000,-0.05000,+37.115,-0.00000,+0.00,+0.00000,1,+0.34985,+0.32666,0.01065,+75.650,0,212.9,0.0
20.018848,3,1,0.231377,0.231377,0.2490,-0.01762,1,1,0.0260,1,1,+0.51587,+0.11014,0.06236,199.83,+0.51587,+0.51587,-0.00000,+0.11014,0.06236,1.0000,1,0,0,0,0.0000,+0.00000,+0.00000,0.0000,+0.000,+0.000,1.0000,0,1.0000,0,1,+5.000,+0.000,+5.000,-0.05000,+37.277,-0.00000,+0.00,+0.00000,1,+0.34985,+0.32666,0.01065,+75.735,0,212.9,0.0
20.023726,3,1,0.231377,0.231377,0.2490,-0.01762,1,1,0.0260,1,1,+0.51587,+0.11014,0.06236,199.83,+0.51587,+0.51587,-0.00000,+0.11014,0.06236,1.0000,1,0,0,0,0.0000,+0.00000,+0.00000,0.0000,+0.000,+0.000,1.0000,0,1.0000,0,1,+5.000,+0.000,+5.000,-0.05000,+37.277,-0.00000,+0.00,+0.00000,1,+0.34985,+0.32666,0.01065,+75.735,0,212.9,0.0
20.030059,3,1,0.231377,0.231377,0.2490,-0.01762,1,1,0.0260,1,1,+0.51587,+0.11014,0.06236,199.83,+0.51587,+0.51587,-0.00000,+0.11014,0.06236,1.0000,1,0,0,0,0.0000,+0.00000,+0.00000,0.0000,+0.000,+0.000,1.0000,0,1.0000,0,1,+5.000,+0.000,+5.000,-0.05000,+37.491,-0.00000,+0.00,+0.00000,1,+0.34985,+0.32666,0.01065,+75.848,0,212.9,0.0
20.034273,3,1,0.231377,0.231377,0.2490,-0.01762,1,1,0.0260,1,1,+0.51587,+0.11014,0.06236,199.83,+0.51587,+0.51587,-0.00000,+0.11014,0.06236,1.0000,1,0,0,0,0.0000,+0.00000,+0.00000,0.0000,+0.000,+0.000,1.0000,0,1.0000,0,1,+5.000,+0.000,+5.000,-0.05000,+37.707,-0.00000,+0.00,+0.00000,1,+0.34985,+0.32666,0.01065,+75.960,0,212.9,0.0
20.038655,3,1,0.231377,0.231377,0.2490,-0.01762,1,1,0.0260,1,1,+0.51587,+0.11014,0.06236,199.83,+0.51587,+0.51587,-0.00000,+0.11014,0.06236,1.0000,1,0,0,0,0.0000,+0.00000,+0.00000,0.0000,+0.000,+0.000,1.0000,0,1.0000,0,1,+5.000,+0.000,+5.000,-0.05000,+37.707,-0.00000,+0.00,+0.00000,1,+0.34985,+0.32666,0.01065,+75.960,0,212.9,0.0
20.043237,3,1,0.231377,0.231377,0.2490,-0.01762,1,1,0.0260,1,1,+0.51587,+0.11014,0.06236,199.83,+0.51587,+0.51587,-0.00000,+0.11014,0.06236,1.0000,1,0,0,0,0.0000,+0.00000,+0.00000,0.0000,+0.000,+0.000,1.0000,0,1.0000,0,1,+5.000,+0.000,+5.000,-0.05000,+37.707,-0.00000,+0.00,+0.00000,1,+0.34985,+0.32666,0.01065,+75.960,0,212.9,0.0
20.047483,3,1,0.231377,0.231377,0.2490,-0.01762,1,1,0.0260,1,1,+0.51587,+0.11014,0.06236,199.83,+0.51587,+0.51587,-0.00000,+0.11014,0.06236,1.0000,1,0,0,0,0.0000,+0.00000,+0.00000,0.0000,+0.000,+0.000,1.0000,0,1.0000,0,1,+5.000,+0.000,+5.000,-0.05000,+37.976,-0.00000,+0.00,+0.00000,1,+0.34985,+0.32666,0.01065,+76.098,0,212.9,0.0
20.051980,3,1,0.231377,0.231377,0.2490,-0.01762,1,1,0.0260,1,1,+0.51587,+0.11014,0.06236,199.83,+0.51587,+0.51587,-0.00000,+0.11014,0.06236,1.0000,1,0,0,0,0.0000,+0.00000,+0.00000,0.0000,+0.000,+0.000,1.0000,0,1.0000,0,1,+5.000,+0.000,+5.000,-0.05000,+38.139,-0.00000,+0.00,+0.00000,1,+0.34985,+0.32666,0.01065,+76.181,0,212.9,0.0
20.056426,3,1,0.231377,0.231377,0.2490,-0.01762,1,1,0.0260,1,1,+0.51587,+0.11014,0.06236,199.83,+0.51587,+0.51587,-0.00000,+0.11014,0.06236,1.0000,1,0,0,0,0.0000,+0.00000,+0.00000,0.0000,+0.000,+0.000,1.0000,0,1.0000,0,1,+5.000,+0.000,+5.000,-0.05000,+38.139,-0.00000,+0.00,+0.00000,1,+0.34985,+0.32666,0.01065,+76.181,0,212.9,0.0
20.060908,3,1,0.231377,0.231377,0.2490,-0.01762,1,1,0.0260,1,1,+0.51587,+0.11014,0.06236,199.83,+0.51587,+0.51587,-0.00000,+0.11014,0.06236,1.0000,1,0,0,0,0.0000,+0.00000,+0.00000,0.0000,+0.000,+0.000,1.0000,0,1.0000,0,1,+5.000,+0.000,+5.000,-0.05000,+38.359,-0.00000,+0.00,+0.00000,1,+0.34985,+0.32666,0.01065,+76.292,0,212.9,0.0
20.065465,3,1,0.231377,0.231377,0.2490,-0.01762,1,1,0.0260,1,1,+0.51587,+0.11014,0.06236,199.83,+0.51587,+0.51587,-0.00000,+0.11014,0.06236,1.0000,1,0,0,0,0.0000,+0.00000,+0.00000,0.0000,+0.000,+0.000,1.0000,0,1.0000,0,1,+5.000,+0.000,+5.000,-0.05000,+38.359,-0.00000,+0.00,+0.00000,1,+0.34985,+0.32666,0.01065,+76.292,0,212.9,0.0
20.069985,3,1,0.231377,0.231377,0.2490,-0.01762,1,1,0.0260,1,1,+0.51587,+0.11014,0.06236,199.83,+0.51587,+0.51587,-0.00000,+0.11014,0.06236,1.0000,1,0,0,0,0.0000,+0.00000,+0.00000,0.0000,+0.000,+0.000,1.0000,0,1.0000,0,1,+5.000,+0.000,+5.000,-0.05000,+38.565,-0.00000,+0.00,+0.00000,1,+0.34985,+0.32666,0.01065,+76.394,0,212.9,0.0
20.074393,3,1,0.231377,0.231377,0.2490,-0.01762,1,1,0.0260,1,1,+0.51587,+0.11014,0.06236,199.83,+0.51587,+0.51587,-0.00000,+0.11014,0.06236,1.0000,1,0,0,0,0.0000,+0.00000,+0.00000,0.0000,+0.000,+0.000,1.0000,0,1.0000,0,1,+5.000,+0.000,+5.000,-0.05000,+38.565,-0.00000,+0.00,+0.00000,1,+0.34985,+0.32666,0.01065,+76.394,0,212.9,0.0
20.078658,3,1,0.231377,0.231377,0.2490,-0.01762,1,1,0.0260,1,1,+0.51587,+0.11014,0.06236,199.83,+0.51587,+0.51587,-0.00000,+0.11014,0.06236,1.0000,1,0,0,0,0.0000,+0.00000,+0.00000,0.0000,+0.000,+0.000,1.0000,0,1.0000,0,1,+5.000,+0.000,+5.000,-0.05000,+38.856,-0.00000,+0.00,+0.00000,1,+0.34985,+0.32666,0.01065,+76.538,0,212.9,0.0
20.083126,3,1,0.231377,0.231377,0.2490,-0.01762,1,1,0.0260,1,1,+0.51587,+0.11014,0.06236,199.83,+0.51587,+0.51587,-0.00000,+0.11014,0.06236,1.0000,1,0,0,0,0.0000,+0.00000,+0.00000,0.0000,+0.000,+0.000,1.0000,0,1.0000,0,1,+5.000,+0.000,+5.000,-0.05000,+38.856,-0.00000,+0.00,+0.00000,1,+0.34985,+0.32666,0.01065,+76.538,0,212.9,0.0
20.090202,3,1,0.231377,0.231377,0.2490,-0.01762,1,1,0.0260,1,1,+0.51587,+0.11014,0.06236,199.83,+0.51587,+0.51587,-0.00000,+0.11014,0.06236,1.0000,1,0,0,0,0.0000,+0.00000,+0.00000,0.0000,+0.000,+0.000,1.0000,0,1.0000,0,1,+5.000,+0.000,+5.000,-0.05000,+39.120,-0.00000,+0.00,+0.00000,1,+0.34985,+0.32666,0.01065,+76.667,0,212.9,0.0
20.094730,3,1,0.231377,0.231377,0.2490,-0.01762,1,1,0.0260,1,1,+0.51587,+0.11014,0.06236,199.83,+0.51587,+0.51587,-0.00000,+0.11014,0.06236,1.0000,1,0,0,0,0.0000,+0.00000,+0.00000,0.0000,+0.000,+0.000,1.0000,0,1.0000,0,1,+5.000,+0.000,+5.000,-0.05000,+39.270,-0.00000,+0.00,+0.00000,1,+0.34985,+0.32666,0.01065,+76.739,0,212.9,0.0
20.099520,3,1,0.231377,0.231377,0.2490,-0.01762,1,1,0.0260,1,1,+0.51587,+0.11014,0.06236,199.83,+0.51587,+0.51587,-0.00000,+0.11014,0.06236,1.0000,1,0,0,0,0.0000,+0.00000,+0.00000,0.0000,+0.000,+0.000,1.0000,0,1.0000,0,1,+5.000,+0.000,+5.000,-0.05000,+39.270,-0.00000,+0.00,+0.00000,1,+0.34985,+0.32666,0.01065,+76.739,0,212.9,0.0
20.104700,3,1,0.231377,0.231377,0.2490,-0.01762,1,1,0.0260,1,1,+0.51587,+0.11014,0.06236,199.83,+0.51587,+0.51587,-0.00000,+0.11014,0.06236,1.0000,1,0,0,0,0.0000,+0.00000,+0.00000,0.0000,+0.000,+0.000,1.0000,0,1.0000,0,1,+5.000,+0.000,+5.000,-0.05000,+39.560,-0.00000,+0.00,+0.00000,1,+0.34985,+0.32666,0.01065,+76.878,0,212.9,0.0
20.109330,3,1,0.231377,0.231377,0.2490,-0.01762,1,1,0.0260,1,1,+0.51587,+0.11014,0.06236,199.83,+0.51587,+0.51587,-0.00000,+0.11014,0.06236,1.0000,1,0,0,0,0.0000,+0.00000,+0.00000,0.0000,+0.000,+0.000,1.0000,0,1.0000,0,1,+5.000,+0.000,+5.000,-0.05000,+39.560,-0.00000,+0.00,+0.00000,1,+0.34985,+0.32666,0.01065,+76.878,0,212.9,0.0
20.113904,3,1,0.231377,0.231377,0.2490,-0.01762,1,1,0.0260,1,1,+0.51587,+0.11014,0.06236,199.83,+0.51587,+0.51587,-0.00000,+0.11014,0.06236,1.0000,1,0,0,0,0.0000,+0.00000,+0.00000,0.0000,+0.000,+0.000,1.0000,0,1.0000,0,1,+5.000,+0.000,+5.000,-0.05000,+39.772,-0.00000,+0.00,+0.00000,1,+0.34985,+0.32666,0.01065,+76.978,0,212.9,0.0
20.118306,3,1,0.231377,0.231377,0.2490,-0.01762,1,1,0.0260,1,1,+0.51587,+0.11014,0.06236,199.83,+0.51587,+0.51587,-0.00000,+0.11014,0.06236,1.0000,1,0,0,0,0.0000,+0.00000,+0.00000,0.0000,+0.000,+0.000,1.0000,0,1.0000,0,1,+5.000,+0.000,+5.000,-0.05000,+39.772,-0.00000,+0.00,+0.00000,1,+0.34985,+0.32666,0.01065,+76.978,0,212.9,0.0
20.122909,3,1,0.231377,0.231377,0.2490,-0.01762,1,1,0.0260,1,1,+0.51587,+0.11014,0.06236,199.83,+0.51587,+0.51587,-0.00000,+0.11014,0.06236,1.0000,1,0,0,0,0.0000,+0.00000,+0.00000,0.0000,+0.000,+0.000,1.0000,0,1.0000,0,1,+5.000,+0.000,+5.000,-0.05000,+39.964,-0.00000,+0.00,+0.00000,1,+0.34985,+0.32666,0.01065,+77.068,0,212.9,0.0
20.127727,3,1,0.231377,0.231377,0.2490,-0.01762,1,1,0.0260,1,1,+0.51587,+0.11014,0.06236,199.83,+0.51587,+0.51587,-0.00000,+0.11014,0.06236,1.0000,1,0,0,0,0.0000,+0.00000,+0.00000,0.0000,+0.000,+0.000,1.0000,0,1.0000,0,1,+5.000,+0.000,+5.000,-0.05000,+40.198,-0.00000,+0.00,+0.00000,1,+0.34985,+0.32666,0.01065,+77.176,0,212.9,0.0
20.132406,3,1,0.231377,0.231377,0.2490,-0.01762,1,1,0.0260,1,1,+0.51587,+0.11014,0.06236,199.83,+0.51587,+0.51587,-0.00000,+0.11014,0.06236,1.0000,1,0,0,0,0.0000,+0.00000,+0.00000,0.0000,+0.000,+0.000,1.0000,0,1.0000,0,1,+5.000,+0.000,+5.000,-0.05000,+40.198,-0.00000,+0.00,+0.00000,1,+0.34985,+0.32666,0.01065,+77.176,0,212.9,0.0
20.137290,3,1,0.231377,0.231377,0.2490,-0.01762,1,1,0.0260,1,1,+0.51587,+0.11014,0.06236,199.83,+0.51587,+0.51587,-0.00000,+0.11014,0.06236,1.0000,1,0,0,0,0.0000,+0.00000,+0.00000,0.0000,+0.000,+0.000,1.0000,0,1.0000,0,1,+5.000,+0.000,+5.000,-0.05000,+40.198,-0.00000,+0.00,+0.00000,1,+0.34985,+0.32666,0.01065,+77.176,0,212.9,0.0
20.141818,3,1,0.231377,0.231377,0.2490,-0.01762,1,1,0.0260,1,1,+0.51587,+0.11014,0.06236,199.83,+0.51587,+0.51587,-0.00000,+0.11014,0.06236,1.0000,1,0,0,0,0.0000,+0.00000,+0.00000,0.0000,+0.000,+0.000,1.0000,0,1.0000,0,1,+5.000,+0.000,+5.000,-0.05000,+40.510,-0.00000,+0.00,+0.00000,1,+0.34985,+0.32666,0.01065,+77.320,0,212.9,0.0
20.146384,3,1,0.231377,0.231377,0.2490,-0.01762,1,1,0.0260,1,1,+0.51587,+0.11014,0.06236,199.83,+0.51587,+0.51587,-0.00000,+0.11014,0.06236,1.0000,1,0,0,0,0.0000,+0.00000,+0.00000,0.0000,+0.000,+0.000,1.0000,0,1.0000,0,1,+5.000,+0.000,+5.000,-0.05000,+40.510,-0.00000,+0.00,+0.00000,1,+0.34985,+0.32666,0.01065,+77.320,0,212.9,0.0
20.151065,3,1,0.231377,0.231377,0.2490,-0.01762,1,1,0.0260,1,1,+0.51587,+0.11014,0.06236,199.83,+0.51587,+0.51587,-0.00000,+0.11014,0.06236,1.0000,1,0,0,0,0.0000,+0.00000,+0.00000,0.0000,+0.000,+0.000,1.0000,0,1.0000,0,1,+5.000,+0.000,+5.000,-0.05000,+40.745,-0.00000,+0.00,+0.00000,1,+0.34985,+0.32666,0.01065,+77.426,0,212.9,0.0
20.155661,3,1,0.231377,0.231377,0.2490,-0.01762,1,1,0.0260,1,1,+0.51587,+0.11014,0.06236,199.83,+0.51587,+0.51587,-0.00000,+0.11014,0.06236,1.0000,1,0,0,0,0.0000,+0.00000,+0.00000,0.0000,+0.000,+0.000,1.0000,0,1.0000,0,1,+5.000,+0.000,+5.000,-0.05000,+40.745,-0.00000,+0.00,+0.00000,1,+0.34985,+0.32666,0.01065,+77.426,0,212.9,0.0
20.160003,3,1,0.231377,0.231377,0.2490,-0.01762,1,1,0.0260,1,1,+0.51587,+0.11014,0.06236,199.83,+0.51587,+0.51587,-0.00000,+0.11014,0.06236,1.0000,1,0,0,0,0.0000,+0.00000,+0.00000,0.0000,+0.000,+0.000,1.0000,0,1.0000,0,1,+5.000,+0.000,+5.000,-0.05000,+41.056,-0.00000,+0.00,+0.00000,1,+0.34985,+0.32666,0.01065,+77.566,0,212.9,0.0
20.164515,3,1,0.231377,0.231377,0.2490,-0.01762,1,1,0.0260,1,1,+0.51587,+0.11014,0.06236,199.83,+0.51587,+0.51587,-0.00000,+0.11014,0.06236,1.0000,1,0,0,0,0.0000,+0.00000,+0.00000,0.0000,+0.000,+0.000,1.0000,0,1.0000,0,1,+5.000,+0.000,+5.000,-0.05000,+41.056,-0.00000,+0.00,+0.00000,1,+0.34985,+0.32666,0.01065,+77.566,0,212.9,0.0
20.168974,3,1,0.231377,0.231377,0.2490,-0.01762,1,1,0.0260,1,1,+0.51587,+0.11014,0.06236,199.83,+0.51587,+0.51587,-0.00000,+0.11014,0.06236,1.0000,1,0,0,0,0.0000,+0.00000,+0.00000,0.0000,+0.000,+0.000,1.0000,0,1.0000,0,1,+5.000,+0.000,+5.000,-0.05000,+41.277,-0.00000,+0.00,+0.00000,1,+0.34985,+0.32666,0.01065,+77.663,0,212.9,0.0
20.173152,3,1,0.231377,0.231377,0.2490,-0.01762,1,1,0.0260,1,1,+0.51587,+0.11014,0.06236,199.83,+0.51587,+0.51587,-0.00000,+0.11014,0.06236,1.0000,1,0,0,0,0.0000,+0.00000,+0.00000,0.0000,+0.000,+0.000,1.0000,0,1.0000,0,1,+5.000,+0.000,+5.000,-0.05000,+41.277,-0.00000,+0.00,+0.00000,1,+0.34985,+0.32666,0.01065,+77.663,0,212.9,0.0
20.177834,3,1,0.231377,0.231377,0.2490,-0.01762,1,1,0.0260,1,1,+0.51587,+0.11014,0.06236,199.83,+0.51587,+0.51587,-0.00000,+0.11014,0.06236,1.0000,1,0,0,0,0.0000,+0.00000,+0.00000,0.0000,+0.000,+0.000,1.0000,0,1.0000,0,1,+5.000,+0.000,+5.000,-0.05000,+41.532,-0.00000,+0.00,+0.00000,1,+0.34985,+0.32666,0.01065,+77.776,0,212.9,0.0
20.182355,3,1,0.231377,0.231377,0.2490,-0.01762,1,1,0.0260,1,1,+0.51587,+0.11014,0.06236,199.83,+0.51587,+0.51587,-0.00000,+0.11014,0.06236,1.0000,1,0,0,0,0.0000,+0.00000,+0.00000,0.0000,+0.000,+0.000,1.0000,0,1.0000,0,1,+5.000,+0.000,+5.000,-0.05000,+41.760,-0.00000,+0.00,+0.00000,1,+0.34985,+0.32666,0.01065,+77.875,0,212.9,0.0
20.186653,3,1,0.231377,0.231377,0.2490,-0.01762,1,1,0.0260,1,1,+0.51587,+0.11014,0.06236,199.83,+0.51587,+0.51587,-0.00000,+0.11014,0.06236,1.0000,1,0,0,0,0.0000,+0.00000,+0.00000,0.0000,+0.000,+0.000,1.0000,0,1.0000,0,1,+5.000,+0.000,+5.000,-0.05000,+41.760,-0.00000,+0.00,+0.00000,1,+0.34985,+0.32666,0.01065,+77.875,0,212.9,0.0
20.199704,3,1,0.231377,0.231377,0.2490,-0.01762,1,1,0.0260,1,1,+0.51587,+0.11014,0.06236,199.83,+0.51587,+0.51587,-0.00000,+0.11014,0.06236,1.0000,1,0,0,0,0.0000,+0.00000,+0.00000,0.0000,+0.000,+0.000,1.0000,0,1.0000,0,1,+5.000,+0.000,+5.000,-0.05000,+42.248,-0.00000,+0.00,+0.00000,1,+0.34985,+0.32666,0.01065,+78.083,0,212.9,0.0
20.204668,3,1,0.231377,0.231377,0.2490,-0.01762,1,1,0.0260,1,1,+0.51587,+0.11014,0.06236,199.83,+0.51587,+0.51587,-0.00000,+0.11014,0.06236,1.0000,1,0,0,0,0.0000,+0.00000,+0.00000,0.0000,+0.000,+0.000,1.0000,0,1.0000,0,1,+5.000,+0.000,+5.000,-0.05000,+42.417,-0.00000,+0.00,+0.00000,1,+0.34985,+0.32666,0.01065,+78.155,0,212.9,0.0
20.212312,3,1,0.231377,0.231377,0.2490,-0.01762,1,1,0.0260,1,1,+0.51587,+0.11014,0.06236,199.83,+0.51587,+0.51587,-0.00000,+0.11014,0.06236,1.0000,1,0,0,0,0.0000,+0.00000,+0.00000,0.0000,+0.000,+0.000,1.0000,0,1.0000,0,1,+5.000,+0.000,+5.000,-0.05000,+42.417,-0.00000,+0.00,+0.00000,1,+0.34985,+0.32666,0.01065,+78.155,0,212.9,0.0
20.220853,3,1,0.231377,0.231377,0.2490,-0.01762,1,1,0.0260,1,1,+0.51587,+0.11014,0.06236,199.83,+0.51587,+0.51587,-0.00000,+0.11014,0.06236,1.0000,1,0,0,0,0.0000,+0.00000,+0.00000,0.0000,+0.000,+0.000,1.0000,0,1.0000,0,1,+5.000,+0.000,+5.000,-0.05000,+42.877,-0.00000,+0.00,+0.00000,1,+0.34985,+0.32666,0.01065,+78.347,0,212.9,0.0
20.225846,3,1,0.231377,0.231377,0.2490,-0.01762,1,1,0.0260,1,1,+0.51587,+0.11014,0.06236,199.83,+0.51587,+0.51587,-0.00000,+0.11014,0.06236,1.0000,1,0,0,0,0.0000,+0.00000,+0.00000,0.0000,+0.000,+0.000,1.0000,0,1.0000,0,1,+5.000,+0.000,+5.000,-0.05000,+43.004,-0.00000,+0.00,+0.00000,1,+0.34985,+0.32666,0.01065,+78.400,0,212.9,0.0
20.230812,3,1,0.231377,0.231377,0.2490,-0.01762,1,1,0.0260,1,1,+0.51587,+0.11014,0.06236,199.83,+0.51587,+0.51587,-0.00000,+0.11014,0.06236,1.0000,1,0,0,0,0.0000,+0.00000,+0.00000,0.0000,+0.000,+0.000,1.0000,0,1.0000,0,1,+5.000,+0.000,+5.000,-0.05000,+43.004,-0.00000,+0.00,+0.00000,1,+0.34985,+0.32666,0.01065,+78.400,0,212.9,0.0
20.235541,3,1,0.231377,0.231377,0.2490,-0.01762,1,1,0.0260,1,1,+0.51587,+0.11014,0.06236,199.83,+0.51587,+0.51587,-0.00000,+0.11014,0.06236,1.0000,1,0,0,0,0.0000,+0.00000,+0.00000,0.0000,+0.000,+0.000,1.0000,0,1.0000,0,1,+5.000,+0.000,+5.000,-0.05000,+43.325,-0.00000,+0.00,+0.00000,1,+0.34985,+0.32666,0.01065,+78.531,0,212.9,0.0
20.240086,3,1,0.231377,0.231377,0.2490,-0.01762,1,1,0.0260,1,1,+0.51587,+0.11014,0.06236,199.83,+0.51587,+0.51587,-0.00000,+0.11014,0.06236,1.0000,1,0,0,0,0.0000,+0.00000,+0.00000,0.0000,+0.000,+0.000,1.0000,0,1.0000,0,1,+5.000,+0.000,+5.000,-0.05000,+43.325,-0.00000,+0.00,+0.00000,1,+0.34985,+0.32666,0.01065,+78.531,0,212.9,0.0
20.244903,3,1,0.231377,0.231377,0.2490,-0.01762,1,1,0.0260,1,1,+0.51587,+0.11014,0.06236,199.83,+0.51587,+0.51587,-0.00000,+0.11014,0.06236,1.0000,1,0,0,0,0.0000,+0.00000,+0.00000,0.0000,+0.000,+0.000,1.0000,0,1.0000,0,1,+5.000,+0.000,+5.000,-0.05000,+43.600,-0.00000,+0.00,+0.00000,1,+0.34985,+0.32666,0.01065,+78.642,0,212.9,0.0
20.249691,3,1,0.231377,0.231377,0.2490,-0.01762,1,1,0.0260,1,1,+0.51587,+0.11014,0.06236,199.83,+0.51587,+0.51587,-0.00000,+0.11014,0.06236,1.0000,1,0,0,0,0.0000,+0.00000,+0.00000,0.0000,+0.000,+0.000,1.0000,0,1.0000,0,1,+5.000,+0.000,+5.000,-0.05000,+43.832,-0.00000,+0.00,+0.00000,1,+0.34985,+0.32666,0.01065,+78.735,0,212.9,0.0
20.254523,3,1,0.231377,0.231377,0.2490,-0.01762,1,1,0.0260,1,1,+0.51587,+0.11014,0.06236,199.83,+0.51587,+0.51587,-0.00000,+0.11014,0.06236,1.0000,1,0,0,0,0.0000,+0.00000,+0.00000,0.0000,+0.000,+0.000,1.0000,0,1.0000,0,1,+5.000,+0.000,+5.000,-0.05000,+43.832,-0.00000,+0.00,+0.00000,1,+0.34985,+0.32666,0.01065,+78.735,0,212.9,0.0
20.259049,3,1,0.231377,0.231377,0.2490,-0.01762,1,1,0.0260,1,1,+0.51587,+0.11014,0.06236,199.83,+0.51587,+0.51587,-0.00000,+0.11014,0.06236,1.0000,1,0,0,0,0.0000,+0.00000,+0.00000,0.0000,+0.000,+0.000,1.0000,0,1.0000,0,1,+5.000,+0.000,+5.000,-0.05000,+44.092,-0.00000,+0.00,+0.00000,1,+0.34985,+0.32666,0.01065,+78.838,0,212.9,0.0
20.263590,3,1,0.231377,0.231377,0.2490,-0.01762,1,1,0.0260,1,1,+0.51587,+0.11014,0.06236,199.83,+0.51587,+0.51587,-0.00000,+0.11014,0.06236,1.0000,1,0,0,0,0.0000,+0.00000,+0.00000,0.0000,+0.000,+0.000,1.0000,0,1.0000,0,1,+5.000,+0.000,+5.000,-0.05000,+44.092,-0.00000,+0.00,+0.00000,1,+0.34985,+0.32666,0.01065,+78.838,0,212.9,0.0
20.268265,3,1,0.231377,0.231377,0.2490,-0.01762,1,1,0.0260,1,1,+0.51587,+0.11014,0.06236,199.83,+0.51587,+0.51587,-0.00000,+0.11014,0.06236,1.0000,1,0,0,0,0.0000,+0.00000,+0.00000,0.0000,+0.000,+0.000,1.0000,0,1.0000,0,1,+5.000,+0.000,+5.000,-0.05000,+44.455,-0.00000,+0.00,+0.00000,1,+0.34985,+0.32666,0.01065,+78.981,0,212.9,0.0
20.272936,3,1,0.231377,0.231377,0.2490,-0.01762,1,1,0.0260,1,1,+0.51587,+0.11014,0.06236,199.83,+0.51587,+0.51587,-0.00000,+0.11014,0.06236,1.0000,1,0,0,0,0.0000,+0.00000,+0.00000,0.0000,+0.000,+0.000,1.0000,0,1.0000,0,1,+5.000,+0.000,+5.000,-0.05000,+44.455,-0.00000,+0.00,+0.00000,1,+0.34985,+0.32666,0.01065,+78.981,0,212.9,0.0
20.277605,3,1,0.231377,0.231377,0.2490,-0.01762,1,1,0.0260,1,1,+0.51587,+0.11014,0.06236,199.83,+0.51587,+0.51587,-0.00000,+0.11014,0.06236,1.0000,1,0,0,0,0.0000,+0.00000,+0.00000,0.0000,+0.000,+0.000,1.0000,0,1.0000,0,1,+5.000,+0.000,+5.000,-0.05000,+44.768,-0.00000,+0.00,+0.00000,1,+0.34985,+0.32666,0.01065,+79.102,0,212.9,0.0
20.281901,3,1,0.231377,0.231377,0.2490,-0.01762,1,1,0.0260,1,1,+0.51587,+0.11014,0.06236,199.83,+0.51587,+0.51587,-0.00000,+0.11014,0.06236,1.0000,1,0,0,0,0.0000,+0.00000,+0.00000,0.0000,+0.000,+0.000,1.0000,0,1.0000,0,1,+5.000,+0.000,+5.000,-0.05000,+44.768,-0.00000,+0.00,+0.00000,1,+0.34985,+0.32666,0.01065,+79.102,0,212.9,0.0
20.286644,3,1,0.231377,0.231377,0.2490,-0.01762,1,1,0.0260,1,1,+0.51587,+0.11014,0.06236,199.83,+0.51587,+0.51587,-0.00000,+0.11014,0.06236,1.0000,1,0,0,0,0.0000,+0.00000,+0.00000,0.0000,+0.000,+0.000,1.0000,0,1.0000,0,1,+5.000,+0.000,+5.000,-0.05000,+45.001,-0.00000,+0.00,+0.00000,1,+0.34985,+0.32666,0.01065,+79.191,0,212.9,0.0
20.291268,3,1,0.231377,0.231377,0.2490,-0.01762,1,1,0.0260,1,1,+0.51587,+0.11014,0.06236,199.83,+0.51587,+0.51587,-0.00000,+0.11014,0.06236,1.0000,1,0,0,0,0.0000,+0.00000,+0.00000,0.0000,+0.000,+0.000,1.0000,0,1.0000,0,1,+5.000,+0.000,+5.000,-0.05000,+45.001,-0.00000,+0.00,+0.00000,1,+0.34985,+0.32666,0.01065,+79.191,0,212.9,0.0
20.296081,3,1,0.231377,0.231377,0.2490,-0.01762,1,1,0.0260,1,1,+0.51587,+0.11014,0.06236,199.83,+0.51587,+0.51587,-0.00000,+0.11014,0.06236,1.0000,1,0,0,0,0.0000,+0.00000,+0.00000,0.0000,+0.000,+0.000,1.0000,0,1.0000,0,1,+5.000,+0.000,+5.000,-0.05000,+45.315,-0.00000,+0.00,+0.00000,1,+0.34985,+0.32666,0.01065,+79.310,0,212.9,0.0
20.301039,3,1,0.231377,0.231377,0.2490,-0.01762,1,1,0.0260,1,1,+0.51587,+0.11014,0.06236,199.83,+0.51587,+0.51587,-0.00000,+0.11014,0.06236,1.0000,1,0,0,0,0.0000,+0.00000,+0.00000,0.0000,+0.000,+0.000,1.0000,0,1.0000,0,1,+5.000,+0.000,+5.000,-0.05000,+45.315,-0.00000,+0.00,+0.00000,1,+0.34985,+0.32666,0.01065,+79.310,0,212.9,0.0
20.305753,3,1,0.231377,0.231377,0.2490,-0.01762,1,1,0.0260,1,1,+0.51587,+0.11014,0.06236,199.83,+0.51587,+0.51587,-0.00000,+0.11014,0.06236,1.0000,1,0,0,0,0.0000,+0.00000,+0.00000,0.0000,+0.000,+0.000,1.0000,0,1.0000,0,1,+5.000,+0.000,+5.000,-0.05000,+45.607,-0.00000,+0.00,+0.00000,1,+0.34985,+0.32666,0.01065,+79.420,0,212.9,0.0
20.310617,3,1,0.231377,0.231377,0.2490,-0.01762,1,1,0.0260,1,1,+0.51587,+0.11014,0.06236,199.83,+0.51587,+0.51587,-0.00000,+0.11014,0.06236,1.0000,1,0,0,0,0.0000,+0.00000,+0.00000,0.0000,+0.000,+0.000,1.0000,0,1.0000,0,1,+5.000,+0.000,+5.000,-0.05000,+45.896,-0.00000,+0.00,+0.00000,1,+0.34985,+0.32666,0.01065,+79.527,0,212.9,0.0
20.314972,3,1,0.231377,0.231377,0.2490,-0.01762,1,1,0.0260,1,1,+0.51587,+0.11014,0.06236,199.83,+0.51587,+0.51587,-0.00000,+0.11014,0.06236,1.0000,1,0,0,0,0.0000,+0.00000,+0.00000,0.0000,+0.000,+0.000,1.0000,0,1.0000,0,1,+5.000,+0.000,+5.000,-0.05000,+45.896,-0.00000,+0.00,+0.00000,1,+0.34985,+0.32666,0.01065,+79.527,0,212.9,0.0
20.320913,3,1,0.231377,0.231377,0.2490,-0.01762,1,1,0.0260,1,1,+0.51587,+0.11014,0.06236,199.83,+0.51587,+0.51587,-0.00000,+0.11014,0.06236,1.0000,1,0,0,0,0.0000,+0.00000,+0.00000,0.0000,+0.000,+0.000,1.0000,0,1.0000,0,1,+5.000,+0.000,+5.000,-0.05000,+46.203,-0.00000,+0.00,+0.00000,1,+0.34985,+0.32666,0.01065,+79.640,0,212.9,0.0
20.325374,3,1,0.231377,0.231377,0.2490,-0.01762,1,1,0.0260,1,1,+0.51587,+0.11014,0.06236,199.83,+0.51587,+0.51587,-0.00000,+0.11014,0.06236,1.0000,1,0,0,0,0.0000,+0.00000,+0.00000,0.0000,+0.000,+0.000,1.0000,0,1.0000,0,1,+5.000,+0.000,+5.000,-0.05000,+46.203,-0.00000,+0.00,+0.00000,1,+0.34985,+0.32666,0.01065,+79.640,0,208.4,0.0
20.330182,3,1,0.231377,0.231377,0.2490,-0.01762,1,1,0.0260,1,1,+0.51587,+0.11014,0.06236,199.83,+0.51587,+0.51587,-0.00000,+0.11014,0.06236,1.0000,1,0,0,0,0.0000,+0.00000,+0.00000,0.0000,+0.000,+0.000,1.0000,0,1.0000,0,1,+5.000,+0.000,+5.000,-0.05000,+46.488,-0.00000,+0.00,+0.00000,1,+0.34985,+0.32666,0.01065,+79.744,0,208.4,0.0
20.334685,3,1,0.231377,0.231377,0.2490,-0.01762,1,1,0.0260,1,1,+0.51587,+0.11014,0.06236,199.83,+0.51587,+0.51587,-0.00000,+0.11014,0.06236,1.0000,1,0,0,0,0.0000,+0.00000,+0.00000,0.0000,+0.000,+0.000,1.0000,0,1.0000,0,1,+5.000,+0.000,+5.000,-0.05000,+46.488,-0.00000,+0.00,+0.00000,1,+0.34985,+0.32666,0.01065,+79.744,0,208.4,0.0
20.339263,3,1,0.231377,0.231377,0.2490,-0.01762,1,1,0.0260,1,1,+0.51587,+0.11014,0.06236,199.83,+0.51587,+0.51587,-0.00000,+0.11014,0.06236,1.0000,1,0,0,0,0.0000,+0.00000,+0.00000,0.0000,+0.000,+0.000,1.0000,0,1.0000,0,1,+5.000,+0.000,+5.000,-0.05000,+46.795,-0.00000,+0.00,+0.00000,1,+0.34985,+0.32666,0.01065,+79.855,0,208.4,0.0
20.343773,3,1,0.231377,0.231377,0.2490,-0.01762,1,1,0.0260,1,1,+0.51587,+0.11014,0.06236,199.83,+0.51587,+0.51587,-0.00000,+0.11014,0.06236,1.0000,1,0,0,0,0.0000,+0.00000,+0.00000,0.0000,+0.000,+0.000,1.0000,0,1.0000,0,1,+5.000,+0.000,+5.000,-0.05000,+46.795,-0.00000,+0.00,+0.00000,1,+0.34985,+0.32666,0.01065,+79.855,0,208.4,0.0
20.348560,3,1,0.231377,0.231377,0.2490,-0.01762,1,1,0.0260,1,1,+0.51587,+0.11014,0.06236,199.83,+0.51587,+0.51587,-0.00000,+0.11014,0.06236,1.0000,1,0,0,0,0.0000,+0.00000,+0.00000,0.0000,+0.000,+0.000,1.0000,0,1.0000,0,1,+5.000,+0.000,+5.000,-0.05000,+47.146,-0.00000,+0.00,+0.00000,1,+0.34985,+0.32666,0.01065,+79.980,0,208.4,0.0
20.353218,3,1,0.231377,0.231377,0.2490,-0.01762,1,1,0.0260,1,1,+0.51587,+0.11014,0.06236,199.83,+0.51587,+0.51587,-0.00000,+0.11014,0.06236,1.0000,1,0,0,0,0.0000,+0.00000,+0.00000,0.0000,+0.000,+0.000,1.0000,0,1.0000,0,1,+5.000,+0.000,+5.000,-0.05000,+47.146,-0.00000,+0.00,+0.00000,1,+0.34985,+0.32666,0.01065,+79.980,0,208.4,0.0
20.357745,3,1,0.231377,0.231377,0.2490,-0.01762,1,1,0.0260,1,1,+0.51587,+0.11014,0.06236,199.83,+0.51587,+0.51587,-0.00000,+0.11014,0.06236,1.0000,1,0,0,0,0.0000,+0.00000,+0.00000,0.0000,+0.000,+0.000,1.0000,0,1.0000,0,1,+5.000,+0.000,+5.000,-0.05000,+47.433,-0.00000,+0.00,+0.00000,1,+0.34985,+0.32666,0.01065,+80.081,0,208.4,0.0
20.362765,3,1,0.231377,0.231377,0.2490,-0.01762,1,1,0.0260,1,1,+0.51587,+0.11014,0.06236,199.83,+0.51587,+0.51587,-0.00000,+0.11014,0.06236,1.0000,1,0,0,0,0.0000,+0.00000,+0.00000,0.0000,+0.000,+0.000,1.0000,0,1.0000,0,1,+5.000,+0.000,+5.000,-0.05000,+47.734,-0.00000,+0.00,+0.00000,1,+0.34985,+0.32666,0.01065,+80.186,0,208.4,0.0
20.367609,3,1,0.231377,0.231377,0.2490,-0.01762,1,1,0.0260,1,1,+0.51587,+0.11014,0.06236,199.83,+0.51587,+0.51587,-0.00000,+0.11014,0.06236,1.0000,1,0,0,0,0.0000,+0.00000,+0.00000,0.0000,+0.000,+0.000,1.0000,0,1.0000,0,1,+5.000,+0.000,+5.000,-0.05000,+47.734,-0.00000,+0.00,+0.00000,1,+0.34985,+0.32666,0.01065,+80.186,0,208.4,0.0
20.372285,3,1,0.231377,0.231377,0.2490,-0.01762,1,1,0.0260,1,1,+0.51587,+0.11014,0.06236,199.83,+0.51587,+0.51587,-0.00000,+0.11014,0.06236,1.0000,1,0,0,0,0.0000,+0.00000,+0.00000,0.0000,+0.000,+0.000,1.0000,0,1.0000,0,1,+5.000,+0.000,+5.000,-0.05000,+48.115,-0.00000,+0.00,+0.00000,1,+0.34985,+0.32666,0.01065,+80.318,0,208.4,0.0
20.376607,3,1,0.231377,0.231377,0.2490,-0.01762,1,1,0.0260,1,1,+0.51587,+0.11014,0.06236,199.83,+0.51587,+0.51587,-0.00000,+0.11014,0.06236,1.0000,1,0,0,0,0.0000,+0.00000,+0.00000,0.0000,+0.000,+0.000,1.0000,0,1.0000,0,1,+5.000,+0.000,+5.000,-0.05000,+48.115,-0.00000,+0.00,+0.00000,1,+0.34985,+0.32666,0.01065,+80.318,0,208.4,0.0
20.381122,3,1,0.231377,0.231377,0.2490,-0.01762,1,1,0.0260,1,1,+0.51587,+0.11014,0.06236,199.83,+0.51587,+0.51587,-0.00000,+0.11014,0.06236,1.0000,1,0,0,0,0.0000,+0.00000,+0.00000,0.0000,+0.000,+0.000,1.0000,0,1.0000,0,1,+5.000,+0.000,+5.000,-0.05000,+48.368,-0.00000,+0.00,+0.00000,1,+0.34985,+0.32666,0.01065,+80.405,0,208.4,0.0
20.385801,3,1,0.231377,0.231377,0.2490,-0.01762,1,1,0.0260,1,1,+0.51587,+0.11014,0.06236,199.83,+0.51587,+0.51587,-0.00000,+0.11014,0.06236,1.0000,1,0,0,0,0.0000,+0.00000,+0.00000,0.0000,+0.000,+0.000,1.0000,0,1.0000,0,1,+5.000,+0.000,+5.000,-0.05000,+48.368,-0.00000,+0.00,+0.00000,1,+0.34985,+0.32666,0.01065,+80.405,0,208.4,0.0
20.390504,4,1,0.231377,0.231377,0.2490,-0.01762,1,1,0.0260,1,1,+0.51587,+0.11014,0.06236,199.83,+0.51587,+0.51587,-0.00000,+0.11014,0.06236,1.0000,1,0,0,0,0.0000,+0.00000,+0.00000,0.0000,+0.000,+0.000,1.0000,0,1.0000,0,1,+5.000,+0.000,+5.000,-0.05000,+48.710,-0.00000,+0.00,+0.00000,1,+0.34985,+0.32666,0.01065,+80.521,0,208.4,0.0
20.396549,4,1,0.231377,0.231377,0.2490,-0.01762,1,1,0.0260,1,1,+0.51587,+0.11014,0.06236,199.83,+0.51587,+0.51587,-0.00000,+0.11014,0.06236,1.0000,1,0,0,0,0.0000,+0.00000,+0.00000,0.0000,+0.000,+0.000,1.0000,0,1.0000,0,1,+5.000,+0.000,+5.000,-0.05000,+48.998,-0.00000,+0.00,+0.00000,1,+0.34985,+0.32666,0.01065,+80.617,0,208.4,0.0
20.401378,4,1,0.231377,0.231377,0.2490,-0.01762,1,1,0.0260,1,1,+0.51587,+0.11014,0.06236,199.83,+0.51587,+0.51587,-0.00000,+0.11014,0.06236,1.0000,1,0,0,0,0.0000,+0.00000,+0.00000,0.0000,+0.000,+0.000,1.0000,0,1.0000,0,1,+5.000,+0.000,+5.000,-0.05000,+48.998,-0.00000,+0.00,+0.00000,1,+0.34985,+0.32666,0.01065,+80.617,0,208.4,0.0
20.405963,4,1,0.231377,0.231377,0.2490,-0.01762,1,1,0.0260,1,1,+0.51587,+0.11014,0.06236,199.83,+0.51587,+0.51587,-0.00000,+0.11014,0.06236,1.0000,1,0,0,0,0.0000,+0.00000,+0.00000,0.0000,+0.000,+0.000,1.0000,0,1.0000,0,1,+5.000,+0.000,+5.000,-0.05000,+49.397,-0.00000,+0.00,+0.00000,1,+0.34985,+0.32666,0.01065,+80.749,0,208.4,0.0
20.410490,4,1,0.231377,0.231377,0.2490,-0.01762,1,1,0.0260,1,1,+0.51587,+0.11014,0.06236,199.83,+0.51587,+0.51587,-0.00000,+0.11014,0.06236,1.0000,1,0,0,0,0.0000,+0.00000,+0.00000,0.0000,+0.000,+0.000,1.0000,0,1.0000,0,1,+5.000,+0.000,+5.000,-0.05000,+49.397,-0.00000,+0.00,+0.00000,1,+0.34985,+0.32666,0.01065,+80.749,0,208.4,0.0
20.415011,4,1,0.231377,0.231377,0.2490,-0.01762,1,1,0.0260,1,1,+0.51587,+0.11014,0.06236,199.83,+0.51587,+0.51587,-0.00000,+0.11014,0.06236,1.0000,1,0,0,0,0.0000,+0.00000,+0.00000,0.0000,+0.000,+0.000,1.0000,0,1.0000,0,1,+5.000,+0.000,+5.000,-0.05000,+49.710,-0.00000,+0.00,+0.00000,1,+0.34985,+0.32666,0.01065,+80.852,0,208.4,0.0
20.419796,4,1,0.231377,0.231377,0.2490,-0.01762,1,1,0.0260,1,1,+0.51587,+0.11014,0.06236,199.83,+0.51587,+0.51587,-0.00000,+0.11014,0.06236,1.0000,1,0,0,0,0.0000,+0.00000,+0.00000,0.0000,+0.000,+0.000,1.0000,0,1.0000,0,1,+5.000,+0.000,+5.000,-0.05000,+49.710,-0.00000,+0.00,+0.00000,1,+0.34985,+0.32666,0.01065,+80.852,0,208.4,0.0
20.424266,4,1,0.231377,0.231377,0.2490,-0.01762,1,1,0.0260,1,1,+0.51587,+0.11014,0.06236,199.83,+0.51587,+0.51587,-0.00000,+0.11014,0.06236,1.0000,1,0,0,0,0.0000,+0.00000,+0.00000,0.0000,+0.000,+0.000,1.0000,0,1.0000,0,1,+5.000,+0.000,+5.000,-0.05000,+50.018,-0.00000,+0.00,+0.00000,1,+0.34985,+0.32666,0.01065,+80.952,0,208.4,0.0
20.428713,4,1,0.231377,0.231377,0.2490,-0.01762,1,1,0.0260,1,1,+0.51587,+0.11014,0.06236,199.83,+0.51587,+0.51587,-0.00000,+0.11014,0.06236,1.0000,1,0,0,0,0.0000,+0.00000,+0.00000,0.0000,+0.000,+0.000,1.0000,0,1.0000,0,1,+5.000,+0.000,+5.000,-0.05000,+50.018,-0.00000,+0.00,+0.00000,1,+0.34985,+0.32666,0.01065,+80.952,0,208.4,0.0
20.433129,4,1,0.231377,0.231377,0.2490,-0.01762,1,1,0.0260,1,1,+0.51587,+0.11014,0.06236,199.83,+0.51587,+0.51587,-0.00000,+0.11014,0.06236,1.0000,1,0,0,0,0.0000,+0.00000,+0.00000,0.0000,+0.000,+0.000,1.0000,0,1.0000,0,1,+5.000,+0.000,+5.000,-0.05000,+50.358,-0.00000,+0.00,+0.00000,1,+0.34985,+0.32666,0.01065,+81.061,0,208.4,0.0
20.438368,4,1,0.231377,0.231377,0.2490,-0.01762,1,1,0.0260,1,1,+0.51587,+0.11014,0.06236,199.83,+0.51587,+0.51587,-0.00000,+0.11014,0.06236,1.0000,1,0,0,0,0.0000,+0.00000,+0.00000,0.0000,+0.000,+0.000,1.0000,0,1.0000,0,1,+5.000,+0.000,+5.000,-0.05000,+50.358,-0.00000,+0.00,+0.00000,1,+0.34985,+0.32666,0.01065,+81.061,0,208.4,0.0
20.443039,4,1,0.231377,0.231377,0.2490,-0.01762,1,1,0.0260,1,1,+0.51587,+0.11014,0.06236,199.83,+0.51587,+0.51587,-0.00000,+0.11014,0.06236,1.0000,1,0,0,0,0.0000,+0.00000,+0.00000,0.0000,+0.000,+0.000,1.0000,0,1.0000,0,1,+5.000,+0.000,+5.000,-0.05000,+50.732,-0.00000,+0.00,+0.00000,1,+0.34985,+0.32666,0.01065,+81.181,0,208.4,0.0
20.447711,4,1,0.231377,0.231377,0.2490,-0.01762,1,1,0.0260,1,1,+0.51587,+0.11014,0.06236,199.83,+0.51587,+0.51587,-0.00000,+0.11014,0.06236,1.0000,1,0,0,0,0.0000,+0.00000,+0.00000,0.0000,+0.000,+0.000,1.0000,0,1.0000,0,1,+5.000,+0.000,+5.000,-0.05000,+51.072,-0.00000,+0.00,+0.00000,1,+0.34985,+0.32666,0.01065,+81.288,0,208.4,0.0
20.452307,4,1,0.231377,0.231377,0.2490,-0.01762,1,1,0.0260,1,1,+0.51587,+0.11014,0.06236,199.83,+0.51587,+0.51587,-0.00000,+0.11014,0.06236,1.0000,1,0,0,0,0.0000,+0.00000,+0.00000,0.0000,+0.000,+0.000,1.0000,0,1.0000,0,1,+5.000,+0.000,+5.000,-0.05000,+51.072,-0.00000,+0.00,+0.00000,1,+0.34985,+0.32666,0.01065,+81.288,0,208.4,0.0
20.458265,4,1,0.231377,0.231377,0.2490,-0.01762,1,1,0.0260,1,1,+0.51587,+0.11014,0.06236,199.83,+0.51587,+0.51587,-0.00000,+0.11014,0.06236,1.0000,1,0,0,0,0.0000,+0.00000,+0.00000,0.0000,+0.000,+0.000,1.0000,0,1.0000,0,1,+5.000,+0.000,+5.000,-0.05000,+51.444,-0.00000,+0.00,+0.00000,1,+0.34985,+0.32666,0.01065,+81.404,0,208.4,0.0
20.462957,4,1,0.231377,0.231377,0.2490,-0.01762,1,1,0.0260,1,1,+0.51587,+0.11014,0.06236,199.83,+0.51587,+0.51587,-0.00000,+0.11014,0.06236,1.0000,1,0,0,0,0.0000,+0.00000,+0.00000,0.0000,+0.000,+0.000,1.0000,0,1.0000,0,1,+5.000,+0.000,+5.000,-0.05000,+51.444,-0.00000,+0.00,+0.00000,1,+0.34985,+0.32666,0.01065,+81.404,0,208.4,0.0
20.467499,4,1,0.231377,0.231377,0.2490,-0.01762,1,1,0.0260,1,1,+0.51587,+0.11014,0.06236,199.83,+0.51587,+0.51587,-0.00000,+0.11014,0.06236,1.0000,1,0,0,0,0.0000,+0.00000,+0.00000,0.0000,+0.000,+0.000,1.0000,0,1.0000,0,1,+5.000,+0.000,+5.000,-0.05000,+51.783,-0.00000,+0.00,+0.00000,1,+0.34985,+0.32666,0.01065,+81.508,0,208.4,0.0
20.471812,4,1,0.231377,0.231377,0.2490,-0.01762,1,1,0.0260,1,1,+0.51587,+0.11014,0.06236,199.83,+0.51587,+0.51587,-0.00000,+0.11014,0.06236,1.0000,1,0,0,0,0.0000,+0.00000,+0.00000,0.0000,+0.000,+0.000,1.0000,0,1.0000,0,1,+5.000,+0.000,+5.000,-0.05000,+51.783,-0.00000,+0.00,+0.00000,1,+0.34985,+0.32666,0.01065,+81.508,0,208.4,0.0
20.476324,4,1,0.231377,0.231377,0.2490,-0.01762,1,1,0.0260,1,1,+0.51587,+0.11014,0.06236,199.83,+0.51587,+0.51587,-0.00000,+0.11014,0.06236,1.0000,1,0,0,0,0.0000,+0.00000,+0.00000,0.0000,+0.000,+0.000,1.0000,0,1.0000,0,1,+5.000,+0.000,+5.000,-0.05000,+52.155,-0.00000,+0.00,+0.00000,1,+0.34985,+0.32666,0.01065,+81.622,0,208.4,0.0
20.480929,4,1,0.231377,0.231377,0.2490,-0.01762,1,1,0.0260,1,1,+0.51587,+0.11014,0.06236,199.83,+0.51587,+0.51587,-0.00000,+0.11014,0.06236,1.0000,1,0,0,0,0.0000,+0.00000,+0.00000,0.0000,+0.000,+0.000,1.0000,0,1.0000,0,1,+5.000,+0.000,+5.000,-0.05000,+52.155,-0.00000,+0.00,+0.00000,1,+0.34985,+0.32666,0.01065,+81.622,0,208.4,0.0
20.485622,4,1,0.231377,0.231377,0.2490,-0.01762,1,1,0.0260,1,1,+0.51587,+0.11014,0.06236,199.83,+0.51587,+0.51587,-0.00000,+0.11014,0.06236,1.0000,1,0,0,0,0.0000,+0.00000,+0.00000,0.0000,+0.000,+0.000,1.0000,0,1.0000,0,1,+5.000,+0.000,+5.000,-0.05000,+52.530,-0.00000,+0.00,+0.00000,1,+0.34985,+0.32666,0.01065,+81.736,0,208.4,0.0
20.490358,4,1,0.231377,0.231377,0.2490,-0.01762,1,1,0.0260,1,1,+0.51587,+0.11014,0.06236,199.83,+0.51587,+0.51587,-0.00000,+0.11014,0.06236,1.0000,1,0,0,0,0.0000,+0.00000,+0.00000,0.0000,+0.000,+0.000,1.0000,0,1.0000,0,1,+5.000,+0.000,+5.000,-0.05000,+52.892,-0.00000,+0.00,+0.00000,1,+0.34985,+0.32666,0.01065,+81.844,0,208.4,0.0
20.494898,4,1,0.231377,0.231377,0.2490,-0.01762,1,1,0.0260,1,1,+0.51587,+0.11014,0.06236,199.83,+0.51587,+0.51587,-0.00000,+0.11014,0.06236,1.0000,1,0,0,0,0.0000,+0.00000,+0.00000,0.0000,+0.000,+0.000,1.0000,0,1.0000,0,1,+5.000,+0.000,+5.000,-0.05000,+52.892,-0.00000,+0.00,+0.00000,1,+0.34985,+0.32666,0.01065,+81.844,0,208.4,0.0
20.499348,4,1,0.231377,0.231377,0.2490,-0.01762,1,1,0.0260,1,1,+0.51587,+0.11014,0.06236,199.83,+0.51587,+0.51587,-0.00000,+0.11014,0.06236,1.0000,1,0,0,0,0.0000,+0.00000,+0.00000,0.0000,+0.000,+0.000,1.0000,0,1.0000,0,1,+5.000,+0.000,+5.000,-0.05000,+53.262,-0.00000,+0.00,+0.00000,1,+0.34985,+0.32666,0.01065,+81.954,0,208.4,0.0
20.504002,4,1,0.231377,0.231377,0.2490,-0.01762,1,1,0.0260,1,1,+0.51587,+0.11014,0.06236,199.83,+0.51587,+0.51587,-0.00000,+0.11014,0.06236,1.0000,1,0,0,0,0.0000,+0.00000,+0.00000,0.0000,+0.000,+0.000,1.0000,0,1.0000,0,1,+5.000,+0.000,+5.000,-0.05000,+53.262,-0.00000,+0.00,+0.00000,1,+0.34985,+0.32666,0.01065,+81.954,0,208.4,0.0
20.508376,4,1,0.231377,0.231377,0.2490,-0.01762,1,1,0.0260,1,1,+0.51587,+0.11014,0.06236,199.83,+0.51587,+0.51587,-0.00000,+0.11014,0.06236,1.0000,1,0,0,0,0.0000,+0.00000,+0.00000,0.0000,+0.000,+0.000,1.0000,0,1.0000,0,1,+5.000,+0.000,+5.000,-0.05000,+53.553,-0.00000,+0.00,+0.00000,1,+0.34985,+0.32666,0.01065,+82.039,0,208.4,0.0
20.512961,4,1,0.231377,0.231377,0.2490,-0.01762,1,1,0.0260,1,1,+0.51587,+0.11014,0.06236,199.83,+0.51587,+0.51587,-0.00000,+0.11014,0.06236,1.0000,1,0,0,0,0.0000,+0.00000,+0.00000,0.0000,+0.000,+0.000,1.0000,0,1.0000,0,1,+5.000,+0.000,+5.000,-0.05000,+53.553,-0.00000,+0.00,+0.00000,1,+0.34985,+0.32666,0.01065,+82.039,0,208.4,0.0
20.517436,4,1,0.231377,0.231377,0.2490,-0.01762,1,1,0.0260,1,1,+0.51587,+0.11014,0.06236,199.83,+0.51587,+0.51587,-0.00000,+0.11014,0.06236,1.0000,1,0,0,0,0.0000,+0.00000,+0.00000,0.0000,+0.000,+0.000,1.0000,0,1.0000,0,1,+5.000,+0.000,+5.000,-0.05000,+53.967,-0.00000,+0.00,+0.00000,1,+0.34985,+0.32666,0.01065,+82.160,0,208.4,0.0
20.523583,4,1,0.231377,0.231377,0.2490,-0.01762,1,1,0.0260,1,1,+0.51587,+0.11014,0.06236,199.83,+0.51587,+0.51587,-0.00000,+0.11014,0.06236,1.0000,1,0,0,0,0.0000,+0.00000,+0.00000,0.0000,+0.000,+0.000,1.0000,0,1.0000,0,1,+5.000,+0.000,+5.000,-0.05000,+54.308,-0.00000,+0.00,+0.00000,1,+0.34985,+0.32666,0.01065,+82.258,0,208.4,0.0
20.528148,4,1,0.231377,0.231377,0.2490,-0.01762,1,1,0.0260,1,1,+0.51587,+0.11014,0.06236,199.83,+0.51587,+0.51587,-0.00000,+0.11014,0.06236,1.0000,1,0,0,0,0.0000,+0.00000,+0.00000,0.0000,+0.000,+0.000,1.0000,0,1.0000,0,1,+5.000,+0.000,+5.000,-0.05000,+54.308,-0.00000,+0.00,+0.00000,1,+0.34985,+0.32666,0.01065,+82.258,0,208.4,0.0
20.532723,4,1,0.231377,0.231377,0.2490,-0.01762,1,1,0.0260,1,1,+0.51587,+0.11014,0.06236,199.83,+0.51587,+0.51587,-0.00000,+0.11014,0.06236,1.0000,1,0,0,0,0.0000,+0.00000,+0.00000,0.0000,+0.000,+0.000,1.0000,0,1.0000,0,1,+5.000,+0.000,+5.000,-0.05000,+54.704,-0.00000,+0.00,+0.00000,1,+0.34985,+0.32666,0.01065,+82.371,0,208.4,0.0
20.537277,4,1,0.231377,0.231377,0.2490,-0.01762,1,1,0.0260,1,1,+0.51587,+0.11014,0.06236,199.83,+0.51587,+0.51587,-0.00000,+0.11014,0.06236,1.0000,1,0,0,0,0.0000,+0.00000,+0.00000,0.0000,+0.000,+0.000,1.0000,0,1.0000,0,1,+5.000,+0.000,+5.000,-0.05000,+54.704,-0.00000,+0.00,+0.00000,1,+0.34985,+0.32666,0.01065,+82.371,0,208.4,0.0
20.541847,4,1,0.231377,0.231377,0.2490,-0.01762,1,1,0.0260,1,1,+0.51587,+0.11014,0.06236,199.83,+0.51587,+0.51587,-0.00000,+0.11014,0.06236,1.0000,1,0,0,0,0.0000,+0.00000,+0.00000,0.0000,+0.000,+0.000,1.0000,0,1.0000,0,1,+5.000,+0.000,+5.000,-0.05000,+55.089,-0.00000,+0.00,+0.00000,1,+0.34985,+0.32666,0.01065,+82.480,0,208.4,0.0
20.546409,4,1,0.231377,0.231377,0.2490,-0.01762,1,1,0.0260,1,1,+0.51587,+0.11014,0.06236,199.83,+0.51587,+0.51587,-0.00000,+0.11014,0.06236,1.0000,1,0,0,0,0.0000,+0.00000,+0.00000,0.0000,+0.000,+0.000,1.0000,0,1.0000,0,1,+5.000,+0.000,+5.000,-0.05000,+55.089,-0.00000,+0.00,+0.00000,1,+0.34985,+0.32666,0.01065,+82.480,0,208.4,0.0
20.550991,4,1,0.231377,0.231377,0.2490,-0.01762,1,1,0.0260,1,1,+0.51587,+0.11014,0.06236,199.83,+0.51587,+0.51587,-0.00000,+0.11014,0.06236,1.0000,1,0,0,0,0.0000,+0.00000,+0.00000,0.0000,+0.000,+0.000,1.0000,0,1.0000,0,1,+5.000,+0.000,+5.000,-0.05000,+55.480,-0.00000,+0.00,+0.00000,1,+0.34985,+0.32666,0.01065,+82.589,0,208.4,0.0
20.555568,4,1,0.231377,0.231377,0.2490,-0.01762,1,1,0.0260,1,1,+0.51587,+0.11014,0.06236,199.83,+0.51587,+0.51587,-0.00000,+0.11014,0.06236,1.0000,1,0,0,0,0.0000,+0.00000,+0.00000,0.0000,+0.000,+0.000,1.0000,0,1.0000,0,1,+5.000,+0.000,+5.000,-0.05000,+55.480,-0.00000,+0.00,+0.00000,1,+0.34985,+0.32666,0.01065,+82.589,0,208.4,0.0
20.560004,4,1,0.231377,0.231377,0.2490,-0.01762,1,1,0.0260,1,1,+0.51587,+0.11014,0.06236,199.83,+0.51587,+0.51587,-0.00000,+0.11014,0.06236,1.0000,1,0,0,0,0.0000,+0.00000,+0.00000,0.0000,+0.000,+0.000,1.0000,0,1.0000,0,1,+5.000,+0.000,+5.000,-0.05000,+55.884,-0.00000,+0.00,+0.00000,1,+0.34985,+0.32666,0.01065,+82.701,0,208.4,0.0
20.564559,4,1,0.231377,0.231377,0.2490,-0.01762,1,1,0.0260,1,1,+0.51587,+0.11014,0.06236,199.83,+0.51587,+0.51587,-0.00000,+0.11014,0.06236,1.0000,1,0,0,0,0.0000,+0.00000,+0.00000,0.0000,+0.000,+0.000,1.0000,0,1.0000,0,1,+5.000,+0.000,+5.000,-0.05000,+55.884,-0.00000,+0.00,+0.00000,1,+0.34985,+0.32666,0.01065,+82.701,0,208.4,0.0
20.569257,4,1,0.231377,0.231377,0.2490,-0.01762,1,1,0.0260,1,1,+0.51587,+0.11014,0.06236,199.83,+0.51587,+0.51587,-0.00000,+0.11014,0.06236,1.0000,1,0,0,0,0.0000,+0.00000,+0.00000,0.0000,+0.000,+0.000,1.0000,0,1.0000,0,1,+5.000,+0.000,+5.000,-0.05000,+56.305,-0.00000,+0.00,+0.00000,1,+0.34985,+0.32666,0.01065,+82.817,0,208.4,0.0
20.573901,4,1,0.231377,0.231377,0.2490,-0.01762,1,1,0.0260,1,1,+0.51587,+0.11014,0.06236,199.83,+0.51587,+0.51587,-0.00000,+0.11014,0.06236,1.0000,1,0,0,0,0.0000,+0.00000,+0.00000,0.0000,+0.000,+0.000,1.0000,0,1.0000,0,1,+5.000,+0.000,+5.000,-0.05000,+56.305,-0.00000,+0.00,+0.00000,1,+0.34985,+0.32666,0.01065,+82.817,0,208.4,0.0
20.578801,4,1,0.231377,0.231377,0.2490,-0.01762,1,1,0.0260,1,1,+0.51587,+0.11014,0.06236,199.83,+0.51587,+0.51587,-0.00000,+0.11014,0.06236,1.0000,1,0,0,0,0.0000,+0.00000,+0.00000,0.0000,+0.000,+0.000,1.0000,0,1.0000,0,1,+5.000,+0.000,+5.000,-0.05000,+56.703,-0.00000,+0.00,+0.00000,1,+0.34985,+0.32666,0.01065,+82.925,0,208.4,0.0
20.583742,4,1,0.231377,0.231377,0.2490,-0.01762,1,1,0.0260,1,1,+0.51587,+0.11014,0.06236,199.83,+0.51587,+0.51587,-0.00000,+0.11014,0.06236,1.0000,1,0,0,0,0.0000,+0.00000,+0.00000,0.0000,+0.000,+0.000,1.0000,0,1.0000,0,1,+5.000,+0.000,+5.000,-0.05000,+57.082,-0.00000,+0.00,+0.00000,1,+0.34985,+0.32666,0.01065,+83.027,0,208.4,0.0
20.588317,4,1,0.231377,0.231377,0.2490,-0.01762,1,1,0.0260,1,1,+0.51587,+0.11014,0.06236,199.83,+0.51587,+0.51587,-0.00000,+0.11014,0.06236,1.0000,1,0,0,0,0.0000,+0.00000,+0.00000,0.0000,+0.000,+0.000,1.0000,0,1.0000,0,1,+5.000,+0.000,+5.000,-0.05000,+57.082,-0.00000,+0.00,+0.00000,1,+0.34985,+0.32666,0.01065,+83.027,0,208.4,0.0
20.592566,4,1,0.231377,0.231377,0.2490,-0.01762,1,1,0.0260,1,1,+0.51587,+0.11014,0.06236,199.83,+0.51587,+0.51587,-0.00000,+0.11014,0.06236,1.0000,1,0,0,0,0.0000,+0.00000,+0.00000,0.0000,+0.000,+0.000,1.0000,0,1.0000,0,1,+5.000,+0.000,+5.000,-0.05000,+57.481,-0.00000,+0.00,+0.00000,1,+0.34985,+0.32666,0.01065,+83.134,0,208.4,0.0
20.596841,4,1,0.231377,0.231377,0.2490,-0.01762,1,1,0.0260,1,1,+0.51587,+0.11014,0.06236,199.83,+0.51587,+0.51587,-0.00000,+0.11014,0.06236,1.0000,1,0,0,0,0.0000,+0.00000,+0.00000,0.0000,+0.000,+0.000,1.0000,0,1.0000,0,1,+5.000,+0.000,+5.000,-0.05000,+57.481,-0.00000,+0.00,+0.00000,1,+0.34985,+0.32666,0.01065,+83.134,0,208.4,0.0
20.602571,4,1,0.231377,0.231377,0.2490,-0.01762,1,1,0.0260,1,1,+0.51587,+0.11014,0.06236,199.83,+0.51587,+0.51587,-0.00000,+0.11014,0.06236,1.0000,1,0,0,0,0.0000,+0.00000,+0.00000,0.0000,+0.000,+0.000,1.0000,0,1.0000,0,1,+5.000,+0.000,+5.000,-0.05000,+57.885,-0.00000,+0.00,+0.00000,1,+0.34985,+0.32666,0.01065,+83.240,0,208.4,0.0
20.608506,4,1,0.231377,0.231377,0.2490,-0.01762,1,1,0.0260,1,1,+0.51587,+0.11014,0.06236,199.83,+0.51587,+0.51587,-0.00000,+0.11014,0.06236,1.0000,1,0,0,0,0.0000,+0.00000,+0.00000,0.0000,+0.000,+0.000,1.0000,0,1.0000,0,1,+5.000,+0.000,+5.000,-0.05000,+57.885,-0.00000,+0.00,+0.00000,1,+0.34985,+0.32666,0.01065,+83.240,0,208.4,0.0
20.613767,4,1,0.231377,0.231377,0.2490,-0.01762,1,1,0.0260,1,1,+0.51587,+0.11014,0.06236,199.83,+0.51587,+0.51587,-0.00000,+0.11014,0.06236,1.0000,1,0,0,0,0.0000,+0.00000,+0.00000,0.0000,+0.000,+0.000,1.0000,0,1.0000,0,1,+5.000,+0.000,+5.000,-0.05000,+58.417,-0.00000,+0.00,+0.00000,1,+0.34985,+0.32666,0.01065,+83.380,0,208.4,0.0
20.618535,4,1,0.231377,0.231377,0.2490,-0.01762,1,1,0.0260,1,1,+0.51587,+0.11014,0.06236,199.83,+0.51587,+0.51587,-0.00000,+0.11014,0.06236,1.0000,1,0,0,0,0.0000,+0.00000,+0.00000,0.0000,+0.000,+0.000,1.0000,0,1.0000,0,1,+5.000,+0.000,+5.000,-0.05000,+58.806,-0.00000,+0.00,+0.00000,1,+0.34985,+0.32666,0.01065,+83.480,0,208.4,0.0
20.623275,4,1,0.231377,0.231377,0.2490,-0.01762,1,1,0.0260,1,1,+0.51587,+0.11014,0.06236,199.83,+0.51587,+0.51587,-0.00000,+0.11014,0.06236,1.0000,1,0,0,0,0.0000,+0.00000,+0.00000,0.0000,+0.000,+0.000,1.0000,0,1.0000,0,1,+5.000,+0.000,+5.000,-0.05000,+58.806,-0.00000,+0.00,+0.00000,1,+0.34985,+0.32666,0.01065,+83.480,0,208.4,0.0
20.627661,4,1,0.231377,0.231377,0.2490,-0.01762,1,1,0.0260,1,1,+0.51587,+0.11014,0.06236,199.83,+0.51587,+0.51587,-0.00000,+0.11014,0.06236,1.0000,1,0,0,0,0.0000,+0.00000,+0.00000,0.0000,+0.000,+0.000,1.0000,0,1.0000,0,1,+5.000,+0.000,+5.000,-0.05000,+59.218,-0.00000,+0.00,+0.00000,1,+0.34985,+0.32666,0.01065,+83.586,0,208.4,0.0
20.632410,4,1,0.231377,0.231377,0.2490,-0.01762,1,1,0.0260,1,1,+0.51587,+0.11014,0.06236,199.83,+0.51587,+0.51587,-0.00000,+0.11014,0.06236,1.0000,1,0,0,0,0.0000,+0.00000,+0.00000,0.0000,+0.000,+0.000,1.0000,0,1.0000,0,1,+5.000,+0.000,+5.000,-0.05000,+59.218,-0.00000,+0.00,+0.00000,1,+0.34985,+0.32666,0.01065,+83.586,0,208.4,0.0
20.636992,4,1,0.231377,0.231377,0.2490,-0.01762,1,1,0.0260,1,1,+0.51587,+0.11014,0.06236,199.83,+0.51587,+0.51587,-0.00000,+0.11014,0.06236,1.0000,1,0,0,0,0.0000,+0.00000,+0.00000,0.0000,+0.000,+0.000,1.0000,0,1.0000,0,1,+5.000,+0.000,+5.000,-0.05000,+59.657,-0.00000,+0.00,+0.00000,1,+0.34985,+0.32666,0.01065,+83.698,0,208.4,0.0
20.641532,4,1,0.231377,0.231377,0.2490,-0.01762,1,1,0.0260,1,1,+0.51587,+0.11014,0.06236,199.83,+0.51587,+0.51587,-0.00000,+0.11014,0.06236,1.0000,1,0,0,0,0.0000,+0.00000,+0.00000,0.0000,+0.000,+0.000,1.0000,0,1.0000,0,1,+5.000,+0.000,+5.000,-0.05000,+59.657,-0.00000,+0.00,+0.00000,1,+0.34985,+0.32666,0.01065,+83.698,0,208.4,0.0
20.646600,4,1,0.231377,0.231377,0.2490,-0.01762,1,1,0.0260,1,1,+0.51587,+0.11014,0.06236,199.83,+0.51587,+0.51587,-0.00000,+0.11014,0.06236,1.0000,1,0,0,0,0.0000,+0.00000,+0.00000,0.0000,+0.000,+0.000,1.0000,0,1.0000,0,1,+5.000,+0.000,+5.000,-0.05000,+60.076,-0.00000,+0.00,+0.00000,1,+0.34985,+0.32666,0.01065,+83.804,0,208.4,0.0
20.651191,4,1,0.231377,0.231377,0.2490,-0.01762,1,1,0.0260,1,1,+0.51587,+0.11014,0.06236,199.83,+0.51587,+0.51587,-0.00000,+0.11014,0.06236,1.0000,1,0,0,0,0.0000,+0.00000,+0.00000,0.0000,+0.000,+0.000,1.0000,0,1.0000,0,1,+5.000,+0.000,+5.000,-0.05000,+60.469,-0.00000,+0.00,+0.00000,1,+0.34985,+0.32666,0.01065,+83.902,0,208.4,0.0
20.655654,4,1,0.231377,0.231377,0.2490,-0.01762,1,1,0.0260,1,1,+0.51587,+0.11014,0.06236,199.83,+0.51587,+0.51587,-0.00000,+0.11014,0.06236,1.0000,1,0,0,0,0.0000,+0.00000,+0.00000,0.0000,+0.000,+0.000,1.0000,0,1.0000,0,1,+5.000,+0.000,+5.000,-0.05000,+60.469,-0.00000,+0.00,+0.00000,1,+0.34985,+0.32666,0.01065,+83.902,0,208.4,0.0
20.660257,4,1,0.231377,0.231377,0.2490,-0.01762,1,1,0.0260,1,1,+0.51587,+0.11014,0.06236,199.83,+0.51587,+0.51587,-0.00000,+0.11014,0.06236,1.0000,1,0,0,0,0.0000,+0.00000,+0.00000,0.0000,+0.000,+0.000,1.0000,0,1.0000,0,1,+5.000,+0.000,+5.000,-0.05000,+60.881,-0.00000,+0.00,+0.00000,1,+0.34985,+0.32666,0.01065,+84.004,0,208.4,0.0
20.666056,4,1,0.231377,0.231377,0.2490,-0.01762,1,1,0.0260,1,1,+0.51587,+0.11014,0.06236,199.83,+0.51587,+0.51587,-0.00000,+0.11014,0.06236,1.0000,1,0,0,0,0.0000,+0.00000,+0.00000,0.0000,+0.000,+0.000,1.0000,0,1.0000,0,1,+5.000,+0.000,+5.000,-0.05000,+60.881,-0.00000,+0.00,+0.00000,1,+0.34985,+0.32666,0.01065,+84.004,0,208.4,0.0
20.670475,4,1,0.231377,0.231377,0.2490,-0.01762,1,1,0.0260,1,1,+0.51587,+0.11014,0.06236,199.83,+0.51587,+0.51587,-0.00000,+0.11014,0.06236,1.0000,1,0,0,0,0.0000,+0.00000,+0.00000,0.0000,+0.000,+0.000,1.0000,0,1.0000,0,1,+5.000,+0.000,+5.000,-0.05000,+61.417,-0.00000,+0.00,+0.00000,1,+0.34985,+0.32666,0.01065,+84.136,0,208.4,0.0
20.675069,4,1,0.231377,0.231377,0.2490,-0.01762,1,1,0.0260,1,1,+0.51587,+0.11014,0.06236,199.83,+0.51587,+0.51587,-0.00000,+0.11014,0.06236,1.0000,1,0,0,0,0.0000,+0.00000,+0.00000,0.0000,+0.000,+0.000,1.0000,0,1.0000,0,1,+5.000,+0.000,+5.000,-0.05000,+61.417,-0.00000,+0.00,+0.00000,1,+0.34985,+0.32666,0.01065,+84.136,0,208.4,0.0
20.679508,4,1,0.231377,0.231377,0.2490,-0.01762,1,1,0.0260,1,1,+0.51587,+0.11014,0.06236,199.83,+0.51587,+0.51587,-0.00000,+0.11014,0.06236,1.0000,1,0,0,0,0.0000,+0.00000,+0.00000,0.0000,+0.000,+0.000,1.0000,0,1.0000,0,1,+5.000,+0.000,+5.000,-0.05000,+61.841,-0.00000,+0.00,+0.00000,1,+0.34985,+0.32666,0.01065,+84.239,0,208.4,0.0
20.684050,4,1,0.231377,0.231377,0.2490,-0.01762,1,1,0.0260,1,1,+0.51587,+0.11014,0.06236,199.83,+0.51587,+0.51587,-0.00000,+0.11014,0.06236,1.0000,1,0,0,0,0.0000,+0.00000,+0.00000,0.0000,+0.000,+0.000,1.0000,0,1.0000,0,1,+5.000,+0.000,+5.000,-0.05000,+61.841,-0.00000,+0.00,+0.00000,1,+0.34985,+0.32666,0.01065,+84.239,0,208.4,0.0
20.688581,4,1,0.231377,0.231377,0.2490,-0.01762,1,1,0.0260,1,1,+0.51587,+0.11014,0.06236,199.83,+0.51587,+0.51587,-0.00000,+0.11014,0.06236,1.0000,1,0,0,0,0.0000,+0.00000,+0.00000,0.0000,+0.000,+0.000,1.0000,0,1.0000,0,1,+5.000,+0.000,+5.000,-0.05000,+62.334,-0.00000,+0.00,+0.00000,1,+0.34985,+0.32666,0.01065,+84.358,0,208.4,0.0
20.693129,4,1,0.231377,0.231377,0.2490,-0.01762,1,1,0.0260,1,1,+0.51587,+0.11014,0.06236,199.83,+0.51587,+0.51587,-0.00000,+0.11014,0.06236,1.0000,1,0,0,0,0.0000,+0.00000,+0.00000,0.0000,+0.000,+0.000,1.0000,0,1.0000,0,1,+5.000,+0.000,+5.000,-0.05000,+62.763,-0.00000,+0.00,+0.00000,1,+0.34985,+0.32666,0.01065,+84.461,0,208.4,0.0
20.698084,4,1,0.231377,0.231377,0.2490,-0.01762,1,1,0.0260,1,1,+0.51587,+0.11014,0.06236,199.83,+0.51587,+0.51587,-0.00000,+0.11014,0.06236,1.0000,1,0,0,0,0.0000,+0.00000,+0.00000,0.0000,+0.000,+0.000,1.0000,0,1.0000,0,1,+5.000,+0.000,+5.000,-0.05000,+62.763,-0.00000,+0.00,+0.00000,1,+0.34985,+0.32666,0.01065,+84.461,0,208.4,0.0
20.702752,4,1,0.231377,0.231377,0.2490,-0.01762,1,1,0.0260,1,1,+0.51587,+0.11014,0.06236,199.83,+0.51587,+0.51587,-0.00000,+0.11014,0.06236,1.0000,1,0,0,0,0.0000,+0.00000,+0.00000,0.0000,+0.000,+0.000,1.0000,0,1.0000,0,1,+5.000,+0.000,+5.000,-0.05000,+62.763,-0.00000,+0.00,+0.00000,1,+0.34985,+0.32666,0.01065,+84.461,0,208.4,0.0
20.707747,4,1,0.231377,0.231377,0.2490,-0.01762,1,1,0.0260,1,1,+0.51587,+0.11014,0.06236,199.83,+0.51587,+0.51587,-0.00000,+0.11014,0.06236,1.0000,1,0,0,0,0.0000,+0.00000,+0.00000,0.0000,+0.000,+0.000,1.0000,0,1.0000,0,1,+5.000,+0.000,+5.000,-0.05000,+63.321,-0.00000,+0.00,+0.00000,1,+0.34985,+0.32666,0.01065,+84.593,0,208.4,0.0
20.712464,4,1,0.231377,0.231377,0.2490,-0.01762,1,1,0.0260,1,1,+0.51587,+0.11014,0.06236,199.83,+0.51587,+0.51587,-0.00000,+0.11014,0.06236,1.0000,1,0,0,0,0.0000,+0.00000,+0.00000,0.0000,+0.000,+0.000,1.0000,0,1.0000,0,1,+5.000,+0.000,+5.000,-0.05000,+63.768,-0.00000,+0.00,+0.00000,1,+0.34985,+0.32666,0.01065,+84.698,0,208.4,0.0
20.717067,4,1,0.231377,0.231377,0.2490,-0.01762,1,1,0.0260,1,1,+0.51587,+0.11014,0.06236,199.83,+0.51587,+0.51587,-0.00000,+0.11014,0.06236,1.0000,1,0,0,0,0.0000,+0.00000,+0.00000,0.0000,+0.000,+0.000,1.0000,0,1.0000,0,1,+5.000,+0.000,+5.000,-0.05000,+63.768,-0.00000,+0.00,+0.00000,1,+0.34985,+0.32666,0.01065,+84.698,0,208.4,0.0
20.721303,4,1,0.231377,0.231377,0.2490,-0.01762,1,1,0.0260,1,1,+0.51587,+0.11014,0.06236,199.83,+0.51587,+0.51587,-0.00000,+0.11014,0.06236,1.0000,1,0,0,0,0.0000,+0.00000,+0.00000,0.0000,+0.000,+0.000,1.0000,0,1.0000,0,1,+5.000,+0.000,+5.000,-0.05000,+64.225,-0.00000,+0.00,+0.00000,1,+0.34985,+0.32666,0.01065,+84.805,0,208.4,0.0
20.726016,4,1,0.231377,0.231377,0.2490,-0.01762,1,1,0.0260,1,1,+0.51587,+0.11014,0.06236,199.83,+0.51587,+0.51587,-0.00000,+0.11014,0.06236,1.0000,1,0,0,0,0.0000,+0.00000,+0.00000,0.0000,+0.000,+0.000,1.0000,0,1.0000,0,1,+5.000,+0.000,+5.000,-0.05000,+64.225,-0.00000,+0.00,+0.00000,1,+0.34985,+0.32666,0.01065,+84.805,0,208.4,0.0
20.730660,4,1,0.231377,0.231377,0.2490,-0.01762,1,1,0.0260,1,1,+0.51587,+0.11014,0.06236,199.83,+0.51587,+0.51587,-0.00000,+0.11014,0.06236,1.0000,1,0,0,0,0.0000,+0.00000,+0.00000,0.0000,+0.000,+0.000,1.0000,0,1.0000,0,1,+5.000,+0.000,+5.000,-0.05000,+64.739,-0.00000,+0.00,+0.00000,1,+0.34985,+0.32666,0.01065,+84.924,0,208.4,0.0
20.735698,4,1,0.231377,0.231377,0.2490,-0.01762,1,1,0.0260,1,1,+0.51587,+0.11014,0.06236,199.83,+0.51587,+0.51587,-0.00000,+0.11014,0.06236,1.0000,1,0,0,0,0.0000,+0.00000,+0.00000,0.0000,+0.000,+0.000,1.0000,0,1.0000,0,1,+5.000,+0.000,+5.000,-0.05000,+64.739,-0.00000,+0.00,+0.00000,1,+0.34985,+0.32666,0.01065,+84.924,0,208.4,0.0
20.740328,4,1,0.231377,0.231377,0.2490,-0.01762,1,1,0.0260,1,1,+0.51587,+0.11014,0.06236,199.83,+0.51587,+0.51587,-0.00000,+0.11014,0.06236,1.0000,1,0,0,0,0.0000,+0.00000,+0.00000,0.0000,+0.000,+0.000,1.0000,0,1.0000,0,1,+5.000,+0.000,+5.000,-0.05000,+65.239,-0.00000,+0.00,+0.00000,1,+0.34985,+0.32666,0.01065,+85.038,0,208.4,0.0
20.745195,4,1,0.231377,0.231377,0.2490,-0.01762,1,1,0.0260,1,1,+0.51587,+0.11014,0.06236,199.83,+0.51587,+0.51587,-0.00000,+0.11014,0.06236,1.0000,1,0,0,0,0.0000,+0.00000,+0.00000,0.0000,+0.000,+0.000,1.0000,0,1.0000,0,1,+5.000,+0.000,+5.000,-0.05000,+65.239,-0.00000,+0.00,+0.00000,1,+0.34985,+0.32666,0.01065,+85.038,0,208.4,0.0
20.749730,4,1,0.231377,0.231377,0.2490,-0.01762,1,1,0.0260,1,1,+0.51587,+0.11014,0.06236,199.83,+0.51587,+0.51587,-0.00000,+0.11014,0.06236,1.0000,1,0,0,0,0.0000,+0.00000,+0.00000,0.0000,+0.000,+0.000,1.0000,0,1.0000,0,1,+5.000,+0.000,+5.000,-0.05000,+65.706,-0.00000,+0.00,+0.00000,1,+0.34985,+0.32666,0.01065,+85.144,0,208.4,0.0
20.755628,4,1,0.231377,0.231377,0.2490,-0.01762,1,1,0.0260,1,1,+0.51587,+0.11014,0.06236,199.83,+0.51587,+0.51587,-0.00000,+0.11014,0.06236,1.0000,1,0,0,0,0.0000,+0.00000,+0.00000,0.0000,+0.000,+0.000,1.0000,0,1.0000,0,1,+5.000,+0.000,+5.000,-0.05000,+66.247,-0.00000,+0.00,+0.00000,1,+0.34985,+0.32666,0.01065,+85.266,0,208.4,0.0
20.760180,4,1,0.231377,0.231377,0.2490,-0.01762,1,1,0.0260,1,1,+0.51587,+0.11014,0.06236,199.83,+0.51587,+0.51587,-0.00000,+0.11014,0.06236,1.0000,1,0,0,0,0.0000,+0.00000,+0.00000,0.0000,+0.000,+0.000,1.0000,0,1.0000,0,1,+5.000,+0.000,+5.000,-0.05000,+66.247,-0.00000,+0.00,+0.00000,1,+0.34985,+0.32666,0.01065,+85.266,0,208.4,0.0
20.764719,4,1,0.231377,0.231377,0.2490,-0.01762,1,1,0.0260,1,1,+0.51587,+0.11014,0.06236,199.83,+0.51587,+0.51587,-0.00000,+0.11014,0.06236,1.0000,1,0,0,0,0.0000,+0.00000,+0.00000,0.0000,+0.000,+0.000,1.0000,0,1.0000,0,1,+5.000,+0.000,+5.000,-0.05000,+66.566,-0.00000,+0.00,+0.00000,1,+0.34985,+0.32666,0.01065,+85.338,0,208.4,0.0
20.769276,4,1,0.231377,0.231377,0.2490,-0.01762,1,1,0.0260,1,1,+0.51587,+0.11014,0.06236,199.83,+0.51587,+0.51587,-0.00000,+0.11014,0.06236,1.0000,1,0,0,0,0.0000,+0.00000,+0.00000,0.0000,+0.000,+0.000,1.0000,0,1.0000,0,1,+5.000,+0.000,+5.000,-0.05000,+66.566,-0.00000,+0.00,+0.00000,1,+0.34985,+0.32666,0.01065,+85.338,0,208.4,0.0
20.774330,4,1,0.231377,0.231377,0.2490,-0.01762,1,1,0.0260,1,1,+0.51587,+0.11014,0.06236,199.83,+0.51587,+0.51587,-0.00000,+0.11014,0.06236,1.0000,1,0,0,0,0.0000,+0.00000,+0.00000,0.0000,+0.000,+0.000,1.0000,0,1.0000,0,1,+5.000,+0.000,+5.000,-0.05000,+67.095,-0.00000,+0.00,+0.00000,1,+0.34985,+0.32666,0.01065,+85.456,0,208.4,0.0
20.778991,4,1,0.231377,0.231377,0.2490,-0.01762,1,1,0.0260,1,1,+0.51587,+0.11014,0.06236,199.83,+0.51587,+0.51587,-0.00000,+0.11014,0.06236,1.0000,1,0,0,0,0.0000,+0.00000,+0.00000,0.0000,+0.000,+0.000,1.0000,0,1.0000,0,1,+5.000,+0.000,+5.000,-0.05000,+67.095,-0.00000,+0.00,+0.00000,1,+0.34985,+0.32666,0.01065,+85.456,0,208.4,0.0
20.783558,4,1,0.231377,0.231377,0.2490,-0.01762,1,1,0.0260,1,1,+0.51587,+0.11014,0.06236,199.83,+0.51587,+0.51587,-0.00000,+0.11014,0.06236,1.0000,1,0,0,0,0.0000,+0.00000,+0.00000,0.0000,+0.000,+0.000,1.0000,0,1.0000,0,1,+5.000,+0.000,+5.000,-0.05000,+67.656,-0.00000,+0.00,+0.00000,1,+0.34985,+0.32666,0.01065,+85.579,0,208.4,0.0
20.788314,4,1,0.231377,0.231377,0.2490,-0.01762,1,1,0.0260,1,1,+0.51587,+0.11014,0.06236,199.83,+0.51587,+0.51587,-0.00000,+0.11014,0.06236,1.0000,1,0,0,0,0.0000,+0.00000,+0.00000,0.0000,+0.000,+0.000,1.0000,0,1.0000,0,1,+5.000,+0.000,+5.000,-0.05000,+68.064,-0.00000,+0.00,+0.00000,1,+0.34985,+0.32666,0.01065,+85.669,0,208.4,0.0
20.792835,4,1,0.231377,0.231377,0.2490,-0.01762,1,1,0.0260,1,1,+0.51587,+0.11014,0.06236,199.83,+0.51587,+0.51587,-0.00000,+0.11014,0.06236,1.0000,1,0,0,0,0.0000,+0.00000,+0.00000,0.0000,+0.000,+0.000,1.0000,0,1.0000,0,1,+5.000,+0.000,+5.000,-0.05000,+68.064,-0.00000,+0.00,+0.00000,1,+0.34985,+0.32666,0.01065,+85.669,0,208.4,0.0
20.797375,4,1,0.231377,0.231377,0.2490,-0.01762,1,1,0.0260,1,1,+0.51587,+0.11014,0.06236,199.83,+0.51587,+0.51587,-0.00000,+0.11014,0.06236,1.0000,1,0,0,0,0.0000,+0.00000,+0.00000,0.0000,+0.000,+0.000,1.0000,0,1.0000,0,1,+5.000,+0.000,+5.000,-0.05000,+68.571,-0.00000,+0.00,+0.00000,1,+0.34985,+0.32666,0.01065,+85.779,0,208.4,0.0
20.802030,4,1,0.231377,0.231377,0.2490,-0.01762,1,1,0.0260,1,1,+0.51587,+0.11014,0.06236,199.83,+0.51587,+0.51587,-0.00000,+0.11014,0.06236,1.0000,1,0,0,0,0.0000,+0.00000,+0.00000,0.0000,+0.000,+0.000,1.0000,0,1.0000,0,1,+5.000,+0.000,+5.000,-0.05000,+68.571,-0.00000,+0.00,+0.00000,1,+0.34985,+0.32666,0.01065,+85.779,0,208.4,0.0
20.806314,4,1,0.231377,0.231377,0.2490,-0.01762,1,1,0.0260,1,1,+0.51587,+0.11014,0.06236,199.83,+0.51587,+0.51587,-0.00000,+0.11014,0.06236,1.0000,1,0,0,0,0.0000,+0.00000,+0.00000,0.0000,+0.000,+0.000,1.0000,0,1.0000,0,1,+5.000,+0.000,+5.000,-0.05000,+69.211,-0.00000,+0.00,+0.00000,1,+0.34985,+0.32666,0.01065,+85.918,0,208.4,0.0
20.810735,4,1,0.231377,0.231377,0.2490,-0.01762,1,1,0.0260,1,1,+0.51587,+0.11014,0.06236,199.83,+0.51587,+0.51587,-0.00000,+0.11014,0.06236,1.0000,1,0,0,0,0.0000,+0.00000,+0.00000,0.0000,+0.000,+0.000,1.0000,0,1.0000,0,1,+5.000,+0.000,+5.000,-0.05000,+69.211,-0.00000,+0.00,+0.00000,1,+0.34985,+0.32666,0.01065,+85.918,0,208.4,0.0
20.815270,4,1,0.231377,0.231377,0.2490,-0.01762,1,1,0.0260,1,1,+0.51587,+0.11014,0.06236,199.83,+0.51587,+0.51587,-0.00000,+0.11014,0.06236,1.0000,1,0,0,0,0.0000,+0.00000,+0.00000,0.0000,+0.000,+0.000,1.0000,0,1.0000,0,1,+5.000,+0.000,+5.000,-0.05000,+69.670,-0.00000,+0.00,+0.00000,1,+0.34985,+0.32666,0.01065,+86.016,0,208.4,0.0
20.819649,4,1,0.231377,0.231377,0.2490,-0.01762,1,1,0.0260,1,1,+0.51587,+0.11014,0.06236,199.83,+0.51587,+0.51587,-0.00000,+0.11014,0.06236,1.0000,1,0,0,0,0.0000,+0.00000,+0.00000,0.0000,+0.000,+0.000,1.0000,0,1.0000,0,1,+5.000,+0.000,+5.000,-0.05000,+69.670,-0.00000,+0.00,+0.00000,1,+0.34985,+0.32666,0.01065,+86.016,0,208.4,0.0
20.824304,4,1,0.231377,0.231377,0.2490,-0.01762,1,1,0.0260,1,1,+0.51587,+0.11014,0.06236,199.83,+0.51587,+0.51587,-0.00000,+0.11014,0.06236,1.0000,1,0,0,0,0.0000,+0.00000,+0.00000,0.0000,+0.000,+0.000,1.0000,0,1.0000,0,1,+5.000,+0.000,+5.000,-0.05000,+70.192,-0.00000,+0.00,+0.00000,1,+0.34985,+0.32666,0.01065,+86.127,0,208.4,0.0
20.828882,4,1,0.231377,0.231377,0.2490,-0.01762,1,1,0.0260,1,1,+0.51587,+0.11014,0.06236,199.83,+0.51587,+0.51587,-0.00000,+0.11014,0.06236,1.0000,1,0,0,0,0.0000,+0.00000,+0.00000,0.0000,+0.000,+0.000,1.0000,0,1.0000,0,1,+5.000,+0.000,+5.000,-0.05000,+70.192,-0.00000,+0.00,+0.00000,1,+0.34985,+0.32666,0.01065,+86.127,0,208.4,0.0
20.834758,4,1,0.231377,0.231377,0.2490,-0.01762,1,1,0.0260,1,1,+0.51587,+0.11014,0.06236,199.83,+0.51587,+0.51587,-0.00000,+0.11014,0.06236,1.0000,1,0,0,0,0.0000,+0.00000,+0.00000,0.0000,+0.000,+0.000,1.0000,0,1.0000,0,1,+5.000,+0.000,+5.000,-0.05000,+70.683,-0.00000,+0.00,+0.00000,1,+0.34985,+0.32666,0.01065,+86.231,0,208.4,0.0
20.839274,4,1,0.231377,0.231377,0.2490,-0.01762,1,1,0.0260,1,1,+0.51587,+0.11014,0.06236,199.83,+0.51587,+0.51587,-0.00000,+0.11014,0.06236,1.0000,1,0,0,0,0.0000,+0.00000,+0.00000,0.0000,+0.000,+0.000,1.0000,0,1.0000,0,1,+5.000,+0.000,+5.000,-0.05000,+70.683,-0.00000,+0.00,+0.00000,1,+0.34985,+0.32666,0.01065,+86.231,0,208.4,0.0
20.843808,4,1,0.231377,0.231377,0.2490,-0.01762,1,1,0.0260,1,1,+0.51587,+0.11014,0.06236,199.83,+0.51587,+0.51587,-0.00000,+0.11014,0.06236,1.0000,1,0,0,0,0.0000,+0.00000,+0.00000,0.0000,+0.000,+0.000,1.0000,0,1.0000,0,1,+5.000,+0.000,+5.000,-0.05000,+71.313,-0.00000,+0.00,+0.00000,1,+0.34985,+0.32666,0.01065,+86.364,0,208.4,0.0
20.848209,4,1,0.231377,0.231377,0.2490,-0.01762,1,1,0.0260,1,1,+0.51587,+0.11014,0.06236,199.83,+0.51587,+0.51587,-0.00000,+0.11014,0.06236,1.0000,1,0,0,0,0.0000,+0.00000,+0.00000,0.0000,+0.000,+0.000,1.0000,0,1.0000,0,1,+5.000,+0.000,+5.000,-0.05000,+71.771,-0.00000,+0.00,+0.00000,1,+0.34985,+0.32666,0.01065,+86.459,0,208.4,0.0
20.852557,4,1,0.231377,0.231377,0.2490,-0.01762,1,1,0.0260,1,1,+0.51587,+0.11014,0.06236,199.83,+0.51587,+0.51587,-0.00000,+0.11014,0.06236,1.0000,1,0,0,0,0.0000,+0.00000,+0.00000,0.0000,+0.000,+0.000,1.0000,0,1.0000,0,1,+5.000,+0.000,+5.000,-0.05000,+71.771,-0.00000,+0.00,+0.00000,1,+0.34985,+0.32666,0.01065,+86.459,0,208.4,0.0
20.857757,4,1,0.231377,0.231377,0.2490,-0.01762,1,1,0.0260,1,1,+0.51587,+0.11014,0.06236,199.83,+0.51587,+0.51587,-0.00000,+0.11014,0.06236,1.0000,1,0,0,0,0.0000,+0.00000,+0.00000,0.0000,+0.000,+0.000,1.0000,0,1.0000,0,1,+5.000,+0.000,+5.000,-0.05000,+72.353,-0.00000,+0.00,+0.00000,1,+0.34985,+0.32666,0.01065,+86.580,0,208.4,0.0
20.862208,4,1,0.231377,0.231377,0.2490,-0.01762,1,1,0.0260,1,1,+0.51587,+0.11014,0.06236,199.83,+0.51587,+0.51587,-0.00000,+0.11014,0.06236,1.0000,1,0,0,0,0.0000,+0.00000,+0.00000,0.0000,+0.000,+0.000,1.0000,0,1.0000,0,1,+5.000,+0.000,+5.000,-0.05000,+72.353,-0.00000,+0.00,+0.00000,1,+0.34985,+0.32666,0.01065,+86.580,0,208.4,0.0
20.866693,4,1,0.231377,0.231377,0.2490,-0.01762,1,1,0.0260,1,1,+0.51587,+0.11014,0.06236,199.83,+0.51587,+0.51587,-0.00000,+0.11014,0.06236,1.0000,1,0,0,0,0.0000,+0.00000,+0.00000,0.0000,+0.000,+0.000,1.0000,0,1.0000,0,1,+5.000,+0.000,+5.000,-0.05000,+72.892,-0.00000,+0.00,+0.00000,1,+0.34985,+0.32666,0.01065,+86.691,0,208.4,0.0
20.871994,4,1,0.231377,0.231377,0.2490,-0.01762,1,1,0.0260,1,1,+0.51587,+0.11014,0.06236,199.83,+0.51587,+0.51587,-0.00000,+0.11014,0.06236,1.0000,1,0,0,0,0.0000,+0.00000,+0.00000,0.0000,+0.000,+0.000,1.0000,0,1.0000,0,1,+5.000,+0.000,+5.000,-0.05000,+72.892,-0.00000,+0.00,+0.00000,1,+0.34985,+0.32666,0.01065,+86.691,0,208.4,0.0
20.876416,4,1,0.231377,0.231377,0.2490,-0.01762,1,1,0.0260,1,1,+0.51587,+0.11014,0.06236,199.83,+0.51587,+0.51587,-0.00000,+0.11014,0.06236,1.0000,1,0,0,0,0.0000,+0.00000,+0.00000,0.0000,+0.000,+0.000,1.0000,0,1.0000,0,1,+5.000,+0.000,+5.000,-0.05000,+73.466,-0.00000,+0.00,+0.00000,1,+0.34985,+0.32666,0.01065,+86.809,0,208.4,0.0
20.881179,4,1,0.231377,0.231377,0.2490,-0.01762,1,1,0.0260,1,1,+0.51587,+0.11014,0.06236,199.83,+0.51587,+0.51587,-0.00000,+0.11014,0.06236,1.0000,1,0,0,0,0.0000,+0.00000,+0.00000,0.0000,+0.000,+0.000,1.0000,0,1.0000,0,1,+5.000,+0.000,+5.000,-0.05000,+73.466,-0.00000,+0.00,+0.00000,1,+0.34985,+0.32666,0.01065,+86.809,0,208.4,0.0
20.885980,4,1,0.231377,0.231377,0.2490,-0.01762,1,1,0.0260,1,1,+0.51587,+0.11014,0.06236,199.83,+0.51587,+0.51587,-0.00000,+0.11014,0.06236,1.0000,1,0,0,0,0.0000,+0.00000,+0.00000,0.0000,+0.000,+0.000,1.0000,0,1.0000,0,1,+5.000,+0.000,+5.000,-0.05000,+73.466,-0.00000,+0.00,+0.00000,1,+0.34985,+0.32666,0.01065,+86.809,0,208.4,0.0
20.890749,4,1,0.231377,0.231377,0.2490,-0.01762,1,1,0.0260,1,1,+0.51587,+0.11014,0.06236,199.83,+0.51587,+0.51587,-0.00000,+0.11014,0.06236,1.0000,1,0,0,0,0.0000,+0.00000,+0.00000,0.0000,+0.000,+0.000,1.0000,0,1.0000,0,1,+5.000,+0.000,+5.000,-0.05000,+74.206,-0.00000,+0.00,+0.00000,1,+0.34985,+0.32666,0.01065,+86.960,0,208.4,0.0
20.895266,4,1,0.231377,0.231377,0.2490,-0.01762,1,1,0.0260,1,1,+0.51587,+0.11014,0.06236,199.83,+0.51587,+0.51587,-0.00000,+0.11014,0.06236,1.0000,1,0,0,0,0.0000,+0.00000,+0.00000,0.0000,+0.000,+0.000,1.0000,0,1.0000,0,1,+5.000,+0.000,+5.000,-0.05000,+74.703,-0.00000,+0.00,+0.00000,1,+0.34985,+0.32666,0.01065,+87.060,0,208.4,0.0
20.899498,4,1,0.231377,0.231377,0.2490,-0.01762,1,1,0.0260,1,1,+0.51587,+0.11014,0.06236,199.83,+0.51587,+0.51587,-0.00000,+0.11014,0.06236,1.0000,1,0,0,0,0.0000,+0.00000,+0.00000,0.0000,+0.000,+0.000,1.0000,0,1.0000,0,1,+5.000,+0.000,+5.000,-0.05000,+74.703,-0.00000,+0.00,+0.00000,1,+0.34985,+0.32666,0.01065,+87.060,0,208.4,0.0
20.905188,4,1,0.231377,0.231377,0.2490,-0.01762,1,1,0.0260,1,1,+0.51587,+0.11014,0.06236,199.83,+0.51587,+0.51587,-0.00000,+0.11014,0.06236,1.0000,1,0,0,0,0.0000,+0.00000,+0.00000,0.0000,+0.000,+0.000,1.0000,0,1.0000,0,1,+5.000,+0.000,+5.000,-0.05000,+75.366,-0.00000,+0.00,+0.00000,1,+0.34985,+0.32666,0.01065,+87.193,0,208.4,0.0
20.909490,4,1,0.231377,0.231377,0.2490,-0.01762,1,1,0.0260,1,1,+0.51587,+0.11014,0.06236,199.83,+0.51587,+0.51587,-0.00000,+0.11014,0.06236,1.0000,1,0,0,0,0.0000,+0.00000,+0.00000,0.0000,+0.000,+0.000,1.0000,0,1.0000,0,1,+5.000,+0.000,+5.000,-0.05000,+75.366,-0.00000,+0.00,+0.00000,1,+0.34985,+0.32666,0.01065,+87.193,0,208.4,0.0
20.913997,4,1,0.231377,0.231377,0.2490,-0.01762,1,1,0.0260,1,1,+0.51587,+0.11014,0.06236,199.83,+0.51587,+0.51587,-0.00000,+0.11014,0.06236,1.0000,1,0,0,0,0.0000,+0.00000,+0.00000,0.0000,+0.000,+0.000,1.0000,0,1.0000,0,1,+5.000,+0.000,+5.000,-0.05000,+75.894,-0.00000,+0.00,+0.00000,1,+0.34985,+0.32666,0.01065,+87.299,0,208.4,0.0
20.918425,4,1,0.231377,0.231377,0.2490,-0.01762,1,1,0.0260,1,1,+0.51587,+0.11014,0.06236,199.83,+0.51587,+0.51587,-0.00000,+0.11014,0.06236,1.0000,1,0,0,0,0.0000,+0.00000,+0.00000,0.0000,+0.000,+0.000,1.0000,0,1.0000,0,1,+5.000,+0.000,+5.000,-0.05000,+75.894,-0.00000,+0.00,+0.00000,1,+0.34985,+0.32666,0.01065,+87.299,0,208.4,0.0
20.923001,4,1,0.231377,0.231377,0.2490,-0.01762,1,1,0.0260,1,1,+0.51587,+0.11014,0.06236,199.83,+0.51587,+0.51587,-0.00000,+0.11014,0.06236,1.0000,1,0,0,0,0.0000,+0.00000,+0.00000,0.0000,+0.000,+0.000,1.0000,0,1.0000,0,1,+5.000,+0.000,+5.000,-0.05000,+76.393,-0.00000,+0.00,+0.00000,1,+0.34985,+0.32666,0.01065,+87.399,0,208.4,0.0
20.928606,4,1,0.231377,0.231377,0.2490,-0.01762,1,1,0.0260,1,1,+0.51587,+0.11014,0.06236,199.83,+0.51587,+0.51587,-0.00000,+0.11014,0.06236,1.0000,1,0,0,0,0.0000,+0.00000,+0.00000,0.0000,+0.000,+0.000,1.0000,0,1.0000,0,1,+5.000,+0.000,+5.000,-0.05000,+76.393,-0.00000,+0.00,+0.00000,1,+0.34985,+0.32666,0.01065,+87.399,0,208.4,0.0
20.933091,4,1,0.231377,0.231377,0.2490,-0.01762,1,1,0.0260,1,1,+0.51587,+0.11014,0.06236,199.83,+0.51587,+0.51587,-0.00000,+0.11014,0.06236,1.0000,1,0,0,0,0.0000,+0.00000,+0.00000,0.0000,+0.000,+0.000,1.0000,0,1.0000,0,1,+5.000,+0.000,+5.000,-0.05000,+77.009,-0.00000,+0.00,+0.00000,1,+0.34985,+0.32666,0.01065,+87.521,0,208.4,0.0
20.937711,4,1,0.231377,0.231377,0.2490,-0.01762,1,1,0.0260,1,1,+0.51587,+0.11014,0.06236,199.83,+0.51587,+0.51587,-0.00000,+0.11014,0.06236,1.0000,1,0,0,0,0.0000,+0.00000,+0.00000,0.0000,+0.000,+0.000,1.0000,0,1.0000,0,1,+5.000,+0.000,+5.000,-0.05000,+77.009,-0.00000,+0.00,+0.00000,1,+0.34985,+0.32666,0.01065,+87.521,0,208.4,0.0
20.942191,4,1,0.231377,0.231377,0.2490,-0.01762,1,1,0.0260,1,1,+0.51587,+0.11014,0.06236,199.83,+0.51587,+0.51587,-0.00000,+0.11014,0.06236,1.0000,1,0,0,0,0.0000,+0.00000,+0.00000,0.0000,+0.000,+0.000,1.0000,0,1.0000,0,1,+5.000,+0.000,+5.000,-0.05000,+77.526,-0.00000,+0.00,+0.00000,1,+0.34985,+0.32666,0.01065,+87.623,0,208.4,0.0
20.946535,4,1,0.231377,0.231377,0.2490,-0.01762,1,1,0.0260,1,1,+0.51587,+0.11014,0.06236,199.83,+0.51587,+0.51587,-0.00000,+0.11014,0.06236,1.0000,1,0,0,0,0.0000,+0.00000,+0.00000,0.0000,+0.000,+0.000,1.0000,0,1.0000,0,1,+5.000,+0.000,+5.000,-0.05000,+77.526,-0.00000,+0.00,+0.00000,1,+0.34985,+0.32666,0.01065,+87.623,0,208.4,0.0
20.951212,4,1,0.231377,0.231377,0.2490,-0.01762,1,1,0.0260,1,1,+0.51587,+0.11014,0.06236,199.83,+0.51587,+0.51587,-0.00000,+0.11014,0.06236,1.0000,1,0,0,0,0.0000,+0.00000,+0.00000,0.0000,+0.000,+0.000,1.0000,0,1.0000,0,1,+5.000,+0.000,+5.000,-0.05000,+78.092,-0.00000,+0.00,+0.00000,1,+0.34985,+0.32666,0.01065,+87.734,0,208.4,0.0
20.955504,4,1,0.231377,0.231377,0.2490,-0.01762,1,1,0.0260,1,1,+0.51587,+0.11014,0.06236,199.83,+0.51587,+0.51587,-0.00000,+0.11014,0.06236,1.0000,1,0,0,0,0.0000,+0.00000,+0.00000,0.0000,+0.000,+0.000,1.0000,0,1.0000,0,1,+5.000,+0.000,+5.000,-0.05000,+78.092,-0.00000,+0.00,+0.00000,1,+0.34985,+0.32666,0.01065,+87.734,0,208.4,0.0
20.959947,4,1,0.231377,0.231377,0.2490,-0.01762,1,1,0.0260,1,1,+0.51587,+0.11014,0.06236,199.83,+0.51587,+0.51587,-0.00000,+0.11014,0.06236,1.0000,1,0,0,0,0.0000,+0.00000,+0.00000,0.0000,+0.000,+0.000,1.0000,0,1.0000,0,1,+5.000,+0.000,+5.000,-0.05000,+78.710,-0.00000,+0.00,+0.00000,1,+0.34985,+0.32666,0.01065,+87.855,0,208.4,0.0
20.965044,4,1,0.231377,0.231377,0.2490,-0.01762,1,1,0.0260,1,1,+0.51587,+0.11014,0.06236,199.83,+0.51587,+0.51587,-0.00000,+0.11014,0.06236,1.0000,1,0,0,0,0.0000,+0.00000,+0.00000,0.0000,+0.000,+0.000,1.0000,0,1.0000,0,1,+5.000,+0.000,+5.000,-0.05000,+79.278,-0.00000,+0.00,+0.00000,1,+0.34985,+0.32666,0.01065,+87.965,0,208.4,0.0
20.969809,4,1,0.231377,0.231377,0.2490,-0.01762,1,1,0.0260,1,1,+0.51587,+0.11014,0.06236,199.83,+0.51587,+0.51587,-0.00000,+0.11014,0.06236,1.0000,1,0,0,0,0.0000,+0.00000,+0.00000,0.0000,+0.000,+0.000,1.0000,0,1.0000,0,1,+5.000,+0.000,+5.000,-0.05000,+79.278,-0.00000,+0.00,+0.00000,1,+0.34985,+0.32666,0.01065,+87.965,0,208.4,0.0
20.974225,4,1,0.231377,0.231377,0.2490,-0.01762,1,1,0.0260,1,1,+0.51587,+0.11014,0.06236,199.83,+0.51587,+0.51587,-0.00000,+0.11014,0.06236,1.0000,1,0,0,0,0.0000,+0.00000,+0.00000,0.0000,+0.000,+0.000,1.0000,0,1.0000,0,1,+5.000,+0.000,+5.000,-0.05000,+79.881,-0.00000,+0.00,+0.00000,1,+0.34985,+0.32666,0.01065,+88.082,0,208.4,0.0
20.978747,4,1,0.231377,0.231377,0.2490,-0.01762,1,1,0.0260,1,1,+0.51587,+0.11014,0.06236,199.83,+0.51587,+0.51587,-0.00000,+0.11014,0.06236,1.0000,1,0,0,0,0.0000,+0.00000,+0.00000,0.0000,+0.000,+0.000,1.0000,0,1.0000,0,1,+5.000,+0.000,+5.000,-0.05000,+79.881,-0.00000,+0.00,+0.00000,1,+0.34985,+0.32666,0.01065,+88.082,0,208.4,0.0
20.983254,4,1,0.231377,0.231377,0.2490,-0.01762,1,1,0.0260,1,1,+0.51587,+0.11014,0.06236,199.83,+0.51587,+0.51587,-0.00000,+0.11014,0.06236,1.0000,1,0,0,0,0.0000,+0.00000,+0.00000,0.0000,+0.000,+0.000,1.0000,0,1.0000,0,1,+5.000,+0.000,+5.000,-0.05000,+80.482,-0.00000,+0.00,+0.00000,1,+0.34985,+0.32666,0.01065,+88.198,0,208.4,0.0
20.994441,4,1,0.231377,0.231377,0.2490,-0.01762,1,1,0.0260,1,1,+0.51587,+0.11014,0.06236,199.83,+0.51587,+0.51587,-0.00000,+0.11014,0.06236,1.0000,1,0,0,0,0.0000,+0.00000,+0.00000,0.0000,+0.000,+0.000,1.0000,0,1.0000,0,1,+5.000,+0.000,+5.000,-0.05000,+80.482,-0.00000,+0.00,+0.00000,1,+0.34985,+0.32666,0.01065,+88.198,0,208.4,0.0
20.998877,4,1,0.231377,0.231377,0.2490,-0.01762,1,1,0.0260,1,1,+0.51587,+0.11014,0.06236,199.83,+0.51587,+0.51587,-0.00000,+0.11014,0.06236,1.0000,1,0,0,0,0.0000,+0.00000,+0.00000,0.0000,+0.000,+0.000,1.0000,0,1.0000,0,1,+5.000,+0.000,+5.000,-0.05000,+81.369,-0.00000,+0.00,+0.00000,1,+0.34985,+0.32666,0.01065,+88.369,0,208.4,0.0
21.005604,4,1,0.231377,0.231377,0.2490,-0.01762,1,1,0.0260,1,1,+0.51587,+0.11014,0.06236,199.83,+0.51587,+0.51587,-0.00000,+0.11014,0.06236,1.0000,1,0,0,0,0.0000,+0.00000,+0.00000,0.0000,+0.000,+0.000,1.0000,0,1.0000,0,1,+5.000,+0.000,+5.000,-0.05000,+81.969,-0.00000,+0.00,+0.00000,1,+0.34985,+0.32666,0.01065,+88.484,0,208.4,0.0
21.009913,4,1,0.231377,0.231377,0.2490,-0.01762,1,1,0.0260,1,1,+0.51587,+0.11014,0.06236,199.83,+0.51587,+0.51587,-0.00000,+0.11014,0.06236,1.0000,1,0,0,0,0.0000,+0.00000,+0.00000,0.0000,+0.000,+0.000,1.0000,0,1.0000,0,1,+5.000,+0.000,+5.000,-0.05000,+81.969,-0.00000,+0.00,+0.00000,1,+0.34985,+0.32666,0.01065,+88.484,0,208.4,0.0
21.014436,4,1,0.231377,0.231377,0.2490,-0.01762,1,1,0.0260,1,1,+0.51587,+0.11014,0.06236,199.83,+0.51587,+0.51587,-0.00000,+0.11014,0.06236,1.0000,1,0,0,0,0.0000,+0.00000,+0.00000,0.0000,+0.000,+0.000,1.0000,0,1.0000,0,1,+5.000,+0.000,+5.000,-0.05000,+82.473,-0.00000,+0.00,+0.00000,1,+0.34985,+0.32666,0.01065,+88.580,0,208.4,0.0
21.019018,4,1,0.231377,0.231377,0.2490,-0.01762,1,1,0.0260,1,1,+0.51587,+0.11014,0.06236,199.83,+0.51587,+0.51587,-0.00000,+0.11014,0.06236,1.0000,1,0,0,0,0.0000,+0.00000,+0.00000,0.0000,+0.000,+0.000,1.0000,0,1.0000,0,1,+5.000,+0.000,+5.000,-0.05000,+82.473,-0.00000,+0.00,+0.00000,1,+0.34985,+0.32666,0.01065,+88.580,0,208.4,0.0
21.023530,4,1,0.231377,0.231377,0.2490,-0.01762,1,1,0.0260,1,1,+0.51587,+0.11014,0.06236,199.83,+0.51587,+0.51587,-0.00000,+0.11014,0.06236,1.0000,1,0,0,0,0.0000,+0.00000,+0.00000,0.0000,+0.000,+0.000,1.0000,0,1.0000,0,1,+5.000,+0.000,+5.000,-0.05000,+83.165,-0.00000,+0.00,+0.00000,1,+0.34985,+0.32666,0.01065,+88.712,0,208.4,0.0
21.028207,4,1,0.231377,0.231377,0.2490,-0.01762,1,1,0.0260,1,1,+0.51587,+0.11014,0.06236,199.83,+0.51587,+0.51587,-0.00000,+0.11014,0.06236,1.0000,1,0,0,0,0.0000,+0.00000,+0.00000,0.0000,+0.000,+0.000,1.0000,0,1.0000,0,1,+5.000,+0.000,+5.000,-0.05000,+83.165,-0.00000,+0.00,+0.00000,1,+0.34985,+0.32666,0.01065,+88.712,0,208.4,0.0
21.032999,4,1,0.231377,0.231377,0.2490,-0.01762,1,1,0.0260,1,1,+0.51587,+0.11014,0.06236,199.83,+0.51587,+0.51587,-0.00000,+0.11014,0.06236,1.0000,1,0,0,0,0.0000,+0.00000,+0.00000,0.0000,+0.000,+0.000,1.0000,0,1.0000,0,1,+5.000,+0.000,+5.000,-0.05000,+83.772,-0.00000,+0.00,+0.00000,1,+0.34985,+0.32666,0.01065,+88.827,0,208.4,0.0
21.037231,4,1,0.231377,0.231377,0.2490,-0.01762,1,1,0.0260,1,1,+0.51587,+0.11014,0.06236,199.83,+0.51587,+0.51587,-0.00000,+0.11014,0.06236,1.0000,1,0,0,0,0.0000,+0.00000,+0.00000,0.0000,+0.000,+0.000,1.0000,0,1.0000,0,1,+5.000,+0.000,+5.000,-0.05000,+83.772,-0.00000,+0.00,+0.00000,1,+0.34985,+0.32666,0.01065,+88.827,0,208.4,0.0
21.041902,4,1,0.231377,0.231377,0.2490,-0.01762,1,1,0.0260,1,1,+0.51587,+0.11014,0.06236,199.83,+0.51587,+0.51587,-0.00000,+0.11014,0.06236,1.0000,1,0,0,0,0.0000,+0.00000,+0.00000,0.0000,+0.000,+0.000,1.0000,0,1.0000,0,1,+5.000,+0.000,+5.000,-0.05000,+84.408,-0.00000,+0.00,+0.00000,1,+0.34985,+0.32666,0.01065,+88.948,0,208.4,0.0
21.046454,4,1,0.231377,0.231377,0.2490,-0.01762,1,1,0.0260,1,1,+0.51587,+0.11014,0.06236,199.83,+0.51587,+0.51587,-0.00000,+0.11014,0.06236,1.0000,1,0,0,0,0.0000,+0.00000,+0.00000,0.0000,+0.000,+0.000,1.0000,0,1.0000,0,1,+5.000,+0.000,+5.000,-0.05000,+84.408,-0.00000,+0.00,+0.00000,1,+0.34985,+0.32666,0.01065,+88.948,0,208.4,0.0
21.050787,4,1,0.231377,0.231377,0.2490,-0.01762,1,1,0.0260,1,1,+0.51587,+0.11014,0.06236,199.83,+0.51587,+0.51587,-0.00000,+0.11014,0.06236,1.0000,1,0,0,0,0.0000,+0.00000,+0.00000,0.0000,+0.000,+0.000,1.0000,0,1.0000,0,1,+5.000,+0.000,+5.000,-0.05000,+84.887,-0.00000,+0.00,+0.00000,1,+0.34985,+0.32666,0.01065,+89.039,0,208.4,0.0
21.057856,4,1,0.231377,0.231377,0.2490,-0.01762,1,1,0.0260,1,1,+0.51587,+0.11014,0.06236,199.83,+0.51587,+0.51587,-0.00000,+0.11014,0.06236,1.0000,1,0,0,0,0.0000,+0.00000,+0.00000,0.0000,+0.000,+0.000,1.0000,0,1.0000,0,1,+5.000,+0.000,+5.000,-0.05000,+84.887,-0.00000,+0.00,+0.00000,1,+0.34985,+0.32666,0.01065,+89.039,0,208.4,0.0
21.062679,4,1,0.231377,0.231377,0.2490,-0.01762,1,1,0.0260,1,1,+0.51587,+0.11014,0.06236,199.83,+0.51587,+0.51587,-0.00000,+0.11014,0.06236,1.0000,1,0,0,0,0.0000,+0.00000,+0.00000,0.0000,+0.000,+0.000,1.0000,0,1.0000,0,1,+5.000,+0.000,+5.000,-0.05000,+85.647,-0.00000,+0.00,+0.00000,1,+0.34985,+0.32666,0.01065,+89.182,0,208.4,0.0
21.069379,4,1,0.231377,0.231377,0.2490,-0.01762,1,1,0.0260,1,1,+0.51587,+0.11014,0.06236,199.83,+0.51587,+0.51587,-0.00000,+0.11014,0.06236,1.0000,1,0,0,0,0.0000,+0.00000,+0.00000,0.0000,+0.000,+0.000,1.0000,0,1.0000,0,1,+5.000,+0.000,+5.000,-0.05000,+85.647,-0.00000,+0.00,+0.00000,1,+0.34985,+0.32666,0.01065,+89.182,0,208.4,0.0
21.074350,4,1,0.231377,0.231377,0.2490,-0.01762,1,1,0.0260,1,1,+0.51587,+0.11014,0.06236,199.83,+0.51587,+0.51587,-0.00000,+0.11014,0.06236,1.0000,1,0,0,0,0.0000,+0.00000,+0.00000,0.0000,+0.000,+0.000,1.0000,0,1.0000,0,1,+5.000,+0.000,+5.000,-0.05000,+86.370,-0.00000,+0.00,+0.00000,1,+0.34985,+0.32666,0.01065,+89.318,0,208.4,0.0
21.079224,4,1,0.231377,0.231377,0.2490,-0.01762,1,1,0.0260,1,1,+0.51587,+0.11014,0.06236,199.83,+0.51587,+0.51587,-0.00000,+0.11014,0.06236,1.0000,1,0,0,0,0.0000,+0.00000,+0.00000,0.0000,+0.000,+0.000,1.0000,0,1.0000,0,1,+5.000,+0.000,+5.000,-0.05000,+86.816,-0.00000,+0.00,+0.00000,1,+0.34985,+0.32666,0.01065,+89.402,0,208.4,0.0
21.083666,4,1,0.231377,0.231377,0.2490,-0.01762,1,1,0.0260,1,1,+0.51587,+0.11014,0.06236,199.83,+0.51587,+0.51587,-0.00000,+0.11014,0.06236,1.0000,1,0,0,0,0.0000,+0.00000,+0.00000,0.0000,+0.000,+0.000,1.0000,0,1.0000,0,1,+5.000,+0.000,+5.000,-0.05000,+86.816,-0.00000,+0.00,+0.00000,1,+0.34985,+0.32666,0.01065,+89.402,0,208.4,0.0
21.088189,4,1,0.231377,0.231377,0.2490,-0.01762,1,1,0.0260,1,1,+0.51587,+0.11014,0.06236,199.83,+0.51587,+0.51587,-0.00000,+0.11014,0.06236,1.0000,1,0,0,0,0.0000,+0.00000,+0.00000,0.0000,+0.000,+0.000,1.0000,0,1.0000,0,1,+5.000,+0.000,+5.000,-0.05000,+87.498,-0.00000,+0.00,+0.00000,1,+0.34985,+0.32666,0.01065,+89.531,0,208.4,0.0
21.092531,4,1,0.231377,0.231377,0.2490,-0.01762,1,1,0.0260,1,1,+0.51587,+0.11014,0.06236,199.83,+0.51587,+0.51587,-0.00000,+0.11014,0.06236,1.0000,1,0,0,0,0.0000,+0.00000,+0.00000,0.0000,+0.000,+0.000,1.0000,0,1.0000,0,1,+5.000,+0.000,+5.000,-0.05000,+87.498,-0.00000,+0.00,+0.00000,1,+0.34985,+0.32666,0.01065,+89.531,0,208.4,0.0
21.097299,4,1,0.231377,0.231377,0.2490,-0.01762,1,1,0.0260,1,1,+0.51587,+0.11014,0.06236,199.83,+0.51587,+0.51587,-0.00000,+0.11014,0.06236,1.0000,1,0,0,0,0.0000,+0.00000,+0.00000,0.0000,+0.000,+0.000,1.0000,0,1.0000,0,1,+5.000,+0.000,+5.000,-0.05000,+88.027,-0.00000,+0.00,+0.00000,1,+0.34985,+0.32666,0.01065,+89.630,0,208.4,0.0
21.102283,4,1,0.231377,0.231377,0.2490,-0.01762,1,1,0.0260,1,1,+0.51587,+0.11014,0.06236,199.83,+0.51587,+0.51587,-0.00000,+0.11014,0.06236,1.0000,1,0,0,0,0.0000,+0.00000,+0.00000,0.0000,+0.000,+0.000,1.0000,0,1.0000,0,1,+5.000,+0.000,+5.000,-0.05000,+88.027,-0.00000,+0.00,+0.00000,1,+0.34985,+0.32666,0.01065,+89.630,0,208.4,0.0
21.106848,4,1,0.231377,0.231377,0.2490,-0.01762,1,1,0.0260,1,1,+0.51587,+0.11014,0.06236,199.83,+0.51587,+0.51587,-0.00000,+0.11014,0.06236,1.0000,1,0,0,0,0.0000,+0.00000,+0.00000,0.0000,+0.000,+0.000,1.0000,0,1.0000,0,1,+5.000,+0.000,+5.000,-0.05000,+88.767,-0.00000,+0.00,+0.00000,1,+0.34985,+0.32666,0.01065,+89.769,0,208.4,0.0
21.112264,4,1,0.231377,0.231377,0.2490,-0.01762,1,1,0.0260,1,1,+0.51587,+0.11014,0.06236,199.83,+0.51587,+0.51587,-0.00000,+0.11014,0.06236,1.0000,1,0,0,0,0.0000,+0.00000,+0.00000,0.0000,+0.000,+0.000,1.0000,0,1.0000,0,1,+5.000,+0.000,+5.000,-0.05000,+88.767,-0.00000,+0.00,+0.00000,1,+0.34985,+0.32666,0.01065,+89.769,0,208.4,0.0
21.116801,4,1,0.231377,0.231377,0.2490,-0.01762,1,1,0.0260,1,1,+0.51587,+0.11014,0.06236,199.83,+0.51587,+0.51587,-0.00000,+0.11014,0.06236,1.0000,1,0,0,0,0.0000,+0.00000,+0.00000,0.0000,+0.000,+0.000,1.0000,0,1.0000,0,1,+5.000,+0.000,+5.000,-0.05000,+89.306,-0.00000,+0.00,+0.00000,1,+0.34985,+0.32666,0.01065,+89.870,0,208.4,0.0
21.121310,4,1,0.231377,0.231377,0.2490,-0.01762,1,1,0.0260,1,1,+0.51587,+0.11014,0.06236,199.83,+0.51587,+0.51587,-0.00000,+0.11014,0.06236,1.0000,1,0,0,0,0.0000,+0.00000,+0.00000,0.0000,+0.000,+0.000,1.0000,0,1.0000,0,1,+5.000,+0.000,+5.000,-0.05000,+89.850,-0.00000,+0.00,+0.00000,1,+0.34985,+0.32666,0.01065,+89.972,0,208.4,0.0
21.125903,4,1,0.231377,0.231377,0.2490,-0.01762,1,1,0.0260,1,1,+0.51587,+0.11014,0.06236,199.83,+0.51587,+0.51587,-0.00000,+0.11014,0.06236,1.0000,1,0,0,0,0.0000,+0.00000,+0.00000,0.0000,+0.000,+0.000,1.0000,0,1.0000,0,1,+5.000,+0.000,+5.000,-0.05000,+89.850,-0.00000,+0.00,+0.00000,1,+0.34985,+0.32666,0.01065,+89.972,0,208.4,0.0
21.131778,4,1,0.231377,0.231377,0.2490,-0.01762,1,1,0.0260,1,1,+0.51587,+0.11014,0.06236,199.83,+0.51587,+0.51587,-0.00000,+0.11014,0.06236,1.0000,1,0,0,0,0.0000,+0.00000,+0.00000,0.0000,+0.000,+0.000,1.0000,0,1.0000,0,1,+5.000,+0.000,+5.000,-0.05000,+90.353,-0.00000,+0.00,+0.00000,1,+0.34985,+0.32666,0.01065,+90.066,0,208.4,0.0
21.136494,4,1,0.231377,0.231377,0.2490,-0.01762,1,1,0.0260,1,1,+0.51587,+0.11014,0.06236,199.83,+0.51587,+0.51587,-0.00000,+0.11014,0.06236,1.0000,1,0,0,0,0.0000,+0.00000,+0.00000,0.0000,+0.000,+0.000,1.0000,0,1.0000,0,1,+5.000,+0.000,+5.000,-0.05000,+90.353,-0.00000,+0.00,+0.00000,1,+0.34985,+0.32666,0.01065,+90.066,0,208.4,0.0
21.141217,4,1,0.231377,0.231377,0.2490,-0.01762,1,1,0.0260,1,1,+0.51587,+0.11014,0.06236,199.83,+0.51587,+0.51587,-0.00000,+0.11014,0.06236,1.0000,1,0,0,0,0.0000,+0.00000,+0.00000,0.0000,+0.000,+0.000,1.0000,0,1.0000,0,1,+5.000,+0.000,+5.000,-0.05000,+90.991,-0.00000,+0.00,+0.00000,1,+0.34985,+0.32666,0.01065,+90.186,0,208.4,0.0
21.145736,4,1,0.231377,0.231377,0.2490,-0.01762,1,1,0.0260,1,1,+0.51587,+0.11014,0.06236,199.83,+0.51587,+0.51587,-0.00000,+0.11014,0.06236,1.0000,1,0,0,0,0.0000,+0.00000,+0.00000,0.0000,+0.000,+0.000,1.0000,0,1.0000,0,1,+5.000,+0.000,+5.000,-0.05000,+90.991,-0.00000,+0.00,+0.00000,1,+0.34985,+0.32666,0.01065,+90.186,0,208.4,0.0
21.150169,4,1,0.231377,0.231377,0.2490,-0.01762,1,1,0.0260,1,1,+0.51587,+0.11014,0.06236,199.83,+0.51587,+0.51587,-0.00000,+0.11014,0.06236,1.0000,1,0,0,0,0.0000,+0.00000,+0.00000,0.0000,+0.000,+0.000,1.0000,0,1.0000,0,1,+5.000,+0.000,+5.000,-0.05000,+91.623,-0.00000,+0.00,+0.00000,1,+0.34985,+0.32666,0.01065,+90.304,0,208.4,0.0
21.154812,4,1,0.231377,0.231377,0.2490,-0.01762,1,1,0.0260,1,1,+0.51587,+0.11014,0.06236,199.83,+0.51587,+0.51587,-0.00000,+0.11014,0.06236,1.0000,1,0,0,0,0.0000,+0.00000,+0.00000,0.0000,+0.000,+0.000,1.0000,0,1.0000,0,1,+5.000,+0.000,+5.000,-0.05000,+91.623,-0.00000,+0.00,+0.00000,1,+0.34985,+0.32666,0.01065,+90.304,0,208.4,0.0
21.159066,4,1,0.231377,0.231377,0.2490,-0.01762,1,1,0.0260,1,1,+0.51587,+0.11014,0.06236,199.83,+0.51587,+0.51587,-0.00000,+0.11014,0.06236,1.0000,1,0,0,0,0.0000,+0.00000,+0.00000,0.0000,+0.000,+0.000,1.0000,0,1.0000,0,1,+5.000,+0.000,+5.000,-0.05000,+92.242,-0.00000,+0.00,+0.00000,1,+0.34985,+0.32666,0.01065,+90.421,0,208.4,0.0
21.163595,4,1,0.231377,0.231377,0.2490,-0.01762,1,1,0.0260,1,1,+0.51587,+0.11014,0.06236,199.83,+0.51587,+0.51587,-0.00000,+0.11014,0.06236,1.0000,1,0,0,0,0.0000,+0.00000,+0.00000,0.0000,+0.000,+0.000,1.0000,0,1.0000,0,1,+5.000,+0.000,+5.000,-0.05000,+92.781,-0.00000,+0.00,+0.00000,1,+0.34985,+0.32666,0.01065,+90.522,0,208.4,0.0
21.168141,4,1,0.231377,0.231377,0.2490,-0.01762,1,1,0.0260,1,1,+0.51587,+0.11014,0.06236,199.83,+0.51587,+0.51587,-0.00000,+0.11014,0.06236,1.0000,1,0,0,0,0.0000,+0.00000,+0.00000,0.0000,+0.000,+0.000,1.0000,0,1.0000,0,1,+5.000,+0.000,+5.000,-0.05000,+92.781,-0.00000,+0.00,+0.00000,1,+0.34985,+0.32666,0.01065,+90.522,0,208.4,0.0
21.172782,4,1,0.231377,0.231377,0.2490,-0.01762,1,1,0.0260,1,1,+0.51587,+0.11014,0.06236,199.83,+0.51587,+0.51587,-0.00000,+0.11014,0.06236,1.0000,1,0,0,0,0.0000,+0.00000,+0.00000,0.0000,+0.000,+0.000,1.0000,0,1.0000,0,1,+5.000,+0.000,+5.000,-0.05000,+93.414,-0.00000,+0.00,+0.00000,1,+0.34985,+0.32666,0.01065,+90.641,0,208.4,0.0
21.177024,4,1,0.231377,0.231377,0.2490,-0.01762,1,1,0.0260,1,1,+0.51587,+0.11014,0.06236,199.83,+0.51587,+0.51587,-0.00000,+0.11014,0.06236,1.0000,1,0,0,0,0.0000,+0.00000,+0.00000,0.0000,+0.000,+0.000,1.0000,0,1.0000,0,1,+5.000,+0.000,+5.000,-0.05000,+93.414,-0.00000,+0.00,+0.00000,1,+0.34985,+0.32666,0.01065,+90.641,0,208.4,0.0
21.181458,4,1,0.231377,0.231377,0.2490,-0.01762,1,1,0.0260,1,1,+0.51587,+0.11014,0.06236,199.83,+0.51587,+0.51587,-0.00000,+0.11014,0.06236,1.0000,1,0,0,0,0.0000,+0.00000,+0.00000,0.0000,+0.000,+0.000,1.0000,0,1.0000,0,1,+5.000,+0.000,+5.000,-0.05000,+93.877,-0.00000,+0.00,+0.00000,1,+0.34985,+0.32666,0.01065,+90.728,0,208.4,0.0
21.185745,4,1,0.231377,0.231377,0.2490,-0.01762,1,1,0.0260,1,1,+0.51587,+0.11014,0.06236,199.83,+0.51587,+0.51587,-0.00000,+0.11014,0.06236,1.0000,1,0,0,0,0.0000,+0.00000,+0.00000,0.0000,+0.000,+0.000,1.0000,0,1.0000,0,1,+5.000,+0.000,+5.000,-0.05000,+93.877,-0.00000,+0.00,+0.00000,1,+0.34985,+0.32666,0.01065,+90.728,0,208.4,0.0
21.190280,4,1,0.231377,0.231377,0.2490,-0.01762,1,1,0.0260,1,1,+0.51587,+0.11014,0.06236,199.83,+0.51587,+0.51587,-0.00000,+0.11014,0.06236,1.0000,1,0,0,0,0.0000,+0.00000,+0.00000,0.0000,+0.000,+0.000,1.0000,0,1.0000,0,1,+5.000,+0.000,+5.000,-0.05000,+94.505,-0.00000,+0.00,+0.00000,1,+0.34985,+0.32666,0.01065,+90.846,0,208.4,0.0
21.201878,4,1,0.231377,0.231377,0.2490,-0.01762,1,1,0.0260,1,1,+0.51587,+0.11014,0.06236,199.83,+0.51587,+0.51587,-0.00000,+0.11014,0.06236,1.0000,1,0,0,0,0.0000,+0.00000,+0.00000,0.0000,+0.000,+0.000,1.0000,0,1.0000,0,1,+5.000,+0.000,+5.000,-0.05000,+94.505,-0.00000,+0.00,+0.00000,1,+0.34985,+0.32666,0.01065,+90.846,0,208.4,0.0
21.210096,4,1,0.231377,0.231377,0.2490,-0.01762,1,1,0.0260,1,1,+0.51587,+0.11014,0.06236,199.83,+0.51587,+0.51587,-0.00000,+0.11014,0.06236,1.0000,1,0,0,0,0.0000,+0.00000,+0.00000,0.0000,+0.000,+0.000,1.0000,0,1.0000,0,1,+5.000,+0.000,+5.000,-0.05000,+95.441,-0.00000,+0.00,+0.00000,1,+0.34985,+0.32666,0.01065,+91.023,0,208.4,0.0
21.214338,4,1,0.231377,0.231377,0.2490,-0.01762,1,1,0.0260,1,1,+0.51587,+0.11014,0.06236,199.83,+0.51587,+0.51587,-0.00000,+0.11014,0.06236,1.0000,1,0,0,0,0.0000,+0.00000,+0.00000,0.0000,+0.000,+0.000,1.0000,0,1.0000,0,1,+5.000,+0.000,+5.000,-0.05000,+96.186,-0.00000,+0.00,+0.00000,1,+0.34985,+0.32666,0.01065,+91.164,0,208.4,0.0
21.218967,4,1,0.231377,0.231377,0.2490,-0.01762,1,1,0.0260,1,1,+0.51587,+0.11014,0.06236,199.83,+0.51587,+0.51587,-0.00000,+0.11014,0.06236,1.0000,1,0,0,0,0.0000,+0.00000,+0.00000,0.0000,+0.000,+0.000,1.0000,0,1.0000,0,1,+5.000,+0.000,+5.000,-0.05000,+96.186,-0.00000,+0.00,+0.00000,1,+0.34985,+0.32666,0.01065,+91.164,0,208.4,0.0
21.224284,4,1,0.231377,0.231377,0.2490,-0.01762,1,1,0.0260,1,1,+0.51587,+0.11014,0.06236,199.83,+0.51587,+0.51587,-0.00000,+0.11014,0.06236,1.0000,1,0,0,0,0.0000,+0.00000,+0.00000,0.0000,+0.000,+0.000,1.0000,0,1.0000,0,1,+5.000,+0.000,+5.000,-0.05000,+96.738,-0.00000,+0.00,+0.00000,1,+0.34985,+0.32666,0.01065,+91.269,0,208.4,0.0
21.228749,4,1,0.231377,0.231377,0.2490,-0.01762,1,1,0.0260,1,1,+0.51587,+0.11014,0.06236,199.83,+0.51587,+0.51587,-0.00000,+0.11014,0.06236,1.0000,1,0,0,0,0.0000,+0.00000,+0.00000,0.0000,+0.000,+0.000,1.0000,0,1.0000,0,1,+5.000,+0.000,+5.000,-0.05000,+96.738,-0.00000,+0.00,+0.00000,1,+0.34985,+0.32666,0.01065,+91.269,0,208.4,0.0
21.233457,4,1,0.231377,0.231377,0.2490,-0.01762,1,1,0.0260,1,1,+0.51587,+0.11014,0.06236,199.83,+0.51587,+0.51587,-0.00000,+0.11014,0.06236,1.0000,1,0,0,0,0.0000,+0.00000,+0.00000,0.0000,+0.000,+0.000,1.0000,0,1.0000,0,1,+5.000,+0.000,+5.000,-0.05000,+97.334,-0.00000,+0.00,+0.00000,1,+0.34985,+0.32666,0.01065,+91.383,0,208.4,0.0
21.238043,4,1,0.231377,0.231377,0.2490,-0.01762,1,1,0.0260,1,1,+0.51587,+0.11014,0.06236,199.83,+0.51587,+0.51587,-0.00000,+0.11014,0.06236,1.0000,1,0,0,0,0.0000,+0.00000,+0.00000,0.0000,+0.000,+0.000,1.0000,0,1.0000,0,1,+5.000,+0.000,+5.000,-0.05000,+97.334,-0.00000,+0.00,+0.00000,1,+0.34985,+0.32666,0.01065,+91.383,0,208.4,0.0
21.242577,4,1,0.231377,0.231377,0.2490,-0.01762,1,1,0.0260,1,1,+0.51587,+0.11014,0.06236,199.83,+0.51587,+0.51587,-0.00000,+0.11014,0.06236,1.0000,1,0,0,0,0.0000,+0.00000,+0.00000,0.0000,+0.000,+0.000,1.0000,0,1.0000,0,1,+5.000,+0.000,+5.000,-0.05000,+97.969,-0.00000,+0.00,+0.00000,1,+0.34985,+0.32666,0.01065,+91.504,0,208.4,0.0
21.247173,4,1,0.231377,0.231377,0.2490,-0.01762,1,1,0.0260,1,1,+0.51587,+0.11014,0.06236,199.83,+0.51587,+0.51587,-0.00000,+0.11014,0.06236,1.0000,1,0,0,0,0.0000,+0.00000,+0.00000,0.0000,+0.000,+0.000,1.0000,0,1.0000,0,1,+5.000,+0.000,+5.000,-0.05000,+98.471,-0.00000,+0.00,+0.00000,1,+0.34985,+0.32666,0.01065,+91.600,0,208.4,0.0
21.251609,4,1,0.231377,0.231377,0.2490,-0.01762,1,1,0.0260,1,1,+0.51587,+0.11014,0.06236,199.83,+0.51587,+0.51587,-0.00000,+0.11014,0.06236,1.0000,1,0,0,0,0.0000,+0.00000,+0.00000,0.0000,+0.000,+0.000,1.0000,0,1.0000,0,1,+5.000,+0.000,+5.000,-0.05000,+98.471,-0.00000,+0.00,+0.00000,1,+0.34985,+0.32666,0.01065,+91.600,0,208.4,0.0
21.256077,4,1,0.231377,0.231377,0.2490,-0.01762,1,1,0.0260,1,1,+0.51587,+0.11014,0.06236,199.83,+0.51587,+0.51587,-0.00000,+0.11014,0.06236,1.0000,1,0,0,0,0.0000,+0.00000,+0.00000,0.0000,+0.000,+0.000,1.0000,0,1.0000,0,1,+5.000,+0.000,+5.000,-0.05000,+98.471,-0.00000,+0.00,+0.00000,1,+0.34985,+0.32666,0.01065,+91.600,0,208.4,0.0
21.261043,4,1,0.231377,0.231377,0.2490,-0.01762,1,1,0.0260,1,1,+0.51587,+0.11014,0.06236,199.83,+0.51587,+0.51587,-0.00000,+0.11014,0.06236,1.0000,1,0,0,0,0.0000,+0.00000,+0.00000,0.0000,+0.000,+0.000,1.0000,0,1.0000,0,1,+5.000,+0.000,+5.000,-0.05000,+99.098,-0.00000,+0.00,+0.00000,1,+0.34985,+0.32666,0.01065,+91.721,0,208.4,0.0
21.265538,4,1,0.231377,0.231377,0.2490,-0.01762,1,1,0.0260,1,1,+0.51587,+0.11014,0.06236,199.83,+0.51587,+0.51587,-0.00000,+0.11014,0.06236,1.0000,1,0,0,0,0.0000,+0.00000,+0.00000,0.0000,+0.000,+0.000,1.0000,0,1.0000,0,1,+5.000,+0.000,+5.000,-0.05000,+99.699,-0.00000,+0.00,+0.00000,1,+0.34985,+0.32666,0.01065,+91.836,0,208.4,0.0
21.270071,4,1,0.231377,0.231377,0.2490,-0.01762,1,1,0.0260,1,1,+0.51587,+0.11014,0.06236,199.83,+0.51587,+0.51587,-0.00000,+0.11014,0.06236,1.0000,1,0,0,0,0.0000,+0.00000,+0.00000,0.0000,+0.000,+0.000,1.0000,0,1.0000,0,1,+5.000,+0.000,+5.000,-0.05000,+99.699,-0.00000,+0.00,+0.00000,1,+0.34985,+0.32666,0.01065,+91.836,0,208.4,0.0
21.274603,4,1,0.231377,0.231377,0.2490,-0.01762,1,1,0.0260,1,1,+0.51587,+0.11014,0.06236,199.83,+0.51587,+0.51587,-0.00000,+0.11014,0.06236,1.0000,1,0,0,0,0.0000,+0.00000,+0.00000,0.0000,+0.000,+0.000,1.0000,0,1.0000,0,1,+5.000,+0.000,+5.000,-0.05000,+100.192,-0.00000,+0.00,+0.00000,1,+0.34985,+0.32666,0.01065,+91.932,0,208.4,0.0
21.279021,4,1,0.231377,0.231377,0.2490,-0.01762,1,1,0.0260,1,1,+0.51587,+0.11014,0.06236,199.83,+0.51587,+0.51587,-0.00000,+0.11014,0.06236,1.0000,1,0,0,0,0.0000,+0.00000,+0.00000,0.0000,+0.000,+0.000,1.0000,0,1.0000,0,1,+5.000,+0.000,+5.000,-0.05000,+100.192,-0.00000,+0.00,+0.00000,1,+0.34985,+0.32666,0.01065,+91.932,0,208.4,0.0
21.283649,4,1,0.231377,0.231377,0.2490,-0.01762,1,1,0.0260,1,1,+0.51587,+0.11014,0.06236,199.83,+0.51587,+0.51587,-0.00000,+0.11014,0.06236,1.0000,1,0,0,0,0.0000,+0.00000,+0.00000,0.0000,+0.000,+0.000,1.0000,0,1.0000,0,1,+5.000,+0.000,+5.000,-0.05000,+100.687,-0.00000,+0.00,+0.00000,1,+0.34985,+0.32666,0.01065,+92.028,0,208.4,0.0
21.290012,4,1,0.231377,0.231377,0.2490,-0.01762,1,1,0.0260,1,1,+0.51587,+0.11014,0.06236,199.83,+0.51587,+0.51587,-0.00000,+0.11014,0.06236,1.0000,1,0,0,0,0.0000,+0.00000,+0.00000,0.0000,+0.000,+0.000,1.0000,0,1.0000,0,1,+5.000,+0.000,+5.000,-0.05000,+100.687,-0.00000,+0.00,+0.00000,1,+0.34985,+0.32666,0.01065,+92.028,0,208.4,0.0
21.294865,4,1,0.231377,0.231377,0.2490,-0.01762,1,1,0.0260,1,1,+0.51587,+0.11014,0.06236,199.83,+0.51587,+0.51587,-0.00000,+0.11014,0.06236,1.0000,1,0,0,0,0.0000,+0.00000,+0.00000,0.0000,+0.000,+0.000,1.0000,0,1.0000,0,1,+5.000,+0.000,+5.000,-0.05000,+101.372,-0.00000,+0.00,+0.00000,1,+0.34985,+0.32666,0.01065,+92.161,0,208.4,0.0
21.299548,4,1,0.231377,0.231377,0.2490,-0.01762,1,1,0.0260,1,1,+0.51587,+0.11014,0.06236,199.83,+0.51587,+0.51587,-0.00000,+0.11014,0.06236,1.0000,1,0,0,0,0.0000,+0.00000,+0.00000,0.0000,+0.000,+0.000,1.0000,0,1.0000,0,1,+5.000,+0.000,+5.000,-0.05000,+101.952,-0.00000,+0.00,+0.00000,1,+0.34985,+0.32666,0.01065,+92.275,0,208.4,0.0
21.304207,4,1,0.231377,0.231377,0.2490,-0.01762,1,1,0.0260,1,1,+0.51587,+0.11014,0.06236,199.83,+0.51587,+0.51587,-0.00000,+0.11014,0.06236,1.0000,1,0,0,0,0.0000,+0.00000,+0.00000,0.0000,+0.000,+0.000,1.0000,0,1.0000,0,1,+5.000,+0.000,+5.000,-0.05000,+101.952,-0.00000,+0.00,+0.00000,1,+0.34985,+0.32666,0.01065,+92.275,0,208.4,0.0
21.308791,4,1,0.231377,0.231377,0.2490,-0.01762,1,1,0.0260,1,1,+0.51587,+0.11014,0.06236,199.83,+0.51587,+0.51587,-0.00000,+0.11014,0.06236,1.0000,1,0,0,0,0.0000,+0.00000,+0.00000,0.0000,+0.000,+0.000,1.0000,0,1.0000,0,1,+5.000,+0.000,+5.000,-0.05000,+102.564,-0.00000,+0.00,+0.00000,1,+0.34985,+0.32666,0.01065,+92.395,0,208.4,0.0
21.313621,4,1,0.231377,0.231377,0.2490,-0.01762,1,1,0.0260,1,1,+0.51587,+0.11014,0.06236,199.83,+0.51587,+0.51587,-0.00000,+0.11014,0.06236,1.0000,1,0,0,0,0.0000,+0.00000,+0.00000,0.0000,+0.000,+0.000,1.0000,0,1.0000,0,1,+5.000,+0.000,+5.000,-0.05000,+102.564,-0.00000,+0.00,+0.00000,1,+0.34985,+0.32666,0.01065,+92.395,0,208.4,0.0
21.317887,4,1,0.231377,0.231377,0.2490,-0.01762,1,1,0.0260,1,1,+0.51587,+0.11014,0.06236,199.83,+0.51587,+0.51587,-0.00000,+0.11014,0.06236,1.0000,1,0,0,0,0.0000,+0.00000,+0.00000,0.0000,+0.000,+0.000,1.0000,0,1.0000,0,1,+5.000,+0.000,+5.000,-0.05000,+102.564,-0.00000,+0.00,+0.00000,1,+0.34985,+0.32666,0.01065,+92.395,0,208.4,0.0
21.322496,4,1,0.231377,0.231377,0.2490,-0.01762,1,1,0.0260,1,1,+0.51587,+0.11014,0.06236,199.83,+0.51587,+0.51587,-0.00000,+0.11014,0.06236,1.0000,1,0,0,0,0.0000,+0.00000,+0.00000,0.0000,+0.000,+0.000,1.0000,0,1.0000,0,1,+5.000,+0.000,+5.000,-0.05000,+103.249,-0.00000,+0.00,+0.00000,1,+0.34985,+0.32666,0.01065,+92.530,0,208.4,0.0
21.327049,4,1,0.231377,0.231377,0.2490,-0.01762,1,1,0.0260,1,1,+0.51587,+0.11014,0.06236,199.83,+0.51587,+0.51587,-0.00000,+0.11014,0.06236,1.0000,1,0,0,0,0.0000,+0.00000,+0.00000,0.0000,+0.000,+0.000,1.0000,0,1.0000,0,1,+5.000,+0.000,+5.000,-0.05000,+103.709,-0.00000,+0.00,+0.00000,1,+0.34985,+0.32666,0.01065,+92.621,0,208.7,0.0
21.338450,4,1,0.231377,0.231377,0.2490,-0.01762,1,1,0.0260,1,1,+0.51587,+0.11014,0.06236,199.83,+0.51587,+0.51587,-0.00000,+0.11014,0.06236,1.0000,1,0,0,0,0.0000,+0.00000,+0.00000,0.0000,+0.000,+0.000,1.0000,0,1.0000,0,1,+5.000,+0.000,+5.000,-0.05000,+103.709,-0.00000,+0.00,+0.00000,1,+0.34985,+0.32666,0.01065,+92.621,0,208.7,0.0
21.345660,4,1,0.231377,0.231377,0.2490,-0.01762,1,1,0.0260,1,1,+0.51587,+0.11014,0.06236,199.83,+0.51587,+0.51587,-0.00000,+0.11014,0.06236,1.0000,1,0,0,0,0.0000,+0.00000,+0.00000,0.0000,+0.000,+0.000,1.0000,0,1.0000,0,1,+5.000,+0.000,+5.000,-0.05000,+103.709,-0.00000,+0.00,+0.00000,1,+0.34985,+0.32666,0.01065,+92.621,0,208.7,0.0
21.349933,4,1,0.231377,0.231377,0.2490,-0.01762,1,1,0.0260,1,1,+0.51587,+0.11014,0.06236,199.83,+0.51587,+0.51587,-0.00000,+0.11014,0.06236,1.0000,1,0,0,0,0.0000,+0.00000,+0.00000,0.0000,+0.000,+0.000,1.0000,0,1.0000,0,1,+5.000,+0.000,+5.000,-0.05000,+105.179,-0.00000,+0.00,+0.00000,1,+0.34985,+0.32666,0.01065,+92.916,0,208.7,0.0
21.354708,4,1,0.231377,0.231377,0.2490,-0.01762,1,1,0.0260,1,1,+0.51587,+0.11014,0.06236,199.83,+0.51587,+0.51587,-0.00000,+0.11014,0.06236,1.0000,1,0,0,0,0.0000,+0.00000,+0.00000,0.0000,+0.000,+0.000,1.0000,0,1.0000,0,1,+5.000,+0.000,+5.000,-0.05000,+105.179,-0.00000,+0.00,+0.00000,1,+0.34985,+0.32666,0.01065,+92.916,0,208.7,0.0
21.359487,4,1,0.231377,0.231377,0.2490,-0.01762,1,1,0.0260,1,1,+0.51587,+0.11014,0.06236,199.83,+0.51587,+0.51587,-0.00000,+0.11014,0.06236,1.0000,1,0,0,0,0.0000,+0.00000,+0.00000,0.0000,+0.000,+0.000,1.0000,0,1.0000,0,1,+5.000,+0.000,+5.000,-0.05000,+105.825,-0.00000,+0.00,+0.00000,1,+0.34985,+0.32666,0.01065,+93.046,0,208.7,0.0
21.364091,4,1,0.231377,0.231377,0.2490,-0.01762,1,1,0.0260,1,1,+0.51587,+0.11014,0.06236,199.83,+0.51587,+0.51587,-0.00000,+0.11014,0.06236,1.0000,1,0,0,0,0.0000,+0.00000,+0.00000,0.0000,+0.000,+0.000,1.0000,0,1.0000,0,1,+5.000,+0.000,+5.000,-0.05000,+105.825,-0.00000,+0.00,+0.00000,1,+0.34985,+0.32666,0.01065,+93.046,0,208.7,0.0
21.368642,4,1,0.231377,0.231377,0.2490,-0.01762,1,1,0.0260,1,1,+0.51587,+0.11014,0.06236,199.83,+0.51587,+0.51587,-0.00000,+0.11014,0.06236,1.0000,1,0,0,0,0.0000,+0.00000,+0.00000,0.0000,+0.000,+0.000,1.0000,0,1.0000,0,1,+5.000,+0.000,+5.000,-0.05000,+106.249,-0.00000,+0.00,+0.00000,1,+0.34985,+0.32666,0.01065,+93.133,0,208.7,0.0
21.373186,4,1,0.231377,0.231377,0.2490,-0.01762,1,1,0.0260,1,1,+0.51587,+0.11014,0.06236,199.83,+0.51587,+0.51587,-0.00000,+0.11014,0.06236,1.0000,1,0,0,0,0.0000,+0.00000,+0.00000,0.0000,+0.000,+0.000,1.0000,0,1.0000,0,1,+5.000,+0.000,+5.000,-0.05000,+106.249,-0.00000,+0.00,+0.00000,1,+0.34985,+0.32666,0.01065,+93.133,0,208.7,0.0
21.377682,4,1,0.231377,0.231377,0.2490,-0.01762,1,1,0.0260,1,1,+0.51587,+0.11014,0.06236,199.83,+0.51587,+0.51587,-0.00000,+0.11014,0.06236,1.0000,1,0,0,0,0.0000,+0.00000,+0.00000,0.0000,+0.000,+0.000,1.0000,0,1.0000,0,1,+5.000,+0.000,+5.000,-0.05000,+106.854,-0.00000,+0.00,+0.00000,1,+0.34985,+0.32666,0.01065,+93.256,0,208.7,0.0
21.382252,4,1,0.231377,0.231377,0.2490,-0.01762,1,1,0.0260,1,1,+0.51587,+0.11014,0.06236,199.83,+0.51587,+0.51587,-0.00000,+0.11014,0.06236,1.0000,1,0,0,0,0.0000,+0.00000,+0.00000,0.0000,+0.000,+0.000,1.0000,0,1.0000,0,1,+5.000,+0.000,+5.000,-0.05000,+106.854,-0.00000,+0.00,+0.00000,1,+0.34985,+0.32666,0.01065,+93.256,0,208.7,0.0
21.387018,4,1,0.231377,0.231377,0.2490,-0.01762,1,1,0.0260,1,1,+0.51587,+0.11014,0.06236,199.83,+0.51587,+0.51587,-0.00000,+0.11014,0.06236,1.0000,1,0,0,0,0.0000,+0.00000,+0.00000,0.0000,+0.000,+0.000,1.0000,0,1.0000,0,1,+5.000,+0.000,+5.000,-0.05000,+107.363,-0.00000,+0.00,+0.00000,1,+0.34985,+0.32666,0.01065,+93.361,0,208.7,0.0
21.391489,4,1,0.231377,0.231377,0.2490,-0.01762,1,1,0.0260,1,1,+0.51587,+0.11014,0.06236,199.83,+0.51587,+0.51587,-0.00000,+0.11014,0.06236,1.0000,1,0,0,0,0.0000,+0.00000,+0.00000,0.0000,+0.000,+0.000,1.0000,0,1.0000,0,1,+5.000,+0.000,+5.000,-0.05000,+107.363,-0.00000,+0.00,+0.00000,1,+0.34985,+0.32666,0.01065,+93.361,0,208.7,0.0
21.396225,4,1,0.231377,0.231377,0.2490,-0.01762,1,1,0.0260,1,1,+0.51587,+0.11014,0.06236,199.83,+0.51587,+0.51587,-0.00000,+0.11014,0.06236,1.0000,1,0,0,0,0.0000,+0.00000,+0.00000,0.0000,+0.000,+0.000,1.0000,0,1.0000,0,1,+5.000,+0.000,+5.000,-0.05000,+107.933,-0.00000,+0.00,+0.00000,1,+0.34985,+0.32666,0.01065,+93.479,0,208.7,0.0
21.400868,4,1,0.231377,0.231377,0.2490,-0.01762,1,1,0.0260,1,1,+0.51587,+0.11014,0.06236,199.83,+0.51587,+0.51587,-0.00000,+0.11014,0.06236,1.0000,1,0,0,0,0.0000,+0.00000,+0.00000,0.0000,+0.000,+0.000,1.0000,0,1.0000,0,1,+5.000,+0.000,+5.000,-0.05000,+107.933,-0.00000,+0.00,+0.00000,1,+0.34985,+0.32666,0.01065,+93.479,0,208.7,0.0
21.405540,4,1,0.231377,0.231377,0.2490,-0.01762,1,1,0.0260,1,1,+0.51587,+0.11014,0.06236,199.83,+0.51587,+0.51587,-0.00000,+0.11014,0.06236,1.0000,1,0,0,0,0.0000,+0.00000,+0.00000,0.0000,+0.000,+0.000,1.0000,0,1.0000,0,1,+5.000,+0.000,+5.000,-0.05000,+108.477,-0.00000,+0.00,+0.00000,1,+0.34985,+0.32666,0.01065,+93.592,0,208.7,0.0
21.410283,4,1,0.231377,0.231377,0.2490,-0.01762,1,1,0.0260,1,1,+0.51587,+0.11014,0.06236,199.83,+0.51587,+0.51587,-0.00000,+0.11014,0.06236,1.0000,1,0,0,0,0.0000,+0.00000,+0.00000,0.0000,+0.000,+0.000,1.0000,0,1.0000,0,1,+5.000,+0.000,+5.000,-0.05000,+108.477,-0.00000,+0.00,+0.00000,1,+0.34985,+0.32666,0.01065,+93.592,0,208.7,0.0
21.414821,4,1,0.231377,0.231377,0.2490,-0.01762,1,1,0.0260,1,1,+0.51587,+0.11014,0.06236,199.83,+0.51587,+0.51587,-0.00000,+0.11014,0.06236,1.0000,1,0,0,0,0.0000,+0.00000,+0.00000,0.0000,+0.000,+0.000,1.0000,0,1.0000,0,1,+5.000,+0.000,+5.000,-0.05000,+109.058,-0.00000,+0.00,+0.00000,1,+0.34985,+0.32666,0.01065,+93.714,0,208.7,0.0
21.419521,4,1,0.231377,0.231377,0.2490,-0.01762,1,1,0.0260,1,1,+0.51587,+0.11014,0.06236,199.83,+0.51587,+0.51587,-0.00000,+0.11014,0.06236,1.0000,1,0,0,0,0.0000,+0.00000,+0.00000,0.0000,+0.000,+0.000,1.0000,0,1.0000,0,1,+5.000,+0.000,+5.000,-0.05000,+109.058,-0.00000,+0.00,+0.00000,1,+0.34985,+0.32666,0.01065,+93.714,0,208.7,0.0
21.423923,4,1,0.231377,0.231377,0.2490,-0.01762,1,1,0.0260,1,1,+0.51587,+0.11014,0.06236,199.83,+0.51587,+0.51587,-0.00000,+0.11014,0.06236,1.0000,1,0,0,0,0.0000,+0.00000,+0.00000,0.0000,+0.000,+0.000,1.0000,0,1.0000,0,1,+5.000,+0.000,+5.000,-0.05000,+109.618,-0.00000,+0.00,+0.00000,1,+0.34985,+0.32666,0.01065,+93.832,0,208.7,0.0
21.430131,4,1,0.231377,0.231377,0.2490,-0.01762,1,1,0.0260,1,1,+0.51587,+0.11014,0.06236,199.83,+0.51587,+0.51587,-0.00000,+0.11014,0.06236,1.0000,1,0,0,0,0.0000,+0.00000,+0.00000,0.0000,+0.000,+0.000,1.0000,0,1.0000,0,1,+5.000,+0.000,+5.000,-0.05000,+110.213,-0.00000,+0.00,+0.00000,1,+0.34985,+0.32666,0.01065,+93.958,0,208.7,0.0
21.434698,4,1,0.231377,0.231377,0.2490,-0.01762,1,1,0.0260,1,1,+0.51587,+0.11014,0.06236,199.83,+0.51587,+0.51587,-0.00000,+0.11014,0.06236,1.0000,1,0,0,0,0.0000,+0.00000,+0.00000,0.0000,+0.000,+0.000,1.0000,0,1.0000,0,1,+5.000,+0.000,+5.000,-0.05000,+110.213,-0.00000,+0.00,+0.00000,1,+0.34985,+0.32666,0.01065,+93.958,0,208.7,0.0
21.439333,4,1,0.231377,0.231377,0.2490,-0.01762,1,1,0.0260,1,1,+0.51587,+0.11014,0.06236,199.83,+0.51587,+0.51587,-0.00000,+0.11014,0.06236,1.0000,1,0,0,0,0.0000,+0.00000,+0.00000,0.0000,+0.000,+0.000,1.0000,0,1.0000,0,1,+5.000,+0.000,+5.000,-0.05000,+110.577,-0.00000,+0.00,+0.00000,1,+0.34985,+0.32666,0.01065,+94.036,0,208.7,0.0
21.444072,4,1,0.231377,0.231377,0.2490,-0.01762,1,1,0.0260,1,1,+0.51587,+0.11014,0.06236,199.83,+0.51587,+0.51587,-0.00000,+0.11014,0.06236,1.0000,1,0,0,0,0.0000,+0.00000,+0.00000,0.0000,+0.000,+0.000,1.0000,0,1.0000,0,1,+5.000,+0.000,+5.000,-0.05000,+110.577,-0.00000,+0.00,+0.00000,1,+0.34985,+0.32666,0.01065,+94.036,0,208.7,0.0
21.449120,4,1,0.231377,0.231377,0.2490,-0.01762,1,1,0.0260,1,1,+0.51587,+0.11014,0.06236,199.83,+0.51587,+0.51587,-0.00000,+0.11014,0.06236,1.0000,1,0,0,0,0.0000,+0.00000,+0.00000,0.0000,+0.000,+0.000,1.0000,0,1.0000,0,1,+5.000,+0.000,+5.000,-0.05000,+111.072,-0.00000,+0.00,+0.00000,1,+0.34985,+0.32666,0.01065,+94.143,0,208.7,0.0
21.453544,4,1,0.231377,0.231377,0.2490,-0.01762,1,1,0.0260,1,1,+0.51587,+0.11014,0.06236,199.83,+0.51587,+0.51587,-0.00000,+0.11014,0.06236,1.0000,1,0,0,0,0.0000,+0.00000,+0.00000,0.0000,+0.000,+0.000,1.0000,0,1.0000,0,1,+5.000,+0.000,+5.000,-0.05000,+111.072,-0.00000,+0.00,+0.00000,1,+0.34985,+0.32666,0.01065,+94.143,0,208.7,0.0
21.458040,4,1,0.231377,0.231377,0.2490,-0.01762,1,1,0.0260,1,1,+0.51587,+0.11014,0.06236,199.83,+0.51587,+0.51587,-0.00000,+0.11014,0.06236,1.0000,1,0,0,0,0.0000,+0.00000,+0.00000,0.0000,+0.000,+0.000,1.0000,0,1.0000,0,1,+5.000,+0.000,+5.000,-0.05000,+111.646,-0.00000,+0.00,+0.00000,1,+0.34985,+0.32666,0.01065,+94.267,0,208.7,0.0
21.462629,4,1,0.231377,0.231377,0.2490,-0.01762,1,1,0.0260,1,1,+0.51587,+0.11014,0.06236,199.83,+0.51587,+0.51587,-0.00000,+0.11014,0.06236,1.0000,1,0,0,0,0.0000,+0.00000,+0.00000,0.0000,+0.000,+0.000,1.0000,0,1.0000,0,1,+5.000,+0.000,+5.000,-0.05000,+111.646,-0.00000,+0.00,+0.00000,1,+0.34985,+0.32666,0.01065,+94.267,0,208.7,0.0
21.466999,4,1,0.231377,0.231377,0.2490,-0.01762,1,1,0.0260,1,1,+0.51587,+0.11014,0.06236,199.83,+0.51587,+0.51587,-0.00000,+0.11014,0.06236,1.0000,1,0,0,0,0.0000,+0.00000,+0.00000,0.0000,+0.000,+0.000,1.0000,0,1.0000,0,1,+5.000,+0.000,+5.000,-0.05000,+112.186,-0.00000,+0.00,+0.00000,1,+0.34985,+0.32666,0.01065,+94.385,0,208.7,0.0
21.471712,4,1,0.231377,0.231377,0.2490,-0.01762,1,1,0.0260,1,1,+0.51587,+0.11014,0.06236,199.83,+0.51587,+0.51587,-0.00000,+0.11014,0.06236,1.0000,1,0,0,0,0.0000,+0.00000,+0.00000,0.0000,+0.000,+0.000,1.0000,0,1.0000,0,1,+5.000,+0.000,+5.000,-0.05000,+112.623,-0.00000,+0.00,+0.00000,1,+0.34985,+0.32666,0.01065,+94.481,0,208.7,0.0
21.476293,4,1,0.231377,0.231377,0.2490,-0.01762,1,1,0.0260,1,1,+0.51587,+0.11014,0.06236,199.83,+0.51587,+0.51587,-0.00000,+0.11014,0.06236,1.0000,1,0,0,0,0.0000,+0.00000,+0.00000,0.0000,+0.000,+0.000,1.0000,0,1.0000,0,1,+5.000,+0.000,+5.000,-0.05000,+112.623,-0.00000,+0.00,+0.00000,1,+0.34985,+0.32666,0.01065,+94.481,0,208.7,0.0
21.480861,4,1,0.231377,0.231377,0.2490,-0.01762,1,1,0.0260,1,1,+0.51587,+0.11014,0.06236,199.83,+0.51587,+0.51587,-0.00000,+0.11014,0.06236,1.0000,1,0,0,0,0.0000,+0.00000,+0.00000,0.0000,+0.000,+0.000,1.0000,0,1.0000,0,1,+5.000,+0.000,+5.000,-0.05000,+113.185,-0.00000,+0.00,+0.00000,1,+0.34985,+0.32666,0.01065,+94.606,0,208.7,0.0
21.485395,4,1,0.231377,0.231377,0.2490,-0.01762,1,1,0.0260,1,1,+0.51587,+0.11014,0.06236,199.83,+0.51587,+0.51587,-0.00000,+0.11014,0.06236,1.0000,1,0,0,0,0.0000,+0.00000,+0.00000,0.0000,+0.000,+0.000,1.0000,0,1.0000,0,1,+5.000,+0.000,+5.000,-0.05000,+113.185,-0.00000,+0.00,+0.00000,1,+0.34985,+0.32666,0.01065,+94.606,0,208.7,0.0
21.490471,4,1,0.231377,0.231377,0.2490,-0.01762,1,1,0.0260,1,1,+0.51587,+0.11014,0.06236,199.83,+0.51587,+0.51587,-0.00000,+0.11014,0.06236,1.0000,1,0,0,0,0.0000,+0.00000,+0.00000,0.0000,+0.000,+0.000,1.0000,0,1.0000,0,1,+5.000,+0.000,+5.000,-0.05000,+113.641,-0.00000,+0.00,+0.00000,1,+0.34985,+0.32666,0.01065,+94.708,0,208.7,0.0
21.494952,4,1,0.231377,0.231377,0.2490,-0.01762,1,1,0.0260,1,1,+0.51587,+0.11014,0.06236,199.83,+0.51587,+0.51587,-0.00000,+0.11014,0.06236,1.0000,1,0,0,0,0.0000,+0.00000,+0.00000,0.0000,+0.000,+0.000,1.0000,0,1.0000,0,1,+5.000,+0.000,+5.000,-0.05000,+113.641,-0.00000,+0.00,+0.00000,1,+0.34985,+0.32666,0.01065,+94.708,0,208.7,0.0
21.499531,4,1,0.231377,0.231377,0.2490,-0.01762,1,1,0.0260,1,1,+0.51587,+0.11014,0.06236,199.83,+0.51587,+0.51587,-0.00000,+0.11014,0.06236,1.0000,1,0,0,0,0.0000,+0.00000,+0.00000,0.0000,+0.000,+0.000,1.0000,0,1.0000,0,1,+5.000,+0.000,+5.000,-0.05000,+114.215,-0.00000,+0.00,+0.00000,1,+0.34985,+0.32666,0.01065,+94.837,0,208.7,0.0
21.504029,4,1,0.231377,0.231377,0.2490,-0.01762,1,1,0.0260,1,1,+0.51587,+0.11014,0.06236,199.83,+0.51587,+0.51587,-0.00000,+0.11014,0.06236,1.0000,1,0,0,0,0.0000,+0.00000,+0.00000,0.0000,+0.000,+0.000,1.0000,0,1.0000,0,1,+5.000,+0.000,+5.000,-0.05000,+114.215,-0.00000,+0.00,+0.00000,1,+0.34985,+0.32666,0.01065,+94.837,0,208.7,0.0
21.508582,4,1,0.231377,0.231377,0.2490,-0.01762,1,1,0.0260,1,1,+0.51587,+0.11014,0.06236,199.83,+0.51587,+0.51587,-0.00000,+0.11014,0.06236,1.0000,1,0,0,0,0.0000,+0.00000,+0.00000,0.0000,+0.000,+0.000,1.0000,0,1.0000,0,1,+5.000,+0.000,+5.000,-0.05000,+114.646,-0.00000,+0.00,+0.00000,1,+0.34985,+0.32666,0.01065,+94.935,0,208.7,0.0
21.513105,4,1,0.231377,0.231377,0.2490,-0.01762,1,1,0.0260,1,1,+0.51587,+0.11014,0.06236,199.83,+0.51587,+0.51587,-0.00000,+0.11014,0.06236,1.0000,1,0,0,0,0.0000,+0.00000,+0.00000,0.0000,+0.000,+0.000,1.0000,0,1.0000,0,1,+5.000,+0.000,+5.000,-0.05000,+114.646,-0.00000,+0.00,+0.00000,1,+0.34985,+0.32666,0.01065,+94.935,0,208.7,0.0
21.518222,4,1,0.231377,0.231377,0.2490,-0.01762,1,1,0.0260,1,1,+0.51587,+0.11014,0.06236,199.83,+0.51587,+0.51587,-0.00000,+0.11014,0.06236,1.0000,1,0,0,0,0.0000,+0.00000,+0.00000,0.0000,+0.000,+0.000,1.0000,0,1.0000,0,1,+5.000,+0.000,+5.000,-0.05000,+115.069,-0.00000,+0.00,+0.00000,1,+0.34985,+0.32666,0.01065,+95.031,0,208.7,0.0
21.522378,4,1,0.231377,0.231377,0.2490,-0.01762,1,1,0.0260,1,1,+0.51587,+0.11014,0.06236,199.83,+0.51587,+0.51587,-0.00000,+0.11014,0.06236,1.0000,1,0,0,0,0.0000,+0.00000,+0.00000,0.0000,+0.000,+0.000,1.0000,0,1.0000,0,1,+5.000,+0.000,+5.000,-0.05000,+115.506,-0.00000,+0.00,+0.00000,1,+0.34985,+0.32666,0.01065,+95.132,0,208.7,0.0
21.529773,4,1,0.231377,0.231377,0.2490,-0.01762,1,1,0.0260,1,1,+0.51587,+0.11014,0.06236,199.83,+0.51587,+0.51587,-0.00000,+0.11014,0.06236,1.0000,1,0,0,0,0.0000,+0.00000,+0.00000,0.0000,+0.000,+0.000,1.0000,0,1.0000,0,1,+5.000,+0.000,+5.000,-0.05000,+115.506,-0.00000,+0.00,+0.00000,1,+0.34985,+0.32666,0.01065,+95.132,0,208.7,0.0
21.534073,4,1,0.231377,0.231377,0.2490,-0.01762,1,1,0.0260,1,1,+0.51587,+0.11014,0.06236,199.83,+0.51587,+0.51587,-0.00000,+0.11014,0.06236,1.0000,1,0,0,0,0.0000,+0.00000,+0.00000,0.0000,+0.000,+0.000,1.0000,0,1.0000,0,1,+5.000,+0.000,+5.000,-0.05000,+116.067,-0.00000,+0.00,+0.00000,1,+0.34985,+0.32666,0.01065,+95.262,0,208.7,0.0
21.538577,4,1,0.231377,0.231377,0.2490,-0.01762,1,1,0.0260,1,1,+0.51587,+0.11014,0.06236,199.83,+0.51587,+0.51587,-0.00000,+0.11014,0.06236,1.0000,1,0,0,0,0.0000,+0.00000,+0.00000,0.0000,+0.000,+0.000,1.0000,0,1.0000,0,1,+5.000,+0.000,+5.000,-0.05000,+116.067,-0.00000,+0.00,+0.00000,1,+0.34985,+0.32666,0.01065,+95.262,0,208.7,0.0
21.542837,4,1,0.231377,0.231377,0.2490,-0.01762,1,1,0.0260,1,1,+0.51587,+0.11014,0.06236,199.83,+0.51587,+0.51587,-0.00000,+0.11014,0.06236,1.0000,1,0,0,0,0.0000,+0.00000,+0.00000,0.0000,+0.000,+0.000,1.0000,0,1.0000,0,1,+5.000,+0.000,+5.000,-0.05000,+116.661,-0.00000,+0.00,+0.00000,1,+0.34985,+0.32666,0.01065,+95.402,0,208.7,0.0
21.547066,4,1,0.231377,0.231377,0.2490,-0.01762,1,1,0.0260,1,1,+0.51587,+0.11014,0.06236,199.83,+0.51587,+0.51587,-0.00000,+0.11014,0.06236,1.0000,1,0,0,0,0.0000,+0.00000,+0.00000,0.0000,+0.000,+0.000,1.0000,0,1.0000,0,1,+5.000,+0.000,+5.000,-0.05000,+116.661,-0.00000,+0.00,+0.00000,1,+0.34985,+0.32666,0.01065,+95.402,0,208.7,0.0
21.551809,4,1,0.231377,0.231377,0.2490,-0.01762,1,1,0.0260,1,1,+0.51587,+0.11014,0.06236,199.83,+0.51587,+0.51587,-0.00000,+0.11014,0.06236,1.0000,1,0,0,0,0.0000,+0.00000,+0.00000,0.0000,+0.000,+0.000,1.0000,0,1.0000,0,1,+5.000,+0.000,+5.000,-0.05000,+117.138,-0.00000,+0.00,+0.00000,1,+0.34985,+0.32666,0.01065,+95.514,0,208.7,0.0
21.556369,4,1,0.231377,0.231377,0.2490,-0.01762,1,1,0.0260,1,1,+0.51587,+0.11014,0.06236,199.83,+0.51587,+0.51587,-0.00000,+0.11014,0.06236,1.0000,1,0,0,0,0.0000,+0.00000,+0.00000,0.0000,+0.000,+0.000,1.0000,0,1.0000,0,1,+5.000,+0.000,+5.000,-0.05000,+117.138,-0.00000,+0.00,+0.00000,1,+0.34985,+0.32666,0.01065,+95.514,0,208.7,0.0
21.560776,4,1,0.231377,0.231377,0.2490,-0.01762,1,1,0.0260,1,1,+0.51587,+0.11014,0.06236,199.83,+0.51587,+0.51587,-0.00000,+0.11014,0.06236,1.0000,1,0,0,0,0.0000,+0.00000,+0.00000,0.0000,+0.000,+0.000,1.0000,0,1.0000,0,1,+5.000,+0.000,+5.000,-0.05000,+117.601,-0.00000,+0.00,+0.00000,1,+0.34985,+0.32666,0.01065,+95.625,0,208.7,0.0
21.565302,4,1,0.231377,0.231377,0.2490,-0.01762,1,1,0.0260,1,1,+0.51587,+0.11014,0.06236,199.83,+0.51587,+0.51587,-0.00000,+0.11014,0.06236,1.0000,1,0,0,0,0.0000,+0.00000,+0.00000,0.0000,+0.000,+0.000,1.0000,0,1.0000,0,1,+5.000,+0.000,+5.000,-0.05000,+117.601,-0.00000,+0.00,+0.00000,1,+0.34985,+0.32666,0.01065,+95.625,0,208.7,0.0
21.569490,4,1,0.231377,0.231377,0.2490,-0.01762,1,1,0.0260,1,1,+0.51587,+0.11014,0.06236,199.83,+0.51587,+0.51587,-0.00000,+0.11014,0.06236,1.0000,1,0,0,0,0.0000,+0.00000,+0.00000,0.0000,+0.000,+0.000,1.0000,0,1.0000,0,1,+5.000,+0.000,+5.000,-0.05000,+118.022,-0.00000,+0.00,+0.00000,1,+0.34985,+0.32666,0.01065,+95.727,0,208.7,0.0
21.574029,4,1,0.231377,0.231377,0.2490,-0.01762,1,1,0.0260,1,1,+0.51587,+0.11014,0.06236,199.83,+0.51587,+0.51587,-0.00000,+0.11014,0.06236,1.0000,1,0,0,0,0.0000,+0.00000,+0.00000,0.0000,+0.000,+0.000,1.0000,0,1.0000,0,1,+5.000,+0.000,+5.000,-0.05000,+118.022,-0.00000,+0.00,+0.00000,1,+0.34985,+0.32666,0.01065,+95.727,0,208.7,0.0
21.578622,4,1,0.231377,0.231377,0.2490,-0.01762,1,1,0.0260,1,1,+0.51587,+0.11014,0.06236,199.83,+0.51587,+0.51587,-0.00000,+0.11014,0.06236,1.0000,1,0,0,0,0.0000,+0.00000,+0.00000,0.0000,+0.000,+0.000,1.0000,0,1.0000,0,1,+5.000,+0.000,+5.000,-0.05000,+118.454,-0.00000,+0.00,+0.00000,1,+0.34985,+0.32666,0.01065,+95.831,0,208.7,0.0
21.583141,4,1,0.231377,0.231377,0.2490,-0.01762,1,1,0.0260,1,1,+0.51587,+0.11014,0.06236,199.83,+0.51587,+0.51587,-0.00000,+0.11014,0.06236,1.0000,1,0,0,0,0.0000,+0.00000,+0.00000,0.0000,+0.000,+0.000,1.0000,0,1.0000,0,1,+5.000,+0.000,+5.000,-0.05000,+118.454,-0.00000,+0.00,+0.00000,1,+0.34985,+0.32666,0.01065,+95.831,0,208.7,0.0
21.587682,4,1,0.231377,0.231377,0.2490,-0.01762,1,1,0.0260,1,1,+0.51587,+0.11014,0.06236,199.83,+0.51587,+0.51587,-0.00000,+0.11014,0.06236,1.0000,1,0,0,0,0.0000,+0.00000,+0.00000,0.0000,+0.000,+0.000,1.0000,0,1.0000,0,1,+5.000,+0.000,+5.000,-0.05000,+118.928,-0.00000,+0.00,+0.00000,1,+0.34985,+0.32666,0.01065,+95.947,0,208.7,0.0
21.592250,4,1,0.231377,0.231377,0.2490,-0.01762,1,1,0.0260,1,1,+0.51587,+0.11014,0.06236,199.83,+0.51587,+0.51587,-0.00000,+0.11014,0.06236,1.0000,1,0,0,0,0.0000,+0.00000,+0.00000,0.0000,+0.000,+0.000,1.0000,0,1.0000,0,1,+5.000,+0.000,+5.000,-0.05000,+118.928,-0.00000,+0.00,+0.00000,1,+0.34985,+0.32666,0.01065,+95.947,0,208.7,0.0
21.597427,4,1,0.231377,0.231377,0.2490,-0.01762,1,1,0.0260,1,1,+0.51587,+0.11014,0.06236,199.83,+0.51587,+0.51587,-0.00000,+0.11014,0.06236,1.0000,1,0,0,0,0.0000,+0.00000,+0.00000,0.0000,+0.000,+0.000,1.0000,0,1.0000,0,1,+5.000,+0.000,+5.000,-0.05000,+119.430,-0.00000,+0.00,+0.00000,1,+0.34985,+0.32666,0.01065,+96.072,0,208.7,0.0
21.602354,4,1,0.231377,0.231377,0.2490,-0.01762,1,1,0.0260,1,1,+0.51587,+0.11014,0.06236,199.83,+0.51587,+0.51587,-0.00000,+0.11014,0.06236,1.0000,1,0,0,0,0.0000,+0.00000,+0.00000,0.0000,+0.000,+0.000,1.0000,0,1.0000,0,1,+5.000,+0.000,+5.000,-0.05000,+119.817,-0.00000,+0.00,+0.00000,1,+0.34985,+0.32666,0.01065,+96.168,0,208.7,0.0
21.610614,4,1,0.231377,0.231377,0.2490,-0.01762,1,1,0.0260,1,1,+0.51587,+0.11014,0.06236,199.83,+0.51587,+0.51587,-0.00000,+0.11014,0.06236,1.0000,1,0,0,0,0.0000,+0.00000,+0.00000,0.0000,+0.000,+0.000,1.0000,0,1.0000,0,1,+5.000,+0.000,+5.000,-0.05000,+119.817,-0.00000,+0.00,+0.00000,1,+0.34985,+0.32666,0.01065,+96.168,0,208.7,0.0
