t,seg,active_gate,thrust,thrust_cmd,base_thrust,vtrim,descent_on,gate_v_ok,gate_found,u_err,v_err,size_frac,cy,steer,des_roll_deg,roll_n,est_pitch_deg,gyro_pitch,des_pitch_deg,pitch_n,tube_found,u_tube,curvature,area_frac,est_roll_deg,hold_on,loop_hz,det_hz
0.012107,0,0,0.275578,0.275578,0.2750,+0.00058,0,1,1,+0.02044,-0.00361,0.07857,179.35,0,+0.000,+0.00000,-17.802,+0.00000,-17.80,+0.00000,1,-0.01537,-0.00485,0.01977,+0.015,0,0.0,0.0
0.049054,0,0,0.275488,0.275488,0.2750,+0.00049,0,1,1,+0.02148,-0.00352,0.07837,179.37,0,+0.000,+0.00000,-17.802,+0.00000,-17.80,+0.00000,1,-0.01334,-0.00380,0.01929,+0.015,0,0.0,0.0
0.081454,0,0,0.279200,0.279200,0.2750,+0.00420,0,1,1,+0.02117,-0.00728,0.08032,178.69,0,+0.000,+0.00000,-17.801,-0.00905,-17.80,+0.00000,1,-0.01327,-0.00605,0.01917,+0.024,0,0.0,0.0
0.111825,0,0,0.279383,0.279383,0.2750,+0.00438,0,1,1,+0.01936,-0.00798,0.07974,178.56,0,+0.000,+0.00000,-17.178,-0.00292,-17.80,+0.00000,1,-0.01324,-0.00385,0.01887,+0.011,0,0.0,0.0
0.141388,0,0,0.280028,0.280028,0.2750,+0.00503,0,1,1,+0.01932,-0.00914,0.08032,178.35,0,+0.000,+0.00000,-16.355,+0.00000,-17.80,+0.00000,1,-0.01963,+0.00337,0.01868,+0.012,0,0.0,0.0
0.170999,0,0,0.279281,0.279281,0.2750,+0.00428,0,1,1,+0.02025,-0.00898,0.08032,178.38,0,+0.000,+0.00000,-15.409,+0.00649,-17.80,+0.00000,1,-0.01931,+0.00223,0.01852,+0.012,0,0.0,0.0
0.202234,0,0,0.278967,0.278967,0.2750,+0.00397,0,1,1,+0.02076,-0.00916,0.08070,178.35,0,+0.000,+0.00000,-14.225,+0.00069,-17.80,+0.00000,1,-0.02145,+0.00077,0.01842,+0.012,0,0.0,0.0
0.235145,0,0,0.278517,0.278517,0.2750,+0.00352,0,1,1,+0.02076,-0.00916,0.08070,178.35,0,+0.000,+0.00000,-13.139,+0.00067,-17.80,+0.00000,1,-0.02145,+0.00077,0.01842,+0.011,0,0.0,0.0
0.265425,0,0,0.279336,0.279336,0.2750,+0.00434,0,1,1,+0.02169,-0.01034,0.08146,178.14,0,+0.000,+0.00000,-12.036,+0.00104,-17.80,+0.00000,1,-0.00947,-0.01086,0.01821,+0.010,0,0.0,0.0
0.298112,0,0,0.278856,0.278856,0.2750,+0.00386,0,1,1,+0.02169,-0.01034,0.08146,178.14,0,+0.000,+0.00000,-11.322,+0.00083,-17.80,+0.00000,1,-0.00947,-0.01086,0.01821,+0.010,0,0.0,0.0
0.329771,0,0,0.281309,0.281309,0.2750,+0.00631,0,1,1,+0.02238,-0.01321,0.08278,177.62,0,+0.000,+0.00000,-10.617,+0.00072,-17.80,+0.00000,1,-0.01468,-0.00829,0.01816,+0.009,0,0.0,0.0
0.358198,0,0,0.281601,0.281601,0.2750,+0.00660,0,1,1,+0.02294,-0.01417,0.08333,177.45,0,+0.000,+0.00000,-9.963,+0.00065,-17.80,+0.00000,1,-0.01569,-0.00610,0.01789,+0.009,0,0.0,0.0
0.387263,0,0,0.282978,0.282978,0.2750,+0.00798,0,1,1,+0.02259,-0.01626,0.08444,177.07,0,+0.000,+0.00000,-9.179,+0.00054,-17.80,+0.00000,1,-0.02186,-0.00137,0.01813,+0.008,0,0.0,0.0
0.415399,0,0,0.283775,0.283775,0.2750,+0.00878,0,1,1,+0.02193,-0.01790,0.08498,176.78,0,+0.000,+0.00000,-8.674,+0.00047,-17.80,+0.00000,1,-0.02123,-0.00211,0.01816,+0.008,0,0.0,0.0
0.448422,0,0,0.283113,0.283113,0.2750,+0.00811,0,1,1,+0.02124,-0.01831,0.08535,176.70,0,+0.000,+0.00000,-8.018,+0.00041,-17.80,+0.00000,1,-0.02320,+0.00015,0.01861,+0.007,0,0.0,0.0
0.478096,0,0,0.282584,0.282584,0.2750,+0.00758,0,1,1,+0.02147,-0.01864,0.08589,176.64,0,+0.000,+0.00000,-7.542,+0.00037,-17.80,+0.00000,1,-0.03263,+0.00737,0.01976,+0.007,0,0.0,0.0
0.507391,0,0,0.280504,0.280504,0.2750,+0.00550,0,1,1,+0.02103,-0.01731,0.08480,176.88,0,+0.000,+0.00000,-6.986,+0.00032,-17.80,+0.00000,1,-0.14822,+0.11733,0.02539,+0.006,0,0.0,0.0
0.536095,0,0,0.280140,0.280140,0.2750,+0.00514,0,1,1,+0.02171,-0.01739,0.08462,176.87,0,+0.000,+0.00000,-6.573,+0.00028,-17.80,+0.00000,1,-0.03599,-0.03507,0.11284,+0.006,0,0.0,0.0
0.565696,0,0,0.279751,0.279751,0.2750,+0.00475,0,1,1,+0.02171,-0.01739,0.08462,176.87,0,+0.000,+0.00000,-6.214,+0.00024,-17.80,+0.00000,1,-0.03599,-0.03507,0.11284,+0.006,0,0.0,0.0
0.596311,0,0,0.276347,0.276347,0.2750,+0.00135,0,1,1,+0.02134,-0.01429,0.08184,177.43,0,+0.000,+0.00000,-5.862,+0.00021,-17.80,+0.00000,1,-0.01187,+0.01115,0.18135,+0.005,0,0.0,0.0
0.626599,0,0,0.261747,0.261747,0.2750,-0.01325,0,1,1,+0.01816,+0.00059,0.07222,180.11,0,+0.000,+0.00000,-5.557,+0.00019,-17.80,+0.00000,1,-0.01071,+0.01249,0.19770,+0.005,0,0.0,0.0
0.655617,0,0,0.244336,0.239984,0.2750,-0.03502,0,1,1,+0.01724,+0.02454,0.06086,184.42,0,+0.000,+0.00000,-5.125,+0.00017,-17.80,+0.00000,1,-0.01159,+0.01406,0.18424,+0.005,0,0.0,0.0
0.683488,0,0,0.245547,0.245547,0.2750,-0.02945,0,1,1,+0.01743,+0.02385,0.06161,184.29,0,+0.000,+0.00000,-4.975,+0.00015,-17.80,+0.00000,1,-0.01864,+0.02068,0.15572,+0.005,0,0.0,0.0
0.714387,0,0,0.254229,0.254229,0.2750,-0.02077,0,1,1,+0.01810,+0.01950,0.06917,183.51,0,+0.000,+0.00000,-4.902,+0.00012,-17.80,+0.00000,1,+0.00312,-0.00341,0.12302,+0.005,0,0.0,0.0
0.741498,0,0,0.261078,0.261078,0.2750,-0.01392,0,1,1,+0.02077,+0.01538,0.07115,182.77,0,+0.000,+0.00000,-4.902,+0.00011,-17.80,+0.00000,1,-0.12228,+0.12216,0.08334,+0.005,0,0.0,0.0
0.766780,0,0,0.270530,0.270530,0.2750,-0.00447,0,1,1,+0.02237,+0.00770,0.07370,181.39,0,+0.000,+0.00000,-4.902,+0.00010,-17.80,+0.00000,1,-0.17656,+0.17685,0.06116,+0.005,0,0.0,0.0
0.794602,0,0,0.271036,0.271036,0.2750,-0.00396,0,1,1,+0.02237,+0.00770,0.07370,181.39,0,+0.000,+0.00000,-4.713,+0.00009,-17.80,+0.00000,1,-0.17656,+0.17685,0.06116,+0.004,0,0.0,0.0
0.826053,0,0,0.283264,0.283264,0.2750,+0.00826,0,1,1,+0.02075,-0.00421,0.08221,179.24,0,+0.000,+0.00000,-4.574,+0.00008,-17.80,+0.00000,1,-0.12799,+0.08684,0.03284,+0.004,0,0.0,0.0
0.853127,0,0,0.282104,0.282104,0.2750,+0.00710,0,1,1,+0.02075,-0.00421,0.08221,179.24,0,+0.000,+0.00000,-4.331,+0.00007,-17.80,+0.00000,1,-0.12799,+0.08684,0.03284,+0.004,0,0.0,0.0
0.883400,0,0,0.283637,0.283637,0.2750,+0.00864,0,1,1,+0.02028,-0.00685,0.08315,178.77,0,+0.000,+0.00000,-4.306,+0.00006,-17.80,+0.00000,0,+0.00000,+0.00000,0.01816,+0.004,0,0.0,0.0
0.911725,0,0,0.281667,0.281667,0.2750,+0.00667,0,1,1,+0.01808,-0.00607,0.08333,178.91,0,+0.000,+0.00000,-4.075,+0.00006,-17.80,+0.00000,0,+0.00000,+0.00000,0.01153,+0.003,0,0.0,0.0
0.942830,0,0,0.285115,0.285115,0.2750,+0.01012,0,1,1,+0.01462,-0.01055,0.08589,178.10,0,+0.000,+0.00000,-4.021,+0.00005,-17.80,+0.00000,0,+0.00000,+0.00000,0.00953,+0.003,0,0.0,0.0
0.970649,0,0,0.283550,0.283550,0.2750,+0.00855,0,1,1,+0.01614,-0.01031,0.08517,178.14,0,+0.000,+0.00000,-3.991,+0.00004,-17.80,+0.00000,0,+0.00000,+0.00000,0.00668,+0.003,0,0.0,0.0
1.000930,0,0,0.287656,0.287656,0.2750,+0.01266,0,1,1,+0.01699,-0.01561,0.08370,177.19,0,+0.000,+0.00000,-3.798,+0.00004,-17.80,+0.00000,0,+0.00000,+0.00000,0.00299,+0.003,0,0.0,0.0
1.028467,0,0,0.286815,0.286815,0.2750,+0.01182,0,1,1,+0.01583,-0.01635,0.08333,177.06,0,+0.000,+0.00000,-3.731,+0.00003,-17.80,+0.00000,0,+0.00000,+0.00000,0.00257,+0.003,0,34.4,33.4
1.056803,0,0,0.285354,0.285354,0.2750,+0.01035,0,1,1,+0.01583,-0.01635,0.08333,177.06,0,+0.000,+0.00000,-3.646,+0.00003,-17.80,+0.00000,0,+0.00000,+0.00000,0.00257,+0.003,0,34.4,33.4
1.084958,0,0,0.287850,0.287850,0.2750,+0.01285,0,1,1,+0.01659,-0.02006,0.08444,176.39,0,+0.000,+0.00000,-3.545,+0.00003,-17.80,+0.00000,0,+0.00000,+0.00000,0.00234,+0.003,0,34.4,33.4
1.112735,0,0,0.289862,0.289862,0.2750,+0.01486,0,1,1,+0.01385,-0.02356,0.08462,175.76,0,+0.000,+0.00000,-3.494,+0.00002,-17.80,+0.00000,0,+0.00000,+0.00000,0.00240,+0.002,0,34.4,33.4
1.139528,0,0,0.299080,0.299080,0.2750,+0.02408,0,1,1,+0.01462,-0.03437,0.08906,173.81,0,+0.000,+0.00000,-3.434,+0.00002,-17.80,+0.00000,0,+0.00000,+0.00000,0.00233,+0.002,0,34.4,33.4
1.168763,0,0,0.296567,0.296567,0.2750,+0.02157,0,1,1,+0.01486,-0.03489,0.08906,173.72,0,+0.000,+0.00000,-3.386,+0.00002,-17.80,+0.00000,0,+0.00000,+0.00000,0.00263,+0.002,0,34.4,33.4
1.197258,0,0,0.295023,0.295023,0.2750,+0.02002,0,1,1,+0.01644,-0.03590,0.09179,173.54,0,+0.000,+0.00000,-3.296,+0.00002,-17.80,+0.00000,0,+0.00000,+0.00000,0.00253,+0.002,0,34.4,33.4
1.224511,0,0,0.292828,0.292828,0.2750,+0.01783,0,1,1,+0.01644,-0.03590,0.09179,173.54,0,+0.000,+0.00000,-3.309,+0.00001,-17.80,+0.00000,0,+0.00000,+0.00000,0.00253,+0.002,0,34.4,33.4
1.253695,0,0,0.293803,0.293803,0.2750,+0.01880,0,1,1,+0.01729,-0.03885,0.09329,173.01,0,+0.000,+0.00000,-3.436,+0.00001,-17.80,+0.00000,0,+0.00000,+0.00000,0.00301,+0.002,0,34.4,33.4
1.279935,0,0,0.292490,0.292490,0.2750,+0.01749,0,1,1,+0.01808,-0.03940,0.09477,172.91,0,+0.000,+0.00000,-3.454,+0.00001,-17.80,+0.00000,0,+0.00000,+0.00000,0.00473,+0.002,0,34.4,33.4
1.311656,0,0,0.290886,0.290886,0.2750,+0.01589,0,1,1,+0.01864,-0.03976,0.09526,172.84,0,+0.000,+0.00000,-3.441,+0.00001,-17.80,+0.00000,0,+0.00000,+0.00000,0.00686,+0.002,0,34.4,33.4
1.343681,0,0,0.288542,0.288542,0.2750,+0.01354,0,1,1,+0.01866,-0.03908,0.09493,172.97,0,+0.000,+0.00000,-3.659,+0.00001,-17.80,+0.00000,0,+0.00000,+0.00000,0.00858,+0.002,0,34.4,33.4
1.373294,0,0,0.285191,0.285191,0.2750,+0.01019,0,1,1,+0.01902,-0.03692,0.09329,173.35,0,+0.000,+0.00000,-3.656,+0.00001,-17.80,+0.00000,0,+0.00000,+0.00000,0.00910,+0.002,0,34.4,33.4
1.402839,0,0,0.284486,0.284486,0.2750,+0.00949,0,1,1,+0.01902,-0.03692,0.09329,173.35,0,+0.000,+0.00000,-3.673,+0.00001,-17.80,+0.00000,0,+0.00000,+0.00000,0.00928,+0.002,0,34.4,33.4
1.433805,0,0,0.290580,0.290580,0.2750,+0.01558,0,1,1,+0.01906,-0.04370,0.09606,172.13,0,+0.000,+0.00000,-3.661,+0.00001,-17.80,+0.00000,0,+0.00000,+0.00000,0.00939,+0.002,0,34.4,33.4
1.462915,0,0,0.289185,0.289185,0.2750,+0.01418,0,1,1,+0.01906,-0.04370,0.09606,172.13,0,+0.000,+0.00000,-3.685,+0.00001,-17.80,+0.00000,0,+0.00000,+0.00000,0.00939,+0.001,0,34.4,33.4
1.492111,0,0,0.286296,0.286296,0.2750,+0.01130,0,1,1,+0.01905,-0.04198,0.09797,172.44,0,+0.000,+0.00000,-3.725,+0.00000,-17.80,+0.00000,0,+0.00000,+0.00000,0.00907,+0.001,0,34.4,33.4
1.523077,0,0,0.284478,0.284478,0.2750,+0.00948,0,1,1,+0.01859,-0.04093,0.09734,172.63,0,+0.000,+0.00000,-3.854,+0.00000,-17.80,+0.00000,0,+0.00000,+0.00000,0.00901,+0.001,0,34.4,33.4
1.554775,0,0,0.284025,0.284025,0.2750,+0.00903,0,1,1,+0.01879,-0.04099,0.09766,172.62,0,+0.000,+0.00000,-4.044,+0.00000,-17.80,+0.00000,0,+0.00000,+0.00000,0.00889,+0.001,0,34.4,33.4
1.583310,0,0,0.278784,0.278784,0.2750,+0.00378,0,1,1,+0.01855,-0.03615,0.09876,173.49,0,+0.000,+0.00000,-4.106,+0.00000,-17.80,+0.00000,0,+0.00000,+0.00000,0.00899,+0.001,0,34.4,33.4
1.615453,0,0,0.278522,0.278522,0.2750,+0.00352,0,1,1,+0.01937,-0.03552,0.10015,173.61,1,-1.331,-0.00582,-4.096,+0.00000,-17.80,+0.00000,0,+0.00000,+0.00000,0.00928,+0.001,0,34.4,33.4
1.649574,0,0,0.280266,0.280266,0.2750,+0.00527,0,1,1,+0.02051,-0.03690,0.10000,173.36,1,-1.410,-0.00616,-4.153,+0.00000,-17.80,+0.00000,0,+0.00000,+0.00000,0.01054,+0.001,0,34.4,33.4
1.678446,0,0,0.280931,0.280931,0.2750,+0.00593,0,1,1,+0.02249,-0.03746,0.10107,173.26,1,-1.546,-0.00633,-4.237,+0.00000,-17.80,+0.00000,0,+0.00000,+0.00000,0.02831,-0.046,0,34.4,33.4
1.707428,0,0,0.280742,0.280742,0.2750,+0.00574,0,1,1,+0.01900,-0.03726,0.10319,173.29,1,-1.307,-0.00472,-4.336,+0.00000,-17.80,+0.00000,0,+0.00000,+0.00000,0.04402,-0.150,0,34.4,33.4
1.734425,0,0,0.279894,0.279894,0.2750,+0.00489,0,1,1,+0.01864,-0.03639,0.10274,173.45,1,-1.282,-0.00424,-4.417,+0.00000,-17.80,+0.00000,0,+0.00000,+0.00000,0.05338,-0.243,0,34.4,33.4
1.763733,0,0,0.280045,0.280045,0.2750,+0.00505,0,1,1,+0.01864,-0.03639,0.10274,173.45,1,-1.282,-0.00391,-4.483,+0.00000,-17.80,+0.00000,0,+0.00000,+0.00000,0.05338,-0.329,0,34.4,33.4
1.795927,0,0,0.283519,0.283519,0.2750,+0.00852,0,1,1,+0.01908,-0.03978,0.10467,172.84,1,-1.312,-0.00384,-4.604,+0.00000,-17.80,+0.00000,0,+0.00000,+0.00000,0.05710,-0.387,0,34.4,33.4
1.822388,0,0,0.286435,0.286435,0.2750,+0.01143,0,1,1,+0.01918,-0.04299,0.10628,172.26,1,-1.319,-0.00369,-4.661,+0.00000,-17.80,+0.00000,0,+0.00000,+0.00000,0.05857,-0.431,0,34.4,33.4
1.850935,0,0,0.284332,0.284332,0.2750,+0.00933,0,1,1,+0.01929,-0.04161,0.10556,172.51,1,-1.326,-0.00356,-4.787,+0.00000,-17.80,+0.00000,0,+0.00000,+0.00000,0.05898,-0.469,0,34.4,33.4
1.881124,0,0,0.283701,0.283701,0.2750,+0.00870,0,1,1,+0.01977,-0.04143,0.10556,172.54,1,-1.359,-0.00357,-4.911,+0.00000,-17.80,+0.00000,0,+0.00000,+0.00000,0.05642,-0.501,0,34.4,33.4
1.910051,0,0,0.278951,0.278951,0.2750,+0.00395,0,1,1,+0.01551,-0.03701,0.10628,173.34,1,-1.066,-0.00217,-4.996,+0.00000,-17.80,+0.00000,0,+0.00000,+0.00000,0.04941,-0.530,0,34.4,33.4
1.936948,0,0,0.266978,0.266978,0.2750,-0.00802,0,1,1,+0.01428,-0.02483,0.10319,175.53,1,-0.982,-0.00174,-5.090,+0.00000,-17.80,+0.00000,0,+0.00000,+0.00000,0.04130,-0.545,0,34.4,33.4
1.964694,0,0,0.261550,0.261550,0.2750,-0.01345,0,1,1,+0.01418,-0.01756,0.10000,176.84,1,-0.975,-0.00170,-5.256,+0.00000,-17.80,+0.00000,0,+0.00000,+0.00000,0.03354,-0.561,0,34.4,33.4
1.993984,0,0,0.264206,0.264206,0.2750,-0.01079,0,1,1,+0.01418,-0.01756,0.10000,176.84,1,-0.975,-0.00173,-5.413,+0.00000,-17.80,+0.00000,0,+0.00000,+0.00000,0.03354,-0.560,0,34.4,33.4
2.026865,0,0,0.257716,0.257716,0.2750,-0.01728,0,1,1,+0.01591,-0.00844,0.09750,178.48,0,+0.000,+0.00000,-5.574,+0.00000,-17.80,+0.00000,0,+0.00000,+0.00000,0.02410,-0.553,0,34.4,33.4
2.057437,0,0,0.260871,0.260871,0.2750,-0.01413,0,1,1,+0.01591,-0.00844,0.09750,178.48,0,+0.000,+0.00000,-5.723,+0.00000,-17.80,+0.00000,0,+0.00000,+0.00000,0.02410,-0.558,0,34.0,34.0
2.086509,0,0,0.270686,0.270686,0.2750,-0.00431,0,1,1,+0.01552,-0.01576,0.10015,177.16,1,-1.067,-0.00227,-5.880,+0.00000,-17.80,+0.00000,0,+0.00000,+0.00000,0.01866,-0.543,0,34.0,34.0
2.116173,0,0,0.276939,0.276939,0.2750,+0.00194,0,1,1,+0.01475,-0.02091,0.10229,176.24,1,-1.014,-0.00224,-6.081,+0.00000,-17.80,+0.00000,0,+0.00000,+0.00000,0.01688,-0.502,0,34.0,34.0
2.144344,0,0,0.282448,0.282448,0.2750,+0.00745,0,1,1,+0.01492,-0.02619,0.10643,175.29,1,-1.026,-0.00229,-6.297,+0.00000,-17.80,+0.00000,0,+0.00000,+0.00000,0.01538,-0.481,0,34.0,34.0
2.174845,0,0,0.283921,0.283921,0.2750,+0.00892,0,1,1,+0.01532,-0.02823,0.10844,174.92,1,-1.053,-0.00234,-6.407,+0.00000,-17.80,+0.00000,0,+0.00000,+0.00000,0.01414,-0.488,0,34.0,34.0
2.205040,0,0,0.289211,0.289211,0.2750,+0.01421,0,1,1,+0.01497,-0.03430,0.11277,173.83,1,-1.029,-0.00219,-6.506,+0.00000,-17.80,+0.00000,0,+0.00000,+0.00000,0.01292,-0.503,0,34.0,34.0
2.231963,0,0,0.287884,0.287884,0.2750,+0.01288,0,1,1,+0.01497,-0.03430,0.11277,173.83,1,-1.029,-0.00220,-6.633,+0.00000,-17.80,+0.00000,0,+0.00000,+0.00000,0.01292,-0.501,0,34.0,34.0
2.265420,0,0,0.289495,0.289495,0.2750,+0.01449,0,1,1,+0.01579,-0.03733,0.11493,173.28,1,-1.085,-0.00245,-6.765,+0.00000,-17.80,+0.00000,0,+0.00000,+0.00000,0.01216,-0.500,0,34.0,34.0
2.295497,0,0,0.296607,0.296607,0.2750,+0.02161,0,1,1,+0.01414,-0.04593,0.11876,171.73,1,-0.972,-0.00193,-6.832,+0.00000,-17.80,+0.00000,0,+0.00000,+0.00000,0.01137,-0.505,0,34.0,34.0
2.327010,0,0,0.294132,0.294132,0.2750,+0.01913,0,1,1,+0.01414,-0.04593,0.11876,171.73,1,-0.972,-0.00191,-6.906,-0.00000,-17.80,+0.00000,0,+0.00000,+0.00000,0.01137,-0.509,0,34.0,34.0
2.357858,0,0,0.290769,0.290769,0.2750,+0.01577,0,1,1,+0.01309,-0.04456,0.12159,171.98,1,-0.900,-0.00167,-7.153,-0.00000,-17.80,+0.00000,0,+0.00000,+0.00000,0.01124,-0.493,0,34.0,34.0
2.389247,0,0,0.287003,0.287003,0.2750,+0.01200,0,1,1,+0.01279,-0.04226,0.12083,172.39,1,-0.879,-0.00162,-7.222,-0.00000,-17.80,+0.00000,0,+0.00000,+0.00000,0.01070,-0.489,0,34.0,34.0
2.422647,0,0,0.284835,0.284835,0.2750,+0.00984,0,1,1,+0.01549,-0.04102,0.12497,172.62,1,-1.065,-0.00246,-7.296,+0.00000,-17.80,+0.00000,0,+0.00000,+0.00000,0.01072,-0.481,0,34.0,34.0
2.450346,0,0,0.285441,0.285441,0.2750,+0.01044,0,1,1,+0.01492,-0.04213,0.12472,172.42,1,-1.026,-0.00234,-7.397,+0.00000,-17.80,+0.00000,0,+0.00000,+0.00000,0.01061,-0.471,0,34.0,34.0
2.480016,0,0,0.285312,0.285312,0.2750,+0.01031,0,1,1,+0.01393,-0.04261,0.12546,172.33,1,-0.958,-0.00208,-7.619,+0.00000,-17.80,+0.00000,0,+0.00000,+0.00000,0.01053,-0.457,0,34.0,34.0
2.509887,0,0,0.284913,0.284913,0.2750,+0.00991,0,1,1,+0.01118,-0.04280,0.12741,172.30,1,-0.769,-0.00122,-7.746,+0.00000,-17.80,+0.00000,0,+0.00000,+0.00000,0.01051,-0.462,0,34.0,34.0
2.537553,0,0,0.281505,0.281505,0.2750,+0.00651,0,1,1,+0.01115,-0.03988,0.12826,172.82,1,-0.767,-0.00117,-7.809,+0.00000,-17.80,+0.00000,0,+0.00000,+0.00000,0.01023,-0.474,0,34.0,34.0
2.565609,0,0,0.281055,0.281055,0.2750,+0.00606,0,1,1,+0.01257,-0.03945,0.12970,172.90,1,-0.864,-0.00173,-7.995,-0.00000,-17.80,+0.00000,0,+0.00000,+0.00000,0.01034,-0.453,0,34.0,34.0
2.598385,0,0,0.281330,0.281330,0.2750,+0.00633,0,1,1,+0.01292,-0.03968,0.13147,172.86,1,-0.889,-0.00192,-8.122,+0.00000,-17.80,+0.00000,0,+0.00000,+0.00000,0.01034,-0.436,0,34.0,34.0
2.632083,0,0,0.280643,0.280643,0.2750,+0.00564,0,1,1,+0.01098,-0.03898,0.13299,172.98,1,-0.755,-0.00133,-8.255,+0.00000,-17.80,+0.00000,0,+0.00000,+0.00000,0.01031,-0.431,0,34.0,34.0
2.664740,0,0,0.278179,0.278179,0.2750,+0.00318,0,1,1,+0.01119,-0.03636,0.13345,173.46,1,-0.769,-0.00138,-8.370,+0.00000,-17.80,+0.00000,0,+0.00000,+0.00000,0.01027,-0.433,0,34.0,34.0
2.696226,0,0,0.276096,0.276096,0.2750,+0.00110,0,1,1,+0.01156,-0.03378,0.13563,173.92,1,-0.795,-0.00152,-8.476,+0.00000,-17.80,+0.00000,0,+0.00000,+0.00000,0.01043,-0.432,0,34.0,34.0
2.727218,0,0,0.276834,0.276834,0.2750,+0.00183,0,1,1,+0.01156,-0.03378,0.13563,173.92,1,-0.795,-0.00154,-8.587,+0.00000,-17.80,+0.00000,0,+0.00000,+0.00000,0.01043,-0.427,0,34.0,34.0
2.758054,0,0,0.279848,0.279848,0.2750,+0.00485,0,1,1,+0.01211,-0.03621,0.13676,173.48,1,-0.832,-0.00171,-8.705,+0.00000,-17.80,+0.00000,0,+0.00000,+0.00000,0.01017,-0.424,0,34.0,34.0
2.786777,0,0,0.277804,0.277804,0.2750,+0.00280,0,1,1,+0.01062,-0.03401,0.14011,173.88,1,-0.730,-0.00129,-8.844,+0.00000,-17.80,+0.00000,0,+0.00000,+0.00000,0.01038,-0.418,0,34.0,34.0
2.816691,0,0,0.277025,0.277025,0.2750,+0.00202,0,1,1,+0.00935,-0.03279,0.14197,174.10,1,-0.643,-0.00092,-8.985,+0.00000,-17.80,+0.00000,0,+0.00000,+0.00000,0.01076,-0.413,0,34.0,34.0
2.848524,0,0,0.276882,0.276882,0.2750,+0.00188,0,1,1,+0.00996,-0.03207,0.14369,174.23,1,-0.685,-0.00110,-9.062,+0.00000,-17.80,+0.00000,0,+0.00000,+0.00000,0.01153,-0.417,0,34.0,34.0
2.882451,0,0,0.275999,0.275999,0.2750,+0.00100,0,1,1,+0.01065,-0.03055,0.14604,174.50,1,-0.732,-0.00143,-9.230,+0.00000,-17.80,+0.00000,0,+0.00000,+0.00000,0.01352,-0.395,0,34.0,34.0
2.911697,0,0,0.275078,0.275078,0.2750,+0.00008,0,1,1,+0.01024,-0.02899,0.14897,174.78,1,-0.704,-0.00133,-9.325,+0.00000,-17.80,+0.00000,0,+0.00000,+0.00000,0.02325,-0.388,0,34.0,34.0
2.940252,0,0,0.280853,0.280853,0.2750,+0.00585,0,1,1,+0.00851,-0.03404,0.15306,173.87,1,-0.585,-0.00081,-9.444,+0.00000,-17.80,+0.00000,0,+0.00000,+0.00000,0.05217,-0.384,0,34.0,34.0
2.971853,0,0,0.277686,0.277686,0.2750,+0.00269,0,1,1,+0.01070,-0.03090,0.15556,174.44,1,-0.736,-0.00153,-9.610,+0.00000,-17.80,+0.00000,0,+0.00000,+0.00000,0.07342,-0.369,0,34.0,34.0
3.006598,0,0,0.258983,0.258983,0.2750,-0.01602,0,1,1,+0.01013,-0.01122,0.15092,177.98,1,-0.696,-0.00144,-9.749,+0.00000,-17.80,+0.00000,0,+0.00000,+0.00000,0.08829,-0.357,0,34.0,34.0
3.039916,0,0,0.238992,0.237162,0.2750,-0.03784,0,1,1,+0.00885,+0.01440,0.14262,182.59,1,-0.608,-0.00104,-9.846,+0.00000,-17.80,+0.00000,0,+0.00000,+0.00000,0.09497,-0.354,0,34.0,34.0
3.073760,0,0,0.218686,0.215000,0.2750,-0.06000,0,1,1,+0.00680,+0.04603,0.13620,188.29,1,-0.468,-0.00036,-9.973,+0.00000,-17.80,+0.00000,0,+0.00000,+0.00000,0.09868,-0.368,0,32.5,32.5
3.102997,0,0,0.215000,0.215000,0.2750,-0.06000,0,1,1,+0.01307,+0.10054,0.15346,198.10,1,-0.899,-0.00220,-10.053,+0.00000,-17.80,+0.00000,0,+0.00000,+0.00000,0.09830,-0.383,0,32.5,32.5
3.135038,0,0,0.215000,0.215000,0.2750,-0.06000,0,1,1,+0.01330,+0.09767,0.15406,197.58,1,-0.914,-0.00224,-10.053,-0.00000,-17.80,+0.00000,0,+0.00000,+0.00000,0.10276,-0.396,0,32.5,32.5
3.167477,0,0,0.215000,0.215000,0.2750,-0.06000,0,1,1,+0.01330,+0.09767,0.15406,197.58,1,-0.914,-0.00211,-10.053,+0.00000,-17.80,+0.00000,0,+0.00000,+0.00000,0.10276,-0.413,0,32.5,32.5
3.203368,0,0,0.215000,0.215000,0.2750,-0.06000,0,1,1,+0.01493,+0.09530,0.15753,197.15,1,-1.027,-0.00233,-10.053,-0.00000,-17.80,+0.00000,0,+0.00000,+0.00000,0.10659,-0.467,0,32.5,32.5
3.236055,0,0,0.234612,0.280539,0.2750,+0.00554,0,1,1,+0.01038,+0.03517,0.18468,186.33,1,-0.714,-0.00076,-10.053,+0.00000,-17.80,+0.00000,0,+0.00000,+0.00000,0.11406,-0.517,0,32.5,32.5
3.274105,0,0,0.257442,0.278279,0.2750,+0.00328,0,1,1,+0.01038,+0.03517,0.18468,186.33,1,-0.714,-0.00054,-10.053,-0.00000,-17.80,+0.00000,0,+0.00000,+0.00000,0.11406,-0.566,0,32.5,32.5
3.309454,0,0,0.278652,0.312995,0.2750,+0.03800,0,1,1,+0.00455,-0.00240,0.20586,179.57,1,-0.313,+0.00131,-10.053,-0.00000,-17.80,+0.00000,0,+0.00000,+0.00000,0.08582,-0.602,0,32.5,32.5
3.345941,0,0,0.300544,0.310157,0.2750,+0.03516,0,1,1,+0.00342,-0.00708,0.21162,178.73,1,-0.235,+0.00159,-10.207,+0.00000,-17.80,+0.00000,0,+0.00000,+0.00000,0.04555,-0.594,0,32.5,32.5
3.386294,0,0,0.308299,0.308299,0.2750,+0.03330,0,1,1,+0.00202,-0.01273,0.21674,177.71,1,-0.139,+0.00165,-10.450,+0.00000,-17.80,+0.00000,0,+0.00000,+0.00000,0.03633,-0.531,0,32.5,32.5
3.464175,0,0,0.303807,0.303807,0.2750,+0.02881,0,1,1,+0.00119,-0.02030,0.22146,176.35,1,-0.082,+0.00125,-10.638,+0.00000,-17.80,+0.00000,0,+0.00000,+0.00000,0.03615,-0.384,0,32.5,32.5
3.505029,0,0,0.310300,0.310300,0.2750,+0.03530,0,1,1,-0.00263,-0.03295,0.23074,174.07,1,+0.181,+0.00221,-10.638,-0.00000,-17.80,+0.00000,0,+0.00000,+0.00000,0.01703,-0.343,0,32.5,32.5
3.544767,0,0,0.315333,0.315333,0.2750,+0.04033,0,1,1,-0.00460,-0.04486,0.24095,171.93,1,+0.316,+0.00267,-10.638,+0.00000,-17.80,+0.00000,0,+0.00000,+0.00000,0.01653,-0.310,0,32.5,32.5
3.583600,0,0,0.317880,0.317880,0.2750,+0.04288,0,1,1,-0.00541,-0.05467,0.24746,170.16,1,+0.372,+0.00259,-10.698,+0.00000,-17.80,+0.00000,0,+0.00000,+0.00000,0.01624,-0.245,0,32.5,32.5
3.625797,0,0,0.314992,0.314992,0.2750,+0.03999,0,1,1,-0.00764,-0.05957,0.25368,169.28,1,+0.525,+0.00292,-10.698,-0.00000,-17.80,+0.00000,0,+0.00000,+0.00000,0.01612,-0.174,0,32.5,32.5
3.666469,0,0,0.313640,0.313640,0.2750,+0.03864,0,1,1,-0.01003,-0.06500,0.26288,168.30,1,+0.690,+0.00336,-10.698,-0.00000,-17.80,+0.00000,0,+0.00000,+0.00000,0.01539,-0.108,0,32.5,32.5
3.714880,0,0,0.315074,0.315074,0.2750,+0.04007,0,1,1,-0.01414,-0.07409,0.27872,166.66,1,+0.972,+0.00419,-10.698,-0.00000,-17.80,+0.00000,0,+0.00000,+0.00000,0.02292,-0.020,0,32.5,32.5
3.759077,0,0,0.315529,0.315529,0.2750,+0.04053,0,1,1,-0.01640,-0.08147,0.28631,165.34,1,+1.128,+0.00438,-10.772,-0.00000,-17.80,+0.00000,0,+0.00000,+0.00000,0.03280,+0.088,0,32.5,32.5
3.801243,0,0,0.315971,0.315971,0.2750,+0.04097,0,1,1,-0.01978,-0.08835,0.29773,164.10,1,+1.360,+0.00488,-10.772,-0.00000,-17.80,+0.00000,0,+0.00000,+0.00000,0.03904,+0.195,0,32.5,32.5
3.845654,0,0,0.314160,0.314160,0.2750,+0.03916,0,1,1,-0.02594,-0.09299,0.31856,163.26,1,+1.784,+0.00618,-10.772,-0.00000,-17.80,+0.00000,0,+0.00000,+0.00000,0.01800,+0.321,0,32.5,32.5
3.888696,0,0,0.318120,0.318120,0.2750,+0.04312,0,1,1,-0.03027,-0.10299,0.32928,161.46,1,+2.081,+0.00688,-10.772,-0.00000,-17.80,+0.00000,0,+0.00000,+0.00000,0.01924,+0.451,0,32.5,32.5
3.938149,0,0,0.309495,0.309495,0.2750,+0.03450,0,1,1,-0.03312,-0.10078,0.34043,161.86,1,+2.277,+0.00679,-10.772,-0.00000,-17.80,+0.00000,0,+0.00000,+0.00000,0.01958,+0.652,0,32.5,32.5
3.989963,0,0,0.314940,0.314940,0.2750,+0.03994,0,1,1,-0.04326,-0.11203,0.37102,159.83,1,+2.974,+0.00884,-10.773,-0.00000,-17.80,+0.00000,0,+0.00000,+0.00000,0.01880,+0.874,0,32.5,32.5
4.045361,0,0,0.309979,0.309979,0.2750,+0.03498,0,1,1,-0.04644,-0.11312,0.38714,159.64,1,+3.193,+0.00878,-10.774,-0.00000,-17.80,+0.00000,0,+0.00000,+0.00000,0.01646,+1.108,0,32.5,32.5
4.108372,1,0,0.303688,0.303688,0.2750,+0.02869,0,1,1,-0.06138,-0.11162,0.43162,159.91,1,+4.220,+0.01160,-10.775,-0.00000,-17.80,+0.00000,0,+0.00000,+0.00000,0.00908,+1.464,0,23.2,23.2
4.169143,1,0,0.296509,0.296509,0.2750,+0.02151,0,1,1,-0.07761,-0.10697,0.48724,160.75,1,+5.336,+0.01498,-10.777,-0.00000,-17.80,+0.00000,0,+0.00000,+0.00000,0.00469,+1.808,0,23.2,23.2
4.236538,1,0,0.281660,0.281660,0.2750,+0.00666,0,1,1,-0.09814,-0.09110,0.55971,163.60,1,+6.748,+0.01986,-11.063,-0.00000,-17.80,+0.00000,0,+0.00000,+0.00000,0.00119,+2.069,0,23.2,23.2
4.323048,1,0,0.281660,0.281660,0.2750,+0.00666,0,0,0,+0.00000,+0.00000,0.00000,0.00,0,+0.000,+0.00000,-11.708,-0.00000,-17.80,+0.00000,1,-0.48506,+0.00000,0.02741,+2.402,0,23.2,23.2
4.370254,1,0,0.281660,0.281660,0.2750,+0.00666,0,0,0,+0.00000,+0.00000,0.00000,0.00,0,+0.000,+0.00000,-12.086,-0.00000,-17.80,+0.00000,1,-0.28925,+0.00000,0.03986,+2.673,0,23.2,23.2
4.435120,1,0,0.281660,0.281660,0.2750,+0.00666,0,0,0,+0.00000,+0.00000,0.00000,0.00,0,+0.000,+0.00000,-12.640,+0.00000,-17.80,+0.00000,1,-0.27632,+0.00000,0.05962,+2.569,0,23.2,23.2
4.490627,1,0,0.281660,0.281660,0.2750,+0.00666,0,0,0,+0.00000,+0.00000,0.00000,0.00,0,+0.000,+0.00000,-13.002,-0.00000,-17.80,+0.00000,1,-0.25153,+0.00000,0.08539,+2.255,0,23.2,23.2
4.545572,1,0,0.281660,0.281660,0.2750,+0.00666,0,0,0,+0.00000,+0.00000,0.00000,0.00,0,+0.000,+0.00000,-13.258,-0.00000,-17.80,+0.00000,1,-0.22027,+0.00000,0.06151,+2.016,0,23.2,23.2
4.597950,1,0,0.250233,0.246358,0.2750,-0.02864,0,1,1,+0.77342,-0.00088,0.54518,179.84,1,-11.000,-0.05000,-13.444,-0.00000,-17.80,+0.00000,1,-0.16764,+0.00000,0.04688,+1.839,0,23.2,23.2
4.690835,1,0,0.215000,0.215000,0.2750,-0.06000,0,1,1,+0.05082,+0.48513,0.09461,267.32,0,+0.000,+0.00000,-13.820,-0.00000,-17.80,+0.00000,1,-0.09781,+0.00000,0.03964,+1.492,0,23.2,23.2
4.718803,1,0,0.215000,0.215000,0.2750,-0.06000,0,1,1,+0.04867,+0.50332,0.09860,270.60,0,+0.000,+0.00000,-13.879,+0.00000,-17.80,+0.00000,1,+0.05157,+0.00000,0.02288,+0.825,0,23.2,23.2
4.746802,1,0,0.215000,0.215000,0.2750,-0.06000,0,1,1,+0.04725,+0.51452,0.10229,272.61,1,-3.249,-0.01347,-14.069,+0.00000,-17.80,+0.00000,1,+0.05183,+0.00000,0.01391,-0.001,0,23.2,23.2
4.774070,1,1,0.215000,0.215000,0.2750,-0.06000,1,1,1,+0.04447,+0.51933,0.10379,273.48,1,+2.943,+0.01259,-14.069,-0.00000,-17.80,+0.00000,1,+0.04700,+0.00000,0.01071,-0.025,0,23.2,23.2
4.799046,1,1,0.215000,0.215000,0.2750,-0.06000,1,1,1,+0.04784,+0.52315,0.10349,274.17,1,+2.711,+0.01133,-14.069,-0.00000,-17.80,+0.00000,1,+0.04525,+0.00000,0.00849,+0.044,0,23.2,23.2
4.826330,1,1,0.215000,0.215000,0.2750,-0.06000,1,1,1,+0.04784,+0.52315,0.10349,274.17,1,+2.711,+0.01173,-14.069,+0.00000,-17.80,+0.00000,1,+0.04525,+0.00000,0.00849,+0.004,0,23.2,23.2
4.854416,1,1,0.215000,0.215000,0.2750,-0.06000,1,1,1,+0.04704,+0.53377,0.10438,276.08,1,+2.766,+0.01068,-14.069,+0.00000,-17.80,+0.00000,1,+0.04142,+0.00000,0.00662,+0.175,0,23.2,23.2
4.883114,1,1,0.215000,0.215000,0.2750,-0.06000,1,1,1,+0.04342,+0.54017,0.10599,277.23,1,+3.014,+0.01086,-14.069,-0.00000,-17.80,+0.00000,1,+0.03559,+0.00000,0.00617,+0.390,0,23.2,23.2
4.910306,1,1,0.215000,0.215000,0.2750,-0.06000,1,1,1,+0.04612,+0.54667,0.10672,278.40,1,+2.829,+0.00909,-14.070,-0.00000,-17.80,+0.00000,0,+0.00000,+0.00000,0.00518,+0.634,0,23.2,23.2
4.936469,1,1,0.215000,0.215000,0.2750,-0.06000,1,1,1,+0.04801,+0.55544,0.10730,279.98,1,+2.699,+0.00803,-14.070,-0.00000,-17.80,+0.00000,0,+0.00000,+0.00000,0.00461,+0.749,0,23.2,23.2
4.963994,1,1,0.215000,0.215000,0.2750,-0.06000,1,1,1,+0.04766,+0.56427,0.11167,281.57,1,+2.723,+0.00716,-14.071,-0.00000,-17.80,+0.00000,0,+0.00000,+0.00000,0.00400,+0.982,0,23.2,23.2
4.989411,1,1,0.215000,0.215000,0.2750,-0.06000,1,1,1,+0.04766,+0.56427,0.11167,281.57,1,+2.723,+0.00676,-14.170,-0.00000,-17.80,+0.00000,0,+0.00000,+0.00000,0.00400,+1.085,0,23.2,23.2
5.017919,1,1,0.215000,0.215000,0.2750,-0.06000,1,1,1,+0.04845,+0.57301,0.11318,283.14,1,+2.669,+0.00617,-14.268,-0.00000,-17.80,+0.00000,0,+0.00000,+0.00000,0.00431,+1.176,0,23.2,23.2
5.047233,1,1,0.215000,0.215000,0.2750,-0.06000,1,1,1,+0.04929,+0.57835,0.11453,284.10,1,+2.611,+0.00532,-14.269,-0.00000,-17.80,+0.00000,0,+0.00000,+0.00000,0.00422,+1.321,0,23.2,23.2
5.075911,1,1,0.215000,0.215000,0.2750,-0.06000,1,1,1,+0.04959,+0.58496,0.11706,285.29,1,+2.590,+0.00475,-14.270,-0.00000,-17.80,+0.00000,0,+0.00000,+0.00000,0.00428,+1.434,0,23.2,23.2
5.105687,1,1,0.215000,0.215000,0.2750,-0.06000,1,1,1,+0.04776,+0.58963,0.11785,286.13,1,+2.716,+0.00487,-14.270,-0.00000,-17.80,+0.00000,0,+0.00000,+0.00000,0.00431,+1.540,0,23.2,23.2
5.135361,1,1,0.215000,0.215000,0.2750,-0.06000,1,1,1,+0.04776,+0.58963,0.11785,286.13,1,+2.716,+0.00440,-14.271,+0.00000,-17.80,+0.00000,0,+0.00000,+0.00000,0.00431,+1.654,0,24.3,24.3
5.166279,1,1,0.215000,0.215000,0.2750,-0.06000,1,1,1,+0.04940,+0.60461,0.11980,288.83,1,+2.604,+0.00355,-14.272,+0.00000,-17.80,+0.00000,0,+0.00000,+0.00000,0.00406,+1.736,0,24.3,24.3
5.194672,1,1,0.215000,0.215000,0.2750,-0.06000,1,1,1,+0.04886,+0.61236,0.12285,290.22,1,+2.640,+0.00331,-14.272,-0.00000,-17.80,+0.00000,0,+0.00000,+0.00000,0.00382,+1.829,0,24.3,24.3
5.225132,1,1,0.215000,0.215000,0.2750,-0.06000,1,1,1,+0.04886,+0.61236,0.12285,290.22,1,+2.640,+0.00297,-14.273,+0.00000,-17.80,+0.00000,0,+0.00000,+0.00000,0.00382,+1.917,0,24.3,24.3
5.254720,1,1,0.215000,0.215000,0.2750,-0.06000,1,1,1,+0.04842,+0.61893,0.12460,291.41,1,+2.671,+0.00283,-14.274,+0.00000,-17.80,+0.00000,0,+0.00000,+0.00000,0.00342,+1.985,0,24.3,24.3
5.287409,1,1,0.215000,0.215000,0.2750,-0.06000,1,1,1,+0.04847,+0.62235,0.12608,292.02,1,+2.667,+0.00253,-14.274,-0.00000,-17.80,+0.00000,0,+0.00000,+0.00000,0.00311,+2.053,0,24.3,24.3
5.318259,1,1,0.215000,0.215000,0.2750,-0.06000,1,1,1,+0.05079,+0.62993,0.12729,293.39,1,+2.508,+0.00155,-14.275,-0.00000,-17.80,+0.00000,0,+0.00000,+0.00000,0.00300,+2.121,0,24.3,24.3
5.349214,1,1,0.215000,0.215000,0.2750,-0.06000,1,1,1,+0.04977,+0.63740,0.12826,294.73,1,+2.578,+0.00164,-14.275,-0.00000,-17.80,+0.00000,0,+0.00000,+0.00000,0.00308,+2.173,0,24.3,24.3
5.380641,1,1,0.215000,0.215000,0.2750,-0.06000,1,1,1,+0.05185,+0.64301,0.12958,295.74,1,+2.435,+0.00084,-14.276,-0.00000,-17.80,+0.00000,0,+0.00000,+0.00000,0.00297,+2.221,0,24.3,24.3
5.409511,1,1,0.215000,0.215000,0.2750,-0.06000,1,1,1,+0.05104,+0.64999,0.12993,297.00,1,+2.491,+0.00096,-14.276,-0.00000,-17.80,+0.00000,0,+0.00000,+0.00000,0.00297,+2.252,0,24.3,24.3
5.443334,1,1,0.215000,0.215000,0.2750,-0.06000,1,1,1,+0.05105,+0.65080,0.13017,297.14,1,+2.490,+0.00083,-14.276,-0.00000,-17.80,+0.00000,0,+0.00000,+0.00000,0.00306,+2.286,0,24.3,24.3
5.475015,1,1,0.215000,0.215000,0.2750,-0.06000,1,1,1,+0.05103,+0.65484,0.12993,297.87,1,+2.492,+0.00075,-14.276,-0.00000,-17.80,+0.00000,0,+0.00000,+0.00000,0.00330,+2.309,0,24.3,24.3
5.505956,1,1,0.215000,0.215000,0.2750,-0.06000,1,1,1,+0.05234,+0.66045,0.13053,298.88,1,+2.401,+0.00056,-14.371,-0.00000,-17.80,+0.00000,0,+0.00000,+0.00000,0.00360,+2.261,0,24.3,24.3
5.533806,1,1,0.215000,0.215000,0.2750,-0.06000,1,1,1,+0.05341,+0.66661,0.13229,299.99,1,+2.328,+0.00016,-14.371,-0.00000,-17.80,+0.00000,0,+0.00000,+0.00000,0.00385,+2.281,0,24.3,24.3
5.564476,1,1,0.215000,0.215000,0.2750,-0.06000,1,1,1,+0.05341,+0.66661,0.13229,299.99,1,+2.328,+0.00011,-14.371,-0.00000,-17.80,+0.00000,0,+0.00000,+0.00000,0.00385,+2.296,0,24.3,24.3
5.592985,1,1,0.215000,0.215000,0.2750,-0.06000,1,1,1,+0.05282,+0.67290,0.13368,301.12,1,+2.369,+0.00025,-14.371,-0.00000,-17.80,+0.00000,0,+0.00000,+0.00000,0.00394,+2.306,0,24.3,24.3
5.620995,1,1,0.215000,0.215000,0.2750,-0.06000,1,1,1,+0.05351,+0.67954,0.13721,302.32,1,+2.321,+0.00003,-14.371,-0.00000,-17.80,+0.00000,0,+0.00000,+0.00000,0.00394,+2.311,0,24.3,24.3
5.652583,1,1,0.215000,0.215000,0.2750,-0.06000,1,1,1,+0.05287,+0.68617,0.13856,303.51,1,+2.365,+0.00019,-14.371,-0.00000,-17.80,+0.00000,0,+0.00000,+0.00000,0.00391,+2.316,0,24.3,24.3
5.682439,1,1,0.215000,0.215000,0.2750,-0.06000,1,1,1,+0.05668,+0.69645,0.14251,305.36,1,+2.103,-0.00039,-14.558,+0.00000,-17.80,+0.00000,0,+0.00000,+0.00000,0.00381,+2.190,0,24.3,24.3
5.709360,1,1,0.215000,0.215000,0.2750,-0.06000,1,1,1,+0.05598,+0.70416,0.14498,306.75,1,+2.151,-0.00020,-14.558,+0.00000,-17.80,+0.00000,0,+0.00000,+0.00000,0.00373,+2.193,0,24.3,24.3
5.737192,1,1,0.215000,0.215000,0.2750,-0.06000,1,1,1,+0.05645,+0.71139,0.14751,308.05,1,+2.119,-0.00034,-14.558,+0.00000,-17.80,+0.00000,0,+0.00000,+0.00000,0.00366,+2.196,0,24.3,24.3
5.765632,1,1,0.215000,0.215000,0.2750,-0.06000,1,1,1,+0.05641,+0.71785,0.15245,309.21,1,+2.122,-0.00030,-14.558,-0.00000,-17.80,+0.00000,0,+0.00000,+0.00000,0.00347,+2.192,0,24.3,24.3
5.797101,1,1,0.215000,0.215000,0.2750,-0.06000,1,1,1,+0.05670,+0.72427,0.15426,310.37,1,+2.101,-0.00037,-14.558,-0.00000,-17.80,+0.00000,0,+0.00000,+0.00000,0.00324,+2.189,0,24.3,24.3
5.828794,1,1,0.215000,0.215000,0.2750,-0.06000,1,1,1,+0.05770,+0.73123,0.15674,311.62,1,+2.033,-0.00065,-14.558,-0.00000,-17.80,+0.00000,0,+0.00000,+0.00000,0.00288,+2.184,0,24.3,24.3
5.858193,1,1,0.215000,0.215000,0.2750,-0.06000,1,1,1,+0.05770,+0.73123,0.15674,311.62,1,+2.033,-0.00063,-14.558,-0.00000,-17.80,+0.00000,0,+0.00000,+0.00000,0.00288,+2.179,0,24.3,24.3
5.889148,1,1,0.215000,0.215000,0.2750,-0.06000,1,1,1,+0.06046,+0.73903,0.15811,313.02,1,+1.843,-0.00140,-14.558,-0.00000,-17.80,+0.00000,0,+0.00000,+0.00000,0.00223,+2.170,0,24.3,24.3
5.916502,1,1,0.215000,0.215000,0.2750,-0.06000,1,1,1,+0.06226,+0.74653,0.16168,314.38,1,+1.719,-0.00163,-14.651,+0.00000,-17.80,+0.00000,0,+0.00000,+0.00000,0.00176,+2.099,0,24.3,24.3
5.945930,1,1,0.215000,0.215000,0.2750,-0.06000,1,1,1,+0.06374,+0.75473,0.16311,315.85,1,+1.618,-0.00197,-14.651,+0.00000,-17.80,+0.00000,0,+0.00000,+0.00000,0.00154,+2.081,0,24.3,24.3
5.977146,1,1,0.215000,0.215000,0.2750,-0.06000,1,1,1,+0.06422,+0.75917,0.16731,316.65,1,+1.585,-0.00198,-14.651,+0.00000,-17.80,+0.00000,0,+0.00000,+0.00000,0.00138,+2.056,0,24.3,24.3
6.010229,1,1,0.215000,0.215000,0.2750,-0.06000,1,1,1,+0.06525,+0.76623,0.17033,317.92,1,+1.514,-0.00211,-14.650,+0.00000,-17.80,+0.00000,0,+0.00000,+0.00000,0.00124,+2.017,0,24.3,24.3
6.041886,1,1,0.215000,0.215000,0.2750,-0.06000,1,1,1,+0.06645,+0.77006,0.17267,318.61,1,+1.431,-0.00227,-14.650,+0.00000,-17.80,+0.00000,0,+0.00000,+0.00000,0.00110,+1.973,0,24.3,24.3
6.072802,1,1,0.215000,0.215000,0.2750,-0.06000,1,1,1,+0.06732,+0.77476,0.17568,319.46,1,+1.371,-0.00239,-14.650,+0.00000,-17.80,+0.00000,0,+0.00000,+0.00000,0.00094,+1.940,0,24.3,24.3
6.102717,1,1,0.215000,0.215000,0.2750,-0.06000,1,1,1,+0.06732,+0.77476,0.17568,319.46,1,+1.371,-0.00220,-14.649,+0.00000,-17.80,+0.00000,0,+0.00000,+0.00000,0.00094,+1.900,0,24.3,24.3
6.135938,1,1,0.215000,0.215000,0.2750,-0.06000,1,1,1,+0.07039,+0.77439,0.17752,319.39,1,+1.160,-0.00289,-14.649,+0.00000,-17.80,+0.00000,0,+0.00000,+0.00000,0.00097,+1.849,0,33.0,33.0
6.167255,1,1,0.215000,0.215000,0.2750,-0.06000,1,1,1,+0.07039,+0.77439,0.17752,319.39,1,+1.160,-0.00270,-14.649,+0.00000,-17.80,+0.00000,0,+0.00000,+0.00000,0.00097,+1.803,0,33.0,33.0
6.198214,1,1,0.215000,0.215000,0.2750,-0.06000,1,1,1,+0.07367,+0.77121,0.17916,318.82,1,+0.935,-0.00345,-14.648,+0.00000,-17.80,+0.00000,0,+0.00000,+0.00000,0.00097,+1.755,0,33.0,33.0
6.230850,1,1,0.215000,0.215000,0.2750,-0.06000,1,1,1,+0.07503,+0.77048,0.18096,318.69,1,+0.841,-0.00359,-14.648,+0.00000,-17.80,+0.00000,0,+0.00000,+0.00000,0.00096,+1.693,0,33.0,33.0
6.263655,1,1,0.215000,0.215000,0.2750,-0.06000,1,1,1,+0.07503,+0.77048,0.18096,318.69,1,+0.841,-0.00333,-14.647,+0.00000,-17.80,+0.00000,0,+0.00000,+0.00000,0.00096,+1.635,0,33.0,33.0
6.300511,1,1,0.215000,0.215000,0.2750,-0.06000,1,1,1,+0.07836,+0.76278,0.18283,317.30,1,+0.612,-0.00370,-14.738,+0.00000,-17.80,+0.00000,0,+0.00000,+0.00000,0.00104,+1.499,0,33.0,33.0
6.336603,1,1,0.215000,0.215000,0.2750,-0.06000,1,1,1,+0.08129,+0.76194,0.18526,317.15,1,+0.411,-0.00426,-14.738,+0.00000,-17.80,+0.00000,0,+0.00000,+0.00000,0.00112,+1.422,0,33.0,33.0
6.368983,1,1,0.215000,0.215000,0.2750,-0.06000,1,1,1,+0.08259,+0.75887,0.18609,316.60,1,+0.322,-0.00431,-14.737,+0.00000,-17.80,+0.00000,0,+0.00000,+0.00000,0.00113,+1.349,0,33.0,33.0
6.400155,1,1,0.215000,0.215000,0.2750,-0.06000,1,1,1,+0.08259,+0.75887,0.18609,316.60,1,+0.322,-0.00397,-14.737,+0.00000,-17.80,+0.00000,0,+0.00000,+0.00000,0.00113,+1.274,0,33.0,33.0
6.433449,1,1,0.215000,0.215000,0.2750,-0.06000,1,1,1,+0.08631,+0.75345,0.18807,315.62,1,+0.066,-0.00466,-14.736,+0.00000,-17.80,+0.00000,0,+0.00000,+0.00000,0.00124,+1.181,0,33.0,33.0
6.465143,1,1,0.215000,0.215000,0.2750,-0.06000,1,1,1,+0.08922,+0.74874,0.18922,314.77,1,-0.134,-0.00517,-14.736,+0.00000,-17.80,+0.00000,0,+0.00000,+0.00000,0.00135,+1.095,0,33.0,33.0
6.497195,1,1,0.215000,0.215000,0.2750,-0.06000,1,1,1,+0.09355,+0.74555,0.18938,314.20,1,-0.432,-0.00606,-14.736,-0.00000,-17.80,+0.00000,0,+0.00000,+0.00000,0.00192,+1.005,0,33.0,33.0
6.530280,1,1,0.215000,0.215000,0.2750,-0.06000,1,1,1,+0.10052,+0.73435,0.19421,312.18,1,-0.911,-0.00767,-14.735,+0.00000,-17.80,+0.00000,0,+0.00000,+0.00000,0.00428,+0.901,0,33.0,33.0
6.562768,1,1,0.215000,0.215000,0.2750,-0.06000,1,1,1,+0.10395,+0.73357,0.19634,312.04,1,-1.147,-0.00796,-14.917,+0.00000,-17.80,+0.00000,0,+0.00000,+0.00000,0.00507,+0.739,0,33.0,33.0
6.592391,1,1,0.215000,0.215000,0.2750,-0.06000,1,1,1,+0.10395,+0.73357,0.19634,312.04,1,-1.147,-0.00725,-15.013,-0.00000,-17.80,+0.00000,0,+0.00000,+0.00000,0.00507,+0.592,0,33.0,33.0
6.627447,1,1,0.215000,0.215000,0.2750,-0.06000,1,1,1,+0.10796,+0.72688,0.20015,310.84,1,-1.423,-0.00742,-15.256,+0.00000,-17.80,+0.00000,0,+0.00000,+0.00000,0.00562,+0.363,0,33.0,33.0
6.660555,1,1,0.215000,0.215000,0.2750,-0.06000,1,1,1,+0.11445,+0.72446,0.20450,310.40,1,-1.869,-0.00861,-15.346,+0.00000,-17.80,+0.00000,0,+0.00000,+0.00000,0.00621,+0.181,0,33.0,33.0
6.690672,1,1,0.215000,0.215000,0.2750,-0.06000,1,1,1,+0.11648,+0.71980,0.20942,309.56,1,-2.009,-0.00862,-15.429,+0.00000,-17.80,+0.00000,0,+0.00000,+0.00000,0.00647,+0.046,0,33.0,33.0
6.724801,1,1,0.215000,0.215000,0.2750,-0.06000,1,1,1,+0.12183,+0.71539,0.21495,308.77,1,-2.376,-0.00942,-15.514,+0.00000,-17.80,+0.00000,0,+0.00000,+0.00000,0.00671,-0.127,0,33.0,33.0
6.755944,1,1,0.215000,0.215000,0.2750,-0.06000,1,1,1,+0.12955,+0.70933,0.21900,307.68,1,-2.907,-0.01094,-15.760,+0.00000,-17.80,+0.00000,0,+0.00000,+0.00000,0.00684,-0.306,0,33.0,33.0
6.789617,1,1,0.215000,0.215000,0.2750,-0.06000,1,1,1,+0.13769,+0.69625,0.22879,305.33,1,-3.467,-0.01244,-15.840,+0.00000,-17.80,+0.00000,0,+0.00000,+0.00000,0.00595,-0.512,0,33.0,33.0
6.824258,1,1,0.215000,0.215000,0.2750,-0.06000,1,1,1,+0.13769,+0.69625,0.22879,305.33,1,-3.467,-0.01136,-15.915,+0.00000,-17.80,+0.00000,0,+0.00000,+0.00000,0.00595,-0.745,0,33.0,33.0
6.861188,1,1,0.215000,0.215000,0.2750,-0.06000,1,1,1,+0.15239,+0.69293,0.23921,304.73,1,-4.477,-0.01478,-16.221,+0.00000,-17.80,+0.00000,0,+0.00000,+0.00000,0.00475,-0.958,0,33.0,33.0
6.897926,1,1,0.215000,0.215000,0.2750,-0.06000,1,1,1,+0.15570,+0.68664,0.24356,303.60,1,-4.705,-0.01496,-16.501,+0.00000,-17.80,+0.00000,0,+0.00000,+0.00000,0.00369,-1.155,0,33.0,33.0
6.935046,1,1,0.215000,0.215000,0.2750,-0.06000,1,1,1,+0.16327,+0.67728,0.24957,301.91,1,-5.226,-0.01615,-16.763,+0.00000,-17.80,+0.00000,0,+0.00000,+0.00000,0.00281,-1.369,0,33.0,33.0
6.971473,1,1,0.215000,0.215000,0.2750,-0.06000,1,1,1,+0.17575,+0.65781,0.26609,298.41,1,-6.084,-0.01879,-17.011,+0.00000,-17.80,+0.00000,0,+0.00000,+0.00000,0.00209,-1.614,0,33.0,33.0
7.014656,1,1,0.215000,0.215000,0.2750,-0.06000,1,1,1,+0.19083,+0.64060,0.27650,295.31,1,-7.121,-0.02199,-17.300,+0.00000,-17.80,+0.00000,0,+0.00000,+0.00000,0.00204,-1.907,0,33.0,33.0
7.056804,1,1,0.215000,0.215000,0.2750,-0.06000,1,1,1,+0.20104,+0.62971,0.28685,293.35,1,-7.822,-0.02343,-17.559,+0.00000,-17.80,+0.00000,0,+0.00000,+0.00000,0.00205,-2.247,0,33.0,33.0
7.101487,1,1,0.219334,0.219334,0.2750,-0.05567,1,1,1,+0.21046,+0.61459,0.29669,290.63,1,-8.470,-0.02443,-17.792,-0.00000,-17.80,+0.00000,0,+0.00000,+0.00000,0.00208,-2.631,0,33.0,33.0
7.145254,1,1,0.225203,0.225203,0.2750,-0.04980,1,1,1,+0.22190,+0.59799,0.30857,287.64,1,-9.256,-0.02624,-18.003,+0.00000,-17.80,+0.00000,0,+0.00000,+0.00000,0.00215,-2.990,0,28.7,28.7
7.188905,1,1,0.251394,0.254229,0.2750,-0.02077,1,1,1,+0.24554,+0.55587,0.33852,280.06,1,-10.882,-0.03160,-18.185,+0.00000,-17.80,+0.00000,0,+0.00000,+0.00000,0.00232,-3.375,0,28.7,28.7
7.234333,1,1,0.266068,0.266068,0.2750,-0.00893,1,1,1,+0.26187,+0.52602,0.35647,274.68,1,-11.000,-0.03045,-18.310,+0.00000,-17.80,+0.00000,0,+0.00000,+0.00000,0.00252,-3.734,0,28.7,28.7
7.289709,1,1,0.299294,0.300338,0.2750,+0.02534,1,1,1,+0.29460,+0.46475,0.39640,263.66,1,-11.000,-0.02735,-18.335,+0.00000,-17.80,+0.00000,0,+0.00000,+0.00000,0.00308,-4.378,0,28.7,28.7
7.350750,1,1,0.299097,0.299097,0.2750,+0.02410,1,1,1,+0.31044,+0.43306,0.41944,257.95,1,-11.000,-0.02513,-18.104,+0.00000,-17.80,+0.00000,0,+0.00000,+0.00000,0.00323,-4.908,0,28.7,28.7
7.414228,1,1,0.335000,0.335000,0.2750,+0.06000,1,1,1,+0.35314,+0.35249,0.48308,243.45,1,-11.000,-0.02087,-18.041,+0.00000,-17.80,+0.00000,0,+0.00000,+0.00000,0.00355,-5.913,0,28.7,28.7
7.492150,1,1,0.335000,0.335000,0.2750,+0.06000,1,0,0,+0.00000,+0.00000,0.00000,0.00,0,+6.000,+0.05000,-18.083,+0.00000,-17.80,+0.00000,1,+0.36195,+0.00000,0.01939,-7.209,0,28.7,28.7
7.544949,1,1,0.335000,0.335000,0.2750,+0.06000,1,0,0,+0.00000,+0.00000,0.00000,0.00,0,+6.000,+0.05000,-18.113,-0.00000,-17.80,+0.00000,1,+0.40726,+0.00000,0.03451,-7.975,0,28.7,28.7
7.598196,1,1,0.335000,0.335000,0.2750,+0.06000,1,0,0,+0.00000,+0.00000,0.00000,0.00,0,+6.000,+0.05000,-18.070,-0.00000,-17.80,+0.00000,1,+0.44565,+0.00000,0.04634,-6.874,0,28.7,28.7
7.650018,1,1,0.335000,0.335000,0.2750,+0.06000,1,0,0,+0.00000,+0.00000,0.00000,0.00,0,+6.000,+0.04660,-18.016,+0.00000,-17.80,+0.00000,1,+0.52438,+0.00000,0.05567,-5.183,0,28.7,28.7
7.697485,1,1,0.335000,0.335000,0.2750,+0.06000,1,0,0,+0.00000,+0.00000,0.00000,0.00,0,+6.000,+0.03949,-17.979,-0.00000,-17.80,+0.00000,1,+0.59005,+0.00000,0.03845,-3.586,0,28.7,28.7
7.752698,1,1,0.335000,0.335000,0.2750,+0.06000,1,0,0,+0.00000,+0.00000,0.00000,0.00,0,+6.000,+0.03312,-17.956,+0.00000,-17.80,+0.00000,1,+0.63872,+0.00000,0.02832,-2.085,0,28.7,28.7
7.817608,1,1,0.335000,0.335000,0.2750,+0.06000,1,0,0,+0.00000,+0.00000,0.00000,0.00,0,+6.000,+0.02519,-16.751,-0.66058,-17.80,+0.00000,0,+0.00000,+0.00000,0.00000,-0.197,0,28.7,28.7
7.917605,1,1,0.334798,0.334798,0.2750,+0.05980,1,0,0,+0.00000,+0.00000,0.00000,0.00,0,+6.000,+0.01565,-17.264,-0.04161,-17.80,+0.00000,1,+0.71803,+0.00000,0.03493,+2.047,0,28.7,28.7
7.993501,1,1,0.330367,0.330367,0.2750,+0.05537,1,0,0,+0.00000,+0.00000,0.00000,0.00,0,+6.000,+0.01029,-17.369,-0.01807,-17.80,+0.00000,1,+0.77674,-0.10669,0.04121,+3.360,0,28.7,28.7
8.064263,1,1,0.326433,0.326433,0.2750,+0.05143,1,0,0,+0.00000,+0.00000,0.00000,0.00,0,+6.000,+0.00739,-17.444,-0.01266,-17.80,+0.00000,1,+0.08174,+0.59330,0.04801,+4.128,0,28.7,28.7
8.139869,1,1,0.322431,0.322431,0.2750,+0.04743,1,0,0,+0.00000,+0.00000,0.00000,0.00,0,+6.000,+0.00520,-17.502,-0.00917,-17.80,+0.00000,0,+0.00000,+0.00000,0.05881,+4.688,0,28.7,28.7
8.217678,1,1,0.318517,0.318517,0.2750,+0.04352,1,0,0,+0.00000,+0.00000,0.00000,0.00,0,+6.000,+0.00353,-17.545,-0.00641,-17.80,+0.00000,0,+0.00000,+0.00000,0.05198,+5.104,0,15.9,15.9
8.297005,1,1,0.314730,0.314730,0.2750,+0.03973,1,0,0,+0.00000,+0.00000,0.00000,0.00,0,+6.000,+0.00232,-17.576,-0.00479,-17.80,+0.00000,0,+0.00000,+0.00000,0.02729,+5.407,0,15.9,15.9
8.379781,2,1,0.310986,0.310986,0.2750,+0.03599,1,0,0,+0.00000,+0.00000,0.00000,0.00,0,+6.000,+0.00133,-17.602,-0.00315,-17.80,+0.00000,0,+0.00000,+0.00000,0.01913,+5.653,0,15.9,15.9
8.461448,2,1,0.307489,0.307489,0.2750,+0.03249,1,0,0,+0.00000,+0.00000,0.00000,0.00,0,+6.000,+0.00073,-17.618,-0.00230,-17.80,+0.00000,0,+0.00000,+0.00000,0.02263,+5.804,0,15.9,15.9
8.536753,2,1,0.304430,0.304430,0.2750,+0.02943,1,0,0,+0.00000,+0.00000,0.00000,0.00,0,+6.000,+0.00038,-17.628,-0.00169,-17.80,+0.00000,0,+0.00000,+0.00000,0.07101,+5.896,0,15.9,15.9
8.620259,2,1,0.301212,0.301212,0.2750,+0.02621,1,0,0,+0.00000,+0.00000,0.00000,0.00,0,+6.000,+0.00012,-17.637,-0.00108,-17.80,+0.00000,0,+0.00000,+0.00000,0.05682,+5.962,0,15.9,15.9
8.702482,2,1,0.298213,0.298213,0.2750,+0.02321,1,0,0,+0.00000,+0.00000,0.00000,0.00,0,+6.000,+0.00068,-17.324,-0.00075,-17.80,+0.00000,0,+0.00000,+0.00000,0.01020,+5.837,0,15.9,15.9
8.785501,2,1,0.295348,0.295348,0.2750,+0.02035,1,0,0,+0.00000,+0.00000,0.00000,0.00,0,+6.000,+0.00063,-17.327,-0.00052,-17.80,+0.00000,0,+0.00000,+0.00000,0.00750,+5.853,0,15.9,15.9
8.870541,2,1,0.292573,0.292573,0.2750,+0.01757,1,0,0,+0.00000,+0.00000,0.00000,0.00,0,+6.000,-0.00247,-11.850,-0.42042,-17.80,+0.00000,0,+0.00000,+0.00000,0.00376,+6.467,0,15.9,15.9
8.963038,2,1,0.289728,0.289728,0.2750,+0.01473,1,0,0,+0.00000,+0.00000,0.00000,0.00,0,+6.000,+0.00124,-9.511,+2.47153,-17.80,+0.00000,0,+0.00000,+0.00000,0.01368,+5.493,0,15.9,15.9
9.030209,2,1,0.287769,0.287769,0.2750,+0.01277,1,0,0,+0.00000,+0.00000,0.00000,0.00,0,+6.000,-0.00804,-4.063,+0.61772,-17.80,+0.00000,0,+0.00000,+0.00000,0.01301,+7.276,0,15.9,15.9
9.099495,2,1,0.285839,0.285839,0.2750,+0.01084,1,0,0,+0.00000,+0.00000,0.00000,0.00,0,+6.000,-0.00430,-6.951,-0.91570,-17.80,+0.00000,0,+0.00000,+0.00000,0.01244,+6.681,0,15.9,15.9
9.173460,2,1,0.283874,0.283874,0.2750,+0.00887,1,0,0,+0.00000,+0.00000,0.00000,0.00,0,+6.000,-0.00240,-9.494,-0.09306,-17.80,+0.00000,0,+0.00000,+0.00000,0.01266,+6.541,0,15.9,15.9
9.244996,2,1,0.282063,0.282063,0.2750,+0.00706,1,0,0,+0.00000,+0.00000,0.00000,0.00,0,+6.000,+0.00377,-11.645,-0.00205,-17.80,+0.00000,0,+0.00000,+0.00000,0.01200,+5.088,0,12.7,12.7
9.319069,2,1,0.280278,0.280278,0.2750,+0.00528,1,0,0,+0.00000,+0.00000,0.00000,0.00,0,+6.000,+0.01132,-14.348,-0.01151,-17.80,+0.00000,0,+0.00000,+0.00000,0.01189,+3.405,0,12.7,12.7
9.389562,2,1,0.278658,0.278658,0.2750,+0.00366,1,0,0,+0.00000,+0.00000,0.00000,0.00,0,+6.000,+0.01693,-16.452,+0.01168,-17.80,+0.00000,0,+0.00000,+0.00000,0.01174,+2.132,0,12.7,12.7
9.462967,2,1,0.277051,0.277051,0.2750,+0.00205,1,0,0,+0.00000,+0.00000,0.00000,0.00,0,+6.000,+0.02200,-18.566,-0.02067,-17.80,+0.00000,0,+0.00000,+0.00000,0.01180,+0.955,0,12.7,12.7
9.539245,2,1,0.275462,0.275462,0.2750,+0.00046,1,0,0,+0.00000,+0.00000,0.00000,0.00,0,+6.000,+0.02659,-20.343,-0.02372,-17.80,+0.00000,0,+0.00000,+0.00000,0.05615,-0.096,0,12.7,12.7
9.613379,2,1,0.273993,0.273993,0.2750,-0.00101,1,0,0,+0.00000,+0.00000,0.00000,0.00,0,+6.000,+0.02994,-21.811,-0.03235,-17.80,+0.00000,0,+0.00000,+0.00000,0.05845,-0.874,0,12.7,12.7
9.684617,2,1,0.272648,0.272648,0.2750,-0.00235,1,0,0,+0.00000,+0.00000,0.00000,0.00,0,+6.000,+0.03074,-22.734,+0.03489,-17.80,+0.00000,0,+0.00000,+0.00000,0.03543,-1.183,0,12.7,12.7
9.758582,2,1,0.271318,0.271318,0.2750,-0.00368,1,0,0,+0.00000,+0.00000,0.00000,0.00,0,+6.000,+0.03055,-23.728,-0.00112,-17.80,+0.00000,0,+0.00000,+0.00000,0.01843,-1.232,0,12.7,12.7
9.832461,2,1,0.270053,0.270053,0.2750,-0.00495,1,0,0,+0.00000,+0.00000,0.00000,0.00,0,+6.000,+0.02886,-24.783,+0.00932,-17.80,+0.00000,0,+0.00000,+0.00000,0.01086,-0.688,0,12.7,12.7
9.905085,2,1,0.268869,0.268869,0.2750,-0.00613,1,0,0,+0.00000,+0.00000,0.00000,0.00,0,+6.000,+0.03109,-25.043,+0.10033,-17.80,+0.00000,0,+0.00000,+0.00000,0.01079,-1.210,0,12.7,12.7
9.980136,2,1,0.267704,0.267704,0.2750,-0.00730,1,0,0,+0.00000,+0.00000,0.00000,0.00,0,+6.000,+0.03387,-25.652,+0.01645,-17.80,+0.00000,0,+0.00000,+0.00000,0.01059,-1.800,0,12.7,12.7
10.056002,2,1,0.266584,0.266584,0.2750,-0.00842,1,0,0,+0.00000,+0.00000,0.00000,0.00,0,+6.000,+0.03474,-25.968,+0.07487,-17.80,+0.00000,0,+0.00000,+0.00000,0.01047,-2.099,0,12.7,12.7
10.134294,2,1,0.265486,0.265486,0.2750,-0.00951,1,0,0,+0.00000,+0.00000,0.00000,0.00,0,+6.000,+0.03171,-25.870,+0.18261,-17.80,+0.00000,0,+0.00000,+0.00000,0.01015,-1.619,0,12.7,12.7
10.214787,2,1,0.264416,0.264416,0.2750,-0.01058,1,0,0,+0.00000,+0.00000,0.00000,0.00,0,+6.000,+0.02744,-26.045,+0.02625,-17.80,+0.00000,0,+0.00000,+0.00000,0.00961,-0.666,0,12.7,12.7
10.292130,2,1,0.263440,0.263440,0.2750,-0.01156,1,0,0,+0.00000,+0.00000,0.00000,0.00,0,+6.000,+0.02652,-26.733,-0.01494,-17.80,+0.00000,0,+0.00000,+0.00000,0.00903,-0.421,0,13.4,13.4
10.372211,2,1,0.262482,0.262482,0.2750,-0.01252,1,0,0,+0.00000,+0.00000,0.00000,0.00,0,+6.000,+0.02808,-27.380,-0.02112,-17.80,+0.00000,0,+0.00000,+0.00000,0.00830,-0.714,0,13.4,13.4
10.456709,2,1,0.261524,0.261524,0.2750,-0.01348,1,0,0,+0.00000,+0.00000,0.00000,0.00,0,+6.000,+0.03000,-27.738,-0.10734,-17.80,+0.00000,0,+0.00000,+0.00000,0.00818,-1.183,0,13.4,13.4
10.539510,2,1,0.260637,0.260637,0.2750,-0.01436,1,0,0,+0.00000,+0.00000,0.00000,0.00,0,+6.000,+0.03282,-27.952,+0.02272,-17.80,+0.00000,0,+0.00000,+0.00000,0.04224,-1.833,0,13.4,13.4
10.629821,2,1,0.259723,0.259723,0.2750,-0.01528,1,0,0,+0.00000,+0.00000,0.00000,0.00,0,+6.000,+0.03794,-28.740,+0.04244,-17.80,+0.00000,0,+0.00000,+0.00000,0.03315,-3.096,0,13.4,13.4
10.719998,2,1,0.258864,0.258864,0.2750,-0.01614,1,0,0,+0.00000,+0.00000,0.00000,0.00,0,+6.000,+0.04206,-28.865,+0.04490,-17.80,+0.00000,0,+0.00000,+0.00000,0.00581,-4.016,0,13.4,13.4
10.809491,2,1,0.258061,0.258061,0.2750,-0.01694,1,0,0,+0.00000,+0.00000,0.00000,0.00,0,+6.000,+0.04346,-28.624,+0.14061,-17.80,+0.00000,0,+0.00000,+0.00000,0.00451,-4.427,0,13.4,13.4
10.903646,2,1,0.257266,0.257266,0.2750,-0.01773,1,0,0,+0.00000,+0.00000,0.00000,0.00,0,+6.000,+0.04716,-28.881,+0.00169,-17.80,+0.00000,0,+0.00000,+0.00000,0.00289,-5.269,0,13.4,13.4
10.996184,2,1,0.256533,0.256533,0.2750,-0.01847,1,0,0,+0.00000,+0.00000,0.00000,0.00,0,+6.000,+0.04859,-28.950,+0.06305,-17.80,+0.00000,0,+0.00000,+0.00000,0.00191,-5.675,0,13.4,13.4
11.096989,2,1,0.255783,0.255783,0.2750,-0.01922,1,0,0,+0.00000,+0.00000,0.00000,0.00,0,+6.000,+0.05000,-28.841,+0.08928,-17.80,+0.00000,0,+0.00000,+0.00000,0.00060,-6.199,0,13.4,13.4
11.192258,2,1,0.255119,0.255119,0.2750,-0.01988,1,0,0,+0.00000,+0.00000,0.00000,0.00,0,+6.000,+0.05000,-28.751,+0.08182,-17.80,+0.00000,0,+0.00000,+0.00000,0.00000,-6.708,0,13.4,13.4
11.297836,2,1,0.254432,0.254432,0.2750,-0.02057,1,0,0,+0.00000,+0.00000,0.00000,0.00,0,+6.000,+0.05000,-28.713,+0.14713,-17.80,+0.00000,0,+0.00000,+0.00000,0.00001,-7.414,0,10.9,10.9
11.400382,2,1,0.253808,0.253808,0.2750,-0.02119,1,0,0,+0.00000,+0.00000,0.00000,0.00,0,+6.000,+0.05000,-28.816,+0.15475,-17.80,+0.00000,0,+0.00000,+0.00000,0.00000,-8.404,0,10.9,10.9
11.512572,2,1,0.253174,0.253174,0.2750,-0.02183,1,0,0,+0.00000,+0.00000,0.00000,0.00,0,+6.000,+0.05000,-28.990,+0.08661,-17.80,+0.00000,0,+0.00000,+0.00000,0.00000,-8.845,0,10.9,10.9
11.613645,2,1,0.252641,0.252641,0.2750,-0.02236,1,0,0,+0.00000,+0.00000,0.00000,0.00,0,+6.000,+0.05000,-29.167,+0.11508,-17.80,+0.00000,0,+0.00000,+0.00000,0.00000,-9.501,0,10.9,10.9
11.723871,2,1,0.252100,0.252100,0.2750,-0.02290,1,0,0,+0.00000,+0.00000,0.00000,0.00,0,+6.000,+0.05000,-29.456,+0.14234,-17.80,+0.00000,0,+0.00000,+0.00000,0.00000,-10.012,0,10.9,10.9
11.830675,2,1,0.251612,0.251612,0.2750,-0.02339,1,0,0,+0.00000,+0.00000,0.00000,0.00,0,+6.000,+0.05000,-29.879,+0.18023,-17.80,+0.00000,0,+0.00000,+0.00000,0.00000,-11.476,0,10.9,10.9
11.933189,2,1,0.251175,0.251175,0.2750,-0.02383,1,0,0,+0.00000,+0.00000,0.00000,0.00,0,+6.000,+0.05000,-29.148,+0.27913,-17.80,+0.00000,0,+0.00000,+0.00000,0.00000,-9.722,0,10.9,10.9
12.020135,2,1,0.250827,0.250827,0.2750,-0.02417,1,0,0,+0.00000,+0.00000,0.00000,0.00,0,+6.000,+0.00361,-20.464,-0.78280,-17.80,+0.00000,0,+0.00000,+0.00000,0.01400,+3.796,0,10.9,10.9
12.098587,2,1,0.215000,0.215000,0.2750,-0.06000,1,1,1,+0.61881,+0.66653,0.48122,299.98,1,-11.000,-0.05000,-23.552,-0.48677,-17.80,+0.00000,1,+0.50782,-0.20694,0.02419,+8.150,0,10.9,10.9
12.173453,2,1,0.259919,0.335000,0.2750,+0.06000,1,1,1,-0.33097,-0.87560,0.08333,22.39,0,+6.000,-0.02094,-25.236,-0.35873,-17.80,+0.00000,1,+0.55284,-0.32427,0.03373,+10.427,0,10.9,10.9
12.205150,2,1,0.278937,0.335000,0.2750,+0.06000,1,1,1,-0.30003,-0.80759,0.08553,34.63,0,+6.000,-0.01917,-25.844,-0.30730,-17.80,+0.00000,1,+0.51896,-0.36235,0.02862,+10.576,0,10.9,10.9
12.238459,2,1,0.298923,0.335000,0.2750,+0.06000,1,1,1,-0.29654,-0.77678,0.08480,40.18,0,+6.000,-0.01812,-26.387,-0.27113,-17.80,+0.00000,1,+0.51746,-0.39315,0.02727,+10.219,0,10.9,10.9
12.272790,2,1,0.319522,0.335000,0.2750,+0.06000,1,1,1,-0.29328,-0.74820,0.08389,45.32,0,+6.000,-0.01644,-25.373,-0.25008,-17.80,+0.00000,1,+0.51092,-0.40772,0.02592,+9.695,0,10.9,10.9
12.307318,2,1,0.335000,0.335000,0.2750,+0.06000,1,1,1,-0.28720,-0.72625,0.08352,49.27,0,+6.000,-0.01182,-23.988,-0.21541,-17.80,+0.00000,1,+0.49914,-0.41380,0.02468,+8.686,0,12.9,12.9
12.339334,2,1,0.335000,0.335000,0.2750,+0.06000,1,1,1,-0.28475,-0.70583,0.08296,52.95,0,+6.000,-0.00779,-22.853,-0.17907,-17.80,+0.00000,1,+0.49724,-0.41582,0.02383,+7.799,0,12.9,12.9
12.370152,2,1,0.335000,0.335000,0.2750,+0.06000,1,1,1,-0.28052,-0.68849,0.08296,56.07,0,+6.000,-0.00803,-23.155,-0.15495,-17.80,+0.00000,1,+0.49160,-0.40965,0.02226,+7.821,0,12.9,12.9
12.404408,2,1,0.335000,0.335000,0.2750,+0.06000,1,1,1,-0.27318,-0.66848,0.08240,59.67,0,+6.000,-0.00851,-23.446,-0.13430,-17.80,+0.00000,1,+0.49074,-0.40667,0.02141,+7.907,0,12.9,12.9
12.437129,2,1,0.335000,0.335000,0.2750,+0.06000,1,1,1,-0.26664,-0.65008,0.08221,62.99,0,+6.000,-0.00872,-23.676,-0.11309,-17.80,+0.00000,1,+0.49116,-0.40304,0.02039,+7.980,0,12.9,12.9
12.471185,2,1,0.335000,0.335000,0.2750,+0.06000,1,1,1,-0.25848,-0.63187,0.08108,66.26,0,+6.000,-0.00873,-23.883,-0.09881,-17.80,+0.00000,1,+0.48694,-0.40866,0.01976,+8.002,0,12.9,12.9
12.505558,2,0,0.335000,0.335000,0.2750,+0.06000,0,0,1,+0.05767,+0.98788,0.02606,357.82,0,+0.000,+0.00000,-23.946,-0.03228,-17.80,+0.00000,0,+0.00000,+0.00000,0.00000,+8.029,0,12.9,12.9
12.530241,2,0,0.335000,0.335000,0.2750,+0.06000,0,0,1,+0.05312,+0.98889,0.02485,358.00,0,+0.000,+0.00000,-24.009,-0.05481,-17.80,+0.00000,0,+0.00000,+0.00000,0.00000,+8.044,0,12.9,12.9
12.555649,2,0,0.335000,0.335000,0.2750,+0.06000,0,0,1,+0.05312,+0.98889,0.02485,358.00,0,+0.000,+0.00000,-22.771,-0.09201,-17.80,+0.00000,0,+0.00000,+0.00000,0.00000,+7.541,0,12.9,12.9
12.583977,2,0,0.335000,0.335000,0.2750,+0.06000,0,0,1,+0.05312,+0.98889,0.02485,358.00,0,+0.000,+0.00000,-22.929,-0.06613,-17.80,+0.00000,0,+0.00000,+0.00000,0.00000,+7.660,0,12.9,12.9
12.608947,2,0,0.335000,0.335000,0.2750,+0.06000,0,0,1,+0.06250,+0.98889,0.02152,358.00,0,+0.000,+0.00000,-23.025,-0.05957,-17.80,+0.00000,0,+0.00000,+0.00000,0.00000,+7.761,0,12.9,12.9
12.633748,2,0,0.335000,0.335000,0.2750,+0.06000,0,0,0,+0.00000,+0.00000,0.00000,0.00,0,+0.000,+0.00000,-23.110,-0.05554,-17.80,+0.00000,0,+0.00000,+0.00000,0.00000,+7.838,0,12.9,12.9
12.657961,2,0,0.335000,0.335000,0.2750,+0.06000,0,0,0,+0.00000,+0.00000,0.00000,0.00,0,+0.000,+0.00000,-23.171,-0.05146,-17.80,+0.00000,0,+0.00000,+0.00000,0.00000,+7.891,0,12.9,12.9
12.683748,2,0,0.335000,0.335000,0.2750,+0.06000,0,0,0,+0.00000,+0.00000,0.00000,0.00,0,+0.000,+0.00000,-23.242,-0.04469,-17.80,+0.00000,0,+0.00000,+0.00000,0.00000,+7.956,0,12.9,12.9
12.708747,2,0,0.335000,0.335000,0.2750,+0.06000,0,0,0,+0.00000,+0.00000,0.00000,0.00,0,+0.000,+0.00000,-23.308,-0.03966,-17.80,+0.00000,0,+0.00000,+0.00000,0.00000,+8.017,0,12.9,12.9
12.734716,2,0,0.335000,0.335000,0.2750,+0.06000,0,0,0,+0.00000,+0.00000,0.00000,0.00,0,+0.000,+0.00000,-23.364,-0.03679,-17.80,+0.00000,0,+0.00000,+0.00000,0.00000,+8.068,0,12.9,12.9
12.760934,2,0,0.335000,0.335000,0.2750,+0.06000,0,0,0,+0.00000,+0.00000,0.00000,0.00,0,+0.000,+0.00000,-23.416,-0.03191,-17.80,+0.00000,0,+0.00000,+0.00000,0.00000,+8.116,0,12.9,12.9
12.783952,2,0,0.335000,0.335000,0.2750,+0.06000,0,0,0,+0.00000,+0.00000,0.00000,0.00,0,+0.000,+0.00000,-23.469,-0.02897,-17.80,+0.00000,0,+0.00000,+0.00000,0.00000,+8.164,0,12.9,12.9
12.806949,2,0,0.335000,0.335000,0.2750,+0.06000,0,0,0,+0.00000,+0.00000,0.00000,0.00,0,+0.000,+0.00000,-23.495,-0.02592,-17.80,+0.00000,0,+0.00000,+0.00000,0.00000,+8.187,0,12.9,12.9
12.830663,2,0,0.335000,0.335000,0.2750,+0.06000,0,0,0,+0.00000,+0.00000,0.00000,0.00,0,+0.000,+0.00000,-23.533,-0.02270,-17.80,+0.00000,0,+0.00000,+0.00000,0.00000,+8.222,0,12.9,12.9
12.854555,2,0,0.335000,0.335000,0.2750,+0.06000,0,0,0,+0.00000,+0.00000,0.00000,0.00,0,+0.000,+0.00000,-23.565,-0.02084,-17.80,+0.00000,0,+0.00000,+0.00000,0.00000,+8.251,0,12.9,12.9
12.876670,2,0,0.335000,0.335000,0.2750,+0.06000,0,0,0,+0.00000,+0.00000,0.00000,0.00,0,+0.000,+0.00000,-23.595,-0.01820,-17.80,+0.00000,0,+0.00000,+0.00000,0.00000,+8.279,0,12.9,12.9
12.904655,2,0,0.335000,0.335000,0.2750,+0.06000,0,0,0,+0.00000,+0.00000,0.00000,0.00,0,+0.000,+0.00000,-23.621,-0.01633,-17.80,+0.00000,0,+0.00000,+0.00000,0.00000,+8.302,0,12.9,12.9
12.927919,2,0,0.335000,0.335000,0.2750,+0.06000,0,0,0,+0.00000,+0.00000,0.00000,0.00,0,+0.000,+0.00000,-23.644,-0.01521,-17.80,+0.00000,0,+0.00000,+0.00000,0.00000,+8.323,0,12.9,12.9
12.953035,2,0,0.335000,0.335000,0.2750,+0.06000,0,0,0,+0.00000,+0.00000,0.00000,0.00,0,+0.000,+0.00000,-23.660,-0.01322,-17.80,+0.00000,0,+0.00000,+0.00000,0.00000,+8.338,0,12.9,12.9
12.976445,2,0,0.334685,0.334685,0.2750,+0.05968,0,0,0,+0.00000,+0.00000,0.00000,0.00,0,+0.000,+0.00000,-23.680,-0.01216,-17.80,+0.00000,0,+0.00000,+0.00000,0.00000,+8.357,0,12.9,12.9
13.002386,2,0,0.333147,0.333147,0.2750,+0.05815,0,0,0,+0.00000,+0.00000,0.00000,0.00,0,+0.000,+0.00000,-23.699,-0.01058,-17.80,+0.00000,0,+0.00000,+0.00000,0.00000,+8.374,0,12.9,12.9
13.026865,2,0,0.331720,0.331720,0.2750,+0.05672,0,0,0,+0.00000,+0.00000,0.00000,0.00,0,+0.000,+0.00000,-23.710,-0.00991,-17.80,+0.00000,0,+0.00000,+0.00000,0.00000,+8.384,0,12.9,12.9
13.051492,2,0,0.330308,0.330308,0.2750,+0.05531,0,0,0,+0.00000,+0.00000,0.00000,0.00,0,+0.000,+0.00000,-23.725,-0.00856,-17.80,+0.00000,0,+0.00000,+0.00000,0.00000,+8.398,0,12.9,12.9
13.074714,2,0,0.328998,0.328998,0.2750,+0.05400,0,0,0,+0.00000,+0.00000,0.00000,0.00,0,+0.000,+0.00000,-23.737,-0.00755,-17.80,+0.00000,0,+0.00000,+0.00000,0.00000,+8.408,0,12.9,12.9
13.098515,2,0,0.327675,0.327675,0.2750,+0.05268,0,0,0,+0.00000,+0.00000,0.00000,0.00,0,+0.000,+0.00000,-23.748,-0.00692,-17.80,+0.00000,0,+0.00000,+0.00000,0.00000,+8.419,0,12.9,12.9
13.122412,2,0,0.326369,0.326369,0.2750,+0.05137,0,0,0,+0.00000,+0.00000,0.00000,0.00,0,+0.000,+0.00000,-23.755,-0.00647,-17.80,+0.00000,0,+0.00000,+0.00000,0.00000,+8.425,0,12.9,12.9
13.148008,2,0,0.324992,0.324992,0.2750,+0.04999,0,0,0,+0.00000,+0.00000,0.00000,0.00,0,+0.000,+0.00000,-23.765,-0.00570,-17.80,+0.00000,0,+0.00000,+0.00000,0.00000,+8.434,0,12.9,12.9
13.173186,2,0,0.323661,0.323661,0.2750,+0.04866,0,0,0,+0.00000,+0.00000,0.00000,0.00,0,+0.000,+0.00000,-23.772,-0.00504,-17.80,+0.00000,0,+0.00000,+0.00000,0.00000,+8.441,0,12.9,12.9
13.201821,2,0,0.322173,0.322173,0.2750,+0.04717,0,0,0,+0.00000,+0.00000,0.00000,0.00,0,+0.000,+0.00000,-23.782,-0.00435,-17.80,+0.00000,0,+0.00000,+0.00000,0.00000,+8.450,0,12.9,12.9
13.227307,2,0,0.320873,0.320873,0.2750,+0.04587,0,0,0,+0.00000,+0.00000,0.00000,0.00,0,+0.000,+0.00000,-23.789,-0.00383,-17.80,+0.00000,0,+0.00000,+0.00000,0.00000,+8.456,0,12.9,12.9
13.252103,2,0,0.319629,0.319629,0.2750,+0.04463,0,0,0,+0.00000,+0.00000,0.00000,0.00,0,+0.000,+0.00000,-23.793,-0.00367,-17.80,+0.00000,0,+0.00000,+0.00000,0.00000,+8.459,0,12.9,12.9
13.276244,2,0,0.318438,0.318438,0.2750,+0.04344,0,0,0,+0.00000,+0.00000,0.00000,0.00,0,+0.000,+0.00000,-23.798,-0.00367,-17.80,+0.00000,0,+0.00000,+0.00000,0.00000,+8.464,0,12.9,12.9
13.305421,2,0,0.317023,0.317023,0.2750,+0.04202,0,0,0,+0.00000,+0.00000,0.00000,0.00,0,+0.000,+0.00000,-23.805,-0.00367,-17.80,+0.00000,0,+0.00000,+0.00000,0.00000,+8.470,0,12.9,12.9
13.331439,2,0,0.315785,0.315785,0.2750,+0.04078,0,0,0,+0.00000,+0.00000,0.00000,0.00,0,+0.000,+0.00000,-23.811,-0.00367,-17.80,+0.00000,0,+0.00000,+0.00000,0.00000,+8.476,0,38.1,38.1
13.354365,2,0,0.314711,0.314711,0.2750,+0.03971,0,0,0,+0.00000,+0.00000,0.00000,0.00,0,+0.000,+0.00000,-23.815,-0.00367,-17.80,+0.00000,0,+0.00000,+0.00000,0.00000,+8.480,0,38.1,38.1
13.375598,2,0,0.313731,0.313731,0.2750,+0.03873,0,0,0,+0.00000,+0.00000,0.00000,0.00,0,+0.000,+0.00000,-23.821,-0.00367,-17.80,+0.00000,0,+0.00000,+0.00000,0.00000,+8.485,0,38.1,38.1
13.395832,2,0,0.312810,0.312810,0.2750,+0.03781,0,0,0,+0.00000,+0.00000,0.00000,0.00,0,+0.000,+0.00000,-23.825,-0.00367,-17.80,+0.00000,0,+0.00000,+0.00000,0.00000,+8.489,0,38.1,38.1
13.400251,2,0,0.312611,0.312611,0.2750,+0.03761,0,0,0,+0.00000,+0.00000,0.00000,0.00,0,+0.000,+0.00000,-23.827,-0.00367,-17.80,+0.00000,0,+0.00000,+0.00000,0.00000,+8.490,0,38.1,38.1
13.405362,2,0,0.312381,0.312381,0.2750,+0.03738,0,0,0,+0.00000,+0.00000,0.00000,0.00,0,+0.000,+0.00000,-23.827,-0.00367,-17.80,+0.00000,0,+0.00000,+0.00000,0.00000,+8.490,0,38.1,38.1
13.410037,2,0,0.312171,0.312171,0.2750,+0.03717,0,0,0,+0.00000,+0.00000,0.00000,0.00,0,+0.000,+0.00000,-23.828,-0.00367,-17.80,+0.00000,0,+0.00000,+0.00000,0.00000,+8.492,0,38.1,38.1
13.415066,2,0,0.311946,0.311946,0.2750,+0.03695,0,0,0,+0.00000,+0.00000,0.00000,0.00,0,+0.000,+0.00000,-23.828,-0.00367,-17.80,+0.00000,0,+0.00000,+0.00000,0.00000,+8.492,0,38.1,38.1
13.419276,2,0,0.311759,0.311759,0.2750,+0.03676,0,0,0,+0.00000,+0.00000,0.00000,0.00,0,+0.000,+0.00000,-23.830,-0.00367,-17.80,+0.00000,0,+0.00000,+0.00000,0.00000,+8.494,0,38.1,38.1
13.423877,2,0,0.311554,0.311554,0.2750,+0.03655,0,0,0,+0.00000,+0.00000,0.00000,0.00,0,+0.000,+0.00000,-23.830,-0.00367,-17.80,+0.00000,0,+0.00000,+0.00000,0.00000,+8.494,0,38.1,38.1
13.428825,2,0,0.311335,0.311335,0.2750,+0.03633,0,0,0,+0.00000,+0.00000,0.00000,0.00,0,+0.000,+0.00000,-23.832,-0.00367,-17.80,+0.00000,0,+0.00000,+0.00000,0.00000,+8.496,0,38.1,38.1
13.433197,2,0,0.311142,0.311142,0.2750,+0.03614,0,0,0,+0.00000,+0.00000,0.00000,0.00,0,+0.000,+0.00000,-23.834,-0.00367,-17.80,+0.00000,0,+0.00000,+0.00000,0.00000,+8.497,0,38.1,38.1
13.437405,2,0,0.310957,0.310957,0.2750,+0.03596,0,0,0,+0.00000,+0.00000,0.00000,0.00,0,+0.000,+0.00000,-23.834,-0.00367,-17.80,+0.00000,0,+0.00000,+0.00000,0.00000,+8.497,0,38.1,38.1
13.441925,2,0,0.310758,0.310758,0.2750,+0.03576,0,0,0,+0.00000,+0.00000,0.00000,0.00,0,+0.000,+0.00000,-23.836,-0.00367,-17.80,+0.00000,0,+0.00000,+0.00000,0.00000,+8.499,0,38.1,38.1
13.446474,2,0,0.310559,0.310559,0.2750,+0.03556,0,0,0,+0.00000,+0.00000,0.00000,0.00,0,+0.000,+0.00000,-23.836,-0.00367,-17.80,+0.00000,0,+0.00000,+0.00000,0.00000,+8.499,0,38.1,38.1
13.450982,2,0,0.310362,0.310362,0.2750,+0.03536,0,0,0,+0.00000,+0.00000,0.00000,0.00,0,+0.000,+0.00000,-23.838,-0.00367,-17.80,+0.00000,0,+0.00000,+0.00000,0.00000,+8.500,0,38.1,38.1
13.455558,2,0,0.310163,0.310163,0.2750,+0.03516,0,0,0,+0.00000,+0.00000,0.00000,0.00,0,+0.000,+0.00000,-23.838,-0.00367,-17.80,+0.00000,0,+0.00000,+0.00000,0.00000,+8.500,0,38.1,38.1
13.460261,2,0,0.309959,0.309959,0.2750,+0.03496,0,0,0,+0.00000,+0.00000,0.00000,0.00,0,+0.000,+0.00000,-23.840,-0.00367,-17.80,+0.00000,0,+0.00000,+0.00000,0.00000,+8.502,0,38.1,38.1
13.464848,2,0,0.309761,0.309761,0.2750,+0.03476,0,0,0,+0.00000,+0.00000,0.00000,0.00,0,+0.000,+0.00000,-23.840,-0.00367,-17.80,+0.00000,0,+0.00000,+0.00000,0.00000,+8.502,0,38.1,38.1
13.469596,2,0,0.309556,0.309556,0.2750,+0.03456,0,0,0,+0.00000,+0.00000,0.00000,0.00,0,+0.000,+0.00000,-23.842,-0.00367,-17.80,+0.00000,0,+0.00000,+0.00000,0.00000,+8.504,0,38.1,38.1
13.474307,2,0,0.309354,0.309354,0.2750,+0.03435,0,0,0,+0.00000,+0.00000,0.00000,0.00,0,+0.000,+0.00000,-23.842,-0.00367,-17.80,+0.00000,0,+0.00000,+0.00000,0.00000,+8.504,0,38.1,38.1
13.478688,2,0,0.309166,0.309166,0.2750,+0.03417,0,0,0,+0.00000,+0.00000,0.00000,0.00,0,+0.000,+0.00000,-23.844,-0.00367,-17.80,+0.00000,0,+0.00000,+0.00000,0.00000,+8.506,0,38.1,38.1
13.483294,2,0,0.308969,0.308969,0.2750,+0.03397,0,0,0,+0.00000,+0.00000,0.00000,0.00,0,+0.000,+0.00000,-23.844,-0.00367,-17.80,+0.00000,0,+0.00000,+0.00000,0.00000,+8.506,0,38.1,38.1
13.487770,2,0,0.308779,0.308779,0.2750,+0.03378,0,0,0,+0.00000,+0.00000,0.00000,0.00,0,+0.000,+0.00000,-23.845,-0.00367,-17.80,+0.00000,0,+0.00000,+0.00000,0.00000,+8.508,0,38.1,38.1
13.492426,3,0,0.308581,0.308581,0.2750,+0.03358,0,0,0,+0.00000,+0.00000,0.00000,0.00,0,+0.000,+0.00000,-23.845,-0.00367,-17.80,+0.00000,0,+0.00000,+0.00000,0.00000,+8.508,0,38.1,38.1
13.496913,3,0,0.308391,0.308391,0.2750,+0.03339,0,0,0,+0.00000,+0.00000,0.00000,0.00,0,+0.000,+0.00000,-23.847,-0.00367,-17.80,+0.00000,0,+0.00000,+0.00000,0.00000,+8.509,0,38.1,38.1
13.501652,3,0,0.308191,0.308191,0.2750,+0.03319,0,0,0,+0.00000,+0.00000,0.00000,0.00,0,+0.000,+0.00000,-23.847,-0.00367,-17.80,+0.00000,0,+0.00000,+0.00000,0.00000,+8.509,0,38.1,38.1
13.506159,3,0,0.308002,0.308002,0.2750,+0.03300,0,0,0,+0.00000,+0.00000,0.00000,0.00,0,+0.000,+0.00000,-23.849,-0.00367,-17.80,+0.00000,0,+0.00000,+0.00000,0.00000,+8.511,0,38.1,38.1
13.510796,3,0,0.307807,0.307807,0.2750,+0.03281,0,0,0,+0.00000,+0.00000,0.00000,0.00,0,+0.000,+0.00000,-23.849,-0.00367,-17.80,+0.00000,0,+0.00000,+0.00000,0.00000,+8.511,0,38.1,38.1
13.515218,3,0,0.307622,0.307622,0.2750,+0.03262,0,0,0,+0.00000,+0.00000,0.00000,0.00,0,+0.000,+0.00000,-23.851,-0.00367,-17.80,+0.00000,0,+0.00000,+0.00000,0.00000,+8.513,0,38.1,38.1
13.519823,3,0,0.307430,0.307430,0.2750,+0.03243,0,0,0,+0.00000,+0.00000,0.00000,0.00,0,+0.000,+0.00000,-23.853,-0.00367,-17.80,+0.00000,0,+0.00000,+0.00000,0.00000,+8.515,0,38.1,38.1
13.524476,3,0,0.307237,0.307237,0.2750,+0.03224,0,0,0,+0.00000,+0.00000,0.00000,0.00,0,+0.000,+0.00000,-23.853,-0.00367,-17.80,+0.00000,0,+0.00000,+0.00000,0.00000,+8.515,0,38.1,38.1
13.529136,3,0,0.307044,0.307044,0.2750,+0.03204,0,0,0,+0.00000,+0.00000,0.00000,0.00,0,+0.000,+0.00000,-23.855,-0.00367,-17.80,+0.00000,0,+0.00000,+0.00000,0.00000,+8.516,0,38.1,38.1
13.533900,3,0,0.306847,0.306847,0.2750,+0.03185,0,0,0,+0.00000,+0.00000,0.00000,0.00,0,+0.000,+0.00000,-23.855,-0.00367,-17.80,+0.00000,0,+0.00000,+0.00000,0.00000,+8.516,0,38.1,38.1
13.538232,3,0,0.306669,0.306669,0.2750,+0.03167,0,0,0,+0.00000,+0.00000,0.00000,0.00,0,+0.000,+0.00000,-23.857,-0.00367,-17.80,+0.00000,0,+0.00000,+0.00000,0.00000,+8.518,0,38.1,38.1
13.542538,3,0,0.306492,0.306492,0.2750,+0.03149,0,0,0,+0.00000,+0.00000,0.00000,0.00,0,+0.000,+0.00000,-23.857,-0.00367,-17.80,+0.00000,0,+0.00000,+0.00000,0.00000,+8.518,0,38.1,38.1
13.547143,3,0,0.306304,0.306304,0.2750,+0.03130,0,0,0,+0.00000,+0.00000,0.00000,0.00,0,+0.000,+0.00000,-23.859,-0.00367,-17.80,+0.00000,0,+0.00000,+0.00000,0.00000,+8.520,0,38.1,38.1
13.551624,3,0,0.306121,0.306121,0.2750,+0.03112,0,0,0,+0.00000,+0.00000,0.00000,0.00,0,+0.000,+0.00000,-23.859,-0.00367,-17.80,+0.00000,0,+0.00000,+0.00000,0.00000,+8.520,0,38.1,38.1
13.556316,3,0,0.305930,0.305930,0.2750,+0.03093,0,0,0,+0.00000,+0.00000,0.00000,0.00,0,+0.000,+0.00000,-23.861,-0.00367,-17.80,+0.00000,0,+0.00000,+0.00000,0.00000,+8.521,0,38.1,38.1
13.560930,3,0,0.305743,0.305743,0.2750,+0.03074,0,0,0,+0.00000,+0.00000,0.00000,0.00,0,+0.000,+0.00000,-23.861,-0.00367,-17.80,+0.00000,0,+0.00000,+0.00000,0.00000,+8.521,0,38.1,38.1
13.567182,3,0,0.305490,0.305490,0.2750,+0.03049,0,0,0,+0.00000,+0.00000,0.00000,0.00,0,+0.000,+0.00000,-23.864,-0.00367,-17.80,+0.00000,0,+0.00000,+0.00000,0.00000,+8.524,0,38.1,38.1
13.572263,3,0,0.305285,0.305285,0.2750,+0.03029,0,0,0,+0.00000,+0.00000,0.00000,0.00,0,+0.000,+0.00000,-23.864,-0.00367,-17.80,+0.00000,0,+0.00000,+0.00000,0.00000,+8.525,0,38.1,38.1
13.576851,3,0,0.305101,0.305101,0.2750,+0.03010,0,0,0,+0.00000,+0.00000,0.00000,0.00,0,+0.000,+0.00000,-23.864,-0.00367,-17.80,+0.00000,0,+0.00000,+0.00000,0.00000,+8.525,0,38.1,38.1
13.581335,3,0,0.304922,0.304922,0.2750,+0.02992,0,0,0,+0.00000,+0.00000,0.00000,0.00,0,+0.000,+0.00000,-23.867,-0.00367,-17.80,+0.00000,0,+0.00000,+0.00000,0.00000,+8.527,0,38.1,38.1
13.587675,3,0,0.304669,0.304669,0.2750,+0.02967,0,0,0,+0.00000,+0.00000,0.00000,0.00,0,+0.000,+0.00000,-23.867,-0.00367,-17.80,+0.00000,0,+0.00000,+0.00000,0.00000,+8.527,0,38.1,38.1
13.592904,3,0,0.304462,0.304462,0.2750,+0.02946,0,0,0,+0.00000,+0.00000,0.00000,0.00,0,+0.000,+0.00000,-23.868,-0.00367,-17.80,+0.00000,0,+0.00000,+0.00000,0.00000,+8.528,0,38.1,38.1
13.597256,3,0,0.304289,0.304289,0.2750,+0.02929,0,0,0,+0.00000,+0.00000,0.00000,0.00,0,+0.000,+0.00000,-23.870,-0.00367,-17.80,+0.00000,0,+0.00000,+0.00000,0.00000,+8.530,0,38.1,38.1
13.601909,3,0,0.304106,0.304106,0.2750,+0.02911,0,0,0,+0.00000,+0.00000,0.00000,0.00,0,+0.000,+0.00000,-23.870,-0.00367,-17.80,+0.00000,0,+0.00000,+0.00000,0.00000,+8.530,0,38.1,38.1
13.607030,3,0,0.303904,0.303904,0.2750,+0.02890,0,0,0,+0.00000,+0.00000,0.00000,0.00,0,+0.000,+0.00000,-23.872,-0.00367,-17.80,+0.00000,0,+0.00000,+0.00000,0.00000,+8.532,0,38.1,38.1
13.611447,3,0,0.303731,0.303731,0.2750,+0.02873,0,0,0,+0.00000,+0.00000,0.00000,0.00,0,+0.000,+0.00000,-23.872,-0.00367,-17.80,+0.00000,0,+0.00000,+0.00000,0.00000,+8.532,0,38.1,38.1
13.616429,3,0,0.303536,0.303536,0.2750,+0.02854,0,0,0,+0.00000,+0.00000,0.00000,0.00,0,+0.000,+0.00000,-23.874,-0.00367,-17.80,+0.00000,0,+0.00000,+0.00000,0.00000,+8.534,0,38.1,38.1
13.620827,3,0,0.303365,0.303365,0.2750,+0.02836,0,0,0,+0.00000,+0.00000,0.00000,0.00,0,+0.000,+0.00000,-23.874,-0.00367,-17.80,+0.00000,0,+0.00000,+0.00000,0.00000,+8.534,0,38.1,38.1
13.625362,3,0,0.303189,0.303189,0.2750,+0.02819,0,0,0,+0.00000,+0.00000,0.00000,0.00,0,+0.000,+0.00000,-23.876,-0.00367,-17.80,+0.00000,0,+0.00000,+0.00000,0.00000,+8.536,0,38.1,38.1
13.629910,3,0,0.303013,0.303013,0.2750,+0.02801,0,0,0,+0.00000,+0.00000,0.00000,0.00,0,+0.000,+0.00000,-23.876,-0.00367,-17.80,+0.00000,0,+0.00000,+0.00000,0.00000,+8.536,0,38.1,38.1
13.634249,3,0,0.302845,0.302845,0.2750,+0.02785,0,0,0,+0.00000,+0.00000,0.00000,0.00,0,+0.000,+0.00000,-23.878,-0.00367,-17.80,+0.00000,0,+0.00000,+0.00000,0.00000,+8.538,0,38.1,38.1
13.638847,3,0,0.302668,0.302668,0.2750,+0.02767,0,0,0,+0.00000,+0.00000,0.00000,0.00,0,+0.000,+0.00000,-23.878,-0.00367,-17.80,+0.00000,0,+0.00000,+0.00000,0.00000,+8.538,0,38.1,38.1
13.643462,3,0,0.302491,0.302491,0.2750,+0.02749,0,0,0,+0.00000,+0.00000,0.00000,0.00,0,+0.000,+0.00000,-23.880,-0.00367,-17.80,+0.00000,0,+0.00000,+0.00000,0.00000,+8.540,0,38.1,38.1
13.648063,3,0,0.302315,0.302315,0.2750,+0.02731,0,0,0,+0.00000,+0.00000,0.00000,0.00,0,+0.000,+0.00000,-23.880,-0.00367,-17.80,+0.00000,0,+0.00000,+0.00000,0.00000,+8.540,0,38.1,38.1
13.652584,3,0,0.302142,0.302142,0.2750,+0.02714,0,0,0,+0.00000,+0.00000,0.00000,0.00,0,+0.000,+0.00000,-23.882,-0.00367,-17.80,+0.00000,0,+0.00000,+0.00000,0.00000,+8.541,0,38.1,38.1
13.678620,3,0,0.301159,0.301159,0.2750,+0.02616,0,0,0,+0.00000,+0.00000,0.00000,0.00,0,+0.000,+0.00000,-23.888,-0.00367,-17.80,+0.00000,0,+0.00000,+0.00000,0.00000,+8.547,0,38.1,38.1
13.683065,3,0,0.300993,0.300993,0.2750,+0.02599,0,0,0,+0.00000,+0.00000,0.00000,0.00,0,+0.000,+0.00000,-23.888,-0.00367,-17.80,+0.00000,0,+0.00000,+0.00000,0.00000,+8.547,0,38.1,38.1
13.687748,3,0,0.300818,0.300818,0.2750,+0.02582,0,0,0,+0.00000,+0.00000,0.00000,0.00,0,+0.000,+0.00000,-23.888,-0.00367,-17.80,+0.00000,0,+0.00000,+0.00000,0.00000,+8.547,0,38.1,38.1
13.692302,3,0,0.300649,0.300649,0.2750,+0.02565,0,0,0,+0.00000,+0.00000,0.00000,0.00,0,+0.000,+0.00000,-23.891,-0.00367,-17.80,+0.00000,0,+0.00000,+0.00000,0.00000,+8.549,0,38.1,38.1
13.696683,3,0,0.300487,0.300487,0.2750,+0.02549,0,0,0,+0.00000,+0.00000,0.00000,0.00,0,+0.000,+0.00000,-23.891,-0.00367,-17.80,+0.00000,0,+0.00000,+0.00000,0.00000,+8.549,0,38.1,38.1
13.701188,3,0,0.300320,0.300320,0.2750,+0.02532,0,0,0,+0.00000,+0.00000,0.00000,0.00,0,+0.000,+0.00000,-23.893,-0.00367,-17.80,+0.00000,0,+0.00000,+0.00000,0.00000,+8.551,0,38.1,38.1
13.706070,3,0,0.300141,0.300141,0.2750,+0.02514,0,0,0,+0.00000,+0.00000,0.00000,0.00,0,+0.000,+0.00000,-23.893,-0.00367,-17.80,+0.00000,0,+0.00000,+0.00000,0.00000,+8.551,0,38.1,38.1
13.713673,3,0,0.299862,0.299862,0.2750,+0.02486,0,0,0,+0.00000,+0.00000,0.00000,0.00,0,+0.000,+0.00000,-23.894,-0.00367,-17.80,+0.00000,0,+0.00000,+0.00000,0.00000,+8.552,0,38.1,38.1
13.719103,3,0,0.299664,0.299664,0.2750,+0.02466,0,0,0,+0.00000,+0.00000,0.00000,0.00,0,+0.000,+0.00000,-23.897,-0.00367,-17.80,+0.00000,0,+0.00000,+0.00000,0.00000,+8.554,0,38.1,38.1
13.726438,3,0,0.299397,0.299397,0.2750,+0.02440,0,0,0,+0.00000,+0.00000,0.00000,0.00,0,+0.000,+0.00000,-23.899,-0.00367,-17.80,+0.00000,0,+0.00000,+0.00000,0.00000,+8.556,0,38.1,38.1
13.731068,3,0,0.299229,0.299229,0.2750,+0.02423,0,0,0,+0.00000,+0.00000,0.00000,0.00,0,+0.000,+0.00000,-23.899,-0.00367,-17.80,+0.00000,0,+0.00000,+0.00000,0.00000,+8.556,0,38.1,38.1
13.735630,3,0,0.299065,0.299065,0.2750,+0.02406,0,0,0,+0.00000,+0.00000,0.00000,0.00,0,+0.000,+0.00000,-23.900,-0.00367,-17.80,+0.00000,0,+0.00000,+0.00000,0.00000,+8.558,0,38.1,38.1
13.740154,3,0,0.298902,0.298902,0.2750,+0.02390,0,0,0,+0.00000,+0.00000,0.00000,0.00,0,+0.000,+0.00000,-23.900,-0.00367,-17.80,+0.00000,0,+0.00000,+0.00000,0.00000,+8.558,0,38.1,38.1
13.744844,3,0,0.298734,0.298734,0.2750,+0.02373,0,0,0,+0.00000,+0.00000,0.00000,0.00,0,+0.000,+0.00000,-23.902,-0.00367,-17.80,+0.00000,0,+0.00000,+0.00000,0.00000,+8.559,0,38.1,38.1
13.749441,3,0,0.298569,0.298569,0.2750,+0.02357,0,0,0,+0.00000,+0.00000,0.00000,0.00,0,+0.000,+0.00000,-23.904,-0.00367,-17.80,+0.00000,0,+0.00000,+0.00000,0.00000,+8.561,0,38.1,38.1
13.754121,3,0,0.298402,0.298402,0.2750,+0.02340,0,0,0,+0.00000,+0.00000,0.00000,0.00,0,+0.000,+0.00000,-23.904,-0.00367,-17.80,+0.00000,0,+0.00000,+0.00000,0.00000,+8.561,0,38.1,38.1
13.759351,3,0,0.298216,0.298216,0.2750,+0.02322,0,0,0,+0.00000,+0.00000,0.00000,0.00,0,+0.000,+0.00000,-23.906,-0.00367,-17.80,+0.00000,0,+0.00000,+0.00000,0.00000,+8.563,0,38.1,38.1
13.764172,3,0,0.298046,0.298046,0.2750,+0.02305,0,0,0,+0.00000,+0.00000,0.00000,0.00,0,+0.000,+0.00000,-23.906,-0.00367,-17.80,+0.00000,0,+0.00000,+0.00000,0.00000,+8.563,0,38.1,38.1
13.768908,3,0,0.297878,0.297878,0.2750,+0.02288,0,0,0,+0.00000,+0.00000,0.00000,0.00,0,+0.000,+0.00000,-23.908,-0.00367,-17.80,+0.00000,0,+0.00000,+0.00000,0.00000,+8.565,0,38.1,38.1
13.773281,3,0,0.297724,0.297724,0.2750,+0.02272,0,0,0,+0.00000,+0.00000,0.00000,0.00,0,+0.000,+0.00000,-23.908,-0.00367,-17.80,+0.00000,0,+0.00000,+0.00000,0.00000,+8.565,0,38.1,38.1
13.777849,3,0,0.297564,0.297564,0.2750,+0.02256,0,0,0,+0.00000,+0.00000,0.00000,0.00,0,+0.000,+0.00000,-23.909,-0.00367,-17.80,+0.00000,0,+0.00000,+0.00000,0.00000,+8.566,0,38.1,38.1
13.782694,3,0,0.297395,0.297395,0.2750,+0.02239,0,0,0,+0.00000,+0.00000,0.00000,0.00,0,+0.000,+0.00000,-23.911,-0.00367,-17.80,+0.00000,0,+0.00000,+0.00000,0.00000,+8.567,0,38.1,38.1
13.787267,3,0,0.297235,0.297235,0.2750,+0.02224,0,0,0,+0.00000,+0.00000,0.00000,0.00,0,+0.000,+0.00000,-23.911,-0.00367,-17.80,+0.00000,0,+0.00000,+0.00000,0.00000,+8.567,0,38.1,38.1
13.792179,3,0,0.297064,0.297064,0.2750,+0.02206,0,0,0,+0.00000,+0.00000,0.00000,0.00,0,+0.000,+0.00000,-23.913,-0.00367,-17.80,+0.00000,0,+0.00000,+0.00000,0.00000,+8.569,0,38.1,38.1
13.796489,3,0,0.296915,0.296915,0.2750,+0.02191,0,0,0,+0.00000,+0.00000,0.00000,0.00,0,+0.000,+0.00000,-23.913,-0.00367,-17.80,+0.00000,0,+0.00000,+0.00000,0.00000,+8.569,0,38.1,38.1
13.801364,3,0,0.296747,0.296747,0.2750,+0.02175,0,0,0,+0.00000,+0.00000,0.00000,0.00,0,+0.000,+0.00000,-23.915,-0.00367,-17.80,+0.00000,0,+0.00000,+0.00000,0.00000,+8.571,0,38.1,38.1
13.805619,3,0,0.296600,0.296600,0.2750,+0.02160,0,0,0,+0.00000,+0.00000,0.00000,0.00,0,+0.000,+0.00000,-23.915,-0.00367,-17.80,+0.00000,0,+0.00000,+0.00000,0.00000,+8.571,0,38.1,38.1
13.810165,3,0,0.296444,0.296444,0.2750,+0.02144,0,0,0,+0.00000,+0.00000,0.00000,0.00,0,+0.000,+0.00000,-23.917,-0.00367,-17.80,+0.00000,0,+0.00000,+0.00000,0.00000,+8.573,0,38.1,38.1
13.814708,3,0,0.296288,0.296288,0.2750,+0.02129,0,0,0,+0.00000,+0.00000,0.00000,0.00,0,+0.000,+0.00000,-23.917,-0.00367,-17.80,+0.00000,0,+0.00000,+0.00000,0.00000,+8.573,0,38.1,38.1
13.819238,3,0,0.296134,0.296134,0.2750,+0.02113,0,0,0,+0.00000,+0.00000,0.00000,0.00,0,+0.000,+0.00000,-23.918,-0.00367,-17.80,+0.00000,0,+0.00000,+0.00000,0.00000,+8.574,0,38.1,38.1
13.823844,3,0,0.295977,0.295977,0.2750,+0.02098,0,0,0,+0.00000,+0.00000,0.00000,0.00,0,+0.000,+0.00000,-23.918,-0.00367,-17.80,+0.00000,0,+0.00000,+0.00000,0.00000,+8.574,0,38.1,38.1
13.828417,3,0,0.295822,0.295822,0.2750,+0.02082,0,0,0,+0.00000,+0.00000,0.00000,0.00,0,+0.000,+0.00000,-23.920,-0.00367,-17.80,+0.00000,0,+0.00000,+0.00000,0.00000,+8.576,0,38.1,38.1
13.833807,3,0,0.295639,0.295639,0.2750,+0.02064,0,0,0,+0.00000,+0.00000,0.00000,0.00,0,+0.000,+0.00000,-23.922,-0.00367,-17.80,+0.00000,0,+0.00000,+0.00000,0.00000,+8.578,0,38.1,38.1
13.838913,3,0,0.295467,0.295467,0.2750,+0.02047,0,0,0,+0.00000,+0.00000,0.00000,0.00,0,+0.000,+0.00000,-23.922,-0.00367,-17.80,+0.00000,0,+0.00000,+0.00000,0.00000,+8.578,0,38.1,38.1
13.843553,3,0,0.295311,0.295311,0.2750,+0.02031,0,0,0,+0.00000,+0.00000,0.00000,0.00,0,+0.000,+0.00000,-23.924,-0.00367,-17.80,+0.00000,0,+0.00000,+0.00000,0.00000,+8.580,0,38.1,38.1
13.848447,3,0,0.295148,0.295148,0.2750,+0.02015,0,0,0,+0.00000,+0.00000,0.00000,0.00,0,+0.000,+0.00000,-23.924,-0.00367,-17.80,+0.00000,0,+0.00000,+0.00000,0.00000,+8.580,0,38.1,38.1
13.853013,3,0,0.294995,0.294995,0.2750,+0.02000,0,0,0,+0.00000,+0.00000,0.00000,0.00,0,+0.000,+0.00000,-23.926,-0.00367,-17.80,+0.00000,0,+0.00000,+0.00000,0.00000,+8.582,0,38.1,38.1
13.857567,3,0,0.294844,0.294844,0.2750,+0.01984,0,0,0,+0.00000,+0.00000,0.00000,0.00,0,+0.000,+0.00000,-23.926,-0.00367,-17.80,+0.00000,0,+0.00000,+0.00000,0.00000,+8.582,0,38.1,38.1
13.862282,3,0,0.294687,0.294687,0.2750,+0.01969,0,0,0,+0.00000,+0.00000,0.00000,0.00,0,+0.000,+0.00000,-23.928,-0.00367,-17.80,+0.00000,0,+0.00000,+0.00000,0.00000,+8.583,0,38.1,38.1
13.866790,3,0,0.294538,0.294538,0.2750,+0.01954,0,0,0,+0.00000,+0.00000,0.00000,0.00,0,+0.000,+0.00000,-23.928,-0.00367,-17.80,+0.00000,0,+0.00000,+0.00000,0.00000,+8.583,0,38.1,38.1
13.873106,3,0,0.294330,0.294330,0.2750,+0.01933,0,0,0,+0.00000,+0.00000,0.00000,0.00,0,+0.000,+0.00000,-23.930,-0.00367,-17.80,+0.00000,0,+0.00000,+0.00000,0.00000,+8.585,0,38.1,38.1
13.877917,3,0,0.294172,0.294172,0.2750,+0.01917,0,0,0,+0.00000,+0.00000,0.00000,0.00,0,+0.000,+0.00000,-23.930,-0.00367,-17.80,+0.00000,0,+0.00000,+0.00000,0.00000,+8.585,0,38.1,38.1
13.882545,3,0,0.294020,0.294020,0.2750,+0.01902,0,0,0,+0.00000,+0.00000,0.00000,0.00,0,+0.000,+0.00000,-23.932,-0.00367,-17.80,+0.00000,0,+0.00000,+0.00000,0.00000,+8.587,0,38.1,38.1
13.886870,3,0,0.293879,0.293879,0.2750,+0.01888,0,0,0,+0.00000,+0.00000,0.00000,0.00,0,+0.000,+0.00000,-23.934,-0.00367,-17.80,+0.00000,0,+0.00000,+0.00000,0.00000,+8.588,0,38.1,38.1
13.891433,3,0,0.293731,0.293731,0.2750,+0.01873,0,0,0,+0.00000,+0.00000,0.00000,0.00,0,+0.000,+0.00000,-23.934,-0.00367,-17.80,+0.00000,0,+0.00000,+0.00000,0.00000,+8.588,0,38.1,38.1
13.895862,3,0,0.293587,0.293587,0.2750,+0.01859,0,0,0,+0.00000,+0.00000,0.00000,0.00,0,+0.000,+0.00000,-23.934,-0.00367,-17.80,+0.00000,0,+0.00000,+0.00000,0.00000,+8.588,0,38.1,38.1
13.900771,3,0,0.293428,0.293428,0.2750,+0.01843,0,0,0,+0.00000,+0.00000,0.00000,0.00,0,+0.000,+0.00000,-23.936,-0.00367,-17.80,+0.00000,0,+0.00000,+0.00000,0.00000,+8.591,0,38.1,38.1
13.905795,3,0,0.293266,0.293266,0.2750,+0.01827,0,0,0,+0.00000,+0.00000,0.00000,0.00,0,+0.000,+0.00000,-23.938,-0.00367,-17.80,+0.00000,0,+0.00000,+0.00000,0.00000,+8.592,0,38.1,38.1
13.910405,3,0,0.293118,0.293118,0.2750,+0.01812,0,0,0,+0.00000,+0.00000,0.00000,0.00,0,+0.000,+0.00000,-23.938,-0.00367,-17.80,+0.00000,0,+0.00000,+0.00000,0.00000,+8.592,0,38.1,38.1
13.915029,3,0,0.292970,0.292970,0.2750,+0.01797,0,0,0,+0.00000,+0.00000,0.00000,0.00,0,+0.000,+0.00000,-23.940,-0.00367,-17.80,+0.00000,0,+0.00000,+0.00000,0.00000,+8.594,0,38.1,38.1
13.919759,3,0,0.292819,0.292819,0.2750,+0.01782,0,0,0,+0.00000,+0.00000,0.00000,0.00,0,+0.000,+0.00000,-23.940,-0.00367,-17.80,+0.00000,0,+0.00000,+0.00000,0.00000,+8.594,0,38.1,38.1
13.924371,3,0,0.292672,0.292672,0.2750,+0.01767,0,0,0,+0.00000,+0.00000,0.00000,0.00,0,+0.000,+0.00000,-23.942,-0.00367,-17.80,+0.00000,0,+0.00000,+0.00000,0.00000,+8.596,0,38.1,38.1
13.928655,3,0,0.292536,0.292536,0.2750,+0.01754,0,0,0,+0.00000,+0.00000,0.00000,0.00,0,+0.000,+0.00000,-23.942,-0.00367,-17.80,+0.00000,0,+0.00000,+0.00000,0.00000,+8.596,0,38.1,38.1
13.934804,3,0,0.292342,0.292342,0.2750,+0.01734,0,0,0,+0.00000,+0.00000,0.00000,0.00,0,+0.000,+0.00000,-23.942,-0.00367,-17.80,+0.00000,0,+0.00000,+0.00000,0.00000,+8.596,0,38.1,38.1
13.939160,3,0,0.292205,0.292205,0.2750,+0.01720,0,0,0,+0.00000,+0.00000,0.00000,0.00,0,+0.000,+0.00000,-23.944,-0.00367,-17.80,+0.00000,0,+0.00000,+0.00000,0.00000,+8.598,0,38.1,38.1
13.943713,3,0,0.292062,0.292062,0.2750,+0.01706,0,0,0,+0.00000,+0.00000,0.00000,0.00,0,+0.000,+0.00000,-23.946,-0.00367,-17.80,+0.00000,0,+0.00000,+0.00000,0.00000,+8.599,0,38.1,38.1
13.948238,3,0,0.291920,0.291920,0.2750,+0.01692,0,0,0,+0.00000,+0.00000,0.00000,0.00,0,+0.000,+0.00000,-23.946,-0.00367,-17.80,+0.00000,0,+0.00000,+0.00000,0.00000,+8.599,0,38.1,38.1
13.953448,3,0,0.291757,0.291757,0.2750,+0.01676,0,0,0,+0.00000,+0.00000,0.00000,0.00,0,+0.000,+0.00000,-23.948,-0.00367,-17.80,+0.00000,0,+0.00000,+0.00000,0.00000,+8.601,0,38.1,38.1
13.958462,3,0,0.291601,0.291601,0.2750,+0.01660,0,0,0,+0.00000,+0.00000,0.00000,0.00,0,+0.000,+0.00000,-23.950,-0.00367,-17.80,+0.00000,0,+0.00000,+0.00000,0.00000,+8.603,0,38.1,38.1
13.963043,3,0,0.291459,0.291459,0.2750,+0.01646,0,0,0,+0.00000,+0.00000,0.00000,0.00,0,+0.000,+0.00000,-23.950,-0.00367,-17.80,+0.00000,0,+0.00000,+0.00000,0.00000,+8.603,0,38.1,38.1
13.967708,3,0,0.291315,0.291315,0.2750,+0.01631,0,0,0,+0.00000,+0.00000,0.00000,0.00,0,+0.000,+0.00000,-23.951,-0.00367,-17.80,+0.00000,0,+0.00000,+0.00000,0.00000,+8.604,0,38.1,38.1
13.972251,3,0,0.291175,0.291175,0.2750,+0.01617,0,0,0,+0.00000,+0.00000,0.00000,0.00,0,+0.000,+0.00000,-23.951,-0.00367,-17.80,+0.00000,0,+0.00000,+0.00000,0.00000,+8.604,0,38.1,38.1
13.977022,3,0,0.291028,0.291028,0.2750,+0.01603,0,0,0,+0.00000,+0.00000,0.00000,0.00,0,+0.000,+0.00000,-23.953,-0.00367,-17.80,+0.00000,0,+0.00000,+0.00000,0.00000,+8.606,0,38.1,38.1
13.981652,3,0,0.290886,0.290886,0.2750,+0.01589,0,0,0,+0.00000,+0.00000,0.00000,0.00,0,+0.000,+0.00000,-23.955,-0.00367,-17.80,+0.00000,0,+0.00000,+0.00000,0.00000,+8.608,0,38.1,38.1
13.986399,3,0,0.290741,0.290741,0.2750,+0.01574,0,0,0,+0.00000,+0.00000,0.00000,0.00,0,+0.000,+0.00000,-23.955,-0.00367,-17.80,+0.00000,0,+0.00000,+0.00000,0.00000,+8.608,0,38.1,38.1
13.991254,3,0,0.290593,0.290593,0.2750,+0.01559,0,0,0,+0.00000,+0.00000,0.00000,0.00,0,+0.000,+0.00000,-23.957,-0.00367,-17.80,+0.00000,0,+0.00000,+0.00000,0.00000,+8.610,0,38.1,38.1
13.996015,3,0,0.290449,0.290449,0.2750,+0.01545,0,0,0,+0.00000,+0.00000,0.00000,0.00,0,+0.000,+0.00000,-23.957,-0.00367,-17.80,+0.00000,0,+0.00000,+0.00000,0.00000,+8.610,0,38.1,38.1
14.000419,3,0,0.290316,0.290316,0.2750,+0.01532,0,0,0,+0.00000,+0.00000,0.00000,0.00,0,+0.000,+0.00000,-23.959,-0.00367,-17.80,+0.00000,0,+0.00000,+0.00000,0.00000,+8.611,0,38.1,38.1
14.005069,3,0,0.290175,0.290175,0.2750,+0.01518,0,0,0,+0.00000,+0.00000,0.00000,0.00,0,+0.000,+0.00000,-23.959,-0.00367,-17.80,+0.00000,0,+0.00000,+0.00000,0.00000,+8.611,0,38.1,38.1
14.009841,3,0,0.290032,0.290032,0.2750,+0.01503,0,0,0,+0.00000,+0.00000,0.00000,0.00,0,+0.000,+0.00000,-23.961,-0.00367,-17.80,+0.00000,0,+0.00000,+0.00000,0.00000,+8.613,0,38.1,38.1
14.014587,3,0,0.289890,0.289890,0.2750,+0.01489,0,0,0,+0.00000,+0.00000,0.00000,0.00,0,+0.000,+0.00000,-23.961,-0.00367,-17.80,+0.00000,0,+0.00000,+0.00000,0.00000,+8.613,0,38.1,38.1
14.019125,3,0,0.289754,0.289754,0.2750,+0.01475,0,0,0,+0.00000,+0.00000,0.00000,0.00,0,+0.000,+0.00000,-23.963,-0.00367,-17.80,+0.00000,0,+0.00000,+0.00000,0.00000,+8.615,0,38.1,38.1
14.023371,3,0,0.289628,0.289628,0.2750,+0.01463,0,0,0,+0.00000,+0.00000,0.00000,0.00,0,+0.000,+0.00000,-23.963,-0.00367,-17.80,+0.00000,0,+0.00000,+0.00000,0.00000,+8.615,0,38.1,38.1
14.027897,3,0,0.289493,0.289493,0.2750,+0.01449,0,0,0,+0.00000,+0.00000,0.00000,0.00,0,+0.000,+0.00000,-23.965,-0.00367,-17.80,+0.00000,0,+0.00000,+0.00000,0.00000,+8.617,0,38.1,38.1
14.032480,3,0,0.289357,0.289357,0.2750,+0.01436,0,0,0,+0.00000,+0.00000,0.00000,0.00,0,+0.000,+0.00000,-23.965,-0.00367,-17.80,+0.00000,0,+0.00000,+0.00000,0.00000,+8.617,0,38.1,38.1
14.036909,3,0,0.289227,0.289227,0.2750,+0.01423,0,0,0,+0.00000,+0.00000,0.00000,0.00,0,+0.000,+0.00000,-23.967,-0.00367,-17.80,+0.00000,0,+0.00000,+0.00000,0.00000,+8.618,0,38.1,38.1
14.043043,3,0,0.289046,0.289046,0.2750,+0.01405,0,0,0,+0.00000,+0.00000,0.00000,0.00,0,+0.000,+0.00000,-23.969,-0.00367,-17.80,+0.00000,0,+0.00000,+0.00000,0.00000,+8.620,0,38.1,38.1
14.047811,3,0,0.288906,0.288906,0.2750,+0.01391,0,0,0,+0.00000,+0.00000,0.00000,0.00,0,+0.000,+0.00000,-23.969,-0.00367,-17.80,+0.00000,0,+0.00000,+0.00000,0.00000,+8.620,0,38.1,38.1
14.053077,3,0,0.288753,0.288753,0.2750,+0.01375,0,0,0,+0.00000,+0.00000,0.00000,0.00,0,+0.000,+0.00000,-23.970,-0.00367,-17.80,+0.00000,0,+0.00000,+0.00000,0.00000,+8.622,0,38.1,38.1
14.057641,3,0,0.288620,0.288620,0.2750,+0.01362,0,0,0,+0.00000,+0.00000,0.00000,0.00,0,+0.000,+0.00000,-23.970,-0.00367,-17.80,+0.00000,0,+0.00000,+0.00000,0.00000,+8.622,0,38.1,38.1
14.062294,3,0,0.288484,0.288484,0.2750,+0.01348,0,0,0,+0.00000,+0.00000,0.00000,0.00,0,+0.000,+0.00000,-23.972,-0.00367,-17.80,+0.00000,0,+0.00000,+0.00000,0.00000,+8.623,0,38.1,38.1
14.067013,3,0,0.288348,0.288348,0.2750,+0.01335,0,0,0,+0.00000,+0.00000,0.00000,0.00,0,+0.000,+0.00000,-23.972,-0.00367,-17.80,+0.00000,0,+0.00000,+0.00000,0.00000,+8.623,0,38.1,38.1
14.071539,3,0,0.288217,0.288217,0.2750,+0.01322,0,0,0,+0.00000,+0.00000,0.00000,0.00,0,+0.000,+0.00000,-23.974,-0.00367,-17.80,+0.00000,0,+0.00000,+0.00000,0.00000,+8.625,0,38.1,38.1
14.075993,3,0,0.288089,0.288089,0.2750,+0.01309,0,0,0,+0.00000,+0.00000,0.00000,0.00,0,+0.000,+0.00000,-23.974,-0.00367,-17.80,+0.00000,0,+0.00000,+0.00000,0.00000,+8.625,0,38.1,38.1
14.080570,3,0,0.287958,0.287958,0.2750,+0.01296,0,0,0,+0.00000,+0.00000,0.00000,0.00,0,+0.000,+0.00000,-23.976,-0.00367,-17.80,+0.00000,0,+0.00000,+0.00000,0.00000,+8.627,0,38.1,38.1
14.085098,3,0,0.287828,0.287828,0.2750,+0.01283,0,0,0,+0.00000,+0.00000,0.00000,0.00,0,+0.000,+0.00000,-23.976,-0.00367,-17.80,+0.00000,0,+0.00000,+0.00000,0.00000,+8.627,0,38.1,38.1
14.089657,3,0,0.287698,0.287698,0.2750,+0.01270,0,0,0,+0.00000,+0.00000,0.00000,0.00,0,+0.000,+0.00000,-23.978,-0.00367,-17.80,+0.00000,0,+0.00000,+0.00000,0.00000,+8.629,0,38.1,38.1
14.094230,3,0,0.287568,0.287568,0.2750,+0.01257,0,0,0,+0.00000,+0.00000,0.00000,0.00,0,+0.000,+0.00000,-23.978,-0.00367,-17.80,+0.00000,0,+0.00000,+0.00000,0.00000,+8.629,0,38.1,38.1
14.100557,3,0,0.287389,0.287389,0.2750,+0.01239,0,0,0,+0.00000,+0.00000,0.00000,0.00,0,+0.000,+0.00000,-23.980,-0.00367,-17.80,+0.00000,0,+0.00000,+0.00000,0.00000,+8.631,0,38.1,38.1
14.105053,3,0,0.287262,0.287262,0.2750,+0.01226,0,0,0,+0.00000,+0.00000,0.00000,0.00,0,+0.000,+0.00000,-23.982,-0.00367,-17.80,+0.00000,0,+0.00000,+0.00000,0.00000,+8.632,0,38.1,38.1
14.109327,3,0,0.287142,0.287142,0.2750,+0.01214,0,0,0,+0.00000,+0.00000,0.00000,0.00,0,+0.000,+0.00000,-23.982,-0.00367,-17.80,+0.00000,0,+0.00000,+0.00000,0.00000,+8.632,0,38.1,38.1
14.113714,3,0,0.287019,0.287019,0.2750,+0.01202,0,0,0,+0.00000,+0.00000,0.00000,0.00,0,+0.000,+0.00000,-23.984,-0.00367,-17.80,+0.00000,0,+0.00000,+0.00000,0.00000,+8.634,0,38.1,38.1
14.118266,3,0,0.286892,0.286892,0.2750,+0.01189,0,0,0,+0.00000,+0.00000,0.00000,0.00,0,+0.000,+0.00000,-23.984,-0.00367,-17.80,+0.00000,0,+0.00000,+0.00000,0.00000,+8.634,0,38.1,38.1
14.122932,3,0,0.286762,0.286762,0.2750,+0.01176,0,0,0,+0.00000,+0.00000,0.00000,0.00,0,+0.000,+0.00000,-23.984,-0.00367,-17.80,+0.00000,0,+0.00000,+0.00000,0.00000,+8.634,0,38.1,38.1
14.129955,3,0,0.286567,0.286567,0.2750,+0.01157,0,0,0,+0.00000,+0.00000,0.00000,0.00,0,+0.000,+0.00000,-23.986,-0.00367,-17.80,+0.00000,0,+0.00000,+0.00000,0.00000,+8.636,0,38.1,38.1
14.134950,3,0,0.286428,0.286428,0.2750,+0.01143,0,0,0,+0.00000,+0.00000,0.00000,0.00,0,+0.000,+0.00000,-23.988,-0.00367,-17.80,+0.00000,0,+0.00000,+0.00000,0.00000,+8.638,0,38.1,38.1
14.139861,3,0,0.286293,0.286293,0.2750,+0.01129,0,0,0,+0.00000,+0.00000,0.00000,0.00,0,+0.000,+0.00000,-23.990,-0.00367,-17.80,+0.00000,0,+0.00000,+0.00000,0.00000,+8.640,0,38.1,38.1
14.144120,3,0,0.286176,0.286176,0.2750,+0.01118,0,0,0,+0.00000,+0.00000,0.00000,0.00,0,+0.000,+0.00000,-23.990,-0.00367,-17.80,+0.00000,0,+0.00000,+0.00000,0.00000,+8.640,0,38.1,38.1
14.148485,3,0,0.286056,0.286056,0.2750,+0.01106,0,0,0,+0.00000,+0.00000,0.00000,0.00,0,+0.000,+0.00000,-23.990,-0.00367,-17.80,+0.00000,0,+0.00000,+0.00000,0.00000,+8.640,0,38.1,38.1
14.153028,3,0,0.285932,0.285932,0.2750,+0.01093,0,0,0,+0.00000,+0.00000,0.00000,0.00,0,+0.000,+0.00000,-23.992,-0.00367,-17.80,+0.00000,0,+0.00000,+0.00000,0.00000,+8.641,0,38.1,38.1
14.157571,3,0,0.285808,0.285808,0.2750,+0.01081,0,0,0,+0.00000,+0.00000,0.00000,0.00,0,+0.000,+0.00000,-23.994,-0.00367,-17.80,+0.00000,0,+0.00000,+0.00000,0.00000,+8.643,0,38.1,38.1
14.162869,3,0,0.285664,0.285664,0.2750,+0.01066,0,0,0,+0.00000,+0.00000,0.00000,0.00,0,+0.000,+0.00000,-23.994,-0.00367,-17.80,+0.00000,0,+0.00000,+0.00000,0.00000,+8.643,0,38.1,38.1
14.169521,3,0,0.285485,0.285485,0.2750,+0.01048,0,0,0,+0.00000,+0.00000,0.00000,0.00,0,+0.000,+0.00000,-23.996,-0.00367,-17.80,+0.00000,0,+0.00000,+0.00000,0.00000,+8.645,0,38.1,38.1
14.174172,3,0,0.285359,0.285359,0.2750,+0.01036,0,0,0,+0.00000,+0.00000,0.00000,0.00,0,+0.000,+0.00000,-23.996,-0.00367,-17.80,+0.00000,0,+0.00000,+0.00000,0.00000,+8.645,0,38.1,38.1
14.178792,3,0,0.285235,0.285235,0.2750,+0.01024,0,0,0,+0.00000,+0.00000,0.00000,0.00,0,+0.000,+0.00000,-23.998,-0.00367,-17.80,+0.00000,0,+0.00000,+0.00000,0.00000,+8.647,0,38.1,38.1
14.183296,3,0,0.285114,0.285114,0.2750,+0.01011,0,0,0,+0.00000,+0.00000,0.00000,0.00,0,+0.000,+0.00000,-23.998,-0.00367,-17.80,+0.00000,0,+0.00000,+0.00000,0.00000,+8.647,0,38.1,38.1
14.188128,3,0,0.284985,0.284985,0.2750,+0.00999,0,0,0,+0.00000,+0.00000,0.00000,0.00,0,+0.000,+0.00000,-24.000,-0.00367,-17.80,+0.00000,0,+0.00000,+0.00000,0.00000,+8.649,0,38.1,38.1
14.192640,3,0,0.284865,0.284865,0.2750,+0.00987,0,0,0,+0.00000,+0.00000,0.00000,0.00,0,+0.000,+0.00000,-24.000,-0.00367,-17.80,+0.00000,0,+0.00000,+0.00000,0.00000,+8.649,0,38.1,38.1
14.198575,3,0,0.284708,0.284708,0.2750,+0.00971,0,0,0,+0.00000,+0.00000,0.00000,0.00,0,+0.000,+0.00000,-24.002,-0.00367,-17.80,+0.00000,0,+0.00000,+0.00000,0.00000,+8.650,0,38.1,38.1
14.203219,3,0,0.284585,0.284585,0.2750,+0.00959,0,0,0,+0.00000,+0.00000,0.00000,0.00,0,+0.000,+0.00000,-24.003,-0.00367,-17.80,+0.00000,0,+0.00000,+0.00000,0.00000,+8.652,0,38.1,38.1
14.207663,3,0,0.284468,0.284468,0.2750,+0.00947,0,0,0,+0.00000,+0.00000,0.00000,0.00,0,+0.000,+0.00000,-24.003,-0.00367,-17.80,+0.00000,0,+0.00000,+0.00000,0.00000,+8.652,0,38.1,38.1
14.212187,3,0,0.284349,0.284349,0.2750,+0.00935,0,0,0,+0.00000,+0.00000,0.00000,0.00,0,+0.000,+0.00000,-24.005,-0.00367,-17.80,+0.00000,0,+0.00000,+0.00000,0.00000,+8.653,0,38.1,38.1
14.216768,3,0,0.284229,0.284229,0.2750,+0.00923,0,0,0,+0.00000,+0.00000,0.00000,0.00,0,+0.000,+0.00000,-24.007,-0.00367,-17.80,+0.00000,0,+0.00000,+0.00000,0.00000,+8.655,0,38.1,38.1
14.221080,3,0,0.284117,0.284117,0.2750,+0.00912,0,0,0,+0.00000,+0.00000,0.00000,0.00,0,+0.000,+0.00000,-24.007,-0.00367,-17.80,+0.00000,0,+0.00000,+0.00000,0.00000,+8.655,0,38.1,38.1
14.225603,3,0,0.283999,0.283999,0.2750,+0.00900,0,0,0,+0.00000,+0.00000,0.00000,0.00,0,+0.000,+0.00000,-24.009,-0.00367,-17.80,+0.00000,0,+0.00000,+0.00000,0.00000,+8.657,0,38.1,38.1
14.230165,3,0,0.283880,0.283880,0.2750,+0.00888,0,0,0,+0.00000,+0.00000,0.00000,0.00,0,+0.000,+0.00000,-24.009,-0.00367,-17.80,+0.00000,0,+0.00000,+0.00000,0.00000,+8.657,0,38.1,38.1
14.235474,3,0,0.283743,0.283743,0.2750,+0.00874,0,0,0,+0.00000,+0.00000,0.00000,0.00,0,+0.000,+0.00000,-24.009,-0.00367,-17.80,+0.00000,0,+0.00000,+0.00000,0.00000,+8.657,0,38.1,38.1
14.240116,3,0,0.283623,0.283623,0.2750,+0.00862,0,0,0,+0.00000,+0.00000,0.00000,0.00,0,+0.000,+0.00000,-24.011,-0.00367,-17.80,+0.00000,0,+0.00000,+0.00000,0.00000,+8.659,0,38.1,38.1
14.244686,3,0,0.283506,0.283506,0.2750,+0.00851,0,0,0,+0.00000,+0.00000,0.00000,0.00,0,+0.000,+0.00000,-24.013,-0.00367,-17.80,+0.00000,0,+0.00000,+0.00000,0.00000,+8.661,0,38.1,38.1
14.249051,3,0,0.283394,0.283394,0.2750,+0.00839,0,0,0,+0.00000,+0.00000,0.00000,0.00,0,+0.000,+0.00000,-24.013,-0.00367,-17.80,+0.00000,0,+0.00000,+0.00000,0.00000,+8.661,0,38.1,38.1
14.253313,3,0,0.283285,0.283285,0.2750,+0.00828,0,0,0,+0.00000,+0.00000,0.00000,0.00,0,+0.000,+0.00000,-24.013,-0.00367,-17.80,+0.00000,0,+0.00000,+0.00000,0.00000,+8.661,0,38.1,38.1
14.257869,3,0,0.283169,0.283169,0.2750,+0.00817,0,0,0,+0.00000,+0.00000,0.00000,0.00,0,+0.000,+0.00000,-24.015,-0.00367,-17.80,+0.00000,0,+0.00000,+0.00000,0.00000,+8.663,0,38.1,38.1
14.263366,3,0,0.283029,0.283029,0.2750,+0.00803,0,0,0,+0.00000,+0.00000,0.00000,0.00,0,+0.000,+0.00000,-24.017,-0.00367,-17.80,+0.00000,0,+0.00000,+0.00000,0.00000,+8.664,0,38.1,38.1
14.267634,3,0,0.282921,0.282921,0.2750,+0.00792,0,0,0,+0.00000,+0.00000,0.00000,0.00,0,+0.000,+0.00000,-24.017,-0.00367,-17.80,+0.00000,0,+0.00000,+0.00000,0.00000,+8.664,0,38.1,38.1
14.272206,3,0,0.282806,0.282806,0.2750,+0.00781,0,0,0,+0.00000,+0.00000,0.00000,0.00,0,+0.000,+0.00000,-24.019,-0.00367,-17.80,+0.00000,0,+0.00000,+0.00000,0.00000,+8.666,0,38.1,38.1
14.276774,3,0,0.282691,0.282691,0.2750,+0.00769,0,0,0,+0.00000,+0.00000,0.00000,0.00,0,+0.000,+0.00000,-24.019,-0.00367,-17.80,+0.00000,0,+0.00000,+0.00000,0.00000,+8.666,0,38.1,38.1
14.281370,3,0,0.282576,0.282576,0.2750,+0.00758,0,0,0,+0.00000,+0.00000,0.00000,0.00,0,+0.000,+0.00000,-24.021,-0.00367,-17.80,+0.00000,0,+0.00000,+0.00000,0.00000,+8.668,0,38.1,38.1
14.285969,3,0,0.282461,0.282461,0.2750,+0.00746,0,0,0,+0.00000,+0.00000,0.00000,0.00,0,+0.000,+0.00000,-24.021,-0.00367,-17.80,+0.00000,0,+0.00000,+0.00000,0.00000,+8.668,0,38.1,38.1
14.291613,3,0,0.282320,0.282320,0.2750,+0.00732,0,0,0,+0.00000,+0.00000,0.00000,0.00,0,+0.000,+0.00000,-24.022,-0.00367,-17.80,+0.00000,0,+0.00000,+0.00000,0.00000,+8.669,0,38.1,38.1
14.296330,3,0,0.282203,0.282203,0.2750,+0.00720,0,0,0,+0.00000,+0.00000,0.00000,0.00,0,+0.000,+0.00000,-24.024,-0.00367,-17.80,+0.00000,0,+0.00000,+0.00000,0.00000,+8.671,0,38.1,38.1
14.301062,3,0,0.282085,0.282085,0.2750,+0.00709,0,0,0,+0.00000,+0.00000,0.00000,0.00,0,+0.000,+0.00000,-24.024,-0.00367,-17.80,+0.00000,0,+0.00000,+0.00000,0.00000,+8.671,0,38.1,38.1
14.305619,3,0,0.281973,0.281973,0.2750,+0.00697,0,0,0,+0.00000,+0.00000,0.00000,0.00,0,+0.000,+0.00000,-24.026,-0.00367,-17.80,+0.00000,0,+0.00000,+0.00000,0.00000,+8.673,0,38.1,38.1
14.310362,3,0,0.281856,0.281856,0.2750,+0.00686,0,0,0,+0.00000,+0.00000,0.00000,0.00,0,+0.000,+0.00000,-24.026,-0.00367,-17.80,+0.00000,0,+0.00000,+0.00000,0.00000,+8.673,0,38.1,38.1
14.314909,3,0,0.281745,0.281745,0.2750,+0.00674,0,0,0,+0.00000,+0.00000,0.00000,0.00,0,+0.000,+0.00000,-24.028,-0.00367,-17.80,+0.00000,0,+0.00000,+0.00000,0.00000,+8.675,0,38.1,38.1
14.319469,3,0,0.281633,0.281633,0.2750,+0.00663,0,0,0,+0.00000,+0.00000,0.00000,0.00,0,+0.000,+0.00000,-24.028,-0.00367,-17.80,+0.00000,0,+0.00000,+0.00000,0.00000,+8.675,0,38.1,38.1
14.324122,3,0,0.281520,0.281520,0.2750,+0.00652,0,0,0,+0.00000,+0.00000,0.00000,0.00,0,+0.000,+0.00000,-24.030,-0.00367,-17.80,+0.00000,0,+0.00000,+0.00000,0.00000,+8.676,0,38.1,38.1
14.328505,3,0,0.281413,0.281413,0.2750,+0.00641,0,0,0,+0.00000,+0.00000,0.00000,0.00,0,+0.000,+0.00000,-24.030,-0.00367,-17.80,+0.00000,0,+0.00000,+0.00000,0.00000,+8.676,0,38.1,38.1
14.332742,3,0,0.281310,0.281310,0.2750,+0.00631,0,0,0,+0.00000,+0.00000,0.00000,0.00,0,+0.000,+0.00000,-24.032,-0.00367,-17.80,+0.00000,0,+0.00000,+0.00000,0.00000,+8.678,0,195.7,3.0
14.337313,3,0,0.281200,0.281200,0.2750,+0.00620,0,0,0,+0.00000,+0.00000,0.00000,0.00,0,+0.000,+0.00000,-24.032,-0.00367,-17.80,+0.00000,0,+0.00000,+0.00000,0.00000,+8.678,0,195.7,3.0
14.341850,3,0,0.281091,0.281091,0.2750,+0.00609,0,0,0,+0.00000,+0.00000,0.00000,0.00,0,+0.000,+0.00000,-24.034,-0.00367,-17.80,+0.00000,0,+0.00000,+0.00000,0.00000,+8.680,0,195.7,3.0
14.346386,3,0,0.280982,0.280982,0.2750,+0.00598,0,0,0,+0.00000,+0.00000,0.00000,0.00,0,+0.000,+0.00000,-24.034,-0.00367,-17.80,+0.00000,0,+0.00000,+0.00000,0.00000,+8.680,0,195.7,3.0
14.350904,3,0,0.280873,0.280873,0.2750,+0.00587,0,0,0,+0.00000,+0.00000,0.00000,0.00,0,+0.000,+0.00000,-24.036,-0.00367,-17.80,+0.00000,0,+0.00000,+0.00000,0.00000,+8.681,0,195.7,3.0
14.355619,3,0,0.280761,0.280761,0.2750,+0.00576,0,0,0,+0.00000,+0.00000,0.00000,0.00,0,+0.000,+0.00000,-24.037,-0.00367,-17.80,+0.00000,0,+0.00000,+0.00000,0.00000,+8.683,0,195.7,3.0
14.360581,3,0,0.280643,0.280643,0.2750,+0.00564,0,0,0,+0.00000,+0.00000,0.00000,0.00,0,+0.000,+0.00000,-24.037,-0.00367,-17.80,+0.00000,0,+0.00000,+0.00000,0.00000,+8.683,0,195.7,3.0
14.365112,3,0,0.280535,0.280535,0.2750,+0.00554,0,0,0,+0.00000,+0.00000,0.00000,0.00,0,+0.000,+0.00000,-24.039,-0.00367,-17.80,+0.00000,0,+0.00000,+0.00000,0.00000,+8.685,0,195.7,3.0
14.369739,3,0,0.280426,0.280426,0.2750,+0.00543,0,0,0,+0.00000,+0.00000,0.00000,0.00,0,+0.000,+0.00000,-24.039,-0.00367,-17.80,+0.00000,0,+0.00000,+0.00000,0.00000,+8.685,0,195.7,3.0
14.374413,3,0,0.280316,0.280316,0.2750,+0.00532,0,0,0,+0.00000,+0.00000,0.00000,0.00,0,+0.000,+0.00000,-24.041,-0.00367,-17.80,+0.00000,0,+0.00000,+0.00000,0.00000,+8.686,0,195.7,3.0
14.378638,3,0,0.280216,0.280216,0.2750,+0.00522,0,0,0,+0.00000,+0.00000,0.00000,0.00,0,+0.000,+0.00000,-24.041,-0.00367,-17.80,+0.00000,0,+0.00000,+0.00000,0.00000,+8.686,0,195.7,3.0
14.383261,3,0,0.280108,0.280108,0.2750,+0.00511,0,0,0,+0.00000,+0.00000,0.00000,0.00,0,+0.000,+0.00000,-24.043,-0.00367,-17.80,+0.00000,0,+0.00000,+0.00000,0.00000,+8.688,0,195.7,3.0
14.387798,3,0,0.280002,0.280002,0.2750,+0.00500,0,0,0,+0.00000,+0.00000,0.00000,0.00,0,+0.000,+0.00000,-24.043,-0.00367,-17.80,+0.00000,0,+0.00000,+0.00000,0.00000,+8.688,0,195.7,3.0
14.392664,3,0,0.279888,0.279888,0.2750,+0.00489,0,0,0,+0.00000,+0.00000,0.00000,0.00,0,+0.000,+0.00000,-24.045,-0.00367,-17.80,+0.00000,0,+0.00000,+0.00000,0.00000,+8.690,0,195.7,3.0
14.397247,3,0,0.279782,0.279782,0.2750,+0.00478,0,0,0,+0.00000,+0.00000,0.00000,0.00,0,+0.000,+0.00000,-24.046,-0.00367,-17.80,+0.00000,0,+0.00000,+0.00000,0.00000,+8.691,0,195.7,3.0
14.401771,3,0,0.279677,0.279677,0.2750,+0.00468,0,0,0,+0.00000,+0.00000,0.00000,0.00,0,+0.000,+0.00000,-24.046,-0.00367,-17.80,+0.00000,0,+0.00000,+0.00000,0.00000,+8.691,0,195.7,3.0
14.406363,3,0,0.279571,0.279571,0.2750,+0.00457,0,0,0,+0.00000,+0.00000,0.00000,0.00,0,+0.000,+0.00000,-24.049,-0.00367,-17.80,+0.00000,0,+0.00000,+0.00000,0.00000,+8.693,0,195.7,3.0
14.410963,3,0,0.279465,0.279465,0.2750,+0.00447,0,0,0,+0.00000,+0.00000,0.00000,0.00,0,+0.000,+0.00000,-24.049,-0.00367,-17.80,+0.00000,0,+0.00000,+0.00000,0.00000,+8.693,0,195.7,3.0
14.415587,3,0,0.279359,0.279359,0.2750,+0.00436,0,0,0,+0.00000,+0.00000,0.00000,0.00,0,+0.000,+0.00000,-24.050,-0.00367,-17.80,+0.00000,0,+0.00000,+0.00000,0.00000,+8.695,0,195.7,3.0
14.420261,3,0,0.279252,0.279252,0.2750,+0.00425,0,0,0,+0.00000,+0.00000,0.00000,0.00,0,+0.000,+0.00000,-24.050,-0.00367,-17.80,+0.00000,0,+0.00000,+0.00000,0.00000,+8.695,0,195.7,3.0
14.425403,3,0,0.279135,0.279135,0.2750,+0.00414,0,0,0,+0.00000,+0.00000,0.00000,0.00,0,+0.000,+0.00000,-24.052,-0.00367,-17.80,+0.00000,0,+0.00000,+0.00000,0.00000,+8.696,0,195.7,3.0
14.432358,3,0,0.278977,0.278977,0.2750,+0.00398,0,0,0,+0.00000,+0.00000,0.00000,0.00,0,+0.000,+0.00000,-24.054,-0.00367,-17.80,+0.00000,0,+0.00000,+0.00000,0.00000,+8.698,0,195.7,3.0
14.437188,3,0,0.278868,0.278868,0.2750,+0.00387,0,0,0,+0.00000,+0.00000,0.00000,0.00,0,+0.000,+0.00000,-24.054,-0.00367,-17.80,+0.00000,0,+0.00000,+0.00000,0.00000,+8.698,0,195.7,3.0
14.444050,3,0,0.278714,0.278714,0.2750,+0.00371,0,0,0,+0.00000,+0.00000,0.00000,0.00,0,+0.000,+0.00000,-24.056,-0.00367,-17.80,+0.00000,0,+0.00000,+0.00000,0.00000,+8.700,0,195.7,3.0
14.448633,3,0,0.278611,0.278611,0.2750,+0.00361,0,0,0,+0.00000,+0.00000,0.00000,0.00,0,+0.000,+0.00000,-24.058,-0.00367,-17.80,+0.00000,0,+0.00000,+0.00000,0.00000,+8.702,0,195.7,3.0
14.452980,3,0,0.278513,0.278513,0.2750,+0.00351,0,0,0,+0.00000,+0.00000,0.00000,0.00,0,+0.000,+0.00000,-24.058,-0.00367,-17.80,+0.00000,0,+0.00000,+0.00000,0.00000,+8.702,0,195.7,3.0
14.457509,3,0,0.278412,0.278412,0.2750,+0.00341,0,0,0,+0.00000,+0.00000,0.00000,0.00,0,+0.000,+0.00000,-24.060,-0.00367,-17.80,+0.00000,0,+0.00000,+0.00000,0.00000,+8.703,0,195.7,3.0
14.462499,3,0,0.278301,0.278301,0.2750,+0.00330,0,0,0,+0.00000,+0.00000,0.00000,0.00,0,+0.000,+0.00000,-24.060,-0.00367,-17.80,+0.00000,0,+0.00000,+0.00000,0.00000,+8.703,0,195.7,3.0
14.467272,3,0,0.278196,0.278196,0.2750,+0.00320,0,0,0,+0.00000,+0.00000,0.00000,0.00,0,+0.000,+0.00000,-24.061,-0.00367,-17.80,+0.00000,0,+0.00000,+0.00000,0.00000,+8.705,0,195.7,3.0
14.471852,3,0,0.278094,0.278094,0.2750,+0.00309,0,0,0,+0.00000,+0.00000,0.00000,0.00,0,+0.000,+0.00000,-24.061,-0.00367,-17.80,+0.00000,0,+0.00000,+0.00000,0.00000,+8.705,0,195.7,3.0
14.476388,3,0,0.277995,0.277995,0.2750,+0.00299,0,0,0,+0.00000,+0.00000,0.00000,0.00,0,+0.000,+0.00000,-24.063,-0.00367,-17.80,+0.00000,0,+0.00000,+0.00000,0.00000,+8.707,0,195.7,3.0
14.481003,3,0,0.277893,0.277893,0.2750,+0.00289,0,0,0,+0.00000,+0.00000,0.00000,0.00,0,+0.000,+0.00000,-24.065,-0.00367,-17.80,+0.00000,0,+0.00000,+0.00000,0.00000,+8.708,0,195.7,3.0
14.485534,3,0,0.277794,0.277794,0.2750,+0.00279,0,0,0,+0.00000,+0.00000,0.00000,0.00,0,+0.000,+0.00000,-24.065,-0.00367,-17.80,+0.00000,0,+0.00000,+0.00000,0.00000,+8.708,0,195.7,3.0
14.490041,3,0,0.277696,0.277696,0.2750,+0.00270,0,0,0,+0.00000,+0.00000,0.00000,0.00,0,+0.000,+0.00000,-24.067,-0.00367,-17.80,+0.00000,0,+0.00000,+0.00000,0.00000,+8.710,0,195.7,3.0
14.494210,3,0,0.277605,0.277605,0.2750,+0.00260,0,0,0,+0.00000,+0.00000,0.00000,0.00,0,+0.000,+0.00000,-24.067,-0.00367,-17.80,+0.00000,0,+0.00000,+0.00000,0.00000,+8.710,0,195.7,3.0
14.498518,3,0,0.277511,0.277511,0.2750,+0.00251,0,0,0,+0.00000,+0.00000,0.00000,0.00,0,+0.000,+0.00000,-24.067,-0.00367,-17.80,+0.00000,0,+0.00000,+0.00000,0.00000,+8.710,0,195.7,3.0
14.503455,3,0,0.277404,0.277404,0.2750,+0.00240,0,0,0,+0.00000,+0.00000,0.00000,0.00,0,+0.000,+0.00000,-24.069,-0.00367,-17.80,+0.00000,0,+0.00000,+0.00000,0.00000,+8.712,0,195.7,3.0
14.508022,3,0,0.277306,0.277306,0.2750,+0.00231,0,0,0,+0.00000,+0.00000,0.00000,0.00,0,+0.000,+0.00000,-24.071,-0.00367,-17.80,+0.00000,0,+0.00000,+0.00000,0.00000,+8.714,0,195.7,3.0
14.512512,3,0,0.277209,0.277209,0.2750,+0.00221,0,0,0,+0.00000,+0.00000,0.00000,0.00,0,+0.000,+0.00000,-24.071,-0.00367,-17.80,+0.00000,0,+0.00000,+0.00000,0.00000,+8.714,0,195.7,3.0
14.517090,3,0,0.277111,0.277111,0.2750,+0.00211,0,0,0,+0.00000,+0.00000,0.00000,0.00,0,+0.000,+0.00000,-24.073,-0.00367,-17.80,+0.00000,0,+0.00000,+0.00000,0.00000,+8.715,0,195.7,3.0
14.522488,3,0,0.276996,0.276996,0.2750,+0.00200,0,0,0,+0.00000,+0.00000,0.00000,0.00,0,+0.000,+0.00000,-24.073,-0.00367,-17.80,+0.00000,0,+0.00000,+0.00000,0.00000,+8.715,0,195.7,3.0
14.527636,3,0,0.276886,0.276886,0.2750,+0.00189,0,0,0,+0.00000,+0.00000,0.00000,0.00,0,+0.000,+0.00000,-24.075,-0.00367,-17.80,+0.00000,0,+0.00000,+0.00000,0.00000,+8.717,0,195.7,3.0
14.532148,3,0,0.276791,0.276791,0.2750,+0.00179,0,0,0,+0.00000,+0.00000,0.00000,0.00,0,+0.000,+0.00000,-24.075,-0.00367,-17.80,+0.00000,0,+0.00000,+0.00000,0.00000,+8.717,0,195.7,3.0
14.536407,3,0,0.276700,0.276700,0.2750,+0.00170,0,0,0,+0.00000,+0.00000,0.00000,0.00,0,+0.000,+0.00000,-24.077,-0.00367,-17.80,+0.00000,0,+0.00000,+0.00000,0.00000,+8.719,0,195.7,3.0
14.541290,3,0,0.276597,0.276597,0.2750,+0.00160,0,0,0,+0.00000,+0.00000,0.00000,0.00,0,+0.000,+0.00000,-24.078,-0.00367,-17.80,+0.00000,0,+0.00000,+0.00000,0.00000,+8.721,0,195.7,3.0
14.545713,3,0,0.276504,0.276504,0.2750,+0.00150,0,0,0,+0.00000,+0.00000,0.00000,0.00,0,+0.000,+0.00000,-24.078,-0.00367,-17.80,+0.00000,0,+0.00000,+0.00000,0.00000,+8.721,0,195.7,3.0
14.550456,3,0,0.276405,0.276405,0.2750,+0.00140,0,0,0,+0.00000,+0.00000,0.00000,0.00,0,+0.000,+0.00000,-24.080,-0.00367,-17.80,+0.00000,0,+0.00000,+0.00000,0.00000,+8.722,0,195.7,3.0
14.555046,3,0,0.276309,0.276309,0.2750,+0.00131,0,0,0,+0.00000,+0.00000,0.00000,0.00,0,+0.000,+0.00000,-24.080,-0.00367,-17.80,+0.00000,0,+0.00000,+0.00000,0.00000,+8.722,0,195.7,3.0
14.559638,3,0,0.276213,0.276213,0.2750,+0.00121,0,0,0,+0.00000,+0.00000,0.00000,0.00,0,+0.000,+0.00000,-24.083,-0.00367,-17.80,+0.00000,0,+0.00000,+0.00000,0.00000,+8.724,0,195.7,3.0
14.565150,3,0,0.276099,0.276099,0.2750,+0.00110,0,0,0,+0.00000,+0.00000,0.00000,0.00,0,+0.000,+0.00000,-24.083,-0.00367,-17.80,+0.00000,0,+0.00000,+0.00000,0.00000,+8.724,0,195.7,3.0
14.569675,3,0,0.276005,0.276005,0.2750,+0.00101,0,0,0,+0.00000,+0.00000,0.00000,0.00,0,+0.000,+0.00000,-24.084,-0.00367,-17.80,+0.00000,0,+0.00000,+0.00000,0.00000,+8.726,0,195.7,3.0
14.574252,3,0,0.275911,0.275911,0.2750,+0.00091,0,0,0,+0.00000,+0.00000,0.00000,0.00,0,+0.000,+0.00000,-24.084,-0.00367,-17.80,+0.00000,0,+0.00000,+0.00000,0.00000,+8.726,0,195.7,3.0
14.578813,3,0,0.275817,0.275817,0.2750,+0.00082,0,0,0,+0.00000,+0.00000,0.00000,0.00,0,+0.000,+0.00000,-24.086,-0.00367,-17.80,+0.00000,0,+0.00000,+0.00000,0.00000,+8.728,0,195.7,3.0
14.583103,3,0,0.275729,0.275729,0.2750,+0.00073,0,0,0,+0.00000,+0.00000,0.00000,0.00,0,+0.000,+0.00000,-24.086,-0.00367,-17.80,+0.00000,0,+0.00000,+0.00000,0.00000,+8.728,0,195.7,3.0
14.587578,3,0,0.275637,0.275637,0.2750,+0.00064,0,0,0,+0.00000,+0.00000,0.00000,0.00,0,+0.000,+0.00000,-24.088,-0.00367,-17.80,+0.00000,0,+0.00000,+0.00000,0.00000,+8.729,0,195.7,3.0
14.592188,3,0,0.275543,0.275543,0.2750,+0.00054,0,0,0,+0.00000,+0.00000,0.00000,0.00,0,+0.000,+0.00000,-24.088,-0.00367,-17.80,+0.00000,0,+0.00000,+0.00000,0.00000,+8.729,0,195.7,3.0
14.597495,3,0,0.275435,0.275435,0.2750,+0.00044,0,0,0,+0.00000,+0.00000,0.00000,0.00,0,+0.000,+0.00000,-24.090,-0.00367,-17.80,+0.00000,0,+0.00000,+0.00000,0.00000,+8.731,0,195.7,3.0
14.601820,3,0,0.275348,0.275348,0.2750,+0.00035,0,0,0,+0.00000,+0.00000,0.00000,0.00,0,+0.000,+0.00000,-24.092,-0.00367,-17.80,+0.00000,0,+0.00000,+0.00000,0.00000,+8.733,0,195.7,3.0
14.606365,3,0,0.275256,0.275256,0.2750,+0.00026,0,0,0,+0.00000,+0.00000,0.00000,0.00,0,+0.000,+0.00000,-24.092,-0.00367,-17.80,+0.00000,0,+0.00000,+0.00000,0.00000,+8.733,0,195.7,3.0
14.610844,3,0,0.275166,0.275166,0.2750,+0.00017,0,0,0,+0.00000,+0.00000,0.00000,0.00,0,+0.000,+0.00000,-24.094,-0.00367,-17.80,+0.00000,0,+0.00000,+0.00000,0.00000,+8.734,0,195.7,3.0
14.615052,3,0,0.275081,0.275081,0.2750,+0.00008,0,0,0,+0.00000,+0.00000,0.00000,0.00,0,+0.000,+0.00000,-24.094,-0.00367,-17.80,+0.00000,0,+0.00000,+0.00000,0.00000,+8.734,0,195.7,3.0
14.619661,3,0,0.274989,0.274989,0.2750,-0.00001,0,0,0,+0.00000,+0.00000,0.00000,0.00,0,+0.000,+0.00000,-24.096,-0.00367,-17.80,+0.00000,0,+0.00000,+0.00000,0.00000,+8.736,0,195.7,3.0
14.627530,3,0,0.274832,0.274832,0.2750,-0.00017,0,0,0,+0.00000,+0.00000,0.00000,0.00,0,+0.000,+0.00000,-24.098,-0.00367,-17.80,+0.00000,0,+0.00000,+0.00000,0.00000,+8.738,0,195.7,3.0
14.632035,3,0,0.274742,0.274742,0.2750,-0.00026,0,0,0,+0.00000,+0.00000,0.00000,0.00,0,+0.000,+0.00000,-24.098,-0.00367,-17.80,+0.00000,0,+0.00000,+0.00000,0.00000,+8.738,0,195.7,3.0
14.636764,3,0,0.274649,0.274649,0.2750,-0.00035,0,0,0,+0.00000,+0.00000,0.00000,0.00,0,+0.000,+0.00000,-24.099,-0.00367,-17.80,+0.00000,0,+0.00000,+0.00000,0.00000,+8.739,0,195.7,3.0
14.641669,3,0,0.274552,0.274552,0.2750,-0.00045,0,0,0,+0.00000,+0.00000,0.00000,0.00,0,+0.000,+0.00000,-24.099,-0.00367,-17.80,+0.00000,0,+0.00000,+0.00000,0.00000,+8.739,0,195.7,3.0
14.646297,3,0,0.274461,0.274461,0.2750,-0.00054,0,0,0,+0.00000,+0.00000,0.00000,0.00,0,+0.000,+0.00000,-24.101,-0.00367,-17.80,+0.00000,0,+0.00000,+0.00000,0.00000,+8.741,0,195.7,3.0
14.650850,3,0,0.274372,0.274372,0.2750,-0.00063,0,0,0,+0.00000,+0.00000,0.00000,0.00,0,+0.000,+0.00000,-24.101,-0.00367,-17.80,+0.00000,0,+0.00000,+0.00000,0.00000,+8.741,0,195.7,3.0
14.655993,3,0,0.274271,0.274271,0.2750,-0.00073,0,0,0,+0.00000,+0.00000,0.00000,0.00,0,+0.000,+0.00000,-24.103,-0.00367,-17.80,+0.00000,0,+0.00000,+0.00000,0.00000,+8.743,0,195.7,3.0
14.660596,3,0,0.274182,0.274182,0.2750,-0.00082,0,0,0,+0.00000,+0.00000,0.00000,0.00,0,+0.000,+0.00000,-24.103,-0.00367,-17.80,+0.00000,0,+0.00000,+0.00000,0.00000,+8.743,0,195.7,3.0
14.665823,3,0,0.274080,0.274080,0.2750,-0.00092,0,0,0,+0.00000,+0.00000,0.00000,0.00,0,+0.000,+0.00000,-24.105,-0.00367,-17.80,+0.00000,0,+0.00000,+0.00000,0.00000,+8.745,0,195.7,3.0
14.670291,3,0,0.273994,0.273994,0.2750,-0.00101,0,0,0,+0.00000,+0.00000,0.00000,0.00,0,+0.000,+0.00000,-24.107,-0.00367,-17.80,+0.00000,0,+0.00000,+0.00000,0.00000,+8.746,0,195.7,3.0
14.674895,3,0,0.273905,0.273905,0.2750,-0.00110,0,0,0,+0.00000,+0.00000,0.00000,0.00,0,+0.000,+0.00000,-24.107,-0.00367,-17.80,+0.00000,0,+0.00000,+0.00000,0.00000,+8.746,0,195.7,3.0
14.679502,3,0,0.273816,0.273816,0.2750,-0.00118,0,0,0,+0.00000,+0.00000,0.00000,0.00,0,+0.000,+0.00000,-24.109,-0.00367,-17.80,+0.00000,0,+0.00000,+0.00000,0.00000,+8.748,0,195.7,3.0
14.684207,3,0,0.273726,0.273726,0.2750,-0.00127,0,0,0,+0.00000,+0.00000,0.00000,0.00,0,+0.000,+0.00000,-24.109,-0.00367,-17.80,+0.00000,0,+0.00000,+0.00000,0.00000,+8.748,0,195.7,3.0
14.689271,3,0,0.273629,0.273629,0.2750,-0.00137,0,0,0,+0.00000,+0.00000,0.00000,0.00,0,+0.000,+0.00000,-24.110,-0.00367,-17.80,+0.00000,0,+0.00000,+0.00000,0.00000,+8.750,0,195.7,3.0
14.693907,3,0,0.273541,0.273541,0.2750,-0.00146,0,0,0,+0.00000,+0.00000,0.00000,0.00,0,+0.000,+0.00000,-24.110,-0.00367,-17.80,+0.00000,0,+0.00000,+0.00000,0.00000,+8.750,0,195.7,3.0
14.701059,3,0,0.273405,0.273405,0.2750,-0.00160,0,0,0,+0.00000,+0.00000,0.00000,0.00,0,+0.000,+0.00000,-24.113,-0.00367,-17.80,+0.00000,0,+0.00000,+0.00000,0.00000,+8.752,0,195.7,3.0
14.705457,3,0,0.273322,0.273322,0.2750,-0.00168,0,0,0,+0.00000,+0.00000,0.00000,0.00,0,+0.000,+0.00000,-24.114,-0.00367,-17.80,+0.00000,0,+0.00000,+0.00000,0.00000,+8.753,0,195.7,3.0
14.710331,3,0,0.273230,0.273230,0.2750,-0.00177,0,0,0,+0.00000,+0.00000,0.00000,0.00,0,+0.000,+0.00000,-24.116,-0.00367,-17.80,+0.00000,0,+0.00000,+0.00000,0.00000,+8.755,0,195.7,3.0
14.714607,3,0,0.273149,0.273149,0.2750,-0.00185,0,0,0,+0.00000,+0.00000,0.00000,0.00,0,+0.000,+0.00000,-24.116,-0.00367,-17.80,+0.00000,0,+0.00000,+0.00000,0.00000,+8.755,0,195.7,3.0
14.719250,3,0,0.273062,0.273062,0.2750,-0.00194,0,0,0,+0.00000,+0.00000,0.00000,0.00,0,+0.000,+0.00000,-24.118,-0.00367,-17.80,+0.00000,0,+0.00000,+0.00000,0.00000,+8.756,0,195.7,3.0
14.724144,3,0,0.272971,0.272971,0.2750,-0.00203,0,0,0,+0.00000,+0.00000,0.00000,0.00,0,+0.000,+0.00000,-24.118,-0.00367,-17.80,+0.00000,0,+0.00000,+0.00000,0.00000,+8.756,0,195.7,3.0
14.729053,3,0,0.272880,0.272880,0.2750,-0.00212,0,0,0,+0.00000,+0.00000,0.00000,0.00,0,+0.000,+0.00000,-24.120,-0.00367,-17.80,+0.00000,0,+0.00000,+0.00000,0.00000,+8.758,0,195.7,3.0
14.733511,3,0,0.272797,0.272797,0.2750,-0.00220,0,0,0,+0.00000,+0.00000,0.00000,0.00,0,+0.000,+0.00000,-24.120,-0.00367,-17.80,+0.00000,0,+0.00000,+0.00000,0.00000,+8.758,0,195.7,3.0
14.738339,3,0,0.272708,0.272708,0.2750,-0.00229,0,0,0,+0.00000,+0.00000,0.00000,0.00,0,+0.000,+0.00000,-24.121,-0.00367,-17.80,+0.00000,0,+0.00000,+0.00000,0.00000,+8.760,0,195.7,3.0
14.745026,3,0,0.272584,0.272584,0.2750,-0.00242,0,0,0,+0.00000,+0.00000,0.00000,0.00,0,+0.000,+0.00000,-24.123,-0.00367,-17.80,+0.00000,0,+0.00000,+0.00000,0.00000,+8.762,0,195.7,3.0
14.749433,3,0,0.272503,0.272503,0.2750,-0.00250,0,0,0,+0.00000,+0.00000,0.00000,0.00,0,+0.000,+0.00000,-24.123,-0.00367,-17.80,+0.00000,0,+0.00000,+0.00000,0.00000,+8.762,0,195.7,3.0
14.754094,3,0,0.272418,0.272418,0.2750,-0.00258,0,0,0,+0.00000,+0.00000,0.00000,0.00,0,+0.000,+0.00000,-24.125,-0.00367,-17.80,+0.00000,0,+0.00000,+0.00000,0.00000,+8.764,0,195.7,3.0
14.758744,3,0,0.272333,0.272333,0.2750,-0.00267,0,0,0,+0.00000,+0.00000,0.00000,0.00,0,+0.000,+0.00000,-24.125,-0.00367,-17.80,+0.00000,0,+0.00000,+0.00000,0.00000,+8.764,0,195.7,3.0
14.763188,3,0,0.272252,0.272252,0.2750,-0.00275,0,0,0,+0.00000,+0.00000,0.00000,0.00,0,+0.000,+0.00000,-24.125,-0.00367,-17.80,+0.00000,0,+0.00000,+0.00000,0.00000,+8.764,0,195.7,3.0
14.767692,3,0,0.272171,0.272171,0.2750,-0.00283,0,0,0,+0.00000,+0.00000,0.00000,0.00,0,+0.000,+0.00000,-24.128,-0.00367,-17.80,+0.00000,0,+0.00000,+0.00000,0.00000,+8.766,0,195.7,3.0
14.772000,3,0,0.272093,0.272093,0.2750,-0.00291,0,0,0,+0.00000,+0.00000,0.00000,0.00,0,+0.000,+0.00000,-24.129,-0.00367,-17.80,+0.00000,0,+0.00000,+0.00000,0.00000,+8.767,0,195.7,3.0
14.776289,3,0,0.272015,0.272015,0.2750,-0.00298,0,0,0,+0.00000,+0.00000,0.00000,0.00,0,+0.000,+0.00000,-24.129,-0.00367,-17.80,+0.00000,0,+0.00000,+0.00000,0.00000,+8.767,0,195.7,3.0
14.781258,3,0,0.271926,0.271926,0.2750,-0.00307,0,0,0,+0.00000,+0.00000,0.00000,0.00,0,+0.000,+0.00000,-24.131,-0.00367,-17.80,+0.00000,0,+0.00000,+0.00000,0.00000,+8.769,0,195.7,3.0
14.785957,3,0,0.271842,0.271842,0.2750,-0.00316,0,0,0,+0.00000,+0.00000,0.00000,0.00,0,+0.000,+0.00000,-24.131,-0.00367,-17.80,+0.00000,0,+0.00000,+0.00000,0.00000,+8.769,0,195.7,3.0
14.790498,3,0,0.271761,0.271761,0.2750,-0.00324,0,0,0,+0.00000,+0.00000,0.00000,0.00,0,+0.000,+0.00000,-24.133,-0.00367,-17.80,+0.00000,0,+0.00000,+0.00000,0.00000,+8.771,0,195.7,3.0
14.794951,3,0,0.271681,0.271681,0.2750,-0.00332,0,0,0,+0.00000,+0.00000,0.00000,0.00,0,+0.000,+0.00000,-24.133,-0.00367,-17.80,+0.00000,0,+0.00000,+0.00000,0.00000,+8.771,0,195.7,3.0
14.799718,3,0,0.271597,0.271597,0.2750,-0.00340,0,0,0,+0.00000,+0.00000,0.00000,0.00,0,+0.000,+0.00000,-24.133,-0.00367,-17.80,+0.00000,0,+0.00000,+0.00000,0.00000,+8.771,0,195.7,3.0
14.805169,3,0,0.271500,0.271500,0.2750,-0.00350,0,0,0,+0.00000,+0.00000,0.00000,0.00,0,+0.000,+0.00000,-24.136,-0.00367,-17.80,+0.00000,0,+0.00000,+0.00000,0.00000,+8.773,0,195.7,3.0
14.811536,3,0,0.271388,0.271388,0.2750,-0.00361,0,0,0,+0.00000,+0.00000,0.00000,0.00,0,+0.000,+0.00000,-24.137,-0.00367,-17.80,+0.00000,0,+0.00000,+0.00000,0.00000,+8.774,0,195.7,3.0
14.816265,3,0,0.271305,0.271305,0.2750,-0.00370,0,0,0,+0.00000,+0.00000,0.00000,0.00,0,+0.000,+0.00000,-24.139,-0.00367,-17.80,+0.00000,0,+0.00000,+0.00000,0.00000,+8.776,0,195.7,3.0
14.820485,3,0,0.271231,0.271231,0.2750,-0.00377,0,0,0,+0.00000,+0.00000,0.00000,0.00,0,+0.000,+0.00000,-24.139,-0.00367,-17.80,+0.00000,0,+0.00000,+0.00000,0.00000,+8.776,0,195.7,3.0
14.825604,3,0,0.271142,0.271142,0.2750,-0.00386,0,0,0,+0.00000,+0.00000,0.00000,0.00,0,+0.000,+0.00000,-24.139,-0.00367,-17.80,+0.00000,0,+0.00000,+0.00000,0.00000,+8.776,0,195.7,3.0
14.830122,3,0,0.271063,0.271063,0.2750,-0.00394,0,0,0,+0.00000,+0.00000,0.00000,0.00,0,+0.000,+0.00000,-24.141,-0.00367,-17.80,+0.00000,0,+0.00000,+0.00000,0.00000,+8.778,0,195.7,3.0
14.834853,3,0,0.270981,0.270981,0.2750,-0.00402,0,0,0,+0.00000,+0.00000,0.00000,0.00,0,+0.000,+0.00000,-24.141,-0.00367,-17.80,+0.00000,0,+0.00000,+0.00000,0.00000,+8.778,0,195.7,3.0
14.839324,3,0,0.270904,0.270904,0.2750,-0.00410,0,0,0,+0.00000,+0.00000,0.00000,0.00,0,+0.000,+0.00000,-24.143,-0.00367,-17.80,+0.00000,0,+0.00000,+0.00000,0.00000,+8.780,0,195.7,3.0
14.843923,3,0,0.270824,0.270824,0.2750,-0.00418,0,0,0,+0.00000,+0.00000,0.00000,0.00,0,+0.000,+0.00000,-24.143,-0.00367,-17.80,+0.00000,0,+0.00000,+0.00000,0.00000,+8.780,0,195.7,3.0
14.848545,3,0,0.270745,0.270745,0.2750,-0.00426,0,0,0,+0.00000,+0.00000,0.00000,0.00,0,+0.000,+0.00000,-24.146,-0.00367,-17.80,+0.00000,0,+0.00000,+0.00000,0.00000,+8.782,0,195.7,3.0
14.853194,3,0,0.270665,0.270665,0.2750,-0.00433,0,0,0,+0.00000,+0.00000,0.00000,0.00,0,+0.000,+0.00000,-24.146,-0.00367,-17.80,+0.00000,0,+0.00000,+0.00000,0.00000,+8.782,0,195.7,3.0
14.857828,3,0,0.270586,0.270586,0.2750,-0.00441,0,0,0,+0.00000,+0.00000,0.00000,0.00,0,+0.000,+0.00000,-24.148,-0.00367,-17.80,+0.00000,0,+0.00000,+0.00000,0.00000,+8.784,0,195.7,3.0
14.862513,3,0,0.270506,0.270506,0.2750,-0.00449,0,0,0,+0.00000,+0.00000,0.00000,0.00,0,+0.000,+0.00000,-24.148,-0.00367,-17.80,+0.00000,0,+0.00000,+0.00000,0.00000,+8.784,0,195.7,3.0
14.867225,3,0,0.270426,0.270426,0.2750,-0.00457,0,0,0,+0.00000,+0.00000,0.00000,0.00,0,+0.000,+0.00000,-24.150,-0.00367,-17.80,+0.00000,0,+0.00000,+0.00000,0.00000,+8.786,0,195.7,3.0
14.871994,3,0,0.270346,0.270346,0.2750,-0.00465,0,0,0,+0.00000,+0.00000,0.00000,0.00,0,+0.000,+0.00000,-24.151,-0.00367,-17.80,+0.00000,0,+0.00000,+0.00000,0.00000,+8.787,0,195.7,3.0
14.876671,3,0,0.270267,0.270267,0.2750,-0.00473,0,0,0,+0.00000,+0.00000,0.00000,0.00,0,+0.000,+0.00000,-24.151,-0.00367,-17.80,+0.00000,0,+0.00000,+0.00000,0.00000,+8.787,0,195.7,3.0
14.881469,3,0,0.270186,0.270186,0.2750,-0.00481,0,0,0,+0.00000,+0.00000,0.00000,0.00,0,+0.000,+0.00000,-24.153,-0.00367,-17.80,+0.00000,0,+0.00000,+0.00000,0.00000,+8.789,0,195.7,3.0
14.885994,3,0,0.270110,0.270110,0.2750,-0.00489,0,0,0,+0.00000,+0.00000,0.00000,0.00,0,+0.000,+0.00000,-24.153,-0.00367,-17.80,+0.00000,0,+0.00000,+0.00000,0.00000,+8.789,0,195.7,3.0
14.890782,3,0,0.270030,0.270030,0.2750,-0.00497,0,0,0,+0.00000,+0.00000,0.00000,0.00,0,+0.000,+0.00000,-24.155,-0.00367,-17.80,+0.00000,0,+0.00000,+0.00000,0.00000,+8.791,0,195.7,3.0
14.896254,3,0,0.269939,0.269939,0.2750,-0.00506,0,0,0,+0.00000,+0.00000,0.00000,0.00,0,+0.000,+0.00000,-24.157,-0.00367,-17.80,+0.00000,0,+0.00000,+0.00000,0.00000,+8.792,0,195.7,3.0
14.902076,3,0,0.269842,0.269842,0.2750,-0.00516,0,0,0,+0.00000,+0.00000,0.00000,0.00,0,+0.000,+0.00000,-24.157,-0.00367,-17.80,+0.00000,0,+0.00000,+0.00000,0.00000,+8.792,0,195.7,3.0
14.906843,3,0,0.269764,0.269764,0.2750,-0.00524,0,0,0,+0.00000,+0.00000,0.00000,0.00,0,+0.000,+0.00000,-24.159,-0.00367,-17.80,+0.00000,0,+0.00000,+0.00000,0.00000,+8.794,0,195.7,3.0
14.911719,3,0,0.269683,0.269683,0.2750,-0.00532,0,0,0,+0.00000,+0.00000,0.00000,0.00,0,+0.000,+0.00000,-24.159,-0.00367,-17.80,+0.00000,0,+0.00000,+0.00000,0.00000,+8.794,0,195.7,3.0
14.916363,3,0,0.269607,0.269607,0.2750,-0.00539,0,0,0,+0.00000,+0.00000,0.00000,0.00,0,+0.000,+0.00000,-24.161,-0.00367,-17.80,+0.00000,0,+0.00000,+0.00000,0.00000,+8.796,0,195.7,3.0
14.920708,3,0,0.269536,0.269536,0.2750,-0.00546,0,0,0,+0.00000,+0.00000,0.00000,0.00,0,+0.000,+0.00000,-24.161,-0.00367,-17.80,+0.00000,0,+0.00000,+0.00000,0.00000,+8.796,0,195.7,3.0
14.928092,3,0,0.269415,0.269415,0.2750,-0.00558,0,0,0,+0.00000,+0.00000,0.00000,0.00,0,+0.000,+0.00000,-24.163,-0.00367,-17.80,+0.00000,0,+0.00000,+0.00000,0.00000,+8.798,0,195.7,3.0
14.932372,3,0,0.269346,0.269346,0.2750,-0.00565,0,0,0,+0.00000,+0.00000,0.00000,0.00,0,+0.000,+0.00000,-24.164,-0.00367,-17.80,+0.00000,0,+0.00000,+0.00000,0.00000,+8.799,0,195.7,3.0
14.936643,3,0,0.269276,0.269276,0.2750,-0.00572,0,0,0,+0.00000,+0.00000,0.00000,0.00,0,+0.000,+0.00000,-24.164,-0.00367,-17.80,+0.00000,0,+0.00000,+0.00000,0.00000,+8.799,0,195.7,3.0
14.941291,3,0,0.269201,0.269201,0.2750,-0.00580,0,0,0,+0.00000,+0.00000,0.00000,0.00,0,+0.000,+0.00000,-24.166,-0.00367,-17.80,+0.00000,0,+0.00000,+0.00000,0.00000,+8.801,0,195.7,3.0
14.945861,3,0,0.269128,0.269128,0.2750,-0.00587,0,0,0,+0.00000,+0.00000,0.00000,0.00,0,+0.000,+0.00000,-24.166,-0.00367,-17.80,+0.00000,0,+0.00000,+0.00000,0.00000,+8.801,0,195.7,3.0
14.950585,3,0,0.269052,0.269052,0.2750,-0.00595,0,0,0,+0.00000,+0.00000,0.00000,0.00,0,+0.000,+0.00000,-24.168,-0.00367,-17.80,+0.00000,0,+0.00000,+0.00000,0.00000,+8.803,0,195.7,3.0
14.955098,3,0,0.268980,0.268980,0.2750,-0.00602,0,0,0,+0.00000,+0.00000,0.00000,0.00,0,+0.000,+0.00000,-24.170,-0.00367,-17.80,+0.00000,0,+0.00000,+0.00000,0.00000,+8.804,0,195.7,3.0
14.959320,3,0,0.268912,0.268912,0.2750,-0.00609,0,0,0,+0.00000,+0.00000,0.00000,0.00,0,+0.000,+0.00000,-24.170,-0.00367,-17.80,+0.00000,0,+0.00000,+0.00000,0.00000,+8.804,0,195.7,3.0
14.964069,3,0,0.268837,0.268837,0.2750,-0.00616,0,0,0,+0.00000,+0.00000,0.00000,0.00,0,+0.000,+0.00000,-24.172,-0.00367,-17.80,+0.00000,0,+0.00000,+0.00000,0.00000,+8.806,0,195.7,3.0
14.968604,3,0,0.268765,0.268765,0.2750,-0.00624,0,0,0,+0.00000,+0.00000,0.00000,0.00,0,+0.000,+0.00000,-24.172,-0.00367,-17.80,+0.00000,0,+0.00000,+0.00000,0.00000,+8.806,0,195.7,3.0
14.973189,3,0,0.268692,0.268692,0.2750,-0.00631,0,0,0,+0.00000,+0.00000,0.00000,0.00,0,+0.000,+0.00000,-24.174,-0.00367,-17.80,+0.00000,0,+0.00000,+0.00000,0.00000,+8.808,0,195.7,3.0
14.977836,3,0,0.268619,0.268619,0.2750,-0.00638,0,0,0,+0.00000,+0.00000,0.00000,0.00,0,+0.000,+0.00000,-24.174,-0.00367,-17.80,+0.00000,0,+0.00000,+0.00000,0.00000,+8.808,0,195.7,3.0
14.982372,3,0,0.268547,0.268547,0.2750,-0.00645,0,0,0,+0.00000,+0.00000,0.00000,0.00,0,+0.000,+0.00000,-24.176,-0.00367,-17.80,+0.00000,0,+0.00000,+0.00000,0.00000,+8.809,0,195.7,3.0
14.986664,3,0,0.268480,0.268480,0.2750,-0.00652,0,0,0,+0.00000,+0.00000,0.00000,0.00,0,+0.000,+0.00000,-24.176,-0.00367,-17.80,+0.00000,0,+0.00000,+0.00000,0.00000,+8.809,0,195.7,3.0
14.991300,3,0,0.268408,0.268408,0.2750,-0.00659,0,0,0,+0.00000,+0.00000,0.00000,0.00,0,+0.000,+0.00000,-24.178,-0.00367,-17.80,+0.00000,0,+0.00000,+0.00000,0.00000,+8.811,0,195.7,3.0
14.995845,3,0,0.268337,0.268337,0.2750,-0.00666,0,0,0,+0.00000,+0.00000,0.00000,0.00,0,+0.000,+0.00000,-24.178,-0.00367,-17.80,+0.00000,0,+0.00000,+0.00000,0.00000,+8.811,0,195.7,3.0
15.000374,3,0,0.268267,0.268267,0.2750,-0.00673,0,0,0,+0.00000,+0.00000,0.00000,0.00,0,+0.000,+0.00000,-24.179,-0.00367,-17.80,+0.00000,0,+0.00000,+0.00000,0.00000,+8.813,0,195.7,3.0
15.004967,3,0,0.268195,0.268195,0.2750,-0.00680,0,0,0,+0.00000,+0.00000,0.00000,0.00,0,+0.000,+0.00000,-24.179,-0.00367,-17.80,+0.00000,0,+0.00000,+0.00000,0.00000,+8.813,0,195.7,3.0
15.009571,3,0,0.268124,0.268124,0.2750,-0.00688,0,0,0,+0.00000,+0.00000,0.00000,0.00,0,+0.000,+0.00000,-24.182,-0.00367,-17.80,+0.00000,0,+0.00000,+0.00000,0.00000,+8.815,0,195.7,3.0
15.014129,3,0,0.268054,0.268054,0.2750,-0.00695,0,0,0,+0.00000,+0.00000,0.00000,0.00,0,+0.000,+0.00000,-24.182,-0.00367,-17.80,+0.00000,0,+0.00000,+0.00000,0.00000,+8.815,0,195.7,3.0
15.018787,3,0,0.267983,0.267983,0.2750,-0.00702,0,0,0,+0.00000,+0.00000,0.00000,0.00,0,+0.000,+0.00000,-24.183,-0.00367,-17.80,+0.00000,0,+0.00000,+0.00000,0.00000,+8.816,0,195.7,3.0
15.023528,3,0,0.267910,0.267910,0.2750,-0.00709,0,0,0,+0.00000,+0.00000,0.00000,0.00,0,+0.000,+0.00000,-24.183,-0.00367,-17.80,+0.00000,0,+0.00000,+0.00000,0.00000,+8.816,0,195.7,3.0
15.028131,3,0,0.267840,0.267840,0.2750,-0.00716,0,0,0,+0.00000,+0.00000,0.00000,0.00,0,+0.000,+0.00000,-24.185,-0.00367,-17.80,+0.00000,0,+0.00000,+0.00000,0.00000,+8.818,0,195.7,3.0
15.033221,3,0,0.267763,0.267763,0.2750,-0.00724,0,0,0,+0.00000,+0.00000,0.00000,0.00,0,+0.000,+0.00000,-24.185,-0.00367,-17.80,+0.00000,0,+0.00000,+0.00000,0.00000,+8.818,0,195.7,3.0
15.037925,3,0,0.267691,0.267691,0.2750,-0.00731,0,0,0,+0.00000,+0.00000,0.00000,0.00,0,+0.000,+0.00000,-24.188,-0.00367,-17.80,+0.00000,0,+0.00000,+0.00000,0.00000,+8.820,0,195.7,3.0
15.042358,3,0,0.267624,0.267624,0.2750,-0.00738,0,0,0,+0.00000,+0.00000,0.00000,0.00,0,+0.000,+0.00000,-24.188,-0.00367,-17.80,+0.00000,0,+0.00000,+0.00000,0.00000,+8.820,0,195.7,3.0
15.047032,3,0,0.267554,0.267554,0.2750,-0.00745,0,0,0,+0.00000,+0.00000,0.00000,0.00,0,+0.000,+0.00000,-24.189,-0.00367,-17.80,+0.00000,0,+0.00000,+0.00000,0.00000,+8.822,0,195.7,3.0
15.051671,3,0,0.267484,0.267484,0.2750,-0.00752,0,0,0,+0.00000,+0.00000,0.00000,0.00,0,+0.000,+0.00000,-24.191,-0.00367,-17.80,+0.00000,0,+0.00000,+0.00000,0.00000,+8.824,0,195.7,3.0
15.056167,3,0,0.267417,0.267417,0.2750,-0.00758,0,0,0,+0.00000,+0.00000,0.00000,0.00,0,+0.000,+0.00000,-24.191,-0.00367,-17.80,+0.00000,0,+0.00000,+0.00000,0.00000,+8.824,0,195.7,3.0
15.060769,3,0,0.267348,0.267348,0.2750,-0.00765,0,0,0,+0.00000,+0.00000,0.00000,0.00,0,+0.000,+0.00000,-24.193,-0.00367,-17.80,+0.00000,0,+0.00000,+0.00000,0.00000,+8.825,0,195.7,3.0
15.065999,3,0,0.267271,0.267271,0.2750,-0.00773,0,0,0,+0.00000,+0.00000,0.00000,0.00,0,+0.000,+0.00000,-24.193,-0.00367,-17.80,+0.00000,0,+0.00000,+0.00000,0.00000,+8.825,0,195.7,3.0
15.070337,3,0,0.267206,0.267206,0.2750,-0.00779,0,0,0,+0.00000,+0.00000,0.00000,0.00,0,+0.000,+0.00000,-24.195,-0.00367,-17.80,+0.00000,0,+0.00000,+0.00000,0.00000,+8.827,0,195.7,3.0
15.074982,3,0,0.267138,0.267138,0.2750,-0.00786,0,0,0,+0.00000,+0.00000,0.00000,0.00,0,+0.000,+0.00000,-24.195,-0.00367,-17.80,+0.00000,0,+0.00000,+0.00000,0.00000,+8.827,0,195.7,3.0
15.079475,3,0,0.267071,0.267071,0.2750,-0.00793,0,0,0,+0.00000,+0.00000,0.00000,0.00,0,+0.000,+0.00000,-24.197,-0.00367,-17.80,+0.00000,0,+0.00000,+0.00000,0.00000,+8.829,0,195.7,3.0
15.084269,3,0,0.267001,0.267001,0.2750,-0.00800,0,0,0,+0.00000,+0.00000,0.00000,0.00,0,+0.000,+0.00000,-24.197,-0.00367,-17.80,+0.00000,0,+0.00000,+0.00000,0.00000,+8.829,0,195.7,3.0
15.088922,3,0,0.266933,0.266933,0.2750,-0.00807,0,0,0,+0.00000,+0.00000,0.00000,0.00,0,+0.000,+0.00000,-24.199,-0.00367,-17.80,+0.00000,0,+0.00000,+0.00000,0.00000,+8.830,0,195.7,3.0
15.094176,3,0,0.266856,0.266856,0.2750,-0.00814,0,0,0,+0.00000,+0.00000,0.00000,0.00,0,+0.000,+0.00000,-24.199,-0.00367,-17.80,+0.00000,0,+0.00000,+0.00000,0.00000,+8.830,0,195.7,3.0
15.099651,3,0,0.266777,0.266777,0.2750,-0.00822,0,0,0,+0.00000,+0.00000,0.00000,0.00,0,+0.000,+0.00000,-24.201,-0.00367,-17.80,+0.00000,0,+0.00000,+0.00000,0.00000,+8.832,0,195.7,3.0
15.104191,3,0,0.266711,0.266711,0.2750,-0.00829,0,0,0,+0.00000,+0.00000,0.00000,0.00,0,+0.000,+0.00000,-24.202,-0.00367,-17.80,+0.00000,0,+0.00000,+0.00000,0.00000,+8.834,0,195.7,3.0
15.108408,3,0,0.266650,0.266650,0.2750,-0.00835,0,0,0,+0.00000,+0.00000,0.00000,0.00,0,+0.000,+0.00000,-24.202,-0.00367,-17.80,+0.00000,0,+0.00000,+0.00000,0.00000,+8.834,0,195.7,3.0
15.112791,3,0,0.266587,0.266587,0.2750,-0.00841,0,0,0,+0.00000,+0.00000,0.00000,0.00,0,+0.000,+0.00000,-24.204,-0.00367,-17.80,+0.00000,0,+0.00000,+0.00000,0.00000,+8.835,0,195.7,3.0
15.117352,3,0,0.266521,0.266521,0.2750,-0.00848,0,0,0,+0.00000,+0.00000,0.00000,0.00,0,+0.000,+0.00000,-24.204,-0.00367,-17.80,+0.00000,0,+0.00000,+0.00000,0.00000,+8.835,0,195.7,3.0
15.121863,3,0,0.266456,0.266456,0.2750,-0.00854,0,0,0,+0.00000,+0.00000,0.00000,0.00,0,+0.000,+0.00000,-24.206,-0.00367,-17.80,+0.00000,0,+0.00000,+0.00000,0.00000,+8.837,0,195.7,3.0
15.127790,3,0,0.266372,0.266372,0.2750,-0.00863,0,0,0,+0.00000,+0.00000,0.00000,0.00,0,+0.000,+0.00000,-24.206,-0.00367,-17.80,+0.00000,0,+0.00000,+0.00000,0.00000,+8.837,0,195.7,3.0
15.132270,3,0,0.266308,0.266308,0.2750,-0.00869,0,0,0,+0.00000,+0.00000,0.00000,0.00,0,+0.000,+0.00000,-24.208,-0.00367,-17.80,+0.00000,0,+0.00000,+0.00000,0.00000,+8.839,0,195.7,3.0
15.136824,3,0,0.266243,0.266243,0.2750,-0.00876,0,0,0,+0.00000,+0.00000,0.00000,0.00,0,+0.000,+0.00000,-24.210,-0.00367,-17.80,+0.00000,0,+0.00000,+0.00000,0.00000,+8.841,0,195.7,3.0
15.141387,3,0,0.266179,0.266179,0.2750,-0.00882,0,0,0,+0.00000,+0.00000,0.00000,0.00,0,+0.000,+0.00000,-24.210,-0.00367,-17.80,+0.00000,0,+0.00000,+0.00000,0.00000,+8.841,0,195.7,3.0
15.146047,3,0,0.266113,0.266113,0.2750,-0.00889,0,0,0,+0.00000,+0.00000,0.00000,0.00,0,+0.000,+0.00000,-24.212,-0.00367,-17.80,+0.00000,0,+0.00000,+0.00000,0.00000,+8.843,0,195.7,3.0
15.150582,3,0,0.266050,0.266050,0.2750,-0.00895,0,0,0,+0.00000,+0.00000,0.00000,0.00,0,+0.000,+0.00000,-24.212,-0.00367,-17.80,+0.00000,0,+0.00000,+0.00000,0.00000,+8.843,0,195.7,3.0
15.155033,3,0,0.265987,0.265987,0.2750,-0.00901,0,0,0,+0.00000,+0.00000,0.00000,0.00,0,+0.000,+0.00000,-24.214,-0.00367,-17.80,+0.00000,0,+0.00000,+0.00000,0.00000,+8.845,0,195.7,3.0
15.161764,3,0,0.265893,0.265893,0.2750,-0.00911,0,0,0,+0.00000,+0.00000,0.00000,0.00,0,+0.000,+0.00000,-24.216,-0.00367,-17.80,+0.00000,0,+0.00000,+0.00000,0.00000,+8.846,0,195.7,3.0
15.166241,3,0,0.265831,0.265831,0.2750,-0.00917,0,0,0,+0.00000,+0.00000,0.00000,0.00,0,+0.000,+0.00000,-24.216,-0.00367,-17.80,+0.00000,0,+0.00000,+0.00000,0.00000,+8.846,0,195.7,3.0
15.170769,3,0,0.265768,0.265768,0.2750,-0.00923,0,0,0,+0.00000,+0.00000,0.00000,0.00,0,+0.000,+0.00000,-24.217,-0.00367,-17.80,+0.00000,0,+0.00000,+0.00000,0.00000,+8.848,0,195.7,3.0
15.175306,3,0,0.265705,0.265705,0.2750,-0.00929,0,0,0,+0.00000,+0.00000,0.00000,0.00,0,+0.000,+0.00000,-24.217,-0.00367,-17.80,+0.00000,0,+0.00000,+0.00000,0.00000,+8.848,0,195.7,3.0
15.179899,3,0,0.265642,0.265642,0.2750,-0.00936,0,0,0,+0.00000,+0.00000,0.00000,0.00,0,+0.000,+0.00000,-24.219,-0.00367,-17.80,+0.00000,0,+0.00000,+0.00000,0.00000,+8.850,0,195.7,3.0
15.184313,3,0,0.265581,0.265581,0.2750,-0.00942,0,0,0,+0.00000,+0.00000,0.00000,0.00,0,+0.000,+0.00000,-24.219,-0.00367,-17.80,+0.00000,0,+0.00000,+0.00000,0.00000,+8.850,0,195.7,3.0
15.188768,3,0,0.265520,0.265520,0.2750,-0.00948,0,0,0,+0.00000,+0.00000,0.00000,0.00,0,+0.000,+0.00000,-24.221,-0.00367,-17.80,+0.00000,0,+0.00000,+0.00000,0.00000,+8.851,0,195.7,3.0
15.193259,3,0,0.265459,0.265459,0.2750,-0.00954,0,0,0,+0.00000,+0.00000,0.00000,0.00,0,+0.000,+0.00000,-24.221,-0.00367,-17.80,+0.00000,0,+0.00000,+0.00000,0.00000,+8.851,0,195.7,3.0
15.197809,3,0,0.265397,0.265397,0.2750,-0.00960,0,0,0,+0.00000,+0.00000,0.00000,0.00,0,+0.000,+0.00000,-24.223,-0.00367,-17.80,+0.00000,0,+0.00000,+0.00000,0.00000,+8.853,0,195.7,3.0
15.202511,3,0,0.265333,0.265333,0.2750,-0.00967,0,0,0,+0.00000,+0.00000,0.00000,0.00,0,+0.000,+0.00000,-24.223,-0.00367,-17.80,+0.00000,0,+0.00000,+0.00000,0.00000,+8.853,0,195.7,3.0
15.206927,3,0,0.265274,0.265274,0.2750,-0.00973,0,0,0,+0.00000,+0.00000,0.00000,0.00,0,+0.000,+0.00000,-24.225,-0.00367,-17.80,+0.00000,0,+0.00000,+0.00000,0.00000,+8.855,0,195.7,3.0
15.211467,3,0,0.265212,0.265212,0.2750,-0.00979,0,0,0,+0.00000,+0.00000,0.00000,0.00,0,+0.000,+0.00000,-24.225,-0.00367,-17.80,+0.00000,0,+0.00000,+0.00000,0.00000,+8.855,0,195.7,3.0
15.216056,3,0,0.265151,0.265151,0.2750,-0.00985,0,0,0,+0.00000,+0.00000,0.00000,0.00,0,+0.000,+0.00000,-24.227,-0.00367,-17.80,+0.00000,0,+0.00000,+0.00000,0.00000,+8.856,0,195.7,3.0
15.222276,3,0,0.265067,0.265067,0.2750,-0.00993,0,0,0,+0.00000,+0.00000,0.00000,0.00,0,+0.000,+0.00000,-24.227,-0.00367,-17.80,+0.00000,0,+0.00000,+0.00000,0.00000,+8.856,0,195.7,3.0
15.229370,3,0,0.264972,0.264972,0.2750,-0.01003,0,0,0,+0.00000,+0.00000,0.00000,0.00,0,+0.000,+0.00000,-24.229,-0.00367,-17.80,+0.00000,0,+0.00000,+0.00000,0.00000,+8.859,0,195.7,3.0
15.234985,3,0,0.264898,0.264898,0.2750,-0.01010,0,0,0,+0.00000,+0.00000,0.00000,0.00,0,+0.000,+0.00000,-24.231,-0.00367,-17.80,+0.00000,0,+0.00000,+0.00000,0.00000,+8.860,0,195.7,3.0
15.239636,3,0,0.264836,0.264836,0.2750,-0.01016,0,0,0,+0.00000,+0.00000,0.00000,0.00,0,+0.000,+0.00000,-24.231,-0.00367,-17.80,+0.00000,0,+0.00000,+0.00000,0.00000,+8.860,0,195.7,3.0
15.245216,3,0,0.264763,0.264763,0.2750,-0.01024,0,0,0,+0.00000,+0.00000,0.00000,0.00,0,+0.000,+0.00000,-24.233,-0.00367,-17.80,+0.00000,0,+0.00000,+0.00000,0.00000,+8.862,0,195.7,3.0
15.249734,3,0,0.264703,0.264703,0.2750,-0.01030,0,0,0,+0.00000,+0.00000,0.00000,0.00,0,+0.000,+0.00000,-24.235,-0.00367,-17.80,+0.00000,0,+0.00000,+0.00000,0.00000,+8.864,0,195.7,3.0
15.254258,3,0,0.264644,0.264644,0.2750,-0.01036,0,0,0,+0.00000,+0.00000,0.00000,0.00,0,+0.000,+0.00000,-24.235,-0.00367,-17.80,+0.00000,0,+0.00000,+0.00000,0.00000,+8.864,0,195.7,3.0
15.258751,3,0,0.264585,0.264585,0.2750,-0.01041,0,0,0,+0.00000,+0.00000,0.00000,0.00,0,+0.000,+0.00000,-24.237,-0.00367,-17.80,+0.00000,0,+0.00000,+0.00000,0.00000,+8.865,0,195.7,3.0
15.263371,3,0,0.264525,0.264525,0.2750,-0.01048,0,0,0,+0.00000,+0.00000,0.00000,0.00,0,+0.000,+0.00000,-24.237,-0.00367,-17.80,+0.00000,0,+0.00000,+0.00000,0.00000,+8.865,0,195.7,3.0
15.268116,3,0,0.264463,0.264463,0.2750,-0.01054,0,0,0,+0.00000,+0.00000,0.00000,0.00,0,+0.000,+0.00000,-24.238,-0.00367,-17.80,+0.00000,0,+0.00000,+0.00000,0.00000,+8.867,0,195.7,3.0
15.272511,3,0,0.264406,0.264406,0.2750,-0.01059,0,0,0,+0.00000,+0.00000,0.00000,0.00,0,+0.000,+0.00000,-24.240,-0.00367,-17.80,+0.00000,0,+0.00000,+0.00000,0.00000,+8.868,0,195.7,3.0
15.277081,3,0,0.264347,0.264347,0.2750,-0.01065,0,0,0,+0.00000,+0.00000,0.00000,0.00,0,+0.000,+0.00000,-24.240,-0.00367,-17.80,+0.00000,0,+0.00000,+0.00000,0.00000,+8.868,0,195.7,3.0
15.281611,3,0,0.264289,0.264289,0.2750,-0.01071,0,0,0,+0.00000,+0.00000,0.00000,0.00,0,+0.000,+0.00000,-24.242,-0.00367,-17.80,+0.00000,0,+0.00000,+0.00000,0.00000,+8.870,0,195.7,3.0
15.286007,3,0,0.264232,0.264232,0.2750,-0.01077,0,0,0,+0.00000,+0.00000,0.00000,0.00,0,+0.000,+0.00000,-24.242,-0.00367,-17.80,+0.00000,0,+0.00000,+0.00000,0.00000,+8.870,0,195.7,3.0
15.290557,3,0,0.264174,0.264174,0.2750,-0.01083,0,0,0,+0.00000,+0.00000,0.00000,0.00,0,+0.000,+0.00000,-24.244,-0.00367,-17.80,+0.00000,0,+0.00000,+0.00000,0.00000,+8.872,0,195.7,3.0
15.295087,3,0,0.264116,0.264116,0.2750,-0.01088,0,0,0,+0.00000,+0.00000,0.00000,0.00,0,+0.000,+0.00000,-24.244,-0.00367,-17.80,+0.00000,0,+0.00000,+0.00000,0.00000,+8.872,0,195.7,3.0
15.299620,3,0,0.264059,0.264059,0.2750,-0.01094,0,0,0,+0.00000,+0.00000,0.00000,0.00,0,+0.000,+0.00000,-24.246,-0.00367,-17.80,+0.00000,0,+0.00000,+0.00000,0.00000,+8.874,0,195.7,3.0
15.306099,3,0,0.263976,0.263976,0.2750,-0.01102,0,0,0,+0.00000,+0.00000,0.00000,0.00,0,+0.000,+0.00000,-24.246,-0.00367,-17.80,+0.00000,0,+0.00000,+0.00000,0.00000,+8.874,0,195.7,3.0
15.310722,3,0,0.263918,0.263918,0.2750,-0.01108,0,0,0,+0.00000,+0.00000,0.00000,0.00,0,+0.000,+0.00000,-24.248,-0.00367,-17.80,+0.00000,0,+0.00000,+0.00000,0.00000,+8.876,0,195.7,3.0
15.315451,3,0,0.263859,0.263859,0.2750,-0.01114,0,0,0,+0.00000,+0.00000,0.00000,0.00,0,+0.000,+0.00000,-24.249,-0.00367,-17.80,+0.00000,0,+0.00000,+0.00000,0.00000,+8.877,0,195.7,3.0
15.319722,3,0,0.263805,0.263805,0.2750,-0.01120,0,0,0,+0.00000,+0.00000,0.00000,0.00,0,+0.000,+0.00000,-24.249,-0.00367,-17.80,+0.00000,0,+0.00000,+0.00000,0.00000,+8.877,0,195.7,3.0
15.324059,3,0,0.263751,0.263751,0.2750,-0.01125,0,0,0,+0.00000,+0.00000,0.00000,0.00,0,+0.000,+0.00000,-24.249,-0.00367,-17.80,+0.00000,0,+0.00000,+0.00000,0.00000,+8.877,0,195.7,3.0
15.328542,3,0,0.263695,0.263695,0.2750,-0.01131,0,0,0,+0.00000,+0.00000,0.00000,0.00,0,+0.000,+0.00000,-24.252,-0.00367,-17.80,+0.00000,0,+0.00000,+0.00000,0.00000,+8.879,0,195.7,3.0
15.333209,3,0,0.263637,0.263637,0.2750,-0.01136,0,0,0,+0.00000,+0.00000,0.00000,0.00,0,+0.000,+0.00000,-24.253,-0.00367,-17.80,+0.00000,0,+0.00000,+0.00000,0.00000,+8.880,0,209.9,0.0
15.337819,3,0,0.263579,0.263579,0.2750,-0.01142,0,0,0,+0.00000,+0.00000,0.00000,0.00,0,+0.000,+0.00000,-24.253,-0.00367,-17.80,+0.00000,0,+0.00000,+0.00000,0.00000,+8.880,0,209.9,0.0
15.342258,3,0,0.263525,0.263525,0.2750,-0.01148,0,0,0,+0.00000,+0.00000,0.00000,0.00,0,+0.000,+0.00000,-24.255,-0.00367,-17.80,+0.00000,0,+0.00000,+0.00000,0.00000,+8.882,0,209.9,0.0
15.346793,3,0,0.263469,0.263469,0.2750,-0.01153,0,0,0,+0.00000,+0.00000,0.00000,0.00,0,+0.000,+0.00000,-24.255,-0.00367,-17.80,+0.00000,0,+0.00000,+0.00000,0.00000,+8.882,0,209.9,0.0
15.351479,3,0,0.263411,0.263411,0.2750,-0.01159,0,0,0,+0.00000,+0.00000,0.00000,0.00,0,+0.000,+0.00000,-24.257,-0.00367,-17.80,+0.00000,0,+0.00000,+0.00000,0.00000,+8.884,0,209.9,0.0
15.359483,3,0,0.263313,0.263313,0.2750,-0.01169,0,0,0,+0.00000,+0.00000,0.00000,0.00,0,+0.000,+0.00000,-24.257,-0.00367,-17.80,+0.00000,0,+0.00000,+0.00000,0.00000,+8.884,0,209.9,0.0
15.365803,3,0,0.263236,0.263236,0.2750,-0.01176,0,0,0,+0.00000,+0.00000,0.00000,0.00,0,+0.000,+0.00000,-24.259,-0.00367,-17.80,+0.00000,0,+0.00000,+0.00000,0.00000,+8.886,0,209.9,0.0
15.370387,3,0,0.263180,0.263180,0.2750,-0.01182,0,0,0,+0.00000,+0.00000,0.00000,0.00,0,+0.000,+0.00000,-24.261,-0.00367,-17.80,+0.00000,0,+0.00000,+0.00000,0.00000,+8.887,0,209.9,0.0
15.374688,3,0,0.263128,0.263128,0.2750,-0.01187,0,0,0,+0.00000,+0.00000,0.00000,0.00,0,+0.000,+0.00000,-24.263,-0.00367,-17.80,+0.00000,0,+0.00000,+0.00000,0.00000,+8.889,0,209.9,0.0
15.379444,3,0,0.263071,0.263071,0.2750,-0.01193,0,0,0,+0.00000,+0.00000,0.00000,0.00,0,+0.000,+0.00000,-24.263,-0.00367,-17.80,+0.00000,0,+0.00000,+0.00000,0.00000,+8.889,0,209.9,0.0
15.384068,3,0,0.263015,0.263015,0.2750,-0.01198,0,0,0,+0.00000,+0.00000,0.00000,0.00,0,+0.000,+0.00000,-24.264,-0.00367,-17.80,+0.00000,0,+0.00000,+0.00000,0.00000,+8.891,0,209.9,0.0
15.388615,3,0,0.262961,0.262961,0.2750,-0.01204,0,0,0,+0.00000,+0.00000,0.00000,0.00,0,+0.000,+0.00000,-24.264,-0.00367,-17.80,+0.00000,0,+0.00000,+0.00000,0.00000,+8.891,0,209.9,0.0
15.393209,3,0,0.262906,0.262906,0.2750,-0.01209,0,0,0,+0.00000,+0.00000,0.00000,0.00,0,+0.000,+0.00000,-24.266,-0.00367,-17.80,+0.00000,0,+0.00000,+0.00000,0.00000,+8.892,0,209.9,0.0
15.397485,3,0,0.262855,0.262855,0.2750,-0.01215,0,0,0,+0.00000,+0.00000,0.00000,0.00,0,+0.000,+0.00000,-24.266,-0.00367,-17.80,+0.00000,0,+0.00000,+0.00000,0.00000,+8.892,0,209.9,0.0
15.401723,3,0,0.262804,0.262804,0.2750,-0.01220,0,0,0,+0.00000,+0.00000,0.00000,0.00,0,+0.000,+0.00000,-24.268,-0.00367,-17.80,+0.00000,0,+0.00000,+0.00000,0.00000,+8.894,0,209.9,0.0
15.406009,3,0,0.262754,0.262754,0.2750,-0.01225,0,0,0,+0.00000,+0.00000,0.00000,0.00,0,+0.000,+0.00000,-24.268,-0.00367,-17.80,+0.00000,0,+0.00000,+0.00000,0.00000,+8.894,0,209.9,0.0
15.410551,3,0,0.262700,0.262700,0.2750,-0.01230,0,0,0,+0.00000,+0.00000,0.00000,0.00,0,+0.000,+0.00000,-24.270,-0.00367,-17.80,+0.00000,0,+0.00000,+0.00000,0.00000,+8.896,0,209.9,0.0
15.415118,3,0,0.262646,0.262646,0.2750,-0.01235,0,0,0,+0.00000,+0.00000,0.00000,0.00,0,+0.000,+0.00000,-24.270,-0.00367,-17.80,+0.00000,0,+0.00000,+0.00000,0.00000,+8.896,0,209.9,0.0
15.428641,3,0,0.262488,0.262488,0.2750,-0.01251,0,0,0,+0.00000,+0.00000,0.00000,0.00,0,+0.000,+0.00000,-24.272,-0.00367,-17.80,+0.00000,0,+0.00000,+0.00000,0.00000,+8.897,0,209.9,0.0
15.433144,3,0,0.262435,0.262435,0.2750,-0.01256,0,0,0,+0.00000,+0.00000,0.00000,0.00,0,+0.000,+0.00000,-24.275,-0.00367,-17.80,+0.00000,0,+0.00000,+0.00000,0.00000,+8.900,0,209.9,0.0
15.437639,3,0,0.262383,0.262383,0.2750,-0.01262,0,0,0,+0.00000,+0.00000,0.00000,0.00,0,+0.000,+0.00000,-24.275,-0.00367,-17.80,+0.00000,0,+0.00000,+0.00000,0.00000,+8.900,0,209.9,0.0
15.442276,3,0,0.262330,0.262330,0.2750,-0.01267,0,0,0,+0.00000,+0.00000,0.00000,0.00,0,+0.000,+0.00000,-24.277,-0.00367,-17.80,+0.00000,0,+0.00000,+0.00000,0.00000,+8.902,0,209.9,0.0
15.446907,3,0,0.262276,0.262276,0.2750,-0.01272,0,0,0,+0.00000,+0.00000,0.00000,0.00,0,+0.000,+0.00000,-24.279,-0.00367,-17.80,+0.00000,0,+0.00000,+0.00000,0.00000,+8.904,0,209.9,0.0
15.451362,3,0,0.262225,0.262225,0.2750,-0.01278,0,0,0,+0.00000,+0.00000,0.00000,0.00,0,+0.000,+0.00000,-24.279,-0.00367,-17.80,+0.00000,0,+0.00000,+0.00000,0.00000,+8.904,0,209.9,0.0
15.455928,3,0,0.262173,0.262173,0.2750,-0.01283,0,0,0,+0.00000,+0.00000,0.00000,0.00,0,+0.000,+0.00000,-24.280,-0.00367,-17.80,+0.00000,0,+0.00000,+0.00000,0.00000,+8.905,0,209.9,0.0
15.460504,3,0,0.262120,0.262120,0.2750,-0.01288,0,0,0,+0.00000,+0.00000,0.00000,0.00,0,+0.000,+0.00000,-24.280,-0.00367,-17.80,+0.00000,0,+0.00000,+0.00000,0.00000,+8.905,0,209.9,0.0
15.465063,3,0,0.262068,0.262068,0.2750,-0.01293,0,0,0,+0.00000,+0.00000,0.00000,0.00,0,+0.000,+0.00000,-24.282,-0.00367,-17.80,+0.00000,0,+0.00000,+0.00000,0.00000,+8.907,0,209.9,0.0
15.469581,3,0,0.262017,0.262017,0.2750,-0.01298,0,0,0,+0.00000,+0.00000,0.00000,0.00,0,+0.000,+0.00000,-24.282,-0.00367,-17.80,+0.00000,0,+0.00000,+0.00000,0.00000,+8.907,0,209.9,0.0
15.474129,3,0,0.261965,0.261965,0.2750,-0.01303,0,0,0,+0.00000,+0.00000,0.00000,0.00,0,+0.000,+0.00000,-24.284,-0.00367,-17.80,+0.00000,0,+0.00000,+0.00000,0.00000,+8.908,0,209.9,0.0
15.478701,3,0,0.261914,0.261914,0.2750,-0.01309,0,0,0,+0.00000,+0.00000,0.00000,0.00,0,+0.000,+0.00000,-24.286,-0.00367,-17.80,+0.00000,0,+0.00000,+0.00000,0.00000,+8.910,0,209.9,0.0
15.483306,3,0,0.261862,0.261862,0.2750,-0.01314,0,0,0,+0.00000,+0.00000,0.00000,0.00,0,+0.000,+0.00000,-24.286,-0.00367,-17.80,+0.00000,0,+0.00000,+0.00000,0.00000,+8.910,0,209.9,0.0
15.487839,3,0,0.261811,0.261811,0.2750,-0.01319,0,0,0,+0.00000,+0.00000,0.00000,0.00,0,+0.000,+0.00000,-24.287,-0.00367,-17.80,+0.00000,0,+0.00000,+0.00000,0.00000,+8.912,0,209.9,0.0
15.492405,3,0,0.261760,0.261760,0.2750,-0.01324,0,0,0,+0.00000,+0.00000,0.00000,0.00,0,+0.000,+0.00000,-24.287,-0.00367,-17.80,+0.00000,0,+0.00000,+0.00000,0.00000,+8.912,0,209.9,0.0
15.496934,3,0,0.261709,0.261709,0.2750,-0.01329,0,0,0,+0.00000,+0.00000,0.00000,0.00,0,+0.000,+0.00000,-24.289,-0.00367,-17.80,+0.00000,0,+0.00000,+0.00000,0.00000,+8.913,0,209.9,0.0
15.502187,3,0,0.261651,0.261651,0.2750,-0.01335,0,0,0,+0.00000,+0.00000,0.00000,0.00,0,+0.000,+0.00000,-24.289,-0.00367,-17.80,+0.00000,0,+0.00000,+0.00000,0.00000,+8.913,0,209.9,0.0
15.507014,3,0,0.261598,0.261598,0.2750,-0.01340,0,0,0,+0.00000,+0.00000,0.00000,0.00,0,+0.000,+0.00000,-24.291,-0.00367,-17.80,+0.00000,0,+0.00000,+0.00000,0.00000,+8.915,0,209.9,0.0
15.511553,3,0,0.261547,0.261547,0.2750,-0.01345,0,0,0,+0.00000,+0.00000,0.00000,0.00,0,+0.000,+0.00000,-24.291,-0.00367,-17.80,+0.00000,0,+0.00000,+0.00000,0.00000,+8.915,0,209.9,0.0
15.516614,3,0,0.261492,0.261492,0.2750,-0.01351,0,0,0,+0.00000,+0.00000,0.00000,0.00,0,+0.000,+0.00000,-24.293,-0.00367,-17.80,+0.00000,0,+0.00000,+0.00000,0.00000,+8.917,0,209.9,0.0
15.521384,3,0,0.261439,0.261439,0.2750,-0.01356,0,0,0,+0.00000,+0.00000,0.00000,0.00,0,+0.000,+0.00000,-24.295,-0.00367,-17.80,+0.00000,0,+0.00000,+0.00000,0.00000,+8.918,0,209.9,0.0
15.525725,3,0,0.261392,0.261392,0.2750,-0.01361,0,0,0,+0.00000,+0.00000,0.00000,0.00,0,+0.000,+0.00000,-24.295,-0.00367,-17.80,+0.00000,0,+0.00000,+0.00000,0.00000,+8.918,0,209.9,0.0
15.530871,3,0,0.261336,0.261336,0.2750,-0.01366,0,0,0,+0.00000,+0.00000,0.00000,0.00,0,+0.000,+0.00000,-24.297,-0.00367,-17.80,+0.00000,0,+0.00000,+0.00000,0.00000,+8.921,0,209.9,0.0
15.535275,3,0,0.261288,0.261288,0.2750,-0.01371,0,0,0,+0.00000,+0.00000,0.00000,0.00,0,+0.000,+0.00000,-24.297,-0.00367,-17.80,+0.00000,0,+0.00000,+0.00000,0.00000,+8.921,0,209.9,0.0
15.539794,3,0,0.261239,0.261239,0.2750,-0.01376,0,0,0,+0.00000,+0.00000,0.00000,0.00,0,+0.000,+0.00000,-24.299,-0.00367,-17.80,+0.00000,0,+0.00000,+0.00000,0.00000,+8.922,0,209.9,0.0
15.544297,3,0,0.261190,0.261190,0.2750,-0.01381,0,0,0,+0.00000,+0.00000,0.00000,0.00,0,+0.000,+0.00000,-24.299,-0.00367,-17.80,+0.00000,0,+0.00000,+0.00000,0.00000,+8.922,0,209.9,0.0
15.548853,3,0,0.261141,0.261141,0.2750,-0.01386,0,0,0,+0.00000,+0.00000,0.00000,0.00,0,+0.000,+0.00000,-24.300,-0.00367,-17.80,+0.00000,0,+0.00000,+0.00000,0.00000,+8.924,0,209.9,0.0
15.553407,3,0,0.261092,0.261092,0.2750,-0.01391,0,0,0,+0.00000,+0.00000,0.00000,0.00,0,+0.000,+0.00000,-24.302,-0.00367,-17.80,+0.00000,0,+0.00000,+0.00000,0.00000,+8.925,0,209.9,0.0
15.557927,3,0,0.261044,0.261044,0.2750,-0.01396,0,0,0,+0.00000,+0.00000,0.00000,0.00,0,+0.000,+0.00000,-24.302,-0.00367,-17.80,+0.00000,0,+0.00000,+0.00000,0.00000,+8.925,0,209.9,0.0
15.562558,3,0,0.260994,0.260994,0.2750,-0.01401,0,0,0,+0.00000,+0.00000,0.00000,0.00,0,+0.000,+0.00000,-24.304,-0.00367,-17.80,+0.00000,0,+0.00000,+0.00000,0.00000,+8.927,0,209.9,0.0
15.567091,3,0,0.260946,0.260946,0.2750,-0.01405,0,0,0,+0.00000,+0.00000,0.00000,0.00,0,+0.000,+0.00000,-24.304,-0.00367,-17.80,+0.00000,0,+0.00000,+0.00000,0.00000,+8.927,0,209.9,0.0
15.571791,3,0,0.260896,0.260896,0.2750,-0.01410,0,0,0,+0.00000,+0.00000,0.00000,0.00,0,+0.000,+0.00000,-24.306,-0.00367,-17.80,+0.00000,0,+0.00000,+0.00000,0.00000,+8.928,0,209.9,0.0
15.576705,3,0,0.260844,0.260844,0.2750,-0.01416,0,0,0,+0.00000,+0.00000,0.00000,0.00,0,+0.000,+0.00000,-24.306,-0.00367,-17.80,+0.00000,0,+0.00000,+0.00000,0.00000,+8.928,0,209.9,0.0
15.581225,3,0,0.260796,0.260796,0.2750,-0.01420,0,0,0,+0.00000,+0.00000,0.00000,0.00,0,+0.000,+0.00000,-24.307,-0.00367,-17.80,+0.00000,0,+0.00000,+0.00000,0.00000,+8.930,0,209.9,0.0
15.585753,3,0,0.260749,0.260749,0.2750,-0.01425,0,0,0,+0.00000,+0.00000,0.00000,0.00,0,+0.000,+0.00000,-24.307,-0.00367,-17.80,+0.00000,0,+0.00000,+0.00000,0.00000,+8.930,0,209.9,0.0
15.590787,3,0,0.260696,0.260696,0.2750,-0.01430,0,0,0,+0.00000,+0.00000,0.00000,0.00,0,+0.000,+0.00000,-24.309,-0.00367,-17.80,+0.00000,0,+0.00000,+0.00000,0.00000,+8.932,0,209.9,0.0
15.595458,3,0,0.260647,0.260647,0.2750,-0.01435,0,0,0,+0.00000,+0.00000,0.00000,0.00,0,+0.000,+0.00000,-24.311,-0.00367,-17.80,+0.00000,0,+0.00000,+0.00000,0.00000,+8.933,0,209.9,0.0
15.600021,3,0,0.260600,0.260600,0.2750,-0.01440,0,0,0,+0.00000,+0.00000,0.00000,0.00,0,+0.000,+0.00000,-24.311,-0.00367,-17.80,+0.00000,0,+0.00000,+0.00000,0.00000,+8.933,0,209.9,0.0
15.604541,3,0,0.260553,0.260553,0.2750,-0.01445,0,0,0,+0.00000,+0.00000,0.00000,0.00,0,+0.000,+0.00000,-24.313,-0.00367,-17.80,+0.00000,0,+0.00000,+0.00000,0.00000,+8.935,0,209.9,0.0
15.609109,3,0,0.260505,0.260505,0.2750,-0.01449,0,0,0,+0.00000,+0.00000,0.00000,0.00,0,+0.000,+0.00000,-24.313,-0.00367,-17.80,+0.00000,0,+0.00000,+0.00000,0.00000,+8.935,0,209.9,0.0
15.614103,3,0,0.260454,0.260454,0.2750,-0.01455,0,0,0,+0.00000,+0.00000,0.00000,0.00,0,+0.000,+0.00000,-24.315,-0.00367,-17.80,+0.00000,0,+0.00000,+0.00000,0.00000,+8.937,0,209.9,0.0
15.618474,3,0,0.260409,0.260409,0.2750,-0.01459,0,0,0,+0.00000,+0.00000,0.00000,0.00,0,+0.000,+0.00000,-24.315,-0.00367,-17.80,+0.00000,0,+0.00000,+0.00000,0.00000,+8.937,0,209.9,0.0
15.623528,3,0,0.260357,0.260357,0.2750,-0.01464,0,0,0,+0.00000,+0.00000,0.00000,0.00,0,+0.000,+0.00000,-24.317,-0.00367,-17.80,+0.00000,0,+0.00000,+0.00000,0.00000,+8.939,0,209.9,0.0
15.628044,3,0,0.260311,0.260311,0.2750,-0.01469,0,0,0,+0.00000,+0.00000,0.00000,0.00,0,+0.000,+0.00000,-24.319,-0.00367,-17.80,+0.00000,0,+0.00000,+0.00000,0.00000,+8.940,0,209.9,0.0
15.632586,3,0,0.260265,0.260265,0.2750,-0.01474,0,0,0,+0.00000,+0.00000,0.00000,0.00,0,+0.000,+0.00000,-24.319,-0.00367,-17.80,+0.00000,0,+0.00000,+0.00000,0.00000,+8.940,0,209.9,0.0
15.637111,3,0,0.260219,0.260219,0.2750,-0.01478,0,0,0,+0.00000,+0.00000,0.00000,0.00,0,+0.000,+0.00000,-24.320,-0.00367,-17.80,+0.00000,0,+0.00000,+0.00000,0.00000,+8.942,0,209.9,0.0
15.641667,3,0,0.260173,0.260173,0.2750,-0.01483,0,0,0,+0.00000,+0.00000,0.00000,0.00,0,+0.000,+0.00000,-24.320,-0.00367,-17.80,+0.00000,0,+0.00000,+0.00000,0.00000,+8.942,0,209.9,0.0
15.646188,3,0,0.260127,0.260127,0.2750,-0.01487,0,0,0,+0.00000,+0.00000,0.00000,0.00,0,+0.000,+0.00000,-24.322,-0.00367,-17.80,+0.00000,0,+0.00000,+0.00000,0.00000,+8.943,0,209.9,0.0
15.650737,3,0,0.260081,0.260081,0.2750,-0.01492,0,0,0,+0.00000,+0.00000,0.00000,0.00,0,+0.000,+0.00000,-24.322,-0.00367,-17.80,+0.00000,0,+0.00000,+0.00000,0.00000,+8.943,0,209.9,0.0
15.656156,3,0,0.260027,0.260027,0.2750,-0.01497,0,0,0,+0.00000,+0.00000,0.00000,0.00,0,+0.000,+0.00000,-24.324,-0.00367,-17.80,+0.00000,0,+0.00000,+0.00000,0.00000,+8.945,0,209.9,0.0
15.660361,3,0,0.259985,0.259985,0.2750,-0.01502,0,0,0,+0.00000,+0.00000,0.00000,0.00,0,+0.000,+0.00000,-24.326,-0.00367,-17.80,+0.00000,0,+0.00000,+0.00000,0.00000,+8.947,0,209.9,0.0
15.665414,3,0,0.259934,0.259934,0.2750,-0.01507,0,0,0,+0.00000,+0.00000,0.00000,0.00,0,+0.000,+0.00000,-24.326,-0.00367,-17.80,+0.00000,0,+0.00000,+0.00000,0.00000,+8.947,0,209.9,0.0
15.670377,3,0,0.259885,0.259885,0.2750,-0.01512,0,0,0,+0.00000,+0.00000,0.00000,0.00,0,+0.000,+0.00000,-24.328,-0.00367,-17.80,+0.00000,0,+0.00000,+0.00000,0.00000,+8.949,0,209.9,0.0
15.683390,3,0,0.259756,0.259756,0.2750,-0.01524,0,0,0,+0.00000,+0.00000,0.00000,0.00,0,+0.000,+0.00000,-24.329,-0.00367,-17.80,+0.00000,0,+0.00000,+0.00000,0.00000,+8.950,0,209.9,0.0
15.687721,3,0,0.259714,0.259714,0.2750,-0.01529,0,0,0,+0.00000,+0.00000,0.00000,0.00,0,+0.000,+0.00000,-24.331,-0.00367,-17.80,+0.00000,0,+0.00000,+0.00000,0.00000,+8.952,0,209.9,0.0
15.692273,3,0,0.259669,0.259669,0.2750,-0.01533,0,0,0,+0.00000,+0.00000,0.00000,0.00,0,+0.000,+0.00000,-24.331,-0.00367,-17.80,+0.00000,0,+0.00000,+0.00000,0.00000,+8.952,0,209.9,0.0
15.697570,3,0,0.259618,0.259618,0.2750,-0.01538,0,0,0,+0.00000,+0.00000,0.00000,0.00,0,+0.000,+0.00000,-24.333,-0.00367,-17.80,+0.00000,0,+0.00000,+0.00000,0.00000,+8.954,0,209.9,0.0
15.702296,3,0,0.259572,0.259572,0.2750,-0.01543,0,0,0,+0.00000,+0.00000,0.00000,0.00,0,+0.000,+0.00000,-24.335,-0.00367,-17.80,+0.00000,0,+0.00000,+0.00000,0.00000,+8.955,0,209.9,0.0
15.706515,3,0,0.259531,0.259531,0.2750,-0.01547,0,0,0,+0.00000,+0.00000,0.00000,0.00,0,+0.000,+0.00000,-24.335,-0.00367,-17.80,+0.00000,0,+0.00000,+0.00000,0.00000,+8.955,0,209.9,0.0
15.711095,3,0,0.259486,0.259486,0.2750,-0.01551,0,0,0,+0.00000,+0.00000,0.00000,0.00,0,+0.000,+0.00000,-24.337,-0.00367,-17.80,+0.00000,0,+0.00000,+0.00000,0.00000,+8.957,0,209.9,0.0
15.715716,3,0,0.259442,0.259442,0.2750,-0.01556,0,0,0,+0.00000,+0.00000,0.00000,0.00,0,+0.000,+0.00000,-24.337,-0.00367,-17.80,+0.00000,0,+0.00000,+0.00000,0.00000,+8.957,0,209.9,0.0
15.720256,3,0,0.259398,0.259398,0.2750,-0.01560,0,0,0,+0.00000,+0.00000,0.00000,0.00,0,+0.000,+0.00000,-24.339,-0.00367,-17.80,+0.00000,0,+0.00000,+0.00000,0.00000,+8.959,0,209.9,0.0
15.724813,3,0,0.259354,0.259354,0.2750,-0.01565,0,0,0,+0.00000,+0.00000,0.00000,0.00,0,+0.000,+0.00000,-24.339,-0.00367,-17.80,+0.00000,0,+0.00000,+0.00000,0.00000,+8.959,0,209.9,0.0
15.729307,3,0,0.259311,0.259311,0.2750,-0.01569,0,0,0,+0.00000,+0.00000,0.00000,0.00,0,+0.000,+0.00000,-24.341,-0.00367,-17.80,+0.00000,0,+0.00000,+0.00000,0.00000,+8.960,0,209.9,0.0
15.735534,3,0,0.259252,0.259252,0.2750,-0.01575,0,0,0,+0.00000,+0.00000,0.00000,0.00,0,+0.000,+0.00000,-24.342,-0.00367,-17.80,+0.00000,0,+0.00000,+0.00000,0.00000,+8.962,0,209.9,0.0
15.739986,3,0,0.259210,0.259210,0.2750,-0.01579,0,0,0,+0.00000,+0.00000,0.00000,0.00,0,+0.000,+0.00000,-24.342,-0.00367,-17.80,+0.00000,0,+0.00000,+0.00000,0.00000,+8.962,0,209.9,0.0
15.744409,3,0,0.259168,0.259168,0.2750,-0.01583,0,0,0,+0.00000,+0.00000,0.00000,0.00,0,+0.000,+0.00000,-24.344,-0.00367,-17.80,+0.00000,0,+0.00000,+0.00000,0.00000,+8.964,0,209.9,0.0
15.748949,3,0,0.259125,0.259125,0.2750,-0.01587,0,0,0,+0.00000,+0.00000,0.00000,0.00,0,+0.000,+0.00000,-24.344,-0.00367,-17.80,+0.00000,0,+0.00000,+0.00000,0.00000,+8.964,0,209.9,0.0
15.753500,3,0,0.259083,0.259083,0.2750,-0.01592,0,0,0,+0.00000,+0.00000,0.00000,0.00,0,+0.000,+0.00000,-24.346,-0.00367,-17.80,+0.00000,0,+0.00000,+0.00000,0.00000,+8.965,0,209.9,0.0
15.758510,3,0,0.259036,0.259036,0.2750,-0.01596,0,0,0,+0.00000,+0.00000,0.00000,0.00,0,+0.000,+0.00000,-24.346,-0.00367,-17.80,+0.00000,0,+0.00000,+0.00000,0.00000,+8.965,0,209.9,0.0
15.765436,3,0,0.258971,0.258971,0.2750,-0.01603,0,0,0,+0.00000,+0.00000,0.00000,0.00,0,+0.000,+0.00000,-24.348,-0.00367,-17.80,+0.00000,0,+0.00000,+0.00000,0.00000,+8.967,0,209.9,0.0
15.769969,3,0,0.258929,0.258929,0.2750,-0.01607,0,0,0,+0.00000,+0.00000,0.00000,0.00,0,+0.000,+0.00000,-24.348,-0.00367,-17.80,+0.00000,0,+0.00000,+0.00000,0.00000,+8.967,0,209.9,0.0
15.774414,3,0,0.258888,0.258888,0.2750,-0.01611,0,0,0,+0.00000,+0.00000,0.00000,0.00,0,+0.000,+0.00000,-24.350,-0.00367,-17.80,+0.00000,0,+0.00000,+0.00000,0.00000,+8.969,0,209.9,0.0
15.778934,3,0,0.258846,0.258846,0.2750,-0.01615,0,0,0,+0.00000,+0.00000,0.00000,0.00,0,+0.000,+0.00000,-24.352,-0.00367,-17.80,+0.00000,0,+0.00000,+0.00000,0.00000,+8.971,0,209.9,0.0
15.783498,3,0,0.258804,0.258804,0.2750,-0.01620,0,0,0,+0.00000,+0.00000,0.00000,0.00,0,+0.000,+0.00000,-24.352,-0.00367,-17.80,+0.00000,0,+0.00000,+0.00000,0.00000,+8.971,0,209.9,0.0
15.790828,3,0,0.258736,0.258736,0.2750,-0.01626,0,0,0,+0.00000,+0.00000,0.00000,0.00,0,+0.000,+0.00000,-24.354,-0.00367,-17.80,+0.00000,0,+0.00000,+0.00000,0.00000,+8.972,0,209.9,0.0
15.798643,3,0,0.258665,0.258665,0.2750,-0.01633,0,0,0,+0.00000,+0.00000,0.00000,0.00,0,+0.000,+0.00000,-24.355,-0.00367,-17.80,+0.00000,0,+0.00000,+0.00000,0.00000,+8.974,0,209.9,0.0
15.803408,3,0,0.258622,0.258622,0.2750,-0.01638,0,0,0,+0.00000,+0.00000,0.00000,0.00,0,+0.000,+0.00000,-24.355,-0.00367,-17.80,+0.00000,0,+0.00000,+0.00000,0.00000,+8.974,0,209.9,0.0
15.808119,3,0,0.258579,0.258579,0.2750,-0.01642,0,0,0,+0.00000,+0.00000,0.00000,0.00,0,+0.000,+0.00000,-24.358,-0.00367,-17.80,+0.00000,0,+0.00000,+0.00000,0.00000,+8.976,0,209.9,0.0
15.812627,3,0,0.258538,0.258538,0.2750,-0.01646,0,0,0,+0.00000,+0.00000,0.00000,0.00,0,+0.000,+0.00000,-24.358,-0.00367,-17.80,+0.00000,0,+0.00000,+0.00000,0.00000,+8.976,0,209.9,0.0
15.816979,3,0,0.258499,0.258499,0.2750,-0.01650,0,0,0,+0.00000,+0.00000,0.00000,0.00,0,+0.000,+0.00000,-24.360,-0.00367,-17.80,+0.00000,0,+0.00000,+0.00000,0.00000,+8.978,0,209.9,0.0
15.821569,3,0,0.258458,0.258458,0.2750,-0.01654,0,0,0,+0.00000,+0.00000,0.00000,0.00,0,+0.000,+0.00000,-24.361,-0.00367,-17.80,+0.00000,0,+0.00000,+0.00000,0.00000,+8.979,0,209.9,0.0
15.826040,3,0,0.258418,0.258418,0.2750,-0.01658,0,0,0,+0.00000,+0.00000,0.00000,0.00,0,+0.000,+0.00000,-24.361,-0.00367,-17.80,+0.00000,0,+0.00000,+0.00000,0.00000,+8.979,0,209.9,0.0
15.830697,3,0,0.258376,0.258376,0.2750,-0.01662,0,0,0,+0.00000,+0.00000,0.00000,0.00,0,+0.000,+0.00000,-24.363,-0.00367,-17.80,+0.00000,0,+0.00000,+0.00000,0.00000,+8.981,0,209.9,0.0
15.835450,3,0,0.258334,0.258334,0.2750,-0.01667,0,0,0,+0.00000,+0.00000,0.00000,0.00,0,+0.000,+0.00000,-24.363,-0.00367,-17.80,+0.00000,0,+0.00000,+0.00000,0.00000,+8.981,0,209.9,0.0
15.839731,3,0,0.258296,0.258296,0.2750,-0.01670,0,0,0,+0.00000,+0.00000,0.00000,0.00,0,+0.000,+0.00000,-24.365,-0.00367,-17.80,+0.00000,0,+0.00000,+0.00000,0.00000,+8.983,0,209.9,0.0
15.844236,3,0,0.258256,0.258256,0.2750,-0.01674,0,0,0,+0.00000,+0.00000,0.00000,0.00,0,+0.000,+0.00000,-24.365,-0.00367,-17.80,+0.00000,0,+0.00000,+0.00000,0.00000,+8.983,0,209.9,0.0
15.848802,3,0,0.258216,0.258216,0.2750,-0.01678,0,0,0,+0.00000,+0.00000,0.00000,0.00,0,+0.000,+0.00000,-24.367,-0.00367,-17.80,+0.00000,0,+0.00000,+0.00000,0.00000,+8.985,0,209.9,0.0
15.853336,3,0,0.258176,0.258176,0.2750,-0.01682,0,0,0,+0.00000,+0.00000,0.00000,0.00,0,+0.000,+0.00000,-24.367,-0.00367,-17.80,+0.00000,0,+0.00000,+0.00000,0.00000,+8.985,0,209.9,0.0
15.857879,3,0,0.258136,0.258136,0.2750,-0.01686,0,0,0,+0.00000,+0.00000,0.00000,0.00,0,+0.000,+0.00000,-24.369,-0.00367,-17.80,+0.00000,0,+0.00000,+0.00000,0.00000,+8.986,0,209.9,0.0
15.862685,3,0,0.258094,0.258094,0.2750,-0.01691,0,0,0,+0.00000,+0.00000,0.00000,0.00,0,+0.000,+0.00000,-24.369,-0.00367,-17.80,+0.00000,0,+0.00000,+0.00000,0.00000,+8.986,0,209.9,0.0
15.867310,3,0,0.258054,0.258054,0.2750,-0.01695,0,0,0,+0.00000,+0.00000,0.00000,0.00,0,+0.000,+0.00000,-24.371,-0.00367,-17.80,+0.00000,0,+0.00000,+0.00000,0.00000,+8.988,0,209.9,0.0
15.872532,3,0,0.258008,0.258008,0.2750,-0.01699,0,0,0,+0.00000,+0.00000,0.00000,0.00,0,+0.000,+0.00000,-24.371,-0.00367,-17.80,+0.00000,0,+0.00000,+0.00000,0.00000,+8.988,0,209.9,0.0
15.877114,3,0,0.257969,0.257969,0.2750,-0.01703,0,0,0,+0.00000,+0.00000,0.00000,0.00,0,+0.000,+0.00000,-24.373,-0.00367,-17.80,+0.00000,0,+0.00000,+0.00000,0.00000,+8.990,0,209.9,0.0
15.881468,3,0,0.257931,0.257931,0.2750,-0.01707,0,0,0,+0.00000,+0.00000,0.00000,0.00,0,+0.000,+0.00000,-24.373,-0.00367,-17.80,+0.00000,0,+0.00000,+0.00000,0.00000,+8.990,0,209.9,0.0
15.886319,3,0,0.257889,0.257889,0.2750,-0.01711,0,0,0,+0.00000,+0.00000,0.00000,0.00,0,+0.000,+0.00000,-24.375,-0.00367,-17.80,+0.00000,0,+0.00000,+0.00000,0.00000,+8.992,0,209.9,0.0
15.890836,3,0,0.257850,0.257850,0.2750,-0.01715,0,0,0,+0.00000,+0.00000,0.00000,0.00,0,+0.000,+0.00000,-24.376,-0.00367,-17.80,+0.00000,0,+0.00000,+0.00000,0.00000,+8.993,0,209.9,0.0
15.895478,3,0,0.257811,0.257811,0.2750,-0.01719,0,0,0,+0.00000,+0.00000,0.00000,0.00,0,+0.000,+0.00000,-24.376,-0.00367,-17.80,+0.00000,0,+0.00000,+0.00000,0.00000,+8.993,0,209.9,0.0
15.911540,3,0,0.257674,0.257674,0.2750,-0.01733,0,0,0,+0.00000,+0.00000,0.00000,0.00,0,+0.000,+0.00000,-24.376,-0.00367,-17.80,+0.00000,0,+0.00000,+0.00000,0.00000,+8.993,0,209.9,0.0
15.916216,3,0,0.257635,0.257635,0.2750,-0.01737,0,0,0,+0.00000,+0.00000,0.00000,0.00,0,+0.000,+0.00000,-24.382,-0.00367,-17.80,+0.00000,0,+0.00000,+0.00000,0.00000,+8.998,0,209.9,0.0
15.920614,3,0,0.257598,0.257598,0.2750,-0.01740,0,0,0,+0.00000,+0.00000,0.00000,0.00,0,+0.000,+0.00000,-24.383,-0.00367,-17.80,+0.00000,0,+0.00000,+0.00000,0.00000,+8.999,0,209.9,0.0
15.925299,3,0,0.257559,0.257559,0.2750,-0.01744,0,0,0,+0.00000,+0.00000,0.00000,0.00,0,+0.000,+0.00000,-24.383,-0.00367,-17.80,+0.00000,0,+0.00000,+0.00000,0.00000,+8.999,0,209.9,0.0
15.929868,3,0,0.257520,0.257520,0.2750,-0.01748,0,0,0,+0.00000,+0.00000,0.00000,0.00,0,+0.000,+0.00000,-24.385,-0.00367,-17.80,+0.00000,0,+0.00000,+0.00000,0.00000,+9.001,0,209.9,0.0
15.934448,3,0,0.257482,0.257482,0.2750,-0.01752,0,0,0,+0.00000,+0.00000,0.00000,0.00,0,+0.000,+0.00000,-24.386,-0.00367,-17.80,+0.00000,0,+0.00000,+0.00000,0.00000,+9.002,0,209.9,0.0
15.939064,3,0,0.257444,0.257444,0.2750,-0.01756,0,0,0,+0.00000,+0.00000,0.00000,0.00,0,+0.000,+0.00000,-24.386,-0.00367,-17.80,+0.00000,0,+0.00000,+0.00000,0.00000,+9.002,0,209.9,0.0
15.943479,3,0,0.257407,0.257407,0.2750,-0.01759,0,0,0,+0.00000,+0.00000,0.00000,0.00,0,+0.000,+0.00000,-24.386,-0.00367,-17.80,+0.00000,0,+0.00000,+0.00000,0.00000,+9.002,0,209.9,0.0
15.948116,3,0,0.257369,0.257369,0.2750,-0.01763,0,0,0,+0.00000,+0.00000,0.00000,0.00,0,+0.000,+0.00000,-24.389,-0.00367,-17.80,+0.00000,0,+0.00000,+0.00000,0.00000,+9.004,0,209.9,0.0
15.952634,3,0,0.257332,0.257332,0.2750,-0.01767,0,0,0,+0.00000,+0.00000,0.00000,0.00,0,+0.000,+0.00000,-24.390,-0.00367,-17.80,+0.00000,0,+0.00000,+0.00000,0.00000,+9.006,0,209.9,0.0
15.957180,3,0,0.257294,0.257294,0.2750,-0.01771,0,0,0,+0.00000,+0.00000,0.00000,0.00,0,+0.000,+0.00000,-24.390,-0.00367,-17.80,+0.00000,0,+0.00000,+0.00000,0.00000,+9.006,0,209.9,0.0
15.962584,3,0,0.257250,0.257250,0.2750,-0.01775,0,0,0,+0.00000,+0.00000,0.00000,0.00,0,+0.000,+0.00000,-24.392,-0.00367,-17.80,+0.00000,0,+0.00000,+0.00000,0.00000,+9.008,0,209.9,0.0
15.967634,3,0,0.257209,0.257209,0.2750,-0.01779,0,0,0,+0.00000,+0.00000,0.00000,0.00,0,+0.000,+0.00000,-24.392,-0.00367,-17.80,+0.00000,0,+0.00000,+0.00000,0.00000,+9.008,0,209.9,0.0
15.972365,3,0,0.257171,0.257171,0.2750,-0.01783,0,0,0,+0.00000,+0.00000,0.00000,0.00,0,+0.000,+0.00000,-24.394,-0.00367,-17.80,+0.00000,0,+0.00000,+0.00000,0.00000,+9.009,0,209.9,0.0
15.976910,3,0,0.257134,0.257134,0.2750,-0.01787,0,0,0,+0.00000,+0.00000,0.00000,0.00,0,+0.000,+0.00000,-24.394,-0.00367,-17.80,+0.00000,0,+0.00000,+0.00000,0.00000,+9.009,0,209.9,0.0
15.981622,3,0,0.257096,0.257096,0.2750,-0.01790,0,0,0,+0.00000,+0.00000,0.00000,0.00,0,+0.000,+0.00000,-24.396,-0.00367,-17.80,+0.00000,0,+0.00000,+0.00000,0.00000,+9.011,0,209.9,0.0
15.986155,3,0,0.257059,0.257059,0.2750,-0.01794,0,0,0,+0.00000,+0.00000,0.00000,0.00,0,+0.000,+0.00000,-24.398,-0.00367,-17.80,+0.00000,0,+0.00000,+0.00000,0.00000,+9.013,0,209.9,0.0
15.990935,3,0,0.257021,0.257021,0.2750,-0.01798,0,0,0,+0.00000,+0.00000,0.00000,0.00,0,+0.000,+0.00000,-24.398,-0.00367,-17.80,+0.00000,0,+0.00000,+0.00000,0.00000,+9.013,0,209.9,0.0
15.995504,3,0,0.256984,0.256984,0.2750,-0.01802,0,0,0,+0.00000,+0.00000,0.00000,0.00,0,+0.000,+0.00000,-24.400,-0.00367,-17.80,+0.00000,0,+0.00000,+0.00000,0.00000,+9.014,0,209.9,0.0
16.000588,3,0,0.256944,0.256944,0.2750,-0.01806,0,0,0,+0.00000,+0.00000,0.00000,0.00,0,+0.000,+0.00000,-24.400,-0.00367,-17.80,+0.00000,0,+0.00000,+0.00000,0.00000,+9.014,0,209.9,0.0
16.005089,3,0,0.256908,0.256908,0.2750,-0.01809,0,0,0,+0.00000,+0.00000,0.00000,0.00,0,+0.000,+0.00000,-24.402,-0.00367,-17.80,+0.00000,0,+0.00000,+0.00000,0.00000,+9.016,0,209.9,0.0
16.009607,3,0,0.256872,0.256872,0.2750,-0.01813,0,0,0,+0.00000,+0.00000,0.00000,0.00,0,+0.000,+0.00000,-24.402,-0.00367,-17.80,+0.00000,0,+0.00000,+0.00000,0.00000,+9.016,0,209.9,0.0
16.014280,3,0,0.256835,0.256835,0.2750,-0.01816,0,0,0,+0.00000,+0.00000,0.00000,0.00,0,+0.000,+0.00000,-24.404,-0.00367,-17.80,+0.00000,0,+0.00000,+0.00000,0.00000,+9.018,0,209.9,0.0
16.018692,3,0,0.256800,0.256800,0.2750,-0.01820,0,0,0,+0.00000,+0.00000,0.00000,0.00,0,+0.000,+0.00000,-24.404,-0.00367,-17.80,+0.00000,0,+0.00000,+0.00000,0.00000,+9.018,0,209.9,0.0
16.023256,3,0,0.256765,0.256765,0.2750,-0.01824,0,0,0,+0.00000,+0.00000,0.00000,0.00,0,+0.000,+0.00000,-24.405,-0.00367,-17.80,+0.00000,0,+0.00000,+0.00000,0.00000,+9.020,0,209.9,0.0
16.029298,3,0,0.256717,0.256717,0.2750,-0.01828,0,0,0,+0.00000,+0.00000,0.00000,0.00,0,+0.000,+0.00000,-24.407,-0.00367,-17.80,+0.00000,0,+0.00000,+0.00000,0.00000,+9.021,0,209.9,0.0
16.033961,3,0,0.256681,0.256681,0.2750,-0.01832,0,0,0,+0.00000,+0.00000,0.00000,0.00,0,+0.000,+0.00000,-24.407,-0.00367,-17.80,+0.00000,0,+0.00000,+0.00000,0.00000,+9.021,0,209.9,0.0
16.038456,3,0,0.256646,0.256646,0.2750,-0.01835,0,0,0,+0.00000,+0.00000,0.00000,0.00,0,+0.000,+0.00000,-24.409,-0.00367,-17.80,+0.00000,0,+0.00000,+0.00000,0.00000,+9.023,0,209.9,0.0
16.043003,3,0,0.256611,0.256611,0.2750,-0.01839,0,0,0,+0.00000,+0.00000,0.00000,0.00,0,+0.000,+0.00000,-24.409,-0.00367,-17.80,+0.00000,0,+0.00000,+0.00000,0.00000,+9.023,0,209.9,0.0
16.047513,3,0,0.256576,0.256576,0.2750,-0.01842,0,0,0,+0.00000,+0.00000,0.00000,0.00,0,+0.000,+0.00000,-24.411,-0.00367,-17.80,+0.00000,0,+0.00000,+0.00000,0.00000,+9.024,0,209.9,0.0
16.052105,3,0,0.256541,0.256541,0.2750,-0.01846,0,0,0,+0.00000,+0.00000,0.00000,0.00,0,+0.000,+0.00000,-24.412,-0.00367,-17.80,+0.00000,0,+0.00000,+0.00000,0.00000,+9.026,0,209.9,0.0
16.062870,3,0,0.256458,0.256458,0.2750,-0.01854,0,0,0,+0.00000,+0.00000,0.00000,0.00,0,+0.000,+0.00000,-24.415,-0.00367,-17.80,+0.00000,0,+0.00000,+0.00000,0.00000,+9.028,0,209.9,0.0
16.067678,3,0,0.256421,0.256421,0.2750,-0.01858,0,0,0,+0.00000,+0.00000,0.00000,0.00,0,+0.000,+0.00000,-24.415,-0.00367,-17.80,+0.00000,0,+0.00000,+0.00000,0.00000,+9.028,0,209.9,0.0
16.072233,3,0,0.256387,0.256387,0.2750,-0.01861,0,0,0,+0.00000,+0.00000,0.00000,0.00,0,+0.000,+0.00000,-24.416,-0.00367,-17.80,+0.00000,0,+0.00000,+0.00000,0.00000,+9.030,0,209.9,0.0
16.076899,3,0,0.256351,0.256351,0.2750,-0.01865,0,0,0,+0.00000,+0.00000,0.00000,0.00,0,+0.000,+0.00000,-24.416,-0.00367,-17.80,+0.00000,0,+0.00000,+0.00000,0.00000,+9.030,0,209.9,0.0
16.081446,3,0,0.256317,0.256317,0.2750,-0.01868,0,0,0,+0.00000,+0.00000,0.00000,0.00,0,+0.000,+0.00000,-24.418,-0.00367,-17.80,+0.00000,0,+0.00000,+0.00000,0.00000,+9.031,0,209.9,0.0
16.085976,3,0,0.256283,0.256283,0.2750,-0.01872,0,0,0,+0.00000,+0.00000,0.00000,0.00,0,+0.000,+0.00000,-24.418,-0.00367,-17.80,+0.00000,0,+0.00000,+0.00000,0.00000,+9.031,0,209.9,0.0
16.090546,3,0,0.256249,0.256249,0.2750,-0.01875,0,0,0,+0.00000,+0.00000,0.00000,0.00,0,+0.000,+0.00000,-24.420,-0.00367,-17.80,+0.00000,0,+0.00000,+0.00000,0.00000,+9.033,0,209.9,0.0
16.095195,3,0,0.256214,0.256214,0.2750,-0.01879,0,0,0,+0.00000,+0.00000,0.00000,0.00,0,+0.000,+0.00000,-24.422,-0.00367,-17.80,+0.00000,0,+0.00000,+0.00000,0.00000,+9.035,0,209.9,0.0
16.099874,3,0,0.256179,0.256179,0.2750,-0.01882,0,0,0,+0.00000,+0.00000,0.00000,0.00,0,+0.000,+0.00000,-24.422,-0.00367,-17.80,+0.00000,0,+0.00000,+0.00000,0.00000,+9.035,0,209.9,0.0
16.106433,3,0,0.256130,0.256130,0.2750,-0.01887,0,0,0,+0.00000,+0.00000,0.00000,0.00,0,+0.000,+0.00000,-24.424,-0.00367,-17.80,+0.00000,0,+0.00000,+0.00000,0.00000,+9.036,0,209.9,0.0
16.110948,3,0,0.256097,0.256097,0.2750,-0.01890,0,0,0,+0.00000,+0.00000,0.00000,0.00,0,+0.000,+0.00000,-24.424,-0.00367,-17.80,+0.00000,0,+0.00000,+0.00000,0.00000,+9.036,0,209.9,0.0
16.115509,3,0,0.256063,0.256063,0.2750,-0.01894,0,0,0,+0.00000,+0.00000,0.00000,0.00,0,+0.000,+0.00000,-24.426,-0.00367,-17.80,+0.00000,0,+0.00000,+0.00000,0.00000,+9.038,0,209.9,0.0
16.120320,3,0,0.256027,0.256027,0.2750,-0.01897,0,0,0,+0.00000,+0.00000,0.00000,0.00,0,+0.000,+0.00000,-24.427,-0.00367,-17.80,+0.00000,0,+0.00000,+0.00000,0.00000,+9.040,0,209.9,0.0
16.124958,3,0,0.255993,0.255993,0.2750,-0.01901,0,0,0,+0.00000,+0.00000,0.00000,0.00,0,+0.000,+0.00000,-24.427,-0.00367,-17.80,+0.00000,0,+0.00000,+0.00000,0.00000,+9.040,0,209.9,0.0
16.129334,3,0,0.255961,0.255961,0.2750,-0.01904,0,0,0,+0.00000,+0.00000,0.00000,0.00,0,+0.000,+0.00000,-24.429,-0.00367,-17.80,+0.00000,0,+0.00000,+0.00000,0.00000,+9.042,0,209.9,0.0
16.133883,3,0,0.255928,0.255928,0.2750,-0.01907,0,0,0,+0.00000,+0.00000,0.00000,0.00,0,+0.000,+0.00000,-24.429,-0.00367,-17.80,+0.00000,0,+0.00000,+0.00000,0.00000,+9.042,0,209.9,0.0
16.141410,3,0,0.255873,0.255873,0.2750,-0.01913,0,0,0,+0.00000,+0.00000,0.00000,0.00,0,+0.000,+0.00000,-24.432,-0.00367,-17.80,+0.00000,0,+0.00000,+0.00000,0.00000,+9.044,0,209.9,0.0
16.146025,3,0,0.255840,0.255840,0.2750,-0.01916,0,0,0,+0.00000,+0.00000,0.00000,0.00,0,+0.000,+0.00000,-24.432,-0.00367,-17.80,+0.00000,0,+0.00000,+0.00000,0.00000,+9.044,0,209.9,0.0
16.150679,3,0,0.255806,0.255806,0.2750,-0.01919,0,0,0,+0.00000,+0.00000,0.00000,0.00,0,+0.000,+0.00000,-24.434,-0.00367,-17.80,+0.00000,0,+0.00000,+0.00000,0.00000,+9.045,0,209.9,0.0
16.155238,3,0,0.255774,0.255774,0.2750,-0.01923,0,0,0,+0.00000,+0.00000,0.00000,0.00,0,+0.000,+0.00000,-24.434,-0.00367,-17.80,+0.00000,0,+0.00000,+0.00000,0.00000,+9.045,0,209.9,0.0
16.160457,3,0,0.255736,0.255736,0.2750,-0.01926,0,0,0,+0.00000,+0.00000,0.00000,0.00,0,+0.000,+0.00000,-24.435,-0.00367,-17.80,+0.00000,0,+0.00000,+0.00000,0.00000,+9.047,0,209.9,0.0
16.165890,3,0,0.255697,0.255697,0.2750,-0.01930,0,0,0,+0.00000,+0.00000,0.00000,0.00,0,+0.000,+0.00000,-24.437,-0.00367,-17.80,+0.00000,0,+0.00000,+0.00000,0.00000,+9.049,0,209.9,0.0
16.170297,3,0,0.255666,0.255666,0.2750,-0.01933,0,0,0,+0.00000,+0.00000,0.00000,0.00,0,+0.000,+0.00000,-24.437,-0.00367,-17.80,+0.00000,0,+0.00000,+0.00000,0.00000,+9.049,0,209.9,0.0
16.174872,3,0,0.255634,0.255634,0.2750,-0.01937,0,0,0,+0.00000,+0.00000,0.00000,0.00,0,+0.000,+0.00000,-24.439,-0.00367,-17.80,+0.00000,0,+0.00000,+0.00000,0.00000,+9.050,0,209.9,0.0
16.179407,3,0,0.255601,0.255601,0.2750,-0.01940,0,0,0,+0.00000,+0.00000,0.00000,0.00,0,+0.000,+0.00000,-24.439,-0.00367,-17.80,+0.00000,0,+0.00000,+0.00000,0.00000,+9.050,0,209.9,0.0
16.183934,3,0,0.255570,0.255570,0.2750,-0.01943,0,0,0,+0.00000,+0.00000,0.00000,0.00,0,+0.000,+0.00000,-24.441,-0.00367,-17.80,+0.00000,0,+0.00000,+0.00000,0.00000,+9.052,0,209.9,0.0
16.188660,3,0,0.255536,0.255536,0.2750,-0.01946,0,0,0,+0.00000,+0.00000,0.00000,0.00,0,+0.000,+0.00000,-24.442,-0.00367,-17.80,+0.00000,0,+0.00000,+0.00000,0.00000,+9.054,0,209.9,0.0
16.194557,3,0,0.255495,0.255495,0.2750,-0.01951,0,0,0,+0.00000,+0.00000,0.00000,0.00,0,+0.000,+0.00000,-24.442,-0.00367,-17.80,+0.00000,0,+0.00000,+0.00000,0.00000,+9.054,0,209.9,0.0
16.199082,3,0,0.255463,0.255463,0.2750,-0.01954,0,0,0,+0.00000,+0.00000,0.00000,0.00,0,+0.000,+0.00000,-24.444,-0.00367,-17.80,+0.00000,0,+0.00000,+0.00000,0.00000,+9.055,0,209.9,0.0
16.203607,3,0,0.255432,0.255432,0.2750,-0.01957,0,0,0,+0.00000,+0.00000,0.00000,0.00,0,+0.000,+0.00000,-24.444,-0.00367,-17.80,+0.00000,0,+0.00000,+0.00000,0.00000,+9.055,0,209.9,0.0
16.208677,3,0,0.255397,0.255397,0.2750,-0.01960,0,0,0,+0.00000,+0.00000,0.00000,0.00,0,+0.000,+0.00000,-24.446,-0.00367,-17.80,+0.00000,0,+0.00000,+0.00000,0.00000,+9.057,0,209.9,0.0
16.213047,3,0,0.255366,0.255366,0.2750,-0.01963,0,0,0,+0.00000,+0.00000,0.00000,0.00,0,+0.000,+0.00000,-24.448,-0.00367,-17.80,+0.00000,0,+0.00000,+0.00000,0.00000,+9.059,0,209.9,0.0
16.217592,3,0,0.255335,0.255335,0.2750,-0.01966,0,0,0,+0.00000,+0.00000,0.00000,0.00,0,+0.000,+0.00000,-24.448,-0.00367,-17.80,+0.00000,0,+0.00000,+0.00000,0.00000,+9.059,0,209.9,0.0
16.222722,3,0,0.255300,0.255300,0.2750,-0.01970,0,0,0,+0.00000,+0.00000,0.00000,0.00,0,+0.000,+0.00000,-24.450,-0.00367,-17.80,+0.00000,0,+0.00000,+0.00000,0.00000,+9.060,0,209.9,0.0
16.227151,3,0,0.255269,0.255269,0.2750,-0.01973,0,0,0,+0.00000,+0.00000,0.00000,0.00,0,+0.000,+0.00000,-24.450,-0.00367,-17.80,+0.00000,0,+0.00000,+0.00000,0.00000,+9.060,0,209.9,0.0
16.232716,3,0,0.255231,0.255231,0.2750,-0.01977,0,0,0,+0.00000,+0.00000,0.00000,0.00,0,+0.000,+0.00000,-24.452,-0.00367,-17.80,+0.00000,0,+0.00000,+0.00000,0.00000,+9.062,0,209.9,0.0
16.237135,3,0,0.255201,0.255201,0.2750,-0.01980,0,0,0,+0.00000,+0.00000,0.00000,0.00,0,+0.000,+0.00000,-24.452,-0.00367,-17.80,+0.00000,0,+0.00000,+0.00000,0.00000,+9.062,0,209.9,0.0
16.241649,3,0,0.255171,0.255171,0.2750,-0.01983,0,0,0,+0.00000,+0.00000,0.00000,0.00,0,+0.000,+0.00000,-24.454,-0.00367,-17.80,+0.00000,0,+0.00000,+0.00000,0.00000,+9.064,0,209.9,0.0
16.246269,3,0,0.255139,0.255139,0.2750,-0.01986,0,0,0,+0.00000,+0.00000,0.00000,0.00,0,+0.000,+0.00000,-24.454,-0.00367,-17.80,+0.00000,0,+0.00000,+0.00000,0.00000,+9.064,0,209.9,0.0
16.250720,3,0,0.255109,0.255109,0.2750,-0.01989,0,0,0,+0.00000,+0.00000,0.00000,0.00,0,+0.000,+0.00000,-24.456,-0.00367,-17.80,+0.00000,0,+0.00000,+0.00000,0.00000,+9.066,0,209.9,0.0
16.255436,3,0,0.255078,0.255078,0.2750,-0.01992,0,0,0,+0.00000,+0.00000,0.00000,0.00,0,+0.000,+0.00000,-24.456,-0.00367,-17.80,+0.00000,0,+0.00000,+0.00000,0.00000,+9.066,0,209.9,0.0
16.260918,3,0,0.255041,0.255041,0.2750,-0.01996,0,0,0,+0.00000,+0.00000,0.00000,0.00,0,+0.000,+0.00000,-24.458,-0.00367,-17.80,+0.00000,0,+0.00000,+0.00000,0.00000,+9.068,0,209.9,0.0
16.265408,3,0,0.255011,0.255011,0.2750,-0.01999,0,0,0,+0.00000,+0.00000,0.00000,0.00,0,+0.000,+0.00000,-24.459,-0.00367,-17.80,+0.00000,0,+0.00000,+0.00000,0.00000,+9.069,0,209.9,0.0
16.270479,3,0,0.254977,0.254977,0.2750,-0.02002,0,0,0,+0.00000,+0.00000,0.00000,0.00,0,+0.000,+0.00000,-24.459,-0.00367,-17.80,+0.00000,0,+0.00000,+0.00000,0.00000,+9.069,0,209.9,0.0
16.275012,3,0,0.254947,0.254947,0.2750,-0.02005,0,0,0,+0.00000,+0.00000,0.00000,0.00,0,+0.000,+0.00000,-24.461,-0.00367,-17.80,+0.00000,0,+0.00000,+0.00000,0.00000,+9.071,0,209.9,0.0
16.279563,3,0,0.254917,0.254917,0.2750,-0.02008,0,0,0,+0.00000,+0.00000,0.00000,0.00,0,+0.000,+0.00000,-24.461,-0.00367,-17.80,+0.00000,0,+0.00000,+0.00000,0.00000,+9.071,0,209.9,0.0
16.283926,3,0,0.254888,0.254888,0.2750,-0.02011,0,0,0,+0.00000,+0.00000,0.00000,0.00,0,+0.000,+0.00000,-24.463,-0.00367,-17.80,+0.00000,0,+0.00000,+0.00000,0.00000,+9.073,0,209.9,0.0
16.291908,3,0,0.254835,0.254835,0.2750,-0.02016,0,0,0,+0.00000,+0.00000,0.00000,0.00,0,+0.000,+0.00000,-24.463,-0.00367,-17.80,+0.00000,0,+0.00000,+0.00000,0.00000,+9.073,0,209.9,0.0
16.296986,3,0,0.254802,0.254802,0.2750,-0.02020,0,0,0,+0.00000,+0.00000,0.00000,0.00,0,+0.000,+0.00000,-24.466,-0.00367,-17.80,+0.00000,0,+0.00000,+0.00000,0.00000,+9.075,0,209.9,0.0
16.301519,3,0,0.254773,0.254773,0.2750,-0.02023,0,0,0,+0.00000,+0.00000,0.00000,0.00,0,+0.000,+0.00000,-24.467,-0.00367,-17.80,+0.00000,0,+0.00000,+0.00000,0.00000,+9.077,0,209.9,0.0
16.306063,3,0,0.254743,0.254743,0.2750,-0.02026,0,0,0,+0.00000,+0.00000,0.00000,0.00,0,+0.000,+0.00000,-24.467,-0.00367,-17.80,+0.00000,0,+0.00000,+0.00000,0.00000,+9.077,0,209.9,0.0
16.310578,3,0,0.254714,0.254714,0.2750,-0.02029,0,0,0,+0.00000,+0.00000,0.00000,0.00,0,+0.000,+0.00000,-24.469,-0.00367,-17.80,+0.00000,0,+0.00000,+0.00000,0.00000,+9.078,0,209.9,0.0
16.315112,3,0,0.254684,0.254684,0.2750,-0.02032,0,0,0,+0.00000,+0.00000,0.00000,0.00,0,+0.000,+0.00000,-24.469,-0.00367,-17.80,+0.00000,0,+0.00000,+0.00000,0.00000,+9.078,0,209.9,0.0
16.319674,3,0,0.254655,0.254655,0.2750,-0.02034,0,0,0,+0.00000,+0.00000,0.00000,0.00,0,+0.000,+0.00000,-24.471,-0.00367,-17.80,+0.00000,0,+0.00000,+0.00000,0.00000,+9.080,0,209.9,0.0
16.324037,3,0,0.254627,0.254627,0.2750,-0.02037,0,0,0,+0.00000,+0.00000,0.00000,0.00,0,+0.000,+0.00000,-24.471,-0.00367,-17.80,+0.00000,0,+0.00000,+0.00000,0.00000,+9.080,0,209.9,0.0
16.328625,3,0,0.254598,0.254598,0.2750,-0.02040,0,0,0,+0.00000,+0.00000,0.00000,0.00,0,+0.000,+0.00000,-24.473,-0.00367,-17.80,+0.00000,0,+0.00000,+0.00000,0.00000,+9.082,0,209.9,0.0
16.333117,3,0,0.254569,0.254569,0.2750,-0.02043,0,0,0,+0.00000,+0.00000,0.00000,0.00,0,+0.000,+0.00000,-24.473,-0.00367,-17.80,+0.00000,0,+0.00000,+0.00000,0.00000,+9.082,0,209.9,0.0
16.337688,3,0,0.254540,0.254540,0.2750,-0.02046,0,0,0,+0.00000,+0.00000,0.00000,0.00,0,+0.000,+0.00000,-24.475,-0.00367,-17.80,+0.00000,0,+0.00000,+0.00000,0.00000,+9.083,0,203.1,0.0
16.343780,3,0,0.254501,0.254501,0.2750,-0.02050,0,0,0,+0.00000,+0.00000,0.00000,0.00,0,+0.000,+0.00000,-24.477,-0.00367,-17.80,+0.00000,0,+0.00000,+0.00000,0.00000,+9.085,0,203.1,0.0
16.348173,3,0,0.254473,0.254473,0.2750,-0.02053,0,0,0,+0.00000,+0.00000,0.00000,0.00,0,+0.000,+0.00000,-24.477,-0.00367,-17.80,+0.00000,0,+0.00000,+0.00000,0.00000,+9.085,0,203.1,0.0
16.352704,3,0,0.254445,0.254445,0.2750,-0.02056,0,0,0,+0.00000,+0.00000,0.00000,0.00,0,+0.000,+0.00000,-24.478,-0.00367,-17.80,+0.00000,0,+0.00000,+0.00000,0.00000,+9.087,0,203.1,0.0
16.357326,3,0,0.254416,0.254416,0.2750,-0.02058,0,0,0,+0.00000,+0.00000,0.00000,0.00,0,+0.000,+0.00000,-24.478,-0.00367,-17.80,+0.00000,0,+0.00000,+0.00000,0.00000,+9.087,0,203.1,0.0
16.361769,3,0,0.254388,0.254388,0.2750,-0.02061,0,0,0,+0.00000,+0.00000,0.00000,0.00,0,+0.000,+0.00000,-24.480,-0.00367,-17.80,+0.00000,0,+0.00000,+0.00000,0.00000,+9.088,0,203.1,0.0
16.370918,3,0,0.254331,0.254331,0.2750,-0.02067,0,0,0,+0.00000,+0.00000,0.00000,0.00,0,+0.000,+0.00000,-24.483,-0.00367,-17.80,+0.00000,0,+0.00000,+0.00000,0.00000,+9.091,0,203.1,0.0
16.375503,3,0,0.254302,0.254302,0.2750,-0.02070,0,0,0,+0.00000,+0.00000,0.00000,0.00,0,+0.000,+0.00000,-24.483,-0.00367,-17.80,+0.00000,0,+0.00000,+0.00000,0.00000,+9.091,0,203.1,0.0
16.379999,3,0,0.254274,0.254274,0.2750,-0.02073,0,0,0,+0.00000,+0.00000,0.00000,0.00,0,+0.000,+0.00000,-24.484,-0.00367,-17.80,+0.00000,0,+0.00000,+0.00000,0.00000,+9.092,0,203.1,0.0
16.384338,3,0,0.254248,0.254248,0.2750,-0.02075,0,0,0,+0.00000,+0.00000,0.00000,0.00,0,+0.000,+0.00000,-24.486,-0.00367,-17.80,+0.00000,0,+0.00000,+0.00000,0.00000,+9.093,0,203.1,0.0
16.388952,3,0,0.254219,0.254219,0.2750,-0.02078,0,0,0,+0.00000,+0.00000,0.00000,0.00,0,+0.000,+0.00000,-24.486,-0.00367,-17.80,+0.00000,0,+0.00000,+0.00000,0.00000,+9.093,0,203.1,0.0
16.393575,3,0,0.254191,0.254191,0.2750,-0.02081,0,0,0,+0.00000,+0.00000,0.00000,0.00,0,+0.000,+0.00000,-24.488,-0.00367,-17.80,+0.00000,0,+0.00000,+0.00000,0.00000,+9.095,0,203.1,0.0
16.397881,3,0,0.254165,0.254165,0.2750,-0.02084,0,0,0,+0.00000,+0.00000,0.00000,0.00,0,+0.000,+0.00000,-24.488,-0.00367,-17.80,+0.00000,0,+0.00000,+0.00000,0.00000,+9.095,0,203.1,0.0
16.402453,3,0,0.254137,0.254137,0.2750,-0.02086,0,0,0,+0.00000,+0.00000,0.00000,0.00,0,+0.000,+0.00000,-24.488,-0.00367,-17.80,+0.00000,0,+0.00000,+0.00000,0.00000,+9.095,0,203.1,0.0
16.407211,3,0,0.254108,0.254108,0.2750,-0.02089,0,0,0,+0.00000,+0.00000,0.00000,0.00,0,+0.000,+0.00000,-24.490,-0.00367,-17.80,+0.00000,0,+0.00000,+0.00000,0.00000,+9.097,0,203.1,0.0
16.411759,3,0,0.254080,0.254080,0.2750,-0.02092,0,0,0,+0.00000,+0.00000,0.00000,0.00,0,+0.000,+0.00000,-24.492,-0.00367,-17.80,+0.00000,0,+0.00000,+0.00000,0.00000,+9.099,0,203.1,0.0
16.416283,3,0,0.254053,0.254053,0.2750,-0.02095,0,0,0,+0.00000,+0.00000,0.00000,0.00,0,+0.000,+0.00000,-24.492,-0.00367,-17.80,+0.00000,0,+0.00000,+0.00000,0.00000,+9.099,0,203.1,0.0
16.420904,3,0,0.254025,0.254025,0.2750,-0.02098,0,0,0,+0.00000,+0.00000,0.00000,0.00,0,+0.000,+0.00000,-24.494,-0.00367,-17.80,+0.00000,0,+0.00000,+0.00000,0.00000,+9.100,0,203.1,0.0
16.425379,3,0,0.253998,0.253998,0.2750,-0.02100,0,0,0,+0.00000,+0.00000,0.00000,0.00,0,+0.000,+0.00000,-24.494,-0.00367,-17.80,+0.00000,0,+0.00000,+0.00000,0.00000,+9.100,0,203.1,0.0
16.437167,3,0,0.253928,0.253928,0.2750,-0.02107,0,0,0,+0.00000,+0.00000,0.00000,0.00,0,+0.000,+0.00000,-24.498,-0.00367,-17.80,+0.00000,0,+0.00000,+0.00000,0.00000,+9.104,0,203.1,0.0
16.441698,3,0,0.253901,0.253901,0.2750,-0.02110,0,0,0,+0.00000,+0.00000,0.00000,0.00,0,+0.000,+0.00000,-24.498,-0.00367,-17.80,+0.00000,0,+0.00000,+0.00000,0.00000,+9.104,0,203.1,0.0
16.446679,3,0,0.253871,0.253871,0.2750,-0.02113,0,0,0,+0.00000,+0.00000,0.00000,0.00,0,+0.000,+0.00000,-24.500,-0.00367,-17.80,+0.00000,0,+0.00000,+0.00000,0.00000,+9.106,0,203.1,0.0
16.451207,3,0,0.253844,0.253844,0.2750,-0.02116,0,0,0,+0.00000,+0.00000,0.00000,0.00,0,+0.000,+0.00000,-24.500,-0.00367,-17.80,+0.00000,0,+0.00000,+0.00000,0.00000,+9.106,0,203.1,0.0
16.455760,3,0,0.253818,0.253818,0.2750,-0.02118,0,0,0,+0.00000,+0.00000,0.00000,0.00,0,+0.000,+0.00000,-24.501,-0.00367,-17.80,+0.00000,0,+0.00000,+0.00000,0.00000,+9.108,0,203.1,0.0
16.461946,3,0,0.253781,0.253781,0.2750,-0.02122,0,0,0,+0.00000,+0.00000,0.00000,0.00,0,+0.000,+0.00000,-24.501,-0.00367,-17.80,+0.00000,0,+0.00000,+0.00000,0.00000,+9.108,0,203.1,0.0
16.466624,3,0,0.253754,0.253754,0.2750,-0.02125,0,0,0,+0.00000,+0.00000,0.00000,0.00,0,+0.000,+0.00000,-24.503,-0.00367,-17.80,+0.00000,0,+0.00000,+0.00000,0.00000,+9.109,0,203.1,0.0
16.471197,3,0,0.253727,0.253727,0.2750,-0.02127,0,0,0,+0.00000,+0.00000,0.00000,0.00,0,+0.000,+0.00000,-24.503,-0.00367,-17.80,+0.00000,0,+0.00000,+0.00000,0.00000,+9.109,0,203.1,0.0
16.475758,3,0,0.253701,0.253701,0.2750,-0.02130,0,0,0,+0.00000,+0.00000,0.00000,0.00,0,+0.000,+0.00000,-24.506,-0.00367,-17.80,+0.00000,0,+0.00000,+0.00000,0.00000,+9.111,0,203.1,0.0
16.480269,3,0,0.253675,0.253675,0.2750,-0.02133,0,0,0,+0.00000,+0.00000,0.00000,0.00,0,+0.000,+0.00000,-24.507,-0.00367,-17.80,+0.00000,0,+0.00000,+0.00000,0.00000,+9.113,0,203.1,0.0
16.484938,3,0,0.253648,0.253648,0.2750,-0.02135,0,0,0,+0.00000,+0.00000,0.00000,0.00,0,+0.000,+0.00000,-24.507,-0.00367,-17.80,+0.00000,0,+0.00000,+0.00000,0.00000,+9.113,0,203.1,0.0
16.489315,3,0,0.253623,0.253623,0.2750,-0.02138,0,0,0,+0.00000,+0.00000,0.00000,0.00,0,+0.000,+0.00000,-24.509,-0.00367,-17.80,+0.00000,0,+0.00000,+0.00000,0.00000,+9.115,0,203.1,0.0
16.493818,3,0,0.253597,0.253597,0.2750,-0.02140,0,0,0,+0.00000,+0.00000,0.00000,0.00,0,+0.000,+0.00000,-24.509,-0.00367,-17.80,+0.00000,0,+0.00000,+0.00000,0.00000,+9.115,0,203.1,0.0
16.498339,3,0,0.253571,0.253571,0.2750,-0.02143,0,0,0,+0.00000,+0.00000,0.00000,0.00,0,+0.000,+0.00000,-24.511,-0.00367,-17.80,+0.00000,0,+0.00000,+0.00000,0.00000,+9.116,0,203.1,0.0
16.502533,3,0,0.253547,0.253547,0.2750,-0.02145,0,0,0,+0.00000,+0.00000,0.00000,0.00,0,+0.000,+0.00000,-24.511,-0.00367,-17.80,+0.00000,0,+0.00000,+0.00000,0.00000,+9.116,0,203.1,0.0
16.506855,3,0,0.253522,0.253522,0.2750,-0.02148,0,0,0,+0.00000,+0.00000,0.00000,0.00,0,+0.000,+0.00000,-24.513,-0.00367,-17.80,+0.00000,0,+0.00000,+0.00000,0.00000,+9.118,0,203.1,0.0
16.511452,3,0,0.253496,0.253496,0.2750,-0.02150,0,0,0,+0.00000,+0.00000,0.00000,0.00,0,+0.000,+0.00000,-24.513,-0.00367,-17.80,+0.00000,0,+0.00000,+0.00000,0.00000,+9.118,0,203.1,0.0
16.515651,3,0,0.253473,0.253473,0.2750,-0.02153,0,0,0,+0.00000,+0.00000,0.00000,0.00,0,+0.000,+0.00000,-24.515,-0.00367,-17.80,+0.00000,0,+0.00000,+0.00000,0.00000,+9.120,0,203.1,0.0
16.520705,3,0,0.253444,0.253444,0.2750,-0.02156,0,0,0,+0.00000,+0.00000,0.00000,0.00,0,+0.000,+0.00000,-24.515,-0.00367,-17.80,+0.00000,0,+0.00000,+0.00000,0.00000,+9.120,0,203.1,0.0
16.525245,3,0,0.253419,0.253419,0.2750,-0.02158,0,0,0,+0.00000,+0.00000,0.00000,0.00,0,+0.000,+0.00000,-24.517,-0.00367,-17.80,+0.00000,0,+0.00000,+0.00000,0.00000,+9.122,0,203.1,0.0
16.529783,3,0,0.253393,0.253393,0.2750,-0.02161,0,0,0,+0.00000,+0.00000,0.00000,0.00,0,+0.000,+0.00000,-24.517,-0.00367,-17.80,+0.00000,0,+0.00000,+0.00000,0.00000,+9.122,0,203.1,0.0
16.535125,3,0,0.253363,0.253363,0.2750,-0.02164,0,0,0,+0.00000,+0.00000,0.00000,0.00,0,+0.000,+0.00000,-24.519,-0.00367,-17.80,+0.00000,0,+0.00000,+0.00000,0.00000,+9.124,0,203.1,0.0
16.539344,3,0,0.253340,0.253340,0.2750,-0.02166,0,0,0,+0.00000,+0.00000,0.00000,0.00,0,+0.000,+0.00000,-24.519,-0.00367,-17.80,+0.00000,0,+0.00000,+0.00000,0.00000,+9.124,0,203.1,0.0
16.544062,3,0,0.253314,0.253314,0.2750,-0.02169,0,0,0,+0.00000,+0.00000,0.00000,0.00,0,+0.000,+0.00000,-24.521,-0.00367,-17.80,+0.00000,0,+0.00000,+0.00000,0.00000,+9.126,0,203.1,0.0
16.548391,3,0,0.253290,0.253290,0.2750,-0.02171,0,0,0,+0.00000,+0.00000,0.00000,0.00,0,+0.000,+0.00000,-24.521,-0.00367,-17.80,+0.00000,0,+0.00000,+0.00000,0.00000,+9.126,0,203.1,0.0
16.553028,3,0,0.253264,0.253264,0.2750,-0.02174,0,0,0,+0.00000,+0.00000,0.00000,0.00,0,+0.000,+0.00000,-24.523,-0.00367,-17.80,+0.00000,0,+0.00000,+0.00000,0.00000,+9.127,0,203.1,0.0
16.557475,3,0,0.253240,0.253240,0.2750,-0.02176,0,0,0,+0.00000,+0.00000,0.00000,0.00,0,+0.000,+0.00000,-24.523,-0.00367,-17.80,+0.00000,0,+0.00000,+0.00000,0.00000,+9.127,0,203.1,0.0
16.562052,3,0,0.253214,0.253214,0.2750,-0.02179,0,0,0,+0.00000,+0.00000,0.00000,0.00,0,+0.000,+0.00000,-24.524,-0.00367,-17.80,+0.00000,0,+0.00000,+0.00000,0.00000,+9.129,0,203.1,0.0
16.566762,3,0,0.253189,0.253189,0.2750,-0.02181,0,0,0,+0.00000,+0.00000,0.00000,0.00,0,+0.000,+0.00000,-24.526,-0.00367,-17.80,+0.00000,0,+0.00000,+0.00000,0.00000,+9.130,0,203.1,0.0
16.573695,3,0,0.253151,0.253151,0.2750,-0.02185,0,0,0,+0.00000,+0.00000,0.00000,0.00,0,+0.000,+0.00000,-24.526,-0.00367,-17.80,+0.00000,0,+0.00000,+0.00000,0.00000,+9.130,0,203.1,0.0
16.578236,3,0,0.253126,0.253126,0.2750,-0.02187,0,0,0,+0.00000,+0.00000,0.00000,0.00,0,+0.000,+0.00000,-24.528,-0.00367,-17.80,+0.00000,0,+0.00000,+0.00000,0.00000,+9.132,0,203.1,0.0
16.582753,3,0,0.253102,0.253102,0.2750,-0.02190,0,0,0,+0.00000,+0.00000,0.00000,0.00,0,+0.000,+0.00000,-24.528,-0.00367,-17.80,+0.00000,0,+0.00000,+0.00000,0.00000,+9.132,0,203.1,0.0
16.587790,3,0,0.253075,0.253075,0.2750,-0.02193,0,0,0,+0.00000,+0.00000,0.00000,0.00,0,+0.000,+0.00000,-24.530,-0.00367,-17.80,+0.00000,0,+0.00000,+0.00000,0.00000,+9.134,0,203.1,0.0
16.592337,3,0,0.253050,0.253050,0.2750,-0.02195,0,0,0,+0.00000,+0.00000,0.00000,0.00,0,+0.000,+0.00000,-24.532,-0.00367,-17.80,+0.00000,0,+0.00000,+0.00000,0.00000,+9.135,0,203.1,0.0
16.612590,3,0,0.252942,0.252942,0.2750,-0.02206,0,0,0,+0.00000,+0.00000,0.00000,0.00,0,+0.000,+0.00000,-24.532,-0.00367,-17.80,+0.00000,0,+0.00000,+0.00000,0.00000,+9.135,0,203.1,0.0
16.618116,3,0,0.252913,0.252913,0.2750,-0.02209,0,0,0,+0.00000,+0.00000,0.00000,0.00,0,+0.000,+0.00000,-24.537,-0.00367,-17.80,+0.00000,0,+0.00000,+0.00000,0.00000,+9.140,0,203.1,0.0
16.623057,3,0,0.252887,0.252887,0.2750,-0.02211,0,0,0,+0.00000,+0.00000,0.00000,0.00,0,+0.000,+0.00000,-24.539,-0.00367,-17.80,+0.00000,0,+0.00000,+0.00000,0.00000,+9.142,0,203.1,0.0
16.627430,3,0,0.252864,0.252864,0.2750,-0.02214,0,0,0,+0.00000,+0.00000,0.00000,0.00,0,+0.000,+0.00000,-24.539,-0.00367,-17.80,+0.00000,0,+0.00000,+0.00000,0.00000,+9.142,0,203.1,0.0
16.633082,3,0,0.252835,0.252835,0.2750,-0.02217,0,0,0,+0.00000,+0.00000,0.00000,0.00,0,+0.000,+0.00000,-24.541,-0.00367,-17.80,+0.00000,0,+0.00000,+0.00000,0.00000,+9.144,0,203.1,0.0
16.637509,3,0,0.252811,0.252811,0.2750,-0.02219,0,0,0,+0.00000,+0.00000,0.00000,0.00,0,+0.000,+0.00000,-24.541,-0.00367,-17.80,+0.00000,0,+0.00000,+0.00000,0.00000,+9.144,0,203.1,0.0
16.642127,3,0,0.252787,0.252787,0.2750,-0.02221,0,0,0,+0.00000,+0.00000,0.00000,0.00,0,+0.000,+0.00000,-24.543,-0.00367,-17.80,+0.00000,0,+0.00000,+0.00000,0.00000,+9.146,0,203.1,0.0
16.646693,3,0,0.252764,0.252764,0.2750,-0.02224,0,0,0,+0.00000,+0.00000,0.00000,0.00,0,+0.000,+0.00000,-24.543,-0.00367,-17.80,+0.00000,0,+0.00000,+0.00000,0.00000,+9.146,0,203.1,0.0
16.651157,3,0,0.252741,0.252741,0.2750,-0.02226,0,0,0,+0.00000,+0.00000,0.00000,0.00,0,+0.000,+0.00000,-24.545,-0.00367,-17.80,+0.00000,0,+0.00000,+0.00000,0.00000,+9.147,0,203.1,0.0
16.655673,3,0,0.252717,0.252717,0.2750,-0.02228,0,0,0,+0.00000,+0.00000,0.00000,0.00,0,+0.000,+0.00000,-24.545,-0.00367,-17.80,+0.00000,0,+0.00000,+0.00000,0.00000,+9.147,0,203.1,0.0
16.660529,3,0,0.252693,0.252693,0.2750,-0.02231,0,0,0,+0.00000,+0.00000,0.00000,0.00,0,+0.000,+0.00000,-24.547,-0.00367,-17.80,+0.00000,0,+0.00000,+0.00000,0.00000,+9.149,0,203.1,0.0
16.665521,3,0,0.252667,0.252667,0.2750,-0.02233,0,0,0,+0.00000,+0.00000,0.00000,0.00,0,+0.000,+0.00000,-24.547,-0.00367,-17.80,+0.00000,0,+0.00000,+0.00000,0.00000,+9.149,0,203.1,0.0
16.670332,3,0,0.252642,0.252642,0.2750,-0.02236,0,0,0,+0.00000,+0.00000,0.00000,0.00,0,+0.000,+0.00000,-24.548,-0.00367,-17.80,+0.00000,0,+0.00000,+0.00000,0.00000,+9.151,0,203.1,0.0
16.675221,3,0,0.252618,0.252618,0.2750,-0.02238,0,0,0,+0.00000,+0.00000,0.00000,0.00,0,+0.000,+0.00000,-24.550,-0.00367,-17.80,+0.00000,0,+0.00000,+0.00000,0.00000,+9.152,0,203.1,0.0
16.679755,3,0,0.252595,0.252595,0.2750,-0.02241,0,0,0,+0.00000,+0.00000,0.00000,0.00,0,+0.000,+0.00000,-24.550,-0.00367,-17.80,+0.00000,0,+0.00000,+0.00000,0.00000,+9.152,0,203.1,0.0
16.684223,3,0,0.252572,0.252572,0.2750,-0.02243,0,0,0,+0.00000,+0.00000,0.00000,0.00,0,+0.000,+0.00000,-24.552,-0.00367,-17.80,+0.00000,0,+0.00000,+0.00000,0.00000,+9.154,0,203.1,0.0
16.689235,3,0,0.252547,0.252547,0.2750,-0.02245,0,0,0,+0.00000,+0.00000,0.00000,0.00,0,+0.000,+0.00000,-24.552,-0.00367,-17.80,+0.00000,0,+0.00000,+0.00000,0.00000,+9.154,0,203.1,0.0
16.693975,3,0,0.252523,0.252523,0.2750,-0.02248,0,0,0,+0.00000,+0.00000,0.00000,0.00,0,+0.000,+0.00000,-24.554,-0.00367,-17.80,+0.00000,0,+0.00000,+0.00000,0.00000,+9.156,0,203.1,0.0
16.698588,3,0,0.252500,0.252500,0.2750,-0.02250,0,0,0,+0.00000,+0.00000,0.00000,0.00,0,+0.000,+0.00000,-24.554,-0.00367,-17.80,+0.00000,0,+0.00000,+0.00000,0.00000,+9.156,0,203.1,0.0
16.703183,3,0,0.252477,0.252477,0.2750,-0.02252,0,0,0,+0.00000,+0.00000,0.00000,0.00,0,+0.000,+0.00000,-24.556,-0.00367,-17.80,+0.00000,0,+0.00000,+0.00000,0.00000,+9.158,0,203.1,0.0
16.707786,3,0,0.252454,0.252454,0.2750,-0.02255,0,0,0,+0.00000,+0.00000,0.00000,0.00,0,+0.000,+0.00000,-24.558,-0.00367,-17.80,+0.00000,0,+0.00000,+0.00000,0.00000,+9.159,0,203.1,0.0
16.712314,3,0,0.252431,0.252431,0.2750,-0.02257,0,0,0,+0.00000,+0.00000,0.00000,0.00,0,+0.000,+0.00000,-24.558,-0.00367,-17.80,+0.00000,0,+0.00000,+0.00000,0.00000,+9.159,0,203.1,0.0
16.716891,3,0,0.252409,0.252409,0.2750,-0.02259,0,0,0,+0.00000,+0.00000,0.00000,0.00,0,+0.000,+0.00000,-24.560,-0.00367,-17.80,+0.00000,0,+0.00000,+0.00000,0.00000,+9.161,0,203.1,0.0
16.722151,3,0,0.252383,0.252383,0.2750,-0.02262,0,0,0,+0.00000,+0.00000,0.00000,0.00,0,+0.000,+0.00000,-24.560,-0.00367,-17.80,+0.00000,0,+0.00000,+0.00000,0.00000,+9.161,0,203.1,0.0
16.726794,3,0,0.252360,0.252360,0.2750,-0.02264,0,0,0,+0.00000,+0.00000,0.00000,0.00,0,+0.000,+0.00000,-24.562,-0.00367,-17.80,+0.00000,0,+0.00000,+0.00000,0.00000,+9.163,0,203.1,0.0
16.731349,3,0,0.252338,0.252338,0.2750,-0.02266,0,0,0,+0.00000,+0.00000,0.00000,0.00,0,+0.000,+0.00000,-24.562,-0.00367,-17.80,+0.00000,0,+0.00000,+0.00000,0.00000,+9.163,0,203.1,0.0
16.735858,3,0,0.252316,0.252316,0.2750,-0.02268,0,0,0,+0.00000,+0.00000,0.00000,0.00,0,+0.000,+0.00000,-24.563,-0.00367,-17.80,+0.00000,0,+0.00000,+0.00000,0.00000,+9.164,0,203.1,0.0
16.740604,3,0,0.252293,0.252293,0.2750,-0.02271,0,0,0,+0.00000,+0.00000,0.00000,0.00,0,+0.000,+0.00000,-24.563,-0.00367,-17.80,+0.00000,0,+0.00000,+0.00000,0.00000,+9.164,0,203.1,0.0
16.745514,3,0,0.252269,0.252269,0.2750,-0.02273,0,0,0,+0.00000,+0.00000,0.00000,0.00,0,+0.000,+0.00000,-24.565,-0.00367,-17.80,+0.00000,0,+0.00000,+0.00000,0.00000,+9.166,0,203.1,0.0
16.750112,3,0,0.252247,0.252247,0.2750,-0.02275,0,0,0,+0.00000,+0.00000,0.00000,0.00,0,+0.000,+0.00000,-24.567,-0.00367,-17.80,+0.00000,0,+0.00000,+0.00000,0.00000,+9.167,0,203.1,0.0
16.758892,3,0,0.252204,0.252204,0.2750,-0.02280,0,0,0,+0.00000,+0.00000,0.00000,0.00,0,+0.000,+0.00000,-24.567,-0.00367,-17.80,+0.00000,0,+0.00000,+0.00000,0.00000,+9.167,0,203.1,0.0
16.763752,3,0,0.252181,0.252181,0.2750,-0.02282,0,0,0,+0.00000,+0.00000,0.00000,0.00,0,+0.000,+0.00000,-24.569,-0.00367,-17.80,+0.00000,0,+0.00000,+0.00000,0.00000,+9.170,0,203.1,0.0
16.768336,3,0,0.252159,0.252159,0.2750,-0.02284,0,0,0,+0.00000,+0.00000,0.00000,0.00,0,+0.000,+0.00000,-24.570,-0.00367,-17.80,+0.00000,0,+0.00000,+0.00000,0.00000,+9.171,0,203.1,0.0
16.772847,3,0,0.252138,0.252138,0.2750,-0.02286,0,0,0,+0.00000,+0.00000,0.00000,0.00,0,+0.000,+0.00000,-24.570,-0.00367,-17.80,+0.00000,0,+0.00000,+0.00000,0.00000,+9.171,0,203.1,0.0
16.777392,3,0,0.252116,0.252116,0.2750,-0.02288,0,0,0,+0.00000,+0.00000,0.00000,0.00,0,+0.000,+0.00000,-24.572,-0.00367,-17.80,+0.00000,0,+0.00000,+0.00000,0.00000,+9.173,0,203.1,0.0
16.782311,3,0,0.252093,0.252093,0.2750,-0.02291,0,0,0,+0.00000,+0.00000,0.00000,0.00,0,+0.000,+0.00000,-24.574,-0.00367,-17.80,+0.00000,0,+0.00000,+0.00000,0.00000,+9.174,0,203.1,0.0
16.786499,3,0,0.252073,0.252073,0.2750,-0.02293,0,0,0,+0.00000,+0.00000,0.00000,0.00,0,+0.000,+0.00000,-24.574,-0.00367,-17.80,+0.00000,0,+0.00000,+0.00000,0.00000,+9.174,0,203.1,0.0
16.791018,3,0,0.252052,0.252052,0.2750,-0.02295,0,0,0,+0.00000,+0.00000,0.00000,0.00,0,+0.000,+0.00000,-24.576,-0.00367,-17.80,+0.00000,0,+0.00000,+0.00000,0.00000,+9.176,0,203.1,0.0
16.795590,3,0,0.252030,0.252030,0.2750,-0.02297,0,0,0,+0.00000,+0.00000,0.00000,0.00,0,+0.000,+0.00000,-24.576,-0.00367,-17.80,+0.00000,0,+0.00000,+0.00000,0.00000,+9.176,0,203.1,0.0
16.804276,3,0,0.251990,0.251990,0.2750,-0.02301,0,0,0,+0.00000,+0.00000,0.00000,0.00,0,+0.000,+0.00000,-24.579,-0.00367,-17.80,+0.00000,0,+0.00000,+0.00000,0.00000,+9.179,0,203.1,0.0
16.808635,3,0,0.251969,0.251969,0.2750,-0.02303,0,0,0,+0.00000,+0.00000,0.00000,0.00,0,+0.000,+0.00000,-24.579,-0.00367,-17.80,+0.00000,0,+0.00000,+0.00000,0.00000,+9.179,0,203.1,0.0
16.813790,3,0,0.251945,0.251945,0.2750,-0.02305,0,0,0,+0.00000,+0.00000,0.00000,0.00,0,+0.000,+0.00000,-24.580,-0.00367,-17.80,+0.00000,0,+0.00000,+0.00000,0.00000,+9.180,0,203.1,0.0
16.818262,3,0,0.251925,0.251925,0.2750,-0.02308,0,0,0,+0.00000,+0.00000,0.00000,0.00,0,+0.000,+0.00000,-24.582,-0.00367,-17.80,+0.00000,0,+0.00000,+0.00000,0.00000,+9.181,0,203.1,0.0
16.822888,3,0,0.251903,0.251903,0.2750,-0.02310,0,0,0,+0.00000,+0.00000,0.00000,0.00,0,+0.000,+0.00000,-24.582,-0.00367,-17.80,+0.00000,0,+0.00000,+0.00000,0.00000,+9.181,0,203.1,0.0
16.827750,3,0,0.251881,0.251881,0.2750,-0.02312,0,0,0,+0.00000,+0.00000,0.00000,0.00,0,+0.000,+0.00000,-24.584,-0.00367,-17.80,+0.00000,0,+0.00000,+0.00000,0.00000,+9.183,0,203.1,0.0
16.836468,3,0,0.251841,0.251841,0.2750,-0.02316,0,0,0,+0.00000,+0.00000,0.00000,0.00,0,+0.000,+0.00000,-24.586,-0.00367,-17.80,+0.00000,0,+0.00000,+0.00000,0.00000,+9.185,0,203.1,0.0
16.841519,3,0,0.251818,0.251818,0.2750,-0.02318,0,0,0,+0.00000,+0.00000,0.00000,0.00,0,+0.000,+0.00000,-24.586,-0.00367,-17.80,+0.00000,0,+0.00000,+0.00000,0.00000,+9.185,0,203.1,0.0
16.846720,3,0,0.251795,0.251795,0.2750,-0.02321,0,0,0,+0.00000,+0.00000,0.00000,0.00,0,+0.000,+0.00000,-24.587,-0.00367,-17.80,+0.00000,0,+0.00000,+0.00000,0.00000,+9.186,0,203.1,0.0
16.852020,3,0,0.251771,0.251771,0.2750,-0.02323,0,0,0,+0.00000,+0.00000,0.00000,0.00,0,+0.000,+0.00000,-24.589,-0.00367,-17.80,+0.00000,0,+0.00000,+0.00000,0.00000,+9.188,0,203.1,0.0
16.856305,3,0,0.251751,0.251751,0.2750,-0.02325,0,0,0,+0.00000,+0.00000,0.00000,0.00,0,+0.000,+0.00000,-24.589,-0.00367,-17.80,+0.00000,0,+0.00000,+0.00000,0.00000,+9.188,0,203.1,0.0
16.861573,3,0,0.251728,0.251728,0.2750,-0.02327,0,0,0,+0.00000,+0.00000,0.00000,0.00,0,+0.000,+0.00000,-24.591,-0.00367,-17.80,+0.00000,0,+0.00000,+0.00000,0.00000,+9.190,0,203.1,0.0
16.866088,3,0,0.251707,0.251707,0.2750,-0.02329,0,0,0,+0.00000,+0.00000,0.00000,0.00,0,+0.000,+0.00000,-24.591,-0.00367,-17.80,+0.00000,0,+0.00000,+0.00000,0.00000,+9.190,0,203.1,0.0
16.870358,3,0,0.251688,0.251688,0.2750,-0.02331,0,0,0,+0.00000,+0.00000,0.00000,0.00,0,+0.000,+0.00000,-24.593,-0.00367,-17.80,+0.00000,0,+0.00000,+0.00000,0.00000,+9.192,0,203.1,0.0
16.875009,3,0,0.251668,0.251668,0.2750,-0.02333,0,0,0,+0.00000,+0.00000,0.00000,0.00,0,+0.000,+0.00000,-24.593,-0.00367,-17.80,+0.00000,0,+0.00000,+0.00000,0.00000,+9.192,0,203.1,0.0
16.879536,3,0,0.251648,0.251648,0.2750,-0.02335,0,0,0,+0.00000,+0.00000,0.00000,0.00,0,+0.000,+0.00000,-24.595,-0.00367,-17.80,+0.00000,0,+0.00000,+0.00000,0.00000,+9.194,0,203.1,0.0
16.884096,3,0,0.251627,0.251627,0.2750,-0.02337,0,0,0,+0.00000,+0.00000,0.00000,0.00,0,+0.000,+0.00000,-24.595,-0.00367,-17.80,+0.00000,0,+0.00000,+0.00000,0.00000,+9.194,0,203.1,0.0
16.889690,3,0,0.251603,0.251603,0.2750,-0.02340,0,0,0,+0.00000,+0.00000,0.00000,0.00,0,+0.000,+0.00000,-24.597,-0.00367,-17.80,+0.00000,0,+0.00000,+0.00000,0.00000,+9.195,0,203.1,0.0
16.900336,3,0,0.251556,0.251556,0.2750,-0.02344,0,0,0,+0.00000,+0.00000,0.00000,0.00,0,+0.000,+0.00000,-24.597,-0.00367,-17.80,+0.00000,0,+0.00000,+0.00000,0.00000,+9.195,0,203.1,0.0
16.904644,3,0,0.251537,0.251537,0.2750,-0.02346,0,0,0,+0.00000,+0.00000,0.00000,0.00,0,+0.000,+0.00000,-24.600,-0.00367,-17.80,+0.00000,0,+0.00000,+0.00000,0.00000,+9.198,0,203.1,0.0
16.909710,3,0,0.251515,0.251515,0.2750,-0.02348,0,0,0,+0.00000,+0.00000,0.00000,0.00,0,+0.000,+0.00000,-24.602,-0.00367,-17.80,+0.00000,0,+0.00000,+0.00000,0.00000,+9.200,0,203.1,0.0
16.913907,3,0,0.251497,0.251497,0.2750,-0.02350,0,0,0,+0.00000,+0.00000,0.00000,0.00,0,+0.000,+0.00000,-24.602,-0.00367,-17.80,+0.00000,0,+0.00000,+0.00000,0.00000,+9.200,0,203.1,0.0
16.918505,3,0,0.251477,0.251477,0.2750,-0.02352,0,0,0,+0.00000,+0.00000,0.00000,0.00,0,+0.000,+0.00000,-24.604,-0.00367,-17.80,+0.00000,0,+0.00000,+0.00000,0.00000,+9.202,0,203.1,0.0
16.923167,3,0,0.251457,0.251457,0.2750,-0.02354,0,0,0,+0.00000,+0.00000,0.00000,0.00,0,+0.000,+0.00000,-24.604,-0.00367,-17.80,+0.00000,0,+0.00000,+0.00000,0.00000,+9.202,0,203.1,0.0
16.927575,3,0,0.251438,0.251438,0.2750,-0.02356,0,0,0,+0.00000,+0.00000,0.00000,0.00,0,+0.000,+0.00000,-24.604,-0.00367,-17.80,+0.00000,0,+0.00000,+0.00000,0.00000,+9.202,0,203.1,0.0
16.932131,3,0,0.251418,0.251418,0.2750,-0.02358,0,0,0,+0.00000,+0.00000,0.00000,0.00,0,+0.000,+0.00000,-24.607,-0.00367,-17.80,+0.00000,0,+0.00000,+0.00000,0.00000,+9.204,0,203.1,0.0
16.936474,3,0,0.251400,0.251400,0.2750,-0.02360,0,0,0,+0.00000,+0.00000,0.00000,0.00,0,+0.000,+0.00000,-24.607,-0.00367,-17.80,+0.00000,0,+0.00000,+0.00000,0.00000,+9.204,0,203.1,0.0
16.941011,3,0,0.251381,0.251381,0.2750,-0.02362,0,0,0,+0.00000,+0.00000,0.00000,0.00,0,+0.000,+0.00000,-24.608,-0.00367,-17.80,+0.00000,0,+0.00000,+0.00000,0.00000,+9.206,0,203.1,0.0
16.945234,3,0,0.251363,0.251363,0.2750,-0.02364,0,0,0,+0.00000,+0.00000,0.00000,0.00,0,+0.000,+0.00000,-24.608,-0.00367,-17.80,+0.00000,0,+0.00000,+0.00000,0.00000,+9.206,0,203.1,0.0
16.949546,3,0,0.251344,0.251344,0.2750,-0.02366,0,0,0,+0.00000,+0.00000,0.00000,0.00,0,+0.000,+0.00000,-24.610,-0.00367,-17.80,+0.00000,0,+0.00000,+0.00000,0.00000,+9.207,0,203.1,0.0
16.957790,3,0,0.251310,0.251310,0.2750,-0.02369,0,0,0,+0.00000,+0.00000,0.00000,0.00,0,+0.000,+0.00000,-24.612,-0.00367,-17.80,+0.00000,0,+0.00000,+0.00000,0.00000,+9.209,0,203.1,0.0
16.962250,3,0,0.251291,0.251291,0.2750,-0.02371,0,0,0,+0.00000,+0.00000,0.00000,0.00,0,+0.000,+0.00000,-24.612,-0.00367,-17.80,+0.00000,0,+0.00000,+0.00000,0.00000,+9.209,0,203.1,0.0
16.966848,3,0,0.251272,0.251272,0.2750,-0.02373,0,0,0,+0.00000,+0.00000,0.00000,0.00,0,+0.000,+0.00000,-24.614,-0.00367,-17.80,+0.00000,0,+0.00000,+0.00000,0.00000,+9.211,0,203.1,0.0
16.971555,3,0,0.251252,0.251252,0.2750,-0.02375,0,0,0,+0.00000,+0.00000,0.00000,0.00,0,+0.000,+0.00000,-24.614,-0.00367,-17.80,+0.00000,0,+0.00000,+0.00000,0.00000,+9.211,0,203.1,0.0
16.976293,3,0,0.251232,0.251232,0.2750,-0.02377,0,0,0,+0.00000,+0.00000,0.00000,0.00,0,+0.000,+0.00000,-24.616,-0.00367,-17.80,+0.00000,0,+0.00000,+0.00000,0.00000,+9.213,0,203.1,0.0
16.980868,3,0,0.251213,0.251213,0.2750,-0.02379,0,0,0,+0.00000,+0.00000,0.00000,0.00,0,+0.000,+0.00000,-24.618,-0.00367,-17.80,+0.00000,0,+0.00000,+0.00000,0.00000,+9.214,0,203.1,0.0
16.985416,3,0,0.251194,0.251194,0.2750,-0.02381,0,0,0,+0.00000,+0.00000,0.00000,0.00,0,+0.000,+0.00000,-24.618,-0.00367,-17.80,+0.00000,0,+0.00000,+0.00000,0.00000,+9.214,0,203.1,0.0
16.990345,3,0,0.251174,0.251174,0.2750,-0.02383,0,0,0,+0.00000,+0.00000,0.00000,0.00,0,+0.000,+0.00000,-24.620,-0.00367,-17.80,+0.00000,0,+0.00000,+0.00000,0.00000,+9.216,0,203.1,0.0
16.998205,3,0,0.251142,0.251142,0.2750,-0.02386,0,0,0,+0.00000,+0.00000,0.00000,0.00,0,+0.000,+0.00000,-24.620,-0.00367,-17.80,+0.00000,0,+0.00000,+0.00000,0.00000,+9.216,0,203.1,0.0
17.003185,3,0,0.251122,0.251122,0.2750,-0.02388,0,0,0,+0.00000,+0.00000,0.00000,0.00,0,+0.000,+0.00000,-24.622,-0.00367,-17.80,+0.00000,0,+0.00000,+0.00000,0.00000,+9.218,0,203.1,0.0
17.008047,3,0,0.251102,0.251102,0.2750,-0.02390,0,0,0,+0.00000,+0.00000,0.00000,0.00,0,+0.000,+0.00000,-24.622,-0.00367,-17.80,+0.00000,0,+0.00000,+0.00000,0.00000,+9.218,0,203.1,0.0
17.012691,3,0,0.251083,0.251083,0.2750,-0.02392,0,0,0,+0.00000,+0.00000,0.00000,0.00,0,+0.000,+0.00000,-24.625,-0.00367,-17.80,+0.00000,0,+0.00000,+0.00000,0.00000,+9.220,0,203.1,0.0
17.017312,3,0,0.251064,0.251064,0.2750,-0.02394,0,0,0,+0.00000,+0.00000,0.00000,0.00,0,+0.000,+0.00000,-24.626,-0.00367,-17.80,+0.00000,0,+0.00000,+0.00000,0.00000,+9.222,0,203.1,0.0
17.021876,3,0,0.251046,0.251046,0.2750,-0.02395,0,0,0,+0.00000,+0.00000,0.00000,0.00,0,+0.000,+0.00000,-24.626,-0.00367,-17.80,+0.00000,0,+0.00000,+0.00000,0.00000,+9.222,0,203.1,0.0
17.026489,3,0,0.251027,0.251027,0.2750,-0.02397,0,0,0,+0.00000,+0.00000,0.00000,0.00,0,+0.000,+0.00000,-24.628,-0.00367,-17.80,+0.00000,0,+0.00000,+0.00000,0.00000,+9.224,0,203.1,0.0
17.034697,3,0,0.250994,0.250994,0.2750,-0.02401,0,0,0,+0.00000,+0.00000,0.00000,0.00,0,+0.000,+0.00000,-24.628,-0.00367,-17.80,+0.00000,0,+0.00000,+0.00000,0.00000,+9.224,0,203.1,0.0
17.044372,3,0,0.250956,0.250956,0.2750,-0.02404,0,0,0,+0.00000,+0.00000,0.00000,0.00,0,+0.000,+0.00000,-24.630,-0.00367,-17.80,+0.00000,0,+0.00000,+0.00000,0.00000,+9.226,0,203.1,0.0
17.049029,3,0,0.250937,0.250937,0.2750,-0.02406,0,0,0,+0.00000,+0.00000,0.00000,0.00,0,+0.000,+0.00000,-24.633,-0.00367,-17.80,+0.00000,0,+0.00000,+0.00000,0.00000,+9.228,0,203.1,0.0
17.053556,3,0,0.250919,0.250919,0.2750,-0.02408,0,0,0,+0.00000,+0.00000,0.00000,0.00,0,+0.000,+0.00000,-24.633,-0.00367,-17.80,+0.00000,0,+0.00000,+0.00000,0.00000,+9.228,0,203.1,0.0
17.058697,3,0,0.250899,0.250899,0.2750,-0.02410,0,0,0,+0.00000,+0.00000,0.00000,0.00,0,+0.000,+0.00000,-24.634,-0.00367,-17.80,+0.00000,0,+0.00000,+0.00000,0.00000,+9.229,0,203.1,0.0
17.063247,3,0,0.250881,0.250881,0.2750,-0.02412,0,0,0,+0.00000,+0.00000,0.00000,0.00,0,+0.000,+0.00000,-24.636,-0.00367,-17.80,+0.00000,0,+0.00000,+0.00000,0.00000,+9.231,0,203.1,0.0
17.067782,3,0,0.250863,0.250863,0.2750,-0.02414,0,0,0,+0.00000,+0.00000,0.00000,0.00,0,+0.000,+0.00000,-24.636,-0.00367,-17.80,+0.00000,0,+0.00000,+0.00000,0.00000,+9.231,0,203.1,0.0
17.074651,3,0,0.250837,0.250837,0.2750,-0.02416,0,0,0,+0.00000,+0.00000,0.00000,0.00,0,+0.000,+0.00000,-24.639,-0.00367,-17.80,+0.00000,0,+0.00000,+0.00000,0.00000,+9.233,0,203.1,0.0
17.081051,3,0,0.250812,0.250812,0.2750,-0.02419,0,0,0,+0.00000,+0.00000,0.00000,0.00,0,+0.000,+0.00000,-24.639,-0.00367,-17.80,+0.00000,0,+0.00000,+0.00000,0.00000,+9.233,0,203.1,0.0
17.086077,3,0,0.250792,0.250792,0.2750,-0.02421,0,0,0,+0.00000,+0.00000,0.00000,0.00,0,+0.000,+0.00000,-24.641,-0.00367,-17.80,+0.00000,0,+0.00000,+0.00000,0.00000,+9.236,0,203.1,0.0
17.090588,3,0,0.250775,0.250775,0.2750,-0.02422,0,0,0,+0.00000,+0.00000,0.00000,0.00,0,+0.000,+0.00000,-24.641,-0.00367,-17.80,+0.00000,0,+0.00000,+0.00000,0.00000,+9.236,0,203.1,0.0
17.095643,3,0,0.250756,0.250756,0.2750,-0.02424,0,0,0,+0.00000,+0.00000,0.00000,0.00,0,+0.000,+0.00000,-24.642,-0.00367,-17.80,+0.00000,0,+0.00000,+0.00000,0.00000,+9.237,0,203.1,0.0
17.102694,3,0,0.250729,0.250729,0.2750,-0.02427,0,0,0,+0.00000,+0.00000,0.00000,0.00,0,+0.000,+0.00000,-24.642,-0.00367,-17.80,+0.00000,0,+0.00000,+0.00000,0.00000,+9.237,0,203.1,0.0
17.107749,3,0,0.250709,0.250709,0.2750,-0.02429,0,0,0,+0.00000,+0.00000,0.00000,0.00,0,+0.000,+0.00000,-24.646,-0.00367,-17.80,+0.00000,0,+0.00000,+0.00000,0.00000,+9.240,0,203.1,0.0
17.112300,3,0,0.250692,0.250692,0.2750,-0.02431,0,0,0,+0.00000,+0.00000,0.00000,0.00,0,+0.000,+0.00000,-24.646,-0.00367,-17.80,+0.00000,0,+0.00000,+0.00000,0.00000,+9.240,0,203.1,0.0
17.117880,3,0,0.250671,0.250671,0.2750,-0.02433,0,0,0,+0.00000,+0.00000,0.00000,0.00,0,+0.000,+0.00000,-24.647,-0.00367,-17.80,+0.00000,0,+0.00000,+0.00000,0.00000,+9.241,0,203.1,0.0
17.122514,3,0,0.250653,0.250653,0.2750,-0.02435,0,0,0,+0.00000,+0.00000,0.00000,0.00,0,+0.000,+0.00000,-24.647,-0.00367,-17.80,+0.00000,0,+0.00000,+0.00000,0.00000,+9.241,0,203.1,0.0
17.130385,3,0,0.250624,0.250624,0.2750,-0.02438,0,0,0,+0.00000,+0.00000,0.00000,0.00,0,+0.000,+0.00000,-24.650,-0.00367,-17.80,+0.00000,0,+0.00000,+0.00000,0.00000,+9.243,0,203.1,0.0
17.135047,3,0,0.250606,0.250606,0.2750,-0.02439,0,0,0,+0.00000,+0.00000,0.00000,0.00,0,+0.000,+0.00000,-24.652,-0.00367,-17.80,+0.00000,0,+0.00000,+0.00000,0.00000,+9.245,0,203.1,0.0
17.139579,3,0,0.250589,0.250589,0.2750,-0.02441,0,0,0,+0.00000,+0.00000,0.00000,0.00,0,+0.000,+0.00000,-24.653,-0.00367,-17.80,+0.00000,0,+0.00000,+0.00000,0.00000,+9.246,0,203.1,0.0
17.144377,3,0,0.250572,0.250572,0.2750,-0.02443,0,0,0,+0.00000,+0.00000,0.00000,0.00,0,+0.000,+0.00000,-24.653,-0.00367,-17.80,+0.00000,0,+0.00000,+0.00000,0.00000,+9.246,0,203.1,0.0
17.149252,3,0,0.250554,0.250554,0.2750,-0.02445,0,0,0,+0.00000,+0.00000,0.00000,0.00,0,+0.000,+0.00000,-24.655,-0.00367,-17.80,+0.00000,0,+0.00000,+0.00000,0.00000,+9.248,0,203.1,0.0
17.154099,3,0,0.250536,0.250536,0.2750,-0.02446,0,0,0,+0.00000,+0.00000,0.00000,0.00,0,+0.000,+0.00000,-24.655,-0.00367,-17.80,+0.00000,0,+0.00000,+0.00000,0.00000,+9.248,0,203.1,0.0
17.158644,3,0,0.250519,0.250519,0.2750,-0.02448,0,0,0,+0.00000,+0.00000,0.00000,0.00,0,+0.000,+0.00000,-24.657,-0.00367,-17.80,+0.00000,0,+0.00000,+0.00000,0.00000,+9.250,0,203.1,0.0
17.163224,3,0,0.250502,0.250502,0.2750,-0.02450,0,0,0,+0.00000,+0.00000,0.00000,0.00,0,+0.000,+0.00000,-24.657,-0.00367,-17.80,+0.00000,0,+0.00000,+0.00000,0.00000,+9.250,0,203.1,0.0
17.168134,3,0,0.250484,0.250484,0.2750,-0.02452,0,0,0,+0.00000,+0.00000,0.00000,0.00,0,+0.000,+0.00000,-24.659,-0.00367,-17.80,+0.00000,0,+0.00000,+0.00000,0.00000,+9.252,0,203.1,0.0
17.173100,3,0,0.250466,0.250466,0.2750,-0.02453,0,0,0,+0.00000,+0.00000,0.00000,0.00,0,+0.000,+0.00000,-24.659,-0.00367,-17.80,+0.00000,0,+0.00000,+0.00000,0.00000,+9.252,0,203.1,0.0
17.177529,3,0,0.250450,0.250450,0.2750,-0.02455,0,0,0,+0.00000,+0.00000,0.00000,0.00,0,+0.000,+0.00000,-24.661,-0.00367,-17.80,+0.00000,0,+0.00000,+0.00000,0.00000,+9.254,0,203.1,0.0
17.182055,3,0,0.250433,0.250433,0.2750,-0.02457,0,0,0,+0.00000,+0.00000,0.00000,0.00,0,+0.000,+0.00000,-24.661,-0.00367,-17.80,+0.00000,0,+0.00000,+0.00000,0.00000,+9.254,0,203.1,0.0
17.186826,3,0,0.250416,0.250416,0.2750,-0.02458,0,0,0,+0.00000,+0.00000,0.00000,0.00,0,+0.000,+0.00000,-24.663,-0.00367,-17.80,+0.00000,0,+0.00000,+0.00000,0.00000,+9.256,0,203.1,0.0
17.193009,3,0,0.250394,0.250394,0.2750,-0.02461,0,0,0,+0.00000,+0.00000,0.00000,0.00,0,+0.000,+0.00000,-24.664,-0.00367,-17.80,+0.00000,0,+0.00000,+0.00000,0.00000,+9.257,0,203.1,0.0
17.197888,3,0,0.250376,0.250376,0.2750,-0.02462,0,0,0,+0.00000,+0.00000,0.00000,0.00,0,+0.000,+0.00000,-24.664,-0.00367,-17.80,+0.00000,0,+0.00000,+0.00000,0.00000,+9.257,0,203.1,0.0
17.202533,3,0,0.250360,0.250360,0.2750,-0.02464,0,0,0,+0.00000,+0.00000,0.00000,0.00,0,+0.000,+0.00000,-24.667,-0.00367,-17.80,+0.00000,0,+0.00000,+0.00000,0.00000,+9.259,0,203.1,0.0
17.207150,3,0,0.250343,0.250343,0.2750,-0.02466,0,0,0,+0.00000,+0.00000,0.00000,0.00,0,+0.000,+0.00000,-24.667,-0.00367,-17.80,+0.00000,0,+0.00000,+0.00000,0.00000,+9.259,0,203.1,0.0
17.218107,3,0,0.250304,0.250304,0.2750,-0.02470,0,0,0,+0.00000,+0.00000,0.00000,0.00,0,+0.000,+0.00000,-24.668,-0.00367,-17.80,+0.00000,0,+0.00000,+0.00000,0.00000,+9.261,0,203.1,0.0
17.232112,3,0,0.250255,0.250255,0.2750,-0.02474,0,0,0,+0.00000,+0.00000,0.00000,0.00,0,+0.000,+0.00000,-24.672,-0.00367,-17.80,+0.00000,0,+0.00000,+0.00000,0.00000,+9.264,0,203.1,0.0
17.240670,3,0,0.250225,0.250225,0.2750,-0.02477,0,0,0,+0.00000,+0.00000,0.00000,0.00,0,+0.000,+0.00000,-24.674,-0.00367,-17.80,+0.00000,0,+0.00000,+0.00000,0.00000,+9.266,0,203.1,0.0
17.245290,3,0,0.250209,0.250209,0.2750,-0.02479,0,0,0,+0.00000,+0.00000,0.00000,0.00,0,+0.000,+0.00000,-24.676,-0.00367,-17.80,+0.00000,0,+0.00000,+0.00000,0.00000,+9.267,0,203.1,0.0
17.249833,3,0,0.250193,0.250193,0.2750,-0.02481,0,0,0,+0.00000,+0.00000,0.00000,0.00,0,+0.000,+0.00000,-24.677,-0.00367,-17.80,+0.00000,0,+0.00000,+0.00000,0.00000,+9.269,0,203.1,0.0
17.255768,3,0,0.250173,0.250173,0.2750,-0.02483,0,0,0,+0.00000,+0.00000,0.00000,0.00,0,+0.000,+0.00000,-24.677,-0.00367,-17.80,+0.00000,0,+0.00000,+0.00000,0.00000,+9.269,0,203.1,0.0
17.260727,3,0,0.250156,0.250156,0.2750,-0.02484,0,0,0,+0.00000,+0.00000,0.00000,0.00,0,+0.000,+0.00000,-24.679,-0.00367,-17.80,+0.00000,0,+0.00000,+0.00000,0.00000,+9.270,0,203.1,0.0
17.266486,3,0,0.250136,0.250136,0.2750,-0.02486,0,0,0,+0.00000,+0.00000,0.00000,0.00,0,+0.000,+0.00000,-24.681,-0.00367,-17.80,+0.00000,0,+0.00000,+0.00000,0.00000,+9.272,0,203.1,0.0
17.286726,3,0,0.250067,0.250067,0.2750,-0.02493,0,0,0,+0.00000,+0.00000,0.00000,0.00,0,+0.000,+0.00000,-24.681,-0.00367,-17.80,+0.00000,0,+0.00000,+0.00000,0.00000,+9.272,0,203.1,0.0
17.291773,3,0,0.250050,0.250050,0.2750,-0.02495,0,0,0,+0.00000,+0.00000,0.00000,0.00,0,+0.000,+0.00000,-24.687,-0.00367,-17.80,+0.00000,0,+0.00000,+0.00000,0.00000,+9.278,0,203.1,0.0
17.298275,3,0,0.250028,0.250028,0.2750,-0.02497,0,0,0,+0.00000,+0.00000,0.00000,0.00,0,+0.000,+0.00000,-24.687,-0.00367,-17.80,+0.00000,0,+0.00000,+0.00000,0.00000,+9.278,0,203.1,0.0
17.304424,3,0,0.250008,0.250008,0.2750,-0.02499,0,0,0,+0.00000,+0.00000,0.00000,0.00,0,+0.000,+0.00000,-24.689,-0.00367,-17.80,+0.00000,0,+0.00000,+0.00000,0.00000,+9.279,0,203.1,0.0
17.308771,3,0,0.249993,0.249993,0.2750,-0.02501,0,0,0,+0.00000,+0.00000,0.00000,0.00,0,+0.000,+0.00000,-24.689,-0.00367,-17.80,+0.00000,0,+0.00000,+0.00000,0.00000,+9.279,0,203.1,0.0
17.313480,3,0,0.249978,0.249978,0.2750,-0.02502,0,0,0,+0.00000,+0.00000,0.00000,0.00,0,+0.000,+0.00000,-24.691,-0.00367,-17.80,+0.00000,0,+0.00000,+0.00000,0.00000,+9.281,0,203.1,0.0
17.317826,3,0,0.249963,0.249963,0.2750,-0.02504,0,0,0,+0.00000,+0.00000,0.00000,0.00,0,+0.000,+0.00000,-24.691,-0.00367,-17.80,+0.00000,0,+0.00000,+0.00000,0.00000,+9.281,0,203.1,0.0
17.322639,3,0,0.249947,0.249947,0.2750,-0.02505,0,0,0,+0.00000,+0.00000,0.00000,0.00,0,+0.000,+0.00000,-24.693,-0.00367,-17.80,+0.00000,0,+0.00000,+0.00000,0.00000,+9.283,0,203.1,0.0
17.327262,3,0,0.249932,0.249932,0.2750,-0.02507,0,0,0,+0.00000,+0.00000,0.00000,0.00,0,+0.000,+0.00000,-24.693,-0.00367,-17.80,+0.00000,0,+0.00000,+0.00000,0.00000,+9.283,0,203.1,0.0
17.332342,3,0,0.249915,0.249915,0.2750,-0.02508,0,0,0,+0.00000,+0.00000,0.00000,0.00,0,+0.000,+0.00000,-24.695,-0.00367,-17.80,+0.00000,0,+0.00000,+0.00000,0.00000,+9.285,0,203.1,0.0
17.337115,3,0,0.249900,0.249900,0.2750,-0.02510,0,0,0,+0.00000,+0.00000,0.00000,0.00,0,+0.000,+0.00000,-24.697,-0.00367,-17.80,+0.00000,0,+0.00000,+0.00000,0.00000,+9.287,0,203.1,0.0
17.341852,3,0,0.249884,0.249884,0.2750,-0.02512,0,0,0,+0.00000,+0.00000,0.00000,0.00,0,+0.000,+0.00000,-24.697,-0.00367,-17.80,+0.00000,0,+0.00000,+0.00000,0.00000,+9.287,0,189.2,0.0
17.347113,3,0,0.249867,0.249867,0.2750,-0.02513,0,0,0,+0.00000,+0.00000,0.00000,0.00,0,+0.000,+0.00000,-24.699,-0.00367,-17.80,+0.00000,0,+0.00000,+0.00000,0.00000,+9.288,0,189.2,0.0
17.352407,3,0,0.249850,0.249850,0.2750,-0.02515,0,0,0,+0.00000,+0.00000,0.00000,0.00,0,+0.000,+0.00000,-24.699,-0.00367,-17.80,+0.00000,0,+0.00000,+0.00000,0.00000,+9.288,0,189.2,0.0
17.356795,3,0,0.249836,0.249836,0.2750,-0.02516,0,0,0,+0.00000,+0.00000,0.00000,0.00,0,+0.000,+0.00000,-24.701,-0.00367,-17.80,+0.00000,0,+0.00000,+0.00000,0.00000,+9.290,0,189.2,0.0
17.361721,3,0,0.249820,0.249820,0.2750,-0.02518,0,0,0,+0.00000,+0.00000,0.00000,0.00,0,+0.000,+0.00000,-24.701,-0.00367,-17.80,+0.00000,0,+0.00000,+0.00000,0.00000,+9.290,0,189.2,0.0
17.366552,3,0,0.249805,0.249805,0.2750,-0.02520,0,0,0,+0.00000,+0.00000,0.00000,0.00,0,+0.000,+0.00000,-24.703,-0.00367,-17.80,+0.00000,0,+0.00000,+0.00000,0.00000,+9.292,0,189.2,0.0
17.371340,3,0,0.249789,0.249789,0.2750,-0.02521,0,0,0,+0.00000,+0.00000,0.00000,0.00,0,+0.000,+0.00000,-24.705,-0.00367,-17.80,+0.00000,0,+0.00000,+0.00000,0.00000,+9.294,0,189.2,0.0
17.375744,3,0,0.249775,0.249775,0.2750,-0.02522,0,0,0,+0.00000,+0.00000,0.00000,0.00,0,+0.000,+0.00000,-24.705,-0.00367,-17.80,+0.00000,0,+0.00000,+0.00000,0.00000,+9.294,0,189.2,0.0
17.380590,3,0,0.249760,0.249760,0.2750,-0.02524,0,0,0,+0.00000,+0.00000,0.00000,0.00,0,+0.000,+0.00000,-24.706,-0.00367,-17.80,+0.00000,0,+0.00000,+0.00000,0.00000,+9.295,0,189.2,0.0
17.385140,3,0,0.249745,0.249745,0.2750,-0.02525,0,0,0,+0.00000,+0.00000,0.00000,0.00,0,+0.000,+0.00000,-24.706,-0.00367,-17.80,+0.00000,0,+0.00000,+0.00000,0.00000,+9.295,0,189.2,0.0
17.389819,3,0,0.249731,0.249731,0.2750,-0.02527,0,0,0,+0.00000,+0.00000,0.00000,0.00,0,+0.000,+0.00000,-24.708,-0.00367,-17.80,+0.00000,0,+0.00000,+0.00000,0.00000,+9.297,0,189.2,0.0
17.395733,3,0,0.249712,0.249712,0.2750,-0.02529,0,0,0,+0.00000,+0.00000,0.00000,0.00,0,+0.000,+0.00000,-24.708,-0.00367,-17.80,+0.00000,0,+0.00000,+0.00000,0.00000,+9.297,0,189.2,0.0
17.400294,3,0,0.249698,0.249698,0.2750,-0.02530,0,0,0,+0.00000,+0.00000,0.00000,0.00,0,+0.000,+0.00000,-24.710,-0.00367,-17.80,+0.00000,0,+0.00000,+0.00000,0.00000,+9.299,0,189.2,0.0
17.405090,3,0,0.249683,0.249683,0.2750,-0.02532,0,0,0,+0.00000,+0.00000,0.00000,0.00,0,+0.000,+0.00000,-24.710,-0.00367,-17.80,+0.00000,0,+0.00000,+0.00000,0.00000,+9.299,0,189.2,0.0
17.409574,3,0,0.249669,0.249669,0.2750,-0.02533,0,0,0,+0.00000,+0.00000,0.00000,0.00,0,+0.000,+0.00000,-24.712,-0.00367,-17.80,+0.00000,0,+0.00000,+0.00000,0.00000,+9.301,0,189.2,0.0
17.414363,3,0,0.249654,0.249654,0.2750,-0.02535,0,0,0,+0.00000,+0.00000,0.00000,0.00,0,+0.000,+0.00000,-24.712,-0.00367,-17.80,+0.00000,0,+0.00000,+0.00000,0.00000,+9.301,0,189.2,0.0
17.418889,3,0,0.249640,0.249640,0.2750,-0.02536,0,0,0,+0.00000,+0.00000,0.00000,0.00,0,+0.000,+0.00000,-24.714,-0.00367,-17.80,+0.00000,0,+0.00000,+0.00000,0.00000,+9.303,0,189.2,0.0
17.428142,3,0,0.249611,0.249611,0.2750,-0.02539,0,0,0,+0.00000,+0.00000,0.00000,0.00,0,+0.000,+0.00000,-24.717,-0.00367,-17.80,+0.00000,0,+0.00000,+0.00000,0.00000,+9.305,0,189.2,0.0
17.433623,3,0,0.249594,0.249594,0.2750,-0.02541,0,0,0,+0.00000,+0.00000,0.00000,0.00,0,+0.000,+0.00000,-24.717,-0.00367,-17.80,+0.00000,0,+0.00000,+0.00000,0.00000,+9.305,0,189.2,0.0
17.440401,3,0,0.249574,0.249574,0.2750,-0.02543,0,0,0,+0.00000,+0.00000,0.00000,0.00,0,+0.000,+0.00000,-24.719,-0.00367,-17.80,+0.00000,0,+0.00000,+0.00000,0.00000,+9.307,0,189.2,0.0
17.444979,3,0,0.249560,0.249560,0.2750,-0.02544,0,0,0,+0.00000,+0.00000,0.00000,0.00,0,+0.000,+0.00000,-24.721,-0.00367,-17.80,+0.00000,0,+0.00000,+0.00000,0.00000,+9.308,0,189.2,0.0
17.449304,3,0,0.249547,0.249547,0.2750,-0.02545,0,0,0,+0.00000,+0.00000,0.00000,0.00,0,+0.000,+0.00000,-24.721,-0.00367,-17.80,+0.00000,0,+0.00000,+0.00000,0.00000,+9.308,0,189.2,0.0
17.453996,3,0,0.249532,0.249532,0.2750,-0.02547,0,0,0,+0.00000,+0.00000,0.00000,0.00,0,+0.000,+0.00000,-24.723,-0.00367,-17.80,+0.00000,0,+0.00000,+0.00000,0.00000,+9.310,0,189.2,0.0
17.458573,3,0,0.249519,0.249519,0.2750,-0.02548,0,0,0,+0.00000,+0.00000,0.00000,0.00,0,+0.000,+0.00000,-24.723,-0.00367,-17.80,+0.00000,0,+0.00000,+0.00000,0.00000,+9.310,0,189.2,0.0
17.463559,3,0,0.249504,0.249504,0.2750,-0.02550,0,0,0,+0.00000,+0.00000,0.00000,0.00,0,+0.000,+0.00000,-24.724,-0.00367,-17.80,+0.00000,0,+0.00000,+0.00000,0.00000,+9.312,0,189.2,0.0
17.467972,3,0,0.249490,0.249490,0.2750,-0.02551,0,0,0,+0.00000,+0.00000,0.00000,0.00,0,+0.000,+0.00000,-24.724,-0.00367,-17.80,+0.00000,0,+0.00000,+0.00000,0.00000,+9.312,0,189.2,0.0
17.472418,3,0,0.249477,0.249477,0.2750,-0.02552,0,0,0,+0.00000,+0.00000,0.00000,0.00,0,+0.000,+0.00000,-24.726,-0.00367,-17.80,+0.00000,0,+0.00000,+0.00000,0.00000,+9.314,0,189.2,0.0
17.476961,3,0,0.249464,0.249464,0.2750,-0.02554,0,0,0,+0.00000,+0.00000,0.00000,0.00,0,+0.000,+0.00000,-24.726,-0.00367,-17.80,+0.00000,0,+0.00000,+0.00000,0.00000,+9.314,0,189.2,0.0
17.481383,3,0,0.249450,0.249450,0.2750,-0.02555,0,0,0,+0.00000,+0.00000,0.00000,0.00,0,+0.000,+0.00000,-24.728,-0.00367,-17.80,+0.00000,0,+0.00000,+0.00000,0.00000,+9.315,0,189.2,0.0
17.486714,3,0,0.249435,0.249435,0.2750,-0.02557,0,0,0,+0.00000,+0.00000,0.00000,0.00,0,+0.000,+0.00000,-24.730,-0.00367,-17.80,+0.00000,0,+0.00000,+0.00000,0.00000,+9.317,0,189.2,0.0
17.491777,3,0,0.249420,0.249420,0.2750,-0.02558,0,0,0,+0.00000,+0.00000,0.00000,0.00,0,+0.000,+0.00000,-24.730,-0.00367,-17.80,+0.00000,0,+0.00000,+0.00000,0.00000,+9.317,0,189.2,0.0
17.496354,3,0,0.249406,0.249406,0.2750,-0.02559,0,0,0,+0.00000,+0.00000,0.00000,0.00,0,+0.000,+0.00000,-24.732,-0.00367,-17.80,+0.00000,0,+0.00000,+0.00000,0.00000,+9.319,0,189.2,0.0
17.500987,3,0,0.249393,0.249393,0.2750,-0.02561,0,0,0,+0.00000,+0.00000,0.00000,0.00,0,+0.000,+0.00000,-24.732,-0.00367,-17.80,+0.00000,0,+0.00000,+0.00000,0.00000,+9.319,0,189.2,0.0
17.505922,3,0,0.249378,0.249378,0.2750,-0.02562,0,0,0,+0.00000,+0.00000,0.00000,0.00,0,+0.000,+0.00000,-24.734,-0.00367,-17.80,+0.00000,0,+0.00000,+0.00000,0.00000,+9.321,0,189.2,0.0
17.510841,3,0,0.249364,0.249364,0.2750,-0.02564,0,0,0,+0.00000,+0.00000,0.00000,0.00,0,+0.000,+0.00000,-24.734,-0.00367,-17.80,+0.00000,0,+0.00000,+0.00000,0.00000,+9.321,0,189.2,0.0
17.515802,3,0,0.249350,0.249350,0.2750,-0.02565,0,0,0,+0.00000,+0.00000,0.00000,0.00,0,+0.000,+0.00000,-24.736,-0.00367,-17.80,+0.00000,0,+0.00000,+0.00000,0.00000,+9.322,0,189.2,0.0
17.520401,3,0,0.249336,0.249336,0.2750,-0.02566,0,0,0,+0.00000,+0.00000,0.00000,0.00,0,+0.000,+0.00000,-24.736,-0.00367,-17.80,+0.00000,0,+0.00000,+0.00000,0.00000,+9.322,0,189.2,0.0
17.525881,3,0,0.249320,0.249320,0.2750,-0.02568,0,0,0,+0.00000,+0.00000,0.00000,0.00,0,+0.000,+0.00000,-24.738,-0.00367,-17.80,+0.00000,0,+0.00000,+0.00000,0.00000,+9.324,0,189.2,0.0
17.530733,3,0,0.249306,0.249306,0.2750,-0.02569,0,0,0,+0.00000,+0.00000,0.00000,0.00,0,+0.000,+0.00000,-24.739,-0.00367,-17.80,+0.00000,0,+0.00000,+0.00000,0.00000,+9.326,0,189.2,0.0
17.536129,3,0,0.249291,0.249291,0.2750,-0.02571,0,0,0,+0.00000,+0.00000,0.00000,0.00,0,+0.000,+0.00000,-24.739,-0.00367,-17.80,+0.00000,0,+0.00000,+0.00000,0.00000,+9.326,0,189.2,0.0
17.540621,3,0,0.249278,0.249278,0.2750,-0.02572,0,0,0,+0.00000,+0.00000,0.00000,0.00,0,+0.000,+0.00000,-24.741,-0.00367,-17.80,+0.00000,0,+0.00000,+0.00000,0.00000,+9.328,0,189.2,0.0
17.545356,3,0,0.249265,0.249265,0.2750,-0.02574,0,0,0,+0.00000,+0.00000,0.00000,0.00,0,+0.000,+0.00000,-24.743,-0.00367,-17.80,+0.00000,0,+0.00000,+0.00000,0.00000,+9.329,0,189.2,0.0
17.550340,3,0,0.249251,0.249251,0.2750,-0.02575,0,0,0,+0.00000,+0.00000,0.00000,0.00,0,+0.000,+0.00000,-24.743,-0.00367,-17.80,+0.00000,0,+0.00000,+0.00000,0.00000,+9.329,0,189.2,0.0
17.555192,3,0,0.249237,0.249237,0.2750,-0.02576,0,0,0,+0.00000,+0.00000,0.00000,0.00,0,+0.000,+0.00000,-24.745,-0.00367,-17.80,+0.00000,0,+0.00000,+0.00000,0.00000,+9.331,0,189.2,0.0
17.559685,3,0,0.249224,0.249224,0.2750,-0.02578,0,0,0,+0.00000,+0.00000,0.00000,0.00,0,+0.000,+0.00000,-24.745,-0.00367,-17.80,+0.00000,0,+0.00000,+0.00000,0.00000,+9.331,0,189.2,0.0
17.564574,3,0,0.249210,0.249210,0.2750,-0.02579,0,0,0,+0.00000,+0.00000,0.00000,0.00,0,+0.000,+0.00000,-24.747,-0.00367,-17.80,+0.00000,0,+0.00000,+0.00000,0.00000,+9.333,0,189.2,0.0
17.568844,3,0,0.249198,0.249198,0.2750,-0.02580,0,0,0,+0.00000,+0.00000,0.00000,0.00,0,+0.000,+0.00000,-24.747,-0.00367,-17.80,+0.00000,0,+0.00000,+0.00000,0.00000,+9.333,0,189.2,0.0
17.573301,3,0,0.249186,0.249186,0.2750,-0.02581,0,0,0,+0.00000,+0.00000,0.00000,0.00,0,+0.000,+0.00000,-24.749,-0.00367,-17.80,+0.00000,0,+0.00000,+0.00000,0.00000,+9.334,0,189.2,0.0
17.577781,3,0,0.249173,0.249173,0.2750,-0.02583,0,0,0,+0.00000,+0.00000,0.00000,0.00,0,+0.000,+0.00000,-24.749,-0.00367,-17.80,+0.00000,0,+0.00000,+0.00000,0.00000,+9.334,0,189.2,0.0
17.582409,3,0,0.249161,0.249161,0.2750,-0.02584,0,0,0,+0.00000,+0.00000,0.00000,0.00,0,+0.000,+0.00000,-24.751,-0.00367,-17.80,+0.00000,0,+0.00000,+0.00000,0.00000,+9.336,0,189.2,0.0
17.587068,3,0,0.249148,0.249148,0.2750,-0.02585,0,0,0,+0.00000,+0.00000,0.00000,0.00,0,+0.000,+0.00000,-24.751,-0.00367,-17.80,+0.00000,0,+0.00000,+0.00000,0.00000,+9.336,0,189.2,0.0
17.591671,3,0,0.249135,0.249135,0.2750,-0.02587,0,0,0,+0.00000,+0.00000,0.00000,0.00,0,+0.000,+0.00000,-24.753,-0.00367,-17.80,+0.00000,0,+0.00000,+0.00000,0.00000,+9.338,0,189.2,0.0
17.596279,3,0,0.249122,0.249122,0.2750,-0.02588,0,0,0,+0.00000,+0.00000,0.00000,0.00,0,+0.000,+0.00000,-24.753,-0.00367,-17.80,+0.00000,0,+0.00000,+0.00000,0.00000,+9.338,0,189.2,0.0
17.600795,3,0,0.249110,0.249110,0.2750,-0.02589,0,0,0,+0.00000,+0.00000,0.00000,0.00,0,+0.000,+0.00000,-24.755,-0.00367,-17.80,+0.00000,0,+0.00000,+0.00000,0.00000,+9.340,0,189.2,0.0
17.605587,3,0,0.249097,0.249097,0.2750,-0.02590,0,0,0,+0.00000,+0.00000,0.00000,0.00,0,+0.000,+0.00000,-24.755,-0.00367,-17.80,+0.00000,0,+0.00000,+0.00000,0.00000,+9.340,0,189.2,0.0
17.609924,3,0,0.249085,0.249085,0.2750,-0.02592,0,0,0,+0.00000,+0.00000,0.00000,0.00,0,+0.000,+0.00000,-24.757,-0.00367,-17.80,+0.00000,0,+0.00000,+0.00000,0.00000,+9.342,0,189.2,0.0
17.614612,3,0,0.249072,0.249072,0.2750,-0.02593,0,0,0,+0.00000,+0.00000,0.00000,0.00,0,+0.000,+0.00000,-24.757,-0.00367,-17.80,+0.00000,0,+0.00000,+0.00000,0.00000,+9.342,0,189.2,0.0
17.619132,3,0,0.249060,0.249060,0.2750,-0.02594,0,0,0,+0.00000,+0.00000,0.00000,0.00,0,+0.000,+0.00000,-24.759,-0.00367,-17.80,+0.00000,0,+0.00000,+0.00000,0.00000,+9.343,0,189.2,0.0
17.623747,3,0,0.249048,0.249048,0.2750,-0.02595,0,0,0,+0.00000,+0.00000,0.00000,0.00,0,+0.000,+0.00000,-24.760,-0.00367,-17.80,+0.00000,0,+0.00000,+0.00000,0.00000,+9.345,0,189.2,0.0
17.629314,3,0,0.249033,0.249033,0.2750,-0.02597,0,0,0,+0.00000,+0.00000,0.00000,0.00,0,+0.000,+0.00000,-24.760,-0.00367,-17.80,+0.00000,0,+0.00000,+0.00000,0.00000,+9.345,0,189.2,0.0
17.633994,3,0,0.249020,0.249020,0.2750,-0.02598,0,0,0,+0.00000,+0.00000,0.00000,0.00,0,+0.000,+0.00000,-24.763,-0.00367,-17.80,+0.00000,0,+0.00000,+0.00000,0.00000,+9.347,0,189.2,0.0
17.639298,3,0,0.249006,0.249006,0.2750,-0.02599,0,0,0,+0.00000,+0.00000,0.00000,0.00,0,+0.000,+0.00000,-24.763,-0.00367,-17.80,+0.00000,0,+0.00000,+0.00000,0.00000,+9.347,0,189.2,0.0
17.644035,3,0,0.248993,0.248993,0.2750,-0.02601,0,0,0,+0.00000,+0.00000,0.00000,0.00,0,+0.000,+0.00000,-24.764,-0.00367,-17.80,+0.00000,0,+0.00000,+0.00000,0.00000,+9.349,0,189.2,0.0
17.648898,3,0,0.248980,0.248980,0.2750,-0.02602,0,0,0,+0.00000,+0.00000,0.00000,0.00,0,+0.000,+0.00000,-24.764,-0.00367,-17.80,+0.00000,0,+0.00000,+0.00000,0.00000,+9.349,0,189.2,0.0
17.653479,3,0,0.248968,0.248968,0.2750,-0.02603,0,0,0,+0.00000,+0.00000,0.00000,0.00,0,+0.000,+0.00000,-24.766,-0.00367,-17.80,+0.00000,0,+0.00000,+0.00000,0.00000,+9.350,0,189.2,0.0
17.658286,3,0,0.248955,0.248955,0.2750,-0.02604,0,0,0,+0.00000,+0.00000,0.00000,0.00,0,+0.000,+0.00000,-24.768,-0.00367,-17.80,+0.00000,0,+0.00000,+0.00000,0.00000,+9.352,0,189.2,0.0
17.662760,3,0,0.248944,0.248944,0.2750,-0.02606,0,0,0,+0.00000,+0.00000,0.00000,0.00,0,+0.000,+0.00000,-24.768,-0.00367,-17.80,+0.00000,0,+0.00000,+0.00000,0.00000,+9.352,0,189.2,0.0
17.667511,3,0,0.248931,0.248931,0.2750,-0.02607,0,0,0,+0.00000,+0.00000,0.00000,0.00,0,+0.000,+0.00000,-24.770,-0.00367,-17.80,+0.00000,0,+0.00000,+0.00000,0.00000,+9.354,0,189.2,0.0
17.672012,3,0,0.248919,0.248919,0.2750,-0.02608,0,0,0,+0.00000,+0.00000,0.00000,0.00,0,+0.000,+0.00000,-24.770,-0.00367,-17.80,+0.00000,0,+0.00000,+0.00000,0.00000,+9.354,0,189.2,0.0
17.676506,3,0,0.248908,0.248908,0.2750,-0.02609,0,0,0,+0.00000,+0.00000,0.00000,0.00,0,+0.000,+0.00000,-24.772,-0.00367,-17.80,+0.00000,0,+0.00000,+0.00000,0.00000,+9.356,0,189.2,0.0
17.681250,3,0,0.248895,0.248895,0.2750,-0.02610,0,0,0,+0.00000,+0.00000,0.00000,0.00,0,+0.000,+0.00000,-24.772,-0.00367,-17.80,+0.00000,0,+0.00000,+0.00000,0.00000,+9.356,0,189.2,0.0
17.685660,3,0,0.248884,0.248884,0.2750,-0.02612,0,0,0,+0.00000,+0.00000,0.00000,0.00,0,+0.000,+0.00000,-24.774,-0.00367,-17.80,+0.00000,0,+0.00000,+0.00000,0.00000,+9.357,0,189.2,0.0
17.690110,3,0,0.248872,0.248872,0.2750,-0.02613,0,0,0,+0.00000,+0.00000,0.00000,0.00,0,+0.000,+0.00000,-24.774,-0.00367,-17.80,+0.00000,0,+0.00000,+0.00000,0.00000,+9.357,0,189.2,0.0
17.694749,3,0,0.248860,0.248860,0.2750,-0.02614,0,0,0,+0.00000,+0.00000,0.00000,0.00,0,+0.000,+0.00000,-24.776,-0.00367,-17.80,+0.00000,0,+0.00000,+0.00000,0.00000,+9.359,0,189.2,0.0
17.700179,3,0,0.248846,0.248846,0.2750,-0.02615,0,0,0,+0.00000,+0.00000,0.00000,0.00,0,+0.000,+0.00000,-24.778,-0.00367,-17.80,+0.00000,0,+0.00000,+0.00000,0.00000,+9.361,0,189.2,0.0
17.704961,3,0,0.248834,0.248834,0.2750,-0.02617,0,0,0,+0.00000,+0.00000,0.00000,0.00,0,+0.000,+0.00000,-24.778,-0.00367,-17.80,+0.00000,0,+0.00000,+0.00000,0.00000,+9.361,0,189.2,0.0
17.710447,3,0,0.248820,0.248820,0.2750,-0.02618,0,0,0,+0.00000,+0.00000,0.00000,0.00,0,+0.000,+0.00000,-24.779,-0.00367,-17.80,+0.00000,0,+0.00000,+0.00000,0.00000,+9.362,0,189.2,0.0
17.715190,3,0,0.248808,0.248808,0.2750,-0.02619,0,0,0,+0.00000,+0.00000,0.00000,0.00,0,+0.000,+0.00000,-24.779,-0.00367,-17.80,+0.00000,0,+0.00000,+0.00000,0.00000,+9.362,0,189.2,0.0
17.720462,3,0,0.248795,0.248795,0.2750,-0.02621,0,0,0,+0.00000,+0.00000,0.00000,0.00,0,+0.000,+0.00000,-24.781,-0.00367,-17.80,+0.00000,0,+0.00000,+0.00000,0.00000,+9.364,0,189.2,0.0
17.725199,3,0,0.248783,0.248783,0.2750,-0.02622,0,0,0,+0.00000,+0.00000,0.00000,0.00,0,+0.000,+0.00000,-24.781,-0.00367,-17.80,+0.00000,0,+0.00000,+0.00000,0.00000,+9.364,0,189.2,0.0
17.730068,3,0,0.248771,0.248771,0.2750,-0.02623,0,0,0,+0.00000,+0.00000,0.00000,0.00,0,+0.000,+0.00000,-24.783,-0.00367,-17.80,+0.00000,0,+0.00000,+0.00000,0.00000,+9.366,0,189.2,0.0
17.734694,3,0,0.248759,0.248759,0.2750,-0.02624,0,0,0,+0.00000,+0.00000,0.00000,0.00,0,+0.000,+0.00000,-24.783,-0.00367,-17.80,+0.00000,0,+0.00000,+0.00000,0.00000,+9.366,0,189.2,0.0
17.739438,3,0,0.248747,0.248747,0.2750,-0.02625,0,0,0,+0.00000,+0.00000,0.00000,0.00,0,+0.000,+0.00000,-24.785,-0.00367,-17.80,+0.00000,0,+0.00000,+0.00000,0.00000,+9.368,0,189.2,0.0
17.743951,3,0,0.248736,0.248736,0.2750,-0.02626,0,0,0,+0.00000,+0.00000,0.00000,0.00,0,+0.000,+0.00000,-24.787,-0.00367,-17.80,+0.00000,0,+0.00000,+0.00000,0.00000,+9.369,0,189.2,0.0
17.748513,3,0,0.248724,0.248724,0.2750,-0.02628,0,0,0,+0.00000,+0.00000,0.00000,0.00,0,+0.000,+0.00000,-24.787,-0.00367,-17.80,+0.00000,0,+0.00000,+0.00000,0.00000,+9.369,0,189.2,0.0
17.753119,3,0,0.248713,0.248713,0.2750,-0.02629,0,0,0,+0.00000,+0.00000,0.00000,0.00,0,+0.000,+0.00000,-24.789,-0.00367,-17.80,+0.00000,0,+0.00000,+0.00000,0.00000,+9.371,0,189.2,0.0
17.757599,3,0,0.248702,0.248702,0.2750,-0.02630,0,0,0,+0.00000,+0.00000,0.00000,0.00,0,+0.000,+0.00000,-24.789,-0.00367,-17.80,+0.00000,0,+0.00000,+0.00000,0.00000,+9.371,0,189.2,0.0
17.762159,3,0,0.248691,0.248691,0.2750,-0.02631,0,0,0,+0.00000,+0.00000,0.00000,0.00,0,+0.000,+0.00000,-24.791,-0.00367,-17.80,+0.00000,0,+0.00000,+0.00000,0.00000,+9.373,0,189.2,0.0
17.767052,3,0,0.248679,0.248679,0.2750,-0.02632,0,0,0,+0.00000,+0.00000,0.00000,0.00,0,+0.000,+0.00000,-24.791,-0.00367,-17.80,+0.00000,0,+0.00000,+0.00000,0.00000,+9.373,0,189.2,0.0
17.772491,3,0,0.248665,0.248665,0.2750,-0.02633,0,0,0,+0.00000,+0.00000,0.00000,0.00,0,+0.000,+0.00000,-24.793,-0.00367,-17.80,+0.00000,0,+0.00000,+0.00000,0.00000,+9.375,0,189.2,0.0
17.778448,3,0,0.248651,0.248651,0.2750,-0.02635,0,0,0,+0.00000,+0.00000,0.00000,0.00,0,+0.000,+0.00000,-24.795,-0.00367,-17.80,+0.00000,0,+0.00000,+0.00000,0.00000,+9.376,0,189.2,0.0
17.783022,3,0,0.248640,0.248640,0.2750,-0.02636,0,0,0,+0.00000,+0.00000,0.00000,0.00,0,+0.000,+0.00000,-24.795,-0.00367,-17.80,+0.00000,0,+0.00000,+0.00000,0.00000,+9.376,0,189.2,0.0
17.787995,3,0,0.248628,0.248628,0.2750,-0.02637,0,0,0,+0.00000,+0.00000,0.00000,0.00,0,+0.000,+0.00000,-24.797,-0.00367,-17.80,+0.00000,0,+0.00000,+0.00000,0.00000,+9.378,0,189.2,0.0
17.792969,3,0,0.248616,0.248616,0.2750,-0.02638,0,0,0,+0.00000,+0.00000,0.00000,0.00,0,+0.000,+0.00000,-24.797,-0.00367,-17.80,+0.00000,0,+0.00000,+0.00000,0.00000,+9.378,0,189.2,0.0
17.798127,3,0,0.248603,0.248603,0.2750,-0.02640,0,0,0,+0.00000,+0.00000,0.00000,0.00,0,+0.000,+0.00000,-24.798,-0.00367,-17.80,+0.00000,0,+0.00000,+0.00000,0.00000,+9.380,0,189.2,0.0
17.803249,3,0,0.248591,0.248591,0.2750,-0.02641,0,0,0,+0.00000,+0.00000,0.00000,0.00,0,+0.000,+0.00000,-24.798,-0.00367,-17.80,+0.00000,0,+0.00000,+0.00000,0.00000,+9.380,0,189.2,0.0
