t,seg,active_gate,thrust,base_thrust,vtrim,gate_v_ok,gate_found,u_err,v_err,size_frac,cy,steer,des_roll_deg,roll_n,est_pitch_deg,gyro_pitch,des_pitch_deg,pitch_n,tube_found,u_tube,curvature,area_frac,est_roll_deg,hold_on,loop_hz,det_hz
0.0144,0,0,0.2743,0.2750,-0.00070,1,1,+0.02030,+0.00438,0.07556,180.79,1,-1.163,-0.00515,-17.802,+0.00000,-17.80,+0.00000,1,-0.01555,-0.00393,0.02230,+0.016,0,0.0,0.0
0.0495,0,0,0.2758,0.2750,+0.00084,1,1,+0.02084,+0.00219,0.07617,180.39,1,-1.194,-0.00528,-17.802,+0.00000,-17.80,+0.00000,1,-0.02012,+0.00108,0.02149,+0.016,0,0.0,0.0
0.0784,0,0,0.2770,0.2750,+0.00201,1,1,+0.02113,+0.00029,0.07698,180.05,1,-1.210,-0.00535,-17.832,-0.01695,-17.80,+0.00000,1,-0.01850,+0.00004,0.02043,+0.017,0,0.0,0.0
0.1044,0,0,0.2767,0.2750,+0.00171,1,1,+0.02113,+0.00029,0.07698,180.05,1,-1.210,-0.00542,-17.580,-0.00621,-17.80,+0.00000,1,-0.01850,+0.00004,0.02043,+0.030,0,0.0,0.0
0.1331,0,0,0.2791,0.2750,+0.00412,1,1,+0.02016,-0.00346,0.07837,179.38,1,-1.155,-0.00492,-16.722,-0.00098,-17.80,+0.00000,1,-0.01534,-0.00390,0.01971,-0.010,0,0.0,0.0
0.1664,0,0,0.2794,0.2750,+0.00437,1,1,+0.02126,-0.00473,0.07896,179.15,1,-1.218,-0.00391,-15.535,+0.00283,-17.80,+0.00000,1,-0.01314,-0.00574,0.01946,-0.208,0,0.0,0.0
0.1925,0,0,0.2804,0.2750,+0.00543,1,1,+0.01826,-0.00692,0.07678,178.75,1,-1.046,-0.00270,-14.681,+0.00381,-17.80,+0.00000,1,-0.01515,-0.00131,0.01952,-0.344,0,0.0,0.0
0.2223,0,0,0.2811,0.2750,+0.00612,1,1,+0.01448,-0.00889,0.07954,178.40,1,-0.830,-0.00167,-13.828,+0.00068,-17.80,+0.00000,1,-0.00938,-0.00782,0.01919,-0.402,0,0.0,0.0
0.2507,0,0,0.2814,0.2750,+0.00642,1,1,+0.01340,-0.01034,0.08146,178.14,1,-0.768,-0.00130,-12.973,+0.00075,-17.80,+0.00000,1,-0.00591,-0.01244,0.01882,-0.432,0,0.0,0.0
0.2788,0,0,0.2812,0.2750,+0.00622,1,1,+0.01296,-0.01111,0.08184,178.00,1,-0.743,-0.00110,-11.834,+0.00094,-17.80,+0.00000,1,-0.00538,-0.01398,0.01881,-0.463,0,0.0,0.0
0.3031,0,0,0.2806,0.2750,+0.00561,1,1,+0.01296,-0.01111,0.08184,178.00,1,-0.743,-0.00110,-11.295,+0.00081,-17.80,+0.00000,1,-0.00538,-0.01398,0.01881,-0.469,0,0.0,0.0
0.3312,0,0,0.2795,0.2750,+0.00452,1,1,+0.01349,-0.01044,0.08146,178.12,1,-0.773,-0.00128,-10.395,+0.00067,-17.80,+0.00000,1,-0.00160,-0.01850,0.01863,-0.461,0,0.0,0.0
0.3615,0,0,0.2809,0.2750,+0.00590,1,1,+0.01390,-0.01304,0.08221,177.65,1,-0.796,-0.00141,-9.810,+0.00061,-17.80,+0.00000,1,-0.01246,-0.01009,0.01886,-0.457,0,0.0,0.0
0.3911,0,0,0.2798,0.2750,+0.00482,1,1,+0.01539,-0.01242,0.08089,177.76,1,-0.882,-0.00180,-8.997,+0.00052,-17.80,+0.00000,1,-0.01280,-0.01154,0.01874,-0.451,0,0.0,0.0
0.4195,0,0,0.2795,0.2750,+0.00448,1,1,+0.01408,-0.01257,0.08108,177.74,1,-0.807,-0.00146,-8.433,+0.00047,-17.80,+0.00000,1,-0.01399,-0.01068,0.01862,-0.452,0,0.0,0.0
0.4479,0,0,0.2808,0.2750,+0.00584,1,1,+0.01352,-0.01500,0.08240,177.30,1,-0.775,-0.00130,-7.982,+0.00041,-17.80,+0.00000,1,-0.01649,-0.00723,0.01854,-0.454,0,0.0,0.0
0.4766,0,0,0.2803,0.2750,+0.00529,1,1,+0.01352,-0.01500,0.08240,177.30,1,-0.775,-0.00132,-7.402,+0.00035,-17.80,+0.00000,1,-0.01649,-0.00723,0.01854,-0.453,0,0.0,0.0
0.5060,0,0,0.2810,0.2750,+0.00601,1,1,+0.01468,-0.01667,0.08352,177.00,1,-0.841,-0.00164,-7.037,+0.00032,-17.80,+0.00000,1,-0.02048,-0.00518,0.01854,-0.448,0,0.0,0.0
0.5341,0,0,0.2796,0.2750,+0.00462,1,1,+0.01507,-0.01548,0.08315,177.21,1,-0.863,-0.00176,-6.686,+0.00029,-17.80,+0.00000,1,-0.03052,+0.00277,0.01886,-0.442,0,0.0,0.0
0.5643,0,0,0.2796,0.2750,+0.00458,1,1,+0.01463,-0.01591,0.08407,177.14,1,-0.838,-0.00166,-6.241,+0.00024,-17.80,+0.00000,1,-0.03775,+0.00744,0.01946,-0.437,0,0.0,0.0
0.5930,0,0,0.2791,0.2750,+0.00412,1,1,+0.01548,-0.01573,0.08444,177.17,1,-0.887,-0.00185,-5.900,+0.00021,-17.80,+0.00000,1,-0.05348,+0.02044,0.02043,-0.442,0,0.0,0.0
0.6237,0,0,0.2772,0.2750,+0.00216,1,1,+0.01607,-0.01337,0.08352,177.59,1,-0.921,-0.00201,-5.679,+0.00019,-17.80,+0.00000,1,-0.06744,+0.02590,0.02185,-0.441,0,0.0,0.0
0.6528,0,0,0.2776,0.2750,+0.00262,1,1,+0.01518,-0.01401,0.08352,177.48,1,-0.870,-0.00176,-5.233,+0.00016,-17.80,+0.00000,1,-0.17712,+0.08141,0.07643,-0.444,0,0.0,0.0
0.6787,0,0,0.2755,0.2750,+0.00052,1,1,+0.01491,-0.01121,0.08203,177.98,1,-0.854,-0.00166,-4.915,+0.00015,-17.80,+0.00000,1,-0.03972,+0.02685,0.17473,-0.450,0,0.0,0.0
0.7041,0,0,0.2757,0.2750,+0.00071,1,1,+0.01491,-0.01121,0.08203,177.98,1,-0.854,-0.00166,-4.768,+0.00014,-17.80,+0.00000,1,-0.03972,+0.02685,0.17473,-0.451,0,0.0,0.0
0.7317,0,0,0.2653,0.2750,-0.00974,1,1,+0.01246,+0.00347,0.07370,180.62,1,-0.714,-0.00108,-4.599,+0.00012,-17.80,+0.00000,1,-0.03831,+0.02729,0.19870,-0.448,0,0.0,0.0
0.7578,0,0,0.2567,0.2750,-0.01833,1,1,+0.01118,+0.01714,0.06827,183.09,1,-0.640,-0.00076,-4.381,+0.00011,-17.80,+0.00000,1,-0.04025,+0.02790,0.18785,-0.447,0,0.0,0.0
0.7842,0,0,0.2589,0.2750,-0.01611,1,1,+0.00966,+0.01730,0.07179,183.11,1,-0.553,-0.00039,-4.159,+0.00009,-17.80,+0.00000,1,-0.05889,+0.04223,0.16307,-0.448,0,0.0,0.0
0.8127,0,0,0.2655,0.2750,-0.00948,1,1,+0.00976,+0.01105,0.07556,181.99,1,-0.559,-0.00049,-4.060,+0.00008,-17.80,+0.00000,1,-0.16938,+0.14743,0.11512,-0.437,0,0.0,0.0
0.8418,0,0,0.2745,0.2750,-0.00052,1,1,+0.00942,+0.00032,0.08032,180.06,1,-0.540,-0.00041,-3.958,+0.00007,-17.80,+0.00000,1,-0.20380,+0.17612,0.07732,-0.439,0,0.0,0.0
0.8692,0,0,0.2746,0.2750,-0.00044,1,1,+0.00942,+0.00032,0.08032,180.06,1,-0.540,-0.00050,-3.889,+0.00006,-17.80,+0.00000,1,-0.20380,+0.17612,0.07732,-0.418,0,0.0,0.0
0.8933,0,0,0.2819,0.2750,+0.00693,1,1,+0.00916,-0.00965,0.08535,178.26,1,-0.525,-0.00052,-3.804,+0.00006,-17.80,+0.00000,1,+0.04714,-0.11676,0.05144,-0.399,0,0.0,0.0
0.9168,0,0,0.2828,0.2750,+0.00781,1,1,+0.00995,-0.01184,0.08696,177.87,1,-0.570,-0.00076,-3.681,+0.00006,-17.80,+0.00000,0,+0.00000,+0.00000,0.02868,-0.391,0,0.0,0.0
0.9421,0,0,0.2843,0.2750,+0.00928,1,1,+0.01080,-0.01502,0.08837,177.30,1,-0.619,-0.00107,-3.673,+0.00005,-17.80,+0.00000,0,+0.00000,+0.00000,0.01858,-0.368,0,0.0,0.0
0.9708,0,0,0.2832,0.2750,+0.00818,1,1,+0.01080,-0.01502,0.08837,177.30,1,-0.619,-0.00116,-3.589,+0.00004,-17.80,+0.00000,0,+0.00000,+0.00000,0.01858,-0.346,0,0.0,0.0
1.0002,0,0,0.2803,0.2750,+0.00527,1,1,+0.01099,-0.01229,0.08696,177.79,1,-0.630,-0.00125,-3.610,+0.00004,-17.80,+0.00000,0,+0.00000,+0.00000,0.01375,-0.332,0,0.0,0.0
1.0261,0,0,0.2785,0.2750,+0.00347,1,1,+0.01212,-0.01049,0.08462,178.11,1,-0.695,-0.00156,-3.589,+0.00003,-17.80,+0.00000,0,+0.00000,+0.00000,0.00964,-0.323,0,36.5,35.5
1.0541,0,0,0.2767,0.2750,+0.00165,1,1,+0.01139,-0.00836,0.08425,178.50,1,-0.652,-0.00138,-3.460,+0.00003,-17.80,+0.00000,0,+0.00000,+0.00000,0.00462,-0.323,0,36.5,35.5
1.0794,0,0,0.2766,0.2750,+0.00161,1,1,+0.01139,-0.00836,0.08425,178.50,1,-0.652,-0.00140,-3.442,+0.00003,-17.80,+0.00000,0,+0.00000,+0.00000,0.00462,-0.317,0,36.5,35.5
1.1106,0,0,0.2783,0.2750,+0.00325,1,1,+0.01018,-0.01073,0.08498,178.07,1,-0.583,-0.00108,-3.392,+0.00002,-17.80,+0.00000,0,+0.00000,+0.00000,0.00303,-0.320,0,36.5,35.5
1.1383,0,0,0.2780,0.2750,+0.00301,1,1,+0.01018,-0.01073,0.08498,178.07,1,-0.583,-0.00107,-3.349,+0.00002,-17.80,+0.00000,0,+0.00000,+0.00000,0.00303,-0.324,0,36.5,35.5
1.1656,0,0,0.2789,0.2750,+0.00389,1,1,+0.00786,-0.01222,0.08625,177.80,1,-0.450,-0.00052,-3.331,+0.00002,-17.80,+0.00000,0,+0.00000,+0.00000,0.00291,-0.318,0,36.5,35.5
1.1923,0,0,0.2800,0.2750,+0.00499,1,1,+0.00694,-0.01414,0.08837,177.45,1,-0.398,-0.00030,-3.252,+0.00002,-17.80,+0.00000,0,+0.00000,+0.00000,0.00265,-0.319,0,36.5,35.5
1.2179,0,0,0.2804,0.2750,+0.00536,1,1,+0.00632,-0.01519,0.09027,177.27,1,-0.362,-0.00021,-3.264,+0.00001,-17.80,+0.00000,0,+0.00000,+0.00000,0.00243,-0.306,0,36.5,35.5
1.2436,0,0,0.2799,0.2750,+0.00493,1,1,+0.00632,-0.01519,0.09027,177.27,1,-0.362,-0.00028,-3.232,+0.00001,-17.80,+0.00000,0,+0.00000,+0.00000,0.00243,-0.294,0,36.5,35.5
1.2728,0,0,0.2840,0.2750,+0.00903,1,1,+0.00585,-0.02147,0.09296,176.14,1,-0.335,-0.00026,-3.281,+0.00001,-17.80,+0.00000,0,+0.00000,+0.00000,0.00251,-0.272,0,36.5,35.5
1.3002,0,0,0.2844,0.2750,+0.00945,1,1,+0.00596,-0.02324,0.09362,175.82,1,-0.342,-0.00035,-3.296,+0.00001,-17.80,+0.00000,0,+0.00000,+0.00000,0.00267,-0.257,0,36.5,35.5
1.3279,0,0,0.2865,0.2750,+0.01151,1,1,+0.00478,-0.02732,0.09526,175.08,1,-0.274,-0.00012,-3.314,+0.00001,-17.80,+0.00000,0,+0.00000,+0.00000,0.00324,-0.243,0,36.5,35.5
1.3547,0,0,0.2855,0.2750,+0.01053,1,1,+0.00559,-0.02747,0.09493,175.05,1,-0.320,-0.00040,-3.353,+0.00001,-17.80,+0.00000,0,+0.00000,+0.00000,0.00499,-0.224,0,36.5,35.5
1.3854,0,0,0.2845,0.2750,+0.00949,1,1,+0.00559,-0.02747,0.09493,175.05,1,-0.320,-0.00045,-3.356,+0.00001,-17.80,+0.00000,0,+0.00000,+0.00000,0.00499,-0.214,0,36.5,35.5
1.4149,0,0,0.2864,0.2750,+0.01142,1,1,+0.00487,-0.03133,0.09606,174.36,1,-0.279,-0.00033,-3.365,+0.00001,-17.80,+0.00000,0,+0.00000,+0.00000,0.00737,-0.200,0,36.5,35.5
1.4459,0,0,0.2853,0.2750,+0.01032,1,1,+0.00487,-0.03133,0.09606,174.36,1,-0.279,-0.00046,-3.646,+0.00001,-17.80,+0.00000,0,+0.00000,+0.00000,0.00737,-0.168,0,36.5,35.5
1.4761,0,0,0.2851,0.2750,+0.01015,1,1,+0.00373,-0.03233,0.09782,174.18,1,-0.214,-0.00020,-3.651,+0.00000,-17.80,+0.00000,0,+0.00000,+0.00000,0.00857,-0.163,0,36.5,35.5
1.5064,0,0,0.2828,0.2750,+0.00777,1,1,+0.00225,-0.03018,0.09891,174.57,1,-0.129,+0.00008,-3.796,+0.00000,-17.80,+0.00000,0,+0.00000,+0.00000,0.00866,-0.143,0,36.5,35.5
1.5358,0,0,0.2823,0.2750,+0.00729,1,1,+0.00225,-0.03018,0.09891,174.57,1,-0.129,+0.00004,-3.843,+0.00000,-17.80,+0.00000,0,+0.00000,+0.00000,0.00866,-0.135,0,36.5,35.5
1.5596,0,0,0.2829,0.2750,+0.00793,1,1,+0.00262,-0.03151,0.09891,174.33,1,-0.150,-0.00017,-4.029,+0.00000,-17.80,+0.00000,0,+0.00000,+0.00000,0.00871,-0.111,0,36.5,35.5
1.5873,0,0,0.2832,0.2750,+0.00820,1,1,+0.00274,-0.03250,0.09923,174.15,1,-0.157,-0.00028,-4.115,+0.00000,-17.80,+0.00000,0,+0.00000,+0.00000,0.00885,-0.093,0,36.5,35.5
1.6134,0,0,0.2842,0.2750,+0.00918,1,1,+0.00239,-0.03447,0.10000,173.80,1,-0.137,-0.00022,-4.141,+0.00000,-17.80,+0.00000,0,+0.00000,+0.00000,0.00866,-0.087,0,36.5,35.5
1.6428,0,0,0.2836,0.2750,+0.00858,1,1,+0.00239,-0.03447,0.10000,173.80,1,-0.137,-0.00025,-4.229,+0.00000,-17.80,+0.00000,0,+0.00000,+0.00000,0.00866,-0.077,0,36.5,35.5
1.6708,0,0,0.2832,0.2750,+0.00820,1,1,+0.00243,-0.03461,0.09969,173.77,1,-0.139,-0.00028,-4.301,+0.00000,-17.80,+0.00000,0,+0.00000,+0.00000,0.00891,-0.071,0,36.5,35.5
1.6998,0,0,0.2843,0.2750,+0.00926,1,1,+0.00064,-0.03668,0.10123,173.40,1,-0.037,+0.00013,-4.398,+0.00000,-17.80,+0.00000,0,+0.00000,+0.00000,0.00881,-0.063,0,36.5,35.5
1.7262,0,0,0.2834,0.2750,+0.00839,1,1,+0.00000,-0.03618,0.10244,173.49,1,-0.000,+0.00026,-4.490,+0.00000,-17.80,+0.00000,0,+0.00000,+0.00000,0.00894,-0.056,0,36.5,35.5
1.7573,0,0,0.2822,0.2750,+0.00722,1,1,-0.00044,-0.03517,0.10229,173.67,1,+0.025,+0.00032,-4.569,+0.00000,-17.80,+0.00000,0,+0.00000,+0.00000,0.00922,-0.049,0,36.5,35.5
1.7867,0,0,0.2806,0.2750,+0.00560,1,1,-0.00173,-0.03327,0.10349,174.01,1,+0.099,+0.00058,-4.643,+0.00000,-17.80,+0.00000,0,+0.00000,+0.00000,0.01138,-0.038,0,36.5,35.5
1.8169,0,0,0.2830,0.2750,+0.00795,1,1,-0.00019,-0.03663,0.10453,173.41,1,+0.011,+0.00014,-4.734,+0.00000,-17.80,+0.00000,0,+0.00000,+0.00000,0.02664,-0.024,0,36.5,35.5
1.8468,0,0,0.2824,0.2750,+0.00740,1,1,-0.00045,-0.03635,0.10614,173.46,1,+0.026,+0.00011,-4.861,+0.00000,-17.80,+0.00000,0,+0.00000,+0.00000,0.04646,-0.006,0,36.5,35.5
1.8752,0,0,0.2822,0.2750,+0.00715,1,1,-0.00045,-0.03635,0.10614,173.46,1,+0.026,+0.00007,-4.942,+0.00000,-17.80,+0.00000,0,+0.00000,+0.00000,0.04646,+0.005,0,36.5,35.5
1.9032,0,0,0.2846,0.2750,+0.00962,1,1,-0.00189,-0.04005,0.10787,172.79,1,+0.108,+0.00041,-5.050,+0.00000,-17.80,+0.00000,0,+0.00000,+0.00000,0.05641,+0.013,0,36.5,35.5
1.9317,0,0,0.2829,0.2750,+0.00794,1,1,-0.00361,-0.03844,0.11083,173.08,1,+0.207,+0.00082,-5.149,+0.00000,-17.80,+0.00000,0,+0.00000,+0.00000,0.06678,+0.018,0,36.5,35.5
1.9568,0,0,0.2817,0.2750,+0.00665,1,1,-0.00368,-0.03703,0.10985,173.34,1,+0.211,+0.00078,-5.270,+0.00000,-17.80,+0.00000,0,+0.00000,+0.00000,0.07168,+0.029,0,36.5,35.5
1.9864,0,0,0.2819,0.2750,+0.00685,1,1,-0.00313,-0.03747,0.10999,173.26,1,+0.179,+0.00060,-5.320,+0.00000,-17.80,+0.00000,0,+0.00000,+0.00000,0.07105,+0.035,0,36.5,35.5
2.0154,0,0,0.2817,0.2750,+0.00671,1,1,-0.00313,-0.03747,0.10999,173.26,1,+0.179,+0.00052,-5.389,+0.00000,-17.80,+0.00000,0,+0.00000,+0.00000,0.07105,+0.051,0,36.5,35.5
2.0439,0,0,0.2785,0.2750,+0.00349,1,1,-0.00133,-0.03316,0.10787,174.03,1,+0.076,+0.00003,-5.507,+0.00000,-17.80,+0.00000,0,+0.00000,+0.00000,0.06512,+0.063,0,35.4,35.4
2.0709,0,0,0.2743,0.2750,-0.00074,1,1,-0.00055,-0.02693,0.10556,175.15,1,+0.032,-0.00019,-5.589,+0.00000,-17.80,+0.00000,0,+0.00000,+0.00000,0.05979,+0.070,0,35.4,35.4
2.0983,0,0,0.2688,0.2750,-0.00617,1,1,-0.00212,-0.01836,0.10408,176.70,1,+0.121,+0.00019,-5.722,+0.00000,-17.80,+0.00000,0,+0.00000,+0.00000,0.05025,+0.078,0,35.4,35.4
2.1242,0,0,0.2662,0.2750,-0.00875,1,1,+0.00077,-0.01297,0.10244,177.66,1,-0.044,-0.00054,-5.860,+0.00000,-17.80,+0.00000,0,+0.00000,+0.00000,0.04014,+0.080,0,35.4,35.4
2.1520,0,0,0.2653,0.2750,-0.00967,1,1,+0.00225,-0.00936,0.10184,178.32,1,-0.129,-0.00091,-5.989,+0.00000,-17.80,+0.00000,0,+0.00000,+0.00000,0.03001,+0.079,0,35.4,35.4
2.1800,0,0,0.2697,0.2750,-0.00529,1,1,+0.00117,-0.01299,0.10453,177.66,1,-0.067,-0.00063,-6.153,+0.00000,-17.80,+0.00000,0,+0.00000,+0.00000,0.02562,+0.081,0,35.4,35.4
2.2115,0,0,0.2710,0.2750,-0.00401,1,1,+0.00117,-0.01299,0.10453,177.66,1,-0.067,-0.00059,-6.412,+0.00000,-17.80,+0.00000,0,+0.00000,+0.00000,0.02562,+0.077,0,35.4,35.4
2.2399,0,0,0.2759,0.2750,+0.00089,1,1,-0.00309,-0.01845,0.10915,176.68,1,+0.177,+0.00053,-6.524,+0.00000,-17.80,+0.00000,0,+0.00000,+0.00000,0.02168,+0.062,0,35.4,35.4
2.2703,0,0,0.2766,0.2750,+0.00162,1,1,-0.00358,-0.01899,0.11041,176.58,1,+0.205,+0.00069,-6.681,+0.00000,-17.80,+0.00000,0,+0.00000,+0.00000,0.02001,+0.053,0,35.4,35.4
2.2982,0,0,0.2807,0.2750,+0.00570,1,1,-0.00428,-0.02432,0.11208,175.62,1,+0.245,+0.00080,-6.805,+0.00000,-17.80,+0.00000,0,+0.00000,+0.00000,0.01882,+0.058,0,35.4,35.4
2.3295,0,0,0.2831,0.2750,+0.00808,1,1,-0.00814,-0.02811,0.11600,174.94,1,+0.467,+0.00167,-6.922,+0.00000,-17.80,+0.00000,0,+0.00000,+0.00000,0.01744,+0.075,0,35.4,35.4
2.3579,0,0,0.2847,0.2750,+0.00967,1,1,-0.00940,-0.03110,0.11889,174.40,1,+0.539,+0.00192,-7.056,+0.00000,-17.80,+0.00000,0,+0.00000,+0.00000,0.01659,+0.090,0,35.4,35.4
2.3909,0,0,0.2859,0.2750,+0.01088,1,1,-0.01073,-0.03401,0.12095,173.88,1,+0.615,+0.00213,-7.151,+0.00000,-17.80,+0.00000,0,+0.00000,+0.00000,0.01521,+0.111,0,35.4,35.4
2.4228,0,0,0.2867,0.2750,+0.01169,1,1,-0.01447,-0.03650,0.12360,173.43,1,+0.829,+0.00287,-7.293,+0.00000,-17.80,+0.00000,0,+0.00000,+0.00000,0.01416,+0.149,0,35.4,35.4
2.4508,0,0,0.2830,0.2750,+0.00804,1,1,-0.01276,-0.03271,0.12447,174.11,1,+0.731,+0.00234,-7.363,-0.00000,-17.80,+0.00000,0,+0.00000,+0.00000,0.01362,+0.173,0,35.4,35.4
2.4796,0,0,0.2828,0.2750,+0.00784,1,1,-0.01271,-0.03307,0.12534,174.05,1,+0.728,+0.00209,-7.501,+0.00000,-17.80,+0.00000,0,+0.00000,+0.00000,0.01342,+0.219,0,35.4,35.4
2.5069,0,0,0.2856,0.2750,+0.01060,1,1,-0.01440,-0.03742,0.12729,173.26,1,+0.825,+0.00236,-7.615,+0.00000,-17.80,+0.00000,0,+0.00000,+0.00000,0.01332,+0.258,0,35.4,35.4
2.5362,0,0,0.2848,0.2750,+0.00984,1,1,-0.01440,-0.03742,0.12729,173.26,1,+0.825,+0.00222,-7.770,+0.00000,-17.80,+0.00000,0,+0.00000,+0.00000,0.01332,+0.293,0,35.4,35.4
2.5631,0,0,0.2848,0.2750,+0.00980,1,1,-0.01649,-0.03817,0.13041,173.13,1,+0.945,+0.00264,-7.872,-0.00000,-17.80,+0.00000,0,+0.00000,+0.00000,0.01393,+0.317,0,35.4,35.4
2.5945,0,0,0.2827,0.2750,+0.00774,1,1,-0.01734,-0.03617,0.13112,173.49,1,+0.993,+0.00273,-7.990,+0.00000,-17.80,+0.00000,0,+0.00000,+0.00000,0.01367,+0.344,0,35.4,35.4
2.6245,0,0,0.2789,0.2750,+0.00388,1,1,-0.02008,-0.03124,0.13414,174.38,1,+1.150,+0.00331,-8.039,+0.00000,-17.80,+0.00000,0,+0.00000,+0.00000,0.01398,+0.366,0,35.4,35.4
2.6536,0,0,0.2776,0.2750,+0.00262,1,1,-0.01738,-0.02923,0.13437,174.74,1,+0.996,+0.00249,-8.164,-0.00000,-17.80,+0.00000,0,+0.00000,+0.00000,0.01406,+0.396,0,35.4,35.4
2.6840,0,0,0.2787,0.2750,+0.00365,1,1,-0.01748,-0.03019,0.13449,174.57,1,+1.002,+0.00234,-8.291,+0.00000,-17.80,+0.00000,0,+0.00000,+0.00000,0.01461,+0.429,0,35.4,35.4
2.7173,0,0,0.2803,0.2750,+0.00528,1,1,-0.01944,-0.03219,0.13732,174.21,1,+1.114,+0.00271,-8.435,+0.00000,-17.80,+0.00000,0,+0.00000,+0.00000,0.01495,+0.465,0,35.4,35.4
2.7455,0,0,0.2803,0.2750,+0.00526,1,1,-0.01944,-0.03219,0.13732,174.21,1,+1.114,+0.00263,-8.579,+0.00000,-17.80,+0.00000,0,+0.00000,+0.00000,0.01495,+0.485,0,35.4,35.4
2.7766,0,0,0.2779,0.2750,+0.00287,1,1,-0.01979,-0.02886,0.13878,174.80,1,+1.134,+0.00261,-8.704,+0.00000,-17.80,+0.00000,0,+0.00000,+0.00000,0.01530,+0.506,0,35.4,35.4
2.8071,0,0,0.2773,0.2750,+0.00231,1,1,-0.02296,-0.02766,0.14022,175.02,1,+1.315,+0.00331,-8.800,+0.00000,-17.80,+0.00000,0,+0.00000,+0.00000,0.01565,+0.527,0,35.4,35.4
2.8338,0,0,0.2748,0.2750,-0.00024,1,1,-0.02157,-0.02371,0.14153,175.73,1,+1.236,+0.00288,-8.926,+0.00000,-17.80,+0.00000,0,+0.00000,+0.00000,0.01582,+0.548,0,35.4,35.4
2.8636,0,0,0.2767,0.2750,+0.00175,1,1,-0.02597,-0.02555,0.14814,175.40,1,+1.488,+0.00384,-9.034,-0.00000,-17.80,+0.00000,0,+0.00000,+0.00000,0.01638,+0.574,0,35.4,35.4
2.8949,0,0,0.2796,0.2750,+0.00456,1,1,-0.02694,-0.02893,0.15235,174.79,1,+1.544,+0.00398,-9.199,-0.00000,-17.80,+0.00000,0,+0.00000,+0.00000,0.01676,+0.598,0,35.4,35.4
2.9261,0,0,0.2792,0.2750,+0.00416,1,1,-0.03176,-0.02835,0.15386,174.90,1,+1.819,+0.00504,-9.339,-0.00000,-17.80,+0.00000,0,+0.00000,+0.00000,0.01851,+0.625,0,35.4,35.4
2.9578,0,0,0.2779,0.2750,+0.00291,1,1,-0.03222,-0.02650,0.15476,175.23,1,+1.846,+0.00495,-9.468,-0.00000,-17.80,+0.00000,0,+0.00000,+0.00000,0.01954,+0.667,0,35.4,35.4
2.9871,0,0,0.2820,0.2750,+0.00696,1,1,-0.03388,-0.03185,0.16226,174.27,1,+1.941,+0.00518,-9.583,-0.00000,-17.80,+0.00000,0,+0.00000,+0.00000,0.02161,+0.702,0,35.4,35.4
3.0191,0,0,0.2808,0.2750,+0.00582,1,1,-0.03668,-0.03070,0.16694,174.47,1,+2.102,+0.00562,-9.709,+0.00000,-17.80,+0.00000,0,+0.00000,+0.00000,0.02543,+0.759,0,35.4,35.4
3.0500,0,0,0.2374,0.2750,-0.03760,1,1,-0.02463,+0.03000,0.17908,185.40,1,+1.411,+0.00240,-9.810,+0.00000,-17.80,+0.00000,0,+0.00000,+0.00000,0.04065,+0.807,0,33.8,33.8
3.0831,0,0,0.2490,0.2750,-0.02603,1,1,-0.02876,+0.02201,0.18215,183.96,1,+1.648,+0.00319,-9.943,-0.00000,-17.80,+0.00000,0,+0.00000,+0.00000,0.08152,+0.856,0,33.8,33.8
3.1164,0,0,0.2531,0.2750,-0.02194,1,1,-0.02876,+0.02201,0.18215,183.96,1,+1.648,+0.00307,-10.079,-0.00000,-17.80,+0.00000,0,+0.00000,+0.00000,0.08152,+0.915,0,33.8,33.8
3.1497,0,0,0.2534,0.2750,-0.02160,1,1,-0.02915,+0.02627,0.18642,184.73,1,+1.670,+0.00290,-10.079,-0.00000,-17.80,+0.00000,0,+0.00000,+0.00000,0.10457,+0.974,0,33.8,33.8
3.1829,0,0,0.2512,0.2750,-0.02377,1,1,-0.02927,+0.03381,0.18650,186.09,1,+1.677,+0.00267,-10.157,+0.00000,-17.80,+0.00000,1,+0.01800,-0.31019,0.12544,+1.029,0,33.8,33.8
3.2197,0,0,0.2566,0.2750,-0.01843,1,1,-0.03113,+0.03132,0.18970,185.64,1,+1.784,+0.00314,-10.425,+0.00000,-17.80,+0.00000,1,+0.01815,-0.32116,0.12167,+1.032,0,33.8,33.8
3.2533,0,0,0.2614,0.2750,-0.01357,1,1,-0.02998,+0.02792,0.19019,185.03,1,+1.718,+0.00281,-10.614,+0.00000,-17.80,+0.00000,0,+0.00000,+0.00000,0.11696,+1.042,0,33.8,33.8
3.2943,0,0,0.2581,0.2750,-0.01693,1,1,-0.03040,+0.03569,0.19157,186.42,1,+1.742,+0.00294,-10.871,-0.00000,-17.80,+0.00000,0,+0.00000,+0.00000,0.11225,+1.033,0,33.8,33.8
3.3706,0,0,0.2688,0.2750,-0.00615,1,1,-0.03248,+0.02407,0.19759,184.33,1,+1.861,+0.00353,-11.324,+0.00000,-17.80,+0.00000,0,+0.00000,+0.00000,0.10549,+1.022,0,33.8,33.8
3.4082,0,0,0.2733,0.2750,-0.00170,1,1,-0.04077,+0.01830,0.20950,183.29,1,+2.336,+0.00567,-11.564,-0.00000,-17.80,+0.00000,0,+0.00000,+0.00000,0.07740,+1.003,0,33.8,33.8
3.4448,0,0,0.2788,0.2750,+0.00382,1,1,-0.04625,+0.01003,0.21624,181.80,1,+2.650,+0.00702,-11.778,+0.00000,-17.80,+0.00000,0,+0.00000,+0.00000,0.07416,+1.002,0,33.8,33.8
3.4818,0,0,0.2805,0.2750,+0.00554,1,1,-0.05575,+0.00601,0.22744,181.08,1,+3.194,+0.00912,-11.891,+0.00000,-17.80,+0.00000,0,+0.00000,+0.00000,0.05047,+1.041,0,33.8,33.8
3.5201,0,0,0.2792,0.2750,+0.00422,1,1,-0.05575,+0.00601,0.22744,181.08,1,+3.194,+0.00875,-11.979,+0.00000,-17.80,+0.00000,0,+0.00000,+0.00000,0.05047,+1.111,0,33.8,33.8
3.5569,0,0,0.2818,0.2750,+0.00682,1,1,-0.06516,+0.00080,0.24280,180.14,1,+3.733,+0.01061,-12.048,+0.00000,-17.80,+0.00000,0,+0.00000,+0.00000,0.04897,+1.207,0,33.8,33.8
3.5904,0,0,0.2829,0.2750,+0.00793,1,1,-0.06810,-0.00257,0.24851,179.54,1,+3.902,+0.01095,-12.134,-0.00000,-17.80,+0.00000,0,+0.00000,+0.00000,0.04814,+1.296,0,33.8,33.8
3.6286,0,0,0.2871,0.2750,+0.01213,1,1,-0.07430,-0.01086,0.25664,178.05,1,+4.257,+0.01200,-12.186,+0.00000,-17.80,+0.00000,0,+0.00000,+0.00000,0.04687,+1.396,0,33.8,33.8
3.6679,0,0,0.2867,0.2750,+0.01167,1,1,-0.07861,-0.01333,0.26253,177.60,1,+4.504,+0.01244,-12.249,-0.00000,-17.80,+0.00000,0,+0.00000,+0.00000,0.04607,+1.534,0,33.8,33.8
3.7059,0,0,0.2886,0.2750,+0.01362,1,1,-0.08296,-0.01893,0.27154,176.59,1,+4.753,+0.01301,-12.342,-0.00000,-17.80,+0.00000,0,+0.00000,+0.00000,0.04588,+1.642,0,33.8,33.8
3.7484,0,0,0.2926,0.2750,+0.01764,1,1,-0.09225,-0.02828,0.29043,174.91,1,+5.285,+0.01457,-12.385,+0.00000,-17.80,+0.00000,0,+0.00000,+0.00000,0.04282,+1.811,0,33.8,33.8
3.7950,0,0,0.2915,0.2750,+0.01654,1,1,-0.09658,-0.03128,0.29871,174.37,1,+5.534,+0.01504,-12.457,+0.00000,-17.80,+0.00000,0,+0.00000,+0.00000,0.03871,+1.945,0,33.8,33.8
3.8362,0,0,0.2921,0.2750,+0.01707,1,1,-0.10423,-0.03570,0.30842,173.57,1,+5.972,+0.01620,-12.476,+0.00000,-17.80,+0.00000,0,+0.00000,+0.00000,0.03705,+2.099,0,33.8,33.8
3.8808,0,0,0.2942,0.2750,+0.01917,1,1,-0.10954,-0.04269,0.32093,172.32,1,+6.276,+0.01678,-12.533,-0.00000,-17.80,+0.00000,0,+0.00000,+0.00000,0.03632,+2.266,0,33.8,33.8
3.9241,0,0,0.2960,0.2750,+0.02102,1,1,-0.12270,-0.04950,0.34431,171.09,1,+7.030,+0.01921,-12.555,+0.00000,-17.80,+0.00000,0,+0.00000,+0.00000,0.03394,+2.451,0,33.8,33.8
3.9760,0,0,0.2958,0.2750,+0.02079,1,1,-0.13060,-0.05429,0.35966,170.23,1,+7.483,+0.02034,-12.634,-0.00000,-17.80,+0.00000,0,+0.00000,+0.00000,0.03278,+2.638,0,33.8,33.8
4.0251,0,0,0.3010,0.2750,+0.02604,1,1,-0.14859,-0.06672,0.39577,167.99,1,+8.513,+0.02365,-12.692,+0.00000,-17.80,+0.00000,0,+0.00000,+0.00000,0.03104,+2.880,0,33.8,33.8
4.0796,0,0,0.2992,0.2750,+0.02421,1,1,-0.15800,-0.07020,0.41455,167.36,1,+9.053,+0.02460,-12.767,-0.00000,-17.80,+0.00000,0,+0.00000,+0.00000,0.03003,+3.191,0,24.3,24.3
4.1395,1,0,0.2981,0.2750,+0.02306,1,1,-0.17900,-0.07423,0.45990,166.64,1,+10.000,+0.02592,-12.808,+0.00000,-17.80,+0.00000,1,-0.77208,-0.01660,0.02887,+3.797,0,24.3,24.3
4.1997,1,0,0.2975,0.2750,+0.02253,1,1,-0.19297,-0.07843,0.49276,165.88,1,+10.000,+0.02336,-12.866,+0.00000,-17.80,+0.00000,1,-0.77651,+0.14083,0.02901,+4.376,0,24.3,24.3
4.2723,1,0,0.2975,0.2750,+0.02253,0,0,+0.00000,+0.00000,0.00000,0.00,0,+0.000,+0.00000,-12.948,+0.00000,-17.80,+0.00000,1,-0.72430,+0.00000,0.03108,+4.857,0,24.3,24.3
4.3181,1,0,0.2975,0.2750,+0.02253,0,0,+0.00000,+0.00000,0.00000,0.00,0,+0.000,+0.00000,-13.015,+0.00000,-17.80,+0.00000,1,-0.59381,+0.00000,0.02673,+4.903,0,24.3,24.3
4.3685,1,0,0.2975,0.2750,+0.02253,0,0,+0.00000,+0.00000,0.00000,0.00,0,+0.000,+0.00000,-13.103,-0.00000,-17.80,+0.00000,1,-0.41293,+0.00000,0.02158,+4.469,0,24.3,24.3
4.4235,1,0,0.2975,0.2750,+0.02253,0,0,+0.00000,+0.00000,0.00000,0.00,0,+0.000,+0.00000,-13.174,-0.00000,-17.80,+0.00000,1,-0.50857,+0.00000,0.02163,+3.858,0,24.3,24.3
4.4741,1,0,0.2975,0.2750,+0.02253,0,0,+0.00000,+0.00000,0.00000,0.00,0,+0.000,+0.00000,-13.242,-0.00000,-17.80,+0.00000,1,-0.59973,+0.00000,0.02990,+3.418,0,24.3,24.3
4.5267,1,0,0.2975,0.2750,+0.02253,0,0,+0.00000,+0.00000,0.00000,0.00,0,+0.000,+0.00000,-13.306,-0.00000,-17.80,+0.00000,1,-0.53772,+0.00000,0.04710,+2.981,0,24.3,24.3
4.5775,1,0,0.2975,0.2750,+0.02253,0,0,+0.00000,+0.00000,0.00000,0.00,0,+0.000,+0.00000,-13.389,+0.00000,-17.80,+0.00000,1,-0.52502,+0.00000,0.05568,+2.565,0,24.3,24.3
4.6382,1,0,0.2975,0.2750,+0.02253,0,0,+0.00000,+0.00000,0.00000,0.00,0,+0.000,+0.00000,-6.069,-0.67687,-17.80,+0.00000,1,-0.56325,+0.00000,0.05562,-0.981,0,24.3,24.3
4.7078,1,0,0.2973,0.2750,+0.02225,0,0,+0.00000,+0.00000,0.00000,0.00,0,+0.000,+0.00000,-6.341,-0.00619,-17.80,+0.00000,1,-0.38464,+0.00000,0.06556,-0.489,0,24.3,24.3
4.7706,1,0,0.2951,0.2750,+0.02011,0,0,+0.00000,+0.00000,0.00000,0.00,0,+0.000,+0.00000,-5.656,-0.07098,-17.80,+0.00000,1,-0.29265,+0.00000,0.05459,-0.324,0,24.3,24.3
4.8277,1,0,0.2932,0.2750,+0.01824,0,0,+0.00000,+0.00000,0.00000,0.00,0,+0.000,+0.00000,-5.150,-0.05610,-17.80,+0.00000,1,-0.21670,+0.00000,0.04320,-0.254,0,24.3,24.3
4.8888,1,0,0.2913,0.2750,+0.01631,0,0,+0.00000,+0.00000,0.00000,0.00,0,+0.000,+0.00000,-4.695,-0.04206,-17.80,+0.00000,1,-0.13599,+0.00000,0.03195,-0.223,0,24.3,24.3
4.9576,1,0,0.2892,0.2750,+0.01424,0,0,+0.00000,+0.00000,0.00000,0.00,0,+0.000,+0.00000,-4.123,-0.03110,-17.80,+0.00000,1,-0.08077,+0.00000,0.02030,-0.215,0,24.3,24.3
5.0251,1,0,0.2873,0.2750,+0.01229,0,0,+0.00000,+0.00000,0.00000,0.00,0,+0.000,+0.00000,-3.444,-0.02278,-17.80,+0.00000,1,-0.02207,+0.00000,0.01024,-0.156,0,24.3,24.3
5.1036,1,0,0.2851,0.2750,+0.01013,0,0,+0.00000,+0.00000,0.00000,0.00,0,+0.000,+0.00000,-2.967,-0.01639,-17.80,+0.00000,1,+0.01523,+0.00000,0.00643,-0.160,0,16.6,16.6
5.1837,1,0,0.2830,0.2750,+0.00805,0,0,+0.00000,+0.00000,0.00000,0.00,0,+0.000,+0.00000,-2.516,-0.01129,-17.80,+0.00000,0,+0.00000,+0.00000,0.00167,-0.204,0,16.6,16.6
5.2519,1,0,0.2814,0.2750,+0.00635,0,0,+0.00000,+0.00000,0.00000,0.00,0,+0.000,+0.00000,-2.398,-0.00862,-17.80,+0.00000,0,+0.00000,+0.00000,0.00019,-0.301,0,16.6,16.6
5.3201,1,0,0.2797,0.2750,+0.00474,0,0,+0.00000,+0.00000,0.00000,0.00,0,+0.000,+0.00000,-2.046,-0.00632,-17.80,+0.00000,0,+0.00000,+0.00000,0.00000,-0.313,0,16.6,16.6
5.3820,1,0,0.2783,0.2750,+0.00333,0,0,+0.00000,+0.00000,0.00000,0.00,0,+0.000,+0.00000,-1.643,-0.00467,-17.80,+0.00000,0,+0.00000,+0.00000,0.00000,-0.279,0,16.6,16.6
5.4388,1,0,0.2771,0.2750,+0.00209,0,0,+0.00000,+0.00000,0.00000,0.00,0,+0.000,+0.00000,-1.609,-0.00380,-17.80,+0.00000,0,+0.00000,+0.00000,0.00000,-0.372,0,16.6,16.6
5.4914,1,0,0.2760,0.2750,+0.00099,0,0,+0.00000,+0.00000,0.00000,0.00,0,+0.000,+0.00000,-1.539,-0.00297,-17.80,+0.00000,0,+0.00000,+0.00000,0.00000,-0.446,0,16.6,16.6
5.5314,1,0,0.2150,0.2750,-0.06000,1,1,-0.20561,+0.73976,0.55218,313.16,1,+10.000,+0.04579,-1.462,-0.00247,-17.80,+0.00000,0,+0.00000,+0.00000,0.00020,-0.496,0,16.6,16.6
5.6115,1,0,0.2150,0.2750,-0.06000,1,1,-0.72515,+0.90326,0.21206,342.59,1,+10.000,+0.04662,-1.595,-0.00181,-17.80,+0.00000,1,+0.07040,+0.00000,0.00474,-0.686,0,16.6,16.6
5.6487,1,0,0.2150,0.2750,-0.06000,1,1,-0.72515,+0.90326,0.21206,342.59,1,+10.000,+0.04008,-1.598,-0.00141,-17.80,+0.00000,1,+0.07040,+0.00000,0.00474,+0.265,0,16.6,16.6
5.6886,1,0,0.2150,0.2750,-0.06000,1,1,-0.89006,+0.95502,0.09428,351.90,1,+10.000,+0.03525,-1.601,-0.00125,-17.80,+0.00000,1,+0.07533,+0.00000,0.00459,+1.427,0,16.6,16.6
5.7186,1,0,0.3050,0.2750,+0.03000,1,1,+0.09408,+0.53380,0.09412,276.08,1,-5.390,-0.03538,-1.604,-0.00106,-17.80,+0.00000,1,+0.07334,+0.00000,0.00467,+2.306,0,16.6,16.6
5.7467,1,0,0.3050,0.2750,+0.03000,1,1,+0.09553,+0.53891,0.09477,277.00,1,-5.474,-0.03825,-1.607,-0.00096,-17.80,+0.00000,1,+0.07353,+0.00000,0.00467,+2.920,0,16.6,16.6
5.7753,1,0,0.3050,0.2750,+0.03000,1,1,+0.09553,+0.53891,0.09477,277.00,1,-5.474,-0.03595,-1.590,-0.00088,-17.80,+0.00000,1,+0.07353,+0.00000,0.00467,+2.939,0,16.6,16.6
5.8040,1,0,0.2835,0.2750,+0.00852,1,1,+0.09866,+0.54788,0.09734,278.62,1,-5.653,-0.03075,-1.543,-0.00080,-17.80,+0.00000,1,+0.07200,+0.00000,0.00445,+1.907,0,16.6,16.6
5.8337,1,0,0.2585,0.2750,-0.01653,1,1,+0.12812,+0.56069,0.08535,280.92,1,-7.341,-0.03445,-1.414,-0.00066,-17.80,+0.00000,1,+0.08092,+0.00000,0.00421,+0.911,0,16.6,16.6
5.8598,1,0,0.2457,0.2750,-0.02931,1,1,+0.12964,+0.56335,0.08625,281.40,1,-7.428,-0.03240,-1.379,-0.00058,-17.80,+0.00000,1,+0.07922,+0.00000,0.00412,+0.300,0,16.6,16.6
5.8862,1,0,0.2358,0.2750,-0.03919,1,1,+0.13215,+0.56441,0.08802,281.59,1,-7.571,-0.03118,-1.377,-0.00054,-17.80,+0.00000,1,+0.08010,+0.00000,0.00391,-0.095,0,16.6,16.6
5.9116,1,0,0.2263,0.2750,-0.04874,1,1,+0.13421,+0.56736,0.08924,282.12,1,-7.689,-0.02823,-1.432,-0.00046,-17.80,+0.00000,0,+0.00000,+0.00000,0.00366,-0.879,0,16.6,16.6
5.9376,1,0,0.2200,0.2750,-0.05496,1,1,+0.13421,+0.56736,0.08924,282.12,1,-7.689,-0.02610,-1.433,-0.00041,-17.80,+0.00000,0,+0.00000,+0.00000,0.00366,-1.387,0,16.6,16.6
5.9640,1,0,0.2150,0.2750,-0.06000,1,1,+0.13772,+0.56722,0.08975,282.10,1,-7.891,-0.02518,-1.433,-0.00036,-17.80,+0.00000,0,+0.00000,+0.00000,0.00354,-1.825,0,16.6,16.6
5.9918,1,0,0.2150,0.2750,-0.06000,1,1,+0.14055,+0.56865,0.08924,282.36,1,-8.053,-0.02406,-1.434,-0.00033,-17.80,+0.00000,0,+0.00000,+0.00000,0.00329,-2.260,0,16.6,16.6
6.0205,1,0,0.2150,0.2750,-0.06000,1,1,+0.11524,+0.55752,0.10062,280.35,1,-6.603,-0.01603,-1.435,-0.00029,-17.80,+0.00000,0,+0.00000,+0.00000,0.00328,-2.667,0,16.6,16.6
6.0485,1,0,0.2150,0.2750,-0.06000,1,1,+0.11796,+0.55758,0.10153,280.37,1,-6.759,-0.01447,-1.436,-0.00025,-17.80,+0.00000,0,+0.00000,+0.00000,0.00316,-3.187,0,16.6,16.6
6.0749,1,0,0.2150,0.2750,-0.06000,1,1,+0.11796,+0.55758,0.10153,280.37,1,-6.759,-0.01312,-1.437,-0.00022,-17.80,+0.00000,0,+0.00000,+0.00000,0.00316,-3.561,0,16.6,16.6
6.1005,1,0,0.2150,0.2750,-0.06000,1,1,+0.12069,+0.55928,0.10107,280.67,1,-6.915,-0.01282,-1.438,-0.00020,-17.80,+0.00000,0,+0.00000,+0.00000,0.00336,-3.826,0,16.6,16.6
6.1275,1,0,0.2150,0.2750,-0.06000,1,1,+0.12487,+0.55773,0.10199,280.39,1,-7.155,-0.01296,-1.439,-0.00019,-17.80,+0.00000,0,+0.00000,+0.00000,0.00371,-4.041,0,25.4,25.4
6.1541,1,0,0.2150,0.2750,-0.06000,1,1,+0.12836,+0.55983,0.10168,280.77,1,-7.354,-0.01289,-1.439,-0.00016,-17.80,+0.00000,0,+0.00000,+0.00000,0.00371,-4.259,0,25.4,25.4
6.1801,1,0,0.2150,0.2750,-0.06000,1,1,+0.13218,+0.55972,0.10184,280.75,1,-7.573,-0.01291,-1.440,-0.00015,-17.80,+0.00000,0,+0.00000,+0.00000,0.00414,-4.473,0,25.4,25.4
6.2061,1,0,0.2150,0.2750,-0.06000,1,1,+0.13439,+0.55916,0.10274,280.65,1,-7.700,-0.01252,-1.441,-0.00013,-17.80,+0.00000,0,+0.00000,+0.00000,0.00409,-4.687,0,25.4,25.4
6.2297,1,0,0.2150,0.2750,-0.06000,1,1,+0.13439,+0.55916,0.10274,280.65,1,-7.700,-0.01156,-1.441,-0.00012,-17.80,+0.00000,0,+0.00000,+0.00000,0.00409,-4.909,0,25.4,25.4
6.2584,1,0,0.2150,0.2750,-0.06000,1,1,+0.13929,+0.56015,0.10334,280.83,1,-7.981,-0.01171,-1.442,-0.00010,-17.80,+0.00000,0,+0.00000,+0.00000,0.00408,-5.157,0,25.4,25.4
6.2839,1,0,0.2150,0.2750,-0.06000,1,1,+0.14219,+0.55932,0.10319,280.68,1,-8.147,-0.01161,-1.443,-0.00009,-17.80,+0.00000,0,+0.00000,+0.00000,0.00410,-5.356,0,25.4,25.4
6.3108,1,0,0.2150,0.2750,-0.06000,1,1,+0.14219,+0.55932,0.10319,280.68,1,-8.147,-0.01070,-1.443,-0.00009,-17.80,+0.00000,0,+0.00000,+0.00000,0.00410,-5.566,0,25.4,25.4
6.3362,1,0,0.2150,0.2750,-0.06000,1,1,+0.18345,+0.56979,0.09078,282.56,1,-10.000,-0.01794,-1.444,-0.00007,-17.80,+0.00000,0,+0.00000,+0.00000,0.00397,-5.759,0,25.4,25.4
6.3630,1,0,0.2150,0.2750,-0.06000,1,1,+0.18814,+0.56864,0.09044,282.35,1,-10.000,-0.01708,-1.444,-0.00007,-17.80,+0.00000,0,+0.00000,+0.00000,0.00413,-5.961,0,25.4,25.4
6.3906,1,0,0.2150,0.2750,-0.06000,1,1,+0.19366,+0.56772,0.09196,282.19,1,-10.000,-0.01610,-1.445,-0.00006,-17.80,+0.00000,0,+0.00000,+0.00000,0.00415,-6.155,0,25.4,25.4
6.4180,1,0,0.2150,0.2750,-0.06000,1,1,+0.19711,+0.56388,0.09213,281.50,1,-10.000,-0.01418,-1.446,-0.00005,-17.80,+0.00000,0,+0.00000,+0.00000,0.00428,-6.550,0,25.4,25.4
6.4463,1,0,0.2150,0.2750,-0.06000,1,1,+0.20192,+0.56221,0.09246,281.20,1,-10.000,-0.01299,-1.447,-0.00005,-17.80,+0.00000,0,+0.00000,+0.00000,0.00466,-6.836,0,25.4,25.4
6.4698,1,0,0.2150,0.2750,-0.06000,1,1,+0.20192,+0.56221,0.09246,281.20,1,-10.000,-0.01199,-1.448,-0.00004,-17.80,+0.00000,0,+0.00000,+0.00000,0.00466,-7.086,0,25.4,25.4
6.4973,1,0,0.2150,0.2750,-0.06000,1,1,+0.20694,+0.56129,0.09280,281.03,1,-10.000,-0.01105,-1.449,-0.00004,-17.80,+0.00000,0,+0.00000,+0.00000,0.00470,-7.325,0,25.4,25.4
6.5268,1,0,0.2150,0.2750,-0.06000,1,1,+0.21137,+0.55289,0.09146,279.52,1,-10.000,-0.00994,-1.450,-0.00003,-17.80,+0.00000,1,+0.12005,+0.00000,0.00467,-7.589,0,25.4,25.4
6.5535,1,0,0.2150,0.2750,-0.06000,1,1,+0.21477,+0.54741,0.09129,278.53,1,-10.000,-0.00905,-1.450,-0.00003,-17.80,+0.00000,0,+0.00000,+0.00000,0.00493,-7.802,0,25.4,25.4
6.5813,1,0,0.2150,0.2750,-0.06000,1,1,+0.22173,+0.54342,0.09146,277.82,1,-10.000,-0.00829,-1.451,-0.00003,-17.80,+0.00000,1,+0.13596,+0.00000,0.00510,-7.988,0,25.4,25.4
6.6110,1,0,0.2150,0.2750,-0.06000,1,1,+0.22390,+0.54094,0.09061,277.37,1,-10.000,-0.00752,-1.452,-0.00002,-17.80,+0.00000,1,+0.14797,+0.00000,0.00544,-8.169,0,25.4,25.4
6.6375,1,0,0.2150,0.2750,-0.06000,1,1,+0.22390,+0.54094,0.09061,277.37,1,-10.000,-0.00677,-1.453,-0.00002,-17.80,+0.00000,1,+0.14797,+0.00000,0.00544,-8.352,0,25.4,25.4
6.6666,1,0,0.2150,0.2750,-0.06000,1,1,+0.23040,+0.53485,0.09027,276.27,1,-10.000,-0.00619,-1.453,-0.00002,-17.80,+0.00000,1,+0.16200,+0.00000,0.00563,-8.494,0,25.4,25.4
6.6971,1,0,0.2150,0.2750,-0.06000,1,1,+0.23546,+0.52963,0.09129,275.33,1,-10.000,-0.00559,-1.454,-0.00002,-17.80,+0.00000,1,+0.16468,+0.00000,0.00596,-8.639,0,25.4,25.4
6.7235,1,0,0.2150,0.2750,-0.06000,1,1,+0.24090,+0.52729,0.09162,274.91,1,-10.000,-0.00548,-1.669,-0.00001,-17.80,+0.00000,1,+0.17012,+0.00000,0.00577,-8.672,0,25.4,25.4
6.7504,1,0,0.2150,0.2750,-0.06000,1,1,+0.24544,+0.52538,0.09379,274.57,1,-10.000,-0.00504,-1.669,-0.00001,-17.80,+0.00000,1,+0.17818,+0.00000,0.00591,-8.778,0,25.4,25.4
6.7788,1,0,0.2150,0.2750,-0.06000,1,1,+0.24544,+0.52538,0.09379,274.57,1,-10.000,-0.00557,-2.086,-0.00001,-17.80,+0.00000,1,+0.17818,+0.00000,0.00591,-8.659,0,25.4,25.4
6.8066,1,0,0.2150,0.2750,-0.06000,1,1,+0.25314,+0.52482,0.09477,274.47,1,-10.000,-0.00514,-2.087,-0.00001,-17.80,+0.00000,1,+0.19091,+0.00000,0.00612,-8.761,0,25.4,25.4
6.8323,1,0,0.2150,0.2750,-0.06000,1,1,+0.25770,+0.51968,0.09655,273.54,1,-10.000,-0.00472,-2.087,-0.00001,-17.80,+0.00000,1,+0.20087,+0.00000,0.00618,-8.857,0,25.4,25.4
6.8576,1,0,0.2150,0.2750,-0.06000,1,1,+0.26304,+0.51937,0.09860,273.49,1,-10.000,-0.00430,-2.088,-0.00001,-17.80,+0.00000,1,+0.21014,+0.00000,0.00611,-8.951,0,25.4,25.4
6.8853,1,0,0.2150,0.2750,-0.06000,1,1,+0.26935,+0.51203,0.09829,272.17,1,-10.000,-0.00394,-2.088,-0.00001,-17.80,+0.00000,1,+0.21680,+0.00000,0.00622,-9.040,0,25.4,25.4
6.9148,1,0,0.2150,0.2750,-0.06000,1,1,+0.27446,+0.51086,0.09813,271.96,1,-10.000,-0.00399,-2.280,-0.00001,-17.80,+0.00000,1,+0.22390,+0.00000,0.00605,-9.036,0,25.4,25.4
6.9400,1,0,0.2150,0.2750,-0.06000,1,1,+0.28010,+0.50529,0.09860,270.95,1,-10.000,-0.00369,-2.280,-0.00001,-17.80,+0.00000,1,+0.22799,+0.00000,0.00624,-9.109,0,25.4,25.4
6.9647,1,0,0.2150,0.2750,-0.06000,1,1,+0.28010,+0.50529,0.09860,270.95,1,-10.000,-0.00348,-2.280,-0.00000,-17.80,+0.00000,1,+0.22799,+0.00000,0.00624,-9.156,0,25.4,25.4
6.9971,1,0,0.2150,0.2750,-0.06000,1,1,+0.28841,+0.49931,0.09985,269.88,1,-10.000,-0.00307,-2.281,-0.00000,-17.80,+0.00000,1,+0.22640,+0.00000,0.00636,-9.253,0,25.4,25.4
7.0251,1,0,0.2150,0.2750,-0.06000,1,1,+0.29684,+0.49209,0.10244,268.58,1,-10.000,-0.00385,-2.716,-0.00000,-17.80,+0.00000,1,+0.23738,+0.00000,0.00638,-9.075,0,25.4,25.4
7.0538,1,0,0.2150,0.2750,-0.06000,1,1,+0.29853,+0.49214,0.10168,268.59,1,-10.000,-0.00355,-2.717,-0.00000,-17.80,+0.00000,1,+0.25153,+0.00000,0.00671,-9.150,0,25.4,25.4
7.0793,1,0,0.2150,0.2750,-0.06000,1,1,+0.30879,+0.48300,0.10379,266.94,1,-10.000,-0.00337,-2.717,-0.00000,-17.80,+0.00000,1,+0.25685,+0.00000,0.00763,-9.189,0,25.4,25.4
7.1071,1,0,0.2150,0.2750,-0.06000,1,1,+0.31210,+0.48086,0.10497,266.55,1,-10.000,-0.00296,-2.718,-0.00000,-17.80,+0.00000,1,+0.25912,+0.00000,0.00781,-9.279,0,25.4,25.4
7.1346,1,0,0.2150,0.2750,-0.06000,1,1,+0.31210,+0.48086,0.10497,266.55,1,-10.000,-0.00270,-2.718,-0.00000,-17.80,+0.00000,1,+0.25912,+0.00000,0.00781,-9.343,0,36.7,36.7
7.1636,1,0,0.2150,0.2750,-0.06000,1,1,+0.31907,+0.47125,0.10482,264.83,1,-10.000,-0.00249,-2.719,-0.00000,-17.80,+0.00000,1,+0.27938,+0.00000,0.00883,-9.395,0,36.7,36.7
7.1910,1,0,0.2154,0.2750,-0.05956,1,1,+0.32567,+0.46713,0.10497,264.08,1,-10.000,-0.00221,-2.719,-0.00000,-17.80,+0.00000,1,+0.29041,+0.00000,0.00933,-9.463,0,36.7,36.7
7.2182,1,0,0.2207,0.2750,-0.05433,1,1,+0.33159,+0.45670,0.10379,262.21,1,-10.000,-0.00319,-3.167,-0.00000,-17.80,+0.00000,1,+0.30865,+0.00000,0.00916,-9.239,0,36.7,36.7
7.2449,1,0,0.2197,0.2750,-0.05527,1,1,+0.33527,+0.45409,0.10715,261.74,1,-10.000,-0.00302,-3.168,-0.00000,-17.80,+0.00000,1,+0.32290,+0.00000,0.00870,-9.282,0,36.7,36.7
7.2723,1,0,0.2171,0.2750,-0.05795,1,1,+0.33527,+0.45409,0.10715,261.74,1,-10.000,-0.00279,-3.168,-0.00000,-17.80,+0.00000,1,+0.32290,+0.00000,0.00870,-9.329,0,36.7,36.7
7.3015,1,0,0.2234,0.2750,-0.05155,1,1,+0.34847,+0.44185,0.10657,259.53,1,-10.000,-0.00255,-3.169,-0.00000,-17.80,+0.00000,1,+0.34825,+0.00000,0.00852,-9.380,0,36.7,36.7
7.3300,1,0,0.2283,0.2750,-0.04674,1,1,+0.35707,+0.43091,0.10830,257.56,1,-10.000,-0.00281,-3.352,-0.00000,-17.80,+0.00000,1,+0.37293,+0.00000,0.00785,-9.322,0,36.7,36.7
7.3582,1,0,0.2285,0.2750,-0.04650,1,1,+0.36132,+0.42571,0.10858,256.63,1,-10.000,-0.00262,-3.352,-0.00000,-17.80,+0.00000,1,+0.38244,+0.00000,0.00764,-9.371,0,36.7,36.7
7.3850,1,0,0.2294,0.2750,-0.04558,1,1,+0.36820,+0.41994,0.10393,255.59,1,-10.000,-0.00243,-3.353,-0.00000,-17.80,+0.00000,1,+0.40924,+0.00000,0.00730,-9.413,0,36.7,36.7
7.4141,1,0,0.2315,0.2750,-0.04347,1,1,+0.37727,+0.41211,0.10985,254.18,1,-10.000,-0.00429,-3.934,-0.00000,-17.80,+0.00000,1,+0.43304,+0.00000,0.00721,-8.985,0,36.7,36.7
7.4390,1,0,0.2283,0.2750,-0.04667,1,1,+0.37727,+0.41211,0.10985,254.18,1,-10.000,-0.00563,-4.335,-0.00000,-17.80,+0.00000,1,+0.43304,+0.00000,0.00721,-8.681,0,36.7,36.7
7.4658,1,0,0.2311,0.2750,-0.04386,1,1,+0.38396,+0.40421,0.11055,252.76,1,-10.000,-0.00677,-4.699,-0.00000,-17.80,+0.00000,1,+0.46892,+0.00000,0.00732,-8.404,0,36.7,36.7
7.4901,1,0,0.2386,0.2750,-0.03638,1,1,+0.39218,+0.39005,0.11249,250.21,1,-10.000,-0.00779,-5.047,-0.00000,-17.80,+0.00000,1,+0.52154,+0.00000,0.00681,-8.158,0,36.7,36.7
7.5182,1,0,0.2439,0.2750,-0.03109,1,1,+0.39598,+0.37702,0.11083,247.86,1,-10.000,-0.00865,-5.380,-0.00000,-17.80,+0.00000,1,+0.56453,+0.00000,0.00681,-7.946,0,36.7,36.7
7.5465,1,0,0.2472,0.2750,-0.02784,1,1,+0.40218,+0.36608,0.11125,245.90,1,-10.000,-0.00945,-5.728,-0.00000,-17.80,+0.00000,1,+0.62749,+0.00000,0.00651,-7.750,0,36.7,36.7
7.5737,1,0,0.2424,0.2750,-0.03256,1,1,+0.40218,+0.36608,0.11125,245.90,1,-10.000,-0.01059,-6.233,-0.00000,-17.80,+0.00000,1,+0.62749,+0.00000,0.00651,-7.489,0,36.7,36.7
7.6000,1,0,0.2386,0.2750,-0.03644,1,1,+0.40218,+0.36608,0.11125,245.90,1,-10.000,-0.01138,-6.587,-0.00000,-17.80,+0.00000,1,+0.62749,+0.00000,0.00651,-7.307,0,36.7,36.7
7.6346,1,0,0.2344,0.2750,-0.04058,1,1,+0.40218,+0.36608,0.11125,245.90,1,-10.000,-0.01239,-7.030,-0.00000,-17.80,+0.00000,1,+0.62749,+0.00000,0.00651,-7.077,0,36.7,36.7
7.6648,1,0,0.2314,0.2750,-0.04360,1,1,+0.40218,+0.36608,0.11125,245.90,1,-10.000,-0.01308,-7.342,-0.00000,-17.80,+0.00000,1,+0.62749,+0.00000,0.00651,-6.917,0,36.7,36.7
7.6916,1,0,0.2291,0.2750,-0.04587,1,1,+0.40218,+0.36608,0.11125,245.90,1,-10.000,-0.01373,-7.636,-0.00000,-17.80,+0.00000,1,+0.62749,+0.00000,0.00651,-6.770,0,36.7,36.7
7.7125,1,0,0.2276,0.2750,-0.04742,1,1,+0.40218,+0.36608,0.11125,245.90,1,-10.000,-0.01418,-7.823,-0.00000,-17.80,+0.00000,1,+0.62749,+0.00000,0.00651,-6.666,0,36.7,36.7
7.7171,1,0,0.2272,0.2750,-0.04776,1,1,+0.40218,+0.36608,0.11125,245.90,1,-10.000,-0.01435,-7.914,-0.00000,-17.80,+0.00000,1,+0.62749,+0.00000,0.00651,-6.627,0,36.7,36.7
7.7218,1,0,0.2269,0.2750,-0.04808,1,1,+0.40218,+0.36608,0.11125,245.90,1,-10.000,-0.01435,-7.914,-0.00000,-17.80,+0.00000,1,+0.62749,+0.00000,0.00651,-6.627,0,36.7,36.7
7.7261,1,0,0.2266,0.2750,-0.04838,1,1,+0.40218,+0.36608,0.11125,245.90,1,-10.000,-0.01454,-8.004,-0.00000,-17.80,+0.00000,1,+0.62749,+0.00000,0.00651,-6.584,0,36.7,36.7
7.7308,1,0,0.2263,0.2750,-0.04869,1,1,+0.40218,+0.36608,0.11125,245.90,1,-10.000,-0.01478,-8.091,-0.00000,-17.80,+0.00000,1,+0.62749,+0.00000,0.00651,-6.529,0,36.7,36.7
7.7352,1,0,0.2260,0.2750,-0.04897,1,1,+0.40218,+0.36608,0.11125,245.90,1,-10.000,-0.01478,-8.091,-0.00000,-17.80,+0.00000,1,+0.62749,+0.00000,0.00651,-6.529,0,36.7,36.7
7.7401,1,0,0.2257,0.2750,-0.04927,1,1,+0.40218,+0.36608,0.11125,245.90,1,-10.000,-0.01478,-8.091,-0.00000,-17.80,+0.00000,1,+0.62749,+0.00000,0.00651,-6.529,0,36.7,36.7
7.7449,1,0,0.2254,0.2750,-0.04956,1,1,+0.40218,+0.36608,0.11125,245.90,1,-10.000,-0.01495,-8.177,-0.00000,-17.80,+0.00000,1,+0.62749,+0.00000,0.00651,-6.490,0,36.7,36.7
7.7496,1,0,0.2252,0.2750,-0.04984,1,1,+0.40218,+0.36608,0.11125,245.90,1,-10.000,-0.01495,-8.177,-0.00000,-17.80,+0.00000,1,+0.62749,+0.00000,0.00651,-6.490,0,36.7,36.7
7.7543,1,0,0.2249,0.2750,-0.05010,1,1,+0.40218,+0.36608,0.11125,245.90,1,-10.000,-0.01512,-8.262,-0.00000,-17.80,+0.00000,1,+0.62749,+0.00000,0.00651,-6.451,0,36.7,36.7
7.7586,1,0,0.2247,0.2750,-0.05033,1,1,+0.40218,+0.36608,0.11125,245.90,1,-10.000,-0.01512,-8.262,-0.00000,-17.80,+0.00000,1,+0.62749,+0.00000,0.00651,-6.451,0,36.7,36.7
7.7633,1,0,0.2244,0.2750,-0.05059,1,1,+0.40218,+0.36608,0.11125,245.90,1,-10.000,-0.01531,-8.345,-0.00000,-17.80,+0.00000,1,+0.62749,+0.00000,0.00651,-6.407,0,36.7,36.7
7.7677,1,0,0.2242,0.2750,-0.05081,1,1,+0.40218,+0.36608,0.11125,245.90,1,-10.000,-0.01550,-8.426,-0.00000,-17.80,+0.00000,1,+0.62749,+0.00000,0.00651,-6.362,0,36.7,36.7
7.7723,1,0,0.2240,0.2750,-0.05104,1,1,+0.40218,+0.36608,0.11125,245.90,1,-10.000,-0.01550,-8.426,-0.00000,-17.80,+0.00000,1,+0.62749,+0.00000,0.00651,-6.362,0,36.7,36.7
7.7771,1,0,0.2237,0.2750,-0.05128,1,1,+0.40218,+0.36608,0.11125,245.90,1,-10.000,-0.01567,-8.506,-0.00000,-17.80,+0.00000,1,+0.62749,+0.00000,0.00651,-6.324,0,36.7,36.7
7.7816,1,0,0.2235,0.2750,-0.05149,1,1,+0.40218,+0.36608,0.11125,245.90,1,-10.000,-0.01567,-8.506,-0.00000,-17.80,+0.00000,1,+0.62749,+0.00000,0.00651,-6.324,0,36.7,36.7
7.7860,1,0,0.2233,0.2750,-0.05169,1,1,+0.40218,+0.36608,0.11125,245.90,1,-10.000,-0.01588,-8.585,-0.00000,-17.80,+0.00000,1,+0.62749,+0.00000,0.00651,-6.277,0,36.7,36.7
7.7905,1,0,0.2231,0.2750,-0.05189,1,1,+0.40218,+0.36608,0.11125,245.90,1,-10.000,-0.01588,-8.585,-0.00000,-17.80,+0.00000,1,+0.62749,+0.00000,0.00651,-6.277,0,36.7,36.7
7.7951,1,0,0.2229,0.2750,-0.05209,1,1,+0.40218,+0.36608,0.11125,245.90,1,-10.000,-0.01605,-8.662,-0.00000,-17.80,+0.00000,1,+0.62749,+0.00000,0.00651,-6.238,0,36.7,36.7
7.7996,1,0,0.2227,0.2750,-0.05228,1,1,+0.40218,+0.36608,0.11125,245.90,1,-10.000,-0.01605,-8.662,-0.00000,-17.80,+0.00000,1,+0.62749,+0.00000,0.00651,-6.238,0,36.7,36.7
7.8042,1,0,0.2225,0.2750,-0.05247,1,1,+0.40218,+0.36608,0.11125,245.90,1,-10.000,-0.01624,-8.737,-0.00000,-17.80,+0.00000,1,+0.62749,+0.00000,0.00651,-6.193,0,36.7,36.7
7.8088,1,0,0.2223,0.2750,-0.05265,1,1,+0.40218,+0.36608,0.11125,245.90,1,-10.000,-0.01624,-8.737,-0.00000,-17.80,+0.00000,1,+0.62749,+0.00000,0.00651,-6.193,0,36.7,36.7
7.8134,1,0,0.2222,0.2750,-0.05283,1,1,+0.40218,+0.36608,0.11125,245.90,1,-10.000,-0.01641,-8.811,-0.00000,-17.80,+0.00000,1,+0.62749,+0.00000,0.00651,-6.155,0,36.7,36.7
7.8178,1,0,0.2220,0.2750,-0.05299,1,1,+0.40218,+0.36608,0.11125,245.90,1,-10.000,-0.01661,-8.884,-0.00000,-17.80,+0.00000,1,+0.62749,+0.00000,0.00651,-6.108,0,36.7,36.7
7.8221,1,0,0.2219,0.2750,-0.05315,1,1,+0.40218,+0.36608,0.11125,245.90,1,-10.000,-0.01661,-8.884,-0.00000,-17.80,+0.00000,1,+0.62749,+0.00000,0.00651,-6.108,0,36.7,36.7
7.8267,1,0,0.2217,0.2750,-0.05331,1,1,+0.40218,+0.36608,0.11125,245.90,1,-10.000,-0.01661,-8.884,-0.00000,-17.80,+0.00000,1,+0.62749,+0.00000,0.00651,-6.108,0,36.7,36.7
7.8311,1,0,0.2215,0.2750,-0.05346,1,1,+0.40218,+0.36608,0.11125,245.90,1,-10.000,-0.01673,-8.955,-0.00000,-17.80,+0.00000,1,+0.62749,+0.00000,0.00651,-6.081,0,36.7,36.7
7.8356,1,0,0.2214,0.2750,-0.05360,1,1,+0.40218,+0.36608,0.11125,245.90,1,-10.000,-0.01692,-9.025,-0.00000,-17.80,+0.00000,1,+0.62749,+0.00000,0.00651,-6.038,0,36.7,36.7
7.8398,1,0,0.2213,0.2750,-0.05374,1,1,+0.40218,+0.36608,0.11125,245.90,1,-10.000,-0.01692,-9.025,-0.00000,-17.80,+0.00000,1,+0.62749,+0.00000,0.00651,-6.038,0,36.7,36.7
7.8444,1,0,0.2211,0.2750,-0.05388,1,1,+0.40218,+0.36608,0.11125,245.90,1,-10.000,-0.01692,-9.025,-0.00000,-17.80,+0.00000,1,+0.62749,+0.00000,0.00651,-6.038,0,36.7,36.7
7.8490,1,0,0.2210,0.2750,-0.05402,1,1,+0.40218,+0.36608,0.11125,245.90,1,-10.000,-0.01704,-9.094,-0.00000,-17.80,+0.00000,1,+0.62749,+0.00000,0.00651,-6.010,0,36.7,36.7
7.8535,1,0,0.2208,0.2750,-0.05416,1,1,+0.40218,+0.36608,0.11125,245.90,1,-10.000,-0.01704,-9.094,-0.00000,-17.80,+0.00000,1,+0.62749,+0.00000,0.00651,-6.010,0,36.7,36.7
7.8583,1,0,0.2207,0.2750,-0.05429,1,1,+0.40218,+0.36608,0.11125,245.90,1,-10.000,-0.01713,-9.162,-0.00000,-17.80,+0.00000,1,+0.62749,+0.00000,0.00651,-5.991,0,36.7,36.7
7.8628,1,0,0.2206,0.2750,-0.05442,1,1,+0.40218,+0.36608,0.11125,245.90,1,-10.000,-0.01713,-9.162,-0.00000,-17.80,+0.00000,1,+0.62749,+0.00000,0.00651,-5.991,0,36.7,36.7
7.8673,1,0,0.2205,0.2750,-0.05454,1,1,+0.40218,+0.36608,0.11125,245.90,1,-10.000,-0.01728,-9.229,-0.00000,-17.80,+0.00000,1,+0.62749,+0.00000,0.00651,-5.956,0,36.7,36.7
7.8717,1,0,0.2203,0.2750,-0.05465,1,1,+0.40218,+0.36608,0.11125,245.90,1,-10.000,-0.01728,-9.229,-0.00000,-17.80,+0.00000,1,+0.62749,+0.00000,0.00651,-5.956,0,36.7,36.7
7.8763,1,0,0.2202,0.2750,-0.05477,1,1,+0.40218,+0.36608,0.11125,245.90,1,-10.000,-0.01728,-9.229,-0.00000,-17.80,+0.00000,1,+0.62749,+0.00000,0.00651,-5.956,0,36.7,36.7
7.8811,1,0,0.2201,0.2750,-0.05489,1,1,+0.40218,+0.36608,0.11125,245.90,1,-10.000,-0.01739,-9.294,-0.00000,-17.80,+0.00000,1,+0.62749,+0.00000,0.00651,-5.929,0,36.7,36.7
7.8855,1,0,0.2200,0.2750,-0.05499,1,1,+0.40218,+0.36608,0.11125,245.90,1,-10.000,-0.01756,-9.358,-0.00000,-17.80,+0.00000,1,+0.62749,+0.00000,0.00651,-5.890,0,36.7,36.7
7.8902,1,0,0.2199,0.2750,-0.05510,1,1,+0.40218,+0.36608,0.11125,245.90,1,-10.000,-0.01756,-9.358,-0.00000,-17.80,+0.00000,1,+0.62749,+0.00000,0.00651,-5.890,0,36.7,36.7
7.8952,1,0,0.2198,0.2750,-0.05521,1,1,+0.40218,+0.36608,0.11125,245.90,1,-10.000,-0.01771,-9.420,-0.00000,-17.80,+0.00000,1,+0.62749,+0.00000,0.00651,-5.856,0,36.7,36.7
7.9030,1,0,0.2196,0.2750,-0.05538,1,1,+0.40218,+0.36608,0.11125,245.90,1,-10.000,-0.01788,-9.482,-0.00000,-17.80,+0.00000,1,+0.62749,+0.00000,0.00651,-5.818,0,36.7,36.7
7.9073,1,0,0.2195,0.2750,-0.05547,1,1,+0.40218,+0.36608,0.11125,245.90,1,-10.000,-0.01788,-9.482,-0.00000,-17.80,+0.00000,1,+0.62749,+0.00000,0.00651,-5.818,0,36.7,36.7
7.9117,1,0,0.2194,0.2750,-0.05556,1,1,+0.40218,+0.36608,0.11125,245.90,1,-10.000,-0.01805,-9.542,-0.00000,-17.80,+0.00000,1,+0.62749,+0.00000,0.00651,-5.779,0,36.7,36.7
7.9164,1,0,0.2194,0.2750,-0.05565,1,1,+0.40218,+0.36608,0.11125,245.90,1,-10.000,-0.01805,-9.542,-0.00000,-17.80,+0.00000,1,+0.62749,+0.00000,0.00651,-5.779,0,36.7,36.7
7.9208,1,0,0.2193,0.2750,-0.05573,1,1,+0.40218,+0.36608,0.11125,245.90,1,-10.000,-0.01819,-9.601,-0.00000,-17.80,+0.00000,1,+0.62749,+0.00000,0.00651,-5.746,0,36.7,36.7
7.9250,1,0,0.2192,0.2750,-0.05581,1,1,+0.40218,+0.36608,0.11125,245.90,1,-10.000,-0.01819,-9.601,-0.00000,-17.80,+0.00000,1,+0.62749,+0.00000,0.00651,-5.746,0,36.7,36.7
7.9478,1,0,0.2188,0.2750,-0.05617,1,1,+0.40218,+0.36608,0.11125,245.90,1,-10.000,-0.01831,-9.660,-0.00000,-17.80,+0.00000,1,+0.62749,+0.00000,0.00651,-5.718,0,36.7,36.7
7.9522,1,0,0.2188,0.2750,-0.05624,1,1,+0.40218,+0.36608,0.11125,245.90,1,-10.000,-0.01848,-9.773,-0.00000,-17.80,+0.00000,1,+0.62749,+0.00000,0.00651,-5.680,0,36.7,36.7
7.9569,1,0,0.2187,0.2750,-0.05631,1,1,+0.40218,+0.36608,0.11125,245.90,1,-10.000,-0.01863,-9.828,-0.00000,-17.80,+0.00000,1,+0.62749,+0.00000,0.00651,-5.646,0,36.7,36.7
7.9614,1,0,0.2186,0.2750,-0.05638,1,1,+0.40218,+0.36608,0.11125,245.90,1,-10.000,-0.01863,-9.828,-0.00000,-17.80,+0.00000,1,+0.62749,+0.00000,0.00651,-5.646,0,36.7,36.7
7.9662,1,0,0.2186,0.2750,-0.05645,1,1,+0.40218,+0.36608,0.11125,245.90,1,-10.000,-0.01878,-9.882,-0.00000,-17.80,+0.00000,1,+0.62749,+0.00000,0.00651,-5.611,0,36.7,36.7
7.9707,1,0,0.2185,0.2750,-0.05651,1,1,+0.40218,+0.36608,0.11125,245.90,1,-10.000,-0.01878,-9.882,-0.00000,-17.80,+0.00000,1,+0.62749,+0.00000,0.00651,-5.611,0,36.7,36.7
7.9753,1,0,0.2184,0.2750,-0.05657,1,1,+0.40218,+0.36608,0.11125,245.90,1,-10.000,-0.01890,-9.935,-0.00000,-17.80,+0.00000,1,+0.62749,+0.00000,0.00651,-5.585,0,36.7,36.7
7.9797,1,0,0.2184,0.2750,-0.05663,1,1,+0.40218,+0.36608,0.11125,245.90,1,-10.000,-0.01890,-9.935,-0.00000,-17.80,+0.00000,1,+0.62749,+0.00000,0.00651,-5.585,0,36.7,36.7
7.9841,1,0,0.2183,0.2750,-0.05668,1,1,+0.40218,+0.36608,0.11125,245.90,1,-10.000,-0.01898,-9.987,-0.00000,-17.80,+0.00000,1,+0.62749,+0.00000,0.00651,-5.566,0,36.7,36.7
7.9892,1,0,0.2183,0.2750,-0.05675,1,1,+0.40218,+0.36608,0.11125,245.90,1,-10.000,-0.01898,-9.987,-0.00000,-17.80,+0.00000,1,+0.62749,+0.00000,0.00651,-5.566,0,36.7,36.7
7.9939,1,0,0.2182,0.2750,-0.05680,1,1,+0.40218,+0.36608,0.11125,245.90,1,-10.000,-0.01909,-10.039,-0.00000,-17.80,+0.00000,1,+0.62749,+0.00000,0.00651,-5.540,0,36.7,36.7
7.9983,1,0,0.2181,0.2750,-0.05685,1,1,+0.40218,+0.36608,0.11125,245.90,1,-10.000,-0.01909,-10.039,-0.00000,-17.80,+0.00000,1,+0.62749,+0.00000,0.00651,-5.540,0,36.7,36.7
8.0038,1,0,0.2181,0.2750,-0.05691,1,1,+0.40218,+0.36608,0.11125,245.90,1,-10.000,-0.01921,-10.089,-0.00000,-17.80,+0.00000,1,+0.62749,+0.00000,0.00651,-5.513,0,36.7,36.7
8.0084,1,0,0.2180,0.2750,-0.05696,1,1,+0.40218,+0.36608,0.11125,245.90,1,-10.000,-0.01921,-10.089,-0.00000,-17.80,+0.00000,1,+0.62749,+0.00000,0.00651,-5.513,0,36.7,36.7
8.0132,1,0,0.2180,0.2750,-0.05701,1,1,+0.40218,+0.36608,0.11125,245.90,1,-10.000,-0.01931,-10.138,-0.00000,-17.80,+0.00000,1,+0.62749,+0.00000,0.00651,-5.490,0,36.7,36.7
8.0184,1,0,0.2179,0.2750,-0.05706,1,1,+0.40218,+0.36608,0.11125,245.90,1,-10.000,-0.01931,-10.138,-0.00000,-17.80,+0.00000,1,+0.62749,+0.00000,0.00651,-5.490,0,36.7,36.7
8.0229,1,0,0.2179,0.2750,-0.05711,1,1,+0.40218,+0.36608,0.11125,245.90,1,-10.000,-0.01945,-10.186,-0.00000,-17.80,+0.00000,1,+0.62749,+0.00000,0.00651,-5.459,0,36.7,36.7
8.0273,1,0,0.2178,0.2750,-0.05715,1,1,+0.40218,+0.36608,0.11125,245.90,1,-10.000,-0.01958,-10.234,-0.00000,-17.80,+0.00000,1,+0.62749,+0.00000,0.00651,-5.429,0,36.7,36.7
8.0318,1,0,0.2178,0.2750,-0.05719,1,1,+0.40218,+0.36608,0.11125,245.90,1,-10.000,-0.01958,-10.234,-0.00000,-17.80,+0.00000,1,+0.62749,+0.00000,0.00651,-5.429,0,36.7,36.7
8.0373,1,0,0.2178,0.2750,-0.05724,1,1,+0.40218,+0.36608,0.11125,245.90,1,-10.000,-0.01968,-10.280,-0.00000,-17.80,+0.00000,1,+0.62749,+0.00000,0.00651,-5.406,0,36.7,36.7
8.0419,1,0,0.2177,0.2750,-0.05728,1,1,+0.40218,+0.36608,0.11125,245.90,1,-10.000,-0.01968,-10.280,-0.00000,-17.80,+0.00000,1,+0.62749,+0.00000,0.00651,-5.406,0,36.7,36.7
8.0465,1,0,0.2177,0.2750,-0.05732,1,1,+0.40218,+0.36608,0.11125,245.90,1,-10.000,-0.01982,-10.326,-0.00000,-17.80,+0.00000,1,+0.62749,+0.00000,0.00651,-5.372,0,36.7,36.7
8.0511,1,0,0.2176,0.2750,-0.05736,1,1,+0.40218,+0.36608,0.11125,245.90,1,-10.000,-0.01982,-10.326,-0.00000,-17.80,+0.00000,1,+0.62749,+0.00000,0.00651,-5.372,0,36.7,36.7
8.0556,1,0,0.2176,0.2750,-0.05739,1,1,+0.40218,+0.36608,0.11125,245.90,1,-10.000,-0.01992,-10.371,-0.00000,-17.80,+0.00000,1,+0.62749,+0.00000,0.00651,-5.350,0,36.7,36.7
8.0600,1,0,0.2176,0.2750,-0.05742,1,1,+0.40218,+0.36608,0.11125,245.90,1,-10.000,-0.01992,-10.371,-0.00000,-17.80,+0.00000,1,+0.62749,+0.00000,0.00651,-5.350,0,36.7,36.7
8.0644,1,0,0.2175,0.2750,-0.05746,1,1,+0.40218,+0.36608,0.11125,245.90,1,-10.000,-0.02005,-10.414,-0.00000,-17.80,+0.00000,1,+0.62749,+0.00000,0.00651,-5.320,0,36.7,36.7
8.0689,1,0,0.2175,0.2750,-0.05749,1,1,+0.40218,+0.36608,0.11125,245.90,1,-10.000,-0.02005,-10.414,-0.00000,-17.80,+0.00000,1,+0.62749,+0.00000,0.00651,-5.320,0,36.7,36.7
8.0735,1,0,0.2175,0.2750,-0.05752,1,1,+0.40218,+0.36608,0.11125,245.90,1,-10.000,-0.02012,-10.458,-0.00000,-17.80,+0.00000,1,+0.62749,+0.00000,0.00651,-5.304,0,36.7,36.7
8.0780,1,0,0.2174,0.2750,-0.05755,1,1,+0.40218,+0.36608,0.11125,245.90,1,-10.000,-0.02025,-10.500,-0.00000,-17.80,+0.00000,1,+0.62749,+0.00000,0.00651,-5.275,0,36.7,36.7
8.0824,1,0,0.2174,0.2750,-0.05758,1,1,+0.40218,+0.36608,0.11125,245.90,1,-10.000,-0.02025,-10.500,-0.00000,-17.80,+0.00000,1,+0.62749,+0.00000,0.00651,-5.275,0,36.7,36.7
8.0870,1,0,0.2174,0.2750,-0.05761,1,1,+0.40218,+0.36608,0.11125,245.90,1,-10.000,-0.02036,-10.542,-0.00000,-17.80,+0.00000,1,+0.62749,+0.00000,0.00651,-5.249,0,36.7,36.7
8.0919,1,0,0.2174,0.2750,-0.05764,1,1,+0.40218,+0.36608,0.11125,245.90,1,-10.000,-0.02036,-10.542,-0.00000,-17.80,+0.00000,1,+0.62749,+0.00000,0.00651,-5.249,0,36.7,36.7
8.0966,1,0,0.2173,0.2750,-0.05767,1,1,+0.40218,+0.36608,0.11125,245.90,1,-10.000,-0.02047,-10.582,-0.00000,-17.80,+0.00000,1,+0.62749,+0.00000,0.00651,-5.223,0,36.7,36.7
8.1012,1,0,0.2173,0.2750,-0.05770,1,1,+0.40218,+0.36608,0.11125,245.90,1,-10.000,-0.02047,-10.582,-0.00000,-17.80,+0.00000,1,+0.62749,+0.00000,0.00651,-5.223,0,36.7,36.7
8.1056,1,0,0.2173,0.2750,-0.05772,1,1,+0.40218,+0.36608,0.11125,245.90,1,-10.000,-0.02052,-10.623,-0.00000,-17.80,+0.00000,1,+0.62749,+0.00000,0.00651,-5.212,0,36.7,36.7
8.1103,1,0,0.2173,0.2750,-0.05775,1,1,+0.40218,+0.36608,0.11125,245.90,1,-10.000,-0.02052,-10.623,-0.00000,-17.80,+0.00000,1,+0.62749,+0.00000,0.00651,-5.212,0,36.7,36.7
8.1148,1,0,0.2172,0.2750,-0.05777,1,1,+0.40218,+0.36608,0.11125,245.90,1,-10.000,-0.02066,-10.662,-0.00000,-17.80,+0.00000,1,+0.62749,+0.00000,0.00651,-5.181,0,36.7,36.7
8.1194,1,0,0.2172,0.2750,-0.05780,1,1,+0.40218,+0.36608,0.11125,245.90,1,-10.000,-0.02066,-10.662,-0.00000,-17.80,+0.00000,1,+0.62749,+0.00000,0.00651,-5.181,0,36.7,36.7
8.1237,1,0,0.2172,0.2750,-0.05782,1,1,+0.40218,+0.36608,0.11125,245.90,1,-10.000,-0.02074,-10.701,-0.00000,-17.80,+0.00000,1,+0.62749,+0.00000,0.00651,-5.162,0,36.7,36.7
8.1282,1,0,0.2172,0.2750,-0.05784,1,1,+0.40218,+0.36608,0.11125,245.90,1,-10.000,-0.02074,-10.701,-0.00000,-17.80,+0.00000,1,+0.62749,+0.00000,0.00651,-5.162,0,36.7,36.7
8.1329,1,0,0.2171,0.2750,-0.05786,1,1,+0.40218,+0.36608,0.11125,245.90,1,-10.000,-0.02084,-10.739,-0.00000,-17.80,+0.00000,1,+0.62749,+0.00000,0.00651,-5.140,0,36.7,36.7
8.1375,1,0,0.2171,0.2750,-0.05788,1,1,+0.40218,+0.36608,0.11125,245.90,1,-10.000,-0.02095,-10.776,-0.00000,-17.80,+0.00000,1,+0.62749,+0.00000,0.00651,-5.115,0,108.7,20.9
8.1436,1,0,0.2171,0.2750,-0.05791,1,1,+0.40218,+0.36608,0.11125,245.90,1,-10.000,-0.02095,-10.776,-0.00000,-17.80,+0.00000,1,+0.62749,+0.00000,0.00651,-5.115,0,108.7,20.9
8.1482,1,0,0.2171,0.2750,-0.05793,1,1,+0.40218,+0.36608,0.11125,245.90,1,-10.000,-0.02101,-10.812,-0.00000,-17.80,+0.00000,1,+0.62749,+0.00000,0.00651,-5.100,0,108.7,20.9
8.1530,1,0,0.2171,0.2750,-0.05795,1,1,+0.40218,+0.36608,0.11125,245.90,1,-10.000,-0.02101,-10.812,-0.00000,-17.80,+0.00000,1,+0.62749,+0.00000,0.00651,-5.100,0,108.7,20.9
8.1575,1,0,0.2170,0.2750,-0.05797,1,1,+0.40218,+0.36608,0.11125,245.90,1,-10.000,-0.02112,-10.848,-0.00000,-17.80,+0.00000,1,+0.62749,+0.00000,0.00651,-5.075,0,108.7,20.9
8.1621,1,0,0.2170,0.2750,-0.05799,1,1,+0.40218,+0.36608,0.11125,245.90,1,-10.000,-0.02112,-10.848,-0.00000,-17.80,+0.00000,1,+0.62749,+0.00000,0.00651,-5.075,0,108.7,20.9
8.1667,1,0,0.2170,0.2750,-0.05800,1,1,+0.40218,+0.36608,0.11125,245.90,1,-10.000,-0.02120,-10.883,-0.00000,-17.80,+0.00000,1,+0.62749,+0.00000,0.00651,-5.058,0,108.7,20.9
8.1710,1,0,0.2170,0.2750,-0.05802,1,1,+0.40218,+0.36608,0.11125,245.90,1,-10.000,-0.02120,-10.883,-0.00000,-17.80,+0.00000,1,+0.62749,+0.00000,0.00651,-5.058,0,108.7,20.9
8.1755,1,0,0.2170,0.2750,-0.05804,1,1,+0.40218,+0.36608,0.11125,245.90,1,-10.000,-0.02128,-10.918,-0.00000,-17.80,+0.00000,1,+0.62749,+0.00000,0.00651,-5.039,0,108.7,20.9
8.1799,1,0,0.2169,0.2750,-0.05805,1,1,+0.40218,+0.36608,0.11125,245.90,1,-10.000,-0.02128,-10.918,-0.00000,-17.80,+0.00000,1,+0.62749,+0.00000,0.00651,-5.039,0,108.7,20.9
8.1844,1,0,0.2169,0.2750,-0.05807,1,1,+0.40218,+0.36608,0.11125,245.90,1,-10.000,-0.02136,-10.952,-0.00000,-17.80,+0.00000,1,+0.62749,+0.00000,0.00651,-5.020,0,108.7,20.9
8.1886,1,0,0.2169,0.2750,-0.05808,1,1,+0.40218,+0.36608,0.11125,245.90,1,-10.000,-0.02136,-10.952,-0.00000,-17.80,+0.00000,1,+0.62749,+0.00000,0.00651,-5.020,0,108.7,20.9
8.1933,1,0,0.2169,0.2750,-0.05809,1,1,+0.40218,+0.36608,0.11125,245.90,1,-10.000,-0.02143,-10.985,-0.00000,-17.80,+0.00000,1,+0.62749,+0.00000,0.00651,-5.005,0,108.7,20.9
8.1979,1,0,0.2169,0.2750,-0.05811,1,1,+0.40218,+0.36608,0.11125,245.90,1,-10.000,-0.02155,-11.018,-0.00000,-17.80,+0.00000,1,+0.62749,+0.00000,0.00651,-4.976,0,108.7,20.9
8.2026,1,0,0.2169,0.2750,-0.05812,1,1,+0.40218,+0.36608,0.11125,245.90,1,-10.000,-0.02155,-11.018,-0.00000,-17.80,+0.00000,1,+0.62749,+0.00000,0.00651,-4.976,0,108.7,20.9
8.2087,1,0,0.2169,0.2750,-0.05814,1,1,+0.40218,+0.36608,0.11125,245.90,1,-10.000,-0.02162,-11.050,-0.00000,-17.80,+0.00000,1,+0.62749,+0.00000,0.00651,-4.961,0,108.7,20.9
8.2131,1,0,0.2168,0.2750,-0.05815,1,1,+0.40218,+0.36608,0.11125,245.90,1,-10.000,-0.02173,-11.081,-0.00000,-17.80,+0.00000,1,+0.62749,+0.00000,0.00651,-4.936,0,108.7,20.9
8.2177,1,0,0.2168,0.2750,-0.05817,1,1,+0.40218,+0.36608,0.11125,245.90,1,-10.000,-0.02173,-11.081,-0.00000,-17.80,+0.00000,1,+0.62749,+0.00000,0.00651,-4.936,0,108.7,20.9
8.2226,1,0,0.2168,0.2750,-0.05818,1,1,+0.40218,+0.36608,0.11125,245.90,1,-10.000,-0.02179,-11.112,-0.00000,-17.80,+0.00000,1,+0.62749,+0.00000,0.00651,-4.923,0,108.7,20.9
8.2272,1,0,0.2168,0.2750,-0.05819,1,1,+0.40218,+0.36608,0.11125,245.90,1,-10.000,-0.02179,-11.112,-0.00000,-17.80,+0.00000,1,+0.62749,+0.00000,0.00651,-4.923,0,108.7,20.9
8.2315,1,0,0.2168,0.2750,-0.05820,1,1,+0.40218,+0.36608,0.11125,245.90,1,-10.000,-0.02179,-11.112,-0.00000,-17.80,+0.00000,1,+0.62749,+0.00000,0.00651,-4.923,0,108.7,20.9
8.2366,1,0,0.2168,0.2750,-0.05821,1,1,+0.40218,+0.36608,0.11125,245.90,1,-10.000,-0.02184,-11.142,-0.00000,-17.80,+0.00000,1,+0.62749,+0.00000,0.00651,-4.910,0,108.7,20.9
8.2413,1,0,0.2168,0.2750,-0.05822,1,1,+0.40218,+0.36608,0.11125,245.90,1,-10.000,-0.02191,-11.172,-0.00000,-17.80,+0.00000,1,+0.62749,+0.00000,0.00651,-4.894,0,108.7,20.9
8.2460,1,0,0.2168,0.2750,-0.05823,1,1,+0.40218,+0.36608,0.11125,245.90,1,-10.000,-0.02191,-11.172,-0.00000,-17.80,+0.00000,1,+0.62749,+0.00000,0.00651,-4.894,0,108.7,20.9
8.2508,1,0,0.2168,0.2750,-0.05825,1,1,+0.40218,+0.36608,0.11125,245.90,1,-10.000,-0.02203,-11.201,-0.00000,-17.80,+0.00000,1,+0.62749,+0.00000,0.00651,-4.868,0,108.7,20.9
8.2554,1,0,0.2167,0.2750,-0.05826,1,1,+0.40218,+0.36608,0.11125,245.90,1,-10.000,-0.02203,-11.201,-0.00000,-17.80,+0.00000,1,+0.62749,+0.00000,0.00651,-4.868,0,108.7,20.9
8.2600,1,0,0.2167,0.2750,-0.05826,1,1,+0.40218,+0.36608,0.11125,245.90,1,-10.000,-0.02208,-11.230,-0.00000,-17.80,+0.00000,1,+0.62749,+0.00000,0.00651,-4.854,0,108.7,20.9
8.2645,1,0,0.2167,0.2750,-0.05827,1,1,+0.40218,+0.36608,0.11125,245.90,1,-10.000,-0.02217,-11.258,-0.00000,-17.80,+0.00000,1,+0.62749,+0.00000,0.00651,-4.834,0,108.7,20.9
8.2691,1,0,0.2167,0.2750,-0.05828,1,1,+0.40218,+0.36608,0.11125,245.90,1,-10.000,-0.02217,-11.258,-0.00000,-17.80,+0.00000,1,+0.62749,+0.00000,0.00651,-4.834,0,108.7,20.9
8.2736,1,0,0.2167,0.2750,-0.05829,1,1,+0.40218,+0.36608,0.11125,245.90,1,-10.000,-0.02222,-11.286,-0.00000,-17.80,+0.00000,1,+0.62749,+0.00000,0.00651,-4.822,0,108.7,20.9
8.2781,1,0,0.2167,0.2750,-0.05830,1,1,+0.40218,+0.36608,0.11125,245.90,1,-10.000,-0.02222,-11.286,-0.00000,-17.80,+0.00000,1,+0.62749,+0.00000,0.00651,-4.822,0,108.7,20.9
8.2826,1,0,0.2167,0.2750,-0.05831,1,1,+0.40218,+0.36608,0.11125,245.90,1,-10.000,-0.02229,-11.313,-0.00000,-17.80,+0.00000,1,+0.62749,+0.00000,0.00651,-4.807,0,108.7,20.9
8.2872,1,0,0.2167,0.2750,-0.05832,1,1,+0.40218,+0.36608,0.11125,245.90,1,-10.000,-0.02229,-11.313,-0.00000,-17.80,+0.00000,1,+0.62749,+0.00000,0.00651,-4.807,0,108.7,20.9
8.2919,1,0,0.2167,0.2750,-0.05832,1,1,+0.40218,+0.36608,0.11125,245.90,1,-10.000,-0.02234,-11.340,-0.00000,-17.80,+0.00000,1,+0.62749,+0.00000,0.00651,-4.794,0,108.7,20.9
8.2967,1,0,0.2167,0.2750,-0.05833,1,1,+0.40218,+0.36608,0.11125,245.90,1,-10.000,-0.02234,-11.340,-0.00000,-17.80,+0.00000,1,+0.62749,+0.00000,0.00651,-4.794,0,108.7,20.9
8.3012,1,0,0.2167,0.2750,-0.05834,1,1,+0.40218,+0.36608,0.11125,245.90,1,-10.000,-0.02239,-11.366,-0.00000,-17.80,+0.00000,1,+0.62749,+0.00000,0.00651,-4.785,0,108.7,20.9
8.3053,1,0,0.2167,0.2750,-0.05834,1,1,+0.40218,+0.36608,0.11125,245.90,1,-10.000,-0.02239,-11.366,-0.00000,-17.80,+0.00000,1,+0.62749,+0.00000,0.00651,-4.785,0,108.7,20.9
8.3099,1,0,0.2166,0.2750,-0.05835,1,1,+0.40218,+0.36608,0.11125,245.90,1,-10.000,-0.02244,-11.391,-0.00000,-17.80,+0.00000,1,+0.62749,+0.00000,0.00651,-4.772,0,108.7,20.9
8.3145,1,0,0.2166,0.2750,-0.05836,1,1,+0.40218,+0.36608,0.11125,245.90,1,-10.000,-0.02244,-11.391,-0.00000,-17.80,+0.00000,1,+0.62749,+0.00000,0.00651,-4.772,0,108.7,20.9
8.3190,1,0,0.2166,0.2750,-0.05836,1,1,+0.40218,+0.36608,0.11125,245.90,1,-10.000,-0.02250,-11.417,-0.00000,-17.80,+0.00000,1,+0.62749,+0.00000,0.00651,-4.758,0,108.7,20.9
8.3232,1,0,0.2166,0.2750,-0.05837,1,1,+0.40218,+0.36608,0.11125,245.90,1,-10.000,-0.02250,-11.417,-0.00000,-17.80,+0.00000,1,+0.62749,+0.00000,0.00651,-4.758,0,108.7,20.9
8.3280,1,0,0.2166,0.2750,-0.05838,1,1,+0.40218,+0.36608,0.11125,245.90,1,-10.000,-0.02256,-11.441,-0.00000,-17.80,+0.00000,1,+0.62749,+0.00000,0.00651,-4.745,0,108.7,20.9
8.3323,1,0,0.2166,0.2750,-0.05838,1,1,+0.40218,+0.36608,0.11125,245.90,1,-10.000,-0.02256,-11.441,-0.00000,-17.80,+0.00000,1,+0.62749,+0.00000,0.00651,-4.745,0,108.7,20.9
8.3368,1,0,0.2166,0.2750,-0.05839,1,1,+0.40218,+0.36608,0.11125,245.90,1,-10.000,-0.02264,-11.465,-0.00000,-17.80,+0.00000,1,+0.62749,+0.00000,0.00651,-4.728,0,108.7,20.9
8.3416,1,0,0.2166,0.2750,-0.05839,1,1,+0.40218,+0.36608,0.11125,245.90,1,-10.000,-0.02264,-11.465,-0.00000,-17.80,+0.00000,1,+0.62749,+0.00000,0.00651,-4.728,0,108.7,20.9
8.3459,1,0,0.2166,0.2750,-0.05840,1,1,+0.40218,+0.36608,0.11125,245.90,1,-10.000,-0.02266,-11.489,-0.00000,-17.80,+0.00000,1,+0.62749,+0.00000,0.00651,-4.721,0,108.7,20.9
8.3501,1,0,0.2166,0.2750,-0.05840,1,1,+0.40218,+0.36608,0.11125,245.90,1,-10.000,-0.02266,-11.489,-0.00000,-17.80,+0.00000,1,+0.62749,+0.00000,0.00651,-4.721,0,108.7,20.9
8.3549,1,0,0.2166,0.2750,-0.05841,1,1,+0.40218,+0.36608,0.11125,245.90,1,-10.000,-0.02271,-11.513,-0.00000,-17.80,+0.00000,1,+0.62749,+0.00000,0.00651,-4.711,0,108.7,20.9
8.3595,1,0,0.2166,0.2750,-0.05841,1,1,+0.40218,+0.36608,0.11125,245.90,1,-10.000,-0.02271,-11.513,-0.00000,-17.80,+0.00000,1,+0.62749,+0.00000,0.00651,-4.711,0,108.7,20.9
8.3639,1,0,0.2166,0.2750,-0.05842,1,1,+0.40218,+0.36608,0.11125,245.90,1,-10.000,-0.02279,-11.536,-0.00000,-17.80,+0.00000,1,+0.62749,+0.00000,0.00651,-4.692,0,108.7,20.9
8.3683,1,0,0.2166,0.2750,-0.05842,1,1,+0.40218,+0.36608,0.11125,245.90,1,-10.000,-0.02279,-11.536,-0.00000,-17.80,+0.00000,1,+0.62749,+0.00000,0.00651,-4.692,0,108.7,20.9
8.3729,1,0,0.2166,0.2750,-0.05843,1,1,+0.40218,+0.36608,0.11125,245.90,1,-10.000,-0.02284,-11.558,-0.00000,-17.80,+0.00000,1,+0.62749,+0.00000,0.00651,-4.680,0,108.7,20.9
8.3775,1,0,0.2166,0.2750,-0.05843,1,1,+0.40218,+0.36608,0.11125,245.90,1,-10.000,-0.02284,-11.558,-0.00000,-17.80,+0.00000,1,+0.62749,+0.00000,0.00651,-4.680,0,108.7,20.9
8.3818,2,0,0.2166,0.2750,-0.05843,1,1,+0.40218,+0.36608,0.11125,245.90,1,-10.000,-0.02291,-11.580,-0.00000,-17.80,+0.00000,1,+0.62749,+0.00000,0.00651,-4.665,0,108.7,20.9
8.3866,2,0,0.2166,0.2750,-0.05844,1,1,+0.40218,+0.36608,0.11125,245.90,1,-10.000,-0.02291,-11.580,-0.00000,-17.80,+0.00000,1,+0.62749,+0.00000,0.00651,-4.665,0,108.7,20.9
8.3911,2,0,0.2166,0.2750,-0.05844,1,1,+0.40218,+0.36608,0.11125,245.90,1,-10.000,-0.02295,-11.602,-0.00000,-17.80,+0.00000,1,+0.62749,+0.00000,0.00651,-4.655,0,108.7,20.9
8.3957,2,0,0.2166,0.2750,-0.05845,1,1,+0.40218,+0.36608,0.11125,245.90,1,-10.000,-0.02295,-11.602,-0.00000,-17.80,+0.00000,1,+0.62749,+0.00000,0.00651,-4.655,0,108.7,20.9
8.4002,2,0,0.2165,0.2750,-0.05845,1,1,+0.40218,+0.36608,0.11125,245.90,1,-10.000,-0.02300,-11.623,-0.00000,-17.80,+0.00000,1,+0.62749,+0.00000,0.00651,-4.643,0,108.7,20.9
8.4047,2,0,0.2165,0.2750,-0.05845,1,1,+0.40218,+0.36608,0.11125,245.90,1,-10.000,-0.02308,-11.644,-0.00000,-17.80,+0.00000,1,+0.62749,+0.00000,0.00651,-4.626,0,108.7,20.9
8.4107,2,0,0.2165,0.2750,-0.05846,1,1,+0.40218,+0.36608,0.11125,245.90,1,-10.000,-0.02308,-11.644,-0.00000,-17.80,+0.00000,1,+0.62749,+0.00000,0.00651,-4.626,0,108.7,20.9
8.4152,2,0,0.2165,0.2750,-0.05846,1,1,+0.40218,+0.36608,0.11125,245.90,1,-10.000,-0.02309,-11.665,-0.00000,-17.80,+0.00000,1,+0.62749,+0.00000,0.00651,-4.624,0,108.7,20.9
8.4197,2,0,0.2165,0.2750,-0.05847,1,1,+0.40218,+0.36608,0.11125,245.90,1,-10.000,-0.02309,-11.665,-0.00000,-17.80,+0.00000,1,+0.62749,+0.00000,0.00651,-4.624,0,108.7,20.9
8.4243,2,0,0.2165,0.2750,-0.05847,1,1,+0.40218,+0.36608,0.11125,245.90,1,-10.000,-0.02315,-11.685,-0.00000,-17.80,+0.00000,1,+0.62749,+0.00000,0.00651,-4.610,0,108.7,20.9
8.4288,2,0,0.2165,0.2750,-0.05847,1,1,+0.40218,+0.36608,0.11125,245.90,1,-10.000,-0.02315,-11.685,-0.00000,-17.80,+0.00000,1,+0.62749,+0.00000,0.00651,-4.610,0,108.7,20.9
8.4332,2,0,0.2165,0.2750,-0.05847,1,1,+0.40218,+0.36608,0.11125,245.90,1,-10.000,-0.02321,-11.705,-0.00000,-17.80,+0.00000,1,+0.62749,+0.00000,0.00651,-4.595,0,108.7,20.9
8.4376,2,0,0.2165,0.2750,-0.05848,1,1,+0.40218,+0.36608,0.11125,245.90,1,-10.000,-0.02321,-11.705,-0.00000,-17.80,+0.00000,1,+0.62749,+0.00000,0.00651,-4.595,0,108.7,20.9
8.4423,2,0,0.2165,0.2750,-0.05848,1,1,+0.40218,+0.36608,0.11125,245.90,1,-10.000,-0.02325,-11.724,-0.00000,-17.80,+0.00000,1,+0.62749,+0.00000,0.00651,-4.588,0,108.7,20.9
8.4465,2,0,0.2165,0.2750,-0.05848,1,1,+0.40218,+0.36608,0.11125,245.90,1,-10.000,-0.02325,-11.724,-0.00000,-17.80,+0.00000,1,+0.62749,+0.00000,0.00651,-4.588,0,108.7,20.9
8.4512,2,0,0.2165,0.2750,-0.05849,1,1,+0.40218,+0.36608,0.11125,245.90,1,-10.000,-0.02329,-11.743,-0.00000,-17.80,+0.00000,1,+0.62749,+0.00000,0.00651,-4.578,0,108.7,20.9
8.4557,2,0,0.2165,0.2750,-0.05849,1,1,+0.40218,+0.36608,0.11125,245.90,1,-10.000,-0.02329,-11.743,-0.00000,-17.80,+0.00000,1,+0.62749,+0.00000,0.00651,-4.578,0,108.7,20.9
8.4601,2,0,0.2165,0.2750,-0.05849,1,1,+0.40218,+0.36608,0.11125,245.90,1,-10.000,-0.02329,-11.762,-0.00000,-17.80,+0.00000,1,+0.62749,+0.00000,0.00651,-4.578,0,108.7,20.9
8.4645,2,0,0.2165,0.2750,-0.05849,1,1,+0.40218,+0.36608,0.11125,245.90,1,-10.000,-0.02329,-11.762,-0.00000,-17.80,+0.00000,1,+0.62749,+0.00000,0.00651,-4.578,0,108.7,20.9
8.4691,2,0,0.2165,0.2750,-0.05850,1,1,+0.40218,+0.36608,0.11125,245.90,1,-10.000,-0.02337,-11.780,-0.00000,-17.80,+0.00000,1,+0.62749,+0.00000,0.00651,-4.560,0,108.7,20.9
8.4743,2,0,0.2165,0.2750,-0.05850,1,1,+0.40218,+0.36608,0.11125,245.90,1,-10.000,-0.02337,-11.780,-0.00000,-17.80,+0.00000,1,+0.62749,+0.00000,0.00651,-4.560,0,108.7,20.9
8.4786,2,0,0.2165,0.2750,-0.05850,1,1,+0.40218,+0.36608,0.11125,245.90,1,-10.000,-0.02341,-11.798,-0.00000,-17.80,+0.00000,1,+0.62749,+0.00000,0.00651,-4.550,0,108.7,20.9
8.4830,2,0,0.2165,0.2750,-0.05850,1,1,+0.40218,+0.36608,0.11125,245.90,1,-10.000,-0.02341,-11.798,-0.00000,-17.80,+0.00000,1,+0.62749,+0.00000,0.00651,-4.550,0,108.7,20.9
8.4872,2,0,0.2165,0.2750,-0.05850,1,1,+0.40218,+0.36608,0.11125,245.90,1,-10.000,-0.02345,-11.816,-0.00000,-17.80,+0.00000,1,+0.62749,+0.00000,0.00651,-4.541,0,108.7,20.9
8.4918,2,0,0.2165,0.2750,-0.05851,1,1,+0.40218,+0.36608,0.11125,245.90,1,-10.000,-0.02345,-11.816,-0.00000,-17.80,+0.00000,1,+0.62749,+0.00000,0.00651,-4.541,0,108.7,20.9
8.4968,2,0,0.2165,0.2750,-0.05851,1,1,+0.40218,+0.36608,0.11125,245.90,1,-10.000,-0.02352,-11.833,-0.00000,-17.80,+0.00000,1,+0.62749,+0.00000,0.00651,-4.526,0,108.7,20.9
8.5017,2,0,0.2165,0.2750,-0.05851,1,1,+0.40218,+0.36608,0.11125,245.90,1,-10.000,-0.02352,-11.833,-0.00000,-17.80,+0.00000,1,+0.62749,+0.00000,0.00651,-4.526,0,108.7,20.9
8.5063,2,0,0.2165,0.2750,-0.05851,1,1,+0.40218,+0.36608,0.11125,245.90,1,-10.000,-0.02353,-11.850,-0.00000,-17.80,+0.00000,1,+0.62749,+0.00000,0.00651,-4.523,0,108.7,20.9
8.5109,2,0,0.2165,0.2750,-0.05851,1,1,+0.40218,+0.36608,0.11125,245.90,1,-10.000,-0.02359,-11.867,-0.00000,-17.80,+0.00000,1,+0.62749,+0.00000,0.00651,-4.509,0,108.7,20.9
8.5154,2,0,0.2165,0.2750,-0.05852,1,1,+0.40218,+0.36608,0.11125,245.90,1,-10.000,-0.02359,-11.867,-0.00000,-17.80,+0.00000,1,+0.62749,+0.00000,0.00651,-4.509,0,108.7,20.9
8.5199,2,0,0.2165,0.2750,-0.05852,1,1,+0.40218,+0.36608,0.11125,245.90,1,-10.000,-0.02365,-11.883,-0.00000,-17.80,+0.00000,1,+0.62749,+0.00000,0.00651,-4.495,0,108.7,20.9
8.5245,2,0,0.2165,0.2750,-0.05852,1,1,+0.40218,+0.36608,0.11125,245.90,1,-10.000,-0.02365,-11.883,-0.00000,-17.80,+0.00000,1,+0.62749,+0.00000,0.00651,-4.495,0,108.7,20.9
8.5295,2,0,0.2165,0.2750,-0.05852,1,1,+0.40218,+0.36608,0.11125,245.90,1,-10.000,-0.02368,-11.899,-0.00000,-17.80,+0.00000,1,+0.62749,+0.00000,0.00651,-4.489,0,108.7,20.9
8.5341,2,0,0.2165,0.2750,-0.05852,1,1,+0.40218,+0.36608,0.11125,245.90,1,-10.000,-0.02368,-11.899,-0.00000,-17.80,+0.00000,1,+0.62749,+0.00000,0.00651,-4.489,0,108.7,20.9
8.5386,2,0,0.2165,0.2750,-0.05852,1,1,+0.40218,+0.36608,0.11125,245.90,1,-10.000,-0.02371,-11.915,-0.00000,-17.80,+0.00000,1,+0.62749,+0.00000,0.00651,-4.481,0,108.7,20.9
8.5431,2,0,0.2165,0.2750,-0.05853,1,1,+0.40218,+0.36608,0.11125,245.90,1,-10.000,-0.02378,-11.931,-0.00000,-17.80,+0.00000,1,+0.62749,+0.00000,0.00651,-4.465,0,108.7,20.9
8.5477,2,0,0.2165,0.2750,-0.05853,1,1,+0.40218,+0.36608,0.11125,245.90,1,-10.000,-0.02378,-11.931,-0.00000,-17.80,+0.00000,1,+0.62749,+0.00000,0.00651,-4.465,0,108.7,20.9
8.5522,2,0,0.2165,0.2750,-0.05853,1,1,+0.40218,+0.36608,0.11125,245.90,1,-10.000,-0.02382,-11.946,-0.00000,-17.80,+0.00000,1,+0.62749,+0.00000,0.00651,-4.458,0,108.7,20.9
8.5567,2,0,0.2165,0.2750,-0.05853,1,1,+0.40218,+0.36608,0.11125,245.90,1,-10.000,-0.02382,-11.946,-0.00000,-17.80,+0.00000,1,+0.62749,+0.00000,0.00651,-4.458,0,108.7,20.9
8.5612,2,0,0.2165,0.2750,-0.05853,1,1,+0.40218,+0.36608,0.11125,245.90,1,-10.000,-0.02384,-11.961,-0.00000,-17.80,+0.00000,1,+0.62749,+0.00000,0.00651,-4.451,0,108.7,20.9
8.5662,2,0,0.2165,0.2750,-0.05853,1,1,+0.40218,+0.36608,0.11125,245.90,1,-10.000,-0.02384,-11.961,-0.00000,-17.80,+0.00000,1,+0.62749,+0.00000,0.00651,-4.451,0,108.7,20.9
8.5707,2,0,0.2165,0.2750,-0.05853,1,1,+0.40218,+0.36608,0.11125,245.90,1,-10.000,-0.02388,-11.975,-0.00000,-17.80,+0.00000,1,+0.62749,+0.00000,0.00651,-4.442,0,108.7,20.9
8.5753,2,0,0.2165,0.2750,-0.05853,1,1,+0.40218,+0.36608,0.11125,245.90,1,-10.000,-0.02388,-11.975,-0.00000,-17.80,+0.00000,1,+0.62749,+0.00000,0.00651,-4.442,0,108.7,20.9
8.5801,2,0,0.2165,0.2750,-0.05854,1,1,+0.40218,+0.36608,0.11125,245.90,1,-10.000,-0.02390,-11.990,-0.00000,-17.80,+0.00000,1,+0.62749,+0.00000,0.00651,-4.437,0,108.7,20.9
8.5848,2,0,0.2165,0.2750,-0.05854,1,1,+0.40218,+0.36608,0.11125,245.90,1,-10.000,-0.02390,-11.990,-0.00000,-17.80,+0.00000,1,+0.62749,+0.00000,0.00651,-4.437,0,108.7,20.9
8.5893,2,0,0.2165,0.2750,-0.05854,1,1,+0.40218,+0.36608,0.11125,245.90,1,-10.000,-0.02399,-12.004,-0.00000,-17.80,+0.00000,1,+0.62749,+0.00000,0.00651,-4.419,0,108.7,20.9
8.5939,2,0,0.2165,0.2750,-0.05854,1,1,+0.40218,+0.36608,0.11125,245.90,1,-10.000,-0.02399,-12.004,-0.00000,-17.80,+0.00000,1,+0.62749,+0.00000,0.00651,-4.419,0,108.7,20.9
8.5985,2,0,0.2165,0.2750,-0.05854,1,1,+0.40218,+0.36608,0.11125,245.90,1,-10.000,-0.02400,-12.018,-0.00000,-17.80,+0.00000,1,+0.62749,+0.00000,0.00651,-4.415,0,108.7,20.9
8.6028,2,0,0.2165,0.2750,-0.05854,1,1,+0.40218,+0.36608,0.11125,245.90,1,-10.000,-0.02400,-12.018,-0.00000,-17.80,+0.00000,1,+0.62749,+0.00000,0.00651,-4.415,0,108.7,20.9
8.6097,2,0,0.2165,0.2750,-0.05854,1,1,+0.40218,+0.36608,0.11125,245.90,1,-10.000,-0.02403,-12.031,-0.00000,-17.80,+0.00000,1,+0.62749,+0.00000,0.00651,-4.408,0,108.7,20.9
8.6143,2,0,0.2165,0.2750,-0.05854,1,1,+0.40218,+0.36608,0.11125,245.90,1,-10.000,-0.02407,-12.045,-0.00000,-17.80,+0.00000,1,+0.62749,+0.00000,0.00651,-4.398,0,108.7,20.9
8.6190,2,0,0.2165,0.2750,-0.05854,1,1,+0.40218,+0.36608,0.11125,245.90,1,-10.000,-0.02407,-12.045,-0.00000,-17.80,+0.00000,1,+0.62749,+0.00000,0.00651,-4.398,0,108.7,20.9
8.6232,2,0,0.2165,0.2750,-0.05855,1,1,+0.40218,+0.36608,0.11125,245.90,1,-10.000,-0.02411,-12.058,-0.00000,-17.80,+0.00000,1,+0.62749,+0.00000,0.00651,-4.391,0,108.7,20.9
8.6277,2,0,0.2165,0.2750,-0.05855,1,1,+0.40218,+0.36608,0.11125,245.90,1,-10.000,-0.02411,-12.058,-0.00000,-17.80,+0.00000,1,+0.62749,+0.00000,0.00651,-4.391,0,108.7,20.9
8.6319,2,0,0.2165,0.2750,-0.05855,1,1,+0.40218,+0.36608,0.11125,245.90,1,-10.000,-0.02415,-12.071,-0.00000,-17.80,+0.00000,1,+0.62749,+0.00000,0.00651,-4.380,0,108.7,20.9
8.6371,2,0,0.2165,0.2750,-0.05855,1,1,+0.40218,+0.36608,0.11125,245.90,1,-10.000,-0.02419,-12.083,-0.00000,-17.80,+0.00000,1,+0.62749,+0.00000,0.00651,-4.372,0,108.7,20.9
8.6417,2,0,0.2165,0.2750,-0.05855,1,1,+0.40218,+0.36608,0.11125,245.90,1,-10.000,-0.02419,-12.083,-0.00000,-17.80,+0.00000,1,+0.62749,+0.00000,0.00651,-4.372,0,108.7,20.9
8.6464,2,0,0.2165,0.2750,-0.05855,1,1,+0.40218,+0.36608,0.11125,245.90,1,-10.000,-0.02422,-12.096,-0.00000,-17.80,+0.00000,1,+0.62749,+0.00000,0.00651,-4.365,0,108.7,20.9
8.6508,2,0,0.2165,0.2750,-0.05855,1,1,+0.40218,+0.36608,0.11125,245.90,1,-10.000,-0.02422,-12.096,-0.00000,-17.80,+0.00000,1,+0.62749,+0.00000,0.00651,-4.365,0,108.7,20.9
8.6553,2,0,0.2164,0.2750,-0.05855,1,1,+0.40218,+0.36608,0.11125,245.90,1,-10.000,-0.02427,-12.108,-0.00000,-17.80,+0.00000,1,+0.62749,+0.00000,0.00651,-4.353,0,108.7,20.9
8.6596,2,0,0.2164,0.2750,-0.05855,1,1,+0.40218,+0.36608,0.11125,245.90,1,-10.000,-0.02427,-12.108,-0.00000,-17.80,+0.00000,1,+0.62749,+0.00000,0.00651,-4.353,0,108.7,20.9
8.6638,2,0,0.2164,0.2750,-0.05855,1,1,+0.40218,+0.36608,0.11125,245.90,1,-10.000,-0.02431,-12.120,-0.00000,-17.80,+0.00000,1,+0.62749,+0.00000,0.00651,-4.345,0,108.7,20.9
8.6690,2,0,0.2164,0.2750,-0.05855,1,1,+0.40218,+0.36608,0.11125,245.90,1,-10.000,-0.02431,-12.120,-0.00000,-17.80,+0.00000,1,+0.62749,+0.00000,0.00651,-4.345,0,108.7,20.9
8.6735,2,0,0.2164,0.2750,-0.05855,1,1,+0.40218,+0.36608,0.11125,245.90,1,-10.000,-0.02433,-12.132,-0.00000,-17.80,+0.00000,1,+0.62749,+0.00000,0.00651,-4.338,0,108.7,20.9
8.6786,2,0,0.2164,0.2750,-0.05855,1,1,+0.40218,+0.36608,0.11125,245.90,1,-10.000,-0.02437,-12.143,-0.00000,-17.80,+0.00000,1,+0.62749,+0.00000,0.00651,-4.330,0,108.7,20.9
8.6831,2,0,0.2164,0.2750,-0.05855,1,1,+0.40218,+0.36608,0.11125,245.90,1,-10.000,-0.02437,-12.143,-0.00000,-17.80,+0.00000,1,+0.62749,+0.00000,0.00651,-4.330,0,108.7,20.9
8.6877,2,0,0.2164,0.2750,-0.05855,1,1,+0.40218,+0.36608,0.11125,245.90,1,-10.000,-0.02439,-12.154,-0.00000,-17.80,+0.00000,1,+0.62749,+0.00000,0.00651,-4.325,0,108.7,20.9
8.6934,2,0,0.2164,0.2750,-0.05856,1,1,+0.40218,+0.36608,0.11125,245.90,1,-10.000,-0.02439,-12.154,-0.00000,-17.80,+0.00000,1,+0.62749,+0.00000,0.00651,-4.325,0,108.7,20.9
8.6976,2,0,0.2164,0.2750,-0.05856,1,1,+0.40218,+0.36608,0.11125,245.90,1,-10.000,-0.02444,-12.165,-0.00000,-17.80,+0.00000,1,+0.62749,+0.00000,0.00651,-4.313,0,108.7,20.9
8.7032,2,0,0.2164,0.2750,-0.05856,1,1,+0.40218,+0.36608,0.11125,245.90,1,-10.000,-0.02444,-12.165,-0.00000,-17.80,+0.00000,1,+0.62749,+0.00000,0.00651,-4.313,0,108.7,20.9
8.7090,2,0,0.2164,0.2750,-0.05856,1,1,+0.40218,+0.36608,0.11125,245.90,1,-10.000,-0.02440,-12.177,-0.00000,-17.80,+0.00000,1,+0.62749,+0.00000,0.00651,-4.322,0,108.7,20.9
8.7141,2,0,0.2164,0.2750,-0.05856,1,1,+0.40218,+0.36608,0.11125,245.90,1,-10.000,-0.02446,-12.187,-0.00000,-17.80,+0.00000,1,+0.62749,+0.00000,0.00651,-4.310,0,108.7,20.9
8.7184,2,0,0.2164,0.2750,-0.05856,1,1,+0.40218,+0.36608,0.11125,245.90,1,-10.000,-0.02446,-12.187,-0.00000,-17.80,+0.00000,1,+0.62749,+0.00000,0.00651,-4.310,0,108.7,20.9
8.7233,2,0,0.2164,0.2750,-0.05856,1,1,+0.40218,+0.36608,0.11125,245.90,1,-10.000,-0.02448,-12.198,-0.00000,-17.80,+0.00000,1,+0.62749,+0.00000,0.00651,-4.305,0,108.7,20.9
8.7278,2,0,0.2164,0.2750,-0.05856,1,1,+0.40218,+0.36608,0.11125,245.90,1,-10.000,-0.02448,-12.198,-0.00000,-17.80,+0.00000,1,+0.62749,+0.00000,0.00651,-4.305,0,108.7,20.9
8.7321,2,0,0.2164,0.2750,-0.05856,1,1,+0.40218,+0.36608,0.11125,245.90,1,-10.000,-0.02453,-12.208,-0.00000,-17.80,+0.00000,1,+0.62749,+0.00000,0.00651,-4.294,0,108.7,20.9
8.7370,2,0,0.2164,0.2750,-0.05856,1,1,+0.40218,+0.36608,0.11125,245.90,1,-10.000,-0.02453,-12.208,-0.00000,-17.80,+0.00000,1,+0.62749,+0.00000,0.00651,-4.294,0,108.7,20.9
8.7413,2,0,0.2164,0.2750,-0.05856,1,1,+0.40218,+0.36608,0.11125,245.90,1,-10.000,-0.02455,-12.218,-0.00000,-17.80,+0.00000,1,+0.62749,+0.00000,0.00651,-4.289,0,108.7,20.9
8.7461,2,0,0.2164,0.2750,-0.05856,1,1,+0.40218,+0.36608,0.11125,245.90,1,-10.000,-0.02455,-12.218,-0.00000,-17.80,+0.00000,1,+0.62749,+0.00000,0.00651,-4.289,0,108.7,20.9
8.7508,2,0,0.2164,0.2750,-0.05856,1,1,+0.40218,+0.36608,0.11125,245.90,1,-10.000,-0.02457,-12.228,-0.00000,-17.80,+0.00000,1,+0.62749,+0.00000,0.00651,-4.285,0,108.7,20.9
8.7554,2,0,0.2164,0.2750,-0.05856,1,1,+0.40218,+0.36608,0.11125,245.90,1,-10.000,-0.02457,-12.228,-0.00000,-17.80,+0.00000,1,+0.62749,+0.00000,0.00651,-4.285,0,108.7,20.9
8.7599,2,0,0.2164,0.2750,-0.05856,1,1,+0.40218,+0.36608,0.11125,245.90,1,-10.000,-0.02458,-12.238,-0.00000,-17.80,+0.00000,1,+0.62749,+0.00000,0.00651,-4.282,0,108.7,20.9
8.7655,2,0,0.2164,0.2750,-0.05856,1,1,+0.40218,+0.36608,0.11125,245.90,1,-10.000,-0.02458,-12.238,-0.00000,-17.80,+0.00000,1,+0.62749,+0.00000,0.00651,-4.282,0,108.7,20.9
8.7706,2,0,0.2164,0.2750,-0.05856,1,1,+0.40218,+0.36608,0.11125,245.90,1,-10.000,-0.02458,-12.247,-0.00000,-17.80,+0.00000,1,+0.62749,+0.00000,0.00651,-4.282,0,108.7,20.9
8.7753,2,0,0.2164,0.2750,-0.05856,1,1,+0.40218,+0.36608,0.11125,245.90,1,-10.000,-0.02468,-12.256,-0.00000,-17.80,+0.00000,1,+0.62749,+0.00000,0.00651,-4.258,0,108.7,20.9
8.7800,2,0,0.2164,0.2750,-0.05856,1,1,+0.40218,+0.36608,0.11125,245.90,1,-10.000,-0.02468,-12.256,-0.00000,-17.80,+0.00000,1,+0.62749,+0.00000,0.00651,-4.258,0,108.7,20.9
8.7847,2,0,0.2164,0.2750,-0.05856,1,1,+0.40218,+0.36608,0.11125,245.90,1,-10.000,-0.02470,-12.266,-0.00000,-17.80,+0.00000,1,+0.62749,+0.00000,0.00651,-4.254,0,108.7,20.9
8.7897,2,0,0.2164,0.2750,-0.05856,1,1,+0.40218,+0.36608,0.11125,245.90,1,-10.000,-0.02470,-12.266,-0.00000,-17.80,+0.00000,1,+0.62749,+0.00000,0.00651,-4.254,0,108.7,20.9
8.7950,2,0,0.2164,0.2750,-0.05856,1,1,+0.40218,+0.36608,0.11125,245.90,1,-10.000,-0.02470,-12.275,-0.00000,-17.80,+0.00000,1,+0.62749,+0.00000,0.00651,-4.254,0,108.7,20.9
8.8000,2,0,0.2164,0.2750,-0.05856,1,1,+0.40218,+0.36608,0.11125,245.90,1,-10.000,-0.02471,-12.284,-0.00000,-17.80,+0.00000,1,+0.62749,+0.00000,0.00651,-4.252,0,108.7,20.9
8.8052,2,0,0.2164,0.2750,-0.05856,1,1,+0.40218,+0.36608,0.11125,245.90,1,-10.000,-0.02471,-12.284,-0.00000,-17.80,+0.00000,1,+0.62749,+0.00000,0.00651,-4.252,0,108.7,20.9
8.8097,2,0,0.2164,0.2750,-0.05857,1,1,+0.40218,+0.36608,0.11125,245.90,1,-10.000,-0.02470,-12.293,-0.00000,-17.80,+0.00000,1,+0.62749,+0.00000,0.00651,-4.254,0,108.7,20.9
8.8143,2,0,0.2164,0.2750,-0.05857,1,1,+0.40218,+0.36608,0.11125,245.90,1,-10.000,-0.02470,-12.293,-0.00000,-17.80,+0.00000,1,+0.62749,+0.00000,0.00651,-4.254,0,108.7,20.9
8.8193,2,0,0.2164,0.2750,-0.05857,1,1,+0.40218,+0.36608,0.11125,245.90,1,-10.000,-0.02471,-12.301,-0.00000,-17.80,+0.00000,1,+0.62749,+0.00000,0.00651,-4.253,0,108.7,20.9
8.8240,2,0,0.2164,0.2750,-0.05857,1,1,+0.40218,+0.36608,0.11125,245.90,1,-10.000,-0.02471,-12.301,-0.00000,-17.80,+0.00000,1,+0.62749,+0.00000,0.00651,-4.253,0,108.7,20.9
8.8285,2,0,0.2164,0.2750,-0.05857,1,1,+0.40218,+0.36608,0.11125,245.90,1,-10.000,-0.02476,-12.309,-0.00000,-17.80,+0.00000,1,+0.62749,+0.00000,0.00651,-4.241,0,108.7,20.9
8.8331,2,0,0.2164,0.2750,-0.05857,1,1,+0.40218,+0.36608,0.11125,245.90,1,-10.000,-0.02476,-12.309,-0.00000,-17.80,+0.00000,1,+0.62749,+0.00000,0.00651,-4.241,0,108.7,20.9
8.8378,2,0,0.2164,0.2750,-0.05857,1,1,+0.40218,+0.36608,0.11125,245.90,1,-10.000,-0.02475,-12.318,-0.00000,-17.80,+0.00000,1,+0.62749,+0.00000,0.00651,-4.243,0,108.7,20.9
8.8424,2,0,0.2164,0.2750,-0.05857,1,1,+0.40218,+0.36608,0.11125,245.90,1,-10.000,-0.02475,-12.318,-0.00000,-17.80,+0.00000,1,+0.62749,+0.00000,0.00651,-4.243,0,108.7,20.9
8.8471,2,0,0.2164,0.2750,-0.05857,1,1,+0.40218,+0.36608,0.11125,245.90,1,-10.000,-0.02479,-12.326,-0.00000,-17.80,+0.00000,1,+0.62749,+0.00000,0.00651,-4.234,0,108.7,20.9
8.8513,2,0,0.2164,0.2750,-0.05857,1,1,+0.40218,+0.36608,0.11125,245.90,1,-10.000,-0.02479,-12.326,-0.00000,-17.80,+0.00000,1,+0.62749,+0.00000,0.00651,-4.234,0,108.7,20.9
8.8559,2,0,0.2164,0.2750,-0.05857,1,1,+0.40218,+0.36608,0.11125,245.90,1,-10.000,-0.02482,-12.334,-0.00000,-17.80,+0.00000,1,+0.62749,+0.00000,0.00651,-4.227,0,108.7,20.9
8.8605,2,0,0.2164,0.2750,-0.05857,1,1,+0.40218,+0.36608,0.11125,245.90,1,-10.000,-0.02482,-12.334,-0.00000,-17.80,+0.00000,1,+0.62749,+0.00000,0.00651,-4.227,0,108.7,20.9
8.8655,2,0,0.2164,0.2750,-0.05857,1,1,+0.40218,+0.36608,0.11125,245.90,1,-10.000,-0.02484,-12.341,-0.00000,-17.80,+0.00000,1,+0.62749,+0.00000,0.00651,-4.223,0,108.7,20.9
8.8697,2,0,0.2164,0.2750,-0.05857,1,1,+0.40218,+0.36608,0.11125,245.90,1,-10.000,-0.02486,-12.349,-0.00000,-17.80,+0.00000,1,+0.62749,+0.00000,0.00651,-4.217,0,108.7,20.9
8.8741,2,0,0.2164,0.2750,-0.05857,1,1,+0.40218,+0.36608,0.11125,245.90,1,-10.000,-0.02486,-12.349,-0.00000,-17.80,+0.00000,1,+0.62749,+0.00000,0.00651,-4.217,0,108.7,20.9
8.8786,2,0,0.2164,0.2750,-0.05857,1,1,+0.40218,+0.36608,0.11125,245.90,1,-10.000,-0.02486,-12.349,-0.00000,-17.80,+0.00000,1,+0.62749,+0.00000,0.00651,-4.217,0,108.7,20.9
8.8832,2,0,0.2164,0.2750,-0.05857,1,1,+0.40218,+0.36608,0.11125,245.90,1,-10.000,-0.02483,-12.357,-0.00000,-17.80,+0.00000,1,+0.62749,+0.00000,0.00651,-4.224,0,108.7,20.9
8.8878,2,0,0.2164,0.2750,-0.05857,1,1,+0.40218,+0.36608,0.11125,245.90,1,-10.000,-0.02489,-12.364,-0.00000,-17.80,+0.00000,1,+0.62749,+0.00000,0.00651,-4.211,0,108.7,20.9
8.8920,2,0,0.2164,0.2750,-0.05857,1,1,+0.40218,+0.36608,0.11125,245.90,1,-10.000,-0.02489,-12.364,-0.00000,-17.80,+0.00000,1,+0.62749,+0.00000,0.00651,-4.211,0,108.7,20.9
8.8965,2,0,0.2164,0.2750,-0.05857,1,1,+0.40218,+0.36608,0.11125,245.90,1,-10.000,-0.02489,-12.371,-0.00000,-17.80,+0.00000,1,+0.62749,+0.00000,0.00651,-4.211,0,108.7,20.9
8.9008,2,0,0.2164,0.2750,-0.05857,1,1,+0.40218,+0.36608,0.11125,245.90,1,-10.000,-0.02489,-12.371,-0.00000,-17.80,+0.00000,1,+0.62749,+0.00000,0.00651,-4.211,0,108.7,20.9
8.9055,2,0,0.2164,0.2750,-0.05857,1,1,+0.40218,+0.36608,0.11125,245.90,1,-10.000,-0.02493,-12.378,-0.00000,-17.80,+0.00000,1,+0.62749,+0.00000,0.00651,-4.201,0,108.7,20.9
8.9110,2,0,0.2164,0.2750,-0.05857,1,1,+0.40218,+0.36608,0.11125,245.90,1,-10.000,-0.02493,-12.378,-0.00000,-17.80,+0.00000,1,+0.62749,+0.00000,0.00651,-4.201,0,108.7,20.9
8.9155,2,0,0.2164,0.2750,-0.05857,1,1,+0.40218,+0.36608,0.11125,245.90,1,-10.000,-0.02493,-12.385,-0.00000,-17.80,+0.00000,1,+0.62749,+0.00000,0.00651,-4.201,0,108.7,20.9
8.9201,2,0,0.2164,0.2750,-0.05857,1,1,+0.40218,+0.36608,0.11125,245.90,1,-10.000,-0.02493,-12.385,-0.00000,-17.80,+0.00000,1,+0.62749,+0.00000,0.00651,-4.201,0,108.7,20.9
8.9246,2,0,0.2164,0.2750,-0.05857,1,1,+0.40218,+0.36608,0.11125,245.90,1,-10.000,-0.02497,-12.392,-0.00000,-17.80,+0.00000,1,+0.62749,+0.00000,0.00651,-4.192,0,108.7,20.9
8.9291,2,0,0.2164,0.2750,-0.05857,1,1,+0.40218,+0.36608,0.11125,245.90,1,-10.000,-0.02501,-12.399,-0.00000,-17.80,+0.00000,1,+0.62749,+0.00000,0.00651,-4.183,0,108.7,20.9
8.9335,2,0,0.2164,0.2750,-0.05857,1,1,+0.40218,+0.36608,0.11125,245.90,1,-10.000,-0.02501,-12.399,-0.00000,-17.80,+0.00000,1,+0.62749,+0.00000,0.00651,-4.183,0,108.7,20.9
8.9380,2,0,0.2164,0.2750,-0.05857,1,1,+0.40218,+0.36608,0.11125,245.90,1,-10.000,-0.02503,-12.405,-0.00000,-17.80,+0.00000,1,+0.62749,+0.00000,0.00651,-4.178,0,108.7,20.9
8.9426,2,0,0.2164,0.2750,-0.05857,1,1,+0.40218,+0.36608,0.11125,245.90,1,-10.000,-0.02503,-12.405,-0.00000,-17.80,+0.00000,1,+0.62749,+0.00000,0.00651,-4.178,0,108.7,20.9
8.9471,2,0,0.2164,0.2750,-0.05857,1,1,+0.40218,+0.36608,0.11125,245.90,1,-10.000,-0.02505,-12.412,-0.00000,-17.80,+0.00000,1,+0.62749,+0.00000,0.00651,-4.174,0,108.7,20.9
8.9516,2,0,0.2164,0.2750,-0.05857,1,1,+0.40218,+0.36608,0.11125,245.90,1,-10.000,-0.02505,-12.412,-0.00000,-17.80,+0.00000,1,+0.62749,+0.00000,0.00651,-4.174,0,108.7,20.9
8.9562,2,0,0.2164,0.2750,-0.05857,1,1,+0.40218,+0.36608,0.11125,245.90,1,-10.000,-0.02509,-12.418,-0.00000,-17.80,+0.00000,1,+0.62749,+0.00000,0.00651,-4.165,0,108.7,20.9
8.9605,2,0,0.2164,0.2750,-0.05857,1,1,+0.40218,+0.36608,0.11125,245.90,1,-10.000,-0.02509,-12.418,-0.00000,-17.80,+0.00000,1,+0.62749,+0.00000,0.00651,-4.165,0,108.7,20.9
8.9649,2,0,0.2164,0.2750,-0.05857,1,1,+0.40218,+0.36608,0.11125,245.90,1,-10.000,-0.02511,-12.424,-0.00000,-17.80,+0.00000,1,+0.62749,+0.00000,0.00651,-4.160,0,108.7,20.9
8.9746,2,0,0.2164,0.2750,-0.05857,1,1,+0.40218,+0.36608,0.11125,245.90,1,-10.000,-0.02504,-12.431,-0.00000,-17.80,+0.00000,1,+0.62749,+0.00000,0.00651,-4.176,0,108.7,20.9
8.9789,2,0,0.2164,0.2750,-0.05857,1,1,+0.40218,+0.36608,0.11125,245.90,1,-10.000,-0.02504,-12.431,-0.00000,-17.80,+0.00000,1,+0.62749,+0.00000,0.00651,-4.176,0,108.7,20.9
8.9836,2,0,0.2164,0.2750,-0.05857,1,1,+0.40218,+0.36608,0.11125,245.90,1,-10.000,-0.02506,-12.437,-0.00000,-17.80,+0.00000,1,+0.62749,+0.00000,0.00651,-4.173,0,108.7,20.9
8.9887,2,0,0.2164,0.2750,-0.05857,1,1,+0.40218,+0.36608,0.11125,245.90,1,-10.000,-0.02506,-12.437,-0.00000,-17.80,+0.00000,1,+0.62749,+0.00000,0.00651,-4.173,0,108.7,20.9
8.9938,2,0,0.2164,0.2750,-0.05857,1,1,+0.40218,+0.36608,0.11125,245.90,1,-10.000,-0.02505,-12.443,-0.00000,-17.80,+0.00000,1,+0.62749,+0.00000,0.00651,-4.175,0,108.7,20.9
8.9986,2,0,0.2164,0.2750,-0.05857,1,1,+0.40218,+0.36608,0.11125,245.90,1,-10.000,-0.02505,-12.443,-0.00000,-17.80,+0.00000,1,+0.62749,+0.00000,0.00651,-4.175,0,108.7,20.9
9.0040,2,0,0.2164,0.2750,-0.05857,1,1,+0.40218,+0.36608,0.11125,245.90,1,-10.000,-0.02506,-12.448,-0.00000,-17.80,+0.00000,1,+0.62749,+0.00000,0.00651,-4.171,0,108.7,20.9
9.0083,2,0,0.2164,0.2750,-0.05857,1,1,+0.40218,+0.36608,0.11125,245.90,1,-10.000,-0.02506,-12.448,-0.00000,-17.80,+0.00000,1,+0.62749,+0.00000,0.00651,-4.171,0,108.7,20.9
9.0129,2,0,0.2164,0.2750,-0.05857,1,1,+0.40218,+0.36608,0.11125,245.90,1,-10.000,-0.02508,-12.454,-0.00000,-17.80,+0.00000,1,+0.62749,+0.00000,0.00651,-4.167,0,108.7,20.9
9.0174,2,0,0.2164,0.2750,-0.05857,1,1,+0.40218,+0.36608,0.11125,245.90,1,-10.000,-0.02508,-12.454,-0.00000,-17.80,+0.00000,1,+0.62749,+0.00000,0.00651,-4.167,0,108.7,20.9
9.0216,2,0,0.2164,0.2750,-0.05857,1,1,+0.40218,+0.36608,0.11125,245.90,1,-10.000,-0.02507,-12.460,-0.00000,-17.80,+0.00000,1,+0.62749,+0.00000,0.00651,-4.170,0,108.7,20.9
9.0262,2,0,0.2164,0.2750,-0.05857,1,1,+0.40218,+0.36608,0.11125,245.90,1,-10.000,-0.02507,-12.460,-0.00000,-17.80,+0.00000,1,+0.62749,+0.00000,0.00651,-4.170,0,108.7,20.9
9.0328,2,0,0.2164,0.2750,-0.05857,1,1,+0.40218,+0.36608,0.11125,245.90,1,-10.000,-0.02510,-12.465,-0.00000,-17.80,+0.00000,1,+0.62749,+0.00000,0.00651,-4.163,0,108.7,20.9
9.0372,2,0,0.2164,0.2750,-0.05857,1,1,+0.40218,+0.36608,0.11125,245.90,1,-10.000,-0.02512,-12.471,-0.00000,-17.80,+0.00000,1,+0.62749,+0.00000,0.00651,-4.159,0,108.7,20.9
9.0415,2,0,0.2164,0.2750,-0.05857,1,1,+0.40218,+0.36608,0.11125,245.90,1,-10.000,-0.02512,-12.471,-0.00000,-17.80,+0.00000,1,+0.62749,+0.00000,0.00651,-4.159,0,108.7,20.9
9.0460,2,0,0.2164,0.2750,-0.05857,1,1,+0.40218,+0.36608,0.11125,245.90,1,-10.000,-0.02514,-12.476,-0.00000,-17.80,+0.00000,1,+0.62749,+0.00000,0.00651,-4.154,0,108.7,20.9
9.0505,2,0,0.2164,0.2750,-0.05857,1,1,+0.40218,+0.36608,0.11125,245.90,1,-10.000,-0.02514,-12.476,-0.00000,-17.80,+0.00000,1,+0.62749,+0.00000,0.00651,-4.154,0,108.7,20.9
9.0549,2,0,0.2164,0.2750,-0.05857,1,1,+0.40218,+0.36608,0.11125,245.90,1,-10.000,-0.02516,-12.481,-0.00000,-17.80,+0.00000,1,+0.62749,+0.00000,0.00651,-4.149,0,108.7,20.9
9.0592,2,0,0.2164,0.2750,-0.05857,1,1,+0.40218,+0.36608,0.11125,245.90,1,-10.000,-0.02516,-12.481,-0.00000,-17.80,+0.00000,1,+0.62749,+0.00000,0.00651,-4.149,0,108.7,20.9
9.0638,2,0,0.2164,0.2750,-0.05857,1,1,+0.40218,+0.36608,0.11125,245.90,1,-10.000,-0.02516,-12.486,-0.00000,-17.80,+0.00000,1,+0.62749,+0.00000,0.00651,-4.150,0,108.7,20.9
9.0684,2,0,0.2164,0.2750,-0.05857,1,1,+0.40218,+0.36608,0.11125,245.90,1,-10.000,-0.02516,-12.486,-0.00000,-17.80,+0.00000,1,+0.62749,+0.00000,0.00651,-4.150,0,108.7,20.9
9.0730,2,0,0.2164,0.2750,-0.05857,1,1,+0.40218,+0.36608,0.11125,245.90,1,-10.000,-0.02519,-12.491,-0.00000,-17.80,+0.00000,1,+0.62749,+0.00000,0.00651,-4.142,0,108.7,20.9
9.0773,2,0,0.2164,0.2750,-0.05857,1,1,+0.40218,+0.36608,0.11125,245.90,1,-10.000,-0.02519,-12.491,-0.00000,-17.80,+0.00000,1,+0.62749,+0.00000,0.00651,-4.142,0,108.7,20.9
9.0819,2,0,0.2164,0.2750,-0.05857,1,1,+0.40218,+0.36608,0.11125,245.90,1,-10.000,-0.02519,-12.496,-0.00000,-17.80,+0.00000,1,+0.62749,+0.00000,0.00651,-4.142,0,108.7,20.9
9.0863,2,0,0.2164,0.2750,-0.05857,1,1,+0.40218,+0.36608,0.11125,245.90,1,-10.000,-0.02522,-12.501,-0.00000,-17.80,+0.00000,1,+0.62749,+0.00000,0.00651,-4.135,0,108.7,20.9
9.0908,2,0,0.2164,0.2750,-0.05857,1,1,+0.40218,+0.36608,0.11125,245.90,1,-10.000,-0.02522,-12.501,-0.00000,-17.80,+0.00000,1,+0.62749,+0.00000,0.00651,-4.135,0,108.7,20.9
9.0955,2,0,0.2164,0.2750,-0.05857,1,1,+0.40218,+0.36608,0.11125,245.90,1,-10.000,-0.02522,-12.505,-0.00000,-17.80,+0.00000,1,+0.62749,+0.00000,0.00651,-4.135,0,108.7,20.9
9.1001,2,0,0.2164,0.2750,-0.05857,1,1,+0.40218,+0.36608,0.11125,245.90,1,-10.000,-0.02522,-12.505,-0.00000,-17.80,+0.00000,1,+0.62749,+0.00000,0.00651,-4.135,0,108.7,20.9
9.1049,2,0,0.2164,0.2750,-0.05857,1,1,+0.40218,+0.36608,0.11125,245.90,1,-10.000,-0.02523,-12.510,-0.00000,-17.80,+0.00000,1,+0.62749,+0.00000,0.00651,-4.133,0,108.7,20.9
9.1093,2,0,0.2164,0.2750,-0.05857,1,1,+0.40218,+0.36608,0.11125,245.90,1,-10.000,-0.02523,-12.510,-0.00000,-17.80,+0.00000,1,+0.62749,+0.00000,0.00651,-4.133,0,108.7,20.9
9.1139,2,0,0.2164,0.2750,-0.05857,1,1,+0.40218,+0.36608,0.11125,245.90,1,-10.000,-0.02527,-12.515,-0.00000,-17.80,+0.00000,1,+0.62749,+0.00000,0.00651,-4.125,0,108.7,20.9
9.1184,2,0,0.2164,0.2750,-0.05857,1,1,+0.40218,+0.36608,0.11125,245.90,1,-10.000,-0.02527,-12.515,-0.00000,-17.80,+0.00000,1,+0.62749,+0.00000,0.00651,-4.125,0,108.7,20.9
9.1229,2,0,0.2164,0.2750,-0.05857,1,1,+0.40218,+0.36608,0.11125,245.90,1,-10.000,-0.02527,-12.519,-0.00000,-17.80,+0.00000,1,+0.62749,+0.00000,0.00651,-4.124,0,108.7,20.9
9.1274,2,0,0.2164,0.2750,-0.05857,1,1,+0.40218,+0.36608,0.11125,245.90,1,-10.000,-0.02527,-12.519,-0.00000,-17.80,+0.00000,1,+0.62749,+0.00000,0.00651,-4.124,0,108.7,20.9
9.1318,2,0,0.2164,0.2750,-0.05857,1,1,+0.40218,+0.36608,0.11125,245.90,1,-10.000,-0.02527,-12.523,-0.00000,-17.80,+0.00000,1,+0.62749,+0.00000,0.00651,-4.124,0,108.7,20.9
9.1366,2,0,0.2164,0.2750,-0.05857,1,1,+0.40218,+0.36608,0.11125,245.90,1,-10.000,-0.02527,-12.523,-0.00000,-17.80,+0.00000,1,+0.62749,+0.00000,0.00651,-4.124,0,108.7,20.9
9.1423,2,0,0.2164,0.2750,-0.05857,1,1,+0.40218,+0.36608,0.11125,245.90,1,-10.000,-0.02531,-12.528,-0.00000,-17.80,+0.00000,1,+0.62749,+0.00000,0.00651,-4.116,0,214.0,0.0
9.1470,2,0,0.2164,0.2750,-0.05857,1,1,+0.40218,+0.36608,0.11125,245.90,1,-10.000,-0.02533,-12.532,-0.00000,-17.80,+0.00000,1,+0.62749,+0.00000,0.00651,-4.109,0,214.0,0.0
9.1517,2,0,0.2164,0.2750,-0.05857,1,1,+0.40218,+0.36608,0.11125,245.90,1,-10.000,-0.02533,-12.532,-0.00000,-17.80,+0.00000,1,+0.62749,+0.00000,0.00651,-4.109,0,214.0,0.0
9.1562,2,0,0.2164,0.2750,-0.05857,1,1,+0.40218,+0.36608,0.11125,245.90,1,-10.000,-0.02534,-12.536,-0.00000,-17.80,+0.00000,1,+0.62749,+0.00000,0.00651,-4.109,0,214.0,0.0
9.1608,2,0,0.2164,0.2750,-0.05857,1,1,+0.40218,+0.36608,0.11125,245.90,1,-10.000,-0.02534,-12.536,-0.00000,-17.80,+0.00000,1,+0.62749,+0.00000,0.00651,-4.109,0,214.0,0.0
9.1654,2,0,0.2164,0.2750,-0.05857,1,1,+0.40218,+0.36608,0.11125,245.90,1,-10.000,-0.02538,-12.540,-0.00000,-17.80,+0.00000,1,+0.62749,+0.00000,0.00651,-4.099,0,214.0,0.0
9.1699,2,0,0.2164,0.2750,-0.05857,1,1,+0.40218,+0.36608,0.11125,245.90,1,-10.000,-0.02538,-12.540,-0.00000,-17.80,+0.00000,1,+0.62749,+0.00000,0.00651,-4.099,0,214.0,0.0
9.1749,2,0,0.2164,0.2750,-0.05857,1,1,+0.40218,+0.36608,0.11125,245.90,1,-10.000,-0.02537,-12.544,-0.00000,-17.80,+0.00000,1,+0.62749,+0.00000,0.00651,-4.101,0,214.0,0.0
9.1794,2,0,0.2164,0.2750,-0.05857,1,1,+0.40218,+0.36608,0.11125,245.90,1,-10.000,-0.02540,-12.548,-0.00000,-17.80,+0.00000,1,+0.62749,+0.00000,0.00651,-4.094,0,214.0,0.0
9.1839,2,0,0.2164,0.2750,-0.05857,1,1,+0.40218,+0.36608,0.11125,245.90,1,-10.000,-0.02540,-12.548,-0.00000,-17.80,+0.00000,1,+0.62749,+0.00000,0.00651,-4.094,0,214.0,0.0
9.1885,2,0,0.2164,0.2750,-0.05857,1,1,+0.40218,+0.36608,0.11125,245.90,1,-10.000,-0.02540,-12.548,-0.00000,-17.80,+0.00000,1,+0.62749,+0.00000,0.00651,-4.094,0,214.0,0.0
9.1931,2,0,0.2164,0.2750,-0.05857,1,1,+0.40218,+0.36608,0.11125,245.90,1,-10.000,-0.02536,-12.552,-0.00000,-17.80,+0.00000,1,+0.62749,+0.00000,0.00651,-4.103,0,214.0,0.0
9.1977,2,0,0.2164,0.2750,-0.05857,1,1,+0.40218,+0.36608,0.11125,245.90,1,-10.000,-0.02541,-12.555,-0.00000,-17.80,+0.00000,1,+0.62749,+0.00000,0.00651,-4.091,0,214.0,0.0
9.2020,2,0,0.2164,0.2750,-0.05857,1,1,+0.40218,+0.36608,0.11125,245.90,1,-10.000,-0.02541,-12.555,-0.00000,-17.80,+0.00000,1,+0.62749,+0.00000,0.00651,-4.091,0,214.0,0.0
9.2066,2,0,0.2164,0.2750,-0.05857,1,1,+0.40218,+0.36608,0.11125,245.90,1,-10.000,-0.02540,-12.559,-0.00000,-17.80,+0.00000,1,+0.62749,+0.00000,0.00651,-4.094,0,214.0,0.0
9.2112,2,0,0.2164,0.2750,-0.05857,1,1,+0.40218,+0.36608,0.11125,245.90,1,-10.000,-0.02540,-12.559,-0.00000,-17.80,+0.00000,1,+0.62749,+0.00000,0.00651,-4.094,0,214.0,0.0
9.2158,2,0,0.2164,0.2750,-0.05857,1,1,+0.40218,+0.36608,0.11125,245.90,1,-10.000,-0.02542,-12.563,-0.00000,-17.80,+0.00000,1,+0.62749,+0.00000,0.00651,-4.089,0,214.0,0.0
9.2203,2,0,0.2164,0.2750,-0.05857,1,1,+0.40218,+0.36608,0.11125,245.90,1,-10.000,-0.02542,-12.563,-0.00000,-17.80,+0.00000,1,+0.62749,+0.00000,0.00651,-4.089,0,214.0,0.0
9.2249,2,0,0.2164,0.2750,-0.05857,1,1,+0.40218,+0.36608,0.11125,245.90,1,-10.000,-0.02542,-12.566,-0.00000,-17.80,+0.00000,1,+0.62749,+0.00000,0.00651,-4.090,0,214.0,0.0
9.2294,2,0,0.2164,0.2750,-0.05857,1,1,+0.40218,+0.36608,0.11125,245.90,1,-10.000,-0.02542,-12.566,-0.00000,-17.80,+0.00000,1,+0.62749,+0.00000,0.00651,-4.090,0,214.0,0.0
9.2362,2,0,0.2164,0.2750,-0.05857,1,1,+0.40218,+0.36608,0.11125,245.90,1,-10.000,-0.02544,-12.570,-0.00000,-17.80,+0.00000,1,+0.62749,+0.00000,0.00651,-4.085,0,214.0,0.0
9.2405,2,0,0.2164,0.2750,-0.05857,1,1,+0.40218,+0.36608,0.11125,245.90,1,-10.000,-0.02544,-12.570,-0.00000,-17.80,+0.00000,1,+0.62749,+0.00000,0.00651,-4.085,0,214.0,0.0
9.2457,2,0,0.2164,0.2750,-0.05857,1,1,+0.40218,+0.36608,0.11125,245.90,1,-10.000,-0.02541,-12.573,-0.00000,-17.80,+0.00000,1,+0.62749,+0.00000,0.00651,-4.092,0,214.0,0.0
9.2504,2,0,0.2164,0.2750,-0.05857,1,1,+0.40218,+0.36608,0.11125,245.90,1,-10.000,-0.02547,-12.577,-0.00000,-17.80,+0.00000,1,+0.62749,+0.00000,0.00651,-4.079,0,214.0,0.0
9.2547,2,0,0.2164,0.2750,-0.05857,1,1,+0.40218,+0.36608,0.11125,245.90,1,-10.000,-0.02547,-12.577,-0.00000,-17.80,+0.00000,1,+0.62749,+0.00000,0.00651,-4.079,0,214.0,0.0
9.2597,2,0,0.2164,0.2750,-0.05857,1,1,+0.40218,+0.36608,0.11125,245.90,1,-10.000,-0.02542,-12.580,-0.00000,-17.80,+0.00000,1,+0.62749,+0.00000,0.00651,-4.089,0,214.0,0.0
9.2645,2,0,0.2164,0.2750,-0.05857,1,1,+0.40218,+0.36608,0.11125,245.90,1,-10.000,-0.02542,-12.580,-0.00000,-17.80,+0.00000,1,+0.62749,+0.00000,0.00651,-4.089,0,214.0,0.0
9.2689,2,0,0.2164,0.2750,-0.05857,1,1,+0.40218,+0.36608,0.11125,245.90,1,-10.000,-0.02545,-12.583,-0.00000,-17.80,+0.00000,1,+0.62749,+0.00000,0.00651,-4.082,0,214.0,0.0
9.2734,2,0,0.2164,0.2750,-0.05857,1,1,+0.40218,+0.36608,0.11125,245.90,1,-10.000,-0.02545,-12.583,-0.00000,-17.80,+0.00000,1,+0.62749,+0.00000,0.00651,-4.082,0,214.0,0.0
9.2780,2,0,0.2164,0.2750,-0.05857,1,1,+0.40218,+0.36608,0.11125,245.90,1,-10.000,-0.02548,-12.586,-0.00000,-17.80,+0.00000,1,+0.62749,+0.00000,0.00651,-4.077,0,214.0,0.0
9.2830,2,0,0.2164,0.2750,-0.05857,1,1,+0.40218,+0.36608,0.11125,245.90,1,-10.000,-0.02550,-12.590,-0.00000,-17.80,+0.00000,1,+0.62749,+0.00000,0.00651,-4.070,0,214.0,0.0
9.2875,2,0,0.2164,0.2750,-0.05857,1,1,+0.40218,+0.36608,0.11125,245.90,1,-10.000,-0.02550,-12.590,-0.00000,-17.80,+0.00000,1,+0.62749,+0.00000,0.00651,-4.070,0,214.0,0.0
9.2921,2,0,0.2164,0.2750,-0.05857,1,1,+0.40218,+0.36608,0.11125,245.90,1,-10.000,-0.02549,-12.593,-0.00000,-17.80,+0.00000,1,+0.62749,+0.00000,0.00651,-4.073,0,214.0,0.0
9.2967,2,0,0.2164,0.2750,-0.05857,1,1,+0.40218,+0.36608,0.11125,245.90,1,-10.000,-0.02549,-12.593,-0.00000,-17.80,+0.00000,1,+0.62749,+0.00000,0.00651,-4.073,0,214.0,0.0
9.3012,2,0,0.2164,0.2750,-0.05857,1,1,+0.40218,+0.36608,0.11125,245.90,1,-10.000,-0.02548,-12.596,-0.00000,-17.80,+0.00000,1,+0.62749,+0.00000,0.00651,-4.076,0,214.0,0.0
9.3057,2,0,0.2164,0.2750,-0.05857,1,1,+0.40218,+0.36608,0.11125,245.90,1,-10.000,-0.02548,-12.596,-0.00000,-17.80,+0.00000,1,+0.62749,+0.00000,0.00651,-4.076,0,214.0,0.0
9.3108,2,0,0.2164,0.2750,-0.05857,1,1,+0.40218,+0.36608,0.11125,245.90,1,-10.000,-0.02547,-12.599,-0.00000,-17.80,+0.00000,1,+0.62749,+0.00000,0.00651,-4.078,0,214.0,0.0
9.3154,2,0,0.2164,0.2750,-0.05857,1,1,+0.40218,+0.36608,0.11125,245.90,1,-10.000,-0.02547,-12.599,-0.00000,-17.80,+0.00000,1,+0.62749,+0.00000,0.00651,-4.078,0,214.0,0.0
9.3197,2,0,0.2164,0.2750,-0.05857,1,1,+0.40218,+0.36608,0.11125,245.90,1,-10.000,-0.02554,-12.601,-0.00000,-17.80,+0.00000,1,+0.62749,+0.00000,0.00651,-4.063,0,214.0,0.0
9.3243,2,0,0.2164,0.2750,-0.05857,1,1,+0.40218,+0.36608,0.11125,245.90,1,-10.000,-0.02554,-12.601,-0.00000,-17.80,+0.00000,1,+0.62749,+0.00000,0.00651,-4.063,0,214.0,0.0
9.3295,2,0,0.2164,0.2750,-0.05857,1,1,+0.40218,+0.36608,0.11125,245.90,1,-10.000,-0.02555,-12.604,-0.00000,-17.80,+0.00000,1,+0.62749,+0.00000,0.00651,-4.061,0,214.0,0.0
9.3341,2,0,0.2164,0.2750,-0.05857,1,1,+0.40218,+0.36608,0.11125,245.90,1,-10.000,-0.02554,-12.607,-0.00000,-17.80,+0.00000,1,+0.62749,+0.00000,0.00651,-4.061,0,214.0,0.0
9.3386,2,0,0.2164,0.2750,-0.05857,1,1,+0.40218,+0.36608,0.11125,245.90,1,-10.000,-0.02554,-12.607,-0.00000,-17.80,+0.00000,1,+0.62749,+0.00000,0.00651,-4.061,0,214.0,0.0
9.3447,2,0,0.2164,0.2750,-0.05857,1,1,+0.40218,+0.36608,0.11125,245.90,1,-10.000,-0.02554,-12.607,-0.00000,-17.80,+0.00000,1,+0.62749,+0.00000,0.00651,-4.061,0,214.0,0.0
9.3492,2,0,0.2164,0.2750,-0.05857,1,1,+0.40218,+0.36608,0.11125,245.90,1,-10.000,-0.02550,-12.610,-0.00000,-17.80,+0.00000,1,+0.62749,+0.00000,0.00651,-4.071,0,214.0,0.0
9.3537,2,0,0.2164,0.2750,-0.05857,1,1,+0.40218,+0.36608,0.11125,245.90,1,-10.000,-0.02556,-12.613,-0.00000,-17.80,+0.00000,1,+0.62749,+0.00000,0.00651,-4.057,0,214.0,0.0
9.3582,2,0,0.2164,0.2750,-0.05857,1,1,+0.40218,+0.36608,0.11125,245.90,1,-10.000,-0.02556,-12.613,-0.00000,-17.80,+0.00000,1,+0.62749,+0.00000,0.00651,-4.057,0,214.0,0.0
9.3627,2,0,0.2164,0.2750,-0.05857,1,1,+0.40218,+0.36608,0.11125,245.90,1,-10.000,-0.02556,-12.615,-0.00000,-17.80,+0.00000,1,+0.62749,+0.00000,0.00651,-4.058,0,214.0,0.0
9.3673,2,0,0.2164,0.2750,-0.05857,1,1,+0.40218,+0.36608,0.11125,245.90,1,-10.000,-0.02556,-12.615,-0.00000,-17.80,+0.00000,1,+0.62749,+0.00000,0.00651,-4.058,0,214.0,0.0
9.3747,2,0,0.2164,0.2750,-0.05857,1,1,+0.40218,+0.36608,0.11125,245.90,1,-10.000,-0.02558,-12.618,-0.00000,-17.80,+0.00000,1,+0.62749,+0.00000,0.00651,-4.054,0,214.0,0.0
9.3793,2,0,0.2164,0.2750,-0.05857,1,1,+0.40218,+0.36608,0.11125,245.90,1,-10.000,-0.02555,-12.620,-0.00000,-17.80,+0.00000,1,+0.62749,+0.00000,0.00651,-4.059,0,214.0,0.0
9.3841,2,0,0.2164,0.2750,-0.05857,1,1,+0.40218,+0.36608,0.11125,245.90,1,-10.000,-0.02555,-12.620,-0.00000,-17.80,+0.00000,1,+0.62749,+0.00000,0.00651,-4.059,0,214.0,0.0
9.3887,2,0,0.2164,0.2750,-0.05857,1,1,+0.40218,+0.36608,0.11125,245.90,1,-10.000,-0.02555,-12.623,-0.00000,-17.80,+0.00000,1,+0.62749,+0.00000,0.00651,-4.059,0,214.0,0.0
9.3933,2,0,0.2164,0.2750,-0.05857,1,1,+0.40218,+0.36608,0.11125,245.90,1,-10.000,-0.02555,-12.623,-0.00000,-17.80,+0.00000,1,+0.62749,+0.00000,0.00651,-4.059,0,214.0,0.0
9.3979,2,0,0.2164,0.2750,-0.05857,1,1,+0.40218,+0.36608,0.11125,245.90,1,-10.000,-0.02558,-12.625,-0.00000,-17.80,+0.00000,1,+0.62749,+0.00000,0.00651,-4.053,0,214.0,0.0
9.4030,2,0,0.2164,0.2750,-0.05857,1,1,+0.40218,+0.36608,0.11125,245.90,1,-10.000,-0.02559,-12.628,-0.00000,-17.80,+0.00000,1,+0.62749,+0.00000,0.00651,-4.050,0,214.0,0.0
9.4094,2,0,0.2164,0.2750,-0.05857,1,1,+0.40218,+0.36608,0.11125,245.90,1,-10.000,-0.02559,-12.628,-0.00000,-17.80,+0.00000,1,+0.62749,+0.00000,0.00651,-4.050,0,214.0,0.0
9.4140,2,0,0.2164,0.2750,-0.05857,1,1,+0.40218,+0.36608,0.11125,245.90,1,-10.000,-0.02561,-12.630,-0.00000,-17.80,+0.00000,1,+0.62749,+0.00000,0.00651,-4.045,0,214.0,0.0
9.4188,2,0,0.2164,0.2750,-0.05857,1,1,+0.40218,+0.36608,0.11125,245.90,1,-10.000,-0.02564,-12.632,-0.00000,-17.80,+0.00000,1,+0.62749,+0.00000,0.00651,-4.040,0,214.0,0.0
9.4232,2,0,0.2164,0.2750,-0.05857,1,1,+0.40218,+0.36608,0.11125,245.90,1,-10.000,-0.02564,-12.632,-0.00000,-17.80,+0.00000,1,+0.62749,+0.00000,0.00651,-4.040,0,214.0,0.0
9.4278,2,0,0.2164,0.2750,-0.05857,1,1,+0.40218,+0.36608,0.11125,245.90,1,-10.000,-0.02566,-12.635,-0.00000,-17.80,+0.00000,1,+0.62749,+0.00000,0.00651,-4.035,0,214.0,0.0
9.4330,2,0,0.2164,0.2750,-0.05857,1,1,+0.40218,+0.36608,0.11125,245.90,1,-10.000,-0.02566,-12.635,-0.00000,-17.80,+0.00000,1,+0.62749,+0.00000,0.00651,-4.035,0,214.0,0.0
9.4379,2,0,0.2164,0.2750,-0.05857,1,1,+0.40218,+0.36608,0.11125,245.90,1,-10.000,-0.02566,-12.637,-0.00000,-17.80,+0.00000,1,+0.62749,+0.00000,0.00651,-4.035,0,214.0,0.0
9.4424,2,0,0.2164,0.2750,-0.05857,1,1,+0.40218,+0.36608,0.11125,245.90,1,-10.000,-0.02566,-12.637,-0.00000,-17.80,+0.00000,1,+0.62749,+0.00000,0.00651,-4.035,0,214.0,0.0
9.4470,2,0,0.2164,0.2750,-0.05857,1,1,+0.40218,+0.36608,0.11125,245.90,1,-10.000,-0.02568,-12.639,-0.00000,-17.80,+0.00000,1,+0.62749,+0.00000,0.00651,-4.030,0,214.0,0.0
9.4516,2,0,0.2164,0.2750,-0.05857,1,1,+0.40218,+0.36608,0.11125,245.90,1,-10.000,-0.02568,-12.639,-0.00000,-17.80,+0.00000,1,+0.62749,+0.00000,0.00651,-4.030,0,214.0,0.0
9.4564,2,0,0.2164,0.2750,-0.05857,1,1,+0.40218,+0.36608,0.11125,245.90,1,-10.000,-0.02567,-12.641,-0.00000,-17.80,+0.00000,1,+0.62749,+0.00000,0.00651,-4.033,0,214.0,0.0
9.4613,2,0,0.2164,0.2750,-0.05857,1,1,+0.40218,+0.36608,0.11125,245.90,1,-10.000,-0.02569,-12.643,-0.00000,-17.80,+0.00000,1,+0.62749,+0.00000,0.00651,-4.028,0,214.0,0.0
9.4660,2,0,0.2164,0.2750,-0.05857,1,1,+0.40218,+0.36608,0.11125,245.90,1,-10.000,-0.02569,-12.643,-0.00000,-17.80,+0.00000,1,+0.62749,+0.00000,0.00651,-4.028,0,214.0,0.0
9.4708,2,0,0.2164,0.2750,-0.05857,1,1,+0.40218,+0.36608,0.11125,245.90,1,-10.000,-0.02569,-12.645,-0.00000,-17.80,+0.00000,1,+0.62749,+0.00000,0.00651,-4.027,0,214.0,0.0
9.4757,2,0,0.2164,0.2750,-0.05857,1,1,+0.40218,+0.36608,0.11125,245.90,1,-10.000,-0.02569,-12.645,-0.00000,-17.80,+0.00000,1,+0.62749,+0.00000,0.00651,-4.027,0,214.0,0.0
9.4800,2,0,0.2164,0.2750,-0.05857,1,1,+0.40218,+0.36608,0.11125,245.90,1,-10.000,-0.02570,-12.647,-0.00000,-17.80,+0.00000,1,+0.62749,+0.00000,0.00651,-4.026,0,214.0,0.0
9.4846,2,0,0.2164,0.2750,-0.05857,1,1,+0.40218,+0.36608,0.11125,245.90,1,-10.000,-0.02570,-12.647,-0.00000,-17.80,+0.00000,1,+0.62749,+0.00000,0.00651,-4.026,0,214.0,0.0
9.4888,2,0,0.2164,0.2750,-0.05857,1,1,+0.40218,+0.36608,0.11125,245.90,1,-10.000,-0.02569,-12.649,-0.00000,-17.80,+0.00000,1,+0.62749,+0.00000,0.00651,-4.027,0,214.0,0.0
9.4934,2,0,0.2164,0.2750,-0.05857,1,1,+0.40218,+0.36608,0.11125,245.90,1,-10.000,-0.02569,-12.649,-0.00000,-17.80,+0.00000,1,+0.62749,+0.00000,0.00651,-4.027,0,214.0,0.0
9.4980,2,0,0.2164,0.2750,-0.05857,1,1,+0.40218,+0.36608,0.11125,245.90,1,-10.000,-0.02569,-12.651,-0.00000,-17.80,+0.00000,1,+0.62749,+0.00000,0.00651,-4.029,0,214.0,0.0
9.5025,2,0,0.2164,0.2750,-0.05857,1,1,+0.40218,+0.36608,0.11125,245.90,1,-10.000,-0.02569,-12.651,-0.00000,-17.80,+0.00000,1,+0.62749,+0.00000,0.00651,-4.029,0,214.0,0.0
9.5071,2,0,0.2164,0.2750,-0.05857,1,1,+0.40218,+0.36608,0.11125,245.90,1,-10.000,-0.02570,-12.653,-0.00000,-17.80,+0.00000,1,+0.62749,+0.00000,0.00651,-4.026,0,214.0,0.0
9.5116,2,0,0.2164,0.2750,-0.05857,1,1,+0.40218,+0.36608,0.11125,245.90,1,-10.000,-0.02570,-12.653,-0.00000,-17.80,+0.00000,1,+0.62749,+0.00000,0.00651,-4.026,0,214.0,0.0
9.5162,2,0,0.2164,0.2750,-0.05857,1,1,+0.40218,+0.36608,0.11125,245.90,1,-10.000,-0.02570,-12.655,-0.00000,-17.80,+0.00000,1,+0.62749,+0.00000,0.00651,-4.027,0,214.0,0.0
9.5206,2,0,0.2164,0.2750,-0.05857,1,1,+0.40218,+0.36608,0.11125,245.90,1,-10.000,-0.02570,-12.655,-0.00000,-17.80,+0.00000,1,+0.62749,+0.00000,0.00651,-4.027,0,214.0,0.0
9.5252,2,0,0.2164,0.2750,-0.05857,1,1,+0.40218,+0.36608,0.11125,245.90,1,-10.000,-0.02569,-12.657,-0.00000,-17.80,+0.00000,1,+0.62749,+0.00000,0.00651,-4.028,0,214.0,0.0
9.5297,2,0,0.2164,0.2750,-0.05857,1,1,+0.40218,+0.36608,0.11125,245.90,1,-10.000,-0.02572,-12.659,-0.00000,-17.80,+0.00000,1,+0.62749,+0.00000,0.00651,-4.021,0,214.0,0.0
9.5342,2,0,0.2164,0.2750,-0.05857,1,1,+0.40218,+0.36608,0.11125,245.90,1,-10.000,-0.02572,-12.659,-0.00000,-17.80,+0.00000,1,+0.62749,+0.00000,0.00651,-4.021,0,214.0,0.0
9.5390,2,0,0.2164,0.2750,-0.05857,1,1,+0.40218,+0.36608,0.11125,245.90,1,-10.000,-0.02571,-12.661,-0.00000,-17.80,+0.00000,1,+0.62749,+0.00000,0.00651,-4.024,0,214.0,0.0
9.5435,2,0,0.2164,0.2750,-0.05857,1,1,+0.40218,+0.36608,0.11125,245.90,1,-10.000,-0.02571,-12.661,-0.00000,-17.80,+0.00000,1,+0.62749,+0.00000,0.00651,-4.024,0,214.0,0.0
9.5481,2,0,0.2164,0.2750,-0.05857,1,1,+0.40218,+0.36608,0.11125,245.90,1,-10.000,-0.02573,-12.662,-0.00000,-17.80,+0.00000,1,+0.62749,+0.00000,0.00651,-4.019,0,214.0,0.0
9.5524,2,0,0.2164,0.2750,-0.05857,1,1,+0.40218,+0.36608,0.11125,245.90,1,-10.000,-0.02573,-12.662,-0.00000,-17.80,+0.00000,1,+0.62749,+0.00000,0.00651,-4.019,0,214.0,0.0
9.5568,2,0,0.2164,0.2750,-0.05857,1,1,+0.40218,+0.36608,0.11125,245.90,1,-10.000,-0.02574,-12.664,-0.00000,-17.80,+0.00000,1,+0.62749,+0.00000,0.00651,-4.016,0,214.0,0.0
9.5610,2,0,0.2164,0.2750,-0.05857,1,1,+0.40218,+0.36608,0.11125,245.90,1,-10.000,-0.02574,-12.664,-0.00000,-17.80,+0.00000,1,+0.62749,+0.00000,0.00651,-4.016,0,214.0,0.0
9.5653,2,0,0.2164,0.2750,-0.05857,1,1,+0.40218,+0.36608,0.11125,245.90,1,-10.000,-0.02574,-12.666,-0.00000,-17.80,+0.00000,1,+0.62749,+0.00000,0.00651,-4.017,0,214.0,0.0
9.5697,2,0,0.2164,0.2750,-0.05857,1,1,+0.40218,+0.36608,0.11125,245.90,1,-10.000,-0.02574,-12.666,-0.00000,-17.80,+0.00000,1,+0.62749,+0.00000,0.00651,-4.017,0,214.0,0.0
9.5743,2,0,0.2164,0.2750,-0.05857,1,1,+0.40218,+0.36608,0.11125,245.90,1,-10.000,-0.02573,-12.668,-0.00000,-17.80,+0.00000,1,+0.62749,+0.00000,0.00651,-4.018,0,214.0,0.0
9.5795,2,0,0.2164,0.2750,-0.05857,1,1,+0.40218,+0.36608,0.11125,245.90,1,-10.000,-0.02573,-12.668,-0.00000,-17.80,+0.00000,1,+0.62749,+0.00000,0.00651,-4.018,0,214.0,0.0
9.5840,2,0,0.2164,0.2750,-0.05857,1,1,+0.40218,+0.36608,0.11125,245.90,1,-10.000,-0.02574,-12.669,-0.00000,-17.80,+0.00000,1,+0.62749,+0.00000,0.00651,-4.016,0,214.0,0.0
9.5886,2,0,0.2164,0.2750,-0.05857,1,1,+0.40218,+0.36608,0.11125,245.90,1,-10.000,-0.02577,-12.671,-0.00000,-17.80,+0.00000,1,+0.62749,+0.00000,0.00651,-4.009,0,214.0,0.0
9.5933,2,0,0.2164,0.2750,-0.05857,1,1,+0.40218,+0.36608,0.11125,245.90,1,-10.000,-0.02577,-12.671,-0.00000,-17.80,+0.00000,1,+0.62749,+0.00000,0.00651,-4.009,0,214.0,0.0
9.5977,2,0,0.2164,0.2750,-0.05857,1,1,+0.40218,+0.36608,0.11125,245.90,1,-10.000,-0.02577,-12.672,-0.00000,-17.80,+0.00000,1,+0.62749,+0.00000,0.00651,-4.009,0,214.0,0.0
9.6023,2,0,0.2164,0.2750,-0.05857,1,1,+0.40218,+0.36608,0.11125,245.90,1,-10.000,-0.02577,-12.672,-0.00000,-17.80,+0.00000,1,+0.62749,+0.00000,0.00651,-4.009,0,214.0,0.0
9.6084,2,0,0.2164,0.2750,-0.05857,1,1,+0.40218,+0.36608,0.11125,245.90,1,-10.000,-0.02577,-12.674,-0.00000,-17.80,+0.00000,1,+0.62749,+0.00000,0.00651,-4.009,0,214.0,0.0
9.6126,2,0,0.2164,0.2750,-0.05857,1,1,+0.40218,+0.36608,0.11125,245.90,1,-10.000,-0.02577,-12.674,-0.00000,-17.80,+0.00000,1,+0.62749,+0.00000,0.00651,-4.009,0,214.0,0.0
9.6172,2,0,0.2164,0.2750,-0.05857,1,1,+0.40218,+0.36608,0.11125,245.90,1,-10.000,-0.02578,-12.675,-0.00000,-17.80,+0.00000,1,+0.62749,+0.00000,0.00651,-4.007,0,214.0,0.0
9.6217,2,0,0.2164,0.2750,-0.05857,1,1,+0.40218,+0.36608,0.11125,245.90,1,-10.000,-0.02578,-12.675,-0.00000,-17.80,+0.00000,1,+0.62749,+0.00000,0.00651,-4.007,0,214.0,0.0
9.6266,2,0,0.2164,0.2750,-0.05857,1,1,+0.40218,+0.36608,0.11125,245.90,1,-10.000,-0.02578,-12.677,-0.00000,-17.80,+0.00000,1,+0.62749,+0.00000,0.00651,-4.008,0,214.0,0.0
9.6310,2,0,0.2164,0.2750,-0.05857,1,1,+0.40218,+0.36608,0.11125,245.90,1,-10.000,-0.02578,-12.677,-0.00000,-17.80,+0.00000,1,+0.62749,+0.00000,0.00651,-4.008,0,214.0,0.0
9.6355,2,0,0.2164,0.2750,-0.05857,1,1,+0.40218,+0.36608,0.11125,245.90,1,-10.000,-0.02578,-12.678,-0.00000,-17.80,+0.00000,1,+0.62749,+0.00000,0.00651,-4.006,0,214.0,0.0
9.6401,2,0,0.2164,0.2750,-0.05857,1,1,+0.40218,+0.36608,0.11125,245.90,1,-10.000,-0.02578,-12.678,-0.00000,-17.80,+0.00000,1,+0.62749,+0.00000,0.00651,-4.006,0,214.0,0.0
9.6450,2,0,0.2164,0.2750,-0.05857,1,1,+0.40218,+0.36608,0.11125,245.90,1,-10.000,-0.02577,-12.680,-0.00000,-17.80,+0.00000,1,+0.62749,+0.00000,0.00651,-4.009,0,214.0,0.0
9.6496,2,0,0.2164,0.2750,-0.05857,1,1,+0.40218,+0.36608,0.11125,245.90,1,-10.000,-0.02577,-12.680,-0.00000,-17.80,+0.00000,1,+0.62749,+0.00000,0.00651,-4.009,0,214.0,0.0
9.6542,2,0,0.2164,0.2750,-0.05857,1,1,+0.40218,+0.36608,0.11125,245.90,1,-10.000,-0.02576,-12.681,-0.00000,-17.80,+0.00000,1,+0.62749,+0.00000,0.00651,-4.012,0,214.0,0.0
9.6616,2,0,0.2164,0.2750,-0.05857,1,1,+0.40218,+0.36608,0.11125,245.90,1,-10.000,-0.02573,-12.683,-0.00000,-17.80,+0.00000,1,+0.62749,+0.00000,0.00651,-4.019,0,214.0,0.0
9.6672,2,0,0.2164,0.2750,-0.05857,1,1,+0.40218,+0.36608,0.11125,245.90,1,-10.000,-0.02573,-12.683,-0.00000,-17.80,+0.00000,1,+0.62749,+0.00000,0.00651,-4.019,0,214.0,0.0
9.6723,2,0,0.2164,0.2750,-0.05857,1,1,+0.40218,+0.36608,0.11125,245.90,1,-10.000,-0.02574,-12.684,-0.00000,-17.80,+0.00000,1,+0.62749,+0.00000,0.00651,-4.017,0,214.0,0.0
9.6774,2,0,0.2164,0.2750,-0.05857,1,1,+0.40218,+0.36608,0.11125,245.90,1,-10.000,-0.02576,-12.685,-0.00000,-17.80,+0.00000,1,+0.62749,+0.00000,0.00651,-4.012,0,214.0,0.0
9.6818,2,0,0.2164,0.2750,-0.05857,1,1,+0.40218,+0.36608,0.11125,245.90,1,-10.000,-0.02576,-12.685,-0.00000,-17.80,+0.00000,1,+0.62749,+0.00000,0.00651,-4.012,0,214.0,0.0
9.6865,2,0,0.2164,0.2750,-0.05857,1,1,+0.40218,+0.36608,0.11125,245.90,1,-10.000,-0.02573,-12.687,-0.00000,-17.80,+0.00000,1,+0.62749,+0.00000,0.00651,-4.018,0,214.0,0.0
9.6912,2,0,0.2164,0.2750,-0.05857,1,1,+0.40218,+0.36608,0.11125,245.90,1,-10.000,-0.02573,-12.687,-0.00000,-17.80,+0.00000,1,+0.62749,+0.00000,0.00651,-4.018,0,214.0,0.0
9.6955,2,0,0.2164,0.2750,-0.05857,1,1,+0.40218,+0.36608,0.11125,245.90,1,-10.000,-0.02573,-12.687,-0.00000,-17.80,+0.00000,1,+0.62749,+0.00000,0.00651,-4.018,0,214.0,0.0
9.7036,2,0,0.2164,0.2750,-0.05857,1,1,+0.40218,+0.36608,0.11125,245.90,1,-10.000,-0.02565,-12.688,-0.00000,-17.80,+0.00000,1,+0.62749,+0.00000,0.00651,-4.037,0,214.0,0.0
9.7081,2,0,0.2164,0.2750,-0.05857,1,1,+0.40218,+0.36608,0.11125,245.90,1,-10.000,-0.02573,-12.689,-0.00000,-17.80,+0.00000,1,+0.62749,+0.00000,0.00651,-4.020,0,214.0,0.0
9.7124,2,0,0.2164,0.2750,-0.05857,1,1,+0.40218,+0.36608,0.11125,245.90,1,-10.000,-0.02573,-12.689,-0.00000,-17.80,+0.00000,1,+0.62749,+0.00000,0.00651,-4.020,0,214.0,0.0
9.7171,2,0,0.2164,0.2750,-0.05857,1,1,+0.40218,+0.36608,0.11125,245.90,1,-10.000,-0.02572,-12.691,-0.00000,-17.80,+0.00000,1,+0.62749,+0.00000,0.00651,-4.022,0,214.0,0.0
9.7217,2,0,0.2164,0.2750,-0.05857,1,1,+0.40218,+0.36608,0.11125,245.90,1,-10.000,-0.02572,-12.691,-0.00000,-17.80,+0.00000,1,+0.62749,+0.00000,0.00651,-4.022,0,214.0,0.0
9.7267,2,0,0.2164,0.2750,-0.05857,1,1,+0.40218,+0.36608,0.11125,245.90,1,-10.000,-0.02572,-12.692,-0.00000,-17.80,+0.00000,1,+0.62749,+0.00000,0.00651,-4.021,0,214.0,0.0
9.7311,2,0,0.2164,0.2750,-0.05857,1,1,+0.40218,+0.36608,0.11125,245.90,1,-10.000,-0.02575,-12.693,-0.00000,-17.80,+0.00000,1,+0.62749,+0.00000,0.00651,-4.014,0,214.0,0.0
9.7354,2,0,0.2164,0.2750,-0.05857,1,1,+0.40218,+0.36608,0.11125,245.90,1,-10.000,-0.02575,-12.693,-0.00000,-17.80,+0.00000,1,+0.62749,+0.00000,0.00651,-4.014,0,214.0,0.0
9.7400,2,0,0.2164,0.2750,-0.05857,1,1,+0.40218,+0.36608,0.11125,245.90,1,-10.000,-0.02573,-12.694,-0.00000,-17.80,+0.00000,1,+0.62749,+0.00000,0.00651,-4.019,0,214.0,0.0
9.7442,2,0,0.2164,0.2750,-0.05857,1,1,+0.40218,+0.36608,0.11125,245.90,1,-10.000,-0.02573,-12.694,-0.00000,-17.80,+0.00000,1,+0.62749,+0.00000,0.00651,-4.019,0,214.0,0.0
9.7489,2,0,0.2164,0.2750,-0.05857,1,1,+0.40218,+0.36608,0.11125,245.90,1,-10.000,-0.02576,-12.695,-0.00000,-17.80,+0.00000,1,+0.62749,+0.00000,0.00651,-4.012,0,214.0,0.0
9.7534,2,0,0.2164,0.2750,-0.05857,1,1,+0.40218,+0.36608,0.11125,245.90,1,-10.000,-0.02576,-12.695,-0.00000,-17.80,+0.00000,1,+0.62749,+0.00000,0.00651,-4.012,0,214.0,0.0
9.7579,2,0,0.2164,0.2750,-0.05857,1,1,+0.40218,+0.36608,0.11125,245.90,1,-10.000,-0.02576,-12.696,-0.00000,-17.80,+0.00000,1,+0.62749,+0.00000,0.00651,-4.012,0,214.0,0.0
9.7625,2,0,0.2164,0.2750,-0.05857,1,1,+0.40218,+0.36608,0.11125,245.90,1,-10.000,-0.02576,-12.696,-0.00000,-17.80,+0.00000,1,+0.62749,+0.00000,0.00651,-4.012,0,214.0,0.0
9.7671,2,0,0.2164,0.2750,-0.05857,1,1,+0.40218,+0.36608,0.11125,245.90,1,-10.000,-0.02575,-12.697,-0.00000,-17.80,+0.00000,1,+0.62749,+0.00000,0.00651,-4.015,0,214.0,0.0
9.7714,2,0,0.2164,0.2750,-0.05857,1,1,+0.40218,+0.36608,0.11125,245.90,1,-10.000,-0.02575,-12.697,-0.00000,-17.80,+0.00000,1,+0.62749,+0.00000,0.00651,-4.015,0,214.0,0.0
9.7760,2,0,0.2164,0.2750,-0.05857,1,1,+0.40218,+0.36608,0.11125,245.90,1,-10.000,-0.02577,-12.699,-0.00000,-17.80,+0.00000,1,+0.62749,+0.00000,0.00651,-4.010,0,214.0,0.0
9.7816,2,0,0.2164,0.2750,-0.05857,1,1,+0.40218,+0.36608,0.11125,245.90,1,-10.000,-0.02577,-12.699,-0.00000,-17.80,+0.00000,1,+0.62749,+0.00000,0.00651,-4.010,0,214.0,0.0
9.7864,2,0,0.2164,0.2750,-0.05857,1,1,+0.40218,+0.36608,0.11125,245.90,1,-10.000,-0.02572,-12.700,-0.00000,-17.80,+0.00000,1,+0.62749,+0.00000,0.00651,-4.021,0,214.0,0.0
9.7914,2,0,0.2164,0.2750,-0.05857,1,1,+0.40218,+0.36608,0.11125,245.90,1,-10.000,-0.02574,-12.701,-0.00000,-17.80,+0.00000,1,+0.62749,+0.00000,0.00651,-4.016,0,214.0,0.0
9.7958,2,0,0.2164,0.2750,-0.05857,1,1,+0.40218,+0.36608,0.11125,245.90,1,-10.000,-0.02574,-12.701,-0.00000,-17.80,+0.00000,1,+0.62749,+0.00000,0.00651,-4.016,0,214.0,0.0
9.8004,2,0,0.2164,0.2750,-0.05857,1,1,+0.40218,+0.36608,0.11125,245.90,1,-10.000,-0.02576,-12.702,-0.00000,-17.80,+0.00000,1,+0.62749,+0.00000,0.00651,-4.013,0,214.0,0.0
9.8051,2,0,0.2164,0.2750,-0.05857,1,1,+0.40218,+0.36608,0.11125,245.90,1,-10.000,-0.02576,-12.702,-0.00000,-17.80,+0.00000,1,+0.62749,+0.00000,0.00651,-4.013,0,214.0,0.0
9.8097,2,0,0.2164,0.2750,-0.05857,1,1,+0.40218,+0.36608,0.11125,245.90,1,-10.000,-0.02575,-12.703,-0.00000,-17.80,+0.00000,1,+0.62749,+0.00000,0.00651,-4.015,0,214.0,0.0
9.8141,2,0,0.2164,0.2750,-0.05857,1,1,+0.40218,+0.36608,0.11125,245.90,1,-10.000,-0.02575,-12.703,-0.00000,-17.80,+0.00000,1,+0.62749,+0.00000,0.00651,-4.015,0,214.0,0.0
9.8186,2,0,0.2164,0.2750,-0.05857,1,1,+0.40218,+0.36608,0.11125,245.90,1,-10.000,-0.02575,-12.703,-0.00000,-17.80,+0.00000,1,+0.62749,+0.00000,0.00651,-4.015,0,214.0,0.0
9.8236,2,0,0.2164,0.2750,-0.05857,1,1,+0.40218,+0.36608,0.11125,245.90,1,-10.000,-0.02571,-12.704,-0.00000,-17.80,+0.00000,1,+0.62749,+0.00000,0.00651,-4.024,0,214.0,0.0
9.8280,2,0,0.2164,0.2750,-0.05857,1,1,+0.40218,+0.36608,0.11125,245.90,1,-10.000,-0.02570,-12.705,-0.00000,-17.80,+0.00000,1,+0.62749,+0.00000,0.00651,-4.024,0,214.0,0.0
9.8325,2,0,0.2164,0.2750,-0.05857,1,1,+0.40218,+0.36608,0.11125,245.90,1,-10.000,-0.02570,-12.705,-0.00000,-17.80,+0.00000,1,+0.62749,+0.00000,0.00651,-4.024,0,214.0,0.0
9.8372,2,0,0.2164,0.2750,-0.05857,1,1,+0.40218,+0.36608,0.11125,245.90,1,-10.000,-0.02570,-12.706,-0.00000,-17.80,+0.00000,1,+0.62749,+0.00000,0.00651,-4.026,0,214.0,0.0
9.8416,2,0,0.2164,0.2750,-0.05857,1,1,+0.40218,+0.36608,0.11125,245.90,1,-10.000,-0.02570,-12.706,-0.00000,-17.80,+0.00000,1,+0.62749,+0.00000,0.00651,-4.026,0,214.0,0.0
9.8468,2,0,0.2164,0.2750,-0.05857,1,1,+0.40218,+0.36608,0.11125,245.90,1,-10.000,-0.02569,-12.707,-0.00000,-17.80,+0.00000,1,+0.62749,+0.00000,0.00651,-4.028,0,214.0,0.0
9.8514,2,0,0.2164,0.2750,-0.05857,1,1,+0.40218,+0.36608,0.11125,245.90,1,-10.000,-0.02569,-12.707,-0.00000,-17.80,+0.00000,1,+0.62749,+0.00000,0.00651,-4.028,0,214.0,0.0
9.8561,2,0,0.2164,0.2750,-0.05857,1,1,+0.40218,+0.36608,0.11125,245.90,1,-10.000,-0.02569,-12.708,-0.00000,-17.80,+0.00000,1,+0.62749,+0.00000,0.00651,-4.028,0,214.0,0.0
9.8608,2,0,0.2164,0.2750,-0.05857,1,1,+0.40218,+0.36608,0.11125,245.90,1,-10.000,-0.02569,-12.708,-0.00000,-17.80,+0.00000,1,+0.62749,+0.00000,0.00651,-4.028,0,214.0,0.0
9.8651,2,0,0.2164,0.2750,-0.05857,1,1,+0.40218,+0.36608,0.11125,245.90,1,-10.000,-0.02571,-12.709,-0.00000,-17.80,+0.00000,1,+0.62749,+0.00000,0.00651,-4.024,0,214.0,0.0
9.8703,2,0,0.2164,0.2750,-0.05857,1,1,+0.40218,+0.36608,0.11125,245.90,1,-10.000,-0.02571,-12.709,-0.00000,-17.80,+0.00000,1,+0.62749,+0.00000,0.00651,-4.024,0,214.0,0.0
9.8750,2,0,0.2164,0.2750,-0.05857,1,1,+0.40218,+0.36608,0.11125,245.90,1,-10.000,-0.02569,-12.710,-0.00000,-17.80,+0.00000,1,+0.62749,+0.00000,0.00651,-4.029,0,214.0,0.0
9.8796,2,0,0.2164,0.2750,-0.05857,1,1,+0.40218,+0.36608,0.11125,245.90,1,-10.000,-0.02569,-12.710,-0.00000,-17.80,+0.00000,1,+0.62749,+0.00000,0.00651,-4.029,0,214.0,0.0
9.8844,2,0,0.2164,0.2750,-0.05857,1,1,+0.40218,+0.36608,0.11125,245.90,1,-10.000,-0.02571,-12.710,-0.00000,-17.80,+0.00000,1,+0.62749,+0.00000,0.00651,-4.024,0,214.0,0.0
9.8891,2,0,0.2164,0.2750,-0.05857,1,1,+0.40218,+0.36608,0.11125,245.90,1,-10.000,-0.02571,-12.710,-0.00000,-17.80,+0.00000,1,+0.62749,+0.00000,0.00651,-4.024,0,214.0,0.0
9.8936,2,0,0.2164,0.2750,-0.05857,1,1,+0.40218,+0.36608,0.11125,245.90,1,-10.000,-0.02570,-12.711,-0.00000,-17.80,+0.00000,1,+0.62749,+0.00000,0.00651,-4.027,0,214.0,0.0
9.8978,2,0,0.2164,0.2750,-0.05857,1,1,+0.40218,+0.36608,0.11125,245.90,1,-10.000,-0.02570,-12.711,-0.00000,-17.80,+0.00000,1,+0.62749,+0.00000,0.00651,-4.027,0,214.0,0.0
9.9024,2,0,0.2164,0.2750,-0.05857,1,1,+0.40218,+0.36608,0.11125,245.90,1,-10.000,-0.02570,-12.712,-0.00000,-17.80,+0.00000,1,+0.62749,+0.00000,0.00651,-4.027,0,214.0,0.0
9.9073,2,0,0.2164,0.2750,-0.05857,1,1,+0.40218,+0.36608,0.11125,245.90,1,-10.000,-0.02571,-12.713,-0.00000,-17.80,+0.00000,1,+0.62749,+0.00000,0.00651,-4.024,0,214.0,0.0
9.9119,2,0,0.2164,0.2750,-0.05857,1,1,+0.40218,+0.36608,0.11125,245.90,1,-10.000,-0.02571,-12.713,-0.00000,-17.80,+0.00000,1,+0.62749,+0.00000,0.00651,-4.024,0,214.0,0.0
9.9165,2,0,0.2164,0.2750,-0.05857,1,1,+0.40218,+0.36608,0.11125,245.90,1,-10.000,-0.02570,-12.714,-0.00000,-17.80,+0.00000,1,+0.62749,+0.00000,0.00651,-4.025,0,214.0,0.0
9.9210,2,0,0.2164,0.2750,-0.05857,1,1,+0.40218,+0.36608,0.11125,245.90,1,-10.000,-0.02570,-12.714,-0.00000,-17.80,+0.00000,1,+0.62749,+0.00000,0.00651,-4.025,0,214.0,0.0
9.9255,2,0,0.2164,0.2750,-0.05857,1,1,+0.40218,+0.36608,0.11125,245.90,1,-10.000,-0.02572,-12.715,-0.00000,-17.80,+0.00000,1,+0.62749,+0.00000,0.00651,-4.021,0,214.0,0.0
9.9305,2,0,0.2164,0.2750,-0.05857,1,1,+0.40218,+0.36608,0.11125,245.90,1,-10.000,-0.02572,-12.715,-0.00000,-17.80,+0.00000,1,+0.62749,+0.00000,0.00651,-4.021,0,214.0,0.0
9.9349,2,0,0.2164,0.2750,-0.05857,1,1,+0.40218,+0.36608,0.11125,245.90,1,-10.000,-0.02571,-12.715,-0.00000,-17.80,+0.00000,1,+0.62749,+0.00000,0.00651,-4.023,0,214.0,0.0
9.9396,2,0,0.2164,0.2750,-0.05857,1,1,+0.40218,+0.36608,0.11125,245.90,1,-10.000,-0.02571,-12.715,-0.00000,-17.80,+0.00000,1,+0.62749,+0.00000,0.00651,-4.023,0,214.0,0.0
9.9439,2,0,0.2164,0.2750,-0.05857,1,1,+0.40218,+0.36608,0.11125,245.90,1,-10.000,-0.02572,-12.716,-0.00000,-17.80,+0.00000,1,+0.62749,+0.00000,0.00651,-4.022,0,214.0,0.0
9.9484,2,0,0.2164,0.2750,-0.05857,1,1,+0.40218,+0.36608,0.11125,245.90,1,-10.000,-0.02572,-12.716,-0.00000,-17.80,+0.00000,1,+0.62749,+0.00000,0.00651,-4.022,0,214.0,0.0
9.9527,2,0,0.2164,0.2750,-0.05857,1,1,+0.40218,+0.36608,0.11125,245.90,1,-10.000,-0.02567,-12.717,-0.00000,-17.80,+0.00000,1,+0.62749,+0.00000,0.00651,-4.032,0,214.0,0.0
9.9573,2,0,0.2164,0.2750,-0.05857,1,1,+0.40218,+0.36608,0.11125,245.90,1,-10.000,-0.02567,-12.717,-0.00000,-17.80,+0.00000,1,+0.62749,+0.00000,0.00651,-4.032,0,214.0,0.0
9.9619,2,0,0.2164,0.2750,-0.05857,1,1,+0.40218,+0.36608,0.11125,245.90,1,-10.000,-0.02569,-12.718,-0.00000,-17.80,+0.00000,1,+0.62749,+0.00000,0.00651,-4.027,0,214.0,0.0
9.9679,2,0,0.2164,0.2750,-0.05857,1,1,+0.40218,+0.36608,0.11125,245.90,1,-10.000,-0.02569,-12.718,-0.00000,-17.80,+0.00000,1,+0.62749,+0.00000,0.00651,-4.027,0,214.0,0.0
9.9740,2,0,0.2164,0.2750,-0.05857,1,1,+0.40218,+0.36608,0.11125,245.90,1,-10.000,-0.02566,-12.719,-0.00000,-17.80,+0.00000,1,+0.62749,+0.00000,0.00651,-4.035,0,214.0,0.0
9.9784,2,0,0.2164,0.2750,-0.05857,1,1,+0.40218,+0.36608,0.11125,245.90,1,-10.000,-0.02570,-12.719,-0.00000,-17.80,+0.00000,1,+0.62749,+0.00000,0.00651,-4.026,0,214.0,0.0
9.9831,2,0,0.2164,0.2750,-0.05857,1,1,+0.40218,+0.36608,0.11125,245.90,1,-10.000,-0.02570,-12.719,-0.00000,-17.80,+0.00000,1,+0.62749,+0.00000,0.00651,-4.026,0,214.0,0.0
9.9876,2,0,0.2164,0.2750,-0.05857,1,1,+0.40218,+0.36608,0.11125,245.90,1,-10.000,-0.02571,-12.720,-0.00000,-17.80,+0.00000,1,+0.62749,+0.00000,0.00651,-4.023,0,214.0,0.0
9.9923,2,0,0.2164,0.2750,-0.05857,1,1,+0.40218,+0.36608,0.11125,245.90,1,-10.000,-0.02571,-12.720,-0.00000,-17.80,+0.00000,1,+0.62749,+0.00000,0.00651,-4.023,0,214.0,0.0
9.9970,2,0,0.2164,0.2750,-0.05857,1,1,+0.40218,+0.36608,0.11125,245.90,1,-10.000,-0.02571,-12.720,-0.00000,-17.80,+0.00000,1,+0.62749,+0.00000,0.00651,-4.023,0,214.0,0.0
10.0015,2,0,0.2164,0.2750,-0.05857,1,1,+0.40218,+0.36608,0.11125,245.90,1,-10.000,-0.02571,-12.720,-0.00000,-17.80,+0.00000,1,+0.62749,+0.00000,0.00651,-4.023,0,214.0,0.0
10.0061,2,0,0.2164,0.2750,-0.05857,1,1,+0.40218,+0.36608,0.11125,245.90,1,-10.000,-0.02570,-12.721,-0.00000,-17.80,+0.00000,1,+0.62749,+0.00000,0.00651,-4.025,0,214.0,0.0
10.0103,2,0,0.2164,0.2750,-0.05857,1,1,+0.40218,+0.36608,0.11125,245.90,1,-10.000,-0.02570,-12.721,-0.00000,-17.80,+0.00000,1,+0.62749,+0.00000,0.00651,-4.025,0,214.0,0.0
10.0150,2,0,0.2164,0.2750,-0.05857,1,1,+0.40218,+0.36608,0.11125,245.90,1,-10.000,-0.02573,-12.722,-0.00000,-17.80,+0.00000,1,+0.62749,+0.00000,0.00651,-4.018,0,214.0,0.0
10.0194,2,0,0.2164,0.2750,-0.05857,1,1,+0.40218,+0.36608,0.11125,245.90,1,-10.000,-0.02573,-12.722,-0.00000,-17.80,+0.00000,1,+0.62749,+0.00000,0.00651,-4.018,0,214.0,0.0
10.0239,2,0,0.2164,0.2750,-0.05857,1,1,+0.40218,+0.36608,0.11125,245.90,1,-10.000,-0.02573,-12.722,-0.00000,-17.80,+0.00000,1,+0.62749,+0.00000,0.00651,-4.020,0,214.0,0.0
10.0284,2,0,0.2164,0.2750,-0.05857,1,1,+0.40218,+0.36608,0.11125,245.90,1,-10.000,-0.02573,-12.722,-0.00000,-17.80,+0.00000,1,+0.62749,+0.00000,0.00651,-4.020,0,214.0,0.0
10.0330,2,0,0.2164,0.2750,-0.05857,1,1,+0.40218,+0.36608,0.11125,245.90,1,-10.000,-0.02571,-12.723,-0.00000,-17.80,+0.00000,1,+0.62749,+0.00000,0.00651,-4.022,0,214.0,0.0
10.0375,2,0,0.2164,0.2750,-0.05857,1,1,+0.40218,+0.36608,0.11125,245.90,1,-10.000,-0.02574,-12.724,-0.00000,-17.80,+0.00000,1,+0.62749,+0.00000,0.00651,-4.016,0,214.0,0.0
10.0424,2,0,0.2164,0.2750,-0.05857,1,1,+0.40218,+0.36608,0.11125,245.90,1,-10.000,-0.02574,-12.724,-0.00000,-17.80,+0.00000,1,+0.62749,+0.00000,0.00651,-4.016,0,214.0,0.0
10.0476,2,0,0.2164,0.2750,-0.05857,1,1,+0.40218,+0.36608,0.11125,245.90,1,-10.000,-0.02577,-12.724,-0.00000,-17.80,+0.00000,1,+0.62749,+0.00000,0.00651,-4.011,0,214.0,0.0
10.0521,2,0,0.2164,0.2750,-0.05857,1,1,+0.40218,+0.36608,0.11125,245.90,1,-10.000,-0.02577,-12.724,-0.00000,-17.80,+0.00000,1,+0.62749,+0.00000,0.00651,-4.011,0,214.0,0.0
10.0566,2,0,0.2164,0.2750,-0.05857,1,1,+0.40218,+0.36608,0.11125,245.90,1,-10.000,-0.02578,-12.725,-0.00000,-17.80,+0.00000,1,+0.62749,+0.00000,0.00651,-4.007,0,214.0,0.0
10.0612,2,0,0.2164,0.2750,-0.05857,1,1,+0.40218,+0.36608,0.11125,245.90,1,-10.000,-0.02580,-12.725,-0.00000,-17.80,+0.00000,1,+0.62749,+0.00000,0.00651,-4.002,0,214.0,0.0
10.0658,2,0,0.2164,0.2750,-0.05857,1,1,+0.40218,+0.36608,0.11125,245.90,1,-10.000,-0.02580,-12.725,-0.00000,-17.80,+0.00000,1,+0.62749,+0.00000,0.00651,-4.002,0,214.0,0.0
10.0704,2,0,0.2164,0.2750,-0.05857,1,1,+0.40218,+0.36608,0.11125,245.90,1,-10.000,-0.02579,-12.726,-0.00000,-17.80,+0.00000,1,+0.62749,+0.00000,0.00651,-4.006,0,214.0,0.0
10.0760,2,0,0.2164,0.2750,-0.05857,1,1,+0.40218,+0.36608,0.11125,245.90,1,-10.000,-0.02579,-12.726,-0.00000,-17.80,+0.00000,1,+0.62749,+0.00000,0.00651,-4.006,0,214.0,0.0
10.0809,2,0,0.2164,0.2750,-0.05857,1,1,+0.40218,+0.36608,0.11125,245.90,1,-10.000,-0.02576,-12.727,-0.00000,-17.80,+0.00000,1,+0.62749,+0.00000,0.00651,-4.013,0,214.0,0.0
10.0855,2,0,0.2164,0.2750,-0.05857,1,1,+0.40218,+0.36608,0.11125,245.90,1,-10.000,-0.02576,-12.727,-0.00000,-17.80,+0.00000,1,+0.62749,+0.00000,0.00651,-4.013,0,214.0,0.0
10.0899,2,0,0.2164,0.2750,-0.05857,1,1,+0.40218,+0.36608,0.11125,245.90,1,-10.000,-0.02574,-12.727,-0.00000,-17.80,+0.00000,1,+0.62749,+0.00000,0.00651,-4.016,0,214.0,0.0
10.0943,2,0,0.2164,0.2750,-0.05857,1,1,+0.40218,+0.36608,0.11125,245.90,1,-10.000,-0.02574,-12.727,-0.00000,-17.80,+0.00000,1,+0.62749,+0.00000,0.00651,-4.016,0,214.0,0.0
10.0985,2,0,0.2164,0.2750,-0.05857,1,1,+0.40218,+0.36608,0.11125,245.90,1,-10.000,-0.02579,-12.728,-0.00000,-17.80,+0.00000,1,+0.62749,+0.00000,0.00651,-4.006,0,214.0,0.0
10.1031,2,0,0.2164,0.2750,-0.05857,1,1,+0.40218,+0.36608,0.11125,245.90,1,-10.000,-0.02579,-12.728,-0.00000,-17.80,+0.00000,1,+0.62749,+0.00000,0.00651,-4.006,0,214.0,0.0
10.1077,2,0,0.2164,0.2750,-0.05857,1,1,+0.40218,+0.36608,0.11125,245.90,1,-10.000,-0.02575,-12.728,-0.00000,-17.80,+0.00000,1,+0.62749,+0.00000,0.00651,-4.014,0,214.0,0.0
10.1134,2,0,0.2164,0.2750,-0.05857,1,1,+0.40218,+0.36608,0.11125,245.90,1,-10.000,-0.02575,-12.728,-0.00000,-17.80,+0.00000,1,+0.62749,+0.00000,0.00651,-4.014,0,214.0,0.0
10.1182,2,0,0.2164,0.2750,-0.05857,1,1,+0.40218,+0.36608,0.11125,245.90,1,-10.000,-0.02577,-12.729,-0.00000,-17.80,+0.00000,1,+0.62749,+0.00000,0.00651,-4.010,0,214.0,0.0
10.1227,2,0,0.2164,0.2750,-0.05857,1,1,+0.40218,+0.36608,0.11125,245.90,1,-10.000,-0.02577,-12.729,-0.00000,-17.80,+0.00000,1,+0.62749,+0.00000,0.00651,-4.010,0,214.0,0.0
10.1277,2,0,0.2164,0.2750,-0.05857,1,1,+0.40218,+0.36608,0.11125,245.90,1,-10.000,-0.02576,-12.729,-0.00000,-17.80,+0.00000,1,+0.62749,+0.00000,0.00651,-4.013,0,214.0,0.0
10.1323,2,0,0.2164,0.2750,-0.05857,1,1,+0.40218,+0.36608,0.11125,245.90,1,-10.000,-0.02576,-12.729,-0.00000,-17.80,+0.00000,1,+0.62749,+0.00000,0.00651,-4.013,0,214.0,0.0
10.1370,2,0,0.2164,0.2750,-0.05857,1,1,+0.40218,+0.36608,0.11125,245.90,1,-10.000,-0.02575,-12.730,-0.00000,-17.80,+0.00000,1,+0.62749,+0.00000,0.00651,-4.015,0,214.0,0.0
10.1415,2,0,0.2164,0.2750,-0.05857,1,1,+0.40218,+0.36608,0.11125,245.90,1,-10.000,-0.02575,-12.730,-0.00000,-17.80,+0.00000,1,+0.62749,+0.00000,0.00651,-4.015,0,214.0,0.0
10.1457,2,0,0.2164,0.2750,-0.05857,1,1,+0.40218,+0.36608,0.11125,245.90,1,-10.000,-0.02574,-12.730,-0.00000,-17.80,+0.00000,1,+0.62749,+0.00000,0.00651,-4.016,0,212.3,0.0
10.1503,2,0,0.2164,0.2750,-0.05857,1,1,+0.40218,+0.36608,0.11125,245.90,1,-10.000,-0.02574,-12.730,-0.00000,-17.80,+0.00000,1,+0.62749,+0.00000,0.00651,-4.016,0,212.3,0.0
10.1548,2,0,0.2164,0.2750,-0.05857,1,1,+0.40218,+0.36608,0.11125,245.90,1,-10.000,-0.02572,-12.731,-0.00000,-17.80,+0.00000,1,+0.62749,+0.00000,0.00651,-4.020,0,212.3,0.0
10.1613,2,0,0.2164,0.2750,-0.05857,1,1,+0.40218,+0.36608,0.11125,245.90,1,-10.000,-0.02571,-12.731,-0.00000,-17.80,+0.00000,1,+0.62749,+0.00000,0.00651,-4.023,0,212.3,0.0
10.1811,2,0,0.2164,0.2750,-0.05857,1,1,+0.40218,+0.36608,0.11125,245.90,1,-10.000,-0.02571,-12.731,-0.00000,-17.80,+0.00000,1,+0.62749,+0.00000,0.00651,-4.023,0,212.3,0.0
10.1872,2,0,0.2164,0.2750,-0.05857,1,1,+0.40218,+0.36608,0.11125,245.90,1,-10.000,-0.02571,-12.731,-0.00000,-17.80,+0.00000,1,+0.62749,+0.00000,0.00651,-4.023,0,212.3,0.0
10.1942,2,0,0.2164,0.2750,-0.05857,1,1,+0.40218,+0.36608,0.11125,245.90,1,-10.000,-0.02534,-12.733,-0.00000,-17.80,+0.00000,1,+0.62749,+0.00000,0.00651,-4.108,0,212.3,0.0
10.1985,2,0,0.2164,0.2750,-0.05857,1,1,+0.40218,+0.36608,0.11125,245.90,1,-10.000,-0.02530,-12.734,-0.00000,-17.80,+0.00000,1,+0.62749,+0.00000,0.00651,-4.116,0,212.3,0.0
10.2031,2,0,0.2164,0.2750,-0.05857,1,1,+0.40218,+0.36608,0.11125,245.90,1,-10.000,-0.02530,-12.734,-0.00000,-17.80,+0.00000,1,+0.62749,+0.00000,0.00651,-4.116,0,212.3,0.0
10.2077,2,0,0.2164,0.2750,-0.05857,1,1,+0.40218,+0.36608,0.11125,245.90,1,-10.000,-0.02536,-12.734,-0.00000,-17.80,+0.00000,1,+0.62749,+0.00000,0.00651,-4.103,0,212.3,0.0
10.2127,2,0,0.2164,0.2750,-0.05857,1,1,+0.40218,+0.36608,0.11125,245.90,1,-10.000,-0.02539,-12.734,-0.00000,-17.80,+0.00000,1,+0.62749,+0.00000,0.00651,-4.097,0,212.3,0.0
10.2172,2,0,0.2164,0.2750,-0.05857,1,1,+0.40218,+0.36608,0.11125,245.90,1,-10.000,-0.02539,-12.734,-0.00000,-17.80,+0.00000,1,+0.62749,+0.00000,0.00651,-4.097,0,212.3,0.0
10.2225,2,0,0.2164,0.2750,-0.05857,1,1,+0.40218,+0.36608,0.11125,245.90,1,-10.000,-0.02538,-12.735,-0.00000,-17.80,+0.00000,1,+0.62749,+0.00000,0.00651,-4.098,0,212.3,0.0
10.2273,2,0,0.2164,0.2750,-0.05857,1,1,+0.40218,+0.36608,0.11125,245.90,1,-10.000,-0.02538,-12.735,-0.00000,-17.80,+0.00000,1,+0.62749,+0.00000,0.00651,-4.098,0,212.3,0.0
10.2321,2,0,0.2164,0.2750,-0.05857,1,1,+0.40218,+0.36608,0.11125,245.90,1,-10.000,-0.02543,-12.735,-0.00000,-17.80,+0.00000,1,+0.62749,+0.00000,0.00651,-4.086,0,212.3,0.0
10.2369,2,0,0.2164,0.2750,-0.05857,1,1,+0.40218,+0.36608,0.11125,245.90,1,-10.000,-0.02545,-12.736,-0.00000,-17.80,+0.00000,1,+0.62749,+0.00000,0.00651,-4.083,0,212.3,0.0
10.2414,2,0,0.2164,0.2750,-0.05857,1,1,+0.40218,+0.36608,0.11125,245.90,1,-10.000,-0.02545,-12.736,-0.00000,-17.80,+0.00000,1,+0.62749,+0.00000,0.00651,-4.083,0,212.3,0.0
10.2460,2,0,0.2164,0.2750,-0.05857,1,1,+0.40218,+0.36608,0.11125,245.90,1,-10.000,-0.02545,-12.736,-0.00000,-17.80,+0.00000,1,+0.62749,+0.00000,0.00651,-4.083,0,212.3,0.0
10.2505,2,0,0.2164,0.2750,-0.05857,1,1,+0.40218,+0.36608,0.11125,245.90,1,-10.000,-0.02541,-12.736,-0.00000,-17.80,+0.00000,1,+0.62749,+0.00000,0.00651,-4.091,0,212.3,0.0
10.2548,2,0,0.2164,0.2750,-0.05857,1,1,+0.40218,+0.36608,0.11125,245.90,1,-10.000,-0.02541,-12.736,-0.00000,-17.80,+0.00000,1,+0.62749,+0.00000,0.00651,-4.091,0,212.3,0.0
10.2598,2,0,0.2164,0.2750,-0.05857,1,1,+0.40218,+0.36608,0.11125,245.90,1,-10.000,-0.02543,-12.736,-0.00000,-17.80,+0.00000,1,+0.62749,+0.00000,0.00651,-4.088,0,212.3,0.0
10.2643,2,0,0.2164,0.2750,-0.05857,1,1,+0.40218,+0.36608,0.11125,245.90,1,-10.000,-0.02543,-12.737,-0.00000,-17.80,+0.00000,1,+0.62749,+0.00000,0.00651,-4.086,0,212.3,0.0
10.2692,2,0,0.2164,0.2750,-0.05857,1,1,+0.40218,+0.36608,0.11125,245.90,1,-10.000,-0.02543,-12.737,-0.00000,-17.80,+0.00000,1,+0.62749,+0.00000,0.00651,-4.086,0,212.3,0.0
10.2752,2,0,0.2164,0.2750,-0.05857,1,1,+0.40218,+0.36608,0.11125,245.90,1,-10.000,-0.02540,-12.737,-0.00000,-17.80,+0.00000,1,+0.62749,+0.00000,0.00651,-4.093,0,212.3,0.0
10.2807,2,0,0.2164,0.2750,-0.05857,1,1,+0.40218,+0.36608,0.11125,245.90,1,-10.000,-0.02548,-12.737,-0.00000,-17.80,+0.00000,1,+0.62749,+0.00000,0.00651,-4.075,0,212.3,0.0
10.2862,2,0,0.2164,0.2750,-0.05857,1,1,+0.40218,+0.36608,0.11125,245.90,1,-10.000,-0.02548,-12.737,-0.00000,-17.80,+0.00000,1,+0.62749,+0.00000,0.00651,-4.075,0,212.3,0.0
10.2906,2,0,0.2164,0.2750,-0.05857,1,1,+0.40218,+0.36608,0.11125,245.90,1,-10.000,-0.02549,-12.738,-0.00000,-17.80,+0.00000,1,+0.62749,+0.00000,0.00651,-4.074,0,212.3,0.0
10.3005,2,0,0.2164,0.2750,-0.05857,1,1,+0.40218,+0.36608,0.11125,245.90,1,-10.000,-0.02549,-12.738,-0.00000,-17.80,+0.00000,1,+0.62749,+0.00000,0.00651,-4.074,0,212.3,0.0
10.3077,2,0,0.2164,0.2750,-0.05857,1,1,+0.40218,+0.36608,0.11125,245.90,1,-10.000,-0.02535,-12.739,-0.00000,-17.80,+0.00000,1,+0.62749,+0.00000,0.00651,-4.106,0,212.3,0.0
10.3146,2,0,0.2164,0.2750,-0.05857,1,1,+0.40218,+0.36608,0.11125,245.90,1,-10.000,-0.02535,-12.739,-0.00000,-17.80,+0.00000,1,+0.62749,+0.00000,0.00651,-4.106,0,212.3,0.0
10.3224,2,0,0.2164,0.2750,-0.05857,1,1,+0.40218,+0.36608,0.11125,245.90,1,-10.000,-0.02527,-12.739,-0.00000,-17.80,+0.00000,1,+0.62749,+0.00000,0.00651,-4.125,0,212.3,0.0
10.3279,2,0,0.2164,0.2750,-0.05857,1,1,+0.40218,+0.36608,0.11125,245.90,1,-10.000,-0.02532,-12.740,-0.00000,-17.80,+0.00000,1,+0.62749,+0.00000,0.00651,-4.112,0,212.3,0.0
10.3331,2,0,0.2164,0.2750,-0.05857,1,1,+0.40218,+0.36608,0.11125,245.90,1,-10.000,-0.02534,-12.740,-0.00000,-17.80,+0.00000,1,+0.62749,+0.00000,0.00651,-4.109,0,212.3,0.0
10.3377,2,0,0.2164,0.2750,-0.05857,1,1,+0.40218,+0.36608,0.11125,245.90,1,-10.000,-0.02534,-12.740,-0.00000,-17.80,+0.00000,1,+0.62749,+0.00000,0.00651,-4.109,0,212.3,0.0
10.3423,2,0,0.2164,0.2750,-0.05857,1,1,+0.40218,+0.36608,0.11125,245.90,1,-10.000,-0.02535,-12.740,-0.00000,-17.80,+0.00000,1,+0.62749,+0.00000,0.00651,-4.106,0,212.3,0.0
10.3469,2,0,0.2164,0.2750,-0.05857,1,1,+0.40218,+0.36608,0.11125,245.90,1,-10.000,-0.02535,-12.740,-0.00000,-17.80,+0.00000,1,+0.62749,+0.00000,0.00651,-4.106,0,212.3,0.0
10.3518,2,0,0.2164,0.2750,-0.05857,1,1,+0.40218,+0.36608,0.11125,245.90,1,-10.000,-0.02534,-12.741,-0.00000,-17.80,+0.00000,1,+0.62749,+0.00000,0.00651,-4.107,0,212.3,0.0
10.3563,2,0,0.2164,0.2750,-0.05857,1,1,+0.40218,+0.36608,0.11125,245.90,1,-10.000,-0.02534,-12.741,-0.00000,-17.80,+0.00000,1,+0.62749,+0.00000,0.00651,-4.107,0,212.3,0.0
10.3607,2,0,0.2164,0.2750,-0.05857,1,1,+0.40218,+0.36608,0.11125,245.90,1,-10.000,-0.02539,-12.741,-0.00000,-17.80,+0.00000,1,+0.62749,+0.00000,0.00651,-4.097,0,212.3,0.0
10.3664,2,0,0.2164,0.2750,-0.05857,1,1,+0.40218,+0.36608,0.11125,245.90,1,-10.000,-0.02539,-12.741,-0.00000,-17.80,+0.00000,1,+0.62749,+0.00000,0.00651,-4.097,0,212.3,0.0
10.3713,2,0,0.2164,0.2750,-0.05857,1,1,+0.40218,+0.36608,0.11125,245.90,1,-10.000,-0.02538,-12.741,-0.00000,-17.80,+0.00000,1,+0.62749,+0.00000,0.00651,-4.098,0,212.3,0.0
10.3757,2,0,0.2164,0.2750,-0.05857,1,1,+0.40218,+0.36608,0.11125,245.90,1,-10.000,-0.02541,-12.741,-0.00000,-17.80,+0.00000,1,+0.62749,+0.00000,0.00651,-4.092,0,212.3,0.0
10.3808,2,0,0.2164,0.2750,-0.05857,1,1,+0.40218,+0.36608,0.11125,245.90,1,-10.000,-0.02541,-12.741,-0.00000,-17.80,+0.00000,1,+0.62749,+0.00000,0.00651,-4.092,0,212.3,0.0
10.3856,2,0,0.2164,0.2750,-0.05857,1,1,+0.40218,+0.36608,0.11125,245.90,1,-10.000,-0.02543,-12.742,-0.00000,-17.80,+0.00000,1,+0.62749,+0.00000,0.00651,-4.088,0,212.3,0.0
10.3904,2,0,0.2164,0.2750,-0.05857,1,1,+0.40218,+0.36608,0.11125,245.90,1,-10.000,-0.02543,-12.742,-0.00000,-17.80,+0.00000,1,+0.62749,+0.00000,0.00651,-4.088,0,212.3,0.0
10.3963,2,0,0.2164,0.2750,-0.05857,1,1,+0.40218,+0.36608,0.11125,245.90,1,-10.000,-0.02544,-12.742,-0.00000,-17.80,+0.00000,1,+0.62749,+0.00000,0.00651,-4.086,0,212.3,0.0
10.4025,2,0,0.2164,0.2750,-0.05857,1,1,+0.40218,+0.36608,0.11125,245.90,1,-10.000,-0.02544,-12.742,-0.00000,-17.80,+0.00000,1,+0.62749,+0.00000,0.00651,-4.084,0,212.3,0.0
10.4070,2,0,0.2164,0.2750,-0.05857,1,1,+0.40218,+0.36608,0.11125,245.90,1,-10.000,-0.02544,-12.742,-0.00000,-17.80,+0.00000,1,+0.62749,+0.00000,0.00651,-4.084,0,212.3,0.0
10.4117,2,0,0.2164,0.2750,-0.05857,1,1,+0.40218,+0.36608,0.11125,245.90,1,-10.000,-0.02547,-12.742,-0.00000,-17.80,+0.00000,1,+0.62749,+0.00000,0.00651,-4.079,0,212.3,0.0
10.4163,2,0,0.2164,0.2750,-0.05857,1,1,+0.40218,+0.36608,0.11125,245.90,1,-10.000,-0.02547,-12.742,-0.00000,-17.80,+0.00000,1,+0.62749,+0.00000,0.00651,-4.079,0,212.3,0.0
10.4210,2,0,0.2164,0.2750,-0.05857,1,1,+0.40218,+0.36608,0.11125,245.90,1,-10.000,-0.02545,-12.743,-0.00000,-17.80,+0.00000,1,+0.62749,+0.00000,0.00651,-4.083,0,212.3,0.0
10.4257,2,0,0.2164,0.2750,-0.05857,1,1,+0.40218,+0.36608,0.11125,245.90,1,-10.000,-0.02548,-12.743,-0.00000,-17.80,+0.00000,1,+0.62749,+0.00000,0.00651,-4.076,0,212.3,0.0
10.4307,2,0,0.2164,0.2750,-0.05857,1,1,+0.40218,+0.36608,0.11125,245.90,1,-10.000,-0.02548,-12.743,-0.00000,-17.80,+0.00000,1,+0.62749,+0.00000,0.00651,-4.076,0,212.3,0.0
10.4355,2,0,0.2164,0.2750,-0.05857,1,1,+0.40218,+0.36608,0.11125,245.90,1,-10.000,-0.02549,-12.743,-0.00000,-17.80,+0.00000,1,+0.62749,+0.00000,0.00651,-4.073,0,212.3,0.0
10.4400,2,0,0.2164,0.2750,-0.05857,1,1,+0.40218,+0.36608,0.11125,245.90,1,-10.000,-0.02549,-12.743,-0.00000,-17.80,+0.00000,1,+0.62749,+0.00000,0.00651,-4.073,0,212.3,0.0
10.4443,2,0,0.2164,0.2750,-0.05857,1,1,+0.40218,+0.36608,0.11125,245.90,1,-10.000,-0.02547,-12.744,-0.00000,-17.80,+0.00000,1,+0.62749,+0.00000,0.00651,-4.078,0,212.3,0.0
10.4487,2,0,0.2164,0.2750,-0.05857,1,1,+0.40218,+0.36608,0.11125,245.90,1,-10.000,-0.02547,-12.744,-0.00000,-17.80,+0.00000,1,+0.62749,+0.00000,0.00651,-4.078,0,212.3,0.0
10.4532,2,0,0.2164,0.2750,-0.05857,1,1,+0.40218,+0.36608,0.11125,245.90,1,-10.000,-0.02550,-12.744,-0.00000,-17.80,+0.00000,1,+0.62749,+0.00000,0.00651,-4.071,0,212.3,0.0
10.4575,2,0,0.2164,0.2750,-0.05857,1,1,+0.40218,+0.36608,0.11125,245.90,1,-10.000,-0.02550,-12.744,-0.00000,-17.80,+0.00000,1,+0.62749,+0.00000,0.00651,-4.071,0,212.3,0.0
10.4622,2,0,0.2164,0.2750,-0.05857,1,1,+0.40218,+0.36608,0.11125,245.90,1,-10.000,-0.02550,-12.744,-0.00000,-17.80,+0.00000,1,+0.62749,+0.00000,0.00651,-4.071,0,212.3,0.0
10.4669,2,0,0.2164,0.2750,-0.05857,1,1,+0.40218,+0.36608,0.11125,245.90,1,-10.000,-0.02550,-12.744,-0.00000,-17.80,+0.00000,1,+0.62749,+0.00000,0.00651,-4.071,0,212.3,0.0
10.4716,2,0,0.2164,0.2750,-0.05857,1,1,+0.40218,+0.36608,0.11125,245.90,1,-10.000,-0.02551,-12.744,-0.00000,-17.80,+0.00000,1,+0.62749,+0.00000,0.00651,-4.069,0,212.3,0.0
10.4761,2,0,0.2164,0.2750,-0.05857,1,1,+0.40218,+0.36608,0.11125,245.90,1,-10.000,-0.02551,-12.744,-0.00000,-17.80,+0.00000,1,+0.62749,+0.00000,0.00651,-4.069,0,212.3,0.0
10.4816,2,0,0.2164,0.2750,-0.05857,1,1,+0.40218,+0.36608,0.11125,245.90,1,-10.000,-0.02551,-12.744,-0.00000,-17.80,+0.00000,1,+0.62749,+0.00000,0.00651,-4.070,0,212.3,0.0
10.4870,2,0,0.2164,0.2750,-0.05857,1,1,+0.40218,+0.36608,0.11125,245.90,1,-10.000,-0.02551,-12.745,-0.00000,-17.80,+0.00000,1,+0.62749,+0.00000,0.00651,-4.069,0,212.3,0.0
10.4919,2,0,0.2164,0.2750,-0.05857,1,1,+0.40218,+0.36608,0.11125,245.90,1,-10.000,-0.02551,-12.745,-0.00000,-17.80,+0.00000,1,+0.62749,+0.00000,0.00651,-4.069,0,212.3,0.0
10.4965,2,0,0.2164,0.2750,-0.05857,1,1,+0.40218,+0.36608,0.11125,245.90,1,-10.000,-0.02556,-12.745,-0.00000,-17.80,+0.00000,1,+0.62749,+0.00000,0.00651,-4.057,0,212.3,0.0
10.5021,2,0,0.2164,0.2750,-0.05857,1,1,+0.40218,+0.36608,0.11125,245.90,1,-10.000,-0.02556,-12.745,-0.00000,-17.80,+0.00000,1,+0.62749,+0.00000,0.00651,-4.057,0,212.3,0.0
10.5068,2,0,0.2164,0.2750,-0.05857,1,1,+0.40218,+0.36608,0.11125,245.90,1,-10.000,-0.02556,-12.745,-0.00000,-17.80,+0.00000,1,+0.62749,+0.00000,0.00651,-4.057,0,212.3,0.0
10.5121,2,0,0.2164,0.2750,-0.05857,1,1,+0.40218,+0.36608,0.11125,245.90,1,-10.000,-0.02556,-12.745,-0.00000,-17.80,+0.00000,1,+0.62749,+0.00000,0.00651,-4.057,0,212.3,0.0
10.5168,2,0,0.2164,0.2750,-0.05857,1,1,+0.40218,+0.36608,0.11125,245.90,1,-10.000,-0.02554,-12.745,-0.00000,-17.80,+0.00000,1,+0.62749,+0.00000,0.00651,-4.062,0,212.3,0.0
10.5219,2,0,0.2164,0.2750,-0.05857,1,1,+0.40218,+0.36608,0.11125,245.90,1,-10.000,-0.02554,-12.746,-0.00000,-17.80,+0.00000,1,+0.62749,+0.00000,0.00651,-4.063,0,212.3,0.0
10.5265,2,0,0.2164,0.2750,-0.05857,1,1,+0.40218,+0.36608,0.11125,245.90,1,-10.000,-0.02554,-12.746,-0.00000,-17.80,+0.00000,1,+0.62749,+0.00000,0.00651,-4.063,0,212.3,0.0
10.5311,2,0,0.2164,0.2750,-0.05857,1,1,+0.40218,+0.36608,0.11125,245.90,1,-10.000,-0.02559,-12.746,-0.00000,-17.80,+0.00000,1,+0.62749,+0.00000,0.00651,-4.051,0,212.3,0.0
10.5375,2,0,0.2164,0.2750,-0.05857,1,1,+0.40218,+0.36608,0.11125,245.90,1,-10.000,-0.02559,-12.746,-0.00000,-17.80,+0.00000,1,+0.62749,+0.00000,0.00651,-4.051,0,212.3,0.0
10.5429,2,0,0.2164,0.2750,-0.05857,1,1,+0.40218,+0.36608,0.11125,245.90,1,-10.000,-0.02555,-12.746,-0.00000,-17.80,+0.00000,1,+0.62749,+0.00000,0.00651,-4.061,0,212.3,0.0
10.5476,2,0,0.2164,0.2750,-0.05857,1,1,+0.40218,+0.36608,0.11125,245.90,1,-10.000,-0.02555,-12.746,-0.00000,-17.80,+0.00000,1,+0.62749,+0.00000,0.00651,-4.060,0,212.3,0.0
10.5522,2,0,0.2164,0.2750,-0.05857,1,1,+0.40218,+0.36608,0.11125,245.90,1,-10.000,-0.02555,-12.746,-0.00000,-17.80,+0.00000,1,+0.62749,+0.00000,0.00651,-4.060,0,212.3,0.0
10.5568,2,0,0.2164,0.2750,-0.05857,1,1,+0.40218,+0.36608,0.11125,245.90,1,-10.000,-0.02557,-12.746,-0.00000,-17.80,+0.00000,1,+0.62749,+0.00000,0.00651,-4.056,0,212.3,0.0
10.5613,2,0,0.2164,0.2750,-0.05857,1,1,+0.40218,+0.36608,0.11125,245.90,1,-10.000,-0.02557,-12.746,-0.00000,-17.80,+0.00000,1,+0.62749,+0.00000,0.00651,-4.056,0,212.3,0.0
10.5657,2,0,0.2164,0.2750,-0.05857,1,1,+0.40218,+0.36608,0.11125,245.90,1,-10.000,-0.02556,-12.747,-0.00000,-17.80,+0.00000,1,+0.62749,+0.00000,0.00651,-4.057,0,212.3,0.0
10.5704,2,0,0.2164,0.2750,-0.05857,1,1,+0.40218,+0.36608,0.11125,245.90,1,-10.000,-0.02556,-12.747,-0.00000,-17.80,+0.00000,1,+0.62749,+0.00000,0.00651,-4.057,0,212.3,0.0
10.5747,2,0,0.2164,0.2750,-0.05857,1,1,+0.40218,+0.36608,0.11125,245.90,1,-10.000,-0.02554,-12.747,-0.00000,-17.80,+0.00000,1,+0.62749,+0.00000,0.00651,-4.061,0,212.3,0.0
10.5803,2,0,0.2164,0.2750,-0.05857,1,1,+0.40218,+0.36608,0.11125,245.90,1,-10.000,-0.02554,-12.747,-0.00000,-17.80,+0.00000,1,+0.62749,+0.00000,0.00651,-4.061,0,212.3,0.0
10.5852,2,0,0.2164,0.2750,-0.05857,1,1,+0.40218,+0.36608,0.11125,245.90,1,-10.000,-0.02556,-12.747,-0.00000,-17.80,+0.00000,1,+0.62749,+0.00000,0.00651,-4.057,0,212.3,0.0
10.5895,2,0,0.2164,0.2750,-0.05857,1,1,+0.40218,+0.36608,0.11125,245.90,1,-10.000,-0.02556,-12.747,-0.00000,-17.80,+0.00000,1,+0.62749,+0.00000,0.00651,-4.057,0,212.3,0.0
10.5939,2,0,0.2164,0.2750,-0.05857,1,1,+0.40218,+0.36608,0.11125,245.90,1,-10.000,-0.02557,-12.747,-0.00000,-17.80,+0.00000,1,+0.62749,+0.00000,0.00651,-4.056,0,212.3,0.0
10.5989,2,0,0.2164,0.2750,-0.05857,1,1,+0.40218,+0.36608,0.11125,245.90,1,-10.000,-0.02559,-12.747,-0.00000,-17.80,+0.00000,1,+0.62749,+0.00000,0.00651,-4.052,0,212.3,0.0
10.6034,2,0,0.2164,0.2750,-0.05857,1,1,+0.40218,+0.36608,0.11125,245.90,1,-10.000,-0.02559,-12.747,-0.00000,-17.80,+0.00000,1,+0.62749,+0.00000,0.00651,-4.052,0,212.3,0.0
10.6083,2,0,0.2164,0.2750,-0.05857,1,1,+0.40218,+0.36608,0.11125,245.90,1,-10.000,-0.02561,-12.748,-0.00000,-17.80,+0.00000,1,+0.62749,+0.00000,0.00651,-4.047,0,212.3,0.0
10.6129,2,0,0.2164,0.2750,-0.05857,1,1,+0.40218,+0.36608,0.11125,245.90,1,-10.000,-0.02561,-12.748,-0.00000,-17.80,+0.00000,1,+0.62749,+0.00000,0.00651,-4.047,0,212.3,0.0
10.6176,2,0,0.2164,0.2750,-0.05857,1,1,+0.40218,+0.36608,0.11125,245.90,1,-10.000,-0.02562,-12.748,-0.00000,-17.80,+0.00000,1,+0.62749,+0.00000,0.00651,-4.043,0,212.3,0.0
10.6223,2,0,0.2164,0.2750,-0.05857,1,1,+0.40218,+0.36608,0.11125,245.90,1,-10.000,-0.02562,-12.748,-0.00000,-17.80,+0.00000,1,+0.62749,+0.00000,0.00651,-4.043,0,212.3,0.0
10.6269,2,0,0.2164,0.2750,-0.05857,1,1,+0.40218,+0.36608,0.11125,245.90,1,-10.000,-0.02559,-12.748,-0.00000,-17.80,+0.00000,1,+0.62749,+0.00000,0.00651,-4.050,0,212.3,0.0
10.6317,2,0,0.2164,0.2750,-0.05857,1,1,+0.40218,+0.36608,0.11125,245.90,1,-10.000,-0.02559,-12.748,-0.00000,-17.80,+0.00000,1,+0.62749,+0.00000,0.00651,-4.050,0,212.3,0.0
10.6362,2,0,0.2164,0.2750,-0.05857,1,1,+0.40218,+0.36608,0.11125,245.90,1,-10.000,-0.02560,-12.748,-0.00000,-17.80,+0.00000,1,+0.62749,+0.00000,0.00651,-4.048,0,212.3,0.0
10.6406,2,0,0.2164,0.2750,-0.05857,1,1,+0.40218,+0.36608,0.11125,245.90,1,-10.000,-0.02560,-12.748,-0.00000,-17.80,+0.00000,1,+0.62749,+0.00000,0.00651,-4.048,0,212.3,0.0
10.6453,2,0,0.2164,0.2750,-0.05857,1,1,+0.40218,+0.36608,0.11125,245.90,1,-10.000,-0.02562,-12.748,-0.00000,-17.80,+0.00000,1,+0.62749,+0.00000,0.00651,-4.043,0,212.3,0.0
10.6498,2,0,0.2164,0.2750,-0.05857,1,1,+0.40218,+0.36608,0.11125,245.90,1,-10.000,-0.02562,-12.748,-0.00000,-17.80,+0.00000,1,+0.62749,+0.00000,0.00651,-4.043,0,212.3,0.0
10.6543,2,0,0.2164,0.2750,-0.05857,1,1,+0.40218,+0.36608,0.11125,245.90,1,-10.000,-0.02561,-12.748,-0.00000,-17.80,+0.00000,1,+0.62749,+0.00000,0.00651,-4.047,0,212.3,0.0
10.6600,2,0,0.2164,0.2750,-0.05857,1,1,+0.40218,+0.36608,0.11125,245.90,1,-10.000,-0.02562,-12.749,-0.00000,-17.80,+0.00000,1,+0.62749,+0.00000,0.00651,-4.043,0,212.3,0.0
10.6647,2,0,0.2164,0.2750,-0.05857,1,1,+0.40218,+0.36608,0.11125,245.90,1,-10.000,-0.02562,-12.749,-0.00000,-17.80,+0.00000,1,+0.62749,+0.00000,0.00651,-4.043,0,212.3,0.0
10.6718,2,0,0.2164,0.2750,-0.05857,1,1,+0.40218,+0.36608,0.11125,245.90,1,-10.000,-0.02558,-12.749,-0.00000,-17.80,+0.00000,1,+0.62749,+0.00000,0.00651,-4.052,0,212.3,0.0
10.6770,2,0,0.2164,0.2750,-0.05857,1,1,+0.40218,+0.36608,0.11125,245.90,1,-10.000,-0.02558,-12.749,-0.00000,-17.80,+0.00000,1,+0.62749,+0.00000,0.00651,-4.052,0,212.3,0.0
10.6818,2,0,0.2164,0.2750,-0.05857,1,1,+0.40218,+0.36608,0.11125,245.90,1,-10.000,-0.02559,-12.749,-0.00000,-17.80,+0.00000,1,+0.62749,+0.00000,0.00651,-4.050,0,212.3,0.0
10.6871,2,0,0.2164,0.2750,-0.05857,1,1,+0.40218,+0.36608,0.11125,245.90,1,-10.000,-0.02560,-12.749,-0.00000,-17.80,+0.00000,1,+0.62749,+0.00000,0.00651,-4.048,0,212.3,0.0
10.6915,2,0,0.2164,0.2750,-0.05857,1,1,+0.40218,+0.36608,0.11125,245.90,1,-10.000,-0.02560,-12.749,-0.00000,-17.80,+0.00000,1,+0.62749,+0.00000,0.00651,-4.048,0,212.3,0.0
10.6965,2,0,0.2164,0.2750,-0.05857,1,1,+0.40218,+0.36608,0.11125,245.90,1,-10.000,-0.02560,-12.749,-0.00000,-17.80,+0.00000,1,+0.62749,+0.00000,0.00651,-4.049,0,212.3,0.0
10.7008,2,0,0.2164,0.2750,-0.05857,1,1,+0.40218,+0.36608,0.11125,245.90,1,-10.000,-0.02560,-12.749,-0.00000,-17.80,+0.00000,1,+0.62749,+0.00000,0.00651,-4.049,0,212.3,0.0
10.7052,2,0,0.2164,0.2750,-0.05857,1,1,+0.40218,+0.36608,0.11125,245.90,1,-10.000,-0.02561,-12.749,-0.00000,-17.80,+0.00000,1,+0.62749,+0.00000,0.00651,-4.045,0,212.3,0.0
10.7103,2,0,0.2164,0.2750,-0.05857,1,1,+0.40218,+0.36608,0.11125,245.90,1,-10.000,-0.02561,-12.749,-0.00000,-17.80,+0.00000,1,+0.62749,+0.00000,0.00651,-4.045,0,212.3,0.0
10.7148,2,0,0.2164,0.2750,-0.05857,1,1,+0.40218,+0.36608,0.11125,245.90,1,-10.000,-0.02559,-12.750,-0.00000,-17.80,+0.00000,1,+0.62749,+0.00000,0.00651,-4.050,0,212.3,0.0
10.7194,2,0,0.2164,0.2750,-0.05857,1,1,+0.40218,+0.36608,0.11125,245.90,1,-10.000,-0.02559,-12.750,-0.00000,-17.80,+0.00000,1,+0.62749,+0.00000,0.00651,-4.050,0,212.3,0.0
10.7241,2,0,0.2164,0.2750,-0.05857,1,1,+0.40218,+0.36608,0.11125,245.90,1,-10.000,-0.02561,-12.750,-0.00000,-17.80,+0.00000,1,+0.62749,+0.00000,0.00651,-4.046,0,212.3,0.0
10.7289,2,0,0.2164,0.2750,-0.05857,1,1,+0.40218,+0.36608,0.11125,245.90,1,-10.000,-0.02561,-12.750,-0.00000,-17.80,+0.00000,1,+0.62749,+0.00000,0.00651,-4.046,0,212.3,0.0
10.7337,2,0,0.2164,0.2750,-0.05857,1,1,+0.40218,+0.36608,0.11125,245.90,1,-10.000,-0.02563,-12.750,-0.00000,-17.80,+0.00000,1,+0.62749,+0.00000,0.00651,-4.042,0,212.3,0.0
10.7383,2,0,0.2164,0.2750,-0.05857,1,1,+0.40218,+0.36608,0.11125,245.90,1,-10.000,-0.02563,-12.750,-0.00000,-17.80,+0.00000,1,+0.62749,+0.00000,0.00651,-4.042,0,212.3,0.0
10.7441,2,0,0.2164,0.2750,-0.05857,1,1,+0.40218,+0.36608,0.11125,245.90,1,-10.000,-0.02561,-12.750,-0.00000,-17.80,+0.00000,1,+0.62749,+0.00000,0.00651,-4.046,0,212.3,0.0
10.7487,2,0,0.2164,0.2750,-0.05857,1,1,+0.40218,+0.36608,0.11125,245.90,1,-10.000,-0.02562,-12.750,-0.00000,-17.80,+0.00000,1,+0.62749,+0.00000,0.00651,-4.044,0,212.3,0.0
10.7532,2,0,0.2164,0.2750,-0.05857,1,1,+0.40218,+0.36608,0.11125,245.90,1,-10.000,-0.02562,-12.750,-0.00000,-17.80,+0.00000,1,+0.62749,+0.00000,0.00651,-4.044,0,212.3,0.0
10.7577,2,0,0.2164,0.2750,-0.05857,1,1,+0.40218,+0.36608,0.11125,245.90,1,-10.000,-0.02565,-12.750,-0.00000,-17.80,+0.00000,1,+0.62749,+0.00000,0.00651,-4.037,0,212.3,0.0
10.7623,2,0,0.2164,0.2750,-0.05857,1,1,+0.40218,+0.36608,0.11125,245.90,1,-10.000,-0.02565,-12.750,-0.00000,-17.80,+0.00000,1,+0.62749,+0.00000,0.00651,-4.037,0,212.3,0.0
10.7671,2,0,0.2164,0.2750,-0.05857,1,1,+0.40218,+0.36608,0.11125,245.90,1,-10.000,-0.02563,-12.750,-0.00000,-17.80,+0.00000,1,+0.62749,+0.00000,0.00651,-4.041,0,212.3,0.0
10.7724,2,0,0.2164,0.2750,-0.05857,1,1,+0.40218,+0.36608,0.11125,245.90,1,-10.000,-0.02563,-12.750,-0.00000,-17.80,+0.00000,1,+0.62749,+0.00000,0.00651,-4.041,0,212.3,0.0
10.7775,2,0,0.2164,0.2750,-0.05857,1,1,+0.40218,+0.36608,0.11125,245.90,1,-10.000,-0.02566,-12.750,-0.00000,-17.80,+0.00000,1,+0.62749,+0.00000,0.00651,-4.035,0,212.3,0.0
10.7822,2,0,0.2164,0.2750,-0.05857,1,1,+0.40218,+0.36608,0.11125,245.90,1,-10.000,-0.02566,-12.751,-0.00000,-17.80,+0.00000,1,+0.62749,+0.00000,0.00651,-4.034,0,212.3,0.0
10.7868,2,0,0.2164,0.2750,-0.05857,1,1,+0.40218,+0.36608,0.11125,245.90,1,-10.000,-0.02566,-12.751,-0.00000,-17.80,+0.00000,1,+0.62749,+0.00000,0.00651,-4.034,0,212.3,0.0
10.7918,2,0,0.2164,0.2750,-0.05857,1,1,+0.40218,+0.36608,0.11125,245.90,1,-10.000,-0.02564,-12.751,-0.00000,-17.80,+0.00000,1,+0.62749,+0.00000,0.00651,-4.040,0,212.3,0.0
10.7961,2,0,0.2164,0.2750,-0.05857,1,1,+0.40218,+0.36608,0.11125,245.90,1,-10.000,-0.02564,-12.751,-0.00000,-17.80,+0.00000,1,+0.62749,+0.00000,0.00651,-4.040,0,212.3,0.0
10.8004,2,0,0.2164,0.2750,-0.05857,1,1,+0.40218,+0.36608,0.11125,245.90,1,-10.000,-0.02564,-12.751,-0.00000,-17.80,+0.00000,1,+0.62749,+0.00000,0.00651,-4.039,0,212.3,0.0
10.8047,2,0,0.2164,0.2750,-0.05857,1,1,+0.40218,+0.36608,0.11125,245.90,1,-10.000,-0.02564,-12.751,-0.00000,-17.80,+0.00000,1,+0.62749,+0.00000,0.00651,-4.039,0,212.3,0.0
10.8093,2,0,0.2164,0.2750,-0.05857,1,1,+0.40218,+0.36608,0.11125,245.90,1,-10.000,-0.02566,-12.751,-0.00000,-17.80,+0.00000,1,+0.62749,+0.00000,0.00651,-4.034,0,212.3,0.0
10.8140,2,0,0.2164,0.2750,-0.05857,1,1,+0.40218,+0.36608,0.11125,245.90,1,-10.000,-0.02566,-12.751,-0.00000,-17.80,+0.00000,1,+0.62749,+0.00000,0.00651,-4.034,0,212.3,0.0
10.8185,2,0,0.2164,0.2750,-0.05857,1,1,+0.40218,+0.36608,0.11125,245.90,1,-10.000,-0.02566,-12.751,-0.00000,-17.80,+0.00000,1,+0.62749,+0.00000,0.00651,-4.034,0,212.3,0.0
10.8230,2,0,0.2164,0.2750,-0.05857,1,1,+0.40218,+0.36608,0.11125,245.90,1,-10.000,-0.02566,-12.751,-0.00000,-17.80,+0.00000,1,+0.62749,+0.00000,0.00651,-4.034,0,212.3,0.0
10.8275,2,0,0.2164,0.2750,-0.05857,1,1,+0.40218,+0.36608,0.11125,245.90,1,-10.000,-0.02564,-12.751,-0.00000,-17.80,+0.00000,1,+0.62749,+0.00000,0.00651,-4.040,0,212.3,0.0
10.8319,2,0,0.2164,0.2750,-0.05857,1,1,+0.40218,+0.36608,0.11125,245.90,1,-10.000,-0.02564,-12.751,-0.00000,-17.80,+0.00000,1,+0.62749,+0.00000,0.00651,-4.040,0,212.3,0.0
10.8366,2,0,0.2164,0.2750,-0.05857,1,1,+0.40218,+0.36608,0.11125,245.90,1,-10.000,-0.02564,-12.751,-0.00000,-17.80,+0.00000,1,+0.62749,+0.00000,0.00651,-4.040,0,212.3,0.0
10.8412,2,0,0.2164,0.2750,-0.05857,1,1,+0.40218,+0.36608,0.11125,245.90,1,-10.000,-0.02564,-12.751,-0.00000,-17.80,+0.00000,1,+0.62749,+0.00000,0.00651,-4.040,0,212.3,0.0
10.8454,2,0,0.2164,0.2750,-0.05857,1,1,+0.40218,+0.36608,0.11125,245.90,1,-10.000,-0.02565,-12.751,-0.00000,-17.80,+0.00000,1,+0.62749,+0.00000,0.00651,-4.038,0,212.3,0.0
10.8496,2,0,0.2164,0.2750,-0.05857,1,1,+0.40218,+0.36608,0.11125,245.90,1,-10.000,-0.02565,-12.751,-0.00000,-17.80,+0.00000,1,+0.62749,+0.00000,0.00651,-4.038,0,212.3,0.0
10.8540,2,0,0.2164,0.2750,-0.05857,1,1,+0.40218,+0.36608,0.11125,245.90,1,-10.000,-0.02567,-12.752,-0.00000,-17.80,+0.00000,1,+0.62749,+0.00000,0.00651,-4.032,0,212.3,0.0
10.8585,2,0,0.2164,0.2750,-0.05857,1,1,+0.40218,+0.36608,0.11125,245.90,1,-10.000,-0.02567,-12.752,-0.00000,-17.80,+0.00000,1,+0.62749,+0.00000,0.00651,-4.032,0,212.3,0.0
10.8630,2,0,0.2164,0.2750,-0.05857,1,1,+0.40218,+0.36608,0.11125,245.90,1,-10.000,-0.02563,-12.752,-0.00000,-17.80,+0.00000,1,+0.62749,+0.00000,0.00651,-4.041,0,212.3,0.0
10.8675,2,0,0.2164,0.2750,-0.05857,1,1,+0.40218,+0.36608,0.11125,245.90,1,-10.000,-0.02563,-12.752,-0.00000,-17.80,+0.00000,1,+0.62749,+0.00000,0.00651,-4.041,0,212.3,0.0
10.8718,2,0,0.2164,0.2750,-0.05857,1,1,+0.40218,+0.36608,0.11125,245.90,1,-10.000,-0.02565,-12.752,-0.00000,-17.80,+0.00000,1,+0.62749,+0.00000,0.00651,-4.037,0,212.3,0.0
10.8767,2,0,0.2164,0.2750,-0.05857,1,1,+0.40218,+0.36608,0.11125,245.90,1,-10.000,-0.02565,-12.752,-0.00000,-17.80,+0.00000,1,+0.62749,+0.00000,0.00651,-4.037,0,212.3,0.0
10.8810,2,0,0.2164,0.2750,-0.05857,1,1,+0.40218,+0.36608,0.11125,245.90,1,-10.000,-0.02563,-12.752,-0.00000,-17.80,+0.00000,1,+0.62749,+0.00000,0.00651,-4.042,0,212.3,0.0
10.8856,2,0,0.2164,0.2750,-0.05857,1,1,+0.40218,+0.36608,0.11125,245.90,1,-10.000,-0.02563,-12.752,-0.00000,-17.80,+0.00000,1,+0.62749,+0.00000,0.00651,-4.042,0,212.3,0.0
10.8904,2,0,0.2164,0.2750,-0.05857,1,1,+0.40218,+0.36608,0.11125,245.90,1,-10.000,-0.02566,-12.752,-0.00000,-17.80,+0.00000,1,+0.62749,+0.00000,0.00651,-4.035,0,212.3,0.0
10.8948,2,0,0.2164,0.2750,-0.05857,1,1,+0.40218,+0.36608,0.11125,245.90,1,-10.000,-0.02566,-12.752,-0.00000,-17.80,+0.00000,1,+0.62749,+0.00000,0.00651,-4.035,0,212.3,0.0
10.8997,2,0,0.2164,0.2750,-0.05857,1,1,+0.40218,+0.36608,0.11125,245.90,1,-10.000,-0.02565,-12.752,-0.00000,-17.80,+0.00000,1,+0.62749,+0.00000,0.00651,-4.036,0,212.3,0.0
10.9043,2,0,0.2164,0.2750,-0.05857,1,1,+0.40218,+0.36608,0.11125,245.90,1,-10.000,-0.02565,-12.752,-0.00000,-17.80,+0.00000,1,+0.62749,+0.00000,0.00651,-4.036,0,212.3,0.0
10.9108,2,0,0.2164,0.2750,-0.05857,1,1,+0.40218,+0.36608,0.11125,245.90,1,-10.000,-0.02566,-12.752,-0.00000,-17.80,+0.00000,1,+0.62749,+0.00000,0.00651,-4.034,0,212.3,0.0
10.9156,2,0,0.2164,0.2750,-0.05857,1,1,+0.40218,+0.36608,0.11125,245.90,1,-10.000,-0.02567,-12.752,-0.00000,-17.80,+0.00000,1,+0.62749,+0.00000,0.00651,-4.032,0,212.3,0.0
10.9200,2,0,0.2164,0.2750,-0.05857,1,1,+0.40218,+0.36608,0.11125,245.90,1,-10.000,-0.02567,-12.752,-0.00000,-17.80,+0.00000,1,+0.62749,+0.00000,0.00651,-4.032,0,212.3,0.0
10.9250,2,0,0.2164,0.2750,-0.05857,1,1,+0.40218,+0.36608,0.11125,245.90,1,-10.000,-0.02568,-12.752,-0.00000,-17.80,+0.00000,1,+0.62749,+0.00000,0.00651,-4.029,0,212.3,0.0
10.9300,2,0,0.2164,0.2750,-0.05857,1,1,+0.40218,+0.36608,0.11125,245.90,1,-10.000,-0.02571,-12.752,-0.00000,-17.80,+0.00000,1,+0.62749,+0.00000,0.00651,-4.023,0,212.3,0.0
10.9346,2,0,0.2164,0.2750,-0.05857,1,1,+0.40218,+0.36608,0.11125,245.90,1,-10.000,-0.02571,-12.752,-0.00000,-17.80,+0.00000,1,+0.62749,+0.00000,0.00651,-4.023,0,212.3,0.0
10.9397,2,0,0.2164,0.2750,-0.05857,1,1,+0.40218,+0.36608,0.11125,245.90,1,-10.000,-0.02569,-12.752,-0.00000,-17.80,+0.00000,1,+0.62749,+0.00000,0.00651,-4.028,0,212.3,0.0
10.9443,2,0,0.2164,0.2750,-0.05857,1,1,+0.40218,+0.36608,0.11125,245.90,1,-10.000,-0.02569,-12.752,-0.00000,-17.80,+0.00000,1,+0.62749,+0.00000,0.00651,-4.028,0,212.3,0.0
10.9487,2,0,0.2164,0.2750,-0.05857,1,1,+0.40218,+0.36608,0.11125,245.90,1,-10.000,-0.02568,-12.753,-0.00000,-17.80,+0.00000,1,+0.62749,+0.00000,0.00651,-4.030,0,212.3,0.0
10.9534,2,0,0.2164,0.2750,-0.05857,1,1,+0.40218,+0.36608,0.11125,245.90,1,-10.000,-0.02568,-12.753,-0.00000,-17.80,+0.00000,1,+0.62749,+0.00000,0.00651,-4.030,0,212.3,0.0
10.9581,2,0,0.2164,0.2750,-0.05857,1,1,+0.40218,+0.36608,0.11125,245.90,1,-10.000,-0.02571,-12.753,-0.00000,-17.80,+0.00000,1,+0.62749,+0.00000,0.00651,-4.024,0,212.3,0.0
10.9628,2,0,0.2164,0.2750,-0.05857,1,1,+0.40218,+0.36608,0.11125,245.90,1,-10.000,-0.02571,-12.753,-0.00000,-17.80,+0.00000,1,+0.62749,+0.00000,0.00651,-4.024,0,212.3,0.0
10.9671,2,0,0.2164,0.2750,-0.05857,1,1,+0.40218,+0.36608,0.11125,245.90,1,-10.000,-0.02569,-12.753,-0.00000,-17.80,+0.00000,1,+0.62749,+0.00000,0.00651,-4.029,0,212.3,0.0
10.9727,2,0,0.2164,0.2750,-0.05857,1,1,+0.40218,+0.36608,0.11125,245.90,1,-10.000,-0.02569,-12.753,-0.00000,-17.80,+0.00000,1,+0.62749,+0.00000,0.00651,-4.029,0,212.3,0.0
10.9775,2,0,0.2164,0.2750,-0.05857,1,1,+0.40218,+0.36608,0.11125,245.90,1,-10.000,-0.02571,-12.753,-0.00000,-17.80,+0.00000,1,+0.62749,+0.00000,0.00651,-4.023,0,212.3,0.0
10.9824,2,0,0.2164,0.2750,-0.05857,1,1,+0.40218,+0.36608,0.11125,245.90,1,-10.000,-0.02572,-12.753,-0.00000,-17.80,+0.00000,1,+0.62749,+0.00000,0.00651,-4.022,0,212.3,0.0
10.9870,2,0,0.2164,0.2750,-0.05857,1,1,+0.40218,+0.36608,0.11125,245.90,1,-10.000,-0.02572,-12.753,-0.00000,-17.80,+0.00000,1,+0.62749,+0.00000,0.00651,-4.022,0,212.3,0.0
10.9916,2,0,0.2164,0.2750,-0.05857,1,1,+0.40218,+0.36608,0.11125,245.90,1,-10.000,-0.02572,-12.753,-0.00000,-17.80,+0.00000,1,+0.62749,+0.00000,0.00651,-4.022,0,212.3,0.0
10.9960,2,0,0.2164,0.2750,-0.05857,1,1,+0.40218,+0.36608,0.11125,245.90,1,-10.000,-0.02567,-12.753,-0.00000,-17.80,+0.00000,1,+0.62749,+0.00000,0.00651,-4.032,0,212.3,0.0
11.0003,2,0,0.2164,0.2750,-0.05857,1,1,+0.40218,+0.36608,0.11125,245.90,1,-10.000,-0.02567,-12.753,-0.00000,-17.80,+0.00000,1,+0.62749,+0.00000,0.00651,-4.032,0,212.3,0.0
11.0053,2,0,0.2164,0.2750,-0.05857,1,1,+0.40218,+0.36608,0.11125,245.90,1,-10.000,-0.02569,-12.753,-0.00000,-17.80,+0.00000,1,+0.62749,+0.00000,0.00651,-4.027,0,212.3,0.0
11.0101,2,0,0.2164,0.2750,-0.05857,1,1,+0.40218,+0.36608,0.11125,245.90,1,-10.000,-0.02569,-12.753,-0.00000,-17.80,+0.00000,1,+0.62749,+0.00000,0.00651,-4.027,0,212.3,0.0
11.0149,2,0,0.2164,0.2750,-0.05857,1,1,+0.40218,+0.36608,0.11125,245.90,1,-10.000,-0.02569,-12.753,-0.00000,-17.80,+0.00000,1,+0.62749,+0.00000,0.00651,-4.028,0,212.3,0.0
11.0194,2,0,0.2164,0.2750,-0.05857,1,1,+0.40218,+0.36608,0.11125,245.90,1,-10.000,-0.02570,-12.753,-0.00000,-17.80,+0.00000,1,+0.62749,+0.00000,0.00651,-4.026,0,212.3,0.0
11.0239,2,0,0.2164,0.2750,-0.05857,1,1,+0.40218,+0.36608,0.11125,245.90,1,-10.000,-0.02570,-12.753,-0.00000,-17.80,+0.00000,1,+0.62749,+0.00000,0.00651,-4.026,0,212.3,0.0
11.0286,2,0,0.2164,0.2750,-0.05857,1,1,+0.40218,+0.36608,0.11125,245.90,1,-10.000,-0.02571,-12.753,-0.00000,-17.80,+0.00000,1,+0.62749,+0.00000,0.00651,-4.023,0,212.3,0.0
11.0331,2,0,0.2164,0.2750,-0.05857,1,1,+0.40218,+0.36608,0.11125,245.90,1,-10.000,-0.02571,-12.753,-0.00000,-17.80,+0.00000,1,+0.62749,+0.00000,0.00651,-4.023,0,212.3,0.0
11.0388,2,0,0.2164,0.2750,-0.05857,1,1,+0.40218,+0.36608,0.11125,245.90,1,-10.000,-0.02575,-12.753,-0.00000,-17.80,+0.00000,1,+0.62749,+0.00000,0.00651,-4.015,0,212.3,0.0
11.0434,2,0,0.2164,0.2750,-0.05857,1,1,+0.40218,+0.36608,0.11125,245.90,1,-10.000,-0.02575,-12.753,-0.00000,-17.80,+0.00000,1,+0.62749,+0.00000,0.00651,-4.015,0,212.3,0.0
11.0479,2,0,0.2164,0.2750,-0.05857,1,1,+0.40218,+0.36608,0.11125,245.90,1,-10.000,-0.02571,-12.753,-0.00000,-17.80,+0.00000,1,+0.62749,+0.00000,0.00651,-4.022,0,212.3,0.0
11.0525,2,0,0.2164,0.2750,-0.05857,1,1,+0.40218,+0.36608,0.11125,245.90,1,-10.000,-0.02576,-12.753,-0.00000,-17.80,+0.00000,1,+0.62749,+0.00000,0.00651,-4.012,0,212.3,0.0
11.0571,2,0,0.2164,0.2750,-0.05857,1,1,+0.40218,+0.36608,0.11125,245.90,1,-10.000,-0.02576,-12.753,-0.00000,-17.80,+0.00000,1,+0.62749,+0.00000,0.00651,-4.012,0,212.3,0.0
11.0616,2,0,0.2164,0.2750,-0.05857,1,1,+0.40218,+0.36608,0.11125,245.90,1,-10.000,-0.02574,-12.753,-0.00000,-17.80,+0.00000,1,+0.62749,+0.00000,0.00651,-4.016,0,212.3,0.0
11.0661,2,0,0.2164,0.2750,-0.05857,1,1,+0.40218,+0.36608,0.11125,245.90,1,-10.000,-0.02574,-12.753,-0.00000,-17.80,+0.00000,1,+0.62749,+0.00000,0.00651,-4.016,0,212.3,0.0
11.0706,2,0,0.2164,0.2750,-0.05857,1,1,+0.40218,+0.36608,0.11125,245.90,1,-10.000,-0.02575,-12.753,-0.00000,-17.80,+0.00000,1,+0.62749,+0.00000,0.00651,-4.015,0,212.3,0.0
11.0751,2,0,0.2164,0.2750,-0.05857,1,1,+0.40218,+0.36608,0.11125,245.90,1,-10.000,-0.02575,-12.753,-0.00000,-17.80,+0.00000,1,+0.62749,+0.00000,0.00651,-4.015,0,212.3,0.0
11.0797,2,0,0.2164,0.2750,-0.05857,1,1,+0.40218,+0.36608,0.11125,245.90,1,-10.000,-0.02577,-12.753,-0.00000,-17.80,+0.00000,1,+0.62749,+0.00000,0.00651,-4.010,0,212.3,0.0
11.0844,2,0,0.2164,0.2750,-0.05857,1,1,+0.40218,+0.36608,0.11125,245.90,1,-10.000,-0.02580,-12.753,-0.00000,-17.80,+0.00000,1,+0.62749,+0.00000,0.00651,-4.003,0,212.3,0.0
11.0890,2,0,0.2164,0.2750,-0.05857,1,1,+0.40218,+0.36608,0.11125,245.90,1,-10.000,-0.02580,-12.753,-0.00000,-17.80,+0.00000,1,+0.62749,+0.00000,0.00651,-4.003,0,212.3,0.0
11.0937,2,0,0.2164,0.2750,-0.05857,1,1,+0.40218,+0.36608,0.11125,245.90,1,-10.000,-0.02578,-12.754,-0.00000,-17.80,+0.00000,1,+0.62749,+0.00000,0.00651,-4.006,0,212.3,0.0
11.0983,2,0,0.2164,0.2750,-0.05857,1,1,+0.40218,+0.36608,0.11125,245.90,1,-10.000,-0.02578,-12.754,-0.00000,-17.80,+0.00000,1,+0.62749,+0.00000,0.00651,-4.006,0,212.3,0.0
11.1040,2,0,0.2164,0.2750,-0.05857,1,1,+0.40218,+0.36608,0.11125,245.90,1,-10.000,-0.02575,-12.754,-0.00000,-17.80,+0.00000,1,+0.62749,+0.00000,0.00651,-4.014,0,212.3,0.0
11.1084,2,0,0.2164,0.2750,-0.05857,1,1,+0.40218,+0.36608,0.11125,245.90,1,-10.000,-0.02575,-12.754,-0.00000,-17.80,+0.00000,1,+0.62749,+0.00000,0.00651,-4.014,0,212.3,0.0
11.1130,2,0,0.2164,0.2750,-0.05857,1,1,+0.40218,+0.36608,0.11125,245.90,1,-10.000,-0.02575,-12.754,-0.00000,-17.80,+0.00000,1,+0.62749,+0.00000,0.00651,-4.014,0,212.3,0.0
11.1176,2,0,0.2164,0.2750,-0.05857,1,1,+0.40218,+0.36608,0.11125,245.90,1,-10.000,-0.02570,-12.754,-0.00000,-17.80,+0.00000,1,+0.62749,+0.00000,0.00651,-4.026,0,212.3,0.0
11.1225,2,0,0.2164,0.2750,-0.05857,1,1,+0.40218,+0.36608,0.11125,245.90,1,-10.000,-0.02572,-12.754,-0.00000,-17.80,+0.00000,1,+0.62749,+0.00000,0.00651,-4.022,0,212.3,0.0
11.1270,2,0,0.2164,0.2750,-0.05857,1,1,+0.40218,+0.36608,0.11125,245.90,1,-10.000,-0.02572,-12.754,-0.00000,-17.80,+0.00000,1,+0.62749,+0.00000,0.00651,-4.022,0,212.3,0.0
11.1319,2,0,0.2164,0.2750,-0.05857,1,1,+0.40218,+0.36608,0.11125,245.90,1,-10.000,-0.02572,-12.754,-0.00000,-17.80,+0.00000,1,+0.62749,+0.00000,0.00651,-4.022,0,212.3,0.0
11.1366,2,0,0.2164,0.2750,-0.05857,1,1,+0.40218,+0.36608,0.11125,245.90,1,-10.000,-0.02570,-12.754,-0.00000,-17.80,+0.00000,1,+0.62749,+0.00000,0.00651,-4.025,0,212.3,0.0
11.1411,2,0,0.2164,0.2750,-0.05857,1,1,+0.40218,+0.36608,0.11125,245.90,1,-10.000,-0.02569,-12.754,-0.00000,-17.80,+0.00000,1,+0.62749,+0.00000,0.00651,-4.027,0,212.3,0.0
11.1460,2,0,0.2164,0.2750,-0.05857,1,1,+0.40218,+0.36608,0.11125,245.90,1,-10.000,-0.02569,-12.754,-0.00000,-17.80,+0.00000,1,+0.62749,+0.00000,0.00651,-4.027,0,202.9,0.0
11.1512,2,0,0.2164,0.2750,-0.05857,1,1,+0.40218,+0.36608,0.11125,245.90,1,-10.000,-0.02574,-12.754,-0.00000,-17.80,+0.00000,1,+0.62749,+0.00000,0.00651,-4.016,0,202.9,0.0
11.1564,2,0,0.2164,0.2750,-0.05857,1,1,+0.40218,+0.36608,0.11125,245.90,1,-10.000,-0.02574,-12.754,-0.00000,-17.80,+0.00000,1,+0.62749,+0.00000,0.00651,-4.016,0,202.9,0.0
11.1612,2,0,0.2164,0.2750,-0.05857,1,1,+0.40218,+0.36608,0.11125,245.90,1,-10.000,-0.02572,-12.754,-0.00000,-17.80,+0.00000,1,+0.62749,+0.00000,0.00651,-4.020,0,202.9,0.0
11.1657,2,0,0.2164,0.2750,-0.05857,1,1,+0.40218,+0.36608,0.11125,245.90,1,-10.000,-0.02572,-12.754,-0.00000,-17.80,+0.00000,1,+0.62749,+0.00000,0.00651,-4.020,0,202.9,0.0
11.1702,2,0,0.2164,0.2750,-0.05857,1,1,+0.40218,+0.36608,0.11125,245.90,1,-10.000,-0.02572,-12.754,-0.00000,-17.80,+0.00000,1,+0.62749,+0.00000,0.00651,-4.022,0,202.9,0.0
11.1748,2,0,0.2164,0.2750,-0.05857,1,1,+0.40218,+0.36608,0.11125,245.90,1,-10.000,-0.02572,-12.754,-0.00000,-17.80,+0.00000,1,+0.62749,+0.00000,0.00651,-4.022,0,202.9,0.0
11.1792,2,0,0.2164,0.2750,-0.05857,1,1,+0.40218,+0.36608,0.11125,245.90,1,-10.000,-0.02571,-12.754,-0.00000,-17.80,+0.00000,1,+0.62749,+0.00000,0.00651,-4.023,0,202.9,0.0
11.1837,2,0,0.2164,0.2750,-0.05857,1,1,+0.40218,+0.36608,0.11125,245.90,1,-10.000,-0.02572,-12.754,-0.00000,-17.80,+0.00000,1,+0.62749,+0.00000,0.00651,-4.020,0,202.9,0.0
11.1883,2,0,0.2164,0.2750,-0.05857,1,1,+0.40218,+0.36608,0.11125,245.90,1,-10.000,-0.02572,-12.754,-0.00000,-17.80,+0.00000,1,+0.62749,+0.00000,0.00651,-4.020,0,202.9,0.0
11.1930,2,0,0.2164,0.2750,-0.05857,1,1,+0.40218,+0.36608,0.11125,245.90,1,-10.000,-0.02572,-12.754,-0.00000,-17.80,+0.00000,1,+0.62749,+0.00000,0.00651,-4.021,0,202.9,0.0
11.1974,2,0,0.2164,0.2750,-0.05857,1,1,+0.40218,+0.36608,0.11125,245.90,1,-10.000,-0.02572,-12.754,-0.00000,-17.80,+0.00000,1,+0.62749,+0.00000,0.00651,-4.021,0,202.9,0.0
11.2017,2,0,0.2164,0.2750,-0.05857,1,1,+0.40218,+0.36608,0.11125,245.90,1,-10.000,-0.02572,-12.754,-0.00000,-17.80,+0.00000,1,+0.62749,+0.00000,0.00651,-4.021,0,202.9,0.0
11.2060,2,0,0.2164,0.2750,-0.05857,1,1,+0.40218,+0.36608,0.11125,245.90,1,-10.000,-0.02570,-12.755,-0.00000,-17.80,+0.00000,1,+0.62749,+0.00000,0.00651,-4.026,0,202.9,0.0
11.2112,2,0,0.2164,0.2750,-0.05857,1,1,+0.40218,+0.36608,0.11125,245.90,1,-10.000,-0.02570,-12.755,-0.00000,-17.80,+0.00000,1,+0.62749,+0.00000,0.00651,-4.026,0,202.9,0.0
11.2158,2,0,0.2164,0.2750,-0.05857,1,1,+0.40218,+0.36608,0.11125,245.90,1,-10.000,-0.02570,-12.755,-0.00000,-17.80,+0.00000,1,+0.62749,+0.00000,0.00651,-4.026,0,202.9,0.0
11.2204,2,0,0.2164,0.2750,-0.05857,1,1,+0.40218,+0.36608,0.11125,245.90,1,-10.000,-0.02574,-12.755,-0.00000,-17.80,+0.00000,1,+0.62749,+0.00000,0.00651,-4.016,0,202.9,0.0
11.2250,2,0,0.2164,0.2750,-0.05857,1,1,+0.40218,+0.36608,0.11125,245.90,1,-10.000,-0.02574,-12.755,-0.00000,-17.80,+0.00000,1,+0.62749,+0.00000,0.00651,-4.016,0,202.9,0.0
11.2295,2,0,0.2164,0.2750,-0.05857,1,1,+0.40218,+0.36608,0.11125,245.90,1,-10.000,-0.02569,-12.755,-0.00000,-17.80,+0.00000,1,+0.62749,+0.00000,0.00651,-4.027,0,202.9,0.0
11.2338,2,0,0.2164,0.2750,-0.05857,1,1,+0.40218,+0.36608,0.11125,245.90,1,-10.000,-0.02569,-12.755,-0.00000,-17.80,+0.00000,1,+0.62749,+0.00000,0.00651,-4.027,0,202.9,0.0
11.2383,2,0,0.2164,0.2750,-0.05857,1,1,+0.40218,+0.36608,0.11125,245.90,1,-10.000,-0.02572,-12.755,-0.00000,-17.80,+0.00000,1,+0.62749,+0.00000,0.00651,-4.021,0,202.9,0.0
11.2429,2,0,0.2164,0.2750,-0.05857,1,1,+0.40218,+0.36608,0.11125,245.90,1,-10.000,-0.02572,-12.755,-0.00000,-17.80,+0.00000,1,+0.62749,+0.00000,0.00651,-4.021,0,202.9,0.0
11.2475,2,0,0.2164,0.2750,-0.05857,1,1,+0.40218,+0.36608,0.11125,245.90,1,-10.000,-0.02575,-12.755,-0.00000,-17.80,+0.00000,1,+0.62749,+0.00000,0.00651,-4.014,0,202.9,0.0
11.2521,2,0,0.2164,0.2750,-0.05857,1,1,+0.40218,+0.36608,0.11125,245.90,1,-10.000,-0.02575,-12.755,-0.00000,-17.80,+0.00000,1,+0.62749,+0.00000,0.00651,-4.014,0,202.9,0.0
11.2568,2,0,0.2164,0.2750,-0.05857,1,1,+0.40218,+0.36608,0.11125,245.90,1,-10.000,-0.02573,-12.755,-0.00000,-17.80,+0.00000,1,+0.62749,+0.00000,0.00651,-4.018,0,202.9,0.0
11.2611,2,0,0.2164,0.2750,-0.05857,1,1,+0.40218,+0.36608,0.11125,245.90,1,-10.000,-0.02573,-12.755,-0.00000,-17.80,+0.00000,1,+0.62749,+0.00000,0.00651,-4.018,0,202.9,0.0
11.2657,2,0,0.2164,0.2750,-0.05857,1,1,+0.40218,+0.36608,0.11125,245.90,1,-10.000,-0.02575,-12.755,-0.00000,-17.80,+0.00000,1,+0.62749,+0.00000,0.00651,-4.015,0,202.9,0.0
11.2706,2,0,0.2164,0.2750,-0.05857,1,1,+0.40218,+0.36608,0.11125,245.90,1,-10.000,-0.02575,-12.755,-0.00000,-17.80,+0.00000,1,+0.62749,+0.00000,0.00651,-4.015,0,202.9,0.0
11.2753,2,0,0.2164,0.2750,-0.05857,1,1,+0.40218,+0.36608,0.11125,245.90,1,-10.000,-0.02569,-12.755,-0.00000,-17.80,+0.00000,1,+0.62749,+0.00000,0.00651,-4.027,0,202.9,0.0
11.2802,2,0,0.2164,0.2750,-0.05857,1,1,+0.40218,+0.36608,0.11125,245.90,1,-10.000,-0.02569,-12.755,-0.00000,-17.80,+0.00000,1,+0.62749,+0.00000,0.00651,-4.027,0,202.9,0.0
11.2847,2,0,0.2164,0.2750,-0.05857,1,1,+0.40218,+0.36608,0.11125,245.90,1,-10.000,-0.02570,-12.755,-0.00000,-17.80,+0.00000,1,+0.62749,+0.00000,0.00651,-4.027,0,202.9,0.0
11.2891,2,0,0.2164,0.2750,-0.05857,1,1,+0.40218,+0.36608,0.11125,245.90,1,-10.000,-0.02570,-12.755,-0.00000,-17.80,+0.00000,1,+0.62749,+0.00000,0.00651,-4.027,0,202.9,0.0
11.2935,2,0,0.2164,0.2750,-0.05857,1,1,+0.40218,+0.36608,0.11125,245.90,1,-10.000,-0.02571,-12.755,-0.00000,-17.80,+0.00000,1,+0.62749,+0.00000,0.00651,-4.024,0,202.9,0.0
11.2981,2,0,0.2164,0.2750,-0.05857,1,1,+0.40218,+0.36608,0.11125,245.90,1,-10.000,-0.02571,-12.755,-0.00000,-17.80,+0.00000,1,+0.62749,+0.00000,0.00651,-4.024,0,202.9,0.0
11.3024,2,0,0.2164,0.2750,-0.05857,1,1,+0.40218,+0.36608,0.11125,245.90,1,-10.000,-0.02570,-12.755,-0.00000,-17.80,+0.00000,1,+0.62749,+0.00000,0.00651,-4.025,0,202.9,0.0
11.3070,2,0,0.2164,0.2750,-0.05857,1,1,+0.40218,+0.36608,0.11125,245.90,1,-10.000,-0.02570,-12.755,-0.00000,-17.80,+0.00000,1,+0.62749,+0.00000,0.00651,-4.025,0,202.9,0.0
11.3115,2,0,0.2164,0.2750,-0.05857,1,1,+0.40218,+0.36608,0.11125,245.90,1,-10.000,-0.02569,-12.755,-0.00000,-17.80,+0.00000,1,+0.62749,+0.00000,0.00651,-4.028,0,202.9,0.0
11.3158,2,0,0.2164,0.2750,-0.05857,1,1,+0.40218,+0.36608,0.11125,245.90,1,-10.000,-0.02572,-12.755,-0.00000,-17.80,+0.00000,1,+0.62749,+0.00000,0.00651,-4.021,0,202.9,0.0
11.3202,2,0,0.2164,0.2750,-0.05857,1,1,+0.40218,+0.36608,0.11125,245.90,1,-10.000,-0.02572,-12.755,-0.00000,-17.80,+0.00000,1,+0.62749,+0.00000,0.00651,-4.021,0,202.9,0.0
11.3249,2,0,0.2164,0.2750,-0.05857,1,1,+0.40218,+0.36608,0.11125,245.90,1,-10.000,-0.02572,-12.755,-0.00000,-17.80,+0.00000,1,+0.62749,+0.00000,0.00651,-4.021,0,202.9,0.0
11.3300,2,0,0.2164,0.2750,-0.05857,1,1,+0.40218,+0.36608,0.11125,245.90,1,-10.000,-0.02570,-12.755,-0.00000,-17.80,+0.00000,1,+0.62749,+0.00000,0.00651,-4.026,0,202.9,0.0
11.3342,2,0,0.2164,0.2750,-0.05857,1,1,+0.40218,+0.36608,0.11125,245.90,1,-10.000,-0.02571,-12.755,-0.00000,-17.80,+0.00000,1,+0.62749,+0.00000,0.00651,-4.022,0,202.9,0.0
11.3386,2,0,0.2164,0.2750,-0.05857,1,1,+0.40218,+0.36608,0.11125,245.90,1,-10.000,-0.02571,-12.755,-0.00000,-17.80,+0.00000,1,+0.62749,+0.00000,0.00651,-4.022,0,202.9,0.0
11.3432,2,0,0.2164,0.2750,-0.05857,1,1,+0.40218,+0.36608,0.11125,245.90,1,-10.000,-0.02570,-12.755,-0.00000,-17.80,+0.00000,1,+0.62749,+0.00000,0.00651,-4.025,0,202.9,0.0
11.3477,2,0,0.2164,0.2750,-0.05857,1,1,+0.40218,+0.36608,0.11125,245.90,1,-10.000,-0.02570,-12.755,-0.00000,-17.80,+0.00000,1,+0.62749,+0.00000,0.00651,-4.025,0,202.9,0.0
11.3520,2,0,0.2164,0.2750,-0.05857,1,1,+0.40218,+0.36608,0.11125,245.90,1,-10.000,-0.02570,-12.755,-0.00000,-17.80,+0.00000,1,+0.62749,+0.00000,0.00651,-4.025,0,202.9,0.0
11.3567,2,0,0.2164,0.2750,-0.05857,1,1,+0.40218,+0.36608,0.11125,245.90,1,-10.000,-0.02566,-12.755,-0.00000,-17.80,+0.00000,1,+0.62749,+0.00000,0.00651,-4.034,0,202.9,0.0
11.3613,2,0,0.2164,0.2750,-0.05857,1,1,+0.40218,+0.36608,0.11125,245.90,1,-10.000,-0.02566,-12.755,-0.00000,-17.80,+0.00000,1,+0.62749,+0.00000,0.00651,-4.034,0,202.9,0.0
11.3661,2,0,0.2164,0.2750,-0.05857,1,1,+0.40218,+0.36608,0.11125,245.90,1,-10.000,-0.02565,-12.756,-0.00000,-17.80,+0.00000,1,+0.62749,+0.00000,0.00651,-4.037,0,202.9,0.0
11.3706,2,0,0.2164,0.2750,-0.05857,1,1,+0.40218,+0.36608,0.11125,245.90,1,-10.000,-0.02565,-12.756,-0.00000,-17.80,+0.00000,1,+0.62749,+0.00000,0.00651,-4.037,0,202.9,0.0
11.3752,2,0,0.2164,0.2750,-0.05857,1,1,+0.40218,+0.36608,0.11125,245.90,1,-10.000,-0.02567,-12.756,-0.00000,-17.80,+0.00000,1,+0.62749,+0.00000,0.00651,-4.033,0,202.9,0.0
11.3795,2,0,0.2164,0.2750,-0.05857,1,1,+0.40218,+0.36608,0.11125,245.90,1,-10.000,-0.02567,-12.756,-0.00000,-17.80,+0.00000,1,+0.62749,+0.00000,0.00651,-4.033,0,202.9,0.0
11.3847,2,0,0.2164,0.2750,-0.05857,1,1,+0.40218,+0.36608,0.11125,245.90,1,-10.000,-0.02566,-12.756,-0.00000,-17.80,+0.00000,1,+0.62749,+0.00000,0.00651,-4.035,0,202.9,0.0
11.3893,2,0,0.2164,0.2750,-0.05857,1,1,+0.40218,+0.36608,0.11125,245.90,1,-10.000,-0.02566,-12.756,-0.00000,-17.80,+0.00000,1,+0.62749,+0.00000,0.00651,-4.036,0,202.9,0.0
11.3939,2,0,0.2164,0.2750,-0.05857,1,1,+0.40218,+0.36608,0.11125,245.90,1,-10.000,-0.02566,-12.756,-0.00000,-17.80,+0.00000,1,+0.62749,+0.00000,0.00651,-4.036,0,202.9,0.0
11.3988,2,0,0.2164,0.2750,-0.05857,1,1,+0.40218,+0.36608,0.11125,245.90,1,-10.000,-0.02568,-12.756,-0.00000,-17.80,+0.00000,1,+0.62749,+0.00000,0.00651,-4.030,0,202.9,0.0
11.4033,2,0,0.2164,0.2750,-0.05857,1,1,+0.40218,+0.36608,0.11125,245.90,1,-10.000,-0.02568,-12.756,-0.00000,-17.80,+0.00000,1,+0.62749,+0.00000,0.00651,-4.030,0,202.9,0.0
11.4078,2,0,0.2164,0.2750,-0.05857,1,1,+0.40218,+0.36608,0.11125,245.90,1,-10.000,-0.02567,-12.756,-0.00000,-17.80,+0.00000,1,+0.62749,+0.00000,0.00651,-4.033,0,202.9,0.0
11.4124,2,0,0.2164,0.2750,-0.05857,1,1,+0.40218,+0.36608,0.11125,245.90,1,-10.000,-0.02567,-12.756,-0.00000,-17.80,+0.00000,1,+0.62749,+0.00000,0.00651,-4.033,0,202.9,0.0
11.4178,2,0,0.2164,0.2750,-0.05857,1,1,+0.40218,+0.36608,0.11125,245.90,1,-10.000,-0.02569,-12.756,-0.00000,-17.80,+0.00000,1,+0.62749,+0.00000,0.00651,-4.027,0,202.9,0.0
11.4266,2,0,0.2164,0.2750,-0.05857,1,1,+0.40218,+0.36608,0.11125,245.90,1,-10.000,-0.02569,-12.756,-0.00000,-17.80,+0.00000,1,+0.62749,+0.00000,0.00651,-4.027,0,202.9,0.0
11.4349,2,0,0.2164,0.2750,-0.05857,1,1,+0.40218,+0.36608,0.11125,245.90,1,-10.000,-0.02562,-12.756,-0.00000,-17.80,+0.00000,1,+0.62749,+0.00000,0.00651,-4.043,0,202.9,0.0
11.4393,2,0,0.2164,0.2750,-0.05857,1,1,+0.40218,+0.36608,0.11125,245.90,1,-10.000,-0.02562,-12.756,-0.00000,-17.80,+0.00000,1,+0.62749,+0.00000,0.00651,-4.043,0,202.9,0.0
11.4435,2,0,0.2164,0.2750,-0.05857,1,1,+0.40218,+0.36608,0.11125,245.90,1,-10.000,-0.02562,-12.756,-0.00000,-17.80,+0.00000,1,+0.62749,+0.00000,0.00651,-4.043,0,202.9,0.0
11.4481,2,0,0.2164,0.2750,-0.05857,1,1,+0.40218,+0.36608,0.11125,245.90,1,-10.000,-0.02561,-12.756,-0.00000,-17.80,+0.00000,1,+0.62749,+0.00000,0.00651,-4.045,0,202.9,0.0
11.4528,2,0,0.2164,0.2750,-0.05857,1,1,+0.40218,+0.36608,0.11125,245.90,1,-10.000,-0.02563,-12.756,-0.00000,-17.80,+0.00000,1,+0.62749,+0.00000,0.00651,-4.041,0,202.9,0.0
11.4574,2,0,0.2164,0.2750,-0.05857,1,1,+0.40218,+0.36608,0.11125,245.90,1,-10.000,-0.02563,-12.756,-0.00000,-17.80,+0.00000,1,+0.62749,+0.00000,0.00651,-4.041,0,202.9,0.0
11.4620,2,0,0.2164,0.2750,-0.05857,1,1,+0.40218,+0.36608,0.11125,245.90,1,-10.000,-0.02562,-12.756,-0.00000,-17.80,+0.00000,1,+0.62749,+0.00000,0.00651,-4.044,0,202.9,0.0
11.4664,2,0,0.2164,0.2750,-0.05857,1,1,+0.40218,+0.36608,0.11125,245.90,1,-10.000,-0.02562,-12.756,-0.00000,-17.80,+0.00000,1,+0.62749,+0.00000,0.00651,-4.044,0,202.9,0.0
11.4713,2,0,0.2164,0.2750,-0.05857,1,1,+0.40218,+0.36608,0.11125,245.90,1,-10.000,-0.02562,-12.756,-0.00000,-17.80,+0.00000,1,+0.62749,+0.00000,0.00651,-4.044,0,202.9,0.0
11.4764,2,0,0.2164,0.2750,-0.05857,1,1,+0.40218,+0.36608,0.11125,245.90,1,-10.000,-0.02559,-12.756,-0.00000,-17.80,+0.00000,1,+0.62749,+0.00000,0.00651,-4.051,0,202.9,0.0
11.4812,2,0,0.2164,0.2750,-0.05857,1,1,+0.40218,+0.36608,0.11125,245.90,1,-10.000,-0.02559,-12.756,-0.00000,-17.80,+0.00000,1,+0.62749,+0.00000,0.00651,-4.051,0,202.9,0.0
11.4857,2,0,0.2164,0.2750,-0.05857,1,1,+0.40218,+0.36608,0.11125,245.90,1,-10.000,-0.02555,-12.756,-0.00000,-17.80,+0.00000,1,+0.62749,+0.00000,0.00651,-4.060,0,202.9,0.0
11.4900,2,0,0.2164,0.2750,-0.05857,1,1,+0.40218,+0.36608,0.11125,245.90,1,-10.000,-0.02558,-12.756,-0.00000,-17.80,+0.00000,1,+0.62749,+0.00000,0.00651,-4.053,0,202.9,0.0
11.4947,2,0,0.2164,0.2750,-0.05857,1,1,+0.40218,+0.36608,0.11125,245.90,1,-10.000,-0.02558,-12.756,-0.00000,-17.80,+0.00000,1,+0.62749,+0.00000,0.00651,-4.053,0,202.9,0.0
11.4988,2,0,0.2164,0.2750,-0.05857,1,1,+0.40218,+0.36608,0.11125,245.90,1,-10.000,-0.02558,-12.756,-0.00000,-17.80,+0.00000,1,+0.62749,+0.00000,0.00651,-4.053,0,202.9,0.0
11.5034,2,0,0.2164,0.2750,-0.05857,1,1,+0.40218,+0.36608,0.11125,245.90,1,-10.000,-0.02555,-12.756,-0.00000,-17.80,+0.00000,1,+0.62749,+0.00000,0.00651,-4.060,0,202.9,0.0
11.5101,2,0,0.2164,0.2750,-0.05857,1,1,+0.40218,+0.36608,0.11125,245.90,1,-10.000,-0.02553,-12.757,-0.00000,-17.80,+0.00000,1,+0.62749,+0.00000,0.00651,-4.065,0,202.9,0.0
11.5147,2,0,0.2164,0.2750,-0.05857,1,1,+0.40218,+0.36608,0.11125,245.90,1,-10.000,-0.02553,-12.757,-0.00000,-17.80,+0.00000,1,+0.62749,+0.00000,0.00651,-4.065,0,202.9,0.0
11.5195,2,0,0.2164,0.2750,-0.05857,1,1,+0.40218,+0.36608,0.11125,245.90,1,-10.000,-0.02559,-12.756,-0.00000,-17.80,+0.00000,1,+0.62749,+0.00000,0.00651,-4.050,0,202.9,0.0
11.5240,2,0,0.2164,0.2750,-0.05857,1,1,+0.40218,+0.36608,0.11125,245.90,1,-10.000,-0.02559,-12.756,-0.00000,-17.80,+0.00000,1,+0.62749,+0.00000,0.00651,-4.050,0,202.9,0.0
11.5286,2,0,0.2164,0.2750,-0.05857,1,1,+0.40218,+0.36608,0.11125,245.90,1,-10.000,-0.02559,-12.756,-0.00000,-17.80,+0.00000,1,+0.62749,+0.00000,0.00651,-4.050,0,202.9,0.0
11.5332,2,0,0.2164,0.2750,-0.05857,1,1,+0.40218,+0.36608,0.11125,245.90,1,-10.000,-0.02559,-12.756,-0.00000,-17.80,+0.00000,1,+0.62749,+0.00000,0.00651,-4.050,0,202.9,0.0
11.5377,2,0,0.2164,0.2750,-0.05857,1,1,+0.40218,+0.36608,0.11125,245.90,1,-10.000,-0.02558,-12.756,-0.00000,-17.80,+0.00000,1,+0.62749,+0.00000,0.00651,-4.054,0,202.9,0.0
11.5424,2,0,0.2164,0.2750,-0.05857,1,1,+0.40218,+0.36608,0.11125,245.90,1,-10.000,-0.02558,-12.756,-0.00000,-17.80,+0.00000,1,+0.62749,+0.00000,0.00651,-4.054,0,202.9,0.0
11.5471,2,0,0.2164,0.2750,-0.05857,1,1,+0.40218,+0.36608,0.11125,245.90,1,-10.000,-0.02558,-12.756,-0.00000,-17.80,+0.00000,1,+0.62749,+0.00000,0.00651,-4.052,0,202.9,0.0
11.5514,2,0,0.2164,0.2750,-0.05857,1,1,+0.40218,+0.36608,0.11125,245.90,1,-10.000,-0.02558,-12.756,-0.00000,-17.80,+0.00000,1,+0.62749,+0.00000,0.00651,-4.052,0,202.9,0.0
11.5559,2,0,0.2164,0.2750,-0.05857,1,1,+0.40218,+0.36608,0.11125,245.90,1,-10.000,-0.02558,-12.757,-0.00000,-17.80,+0.00000,1,+0.62749,+0.00000,0.00651,-4.053,0,202.9,0.0
11.5611,2,0,0.2164,0.2750,-0.05857,1,1,+0.40218,+0.36608,0.11125,245.90,1,-10.000,-0.02558,-12.757,-0.00000,-17.80,+0.00000,1,+0.62749,+0.00000,0.00651,-4.052,0,202.9,0.0
11.5659,2,0,0.2164,0.2750,-0.05857,1,1,+0.40218,+0.36608,0.11125,245.90,1,-10.000,-0.02558,-12.757,-0.00000,-17.80,+0.00000,1,+0.62749,+0.00000,0.00651,-4.052,0,202.9,0.0
11.5702,2,0,0.2164,0.2750,-0.05857,1,1,+0.40218,+0.36608,0.11125,245.90,1,-10.000,-0.02559,-12.757,-0.00000,-17.80,+0.00000,1,+0.62749,+0.00000,0.00651,-4.051,0,202.9,0.0
11.5749,2,0,0.2164,0.2750,-0.05857,1,1,+0.40218,+0.36608,0.11125,245.90,1,-10.000,-0.02559,-12.757,-0.00000,-17.80,+0.00000,1,+0.62749,+0.00000,0.00651,-4.051,0,202.9,0.0
11.5794,2,0,0.2164,0.2750,-0.05857,1,1,+0.40218,+0.36608,0.11125,245.90,1,-10.000,-0.02560,-12.757,-0.00000,-17.80,+0.00000,1,+0.62749,+0.00000,0.00651,-4.048,0,202.9,0.0
11.5835,2,0,0.2164,0.2750,-0.05857,1,1,+0.40218,+0.36608,0.11125,245.90,1,-10.000,-0.02560,-12.757,-0.00000,-17.80,+0.00000,1,+0.62749,+0.00000,0.00651,-4.048,0,202.9,0.0
11.5881,2,0,0.2164,0.2750,-0.05857,1,1,+0.40218,+0.36608,0.11125,245.90,1,-10.000,-0.02562,-12.756,-0.00000,-17.80,+0.00000,1,+0.62749,+0.00000,0.00651,-4.043,0,202.9,0.0
11.5924,2,0,0.2164,0.2750,-0.05857,1,1,+0.40218,+0.36608,0.11125,245.90,1,-10.000,-0.02562,-12.756,-0.00000,-17.80,+0.00000,1,+0.62749,+0.00000,0.00651,-4.043,0,202.9,0.0
11.5974,2,0,0.2164,0.2750,-0.05857,1,1,+0.40218,+0.36608,0.11125,245.90,1,-10.000,-0.02567,-12.756,-0.00000,-17.80,+0.00000,1,+0.62749,+0.00000,0.00651,-4.034,0,202.9,0.0
11.6032,2,0,0.2164,0.2750,-0.05857,1,1,+0.40218,+0.36608,0.11125,245.90,1,-10.000,-0.02567,-12.756,-0.00000,-17.80,+0.00000,1,+0.62749,+0.00000,0.00651,-4.034,0,202.9,0.0
11.6076,2,0,0.2164,0.2750,-0.05857,1,1,+0.40218,+0.36608,0.11125,245.90,1,-10.000,-0.02562,-12.757,-0.00000,-17.80,+0.00000,1,+0.62749,+0.00000,0.00651,-4.044,0,202.9,0.0
11.6120,2,0,0.2164,0.2750,-0.05857,1,1,+0.40218,+0.36608,0.11125,245.90,1,-10.000,-0.02562,-12.757,-0.00000,-17.80,+0.00000,1,+0.62749,+0.00000,0.00651,-4.044,0,202.9,0.0
11.6164,2,0,0.2164,0.2750,-0.05857,1,1,+0.40218,+0.36608,0.11125,245.90,1,-10.000,-0.02562,-12.757,-0.00000,-17.80,+0.00000,1,+0.62749,+0.00000,0.00651,-4.045,0,202.9,0.0
11.6210,2,0,0.2164,0.2750,-0.05857,1,1,+0.40218,+0.36608,0.11125,245.90,1,-10.000,-0.02562,-12.757,-0.00000,-17.80,+0.00000,1,+0.62749,+0.00000,0.00651,-4.045,0,202.9,0.0
11.6254,2,0,0.2164,0.2750,-0.05857,1,1,+0.40218,+0.36608,0.11125,245.90,1,-10.000,-0.02561,-12.757,-0.00000,-17.80,+0.00000,1,+0.62749,+0.00000,0.00651,-4.045,0,202.9,0.0
11.6299,2,0,0.2164,0.2750,-0.05857,1,1,+0.40218,+0.36608,0.11125,245.90,1,-10.000,-0.02561,-12.757,-0.00000,-17.80,+0.00000,1,+0.62749,+0.00000,0.00651,-4.045,0,202.9,0.0
11.6344,2,0,0.2164,0.2750,-0.05857,1,1,+0.40218,+0.36608,0.11125,245.90,1,-10.000,-0.02561,-12.757,-0.00000,-17.80,+0.00000,1,+0.62749,+0.00000,0.00651,-4.046,0,202.9,0.0
11.6390,2,0,0.2164,0.2750,-0.05857,1,1,+0.40218,+0.36608,0.11125,245.90,1,-10.000,-0.02564,-12.757,-0.00000,-17.80,+0.00000,1,+0.62749,+0.00000,0.00651,-4.040,0,202.9,0.0
11.6438,2,0,0.2164,0.2750,-0.05857,1,1,+0.40218,+0.36608,0.11125,245.90,1,-10.000,-0.02564,-12.757,-0.00000,-17.80,+0.00000,1,+0.62749,+0.00000,0.00651,-4.040,0,202.9,0.0
11.6483,2,0,0.2164,0.2750,-0.05857,1,1,+0.40218,+0.36608,0.11125,245.90,1,-10.000,-0.02563,-12.757,-0.00000,-17.80,+0.00000,1,+0.62749,+0.00000,0.00651,-4.042,0,202.9,0.0
11.6529,2,0,0.2164,0.2750,-0.05857,1,1,+0.40218,+0.36608,0.11125,245.90,1,-10.000,-0.02563,-12.757,-0.00000,-17.80,+0.00000,1,+0.62749,+0.00000,0.00651,-4.042,0,202.9,0.0
11.6575,2,0,0.2164,0.2750,-0.05857,1,1,+0.40218,+0.36608,0.11125,245.90,1,-10.000,-0.02564,-12.757,-0.00000,-17.80,+0.00000,1,+0.62749,+0.00000,0.00651,-4.038,0,202.9,0.0
11.6621,2,0,0.2164,0.2750,-0.05857,1,1,+0.40218,+0.36608,0.11125,245.90,1,-10.000,-0.02564,-12.757,-0.00000,-17.80,+0.00000,1,+0.62749,+0.00000,0.00651,-4.038,0,202.9,0.0
11.6667,2,0,0.2164,0.2750,-0.05857,1,1,+0.40218,+0.36608,0.11125,245.90,1,-10.000,-0.02566,-12.757,-0.00000,-17.80,+0.00000,1,+0.62749,+0.00000,0.00651,-4.035,0,202.9,0.0
11.6731,2,0,0.2164,0.2750,-0.05857,1,1,+0.40218,+0.36608,0.11125,245.90,1,-10.000,-0.02566,-12.757,-0.00000,-17.80,+0.00000,1,+0.62749,+0.00000,0.00651,-4.035,0,202.9,0.0
11.6775,2,0,0.2164,0.2750,-0.05857,1,1,+0.40218,+0.36608,0.11125,245.90,1,-10.000,-0.02566,-12.757,-0.00000,-17.80,+0.00000,1,+0.62749,+0.00000,0.00651,-4.035,0,202.9,0.0
11.6821,2,0,0.2164,0.2750,-0.05857,1,1,+0.40218,+0.36608,0.11125,245.90,1,-10.000,-0.02566,-12.757,-0.00000,-17.80,+0.00000,1,+0.62749,+0.00000,0.00651,-4.034,0,202.9,0.0
11.6863,2,0,0.2164,0.2750,-0.05857,1,1,+0.40218,+0.36608,0.11125,245.90,1,-10.000,-0.02566,-12.757,-0.00000,-17.80,+0.00000,1,+0.62749,+0.00000,0.00651,-4.034,0,202.9,0.0
11.6909,2,0,0.2164,0.2750,-0.05857,1,1,+0.40218,+0.36608,0.11125,245.90,1,-10.000,-0.02566,-12.757,-0.00000,-17.80,+0.00000,1,+0.62749,+0.00000,0.00651,-4.034,0,202.9,0.0
11.6960,2,0,0.2164,0.2750,-0.05857,1,1,+0.40218,+0.36608,0.11125,245.90,1,-10.000,-0.02564,-12.757,-0.00000,-17.80,+0.00000,1,+0.62749,+0.00000,0.00651,-4.039,0,202.9,0.0
11.7005,2,0,0.2164,0.2750,-0.05857,1,1,+0.40218,+0.36608,0.11125,245.90,1,-10.000,-0.02564,-12.757,-0.00000,-17.80,+0.00000,1,+0.62749,+0.00000,0.00651,-4.039,0,202.9,0.0
11.7052,2,0,0.2164,0.2750,-0.05857,1,1,+0.40218,+0.36608,0.11125,245.90,1,-10.000,-0.02561,-12.757,-0.00000,-17.80,+0.00000,1,+0.62749,+0.00000,0.00651,-4.045,0,202.9,0.0
11.7121,2,0,0.2164,0.2750,-0.05857,1,1,+0.40218,+0.36608,0.11125,245.90,1,-10.000,-0.02561,-12.757,-0.00000,-17.80,+0.00000,1,+0.62749,+0.00000,0.00651,-4.045,0,202.9,0.0
11.7175,2,0,0.2164,0.2750,-0.05857,1,1,+0.40218,+0.36608,0.11125,245.90,1,-10.000,-0.02561,-12.757,-0.00000,-17.80,+0.00000,1,+0.62749,+0.00000,0.00651,-4.045,0,202.9,0.0
11.7222,2,0,0.2164,0.2750,-0.05857,1,1,+0.40218,+0.36608,0.11125,245.90,1,-10.000,-0.02539,-12.758,-0.00000,-17.80,+0.00000,1,+0.62749,+0.00000,0.00651,-4.096,0,202.9,0.0
11.7267,2,0,0.2164,0.2750,-0.05857,1,1,+0.40218,+0.36608,0.11125,245.90,1,-10.000,-0.02547,-12.757,-0.00000,-17.80,+0.00000,1,+0.62749,+0.00000,0.00651,-4.078,0,202.9,0.0
11.7310,2,0,0.2164,0.2750,-0.05857,1,1,+0.40218,+0.36608,0.11125,245.90,1,-10.000,-0.02547,-12.757,-0.00000,-17.80,+0.00000,1,+0.62749,+0.00000,0.00651,-4.078,0,202.9,0.0
11.7352,2,0,0.2164,0.2750,-0.05857,1,1,+0.40218,+0.36608,0.11125,245.90,1,-10.000,-0.02547,-12.757,-0.00000,-17.80,+0.00000,1,+0.62749,+0.00000,0.00651,-4.079,0,202.9,0.0
11.7394,2,0,0.2164,0.2750,-0.05857,1,1,+0.40218,+0.36608,0.11125,245.90,1,-10.000,-0.02547,-12.757,-0.00000,-17.80,+0.00000,1,+0.62749,+0.00000,0.00651,-4.079,0,202.9,0.0
11.7440,2,0,0.2164,0.2750,-0.05857,1,1,+0.40218,+0.36608,0.11125,245.90,1,-10.000,-0.02547,-12.757,-0.00000,-17.80,+0.00000,1,+0.62749,+0.00000,0.00651,-4.078,0,202.9,0.0
11.7483,2,0,0.2164,0.2750,-0.05857,1,1,+0.40218,+0.36608,0.11125,245.90,1,-10.000,-0.02547,-12.757,-0.00000,-17.80,+0.00000,1,+0.62749,+0.00000,0.00651,-4.078,0,202.9,0.0
11.7532,2,0,0.2164,0.2750,-0.05857,1,1,+0.40218,+0.36608,0.11125,245.90,1,-10.000,-0.02546,-12.757,-0.00000,-17.80,+0.00000,1,+0.62749,+0.00000,0.00651,-4.079,0,202.9,0.0
11.7577,2,0,0.2164,0.2750,-0.05857,1,1,+0.40218,+0.36608,0.11125,245.90,1,-10.000,-0.02546,-12.757,-0.00000,-17.80,+0.00000,1,+0.62749,+0.00000,0.00651,-4.079,0,202.9,0.0
11.7624,2,0,0.2164,0.2750,-0.05857,1,1,+0.40218,+0.36608,0.11125,245.90,1,-10.000,-0.02552,-12.757,-0.00000,-17.80,+0.00000,1,+0.62749,+0.00000,0.00651,-4.067,0,202.9,0.0
11.7672,2,0,0.2164,0.2750,-0.05857,1,1,+0.40218,+0.36608,0.11125,245.90,1,-10.000,-0.02552,-12.757,-0.00000,-17.80,+0.00000,1,+0.62749,+0.00000,0.00651,-4.067,0,202.9,0.0
11.7714,2,0,0.2164,0.2750,-0.05857,1,1,+0.40218,+0.36608,0.11125,245.90,1,-10.000,-0.02547,-12.757,-0.00000,-17.80,+0.00000,1,+0.62749,+0.00000,0.00651,-4.079,0,202.9,0.0
11.7774,2,0,0.2164,0.2750,-0.05857,1,1,+0.40218,+0.36608,0.11125,245.90,1,-10.000,-0.02547,-12.757,-0.00000,-17.80,+0.00000,1,+0.62749,+0.00000,0.00651,-4.079,0,202.9,0.0
11.7823,2,0,0.2164,0.2750,-0.05857,1,1,+0.40218,+0.36608,0.11125,245.90,1,-10.000,-0.02547,-12.757,-0.00000,-17.80,+0.00000,1,+0.62749,+0.00000,0.00651,-4.078,0,202.9,0.0
11.7868,2,0,0.2164,0.2750,-0.05857,1,1,+0.40218,+0.36608,0.11125,245.90,1,-10.000,-0.02547,-12.757,-0.00000,-17.80,+0.00000,1,+0.62749,+0.00000,0.00651,-4.078,0,202.9,0.0
11.7915,2,0,0.2164,0.2750,-0.05857,1,1,+0.40218,+0.36608,0.11125,245.90,1,-10.000,-0.02545,-12.758,-0.00000,-17.80,+0.00000,1,+0.62749,+0.00000,0.00651,-4.083,0,202.9,0.0
11.7961,2,0,0.2164,0.2750,-0.05857,1,1,+0.40218,+0.36608,0.11125,245.90,1,-10.000,-0.02545,-12.758,-0.00000,-17.80,+0.00000,1,+0.62749,+0.00000,0.00651,-4.083,0,202.9,0.0
11.8006,2,0,0.2164,0.2750,-0.05857,1,1,+0.40218,+0.36608,0.11125,245.90,1,-10.000,-0.02548,-12.758,-0.00000,-17.80,+0.00000,1,+0.62749,+0.00000,0.00651,-4.076,0,202.9,0.0
11.8054,2,0,0.2164,0.2750,-0.05857,1,1,+0.40218,+0.36608,0.11125,245.90,1,-10.000,-0.02550,-12.757,-0.00000,-17.80,+0.00000,1,+0.62749,+0.00000,0.00651,-4.071,0,202.9,0.0
11.8100,2,0,0.2164,0.2750,-0.05857,1,1,+0.40218,+0.36608,0.11125,245.90,1,-10.000,-0.02550,-12.757,-0.00000,-17.80,+0.00000,1,+0.62749,+0.00000,0.00651,-4.071,0,202.9,0.0
11.8146,2,0,0.2164,0.2750,-0.05857,1,1,+0.40218,+0.36608,0.11125,245.90,1,-10.000,-0.02550,-12.757,-0.00000,-17.80,+0.00000,1,+0.62749,+0.00000,0.00651,-4.071,0,202.9,0.0
11.8192,2,0,0.2164,0.2750,-0.05857,1,1,+0.40218,+0.36608,0.11125,245.90,1,-10.000,-0.02550,-12.757,-0.00000,-17.80,+0.00000,1,+0.62749,+0.00000,0.00651,-4.071,0,202.9,0.0
11.8237,2,0,0.2164,0.2750,-0.05857,1,1,+0.40218,+0.36608,0.11125,245.90,1,-10.000,-0.02550,-12.758,-0.00000,-17.80,+0.00000,1,+0.62749,+0.00000,0.00651,-4.072,0,202.9,0.0
11.8283,2,0,0.2164,0.2750,-0.05857,1,1,+0.40218,+0.36608,0.11125,245.90,1,-10.000,-0.02550,-12.758,-0.00000,-17.80,+0.00000,1,+0.62749,+0.00000,0.00651,-4.072,0,202.9,0.0
11.8329,2,0,0.2164,0.2750,-0.05857,1,1,+0.40218,+0.36608,0.11125,245.90,1,-10.000,-0.02550,-12.758,-0.00000,-17.80,+0.00000,1,+0.62749,+0.00000,0.00651,-4.071,0,202.9,0.0
11.8390,2,0,0.2164,0.2750,-0.05857,1,1,+0.40218,+0.36608,0.11125,245.90,1,-10.000,-0.02550,-12.758,-0.00000,-17.80,+0.00000,1,+0.62749,+0.00000,0.00651,-4.071,0,202.9,0.0
11.8433,2,0,0.2164,0.2750,-0.05857,1,1,+0.40218,+0.36608,0.11125,245.90,1,-10.000,-0.02550,-12.758,-0.00000,-17.80,+0.00000,1,+0.62749,+0.00000,0.00651,-4.070,0,202.9,0.0
11.8477,2,0,0.2164,0.2750,-0.05857,1,1,+0.40218,+0.36608,0.11125,245.90,1,-10.000,-0.02550,-12.758,-0.00000,-17.80,+0.00000,1,+0.62749,+0.00000,0.00651,-4.070,0,202.9,0.0
11.8521,2,0,0.2164,0.2750,-0.05857,1,1,+0.40218,+0.36608,0.11125,245.90,1,-10.000,-0.02554,-12.757,-0.00000,-17.80,+0.00000,1,+0.62749,+0.00000,0.00651,-4.062,0,202.9,0.0
11.8567,2,0,0.2164,0.2750,-0.05857,1,1,+0.40218,+0.36608,0.11125,245.90,1,-10.000,-0.02554,-12.757,-0.00000,-17.80,+0.00000,1,+0.62749,+0.00000,0.00651,-4.062,0,202.9,0.0
11.8613,2,0,0.2164,0.2750,-0.05857,1,1,+0.40218,+0.36608,0.11125,245.90,1,-10.000,-0.02552,-12.757,-0.00000,-17.80,+0.00000,1,+0.62749,+0.00000,0.00651,-4.066,0,202.9,0.0
11.8661,2,0,0.2164,0.2750,-0.05857,1,1,+0.40218,+0.36608,0.11125,245.90,1,-10.000,-0.02556,-12.757,-0.00000,-17.80,+0.00000,1,+0.62749,+0.00000,0.00651,-4.059,0,202.9,0.0
11.8708,2,0,0.2164,0.2750,-0.05857,1,1,+0.40218,+0.36608,0.11125,245.90,1,-10.000,-0.02556,-12.757,-0.00000,-17.80,+0.00000,1,+0.62749,+0.00000,0.00651,-4.059,0,202.9,0.0
11.8751,2,0,0.2164,0.2750,-0.05857,1,1,+0.40218,+0.36608,0.11125,245.90,1,-10.000,-0.02556,-12.757,-0.00000,-17.80,+0.00000,1,+0.62749,+0.00000,0.00651,-4.059,0,202.9,0.0
11.8800,2,0,0.2164,0.2750,-0.05857,1,1,+0.40218,+0.36608,0.11125,245.90,1,-10.000,-0.02553,-12.757,-0.00000,-17.80,+0.00000,1,+0.62749,+0.00000,0.00651,-4.063,0,202.9,0.0
11.8841,2,0,0.2164,0.2750,-0.05857,1,1,+0.40218,+0.36608,0.11125,245.90,1,-10.000,-0.02553,-12.757,-0.00000,-17.80,+0.00000,1,+0.62749,+0.00000,0.00651,-4.063,0,202.9,0.0
11.8884,2,0,0.2164,0.2750,-0.05857,1,1,+0.40218,+0.36608,0.11125,245.90,1,-10.000,-0.02553,-12.758,-0.00000,-17.80,+0.00000,1,+0.62749,+0.00000,0.00651,-4.065,0,202.9,0.0
11.8930,2,0,0.2164,0.2750,-0.05857,1,1,+0.40218,+0.36608,0.11125,245.90,1,-10.000,-0.02557,-12.757,-0.00000,-17.80,+0.00000,1,+0.62749,+0.00000,0.00651,-4.056,0,202.9,0.0
11.8987,2,0,0.2164,0.2750,-0.05857,1,1,+0.40218,+0.36608,0.11125,245.90,1,-10.000,-0.02557,-12.757,-0.00000,-17.80,+0.00000,1,+0.62749,+0.00000,0.00651,-4.056,0,202.9,0.0
11.9034,2,0,0.2164,0.2750,-0.05857,1,1,+0.40218,+0.36608,0.11125,245.90,1,-10.000,-0.02556,-12.757,-0.00000,-17.80,+0.00000,1,+0.62749,+0.00000,0.00651,-4.057,0,202.9,0.0
11.9079,2,0,0.2164,0.2750,-0.05857,1,1,+0.40218,+0.36608,0.11125,245.90,1,-10.000,-0.02556,-12.757,-0.00000,-17.80,+0.00000,1,+0.62749,+0.00000,0.00651,-4.057,0,202.9,0.0
11.9120,2,0,0.2164,0.2750,-0.05857,1,1,+0.40218,+0.36608,0.11125,245.90,1,-10.000,-0.02555,-12.757,-0.00000,-17.80,+0.00000,1,+0.62749,+0.00000,0.00651,-4.061,0,202.9,0.0
11.9167,2,0,0.2164,0.2750,-0.05857,1,1,+0.40218,+0.36608,0.11125,245.90,1,-10.000,-0.02555,-12.757,-0.00000,-17.80,+0.00000,1,+0.62749,+0.00000,0.00651,-4.061,0,202.9,0.0
11.9210,2,0,0.2164,0.2750,-0.05857,1,1,+0.40218,+0.36608,0.11125,245.90,1,-10.000,-0.02554,-12.758,-0.00000,-17.80,+0.00000,1,+0.62749,+0.00000,0.00651,-4.063,0,202.9,0.0
11.9254,2,0,0.2164,0.2750,-0.05857,1,1,+0.40218,+0.36608,0.11125,245.90,1,-10.000,-0.02554,-12.758,-0.00000,-17.80,+0.00000,1,+0.62749,+0.00000,0.00651,-4.063,0,202.9,0.0
11.9299,2,0,0.2164,0.2750,-0.05857,1,1,+0.40218,+0.36608,0.11125,245.90,1,-10.000,-0.02555,-12.758,-0.00000,-17.80,+0.00000,1,+0.62749,+0.00000,0.00651,-4.060,0,202.9,0.0
11.9343,2,0,0.2164,0.2750,-0.05857,1,1,+0.40218,+0.36608,0.11125,245.90,1,-10.000,-0.02555,-12.758,-0.00000,-17.80,+0.00000,1,+0.62749,+0.00000,0.00651,-4.060,0,202.9,0.0
11.9391,2,0,0.2164,0.2750,-0.05857,1,1,+0.40218,+0.36608,0.11125,245.90,1,-10.000,-0.02556,-12.758,-0.00000,-17.80,+0.00000,1,+0.62749,+0.00000,0.00651,-4.058,0,202.9,0.0
11.9435,2,0,0.2164,0.2750,-0.05857,1,1,+0.40218,+0.36608,0.11125,245.90,1,-10.000,-0.02556,-12.758,-0.00000,-17.80,+0.00000,1,+0.62749,+0.00000,0.00651,-4.058,0,202.9,0.0
11.9493,2,0,0.2164,0.2750,-0.05857,1,1,+0.40218,+0.36608,0.11125,245.90,1,-10.000,-0.02554,-12.758,-0.00000,-17.80,+0.00000,1,+0.62749,+0.00000,0.00651,-4.061,0,202.9,0.0
11.9536,2,0,0.2164,0.2750,-0.05857,1,1,+0.40218,+0.36608,0.11125,245.90,1,-10.000,-0.02554,-12.758,-0.00000,-17.80,+0.00000,1,+0.62749,+0.00000,0.00651,-4.061,0,202.9,0.0
11.9581,2,0,0.2164,0.2750,-0.05857,1,1,+0.40218,+0.36608,0.11125,245.90,1,-10.000,-0.02549,-12.758,-0.00000,-17.80,+0.00000,1,+0.62749,+0.00000,0.00651,-4.074,0,202.9,0.0
11.9627,2,0,0.2164,0.2750,-0.05857,1,1,+0.40218,+0.36608,0.11125,245.90,1,-10.000,-0.02549,-12.758,-0.00000,-17.80,+0.00000,1,+0.62749,+0.00000,0.00651,-4.074,0,202.9,0.0
11.9672,2,0,0.2164,0.2750,-0.05857,1,1,+0.40218,+0.36608,0.11125,245.90,1,-10.000,-0.02552,-12.758,-0.00000,-17.80,+0.00000,1,+0.62749,+0.00000,0.00651,-4.067,0,202.9,0.0
11.9715,2,0,0.2164,0.2750,-0.05857,1,1,+0.40218,+0.36608,0.11125,245.90,1,-10.000,-0.02552,-12.758,-0.00000,-17.80,+0.00000,1,+0.62749,+0.00000,0.00651,-4.067,0,202.9,0.0
11.9758,2,0,0.2164,0.2750,-0.05857,1,1,+0.40218,+0.36608,0.11125,245.90,1,-10.000,-0.02550,-12.758,-0.00000,-17.80,+0.00000,1,+0.62749,+0.00000,0.00651,-4.070,0,202.9,0.0
11.9800,2,0,0.2164,0.2750,-0.05857,1,1,+0.40218,+0.36608,0.11125,245.90,1,-10.000,-0.02550,-12.758,-0.00000,-17.80,+0.00000,1,+0.62749,+0.00000,0.00651,-4.070,0,202.9,0.0
11.9845,2,0,0.2164,0.2750,-0.05857,1,1,+0.40218,+0.36608,0.11125,245.90,1,-10.000,-0.02553,-12.758,-0.00000,-17.80,+0.00000,1,+0.62749,+0.00000,0.00651,-4.064,0,202.9,0.0
11.9891,2,0,0.2164,0.2750,-0.05857,1,1,+0.40218,+0.36608,0.11125,245.90,1,-10.000,-0.02553,-12.758,-0.00000,-17.80,+0.00000,1,+0.62749,+0.00000,0.00651,-4.064,0,202.9,0.0
11.9937,2,0,0.2164,0.2750,-0.05857,1,1,+0.40218,+0.36608,0.11125,245.90,1,-10.000,-0.02554,-12.758,-0.00000,-17.80,+0.00000,1,+0.62749,+0.00000,0.00651,-4.062,0,202.9,0.0
11.9981,2,0,0.2164,0.2750,-0.05857,1,1,+0.40218,+0.36608,0.11125,245.90,1,-10.000,-0.02554,-12.758,-0.00000,-17.80,+0.00000,1,+0.62749,+0.00000,0.00651,-4.062,0,202.9,0.0
12.0027,2,0,0.2164,0.2750,-0.05857,1,1,+0.40218,+0.36608,0.11125,245.90,1,-10.000,-0.02553,-12.758,-0.00000,-17.80,+0.00000,1,+0.62749,+0.00000,0.00651,-4.064,0,202.9,0.0
12.0070,2,0,0.2164,0.2750,-0.05857,1,1,+0.40218,+0.36608,0.11125,245.90,1,-10.000,-0.02553,-12.758,-0.00000,-17.80,+0.00000,1,+0.62749,+0.00000,0.00651,-4.064,0,202.9,0.0
12.0115,2,0,0.2164,0.2750,-0.05857,1,1,+0.40218,+0.36608,0.11125,245.90,1,-10.000,-0.02555,-12.758,-0.00000,-17.80,+0.00000,1,+0.62749,+0.00000,0.00651,-4.060,0,202.9,0.0
12.0158,2,0,0.2164,0.2750,-0.05857,1,1,+0.40218,+0.36608,0.11125,245.90,1,-10.000,-0.02555,-12.758,-0.00000,-17.80,+0.00000,1,+0.62749,+0.00000,0.00651,-4.060,0,202.9,0.0
12.0203,2,0,0.2164,0.2750,-0.05857,1,1,+0.40218,+0.36608,0.11125,245.90,1,-10.000,-0.02554,-12.758,-0.00000,-17.80,+0.00000,1,+0.62749,+0.00000,0.00651,-4.062,0,202.9,0.0
12.0244,2,0,0.2164,0.2750,-0.05857,1,1,+0.40218,+0.36608,0.11125,245.90,1,-10.000,-0.02554,-12.758,-0.00000,-17.80,+0.00000,1,+0.62749,+0.00000,0.00651,-4.062,0,202.9,0.0
12.0288,2,0,0.2164,0.2750,-0.05857,1,1,+0.40218,+0.36608,0.11125,245.90,1,-10.000,-0.02555,-12.758,-0.00000,-17.80,+0.00000,1,+0.62749,+0.00000,0.00651,-4.060,0,202.9,0.0
12.0334,2,0,0.2164,0.2750,-0.05857,1,1,+0.40218,+0.36608,0.11125,245.90,1,-10.000,-0.02555,-12.758,-0.00000,-17.80,+0.00000,1,+0.62749,+0.00000,0.00651,-4.060,0,202.9,0.0
12.0380,2,0,0.2164,0.2750,-0.05857,1,1,+0.40218,+0.36608,0.11125,245.90,1,-10.000,-0.02555,-12.758,-0.00000,-17.80,+0.00000,1,+0.62749,+0.00000,0.00651,-4.061,0,202.9,0.0
12.0446,2,0,0.2164,0.2750,-0.05857,1,1,+0.40218,+0.36608,0.11125,245.90,1,-10.000,-0.02555,-12.758,-0.00000,-17.80,+0.00000,1,+0.62749,+0.00000,0.00651,-4.061,0,202.9,0.0
12.0492,2,0,0.2164,0.2750,-0.05857,1,1,+0.40218,+0.36608,0.11125,245.90,1,-10.000,-0.02550,-12.758,-0.00000,-17.80,+0.00000,1,+0.62749,+0.00000,0.00651,-4.070,0,202.9,0.0
12.0540,2,0,0.2164,0.2750,-0.05857,1,1,+0.40218,+0.36608,0.11125,245.90,1,-10.000,-0.02554,-12.758,-0.00000,-17.80,+0.00000,1,+0.62749,+0.00000,0.00651,-4.061,0,202.9,0.0
12.0586,2,0,0.2164,0.2750,-0.05857,1,1,+0.40218,+0.36608,0.11125,245.90,1,-10.000,-0.02554,-12.758,-0.00000,-17.80,+0.00000,1,+0.62749,+0.00000,0.00651,-4.061,0,202.9,0.0
12.0630,2,0,0.2164,0.2750,-0.05857,1,1,+0.40218,+0.36608,0.11125,245.90,1,-10.000,-0.02555,-12.758,-0.00000,-17.80,+0.00000,1,+0.62749,+0.00000,0.00651,-4.060,0,202.9,0.0
12.0677,2,0,0.2164,0.2750,-0.05857,1,1,+0.40218,+0.36608,0.11125,245.90,1,-10.000,-0.02555,-12.758,-0.00000,-17.80,+0.00000,1,+0.62749,+0.00000,0.00651,-4.060,0,202.9,0.0
12.0740,2,0,0.2164,0.2750,-0.05857,1,1,+0.40218,+0.36608,0.11125,245.90,1,-10.000,-0.02549,-12.758,-0.00000,-17.80,+0.00000,1,+0.62749,+0.00000,0.00651,-4.073,0,202.9,0.0
12.0786,2,0,0.2164,0.2750,-0.05857,1,1,+0.40218,+0.36608,0.11125,245.90,1,-10.000,-0.02549,-12.758,-0.00000,-17.80,+0.00000,1,+0.62749,+0.00000,0.00651,-4.073,0,202.9,0.0
12.0831,2,0,0.2164,0.2750,-0.05857,1,1,+0.40218,+0.36608,0.11125,245.90,1,-10.000,-0.02554,-12.758,-0.00000,-17.80,+0.00000,1,+0.62749,+0.00000,0.00651,-4.061,0,202.9,0.0
12.0876,2,0,0.2164,0.2750,-0.05857,1,1,+0.40218,+0.36608,0.11125,245.90,1,-10.000,-0.02554,-12.758,-0.00000,-17.80,+0.00000,1,+0.62749,+0.00000,0.00651,-4.061,0,202.9,0.0
12.0919,2,0,0.2164,0.2750,-0.05857,1,1,+0.40218,+0.36608,0.11125,245.90,1,-10.000,-0.02551,-12.758,-0.00000,-17.80,+0.00000,1,+0.62749,+0.00000,0.00651,-4.069,0,202.9,0.0
12.0964,2,0,0.2164,0.2750,-0.05857,1,1,+0.40218,+0.36608,0.11125,245.90,1,-10.000,-0.02551,-12.758,-0.00000,-17.80,+0.00000,1,+0.62749,+0.00000,0.00651,-4.069,0,202.9,0.0
12.1010,2,0,0.2164,0.2750,-0.05857,1,1,+0.40218,+0.36608,0.11125,245.90,1,-10.000,-0.02554,-12.758,-0.00000,-17.80,+0.00000,1,+0.62749,+0.00000,0.00651,-4.063,0,202.9,0.0
12.1074,2,0,0.2164,0.2750,-0.05857,1,1,+0.40218,+0.36608,0.11125,245.90,1,-10.000,-0.02554,-12.758,-0.00000,-17.80,+0.00000,1,+0.62749,+0.00000,0.00651,-4.063,0,202.9,0.0
12.1118,2,0,0.2164,0.2750,-0.05857,1,1,+0.40218,+0.36608,0.11125,245.90,1,-10.000,-0.02553,-12.758,-0.00000,-17.80,+0.00000,1,+0.62749,+0.00000,0.00651,-4.064,0,202.9,0.0
12.1164,2,0,0.2164,0.2750,-0.05857,1,1,+0.40218,+0.36608,0.11125,245.90,1,-10.000,-0.02556,-12.758,-0.00000,-17.80,+0.00000,1,+0.62749,+0.00000,0.00651,-4.058,0,202.9,0.0
12.1207,2,0,0.2164,0.2750,-0.05857,1,1,+0.40218,+0.36608,0.11125,245.90,1,-10.000,-0.02556,-12.758,-0.00000,-17.80,+0.00000,1,+0.62749,+0.00000,0.00651,-4.058,0,202.9,0.0
12.1255,2,0,0.2164,0.2750,-0.05857,1,1,+0.40218,+0.36608,0.11125,245.90,1,-10.000,-0.02558,-12.758,-0.00000,-17.80,+0.00000,1,+0.62749,+0.00000,0.00651,-4.053,0,202.9,0.0
12.1299,2,0,0.2164,0.2750,-0.05857,1,1,+0.40218,+0.36608,0.11125,245.90,1,-10.000,-0.02558,-12.758,-0.00000,-17.80,+0.00000,1,+0.62749,+0.00000,0.00651,-4.053,0,202.9,0.0
12.1360,2,0,0.2164,0.2750,-0.05857,1,1,+0.40218,+0.36608,0.11125,245.90,1,-10.000,-0.02557,-12.758,-0.00000,-17.80,+0.00000,1,+0.62749,+0.00000,0.00651,-4.055,0,202.9,0.0
12.1406,2,0,0.2164,0.2750,-0.05857,1,1,+0.40218,+0.36608,0.11125,245.90,1,-10.000,-0.02557,-12.758,-0.00000,-17.80,+0.00000,1,+0.62749,+0.00000,0.00651,-4.055,0,202.9,0.0
12.1449,2,0,0.2164,0.2750,-0.05857,1,1,+0.40218,+0.36608,0.11125,245.90,1,-10.000,-0.02557,-12.758,-0.00000,-17.80,+0.00000,1,+0.62749,+0.00000,0.00651,-4.056,0,202.9,0.0
12.1495,2,0,0.2164,0.2750,-0.05857,1,1,+0.40218,+0.36608,0.11125,245.90,1,-10.000,-0.02557,-12.758,-0.00000,-17.80,+0.00000,1,+0.62749,+0.00000,0.00651,-4.056,0,213.3,0.0
12.1541,2,0,0.2164,0.2750,-0.05857,1,1,+0.40218,+0.36608,0.11125,245.90,1,-10.000,-0.02559,-12.758,-0.00000,-17.80,+0.00000,1,+0.62749,+0.00000,0.00651,-4.051,0,213.3,0.0
12.1583,2,0,0.2164,0.2750,-0.05857,1,1,+0.40218,+0.36608,0.11125,245.90,1,-10.000,-0.02559,-12.758,-0.00000,-17.80,+0.00000,1,+0.62749,+0.00000,0.00651,-4.051,0,213.3,0.0
12.1644,2,0,0.2164,0.2750,-0.05857,1,1,+0.40218,+0.36608,0.11125,245.90,1,-10.000,-0.02557,-12.758,-0.00000,-17.80,+0.00000,1,+0.62749,+0.00000,0.00651,-4.055,0,213.3,0.0
12.1688,2,0,0.2164,0.2750,-0.05857,1,1,+0.40218,+0.36608,0.11125,245.90,1,-10.000,-0.02558,-12.758,-0.00000,-17.80,+0.00000,1,+0.62749,+0.00000,0.00651,-4.053,0,213.3,0.0
12.1733,2,0,0.2164,0.2750,-0.05857,1,1,+0.40218,+0.36608,0.11125,245.90,1,-10.000,-0.02558,-12.758,-0.00000,-17.80,+0.00000,1,+0.62749,+0.00000,0.00651,-4.053,0,213.3,0.0
12.1776,2,0,0.2164,0.2750,-0.05857,1,1,+0.40218,+0.36608,0.11125,245.90,1,-10.000,-0.02558,-12.758,-0.00000,-17.80,+0.00000,1,+0.62749,+0.00000,0.00651,-4.053,0,213.3,0.0
12.1823,2,0,0.2164,0.2750,-0.05857,1,1,+0.40218,+0.36608,0.11125,245.90,1,-10.000,-0.02555,-12.758,-0.00000,-17.80,+0.00000,1,+0.62749,+0.00000,0.00651,-4.059,0,213.3,0.0
12.1869,2,0,0.2164,0.2750,-0.05857,1,1,+0.40218,+0.36608,0.11125,245.90,1,-10.000,-0.02555,-12.758,-0.00000,-17.80,+0.00000,1,+0.62749,+0.00000,0.00651,-4.059,0,213.3,0.0
12.1918,2,0,0.2164,0.2750,-0.05857,1,1,+0.40218,+0.36608,0.11125,245.90,1,-10.000,-0.02554,-12.758,-0.00000,-17.80,+0.00000,1,+0.62749,+0.00000,0.00651,-4.061,0,213.3,0.0
12.2016,2,0,0.2164,0.2750,-0.05857,1,1,+0.40218,+0.36608,0.11125,245.90,1,-10.000,-0.02558,-12.758,-0.00000,-17.80,+0.00000,1,+0.62749,+0.00000,0.00651,-4.054,0,213.3,0.0
12.2064,2,0,0.2164,0.2750,-0.05857,1,1,+0.40218,+0.36608,0.11125,245.90,1,-10.000,-0.02553,-12.758,-0.00000,-17.80,+0.00000,1,+0.62749,+0.00000,0.00651,-4.064,0,213.3,0.0
12.2109,2,0,0.2164,0.2750,-0.05857,1,1,+0.40218,+0.36608,0.11125,245.90,1,-10.000,-0.02553,-12.758,-0.00000,-17.80,+0.00000,1,+0.62749,+0.00000,0.00651,-4.064,0,213.3,0.0
12.2153,2,0,0.2164,0.2750,-0.05857,1,1,+0.40218,+0.36608,0.11125,245.90,1,-10.000,-0.02556,-12.758,-0.00000,-17.80,+0.00000,1,+0.62749,+0.00000,0.00651,-4.058,0,213.3,0.0
12.2200,2,0,0.2164,0.2750,-0.05857,1,1,+0.40218,+0.36608,0.11125,245.90,1,-10.000,-0.02556,-12.758,-0.00000,-17.80,+0.00000,1,+0.62749,+0.00000,0.00651,-4.058,0,213.3,0.0
12.2246,2,0,0.2164,0.2750,-0.05857,1,1,+0.40218,+0.36608,0.11125,245.90,1,-10.000,-0.02556,-12.758,-0.00000,-17.80,+0.00000,1,+0.62749,+0.00000,0.00651,-4.057,0,213.3,0.0
12.2291,2,0,0.2164,0.2750,-0.05857,1,1,+0.40218,+0.36608,0.11125,245.90,1,-10.000,-0.02556,-12.758,-0.00000,-17.80,+0.00000,1,+0.62749,+0.00000,0.00651,-4.057,0,213.3,0.0
12.2337,2,0,0.2164,0.2750,-0.05857,1,1,+0.40218,+0.36608,0.11125,245.90,1,-10.000,-0.02556,-12.758,-0.00000,-17.80,+0.00000,1,+0.62749,+0.00000,0.00651,-4.059,0,213.3,0.0
12.2381,2,0,0.2164,0.2750,-0.05857,1,1,+0.40218,+0.36608,0.11125,245.90,1,-10.000,-0.02556,-12.758,-0.00000,-17.80,+0.00000,1,+0.62749,+0.00000,0.00651,-4.059,0,213.3,0.0
12.2440,2,0,0.2164,0.2750,-0.05857,1,1,+0.40218,+0.36608,0.11125,245.90,1,-10.000,-0.02557,-12.758,-0.00000,-17.80,+0.00000,1,+0.62749,+0.00000,0.00651,-4.055,0,213.3,0.0
12.2483,2,0,0.2164,0.2750,-0.05857,1,1,+0.40218,+0.36608,0.11125,245.90,1,-10.000,-0.02557,-12.758,-0.00000,-17.80,+0.00000,1,+0.62749,+0.00000,0.00651,-4.055,0,213.3,0.0
12.2528,2,0,0.2164,0.2750,-0.05857,1,1,+0.40218,+0.36608,0.11125,245.90,1,-10.000,-0.02556,-12.758,-0.00000,-17.80,+0.00000,1,+0.62749,+0.00000,0.00651,-4.057,0,213.3,0.0
12.2574,2,0,0.2164,0.2750,-0.05857,1,1,+0.40218,+0.36608,0.11125,245.90,1,-10.000,-0.02558,-12.758,-0.00000,-17.80,+0.00000,1,+0.62749,+0.00000,0.00651,-4.052,0,213.3,0.0
12.2620,2,0,0.2164,0.2750,-0.05857,1,1,+0.40218,+0.36608,0.11125,245.90,1,-10.000,-0.02558,-12.758,-0.00000,-17.80,+0.00000,1,+0.62749,+0.00000,0.00651,-4.052,0,213.3,0.0
12.2667,2,0,0.2164,0.2750,-0.05857,1,1,+0.40218,+0.36608,0.11125,245.90,1,-10.000,-0.02557,-12.758,-0.00000,-17.80,+0.00000,1,+0.62749,+0.00000,0.00651,-4.055,0,213.3,0.0
12.2710,2,0,0.2164,0.2750,-0.05857,1,1,+0.40218,+0.36608,0.11125,245.90,1,-10.000,-0.02557,-12.758,-0.00000,-17.80,+0.00000,1,+0.62749,+0.00000,0.00651,-4.055,0,213.3,0.0
12.2813,2,0,0.2164,0.2750,-0.05857,1,1,+0.40218,+0.36608,0.11125,245.90,1,-10.000,-0.02558,-12.758,-0.00000,-17.80,+0.00000,1,+0.62749,+0.00000,0.00651,-4.052,0,213.3,0.0
12.2859,2,0,0.2164,0.2750,-0.05857,1,1,+0.40218,+0.36608,0.11125,245.90,1,-10.000,-0.02558,-12.758,-0.00000,-17.80,+0.00000,1,+0.62749,+0.00000,0.00651,-4.054,0,213.3,0.0
12.2908,2,0,0.2164,0.2750,-0.05857,1,1,+0.40218,+0.36608,0.11125,245.90,1,-10.000,-0.02558,-12.758,-0.00000,-17.80,+0.00000,1,+0.62749,+0.00000,0.00651,-4.054,0,213.3,0.0
12.2955,2,0,0.2164,0.2750,-0.05857,1,1,+0.40218,+0.36608,0.11125,245.90,1,-10.000,-0.02555,-12.758,-0.00000,-17.80,+0.00000,1,+0.62749,+0.00000,0.00651,-4.059,0,213.3,0.0
12.3001,2,0,0.2164,0.2750,-0.05857,1,1,+0.40218,+0.36608,0.11125,245.90,1,-10.000,-0.02555,-12.758,-0.00000,-17.80,+0.00000,1,+0.62749,+0.00000,0.00651,-4.059,0,213.3,0.0
12.3044,2,0,0.2164,0.2750,-0.05857,1,1,+0.40218,+0.36608,0.11125,245.90,1,-10.000,-0.02555,-12.758,-0.00000,-17.80,+0.00000,1,+0.62749,+0.00000,0.00651,-4.059,0,213.3,0.0
12.3107,2,0,0.2164,0.2750,-0.05857,1,1,+0.40218,+0.36608,0.11125,245.90,1,-10.000,-0.02551,-12.758,-0.00000,-17.80,+0.00000,1,+0.62749,+0.00000,0.00651,-4.069,0,213.3,0.0
12.3150,2,0,0.2164,0.2750,-0.05857,1,1,+0.40218,+0.36608,0.11125,245.90,1,-10.000,-0.02553,-12.758,-0.00000,-17.80,+0.00000,1,+0.62749,+0.00000,0.00651,-4.064,0,213.3,0.0
12.3192,2,0,0.2164,0.2750,-0.05857,1,1,+0.40218,+0.36608,0.11125,245.90,1,-10.000,-0.02553,-12.758,-0.00000,-17.80,+0.00000,1,+0.62749,+0.00000,0.00651,-4.064,0,213.3,0.0
12.3234,2,0,0.2164,0.2750,-0.05857,1,1,+0.40218,+0.36608,0.11125,245.90,1,-10.000,-0.02552,-12.758,-0.00000,-17.80,+0.00000,1,+0.62749,+0.00000,0.00651,-4.066,0,213.3,0.0
12.3281,2,0,0.2164,0.2750,-0.05857,1,1,+0.40218,+0.36608,0.11125,245.90,1,-10.000,-0.02552,-12.758,-0.00000,-17.80,+0.00000,1,+0.62749,+0.00000,0.00651,-4.066,0,213.3,0.0
12.3328,2,0,0.2164,0.2750,-0.05857,1,1,+0.40218,+0.36608,0.11125,245.90,1,-10.000,-0.02551,-12.758,-0.00000,-17.80,+0.00000,1,+0.62749,+0.00000,0.00651,-4.070,0,213.3,0.0
12.3384,2,0,0.2164,0.2750,-0.05857,1,1,+0.40218,+0.36608,0.11125,245.90,1,-10.000,-0.02551,-12.758,-0.00000,-17.80,+0.00000,1,+0.62749,+0.00000,0.00651,-4.070,0,213.3,0.0
12.3427,2,0,0.2164,0.2750,-0.05857,1,1,+0.40218,+0.36608,0.11125,245.90,1,-10.000,-0.02553,-12.758,-0.00000,-17.80,+0.00000,1,+0.62749,+0.00000,0.00651,-4.064,0,213.3,0.0
12.3474,2,0,0.2164,0.2750,-0.05857,1,1,+0.40218,+0.36608,0.11125,245.90,1,-10.000,-0.02553,-12.758,-0.00000,-17.80,+0.00000,1,+0.62749,+0.00000,0.00651,-4.064,0,213.3,0.0
12.3519,2,0,0.2164,0.2750,-0.05857,1,1,+0.40218,+0.36608,0.11125,245.90,1,-10.000,-0.02553,-12.758,-0.00000,-17.80,+0.00000,1,+0.62749,+0.00000,0.00651,-4.064,0,213.3,0.0
12.3561,2,0,0.2164,0.2750,-0.05857,1,1,+0.40218,+0.36608,0.11125,245.90,1,-10.000,-0.02553,-12.758,-0.00000,-17.80,+0.00000,1,+0.62749,+0.00000,0.00651,-4.064,0,213.3,0.0
12.3608,2,0,0.2164,0.2750,-0.05857,1,1,+0.40218,+0.36608,0.11125,245.90,1,-10.000,-0.02553,-12.758,-0.00000,-17.80,+0.00000,1,+0.62749,+0.00000,0.00651,-4.063,0,213.3,0.0
12.3654,2,0,0.2164,0.2750,-0.05857,1,1,+0.40218,+0.36608,0.11125,245.90,1,-10.000,-0.02553,-12.758,-0.00000,-17.80,+0.00000,1,+0.62749,+0.00000,0.00651,-4.063,0,213.3,0.0
12.3713,2,0,0.2164,0.2750,-0.05857,1,1,+0.40218,+0.36608,0.11125,245.90,1,-10.000,-0.02555,-12.758,-0.00000,-17.80,+0.00000,1,+0.62749,+0.00000,0.00651,-4.060,0,213.3,0.0
12.3759,2,0,0.2164,0.2750,-0.05857,1,1,+0.40218,+0.36608,0.11125,245.90,1,-10.000,-0.02554,-12.758,-0.00000,-17.80,+0.00000,1,+0.62749,+0.00000,0.00651,-4.063,0,213.3,0.0
12.3801,2,0,0.2164,0.2750,-0.05857,1,1,+0.40218,+0.36608,0.11125,245.90,1,-10.000,-0.02554,-12.758,-0.00000,-17.80,+0.00000,1,+0.62749,+0.00000,0.00651,-4.063,0,213.3,0.0
12.3845,2,0,0.2164,0.2750,-0.05857,1,1,+0.40218,+0.36608,0.11125,245.90,1,-10.000,-0.02556,-12.758,-0.00000,-17.80,+0.00000,1,+0.62749,+0.00000,0.00651,-4.058,0,213.3,0.0
12.3889,2,0,0.2164,0.2750,-0.05857,1,1,+0.40218,+0.36608,0.11125,245.90,1,-10.000,-0.02556,-12.758,-0.00000,-17.80,+0.00000,1,+0.62749,+0.00000,0.00651,-4.058,0,213.3,0.0
12.3935,2,0,0.2164,0.2750,-0.05857,1,1,+0.40218,+0.36608,0.11125,245.90,1,-10.000,-0.02557,-12.758,-0.00000,-17.80,+0.00000,1,+0.62749,+0.00000,0.00651,-4.054,0,213.3,0.0
12.4012,2,0,0.2164,0.2750,-0.05857,1,1,+0.40218,+0.36608,0.11125,245.90,1,-10.000,-0.02557,-12.758,-0.00000,-17.80,+0.00000,1,+0.62749,+0.00000,0.00651,-4.054,0,213.3,0.0
12.4057,2,0,0.2164,0.2750,-0.05857,1,1,+0.40218,+0.36608,0.11125,245.90,1,-10.000,-0.02553,-12.758,-0.00000,-17.80,+0.00000,1,+0.62749,+0.00000,0.00651,-4.065,0,213.3,0.0
12.4104,2,0,0.2164,0.2750,-0.05857,1,1,+0.40218,+0.36608,0.11125,245.90,1,-10.000,-0.02553,-12.758,-0.00000,-17.80,+0.00000,1,+0.62749,+0.00000,0.00651,-4.065,0,213.3,0.0
12.4147,2,0,0.2164,0.2750,-0.05857,1,1,+0.40218,+0.36608,0.11125,245.90,1,-10.000,-0.02554,-12.758,-0.00000,-17.80,+0.00000,1,+0.62749,+0.00000,0.00651,-4.062,0,213.3,0.0
12.4193,2,0,0.2164,0.2750,-0.05857,1,1,+0.40218,+0.36608,0.11125,245.90,1,-10.000,-0.02554,-12.758,-0.00000,-17.80,+0.00000,1,+0.62749,+0.00000,0.00651,-4.062,0,213.3,0.0
12.4240,2,0,0.2164,0.2750,-0.05857,1,1,+0.40218,+0.36608,0.11125,245.90,1,-10.000,-0.02554,-12.758,-0.00000,-17.80,+0.00000,1,+0.62749,+0.00000,0.00651,-4.062,0,213.3,0.0
12.4285,2,0,0.2164,0.2750,-0.05857,1,1,+0.40218,+0.36608,0.11125,245.90,1,-10.000,-0.02554,-12.758,-0.00000,-17.80,+0.00000,1,+0.62749,+0.00000,0.00651,-4.062,0,213.3,0.0
12.4328,2,0,0.2164,0.2750,-0.05857,1,1,+0.40218,+0.36608,0.11125,245.90,1,-10.000,-0.02553,-12.758,-0.00000,-17.80,+0.00000,1,+0.62749,+0.00000,0.00651,-4.064,0,213.3,0.0
12.4373,2,0,0.2164,0.2750,-0.05857,1,1,+0.40218,+0.36608,0.11125,245.90,1,-10.000,-0.02553,-12.758,-0.00000,-17.80,+0.00000,1,+0.62749,+0.00000,0.00651,-4.064,0,213.3,0.0
12.4415,2,0,0.2164,0.2750,-0.05857,1,1,+0.40218,+0.36608,0.11125,245.90,1,-10.000,-0.02554,-12.758,-0.00000,-17.80,+0.00000,1,+0.62749,+0.00000,0.00651,-4.063,0,213.3,0.0
12.4460,2,0,0.2164,0.2750,-0.05857,1,1,+0.40218,+0.36608,0.11125,245.90,1,-10.000,-0.02554,-12.758,-0.00000,-17.80,+0.00000,1,+0.62749,+0.00000,0.00651,-4.063,0,213.3,0.0
12.4519,2,0,0.2164,0.2750,-0.05857,1,1,+0.40218,+0.36608,0.11125,245.90,1,-10.000,-0.02554,-12.758,-0.00000,-17.80,+0.00000,1,+0.62749,+0.00000,0.00651,-4.061,0,213.3,0.0
12.4566,2,0,0.2164,0.2750,-0.05857,1,1,+0.40218,+0.36608,0.11125,245.90,1,-10.000,-0.02554,-12.758,-0.00000,-17.80,+0.00000,1,+0.62749,+0.00000,0.00651,-4.062,0,213.3,0.0
12.4612,2,0,0.2164,0.2750,-0.05857,1,1,+0.40218,+0.36608,0.11125,245.90,1,-10.000,-0.02554,-12.758,-0.00000,-17.80,+0.00000,1,+0.62749,+0.00000,0.00651,-4.062,0,213.3,0.0
12.4660,2,0,0.2164,0.2750,-0.05857,1,1,+0.40218,+0.36608,0.11125,245.90,1,-10.000,-0.02553,-12.758,-0.00000,-17.80,+0.00000,1,+0.62749,+0.00000,0.00651,-4.064,0,213.3,0.0
12.4702,2,0,0.2164,0.2750,-0.05857,1,1,+0.40218,+0.36608,0.11125,245.90,1,-10.000,-0.02553,-12.758,-0.00000,-17.80,+0.00000,1,+0.62749,+0.00000,0.00651,-4.064,0,213.3,0.0
12.4747,2,0,0.2164,0.2750,-0.05857,1,1,+0.40218,+0.36608,0.11125,245.90,1,-10.000,-0.02558,-12.758,-0.00000,-17.80,+0.00000,1,+0.62749,+0.00000,0.00651,-4.054,0,213.3,0.0
12.4794,2,0,0.2164,0.2750,-0.05857,1,1,+0.40218,+0.36608,0.11125,245.90,1,-10.000,-0.02558,-12.758,-0.00000,-17.80,+0.00000,1,+0.62749,+0.00000,0.00651,-4.054,0,213.3,0.0
12.4839,2,0,0.2164,0.2750,-0.05857,1,1,+0.40218,+0.36608,0.11125,245.90,1,-10.000,-0.02560,-12.758,-0.00000,-17.80,+0.00000,1,+0.62749,+0.00000,0.00651,-4.049,0,213.3,0.0
12.4882,2,0,0.2164,0.2750,-0.05857,1,1,+0.40218,+0.36608,0.11125,245.90,1,-10.000,-0.02561,-12.758,-0.00000,-17.80,+0.00000,1,+0.62749,+0.00000,0.00651,-4.047,0,213.3,0.0
12.4927,2,0,0.2164,0.2750,-0.05857,1,1,+0.40218,+0.36608,0.11125,245.90,1,-10.000,-0.02561,-12.758,-0.00000,-17.80,+0.00000,1,+0.62749,+0.00000,0.00651,-4.047,0,213.3,0.0
12.4971,2,0,0.2164,0.2750,-0.05857,1,1,+0.40218,+0.36608,0.11125,245.90,1,-10.000,-0.02561,-12.758,-0.00000,-17.80,+0.00000,1,+0.62749,+0.00000,0.00651,-4.047,0,213.3,0.0
12.5021,2,0,0.2164,0.2750,-0.05857,1,1,+0.40218,+0.36608,0.11125,245.90,1,-10.000,-0.02559,-12.758,-0.00000,-17.80,+0.00000,1,+0.62749,+0.00000,0.00651,-4.050,0,213.3,0.0
12.5066,2,0,0.2164,0.2750,-0.05857,1,1,+0.40218,+0.36608,0.11125,245.90,1,-10.000,-0.02560,-12.758,-0.00000,-17.80,+0.00000,1,+0.62749,+0.00000,0.00651,-4.047,0,213.3,0.0
12.5111,2,0,0.2164,0.2750,-0.05857,1,1,+0.40218,+0.36608,0.11125,245.90,1,-10.000,-0.02560,-12.758,-0.00000,-17.80,+0.00000,1,+0.62749,+0.00000,0.00651,-4.047,0,213.3,0.0
12.5154,2,0,0.2164,0.2750,-0.05857,1,1,+0.40218,+0.36608,0.11125,245.90,1,-10.000,-0.02561,-12.758,-0.00000,-17.80,+0.00000,1,+0.62749,+0.00000,0.00651,-4.046,0,213.3,0.0
12.5198,2,0,0.2164,0.2750,-0.05857,1,1,+0.40218,+0.36608,0.11125,245.90,1,-10.000,-0.02561,-12.758,-0.00000,-17.80,+0.00000,1,+0.62749,+0.00000,0.00651,-4.046,0,213.3,0.0
12.5241,2,0,0.2164,0.2750,-0.05857,1,1,+0.40218,+0.36608,0.11125,245.90,1,-10.000,-0.02561,-12.758,-0.00000,-17.80,+0.00000,1,+0.62749,+0.00000,0.00651,-4.046,0,213.3,0.0
12.5284,2,0,0.2164,0.2750,-0.05857,1,1,+0.40218,+0.36608,0.11125,245.90,1,-10.000,-0.02557,-12.758,-0.00000,-17.80,+0.00000,1,+0.62749,+0.00000,0.00651,-4.056,0,213.3,0.0
12.5333,2,0,0.2164,0.2750,-0.05857,1,1,+0.40218,+0.36608,0.11125,245.90,1,-10.000,-0.02560,-12.758,-0.00000,-17.80,+0.00000,1,+0.62749,+0.00000,0.00651,-4.049,0,213.3,0.0
12.5379,2,0,0.2164,0.2750,-0.05857,1,1,+0.40218,+0.36608,0.11125,245.90,1,-10.000,-0.02560,-12.758,-0.00000,-17.80,+0.00000,1,+0.62749,+0.00000,0.00651,-4.049,0,213.3,0.0
12.5461,2,0,0.2164,0.2750,-0.05857,1,1,+0.40218,+0.36608,0.11125,245.90,1,-10.000,-0.02559,-12.758,-0.00000,-17.80,+0.00000,1,+0.62749,+0.00000,0.00651,-4.051,0,213.3,0.0
12.5506,2,0,0.2164,0.2750,-0.05857,1,1,+0.40218,+0.36608,0.11125,245.90,1,-10.000,-0.02559,-12.758,-0.00000,-17.80,+0.00000,1,+0.62749,+0.00000,0.00651,-4.051,0,213.3,0.0
12.5551,2,0,0.2164,0.2750,-0.05857,1,1,+0.40218,+0.36608,0.11125,245.90,1,-10.000,-0.02558,-12.758,-0.00000,-17.80,+0.00000,1,+0.62749,+0.00000,0.00651,-4.052,0,213.3,0.0
12.5597,2,0,0.2164,0.2750,-0.05857,1,1,+0.40218,+0.36608,0.11125,245.90,1,-10.000,-0.02558,-12.758,-0.00000,-17.80,+0.00000,1,+0.62749,+0.00000,0.00651,-4.052,0,213.3,0.0
12.5643,2,0,0.2164,0.2750,-0.05857,1,1,+0.40218,+0.36608,0.11125,245.90,1,-10.000,-0.02558,-12.758,-0.00000,-17.80,+0.00000,1,+0.62749,+0.00000,0.00651,-4.054,0,213.3,0.0
12.5686,2,0,0.2164,0.2750,-0.05857,1,1,+0.40218,+0.36608,0.11125,245.90,1,-10.000,-0.02558,-12.758,-0.00000,-17.80,+0.00000,1,+0.62749,+0.00000,0.00651,-4.054,0,213.3,0.0
12.5738,2,0,0.2164,0.2750,-0.05857,1,1,+0.40218,+0.36608,0.11125,245.90,1,-10.000,-0.02555,-12.758,-0.00000,-17.80,+0.00000,1,+0.62749,+0.00000,0.00651,-4.059,0,213.3,0.0
12.5781,2,0,0.2164,0.2750,-0.05857,1,1,+0.40218,+0.36608,0.11125,245.90,1,-10.000,-0.02555,-12.758,-0.00000,-17.80,+0.00000,1,+0.62749,+0.00000,0.00651,-4.059,0,213.3,0.0
12.5824,2,0,0.2164,0.2750,-0.05857,1,1,+0.40218,+0.36608,0.11125,245.90,1,-10.000,-0.02557,-12.758,-0.00000,-17.80,+0.00000,1,+0.62749,+0.00000,0.00651,-4.056,0,213.3,0.0
12.5869,2,0,0.2164,0.2750,-0.05857,1,1,+0.40218,+0.36608,0.11125,245.90,1,-10.000,-0.02557,-12.758,-0.00000,-17.80,+0.00000,1,+0.62749,+0.00000,0.00651,-4.056,0,213.3,0.0
12.5915,2,0,0.2164,0.2750,-0.05857,1,1,+0.40218,+0.36608,0.11125,245.90,1,-10.000,-0.02557,-12.758,-0.00000,-17.80,+0.00000,1,+0.62749,+0.00000,0.00651,-4.056,0,213.3,0.0
12.5962,2,0,0.2164,0.2750,-0.05857,1,1,+0.40218,+0.36608,0.11125,245.90,1,-10.000,-0.02557,-12.758,-0.00000,-17.80,+0.00000,1,+0.62749,+0.00000,0.00651,-4.056,0,213.3,0.0
12.6006,2,0,0.2164,0.2750,-0.05857,1,1,+0.40218,+0.36608,0.11125,245.90,1,-10.000,-0.02556,-12.758,-0.00000,-17.80,+0.00000,1,+0.62749,+0.00000,0.00651,-4.057,0,213.3,0.0
12.6050,2,0,0.2164,0.2750,-0.05857,1,1,+0.40218,+0.36608,0.11125,245.90,1,-10.000,-0.02556,-12.758,-0.00000,-17.80,+0.00000,1,+0.62749,+0.00000,0.00651,-4.057,0,213.3,0.0
12.6094,2,0,0.2164,0.2750,-0.05857,1,1,+0.40218,+0.36608,0.11125,245.90,1,-10.000,-0.02554,-12.758,-0.00000,-17.80,+0.00000,1,+0.62749,+0.00000,0.00651,-4.062,0,213.3,0.0
12.6138,2,0,0.2164,0.2750,-0.05857,1,1,+0.40218,+0.36608,0.11125,245.90,1,-10.000,-0.02554,-12.758,-0.00000,-17.80,+0.00000,1,+0.62749,+0.00000,0.00651,-4.062,0,213.3,0.0
12.6185,2,0,0.2164,0.2750,-0.05857,1,1,+0.40218,+0.36608,0.11125,245.90,1,-10.000,-0.02557,-12.758,-0.00000,-17.80,+0.00000,1,+0.62749,+0.00000,0.00651,-4.054,0,213.3,0.0
12.6235,2,0,0.2164,0.2750,-0.05857,1,1,+0.40218,+0.36608,0.11125,245.90,1,-10.000,-0.02557,-12.758,-0.00000,-17.80,+0.00000,1,+0.62749,+0.00000,0.00651,-4.055,0,213.3,0.0
12.6283,2,0,0.2164,0.2750,-0.05857,1,1,+0.40218,+0.36608,0.11125,245.90,1,-10.000,-0.02557,-12.758,-0.00000,-17.80,+0.00000,1,+0.62749,+0.00000,0.00651,-4.055,0,213.3,0.0
12.6325,2,0,0.2164,0.2750,-0.05857,1,1,+0.40218,+0.36608,0.11125,245.90,1,-10.000,-0.02557,-12.758,-0.00000,-17.80,+0.00000,1,+0.62749,+0.00000,0.00651,-4.056,0,213.3,0.0
12.6372,2,0,0.2164,0.2750,-0.05857,1,1,+0.40218,+0.36608,0.11125,245.90,1,-10.000,-0.02557,-12.758,-0.00000,-17.80,+0.00000,1,+0.62749,+0.00000,0.00651,-4.056,0,213.3,0.0
12.6418,2,0,0.2164,0.2750,-0.05857,1,1,+0.40218,+0.36608,0.11125,245.90,1,-10.000,-0.02560,-12.758,-0.00000,-17.80,+0.00000,1,+0.62749,+0.00000,0.00651,-4.048,0,213.3,0.0
12.6464,2,0,0.2164,0.2750,-0.05857,1,1,+0.40218,+0.36608,0.11125,245.90,1,-10.000,-0.02560,-12.758,-0.00000,-17.80,+0.00000,1,+0.62749,+0.00000,0.00651,-4.048,0,213.3,0.0
12.6515,2,0,0.2164,0.2750,-0.05857,1,1,+0.40218,+0.36608,0.11125,245.90,1,-10.000,-0.02557,-12.758,-0.00000,-17.80,+0.00000,1,+0.62749,+0.00000,0.00651,-4.055,0,213.3,0.0
12.6568,2,0,0.2164,0.2750,-0.05857,1,1,+0.40218,+0.36608,0.11125,245.90,1,-10.000,-0.02557,-12.758,-0.00000,-17.80,+0.00000,1,+0.62749,+0.00000,0.00651,-4.055,0,213.3,0.0
12.6622,2,0,0.2164,0.2750,-0.05857,1,1,+0.40218,+0.36608,0.11125,245.90,1,-10.000,-0.02556,-12.758,-0.00000,-17.80,+0.00000,1,+0.62749,+0.00000,0.00651,-4.056,0,213.3,0.0
12.6669,2,0,0.2164,0.2750,-0.05857,1,1,+0.40218,+0.36608,0.11125,245.90,1,-10.000,-0.02561,-12.758,-0.00000,-17.80,+0.00000,1,+0.62749,+0.00000,0.00651,-4.045,0,213.3,0.0
12.6718,2,0,0.2164,0.2750,-0.05857,1,1,+0.40218,+0.36608,0.11125,245.90,1,-10.000,-0.02561,-12.758,-0.00000,-17.80,+0.00000,1,+0.62749,+0.00000,0.00651,-4.045,0,213.3,0.0
12.6763,2,0,0.2164,0.2750,-0.05857,1,1,+0.40218,+0.36608,0.11125,245.90,1,-10.000,-0.02560,-12.758,-0.00000,-17.80,+0.00000,1,+0.62749,+0.00000,0.00651,-4.048,0,213.3,0.0
12.6808,2,0,0.2164,0.2750,-0.05857,1,1,+0.40218,+0.36608,0.11125,245.90,1,-10.000,-0.02560,-12.758,-0.00000,-17.80,+0.00000,1,+0.62749,+0.00000,0.00651,-4.048,0,213.3,0.0
12.6855,2,0,0.2164,0.2750,-0.05857,1,1,+0.40218,+0.36608,0.11125,245.90,1,-10.000,-0.02560,-12.758,-0.00000,-17.80,+0.00000,1,+0.62749,+0.00000,0.00651,-4.049,0,213.3,0.0
12.6898,2,0,0.2164,0.2750,-0.05857,1,1,+0.40218,+0.36608,0.11125,245.90,1,-10.000,-0.02560,-12.758,-0.00000,-17.80,+0.00000,1,+0.62749,+0.00000,0.00651,-4.049,0,213.3,0.0
12.6943,2,0,0.2164,0.2750,-0.05857,1,1,+0.40218,+0.36608,0.11125,245.90,1,-10.000,-0.02562,-12.758,-0.00000,-17.80,+0.00000,1,+0.62749,+0.00000,0.00651,-4.043,0,213.3,0.0
12.6986,2,0,0.2164,0.2750,-0.05857,1,1,+0.40218,+0.36608,0.11125,245.90,1,-10.000,-0.02562,-12.758,-0.00000,-17.80,+0.00000,1,+0.62749,+0.00000,0.00651,-4.043,0,213.3,0.0
12.7040,2,0,0.2164,0.2750,-0.05857,1,1,+0.40218,+0.36608,0.11125,245.90,1,-10.000,-0.02560,-12.758,-0.00000,-17.80,+0.00000,1,+0.62749,+0.00000,0.00651,-4.048,0,213.3,0.0
12.7091,2,0,0.2164,0.2750,-0.05857,1,1,+0.40218,+0.36608,0.11125,245.90,1,-10.000,-0.02560,-12.758,-0.00000,-17.80,+0.00000,1,+0.62749,+0.00000,0.00651,-4.048,0,213.3,0.0
12.7135,2,0,0.2164,0.2750,-0.05857,1,1,+0.40218,+0.36608,0.11125,245.90,1,-10.000,-0.02558,-12.758,-0.00000,-17.80,+0.00000,1,+0.62749,+0.00000,0.00651,-4.054,0,213.3,0.0
12.7185,2,0,0.2164,0.2750,-0.05857,1,1,+0.40218,+0.36608,0.11125,245.90,1,-10.000,-0.02558,-12.758,-0.00000,-17.80,+0.00000,1,+0.62749,+0.00000,0.00651,-4.054,0,213.3,0.0
12.7228,2,0,0.2164,0.2750,-0.05857,1,1,+0.40218,+0.36608,0.11125,245.90,1,-10.000,-0.02561,-12.758,-0.00000,-17.80,+0.00000,1,+0.62749,+0.00000,0.00651,-4.047,0,213.3,0.0
12.7274,2,0,0.2164,0.2750,-0.05857,1,1,+0.40218,+0.36608,0.11125,245.90,1,-10.000,-0.02561,-12.758,-0.00000,-17.80,+0.00000,1,+0.62749,+0.00000,0.00651,-4.047,0,213.3,0.0
12.7319,2,0,0.2164,0.2750,-0.05857,1,1,+0.40218,+0.36608,0.11125,245.90,1,-10.000,-0.02561,-12.758,-0.00000,-17.80,+0.00000,1,+0.62749,+0.00000,0.00651,-4.047,0,213.3,0.0
12.7363,2,0,0.2164,0.2750,-0.05857,1,1,+0.40218,+0.36608,0.11125,245.90,1,-10.000,-0.02561,-12.758,-0.00000,-17.80,+0.00000,1,+0.62749,+0.00000,0.00651,-4.047,0,213.3,0.0
12.7409,2,0,0.2164,0.2750,-0.05857,1,1,+0.40218,+0.36608,0.11125,245.90,1,-10.000,-0.02561,-12.758,-0.00000,-17.80,+0.00000,1,+0.62749,+0.00000,0.00651,-4.047,0,213.3,0.0
12.7459,2,0,0.2164,0.2750,-0.05857,1,1,+0.40218,+0.36608,0.11125,245.90,1,-10.000,-0.02561,-12.758,-0.00000,-17.80,+0.00000,1,+0.62749,+0.00000,0.00651,-4.045,0,213.3,0.0
12.7501,2,0,0.2164,0.2750,-0.05857,1,1,+0.40218,+0.36608,0.11125,245.90,1,-10.000,-0.02561,-12.758,-0.00000,-17.80,+0.00000,1,+0.62749,+0.00000,0.00651,-4.045,0,213.3,0.0
12.7547,2,0,0.2164,0.2750,-0.05857,1,1,+0.40218,+0.36608,0.11125,245.90,1,-10.000,-0.02563,-12.758,-0.00000,-17.80,+0.00000,1,+0.62749,+0.00000,0.00651,-4.043,0,213.3,0.0
12.7594,2,0,0.2164,0.2750,-0.05857,1,1,+0.40218,+0.36608,0.11125,245.90,1,-10.000,-0.02563,-12.758,-0.00000,-17.80,+0.00000,1,+0.62749,+0.00000,0.00651,-4.043,0,213.3,0.0
12.7641,2,0,0.2164,0.2750,-0.05857,1,1,+0.40218,+0.36608,0.11125,245.90,1,-10.000,-0.02564,-12.758,-0.00000,-17.80,+0.00000,1,+0.62749,+0.00000,0.00651,-4.038,0,213.3,0.0
12.7683,2,0,0.2164,0.2750,-0.05857,1,1,+0.40218,+0.36608,0.11125,245.90,1,-10.000,-0.02564,-12.758,-0.00000,-17.80,+0.00000,1,+0.62749,+0.00000,0.00651,-4.038,0,213.3,0.0
12.7730,2,0,0.2164,0.2750,-0.05857,1,1,+0.40218,+0.36608,0.11125,245.90,1,-10.000,-0.02563,-12.758,-0.00000,-17.80,+0.00000,1,+0.62749,+0.00000,0.00651,-4.043,0,213.3,0.0
12.7772,2,0,0.2164,0.2750,-0.05857,1,1,+0.40218,+0.36608,0.11125,245.90,1,-10.000,-0.02563,-12.758,-0.00000,-17.80,+0.00000,1,+0.62749,+0.00000,0.00651,-4.043,0,213.3,0.0
12.7819,2,0,0.2164,0.2750,-0.05857,1,1,+0.40218,+0.36608,0.11125,245.90,1,-10.000,-0.02567,-12.758,-0.00000,-17.80,+0.00000,1,+0.62749,+0.00000,0.00651,-4.033,0,213.3,0.0
12.7867,2,0,0.2164,0.2750,-0.05857,1,1,+0.40218,+0.36608,0.11125,245.90,1,-10.000,-0.02567,-12.758,-0.00000,-17.80,+0.00000,1,+0.62749,+0.00000,0.00651,-4.033,0,213.3,0.0
12.7913,2,0,0.2164,0.2750,-0.05857,1,1,+0.40218,+0.36608,0.11125,245.90,1,-10.000,-0.02566,-12.758,-0.00000,-17.80,+0.00000,1,+0.62749,+0.00000,0.00651,-4.036,0,213.3,0.0
12.7960,2,0,0.2164,0.2750,-0.05857,1,1,+0.40218,+0.36608,0.11125,245.90,1,-10.000,-0.02566,-12.758,-0.00000,-17.80,+0.00000,1,+0.62749,+0.00000,0.00651,-4.036,0,213.3,0.0
12.8006,2,0,0.2164,0.2750,-0.05857,1,1,+0.40218,+0.36608,0.11125,245.90,1,-10.000,-0.02566,-12.758,-0.00000,-17.80,+0.00000,1,+0.62749,+0.00000,0.00651,-4.036,0,213.3,0.0
12.8053,2,0,0.2164,0.2750,-0.05857,1,1,+0.40218,+0.36608,0.11125,245.90,1,-10.000,-0.02568,-12.758,-0.00000,-17.80,+0.00000,1,+0.62749,+0.00000,0.00651,-4.031,0,213.3,0.0
12.8098,2,0,0.2164,0.2750,-0.05857,1,1,+0.40218,+0.36608,0.11125,245.90,1,-10.000,-0.02568,-12.758,-0.00000,-17.80,+0.00000,1,+0.62749,+0.00000,0.00651,-4.031,0,213.3,0.0
12.8146,2,0,0.2164,0.2750,-0.05857,1,1,+0.40218,+0.36608,0.11125,245.90,1,-10.000,-0.02566,-12.758,-0.00000,-17.80,+0.00000,1,+0.62749,+0.00000,0.00651,-4.036,0,213.3,0.0
12.8192,2,0,0.2164,0.2750,-0.05857,1,1,+0.40218,+0.36608,0.11125,245.90,1,-10.000,-0.02566,-12.758,-0.00000,-17.80,+0.00000,1,+0.62749,+0.00000,0.00651,-4.036,0,213.3,0.0
12.8238,2,0,0.2164,0.2750,-0.05857,1,1,+0.40218,+0.36608,0.11125,245.90,1,-10.000,-0.02568,-12.758,-0.00000,-17.80,+0.00000,1,+0.62749,+0.00000,0.00651,-4.030,0,213.3,0.0
12.8281,2,0,0.2164,0.2750,-0.05857,1,1,+0.40218,+0.36608,0.11125,245.90,1,-10.000,-0.02568,-12.758,-0.00000,-17.80,+0.00000,1,+0.62749,+0.00000,0.00651,-4.030,0,213.3,0.0
12.8325,2,0,0.2164,0.2750,-0.05857,1,1,+0.40218,+0.36608,0.11125,245.90,1,-10.000,-0.02567,-12.758,-0.00000,-17.80,+0.00000,1,+0.62749,+0.00000,0.00651,-4.032,0,213.3,0.0
12.8367,2,0,0.2164,0.2750,-0.05857,1,1,+0.40218,+0.36608,0.11125,245.90,1,-10.000,-0.02567,-12.758,-0.00000,-17.80,+0.00000,1,+0.62749,+0.00000,0.00651,-4.032,0,213.3,0.0
12.8414,2,0,0.2164,0.2750,-0.05857,1,1,+0.40218,+0.36608,0.11125,245.90,1,-10.000,-0.02566,-12.758,-0.00000,-17.80,+0.00000,1,+0.62749,+0.00000,0.00651,-4.034,0,213.3,0.0
12.8458,2,0,0.2164,0.2750,-0.05857,1,1,+0.40218,+0.36608,0.11125,245.90,1,-10.000,-0.02566,-12.758,-0.00000,-17.80,+0.00000,1,+0.62749,+0.00000,0.00651,-4.034,0,213.3,0.0
12.8504,2,0,0.2164,0.2750,-0.05857,1,1,+0.40218,+0.36608,0.11125,245.90,1,-10.000,-0.02568,-12.758,-0.00000,-17.80,+0.00000,1,+0.62749,+0.00000,0.00651,-4.030,0,213.3,0.0
12.8547,2,0,0.2164,0.2750,-0.05857,1,1,+0.40218,+0.36608,0.11125,245.90,1,-10.000,-0.02568,-12.758,-0.00000,-17.80,+0.00000,1,+0.62749,+0.00000,0.00651,-4.030,0,213.3,0.0
12.8590,2,0,0.2164,0.2750,-0.05857,1,1,+0.40218,+0.36608,0.11125,245.90,1,-10.000,-0.02570,-12.758,-0.00000,-17.80,+0.00000,1,+0.62749,+0.00000,0.00651,-4.027,0,213.3,0.0
12.8637,2,0,0.2164,0.2750,-0.05857,1,1,+0.40218,+0.36608,0.11125,245.90,1,-10.000,-0.02570,-12.758,-0.00000,-17.80,+0.00000,1,+0.62749,+0.00000,0.00651,-4.027,0,213.3,0.0
12.8682,2,0,0.2164,0.2750,-0.05857,1,1,+0.40218,+0.36608,0.11125,245.90,1,-10.000,-0.02569,-12.758,-0.00000,-17.80,+0.00000,1,+0.62749,+0.00000,0.00651,-4.029,0,213.3,0.0
12.8725,2,0,0.2164,0.2750,-0.05857,1,1,+0.40218,+0.36608,0.11125,245.90,1,-10.000,-0.02569,-12.758,-0.00000,-17.80,+0.00000,1,+0.62749,+0.00000,0.00651,-4.029,0,213.3,0.0
12.8770,2,0,0.2164,0.2750,-0.05857,1,1,+0.40218,+0.36608,0.11125,245.90,1,-10.000,-0.02568,-12.758,-0.00000,-17.80,+0.00000,1,+0.62749,+0.00000,0.00651,-4.031,0,213.3,0.0
12.8813,2,0,0.2164,0.2750,-0.05857,1,1,+0.40218,+0.36608,0.11125,245.90,1,-10.000,-0.02568,-12.758,-0.00000,-17.80,+0.00000,1,+0.62749,+0.00000,0.00651,-4.031,0,213.3,0.0
12.8855,2,0,0.2164,0.2750,-0.05857,1,1,+0.40218,+0.36608,0.11125,245.90,1,-10.000,-0.02568,-12.758,-0.00000,-17.80,+0.00000,1,+0.62749,+0.00000,0.00651,-4.029,0,213.3,0.0
12.8902,2,0,0.2164,0.2750,-0.05857,1,1,+0.40218,+0.36608,0.11125,245.90,1,-10.000,-0.02568,-12.758,-0.00000,-17.80,+0.00000,1,+0.62749,+0.00000,0.00651,-4.029,0,213.3,0.0
12.8945,2,0,0.2164,0.2750,-0.05857,1,1,+0.40218,+0.36608,0.11125,245.90,1,-10.000,-0.02570,-12.758,-0.00000,-17.80,+0.00000,1,+0.62749,+0.00000,0.00651,-4.025,0,213.3,0.0
12.8992,2,0,0.2164,0.2750,-0.05857,1,1,+0.40218,+0.36608,0.11125,245.90,1,-10.000,-0.02570,-12.758,-0.00000,-17.80,+0.00000,1,+0.62749,+0.00000,0.00651,-4.025,0,213.3,0.0
12.9043,2,0,0.2164,0.2750,-0.05857,1,1,+0.40218,+0.36608,0.11125,245.90,1,-10.000,-0.02569,-12.758,-0.00000,-17.80,+0.00000,1,+0.62749,+0.00000,0.00651,-4.029,0,213.3,0.0
12.9093,2,0,0.2164,0.2750,-0.05857,1,1,+0.40218,+0.36608,0.11125,245.90,1,-10.000,-0.02570,-12.758,-0.00000,-17.80,+0.00000,1,+0.62749,+0.00000,0.00651,-4.025,0,213.3,0.0
12.9135,2,0,0.2164,0.2750,-0.05857,1,1,+0.40218,+0.36608,0.11125,245.90,1,-10.000,-0.02570,-12.758,-0.00000,-17.80,+0.00000,1,+0.62749,+0.00000,0.00651,-4.025,0,213.3,0.0
12.9179,2,0,0.2164,0.2750,-0.05857,1,1,+0.40218,+0.36608,0.11125,245.90,1,-10.000,-0.02570,-12.758,-0.00000,-17.80,+0.00000,1,+0.62749,+0.00000,0.00651,-4.025,0,213.3,0.0
12.9225,2,0,0.2164,0.2750,-0.05857,1,1,+0.40218,+0.36608,0.11125,245.90,1,-10.000,-0.02568,-12.758,-0.00000,-17.80,+0.00000,1,+0.62749,+0.00000,0.00651,-4.030,0,213.3,0.0
12.9270,2,0,0.2164,0.2750,-0.05857,1,1,+0.40218,+0.36608,0.11125,245.90,1,-10.000,-0.02571,-12.758,-0.00000,-17.80,+0.00000,1,+0.62749,+0.00000,0.00651,-4.024,0,213.3,0.0
12.9316,2,0,0.2164,0.2750,-0.05857,1,1,+0.40218,+0.36608,0.11125,245.90,1,-10.000,-0.02571,-12.758,-0.00000,-17.80,+0.00000,1,+0.62749,+0.00000,0.00651,-4.024,0,213.3,0.0
12.9376,2,0,0.2164,0.2750,-0.05857,1,1,+0.40218,+0.36608,0.11125,245.90,1,-10.000,-0.02572,-12.757,-0.00000,-17.80,+0.00000,1,+0.62749,+0.00000,0.00651,-4.022,0,213.3,0.0
12.9424,2,0,0.2164,0.2750,-0.05857,1,1,+0.40218,+0.36608,0.11125,245.90,1,-10.000,-0.02572,-12.757,-0.00000,-17.80,+0.00000,1,+0.62749,+0.00000,0.00651,-4.022,0,213.3,0.0
12.9470,2,0,0.2164,0.2750,-0.05857,1,1,+0.40218,+0.36608,0.11125,245.90,1,-10.000,-0.02572,-12.757,-0.00000,-17.80,+0.00000,1,+0.62749,+0.00000,0.00651,-4.021,0,213.3,0.0
12.9516,2,0,0.2164,0.2750,-0.05857,1,1,+0.40218,+0.36608,0.11125,245.90,1,-10.000,-0.02574,-12.757,-0.00000,-17.80,+0.00000,1,+0.62749,+0.00000,0.00651,-4.016,0,213.3,0.0
12.9561,2,0,0.2164,0.2750,-0.05857,1,1,+0.40218,+0.36608,0.11125,245.90,1,-10.000,-0.02574,-12.757,-0.00000,-17.80,+0.00000,1,+0.62749,+0.00000,0.00651,-4.016,0,213.3,0.0
12.9607,2,0,0.2164,0.2750,-0.05857,1,1,+0.40218,+0.36608,0.11125,245.90,1,-10.000,-0.02574,-12.757,-0.00000,-17.80,+0.00000,1,+0.62749,+0.00000,0.00651,-4.016,0,213.3,0.0
12.9652,2,0,0.2164,0.2750,-0.05857,1,1,+0.40218,+0.36608,0.11125,245.90,1,-10.000,-0.02570,-12.758,-0.00000,-17.80,+0.00000,1,+0.62749,+0.00000,0.00651,-4.025,0,213.3,0.0
12.9699,2,0,0.2164,0.2750,-0.05857,1,1,+0.40218,+0.36608,0.11125,245.90,1,-10.000,-0.02570,-12.758,-0.00000,-17.80,+0.00000,1,+0.62749,+0.00000,0.00651,-4.025,0,213.3,0.0
12.9744,2,0,0.2164,0.2750,-0.05857,1,1,+0.40218,+0.36608,0.11125,245.90,1,-10.000,-0.02571,-12.758,-0.00000,-17.80,+0.00000,1,+0.62749,+0.00000,0.00651,-4.024,0,213.3,0.0
12.9791,2,0,0.2164,0.2750,-0.05857,1,1,+0.40218,+0.36608,0.11125,245.90,1,-10.000,-0.02574,-12.757,-0.00000,-17.80,+0.00000,1,+0.62749,+0.00000,0.00651,-4.016,0,213.3,0.0
12.9833,2,0,0.2164,0.2750,-0.05857,1,1,+0.40218,+0.36608,0.11125,245.90,1,-10.000,-0.02574,-12.757,-0.00000,-17.80,+0.00000,1,+0.62749,+0.00000,0.00651,-4.016,0,213.3,0.0
12.9874,2,0,0.2164,0.2750,-0.05857,1,1,+0.40218,+0.36608,0.11125,245.90,1,-10.000,-0.02573,-12.757,-0.00000,-17.80,+0.00000,1,+0.62749,+0.00000,0.00651,-4.019,0,213.3,0.0
12.9920,2,0,0.2164,0.2750,-0.05857,1,1,+0.40218,+0.36608,0.11125,245.90,1,-10.000,-0.02573,-12.757,-0.00000,-17.80,+0.00000,1,+0.62749,+0.00000,0.00651,-4.019,0,213.3,0.0
12.9966,2,0,0.2164,0.2750,-0.05857,1,1,+0.40218,+0.36608,0.11125,245.90,1,-10.000,-0.02574,-12.757,-0.00000,-17.80,+0.00000,1,+0.62749,+0.00000,0.00651,-4.016,0,213.3,0.0
13.0012,2,0,0.2164,0.2750,-0.05857,1,1,+0.40218,+0.36608,0.11125,245.90,1,-10.000,-0.02574,-12.757,-0.00000,-17.80,+0.00000,1,+0.62749,+0.00000,0.00651,-4.016,0,213.3,0.0
13.0058,2,0,0.2164,0.2750,-0.05857,1,1,+0.40218,+0.36608,0.11125,245.90,1,-10.000,-0.02574,-12.757,-0.00000,-17.80,+0.00000,1,+0.62749,+0.00000,0.00651,-4.016,0,213.3,0.0
13.0103,2,0,0.2164,0.2750,-0.05857,1,1,+0.40218,+0.36608,0.11125,245.90,1,-10.000,-0.02569,-12.758,-0.00000,-17.80,+0.00000,1,+0.62749,+0.00000,0.00651,-4.028,0,213.3,0.0
13.0149,2,0,0.2164,0.2750,-0.05857,1,1,+0.40218,+0.36608,0.11125,245.90,1,-10.000,-0.02573,-12.757,-0.00000,-17.80,+0.00000,1,+0.62749,+0.00000,0.00651,-4.018,0,213.3,0.0
13.0193,2,0,0.2164,0.2750,-0.05857,1,1,+0.40218,+0.36608,0.11125,245.90,1,-10.000,-0.02573,-12.757,-0.00000,-17.80,+0.00000,1,+0.62749,+0.00000,0.00651,-4.018,0,213.3,0.0
13.0235,2,0,0.2164,0.2750,-0.05857,1,1,+0.40218,+0.36608,0.11125,245.90,1,-10.000,-0.02573,-12.757,-0.00000,-17.80,+0.00000,1,+0.62749,+0.00000,0.00651,-4.018,0,213.3,0.0
13.0281,2,0,0.2164,0.2750,-0.05857,1,1,+0.40218,+0.36608,0.11125,245.90,1,-10.000,-0.02569,-12.758,-0.00000,-17.80,+0.00000,1,+0.62749,+0.00000,0.00651,-4.029,0,213.3,0.0
13.0327,2,0,0.2164,0.2750,-0.05857,1,1,+0.40218,+0.36608,0.11125,245.90,1,-10.000,-0.02569,-12.758,-0.00000,-17.80,+0.00000,1,+0.62749,+0.00000,0.00651,-4.029,0,213.3,0.0
13.0376,2,0,0.2164,0.2750,-0.05857,1,1,+0.40218,+0.36608,0.11125,245.90,1,-10.000,-0.02568,-12.758,-0.00000,-17.80,+0.00000,1,+0.62749,+0.00000,0.00651,-4.031,0,213.3,0.0
13.0423,2,0,0.2164,0.2750,-0.05857,1,1,+0.40218,+0.36608,0.11125,245.90,1,-10.000,-0.02569,-12.758,-0.00000,-17.80,+0.00000,1,+0.62749,+0.00000,0.00651,-4.028,0,213.3,0.0
13.0513,2,0,0.2164,0.2750,-0.05857,1,1,+0.40218,+0.36608,0.11125,245.90,1,-10.000,-0.02569,-12.758,-0.00000,-17.80,+0.00000,1,+0.62749,+0.00000,0.00651,-4.028,0,213.3,0.0
13.0559,2,0,0.2164,0.2750,-0.05857,1,1,+0.40218,+0.36608,0.11125,245.90,1,-10.000,-0.02565,-12.758,-0.00000,-17.80,+0.00000,1,+0.62749,+0.00000,0.00651,-4.036,0,213.3,0.0
13.0606,2,0,0.2164,0.2750,-0.05857,1,1,+0.40218,+0.36608,0.11125,245.90,1,-10.000,-0.02565,-12.758,-0.00000,-17.80,+0.00000,1,+0.62749,+0.00000,0.00651,-4.036,0,213.3,0.0
13.0650,2,0,0.2164,0.2750,-0.05857,1,1,+0.40218,+0.36608,0.11125,245.90,1,-10.000,-0.02565,-12.758,-0.00000,-17.80,+0.00000,1,+0.62749,+0.00000,0.00651,-4.038,0,213.3,0.0
13.0693,2,0,0.2164,0.2750,-0.05857,1,1,+0.40218,+0.36608,0.11125,245.90,1,-10.000,-0.02565,-12.758,-0.00000,-17.80,+0.00000,1,+0.62749,+0.00000,0.00651,-4.038,0,213.3,0.0
13.0747,2,0,0.2164,0.2750,-0.05857,1,1,+0.40218,+0.36608,0.11125,245.90,1,-10.000,-0.02565,-12.758,-0.00000,-17.80,+0.00000,1,+0.62749,+0.00000,0.00651,-4.037,0,213.3,0.0
13.0793,2,0,0.2164,0.2750,-0.05857,1,1,+0.40218,+0.36608,0.11125,245.90,1,-10.000,-0.02567,-12.758,-0.00000,-17.80,+0.00000,1,+0.62749,+0.00000,0.00651,-4.033,0,213.3,0.0
13.0839,2,0,0.2164,0.2750,-0.05857,1,1,+0.40218,+0.36608,0.11125,245.90,1,-10.000,-0.02567,-12.758,-0.00000,-17.80,+0.00000,1,+0.62749,+0.00000,0.00651,-4.033,0,213.3,0.0
13.0886,2,0,0.2164,0.2750,-0.05857,1,1,+0.40218,+0.36608,0.11125,245.90,1,-10.000,-0.02568,-12.758,-0.00000,-17.80,+0.00000,1,+0.62749,+0.00000,0.00651,-4.030,0,213.3,0.0
13.0932,2,0,0.2164,0.2750,-0.05857,1,1,+0.40218,+0.36608,0.11125,245.90,1,-10.000,-0.02568,-12.758,-0.00000,-17.80,+0.00000,1,+0.62749,+0.00000,0.00651,-4.030,0,213.3,0.0
13.0976,2,0,0.2164,0.2750,-0.05857,1,1,+0.40218,+0.36608,0.11125,245.90,1,-10.000,-0.02568,-12.758,-0.00000,-17.80,+0.00000,1,+0.62749,+0.00000,0.00651,-4.030,0,213.3,0.0
13.1024,2,0,0.2164,0.2750,-0.05857,1,1,+0.40218,+0.36608,0.11125,245.90,1,-10.000,-0.02568,-12.758,-0.00000,-17.80,+0.00000,1,+0.62749,+0.00000,0.00651,-4.030,0,213.3,0.0
13.1071,2,0,0.2164,0.2750,-0.05857,1,1,+0.40218,+0.36608,0.11125,245.90,1,-10.000,-0.02567,-12.758,-0.00000,-17.80,+0.00000,1,+0.62749,+0.00000,0.00651,-4.033,0,213.3,0.0
13.1117,2,0,0.2164,0.2750,-0.05857,1,1,+0.40218,+0.36608,0.11125,245.90,1,-10.000,-0.02567,-12.758,-0.00000,-17.80,+0.00000,1,+0.62749,+0.00000,0.00651,-4.033,0,213.3,0.0
13.1163,2,0,0.2164,0.2750,-0.05857,1,1,+0.40218,+0.36608,0.11125,245.90,1,-10.000,-0.02569,-12.758,-0.00000,-17.80,+0.00000,1,+0.62749,+0.00000,0.00651,-4.029,0,213.3,0.0
13.1209,2,0,0.2164,0.2750,-0.05857,1,1,+0.40218,+0.36608,0.11125,245.90,1,-10.000,-0.02569,-12.758,-0.00000,-17.80,+0.00000,1,+0.62749,+0.00000,0.00651,-4.029,0,213.3,0.0
13.1252,2,0,0.2164,0.2750,-0.05857,1,1,+0.40218,+0.36608,0.11125,245.90,1,-10.000,-0.02567,-12.758,-0.00000,-17.80,+0.00000,1,+0.62749,+0.00000,0.00651,-4.033,0,213.3,0.0
13.1296,2,0,0.2164,0.2750,-0.05857,1,1,+0.40218,+0.36608,0.11125,245.90,1,-10.000,-0.02567,-12.758,-0.00000,-17.80,+0.00000,1,+0.62749,+0.00000,0.00651,-4.033,0,213.3,0.0
13.1350,2,0,0.2164,0.2750,-0.05857,1,1,+0.40218,+0.36608,0.11125,245.90,1,-10.000,-0.02567,-12.758,-0.00000,-17.80,+0.00000,1,+0.62749,+0.00000,0.00651,-4.033,0,213.3,0.0
13.1393,2,0,0.2164,0.2750,-0.05857,1,1,+0.40218,+0.36608,0.11125,245.90,1,-10.000,-0.02567,-12.758,-0.00000,-17.80,+0.00000,1,+0.62749,+0.00000,0.00651,-4.033,0,213.3,0.0
13.1439,2,0,0.2164,0.2750,-0.05857,1,1,+0.40218,+0.36608,0.11125,245.90,1,-10.000,-0.02565,-12.758,-0.00000,-17.80,+0.00000,1,+0.62749,+0.00000,0.00651,-4.037,0,213.3,0.0
13.1482,2,0,0.2164,0.2750,-0.05857,1,1,+0.40218,+0.36608,0.11125,245.90,1,-10.000,-0.02569,-12.758,-0.00000,-17.80,+0.00000,1,+0.62749,+0.00000,0.00651,-4.028,0,213.3,0.0
13.1529,2,0,0.2164,0.2750,-0.05857,1,1,+0.40218,+0.36608,0.11125,245.90,1,-10.000,-0.02569,-12.758,-0.00000,-17.80,+0.00000,1,+0.62749,+0.00000,0.00651,-4.028,0,212.3,0.0
13.1574,2,0,0.2164,0.2750,-0.05857,1,1,+0.40218,+0.36608,0.11125,245.90,1,-10.000,-0.02570,-12.758,-0.00000,-17.80,+0.00000,1,+0.62749,+0.00000,0.00651,-4.024,0,212.3,0.0
13.1620,2,0,0.2164,0.2750,-0.05857,1,1,+0.40218,+0.36608,0.11125,245.90,1,-10.000,-0.02570,-12.758,-0.00000,-17.80,+0.00000,1,+0.62749,+0.00000,0.00651,-4.024,0,212.3,0.0
13.1669,2,0,0.2164,0.2750,-0.05857,1,1,+0.40218,+0.36608,0.11125,245.90,1,-10.000,-0.02572,-12.757,-0.00000,-17.80,+0.00000,1,+0.62749,+0.00000,0.00651,-4.021,0,212.3,0.0
13.1713,2,0,0.2164,0.2750,-0.05857,1,1,+0.40218,+0.36608,0.11125,245.90,1,-10.000,-0.02572,-12.757,-0.00000,-17.80,+0.00000,1,+0.62749,+0.00000,0.00651,-4.021,0,212.3,0.0
13.1754,2,0,0.2164,0.2750,-0.05857,1,1,+0.40218,+0.36608,0.11125,245.90,1,-10.000,-0.02567,-12.758,-0.00000,-17.80,+0.00000,1,+0.62749,+0.00000,0.00651,-4.032,0,212.3,0.0
13.1800,2,0,0.2164,0.2750,-0.05857,1,1,+0.40218,+0.36608,0.11125,245.90,1,-10.000,-0.02567,-12.758,-0.00000,-17.80,+0.00000,1,+0.62749,+0.00000,0.00651,-4.032,0,212.3,0.0
13.1846,2,0,0.2164,0.2750,-0.05857,1,1,+0.40218,+0.36608,0.11125,245.90,1,-10.000,-0.02572,-12.757,-0.00000,-17.80,+0.00000,1,+0.62749,+0.00000,0.00651,-4.021,0,212.3,0.0
13.1892,2,0,0.2164,0.2750,-0.05857,1,1,+0.40218,+0.36608,0.11125,245.90,1,-10.000,-0.02572,-12.757,-0.00000,-17.80,+0.00000,1,+0.62749,+0.00000,0.00651,-4.021,0,212.3,0.0
13.1938,2,0,0.2164,0.2750,-0.05857,1,1,+0.40218,+0.36608,0.11125,245.90,1,-10.000,-0.02571,-12.757,-0.00000,-17.80,+0.00000,1,+0.62749,+0.00000,0.00651,-4.022,0,212.3,0.0
13.2078,2,0,0.2164,0.2750,-0.05857,1,1,+0.40218,+0.36608,0.11125,245.90,1,-10.000,-0.02555,-12.758,-0.00000,-17.80,+0.00000,1,+0.62749,+0.00000,0.00651,-4.060,0,212.3,0.0
13.2122,2,0,0.2164,0.2750,-0.05857,1,1,+0.40218,+0.36608,0.11125,245.90,1,-10.000,-0.02555,-12.758,-0.00000,-17.80,+0.00000,1,+0.62749,+0.00000,0.00651,-4.060,0,212.3,0.0
13.2168,2,0,0.2164,0.2750,-0.05857,1,1,+0.40218,+0.36608,0.11125,245.90,1,-10.000,-0.02554,-12.758,-0.00000,-17.80,+0.00000,1,+0.62749,+0.00000,0.00651,-4.062,0,212.3,0.0
13.2219,2,0,0.2164,0.2750,-0.05857,1,1,+0.40218,+0.36608,0.11125,245.90,1,-10.000,-0.02554,-12.758,-0.00000,-17.80,+0.00000,1,+0.62749,+0.00000,0.00651,-4.062,0,212.3,0.0
13.2266,2,0,0.2164,0.2750,-0.05857,1,1,+0.40218,+0.36608,0.11125,245.90,1,-10.000,-0.02557,-12.758,-0.00000,-17.80,+0.00000,1,+0.62749,+0.00000,0.00651,-4.054,0,212.3,0.0
13.2309,2,0,0.2164,0.2750,-0.05857,1,1,+0.40218,+0.36608,0.11125,245.90,1,-10.000,-0.02557,-12.758,-0.00000,-17.80,+0.00000,1,+0.62749,+0.00000,0.00651,-4.054,0,212.3,0.0
13.2352,2,0,0.2164,0.2750,-0.05857,1,1,+0.40218,+0.36608,0.11125,245.90,1,-10.000,-0.02558,-12.758,-0.00000,-17.80,+0.00000,1,+0.62749,+0.00000,0.00651,-4.053,0,212.3,0.0
13.2400,2,0,0.2164,0.2750,-0.05857,1,1,+0.40218,+0.36608,0.11125,245.90,1,-10.000,-0.02558,-12.758,-0.00000,-17.80,+0.00000,1,+0.62749,+0.00000,0.00651,-4.053,0,212.3,0.0
13.2446,2,0,0.2164,0.2750,-0.05857,1,1,+0.40218,+0.36608,0.11125,245.90,1,-10.000,-0.02558,-12.758,-0.00000,-17.80,+0.00000,1,+0.62749,+0.00000,0.00651,-4.054,0,212.3,0.0
13.2499,2,0,0.2164,0.2750,-0.05857,1,1,+0.40218,+0.36608,0.11125,245.90,1,-10.000,-0.02558,-12.758,-0.00000,-17.80,+0.00000,1,+0.62749,+0.00000,0.00651,-4.054,0,212.3,0.0
13.2541,2,0,0.2164,0.2750,-0.05857,1,1,+0.40218,+0.36608,0.11125,245.90,1,-10.000,-0.02554,-12.758,-0.00000,-17.80,+0.00000,1,+0.62749,+0.00000,0.00651,-4.062,0,212.3,0.0
13.2586,2,0,0.2164,0.2750,-0.05857,1,1,+0.40218,+0.36608,0.11125,245.90,1,-10.000,-0.02554,-12.758,-0.00000,-17.80,+0.00000,1,+0.62749,+0.00000,0.00651,-4.062,0,212.3,0.0
13.2632,2,0,0.2164,0.2750,-0.05857,1,1,+0.40218,+0.36608,0.11125,245.90,1,-10.000,-0.02557,-12.758,-0.00000,-17.80,+0.00000,1,+0.62749,+0.00000,0.00651,-4.055,0,212.3,0.0
13.2677,2,0,0.2164,0.2750,-0.05857,1,1,+0.40218,+0.36608,0.11125,245.90,1,-10.000,-0.02557,-12.758,-0.00000,-17.80,+0.00000,1,+0.62749,+0.00000,0.00651,-4.055,0,212.3,0.0
13.2721,2,0,0.2164,0.2750,-0.05857,1,1,+0.40218,+0.36608,0.11125,245.90,1,-10.000,-0.02557,-12.758,-0.00000,-17.80,+0.00000,1,+0.62749,+0.00000,0.00651,-4.056,0,212.3,0.0
13.2767,2,0,0.2164,0.2750,-0.05857,1,1,+0.40218,+0.36608,0.11125,245.90,1,-10.000,-0.02557,-12.758,-0.00000,-17.80,+0.00000,1,+0.62749,+0.00000,0.00651,-4.056,0,212.3,0.0
13.2814,2,0,0.2164,0.2750,-0.05857,1,1,+0.40218,+0.36608,0.11125,245.90,1,-10.000,-0.02554,-12.758,-0.00000,-17.80,+0.00000,1,+0.62749,+0.00000,0.00651,-4.063,0,212.3,0.0
13.2861,2,0,0.2164,0.2750,-0.05857,1,1,+0.40218,+0.36608,0.11125,245.90,1,-10.000,-0.02554,-12.758,-0.00000,-17.80,+0.00000,1,+0.62749,+0.00000,0.00651,-4.063,0,212.3,0.0
13.2907,2,0,0.2164,0.2750,-0.05857,1,1,+0.40218,+0.36608,0.11125,245.90,1,-10.000,-0.02554,-12.758,-0.00000,-17.80,+0.00000,1,+0.62749,+0.00000,0.00651,-4.062,0,212.3,0.0
13.2952,2,0,0.2164,0.2750,-0.05857,1,1,+0.40218,+0.36608,0.11125,245.90,1,-10.000,-0.02554,-12.758,-0.00000,-17.80,+0.00000,1,+0.62749,+0.00000,0.00651,-4.062,0,212.3,0.0
13.2997,2,0,0.2164,0.2750,-0.05857,1,1,+0.40218,+0.36608,0.11125,245.90,1,-10.000,-0.02554,-12.758,-0.00000,-17.80,+0.00000,1,+0.62749,+0.00000,0.00651,-4.062,0,212.3,0.0
13.3046,2,0,0.2164,0.2750,-0.05857,1,1,+0.40218,+0.36608,0.11125,245.90,1,-10.000,-0.02556,-12.758,-0.00000,-17.80,+0.00000,1,+0.62749,+0.00000,0.00651,-4.057,0,212.3,0.0
13.3094,2,0,0.2164,0.2750,-0.05857,1,1,+0.40218,+0.36608,0.11125,245.90,1,-10.000,-0.02556,-12.758,-0.00000,-17.80,+0.00000,1,+0.62749,+0.00000,0.00651,-4.057,0,212.3,0.0
13.3141,2,0,0.2164,0.2750,-0.05857,1,1,+0.40218,+0.36608,0.11125,245.90,1,-10.000,-0.02556,-12.758,-0.00000,-17.80,+0.00000,1,+0.62749,+0.00000,0.00651,-4.057,0,212.3,0.0
13.3187,2,0,0.2164,0.2750,-0.05857,1,1,+0.40218,+0.36608,0.11125,245.90,1,-10.000,-0.02553,-12.758,-0.00000,-17.80,+0.00000,1,+0.62749,+0.00000,0.00651,-4.063,0,212.3,0.0
13.3229,2,0,0.2164,0.2750,-0.05857,1,1,+0.40218,+0.36608,0.11125,245.90,1,-10.000,-0.02553,-12.758,-0.00000,-17.80,+0.00000,1,+0.62749,+0.00000,0.00651,-4.063,0,212.3,0.0
13.3275,2,0,0.2164,0.2750,-0.05857,1,1,+0.40218,+0.36608,0.11125,245.90,1,-10.000,-0.02549,-12.758,-0.00000,-17.80,+0.00000,1,+0.62749,+0.00000,0.00651,-4.073,0,212.3,0.0
13.3322,2,0,0.2164,0.2750,-0.05857,1,1,+0.40218,+0.36608,0.11125,245.90,1,-10.000,-0.02549,-12.758,-0.00000,-17.80,+0.00000,1,+0.62749,+0.00000,0.00651,-4.073,0,212.3,0.0
13.3379,2,0,0.2164,0.2750,-0.05857,1,1,+0.40218,+0.36608,0.11125,245.90,1,-10.000,-0.02553,-12.758,-0.00000,-17.80,+0.00000,1,+0.62749,+0.00000,0.00651,-4.066,0,212.3,0.0
13.3425,2,0,0.2164,0.2750,-0.05857,1,1,+0.40218,+0.36608,0.11125,245.90,1,-10.000,-0.02555,-12.758,-0.00000,-17.80,+0.00000,1,+0.62749,+0.00000,0.00651,-4.061,0,212.3,0.0
13.3471,2,0,0.2164,0.2750,-0.05857,1,1,+0.40218,+0.36608,0.11125,245.90,1,-10.000,-0.02555,-12.758,-0.00000,-17.80,+0.00000,1,+0.62749,+0.00000,0.00651,-4.061,0,212.3,0.0
13.3514,2,0,0.2164,0.2750,-0.05857,1,1,+0.40218,+0.36608,0.11125,245.90,1,-10.000,-0.02552,-12.758,-0.00000,-17.80,+0.00000,1,+0.62749,+0.00000,0.00651,-4.066,0,212.3,0.0
13.3556,2,0,0.2164,0.2750,-0.05857,1,1,+0.40218,+0.36608,0.11125,245.90,1,-10.000,-0.02552,-12.758,-0.00000,-17.80,+0.00000,1,+0.62749,+0.00000,0.00651,-4.066,0,212.3,0.0
13.3604,2,0,0.2164,0.2750,-0.05857,1,1,+0.40218,+0.36608,0.11125,245.90,1,-10.000,-0.02557,-12.758,-0.00000,-17.80,+0.00000,1,+0.62749,+0.00000,0.00651,-4.055,0,212.3,0.0
13.3655,2,0,0.2164,0.2750,-0.05857,1,1,+0.40218,+0.36608,0.11125,245.90,1,-10.000,-0.02560,-12.758,-0.00000,-17.80,+0.00000,1,+0.62749,+0.00000,0.00651,-4.050,0,212.3,0.0
13.3715,2,0,0.2164,0.2750,-0.05857,1,1,+0.40218,+0.36608,0.11125,245.90,1,-10.000,-0.02560,-12.758,-0.00000,-17.80,+0.00000,1,+0.62749,+0.00000,0.00651,-4.050,0,212.3,0.0
13.3762,2,0,0.2164,0.2750,-0.05857,1,1,+0.40218,+0.36608,0.11125,245.90,1,-10.000,-0.02558,-12.758,-0.00000,-17.80,+0.00000,1,+0.62749,+0.00000,0.00651,-4.054,0,212.3,0.0
13.3809,2,0,0.2164,0.2750,-0.05857,1,1,+0.40218,+0.36608,0.11125,245.90,1,-10.000,-0.02558,-12.758,-0.00000,-17.80,+0.00000,1,+0.62749,+0.00000,0.00651,-4.054,0,212.3,0.0
13.3853,2,0,0.2164,0.2750,-0.05857,1,1,+0.40218,+0.36608,0.11125,245.90,1,-10.000,-0.02563,-12.758,-0.00000,-17.80,+0.00000,1,+0.62749,+0.00000,0.00651,-4.042,0,212.3,0.0
13.3899,2,0,0.2164,0.2750,-0.05857,1,1,+0.40218,+0.36608,0.11125,245.90,1,-10.000,-0.02563,-12.758,-0.00000,-17.80,+0.00000,1,+0.62749,+0.00000,0.00651,-4.042,0,212.3,0.0
13.3943,2,0,0.2164,0.2750,-0.05857,1,1,+0.40218,+0.36608,0.11125,245.90,1,-10.000,-0.02562,-12.758,-0.00000,-17.80,+0.00000,1,+0.62749,+0.00000,0.00651,-4.043,0,212.3,0.0
13.3989,2,0,0.2164,0.2750,-0.05857,1,1,+0.40218,+0.36608,0.11125,245.90,1,-10.000,-0.02562,-12.758,-0.00000,-17.80,+0.00000,1,+0.62749,+0.00000,0.00651,-4.043,0,212.3,0.0
13.4040,2,0,0.2164,0.2750,-0.05857,1,1,+0.40218,+0.36608,0.11125,245.90,1,-10.000,-0.02563,-12.758,-0.00000,-17.80,+0.00000,1,+0.62749,+0.00000,0.00651,-4.041,0,212.3,0.0
13.4087,2,0,0.2164,0.2750,-0.05857,1,1,+0.40218,+0.36608,0.11125,245.90,1,-10.000,-0.02562,-12.758,-0.00000,-17.80,+0.00000,1,+0.62749,+0.00000,0.00651,-4.043,0,212.3,0.0
13.4130,2,0,0.2164,0.2750,-0.05857,1,1,+0.40218,+0.36608,0.11125,245.90,1,-10.000,-0.02562,-12.758,-0.00000,-17.80,+0.00000,1,+0.62749,+0.00000,0.00651,-4.043,0,212.3,0.0
13.4171,2,0,0.2164,0.2750,-0.05857,1,1,+0.40218,+0.36608,0.11125,245.90,1,-10.000,-0.02562,-12.758,-0.00000,-17.80,+0.00000,1,+0.62749,+0.00000,0.00651,-4.043,0,212.3,0.0
13.4218,2,0,0.2164,0.2750,-0.05857,1,1,+0.40218,+0.36608,0.11125,245.90,1,-10.000,-0.02561,-12.758,-0.00000,-17.80,+0.00000,1,+0.62749,+0.00000,0.00651,-4.047,0,212.3,0.0
13.4259,2,0,0.2164,0.2750,-0.05857,1,1,+0.40218,+0.36608,0.11125,245.90,1,-10.000,-0.02564,-12.758,-0.00000,-17.80,+0.00000,1,+0.62749,+0.00000,0.00651,-4.040,0,212.3,0.0
13.4329,2,0,0.2164,0.2750,-0.05857,1,1,+0.40218,+0.36608,0.11125,245.90,1,-10.000,-0.02564,-12.758,-0.00000,-17.80,+0.00000,1,+0.62749,+0.00000,0.00651,-4.040,0,212.3,0.0
13.4371,2,0,0.2164,0.2750,-0.05857,1,1,+0.40218,+0.36608,0.11125,245.90,1,-10.000,-0.02559,-12.758,-0.00000,-17.80,+0.00000,1,+0.62749,+0.00000,0.00651,-4.051,0,212.3,0.0
13.4417,2,0,0.2164,0.2750,-0.05857,1,1,+0.40218,+0.36608,0.11125,245.90,1,-10.000,-0.02559,-12.758,-0.00000,-17.80,+0.00000,1,+0.62749,+0.00000,0.00651,-4.051,0,212.3,0.0
13.4462,2,0,0.2164,0.2750,-0.05857,1,1,+0.40218,+0.36608,0.11125,245.90,1,-10.000,-0.02561,-12.758,-0.00000,-17.80,+0.00000,1,+0.62749,+0.00000,0.00651,-4.047,0,212.3,0.0
13.4506,2,0,0.2164,0.2750,-0.05857,1,1,+0.40218,+0.36608,0.11125,245.90,1,-10.000,-0.02561,-12.758,-0.00000,-17.80,+0.00000,1,+0.62749,+0.00000,0.00651,-4.047,0,212.3,0.0
13.4551,2,0,0.2164,0.2750,-0.05857,1,1,+0.40218,+0.36608,0.11125,245.90,1,-10.000,-0.02563,-12.758,-0.00000,-17.80,+0.00000,1,+0.62749,+0.00000,0.00651,-4.041,0,212.3,0.0
13.4592,2,0,0.2164,0.2750,-0.05857,1,1,+0.40218,+0.36608,0.11125,245.90,1,-10.000,-0.02563,-12.758,-0.00000,-17.80,+0.00000,1,+0.62749,+0.00000,0.00651,-4.041,0,212.3,0.0
13.4635,2,0,0.2164,0.2750,-0.05857,1,1,+0.40218,+0.36608,0.11125,245.90,1,-10.000,-0.02563,-12.758,-0.00000,-17.80,+0.00000,1,+0.62749,+0.00000,0.00651,-4.042,0,212.3,0.0
13.4685,2,0,0.2164,0.2750,-0.05857,1,1,+0.40218,+0.36608,0.11125,245.90,1,-10.000,-0.02563,-12.758,-0.00000,-17.80,+0.00000,1,+0.62749,+0.00000,0.00651,-4.042,0,212.3,0.0
13.4733,2,0,0.2164,0.2750,-0.05857,1,1,+0.40218,+0.36608,0.11125,245.90,1,-10.000,-0.02563,-12.758,-0.00000,-17.80,+0.00000,1,+0.62749,+0.00000,0.00651,-4.041,0,212.3,0.0
13.4778,2,0,0.2164,0.2750,-0.05857,1,1,+0.40218,+0.36608,0.11125,245.90,1,-10.000,-0.02563,-12.758,-0.00000,-17.80,+0.00000,1,+0.62749,+0.00000,0.00651,-4.041,0,212.3,0.0
13.4839,2,0,0.2164,0.2750,-0.05857,1,1,+0.40218,+0.36608,0.11125,245.90,1,-10.000,-0.02563,-12.758,-0.00000,-17.80,+0.00000,1,+0.62749,+0.00000,0.00651,-4.041,0,212.3,0.0
13.4881,2,0,0.2164,0.2750,-0.05857,1,1,+0.40218,+0.36608,0.11125,245.90,1,-10.000,-0.02549,-12.758,-0.00000,-17.80,+0.00000,1,+0.62749,+0.00000,0.00651,-4.073,0,212.3,0.0
13.4923,3,0,0.2164,0.2750,-0.05857,1,1,+0.40218,+0.36608,0.11125,245.90,1,-10.000,-0.02549,-12.758,-0.00000,-17.80,+0.00000,1,+0.62749,+0.00000,0.00651,-4.073,0,212.3,0.0
13.4969,3,0,0.2164,0.2750,-0.05857,1,1,+0.40218,+0.36608,0.11125,245.90,1,-10.000,-0.02551,-12.758,-0.00000,-17.80,+0.00000,1,+0.62749,+0.00000,0.00651,-4.070,0,212.3,0.0
13.5013,3,0,0.2164,0.2750,-0.05857,1,1,+0.40218,+0.36608,0.11125,245.90,1,-10.000,-0.02551,-12.758,-0.00000,-17.80,+0.00000,1,+0.62749,+0.00000,0.00651,-4.070,0,212.3,0.0
13.5058,3,0,0.2164,0.2750,-0.05857,1,1,+0.40218,+0.36608,0.11125,245.90,1,-10.000,-0.02547,-12.758,-0.00000,-17.80,+0.00000,1,+0.62749,+0.00000,0.00651,-4.079,0,212.3,0.0
13.5110,3,0,0.2164,0.2750,-0.05857,1,1,+0.40218,+0.36608,0.11125,245.90,1,-10.000,-0.02547,-12.758,-0.00000,-17.80,+0.00000,1,+0.62749,+0.00000,0.00651,-4.079,0,212.3,0.0
13.5158,3,0,0.2164,0.2750,-0.05857,1,1,+0.40218,+0.36608,0.11125,245.90,1,-10.000,-0.02551,-12.758,-0.00000,-17.80,+0.00000,1,+0.62749,+0.00000,0.00651,-4.069,0,212.3,0.0
13.5201,3,0,0.2164,0.2750,-0.05857,1,1,+0.40218,+0.36608,0.11125,245.90,1,-10.000,-0.02551,-12.758,-0.00000,-17.80,+0.00000,1,+0.62749,+0.00000,0.00651,-4.069,0,212.3,0.0
13.5251,3,0,0.2164,0.2750,-0.05857,1,1,+0.40218,+0.36608,0.11125,245.90,1,-10.000,-0.02551,-12.758,-0.00000,-17.80,+0.00000,1,+0.62749,+0.00000,0.00651,-4.069,0,212.3,0.0
13.5298,3,0,0.2164,0.2750,-0.05857,1,1,+0.40218,+0.36608,0.11125,245.90,1,-10.000,-0.02554,-12.758,-0.00000,-17.80,+0.00000,1,+0.62749,+0.00000,0.00651,-4.063,0,212.3,0.0
13.5341,3,0,0.2164,0.2750,-0.05857,1,1,+0.40218,+0.36608,0.11125,245.90,1,-10.000,-0.02554,-12.758,-0.00000,-17.80,+0.00000,1,+0.62749,+0.00000,0.00651,-4.063,0,212.3,0.0
13.5389,3,0,0.2164,0.2750,-0.05857,1,1,+0.40218,+0.36608,0.11125,245.90,1,-10.000,-0.02555,-12.758,-0.00000,-17.80,+0.00000,1,+0.62749,+0.00000,0.00651,-4.061,0,212.3,0.0
13.5432,3,0,0.2164,0.2750,-0.05857,1,1,+0.40218,+0.36608,0.11125,245.90,1,-10.000,-0.02555,-12.758,-0.00000,-17.80,+0.00000,1,+0.62749,+0.00000,0.00651,-4.061,0,212.3,0.0
13.5478,3,0,0.2164,0.2750,-0.05857,1,1,+0.40218,+0.36608,0.11125,245.90,1,-10.000,-0.02551,-12.758,-0.00000,-17.80,+0.00000,1,+0.62749,+0.00000,0.00651,-4.068,0,212.3,0.0
13.5521,3,0,0.2164,0.2750,-0.05857,1,1,+0.40218,+0.36608,0.11125,245.90,1,-10.000,-0.02551,-12.758,-0.00000,-17.80,+0.00000,1,+0.62749,+0.00000,0.00651,-4.068,0,212.3,0.0
13.5564,3,0,0.2164,0.2750,-0.05857,1,1,+0.40218,+0.36608,0.11125,245.90,1,-10.000,-0.02551,-12.758,-0.00000,-17.80,+0.00000,1,+0.62749,+0.00000,0.00651,-4.068,0,212.3,0.0
13.5610,3,0,0.2164,0.2750,-0.05857,1,1,+0.40218,+0.36608,0.11125,245.90,1,-10.000,-0.02551,-12.758,-0.00000,-17.80,+0.00000,1,+0.62749,+0.00000,0.00651,-4.068,0,212.3,0.0
13.5654,3,0,0.2164,0.2750,-0.05857,1,1,+0.40218,+0.36608,0.11125,245.90,1,-10.000,-0.02551,-12.758,-0.00000,-17.80,+0.00000,1,+0.62749,+0.00000,0.00651,-4.069,0,212.3,0.0
13.5699,3,0,0.2164,0.2750,-0.05857,1,1,+0.40218,+0.36608,0.11125,245.90,1,-10.000,-0.02551,-12.758,-0.00000,-17.80,+0.00000,1,+0.62749,+0.00000,0.00651,-4.069,0,212.3,0.0
13.5746,3,0,0.2164,0.2750,-0.05857,1,1,+0.40218,+0.36608,0.11125,245.90,1,-10.000,-0.02551,-12.758,-0.00000,-17.80,+0.00000,1,+0.62749,+0.00000,0.00651,-4.070,0,212.3,0.0
13.5789,3,0,0.2164,0.2750,-0.05857,1,1,+0.40218,+0.36608,0.11125,245.90,1,-10.000,-0.02551,-12.758,-0.00000,-17.80,+0.00000,1,+0.62749,+0.00000,0.00651,-4.070,0,212.3,0.0
13.5834,3,0,0.2164,0.2750,-0.05857,1,1,+0.40218,+0.36608,0.11125,245.90,1,-10.000,-0.02555,-12.758,-0.00000,-17.80,+0.00000,1,+0.62749,+0.00000,0.00651,-4.060,0,212.3,0.0
13.5877,3,0,0.2164,0.2750,-0.05857,1,1,+0.40218,+0.36608,0.11125,245.90,1,-10.000,-0.02555,-12.758,-0.00000,-17.80,+0.00000,1,+0.62749,+0.00000,0.00651,-4.060,0,212.3,0.0
13.5924,3,0,0.2164,0.2750,-0.05857,1,1,+0.40218,+0.36608,0.11125,245.90,1,-10.000,-0.02556,-12.758,-0.00000,-17.80,+0.00000,1,+0.62749,+0.00000,0.00651,-4.057,0,212.3,0.0
13.5969,3,0,0.2164,0.2750,-0.05857,1,1,+0.40218,+0.36608,0.11125,245.90,1,-10.000,-0.02556,-12.758,-0.00000,-17.80,+0.00000,1,+0.62749,+0.00000,0.00651,-4.057,0,212.3,0.0
13.6013,3,0,0.2164,0.2750,-0.05857,1,1,+0.40218,+0.36608,0.11125,245.90,1,-10.000,-0.02556,-12.758,-0.00000,-17.80,+0.00000,1,+0.62749,+0.00000,0.00651,-4.058,0,212.3,0.0
13.6055,3,0,0.2164,0.2750,-0.05857,1,1,+0.40218,+0.36608,0.11125,245.90,1,-10.000,-0.02556,-12.758,-0.00000,-17.80,+0.00000,1,+0.62749,+0.00000,0.00651,-4.058,0,212.3,0.0
13.6105,3,0,0.2164,0.2750,-0.05857,1,1,+0.40218,+0.36608,0.11125,245.90,1,-10.000,-0.02554,-12.758,-0.00000,-17.80,+0.00000,1,+0.62749,+0.00000,0.00651,-4.061,0,212.3,0.0
13.6148,3,0,0.2164,0.2750,-0.05857,1,1,+0.40218,+0.36608,0.11125,245.90,1,-10.000,-0.02554,-12.758,-0.00000,-17.80,+0.00000,1,+0.62749,+0.00000,0.00651,-4.061,0,212.3,0.0
13.6193,3,0,0.2164,0.2750,-0.05857,1,1,+0.40218,+0.36608,0.11125,245.90,1,-10.000,-0.02558,-12.758,-0.00000,-17.80,+0.00000,1,+0.62749,+0.00000,0.00651,-4.052,0,212.3,0.0
13.6239,3,0,0.2164,0.2750,-0.05857,1,1,+0.40218,+0.36608,0.11125,245.90,1,-10.000,-0.02561,-12.758,-0.00000,-17.80,+0.00000,1,+0.62749,+0.00000,0.00651,-4.046,0,212.3,0.0
13.6284,3,0,0.2164,0.2750,-0.05857,1,1,+0.40218,+0.36608,0.11125,245.90,1,-10.000,-0.02561,-12.758,-0.00000,-17.80,+0.00000,1,+0.62749,+0.00000,0.00651,-4.046,0,212.3,0.0
13.6332,3,0,0.2164,0.2750,-0.05857,1,1,+0.40218,+0.36608,0.11125,245.90,1,-10.000,-0.02563,-12.758,-0.00000,-17.80,+0.00000,1,+0.62749,+0.00000,0.00651,-4.042,0,212.3,0.0
13.6379,3,0,0.2164,0.2750,-0.05857,1,1,+0.40218,+0.36608,0.11125,245.90,1,-10.000,-0.02563,-12.758,-0.00000,-17.80,+0.00000,1,+0.62749,+0.00000,0.00651,-4.042,0,212.3,0.0
13.6424,3,0,0.2164,0.2750,-0.05857,1,1,+0.40218,+0.36608,0.11125,245.90,1,-10.000,-0.02561,-12.758,-0.00000,-17.80,+0.00000,1,+0.62749,+0.00000,0.00651,-4.046,0,212.3,0.0
13.6469,3,0,0.2164,0.2750,-0.05857,1,1,+0.40218,+0.36608,0.11125,245.90,1,-10.000,-0.02561,-12.758,-0.00000,-17.80,+0.00000,1,+0.62749,+0.00000,0.00651,-4.046,0,212.3,0.0
13.6514,3,0,0.2164,0.2750,-0.05857,1,1,+0.40218,+0.36608,0.11125,245.90,1,-10.000,-0.02562,-12.758,-0.00000,-17.80,+0.00000,1,+0.62749,+0.00000,0.00651,-4.044,0,212.3,0.0
13.6562,3,0,0.2164,0.2750,-0.05857,1,1,+0.40218,+0.36608,0.11125,245.90,1,-10.000,-0.02562,-12.758,-0.00000,-17.80,+0.00000,1,+0.62749,+0.00000,0.00651,-4.044,0,212.3,0.0
13.6635,3,0,0.2164,0.2750,-0.05857,1,1,+0.40218,+0.36608,0.11125,245.90,1,-10.000,-0.02562,-12.758,-0.00000,-17.80,+0.00000,1,+0.62749,+0.00000,0.00651,-4.044,0,212.3,0.0
13.6696,3,0,0.2164,0.2750,-0.05857,1,1,+0.40218,+0.36608,0.11125,245.90,1,-10.000,-0.02549,-12.758,-0.00000,-17.80,+0.00000,1,+0.62749,+0.00000,0.00651,-4.074,0,212.3,0.0
13.6740,3,0,0.2164,0.2750,-0.05857,1,1,+0.40218,+0.36608,0.11125,245.90,1,-10.000,-0.02555,-12.758,-0.00000,-17.80,+0.00000,1,+0.62749,+0.00000,0.00651,-4.061,0,212.3,0.0
13.6786,3,0,0.2164,0.2750,-0.05857,1,1,+0.40218,+0.36608,0.11125,245.90,1,-10.000,-0.02555,-12.758,-0.00000,-17.80,+0.00000,1,+0.62749,+0.00000,0.00651,-4.061,0,212.3,0.0
13.6832,3,0,0.2164,0.2750,-0.05857,1,1,+0.40218,+0.36608,0.11125,245.90,1,-10.000,-0.02555,-12.758,-0.00000,-17.80,+0.00000,1,+0.62749,+0.00000,0.00651,-4.060,0,212.3,0.0
13.6879,3,0,0.2164,0.2750,-0.05857,1,1,+0.40218,+0.36608,0.11125,245.90,1,-10.000,-0.02555,-12.758,-0.00000,-17.80,+0.00000,1,+0.62749,+0.00000,0.00651,-4.060,0,212.3,0.0
13.6924,3,0,0.2164,0.2750,-0.05857,1,1,+0.40218,+0.36608,0.11125,245.90,1,-10.000,-0.02553,-12.758,-0.00000,-17.80,+0.00000,1,+0.62749,+0.00000,0.00651,-4.065,0,212.3,0.0
13.6971,3,0,0.2164,0.2750,-0.05857,1,1,+0.40218,+0.36608,0.11125,245.90,1,-10.000,-0.02555,-12.758,-0.00000,-17.80,+0.00000,1,+0.62749,+0.00000,0.00651,-4.059,0,212.3,0.0
13.7015,3,0,0.2164,0.2750,-0.05857,1,1,+0.40218,+0.36608,0.11125,245.90,1,-10.000,-0.02555,-12.758,-0.00000,-17.80,+0.00000,1,+0.62749,+0.00000,0.00651,-4.059,0,212.3,0.0
13.7059,3,0,0.2164,0.2750,-0.05857,1,1,+0.40218,+0.36608,0.11125,245.90,1,-10.000,-0.02555,-12.758,-0.00000,-17.80,+0.00000,1,+0.62749,+0.00000,0.00651,-4.059,0,212.3,0.0
13.7120,3,0,0.2164,0.2750,-0.05857,1,1,+0.40218,+0.36608,0.11125,245.90,1,-10.000,-0.02553,-12.758,-0.00000,-17.80,+0.00000,1,+0.62749,+0.00000,0.00651,-4.065,0,212.3,0.0
13.7165,3,0,0.2164,0.2750,-0.05857,1,1,+0.40218,+0.36608,0.11125,245.90,1,-10.000,-0.02555,-12.758,-0.00000,-17.80,+0.00000,1,+0.62749,+0.00000,0.00651,-4.059,0,212.3,0.0
13.7207,3,0,0.2164,0.2750,-0.05857,1,1,+0.40218,+0.36608,0.11125,245.90,1,-10.000,-0.02555,-12.758,-0.00000,-17.80,+0.00000,1,+0.62749,+0.00000,0.00651,-4.059,0,212.3,0.0
13.7253,3,0,0.2164,0.2750,-0.05857,1,1,+0.40218,+0.36608,0.11125,245.90,1,-10.000,-0.02553,-12.758,-0.00000,-17.80,+0.00000,1,+0.62749,+0.00000,0.00651,-4.066,0,212.3,0.0
13.7298,3,0,0.2164,0.2750,-0.05857,1,1,+0.40218,+0.36608,0.11125,245.90,1,-10.000,-0.02553,-12.758,-0.00000,-17.80,+0.00000,1,+0.62749,+0.00000,0.00651,-4.066,0,212.3,0.0
13.7344,3,0,0.2164,0.2750,-0.05857,1,1,+0.40218,+0.36608,0.11125,245.90,1,-10.000,-0.02555,-12.758,-0.00000,-17.80,+0.00000,1,+0.62749,+0.00000,0.00651,-4.059,0,212.3,0.0
13.7388,3,0,0.2164,0.2750,-0.05857,1,1,+0.40218,+0.36608,0.11125,245.90,1,-10.000,-0.02555,-12.758,-0.00000,-17.80,+0.00000,1,+0.62749,+0.00000,0.00651,-4.059,0,212.3,0.0
13.7434,3,0,0.2164,0.2750,-0.05857,1,1,+0.40218,+0.36608,0.11125,245.90,1,-10.000,-0.02554,-12.758,-0.00000,-17.80,+0.00000,1,+0.62749,+0.00000,0.00651,-4.062,0,212.3,0.0
13.7480,3,0,0.2164,0.2750,-0.05857,1,1,+0.40218,+0.36608,0.11125,245.90,1,-10.000,-0.02554,-12.758,-0.00000,-17.80,+0.00000,1,+0.62749,+0.00000,0.00651,-4.062,0,212.3,0.0
13.7525,3,0,0.2164,0.2750,-0.05857,1,1,+0.40218,+0.36608,0.11125,245.90,1,-10.000,-0.02555,-12.758,-0.00000,-17.80,+0.00000,1,+0.62749,+0.00000,0.00651,-4.061,0,212.3,0.0
13.7571,3,0,0.2164,0.2750,-0.05857,1,1,+0.40218,+0.36608,0.11125,245.90,1,-10.000,-0.02555,-12.758,-0.00000,-17.80,+0.00000,1,+0.62749,+0.00000,0.00651,-4.061,0,212.3,0.0
13.7615,3,0,0.2164,0.2750,-0.05857,1,1,+0.40218,+0.36608,0.11125,245.90,1,-10.000,-0.02555,-12.758,-0.00000,-17.80,+0.00000,1,+0.62749,+0.00000,0.00651,-4.060,0,212.3,0.0
13.7661,3,0,0.2164,0.2750,-0.05857,1,1,+0.40218,+0.36608,0.11125,245.90,1,-10.000,-0.02555,-12.758,-0.00000,-17.80,+0.00000,1,+0.62749,+0.00000,0.00651,-4.060,0,212.3,0.0
13.7704,3,0,0.2164,0.2750,-0.05857,1,1,+0.40218,+0.36608,0.11125,245.90,1,-10.000,-0.02555,-12.758,-0.00000,-17.80,+0.00000,1,+0.62749,+0.00000,0.00651,-4.060,0,212.3,0.0
13.7751,3,0,0.2164,0.2750,-0.05857,1,1,+0.40218,+0.36608,0.11125,245.90,1,-10.000,-0.02555,-12.758,-0.00000,-17.80,+0.00000,1,+0.62749,+0.00000,0.00651,-4.060,0,212.3,0.0
13.7802,3,0,0.2164,0.2750,-0.05857,1,1,+0.40218,+0.36608,0.11125,245.90,1,-10.000,-0.02556,-12.758,-0.00000,-17.80,+0.00000,1,+0.62749,+0.00000,0.00651,-4.057,0,212.3,0.0
13.7849,3,0,0.2164,0.2750,-0.05857,1,1,+0.40218,+0.36608,0.11125,245.90,1,-10.000,-0.02559,-12.758,-0.00000,-17.80,+0.00000,1,+0.62749,+0.00000,0.00651,-4.051,0,212.3,0.0
13.7892,3,0,0.2164,0.2750,-0.05857,1,1,+0.40218,+0.36608,0.11125,245.90,1,-10.000,-0.02559,-12.758,-0.00000,-17.80,+0.00000,1,+0.62749,+0.00000,0.00651,-4.051,0,212.3,0.0
13.7935,3,0,0.2164,0.2750,-0.05857,1,1,+0.40218,+0.36608,0.11125,245.90,1,-10.000,-0.02559,-12.758,-0.00000,-17.80,+0.00000,1,+0.62749,+0.00000,0.00651,-4.051,0,212.3,0.0
13.7980,3,0,0.2164,0.2750,-0.05857,1,1,+0.40218,+0.36608,0.11125,245.90,1,-10.000,-0.02557,-12.758,-0.00000,-17.80,+0.00000,1,+0.62749,+0.00000,0.00651,-4.055,0,212.3,0.0
13.8027,3,0,0.2164,0.2750,-0.05857,1,1,+0.40218,+0.36608,0.11125,245.90,1,-10.000,-0.02557,-12.758,-0.00000,-17.80,+0.00000,1,+0.62749,+0.00000,0.00651,-4.055,0,212.3,0.0
13.8072,3,0,0.2164,0.2750,-0.05857,1,1,+0.40218,+0.36608,0.11125,245.90,1,-10.000,-0.02557,-12.758,-0.00000,-17.80,+0.00000,1,+0.62749,+0.00000,0.00651,-4.056,0,212.3,0.0
13.8117,3,0,0.2164,0.2750,-0.05857,1,1,+0.40218,+0.36608,0.11125,245.90,1,-10.000,-0.02560,-12.758,-0.00000,-17.80,+0.00000,1,+0.62749,+0.00000,0.00651,-4.049,0,212.3,0.0
13.8162,3,0,0.2164,0.2750,-0.05857,1,1,+0.40218,+0.36608,0.11125,245.90,1,-10.000,-0.02560,-12.758,-0.00000,-17.80,+0.00000,1,+0.62749,+0.00000,0.00651,-4.049,0,212.3,0.0
13.8207,3,0,0.2164,0.2750,-0.05857,1,1,+0.40218,+0.36608,0.11125,245.90,1,-10.000,-0.02559,-12.758,-0.00000,-17.80,+0.00000,1,+0.62749,+0.00000,0.00651,-4.051,0,212.3,0.0
13.8255,3,0,0.2164,0.2750,-0.05857,1,1,+0.40218,+0.36608,0.11125,245.90,1,-10.000,-0.02559,-12.758,-0.00000,-17.80,+0.00000,1,+0.62749,+0.00000,0.00651,-4.051,0,212.3,0.0
13.8298,3,0,0.2164,0.2750,-0.05857,1,1,+0.40218,+0.36608,0.11125,245.90,1,-10.000,-0.02561,-12.758,-0.00000,-17.80,+0.00000,1,+0.62749,+0.00000,0.00651,-4.047,0,212.3,0.0
13.8343,3,0,0.2164,0.2750,-0.05857,1,1,+0.40218,+0.36608,0.11125,245.90,1,-10.000,-0.02561,-12.758,-0.00000,-17.80,+0.00000,1,+0.62749,+0.00000,0.00651,-4.047,0,212.3,0.0
13.8386,3,0,0.2164,0.2750,-0.05857,1,1,+0.40218,+0.36608,0.11125,245.90,1,-10.000,-0.02561,-12.758,-0.00000,-17.80,+0.00000,1,+0.62749,+0.00000,0.00651,-4.047,0,212.3,0.0
13.8434,3,0,0.2164,0.2750,-0.05857,1,1,+0.40218,+0.36608,0.11125,245.90,1,-10.000,-0.02556,-12.758,-0.00000,-17.80,+0.00000,1,+0.62749,+0.00000,0.00651,-4.058,0,212.3,0.0
13.8479,3,0,0.2164,0.2750,-0.05857,1,1,+0.40218,+0.36608,0.11125,245.90,1,-10.000,-0.02558,-12.758,-0.00000,-17.80,+0.00000,1,+0.62749,+0.00000,0.00651,-4.053,0,212.3,0.0
13.8525,3,0,0.2164,0.2750,-0.05857,1,1,+0.40218,+0.36608,0.11125,245.90,1,-10.000,-0.02558,-12.758,-0.00000,-17.80,+0.00000,1,+0.62749,+0.00000,0.00651,-4.053,0,212.3,0.0
13.8572,3,0,0.2164,0.2750,-0.05857,1,1,+0.40218,+0.36608,0.11125,245.90,1,-10.000,-0.02557,-12.758,-0.00000,-17.80,+0.00000,1,+0.62749,+0.00000,0.00651,-4.054,0,212.3,0.0
13.8617,3,0,0.2164,0.2750,-0.05857,1,1,+0.40218,+0.36608,0.11125,245.90,1,-10.000,-0.02557,-12.758,-0.00000,-17.80,+0.00000,1,+0.62749,+0.00000,0.00651,-4.054,0,212.3,0.0
13.8663,3,0,0.2164,0.2750,-0.05857,1,1,+0.40218,+0.36608,0.11125,245.90,1,-10.000,-0.02560,-12.758,-0.00000,-17.80,+0.00000,1,+0.62749,+0.00000,0.00651,-4.048,0,212.3,0.0
13.8707,3,0,0.2164,0.2750,-0.05857,1,1,+0.40218,+0.36608,0.11125,245.90,1,-10.000,-0.02560,-12.758,-0.00000,-17.80,+0.00000,1,+0.62749,+0.00000,0.00651,-4.048,0,212.3,0.0
13.8751,3,0,0.2164,0.2750,-0.05857,1,1,+0.40218,+0.36608,0.11125,245.90,1,-10.000,-0.02556,-12.758,-0.00000,-17.80,+0.00000,1,+0.62749,+0.00000,0.00651,-4.058,0,212.3,0.0
13.8796,3,0,0.2164,0.2750,-0.05857,1,1,+0.40218,+0.36608,0.11125,245.90,1,-10.000,-0.02556,-12.758,-0.00000,-17.80,+0.00000,1,+0.62749,+0.00000,0.00651,-4.058,0,212.3,0.0
13.8840,3,0,0.2164,0.2750,-0.05857,1,1,+0.40218,+0.36608,0.11125,245.90,1,-10.000,-0.02557,-12.758,-0.00000,-17.80,+0.00000,1,+0.62749,+0.00000,0.00651,-4.055,0,212.3,0.0
13.8884,3,0,0.2164,0.2750,-0.05857,1,1,+0.40218,+0.36608,0.11125,245.90,1,-10.000,-0.02557,-12.758,-0.00000,-17.80,+0.00000,1,+0.62749,+0.00000,0.00651,-4.055,0,212.3,0.0
13.8929,3,0,0.2164,0.2750,-0.05857,1,1,+0.40218,+0.36608,0.11125,245.90,1,-10.000,-0.02559,-12.758,-0.00000,-17.80,+0.00000,1,+0.62749,+0.00000,0.00651,-4.050,0,212.3,0.0
13.8975,3,0,0.2164,0.2750,-0.05857,1,1,+0.40218,+0.36608,0.11125,245.90,1,-10.000,-0.02559,-12.758,-0.00000,-17.80,+0.00000,1,+0.62749,+0.00000,0.00651,-4.050,0,212.3,0.0
13.9065,3,0,0.2164,0.2750,-0.05857,1,1,+0.40218,+0.36608,0.11125,245.90,1,-10.000,-0.02553,-12.758,-0.00000,-17.80,+0.00000,1,+0.62749,+0.00000,0.00651,-4.064,0,212.3,0.0
13.9111,3,0,0.2164,0.2750,-0.05857,1,1,+0.40218,+0.36608,0.11125,245.90,1,-10.000,-0.02553,-12.758,-0.00000,-17.80,+0.00000,1,+0.62749,+0.00000,0.00651,-4.064,0,212.3,0.0
13.9156,3,0,0.2164,0.2750,-0.05857,1,1,+0.40218,+0.36608,0.11125,245.90,1,-10.000,-0.02553,-12.758,-0.00000,-17.80,+0.00000,1,+0.62749,+0.00000,0.00651,-4.064,0,212.3,0.0
13.9202,3,0,0.2164,0.2750,-0.05857,1,1,+0.40218,+0.36608,0.11125,245.90,1,-10.000,-0.02553,-12.758,-0.00000,-17.80,+0.00000,1,+0.62749,+0.00000,0.00651,-4.064,0,212.3,0.0
13.9248,3,0,0.2164,0.2750,-0.05857,1,1,+0.40218,+0.36608,0.11125,245.90,1,-10.000,-0.02552,-12.758,-0.00000,-17.80,+0.00000,1,+0.62749,+0.00000,0.00651,-4.066,0,212.3,0.0
13.9292,3,0,0.2164,0.2750,-0.05857,1,1,+0.40218,+0.36608,0.11125,245.90,1,-10.000,-0.02552,-12.758,-0.00000,-17.80,+0.00000,1,+0.62749,+0.00000,0.00651,-4.066,0,212.3,0.0
13.9339,3,0,0.2164,0.2750,-0.05857,1,1,+0.40218,+0.36608,0.11125,245.90,1,-10.000,-0.02553,-12.758,-0.00000,-17.80,+0.00000,1,+0.62749,+0.00000,0.00651,-4.065,0,212.3,0.0
13.9382,3,0,0.2164,0.2750,-0.05857,1,1,+0.40218,+0.36608,0.11125,245.90,1,-10.000,-0.02553,-12.758,-0.00000,-17.80,+0.00000,1,+0.62749,+0.00000,0.00651,-4.065,0,212.3,0.0
13.9427,3,0,0.2164,0.2750,-0.05857,1,1,+0.40218,+0.36608,0.11125,245.90,1,-10.000,-0.02552,-12.758,-0.00000,-17.80,+0.00000,1,+0.62749,+0.00000,0.00651,-4.066,0,212.3,0.0
13.9473,3,0,0.2164,0.2750,-0.05857,1,1,+0.40218,+0.36608,0.11125,245.90,1,-10.000,-0.02552,-12.758,-0.00000,-17.80,+0.00000,1,+0.62749,+0.00000,0.00651,-4.066,0,212.3,0.0
13.9518,3,0,0.2164,0.2750,-0.05857,1,1,+0.40218,+0.36608,0.11125,245.90,1,-10.000,-0.02552,-12.758,-0.00000,-17.80,+0.00000,1,+0.62749,+0.00000,0.00651,-4.066,0,212.3,0.0
13.9564,3,0,0.2164,0.2750,-0.05857,1,1,+0.40218,+0.36608,0.11125,245.90,1,-10.000,-0.02555,-12.758,-0.00000,-17.80,+0.00000,1,+0.62749,+0.00000,0.00651,-4.060,0,212.3,0.0
13.9610,3,0,0.2164,0.2750,-0.05857,1,1,+0.40218,+0.36608,0.11125,245.90,1,-10.000,-0.02555,-12.758,-0.00000,-17.80,+0.00000,1,+0.62749,+0.00000,0.00651,-4.060,0,212.3,0.0
13.9656,3,0,0.2164,0.2750,-0.05857,1,1,+0.40218,+0.36608,0.11125,245.90,1,-10.000,-0.02558,-12.758,-0.00000,-17.80,+0.00000,1,+0.62749,+0.00000,0.00651,-4.053,0,212.3,0.0
13.9701,3,0,0.2164,0.2750,-0.05857,1,1,+0.40218,+0.36608,0.11125,245.90,1,-10.000,-0.02558,-12.758,-0.00000,-17.80,+0.00000,1,+0.62749,+0.00000,0.00651,-4.053,0,212.3,0.0
13.9748,3,0,0.2164,0.2750,-0.05857,1,1,+0.40218,+0.36608,0.11125,245.90,1,-10.000,-0.02559,-12.758,-0.00000,-17.80,+0.00000,1,+0.62749,+0.00000,0.00651,-4.050,0,212.3,0.0
13.9792,3,0,0.2164,0.2750,-0.05857,1,1,+0.40218,+0.36608,0.11125,245.90,1,-10.000,-0.02559,-12.758,-0.00000,-17.80,+0.00000,1,+0.62749,+0.00000,0.00651,-4.050,0,212.3,0.0
13.9844,3,0,0.2164,0.2750,-0.05857,1,1,+0.40218,+0.36608,0.11125,245.90,1,-10.000,-0.02559,-12.758,-0.00000,-17.80,+0.00000,1,+0.62749,+0.00000,0.00651,-4.050,0,212.3,0.0
13.9889,3,0,0.2164,0.2750,-0.05857,1,1,+0.40218,+0.36608,0.11125,245.90,1,-10.000,-0.02559,-12.758,-0.00000,-17.80,+0.00000,1,+0.62749,+0.00000,0.00651,-4.050,0,212.3,0.0
13.9934,3,0,0.2164,0.2750,-0.05857,1,1,+0.40218,+0.36608,0.11125,245.90,1,-10.000,-0.02557,-12.758,-0.00000,-17.80,+0.00000,1,+0.62749,+0.00000,0.00651,-4.055,0,212.3,0.0
13.9979,3,0,0.2164,0.2750,-0.05857,1,1,+0.40218,+0.36608,0.11125,245.90,1,-10.000,-0.02561,-12.758,-0.00000,-17.80,+0.00000,1,+0.62749,+0.00000,0.00651,-4.047,0,212.3,0.0
14.0024,3,0,0.2164,0.2750,-0.05857,1,1,+0.40218,+0.36608,0.11125,245.90,1,-10.000,-0.02561,-12.758,-0.00000,-17.80,+0.00000,1,+0.62749,+0.00000,0.00651,-4.047,0,212.3,0.0
14.0070,3,0,0.2164,0.2750,-0.05857,1,1,+0.40218,+0.36608,0.11125,245.90,1,-10.000,-0.02561,-12.758,-0.00000,-17.80,+0.00000,1,+0.62749,+0.00000,0.00651,-4.047,0,212.3,0.0
14.0116,3,0,0.2164,0.2750,-0.05857,1,1,+0.40218,+0.36608,0.11125,245.90,1,-10.000,-0.02557,-12.758,-0.00000,-17.80,+0.00000,1,+0.62749,+0.00000,0.00651,-4.055,0,212.3,0.0
14.0160,3,0,0.2164,0.2750,-0.05857,1,1,+0.40218,+0.36608,0.11125,245.90,1,-10.000,-0.02557,-12.758,-0.00000,-17.80,+0.00000,1,+0.62749,+0.00000,0.00651,-4.055,0,212.3,0.0
14.0204,3,0,0.2164,0.2750,-0.05857,1,1,+0.40218,+0.36608,0.11125,245.90,1,-10.000,-0.02559,-12.758,-0.00000,-17.80,+0.00000,1,+0.62749,+0.00000,0.00651,-4.052,0,212.3,0.0
14.0260,3,0,0.2164,0.2750,-0.05857,1,1,+0.40218,+0.36608,0.11125,245.90,1,-10.000,-0.02558,-12.758,-0.00000,-17.80,+0.00000,1,+0.62749,+0.00000,0.00651,-4.053,0,212.3,0.0
14.0302,3,0,0.2164,0.2750,-0.05857,1,1,+0.40218,+0.36608,0.11125,245.90,1,-10.000,-0.02558,-12.758,-0.00000,-17.80,+0.00000,1,+0.62749,+0.00000,0.00651,-4.053,0,212.3,0.0
14.0347,3,0,0.2164,0.2750,-0.05857,1,1,+0.40218,+0.36608,0.11125,245.90,1,-10.000,-0.02563,-12.758,-0.00000,-17.80,+0.00000,1,+0.62749,+0.00000,0.00651,-4.042,0,212.3,0.0
14.0393,3,0,0.2164,0.2750,-0.05857,1,1,+0.40218,+0.36608,0.11125,245.90,1,-10.000,-0.02563,-12.758,-0.00000,-17.80,+0.00000,1,+0.62749,+0.00000,0.00651,-4.042,0,212.3,0.0
14.0439,3,0,0.2164,0.2750,-0.05857,1,1,+0.40218,+0.36608,0.11125,245.90,1,-10.000,-0.02564,-12.758,-0.00000,-17.80,+0.00000,1,+0.62749,+0.00000,0.00651,-4.040,0,212.3,0.0
14.0488,3,0,0.2164,0.2750,-0.05857,1,1,+0.40218,+0.36608,0.11125,245.90,1,-10.000,-0.02564,-12.758,-0.00000,-17.80,+0.00000,1,+0.62749,+0.00000,0.00651,-4.040,0,212.3,0.0
14.0532,3,0,0.2164,0.2750,-0.05857,1,1,+0.40218,+0.36608,0.11125,245.90,1,-10.000,-0.02561,-12.758,-0.00000,-17.80,+0.00000,1,+0.62749,+0.00000,0.00651,-4.045,0,212.3,0.0
14.0578,3,0,0.2164,0.2750,-0.05857,1,1,+0.40218,+0.36608,0.11125,245.90,1,-10.000,-0.02561,-12.758,-0.00000,-17.80,+0.00000,1,+0.62749,+0.00000,0.00651,-4.045,0,212.3,0.0
14.0625,3,0,0.2164,0.2750,-0.05857,1,1,+0.40218,+0.36608,0.11125,245.90,1,-10.000,-0.02563,-12.758,-0.00000,-17.80,+0.00000,1,+0.62749,+0.00000,0.00651,-4.042,0,212.3,0.0
14.0666,3,0,0.2164,0.2750,-0.05857,1,1,+0.40218,+0.36608,0.11125,245.90,1,-10.000,-0.02566,-12.758,-0.00000,-17.80,+0.00000,1,+0.62749,+0.00000,0.00651,-4.035,0,212.3,0.0
14.0711,3,0,0.2164,0.2750,-0.05857,1,1,+0.40218,+0.36608,0.11125,245.90,1,-10.000,-0.02566,-12.758,-0.00000,-17.80,+0.00000,1,+0.62749,+0.00000,0.00651,-4.035,0,212.3,0.0
14.0772,3,0,0.2164,0.2750,-0.05857,1,1,+0.40218,+0.36608,0.11125,245.90,1,-10.000,-0.02566,-12.758,-0.00000,-17.80,+0.00000,1,+0.62749,+0.00000,0.00651,-4.035,0,212.3,0.0
14.0819,3,0,0.2164,0.2750,-0.05857,1,1,+0.40218,+0.36608,0.11125,245.90,1,-10.000,-0.02560,-12.758,-0.00000,-17.80,+0.00000,1,+0.62749,+0.00000,0.00651,-4.048,0,212.3,0.0
14.0865,3,0,0.2164,0.2750,-0.05857,1,1,+0.40218,+0.36608,0.11125,245.90,1,-10.000,-0.02566,-12.758,-0.00000,-17.80,+0.00000,1,+0.62749,+0.00000,0.00651,-4.035,0,212.3,0.0
14.0908,3,0,0.2164,0.2750,-0.05857,1,1,+0.40218,+0.36608,0.11125,245.90,1,-10.000,-0.02566,-12.758,-0.00000,-17.80,+0.00000,1,+0.62749,+0.00000,0.00651,-4.035,0,212.3,0.0
14.0955,3,0,0.2164,0.2750,-0.05857,1,1,+0.40218,+0.36608,0.11125,245.90,1,-10.000,-0.02561,-12.758,-0.00000,-17.80,+0.00000,1,+0.62749,+0.00000,0.00651,-4.045,0,212.3,0.0
14.1002,3,0,0.2164,0.2750,-0.05857,1,1,+0.40218,+0.36608,0.11125,245.90,1,-10.000,-0.02561,-12.758,-0.00000,-17.80,+0.00000,1,+0.62749,+0.00000,0.00651,-4.045,0,212.3,0.0
14.1048,3,0,0.2164,0.2750,-0.05857,1,1,+0.40218,+0.36608,0.11125,245.90,1,-10.000,-0.02564,-12.758,-0.00000,-17.80,+0.00000,1,+0.62749,+0.00000,0.00651,-4.040,0,212.3,0.0
14.1093,3,0,0.2164,0.2750,-0.05857,1,1,+0.40218,+0.36608,0.11125,245.90,1,-10.000,-0.02564,-12.758,-0.00000,-17.80,+0.00000,1,+0.62749,+0.00000,0.00651,-4.040,0,212.3,0.0
14.1137,3,0,0.2164,0.2750,-0.05857,1,1,+0.40218,+0.36608,0.11125,245.90,1,-10.000,-0.02563,-12.758,-0.00000,-17.80,+0.00000,1,+0.62749,+0.00000,0.00651,-4.041,0,212.3,0.0
14.1182,3,0,0.2164,0.2750,-0.05857,1,1,+0.40218,+0.36608,0.11125,245.90,1,-10.000,-0.02563,-12.758,-0.00000,-17.80,+0.00000,1,+0.62749,+0.00000,0.00651,-4.041,0,212.3,0.0
14.1228,3,0,0.2164,0.2750,-0.05857,1,1,+0.40218,+0.36608,0.11125,245.90,1,-10.000,-0.02559,-12.758,-0.00000,-17.80,+0.00000,1,+0.62749,+0.00000,0.00651,-4.050,0,212.3,0.0
14.1276,3,0,0.2164,0.2750,-0.05857,1,1,+0.40218,+0.36608,0.11125,245.90,1,-10.000,-0.02559,-12.758,-0.00000,-17.80,+0.00000,1,+0.62749,+0.00000,0.00651,-4.050,0,212.3,0.0
14.1320,3,0,0.2164,0.2750,-0.05857,1,1,+0.40218,+0.36608,0.11125,245.90,1,-10.000,-0.02562,-12.758,-0.00000,-17.80,+0.00000,1,+0.62749,+0.00000,0.00651,-4.043,0,212.3,0.0
14.1365,3,0,0.2164,0.2750,-0.05857,1,1,+0.40218,+0.36608,0.11125,245.90,1,-10.000,-0.02562,-12.758,-0.00000,-17.80,+0.00000,1,+0.62749,+0.00000,0.00651,-4.043,0,212.3,0.0
14.1412,3,0,0.2164,0.2750,-0.05857,1,1,+0.40218,+0.36608,0.11125,245.90,1,-10.000,-0.02560,-12.758,-0.00000,-17.80,+0.00000,1,+0.62749,+0.00000,0.00651,-4.048,0,212.3,0.0
14.1457,3,0,0.2164,0.2750,-0.05857,1,1,+0.40218,+0.36608,0.11125,245.90,1,-10.000,-0.02560,-12.758,-0.00000,-17.80,+0.00000,1,+0.62749,+0.00000,0.00651,-4.048,0,212.3,0.0
14.1506,3,0,0.2164,0.2750,-0.05857,1,1,+0.40218,+0.36608,0.11125,245.90,1,-10.000,-0.02556,-12.758,-0.00000,-17.80,+0.00000,1,+0.62749,+0.00000,0.00651,-4.057,0,212.3,0.0
14.1548,3,0,0.2164,0.2750,-0.05857,1,1,+0.40218,+0.36608,0.11125,245.90,1,-10.000,-0.02556,-12.758,-0.00000,-17.80,+0.00000,1,+0.62749,+0.00000,0.00651,-4.057,0,213.6,0.0
14.1593,3,0,0.2164,0.2750,-0.05857,1,1,+0.40218,+0.36608,0.11125,245.90,1,-10.000,-0.02560,-12.758,-0.00000,-17.80,+0.00000,1,+0.62749,+0.00000,0.00651,-4.049,0,213.6,0.0
14.1639,3,0,0.2164,0.2750,-0.05857,1,1,+0.40218,+0.36608,0.11125,245.90,1,-10.000,-0.02560,-12.758,-0.00000,-17.80,+0.00000,1,+0.62749,+0.00000,0.00651,-4.049,0,213.6,0.0
14.1684,3,0,0.2164,0.2750,-0.05857,1,1,+0.40218,+0.36608,0.11125,245.90,1,-10.000,-0.02557,-12.758,-0.00000,-17.80,+0.00000,1,+0.62749,+0.00000,0.00651,-4.056,0,213.6,0.0
14.1730,3,0,0.2164,0.2750,-0.05857,1,1,+0.40218,+0.36608,0.11125,245.90,1,-10.000,-0.02557,-12.758,-0.00000,-17.80,+0.00000,1,+0.62749,+0.00000,0.00651,-4.056,0,213.6,0.0
14.1777,3,0,0.2164,0.2750,-0.05857,1,1,+0.40218,+0.36608,0.11125,245.90,1,-10.000,-0.02562,-12.758,-0.00000,-17.80,+0.00000,1,+0.62749,+0.00000,0.00651,-4.045,0,213.6,0.0
14.1822,3,0,0.2164,0.2750,-0.05857,1,1,+0.40218,+0.36608,0.11125,245.90,1,-10.000,-0.02562,-12.758,-0.00000,-17.80,+0.00000,1,+0.62749,+0.00000,0.00651,-4.045,0,213.6,0.0
14.1868,3,0,0.2164,0.2750,-0.05857,1,1,+0.40218,+0.36608,0.11125,245.90,1,-10.000,-0.02559,-12.758,-0.00000,-17.80,+0.00000,1,+0.62749,+0.00000,0.00651,-4.051,0,213.6,0.0
14.1914,3,0,0.2164,0.2750,-0.05857,1,1,+0.40218,+0.36608,0.11125,245.90,1,-10.000,-0.02564,-12.758,-0.00000,-17.80,+0.00000,1,+0.62749,+0.00000,0.00651,-4.038,0,213.6,0.0
14.1960,3,0,0.2164,0.2750,-0.05857,1,1,+0.40218,+0.36608,0.11125,245.90,1,-10.000,-0.02564,-12.758,-0.00000,-17.80,+0.00000,1,+0.62749,+0.00000,0.00651,-4.038,0,213.6,0.0
14.2015,3,0,0.2164,0.2750,-0.05857,1,1,+0.40218,+0.36608,0.11125,245.90,1,-10.000,-0.02564,-12.758,-0.00000,-17.80,+0.00000,1,+0.62749,+0.00000,0.00651,-4.040,0,213.6,0.0
14.2058,3,0,0.2164,0.2750,-0.05857,1,1,+0.40218,+0.36608,0.11125,245.90,1,-10.000,-0.02564,-12.758,-0.00000,-17.80,+0.00000,1,+0.62749,+0.00000,0.00651,-4.040,0,213.6,0.0
14.2106,3,0,0.2164,0.2750,-0.05857,1,1,+0.40218,+0.36608,0.11125,245.90,1,-10.000,-0.02564,-12.758,-0.00000,-17.80,+0.00000,1,+0.62749,+0.00000,0.00651,-4.040,0,213.6,0.0
14.2185,3,0,0.2164,0.2750,-0.05857,1,1,+0.40218,+0.36608,0.11125,245.90,1,-10.000,-0.02561,-12.758,-0.00000,-17.80,+0.00000,1,+0.62749,+0.00000,0.00651,-4.047,0,213.6,0.0
14.2229,3,0,0.2164,0.2750,-0.05857,1,1,+0.40218,+0.36608,0.11125,245.90,1,-10.000,-0.02560,-12.758,-0.00000,-17.80,+0.00000,1,+0.62749,+0.00000,0.00651,-4.050,0,213.6,0.0
14.2274,3,0,0.2164,0.2750,-0.05857,1,1,+0.40218,+0.36608,0.11125,245.90,1,-10.000,-0.02560,-12.758,-0.00000,-17.80,+0.00000,1,+0.62749,+0.00000,0.00651,-4.050,0,213.6,0.0
14.2320,3,0,0.2164,0.2750,-0.05857,1,1,+0.40218,+0.36608,0.11125,245.90,1,-10.000,-0.02562,-12.758,-0.00000,-17.80,+0.00000,1,+0.62749,+0.00000,0.00651,-4.044,0,213.6,0.0
14.2371,3,0,0.2164,0.2750,-0.05857,1,1,+0.40218,+0.36608,0.11125,245.90,1,-10.000,-0.02566,-12.758,-0.00000,-17.80,+0.00000,1,+0.62749,+0.00000,0.00651,-4.036,0,213.6,0.0
14.2413,3,0,0.2164,0.2750,-0.05857,1,1,+0.40218,+0.36608,0.11125,245.90,1,-10.000,-0.02566,-12.758,-0.00000,-17.80,+0.00000,1,+0.62749,+0.00000,0.00651,-4.036,0,213.6,0.0
14.2473,3,0,0.2164,0.2750,-0.05857,1,1,+0.40218,+0.36608,0.11125,245.90,1,-10.000,-0.02566,-12.758,-0.00000,-17.80,+0.00000,1,+0.62749,+0.00000,0.00651,-4.035,0,213.6,0.0
14.2516,3,0,0.2164,0.2750,-0.05857,1,1,+0.40218,+0.36608,0.11125,245.90,1,-10.000,-0.02566,-12.758,-0.00000,-17.80,+0.00000,1,+0.62749,+0.00000,0.00651,-4.035,0,213.6,0.0
14.2562,3,0,0.2164,0.2750,-0.05857,1,1,+0.40218,+0.36608,0.11125,245.90,1,-10.000,-0.02566,-12.758,-0.00000,-17.80,+0.00000,1,+0.62749,+0.00000,0.00651,-4.035,0,213.6,0.0
14.2603,3,0,0.2164,0.2750,-0.05857,1,1,+0.40218,+0.36608,0.11125,245.90,1,-10.000,-0.02568,-12.758,-0.00000,-17.80,+0.00000,1,+0.62749,+0.00000,0.00651,-4.030,0,213.6,0.0
14.2645,3,0,0.2164,0.2750,-0.05857,1,1,+0.40218,+0.36608,0.11125,245.90,1,-10.000,-0.02568,-12.758,-0.00000,-17.80,+0.00000,1,+0.62749,+0.00000,0.00651,-4.030,0,213.6,0.0
14.2691,3,0,0.2164,0.2750,-0.05857,1,1,+0.40218,+0.36608,0.11125,245.90,1,-10.000,-0.02568,-12.758,-0.00000,-17.80,+0.00000,1,+0.62749,+0.00000,0.00651,-4.030,0,213.6,0.0
14.2735,3,0,0.2164,0.2750,-0.05857,1,1,+0.40218,+0.36608,0.11125,245.90,1,-10.000,-0.02565,-12.758,-0.00000,-17.80,+0.00000,1,+0.62749,+0.00000,0.00651,-4.036,0,213.6,0.0
14.2779,3,0,0.2164,0.2750,-0.05857,1,1,+0.40218,+0.36608,0.11125,245.90,1,-10.000,-0.02565,-12.758,-0.00000,-17.80,+0.00000,1,+0.62749,+0.00000,0.00651,-4.036,0,213.6,0.0
14.2824,3,0,0.2164,0.2750,-0.05857,1,1,+0.40218,+0.36608,0.11125,245.90,1,-10.000,-0.02566,-12.758,-0.00000,-17.80,+0.00000,1,+0.62749,+0.00000,0.00651,-4.034,0,213.6,0.0
14.2867,3,0,0.2164,0.2750,-0.05857,1,1,+0.40218,+0.36608,0.11125,245.90,1,-10.000,-0.02566,-12.758,-0.00000,-17.80,+0.00000,1,+0.62749,+0.00000,0.00651,-4.034,0,213.6,0.0
14.2919,3,0,0.2164,0.2750,-0.05857,1,1,+0.40218,+0.36608,0.11125,245.90,1,-10.000,-0.02567,-12.758,-0.00000,-17.80,+0.00000,1,+0.62749,+0.00000,0.00651,-4.032,0,213.6,0.0
14.2962,3,0,0.2164,0.2750,-0.05857,1,1,+0.40218,+0.36608,0.11125,245.90,1,-10.000,-0.02567,-12.758,-0.00000,-17.80,+0.00000,1,+0.62749,+0.00000,0.00651,-4.032,0,213.6,0.0
14.3004,3,0,0.2164,0.2750,-0.05857,1,1,+0.40218,+0.36608,0.11125,245.90,1,-10.000,-0.02567,-12.758,-0.00000,-17.80,+0.00000,1,+0.62749,+0.00000,0.00651,-4.032,0,213.6,0.0
14.3049,3,0,0.2164,0.2750,-0.05857,1,1,+0.40218,+0.36608,0.11125,245.90,1,-10.000,-0.02567,-12.758,-0.00000,-17.80,+0.00000,1,+0.62749,+0.00000,0.00651,-4.032,0,213.6,0.0
14.3094,3,0,0.2164,0.2750,-0.05857,1,1,+0.40218,+0.36608,0.11125,245.90,1,-10.000,-0.02567,-12.758,-0.00000,-17.80,+0.00000,1,+0.62749,+0.00000,0.00651,-4.032,0,213.6,0.0
14.3139,3,0,0.2164,0.2750,-0.05857,1,1,+0.40218,+0.36608,0.11125,245.90,1,-10.000,-0.02567,-12.758,-0.00000,-17.80,+0.00000,1,+0.62749,+0.00000,0.00651,-4.032,0,213.6,0.0
14.3180,3,0,0.2164,0.2750,-0.05857,1,1,+0.40218,+0.36608,0.11125,245.90,1,-10.000,-0.02567,-12.758,-0.00000,-17.80,+0.00000,1,+0.62749,+0.00000,0.00651,-4.032,0,213.6,0.0
14.3222,3,0,0.2164,0.2750,-0.05857,1,1,+0.40218,+0.36608,0.11125,245.90,1,-10.000,-0.02569,-12.758,-0.00000,-17.80,+0.00000,1,+0.62749,+0.00000,0.00651,-4.027,0,213.6,0.0
14.3268,3,0,0.2164,0.2750,-0.05857,1,1,+0.40218,+0.36608,0.11125,245.90,1,-10.000,-0.02569,-12.758,-0.00000,-17.80,+0.00000,1,+0.62749,+0.00000,0.00651,-4.027,0,213.6,0.0
14.3315,3,0,0.2164,0.2750,-0.05857,1,1,+0.40218,+0.36608,0.11125,245.90,1,-10.000,-0.02568,-12.758,-0.00000,-17.80,+0.00000,1,+0.62749,+0.00000,0.00651,-4.030,0,213.6,0.0
14.3372,3,0,0.2164,0.2750,-0.05857,1,1,+0.40218,+0.36608,0.11125,245.90,1,-10.000,-0.02568,-12.758,-0.00000,-17.80,+0.00000,1,+0.62749,+0.00000,0.00651,-4.030,0,213.6,0.0
14.3416,3,0,0.2164,0.2750,-0.05857,1,1,+0.40218,+0.36608,0.11125,245.90,1,-10.000,-0.02568,-12.758,-0.00000,-17.80,+0.00000,1,+0.62749,+0.00000,0.00651,-4.030,0,213.6,0.0
14.3463,3,0,0.2164,0.2750,-0.05857,1,1,+0.40218,+0.36608,0.11125,245.90,1,-10.000,-0.02554,-12.758,-0.00000,-17.80,+0.00000,1,+0.62749,+0.00000,0.00651,-4.062,0,213.6,0.0
14.3510,3,0,0.2164,0.2750,-0.05857,1,1,+0.40218,+0.36608,0.11125,245.90,1,-10.000,-0.02554,-12.758,-0.00000,-17.80,+0.00000,1,+0.62749,+0.00000,0.00651,-4.062,0,213.6,0.0
14.3553,3,0,0.2164,0.2750,-0.05857,1,1,+0.40218,+0.36608,0.11125,245.90,1,-10.000,-0.02558,-12.758,-0.00000,-17.80,+0.00000,1,+0.62749,+0.00000,0.00651,-4.053,0,213.6,0.0
14.3602,3,0,0.2164,0.2750,-0.05857,1,1,+0.40218,+0.36608,0.11125,245.90,1,-10.000,-0.02558,-12.758,-0.00000,-17.80,+0.00000,1,+0.62749,+0.00000,0.00651,-4.053,0,213.6,0.0
14.3649,3,0,0.2164,0.2750,-0.05857,1,1,+0.40218,+0.36608,0.11125,245.90,1,-10.000,-0.02557,-12.758,-0.00000,-17.80,+0.00000,1,+0.62749,+0.00000,0.00651,-4.056,0,213.6,0.0
14.3726,3,0,0.2164,0.2750,-0.05857,1,1,+0.40218,+0.36608,0.11125,245.90,1,-10.000,-0.02560,-12.758,-0.00000,-17.80,+0.00000,1,+0.62749,+0.00000,0.00651,-4.048,0,213.6,0.0
14.3771,3,0,0.2164,0.2750,-0.05857,1,1,+0.40218,+0.36608,0.11125,245.90,1,-10.000,-0.02560,-12.758,-0.00000,-17.80,+0.00000,1,+0.62749,+0.00000,0.00651,-4.048,0,213.6,0.0
14.3816,3,0,0.2164,0.2750,-0.05857,1,1,+0.40218,+0.36608,0.11125,245.90,1,-10.000,-0.02561,-12.758,-0.00000,-17.80,+0.00000,1,+0.62749,+0.00000,0.00651,-4.046,0,213.6,0.0
14.3867,3,0,0.2164,0.2750,-0.05857,1,1,+0.40218,+0.36608,0.11125,245.90,1,-10.000,-0.02561,-12.758,-0.00000,-17.80,+0.00000,1,+0.62749,+0.00000,0.00651,-4.046,0,213.6,0.0
14.3917,3,0,0.2164,0.2750,-0.05857,1,1,+0.40218,+0.36608,0.11125,245.90,1,-10.000,-0.02562,-12.758,-0.00000,-17.80,+0.00000,1,+0.62749,+0.00000,0.00651,-4.044,0,213.6,0.0
14.3962,3,0,0.2164,0.2750,-0.05857,1,1,+0.40218,+0.36608,0.11125,245.90,1,-10.000,-0.02563,-12.758,-0.00000,-17.80,+0.00000,1,+0.62749,+0.00000,0.00651,-4.041,0,213.6,0.0
14.4032,3,0,0.2164,0.2750,-0.05857,1,1,+0.40218,+0.36608,0.11125,245.90,1,-10.000,-0.02563,-12.758,-0.00000,-17.80,+0.00000,1,+0.62749,+0.00000,0.00651,-4.041,0,213.6,0.0
14.4076,3,0,0.2164,0.2750,-0.05857,1,1,+0.40218,+0.36608,0.11125,245.90,1,-10.000,-0.02561,-12.758,-0.00000,-17.80,+0.00000,1,+0.62749,+0.00000,0.00651,-4.046,0,213.6,0.0
14.4122,3,0,0.2164,0.2750,-0.05857,1,1,+0.40218,+0.36608,0.11125,245.90,1,-10.000,-0.02561,-12.758,-0.00000,-17.80,+0.00000,1,+0.62749,+0.00000,0.00651,-4.046,0,213.6,0.0
14.4164,3,0,0.2164,0.2750,-0.05857,1,1,+0.40218,+0.36608,0.11125,245.90,1,-10.000,-0.02563,-12.758,-0.00000,-17.80,+0.00000,1,+0.62749,+0.00000,0.00651,-4.041,0,213.6,0.0
14.4209,3,0,0.2164,0.2750,-0.05857,1,1,+0.40218,+0.36608,0.11125,245.90,1,-10.000,-0.02563,-12.758,-0.00000,-17.80,+0.00000,1,+0.62749,+0.00000,0.00651,-4.041,0,213.6,0.0
14.4253,3,0,0.2164,0.2750,-0.05857,1,1,+0.40218,+0.36608,0.11125,245.90,1,-10.000,-0.02564,-12.758,-0.00000,-17.80,+0.00000,1,+0.62749,+0.00000,0.00651,-4.040,0,213.6,0.0
14.4297,3,0,0.2164,0.2750,-0.05857,1,1,+0.40218,+0.36608,0.11125,245.90,1,-10.000,-0.02564,-12.758,-0.00000,-17.80,+0.00000,1,+0.62749,+0.00000,0.00651,-4.040,0,213.6,0.0
14.4340,3,0,0.2164,0.2750,-0.05857,1,1,+0.40218,+0.36608,0.11125,245.90,1,-10.000,-0.02561,-12.758,-0.00000,-17.80,+0.00000,1,+0.62749,+0.00000,0.00651,-4.047,0,213.6,0.0
14.4383,3,0,0.2164,0.2750,-0.05857,1,1,+0.40218,+0.36608,0.11125,245.90,1,-10.000,-0.02561,-12.758,-0.00000,-17.80,+0.00000,1,+0.62749,+0.00000,0.00651,-4.047,0,213.6,0.0
14.4429,3,0,0.2164,0.2750,-0.05857,1,1,+0.40218,+0.36608,0.11125,245.90,1,-10.000,-0.02563,-12.758,-0.00000,-17.80,+0.00000,1,+0.62749,+0.00000,0.00651,-4.041,0,213.6,0.0
14.4488,3,0,0.2164,0.2750,-0.05857,1,1,+0.40218,+0.36608,0.11125,245.90,1,-10.000,-0.02563,-12.758,-0.00000,-17.80,+0.00000,1,+0.62749,+0.00000,0.00651,-4.041,0,213.6,0.0
14.4531,3,0,0.2164,0.2750,-0.05857,1,1,+0.40218,+0.36608,0.11125,245.90,1,-10.000,-0.02560,-12.758,-0.00000,-17.80,+0.00000,1,+0.62749,+0.00000,0.00651,-4.049,0,213.6,0.0
14.4577,3,0,0.2164,0.2750,-0.05857,1,1,+0.40218,+0.36608,0.11125,245.90,1,-10.000,-0.02560,-12.758,-0.00000,-17.80,+0.00000,1,+0.62749,+0.00000,0.00651,-4.049,0,213.6,0.0
14.4622,3,0,0.2164,0.2750,-0.05857,1,1,+0.40218,+0.36608,0.11125,245.90,1,-10.000,-0.02561,-12.758,-0.00000,-17.80,+0.00000,1,+0.62749,+0.00000,0.00651,-4.046,0,213.6,0.0
14.4668,3,0,0.2164,0.2750,-0.05857,1,1,+0.40218,+0.36608,0.11125,245.90,1,-10.000,-0.02561,-12.758,-0.00000,-17.80,+0.00000,1,+0.62749,+0.00000,0.00651,-4.046,0,213.6,0.0
14.4710,3,0,0.2164,0.2750,-0.05857,1,1,+0.40218,+0.36608,0.11125,245.90,1,-10.000,-0.02560,-12.758,-0.00000,-17.80,+0.00000,1,+0.62749,+0.00000,0.00651,-4.049,0,213.6,0.0
14.4756,3,0,0.2164,0.2750,-0.05857,1,1,+0.40218,+0.36608,0.11125,245.90,1,-10.000,-0.02560,-12.758,-0.00000,-17.80,+0.00000,1,+0.62749,+0.00000,0.00651,-4.049,0,213.6,0.0
14.4818,3,0,0.2164,0.2750,-0.05857,1,1,+0.40218,+0.36608,0.11125,245.90,1,-10.000,-0.02560,-12.758,-0.00000,-17.80,+0.00000,1,+0.62749,+0.00000,0.00651,-4.049,0,213.6,0.0
14.4863,3,0,0.2164,0.2750,-0.05857,1,1,+0.40218,+0.36608,0.11125,245.90,1,-10.000,-0.02561,-12.758,-0.00000,-17.80,+0.00000,1,+0.62749,+0.00000,0.00651,-4.046,0,213.6,0.0
14.4906,3,0,0.2164,0.2750,-0.05857,1,1,+0.40218,+0.36608,0.11125,245.90,1,-10.000,-0.02561,-12.758,-0.00000,-17.80,+0.00000,1,+0.62749,+0.00000,0.00651,-4.046,0,213.6,0.0
14.4951,3,0,0.2164,0.2750,-0.05857,1,1,+0.40218,+0.36608,0.11125,245.90,1,-10.000,-0.02565,-12.758,-0.00000,-17.80,+0.00000,1,+0.62749,+0.00000,0.00651,-4.037,0,213.6,0.0
14.4996,3,0,0.2164,0.2750,-0.05857,1,1,+0.40218,+0.36608,0.11125,245.90,1,-10.000,-0.02565,-12.758,-0.00000,-17.80,+0.00000,1,+0.62749,+0.00000,0.00651,-4.037,0,213.6,0.0
14.5042,3,0,0.2164,0.2750,-0.05857,1,1,+0.40218,+0.36608,0.11125,245.90,1,-10.000,-0.02562,-12.758,-0.00000,-17.80,+0.00000,1,+0.62749,+0.00000,0.00651,-4.044,0,213.6,0.0
14.5101,3,0,0.2164,0.2750,-0.05857,1,1,+0.40218,+0.36608,0.11125,245.90,1,-10.000,-0.02562,-12.758,-0.00000,-17.80,+0.00000,1,+0.62749,+0.00000,0.00651,-4.044,0,213.6,0.0
14.5143,3,0,0.2164,0.2750,-0.05857,1,1,+0.40218,+0.36608,0.11125,245.90,1,-10.000,-0.02560,-12.758,-0.00000,-17.80,+0.00000,1,+0.62749,+0.00000,0.00651,-4.049,0,213.6,0.0
14.5189,3,0,0.2164,0.2750,-0.05857,1,1,+0.40218,+0.36608,0.11125,245.90,1,-10.000,-0.02560,-12.758,-0.00000,-17.80,+0.00000,1,+0.62749,+0.00000,0.00651,-4.049,0,213.6,0.0
14.5233,3,0,0.2164,0.2750,-0.05857,1,1,+0.40218,+0.36608,0.11125,245.90,1,-10.000,-0.02562,-12.758,-0.00000,-17.80,+0.00000,1,+0.62749,+0.00000,0.00651,-4.043,0,213.6,0.0
14.5279,3,0,0.2164,0.2750,-0.05857,1,1,+0.40218,+0.36608,0.11125,245.90,1,-10.000,-0.02562,-12.758,-0.00000,-17.80,+0.00000,1,+0.62749,+0.00000,0.00651,-4.043,0,213.6,0.0
14.5323,3,0,0.2164,0.2750,-0.05857,1,1,+0.40218,+0.36608,0.11125,245.90,1,-10.000,-0.02562,-12.758,-0.00000,-17.80,+0.00000,1,+0.62749,+0.00000,0.00651,-4.043,0,213.6,0.0
14.5366,3,0,0.2164,0.2750,-0.05857,1,1,+0.40218,+0.36608,0.11125,245.90,1,-10.000,-0.02562,-12.758,-0.00000,-17.80,+0.00000,1,+0.62749,+0.00000,0.00651,-4.043,0,213.6,0.0
14.5412,3,0,0.2164,0.2750,-0.05857,1,1,+0.40218,+0.36608,0.11125,245.90,1,-10.000,-0.02563,-12.758,-0.00000,-17.80,+0.00000,1,+0.62749,+0.00000,0.00651,-4.041,0,213.6,0.0
14.5458,3,0,0.2164,0.2750,-0.05857,1,1,+0.40218,+0.36608,0.11125,245.90,1,-10.000,-0.02563,-12.758,-0.00000,-17.80,+0.00000,1,+0.62749,+0.00000,0.00651,-4.041,0,213.6,0.0
14.5505,3,0,0.2164,0.2750,-0.05857,1,1,+0.40218,+0.36608,0.11125,245.90,1,-10.000,-0.02562,-12.758,-0.00000,-17.80,+0.00000,1,+0.62749,+0.00000,0.00651,-4.044,0,213.6,0.0
14.5550,3,0,0.2164,0.2750,-0.05857,1,1,+0.40218,+0.36608,0.11125,245.90,1,-10.000,-0.02565,-12.758,-0.00000,-17.80,+0.00000,1,+0.62749,+0.00000,0.00651,-4.037,0,213.6,0.0
14.5593,3,0,0.2164,0.2750,-0.05857,1,1,+0.40218,+0.36608,0.11125,245.90,1,-10.000,-0.02565,-12.758,-0.00000,-17.80,+0.00000,1,+0.62749,+0.00000,0.00651,-4.037,0,213.6,0.0
14.5640,3,0,0.2164,0.2750,-0.05857,1,1,+0.40218,+0.36608,0.11125,245.90,1,-10.000,-0.02565,-12.758,-0.00000,-17.80,+0.00000,1,+0.62749,+0.00000,0.00651,-4.037,0,213.6,0.0
14.5686,3,0,0.2164,0.2750,-0.05857,1,1,+0.40218,+0.36608,0.11125,245.90,1,-10.000,-0.02565,-12.758,-0.00000,-17.80,+0.00000,1,+0.62749,+0.00000,0.00651,-4.037,0,213.6,0.0
14.5744,3,0,0.2164,0.2750,-0.05857,1,1,+0.40218,+0.36608,0.11125,245.90,1,-10.000,-0.02567,-12.758,-0.00000,-17.80,+0.00000,1,+0.62749,+0.00000,0.00651,-4.031,0,213.6,0.0
14.5790,3,0,0.2164,0.2750,-0.05857,1,1,+0.40218,+0.36608,0.11125,245.90,1,-10.000,-0.02567,-12.758,-0.00000,-17.80,+0.00000,1,+0.62749,+0.00000,0.00651,-4.031,0,213.6,0.0
14.5833,3,0,0.2164,0.2750,-0.05857,1,1,+0.40218,+0.36608,0.11125,245.90,1,-10.000,-0.02567,-12.758,-0.00000,-17.80,+0.00000,1,+0.62749,+0.00000,0.00651,-4.033,0,213.6,0.0
14.5878,3,0,0.2164,0.2750,-0.05857,1,1,+0.40218,+0.36608,0.11125,245.90,1,-10.000,-0.02567,-12.758,-0.00000,-17.80,+0.00000,1,+0.62749,+0.00000,0.00651,-4.033,0,213.6,0.0
14.5921,3,0,0.2164,0.2750,-0.05857,1,1,+0.40218,+0.36608,0.11125,245.90,1,-10.000,-0.02567,-12.758,-0.00000,-17.80,+0.00000,1,+0.62749,+0.00000,0.00651,-4.032,0,213.6,0.0
14.5967,3,0,0.2164,0.2750,-0.05857,1,1,+0.40218,+0.36608,0.11125,245.90,1,-10.000,-0.02567,-12.758,-0.00000,-17.80,+0.00000,1,+0.62749,+0.00000,0.00651,-4.032,0,213.6,0.0
14.6031,3,0,0.2164,0.2750,-0.05857,1,1,+0.40218,+0.36608,0.11125,245.90,1,-10.000,-0.02567,-12.758,-0.00000,-17.80,+0.00000,1,+0.62749,+0.00000,0.00651,-4.033,0,213.6,0.0
14.6076,3,0,0.2164,0.2750,-0.05857,1,1,+0.40218,+0.36608,0.11125,245.90,1,-10.000,-0.02567,-12.758,-0.00000,-17.80,+0.00000,1,+0.62749,+0.00000,0.00651,-4.032,0,213.6,0.0
14.6122,3,0,0.2164,0.2750,-0.05857,1,1,+0.40218,+0.36608,0.11125,245.90,1,-10.000,-0.02567,-12.758,-0.00000,-17.80,+0.00000,1,+0.62749,+0.00000,0.00651,-4.032,0,213.6,0.0
14.6165,3,0,0.2164,0.2750,-0.05857,1,1,+0.40218,+0.36608,0.11125,245.90,1,-10.000,-0.02570,-12.758,-0.00000,-17.80,+0.00000,1,+0.62749,+0.00000,0.00651,-4.026,0,213.6,0.0
14.6209,3,0,0.2164,0.2750,-0.05857,1,1,+0.40218,+0.36608,0.11125,245.90,1,-10.000,-0.02570,-12.758,-0.00000,-17.80,+0.00000,1,+0.62749,+0.00000,0.00651,-4.026,0,213.6,0.0
14.6255,3,0,0.2164,0.2750,-0.05857,1,1,+0.40218,+0.36608,0.11125,245.90,1,-10.000,-0.02567,-12.758,-0.00000,-17.80,+0.00000,1,+0.62749,+0.00000,0.00651,-4.033,0,213.6,0.0
14.6301,3,0,0.2164,0.2750,-0.05857,1,1,+0.40218,+0.36608,0.11125,245.90,1,-10.000,-0.02567,-12.758,-0.00000,-17.80,+0.00000,1,+0.62749,+0.00000,0.00651,-4.033,0,213.6,0.0
14.6347,3,0,0.2164,0.2750,-0.05857,1,1,+0.40218,+0.36608,0.11125,245.90,1,-10.000,-0.02570,-12.758,-0.00000,-17.80,+0.00000,1,+0.62749,+0.00000,0.00651,-4.026,0,213.6,0.0
14.6392,3,0,0.2164,0.2750,-0.05857,1,1,+0.40218,+0.36608,0.11125,245.90,1,-10.000,-0.02572,-12.758,-0.00000,-17.80,+0.00000,1,+0.62749,+0.00000,0.00651,-4.021,0,213.6,0.0
14.6438,3,0,0.2164,0.2750,-0.05857,1,1,+0.40218,+0.36608,0.11125,245.90,1,-10.000,-0.02572,-12.758,-0.00000,-17.80,+0.00000,1,+0.62749,+0.00000,0.00651,-4.021,0,213.6,0.0
14.6479,3,0,0.2164,0.2750,-0.05857,1,1,+0.40218,+0.36608,0.11125,245.90,1,-10.000,-0.02573,-12.758,-0.00000,-17.80,+0.00000,1,+0.62749,+0.00000,0.00651,-4.019,0,213.6,0.0
14.6524,3,0,0.2164,0.2750,-0.05857,1,1,+0.40218,+0.36608,0.11125,245.90,1,-10.000,-0.02573,-12.758,-0.00000,-17.80,+0.00000,1,+0.62749,+0.00000,0.00651,-4.019,0,213.6,0.0
14.6570,3,0,0.2164,0.2750,-0.05857,1,1,+0.40218,+0.36608,0.11125,245.90,1,-10.000,-0.02572,-12.758,-0.00000,-17.80,+0.00000,1,+0.62749,+0.00000,0.00651,-4.020,0,213.6,0.0
14.6615,3,0,0.2164,0.2750,-0.05857,1,1,+0.40218,+0.36608,0.11125,245.90,1,-10.000,-0.02572,-12.758,-0.00000,-17.80,+0.00000,1,+0.62749,+0.00000,0.00651,-4.020,0,213.6,0.0
14.6662,3,0,0.2164,0.2750,-0.05857,1,1,+0.40218,+0.36608,0.11125,245.90,1,-10.000,-0.02573,-12.758,-0.00000,-17.80,+0.00000,1,+0.62749,+0.00000,0.00651,-4.020,0,213.6,0.0
14.6713,3,0,0.2164,0.2750,-0.05857,1,1,+0.40218,+0.36608,0.11125,245.90,1,-10.000,-0.02573,-12.758,-0.00000,-17.80,+0.00000,1,+0.62749,+0.00000,0.00651,-4.020,0,213.6,0.0
14.6774,3,0,0.2164,0.2750,-0.05857,1,1,+0.40218,+0.36608,0.11125,245.90,1,-10.000,-0.02568,-12.758,-0.00000,-17.80,+0.00000,1,+0.62749,+0.00000,0.00651,-4.031,0,213.6,0.0
14.6818,3,0,0.2164,0.2750,-0.05857,1,1,+0.40218,+0.36608,0.11125,245.90,1,-10.000,-0.02568,-12.758,-0.00000,-17.80,+0.00000,1,+0.62749,+0.00000,0.00651,-4.031,0,213.6,0.0
14.6864,3,0,0.2164,0.2750,-0.05857,1,1,+0.40218,+0.36608,0.11125,245.90,1,-10.000,-0.02569,-12.758,-0.00000,-17.80,+0.00000,1,+0.62749,+0.00000,0.00651,-4.027,0,213.6,0.0
14.6909,3,0,0.2164,0.2750,-0.05857,1,1,+0.40218,+0.36608,0.11125,245.90,1,-10.000,-0.02569,-12.758,-0.00000,-17.80,+0.00000,1,+0.62749,+0.00000,0.00651,-4.027,0,213.6,0.0
14.6958,3,0,0.2164,0.2750,-0.05857,1,1,+0.40218,+0.36608,0.11125,245.90,1,-10.000,-0.02571,-12.758,-0.00000,-17.80,+0.00000,1,+0.62749,+0.00000,0.00651,-4.024,0,213.6,0.0
14.7005,3,0,0.2164,0.2750,-0.05857,1,1,+0.40218,+0.36608,0.11125,245.90,1,-10.000,-0.02571,-12.758,-0.00000,-17.80,+0.00000,1,+0.62749,+0.00000,0.00651,-4.024,0,213.6,0.0
14.7051,3,0,0.2164,0.2750,-0.05857,1,1,+0.40218,+0.36608,0.11125,245.90,1,-10.000,-0.02571,-12.758,-0.00000,-17.80,+0.00000,1,+0.62749,+0.00000,0.00651,-4.023,0,213.6,0.0
14.7103,3,0,0.2164,0.2750,-0.05857,1,1,+0.40218,+0.36608,0.11125,245.90,1,-10.000,-0.02571,-12.758,-0.00000,-17.80,+0.00000,1,+0.62749,+0.00000,0.00651,-4.023,0,213.6,0.0
14.7160,3,0,0.2164,0.2750,-0.05857,1,1,+0.40218,+0.36608,0.11125,245.90,1,-10.000,-0.02571,-12.758,-0.00000,-17.80,+0.00000,1,+0.62749,+0.00000,0.00651,-4.023,0,213.6,0.0
14.7207,3,0,0.2164,0.2750,-0.05857,1,1,+0.40218,+0.36608,0.11125,245.90,1,-10.000,-0.02568,-12.758,-0.00000,-17.80,+0.00000,1,+0.62749,+0.00000,0.00651,-4.030,0,213.6,0.0
14.7254,3,0,0.2164,0.2750,-0.05857,1,1,+0.40218,+0.36608,0.11125,245.90,1,-10.000,-0.02568,-12.758,-0.00000,-17.80,+0.00000,1,+0.62749,+0.00000,0.00651,-4.030,0,213.6,0.0
14.7303,3,0,0.2164,0.2750,-0.05857,1,1,+0.40218,+0.36608,0.11125,245.90,1,-10.000,-0.02567,-12.758,-0.00000,-17.80,+0.00000,1,+0.62749,+0.00000,0.00651,-4.032,0,213.6,0.0
14.7344,3,0,0.2164,0.2750,-0.05857,1,1,+0.40218,+0.36608,0.11125,245.90,1,-10.000,-0.02567,-12.758,-0.00000,-17.80,+0.00000,1,+0.62749,+0.00000,0.00651,-4.032,0,213.6,0.0
14.7391,3,0,0.2164,0.2750,-0.05857,1,1,+0.40218,+0.36608,0.11125,245.90,1,-10.000,-0.02566,-12.758,-0.00000,-17.80,+0.00000,1,+0.62749,+0.00000,0.00651,-4.034,0,213.6,0.0
14.7451,3,0,0.2164,0.2750,-0.05857,1,1,+0.40218,+0.36608,0.11125,245.90,1,-10.000,-0.02566,-12.758,-0.00000,-17.80,+0.00000,1,+0.62749,+0.00000,0.00651,-4.034,0,213.6,0.0
14.7494,3,0,0.2164,0.2750,-0.05857,1,1,+0.40218,+0.36608,0.11125,245.90,1,-10.000,-0.02567,-12.758,-0.00000,-17.80,+0.00000,1,+0.62749,+0.00000,0.00651,-4.032,0,213.6,0.0
14.7540,3,0,0.2164,0.2750,-0.05857,1,1,+0.40218,+0.36608,0.11125,245.90,1,-10.000,-0.02571,-12.758,-0.00000,-17.80,+0.00000,1,+0.62749,+0.00000,0.00651,-4.023,0,213.6,0.0
14.7586,3,0,0.2164,0.2750,-0.05857,1,1,+0.40218,+0.36608,0.11125,245.90,1,-10.000,-0.02571,-12.758,-0.00000,-17.80,+0.00000,1,+0.62749,+0.00000,0.00651,-4.023,0,213.6,0.0
14.7632,3,0,0.2164,0.2750,-0.05857,1,1,+0.40218,+0.36608,0.11125,245.90,1,-10.000,-0.02572,-12.758,-0.00000,-17.80,+0.00000,1,+0.62749,+0.00000,0.00651,-4.022,0,213.6,0.0
14.7677,3,0,0.2164,0.2750,-0.05857,1,1,+0.40218,+0.36608,0.11125,245.90,1,-10.000,-0.02572,-12.758,-0.00000,-17.80,+0.00000,1,+0.62749,+0.00000,0.00651,-4.022,0,213.6,0.0
14.7721,3,0,0.2164,0.2750,-0.05857,1,1,+0.40218,+0.36608,0.11125,245.90,1,-10.000,-0.02574,-12.757,-0.00000,-17.80,+0.00000,1,+0.62749,+0.00000,0.00651,-4.016,0,213.6,0.0
14.7768,3,0,0.2164,0.2750,-0.05857,1,1,+0.40218,+0.36608,0.11125,245.90,1,-10.000,-0.02574,-12.757,-0.00000,-17.80,+0.00000,1,+0.62749,+0.00000,0.00651,-4.016,0,213.6,0.0
14.7813,3,0,0.2164,0.2750,-0.05857,1,1,+0.40218,+0.36608,0.11125,245.90,1,-10.000,-0.02575,-12.757,-0.00000,-17.80,+0.00000,1,+0.62749,+0.00000,0.00651,-4.013,0,213.6,0.0
14.7858,3,0,0.2164,0.2750,-0.05857,1,1,+0.40218,+0.36608,0.11125,245.90,1,-10.000,-0.02575,-12.757,-0.00000,-17.80,+0.00000,1,+0.62749,+0.00000,0.00651,-4.013,0,213.6,0.0
14.7904,3,0,0.2164,0.2750,-0.05857,1,1,+0.40218,+0.36608,0.11125,245.90,1,-10.000,-0.02574,-12.757,-0.00000,-17.80,+0.00000,1,+0.62749,+0.00000,0.00651,-4.017,0,213.6,0.0
14.7947,3,0,0.2164,0.2750,-0.05857,1,1,+0.40218,+0.36608,0.11125,245.90,1,-10.000,-0.02574,-12.757,-0.00000,-17.80,+0.00000,1,+0.62749,+0.00000,0.00651,-4.017,0,213.6,0.0
14.7991,3,0,0.2164,0.2750,-0.05857,1,1,+0.40218,+0.36608,0.11125,245.90,1,-10.000,-0.02572,-12.757,-0.00000,-17.80,+0.00000,1,+0.62749,+0.00000,0.00651,-4.020,0,213.6,0.0
14.8117,3,0,0.2164,0.2750,-0.05857,1,1,+0.40218,+0.36608,0.11125,245.90,1,-10.000,-0.02573,-12.757,-0.00000,-17.80,+0.00000,1,+0.62749,+0.00000,0.00651,-4.018,0,213.6,0.0
14.8161,3,0,0.2164,0.2750,-0.05857,1,1,+0.40218,+0.36608,0.11125,245.90,1,-10.000,-0.02572,-12.757,-0.00000,-17.80,+0.00000,1,+0.62749,+0.00000,0.00651,-4.022,0,213.6,0.0
14.8206,3,0,0.2164,0.2750,-0.05857,1,1,+0.40218,+0.36608,0.11125,245.90,1,-10.000,-0.02572,-12.757,-0.00000,-17.80,+0.00000,1,+0.62749,+0.00000,0.00651,-4.022,0,213.6,0.0
14.8255,3,0,0.2164,0.2750,-0.05857,1,1,+0.40218,+0.36608,0.11125,245.90,1,-10.000,-0.02573,-12.757,-0.00000,-17.80,+0.00000,1,+0.62749,+0.00000,0.00651,-4.018,0,213.6,0.0
14.8299,3,0,0.2164,0.2750,-0.05857,1,1,+0.40218,+0.36608,0.11125,245.90,1,-10.000,-0.02573,-12.757,-0.00000,-17.80,+0.00000,1,+0.62749,+0.00000,0.00651,-4.018,0,213.6,0.0
14.8344,3,0,0.2164,0.2750,-0.05857,1,1,+0.40218,+0.36608,0.11125,245.90,1,-10.000,-0.02572,-12.757,-0.00000,-17.80,+0.00000,1,+0.62749,+0.00000,0.00651,-4.020,0,213.6,0.0
14.8393,3,0,0.2164,0.2750,-0.05857,1,1,+0.40218,+0.36608,0.11125,245.90,1,-10.000,-0.02572,-12.757,-0.00000,-17.80,+0.00000,1,+0.62749,+0.00000,0.00651,-4.020,0,213.6,0.0
14.8437,3,0,0.2164,0.2750,-0.05857,1,1,+0.40218,+0.36608,0.11125,245.90,1,-10.000,-0.02569,-12.758,-0.00000,-17.80,+0.00000,1,+0.62749,+0.00000,0.00651,-4.028,0,213.6,0.0
14.8482,3,0,0.2164,0.2750,-0.05857,1,1,+0.40218,+0.36608,0.11125,245.90,1,-10.000,-0.02569,-12.758,-0.00000,-17.80,+0.00000,1,+0.62749,+0.00000,0.00651,-4.028,0,213.6,0.0
14.8525,3,0,0.2164,0.2750,-0.05857,1,1,+0.40218,+0.36608,0.11125,245.90,1,-10.000,-0.02570,-12.758,-0.00000,-17.80,+0.00000,1,+0.62749,+0.00000,0.00651,-4.025,0,213.6,0.0
14.8570,3,0,0.2164,0.2750,-0.05857,1,1,+0.40218,+0.36608,0.11125,245.90,1,-10.000,-0.02570,-12.758,-0.00000,-17.80,+0.00000,1,+0.62749,+0.00000,0.00651,-4.025,0,213.6,0.0
14.8615,3,0,0.2164,0.2750,-0.05857,1,1,+0.40218,+0.36608,0.11125,245.90,1,-10.000,-0.02569,-12.758,-0.00000,-17.80,+0.00000,1,+0.62749,+0.00000,0.00651,-4.028,0,213.6,0.0
14.8692,3,0,0.2164,0.2750,-0.05857,1,1,+0.40218,+0.36608,0.11125,245.90,1,-10.000,-0.02569,-12.758,-0.00000,-17.80,+0.00000,1,+0.62749,+0.00000,0.00651,-4.028,0,213.6,0.0
14.8738,3,0,0.2164,0.2750,-0.05857,1,1,+0.40218,+0.36608,0.11125,245.90,1,-10.000,-0.02565,-12.758,-0.00000,-17.80,+0.00000,1,+0.62749,+0.00000,0.00651,-4.036,0,213.6,0.0
14.8784,3,0,0.2164,0.2750,-0.05857,1,1,+0.40218,+0.36608,0.11125,245.90,1,-10.000,-0.02565,-12.758,-0.00000,-17.80,+0.00000,1,+0.62749,+0.00000,0.00651,-4.036,0,213.6,0.0
14.8829,3,0,0.2164,0.2750,-0.05857,1,1,+0.40218,+0.36608,0.11125,245.90,1,-10.000,-0.02565,-12.758,-0.00000,-17.80,+0.00000,1,+0.62749,+0.00000,0.00651,-4.038,0,213.6,0.0
14.8872,3,0,0.2164,0.2750,-0.05857,1,1,+0.40218,+0.36608,0.11125,245.90,1,-10.000,-0.02569,-12.758,-0.00000,-17.80,+0.00000,1,+0.62749,+0.00000,0.00651,-4.028,0,213.6,0.0
14.8915,3,0,0.2164,0.2750,-0.05857,1,1,+0.40218,+0.36608,0.11125,245.90,1,-10.000,-0.02569,-12.758,-0.00000,-17.80,+0.00000,1,+0.62749,+0.00000,0.00651,-4.028,0,213.6,0.0
14.8960,3,0,0.2164,0.2750,-0.05857,1,1,+0.40218,+0.36608,0.11125,245.90,1,-10.000,-0.02571,-12.758,-0.00000,-17.80,+0.00000,1,+0.62749,+0.00000,0.00651,-4.024,0,213.6,0.0
14.9032,3,0,0.2164,0.2750,-0.05857,1,1,+0.40218,+0.36608,0.11125,245.90,1,-10.000,-0.02571,-12.758,-0.00000,-17.80,+0.00000,1,+0.62749,+0.00000,0.00651,-4.024,0,213.6,0.0
14.9075,3,0,0.2164,0.2750,-0.05857,1,1,+0.40218,+0.36608,0.11125,245.90,1,-10.000,-0.02566,-12.758,-0.00000,-17.80,+0.00000,1,+0.62749,+0.00000,0.00651,-4.034,0,213.6,0.0
14.9120,3,0,0.2164,0.2750,-0.05857,1,1,+0.40218,+0.36608,0.11125,245.90,1,-10.000,-0.02566,-12.758,-0.00000,-17.80,+0.00000,1,+0.62749,+0.00000,0.00651,-4.034,0,213.6,0.0
14.9166,3,0,0.2164,0.2750,-0.05857,1,1,+0.40218,+0.36608,0.11125,245.90,1,-10.000,-0.02568,-12.758,-0.00000,-17.80,+0.00000,1,+0.62749,+0.00000,0.00651,-4.030,0,213.6,0.0
14.9218,3,0,0.2164,0.2750,-0.05857,1,1,+0.40218,+0.36608,0.11125,245.90,1,-10.000,-0.02570,-12.758,-0.00000,-17.80,+0.00000,1,+0.62749,+0.00000,0.00651,-4.026,0,213.6,0.0
14.9263,3,0,0.2164,0.2750,-0.05857,1,1,+0.40218,+0.36608,0.11125,245.90,1,-10.000,-0.02570,-12.758,-0.00000,-17.80,+0.00000,1,+0.62749,+0.00000,0.00651,-4.026,0,213.6,0.0
14.9310,3,0,0.2164,0.2750,-0.05857,1,1,+0.40218,+0.36608,0.11125,245.90,1,-10.000,-0.02571,-12.757,-0.00000,-17.80,+0.00000,1,+0.62749,+0.00000,0.00651,-4.023,0,213.6,0.0
14.9366,3,0,0.2164,0.2750,-0.05857,1,1,+0.40218,+0.36608,0.11125,245.90,1,-10.000,-0.02571,-12.757,-0.00000,-17.80,+0.00000,1,+0.62749,+0.00000,0.00651,-4.023,0,213.6,0.0
14.9410,3,0,0.2164,0.2750,-0.05857,1,1,+0.40218,+0.36608,0.11125,245.90,1,-10.000,-0.02569,-12.758,-0.00000,-17.80,+0.00000,1,+0.62749,+0.00000,0.00651,-4.028,0,213.6,0.0
14.9453,3,0,0.2164,0.2750,-0.05857,1,1,+0.40218,+0.36608,0.11125,245.90,1,-10.000,-0.02569,-12.758,-0.00000,-17.80,+0.00000,1,+0.62749,+0.00000,0.00651,-4.028,0,213.6,0.0
14.9498,3,0,0.2164,0.2750,-0.05857,1,1,+0.40218,+0.36608,0.11125,245.90,1,-10.000,-0.02568,-12.758,-0.00000,-17.80,+0.00000,1,+0.62749,+0.00000,0.00651,-4.030,0,213.6,0.0
14.9543,3,0,0.2164,0.2750,-0.05857,1,1,+0.40218,+0.36608,0.11125,245.90,1,-10.000,-0.02568,-12.758,-0.00000,-17.80,+0.00000,1,+0.62749,+0.00000,0.00651,-4.030,0,213.6,0.0
14.9589,3,0,0.2164,0.2750,-0.05857,1,1,+0.40218,+0.36608,0.11125,245.90,1,-10.000,-0.02567,-12.758,-0.00000,-17.80,+0.00000,1,+0.62749,+0.00000,0.00651,-4.032,0,213.6,0.0
14.9636,3,0,0.2164,0.2750,-0.05857,1,1,+0.40218,+0.36608,0.11125,245.90,1,-10.000,-0.02567,-12.758,-0.00000,-17.80,+0.00000,1,+0.62749,+0.00000,0.00651,-4.032,0,213.6,0.0
14.9680,3,0,0.2164,0.2750,-0.05857,1,1,+0.40218,+0.36608,0.11125,245.90,1,-10.000,-0.02570,-12.758,-0.00000,-17.80,+0.00000,1,+0.62749,+0.00000,0.00651,-4.025,0,213.6,0.0
14.9723,3,0,0.2164,0.2750,-0.05857,1,1,+0.40218,+0.36608,0.11125,245.90,1,-10.000,-0.02570,-12.758,-0.00000,-17.80,+0.00000,1,+0.62749,+0.00000,0.00651,-4.025,0,213.6,0.0
14.9769,3,0,0.2164,0.2750,-0.05857,1,1,+0.40218,+0.36608,0.11125,245.90,1,-10.000,-0.02570,-12.758,-0.00000,-17.80,+0.00000,1,+0.62749,+0.00000,0.00651,-4.025,0,213.6,0.0
14.9815,3,0,0.2164,0.2750,-0.05857,1,1,+0.40218,+0.36608,0.11125,245.90,1,-10.000,-0.02570,-12.758,-0.00000,-17.80,+0.00000,1,+0.62749,+0.00000,0.00651,-4.025,0,213.6,0.0
14.9860,3,0,0.2164,0.2750,-0.05857,1,1,+0.40218,+0.36608,0.11125,245.90,1,-10.000,-0.02567,-12.758,-0.00000,-17.80,+0.00000,1,+0.62749,+0.00000,0.00651,-4.033,0,213.6,0.0
14.9904,3,0,0.2164,0.2750,-0.05857,1,1,+0.40218,+0.36608,0.11125,245.90,1,-10.000,-0.02567,-12.758,-0.00000,-17.80,+0.00000,1,+0.62749,+0.00000,0.00651,-4.033,0,213.6,0.0
14.9948,3,0,0.2164,0.2750,-0.05857,1,1,+0.40218,+0.36608,0.11125,245.90,1,-10.000,-0.02570,-12.758,-0.00000,-17.80,+0.00000,1,+0.62749,+0.00000,0.00651,-4.025,0,213.6,0.0
14.9990,3,0,0.2164,0.2750,-0.05857,1,1,+0.40218,+0.36608,0.11125,245.90,1,-10.000,-0.02570,-12.758,-0.00000,-17.80,+0.00000,1,+0.62749,+0.00000,0.00651,-4.025,0,213.6,0.0
15.0035,3,0,0.2164,0.2750,-0.05857,1,1,+0.40218,+0.36608,0.11125,245.90,1,-10.000,-0.02573,-12.757,-0.00000,-17.80,+0.00000,1,+0.62749,+0.00000,0.00651,-4.020,0,213.6,0.0
15.0084,3,0,0.2164,0.2750,-0.05857,1,1,+0.40218,+0.36608,0.11125,245.90,1,-10.000,-0.02572,-12.757,-0.00000,-17.80,+0.00000,1,+0.62749,+0.00000,0.00651,-4.020,0,213.6,0.0
15.0127,3,0,0.2164,0.2750,-0.05857,1,1,+0.40218,+0.36608,0.11125,245.90,1,-10.000,-0.02572,-12.757,-0.00000,-17.80,+0.00000,1,+0.62749,+0.00000,0.00651,-4.020,0,213.6,0.0
15.0171,3,0,0.2164,0.2750,-0.05857,1,1,+0.40218,+0.36608,0.11125,245.90,1,-10.000,-0.02572,-12.757,-0.00000,-17.80,+0.00000,1,+0.62749,+0.00000,0.00651,-4.020,0,213.6,0.0
15.0215,3,0,0.2164,0.2750,-0.05857,1,1,+0.40218,+0.36608,0.11125,245.90,1,-10.000,-0.02571,-12.757,-0.00000,-17.80,+0.00000,1,+0.62749,+0.00000,0.00651,-4.024,0,213.6,0.0
15.0260,3,0,0.2164,0.2750,-0.05857,1,1,+0.40218,+0.36608,0.11125,245.90,1,-10.000,-0.02573,-12.757,-0.00000,-17.80,+0.00000,1,+0.62749,+0.00000,0.00651,-4.019,0,213.6,0.0
15.0306,3,0,0.2164,0.2750,-0.05857,1,1,+0.40218,+0.36608,0.11125,245.90,1,-10.000,-0.02573,-12.757,-0.00000,-17.80,+0.00000,1,+0.62749,+0.00000,0.00651,-4.019,0,213.6,0.0
15.0351,3,0,0.2164,0.2750,-0.05857,1,1,+0.40218,+0.36608,0.11125,245.90,1,-10.000,-0.02575,-12.757,-0.00000,-17.80,+0.00000,1,+0.62749,+0.00000,0.00651,-4.014,0,213.6,0.0
15.0450,3,0,0.2164,0.2750,-0.05857,1,1,+0.40218,+0.36608,0.11125,245.90,1,-10.000,-0.02575,-12.757,-0.00000,-17.80,+0.00000,1,+0.62749,+0.00000,0.00651,-4.014,0,213.6,0.0
15.0496,3,0,0.2164,0.2750,-0.05857,1,1,+0.40218,+0.36608,0.11125,245.90,1,-10.000,-0.02565,-12.758,-0.00000,-17.80,+0.00000,1,+0.62749,+0.00000,0.00651,-4.037,0,213.6,0.0
15.0543,3,0,0.2164,0.2750,-0.05857,1,1,+0.40218,+0.36608,0.11125,245.90,1,-10.000,-0.02565,-12.758,-0.00000,-17.80,+0.00000,1,+0.62749,+0.00000,0.00651,-4.037,0,213.6,0.0
15.0592,3,0,0.2164,0.2750,-0.05857,1,1,+0.40218,+0.36608,0.11125,245.90,1,-10.000,-0.02567,-12.758,-0.00000,-17.80,+0.00000,1,+0.62749,+0.00000,0.00651,-4.033,0,213.6,0.0
15.0638,3,0,0.2164,0.2750,-0.05857,1,1,+0.40218,+0.36608,0.11125,245.90,1,-10.000,-0.02568,-12.758,-0.00000,-17.80,+0.00000,1,+0.62749,+0.00000,0.00651,-4.031,0,213.6,0.0
15.0684,3,0,0.2164,0.2750,-0.05857,1,1,+0.40218,+0.36608,0.11125,245.90,1,-10.000,-0.02568,-12.758,-0.00000,-17.80,+0.00000,1,+0.62749,+0.00000,0.00651,-4.031,0,213.6,0.0
15.0744,3,0,0.2164,0.2750,-0.05857,1,1,+0.40218,+0.36608,0.11125,245.90,1,-10.000,-0.02566,-12.758,-0.00000,-17.80,+0.00000,1,+0.62749,+0.00000,0.00651,-4.034,0,213.6,0.0
15.0790,3,0,0.2164,0.2750,-0.05857,1,1,+0.40218,+0.36608,0.11125,245.90,1,-10.000,-0.02566,-12.758,-0.00000,-17.80,+0.00000,1,+0.62749,+0.00000,0.00651,-4.034,0,213.6,0.0
15.0841,3,0,0.2164,0.2750,-0.05857,1,1,+0.40218,+0.36608,0.11125,245.90,1,-10.000,-0.02565,-12.758,-0.00000,-17.80,+0.00000,1,+0.62749,+0.00000,0.00651,-4.038,0,213.6,0.0
15.0890,3,0,0.2164,0.2750,-0.05857,1,1,+0.40218,+0.36608,0.11125,245.90,1,-10.000,-0.02565,-12.758,-0.00000,-17.80,+0.00000,1,+0.62749,+0.00000,0.00651,-4.038,0,213.6,0.0
15.0937,3,0,0.2164,0.2750,-0.05857,1,1,+0.40218,+0.36608,0.11125,245.90,1,-10.000,-0.02565,-12.758,-0.00000,-17.80,+0.00000,1,+0.62749,+0.00000,0.00651,-4.037,0,213.6,0.0
15.0983,3,0,0.2164,0.2750,-0.05857,1,1,+0.40218,+0.36608,0.11125,245.90,1,-10.000,-0.02565,-12.758,-0.00000,-17.80,+0.00000,1,+0.62749,+0.00000,0.00651,-4.037,0,213.6,0.0
15.1030,3,0,0.2164,0.2750,-0.05857,1,1,+0.40218,+0.36608,0.11125,245.90,1,-10.000,-0.02562,-12.758,-0.00000,-17.80,+0.00000,1,+0.62749,+0.00000,0.00651,-4.043,0,213.6,0.0
15.1075,3,0,0.2164,0.2750,-0.05857,1,1,+0.40218,+0.36608,0.11125,245.90,1,-10.000,-0.02562,-12.758,-0.00000,-17.80,+0.00000,1,+0.62749,+0.00000,0.00651,-4.043,0,213.6,0.0
15.1120,3,0,0.2164,0.2750,-0.05857,1,1,+0.40218,+0.36608,0.11125,245.90,1,-10.000,-0.02562,-12.758,-0.00000,-17.80,+0.00000,1,+0.62749,+0.00000,0.00651,-4.045,0,213.6,0.0
15.1165,3,0,0.2164,0.2750,-0.05857,1,1,+0.40218,+0.36608,0.11125,245.90,1,-10.000,-0.02562,-12.758,-0.00000,-17.80,+0.00000,1,+0.62749,+0.00000,0.00651,-4.045,0,213.6,0.0
15.1210,3,0,0.2164,0.2750,-0.05857,1,1,+0.40218,+0.36608,0.11125,245.90,1,-10.000,-0.02561,-12.758,-0.00000,-17.80,+0.00000,1,+0.62749,+0.00000,0.00651,-4.045,0,213.6,0.0
15.1258,3,0,0.2164,0.2750,-0.05857,1,1,+0.40218,+0.36608,0.11125,245.90,1,-10.000,-0.02561,-12.758,-0.00000,-17.80,+0.00000,1,+0.62749,+0.00000,0.00651,-4.045,0,213.6,0.0
15.1303,3,0,0.2164,0.2750,-0.05857,1,1,+0.40218,+0.36608,0.11125,245.90,1,-10.000,-0.02562,-12.758,-0.00000,-17.80,+0.00000,1,+0.62749,+0.00000,0.00651,-4.043,0,213.6,0.0
15.1348,3,0,0.2164,0.2750,-0.05857,1,1,+0.40218,+0.36608,0.11125,245.90,1,-10.000,-0.02562,-12.758,-0.00000,-17.80,+0.00000,1,+0.62749,+0.00000,0.00651,-4.043,0,213.6,0.0
15.1394,3,0,0.2164,0.2750,-0.05857,1,1,+0.40218,+0.36608,0.11125,245.90,1,-10.000,-0.02561,-12.758,-0.00000,-17.80,+0.00000,1,+0.62749,+0.00000,0.00651,-4.047,0,213.6,0.0
15.1440,3,0,0.2164,0.2750,-0.05857,1,1,+0.40218,+0.36608,0.11125,245.90,1,-10.000,-0.02561,-12.758,-0.00000,-17.80,+0.00000,1,+0.62749,+0.00000,0.00651,-4.047,0,213.6,0.0
15.1484,3,0,0.2164,0.2750,-0.05857,1,1,+0.40218,+0.36608,0.11125,245.90,1,-10.000,-0.02560,-12.758,-0.00000,-17.80,+0.00000,1,+0.62749,+0.00000,0.00651,-4.048,0,213.6,0.0
15.1529,3,0,0.2164,0.2750,-0.05857,1,1,+0.40218,+0.36608,0.11125,245.90,1,-10.000,-0.02560,-12.758,-0.00000,-17.80,+0.00000,1,+0.62749,+0.00000,0.00651,-4.048,0,213.6,0.0
15.1575,3,0,0.2164,0.2750,-0.05857,1,1,+0.40218,+0.36608,0.11125,245.90,1,-10.000,-0.02560,-12.758,-0.00000,-17.80,+0.00000,1,+0.62749,+0.00000,0.00651,-4.048,0,210.4,0.0
15.1621,3,0,0.2164,0.2750,-0.05857,1,1,+0.40218,+0.36608,0.11125,245.90,1,-10.000,-0.02560,-12.758,-0.00000,-17.80,+0.00000,1,+0.62749,+0.00000,0.00651,-4.048,0,210.4,0.0
15.1663,3,0,0.2164,0.2750,-0.05857,1,1,+0.40218,+0.36608,0.11125,245.90,1,-10.000,-0.02556,-12.758,-0.00000,-17.80,+0.00000,1,+0.62749,+0.00000,0.00651,-4.058,0,210.4,0.0
15.1705,3,0,0.2164,0.2750,-0.05857,1,1,+0.40218,+0.36608,0.11125,245.90,1,-10.000,-0.02556,-12.758,-0.00000,-17.80,+0.00000,1,+0.62749,+0.00000,0.00651,-4.058,0,210.4,0.0
15.1748,3,0,0.2164,0.2750,-0.05857,1,1,+0.40218,+0.36608,0.11125,245.90,1,-10.000,-0.02556,-12.758,-0.00000,-17.80,+0.00000,1,+0.62749,+0.00000,0.00651,-4.058,0,210.4,0.0
15.1895,3,0,0.2164,0.2750,-0.05857,1,1,+0.40218,+0.36608,0.11125,245.90,1,-10.000,-0.02544,-12.758,-0.00000,-17.80,+0.00000,1,+0.62749,+0.00000,0.00651,-4.084,0,210.4,0.0
15.1942,3,0,0.2164,0.2750,-0.05857,1,1,+0.40218,+0.36608,0.11125,245.90,1,-10.000,-0.02544,-12.758,-0.00000,-17.80,+0.00000,1,+0.62749,+0.00000,0.00651,-4.084,0,210.4,0.0
15.1988,3,0,0.2164,0.2750,-0.05857,1,1,+0.40218,+0.36608,0.11125,245.90,1,-10.000,-0.02549,-12.758,-0.00000,-17.80,+0.00000,1,+0.62749,+0.00000,0.00651,-4.074,0,210.4,0.0
15.2033,3,0,0.2164,0.2750,-0.05857,1,1,+0.40218,+0.36608,0.11125,245.90,1,-10.000,-0.02549,-12.758,-0.00000,-17.80,+0.00000,1,+0.62749,+0.00000,0.00651,-4.074,0,210.4,0.0
15.2078,3,0,0.2164,0.2750,-0.05857,1,1,+0.40218,+0.36608,0.11125,245.90,1,-10.000,-0.02549,-12.758,-0.00000,-17.80,+0.00000,1,+0.62749,+0.00000,0.00651,-4.074,0,210.4,0.0
15.2136,3,0,0.2164,0.2750,-0.05857,1,1,+0.40218,+0.36608,0.11125,245.90,1,-10.000,-0.02549,-12.758,-0.00000,-17.80,+0.00000,1,+0.62749,+0.00000,0.00651,-4.074,0,210.4,0.0
15.2179,3,0,0.2164,0.2750,-0.05857,1,1,+0.40218,+0.36608,0.11125,245.90,1,-10.000,-0.02546,-12.758,-0.00000,-17.80,+0.00000,1,+0.62749,+0.00000,0.00651,-4.080,0,210.4,0.0
15.2222,3,0,0.2164,0.2750,-0.05857,1,1,+0.40218,+0.36608,0.11125,245.90,1,-10.000,-0.02551,-12.758,-0.00000,-17.80,+0.00000,1,+0.62749,+0.00000,0.00651,-4.068,0,210.4,0.0
15.2268,3,0,0.2164,0.2750,-0.05857,1,1,+0.40218,+0.36608,0.11125,245.90,1,-10.000,-0.02551,-12.758,-0.00000,-17.80,+0.00000,1,+0.62749,+0.00000,0.00651,-4.068,0,210.4,0.0
15.2313,3,0,0.2164,0.2750,-0.05857,1,1,+0.40218,+0.36608,0.11125,245.90,1,-10.000,-0.02553,-12.758,-0.00000,-17.80,+0.00000,1,+0.62749,+0.00000,0.00651,-4.064,0,210.4,0.0
15.2355,3,0,0.2164,0.2750,-0.05857,1,1,+0.40218,+0.36608,0.11125,245.90,1,-10.000,-0.02553,-12.758,-0.00000,-17.80,+0.00000,1,+0.62749,+0.00000,0.00651,-4.064,0,210.4,0.0
15.2400,3,0,0.2164,0.2750,-0.05857,1,1,+0.40218,+0.36608,0.11125,245.90,1,-10.000,-0.02553,-12.758,-0.00000,-17.80,+0.00000,1,+0.62749,+0.00000,0.00651,-4.064,0,210.4,0.0
15.2446,3,0,0.2164,0.2750,-0.05857,1,1,+0.40218,+0.36608,0.11125,245.90,1,-10.000,-0.02548,-12.758,-0.00000,-17.80,+0.00000,1,+0.62749,+0.00000,0.00651,-4.075,0,210.4,0.0
15.2491,3,0,0.2164,0.2750,-0.05857,1,1,+0.40218,+0.36608,0.11125,245.90,1,-10.000,-0.02551,-12.758,-0.00000,-17.80,+0.00000,1,+0.62749,+0.00000,0.00651,-4.068,0,210.4,0.0
15.2537,3,0,0.2164,0.2750,-0.05857,1,1,+0.40218,+0.36608,0.11125,245.90,1,-10.000,-0.02551,-12.758,-0.00000,-17.80,+0.00000,1,+0.62749,+0.00000,0.00651,-4.068,0,210.4,0.0
15.2583,3,0,0.2164,0.2750,-0.05857,1,1,+0.40218,+0.36608,0.11125,245.90,1,-10.000,-0.02551,-12.758,-0.00000,-17.80,+0.00000,1,+0.62749,+0.00000,0.00651,-4.070,0,210.4,0.0
15.2630,3,0,0.2164,0.2750,-0.05857,1,1,+0.40218,+0.36608,0.11125,245.90,1,-10.000,-0.02551,-12.758,-0.00000,-17.80,+0.00000,1,+0.62749,+0.00000,0.00651,-4.070,0,210.4,0.0
15.2675,3,0,0.2164,0.2750,-0.05857,1,1,+0.40218,+0.36608,0.11125,245.90,1,-10.000,-0.02554,-12.758,-0.00000,-17.80,+0.00000,1,+0.62749,+0.00000,0.00651,-4.063,0,210.4,0.0
15.2722,3,0,0.2164,0.2750,-0.05857,1,1,+0.40218,+0.36608,0.11125,245.90,1,-10.000,-0.02554,-12.758,-0.00000,-17.80,+0.00000,1,+0.62749,+0.00000,0.00651,-4.063,0,210.4,0.0
15.2767,3,0,0.2164,0.2750,-0.05857,1,1,+0.40218,+0.36608,0.11125,245.90,1,-10.000,-0.02555,-12.758,-0.00000,-17.80,+0.00000,1,+0.62749,+0.00000,0.00651,-4.061,0,210.4,0.0
15.2813,3,0,0.2164,0.2750,-0.05857,1,1,+0.40218,+0.36608,0.11125,245.90,1,-10.000,-0.02555,-12.758,-0.00000,-17.80,+0.00000,1,+0.62749,+0.00000,0.00651,-4.061,0,210.4,0.0
15.2857,3,0,0.2164,0.2750,-0.05857,1,1,+0.40218,+0.36608,0.11125,245.90,1,-10.000,-0.02557,-12.758,-0.00000,-17.80,+0.00000,1,+0.62749,+0.00000,0.00651,-4.055,0,210.4,0.0
15.2899,3,0,0.2164,0.2750,-0.05857,1,1,+0.40218,+0.36608,0.11125,245.90,1,-10.000,-0.02557,-12.758,-0.00000,-17.80,+0.00000,1,+0.62749,+0.00000,0.00651,-4.055,0,210.4,0.0
15.2945,3,0,0.2164,0.2750,-0.05857,1,1,+0.40218,+0.36608,0.11125,245.90,1,-10.000,-0.02557,-12.758,-0.00000,-17.80,+0.00000,1,+0.62749,+0.00000,0.00651,-4.054,0,210.4,0.0
15.2988,3,0,0.2164,0.2750,-0.05857,1,1,+0.40218,+0.36608,0.11125,245.90,1,-10.000,-0.02557,-12.758,-0.00000,-17.80,+0.00000,1,+0.62749,+0.00000,0.00651,-4.054,0,210.4,0.0
15.3032,3,0,0.2164,0.2750,-0.05857,1,1,+0.40218,+0.36608,0.11125,245.90,1,-10.000,-0.02558,-12.758,-0.00000,-17.80,+0.00000,1,+0.62749,+0.00000,0.00651,-4.054,0,210.4,0.0
15.3076,3,0,0.2164,0.2750,-0.05857,1,1,+0.40218,+0.36608,0.11125,245.90,1,-10.000,-0.02560,-12.758,-0.00000,-17.80,+0.00000,1,+0.62749,+0.00000,0.00651,-4.049,0,210.4,0.0
15.3122,3,0,0.2164,0.2750,-0.05857,1,1,+0.40218,+0.36608,0.11125,245.90,1,-10.000,-0.02560,-12.758,-0.00000,-17.80,+0.00000,1,+0.62749,+0.00000,0.00651,-4.049,0,210.4,0.0
15.3167,3,0,0.2164,0.2750,-0.05857,1,1,+0.40218,+0.36608,0.11125,245.90,1,-10.000,-0.02560,-12.758,-0.00000,-17.80,+0.00000,1,+0.62749,+0.00000,0.00651,-4.049,0,210.4,0.0
15.3210,3,0,0.2164,0.2750,-0.05857,1,1,+0.40218,+0.36608,0.11125,245.90,1,-10.000,-0.02554,-12.758,-0.00000,-17.80,+0.00000,1,+0.62749,+0.00000,0.00651,-4.061,0,210.4,0.0
15.3260,3,0,0.2164,0.2750,-0.05857,1,1,+0.40218,+0.36608,0.11125,245.90,1,-10.000,-0.02558,-12.758,-0.00000,-17.80,+0.00000,1,+0.62749,+0.00000,0.00651,-4.052,0,210.4,0.0
15.3307,3,0,0.2164,0.2750,-0.05857,1,1,+0.40218,+0.36608,0.11125,245.90,1,-10.000,-0.02558,-12.758,-0.00000,-17.80,+0.00000,1,+0.62749,+0.00000,0.00651,-4.052,0,210.4,0.0
15.3352,3,0,0.2164,0.2750,-0.05857,1,1,+0.40218,+0.36608,0.11125,245.90,1,-10.000,-0.02561,-12.758,-0.00000,-17.80,+0.00000,1,+0.62749,+0.00000,0.00651,-4.046,0,210.4,0.0
15.3395,3,0,0.2164,0.2750,-0.05857,1,1,+0.40218,+0.36608,0.11125,245.90,1,-10.000,-0.02561,-12.758,-0.00000,-17.80,+0.00000,1,+0.62749,+0.00000,0.00651,-4.046,0,210.4,0.0
15.3441,3,0,0.2164,0.2750,-0.05857,1,1,+0.40218,+0.36608,0.11125,245.90,1,-10.000,-0.02559,-12.758,-0.00000,-17.80,+0.00000,1,+0.62749,+0.00000,0.00651,-4.051,0,210.4,0.0
15.3488,3,0,0.2164,0.2750,-0.05857,1,1,+0.40218,+0.36608,0.11125,245.90,1,-10.000,-0.02559,-12.758,-0.00000,-17.80,+0.00000,1,+0.62749,+0.00000,0.00651,-4.051,0,210.4,0.0
15.3532,3,0,0.2164,0.2750,-0.05857,1,1,+0.40218,+0.36608,0.11125,245.90,1,-10.000,-0.02564,-12.758,-0.00000,-17.80,+0.00000,1,+0.62749,+0.00000,0.00651,-4.039,0,210.4,0.0
15.3578,3,0,0.2164,0.2750,-0.05857,1,1,+0.40218,+0.36608,0.11125,245.90,1,-10.000,-0.02564,-12.758,-0.00000,-17.80,+0.00000,1,+0.62749,+0.00000,0.00651,-4.039,0,210.4,0.0
15.3624,3,0,0.2164,0.2750,-0.05857,1,1,+0.40218,+0.36608,0.11125,245.90,1,-10.000,-0.02561,-12.758,-0.00000,-17.80,+0.00000,1,+0.62749,+0.00000,0.00651,-4.046,0,210.4,0.0
15.3680,3,0,0.2164,0.2750,-0.05857,1,1,+0.40218,+0.36608,0.11125,245.90,1,-10.000,-0.02561,-12.758,-0.00000,-17.80,+0.00000,1,+0.62749,+0.00000,0.00651,-4.046,0,210.4,0.0
15.3726,3,0,0.2164,0.2750,-0.05857,1,1,+0.40218,+0.36608,0.11125,245.90,1,-10.000,-0.02557,-12.758,-0.00000,-17.80,+0.00000,1,+0.62749,+0.00000,0.00651,-4.055,0,210.4,0.0
15.3772,3,0,0.2164,0.2750,-0.05857,1,1,+0.40218,+0.36608,0.11125,245.90,1,-10.000,-0.02557,-12.758,-0.00000,-17.80,+0.00000,1,+0.62749,+0.00000,0.00651,-4.055,0,210.4,0.0
15.3821,3,0,0.2164,0.2750,-0.05857,1,1,+0.40218,+0.36608,0.11125,245.90,1,-10.000,-0.02560,-12.758,-0.00000,-17.80,+0.00000,1,+0.62749,+0.00000,0.00651,-4.049,0,210.4,0.0
15.3872,3,0,0.2164,0.2750,-0.05857,1,1,+0.40218,+0.36608,0.11125,245.90,1,-10.000,-0.02561,-12.758,-0.00000,-17.80,+0.00000,1,+0.62749,+0.00000,0.00651,-4.045,0,210.4,0.0
15.3919,3,0,0.2164,0.2750,-0.05857,1,1,+0.40218,+0.36608,0.11125,245.90,1,-10.000,-0.02561,-12.758,-0.00000,-17.80,+0.00000,1,+0.62749,+0.00000,0.00651,-4.045,0,210.4,0.0
15.3960,3,0,0.2164,0.2750,-0.05857,1,1,+0.40218,+0.36608,0.11125,245.90,1,-10.000,-0.02561,-12.758,-0.00000,-17.80,+0.00000,1,+0.62749,+0.00000,0.00651,-4.046,0,210.4,0.0
15.4008,3,0,0.2164,0.2750,-0.05857,1,1,+0.40218,+0.36608,0.11125,245.90,1,-10.000,-0.02561,-12.758,-0.00000,-17.80,+0.00000,1,+0.62749,+0.00000,0.00651,-4.046,0,210.4,0.0
15.4052,3,0,0.2164,0.2750,-0.05857,1,1,+0.40218,+0.36608,0.11125,245.90,1,-10.000,-0.02564,-12.758,-0.00000,-17.80,+0.00000,1,+0.62749,+0.00000,0.00651,-4.040,0,210.4,0.0
15.4096,3,0,0.2164,0.2750,-0.05857,1,1,+0.40218,+0.36608,0.11125,245.90,1,-10.000,-0.02564,-12.758,-0.00000,-17.80,+0.00000,1,+0.62749,+0.00000,0.00651,-4.040,0,210.4,0.0
15.4141,3,0,0.2164,0.2750,-0.05857,1,1,+0.40218,+0.36608,0.11125,245.90,1,-10.000,-0.02563,-12.758,-0.00000,-17.80,+0.00000,1,+0.62749,+0.00000,0.00651,-4.041,0,210.4,0.0
15.4199,3,0,0.2164,0.2750,-0.05857,1,1,+0.40218,+0.36608,0.11125,245.90,1,-10.000,-0.02563,-12.758,-0.00000,-17.80,+0.00000,1,+0.62749,+0.00000,0.00651,-4.041,0,210.4,0.0
15.4244,3,0,0.2164,0.2750,-0.05857,1,1,+0.40218,+0.36608,0.11125,245.90,1,-10.000,-0.02561,-12.758,-0.00000,-17.80,+0.00000,1,+0.62749,+0.00000,0.00651,-4.046,0,210.4,0.0
15.4286,3,0,0.2164,0.2750,-0.05857,1,1,+0.40218,+0.36608,0.11125,245.90,1,-10.000,-0.02561,-12.758,-0.00000,-17.80,+0.00000,1,+0.62749,+0.00000,0.00651,-4.046,0,210.4,0.0
15.4332,3,0,0.2164,0.2750,-0.05857,1,1,+0.40218,+0.36608,0.11125,245.90,1,-10.000,-0.02558,-12.758,-0.00000,-17.80,+0.00000,1,+0.62749,+0.00000,0.00651,-4.052,0,210.4,0.0
15.4378,3,0,0.2164,0.2750,-0.05857,1,1,+0.40218,+0.36608,0.11125,245.90,1,-10.000,-0.02558,-12.758,-0.00000,-17.80,+0.00000,1,+0.62749,+0.00000,0.00651,-4.052,0,210.4,0.0
15.4424,3,0,0.2164,0.2750,-0.05857,1,1,+0.40218,+0.36608,0.11125,245.90,1,-10.000,-0.02557,-12.758,-0.00000,-17.80,+0.00000,1,+0.62749,+0.00000,0.00651,-4.055,0,210.4,0.0
15.4470,3,0,0.2164,0.2750,-0.05857,1,1,+0.40218,+0.36608,0.11125,245.90,1,-10.000,-0.02557,-12.758,-0.00000,-17.80,+0.00000,1,+0.62749,+0.00000,0.00651,-4.055,0,210.4,0.0
15.4513,3,0,0.2164,0.2750,-0.05857,1,1,+0.40218,+0.36608,0.11125,245.90,1,-10.000,-0.02560,-12.758,-0.00000,-17.80,+0.00000,1,+0.62749,+0.00000,0.00651,-4.049,0,210.4,0.0
15.4555,3,0,0.2164,0.2750,-0.05857,1,1,+0.40218,+0.36608,0.11125,245.90,1,-10.000,-0.02560,-12.758,-0.00000,-17.80,+0.00000,1,+0.62749,+0.00000,0.00651,-4.049,0,210.4,0.0
15.4599,3,0,0.2164,0.2750,-0.05857,1,1,+0.40218,+0.36608,0.11125,245.90,1,-10.000,-0.02563,-12.758,-0.00000,-17.80,+0.00000,1,+0.62749,+0.00000,0.00651,-4.041,0,210.4,0.0
15.4645,3,0,0.2164,0.2750,-0.05857,1,1,+0.40218,+0.36608,0.11125,245.90,1,-10.000,-0.02563,-12.758,-0.00000,-17.80,+0.00000,1,+0.62749,+0.00000,0.00651,-4.041,0,210.4,0.0
15.4692,3,0,0.2164,0.2750,-0.05857,1,1,+0.40218,+0.36608,0.11125,245.90,1,-10.000,-0.02564,-12.758,-0.00000,-17.80,+0.00000,1,+0.62749,+0.00000,0.00651,-4.039,0,210.4,0.0
15.4733,3,0,0.2164,0.2750,-0.05857,1,1,+0.40218,+0.36608,0.11125,245.90,1,-10.000,-0.02564,-12.758,-0.00000,-17.80,+0.00000,1,+0.62749,+0.00000,0.00651,-4.039,0,210.4,0.0
15.4775,3,0,0.2164,0.2750,-0.05857,1,1,+0.40218,+0.36608,0.11125,245.90,1,-10.000,-0.02563,-12.758,-0.00000,-17.80,+0.00000,1,+0.62749,+0.00000,0.00651,-4.042,0,210.4,0.0
15.4850,3,0,0.2164,0.2750,-0.05857,1,1,+0.40218,+0.36608,0.11125,245.90,1,-10.000,-0.02563,-12.758,-0.00000,-17.80,+0.00000,1,+0.62749,+0.00000,0.00651,-4.042,0,210.4,0.0
15.4892,3,0,0.2164,0.2750,-0.05857,1,1,+0.40218,+0.36608,0.11125,245.90,1,-10.000,-0.02559,-12.758,-0.00000,-17.80,+0.00000,1,+0.62749,+0.00000,0.00651,-4.051,0,210.4,0.0
15.4936,3,0,0.2164,0.2750,-0.05857,1,1,+0.40218,+0.36608,0.11125,245.90,1,-10.000,-0.02559,-12.758,-0.00000,-17.80,+0.00000,1,+0.62749,+0.00000,0.00651,-4.051,0,210.4,0.0
15.4980,3,0,0.2164,0.2750,-0.05857,1,1,+0.40218,+0.36608,0.11125,245.90,1,-10.000,-0.02559,-12.758,-0.00000,-17.80,+0.00000,1,+0.62749,+0.00000,0.00651,-4.051,0,210.4,0.0
15.5026,3,0,0.2164,0.2750,-0.05857,1,1,+0.40218,+0.36608,0.11125,245.90,1,-10.000,-0.02561,-12.758,-0.00000,-17.80,+0.00000,1,+0.62749,+0.00000,0.00651,-4.047,0,210.4,0.0
15.5071,3,0,0.2164,0.2750,-0.05857,1,1,+0.40218,+0.36608,0.11125,245.90,1,-10.000,-0.02561,-12.758,-0.00000,-17.80,+0.00000,1,+0.62749,+0.00000,0.00651,-4.047,0,210.4,0.0
15.5132,3,0,0.2164,0.2750,-0.05857,1,1,+0.40218,+0.36608,0.11125,245.90,1,-10.000,-0.02561,-12.758,-0.00000,-17.80,+0.00000,1,+0.62749,+0.00000,0.00651,-4.047,0,210.4,0.0
15.5178,3,0,0.2164,0.2750,-0.05857,1,1,+0.40218,+0.36608,0.11125,245.90,1,-10.000,-0.02554,-12.758,-0.00000,-17.80,+0.00000,1,+0.62749,+0.00000,0.00651,-4.063,0,210.4,0.0
15.5223,3,0,0.2164,0.2750,-0.05857,1,1,+0.40218,+0.36608,0.11125,245.90,1,-10.000,-0.02554,-12.758,-0.00000,-17.80,+0.00000,1,+0.62749,+0.00000,0.00651,-4.063,0,210.4,0.0
15.5270,3,0,0.2164,0.2750,-0.05857,1,1,+0.40218,+0.36608,0.11125,245.90,1,-10.000,-0.02556,-12.758,-0.00000,-17.80,+0.00000,1,+0.62749,+0.00000,0.00651,-4.057,0,210.4,0.0
15.5313,3,0,0.2164,0.2750,-0.05857,1,1,+0.40218,+0.36608,0.11125,245.90,1,-10.000,-0.02556,-12.758,-0.00000,-17.80,+0.00000,1,+0.62749,+0.00000,0.00651,-4.057,0,210.4,0.0
15.5364,3,0,0.2164,0.2750,-0.05857,1,1,+0.40218,+0.36608,0.11125,245.90,1,-10.000,-0.02553,-12.758,-0.00000,-17.80,+0.00000,1,+0.62749,+0.00000,0.00651,-4.064,0,210.4,0.0
15.5409,3,0,0.2164,0.2750,-0.05857,1,1,+0.40218,+0.36608,0.11125,245.90,1,-10.000,-0.02553,-12.758,-0.00000,-17.80,+0.00000,1,+0.62749,+0.00000,0.00651,-4.064,0,210.4,0.0
15.5454,3,0,0.2164,0.2750,-0.05857,1,1,+0.40218,+0.36608,0.11125,245.90,1,-10.000,-0.02554,-12.758,-0.00000,-17.80,+0.00000,1,+0.62749,+0.00000,0.00651,-4.063,0,210.4,0.0
15.5500,3,0,0.2164,0.2750,-0.05857,1,1,+0.40218,+0.36608,0.11125,245.90,1,-10.000,-0.02554,-12.758,-0.00000,-17.80,+0.00000,1,+0.62749,+0.00000,0.00651,-4.063,0,210.4,0.0
15.5546,3,0,0.2164,0.2750,-0.05857,1,1,+0.40218,+0.36608,0.11125,245.90,1,-10.000,-0.02553,-12.758,-0.00000,-17.80,+0.00000,1,+0.62749,+0.00000,0.00651,-4.065,0,210.4,0.0
15.5592,3,0,0.2164,0.2750,-0.05857,1,1,+0.40218,+0.36608,0.11125,245.90,1,-10.000,-0.02555,-12.758,-0.00000,-17.80,+0.00000,1,+0.62749,+0.00000,0.00651,-4.060,0,210.4,0.0
15.5634,3,0,0.2164,0.2750,-0.05857,1,1,+0.40218,+0.36608,0.11125,245.90,1,-10.000,-0.02555,-12.758,-0.00000,-17.80,+0.00000,1,+0.62749,+0.00000,0.00651,-4.060,0,210.4,0.0
15.5679,3,0,0.2164,0.2750,-0.05857,1,1,+0.40218,+0.36608,0.11125,245.90,1,-10.000,-0.02558,-12.758,-0.00000,-17.80,+0.00000,1,+0.62749,+0.00000,0.00651,-4.054,0,210.4,0.0
15.5725,3,0,0.2164,0.2750,-0.05857,1,1,+0.40218,+0.36608,0.11125,245.90,1,-10.000,-0.02558,-12.758,-0.00000,-17.80,+0.00000,1,+0.62749,+0.00000,0.00651,-4.054,0,210.4,0.0
15.5773,3,0,0.2164,0.2750,-0.05857,1,1,+0.40218,+0.36608,0.11125,245.90,1,-10.000,-0.02554,-12.758,-0.00000,-17.80,+0.00000,1,+0.62749,+0.00000,0.00651,-4.061,0,210.4,0.0
15.5816,3,0,0.2164,0.2750,-0.05857,1,1,+0.40218,+0.36608,0.11125,245.90,1,-10.000,-0.02554,-12.758,-0.00000,-17.80,+0.00000,1,+0.62749,+0.00000,0.00651,-4.061,0,210.4,0.0
15.5859,3,0,0.2164,0.2750,-0.05857,1,1,+0.40218,+0.36608,0.11125,245.90,1,-10.000,-0.02557,-12.758,-0.00000,-17.80,+0.00000,1,+0.62749,+0.00000,0.00651,-4.054,0,210.4,0.0
15.5904,3,0,0.2164,0.2750,-0.05857,1,1,+0.40218,+0.36608,0.11125,245.90,1,-10.000,-0.02557,-12.758,-0.00000,-17.80,+0.00000,1,+0.62749,+0.00000,0.00651,-4.054,0,210.4,0.0
15.5946,3,0,0.2164,0.2750,-0.05857,1,1,+0.40218,+0.36608,0.11125,245.90,1,-10.000,-0.02557,-12.758,-0.00000,-17.80,+0.00000,1,+0.62749,+0.00000,0.00651,-4.055,0,210.4,0.0
15.5988,3,0,0.2164,0.2750,-0.05857,1,1,+0.40218,+0.36608,0.11125,245.90,1,-10.000,-0.02557,-12.758,-0.00000,-17.80,+0.00000,1,+0.62749,+0.00000,0.00651,-4.055,0,210.4,0.0
15.6034,3,0,0.2164,0.2750,-0.05857,1,1,+0.40218,+0.36608,0.11125,245.90,1,-10.000,-0.02559,-12.758,-0.00000,-17.80,+0.00000,1,+0.62749,+0.00000,0.00651,-4.051,0,210.4,0.0
15.6078,3,0,0.2164,0.2750,-0.05857,1,1,+0.40218,+0.36608,0.11125,245.90,1,-10.000,-0.02559,-12.758,-0.00000,-17.80,+0.00000,1,+0.62749,+0.00000,0.00651,-4.051,0,210.4,0.0
15.6124,3,0,0.2164,0.2750,-0.05857,1,1,+0.40218,+0.36608,0.11125,245.90,1,-10.000,-0.02556,-12.758,-0.00000,-17.80,+0.00000,1,+0.62749,+0.00000,0.00651,-4.058,0,210.4,0.0
15.6170,3,0,0.2164,0.2750,-0.05857,1,1,+0.40218,+0.36608,0.11125,245.90,1,-10.000,-0.02556,-12.758,-0.00000,-17.80,+0.00000,1,+0.62749,+0.00000,0.00651,-4.058,0,210.4,0.0
15.6215,3,0,0.2164,0.2750,-0.05857,1,1,+0.40218,+0.36608,0.11125,245.90,1,-10.000,-0.02558,-12.758,-0.00000,-17.80,+0.00000,1,+0.62749,+0.00000,0.00651,-4.052,0,210.4,0.0
15.6262,3,0,0.2164,0.2750,-0.05857,1,1,+0.40218,+0.36608,0.11125,245.90,1,-10.000,-0.02558,-12.758,-0.00000,-17.80,+0.00000,1,+0.62749,+0.00000,0.00651,-4.052,0,210.4,0.0
15.6306,3,0,0.2164,0.2750,-0.05857,1,1,+0.40218,+0.36608,0.11125,245.90,1,-10.000,-0.02560,-12.758,-0.00000,-17.80,+0.00000,1,+0.62749,+0.00000,0.00651,-4.048,0,210.4,0.0
15.6356,3,0,0.2164,0.2750,-0.05857,1,1,+0.40218,+0.36608,0.11125,245.90,1,-10.000,-0.02560,-12.758,-0.00000,-17.80,+0.00000,1,+0.62749,+0.00000,0.00651,-4.048,0,210.4,0.0
15.6400,3,0,0.2164,0.2750,-0.05857,1,1,+0.40218,+0.36608,0.11125,245.90,1,-10.000,-0.02558,-12.758,-0.00000,-17.80,+0.00000,1,+0.62749,+0.00000,0.00651,-4.053,0,210.4,0.0
15.6443,3,0,0.2164,0.2750,-0.05857,1,1,+0.40218,+0.36608,0.11125,245.90,1,-10.000,-0.02558,-12.758,-0.00000,-17.80,+0.00000,1,+0.62749,+0.00000,0.00651,-4.053,0,210.4,0.0
15.6490,3,0,0.2164,0.2750,-0.05857,1,1,+0.40218,+0.36608,0.11125,245.90,1,-10.000,-0.02555,-12.758,-0.00000,-17.80,+0.00000,1,+0.62749,+0.00000,0.00651,-4.060,0,210.4,0.0
15.6535,3,0,0.2164,0.2750,-0.05857,1,1,+0.40218,+0.36608,0.11125,245.90,1,-10.000,-0.02555,-12.758,-0.00000,-17.80,+0.00000,1,+0.62749,+0.00000,0.00651,-4.060,0,210.4,0.0
15.6582,3,0,0.2164,0.2750,-0.05857,1,1,+0.40218,+0.36608,0.11125,245.90,1,-10.000,-0.02557,-12.758,-0.00000,-17.80,+0.00000,1,+0.62749,+0.00000,0.00651,-4.054,0,210.4,0.0
15.6625,3,0,0.2164,0.2750,-0.05857,1,1,+0.40218,+0.36608,0.11125,245.90,1,-10.000,-0.02557,-12.758,-0.00000,-17.80,+0.00000,1,+0.62749,+0.00000,0.00651,-4.054,0,210.4,0.0
15.6672,3,0,0.2164,0.2750,-0.05857,1,1,+0.40218,+0.36608,0.11125,245.90,1,-10.000,-0.02560,-12.758,-0.00000,-17.80,+0.00000,1,+0.62749,+0.00000,0.00651,-4.049,0,210.4,0.0
15.6718,3,0,0.2164,0.2750,-0.05857,1,1,+0.40218,+0.36608,0.11125,245.90,1,-10.000,-0.02560,-12.758,-0.00000,-17.80,+0.00000,1,+0.62749,+0.00000,0.00651,-4.049,0,210.4,0.0
15.6927,3,0,0.2164,0.2750,-0.05857,1,1,+0.40218,+0.36608,0.11125,245.90,1,-10.000,-0.02543,-12.759,-0.00000,-17.80,+0.00000,1,+0.62749,+0.00000,0.00651,-4.088,0,210.4,0.0
15.6971,3,0,0.2164,0.2750,-0.05857,1,1,+0.40218,+0.36608,0.11125,245.90,1,-10.000,-0.02548,-12.758,-0.00000,-17.80,+0.00000,1,+0.62749,+0.00000,0.00651,-4.076,0,210.4,0.0
15.7014,3,0,0.2164,0.2750,-0.05857,1,1,+0.40218,+0.36608,0.11125,245.90,1,-10.000,-0.02548,-12.758,-0.00000,-17.80,+0.00000,1,+0.62749,+0.00000,0.00651,-4.076,0,210.4,0.0
15.7056,3,0,0.2164,0.2750,-0.05857,1,1,+0.40218,+0.36608,0.11125,245.90,1,-10.000,-0.02549,-12.758,-0.00000,-17.80,+0.00000,1,+0.62749,+0.00000,0.00651,-4.073,0,210.4,0.0
15.7136,3,0,0.2164,0.2750,-0.05857,1,1,+0.40218,+0.36608,0.11125,245.90,1,-10.000,-0.02549,-12.758,-0.00000,-17.80,+0.00000,1,+0.62749,+0.00000,0.00651,-4.073,0,210.4,0.0
15.7181,3,0,0.2164,0.2750,-0.05857,1,1,+0.40218,+0.36608,0.11125,245.90,1,-10.000,-0.02549,-12.758,-0.00000,-17.80,+0.00000,1,+0.62749,+0.00000,0.00651,-4.073,0,210.4,0.0
15.7227,3,0,0.2164,0.2750,-0.05857,1,1,+0.40218,+0.36608,0.11125,245.90,1,-10.000,-0.02536,-12.759,-0.00000,-17.80,+0.00000,1,+0.62749,+0.00000,0.00651,-4.104,0,210.4,0.0
15.7279,3,0,0.2164,0.2750,-0.05857,1,1,+0.40218,+0.36608,0.11125,245.90,1,-10.000,-0.02537,-12.759,-0.00000,-17.80,+0.00000,1,+0.62749,+0.00000,0.00651,-4.102,0,210.4,0.0
15.7325,3,0,0.2164,0.2750,-0.05857,1,1,+0.40218,+0.36608,0.11125,245.90,1,-10.000,-0.02537,-12.759,-0.00000,-17.80,+0.00000,1,+0.62749,+0.00000,0.00651,-4.102,0,210.4,0.0
15.7369,3,0,0.2164,0.2750,-0.05857,1,1,+0.40218,+0.36608,0.11125,245.90,1,-10.000,-0.02543,-12.759,-0.00000,-17.80,+0.00000,1,+0.62749,+0.00000,0.00651,-4.089,0,210.4,0.0
15.7413,3,0,0.2164,0.2750,-0.05857,1,1,+0.40218,+0.36608,0.11125,245.90,1,-10.000,-0.02543,-12.759,-0.00000,-17.80,+0.00000,1,+0.62749,+0.00000,0.00651,-4.089,0,210.4,0.0
15.7468,3,0,0.2164,0.2750,-0.05857,1,1,+0.40218,+0.36608,0.11125,245.90,1,-10.000,-0.02542,-12.759,-0.00000,-17.80,+0.00000,1,+0.62749,+0.00000,0.00651,-4.090,0,210.4,0.0
15.7525,3,0,0.2164,0.2750,-0.05857,1,1,+0.40218,+0.36608,0.11125,245.90,1,-10.000,-0.02542,-12.759,-0.00000,-17.80,+0.00000,1,+0.62749,+0.00000,0.00651,-4.089,0,210.4,0.0
15.7571,3,0,0.2164,0.2750,-0.05857,1,1,+0.40218,+0.36608,0.11125,245.90,1,-10.000,-0.02542,-12.759,-0.00000,-17.80,+0.00000,1,+0.62749,+0.00000,0.00651,-4.089,0,210.4,0.0
15.7618,3,0,0.2164,0.2750,-0.05857,1,1,+0.40218,+0.36608,0.11125,245.90,1,-10.000,-0.02542,-12.759,-0.00000,-17.80,+0.00000,1,+0.62749,+0.00000,0.00651,-4.091,0,210.4,0.0
15.7662,3,0,0.2164,0.2750,-0.05857,1,1,+0.40218,+0.36608,0.11125,245.90,1,-10.000,-0.02542,-12.759,-0.00000,-17.80,+0.00000,1,+0.62749,+0.00000,0.00651,-4.091,0,210.4,0.0
15.7716,3,0,0.2164,0.2750,-0.05857,1,1,+0.40218,+0.36608,0.11125,245.90,1,-10.000,-0.02542,-12.759,-0.00000,-17.80,+0.00000,1,+0.62749,+0.00000,0.00651,-4.091,0,210.4,0.0
15.7766,3,0,0.2164,0.2750,-0.05857,1,1,+0.40218,+0.36608,0.11125,245.90,1,-10.000,-0.02542,-12.759,-0.00000,-17.80,+0.00000,1,+0.62749,+0.00000,0.00651,-4.091,0,210.4,0.0
15.7814,3,0,0.2164,0.2750,-0.05857,1,1,+0.40218,+0.36608,0.11125,245.90,1,-10.000,-0.02541,-12.759,-0.00000,-17.80,+0.00000,1,+0.62749,+0.00000,0.00651,-4.091,0,210.4,0.0
15.7860,3,0,0.2164,0.2750,-0.05857,1,1,+0.40218,+0.36608,0.11125,245.90,1,-10.000,-0.02541,-12.759,-0.00000,-17.80,+0.00000,1,+0.62749,+0.00000,0.00651,-4.091,0,210.4,0.0
15.7905,3,0,0.2164,0.2750,-0.05857,1,1,+0.40218,+0.36608,0.11125,245.90,1,-10.000,-0.02546,-12.759,-0.00000,-17.80,+0.00000,1,+0.62749,+0.00000,0.00651,-4.081,0,210.4,0.0
15.7948,3,0,0.2164,0.2750,-0.05857,1,1,+0.40218,+0.36608,0.11125,245.90,1,-10.000,-0.02546,-12.759,-0.00000,-17.80,+0.00000,1,+0.62749,+0.00000,0.00651,-4.081,0,210.4,0.0
15.7995,3,0,0.2164,0.2750,-0.05857,1,1,+0.40218,+0.36608,0.11125,245.90,1,-10.000,-0.02546,-12.759,-0.00000,-17.80,+0.00000,1,+0.62749,+0.00000,0.00651,-4.081,0,210.4,0.0
15.8046,3,0,0.2164,0.2750,-0.05857,1,1,+0.40218,+0.36608,0.11125,245.90,1,-10.000,-0.02546,-12.759,-0.00000,-17.80,+0.00000,1,+0.62749,+0.00000,0.00651,-4.081,0,210.4,0.0
15.8096,3,0,0.2164,0.2750,-0.05857,1,1,+0.40218,+0.36608,0.11125,245.90,1,-10.000,-0.02545,-12.759,-0.00000,-17.80,+0.00000,1,+0.62749,+0.00000,0.00651,-4.083,0,210.4,0.0
15.8141,3,0,0.2164,0.2750,-0.05857,1,1,+0.40218,+0.36608,0.11125,245.90,1,-10.000,-0.02545,-12.759,-0.00000,-17.80,+0.00000,1,+0.62749,+0.00000,0.00651,-4.083,0,210.4,0.0
15.8187,3,0,0.2164,0.2750,-0.05857,1,1,+0.40218,+0.36608,0.11125,245.90,1,-10.000,-0.02544,-12.759,-0.00000,-17.80,+0.00000,1,+0.62749,+0.00000,0.00651,-4.084,0,210.4,0.0
15.8229,3,0,0.2164,0.2750,-0.05857,1,1,+0.40218,+0.36608,0.11125,245.90,1,-10.000,-0.02544,-12.759,-0.00000,-17.80,+0.00000,1,+0.62749,+0.00000,0.00651,-4.084,0,210.4,0.0
15.8276,3,0,0.2164,0.2750,-0.05857,1,1,+0.40218,+0.36608,0.11125,245.90,1,-10.000,-0.02544,-12.759,-0.00000,-17.80,+0.00000,1,+0.62749,+0.00000,0.00651,-4.086,0,210.4,0.0
15.8322,3,0,0.2164,0.2750,-0.05857,1,1,+0.40218,+0.36608,0.11125,245.90,1,-10.000,-0.02546,-12.759,-0.00000,-17.80,+0.00000,1,+0.62749,+0.00000,0.00651,-4.081,0,210.4,0.0
15.8371,3,0,0.2164,0.2750,-0.05857,1,1,+0.40218,+0.36608,0.11125,245.90,1,-10.000,-0.02546,-12.759,-0.00000,-17.80,+0.00000,1,+0.62749,+0.00000,0.00651,-4.081,0,210.4,0.0
15.8414,3,0,0.2164,0.2750,-0.05857,1,1,+0.40218,+0.36608,0.11125,245.90,1,-10.000,-0.02545,-12.759,-0.00000,-17.80,+0.00000,1,+0.62749,+0.00000,0.00651,-4.082,0,210.4,0.0
15.8459,3,0,0.2164,0.2750,-0.05857,1,1,+0.40218,+0.36608,0.11125,245.90,1,-10.000,-0.02545,-12.759,-0.00000,-17.80,+0.00000,1,+0.62749,+0.00000,0.00651,-4.082,0,210.4,0.0
15.8506,3,0,0.2164,0.2750,-0.05857,1,1,+0.40218,+0.36608,0.11125,245.90,1,-10.000,-0.02545,-12.759,-0.00000,-17.80,+0.00000,1,+0.62749,+0.00000,0.00651,-4.084,0,210.4,0.0
15.8550,3,0,0.2164,0.2750,-0.05857,1,1,+0.40218,+0.36608,0.11125,245.90,1,-10.000,-0.02545,-12.759,-0.00000,-17.80,+0.00000,1,+0.62749,+0.00000,0.00651,-4.084,0,210.4,0.0
15.8597,3,0,0.2164,0.2750,-0.05857,1,1,+0.40218,+0.36608,0.11125,245.90,1,-10.000,-0.02546,-12.759,-0.00000,-17.80,+0.00000,1,+0.62749,+0.00000,0.00651,-4.080,0,210.4,0.0
15.8639,3,0,0.2164,0.2750,-0.05857,1,1,+0.40218,+0.36608,0.11125,245.90,1,-10.000,-0.02546,-12.759,-0.00000,-17.80,+0.00000,1,+0.62749,+0.00000,0.00651,-4.080,0,210.4,0.0
15.8684,3,0,0.2164,0.2750,-0.05857,1,1,+0.40218,+0.36608,0.11125,245.90,1,-10.000,-0.02550,-12.758,-0.00000,-17.80,+0.00000,1,+0.62749,+0.00000,0.00651,-4.072,0,210.4,0.0
15.8728,3,0,0.2164,0.2750,-0.05857,1,1,+0.40218,+0.36608,0.11125,245.90,1,-10.000,-0.02550,-12.758,-0.00000,-17.80,+0.00000,1,+0.62749,+0.00000,0.00651,-4.072,0,210.4,0.0
15.8773,3,0,0.2164,0.2750,-0.05857,1,1,+0.40218,+0.36608,0.11125,245.90,1,-10.000,-0.02553,-12.758,-0.00000,-17.80,+0.00000,1,+0.62749,+0.00000,0.00651,-4.065,0,210.4,0.0
15.8885,3,0,0.2164,0.2750,-0.05857,1,1,+0.40218,+0.36608,0.11125,245.90,1,-10.000,-0.02542,-12.759,-0.00000,-17.80,+0.00000,1,+0.62749,+0.00000,0.00651,-4.089,0,210.4,0.0
15.8930,3,0,0.2164,0.2750,-0.05857,1,1,+0.40218,+0.36608,0.11125,245.90,1,-10.000,-0.02542,-12.759,-0.00000,-17.80,+0.00000,1,+0.62749,+0.00000,0.00651,-4.089,0,210.4,0.0
15.8977,3,0,0.2164,0.2750,-0.05857,1,1,+0.40218,+0.36608,0.11125,245.90,1,-10.000,-0.02543,-12.759,-0.00000,-17.80,+0.00000,1,+0.62749,+0.00000,0.00651,-4.087,0,210.4,0.0
15.9021,3,0,0.2164,0.2750,-0.05857,1,1,+0.40218,+0.36608,0.11125,245.90,1,-10.000,-0.02543,-12.759,-0.00000,-17.80,+0.00000,1,+0.62749,+0.00000,0.00651,-4.087,0,210.4,0.0
15.9063,3,0,0.2164,0.2750,-0.05857,1,1,+0.40218,+0.36608,0.11125,245.90,1,-10.000,-0.02545,-12.759,-0.00000,-17.80,+0.00000,1,+0.62749,+0.00000,0.00651,-4.082,0,210.4,0.0
15.9109,3,0,0.2164,0.2750,-0.05857,1,1,+0.40218,+0.36608,0.11125,245.90,1,-10.000,-0.02545,-12.759,-0.00000,-17.80,+0.00000,1,+0.62749,+0.00000,0.00651,-4.082,0,210.4,0.0
15.9162,3,0,0.2164,0.2750,-0.05857,1,1,+0.40218,+0.36608,0.11125,245.90,1,-10.000,-0.02547,-12.759,-0.00000,-17.80,+0.00000,1,+0.62749,+0.00000,0.00651,-4.078,0,210.4,0.0
15.9207,3,0,0.2164,0.2750,-0.05857,1,1,+0.40218,+0.36608,0.11125,245.90,1,-10.000,-0.02547,-12.759,-0.00000,-17.80,+0.00000,1,+0.62749,+0.00000,0.00651,-4.078,0,210.4,0.0
15.9255,3,0,0.2164,0.2750,-0.05857,1,1,+0.40218,+0.36608,0.11125,245.90,1,-10.000,-0.02547,-12.759,-0.00000,-17.80,+0.00000,1,+0.62749,+0.00000,0.00651,-4.077,0,210.4,0.0
15.9299,3,0,0.2164,0.2750,-0.05857,1,1,+0.40218,+0.36608,0.11125,245.90,1,-10.000,-0.02547,-12.759,-0.00000,-17.80,+0.00000,1,+0.62749,+0.00000,0.00651,-4.077,0,210.4,0.0
15.9346,3,0,0.2164,0.2750,-0.05857,1,1,+0.40218,+0.36608,0.11125,245.90,1,-10.000,-0.02546,-12.759,-0.00000,-17.80,+0.00000,1,+0.62749,+0.00000,0.00651,-4.080,0,210.4,0.0
15.9391,3,0,0.2164,0.2750,-0.05857,1,1,+0.40218,+0.36608,0.11125,245.90,1,-10.000,-0.02546,-12.759,-0.00000,-17.80,+0.00000,1,+0.62749,+0.00000,0.00651,-4.080,0,210.4,0.0
15.9433,3,0,0.2164,0.2750,-0.05857,1,1,+0.40218,+0.36608,0.11125,245.90,1,-10.000,-0.02546,-12.759,-0.00000,-17.80,+0.00000,1,+0.62749,+0.00000,0.00651,-4.080,0,210.4,0.0
15.9478,3,0,0.2164,0.2750,-0.05857,1,1,+0.40218,+0.36608,0.11125,245.90,1,-10.000,-0.02546,-12.759,-0.00000,-17.80,+0.00000,1,+0.62749,+0.00000,0.00651,-4.080,0,210.4,0.0
15.9523,3,0,0.2164,0.2750,-0.05857,1,1,+0.40218,+0.36608,0.11125,245.90,1,-10.000,-0.02545,-12.759,-0.00000,-17.80,+0.00000,1,+0.62749,+0.00000,0.00651,-4.082,0,210.4,0.0
15.9567,3,0,0.2164,0.2750,-0.05857,1,1,+0.40218,+0.36608,0.11125,245.90,1,-10.000,-0.02548,-12.759,-0.00000,-17.80,+0.00000,1,+0.62749,+0.00000,0.00651,-4.075,0,210.4,0.0
15.9610,3,0,0.2164,0.2750,-0.05857,1,1,+0.40218,+0.36608,0.11125,245.90,1,-10.000,-0.02548,-12.759,-0.00000,-17.80,+0.00000,1,+0.62749,+0.00000,0.00651,-4.075,0,210.4,0.0
15.9656,3,0,0.2164,0.2750,-0.05857,1,1,+0.40218,+0.36608,0.11125,245.90,1,-10.000,-0.02550,-12.758,-0.00000,-17.80,+0.00000,1,+0.62749,+0.00000,0.00651,-4.072,0,210.4,0.0
15.9705,3,0,0.2164,0.2750,-0.05857,1,1,+0.40218,+0.36608,0.11125,245.90,1,-10.000,-0.02550,-12.758,-0.00000,-17.80,+0.00000,1,+0.62749,+0.00000,0.00651,-4.072,0,210.4,0.0
15.9768,3,0,0.2164,0.2750,-0.05857,1,1,+0.40218,+0.36608,0.11125,245.90,1,-10.000,-0.02550,-12.758,-0.00000,-17.80,+0.00000,1,+0.62749,+0.00000,0.00651,-4.072,0,210.4,0.0
15.9814,3,0,0.2164,0.2750,-0.05857,1,1,+0.40218,+0.36608,0.11125,245.90,1,-10.000,-0.02543,-12.759,-0.00000,-17.80,+0.00000,1,+0.62749,+0.00000,0.00651,-4.088,0,210.4,0.0
15.9864,3,0,0.2164,0.2750,-0.05857,1,1,+0.40218,+0.36608,0.11125,245.90,1,-10.000,-0.02550,-12.758,-0.00000,-17.80,+0.00000,1,+0.62749,+0.00000,0.00651,-4.072,0,210.4,0.0
15.9910,3,0,0.2164,0.2750,-0.05857,1,1,+0.40218,+0.36608,0.11125,245.90,1,-10.000,-0.02550,-12.758,-0.00000,-17.80,+0.00000,1,+0.62749,+0.00000,0.00651,-4.072,0,210.4,0.0
15.9955,3,0,0.2164,0.2750,-0.05857,1,1,+0.40218,+0.36608,0.11125,245.90,1,-10.000,-0.02550,-12.758,-0.00000,-17.80,+0.00000,1,+0.62749,+0.00000,0.00651,-4.071,0,210.4,0.0
15.9997,3,0,0.2164,0.2750,-0.05857,1,1,+0.40218,+0.36608,0.11125,245.90,1,-10.000,-0.02550,-12.758,-0.00000,-17.80,+0.00000,1,+0.62749,+0.00000,0.00651,-4.071,0,210.4,0.0
16.0042,3,0,0.2164,0.2750,-0.05857,1,1,+0.40218,+0.36608,0.11125,245.90,1,-10.000,-0.02550,-12.758,-0.00000,-17.80,+0.00000,1,+0.62749,+0.00000,0.00651,-4.072,0,210.4,0.0
16.0110,3,0,0.2164,0.2750,-0.05857,1,1,+0.40218,+0.36608,0.11125,245.90,1,-10.000,-0.02554,-12.758,-0.00000,-17.80,+0.00000,1,+0.62749,+0.00000,0.00651,-4.063,0,210.4,0.0
16.0156,3,0,0.2164,0.2750,-0.05857,1,1,+0.40218,+0.36608,0.11125,245.90,1,-10.000,-0.02554,-12.758,-0.00000,-17.80,+0.00000,1,+0.62749,+0.00000,0.00651,-4.063,0,210.4,0.0
16.0199,3,0,0.2164,0.2750,-0.05857,1,1,+0.40218,+0.36608,0.11125,245.90,1,-10.000,-0.02552,-12.758,-0.00000,-17.80,+0.00000,1,+0.62749,+0.00000,0.00651,-4.066,0,210.4,0.0
16.0246,3,0,0.2164,0.2750,-0.05857,1,1,+0.40218,+0.36608,0.11125,245.90,1,-10.000,-0.02552,-12.758,-0.00000,-17.80,+0.00000,1,+0.62749,+0.00000,0.00651,-4.066,0,210.4,0.0
16.0291,3,0,0.2164,0.2750,-0.05857,1,1,+0.40218,+0.36608,0.11125,245.90,1,-10.000,-0.02554,-12.758,-0.00000,-17.80,+0.00000,1,+0.62749,+0.00000,0.00651,-4.063,0,210.4,0.0
16.0333,3,0,0.2164,0.2750,-0.05857,1,1,+0.40218,+0.36608,0.11125,245.90,1,-10.000,-0.02554,-12.758,-0.00000,-17.80,+0.00000,1,+0.62749,+0.00000,0.00651,-4.063,0,210.4,0.0
16.0385,3,0,0.2164,0.2750,-0.05857,1,1,+0.40218,+0.36608,0.11125,245.90,1,-10.000,-0.02555,-12.758,-0.00000,-17.80,+0.00000,1,+0.62749,+0.00000,0.00651,-4.059,0,210.4,0.0
16.0429,3,0,0.2164,0.2750,-0.05857,1,1,+0.40218,+0.36608,0.11125,245.90,1,-10.000,-0.02557,-12.758,-0.00000,-17.80,+0.00000,1,+0.62749,+0.00000,0.00651,-4.055,0,210.4,0.0
16.0475,3,0,0.2164,0.2750,-0.05857,1,1,+0.40218,+0.36608,0.11125,245.90,1,-10.000,-0.02557,-12.758,-0.00000,-17.80,+0.00000,1,+0.62749,+0.00000,0.00651,-4.055,0,210.4,0.0
16.0521,3,0,0.2164,0.2750,-0.05857,1,1,+0.40218,+0.36608,0.11125,245.90,1,-10.000,-0.02559,-12.758,-0.00000,-17.80,+0.00000,1,+0.62749,+0.00000,0.00651,-4.051,0,210.4,0.0
16.0566,3,0,0.2164,0.2750,-0.05857,1,1,+0.40218,+0.36608,0.11125,245.90,1,-10.000,-0.02559,-12.758,-0.00000,-17.80,+0.00000,1,+0.62749,+0.00000,0.00651,-4.051,0,210.4,0.0
16.0614,3,0,0.2164,0.2750,-0.05857,1,1,+0.40218,+0.36608,0.11125,245.90,1,-10.000,-0.02560,-12.758,-0.00000,-17.80,+0.00000,1,+0.62749,+0.00000,0.00651,-4.049,0,210.4,0.0
16.0661,3,0,0.2164,0.2750,-0.05857,1,1,+0.40218,+0.36608,0.11125,245.90,1,-10.000,-0.02560,-12.758,-0.00000,-17.80,+0.00000,1,+0.62749,+0.00000,0.00651,-4.049,0,210.4,0.0
16.0704,3,0,0.2164,0.2750,-0.05857,1,1,+0.40218,+0.36608,0.11125,245.90,1,-10.000,-0.02559,-12.758,-0.00000,-17.80,+0.00000,1,+0.62749,+0.00000,0.00651,-4.052,0,210.4,0.0
16.0750,3,0,0.2164,0.2750,-0.05857,1,1,+0.40218,+0.36608,0.11125,245.90,1,-10.000,-0.02559,-12.758,-0.00000,-17.80,+0.00000,1,+0.62749,+0.00000,0.00651,-4.052,0,210.4,0.0
16.0798,3,0,0.2164,0.2750,-0.05857,1,1,+0.40218,+0.36608,0.11125,245.90,1,-10.000,-0.02559,-12.758,-0.00000,-17.80,+0.00000,1,+0.62749,+0.00000,0.00651,-4.051,0,210.4,0.0
16.0844,3,0,0.2164,0.2750,-0.05857,1,1,+0.40218,+0.36608,0.11125,245.90,1,-10.000,-0.02559,-12.758,-0.00000,-17.80,+0.00000,1,+0.62749,+0.00000,0.00651,-4.051,0,210.4,0.0
16.0894,3,0,0.2164,0.2750,-0.05857,1,1,+0.40218,+0.36608,0.11125,245.90,1,-10.000,-0.02560,-12.758,-0.00000,-17.80,+0.00000,1,+0.62749,+0.00000,0.00651,-4.050,0,210.4,0.0
16.0938,3,0,0.2164,0.2750,-0.05857,1,1,+0.40218,+0.36608,0.11125,245.90,1,-10.000,-0.02560,-12.758,-0.00000,-17.80,+0.00000,1,+0.62749,+0.00000,0.00651,-4.050,0,210.4,0.0
16.0983,3,0,0.2164,0.2750,-0.05857,1,1,+0.40218,+0.36608,0.11125,245.90,1,-10.000,-0.02559,-12.758,-0.00000,-17.80,+0.00000,1,+0.62749,+0.00000,0.00651,-4.050,0,210.4,0.0
16.1027,3,0,0.2164,0.2750,-0.05857,1,1,+0.40218,+0.36608,0.11125,245.90,1,-10.000,-0.02559,-12.758,-0.00000,-17.80,+0.00000,1,+0.62749,+0.00000,0.00651,-4.050,0,210.4,0.0
16.1073,3,0,0.2164,0.2750,-0.05857,1,1,+0.40218,+0.36608,0.11125,245.90,1,-10.000,-0.02557,-12.758,-0.00000,-17.80,+0.00000,1,+0.62749,+0.00000,0.00651,-4.055,0,210.4,0.0
16.1116,3,0,0.2164,0.2750,-0.05857,1,1,+0.40218,+0.36608,0.11125,245.90,1,-10.000,-0.02557,-12.758,-0.00000,-17.80,+0.00000,1,+0.62749,+0.00000,0.00651,-4.055,0,210.4,0.0
16.1161,3,0,0.2164,0.2750,-0.05857,1,1,+0.40218,+0.36608,0.11125,245.90,1,-10.000,-0.02557,-12.758,-0.00000,-17.80,+0.00000,1,+0.62749,+0.00000,0.00651,-4.055,0,210.4,0.0
16.1205,3,0,0.2164,0.2750,-0.05857,1,1,+0.40218,+0.36608,0.11125,245.90,1,-10.000,-0.02557,-12.758,-0.00000,-17.80,+0.00000,1,+0.62749,+0.00000,0.00651,-4.055,0,210.4,0.0
16.1251,3,0,0.2164,0.2750,-0.05857,1,1,+0.40218,+0.36608,0.11125,245.90,1,-10.000,-0.02540,-12.759,-0.00000,-17.80,+0.00000,1,+0.62749,+0.00000,0.00651,-4.094,0,210.4,0.0
16.1299,3,0,0.2164,0.2750,-0.05857,1,1,+0.40218,+0.36608,0.11125,245.90,1,-10.000,-0.02540,-12.759,-0.00000,-17.80,+0.00000,1,+0.62749,+0.00000,0.00651,-4.094,0,210.4,0.0
16.1344,3,0,0.2164,0.2750,-0.05857,1,1,+0.40218,+0.36608,0.11125,245.90,1,-10.000,-0.02539,-12.759,-0.00000,-17.80,+0.00000,1,+0.62749,+0.00000,0.00651,-4.096,0,210.4,0.0
16.1386,3,0,0.2164,0.2750,-0.05857,1,1,+0.40218,+0.36608,0.11125,245.90,1,-10.000,-0.02539,-12.759,-0.00000,-17.80,+0.00000,1,+0.62749,+0.00000,0.00651,-4.096,0,210.4,0.0
16.1431,3,0,0.2164,0.2750,-0.05857,1,1,+0.40218,+0.36608,0.11125,245.90,1,-10.000,-0.02540,-12.759,-0.00000,-17.80,+0.00000,1,+0.62749,+0.00000,0.00651,-4.095,0,210.4,0.0
16.1481,3,0,0.2164,0.2750,-0.05857,1,1,+0.40218,+0.36608,0.11125,245.90,1,-10.000,-0.02540,-12.759,-0.00000,-17.80,+0.00000,1,+0.62749,+0.00000,0.00651,-4.095,0,210.4,0.0
16.1527,3,0,0.2164,0.2750,-0.05857,1,1,+0.40218,+0.36608,0.11125,245.90,1,-10.000,-0.02538,-12.759,-0.00000,-17.80,+0.00000,1,+0.62749,+0.00000,0.00651,-4.099,0,210.4,0.0
16.1574,3,0,0.2164,0.2750,-0.05857,1,1,+0.40218,+0.36608,0.11125,245.90,1,-10.000,-0.02542,-12.759,-0.00000,-17.80,+0.00000,1,+0.62749,+0.00000,0.00651,-4.091,0,210.4,0.0
16.1619,3,0,0.2164,0.2750,-0.05857,1,1,+0.40218,+0.36608,0.11125,245.90,1,-10.000,-0.02542,-12.759,-0.00000,-17.80,+0.00000,1,+0.62749,+0.00000,0.00651,-4.091,0,209.1,0.0
16.1665,3,0,0.2164,0.2750,-0.05857,1,1,+0.40218,+0.36608,0.11125,245.90,1,-10.000,-0.02543,-12.759,-0.00000,-17.80,+0.00000,1,+0.62749,+0.00000,0.00651,-4.088,0,209.1,0.0
16.1711,3,0,0.2164,0.2750,-0.05857,1,1,+0.40218,+0.36608,0.11125,245.90,1,-10.000,-0.02543,-12.759,-0.00000,-17.80,+0.00000,1,+0.62749,+0.00000,0.00651,-4.088,0,209.1,0.0
16.1758,3,0,0.2164,0.2750,-0.05857,1,1,+0.40218,+0.36608,0.11125,245.90,1,-10.000,-0.02543,-12.759,-0.00000,-17.80,+0.00000,1,+0.62749,+0.00000,0.00651,-4.087,0,209.1,0.0
16.1809,3,0,0.2164,0.2750,-0.05857,1,1,+0.40218,+0.36608,0.11125,245.90,1,-10.000,-0.02543,-12.759,-0.00000,-17.80,+0.00000,1,+0.62749,+0.00000,0.00651,-4.087,0,209.1,0.0
16.1855,3,0,0.2164,0.2750,-0.05857,1,1,+0.40218,+0.36608,0.11125,245.90,1,-10.000,-0.02545,-12.759,-0.00000,-17.80,+0.00000,1,+0.62749,+0.00000,0.00651,-4.083,0,209.1,0.0
16.1901,3,0,0.2164,0.2750,-0.05857,1,1,+0.40218,+0.36608,0.11125,245.90,1,-10.000,-0.02545,-12.759,-0.00000,-17.80,+0.00000,1,+0.62749,+0.00000,0.00651,-4.083,0,209.1,0.0
16.1946,3,0,0.2164,0.2750,-0.05857,1,1,+0.40218,+0.36608,0.11125,245.90,1,-10.000,-0.02541,-12.759,-0.00000,-17.80,+0.00000,1,+0.62749,+0.00000,0.00651,-4.091,0,209.1,0.0
16.1990,3,0,0.2164,0.2750,-0.05857,1,1,+0.40218,+0.36608,0.11125,245.90,1,-10.000,-0.02541,-12.759,-0.00000,-17.80,+0.00000,1,+0.62749,+0.00000,0.00651,-4.091,0,209.1,0.0
16.2035,3,0,0.2164,0.2750,-0.05857,1,1,+0.40218,+0.36608,0.11125,245.90,1,-10.000,-0.02544,-12.759,-0.00000,-17.80,+0.00000,1,+0.62749,+0.00000,0.00651,-4.086,0,209.1,0.0
16.2078,3,0,0.2164,0.2750,-0.05857,1,1,+0.40218,+0.36608,0.11125,245.90,1,-10.000,-0.02544,-12.759,-0.00000,-17.80,+0.00000,1,+0.62749,+0.00000,0.00651,-4.086,0,209.1,0.0
16.2124,3,0,0.2164,0.2750,-0.05857,1,1,+0.40218,+0.36608,0.11125,245.90,1,-10.000,-0.02544,-12.759,-0.00000,-17.80,+0.00000,1,+0.62749,+0.00000,0.00651,-4.086,0,209.1,0.0
16.2166,3,0,0.2164,0.2750,-0.05857,1,1,+0.40218,+0.36608,0.11125,245.90,1,-10.000,-0.02544,-12.759,-0.00000,-17.80,+0.00000,1,+0.62749,+0.00000,0.00651,-4.085,0,209.1,0.0
16.2210,3,0,0.2164,0.2750,-0.05857,1,1,+0.40218,+0.36608,0.11125,245.90,1,-10.000,-0.02544,-12.759,-0.00000,-17.80,+0.00000,1,+0.62749,+0.00000,0.00651,-4.086,0,209.1,0.0
16.2258,3,0,0.2164,0.2750,-0.05857,1,1,+0.40218,+0.36608,0.11125,245.90,1,-10.000,-0.02544,-12.759,-0.00000,-17.80,+0.00000,1,+0.62749,+0.00000,0.00651,-4.086,0,209.1,0.0
16.2303,3,0,0.2164,0.2750,-0.05857,1,1,+0.40218,+0.36608,0.11125,245.90,1,-10.000,-0.02544,-12.759,-0.00000,-17.80,+0.00000,1,+0.62749,+0.00000,0.00651,-4.084,0,209.1,0.0
16.2348,3,0,0.2164,0.2750,-0.05857,1,1,+0.40218,+0.36608,0.11125,245.90,1,-10.000,-0.02544,-12.759,-0.00000,-17.80,+0.00000,1,+0.62749,+0.00000,0.00651,-4.084,0,209.1,0.0
16.2393,3,0,0.2164,0.2750,-0.05857,1,1,+0.40218,+0.36608,0.11125,245.90,1,-10.000,-0.02544,-12.759,-0.00000,-17.80,+0.00000,1,+0.62749,+0.00000,0.00651,-4.084,0,209.1,0.0
16.2436,3,0,0.2164,0.2750,-0.05857,1,1,+0.40218,+0.36608,0.11125,245.90,1,-10.000,-0.02544,-12.759,-0.00000,-17.80,+0.00000,1,+0.62749,+0.00000,0.00651,-4.084,0,209.1,0.0
16.2481,3,0,0.2164,0.2750,-0.05857,1,1,+0.40218,+0.36608,0.11125,245.90,1,-10.000,-0.02544,-12.759,-0.00000,-17.80,+0.00000,1,+0.62749,+0.00000,0.00651,-4.085,0,209.1,0.0
16.2523,3,0,0.2164,0.2750,-0.05857,1,1,+0.40218,+0.36608,0.11125,245.90,1,-10.000,-0.02544,-12.759,-0.00000,-17.80,+0.00000,1,+0.62749,+0.00000,0.00651,-4.085,0,209.1,0.0
16.2568,3,0,0.2164,0.2750,-0.05857,1,1,+0.40218,+0.36608,0.11125,245.90,1,-10.000,-0.02544,-12.759,-0.00000,-17.80,+0.00000,1,+0.62749,+0.00000,0.00651,-4.086,0,209.1,0.0
16.2613,3,0,0.2164,0.2750,-0.05857,1,1,+0.40218,+0.36608,0.11125,245.90,1,-10.000,-0.02544,-12.759,-0.00000,-17.80,+0.00000,1,+0.62749,+0.00000,0.00651,-4.086,0,209.1,0.0
16.2659,3,0,0.2164,0.2750,-0.05857,1,1,+0.40218,+0.36608,0.11125,245.90,1,-10.000,-0.02544,-12.759,-0.00000,-17.80,+0.00000,1,+0.62749,+0.00000,0.00651,-4.086,0,209.1,0.0
16.2710,3,0,0.2164,0.2750,-0.05857,1,1,+0.40218,+0.36608,0.11125,245.90,1,-10.000,-0.02544,-12.759,-0.00000,-17.80,+0.00000,1,+0.62749,+0.00000,0.00651,-4.086,0,209.1,0.0
16.2758,3,0,0.2164,0.2750,-0.05857,1,1,+0.40218,+0.36608,0.11125,245.90,1,-10.000,-0.02547,-12.759,-0.00000,-17.80,+0.00000,1,+0.62749,+0.00000,0.00651,-4.078,0,209.1,0.0
16.2804,3,0,0.2164,0.2750,-0.05857,1,1,+0.40218,+0.36608,0.11125,245.90,1,-10.000,-0.02548,-12.759,-0.00000,-17.80,+0.00000,1,+0.62749,+0.00000,0.00651,-4.076,0,209.1,0.0
16.2850,3,0,0.2164,0.2750,-0.05857,1,1,+0.40218,+0.36608,0.11125,245.90,1,-10.000,-0.02548,-12.759,-0.00000,-17.80,+0.00000,1,+0.62749,+0.00000,0.00651,-4.076,0,209.1,0.0
16.2893,3,0,0.2164,0.2750,-0.05857,1,1,+0.40218,+0.36608,0.11125,245.90,1,-10.000,-0.02548,-12.759,-0.00000,-17.80,+0.00000,1,+0.62749,+0.00000,0.00651,-4.076,0,209.1,0.0
16.2936,3,0,0.2164,0.2750,-0.05857,1,1,+0.40218,+0.36608,0.11125,245.90,1,-10.000,-0.02546,-12.759,-0.00000,-17.80,+0.00000,1,+0.62749,+0.00000,0.00651,-4.081,0,209.1,0.0
16.2981,3,0,0.2164,0.2750,-0.05857,1,1,+0.40218,+0.36608,0.11125,245.90,1,-10.000,-0.02549,-12.759,-0.00000,-17.80,+0.00000,1,+0.62749,+0.00000,0.00651,-4.073,0,209.1,0.0
16.3043,3,0,0.2164,0.2750,-0.05857,1,1,+0.40218,+0.36608,0.11125,245.90,1,-10.000,-0.02549,-12.759,-0.00000,-17.80,+0.00000,1,+0.62749,+0.00000,0.00651,-4.073,0,209.1,0.0
16.3089,3,0,0.2164,0.2750,-0.05857,1,1,+0.40218,+0.36608,0.11125,245.90,1,-10.000,-0.02545,-12.759,-0.00000,-17.80,+0.00000,1,+0.62749,+0.00000,0.00651,-4.084,0,209.1,0.0
16.3135,3,0,0.2164,0.2750,-0.05857,1,1,+0.40218,+0.36608,0.11125,245.90,1,-10.000,-0.02545,-12.759,-0.00000,-17.80,+0.00000,1,+0.62749,+0.00000,0.00651,-4.084,0,209.1,0.0
16.3181,3,0,0.2164,0.2750,-0.05857,1,1,+0.40218,+0.36608,0.11125,245.90,1,-10.000,-0.02548,-12.759,-0.00000,-17.80,+0.00000,1,+0.62749,+0.00000,0.00651,-4.077,0,209.1,0.0
16.3226,3,0,0.2164,0.2750,-0.05857,1,1,+0.40218,+0.36608,0.11125,245.90,1,-10.000,-0.02548,-12.759,-0.00000,-17.80,+0.00000,1,+0.62749,+0.00000,0.00651,-4.077,0,209.1,0.0
16.3277,3,0,0.2164,0.2750,-0.05857,1,1,+0.40218,+0.36608,0.11125,245.90,1,-10.000,-0.02550,-12.759,-0.00000,-17.80,+0.00000,1,+0.62749,+0.00000,0.00651,-4.072,0,209.1,0.0
16.3323,3,0,0.2164,0.2750,-0.05857,1,1,+0.40218,+0.36608,0.11125,245.90,1,-10.000,-0.02550,-12.759,-0.00000,-17.80,+0.00000,1,+0.62749,+0.00000,0.00651,-4.072,0,209.1,0.0
16.3376,3,0,0.2164,0.2750,-0.05857,1,1,+0.40218,+0.36608,0.11125,245.90,1,-10.000,-0.02551,-12.759,-0.00000,-17.80,+0.00000,1,+0.62749,+0.00000,0.00651,-4.070,0,209.1,0.0
16.3422,3,0,0.2164,0.2750,-0.05857,1,1,+0.40218,+0.36608,0.11125,245.90,1,-10.000,-0.02551,-12.759,-0.00000,-17.80,+0.00000,1,+0.62749,+0.00000,0.00651,-4.070,0,209.1,0.0
16.3467,3,0,0.2164,0.2750,-0.05857,1,1,+0.40218,+0.36608,0.11125,245.90,1,-10.000,-0.02547,-12.759,-0.00000,-17.80,+0.00000,1,+0.62749,+0.00000,0.00651,-4.079,0,209.1,0.0
16.3510,3,0,0.2164,0.2750,-0.05857,1,1,+0.40218,+0.36608,0.11125,245.90,1,-10.000,-0.02552,-12.758,-0.00000,-17.80,+0.00000,1,+0.62749,+0.00000,0.00651,-4.068,0,209.1,0.0
16.3552,3,0,0.2164,0.2750,-0.05857,1,1,+0.40218,+0.36608,0.11125,245.90,1,-10.000,-0.02552,-12.758,-0.00000,-17.80,+0.00000,1,+0.62749,+0.00000,0.00651,-4.068,0,209.1,0.0
16.3599,3,0,0.2164,0.2750,-0.05857,1,1,+0.40218,+0.36608,0.11125,245.90,1,-10.000,-0.02552,-12.758,-0.00000,-17.80,+0.00000,1,+0.62749,+0.00000,0.00651,-4.068,0,209.1,0.0
16.3644,3,0,0.2164,0.2750,-0.05857,1,1,+0.40218,+0.36608,0.11125,245.90,1,-10.000,-0.02547,-12.759,-0.00000,-17.80,+0.00000,1,+0.62749,+0.00000,0.00651,-4.077,0,209.1,0.0
16.3694,3,0,0.2164,0.2750,-0.05857,1,1,+0.40218,+0.36608,0.11125,245.90,1,-10.000,-0.02550,-12.759,-0.00000,-17.80,+0.00000,1,+0.62749,+0.00000,0.00651,-4.072,0,209.1,0.0
16.3738,3,0,0.2164,0.2750,-0.05857,1,1,+0.40218,+0.36608,0.11125,245.90,1,-10.000,-0.02550,-12.759,-0.00000,-17.80,+0.00000,1,+0.62749,+0.00000,0.00651,-4.072,0,209.1,0.0
16.3783,3,0,0.2164,0.2750,-0.05857,1,1,+0.40218,+0.36608,0.11125,245.90,1,-10.000,-0.02551,-12.759,-0.00000,-17.80,+0.00000,1,+0.62749,+0.00000,0.00651,-4.069,0,209.1,0.0
16.3830,3,0,0.2164,0.2750,-0.05857,1,1,+0.40218,+0.36608,0.11125,245.90,1,-10.000,-0.02551,-12.759,-0.00000,-17.80,+0.00000,1,+0.62749,+0.00000,0.00651,-4.069,0,209.1,0.0
16.3875,3,0,0.2164,0.2750,-0.05857,1,1,+0.40218,+0.36608,0.11125,245.90,1,-10.000,-0.02551,-12.759,-0.00000,-17.80,+0.00000,1,+0.62749,+0.00000,0.00651,-4.069,0,209.1,0.0
16.3918,3,0,0.2164,0.2750,-0.05857,1,1,+0.40218,+0.36608,0.11125,245.90,1,-10.000,-0.02551,-12.759,-0.00000,-17.80,+0.00000,1,+0.62749,+0.00000,0.00651,-4.069,0,209.1,0.0
16.3963,3,0,0.2164,0.2750,-0.05857,1,1,+0.40218,+0.36608,0.11125,245.90,1,-10.000,-0.02552,-12.758,-0.00000,-17.80,+0.00000,1,+0.62749,+0.00000,0.00651,-4.066,0,209.1,0.0
16.4010,3,0,0.2164,0.2750,-0.05857,1,1,+0.40218,+0.36608,0.11125,245.90,1,-10.000,-0.02552,-12.758,-0.00000,-17.80,+0.00000,1,+0.62749,+0.00000,0.00651,-4.066,0,209.1,0.0
16.4055,3,0,0.2164,0.2750,-0.05857,1,1,+0.40218,+0.36608,0.11125,245.90,1,-10.000,-0.02549,-12.759,-0.00000,-17.80,+0.00000,1,+0.62749,+0.00000,0.00651,-4.073,0,209.1,0.0
16.4098,3,0,0.2164,0.2750,-0.05857,1,1,+0.40218,+0.36608,0.11125,245.90,1,-10.000,-0.02549,-12.759,-0.00000,-17.80,+0.00000,1,+0.62749,+0.00000,0.00651,-4.073,0,209.1,0.0
16.4148,3,0,0.2164,0.2750,-0.05857,1,1,+0.40218,+0.36608,0.11125,245.90,1,-10.000,-0.02551,-12.758,-0.00000,-17.80,+0.00000,1,+0.62749,+0.00000,0.00651,-4.068,0,209.1,0.0
16.4193,3,0,0.2164,0.2750,-0.05857,1,1,+0.40218,+0.36608,0.11125,245.90,1,-10.000,-0.02551,-12.758,-0.00000,-17.80,+0.00000,1,+0.62749,+0.00000,0.00651,-4.068,0,209.1,0.0
16.4240,3,0,0.2164,0.2750,-0.05857,1,1,+0.40218,+0.36608,0.11125,245.90,1,-10.000,-0.02552,-12.758,-0.00000,-17.80,+0.00000,1,+0.62749,+0.00000,0.00651,-4.067,0,209.1,0.0
16.4285,3,0,0.2164,0.2750,-0.05857,1,1,+0.40218,+0.36608,0.11125,245.90,1,-10.000,-0.02552,-12.758,-0.00000,-17.80,+0.00000,1,+0.62749,+0.00000,0.00651,-4.067,0,209.1,0.0
16.4329,3,0,0.2164,0.2750,-0.05857,1,1,+0.40218,+0.36608,0.11125,245.90,1,-10.000,-0.02552,-12.758,-0.00000,-17.80,+0.00000,1,+0.62749,+0.00000,0.00651,-4.067,0,209.1,0.0
16.4372,3,0,0.2164,0.2750,-0.05857,1,1,+0.40218,+0.36608,0.11125,245.90,1,-10.000,-0.02552,-12.758,-0.00000,-17.80,+0.00000,1,+0.62749,+0.00000,0.00651,-4.067,0,209.1,0.0
16.4419,3,0,0.2164,0.2750,-0.05857,1,1,+0.40218,+0.36608,0.11125,245.90,1,-10.000,-0.02549,-12.759,-0.00000,-17.80,+0.00000,1,+0.62749,+0.00000,0.00651,-4.074,0,209.1,0.0
16.4550,3,0,0.2164,0.2750,-0.05857,1,1,+0.40218,+0.36608,0.11125,245.90,1,-10.000,-0.02549,-12.759,-0.00000,-17.80,+0.00000,1,+0.62749,+0.00000,0.00651,-4.074,0,209.1,0.0
16.4598,3,0,0.2164,0.2750,-0.05857,1,1,+0.40218,+0.36608,0.11125,245.90,1,-10.000,-0.02536,-12.759,-0.00000,-17.80,+0.00000,1,+0.62749,+0.00000,0.00651,-4.102,0,209.1,0.0
16.4644,3,0,0.2164,0.2750,-0.05857,1,1,+0.40218,+0.36608,0.11125,245.90,1,-10.000,-0.02542,-12.759,-0.00000,-17.80,+0.00000,1,+0.62749,+0.00000,0.00651,-4.089,0,209.1,0.0
16.4691,3,0,0.2164,0.2750,-0.05857,1,1,+0.40218,+0.36608,0.11125,245.90,1,-10.000,-0.02542,-12.759,-0.00000,-17.80,+0.00000,1,+0.62749,+0.00000,0.00651,-4.089,0,209.1,0.0
16.4737,3,0,0.2164,0.2750,-0.05857,1,1,+0.40218,+0.36608,0.11125,245.90,1,-10.000,-0.02544,-12.759,-0.00000,-17.80,+0.00000,1,+0.62749,+0.00000,0.00651,-4.085,0,209.1,0.0
16.4803,3,0,0.2164,0.2750,-0.05857,1,1,+0.40218,+0.36608,0.11125,245.90,1,-10.000,-0.02544,-12.759,-0.00000,-17.80,+0.00000,1,+0.62749,+0.00000,0.00651,-4.085,0,209.1,0.0
16.4850,3,0,0.2164,0.2750,-0.05857,1,1,+0.40218,+0.36608,0.11125,245.90,1,-10.000,-0.02537,-12.759,-0.00000,-17.80,+0.00000,1,+0.62749,+0.00000,0.00651,-4.102,0,209.1,0.0
16.4897,3,0,0.2164,0.2750,-0.05857,1,1,+0.40218,+0.36608,0.11125,245.90,1,-10.000,-0.02537,-12.759,-0.00000,-17.80,+0.00000,1,+0.62749,+0.00000,0.00651,-4.102,0,209.1,0.0
16.4944,3,0,0.2164,0.2750,-0.05857,1,1,+0.40218,+0.36608,0.11125,245.90,1,-10.000,-0.02540,-12.759,-0.00000,-17.80,+0.00000,1,+0.62749,+0.00000,0.00651,-4.094,0,209.1,0.0
16.4989,3,0,0.2164,0.2750,-0.05857,1,1,+0.40218,+0.36608,0.11125,245.90,1,-10.000,-0.02540,-12.759,-0.00000,-17.80,+0.00000,1,+0.62749,+0.00000,0.00651,-4.094,0,209.1,0.0
16.5035,3,0,0.2164,0.2750,-0.05857,1,1,+0.40218,+0.36608,0.11125,245.90,1,-10.000,-0.02540,-12.759,-0.00000,-17.80,+0.00000,1,+0.62749,+0.00000,0.00651,-4.094,0,209.1,0.0
16.5081,3,0,0.2164,0.2750,-0.05857,1,1,+0.40218,+0.36608,0.11125,245.90,1,-10.000,-0.02540,-12.759,-0.00000,-17.80,+0.00000,1,+0.62749,+0.00000,0.00651,-4.094,0,209.1,0.0
16.5131,3,0,0.2164,0.2750,-0.05857,1,1,+0.40218,+0.36608,0.11125,245.90,1,-10.000,-0.02537,-12.759,-0.00000,-17.80,+0.00000,1,+0.62749,+0.00000,0.00651,-4.101,0,209.1,0.0
16.5176,3,0,0.2164,0.2750,-0.05857,1,1,+0.40218,+0.36608,0.11125,245.90,1,-10.000,-0.02537,-12.759,-0.00000,-17.80,+0.00000,1,+0.62749,+0.00000,0.00651,-4.101,0,209.1,0.0
16.5221,3,0,0.2164,0.2750,-0.05857,1,1,+0.40218,+0.36608,0.11125,245.90,1,-10.000,-0.02537,-12.759,-0.00000,-17.80,+0.00000,1,+0.62749,+0.00000,0.00651,-4.100,0,209.1,0.0
16.5267,3,0,0.2164,0.2750,-0.05857,1,1,+0.40218,+0.36608,0.11125,245.90,1,-10.000,-0.02540,-12.759,-0.00000,-17.80,+0.00000,1,+0.62749,+0.00000,0.00651,-4.094,0,209.1,0.0
16.5312,3,0,0.2164,0.2750,-0.05857,1,1,+0.40218,+0.36608,0.11125,245.90,1,-10.000,-0.02540,-12.759,-0.00000,-17.80,+0.00000,1,+0.62749,+0.00000,0.00651,-4.094,0,209.1,0.0
16.5360,3,0,0.2164,0.2750,-0.05857,1,1,+0.40218,+0.36608,0.11125,245.90,1,-10.000,-0.02540,-12.759,-0.00000,-17.80,+0.00000,1,+0.62749,+0.00000,0.00651,-4.093,0,209.1,0.0
16.5403,3,0,0.2164,0.2750,-0.05857,1,1,+0.40218,+0.36608,0.11125,245.90,1,-10.000,-0.02540,-12.759,-0.00000,-17.80,+0.00000,1,+0.62749,+0.00000,0.00651,-4.093,0,209.1,0.0
16.5448,3,0,0.2164,0.2750,-0.05857,1,1,+0.40218,+0.36608,0.11125,245.90,1,-10.000,-0.02540,-12.759,-0.00000,-17.80,+0.00000,1,+0.62749,+0.00000,0.00651,-4.094,0,209.1,0.0
16.5494,3,0,0.2164,0.2750,-0.05857,1,1,+0.40218,+0.36608,0.11125,245.90,1,-10.000,-0.02540,-12.759,-0.00000,-17.80,+0.00000,1,+0.62749,+0.00000,0.00651,-4.094,0,209.1,0.0
16.5538,3,0,0.2164,0.2750,-0.05857,1,1,+0.40218,+0.36608,0.11125,245.90,1,-10.000,-0.02541,-12.759,-0.00000,-17.80,+0.00000,1,+0.62749,+0.00000,0.00651,-4.093,0,209.1,0.0
16.5584,3,0,0.2164,0.2750,-0.05857,1,1,+0.40218,+0.36608,0.11125,245.90,1,-10.000,-0.02541,-12.759,-0.00000,-17.80,+0.00000,1,+0.62749,+0.00000,0.00651,-4.093,0,209.1,0.0
16.5630,3,0,0.2164,0.2750,-0.05857,1,1,+0.40218,+0.36608,0.11125,245.90,1,-10.000,-0.02544,-12.759,-0.00000,-17.80,+0.00000,1,+0.62749,+0.00000,0.00651,-4.086,0,209.1,0.0
16.5675,3,0,0.2164,0.2750,-0.05857,1,1,+0.40218,+0.36608,0.11125,245.90,1,-10.000,-0.02544,-12.759,-0.00000,-17.80,+0.00000,1,+0.62749,+0.00000,0.00651,-4.086,0,209.1,0.0
16.5716,3,0,0.2164,0.2750,-0.05857,1,1,+0.40218,+0.36608,0.11125,245.90,1,-10.000,-0.02542,-12.759,-0.00000,-17.80,+0.00000,1,+0.62749,+0.00000,0.00651,-4.090,0,209.1,0.0
16.5772,3,0,0.2164,0.2750,-0.05857,1,1,+0.40218,+0.36608,0.11125,245.90,1,-10.000,-0.02542,-12.759,-0.00000,-17.80,+0.00000,1,+0.62749,+0.00000,0.00651,-4.090,0,209.1,0.0
16.5819,3,0,0.2164,0.2750,-0.05857,1,1,+0.40218,+0.36608,0.11125,245.90,1,-10.000,-0.02544,-12.759,-0.00000,-17.80,+0.00000,1,+0.62749,+0.00000,0.00651,-4.086,0,209.1,0.0
16.5863,3,0,0.2164,0.2750,-0.05857,1,1,+0.40218,+0.36608,0.11125,245.90,1,-10.000,-0.02544,-12.759,-0.00000,-17.80,+0.00000,1,+0.62749,+0.00000,0.00651,-4.086,0,209.1,0.0
16.5910,3,0,0.2164,0.2750,-0.05857,1,1,+0.40218,+0.36608,0.11125,245.90,1,-10.000,-0.02544,-12.759,-0.00000,-17.80,+0.00000,1,+0.62749,+0.00000,0.00651,-4.086,0,209.1,0.0
16.5958,3,0,0.2164,0.2750,-0.05857,1,1,+0.40218,+0.36608,0.11125,245.90,1,-10.000,-0.02548,-12.759,-0.00000,-17.80,+0.00000,1,+0.62749,+0.00000,0.00651,-4.077,0,209.1,0.0
16.6003,3,0,0.2164,0.2750,-0.05857,1,1,+0.40218,+0.36608,0.11125,245.90,1,-10.000,-0.02548,-12.759,-0.00000,-17.80,+0.00000,1,+0.62749,+0.00000,0.00651,-4.077,0,209.1,0.0
16.6051,3,0,0.2164,0.2750,-0.05857,1,1,+0.40218,+0.36608,0.11125,245.90,1,-10.000,-0.02550,-12.759,-0.00000,-17.80,+0.00000,1,+0.62749,+0.00000,0.00651,-4.072,0,209.1,0.0
16.6094,3,0,0.2164,0.2750,-0.05857,1,1,+0.40218,+0.36608,0.11125,245.90,1,-10.000,-0.02550,-12.759,-0.00000,-17.80,+0.00000,1,+0.62749,+0.00000,0.00651,-4.072,0,209.1,0.0
16.6138,3,0,0.2164,0.2750,-0.05857,1,1,+0.40218,+0.36608,0.11125,245.90,1,-10.000,-0.02551,-12.759,-0.00000,-17.80,+0.00000,1,+0.62749,+0.00000,0.00651,-4.068,0,209.1,0.0
16.6183,3,0,0.2164,0.2750,-0.05857,1,1,+0.40218,+0.36608,0.11125,245.90,1,-10.000,-0.02551,-12.759,-0.00000,-17.80,+0.00000,1,+0.62749,+0.00000,0.00651,-4.068,0,209.1,0.0
16.6229,3,0,0.2164,0.2750,-0.05857,1,1,+0.40218,+0.36608,0.11125,245.90,1,-10.000,-0.02548,-12.759,-0.00000,-17.80,+0.00000,1,+0.62749,+0.00000,0.00651,-4.076,0,209.1,0.0
16.6275,3,0,0.2164,0.2750,-0.05857,1,1,+0.40218,+0.36608,0.11125,245.90,1,-10.000,-0.02548,-12.759,-0.00000,-17.80,+0.00000,1,+0.62749,+0.00000,0.00651,-4.076,0,209.1,0.0
16.6320,3,0,0.2164,0.2750,-0.05857,1,1,+0.40218,+0.36608,0.11125,245.90,1,-10.000,-0.02548,-12.759,-0.00000,-17.80,+0.00000,1,+0.62749,+0.00000,0.00651,-4.077,0,209.1,0.0
16.6371,3,0,0.2164,0.2750,-0.05857,1,1,+0.40218,+0.36608,0.11125,245.90,1,-10.000,-0.02548,-12.759,-0.00000,-17.80,+0.00000,1,+0.62749,+0.00000,0.00651,-4.077,0,209.1,0.0
16.6414,3,0,0.2164,0.2750,-0.05857,1,1,+0.40218,+0.36608,0.11125,245.90,1,-10.000,-0.02552,-12.759,-0.00000,-17.80,+0.00000,1,+0.62749,+0.00000,0.00651,-4.067,0,209.1,0.0
16.6460,3,0,0.2164,0.2750,-0.05857,1,1,+0.40218,+0.36608,0.11125,245.90,1,-10.000,-0.02552,-12.759,-0.00000,-17.80,+0.00000,1,+0.62749,+0.00000,0.00651,-4.067,0,209.1,0.0
16.6501,3,0,0.2164,0.2750,-0.05857,1,1,+0.40218,+0.36608,0.11125,245.90,1,-10.000,-0.02552,-12.759,-0.00000,-17.80,+0.00000,1,+0.62749,+0.00000,0.00651,-4.067,0,209.1,0.0
16.6549,3,0,0.2164,0.2750,-0.05857,1,1,+0.40218,+0.36608,0.11125,245.90,1,-10.000,-0.02552,-12.759,-0.00000,-17.80,+0.00000,1,+0.62749,+0.00000,0.00651,-4.067,0,209.1,0.0
16.6596,3,0,0.2164,0.2750,-0.05857,1,1,+0.40218,+0.36608,0.11125,245.90,1,-10.000,-0.02552,-12.759,-0.00000,-17.80,+0.00000,1,+0.62749,+0.00000,0.00651,-4.068,0,209.1,0.0
16.6641,3,0,0.2164,0.2750,-0.05857,1,1,+0.40218,+0.36608,0.11125,245.90,1,-10.000,-0.02552,-12.759,-0.00000,-17.80,+0.00000,1,+0.62749,+0.00000,0.00651,-4.068,0,209.1,0.0
16.6690,3,0,0.2164,0.2750,-0.05857,1,1,+0.40218,+0.36608,0.11125,245.90,1,-10.000,-0.02551,-12.759,-0.00000,-17.80,+0.00000,1,+0.62749,+0.00000,0.00651,-4.068,0,209.1,0.0
16.6734,3,0,0.2164,0.2750,-0.05857,1,1,+0.40218,+0.36608,0.11125,245.90,1,-10.000,-0.02555,-12.758,-0.00000,-17.80,+0.00000,1,+0.62749,+0.00000,0.00651,-4.060,0,209.1,0.0
16.6776,3,0,0.2164,0.2750,-0.05857,1,1,+0.40218,+0.36608,0.11125,245.90,1,-10.000,-0.02555,-12.758,-0.00000,-17.80,+0.00000,1,+0.62749,+0.00000,0.00651,-4.060,0,209.1,0.0
16.6818,3,0,0.2164,0.2750,-0.05857,1,1,+0.40218,+0.36608,0.11125,245.90,1,-10.000,-0.02555,-12.758,-0.00000,-17.80,+0.00000,1,+0.62749,+0.00000,0.00651,-4.059,0,209.1,0.0
16.6863,3,0,0.2164,0.2750,-0.05857,1,1,+0.40218,+0.36608,0.11125,245.90,1,-10.000,-0.02555,-12.758,-0.00000,-17.80,+0.00000,1,+0.62749,+0.00000,0.00651,-4.059,0,209.1,0.0
16.6907,3,0,0.2164,0.2750,-0.05857,1,1,+0.40218,+0.36608,0.11125,245.90,1,-10.000,-0.02555,-12.758,-0.00000,-17.80,+0.00000,1,+0.62749,+0.00000,0.00651,-4.059,0,209.1,0.0
16.6952,3,0,0.2164,0.2750,-0.05857,1,1,+0.40218,+0.36608,0.11125,245.90,1,-10.000,-0.02554,-12.758,-0.00000,-17.80,+0.00000,1,+0.62749,+0.00000,0.00651,-4.063,0,209.1,0.0
16.6997,3,0,0.2164,0.2750,-0.05857,1,1,+0.40218,+0.36608,0.11125,245.90,1,-10.000,-0.02554,-12.758,-0.00000,-17.80,+0.00000,1,+0.62749,+0.00000,0.00651,-4.063,0,209.1,0.0
16.7042,3,0,0.2164,0.2750,-0.05857,1,1,+0.40218,+0.36608,0.11125,245.90,1,-10.000,-0.02553,-12.758,-0.00000,-17.80,+0.00000,1,+0.62749,+0.00000,0.00651,-4.065,0,209.1,0.0
16.7090,3,0,0.2164,0.2750,-0.05857,1,1,+0.40218,+0.36608,0.11125,245.90,1,-10.000,-0.02555,-12.758,-0.00000,-17.80,+0.00000,1,+0.62749,+0.00000,0.00651,-4.059,0,209.1,0.0
16.7135,3,0,0.2164,0.2750,-0.05857,1,1,+0.40218,+0.36608,0.11125,245.90,1,-10.000,-0.02555,-12.758,-0.00000,-17.80,+0.00000,1,+0.62749,+0.00000,0.00651,-4.059,0,209.1,0.0
16.7218,3,0,0.2164,0.2750,-0.05857,1,1,+0.40218,+0.36608,0.11125,245.90,1,-10.000,-0.02555,-12.758,-0.00000,-17.80,+0.00000,1,+0.62749,+0.00000,0.00651,-4.059,0,209.1,0.0
16.7268,3,0,0.2164,0.2750,-0.05857,1,1,+0.40218,+0.36608,0.11125,245.90,1,-10.000,-0.02555,-12.758,-0.00000,-17.80,+0.00000,1,+0.62749,+0.00000,0.00651,-4.059,0,209.1,0.0
16.7313,3,0,0.2164,0.2750,-0.05857,1,1,+0.40218,+0.36608,0.11125,245.90,1,-10.000,-0.02532,-12.759,-0.00000,-17.80,+0.00000,1,+0.62749,+0.00000,0.00651,-4.113,0,209.1,0.0
16.7355,3,0,0.2164,0.2750,-0.05857,1,1,+0.40218,+0.36608,0.11125,245.90,1,-10.000,-0.02544,-12.759,-0.00000,-17.80,+0.00000,1,+0.62749,+0.00000,0.00651,-4.086,0,209.1,0.0
16.7398,3,0,0.2164,0.2750,-0.05857,1,1,+0.40218,+0.36608,0.11125,245.90,1,-10.000,-0.02544,-12.759,-0.00000,-17.80,+0.00000,1,+0.62749,+0.00000,0.00651,-4.086,0,209.1,0.0
16.7443,3,0,0.2164,0.2750,-0.05857,1,1,+0.40218,+0.36608,0.11125,245.90,1,-10.000,-0.02544,-12.759,-0.00000,-17.80,+0.00000,1,+0.62749,+0.00000,0.00651,-4.085,0,209.1,0.0
16.7486,3,0,0.2164,0.2750,-0.05857,1,1,+0.40218,+0.36608,0.11125,245.90,1,-10.000,-0.02547,-12.759,-0.00000,-17.80,+0.00000,1,+0.62749,+0.00000,0.00651,-4.079,0,209.1,0.0
16.7529,3,0,0.2164,0.2750,-0.05857,1,1,+0.40218,+0.36608,0.11125,245.90,1,-10.000,-0.02547,-12.759,-0.00000,-17.80,+0.00000,1,+0.62749,+0.00000,0.00651,-4.079,0,209.1,0.0
16.7572,3,0,0.2164,0.2750,-0.05857,1,1,+0.40218,+0.36608,0.11125,245.90,1,-10.000,-0.02547,-12.759,-0.00000,-17.80,+0.00000,1,+0.62749,+0.00000,0.00651,-4.079,0,209.1,0.0
16.7617,3,0,0.2164,0.2750,-0.05857,1,1,+0.40218,+0.36608,0.11125,245.90,1,-10.000,-0.02545,-12.759,-0.00000,-17.80,+0.00000,1,+0.62749,+0.00000,0.00651,-4.082,0,209.1,0.0
16.7662,3,0,0.2164,0.2750,-0.05857,1,1,+0.40218,+0.36608,0.11125,245.90,1,-10.000,-0.02549,-12.759,-0.00000,-17.80,+0.00000,1,+0.62749,+0.00000,0.00651,-4.074,0,209.1,0.0
16.7705,3,0,0.2164,0.2750,-0.05857,1,1,+0.40218,+0.36608,0.11125,245.90,1,-10.000,-0.02549,-12.759,-0.00000,-17.80,+0.00000,1,+0.62749,+0.00000,0.00651,-4.074,0,209.1,0.0
16.7749,3,0,0.2164,0.2750,-0.05857,1,1,+0.40218,+0.36608,0.11125,245.90,1,-10.000,-0.02549,-12.759,-0.00000,-17.80,+0.00000,1,+0.62749,+0.00000,0.00651,-4.074,0,209.1,0.0
16.7793,3,0,0.2164,0.2750,-0.05857,1,1,+0.40218,+0.36608,0.11125,245.90,1,-10.000,-0.02549,-12.759,-0.00000,-17.80,+0.00000,1,+0.62749,+0.00000,0.00651,-4.074,0,209.1,0.0
16.7839,3,0,0.2164,0.2750,-0.05857,1,1,+0.40218,+0.36608,0.11125,245.90,1,-10.000,-0.02549,-12.759,-0.00000,-17.80,+0.00000,1,+0.62749,+0.00000,0.00651,-4.074,0,209.1,0.0
16.7884,3,0,0.2164,0.2750,-0.05857,1,1,+0.40218,+0.36608,0.11125,245.90,1,-10.000,-0.02545,-12.759,-0.00000,-17.80,+0.00000,1,+0.62749,+0.00000,0.00651,-4.083,0,209.1,0.0
16.7929,3,0,0.2164,0.2750,-0.05857,1,1,+0.40218,+0.36608,0.11125,245.90,1,-10.000,-0.02548,-12.759,-0.00000,-17.80,+0.00000,1,+0.62749,+0.00000,0.00651,-4.075,0,209.1,0.0
16.7973,3,0,0.2164,0.2750,-0.05857,1,1,+0.40218,+0.36608,0.11125,245.90,1,-10.000,-0.02548,-12.759,-0.00000,-17.80,+0.00000,1,+0.62749,+0.00000,0.00651,-4.075,0,209.1,0.0
16.8019,3,0,0.2164,0.2750,-0.05857,1,1,+0.40218,+0.36608,0.11125,245.90,1,-10.000,-0.02548,-12.759,-0.00000,-17.80,+0.00000,1,+0.62749,+0.00000,0.00651,-4.076,0,209.1,0.0
16.8064,3,0,0.2164,0.2750,-0.05857,1,1,+0.40218,+0.36608,0.11125,245.90,1,-10.000,-0.02548,-12.759,-0.00000,-17.80,+0.00000,1,+0.62749,+0.00000,0.00651,-4.076,0,209.1,0.0
16.8109,3,0,0.2164,0.2750,-0.05857,1,1,+0.40218,+0.36608,0.11125,245.90,1,-10.000,-0.02551,-12.759,-0.00000,-17.80,+0.00000,1,+0.62749,+0.00000,0.00651,-4.068,0,209.1,0.0
16.8155,3,0,0.2164,0.2750,-0.05857,1,1,+0.40218,+0.36608,0.11125,245.90,1,-10.000,-0.02551,-12.759,-0.00000,-17.80,+0.00000,1,+0.62749,+0.00000,0.00651,-4.068,0,209.1,0.0
16.8200,3,0,0.2164,0.2750,-0.05857,1,1,+0.40218,+0.36608,0.11125,245.90,1,-10.000,-0.02551,-12.759,-0.00000,-17.80,+0.00000,1,+0.62749,+0.00000,0.00651,-4.069,0,209.1,0.0
16.8245,3,0,0.2164,0.2750,-0.05857,1,1,+0.40218,+0.36608,0.11125,245.90,1,-10.000,-0.02551,-12.759,-0.00000,-17.80,+0.00000,1,+0.62749,+0.00000,0.00651,-4.069,0,209.1,0.0
16.8290,3,0,0.2164,0.2750,-0.05857,1,1,+0.40218,+0.36608,0.11125,245.90,1,-10.000,-0.02554,-12.758,-0.00000,-17.80,+0.00000,1,+0.62749,+0.00000,0.00651,-4.062,0,209.1,0.0
16.8338,3,0,0.2164,0.2750,-0.05857,1,1,+0.40218,+0.36608,0.11125,245.90,1,-10.000,-0.02554,-12.758,-0.00000,-17.80,+0.00000,1,+0.62749,+0.00000,0.00651,-4.062,0,209.1,0.0
16.8382,3,0,0.2164,0.2750,-0.05857,1,1,+0.40218,+0.36608,0.11125,245.90,1,-10.000,-0.02555,-12.758,-0.00000,-17.80,+0.00000,1,+0.62749,+0.00000,0.00651,-4.059,0,209.1,0.0
16.8428,3,0,0.2164,0.2750,-0.05857,1,1,+0.40218,+0.36608,0.11125,245.90,1,-10.000,-0.02556,-12.758,-0.00000,-17.80,+0.00000,1,+0.62749,+0.00000,0.00651,-4.057,0,209.1,0.0
16.8474,3,0,0.2164,0.2750,-0.05857,1,1,+0.40218,+0.36608,0.11125,245.90,1,-10.000,-0.02556,-12.758,-0.00000,-17.80,+0.00000,1,+0.62749,+0.00000,0.00651,-4.057,0,209.1,0.0
16.8517,3,0,0.2164,0.2750,-0.05857,1,1,+0.40218,+0.36608,0.11125,245.90,1,-10.000,-0.02556,-12.758,-0.00000,-17.80,+0.00000,1,+0.62749,+0.00000,0.00651,-4.057,0,209.1,0.0
16.8564,3,0,0.2164,0.2750,-0.05857,1,1,+0.40218,+0.36608,0.11125,245.90,1,-10.000,-0.02556,-12.758,-0.00000,-17.80,+0.00000,1,+0.62749,+0.00000,0.00651,-4.057,0,209.1,0.0
16.8608,3,0,0.2164,0.2750,-0.05857,1,1,+0.40218,+0.36608,0.11125,245.90,1,-10.000,-0.02557,-12.758,-0.00000,-17.80,+0.00000,1,+0.62749,+0.00000,0.00651,-4.056,0,209.1,0.0
16.8654,3,0,0.2164,0.2750,-0.05857,1,1,+0.40218,+0.36608,0.11125,245.90,1,-10.000,-0.02557,-12.758,-0.00000,-17.80,+0.00000,1,+0.62749,+0.00000,0.00651,-4.056,0,209.1,0.0
16.8700,3,0,0.2164,0.2750,-0.05857,1,1,+0.40218,+0.36608,0.11125,245.90,1,-10.000,-0.02559,-12.758,-0.00000,-17.80,+0.00000,1,+0.62749,+0.00000,0.00651,-4.051,0,209.1,0.0
16.8747,3,0,0.2164,0.2750,-0.05857,1,1,+0.40218,+0.36608,0.11125,245.90,1,-10.000,-0.02559,-12.758,-0.00000,-17.80,+0.00000,1,+0.62749,+0.00000,0.00651,-4.051,0,209.1,0.0
16.8792,3,0,0.2164,0.2750,-0.05857,1,1,+0.40218,+0.36608,0.11125,245.90,1,-10.000,-0.02560,-12.758,-0.00000,-17.80,+0.00000,1,+0.62749,+0.00000,0.00651,-4.048,0,209.1,0.0
16.8836,3,0,0.2164,0.2750,-0.05857,1,1,+0.40218,+0.36608,0.11125,245.90,1,-10.000,-0.02560,-12.758,-0.00000,-17.80,+0.00000,1,+0.62749,+0.00000,0.00651,-4.048,0,209.1,0.0
16.8882,3,0,0.2164,0.2750,-0.05857,1,1,+0.40218,+0.36608,0.11125,245.90,1,-10.000,-0.02560,-12.758,-0.00000,-17.80,+0.00000,1,+0.62749,+0.00000,0.00651,-4.048,0,209.1,0.0
16.8927,3,0,0.2164,0.2750,-0.05857,1,1,+0.40218,+0.36608,0.11125,245.90,1,-10.000,-0.02560,-12.758,-0.00000,-17.80,+0.00000,1,+0.62749,+0.00000,0.00651,-4.048,0,209.1,0.0
16.8973,3,0,0.2164,0.2750,-0.05857,1,1,+0.40218,+0.36608,0.11125,245.90,1,-10.000,-0.02561,-12.758,-0.00000,-17.80,+0.00000,1,+0.62749,+0.00000,0.00651,-4.047,0,209.1,0.0
16.9020,3,0,0.2164,0.2750,-0.05857,1,1,+0.40218,+0.36608,0.11125,245.90,1,-10.000,-0.02563,-12.758,-0.00000,-17.80,+0.00000,1,+0.62749,+0.00000,0.00651,-4.041,0,209.1,0.0
16.9067,3,0,0.2164,0.2750,-0.05857,1,1,+0.40218,+0.36608,0.11125,245.90,1,-10.000,-0.02563,-12.758,-0.00000,-17.80,+0.00000,1,+0.62749,+0.00000,0.00651,-4.041,0,209.1,0.0
16.9114,3,0,0.2164,0.2750,-0.05857,1,1,+0.40218,+0.36608,0.11125,245.90,1,-10.000,-0.02562,-12.758,-0.00000,-17.80,+0.00000,1,+0.62749,+0.00000,0.00651,-4.044,0,209.1,0.0
16.9161,3,0,0.2164,0.2750,-0.05857,1,1,+0.40218,+0.36608,0.11125,245.90,1,-10.000,-0.02562,-12.758,-0.00000,-17.80,+0.00000,1,+0.62749,+0.00000,0.00651,-4.044,0,209.1,0.0
16.9206,3,0,0.2164,0.2750,-0.05857,1,1,+0.40218,+0.36608,0.11125,245.90,1,-10.000,-0.02561,-12.758,-0.00000,-17.80,+0.00000,1,+0.62749,+0.00000,0.00651,-4.046,0,209.1,0.0
16.9251,3,0,0.2164,0.2750,-0.05857,1,1,+0.40218,+0.36608,0.11125,245.90,1,-10.000,-0.02561,-12.758,-0.00000,-17.80,+0.00000,1,+0.62749,+0.00000,0.00651,-4.046,0,209.1,0.0
16.9292,3,0,0.2164,0.2750,-0.05857,1,1,+0.40218,+0.36608,0.11125,245.90,1,-10.000,-0.02563,-12.758,-0.00000,-17.80,+0.00000,1,+0.62749,+0.00000,0.00651,-4.042,0,209.1,0.0
16.9344,3,0,0.2164,0.2750,-0.05857,1,1,+0.40218,+0.36608,0.11125,245.90,1,-10.000,-0.02563,-12.758,-0.00000,-17.80,+0.00000,1,+0.62749,+0.00000,0.00651,-4.042,0,209.1,0.0
16.9399,3,0,0.2164,0.2750,-0.05857,1,1,+0.40218,+0.36608,0.11125,245.90,1,-10.000,-0.02563,-12.758,-0.00000,-17.80,+0.00000,1,+0.62749,+0.00000,0.00651,-4.042,0,209.1,0.0
16.9442,3,0,0.2164,0.2750,-0.05857,1,1,+0.40218,+0.36608,0.11125,245.90,1,-10.000,-0.02556,-12.758,-0.00000,-17.80,+0.00000,1,+0.62749,+0.00000,0.00651,-4.057,0,209.1,0.0
16.9488,3,0,0.2164,0.2750,-0.05857,1,1,+0.40218,+0.36608,0.11125,245.90,1,-10.000,-0.02556,-12.758,-0.00000,-17.80,+0.00000,1,+0.62749,+0.00000,0.00651,-4.057,0,209.1,0.0
16.9532,3,0,0.2164,0.2750,-0.05857,1,1,+0.40218,+0.36608,0.11125,245.90,1,-10.000,-0.02556,-12.758,-0.00000,-17.80,+0.00000,1,+0.62749,+0.00000,0.00651,-4.058,0,209.1,0.0
16.9578,3,0,0.2164,0.2750,-0.05857,1,1,+0.40218,+0.36608,0.11125,245.90,1,-10.000,-0.02556,-12.758,-0.00000,-17.80,+0.00000,1,+0.62749,+0.00000,0.00651,-4.058,0,209.1,0.0
16.9623,3,0,0.2164,0.2750,-0.05857,1,1,+0.40218,+0.36608,0.11125,245.90,1,-10.000,-0.02556,-12.758,-0.00000,-17.80,+0.00000,1,+0.62749,+0.00000,0.00651,-4.058,0,209.1,0.0
16.9699,3,0,0.2164,0.2750,-0.05857,1,1,+0.40218,+0.36608,0.11125,245.90,1,-10.000,-0.02551,-12.759,-0.00000,-17.80,+0.00000,1,+0.62749,+0.00000,0.00651,-4.070,0,209.1,0.0
16.9745,3,0,0.2164,0.2750,-0.05857,1,1,+0.40218,+0.36608,0.11125,245.90,1,-10.000,-0.02551,-12.759,-0.00000,-17.80,+0.00000,1,+0.62749,+0.00000,0.00651,-4.070,0,209.1,0.0
16.9793,3,0,0.2164,0.2750,-0.05857,1,1,+0.40218,+0.36608,0.11125,245.90,1,-10.000,-0.02559,-12.758,-0.00000,-17.80,+0.00000,1,+0.62749,+0.00000,0.00651,-4.051,0,209.1,0.0
16.9840,3,0,0.2164,0.2750,-0.05857,1,1,+0.40218,+0.36608,0.11125,245.90,1,-10.000,-0.02560,-12.758,-0.00000,-17.80,+0.00000,1,+0.62749,+0.00000,0.00651,-4.048,0,209.1,0.0
16.9885,3,0,0.2164,0.2750,-0.05857,1,1,+0.40218,+0.36608,0.11125,245.90,1,-10.000,-0.02560,-12.758,-0.00000,-17.80,+0.00000,1,+0.62749,+0.00000,0.00651,-4.048,0,209.1,0.0
16.9931,3,0,0.2164,0.2750,-0.05857,1,1,+0.40218,+0.36608,0.11125,245.90,1,-10.000,-0.02560,-12.758,-0.00000,-17.80,+0.00000,1,+0.62749,+0.00000,0.00651,-4.049,0,209.1,0.0
16.9977,3,0,0.2164,0.2750,-0.05857,1,1,+0.40218,+0.36608,0.11125,245.90,1,-10.000,-0.02560,-12.758,-0.00000,-17.80,+0.00000,1,+0.62749,+0.00000,0.00651,-4.049,0,209.1,0.0
17.0021,3,0,0.2164,0.2750,-0.05857,1,1,+0.40218,+0.36608,0.11125,245.90,1,-10.000,-0.02564,-12.758,-0.00000,-17.80,+0.00000,1,+0.62749,+0.00000,0.00651,-4.039,0,209.1,0.0
17.0068,3,0,0.2164,0.2750,-0.05857,1,1,+0.40218,+0.36608,0.11125,245.90,1,-10.000,-0.02564,-12.758,-0.00000,-17.80,+0.00000,1,+0.62749,+0.00000,0.00651,-4.039,0,209.1,0.0
17.0113,3,0,0.2164,0.2750,-0.05857,1,1,+0.40218,+0.36608,0.11125,245.90,1,-10.000,-0.02559,-12.758,-0.00000,-17.80,+0.00000,1,+0.62749,+0.00000,0.00651,-4.051,0,209.1,0.0
17.0160,3,0,0.2164,0.2750,-0.05857,1,1,+0.40218,+0.36608,0.11125,245.90,1,-10.000,-0.02559,-12.758,-0.00000,-17.80,+0.00000,1,+0.62749,+0.00000,0.00651,-4.051,0,209.1,0.0
17.0204,3,0,0.2164,0.2750,-0.05857,1,1,+0.40218,+0.36608,0.11125,245.90,1,-10.000,-0.02562,-12.758,-0.00000,-17.80,+0.00000,1,+0.62749,+0.00000,0.00651,-4.043,0,209.1,0.0
17.0250,3,0,0.2164,0.2750,-0.05857,1,1,+0.40218,+0.36608,0.11125,245.90,1,-10.000,-0.02562,-12.758,-0.00000,-17.80,+0.00000,1,+0.62749,+0.00000,0.00651,-4.043,0,209.1,0.0
17.0296,3,0,0.2164,0.2750,-0.05857,1,1,+0.40218,+0.36608,0.11125,245.90,1,-10.000,-0.02562,-12.758,-0.00000,-17.80,+0.00000,1,+0.62749,+0.00000,0.00651,-4.045,0,209.1,0.0
17.0340,3,0,0.2164,0.2750,-0.05857,1,1,+0.40218,+0.36608,0.11125,245.90,1,-10.000,-0.02562,-12.758,-0.00000,-17.80,+0.00000,1,+0.62749,+0.00000,0.00651,-4.045,0,209.1,0.0
17.0385,3,0,0.2164,0.2750,-0.05857,1,1,+0.40218,+0.36608,0.11125,245.90,1,-10.000,-0.02560,-12.758,-0.00000,-17.80,+0.00000,1,+0.62749,+0.00000,0.00651,-4.047,0,209.1,0.0
17.0428,3,0,0.2164,0.2750,-0.05857,1,1,+0.40218,+0.36608,0.11125,245.90,1,-10.000,-0.02560,-12.758,-0.00000,-17.80,+0.00000,1,+0.62749,+0.00000,0.00651,-4.047,0,209.1,0.0
17.0473,3,0,0.2164,0.2750,-0.05857,1,1,+0.40218,+0.36608,0.11125,245.90,1,-10.000,-0.02565,-12.758,-0.00000,-17.80,+0.00000,1,+0.62749,+0.00000,0.00651,-4.037,0,209.1,0.0
17.0519,3,0,0.2164,0.2750,-0.05857,1,1,+0.40218,+0.36608,0.11125,245.90,1,-10.000,-0.02566,-12.758,-0.00000,-17.80,+0.00000,1,+0.62749,+0.00000,0.00651,-4.036,0,209.1,0.0
17.0562,3,0,0.2164,0.2750,-0.05857,1,1,+0.40218,+0.36608,0.11125,245.90,1,-10.000,-0.02566,-12.758,-0.00000,-17.80,+0.00000,1,+0.62749,+0.00000,0.00651,-4.036,0,209.1,0.0
17.0613,3,0,0.2164,0.2750,-0.05857,1,1,+0.40218,+0.36608,0.11125,245.90,1,-10.000,-0.02564,-12.758,-0.00000,-17.80,+0.00000,1,+0.62749,+0.00000,0.00651,-4.039,0,209.1,0.0
17.0659,3,0,0.2164,0.2750,-0.05857,1,1,+0.40218,+0.36608,0.11125,245.90,1,-10.000,-0.02564,-12.758,-0.00000,-17.80,+0.00000,1,+0.62749,+0.00000,0.00651,-4.039,0,209.1,0.0
17.0704,3,0,0.2164,0.2750,-0.05857,1,1,+0.40218,+0.36608,0.11125,245.90,1,-10.000,-0.02567,-12.758,-0.00000,-17.80,+0.00000,1,+0.62749,+0.00000,0.00651,-4.033,0,209.1,0.0
17.0749,3,0,0.2164,0.2750,-0.05857,1,1,+0.40218,+0.36608,0.11125,245.90,1,-10.000,-0.02567,-12.758,-0.00000,-17.80,+0.00000,1,+0.62749,+0.00000,0.00651,-4.033,0,209.1,0.0
17.0791,3,0,0.2164,0.2750,-0.05857,1,1,+0.40218,+0.36608,0.11125,245.90,1,-10.000,-0.02566,-12.758,-0.00000,-17.80,+0.00000,1,+0.62749,+0.00000,0.00651,-4.035,0,209.1,0.0
17.0839,3,0,0.2164,0.2750,-0.05857,1,1,+0.40218,+0.36608,0.11125,245.90,1,-10.000,-0.02566,-12.758,-0.00000,-17.80,+0.00000,1,+0.62749,+0.00000,0.00651,-4.035,0,209.1,0.0
17.0884,3,0,0.2164,0.2750,-0.05857,1,1,+0.40218,+0.36608,0.11125,245.90,1,-10.000,-0.02565,-12.758,-0.00000,-17.80,+0.00000,1,+0.62749,+0.00000,0.00651,-4.036,0,209.1,0.0
17.0928,3,0,0.2164,0.2750,-0.05857,1,1,+0.40218,+0.36608,0.11125,245.90,1,-10.000,-0.02565,-12.758,-0.00000,-17.80,+0.00000,1,+0.62749,+0.00000,0.00651,-4.036,0,209.1,0.0
17.0973,3,0,0.2164,0.2750,-0.05857,1,1,+0.40218,+0.36608,0.11125,245.90,1,-10.000,-0.02566,-12.758,-0.00000,-17.80,+0.00000,1,+0.62749,+0.00000,0.00651,-4.035,0,209.1,0.0
17.1019,3,0,0.2164,0.2750,-0.05857,1,1,+0.40218,+0.36608,0.11125,245.90,1,-10.000,-0.02566,-12.758,-0.00000,-17.80,+0.00000,1,+0.62749,+0.00000,0.00651,-4.035,0,209.1,0.0
17.1070,3,0,0.2164,0.2750,-0.05857,1,1,+0.40218,+0.36608,0.11125,245.90,1,-10.000,-0.02567,-12.758,-0.00000,-17.80,+0.00000,1,+0.62749,+0.00000,0.00651,-4.031,0,209.1,0.0
17.1114,3,0,0.2164,0.2750,-0.05857,1,1,+0.40218,+0.36608,0.11125,245.90,1,-10.000,-0.02567,-12.758,-0.00000,-17.80,+0.00000,1,+0.62749,+0.00000,0.00651,-4.031,0,209.1,0.0
17.1160,3,0,0.2164,0.2750,-0.05857,1,1,+0.40218,+0.36608,0.11125,245.90,1,-10.000,-0.02566,-12.758,-0.00000,-17.80,+0.00000,1,+0.62749,+0.00000,0.00651,-4.034,0,209.1,0.0
17.1219,3,0,0.2164,0.2750,-0.05857,1,1,+0.40218,+0.36608,0.11125,245.90,1,-10.000,-0.02566,-12.758,-0.00000,-17.80,+0.00000,1,+0.62749,+0.00000,0.00651,-4.034,0,209.1,0.0
17.1265,3,0,0.2164,0.2750,-0.05857,1,1,+0.40218,+0.36608,0.11125,245.90,1,-10.000,-0.02565,-12.758,-0.00000,-17.80,+0.00000,1,+0.62749,+0.00000,0.00651,-4.038,0,209.1,0.0
17.1312,3,0,0.2164,0.2750,-0.05857,1,1,+0.40218,+0.36608,0.11125,245.90,1,-10.000,-0.02565,-12.758,-0.00000,-17.80,+0.00000,1,+0.62749,+0.00000,0.00651,-4.038,0,209.1,0.0
17.1355,3,0,0.2164,0.2750,-0.05857,1,1,+0.40218,+0.36608,0.11125,245.90,1,-10.000,-0.02564,-12.758,-0.00000,-17.80,+0.00000,1,+0.62749,+0.00000,0.00651,-4.040,0,209.1,0.0
17.1401,3,0,0.2164,0.2750,-0.05857,1,1,+0.40218,+0.36608,0.11125,245.90,1,-10.000,-0.02564,-12.758,-0.00000,-17.80,+0.00000,1,+0.62749,+0.00000,0.00651,-4.040,0,209.1,0.0
17.1446,3,0,0.2164,0.2750,-0.05857,1,1,+0.40218,+0.36608,0.11125,245.90,1,-10.000,-0.02564,-12.758,-0.00000,-17.80,+0.00000,1,+0.62749,+0.00000,0.00651,-4.040,0,209.1,0.0
17.1493,3,0,0.2164,0.2750,-0.05857,1,1,+0.40218,+0.36608,0.11125,245.90,1,-10.000,-0.02564,-12.758,-0.00000,-17.80,+0.00000,1,+0.62749,+0.00000,0.00651,-4.040,0,209.1,0.0
17.1539,3,0,0.2164,0.2750,-0.05857,1,1,+0.40218,+0.36608,0.11125,245.90,1,-10.000,-0.02563,-12.758,-0.00000,-17.80,+0.00000,1,+0.62749,+0.00000,0.00651,-4.042,0,209.1,0.0
17.1586,3,0,0.2164,0.2750,-0.05857,1,1,+0.40218,+0.36608,0.11125,245.90,1,-10.000,-0.02566,-12.758,-0.00000,-17.80,+0.00000,1,+0.62749,+0.00000,0.00651,-4.034,0,209.1,0.0
17.1630,3,0,0.2164,0.2750,-0.05857,1,1,+0.40218,+0.36608,0.11125,245.90,1,-10.000,-0.02566,-12.758,-0.00000,-17.80,+0.00000,1,+0.62749,+0.00000,0.00651,-4.034,0,214.8,0.0
17.1674,3,0,0.2164,0.2750,-0.05857,1,1,+0.40218,+0.36608,0.11125,245.90,1,-10.000,-0.02566,-12.758,-0.00000,-17.80,+0.00000,1,+0.62749,+0.00000,0.00651,-4.034,0,214.8,0.0
17.1720,3,0,0.2164,0.2750,-0.05857,1,1,+0.40218,+0.36608,0.11125,245.90,1,-10.000,-0.02562,-12.758,-0.00000,-17.80,+0.00000,1,+0.62749,+0.00000,0.00651,-4.043,0,214.8,0.0
17.1765,3,0,0.2164,0.2750,-0.05857,1,1,+0.40218,+0.36608,0.11125,245.90,1,-10.000,-0.02564,-12.758,-0.00000,-17.80,+0.00000,1,+0.62749,+0.00000,0.00651,-4.040,0,214.8,0.0
17.1810,3,0,0.2164,0.2750,-0.05857,1,1,+0.40218,+0.36608,0.11125,245.90,1,-10.000,-0.02564,-12.758,-0.00000,-17.80,+0.00000,1,+0.62749,+0.00000,0.00651,-4.040,0,214.8,0.0
17.1853,3,0,0.2164,0.2750,-0.05857,1,1,+0.40218,+0.36608,0.11125,245.90,1,-10.000,-0.02564,-12.758,-0.00000,-17.80,+0.00000,1,+0.62749,+0.00000,0.00651,-4.040,0,214.8,0.0
17.1898,3,0,0.2164,0.2750,-0.05857,1,1,+0.40218,+0.36608,0.11125,245.90,1,-10.000,-0.02564,-12.758,-0.00000,-17.80,+0.00000,1,+0.62749,+0.00000,0.00651,-4.040,0,214.8,0.0
17.1944,3,0,0.2164,0.2750,-0.05857,1,1,+0.40218,+0.36608,0.11125,245.90,1,-10.000,-0.02567,-12.758,-0.00000,-17.80,+0.00000,1,+0.62749,+0.00000,0.00651,-4.033,0,214.8,0.0
17.1990,3,0,0.2164,0.2750,-0.05857,1,1,+0.40218,+0.36608,0.11125,245.90,1,-10.000,-0.02567,-12.758,-0.00000,-17.80,+0.00000,1,+0.62749,+0.00000,0.00651,-4.033,0,214.8,0.0
17.2036,3,0,0.2164,0.2750,-0.05857,1,1,+0.40218,+0.36608,0.11125,245.90,1,-10.000,-0.02568,-12.758,-0.00000,-17.80,+0.00000,1,+0.62749,+0.00000,0.00651,-4.030,0,214.8,0.0
17.2080,3,0,0.2164,0.2750,-0.05857,1,1,+0.40218,+0.36608,0.11125,245.90,1,-10.000,-0.02568,-12.758,-0.00000,-17.80,+0.00000,1,+0.62749,+0.00000,0.00651,-4.030,0,214.8,0.0
17.2129,3,0,0.2164,0.2750,-0.05857,1,1,+0.40218,+0.36608,0.11125,245.90,1,-10.000,-0.02569,-12.758,-0.00000,-17.80,+0.00000,1,+0.62749,+0.00000,0.00651,-4.028,0,214.8,0.0
17.2185,3,0,0.2164,0.2750,-0.05857,1,1,+0.40218,+0.36608,0.11125,245.90,1,-10.000,-0.02569,-12.758,-0.00000,-17.80,+0.00000,1,+0.62749,+0.00000,0.00651,-4.028,0,214.8,0.0
17.2228,3,0,0.2164,0.2750,-0.05857,1,1,+0.40218,+0.36608,0.11125,245.90,1,-10.000,-0.02562,-12.758,-0.00000,-17.80,+0.00000,1,+0.62749,+0.00000,0.00651,-4.044,0,214.8,0.0
17.2276,3,0,0.2164,0.2750,-0.05857,1,1,+0.40218,+0.36608,0.11125,245.90,1,-10.000,-0.02562,-12.758,-0.00000,-17.80,+0.00000,1,+0.62749,+0.00000,0.00651,-4.044,0,214.8,0.0
17.2322,3,0,0.2164,0.2750,-0.05857,1,1,+0.40218,+0.36608,0.11125,245.90,1,-10.000,-0.02567,-12.758,-0.00000,-17.80,+0.00000,1,+0.62749,+0.00000,0.00651,-4.033,0,214.8,0.0
17.2368,3,0,0.2164,0.2750,-0.05857,1,1,+0.40218,+0.36608,0.11125,245.90,1,-10.000,-0.02567,-12.758,-0.00000,-17.80,+0.00000,1,+0.62749,+0.00000,0.00651,-4.032,0,214.8,0.0
17.2414,3,0,0.2164,0.2750,-0.05857,1,1,+0.40218,+0.36608,0.11125,245.90,1,-10.000,-0.02567,-12.758,-0.00000,-17.80,+0.00000,1,+0.62749,+0.00000,0.00651,-4.032,0,214.8,0.0
17.2479,3,0,0.2164,0.2750,-0.05857,1,1,+0.40218,+0.36608,0.11125,245.90,1,-10.000,-0.02567,-12.758,-0.00000,-17.80,+0.00000,1,+0.62749,+0.00000,0.00651,-4.032,0,214.8,0.0
17.2524,3,0,0.2164,0.2750,-0.05857,1,1,+0.40218,+0.36608,0.11125,245.90,1,-10.000,-0.02560,-12.758,-0.00000,-17.80,+0.00000,1,+0.62749,+0.00000,0.00651,-4.049,0,214.8,0.0
17.2572,3,0,0.2164,0.2750,-0.05857,1,1,+0.40218,+0.36608,0.11125,245.90,1,-10.000,-0.02567,-12.758,-0.00000,-17.80,+0.00000,1,+0.62749,+0.00000,0.00651,-4.033,0,214.8,0.0
17.2616,3,0,0.2164,0.2750,-0.05857,1,1,+0.40218,+0.36608,0.11125,245.90,1,-10.000,-0.02567,-12.758,-0.00000,-17.80,+0.00000,1,+0.62749,+0.00000,0.00651,-4.033,0,214.8,0.0
17.2660,3,0,0.2164,0.2750,-0.05857,1,1,+0.40218,+0.36608,0.11125,245.90,1,-10.000,-0.02566,-12.758,-0.00000,-17.80,+0.00000,1,+0.62749,+0.00000,0.00651,-4.034,0,214.8,0.0
17.2706,3,0,0.2164,0.2750,-0.05857,1,1,+0.40218,+0.36608,0.11125,245.90,1,-10.000,-0.02566,-12.758,-0.00000,-17.80,+0.00000,1,+0.62749,+0.00000,0.00651,-4.034,0,214.8,0.0
17.2756,3,0,0.2164,0.2750,-0.05857,1,1,+0.40218,+0.36608,0.11125,245.90,1,-10.000,-0.02567,-12.758,-0.00000,-17.80,+0.00000,1,+0.62749,+0.00000,0.00651,-4.033,0,214.8,0.0
17.2818,3,0,0.2164,0.2750,-0.05857,1,1,+0.40218,+0.36608,0.11125,245.90,1,-10.000,-0.02567,-12.758,-0.00000,-17.80,+0.00000,1,+0.62749,+0.00000,0.00651,-4.033,0,214.8,0.0
17.2864,3,0,0.2164,0.2750,-0.05857,1,1,+0.40218,+0.36608,0.11125,245.90,1,-10.000,-0.02564,-12.758,-0.00000,-17.80,+0.00000,1,+0.62749,+0.00000,0.00651,-4.040,0,214.8,0.0
17.2911,3,0,0.2164,0.2750,-0.05857,1,1,+0.40218,+0.36608,0.11125,245.90,1,-10.000,-0.02565,-12.758,-0.00000,-17.80,+0.00000,1,+0.62749,+0.00000,0.00651,-4.036,0,214.8,0.0
17.2956,3,0,0.2164,0.2750,-0.05857,1,1,+0.40218,+0.36608,0.11125,245.90,1,-10.000,-0.02565,-12.758,-0.00000,-17.80,+0.00000,1,+0.62749,+0.00000,0.00651,-4.036,0,214.8,0.0
17.2998,3,0,0.2164,0.2750,-0.05857,1,1,+0.40218,+0.36608,0.11125,245.90,1,-10.000,-0.02565,-12.758,-0.00000,-17.80,+0.00000,1,+0.62749,+0.00000,0.00651,-4.038,0,214.8,0.0
17.3043,3,0,0.2164,0.2750,-0.05857,1,1,+0.40218,+0.36608,0.11125,245.90,1,-10.000,-0.02565,-12.758,-0.00000,-17.80,+0.00000,1,+0.62749,+0.00000,0.00651,-4.038,0,214.8,0.0
17.3086,3,0,0.2164,0.2750,-0.05857,1,1,+0.40218,+0.36608,0.11125,245.90,1,-10.000,-0.02565,-12.758,-0.00000,-17.80,+0.00000,1,+0.62749,+0.00000,0.00651,-4.038,0,214.8,0.0
17.3130,3,0,0.2164,0.2750,-0.05857,1,1,+0.40218,+0.36608,0.11125,245.90,1,-10.000,-0.02563,-12.758,-0.00000,-17.80,+0.00000,1,+0.62749,+0.00000,0.00651,-4.043,0,214.8,0.0
17.3177,3,0,0.2164,0.2750,-0.05857,1,1,+0.40218,+0.36608,0.11125,245.90,1,-10.000,-0.02563,-12.758,-0.00000,-17.80,+0.00000,1,+0.62749,+0.00000,0.00651,-4.043,0,214.8,0.0
17.3222,3,0,0.2164,0.2750,-0.05857,1,1,+0.40218,+0.36608,0.11125,245.90,1,-10.000,-0.02561,-12.758,-0.00000,-17.80,+0.00000,1,+0.62749,+0.00000,0.00651,-4.047,0,214.8,0.0
17.3264,3,0,0.2164,0.2750,-0.05857,1,1,+0.40218,+0.36608,0.11125,245.90,1,-10.000,-0.02561,-12.758,-0.00000,-17.80,+0.00000,1,+0.62749,+0.00000,0.00651,-4.047,0,214.8,0.0
17.3310,3,0,0.2164,0.2750,-0.05857,1,1,+0.40218,+0.36608,0.11125,245.90,1,-10.000,-0.02563,-12.758,-0.00000,-17.80,+0.00000,1,+0.62749,+0.00000,0.00651,-4.041,0,214.8,0.0
17.3360,3,0,0.2164,0.2750,-0.05857,1,1,+0.40218,+0.36608,0.11125,245.90,1,-10.000,-0.02563,-12.758,-0.00000,-17.80,+0.00000,1,+0.62749,+0.00000,0.00651,-4.041,0,214.8,0.0
17.3409,3,0,0.2164,0.2750,-0.05857,1,1,+0.40218,+0.36608,0.11125,245.90,1,-10.000,-0.02563,-12.758,-0.00000,-17.80,+0.00000,1,+0.62749,+0.00000,0.00651,-4.041,0,214.8,0.0
17.3456,3,0,0.2164,0.2750,-0.05857,1,1,+0.40218,+0.36608,0.11125,245.90,1,-10.000,-0.02563,-12.758,-0.00000,-17.80,+0.00000,1,+0.62749,+0.00000,0.00651,-4.041,0,214.8,0.0
17.3502,3,0,0.2164,0.2750,-0.05857,1,1,+0.40218,+0.36608,0.11125,245.90,1,-10.000,-0.02559,-12.758,-0.00000,-17.80,+0.00000,1,+0.62749,+0.00000,0.00651,-4.051,0,214.8,0.0
17.3549,3,0,0.2164,0.2750,-0.05857,1,1,+0.40218,+0.36608,0.11125,245.90,1,-10.000,-0.02559,-12.758,-0.00000,-17.80,+0.00000,1,+0.62749,+0.00000,0.00651,-4.051,0,214.8,0.0
17.3595,3,0,0.2164,0.2750,-0.05857,1,1,+0.40218,+0.36608,0.11125,245.90,1,-10.000,-0.02558,-12.758,-0.00000,-17.80,+0.00000,1,+0.62749,+0.00000,0.00651,-4.052,0,214.8,0.0
17.3637,3,0,0.2164,0.2750,-0.05857,1,1,+0.40218,+0.36608,0.11125,245.90,1,-10.000,-0.02558,-12.758,-0.00000,-17.80,+0.00000,1,+0.62749,+0.00000,0.00651,-4.052,0,214.8,0.0
17.3683,3,0,0.2164,0.2750,-0.05857,1,1,+0.40218,+0.36608,0.11125,245.90,1,-10.000,-0.02558,-12.758,-0.00000,-17.80,+0.00000,1,+0.62749,+0.00000,0.00651,-4.052,0,214.8,0.0
17.3726,3,0,0.2164,0.2750,-0.05857,1,1,+0.40218,+0.36608,0.11125,245.90,1,-10.000,-0.02560,-12.758,-0.00000,-17.80,+0.00000,1,+0.62749,+0.00000,0.00651,-4.047,0,214.8,0.0
17.3770,3,0,0.2164,0.2750,-0.05857,1,1,+0.40218,+0.36608,0.11125,245.90,1,-10.000,-0.02560,-12.758,-0.00000,-17.80,+0.00000,1,+0.62749,+0.00000,0.00651,-4.047,0,214.8,0.0
17.3817,3,0,0.2164,0.2750,-0.05857,1,1,+0.40218,+0.36608,0.11125,245.90,1,-10.000,-0.02561,-12.758,-0.00000,-17.80,+0.00000,1,+0.62749,+0.00000,0.00651,-4.046,0,214.8,0.0
17.3862,3,0,0.2164,0.2750,-0.05857,1,1,+0.40218,+0.36608,0.11125,245.90,1,-10.000,-0.02561,-12.758,-0.00000,-17.80,+0.00000,1,+0.62749,+0.00000,0.00651,-4.046,0,214.8,0.0
17.3908,3,0,0.2164,0.2750,-0.05857,1,1,+0.40218,+0.36608,0.11125,245.90,1,-10.000,-0.02563,-12.758,-0.00000,-17.80,+0.00000,1,+0.62749,+0.00000,0.00651,-4.042,0,214.8,0.0
17.3953,3,0,0.2164,0.2750,-0.05857,1,1,+0.40218,+0.36608,0.11125,245.90,1,-10.000,-0.02563,-12.758,-0.00000,-17.80,+0.00000,1,+0.62749,+0.00000,0.00651,-4.042,0,214.8,0.0
17.3998,3,0,0.2164,0.2750,-0.05857,1,1,+0.40218,+0.36608,0.11125,245.90,1,-10.000,-0.02562,-12.758,-0.00000,-17.80,+0.00000,1,+0.62749,+0.00000,0.00651,-4.043,0,214.8,0.0
17.4104,3,0,0.2164,0.2750,-0.05857,1,1,+0.40218,+0.36608,0.11125,245.90,1,-10.000,-0.02556,-12.758,-0.00000,-17.80,+0.00000,1,+0.62749,+0.00000,0.00651,-4.058,0,214.8,0.0
17.4146,3,0,0.2164,0.2750,-0.05857,1,1,+0.40218,+0.36608,0.11125,245.90,1,-10.000,-0.02556,-12.758,-0.00000,-17.80,+0.00000,1,+0.62749,+0.00000,0.00651,-4.058,0,214.8,0.0
17.4193,3,0,0.2164,0.2750,-0.05857,1,1,+0.40218,+0.36608,0.11125,245.90,1,-10.000,-0.02557,-12.758,-0.00000,-17.80,+0.00000,1,+0.62749,+0.00000,0.00651,-4.056,0,214.8,0.0
17.4241,3,0,0.2164,0.2750,-0.05857,1,1,+0.40218,+0.36608,0.11125,245.90,1,-10.000,-0.02557,-12.758,-0.00000,-17.80,+0.00000,1,+0.62749,+0.00000,0.00651,-4.056,0,214.8,0.0
17.4285,3,0,0.2164,0.2750,-0.05857,1,1,+0.40218,+0.36608,0.11125,245.90,1,-10.000,-0.02558,-12.758,-0.00000,-17.80,+0.00000,1,+0.62749,+0.00000,0.00651,-4.053,0,214.8,0.0
17.4332,3,0,0.2164,0.2750,-0.05857,1,1,+0.40218,+0.36608,0.11125,245.90,1,-10.000,-0.02558,-12.758,-0.00000,-17.80,+0.00000,1,+0.62749,+0.00000,0.00651,-4.053,0,214.8,0.0
17.4378,3,0,0.2164,0.2750,-0.05857,1,1,+0.40218,+0.36608,0.11125,245.90,1,-10.000,-0.02559,-12.758,-0.00000,-17.80,+0.00000,1,+0.62749,+0.00000,0.00651,-4.050,0,214.8,0.0
17.4424,3,0,0.2164,0.2750,-0.05857,1,1,+0.40218,+0.36608,0.11125,245.90,1,-10.000,-0.02559,-12.758,-0.00000,-17.80,+0.00000,1,+0.62749,+0.00000,0.00651,-4.050,0,214.8,0.0
17.4469,3,0,0.2164,0.2750,-0.05857,1,1,+0.40218,+0.36608,0.11125,245.90,1,-10.000,-0.02557,-12.758,-0.00000,-17.80,+0.00000,1,+0.62749,+0.00000,0.00651,-4.055,0,214.8,0.0
17.4538,3,0,0.2164,0.2750,-0.05857,1,1,+0.40218,+0.36608,0.11125,245.90,1,-10.000,-0.02558,-12.758,-0.00000,-17.80,+0.00000,1,+0.62749,+0.00000,0.00651,-4.053,0,214.8,0.0
17.4581,3,0,0.2164,0.2750,-0.05857,1,1,+0.40218,+0.36608,0.11125,245.90,1,-10.000,-0.02558,-12.758,-0.00000,-17.80,+0.00000,1,+0.62749,+0.00000,0.00651,-4.053,0,214.8,0.0
17.4628,3,0,0.2164,0.2750,-0.05857,1,1,+0.40218,+0.36608,0.11125,245.90,1,-10.000,-0.02558,-12.758,-0.00000,-17.80,+0.00000,1,+0.62749,+0.00000,0.00651,-4.053,0,214.8,0.0
17.4676,3,0,0.2164,0.2750,-0.05857,1,1,+0.40218,+0.36608,0.11125,245.90,1,-10.000,-0.02556,-12.758,-0.00000,-17.80,+0.00000,1,+0.62749,+0.00000,0.00651,-4.057,0,214.8,0.0
17.4720,3,0,0.2164,0.2750,-0.05857,1,1,+0.40218,+0.36608,0.11125,245.90,1,-10.000,-0.02561,-12.758,-0.00000,-17.80,+0.00000,1,+0.62749,+0.00000,0.00651,-4.045,0,214.8,0.0
17.4766,3,0,0.2164,0.2750,-0.05857,1,1,+0.40218,+0.36608,0.11125,245.90,1,-10.000,-0.02561,-12.758,-0.00000,-17.80,+0.00000,1,+0.62749,+0.00000,0.00651,-4.045,0,214.8,0.0
17.4823,3,0,0.2164,0.2750,-0.05857,1,1,+0.40218,+0.36608,0.11125,245.90,1,-10.000,-0.02557,-12.758,-0.00000,-17.80,+0.00000,1,+0.62749,+0.00000,0.00651,-4.054,0,214.8,0.0
17.4867,3,0,0.2164,0.2750,-0.05857,1,1,+0.40218,+0.36608,0.11125,245.90,1,-10.000,-0.02557,-12.758,-0.00000,-17.80,+0.00000,1,+0.62749,+0.00000,0.00651,-4.054,0,214.8,0.0
17.4910,3,0,0.2164,0.2750,-0.05857,1,1,+0.40218,+0.36608,0.11125,245.90,1,-10.000,-0.02555,-12.758,-0.00000,-17.80,+0.00000,1,+0.62749,+0.00000,0.00651,-4.059,0,214.8,0.0
17.4956,3,0,0.2164,0.2750,-0.05857,1,1,+0.40218,+0.36608,0.11125,245.90,1,-10.000,-0.02555,-12.758,-0.00000,-17.80,+0.00000,1,+0.62749,+0.00000,0.00651,-4.059,0,214.8,0.0
17.5003,3,0,0.2164,0.2750,-0.05857,1,1,+0.40218,+0.36608,0.11125,245.90,1,-10.000,-0.02560,-12.758,-0.00000,-17.80,+0.00000,1,+0.62749,+0.00000,0.00651,-4.048,0,214.8,0.0
17.5048,3,0,0.2164,0.2750,-0.05857,1,1,+0.40218,+0.36608,0.11125,245.90,1,-10.000,-0.02560,-12.758,-0.00000,-17.80,+0.00000,1,+0.62749,+0.00000,0.00651,-4.048,0,214.8,0.0
17.5098,3,0,0.2164,0.2750,-0.05857,1,1,+0.40218,+0.36608,0.11125,245.90,1,-10.000,-0.02562,-12.758,-0.00000,-17.80,+0.00000,1,+0.62749,+0.00000,0.00651,-4.044,0,214.8,0.0
17.5166,3,0,0.2164,0.2750,-0.05857,1,1,+0.40218,+0.36608,0.11125,245.90,1,-10.000,-0.02562,-12.758,-0.00000,-17.80,+0.00000,1,+0.62749,+0.00000,0.00651,-4.044,0,214.8,0.0
17.5209,3,0,0.2164,0.2750,-0.05857,1,1,+0.40218,+0.36608,0.11125,245.90,1,-10.000,-0.02552,-12.758,-0.00000,-17.80,+0.00000,1,+0.62749,+0.00000,0.00651,-4.067,0,214.8,0.0
17.5255,3,0,0.2164,0.2750,-0.05857,1,1,+0.40218,+0.36608,0.11125,245.90,1,-10.000,-0.02552,-12.758,-0.00000,-17.80,+0.00000,1,+0.62749,+0.00000,0.00651,-4.067,0,214.8,0.0
17.5300,3,0,0.2164,0.2750,-0.05857,1,1,+0.40218,+0.36608,0.11125,245.90,1,-10.000,-0.02554,-12.758,-0.00000,-17.80,+0.00000,1,+0.62749,+0.00000,0.00651,-4.063,0,214.8,0.0
17.5346,3,0,0.2164,0.2750,-0.05857,1,1,+0.40218,+0.36608,0.11125,245.90,1,-10.000,-0.02554,-12.758,-0.00000,-17.80,+0.00000,1,+0.62749,+0.00000,0.00651,-4.063,0,214.8,0.0
17.5389,3,0,0.2164,0.2750,-0.05857,1,1,+0.40218,+0.36608,0.11125,245.90,1,-10.000,-0.02553,-12.758,-0.00000,-17.80,+0.00000,1,+0.62749,+0.00000,0.00651,-4.064,0,214.8,0.0
17.5432,3,0,0.2164,0.2750,-0.05857,1,1,+0.40218,+0.36608,0.11125,245.90,1,-10.000,-0.02553,-12.758,-0.00000,-17.80,+0.00000,1,+0.62749,+0.00000,0.00651,-4.064,0,214.8,0.0
17.5478,3,0,0.2164,0.2750,-0.05857,1,1,+0.40218,+0.36608,0.11125,245.90,1,-10.000,-0.02556,-12.758,-0.00000,-17.80,+0.00000,1,+0.62749,+0.00000,0.00651,-4.058,0,214.8,0.0
17.5519,3,0,0.2164,0.2750,-0.05857,1,1,+0.40218,+0.36608,0.11125,245.90,1,-10.000,-0.02558,-12.758,-0.00000,-17.80,+0.00000,1,+0.62749,+0.00000,0.00651,-4.054,0,214.8,0.0
17.5562,3,0,0.2164,0.2750,-0.05857,1,1,+0.40218,+0.36608,0.11125,245.90,1,-10.000,-0.02558,-12.758,-0.00000,-17.80,+0.00000,1,+0.62749,+0.00000,0.00651,-4.054,0,214.8,0.0
17.5609,3,0,0.2164,0.2750,-0.05857,1,1,+0.40218,+0.36608,0.11125,245.90,1,-10.000,-0.02559,-12.758,-0.00000,-17.80,+0.00000,1,+0.62749,+0.00000,0.00651,-4.052,0,214.8,0.0
17.5655,3,0,0.2164,0.2750,-0.05857,1,1,+0.40218,+0.36608,0.11125,245.90,1,-10.000,-0.02559,-12.758,-0.00000,-17.80,+0.00000,1,+0.62749,+0.00000,0.00651,-4.052,0,214.8,0.0
17.5697,3,0,0.2164,0.2750,-0.05857,1,1,+0.40218,+0.36608,0.11125,245.90,1,-10.000,-0.02559,-12.758,-0.00000,-17.80,+0.00000,1,+0.62749,+0.00000,0.00651,-4.052,0,214.8,0.0
17.5740,3,0,0.2164,0.2750,-0.05857,1,1,+0.40218,+0.36608,0.11125,245.90,1,-10.000,-0.02556,-12.758,-0.00000,-17.80,+0.00000,1,+0.62749,+0.00000,0.00651,-4.059,0,214.8,0.0
17.5785,3,0,0.2164,0.2750,-0.05857,1,1,+0.40218,+0.36608,0.11125,245.90,1,-10.000,-0.02556,-12.758,-0.00000,-17.80,+0.00000,1,+0.62749,+0.00000,0.00651,-4.059,0,214.8,0.0
17.5831,3,0,0.2164,0.2750,-0.05857,1,1,+0.40218,+0.36608,0.11125,245.90,1,-10.000,-0.02557,-12.758,-0.00000,-17.80,+0.00000,1,+0.62749,+0.00000,0.00651,-4.056,0,214.8,0.0
17.5878,3,0,0.2164,0.2750,-0.05857,1,1,+0.40218,+0.36608,0.11125,245.90,1,-10.000,-0.02560,-12.758,-0.00000,-17.80,+0.00000,1,+0.62749,+0.00000,0.00651,-4.047,0,214.8,0.0
17.5923,3,0,0.2164,0.2750,-0.05857,1,1,+0.40218,+0.36608,0.11125,245.90,1,-10.000,-0.02560,-12.758,-0.00000,-17.80,+0.00000,1,+0.62749,+0.00000,0.00651,-4.047,0,214.8,0.0
17.5969,3,0,0.2164,0.2750,-0.05857,1,1,+0.40218,+0.36608,0.11125,245.90,1,-10.000,-0.02561,-12.758,-0.00000,-17.80,+0.00000,1,+0.62749,+0.00000,0.00651,-4.047,0,214.8,0.0
17.6015,3,0,0.2164,0.2750,-0.05857,1,1,+0.40218,+0.36608,0.11125,245.90,1,-10.000,-0.02561,-12.758,-0.00000,-17.80,+0.00000,1,+0.62749,+0.00000,0.00651,-4.047,0,214.8,0.0
17.6061,3,0,0.2164,0.2750,-0.05857,1,1,+0.40218,+0.36608,0.11125,245.90,1,-10.000,-0.02559,-12.758,-0.00000,-17.80,+0.00000,1,+0.62749,+0.00000,0.00651,-4.050,0,214.8,0.0
17.6108,3,0,0.2164,0.2750,-0.05857,1,1,+0.40218,+0.36608,0.11125,245.90,1,-10.000,-0.02559,-12.758,-0.00000,-17.80,+0.00000,1,+0.62749,+0.00000,0.00651,-4.050,0,214.8,0.0
17.6155,3,0,0.2164,0.2750,-0.05857,1,1,+0.40218,+0.36608,0.11125,245.90,1,-10.000,-0.02562,-12.758,-0.00000,-17.80,+0.00000,1,+0.62749,+0.00000,0.00651,-4.044,0,214.8,0.0
17.6201,3,0,0.2164,0.2750,-0.05857,1,1,+0.40218,+0.36608,0.11125,245.90,1,-10.000,-0.02564,-12.758,-0.00000,-17.80,+0.00000,1,+0.62749,+0.00000,0.00651,-4.039,0,214.8,0.0
17.6243,3,0,0.2164,0.2750,-0.05857,1,1,+0.40218,+0.36608,0.11125,245.90,1,-10.000,-0.02564,-12.758,-0.00000,-17.80,+0.00000,1,+0.62749,+0.00000,0.00651,-4.039,0,214.8,0.0
17.6286,3,0,0.2164,0.2750,-0.05857,1,1,+0.40218,+0.36608,0.11125,245.90,1,-10.000,-0.02566,-12.758,-0.00000,-17.80,+0.00000,1,+0.62749,+0.00000,0.00651,-4.035,0,214.8,0.0
17.6328,3,0,0.2164,0.2750,-0.05857,1,1,+0.40218,+0.36608,0.11125,245.90,1,-10.000,-0.02566,-12.758,-0.00000,-17.80,+0.00000,1,+0.62749,+0.00000,0.00651,-4.035,0,214.8,0.0
17.6373,3,0,0.2164,0.2750,-0.05857,1,1,+0.40218,+0.36608,0.11125,245.90,1,-10.000,-0.02565,-12.758,-0.00000,-17.80,+0.00000,1,+0.62749,+0.00000,0.00651,-4.037,0,214.8,0.0
17.6419,3,0,0.2164,0.2750,-0.05857,1,1,+0.40218,+0.36608,0.11125,245.90,1,-10.000,-0.02565,-12.758,-0.00000,-17.80,+0.00000,1,+0.62749,+0.00000,0.00651,-4.037,0,214.8,0.0
17.6465,3,0,0.2164,0.2750,-0.05857,1,1,+0.40218,+0.36608,0.11125,245.90,1,-10.000,-0.02564,-12.758,-0.00000,-17.80,+0.00000,1,+0.62749,+0.00000,0.00651,-4.039,0,214.8,0.0
17.6508,3,0,0.2164,0.2750,-0.05857,1,1,+0.40218,+0.36608,0.11125,245.90,1,-10.000,-0.02564,-12.758,-0.00000,-17.80,+0.00000,1,+0.62749,+0.00000,0.00651,-4.039,0,214.8,0.0
17.6554,3,0,0.2164,0.2750,-0.05857,1,1,+0.40218,+0.36608,0.11125,245.90,1,-10.000,-0.02564,-12.758,-0.00000,-17.80,+0.00000,1,+0.62749,+0.00000,0.00651,-4.039,0,214.8,0.0
17.6599,3,0,0.2164,0.2750,-0.05857,1,1,+0.40218,+0.36608,0.11125,245.90,1,-10.000,-0.02562,-12.758,-0.00000,-17.80,+0.00000,1,+0.62749,+0.00000,0.00651,-4.044,0,214.8,0.0
17.6644,3,0,0.2164,0.2750,-0.05857,1,1,+0.40218,+0.36608,0.11125,245.90,1,-10.000,-0.02565,-12.758,-0.00000,-17.80,+0.00000,1,+0.62749,+0.00000,0.00651,-4.037,0,214.8,0.0
17.6690,3,0,0.2164,0.2750,-0.05857,1,1,+0.40218,+0.36608,0.11125,245.90,1,-10.000,-0.02565,-12.758,-0.00000,-17.80,+0.00000,1,+0.62749,+0.00000,0.00651,-4.037,0,214.8,0.0
17.6735,3,0,0.2164,0.2750,-0.05857,1,1,+0.40218,+0.36608,0.11125,245.90,1,-10.000,-0.02563,-12.758,-0.00000,-17.80,+0.00000,1,+0.62749,+0.00000,0.00651,-4.041,0,214.8,0.0
17.6779,3,0,0.2164,0.2750,-0.05857,1,1,+0.40218,+0.36608,0.11125,245.90,1,-10.000,-0.02563,-12.758,-0.00000,-17.80,+0.00000,1,+0.62749,+0.00000,0.00651,-4.041,0,214.8,0.0
17.6821,3,0,0.2164,0.2750,-0.05857,1,1,+0.40218,+0.36608,0.11125,245.90,1,-10.000,-0.02564,-12.758,-0.00000,-17.80,+0.00000,1,+0.62749,+0.00000,0.00651,-4.039,0,214.8,0.0
17.6867,3,0,0.2164,0.2750,-0.05857,1,1,+0.40218,+0.36608,0.11125,245.90,1,-10.000,-0.02564,-12.758,-0.00000,-17.80,+0.00000,1,+0.62749,+0.00000,0.00651,-4.039,0,214.8,0.0
17.6912,3,0,0.2164,0.2750,-0.05857,1,1,+0.40218,+0.36608,0.11125,245.90,1,-10.000,-0.02563,-12.758,-0.00000,-17.80,+0.00000,1,+0.62749,+0.00000,0.00651,-4.041,0,214.8,0.0
17.6960,3,0,0.2164,0.2750,-0.05857,1,1,+0.40218,+0.36608,0.11125,245.90,1,-10.000,-0.02563,-12.758,-0.00000,-17.80,+0.00000,1,+0.62749,+0.00000,0.00651,-4.041,0,214.8,0.0
17.7008,3,0,0.2164,0.2750,-0.05857,1,1,+0.40218,+0.36608,0.11125,245.90,1,-10.000,-0.02563,-12.758,-0.00000,-17.80,+0.00000,1,+0.62749,+0.00000,0.00651,-4.042,0,214.8,0.0
17.7054,3,0,0.2164,0.2750,-0.05857,1,1,+0.40218,+0.36608,0.11125,245.90,1,-10.000,-0.02563,-12.758,-0.00000,-17.80,+0.00000,1,+0.62749,+0.00000,0.00651,-4.042,0,214.8,0.0
17.7099,3,0,0.2164,0.2750,-0.05857,1,1,+0.40218,+0.36608,0.11125,245.90,1,-10.000,-0.02562,-12.758,-0.00000,-17.80,+0.00000,1,+0.62749,+0.00000,0.00651,-4.043,0,214.8,0.0
17.7186,3,0,0.2164,0.2750,-0.05857,1,1,+0.40218,+0.36608,0.11125,245.90,1,-10.000,-0.02562,-12.758,-0.00000,-17.80,+0.00000,1,+0.62749,+0.00000,0.00651,-4.043,0,214.8,0.0
17.7268,3,0,0.2164,0.2750,-0.05857,1,1,+0.40218,+0.36608,0.11125,245.90,1,-10.000,-0.02551,-12.758,-0.00000,-17.80,+0.00000,1,+0.62749,+0.00000,0.00651,-4.069,0,214.8,0.0
17.7316,3,0,0.2164,0.2750,-0.05857,1,1,+0.40218,+0.36608,0.11125,245.90,1,-10.000,-0.02551,-12.758,-0.00000,-17.80,+0.00000,1,+0.62749,+0.00000,0.00651,-4.069,0,214.8,0.0
17.7362,3,0,0.2164,0.2750,-0.05857,1,1,+0.40218,+0.36608,0.11125,245.90,1,-10.000,-0.02551,-12.758,-0.00000,-17.80,+0.00000,1,+0.62749,+0.00000,0.00651,-4.070,0,214.8,0.0
17.7405,3,0,0.2164,0.2750,-0.05857,1,1,+0.40218,+0.36608,0.11125,245.90,1,-10.000,-0.02551,-12.758,-0.00000,-17.80,+0.00000,1,+0.62749,+0.00000,0.00651,-4.070,0,214.8,0.0
17.7454,3,0,0.2164,0.2750,-0.05857,1,1,+0.40218,+0.36608,0.11125,245.90,1,-10.000,-0.02551,-12.758,-0.00000,-17.80,+0.00000,1,+0.62749,+0.00000,0.00651,-4.068,0,214.8,0.0
17.7499,3,0,0.2164,0.2750,-0.05857,1,1,+0.40218,+0.36608,0.11125,245.90,1,-10.000,-0.02555,-12.758,-0.00000,-17.80,+0.00000,1,+0.62749,+0.00000,0.00651,-4.059,0,214.8,0.0
17.7544,3,0,0.2164,0.2750,-0.05857,1,1,+0.40218,+0.36608,0.11125,245.90,1,-10.000,-0.02555,-12.758,-0.00000,-17.80,+0.00000,1,+0.62749,+0.00000,0.00651,-4.059,0,214.8,0.0
17.7587,3,0,0.2164,0.2750,-0.05857,1,1,+0.40218,+0.36608,0.11125,245.90,1,-10.000,-0.02557,-12.758,-0.00000,-17.80,+0.00000,1,+0.62749,+0.00000,0.00651,-4.054,0,214.8,0.0
17.7631,3,0,0.2164,0.2750,-0.05857,1,1,+0.40218,+0.36608,0.11125,245.90,1,-10.000,-0.02557,-12.758,-0.00000,-17.80,+0.00000,1,+0.62749,+0.00000,0.00651,-4.054,0,214.8,0.0
17.7679,3,0,0.2164,0.2750,-0.05857,1,1,+0.40218,+0.36608,0.11125,245.90,1,-10.000,-0.02555,-12.758,-0.00000,-17.80,+0.00000,1,+0.62749,+0.00000,0.00651,-4.060,0,214.8,0.0
17.7726,3,0,0.2164,0.2750,-0.05857,1,1,+0.40218,+0.36608,0.11125,245.90,1,-10.000,-0.02555,-12.758,-0.00000,-17.80,+0.00000,1,+0.62749,+0.00000,0.00651,-4.060,0,214.8,0.0
17.7771,3,0,0.2164,0.2750,-0.05857,1,1,+0.40218,+0.36608,0.11125,245.90,1,-10.000,-0.02556,-12.758,-0.00000,-17.80,+0.00000,1,+0.62749,+0.00000,0.00651,-4.057,0,214.8,0.0
17.7831,3,0,0.2164,0.2750,-0.05857,1,1,+0.40218,+0.36608,0.11125,245.90,1,-10.000,-0.02556,-12.758,-0.00000,-17.80,+0.00000,1,+0.62749,+0.00000,0.00651,-4.057,0,214.8,0.0
17.7874,3,0,0.2164,0.2750,-0.05857,1,1,+0.40218,+0.36608,0.11125,245.90,1,-10.000,-0.02556,-12.758,-0.00000,-17.80,+0.00000,1,+0.62749,+0.00000,0.00651,-4.057,0,214.8,0.0
17.7921,3,0,0.2164,0.2750,-0.05857,1,1,+0.40218,+0.36608,0.11125,245.90,1,-10.000,-0.02556,-12.758,-0.00000,-17.80,+0.00000,1,+0.62749,+0.00000,0.00651,-4.057,0,214.8,0.0
17.7964,3,0,0.2164,0.2750,-0.05857,1,1,+0.40218,+0.36608,0.11125,245.90,1,-10.000,-0.02555,-12.758,-0.00000,-17.80,+0.00000,1,+0.62749,+0.00000,0.00651,-4.060,0,214.8,0.0
17.8006,3,0,0.2164,0.2750,-0.05857,1,1,+0.40218,+0.36608,0.11125,245.90,1,-10.000,-0.02555,-12.758,-0.00000,-17.80,+0.00000,1,+0.62749,+0.00000,0.00651,-4.060,0,214.8,0.0
17.8051,3,0,0.2164,0.2750,-0.05857,1,1,+0.40218,+0.36608,0.11125,245.90,1,-10.000,-0.02557,-12.758,-0.00000,-17.80,+0.00000,1,+0.62749,+0.00000,0.00651,-4.056,0,214.8,0.0
17.8109,3,0,0.2164,0.2750,-0.05857,1,1,+0.40218,+0.36608,0.11125,245.90,1,-10.000,-0.02557,-12.758,-0.00000,-17.80,+0.00000,1,+0.62749,+0.00000,0.00651,-4.056,0,214.8,0.0
17.8152,3,0,0.2164,0.2750,-0.05857,1,1,+0.40218,+0.36608,0.11125,245.90,1,-10.000,-0.02549,-12.758,-0.00000,-17.80,+0.00000,1,+0.62749,+0.00000,0.00651,-4.074,0,214.8,0.0
17.8193,3,0,0.2164,0.2750,-0.05857,1,1,+0.40218,+0.36608,0.11125,245.90,1,-10.000,-0.02549,-12.758,-0.00000,-17.80,+0.00000,1,+0.62749,+0.00000,0.00651,-4.074,0,214.8,0.0
17.8239,3,0,0.2164,0.2750,-0.05857,1,1,+0.40218,+0.36608,0.11125,245.90,1,-10.000,-0.02553,-12.758,-0.00000,-17.80,+0.00000,1,+0.62749,+0.00000,0.00651,-4.064,0,214.8,0.0
17.8285,3,0,0.2164,0.2750,-0.05857,1,1,+0.40218,+0.36608,0.11125,245.90,1,-10.000,-0.02553,-12.758,-0.00000,-17.80,+0.00000,1,+0.62749,+0.00000,0.00651,-4.064,0,214.8,0.0
17.8331,3,0,0.2164,0.2750,-0.05857,1,1,+0.40218,+0.36608,0.11125,245.90,1,-10.000,-0.02552,-12.758,-0.00000,-17.80,+0.00000,1,+0.62749,+0.00000,0.00651,-4.066,0,214.8,0.0
17.8384,3,0,0.2164,0.2750,-0.05857,1,1,+0.40218,+0.36608,0.11125,245.90,1,-10.000,-0.02555,-12.758,-0.00000,-17.80,+0.00000,1,+0.62749,+0.00000,0.00651,-4.061,0,214.8,0.0
17.8453,3,0,0.2164,0.2750,-0.05857,1,1,+0.40218,+0.36608,0.11125,245.90,1,-10.000,-0.02555,-12.758,-0.00000,-17.80,+0.00000,1,+0.62749,+0.00000,0.00651,-4.061,0,214.8,0.0
17.8499,3,0,0.2164,0.2750,-0.05857,1,1,+0.40218,+0.36608,0.11125,245.90,1,-10.000,-0.02555,-12.758,-0.00000,-17.80,+0.00000,1,+0.62749,+0.00000,0.00651,-4.060,0,214.8,0.0
17.8543,3,0,0.2164,0.2750,-0.05857,1,1,+0.40218,+0.36608,0.11125,245.90,1,-10.000,-0.02559,-12.758,-0.00000,-17.80,+0.00000,1,+0.62749,+0.00000,0.00651,-4.051,0,214.8,0.0
17.8589,3,0,0.2164,0.2750,-0.05857,1,1,+0.40218,+0.36608,0.11125,245.90,1,-10.000,-0.02559,-12.758,-0.00000,-17.80,+0.00000,1,+0.62749,+0.00000,0.00651,-4.051,0,214.8,0.0
17.8635,3,0,0.2164,0.2750,-0.05857,1,1,+0.40218,+0.36608,0.11125,245.90,1,-10.000,-0.02559,-12.758,-0.00000,-17.80,+0.00000,1,+0.62749,+0.00000,0.00651,-4.052,0,214.8,0.0
17.8675,3,0,0.2164,0.2750,-0.05857,1,1,+0.40218,+0.36608,0.11125,245.90,1,-10.000,-0.02559,-12.758,-0.00000,-17.80,+0.00000,1,+0.62749,+0.00000,0.00651,-4.052,0,214.8,0.0
17.8718,3,0,0.2164,0.2750,-0.05857,1,1,+0.40218,+0.36608,0.11125,245.90,1,-10.000,-0.02562,-12.758,-0.00000,-17.80,+0.00000,1,+0.62749,+0.00000,0.00651,-4.044,0,214.8,0.0
17.8763,3,0,0.2164,0.2750,-0.05857,1,1,+0.40218,+0.36608,0.11125,245.90,1,-10.000,-0.02562,-12.758,-0.00000,-17.80,+0.00000,1,+0.62749,+0.00000,0.00651,-4.044,0,214.8,0.0
17.8810,3,0,0.2164,0.2750,-0.05857,1,1,+0.40218,+0.36608,0.11125,245.90,1,-10.000,-0.02563,-12.758,-0.00000,-17.80,+0.00000,1,+0.62749,+0.00000,0.00651,-4.041,0,214.8,0.0
17.8855,3,0,0.2164,0.2750,-0.05857,1,1,+0.40218,+0.36608,0.11125,245.90,1,-10.000,-0.02563,-12.758,-0.00000,-17.80,+0.00000,1,+0.62749,+0.00000,0.00651,-4.041,0,214.8,0.0
17.8900,3,0,0.2164,0.2750,-0.05857,1,1,+0.40218,+0.36608,0.11125,245.90,1,-10.000,-0.02560,-12.758,-0.00000,-17.80,+0.00000,1,+0.62749,+0.00000,0.00651,-4.049,0,214.8,0.0
17.8947,3,0,0.2164,0.2750,-0.05857,1,1,+0.40218,+0.36608,0.11125,245.90,1,-10.000,-0.02560,-12.758,-0.00000,-17.80,+0.00000,1,+0.62749,+0.00000,0.00651,-4.049,0,214.8,0.0
17.8991,3,0,0.2164,0.2750,-0.05857,1,1,+0.40218,+0.36608,0.11125,245.90,1,-10.000,-0.02562,-12.758,-0.00000,-17.80,+0.00000,1,+0.62749,+0.00000,0.00651,-4.044,0,214.8,0.0
17.9035,3,0,0.2164,0.2750,-0.05857,1,1,+0.40218,+0.36608,0.11125,245.90,1,-10.000,-0.02562,-12.758,-0.00000,-17.80,+0.00000,1,+0.62749,+0.00000,0.00651,-4.044,0,214.8,0.0
17.9080,3,0,0.2164,0.2750,-0.05857,1,1,+0.40218,+0.36608,0.11125,245.90,1,-10.000,-0.02562,-12.758,-0.00000,-17.80,+0.00000,1,+0.62749,+0.00000,0.00651,-4.043,0,214.8,0.0
17.9123,3,0,0.2164,0.2750,-0.05857,1,1,+0.40218,+0.36608,0.11125,245.90,1,-10.000,-0.02562,-12.758,-0.00000,-17.80,+0.00000,1,+0.62749,+0.00000,0.00651,-4.043,0,214.8,0.0
17.9232,3,0,0.2164,0.2750,-0.05857,1,1,+0.40218,+0.36608,0.11125,245.90,1,-10.000,-0.02559,-12.758,-0.00000,-17.80,+0.00000,1,+0.62749,+0.00000,0.00651,-4.051,0,214.8,0.0
17.9276,3,0,0.2164,0.2750,-0.05857,1,1,+0.40218,+0.36608,0.11125,245.90,1,-10.000,-0.02561,-12.758,-0.00000,-17.80,+0.00000,1,+0.62749,+0.00000,0.00651,-4.047,0,214.8,0.0
17.9325,3,0,0.2164,0.2750,-0.05857,1,1,+0.40218,+0.36608,0.11125,245.90,1,-10.000,-0.02563,-12.758,-0.00000,-17.80,+0.00000,1,+0.62749,+0.00000,0.00651,-4.040,0,214.8,0.0
17.9368,3,0,0.2164,0.2750,-0.05857,1,1,+0.40218,+0.36608,0.11125,245.90,1,-10.000,-0.02563,-12.758,-0.00000,-17.80,+0.00000,1,+0.62749,+0.00000,0.00651,-4.040,0,214.8,0.0
17.9413,3,0,0.2164,0.2750,-0.05857,1,1,+0.40218,+0.36608,0.11125,245.90,1,-10.000,-0.02565,-12.758,-0.00000,-17.80,+0.00000,1,+0.62749,+0.00000,0.00651,-4.038,0,214.8,0.0
17.9530,3,0,0.2164,0.2750,-0.05857,1,1,+0.40218,+0.36608,0.11125,245.90,1,-10.000,-0.02565,-12.758,-0.00000,-17.80,+0.00000,1,+0.62749,+0.00000,0.00651,-4.038,0,214.8,0.0
17.9589,3,0,0.2164,0.2750,-0.05857,1,1,+0.40218,+0.36608,0.11125,245.90,1,-10.000,-0.02549,-12.758,-0.00000,-17.80,+0.00000,1,+0.62749,+0.00000,0.00651,-4.075,0,214.8,0.0
17.9635,3,0,0.2164,0.2750,-0.05857,1,1,+0.40218,+0.36608,0.11125,245.90,1,-10.000,-0.02549,-12.758,-0.00000,-17.80,+0.00000,1,+0.62749,+0.00000,0.00651,-4.075,0,214.8,0.0
17.9680,3,0,0.2164,0.2750,-0.05857,1,1,+0.40218,+0.36608,0.11125,245.90,1,-10.000,-0.02550,-12.758,-0.00000,-17.80,+0.00000,1,+0.62749,+0.00000,0.00651,-4.071,0,214.8,0.0
17.9726,3,0,0.2164,0.2750,-0.05857,1,1,+0.40218,+0.36608,0.11125,245.90,1,-10.000,-0.02550,-12.758,-0.00000,-17.80,+0.00000,1,+0.62749,+0.00000,0.00651,-4.071,0,214.8,0.0
17.9775,3,0,0.2164,0.2750,-0.05857,1,1,+0.40218,+0.36608,0.11125,245.90,1,-10.000,-0.02550,-12.758,-0.00000,-17.80,+0.00000,1,+0.62749,+0.00000,0.00651,-4.072,0,214.8,0.0
17.9822,3,0,0.2164,0.2750,-0.05857,1,1,+0.40218,+0.36608,0.11125,245.90,1,-10.000,-0.02550,-12.758,-0.00000,-17.80,+0.00000,1,+0.62749,+0.00000,0.00651,-4.071,0,214.8,0.0
17.9870,3,0,0.2164,0.2750,-0.05857,1,1,+0.40218,+0.36608,0.11125,245.90,1,-10.000,-0.02550,-12.758,-0.00000,-17.80,+0.00000,1,+0.62749,+0.00000,0.00651,-4.071,0,214.8,0.0
17.9916,3,0,0.2164,0.2750,-0.05857,1,1,+0.40218,+0.36608,0.11125,245.90,1,-10.000,-0.02555,-12.758,-0.00000,-17.80,+0.00000,1,+0.62749,+0.00000,0.00651,-4.061,0,214.8,0.0
17.9963,3,0,0.2164,0.2750,-0.05857,1,1,+0.40218,+0.36608,0.11125,245.90,1,-10.000,-0.02555,-12.758,-0.00000,-17.80,+0.00000,1,+0.62749,+0.00000,0.00651,-4.061,0,214.8,0.0
18.0006,3,0,0.2164,0.2750,-0.05857,1,1,+0.40218,+0.36608,0.11125,245.90,1,-10.000,-0.02553,-12.758,-0.00000,-17.80,+0.00000,1,+0.62749,+0.00000,0.00651,-4.064,0,214.8,0.0
18.0052,3,0,0.2164,0.2750,-0.05857,1,1,+0.40218,+0.36608,0.11125,245.90,1,-10.000,-0.02553,-12.758,-0.00000,-17.80,+0.00000,1,+0.62749,+0.00000,0.00651,-4.064,0,214.8,0.0
18.0099,3,0,0.2164,0.2750,-0.05857,1,1,+0.40218,+0.36608,0.11125,245.90,1,-10.000,-0.02557,-12.758,-0.00000,-17.80,+0.00000,1,+0.62749,+0.00000,0.00651,-4.056,0,214.8,0.0
18.0145,3,0,0.2164,0.2750,-0.05857,1,1,+0.40218,+0.36608,0.11125,245.90,1,-10.000,-0.02557,-12.758,-0.00000,-17.80,+0.00000,1,+0.62749,+0.00000,0.00651,-4.056,0,214.8,0.0
18.0192,3,0,0.2164,0.2750,-0.05857,1,1,+0.40218,+0.36608,0.11125,245.90,1,-10.000,-0.02556,-12.758,-0.00000,-17.80,+0.00000,1,+0.62749,+0.00000,0.00651,-4.057,0,214.8,0.0
18.0236,3,0,0.2164,0.2750,-0.05857,1,1,+0.40218,+0.36608,0.11125,245.90,1,-10.000,-0.02560,-12.758,-0.00000,-17.80,+0.00000,1,+0.62749,+0.00000,0.00651,-4.050,0,214.8,0.0
18.0282,3,0,0.2164,0.2750,-0.05857,1,1,+0.40218,+0.36608,0.11125,245.90,1,-10.000,-0.02560,-12.758,-0.00000,-17.80,+0.00000,1,+0.62749,+0.00000,0.00651,-4.050,0,214.8,0.0
18.0327,3,0,0.2164,0.2750,-0.05857,1,1,+0.40218,+0.36608,0.11125,245.90,1,-10.000,-0.02558,-12.758,-0.00000,-17.80,+0.00000,1,+0.62749,+0.00000,0.00651,-4.053,0,214.8,0.0
18.0372,3,0,0.2164,0.2750,-0.05857,1,1,+0.40218,+0.36608,0.11125,245.90,1,-10.000,-0.02558,-12.758,-0.00000,-17.80,+0.00000,1,+0.62749,+0.00000,0.00651,-4.053,0,214.8,0.0
18.0416,3,0,0.2164,0.2750,-0.05857,1,1,+0.40218,+0.36608,0.11125,245.90,1,-10.000,-0.02562,-12.758,-0.00000,-17.80,+0.00000,1,+0.62749,+0.00000,0.00651,-4.043,0,214.8,0.0
18.0540,3,0,0.2164,0.2750,-0.05857,1,1,+0.40218,+0.36608,0.11125,245.90,1,-10.000,-0.02562,-12.758,-0.00000,-17.80,+0.00000,1,+0.62749,+0.00000,0.00651,-4.043,0,214.8,0.0
18.0585,3,0,0.2164,0.2750,-0.05857,1,1,+0.40218,+0.36608,0.11125,245.90,1,-10.000,-0.02546,-12.759,-0.00000,-17.80,+0.00000,1,+0.62749,+0.00000,0.00651,-4.079,0,214.8,0.0
18.0631,3,0,0.2164,0.2750,-0.05857,1,1,+0.40218,+0.36608,0.11125,245.90,1,-10.000,-0.02546,-12.759,-0.00000,-17.80,+0.00000,1,+0.62749,+0.00000,0.00651,-4.079,0,214.8,0.0
18.0682,3,0,0.2164,0.2750,-0.05857,1,1,+0.40218,+0.36608,0.11125,245.90,1,-10.000,-0.02548,-12.758,-0.00000,-17.80,+0.00000,1,+0.62749,+0.00000,0.00651,-4.077,0,214.8,0.0
18.0728,3,0,0.2164,0.2750,-0.05857,1,1,+0.40218,+0.36608,0.11125,245.90,1,-10.000,-0.02550,-12.758,-0.00000,-17.80,+0.00000,1,+0.62749,+0.00000,0.00651,-4.072,0,214.8,0.0
18.0775,3,0,0.2164,0.2750,-0.05857,1,1,+0.40218,+0.36608,0.11125,245.90,1,-10.000,-0.02550,-12.758,-0.00000,-17.80,+0.00000,1,+0.62749,+0.00000,0.00651,-4.072,0,214.8,0.0
18.0822,3,0,0.2164,0.2750,-0.05857,1,1,+0.40218,+0.36608,0.11125,245.90,1,-10.000,-0.02549,-12.758,-0.00000,-17.80,+0.00000,1,+0.62749,+0.00000,0.00651,-4.074,0,214.8,0.0
18.0864,3,0,0.2164,0.2750,-0.05857,1,1,+0.40218,+0.36608,0.11125,245.90,1,-10.000,-0.02549,-12.758,-0.00000,-17.80,+0.00000,1,+0.62749,+0.00000,0.00651,-4.074,0,214.8,0.0
18.0907,3,0,0.2164,0.2750,-0.05857,1,1,+0.40218,+0.36608,0.11125,245.90,1,-10.000,-0.02549,-12.758,-0.00000,-17.80,+0.00000,1,+0.62749,+0.00000,0.00651,-4.074,0,214.8,0.0
18.0952,3,0,0.2164,0.2750,-0.05857,1,1,+0.40218,+0.36608,0.11125,245.90,1,-10.000,-0.02549,-12.758,-0.00000,-17.80,+0.00000,1,+0.62749,+0.00000,0.00651,-4.074,0,214.8,0.0
18.0997,3,0,0.2164,0.2750,-0.05857,1,1,+0.40218,+0.36608,0.11125,245.90,1,-10.000,-0.02549,-12.758,-0.00000,-17.80,+0.00000,1,+0.62749,+0.00000,0.00651,-4.074,0,214.8,0.0
18.1043,3,0,0.2164,0.2750,-0.05857,1,1,+0.40218,+0.36608,0.11125,245.90,1,-10.000,-0.02549,-12.758,-0.00000,-17.80,+0.00000,1,+0.62749,+0.00000,0.00651,-4.074,0,214.8,0.0
18.1204,3,0,0.2164,0.2750,-0.05857,1,1,+0.40218,+0.36608,0.11125,245.90,1,-10.000,-0.02551,-12.758,-0.00000,-17.80,+0.00000,1,+0.62749,+0.00000,0.00651,-4.069,0,214.8,0.0
18.1247,3,0,0.2164,0.2750,-0.05857,1,1,+0.40218,+0.36608,0.11125,245.90,1,-10.000,-0.02539,-12.759,-0.00000,-17.80,+0.00000,1,+0.62749,+0.00000,0.00651,-4.096,0,214.8,0.0
18.1295,3,0,0.2164,0.2750,-0.05857,1,1,+0.40218,+0.36608,0.11125,245.90,1,-10.000,-0.02542,-12.759,-0.00000,-17.80,+0.00000,1,+0.62749,+0.00000,0.00651,-4.091,0,214.8,0.0
18.1337,3,0,0.2164,0.2750,-0.05857,1,1,+0.40218,+0.36608,0.11125,245.90,1,-10.000,-0.02542,-12.759,-0.00000,-17.80,+0.00000,1,+0.62749,+0.00000,0.00651,-4.091,0,214.8,0.0
18.1382,3,0,0.2164,0.2750,-0.05857,1,1,+0.40218,+0.36608,0.11125,245.90,1,-10.000,-0.02542,-12.759,-0.00000,-17.80,+0.00000,1,+0.62749,+0.00000,0.00651,-4.091,0,214.8,0.0
18.1426,3,0,0.2164,0.2750,-0.05857,1,1,+0.40218,+0.36608,0.11125,245.90,1,-10.000,-0.02540,-12.759,-0.00000,-17.80,+0.00000,1,+0.62749,+0.00000,0.00651,-4.094,0,214.8,0.0
18.1469,3,0,0.2164,0.2750,-0.05857,1,1,+0.40218,+0.36608,0.11125,245.90,1,-10.000,-0.02545,-12.759,-0.00000,-17.80,+0.00000,1,+0.62749,+0.00000,0.00651,-4.083,0,214.8,0.0
18.1512,3,0,0.2164,0.2750,-0.05857,1,1,+0.40218,+0.36608,0.11125,245.90,1,-10.000,-0.02545,-12.759,-0.00000,-17.80,+0.00000,1,+0.62749,+0.00000,0.00651,-4.083,0,214.8,0.0
18.1555,3,0,0.2164,0.2750,-0.05857,1,1,+0.40218,+0.36608,0.11125,245.90,1,-10.000,-0.02545,-12.759,-0.00000,-17.80,+0.00000,1,+0.62749,+0.00000,0.00651,-4.082,0,214.8,0.0
18.1598,3,0,0.2164,0.2750,-0.05857,1,1,+0.40218,+0.36608,0.11125,245.90,1,-10.000,-0.02545,-12.759,-0.00000,-17.80,+0.00000,1,+0.62749,+0.00000,0.00651,-4.082,0,214.8,0.0
18.1644,3,0,0.2164,0.2750,-0.05857,1,1,+0.40218,+0.36608,0.11125,245.90,1,-10.000,-0.02546,-12.759,-0.00000,-17.80,+0.00000,1,+0.62749,+0.00000,0.00651,-4.081,0,206.7,0.0
18.1687,3,0,0.2164,0.2750,-0.05857,1,1,+0.40218,+0.36608,0.11125,245.90,1,-10.000,-0.02546,-12.759,-0.00000,-17.80,+0.00000,1,+0.62749,+0.00000,0.00651,-4.081,0,206.7,0.0
18.1734,3,0,0.2164,0.2750,-0.05857,1,1,+0.40218,+0.36608,0.11125,245.90,1,-10.000,-0.02546,-12.759,-0.00000,-17.80,+0.00000,1,+0.62749,+0.00000,0.00651,-4.081,0,206.7,0.0
18.1780,3,0,0.2164,0.2750,-0.05857,1,1,+0.40218,+0.36608,0.11125,245.90,1,-10.000,-0.02542,-12.759,-0.00000,-17.80,+0.00000,1,+0.62749,+0.00000,0.00651,-4.089,0,206.7,0.0
18.1830,3,0,0.2164,0.2750,-0.05857,1,1,+0.40218,+0.36608,0.11125,245.90,1,-10.000,-0.02542,-12.759,-0.00000,-17.80,+0.00000,1,+0.62749,+0.00000,0.00651,-4.089,0,206.7,0.0
18.1874,3,0,0.2164,0.2750,-0.05857,1,1,+0.40218,+0.36608,0.11125,245.90,1,-10.000,-0.02541,-12.759,-0.00000,-17.80,+0.00000,1,+0.62749,+0.00000,0.00651,-4.091,0,206.7,0.0
18.1920,3,0,0.2164,0.2750,-0.05857,1,1,+0.40218,+0.36608,0.11125,245.90,1,-10.000,-0.02541,-12.759,-0.00000,-17.80,+0.00000,1,+0.62749,+0.00000,0.00651,-4.091,0,206.7,0.0
18.1965,3,0,0.2164,0.2750,-0.05857,1,1,+0.40218,+0.36608,0.11125,245.90,1,-10.000,-0.02541,-12.759,-0.00000,-17.80,+0.00000,1,+0.62749,+0.00000,0.00651,-4.092,0,206.7,0.0
18.2011,3,0,0.2164,0.2750,-0.05857,1,1,+0.40218,+0.36608,0.11125,245.90,1,-10.000,-0.02543,-12.759,-0.00000,-17.80,+0.00000,1,+0.62749,+0.00000,0.00651,-4.088,0,206.7,0.0
18.2056,3,0,0.2164,0.2750,-0.05857,1,1,+0.40218,+0.36608,0.11125,245.90,1,-10.000,-0.02543,-12.759,-0.00000,-17.80,+0.00000,1,+0.62749,+0.00000,0.00651,-4.088,0,206.7,0.0
18.2100,3,0,0.2164,0.2750,-0.05857,1,1,+0.40218,+0.36608,0.11125,245.90,1,-10.000,-0.02543,-12.759,-0.00000,-17.80,+0.00000,1,+0.62749,+0.00000,0.00651,-4.088,0,206.7,0.0
18.2145,3,0,0.2164,0.2750,-0.05857,1,1,+0.40218,+0.36608,0.11125,245.90,1,-10.000,-0.02542,-12.759,-0.00000,-17.80,+0.00000,1,+0.62749,+0.00000,0.00651,-4.090,0,206.7,0.0
18.2191,3,0,0.2164,0.2750,-0.05857,1,1,+0.40218,+0.36608,0.11125,245.90,1,-10.000,-0.02543,-12.759,-0.00000,-17.80,+0.00000,1,+0.62749,+0.00000,0.00651,-4.087,0,206.7,0.0
18.2237,3,0,0.2164,0.2750,-0.05857,1,1,+0.40218,+0.36608,0.11125,245.90,1,-10.000,-0.02543,-12.759,-0.00000,-17.80,+0.00000,1,+0.62749,+0.00000,0.00651,-4.087,0,206.7,0.0
18.2282,3,0,0.2164,0.2750,-0.05857,1,1,+0.40218,+0.36608,0.11125,245.90,1,-10.000,-0.02543,-12.759,-0.00000,-17.80,+0.00000,1,+0.62749,+0.00000,0.00651,-4.088,0,206.7,0.0
18.2329,3,0,0.2164,0.2750,-0.05857,1,1,+0.40218,+0.36608,0.11125,245.90,1,-10.000,-0.02543,-12.759,-0.00000,-17.80,+0.00000,1,+0.62749,+0.00000,0.00651,-4.088,0,206.7,0.0
18.2376,3,0,0.2164,0.2750,-0.05857,1,1,+0.40218,+0.36608,0.11125,245.90,1,-10.000,-0.02546,-12.759,-0.00000,-17.80,+0.00000,1,+0.62749,+0.00000,0.00651,-4.080,0,206.7,0.0
18.2421,3,0,0.2164,0.2750,-0.05857,1,1,+0.40218,+0.36608,0.11125,245.90,1,-10.000,-0.02546,-12.759,-0.00000,-17.80,+0.00000,1,+0.62749,+0.00000,0.00651,-4.080,0,206.7,0.0
18.2472,3,0,0.2164,0.2750,-0.05857,1,1,+0.40218,+0.36608,0.11125,245.90,1,-10.000,-0.02548,-12.759,-0.00000,-17.80,+0.00000,1,+0.62749,+0.00000,0.00651,-4.076,0,206.7,0.0
18.2515,3,0,0.2164,0.2750,-0.05857,1,1,+0.40218,+0.36608,0.11125,245.90,1,-10.000,-0.02548,-12.759,-0.00000,-17.80,+0.00000,1,+0.62749,+0.00000,0.00651,-4.076,0,206.7,0.0
18.2556,3,0,0.2164,0.2750,-0.05857,1,1,+0.40218,+0.36608,0.11125,245.90,1,-10.000,-0.02546,-12.759,-0.00000,-17.80,+0.00000,1,+0.62749,+0.00000,0.00651,-4.080,0,206.7,0.0
18.2602,3,0,0.2164,0.2750,-0.05857,1,1,+0.40218,+0.36608,0.11125,245.90,1,-10.000,-0.02546,-12.759,-0.00000,-17.80,+0.00000,1,+0.62749,+0.00000,0.00651,-4.080,0,206.7,0.0
18.2647,3,0,0.2164,0.2750,-0.05857,1,1,+0.40218,+0.36608,0.11125,245.90,1,-10.000,-0.02546,-12.759,-0.00000,-17.80,+0.00000,1,+0.62749,+0.00000,0.00651,-4.080,0,206.7,0.0
18.2688,3,0,0.2164,0.2750,-0.05857,1,1,+0.40218,+0.36608,0.11125,245.90,1,-10.000,-0.02546,-12.759,-0.00000,-17.80,+0.00000,1,+0.62749,+0.00000,0.00651,-4.080,0,206.7,0.0
18.2733,3,0,0.2164,0.2750,-0.05857,1,1,+0.40218,+0.36608,0.11125,245.90,1,-10.000,-0.02550,-12.758,-0.00000,-17.80,+0.00000,1,+0.62749,+0.00000,0.00651,-4.071,0,206.7,0.0
18.2779,3,0,0.2164,0.2750,-0.05857,1,1,+0.40218,+0.36608,0.11125,245.90,1,-10.000,-0.02550,-12.758,-0.00000,-17.80,+0.00000,1,+0.62749,+0.00000,0.00651,-4.071,0,206.7,0.0
18.2851,3,0,0.2164,0.2750,-0.05857,1,1,+0.40218,+0.36608,0.11125,245.90,1,-10.000,-0.02549,-12.759,-0.00000,-17.80,+0.00000,1,+0.62749,+0.00000,0.00651,-4.073,0,206.7,0.0
18.2897,3,0,0.2164,0.2750,-0.05857,1,1,+0.40218,+0.36608,0.11125,245.90,1,-10.000,-0.02551,-12.758,-0.00000,-17.80,+0.00000,1,+0.62749,+0.00000,0.00651,-4.068,0,206.7,0.0
18.2940,3,0,0.2164,0.2750,-0.05857,1,1,+0.40218,+0.36608,0.11125,245.90,1,-10.000,-0.02551,-12.758,-0.00000,-17.80,+0.00000,1,+0.62749,+0.00000,0.00651,-4.068,0,206.7,0.0
18.2985,3,0,0.2164,0.2750,-0.05857,1,1,+0.40218,+0.36608,0.11125,245.90,1,-10.000,-0.02551,-12.758,-0.00000,-17.80,+0.00000,1,+0.62749,+0.00000,0.00651,-4.070,0,206.7,0.0
18.3032,3,0,0.2164,0.2750,-0.05857,1,1,+0.40218,+0.36608,0.11125,245.90,1,-10.000,-0.02551,-12.758,-0.00000,-17.80,+0.00000,1,+0.62749,+0.00000,0.00651,-4.070,0,206.7,0.0
18.3114,3,0,0.2164,0.2750,-0.05857,1,1,+0.40218,+0.36608,0.11125,245.90,1,-10.000,-0.02553,-12.758,-0.00000,-17.80,+0.00000,1,+0.62749,+0.00000,0.00651,-4.063,0,206.7,0.0
18.3165,3,0,0.2164,0.2750,-0.05857,1,1,+0.40218,+0.36608,0.11125,245.90,1,-10.000,-0.02554,-12.758,-0.00000,-17.80,+0.00000,1,+0.62749,+0.00000,0.00651,-4.062,0,206.7,0.0
18.3208,3,0,0.2164,0.2750,-0.05857,1,1,+0.40218,+0.36608,0.11125,245.90,1,-10.000,-0.02554,-12.758,-0.00000,-17.80,+0.00000,1,+0.62749,+0.00000,0.00651,-4.062,0,206.7,0.0
18.3253,3,0,0.2164,0.2750,-0.05857,1,1,+0.40218,+0.36608,0.11125,245.90,1,-10.000,-0.02555,-12.758,-0.00000,-17.80,+0.00000,1,+0.62749,+0.00000,0.00651,-4.060,0,206.7,0.0
18.3297,3,0,0.2164,0.2750,-0.05857,1,1,+0.40218,+0.36608,0.11125,245.90,1,-10.000,-0.02555,-12.758,-0.00000,-17.80,+0.00000,1,+0.62749,+0.00000,0.00651,-4.060,0,206.7,0.0
18.3344,3,0,0.2164,0.2750,-0.05857,1,1,+0.40218,+0.36608,0.11125,245.90,1,-10.000,-0.02555,-12.758,-0.00000,-17.80,+0.00000,1,+0.62749,+0.00000,0.00651,-4.061,0,206.7,0.0
18.3395,3,0,0.2164,0.2750,-0.05857,1,1,+0.40218,+0.36608,0.11125,245.90,1,-10.000,-0.02555,-12.758,-0.00000,-17.80,+0.00000,1,+0.62749,+0.00000,0.00651,-4.060,0,206.7,0.0
18.3441,3,0,0.2164,0.2750,-0.05857,1,1,+0.40218,+0.36608,0.11125,245.90,1,-10.000,-0.02555,-12.758,-0.00000,-17.80,+0.00000,1,+0.62749,+0.00000,0.00651,-4.060,0,206.7,0.0
18.3488,3,0,0.2164,0.2750,-0.05857,1,1,+0.40218,+0.36608,0.11125,245.90,1,-10.000,-0.02555,-12.758,-0.00000,-17.80,+0.00000,1,+0.62749,+0.00000,0.00651,-4.060,0,206.7,0.0
18.3535,3,0,0.2164,0.2750,-0.05857,1,1,+0.40218,+0.36608,0.11125,245.90,1,-10.000,-0.02552,-12.758,-0.00000,-17.80,+0.00000,1,+0.62749,+0.00000,0.00651,-4.066,0,206.7,0.0
18.3581,3,0,0.2164,0.2750,-0.05857,1,1,+0.40218,+0.36608,0.11125,245.90,1,-10.000,-0.02555,-12.758,-0.00000,-17.80,+0.00000,1,+0.62749,+0.00000,0.00651,-4.060,0,206.7,0.0
18.3624,3,0,0.2164,0.2750,-0.05857,1,1,+0.40218,+0.36608,0.11125,245.90,1,-10.000,-0.02555,-12.758,-0.00000,-17.80,+0.00000,1,+0.62749,+0.00000,0.00651,-4.060,0,206.7,0.0
18.3670,3,0,0.2164,0.2750,-0.05857,1,1,+0.40218,+0.36608,0.11125,245.90,1,-10.000,-0.02554,-12.758,-0.00000,-17.80,+0.00000,1,+0.62749,+0.00000,0.00651,-4.062,0,206.7,0.0
18.3719,3,0,0.2164,0.2750,-0.05857,1,1,+0.40218,+0.36608,0.11125,245.90,1,-10.000,-0.02554,-12.758,-0.00000,-17.80,+0.00000,1,+0.62749,+0.00000,0.00651,-4.062,0,206.7,0.0
18.3775,3,0,0.2164,0.2750,-0.05857,1,1,+0.40218,+0.36608,0.11125,245.90,1,-10.000,-0.02555,-12.758,-0.00000,-17.80,+0.00000,1,+0.62749,+0.00000,0.00651,-4.059,0,206.7,0.0
18.3820,3,0,0.2164,0.2750,-0.05857,1,1,+0.40218,+0.36608,0.11125,245.90,1,-10.000,-0.02555,-12.758,-0.00000,-17.80,+0.00000,1,+0.62749,+0.00000,0.00651,-4.059,0,206.7,0.0
18.3866,3,0,0.2164,0.2750,-0.05857,1,1,+0.40218,+0.36608,0.11125,245.90,1,-10.000,-0.02554,-12.758,-0.00000,-17.80,+0.00000,1,+0.62749,+0.00000,0.00651,-4.062,0,206.7,0.0
18.3910,3,0,0.2164,0.2750,-0.05857,1,1,+0.40218,+0.36608,0.11125,245.90,1,-10.000,-0.02559,-12.758,-0.00000,-17.80,+0.00000,1,+0.62749,+0.00000,0.00651,-4.052,0,206.7,0.0
18.3957,3,0,0.2164,0.2750,-0.05857,1,1,+0.40218,+0.36608,0.11125,245.90,1,-10.000,-0.02559,-12.758,-0.00000,-17.80,+0.00000,1,+0.62749,+0.00000,0.00651,-4.052,0,206.7,0.0
18.3999,3,0,0.2164,0.2750,-0.05857,1,1,+0.40218,+0.36608,0.11125,245.90,1,-10.000,-0.02559,-12.758,-0.00000,-17.80,+0.00000,1,+0.62749,+0.00000,0.00651,-4.052,0,206.7,0.0
18.4052,3,0,0.2164,0.2750,-0.05857,1,1,+0.40218,+0.36608,0.11125,245.90,1,-10.000,-0.02557,-12.758,-0.00000,-17.80,+0.00000,1,+0.62749,+0.00000,0.00651,-4.055,0,206.7,0.0
18.4101,3,0,0.2164,0.2750,-0.05857,1,1,+0.40218,+0.36608,0.11125,245.90,1,-10.000,-0.02557,-12.758,-0.00000,-17.80,+0.00000,1,+0.62749,+0.00000,0.00651,-4.055,0,206.7,0.0
18.4146,3,0,0.2164,0.2750,-0.05857,1,1,+0.40218,+0.36608,0.11125,245.90,1,-10.000,-0.02556,-12.758,-0.00000,-17.80,+0.00000,1,+0.62749,+0.00000,0.00651,-4.058,0,206.7,0.0
18.4192,3,0,0.2164,0.2750,-0.05857,1,1,+0.40218,+0.36608,0.11125,245.90,1,-10.000,-0.02561,-12.758,-0.00000,-17.80,+0.00000,1,+0.62749,+0.00000,0.00651,-4.046,0,206.7,0.0
18.4234,3,0,0.2164,0.2750,-0.05857,1,1,+0.40218,+0.36608,0.11125,245.90,1,-10.000,-0.02561,-12.758,-0.00000,-17.80,+0.00000,1,+0.62749,+0.00000,0.00651,-4.046,0,206.7,0.0
18.4280,3,0,0.2164,0.2750,-0.05857,1,1,+0.40218,+0.36608,0.11125,245.90,1,-10.000,-0.02560,-12.758,-0.00000,-17.80,+0.00000,1,+0.62749,+0.00000,0.00651,-4.048,0,206.7,0.0
18.4326,3,0,0.2164,0.2750,-0.05857,1,1,+0.40218,+0.36608,0.11125,245.90,1,-10.000,-0.02560,-12.758,-0.00000,-17.80,+0.00000,1,+0.62749,+0.00000,0.00651,-4.048,0,206.7,0.0
18.4371,3,0,0.2164,0.2750,-0.05857,1,1,+0.40218,+0.36608,0.11125,245.90,1,-10.000,-0.02561,-12.758,-0.00000,-17.80,+0.00000,1,+0.62749,+0.00000,0.00651,-4.045,0,206.7,0.0
18.4417,3,0,0.2164,0.2750,-0.05857,1,1,+0.40218,+0.36608,0.11125,245.90,1,-10.000,-0.02561,-12.758,-0.00000,-17.80,+0.00000,1,+0.62749,+0.00000,0.00651,-4.045,0,206.7,0.0
18.4463,3,0,0.2164,0.2750,-0.05857,1,1,+0.40218,+0.36608,0.11125,245.90,1,-10.000,-0.02561,-12.758,-0.00000,-17.80,+0.00000,1,+0.62749,+0.00000,0.00651,-4.045,0,206.7,0.0
18.4513,3,0,0.2164,0.2750,-0.05857,1,1,+0.40218,+0.36608,0.11125,245.90,1,-10.000,-0.02561,-12.758,-0.00000,-17.80,+0.00000,1,+0.62749,+0.00000,0.00651,-4.045,0,206.7,0.0
18.4563,3,0,0.2164,0.2750,-0.05857,1,1,+0.40218,+0.36608,0.11125,245.90,1,-10.000,-0.02561,-12.758,-0.00000,-17.80,+0.00000,1,+0.62749,+0.00000,0.00651,-4.047,0,206.7,0.0
18.4608,3,0,0.2164,0.2750,-0.05857,1,1,+0.40218,+0.36608,0.11125,245.90,1,-10.000,-0.02561,-12.758,-0.00000,-17.80,+0.00000,1,+0.62749,+0.00000,0.00651,-4.047,0,206.7,0.0
18.4652,3,0,0.2164,0.2750,-0.05857,1,1,+0.40218,+0.36608,0.11125,245.90,1,-10.000,-0.02560,-12.758,-0.00000,-17.80,+0.00000,1,+0.62749,+0.00000,0.00651,-4.049,0,206.7,0.0
18.4697,3,0,0.2164,0.2750,-0.05857,1,1,+0.40218,+0.36608,0.11125,245.90,1,-10.000,-0.02560,-12.758,-0.00000,-17.80,+0.00000,1,+0.62749,+0.00000,0.00651,-4.049,0,206.7,0.0
18.4742,3,0,0.2164,0.2750,-0.05857,1,1,+0.40218,+0.36608,0.11125,245.90,1,-10.000,-0.02559,-12.758,-0.00000,-17.80,+0.00000,1,+0.62749,+0.00000,0.00651,-4.050,0,206.7,0.0
18.4790,3,0,0.2164,0.2750,-0.05857,1,1,+0.40218,+0.36608,0.11125,245.90,1,-10.000,-0.02561,-12.758,-0.00000,-17.80,+0.00000,1,+0.62749,+0.00000,0.00651,-4.047,0,206.7,0.0
18.4844,3,0,0.2164,0.2750,-0.05857,1,1,+0.40218,+0.36608,0.11125,245.90,1,-10.000,-0.02561,-12.758,-0.00000,-17.80,+0.00000,1,+0.62749,+0.00000,0.00651,-4.047,0,206.7,0.0
18.4885,3,0,0.2164,0.2750,-0.05857,1,1,+0.40218,+0.36608,0.11125,245.90,1,-10.000,-0.02561,-12.758,-0.00000,-17.80,+0.00000,1,+0.62749,+0.00000,0.00651,-4.047,0,206.7,0.0
18.4927,3,0,0.2164,0.2750,-0.05857,1,1,+0.40218,+0.36608,0.11125,245.90,1,-10.000,-0.02558,-12.758,-0.00000,-17.80,+0.00000,1,+0.62749,+0.00000,0.00651,-4.054,0,206.7,0.0
18.4973,3,0,0.2164,0.2750,-0.05857,1,1,+0.40218,+0.36608,0.11125,245.90,1,-10.000,-0.02558,-12.758,-0.00000,-17.80,+0.00000,1,+0.62749,+0.00000,0.00651,-4.054,0,206.7,0.0
18.5017,3,0,0.2164,0.2750,-0.05857,1,1,+0.40218,+0.36608,0.11125,245.90,1,-10.000,-0.02558,-12.758,-0.00000,-17.80,+0.00000,1,+0.62749,+0.00000,0.00651,-4.054,0,206.7,0.0
18.5103,3,0,0.2164,0.2750,-0.05857,1,1,+0.40218,+0.36608,0.11125,245.90,1,-10.000,-0.02559,-12.758,-0.00000,-17.80,+0.00000,1,+0.62749,+0.00000,0.00651,-4.050,0,206.7,0.0
18.5242,3,0,0.2164,0.2750,-0.05857,1,1,+0.40218,+0.36608,0.11125,245.90,1,-10.000,-0.02559,-12.758,-0.00000,-17.80,+0.00000,1,+0.62749,+0.00000,0.00651,-4.050,0,206.7,0.0
18.5287,3,0,0.2164,0.2750,-0.05857,1,1,+0.40218,+0.36608,0.11125,245.90,1,-10.000,-0.02538,-12.759,-0.00000,-17.80,+0.00000,1,+0.62749,+0.00000,0.00651,-4.099,0,206.7,0.0
18.5340,3,0,0.2164,0.2750,-0.05857,1,1,+0.40218,+0.36608,0.11125,245.90,1,-10.000,-0.02538,-12.759,-0.00000,-17.80,+0.00000,1,+0.62749,+0.00000,0.00651,-4.099,0,206.7,0.0
18.5387,3,0,0.2164,0.2750,-0.05857,1,1,+0.40218,+0.36608,0.11125,245.90,1,-10.000,-0.02538,-12.759,-0.00000,-17.80,+0.00000,1,+0.62749,+0.00000,0.00651,-4.099,0,206.7,0.0
18.5433,3,0,0.2164,0.2750,-0.05857,1,1,+0.40218,+0.36608,0.11125,245.90,1,-10.000,-0.02538,-12.759,-0.00000,-17.80,+0.00000,1,+0.62749,+0.00000,0.00651,-4.099,0,206.7,0.0
18.5478,3,0,0.2164,0.2750,-0.05857,1,1,+0.40218,+0.36608,0.11125,245.90,1,-10.000,-0.02536,-12.759,-0.00000,-17.80,+0.00000,1,+0.62749,+0.00000,0.00651,-4.104,0,206.7,0.0
18.5523,3,0,0.2164,0.2750,-0.05857,1,1,+0.40218,+0.36608,0.11125,245.90,1,-10.000,-0.02536,-12.759,-0.00000,-17.80,+0.00000,1,+0.62749,+0.00000,0.00651,-4.104,0,206.7,0.0
18.5569,3,0,0.2164,0.2750,-0.05857,1,1,+0.40218,+0.36608,0.11125,245.90,1,-10.000,-0.02536,-12.759,-0.00000,-17.80,+0.00000,1,+0.62749,+0.00000,0.00651,-4.104,0,206.7,0.0
18.5622,3,0,0.2164,0.2750,-0.05857,1,1,+0.40218,+0.36608,0.11125,245.90,1,-10.000,-0.02539,-12.759,-0.00000,-17.80,+0.00000,1,+0.62749,+0.00000,0.00651,-4.096,0,206.7,0.0
18.5666,3,0,0.2164,0.2750,-0.05857,1,1,+0.40218,+0.36608,0.11125,245.90,1,-10.000,-0.02539,-12.759,-0.00000,-17.80,+0.00000,1,+0.62749,+0.00000,0.00651,-4.096,0,206.7,0.0
18.5712,3,0,0.2164,0.2750,-0.05857,1,1,+0.40218,+0.36608,0.11125,245.90,1,-10.000,-0.02538,-12.759,-0.00000,-17.80,+0.00000,1,+0.62749,+0.00000,0.00651,-4.099,0,206.7,0.0
18.5768,3,0,0.2164,0.2750,-0.05857,1,1,+0.40218,+0.36608,0.11125,245.90,1,-10.000,-0.02538,-12.759,-0.00000,-17.80,+0.00000,1,+0.62749,+0.00000,0.00651,-4.099,0,206.7,0.0
18.5817,3,0,0.2164,0.2750,-0.05857,1,1,+0.40218,+0.36608,0.11125,245.90,1,-10.000,-0.02533,-12.759,-0.00000,-17.80,+0.00000,1,+0.62749,+0.00000,0.00651,-4.110,0,206.7,0.0
18.5862,3,0,0.2164,0.2750,-0.05857,1,1,+0.40218,+0.36608,0.11125,245.90,1,-10.000,-0.02533,-12.759,-0.00000,-17.80,+0.00000,1,+0.62749,+0.00000,0.00651,-4.110,0,206.7,0.0
18.5907,3,0,0.2164,0.2750,-0.05857,1,1,+0.40218,+0.36608,0.11125,245.90,1,-10.000,-0.02539,-12.759,-0.00000,-17.80,+0.00000,1,+0.62749,+0.00000,0.00651,-4.097,0,206.7,0.0
18.5956,3,0,0.2164,0.2750,-0.05857,1,1,+0.40218,+0.36608,0.11125,245.90,1,-10.000,-0.02539,-12.759,-0.00000,-17.80,+0.00000,1,+0.62749,+0.00000,0.00651,-4.097,0,206.7,0.0
18.6001,3,0,0.2164,0.2750,-0.05857,1,1,+0.40218,+0.36608,0.11125,245.90,1,-10.000,-0.02538,-12.759,-0.00000,-17.80,+0.00000,1,+0.62749,+0.00000,0.00651,-4.099,0,206.7,0.0
18.6044,3,0,0.2164,0.2750,-0.05857,1,1,+0.40218,+0.36608,0.11125,245.90,1,-10.000,-0.02538,-12.759,-0.00000,-17.80,+0.00000,1,+0.62749,+0.00000,0.00651,-4.099,0,206.7,0.0
18.6094,3,0,0.2164,0.2750,-0.05857,1,1,+0.40218,+0.36608,0.11125,245.90,1,-10.000,-0.02542,-12.759,-0.00000,-17.80,+0.00000,1,+0.62749,+0.00000,0.00651,-4.090,0,206.7,0.0
18.6141,3,0,0.2164,0.2750,-0.05857,1,1,+0.40218,+0.36608,0.11125,245.90,1,-10.000,-0.02542,-12.759,-0.00000,-17.80,+0.00000,1,+0.62749,+0.00000,0.00651,-4.090,0,206.7,0.0
18.6187,3,0,0.2164,0.2750,-0.05857,1,1,+0.40218,+0.36608,0.11125,245.90,1,-10.000,-0.02540,-12.759,-0.00000,-17.80,+0.00000,1,+0.62749,+0.00000,0.00651,-4.094,0,206.7,0.0
18.6231,3,0,0.2164,0.2750,-0.05857,1,1,+0.40218,+0.36608,0.11125,245.90,1,-10.000,-0.02546,-12.759,-0.00000,-17.80,+0.00000,1,+0.62749,+0.00000,0.00651,-4.081,0,206.7,0.0
18.6276,3,0,0.2164,0.2750,-0.05857,1,1,+0.40218,+0.36608,0.11125,245.90,1,-10.000,-0.02546,-12.759,-0.00000,-17.80,+0.00000,1,+0.62749,+0.00000,0.00651,-4.081,0,206.7,0.0
18.6322,3,0,0.2164,0.2750,-0.05857,1,1,+0.40218,+0.36608,0.11125,245.90,1,-10.000,-0.02545,-12.759,-0.00000,-17.80,+0.00000,1,+0.62749,+0.00000,0.00651,-4.082,0,206.7,0.0
18.6367,3,0,0.2164,0.2750,-0.05857,1,1,+0.40218,+0.36608,0.11125,245.90,1,-10.000,-0.02545,-12.759,-0.00000,-17.80,+0.00000,1,+0.62749,+0.00000,0.00651,-4.082,0,206.7,0.0
18.6411,3,0,0.2164,0.2750,-0.05857,1,1,+0.40218,+0.36608,0.11125,245.90,1,-10.000,-0.02545,-12.759,-0.00000,-17.80,+0.00000,1,+0.62749,+0.00000,0.00651,-4.083,0,206.7,0.0
18.6454,3,0,0.2164,0.2750,-0.05857,1,1,+0.40218,+0.36608,0.11125,245.90,1,-10.000,-0.02545,-12.759,-0.00000,-17.80,+0.00000,1,+0.62749,+0.00000,0.00651,-4.083,0,206.7,0.0
18.6496,3,0,0.2164,0.2750,-0.05857,1,1,+0.40218,+0.36608,0.11125,245.90,1,-10.000,-0.02547,-12.759,-0.00000,-17.80,+0.00000,1,+0.62749,+0.00000,0.00651,-4.078,0,206.7,0.0
18.6541,3,0,0.2164,0.2750,-0.05857,1,1,+0.40218,+0.36608,0.11125,245.90,1,-10.000,-0.02547,-12.759,-0.00000,-17.80,+0.00000,1,+0.62749,+0.00000,0.00651,-4.078,0,206.7,0.0
18.6586,3,0,0.2164,0.2750,-0.05857,1,1,+0.40218,+0.36608,0.11125,245.90,1,-10.000,-0.02547,-12.759,-0.00000,-17.80,+0.00000,1,+0.62749,+0.00000,0.00651,-4.078,0,206.7,0.0
18.6630,3,0,0.2164,0.2750,-0.05857,1,1,+0.40218,+0.36608,0.11125,245.90,1,-10.000,-0.02547,-12.759,-0.00000,-17.80,+0.00000,1,+0.62749,+0.00000,0.00651,-4.078,0,206.7,0.0
18.6674,3,0,0.2164,0.2750,-0.05857,1,1,+0.40218,+0.36608,0.11125,245.90,1,-10.000,-0.02547,-12.759,-0.00000,-17.80,+0.00000,1,+0.62749,+0.00000,0.00651,-4.077,0,206.7,0.0
18.6720,3,0,0.2164,0.2750,-0.05857,1,1,+0.40218,+0.36608,0.11125,245.90,1,-10.000,-0.02547,-12.759,-0.00000,-17.80,+0.00000,1,+0.62749,+0.00000,0.00651,-4.077,0,206.7,0.0
18.6765,3,0,0.2164,0.2750,-0.05857,1,1,+0.40218,+0.36608,0.11125,245.90,1,-10.000,-0.02547,-12.759,-0.00000,-17.80,+0.00000,1,+0.62749,+0.00000,0.00651,-4.078,0,206.7,0.0
18.6811,3,0,0.2164,0.2750,-0.05857,1,1,+0.40218,+0.36608,0.11125,245.90,1,-10.000,-0.02547,-12.759,-0.00000,-17.80,+0.00000,1,+0.62749,+0.00000,0.00651,-4.078,0,206.7,0.0
18.6858,3,0,0.2164,0.2750,-0.05857,1,1,+0.40218,+0.36608,0.11125,245.90,1,-10.000,-0.02546,-12.759,-0.00000,-17.80,+0.00000,1,+0.62749,+0.00000,0.00651,-4.080,0,206.7,0.0
18.6903,3,0,0.2164,0.2750,-0.05857,1,1,+0.40218,+0.36608,0.11125,245.90,1,-10.000,-0.02546,-12.759,-0.00000,-17.80,+0.00000,1,+0.62749,+0.00000,0.00651,-4.080,0,206.7,0.0
18.6950,3,0,0.2164,0.2750,-0.05857,1,1,+0.40218,+0.36608,0.11125,245.90,1,-10.000,-0.02547,-12.759,-0.00000,-17.80,+0.00000,1,+0.62749,+0.00000,0.00651,-4.078,0,206.7,0.0
18.6994,3,0,0.2164,0.2750,-0.05857,1,1,+0.40218,+0.36608,0.11125,245.90,1,-10.000,-0.02547,-12.759,-0.00000,-17.80,+0.00000,1,+0.62749,+0.00000,0.00651,-4.078,0,206.7,0.0
18.7041,3,0,0.2164,0.2750,-0.05857,1,1,+0.40218,+0.36608,0.11125,245.90,1,-10.000,-0.02543,-12.759,-0.00000,-17.80,+0.00000,1,+0.62749,+0.00000,0.00651,-4.088,0,206.7,0.0
18.7087,3,0,0.2164,0.2750,-0.05857,1,1,+0.40218,+0.36608,0.11125,245.90,1,-10.000,-0.02543,-12.759,-0.00000,-17.80,+0.00000,1,+0.62749,+0.00000,0.00651,-4.088,0,206.7,0.0
18.7133,3,0,0.2164,0.2750,-0.05857,1,1,+0.40218,+0.36608,0.11125,245.90,1,-10.000,-0.02541,-12.759,-0.00000,-17.80,+0.00000,1,+0.62749,+0.00000,0.00651,-4.091,0,206.7,0.0
18.7182,3,0,0.2164,0.2750,-0.05857,1,1,+0.40218,+0.36608,0.11125,245.90,1,-10.000,-0.02541,-12.759,-0.00000,-17.80,+0.00000,1,+0.62749,+0.00000,0.00651,-4.091,0,206.7,0.0
18.7225,3,0,0.2164,0.2750,-0.05857,1,1,+0.40218,+0.36608,0.11125,245.90,1,-10.000,-0.02542,-12.759,-0.00000,-17.80,+0.00000,1,+0.62749,+0.00000,0.00651,-4.089,0,206.7,0.0
18.7272,3,0,0.2164,0.2750,-0.05857,1,1,+0.40218,+0.36608,0.11125,245.90,1,-10.000,-0.02542,-12.759,-0.00000,-17.80,+0.00000,1,+0.62749,+0.00000,0.00651,-4.089,0,206.7,0.0
18.7317,3,0,0.2164,0.2750,-0.05857,1,1,+0.40218,+0.36608,0.11125,245.90,1,-10.000,-0.02542,-12.759,-0.00000,-17.80,+0.00000,1,+0.62749,+0.00000,0.00651,-4.089,0,206.7,0.0
18.7365,3,0,0.2164,0.2750,-0.05857,1,1,+0.40218,+0.36608,0.11125,245.90,1,-10.000,-0.02539,-12.759,-0.00000,-17.80,+0.00000,1,+0.62749,+0.00000,0.00651,-4.097,0,206.7,0.0
18.7410,3,0,0.2164,0.2750,-0.05857,1,1,+0.40218,+0.36608,0.11125,245.90,1,-10.000,-0.02543,-12.759,-0.00000,-17.80,+0.00000,1,+0.62749,+0.00000,0.00651,-4.087,0,206.7,0.0
18.7455,3,0,0.2164,0.2750,-0.05857,1,1,+0.40218,+0.36608,0.11125,245.90,1,-10.000,-0.02543,-12.759,-0.00000,-17.80,+0.00000,1,+0.62749,+0.00000,0.00651,-4.087,0,206.7,0.0
18.7497,3,0,0.2164,0.2750,-0.05857,1,1,+0.40218,+0.36608,0.11125,245.90,1,-10.000,-0.02540,-12.759,-0.00000,-17.80,+0.00000,1,+0.62749,+0.00000,0.00651,-4.093,0,206.7,0.0
18.7543,3,0,0.2164,0.2750,-0.05857,1,1,+0.40218,+0.36608,0.11125,245.90,1,-10.000,-0.02540,-12.759,-0.00000,-17.80,+0.00000,1,+0.62749,+0.00000,0.00651,-4.093,0,206.7,0.0
18.7587,3,0,0.2164,0.2750,-0.05857,1,1,+0.40218,+0.36608,0.11125,245.90,1,-10.000,-0.02546,-12.759,-0.00000,-17.80,+0.00000,1,+0.62749,+0.00000,0.00651,-4.080,0,206.7,0.0
18.7629,3,0,0.2164,0.2750,-0.05857,1,1,+0.40218,+0.36608,0.11125,245.90,1,-10.000,-0.02546,-12.759,-0.00000,-17.80,+0.00000,1,+0.62749,+0.00000,0.00651,-4.080,0,206.7,0.0
18.7675,3,0,0.2164,0.2750,-0.05857,1,1,+0.40218,+0.36608,0.11125,245.90,1,-10.000,-0.02548,-12.759,-0.00000,-17.80,+0.00000,1,+0.62749,+0.00000,0.00651,-4.076,0,206.7,0.0
18.7718,3,0,0.2164,0.2750,-0.05857,1,1,+0.40218,+0.36608,0.11125,245.90,1,-10.000,-0.02548,-12.759,-0.00000,-17.80,+0.00000,1,+0.62749,+0.00000,0.00651,-4.076,0,206.7,0.0
18.7766,3,0,0.2164,0.2750,-0.05857,1,1,+0.40218,+0.36608,0.11125,245.90,1,-10.000,-0.02548,-12.759,-0.00000,-17.80,+0.00000,1,+0.62749,+0.00000,0.00651,-4.076,0,206.7,0.0
18.7822,3,0,0.2164,0.2750,-0.05857,1,1,+0.40218,+0.36608,0.11125,245.90,1,-10.000,-0.02548,-12.759,-0.00000,-17.80,+0.00000,1,+0.62749,+0.00000,0.00651,-4.076,0,206.7,0.0
18.7865,3,0,0.2164,0.2750,-0.05857,1,1,+0.40218,+0.36608,0.11125,245.90,1,-10.000,-0.02544,-12.759,-0.00000,-17.80,+0.00000,1,+0.62749,+0.00000,0.00651,-4.085,0,206.7,0.0
18.7909,3,0,0.2164,0.2750,-0.05857,1,1,+0.40218,+0.36608,0.11125,245.90,1,-10.000,-0.02544,-12.759,-0.00000,-17.80,+0.00000,1,+0.62749,+0.00000,0.00651,-4.085,0,206.7,0.0
18.7955,3,0,0.2164,0.2750,-0.05857,1,1,+0.40218,+0.36608,0.11125,245.90,1,-10.000,-0.02548,-12.759,-0.00000,-17.80,+0.00000,1,+0.62749,+0.00000,0.00651,-4.076,0,206.7,0.0
18.8002,3,0,0.2164,0.2750,-0.05857,1,1,+0.40218,+0.36608,0.11125,245.90,1,-10.000,-0.02548,-12.759,-0.00000,-17.80,+0.00000,1,+0.62749,+0.00000,0.00651,-4.076,0,206.7,0.0
18.8047,3,0,0.2164,0.2750,-0.05857,1,1,+0.40218,+0.36608,0.11125,245.90,1,-10.000,-0.02545,-12.759,-0.00000,-17.80,+0.00000,1,+0.62749,+0.00000,0.00651,-4.082,0,206.7,0.0
18.8093,3,0,0.2164,0.2750,-0.05857,1,1,+0.40218,+0.36608,0.11125,245.90,1,-10.000,-0.02549,-12.759,-0.00000,-17.80,+0.00000,1,+0.62749,+0.00000,0.00651,-4.073,0,206.7,0.0
18.8136,3,0,0.2164,0.2750,-0.05857,1,1,+0.40218,+0.36608,0.11125,245.90,1,-10.000,-0.02549,-12.759,-0.00000,-17.80,+0.00000,1,+0.62749,+0.00000,0.00651,-4.073,0,206.7,0.0
18.8182,3,0,0.2164,0.2750,-0.05857,1,1,+0.40218,+0.36608,0.11125,245.90,1,-10.000,-0.02549,-12.759,-0.00000,-17.80,+0.00000,1,+0.62749,+0.00000,0.00651,-4.073,0,206.7,0.0
18.8227,3,0,0.2164,0.2750,-0.05857,1,1,+0.40218,+0.36608,0.11125,245.90,1,-10.000,-0.02544,-12.759,-0.00000,-17.80,+0.00000,1,+0.62749,+0.00000,0.00651,-4.085,0,206.7,0.0
18.8275,3,0,0.2164,0.2750,-0.05857,1,1,+0.40218,+0.36608,0.11125,245.90,1,-10.000,-0.02550,-12.759,-0.00000,-17.80,+0.00000,1,+0.62749,+0.00000,0.00651,-4.071,0,206.7,0.0
18.8321,3,0,0.2164,0.2750,-0.05857,1,1,+0.40218,+0.36608,0.11125,245.90,1,-10.000,-0.02550,-12.759,-0.00000,-17.80,+0.00000,1,+0.62749,+0.00000,0.00651,-4.071,0,206.7,0.0
18.8364,3,0,0.2164,0.2750,-0.05857,1,1,+0.40218,+0.36608,0.11125,245.90,1,-10.000,-0.02548,-12.759,-0.00000,-17.80,+0.00000,1,+0.62749,+0.00000,0.00651,-4.075,0,206.7,0.0
18.8409,3,0,0.2164,0.2750,-0.05857,1,1,+0.40218,+0.36608,0.11125,245.90,1,-10.000,-0.02548,-12.759,-0.00000,-17.80,+0.00000,1,+0.62749,+0.00000,0.00651,-4.075,0,206.7,0.0
18.8453,3,0,0.2164,0.2750,-0.05857,1,1,+0.40218,+0.36608,0.11125,245.90,1,-10.000,-0.02552,-12.758,-0.00000,-17.80,+0.00000,1,+0.62749,+0.00000,0.00651,-4.066,0,206.7,0.0
18.8499,3,0,0.2164,0.2750,-0.05857,1,1,+0.40218,+0.36608,0.11125,245.90,1,-10.000,-0.02552,-12.758,-0.00000,-17.80,+0.00000,1,+0.62749,+0.00000,0.00651,-4.066,0,206.7,0.0
18.8549,3,0,0.2164,0.2750,-0.05857,1,1,+0.40218,+0.36608,0.11125,245.90,1,-10.000,-0.02552,-12.758,-0.00000,-17.80,+0.00000,1,+0.62749,+0.00000,0.00651,-4.067,0,206.7,0.0
18.8594,3,0,0.2164,0.2750,-0.05857,1,1,+0.40218,+0.36608,0.11125,245.90,1,-10.000,-0.02552,-12.758,-0.00000,-17.80,+0.00000,1,+0.62749,+0.00000,0.00651,-4.067,0,206.7,0.0
18.8640,3,0,0.2164,0.2750,-0.05857,1,1,+0.40218,+0.36608,0.11125,245.90,1,-10.000,-0.02552,-12.758,-0.00000,-17.80,+0.00000,1,+0.62749,+0.00000,0.00651,-4.067,0,206.7,0.0
18.8685,3,0,0.2164,0.2750,-0.05857,1,1,+0.40218,+0.36608,0.11125,245.90,1,-10.000,-0.02552,-12.758,-0.00000,-17.80,+0.00000,1,+0.62749,+0.00000,0.00651,-4.067,0,206.7,0.0
18.8730,3,0,0.2164,0.2750,-0.05857,1,1,+0.40218,+0.36608,0.11125,245.90,1,-10.000,-0.02555,-12.758,-0.00000,-17.80,+0.00000,1,+0.62749,+0.00000,0.00651,-4.061,0,206.7,0.0
18.8775,3,0,0.2164,0.2750,-0.05857,1,1,+0.40218,+0.36608,0.11125,245.90,1,-10.000,-0.02555,-12.758,-0.00000,-17.80,+0.00000,1,+0.62749,+0.00000,0.00651,-4.061,0,206.7,0.0
18.8821,3,0,0.2164,0.2750,-0.05857,1,1,+0.40218,+0.36608,0.11125,245.90,1,-10.000,-0.02554,-12.758,-0.00000,-17.80,+0.00000,1,+0.62749,+0.00000,0.00651,-4.063,0,206.7,0.0
18.8875,3,0,0.2164,0.2750,-0.05857,1,1,+0.40218,+0.36608,0.11125,245.90,1,-10.000,-0.02553,-12.758,-0.00000,-17.80,+0.00000,1,+0.62749,+0.00000,0.00651,-4.063,0,206.7,0.0
18.8927,3,0,0.2164,0.2750,-0.05857,1,1,+0.40218,+0.36608,0.11125,245.90,1,-10.000,-0.02553,-12.758,-0.00000,-17.80,+0.00000,1,+0.62749,+0.00000,0.00651,-4.063,0,206.7,0.0
18.8972,3,0,0.2164,0.2750,-0.05857,1,1,+0.40218,+0.36608,0.11125,245.90,1,-10.000,-0.02554,-12.758,-0.00000,-17.80,+0.00000,1,+0.62749,+0.00000,0.00651,-4.062,0,206.7,0.0
18.9014,3,0,0.2164,0.2750,-0.05857,1,1,+0.40218,+0.36608,0.11125,245.90,1,-10.000,-0.02554,-12.758,-0.00000,-17.80,+0.00000,1,+0.62749,+0.00000,0.00651,-4.062,0,206.7,0.0
18.9056,3,0,0.2164,0.2750,-0.05857,1,1,+0.40218,+0.36608,0.11125,245.90,1,-10.000,-0.02554,-12.758,-0.00000,-17.80,+0.00000,1,+0.62749,+0.00000,0.00651,-4.063,0,206.7,0.0
18.9102,3,0,0.2164,0.2750,-0.05857,1,1,+0.40218,+0.36608,0.11125,245.90,1,-10.000,-0.02554,-12.758,-0.00000,-17.80,+0.00000,1,+0.62749,+0.00000,0.00651,-4.063,0,206.7,0.0
18.9147,3,0,0.2164,0.2750,-0.05857,1,1,+0.40218,+0.36608,0.11125,245.90,1,-10.000,-0.02554,-12.758,-0.00000,-17.80,+0.00000,1,+0.62749,+0.00000,0.00651,-4.063,0,206.7,0.0
18.9199,3,0,0.2164,0.2750,-0.05857,1,1,+0.40218,+0.36608,0.11125,245.90,1,-10.000,-0.02550,-12.759,-0.00000,-17.80,+0.00000,1,+0.62749,+0.00000,0.00651,-4.071,0,206.7,0.0
18.9245,3,0,0.2164,0.2750,-0.05857,1,1,+0.40218,+0.36608,0.11125,245.90,1,-10.000,-0.02551,-12.759,-0.00000,-17.80,+0.00000,1,+0.62749,+0.00000,0.00651,-4.070,0,206.7,0.0
18.9287,3,0,0.2164,0.2750,-0.05857,1,1,+0.40218,+0.36608,0.11125,245.90,1,-10.000,-0.02551,-12.759,-0.00000,-17.80,+0.00000,1,+0.62749,+0.00000,0.00651,-4.070,0,206.7,0.0
18.9334,3,0,0.2164,0.2750,-0.05857,1,1,+0.40218,+0.36608,0.11125,245.90,1,-10.000,-0.02552,-12.758,-0.00000,-17.80,+0.00000,1,+0.62749,+0.00000,0.00651,-4.067,0,206.7,0.0
18.9379,3,0,0.2164,0.2750,-0.05857,1,1,+0.40218,+0.36608,0.11125,245.90,1,-10.000,-0.02552,-12.758,-0.00000,-17.80,+0.00000,1,+0.62749,+0.00000,0.00651,-4.067,0,206.7,0.0
18.9425,3,0,0.2164,0.2750,-0.05857,1,1,+0.40218,+0.36608,0.11125,245.90,1,-10.000,-0.02553,-12.758,-0.00000,-17.80,+0.00000,1,+0.62749,+0.00000,0.00651,-4.066,0,206.7,0.0
18.9472,3,0,0.2164,0.2750,-0.05857,1,1,+0.40218,+0.36608,0.11125,245.90,1,-10.000,-0.02553,-12.758,-0.00000,-17.80,+0.00000,1,+0.62749,+0.00000,0.00651,-4.066,0,206.7,0.0
18.9514,3,0,0.2164,0.2750,-0.05857,1,1,+0.40218,+0.36608,0.11125,245.90,1,-10.000,-0.02553,-12.758,-0.00000,-17.80,+0.00000,1,+0.62749,+0.00000,0.00651,-4.066,0,206.7,0.0
18.9557,3,0,0.2164,0.2750,-0.05857,1,1,+0.40218,+0.36608,0.11125,245.90,1,-10.000,-0.02549,-12.759,-0.00000,-17.80,+0.00000,1,+0.62749,+0.00000,0.00651,-4.074,0,206.7,0.0
18.9601,3,0,0.2164,0.2750,-0.05857,1,1,+0.40218,+0.36608,0.11125,245.90,1,-10.000,-0.02549,-12.759,-0.00000,-17.80,+0.00000,1,+0.62749,+0.00000,0.00651,-4.074,0,206.7,0.0
18.9646,3,0,0.2164,0.2750,-0.05857,1,1,+0.40218,+0.36608,0.11125,245.90,1,-10.000,-0.02549,-12.759,-0.00000,-17.80,+0.00000,1,+0.62749,+0.00000,0.00651,-4.073,0,206.7,0.0
18.9688,3,0,0.2164,0.2750,-0.05857,1,1,+0.40218,+0.36608,0.11125,245.90,1,-10.000,-0.02552,-12.758,-0.00000,-17.80,+0.00000,1,+0.62749,+0.00000,0.00651,-4.068,0,206.7,0.0
18.9734,3,0,0.2164,0.2750,-0.05857,1,1,+0.40218,+0.36608,0.11125,245.90,1,-10.000,-0.02552,-12.758,-0.00000,-17.80,+0.00000,1,+0.62749,+0.00000,0.00651,-4.068,0,206.7,0.0
18.9778,3,0,0.2164,0.2750,-0.05857,1,1,+0.40218,+0.36608,0.11125,245.90,1,-10.000,-0.02552,-12.758,-0.00000,-17.80,+0.00000,1,+0.62749,+0.00000,0.00651,-4.068,0,206.7,0.0
18.9831,3,0,0.2164,0.2750,-0.05857,1,1,+0.40218,+0.36608,0.11125,245.90,1,-10.000,-0.02550,-12.759,-0.00000,-17.80,+0.00000,1,+0.62749,+0.00000,0.00651,-4.072,0,206.7,0.0
18.9876,3,0,0.2164,0.2750,-0.05857,1,1,+0.40218,+0.36608,0.11125,245.90,1,-10.000,-0.02552,-12.758,-0.00000,-17.80,+0.00000,1,+0.62749,+0.00000,0.00651,-4.067,0,206.7,0.0
18.9920,3,0,0.2164,0.2750,-0.05857,1,1,+0.40218,+0.36608,0.11125,245.90,1,-10.000,-0.02552,-12.758,-0.00000,-17.80,+0.00000,1,+0.62749,+0.00000,0.00651,-4.067,0,206.7,0.0
18.9966,3,0,0.2164,0.2750,-0.05857,1,1,+0.40218,+0.36608,0.11125,245.90,1,-10.000,-0.02550,-12.759,-0.00000,-17.80,+0.00000,1,+0.62749,+0.00000,0.00651,-4.072,0,206.7,0.0
19.0009,3,0,0.2164,0.2750,-0.05857,1,1,+0.40218,+0.36608,0.11125,245.90,1,-10.000,-0.02550,-12.759,-0.00000,-17.80,+0.00000,1,+0.62749,+0.00000,0.00651,-4.072,0,206.7,0.0
19.0050,3,0,0.2164,0.2750,-0.05857,1,1,+0.40218,+0.36608,0.11125,245.90,1,-10.000,-0.02550,-12.759,-0.00000,-17.80,+0.00000,1,+0.62749,+0.00000,0.00651,-4.072,0,206.7,0.0
19.0097,3,0,0.2164,0.2750,-0.05857,1,1,+0.40218,+0.36608,0.11125,245.90,1,-10.000,-0.02550,-12.759,-0.00000,-17.80,+0.00000,1,+0.62749,+0.00000,0.00651,-4.072,0,206.7,0.0
19.0143,3,0,0.2164,0.2750,-0.05857,1,1,+0.40218,+0.36608,0.11125,245.90,1,-10.000,-0.02550,-12.759,-0.00000,-17.80,+0.00000,1,+0.62749,+0.00000,0.00651,-4.072,0,206.7,0.0
19.0189,3,0,0.2164,0.2750,-0.05857,1,1,+0.40218,+0.36608,0.11125,245.90,1,-10.000,-0.02549,-12.759,-0.00000,-17.80,+0.00000,1,+0.62749,+0.00000,0.00651,-4.074,0,206.7,0.0
19.0231,3,0,0.2164,0.2750,-0.05857,1,1,+0.40218,+0.36608,0.11125,245.90,1,-10.000,-0.02551,-12.759,-0.00000,-17.80,+0.00000,1,+0.62749,+0.00000,0.00651,-4.068,0,206.7,0.0
19.0277,3,0,0.2164,0.2750,-0.05857,1,1,+0.40218,+0.36608,0.11125,245.90,1,-10.000,-0.02551,-12.759,-0.00000,-17.80,+0.00000,1,+0.62749,+0.00000,0.00651,-4.068,0,206.7,0.0
19.0322,3,0,0.2164,0.2750,-0.05857,1,1,+0.40218,+0.36608,0.11125,245.90,1,-10.000,-0.02554,-12.758,-0.00000,-17.80,+0.00000,1,+0.62749,+0.00000,0.00651,-4.063,0,206.7,0.0
19.0368,3,0,0.2164,0.2750,-0.05857,1,1,+0.40218,+0.36608,0.11125,245.90,1,-10.000,-0.02554,-12.758,-0.00000,-17.80,+0.00000,1,+0.62749,+0.00000,0.00651,-4.063,0,206.7,0.0
19.0413,3,0,0.2164,0.2750,-0.05857,1,1,+0.40218,+0.36608,0.11125,245.90,1,-10.000,-0.02554,-12.758,-0.00000,-17.80,+0.00000,1,+0.62749,+0.00000,0.00651,-4.063,0,206.7,0.0
19.0460,3,0,0.2164,0.2750,-0.05857,1,1,+0.40218,+0.36608,0.11125,245.90,1,-10.000,-0.02554,-12.758,-0.00000,-17.80,+0.00000,1,+0.62749,+0.00000,0.00651,-4.063,0,206.7,0.0
19.0506,3,0,0.2164,0.2750,-0.05857,1,1,+0.40218,+0.36608,0.11125,245.90,1,-10.000,-0.02538,-12.759,-0.00000,-17.80,+0.00000,1,+0.62749,+0.00000,0.00651,-4.098,0,206.7,0.0
19.0551,3,0,0.2164,0.2750,-0.05857,1,1,+0.40218,+0.36608,0.11125,245.90,1,-10.000,-0.02538,-12.759,-0.00000,-17.80,+0.00000,1,+0.62749,+0.00000,0.00651,-4.098,0,206.7,0.0
19.0594,3,0,0.2164,0.2750,-0.05857,1,1,+0.40218,+0.36608,0.11125,245.90,1,-10.000,-0.02537,-12.759,-0.00000,-17.80,+0.00000,1,+0.62749,+0.00000,0.00651,-4.100,0,206.7,0.0
19.0636,3,0,0.2164,0.2750,-0.05857,1,1,+0.40218,+0.36608,0.11125,245.90,1,-10.000,-0.02537,-12.759,-0.00000,-17.80,+0.00000,1,+0.62749,+0.00000,0.00651,-4.100,0,206.7,0.0
19.0682,3,0,0.2164,0.2750,-0.05857,1,1,+0.40218,+0.36608,0.11125,245.90,1,-10.000,-0.02540,-12.759,-0.00000,-17.80,+0.00000,1,+0.62749,+0.00000,0.00651,-4.095,0,206.7,0.0
19.0736,3,0,0.2164,0.2750,-0.05857,1,1,+0.40218,+0.36608,0.11125,245.90,1,-10.000,-0.02540,-12.759,-0.00000,-17.80,+0.00000,1,+0.62749,+0.00000,0.00651,-4.095,0,206.7,0.0
19.0780,3,0,0.2164,0.2750,-0.05857,1,1,+0.40218,+0.36608,0.11125,245.90,1,-10.000,-0.02536,-12.759,-0.00000,-17.80,+0.00000,1,+0.62749,+0.00000,0.00651,-4.104,0,206.7,0.0
19.0824,3,0,0.2164,0.2750,-0.05857,1,1,+0.40218,+0.36608,0.11125,245.90,1,-10.000,-0.02536,-12.759,-0.00000,-17.80,+0.00000,1,+0.62749,+0.00000,0.00651,-4.104,0,206.7,0.0
19.0868,3,0,0.2164,0.2750,-0.05857,1,1,+0.40218,+0.36608,0.11125,245.90,1,-10.000,-0.02539,-12.759,-0.00000,-17.80,+0.00000,1,+0.62749,+0.00000,0.00651,-4.098,0,206.7,0.0
19.0918,3,0,0.2164,0.2750,-0.05857,1,1,+0.40218,+0.36608,0.11125,245.90,1,-10.000,-0.02539,-12.759,-0.00000,-17.80,+0.00000,1,+0.62749,+0.00000,0.00651,-4.098,0,206.7,0.0
19.0964,3,0,0.2164,0.2750,-0.05857,1,1,+0.40218,+0.36608,0.11125,245.90,1,-10.000,-0.02539,-12.759,-0.00000,-17.80,+0.00000,1,+0.62749,+0.00000,0.00651,-4.098,0,206.7,0.0
19.1011,3,0,0.2164,0.2750,-0.05857,1,1,+0.40218,+0.36608,0.11125,245.90,1,-10.000,-0.02538,-12.759,-0.00000,-17.80,+0.00000,1,+0.62749,+0.00000,0.00651,-4.098,0,206.7,0.0
19.1053,3,0,0.2164,0.2750,-0.05857,1,1,+0.40218,+0.36608,0.11125,245.90,1,-10.000,-0.02538,-12.759,-0.00000,-17.80,+0.00000,1,+0.62749,+0.00000,0.00651,-4.098,0,206.7,0.0
19.1097,3,0,0.2164,0.2750,-0.05857,1,1,+0.40218,+0.36608,0.11125,245.90,1,-10.000,-0.02540,-12.759,-0.00000,-17.80,+0.00000,1,+0.62749,+0.00000,0.00651,-4.095,0,206.7,0.0
19.1142,3,0,0.2164,0.2750,-0.05857,1,1,+0.40218,+0.36608,0.11125,245.90,1,-10.000,-0.02540,-12.759,-0.00000,-17.80,+0.00000,1,+0.62749,+0.00000,0.00651,-4.095,0,206.7,0.0
19.1185,3,0,0.2164,0.2750,-0.05857,1,1,+0.40218,+0.36608,0.11125,245.90,1,-10.000,-0.02545,-12.759,-0.00000,-17.80,+0.00000,1,+0.62749,+0.00000,0.00651,-4.082,0,206.7,0.0
19.1232,3,0,0.2164,0.2750,-0.05857,1,1,+0.40218,+0.36608,0.11125,245.90,1,-10.000,-0.02545,-12.759,-0.00000,-17.80,+0.00000,1,+0.62749,+0.00000,0.00651,-4.082,0,206.7,0.0
19.1276,3,0,0.2164,0.2750,-0.05857,1,1,+0.40218,+0.36608,0.11125,245.90,1,-10.000,-0.02545,-12.759,-0.00000,-17.80,+0.00000,1,+0.62749,+0.00000,0.00651,-4.083,0,206.7,0.0
19.1321,3,0,0.2164,0.2750,-0.05857,1,1,+0.40218,+0.36608,0.11125,245.90,1,-10.000,-0.02545,-12.759,-0.00000,-17.80,+0.00000,1,+0.62749,+0.00000,0.00651,-4.083,0,206.7,0.0
19.1364,3,0,0.2164,0.2750,-0.05857,1,1,+0.40218,+0.36608,0.11125,245.90,1,-10.000,-0.02548,-12.759,-0.00000,-17.80,+0.00000,1,+0.62749,+0.00000,0.00651,-4.077,0,206.7,0.0
19.1411,3,0,0.2164,0.2750,-0.05857,1,1,+0.40218,+0.36608,0.11125,245.90,1,-10.000,-0.02548,-12.759,-0.00000,-17.80,+0.00000,1,+0.62749,+0.00000,0.00651,-4.077,0,206.7,0.0
19.1458,3,0,0.2164,0.2750,-0.05857,1,1,+0.40218,+0.36608,0.11125,245.90,1,-10.000,-0.02548,-12.759,-0.00000,-17.80,+0.00000,1,+0.62749,+0.00000,0.00651,-4.077,0,206.7,0.0
19.1500,3,0,0.2164,0.2750,-0.05857,1,1,+0.40218,+0.36608,0.11125,245.90,1,-10.000,-0.02550,-12.759,-0.00000,-17.80,+0.00000,1,+0.62749,+0.00000,0.00651,-4.072,0,206.7,0.0
19.1553,3,0,0.2164,0.2750,-0.05857,1,1,+0.40218,+0.36608,0.11125,245.90,1,-10.000,-0.02550,-12.759,-0.00000,-17.80,+0.00000,1,+0.62749,+0.00000,0.00651,-4.072,0,206.7,0.0
19.1596,3,0,0.2164,0.2750,-0.05857,1,1,+0.40218,+0.36608,0.11125,245.90,1,-10.000,-0.02549,-12.759,-0.00000,-17.80,+0.00000,1,+0.62749,+0.00000,0.00651,-4.073,0,206.7,0.0
19.1642,3,0,0.2164,0.2750,-0.05857,1,1,+0.40218,+0.36608,0.11125,245.90,1,-10.000,-0.02549,-12.759,-0.00000,-17.80,+0.00000,1,+0.62749,+0.00000,0.00651,-4.073,0,206.7,0.0
19.1684,3,0,0.2164,0.2750,-0.05857,1,1,+0.40218,+0.36608,0.11125,245.90,1,-10.000,-0.02550,-12.759,-0.00000,-17.80,+0.00000,1,+0.62749,+0.00000,0.00651,-4.071,0,214.1,0.0
19.1729,3,0,0.2164,0.2750,-0.05857,1,1,+0.40218,+0.36608,0.11125,245.90,1,-10.000,-0.02550,-12.759,-0.00000,-17.80,+0.00000,1,+0.62749,+0.00000,0.00651,-4.071,0,214.1,0.0
19.1775,3,0,0.2164,0.2750,-0.05857,1,1,+0.40218,+0.36608,0.11125,245.90,1,-10.000,-0.02551,-12.759,-0.00000,-17.80,+0.00000,1,+0.62749,+0.00000,0.00651,-4.070,0,214.1,0.0
19.1987,3,0,0.2164,0.2750,-0.05857,1,1,+0.40218,+0.36608,0.11125,245.90,1,-10.000,-0.02551,-12.759,-0.00000,-17.80,+0.00000,1,+0.62749,+0.00000,0.00651,-4.070,0,214.1,0.0
19.2030,3,0,0.2164,0.2750,-0.05857,1,1,+0.40218,+0.36608,0.11125,245.90,1,-10.000,-0.02520,-12.760,-0.00000,-17.80,+0.00000,1,+0.62749,+0.00000,0.00651,-4.140,0,214.1,0.0
19.2078,3,0,0.2164,0.2750,-0.05857,1,1,+0.40218,+0.36608,0.11125,245.90,1,-10.000,-0.02520,-12.760,-0.00000,-17.80,+0.00000,1,+0.62749,+0.00000,0.00651,-4.140,0,214.1,0.0
19.2130,3,0,0.2164,0.2750,-0.05857,1,1,+0.40218,+0.36608,0.11125,245.90,1,-10.000,-0.02520,-12.760,-0.00000,-17.80,+0.00000,1,+0.62749,+0.00000,0.00651,-4.139,0,214.1,0.0
19.2176,3,0,0.2164,0.2750,-0.05857,1,1,+0.40218,+0.36608,0.11125,245.90,1,-10.000,-0.02520,-12.760,-0.00000,-17.80,+0.00000,1,+0.62749,+0.00000,0.00651,-4.139,0,214.1,0.0
19.2222,3,0,0.2164,0.2750,-0.05857,1,1,+0.40218,+0.36608,0.11125,245.90,1,-10.000,-0.02517,-12.760,-0.00000,-17.80,+0.00000,1,+0.62749,+0.00000,0.00651,-4.146,0,214.1,0.0
19.2270,3,0,0.2164,0.2750,-0.05857,1,1,+0.40218,+0.36608,0.11125,245.90,1,-10.000,-0.02523,-12.760,-0.00000,-17.80,+0.00000,1,+0.62749,+0.00000,0.00651,-4.134,0,214.1,0.0
19.2317,3,0,0.2164,0.2750,-0.05857,1,1,+0.40218,+0.36608,0.11125,245.90,1,-10.000,-0.02523,-12.760,-0.00000,-17.80,+0.00000,1,+0.62749,+0.00000,0.00651,-4.134,0,214.1,0.0
19.2364,3,0,0.2164,0.2750,-0.05857,1,1,+0.40218,+0.36608,0.11125,245.90,1,-10.000,-0.02524,-12.760,-0.00000,-17.80,+0.00000,1,+0.62749,+0.00000,0.00651,-4.131,0,214.1,0.0
19.2411,3,0,0.2164,0.2750,-0.05857,1,1,+0.40218,+0.36608,0.11125,245.90,1,-10.000,-0.02524,-12.760,-0.00000,-17.80,+0.00000,1,+0.62749,+0.00000,0.00651,-4.131,0,214.1,0.0
19.2457,3,0,0.2164,0.2750,-0.05857,1,1,+0.40218,+0.36608,0.11125,245.90,1,-10.000,-0.02523,-12.760,-0.00000,-17.80,+0.00000,1,+0.62749,+0.00000,0.00651,-4.132,0,214.1,0.0
19.2503,3,0,0.2164,0.2750,-0.05857,1,1,+0.40218,+0.36608,0.11125,245.90,1,-10.000,-0.02523,-12.760,-0.00000,-17.80,+0.00000,1,+0.62749,+0.00000,0.00651,-4.132,0,214.1,0.0
19.2551,3,0,0.2164,0.2750,-0.05857,1,1,+0.40218,+0.36608,0.11125,245.90,1,-10.000,-0.02525,-12.760,-0.00000,-17.80,+0.00000,1,+0.62749,+0.00000,0.00651,-4.129,0,214.1,0.0
19.2599,3,0,0.2164,0.2750,-0.05857,1,1,+0.40218,+0.36608,0.11125,245.90,1,-10.000,-0.02525,-12.760,-0.00000,-17.80,+0.00000,1,+0.62749,+0.00000,0.00651,-4.129,0,214.1,0.0
19.2643,3,0,0.2164,0.2750,-0.05857,1,1,+0.40218,+0.36608,0.11125,245.90,1,-10.000,-0.02526,-12.759,-0.00000,-17.80,+0.00000,1,+0.62749,+0.00000,0.00651,-4.126,0,214.1,0.0
19.2689,3,0,0.2164,0.2750,-0.05857,1,1,+0.40218,+0.36608,0.11125,245.90,1,-10.000,-0.02526,-12.759,-0.00000,-17.80,+0.00000,1,+0.62749,+0.00000,0.00651,-4.126,0,214.1,0.0
19.2732,3,0,0.2164,0.2750,-0.05857,1,1,+0.40218,+0.36608,0.11125,245.90,1,-10.000,-0.02526,-12.760,-0.00000,-17.80,+0.00000,1,+0.62749,+0.00000,0.00651,-4.126,0,214.1,0.0
19.2780,3,0,0.2164,0.2750,-0.05857,1,1,+0.40218,+0.36608,0.11125,245.90,1,-10.000,-0.02529,-12.759,-0.00000,-17.80,+0.00000,1,+0.62749,+0.00000,0.00651,-4.119,0,214.1,0.0
19.2827,3,0,0.2164,0.2750,-0.05857,1,1,+0.40218,+0.36608,0.11125,245.90,1,-10.000,-0.02529,-12.759,-0.00000,-17.80,+0.00000,1,+0.62749,+0.00000,0.00651,-4.119,0,214.1,0.0
19.2872,3,0,0.2164,0.2750,-0.05857,1,1,+0.40218,+0.36608,0.11125,245.90,1,-10.000,-0.02529,-12.759,-0.00000,-17.80,+0.00000,1,+0.62749,+0.00000,0.00651,-4.119,0,214.1,0.0
19.2918,3,0,0.2164,0.2750,-0.05857,1,1,+0.40218,+0.36608,0.11125,245.90,1,-10.000,-0.02526,-12.760,-0.00000,-17.80,+0.00000,1,+0.62749,+0.00000,0.00651,-4.127,0,214.1,0.0
19.2963,3,0,0.2164,0.2750,-0.05857,1,1,+0.40218,+0.36608,0.11125,245.90,1,-10.000,-0.02529,-12.759,-0.00000,-17.80,+0.00000,1,+0.62749,+0.00000,0.00651,-4.119,0,214.1,0.0
19.3009,3,0,0.2164,0.2750,-0.05857,1,1,+0.40218,+0.36608,0.11125,245.90,1,-10.000,-0.02529,-12.759,-0.00000,-17.80,+0.00000,1,+0.62749,+0.00000,0.00651,-4.119,0,214.1,0.0
19.3064,3,0,0.2164,0.2750,-0.05857,1,1,+0.40218,+0.36608,0.11125,245.90,1,-10.000,-0.02530,-12.759,-0.00000,-17.80,+0.00000,1,+0.62749,+0.00000,0.00651,-4.116,0,214.1,0.0
19.3114,3,0,0.2164,0.2750,-0.05857,1,1,+0.40218,+0.36608,0.11125,245.90,1,-10.000,-0.02530,-12.759,-0.00000,-17.80,+0.00000,1,+0.62749,+0.00000,0.00651,-4.116,0,214.1,0.0
19.3156,3,0,0.2164,0.2750,-0.05857,1,1,+0.40218,+0.36608,0.11125,245.90,1,-10.000,-0.02531,-12.759,-0.00000,-17.80,+0.00000,1,+0.62749,+0.00000,0.00651,-4.115,0,214.1,0.0
19.3197,3,0,0.2164,0.2750,-0.05857,1,1,+0.40218,+0.36608,0.11125,245.90,1,-10.000,-0.02531,-12.759,-0.00000,-17.80,+0.00000,1,+0.62749,+0.00000,0.00651,-4.115,0,214.1,0.0
19.3243,3,0,0.2164,0.2750,-0.05857,1,1,+0.40218,+0.36608,0.11125,245.90,1,-10.000,-0.02537,-12.759,-0.00000,-17.80,+0.00000,1,+0.62749,+0.00000,0.00651,-4.102,0,214.1,0.0
19.3288,3,0,0.2164,0.2750,-0.05857,1,1,+0.40218,+0.36608,0.11125,245.90,1,-10.000,-0.02537,-12.759,-0.00000,-17.80,+0.00000,1,+0.62749,+0.00000,0.00651,-4.102,0,214.1,0.0
19.3334,3,0,0.2164,0.2750,-0.05857,1,1,+0.40218,+0.36608,0.11125,245.90,1,-10.000,-0.02537,-12.759,-0.00000,-17.80,+0.00000,1,+0.62749,+0.00000,0.00651,-4.102,0,214.1,0.0
19.3380,3,0,0.2164,0.2750,-0.05857,1,1,+0.40218,+0.36608,0.11125,245.90,1,-10.000,-0.02537,-12.759,-0.00000,-17.80,+0.00000,1,+0.62749,+0.00000,0.00651,-4.102,0,214.1,0.0
19.3432,3,0,0.2164,0.2750,-0.05857,1,1,+0.40218,+0.36608,0.11125,245.90,1,-10.000,-0.02536,-12.759,-0.00000,-17.80,+0.00000,1,+0.62749,+0.00000,0.00651,-4.102,0,214.1,0.0
19.3478,3,0,0.2164,0.2750,-0.05857,1,1,+0.40218,+0.36608,0.11125,245.90,1,-10.000,-0.02538,-12.759,-0.00000,-17.80,+0.00000,1,+0.62749,+0.00000,0.00651,-4.098,0,214.1,0.0
19.3519,3,0,0.2164,0.2750,-0.05857,1,1,+0.40218,+0.36608,0.11125,245.90,1,-10.000,-0.02538,-12.759,-0.00000,-17.80,+0.00000,1,+0.62749,+0.00000,0.00651,-4.098,0,214.1,0.0
19.3565,3,0,0.2164,0.2750,-0.05857,1,1,+0.40218,+0.36608,0.11125,245.90,1,-10.000,-0.02538,-12.759,-0.00000,-17.80,+0.00000,1,+0.62749,+0.00000,0.00651,-4.100,0,214.1,0.0
19.3608,3,0,0.2164,0.2750,-0.05857,1,1,+0.40218,+0.36608,0.11125,245.90,1,-10.000,-0.02538,-12.759,-0.00000,-17.80,+0.00000,1,+0.62749,+0.00000,0.00651,-4.100,0,214.1,0.0
19.3654,3,0,0.2164,0.2750,-0.05857,1,1,+0.40218,+0.36608,0.11125,245.90,1,-10.000,-0.02539,-12.759,-0.00000,-17.80,+0.00000,1,+0.62749,+0.00000,0.00651,-4.098,0,214.1,0.0
19.3702,3,0,0.2164,0.2750,-0.05857,1,1,+0.40218,+0.36608,0.11125,245.90,1,-10.000,-0.02539,-12.759,-0.00000,-17.80,+0.00000,1,+0.62749,+0.00000,0.00651,-4.098,0,214.1,0.0
19.3761,3,0,0.2164,0.2750,-0.05857,1,1,+0.40218,+0.36608,0.11125,245.90,1,-10.000,-0.02535,-12.759,-0.00000,-17.80,+0.00000,1,+0.62749,+0.00000,0.00651,-4.106,0,214.1,0.0
19.3807,3,0,0.2164,0.2750,-0.05857,1,1,+0.40218,+0.36608,0.11125,245.90,1,-10.000,-0.02535,-12.759,-0.00000,-17.80,+0.00000,1,+0.62749,+0.00000,0.00651,-4.106,0,214.1,0.0
19.3850,3,0,0.2164,0.2750,-0.05857,1,1,+0.40218,+0.36608,0.11125,245.90,1,-10.000,-0.02534,-12.759,-0.00000,-17.80,+0.00000,1,+0.62749,+0.00000,0.00651,-4.108,0,214.1,0.0
19.3894,3,0,0.2164,0.2750,-0.05857,1,1,+0.40218,+0.36608,0.11125,245.90,1,-10.000,-0.02534,-12.759,-0.00000,-17.80,+0.00000,1,+0.62749,+0.00000,0.00651,-4.108,0,214.1,0.0
19.3939,3,0,0.2164,0.2750,-0.05857,1,1,+0.40218,+0.36608,0.11125,245.90,1,-10.000,-0.02534,-12.759,-0.00000,-17.80,+0.00000,1,+0.62749,+0.00000,0.00651,-4.108,0,214.1,0.0
19.3985,3,0,0.2164,0.2750,-0.05857,1,1,+0.40218,+0.36608,0.11125,245.90,1,-10.000,-0.02533,-12.759,-0.00000,-17.80,+0.00000,1,+0.62749,+0.00000,0.00651,-4.111,0,214.1,0.0
19.4028,3,0,0.2164,0.2750,-0.05857,1,1,+0.40218,+0.36608,0.11125,245.90,1,-10.000,-0.02536,-12.759,-0.00000,-17.80,+0.00000,1,+0.62749,+0.00000,0.00651,-4.104,0,214.1,0.0
19.4074,3,0,0.2164,0.2750,-0.05857,1,1,+0.40218,+0.36608,0.11125,245.90,1,-10.000,-0.02536,-12.759,-0.00000,-17.80,+0.00000,1,+0.62749,+0.00000,0.00651,-4.104,0,214.1,0.0
19.4119,3,0,0.2164,0.2750,-0.05857,1,1,+0.40218,+0.36608,0.11125,245.90,1,-10.000,-0.02540,-12.759,-0.00000,-17.80,+0.00000,1,+0.62749,+0.00000,0.00651,-4.095,0,214.1,0.0
19.4164,3,0,0.2164,0.2750,-0.05857,1,1,+0.40218,+0.36608,0.11125,245.90,1,-10.000,-0.02540,-12.759,-0.00000,-17.80,+0.00000,1,+0.62749,+0.00000,0.00651,-4.095,0,214.1,0.0
19.4249,3,0,0.2164,0.2750,-0.05857,1,1,+0.40218,+0.36608,0.11125,245.90,1,-10.000,-0.02539,-12.759,-0.00000,-17.80,+0.00000,1,+0.62749,+0.00000,0.00651,-4.096,0,214.1,0.0
19.4307,3,0,0.2164,0.2750,-0.05857,1,1,+0.40218,+0.36608,0.11125,245.90,1,-10.000,-0.02540,-12.759,-0.00000,-17.80,+0.00000,1,+0.62749,+0.00000,0.00651,-4.094,0,214.1,0.0
19.4355,3,0,0.2164,0.2750,-0.05857,1,1,+0.40218,+0.36608,0.11125,245.90,1,-10.000,-0.02540,-12.759,-0.00000,-17.80,+0.00000,1,+0.62749,+0.00000,0.00651,-4.094,0,214.1,0.0
19.4401,3,0,0.2164,0.2750,-0.05857,1,1,+0.40218,+0.36608,0.11125,245.90,1,-10.000,-0.02538,-12.759,-0.00000,-17.80,+0.00000,1,+0.62749,+0.00000,0.00651,-4.098,0,214.1,0.0
19.4444,3,0,0.2164,0.2750,-0.05857,1,1,+0.40218,+0.36608,0.11125,245.90,1,-10.000,-0.02538,-12.759,-0.00000,-17.80,+0.00000,1,+0.62749,+0.00000,0.00651,-4.098,0,214.1,0.0
19.4489,3,0,0.2164,0.2750,-0.05857,1,1,+0.40218,+0.36608,0.11125,245.90,1,-10.000,-0.02540,-12.759,-0.00000,-17.80,+0.00000,1,+0.62749,+0.00000,0.00651,-4.094,0,214.1,0.0
19.4535,3,0,0.2164,0.2750,-0.05857,1,1,+0.40218,+0.36608,0.11125,245.90,1,-10.000,-0.02540,-12.759,-0.00000,-17.80,+0.00000,1,+0.62749,+0.00000,0.00651,-4.094,0,214.1,0.0
19.4582,3,0,0.2164,0.2750,-0.05857,1,1,+0.40218,+0.36608,0.11125,245.90,1,-10.000,-0.02538,-12.759,-0.00000,-17.80,+0.00000,1,+0.62749,+0.00000,0.00651,-4.100,0,214.1,0.0
19.4628,3,0,0.2164,0.2750,-0.05857,1,1,+0.40218,+0.36608,0.11125,245.90,1,-10.000,-0.02538,-12.759,-0.00000,-17.80,+0.00000,1,+0.62749,+0.00000,0.00651,-4.100,0,214.1,0.0
19.4676,3,0,0.2164,0.2750,-0.05857,1,1,+0.40218,+0.36608,0.11125,245.90,1,-10.000,-0.02541,-12.759,-0.00000,-17.80,+0.00000,1,+0.62749,+0.00000,0.00651,-4.092,0,214.1,0.0
19.4719,3,0,0.2164,0.2750,-0.05857,1,1,+0.40218,+0.36608,0.11125,245.90,1,-10.000,-0.02543,-12.759,-0.00000,-17.80,+0.00000,1,+0.62749,+0.00000,0.00651,-4.086,0,214.1,0.0
19.4765,3,0,0.2164,0.2750,-0.05857,1,1,+0.40218,+0.36608,0.11125,245.90,1,-10.000,-0.02543,-12.759,-0.00000,-17.80,+0.00000,1,+0.62749,+0.00000,0.00651,-4.086,0,214.1,0.0
19.4810,3,0,0.2164,0.2750,-0.05857,1,1,+0.40218,+0.36608,0.11125,245.90,1,-10.000,-0.02543,-12.759,-0.00000,-17.80,+0.00000,1,+0.62749,+0.00000,0.00651,-4.088,0,214.1,0.0
19.4861,3,0,0.2164,0.2750,-0.05857,1,1,+0.40218,+0.36608,0.11125,245.90,1,-10.000,-0.02543,-12.759,-0.00000,-17.80,+0.00000,1,+0.62749,+0.00000,0.00651,-4.088,0,214.1,0.0
19.4906,3,0,0.2164,0.2750,-0.05857,1,1,+0.40218,+0.36608,0.11125,245.90,1,-10.000,-0.02545,-12.759,-0.00000,-17.80,+0.00000,1,+0.62749,+0.00000,0.00651,-4.082,0,214.1,0.0
19.4953,3,0,0.2164,0.2750,-0.05857,1,1,+0.40218,+0.36608,0.11125,245.90,1,-10.000,-0.02545,-12.759,-0.00000,-17.80,+0.00000,1,+0.62749,+0.00000,0.00651,-4.082,0,214.1,0.0
19.4994,3,0,0.2164,0.2750,-0.05857,1,1,+0.40218,+0.36608,0.11125,245.90,1,-10.000,-0.02549,-12.759,-0.00000,-17.80,+0.00000,1,+0.62749,+0.00000,0.00651,-4.073,0,214.1,0.0
19.5035,3,0,0.2164,0.2750,-0.05857,1,1,+0.40218,+0.36608,0.11125,245.90,1,-10.000,-0.02549,-12.759,-0.00000,-17.80,+0.00000,1,+0.62749,+0.00000,0.00651,-4.073,0,214.1,0.0
19.5081,3,0,0.2164,0.2750,-0.05857,1,1,+0.40218,+0.36608,0.11125,245.90,1,-10.000,-0.02549,-12.759,-0.00000,-17.80,+0.00000,1,+0.62749,+0.00000,0.00651,-4.074,0,214.1,0.0
19.5141,3,0,0.2164,0.2750,-0.05857,1,1,+0.40218,+0.36608,0.11125,245.90,1,-10.000,-0.02549,-12.759,-0.00000,-17.80,+0.00000,1,+0.62749,+0.00000,0.00651,-4.074,0,214.1,0.0
19.5184,3,0,0.2164,0.2750,-0.05857,1,1,+0.40218,+0.36608,0.11125,245.90,1,-10.000,-0.02547,-12.759,-0.00000,-17.80,+0.00000,1,+0.62749,+0.00000,0.00651,-4.079,0,214.1,0.0
19.5227,3,0,0.2164,0.2750,-0.05857,1,1,+0.40218,+0.36608,0.11125,245.90,1,-10.000,-0.02547,-12.759,-0.00000,-17.80,+0.00000,1,+0.62749,+0.00000,0.00651,-4.079,0,214.1,0.0
19.5273,3,0,0.2164,0.2750,-0.05857,1,1,+0.40218,+0.36608,0.11125,245.90,1,-10.000,-0.02546,-12.759,-0.00000,-17.80,+0.00000,1,+0.62749,+0.00000,0.00651,-4.080,0,214.1,0.0
19.5316,3,0,0.2164,0.2750,-0.05857,1,1,+0.40218,+0.36608,0.11125,245.90,1,-10.000,-0.02546,-12.759,-0.00000,-17.80,+0.00000,1,+0.62749,+0.00000,0.00651,-4.080,0,214.1,0.0
19.5362,3,0,0.2164,0.2750,-0.05857,1,1,+0.40218,+0.36608,0.11125,245.90,1,-10.000,-0.02548,-12.759,-0.00000,-17.80,+0.00000,1,+0.62749,+0.00000,0.00651,-4.076,0,214.1,0.0
19.5405,3,0,0.2164,0.2750,-0.05857,1,1,+0.40218,+0.36608,0.11125,245.90,1,-10.000,-0.02548,-12.759,-0.00000,-17.80,+0.00000,1,+0.62749,+0.00000,0.00651,-4.076,0,214.1,0.0
19.5450,3,0,0.2164,0.2750,-0.05857,1,1,+0.40218,+0.36608,0.11125,245.90,1,-10.000,-0.02548,-12.759,-0.00000,-17.80,+0.00000,1,+0.62749,+0.00000,0.00651,-4.077,0,214.1,0.0
19.5494,3,0,0.2164,0.2750,-0.05857,1,1,+0.40218,+0.36608,0.11125,245.90,1,-10.000,-0.02548,-12.759,-0.00000,-17.80,+0.00000,1,+0.62749,+0.00000,0.00651,-4.077,0,214.1,0.0
19.5539,3,0,0.2164,0.2750,-0.05857,1,1,+0.40218,+0.36608,0.11125,245.90,1,-10.000,-0.02549,-12.759,-0.00000,-17.80,+0.00000,1,+0.62749,+0.00000,0.00651,-4.074,0,214.1,0.0
19.5585,3,0,0.2164,0.2750,-0.05857,1,1,+0.40218,+0.36608,0.11125,245.90,1,-10.000,-0.02549,-12.759,-0.00000,-17.80,+0.00000,1,+0.62749,+0.00000,0.00651,-4.074,0,214.1,0.0
19.5636,3,0,0.2164,0.2750,-0.05857,1,1,+0.40218,+0.36608,0.11125,245.90,1,-10.000,-0.02547,-12.759,-0.00000,-17.80,+0.00000,1,+0.62749,+0.00000,0.00651,-4.077,0,214.1,0.0
19.5681,3,0,0.2164,0.2750,-0.05857,1,1,+0.40218,+0.36608,0.11125,245.90,1,-10.000,-0.02547,-12.759,-0.00000,-17.80,+0.00000,1,+0.62749,+0.00000,0.00651,-4.077,0,214.1,0.0
19.5724,3,0,0.2164,0.2750,-0.05857,1,1,+0.40218,+0.36608,0.11125,245.90,1,-10.000,-0.02547,-12.759,-0.00000,-17.80,+0.00000,1,+0.62749,+0.00000,0.00651,-4.079,0,214.1,0.0
19.5771,3,0,0.2164,0.2750,-0.05857,1,1,+0.40218,+0.36608,0.11125,245.90,1,-10.000,-0.02547,-12.759,-0.00000,-17.80,+0.00000,1,+0.62749,+0.00000,0.00651,-4.079,0,214.1,0.0
19.5817,3,0,0.2164,0.2750,-0.05857,1,1,+0.40218,+0.36608,0.11125,245.90,1,-10.000,-0.02547,-12.759,-0.00000,-17.80,+0.00000,1,+0.62749,+0.00000,0.00651,-4.079,0,214.1,0.0
19.5865,3,0,0.2164,0.2750,-0.05857,1,1,+0.40218,+0.36608,0.11125,245.90,1,-10.000,-0.02547,-12.759,-0.00000,-17.80,+0.00000,1,+0.62749,+0.00000,0.00651,-4.078,0,214.1,0.0
19.5910,3,0,0.2164,0.2750,-0.05857,1,1,+0.40218,+0.36608,0.11125,245.90,1,-10.000,-0.02547,-12.759,-0.00000,-17.80,+0.00000,1,+0.62749,+0.00000,0.00651,-4.078,0,214.1,0.0
19.5952,3,0,0.2164,0.2750,-0.05857,1,1,+0.40218,+0.36608,0.11125,245.90,1,-10.000,-0.02550,-12.759,-0.00000,-17.80,+0.00000,1,+0.62749,+0.00000,0.00651,-4.071,0,214.1,0.0
19.5998,3,0,0.2164,0.2750,-0.05857,1,1,+0.40218,+0.36608,0.11125,245.90,1,-10.000,-0.02550,-12.759,-0.00000,-17.80,+0.00000,1,+0.62749,+0.00000,0.00651,-4.071,0,214.1,0.0
19.6040,3,0,0.2164,0.2750,-0.05857,1,1,+0.40218,+0.36608,0.11125,245.90,1,-10.000,-0.02551,-12.759,-0.00000,-17.80,+0.00000,1,+0.62749,+0.00000,0.00651,-4.068,0,214.1,0.0
19.6092,3,0,0.2164,0.2750,-0.05857,1,1,+0.40218,+0.36608,0.11125,245.90,1,-10.000,-0.02551,-12.759,-0.00000,-17.80,+0.00000,1,+0.62749,+0.00000,0.00651,-4.068,0,214.1,0.0
19.6136,3,0,0.2164,0.2750,-0.05857,1,1,+0.40218,+0.36608,0.11125,245.90,1,-10.000,-0.02552,-12.759,-0.00000,-17.80,+0.00000,1,+0.62749,+0.00000,0.00651,-4.066,0,214.1,0.0
19.6181,3,0,0.2164,0.2750,-0.05857,1,1,+0.40218,+0.36608,0.11125,245.90,1,-10.000,-0.02552,-12.759,-0.00000,-17.80,+0.00000,1,+0.62749,+0.00000,0.00651,-4.066,0,214.1,0.0
19.6228,3,0,0.2164,0.2750,-0.05857,1,1,+0.40218,+0.36608,0.11125,245.90,1,-10.000,-0.02556,-12.758,-0.00000,-17.80,+0.00000,1,+0.62749,+0.00000,0.00651,-4.058,0,214.1,0.0
19.6274,3,0,0.2164,0.2750,-0.05857,1,1,+0.40218,+0.36608,0.11125,245.90,1,-10.000,-0.02556,-12.758,-0.00000,-17.80,+0.00000,1,+0.62749,+0.00000,0.00651,-4.058,0,214.1,0.0
19.6340,3,0,0.2164,0.2750,-0.05857,1,1,+0.40218,+0.36608,0.11125,245.90,1,-10.000,-0.02555,-12.759,-0.00000,-17.80,+0.00000,1,+0.62749,+0.00000,0.00651,-4.061,0,214.1,0.0
19.6383,3,0,0.2164,0.2750,-0.05857,1,1,+0.40218,+0.36608,0.11125,245.90,1,-10.000,-0.02557,-12.758,-0.00000,-17.80,+0.00000,1,+0.62749,+0.00000,0.00651,-4.056,0,214.1,0.0
19.6428,3,0,0.2164,0.2750,-0.05857,1,1,+0.40218,+0.36608,0.11125,245.90,1,-10.000,-0.02557,-12.758,-0.00000,-17.80,+0.00000,1,+0.62749,+0.00000,0.00651,-4.056,0,214.1,0.0
19.6475,3,0,0.2164,0.2750,-0.05857,1,1,+0.40218,+0.36608,0.11125,245.90,1,-10.000,-0.02558,-12.758,-0.00000,-17.80,+0.00000,1,+0.62749,+0.00000,0.00651,-4.053,0,214.1,0.0
19.6519,3,0,0.2164,0.2750,-0.05857,1,1,+0.40218,+0.36608,0.11125,245.90,1,-10.000,-0.02561,-12.758,-0.00000,-17.80,+0.00000,1,+0.62749,+0.00000,0.00651,-4.046,0,214.1,0.0
19.6564,3,0,0.2164,0.2750,-0.05857,1,1,+0.40218,+0.36608,0.11125,245.90,1,-10.000,-0.02561,-12.758,-0.00000,-17.80,+0.00000,1,+0.62749,+0.00000,0.00651,-4.046,0,214.1,0.0
19.6610,3,0,0.2164,0.2750,-0.05857,1,1,+0.40218,+0.36608,0.11125,245.90,1,-10.000,-0.02561,-12.758,-0.00000,-17.80,+0.00000,1,+0.62749,+0.00000,0.00651,-4.046,0,214.1,0.0
19.6655,3,0,0.2164,0.2750,-0.05857,1,1,+0.40218,+0.36608,0.11125,245.90,1,-10.000,-0.02557,-12.758,-0.00000,-17.80,+0.00000,1,+0.62749,+0.00000,0.00651,-4.055,0,214.1,0.0
19.6697,3,0,0.2164,0.2750,-0.05857,1,1,+0.40218,+0.36608,0.11125,245.90,1,-10.000,-0.02557,-12.758,-0.00000,-17.80,+0.00000,1,+0.62749,+0.00000,0.00651,-4.055,0,214.1,0.0
19.6741,3,0,0.2164,0.2750,-0.05857,1,1,+0.40218,+0.36608,0.11125,245.90,1,-10.000,-0.02559,-12.758,-0.00000,-17.80,+0.00000,1,+0.62749,+0.00000,0.00651,-4.051,0,214.1,0.0
19.6787,3,0,0.2164,0.2750,-0.05857,1,1,+0.40218,+0.36608,0.11125,245.90,1,-10.000,-0.02559,-12.758,-0.00000,-17.80,+0.00000,1,+0.62749,+0.00000,0.00651,-4.051,0,214.1,0.0
19.6833,3,0,0.2164,0.2750,-0.05857,1,1,+0.40218,+0.36608,0.11125,245.90,1,-10.000,-0.02559,-12.758,-0.00000,-17.80,+0.00000,1,+0.62749,+0.00000,0.00651,-4.050,0,214.1,0.0
19.6879,3,0,0.2164,0.2750,-0.05857,1,1,+0.40218,+0.36608,0.11125,245.90,1,-10.000,-0.02559,-12.758,-0.00000,-17.80,+0.00000,1,+0.62749,+0.00000,0.00651,-4.050,0,214.1,0.0
19.6927,3,0,0.2164,0.2750,-0.05857,1,1,+0.40218,+0.36608,0.11125,245.90,1,-10.000,-0.02556,-12.758,-0.00000,-17.80,+0.00000,1,+0.62749,+0.00000,0.00651,-4.057,0,214.1,0.0
19.6969,3,0,0.2164,0.2750,-0.05857,1,1,+0.40218,+0.36608,0.11125,245.90,1,-10.000,-0.02560,-12.758,-0.00000,-17.80,+0.00000,1,+0.62749,+0.00000,0.00651,-4.049,0,214.1,0.0
19.7014,3,0,0.2164,0.2750,-0.05857,1,1,+0.40218,+0.36608,0.11125,245.90,1,-10.000,-0.02560,-12.758,-0.00000,-17.80,+0.00000,1,+0.62749,+0.00000,0.00651,-4.049,0,214.1,0.0
19.7057,3,0,0.2164,0.2750,-0.05857,1,1,+0.40218,+0.36608,0.11125,245.90,1,-10.000,-0.02560,-12.758,-0.00000,-17.80,+0.00000,1,+0.62749,+0.00000,0.00651,-4.048,0,214.1,0.0
19.7098,3,0,0.2164,0.2750,-0.05857,1,1,+0.40218,+0.36608,0.11125,245.90,1,-10.000,-0.02560,-12.758,-0.00000,-17.80,+0.00000,1,+0.62749,+0.00000,0.00651,-4.048,0,214.1,0.0
19.7144,3,0,0.2164,0.2750,-0.05857,1,1,+0.40218,+0.36608,0.11125,245.90,1,-10.000,-0.02560,-12.758,-0.00000,-17.80,+0.00000,1,+0.62749,+0.00000,0.00651,-4.048,0,214.1,0.0
19.7204,3,0,0.2164,0.2750,-0.05857,1,1,+0.40218,+0.36608,0.11125,245.90,1,-10.000,-0.02560,-12.758,-0.00000,-17.80,+0.00000,1,+0.62749,+0.00000,0.00651,-4.048,0,214.1,0.0
19.7248,3,0,0.2164,0.2750,-0.05857,1,1,+0.40218,+0.36608,0.11125,245.90,1,-10.000,-0.02560,-12.758,-0.00000,-17.80,+0.00000,1,+0.62749,+0.00000,0.00651,-4.048,0,214.1,0.0
19.7315,3,0,0.2164,0.2750,-0.05857,1,1,+0.40218,+0.36608,0.11125,245.90,1,-10.000,-0.02555,-12.758,-0.00000,-17.80,+0.00000,1,+0.62749,+0.00000,0.00651,-4.059,0,214.1,0.0
19.7363,3,0,0.2164,0.2750,-0.05857,1,1,+0.40218,+0.36608,0.11125,245.90,1,-10.000,-0.02557,-12.758,-0.00000,-17.80,+0.00000,1,+0.62749,+0.00000,0.00651,-4.056,0,214.1,0.0
19.7409,3,0,0.2164,0.2750,-0.05857,1,1,+0.40218,+0.36608,0.11125,245.90,1,-10.000,-0.02557,-12.758,-0.00000,-17.80,+0.00000,1,+0.62749,+0.00000,0.00651,-4.056,0,214.1,0.0
19.7456,3,0,0.2164,0.2750,-0.05857,1,1,+0.40218,+0.36608,0.11125,245.90,1,-10.000,-0.02555,-12.758,-0.00000,-17.80,+0.00000,1,+0.62749,+0.00000,0.00651,-4.060,0,214.1,0.0
19.7502,3,0,0.2164,0.2750,-0.05857,1,1,+0.40218,+0.36608,0.11125,245.90,1,-10.000,-0.02555,-12.758,-0.00000,-17.80,+0.00000,1,+0.62749,+0.00000,0.00651,-4.060,0,214.1,0.0
19.7553,3,0,0.2164,0.2750,-0.05857,1,1,+0.40218,+0.36608,0.11125,245.90,1,-10.000,-0.02557,-12.758,-0.00000,-17.80,+0.00000,1,+0.62749,+0.00000,0.00651,-4.056,0,214.1,0.0
19.7607,3,0,0.2164,0.2750,-0.05857,1,1,+0.40218,+0.36608,0.11125,245.90,1,-10.000,-0.02561,-12.758,-0.00000,-17.80,+0.00000,1,+0.62749,+0.00000,0.00651,-4.046,0,214.1,0.0
19.7652,3,0,0.2164,0.2750,-0.05857,1,1,+0.40218,+0.36608,0.11125,245.90,1,-10.000,-0.02561,-12.758,-0.00000,-17.80,+0.00000,1,+0.62749,+0.00000,0.00651,-4.046,0,214.1,0.0
19.7700,3,0,0.2164,0.2750,-0.05857,1,1,+0.40218,+0.36608,0.11125,245.90,1,-10.000,-0.02558,-12.758,-0.00000,-17.80,+0.00000,1,+0.62749,+0.00000,0.00651,-4.054,0,214.1,0.0
19.7742,3,0,0.2164,0.2750,-0.05857,1,1,+0.40218,+0.36608,0.11125,245.90,1,-10.000,-0.02558,-12.758,-0.00000,-17.80,+0.00000,1,+0.62749,+0.00000,0.00651,-4.054,0,214.1,0.0
19.7788,3,0,0.2164,0.2750,-0.05857,1,1,+0.40218,+0.36608,0.11125,245.90,1,-10.000,-0.02560,-12.758,-0.00000,-17.80,+0.00000,1,+0.62749,+0.00000,0.00651,-4.049,0,214.1,0.0
19.7834,3,0,0.2164,0.2750,-0.05857,1,1,+0.40218,+0.36608,0.11125,245.90,1,-10.000,-0.02560,-12.758,-0.00000,-17.80,+0.00000,1,+0.62749,+0.00000,0.00651,-4.049,0,214.1,0.0
19.7877,3,0,0.2164,0.2750,-0.05857,1,1,+0.40218,+0.36608,0.11125,245.90,1,-10.000,-0.02559,-12.758,-0.00000,-17.80,+0.00000,1,+0.62749,+0.00000,0.00651,-4.050,0,214.1,0.0
19.7924,3,0,0.2164,0.2750,-0.05857,1,1,+0.40218,+0.36608,0.11125,245.90,1,-10.000,-0.02559,-12.758,-0.00000,-17.80,+0.00000,1,+0.62749,+0.00000,0.00651,-4.050,0,214.1,0.0
19.7970,3,0,0.2164,0.2750,-0.05857,1,1,+0.40218,+0.36608,0.11125,245.90,1,-10.000,-0.02558,-12.758,-0.00000,-17.80,+0.00000,1,+0.62749,+0.00000,0.00651,-4.053,0,214.1,0.0
19.8016,3,0,0.2164,0.2750,-0.05857,1,1,+0.40218,+0.36608,0.11125,245.90,1,-10.000,-0.02558,-12.758,-0.00000,-17.80,+0.00000,1,+0.62749,+0.00000,0.00651,-4.053,0,214.1,0.0
19.8061,3,0,0.2164,0.2750,-0.05857,1,1,+0.40218,+0.36608,0.11125,245.90,1,-10.000,-0.02561,-12.758,-0.00000,-17.80,+0.00000,1,+0.62749,+0.00000,0.00651,-4.046,0,214.1,0.0
19.8103,3,0,0.2164,0.2750,-0.05857,1,1,+0.40218,+0.36608,0.11125,245.90,1,-10.000,-0.02561,-12.758,-0.00000,-17.80,+0.00000,1,+0.62749,+0.00000,0.00651,-4.046,0,214.1,0.0
19.8150,3,0,0.2164,0.2750,-0.05857,1,1,+0.40218,+0.36608,0.11125,245.90,1,-10.000,-0.02561,-12.758,-0.00000,-17.80,+0.00000,1,+0.62749,+0.00000,0.00651,-4.046,0,214.1,0.0
19.8196,3,0,0.2164,0.2750,-0.05857,1,1,+0.40218,+0.36608,0.11125,245.90,1,-10.000,-0.02566,-12.758,-0.00000,-17.80,+0.00000,1,+0.62749,+0.00000,0.00651,-4.035,0,214.1,0.0
19.8238,3,0,0.2164,0.2750,-0.05857,1,1,+0.40218,+0.36608,0.11125,245.90,1,-10.000,-0.02566,-12.758,-0.00000,-17.80,+0.00000,1,+0.62749,+0.00000,0.00651,-4.035,0,214.1,0.0
19.8289,3,0,0.2164,0.2750,-0.05857,1,1,+0.40218,+0.36608,0.11125,245.90,1,-10.000,-0.02562,-12.758,-0.00000,-17.80,+0.00000,1,+0.62749,+0.00000,0.00651,-4.044,0,214.1,0.0
19.8331,3,0,0.2164,0.2750,-0.05857,1,1,+0.40218,+0.36608,0.11125,245.90,1,-10.000,-0.02562,-12.758,-0.00000,-17.80,+0.00000,1,+0.62749,+0.00000,0.00651,-4.044,0,214.1,0.0
19.8382,3,0,0.2164,0.2750,-0.05857,1,1,+0.40218,+0.36608,0.11125,245.90,1,-10.000,-0.02562,-12.758,-0.00000,-17.80,+0.00000,1,+0.62749,+0.00000,0.00651,-4.044,0,214.1,0.0
19.8487,3,0,0.2164,0.2750,-0.05857,1,1,+0.40218,+0.36608,0.11125,245.90,1,-10.000,-0.02560,-12.758,-0.00000,-17.80,+0.00000,1,+0.62749,+0.00000,0.00651,-4.048,0,214.1,0.0
19.8531,3,0,0.2164,0.2750,-0.05857,1,1,+0.40218,+0.36608,0.11125,245.90,1,-10.000,-0.02556,-12.758,-0.00000,-17.80,+0.00000,1,+0.62749,+0.00000,0.00651,-4.058,0,214.1,0.0
19.8577,3,0,0.2164,0.2750,-0.05857,1,1,+0.40218,+0.36608,0.11125,245.90,1,-10.000,-0.02556,-12.758,-0.00000,-17.80,+0.00000,1,+0.62749,+0.00000,0.00651,-4.058,0,214.1,0.0
19.8622,3,0,0.2164,0.2750,-0.05857,1,1,+0.40218,+0.36608,0.11125,245.90,1,-10.000,-0.02556,-12.758,-0.00000,-17.80,+0.00000,1,+0.62749,+0.00000,0.00651,-4.059,0,214.1,0.0
19.8666,3,0,0.2164,0.2750,-0.05857,1,1,+0.40218,+0.36608,0.11125,245.90,1,-10.000,-0.02558,-12.758,-0.00000,-17.80,+0.00000,1,+0.62749,+0.00000,0.00651,-4.053,0,214.1,0.0
19.8735,3,0,0.2164,0.2750,-0.05857,1,1,+0.40218,+0.36608,0.11125,245.90,1,-10.000,-0.02558,-12.758,-0.00000,-17.80,+0.00000,1,+0.62749,+0.00000,0.00651,-4.053,0,214.1,0.0
19.8781,3,0,0.2164,0.2750,-0.05857,1,1,+0.40218,+0.36608,0.11125,245.90,1,-10.000,-0.02558,-12.758,-0.00000,-17.80,+0.00000,1,+0.62749,+0.00000,0.00651,-4.053,0,214.1,0.0
19.8826,3,0,0.2164,0.2750,-0.05857,1,1,+0.40218,+0.36608,0.11125,245.90,1,-10.000,-0.02558,-12.758,-0.00000,-17.80,+0.00000,1,+0.62749,+0.00000,0.00651,-4.053,0,214.1,0.0
19.8871,3,0,0.2164,0.2750,-0.05857,1,1,+0.40218,+0.36608,0.11125,245.90,1,-10.000,-0.02558,-12.758,-0.00000,-17.80,+0.00000,1,+0.62749,+0.00000,0.00651,-4.053,0,214.1,0.0
19.8917,3,0,0.2164,0.2750,-0.05857,1,1,+0.40218,+0.36608,0.11125,245.90,1,-10.000,-0.02558,-12.758,-0.00000,-17.80,+0.00000,1,+0.62749,+0.00000,0.00651,-4.053,0,214.1,0.0
19.8962,3,0,0.2164,0.2750,-0.05857,1,1,+0.40218,+0.36608,0.11125,245.90,1,-10.000,-0.02558,-12.758,-0.00000,-17.80,+0.00000,1,+0.62749,+0.00000,0.00651,-4.053,0,214.1,0.0
19.9005,3,0,0.2164,0.2750,-0.05857,1,1,+0.40218,+0.36608,0.11125,245.90,1,-10.000,-0.02558,-12.758,-0.00000,-17.80,+0.00000,1,+0.62749,+0.00000,0.00651,-4.053,0,214.1,0.0
19.9050,3,0,0.2164,0.2750,-0.05857,1,1,+0.40218,+0.36608,0.11125,245.90,1,-10.000,-0.02560,-12.758,-0.00000,-17.80,+0.00000,1,+0.62749,+0.00000,0.00651,-4.048,0,214.1,0.0
19.9096,3,0,0.2164,0.2750,-0.05857,1,1,+0.40218,+0.36608,0.11125,245.90,1,-10.000,-0.02561,-12.758,-0.00000,-17.80,+0.00000,1,+0.62749,+0.00000,0.00651,-4.046,0,214.1,0.0
19.9142,3,0,0.2164,0.2750,-0.05857,1,1,+0.40218,+0.36608,0.11125,245.90,1,-10.000,-0.02561,-12.758,-0.00000,-17.80,+0.00000,1,+0.62749,+0.00000,0.00651,-4.046,0,214.1,0.0
19.9185,3,0,0.2164,0.2750,-0.05857,1,1,+0.40218,+0.36608,0.11125,245.90,1,-10.000,-0.02562,-12.758,-0.00000,-17.80,+0.00000,1,+0.62749,+0.00000,0.00651,-4.043,0,214.1,0.0
19.9237,3,0,0.2164,0.2750,-0.05857,1,1,+0.40218,+0.36608,0.11125,245.90,1,-10.000,-0.02562,-12.758,-0.00000,-17.80,+0.00000,1,+0.62749,+0.00000,0.00651,-4.043,0,214.1,0.0
19.9284,3,0,0.2164,0.2750,-0.05857,1,1,+0.40218,+0.36608,0.11125,245.90,1,-10.000,-0.02559,-12.758,-0.00000,-17.80,+0.00000,1,+0.62749,+0.00000,0.00651,-4.052,0,214.1,0.0
19.9330,3,0,0.2164,0.2750,-0.05857,1,1,+0.40218,+0.36608,0.11125,245.90,1,-10.000,-0.02559,-12.758,-0.00000,-17.80,+0.00000,1,+0.62749,+0.00000,0.00651,-4.052,0,214.1,0.0
19.9374,3,0,0.2164,0.2750,-0.05857,1,1,+0.40218,+0.36608,0.11125,245.90,1,-10.000,-0.02562,-12.758,-0.00000,-17.80,+0.00000,1,+0.62749,+0.00000,0.00651,-4.044,0,214.1,0.0
19.9422,3,0,0.2164,0.2750,-0.05857,1,1,+0.40218,+0.36608,0.11125,245.90,1,-10.000,-0.02562,-12.758,-0.00000,-17.80,+0.00000,1,+0.62749,+0.00000,0.00651,-4.044,0,214.1,0.0
19.9466,3,0,0.2164,0.2750,-0.05857,1,1,+0.40218,+0.36608,0.11125,245.90,1,-10.000,-0.02561,-12.758,-0.00000,-17.80,+0.00000,1,+0.62749,+0.00000,0.00651,-4.046,0,214.1,0.0
19.9511,3,0,0.2164,0.2750,-0.05857,1,1,+0.40218,+0.36608,0.11125,245.90,1,-10.000,-0.02561,-12.758,-0.00000,-17.80,+0.00000,1,+0.62749,+0.00000,0.00651,-4.046,0,214.1,0.0
19.9557,3,0,0.2164,0.2750,-0.05857,1,1,+0.40218,+0.36608,0.11125,245.90,1,-10.000,-0.02560,-12.758,-0.00000,-17.80,+0.00000,1,+0.62749,+0.00000,0.00651,-4.049,0,214.1,0.0
19.9600,3,0,0.2164,0.2750,-0.05857,1,1,+0.40218,+0.36608,0.11125,245.90,1,-10.000,-0.02560,-12.758,-0.00000,-17.80,+0.00000,1,+0.62749,+0.00000,0.00651,-4.049,0,214.1,0.0
19.9645,3,0,0.2164,0.2750,-0.05857,1,1,+0.40218,+0.36608,0.11125,245.90,1,-10.000,-0.02562,-12.758,-0.00000,-17.80,+0.00000,1,+0.62749,+0.00000,0.00651,-4.045,0,214.1,0.0
19.9688,3,0,0.2164,0.2750,-0.05857,1,1,+0.40218,+0.36608,0.11125,245.90,1,-10.000,-0.02562,-12.758,-0.00000,-17.80,+0.00000,1,+0.62749,+0.00000,0.00651,-4.045,0,214.1,0.0
19.9730,3,0,0.2164,0.2750,-0.05857,1,1,+0.40218,+0.36608,0.11125,245.90,1,-10.000,-0.02559,-12.758,-0.00000,-17.80,+0.00000,1,+0.62749,+0.00000,0.00651,-4.052,0,214.1,0.0
19.9856,3,0,0.2164,0.2750,-0.05857,1,1,+0.40218,+0.36608,0.11125,245.90,1,-10.000,-0.02559,-12.758,-0.00000,-17.80,+0.00000,1,+0.62749,+0.00000,0.00651,-4.052,0,214.1,0.0
19.9905,3,0,0.2164,0.2750,-0.05857,1,1,+0.40218,+0.36608,0.11125,245.90,1,-10.000,-0.02545,-12.759,-0.00000,-17.80,+0.00000,1,+0.62749,+0.00000,0.00651,-4.083,0,214.1,0.0
19.9951,3,0,0.2164,0.2750,-0.05857,1,1,+0.40218,+0.36608,0.11125,245.90,1,-10.000,-0.02545,-12.759,-0.00000,-17.80,+0.00000,1,+0.62749,+0.00000,0.00651,-4.083,0,214.1,0.0
19.9997,3,0,0.2164,0.2750,-0.05857,1,1,+0.40218,+0.36608,0.11125,245.90,1,-10.000,-0.02546,-12.759,-0.00000,-17.80,+0.00000,1,+0.62749,+0.00000,0.00651,-4.081,0,214.1,0.0
20.0040,3,0,0.2164,0.2750,-0.05857,1,1,+0.40218,+0.36608,0.11125,245.90,1,-10.000,-0.02546,-12.759,-0.00000,-17.80,+0.00000,1,+0.62749,+0.00000,0.00651,-4.081,0,214.1,0.0
20.0085,3,0,0.2164,0.2750,-0.05857,1,1,+0.40218,+0.36608,0.11125,245.90,1,-10.000,-0.02546,-12.759,-0.00000,-17.80,+0.00000,1,+0.62749,+0.00000,0.00651,-4.080,0,214.1,0.0
20.0127,3,0,0.2164,0.2750,-0.05857,1,1,+0.40218,+0.36608,0.11125,245.90,1,-10.000,-0.02546,-12.759,-0.00000,-17.80,+0.00000,1,+0.62749,+0.00000,0.00651,-4.080,0,214.1,0.0
20.0172,3,0,0.2164,0.2750,-0.05857,1,1,+0.40218,+0.36608,0.11125,245.90,1,-10.000,-0.02548,-12.759,-0.00000,-17.80,+0.00000,1,+0.62749,+0.00000,0.00651,-4.076,0,214.1,0.0
20.0218,3,0,0.2164,0.2750,-0.05857,1,1,+0.40218,+0.36608,0.11125,245.90,1,-10.000,-0.02548,-12.759,-0.00000,-17.80,+0.00000,1,+0.62749,+0.00000,0.00651,-4.076,0,214.1,0.0
20.0262,3,0,0.2164,0.2750,-0.05857,1,1,+0.40218,+0.36608,0.11125,245.90,1,-10.000,-0.02548,-12.759,-0.00000,-17.80,+0.00000,1,+0.62749,+0.00000,0.00651,-4.077,0,214.1,0.0
20.0309,3,0,0.2164,0.2750,-0.05857,1,1,+0.40218,+0.36608,0.11125,245.90,1,-10.000,-0.02548,-12.759,-0.00000,-17.80,+0.00000,1,+0.62749,+0.00000,0.00651,-4.077,0,214.1,0.0
20.0356,3,0,0.2164,0.2750,-0.05857,1,1,+0.40218,+0.36608,0.11125,245.90,1,-10.000,-0.02548,-12.759,-0.00000,-17.80,+0.00000,1,+0.62749,+0.00000,0.00651,-4.075,0,214.1,0.0
20.0404,3,0,0.2164,0.2750,-0.05857,1,1,+0.40218,+0.36608,0.11125,245.90,1,-10.000,-0.02548,-12.759,-0.00000,-17.80,+0.00000,1,+0.62749,+0.00000,0.00651,-4.075,0,214.1,0.0
20.0472,3,0,0.2164,0.2750,-0.05857,1,1,+0.40218,+0.36608,0.11125,245.90,1,-10.000,-0.02545,-12.759,-0.00000,-17.80,+0.00000,1,+0.62749,+0.00000,0.00651,-4.082,0,214.1,0.0
20.0514,3,0,0.2164,0.2750,-0.05857,1,1,+0.40218,+0.36608,0.11125,245.90,1,-10.000,-0.02545,-12.759,-0.00000,-17.80,+0.00000,1,+0.62749,+0.00000,0.00651,-4.083,0,214.1,0.0
20.0557,3,0,0.2164,0.2750,-0.05857,1,1,+0.40218,+0.36608,0.11125,245.90,1,-10.000,-0.02545,-12.759,-0.00000,-17.80,+0.00000,1,+0.62749,+0.00000,0.00651,-4.083,0,214.1,0.0
20.0607,3,0,0.2164,0.2750,-0.05857,1,1,+0.40218,+0.36608,0.11125,245.90,1,-10.000,-0.02543,-12.759,-0.00000,-17.80,+0.00000,1,+0.62749,+0.00000,0.00651,-4.086,0,214.1,0.0
20.0653,3,0,0.2164,0.2750,-0.05857,1,1,+0.40218,+0.36608,0.11125,245.90,1,-10.000,-0.02543,-12.759,-0.00000,-17.80,+0.00000,1,+0.62749,+0.00000,0.00651,-4.086,0,214.1,0.0
20.0699,3,0,0.2164,0.2750,-0.05857,1,1,+0.40218,+0.36608,0.11125,245.90,1,-10.000,-0.02544,-12.759,-0.00000,-17.80,+0.00000,1,+0.62749,+0.00000,0.00651,-4.084,0,214.1,0.0
20.0745,3,0,0.2164,0.2750,-0.05857,1,1,+0.40218,+0.36608,0.11125,245.90,1,-10.000,-0.02544,-12.759,-0.00000,-17.80,+0.00000,1,+0.62749,+0.00000,0.00651,-4.084,0,214.1,0.0
20.0793,3,0,0.2164,0.2750,-0.05857,1,1,+0.40218,+0.36608,0.11125,245.90,1,-10.000,-0.02542,-12.759,-0.00000,-17.80,+0.00000,1,+0.62749,+0.00000,0.00651,-4.089,0,214.1,0.0
20.0836,3,0,0.2164,0.2750,-0.05857,1,1,+0.40218,+0.36608,0.11125,245.90,1,-10.000,-0.02542,-12.759,-0.00000,-17.80,+0.00000,1,+0.62749,+0.00000,0.00651,-4.089,0,214.1,0.0
20.0882,3,0,0.2164,0.2750,-0.05857,1,1,+0.40218,+0.36608,0.11125,245.90,1,-10.000,-0.02548,-12.759,-0.00000,-17.80,+0.00000,1,+0.62749,+0.00000,0.00651,-4.076,0,214.1,0.0
20.0928,3,0,0.2164,0.2750,-0.05857,1,1,+0.40218,+0.36608,0.11125,245.90,1,-10.000,-0.02548,-12.759,-0.00000,-17.80,+0.00000,1,+0.62749,+0.00000,0.00651,-4.076,0,214.1,0.0
20.0975,3,0,0.2164,0.2750,-0.05857,1,1,+0.40218,+0.36608,0.11125,245.90,1,-10.000,-0.02544,-12.759,-0.00000,-17.80,+0.00000,1,+0.62749,+0.00000,0.00651,-4.085,0,214.1,0.0
20.1021,3,0,0.2164,0.2750,-0.05857,1,1,+0.40218,+0.36608,0.11125,245.90,1,-10.000,-0.02544,-12.759,-0.00000,-17.80,+0.00000,1,+0.62749,+0.00000,0.00651,-4.085,0,214.1,0.0
20.1065,3,0,0.2164,0.2750,-0.05857,1,1,+0.40218,+0.36608,0.11125,245.90,1,-10.000,-0.02549,-12.759,-0.00000,-17.80,+0.00000,1,+0.62749,+0.00000,0.00651,-4.074,0,214.1,0.0
20.1110,3,0,0.2164,0.2750,-0.05857,1,1,+0.40218,+0.36608,0.11125,245.90,1,-10.000,-0.02549,-12.759,-0.00000,-17.80,+0.00000,1,+0.62749,+0.00000,0.00651,-4.074,0,214.1,0.0
20.1156,3,0,0.2164,0.2750,-0.05857,1,1,+0.40218,+0.36608,0.11125,245.90,1,-10.000,-0.02548,-12.759,-0.00000,-17.80,+0.00000,1,+0.62749,+0.00000,0.00651,-4.075,0,214.1,0.0
20.1203,3,0,0.2164,0.2750,-0.05857,1,1,+0.40218,+0.36608,0.11125,245.90,1,-10.000,-0.02552,-12.758,-0.00000,-17.80,+0.00000,1,+0.62749,+0.00000,0.00651,-4.067,0,214.1,0.0
20.1248,3,0,0.2164,0.2750,-0.05857,1,1,+0.40218,+0.36608,0.11125,245.90,1,-10.000,-0.02552,-12.758,-0.00000,-17.80,+0.00000,1,+0.62749,+0.00000,0.00651,-4.067,0,214.1,0.0
20.1293,3,0,0.2164,0.2750,-0.05857,1,1,+0.40218,+0.36608,0.11125,245.90,1,-10.000,-0.02552,-12.758,-0.00000,-17.80,+0.00000,1,+0.62749,+0.00000,0.00651,-4.067,0,214.1,0.0
20.1339,3,0,0.2164,0.2750,-0.05857,1,1,+0.40218,+0.36608,0.11125,245.90,1,-10.000,-0.02552,-12.758,-0.00000,-17.80,+0.00000,1,+0.62749,+0.00000,0.00651,-4.067,0,214.1,0.0
20.1382,3,0,0.2164,0.2750,-0.05857,1,1,+0.40218,+0.36608,0.11125,245.90,1,-10.000,-0.02552,-12.758,-0.00000,-17.80,+0.00000,1,+0.62749,+0.00000,0.00651,-4.067,0,214.1,0.0
20.1425,3,0,0.2164,0.2750,-0.05857,1,1,+0.40218,+0.36608,0.11125,245.90,1,-10.000,-0.02552,-12.758,-0.00000,-17.80,+0.00000,1,+0.62749,+0.00000,0.00651,-4.067,0,214.1,0.0
20.1472,3,0,0.2164,0.2750,-0.05857,1,1,+0.40218,+0.36608,0.11125,245.90,1,-10.000,-0.02554,-12.758,-0.00000,-17.80,+0.00000,1,+0.62749,+0.00000,0.00651,-4.062,0,214.1,0.0
20.1518,3,0,0.2164,0.2750,-0.05857,1,1,+0.40218,+0.36608,0.11125,245.90,1,-10.000,-0.02554,-12.758,-0.00000,-17.80,+0.00000,1,+0.62749,+0.00000,0.00651,-4.062,0,214.1,0.0
20.1563,3,0,0.2164,0.2750,-0.05857,1,1,+0.40218,+0.36608,0.11125,245.90,1,-10.000,-0.02557,-12.758,-0.00000,-17.80,+0.00000,1,+0.62749,+0.00000,0.00651,-4.055,0,214.1,0.0
20.1609,3,0,0.2164,0.2750,-0.05857,1,1,+0.40218,+0.36608,0.11125,245.90,1,-10.000,-0.02557,-12.758,-0.00000,-17.80,+0.00000,1,+0.62749,+0.00000,0.00651,-4.055,0,214.1,0.0
20.1652,3,0,0.2164,0.2750,-0.05857,1,1,+0.40218,+0.36608,0.11125,245.90,1,-10.000,-0.02558,-12.758,-0.00000,-17.80,+0.00000,1,+0.62749,+0.00000,0.00651,-4.054,0,214.1,0.0
20.1695,3,0,0.2164,0.2750,-0.05857,1,1,+0.40218,+0.36608,0.11125,245.90,1,-10.000,-0.02558,-12.758,-0.00000,-17.80,+0.00000,1,+0.62749,+0.00000,0.00651,-4.054,0,208.8,0.0
20.1740,3,0,0.2164,0.2750,-0.05857,1,1,+0.40218,+0.36608,0.11125,245.90,1,-10.000,-0.02558,-12.758,-0.00000,-17.80,+0.00000,1,+0.62749,+0.00000,0.00651,-4.052,0,208.8,0.0
20.1786,3,0,0.2164,0.2750,-0.05857,1,1,+0.40218,+0.36608,0.11125,245.90,1,-10.000,-0.02558,-12.758,-0.00000,-17.80,+0.00000,1,+0.62749,+0.00000,0.00651,-4.052,0,208.8,0.0
20.1830,3,0,0.2164,0.2750,-0.05857,1,1,+0.40218,+0.36608,0.11125,245.90,1,-10.000,-0.02558,-12.758,-0.00000,-17.80,+0.00000,1,+0.62749,+0.00000,0.00651,-4.053,0,208.8,0.0
20.1872,3,0,0.2164,0.2750,-0.05857,1,1,+0.40218,+0.36608,0.11125,245.90,1,-10.000,-0.02558,-12.758,-0.00000,-17.80,+0.00000,1,+0.62749,+0.00000,0.00651,-4.053,0,208.8,0.0
20.1916,3,0,0.2164,0.2750,-0.05857,1,1,+0.40218,+0.36608,0.11125,245.90,1,-10.000,-0.02557,-12.758,-0.00000,-17.80,+0.00000,1,+0.62749,+0.00000,0.00651,-4.055,0,208.8,0.0
20.1958,3,0,0.2164,0.2750,-0.05857,1,1,+0.40218,+0.36608,0.11125,245.90,1,-10.000,-0.02561,-12.758,-0.00000,-17.80,+0.00000,1,+0.62749,+0.00000,0.00651,-4.045,0,208.8,0.0
20.2004,3,0,0.2164,0.2750,-0.05857,1,1,+0.40218,+0.36608,0.11125,245.90,1,-10.000,-0.02561,-12.758,-0.00000,-17.80,+0.00000,1,+0.62749,+0.00000,0.00651,-4.045,0,208.8,0.0
20.2050,3,0,0.2164,0.2750,-0.05857,1,1,+0.40218,+0.36608,0.11125,245.90,1,-10.000,-0.02561,-12.758,-0.00000,-17.80,+0.00000,1,+0.62749,+0.00000,0.00651,-4.045,0,208.8,0.0
20.2096,3,0,0.2164,0.2750,-0.05857,1,1,+0.40218,+0.36608,0.11125,245.90,1,-10.000,-0.02560,-12.758,-0.00000,-17.80,+0.00000,1,+0.62749,+0.00000,0.00651,-4.047,0,208.8,0.0
20.2141,3,0,0.2164,0.2750,-0.05857,1,1,+0.40218,+0.36608,0.11125,245.90,1,-10.000,-0.02560,-12.758,-0.00000,-17.80,+0.00000,1,+0.62749,+0.00000,0.00651,-4.047,0,208.8,0.0
20.2201,3,0,0.2164,0.2750,-0.05857,1,1,+0.40218,+0.36608,0.11125,245.90,1,-10.000,-0.02559,-12.758,-0.00000,-17.80,+0.00000,1,+0.62749,+0.00000,0.00651,-4.051,0,208.8,0.0
