t,seg,active_gate,thrust,thrust_cmd,base_thrust,vtrim,descent_on,gate_v_ok,gate_found,u_err,v_err,size_frac,cy,steer,des_roll_deg,roll_n,est_pitch_deg,gyro_pitch,des_pitch_deg,pitch_n,tube_found,u_tube,curvature,area_frac,est_roll_deg,hold_on,loop_hz,det_hz
0.019226,0,0,0.275000,0.275000,0.2750,+0.00000,0,0,1,+0.02185,-0.01483,0.08315,177.33,0,+0.000,+0.00000,-17.802,+0.00000,-10.00,+0.03404,1,-0.01874,-0.00108,0.01763,+0.015,1,0.0,0.0
0.060041,0,0,0.275000,0.275000,0.2750,+0.00000,0,0,1,+0.02155,-0.01604,0.08425,177.11,0,+0.000,+0.00000,-17.802,+0.00000,-10.00,+0.03404,1,-0.02093,-0.00094,0.01757,+0.015,1,0.0,0.0
0.094820,0,0,0.275000,0.275000,0.2750,+0.00000,0,0,1,+0.02208,-0.01669,0.08444,177.00,0,+0.000,+0.00000,-17.932,-0.00948,-10.00,+0.03465,1,-0.02383,+0.00125,0.01812,+0.006,1,0.0,0.0
0.128285,0,0,0.275000,0.275000,0.2750,+0.00000,0,0,1,+0.01911,-0.01704,0.08333,176.93,0,+0.000,+0.00000,-17.408,+0.24816,-10.00,+0.03129,1,-0.02698,+0.00531,0.01910,+0.001,1,0.0,0.0
0.162050,0,0,0.275000,0.275000,0.2750,+0.00000,0,0,1,+0.01696,-0.03657,0.08165,173.42,0,+0.000,+0.00000,-15.130,+0.59187,-10.00,+0.01992,1,-0.16952,+0.14355,0.03511,-0.005,1,0.0,0.0
0.196456,0,0,0.275000,0.275000,0.2750,+0.00000,0,0,1,+0.01742,-0.06205,0.08444,168.83,0,+0.000,+0.00000,-13.075,+0.37809,-10.00,+0.01184,1,-0.01190,-0.02897,0.12409,+0.002,1,0.0,0.0
0.230634,0,0,0.275000,0.275000,0.2750,+0.00000,0,0,1,+0.01821,-0.09644,0.08032,162.64,0,+0.000,+0.00000,-11.439,+0.25224,-10.00,+0.00523,1,-0.00449,+0.00314,0.17685,+0.003,1,0.0,0.0
0.262959,0,0,0.275000,0.275000,0.2750,+0.00000,0,0,1,+0.01559,-0.11073,0.07370,160.07,0,+0.000,+0.00000,-10.424,+0.17965,-10.00,+0.00110,1,-0.00123,+0.00085,0.19030,+0.003,1,0.0,0.0
0.297004,0,0,0.275000,0.275000,0.2750,+0.00000,0,0,1,+0.01595,-0.05965,0.04843,169.26,0,+0.000,+0.00000,-9.506,+0.08995,-10.00,-0.00253,1,-0.00356,+0.00336,0.18052,+0.004,1,0.0,0.0
0.328982,0,0,0.275000,0.275000,0.2750,+0.00000,0,0,1,+0.01425,-0.06368,0.05358,168.54,0,+0.000,+0.00000,-8.669,+0.03903,-10.00,-0.00597,1,-0.00707,+0.00722,0.16216,+0.004,1,0.0,0.0
0.361253,0,0,0.275000,0.275000,0.2750,+0.00000,0,0,1,+0.01448,-0.09669,0.05666,162.60,0,+0.000,+0.00000,-7.918,-0.00395,-10.00,-0.00907,1,-0.01590,+0.01276,0.12375,+0.005,1,0.0,0.0
0.396693,0,0,0.275000,0.275000,0.2750,+0.00000,0,0,1,+0.01629,-0.10756,0.06136,160.64,0,+0.000,+0.00000,-7.351,-0.04992,-10.00,-0.01135,1,-0.00806,+0.00325,0.08644,+0.005,1,0.0,0.0
0.431239,0,0,0.275000,0.275000,0.2750,+0.00000,0,0,1,+0.01855,-0.10908,0.07005,160.36,0,+0.000,+0.00000,-6.898,-0.08538,-10.00,-0.01318,1,-0.05153,+0.04474,0.06801,+0.005,1,0.0,0.0
0.467147,0,0,0.275000,0.275000,0.2750,+0.00000,0,0,1,+0.01949,-0.10456,0.07201,161.18,0,+0.000,+0.00000,-6.459,-0.11981,-10.00,-0.01495,1,-0.05732,+0.04673,0.05187,+0.005,1,0.0,0.0
0.499365,0,0,0.275000,0.275000,0.2750,+0.00000,0,0,1,+0.02036,-0.09539,0.07265,162.83,0,+0.000,+0.00000,-6.262,-0.13557,-10.00,-0.01575,1,-0.03061,+0.01357,0.04243,+0.005,1,0.0,0.0
0.534327,0,0,0.275000,0.275000,0.2750,+0.00000,0,0,1,+0.02176,-0.08550,0.07597,164.61,0,+0.000,+0.00000,-6.276,-0.15948,-10.00,-0.01558,1,-0.04375,+0.02886,0.03728,+0.005,1,0.0,0.0
0.566143,0,0,0.275000,0.275000,0.2750,+0.00000,0,0,1,+0.02237,-0.07310,0.07515,166.84,0,+0.000,+0.00000,-6.113,-0.17179,-10.00,-0.01625,1,-0.03319,+0.01914,0.03569,+0.005,1,0.0,0.0
0.601261,0,0,0.275000,0.275000,0.2750,+0.00000,0,0,1,+0.02370,-0.07338,0.07495,166.79,0,+0.000,+0.00000,-6.010,-0.17065,-10.00,-0.01670,1,-0.04509,+0.02160,0.03412,+0.005,1,0.0,0.0
0.633665,0,0,0.275000,0.275000,0.2750,+0.00000,0,0,1,+0.02124,-0.05939,0.07974,169.31,0,+0.000,+0.00000,-5.876,-0.17910,-10.00,-0.01725,1,-0.05325,+0.01517,0.03143,+0.005,1,0.0,0.0
0.667201,0,0,0.275000,0.275000,0.2750,+0.00000,0,0,1,+0.02221,-0.05624,0.07758,169.88,0,+0.000,+0.00000,-5.870,-0.18583,-10.00,-0.01725,1,-0.06837,+0.02511,0.02874,+0.004,1,0.0,0.0
0.701594,0,0,0.275000,0.275000,0.2750,+0.00000,0,0,1,+0.02169,-0.04995,0.07974,171.01,0,+0.000,+0.00000,-5.835,-0.19419,-10.00,-0.01736,1,-0.07608,+0.03342,0.02417,+0.004,1,0.0,0.0
0.736492,0,0,0.275000,0.275000,0.2750,+0.00000,0,0,1,+0.02157,-0.03592,0.07896,173.53,0,+0.000,+0.00000,-5.834,-0.19616,-10.00,-0.01736,1,-0.12072,+0.08422,0.01978,+0.004,1,0.0,0.0
0.771825,0,0,0.275000,0.275000,0.2750,+0.00000,0,0,1,+0.02186,-0.02764,0.08032,175.02,0,+0.000,+0.00000,-5.783,-0.19863,-10.00,-0.01757,1,-0.10662,+0.07078,0.01655,+0.004,1,0.0,0.0
0.808022,0,0,0.275000,0.275000,0.2750,+0.00000,0,0,1,+0.02189,-0.02187,0.08259,176.06,0,+0.000,+0.00000,-5.803,-0.19959,-10.00,-0.01748,1,-0.16446,+0.13390,0.01367,+0.004,1,0.0,0.0
0.842927,0,0,0.275000,0.275000,0.2750,+0.00000,0,0,1,+0.02068,-0.01406,0.08425,177.47,0,+0.000,+0.00000,-5.815,-0.20284,-10.00,-0.01741,0,+0.00000,+0.00000,0.01176,+0.003,1,0.0,0.0
0.876415,0,0,0.275000,0.275000,0.2750,+0.00000,0,0,1,+0.01997,-0.00847,0.08607,178.47,0,+0.000,+0.00000,-5.843,-0.20269,-10.00,-0.01729,0,+0.00000,+0.00000,0.00950,+0.003,1,0.0,0.0
0.911299,0,0,0.275000,0.275000,0.2750,+0.00000,0,0,1,+0.01585,+0.00357,0.08714,180.64,0,+0.000,+0.00000,-5.896,-0.20231,-10.00,-0.01706,0,+0.00000,+0.00000,0.00962,+0.003,1,0.0,0.0
0.943772,0,0,0.275000,0.275000,0.2750,+0.00000,0,0,1,+0.01445,+0.01253,0.08784,182.26,0,+0.000,+0.00000,-5.948,-0.20162,-10.00,-0.01684,0,+0.00000,+0.00000,0.00723,+0.003,1,0.0,0.0
0.975874,0,0,0.275000,0.275000,0.2750,+0.00000,0,0,1,+0.01665,+0.02733,0.08784,184.92,0,+0.000,+0.00000,-6.002,-0.19946,-10.00,-0.01661,0,+0.00000,+0.00000,0.00345,+0.003,1,0.0,0.0
1.008952,0,0,0.275000,0.275000,0.2750,+0.00000,0,0,1,+0.01499,+0.03758,0.08854,186.76,0,+0.000,+0.00000,-6.068,-0.19716,-10.00,-0.01634,0,+0.00000,+0.00000,0.00163,+0.002,1,0.0,0.0
1.040464,0,0,0.275000,0.275000,0.2750,+0.00000,0,0,1,+0.01559,+0.05305,0.09280,189.55,0,+0.000,+0.00000,-6.097,-0.19481,-10.00,-0.01622,0,+0.00000,+0.00000,0.00155,+0.002,1,30.3,29.3
1.072185,0,0,0.275000,0.275000,0.2750,+0.00000,0,0,1,+0.01461,+0.06344,0.09329,191.42,0,+0.000,+0.00000,-6.175,-0.19207,-10.00,-0.01589,0,+0.00000,+0.00000,0.00155,+0.002,1,30.3,29.3
1.105673,0,0,0.275000,0.275000,0.2750,+0.00000,0,0,1,+0.01406,+0.07348,0.08975,193.23,0,+0.000,+0.00000,-6.259,-0.19110,-10.00,-0.01553,0,+0.00000,+0.00000,0.00161,+0.002,1,30.3,29.3
1.139455,0,0,0.275000,0.275000,0.2750,+0.00000,0,0,1,+0.01454,+0.08820,0.09230,195.88,0,+0.000,+0.00000,-6.330,-0.18782,-10.00,-0.01523,0,+0.00000,+0.00000,0.00153,+0.002,1,30.3,29.3
1.170876,0,0,0.275000,0.275000,0.2750,+0.00000,0,0,1,+0.01578,+0.09948,0.09296,197.91,0,+0.000,+0.00000,-6.394,-0.18473,-10.00,-0.01496,0,+0.00000,+0.00000,0.00173,+0.002,1,30.3,29.3
1.207141,0,0,0.275000,0.275000,0.2750,+0.00000,0,0,1,+0.01693,+0.10543,0.09606,198.98,0,+0.000,+0.00000,-6.417,-0.18069,-10.00,-0.01488,0,+0.00000,+0.00000,0.00174,+0.002,1,30.3,29.3
1.240857,0,0,0.275000,0.275000,0.2750,+0.00000,0,0,1,+0.01812,+0.11424,0.09766,200.56,0,+0.000,+0.00000,-6.512,-0.17749,-10.00,-0.01448,0,+0.00000,+0.00000,0.00247,+0.002,1,30.3,29.3
1.277929,0,0,0.275000,0.275000,0.2750,+0.00000,0,0,1,+0.01845,+0.12494,0.09797,202.49,0,+0.000,+0.00000,-6.532,-0.17643,-10.00,-0.01440,0,+0.00000,+0.00000,0.01773,+0.001,1,30.3,29.3
1.310125,0,0,0.275000,0.275000,0.2750,+0.00000,0,0,1,+0.01855,+0.13518,0.09829,204.33,0,+0.000,+0.00000,-6.616,-0.17264,-10.00,-0.01405,0,+0.00000,+0.00000,0.07007,+0.001,1,30.3,29.3
1.344289,0,0,0.275000,0.275000,0.2750,+0.00000,0,0,1,+0.01974,+0.14464,0.09477,206.03,0,+0.000,+0.00000,-6.643,-0.17064,-10.00,-0.01394,0,+0.00000,+0.00000,0.10290,+0.001,1,30.3,29.3
1.379455,0,0,0.275000,0.275000,0.2750,+0.00000,0,0,1,+0.01857,+0.15309,0.09280,207.56,0,+0.000,+0.00000,-6.666,-0.16673,-10.00,-0.01385,0,+0.00000,+0.00000,0.11419,+0.001,1,30.3,29.3
1.416728,0,0,0.275000,0.275000,0.2750,+0.00000,0,0,1,+0.01858,+0.16704,0.09526,210.07,0,+0.000,+0.00000,-6.707,-0.16572,-10.00,-0.01368,0,+0.00000,+0.00000,0.10710,+0.001,1,30.3,29.3
1.451352,0,0,0.275000,0.275000,0.2750,+0.00000,0,0,1,+0.01881,+0.17056,0.09797,210.70,0,+0.000,+0.00000,-6.784,-0.16482,-10.00,-0.01335,0,+0.00000,+0.00000,0.09528,+0.001,1,30.3,29.3
1.486882,0,0,0.275000,0.275000,0.2750,+0.00000,0,0,1,+0.01887,+0.17748,0.09655,211.95,0,+0.000,+0.00000,-6.815,-0.16270,-10.00,-0.01322,0,+0.00000,+0.00000,0.07891,+0.001,1,30.3,29.3
1.522167,0,0,0.275000,0.275000,0.2750,+0.00000,0,0,1,+0.01887,+0.20664,0.09639,217.20,0,+0.000,+0.00000,-6.864,-0.15870,-10.00,-0.01302,1,+0.03185,-0.01902,0.04267,+0.001,1,30.3,29.3
1.559311,0,0,0.275000,0.275000,0.2750,+0.00000,0,0,1,+0.01887,+0.20664,0.09639,217.20,0,+0.000,+0.00000,-6.919,-0.15746,-10.00,-0.01279,1,+0.03185,-0.01902,0.04267,+0.001,1,30.3,29.3
1.595572,0,0,0.275000,0.275000,0.2750,+0.00000,0,0,1,+0.02085,+0.23595,0.09296,222.47,0,+0.000,+0.00000,-6.867,-0.15513,-10.00,-0.01302,1,+0.03235,-0.02693,0.02787,+0.001,1,30.3,29.3
1.630875,0,0,0.275000,0.275000,0.2750,+0.00000,0,0,1,+0.02224,+0.24943,0.09196,224.90,0,+0.000,+0.00000,-6.912,-0.15231,-10.00,-0.01284,1,+0.03185,-0.03346,0.02282,+0.001,1,30.3,29.3
1.667648,0,0,0.275000,0.275000,0.2750,+0.00000,0,0,1,+0.02176,+0.26193,0.09162,227.15,0,+0.000,+0.00000,-6.972,-0.15453,-10.00,-0.01257,1,+0.03058,-0.02774,0.02014,+0.001,1,30.3,29.3
1.705702,0,0,0.275000,0.275000,0.2750,+0.00000,0,0,1,+0.02118,+0.26734,0.09296,228.12,0,+0.000,+0.00000,-7.060,-0.15256,-10.00,-0.01219,1,+0.03069,-0.02488,0.01895,+0.001,1,30.3,29.3
1.742409,0,0,0.275000,0.275000,0.2750,+0.00000,0,0,1,+0.02023,+0.27553,0.09558,229.59,0,+0.000,+0.00000,-7.106,-0.14946,-10.00,-0.01200,1,+0.03078,-0.02698,0.01782,+0.000,1,30.3,29.3
1.780115,0,0,0.275000,0.275000,0.2750,+0.00000,0,0,1,+0.01848,+0.27894,0.09558,230.21,0,+0.000,+0.00000,-7.146,-0.14512,-10.00,-0.01185,1,+0.02914,-0.02603,0.01692,+0.000,1,30.3,29.3
1.813980,0,0,0.275000,0.275000,0.2750,+0.00000,0,0,1,+0.01752,+0.28303,0.09860,230.95,0,+0.000,+0.00000,-7.193,-0.14264,-10.00,-0.01165,1,+0.03037,-0.02964,0.01685,+0.000,1,30.3,29.3
1.851597,0,0,0.252430,0.228519,0.2750,-0.04648,0,1,1,+0.01937,+0.29051,0.10092,232.29,1,-1.332,-0.00581,-7.229,-0.14127,-10.00,-0.01150,1,+0.02965,-0.02648,0.01632,+0.000,1,30.3,29.3
1.890439,0,0,0.229124,0.222839,0.2750,-0.05216,0,1,1,+0.01946,+0.29646,0.10319,233.36,1,-1.338,-0.00584,-7.253,-0.13848,-10.00,-0.01141,1,+0.03004,-0.02632,0.01580,+0.000,1,30.3,29.3
1.929774,0,0,0.215000,0.215000,0.2750,-0.06000,0,1,1,+0.02192,+0.31235,0.10929,236.22,1,-1.507,-0.00611,-7.374,-0.13635,-10.00,-0.01089,1,+0.02931,-0.02476,0.01493,-0.054,1,30.3,29.3
1.969290,0,0,0.215000,0.215000,0.2750,-0.06000,0,1,1,+0.02175,+0.32216,0.10929,237.99,1,-1.496,-0.00525,-7.717,-0.13366,-10.00,-0.00940,1,+0.02937,-0.02332,0.01497,-0.229,1,30.3,29.3
2.010729,0,0,0.215000,0.215000,0.2750,-0.06000,0,1,1,+0.02227,+0.31968,0.10887,237.54,1,-1.531,-0.00473,-8.033,-0.12783,-10.00,-0.00805,1,+0.02879,-0.02494,0.01474,-0.386,1,30.3,29.3
2.047447,0,0,0.215000,0.215000,0.2750,-0.06000,0,1,1,+0.02210,+0.33822,0.11180,240.88,1,-1.519,-0.00417,-8.271,-0.10923,-10.00,-0.00709,1,+0.02806,-0.02461,0.01463,-0.510,1,27.8,27.8
2.086327,0,0,0.215000,0.215000,0.2750,-0.06000,0,1,1,+0.01988,+0.33633,0.11372,240.54,1,-1.367,-0.00303,-8.482,-0.09838,-10.00,-0.00622,1,+0.02670,-0.01982,0.01441,-0.622,1,27.8,27.8
2.126033,0,0,0.215000,0.215000,0.2750,-0.06000,0,1,1,+0.01988,+0.33633,0.11372,240.54,1,-1.367,-0.00255,-8.694,-0.08422,-10.00,-0.00535,1,+0.02670,-0.01982,0.01441,-0.738,1,27.8,27.8
2.164804,0,0,0.215000,0.215000,0.2750,-0.06000,0,1,1,+0.01804,+0.34992,0.11440,242.99,1,-1.241,-0.00167,-8.864,-0.07560,-10.00,-0.00464,1,+0.02855,-0.02525,0.01393,-0.824,1,27.8,27.8
2.203496,0,0,0.215000,0.215000,0.2750,-0.06000,0,1,1,+0.01918,+0.35028,0.11399,243.05,1,-1.319,-0.00171,-9.031,-0.06508,-10.00,-0.00396,1,+0.02672,-0.01855,0.01331,-0.899,1,27.8,27.8
2.241439,0,0,0.215000,0.215000,0.2750,-0.06000,0,1,1,+0.01838,+0.35379,0.11493,243.68,1,-1.264,-0.00129,-9.155,-0.05802,-10.00,-0.00345,1,+0.02750,-0.02160,0.01295,-0.948,1,27.8,27.8
2.278642,0,0,0.215000,0.215000,0.2750,-0.06000,0,1,1,+0.01843,+0.35670,0.11480,244.21,1,-1.267,-0.00114,-9.259,-0.04884,-10.00,-0.00303,1,+0.02851,-0.02292,0.01252,-0.988,1,27.8,27.8
2.316903,0,0,0.215000,0.215000,0.2750,-0.06000,0,1,1,+0.02013,+0.35535,0.11507,243.96,1,-1.384,-0.00148,-9.364,-0.04400,-10.00,-0.00259,1,+0.02721,-0.01874,0.01232,-1.029,1,27.8,27.8
2.354086,0,0,0.215000,0.215000,0.2750,-0.06000,0,1,1,+0.02004,+0.35108,0.11614,243.19,1,-1.378,-0.00133,-9.446,-0.03808,-10.00,-0.00226,1,+0.02721,-0.02427,0.01217,-1.059,1,27.8,27.8
2.393965,0,0,0.215000,0.215000,0.2750,-0.06000,0,1,1,+0.02134,+0.35154,0.11547,243.28,1,-1.467,-0.00154,-9.535,-0.03351,-10.00,-0.00189,1,+0.02693,-0.02149,0.01259,-1.099,1,27.8,27.8
2.434736,0,0,0.219795,0.219795,0.2750,-0.05520,0,1,1,+0.01835,+0.34605,0.11863,242.29,1,-1.262,-0.00048,-9.602,-0.02895,-10.00,-0.00162,1,+0.02820,-0.02490,0.01657,-1.136,1,27.8,27.8
2.471763,0,0,0.219046,0.219046,0.2750,-0.05595,0,1,1,+0.01816,+0.34680,0.11889,242.42,1,-1.249,-0.00054,-9.507,-0.02547,-10.00,-0.00205,1,+0.02774,-0.02965,0.03793,-1.109,1,27.8,27.8
2.509438,0,0,0.229374,0.229374,0.2750,-0.04563,0,1,1,+0.01770,+0.33613,0.12184,240.50,1,-1.217,-0.00031,-9.560,-0.02158,-10.00,-0.00183,1,+0.02941,-0.01734,0.05082,-1.139,1,27.8,27.8
2.549604,0,0,0.232386,0.232386,0.2750,-0.04261,0,1,1,+0.01919,+0.33114,0.12184,239.60,1,-1.320,-0.00071,-9.612,-0.02526,-10.00,-0.00159,1,+0.03115,-0.00955,0.06762,-1.151,1,27.8,27.8
2.587137,0,0,0.235844,0.235844,0.2750,-0.03916,0,1,1,+0.01821,+0.32537,0.12385,238.57,1,-1.252,-0.00036,-9.658,-0.02554,-10.00,-0.00139,1,+0.03112,-0.00586,0.07861,-1.163,1,27.8,27.8
2.626817,0,0,0.245194,0.245194,0.2750,-0.02981,0,1,1,+0.01983,+0.31270,0.12632,236.29,1,-1.363,-0.00077,-9.715,-0.02045,-10.00,-0.00116,1,+0.03256,-0.00868,0.07618,-1.178,1,27.8,27.8
2.667115,0,0,0.251881,0.251881,0.2750,-0.02312,0,1,1,+0.02053,+0.30113,0.12669,234.20,1,-1.411,-0.00092,-9.761,-0.01777,-10.00,-0.00097,1,+0.03165,-0.00933,0.07287,-1.196,1,27.8,27.8
2.706315,0,0,0.251193,0.251193,0.2750,-0.02381,0,1,1,+0.02049,+0.29640,0.12583,233.35,1,-1.409,-0.00120,-9.503,-0.01562,-10.00,-0.00210,1,+0.03199,-0.00887,0.06080,-1.127,1,27.8,27.8
2.750976,0,0,0.249068,0.249068,0.2750,-0.02593,0,1,1,+0.01600,+0.29287,0.12460,232.72,1,-1.100,-0.00013,-9.168,-0.01296,-10.00,-0.00358,1,+0.03267,-0.01147,0.05284,-1.060,1,27.8,27.8
2.792631,0,0,0.244520,0.244520,0.2750,-0.03048,0,1,1,+0.01600,+0.29287,0.12460,232.72,1,-1.100,-0.00040,-8.852,-0.02689,-10.00,-0.00490,1,+0.03267,-0.01147,0.05284,-0.995,1,27.8,27.8
2.838345,0,0,0.247645,0.247645,0.2750,-0.02735,0,1,1,+0.01751,+0.28536,0.12197,231.37,1,-1.204,-0.00123,-8.593,-0.04290,-10.00,-0.00596,1,+0.03360,-0.01440,0.04382,-0.921,1,27.8,27.8
2.878184,0,0,0.252152,0.252152,0.2750,-0.02285,0,1,1,+0.01835,+0.27658,0.12184,229.78,1,-1.261,-0.00179,-8.414,-0.05697,-10.00,-0.00668,1,+0.03470,-0.01651,0.03274,-0.846,1,27.8,27.8
2.918539,0,0,0.252761,0.252761,0.2750,-0.02224,0,1,1,+0.01874,+0.27115,0.12310,228.81,1,-1.288,-0.00195,-8.371,-0.06986,-10.00,-0.00681,1,+0.03503,-0.01753,0.02874,-0.827,1,27.8,27.8
2.958214,0,0,0.257934,0.257934,0.2750,-0.01707,0,1,1,+0.01866,+0.26105,0.12335,226.99,1,-1.283,-0.00204,-8.231,-0.07757,-10.00,-0.00740,1,+0.03384,-0.01720,0.02583,-0.795,1,27.8,27.8
2.996619,0,0,0.258695,0.258695,0.2750,-0.01630,0,1,1,+0.01759,+0.25499,0.12826,225.90,1,-1.209,-0.00179,-8.136,-0.07841,-10.00,-0.00780,1,+0.03468,-0.01912,0.02474,-0.779,1,27.8,27.8
3.035933,0,0,0.270930,0.270930,0.2750,-0.00407,0,1,1,+0.01446,+0.23680,0.13112,222.62,1,-0.994,-0.00096,-8.002,-0.08614,-10.00,-0.00836,1,+0.03693,-0.02338,0.02257,-0.752,1,27.8,27.8
3.074976,0,0,0.274856,0.274856,0.2750,-0.00014,0,1,1,+0.01648,+0.22536,0.13426,220.57,1,-1.133,-0.00164,-7.930,-0.09086,-10.00,-0.00866,1,+0.03635,-0.02426,0.02257,-0.738,1,25.3,25.3
3.116363,0,0,0.272598,0.272598,0.2750,-0.00240,0,1,1,+0.01622,+0.21952,0.13483,219.51,1,-1.116,-0.00179,-7.803,-0.09794,-10.00,-0.00918,1,+0.03595,-0.02475,0.02265,-0.695,1,25.3,25.3
3.156165,0,0,0.273523,0.273523,0.2750,-0.00148,0,1,1,+0.01279,+0.21133,0.13699,218.04,1,-0.879,-0.00088,-7.668,-0.10136,-10.00,-0.00975,1,+0.03634,-0.02609,0.02344,-0.659,1,25.3,25.3
3.195576,0,0,0.281255,0.281255,0.2750,+0.00626,0,1,1,+0.01264,+0.19614,0.14044,215.31,1,-0.869,-0.00089,-7.586,-0.10611,-10.00,-0.01009,1,+0.03519,-0.02770,0.02476,-0.645,1,25.3,25.3
3.235839,0,0,0.277509,0.277509,0.2750,+0.00251,0,1,1,+0.01288,+0.19169,0.14164,214.50,1,-0.886,-0.00115,-7.463,-0.11315,-10.00,-0.01060,1,+0.03400,-0.02777,0.02579,-0.611,1,25.3,25.3
3.274540,0,0,0.276335,0.276335,0.2750,+0.00134,0,1,1,+0.01228,+0.18579,0.14164,213.44,1,-0.844,-0.00117,-7.363,-0.11875,-10.00,-0.01101,1,+0.03294,-0.02815,0.02672,-0.567,1,25.3,25.3
3.313053,0,0,0.274642,0.274642,0.2750,-0.00036,0,1,1,+0.01088,+0.18093,0.14423,212.57,1,-0.748,-0.00084,-7.303,-0.12372,-10.00,-0.01125,1,+0.03227,-0.02842,0.02749,-0.542,1,25.3,25.3
3.354593,0,0,0.274237,0.274237,0.2750,-0.00076,0,1,1,+0.00920,+0.17478,0.14551,211.46,1,-0.633,-0.00047,-7.233,-0.12935,-10.00,-0.01153,1,+0.03184,-0.02832,0.02779,-0.513,1,25.3,25.3
3.394034,0,0,0.276313,0.276313,0.2750,+0.00131,0,1,1,+0.00976,+0.16665,0.14540,210.00,1,-0.671,-0.00075,-7.227,-0.13149,-10.00,-0.01155,1,+0.02751,-0.02650,0.02584,-0.489,1,25.3,25.3
3.434159,0,0,0.276927,0.276927,0.2750,+0.00193,0,1,1,+0.00770,+0.15978,0.14803,208.76,1,-0.530,-0.00032,-7.151,-0.13520,-10.00,-0.01187,1,+0.02969,-0.02918,0.02433,-0.451,1,25.3,25.3
3.475318,0,0,0.270725,0.270725,0.2750,-0.00427,0,1,1,+0.00608,+0.16008,0.14928,208.81,1,-0.418,+0.00000,-7.087,-0.13551,-10.00,-0.01215,1,+0.02894,-0.02995,0.02310,-0.410,1,25.3,25.3
3.515700,0,0,0.273649,0.273649,0.2750,-0.00135,0,1,1,+0.00722,+0.15222,0.14834,207.40,1,-0.497,-0.00056,-7.024,-0.13924,-10.00,-0.01240,1,+0.03036,-0.03356,0.02178,-0.365,1,25.3,25.3
3.561458,0,0,0.275733,0.275733,0.2750,+0.00073,0,1,1,+0.00346,+0.14417,0.15275,205.95,1,-0.238,+0.00040,-7.022,-0.14271,-10.00,-0.01240,1,+0.03260,-0.03726,0.01970,-0.329,1,25.3,25.3
3.599610,0,0,0.271982,0.271982,0.2750,-0.00302,0,1,1,+0.00310,+0.14304,0.15245,205.75,1,-0.213,+0.00041,-7.025,-0.14514,-10.00,-0.01238,1,+0.03350,-0.03968,0.01868,-0.302,1,25.3,25.3
3.638692,0,0,0.272944,0.272944,0.2750,-0.00206,0,1,1,+0.00447,+0.13773,0.15306,204.79,1,-0.307,-0.00017,-6.976,-0.14605,-10.00,-0.01259,1,+0.03547,-0.04305,0.01984,-0.272,1,25.3,25.3
3.679039,0,0,0.271482,0.271482,0.2750,-0.00352,0,1,1,-0.00167,+0.13480,0.15516,204.26,1,+0.115,+0.00150,-6.970,-0.14548,-10.00,-0.01262,1,+0.03626,-0.04582,0.02347,-0.233,1,25.3,25.3
3.720101,0,0,0.275061,0.275061,0.2750,+0.00006,0,1,1,+0.00013,+0.12691,0.15704,202.84,1,-0.009,+0.00086,-6.922,-0.14800,-10.00,-0.01281,1,+0.03851,-0.04870,0.02937,-0.204,1,25.3,25.3
3.764422,0,0,0.276752,0.276752,0.2750,+0.00175,0,1,1,-0.00140,+0.12011,0.15654,201.62,1,+0.096,+0.00103,-6.888,-0.14860,-10.00,-0.01296,1,+0.04031,-0.05434,0.03345,-0.155,1,25.3,25.3
3.803391,0,0,0.275269,0.275269,0.2750,+0.00027,0,1,1,-0.00304,+0.11713,0.15976,201.08,1,+0.209,+0.00132,-6.818,-0.15145,-10.00,-0.01325,1,+0.04032,-0.05271,0.03467,-0.102,1,25.3,25.3
3.844790,0,0,0.274825,0.274825,0.2750,-0.00018,0,1,1,-0.00309,+0.11324,0.15938,200.38,1,+0.213,+0.00108,-6.714,-0.15321,-10.00,-0.01370,1,+0.04026,-0.05383,0.03461,-0.046,1,25.3,25.3
3.886431,0,0,0.268510,0.268510,0.2750,-0.00649,0,1,1,-0.00500,+0.11581,0.15595,200.85,1,+0.344,+0.00145,-6.661,-0.15673,-10.00,-0.01392,1,+0.04015,-0.05418,0.03435,-0.003,1,25.3,25.3
3.926069,0,0,0.265688,0.265688,0.2750,-0.00931,0,1,1,-0.00618,+0.11613,0.15446,200.90,1,+0.425,+0.00167,-6.666,-0.16087,-10.00,-0.01388,1,+0.03945,-0.05540,0.03394,+0.030,1,25.3,25.3
3.965226,0,0,0.265482,0.265482,0.2750,-0.00952,0,1,1,-0.00764,+0.11433,0.15446,200.58,1,+0.525,+0.00196,-6.630,-0.16382,-10.00,-0.01402,1,+0.03798,-0.05571,0.03364,+0.062,1,25.3,25.3
4.007427,0,0,0.266439,0.266439,0.2750,-0.00856,0,1,1,-0.01009,+0.11126,0.15704,200.03,1,+0.694,+0.00249,-6.642,-0.16312,-10.00,-0.01397,1,+0.03720,-0.05723,0.03250,+0.106,1,25.3,25.3
4.049876,0,0,0.274110,0.274110,0.2750,-0.00089,0,1,1,-0.01007,+0.10093,0.15723,198.17,1,+0.693,+0.00227,-6.702,-0.16495,-10.00,-0.01370,1,+0.03429,-0.05665,0.03053,+0.152,1,25.3,25.3
4.092783,1,0,0.273179,0.273179,0.2750,-0.00182,0,1,1,-0.01416,+0.09830,0.15889,197.69,1,+0.973,+0.00326,-6.648,-0.16469,-10.00,-0.01394,1,+0.03244,-0.05745,0.02915,+0.199,1,24.6,24.6
4.134617,1,0,0.273761,0.273761,0.2750,-0.00124,0,1,1,-0.01349,+0.09446,0.15938,197.00,1,+0.927,+0.00286,-6.581,-0.16205,-10.00,-0.01424,1,+0.03127,-0.05638,0.02864,+0.248,1,24.6,24.6
4.176069,1,0,0.278190,0.278190,0.2750,+0.00319,0,1,1,-0.01543,+0.08659,0.16283,195.59,1,+1.061,+0.00308,-6.497,-0.16521,-10.00,-0.01459,1,+0.02709,-0.05474,0.02682,+0.318,1,24.6,24.6
4.220428,1,0,0.277807,0.277807,0.2750,+0.00281,0,1,1,-0.01906,+0.08282,0.16178,194.91,1,+1.310,+0.00403,-6.562,-0.16897,-10.00,-0.01430,1,+0.02505,-0.05338,0.02566,+0.355,1,24.6,24.6
4.262054,1,0,0.281487,0.281487,0.2750,+0.00649,0,1,1,-0.02045,+0.07522,0.16452,193.54,1,+1.406,+0.00425,-6.471,-0.17298,-10.00,-0.01468,1,+0.00941,-0.04157,0.02432,+0.400,1,24.6,24.6
4.304080,1,0,0.281429,0.281429,0.2750,+0.00643,0,1,1,-0.02129,+0.07097,0.16527,192.78,1,+1.464,+0.00418,-6.387,-0.16897,-10.00,-0.01506,1,+0.00632,-0.03901,0.02388,+0.461,1,24.6,24.6
4.347825,1,0,0.283294,0.283294,0.2750,+0.00829,0,1,1,-0.02202,+0.06468,0.16611,191.64,1,+1.514,+0.00408,-6.282,-0.17439,-10.00,-0.01550,1,+0.00363,-0.03819,0.02341,+0.532,1,24.6,24.6
4.389513,1,0,0.280310,0.280310,0.2750,+0.00531,0,1,1,-0.02567,+0.06354,0.16667,191.44,1,+1.765,+0.00491,-6.190,-0.17891,-10.00,-0.01588,1,+0.00013,-0.03559,0.02313,+0.594,1,24.6,24.6
4.433929,1,0,0.286900,0.286900,0.2750,+0.01190,0,1,1,-0.02632,+0.05267,0.16685,189.48,1,+1.810,+0.00486,-6.069,-0.18412,-10.00,-0.01638,1,-0.00148,-0.03661,0.02283,+0.652,1,24.6,24.6
4.473825,1,0,0.282330,0.282330,0.2750,+0.00733,0,1,1,-0.02784,+0.05299,0.17024,189.54,1,+1.914,+0.00496,-5.839,-0.18789,-10.00,-0.01737,1,-0.00130,-0.03898,0.02287,+0.724,1,24.6,24.6
4.517797,1,0,0.277475,0.277475,0.2750,+0.00248,0,1,1,-0.02922,+0.05435,0.17033,189.78,1,+2.009,+0.00509,-5.809,-0.19461,-10.00,-0.01748,1,-0.00080,-0.04026,0.02252,+0.789,1,24.6,24.6
4.561303,1,0,0.280336,0.280336,0.2750,+0.00534,0,1,1,-0.03287,+0.04861,0.17033,188.75,1,+2.260,+0.00594,-5.822,-0.20640,-10.00,-0.01737,1,+0.00195,-0.04448,0.02274,+0.845,1,24.6,24.6
4.601749,1,0,0.285804,0.285804,0.2750,+0.01080,0,1,1,-0.03328,+0.03990,0.16860,187.18,1,+2.288,+0.00585,-5.783,-0.20573,-10.00,-0.01754,1,+0.00284,-0.04783,0.02151,+0.891,1,24.6,24.6
4.641978,1,0,0.282102,0.282102,0.2750,+0.00710,0,1,1,-0.03507,+0.03997,0.17015,187.19,1,+2.411,+0.00606,-5.721,-0.20504,-10.00,-0.01782,1,+0.00293,-0.04888,0.02099,+0.957,1,24.6,24.6
4.683678,1,0,0.276695,0.276695,0.2750,+0.00170,0,1,1,-0.03511,+0.04259,0.17033,187.67,1,+2.414,+0.00582,-5.662,-0.20890,-10.00,-0.01806,1,+0.00263,-0.05079,0.02102,+1.016,1,24.6,24.6
4.725603,1,0,0.274416,0.274416,0.2750,-0.00058,0,1,1,-0.03834,+0.04304,0.17087,187.75,1,+2.636,+0.00650,-5.653,-0.21113,-10.00,-0.01809,1,+0.00087,-0.05227,0.02190,+1.080,1,24.6,24.6
4.765792,1,0,0.276996,0.276996,0.2750,+0.00200,0,1,1,-0.03994,+0.03891,0.17338,187.00,1,+2.746,+0.00681,-5.568,-0.21322,-10.00,-0.01845,1,+0.00002,-0.05230,0.02812,+1.124,1,24.6,24.6
4.808179,1,0,0.272944,0.272944,0.2750,-0.00206,0,1,1,-0.04023,+0.04130,0.17276,187.43,1,+2.766,+0.00655,-5.560,-0.21358,-10.00,-0.01848,1,-0.00229,-0.05131,0.03156,+1.193,1,24.6,24.6
4.851186,1,0,0.269056,0.269056,0.2750,-0.00594,0,1,1,-0.04183,+0.04436,0.17105,187.99,1,+2.876,+0.00671,-5.570,-0.21853,-10.00,-0.01842,1,-0.00507,-0.04990,0.03056,+1.263,1,24.6,24.6
4.892901,1,0,0.264629,0.264629,0.2750,-0.01037,0,1,1,-0.04121,+0.04879,0.17240,188.78,1,+2.834,+0.00628,-5.597,-0.21839,-10.00,-0.01830,1,-0.00653,-0.04823,0.02984,+1.322,1,24.6,24.6
4.937666,1,0,0.256618,0.256618,0.2750,-0.01838,0,1,1,-0.04327,+0.05804,0.17186,190.45,1,+2.975,+0.00665,-5.547,-0.21739,-10.00,-0.01852,1,-0.01792,-0.03750,0.02791,+1.379,1,24.6,24.6
4.979253,1,0,0.257817,0.257817,0.2750,-0.01718,0,1,1,-0.04517,+0.05886,0.17132,190.60,1,+3.106,+0.00703,-5.530,-0.21599,-10.00,-0.01860,1,-0.01912,-0.03612,0.02844,+1.426,1,24.6,24.6
5.021376,1,0,0.257060,0.257060,0.2750,-0.01794,0,1,1,-0.04664,+0.06148,0.17204,191.07,1,+3.207,+0.00718,-5.598,-0.21856,-10.00,-0.01830,1,-0.02494,-0.02979,0.02883,+1.489,1,24.6,24.6
5.067734,1,0,0.254918,0.254918,0.2750,-0.02008,0,1,1,-0.04638,+0.06587,0.17060,191.86,1,+3.189,+0.00678,-5.593,-0.21966,-10.00,-0.01831,1,-0.02555,-0.03229,0.02924,+1.558,1,24.6,24.6
5.111161,1,0,0.254812,0.254812,0.2750,-0.02019,0,1,1,-0.04675,+0.06827,0.17186,192.29,1,+3.214,+0.00676,-5.425,-0.21573,-10.00,-0.01906,1,-0.02601,-0.03158,0.02903,+1.587,1,23.6,23.6
5.155041,1,0,0.254640,0.254640,0.2750,-0.02036,0,1,1,-0.04788,+0.07070,0.17078,192.73,1,+3.292,+0.00688,-5.427,-0.21656,-10.00,-0.01905,1,-0.02934,-0.02871,0.02849,+1.641,1,23.6,23.6
5.198056,1,0,0.253505,0.253505,0.2750,-0.02150,0,1,1,-0.04979,+0.07406,0.16997,193.33,1,+3.424,+0.00730,-5.462,-0.22658,-10.00,-0.01886,1,-0.03642,-0.02298,0.02875,+1.677,1,23.6,23.6
5.241063,1,0,0.253230,0.253230,0.2750,-0.02177,0,1,1,-0.04899,+0.07665,0.17078,193.80,1,+3.368,+0.00685,-5.520,-0.22529,-10.00,-0.01861,1,-0.04056,-0.01992,0.02895,+1.724,1,23.6,23.6
5.287451,1,0,0.253095,0.253095,0.2750,-0.02190,0,1,1,-0.05021,+0.07923,0.16860,194.26,1,+3.452,+0.00718,-5.289,-0.22282,-10.00,-0.01963,1,-0.03974,-0.02097,0.02897,+1.725,1,23.6,23.6
5.330930,1,0,0.250863,0.250863,0.2750,-0.02414,0,1,1,-0.05169,+0.08383,0.16933,195.09,1,+3.554,+0.00747,-5.359,-0.22017,-10.00,-0.01933,1,-0.04098,-0.02107,0.02935,+1.767,1,23.6,23.6
5.373850,1,0,0.248427,0.248427,0.2750,-0.02657,0,1,1,-0.05115,+0.08897,0.16869,196.02,1,+3.517,+0.00714,-5.409,-0.23278,-10.00,-0.01906,1,-0.04010,-0.02191,0.02960,+1.802,1,23.6,23.6
5.414246,1,0,0.248629,0.248629,0.2750,-0.02637,0,1,1,-0.05069,+0.09152,0.16851,196.47,1,+3.485,+0.00710,-5.048,-0.22958,-10.00,-0.02065,1,-0.03906,-0.02303,0.02985,+1.775,1,23.6,23.6
5.456138,1,0,0.245726,0.245726,0.2750,-0.02927,0,1,1,-0.05122,+0.09732,0.16787,197.52,1,+3.522,+0.00697,-5.285,-0.22496,-10.00,-0.01964,1,-0.03759,-0.02428,0.03017,+1.847,1,23.6,23.6
5.497672,1,0,0.240875,0.240875,0.2750,-0.03413,0,1,1,-0.04869,+0.10562,0.16704,199.01,1,+3.347,+0.00609,-5.364,-0.24602,-10.00,-0.01920,1,-0.03718,-0.02438,0.02973,+1.875,1,23.6,23.6
5.539289,1,0,0.240254,0.240254,0.2750,-0.03475,0,1,1,-0.04875,+0.11024,0.16639,199.84,1,+3.352,+0.00604,-5.342,-0.23130,-10.00,-0.01936,1,-0.03713,-0.02389,0.02940,+1.892,1,23.6,23.6
5.582038,1,0,0.238775,0.238775,0.2750,-0.03622,0,1,1,-0.04857,+0.11586,0.16602,200.86,1,+3.340,+0.00568,-5.490,-0.22641,-10.00,-0.01874,1,-0.03614,-0.02460,0.02830,+1.971,1,23.6,23.6
5.622481,1,0,0.237640,0.237640,0.2750,-0.03736,0,1,1,-0.04828,+0.12103,0.16415,201.78,1,+3.320,+0.00492,-5.988,-0.22920,-10.00,-0.01655,1,-0.03597,-0.02429,0.02686,+2.126,1,23.6,23.6
5.667691,1,0,0.233176,0.233176,0.2750,-0.04182,0,1,1,-0.04810,+0.13032,0.16292,203.46,1,+3.307,+0.00412,-6.564,-0.22139,-10.00,-0.01407,1,-0.03618,-0.02181,0.02539,+2.301,1,23.6,23.6
5.709940,1,0,0.232967,0.232967,0.2750,-0.04203,0,1,1,-0.04579,+0.13545,0.16264,204.38,1,+3.148,+0.00308,-6.811,-0.19823,-10.00,-0.01309,1,-0.03607,-0.02100,0.02490,+2.386,1,23.6,23.6
5.753601,1,0,0.235283,0.235283,0.2750,-0.03972,0,1,1,-0.04646,+0.13788,0.16082,204.82,1,+3.195,+0.00271,-7.297,-0.16548,-10.00,-0.01110,1,-0.03574,-0.02139,0.02569,+2.529,1,23.6,23.6
5.795341,1,0,0.235502,0.235502,0.2750,-0.03950,0,1,1,-0.04506,+0.14173,0.15889,205.51,1,+3.098,+0.00193,-7.640,-0.15821,-10.00,-0.00964,1,-0.03792,-0.01543,0.02715,+2.620,1,23.6,23.6
5.837643,1,0,0.237706,0.237706,0.2750,-0.03729,0,1,1,-0.04462,+0.14332,0.15811,205.80,1,+3.068,+0.00172,-7.745,-0.13682,-10.00,-0.00927,1,-0.03680,-0.01494,0.02571,+2.642,1,23.6,23.6
5.880710,1,0,0.239673,0.239673,0.2750,-0.03533,0,1,1,-0.04388,+0.14464,0.15684,206.04,1,+3.017,+0.00171,-7.599,-0.11900,-10.00,-0.00998,0,+0.00000,+0.00000,0.02446,+2.600,1,23.6,23.6
5.920728,1,0,0.241924,0.241924,0.2750,-0.03308,0,1,1,-0.04293,+0.14497,0.15516,206.09,1,+2.952,+0.00220,-6.914,-0.11314,-10.00,-0.01299,0,+0.00000,+0.00000,0.02317,+2.428,1,23.6,23.6
5.963450,1,0,0.235752,0.235752,0.2750,-0.03925,0,1,1,-0.04001,+0.15388,0.14814,207.70,1,+2.751,+0.00181,-6.598,-0.12276,-10.00,-0.01433,0,+0.00000,+0.00000,0.02310,+2.316,1,23.6,23.6
6.004304,1,0,0.237361,0.237361,0.2750,-0.03764,0,1,1,-0.03847,+0.15549,0.14688,207.99,1,+2.645,+0.00209,-5.940,-0.15763,-10.00,-0.01706,0,+0.00000,+0.00000,0.02451,+2.140,1,23.6,23.6
6.044308,1,0,0.237724,0.237724,0.2750,-0.03728,0,1,1,-0.03769,+0.15794,0.14540,208.43,1,+2.591,+0.00229,-5.625,-0.17029,-10.00,-0.01838,0,+0.00000,+0.00000,0.02466,+2.045,1,23.6,23.6
6.086038,1,0,0.235699,0.235699,0.2750,-0.03930,0,1,1,-0.03650,+0.16286,0.14240,209.32,1,+2.510,+0.00209,-5.654,-0.20271,-10.00,-0.01812,0,+0.00000,+0.00000,0.02493,+2.007,1,23.6,23.6
6.126342,1,0,0.228515,0.228515,0.2750,-0.04649,0,1,1,-0.03420,+0.17340,0.14044,211.21,1,+2.352,+0.00167,-5.534,-0.21631,-10.00,-0.01858,1,-0.03229,-0.00488,0.02370,+1.944,1,23.6,23.6
6.166051,1,0,0.223839,0.223839,0.2750,-0.05116,0,1,1,-0.03133,+0.18244,0.13721,212.84,1,+2.154,+0.00112,-5.372,-0.21195,-10.00,-0.01931,1,-0.03357,-0.00202,0.02309,+1.874,1,23.6,23.6
6.207423,1,0,0.225897,0.225897,0.2750,-0.04910,0,1,1,-0.03070,+0.18529,0.13844,213.35,1,+2.111,+0.00097,-5.564,-0.21665,-10.00,-0.01845,1,-0.03318,-0.00065,0.02263,+1.869,1,23.6,23.6
6.251577,1,0,0.216899,0.216899,0.2750,-0.05810,0,1,1,-0.02859,+0.19969,0.13620,215.94,1,+1.966,+0.00016,-6.172,-0.22648,-10.00,-0.01576,1,-0.03017,+0.00012,0.02220,+1.916,1,23.6,23.6
6.292109,1,0,0.215000,0.215000,0.2750,-0.06000,0,1,1,-0.02721,+0.20934,0.13551,217.68,1,+1.871,-0.00037,-6.639,-0.21673,-10.00,-0.01376,1,-0.02889,+0.00065,0.02201,+1.944,1,23.6,23.6
6.333960,1,0,0.215000,0.215000,0.2750,-0.06000,0,1,1,-0.02463,+0.21677,0.13506,219.02,1,+1.693,-0.00119,-7.120,-0.18360,-10.00,-0.01180,1,-0.02742,+0.00041,0.02176,+1.964,1,23.6,23.6
6.374754,1,0,0.215000,0.215000,0.2750,-0.06000,0,1,1,-0.02364,+0.22282,0.13356,220.11,1,+1.625,-0.00147,-7.535,-0.16221,-10.00,-0.01008,1,-0.02506,+0.00052,0.02192,+1.964,1,23.6,23.6
6.416843,1,0,0.215000,0.215000,0.2750,-0.06000,0,1,1,-0.02170,+0.22768,0.13217,220.98,1,+1.492,-0.00193,-7.879,-0.14262,-10.00,-0.00866,1,-0.02378,+0.00057,0.02166,+1.945,1,23.6,23.6
6.459722,1,0,0.215000,0.215000,0.2750,-0.06000,0,1,1,-0.01846,+0.23673,0.12898,222.61,1,+1.269,-0.00273,-8.189,-0.12105,-10.00,-0.00740,1,-0.02042,+0.00075,0.02107,+1.910,1,23.6,23.6
6.504413,1,0,0.216490,0.216490,0.2750,-0.05851,0,1,1,-0.01690,+0.23723,0.12790,222.70,1,+1.162,-0.00299,-8.475,-0.10656,-10.00,-0.00621,1,-0.01839,+0.00096,0.02106,+1.867,1,23.6,23.6
6.545746,1,0,0.215460,0.215460,0.2750,-0.05954,0,1,1,-0.01501,+0.24303,0.12348,223.74,1,+1.032,-0.00323,-8.715,-0.09007,-10.00,-0.00523,1,-0.01579,+0.00055,0.01933,+1.802,1,23.6,23.6
6.586140,1,0,0.219842,0.219842,0.2750,-0.05516,0,1,1,-0.01501,+0.24303,0.12348,223.74,1,+1.032,-0.00260,-8.392,-0.08121,-10.00,-0.00668,1,-0.01579,+0.00055,0.01933,+1.658,1,23.6,23.6
6.626574,1,0,0.222645,0.222645,0.2750,-0.05236,0,1,1,-0.01117,+0.24372,0.12083,223.87,1,+0.768,-0.00337,-8.570,-0.06558,-10.00,-0.00597,1,-0.01105,+0.00052,0.01843,+1.575,1,23.6,23.6
6.667744,1,0,0.226568,0.226568,0.2750,-0.04843,0,1,1,-0.00852,+0.24261,0.11993,223.67,1,+0.586,-0.00392,-8.708,-0.08013,-10.00,-0.00530,1,-0.00992,+0.00029,0.01964,+1.512,1,23.6,23.6
6.706973,1,0,0.225936,0.225936,0.2750,-0.04906,0,1,1,-0.00632,+0.24536,0.11902,224.17,1,+0.434,-0.00399,-8.468,-0.07585,-10.00,-0.00637,1,-0.00698,-0.00041,0.02127,+1.384,1,23.6,23.6
6.750764,1,0,0.225253,0.225253,0.2750,-0.04975,0,1,1,-0.00416,+0.24847,0.11493,224.72,1,+0.286,-0.00366,-7.626,-0.06561,-10.00,-0.01008,1,-0.00559,+0.00200,0.02204,+1.166,1,23.6,23.6
6.792124,1,0,0.227150,0.227150,0.2750,-0.04785,0,1,1,-0.00341,+0.24875,0.11399,224.77,1,+0.235,-0.00293,-6.591,-0.07874,-10.00,-0.01455,1,-0.00281,+0.00160,0.02087,+0.950,1,23.6,23.6
6.831546,1,0,0.226809,0.226809,0.2750,-0.04819,0,1,1,-0.00086,+0.25086,0.11180,225.16,1,+0.059,-0.00269,-5.127,-0.11681,-10.00,-0.02077,1,-0.00109,+0.00285,0.02087,+0.716,1,23.6,23.6
6.871951,1,0,0.224209,0.224209,0.2750,-0.05079,0,1,1,+0.00080,+0.25541,0.10901,225.97,1,-0.055,-0.00236,-3.681,-0.16696,-10.00,-0.02688,1,+0.00137,+0.00074,0.02050,+0.519,1,23.6,23.6
6.912641,1,0,0.222283,0.222283,0.2750,-0.05272,0,1,1,+0.00114,+0.25968,0.10901,226.74,1,-0.078,-0.00194,-2.870,-0.24092,-10.00,-0.03011,1,+0.00028,+0.00577,0.01927,+0.396,1,23.6,23.6
6.954576,1,0,0.215000,0.215000,0.2750,-0.06000,0,1,1,+0.00411,+0.29292,0.10229,232.73,1,-0.283,-0.00232,-1.995,-0.31752,-10.00,-0.03361,1,+0.00480,+0.00320,0.01959,+0.274,1,23.6,23.6
6.994072,1,0,0.215000,0.215000,0.2750,-0.06000,0,1,1,+0.00425,+0.30581,0.10107,235.05,1,-0.292,-0.00195,-1.225,-0.34682,-10.00,-0.03684,1,+0.00605,+0.00351,0.01886,+0.177,1,23.6,23.6
7.035271,1,0,0.215000,0.215000,0.2750,-0.06000,0,0,1,+0.00653,+0.33044,0.09797,239.48,0,+0.000,+0.00000,-1.030,-0.38551,-10.00,-0.03753,1,+0.00806,+0.00396,0.01767,+0.071,1,23.6,23.6
7.077001,1,0,0.215000,0.215000,0.2750,-0.06000,0,0,1,+0.00895,+0.35629,0.09670,244.13,0,+0.000,+0.00000,-1.558,-0.42839,-10.00,-0.03505,1,+0.00928,+0.00474,0.01686,-0.030,1,23.6,23.6
7.119987,1,0,0.215000,0.215000,0.2750,-0.06000,0,0,1,+0.01442,+0.39886,0.09670,251.80,0,+0.000,+0.00000,-2.388,-0.43629,-10.00,-0.03139,1,+0.01197,+0.00594,0.01605,-0.047,1,23.6,23.6
7.163462,1,0,0.215000,0.215000,0.2750,-0.06000,0,0,1,+0.01574,+0.42501,0.09542,256.50,0,+0.000,+0.00000,-1.592,-0.40554,-10.00,-0.03500,1,+0.01458,+0.00586,0.01558,-0.104,1,24.1,24.1
7.204734,1,0,0.215000,0.215000,0.2750,-0.06000,0,0,1,+0.01528,+0.44356,0.09461,259.84,0,+0.000,+0.00000,-0.749,-0.36732,-10.00,-0.03883,1,+0.01617,+0.00549,0.01546,-0.143,1,24.1,24.1
7.244406,1,0,0.215000,0.215000,0.2750,-0.06000,0,0,1,+0.01725,+0.46747,0.09477,264.14,0,+0.000,+0.00000,+0.176,-0.40165,-10.00,-0.04273,1,+0.01851,+0.00563,0.01544,-0.206,1,24.1,24.1
7.287608,1,0,0.215000,0.215000,0.2750,-0.06000,0,0,1,+0.02243,+0.51523,0.09655,272.74,0,+0.000,+0.00000,+1.100,-0.46523,-10.00,-0.04649,1,+0.02221,+0.00632,0.01577,-0.235,1,24.1,24.1
7.331576,1,0,0.215000,0.215000,0.2750,-0.06000,0,0,1,+0.02470,+0.54758,0.09526,278.56,0,+0.000,+0.00000,+1.694,-0.50643,-10.00,-0.04891,1,+0.02504,+0.00730,0.01606,-0.257,1,24.1,24.1
7.374655,1,0,0.215000,0.215000,0.2750,-0.06000,0,0,1,+0.02643,+0.58078,0.09444,284.54,0,+0.000,+0.00000,+2.255,-0.54768,-10.00,-0.05000,1,+0.02754,+0.00676,0.01571,-0.293,1,24.1,24.1
7.416828,1,0,0.215000,0.215000,0.2750,-0.06000,0,0,1,+0.02978,+0.65212,0.09313,297.38,0,+0.000,+0.00000,+2.898,-0.58255,-10.00,-0.05000,1,+0.03162,+0.00764,0.01426,-0.334,1,24.1,24.1
7.458726,1,0,0.215000,0.215000,0.2750,-0.06000,0,0,1,+0.03223,+0.69464,0.09329,305.04,0,+0.000,+0.00000,+3.317,-0.59340,-10.00,-0.05000,1,+0.03467,+0.00684,0.01532,-0.327,1,24.1,24.1
7.502772,1,0,0.215347,0.215347,0.2750,-0.05965,0,0,1,+0.03371,+0.72653,0.09362,310.77,0,+0.000,+0.00000,+4.175,-0.59318,-10.00,-0.05000,1,+0.03663,+0.00694,0.01515,-0.387,1,24.1,24.1
7.548111,1,0,0.217123,0.217123,0.2750,-0.05788,0,0,1,+0.03485,+0.77055,0.09346,318.70,0,+0.000,+0.00000,+5.224,-0.59432,-10.00,-0.05000,1,+0.03901,+0.00742,0.01443,-0.477,1,24.1,24.1
7.593300,1,0,0.218841,0.218841,0.2750,-0.05616,0,0,1,+0.04043,+0.85858,0.09280,334.54,0,+0.000,+0.00000,+5.606,-0.59620,-10.00,-0.05000,1,+0.04357,+0.00775,0.01553,-0.442,1,24.1,24.1
7.639385,1,0,0.220540,0.220540,0.2750,-0.05446,0,0,1,+0.04146,+0.89976,0.09179,341.96,0,+0.000,+0.00000,+6.170,-0.59753,-10.00,-0.05000,1,+0.04608,+0.00802,0.01589,-0.463,1,24.1,24.1
7.682382,1,0,0.222079,0.222079,0.2750,-0.05292,0,0,1,+0.04080,+0.91307,0.07718,344.35,0,+0.000,+0.00000,+6.815,-0.59847,-10.00,-0.05000,1,+0.04792,+0.00923,0.01615,-0.487,1,24.1,24.1
7.724181,1,0,0.223533,0.223533,0.2750,-0.05147,0,0,1,+0.04808,+0.96029,0.05583,352.85,0,+0.000,+0.00000,+7.475,-0.59940,-10.00,-0.05000,1,+0.05426,+0.00650,0.01609,-0.527,1,24.1,24.1
7.764984,1,0,0.224914,0.224914,0.2750,-0.05009,0,0,1,+0.03229,+0.98704,0.02357,357.67,0,+0.000,+0.00000,+8.115,-0.60004,-10.00,-0.05000,1,+0.05758,+0.00567,0.01533,-0.558,1,24.1,24.1
7.803790,1,0,0.226193,0.226193,0.2750,-0.04881,0,0,0,+0.00000,+0.00000,0.00000,0.00,0,+0.000,+0.00000,+8.518,-0.60045,-10.00,-0.05000,1,+0.06108,+0.00398,0.01436,-0.568,1,24.1,24.1
7.846862,1,0,0.227575,0.227575,0.2750,-0.04743,0,0,0,+0.00000,+0.00000,0.00000,0.00,0,+0.000,+0.00000,+9.209,-0.60094,-10.00,-0.05000,1,+0.06266,+0.00424,0.01308,-0.593,1,24.1,24.1
7.892410,1,0,0.228993,0.228993,0.2750,-0.04601,0,0,1,+0.08340,-0.93229,0.03143,12.19,0,+0.000,+0.00000,+9.633,-0.60124,-10.00,-0.05000,1,+0.06649,+0.00393,0.01106,-0.595,1,24.1,24.1
7.931709,1,0,0.230183,0.230183,0.2750,-0.04482,0,0,1,+0.08488,-0.84229,0.03093,28.39,0,+0.000,+0.00000,+10.430,-0.60143,-10.00,-0.05000,1,+0.06966,+0.00272,0.01122,-0.629,1,24.1,24.1
7.970190,1,0,0.231318,0.231318,0.2750,-0.04368,0,0,1,+0.08583,-0.75593,0.03043,43.93,0,+0.000,+0.00000,+10.928,-0.60167,-10.00,-0.05000,1,+0.07188,+0.00171,0.01064,-0.650,1,24.1,24.1
8.005968,1,0,0.232348,0.232348,0.2750,-0.04265,0,0,1,+0.08606,-0.68333,0.02833,57.00,0,+0.000,+0.00000,+11.497,-0.60172,-10.00,-0.05000,1,+0.07333,+0.00000,0.00960,-0.669,1,24.1,24.1
8.043633,1,0,0.233405,0.233405,0.2750,-0.04159,0,0,1,+0.08700,-0.59689,0.02778,72.56,0,+0.000,+0.00000,+12.013,-0.60182,-10.00,-0.05000,1,+0.07731,+0.00005,0.00827,-0.674,1,24.1,24.1
8.078656,1,0,0.234365,0.234365,0.2750,-0.04063,0,0,1,+0.08913,-0.52802,0.02664,84.96,0,+0.000,+0.00000,+12.339,-0.60186,-10.00,-0.05000,1,+0.07828,+0.00253,0.00739,-0.686,1,24.1,24.1
8.116748,1,0,0.235384,0.235384,0.2750,-0.03962,0,0,1,+0.09062,-0.46364,0.02606,96.55,0,+0.000,+0.00000,+12.836,-0.60186,-10.00,-0.05000,1,+0.07981,+0.00000,0.00672,-0.698,1,24.1,24.1
8.157113,1,0,0.236436,0.236436,0.2750,-0.03856,0,0,1,+0.09196,-0.32169,0.02546,122.10,0,+0.000,+0.00000,+13.547,-0.60183,-10.00,-0.05000,1,+0.08493,+0.00237,0.00520,-0.748,1,24.1,24.1
8.200898,1,0,0.237545,0.237545,0.2750,-0.03745,0,0,1,+0.09464,-0.24921,0.02079,135.14,0,+0.000,+0.00000,+14.284,-0.60167,-10.00,-0.05000,1,+0.08780,+0.00409,0.00488,-0.801,1,24.1,24.1
8.236753,1,0,0.238430,0.238430,0.2750,-0.03657,0,0,1,+0.09638,-0.19006,0.02422,145.79,0,+0.000,+0.00000,+14.216,-0.60159,-10.00,-0.05000,1,+0.09052,+0.00264,0.00558,-0.800,1,24.1,24.1
8.274066,1,0,0.239329,0.239329,0.2750,-0.03567,0,0,1,+0.09688,-0.10794,0.02079,160.57,0,+0.000,+0.00000,+14.110,-0.60171,-10.00,-0.05000,1,+0.08782,+0.00876,0.00531,-0.835,1,24.1,24.1
8.311630,1,0,0.240211,0.240211,0.2750,-0.03479,0,0,1,+0.09750,-0.04963,0.02152,171.07,0,+0.000,+0.00000,+12.513,-0.60158,-10.00,-0.05000,1,+0.09473,+0.00231,0.00543,-0.772,1,24.1,24.1
8.348375,2,0,0.241053,0.241053,0.2750,-0.03395,0,0,1,+0.10179,+0.08175,0.02079,194.71,0,+0.000,+0.00000,+11.304,-0.60153,-10.00,-0.05000,1,+0.10035,+0.00000,0.00609,-0.769,1,24.1,24.1
8.387037,2,0,0.241917,0.241917,0.2750,-0.03308,0,0,1,+0.10179,+0.08175,0.02079,194.71,0,+0.000,+0.00000,+10.058,-0.60144,-10.00,-0.05000,1,+0.10035,+0.00000,0.00609,-0.765,1,24.1,24.1
8.428864,2,0,0.242826,0.242826,0.2750,-0.03217,0,0,1,+0.10625,+0.22778,0.01925,221.00,0,+0.000,+0.00000,+8.547,-0.60123,-10.00,-0.05000,1,+0.10459,+0.00000,0.00672,-0.762,1,24.1,24.1
8.467046,2,0,0.243635,0.243635,0.2750,-0.03137,0,0,1,+0.10804,+0.28175,0.02079,230.71,0,+0.000,+0.00000,+7.408,-0.60110,-10.00,-0.05000,1,+0.10806,+0.00000,0.00553,-0.760,1,24.1,24.1
8.510422,2,0,0.244529,0.244529,0.2750,-0.03047,0,0,1,+0.10938,+0.35873,0.02079,244.57,0,+0.000,+0.00000,+5.911,-0.60107,-10.00,-0.05000,1,+0.10894,+0.00000,0.00468,-0.715,1,24.1,24.1
8.549018,2,0,0.245303,0.245303,0.2750,-0.02970,0,0,1,+0.11250,+0.42778,0.01925,257.00,0,+0.000,+0.00000,+4.469,-0.60091,-10.00,-0.05000,1,+0.11174,+0.00000,0.00378,-0.713,1,24.1,24.1
8.589796,2,0,0.246099,0.246099,0.2750,-0.02890,0,0,1,+0.11823,+0.56204,0.01925,281.17,0,+0.000,+0.00000,+3.179,-0.60085,-10.00,-0.05000,0,+0.00000,+0.00000,0.00212,-0.712,1,24.1,24.1
8.630975,2,0,0.246882,0.246882,0.2750,-0.02812,0,0,1,+0.12115,+0.62479,0.02003,292.46,0,+0.000,+0.00000,+1.720,-0.60075,-10.00,-0.04864,0,+0.00000,+0.00000,0.00110,-0.711,1,24.1,24.1
8.671314,2,0,0.247628,0.247628,0.2750,-0.02737,0,0,1,+0.12260,+0.70427,0.02003,306.77,0,+0.000,+0.00000,+0.202,-0.60056,-10.00,-0.04201,0,+0.00000,+0.00000,0.00051,-0.711,1,24.1,24.1
8.708766,2,0,0.248303,0.248303,0.2750,-0.02670,0,0,0,+0.00000,+0.00000,0.00000,0.00,0,+0.000,+0.00000,-1.015,-0.58520,-10.00,-0.03677,0,+0.00000,+0.00000,0.00023,-0.711,1,24.1,24.1
8.747757,2,0,0.248988,0.248988,0.2750,-0.02601,0,0,1,+0.12885,+0.85470,0.02003,333.85,0,+0.000,+0.00000,-2.310,-0.51151,-10.00,-0.03142,0,+0.00000,+0.00000,0.00017,-0.711,1,24.1,24.1
8.786624,2,0,0.249653,0.249653,0.2750,-0.02535,0,0,0,+0.00000,+0.00000,0.00000,0.00,0,+0.000,+0.00000,-3.217,-0.44156,-10.00,-0.02776,0,+0.00000,+0.00000,0.00000,-0.712,1,24.1,24.1
8.823932,2,0,0.250276,0.250276,0.2750,-0.02472,0,0,0,+0.00000,+0.00000,0.00000,0.00,0,+0.000,+0.00000,-4.105,-0.39404,-10.00,-0.02408,0,+0.00000,+0.00000,0.00000,-0.712,1,24.1,24.1
8.862258,2,0,0.250900,0.250900,0.2750,-0.02410,0,0,0,+0.00000,+0.00000,0.00000,0.00,0,+0.000,+0.00000,-4.850,-0.37303,-10.00,-0.02092,0,+0.00000,+0.00000,0.00000,-0.713,1,24.1,24.1
8.898614,2,0,0.251477,0.251477,0.2750,-0.02352,0,0,0,+0.00000,+0.00000,0.00000,0.00,0,+0.000,+0.00000,-5.779,-0.37303,-10.00,-0.01687,0,+0.00000,+0.00000,0.00000,-0.714,1,24.1,24.1
8.954565,2,0,0.252338,0.252338,0.2750,-0.02266,0,0,0,+0.00000,+0.00000,0.00000,0.00,0,+0.000,+0.00000,-6.924,-0.37303,-10.00,-0.01187,0,+0.00000,+0.00000,0.00000,-0.716,1,24.1,24.1
8.988592,2,0,0.252846,0.252846,0.2750,-0.02215,0,0,0,+0.00000,+0.00000,0.00000,0.00,0,+0.000,+0.00000,-7.675,-0.37303,-10.00,-0.00859,0,+0.00000,+0.00000,0.00000,-0.717,1,24.1,24.1
8.993824,2,0,0.252924,0.252924,0.2750,-0.02208,0,0,0,+0.00000,+0.00000,0.00000,0.00,0,+0.000,+0.00000,-7.675,-0.37303,-10.00,-0.00859,0,+0.00000,+0.00000,0.00000,-0.717,1,24.1,24.1
8.998124,2,0,0.252987,0.252987,0.2750,-0.02201,0,0,0,+0.00000,+0.00000,0.00000,0.00,0,+0.000,+0.00000,-7.878,-0.37303,-10.00,-0.00770,0,+0.00000,+0.00000,0.00000,-0.717,1,24.1,24.1
9.003347,2,0,0.253063,0.253063,0.2750,-0.02194,0,0,0,+0.00000,+0.00000,0.00000,0.00,0,+0.000,+0.00000,-8.046,-0.37303,-10.00,-0.00697,0,+0.00000,+0.00000,0.00000,-0.718,1,24.1,24.1
9.008066,2,0,0.253132,0.253132,0.2750,-0.02187,0,0,0,+0.00000,+0.00000,0.00000,0.00,0,+0.000,+0.00000,-8.046,-0.37303,-10.00,-0.00697,0,+0.00000,+0.00000,0.00000,-0.718,1,24.1,24.1
9.012865,2,0,0.253202,0.253202,0.2750,-0.02180,0,0,0,+0.00000,+0.00000,0.00000,0.00,0,+0.000,+0.00000,-8.046,-0.37303,-10.00,-0.00697,0,+0.00000,+0.00000,0.00000,-0.718,1,24.1,24.1
9.017151,2,0,0.253264,0.253264,0.2750,-0.02174,0,0,0,+0.00000,+0.00000,0.00000,0.00,0,+0.000,+0.00000,-8.278,-0.37303,-10.00,-0.00596,0,+0.00000,+0.00000,0.00000,-0.718,1,24.1,24.1
9.023815,2,0,0.253361,0.253361,0.2750,-0.02164,0,0,0,+0.00000,+0.00000,0.00000,0.00,0,+0.000,+0.00000,-8.441,-0.37303,-10.00,-0.00525,0,+0.00000,+0.00000,0.00000,-0.718,1,24.1,24.1
9.029072,2,0,0.253436,0.253436,0.2750,-0.02156,0,0,0,+0.00000,+0.00000,0.00000,0.00,0,+0.000,+0.00000,-8.441,-0.37303,-10.00,-0.00525,0,+0.00000,+0.00000,0.00000,-0.718,1,24.1,24.1
9.033369,2,0,0.253498,0.253498,0.2750,-0.02150,0,0,0,+0.00000,+0.00000,0.00000,0.00,0,+0.000,+0.00000,-8.619,-0.37303,-10.00,-0.00447,0,+0.00000,+0.00000,0.00000,-0.719,1,24.1,24.1
9.038957,2,0,0.253578,0.253578,0.2750,-0.02142,0,0,0,+0.00000,+0.00000,0.00000,0.00,0,+0.000,+0.00000,-8.619,-0.37303,-10.00,-0.00447,0,+0.00000,+0.00000,0.00000,-0.719,1,24.1,24.1
9.043740,2,0,0.253646,0.253646,0.2750,-0.02135,0,0,0,+0.00000,+0.00000,0.00000,0.00,0,+0.000,+0.00000,-8.850,-0.37303,-10.00,-0.00347,0,+0.00000,+0.00000,0.00000,-0.719,1,24.1,24.1
9.048299,2,0,0.253711,0.253711,0.2750,-0.02129,0,0,0,+0.00000,+0.00000,0.00000,0.00,0,+0.000,+0.00000,-9.001,-0.37303,-10.00,-0.00280,0,+0.00000,+0.00000,0.00000,-0.719,1,24.1,24.1
9.053089,2,0,0.253779,0.253779,0.2750,-0.02122,0,0,0,+0.00000,+0.00000,0.00000,0.00,0,+0.000,+0.00000,-9.001,-0.37303,-10.00,-0.00280,0,+0.00000,+0.00000,0.00000,-0.719,1,24.1,24.1
9.057752,2,0,0.253845,0.253845,0.2750,-0.02116,0,0,0,+0.00000,+0.00000,0.00000,0.00,0,+0.000,+0.00000,-9.205,-0.37303,-10.00,-0.00191,0,+0.00000,+0.00000,0.00000,-0.720,1,24.1,24.1
9.062387,2,0,0.253910,0.253910,0.2750,-0.02109,0,0,0,+0.00000,+0.00000,0.00000,0.00,0,+0.000,+0.00000,-9.205,-0.37303,-10.00,-0.00191,0,+0.00000,+0.00000,0.00000,-0.720,1,24.1,24.1
9.066919,2,0,0.253974,0.253974,0.2750,-0.02103,0,0,0,+0.00000,+0.00000,0.00000,0.00,0,+0.000,+0.00000,-9.360,-0.37303,-10.00,-0.00124,0,+0.00000,+0.00000,0.00000,-0.720,1,24.1,24.1
9.071592,2,0,0.254039,0.254039,0.2750,-0.02096,0,0,0,+0.00000,+0.00000,0.00000,0.00,0,+0.000,+0.00000,-9.360,-0.37303,-10.00,-0.00124,0,+0.00000,+0.00000,0.00000,-0.720,1,24.1,24.1
9.076068,2,0,0.254101,0.254101,0.2750,-0.02090,0,0,0,+0.00000,+0.00000,0.00000,0.00,0,+0.000,+0.00000,-9.544,-0.37303,-10.00,-0.00044,0,+0.00000,+0.00000,0.00000,-0.721,1,24.1,24.1
9.080385,2,0,0.254161,0.254161,0.2750,-0.02084,0,0,0,+0.00000,+0.00000,0.00000,0.00,0,+0.000,+0.00000,-9.544,-0.37303,-10.00,-0.00044,0,+0.00000,+0.00000,0.00000,-0.721,1,24.1,24.1
9.084951,2,0,0.254225,0.254225,0.2750,-0.02078,0,0,0,+0.00000,+0.00000,0.00000,0.00,0,+0.000,+0.00000,-9.709,-0.37303,-10.00,+0.00029,0,+0.00000,+0.00000,0.00000,-0.721,1,24.1,24.1
9.089195,2,0,0.254284,0.254284,0.2750,-0.02072,0,0,0,+0.00000,+0.00000,0.00000,0.00,0,+0.000,+0.00000,-9.709,-0.37303,-10.00,+0.00029,0,+0.00000,+0.00000,0.00000,-0.721,1,24.1,24.1
9.093630,2,0,0.254345,0.254345,0.2750,-0.02066,0,0,0,+0.00000,+0.00000,0.00000,0.00,0,+0.000,+0.00000,-9.913,-0.37303,-10.00,+0.00117,0,+0.00000,+0.00000,0.00000,-0.721,1,24.1,24.1
9.097809,2,0,0.254402,0.254402,0.2750,-0.02060,0,0,0,+0.00000,+0.00000,0.00000,0.00,0,+0.000,+0.00000,-9.913,-0.37303,-10.00,+0.00117,0,+0.00000,+0.00000,0.00000,-0.721,1,24.1,24.1
9.102027,2,0,0.254460,0.254460,0.2750,-0.02054,0,0,0,+0.00000,+0.00000,0.00000,0.00,0,+0.000,+0.00000,-10.085,-0.37303,-10.00,+0.00193,0,+0.00000,+0.00000,0.00000,-0.722,1,24.1,24.1
9.108455,2,0,0.254548,0.254548,0.2750,-0.02045,0,0,0,+0.00000,+0.00000,0.00000,0.00,0,+0.000,+0.00000,-10.277,-0.37303,-10.00,+0.00276,0,+0.00000,+0.00000,0.00000,-0.722,1,24.1,24.1
9.113056,2,0,0.254610,0.254610,0.2750,-0.02039,0,0,0,+0.00000,+0.00000,0.00000,0.00,0,+0.000,+0.00000,-10.277,-0.37303,-10.00,+0.00276,0,+0.00000,+0.00000,0.00000,-0.722,1,24.1,24.1
9.118876,2,0,0.254689,0.254689,0.2750,-0.02031,0,0,0,+0.00000,+0.00000,0.00000,0.00,0,+0.000,+0.00000,-10.495,-0.37303,-10.00,+0.00371,0,+0.00000,+0.00000,0.00000,-0.723,1,24.1,24.1
9.123575,2,0,0.254753,0.254753,0.2750,-0.02025,0,0,0,+0.00000,+0.00000,0.00000,0.00,0,+0.000,+0.00000,-10.495,-0.37303,-10.00,+0.00371,0,+0.00000,+0.00000,0.00000,-0.723,1,24.1,24.1
9.128075,2,0,0.254814,0.254814,0.2750,-0.02019,0,0,0,+0.00000,+0.00000,0.00000,0.00,0,+0.000,+0.00000,-10.677,-0.37303,-10.00,+0.00451,0,+0.00000,+0.00000,0.00000,-0.723,1,24.1,24.1
9.132283,2,0,0.254870,0.254870,0.2750,-0.02013,0,0,0,+0.00000,+0.00000,0.00000,0.00,0,+0.000,+0.00000,-10.677,-0.37303,-10.00,+0.00451,0,+0.00000,+0.00000,0.00000,-0.723,1,24.1,24.1
9.136721,2,0,0.254930,0.254930,0.2750,-0.02007,0,0,0,+0.00000,+0.00000,0.00000,0.00,0,+0.000,+0.00000,-10.819,-0.37303,-10.00,+0.00513,0,+0.00000,+0.00000,0.00000,-0.723,1,24.1,24.1
9.141122,2,0,0.254988,0.254988,0.2750,-0.02001,0,0,0,+0.00000,+0.00000,0.00000,0.00,0,+0.000,+0.00000,-10.819,-0.37303,-10.00,+0.00513,0,+0.00000,+0.00000,0.00000,-0.723,1,24.1,24.1
9.145738,2,0,0.255050,0.255050,0.2750,-0.01995,0,0,0,+0.00000,+0.00000,0.00000,0.00,0,+0.000,+0.00000,-11.020,-0.37303,-10.00,+0.00600,0,+0.00000,+0.00000,0.00000,-0.724,1,24.1,24.1
9.150308,2,0,0.255111,0.255111,0.2750,-0.01989,0,0,0,+0.00000,+0.00000,0.00000,0.00,0,+0.000,+0.00000,-11.183,-0.37303,-10.00,+0.00671,0,+0.00000,+0.00000,0.00000,-0.724,1,24.1,24.1
9.154569,2,0,0.255167,0.255167,0.2750,-0.01983,0,0,0,+0.00000,+0.00000,0.00000,0.00,0,+0.000,+0.00000,-11.183,-0.37303,-10.00,+0.00671,0,+0.00000,+0.00000,0.00000,-0.724,1,24.1,24.1
9.159450,2,0,0.255231,0.255231,0.2750,-0.01977,0,0,0,+0.00000,+0.00000,0.00000,0.00,0,+0.000,+0.00000,-11.378,-0.37303,-10.00,+0.00757,0,+0.00000,+0.00000,0.00000,-0.725,1,24.1,24.1
9.164277,2,0,0.255295,0.255295,0.2750,-0.01971,0,0,0,+0.00000,+0.00000,0.00000,0.00,0,+0.000,+0.00000,-11.378,-0.37303,-10.00,+0.00757,0,+0.00000,+0.00000,0.00000,-0.725,1,24.1,24.1
9.168515,2,0,0.255351,0.255351,0.2750,-0.01965,0,0,0,+0.00000,+0.00000,0.00000,0.00,0,+0.000,+0.00000,-11.572,-0.37303,-10.00,+0.00842,0,+0.00000,+0.00000,0.00000,-0.725,1,24.1,24.1
9.172675,2,0,0.255405,0.255405,0.2750,-0.01960,0,0,0,+0.00000,+0.00000,0.00000,0.00,0,+0.000,+0.00000,-11.572,-0.37303,-10.00,+0.00842,0,+0.00000,+0.00000,0.00000,-0.725,1,24.1,24.1
9.177388,2,0,0.255466,0.255466,0.2750,-0.01953,0,0,0,+0.00000,+0.00000,0.00000,0.00,0,+0.000,+0.00000,-11.742,-0.37303,-10.00,+0.00915,0,+0.00000,+0.00000,0.00000,-0.726,1,24.1,24.1
9.181927,2,0,0.255525,0.255525,0.2750,-0.01947,0,0,0,+0.00000,+0.00000,0.00000,0.00,0,+0.000,+0.00000,-11.742,-0.37303,-10.00,+0.00915,0,+0.00000,+0.00000,0.00000,-0.726,1,24.1,24.1
9.186187,2,0,0.255581,0.255581,0.2750,-0.01942,0,0,0,+0.00000,+0.00000,0.00000,0.00,0,+0.000,+0.00000,-11.949,-0.37303,-10.00,+0.01006,0,+0.00000,+0.00000,0.00000,-0.726,1,24.1,24.1
9.190988,2,0,0.255643,0.255643,0.2750,-0.01936,0,0,0,+0.00000,+0.00000,0.00000,0.00,0,+0.000,+0.00000,-11.949,-0.37303,-10.00,+0.01006,0,+0.00000,+0.00000,0.00000,-0.726,1,24.1,24.1
9.195505,2,0,0.255701,0.255701,0.2750,-0.01930,0,0,0,+0.00000,+0.00000,0.00000,0.00,0,+0.000,+0.00000,-12.107,-0.37303,-10.00,+0.01075,0,+0.00000,+0.00000,0.00000,-0.727,1,24.1,24.1
9.199803,2,0,0.255756,0.255756,0.2750,-0.01924,0,0,0,+0.00000,+0.00000,0.00000,0.00,0,+0.000,+0.00000,-12.107,-0.37303,-10.00,+0.01075,0,+0.00000,+0.00000,0.00000,-0.727,1,24.1,24.1
9.204349,2,0,0.255814,0.255814,0.2750,-0.01919,0,0,0,+0.00000,+0.00000,0.00000,0.00,0,+0.000,+0.00000,-12.275,-0.37303,-10.00,+0.01148,0,+0.00000,+0.00000,0.00000,-0.727,1,65.8,19.9
9.208984,2,0,0.255874,0.255874,0.2750,-0.01913,0,0,0,+0.00000,+0.00000,0.00000,0.00,0,+0.000,+0.00000,-12.275,-0.37303,-10.00,+0.01148,0,+0.00000,+0.00000,0.00000,-0.727,1,65.8,19.9
9.213541,2,0,0.255932,0.255932,0.2750,-0.01907,0,0,0,+0.00000,+0.00000,0.00000,0.00,0,+0.000,+0.00000,-12.460,-0.37303,-10.00,+0.01229,0,+0.00000,+0.00000,0.00000,-0.728,1,65.8,19.9
9.218161,2,0,0.255990,0.255990,0.2750,-0.01901,0,0,0,+0.00000,+0.00000,0.00000,0.00,0,+0.000,+0.00000,-12.460,-0.37303,-10.00,+0.01229,0,+0.00000,+0.00000,0.00000,-0.728,1,65.8,19.9
9.222588,2,0,0.256046,0.256046,0.2750,-0.01895,0,0,0,+0.00000,+0.00000,0.00000,0.00,0,+0.000,+0.00000,-12.655,-0.37303,-10.00,+0.01314,0,+0.00000,+0.00000,0.00000,-0.728,1,65.8,19.9
9.227228,2,0,0.256105,0.256105,0.2750,-0.01890,0,0,0,+0.00000,+0.00000,0.00000,0.00,0,+0.000,+0.00000,-12.819,-0.37303,-10.00,+0.01386,0,+0.00000,+0.00000,0.00000,-0.729,1,65.8,19.9
9.231853,2,0,0.256163,0.256163,0.2750,-0.01884,0,0,0,+0.00000,+0.00000,0.00000,0.00,0,+0.000,+0.00000,-12.819,-0.37303,-10.00,+0.01386,0,+0.00000,+0.00000,0.00000,-0.729,1,65.8,19.9
9.236591,2,0,0.256222,0.256222,0.2750,-0.01878,0,0,0,+0.00000,+0.00000,0.00000,0.00,0,+0.000,+0.00000,-13.001,-0.37303,-10.00,+0.01465,0,+0.00000,+0.00000,0.00000,-0.729,1,65.8,19.9
9.242154,2,0,0.256292,0.256292,0.2750,-0.01871,0,0,0,+0.00000,+0.00000,0.00000,0.00,0,+0.000,+0.00000,-13.001,-0.37303,-10.00,+0.01465,0,+0.00000,+0.00000,0.00000,-0.729,1,65.8,19.9
9.246871,2,0,0.256351,0.256351,0.2750,-0.01865,0,0,0,+0.00000,+0.00000,0.00000,0.00,0,+0.000,+0.00000,-13.200,-0.37303,-10.00,+0.01552,0,+0.00000,+0.00000,0.00000,-0.730,1,65.8,19.9
9.251505,2,0,0.256408,0.256408,0.2750,-0.01859,0,0,0,+0.00000,+0.00000,0.00000,0.00,0,+0.000,+0.00000,-13.200,-0.37303,-10.00,+0.01552,0,+0.00000,+0.00000,0.00000,-0.730,1,65.8,19.9
9.256012,2,0,0.256464,0.256464,0.2750,-0.01854,0,0,0,+0.00000,+0.00000,0.00000,0.00,0,+0.000,+0.00000,-13.368,-0.37303,-10.00,+0.01625,0,+0.00000,+0.00000,0.00000,-0.730,1,65.8,19.9
9.260683,2,0,0.256522,0.256522,0.2750,-0.01848,0,0,0,+0.00000,+0.00000,0.00000,0.00,0,+0.000,+0.00000,-13.368,-0.37303,-10.00,+0.01625,0,+0.00000,+0.00000,0.00000,-0.730,1,65.8,19.9
9.265231,2,0,0.256578,0.256578,0.2750,-0.01842,0,0,0,+0.00000,+0.00000,0.00000,0.00,0,+0.000,+0.00000,-13.565,-0.37303,-10.00,+0.01711,0,+0.00000,+0.00000,0.00000,-0.731,1,65.8,19.9
9.269793,2,0,0.256633,0.256633,0.2750,-0.01837,0,0,0,+0.00000,+0.00000,0.00000,0.00,0,+0.000,+0.00000,-13.737,-0.37303,-10.00,+0.01786,0,+0.00000,+0.00000,0.00000,-0.731,1,65.8,19.9
9.274322,2,0,0.256689,0.256689,0.2750,-0.01831,0,0,0,+0.00000,+0.00000,0.00000,0.00,0,+0.000,+0.00000,-13.737,-0.37303,-10.00,+0.01786,0,+0.00000,+0.00000,0.00000,-0.731,1,65.8,19.9
9.278571,2,0,0.256741,0.256741,0.2750,-0.01826,0,0,0,+0.00000,+0.00000,0.00000,0.00,0,+0.000,+0.00000,-13.900,-0.37303,-10.00,+0.01857,0,+0.00000,+0.00000,0.00000,-0.732,1,65.8,19.9
9.283374,2,0,0.256799,0.256799,0.2750,-0.01820,0,0,0,+0.00000,+0.00000,0.00000,0.00,0,+0.000,+0.00000,-13.900,-0.37303,-10.00,+0.01857,0,+0.00000,+0.00000,0.00000,-0.732,1,65.8,19.9
9.288008,2,0,0.256855,0.256855,0.2750,-0.01814,0,0,0,+0.00000,+0.00000,0.00000,0.00,0,+0.000,+0.00000,-14.094,-0.37303,-10.00,+0.01942,0,+0.00000,+0.00000,0.00000,-0.733,1,65.8,19.9
9.292794,2,0,0.256913,0.256913,0.2750,-0.01809,0,0,0,+0.00000,+0.00000,0.00000,0.00,0,+0.000,+0.00000,-14.094,-0.37303,-10.00,+0.01942,0,+0.00000,+0.00000,0.00000,-0.733,1,65.8,19.9
9.297325,2,0,0.256967,0.256967,0.2750,-0.01803,0,0,0,+0.00000,+0.00000,0.00000,0.00,0,+0.000,+0.00000,-14.289,-0.37303,-10.00,+0.02027,0,+0.00000,+0.00000,0.00000,-0.733,1,65.8,19.9
9.301832,2,0,0.257022,0.257022,0.2750,-0.01798,0,0,0,+0.00000,+0.00000,0.00000,0.00,0,+0.000,+0.00000,-14.289,-0.37303,-10.00,+0.02027,0,+0.00000,+0.00000,0.00000,-0.733,1,65.8,19.9
9.306482,2,0,0.257077,0.257077,0.2750,-0.01792,0,0,0,+0.00000,+0.00000,0.00000,0.00,0,+0.000,+0.00000,-14.489,-0.37303,-10.00,+0.02114,0,+0.00000,+0.00000,0.00000,-0.734,1,65.8,19.9
9.310878,2,0,0.257130,0.257130,0.2750,-0.01787,0,0,0,+0.00000,+0.00000,0.00000,0.00,0,+0.000,+0.00000,-14.489,-0.37303,-10.00,+0.02114,0,+0.00000,+0.00000,0.00000,-0.734,1,65.8,19.9
9.315285,2,0,0.257182,0.257182,0.2750,-0.01782,0,0,0,+0.00000,+0.00000,0.00000,0.00,0,+0.000,+0.00000,-14.655,-0.37303,-10.00,+0.02187,0,+0.00000,+0.00000,0.00000,-0.734,1,65.8,19.9
9.320016,2,0,0.257238,0.257238,0.2750,-0.01776,0,0,0,+0.00000,+0.00000,0.00000,0.00,0,+0.000,+0.00000,-14.655,-0.37303,-10.00,+0.02187,0,+0.00000,+0.00000,0.00000,-0.734,1,65.8,19.9
9.324901,2,0,0.257296,0.257296,0.2750,-0.01770,0,0,0,+0.00000,+0.00000,0.00000,0.00,0,+0.000,+0.00000,-14.833,-0.37303,-10.00,+0.02264,0,+0.00000,+0.00000,0.00000,-0.735,1,65.8,19.9
9.329486,2,0,0.257350,0.257350,0.2750,-0.01765,0,0,0,+0.00000,+0.00000,0.00000,0.00,0,+0.000,+0.00000,-14.833,-0.37303,-10.00,+0.02264,0,+0.00000,+0.00000,0.00000,-0.735,1,65.8,19.9
9.334816,2,0,0.257413,0.257413,0.2750,-0.01759,0,0,0,+0.00000,+0.00000,0.00000,0.00,0,+0.000,+0.00000,-15.036,-0.37303,-10.00,+0.02353,0,+0.00000,+0.00000,0.00000,-0.736,1,65.8,19.9
9.359055,2,0,0.257695,0.257695,0.2750,-0.01731,0,0,0,+0.00000,+0.00000,0.00000,0.00,0,+0.000,+0.00000,-15.647,-0.37303,-10.00,+0.02619,0,+0.00000,+0.00000,0.00000,-0.738,1,65.8,19.9
9.363737,2,0,0.257748,0.257748,0.2750,-0.01725,0,0,0,+0.00000,+0.00000,0.00000,0.00,0,+0.000,+0.00000,-15.719,-0.37303,-10.00,+0.02651,0,+0.00000,+0.00000,0.00000,-0.738,1,65.8,19.9
9.368522,2,0,0.257803,0.257803,0.2750,-0.01720,0,0,0,+0.00000,+0.00000,0.00000,0.00,0,+0.000,+0.00000,-15.719,-0.37303,-10.00,+0.02651,0,+0.00000,+0.00000,0.00000,-0.738,1,65.8,19.9
9.374613,2,0,0.257873,0.257873,0.2750,-0.01713,0,0,0,+0.00000,+0.00000,0.00000,0.00,0,+0.000,+0.00000,-15.880,-0.37303,-10.00,+0.02721,0,+0.00000,+0.00000,0.00000,-0.739,1,65.8,19.9
9.381101,2,0,0.257947,0.257947,0.2750,-0.01705,0,0,0,+0.00000,+0.00000,0.00000,0.00,0,+0.000,+0.00000,-16.115,-0.37303,-10.00,+0.02823,0,+0.00000,+0.00000,0.00000,-0.739,1,65.8,19.9
9.385611,2,0,0.257998,0.257998,0.2750,-0.01700,0,0,0,+0.00000,+0.00000,0.00000,0.00,0,+0.000,+0.00000,-16.115,-0.37303,-10.00,+0.02823,0,+0.00000,+0.00000,0.00000,-0.739,1,65.8,19.9
9.394851,2,0,0.258103,0.258103,0.2750,-0.01690,0,0,0,+0.00000,+0.00000,0.00000,0.00,0,+0.000,+0.00000,-16.273,-0.37303,-10.00,+0.02893,0,+0.00000,+0.00000,0.00000,-0.740,1,65.8,19.9
9.400081,2,0,0.258161,0.258161,0.2750,-0.01684,0,0,0,+0.00000,+0.00000,0.00000,0.00,0,+0.000,+0.00000,-16.446,-0.37303,-10.00,+0.02968,0,+0.00000,+0.00000,0.00000,-0.741,1,65.8,19.9
9.405977,2,0,0.258227,0.258227,0.2750,-0.01677,0,0,0,+0.00000,+0.00000,0.00000,0.00,0,+0.000,+0.00000,-16.647,-0.37303,-10.00,+0.03056,0,+0.00000,+0.00000,0.00000,-0.741,1,65.8,19.9
9.410611,2,0,0.258279,0.258279,0.2750,-0.01672,0,0,0,+0.00000,+0.00000,0.00000,0.00,0,+0.000,+0.00000,-16.647,-0.37303,-10.00,+0.03056,0,+0.00000,+0.00000,0.00000,-0.741,1,65.8,19.9
9.416612,2,0,0.258346,0.258346,0.2750,-0.01665,0,0,0,+0.00000,+0.00000,0.00000,0.00,0,+0.000,+0.00000,-16.855,-0.37303,-10.00,+0.03146,0,+0.00000,+0.00000,0.00000,-0.742,1,65.8,19.9
9.425261,2,0,0.258442,0.258442,0.2750,-0.01656,0,0,0,+0.00000,+0.00000,0.00000,0.00,0,+0.000,+0.00000,-16.855,-0.37303,-10.00,+0.03146,0,+0.00000,+0.00000,0.00000,-0.742,1,65.8,19.9
9.431406,2,0,0.258509,0.258509,0.2750,-0.01649,0,0,0,+0.00000,+0.00000,0.00000,0.00,0,+0.000,+0.00000,-17.112,-0.37303,-10.00,+0.03259,0,+0.00000,+0.00000,0.00000,-0.743,1,65.8,19.9
9.436873,2,0,0.258569,0.258569,0.2750,-0.01643,0,0,0,+0.00000,+0.00000,0.00000,0.00,0,+0.000,+0.00000,-17.112,-0.37303,-10.00,+0.03259,0,+0.00000,+0.00000,0.00000,-0.743,1,65.8,19.9
9.443719,2,0,0.258644,0.258644,0.2750,-0.01636,0,0,0,+0.00000,+0.00000,0.00000,0.00,0,+0.000,+0.00000,-17.327,-0.37303,-10.00,+0.03352,0,+0.00000,+0.00000,0.00000,-0.744,1,65.8,19.9
9.450268,2,0,0.258715,0.258715,0.2750,-0.01628,0,0,0,+0.00000,+0.00000,0.00000,0.00,0,+0.000,+0.00000,-17.327,-0.37303,-10.00,+0.03352,0,+0.00000,+0.00000,0.00000,-0.744,1,65.8,19.9
9.454887,2,0,0.258766,0.258766,0.2750,-0.01623,0,0,0,+0.00000,+0.00000,0.00000,0.00,0,+0.000,+0.00000,-17.680,-0.37303,-10.00,+0.03506,0,+0.00000,+0.00000,0.00000,-0.746,1,65.8,19.9
9.459824,2,0,0.258819,0.258819,0.2750,-0.01618,0,0,0,+0.00000,+0.00000,0.00000,0.00,0,+0.000,+0.00000,-17.680,-0.37303,-10.00,+0.03506,0,+0.00000,+0.00000,0.00000,-0.746,1,65.8,19.9
9.465509,2,0,0.258880,0.258880,0.2750,-0.01612,0,0,0,+0.00000,+0.00000,0.00000,0.00,0,+0.000,+0.00000,-17.920,-0.37303,-10.00,+0.03611,0,+0.00000,+0.00000,0.00000,-0.747,1,65.8,19.9
9.470002,2,0,0.258928,0.258928,0.2750,-0.01607,0,0,0,+0.00000,+0.00000,0.00000,0.00,0,+0.000,+0.00000,-17.920,-0.37303,-10.00,+0.03611,0,+0.00000,+0.00000,0.00000,-0.747,1,65.8,19.9
9.475864,2,0,0.258991,0.258991,0.2750,-0.01601,0,0,0,+0.00000,+0.00000,0.00000,0.00,0,+0.000,+0.00000,-18.058,-0.37303,-10.00,+0.03671,0,+0.00000,+0.00000,0.00000,-0.747,1,65.8,19.9
9.480604,2,0,0.259042,0.259042,0.2750,-0.01596,0,0,0,+0.00000,+0.00000,0.00000,0.00,0,+0.000,+0.00000,-18.241,-0.37303,-10.00,+0.03751,0,+0.00000,+0.00000,0.00000,-0.748,1,65.8,19.9
9.486027,2,0,0.259099,0.259099,0.2750,-0.01590,0,0,0,+0.00000,+0.00000,0.00000,0.00,0,+0.000,+0.00000,-18.241,-0.37303,-10.00,+0.03751,0,+0.00000,+0.00000,0.00000,-0.748,1,65.8,19.9
9.490721,2,0,0.259149,0.259149,0.2750,-0.01585,0,0,0,+0.00000,+0.00000,0.00000,0.00,0,+0.000,+0.00000,-18.407,-0.37303,-10.00,+0.03824,0,+0.00000,+0.00000,0.00000,-0.749,1,65.8,19.9
9.496282,2,0,0.259207,0.259207,0.2750,-0.01579,0,0,0,+0.00000,+0.00000,0.00000,0.00,0,+0.000,+0.00000,-18.407,-0.37303,-10.00,+0.03824,0,+0.00000,+0.00000,0.00000,-0.749,1,65.8,19.9
9.504132,2,0,0.259290,0.259290,0.2750,-0.01571,0,0,0,+0.00000,+0.00000,0.00000,0.00,0,+0.000,+0.00000,-18.635,-0.37303,-10.00,+0.03923,0,+0.00000,+0.00000,0.00000,-0.750,1,65.8,19.9
9.508930,2,0,0.259340,0.259340,0.2750,-0.01566,0,0,0,+0.00000,+0.00000,0.00000,0.00,0,+0.000,+0.00000,-18.844,-0.37303,-10.00,+0.04014,0,+0.00000,+0.00000,0.00000,-0.751,1,65.8,19.9
9.513650,2,0,0.259389,0.259389,0.2750,-0.01561,0,0,0,+0.00000,+0.00000,0.00000,0.00,0,+0.000,+0.00000,-18.844,-0.37303,-10.00,+0.04014,0,+0.00000,+0.00000,0.00000,-0.751,1,65.8,19.9
9.518163,2,0,0.259436,0.259436,0.2750,-0.01556,0,0,0,+0.00000,+0.00000,0.00000,0.00,0,+0.000,+0.00000,-19.025,-0.37303,-10.00,+0.04093,0,+0.00000,+0.00000,0.00000,-0.751,1,65.8,19.9
9.525310,2,0,0.259510,0.259510,0.2750,-0.01549,0,0,0,+0.00000,+0.00000,0.00000,0.00,0,+0.000,+0.00000,-19.195,-0.37303,-10.00,+0.04167,0,+0.00000,+0.00000,0.00000,-0.752,1,65.8,19.9
9.530093,2,0,0.259559,0.259559,0.2750,-0.01544,0,0,0,+0.00000,+0.00000,0.00000,0.00,0,+0.000,+0.00000,-19.195,-0.37303,-10.00,+0.04167,0,+0.00000,+0.00000,0.00000,-0.752,1,65.8,19.9
9.536160,2,0,0.259622,0.259622,0.2750,-0.01538,0,0,0,+0.00000,+0.00000,0.00000,0.00,0,+0.000,+0.00000,-19.406,-0.37303,-10.00,+0.04260,0,+0.00000,+0.00000,0.00000,-0.753,1,65.8,19.9
9.540930,2,0,0.259671,0.259671,0.2750,-0.01533,0,0,0,+0.00000,+0.00000,0.00000,0.00,0,+0.000,+0.00000,-19.406,-0.37303,-10.00,+0.04260,0,+0.00000,+0.00000,0.00000,-0.753,1,65.8,19.9
9.545441,2,0,0.259717,0.259717,0.2750,-0.01528,0,0,0,+0.00000,+0.00000,0.00000,0.00,0,+0.000,+0.00000,-19.566,-0.37303,-10.00,+0.04330,0,+0.00000,+0.00000,0.00000,-0.754,1,65.8,19.9
9.550061,2,0,0.259764,0.259764,0.2750,-0.01524,0,0,0,+0.00000,+0.00000,0.00000,0.00,0,+0.000,+0.00000,-19.566,-0.37303,-10.00,+0.04330,0,+0.00000,+0.00000,0.00000,-0.754,1,65.8,19.9
9.554358,2,0,0.259807,0.259807,0.2750,-0.01519,0,0,0,+0.00000,+0.00000,0.00000,0.00,0,+0.000,+0.00000,-19.788,-0.37303,-10.00,+0.04426,0,+0.00000,+0.00000,0.00000,-0.755,1,65.8,19.9
9.559015,2,0,0.259854,0.259854,0.2750,-0.01515,0,0,0,+0.00000,+0.00000,0.00000,0.00,0,+0.000,+0.00000,-19.788,-0.37303,-10.00,+0.04426,0,+0.00000,+0.00000,0.00000,-0.755,1,65.8,19.9
9.563413,2,0,0.259899,0.259899,0.2750,-0.01510,0,0,0,+0.00000,+0.00000,0.00000,0.00,0,+0.000,+0.00000,-19.952,-0.37303,-10.00,+0.04498,0,+0.00000,+0.00000,0.00000,-0.756,1,65.8,19.9
9.567598,2,0,0.259941,0.259941,0.2750,-0.01506,0,0,0,+0.00000,+0.00000,0.00000,0.00,0,+0.000,+0.00000,-19.952,-0.37303,-10.00,+0.04498,0,+0.00000,+0.00000,0.00000,-0.756,1,65.8,19.9
9.572399,2,0,0.259989,0.259989,0.2750,-0.01501,0,0,0,+0.00000,+0.00000,0.00000,0.00,0,+0.000,+0.00000,-20.136,-0.37303,-10.00,+0.04578,0,+0.00000,+0.00000,0.00000,-0.757,1,65.8,19.9
9.576888,2,0,0.260034,0.260034,0.2750,-0.01497,0,0,0,+0.00000,+0.00000,0.00000,0.00,0,+0.000,+0.00000,-20.279,-0.37303,-10.00,+0.04640,0,+0.00000,+0.00000,0.00000,-0.757,1,65.8,19.9
9.581212,2,0,0.260077,0.260077,0.2750,-0.01492,0,0,0,+0.00000,+0.00000,0.00000,0.00,0,+0.000,+0.00000,-20.279,-0.37303,-10.00,+0.04640,0,+0.00000,+0.00000,0.00000,-0.757,1,65.8,19.9
9.585771,2,0,0.260122,0.260122,0.2750,-0.01488,0,0,0,+0.00000,+0.00000,0.00000,0.00,0,+0.000,+0.00000,-20.484,-0.37303,-10.00,+0.04730,0,+0.00000,+0.00000,0.00000,-0.758,1,65.8,19.9
9.590389,2,0,0.260168,0.260168,0.2750,-0.01483,0,0,0,+0.00000,+0.00000,0.00000,0.00,0,+0.000,+0.00000,-20.484,-0.37303,-10.00,+0.04730,0,+0.00000,+0.00000,0.00000,-0.758,1,65.8,19.9
9.594937,2,0,0.260213,0.260213,0.2750,-0.01479,0,0,0,+0.00000,+0.00000,0.00000,0.00,0,+0.000,+0.00000,-20.655,-0.37303,-10.00,+0.04805,0,+0.00000,+0.00000,0.00000,-0.759,1,65.8,19.9
9.599432,2,0,0.260257,0.260257,0.2750,-0.01474,0,0,0,+0.00000,+0.00000,0.00000,0.00,0,+0.000,+0.00000,-20.655,-0.37303,-10.00,+0.04805,0,+0.00000,+0.00000,0.00000,-0.759,1,65.8,19.9
9.603819,2,0,0.260300,0.260300,0.2750,-0.01470,0,0,0,+0.00000,+0.00000,0.00000,0.00,0,+0.000,+0.00000,-20.877,-0.37303,-10.00,+0.04901,0,+0.00000,+0.00000,0.00000,-0.760,1,65.8,19.9
9.608507,2,0,0.260346,0.260346,0.2750,-0.01465,0,0,0,+0.00000,+0.00000,0.00000,0.00,0,+0.000,+0.00000,-20.877,-0.37303,-10.00,+0.04901,0,+0.00000,+0.00000,0.00000,-0.760,1,65.8,19.9
9.613060,2,0,0.260390,0.260390,0.2750,-0.01461,0,0,0,+0.00000,+0.00000,0.00000,0.00,0,+0.000,+0.00000,-21.053,-0.37303,-10.00,+0.04978,0,+0.00000,+0.00000,0.00000,-0.761,1,65.8,19.9
9.617360,2,0,0.260432,0.260432,0.2750,-0.01457,0,0,0,+0.00000,+0.00000,0.00000,0.00,0,+0.000,+0.00000,-21.053,-0.37303,-10.00,+0.04978,0,+0.00000,+0.00000,0.00000,-0.761,1,65.8,19.9
9.621838,2,0,0.260476,0.260476,0.2750,-0.01452,0,0,0,+0.00000,+0.00000,0.00000,0.00,0,+0.000,+0.00000,-21.187,-0.37303,-10.00,+0.05000,0,+0.00000,+0.00000,0.00000,-0.762,1,65.8,19.9
9.626396,2,0,0.260520,0.260520,0.2750,-0.01448,0,0,0,+0.00000,+0.00000,0.00000,0.00,0,+0.000,+0.00000,-21.187,-0.37303,-10.00,+0.05000,0,+0.00000,+0.00000,0.00000,-0.762,1,65.8,19.9
9.631327,2,0,0.260567,0.260567,0.2750,-0.01443,0,0,0,+0.00000,+0.00000,0.00000,0.00,0,+0.000,+0.00000,-21.374,-0.37303,-10.00,+0.05000,0,+0.00000,+0.00000,0.00000,-0.763,1,65.8,19.9
9.635899,2,0,0.260611,0.260611,0.2750,-0.01439,0,0,0,+0.00000,+0.00000,0.00000,0.00,0,+0.000,+0.00000,-21.374,-0.37303,-10.00,+0.05000,0,+0.00000,+0.00000,0.00000,-0.763,1,65.8,19.9
9.640525,2,0,0.260655,0.260655,0.2750,-0.01434,0,0,0,+0.00000,+0.00000,0.00000,0.00,0,+0.000,+0.00000,-21.583,-0.37303,-10.00,+0.05000,0,+0.00000,+0.00000,0.00000,-0.764,1,65.8,19.9
9.645004,2,0,0.260698,0.260698,0.2750,-0.01430,0,0,0,+0.00000,+0.00000,0.00000,0.00,0,+0.000,+0.00000,-21.756,-0.37303,-10.00,+0.05000,0,+0.00000,+0.00000,0.00000,-0.765,1,65.8,19.9
9.650326,2,0,0.260749,0.260749,0.2750,-0.01425,0,0,0,+0.00000,+0.00000,0.00000,0.00,0,+0.000,+0.00000,-21.756,-0.37303,-10.00,+0.05000,0,+0.00000,+0.00000,0.00000,-0.765,1,65.8,19.9
9.657537,2,0,0.260817,0.260817,0.2750,-0.01418,0,0,0,+0.00000,+0.00000,0.00000,0.00,0,+0.000,+0.00000,-21.971,-0.37303,-10.00,+0.05000,0,+0.00000,+0.00000,0.00000,-0.766,1,65.8,19.9
9.662198,2,0,0.260861,0.260861,0.2750,-0.01414,0,0,0,+0.00000,+0.00000,0.00000,0.00,0,+0.000,+0.00000,-22.123,-0.37303,-10.00,+0.05000,0,+0.00000,+0.00000,0.00000,-0.767,1,65.8,19.9
9.667007,2,0,0.260906,0.260906,0.2750,-0.01409,0,0,0,+0.00000,+0.00000,0.00000,0.00,0,+0.000,+0.00000,-22.123,-0.37303,-10.00,+0.05000,0,+0.00000,+0.00000,0.00000,-0.767,1,65.8,19.9
9.671757,2,0,0.260951,0.260951,0.2750,-0.01405,0,0,0,+0.00000,+0.00000,0.00000,0.00,0,+0.000,+0.00000,-22.294,-0.37303,-10.00,+0.05000,0,+0.00000,+0.00000,0.00000,-0.768,1,65.8,19.9
9.676295,2,0,0.260993,0.260993,0.2750,-0.01401,0,0,0,+0.00000,+0.00000,0.00000,0.00,0,+0.000,+0.00000,-22.294,-0.37303,-10.00,+0.05000,0,+0.00000,+0.00000,0.00000,-0.768,1,65.8,19.9
9.681876,2,0,0.261045,0.261045,0.2750,-0.01395,0,0,0,+0.00000,+0.00000,0.00000,0.00,0,+0.000,+0.00000,-22.491,-0.37303,-10.00,+0.05000,0,+0.00000,+0.00000,0.00000,-0.769,1,65.8,19.9
9.686453,2,0,0.261088,0.261088,0.2750,-0.01391,0,0,0,+0.00000,+0.00000,0.00000,0.00,0,+0.000,+0.00000,-22.491,-0.37303,-10.00,+0.05000,0,+0.00000,+0.00000,0.00000,-0.769,1,65.8,19.9
9.691169,2,0,0.261132,0.261132,0.2750,-0.01387,0,0,0,+0.00000,+0.00000,0.00000,0.00,0,+0.000,+0.00000,-22.666,-0.37303,-10.00,+0.05000,0,+0.00000,+0.00000,0.00000,-0.770,1,65.8,19.9
9.697501,2,0,0.261190,0.261190,0.2750,-0.01381,0,0,0,+0.00000,+0.00000,0.00000,0.00,0,+0.000,+0.00000,-22.666,-0.37303,-10.00,+0.05000,0,+0.00000,+0.00000,0.00000,-0.770,1,65.8,19.9
9.702482,2,0,0.261236,0.261236,0.2750,-0.01376,0,0,0,+0.00000,+0.00000,0.00000,0.00,0,+0.000,+0.00000,-22.893,-0.37303,-10.00,+0.05000,0,+0.00000,+0.00000,0.00000,-0.771,1,65.8,19.9
9.707169,2,0,0.261279,0.261279,0.2750,-0.01372,0,0,0,+0.00000,+0.00000,0.00000,0.00,0,+0.000,+0.00000,-23.019,-0.37303,-10.00,+0.05000,0,+0.00000,+0.00000,0.00000,-0.772,1,65.8,19.9
9.712567,2,0,0.261328,0.261328,0.2750,-0.01367,0,0,0,+0.00000,+0.00000,0.00000,0.00,0,+0.000,+0.00000,-23.019,-0.37303,-10.00,+0.05000,0,+0.00000,+0.00000,0.00000,-0.772,1,65.8,19.9
9.717143,2,0,0.261370,0.261370,0.2750,-0.01363,0,0,0,+0.00000,+0.00000,0.00000,0.00,0,+0.000,+0.00000,-23.223,-0.37303,-10.00,+0.05000,0,+0.00000,+0.00000,0.00000,-0.773,1,65.8,19.9
9.721745,2,0,0.261411,0.261411,0.2750,-0.01359,0,0,0,+0.00000,+0.00000,0.00000,0.00,0,+0.000,+0.00000,-23.223,-0.37303,-10.00,+0.05000,0,+0.00000,+0.00000,0.00000,-0.773,1,65.8,19.9
9.726212,2,0,0.261452,0.261452,0.2750,-0.01355,0,0,0,+0.00000,+0.00000,0.00000,0.00,0,+0.000,+0.00000,-23.398,-0.37303,-10.00,+0.05000,0,+0.00000,+0.00000,0.00000,-0.774,1,65.8,19.9
9.730568,2,0,0.261491,0.261491,0.2750,-0.01351,0,0,0,+0.00000,+0.00000,0.00000,0.00,0,+0.000,+0.00000,-23.398,-0.37303,-10.00,+0.05000,0,+0.00000,+0.00000,0.00000,-0.774,1,65.8,19.9
9.735481,2,0,0.261535,0.261535,0.2750,-0.01346,0,0,0,+0.00000,+0.00000,0.00000,0.00,0,+0.000,+0.00000,-23.598,-0.37303,-10.00,+0.05000,0,+0.00000,+0.00000,0.00000,-0.775,1,65.8,19.9
9.739805,2,0,0.261574,0.261574,0.2750,-0.01343,0,0,0,+0.00000,+0.00000,0.00000,0.00,0,+0.000,+0.00000,-23.598,-0.37303,-10.00,+0.05000,0,+0.00000,+0.00000,0.00000,-0.775,1,65.8,19.9
9.744529,2,0,0.261616,0.261616,0.2750,-0.01338,0,0,0,+0.00000,+0.00000,0.00000,0.00,0,+0.000,+0.00000,-23.784,-0.37303,-10.00,+0.05000,0,+0.00000,+0.00000,0.00000,-0.776,1,65.8,19.9
9.748766,2,0,0.261654,0.261654,0.2750,-0.01335,0,0,0,+0.00000,+0.00000,0.00000,0.00,0,+0.000,+0.00000,-23.784,-0.37303,-10.00,+0.05000,0,+0.00000,+0.00000,0.00000,-0.776,1,65.8,19.9
9.753208,2,0,0.261693,0.261693,0.2750,-0.01331,0,0,0,+0.00000,+0.00000,0.00000,0.00,0,+0.000,+0.00000,-23.992,-0.37303,-10.00,+0.05000,0,+0.00000,+0.00000,0.00000,-0.777,1,65.8,19.9
9.757664,2,0,0.261733,0.261733,0.2750,-0.01327,0,0,0,+0.00000,+0.00000,0.00000,0.00,0,+0.000,+0.00000,-24.142,-0.37303,-10.00,+0.05000,0,+0.00000,+0.00000,0.00000,-0.778,1,65.8,19.9
9.762174,2,0,0.261773,0.261773,0.2750,-0.01323,0,0,0,+0.00000,+0.00000,0.00000,0.00,0,+0.000,+0.00000,-24.142,-0.37303,-10.00,+0.05000,0,+0.00000,+0.00000,0.00000,-0.778,1,65.8,19.9
9.767274,2,0,0.261818,0.261818,0.2750,-0.01318,0,0,0,+0.00000,+0.00000,0.00000,0.00,0,+0.000,+0.00000,-24.142,-0.37303,-10.00,+0.05000,0,+0.00000,+0.00000,0.00000,-0.778,1,65.8,19.9
9.773267,2,0,0.261870,0.261870,0.2750,-0.01313,0,0,0,+0.00000,+0.00000,0.00000,0.00,0,+0.000,+0.00000,-24.372,-0.37303,-10.00,+0.05000,0,+0.00000,+0.00000,0.00000,-0.780,1,65.8,19.9
9.778809,2,0,0.261919,0.261919,0.2750,-0.01308,0,0,0,+0.00000,+0.00000,0.00000,0.00,0,+0.000,+0.00000,-24.614,-0.37303,-10.00,+0.05000,0,+0.00000,+0.00000,0.00000,-0.781,1,65.8,19.9
9.783447,2,0,0.261959,0.261959,0.2750,-0.01304,0,0,0,+0.00000,+0.00000,0.00000,0.00,0,+0.000,+0.00000,-24.614,-0.37303,-10.00,+0.05000,0,+0.00000,+0.00000,0.00000,-0.781,1,65.8,19.9
9.788052,2,0,0.261999,0.261999,0.2750,-0.01300,0,0,0,+0.00000,+0.00000,0.00000,0.00,0,+0.000,+0.00000,-24.747,-0.37303,-10.00,+0.05000,0,+0.00000,+0.00000,0.00000,-0.782,1,65.8,19.9
9.792504,2,0,0.262038,0.262038,0.2750,-0.01296,0,0,0,+0.00000,+0.00000,0.00000,0.00,0,+0.000,+0.00000,-24.747,-0.37303,-10.00,+0.05000,0,+0.00000,+0.00000,0.00000,-0.782,1,65.8,19.9
9.797199,2,0,0.262078,0.262078,0.2750,-0.01292,0,0,0,+0.00000,+0.00000,0.00000,0.00,0,+0.000,+0.00000,-24.930,-0.37303,-10.00,+0.05000,0,+0.00000,+0.00000,0.00000,-0.783,1,65.8,19.9
9.802178,2,0,0.262121,0.262121,0.2750,-0.01288,0,0,0,+0.00000,+0.00000,0.00000,0.00,0,+0.000,+0.00000,-25.101,-0.37303,-10.00,+0.05000,0,+0.00000,+0.00000,0.00000,-0.784,1,65.8,19.9
9.807100,2,0,0.262163,0.262163,0.2750,-0.01284,0,0,0,+0.00000,+0.00000,0.00000,0.00,0,+0.000,+0.00000,-25.101,-0.37303,-10.00,+0.05000,0,+0.00000,+0.00000,0.00000,-0.784,1,65.8,19.9
9.813757,2,0,0.262220,0.262220,0.2750,-0.01278,0,0,0,+0.00000,+0.00000,0.00000,0.00,0,+0.000,+0.00000,-25.355,-0.37303,-10.00,+0.05000,0,+0.00000,+0.00000,0.00000,-0.786,1,65.8,19.9
9.818396,2,0,0.262259,0.262259,0.2750,-0.01274,0,0,0,+0.00000,+0.00000,0.00000,0.00,0,+0.000,+0.00000,-25.355,-0.37303,-10.00,+0.05000,0,+0.00000,+0.00000,0.00000,-0.786,1,65.8,19.9
9.823394,2,0,0.262302,0.262302,0.2750,-0.01270,0,0,0,+0.00000,+0.00000,0.00000,0.00,0,+0.000,+0.00000,-25.497,-0.37303,-10.00,+0.05000,0,+0.00000,+0.00000,0.00000,-0.787,1,65.8,19.9
9.827988,2,0,0.262341,0.262341,0.2750,-0.01266,0,0,0,+0.00000,+0.00000,0.00000,0.00,0,+0.000,+0.00000,-25.497,-0.37303,-10.00,+0.05000,0,+0.00000,+0.00000,0.00000,-0.787,1,65.8,19.9
9.833178,2,0,0.262384,0.262384,0.2750,-0.01262,0,0,0,+0.00000,+0.00000,0.00000,0.00,0,+0.000,+0.00000,-25.692,-0.37303,-10.00,+0.05000,0,+0.00000,+0.00000,0.00000,-0.788,1,65.8,19.9
9.839079,2,0,0.262434,0.262434,0.2750,-0.01257,0,0,0,+0.00000,+0.00000,0.00000,0.00,0,+0.000,+0.00000,-25.888,-0.37303,-10.00,+0.05000,0,+0.00000,+0.00000,0.00000,-0.789,1,65.8,19.9
9.843715,2,0,0.262473,0.262473,0.2750,-0.01253,0,0,0,+0.00000,+0.00000,0.00000,0.00,0,+0.000,+0.00000,-25.888,-0.37303,-10.00,+0.05000,0,+0.00000,+0.00000,0.00000,-0.789,1,65.8,19.9
9.850061,2,0,0.262526,0.262526,0.2750,-0.01247,0,0,0,+0.00000,+0.00000,0.00000,0.00,0,+0.000,+0.00000,-26.078,-0.37303,-10.00,+0.05000,0,+0.00000,+0.00000,0.00000,-0.791,1,65.8,19.9
9.854971,2,0,0.262566,0.262566,0.2750,-0.01243,0,0,0,+0.00000,+0.00000,0.00000,0.00,0,+0.000,+0.00000,-26.242,-0.37303,-10.00,+0.05000,0,+0.00000,+0.00000,0.00000,-0.792,1,65.8,19.9
9.859430,2,0,0.262603,0.262603,0.2750,-0.01240,0,0,0,+0.00000,+0.00000,0.00000,0.00,0,+0.000,+0.00000,-26.242,-0.37303,-10.00,+0.05000,0,+0.00000,+0.00000,0.00000,-0.792,1,65.8,19.9
9.864082,2,0,0.262642,0.262642,0.2750,-0.01236,0,0,0,+0.00000,+0.00000,0.00000,0.00,0,+0.000,+0.00000,-26.435,-0.37303,-10.00,+0.05000,0,+0.00000,+0.00000,0.00000,-0.793,1,65.8,19.9
9.868799,2,0,0.262680,0.262680,0.2750,-0.01232,0,0,0,+0.00000,+0.00000,0.00000,0.00,0,+0.000,+0.00000,-26.435,-0.37303,-10.00,+0.05000,0,+0.00000,+0.00000,0.00000,-0.793,1,65.8,19.9
9.874353,2,0,0.262726,0.262726,0.2750,-0.01227,0,0,0,+0.00000,+0.00000,0.00000,0.00,0,+0.000,+0.00000,-26.653,-0.37303,-10.00,+0.05000,0,+0.00000,+0.00000,0.00000,-0.795,1,65.8,19.9
9.878904,2,0,0.262763,0.262763,0.2750,-0.01224,0,0,0,+0.00000,+0.00000,0.00000,0.00,0,+0.000,+0.00000,-26.653,-0.37303,-10.00,+0.05000,0,+0.00000,+0.00000,0.00000,-0.795,1,65.8,19.9
9.883067,2,0,0.262797,0.262797,0.2750,-0.01220,0,0,0,+0.00000,+0.00000,0.00000,0.00,0,+0.000,+0.00000,-26.814,-0.37303,-10.00,+0.05000,0,+0.00000,+0.00000,0.00000,-0.796,1,65.8,19.9
9.887811,2,0,0.262836,0.262836,0.2750,-0.01216,0,0,0,+0.00000,+0.00000,0.00000,0.00,0,+0.000,+0.00000,-26.814,-0.37303,-10.00,+0.05000,0,+0.00000,+0.00000,0.00000,-0.796,1,65.8,19.9
9.892436,2,0,0.262873,0.262873,0.2750,-0.01213,0,0,0,+0.00000,+0.00000,0.00000,0.00,0,+0.000,+0.00000,-26.981,-0.37303,-10.00,+0.05000,0,+0.00000,+0.00000,0.00000,-0.797,1,65.8,19.9
9.897134,2,0,0.262911,0.262911,0.2750,-0.01209,0,0,0,+0.00000,+0.00000,0.00000,0.00,0,+0.000,+0.00000,-26.981,-0.37303,-10.00,+0.05000,0,+0.00000,+0.00000,0.00000,-0.797,1,65.8,19.9
9.901740,2,0,0.262948,0.262948,0.2750,-0.01205,0,0,0,+0.00000,+0.00000,0.00000,0.00,0,+0.000,+0.00000,-27.169,-0.37303,-10.00,+0.05000,0,+0.00000,+0.00000,0.00000,-0.798,1,65.8,19.9
9.906152,2,0,0.262983,0.262983,0.2750,-0.01202,0,0,0,+0.00000,+0.00000,0.00000,0.00,0,+0.000,+0.00000,-27.169,-0.37303,-10.00,+0.05000,0,+0.00000,+0.00000,0.00000,-0.798,1,65.8,19.9
9.910502,2,0,0.263018,0.263018,0.2750,-0.01198,0,0,0,+0.00000,+0.00000,0.00000,0.00,0,+0.000,+0.00000,-27.360,-0.37303,-10.00,+0.05000,0,+0.00000,+0.00000,0.00000,-0.800,1,65.8,19.9
9.915261,2,0,0.263056,0.263056,0.2750,-0.01194,0,0,0,+0.00000,+0.00000,0.00000,0.00,0,+0.000,+0.00000,-27.527,-0.37303,-10.00,+0.05000,0,+0.00000,+0.00000,0.00000,-0.801,1,65.8,19.9
9.919730,2,0,0.263092,0.263092,0.2750,-0.01191,0,0,0,+0.00000,+0.00000,0.00000,0.00,0,+0.000,+0.00000,-27.527,-0.37303,-10.00,+0.05000,0,+0.00000,+0.00000,0.00000,-0.801,1,65.8,19.9
9.924491,2,0,0.263129,0.263129,0.2750,-0.01187,0,0,0,+0.00000,+0.00000,0.00000,0.00,0,+0.000,+0.00000,-27.710,-0.37303,-10.00,+0.05000,0,+0.00000,+0.00000,0.00000,-0.802,1,65.8,19.9
9.929031,2,0,0.263165,0.263165,0.2750,-0.01183,0,0,0,+0.00000,+0.00000,0.00000,0.00,0,+0.000,+0.00000,-27.710,-0.37303,-10.00,+0.05000,0,+0.00000,+0.00000,0.00000,-0.802,1,65.8,19.9
9.933780,2,0,0.263203,0.263203,0.2750,-0.01180,0,0,0,+0.00000,+0.00000,0.00000,0.00,0,+0.000,+0.00000,-27.885,-0.37303,-10.00,+0.05000,0,+0.00000,+0.00000,0.00000,-0.804,1,65.8,19.9
9.938308,2,0,0.263238,0.263238,0.2750,-0.01176,0,0,0,+0.00000,+0.00000,0.00000,0.00,0,+0.000,+0.00000,-27.885,-0.37303,-10.00,+0.05000,0,+0.00000,+0.00000,0.00000,-0.804,1,65.8,19.9
9.942881,2,0,0.263274,0.263274,0.2750,-0.01173,0,0,0,+0.00000,+0.00000,0.00000,0.00,0,+0.000,+0.00000,-28.059,-0.37303,-10.00,+0.05000,0,+0.00000,+0.00000,0.00000,-0.805,1,65.8,19.9
9.947676,2,0,0.263311,0.263311,0.2750,-0.01169,0,0,0,+0.00000,+0.00000,0.00000,0.00,0,+0.000,+0.00000,-28.059,-0.37303,-10.00,+0.05000,0,+0.00000,+0.00000,0.00000,-0.805,1,65.8,19.9
9.953199,2,0,0.263354,0.263354,0.2750,-0.01165,0,0,0,+0.00000,+0.00000,0.00000,0.00,0,+0.000,+0.00000,-28.267,-0.37303,-10.00,+0.05000,0,+0.00000,+0.00000,0.00000,-0.806,1,65.8,19.9
9.957984,2,0,0.263392,0.263392,0.2750,-0.01161,0,0,0,+0.00000,+0.00000,0.00000,0.00,0,+0.000,+0.00000,-28.445,-0.37303,-10.00,+0.05000,0,+0.00000,+0.00000,0.00000,-0.808,1,65.8,19.9
9.962835,2,0,0.263429,0.263429,0.2750,-0.01157,0,0,0,+0.00000,+0.00000,0.00000,0.00,0,+0.000,+0.00000,-28.445,-0.37303,-10.00,+0.05000,0,+0.00000,+0.00000,0.00000,-0.808,1,65.8,19.9
9.967962,2,0,0.263468,0.263468,0.2750,-0.01153,0,0,0,+0.00000,+0.00000,0.00000,0.00,0,+0.000,+0.00000,-28.445,-0.37303,-10.00,+0.05000,0,+0.00000,+0.00000,0.00000,-0.808,1,65.8,19.9
9.972259,2,0,0.263501,0.263501,0.2750,-0.01150,0,0,0,+0.00000,+0.00000,0.00000,0.00,0,+0.000,+0.00000,-28.675,-0.37303,-10.00,+0.05000,0,+0.00000,+0.00000,0.00000,-0.809,1,65.8,19.9
9.977085,2,0,0.263538,0.263538,0.2750,-0.01146,0,0,0,+0.00000,+0.00000,0.00000,0.00,0,+0.000,+0.00000,-28.675,-0.37303,-10.00,+0.05000,0,+0.00000,+0.00000,0.00000,-0.809,1,65.8,19.9
9.982261,2,0,0.263578,0.263578,0.2750,-0.01142,0,0,0,+0.00000,+0.00000,0.00000,0.00,0,+0.000,+0.00000,-28.869,-0.37303,-10.00,+0.05000,0,+0.00000,+0.00000,0.00000,-0.811,1,65.8,19.9
9.989129,2,0,0.263630,0.263630,0.2750,-0.01137,0,0,0,+0.00000,+0.00000,0.00000,0.00,0,+0.000,+0.00000,-28.869,-0.37303,-10.00,+0.05000,0,+0.00000,+0.00000,0.00000,-0.811,1,65.8,19.9
9.993940,2,0,0.263666,0.263666,0.2750,-0.01133,0,0,0,+0.00000,+0.00000,0.00000,0.00,0,+0.000,+0.00000,-29.054,-0.37303,-10.00,+0.05000,0,+0.00000,+0.00000,0.00000,-0.812,1,65.8,19.9
9.998459,2,0,0.263701,0.263701,0.2750,-0.01130,0,0,0,+0.00000,+0.00000,0.00000,0.00,0,+0.000,+0.00000,-29.239,-0.37303,-10.00,+0.05000,0,+0.00000,+0.00000,0.00000,-0.814,1,65.8,19.9
10.003077,2,0,0.263735,0.263735,0.2750,-0.01126,0,0,0,+0.00000,+0.00000,0.00000,0.00,0,+0.000,+0.00000,-29.409,-0.37303,-10.00,+0.05000,0,+0.00000,+0.00000,0.00000,-0.815,1,65.8,19.9
10.007962,2,0,0.263772,0.263772,0.2750,-0.01123,0,0,0,+0.00000,+0.00000,0.00000,0.00,0,+0.000,+0.00000,-29.409,-0.37303,-10.00,+0.05000,0,+0.00000,+0.00000,0.00000,-0.815,1,65.8,19.9
10.013117,2,0,0.263810,0.263810,0.2750,-0.01119,0,0,0,+0.00000,+0.00000,0.00000,0.00,0,+0.000,+0.00000,-29.584,-0.37303,-10.00,+0.05000,0,+0.00000,+0.00000,0.00000,-0.817,1,65.8,19.9
10.017640,2,0,0.263844,0.263844,0.2750,-0.01116,0,0,0,+0.00000,+0.00000,0.00000,0.00,0,+0.000,+0.00000,-29.584,-0.37303,-10.00,+0.05000,0,+0.00000,+0.00000,0.00000,-0.817,1,65.8,19.9
10.022320,2,0,0.263879,0.263879,0.2750,-0.01112,0,0,0,+0.00000,+0.00000,0.00000,0.00,0,+0.000,+0.00000,-29.757,-0.37303,-10.00,+0.05000,0,+0.00000,+0.00000,0.00000,-0.818,1,65.8,19.9
10.026865,2,0,0.263913,0.263913,0.2750,-0.01109,0,0,0,+0.00000,+0.00000,0.00000,0.00,0,+0.000,+0.00000,-29.757,-0.37303,-10.00,+0.05000,0,+0.00000,+0.00000,0.00000,-0.818,1,65.8,19.9
10.032648,2,0,0.263955,0.263955,0.2750,-0.01104,0,0,0,+0.00000,+0.00000,0.00000,0.00,0,+0.000,+0.00000,-29.931,-0.37303,-10.00,+0.05000,0,+0.00000,+0.00000,0.00000,-0.819,1,65.8,19.9
10.037093,2,0,0.263988,0.263988,0.2750,-0.01101,0,0,0,+0.00000,+0.00000,0.00000,0.00,0,+0.000,+0.00000,-29.931,-0.37303,-10.00,+0.05000,0,+0.00000,+0.00000,0.00000,-0.819,1,65.8,19.9
10.043354,2,0,0.264034,0.264034,0.2750,-0.01097,0,0,0,+0.00000,+0.00000,0.00000,0.00,0,+0.000,+0.00000,-30.198,-0.37303,-10.00,+0.05000,0,+0.00000,+0.00000,0.00000,-0.822,1,65.8,19.9
10.047650,2,0,0.264065,0.264065,0.2750,-0.01093,0,0,0,+0.00000,+0.00000,0.00000,0.00,0,+0.000,+0.00000,-30.198,-0.37303,-10.00,+0.05000,0,+0.00000,+0.00000,0.00000,-0.822,1,65.8,19.9
10.052322,2,0,0.264099,0.264099,0.2750,-0.01090,0,0,0,+0.00000,+0.00000,0.00000,0.00,0,+0.000,+0.00000,-30.376,-0.37303,-10.00,+0.05000,0,+0.00000,+0.00000,0.00000,-0.823,1,65.8,19.9
10.056831,2,0,0.264132,0.264132,0.2750,-0.01087,0,0,0,+0.00000,+0.00000,0.00000,0.00,0,+0.000,+0.00000,-30.536,-0.37303,-10.00,+0.05000,0,+0.00000,+0.00000,0.00000,-0.825,1,65.8,19.9
10.061308,2,0,0.264164,0.264164,0.2750,-0.01084,0,0,0,+0.00000,+0.00000,0.00000,0.00,0,+0.000,+0.00000,-30.536,-0.37303,-10.00,+0.05000,0,+0.00000,+0.00000,0.00000,-0.825,1,65.8,19.9
10.065775,2,0,0.264196,0.264196,0.2750,-0.01080,0,0,0,+0.00000,+0.00000,0.00000,0.00,0,+0.000,+0.00000,-30.729,-0.37303,-10.00,+0.05000,0,+0.00000,+0.00000,0.00000,-0.826,1,65.8,19.9
10.070534,2,0,0.264231,0.264231,0.2750,-0.01077,0,0,0,+0.00000,+0.00000,0.00000,0.00,0,+0.000,+0.00000,-30.729,-0.37303,-10.00,+0.05000,0,+0.00000,+0.00000,0.00000,-0.826,1,65.8,19.9
10.075163,2,0,0.264264,0.264264,0.2750,-0.01074,0,0,0,+0.00000,+0.00000,0.00000,0.00,0,+0.000,+0.00000,-30.931,-0.37303,-10.00,+0.05000,0,+0.00000,+0.00000,0.00000,-0.828,1,65.8,19.9
10.079801,2,0,0.264297,0.264297,0.2750,-0.01070,0,0,0,+0.00000,+0.00000,0.00000,0.00,0,+0.000,+0.00000,-30.931,-0.37303,-10.00,+0.05000,0,+0.00000,+0.00000,0.00000,-0.828,1,65.8,19.9
10.084024,2,0,0.264327,0.264327,0.2750,-0.01067,0,0,0,+0.00000,+0.00000,0.00000,0.00,0,+0.000,+0.00000,-30.931,-0.37303,-10.00,+0.05000,0,+0.00000,+0.00000,0.00000,-0.828,1,65.8,19.9
10.088428,2,0,0.264358,0.264358,0.2750,-0.01064,0,0,0,+0.00000,+0.00000,0.00000,0.00,0,+0.000,+0.00000,-31.172,-0.37303,-10.00,+0.05000,0,+0.00000,+0.00000,0.00000,-0.830,1,65.8,19.9
10.093150,2,0,0.264392,0.264392,0.2750,-0.01061,0,0,0,+0.00000,+0.00000,0.00000,0.00,0,+0.000,+0.00000,-31.328,-0.37303,-10.00,+0.05000,0,+0.00000,+0.00000,0.00000,-0.831,1,65.8,19.9
10.097827,2,0,0.264425,0.264425,0.2750,-0.01058,0,0,0,+0.00000,+0.00000,0.00000,0.00,0,+0.000,+0.00000,-31.328,-0.37303,-10.00,+0.05000,0,+0.00000,+0.00000,0.00000,-0.831,1,65.8,19.9
10.102075,2,0,0.264455,0.264455,0.2750,-0.01055,0,0,0,+0.00000,+0.00000,0.00000,0.00,0,+0.000,+0.00000,-31.328,-0.37303,-10.00,+0.05000,0,+0.00000,+0.00000,0.00000,-0.831,1,65.8,19.9
10.106431,2,0,0.264485,0.264485,0.2750,-0.01051,0,0,0,+0.00000,+0.00000,0.00000,0.00,0,+0.000,+0.00000,-31.542,-0.37303,-10.00,+0.05000,0,+0.00000,+0.00000,0.00000,-0.833,1,65.8,19.9
10.111597,2,0,0.264521,0.264521,0.2750,-0.01048,0,0,0,+0.00000,+0.00000,0.00000,0.00,0,+0.000,+0.00000,-31.728,-0.37303,-10.00,+0.05000,0,+0.00000,+0.00000,0.00000,-0.835,1,65.8,19.9
10.118054,2,0,0.264566,0.264566,0.2750,-0.01043,0,0,0,+0.00000,+0.00000,0.00000,0.00,0,+0.000,+0.00000,-31.728,-0.37303,-10.00,+0.05000,0,+0.00000,+0.00000,0.00000,-0.835,1,65.8,19.9
10.122555,2,0,0.264598,0.264598,0.2750,-0.01040,0,0,0,+0.00000,+0.00000,0.00000,0.00,0,+0.000,+0.00000,-31.958,-0.37303,-10.00,+0.05000,0,+0.00000,+0.00000,0.00000,-0.837,1,65.8,19.9
10.128602,2,0,0.264640,0.264640,0.2750,-0.01036,0,0,0,+0.00000,+0.00000,0.00000,0.00,0,+0.000,+0.00000,-31.958,-0.37303,-10.00,+0.05000,0,+0.00000,+0.00000,0.00000,-0.837,1,65.8,19.9
10.133324,2,0,0.264672,0.264672,0.2750,-0.01033,0,0,0,+0.00000,+0.00000,0.00000,0.00,0,+0.000,+0.00000,-32.114,-0.37303,-10.00,+0.05000,0,+0.00000,+0.00000,0.00000,-0.838,1,65.8,19.9
10.139161,2,0,0.264712,0.264712,0.2750,-0.01029,0,0,0,+0.00000,+0.00000,0.00000,0.00,0,+0.000,+0.00000,-32.114,-0.37303,-10.00,+0.05000,0,+0.00000,+0.00000,0.00000,-0.838,1,65.8,19.9
10.145647,2,0,0.264757,0.264757,0.2750,-0.01024,0,0,0,+0.00000,+0.00000,0.00000,0.00,0,+0.000,+0.00000,-32.362,-0.37303,-10.00,+0.05000,0,+0.00000,+0.00000,0.00000,-0.841,1,65.8,19.9
10.150829,2,0,0.264792,0.264792,0.2750,-0.01021,0,0,0,+0.00000,+0.00000,0.00000,0.00,0,+0.000,+0.00000,-32.362,-0.37303,-10.00,+0.05000,0,+0.00000,+0.00000,0.00000,-0.841,1,65.8,19.9
10.157104,2,0,0.264835,0.264835,0.2750,-0.01017,0,0,0,+0.00000,+0.00000,0.00000,0.00,0,+0.000,+0.00000,-32.584,-0.37303,-10.00,+0.05000,0,+0.00000,+0.00000,0.00000,-0.843,1,65.8,19.9
10.161783,2,0,0.264866,0.264866,0.2750,-0.01013,0,0,0,+0.00000,+0.00000,0.00000,0.00,0,+0.000,+0.00000,-32.732,-0.37303,-10.00,+0.05000,0,+0.00000,+0.00000,0.00000,-0.844,1,65.8,19.9
10.166167,2,0,0.264896,0.264896,0.2750,-0.01010,0,0,0,+0.00000,+0.00000,0.00000,0.00,0,+0.000,+0.00000,-32.888,-0.37303,-10.00,+0.05000,0,+0.00000,+0.00000,0.00000,-0.846,1,65.8,19.9
10.171590,2,0,0.264932,0.264932,0.2750,-0.01007,0,0,0,+0.00000,+0.00000,0.00000,0.00,0,+0.000,+0.00000,-32.888,-0.37303,-10.00,+0.05000,0,+0.00000,+0.00000,0.00000,-0.846,1,65.8,19.9
10.176097,2,0,0.264962,0.264962,0.2750,-0.01004,0,0,0,+0.00000,+0.00000,0.00000,0.00,0,+0.000,+0.00000,-33.108,-0.37303,-10.00,+0.05000,0,+0.00000,+0.00000,0.00000,-0.848,1,65.8,19.9
10.180418,2,0,0.264991,0.264991,0.2750,-0.01001,0,0,0,+0.00000,+0.00000,0.00000,0.00,0,+0.000,+0.00000,-33.108,-0.37303,-10.00,+0.05000,0,+0.00000,+0.00000,0.00000,-0.848,1,65.8,19.9
10.186196,2,0,0.265030,0.265030,0.2750,-0.00997,0,0,0,+0.00000,+0.00000,0.00000,0.00,0,+0.000,+0.00000,-33.313,-0.37303,-10.00,+0.05000,0,+0.00000,+0.00000,0.00000,-0.850,1,65.8,19.9
10.190776,2,0,0.265060,0.265060,0.2750,-0.00994,0,0,0,+0.00000,+0.00000,0.00000,0.00,0,+0.000,+0.00000,-33.313,-0.37303,-10.00,+0.05000,0,+0.00000,+0.00000,0.00000,-0.850,1,65.8,19.9
10.195531,2,0,0.265092,0.265092,0.2750,-0.00991,0,0,0,+0.00000,+0.00000,0.00000,0.00,0,+0.000,+0.00000,-33.445,-0.37303,-10.00,+0.05000,0,+0.00000,+0.00000,0.00000,-0.851,1,65.8,19.9
10.200046,2,0,0.265121,0.265121,0.2750,-0.00988,0,0,0,+0.00000,+0.00000,0.00000,0.00,0,+0.000,+0.00000,-33.445,-0.37303,-10.00,+0.05000,0,+0.00000,+0.00000,0.00000,-0.851,1,65.8,19.9
10.205542,2,0,0.265158,0.265158,0.2750,-0.00984,0,0,0,+0.00000,+0.00000,0.00000,0.00,0,+0.000,+0.00000,-33.637,-0.37303,-10.00,+0.05000,0,+0.00000,+0.00000,0.00000,-0.853,1,197.8,0.0
10.210262,2,0,0.265189,0.265189,0.2750,-0.00981,0,0,0,+0.00000,+0.00000,0.00000,0.00,0,+0.000,+0.00000,-33.637,-0.37303,-10.00,+0.05000,0,+0.00000,+0.00000,0.00000,-0.853,1,197.8,0.0
10.215457,2,0,0.265222,0.265222,0.2750,-0.00978,0,0,0,+0.00000,+0.00000,0.00000,0.00,0,+0.000,+0.00000,-33.857,-0.37303,-10.00,+0.05000,0,+0.00000,+0.00000,0.00000,-0.855,1,197.8,0.0
10.220045,2,0,0.265252,0.265252,0.2750,-0.00975,0,0,0,+0.00000,+0.00000,0.00000,0.00,0,+0.000,+0.00000,-33.992,-0.37303,-10.00,+0.05000,0,+0.00000,+0.00000,0.00000,-0.856,1,197.8,0.0
10.224371,2,0,0.265280,0.265280,0.2750,-0.00972,0,0,0,+0.00000,+0.00000,0.00000,0.00,0,+0.000,+0.00000,-33.992,-0.37303,-10.00,+0.05000,0,+0.00000,+0.00000,0.00000,-0.856,1,197.8,0.0
10.229407,2,0,0.265313,0.265313,0.2750,-0.00969,0,0,0,+0.00000,+0.00000,0.00000,0.00,0,+0.000,+0.00000,-34.201,-0.37303,-10.00,+0.05000,0,+0.00000,+0.00000,0.00000,-0.859,1,197.8,0.0
10.234786,2,0,0.265348,0.265348,0.2750,-0.00965,0,0,0,+0.00000,+0.00000,0.00000,0.00,0,+0.000,+0.00000,-34.201,-0.37303,-10.00,+0.05000,0,+0.00000,+0.00000,0.00000,-0.859,1,197.8,0.0
10.240205,2,0,0.265382,0.265382,0.2750,-0.00962,0,0,0,+0.00000,+0.00000,0.00000,0.00,0,+0.000,+0.00000,-34.378,-0.37303,-10.00,+0.05000,0,+0.00000,+0.00000,0.00000,-0.860,1,197.8,0.0
10.244695,2,0,0.265411,0.265411,0.2750,-0.00959,0,0,0,+0.00000,+0.00000,0.00000,0.00,0,+0.000,+0.00000,-34.378,-0.37303,-10.00,+0.05000,0,+0.00000,+0.00000,0.00000,-0.860,1,197.8,0.0
10.249186,2,0,0.265440,0.265440,0.2750,-0.00956,0,0,0,+0.00000,+0.00000,0.00000,0.00,0,+0.000,+0.00000,-34.629,-0.37303,-10.00,+0.05000,0,+0.00000,+0.00000,0.00000,-0.863,1,197.8,0.0
10.253704,2,0,0.265469,0.265469,0.2750,-0.00953,0,0,0,+0.00000,+0.00000,0.00000,0.00,0,+0.000,+0.00000,-34.629,-0.37303,-10.00,+0.05000,0,+0.00000,+0.00000,0.00000,-0.863,1,197.8,0.0
10.258473,2,0,0.265499,0.265499,0.2750,-0.00950,0,0,0,+0.00000,+0.00000,0.00000,0.00,0,+0.000,+0.00000,-34.780,-0.37303,-10.00,+0.05000,0,+0.00000,+0.00000,0.00000,-0.865,1,197.8,0.0
10.263017,2,0,0.265528,0.265528,0.2750,-0.00947,0,0,0,+0.00000,+0.00000,0.00000,0.00,0,+0.000,+0.00000,-34.780,-0.37303,-10.00,+0.05000,0,+0.00000,+0.00000,0.00000,-0.865,1,197.8,0.0
10.267569,2,0,0.265556,0.265556,0.2750,-0.00944,0,0,0,+0.00000,+0.00000,0.00000,0.00,0,+0.000,+0.00000,-34.982,-0.37303,-10.00,+0.05000,0,+0.00000,+0.00000,0.00000,-0.867,1,197.8,0.0
10.272202,2,0,0.265585,0.265585,0.2750,-0.00941,0,0,0,+0.00000,+0.00000,0.00000,0.00,0,+0.000,+0.00000,-34.982,-0.37303,-10.00,+0.05000,0,+0.00000,+0.00000,0.00000,-0.867,1,197.8,0.0
10.276643,2,0,0.265613,0.265613,0.2750,-0.00939,0,0,0,+0.00000,+0.00000,0.00000,0.00,0,+0.000,+0.00000,-35.182,-0.37303,-10.00,+0.05000,0,+0.00000,+0.00000,0.00000,-0.869,1,197.8,0.0
10.281294,2,0,0.265642,0.265642,0.2750,-0.00936,0,0,0,+0.00000,+0.00000,0.00000,0.00,0,+0.000,+0.00000,-35.182,-0.37303,-10.00,+0.05000,0,+0.00000,+0.00000,0.00000,-0.869,1,197.8,0.0
10.285927,2,0,0.265671,0.265671,0.2750,-0.00933,0,0,0,+0.00000,+0.00000,0.00000,0.00,0,+0.000,+0.00000,-35.376,-0.37303,-10.00,+0.05000,0,+0.00000,+0.00000,0.00000,-0.871,1,197.8,0.0
10.290449,2,0,0.265699,0.265699,0.2750,-0.00930,0,0,0,+0.00000,+0.00000,0.00000,0.00,0,+0.000,+0.00000,-35.376,-0.37303,-10.00,+0.05000,0,+0.00000,+0.00000,0.00000,-0.871,1,197.8,0.0
10.295008,2,0,0.265727,0.265727,0.2750,-0.00927,0,0,0,+0.00000,+0.00000,0.00000,0.00,0,+0.000,+0.00000,-35.572,-0.37303,-10.00,+0.05000,0,+0.00000,+0.00000,0.00000,-0.873,1,197.8,0.0
10.299377,2,0,0.265754,0.265754,0.2750,-0.00925,0,0,0,+0.00000,+0.00000,0.00000,0.00,0,+0.000,+0.00000,-35.731,-0.37303,-10.00,+0.05000,0,+0.00000,+0.00000,0.00000,-0.875,1,197.8,0.0
10.303559,2,0,0.265780,0.265780,0.2750,-0.00922,0,0,0,+0.00000,+0.00000,0.00000,0.00,0,+0.000,+0.00000,-35.731,-0.37303,-10.00,+0.05000,0,+0.00000,+0.00000,0.00000,-0.875,1,197.8,0.0
10.307846,2,0,0.265807,0.265807,0.2750,-0.00919,0,0,0,+0.00000,+0.00000,0.00000,0.00,0,+0.000,+0.00000,-35.731,-0.37303,-10.00,+0.05000,0,+0.00000,+0.00000,0.00000,-0.875,1,197.8,0.0
10.312232,2,0,0.265833,0.265833,0.2750,-0.00917,0,0,0,+0.00000,+0.00000,0.00000,0.00,0,+0.000,+0.00000,-35.965,-0.37303,-10.00,+0.05000,0,+0.00000,+0.00000,0.00000,-0.877,1,197.8,0.0
10.316883,2,0,0.265862,0.265862,0.2750,-0.00914,0,0,0,+0.00000,+0.00000,0.00000,0.00,0,+0.000,+0.00000,-35.965,-0.37303,-10.00,+0.05000,0,+0.00000,+0.00000,0.00000,-0.877,1,197.8,0.0
10.321485,2,0,0.265890,0.265890,0.2750,-0.00911,0,0,0,+0.00000,+0.00000,0.00000,0.00,0,+0.000,+0.00000,-36.162,-0.37303,-10.00,+0.05000,0,+0.00000,+0.00000,0.00000,-0.879,1,197.8,0.0
10.326049,2,0,0.265917,0.265917,0.2750,-0.00908,0,0,0,+0.00000,+0.00000,0.00000,0.00,0,+0.000,+0.00000,-36.162,-0.37303,-10.00,+0.05000,0,+0.00000,+0.00000,0.00000,-0.879,1,197.8,0.0
10.330655,2,0,0.265945,0.265945,0.2750,-0.00905,0,0,0,+0.00000,+0.00000,0.00000,0.00,0,+0.000,+0.00000,-36.355,-0.37303,-10.00,+0.05000,0,+0.00000,+0.00000,0.00000,-0.882,1,197.8,0.0
10.335311,2,0,0.265973,0.265973,0.2750,-0.00903,0,0,0,+0.00000,+0.00000,0.00000,0.00,0,+0.000,+0.00000,-36.355,-0.37303,-10.00,+0.05000,0,+0.00000,+0.00000,0.00000,-0.882,1,197.8,0.0
10.339788,2,0,0.266000,0.266000,0.2750,-0.00900,0,0,0,+0.00000,+0.00000,0.00000,0.00,0,+0.000,+0.00000,-36.523,-0.37303,-10.00,+0.05000,0,+0.00000,+0.00000,0.00000,-0.884,1,197.8,0.0
10.344136,2,0,0.266026,0.266026,0.2750,-0.00897,0,0,0,+0.00000,+0.00000,0.00000,0.00,0,+0.000,+0.00000,-36.523,-0.37303,-10.00,+0.05000,0,+0.00000,+0.00000,0.00000,-0.884,1,197.8,0.0
10.348752,2,0,0.266054,0.266054,0.2750,-0.00895,0,0,0,+0.00000,+0.00000,0.00000,0.00,0,+0.000,+0.00000,-36.721,-0.37303,-10.00,+0.05000,0,+0.00000,+0.00000,0.00000,-0.886,1,197.8,0.0
10.353340,2,0,0.266081,0.266081,0.2750,-0.00892,0,0,0,+0.00000,+0.00000,0.00000,0.00,0,+0.000,+0.00000,-36.887,-0.37303,-10.00,+0.05000,0,+0.00000,+0.00000,0.00000,-0.888,1,197.8,0.0
10.357930,2,0,0.266108,0.266108,0.2750,-0.00889,0,0,0,+0.00000,+0.00000,0.00000,0.00,0,+0.000,+0.00000,-36.887,-0.37303,-10.00,+0.05000,0,+0.00000,+0.00000,0.00000,-0.888,1,197.8,0.0
10.362510,2,0,0.266136,0.266136,0.2750,-0.00886,0,0,0,+0.00000,+0.00000,0.00000,0.00,0,+0.000,+0.00000,-36.887,-0.37303,-10.00,+0.05000,0,+0.00000,+0.00000,0.00000,-0.888,1,197.8,0.0
10.367099,2,0,0.266163,0.266163,0.2750,-0.00884,0,0,0,+0.00000,+0.00000,0.00000,0.00,0,+0.000,+0.00000,-37.112,-0.37303,-10.00,+0.05000,0,+0.00000,+0.00000,0.00000,-0.890,1,197.8,0.0
10.371699,2,0,0.266190,0.266190,0.2750,-0.00881,0,0,0,+0.00000,+0.00000,0.00000,0.00,0,+0.000,+0.00000,-37.288,-0.37303,-10.00,+0.05000,0,+0.00000,+0.00000,0.00000,-0.892,1,197.8,0.0
10.376379,2,0,0.266217,0.266217,0.2750,-0.00878,0,0,0,+0.00000,+0.00000,0.00000,0.00,0,+0.000,+0.00000,-37.288,-0.37303,-10.00,+0.05000,0,+0.00000,+0.00000,0.00000,-0.892,1,197.8,0.0
10.381412,2,0,0.266247,0.266247,0.2750,-0.00875,0,0,0,+0.00000,+0.00000,0.00000,0.00,0,+0.000,+0.00000,-37.288,-0.37303,-10.00,+0.05000,0,+0.00000,+0.00000,0.00000,-0.892,1,197.8,0.0
10.386564,2,0,0.266277,0.266277,0.2750,-0.00872,0,0,0,+0.00000,+0.00000,0.00000,0.00,0,+0.000,+0.00000,-37.494,-0.37303,-10.00,+0.05000,0,+0.00000,+0.00000,0.00000,-0.895,1,197.8,0.0
10.391588,2,0,0.266306,0.266306,0.2750,-0.00869,0,0,0,+0.00000,+0.00000,0.00000,0.00,0,+0.000,+0.00000,-37.677,-0.37303,-10.00,+0.05000,0,+0.00000,+0.00000,0.00000,-0.897,1,197.8,0.0
10.395996,2,0,0.266331,0.266331,0.2750,-0.00867,0,0,0,+0.00000,+0.00000,0.00000,0.00,0,+0.000,+0.00000,-37.677,-0.37303,-10.00,+0.05000,0,+0.00000,+0.00000,0.00000,-0.897,1,197.8,0.0
10.400518,2,0,0.266357,0.266357,0.2750,-0.00864,0,0,0,+0.00000,+0.00000,0.00000,0.00,0,+0.000,+0.00000,-37.873,-0.37303,-10.00,+0.05000,0,+0.00000,+0.00000,0.00000,-0.899,1,197.8,0.0
10.405086,2,0,0.266384,0.266384,0.2750,-0.00862,0,0,0,+0.00000,+0.00000,0.00000,0.00,0,+0.000,+0.00000,-37.873,-0.37303,-10.00,+0.05000,0,+0.00000,+0.00000,0.00000,-0.899,1,197.8,0.0
10.409603,2,0,0.266409,0.266409,0.2750,-0.00859,0,0,0,+0.00000,+0.00000,0.00000,0.00,0,+0.000,+0.00000,-38.037,-0.37303,-10.00,+0.05000,0,+0.00000,+0.00000,0.00000,-0.901,1,197.8,0.0
10.414096,2,0,0.266435,0.266435,0.2750,-0.00856,0,0,0,+0.00000,+0.00000,0.00000,0.00,0,+0.000,+0.00000,-38.037,-0.37303,-10.00,+0.05000,0,+0.00000,+0.00000,0.00000,-0.901,1,197.8,0.0
10.418404,2,0,0.266460,0.266460,0.2750,-0.00854,0,0,0,+0.00000,+0.00000,0.00000,0.00,0,+0.000,+0.00000,-38.239,-0.37303,-10.00,+0.05000,0,+0.00000,+0.00000,0.00000,-0.904,1,197.8,0.0
10.422996,2,0,0.266486,0.266486,0.2750,-0.00851,0,0,0,+0.00000,+0.00000,0.00000,0.00,0,+0.000,+0.00000,-38.239,-0.37303,-10.00,+0.05000,0,+0.00000,+0.00000,0.00000,-0.904,1,197.8,0.0
10.427344,2,0,0.266510,0.266510,0.2750,-0.00849,0,0,0,+0.00000,+0.00000,0.00000,0.00,0,+0.000,+0.00000,-38.411,-0.37303,-10.00,+0.05000,0,+0.00000,+0.00000,0.00000,-0.906,1,197.8,0.0
10.431896,2,0,0.266536,0.266536,0.2750,-0.00846,0,0,0,+0.00000,+0.00000,0.00000,0.00,0,+0.000,+0.00000,-38.411,-0.37303,-10.00,+0.05000,0,+0.00000,+0.00000,0.00000,-0.906,1,197.8,0.0
10.436476,2,0,0.266562,0.266562,0.2750,-0.00844,0,0,0,+0.00000,+0.00000,0.00000,0.00,0,+0.000,+0.00000,-38.606,-0.37303,-10.00,+0.05000,0,+0.00000,+0.00000,0.00000,-0.909,1,197.8,0.0
10.440886,2,0,0.266587,0.266587,0.2750,-0.00841,0,0,0,+0.00000,+0.00000,0.00000,0.00,0,+0.000,+0.00000,-38.606,-0.37303,-10.00,+0.05000,0,+0.00000,+0.00000,0.00000,-0.909,1,197.8,0.0
10.445525,2,0,0.266613,0.266613,0.2750,-0.00839,0,0,0,+0.00000,+0.00000,0.00000,0.00,0,+0.000,+0.00000,-38.790,-0.37303,-10.00,+0.05000,0,+0.00000,+0.00000,0.00000,-0.911,1,197.8,0.0
10.450045,2,0,0.266638,0.266638,0.2750,-0.00836,0,0,0,+0.00000,+0.00000,0.00000,0.00,0,+0.000,+0.00000,-38.964,-0.37303,-10.00,+0.05000,0,+0.00000,+0.00000,0.00000,-0.913,1,197.8,0.0
10.454708,2,0,0.266664,0.266664,0.2750,-0.00834,0,0,0,+0.00000,+0.00000,0.00000,0.00,0,+0.000,+0.00000,-38.964,-0.37303,-10.00,+0.05000,0,+0.00000,+0.00000,0.00000,-0.913,1,197.8,0.0
10.459398,2,0,0.266690,0.266690,0.2750,-0.00831,0,0,0,+0.00000,+0.00000,0.00000,0.00,0,+0.000,+0.00000,-39.163,-0.37303,-10.00,+0.05000,0,+0.00000,+0.00000,0.00000,-0.916,1,197.8,0.0
10.464013,2,0,0.266716,0.266716,0.2750,-0.00828,0,0,0,+0.00000,+0.00000,0.00000,0.00,0,+0.000,+0.00000,-39.163,-0.37303,-10.00,+0.05000,0,+0.00000,+0.00000,0.00000,-0.916,1,197.8,0.0
10.468571,2,0,0.266741,0.266741,0.2750,-0.00826,0,0,0,+0.00000,+0.00000,0.00000,0.00,0,+0.000,+0.00000,-39.313,-0.37303,-10.00,+0.05000,0,+0.00000,+0.00000,0.00000,-0.918,1,197.8,0.0
10.472893,2,0,0.266764,0.266764,0.2750,-0.00824,0,0,0,+0.00000,+0.00000,0.00000,0.00,0,+0.000,+0.00000,-39.313,-0.37303,-10.00,+0.05000,0,+0.00000,+0.00000,0.00000,-0.918,1,197.8,0.0
10.478383,2,0,0.266795,0.266795,0.2750,-0.00821,0,0,0,+0.00000,+0.00000,0.00000,0.00,0,+0.000,+0.00000,-39.516,-0.37303,-10.00,+0.05000,0,+0.00000,+0.00000,0.00000,-0.920,1,197.8,0.0
10.483042,2,0,0.266820,0.266820,0.2750,-0.00818,0,0,0,+0.00000,+0.00000,0.00000,0.00,0,+0.000,+0.00000,-39.516,-0.37303,-10.00,+0.05000,0,+0.00000,+0.00000,0.00000,-0.920,1,197.8,0.0
10.488434,2,0,0.266849,0.266849,0.2750,-0.00815,0,0,0,+0.00000,+0.00000,0.00000,0.00,0,+0.000,+0.00000,-39.684,-0.37303,-10.00,+0.05000,0,+0.00000,+0.00000,0.00000,-0.923,1,197.8,0.0
10.493304,2,0,0.266876,0.266876,0.2750,-0.00812,0,0,0,+0.00000,+0.00000,0.00000,0.00,0,+0.000,+0.00000,-39.866,-0.37303,-10.00,+0.05000,0,+0.00000,+0.00000,0.00000,-0.925,1,197.8,0.0
10.497845,2,0,0.266900,0.266900,0.2750,-0.00810,0,0,0,+0.00000,+0.00000,0.00000,0.00,0,+0.000,+0.00000,-39.866,-0.37303,-10.00,+0.05000,0,+0.00000,+0.00000,0.00000,-0.925,1,197.8,0.0
10.502403,2,0,0.266925,0.266925,0.2750,-0.00808,0,0,0,+0.00000,+0.00000,0.00000,0.00,0,+0.000,+0.00000,-40.060,-0.37303,-10.00,+0.05000,0,+0.00000,+0.00000,0.00000,-0.928,1,197.8,0.0
10.506917,2,0,0.266949,0.266949,0.2750,-0.00805,0,0,0,+0.00000,+0.00000,0.00000,0.00,0,+0.000,+0.00000,-40.060,-0.37303,-10.00,+0.05000,0,+0.00000,+0.00000,0.00000,-0.928,1,197.8,0.0
10.511097,2,0,0.266972,0.266972,0.2750,-0.00803,0,0,0,+0.00000,+0.00000,0.00000,0.00,0,+0.000,+0.00000,-40.257,-0.37303,-10.00,+0.05000,0,+0.00000,+0.00000,0.00000,-0.930,1,197.8,0.0
10.515746,2,0,0.266996,0.266996,0.2750,-0.00800,0,0,0,+0.00000,+0.00000,0.00000,0.00,0,+0.000,+0.00000,-40.257,-0.37303,-10.00,+0.05000,0,+0.00000,+0.00000,0.00000,-0.930,1,197.8,0.0
10.521152,2,0,0.267025,0.267025,0.2750,-0.00797,0,0,0,+0.00000,+0.00000,0.00000,0.00,0,+0.000,+0.00000,-40.421,-0.37303,-10.00,+0.05000,0,+0.00000,+0.00000,0.00000,-0.933,1,197.8,0.0
10.525809,2,0,0.267050,0.267050,0.2750,-0.00795,0,0,0,+0.00000,+0.00000,0.00000,0.00,0,+0.000,+0.00000,-40.421,-0.37303,-10.00,+0.05000,0,+0.00000,+0.00000,0.00000,-0.933,1,197.8,0.0
10.530245,2,0,0.267073,0.267073,0.2750,-0.00793,0,0,0,+0.00000,+0.00000,0.00000,0.00,0,+0.000,+0.00000,-40.624,-0.37303,-10.00,+0.05000,0,+0.00000,+0.00000,0.00000,-0.935,1,197.8,0.0
10.534817,2,0,0.267097,0.267097,0.2750,-0.00790,0,0,0,+0.00000,+0.00000,0.00000,0.00,0,+0.000,+0.00000,-40.624,-0.37303,-10.00,+0.05000,0,+0.00000,+0.00000,0.00000,-0.935,1,197.8,0.0
10.539350,2,0,0.267121,0.267121,0.2750,-0.00788,0,0,0,+0.00000,+0.00000,0.00000,0.00,0,+0.000,+0.00000,-40.786,-0.37303,-10.00,+0.05000,0,+0.00000,+0.00000,0.00000,-0.938,1,197.8,0.0
10.544014,2,0,0.267146,0.267146,0.2750,-0.00785,0,0,0,+0.00000,+0.00000,0.00000,0.00,0,+0.000,+0.00000,-40.786,-0.37303,-10.00,+0.05000,0,+0.00000,+0.00000,0.00000,-0.938,1,197.8,0.0
10.548981,2,0,0.267172,0.267172,0.2750,-0.00783,0,0,0,+0.00000,+0.00000,0.00000,0.00,0,+0.000,+0.00000,-40.986,-0.37303,-10.00,+0.05000,0,+0.00000,+0.00000,0.00000,-0.940,1,197.8,0.0
10.553928,2,0,0.267198,0.267198,0.2750,-0.00780,0,0,0,+0.00000,+0.00000,0.00000,0.00,0,+0.000,+0.00000,-40.986,-0.37303,-10.00,+0.05000,0,+0.00000,+0.00000,0.00000,-0.940,1,197.8,0.0
10.558809,2,0,0.267223,0.267223,0.2750,-0.00778,0,0,0,+0.00000,+0.00000,0.00000,0.00,0,+0.000,+0.00000,-41.202,-0.37303,-10.00,+0.05000,0,+0.00000,+0.00000,0.00000,-0.944,1,197.8,0.0
10.563368,2,0,0.267246,0.267246,0.2750,-0.00775,0,0,0,+0.00000,+0.00000,0.00000,0.00,0,+0.000,+0.00000,-41.362,-0.37303,-10.00,+0.05000,0,+0.00000,+0.00000,0.00000,-0.946,1,197.8,0.0
10.567842,2,0,0.267270,0.267270,0.2750,-0.00773,0,0,0,+0.00000,+0.00000,0.00000,0.00,0,+0.000,+0.00000,-41.362,-0.37303,-10.00,+0.05000,0,+0.00000,+0.00000,0.00000,-0.946,1,197.8,0.0
10.580102,2,0,0.267332,0.267332,0.2750,-0.00767,0,0,0,+0.00000,+0.00000,0.00000,0.00,0,+0.000,+0.00000,-41.675,-0.37303,-10.00,+0.05000,0,+0.00000,+0.00000,0.00000,-0.950,1,197.8,0.0
10.586801,2,0,0.267367,0.267367,0.2750,-0.00763,0,0,0,+0.00000,+0.00000,0.00000,0.00,0,+0.000,+0.00000,-41.675,-0.37303,-10.00,+0.05000,0,+0.00000,+0.00000,0.00000,-0.950,1,197.8,0.0
10.591649,2,0,0.267391,0.267391,0.2750,-0.00761,0,0,0,+0.00000,+0.00000,0.00000,0.00,0,+0.000,+0.00000,-41.879,-0.37303,-10.00,+0.05000,0,+0.00000,+0.00000,0.00000,-0.953,1,197.8,0.0
10.597533,2,0,0.267421,0.267421,0.2750,-0.00758,0,0,0,+0.00000,+0.00000,0.00000,0.00,0,+0.000,+0.00000,-42.065,-0.37303,-10.00,+0.05000,0,+0.00000,+0.00000,0.00000,-0.956,1,197.8,0.0
10.602043,2,0,0.267444,0.267444,0.2750,-0.00756,0,0,0,+0.00000,+0.00000,0.00000,0.00,0,+0.000,+0.00000,-42.065,-0.37303,-10.00,+0.05000,0,+0.00000,+0.00000,0.00000,-0.956,1,197.8,0.0
10.606449,2,0,0.267466,0.267466,0.2750,-0.00753,0,0,0,+0.00000,+0.00000,0.00000,0.00,0,+0.000,+0.00000,-42.243,-0.37303,-10.00,+0.05000,0,+0.00000,+0.00000,0.00000,-0.959,1,197.8,0.0
10.611447,2,0,0.267491,0.267491,0.2750,-0.00751,0,0,0,+0.00000,+0.00000,0.00000,0.00,0,+0.000,+0.00000,-42.243,-0.37303,-10.00,+0.05000,0,+0.00000,+0.00000,0.00000,-0.959,1,197.8,0.0
10.616711,2,0,0.267517,0.267517,0.2750,-0.00748,0,0,0,+0.00000,+0.00000,0.00000,0.00,0,+0.000,+0.00000,-42.480,-0.37303,-10.00,+0.05000,0,+0.00000,+0.00000,0.00000,-0.963,1,197.8,0.0
10.622118,2,0,0.267544,0.267544,0.2750,-0.00746,0,0,0,+0.00000,+0.00000,0.00000,0.00,0,+0.000,+0.00000,-42.610,-0.37303,-10.00,+0.05000,0,+0.00000,+0.00000,0.00000,-0.965,1,197.8,0.0
10.627120,2,0,0.267569,0.267569,0.2750,-0.00743,0,0,0,+0.00000,+0.00000,0.00000,0.00,0,+0.000,+0.00000,-42.610,-0.37303,-10.00,+0.05000,0,+0.00000,+0.00000,0.00000,-0.965,1,197.8,0.0
10.631698,2,0,0.267592,0.267592,0.2750,-0.00741,0,0,0,+0.00000,+0.00000,0.00000,0.00,0,+0.000,+0.00000,-42.815,-0.37303,-10.00,+0.05000,0,+0.00000,+0.00000,0.00000,-0.968,1,197.8,0.0
10.636278,2,0,0.267614,0.267614,0.2750,-0.00739,0,0,0,+0.00000,+0.00000,0.00000,0.00,0,+0.000,+0.00000,-42.815,-0.37303,-10.00,+0.05000,0,+0.00000,+0.00000,0.00000,-0.968,1,197.8,0.0
10.640821,2,0,0.267637,0.267637,0.2750,-0.00736,0,0,0,+0.00000,+0.00000,0.00000,0.00,0,+0.000,+0.00000,-42.964,-0.37303,-10.00,+0.05000,0,+0.00000,+0.00000,0.00000,-0.970,1,197.8,0.0
10.646095,2,0,0.267663,0.267663,0.2750,-0.00734,0,0,0,+0.00000,+0.00000,0.00000,0.00,0,+0.000,+0.00000,-43.137,-0.37303,-10.00,+0.05000,0,+0.00000,+0.00000,0.00000,-0.973,1,197.8,0.0
10.651127,2,0,0.267687,0.267687,0.2750,-0.00731,0,0,0,+0.00000,+0.00000,0.00000,0.00,0,+0.000,+0.00000,-43.137,-0.37303,-10.00,+0.05000,0,+0.00000,+0.00000,0.00000,-0.973,1,197.8,0.0
10.655968,2,0,0.267711,0.267711,0.2750,-0.00729,0,0,0,+0.00000,+0.00000,0.00000,0.00,0,+0.000,+0.00000,-43.345,-0.37303,-10.00,+0.05000,0,+0.00000,+0.00000,0.00000,-0.976,1,197.8,0.0
10.660477,2,0,0.267733,0.267733,0.2750,-0.00727,0,0,0,+0.00000,+0.00000,0.00000,0.00,0,+0.000,+0.00000,-43.345,-0.37303,-10.00,+0.05000,0,+0.00000,+0.00000,0.00000,-0.976,1,197.8,0.0
10.665000,2,0,0.267754,0.267754,0.2750,-0.00725,0,0,0,+0.00000,+0.00000,0.00000,0.00,0,+0.000,+0.00000,-43.547,-0.37303,-10.00,+0.05000,0,+0.00000,+0.00000,0.00000,-0.979,1,197.8,0.0
10.669514,2,0,0.267776,0.267776,0.2750,-0.00722,0,0,0,+0.00000,+0.00000,0.00000,0.00,0,+0.000,+0.00000,-43.547,-0.37303,-10.00,+0.05000,0,+0.00000,+0.00000,0.00000,-0.979,1,197.8,0.0
10.674743,2,0,0.267801,0.267801,0.2750,-0.00720,0,0,0,+0.00000,+0.00000,0.00000,0.00,0,+0.000,+0.00000,-43.766,-0.37303,-10.00,+0.05000,0,+0.00000,+0.00000,0.00000,-0.983,1,197.8,0.0
10.679321,2,0,0.267823,0.267823,0.2750,-0.00718,0,0,0,+0.00000,+0.00000,0.00000,0.00,0,+0.000,+0.00000,-43.766,-0.37303,-10.00,+0.05000,0,+0.00000,+0.00000,0.00000,-0.983,1,197.8,0.0
10.683821,2,0,0.267845,0.267845,0.2750,-0.00716,0,0,0,+0.00000,+0.00000,0.00000,0.00,0,+0.000,+0.00000,-43.917,-0.37303,-10.00,+0.05000,0,+0.00000,+0.00000,0.00000,-0.985,1,197.8,0.0
10.688660,2,0,0.267868,0.267868,0.2750,-0.00713,0,0,0,+0.00000,+0.00000,0.00000,0.00,0,+0.000,+0.00000,-43.917,-0.37303,-10.00,+0.05000,0,+0.00000,+0.00000,0.00000,-0.985,1,197.8,0.0
10.693219,2,0,0.267889,0.267889,0.2750,-0.00711,0,0,0,+0.00000,+0.00000,0.00000,0.00,0,+0.000,+0.00000,-44.128,-0.37303,-10.00,+0.05000,0,+0.00000,+0.00000,0.00000,-0.989,1,197.8,0.0
10.697754,2,0,0.267911,0.267911,0.2750,-0.00709,0,0,0,+0.00000,+0.00000,0.00000,0.00,0,+0.000,+0.00000,-44.128,-0.37303,-10.00,+0.05000,0,+0.00000,+0.00000,0.00000,-0.989,1,197.8,0.0
10.702332,2,0,0.267933,0.267933,0.2750,-0.00707,0,0,0,+0.00000,+0.00000,0.00000,0.00,0,+0.000,+0.00000,-44.290,-0.37303,-10.00,+0.05000,0,+0.00000,+0.00000,0.00000,-0.992,1,197.8,0.0
10.706835,2,0,0.267954,0.267954,0.2750,-0.00705,0,0,0,+0.00000,+0.00000,0.00000,0.00,0,+0.000,+0.00000,-44.290,-0.37303,-10.00,+0.05000,0,+0.00000,+0.00000,0.00000,-0.992,1,197.8,0.0
10.711522,2,0,0.267976,0.267976,0.2750,-0.00702,0,0,0,+0.00000,+0.00000,0.00000,0.00,0,+0.000,+0.00000,-44.485,-0.37303,-10.00,+0.05000,0,+0.00000,+0.00000,0.00000,-0.995,1,197.8,0.0
10.716227,2,0,0.267998,0.267998,0.2750,-0.00700,0,0,0,+0.00000,+0.00000,0.00000,0.00,0,+0.000,+0.00000,-44.653,-0.37303,-10.00,+0.05000,0,+0.00000,+0.00000,0.00000,-0.998,1,197.8,0.0
10.720724,2,0,0.268019,0.268019,0.2750,-0.00698,0,0,0,+0.00000,+0.00000,0.00000,0.00,0,+0.000,+0.00000,-44.653,-0.37303,-10.00,+0.05000,0,+0.00000,+0.00000,0.00000,-0.998,1,197.8,0.0
10.725466,2,0,0.268041,0.268041,0.2750,-0.00696,0,0,0,+0.00000,+0.00000,0.00000,0.00,0,+0.000,+0.00000,-44.653,-0.37303,-10.00,+0.05000,0,+0.00000,+0.00000,0.00000,-0.998,1,197.8,0.0
10.730468,2,0,0.268064,0.268064,0.2750,-0.00694,0,0,0,+0.00000,+0.00000,0.00000,0.00,0,+0.000,+0.00000,-44.862,-0.37303,-10.00,+0.05000,0,+0.00000,+0.00000,0.00000,-1.001,1,197.8,0.0
10.735168,2,0,0.268086,0.268086,0.2750,-0.00691,0,0,0,+0.00000,+0.00000,0.00000,0.00,0,+0.000,+0.00000,-45.021,-0.37303,-10.00,+0.05000,0,+0.00000,+0.00000,0.00000,-1.004,1,197.8,0.0
10.739843,2,0,0.268107,0.268107,0.2750,-0.00689,0,0,0,+0.00000,+0.00000,0.00000,0.00,0,+0.000,+0.00000,-45.021,-0.37303,-10.00,+0.05000,0,+0.00000,+0.00000,0.00000,-1.004,1,197.8,0.0
10.744375,2,0,0.268128,0.268128,0.2750,-0.00687,0,0,0,+0.00000,+0.00000,0.00000,0.00,0,+0.000,+0.00000,-45.222,-0.37303,-10.00,+0.05000,0,+0.00000,+0.00000,0.00000,-1.008,1,197.8,0.0
10.749117,2,0,0.268150,0.268150,0.2750,-0.00685,0,0,0,+0.00000,+0.00000,0.00000,0.00,0,+0.000,+0.00000,-45.222,-0.37303,-10.00,+0.05000,0,+0.00000,+0.00000,0.00000,-1.008,1,197.8,0.0
10.753538,2,0,0.268170,0.268170,0.2750,-0.00683,0,0,0,+0.00000,+0.00000,0.00000,0.00,0,+0.000,+0.00000,-45.371,-0.37303,-10.00,+0.05000,0,+0.00000,+0.00000,0.00000,-1.010,1,197.8,0.0
10.757907,2,0,0.268190,0.268190,0.2750,-0.00681,0,0,0,+0.00000,+0.00000,0.00000,0.00,0,+0.000,+0.00000,-45.371,-0.37303,-10.00,+0.05000,0,+0.00000,+0.00000,0.00000,-1.010,1,197.8,0.0
10.762515,2,0,0.268210,0.268210,0.2750,-0.00679,0,0,0,+0.00000,+0.00000,0.00000,0.00,0,+0.000,+0.00000,-45.575,-0.37303,-10.00,+0.05000,0,+0.00000,+0.00000,0.00000,-1.014,1,197.8,0.0
10.766828,2,0,0.268230,0.268230,0.2750,-0.00677,0,0,0,+0.00000,+0.00000,0.00000,0.00,0,+0.000,+0.00000,-45.575,-0.37303,-10.00,+0.05000,0,+0.00000,+0.00000,0.00000,-1.014,1,197.8,0.0
10.771408,2,0,0.268251,0.268251,0.2750,-0.00675,0,0,0,+0.00000,+0.00000,0.00000,0.00,0,+0.000,+0.00000,-45.745,-0.37303,-10.00,+0.05000,0,+0.00000,+0.00000,0.00000,-1.017,1,197.8,0.0
10.775992,2,0,0.268271,0.268271,0.2750,-0.00673,0,0,0,+0.00000,+0.00000,0.00000,0.00,0,+0.000,+0.00000,-45.745,-0.37303,-10.00,+0.05000,0,+0.00000,+0.00000,0.00000,-1.017,1,197.8,0.0
10.780936,2,0,0.268293,0.268293,0.2750,-0.00671,0,0,0,+0.00000,+0.00000,0.00000,0.00,0,+0.000,+0.00000,-45.944,-0.37303,-10.00,+0.05000,0,+0.00000,+0.00000,0.00000,-1.021,1,197.8,0.0
10.785455,2,0,0.268314,0.268314,0.2750,-0.00669,0,0,0,+0.00000,+0.00000,0.00000,0.00,0,+0.000,+0.00000,-46.120,-0.37303,-10.00,+0.05000,0,+0.00000,+0.00000,0.00000,-1.024,1,197.8,0.0
10.790155,2,0,0.268334,0.268334,0.2750,-0.00667,0,0,0,+0.00000,+0.00000,0.00000,0.00,0,+0.000,+0.00000,-46.120,-0.37303,-10.00,+0.05000,0,+0.00000,+0.00000,0.00000,-1.024,1,197.8,0.0
10.794809,2,0,0.268355,0.268355,0.2750,-0.00664,0,0,0,+0.00000,+0.00000,0.00000,0.00,0,+0.000,+0.00000,-46.291,-0.37303,-10.00,+0.05000,0,+0.00000,+0.00000,0.00000,-1.027,1,197.8,0.0
10.799550,2,0,0.268376,0.268376,0.2750,-0.00662,0,0,0,+0.00000,+0.00000,0.00000,0.00,0,+0.000,+0.00000,-46.291,-0.37303,-10.00,+0.05000,0,+0.00000,+0.00000,0.00000,-1.027,1,197.8,0.0
10.804393,2,0,0.268397,0.268397,0.2750,-0.00660,0,0,0,+0.00000,+0.00000,0.00000,0.00,0,+0.000,+0.00000,-46.477,-0.37303,-10.00,+0.05000,0,+0.00000,+0.00000,0.00000,-1.031,1,197.8,0.0
10.808977,2,0,0.268418,0.268418,0.2750,-0.00658,0,0,0,+0.00000,+0.00000,0.00000,0.00,0,+0.000,+0.00000,-46.477,-0.37303,-10.00,+0.05000,0,+0.00000,+0.00000,0.00000,-1.031,1,197.8,0.0
10.813662,2,0,0.268438,0.268438,0.2750,-0.00656,0,0,0,+0.00000,+0.00000,0.00000,0.00,0,+0.000,+0.00000,-46.682,-0.37303,-10.00,+0.05000,0,+0.00000,+0.00000,0.00000,-1.035,1,197.8,0.0
10.819589,2,0,0.268464,0.268464,0.2750,-0.00654,0,0,0,+0.00000,+0.00000,0.00000,0.00,0,+0.000,+0.00000,-46.682,-0.37303,-10.00,+0.05000,0,+0.00000,+0.00000,0.00000,-1.035,1,197.8,0.0
10.824621,2,0,0.268486,0.268486,0.2750,-0.00651,0,0,0,+0.00000,+0.00000,0.00000,0.00,0,+0.000,+0.00000,-46.895,-0.37303,-10.00,+0.05000,0,+0.00000,+0.00000,0.00000,-1.039,1,197.8,0.0
10.828964,2,0,0.268505,0.268505,0.2750,-0.00650,0,0,0,+0.00000,+0.00000,0.00000,0.00,0,+0.000,+0.00000,-47.053,-0.37303,-10.00,+0.05000,0,+0.00000,+0.00000,0.00000,-1.042,1,197.8,0.0
10.833655,2,0,0.268525,0.268525,0.2750,-0.00648,0,0,0,+0.00000,+0.00000,0.00000,0.00,0,+0.000,+0.00000,-47.053,-0.37303,-10.00,+0.05000,0,+0.00000,+0.00000,0.00000,-1.042,1,197.8,0.0
10.838174,2,0,0.268544,0.268544,0.2750,-0.00646,0,0,0,+0.00000,+0.00000,0.00000,0.00,0,+0.000,+0.00000,-47.257,-0.37303,-10.00,+0.05000,0,+0.00000,+0.00000,0.00000,-1.046,1,197.8,0.0
10.842787,2,0,0.268564,0.268564,0.2750,-0.00644,0,0,0,+0.00000,+0.00000,0.00000,0.00,0,+0.000,+0.00000,-47.257,-0.37303,-10.00,+0.05000,0,+0.00000,+0.00000,0.00000,-1.046,1,197.8,0.0
10.847273,2,0,0.268583,0.268583,0.2750,-0.00642,0,0,0,+0.00000,+0.00000,0.00000,0.00,0,+0.000,+0.00000,-47.257,-0.37303,-10.00,+0.05000,0,+0.00000,+0.00000,0.00000,-1.046,1,197.8,0.0
10.852302,2,0,0.268605,0.268605,0.2750,-0.00640,0,0,0,+0.00000,+0.00000,0.00000,0.00,0,+0.000,+0.00000,-47.470,-0.37303,-10.00,+0.05000,0,+0.00000,+0.00000,0.00000,-1.050,1,197.8,0.0
10.856854,2,0,0.268624,0.268624,0.2750,-0.00638,0,0,0,+0.00000,+0.00000,0.00000,0.00,0,+0.000,+0.00000,-47.637,-0.37303,-10.00,+0.05000,0,+0.00000,+0.00000,0.00000,-1.053,1,197.8,0.0
10.861320,2,0,0.268643,0.268643,0.2750,-0.00636,0,0,0,+0.00000,+0.00000,0.00000,0.00,0,+0.000,+0.00000,-47.637,-0.37303,-10.00,+0.05000,0,+0.00000,+0.00000,0.00000,-1.053,1,197.8,0.0
10.865828,2,0,0.268662,0.268662,0.2750,-0.00634,0,0,0,+0.00000,+0.00000,0.00000,0.00,0,+0.000,+0.00000,-47.807,-0.37303,-10.00,+0.05000,0,+0.00000,+0.00000,0.00000,-1.057,1,197.8,0.0
10.870394,2,0,0.268682,0.268682,0.2750,-0.00632,0,0,0,+0.00000,+0.00000,0.00000,0.00,0,+0.000,+0.00000,-47.807,-0.37303,-10.00,+0.05000,0,+0.00000,+0.00000,0.00000,-1.057,1,197.8,0.0
10.875061,2,0,0.268701,0.268701,0.2750,-0.00630,0,0,0,+0.00000,+0.00000,0.00000,0.00,0,+0.000,+0.00000,-48.000,-0.37303,-10.00,+0.05000,0,+0.00000,+0.00000,0.00000,-1.061,1,197.8,0.0
10.879822,2,0,0.268721,0.268721,0.2750,-0.00628,0,0,0,+0.00000,+0.00000,0.00000,0.00,0,+0.000,+0.00000,-48.000,-0.37303,-10.00,+0.05000,0,+0.00000,+0.00000,0.00000,-1.061,1,197.8,0.0
10.886672,2,0,0.268750,0.268750,0.2750,-0.00625,0,0,0,+0.00000,+0.00000,0.00000,0.00,0,+0.000,+0.00000,-48.191,-0.37303,-10.00,+0.05000,0,+0.00000,+0.00000,0.00000,-1.065,1,197.8,0.0
10.891580,2,0,0.268770,0.268770,0.2750,-0.00623,0,0,0,+0.00000,+0.00000,0.00000,0.00,0,+0.000,+0.00000,-48.191,-0.37303,-10.00,+0.05000,0,+0.00000,+0.00000,0.00000,-1.065,1,197.8,0.0
10.896092,2,0,0.268789,0.268789,0.2750,-0.00621,0,0,0,+0.00000,+0.00000,0.00000,0.00,0,+0.000,+0.00000,-48.424,-0.37303,-10.00,+0.05000,0,+0.00000,+0.00000,0.00000,-1.070,1,197.8,0.0
10.900634,2,0,0.268808,0.268808,0.2750,-0.00619,0,0,0,+0.00000,+0.00000,0.00000,0.00,0,+0.000,+0.00000,-48.595,-0.37303,-10.00,+0.05000,0,+0.00000,+0.00000,0.00000,-1.073,1,197.8,0.0
10.905402,2,0,0.268827,0.268827,0.2750,-0.00617,0,0,0,+0.00000,+0.00000,0.00000,0.00,0,+0.000,+0.00000,-48.595,-0.37303,-10.00,+0.05000,0,+0.00000,+0.00000,0.00000,-1.073,1,197.8,0.0
10.910650,2,0,0.268849,0.268849,0.2750,-0.00615,0,0,0,+0.00000,+0.00000,0.00000,0.00,0,+0.000,+0.00000,-48.800,-0.37303,-10.00,+0.05000,0,+0.00000,+0.00000,0.00000,-1.078,1,197.8,0.0
10.915306,2,0,0.268868,0.268868,0.2750,-0.00613,0,0,0,+0.00000,+0.00000,0.00000,0.00,0,+0.000,+0.00000,-48.800,-0.37303,-10.00,+0.05000,0,+0.00000,+0.00000,0.00000,-1.078,1,197.8,0.0
10.921246,2,0,0.268892,0.268892,0.2750,-0.00611,0,0,0,+0.00000,+0.00000,0.00000,0.00,0,+0.000,+0.00000,-48.800,-0.37303,-10.00,+0.05000,0,+0.00000,+0.00000,0.00000,-1.078,1,197.8,0.0
10.928392,2,0,0.268921,0.268921,0.2750,-0.00608,0,0,0,+0.00000,+0.00000,0.00000,0.00,0,+0.000,+0.00000,-49.055,-0.37303,-10.00,+0.05000,0,+0.00000,+0.00000,0.00000,-1.083,1,197.8,0.0
10.938326,2,0,0.268961,0.268961,0.2750,-0.00604,0,0,0,+0.00000,+0.00000,0.00000,0.00,0,+0.000,+0.00000,-49.263,-0.37303,-10.00,+0.05000,0,+0.00000,+0.00000,0.00000,-1.088,1,197.8,0.0
10.943298,2,0,0.268981,0.268981,0.2750,-0.00602,0,0,0,+0.00000,+0.00000,0.00000,0.00,0,+0.000,+0.00000,-49.439,-0.37303,-10.00,+0.05000,0,+0.00000,+0.00000,0.00000,-1.092,1,197.8,0.0
10.948065,2,0,0.269000,0.269000,0.2750,-0.00600,0,0,0,+0.00000,+0.00000,0.00000,0.00,0,+0.000,+0.00000,-49.439,-0.37303,-10.00,+0.05000,0,+0.00000,+0.00000,0.00000,-1.092,1,197.8,0.0
10.953113,2,0,0.269021,0.269021,0.2750,-0.00598,0,0,0,+0.00000,+0.00000,0.00000,0.00,0,+0.000,+0.00000,-49.645,-0.37303,-10.00,+0.05000,0,+0.00000,+0.00000,0.00000,-1.096,1,197.8,0.0
10.958023,2,0,0.269040,0.269040,0.2750,-0.00596,0,0,0,+0.00000,+0.00000,0.00000,0.00,0,+0.000,+0.00000,-49.645,-0.37303,-10.00,+0.05000,0,+0.00000,+0.00000,0.00000,-1.096,1,197.8,0.0
10.964126,2,0,0.269064,0.269064,0.2750,-0.00594,0,0,0,+0.00000,+0.00000,0.00000,0.00,0,+0.000,+0.00000,-49.922,-0.37303,-10.00,+0.05000,0,+0.00000,+0.00000,0.00000,-1.102,1,197.8,0.0
10.971206,2,0,0.269092,0.269092,0.2750,-0.00591,0,0,0,+0.00000,+0.00000,0.00000,0.00,0,+0.000,+0.00000,-50.063,-0.37303,-10.00,+0.05000,0,+0.00000,+0.00000,0.00000,-1.106,1,197.8,0.0
10.976454,2,0,0.269113,0.269113,0.2750,-0.00589,0,0,0,+0.00000,+0.00000,0.00000,0.00,0,+0.000,+0.00000,-50.063,-0.37303,-10.00,+0.05000,0,+0.00000,+0.00000,0.00000,-1.106,1,197.8,0.0
10.981269,2,0,0.269132,0.269132,0.2750,-0.00587,0,0,0,+0.00000,+0.00000,0.00000,0.00,0,+0.000,+0.00000,-50.280,-0.37303,-10.00,+0.05000,0,+0.00000,+0.00000,0.00000,-1.111,1,197.8,0.0
11.012090,2,0,0.269251,0.269251,0.2750,-0.00575,0,0,0,+0.00000,+0.00000,0.00000,0.00,0,+0.000,+0.00000,-50.873,-0.37303,-10.00,+0.05000,0,+0.00000,+0.00000,0.00000,-1.125,1,197.8,0.0
11.018132,2,0,0.269274,0.269274,0.2750,-0.00573,0,0,0,+0.00000,+0.00000,0.00000,0.00,0,+0.000,+0.00000,-51.047,-0.37303,-10.00,+0.05000,0,+0.00000,+0.00000,0.00000,-1.129,1,197.8,0.0
11.025858,2,0,0.269304,0.269304,0.2750,-0.00570,0,0,0,+0.00000,+0.00000,0.00000,0.00,0,+0.000,+0.00000,-51.258,-0.37303,-10.00,+0.05000,0,+0.00000,+0.00000,0.00000,-1.134,1,197.8,0.0
11.069515,2,0,0.269467,0.269467,0.2750,-0.00553,0,0,0,+0.00000,+0.00000,0.00000,0.00,0,+0.000,+0.00000,-51.258,-0.37303,-10.00,+0.05000,0,+0.00000,+0.00000,0.00000,-1.134,1,197.8,0.0
11.074687,2,0,0.269486,0.269486,0.2750,-0.00551,0,0,0,+0.00000,+0.00000,0.00000,0.00,0,+0.000,+0.00000,-51.258,-0.37303,-10.00,+0.05000,0,+0.00000,+0.00000,0.00000,-1.134,1,197.8,0.0
11.079731,2,0,0.269505,0.269505,0.2750,-0.00550,0,0,0,+0.00000,+0.00000,0.00000,0.00,0,+0.000,+0.00000,-51.258,-0.37303,-10.00,+0.05000,0,+0.00000,+0.00000,0.00000,-1.134,1,197.8,0.0
11.093412,2,0,0.269555,0.269555,0.2750,-0.00545,0,0,0,+0.00000,+0.00000,0.00000,0.00,0,+0.000,+0.00000,-51.258,-0.37303,-10.00,+0.05000,0,+0.00000,+0.00000,0.00000,-1.134,1,197.8,0.0
11.100723,2,0,0.269581,0.269581,0.2750,-0.00542,0,0,0,+0.00000,+0.00000,0.00000,0.00,0,+0.000,+0.00000,-51.258,-0.37303,-10.00,+0.05000,0,+0.00000,+0.00000,0.00000,-1.134,1,197.8,0.0
11.106608,2,0,0.269602,0.269602,0.2750,-0.00540,0,0,0,+0.00000,+0.00000,0.00000,0.00,0,+0.000,+0.00000,-51.258,-0.37303,-10.00,+0.05000,0,+0.00000,+0.00000,0.00000,-1.134,1,197.8,0.0
11.150511,2,0,0.269758,0.269758,0.2750,-0.00524,0,0,0,+0.00000,+0.00000,0.00000,0.00,0,+0.000,+0.00000,-53.901,-0.37303,-10.00,+0.05000,0,+0.00000,+0.00000,0.00000,-1.204,1,197.8,0.0
11.175970,2,0,0.269846,0.269846,0.2750,-0.00515,0,0,0,+0.00000,+0.00000,0.00000,0.00,0,+0.000,+0.00000,-54.274,-0.37303,-10.00,+0.05000,0,+0.00000,+0.00000,0.00000,-1.214,1,197.8,0.0
11.192294,2,0,0.269902,0.269902,0.2750,-0.00510,0,0,0,+0.00000,+0.00000,0.00000,0.00,0,+0.000,+0.00000,-54.649,-0.37303,-10.00,+0.05000,0,+0.00000,+0.00000,0.00000,-1.226,1,197.8,0.0
11.199148,2,0,0.269925,0.269925,0.2750,-0.00507,0,0,0,+0.00000,+0.00000,0.00000,0.00,0,+0.000,+0.00000,-54.892,-0.37303,-10.00,+0.05000,0,+0.00000,+0.00000,0.00000,-1.233,1,197.8,0.0
11.206399,2,0,0.269950,0.269950,0.2750,-0.00505,0,0,0,+0.00000,+0.00000,0.00000,0.00,0,+0.000,+0.00000,-55.091,-0.37303,-10.00,+0.05000,0,+0.00000,+0.00000,0.00000,-1.239,1,173.9,0.0
11.216749,2,0,0.269984,0.269984,0.2750,-0.00502,0,0,0,+0.00000,+0.00000,0.00000,0.00,0,+0.000,+0.00000,-55.091,-0.37303,-10.00,+0.05000,0,+0.00000,+0.00000,0.00000,-1.239,1,173.9,0.0
11.221323,2,0,0.270000,0.270000,0.2750,-0.00500,0,0,0,+0.00000,+0.00000,0.00000,0.00,0,+0.000,+0.00000,-55.379,-0.37303,-10.00,+0.05000,0,+0.00000,+0.00000,0.00000,-1.248,1,173.9,0.0
11.226429,2,0,0.270017,0.270017,0.2750,-0.00498,0,0,0,+0.00000,+0.00000,0.00000,0.00,0,+0.000,+0.00000,-55.533,-0.37303,-10.00,+0.05000,0,+0.00000,+0.00000,0.00000,-1.253,1,173.9,0.0
11.231176,2,0,0.270032,0.270032,0.2750,-0.00497,0,0,0,+0.00000,+0.00000,0.00000,0.00,0,+0.000,+0.00000,-55.533,-0.37303,-10.00,+0.05000,0,+0.00000,+0.00000,0.00000,-1.253,1,173.9,0.0
11.236391,2,0,0.270050,0.270050,0.2750,-0.00495,0,0,0,+0.00000,+0.00000,0.00000,0.00,0,+0.000,+0.00000,-55.749,-0.37303,-10.00,+0.05000,0,+0.00000,+0.00000,0.00000,-1.260,1,173.9,0.0
11.241213,2,0,0.270066,0.270066,0.2750,-0.00493,0,0,0,+0.00000,+0.00000,0.00000,0.00,0,+0.000,+0.00000,-55.749,-0.37303,-10.00,+0.05000,0,+0.00000,+0.00000,0.00000,-1.260,1,173.9,0.0
11.245734,2,0,0.270080,0.270080,0.2750,-0.00492,0,0,0,+0.00000,+0.00000,0.00000,0.00,0,+0.000,+0.00000,-55.946,-0.37303,-10.00,+0.05000,0,+0.00000,+0.00000,0.00000,-1.266,1,173.9,0.0
11.251805,2,0,0.270100,0.270100,0.2750,-0.00490,0,0,0,+0.00000,+0.00000,0.00000,0.00,0,+0.000,+0.00000,-55.946,-0.37303,-10.00,+0.05000,0,+0.00000,+0.00000,0.00000,-1.266,1,173.9,0.0
11.265497,2,0,0.270145,0.270145,0.2750,-0.00486,0,0,0,+0.00000,+0.00000,0.00000,0.00,0,+0.000,+0.00000,-56.371,-0.37303,-10.00,+0.05000,0,+0.00000,+0.00000,0.00000,-1.280,1,173.9,0.0
11.271988,2,0,0.270166,0.270166,0.2750,-0.00483,0,0,0,+0.00000,+0.00000,0.00000,0.00,0,+0.000,+0.00000,-56.371,-0.37303,-10.00,+0.05000,0,+0.00000,+0.00000,0.00000,-1.280,1,173.9,0.0
11.276919,2,0,0.270182,0.270182,0.2750,-0.00482,0,0,0,+0.00000,+0.00000,0.00000,0.00,0,+0.000,+0.00000,-56.569,-0.37303,-10.00,+0.05000,0,+0.00000,+0.00000,0.00000,-1.287,1,173.9,0.0
11.281399,2,0,0.270196,0.270196,0.2750,-0.00480,0,0,0,+0.00000,+0.00000,0.00000,0.00,0,+0.000,+0.00000,-56.569,-0.37303,-10.00,+0.05000,0,+0.00000,+0.00000,0.00000,-1.287,1,173.9,0.0
11.291059,2,0,0.270227,0.270227,0.2750,-0.00477,0,0,0,+0.00000,+0.00000,0.00000,0.00,0,+0.000,+0.00000,-56.748,-0.37303,-10.00,+0.05000,0,+0.00000,+0.00000,0.00000,-1.293,1,173.9,0.0
11.295915,2,0,0.270242,0.270242,0.2750,-0.00476,0,0,0,+0.00000,+0.00000,0.00000,0.00,0,+0.000,+0.00000,-56.933,-0.37303,-10.00,+0.05000,0,+0.00000,+0.00000,0.00000,-1.300,1,173.9,0.0
11.300401,2,0,0.270256,0.270256,0.2750,-0.00474,0,0,0,+0.00000,+0.00000,0.00000,0.00,0,+0.000,+0.00000,-57.128,-0.37303,-10.00,+0.05000,0,+0.00000,+0.00000,0.00000,-1.306,1,173.9,0.0
11.304909,2,0,0.270271,0.270271,0.2750,-0.00473,0,0,0,+0.00000,+0.00000,0.00000,0.00,0,+0.000,+0.00000,-57.128,-0.37303,-10.00,+0.05000,0,+0.00000,+0.00000,0.00000,-1.306,1,173.9,0.0
11.309560,2,0,0.270285,0.270285,0.2750,-0.00471,0,0,0,+0.00000,+0.00000,0.00000,0.00,0,+0.000,+0.00000,-57.128,-0.37303,-10.00,+0.05000,0,+0.00000,+0.00000,0.00000,-1.306,1,173.9,0.0
11.315012,2,0,0.270302,0.270302,0.2750,-0.00470,0,0,0,+0.00000,+0.00000,0.00000,0.00,0,+0.000,+0.00000,-57.350,-0.37303,-10.00,+0.05000,0,+0.00000,+0.00000,0.00000,-1.314,1,173.9,0.0
11.321732,2,0,0.270323,0.270323,0.2750,-0.00468,0,0,0,+0.00000,+0.00000,0.00000,0.00,0,+0.000,+0.00000,-57.541,-0.37303,-10.00,+0.05000,0,+0.00000,+0.00000,0.00000,-1.321,1,173.9,0.0
11.326632,2,0,0.270339,0.270339,0.2750,-0.00466,0,0,0,+0.00000,+0.00000,0.00000,0.00,0,+0.000,+0.00000,-57.541,-0.37303,-10.00,+0.05000,0,+0.00000,+0.00000,0.00000,-1.321,1,173.9,0.0
11.331058,2,0,0.270352,0.270352,0.2750,-0.00465,0,0,0,+0.00000,+0.00000,0.00000,0.00,0,+0.000,+0.00000,-57.748,-0.37303,-10.00,+0.05000,0,+0.00000,+0.00000,0.00000,-1.329,1,173.9,0.0
11.335537,2,0,0.270366,0.270366,0.2750,-0.00463,0,0,0,+0.00000,+0.00000,0.00000,0.00,0,+0.000,+0.00000,-57.748,-0.37303,-10.00,+0.05000,0,+0.00000,+0.00000,0.00000,-1.329,1,173.9,0.0
11.340194,2,0,0.270381,0.270381,0.2750,-0.00462,0,0,0,+0.00000,+0.00000,0.00000,0.00,0,+0.000,+0.00000,-57.933,-0.37303,-10.00,+0.05000,0,+0.00000,+0.00000,0.00000,-1.335,1,173.9,0.0
11.345402,2,0,0.270397,0.270397,0.2750,-0.00460,0,0,0,+0.00000,+0.00000,0.00000,0.00,0,+0.000,+0.00000,-57.933,-0.37303,-10.00,+0.05000,0,+0.00000,+0.00000,0.00000,-1.335,1,173.9,0.0
11.362867,2,0,0.270450,0.270450,0.2750,-0.00455,0,0,0,+0.00000,+0.00000,0.00000,0.00,0,+0.000,+0.00000,-58.399,-0.37303,-10.00,+0.05000,0,+0.00000,+0.00000,0.00000,-1.353,1,173.9,0.0
11.368667,2,0,0.270467,0.270467,0.2750,-0.00453,0,0,0,+0.00000,+0.00000,0.00000,0.00,0,+0.000,+0.00000,-58.399,-0.37303,-10.00,+0.05000,0,+0.00000,+0.00000,0.00000,-1.353,1,173.9,0.0
11.373321,2,0,0.270482,0.270482,0.2750,-0.00452,0,0,0,+0.00000,+0.00000,0.00000,0.00,0,+0.000,+0.00000,-58.641,-0.37303,-10.00,+0.05000,0,+0.00000,+0.00000,0.00000,-1.362,1,173.9,0.0
11.378930,2,0,0.270498,0.270498,0.2750,-0.00450,0,0,0,+0.00000,+0.00000,0.00000,0.00,0,+0.000,+0.00000,-58.641,-0.37303,-10.00,+0.05000,0,+0.00000,+0.00000,0.00000,-1.362,1,173.9,0.0
11.383417,2,0,0.270512,0.270512,0.2750,-0.00449,0,0,0,+0.00000,+0.00000,0.00000,0.00,0,+0.000,+0.00000,-58.843,-0.37303,-10.00,+0.05000,0,+0.00000,+0.00000,0.00000,-1.370,1,173.9,0.0
11.387805,2,0,0.270525,0.270525,0.2750,-0.00448,0,0,0,+0.00000,+0.00000,0.00000,0.00,0,+0.000,+0.00000,-58.843,-0.37303,-10.00,+0.05000,0,+0.00000,+0.00000,0.00000,-1.370,1,173.9,0.0
11.392275,2,0,0.270538,0.270538,0.2750,-0.00446,0,0,0,+0.00000,+0.00000,0.00000,0.00,0,+0.000,+0.00000,-59.024,-0.37303,-10.00,+0.05000,0,+0.00000,+0.00000,0.00000,-1.378,1,173.9,0.0
11.396964,2,0,0.270552,0.270552,0.2750,-0.00445,0,0,0,+0.00000,+0.00000,0.00000,0.00,0,+0.000,+0.00000,-59.024,-0.37303,-10.00,+0.05000,0,+0.00000,+0.00000,0.00000,-1.378,1,173.9,0.0
11.401470,2,0,0.270566,0.270566,0.2750,-0.00443,0,0,0,+0.00000,+0.00000,0.00000,0.00,0,+0.000,+0.00000,-59.223,-0.37303,-10.00,+0.05000,0,+0.00000,+0.00000,0.00000,-1.386,1,173.9,0.0
11.405870,2,0,0.270578,0.270578,0.2750,-0.00442,0,0,0,+0.00000,+0.00000,0.00000,0.00,0,+0.000,+0.00000,-59.223,-0.37303,-10.00,+0.05000,0,+0.00000,+0.00000,0.00000,-1.386,1,173.9,0.0
11.410656,2,0,0.270593,0.270593,0.2750,-0.00441,0,0,0,+0.00000,+0.00000,0.00000,0.00,0,+0.000,+0.00000,-59.405,-0.37303,-10.00,+0.05000,0,+0.00000,+0.00000,0.00000,-1.393,1,173.9,0.0
11.415679,2,0,0.270607,0.270607,0.2750,-0.00439,0,0,0,+0.00000,+0.00000,0.00000,0.00,0,+0.000,+0.00000,-59.584,-0.37303,-10.00,+0.05000,0,+0.00000,+0.00000,0.00000,-1.400,1,173.9,0.0
11.420021,2,0,0.270620,0.270620,0.2750,-0.00438,0,0,0,+0.00000,+0.00000,0.00000,0.00,0,+0.000,+0.00000,-59.584,-0.37303,-10.00,+0.05000,0,+0.00000,+0.00000,0.00000,-1.400,1,173.9,0.0
11.424616,2,0,0.270633,0.270633,0.2750,-0.00437,0,0,0,+0.00000,+0.00000,0.00000,0.00,0,+0.000,+0.00000,-59.793,-0.37303,-10.00,+0.05000,0,+0.00000,+0.00000,0.00000,-1.409,1,173.9,0.0
11.428882,2,0,0.270646,0.270646,0.2750,-0.00435,0,0,0,+0.00000,+0.00000,0.00000,0.00,0,+0.000,+0.00000,-59.793,-0.37303,-10.00,+0.05000,0,+0.00000,+0.00000,0.00000,-1.409,1,173.9,0.0
11.433522,2,0,0.270659,0.270659,0.2750,-0.00434,0,0,0,+0.00000,+0.00000,0.00000,0.00,0,+0.000,+0.00000,-59.972,-0.37303,-10.00,+0.05000,0,+0.00000,+0.00000,0.00000,-1.417,1,173.9,0.0
11.438123,2,0,0.270673,0.270673,0.2750,-0.00433,0,0,0,+0.00000,+0.00000,0.00000,0.00,0,+0.000,+0.00000,-59.972,-0.37303,-10.00,+0.05000,0,+0.00000,+0.00000,0.00000,-1.417,1,173.9,0.0
11.442901,2,0,0.270686,0.270686,0.2750,-0.00431,0,0,0,+0.00000,+0.00000,0.00000,0.00,0,+0.000,+0.00000,-60.141,-0.37303,-10.00,+0.05000,0,+0.00000,+0.00000,0.00000,-1.424,1,173.9,0.0
11.447789,2,0,0.270700,0.270700,0.2750,-0.00430,0,0,0,+0.00000,+0.00000,0.00000,0.00,0,+0.000,+0.00000,-60.141,-0.37303,-10.00,+0.05000,0,+0.00000,+0.00000,0.00000,-1.424,1,173.9,0.0
11.452364,2,0,0.270713,0.270713,0.2750,-0.00429,0,0,0,+0.00000,+0.00000,0.00000,0.00,0,+0.000,+0.00000,-60.306,-0.37303,-10.00,+0.05000,0,+0.00000,+0.00000,0.00000,-1.431,1,173.9,0.0
11.457831,2,0,0.270729,0.270729,0.2750,-0.00427,0,0,0,+0.00000,+0.00000,0.00000,0.00,0,+0.000,+0.00000,-60.497,-0.37303,-10.00,+0.05000,0,+0.00000,+0.00000,0.00000,-1.440,1,173.9,0.0
11.463191,2,0,0.270744,0.270744,0.2750,-0.00426,0,0,0,+0.00000,+0.00000,0.00000,0.00,0,+0.000,+0.00000,-60.497,-0.37303,-10.00,+0.05000,0,+0.00000,+0.00000,0.00000,-1.440,1,173.9,0.0
11.467644,2,0,0.270757,0.270757,0.2750,-0.00424,0,0,0,+0.00000,+0.00000,0.00000,0.00,0,+0.000,+0.00000,-60.676,-0.37303,-10.00,+0.05000,0,+0.00000,+0.00000,0.00000,-1.448,1,173.9,0.0
11.472163,2,0,0.270770,0.270770,0.2750,-0.00423,0,0,0,+0.00000,+0.00000,0.00000,0.00,0,+0.000,+0.00000,-60.676,-0.37303,-10.00,+0.05000,0,+0.00000,+0.00000,0.00000,-1.448,1,173.9,0.0
11.477011,2,0,0.270783,0.270783,0.2750,-0.00422,0,0,0,+0.00000,+0.00000,0.00000,0.00,0,+0.000,+0.00000,-60.855,-0.37303,-10.00,+0.05000,0,+0.00000,+0.00000,0.00000,-1.456,1,173.9,0.0
11.481549,2,0,0.270796,0.270796,0.2750,-0.00420,0,0,0,+0.00000,+0.00000,0.00000,0.00,0,+0.000,+0.00000,-60.855,-0.37303,-10.00,+0.05000,0,+0.00000,+0.00000,0.00000,-1.456,1,173.9,0.0
11.486838,2,0,0.270811,0.270811,0.2750,-0.00419,0,0,0,+0.00000,+0.00000,0.00000,0.00,0,+0.000,+0.00000,-61.050,-0.37303,-10.00,+0.05000,0,+0.00000,+0.00000,0.00000,-1.465,1,173.9,0.0
11.491303,2,0,0.270823,0.270823,0.2750,-0.00418,0,0,0,+0.00000,+0.00000,0.00000,0.00,0,+0.000,+0.00000,-61.215,-0.37303,-10.00,+0.05000,0,+0.00000,+0.00000,0.00000,-1.472,1,173.9,0.0
11.495649,2,0,0.270835,0.270835,0.2750,-0.00416,0,0,0,+0.00000,+0.00000,0.00000,0.00,0,+0.000,+0.00000,-61.215,-0.37303,-10.00,+0.05000,0,+0.00000,+0.00000,0.00000,-1.472,1,173.9,0.0
11.500184,2,0,0.270848,0.270848,0.2750,-0.00415,0,0,0,+0.00000,+0.00000,0.00000,0.00,0,+0.000,+0.00000,-61.397,-0.37303,-10.00,+0.05000,0,+0.00000,+0.00000,0.00000,-1.481,1,173.9,0.0
11.504654,2,0,0.270860,0.270860,0.2750,-0.00414,0,0,0,+0.00000,+0.00000,0.00000,0.00,0,+0.000,+0.00000,-61.397,-0.37303,-10.00,+0.05000,0,+0.00000,+0.00000,0.00000,-1.481,1,173.9,0.0
11.509265,2,0,0.270873,0.270873,0.2750,-0.00413,0,0,0,+0.00000,+0.00000,0.00000,0.00,0,+0.000,+0.00000,-61.590,-0.37303,-10.00,+0.05000,0,+0.00000,+0.00000,0.00000,-1.490,1,173.9,0.0
11.513466,2,0,0.270885,0.270885,0.2750,-0.00412,0,0,0,+0.00000,+0.00000,0.00000,0.00,0,+0.000,+0.00000,-61.590,-0.37303,-10.00,+0.05000,0,+0.00000,+0.00000,0.00000,-1.490,1,173.9,0.0
11.518065,2,0,0.270897,0.270897,0.2750,-0.00410,0,0,0,+0.00000,+0.00000,0.00000,0.00,0,+0.000,+0.00000,-61.769,-0.37303,-10.00,+0.05000,0,+0.00000,+0.00000,0.00000,-1.499,1,173.9,0.0
11.522588,2,0,0.270909,0.270909,0.2750,-0.00409,0,0,0,+0.00000,+0.00000,0.00000,0.00,0,+0.000,+0.00000,-61.769,-0.37303,-10.00,+0.05000,0,+0.00000,+0.00000,0.00000,-1.499,1,173.9,0.0
11.526930,2,0,0.270921,0.270921,0.2750,-0.00408,0,0,0,+0.00000,+0.00000,0.00000,0.00,0,+0.000,+0.00000,-61.769,-0.37303,-10.00,+0.05000,0,+0.00000,+0.00000,0.00000,-1.499,1,173.9,0.0
11.532909,2,0,0.270938,0.270938,0.2750,-0.00406,0,0,0,+0.00000,+0.00000,0.00000,0.00,0,+0.000,+0.00000,-61.996,-0.37303,-10.00,+0.05000,0,+0.00000,+0.00000,0.00000,-1.510,1,173.9,0.0
11.538029,2,0,0.270951,0.270951,0.2750,-0.00405,0,0,0,+0.00000,+0.00000,0.00000,0.00,0,+0.000,+0.00000,-62.170,-0.37303,-10.00,+0.05000,0,+0.00000,+0.00000,0.00000,-1.518,1,173.9,0.0
11.542452,2,0,0.270963,0.270963,0.2750,-0.00404,0,0,0,+0.00000,+0.00000,0.00000,0.00,0,+0.000,+0.00000,-62.170,-0.37303,-10.00,+0.05000,0,+0.00000,+0.00000,0.00000,-1.518,1,173.9,0.0
11.547086,2,0,0.270976,0.270976,0.2750,-0.00402,0,0,0,+0.00000,+0.00000,0.00000,0.00,0,+0.000,+0.00000,-62.330,-0.37303,-10.00,+0.05000,0,+0.00000,+0.00000,0.00000,-1.527,1,173.9,0.0
11.552785,2,0,0.270991,0.270991,0.2750,-0.00401,0,0,0,+0.00000,+0.00000,0.00000,0.00,0,+0.000,+0.00000,-62.527,-0.37303,-10.00,+0.05000,0,+0.00000,+0.00000,0.00000,-1.537,1,173.9,0.0
11.557225,2,0,0.271003,0.271003,0.2750,-0.00400,0,0,0,+0.00000,+0.00000,0.00000,0.00,0,+0.000,+0.00000,-62.527,-0.37303,-10.00,+0.05000,0,+0.00000,+0.00000,0.00000,-1.537,1,173.9,0.0
11.563704,2,0,0.271020,0.271020,0.2750,-0.00398,0,0,0,+0.00000,+0.00000,0.00000,0.00,0,+0.000,+0.00000,-62.700,-0.37303,-10.00,+0.05000,0,+0.00000,+0.00000,0.00000,-1.546,1,173.9,0.0
11.568373,2,0,0.271032,0.271032,0.2750,-0.00397,0,0,0,+0.00000,+0.00000,0.00000,0.00,0,+0.000,+0.00000,-62.700,-0.37303,-10.00,+0.05000,0,+0.00000,+0.00000,0.00000,-1.546,1,173.9,0.0
11.572951,2,0,0.271045,0.271045,0.2750,-0.00396,0,0,0,+0.00000,+0.00000,0.00000,0.00,0,+0.000,+0.00000,-62.919,-0.37303,-10.00,+0.05000,0,+0.00000,+0.00000,0.00000,-1.557,1,173.9,0.0
11.577515,2,0,0.271057,0.271057,0.2750,-0.00394,0,0,0,+0.00000,+0.00000,0.00000,0.00,0,+0.000,+0.00000,-62.919,-0.37303,-10.00,+0.05000,0,+0.00000,+0.00000,0.00000,-1.557,1,173.9,0.0
11.582018,2,0,0.271068,0.271068,0.2750,-0.00393,0,0,0,+0.00000,+0.00000,0.00000,0.00,0,+0.000,+0.00000,-63.099,-0.37303,-10.00,+0.05000,0,+0.00000,+0.00000,0.00000,-1.567,1,173.9,0.0
11.588005,2,0,0.271084,0.271084,0.2750,-0.00392,0,0,0,+0.00000,+0.00000,0.00000,0.00,0,+0.000,+0.00000,-63.245,-0.37303,-10.00,+0.05000,0,+0.00000,+0.00000,0.00000,-1.575,1,173.9,0.0
11.592836,2,0,0.271097,0.271097,0.2750,-0.00390,0,0,0,+0.00000,+0.00000,0.00000,0.00,0,+0.000,+0.00000,-63.245,-0.37303,-10.00,+0.05000,0,+0.00000,+0.00000,0.00000,-1.575,1,173.9,0.0
11.597766,2,0,0.271109,0.271109,0.2750,-0.00389,0,0,0,+0.00000,+0.00000,0.00000,0.00,0,+0.000,+0.00000,-63.420,-0.37303,-10.00,+0.05000,0,+0.00000,+0.00000,0.00000,-1.584,1,173.9,0.0
11.602210,2,0,0.271121,0.271121,0.2750,-0.00388,0,0,0,+0.00000,+0.00000,0.00000,0.00,0,+0.000,+0.00000,-63.420,-0.37303,-10.00,+0.05000,0,+0.00000,+0.00000,0.00000,-1.584,1,173.9,0.0
11.606751,2,0,0.271133,0.271133,0.2750,-0.00387,0,0,0,+0.00000,+0.00000,0.00000,0.00,0,+0.000,+0.00000,-63.643,-0.37303,-10.00,+0.05000,0,+0.00000,+0.00000,0.00000,-1.597,1,173.9,0.0
11.612895,2,0,0.271149,0.271149,0.2750,-0.00385,0,0,0,+0.00000,+0.00000,0.00000,0.00,0,+0.000,+0.00000,-63.808,-0.37303,-10.00,+0.05000,0,+0.00000,+0.00000,0.00000,-1.606,1,173.9,0.0
11.617782,2,0,0.271161,0.271161,0.2750,-0.00384,0,0,0,+0.00000,+0.00000,0.00000,0.00,0,+0.000,+0.00000,-63.808,-0.37303,-10.00,+0.05000,0,+0.00000,+0.00000,0.00000,-1.606,1,173.9,0.0
11.622345,2,0,0.271173,0.271173,0.2750,-0.00383,0,0,0,+0.00000,+0.00000,0.00000,0.00,0,+0.000,+0.00000,-63.971,-0.37303,-10.00,+0.05000,0,+0.00000,+0.00000,0.00000,-1.615,1,173.9,0.0
11.627235,2,0,0.271185,0.271185,0.2750,-0.00381,0,0,0,+0.00000,+0.00000,0.00000,0.00,0,+0.000,+0.00000,-63.971,-0.37303,-10.00,+0.05000,0,+0.00000,+0.00000,0.00000,-1.615,1,173.9,0.0
11.631581,2,0,0.271196,0.271196,0.2750,-0.00380,0,0,0,+0.00000,+0.00000,0.00000,0.00,0,+0.000,+0.00000,-64.188,-0.37303,-10.00,+0.05000,0,+0.00000,+0.00000,0.00000,-1.628,1,173.9,0.0
11.636299,2,0,0.271208,0.271208,0.2750,-0.00379,0,0,0,+0.00000,+0.00000,0.00000,0.00,0,+0.000,+0.00000,-64.188,-0.37303,-10.00,+0.05000,0,+0.00000,+0.00000,0.00000,-1.628,1,173.9,0.0
11.641206,2,0,0.271221,0.271221,0.2750,-0.00378,0,0,0,+0.00000,+0.00000,0.00000,0.00,0,+0.000,+0.00000,-64.367,-0.37303,-10.00,+0.05000,0,+0.00000,+0.00000,0.00000,-1.639,1,173.9,0.0
11.646045,2,0,0.271233,0.271233,0.2750,-0.00377,0,0,0,+0.00000,+0.00000,0.00000,0.00,0,+0.000,+0.00000,-64.367,-0.37303,-10.00,+0.05000,0,+0.00000,+0.00000,0.00000,-1.639,1,173.9,0.0
11.650842,2,0,0.271245,0.271245,0.2750,-0.00376,0,0,0,+0.00000,+0.00000,0.00000,0.00,0,+0.000,+0.00000,-64.568,-0.37303,-10.00,+0.05000,0,+0.00000,+0.00000,0.00000,-1.651,1,173.9,0.0
11.655622,2,0,0.271257,0.271257,0.2750,-0.00374,0,0,0,+0.00000,+0.00000,0.00000,0.00,0,+0.000,+0.00000,-64.729,-0.37303,-10.00,+0.05000,0,+0.00000,+0.00000,0.00000,-1.660,1,173.9,0.0
11.660536,2,0,0.271269,0.271269,0.2750,-0.00373,0,0,0,+0.00000,+0.00000,0.00000,0.00,0,+0.000,+0.00000,-64.729,-0.37303,-10.00,+0.05000,0,+0.00000,+0.00000,0.00000,-1.660,1,173.9,0.0
11.664913,2,0,0.271280,0.271280,0.2750,-0.00372,0,0,0,+0.00000,+0.00000,0.00000,0.00,0,+0.000,+0.00000,-64.909,-0.37303,-10.00,+0.05000,0,+0.00000,+0.00000,0.00000,-1.671,1,173.9,0.0
11.669793,2,0,0.271292,0.271292,0.2750,-0.00371,0,0,0,+0.00000,+0.00000,0.00000,0.00,0,+0.000,+0.00000,-64.909,-0.37303,-10.00,+0.05000,0,+0.00000,+0.00000,0.00000,-1.671,1,173.9,0.0
11.674245,2,0,0.271303,0.271303,0.2750,-0.00370,0,0,0,+0.00000,+0.00000,0.00000,0.00,0,+0.000,+0.00000,-64.909,-0.37303,-10.00,+0.05000,0,+0.00000,+0.00000,0.00000,-1.671,1,173.9,0.0
11.679108,2,0,0.271315,0.271315,0.2750,-0.00369,0,0,0,+0.00000,+0.00000,0.00000,0.00,0,+0.000,+0.00000,-65.150,-0.37303,-10.00,+0.05000,0,+0.00000,+0.00000,0.00000,-1.687,1,173.9,0.0
11.685269,2,0,0.271330,0.271330,0.2750,-0.00367,0,0,0,+0.00000,+0.00000,0.00000,0.00,0,+0.000,+0.00000,-65.320,-0.37303,-10.00,+0.05000,0,+0.00000,+0.00000,0.00000,-1.698,1,173.9,0.0
11.689852,2,0,0.271341,0.271341,0.2750,-0.00366,0,0,0,+0.00000,+0.00000,0.00000,0.00,0,+0.000,+0.00000,-65.320,-0.37303,-10.00,+0.05000,0,+0.00000,+0.00000,0.00000,-1.698,1,173.9,0.0
11.694479,2,0,0.271352,0.271352,0.2750,-0.00365,0,0,0,+0.00000,+0.00000,0.00000,0.00,0,+0.000,+0.00000,-65.504,-0.37303,-10.00,+0.05000,0,+0.00000,+0.00000,0.00000,-1.709,1,173.9,0.0
11.698853,2,0,0.271363,0.271363,0.2750,-0.00364,0,0,0,+0.00000,+0.00000,0.00000,0.00,0,+0.000,+0.00000,-65.504,-0.37303,-10.00,+0.05000,0,+0.00000,+0.00000,0.00000,-1.709,1,173.9,0.0
11.703373,2,0,0.271374,0.271374,0.2750,-0.00363,0,0,0,+0.00000,+0.00000,0.00000,0.00,0,+0.000,+0.00000,-65.674,-0.37303,-10.00,+0.05000,0,+0.00000,+0.00000,0.00000,-1.721,1,173.9,0.0
11.707788,2,0,0.271385,0.271385,0.2750,-0.00362,0,0,0,+0.00000,+0.00000,0.00000,0.00,0,+0.000,+0.00000,-65.674,-0.37303,-10.00,+0.05000,0,+0.00000,+0.00000,0.00000,-1.721,1,173.9,0.0
11.712824,2,0,0.271397,0.271397,0.2750,-0.00360,0,0,0,+0.00000,+0.00000,0.00000,0.00,0,+0.000,+0.00000,-65.892,-0.37303,-10.00,+0.05000,0,+0.00000,+0.00000,0.00000,-1.735,1,173.9,0.0
11.718315,2,0,0.271410,0.271410,0.2750,-0.00359,0,0,0,+0.00000,+0.00000,0.00000,0.00,0,+0.000,+0.00000,-66.068,-0.37303,-10.00,+0.05000,0,+0.00000,+0.00000,0.00000,-1.747,1,173.9,0.0
11.723032,2,0,0.271421,0.271421,0.2750,-0.00358,0,0,0,+0.00000,+0.00000,0.00000,0.00,0,+0.000,+0.00000,-66.068,-0.37303,-10.00,+0.05000,0,+0.00000,+0.00000,0.00000,-1.747,1,173.9,0.0
11.727628,2,0,0.271432,0.271432,0.2750,-0.00357,0,0,0,+0.00000,+0.00000,0.00000,0.00,0,+0.000,+0.00000,-66.234,-0.37303,-10.00,+0.05000,0,+0.00000,+0.00000,0.00000,-1.759,1,173.9,0.0
11.732363,2,0,0.271443,0.271443,0.2750,-0.00356,0,0,0,+0.00000,+0.00000,0.00000,0.00,0,+0.000,+0.00000,-66.234,-0.37303,-10.00,+0.05000,0,+0.00000,+0.00000,0.00000,-1.759,1,173.9,0.0
11.737108,2,0,0.271455,0.271455,0.2750,-0.00355,0,0,0,+0.00000,+0.00000,0.00000,0.00,0,+0.000,+0.00000,-66.442,-0.37303,-10.00,+0.05000,0,+0.00000,+0.00000,0.00000,-1.773,1,173.9,0.0
11.742071,2,0,0.271466,0.271466,0.2750,-0.00353,0,0,0,+0.00000,+0.00000,0.00000,0.00,0,+0.000,+0.00000,-66.442,-0.37303,-10.00,+0.05000,0,+0.00000,+0.00000,0.00000,-1.773,1,173.9,0.0
11.748190,2,0,0.271481,0.271481,0.2750,-0.00352,0,0,0,+0.00000,+0.00000,0.00000,0.00,0,+0.000,+0.00000,-66.596,-0.37303,-10.00,+0.05000,0,+0.00000,+0.00000,0.00000,-1.784,1,173.9,0.0
11.753254,2,0,0.271493,0.271493,0.2750,-0.00351,0,0,0,+0.00000,+0.00000,0.00000,0.00,0,+0.000,+0.00000,-66.801,-0.37303,-10.00,+0.05000,0,+0.00000,+0.00000,0.00000,-1.799,1,173.9,0.0
11.759068,2,0,0.271506,0.271506,0.2750,-0.00349,0,0,0,+0.00000,+0.00000,0.00000,0.00,0,+0.000,+0.00000,-66.801,-0.37303,-10.00,+0.05000,0,+0.00000,+0.00000,0.00000,-1.799,1,173.9,0.0
11.763844,2,0,0.271517,0.271517,0.2750,-0.00348,0,0,0,+0.00000,+0.00000,0.00000,0.00,0,+0.000,+0.00000,-66.963,-0.37303,-10.00,+0.05000,0,+0.00000,+0.00000,0.00000,-1.811,1,173.9,0.0
11.768138,2,0,0.271527,0.271527,0.2750,-0.00347,0,0,0,+0.00000,+0.00000,0.00000,0.00,0,+0.000,+0.00000,-66.963,-0.37303,-10.00,+0.05000,0,+0.00000,+0.00000,0.00000,-1.811,1,173.9,0.0
11.773320,2,0,0.271539,0.271539,0.2750,-0.00346,0,0,0,+0.00000,+0.00000,0.00000,0.00,0,+0.000,+0.00000,-67.166,-0.37303,-10.00,+0.05000,0,+0.00000,+0.00000,0.00000,-1.826,1,173.9,0.0
11.777647,2,0,0.271549,0.271549,0.2750,-0.00345,0,0,0,+0.00000,+0.00000,0.00000,0.00,0,+0.000,+0.00000,-67.166,-0.37303,-10.00,+0.05000,0,+0.00000,+0.00000,0.00000,-1.826,1,173.9,0.0
11.782303,2,0,0.271560,0.271560,0.2750,-0.00344,0,0,0,+0.00000,+0.00000,0.00000,0.00,0,+0.000,+0.00000,-67.370,-0.37303,-10.00,+0.05000,0,+0.00000,+0.00000,0.00000,-1.842,1,173.9,0.0
11.786850,2,0,0.271570,0.271570,0.2750,-0.00343,0,0,0,+0.00000,+0.00000,0.00000,0.00,0,+0.000,+0.00000,-67.370,-0.37303,-10.00,+0.05000,0,+0.00000,+0.00000,0.00000,-1.842,1,173.9,0.0
11.792062,2,0,0.271582,0.271582,0.2750,-0.00342,0,0,0,+0.00000,+0.00000,0.00000,0.00,0,+0.000,+0.00000,-67.548,-0.37303,-10.00,+0.05000,0,+0.00000,+0.00000,0.00000,-1.856,1,173.9,0.0
11.796935,2,0,0.271593,0.271593,0.2750,-0.00341,0,0,0,+0.00000,+0.00000,0.00000,0.00,0,+0.000,+0.00000,-67.730,-0.37303,-10.00,+0.05000,0,+0.00000,+0.00000,0.00000,-1.870,1,173.9,0.0
11.801610,2,0,0.271604,0.271604,0.2750,-0.00340,0,0,0,+0.00000,+0.00000,0.00000,0.00,0,+0.000,+0.00000,-67.730,-0.37303,-10.00,+0.05000,0,+0.00000,+0.00000,0.00000,-1.870,1,173.9,0.0
11.806104,2,0,0.271614,0.271614,0.2750,-0.00339,0,0,0,+0.00000,+0.00000,0.00000,0.00,0,+0.000,+0.00000,-67.915,-0.37303,-10.00,+0.05000,0,+0.00000,+0.00000,0.00000,-1.885,1,173.9,0.0
11.810799,2,0,0.271625,0.271625,0.2750,-0.00338,0,0,0,+0.00000,+0.00000,0.00000,0.00,0,+0.000,+0.00000,-67.915,-0.37303,-10.00,+0.05000,0,+0.00000,+0.00000,0.00000,-1.885,1,173.9,0.0
11.815475,2,0,0.271635,0.271635,0.2750,-0.00336,0,0,0,+0.00000,+0.00000,0.00000,0.00,0,+0.000,+0.00000,-68.098,-0.37303,-10.00,+0.05000,0,+0.00000,+0.00000,0.00000,-1.900,1,173.9,0.0
11.820722,2,0,0.271647,0.271647,0.2750,-0.00335,0,0,0,+0.00000,+0.00000,0.00000,0.00,0,+0.000,+0.00000,-68.098,-0.37303,-10.00,+0.05000,0,+0.00000,+0.00000,0.00000,-1.900,1,173.9,0.0
11.825268,2,0,0.271657,0.271657,0.2750,-0.00334,0,0,0,+0.00000,+0.00000,0.00000,0.00,0,+0.000,+0.00000,-68.282,-0.37303,-10.00,+0.05000,0,+0.00000,+0.00000,0.00000,-1.915,1,173.9,0.0
11.829911,2,0,0.271667,0.271667,0.2750,-0.00333,0,0,0,+0.00000,+0.00000,0.00000,0.00,0,+0.000,+0.00000,-68.282,-0.37303,-10.00,+0.05000,0,+0.00000,+0.00000,0.00000,-1.915,1,173.9,0.0
11.834394,2,0,0.271677,0.271677,0.2750,-0.00332,0,0,0,+0.00000,+0.00000,0.00000,0.00,0,+0.000,+0.00000,-68.477,-0.37303,-10.00,+0.05000,0,+0.00000,+0.00000,0.00000,-1.932,1,173.9,0.0
11.838953,2,0,0.271687,0.271687,0.2750,-0.00331,0,0,0,+0.00000,+0.00000,0.00000,0.00,0,+0.000,+0.00000,-68.477,-0.37303,-10.00,+0.05000,0,+0.00000,+0.00000,0.00000,-1.932,1,173.9,0.0
11.843933,2,0,0.271698,0.271698,0.2750,-0.00330,0,0,0,+0.00000,+0.00000,0.00000,0.00,0,+0.000,+0.00000,-68.662,-0.37303,-10.00,+0.05000,0,+0.00000,+0.00000,0.00000,-1.948,1,173.9,0.0
11.848345,2,0,0.271708,0.271708,0.2750,-0.00329,0,0,0,+0.00000,+0.00000,0.00000,0.00,0,+0.000,+0.00000,-68.845,-0.37303,-10.00,+0.05000,0,+0.00000,+0.00000,0.00000,-1.964,1,173.9,0.0
11.857091,2,0,0.271727,0.271727,0.2750,-0.00327,0,0,0,+0.00000,+0.00000,0.00000,0.00,0,+0.000,+0.00000,-68.845,-0.37303,-10.00,+0.05000,0,+0.00000,+0.00000,0.00000,-1.964,1,173.9,0.0
11.862422,2,0,0.271739,0.271739,0.2750,-0.00326,0,0,0,+0.00000,+0.00000,0.00000,0.00,0,+0.000,+0.00000,-69.057,-0.37303,-10.00,+0.05000,0,+0.00000,+0.00000,0.00000,-1.983,1,173.9,0.0
11.866962,2,0,0.271749,0.271749,0.2750,-0.00325,0,0,0,+0.00000,+0.00000,0.00000,0.00,0,+0.000,+0.00000,-69.232,-0.37303,-10.00,+0.05000,0,+0.00000,+0.00000,0.00000,-1.999,1,173.9,0.0
11.871892,2,0,0.271759,0.271759,0.2750,-0.00324,0,0,0,+0.00000,+0.00000,0.00000,0.00,0,+0.000,+0.00000,-69.232,-0.37303,-10.00,+0.05000,0,+0.00000,+0.00000,0.00000,-1.999,1,173.9,0.0
11.876717,2,0,0.271770,0.271770,0.2750,-0.00323,0,0,0,+0.00000,+0.00000,0.00000,0.00,0,+0.000,+0.00000,-69.433,-0.37303,-10.00,+0.05000,0,+0.00000,+0.00000,0.00000,-2.017,1,173.9,0.0
11.882930,2,0,0.271783,0.271783,0.2750,-0.00322,0,0,0,+0.00000,+0.00000,0.00000,0.00,0,+0.000,+0.00000,-69.585,-0.37303,-10.00,+0.05000,0,+0.00000,+0.00000,0.00000,-2.031,1,173.9,0.0
11.887958,2,0,0.271794,0.271794,0.2750,-0.00321,0,0,0,+0.00000,+0.00000,0.00000,0.00,0,+0.000,+0.00000,-69.585,-0.37303,-10.00,+0.05000,0,+0.00000,+0.00000,0.00000,-2.031,1,173.9,0.0
11.892778,2,0,0.271804,0.271804,0.2750,-0.00320,0,0,0,+0.00000,+0.00000,0.00000,0.00,0,+0.000,+0.00000,-69.585,-0.37303,-10.00,+0.05000,0,+0.00000,+0.00000,0.00000,-2.031,1,173.9,0.0
11.897726,2,0,0.271815,0.271815,0.2750,-0.00319,0,0,0,+0.00000,+0.00000,0.00000,0.00,0,+0.000,+0.00000,-69.823,-0.37303,-10.00,+0.05000,0,+0.00000,+0.00000,0.00000,-2.054,1,173.9,0.0
11.902335,2,0,0.271824,0.271824,0.2750,-0.00318,0,0,0,+0.00000,+0.00000,0.00000,0.00,0,+0.000,+0.00000,-69.823,-0.37303,-10.00,+0.05000,0,+0.00000,+0.00000,0.00000,-2.054,1,173.9,0.0
11.906740,2,0,0.271834,0.271834,0.2750,-0.00317,0,0,0,+0.00000,+0.00000,0.00000,0.00,0,+0.000,+0.00000,-70.024,-0.37303,-10.00,+0.05000,0,+0.00000,+0.00000,0.00000,-2.074,1,173.9,0.0
11.911156,2,0,0.271843,0.271843,0.2750,-0.00316,0,0,0,+0.00000,+0.00000,0.00000,0.00,0,+0.000,+0.00000,-70.024,-0.37303,-10.00,+0.05000,0,+0.00000,+0.00000,0.00000,-2.074,1,173.9,0.0
11.916852,2,0,0.271855,0.271855,0.2750,-0.00315,0,0,0,+0.00000,+0.00000,0.00000,0.00,0,+0.000,+0.00000,-70.225,-0.37303,-10.00,+0.05000,0,+0.00000,+0.00000,0.00000,-2.094,1,173.9,0.0
11.921312,2,0,0.271864,0.271864,0.2750,-0.00314,0,0,0,+0.00000,+0.00000,0.00000,0.00,0,+0.000,+0.00000,-70.352,-0.37303,-10.00,+0.05000,0,+0.00000,+0.00000,0.00000,-2.107,1,173.9,0.0
11.925944,2,0,0.271874,0.271874,0.2750,-0.00313,0,0,0,+0.00000,+0.00000,0.00000,0.00,0,+0.000,+0.00000,-70.352,-0.37303,-10.00,+0.05000,0,+0.00000,+0.00000,0.00000,-2.107,1,173.9,0.0
11.930666,2,0,0.271884,0.271884,0.2750,-0.00312,0,0,0,+0.00000,+0.00000,0.00000,0.00,0,+0.000,+0.00000,-70.551,-0.37303,-10.00,+0.05000,0,+0.00000,+0.00000,0.00000,-2.128,1,173.9,0.0
11.935302,2,0,0.271893,0.271893,0.2750,-0.00311,0,0,0,+0.00000,+0.00000,0.00000,0.00,0,+0.000,+0.00000,-70.551,-0.37303,-10.00,+0.05000,0,+0.00000,+0.00000,0.00000,-2.128,1,173.9,0.0
11.939946,2,0,0.271903,0.271903,0.2750,-0.00310,0,0,0,+0.00000,+0.00000,0.00000,0.00,0,+0.000,+0.00000,-70.754,-0.37303,-10.00,+0.05000,0,+0.00000,+0.00000,0.00000,-2.150,1,173.9,0.0
11.947619,2,0,0.271919,0.271919,0.2750,-0.00308,0,0,0,+0.00000,+0.00000,0.00000,0.00,0,+0.000,+0.00000,-70.964,-0.37303,-10.00,+0.05000,0,+0.00000,+0.00000,0.00000,-2.172,1,173.9,0.0
11.952494,2,0,0.271929,0.271929,0.2750,-0.00307,0,0,0,+0.00000,+0.00000,0.00000,0.00,0,+0.000,+0.00000,-70.964,-0.37303,-10.00,+0.05000,0,+0.00000,+0.00000,0.00000,-2.172,1,173.9,0.0
11.958884,2,0,0.271942,0.271942,0.2750,-0.00306,0,0,0,+0.00000,+0.00000,0.00000,0.00,0,+0.000,+0.00000,-71.104,-0.37303,-10.00,+0.05000,0,+0.00000,+0.00000,0.00000,-2.188,1,173.9,0.0
11.964255,2,0,0.271953,0.271953,0.2750,-0.00305,0,0,0,+0.00000,+0.00000,0.00000,0.00,0,+0.000,+0.00000,-71.319,-0.37303,-10.00,+0.05000,0,+0.00000,+0.00000,0.00000,-2.212,1,173.9,0.0
11.968647,2,0,0.271962,0.271962,0.2750,-0.00304,0,0,0,+0.00000,+0.00000,0.00000,0.00,0,+0.000,+0.00000,-71.319,-0.37303,-10.00,+0.05000,0,+0.00000,+0.00000,0.00000,-2.212,1,173.9,0.0
11.973111,2,0,0.271971,0.271971,0.2750,-0.00303,0,0,0,+0.00000,+0.00000,0.00000,0.00,0,+0.000,+0.00000,-71.499,-0.37303,-10.00,+0.05000,0,+0.00000,+0.00000,0.00000,-2.233,1,173.9,0.0
11.977801,2,0,0.271980,0.271980,0.2750,-0.00302,0,0,0,+0.00000,+0.00000,0.00000,0.00,0,+0.000,+0.00000,-71.499,-0.37303,-10.00,+0.05000,0,+0.00000,+0.00000,0.00000,-2.233,1,173.9,0.0
11.982161,2,0,0.271989,0.271989,0.2750,-0.00301,0,0,0,+0.00000,+0.00000,0.00000,0.00,0,+0.000,+0.00000,-71.672,-0.37303,-10.00,+0.05000,0,+0.00000,+0.00000,0.00000,-2.253,1,173.9,0.0
11.986843,2,0,0.271998,0.271998,0.2750,-0.00300,0,0,0,+0.00000,+0.00000,0.00000,0.00,0,+0.000,+0.00000,-71.672,-0.37303,-10.00,+0.05000,0,+0.00000,+0.00000,0.00000,-2.253,1,173.9,0.0
11.991861,2,0,0.272008,0.272008,0.2750,-0.00299,0,0,0,+0.00000,+0.00000,0.00000,0.00,0,+0.000,+0.00000,-71.840,-0.37303,-10.00,+0.05000,0,+0.00000,+0.00000,0.00000,-2.273,1,173.9,0.0
11.996482,2,0,0.272018,0.272018,0.2750,-0.00298,0,0,0,+0.00000,+0.00000,0.00000,0.00,0,+0.000,+0.00000,-71.840,-0.37303,-10.00,+0.05000,0,+0.00000,+0.00000,0.00000,-2.273,1,173.9,0.0
12.001733,2,0,0.272028,0.272028,0.2750,-0.00297,0,0,0,+0.00000,+0.00000,0.00000,0.00,0,+0.000,+0.00000,-72.031,-0.37303,-10.00,+0.05000,0,+0.00000,+0.00000,0.00000,-2.297,1,173.9,0.0
12.006334,2,0,0.272037,0.272037,0.2750,-0.00296,0,0,0,+0.00000,+0.00000,0.00000,0.00,0,+0.000,+0.00000,-72.031,-0.37303,-10.00,+0.05000,0,+0.00000,+0.00000,0.00000,-2.297,1,173.9,0.0
12.011744,2,0,0.272048,0.272048,0.2750,-0.00295,0,0,0,+0.00000,+0.00000,0.00000,0.00,0,+0.000,+0.00000,-72.238,-0.37303,-10.00,+0.05000,0,+0.00000,+0.00000,0.00000,-2.322,1,173.9,0.0
12.016644,2,0,0.272057,0.272057,0.2750,-0.00294,0,0,0,+0.00000,+0.00000,0.00000,0.00,0,+0.000,+0.00000,-72.437,-0.37303,-10.00,+0.05000,0,+0.00000,+0.00000,0.00000,-2.348,1,173.9,0.0
12.021087,2,0,0.272066,0.272066,0.2750,-0.00293,0,0,0,+0.00000,+0.00000,0.00000,0.00,0,+0.000,+0.00000,-72.437,-0.37303,-10.00,+0.05000,0,+0.00000,+0.00000,0.00000,-2.348,1,173.9,0.0
12.025740,2,0,0.272075,0.272075,0.2750,-0.00292,0,0,0,+0.00000,+0.00000,0.00000,0.00,0,+0.000,+0.00000,-72.609,-0.37303,-10.00,+0.05000,0,+0.00000,+0.00000,0.00000,-2.370,1,173.9,0.0
12.030352,2,0,0.272084,0.272084,0.2750,-0.00292,0,0,0,+0.00000,+0.00000,0.00000,0.00,0,+0.000,+0.00000,-72.609,-0.37303,-10.00,+0.05000,0,+0.00000,+0.00000,0.00000,-2.370,1,173.9,0.0
12.035386,2,0,0.272094,0.272094,0.2750,-0.00291,0,0,0,+0.00000,+0.00000,0.00000,0.00,0,+0.000,+0.00000,-72.782,-0.37303,-10.00,+0.05000,0,+0.00000,+0.00000,0.00000,-2.393,1,173.9,0.0
12.040087,2,0,0.272103,0.272103,0.2750,-0.00290,0,0,0,+0.00000,+0.00000,0.00000,0.00,0,+0.000,+0.00000,-72.782,-0.37303,-10.00,+0.05000,0,+0.00000,+0.00000,0.00000,-2.393,1,173.9,0.0
12.044952,2,0,0.272112,0.272112,0.2750,-0.00289,0,0,0,+0.00000,+0.00000,0.00000,0.00,0,+0.000,+0.00000,-72.996,-0.37303,-10.00,+0.05000,0,+0.00000,+0.00000,0.00000,-2.423,1,173.9,0.0
12.050694,2,0,0.272123,0.272123,0.2750,-0.00288,0,0,0,+0.00000,+0.00000,0.00000,0.00,0,+0.000,+0.00000,-73.165,-0.37303,-10.00,+0.05000,0,+0.00000,+0.00000,0.00000,-2.446,1,173.9,0.0
12.055261,2,0,0.272132,0.272132,0.2750,-0.00287,0,0,0,+0.00000,+0.00000,0.00000,0.00,0,+0.000,+0.00000,-73.165,-0.37303,-10.00,+0.05000,0,+0.00000,+0.00000,0.00000,-2.446,1,173.9,0.0
12.059732,2,0,0.272141,0.272141,0.2750,-0.00286,0,0,0,+0.00000,+0.00000,0.00000,0.00,0,+0.000,+0.00000,-73.357,-0.37303,-10.00,+0.05000,0,+0.00000,+0.00000,0.00000,-2.473,1,173.9,0.0
12.064310,2,0,0.272149,0.272149,0.2750,-0.00285,0,0,0,+0.00000,+0.00000,0.00000,0.00,0,+0.000,+0.00000,-73.357,-0.37303,-10.00,+0.05000,0,+0.00000,+0.00000,0.00000,-2.473,1,173.9,0.0
12.068884,2,0,0.272158,0.272158,0.2750,-0.00284,0,0,0,+0.00000,+0.00000,0.00000,0.00,0,+0.000,+0.00000,-73.500,-0.37303,-10.00,+0.05000,0,+0.00000,+0.00000,0.00000,-2.494,1,173.9,0.0
12.073294,2,0,0.272166,0.272166,0.2750,-0.00283,0,0,0,+0.00000,+0.00000,0.00000,0.00,0,+0.000,+0.00000,-73.500,-0.37303,-10.00,+0.05000,0,+0.00000,+0.00000,0.00000,-2.494,1,173.9,0.0
12.078382,2,0,0.272176,0.272176,0.2750,-0.00282,0,0,0,+0.00000,+0.00000,0.00000,0.00,0,+0.000,+0.00000,-73.699,-0.37303,-10.00,+0.05000,0,+0.00000,+0.00000,0.00000,-2.524,1,173.9,0.0
12.082965,2,0,0.272185,0.272185,0.2750,-0.00282,0,0,0,+0.00000,+0.00000,0.00000,0.00,0,+0.000,+0.00000,-73.699,-0.37303,-10.00,+0.05000,0,+0.00000,+0.00000,0.00000,-2.524,1,173.9,0.0
12.087773,2,0,0.272194,0.272194,0.2750,-0.00281,0,0,0,+0.00000,+0.00000,0.00000,0.00,0,+0.000,+0.00000,-73.885,-0.37303,-10.00,+0.05000,0,+0.00000,+0.00000,0.00000,-2.552,1,173.9,0.0
12.092250,2,0,0.272202,0.272202,0.2750,-0.00280,0,0,0,+0.00000,+0.00000,0.00000,0.00,0,+0.000,+0.00000,-73.885,-0.37303,-10.00,+0.05000,0,+0.00000,+0.00000,0.00000,-2.552,1,173.9,0.0
12.097490,2,0,0.272212,0.272212,0.2750,-0.00279,0,0,0,+0.00000,+0.00000,0.00000,0.00,0,+0.000,+0.00000,-74.076,-0.37303,-10.00,+0.05000,0,+0.00000,+0.00000,0.00000,-2.582,1,173.9,0.0
12.102248,2,0,0.272221,0.272221,0.2750,-0.00278,0,0,0,+0.00000,+0.00000,0.00000,0.00,0,+0.000,+0.00000,-74.217,-0.37303,-10.00,+0.05000,0,+0.00000,+0.00000,0.00000,-2.604,1,173.9,0.0
12.106585,2,0,0.272229,0.272229,0.2750,-0.00277,0,0,0,+0.00000,+0.00000,0.00000,0.00,0,+0.000,+0.00000,-74.217,-0.37303,-10.00,+0.05000,0,+0.00000,+0.00000,0.00000,-2.604,1,173.9,0.0
12.111414,2,0,0.272238,0.272238,0.2750,-0.00276,0,0,0,+0.00000,+0.00000,0.00000,0.00,0,+0.000,+0.00000,-74.401,-0.37303,-10.00,+0.05000,0,+0.00000,+0.00000,0.00000,-2.634,1,173.9,0.0
12.118193,2,0,0.272250,0.272250,0.2750,-0.00275,0,0,0,+0.00000,+0.00000,0.00000,0.00,0,+0.000,+0.00000,-74.401,-0.37303,-10.00,+0.05000,0,+0.00000,+0.00000,0.00000,-2.634,1,173.9,0.0
12.124863,2,0,0.272262,0.272262,0.2750,-0.00274,0,0,0,+0.00000,+0.00000,0.00000,0.00,0,+0.000,+0.00000,-74.664,-0.37303,-10.00,+0.05000,0,+0.00000,+0.00000,0.00000,-2.678,1,173.9,0.0
12.131837,2,0,0.272275,0.272275,0.2750,-0.00273,0,0,0,+0.00000,+0.00000,0.00000,0.00,0,+0.000,+0.00000,-74.803,-0.37303,-10.00,+0.05000,0,+0.00000,+0.00000,0.00000,-2.702,1,173.9,0.0
12.137443,2,0,0.272285,0.272285,0.2750,-0.00271,0,0,0,+0.00000,+0.00000,0.00000,0.00,0,+0.000,+0.00000,-75.017,-0.37303,-10.00,+0.05000,0,+0.00000,+0.00000,0.00000,-2.740,1,173.9,0.0
12.142217,2,0,0.272294,0.272294,0.2750,-0.00271,0,0,0,+0.00000,+0.00000,0.00000,0.00,0,+0.000,+0.00000,-75.017,-0.37303,-10.00,+0.05000,0,+0.00000,+0.00000,0.00000,-2.740,1,173.9,0.0
12.146705,2,0,0.272302,0.272302,0.2750,-0.00270,0,0,0,+0.00000,+0.00000,0.00000,0.00,0,+0.000,+0.00000,-75.017,-0.37303,-10.00,+0.05000,0,+0.00000,+0.00000,0.00000,-2.740,1,173.9,0.0
12.152060,2,0,0.272311,0.272311,0.2750,-0.00269,0,0,0,+0.00000,+0.00000,0.00000,0.00,0,+0.000,+0.00000,-75.244,-0.37303,-10.00,+0.05000,0,+0.00000,+0.00000,0.00000,-2.781,1,173.9,0.0
12.156439,2,0,0.272319,0.272319,0.2750,-0.00268,0,0,0,+0.00000,+0.00000,0.00000,0.00,0,+0.000,+0.00000,-75.410,-0.37303,-10.00,+0.05000,0,+0.00000,+0.00000,0.00000,-2.811,1,173.9,0.0
12.161032,2,0,0.272327,0.272327,0.2750,-0.00267,0,0,0,+0.00000,+0.00000,0.00000,0.00,0,+0.000,+0.00000,-75.410,-0.37303,-10.00,+0.05000,0,+0.00000,+0.00000,0.00000,-2.811,1,173.9,0.0
12.165376,2,0,0.272335,0.272335,0.2750,-0.00266,0,0,0,+0.00000,+0.00000,0.00000,0.00,0,+0.000,+0.00000,-75.585,-0.37303,-10.00,+0.05000,0,+0.00000,+0.00000,0.00000,-2.845,1,173.9,0.0
12.169854,2,0,0.272343,0.272343,0.2750,-0.00266,0,0,0,+0.00000,+0.00000,0.00000,0.00,0,+0.000,+0.00000,-75.585,-0.37303,-10.00,+0.05000,0,+0.00000,+0.00000,0.00000,-2.845,1,173.9,0.0
12.174974,2,0,0.272352,0.272352,0.2750,-0.00265,0,0,0,+0.00000,+0.00000,0.00000,0.00,0,+0.000,+0.00000,-75.819,-0.37303,-10.00,+0.05000,0,+0.00000,+0.00000,0.00000,-2.891,1,173.9,0.0
12.182223,2,0,0.272365,0.272365,0.2750,-0.00264,0,0,0,+0.00000,+0.00000,0.00000,0.00,0,+0.000,+0.00000,-75.819,-0.37303,-10.00,+0.05000,0,+0.00000,+0.00000,0.00000,-2.891,1,173.9,0.0
12.187063,2,0,0.272373,0.272373,0.2750,-0.00263,0,0,0,+0.00000,+0.00000,0.00000,0.00,0,+0.000,+0.00000,-76.040,-0.37303,-10.00,+0.05000,0,+0.00000,+0.00000,0.00000,-2.935,1,173.9,0.0
12.191812,2,0,0.272382,0.272382,0.2750,-0.00262,0,0,0,+0.00000,+0.00000,0.00000,0.00,0,+0.000,+0.00000,-76.040,-0.37303,-10.00,+0.05000,0,+0.00000,+0.00000,0.00000,-2.935,1,173.9,0.0
12.196625,2,0,0.272390,0.272390,0.2750,-0.00261,0,0,0,+0.00000,+0.00000,0.00000,0.00,0,+0.000,+0.00000,-76.212,-0.37303,-10.00,+0.05000,0,+0.00000,+0.00000,0.00000,-2.971,1,173.9,0.0
12.201385,2,0,0.272398,0.272398,0.2750,-0.00260,0,0,0,+0.00000,+0.00000,0.00000,0.00,0,+0.000,+0.00000,-76.372,-0.37303,-10.00,+0.05000,0,+0.00000,+0.00000,0.00000,-3.005,1,173.9,0.0
12.205990,2,0,0.272406,0.272406,0.2750,-0.00259,0,0,0,+0.00000,+0.00000,0.00000,0.00,0,+0.000,+0.00000,-76.372,-0.37303,-10.00,+0.05000,0,+0.00000,+0.00000,0.00000,-3.005,1,173.9,0.0
12.210863,2,0,0.272415,0.272415,0.2750,-0.00259,0,0,0,+0.00000,+0.00000,0.00000,0.00,0,+0.000,+0.00000,-76.595,-0.37303,-10.00,+0.05000,0,+0.00000,+0.00000,0.00000,-3.054,1,197.1,0.0
12.215401,2,0,0.272423,0.272423,0.2750,-0.00258,0,0,0,+0.00000,+0.00000,0.00000,0.00,0,+0.000,+0.00000,-76.595,-0.37303,-10.00,+0.05000,0,+0.00000,+0.00000,0.00000,-3.054,1,197.1,0.0
12.219992,2,0,0.272430,0.272430,0.2750,-0.00257,0,0,0,+0.00000,+0.00000,0.00000,0.00,0,+0.000,+0.00000,-76.726,-0.37303,-10.00,+0.05000,0,+0.00000,+0.00000,0.00000,-3.084,1,197.1,0.0
12.224513,2,0,0.272438,0.272438,0.2750,-0.00256,0,0,0,+0.00000,+0.00000,0.00000,0.00,0,+0.000,+0.00000,-76.726,-0.37303,-10.00,+0.05000,0,+0.00000,+0.00000,0.00000,-3.084,1,197.1,0.0
12.228953,2,0,0.272446,0.272446,0.2750,-0.00255,0,0,0,+0.00000,+0.00000,0.00000,0.00,0,+0.000,+0.00000,-76.927,-0.37303,-10.00,+0.05000,0,+0.00000,+0.00000,0.00000,-3.130,1,197.1,0.0
12.235099,2,0,0.272456,0.272456,0.2750,-0.00254,0,0,0,+0.00000,+0.00000,0.00000,0.00,0,+0.000,+0.00000,-76.927,-0.37303,-10.00,+0.05000,0,+0.00000,+0.00000,0.00000,-3.130,1,197.1,0.0
12.239634,2,0,0.272464,0.272464,0.2750,-0.00254,0,0,0,+0.00000,+0.00000,0.00000,0.00,0,+0.000,+0.00000,-77.130,-0.37303,-10.00,+0.05000,0,+0.00000,+0.00000,0.00000,-3.179,1,197.1,0.0
12.244514,2,0,0.272472,0.272472,0.2750,-0.00253,0,0,0,+0.00000,+0.00000,0.00000,0.00,0,+0.000,+0.00000,-77.130,-0.37303,-10.00,+0.05000,0,+0.00000,+0.00000,0.00000,-3.179,1,197.1,0.0
12.249106,2,0,0.272480,0.272480,0.2750,-0.00252,0,0,0,+0.00000,+0.00000,0.00000,0.00,0,+0.000,+0.00000,-77.334,-0.37303,-10.00,+0.05000,0,+0.00000,+0.00000,0.00000,-3.229,1,197.1,0.0
12.253851,2,0,0.272488,0.272488,0.2750,-0.00251,0,0,0,+0.00000,+0.00000,0.00000,0.00,0,+0.000,+0.00000,-77.334,-0.37303,-10.00,+0.05000,0,+0.00000,+0.00000,0.00000,-3.229,1,197.1,0.0
12.258814,2,0,0.272496,0.272496,0.2750,-0.00250,0,0,0,+0.00000,+0.00000,0.00000,0.00,0,+0.000,+0.00000,-77.541,-0.37303,-10.00,+0.05000,0,+0.00000,+0.00000,0.00000,-3.282,1,197.1,0.0
12.263798,2,0,0.272504,0.272504,0.2750,-0.00250,0,0,0,+0.00000,+0.00000,0.00000,0.00,0,+0.000,+0.00000,-77.704,-0.37303,-10.00,+0.05000,0,+0.00000,+0.00000,0.00000,-3.324,1,197.1,0.0
12.268298,2,0,0.272512,0.272512,0.2750,-0.00249,0,0,0,+0.00000,+0.00000,0.00000,0.00,0,+0.000,+0.00000,-77.704,-0.37303,-10.00,+0.05000,0,+0.00000,+0.00000,0.00000,-3.324,1,197.1,0.0
12.273366,2,0,0.272520,0.272520,0.2750,-0.00248,0,0,0,+0.00000,+0.00000,0.00000,0.00,0,+0.000,+0.00000,-77.889,-0.37303,-10.00,+0.05000,0,+0.00000,+0.00000,0.00000,-3.374,1,197.1,0.0
12.277850,2,0,0.272528,0.272528,0.2750,-0.00247,0,0,0,+0.00000,+0.00000,0.00000,0.00,0,+0.000,+0.00000,-77.889,-0.37303,-10.00,+0.05000,0,+0.00000,+0.00000,0.00000,-3.374,1,197.1,0.0
12.282073,2,0,0.272535,0.272535,0.2750,-0.00247,0,0,0,+0.00000,+0.00000,0.00000,0.00,0,+0.000,+0.00000,-78.076,-0.37303,-10.00,+0.05000,0,+0.00000,+0.00000,0.00000,-3.426,1,197.1,0.0
12.286799,2,0,0.272542,0.272542,0.2750,-0.00246,0,0,0,+0.00000,+0.00000,0.00000,0.00,0,+0.000,+0.00000,-78.076,-0.37303,-10.00,+0.05000,0,+0.00000,+0.00000,0.00000,-3.426,1,197.1,0.0
12.291488,2,0,0.272550,0.272550,0.2750,-0.00245,0,0,0,+0.00000,+0.00000,0.00000,0.00,0,+0.000,+0.00000,-78.253,-0.37303,-10.00,+0.05000,0,+0.00000,+0.00000,0.00000,-3.477,1,197.1,0.0
12.296233,2,0,0.272558,0.272558,0.2750,-0.00244,0,0,0,+0.00000,+0.00000,0.00000,0.00,0,+0.000,+0.00000,-78.253,-0.37303,-10.00,+0.05000,0,+0.00000,+0.00000,0.00000,-3.477,1,197.1,0.0
12.300948,2,0,0.272565,0.272565,0.2750,-0.00243,0,0,0,+0.00000,+0.00000,0.00000,0.00,0,+0.000,+0.00000,-78.442,-0.37303,-10.00,+0.05000,0,+0.00000,+0.00000,0.00000,-3.533,1,197.1,0.0
12.305366,2,0,0.272573,0.272573,0.2750,-0.00243,0,0,0,+0.00000,+0.00000,0.00000,0.00,0,+0.000,+0.00000,-78.442,-0.37303,-10.00,+0.05000,0,+0.00000,+0.00000,0.00000,-3.533,1,197.1,0.0
12.309952,2,0,0.272580,0.272580,0.2750,-0.00242,0,0,0,+0.00000,+0.00000,0.00000,0.00,0,+0.000,+0.00000,-78.638,-0.37303,-10.00,+0.05000,0,+0.00000,+0.00000,0.00000,-3.593,1,197.1,0.0
12.315996,2,0,0.272590,0.272590,0.2750,-0.00241,0,0,0,+0.00000,+0.00000,0.00000,0.00,0,+0.000,+0.00000,-78.842,-0.37303,-10.00,+0.05000,0,+0.00000,+0.00000,0.00000,-3.657,1,197.1,0.0
12.320734,2,0,0.272597,0.272597,0.2750,-0.00240,0,0,0,+0.00000,+0.00000,0.00000,0.00,0,+0.000,+0.00000,-78.842,-0.37303,-10.00,+0.05000,0,+0.00000,+0.00000,0.00000,-3.657,1,197.1,0.0
12.325742,2,0,0.272605,0.272605,0.2750,-0.00239,0,0,0,+0.00000,+0.00000,0.00000,0.00,0,+0.000,+0.00000,-79.011,-0.37303,-10.00,+0.05000,0,+0.00000,+0.00000,0.00000,-3.713,1,197.1,0.0
12.330850,2,0,0.272614,0.272614,0.2750,-0.00239,0,0,0,+0.00000,+0.00000,0.00000,0.00,0,+0.000,+0.00000,-79.011,-0.37303,-10.00,+0.05000,0,+0.00000,+0.00000,0.00000,-3.713,1,197.1,0.0
12.335505,2,0,0.272621,0.272621,0.2750,-0.00238,0,0,0,+0.00000,+0.00000,0.00000,0.00,0,+0.000,+0.00000,-79.247,-0.37303,-10.00,+0.05000,0,+0.00000,+0.00000,0.00000,-3.793,1,197.1,0.0
12.340156,2,0,0.272628,0.272628,0.2750,-0.00237,0,0,0,+0.00000,+0.00000,0.00000,0.00,0,+0.000,+0.00000,-79.247,-0.37303,-10.00,+0.05000,0,+0.00000,+0.00000,0.00000,-3.793,1,197.1,0.0
12.344584,2,0,0.272635,0.272635,0.2750,-0.00236,0,0,0,+0.00000,+0.00000,0.00000,0.00,0,+0.000,+0.00000,-79.383,-0.37303,-10.00,+0.05000,0,+0.00000,+0.00000,0.00000,-3.841,1,197.1,0.0
12.352121,2,0,0.272647,0.272647,0.2750,-0.00235,0,0,0,+0.00000,+0.00000,0.00000,0.00,0,+0.000,+0.00000,-79.383,-0.37303,-10.00,+0.05000,0,+0.00000,+0.00000,0.00000,-3.841,1,197.1,0.0
12.356731,2,0,0.272654,0.272654,0.2750,-0.00235,0,0,0,+0.00000,+0.00000,0.00000,0.00,0,+0.000,+0.00000,-79.636,-0.37303,-10.00,+0.05000,0,+0.00000,+0.00000,0.00000,-3.933,1,197.1,0.0
12.361472,2,0,0.272662,0.272662,0.2750,-0.00234,0,0,0,+0.00000,+0.00000,0.00000,0.00,0,+0.000,+0.00000,-79.636,-0.37303,-10.00,+0.05000,0,+0.00000,+0.00000,0.00000,-3.933,1,197.1,0.0
12.366059,2,0,0.272669,0.272669,0.2750,-0.00233,0,0,0,+0.00000,+0.00000,0.00000,0.00,0,+0.000,+0.00000,-79.850,-0.37303,-10.00,+0.05000,0,+0.00000,+0.00000,0.00000,-4.015,1,197.1,0.0
12.370592,2,0,0.272676,0.272676,0.2750,-0.00232,0,0,0,+0.00000,+0.00000,0.00000,0.00,0,+0.000,+0.00000,-79.850,-0.37303,-10.00,+0.05000,0,+0.00000,+0.00000,0.00000,-4.015,1,197.1,0.0
12.375270,2,0,0.272683,0.272683,0.2750,-0.00232,0,0,0,+0.00000,+0.00000,0.00000,0.00,0,+0.000,+0.00000,-80.028,-0.37303,-10.00,+0.05000,0,+0.00000,+0.00000,0.00000,-4.086,1,197.1,0.0
12.381293,2,0,0.272692,0.272692,0.2750,-0.00231,0,0,0,+0.00000,+0.00000,0.00000,0.00,0,+0.000,+0.00000,-80.028,-0.37303,-10.00,+0.05000,0,+0.00000,+0.00000,0.00000,-4.086,1,197.1,0.0
12.387240,2,0,0.272702,0.272702,0.2750,-0.00230,0,0,0,+0.00000,+0.00000,0.00000,0.00,0,+0.000,+0.00000,-80.255,-0.37303,-10.00,+0.05000,0,+0.00000,+0.00000,0.00000,-4.180,1,197.1,0.0
12.392026,2,0,0.272709,0.272709,0.2750,-0.00229,0,0,0,+0.00000,+0.00000,0.00000,0.00,0,+0.000,+0.00000,-80.381,-0.37303,-10.00,+0.05000,0,+0.00000,+0.00000,0.00000,-4.233,1,197.1,0.0
12.397042,2,0,0.272717,0.272717,0.2750,-0.00228,0,0,0,+0.00000,+0.00000,0.00000,0.00,0,+0.000,+0.00000,-80.381,-0.37303,-10.00,+0.05000,0,+0.00000,+0.00000,0.00000,-4.233,1,197.1,0.0
12.402457,2,0,0.272725,0.272725,0.2750,-0.00228,0,0,0,+0.00000,+0.00000,0.00000,0.00,0,+0.000,+0.00000,-80.591,-0.37303,-10.00,+0.05000,0,+0.00000,+0.00000,0.00000,-4.327,1,197.1,0.0
12.406738,2,0,0.272731,0.272731,0.2750,-0.00227,0,0,0,+0.00000,+0.00000,0.00000,0.00,0,+0.000,+0.00000,-80.760,-0.37303,-10.00,+0.05000,0,+0.00000,+0.00000,0.00000,-4.405,1,197.1,0.0
12.413170,2,0,0.272741,0.272741,0.2750,-0.00226,0,0,0,+0.00000,+0.00000,0.00000,0.00,0,+0.000,+0.00000,-80.760,-0.37303,-10.00,+0.05000,0,+0.00000,+0.00000,0.00000,-4.405,1,197.1,0.0
12.419525,2,0,0.272750,0.272750,0.2750,-0.00225,0,0,0,+0.00000,+0.00000,0.00000,0.00,0,+0.000,+0.00000,-80.942,-0.37303,-10.00,+0.05000,0,+0.00000,+0.00000,0.00000,-4.492,1,197.1,0.0
12.424252,2,0,0.272758,0.272758,0.2750,-0.00224,0,0,0,+0.00000,+0.00000,0.00000,0.00,0,+0.000,+0.00000,-81.149,-0.37303,-10.00,+0.05000,0,+0.00000,+0.00000,0.00000,-4.596,1,197.1,0.0
12.429047,2,0,0.272765,0.272765,0.2750,-0.00224,0,0,0,+0.00000,+0.00000,0.00000,0.00,0,+0.000,+0.00000,-81.149,-0.37303,-10.00,+0.05000,0,+0.00000,+0.00000,0.00000,-4.596,1,197.1,0.0
12.433565,2,0,0.272771,0.272771,0.2750,-0.00223,0,0,0,+0.00000,+0.00000,0.00000,0.00,0,+0.000,+0.00000,-81.290,-0.37303,-10.00,+0.05000,0,+0.00000,+0.00000,0.00000,-4.670,1,197.1,0.0
12.440865,2,0,0.272782,0.272782,0.2750,-0.00222,0,0,0,+0.00000,+0.00000,0.00000,0.00,0,+0.000,+0.00000,-81.290,-0.37303,-10.00,+0.05000,0,+0.00000,+0.00000,0.00000,-4.670,1,197.1,0.0
12.445441,2,0,0.272789,0.272789,0.2750,-0.00221,0,0,0,+0.00000,+0.00000,0.00000,0.00,0,+0.000,+0.00000,-81.604,-0.37303,-10.00,+0.05000,0,+0.00000,+0.00000,0.00000,-4.842,1,197.1,0.0
12.450521,2,0,0.272797,0.272797,0.2750,-0.00220,0,0,0,+0.00000,+0.00000,0.00000,0.00,0,+0.000,+0.00000,-81.714,-0.37303,-10.00,+0.05000,0,+0.00000,+0.00000,0.00000,-4.905,1,197.1,0.0
12.455229,2,0,0.272803,0.272803,0.2750,-0.00220,0,0,0,+0.00000,+0.00000,0.00000,0.00,0,+0.000,+0.00000,-81.714,-0.37303,-10.00,+0.05000,0,+0.00000,+0.00000,0.00000,-4.905,1,197.1,0.0
12.459828,2,0,0.272810,0.272810,0.2750,-0.00219,0,0,0,+0.00000,+0.00000,0.00000,0.00,0,+0.000,+0.00000,-81.840,-0.37303,-10.00,+0.05000,0,+0.00000,+0.00000,0.00000,-4.980,1,197.1,0.0
12.464284,2,0,0.272817,0.272817,0.2750,-0.00218,0,0,0,+0.00000,+0.00000,0.00000,0.00,0,+0.000,+0.00000,-81.840,-0.37303,-10.00,+0.05000,0,+0.00000,+0.00000,0.00000,-4.980,1,197.1,0.0
12.469104,2,0,0.272824,0.272824,0.2750,-0.00218,0,0,0,+0.00000,+0.00000,0.00000,0.00,0,+0.000,+0.00000,-82.033,-0.37303,-10.00,+0.05000,0,+0.00000,+0.00000,0.00000,-5.100,1,197.1,0.0
12.474027,2,0,0.272831,0.272831,0.2750,-0.00217,0,0,0,+0.00000,+0.00000,0.00000,0.00,0,+0.000,+0.00000,-82.220,-0.37303,-10.00,+0.05000,0,+0.00000,+0.00000,0.00000,-5.220,1,197.1,0.0
12.478687,2,0,0.272837,0.272837,0.2750,-0.00216,0,0,0,+0.00000,+0.00000,0.00000,0.00,0,+0.000,+0.00000,-82.220,-0.37303,-10.00,+0.05000,0,+0.00000,+0.00000,0.00000,-5.220,1,197.1,0.0
12.483829,2,0,0.272845,0.272845,0.2750,-0.00216,0,0,0,+0.00000,+0.00000,0.00000,0.00,0,+0.000,+0.00000,-82.220,-0.37303,-10.00,+0.05000,0,+0.00000,+0.00000,0.00000,-5.220,1,197.1,0.0
12.488731,2,0,0.272852,0.272852,0.2750,-0.00215,0,0,0,+0.00000,+0.00000,0.00000,0.00,0,+0.000,+0.00000,-82.450,-0.37303,-10.00,+0.05000,0,+0.00000,+0.00000,0.00000,-5.378,1,197.1,0.0
12.493444,2,0,0.272859,0.272859,0.2750,-0.00214,0,0,0,+0.00000,+0.00000,0.00000,0.00,0,+0.000,+0.00000,-82.450,-0.37303,-10.00,+0.05000,0,+0.00000,+0.00000,0.00000,-5.378,1,197.1,0.0
12.498069,2,0,0.272865,0.272865,0.2750,-0.00213,0,0,0,+0.00000,+0.00000,0.00000,0.00,0,+0.000,+0.00000,-82.653,-0.37303,-10.00,+0.05000,0,+0.00000,+0.00000,0.00000,-5.524,1,197.1,0.0
12.502910,2,0,0.272872,0.272872,0.2750,-0.00213,0,0,0,+0.00000,+0.00000,0.00000,0.00,0,+0.000,+0.00000,-82.810,-0.37303,-10.00,+0.05000,0,+0.00000,+0.00000,0.00000,-5.644,1,197.1,0.0
12.509234,2,0,0.272881,0.272881,0.2750,-0.00212,0,0,0,+0.00000,+0.00000,0.00000,0.00,0,+0.000,+0.00000,-82.810,-0.37303,-10.00,+0.05000,0,+0.00000,+0.00000,0.00000,-5.644,1,197.1,0.0
12.513810,2,0,0.272888,0.272888,0.2750,-0.00211,0,0,0,+0.00000,+0.00000,0.00000,0.00,0,+0.000,+0.00000,-83.008,-0.37303,-10.00,+0.05000,0,+0.00000,+0.00000,0.00000,-5.801,1,197.1,0.0
12.518927,2,0,0.272895,0.272895,0.2750,-0.00211,0,0,0,+0.00000,+0.00000,0.00000,0.00,0,+0.000,+0.00000,-83.175,-0.37303,-10.00,+0.05000,0,+0.00000,+0.00000,0.00000,-5.942,1,197.1,0.0
12.523524,2,0,0.272901,0.272901,0.2750,-0.00210,0,0,0,+0.00000,+0.00000,0.00000,0.00,0,+0.000,+0.00000,-83.175,-0.37303,-10.00,+0.05000,0,+0.00000,+0.00000,0.00000,-5.942,1,197.1,0.0
12.528311,2,0,0.272908,0.272908,0.2750,-0.00209,0,0,0,+0.00000,+0.00000,0.00000,0.00,0,+0.000,+0.00000,-83.346,-0.37303,-10.00,+0.05000,0,+0.00000,+0.00000,0.00000,-6.093,1,197.1,0.0
12.533116,2,0,0.272915,0.272915,0.2750,-0.00209,0,0,0,+0.00000,+0.00000,0.00000,0.00,0,+0.000,+0.00000,-83.346,-0.37303,-10.00,+0.05000,0,+0.00000,+0.00000,0.00000,-6.093,1,197.1,0.0
12.537473,2,0,0.272921,0.272921,0.2750,-0.00208,0,0,0,+0.00000,+0.00000,0.00000,0.00,0,+0.000,+0.00000,-83.519,-0.37303,-10.00,+0.05000,0,+0.00000,+0.00000,0.00000,-6.253,1,197.1,0.0
12.542407,2,0,0.272927,0.272927,0.2750,-0.00207,0,0,0,+0.00000,+0.00000,0.00000,0.00,0,+0.000,+0.00000,-83.519,-0.37303,-10.00,+0.05000,0,+0.00000,+0.00000,0.00000,-6.253,1,197.1,0.0
12.547174,2,0,0.272934,0.272934,0.2750,-0.00207,0,0,0,+0.00000,+0.00000,0.00000,0.00,0,+0.000,+0.00000,-83.705,-0.37303,-10.00,+0.05000,0,+0.00000,+0.00000,0.00000,-6.435,1,197.1,0.0
12.551746,2,0,0.272940,0.272940,0.2750,-0.00206,0,0,0,+0.00000,+0.00000,0.00000,0.00,0,+0.000,+0.00000,-83.705,-0.37303,-10.00,+0.05000,0,+0.00000,+0.00000,0.00000,-6.435,1,197.1,0.0
12.556719,2,0,0.272947,0.272947,0.2750,-0.00205,0,0,0,+0.00000,+0.00000,0.00000,0.00,0,+0.000,+0.00000,-83.914,-0.37303,-10.00,+0.05000,0,+0.00000,+0.00000,0.00000,-6.654,1,197.1,0.0
12.561347,2,0,0.272953,0.272953,0.2750,-0.00205,0,0,0,+0.00000,+0.00000,0.00000,0.00,0,+0.000,+0.00000,-84.067,-0.37303,-10.00,+0.05000,0,+0.00000,+0.00000,0.00000,-6.823,1,197.1,0.0
12.565604,2,0,0.272959,0.272959,0.2750,-0.00204,0,0,0,+0.00000,+0.00000,0.00000,0.00,0,+0.000,+0.00000,-84.067,-0.37303,-10.00,+0.05000,0,+0.00000,+0.00000,0.00000,-6.823,1,197.1,0.0
12.570248,2,0,0.272966,0.272966,0.2750,-0.00203,0,0,0,+0.00000,+0.00000,0.00000,0.00,0,+0.000,+0.00000,-84.255,-0.37303,-10.00,+0.05000,0,+0.00000,+0.00000,0.00000,-7.044,1,197.1,0.0
12.574802,2,0,0.272972,0.272972,0.2750,-0.00203,0,0,0,+0.00000,+0.00000,0.00000,0.00,0,+0.000,+0.00000,-84.255,-0.37303,-10.00,+0.05000,0,+0.00000,+0.00000,0.00000,-7.044,1,197.1,0.0
12.580883,2,0,0.272980,0.272980,0.2750,-0.00202,0,0,0,+0.00000,+0.00000,0.00000,0.00,0,+0.000,+0.00000,-84.504,-0.37303,-10.00,+0.05000,0,+0.00000,+0.00000,0.00000,-7.358,1,197.1,0.0
12.585860,2,0,0.272987,0.272987,0.2750,-0.00201,0,0,0,+0.00000,+0.00000,0.00000,0.00,0,+0.000,+0.00000,-84.504,-0.37303,-10.00,+0.05000,0,+0.00000,+0.00000,0.00000,-7.358,1,197.1,0.0
12.590514,2,0,0.272993,0.272993,0.2750,-0.00201,0,0,0,+0.00000,+0.00000,0.00000,0.00,0,+0.000,+0.00000,-84.637,-0.37303,-10.00,+0.05000,0,+0.00000,+0.00000,0.00000,-7.537,1,197.1,0.0
12.595576,2,0,0.273000,0.273000,0.2750,-0.00200,0,0,0,+0.00000,+0.00000,0.00000,0.00,0,+0.000,+0.00000,-84.637,-0.37303,-10.00,+0.05000,0,+0.00000,+0.00000,0.00000,-7.537,1,197.1,0.0
12.600245,2,0,0.273006,0.273006,0.2750,-0.00199,0,0,0,+0.00000,+0.00000,0.00000,0.00,0,+0.000,+0.00000,-84.887,-0.37303,-10.00,+0.05000,0,+0.00000,+0.00000,0.00000,-7.901,1,197.1,0.0
12.604921,2,0,0.273012,0.273012,0.2750,-0.00199,0,0,0,+0.00000,+0.00000,0.00000,0.00,0,+0.000,+0.00000,-84.887,-0.37303,-10.00,+0.05000,0,+0.00000,+0.00000,0.00000,-7.901,1,197.1,0.0
12.609972,2,0,0.273019,0.273019,0.2750,-0.00198,0,0,0,+0.00000,+0.00000,0.00000,0.00,0,+0.000,+0.00000,-85.063,-0.37303,-10.00,+0.05000,0,+0.00000,+0.00000,0.00000,-8.178,1,197.1,0.0
12.615688,2,0,0.273026,0.273026,0.2750,-0.00197,0,0,0,+0.00000,+0.00000,0.00000,0.00,0,+0.000,+0.00000,-85.063,-0.37303,-10.00,+0.05000,0,+0.00000,+0.00000,0.00000,-8.178,1,197.1,0.0
12.620648,2,0,0.273033,0.273033,0.2750,-0.00197,0,0,0,+0.00000,+0.00000,0.00000,0.00,0,+0.000,+0.00000,-85.286,-0.37303,-10.00,+0.05000,0,+0.00000,+0.00000,0.00000,-8.558,1,197.1,0.0
12.626539,2,0,0.273040,0.273040,0.2750,-0.00196,0,0,0,+0.00000,+0.00000,0.00000,0.00,0,+0.000,+0.00000,-85.478,-0.37303,-10.00,+0.05000,0,+0.00000,+0.00000,0.00000,-8.915,1,197.1,0.0
12.631122,2,0,0.273046,0.273046,0.2750,-0.00195,0,0,0,+0.00000,+0.00000,0.00000,0.00,0,+0.000,+0.00000,-85.478,-0.37303,-10.00,+0.05000,0,+0.00000,+0.00000,0.00000,-8.915,1,197.1,0.0
12.635617,2,0,0.273052,0.273052,0.2750,-0.00195,0,0,0,+0.00000,+0.00000,0.00000,0.00,0,+0.000,+0.00000,-85.633,-0.37303,-10.00,+0.05000,0,+0.00000,+0.00000,0.00000,-9.225,1,197.1,0.0
12.640175,2,0,0.273058,0.273058,0.2750,-0.00194,0,0,0,+0.00000,+0.00000,0.00000,0.00,0,+0.000,+0.00000,-85.633,-0.37303,-10.00,+0.05000,0,+0.00000,+0.00000,0.00000,-9.225,1,197.1,0.0
12.647299,2,0,0.273067,0.273067,0.2750,-0.00193,0,0,0,+0.00000,+0.00000,0.00000,0.00,0,+0.000,+0.00000,-85.831,-0.37303,-10.00,+0.05000,0,+0.00000,+0.00000,0.00000,-9.655,1,197.1,0.0
12.652324,2,0,0.273074,0.273074,0.2750,-0.00193,0,0,0,+0.00000,+0.00000,0.00000,0.00,0,+0.000,+0.00000,-86.003,-0.37303,-10.00,+0.05000,0,+0.00000,+0.00000,0.00000,-10.062,1,197.1,0.0
12.656849,2,0,0.273080,0.273080,0.2750,-0.00192,0,0,0,+0.00000,+0.00000,0.00000,0.00,0,+0.000,+0.00000,-86.003,-0.37303,-10.00,+0.05000,0,+0.00000,+0.00000,0.00000,-10.062,1,197.1,0.0
12.661355,2,0,0.273085,0.273085,0.2750,-0.00191,0,0,0,+0.00000,+0.00000,0.00000,0.00,0,+0.000,+0.00000,-86.214,-0.37303,-10.00,+0.05000,0,+0.00000,+0.00000,0.00000,-10.608,1,197.1,0.0
12.665860,2,0,0.273091,0.273091,0.2750,-0.00191,0,0,0,+0.00000,+0.00000,0.00000,0.00,0,+0.000,+0.00000,-86.214,-0.37303,-10.00,+0.05000,0,+0.00000,+0.00000,0.00000,-10.608,1,197.1,0.0
12.670507,2,0,0.273097,0.273097,0.2750,-0.00190,0,0,0,+0.00000,+0.00000,0.00000,0.00,0,+0.000,+0.00000,-86.368,-0.37303,-10.00,+0.05000,0,+0.00000,+0.00000,0.00000,-11.046,1,197.1,0.0
12.675038,2,0,0.273103,0.273103,0.2750,-0.00190,0,0,0,+0.00000,+0.00000,0.00000,0.00,0,+0.000,+0.00000,-86.368,-0.37303,-10.00,+0.05000,0,+0.00000,+0.00000,0.00000,-11.046,1,197.1,0.0
12.680303,2,0,0.273109,0.273109,0.2750,-0.00189,0,0,0,+0.00000,+0.00000,0.00000,0.00,0,+0.000,+0.00000,-86.540,-0.37303,-10.00,+0.05000,0,+0.00000,+0.00000,0.00000,-11.581,1,197.1,0.0
12.684773,2,0,0.273115,0.273115,0.2750,-0.00188,0,0,0,+0.00000,+0.00000,0.00000,0.00,0,+0.000,+0.00000,-86.724,-0.37303,-10.00,+0.05000,0,+0.00000,+0.00000,0.00000,-12.212,1,197.1,0.0
12.689986,2,0,0.273122,0.273122,0.2750,-0.00188,0,0,0,+0.00000,+0.00000,0.00000,0.00,0,+0.000,+0.00000,-86.724,-0.37303,-10.00,+0.05000,0,+0.00000,+0.00000,0.00000,-12.212,1,197.1,0.0
12.694618,2,0,0.273127,0.273127,0.2750,-0.00187,0,0,0,+0.00000,+0.00000,0.00000,0.00,0,+0.000,+0.00000,-86.935,-0.37303,-10.00,+0.05000,0,+0.00000,+0.00000,0.00000,-13.024,1,197.1,0.0
12.699211,2,0,0.273133,0.273133,0.2750,-0.00187,0,0,0,+0.00000,+0.00000,0.00000,0.00,0,+0.000,+0.00000,-86.935,-0.37303,-10.00,+0.05000,0,+0.00000,+0.00000,0.00000,-13.024,1,197.1,0.0
12.703691,2,0,0.273139,0.273139,0.2750,-0.00186,0,0,0,+0.00000,+0.00000,0.00000,0.00,0,+0.000,+0.00000,-87.118,-0.37303,-10.00,+0.05000,0,+0.00000,+0.00000,0.00000,-13.819,1,197.1,0.0
12.708566,2,0,0.273145,0.273145,0.2750,-0.00186,0,0,0,+0.00000,+0.00000,0.00000,0.00,0,+0.000,+0.00000,-87.118,-0.37303,-10.00,+0.05000,0,+0.00000,+0.00000,0.00000,-13.819,1,197.1,0.0
12.713295,2,0,0.273151,0.273151,0.2750,-0.00185,0,0,0,+0.00000,+0.00000,0.00000,0.00,0,+0.000,+0.00000,-87.325,-0.37303,-10.00,+0.05000,0,+0.00000,+0.00000,0.00000,-14.841,1,197.1,0.0
12.717873,2,0,0.273156,0.273156,0.2750,-0.00184,0,0,0,+0.00000,+0.00000,0.00000,0.00,0,+0.000,+0.00000,-87.325,-0.37303,-10.00,+0.05000,0,+0.00000,+0.00000,0.00000,-14.841,1,197.1,0.0
12.722816,2,0,0.273162,0.273162,0.2750,-0.00184,0,0,0,+0.00000,+0.00000,0.00000,0.00,0,+0.000,+0.00000,-87.468,-0.37303,-10.00,+0.05000,0,+0.00000,+0.00000,0.00000,-15.639,1,197.1,0.0
12.727551,2,0,0.273168,0.273168,0.2750,-0.00183,0,0,0,+0.00000,+0.00000,0.00000,0.00,0,+0.000,+0.00000,-87.468,-0.37303,-10.00,+0.05000,0,+0.00000,+0.00000,0.00000,-15.639,1,197.1,0.0
12.732358,2,0,0.273174,0.273174,0.2750,-0.00183,0,0,0,+0.00000,+0.00000,0.00000,0.00,0,+0.000,+0.00000,-87.652,-0.37303,-10.00,+0.05000,0,+0.00000,+0.00000,0.00000,-16.797,1,197.1,0.0
12.737052,2,0,0.273180,0.273180,0.2750,-0.00182,0,0,0,+0.00000,+0.00000,0.00000,0.00,0,+0.000,+0.00000,-87.652,-0.37303,-10.00,+0.05000,0,+0.00000,+0.00000,0.00000,-16.797,1,197.1,0.0
12.742013,2,0,0.273186,0.273186,0.2750,-0.00181,0,0,0,+0.00000,+0.00000,0.00000,0.00,0,+0.000,+0.00000,-87.856,-0.37303,-10.00,+0.05000,0,+0.00000,+0.00000,0.00000,-18.294,1,197.1,0.0
12.746417,2,0,0.273191,0.273191,0.2750,-0.00181,0,0,0,+0.00000,+0.00000,0.00000,0.00,0,+0.000,+0.00000,-87.856,-0.37303,-10.00,+0.05000,0,+0.00000,+0.00000,0.00000,-18.294,1,197.1,0.0
12.750785,2,0,0.273196,0.273196,0.2750,-0.00180,0,0,0,+0.00000,+0.00000,0.00000,0.00,0,+0.000,+0.00000,-88.066,-0.37303,-10.00,+0.05000,0,+0.00000,+0.00000,0.00000,-20.126,1,197.1,0.0
12.758410,2,0,0.273205,0.273205,0.2750,-0.00179,0,0,0,+0.00000,+0.00000,0.00000,0.00,0,+0.000,+0.00000,-88.296,-0.37303,-10.00,+0.05000,0,+0.00000,+0.00000,0.00000,-22.577,1,197.1,0.0
12.763155,2,0,0.273211,0.273211,0.2750,-0.00179,0,0,0,+0.00000,+0.00000,0.00000,0.00,0,+0.000,+0.00000,-88.399,-0.37303,-10.00,+0.05000,0,+0.00000,+0.00000,0.00000,-23.878,1,197.1,0.0
12.767895,2,0,0.273217,0.273217,0.2750,-0.00178,0,0,0,+0.00000,+0.00000,0.00000,0.00,0,+0.000,+0.00000,-88.399,-0.37303,-10.00,+0.05000,0,+0.00000,+0.00000,0.00000,-23.878,1,197.1,0.0
12.772253,2,0,0.273222,0.273222,0.2750,-0.00178,0,0,0,+0.00000,+0.00000,0.00000,0.00,0,+0.000,+0.00000,-88.584,-0.37303,-10.00,+0.05000,0,+0.00000,+0.00000,0.00000,-26.586,1,197.1,0.0
12.777197,2,0,0.273228,0.273228,0.2750,-0.00177,0,0,0,+0.00000,+0.00000,0.00000,0.00,0,+0.000,+0.00000,-88.584,-0.37303,-10.00,+0.05000,0,+0.00000,+0.00000,0.00000,-26.586,1,197.1,0.0
12.781543,2,0,0.273233,0.273233,0.2750,-0.00177,0,0,0,+0.00000,+0.00000,0.00000,0.00,0,+0.000,+0.00000,-88.761,-0.37303,-10.00,+0.05000,0,+0.00000,+0.00000,0.00000,-29.773,1,197.1,0.0
12.789014,2,0,0.273242,0.273242,0.2750,-0.00176,0,0,0,+0.00000,+0.00000,0.00000,0.00,0,+0.000,+0.00000,-88.761,-0.37303,-10.00,+0.05000,0,+0.00000,+0.00000,0.00000,-29.773,1,197.1,0.0
12.793655,2,0,0.273247,0.273247,0.2750,-0.00175,0,0,0,+0.00000,+0.00000,0.00000,0.00,0,+0.000,+0.00000,-88.987,-0.37303,-10.00,+0.05000,0,+0.00000,+0.00000,0.00000,-34.969,1,197.1,0.0
12.801158,2,0,0.273256,0.273256,0.2750,-0.00174,0,0,0,+0.00000,+0.00000,0.00000,0.00,0,+0.000,+0.00000,-89.202,-0.37303,-10.00,+0.05000,0,+0.00000,+0.00000,0.00000,-41.591,1,197.1,0.0
12.806228,2,0,0.273262,0.273262,0.2750,-0.00174,0,0,0,+0.00000,+0.00000,0.00000,0.00,0,+0.000,+0.00000,-89.202,-0.37303,-10.00,+0.05000,0,+0.00000,+0.00000,0.00000,-41.591,1,197.1,0.0
12.812932,2,0,0.273269,0.273269,0.2750,-0.00173,0,0,0,+0.00000,+0.00000,0.00000,0.00,0,+0.000,+0.00000,-89.373,-0.37303,-10.00,+0.05000,0,+0.00000,+0.00000,0.00000,-48.486,1,197.1,0.0
12.821775,2,0,0.273280,0.273280,0.2750,-0.00172,0,0,0,+0.00000,+0.00000,0.00000,0.00,0,+0.000,+0.00000,-89.570,-0.37303,-10.00,+0.05000,0,+0.00000,+0.00000,0.00000,-58.750,1,197.1,0.0
12.826365,2,0,0.273285,0.273285,0.2750,-0.00172,0,0,0,+0.00000,+0.00000,0.00000,0.00,0,+0.000,+0.00000,-89.732,-0.37303,-10.00,+0.05000,0,+0.00000,+0.00000,0.00000,-69.315,1,197.1,0.0
12.830935,2,0,0.273290,0.273290,0.2750,-0.00171,0,0,0,+0.00000,+0.00000,0.00000,0.00,0,+0.000,+0.00000,-89.732,-0.37303,-10.00,+0.05000,0,+0.00000,+0.00000,0.00000,-69.315,1,197.1,0.0
12.835964,2,0,0.273296,0.273296,0.2750,-0.00170,0,0,0,+0.00000,+0.00000,0.00000,0.00,0,+0.000,+0.00000,-89.905,-0.37303,-10.00,+0.05000,0,+0.00000,+0.00000,0.00000,-82.330,1,197.1,0.0
12.840765,2,0,0.273301,0.273301,0.2750,-0.00170,0,0,0,+0.00000,+0.00000,0.00000,0.00,0,+0.000,+0.00000,-90.051,-0.37303,-10.00,+0.05000,0,+0.00000,+0.00000,0.00000,-94.125,1,197.1,0.0
12.845426,2,0,0.273307,0.273307,0.2750,-0.00169,0,0,0,+0.00000,+0.00000,0.00000,0.00,0,+0.000,+0.00000,-90.051,-0.37303,-10.00,+0.05000,0,+0.00000,+0.00000,0.00000,-94.125,1,197.1,0.0
12.850070,2,0,0.273312,0.273312,0.2750,-0.00169,0,0,0,+0.00000,+0.00000,0.00000,0.00,0,+0.000,+0.00000,-90.051,-0.37303,-10.00,+0.05000,0,+0.00000,+0.00000,0.00000,-94.125,1,197.1,0.0
12.855176,2,0,0.273318,0.273318,0.2750,-0.00168,0,0,0,+0.00000,+0.00000,0.00000,0.00,0,+0.000,+0.00000,-90.277,-0.37303,-10.00,+0.05000,0,+0.00000,+0.00000,0.00000,-111.343,1,197.1,0.0
12.860019,2,0,0.273323,0.273323,0.2750,-0.00168,0,0,0,+0.00000,+0.00000,0.00000,0.00,0,+0.000,+0.00000,-90.277,-0.37303,-10.00,+0.05000,0,+0.00000,+0.00000,0.00000,-111.343,1,197.1,0.0
12.865550,2,0,0.273329,0.273329,0.2750,-0.00167,0,0,0,+0.00000,+0.00000,0.00000,0.00,0,+0.000,+0.00000,-90.488,-0.37303,-10.00,+0.05000,0,+0.00000,+0.00000,0.00000,-124.546,1,197.1,0.0
12.870316,2,0,0.273334,0.273334,0.2750,-0.00167,0,0,0,+0.00000,+0.00000,0.00000,0.00,0,+0.000,+0.00000,-90.672,-0.37303,-10.00,+0.05000,0,+0.00000,+0.00000,0.00000,-133.506,1,197.1,0.0
12.875012,2,0,0.273340,0.273340,0.2750,-0.00166,0,0,0,+0.00000,+0.00000,0.00000,0.00,0,+0.000,+0.00000,-90.672,-0.37303,-10.00,+0.05000,0,+0.00000,+0.00000,0.00000,-133.506,1,197.1,0.0
12.880931,2,0,0.273346,0.273346,0.2750,-0.00165,0,0,0,+0.00000,+0.00000,0.00000,0.00,0,+0.000,+0.00000,-90.833,-0.37303,-10.00,+0.05000,0,+0.00000,+0.00000,0.00000,-139.629,1,197.1,0.0
12.885590,2,0,0.273351,0.273351,0.2750,-0.00165,0,0,0,+0.00000,+0.00000,0.00000,0.00,0,+0.000,+0.00000,-90.833,-0.37303,-10.00,+0.05000,0,+0.00000,+0.00000,0.00000,-139.629,1,197.1,0.0
12.890398,2,0,0.273357,0.273357,0.2750,-0.00164,0,0,0,+0.00000,+0.00000,0.00000,0.00,0,+0.000,+0.00000,-91.038,-0.37303,-10.00,+0.05000,0,+0.00000,+0.00000,0.00000,-145.696,1,197.1,0.0
12.896603,2,0,0.273363,0.273363,0.2750,-0.00164,0,0,0,+0.00000,+0.00000,0.00000,0.00,0,+0.000,+0.00000,-91.038,-0.37303,-10.00,+0.05000,0,+0.00000,+0.00000,0.00000,-145.696,1,197.1,0.0
12.903110,2,0,0.273370,0.273370,0.2750,-0.00163,0,0,0,+0.00000,+0.00000,0.00000,0.00,0,+0.000,+0.00000,-91.298,-0.37303,-10.00,+0.05000,0,+0.00000,+0.00000,0.00000,-151.372,1,197.1,0.0
12.908084,2,0,0.273376,0.273376,0.2750,-0.00162,0,0,0,+0.00000,+0.00000,0.00000,0.00,0,+0.000,+0.00000,-91.473,-0.37303,-10.00,+0.05000,0,+0.00000,+0.00000,0.00000,-154.315,1,197.1,0.0
12.915418,2,0,0.273384,0.273384,0.2750,-0.00162,0,0,0,+0.00000,+0.00000,0.00000,0.00,0,+0.000,+0.00000,-91.473,-0.37303,-10.00,+0.05000,0,+0.00000,+0.00000,0.00000,-154.315,1,197.1,0.0
12.922028,2,0,0.273391,0.273391,0.2750,-0.00161,0,0,0,+0.00000,+0.00000,0.00000,0.00,0,+0.000,+0.00000,-91.690,-0.37303,-10.00,+0.05000,0,+0.00000,+0.00000,0.00000,-157.248,1,197.1,0.0
12.929289,2,0,0.273399,0.273399,0.2750,-0.00160,0,0,0,+0.00000,+0.00000,0.00000,0.00,0,+0.000,+0.00000,-91.887,-0.37303,-10.00,+0.05000,0,+0.00000,+0.00000,0.00000,-159.418,1,197.1,0.0
12.934835,2,0,0.273405,0.273405,0.2750,-0.00160,0,0,0,+0.00000,+0.00000,0.00000,0.00,0,+0.000,+0.00000,-92.067,-0.37303,-10.00,+0.05000,0,+0.00000,+0.00000,0.00000,-161.078,1,197.1,0.0
12.939556,2,0,0.273410,0.273410,0.2750,-0.00159,0,0,0,+0.00000,+0.00000,0.00000,0.00,0,+0.000,+0.00000,-92.067,-0.37303,-10.00,+0.05000,0,+0.00000,+0.00000,0.00000,-161.078,1,197.1,0.0
12.944090,2,0,0.273414,0.273414,0.2750,-0.00159,0,0,0,+0.00000,+0.00000,0.00000,0.00,0,+0.000,+0.00000,-92.265,-0.37303,-10.00,+0.05000,0,+0.00000,+0.00000,0.00000,-162.627,1,197.1,0.0
12.948685,2,0,0.273419,0.273419,0.2750,-0.00158,0,0,0,+0.00000,+0.00000,0.00000,0.00,0,+0.000,+0.00000,-92.265,-0.37303,-10.00,+0.05000,0,+0.00000,+0.00000,0.00000,-162.627,1,197.1,0.0
12.953468,2,0,0.273424,0.273424,0.2750,-0.00158,0,0,0,+0.00000,+0.00000,0.00000,0.00,0,+0.000,+0.00000,-92.401,-0.37303,-10.00,+0.05000,0,+0.00000,+0.00000,0.00000,-163.553,1,197.1,0.0
12.958748,2,0,0.273430,0.273430,0.2750,-0.00157,0,0,0,+0.00000,+0.00000,0.00000,0.00,0,+0.000,+0.00000,-92.401,-0.37303,-10.00,+0.05000,0,+0.00000,+0.00000,0.00000,-163.553,1,197.1,0.0
12.963520,2,0,0.273435,0.273435,0.2750,-0.00157,0,0,0,+0.00000,+0.00000,0.00000,0.00,0,+0.000,+0.00000,-92.603,-0.37303,-10.00,+0.05000,0,+0.00000,+0.00000,0.00000,-164.769,1,197.1,0.0
12.968125,2,0,0.273440,0.273440,0.2750,-0.00156,0,0,0,+0.00000,+0.00000,0.00000,0.00,0,+0.000,+0.00000,-92.603,-0.37303,-10.00,+0.05000,0,+0.00000,+0.00000,0.00000,-164.769,1,197.1,0.0
12.974388,2,0,0.273446,0.273446,0.2750,-0.00155,0,0,0,+0.00000,+0.00000,0.00000,0.00,0,+0.000,+0.00000,-92.603,-0.37303,-10.00,+0.05000,0,+0.00000,+0.00000,0.00000,-164.769,1,197.1,0.0
12.978894,2,0,0.273451,0.273451,0.2750,-0.00155,0,0,0,+0.00000,+0.00000,0.00000,0.00,0,+0.000,+0.00000,-92.964,-0.37303,-10.00,+0.05000,0,+0.00000,+0.00000,0.00000,-166.551,1,197.1,0.0
12.983352,2,0,0.273455,0.273455,0.2750,-0.00154,0,0,0,+0.00000,+0.00000,0.00000,0.00,0,+0.000,+0.00000,-92.964,-0.37303,-10.00,+0.05000,0,+0.00000,+0.00000,0.00000,-166.551,1,197.1,0.0
12.987955,2,0,0.273460,0.273460,0.2750,-0.00154,0,0,0,+0.00000,+0.00000,0.00000,0.00,0,+0.000,+0.00000,-93.150,-0.37303,-10.00,+0.05000,0,+0.00000,+0.00000,0.00000,-167.319,1,197.1,0.0
12.992553,2,0,0.273465,0.273465,0.2750,-0.00154,0,0,0,+0.00000,+0.00000,0.00000,0.00,0,+0.000,+0.00000,-93.150,-0.37303,-10.00,+0.05000,0,+0.00000,+0.00000,0.00000,-167.319,1,197.1,0.0
12.998786,2,0,0.273471,0.273471,0.2750,-0.00153,0,0,0,+0.00000,+0.00000,0.00000,0.00,0,+0.000,+0.00000,-93.334,-0.37303,-10.00,+0.05000,0,+0.00000,+0.00000,0.00000,-167.997,1,197.1,0.0
13.003336,2,0,0.273476,0.273476,0.2750,-0.00152,0,0,0,+0.00000,+0.00000,0.00000,0.00,0,+0.000,+0.00000,-93.534,-0.37303,-10.00,+0.05000,0,+0.00000,+0.00000,0.00000,-168.657,1,197.1,0.0
13.007716,2,0,0.273480,0.273480,0.2750,-0.00152,0,0,0,+0.00000,+0.00000,0.00000,0.00,0,+0.000,+0.00000,-93.534,-0.37303,-10.00,+0.05000,0,+0.00000,+0.00000,0.00000,-168.657,1,197.1,0.0
13.012150,2,0,0.273485,0.273485,0.2750,-0.00152,0,0,0,+0.00000,+0.00000,0.00000,0.00,0,+0.000,+0.00000,-93.534,-0.37303,-10.00,+0.05000,0,+0.00000,+0.00000,0.00000,-168.657,1,197.1,0.0
13.017041,2,0,0.273490,0.273490,0.2750,-0.00151,0,0,0,+0.00000,+0.00000,0.00000,0.00,0,+0.000,+0.00000,-93.740,-0.37303,-10.00,+0.05000,0,+0.00000,+0.00000,0.00000,-169.268,1,197.1,0.0
13.022201,2,0,0.273495,0.273495,0.2750,-0.00151,0,0,0,+0.00000,+0.00000,0.00000,0.00,0,+0.000,+0.00000,-93.740,-0.37303,-10.00,+0.05000,0,+0.00000,+0.00000,0.00000,-169.268,1,197.1,0.0
13.026792,2,0,0.273499,0.273499,0.2750,-0.00150,0,0,0,+0.00000,+0.00000,0.00000,0.00,0,+0.000,+0.00000,-93.976,-0.37303,-10.00,+0.05000,0,+0.00000,+0.00000,0.00000,-169.890,1,197.1,0.0
13.031387,2,0,0.273504,0.273504,0.2750,-0.00150,0,0,0,+0.00000,+0.00000,0.00000,0.00,0,+0.000,+0.00000,-93.976,-0.37303,-10.00,+0.05000,0,+0.00000,+0.00000,0.00000,-169.890,1,197.1,0.0
13.035743,2,0,0.273508,0.273508,0.2750,-0.00149,0,0,0,+0.00000,+0.00000,0.00000,0.00,0,+0.000,+0.00000,-94.155,-0.37303,-10.00,+0.05000,0,+0.00000,+0.00000,0.00000,-170.316,1,197.1,0.0
13.040247,2,0,0.273513,0.273513,0.2750,-0.00149,0,0,0,+0.00000,+0.00000,0.00000,0.00,0,+0.000,+0.00000,-94.155,-0.37303,-10.00,+0.05000,0,+0.00000,+0.00000,0.00000,-170.316,1,197.1,0.0
13.045189,2,0,0.273518,0.273518,0.2750,-0.00148,0,0,0,+0.00000,+0.00000,0.00000,0.00,0,+0.000,+0.00000,-94.368,-0.37303,-10.00,+0.05000,0,+0.00000,+0.00000,0.00000,-170.778,1,197.1,0.0
13.050243,2,0,0.273523,0.273523,0.2750,-0.00148,0,0,0,+0.00000,+0.00000,0.00000,0.00,0,+0.000,+0.00000,-94.534,-0.37303,-10.00,+0.05000,0,+0.00000,+0.00000,0.00000,-171.111,1,197.1,0.0
13.054876,2,0,0.273527,0.273527,0.2750,-0.00147,0,0,0,+0.00000,+0.00000,0.00000,0.00,0,+0.000,+0.00000,-94.534,-0.37303,-10.00,+0.05000,0,+0.00000,+0.00000,0.00000,-171.111,1,197.1,0.0
13.059173,2,0,0.273531,0.273531,0.2750,-0.00147,0,0,0,+0.00000,+0.00000,0.00000,0.00,0,+0.000,+0.00000,-94.715,-0.37303,-10.00,+0.05000,0,+0.00000,+0.00000,0.00000,-171.447,1,197.1,0.0
13.065209,2,0,0.273537,0.273537,0.2750,-0.00146,0,0,0,+0.00000,+0.00000,0.00000,0.00,0,+0.000,+0.00000,-94.715,-0.37303,-10.00,+0.05000,0,+0.00000,+0.00000,0.00000,-171.447,1,197.1,0.0
13.069551,2,0,0.273542,0.273542,0.2750,-0.00146,0,0,0,+0.00000,+0.00000,0.00000,0.00,0,+0.000,+0.00000,-94.939,-0.37303,-10.00,+0.05000,0,+0.00000,+0.00000,0.00000,-171.828,1,197.1,0.0
13.073883,2,0,0.273546,0.273546,0.2750,-0.00145,0,0,0,+0.00000,+0.00000,0.00000,0.00,0,+0.000,+0.00000,-94.939,-0.37303,-10.00,+0.05000,0,+0.00000,+0.00000,0.00000,-171.828,1,197.1,0.0
13.078307,2,0,0.273550,0.273550,0.2750,-0.00145,0,0,0,+0.00000,+0.00000,0.00000,0.00,0,+0.000,+0.00000,-95.117,-0.37303,-10.00,+0.05000,0,+0.00000,+0.00000,0.00000,-172.108,1,197.1,0.0
13.082948,2,0,0.273555,0.273555,0.2750,-0.00145,0,0,0,+0.00000,+0.00000,0.00000,0.00,0,+0.000,+0.00000,-95.117,-0.37303,-10.00,+0.05000,0,+0.00000,+0.00000,0.00000,-172.108,1,197.1,0.0
13.087793,2,0,0.273559,0.273559,0.2750,-0.00144,0,0,0,+0.00000,+0.00000,0.00000,0.00,0,+0.000,+0.00000,-95.306,-0.37303,-10.00,+0.05000,0,+0.00000,+0.00000,0.00000,-172.384,1,197.1,0.0
13.095498,2,0,0.273567,0.273567,0.2750,-0.00143,0,0,0,+0.00000,+0.00000,0.00000,0.00,0,+0.000,+0.00000,-95.306,-0.37303,-10.00,+0.05000,0,+0.00000,+0.00000,0.00000,-172.384,1,197.1,0.0
13.100245,2,0,0.273571,0.273571,0.2750,-0.00143,0,0,0,+0.00000,+0.00000,0.00000,0.00,0,+0.000,+0.00000,-95.522,-0.37303,-10.00,+0.05000,0,+0.00000,+0.00000,0.00000,-172.679,1,197.1,0.0
13.105137,2,0,0.273576,0.273576,0.2750,-0.00142,0,0,0,+0.00000,+0.00000,0.00000,0.00,0,+0.000,+0.00000,-95.522,-0.37303,-10.00,+0.05000,0,+0.00000,+0.00000,0.00000,-172.679,1,197.1,0.0
13.113379,2,0,0.273584,0.273584,0.2750,-0.00142,0,0,0,+0.00000,+0.00000,0.00000,0.00,0,+0.000,+0.00000,-95.723,-0.37303,-10.00,+0.05000,0,+0.00000,+0.00000,0.00000,-172.933,1,197.1,0.0
13.118471,2,0,0.273588,0.273588,0.2750,-0.00141,0,0,0,+0.00000,+0.00000,0.00000,0.00,0,+0.000,+0.00000,-95.926,-0.37303,-10.00,+0.05000,0,+0.00000,+0.00000,0.00000,-173.172,1,197.1,0.0
13.123036,2,0,0.273593,0.273593,0.2750,-0.00141,0,0,0,+0.00000,+0.00000,0.00000,0.00,0,+0.000,+0.00000,-95.926,-0.37303,-10.00,+0.05000,0,+0.00000,+0.00000,0.00000,-173.172,1,197.1,0.0
13.127692,2,0,0.273597,0.273597,0.2750,-0.00140,0,0,0,+0.00000,+0.00000,0.00000,0.00,0,+0.000,+0.00000,-96.118,-0.37303,-10.00,+0.05000,0,+0.00000,+0.00000,0.00000,-173.383,1,197.1,0.0
13.132480,2,0,0.273601,0.273601,0.2750,-0.00140,0,0,0,+0.00000,+0.00000,0.00000,0.00,0,+0.000,+0.00000,-96.118,-0.37303,-10.00,+0.05000,0,+0.00000,+0.00000,0.00000,-173.383,1,197.1,0.0
13.137222,2,0,0.273606,0.273606,0.2750,-0.00139,0,0,0,+0.00000,+0.00000,0.00000,0.00,0,+0.000,+0.00000,-96.317,-0.37303,-10.00,+0.05000,0,+0.00000,+0.00000,0.00000,-173.590,1,197.1,0.0
13.142519,2,0,0.273611,0.273611,0.2750,-0.00139,0,0,0,+0.00000,+0.00000,0.00000,0.00,0,+0.000,+0.00000,-96.317,-0.37303,-10.00,+0.05000,0,+0.00000,+0.00000,0.00000,-173.590,1,197.1,0.0
13.148731,2,0,0.273617,0.273617,0.2750,-0.00138,0,0,0,+0.00000,+0.00000,0.00000,0.00,0,+0.000,+0.00000,-96.576,-0.37303,-10.00,+0.05000,0,+0.00000,+0.00000,0.00000,-173.838,1,197.1,0.0
13.154248,2,0,0.273622,0.273622,0.2750,-0.00138,0,0,0,+0.00000,+0.00000,0.00000,0.00,0,+0.000,+0.00000,-96.742,-0.37303,-10.00,+0.05000,0,+0.00000,+0.00000,0.00000,-173.988,1,197.1,0.0
13.159292,2,0,0.273626,0.273626,0.2750,-0.00137,0,0,0,+0.00000,+0.00000,0.00000,0.00,0,+0.000,+0.00000,-96.742,-0.37303,-10.00,+0.05000,0,+0.00000,+0.00000,0.00000,-173.988,1,197.1,0.0
13.163792,2,0,0.273630,0.273630,0.2750,-0.00137,0,0,0,+0.00000,+0.00000,0.00000,0.00,0,+0.000,+0.00000,-96.900,-0.37303,-10.00,+0.05000,0,+0.00000,+0.00000,0.00000,-174.125,1,197.1,0.0
13.168782,2,0,0.273635,0.273635,0.2750,-0.00137,0,0,0,+0.00000,+0.00000,0.00000,0.00,0,+0.000,+0.00000,-97.070,-0.37303,-10.00,+0.05000,0,+0.00000,+0.00000,0.00000,-174.264,1,197.1,0.0
13.173554,2,0,0.273639,0.273639,0.2750,-0.00136,0,0,0,+0.00000,+0.00000,0.00000,0.00,0,+0.000,+0.00000,-97.070,-0.37303,-10.00,+0.05000,0,+0.00000,+0.00000,0.00000,-174.264,1,197.1,0.0
13.179931,2,0,0.273645,0.273645,0.2750,-0.00135,0,0,0,+0.00000,+0.00000,0.00000,0.00,0,+0.000,+0.00000,-97.070,-0.37303,-10.00,+0.05000,0,+0.00000,+0.00000,0.00000,-174.264,1,197.1,0.0
13.184488,2,0,0.273649,0.273649,0.2750,-0.00135,0,0,0,+0.00000,+0.00000,0.00000,0.00,0,+0.000,+0.00000,-97.344,-0.37303,-10.00,+0.05000,0,+0.00000,+0.00000,0.00000,-174.476,1,197.1,0.0
13.189223,2,0,0.273653,0.273653,0.2750,-0.00135,0,0,0,+0.00000,+0.00000,0.00000,0.00,0,+0.000,+0.00000,-97.344,-0.37303,-10.00,+0.05000,0,+0.00000,+0.00000,0.00000,-174.476,1,197.1,0.0
13.194428,2,0,0.273658,0.273658,0.2750,-0.00134,0,0,0,+0.00000,+0.00000,0.00000,0.00,0,+0.000,+0.00000,-97.529,-0.37303,-10.00,+0.05000,0,+0.00000,+0.00000,0.00000,-174.610,1,197.1,0.0
13.199131,2,0,0.273662,0.273662,0.2750,-0.00134,0,0,0,+0.00000,+0.00000,0.00000,0.00,0,+0.000,+0.00000,-97.698,-0.37303,-10.00,+0.05000,0,+0.00000,+0.00000,0.00000,-174.727,1,197.1,0.0
13.203680,2,0,0.273666,0.273666,0.2750,-0.00133,0,0,0,+0.00000,+0.00000,0.00000,0.00,0,+0.000,+0.00000,-97.698,-0.37303,-10.00,+0.05000,0,+0.00000,+0.00000,0.00000,-174.727,1,197.1,0.0
13.208394,2,0,0.273671,0.273671,0.2750,-0.00133,0,0,0,+0.00000,+0.00000,0.00000,0.00,0,+0.000,+0.00000,-97.874,-0.37303,-10.00,+0.05000,0,+0.00000,+0.00000,0.00000,-174.843,1,197.1,0.0
13.213012,2,0,0.273675,0.273675,0.2750,-0.00133,0,0,0,+0.00000,+0.00000,0.00000,0.00,0,+0.000,+0.00000,-97.874,-0.37303,-10.00,+0.05000,0,+0.00000,+0.00000,0.00000,-174.843,1,198.6,0.0
13.218297,2,0,0.273679,0.273679,0.2750,-0.00132,0,0,0,+0.00000,+0.00000,0.00000,0.00,0,+0.000,+0.00000,-98.052,-0.37303,-10.00,+0.05000,0,+0.00000,+0.00000,0.00000,-174.956,1,198.6,0.0
13.222652,2,0,0.273683,0.273683,0.2750,-0.00132,0,0,0,+0.00000,+0.00000,0.00000,0.00,0,+0.000,+0.00000,-98.052,-0.37303,-10.00,+0.05000,0,+0.00000,+0.00000,0.00000,-174.956,1,198.6,0.0
13.227283,2,0,0.273687,0.273687,0.2750,-0.00131,0,0,0,+0.00000,+0.00000,0.00000,0.00,0,+0.000,+0.00000,-98.241,-0.37303,-10.00,+0.05000,0,+0.00000,+0.00000,0.00000,-175.071,1,198.6,0.0
13.231683,2,0,0.273691,0.273691,0.2750,-0.00131,0,0,0,+0.00000,+0.00000,0.00000,0.00,0,+0.000,+0.00000,-98.383,-0.37303,-10.00,+0.05000,0,+0.00000,+0.00000,0.00000,-175.153,1,198.6,0.0
13.236502,2,0,0.273695,0.273695,0.2750,-0.00130,0,0,0,+0.00000,+0.00000,0.00000,0.00,0,+0.000,+0.00000,-98.383,-0.37303,-10.00,+0.05000,0,+0.00000,+0.00000,0.00000,-175.153,1,198.6,0.0
13.241581,2,0,0.273700,0.273700,0.2750,-0.00130,0,0,0,+0.00000,+0.00000,0.00000,0.00,0,+0.000,+0.00000,-98.619,-0.37303,-10.00,+0.05000,0,+0.00000,+0.00000,0.00000,-175.284,1,198.6,0.0
13.245962,2,0,0.273703,0.273703,0.2750,-0.00130,0,0,0,+0.00000,+0.00000,0.00000,0.00,0,+0.000,+0.00000,-98.619,-0.37303,-10.00,+0.05000,0,+0.00000,+0.00000,0.00000,-175.284,1,198.6,0.0
13.250332,2,0,0.273707,0.273707,0.2750,-0.00129,0,0,0,+0.00000,+0.00000,0.00000,0.00,0,+0.000,+0.00000,-98.768,-0.37303,-10.00,+0.05000,0,+0.00000,+0.00000,0.00000,-175.363,1,198.6,0.0
13.255487,2,0,0.273712,0.273712,0.2750,-0.00129,0,0,0,+0.00000,+0.00000,0.00000,0.00,0,+0.000,+0.00000,-98.768,-0.37303,-10.00,+0.05000,0,+0.00000,+0.00000,0.00000,-175.363,1,198.6,0.0
13.260038,2,0,0.273716,0.273716,0.2750,-0.00128,0,0,0,+0.00000,+0.00000,0.00000,0.00,0,+0.000,+0.00000,-98.957,-0.37303,-10.00,+0.05000,0,+0.00000,+0.00000,0.00000,-175.460,1,198.6,0.0
13.264665,2,0,0.273719,0.273719,0.2750,-0.00128,0,0,0,+0.00000,+0.00000,0.00000,0.00,0,+0.000,+0.00000,-98.957,-0.37303,-10.00,+0.05000,0,+0.00000,+0.00000,0.00000,-175.460,1,198.6,0.0
13.269456,2,0,0.273724,0.273724,0.2750,-0.00128,0,0,0,+0.00000,+0.00000,0.00000,0.00,0,+0.000,+0.00000,-99.152,-0.37303,-10.00,+0.05000,0,+0.00000,+0.00000,0.00000,-175.556,1,198.6,0.0
13.274064,2,0,0.273727,0.273727,0.2750,-0.00127,0,0,0,+0.00000,+0.00000,0.00000,0.00,0,+0.000,+0.00000,-99.152,-0.37303,-10.00,+0.05000,0,+0.00000,+0.00000,0.00000,-175.556,1,198.6,0.0
13.279100,2,0,0.273732,0.273732,0.2750,-0.00127,0,0,0,+0.00000,+0.00000,0.00000,0.00,0,+0.000,+0.00000,-99.335,-0.37303,-10.00,+0.05000,0,+0.00000,+0.00000,0.00000,-175.642,1,198.6,0.0
13.287526,2,0,0.273739,0.273739,0.2750,-0.00126,0,0,0,+0.00000,+0.00000,0.00000,0.00,0,+0.000,+0.00000,-99.505,-0.37303,-10.00,+0.05000,0,+0.00000,+0.00000,0.00000,-175.719,1,198.6,0.0
13.292468,2,0,0.273743,0.273743,0.2750,-0.00126,0,0,0,+0.00000,+0.00000,0.00000,0.00,0,+0.000,+0.00000,-99.657,-0.37303,-10.00,+0.05000,0,+0.00000,+0.00000,0.00000,-175.785,1,198.6,0.0
13.296931,2,0,0.273747,0.273747,0.2750,-0.00125,0,0,0,+0.00000,+0.00000,0.00000,0.00,0,+0.000,+0.00000,-99.657,-0.37303,-10.00,+0.05000,0,+0.00000,+0.00000,0.00000,-175.785,1,198.6,0.0
13.301396,2,0,0.273750,0.273750,0.2750,-0.00125,0,0,0,+0.00000,+0.00000,0.00000,0.00,0,+0.000,+0.00000,-99.859,-0.37303,-10.00,+0.05000,0,+0.00000,+0.00000,0.00000,-175.870,1,198.6,0.0
13.305939,2,0,0.273754,0.273754,0.2750,-0.00125,0,0,0,+0.00000,+0.00000,0.00000,0.00,0,+0.000,+0.00000,-99.859,-0.37303,-10.00,+0.05000,0,+0.00000,+0.00000,0.00000,-175.870,1,198.6,0.0
13.310830,2,0,0.273758,0.273758,0.2750,-0.00124,0,0,0,+0.00000,+0.00000,0.00000,0.00,0,+0.000,+0.00000,-100.057,-0.37303,-10.00,+0.05000,0,+0.00000,+0.00000,0.00000,-175.951,1,198.6,0.0
13.315300,2,0,0.273762,0.273762,0.2750,-0.00124,0,0,0,+0.00000,+0.00000,0.00000,0.00,0,+0.000,+0.00000,-100.057,-0.37303,-10.00,+0.05000,0,+0.00000,+0.00000,0.00000,-175.951,1,198.6,0.0
13.320732,2,0,0.273766,0.273766,0.2750,-0.00123,0,0,0,+0.00000,+0.00000,0.00000,0.00,0,+0.000,+0.00000,-100.216,-0.37303,-10.00,+0.05000,0,+0.00000,+0.00000,0.00000,-176.013,1,198.6,0.0
13.325336,2,0,0.273770,0.273770,0.2750,-0.00123,0,0,0,+0.00000,+0.00000,0.00000,0.00,0,+0.000,+0.00000,-100.216,-0.37303,-10.00,+0.05000,0,+0.00000,+0.00000,0.00000,-176.013,1,198.6,0.0
13.330003,2,0,0.273774,0.273774,0.2750,-0.00123,0,0,0,+0.00000,+0.00000,0.00000,0.00,0,+0.000,+0.00000,-100.469,-0.37303,-10.00,+0.05000,0,+0.00000,+0.00000,0.00000,-176.108,1,198.6,0.0
13.334473,2,0,0.273778,0.273778,0.2750,-0.00122,0,0,0,+0.00000,+0.00000,0.00000,0.00,0,+0.000,+0.00000,-100.469,-0.37303,-10.00,+0.05000,0,+0.00000,+0.00000,0.00000,-176.108,1,198.6,0.0
13.339732,2,0,0.273782,0.273782,0.2750,-0.00122,0,0,0,+0.00000,+0.00000,0.00000,0.00,0,+0.000,+0.00000,-100.645,-0.37303,-10.00,+0.05000,0,+0.00000,+0.00000,0.00000,-176.172,1,198.6,0.0
13.345264,2,0,0.273786,0.273786,0.2750,-0.00121,0,0,0,+0.00000,+0.00000,0.00000,0.00,0,+0.000,+0.00000,-100.842,-0.37303,-10.00,+0.05000,0,+0.00000,+0.00000,0.00000,-176.240,1,198.6,0.0
13.349566,2,0,0.273790,0.273790,0.2750,-0.00121,0,0,0,+0.00000,+0.00000,0.00000,0.00,0,+0.000,+0.00000,-100.842,-0.37303,-10.00,+0.05000,0,+0.00000,+0.00000,0.00000,-176.240,1,198.6,0.0
13.354345,2,0,0.273794,0.273794,0.2750,-0.00121,0,0,0,+0.00000,+0.00000,0.00000,0.00,0,+0.000,+0.00000,-100.842,-0.37303,-10.00,+0.05000,0,+0.00000,+0.00000,0.00000,-176.240,1,198.6,0.0
13.360038,2,0,0.273798,0.273798,0.2750,-0.00120,0,0,0,+0.00000,+0.00000,0.00000,0.00,0,+0.000,+0.00000,-101.059,-0.37303,-10.00,+0.05000,0,+0.00000,+0.00000,0.00000,-176.313,1,198.6,0.0
13.365012,2,0,0.273802,0.273802,0.2750,-0.00120,0,0,0,+0.00000,+0.00000,0.00000,0.00,0,+0.000,+0.00000,-101.214,-0.37303,-10.00,+0.05000,0,+0.00000,+0.00000,0.00000,-176.363,1,198.6,0.0
13.369748,2,0,0.273806,0.273806,0.2750,-0.00119,0,0,0,+0.00000,+0.00000,0.00000,0.00,0,+0.000,+0.00000,-101.214,-0.37303,-10.00,+0.05000,0,+0.00000,+0.00000,0.00000,-176.363,1,198.6,0.0
13.375000,2,0,0.273810,0.273810,0.2750,-0.00119,0,0,0,+0.00000,+0.00000,0.00000,0.00,0,+0.000,+0.00000,-101.387,-0.37303,-10.00,+0.05000,0,+0.00000,+0.00000,0.00000,-176.418,1,198.6,0.0
13.379434,2,0,0.273814,0.273814,0.2750,-0.00119,0,0,0,+0.00000,+0.00000,0.00000,0.00,0,+0.000,+0.00000,-101.564,-0.37303,-10.00,+0.05000,0,+0.00000,+0.00000,0.00000,-176.471,1,198.6,0.0
13.384180,2,0,0.273818,0.273818,0.2750,-0.00118,0,0,0,+0.00000,+0.00000,0.00000,0.00,0,+0.000,+0.00000,-101.564,-0.37303,-10.00,+0.05000,0,+0.00000,+0.00000,0.00000,-176.471,1,198.6,0.0
13.388988,2,0,0.273821,0.273821,0.2750,-0.00118,0,0,0,+0.00000,+0.00000,0.00000,0.00,0,+0.000,+0.00000,-101.775,-0.37303,-10.00,+0.05000,0,+0.00000,+0.00000,0.00000,-176.534,1,198.6,0.0
13.394247,2,0,0.273825,0.273825,0.2750,-0.00117,0,0,0,+0.00000,+0.00000,0.00000,0.00,0,+0.000,+0.00000,-101.775,-0.37303,-10.00,+0.05000,0,+0.00000,+0.00000,0.00000,-176.534,1,198.6,0.0
13.399022,2,0,0.273829,0.273829,0.2750,-0.00117,0,0,0,+0.00000,+0.00000,0.00000,0.00,0,+0.000,+0.00000,-101.932,-0.37303,-10.00,+0.05000,0,+0.00000,+0.00000,0.00000,-176.579,1,198.6,0.0
13.403815,2,0,0.273833,0.273833,0.2750,-0.00117,0,0,0,+0.00000,+0.00000,0.00000,0.00,0,+0.000,+0.00000,-101.932,-0.37303,-10.00,+0.05000,0,+0.00000,+0.00000,0.00000,-176.579,1,198.6,0.0
13.408152,2,0,0.273836,0.273836,0.2750,-0.00116,0,0,0,+0.00000,+0.00000,0.00000,0.00,0,+0.000,+0.00000,-102.132,-0.37303,-10.00,+0.05000,0,+0.00000,+0.00000,0.00000,-176.634,1,198.6,0.0
13.412947,2,0,0.273840,0.273840,0.2750,-0.00116,0,0,0,+0.00000,+0.00000,0.00000,0.00,0,+0.000,+0.00000,-102.132,-0.37303,-10.00,+0.05000,0,+0.00000,+0.00000,0.00000,-176.634,1,198.6,0.0
13.417617,2,0,0.273844,0.273844,0.2750,-0.00116,0,0,0,+0.00000,+0.00000,0.00000,0.00,0,+0.000,+0.00000,-102.311,-0.37303,-10.00,+0.05000,0,+0.00000,+0.00000,0.00000,-176.682,1,198.6,0.0
13.425280,2,0,0.273849,0.273849,0.2750,-0.00115,0,0,0,+0.00000,+0.00000,0.00000,0.00,0,+0.000,+0.00000,-102.550,-0.37303,-10.00,+0.05000,0,+0.00000,+0.00000,0.00000,-176.744,1,198.6,0.0
13.429999,2,0,0.273853,0.273853,0.2750,-0.00115,0,0,0,+0.00000,+0.00000,0.00000,0.00,0,+0.000,+0.00000,-102.550,-0.37303,-10.00,+0.05000,0,+0.00000,+0.00000,0.00000,-176.744,1,198.6,0.0
13.435388,2,0,0.273857,0.273857,0.2750,-0.00114,0,0,0,+0.00000,+0.00000,0.00000,0.00,0,+0.000,+0.00000,-102.666,-0.37303,-10.00,+0.05000,0,+0.00000,+0.00000,0.00000,-176.774,1,198.6,0.0
13.440081,2,0,0.273861,0.273861,0.2750,-0.00114,0,0,0,+0.00000,+0.00000,0.00000,0.00,0,+0.000,+0.00000,-102.666,-0.37303,-10.00,+0.05000,0,+0.00000,+0.00000,0.00000,-176.774,1,198.6,0.0
13.444612,2,0,0.273864,0.273864,0.2750,-0.00114,0,0,0,+0.00000,+0.00000,0.00000,0.00,0,+0.000,+0.00000,-102.890,-0.37303,-10.00,+0.05000,0,+0.00000,+0.00000,0.00000,-176.829,1,198.6,0.0
13.449305,2,0,0.273868,0.273868,0.2750,-0.00113,0,0,0,+0.00000,+0.00000,0.00000,0.00,0,+0.000,+0.00000,-103.054,-0.37303,-10.00,+0.05000,0,+0.00000,+0.00000,0.00000,-176.868,1,198.6,0.0
13.456372,2,0,0.273873,0.273873,0.2750,-0.00113,0,0,0,+0.00000,+0.00000,0.00000,0.00,0,+0.000,+0.00000,-103.054,-0.37303,-10.00,+0.05000,0,+0.00000,+0.00000,0.00000,-176.868,1,198.6,0.0
13.461137,3,0,0.273877,0.273877,0.2750,-0.00112,0,0,0,+0.00000,+0.00000,0.00000,0.00,0,+0.000,+0.00000,-103.290,-0.37303,-10.00,+0.05000,0,+0.00000,+0.00000,0.00000,-176.922,1,198.6,0.0
13.465705,3,0,0.273880,0.273880,0.2750,-0.00112,0,0,0,+0.00000,+0.00000,0.00000,0.00,0,+0.000,+0.00000,-103.410,-0.37303,-10.00,+0.05000,0,+0.00000,+0.00000,0.00000,-176.949,1,198.6,0.0
13.470151,3,0,0.273883,0.273883,0.2750,-0.00112,0,0,0,+0.00000,+0.00000,0.00000,0.00,0,+0.000,+0.00000,-103.410,-0.37303,-10.00,+0.05000,0,+0.00000,+0.00000,0.00000,-176.949,1,198.6,0.0
13.475775,3,0,0.273888,0.273888,0.2750,-0.00111,0,0,0,+0.00000,+0.00000,0.00000,0.00,0,+0.000,+0.00000,-103.594,-0.37303,-10.00,+0.05000,0,+0.00000,+0.00000,0.00000,-176.990,1,198.6,0.0
13.480432,3,0,0.273891,0.273891,0.2750,-0.00111,0,0,0,+0.00000,+0.00000,0.00000,0.00,0,+0.000,+0.00000,-103.594,-0.37303,-10.00,+0.05000,0,+0.00000,+0.00000,0.00000,-176.990,1,198.6,0.0
13.484779,3,0,0.273894,0.273894,0.2750,-0.00111,0,0,0,+0.00000,+0.00000,0.00000,0.00,0,+0.000,+0.00000,-103.763,-0.37303,-10.00,+0.05000,0,+0.00000,+0.00000,0.00000,-177.026,1,198.6,0.0
13.489224,3,0,0.273898,0.273898,0.2750,-0.00110,0,0,0,+0.00000,+0.00000,0.00000,0.00,0,+0.000,+0.00000,-103.763,-0.37303,-10.00,+0.05000,0,+0.00000,+0.00000,0.00000,-177.026,1,198.6,0.0
13.493860,3,0,0.273901,0.273901,0.2750,-0.00110,0,0,0,+0.00000,+0.00000,0.00000,0.00,0,+0.000,+0.00000,-103.966,-0.37303,-10.00,+0.05000,0,+0.00000,+0.00000,0.00000,-177.068,1,198.6,0.0
13.498259,3,0,0.273904,0.273904,0.2750,-0.00110,0,0,0,+0.00000,+0.00000,0.00000,0.00,0,+0.000,+0.00000,-103.966,-0.37303,-10.00,+0.05000,0,+0.00000,+0.00000,0.00000,-177.068,1,198.6,0.0
13.502952,3,0,0.273908,0.273908,0.2750,-0.00109,0,0,0,+0.00000,+0.00000,0.00000,0.00,0,+0.000,+0.00000,-104.156,-0.37303,-10.00,+0.05000,0,+0.00000,+0.00000,0.00000,-177.107,1,198.6,0.0
13.507489,3,0,0.273911,0.273911,0.2750,-0.00109,0,0,0,+0.00000,+0.00000,0.00000,0.00,0,+0.000,+0.00000,-104.156,-0.37303,-10.00,+0.05000,0,+0.00000,+0.00000,0.00000,-177.107,1,198.6,0.0
13.512578,3,0,0.273915,0.273915,0.2750,-0.00109,0,0,0,+0.00000,+0.00000,0.00000,0.00,0,+0.000,+0.00000,-104.331,-0.37303,-10.00,+0.05000,0,+0.00000,+0.00000,0.00000,-177.141,1,198.6,0.0
13.516976,3,0,0.273918,0.273918,0.2750,-0.00108,0,0,0,+0.00000,+0.00000,0.00000,0.00,0,+0.000,+0.00000,-104.331,-0.37303,-10.00,+0.05000,0,+0.00000,+0.00000,0.00000,-177.141,1,198.6,0.0
13.522199,3,0,0.273921,0.273921,0.2750,-0.00108,0,0,0,+0.00000,+0.00000,0.00000,0.00,0,+0.000,+0.00000,-104.534,-0.37303,-10.00,+0.05000,0,+0.00000,+0.00000,0.00000,-177.180,1,198.6,0.0
13.526707,3,0,0.273925,0.273925,0.2750,-0.00108,0,0,0,+0.00000,+0.00000,0.00000,0.00,0,+0.000,+0.00000,-104.714,-0.37303,-10.00,+0.05000,0,+0.00000,+0.00000,0.00000,-177.214,1,198.6,0.0
13.531001,3,0,0.273928,0.273928,0.2750,-0.00107,0,0,0,+0.00000,+0.00000,0.00000,0.00,0,+0.000,+0.00000,-104.714,-0.37303,-10.00,+0.05000,0,+0.00000,+0.00000,0.00000,-177.214,1,198.6,0.0
13.535532,3,0,0.273931,0.273931,0.2750,-0.00107,0,0,0,+0.00000,+0.00000,0.00000,0.00,0,+0.000,+0.00000,-104.899,-0.37303,-10.00,+0.05000,0,+0.00000,+0.00000,0.00000,-177.248,1,198.6,0.0
13.539846,3,0,0.273934,0.273934,0.2750,-0.00107,0,0,0,+0.00000,+0.00000,0.00000,0.00,0,+0.000,+0.00000,-104.899,-0.37303,-10.00,+0.05000,0,+0.00000,+0.00000,0.00000,-177.248,1,198.6,0.0
13.544410,3,0,0.273937,0.273937,0.2750,-0.00106,0,0,0,+0.00000,+0.00000,0.00000,0.00,0,+0.000,+0.00000,-104.899,-0.37303,-10.00,+0.05000,0,+0.00000,+0.00000,0.00000,-177.248,1,198.6,0.0
13.549726,3,0,0.273941,0.273941,0.2750,-0.00106,0,0,0,+0.00000,+0.00000,0.00000,0.00,0,+0.000,+0.00000,-105.113,-0.37303,-10.00,+0.05000,0,+0.00000,+0.00000,0.00000,-177.286,1,198.6,0.0
13.554285,3,0,0.273944,0.273944,0.2750,-0.00106,0,0,0,+0.00000,+0.00000,0.00000,0.00,0,+0.000,+0.00000,-105.277,-0.37303,-10.00,+0.05000,0,+0.00000,+0.00000,0.00000,-177.314,1,198.6,0.0
13.559261,3,0,0.273948,0.273948,0.2750,-0.00105,0,0,0,+0.00000,+0.00000,0.00000,0.00,0,+0.000,+0.00000,-105.277,-0.37303,-10.00,+0.05000,0,+0.00000,+0.00000,0.00000,-177.314,1,198.6,0.0
13.563981,3,0,0.273951,0.273951,0.2750,-0.00105,0,0,0,+0.00000,+0.00000,0.00000,0.00,0,+0.000,+0.00000,-105.453,-0.37303,-10.00,+0.05000,0,+0.00000,+0.00000,0.00000,-177.344,1,198.6,0.0
13.569082,3,0,0.273955,0.273955,0.2750,-0.00105,0,0,0,+0.00000,+0.00000,0.00000,0.00,0,+0.000,+0.00000,-105.453,-0.37303,-10.00,+0.05000,0,+0.00000,+0.00000,0.00000,-177.344,1,198.6,0.0
13.573752,3,0,0.273958,0.273958,0.2750,-0.00104,0,0,0,+0.00000,+0.00000,0.00000,0.00,0,+0.000,+0.00000,-105.660,-0.37303,-10.00,+0.05000,0,+0.00000,+0.00000,0.00000,-177.378,1,198.6,0.0
13.578180,3,0,0.273961,0.273961,0.2750,-0.00104,0,0,0,+0.00000,+0.00000,0.00000,0.00,0,+0.000,+0.00000,-105.660,-0.37303,-10.00,+0.05000,0,+0.00000,+0.00000,0.00000,-177.378,1,198.6,0.0
13.582900,3,0,0.273964,0.273964,0.2750,-0.00104,0,0,0,+0.00000,+0.00000,0.00000,0.00,0,+0.000,+0.00000,-105.845,-0.37303,-10.00,+0.05000,0,+0.00000,+0.00000,0.00000,-177.408,1,198.6,0.0
13.587229,3,0,0.273967,0.273967,0.2750,-0.00103,0,0,0,+0.00000,+0.00000,0.00000,0.00,0,+0.000,+0.00000,-105.845,-0.37303,-10.00,+0.05000,0,+0.00000,+0.00000,0.00000,-177.408,1,198.6,0.0
13.592161,3,0,0.273971,0.273971,0.2750,-0.00103,0,0,0,+0.00000,+0.00000,0.00000,0.00,0,+0.000,+0.00000,-106.034,-0.37303,-10.00,+0.05000,0,+0.00000,+0.00000,0.00000,-177.438,1,198.6,0.0
13.597350,3,0,0.273974,0.273974,0.2750,-0.00103,0,0,0,+0.00000,+0.00000,0.00000,0.00,0,+0.000,+0.00000,-106.228,-0.37303,-10.00,+0.05000,0,+0.00000,+0.00000,0.00000,-177.468,1,198.6,0.0
13.602117,3,0,0.273977,0.273977,0.2750,-0.00102,0,0,0,+0.00000,+0.00000,0.00000,0.00,0,+0.000,+0.00000,-106.228,-0.37303,-10.00,+0.05000,0,+0.00000,+0.00000,0.00000,-177.468,1,198.6,0.0
13.606751,3,0,0.273981,0.273981,0.2750,-0.00102,0,0,0,+0.00000,+0.00000,0.00000,0.00,0,+0.000,+0.00000,-106.420,-0.37303,-10.00,+0.05000,0,+0.00000,+0.00000,0.00000,-177.496,1,198.6,0.0
13.612845,3,0,0.273985,0.273985,0.2750,-0.00102,0,0,0,+0.00000,+0.00000,0.00000,0.00,0,+0.000,+0.00000,-106.420,-0.37303,-10.00,+0.05000,0,+0.00000,+0.00000,0.00000,-177.496,1,198.6,0.0
13.619205,3,0,0.273989,0.273989,0.2750,-0.00101,0,0,0,+0.00000,+0.00000,0.00000,0.00,0,+0.000,+0.00000,-106.612,-0.37303,-10.00,+0.05000,0,+0.00000,+0.00000,0.00000,-177.525,1,198.6,0.0
13.623596,3,0,0.273992,0.273992,0.2750,-0.00101,0,0,0,+0.00000,+0.00000,0.00000,0.00,0,+0.000,+0.00000,-106.612,-0.37303,-10.00,+0.05000,0,+0.00000,+0.00000,0.00000,-177.525,1,198.6,0.0
13.628304,3,0,0.273995,0.273995,0.2750,-0.00100,0,0,0,+0.00000,+0.00000,0.00000,0.00,0,+0.000,+0.00000,-106.813,-0.37303,-10.00,+0.05000,0,+0.00000,+0.00000,0.00000,-177.553,1,198.6,0.0
13.633065,3,0,0.273998,0.273998,0.2750,-0.00100,0,0,0,+0.00000,+0.00000,0.00000,0.00,0,+0.000,+0.00000,-106.813,-0.37303,-10.00,+0.05000,0,+0.00000,+0.00000,0.00000,-177.553,1,198.6,0.0
13.638169,3,0,0.274002,0.274002,0.2750,-0.00100,0,0,0,+0.00000,+0.00000,0.00000,0.00,0,+0.000,+0.00000,-107.007,-0.37303,-10.00,+0.05000,0,+0.00000,+0.00000,0.00000,-177.580,1,198.6,0.0
13.642620,3,0,0.274005,0.274005,0.2750,-0.00100,0,0,0,+0.00000,+0.00000,0.00000,0.00,0,+0.000,+0.00000,-107.007,-0.37303,-10.00,+0.05000,0,+0.00000,+0.00000,0.00000,-177.580,1,198.6,0.0
13.646886,3,0,0.274008,0.274008,0.2750,-0.00099,0,0,0,+0.00000,+0.00000,0.00000,0.00,0,+0.000,+0.00000,-107.221,-0.37303,-10.00,+0.05000,0,+0.00000,+0.00000,0.00000,-177.610,1,198.6,0.0
13.652013,3,0,0.274011,0.274011,0.2750,-0.00099,0,0,0,+0.00000,+0.00000,0.00000,0.00,0,+0.000,+0.00000,-107.396,-0.37303,-10.00,+0.05000,0,+0.00000,+0.00000,0.00000,-177.633,1,198.6,0.0
13.656557,3,0,0.274014,0.274014,0.2750,-0.00099,0,0,0,+0.00000,+0.00000,0.00000,0.00,0,+0.000,+0.00000,-107.396,-0.37303,-10.00,+0.05000,0,+0.00000,+0.00000,0.00000,-177.633,1,198.6,0.0
13.661092,3,0,0.274017,0.274017,0.2750,-0.00098,0,0,0,+0.00000,+0.00000,0.00000,0.00,0,+0.000,+0.00000,-107.572,-0.37303,-10.00,+0.05000,0,+0.00000,+0.00000,0.00000,-177.656,1,198.6,0.0
13.665665,3,0,0.274020,0.274020,0.2750,-0.00098,0,0,0,+0.00000,+0.00000,0.00000,0.00,0,+0.000,+0.00000,-107.572,-0.37303,-10.00,+0.05000,0,+0.00000,+0.00000,0.00000,-177.656,1,198.6,0.0
13.670360,3,0,0.274023,0.274023,0.2750,-0.00098,0,0,0,+0.00000,+0.00000,0.00000,0.00,0,+0.000,+0.00000,-107.781,-0.37303,-10.00,+0.05000,0,+0.00000,+0.00000,0.00000,-177.683,1,198.6,0.0
13.675151,3,0,0.274026,0.274026,0.2750,-0.00097,0,0,0,+0.00000,+0.00000,0.00000,0.00,0,+0.000,+0.00000,-107.781,-0.37303,-10.00,+0.05000,0,+0.00000,+0.00000,0.00000,-177.683,1,198.6,0.0
13.679631,3,0,0.274029,0.274029,0.2750,-0.00097,0,0,0,+0.00000,+0.00000,0.00000,0.00,0,+0.000,+0.00000,-107.922,-0.37303,-10.00,+0.05000,0,+0.00000,+0.00000,0.00000,-177.700,1,198.6,0.0
13.684556,3,0,0.274032,0.274032,0.2750,-0.00097,0,0,0,+0.00000,+0.00000,0.00000,0.00,0,+0.000,+0.00000,-107.922,-0.37303,-10.00,+0.05000,0,+0.00000,+0.00000,0.00000,-177.700,1,198.6,0.0
13.688836,3,0,0.274035,0.274035,0.2750,-0.00097,0,0,0,+0.00000,+0.00000,0.00000,0.00,0,+0.000,+0.00000,-108.120,-0.37303,-10.00,+0.05000,0,+0.00000,+0.00000,0.00000,-177.724,1,198.6,0.0
13.694340,3,0,0.274038,0.274038,0.2750,-0.00096,0,0,0,+0.00000,+0.00000,0.00000,0.00,0,+0.000,+0.00000,-108.295,-0.37303,-10.00,+0.05000,0,+0.00000,+0.00000,0.00000,-177.745,1,198.6,0.0
13.698707,3,0,0.274041,0.274041,0.2750,-0.00096,0,0,0,+0.00000,+0.00000,0.00000,0.00,0,+0.000,+0.00000,-108.295,-0.37303,-10.00,+0.05000,0,+0.00000,+0.00000,0.00000,-177.745,1,198.6,0.0
13.703331,3,0,0.274044,0.274044,0.2750,-0.00096,0,0,0,+0.00000,+0.00000,0.00000,0.00,0,+0.000,+0.00000,-108.484,-0.37303,-10.00,+0.05000,0,+0.00000,+0.00000,0.00000,-177.768,1,198.6,0.0
13.708841,3,0,0.274048,0.274048,0.2750,-0.00095,0,0,0,+0.00000,+0.00000,0.00000,0.00,0,+0.000,+0.00000,-108.484,-0.37303,-10.00,+0.05000,0,+0.00000,+0.00000,0.00000,-177.768,1,198.6,0.0
13.713777,3,0,0.274051,0.274051,0.2750,-0.00095,0,0,0,+0.00000,+0.00000,0.00000,0.00,0,+0.000,+0.00000,-108.657,-0.37303,-10.00,+0.05000,0,+0.00000,+0.00000,0.00000,-177.788,1,198.6,0.0
13.718942,3,0,0.274054,0.274054,0.2750,-0.00095,0,0,0,+0.00000,+0.00000,0.00000,0.00,0,+0.000,+0.00000,-108.810,-0.37303,-10.00,+0.05000,0,+0.00000,+0.00000,0.00000,-177.805,1,198.6,0.0
13.723477,3,0,0.274057,0.274057,0.2750,-0.00094,0,0,0,+0.00000,+0.00000,0.00000,0.00,0,+0.000,+0.00000,-108.810,-0.37303,-10.00,+0.05000,0,+0.00000,+0.00000,0.00000,-177.805,1,198.6,0.0
13.728844,3,0,0.274060,0.274060,0.2750,-0.00094,0,0,0,+0.00000,+0.00000,0.00000,0.00,0,+0.000,+0.00000,-108.810,-0.37303,-10.00,+0.05000,0,+0.00000,+0.00000,0.00000,-177.805,1,198.6,0.0
13.733439,3,0,0.274063,0.274063,0.2750,-0.00094,0,0,0,+0.00000,+0.00000,0.00000,0.00,0,+0.000,+0.00000,-109.061,-0.37303,-10.00,+0.05000,0,+0.00000,+0.00000,0.00000,-177.833,1,198.6,0.0
13.737837,3,0,0.274066,0.274066,0.2750,-0.00093,0,0,0,+0.00000,+0.00000,0.00000,0.00,0,+0.000,+0.00000,-109.204,-0.37303,-10.00,+0.05000,0,+0.00000,+0.00000,0.00000,-177.848,1,198.6,0.0
13.742482,3,0,0.274069,0.274069,0.2750,-0.00093,0,0,0,+0.00000,+0.00000,0.00000,0.00,0,+0.000,+0.00000,-109.204,-0.37303,-10.00,+0.05000,0,+0.00000,+0.00000,0.00000,-177.848,1,198.6,0.0
13.747528,3,0,0.274072,0.274072,0.2750,-0.00093,0,0,0,+0.00000,+0.00000,0.00000,0.00,0,+0.000,+0.00000,-109.393,-0.37303,-10.00,+0.05000,0,+0.00000,+0.00000,0.00000,-177.869,1,198.6,0.0
13.752028,3,0,0.274075,0.274075,0.2750,-0.00093,0,0,0,+0.00000,+0.00000,0.00000,0.00,0,+0.000,+0.00000,-109.393,-0.37303,-10.00,+0.05000,0,+0.00000,+0.00000,0.00000,-177.869,1,198.6,0.0
13.756634,3,0,0.274078,0.274078,0.2750,-0.00092,0,0,0,+0.00000,+0.00000,0.00000,0.00,0,+0.000,+0.00000,-109.578,-0.37303,-10.00,+0.05000,0,+0.00000,+0.00000,0.00000,-177.888,1,198.6,0.0
13.761548,3,0,0.274081,0.274081,0.2750,-0.00092,0,0,0,+0.00000,+0.00000,0.00000,0.00,0,+0.000,+0.00000,-109.578,-0.37303,-10.00,+0.05000,0,+0.00000,+0.00000,0.00000,-177.888,1,198.6,0.0
13.766292,3,0,0.274083,0.274083,0.2750,-0.00092,0,0,0,+0.00000,+0.00000,0.00000,0.00,0,+0.000,+0.00000,-109.773,-0.37303,-10.00,+0.05000,0,+0.00000,+0.00000,0.00000,-177.908,1,198.6,0.0
13.771031,3,0,0.274086,0.274086,0.2750,-0.00091,0,0,0,+0.00000,+0.00000,0.00000,0.00,0,+0.000,+0.00000,-109.938,-0.37303,-10.00,+0.05000,0,+0.00000,+0.00000,0.00000,-177.925,1,198.6,0.0
13.775454,3,0,0.274089,0.274089,0.2750,-0.00091,0,0,0,+0.00000,+0.00000,0.00000,0.00,0,+0.000,+0.00000,-109.938,-0.37303,-10.00,+0.05000,0,+0.00000,+0.00000,0.00000,-177.925,1,198.6,0.0
13.780450,3,0,0.274092,0.274092,0.2750,-0.00091,0,0,0,+0.00000,+0.00000,0.00000,0.00,0,+0.000,+0.00000,-110.138,-0.37303,-10.00,+0.05000,0,+0.00000,+0.00000,0.00000,-177.944,1,198.6,0.0
13.785134,3,0,0.274095,0.274095,0.2750,-0.00091,0,0,0,+0.00000,+0.00000,0.00000,0.00,0,+0.000,+0.00000,-110.138,-0.37303,-10.00,+0.05000,0,+0.00000,+0.00000,0.00000,-177.944,1,198.6,0.0
13.789860,3,0,0.274098,0.274098,0.2750,-0.00090,0,0,0,+0.00000,+0.00000,0.00000,0.00,0,+0.000,+0.00000,-110.289,-0.37303,-10.00,+0.05000,0,+0.00000,+0.00000,0.00000,-177.959,1,198.6,0.0
13.794621,3,0,0.274101,0.274101,0.2750,-0.00090,0,0,0,+0.00000,+0.00000,0.00000,0.00,0,+0.000,+0.00000,-110.289,-0.37303,-10.00,+0.05000,0,+0.00000,+0.00000,0.00000,-177.959,1,198.6,0.0
13.799317,3,0,0.274103,0.274103,0.2750,-0.00090,0,0,0,+0.00000,+0.00000,0.00000,0.00,0,+0.000,+0.00000,-110.469,-0.37303,-10.00,+0.05000,0,+0.00000,+0.00000,0.00000,-177.976,1,198.6,0.0
13.803874,3,0,0.274106,0.274106,0.2750,-0.00089,0,0,0,+0.00000,+0.00000,0.00000,0.00,0,+0.000,+0.00000,-110.469,-0.37303,-10.00,+0.05000,0,+0.00000,+0.00000,0.00000,-177.976,1,198.6,0.0
13.808475,3,0,0.274109,0.274109,0.2750,-0.00089,0,0,0,+0.00000,+0.00000,0.00000,0.00,0,+0.000,+0.00000,-110.665,-0.37303,-10.00,+0.05000,0,+0.00000,+0.00000,0.00000,-177.995,1,198.6,0.0
13.814761,3,0,0.274113,0.274113,0.2750,-0.00089,0,0,0,+0.00000,+0.00000,0.00000,0.00,0,+0.000,+0.00000,-110.860,-0.37303,-10.00,+0.05000,0,+0.00000,+0.00000,0.00000,-178.012,1,198.6,0.0
13.819540,3,0,0.274115,0.274115,0.2750,-0.00088,0,0,0,+0.00000,+0.00000,0.00000,0.00,0,+0.000,+0.00000,-110.860,-0.37303,-10.00,+0.05000,0,+0.00000,+0.00000,0.00000,-178.012,1,198.6,0.0
13.824821,3,0,0.274119,0.274119,0.2750,-0.00088,0,0,0,+0.00000,+0.00000,0.00000,0.00,0,+0.000,+0.00000,-111.090,-0.37303,-10.00,+0.05000,0,+0.00000,+0.00000,0.00000,-178.033,1,198.6,0.0
13.830005,3,0,0.274122,0.274122,0.2750,-0.00088,0,0,0,+0.00000,+0.00000,0.00000,0.00,0,+0.000,+0.00000,-111.090,-0.37303,-10.00,+0.05000,0,+0.00000,+0.00000,0.00000,-178.033,1,198.6,0.0
13.835802,3,0,0.274125,0.274125,0.2750,-0.00088,0,0,0,+0.00000,+0.00000,0.00000,0.00,0,+0.000,+0.00000,-111.308,-0.37303,-10.00,+0.05000,0,+0.00000,+0.00000,0.00000,-178.052,1,198.6,0.0
13.841396,3,0,0.274128,0.274128,0.2750,-0.00087,0,0,0,+0.00000,+0.00000,0.00000,0.00,0,+0.000,+0.00000,-111.308,-0.37303,-10.00,+0.05000,0,+0.00000,+0.00000,0.00000,-178.052,1,198.6,0.0
13.848091,3,0,0.274132,0.274132,0.2750,-0.00087,0,0,0,+0.00000,+0.00000,0.00000,0.00,0,+0.000,+0.00000,-111.463,-0.37303,-10.00,+0.05000,0,+0.00000,+0.00000,0.00000,-178.066,1,198.6,0.0
13.852810,3,0,0.274135,0.274135,0.2750,-0.00087,0,0,0,+0.00000,+0.00000,0.00000,0.00,0,+0.000,+0.00000,-111.659,-0.37303,-10.00,+0.05000,0,+0.00000,+0.00000,0.00000,-178.082,1,198.6,0.0
13.857214,3,0,0.274137,0.274137,0.2750,-0.00086,0,0,0,+0.00000,+0.00000,0.00000,0.00,0,+0.000,+0.00000,-111.659,-0.37303,-10.00,+0.05000,0,+0.00000,+0.00000,0.00000,-178.082,1,198.6,0.0
13.861562,3,0,0.274140,0.274140,0.2750,-0.00086,0,0,0,+0.00000,+0.00000,0.00000,0.00,0,+0.000,+0.00000,-111.876,-0.37303,-10.00,+0.05000,0,+0.00000,+0.00000,0.00000,-178.101,1,198.6,0.0
13.866508,3,0,0.274143,0.274143,0.2750,-0.00086,0,0,0,+0.00000,+0.00000,0.00000,0.00,0,+0.000,+0.00000,-111.876,-0.37303,-10.00,+0.05000,0,+0.00000,+0.00000,0.00000,-178.101,1,198.6,0.0
13.871109,3,0,0.274145,0.274145,0.2750,-0.00085,0,0,0,+0.00000,+0.00000,0.00000,0.00,0,+0.000,+0.00000,-112.048,-0.37303,-10.00,+0.05000,0,+0.00000,+0.00000,0.00000,-178.115,1,198.6,0.0
13.875683,3,0,0.274148,0.274148,0.2750,-0.00085,0,0,0,+0.00000,+0.00000,0.00000,0.00,0,+0.000,+0.00000,-112.048,-0.37303,-10.00,+0.05000,0,+0.00000,+0.00000,0.00000,-178.115,1,198.6,0.0
13.880566,3,0,0.274151,0.274151,0.2750,-0.00085,0,0,0,+0.00000,+0.00000,0.00000,0.00,0,+0.000,+0.00000,-112.213,-0.37303,-10.00,+0.05000,0,+0.00000,+0.00000,0.00000,-178.128,1,198.6,0.0
13.885025,3,0,0.274153,0.274153,0.2750,-0.00085,0,0,0,+0.00000,+0.00000,0.00000,0.00,0,+0.000,+0.00000,-112.213,-0.37303,-10.00,+0.05000,0,+0.00000,+0.00000,0.00000,-178.128,1,198.6,0.0
13.891747,3,0,0.274157,0.274157,0.2750,-0.00084,0,0,0,+0.00000,+0.00000,0.00000,0.00,0,+0.000,+0.00000,-112.411,-0.37303,-10.00,+0.05000,0,+0.00000,+0.00000,0.00000,-178.144,1,198.6,0.0
13.896493,3,0,0.274160,0.274160,0.2750,-0.00084,0,0,0,+0.00000,+0.00000,0.00000,0.00,0,+0.000,+0.00000,-112.603,-0.37303,-10.00,+0.05000,0,+0.00000,+0.00000,0.00000,-178.159,1,198.6,0.0
13.901508,3,0,0.274162,0.274162,0.2750,-0.00084,0,0,0,+0.00000,+0.00000,0.00000,0.00,0,+0.000,+0.00000,-112.603,-0.37303,-10.00,+0.05000,0,+0.00000,+0.00000,0.00000,-178.159,1,198.6,0.0
13.906090,3,0,0.274165,0.274165,0.2750,-0.00083,0,0,0,+0.00000,+0.00000,0.00000,0.00,0,+0.000,+0.00000,-112.785,-0.37303,-10.00,+0.05000,0,+0.00000,+0.00000,0.00000,-178.172,1,198.6,0.0
13.910653,3,0,0.274168,0.274168,0.2750,-0.00083,0,0,0,+0.00000,+0.00000,0.00000,0.00,0,+0.000,+0.00000,-112.785,-0.37303,-10.00,+0.05000,0,+0.00000,+0.00000,0.00000,-178.172,1,198.6,0.0
13.915241,3,0,0.274170,0.274170,0.2750,-0.00083,0,0,0,+0.00000,+0.00000,0.00000,0.00,0,+0.000,+0.00000,-112.945,-0.37303,-10.00,+0.05000,0,+0.00000,+0.00000,0.00000,-178.185,1,198.6,0.0
13.920135,3,0,0.274173,0.274173,0.2750,-0.00083,0,0,0,+0.00000,+0.00000,0.00000,0.00,0,+0.000,+0.00000,-112.945,-0.37303,-10.00,+0.05000,0,+0.00000,+0.00000,0.00000,-178.185,1,198.6,0.0
13.924747,3,0,0.274175,0.274175,0.2750,-0.00082,0,0,0,+0.00000,+0.00000,0.00000,0.00,0,+0.000,+0.00000,-113.157,-0.37303,-10.00,+0.05000,0,+0.00000,+0.00000,0.00000,-178.200,1,198.6,0.0
13.930828,3,0,0.274179,0.274179,0.2750,-0.00082,0,0,0,+0.00000,+0.00000,0.00000,0.00,0,+0.000,+0.00000,-113.157,-0.37303,-10.00,+0.05000,0,+0.00000,+0.00000,0.00000,-178.200,1,198.6,0.0
13.936816,3,0,0.274182,0.274182,0.2750,-0.00082,0,0,0,+0.00000,+0.00000,0.00000,0.00,0,+0.000,+0.00000,-113.383,-0.37303,-10.00,+0.05000,0,+0.00000,+0.00000,0.00000,-178.217,1,198.6,0.0
13.941563,3,0,0.274185,0.274185,0.2750,-0.00082,0,0,0,+0.00000,+0.00000,0.00000,0.00,0,+0.000,+0.00000,-113.508,-0.37303,-10.00,+0.05000,0,+0.00000,+0.00000,0.00000,-178.226,1,198.6,0.0
13.946069,3,0,0.274187,0.274187,0.2750,-0.00081,0,0,0,+0.00000,+0.00000,0.00000,0.00,0,+0.000,+0.00000,-113.508,-0.37303,-10.00,+0.05000,0,+0.00000,+0.00000,0.00000,-178.226,1,198.6,0.0
13.954207,3,0,0.274191,0.274191,0.2750,-0.00081,0,0,0,+0.00000,+0.00000,0.00000,0.00,0,+0.000,+0.00000,-113.706,-0.37303,-10.00,+0.05000,0,+0.00000,+0.00000,0.00000,-178.240,1,198.6,0.0
13.958661,3,0,0.274194,0.274194,0.2750,-0.00081,0,0,0,+0.00000,+0.00000,0.00000,0.00,0,+0.000,+0.00000,-113.916,-0.37303,-10.00,+0.05000,0,+0.00000,+0.00000,0.00000,-178.254,1,198.6,0.0
13.963443,3,0,0.274196,0.274196,0.2750,-0.00080,0,0,0,+0.00000,+0.00000,0.00000,0.00,0,+0.000,+0.00000,-113.916,-0.37303,-10.00,+0.05000,0,+0.00000,+0.00000,0.00000,-178.254,1,198.6,0.0
13.968139,3,0,0.274199,0.274199,0.2750,-0.00080,0,0,0,+0.00000,+0.00000,0.00000,0.00,0,+0.000,+0.00000,-114.101,-0.37303,-10.00,+0.05000,0,+0.00000,+0.00000,0.00000,-178.267,1,198.6,0.0
13.974590,3,0,0.274202,0.274202,0.2750,-0.00080,0,0,0,+0.00000,+0.00000,0.00000,0.00,0,+0.000,+0.00000,-114.291,-0.37303,-10.00,+0.05000,0,+0.00000,+0.00000,0.00000,-178.280,1,198.6,0.0
13.979252,3,0,0.274205,0.274205,0.2750,-0.00080,0,0,0,+0.00000,+0.00000,0.00000,0.00,0,+0.000,+0.00000,-114.291,-0.37303,-10.00,+0.05000,0,+0.00000,+0.00000,0.00000,-178.280,1,198.6,0.0
13.983615,3,0,0.274207,0.274207,0.2750,-0.00079,0,0,0,+0.00000,+0.00000,0.00000,0.00,0,+0.000,+0.00000,-114.475,-0.37303,-10.00,+0.05000,0,+0.00000,+0.00000,0.00000,-178.292,1,198.6,0.0
13.988182,3,0,0.274209,0.274209,0.2750,-0.00079,0,0,0,+0.00000,+0.00000,0.00000,0.00,0,+0.000,+0.00000,-114.475,-0.37303,-10.00,+0.05000,0,+0.00000,+0.00000,0.00000,-178.292,1,198.6,0.0
13.992934,3,0,0.274212,0.274212,0.2750,-0.00079,0,0,0,+0.00000,+0.00000,0.00000,0.00,0,+0.000,+0.00000,-114.684,-0.37303,-10.00,+0.05000,0,+0.00000,+0.00000,0.00000,-178.305,1,198.6,0.0
13.997386,3,0,0.274214,0.274214,0.2750,-0.00079,0,0,0,+0.00000,+0.00000,0.00000,0.00,0,+0.000,+0.00000,-114.684,-0.37303,-10.00,+0.05000,0,+0.00000,+0.00000,0.00000,-178.305,1,198.6,0.0
14.002350,3,0,0.274217,0.274217,0.2750,-0.00078,0,0,0,+0.00000,+0.00000,0.00000,0.00,0,+0.000,+0.00000,-114.684,-0.37303,-10.00,+0.05000,0,+0.00000,+0.00000,0.00000,-178.305,1,198.6,0.0
14.007151,3,0,0.274219,0.274219,0.2750,-0.00078,0,0,0,+0.00000,+0.00000,0.00000,0.00,0,+0.000,+0.00000,-114.912,-0.37303,-10.00,+0.05000,0,+0.00000,+0.00000,0.00000,-178.320,1,198.6,0.0
14.012299,3,0,0.274222,0.274222,0.2750,-0.00078,0,0,0,+0.00000,+0.00000,0.00000,0.00,0,+0.000,+0.00000,-115.097,-0.37303,-10.00,+0.05000,0,+0.00000,+0.00000,0.00000,-178.331,1,198.6,0.0
14.017105,3,0,0.274225,0.274225,0.2750,-0.00078,0,0,0,+0.00000,+0.00000,0.00000,0.00,0,+0.000,+0.00000,-115.097,-0.37303,-10.00,+0.05000,0,+0.00000,+0.00000,0.00000,-178.331,1,198.6,0.0
14.021671,3,0,0.274227,0.274227,0.2750,-0.00077,0,0,0,+0.00000,+0.00000,0.00000,0.00,0,+0.000,+0.00000,-115.261,-0.37303,-10.00,+0.05000,0,+0.00000,+0.00000,0.00000,-178.342,1,198.6,0.0
14.026048,3,0,0.274229,0.274229,0.2750,-0.00077,0,0,0,+0.00000,+0.00000,0.00000,0.00,0,+0.000,+0.00000,-115.261,-0.37303,-10.00,+0.05000,0,+0.00000,+0.00000,0.00000,-178.342,1,198.6,0.0
14.030784,3,0,0.274232,0.274232,0.2750,-0.00077,0,0,0,+0.00000,+0.00000,0.00000,0.00,0,+0.000,+0.00000,-115.470,-0.37303,-10.00,+0.05000,0,+0.00000,+0.00000,0.00000,-178.354,1,198.6,0.0
14.035406,3,0,0.274234,0.274234,0.2750,-0.00077,0,0,0,+0.00000,+0.00000,0.00000,0.00,0,+0.000,+0.00000,-115.470,-0.37303,-10.00,+0.05000,0,+0.00000,+0.00000,0.00000,-178.354,1,198.6,0.0
14.040250,3,0,0.274236,0.274236,0.2750,-0.00076,0,0,0,+0.00000,+0.00000,0.00000,0.00,0,+0.000,+0.00000,-115.670,-0.37303,-10.00,+0.05000,0,+0.00000,+0.00000,0.00000,-178.366,1,198.6,0.0
14.045217,3,0,0.274239,0.274239,0.2750,-0.00076,0,0,0,+0.00000,+0.00000,0.00000,0.00,0,+0.000,+0.00000,-115.670,-0.37303,-10.00,+0.05000,0,+0.00000,+0.00000,0.00000,-178.366,1,198.6,0.0
14.049918,3,0,0.274241,0.274241,0.2750,-0.00076,0,0,0,+0.00000,+0.00000,0.00000,0.00,0,+0.000,+0.00000,-115.824,-0.37303,-10.00,+0.05000,0,+0.00000,+0.00000,0.00000,-178.375,1,198.6,0.0
14.054512,3,0,0.274244,0.274244,0.2750,-0.00076,0,0,0,+0.00000,+0.00000,0.00000,0.00,0,+0.000,+0.00000,-115.824,-0.37303,-10.00,+0.05000,0,+0.00000,+0.00000,0.00000,-178.375,1,198.6,0.0
14.059120,3,0,0.274246,0.274246,0.2750,-0.00075,0,0,0,+0.00000,+0.00000,0.00000,0.00,0,+0.000,+0.00000,-116.023,-0.37303,-10.00,+0.05000,0,+0.00000,+0.00000,0.00000,-178.387,1,198.6,0.0
14.063639,3,0,0.274248,0.274248,0.2750,-0.00075,0,0,0,+0.00000,+0.00000,0.00000,0.00,0,+0.000,+0.00000,-116.023,-0.37303,-10.00,+0.05000,0,+0.00000,+0.00000,0.00000,-178.387,1,198.6,0.0
14.068357,3,0,0.274251,0.274251,0.2750,-0.00075,0,0,0,+0.00000,+0.00000,0.00000,0.00,0,+0.000,+0.00000,-116.213,-0.37303,-10.00,+0.05000,0,+0.00000,+0.00000,0.00000,-178.398,1,198.6,0.0
14.072967,3,0,0.274253,0.274253,0.2750,-0.00075,0,0,0,+0.00000,+0.00000,0.00000,0.00,0,+0.000,+0.00000,-116.213,-0.37303,-10.00,+0.05000,0,+0.00000,+0.00000,0.00000,-178.398,1,198.6,0.0
14.077639,3,0,0.274255,0.274255,0.2750,-0.00074,0,0,0,+0.00000,+0.00000,0.00000,0.00,0,+0.000,+0.00000,-116.430,-0.37303,-10.00,+0.05000,0,+0.00000,+0.00000,0.00000,-178.410,1,198.6,0.0
14.082124,3,0,0.274257,0.274257,0.2750,-0.00074,0,0,0,+0.00000,+0.00000,0.00000,0.00,0,+0.000,+0.00000,-116.591,-0.37303,-10.00,+0.05000,0,+0.00000,+0.00000,0.00000,-178.419,1,198.6,0.0
14.086636,3,0,0.274260,0.274260,0.2750,-0.00074,0,0,0,+0.00000,+0.00000,0.00000,0.00,0,+0.000,+0.00000,-116.591,-0.37303,-10.00,+0.05000,0,+0.00000,+0.00000,0.00000,-178.419,1,198.6,0.0
14.091028,3,0,0.274262,0.274262,0.2750,-0.00074,0,0,0,+0.00000,+0.00000,0.00000,0.00,0,+0.000,+0.00000,-116.591,-0.37303,-10.00,+0.05000,0,+0.00000,+0.00000,0.00000,-178.419,1,198.6,0.0
14.095750,3,0,0.274264,0.274264,0.2750,-0.00074,0,0,0,+0.00000,+0.00000,0.00000,0.00,0,+0.000,+0.00000,-116.803,-0.37303,-10.00,+0.05000,0,+0.00000,+0.00000,0.00000,-178.431,1,198.6,0.0
14.100341,3,0,0.274266,0.274266,0.2750,-0.00073,0,0,0,+0.00000,+0.00000,0.00000,0.00,0,+0.000,+0.00000,-116.957,-0.37303,-10.00,+0.05000,0,+0.00000,+0.00000,0.00000,-178.439,1,198.6,0.0
14.104672,3,0,0.274269,0.274269,0.2750,-0.00073,0,0,0,+0.00000,+0.00000,0.00000,0.00,0,+0.000,+0.00000,-116.957,-0.37303,-10.00,+0.05000,0,+0.00000,+0.00000,0.00000,-178.439,1,198.6,0.0
14.109640,3,0,0.274271,0.274271,0.2750,-0.00073,0,0,0,+0.00000,+0.00000,0.00000,0.00,0,+0.000,+0.00000,-117.159,-0.37303,-10.00,+0.05000,0,+0.00000,+0.00000,0.00000,-178.450,1,198.6,0.0
14.114206,3,0,0.274273,0.274273,0.2750,-0.00073,0,0,0,+0.00000,+0.00000,0.00000,0.00,0,+0.000,+0.00000,-117.159,-0.37303,-10.00,+0.05000,0,+0.00000,+0.00000,0.00000,-178.450,1,198.6,0.0
14.119619,3,0,0.274276,0.274276,0.2750,-0.00072,0,0,0,+0.00000,+0.00000,0.00000,0.00,0,+0.000,+0.00000,-117.334,-0.37303,-10.00,+0.05000,0,+0.00000,+0.00000,0.00000,-178.459,1,198.6,0.0
14.127537,3,0,0.274280,0.274280,0.2750,-0.00072,0,0,0,+0.00000,+0.00000,0.00000,0.00,0,+0.000,+0.00000,-117.334,-0.37303,-10.00,+0.05000,0,+0.00000,+0.00000,0.00000,-178.459,1,198.6,0.0
14.132445,3,0,0.274282,0.274282,0.2750,-0.00072,0,0,0,+0.00000,+0.00000,0.00000,0.00,0,+0.000,+0.00000,-117.596,-0.37303,-10.00,+0.05000,0,+0.00000,+0.00000,0.00000,-178.472,1,198.6,0.0
14.138703,3,0,0.274285,0.274285,0.2750,-0.00072,0,0,0,+0.00000,+0.00000,0.00000,0.00,0,+0.000,+0.00000,-117.596,-0.37303,-10.00,+0.05000,0,+0.00000,+0.00000,0.00000,-178.472,1,198.6,0.0
14.143752,3,0,0.274287,0.274287,0.2750,-0.00071,0,0,0,+0.00000,+0.00000,0.00000,0.00,0,+0.000,+0.00000,-117.816,-0.37303,-10.00,+0.05000,0,+0.00000,+0.00000,0.00000,-178.483,1,198.6,0.0
14.148599,3,0,0.274290,0.274290,0.2750,-0.00071,0,0,0,+0.00000,+0.00000,0.00000,0.00,0,+0.000,+0.00000,-117.987,-0.37303,-10.00,+0.05000,0,+0.00000,+0.00000,0.00000,-178.492,1,198.6,0.0
14.155216,3,0,0.274293,0.274293,0.2750,-0.00071,0,0,0,+0.00000,+0.00000,0.00000,0.00,0,+0.000,+0.00000,-117.987,-0.37303,-10.00,+0.05000,0,+0.00000,+0.00000,0.00000,-178.492,1,198.6,0.0
14.160048,3,0,0.274295,0.274295,0.2750,-0.00070,0,0,0,+0.00000,+0.00000,0.00000,0.00,0,+0.000,+0.00000,-118.193,-0.37303,-10.00,+0.05000,0,+0.00000,+0.00000,0.00000,-178.502,1,198.6,0.0
14.164805,3,0,0.274297,0.274297,0.2750,-0.00070,0,0,0,+0.00000,+0.00000,0.00000,0.00,0,+0.000,+0.00000,-118.352,-0.37303,-10.00,+0.05000,0,+0.00000,+0.00000,0.00000,-178.510,1,198.6,0.0
14.169515,3,0,0.274299,0.274299,0.2750,-0.00070,0,0,0,+0.00000,+0.00000,0.00000,0.00,0,+0.000,+0.00000,-118.352,-0.37303,-10.00,+0.05000,0,+0.00000,+0.00000,0.00000,-178.510,1,198.6,0.0
14.174542,3,0,0.274302,0.274302,0.2750,-0.00070,0,0,0,+0.00000,+0.00000,0.00000,0.00,0,+0.000,+0.00000,-118.556,-0.37303,-10.00,+0.05000,0,+0.00000,+0.00000,0.00000,-178.520,1,198.6,0.0
14.178989,3,0,0.274304,0.274304,0.2750,-0.00070,0,0,0,+0.00000,+0.00000,0.00000,0.00,0,+0.000,+0.00000,-118.556,-0.37303,-10.00,+0.05000,0,+0.00000,+0.00000,0.00000,-178.520,1,198.6,0.0
14.184413,3,0,0.274306,0.274306,0.2750,-0.00069,0,0,0,+0.00000,+0.00000,0.00000,0.00,0,+0.000,+0.00000,-118.738,-0.37303,-10.00,+0.05000,0,+0.00000,+0.00000,0.00000,-178.528,1,198.6,0.0
14.189817,3,0,0.274309,0.274309,0.2750,-0.00069,0,0,0,+0.00000,+0.00000,0.00000,0.00,0,+0.000,+0.00000,-118.738,-0.37303,-10.00,+0.05000,0,+0.00000,+0.00000,0.00000,-178.528,1,198.6,0.0
14.194153,3,0,0.274311,0.274311,0.2750,-0.00069,0,0,0,+0.00000,+0.00000,0.00000,0.00,0,+0.000,+0.00000,-118.942,-0.37303,-10.00,+0.05000,0,+0.00000,+0.00000,0.00000,-178.538,1,198.6,0.0
14.198657,3,0,0.274313,0.274313,0.2750,-0.00069,0,0,0,+0.00000,+0.00000,0.00000,0.00,0,+0.000,+0.00000,-118.942,-0.37303,-10.00,+0.05000,0,+0.00000,+0.00000,0.00000,-178.538,1,198.6,0.0
14.203168,3,0,0.274315,0.274315,0.2750,-0.00068,0,0,0,+0.00000,+0.00000,0.00000,0.00,0,+0.000,+0.00000,-119.103,-0.37303,-10.00,+0.05000,0,+0.00000,+0.00000,0.00000,-178.545,1,198.6,0.0
14.207566,3,0,0.274317,0.274317,0.2750,-0.00068,0,0,0,+0.00000,+0.00000,0.00000,0.00,0,+0.000,+0.00000,-119.103,-0.37303,-10.00,+0.05000,0,+0.00000,+0.00000,0.00000,-178.545,1,198.6,0.0
14.212812,3,0,0.274319,0.274319,0.2750,-0.00068,0,0,0,+0.00000,+0.00000,0.00000,0.00,0,+0.000,+0.00000,-119.285,-0.37303,-10.00,+0.05000,0,+0.00000,+0.00000,0.00000,-178.553,1,198.6,0.0
14.217699,3,0,0.274322,0.274322,0.2750,-0.00068,0,0,0,+0.00000,+0.00000,0.00000,0.00,0,+0.000,+0.00000,-119.472,-0.37303,-10.00,+0.05000,0,+0.00000,+0.00000,0.00000,-178.562,1,204.0,0.0
14.222546,3,0,0.274324,0.274324,0.2750,-0.00068,0,0,0,+0.00000,+0.00000,0.00000,0.00,0,+0.000,+0.00000,-119.472,-0.37303,-10.00,+0.05000,0,+0.00000,+0.00000,0.00000,-178.562,1,204.0,0.0
14.227283,3,0,0.274326,0.274326,0.2750,-0.00067,0,0,0,+0.00000,+0.00000,0.00000,0.00,0,+0.000,+0.00000,-119.631,-0.37303,-10.00,+0.05000,0,+0.00000,+0.00000,0.00000,-178.569,1,204.0,0.0
14.231603,3,0,0.274328,0.274328,0.2750,-0.00067,0,0,0,+0.00000,+0.00000,0.00000,0.00,0,+0.000,+0.00000,-119.631,-0.37303,-10.00,+0.05000,0,+0.00000,+0.00000,0.00000,-178.569,1,204.0,0.0
14.236164,3,0,0.274330,0.274330,0.2750,-0.00067,0,0,0,+0.00000,+0.00000,0.00000,0.00,0,+0.000,+0.00000,-119.851,-0.37303,-10.00,+0.05000,0,+0.00000,+0.00000,0.00000,-178.578,1,204.0,0.0
14.241305,3,0,0.274332,0.274332,0.2750,-0.00067,0,0,0,+0.00000,+0.00000,0.00000,0.00,0,+0.000,+0.00000,-119.851,-0.37303,-10.00,+0.05000,0,+0.00000,+0.00000,0.00000,-178.578,1,204.0,0.0
14.246505,3,0,0.274335,0.274335,0.2750,-0.00067,0,0,0,+0.00000,+0.00000,0.00000,0.00,0,+0.000,+0.00000,-120.007,-0.37303,-10.00,+0.05000,0,+0.00000,+0.00000,0.00000,-178.585,1,204.0,0.0
14.251532,3,0,0.274337,0.274337,0.2750,-0.00066,0,0,0,+0.00000,+0.00000,0.00000,0.00,0,+0.000,+0.00000,-120.210,-0.37303,-10.00,+0.05000,0,+0.00000,+0.00000,0.00000,-178.594,1,204.0,0.0
14.256025,3,0,0.274339,0.274339,0.2750,-0.00066,0,0,0,+0.00000,+0.00000,0.00000,0.00,0,+0.000,+0.00000,-120.210,-0.37303,-10.00,+0.05000,0,+0.00000,+0.00000,0.00000,-178.594,1,204.0,0.0
14.260489,3,0,0.274341,0.274341,0.2750,-0.00066,0,0,0,+0.00000,+0.00000,0.00000,0.00,0,+0.000,+0.00000,-120.382,-0.37303,-10.00,+0.05000,0,+0.00000,+0.00000,0.00000,-178.601,1,204.0,0.0
14.265141,3,0,0.274343,0.274343,0.2750,-0.00066,0,0,0,+0.00000,+0.00000,0.00000,0.00,0,+0.000,+0.00000,-120.382,-0.37303,-10.00,+0.05000,0,+0.00000,+0.00000,0.00000,-178.601,1,204.0,0.0
14.269789,3,0,0.274345,0.274345,0.2750,-0.00066,0,0,0,+0.00000,+0.00000,0.00000,0.00,0,+0.000,+0.00000,-120.598,-0.37303,-10.00,+0.05000,0,+0.00000,+0.00000,0.00000,-178.610,1,204.0,0.0
14.274026,3,0,0.274347,0.274347,0.2750,-0.00065,0,0,0,+0.00000,+0.00000,0.00000,0.00,0,+0.000,+0.00000,-120.598,-0.37303,-10.00,+0.05000,0,+0.00000,+0.00000,0.00000,-178.610,1,204.0,0.0
14.278609,3,0,0.274349,0.274349,0.2750,-0.00065,0,0,0,+0.00000,+0.00000,0.00000,0.00,0,+0.000,+0.00000,-120.753,-0.37303,-10.00,+0.05000,0,+0.00000,+0.00000,0.00000,-178.616,1,204.0,0.0
14.283414,3,0,0.274351,0.274351,0.2750,-0.00065,0,0,0,+0.00000,+0.00000,0.00000,0.00,0,+0.000,+0.00000,-120.753,-0.37303,-10.00,+0.05000,0,+0.00000,+0.00000,0.00000,-178.616,1,204.0,0.0
14.287930,3,0,0.274353,0.274353,0.2750,-0.00065,0,0,0,+0.00000,+0.00000,0.00000,0.00,0,+0.000,+0.00000,-120.960,-0.37303,-10.00,+0.05000,0,+0.00000,+0.00000,0.00000,-178.624,1,204.0,0.0
14.292759,3,0,0.274355,0.274355,0.2750,-0.00065,0,0,0,+0.00000,+0.00000,0.00000,0.00,0,+0.000,+0.00000,-120.960,-0.37303,-10.00,+0.05000,0,+0.00000,+0.00000,0.00000,-178.624,1,204.0,0.0
14.297952,3,0,0.274357,0.274357,0.2750,-0.00064,0,0,0,+0.00000,+0.00000,0.00000,0.00,0,+0.000,+0.00000,-121.160,-0.37303,-10.00,+0.05000,0,+0.00000,+0.00000,0.00000,-178.632,1,204.0,0.0
14.302692,3,0,0.274359,0.274359,0.2750,-0.00064,0,0,0,+0.00000,+0.00000,0.00000,0.00,0,+0.000,+0.00000,-121.160,-0.37303,-10.00,+0.05000,0,+0.00000,+0.00000,0.00000,-178.632,1,204.0,0.0
14.307399,3,0,0.274361,0.274361,0.2750,-0.00064,0,0,0,+0.00000,+0.00000,0.00000,0.00,0,+0.000,+0.00000,-121.327,-0.37303,-10.00,+0.05000,0,+0.00000,+0.00000,0.00000,-178.639,1,204.0,0.0
14.315124,3,0,0.274364,0.274364,0.2750,-0.00064,0,0,0,+0.00000,+0.00000,0.00000,0.00,0,+0.000,+0.00000,-121.565,-0.37303,-10.00,+0.05000,0,+0.00000,+0.00000,0.00000,-178.648,1,204.0,0.0
14.319643,3,0,0.274366,0.274366,0.2750,-0.00063,0,0,0,+0.00000,+0.00000,0.00000,0.00,0,+0.000,+0.00000,-121.565,-0.37303,-10.00,+0.05000,0,+0.00000,+0.00000,0.00000,-178.648,1,204.0,0.0
14.324693,3,0,0.274368,0.274368,0.2750,-0.00063,0,0,0,+0.00000,+0.00000,0.00000,0.00,0,+0.000,+0.00000,-121.733,-0.37303,-10.00,+0.05000,0,+0.00000,+0.00000,0.00000,-178.655,1,204.0,0.0
14.329086,3,0,0.274370,0.274370,0.2750,-0.00063,0,0,0,+0.00000,+0.00000,0.00000,0.00,0,+0.000,+0.00000,-121.733,-0.37303,-10.00,+0.05000,0,+0.00000,+0.00000,0.00000,-178.655,1,204.0,0.0
14.335545,3,0,0.274373,0.274373,0.2750,-0.00063,0,0,0,+0.00000,+0.00000,0.00000,0.00,0,+0.000,+0.00000,-121.913,-0.37303,-10.00,+0.05000,0,+0.00000,+0.00000,0.00000,-178.661,1,204.0,0.0
14.340671,3,0,0.274375,0.274375,0.2750,-0.00062,0,0,0,+0.00000,+0.00000,0.00000,0.00,0,+0.000,+0.00000,-122.116,-0.37303,-10.00,+0.05000,0,+0.00000,+0.00000,0.00000,-178.669,1,204.0,0.0
14.346692,3,0,0.274378,0.274378,0.2750,-0.00062,0,0,0,+0.00000,+0.00000,0.00000,0.00,0,+0.000,+0.00000,-122.116,-0.37303,-10.00,+0.05000,0,+0.00000,+0.00000,0.00000,-178.669,1,204.0,0.0
14.351517,3,0,0.274380,0.274380,0.2750,-0.00062,0,0,0,+0.00000,+0.00000,0.00000,0.00,0,+0.000,+0.00000,-122.348,-0.37303,-10.00,+0.05000,0,+0.00000,+0.00000,0.00000,-178.677,1,204.0,0.0
14.356006,3,0,0.274381,0.274381,0.2750,-0.00062,0,0,0,+0.00000,+0.00000,0.00000,0.00,0,+0.000,+0.00000,-122.348,-0.37303,-10.00,+0.05000,0,+0.00000,+0.00000,0.00000,-178.677,1,204.0,0.0
14.360647,3,0,0.274383,0.274383,0.2750,-0.00062,0,0,0,+0.00000,+0.00000,0.00000,0.00,0,+0.000,+0.00000,-122.535,-0.37303,-10.00,+0.05000,0,+0.00000,+0.00000,0.00000,-178.684,1,204.0,0.0
14.365129,3,0,0.274385,0.274385,0.2750,-0.00061,0,0,0,+0.00000,+0.00000,0.00000,0.00,0,+0.000,+0.00000,-122.535,-0.37303,-10.00,+0.05000,0,+0.00000,+0.00000,0.00000,-178.684,1,204.0,0.0
14.369778,3,0,0.274387,0.274387,0.2750,-0.00061,0,0,0,+0.00000,+0.00000,0.00000,0.00,0,+0.000,+0.00000,-122.717,-0.37303,-10.00,+0.05000,0,+0.00000,+0.00000,0.00000,-178.691,1,204.0,0.0
14.374410,3,0,0.274389,0.274389,0.2750,-0.00061,0,0,0,+0.00000,+0.00000,0.00000,0.00,0,+0.000,+0.00000,-122.717,-0.37303,-10.00,+0.05000,0,+0.00000,+0.00000,0.00000,-178.691,1,204.0,0.0
14.379152,3,0,0.274391,0.274391,0.2750,-0.00061,0,0,0,+0.00000,+0.00000,0.00000,0.00,0,+0.000,+0.00000,-122.930,-0.37303,-10.00,+0.05000,0,+0.00000,+0.00000,0.00000,-178.698,1,204.0,0.0
14.383672,3,0,0.274393,0.274393,0.2750,-0.00061,0,0,0,+0.00000,+0.00000,0.00000,0.00,0,+0.000,+0.00000,-122.930,-0.37303,-10.00,+0.05000,0,+0.00000,+0.00000,0.00000,-178.698,1,204.0,0.0
14.388564,3,0,0.274395,0.274395,0.2750,-0.00061,0,0,0,+0.00000,+0.00000,0.00000,0.00,0,+0.000,+0.00000,-123.069,-0.37303,-10.00,+0.05000,0,+0.00000,+0.00000,0.00000,-178.703,1,204.0,0.0
14.393886,3,0,0.274397,0.274397,0.2750,-0.00060,0,0,0,+0.00000,+0.00000,0.00000,0.00,0,+0.000,+0.00000,-123.069,-0.37303,-10.00,+0.05000,0,+0.00000,+0.00000,0.00000,-178.703,1,204.0,0.0
14.399346,3,0,0.274399,0.274399,0.2750,-0.00060,0,0,0,+0.00000,+0.00000,0.00000,0.00,0,+0.000,+0.00000,-123.271,-0.37303,-10.00,+0.05000,0,+0.00000,+0.00000,0.00000,-178.710,1,204.0,0.0
14.404031,3,0,0.274401,0.274401,0.2750,-0.00060,0,0,0,+0.00000,+0.00000,0.00000,0.00,0,+0.000,+0.00000,-123.271,-0.37303,-10.00,+0.05000,0,+0.00000,+0.00000,0.00000,-178.710,1,204.0,0.0
14.409436,3,0,0.274403,0.274403,0.2750,-0.00060,0,0,0,+0.00000,+0.00000,0.00000,0.00,0,+0.000,+0.00000,-123.486,-0.37303,-10.00,+0.05000,0,+0.00000,+0.00000,0.00000,-178.717,1,204.0,0.0
14.414260,3,0,0.274405,0.274405,0.2750,-0.00060,0,0,0,+0.00000,+0.00000,0.00000,0.00,0,+0.000,+0.00000,-123.689,-0.37303,-10.00,+0.05000,0,+0.00000,+0.00000,0.00000,-178.724,1,204.0,0.0
14.418864,3,0,0.274407,0.274407,0.2750,-0.00059,0,0,0,+0.00000,+0.00000,0.00000,0.00,0,+0.000,+0.00000,-123.689,-0.37303,-10.00,+0.05000,0,+0.00000,+0.00000,0.00000,-178.724,1,204.0,0.0
14.423187,3,0,0.274408,0.274408,0.2750,-0.00059,0,0,0,+0.00000,+0.00000,0.00000,0.00,0,+0.000,+0.00000,-123.689,-0.37303,-10.00,+0.05000,0,+0.00000,+0.00000,0.00000,-178.724,1,204.0,0.0
14.428271,3,0,0.274410,0.274410,0.2750,-0.00059,0,0,0,+0.00000,+0.00000,0.00000,0.00,0,+0.000,+0.00000,-123.897,-0.37303,-10.00,+0.05000,0,+0.00000,+0.00000,0.00000,-178.731,1,204.0,0.0
14.432881,3,0,0.274412,0.274412,0.2750,-0.00059,0,0,0,+0.00000,+0.00000,0.00000,0.00,0,+0.000,+0.00000,-124.022,-0.37303,-10.00,+0.05000,0,+0.00000,+0.00000,0.00000,-178.735,1,204.0,0.0
14.437597,3,0,0.274414,0.274414,0.2750,-0.00059,0,0,0,+0.00000,+0.00000,0.00000,0.00,0,+0.000,+0.00000,-124.022,-0.37303,-10.00,+0.05000,0,+0.00000,+0.00000,0.00000,-178.735,1,204.0,0.0
14.442751,3,0,0.274416,0.274416,0.2750,-0.00058,0,0,0,+0.00000,+0.00000,0.00000,0.00,0,+0.000,+0.00000,-124.219,-0.37303,-10.00,+0.05000,0,+0.00000,+0.00000,0.00000,-178.742,1,204.0,0.0
14.447770,3,0,0.274418,0.274418,0.2750,-0.00058,0,0,0,+0.00000,+0.00000,0.00000,0.00,0,+0.000,+0.00000,-124.395,-0.37303,-10.00,+0.05000,0,+0.00000,+0.00000,0.00000,-178.747,1,204.0,0.0
14.452424,3,0,0.274420,0.274420,0.2750,-0.00058,0,0,0,+0.00000,+0.00000,0.00000,0.00,0,+0.000,+0.00000,-124.395,-0.37303,-10.00,+0.05000,0,+0.00000,+0.00000,0.00000,-178.747,1,204.0,0.0
14.457629,3,0,0.274422,0.274422,0.2750,-0.00058,0,0,0,+0.00000,+0.00000,0.00000,0.00,0,+0.000,+0.00000,-124.589,-0.37303,-10.00,+0.05000,0,+0.00000,+0.00000,0.00000,-178.754,1,204.0,0.0
14.462056,3,0,0.274424,0.274424,0.2750,-0.00058,0,0,0,+0.00000,+0.00000,0.00000,0.00,0,+0.000,+0.00000,-124.589,-0.37303,-10.00,+0.05000,0,+0.00000,+0.00000,0.00000,-178.754,1,204.0,0.0
14.467461,3,0,0.274426,0.274426,0.2750,-0.00057,0,0,0,+0.00000,+0.00000,0.00000,0.00,0,+0.000,+0.00000,-124.589,-0.37303,-10.00,+0.05000,0,+0.00000,+0.00000,0.00000,-178.754,1,204.0,0.0
14.471896,3,0,0.274427,0.274427,0.2750,-0.00057,0,0,0,+0.00000,+0.00000,0.00000,0.00,0,+0.000,+0.00000,-124.828,-0.37303,-10.00,+0.05000,0,+0.00000,+0.00000,0.00000,-178.761,1,204.0,0.0
14.476707,3,0,0.274429,0.274429,0.2750,-0.00057,0,0,0,+0.00000,+0.00000,0.00000,0.00,0,+0.000,+0.00000,-124.986,-0.37303,-10.00,+0.05000,0,+0.00000,+0.00000,0.00000,-178.766,1,204.0,0.0
14.481261,3,0,0.274431,0.274431,0.2750,-0.00057,0,0,0,+0.00000,+0.00000,0.00000,0.00,0,+0.000,+0.00000,-124.986,-0.37303,-10.00,+0.05000,0,+0.00000,+0.00000,0.00000,-178.766,1,204.0,0.0
14.485832,3,0,0.274433,0.274433,0.2750,-0.00057,0,0,0,+0.00000,+0.00000,0.00000,0.00,0,+0.000,+0.00000,-125.212,-0.37303,-10.00,+0.05000,0,+0.00000,+0.00000,0.00000,-178.773,1,204.0,0.0
14.491225,3,0,0.274435,0.274435,0.2750,-0.00057,0,0,0,+0.00000,+0.00000,0.00000,0.00,0,+0.000,+0.00000,-125.212,-0.37303,-10.00,+0.05000,0,+0.00000,+0.00000,0.00000,-178.773,1,204.0,0.0
14.496130,3,0,0.274437,0.274437,0.2750,-0.00056,0,0,0,+0.00000,+0.00000,0.00000,0.00,0,+0.000,+0.00000,-125.362,-0.37303,-10.00,+0.05000,0,+0.00000,+0.00000,0.00000,-178.777,1,204.0,0.0
14.501077,3,0,0.274438,0.274438,0.2750,-0.00056,0,0,0,+0.00000,+0.00000,0.00000,0.00,0,+0.000,+0.00000,-125.543,-0.37303,-10.00,+0.05000,0,+0.00000,+0.00000,0.00000,-178.783,1,204.0,0.0
14.505609,3,0,0.274440,0.274440,0.2750,-0.00056,0,0,0,+0.00000,+0.00000,0.00000,0.00,0,+0.000,+0.00000,-125.543,-0.37303,-10.00,+0.05000,0,+0.00000,+0.00000,0.00000,-178.783,1,204.0,0.0
14.510533,3,0,0.274442,0.274442,0.2750,-0.00056,0,0,0,+0.00000,+0.00000,0.00000,0.00,0,+0.000,+0.00000,-125.719,-0.37303,-10.00,+0.05000,0,+0.00000,+0.00000,0.00000,-178.788,1,204.0,0.0
14.514940,3,0,0.274444,0.274444,0.2750,-0.00056,0,0,0,+0.00000,+0.00000,0.00000,0.00,0,+0.000,+0.00000,-125.719,-0.37303,-10.00,+0.05000,0,+0.00000,+0.00000,0.00000,-178.788,1,204.0,0.0
14.519673,3,0,0.274445,0.274445,0.2750,-0.00055,0,0,0,+0.00000,+0.00000,0.00000,0.00,0,+0.000,+0.00000,-125.942,-0.37303,-10.00,+0.05000,0,+0.00000,+0.00000,0.00000,-178.795,1,204.0,0.0
14.525094,3,0,0.274447,0.274447,0.2750,-0.00055,0,0,0,+0.00000,+0.00000,0.00000,0.00,0,+0.000,+0.00000,-125.942,-0.37303,-10.00,+0.05000,0,+0.00000,+0.00000,0.00000,-178.795,1,204.0,0.0
14.530187,3,0,0.274449,0.274449,0.2750,-0.00055,0,0,0,+0.00000,+0.00000,0.00000,0.00,0,+0.000,+0.00000,-126.131,-0.37303,-10.00,+0.05000,0,+0.00000,+0.00000,0.00000,-178.800,1,204.0,0.0
14.534634,3,0,0.274451,0.274451,0.2750,-0.00055,0,0,0,+0.00000,+0.00000,0.00000,0.00,0,+0.000,+0.00000,-126.131,-0.37303,-10.00,+0.05000,0,+0.00000,+0.00000,0.00000,-178.800,1,204.0,0.0
14.539197,3,0,0.274453,0.274453,0.2750,-0.00055,0,0,0,+0.00000,+0.00000,0.00000,0.00,0,+0.000,+0.00000,-126.316,-0.37303,-10.00,+0.05000,0,+0.00000,+0.00000,0.00000,-178.805,1,204.0,0.0
14.544316,3,0,0.274454,0.274454,0.2750,-0.00055,0,0,0,+0.00000,+0.00000,0.00000,0.00,0,+0.000,+0.00000,-126.316,-0.37303,-10.00,+0.05000,0,+0.00000,+0.00000,0.00000,-178.805,1,204.0,0.0
14.548887,3,0,0.274456,0.274456,0.2750,-0.00054,0,0,0,+0.00000,+0.00000,0.00000,0.00,0,+0.000,+0.00000,-126.500,-0.37303,-10.00,+0.05000,0,+0.00000,+0.00000,0.00000,-178.810,1,204.0,0.0
14.555127,3,0,0.274458,0.274458,0.2750,-0.00054,0,0,0,+0.00000,+0.00000,0.00000,0.00,0,+0.000,+0.00000,-126.500,-0.37303,-10.00,+0.05000,0,+0.00000,+0.00000,0.00000,-178.810,1,204.0,0.0
14.560735,3,0,0.274460,0.274460,0.2750,-0.00054,0,0,0,+0.00000,+0.00000,0.00000,0.00,0,+0.000,+0.00000,-126.717,-0.37303,-10.00,+0.05000,0,+0.00000,+0.00000,0.00000,-178.817,1,204.0,0.0
14.565310,3,0,0.274462,0.274462,0.2750,-0.00054,0,0,0,+0.00000,+0.00000,0.00000,0.00,0,+0.000,+0.00000,-126.885,-0.37303,-10.00,+0.05000,0,+0.00000,+0.00000,0.00000,-178.821,1,204.0,0.0
14.572108,3,0,0.274464,0.274464,0.2750,-0.00054,0,0,0,+0.00000,+0.00000,0.00000,0.00,0,+0.000,+0.00000,-127.060,-0.37303,-10.00,+0.05000,0,+0.00000,+0.00000,0.00000,-178.826,1,204.0,0.0
14.577420,3,0,0.274466,0.274466,0.2750,-0.00053,0,0,0,+0.00000,+0.00000,0.00000,0.00,0,+0.000,+0.00000,-127.060,-0.37303,-10.00,+0.05000,0,+0.00000,+0.00000,0.00000,-178.826,1,204.0,0.0
14.582330,3,0,0.274468,0.274468,0.2750,-0.00053,0,0,0,+0.00000,+0.00000,0.00000,0.00,0,+0.000,+0.00000,-127.279,-0.37303,-10.00,+0.05000,0,+0.00000,+0.00000,0.00000,-178.832,1,204.0,0.0
14.586822,3,0,0.274470,0.274470,0.2750,-0.00053,0,0,0,+0.00000,+0.00000,0.00000,0.00,0,+0.000,+0.00000,-127.279,-0.37303,-10.00,+0.05000,0,+0.00000,+0.00000,0.00000,-178.832,1,204.0,0.0
14.591147,3,0,0.274471,0.274471,0.2750,-0.00053,0,0,0,+0.00000,+0.00000,0.00000,0.00,0,+0.000,+0.00000,-127.455,-0.37303,-10.00,+0.05000,0,+0.00000,+0.00000,0.00000,-178.837,1,204.0,0.0
14.595747,3,0,0.274473,0.274473,0.2750,-0.00053,0,0,0,+0.00000,+0.00000,0.00000,0.00,0,+0.000,+0.00000,-127.455,-0.37303,-10.00,+0.05000,0,+0.00000,+0.00000,0.00000,-178.837,1,204.0,0.0
14.600364,3,0,0.274474,0.274474,0.2750,-0.00053,0,0,0,+0.00000,+0.00000,0.00000,0.00,0,+0.000,+0.00000,-127.656,-0.37303,-10.00,+0.05000,0,+0.00000,+0.00000,0.00000,-178.842,1,204.0,0.0
14.604948,3,0,0.274476,0.274476,0.2750,-0.00052,0,0,0,+0.00000,+0.00000,0.00000,0.00,0,+0.000,+0.00000,-127.656,-0.37303,-10.00,+0.05000,0,+0.00000,+0.00000,0.00000,-178.842,1,204.0,0.0
14.609771,3,0,0.274478,0.274478,0.2750,-0.00052,0,0,0,+0.00000,+0.00000,0.00000,0.00,0,+0.000,+0.00000,-127.831,-0.37303,-10.00,+0.05000,0,+0.00000,+0.00000,0.00000,-178.846,1,204.0,0.0
14.614218,3,0,0.274479,0.274479,0.2750,-0.00052,0,0,0,+0.00000,+0.00000,0.00000,0.00,0,+0.000,+0.00000,-127.831,-0.37303,-10.00,+0.05000,0,+0.00000,+0.00000,0.00000,-178.846,1,204.0,0.0
14.619247,3,0,0.274481,0.274481,0.2750,-0.00052,0,0,0,+0.00000,+0.00000,0.00000,0.00,0,+0.000,+0.00000,-127.977,-0.37303,-10.00,+0.05000,0,+0.00000,+0.00000,0.00000,-178.850,1,204.0,0.0
14.623799,3,0,0.274483,0.274483,0.2750,-0.00052,0,0,0,+0.00000,+0.00000,0.00000,0.00,0,+0.000,+0.00000,-128.167,-0.37303,-10.00,+0.05000,0,+0.00000,+0.00000,0.00000,-178.855,1,204.0,0.0
14.628582,3,0,0.274484,0.274484,0.2750,-0.00052,0,0,0,+0.00000,+0.00000,0.00000,0.00,0,+0.000,+0.00000,-128.167,-0.37303,-10.00,+0.05000,0,+0.00000,+0.00000,0.00000,-178.855,1,204.0,0.0
14.633529,3,0,0.274486,0.274486,0.2750,-0.00051,0,0,0,+0.00000,+0.00000,0.00000,0.00,0,+0.000,+0.00000,-128.349,-0.37303,-10.00,+0.05000,0,+0.00000,+0.00000,0.00000,-178.860,1,204.0,0.0
14.638231,3,0,0.274487,0.274487,0.2750,-0.00051,0,0,0,+0.00000,+0.00000,0.00000,0.00,0,+0.000,+0.00000,-128.349,-0.37303,-10.00,+0.05000,0,+0.00000,+0.00000,0.00000,-178.860,1,204.0,0.0
14.642777,3,0,0.274489,0.274489,0.2750,-0.00051,0,0,0,+0.00000,+0.00000,0.00000,0.00,0,+0.000,+0.00000,-128.540,-0.37303,-10.00,+0.05000,0,+0.00000,+0.00000,0.00000,-178.864,1,204.0,0.0
14.647390,3,0,0.274491,0.274491,0.2750,-0.00051,0,0,0,+0.00000,+0.00000,0.00000,0.00,0,+0.000,+0.00000,-128.540,-0.37303,-10.00,+0.05000,0,+0.00000,+0.00000,0.00000,-178.864,1,204.0,0.0
14.651771,3,0,0.274492,0.274492,0.2750,-0.00051,0,0,0,+0.00000,+0.00000,0.00000,0.00,0,+0.000,+0.00000,-128.742,-0.37303,-10.00,+0.05000,0,+0.00000,+0.00000,0.00000,-178.869,1,204.0,0.0
14.657379,3,0,0.274494,0.274494,0.2750,-0.00051,0,0,0,+0.00000,+0.00000,0.00000,0.00,0,+0.000,+0.00000,-128.742,-0.37303,-10.00,+0.05000,0,+0.00000,+0.00000,0.00000,-178.869,1,204.0,0.0
14.662139,3,0,0.274496,0.274496,0.2750,-0.00050,0,0,0,+0.00000,+0.00000,0.00000,0.00,0,+0.000,+0.00000,-128.918,-0.37303,-10.00,+0.05000,0,+0.00000,+0.00000,0.00000,-178.874,1,204.0,0.0
14.666752,3,0,0.274497,0.274497,0.2750,-0.00050,0,0,0,+0.00000,+0.00000,0.00000,0.00,0,+0.000,+0.00000,-129.085,-0.37303,-10.00,+0.05000,0,+0.00000,+0.00000,0.00000,-178.878,1,204.0,0.0
14.671023,3,0,0.274499,0.274499,0.2750,-0.00050,0,0,0,+0.00000,+0.00000,0.00000,0.00,0,+0.000,+0.00000,-129.085,-0.37303,-10.00,+0.05000,0,+0.00000,+0.00000,0.00000,-178.878,1,204.0,0.0
14.675643,3,0,0.274500,0.274500,0.2750,-0.00050,0,0,0,+0.00000,+0.00000,0.00000,0.00,0,+0.000,+0.00000,-129.085,-0.37303,-10.00,+0.05000,0,+0.00000,+0.00000,0.00000,-178.878,1,204.0,0.0
14.680258,3,0,0.274502,0.274502,0.2750,-0.00050,0,0,0,+0.00000,+0.00000,0.00000,0.00,0,+0.000,+0.00000,-129.298,-0.37303,-10.00,+0.05000,0,+0.00000,+0.00000,0.00000,-178.883,1,204.0,0.0
14.684974,3,0,0.274503,0.274503,0.2750,-0.00050,0,0,0,+0.00000,+0.00000,0.00000,0.00,0,+0.000,+0.00000,-129.469,-0.37303,-10.00,+0.05000,0,+0.00000,+0.00000,0.00000,-178.887,1,204.0,0.0
14.689554,3,0,0.274505,0.274505,0.2750,-0.00050,0,0,0,+0.00000,+0.00000,0.00000,0.00,0,+0.000,+0.00000,-129.469,-0.37303,-10.00,+0.05000,0,+0.00000,+0.00000,0.00000,-178.887,1,204.0,0.0
14.694163,3,0,0.274506,0.274506,0.2750,-0.00049,0,0,0,+0.00000,+0.00000,0.00000,0.00,0,+0.000,+0.00000,-129.645,-0.37303,-10.00,+0.05000,0,+0.00000,+0.00000,0.00000,-178.891,1,204.0,0.0
14.698370,3,0,0.274508,0.274508,0.2750,-0.00049,0,0,0,+0.00000,+0.00000,0.00000,0.00,0,+0.000,+0.00000,-129.645,-0.37303,-10.00,+0.05000,0,+0.00000,+0.00000,0.00000,-178.891,1,204.0,0.0
14.703172,3,0,0.274509,0.274509,0.2750,-0.00049,0,0,0,+0.00000,+0.00000,0.00000,0.00,0,+0.000,+0.00000,-129.645,-0.37303,-10.00,+0.05000,0,+0.00000,+0.00000,0.00000,-178.891,1,204.0,0.0
14.709256,3,0,0.274511,0.274511,0.2750,-0.00049,0,0,0,+0.00000,+0.00000,0.00000,0.00,0,+0.000,+0.00000,-129.880,-0.37303,-10.00,+0.05000,0,+0.00000,+0.00000,0.00000,-178.897,1,204.0,0.0
14.723385,3,0,0.274516,0.274516,0.2750,-0.00048,0,0,0,+0.00000,+0.00000,0.00000,0.00,0,+0.000,+0.00000,-130.296,-0.37303,-10.00,+0.05000,0,+0.00000,+0.00000,0.00000,-178.906,1,204.0,0.0
14.740079,3,0,0.274521,0.274521,0.2750,-0.00048,0,0,0,+0.00000,+0.00000,0.00000,0.00,0,+0.000,+0.00000,-130.648,-0.37303,-10.00,+0.05000,0,+0.00000,+0.00000,0.00000,-178.914,1,204.0,0.0
14.749322,3,0,0.274524,0.274524,0.2750,-0.00048,0,0,0,+0.00000,+0.00000,0.00000,0.00,0,+0.000,+0.00000,-130.810,-0.37303,-10.00,+0.05000,0,+0.00000,+0.00000,0.00000,-178.917,1,204.0,0.0
14.754530,3,0,0.274526,0.274526,0.2750,-0.00047,0,0,0,+0.00000,+0.00000,0.00000,0.00,0,+0.000,+0.00000,-130.810,-0.37303,-10.00,+0.05000,0,+0.00000,+0.00000,0.00000,-178.917,1,204.0,0.0
14.763802,3,0,0.274529,0.274529,0.2750,-0.00047,0,0,0,+0.00000,+0.00000,0.00000,0.00,0,+0.000,+0.00000,-130.810,-0.37303,-10.00,+0.05000,0,+0.00000,+0.00000,0.00000,-178.917,1,204.0,0.0
14.768954,3,0,0.274530,0.274530,0.2750,-0.00047,0,0,0,+0.00000,+0.00000,0.00000,0.00,0,+0.000,+0.00000,-131.186,-0.37303,-10.00,+0.05000,0,+0.00000,+0.00000,0.00000,-178.926,1,204.0,0.0
14.774669,3,0,0.274532,0.274532,0.2750,-0.00047,0,0,0,+0.00000,+0.00000,0.00000,0.00,0,+0.000,+0.00000,-131.186,-0.37303,-10.00,+0.05000,0,+0.00000,+0.00000,0.00000,-178.926,1,204.0,0.0
14.779851,3,0,0.274534,0.274534,0.2750,-0.00047,0,0,0,+0.00000,+0.00000,0.00000,0.00,0,+0.000,+0.00000,-131.412,-0.37303,-10.00,+0.05000,0,+0.00000,+0.00000,0.00000,-178.930,1,204.0,0.0
14.784360,3,0,0.274535,0.274535,0.2750,-0.00046,0,0,0,+0.00000,+0.00000,0.00000,0.00,0,+0.000,+0.00000,-131.592,-0.37303,-10.00,+0.05000,0,+0.00000,+0.00000,0.00000,-178.934,1,204.0,0.0
14.788979,3,0,0.274536,0.274536,0.2750,-0.00046,0,0,0,+0.00000,+0.00000,0.00000,0.00,0,+0.000,+0.00000,-131.592,-0.37303,-10.00,+0.05000,0,+0.00000,+0.00000,0.00000,-178.934,1,204.0,0.0
14.793497,3,0,0.274538,0.274538,0.2750,-0.00046,0,0,0,+0.00000,+0.00000,0.00000,0.00,0,+0.000,+0.00000,-131.764,-0.37303,-10.00,+0.05000,0,+0.00000,+0.00000,0.00000,-178.938,1,204.0,0.0
14.798039,3,0,0.274539,0.274539,0.2750,-0.00046,0,0,0,+0.00000,+0.00000,0.00000,0.00,0,+0.000,+0.00000,-131.764,-0.37303,-10.00,+0.05000,0,+0.00000,+0.00000,0.00000,-178.938,1,204.0,0.0
14.802940,3,0,0.274541,0.274541,0.2750,-0.00046,0,0,0,+0.00000,+0.00000,0.00000,0.00,0,+0.000,+0.00000,-131.764,-0.37303,-10.00,+0.05000,0,+0.00000,+0.00000,0.00000,-178.938,1,204.0,0.0
14.809689,3,0,0.274543,0.274543,0.2750,-0.00046,0,0,0,+0.00000,+0.00000,0.00000,0.00,0,+0.000,+0.00000,-131.998,-0.37303,-10.00,+0.05000,0,+0.00000,+0.00000,0.00000,-178.943,1,204.0,0.0
14.814273,3,0,0.274544,0.274544,0.2750,-0.00046,0,0,0,+0.00000,+0.00000,0.00000,0.00,0,+0.000,+0.00000,-132.170,-0.37303,-10.00,+0.05000,0,+0.00000,+0.00000,0.00000,-178.946,1,204.0,0.0
14.818889,3,0,0.274546,0.274546,0.2750,-0.00045,0,0,0,+0.00000,+0.00000,0.00000,0.00,0,+0.000,+0.00000,-132.170,-0.37303,-10.00,+0.05000,0,+0.00000,+0.00000,0.00000,-178.946,1,204.0,0.0
14.823923,3,0,0.274547,0.274547,0.2750,-0.00045,0,0,0,+0.00000,+0.00000,0.00000,0.00,0,+0.000,+0.00000,-132.371,-0.37303,-10.00,+0.05000,0,+0.00000,+0.00000,0.00000,-178.950,1,204.0,0.0
14.828598,3,0,0.274549,0.274549,0.2750,-0.00045,0,0,0,+0.00000,+0.00000,0.00000,0.00,0,+0.000,+0.00000,-132.527,-0.37303,-10.00,+0.05000,0,+0.00000,+0.00000,0.00000,-178.953,1,204.0,0.0
14.834502,3,0,0.274550,0.274550,0.2750,-0.00045,0,0,0,+0.00000,+0.00000,0.00000,0.00,0,+0.000,+0.00000,-132.527,-0.37303,-10.00,+0.05000,0,+0.00000,+0.00000,0.00000,-178.953,1,204.0,0.0
14.838944,3,0,0.274552,0.274552,0.2750,-0.00045,0,0,0,+0.00000,+0.00000,0.00000,0.00,0,+0.000,+0.00000,-132.732,-0.37303,-10.00,+0.05000,0,+0.00000,+0.00000,0.00000,-178.957,1,204.0,0.0
14.843569,3,0,0.274553,0.274553,0.2750,-0.00045,0,0,0,+0.00000,+0.00000,0.00000,0.00,0,+0.000,+0.00000,-132.732,-0.37303,-10.00,+0.05000,0,+0.00000,+0.00000,0.00000,-178.957,1,204.0,0.0
14.848762,3,0,0.274555,0.274555,0.2750,-0.00045,0,0,0,+0.00000,+0.00000,0.00000,0.00,0,+0.000,+0.00000,-132.899,-0.37303,-10.00,+0.05000,0,+0.00000,+0.00000,0.00000,-178.961,1,204.0,0.0
14.856460,3,0,0.274557,0.274557,0.2750,-0.00044,0,0,0,+0.00000,+0.00000,0.00000,0.00,0,+0.000,+0.00000,-132.899,-0.37303,-10.00,+0.05000,0,+0.00000,+0.00000,0.00000,-178.961,1,204.0,0.0
14.861082,3,0,0.274558,0.274558,0.2750,-0.00044,0,0,0,+0.00000,+0.00000,0.00000,0.00,0,+0.000,+0.00000,-133.193,-0.37303,-10.00,+0.05000,0,+0.00000,+0.00000,0.00000,-178.966,1,204.0,0.0
14.865889,3,0,0.274560,0.274560,0.2750,-0.00044,0,0,0,+0.00000,+0.00000,0.00000,0.00,0,+0.000,+0.00000,-133.341,-0.37303,-10.00,+0.05000,0,+0.00000,+0.00000,0.00000,-178.969,1,204.0,0.0
14.870235,3,0,0.274561,0.274561,0.2750,-0.00044,0,0,0,+0.00000,+0.00000,0.00000,0.00,0,+0.000,+0.00000,-133.341,-0.37303,-10.00,+0.05000,0,+0.00000,+0.00000,0.00000,-178.969,1,204.0,0.0
14.874820,3,0,0.274562,0.274562,0.2750,-0.00044,0,0,0,+0.00000,+0.00000,0.00000,0.00,0,+0.000,+0.00000,-133.341,-0.37303,-10.00,+0.05000,0,+0.00000,+0.00000,0.00000,-178.969,1,204.0,0.0
14.879979,3,0,0.274564,0.274564,0.2750,-0.00044,0,0,0,+0.00000,+0.00000,0.00000,0.00,0,+0.000,+0.00000,-133.548,-0.37303,-10.00,+0.05000,0,+0.00000,+0.00000,0.00000,-178.973,1,204.0,0.0
14.884904,3,0,0.274565,0.274565,0.2750,-0.00043,0,0,0,+0.00000,+0.00000,0.00000,0.00,0,+0.000,+0.00000,-133.710,-0.37303,-10.00,+0.05000,0,+0.00000,+0.00000,0.00000,-178.976,1,204.0,0.0
14.890947,3,0,0.274567,0.274567,0.2750,-0.00043,0,0,0,+0.00000,+0.00000,0.00000,0.00,0,+0.000,+0.00000,-133.872,-0.37303,-10.00,+0.05000,0,+0.00000,+0.00000,0.00000,-178.979,1,204.0,0.0
14.895640,3,0,0.274568,0.274568,0.2750,-0.00043,0,0,0,+0.00000,+0.00000,0.00000,0.00,0,+0.000,+0.00000,-133.872,-0.37303,-10.00,+0.05000,0,+0.00000,+0.00000,0.00000,-178.979,1,204.0,0.0
14.900509,3,0,0.274570,0.274570,0.2750,-0.00043,0,0,0,+0.00000,+0.00000,0.00000,0.00,0,+0.000,+0.00000,-134.079,-0.37303,-10.00,+0.05000,0,+0.00000,+0.00000,0.00000,-178.983,1,204.0,0.0
14.905068,3,0,0.274571,0.274571,0.2750,-0.00043,0,0,0,+0.00000,+0.00000,0.00000,0.00,0,+0.000,+0.00000,-134.079,-0.37303,-10.00,+0.05000,0,+0.00000,+0.00000,0.00000,-178.983,1,204.0,0.0
14.909446,3,0,0.274572,0.274572,0.2750,-0.00043,0,0,0,+0.00000,+0.00000,0.00000,0.00,0,+0.000,+0.00000,-134.079,-0.37303,-10.00,+0.05000,0,+0.00000,+0.00000,0.00000,-178.983,1,204.0,0.0
14.914881,3,0,0.274574,0.274574,0.2750,-0.00043,0,0,0,+0.00000,+0.00000,0.00000,0.00,0,+0.000,+0.00000,-134.290,-0.37303,-10.00,+0.05000,0,+0.00000,+0.00000,0.00000,-178.987,1,204.0,0.0
14.919854,3,0,0.274575,0.274575,0.2750,-0.00042,0,0,0,+0.00000,+0.00000,0.00000,0.00,0,+0.000,+0.00000,-134.491,-0.37303,-10.00,+0.05000,0,+0.00000,+0.00000,0.00000,-178.991,1,204.0,0.0
14.924600,3,0,0.274577,0.274577,0.2750,-0.00042,0,0,0,+0.00000,+0.00000,0.00000,0.00,0,+0.000,+0.00000,-134.491,-0.37303,-10.00,+0.05000,0,+0.00000,+0.00000,0.00000,-178.991,1,204.0,0.0
14.929297,3,0,0.274578,0.274578,0.2750,-0.00042,0,0,0,+0.00000,+0.00000,0.00000,0.00,0,+0.000,+0.00000,-134.647,-0.37303,-10.00,+0.05000,0,+0.00000,+0.00000,0.00000,-178.993,1,204.0,0.0
14.933903,3,0,0.274579,0.274579,0.2750,-0.00042,0,0,0,+0.00000,+0.00000,0.00000,0.00,0,+0.000,+0.00000,-134.647,-0.37303,-10.00,+0.05000,0,+0.00000,+0.00000,0.00000,-178.993,1,204.0,0.0
14.938257,3,0,0.274580,0.274580,0.2750,-0.00042,0,0,0,+0.00000,+0.00000,0.00000,0.00,0,+0.000,+0.00000,-134.846,-0.37303,-10.00,+0.05000,0,+0.00000,+0.00000,0.00000,-178.997,1,204.0,0.0
14.943356,3,0,0.274582,0.274582,0.2750,-0.00042,0,0,0,+0.00000,+0.00000,0.00000,0.00,0,+0.000,+0.00000,-134.846,-0.37303,-10.00,+0.05000,0,+0.00000,+0.00000,0.00000,-178.997,1,204.0,0.0
14.947995,3,0,0.274583,0.274583,0.2750,-0.00042,0,0,0,+0.00000,+0.00000,0.00000,0.00,0,+0.000,+0.00000,-135.054,-0.37303,-10.00,+0.05000,0,+0.00000,+0.00000,0.00000,-179.001,1,204.0,0.0
14.953396,3,0,0.274585,0.274585,0.2750,-0.00042,0,0,0,+0.00000,+0.00000,0.00000,0.00,0,+0.000,+0.00000,-135.054,-0.37303,-10.00,+0.05000,0,+0.00000,+0.00000,0.00000,-179.001,1,204.0,0.0
14.958918,3,0,0.274586,0.274586,0.2750,-0.00041,0,0,0,+0.00000,+0.00000,0.00000,0.00,0,+0.000,+0.00000,-135.256,-0.37303,-10.00,+0.05000,0,+0.00000,+0.00000,0.00000,-179.004,1,204.0,0.0
14.963431,3,0,0.274587,0.274587,0.2750,-0.00041,0,0,0,+0.00000,+0.00000,0.00000,0.00,0,+0.000,+0.00000,-135.256,-0.37303,-10.00,+0.05000,0,+0.00000,+0.00000,0.00000,-179.004,1,204.0,0.0
14.967984,3,0,0.274589,0.274589,0.2750,-0.00041,0,0,0,+0.00000,+0.00000,0.00000,0.00,0,+0.000,+0.00000,-135.453,-0.37303,-10.00,+0.05000,0,+0.00000,+0.00000,0.00000,-179.007,1,204.0,0.0
14.972563,3,0,0.274590,0.274590,0.2750,-0.00041,0,0,0,+0.00000,+0.00000,0.00000,0.00,0,+0.000,+0.00000,-135.453,-0.37303,-10.00,+0.05000,0,+0.00000,+0.00000,0.00000,-179.007,1,204.0,0.0
14.980135,3,0,0.274592,0.274592,0.2750,-0.00041,0,0,0,+0.00000,+0.00000,0.00000,0.00,0,+0.000,+0.00000,-135.687,-0.37303,-10.00,+0.05000,0,+0.00000,+0.00000,0.00000,-179.011,1,204.0,0.0
14.990391,3,0,0.274595,0.274595,0.2750,-0.00041,0,0,0,+0.00000,+0.00000,0.00000,0.00,0,+0.000,+0.00000,-135.965,-0.37303,-10.00,+0.05000,0,+0.00000,+0.00000,0.00000,-179.016,1,204.0,0.0
14.995731,3,0,0.274596,0.274596,0.2750,-0.00040,0,0,0,+0.00000,+0.00000,0.00000,0.00,0,+0.000,+0.00000,-135.965,-0.37303,-10.00,+0.05000,0,+0.00000,+0.00000,0.00000,-179.016,1,204.0,0.0
15.000525,3,0,0.274597,0.274597,0.2750,-0.00040,0,0,0,+0.00000,+0.00000,0.00000,0.00,0,+0.000,+0.00000,-136.204,-0.37303,-10.00,+0.05000,0,+0.00000,+0.00000,0.00000,-179.020,1,204.0,0.0
15.005208,3,0,0.274599,0.274599,0.2750,-0.00040,0,0,0,+0.00000,+0.00000,0.00000,0.00,0,+0.000,+0.00000,-136.204,-0.37303,-10.00,+0.05000,0,+0.00000,+0.00000,0.00000,-179.020,1,204.0,0.0
15.009796,3,0,0.274600,0.274600,0.2750,-0.00040,0,0,0,+0.00000,+0.00000,0.00000,0.00,0,+0.000,+0.00000,-136.386,-0.37303,-10.00,+0.05000,0,+0.00000,+0.00000,0.00000,-179.023,1,204.0,0.0
15.014744,3,0,0.274601,0.274601,0.2750,-0.00040,0,0,0,+0.00000,+0.00000,0.00000,0.00,0,+0.000,+0.00000,-136.386,-0.37303,-10.00,+0.05000,0,+0.00000,+0.00000,0.00000,-179.023,1,204.0,0.0
15.019338,3,0,0.274602,0.274602,0.2750,-0.00040,0,0,0,+0.00000,+0.00000,0.00000,0.00,0,+0.000,+0.00000,-136.566,-0.37303,-10.00,+0.05000,0,+0.00000,+0.00000,0.00000,-179.026,1,204.0,0.0
15.024828,3,0,0.274604,0.274604,0.2750,-0.00040,0,0,0,+0.00000,+0.00000,0.00000,0.00,0,+0.000,+0.00000,-136.566,-0.37303,-10.00,+0.05000,0,+0.00000,+0.00000,0.00000,-179.026,1,204.0,0.0
15.029196,3,0,0.274605,0.274605,0.2750,-0.00039,0,0,0,+0.00000,+0.00000,0.00000,0.00,0,+0.000,+0.00000,-136.786,-0.37303,-10.00,+0.05000,0,+0.00000,+0.00000,0.00000,-179.029,1,204.0,0.0
15.033772,3,0,0.274606,0.274606,0.2750,-0.00039,0,0,0,+0.00000,+0.00000,0.00000,0.00,0,+0.000,+0.00000,-136.786,-0.37303,-10.00,+0.05000,0,+0.00000,+0.00000,0.00000,-179.029,1,204.0,0.0
15.038371,3,0,0.274607,0.274607,0.2750,-0.00039,0,0,0,+0.00000,+0.00000,0.00000,0.00,0,+0.000,+0.00000,-136.958,-0.37303,-10.00,+0.05000,0,+0.00000,+0.00000,0.00000,-179.032,1,204.0,0.0
15.042783,3,0,0.274609,0.274609,0.2750,-0.00039,0,0,0,+0.00000,+0.00000,0.00000,0.00,0,+0.000,+0.00000,-136.958,-0.37303,-10.00,+0.05000,0,+0.00000,+0.00000,0.00000,-179.032,1,204.0,0.0
15.047945,3,0,0.274610,0.274610,0.2750,-0.00039,0,0,0,+0.00000,+0.00000,0.00000,0.00,0,+0.000,+0.00000,-137.177,-0.37303,-10.00,+0.05000,0,+0.00000,+0.00000,0.00000,-179.036,1,204.0,0.0
15.052529,3,0,0.274611,0.274611,0.2750,-0.00039,0,0,0,+0.00000,+0.00000,0.00000,0.00,0,+0.000,+0.00000,-137.177,-0.37303,-10.00,+0.05000,0,+0.00000,+0.00000,0.00000,-179.036,1,204.0,0.0
15.056875,3,0,0.274612,0.274612,0.2750,-0.00039,0,0,0,+0.00000,+0.00000,0.00000,0.00,0,+0.000,+0.00000,-137.406,-0.37303,-10.00,+0.05000,0,+0.00000,+0.00000,0.00000,-179.039,1,204.0,0.0
15.061646,3,0,0.274614,0.274614,0.2750,-0.00039,0,0,0,+0.00000,+0.00000,0.00000,0.00,0,+0.000,+0.00000,-137.406,-0.37303,-10.00,+0.05000,0,+0.00000,+0.00000,0.00000,-179.039,1,204.0,0.0
15.066386,3,0,0.274615,0.274615,0.2750,-0.00039,0,0,0,+0.00000,+0.00000,0.00000,0.00,0,+0.000,+0.00000,-137.549,-0.37303,-10.00,+0.05000,0,+0.00000,+0.00000,0.00000,-179.041,1,204.0,0.0
15.070974,3,0,0.274616,0.274616,0.2750,-0.00038,0,0,0,+0.00000,+0.00000,0.00000,0.00,0,+0.000,+0.00000,-137.549,-0.37303,-10.00,+0.05000,0,+0.00000,+0.00000,0.00000,-179.041,1,204.0,0.0
15.076303,3,0,0.274617,0.274617,0.2750,-0.00038,0,0,0,+0.00000,+0.00000,0.00000,0.00,0,+0.000,+0.00000,-137.749,-0.37303,-10.00,+0.05000,0,+0.00000,+0.00000,0.00000,-179.044,1,204.0,0.0
15.080876,3,0,0.274618,0.274618,0.2750,-0.00038,0,0,0,+0.00000,+0.00000,0.00000,0.00,0,+0.000,+0.00000,-137.921,-0.37303,-10.00,+0.05000,0,+0.00000,+0.00000,0.00000,-179.047,1,204.0,0.0
15.085484,3,0,0.274620,0.274620,0.2750,-0.00038,0,0,0,+0.00000,+0.00000,0.00000,0.00,0,+0.000,+0.00000,-137.921,-0.37303,-10.00,+0.05000,0,+0.00000,+0.00000,0.00000,-179.047,1,204.0,0.0
15.089927,3,0,0.274621,0.274621,0.2750,-0.00038,0,0,0,+0.00000,+0.00000,0.00000,0.00,0,+0.000,+0.00000,-138.098,-0.37303,-10.00,+0.05000,0,+0.00000,+0.00000,0.00000,-179.050,1,204.0,0.0
15.094371,3,0,0.274622,0.274622,0.2750,-0.00038,0,0,0,+0.00000,+0.00000,0.00000,0.00,0,+0.000,+0.00000,-138.098,-0.37303,-10.00,+0.05000,0,+0.00000,+0.00000,0.00000,-179.050,1,204.0,0.0
15.098780,3,0,0.274623,0.274623,0.2750,-0.00038,0,0,0,+0.00000,+0.00000,0.00000,0.00,0,+0.000,+0.00000,-138.274,-0.37303,-10.00,+0.05000,0,+0.00000,+0.00000,0.00000,-179.052,1,204.0,0.0
15.103407,3,0,0.274624,0.274624,0.2750,-0.00038,0,0,0,+0.00000,+0.00000,0.00000,0.00,0,+0.000,+0.00000,-138.274,-0.37303,-10.00,+0.05000,0,+0.00000,+0.00000,0.00000,-179.052,1,204.0,0.0
15.107931,3,0,0.274625,0.274625,0.2750,-0.00037,0,0,0,+0.00000,+0.00000,0.00000,0.00,0,+0.000,+0.00000,-138.484,-0.37303,-10.00,+0.05000,0,+0.00000,+0.00000,0.00000,-179.055,1,204.0,0.0
15.112328,3,0,0.274626,0.274626,0.2750,-0.00037,0,0,0,+0.00000,+0.00000,0.00000,0.00,0,+0.000,+0.00000,-138.484,-0.37303,-10.00,+0.05000,0,+0.00000,+0.00000,0.00000,-179.055,1,204.0,0.0
15.120667,3,0,0.274628,0.274628,0.2750,-0.00037,0,0,0,+0.00000,+0.00000,0.00000,0.00,0,+0.000,+0.00000,-138.642,-0.37303,-10.00,+0.05000,0,+0.00000,+0.00000,0.00000,-179.058,1,204.0,0.0
15.125874,3,0,0.274630,0.274630,0.2750,-0.00037,0,0,0,+0.00000,+0.00000,0.00000,0.00,0,+0.000,+0.00000,-138.885,-0.37303,-10.00,+0.05000,0,+0.00000,+0.00000,0.00000,-179.061,1,204.0,0.0
15.130812,3,0,0.274631,0.274631,0.2750,-0.00037,0,0,0,+0.00000,+0.00000,0.00000,0.00,0,+0.000,+0.00000,-139.001,-0.37303,-10.00,+0.05000,0,+0.00000,+0.00000,0.00000,-179.063,1,204.0,0.0
15.135502,3,0,0.274632,0.274632,0.2750,-0.00037,0,0,0,+0.00000,+0.00000,0.00000,0.00,0,+0.000,+0.00000,-139.001,-0.37303,-10.00,+0.05000,0,+0.00000,+0.00000,0.00000,-179.063,1,204.0,0.0
15.140156,3,0,0.274633,0.274633,0.2750,-0.00037,0,0,0,+0.00000,+0.00000,0.00000,0.00,0,+0.000,+0.00000,-139.001,-0.37303,-10.00,+0.05000,0,+0.00000,+0.00000,0.00000,-179.063,1,204.0,0.0
15.144698,3,0,0.274634,0.274634,0.2750,-0.00037,0,0,0,+0.00000,+0.00000,0.00000,0.00,0,+0.000,+0.00000,-139.226,-0.37303,-10.00,+0.05000,0,+0.00000,+0.00000,0.00000,-179.066,1,204.0,0.0
15.150133,3,0,0.274636,0.274636,0.2750,-0.00036,0,0,0,+0.00000,+0.00000,0.00000,0.00,0,+0.000,+0.00000,-139.413,-0.37303,-10.00,+0.05000,0,+0.00000,+0.00000,0.00000,-179.069,1,204.0,0.0
15.155881,3,0,0.274637,0.274637,0.2750,-0.00036,0,0,0,+0.00000,+0.00000,0.00000,0.00,0,+0.000,+0.00000,-139.413,-0.37303,-10.00,+0.05000,0,+0.00000,+0.00000,0.00000,-179.069,1,204.0,0.0
15.160420,3,0,0.274638,0.274638,0.2750,-0.00036,0,0,0,+0.00000,+0.00000,0.00000,0.00,0,+0.000,+0.00000,-139.568,-0.37303,-10.00,+0.05000,0,+0.00000,+0.00000,0.00000,-179.071,1,204.0,0.0
15.165354,3,0,0.274639,0.274639,0.2750,-0.00036,0,0,0,+0.00000,+0.00000,0.00000,0.00,0,+0.000,+0.00000,-139.568,-0.37303,-10.00,+0.05000,0,+0.00000,+0.00000,0.00000,-179.071,1,204.0,0.0
15.169918,3,0,0.274640,0.274640,0.2750,-0.00036,0,0,0,+0.00000,+0.00000,0.00000,0.00,0,+0.000,+0.00000,-139.770,-0.37303,-10.00,+0.05000,0,+0.00000,+0.00000,0.00000,-179.074,1,204.0,0.0
15.175006,3,0,0.274642,0.274642,0.2750,-0.00036,0,0,0,+0.00000,+0.00000,0.00000,0.00,0,+0.000,+0.00000,-139.770,-0.37303,-10.00,+0.05000,0,+0.00000,+0.00000,0.00000,-179.074,1,204.0,0.0
15.180791,3,0,0.274643,0.274643,0.2750,-0.00036,0,0,0,+0.00000,+0.00000,0.00000,0.00,0,+0.000,+0.00000,-139.974,-0.37303,-10.00,+0.05000,0,+0.00000,+0.00000,0.00000,-179.076,1,204.0,0.0
15.185567,3,0,0.274644,0.274644,0.2750,-0.00036,0,0,0,+0.00000,+0.00000,0.00000,0.00,0,+0.000,+0.00000,-140.151,-0.37303,-10.00,+0.05000,0,+0.00000,+0.00000,0.00000,-179.079,1,204.0,0.0
15.190604,3,0,0.274645,0.274645,0.2750,-0.00035,0,0,0,+0.00000,+0.00000,0.00000,0.00,0,+0.000,+0.00000,-140.151,-0.37303,-10.00,+0.05000,0,+0.00000,+0.00000,0.00000,-179.079,1,204.0,0.0
15.195970,3,0,0.274647,0.274647,0.2750,-0.00035,0,0,0,+0.00000,+0.00000,0.00000,0.00,0,+0.000,+0.00000,-140.298,-0.37303,-10.00,+0.05000,0,+0.00000,+0.00000,0.00000,-179.081,1,204.0,0.0
15.200580,3,0,0.274648,0.274648,0.2750,-0.00035,0,0,0,+0.00000,+0.00000,0.00000,0.00,0,+0.000,+0.00000,-140.496,-0.37303,-10.00,+0.05000,0,+0.00000,+0.00000,0.00000,-179.083,1,204.0,0.0
15.205062,3,0,0.274649,0.274649,0.2750,-0.00035,0,0,0,+0.00000,+0.00000,0.00000,0.00,0,+0.000,+0.00000,-140.496,-0.37303,-10.00,+0.05000,0,+0.00000,+0.00000,0.00000,-179.083,1,204.0,0.0
15.211457,3,0,0.274650,0.274650,0.2750,-0.00035,0,0,0,+0.00000,+0.00000,0.00000,0.00,0,+0.000,+0.00000,-140.721,-0.37303,-10.00,+0.05000,0,+0.00000,+0.00000,0.00000,-179.086,1,204.0,0.0
15.215983,3,0,0.274651,0.274651,0.2750,-0.00035,0,0,0,+0.00000,+0.00000,0.00000,0.00,0,+0.000,+0.00000,-140.721,-0.37303,-10.00,+0.05000,0,+0.00000,+0.00000,0.00000,-179.086,1,204.0,0.0
15.222546,3,0,0.274653,0.274653,0.2750,-0.00035,0,0,0,+0.00000,+0.00000,0.00000,0.00,0,+0.000,+0.00000,-140.960,-0.37303,-10.00,+0.05000,0,+0.00000,+0.00000,0.00000,-179.089,1,196.0,0.0
15.227115,3,0,0.274654,0.274654,0.2750,-0.00035,0,0,0,+0.00000,+0.00000,0.00000,0.00,0,+0.000,+0.00000,-140.960,-0.37303,-10.00,+0.05000,0,+0.00000,+0.00000,0.00000,-179.089,1,196.0,0.0
15.231679,3,0,0.274655,0.274655,0.2750,-0.00035,0,0,0,+0.00000,+0.00000,0.00000,0.00,0,+0.000,+0.00000,-141.097,-0.37303,-10.00,+0.05000,0,+0.00000,+0.00000,0.00000,-179.091,1,196.0,0.0
15.236523,3,0,0.274656,0.274656,0.2750,-0.00034,0,0,0,+0.00000,+0.00000,0.00000,0.00,0,+0.000,+0.00000,-141.097,-0.37303,-10.00,+0.05000,0,+0.00000,+0.00000,0.00000,-179.091,1,196.0,0.0
15.242105,3,0,0.274657,0.274657,0.2750,-0.00034,0,0,0,+0.00000,+0.00000,0.00000,0.00,0,+0.000,+0.00000,-141.302,-0.37303,-10.00,+0.05000,0,+0.00000,+0.00000,0.00000,-179.094,1,196.0,0.0
15.246857,3,0,0.274658,0.274658,0.2750,-0.00034,0,0,0,+0.00000,+0.00000,0.00000,0.00,0,+0.000,+0.00000,-141.476,-0.37303,-10.00,+0.05000,0,+0.00000,+0.00000,0.00000,-179.096,1,196.0,0.0
15.251361,3,0,0.274659,0.274659,0.2750,-0.00034,0,0,0,+0.00000,+0.00000,0.00000,0.00,0,+0.000,+0.00000,-141.476,-0.37303,-10.00,+0.05000,0,+0.00000,+0.00000,0.00000,-179.096,1,196.0,0.0
15.255900,3,0,0.274660,0.274660,0.2750,-0.00034,0,0,0,+0.00000,+0.00000,0.00000,0.00,0,+0.000,+0.00000,-141.660,-0.37303,-10.00,+0.05000,0,+0.00000,+0.00000,0.00000,-179.098,1,196.0,0.0
15.260683,3,0,0.274662,0.274662,0.2750,-0.00034,0,0,0,+0.00000,+0.00000,0.00000,0.00,0,+0.000,+0.00000,-141.660,-0.37303,-10.00,+0.05000,0,+0.00000,+0.00000,0.00000,-179.098,1,196.0,0.0
15.265391,3,0,0.274663,0.274663,0.2750,-0.00034,0,0,0,+0.00000,+0.00000,0.00000,0.00,0,+0.000,+0.00000,-141.846,-0.37303,-10.00,+0.05000,0,+0.00000,+0.00000,0.00000,-179.101,1,196.0,0.0
15.269972,3,0,0.274664,0.274664,0.2750,-0.00034,0,0,0,+0.00000,+0.00000,0.00000,0.00,0,+0.000,+0.00000,-141.846,-0.37303,-10.00,+0.05000,0,+0.00000,+0.00000,0.00000,-179.101,1,196.0,0.0
15.274738,3,0,0.274665,0.274665,0.2750,-0.00034,0,0,0,+0.00000,+0.00000,0.00000,0.00,0,+0.000,+0.00000,-142.060,-0.37303,-10.00,+0.05000,0,+0.00000,+0.00000,0.00000,-179.103,1,196.0,0.0
15.279202,3,0,0.274666,0.274666,0.2750,-0.00033,0,0,0,+0.00000,+0.00000,0.00000,0.00,0,+0.000,+0.00000,-142.060,-0.37303,-10.00,+0.05000,0,+0.00000,+0.00000,0.00000,-179.103,1,196.0,0.0
15.283750,3,0,0.274667,0.274667,0.2750,-0.00033,0,0,0,+0.00000,+0.00000,0.00000,0.00,0,+0.000,+0.00000,-142.241,-0.37303,-10.00,+0.05000,0,+0.00000,+0.00000,0.00000,-179.105,1,196.0,0.0
15.288553,3,0,0.274668,0.274668,0.2750,-0.00033,0,0,0,+0.00000,+0.00000,0.00000,0.00,0,+0.000,+0.00000,-142.241,-0.37303,-10.00,+0.05000,0,+0.00000,+0.00000,0.00000,-179.105,1,196.0,0.0
15.293157,3,0,0.274669,0.274669,0.2750,-0.00033,0,0,0,+0.00000,+0.00000,0.00000,0.00,0,+0.000,+0.00000,-142.421,-0.37303,-10.00,+0.05000,0,+0.00000,+0.00000,0.00000,-179.108,1,196.0,0.0
15.299579,3,0,0.274670,0.274670,0.2750,-0.00033,0,0,0,+0.00000,+0.00000,0.00000,0.00,0,+0.000,+0.00000,-142.606,-0.37303,-10.00,+0.05000,0,+0.00000,+0.00000,0.00000,-179.110,1,196.0,0.0
15.304250,3,0,0.274671,0.274671,0.2750,-0.00033,0,0,0,+0.00000,+0.00000,0.00000,0.00,0,+0.000,+0.00000,-142.606,-0.37303,-10.00,+0.05000,0,+0.00000,+0.00000,0.00000,-179.110,1,196.0,0.0
15.309048,3,0,0.274672,0.274672,0.2750,-0.00033,0,0,0,+0.00000,+0.00000,0.00000,0.00,0,+0.000,+0.00000,-142.807,-0.37303,-10.00,+0.05000,0,+0.00000,+0.00000,0.00000,-179.112,1,196.0,0.0
15.313486,3,0,0.274673,0.274673,0.2750,-0.00033,0,0,0,+0.00000,+0.00000,0.00000,0.00,0,+0.000,+0.00000,-142.807,-0.37303,-10.00,+0.05000,0,+0.00000,+0.00000,0.00000,-179.112,1,196.0,0.0
15.318227,3,0,0.274674,0.274674,0.2750,-0.00033,0,0,0,+0.00000,+0.00000,0.00000,0.00,0,+0.000,+0.00000,-143.009,-0.37303,-10.00,+0.05000,0,+0.00000,+0.00000,0.00000,-179.115,1,196.0,0.0
15.322810,3,0,0.274675,0.274675,0.2750,-0.00032,0,0,0,+0.00000,+0.00000,0.00000,0.00,0,+0.000,+0.00000,-143.009,-0.37303,-10.00,+0.05000,0,+0.00000,+0.00000,0.00000,-179.115,1,196.0,0.0
15.327296,3,0,0.274676,0.274676,0.2750,-0.00032,0,0,0,+0.00000,+0.00000,0.00000,0.00,0,+0.000,+0.00000,-143.199,-0.37303,-10.00,+0.05000,0,+0.00000,+0.00000,0.00000,-179.117,1,196.0,0.0
15.331965,3,0,0.274677,0.274677,0.2750,-0.00032,0,0,0,+0.00000,+0.00000,0.00000,0.00,0,+0.000,+0.00000,-143.199,-0.37303,-10.00,+0.05000,0,+0.00000,+0.00000,0.00000,-179.117,1,196.0,0.0
15.336536,3,0,0.274678,0.274678,0.2750,-0.00032,0,0,0,+0.00000,+0.00000,0.00000,0.00,0,+0.000,+0.00000,-143.373,-0.37303,-10.00,+0.05000,0,+0.00000,+0.00000,0.00000,-179.119,1,196.0,0.0
15.341207,3,0,0.274679,0.274679,0.2750,-0.00032,0,0,0,+0.00000,+0.00000,0.00000,0.00,0,+0.000,+0.00000,-143.373,-0.37303,-10.00,+0.05000,0,+0.00000,+0.00000,0.00000,-179.119,1,196.0,0.0
15.345603,3,0,0.274680,0.274680,0.2750,-0.00032,0,0,0,+0.00000,+0.00000,0.00000,0.00,0,+0.000,+0.00000,-143.573,-0.37303,-10.00,+0.05000,0,+0.00000,+0.00000,0.00000,-179.121,1,196.0,0.0
15.350069,3,0,0.274681,0.274681,0.2750,-0.00032,0,0,0,+0.00000,+0.00000,0.00000,0.00,0,+0.000,+0.00000,-143.573,-0.37303,-10.00,+0.05000,0,+0.00000,+0.00000,0.00000,-179.121,1,196.0,0.0
15.354910,3,0,0.274682,0.274682,0.2750,-0.00032,0,0,0,+0.00000,+0.00000,0.00000,0.00,0,+0.000,+0.00000,-143.788,-0.37303,-10.00,+0.05000,0,+0.00000,+0.00000,0.00000,-179.123,1,196.0,0.0
15.359437,3,0,0.274683,0.274683,0.2750,-0.00032,0,0,0,+0.00000,+0.00000,0.00000,0.00,0,+0.000,+0.00000,-143.788,-0.37303,-10.00,+0.05000,0,+0.00000,+0.00000,0.00000,-179.123,1,196.0,0.0
15.365346,3,0,0.274684,0.274684,0.2750,-0.00032,0,0,0,+0.00000,+0.00000,0.00000,0.00,0,+0.000,+0.00000,-144.013,-0.37303,-10.00,+0.05000,0,+0.00000,+0.00000,0.00000,-179.126,1,196.0,0.0
15.370043,3,0,0.274685,0.274685,0.2750,-0.00031,0,0,0,+0.00000,+0.00000,0.00000,0.00,0,+0.000,+0.00000,-144.013,-0.37303,-10.00,+0.05000,0,+0.00000,+0.00000,0.00000,-179.126,1,196.0,0.0
15.374921,3,0,0.274686,0.274686,0.2750,-0.00031,0,0,0,+0.00000,+0.00000,0.00000,0.00,0,+0.000,+0.00000,-144.168,-0.37303,-10.00,+0.05000,0,+0.00000,+0.00000,0.00000,-179.128,1,196.0,0.0
15.379824,3,0,0.274687,0.274687,0.2750,-0.00031,0,0,0,+0.00000,+0.00000,0.00000,0.00,0,+0.000,+0.00000,-144.168,-0.37303,-10.00,+0.05000,0,+0.00000,+0.00000,0.00000,-179.128,1,196.0,0.0
15.384455,3,0,0.274688,0.274688,0.2750,-0.00031,0,0,0,+0.00000,+0.00000,0.00000,0.00,0,+0.000,+0.00000,-144.349,-0.37303,-10.00,+0.05000,0,+0.00000,+0.00000,0.00000,-179.130,1,196.0,0.0
15.389017,3,0,0.274689,0.274689,0.2750,-0.00031,0,0,0,+0.00000,+0.00000,0.00000,0.00,0,+0.000,+0.00000,-144.349,-0.37303,-10.00,+0.05000,0,+0.00000,+0.00000,0.00000,-179.130,1,196.0,0.0
15.394624,3,0,0.274690,0.274690,0.2750,-0.00031,0,0,0,+0.00000,+0.00000,0.00000,0.00,0,+0.000,+0.00000,-144.561,-0.37303,-10.00,+0.05000,0,+0.00000,+0.00000,0.00000,-179.132,1,196.0,0.0
15.399429,3,0,0.274691,0.274691,0.2750,-0.00031,0,0,0,+0.00000,+0.00000,0.00000,0.00,0,+0.000,+0.00000,-144.561,-0.37303,-10.00,+0.05000,0,+0.00000,+0.00000,0.00000,-179.132,1,196.0,0.0
15.403875,3,0,0.274692,0.274692,0.2750,-0.00031,0,0,0,+0.00000,+0.00000,0.00000,0.00,0,+0.000,+0.00000,-144.763,-0.37303,-10.00,+0.05000,0,+0.00000,+0.00000,0.00000,-179.134,1,196.0,0.0
15.408597,3,0,0.274693,0.274693,0.2750,-0.00031,0,0,0,+0.00000,+0.00000,0.00000,0.00,0,+0.000,+0.00000,-144.940,-0.37303,-10.00,+0.05000,0,+0.00000,+0.00000,0.00000,-179.136,1,196.0,0.0
15.413257,3,0,0.274694,0.274694,0.2750,-0.00031,0,0,0,+0.00000,+0.00000,0.00000,0.00,0,+0.000,+0.00000,-144.940,-0.37303,-10.00,+0.05000,0,+0.00000,+0.00000,0.00000,-179.136,1,196.0,0.0
15.418270,3,0,0.274695,0.274695,0.2750,-0.00030,0,0,0,+0.00000,+0.00000,0.00000,0.00,0,+0.000,+0.00000,-145.111,-0.37303,-10.00,+0.05000,0,+0.00000,+0.00000,0.00000,-179.138,1,196.0,0.0
15.422956,3,0,0.274696,0.274696,0.2750,-0.00030,0,0,0,+0.00000,+0.00000,0.00000,0.00,0,+0.000,+0.00000,-145.111,-0.37303,-10.00,+0.05000,0,+0.00000,+0.00000,0.00000,-179.138,1,196.0,0.0
15.427894,3,0,0.274697,0.274697,0.2750,-0.00030,0,0,0,+0.00000,+0.00000,0.00000,0.00,0,+0.000,+0.00000,-145.320,-0.37303,-10.00,+0.05000,0,+0.00000,+0.00000,0.00000,-179.140,1,196.0,0.0
15.432599,3,0,0.274698,0.274698,0.2750,-0.00030,0,0,0,+0.00000,+0.00000,0.00000,0.00,0,+0.000,+0.00000,-145.320,-0.37303,-10.00,+0.05000,0,+0.00000,+0.00000,0.00000,-179.140,1,196.0,0.0
15.437387,3,0,0.274699,0.274699,0.2750,-0.00030,0,0,0,+0.00000,+0.00000,0.00000,0.00,0,+0.000,+0.00000,-145.489,-0.37303,-10.00,+0.05000,0,+0.00000,+0.00000,0.00000,-179.142,1,196.0,0.0
15.442348,3,0,0.274700,0.274700,0.2750,-0.00030,0,0,0,+0.00000,+0.00000,0.00000,0.00,0,+0.000,+0.00000,-145.489,-0.37303,-10.00,+0.05000,0,+0.00000,+0.00000,0.00000,-179.142,1,196.0,0.0
15.446668,3,0,0.274701,0.274701,0.2750,-0.00030,0,0,0,+0.00000,+0.00000,0.00000,0.00,0,+0.000,+0.00000,-145.683,-0.37303,-10.00,+0.05000,0,+0.00000,+0.00000,0.00000,-179.144,1,196.0,0.0
15.451254,3,0,0.274702,0.274702,0.2750,-0.00030,0,0,0,+0.00000,+0.00000,0.00000,0.00,0,+0.000,+0.00000,-145.852,-0.37303,-10.00,+0.05000,0,+0.00000,+0.00000,0.00000,-179.146,1,196.0,0.0
15.456227,3,0,0.274703,0.274703,0.2750,-0.00030,0,0,0,+0.00000,+0.00000,0.00000,0.00,0,+0.000,+0.00000,-145.852,-0.37303,-10.00,+0.05000,0,+0.00000,+0.00000,0.00000,-179.146,1,196.0,0.0
15.461142,3,0,0.274704,0.274704,0.2750,-0.00030,0,0,0,+0.00000,+0.00000,0.00000,0.00,0,+0.000,+0.00000,-146.024,-0.37303,-10.00,+0.05000,0,+0.00000,+0.00000,0.00000,-179.147,1,196.0,0.0
15.465740,3,0,0.274705,0.274705,0.2750,-0.00030,0,0,0,+0.00000,+0.00000,0.00000,0.00,0,+0.000,+0.00000,-146.024,-0.37303,-10.00,+0.05000,0,+0.00000,+0.00000,0.00000,-179.147,1,196.0,0.0
15.470548,3,0,0.274706,0.274706,0.2750,-0.00029,0,0,0,+0.00000,+0.00000,0.00000,0.00,0,+0.000,+0.00000,-146.228,-0.37303,-10.00,+0.05000,0,+0.00000,+0.00000,0.00000,-179.149,1,196.0,0.0
15.475147,3,0,0.274707,0.274707,0.2750,-0.00029,0,0,0,+0.00000,+0.00000,0.00000,0.00,0,+0.000,+0.00000,-146.228,-0.37303,-10.00,+0.05000,0,+0.00000,+0.00000,0.00000,-179.149,1,196.0,0.0
15.479797,3,0,0.274708,0.274708,0.2750,-0.00029,0,0,0,+0.00000,+0.00000,0.00000,0.00,0,+0.000,+0.00000,-146.399,-0.37303,-10.00,+0.05000,0,+0.00000,+0.00000,0.00000,-179.151,1,196.0,0.0
15.486091,3,0,0.274709,0.274709,0.2750,-0.00029,0,0,0,+0.00000,+0.00000,0.00000,0.00,0,+0.000,+0.00000,-146.399,-0.37303,-10.00,+0.05000,0,+0.00000,+0.00000,0.00000,-179.151,1,196.0,0.0
15.491402,3,0,0.274710,0.274710,0.2750,-0.00029,0,0,0,+0.00000,+0.00000,0.00000,0.00,0,+0.000,+0.00000,-146.621,-0.37303,-10.00,+0.05000,0,+0.00000,+0.00000,0.00000,-179.153,1,196.0,0.0
15.496004,3,0,0.274711,0.274711,0.2750,-0.00029,0,0,0,+0.00000,+0.00000,0.00000,0.00,0,+0.000,+0.00000,-146.744,-0.37303,-10.00,+0.05000,0,+0.00000,+0.00000,0.00000,-179.154,1,196.0,0.0
15.500542,3,0,0.274712,0.274712,0.2750,-0.00029,0,0,0,+0.00000,+0.00000,0.00000,0.00,0,+0.000,+0.00000,-146.744,-0.37303,-10.00,+0.05000,0,+0.00000,+0.00000,0.00000,-179.154,1,196.0,0.0
15.505645,3,0,0.274713,0.274713,0.2750,-0.00029,0,0,0,+0.00000,+0.00000,0.00000,0.00,0,+0.000,+0.00000,-146.922,-0.37303,-10.00,+0.05000,0,+0.00000,+0.00000,0.00000,-179.156,1,196.0,0.0
15.510446,3,0,0.274713,0.274713,0.2750,-0.00029,0,0,0,+0.00000,+0.00000,0.00000,0.00,0,+0.000,+0.00000,-146.922,-0.37303,-10.00,+0.05000,0,+0.00000,+0.00000,0.00000,-179.156,1,196.0,0.0
15.515062,3,0,0.274714,0.274714,0.2750,-0.00029,0,0,0,+0.00000,+0.00000,0.00000,0.00,0,+0.000,+0.00000,-147.140,-0.37303,-10.00,+0.05000,0,+0.00000,+0.00000,0.00000,-179.158,1,196.0,0.0
15.519842,3,0,0.274715,0.274715,0.2750,-0.00028,0,0,0,+0.00000,+0.00000,0.00000,0.00,0,+0.000,+0.00000,-147.300,-0.37303,-10.00,+0.05000,0,+0.00000,+0.00000,0.00000,-179.160,1,196.0,0.0
15.524617,3,0,0.274716,0.274716,0.2750,-0.00028,0,0,0,+0.00000,+0.00000,0.00000,0.00,0,+0.000,+0.00000,-147.300,-0.37303,-10.00,+0.05000,0,+0.00000,+0.00000,0.00000,-179.160,1,196.0,0.0
15.529186,3,0,0.274717,0.274717,0.2750,-0.00028,0,0,0,+0.00000,+0.00000,0.00000,0.00,0,+0.000,+0.00000,-147.470,-0.37303,-10.00,+0.05000,0,+0.00000,+0.00000,0.00000,-179.161,1,196.0,0.0
15.533839,3,0,0.274718,0.274718,0.2750,-0.00028,0,0,0,+0.00000,+0.00000,0.00000,0.00,0,+0.000,+0.00000,-147.470,-0.37303,-10.00,+0.05000,0,+0.00000,+0.00000,0.00000,-179.161,1,196.0,0.0
15.538624,3,0,0.274719,0.274719,0.2750,-0.00028,0,0,0,+0.00000,+0.00000,0.00000,0.00,0,+0.000,+0.00000,-147.674,-0.37303,-10.00,+0.05000,0,+0.00000,+0.00000,0.00000,-179.163,1,196.0,0.0
15.542993,3,0,0.274720,0.274720,0.2750,-0.00028,0,0,0,+0.00000,+0.00000,0.00000,0.00,0,+0.000,+0.00000,-147.674,-0.37303,-10.00,+0.05000,0,+0.00000,+0.00000,0.00000,-179.163,1,196.0,0.0
15.547415,3,0,0.274720,0.274720,0.2750,-0.00028,0,0,0,+0.00000,+0.00000,0.00000,0.00,0,+0.000,+0.00000,-147.850,-0.37303,-10.00,+0.05000,0,+0.00000,+0.00000,0.00000,-179.165,1,196.0,0.0
15.552088,3,0,0.274721,0.274721,0.2750,-0.00028,0,0,0,+0.00000,+0.00000,0.00000,0.00,0,+0.000,+0.00000,-147.850,-0.37303,-10.00,+0.05000,0,+0.00000,+0.00000,0.00000,-179.165,1,196.0,0.0
15.556832,3,0,0.274722,0.274722,0.2750,-0.00028,0,0,0,+0.00000,+0.00000,0.00000,0.00,0,+0.000,+0.00000,-148.055,-0.37303,-10.00,+0.05000,0,+0.00000,+0.00000,0.00000,-179.167,1,196.0,0.0
15.564629,3,0,0.274724,0.274724,0.2750,-0.00028,0,0,0,+0.00000,+0.00000,0.00000,0.00,0,+0.000,+0.00000,-148.055,-0.37303,-10.00,+0.05000,0,+0.00000,+0.00000,0.00000,-179.167,1,196.0,0.0
15.570636,3,0,0.274725,0.274725,0.2750,-0.00028,0,0,0,+0.00000,+0.00000,0.00000,0.00,0,+0.000,+0.00000,-148.295,-0.37303,-10.00,+0.05000,0,+0.00000,+0.00000,0.00000,-179.169,1,196.0,0.0
15.575120,3,0,0.274726,0.274726,0.2750,-0.00027,0,0,0,+0.00000,+0.00000,0.00000,0.00,0,+0.000,+0.00000,-148.459,-0.37303,-10.00,+0.05000,0,+0.00000,+0.00000,0.00000,-179.170,1,196.0,0.0
15.579645,3,0,0.274726,0.274726,0.2750,-0.00027,0,0,0,+0.00000,+0.00000,0.00000,0.00,0,+0.000,+0.00000,-148.459,-0.37303,-10.00,+0.05000,0,+0.00000,+0.00000,0.00000,-179.170,1,196.0,0.0
15.584200,3,0,0.274727,0.274727,0.2750,-0.00027,0,0,0,+0.00000,+0.00000,0.00000,0.00,0,+0.000,+0.00000,-148.652,-0.37303,-10.00,+0.05000,0,+0.00000,+0.00000,0.00000,-179.172,1,196.0,0.0
15.590739,3,0,0.274728,0.274728,0.2750,-0.00027,0,0,0,+0.00000,+0.00000,0.00000,0.00,0,+0.000,+0.00000,-148.652,-0.37303,-10.00,+0.05000,0,+0.00000,+0.00000,0.00000,-179.172,1,196.0,0.0
15.595650,3,0,0.274729,0.274729,0.2750,-0.00027,0,0,0,+0.00000,+0.00000,0.00000,0.00,0,+0.000,+0.00000,-148.849,-0.37303,-10.00,+0.05000,0,+0.00000,+0.00000,0.00000,-179.174,1,196.0,0.0
15.600551,3,0,0.274730,0.274730,0.2750,-0.00027,0,0,0,+0.00000,+0.00000,0.00000,0.00,0,+0.000,+0.00000,-149.025,-0.37303,-10.00,+0.05000,0,+0.00000,+0.00000,0.00000,-179.175,1,196.0,0.0
15.604930,3,0,0.274731,0.274731,0.2750,-0.00027,0,0,0,+0.00000,+0.00000,0.00000,0.00,0,+0.000,+0.00000,-149.025,-0.37303,-10.00,+0.05000,0,+0.00000,+0.00000,0.00000,-179.175,1,196.0,0.0
15.609800,3,0,0.274732,0.274732,0.2750,-0.00027,0,0,0,+0.00000,+0.00000,0.00000,0.00,0,+0.000,+0.00000,-149.232,-0.37303,-10.00,+0.05000,0,+0.00000,+0.00000,0.00000,-179.177,1,196.0,0.0
15.614316,3,0,0.274733,0.274733,0.2750,-0.00027,0,0,0,+0.00000,+0.00000,0.00000,0.00,0,+0.000,+0.00000,-149.232,-0.37303,-10.00,+0.05000,0,+0.00000,+0.00000,0.00000,-179.177,1,196.0,0.0
15.618795,3,0,0.274733,0.274733,0.2750,-0.00027,0,0,0,+0.00000,+0.00000,0.00000,0.00,0,+0.000,+0.00000,-149.431,-0.37303,-10.00,+0.05000,0,+0.00000,+0.00000,0.00000,-179.179,1,196.0,0.0
15.623410,3,0,0.274734,0.274734,0.2750,-0.00027,0,0,0,+0.00000,+0.00000,0.00000,0.00,0,+0.000,+0.00000,-149.431,-0.37303,-10.00,+0.05000,0,+0.00000,+0.00000,0.00000,-179.179,1,196.0,0.0
15.628384,3,0,0.274735,0.274735,0.2750,-0.00026,0,0,0,+0.00000,+0.00000,0.00000,0.00,0,+0.000,+0.00000,-149.431,-0.37303,-10.00,+0.05000,0,+0.00000,+0.00000,0.00000,-179.179,1,196.0,0.0
15.632753,3,0,0.274736,0.274736,0.2750,-0.00026,0,0,0,+0.00000,+0.00000,0.00000,0.00,0,+0.000,+0.00000,-149.658,-0.37303,-10.00,+0.05000,0,+0.00000,+0.00000,0.00000,-179.181,1,196.0,0.0
15.637426,3,0,0.274737,0.274737,0.2750,-0.00026,0,0,0,+0.00000,+0.00000,0.00000,0.00,0,+0.000,+0.00000,-149.658,-0.37303,-10.00,+0.05000,0,+0.00000,+0.00000,0.00000,-179.181,1,196.0,0.0
15.641620,3,0,0.274737,0.274737,0.2750,-0.00026,0,0,0,+0.00000,+0.00000,0.00000,0.00,0,+0.000,+0.00000,-149.835,-0.37303,-10.00,+0.05000,0,+0.00000,+0.00000,0.00000,-179.182,1,196.0,0.0
15.646138,3,0,0.274738,0.274738,0.2750,-0.00026,0,0,0,+0.00000,+0.00000,0.00000,0.00,0,+0.000,+0.00000,-150.009,-0.37303,-10.00,+0.05000,0,+0.00000,+0.00000,0.00000,-179.184,1,196.0,0.0
15.650868,3,0,0.274739,0.274739,0.2750,-0.00026,0,0,0,+0.00000,+0.00000,0.00000,0.00,0,+0.000,+0.00000,-150.009,-0.37303,-10.00,+0.05000,0,+0.00000,+0.00000,0.00000,-179.184,1,196.0,0.0
15.656343,3,0,0.274740,0.274740,0.2750,-0.00026,0,0,0,+0.00000,+0.00000,0.00000,0.00,0,+0.000,+0.00000,-150.194,-0.37303,-10.00,+0.05000,0,+0.00000,+0.00000,0.00000,-179.185,1,196.0,0.0
15.660867,3,0,0.274741,0.274741,0.2750,-0.00026,0,0,0,+0.00000,+0.00000,0.00000,0.00,0,+0.000,+0.00000,-150.194,-0.37303,-10.00,+0.05000,0,+0.00000,+0.00000,0.00000,-179.185,1,196.0,0.0
15.665178,3,0,0.274742,0.274742,0.2750,-0.00026,0,0,0,+0.00000,+0.00000,0.00000,0.00,0,+0.000,+0.00000,-150.366,-0.37303,-10.00,+0.05000,0,+0.00000,+0.00000,0.00000,-179.187,1,196.0,0.0
15.669781,3,0,0.274742,0.274742,0.2750,-0.00026,0,0,0,+0.00000,+0.00000,0.00000,0.00,0,+0.000,+0.00000,-150.366,-0.37303,-10.00,+0.05000,0,+0.00000,+0.00000,0.00000,-179.187,1,196.0,0.0
15.674298,3,0,0.274743,0.274743,0.2750,-0.00026,0,0,0,+0.00000,+0.00000,0.00000,0.00,0,+0.000,+0.00000,-150.547,-0.37303,-10.00,+0.05000,0,+0.00000,+0.00000,0.00000,-179.188,1,196.0,0.0
15.678869,3,0,0.274744,0.274744,0.2750,-0.00026,0,0,0,+0.00000,+0.00000,0.00000,0.00,0,+0.000,+0.00000,-150.547,-0.37303,-10.00,+0.05000,0,+0.00000,+0.00000,0.00000,-179.188,1,196.0,0.0
15.685240,3,0,0.274745,0.274745,0.2750,-0.00026,0,0,0,+0.00000,+0.00000,0.00000,0.00,0,+0.000,+0.00000,-150.735,-0.37303,-10.00,+0.05000,0,+0.00000,+0.00000,0.00000,-179.190,1,196.0,0.0
15.690152,3,0,0.274746,0.274746,0.2750,-0.00025,0,0,0,+0.00000,+0.00000,0.00000,0.00,0,+0.000,+0.00000,-150.735,-0.37303,-10.00,+0.05000,0,+0.00000,+0.00000,0.00000,-179.190,1,196.0,0.0
15.695352,3,0,0.274747,0.274747,0.2750,-0.00025,0,0,0,+0.00000,+0.00000,0.00000,0.00,0,+0.000,+0.00000,-150.974,-0.37303,-10.00,+0.05000,0,+0.00000,+0.00000,0.00000,-179.191,1,196.0,0.0
15.700650,3,0,0.274748,0.274748,0.2750,-0.00025,0,0,0,+0.00000,+0.00000,0.00000,0.00,0,+0.000,+0.00000,-151.117,-0.37303,-10.00,+0.05000,0,+0.00000,+0.00000,0.00000,-179.193,1,196.0,0.0
15.704967,3,0,0.274748,0.274748,0.2750,-0.00025,0,0,0,+0.00000,+0.00000,0.00000,0.00,0,+0.000,+0.00000,-151.117,-0.37303,-10.00,+0.05000,0,+0.00000,+0.00000,0.00000,-179.193,1,196.0,0.0
15.709965,3,0,0.274749,0.274749,0.2750,-0.00025,0,0,0,+0.00000,+0.00000,0.00000,0.00,0,+0.000,+0.00000,-151.290,-0.37303,-10.00,+0.05000,0,+0.00000,+0.00000,0.00000,-179.194,1,196.0,0.0
15.714596,3,0,0.274750,0.274750,0.2750,-0.00025,0,0,0,+0.00000,+0.00000,0.00000,0.00,0,+0.000,+0.00000,-151.290,-0.37303,-10.00,+0.05000,0,+0.00000,+0.00000,0.00000,-179.194,1,196.0,0.0
15.720029,3,0,0.274751,0.274751,0.2750,-0.00025,0,0,0,+0.00000,+0.00000,0.00000,0.00,0,+0.000,+0.00000,-151.523,-0.37303,-10.00,+0.05000,0,+0.00000,+0.00000,0.00000,-179.196,1,196.0,0.0
15.724607,3,0,0.274752,0.274752,0.2750,-0.00025,0,0,0,+0.00000,+0.00000,0.00000,0.00,0,+0.000,+0.00000,-151.523,-0.37303,-10.00,+0.05000,0,+0.00000,+0.00000,0.00000,-179.196,1,196.0,0.0
15.729746,3,0,0.274752,0.274752,0.2750,-0.00025,0,0,0,+0.00000,+0.00000,0.00000,0.00,0,+0.000,+0.00000,-151.710,-0.37303,-10.00,+0.05000,0,+0.00000,+0.00000,0.00000,-179.197,1,196.0,0.0
15.734278,3,0,0.274753,0.274753,0.2750,-0.00025,0,0,0,+0.00000,+0.00000,0.00000,0.00,0,+0.000,+0.00000,-151.870,-0.37303,-10.00,+0.05000,0,+0.00000,+0.00000,0.00000,-179.198,1,196.0,0.0
15.738905,3,0,0.274754,0.274754,0.2750,-0.00025,0,0,0,+0.00000,+0.00000,0.00000,0.00,0,+0.000,+0.00000,-151.870,-0.37303,-10.00,+0.05000,0,+0.00000,+0.00000,0.00000,-179.198,1,196.0,0.0
15.743324,3,0,0.274755,0.274755,0.2750,-0.00025,0,0,0,+0.00000,+0.00000,0.00000,0.00,0,+0.000,+0.00000,-152.065,-0.37303,-10.00,+0.05000,0,+0.00000,+0.00000,0.00000,-179.200,1,196.0,0.0
15.749270,3,0,0.274756,0.274756,0.2750,-0.00024,0,0,0,+0.00000,+0.00000,0.00000,0.00,0,+0.000,+0.00000,-152.065,-0.37303,-10.00,+0.05000,0,+0.00000,+0.00000,0.00000,-179.200,1,196.0,0.0
15.753829,3,0,0.274756,0.274756,0.2750,-0.00024,0,0,0,+0.00000,+0.00000,0.00000,0.00,0,+0.000,+0.00000,-152.258,-0.37303,-10.00,+0.05000,0,+0.00000,+0.00000,0.00000,-179.201,1,196.0,0.0
15.758856,3,0,0.274757,0.274757,0.2750,-0.00024,0,0,0,+0.00000,+0.00000,0.00000,0.00,0,+0.000,+0.00000,-152.258,-0.37303,-10.00,+0.05000,0,+0.00000,+0.00000,0.00000,-179.201,1,196.0,0.0
15.764243,3,0,0.274758,0.274758,0.2750,-0.00024,0,0,0,+0.00000,+0.00000,0.00000,0.00,0,+0.000,+0.00000,-152.461,-0.37303,-10.00,+0.05000,0,+0.00000,+0.00000,0.00000,-179.203,1,196.0,0.0
15.769046,3,0,0.274759,0.274759,0.2750,-0.00024,0,0,0,+0.00000,+0.00000,0.00000,0.00,0,+0.000,+0.00000,-152.603,-0.37303,-10.00,+0.05000,0,+0.00000,+0.00000,0.00000,-179.204,1,196.0,0.0
15.773932,3,0,0.274760,0.274760,0.2750,-0.00024,0,0,0,+0.00000,+0.00000,0.00000,0.00,0,+0.000,+0.00000,-152.603,-0.37303,-10.00,+0.05000,0,+0.00000,+0.00000,0.00000,-179.204,1,196.0,0.0
15.778186,3,0,0.274760,0.274760,0.2750,-0.00024,0,0,0,+0.00000,+0.00000,0.00000,0.00,0,+0.000,+0.00000,-152.830,-0.37303,-10.00,+0.05000,0,+0.00000,+0.00000,0.00000,-179.205,1,196.0,0.0
15.783243,3,0,0.274761,0.274761,0.2750,-0.00024,0,0,0,+0.00000,+0.00000,0.00000,0.00,0,+0.000,+0.00000,-152.830,-0.37303,-10.00,+0.05000,0,+0.00000,+0.00000,0.00000,-179.205,1,196.0,0.0
15.787613,3,0,0.274762,0.274762,0.2750,-0.00024,0,0,0,+0.00000,+0.00000,0.00000,0.00,0,+0.000,+0.00000,-152.986,-0.37303,-10.00,+0.05000,0,+0.00000,+0.00000,0.00000,-179.206,1,196.0,0.0
15.792169,3,0,0.274763,0.274763,0.2750,-0.00024,0,0,0,+0.00000,+0.00000,0.00000,0.00,0,+0.000,+0.00000,-152.986,-0.37303,-10.00,+0.05000,0,+0.00000,+0.00000,0.00000,-179.206,1,196.0,0.0
15.797225,3,0,0.274763,0.274763,0.2750,-0.00024,0,0,0,+0.00000,+0.00000,0.00000,0.00,0,+0.000,+0.00000,-153.198,-0.37303,-10.00,+0.05000,0,+0.00000,+0.00000,0.00000,-179.208,1,196.0,0.0
15.802011,3,0,0.274764,0.274764,0.2750,-0.00024,0,0,0,+0.00000,+0.00000,0.00000,0.00,0,+0.000,+0.00000,-153.198,-0.37303,-10.00,+0.05000,0,+0.00000,+0.00000,0.00000,-179.208,1,196.0,0.0
15.806879,3,0,0.274765,0.274765,0.2750,-0.00024,0,0,0,+0.00000,+0.00000,0.00000,0.00,0,+0.000,+0.00000,-153.362,-0.37303,-10.00,+0.05000,0,+0.00000,+0.00000,0.00000,-179.209,1,196.0,0.0
15.812403,3,0,0.274766,0.274766,0.2750,-0.00023,0,0,0,+0.00000,+0.00000,0.00000,0.00,0,+0.000,+0.00000,-153.521,-0.37303,-10.00,+0.05000,0,+0.00000,+0.00000,0.00000,-179.210,1,196.0,0.0
15.817178,3,0,0.274766,0.274766,0.2750,-0.00023,0,0,0,+0.00000,+0.00000,0.00000,0.00,0,+0.000,+0.00000,-153.521,-0.37303,-10.00,+0.05000,0,+0.00000,+0.00000,0.00000,-179.210,1,196.0,0.0
15.821578,3,0,0.274767,0.274767,0.2750,-0.00023,0,0,0,+0.00000,+0.00000,0.00000,0.00,0,+0.000,+0.00000,-153.700,-0.37303,-10.00,+0.05000,0,+0.00000,+0.00000,0.00000,-179.211,1,196.0,0.0
15.826684,3,0,0.274768,0.274768,0.2750,-0.00023,0,0,0,+0.00000,+0.00000,0.00000,0.00,0,+0.000,+0.00000,-153.700,-0.37303,-10.00,+0.05000,0,+0.00000,+0.00000,0.00000,-179.211,1,196.0,0.0
15.831077,3,0,0.274769,0.274769,0.2750,-0.00023,0,0,0,+0.00000,+0.00000,0.00000,0.00,0,+0.000,+0.00000,-153.900,-0.37303,-10.00,+0.05000,0,+0.00000,+0.00000,0.00000,-179.213,1,196.0,0.0
15.835922,3,0,0.274769,0.274769,0.2750,-0.00023,0,0,0,+0.00000,+0.00000,0.00000,0.00,0,+0.000,+0.00000,-154.053,-0.37303,-10.00,+0.05000,0,+0.00000,+0.00000,0.00000,-179.214,1,196.0,0.0
15.840531,3,0,0.274770,0.274770,0.2750,-0.00023,0,0,0,+0.00000,+0.00000,0.00000,0.00,0,+0.000,+0.00000,-154.053,-0.37303,-10.00,+0.05000,0,+0.00000,+0.00000,0.00000,-179.214,1,196.0,0.0
15.845095,3,0,0.274771,0.274771,0.2750,-0.00023,0,0,0,+0.00000,+0.00000,0.00000,0.00,0,+0.000,+0.00000,-154.262,-0.37303,-10.00,+0.05000,0,+0.00000,+0.00000,0.00000,-179.215,1,196.0,0.0
15.849576,3,0,0.274771,0.274771,0.2750,-0.00023,0,0,0,+0.00000,+0.00000,0.00000,0.00,0,+0.000,+0.00000,-154.262,-0.37303,-10.00,+0.05000,0,+0.00000,+0.00000,0.00000,-179.215,1,196.0,0.0
15.855428,3,0,0.274772,0.274772,0.2750,-0.00023,0,0,0,+0.00000,+0.00000,0.00000,0.00,0,+0.000,+0.00000,-154.404,-0.37303,-10.00,+0.05000,0,+0.00000,+0.00000,0.00000,-179.216,1,196.0,0.0
15.860116,3,0,0.274773,0.274773,0.2750,-0.00023,0,0,0,+0.00000,+0.00000,0.00000,0.00,0,+0.000,+0.00000,-154.404,-0.37303,-10.00,+0.05000,0,+0.00000,+0.00000,0.00000,-179.216,1,196.0,0.0
15.865029,3,0,0.274774,0.274774,0.2750,-0.00023,0,0,0,+0.00000,+0.00000,0.00000,0.00,0,+0.000,+0.00000,-154.613,-0.37303,-10.00,+0.05000,0,+0.00000,+0.00000,0.00000,-179.217,1,196.0,0.0
15.869523,3,0,0.274774,0.274774,0.2750,-0.00023,0,0,0,+0.00000,+0.00000,0.00000,0.00,0,+0.000,+0.00000,-154.776,-0.37303,-10.00,+0.05000,0,+0.00000,+0.00000,0.00000,-179.219,1,196.0,0.0
15.874135,3,0,0.274775,0.274775,0.2750,-0.00022,0,0,0,+0.00000,+0.00000,0.00000,0.00,0,+0.000,+0.00000,-154.776,-0.37303,-10.00,+0.05000,0,+0.00000,+0.00000,0.00000,-179.219,1,196.0,0.0
15.878568,3,0,0.274776,0.274776,0.2750,-0.00022,0,0,0,+0.00000,+0.00000,0.00000,0.00,0,+0.000,+0.00000,-154.973,-0.37303,-10.00,+0.05000,0,+0.00000,+0.00000,0.00000,-179.220,1,196.0,0.0
15.883457,3,0,0.274777,0.274777,0.2750,-0.00022,0,0,0,+0.00000,+0.00000,0.00000,0.00,0,+0.000,+0.00000,-154.973,-0.37303,-10.00,+0.05000,0,+0.00000,+0.00000,0.00000,-179.220,1,196.0,0.0
15.890524,3,0,0.274778,0.274778,0.2750,-0.00022,0,0,0,+0.00000,+0.00000,0.00000,0.00,0,+0.000,+0.00000,-155.181,-0.37303,-10.00,+0.05000,0,+0.00000,+0.00000,0.00000,-179.221,1,196.0,0.0
15.895344,3,0,0.274778,0.274778,0.2750,-0.00022,0,0,0,+0.00000,+0.00000,0.00000,0.00,0,+0.000,+0.00000,-155.328,-0.37303,-10.00,+0.05000,0,+0.00000,+0.00000,0.00000,-179.222,1,196.0,0.0
15.900031,3,0,0.274779,0.274779,0.2750,-0.00022,0,0,0,+0.00000,+0.00000,0.00000,0.00,0,+0.000,+0.00000,-155.328,-0.37303,-10.00,+0.05000,0,+0.00000,+0.00000,0.00000,-179.222,1,196.0,0.0
15.904605,3,0,0.274780,0.274780,0.2750,-0.00022,0,0,0,+0.00000,+0.00000,0.00000,0.00,0,+0.000,+0.00000,-155.533,-0.37303,-10.00,+0.05000,0,+0.00000,+0.00000,0.00000,-179.223,1,196.0,0.0
15.909431,3,0,0.274780,0.274780,0.2750,-0.00022,0,0,0,+0.00000,+0.00000,0.00000,0.00,0,+0.000,+0.00000,-155.533,-0.37303,-10.00,+0.05000,0,+0.00000,+0.00000,0.00000,-179.223,1,196.0,0.0
15.914436,3,0,0.274781,0.274781,0.2750,-0.00022,0,0,0,+0.00000,+0.00000,0.00000,0.00,0,+0.000,+0.00000,-155.728,-0.37303,-10.00,+0.05000,0,+0.00000,+0.00000,0.00000,-179.225,1,196.0,0.0
15.920561,3,0,0.274782,0.274782,0.2750,-0.00022,0,0,0,+0.00000,+0.00000,0.00000,0.00,0,+0.000,+0.00000,-155.728,-0.37303,-10.00,+0.05000,0,+0.00000,+0.00000,0.00000,-179.225,1,196.0,0.0
15.925372,3,0,0.274783,0.274783,0.2750,-0.00022,0,0,0,+0.00000,+0.00000,0.00000,0.00,0,+0.000,+0.00000,-155.901,-0.37303,-10.00,+0.05000,0,+0.00000,+0.00000,0.00000,-179.226,1,196.0,0.0
15.930181,3,0,0.274783,0.274783,0.2750,-0.00022,0,0,0,+0.00000,+0.00000,0.00000,0.00,0,+0.000,+0.00000,-155.901,-0.37303,-10.00,+0.05000,0,+0.00000,+0.00000,0.00000,-179.226,1,196.0,0.0
15.935207,3,0,0.274784,0.274784,0.2750,-0.00022,0,0,0,+0.00000,+0.00000,0.00000,0.00,0,+0.000,+0.00000,-156.103,-0.37303,-10.00,+0.05000,0,+0.00000,+0.00000,0.00000,-179.227,1,196.0,0.0
15.940274,3,0,0.274785,0.274785,0.2750,-0.00022,0,0,0,+0.00000,+0.00000,0.00000,0.00,0,+0.000,+0.00000,-156.304,-0.37303,-10.00,+0.05000,0,+0.00000,+0.00000,0.00000,-179.228,1,196.0,0.0
15.944856,3,0,0.274786,0.274786,0.2750,-0.00021,0,0,0,+0.00000,+0.00000,0.00000,0.00,0,+0.000,+0.00000,-156.304,-0.37303,-10.00,+0.05000,0,+0.00000,+0.00000,0.00000,-179.228,1,196.0,0.0
15.950663,3,0,0.274786,0.274786,0.2750,-0.00021,0,0,0,+0.00000,+0.00000,0.00000,0.00,0,+0.000,+0.00000,-156.520,-0.37303,-10.00,+0.05000,0,+0.00000,+0.00000,0.00000,-179.229,1,196.0,0.0
15.955132,3,0,0.274787,0.274787,0.2750,-0.00021,0,0,0,+0.00000,+0.00000,0.00000,0.00,0,+0.000,+0.00000,-156.520,-0.37303,-10.00,+0.05000,0,+0.00000,+0.00000,0.00000,-179.229,1,196.0,0.0
15.959480,3,0,0.274788,0.274788,0.2750,-0.00021,0,0,0,+0.00000,+0.00000,0.00000,0.00,0,+0.000,+0.00000,-156.705,-0.37303,-10.00,+0.05000,0,+0.00000,+0.00000,0.00000,-179.230,1,196.0,0.0
15.963912,3,0,0.274788,0.274788,0.2750,-0.00021,0,0,0,+0.00000,+0.00000,0.00000,0.00,0,+0.000,+0.00000,-156.705,-0.37303,-10.00,+0.05000,0,+0.00000,+0.00000,0.00000,-179.230,1,196.0,0.0
15.968638,3,0,0.274789,0.274789,0.2750,-0.00021,0,0,0,+0.00000,+0.00000,0.00000,0.00,0,+0.000,+0.00000,-156.912,-0.37303,-10.00,+0.05000,0,+0.00000,+0.00000,0.00000,-179.232,1,196.0,0.0
15.972957,3,0,0.274789,0.274789,0.2750,-0.00021,0,0,0,+0.00000,+0.00000,0.00000,0.00,0,+0.000,+0.00000,-156.912,-0.37303,-10.00,+0.05000,0,+0.00000,+0.00000,0.00000,-179.232,1,196.0,0.0
15.978009,3,0,0.274790,0.274790,0.2750,-0.00021,0,0,0,+0.00000,+0.00000,0.00000,0.00,0,+0.000,+0.00000,-156.912,-0.37303,-10.00,+0.05000,0,+0.00000,+0.00000,0.00000,-179.232,1,196.0,0.0
15.984725,3,0,0.274791,0.274791,0.2750,-0.00021,0,0,0,+0.00000,+0.00000,0.00000,0.00,0,+0.000,+0.00000,-157.152,-0.37303,-10.00,+0.05000,0,+0.00000,+0.00000,0.00000,-179.233,1,196.0,0.0
15.989100,3,0,0.274792,0.274792,0.2750,-0.00021,0,0,0,+0.00000,+0.00000,0.00000,0.00,0,+0.000,+0.00000,-157.276,-0.37303,-10.00,+0.05000,0,+0.00000,+0.00000,0.00000,-179.234,1,196.0,0.0
15.993998,3,0,0.274792,0.274792,0.2750,-0.00021,0,0,0,+0.00000,+0.00000,0.00000,0.00,0,+0.000,+0.00000,-157.450,-0.37303,-10.00,+0.05000,0,+0.00000,+0.00000,0.00000,-179.235,1,196.0,0.0
