[STAMP] EXEC FILE = C:\Users\nohab\Desktop\AI GP\AI-GrandPrix-\tools\schedule_flier.py
[STAMP] schedule_flier.py sha=46315e331e mtime=2026-08-03T00:48:16 git=e5dfbfc
[STAMP] mode=coast-tube cruise=8.0 level_thrust=0.275 sink_slope=17.6 banks=[0..5] pulse_s=0.5 thrust_bias=0.0 flip=False
[STAMP]   seg0 SPAWN->START thr=0.275 bank=+5.0 slope=-1.3
[STAMP]   seg1 START->g1 thr=0.178 bank=+10.8 slope=+12.1
[STAMP]   seg2 g1->g2 thr=0.135 bank=-13.0 slope=+17.1
[STAMP]   seg3 g2->g3 thr=0.143 bank=+12.4 slope=+16.2
[STAMP]   seg4 g3->g4 thr=0.260 bank=-21.0 slope=+1.9
[STAMP]   seg5 g4->FINIS thr=0.263 bank=+18.4 slope=+1.5
[sched] tune overrides: {'cruise_pitch_deg': -24.0, 'ol_kp_att': 3.0}
[tube] *** --gate-vert-coast-bias -0.030 FORCED to 0.000: the altitude ladder owns the between-gate descent and a leg-independent bias on top of it double-counts. ***
[tube] cruise 8.0 m/s bias +0.000 | PITCH=PURE COAST (hold removed), THRUST=CONST 0.275 (sink-map schedule OVERRIDDEN) | LEVEL-LOCK off (--gate-vert-level-band 0) | ALTITUDE LADDER per-leg [-0.005, 0.039, 0.024, 0.033, 0.004, 0.003] anchor 0.035 @ leg2 (+17.1deg) scale 1.00 overrides {0: -0.005, 1: 0.039, 2: 0.024} (leg index = ACTIVE_GATE) | slew up 0.60/s down 0.60/s + GATE-VERT trim PER-LEG by active_gate ag0[-0.045,+0.060] ag1[-0.015,+0.100] ag2[-0.015,+0.100] ag3[-0.015,+0.100] ag4[-0.015,+0.100] ag5[-0.015,+0.100] (last entry fills any higher ag) kv=0.16 kdv=0.1 size>=0.05 dead-decay=1.5s -> bias +0.000 (= HOLD the leg baseline) + VERT COMMIT sz_f>=0.18 on ag<=0 ONLY: freeze the PD, ease the held trim to the leg baseline over tau=0.20s (reversible, not a latch). ag>0 keeps the LIVE PD so the arrest can fire (flt40 plunged at gate 2 with the commit applied everywhere), LATERAL=GATE-CENTRING(closed) k=1.0 clamp 11deg size>=0.10 -- the ONLY steering law (no rail lateral flag passed). RAIL DETECTOR ON EVERY leg (--log-tube), HALF res ~3.4 ms/frame (reuses the gate detector array; agrees with full res to 0.0002 in offset) + CLOSE-RANGE COMMIT, ag>=2 ONLY: sz_f>=0.16 slews des_roll -> 0 over tau=0.20s (reversible, not a latch). ag<2 UNTOUCHED: commit_k forced to exactly 1.0 = bit-for-bit the --gate-commit-size 0 law (flt9's; NOT flt11's, which ran the commit unscoped on ag 0-1), NO backbone flip=False | POST-GATE HOLD: hold gate-1 exit cmd for 1.5s, decay tau 0.5s, resume at size>=0.20, live-corr 30%. | LEG1 BANK +5.0deg LEFT (on ag==1, summed with centring then clamped) | LEG2 (ag==2) PRE-TURN -4.5deg RIGHT, vision clamp 9deg (TIGHTER than the global 11 -- feed-forward leads) | GATE FILTER tau=0.20s hold=0.40s fade=0.50s (shared by BOTH loops) | TUBE FILTER shares those constants (log-only) | kp_att=3.0 kd_att=0.05
[tube]   seg0 SPAWN->START slope  -1.3 d+0.0050 OVERRIDE thr 0.280       | bank    -- (backbone off)
[tube]   seg1 START->g1    slope +12.1 d-0.0390 OVERRIDE thr 0.236       | bank    -- (backbone off)
[tube]   seg2    g1->g2    slope +17.1 d-0.0240 OVERRIDE thr 0.251       | bank    -- (backbone off)
[tube]   seg3    g2->g3    slope +16.2 d-0.0332 thr 0.242       | bank    -- (backbone off)
[tube]   seg4    g3->g4    slope  +1.9 d-0.0039 thr 0.271       | bank    -- (backbone off)
[tube]   seg5    g4->FINIS slope  +1.5 d-0.0031 thr 0.272       | bank    -- (backbone off)
[sched] waiting for heartbeat ...
[sched] heartbeat sys 1
[sched] ARM sent; waiting for GO ...
[sched] GO.
[tube] per-tick log -> C:\Users\nohab\Desktop\AI GP\AI-GrandPrix-\filt_auto_478.csv
[tube] seg0 ag=0 thr=0.283 LADDER leg0 --0.0050 VERT trim=+0.0034 | [steer ] RAIL[lock] found=1 rms=1.25px rows=60 sep=0.406 u=+0.032 vconv=-0.543 | GATE u=+0.016 v=-0.021 sz=0.085 -> +0.0deg x1.00 | uLat=+0.000 desR=+0.0(ff+0.0+0.0) estR=+0.0 estP=-17.8 |a|=1.00g dimu=281 loop=0Hz det=0Hz
[tube] seg0 ag=0 thr=0.281 LADDER leg0 --0.0050 VERT trim=+0.0006 | [steer ] RAIL[lock] found=1 rms=0.37px rows=79 sep=0.465 u=+0.014 vconv=-0.360 | GATE u=+0.016 v=-0.011 sz=0.080 -> +0.0deg x1.00 | uLat=+0.000 desR=+0.0(ff+0.0+0.0) estR=+0.0 estP=-11.6 |a|=1.08g dimu=312 loop=0Hz det=0Hz
[tube] seg0 ag=0 thr=0.279 LADDER leg0 --0.0050 VERT trim=-0.0007 | [steer ] RAIL[lock] found=1 rms=0.33px rows=58 sep=0.549 u=+0.006 vconv=-0.350 | GATE u=+0.022 v=-0.008 sz=0.081 -> +0.0deg x1.00 | uLat=+0.000 desR=+0.0(ff+0.0+0.0) estR=+0.0 estP=-7.1 |a|=1.07g dimu=342 loop=0Hz det=0Hz
[tube] seg0 ag=0 thr=0.283 LADDER leg0 --0.0050 VERT trim=+0.0027 | [steer ] RAIL[NO-LOCK] found=0 rms=0.00px rows=17 sep=0.000 u=+0.005 vconv=+0.000 | GATE u=+0.021 v=-0.017 sz=0.086 -> +0.0deg x1.00 | uLat=+0.000 desR=+0.0(ff+0.0+0.0) estR=+0.0 estP=-4.4 |a|=1.08g dimu=370 loop=0Hz det=0Hz
[tube] seg0 ag=0 thr=0.283 LADDER leg0 --0.0050 VERT trim=+0.0033 | [steer ] RAIL[NO-LOCK] found=0 rms=0.00px rows=0 sep=0.000 u=+0.005 vconv=+0.000 | GATE u=+0.014 v=-0.015 sz=0.090 -> +0.0deg x1.00 | uLat=+0.000 desR=+0.0(ff+0.0+0.0) estR=+0.0 estP=-3.3 |a|=1.08g dimu=400 loop=66Hz det=65Hz
[tube] seg0 ag=0 thr=0.281 LADDER leg0 --0.0050 VERT trim=+0.0009 | [steer ] RAIL[NO-LOCK] found=0 rms=0.00px rows=4 sep=0.000 u=+0.003 vconv=+0.000 | GATE u=+0.019 v=-0.004 sz=0.091 -> +0.0deg x1.00 | uLat=+0.000 desR=+0.0(ff+0.0+0.0) estR=+0.0 estP=-3.1 |a|=1.03g dimu=430 loop=66Hz det=65Hz
[tube] seg0 ag=0 thr=0.275 LADDER leg0 --0.0050 VERT trim=-0.0048 | [steer ] RAIL[NO-LOCK] found=0 rms=0.00px rows=6 sep=0.000 u=+0.002 vconv=+0.000 | GATE u=+0.019 v=-0.001 sz=0.091 -> +0.0deg x1.00 | uLat=+0.000 desR=+0.0(ff+0.0+0.0) estR=+0.0 estP=-3.8 |a|=1.01g dimu=460 loop=66Hz det=65Hz
[tube] seg0 ag=0 thr=0.282 LADDER leg0 --0.0050 VERT trim=+0.0016 | [steer ] RAIL[NO-LOCK] found=0 rms=0.00px rows=9 sep=0.000 u=+0.001 vconv=+0.000 | GATE u=+0.019 v=-0.007 sz=0.103 -> +0.0deg x1.00 | uLat=+0.000 desR=+0.0(ff+0.0+0.0) estR=+0.0 estP=-4.9 |a|=1.06g dimu=490 loop=66Hz det=65Hz
[tube] seg0 ag=0 thr=0.282 LADDER leg0 --0.0050 VERT trim=+0.0022 | [steer ] RAIL[NO-LOCK] found=0 rms=0.00px rows=4 sep=0.000 u=+0.001 vconv=+0.000 | GATE u=+0.019 v=-0.009 sz=0.114 -> -1.2deg x1.00 | uLat=-0.021 desR=-1.2(ff+0.0-1.2) estR=-0.2 estP=-5.8 |a|=1.06g dimu=519 loop=75Hz det=75Hz
[tube] seg0 ag=0 thr=0.280 LADDER leg0 --0.0050 VERT trim=+0.0001 | [steer ] RAIL[lock] found=1 rms=0.55px rows=20 sep=0.232 u=-0.026 vconv=-0.400 | GATE u=+0.021 v=+0.004 sz=0.120 -> -1.1deg x1.00 | uLat=-0.020 desR=-1.1(ff+0.0-1.1) estR=-0.5 estP=-6.8 |a|=1.05g dimu=549 loop=75Hz det=75Hz
[tube] seg0 ag=0 thr=0.255 LADDER leg0 --0.0050 VERT trim=-0.0254 | [steer ] RAIL[NO-LOCK] found=0 rms=0.00px rows=9 sep=0.000 u=-0.088 vconv=+0.000 | GATE u=+0.021 v=+0.079 sz=0.138 -> -1.3deg x1.00 | uLat=-0.023 desR=-1.3(ff+0.0-1.3) estR=-0.7 estP=-8.1 |a|=0.87g dimu=578 loop=75Hz det=75Hz
[tube] seg0 ag=0 thr=0.262 LADDER leg0 --0.0050 VERT trim=-0.0178 | [steer ] RAIL[NO-LOCK] found=0 rms=0.00px rows=0 sep=0.000 u=-0.077 vconv=+0.000 | GATE u=+0.021 v=+0.065 sz=0.164 -> -1.2deg x1.00 | uLat=-0.021 desR=-1.2(ff+0.0-1.2) estR=-0.7 estP=-9.6 |a|=0.96g dimu=609 loop=75Hz det=75Hz
[tube] seg0 ag=0 thr=0.270 LADDER leg0 --0.0050 VERT trim=-0.0104 | [steer ] RAIL[NO-LOCK] found=0 rms=0.00px rows=5 sep=0.000 u=-0.046 vconv=+0.000 | GATE u=+0.017 v=+0.058 sz=0.184 -> -1.1deg x1.00 | uLat=-0.019 desR=-1.1(ff+0.0-1.1) estR=-0.6 estP=-10.7 |a|=1.00g dimu=639 loop=64Hz det=64Hz
[tube] seg0 ag=0 thr=0.276 LADDER leg0 --0.0050 [VCOMMIT] VERT trim=-0.0042 | [steer ] RAIL[NO-LOCK] found=0 rms=0.00px rows=2 sep=0.000 u=-0.027 vconv=+0.000 | GATE u=+0.013 v=+0.040 sz=0.217 -> -0.9deg x1.00 | uLat=-0.016 desR=-0.9(ff+0.0-0.9) estR=-0.5 estP=-11.5 |a|=1.04g dimu=668 loop=64Hz det=64Hz
[tube] seg0 ag=0 thr=0.279 LADDER leg0 --0.0050 [VCOMMIT] VERT trim=-0.0012 | [steer ] RAIL[NO-LOCK] found=0 rms=0.00px rows=1 sep=0.000 u=-0.016 vconv=+0.000 | GATE u=+0.003 v=+0.024 sz=0.263 -> -0.6deg x1.00 | uLat=-0.010 desR=-0.6(ff+0.0-0.6) estR=-0.3 estP=-12.3 |a|=1.06g dimu=700 loop=64Hz det=64Hz
[tube] seg0 ag=0 thr=0.280 LADDER leg0 --0.0050 [VCOMMIT] VERT trim=-0.0003 | [steer ] RAIL[NO-LOCK] found=0 rms=0.00px rows=1 sep=0.000 u=-0.009 vconv=+0.000 | GATE u=-0.016 v=+0.025 sz=0.344 -> +0.2deg x1.00 | uLat=+0.003 desR=+0.2(ff+0.0+0.2) estR=-0.1 estP=-12.9 |a|=1.06g dimu=733 loop=64Hz det=64Hz
[tube] >>> seg -> 1 (TIME fallback) t=4.1s
[tube] seg1/bank0 ag=0 thr=0.280 LADDER leg0 --0.0050 [VCOMMIT] VERT trim=-0.0001 | [steer ] RAIL[NO-LOCK] found=0 rms=0.00px rows=4 sep=0.000 u=-0.005 vconv=+0.000 | GATE u=-0.059 v=+0.063 sz=0.526 -> +1.7deg x1.00 | uLat=+0.030 desR=+1.7(ff+0.0+1.7) estR=+0.3 estP=-13.4 |a|=1.05g dimu=765 loop=47Hz det=47Hz
[tube] seg1/bank0 ag=0 thr=0.280 LADDER leg0 --0.0050 [VCOMMIT] VERT trim=-0.0000 | [steer ] RAIL[lock] found=1 rms=1.26px rows=24 sep=0.156 u=-0.023 vconv=+0.328 | GATE -- | uLat=+0.037 desR=+2.1(ff+0.0+2.1) estR=+0.9 estP=-13.9 |a|=1.06g dimu=794 loop=47Hz det=47Hz
[tube] seg1/bank0 ag=0 thr=0.280 LADDER leg0 --0.0050 [VCOMMIT] VERT trim=-0.0000 | [steer ] RAIL[NO-LOCK] found=0 rms=0.00px rows=10 sep=0.000 u=-0.143 vconv=+0.000 | GATE u=+0.045 v=+0.496 sz=0.101 -> -1.8deg x1.00 | uLat=-0.032 desR=-1.8(ff+0.0-1.8) estR=+0.7 estP=-14.4 |a|=1.05g dimu=823 loop=47Hz det=47Hz
[tube] seg1 ag=1 thr=0.221 LADDER leg1 -0.0390 VERT trim=-0.0150 | [steer ] RAIL[NO-LOCK] found=0 rms=0.00px rows=3 sep=0.000 u=-0.143 vconv=+0.000 | GATE u=+0.045 v=+0.542 sz=0.105 -> -0.1deg x1.00 | uLat=-0.041 desR=+4.9(ff+5.0-0.1) estR=+1.7 estP=-14.8 |a|=0.66g dimu=853 loop=47Hz det=47Hz
[tube] seg1 ag=1 thr=0.221 LADDER leg1 -0.0390 VERT trim=-0.0150 | [steer ] RAIL[NO-LOCK] found=0 rms=0.00px rows=3 sep=0.000 u=-0.094 vconv=+0.000 | GATE u=+0.044 v=+0.596 sz=0.118 -> -0.4deg x1.00 | uLat=-0.043 desR=+4.6(ff+5.0-0.4) estR=+3.4 estP=-14.8 |a|=0.79g dimu=883 loop=58Hz det=58Hz
[tube] seg1 ag=1 thr=0.221 LADDER leg1 -0.0390 VERT trim=-0.0150 | [steer ] RAIL[NO-LOCK] found=0 rms=0.00px rows=0 sep=0.000 u=-0.057 vconv=+0.000 | GATE u=+0.039 v=+0.645 sz=0.133 -> -0.5deg x1.00 | uLat=-0.042 desR=+4.5(ff+5.0-0.5) estR=+3.9 estP=-15.1 |a|=0.81g dimu=911 loop=58Hz det=58Hz
[tube] seg1 ag=1 thr=0.221 LADDER leg1 -0.0390 VERT trim=-0.0150 | [steer ] RAIL[NO-LOCK] found=0 rms=0.00px rows=0 sep=0.000 u=-0.034 vconv=+0.000 | GATE u=+0.032 v=+0.684 sz=0.147 -> -0.5deg x1.00 | uLat=-0.037 desR=+4.5(ff+5.0-0.5) estR=+4.0 estP=-15.2 |a|=0.82g dimu=941 loop=58Hz det=58Hz
[tube] seg1 ag=1 thr=0.221 LADDER leg1 -0.0390 VERT trim=-0.0150 | [steer ] RAIL[NO-LOCK] found=0 rms=0.00px rows=3 sep=0.000 u=-0.020 vconv=+0.000 | GATE u=+0.031 v=+0.720 sz=0.158 -> -0.5deg x1.00 | uLat=-0.034 desR=+4.5(ff+5.0-0.5) estR=+3.8 estP=-15.9 |a|=0.84g dimu=972 loop=58Hz det=58Hz
[tube] seg1 ag=1 thr=0.221 LADDER leg1 -0.0390 VERT trim=-0.0150 | [steer ] RAIL[NO-LOCK] found=0 rms=0.00px rows=1 sep=0.000 u=-0.012 vconv=+0.000 | GATE u=+0.026 v=+0.768 sz=0.184 -> -0.5deg x1.00 | uLat=-0.031 desR=+4.5(ff+5.0-0.5) estR=+3.6 estP=-16.4 |a|=0.85g dimu=1000 loop=73Hz det=73Hz
[tube] seg1 ag=1 thr=0.221 LADDER leg1 -0.0390 VERT trim=-0.0150 | [steer ] RAIL[NO-LOCK] found=0 rms=0.00px rows=0 sep=0.000 u=-0.007 vconv=+0.000 | GATE u=+0.025 v=+0.752 sz=0.191 -> -1.5deg x1.00 | uLat=-0.027 desR=+3.5(ff+5.0-1.5) estR=+3.1 estP=-17.0 |a|=0.85g dimu=1030 loop=73Hz det=73Hz
[tube] seg1 ag=1 thr=0.221 LADDER leg1 -0.0390 VERT trim=-0.0150 | [steer ] RAIL[NO-LOCK] found=0 rms=0.00px rows=0 sep=0.000 u=-0.004 vconv=+0.000 | GATE u=+0.031 v=+0.714 sz=0.209 -> -1.6deg x1.00 | uLat=-0.028 desR=+3.4(ff+5.0-1.6) estR=+2.4 estP=-18.1 |a|=0.87g dimu=1060 loop=73Hz det=73Hz
[tube] seg1 ag=1 thr=0.221 LADDER leg1 -0.0390 VERT trim=-0.0150 | [steer ] RAIL[NO-LOCK] found=0 rms=0.00px rows=7 sep=0.000 u=+0.000 vconv=+0.000 | GATE u=+0.038 v=+0.660 sz=0.265 -> -1.9deg x1.00 | uLat=-0.032 desR=+3.1(ff+5.0-1.9) estR=+2.0 estP=-18.9 |a|=0.89g dimu=1090 loop=73Hz det=73Hz
[tube] seg1 ag=1 thr=0.221 LADDER leg1 -0.0390 VERT trim=-0.0150 | [steer ] RAIL[lock-REJ] found=1 rms=3.52px rows=22 sep=0.066 u=-0.041 vconv=+0.464 | GATE u=+0.072 v=+0.539 sz=0.371 -> -2.7deg x1.00 | uLat=-0.048 desR=+2.3(ff+5.0-2.7) estR=+1.6 estP=-19.3 |a|=0.89g dimu=1122 loop=60Hz det=60Hz
[tube] seg1 ag=1 thr=0.221 LADDER leg1 -0.0390 VERT trim=-0.0150 | [steer ] RAIL[lock-REJ] found=1 rms=5.40px rows=24 sep=0.052 u=-0.048 vconv=+0.263 | GATE -- | uLat=-0.091 desR=-0.1(ff+5.0-5.2) estR=+0.9 estP=-19.4 |a|=0.92g dimu=1155 loop=60Hz det=60Hz
[tube] seg1 ag=1 thr=0.251 LADDER leg1 -0.0390 VERT trim=+0.0238 | [steer ] RAIL[lock-REJ] found=1 rms=3.08px rows=29 sep=0.121 u=-0.006 vconv=+0.333 | GATE u=-0.733 v=+0.002 sz=0.480 -> +6.2deg x1.00 | uLat=+0.109 desR=+0.2(ff+5.0+6.2) estR=-0.0 estP=-19.4 |a|=0.91g dimu=1192 loop=60Hz det=60Hz
[tube] >>> seg -> 2 (active_gate) t=8.0s
[tube] seg2 ag=2 thr=0.266 LADDER leg2 -0.0240 VERT trim=-0.0150 | [steer ] RAIL[lock-REJ] found=1 rms=0.82px rows=42 sep=0.053 u=-0.009 vconv=-0.400 | GATE u=-0.120 v=+0.533 sz=0.067 -> -0.5deg x1.00 | uLat=+0.119 desR=-5.0(ff-4.5-0.5) estR=-0.6 estP=-19.4 |a|=0.98g dimu=1218 loop=42Hz det=42Hz
[tube] seg2 ag=2 thr=0.332 LADDER leg2 -0.0240 VERT trim=-0.0150 | [steer ] RAIL[NO-LOCK] found=0 rms=0.80px rows=61 sep=0.046 u=-0.009 vconv=-0.400 | GATE u=-0.113 v=+0.504 sz=0.078 -> -0.3deg x1.00 | uLat=+0.116 desR=-4.8(ff-4.5-0.3) estR=-2.9 estP=-19.1 |a|=1.51g dimu=1248 loop=42Hz det=42Hz
[tube] seg2 ag=2 thr=0.313 LADDER leg2 -0.0240 VERT trim=-0.0150 | [steer ] RAIL[NO-LOCK] found=0 rms=0.66px rows=64 sep=0.040 u=-0.007 vconv=-0.400 | GATE u=-0.097 v=+0.464 sz=0.073 -> -0.2deg x1.00 | uLat=+0.110 desR=-4.7(ff-4.5-0.2) estR=-3.9 estP=-19.1 |a|=1.28g dimu=1278 loop=42Hz det=42Hz
[tube] seg2 ag=2 thr=0.293 LADDER leg2 -0.0240 VERT trim=-0.0150 | [steer ] RAIL[NO-LOCK] found=0 rms=7.65px rows=52 sep=0.042 u=-0.004 vconv=-0.400 | GATE u=-0.102 v=+0.465 sz=0.090 -> -0.1deg x1.00 | uLat=+0.103 desR=-4.6(ff-4.5-0.1) estR=-4.3 estP=-19.1 |a|=1.19g dimu=1308 loop=42Hz det=42Hz
[tube] seg2 ag=2 thr=0.274 LADDER leg2 -0.0240 VERT trim=-0.0150 | [steer ] RAIL[NO-LOCK] found=0 rms=4.98px rows=31 sep=-0.021 u=-0.003 vconv=+0.824 | GATE u=-0.098 v=+0.474 sz=0.104 -> -0.1deg x1.00 | uLat=+0.099 desR=-4.6(ff-4.5-0.1) estR=-3.2 estP=-17.9 |a|=1.05g dimu=1338 loop=65Hz det=65Hz
[tube] seg2 ag=2 thr=0.255 LADDER leg2 -0.0240 VERT trim=-0.0150 | [steer ] RAIL[NO-LOCK] found=0 rms=6.36px rows=24 sep=-0.106 u=-0.002 vconv=+0.638 | GATE u=-0.088 v=+0.481 sz=0.116 -> -0.0deg x1.00 | uLat=+0.093 desR=-4.5(ff-4.5-0.0) estR=-2.8 estP=-17.7 |a|=0.97g dimu=1367 loop=65Hz det=65Hz
[tube] seg2 ag=2 thr=0.236 LADDER leg2 -0.0240 VERT trim=-0.0150 | [steer ] RAIL[NO-LOCK] found=0 rms=15.65px rows=26 sep=0.106 u=-0.001 vconv=+0.522 | GATE u=-0.079 v=+0.495 sz=0.142 -> +0.0deg x1.00 | uLat=+0.087 desR=-4.5(ff-4.5+0.0) estR=-2.8 estP=-18.4 |a|=0.88g dimu=1396 loop=65Hz det=65Hz
[tube] seg2 ag=2 thr=0.236 LADDER leg2 -0.0240 VERT trim=-0.0150 | [steer ] RAIL[NO-LOCK] found=0 rms=0.00px rows=10 sep=0.000 u=-0.001 vconv=+0.000 | GATE u=-0.069 v=+0.495 sz=0.154 -> +0.0deg x1.00 | uLat=+0.078 desR=-4.5(ff-4.5+0.0) estR=-2.7 estP=-19.0 |a|=0.91g dimu=1424 loop=65Hz det=65Hz
[tube] seg2 ag=2 thr=0.236 LADDER leg2 -0.0240 VERT trim=-0.0150 | [COMMIT] RAIL[NO-LOCK] found=0 rms=0.00px rows=4 sep=0.000 u=-0.000 vconv=+0.000 | GATE u=-0.049 v=+0.505 sz=0.187 -> +0.0deg x0.75 | uLat=+0.062 desR=-3.4(ff-4.5+0.0) estR=-2.6 estP=-19.2 |a|=0.92g dimu=1455 loop=62Hz det=62Hz
[tube] seg2 ag=2 thr=0.236 LADDER leg2 -0.0240 VERT trim=-0.0150 | [COMMIT] RAIL[NO-LOCK] found=0 rms=0.00px rows=2 sep=0.000 u=-0.000 vconv=+0.000 | GATE u=-0.037 v=+0.490 sz=0.225 -> +0.0deg x0.22 | uLat=+0.047 desR=-1.0(ff-4.5+0.0) estR=-1.6 estP=-19.2 |a|=0.92g dimu=1484 loop=62Hz det=62Hz
[tube] seg2 ag=2 thr=0.236 LADDER leg2 -0.0240 VERT trim=-0.0150 | [COMMIT] RAIL[NO-LOCK] found=0 rms=0.00px rows=7 sep=0.000 u=+0.000 vconv=+0.000 | GATE u=-0.019 v=+0.451 sz=0.283 -> +0.0deg x0.06 | uLat=+0.032 desR=-0.3(ff-4.5+0.0) estR=-0.7 estP=-19.2 |a|=0.92g dimu=1515 loop=62Hz det=62Hz
[tube] seg2 ag=2 thr=0.221 LADDER leg2 -0.0240 VERT trim=-0.0150 | [COMMIT] RAIL[lock-REJ] found=1 rms=0.70px rows=25 sep=0.062 u=+0.005 vconv=+0.128 | GATE u=+0.001 v=+0.332 sz=0.347 -> +0.0deg x0.02 | uLat=+0.014 desR=-0.1(ff-4.5+0.0) estR=-0.3 estP=-19.3 |a|=0.86g dimu=1547 loop=62Hz det=62Hz
[tube] seg2 ag=2 thr=0.226 LADDER leg2 -0.0240 VERT trim=-0.0099 | [COMMIT] RAIL[NO-LOCK] found=0 rms=0.00px rows=17 sep=0.000 u=+0.028 vconv=+0.000 | GATE -- | uLat=-0.010 desR=-0.0(ff-4.5-0.0) estR=-0.1 estP=-19.8 |a|=0.87g dimu=1577 loop=47Hz det=47Hz
[tube] seg2 ag=2 thr=0.226 LADDER leg2 -0.0240 VERT trim=-0.0099 | [COMMIT] RAIL[NO-LOCK] found=0 rms=0.00px rows=4 sep=0.000 u=+0.028 vconv=+0.000 | GATE -- | uLat=-0.010 desR=-0.0(ff-4.5-0.0) estR=-0.0 estP=-19.7 |a|=0.93g dimu=1608 loop=47Hz det=47Hz
[tube] seg2 ag=2 thr=0.236 LADDER leg2 -0.0240 VERT trim=-0.0150 | [COMMIT] RAIL[NO-LOCK] found=0 rms=0.00px rows=7 sep=0.000 u=+0.020 vconv=+0.000 | GATE u=+0.180 v=+0.502 sz=0.052 -> -4.0deg x0.00 | uLat=-0.070 desR=-0.0(ff-3.9-0.0) estR=-0.0 estP=-19.4 |a|=0.81g dimu=1636 loop=47Hz det=47Hz
[tube] seg2 ag=2 thr=0.236 LADDER leg2 -0.0240 VERT trim=-0.0150 | [COMMIT] RAIL[NO-LOCK] found=0 rms=0.00px rows=3 sep=0.000 u=+0.012 vconv=+0.000 | GATE u=+0.191 v=+0.474 sz=0.057 -> -5.0deg x0.00 | uLat=-0.154 desR=-0.0(ff-4.2-0.0) estR=+0.0 estP=-19.0 |a|=0.97g dimu=1667 loop=47Hz det=47Hz
[tube] seg2 ag=2 thr=0.236 LADDER leg2 -0.0240 VERT trim=-0.0150 | [COMMIT] RAIL[NO-LOCK] found=0 rms=0.00px rows=10 sep=0.000 u=+0.007 vconv=+0.000 | GATE u=+0.203 v=+0.440 sz=0.061 -> -2.1deg x0.00 | uLat=-0.185 desR=-0.0(ff-4.3-0.0) estR=+0.0 estP=-18.7 |a|=0.98g dimu=1697 loop=67Hz det=67Hz
[tube] seg2 ag=2 thr=0.236 LADDER leg2 -0.0240 VERT trim=-0.0150 | [COMMIT] RAIL[NO-LOCK] found=0 rms=0.00px rows=2 sep=0.000 u=+0.004 vconv=+0.000 | GATE u=+0.212 v=+0.412 sz=0.066 -> -1.5deg x0.00 | uLat=-0.202 desR=-0.0(ff-4.4-0.0) estR=+0.0 estP=-18.5 |a|=0.98g dimu=1727 loop=67Hz det=67Hz
[tube] seg2 ag=2 thr=0.236 LADDER leg2 -0.0240 VERT trim=-0.0150 | [COMMIT] RAIL[NO-LOCK] found=0 rms=0.00px rows=3 sep=0.000 u=+0.003 vconv=+0.000 | GATE u=+0.218 v=+0.364 sz=0.063 -> -1.2deg x0.00 | uLat=-0.211 desR=-0.0(ff-4.5-0.0) estR=+0.0 estP=-18.3 |a|=0.98g dimu=1756 loop=67Hz det=67Hz
[tube] seg2 ag=2 thr=0.236 LADDER leg2 -0.0240 VERT trim=-0.0150 | [COMMIT] RAIL[NO-LOCK] found=0 rms=0.00px rows=0 sep=0.000 u=+0.002 vconv=+0.000 | GATE u=+0.232 v=+0.328 sz=0.074 -> -1.6deg x0.00 | uLat=-0.223 desR=-0.0(ff-4.5-0.0) estR=+0.0 estP=-18.2 |a|=0.98g dimu=1785 loop=67Hz det=67Hz
[tube] >>> seg -> 3 (TIME fallback) t=13.1s
[tube] seg3/bank2 ag=2 thr=0.236 LADDER leg2 -0.0240 VERT trim=-0.0150 | [COMMIT] RAIL[NO-LOCK] found=0 rms=0.00px rows=0 sep=0.000 u=+0.001 vconv=+0.000 | GATE u=+0.245 v=+0.274 sz=0.077 -> -2.1deg x0.00 | uLat=-0.236 desR=-0.0(ff-4.5-0.0) estR=+0.1 estP=-18.2 |a|=0.98g dimu=1816 loop=79Hz det=79Hz
[tube] seg3/bank2 ag=2 thr=0.236 LADDER leg2 -0.0240 VERT trim=-0.0150 | [COMMIT] RAIL[NO-LOCK] found=0 rms=0.00px rows=0 sep=0.000 u=+0.000 vconv=+0.000 | GATE u=+0.255 v=+0.207 sz=0.083 -> -2.7deg x0.00 | uLat=-0.247 desR=-0.0(ff-4.5-0.0) estR=+0.1 estP=-18.2 |a|=0.98g dimu=1846 loop=79Hz det=79Hz
[tube] seg3/bank2 ag=2 thr=0.245 LADDER leg2 -0.0240 VERT trim=-0.0064 | [COMMIT] RAIL[NO-LOCK] found=0 rms=0.00px rows=1 sep=0.000 u=+0.000 vconv=+0.000 | GATE u=+0.262 v=+0.132 sz=0.084 -> -2.9deg x0.00 | uLat=-0.255 desR=-0.0(ff-4.5-0.0) estR=+0.1 estP=-18.1 |a|=1.01g dimu=1876 loop=79Hz det=79Hz
[tube] seg3/bank2 ag=2 thr=0.261 LADDER leg2 -0.0240 VERT trim=+0.0096 | [COMMIT] RAIL[NO-LOCK] found=0 rms=0.00px rows=1 sep=0.000 u=+0.000 vconv=+0.000 | GATE u=+0.274 v=+0.057 sz=0.094 -> -3.4deg x0.00 | uLat=-0.265 desR=-0.0(ff-4.5-0.0) estR=+0.2 estP=-17.6 |a|=1.09g dimu=1906 loop=79Hz det=79Hz
[tube] seg3/bank2 ag=2 thr=0.279 LADDER leg2 -0.0240 VERT trim=+0.0276 | [COMMIT] RAIL[NO-LOCK] found=0 rms=0.00px rows=0 sep=0.000 u=+0.000 vconv=+0.000 | GATE u=+0.288 v=-0.040 sz=0.104 -> -4.3deg x0.00 | uLat=-0.278 desR=-0.0(ff-4.5-0.0) estR=+0.2 estP=-16.8 |a|=1.17g dimu=1936 loop=78Hz det=78Hz
[tube] seg3/bank2 ag=2 thr=0.299 LADDER leg2 -0.0240 VERT trim=+0.0476 | [COMMIT] RAIL[NO-LOCK] found=0 rms=0.00px rows=0 sep=0.000 u=+0.000 vconv=+0.000 | GATE u=+0.303 v=-0.147 sz=0.116 -> -5.2deg x0.00 | uLat=-0.291 desR=-0.0(ff-4.5-0.0) estR=+0.1 estP=-16.8 |a|=1.27g dimu=1966 loop=78Hz det=78Hz
[tube] seg3/bank2 ag=2 thr=0.321 LADDER leg2 -0.0240 VERT trim=+0.0696 | [COMMIT] RAIL[NO-LOCK] found=0 rms=0.00px rows=0 sep=0.000 u=+0.000 vconv=+0.000 | GATE u=+0.298 v=-0.275 sz=0.112 -> -5.7deg x0.00 | uLat=-0.299 desR=-0.0(ff-4.5-0.0) estR=+0.0 estP=-16.8 |a|=1.31g dimu=1996 loop=78Hz det=78Hz
[coast] !!! COLLISION ENV/ground at t=15.0s (ag=2)
[coast] !!! COLLISION ENV/ground at t=15.0s (ag=2)
[coast] !!! COLLISION ENV/ground at t=15.0s (ag=2)
[coast] !!! COLLISION ENV/ground at t=15.0s (ag=2)
[coast] !!! COLLISION ENV/ground at t=15.0s (ag=2)
[coast] !!! COLLISION ENV/ground at t=15.0s (ag=2)
[coast] !!! COLLISION ENV/ground at t=15.0s (ag=2)
[coast] !!! COLLISION ENV/ground at t=15.0s (ag=2)
[coast] !!! COLLISION ENV/ground at t=15.0s (ag=2)
[coast] !!! COLLISION ENV/ground at t=15.0s (ag=2)
[coast] !!! COLLISION ENV/ground at t=15.0s (ag=2)
[tube] seg3/bank2 ag=2 thr=0.268 LADDER leg2 -0.0240 VERT trim=+0.0168 | [COMMIT] RAIL[NO-LOCK] found=0 rms=0.00px rows=0 sep=0.000 u=+0.000 vconv=+0.000 | GATE u=-0.025 v=-0.045 sz=0.040 -> -2.3deg x0.00 | uLat=-0.149 desR=-0.0(ff-4.5-0.0) estR=+0.9 estP=-16.9 |a|=0.96g dimu=2025 loop=78Hz det=78Hz
[coast] !!! COLLISION ENV/ground at t=15.1s (ag=2)
[coast] !!! COLLISION ENV/ground at t=15.1s (ag=2)
[coast] !!! COLLISION ENV/ground at t=15.1s (ag=2)
[coast] !!! COLLISION ENV/ground at t=15.1s (ag=2)
[coast] !!! COLLISION ENV/ground at t=15.1s (ag=2)
[coast] !!! COLLISION ENV/ground at t=15.1s (ag=2)
[coast] !!! COLLISION ENV/ground at t=15.1s (ag=2)
[coast] !!! COLLISION ENV/ground at t=15.1s (ag=2)
[coast] !!! COLLISION ENV/ground at t=15.1s (ag=2)
[coast] !!! COLLISION ENV/ground at t=15.1s (ag=2)
[coast] !!! COLLISION ENV/ground at t=15.1s (ag=2)
[coast] !!! COLLISION ENV/ground at t=15.1s (ag=2)
[coast] !!! COLLISION ENV/ground at t=15.1s (ag=2)
[coast] !!! COLLISION ENV/ground at t=15.1s (ag=2)
[coast] !!! COLLISION ENV/ground at t=15.1s (ag=2)
[coast] !!! COLLISION ENV/ground at t=15.2s (ag=2)
[coast] !!! COLLISION ENV/ground at t=15.2s (ag=2)
[coast] !!! COLLISION ENV/ground at t=15.2s (ag=2)
[coast] !!! COLLISION ENV/ground at t=15.2s (ag=2)
[coast] !!! COLLISION ENV/ground at t=15.2s (ag=2)
[coast] !!! COLLISION ENV/ground at t=15.2s (ag=2)
[coast] !!! COLLISION ENV/ground at t=15.2s (ag=2)
[coast] !!! COLLISION ENV/ground at t=15.2s (ag=2)
[coast] !!! COLLISION ENV/ground at t=15.2s (ag=2)
[coast] !!! COLLISION ENV/ground at t=15.2s (ag=2)
[coast] !!! COLLISION ENV/ground at t=15.2s (ag=2)
[coast] !!! COLLISION ENV/ground at t=15.2s (ag=2)
[coast] !!! COLLISION ENV/ground at t=15.2s (ag=2)
[coast] !!! COLLISION ENV/ground at t=15.2s (ag=2)
[coast] !!! COLLISION ENV/ground at t=15.3s (ag=2)
[coast] !!! COLLISION ENV/ground at t=15.3s (ag=2)
[coast] !!! COLLISION ENV/ground at t=15.3s (ag=2)
[coast] !!! COLLISION ENV/ground at t=15.3s (ag=2)
[coast] !!! COLLISION ENV/ground at t=15.3s (ag=2)
[coast] !!! COLLISION ENV/ground at t=15.3s (ag=2)
[tube] seg3/bank2 ag=2 thr=0.245 LADDER leg2 -0.0240 VERT trim=-0.0057(coasting 0.0s) | [COMMIT] RAIL[NO-LOCK] found=0 rms=0.00px rows=0 sep=0.000 u=+0.000 vconv=+0.000 | GATE u=-0.027 v=-0.061 sz=0.038 -> +0.0deg x0.00 | uLat=+0.000 desR=-0.0(ff-4.5+0.0) estR=+1.2 estP=-17.1 |a|=0.94g dimu=2056 loop=77Hz det=77Hz
[coast] !!! COLLISION ENV/ground at t=15.3s (ag=2)
[coast] !!! COLLISION ENV/ground at t=15.3s (ag=2)
[coast] !!! COLLISION ENV/ground at t=15.3s (ag=2)
[coast] !!! COLLISION ENV/ground at t=15.3s (ag=2)
[coast] !!! COLLISION ENV/ground at t=15.3s (ag=2)
[coast] !!! COLLISION ENV/ground at t=15.3s (ag=2)
[coast] !!! COLLISION ENV/ground at t=15.3s (ag=2)
[coast] !!! COLLISION ENV/ground at t=15.3s (ag=2)
[coast] !!! COLLISION ENV/ground at t=15.4s (ag=2)
[coast] !!! COLLISION ENV/ground at t=15.4s (ag=2)
[coast] !!! COLLISION ENV/ground at t=15.4s (ag=2)
[coast] !!! COLLISION ENV/ground at t=15.4s (ag=2)
[coast] !!! COLLISION ENV/ground at t=15.4s (ag=2)
[coast] !!! COLLISION ENV/ground at t=15.4s (ag=2)
[coast] !!! COLLISION ENV/ground at t=15.4s (ag=2)
[coast] !!! COLLISION ENV/ground at t=15.4s (ag=2)
[coast] !!! COLLISION ENV/ground at t=15.4s (ag=2)
[coast] !!! COLLISION ENV/ground at t=15.4s (ag=2)
[coast] !!! COLLISION ENV/ground at t=15.4s (ag=2)
[coast] !!! COLLISION ENV/ground at t=15.4s (ag=2)
[coast] !!! COLLISION ENV/ground at t=15.4s (ag=2)
[coast] !!! COLLISION ENV/ground at t=15.4s (ag=2)
[coast] !!! COLLISION ENV/ground at t=15.4s (ag=2)
[coast] !!! COLLISION ENV/ground at t=15.5s (ag=2)
[coast] !!! COLLISION ENV/ground at t=15.5s (ag=2)
[coast] !!! COLLISION ENV/ground at t=15.5s (ag=2)
[coast] !!! COLLISION ENV/ground at t=15.5s (ag=2)
[coast] !!! COLLISION ENV/ground at t=15.5s (ag=2)
[coast] !!! COLLISION ENV/ground at t=15.5s (ag=2)
[coast] !!! COLLISION ENV/ground at t=15.5s (ag=2)
[coast] !!! COLLISION ENV/ground at t=15.5s (ag=2)
[coast] !!! COLLISION ENV/ground at t=15.5s (ag=2)
[coast] !!! COLLISION ENV/ground at t=15.5s (ag=2)
[coast] !!! COLLISION ENV/ground at t=15.5s (ag=2)
[coast] !!! COLLISION ENV/ground at t=15.5s (ag=2)
[coast] !!! COLLISION ENV/ground at t=15.5s (ag=2)
[coast] !!! COLLISION ENV/ground at t=15.5s (ag=2)
[coast] !!! COLLISION ENV/ground at t=15.6s (ag=2)
[coast] !!! COLLISION ENV/ground at t=15.6s (ag=2)
[tube] seg3/bank2 ag=2 thr=0.246 LADDER leg2 -0.0240 VERT trim=-0.0048(coasting 0.3s) | [COMMIT] RAIL[NO-LOCK] found=0 rms=0.00px rows=0 sep=0.000 u=+0.000 vconv=+0.000 | GATE u=-0.033 v=-0.090 sz=0.040 -> +0.0deg x0.00 | uLat=+0.000 desR=-0.0(ff-4.5+0.0) estR=+1.8 estP=-16.9 |a|=1.01g dimu=2086 loop=77Hz det=77Hz
[coast] !!! COLLISION ENV/ground at t=15.6s (ag=2)
[coast] !!! COLLISION ENV/ground at t=15.6s (ag=2)
[coast] !!! COLLISION ENV/ground at t=15.6s (ag=2)
[coast] !!! COLLISION ENV/ground at t=15.6s (ag=2)
[coast] !!! COLLISION ENV/ground at t=15.6s (ag=2)
[coast] !!! COLLISION ENV/ground at t=15.6s (ag=2)
[coast] !!! COLLISION ENV/ground at t=15.6s (ag=2)
[coast] !!! COLLISION ENV/ground at t=15.6s (ag=2)
[coast] !!! COLLISION ENV/ground at t=15.6s (ag=2)
[coast] !!! COLLISION ENV/ground at t=15.6s (ag=2)
[coast] !!! COLLISION ENV/ground at t=15.6s (ag=2)
[coast] !!! COLLISION ENV/ground at t=15.6s (ag=2)
[coast] !!! COLLISION ENV/ground at t=15.6s (ag=2)
[coast] !!! COLLISION ENV/ground at t=15.7s (ag=2)
[coast] !!! COLLISION ENV/ground at t=15.7s (ag=2)
[coast] !!! COLLISION ENV/ground at t=15.7s (ag=2)
[coast] !!! COLLISION ENV/ground at t=15.7s (ag=2)
[coast] !!! COLLISION ENV/ground at t=15.7s (ag=2)
[coast] !!! COLLISION ENV/ground at t=15.7s (ag=2)
[coast] !!! COLLISION ENV/ground at t=15.7s (ag=2)
[coast] !!! COLLISION ENV/ground at t=15.7s (ag=2)
[coast] !!! COLLISION ENV/ground at t=15.7s (ag=2)
[coast] !!! COLLISION ENV/ground at t=15.7s (ag=2)
[coast] !!! COLLISION ENV/ground at t=15.7s (ag=2)
[coast] !!! COLLISION ENV/ground at t=15.7s (ag=2)
[coast] !!! COLLISION ENV/ground at t=15.7s (ag=2)
[coast] !!! COLLISION ENV/ground at t=15.7s (ag=2)
[coast] !!! COLLISION ENV/ground at t=15.8s (ag=2)
[coast] !!! COLLISION ENV/ground at t=15.8s (ag=2)
[coast] !!! COLLISION ENV/ground at t=15.8s (ag=2)
[coast] !!! COLLISION ENV/ground at t=15.8s (ag=2)
[coast] !!! COLLISION ENV/ground at t=15.8s (ag=2)
[coast] !!! COLLISION ENV/ground at t=15.8s (ag=2)
[coast] !!! COLLISION ENV/ground at t=15.8s (ag=2)
[coast] !!! COLLISION ENV/ground at t=15.8s (ag=2)
[coast] !!! COLLISION ENV/ground at t=15.8s (ag=2)
[coast] !!! COLLISION ENV/ground at t=15.8s (ag=2)
[tube] seg3/bank2 ag=2 thr=0.247 LADDER leg2 -0.0240 VERT trim=-0.0040(coasting 0.5s) | [COMMIT] RAIL[NO-LOCK] found=0 rms=0.00px rows=0 sep=0.000 u=+0.000 vconv=+0.000 | GATE -- | uLat=+0.000 desR=-0.0(ff-4.5+0.0) estR=+5.3 estP=-27.9 |a|=1.18g dimu=2116 loop=77Hz det=77Hz
[coast] !!! COLLISION ENV/ground at t=15.8s (ag=2)
[coast] !!! COLLISION ENV/ground at t=15.8s (ag=2)
[coast] !!! COLLISION ENV/ground at t=15.8s (ag=2)
[coast] !!! COLLISION ENV/ground at t=15.8s (ag=2)
[coast] !!! COLLISION ENV/ground at t=15.9s (ag=2)
[coast] !!! COLLISION ENV/ground at t=15.9s (ag=2)
[coast] !!! COLLISION ENV/ground at t=15.9s (ag=2)
[coast] !!! COLLISION ENV/ground at t=15.9s (ag=2)
[coast] !!! COLLISION ENV/ground at t=15.9s (ag=2)
[coast] !!! COLLISION ENV/ground at t=15.9s (ag=2)
[coast] !!! COLLISION ENV/ground at t=15.9s (ag=2)
[coast] !!! COLLISION ENV/ground at t=15.9s (ag=2)
[coast] !!! COLLISION ENV/ground at t=15.9s (ag=2)
[coast] !!! COLLISION ENV/ground at t=15.9s (ag=2)
[coast] !!! COLLISION ENV/ground at t=15.9s (ag=2)
[coast] !!! COLLISION ENV/ground at t=15.9s (ag=2)
[coast] !!! COLLISION ENV/ground at t=15.9s (ag=2)
[coast] !!! COLLISION ENV/ground at t=15.9s (ag=2)
[coast] !!! COLLISION ENV/ground at t=16.0s (ag=2)
[coast] !!! COLLISION ENV/ground at t=16.0s (ag=2)
[coast] !!! COLLISION ENV/ground at t=16.0s (ag=2)
[coast] !!! COLLISION ENV/ground at t=16.0s (ag=2)
[coast] !!! COLLISION ENV/ground at t=16.0s (ag=2)
[coast] !!! COLLISION ENV/ground at t=16.0s (ag=2)
[coast] !!! COLLISION ENV/ground at t=16.0s (ag=2)
[coast] !!! COLLISION ENV/ground at t=16.0s (ag=2)
[coast] !!! COLLISION ENV/ground at t=16.0s (ag=2)
[coast] !!! COLLISION ENV/ground at t=16.0s (ag=2)
[coast] !!! COLLISION ENV/ground at t=16.0s (ag=2)
[coast] !!! COLLISION ENV/ground at t=16.0s (ag=2)
[coast] !!! COLLISION ENV/ground at t=16.0s (ag=2)
[coast] !!! COLLISION ENV/ground at t=16.0s (ag=2)
[coast] !!! COLLISION ENV/ground at t=16.1s (ag=2)
[coast] !!! COLLISION ENV/ground at t=16.1s (ag=2)
[coast] !!! COLLISION ENV/ground at t=16.1s (ag=2)
[coast] !!! COLLISION ENV/ground at t=16.1s (ag=2)
[tube] seg3/bank2 ag=2 thr=0.248 LADDER leg2 -0.0240 VERT trim=-0.0034(coasting 0.8s) | [COMMIT] RAIL[NO-LOCK] found=0 rms=0.00px rows=0 sep=0.000 u=+0.000 vconv=+0.000 | GATE -- | uLat=+0.000 desR=-0.0(ff-3.5+0.0) estR=+0.5 estP=-16.3 |a|=2.06g dimu=2145 loop=77Hz det=77Hz
[coast] !!! COLLISION ENV/ground at t=16.1s (ag=2)
[coast] !!! COLLISION ENV/ground at t=16.1s (ag=2)
[coast] !!! COLLISION ENV/ground at t=16.1s (ag=2)
[coast] !!! COLLISION ENV/ground at t=16.1s (ag=2)
[coast] !!! COLLISION ENV/ground at t=16.1s (ag=2)
[coast] !!! COLLISION ENV/ground at t=16.1s (ag=2)
[coast] !!! COLLISION ENV/ground at t=16.1s (ag=2)
[coast] !!! COLLISION ENV/ground at t=16.1s (ag=2)
[coast] !!! COLLISION ENV/ground at t=16.1s (ag=2)
[coast] !!! COLLISION ENV/ground at t=16.1s (ag=2)
[coast] !!! COLLISION ENV/ground at t=16.2s (ag=2)
[coast] !!! COLLISION ENV/ground at t=16.2s (ag=2)
[coast] !!! COLLISION ENV/ground at t=16.2s (ag=2)
[coast] !!! COLLISION ENV/ground at t=16.2s (ag=2)
[coast] !!! COLLISION ENV/ground at t=16.2s (ag=2)
[coast] !!! COLLISION ENV/ground at t=16.2s (ag=2)
[coast] !!! COLLISION ENV/ground at t=16.2s (ag=2)
[coast] !!! COLLISION ENV/ground at t=16.2s (ag=2)
[coast] !!! COLLISION ENV/ground at t=16.2s (ag=2)
[coast] !!! COLLISION ENV/ground at t=16.2s (ag=2)
[coast] !!! COLLISION ENV/ground at t=16.2s (ag=2)
[coast] !!! COLLISION ENV/ground at t=16.2s (ag=2)
[coast] !!! COLLISION ENV/ground at t=16.2s (ag=2)
[coast] !!! COLLISION ENV/ground at t=16.2s (ag=2)
[coast] !!! COLLISION ENV/ground at t=16.2s (ag=2)
[coast] !!! COLLISION ENV/ground at t=16.3s (ag=2)
[coast] !!! COLLISION ENV/ground at t=16.3s (ag=2)
[coast] !!! COLLISION ENV/ground at t=16.3s (ag=2)
[coast] !!! COLLISION ENV/ground at t=16.3s (ag=2)
[coast] !!! COLLISION ENV/ground at t=16.3s (ag=2)
[coast] !!! COLLISION ENV/ground at t=16.3s (ag=2)
[coast] !!! COLLISION ENV/ground at t=16.3s (ag=2)
[coast] !!! COLLISION ENV/ground at t=16.3s (ag=2)
[coast] !!! COLLISION ENV/ground at t=16.3s (ag=2)
[coast] !!! COLLISION ENV/ground at t=16.3s (ag=2)
[coast] !!! COLLISION ENV/ground at t=16.3s (ag=2)
[tube] seg3/bank2 ag=2 thr=0.248 LADDER leg2 -0.0240 VERT trim=-0.0029(coasting 1.0s) | [COMMIT] RAIL[NO-LOCK] found=0 rms=0.00px rows=0 sep=0.000 u=+0.000 vconv=+0.000 | GATE -- | uLat=+0.000 desR=-0.0(ff-1.8+0.0) estR=+1.6 estP=-5.0 |a|=1.01g dimu=2175 loop=102Hz det=102Hz
[coast] !!! COLLISION ENV/ground at t=16.3s (ag=2)
[coast] !!! COLLISION ENV/ground at t=16.3s (ag=2)
[coast] !!! COLLISION ENV/ground at t=16.3s (ag=2)
[coast] !!! COLLISION ENV/ground at t=16.4s (ag=2)
[coast] !!! COLLISION ENV/ground at t=16.4s (ag=2)
[coast] !!! COLLISION ENV/ground at t=16.4s (ag=2)
[coast] !!! COLLISION ENV/ground at t=16.4s (ag=2)
[coast] !!! COLLISION ENV/ground at t=16.4s (ag=2)
[coast] !!! COLLISION ENV/ground at t=16.4s (ag=2)
[coast] !!! COLLISION ENV/ground at t=16.4s (ag=2)
[coast] !!! COLLISION ENV/ground at t=16.4s (ag=2)
[coast] !!! COLLISION ENV/ground at t=16.4s (ag=2)
[coast] !!! COLLISION ENV/ground at t=16.4s (ag=2)
[coast] !!! COLLISION ENV/ground at t=16.4s (ag=2)
[coast] !!! COLLISION ENV/ground at t=16.4s (ag=2)
[coast] !!! COLLISION ENV/ground at t=16.4s (ag=2)
[coast] !!! COLLISION ENV/ground at t=16.4s (ag=2)
[coast] !!! COLLISION ENV/ground at t=16.5s (ag=2)
[coast] !!! COLLISION ENV/ground at t=16.5s (ag=2)
[coast] !!! COLLISION ENV/ground at t=16.5s (ag=2)
[coast] !!! COLLISION ENV/ground at t=16.5s (ag=2)
[coast] !!! COLLISION ENV/ground at t=16.5s (ag=2)
[coast] !!! COLLISION ENV/ground at t=16.5s (ag=2)
[coast] !!! COLLISION ENV/ground at t=16.5s (ag=2)
[coast] !!! COLLISION ENV/ground at t=16.5s (ag=2)
[coast] !!! COLLISION ENV/ground at t=16.5s (ag=2)
[coast] !!! COLLISION ENV/ground at t=16.5s (ag=2)
[coast] !!! COLLISION ENV/ground at t=16.5s (ag=2)
[coast] !!! COLLISION ENV/ground at t=16.5s (ag=2)
[coast] !!! COLLISION ENV/ground at t=16.5s (ag=2)
[coast] !!! COLLISION ENV/ground at t=16.5s (ag=2)
[coast] !!! COLLISION ENV/ground at t=16.5s (ag=2)
[coast] !!! COLLISION ENV/ground at t=16.6s (ag=2)
[coast] !!! COLLISION ENV/ground at t=16.6s (ag=2)
[coast] !!! COLLISION ENV/ground at t=16.6s (ag=2)
[coast] !!! COLLISION ENV/ground at t=16.6s (ag=2)
[coast] !!! COLLISION ENV/ground at t=16.6s (ag=2)
[tube] seg3/bank2 ag=2 thr=0.249 LADDER leg2 -0.0240 VERT trim=-0.0024(coasting 1.3s) | [COMMIT] RAIL[NO-LOCK] found=0 rms=0.00px rows=0 sep=0.000 u=+0.000 vconv=+0.000 | GATE -- | uLat=+0.000 desR=-0.0(ff-1.0+0.0) estR=+2.2 estP=-1.7 |a|=1.00g dimu=2205 loop=102Hz det=102Hz
[coast] !!! COLLISION ENV/ground at t=16.6s (ag=2)
[coast] !!! COLLISION ENV/ground at t=16.6s (ag=2)
[coast] !!! COLLISION ENV/ground at t=16.6s (ag=2)
[coast] !!! COLLISION ENV/ground at t=16.6s (ag=2)
[coast] !!! COLLISION ENV/ground at t=16.6s (ag=2)
[coast] !!! COLLISION ENV/ground at t=16.6s (ag=2)
[coast] !!! COLLISION ENV/ground at t=16.6s (ag=2)
[coast] !!! COLLISION ENV/ground at t=16.6s (ag=2)
[coast] !!! COLLISION ENV/ground at t=16.6s (ag=2)
[coast] !!! COLLISION ENV/ground at t=16.7s (ag=2)
[coast] !!! COLLISION ENV/ground at t=16.7s (ag=2)
[coast] !!! COLLISION ENV/ground at t=16.7s (ag=2)
[coast] !!! COLLISION ENV/ground at t=16.7s (ag=2)
[coast] !!! COLLISION ENV/ground at t=16.7s (ag=2)
[coast] !!! COLLISION ENV/ground at t=16.7s (ag=2)
[coast] !!! COLLISION ENV/ground at t=16.7s (ag=2)
[coast] !!! COLLISION ENV/ground at t=16.7s (ag=2)
[coast] !!! COLLISION ENV/ground at t=16.7s (ag=2)
[coast] !!! COLLISION ENV/ground at t=16.7s (ag=2)
[coast] !!! COLLISION ENV/ground at t=16.7s (ag=2)
[coast] !!! COLLISION ENV/ground at t=16.7s (ag=2)
[coast] !!! COLLISION ENV/ground at t=16.7s (ag=2)
[coast] !!! COLLISION ENV/ground at t=16.7s (ag=2)
[coast] !!! COLLISION ENV/ground at t=16.7s (ag=2)
[coast] !!! COLLISION ENV/ground at t=16.8s (ag=2)
[coast] !!! COLLISION ENV/ground at t=16.8s (ag=2)
[coast] !!! COLLISION ENV/ground at t=16.8s (ag=2)
[coast] !!! COLLISION ENV/ground at t=16.8s (ag=2)
[coast] !!! COLLISION ENV/ground at t=16.8s (ag=2)
[coast] !!! COLLISION ENV/ground at t=16.8s (ag=2)
[coast] !!! COLLISION ENV/ground at t=16.8s (ag=2)
[coast] !!! COLLISION ENV/ground at t=16.8s (ag=2)
[coast] !!! COLLISION ENV/ground at t=16.8s (ag=2)
[coast] !!! COLLISION ENV/ground at t=16.8s (ag=2)
[coast] !!! COLLISION ENV/ground at t=16.8s (ag=2)
[coast] !!! COLLISION ENV/ground at t=16.8s (ag=2)
[coast] !!! COLLISION ENV/ground at t=16.8s (ag=2)
[tube] seg3/bank2 ag=2 thr=0.249 LADDER leg2 -0.0240 VERT trim=-0.0020(coasting 1.6s) | [COMMIT] RAIL[NO-LOCK] found=0 rms=0.00px rows=0 sep=0.000 u=+0.000 vconv=+0.000 | GATE -- | uLat=+0.000 desR=-0.0(ff-0.5+0.0) estR=+2.9 estP=-4.2 |a|=1.00g dimu=2235 loop=102Hz det=102Hz
[coast] !!! COLLISION ENV/ground at t=16.8s (ag=2)
[coast] !!! COLLISION ENV/ground at t=16.9s (ag=2)
[coast] !!! COLLISION ENV/ground at t=16.9s (ag=2)
[coast] !!! COLLISION ENV/ground at t=16.9s (ag=2)
[coast] !!! COLLISION ENV/ground at t=16.9s (ag=2)
[coast] !!! COLLISION ENV/ground at t=16.9s (ag=2)
[coast] !!! COLLISION ENV/ground at t=16.9s (ag=2)
[coast] !!! COLLISION ENV/ground at t=16.9s (ag=2)
[coast] !!! COLLISION ENV/ground at t=16.9s (ag=2)
[coast] !!! COLLISION ENV/ground at t=16.9s (ag=2)
[coast] !!! COLLISION ENV/ground at t=16.9s (ag=2)
[coast] !!! COLLISION ENV/ground at t=16.9s (ag=2)
[coast] !!! COLLISION ENV/ground at t=16.9s (ag=2)
[coast] !!! COLLISION ENV/ground at t=16.9s (ag=2)
[coast] !!! COLLISION ENV/ground at t=16.9s (ag=2)
[coast] !!! COLLISION ENV/ground at t=17.0s (ag=2)
[coast] !!! COLLISION ENV/ground at t=17.0s (ag=2)
[coast] !!! COLLISION ENV/ground at t=17.0s (ag=2)
[coast] !!! COLLISION ENV/ground at t=17.0s (ag=2)
[coast] !!! COLLISION ENV/ground at t=17.0s (ag=2)
[coast] !!! COLLISION ENV/ground at t=17.0s (ag=2)
[coast] !!! COLLISION ENV/ground at t=17.0s (ag=2)
[coast] !!! COLLISION ENV/ground at t=17.0s (ag=2)
[coast] !!! COLLISION ENV/ground at t=17.0s (ag=2)
[coast] !!! COLLISION ENV/ground at t=17.0s (ag=2)
[coast] !!! COLLISION ENV/ground at t=17.0s (ag=2)
[coast] !!! COLLISION ENV/ground at t=17.0s (ag=2)
[coast] !!! COLLISION ENV/ground at t=17.0s (ag=2)
[coast] !!! COLLISION ENV/ground at t=17.0s (ag=2)
[coast] !!! COLLISION ENV/ground at t=17.0s (ag=2)
[coast] !!! COLLISION ENV/ground at t=17.1s (ag=2)
[coast] !!! COLLISION ENV/ground at t=17.1s (ag=2)
[coast] !!! COLLISION ENV/ground at t=17.1s (ag=2)
[coast] !!! COLLISION ENV/ground at t=17.1s (ag=2)
[coast] !!! COLLISION ENV/ground at t=17.1s (ag=2)
[coast] !!! COLLISION ENV/ground at t=17.1s (ag=2)
[coast] !!! COLLISION ENV/ground at t=17.1s (ag=2)
[coast] !!! COLLISION ENV/ground at t=17.1s (ag=2)[tube] seg3/bank2 ag=2 thr=0.249 LADDER leg2 -0.0240 VERT trim=-0.0017(coasting 1.8s) | [COMMIT] RAIL[NO-LOCK] found=0 rms=0.00px rows=0 sep=0.000 u=+0.000 vconv=+0.000 | GATE -- | uLat=+0.000 desR=-0.0(ff-0.3+0.0) estR=+3.8 estP=-5.7 |a|=1.00g dimu=2265 loop=102Hz det=102Hz

[coast] !!! COLLISION ENV/ground at t=17.1s (ag=2)
[coast] !!! COLLISION ENV/ground at t=17.1s (ag=2)
[coast] !!! COLLISION ENV/ground at t=17.1s (ag=2)
[coast] !!! COLLISION ENV/ground at t=17.1s (ag=2)
[coast] !!! COLLISION ENV/ground at t=17.1s (ag=2)
[coast] !!! COLLISION ENV/ground at t=17.1s (ag=2)
[coast] !!! COLLISION ENV/ground at t=17.2s (ag=2)
[coast] !!! COLLISION ENV/ground at t=17.2s (ag=2)
[coast] !!! COLLISION ENV/ground at t=17.2s (ag=2)
[coast] !!! COLLISION ENV/ground at t=17.2s (ag=2)
[coast] !!! COLLISION ENV/ground at t=17.2s (ag=2)
[coast] !!! COLLISION ENV/ground at t=17.2s (ag=2)
[coast] !!! COLLISION ENV/ground at t=17.2s (ag=2)
[coast] !!! COLLISION ENV/ground at t=17.2s (ag=2)
[coast] !!! COLLISION ENV/ground at t=17.2s (ag=2)
[coast] !!! COLLISION ENV/ground at t=17.2s (ag=2)
[coast] !!! COLLISION ENV/ground at t=17.2s (ag=2)
[coast] !!! COLLISION ENV/ground at t=17.2s (ag=2)
[coast] !!! COLLISION ENV/ground at t=17.2s (ag=2)
[coast] !!! COLLISION ENV/ground at t=17.2s (ag=2)
[coast] !!! COLLISION ENV/ground at t=17.3s (ag=2)
[coast] !!! COLLISION ENV/ground at t=17.3s (ag=2)
[coast] !!! COLLISION ENV/ground at t=17.3s (ag=2)
[coast] !!! COLLISION ENV/ground at t=17.3s (ag=2)
[coast] !!! COLLISION ENV/ground at t=17.3s (ag=2)
[coast] !!! COLLISION ENV/ground at t=17.3s (ag=2)
[coast] !!! COLLISION ENV/ground at t=17.3s (ag=2)
[coast] !!! COLLISION ENV/ground at t=17.3s (ag=2)
[coast] !!! COLLISION ENV/ground at t=17.3s (ag=2)
[coast] !!! COLLISION ENV/ground at t=17.3s (ag=2)
[coast] !!! COLLISION ENV/ground at t=17.3s (ag=2)
[coast] !!! COLLISION ENV/ground at t=17.3s (ag=2)
[coast] !!! COLLISION ENV/ground at t=17.3s (ag=2)
[coast] !!! COLLISION ENV/ground at t=17.3s (ag=2)
[coast] !!! COLLISION ENV/ground at t=17.3s (ag=2)
[coast] !!! COLLISION ENV/ground at t=17.4s (ag=2)
[tube] seg3/bank2 ag=2 thr=0.250 LADDER leg2 -0.0240 VERT trim=-0.0015(coasting 2.1s) | [COMMIT] RAIL[NO-LOCK] found=0 rms=0.00px rows=0 sep=0.000 u=+0.000 vconv=+0.000 | GATE -- | uLat=+0.000 desR=-0.0(ff-0.1+0.0) estR=+4.8 estP=-6.4 |a|=0.99g dimu=2294 loop=111Hz det=111Hz
[coast] !!! COLLISION ENV/ground at t=17.4s (ag=2)
[coast] !!! COLLISION ENV/ground at t=17.4s (ag=2)
[coast] !!! COLLISION ENV/ground at t=17.4s (ag=2)
[coast] !!! COLLISION ENV/ground at t=17.4s (ag=2)
[coast] !!! COLLISION ENV/ground at t=17.4s (ag=2)
[coast] !!! COLLISION ENV/ground at t=17.4s (ag=2)
[coast] !!! COLLISION ENV/ground at t=17.4s (ag=2)
[coast] !!! COLLISION ENV/ground at t=17.4s (ag=2)
[coast] !!! COLLISION ENV/ground at t=17.4s (ag=2)
[coast] !!! COLLISION ENV/ground at t=17.4s (ag=2)
[coast] !!! COLLISION ENV/ground at t=17.4s (ag=2)
[coast] !!! COLLISION ENV/ground at t=17.4s (ag=2)
[coast] !!! COLLISION ENV/ground at t=17.4s (ag=2)
[coast] !!! COLLISION ENV/ground at t=17.4s (ag=2)
[coast] !!! COLLISION ENV/ground at t=17.5s (ag=2)
[coast] !!! COLLISION ENV/ground at t=17.5s (ag=2)
[coast] !!! COLLISION ENV/ground at t=17.5s (ag=2)
[coast] !!! COLLISION ENV/ground at t=17.5s (ag=2)
[coast] !!! COLLISION ENV/ground at t=17.5s (ag=2)
[coast] !!! COLLISION ENV/ground at t=17.5s (ag=2)
[coast] !!! COLLISION ENV/ground at t=17.5s (ag=2)
[coast] !!! COLLISION ENV/ground at t=17.5s (ag=2)
[coast] !!! COLLISION ENV/ground at t=17.5s (ag=2)
[coast] !!! COLLISION ENV/ground at t=17.5s (ag=2)
[coast] !!! COLLISION ENV/ground at t=17.5s (ag=2)
[coast] !!! COLLISION ENV/ground at t=17.5s (ag=2)
[coast] !!! COLLISION ENV/ground at t=17.5s (ag=2)
[coast] !!! COLLISION ENV/ground at t=17.5s (ag=2)
[coast] !!! COLLISION ENV/ground at t=17.6s (ag=2)
[coast] !!! COLLISION ENV/ground at t=17.6s (ag=2)
[coast] !!! COLLISION ENV/ground at t=17.6s (ag=2)
[coast] !!! COLLISION ENV/ground at t=17.6s (ag=2)
[coast] !!! COLLISION ENV/ground at t=17.6s (ag=2)
[coast] !!! COLLISION ENV/ground at t=17.6s (ag=2)
[coast] !!! COLLISION ENV/ground at t=17.6s (ag=2)
[coast] !!! COLLISION ENV/ground at t=17.6s (ag=2)
[coast] !!! COLLISION ENV/ground at t=17.6s (ag=2)
[tube] seg3/bank2 ag=2 thr=0.250 LADDER leg2 -0.0240 VERT trim=-0.0012(coasting 2.3s) | [COMMIT] RAIL[NO-LOCK] found=0 rms=0.00px rows=0 sep=0.000 u=+0.000 vconv=+0.000 | GATE -- | uLat=+0.000 desR=-0.0(ff-0.1+0.0) estR=+6.2 estP=-6.9 |a|=1.01g dimu=2323 loop=111Hz det=111Hz
[coast] !!! COLLISION ENV/ground at t=17.6s (ag=2)
[coast] !!! COLLISION ENV/ground at t=17.6s (ag=2)
[coast] !!! COLLISION ENV/ground at t=17.6s (ag=2)
[coast] !!! COLLISION ENV/ground at t=17.6s (ag=2)
[coast] !!! COLLISION ENV/ground at t=17.6s (ag=2)
[coast] !!! COLLISION ENV/ground at t=17.6s (ag=2)
[coast] !!! COLLISION ENV/ground at t=17.7s (ag=2)
[coast] !!! COLLISION ENV/ground at t=17.7s (ag=2)
[coast] !!! COLLISION ENV/ground at t=17.7s (ag=2)
[coast] !!! COLLISION ENV/ground at t=17.7s (ag=2)
[coast] !!! COLLISION ENV/ground at t=17.7s (ag=2)
[coast] !!! COLLISION ENV/ground at t=17.7s (ag=2)
[coast] !!! COLLISION ENV/ground at t=17.7s (ag=2)
[coast] !!! COLLISION ENV/ground at t=17.7s (ag=2)
[coast] !!! COLLISION ENV/ground at t=17.7s (ag=2)
[coast] !!! COLLISION ENV/ground at t=17.7s (ag=2)
[coast] !!! COLLISION ENV/ground at t=17.7s (ag=2)
[coast] !!! COLLISION ENV/ground at t=17.7s (ag=2)
[coast] !!! COLLISION ENV/ground at t=17.7s (ag=2)
[coast] !!! COLLISION ENV/ground at t=17.7s (ag=2)
[coast] !!! COLLISION ENV/ground at t=17.8s (ag=2)
[coast] !!! COLLISION ENV/ground at t=17.8s (ag=2)
[coast] !!! COLLISION ENV/ground at t=17.8s (ag=2)
[coast] !!! COLLISION ENV/ground at t=17.8s (ag=2)
[coast] !!! COLLISION ENV/ground at t=17.8s (ag=2)
[coast] !!! COLLISION ENV/ground at t=17.8s (ag=2)
[coast] !!! COLLISION ENV/ground at t=17.8s (ag=2)
[coast] !!! COLLISION ENV/ground at t=17.8s (ag=2)
[coast] !!! COLLISION ENV/ground at t=17.8s (ag=2)
[coast] !!! COLLISION ENV/ground at t=17.8s (ag=2)
[coast] !!! COLLISION ENV/ground at t=17.8s (ag=2)
[coast] !!! COLLISION ENV/ground at t=17.8s (ag=2)
[coast] !!! COLLISION ENV/ground at t=17.8s (ag=2)
[coast] !!! COLLISION ENV/ground at t=17.8s (ag=2)
[coast] !!! COLLISION ENV/ground at t=17.8s (ag=2)
[coast] !!! COLLISION ENV/ground at t=17.9s (ag=2)
[tube] seg3/bank2 ag=2 thr=0.250 LADDER leg2 -0.0240 VERT trim=-0.0010(coasting 2.6s) | [COMMIT] RAIL[NO-LOCK] found=0 rms=0.00px rows=0 sep=0.000 u=+0.000 vconv=+0.000 | GATE -- | uLat=+0.000 desR=-0.0(ff-0.0+0.0) estR=+8.0 estP=-7.4 |a|=1.01g dimu=2352 loop=111Hz det=111Hz
[coast] !!! COLLISION ENV/ground at t=17.9s (ag=2)
[coast] !!! COLLISION ENV/ground at t=17.9s (ag=2)
[coast] !!! COLLISION ENV/ground at t=17.9s (ag=2)
[coast] !!! COLLISION ENV/ground at t=17.9s (ag=2)
[coast] !!! COLLISION ENV/ground at t=17.9s (ag=2)
[coast] !!! COLLISION ENV/ground at t=17.9s (ag=2)
[coast] !!! COLLISION ENV/ground at t=17.9s (ag=2)
[coast] !!! COLLISION ENV/ground at t=17.9s (ag=2)
[coast] !!! COLLISION ENV/ground at t=17.9s (ag=2)
[coast] !!! COLLISION ENV/ground at t=17.9s (ag=2)
[coast] !!! COLLISION ENV/ground at t=17.9s (ag=2)
[coast] !!! COLLISION ENV/ground at t=17.9s (ag=2)
[coast] !!! COLLISION ENV/ground at t=17.9s (ag=2)
[coast] !!! COLLISION ENV/ground at t=18.0s (ag=2)
[coast] !!! COLLISION ENV/ground at t=18.0s (ag=2)
[coast] !!! COLLISION ENV/ground at t=18.0s (ag=2)
[coast] !!! COLLISION ENV/ground at t=18.0s (ag=2)
[coast] !!! COLLISION ENV/ground at t=18.0s (ag=2)
[coast] !!! COLLISION ENV/ground at t=18.0s (ag=2)
[coast] !!! COLLISION ENV/ground at t=18.0s (ag=2)
[coast] !!! COLLISION ENV/ground at t=18.0s (ag=2)
[coast] !!! COLLISION ENV/ground at t=18.0s (ag=2)
[coast] !!! COLLISION ENV/ground at t=18.0s (ag=2)
[coast] !!! COLLISION ENV/ground at t=18.0s (ag=2)
[coast] !!! COLLISION ENV/ground at t=18.0s (ag=2)
[coast] !!! COLLISION ENV/ground at t=18.0s (ag=2)
[coast] !!! COLLISION ENV/ground at t=18.0s (ag=2)
[coast] !!! COLLISION ENV/ground at t=18.0s (ag=2)
[coast] !!! COLLISION ENV/ground at t=18.0s (ag=2)
[coast] !!! COLLISION ENV/ground at t=18.1s (ag=2)
[coast] !!! COLLISION ENV/ground at t=18.1s (ag=2)
[coast] !!! COLLISION ENV/ground at t=18.1s (ag=2)
[coast] !!! COLLISION ENV/ground at t=18.1s (ag=2)
[coast] !!! COLLISION ENV/ground at t=18.1s (ag=2)
[coast] !!! COLLISION ENV/ground at t=18.1s (ag=2)
[coast] !!! COLLISION ENV/ground at t=18.1s (ag=2)
[coast] !!! COLLISION ENV/ground at t=18.1s (ag=2)
[coast] !!! COLLISION ENV/ground at t=18.1s (ag=2)
[coast] !!! COLLISION ENV/ground at t=18.1s (ag=2)
[tube] seg3/bank2 ag=2 thr=0.250 LADDER leg2 -0.0240 VERT trim=-0.0009(coasting 2.8s) | [COMMIT] RAIL[NO-LOCK] found=0 rms=0.00px rows=0 sep=0.000 u=+0.000 vconv=+0.000 | GATE -- | uLat=+0.000 desR=-0.0(ff-0.0+0.0) estR=+10.4 estP=-8.0 |a|=1.01g dimu=2382 loop=111Hz det=111Hz
[coast] !!! COLLISION ENV/ground at t=18.1s (ag=2)
[coast] !!! COLLISION ENV/ground at t=18.1s (ag=2)
[coast] !!! COLLISION ENV/ground at t=18.1s (ag=2)
[coast] !!! COLLISION ENV/ground at t=18.1s (ag=2)
[coast] !!! COLLISION ENV/ground at t=18.2s (ag=2)
[coast] !!! COLLISION ENV/ground at t=18.2s (ag=2)
[coast] !!! COLLISION ENV/ground at t=18.2s (ag=2)
[coast] !!! COLLISION ENV/ground at t=18.2s (ag=2)
[coast] !!! COLLISION ENV/ground at t=18.2s (ag=2)
[coast] !!! COLLISION ENV/ground at t=18.2s (ag=2)
[coast] !!! COLLISION ENV/ground at t=18.2s (ag=2)
[coast] !!! COLLISION ENV/ground at t=18.2s (ag=2)
[coast] !!! COLLISION ENV/ground at t=18.2s (ag=2)
[coast] !!! COLLISION ENV/ground at t=18.2s (ag=2)
[coast] !!! COLLISION ENV/ground at t=18.2s (ag=2)
[coast] !!! COLLISION ENV/ground at t=18.2s (ag=2)
[coast] !!! COLLISION ENV/ground at t=18.2s (ag=2)
[coast] !!! COLLISION ENV/ground at t=18.2s (ag=2)
[coast] !!! COLLISION ENV/ground at t=18.3s (ag=2)
[coast] !!! COLLISION ENV/ground at t=18.3s (ag=2)
[coast] !!! COLLISION ENV/ground at t=18.3s (ag=2)
[coast] !!! COLLISION ENV/ground at t=18.3s (ag=2)
[coast] !!! COLLISION ENV/ground at t=18.3s (ag=2)
[coast] !!! COLLISION ENV/ground at t=18.3s (ag=2)
[coast] !!! COLLISION ENV/ground at t=18.3s (ag=2)
[coast] !!! COLLISION ENV/ground at t=18.3s (ag=2)
[coast] !!! COLLISION ENV/ground at t=18.3s (ag=2)
[coast] !!! COLLISION ENV/ground at t=18.3s (ag=2)
[coast] !!! COLLISION ENV/ground at t=18.3s (ag=2)
[coast] !!! COLLISION ENV/ground at t=18.3s (ag=2)
[coast] !!! COLLISION ENV/ground at t=18.3s (ag=2)
[coast] !!! COLLISION ENV/ground at t=18.3s (ag=2)
[coast] !!! COLLISION ENV/ground at t=18.3s (ag=2)
[coast] !!! COLLISION ENV/ground at t=18.4s (ag=2)
[coast] !!! COLLISION ENV/ground at t=18.4s (ag=2)
[coast] !!! COLLISION ENV/ground at t=18.4s (ag=2)
[tube] seg3/bank2 ag=2 thr=0.250 LADDER leg2 -0.0240 VERT trim=-0.0007(coasting 3.1s) | [COMMIT] RAIL[NO-LOCK] found=0 rms=0.00px rows=0 sep=0.000 u=+0.000 vconv=+0.000 | GATE -- | uLat=+0.000 desR=-0.0(ff-0.0+0.0) estR=+13.7 estP=-8.3 |a|=1.00g dimu=2411 loop=111Hz det=111Hz
[coast] !!! COLLISION ENV/ground at t=18.4s (ag=2)
[coast] !!! COLLISION ENV/ground at t=18.4s (ag=2)
[coast] !!! COLLISION ENV/ground at t=18.4s (ag=2)
[coast] !!! COLLISION ENV/ground at t=18.4s (ag=2)
[coast] !!! COLLISION ENV/ground at t=18.4s (ag=2)
[coast] !!! COLLISION ENV/ground at t=18.4s (ag=2)
[coast] !!! COLLISION ENV/ground at t=18.4s (ag=2)
[coast] !!! COLLISION ENV/ground at t=18.4s (ag=2)
[coast] !!! COLLISION ENV/ground at t=18.4s (ag=2)
[coast] !!! COLLISION ENV/ground at t=18.4s (ag=2)
[coast] !!! COLLISION ENV/ground at t=18.4s (ag=2)
[coast] !!! COLLISION ENV/ground at t=18.5s (ag=2)
[coast] !!! COLLISION ENV/ground at t=18.5s (ag=2)
[coast] !!! COLLISION ENV/ground at t=18.5s (ag=2)
[coast] !!! COLLISION ENV/ground at t=18.5s (ag=2)
[coast] !!! COLLISION ENV/ground at t=18.5s (ag=2)
[coast] !!! COLLISION ENV/ground at t=18.5s (ag=2)
[coast] !!! COLLISION ENV/ground at t=18.5s (ag=2)
[coast] !!! COLLISION ENV/ground at t=18.5s (ag=2)
[coast] !!! COLLISION ENV/ground at t=18.5s (ag=2)
[coast] !!! COLLISION ENV/ground at t=18.5s (ag=2)
[coast] !!! COLLISION ENV/ground at t=18.5s (ag=2)
[coast] !!! COLLISION ENV/ground at t=18.5s (ag=2)
[coast] !!! COLLISION ENV/ground at t=18.5s (ag=2)
[coast] !!! COLLISION ENV/ground at t=18.5s (ag=2)
[coast] !!! COLLISION ENV/ground at t=18.5s (ag=2)
[coast] !!! COLLISION ENV/ground at t=18.6s (ag=2)
[coast] !!! COLLISION ENV/ground at t=18.6s (ag=2)
[coast] !!! COLLISION ENV/ground at t=18.6s (ag=2)
[coast] !!! COLLISION ENV/ground at t=18.6s (ag=2)
[coast] !!! COLLISION ENV/ground at t=18.6s (ag=2)
[coast] !!! COLLISION ENV/ground at t=18.6s (ag=2)
[coast] !!! COLLISION ENV/ground at t=18.6s (ag=2)
[coast] !!! COLLISION ENV/ground at t=18.6s (ag=2)
[coast] !!! COLLISION ENV/ground at t=18.6s (ag=2)
[coast] !!! COLLISION ENV/ground at t=18.6s (ag=2)
[coast] !!! COLLISION ENV/ground at t=18.6s (ag=2)
[coast] !!! COLLISION ENV/ground at t=18.6s (ag=2)[tube] seg3/bank2 ag=2 thr=0.250 LADDER leg2 -0.0240 VERT trim=-0.0006(coasting 3.3s) | [COMMIT] RAIL[NO-LOCK] found=0 rms=0.00px rows=0 sep=0.000 u=+0.000 vconv=+0.000 | GATE -- | uLat=+0.000 desR=-0.0(ff-0.0+0.0) estR=+18.4 estP=-8.6 |a|=0.99g dimu=2440 loop=111Hz det=111Hz

[coast] !!! COLLISION ENV/ground at t=18.6s (ag=2)
[coast] !!! COLLISION ENV/ground at t=18.6s (ag=2)
[coast] !!! COLLISION ENV/ground at t=18.6s (ag=2)
[coast] !!! COLLISION ENV/ground at t=18.7s (ag=2)
[coast] !!! COLLISION ENV/ground at t=18.7s (ag=2)
[coast] !!! COLLISION ENV/ground at t=18.7s (ag=2)
[coast] !!! COLLISION ENV/ground at t=18.7s (ag=2)
[coast] !!! COLLISION ENV/ground at t=18.7s (ag=2)
[coast] !!! COLLISION ENV/ground at t=18.7s (ag=2)
[coast] !!! COLLISION ENV/ground at t=18.7s (ag=2)
[coast] !!! COLLISION ENV/ground at t=18.7s (ag=2)
[coast] !!! COLLISION ENV/ground at t=18.7s (ag=2)
[coast] !!! COLLISION ENV/ground at t=18.7s (ag=2)
[coast] !!! COLLISION ENV/ground at t=18.7s (ag=2)
[coast] !!! COLLISION ENV/ground at t=18.7s (ag=2)
[coast] !!! COLLISION ENV/ground at t=18.7s (ag=2)
[coast] !!! COLLISION ENV/ground at t=18.7s (ag=2)
[coast] !!! COLLISION ENV/ground at t=18.8s (ag=2)
[coast] !!! COLLISION ENV/ground at t=18.8s (ag=2)
[coast] !!! COLLISION ENV/ground at t=18.8s (ag=2)
[coast] !!! COLLISION ENV/ground at t=18.8s (ag=2)
[coast] !!! COLLISION ENV/ground at t=18.8s (ag=2)
[coast] !!! COLLISION ENV/ground at t=18.8s (ag=2)
[coast] !!! COLLISION ENV/ground at t=18.8s (ag=2)
[coast] !!! COLLISION ENV/ground at t=18.8s (ag=2)
[coast] !!! COLLISION ENV/ground at t=18.8s (ag=2)
[coast] !!! COLLISION ENV/ground at t=18.8s (ag=2)
[coast] !!! COLLISION ENV/ground at t=18.8s (ag=2)
[coast] !!! COLLISION ENV/ground at t=18.8s (ag=2)
[coast] !!! COLLISION ENV/ground at t=18.8s (ag=2)
[coast] !!! COLLISION ENV/ground at t=18.8s (ag=2)
[coast] !!! COLLISION ENV/ground at t=18.8s (ag=2)
[coast] !!! COLLISION ENV/ground at t=18.9s (ag=2)
[coast] !!! COLLISION ENV/ground at t=18.9s (ag=2)
[coast] !!! COLLISION ENV/ground at t=18.9s (ag=2)
[coast] !!! COLLISION ENV/ground at t=18.9s (ag=2)
[tube] seg3/bank2 ag=2 thr=0.250 LADDER leg2 -0.0240 VERT trim=-0.0005(coasting 3.6s) | [COMMIT] RAIL[NO-LOCK] found=0 rms=0.00px rows=0 sep=0.000 u=+0.000 vconv=+0.000 | GATE -- | uLat=+0.000 desR=-0.0(ff-0.0+0.0) estR=+24.9 estP=-9.5 |a|=0.98g dimu=2469 loop=111Hz det=111Hz
[coast] !!! COLLISION ENV/ground at t=18.9s (ag=2)
[coast] !!! COLLISION ENV/ground at t=18.9s (ag=2)
[coast] !!! COLLISION ENV/ground at t=18.9s (ag=2)
[coast] !!! COLLISION ENV/ground at t=18.9s (ag=2)
[coast] !!! COLLISION ENV/ground at t=18.9s (ag=2)
[coast] !!! COLLISION ENV/ground at t=18.9s (ag=2)
[coast] !!! COLLISION ENV/ground at t=18.9s (ag=2)
[coast] !!! COLLISION ENV/ground at t=18.9s (ag=2)
[coast] !!! COLLISION ENV/ground at t=18.9s (ag=2)
[coast] !!! COLLISION ENV/ground at t=18.9s (ag=2)
[coast] !!! COLLISION ENV/ground at t=18.9s (ag=2)
[coast] !!! COLLISION ENV/ground at t=19.0s (ag=2)
[coast] !!! COLLISION ENV/ground at t=19.0s (ag=2)
[coast] !!! COLLISION ENV/ground at t=19.0s (ag=2)
[coast] !!! COLLISION ENV/ground at t=19.0s (ag=2)
[coast] !!! COLLISION ENV/ground at t=19.0s (ag=2)
[coast] !!! COLLISION ENV/ground at t=19.0s (ag=2)
[coast] !!! COLLISION ENV/ground at t=19.0s (ag=2)
[coast] !!! COLLISION ENV/ground at t=19.0s (ag=2)
[coast] !!! COLLISION ENV/ground at t=19.0s (ag=2)
[coast] !!! COLLISION ENV/ground at t=19.0s (ag=2)
[coast] !!! COLLISION ENV/ground at t=19.0s (ag=2)
[coast] !!! COLLISION ENV/ground at t=19.0s (ag=2)
[coast] !!! COLLISION ENV/ground at t=19.0s (ag=2)
[coast] !!! COLLISION ENV/ground at t=19.0s (ag=2)
[coast] !!! COLLISION ENV/ground at t=19.1s (ag=2)
[coast] !!! COLLISION ENV/ground at t=19.1s (ag=2)
[coast] !!! COLLISION ENV/ground at t=19.1s (ag=2)
[coast] !!! COLLISION ENV/ground at t=19.1s (ag=2)
[coast] !!! COLLISION ENV/ground at t=19.1s (ag=2)
[coast] !!! COLLISION ENV/ground at t=19.1s (ag=2)
[coast] !!! COLLISION ENV/ground at t=19.1s (ag=2)
[coast] !!! COLLISION ENV/ground at t=19.1s (ag=2)
[coast] !!! COLLISION ENV/ground at t=19.1s (ag=2)
[coast] !!! COLLISION ENV/ground at t=19.1s (ag=2)
[coast] !!! COLLISION ENV/ground at t=19.1s (ag=2)
[tube] seg3/bank2 ag=2 thr=0.251 LADDER leg2 -0.0240 VERT trim=-0.0004(coasting 3.8s) | [COMMIT] RAIL[NO-LOCK] found=0 rms=0.00px rows=0 sep=0.000 u=+0.000 vconv=+0.000 | GATE -- | uLat=+0.000 desR=-0.0(ff-0.0+0.0) estR=+32.3 estP=-10.6 |a|=0.99g dimu=2498 loop=112Hz det=112Hz
[coast] !!! COLLISION ENV/ground at t=19.1s (ag=2)
[coast] !!! COLLISION ENV/ground at t=19.1s (ag=2)
[coast] !!! COLLISION ENV/ground at t=19.1s (ag=2)
[coast] !!! COLLISION ENV/ground at t=19.1s (ag=2)
[coast] !!! COLLISION ENV/ground at t=19.2s (ag=2)
[coast] !!! COLLISION ENV/ground at t=19.2s (ag=2)
[coast] !!! COLLISION ENV/ground at t=19.2s (ag=2)
[coast] !!! COLLISION ENV/ground at t=19.2s (ag=2)
[coast] !!! COLLISION ENV/ground at t=19.2s (ag=2)
[coast] !!! COLLISION ENV/ground at t=19.2s (ag=2)
[coast] !!! COLLISION ENV/ground at t=19.2s (ag=2)
[coast] !!! COLLISION ENV/ground at t=19.2s (ag=2)
[coast] !!! COLLISION ENV/ground at t=19.2s (ag=2)
[coast] !!! COLLISION ENV/ground at t=19.2s (ag=2)
[coast] !!! COLLISION ENV/ground at t=19.2s (ag=2)
[coast] !!! COLLISION ENV/ground at t=19.2s (ag=2)
[coast] !!! COLLISION ENV/ground at t=19.2s (ag=2)
[coast] !!! COLLISION ENV/ground at t=19.2s (ag=2)
[coast] !!! COLLISION ENV/ground at t=19.3s (ag=2)
[coast] !!! COLLISION ENV/ground at t=19.3s (ag=2)
[coast] !!! COLLISION ENV/ground at t=19.3s (ag=2)
[coast] !!! COLLISION ENV/ground at t=19.3s (ag=2)
[coast] !!! COLLISION ENV/ground at t=19.3s (ag=2)
[coast] !!! COLLISION ENV/ground at t=19.3s (ag=2)
[coast] !!! COLLISION ENV/ground at t=19.3s (ag=2)
[coast] !!! COLLISION ENV/ground at t=19.3s (ag=2)
[coast] !!! COLLISION ENV/ground at t=19.3s (ag=2)
[coast] !!! COLLISION ENV/ground at t=19.3s (ag=2)
[coast] !!! COLLISION ENV/ground at t=19.3s (ag=2)
[coast] !!! COLLISION ENV/ground at t=19.3s (ag=2)
[coast] !!! COLLISION ENV/ground at t=19.3s (ag=2)
[coast] !!! COLLISION ENV/ground at t=19.3s (ag=2)
[coast] !!! COLLISION ENV/ground at t=19.4s (ag=2)
[coast] !!! COLLISION ENV/ground at t=19.4s (ag=2)
[coast] !!! COLLISION ENV/ground at t=19.4s (ag=2)
[coast] !!! COLLISION ENV/ground at t=19.4s (ag=2)
[coast] !!! COLLISION ENV/ground at t=19.4s (ag=2)
[tube] seg3/bank2 ag=2 thr=0.251 LADDER leg2 -0.0240 VERT trim=-0.0004(coasting 4.1s) | [COMMIT] RAIL[NO-LOCK] found=0 rms=0.00px rows=0 sep=0.000 u=+0.000 vconv=+0.000 | GATE -- | uLat=+0.000 desR=-0.0(ff-0.0+0.0) estR=+40.7 estP=-11.5 |a|=1.00g dimu=2528 loop=112Hz det=112Hz
[coast] !!! COLLISION ENV/ground at t=19.4s (ag=2)
[coast] !!! COLLISION ENV/ground at t=19.4s (ag=2)
[coast] !!! COLLISION ENV/ground at t=19.4s (ag=2)
[coast] !!! COLLISION ENV/ground at t=19.4s (ag=2)
[coast] !!! COLLISION ENV/ground at t=19.4s (ag=2)
[coast] !!! COLLISION ENV/ground at t=19.4s (ag=2)
[coast] !!! COLLISION ENV/ground at t=19.4s (ag=2)
[coast] !!! COLLISION ENV/ground at t=19.4s (ag=2)
[coast] !!! COLLISION ENV/ground at t=19.4s (ag=2)
[coast] !!! COLLISION ENV/ground at t=19.5s (ag=2)
[coast] !!! COLLISION ENV/ground at t=19.5s (ag=2)
[coast] !!! COLLISION ENV/ground at t=19.5s (ag=2)
[coast] !!! COLLISION ENV/ground at t=19.5s (ag=2)
[coast] !!! COLLISION ENV/ground at t=19.5s (ag=2)
[coast] !!! COLLISION ENV/ground at t=19.5s (ag=2)
[coast] !!! COLLISION ENV/ground at t=19.5s (ag=2)
[coast] !!! COLLISION ENV/ground at t=19.5s (ag=2)
[coast] !!! COLLISION ENV/ground at t=19.5s (ag=2)
[coast] !!! COLLISION ENV/ground at t=19.5s (ag=2)
[coast] !!! COLLISION ENV/ground at t=19.5s (ag=2)
[coast] !!! COLLISION ENV/ground at t=19.5s (ag=2)
[coast] !!! COLLISION ENV/ground at t=19.5s (ag=2)
[coast] !!! COLLISION ENV/ground at t=19.5s (ag=2)
[coast] !!! COLLISION ENV/ground at t=19.5s (ag=2)
[coast] !!! COLLISION ENV/ground at t=19.6s (ag=2)
[coast] !!! COLLISION ENV/ground at t=19.6s (ag=2)
[coast] !!! COLLISION ENV/ground at t=19.6s (ag=2)
[coast] !!! COLLISION ENV/ground at t=19.6s (ag=2)
[coast] !!! COLLISION ENV/ground at t=19.6s (ag=2)
[coast] !!! COLLISION ENV/ground at t=19.6s (ag=2)
[coast] !!! COLLISION ENV/ground at t=19.6s (ag=2)
[coast] !!! COLLISION ENV/ground at t=19.6s (ag=2)
[coast] !!! COLLISION ENV/ground at t=19.6s (ag=2)
[coast] !!! COLLISION ENV/ground at t=19.6s (ag=2)
[coast] !!! COLLISION ENV/ground at t=19.6s (ag=2)
[coast] !!! COLLISION ENV/ground at t=19.6s (ag=2)
[coast] !!! COLLISION ENV/ground at t=19.6s (ag=2)
[tube] seg3/bank2 ag=2 thr=0.251 LADDER leg2 -0.0240 VERT trim=-0.0003(coasting 4.3s) | [COMMIT] RAIL[NO-LOCK] found=0 rms=0.00px rows=0 sep=0.000 u=+0.000 vconv=+0.000 | GATE -- | uLat=+0.000 desR=-0.0(ff-0.0+0.0) estR=+44.9 estP=-12.7 |a|=0.79g dimu=2558 loop=112Hz det=112Hz
[coast] !!! COLLISION ENV/ground at t=19.6s (ag=2)
[coast] !!! COLLISION ENV/ground at t=19.7s (ag=2)
[coast] !!! COLLISION ENV/ground at t=19.7s (ag=2)
[coast] !!! COLLISION ENV/ground at t=19.7s (ag=2)
[coast] !!! COLLISION ENV/ground at t=19.7s (ag=2)
[coast] !!! COLLISION ENV/ground at t=19.7s (ag=2)
[coast] !!! COLLISION ENV/ground at t=19.7s (ag=2)
[coast] !!! COLLISION ENV/ground at t=19.7s (ag=2)
[coast] !!! COLLISION ENV/ground at t=19.7s (ag=2)
[coast] !!! COLLISION ENV/ground at t=19.7s (ag=2)
[tube] seg3/bank0 ag=0 thr=0.280 LADDER leg0 --0.0050 VERT trim=-0.0003(coasting 4.6s) | [steer ] RAIL[NO-LOCK] found=0 rms=0.00px rows=0 sep=0.000 u=+0.000 vconv=+0.000 | GATE -- | uLat=+0.000 desR=+0.0(ff+0.0+0.0) estR=+33.6 estP=-8.2 |a|=1.07g dimu=2587 loop=112Hz det=112Hz
[tube] >>> seg -> 4 (TIME fallback) t=20.0s
[tube] seg4/bank0 ag=0 thr=0.280 LADDER leg0 --0.0050 VERT trim=-0.0002(coasting 4.9s) | [steer ] RAIL[NO-LOCK] found=0 rms=0.00px rows=0 sep=0.000 u=+0.000 vconv=+0.000 | GATE -- | uLat=+0.000 desR=+0.0(ff+0.0+0.0) estR=+19.0 estP=-4.1 |a|=1.07g dimu=2617 loop=109Hz det=109Hz
[tube] seg4/bank0 ag=0 thr=0.280 LADDER leg0 --0.0050 VERT trim=-0.0002(coasting 5.1s) | [steer ] RAIL[NO-LOCK] found=0 rms=0.00px rows=0 sep=0.000 u=+0.000 vconv=+0.000 | GATE -- | uLat=+0.000 desR=+0.0(ff+0.0+0.0) estR=+10.5 estP=-2.1 |a|=1.08g dimu=2647 loop=109Hz det=109Hz
[tube] seg4/bank0 ag=0 thr=0.280 LADDER leg0 --0.0050 VERT trim=-0.0002(coasting 5.4s) | [steer ] RAIL[NO-LOCK] found=0 rms=0.00px rows=0 sep=0.000 u=+0.000 vconv=+0.000 | GATE -- | uLat=+0.000 desR=+0.0(ff+0.0+0.0) estR=+5.5 estP=-1.1 |a|=1.07g dimu=2676 loop=109Hz det=109Hz
[tube] seg4/bank0 ag=0 thr=0.280 LADDER leg0 --0.0050 VERT trim=-0.0001(coasting 5.6s) | [steer ] RAIL[NO-LOCK] found=0 rms=0.00px rows=0 sep=0.000 u=+0.000 vconv=+0.000 | GATE -- | uLat=+0.000 desR=+0.0(ff+0.0+0.0) estR=+2.9 estP=-0.6 |a|=1.07g dimu=2706 loop=109Hz det=109Hz
[coast] !!! COLLISION GATE at t=21.0s (ag=0)
[coast] !!! COLLISION GATE at t=21.0s (ag=0)
[coast] !!! COLLISION GATE at t=21.1s (ag=0)
[coast] !!! COLLISION GATE at t=21.1s (ag=0)
[coast] !!! COLLISION GATE at t=21.1s (ag=0)
[coast] !!! COLLISION GATE at t=21.1s (ag=0)
[coast] !!! COLLISION GATE at t=21.1s (ag=0)
[coast] !!! COLLISION GATE at t=21.1s (ag=0)
[coast] !!! COLLISION GATE at t=21.1s (ag=0)
[coast] !!! COLLISION GATE at t=21.1s (ag=0)
[coast] !!! COLLISION GATE at t=21.2s (ag=0)
[coast] !!! COLLISION GATE at t=21.2s (ag=0)
[tube] seg4/bank0 ag=0 thr=0.280 LADDER leg0 --0.0050 VERT trim=-0.0001(coasting 5.9s) | [steer ] RAIL[NO-LOCK] found=0 rms=0.00px rows=0 sep=0.000 u=+0.000 vconv=+0.000 | GATE -- | uLat=+0.000 desR=+0.0(ff+0.0+0.0) estR=+2.3 estP=-0.3 |a|=0.85g dimu=2735 loop=107Hz det=107Hz[coast] !!! COLLISION GATE at t=21.2s (ag=0)

[coast] !!! COLLISION GATE at t=21.2s (ag=0)
[coast] !!! COLLISION GATE at t=21.2s (ag=0)
[coast] !!! COLLISION GATE at t=21.2s (ag=0)
[coast] !!! COLLISION GATE at t=21.2s (ag=0)
[coast] !!! COLLISION GATE at t=21.2s (ag=0)
[coast] !!! COLLISION GATE at t=21.2s (ag=0)
[coast] !!! COLLISION GATE at t=21.2s (ag=0)
[coast] !!! COLLISION GATE at t=21.2s (ag=0)
[coast] !!! COLLISION GATE at t=21.2s (ag=0)
[coast] !!! COLLISION GATE at t=21.3s (ag=0)
[coast] !!! COLLISION GATE at t=21.3s (ag=0)
[coast] !!! COLLISION GATE at t=21.3s (ag=0)
[coast] !!! COLLISION GATE at t=21.3s (ag=0)
[coast] !!! COLLISION GATE at t=21.3s (ag=0)
[coast] !!! COLLISION GATE at t=21.3s (ag=0)
[coast] !!! COLLISION GATE at t=21.3s (ag=0)
[coast] !!! COLLISION GATE at t=21.3s (ag=0)
[coast] !!! COLLISION GATE at t=21.3s (ag=0)
[coast] !!! COLLISION GATE at t=21.3s (ag=0)
[coast] !!! COLLISION GATE at t=21.4s (ag=0)
[coast] !!! COLLISION GATE at t=21.4s (ag=0)
[coast] !!! COLLISION GATE at t=21.4s (ag=0)
[coast] !!! COLLISION GATE at t=21.4s (ag=0)
[coast] !!! COLLISION GATE at t=21.4s (ag=0)
[coast] !!! COLLISION GATE at t=21.4s (ag=0)
[coast] !!! COLLISION GATE at t=21.4s (ag=0)
[coast] !!! COLLISION GATE at t=21.4s (ag=0)
[coast] !!! COLLISION GATE at t=21.4s (ag=0)
[coast] !!! COLLISION GATE at t=21.4s (ag=0)
[tube] seg4/bank0 ag=0 thr=0.280 LADDER leg0 --0.0050 VERT trim=-0.0001(coasting 6.1s) | [steer ] RAIL[NO-LOCK] found=0 rms=0.00px rows=0 sep=0.000 u=+0.000 vconv=+0.000 | GATE u=-0.018 v=+0.955 sz=0.019 -> +0.0deg x1.00 | uLat=+0.000 desR=+0.0(ff+0.0+0.0) estR=-1.4 estP=-0.6 |a|=1.09g dimu=2764 loop=107Hz det=107Hz
[coast] !!! COLLISION GATE at t=21.4s (ag=0)
[coast] !!! COLLISION GATE at t=21.4s (ag=0)
[coast] !!! COLLISION GATE at t=21.5s (ag=0)
[coast] !!! COLLISION GATE at t=21.5s (ag=0)
[coast] !!! COLLISION GATE at t=21.5s (ag=0)
[coast] !!! COLLISION GATE at t=21.5s (ag=0)
[coast] !!! COLLISION GATE at t=21.5s (ag=0)
[coast] !!! COLLISION GATE at t=21.5s (ag=0)
[coast] !!! COLLISION GATE at t=21.5s (ag=0)
[coast] !!! COLLISION GATE at t=21.5s (ag=0)
[coast] !!! COLLISION GATE at t=21.5s (ag=0)
[coast] !!! COLLISION GATE at t=21.5s (ag=0)
[coast] !!! COLLISION GATE at t=21.5s (ag=0)
[coast] !!! COLLISION GATE at t=21.5s (ag=0)
[coast] !!! COLLISION GATE at t=21.5s (ag=0)
[coast] !!! COLLISION GATE at t=21.5s (ag=0)
[coast] !!! COLLISION GATE at t=21.5s (ag=0)
[coast] !!! COLLISION GATE at t=21.6s (ag=0)
[coast] !!! COLLISION GATE at t=21.6s (ag=0)
[coast] !!! COLLISION GATE at t=21.6s (ag=0)
[coast] !!! COLLISION GATE at t=21.6s (ag=0)
[coast] !!! COLLISION GATE at t=21.6s (ag=0)
[coast] !!! COLLISION GATE at t=21.6s (ag=0)
[coast] !!! COLLISION GATE at t=21.6s (ag=0)
[coast] !!! COLLISION GATE at t=21.6s (ag=0)
[coast] !!! COLLISION GATE at t=21.6s (ag=0)
[coast] !!! COLLISION GATE at t=21.7s (ag=0)
[coast] !!! COLLISION GATE at t=21.7s (ag=0)
[coast] !!! COLLISION GATE at t=21.7s (ag=0)
[coast] !!! COLLISION GATE at t=21.7s (ag=0)
[tube] seg4/bank0 ag=0 thr=0.280 LADDER leg0 --0.0050 VERT trim=-0.0001(coasting 6.4s) | [steer ] RAIL[NO-LOCK] found=0 rms=0.00px rows=0 sep=0.000 u=+0.000 vconv=+0.000 | GATE u=-0.060 v=+0.941 sz=0.031 -> +0.0deg x1.00 | uLat=+0.000 desR=+0.0(ff+0.0+0.0) estR=-7.3 estP=-1.7 |a|=1.07g dimu=2794 loop=107Hz det=107Hz
[coast] !!! COLLISION GATE at t=21.7s (ag=0)
[coast] !!! COLLISION GATE at t=21.7s (ag=0)
[coast] !!! COLLISION GATE at t=21.7s (ag=0)
[coast] !!! COLLISION GATE at t=21.7s (ag=0)
[coast] !!! COLLISION GATE at t=21.7s (ag=0)
[coast] !!! COLLISION GATE at t=21.7s (ag=0)
[coast] !!! COLLISION GATE at t=21.7s (ag=0)
[coast] !!! COLLISION GATE at t=21.7s (ag=0)
[coast] !!! COLLISION GATE at t=21.7s (ag=0)
[coast] !!! COLLISION GATE at t=21.7s (ag=0)
[coast] !!! COLLISION GATE at t=21.7s (ag=0)
[coast] !!! COLLISION GATE at t=21.8s (ag=0)
[coast] !!! COLLISION GATE at t=21.8s (ag=0)
[coast] !!! COLLISION GATE at t=21.8s (ag=0)
[coast] !!! COLLISION GATE at t=21.8s (ag=0)
[coast] !!! COLLISION GATE at t=21.8s (ag=0)
[coast] !!! COLLISION GATE at t=21.8s (ag=0)
[coast] !!! COLLISION GATE at t=21.8s (ag=0)
[coast] !!! COLLISION GATE at t=21.8s (ag=0)
[coast] !!! COLLISION GATE at t=21.8s (ag=0)
[coast] !!! COLLISION GATE at t=21.8s (ag=0)
[coast] !!! COLLISION GATE at t=21.8s (ag=0)
[coast] !!! COLLISION GATE at t=21.8s (ag=0)
[coast] !!! COLLISION GATE at t=21.8s (ag=0)
[coast] !!! COLLISION GATE at t=21.8s (ag=0)
[coast] !!! COLLISION GATE at t=21.8s (ag=0)
[coast] !!! COLLISION GATE at t=21.9s (ag=0)
[coast] !!! COLLISION GATE at t=21.9s (ag=0)
[coast] !!! COLLISION GATE at t=21.9s (ag=0)
[coast] !!! COLLISION GATE at t=21.9s (ag=0)
[coast] !!! COLLISION GATE at t=21.9s (ag=0)
[coast] !!! COLLISION GATE at t=21.9s (ag=0)
[coast] !!! COLLISION GATE at t=21.9s (ag=0)
[coast] !!! COLLISION GATE at t=21.9s (ag=0)
[coast] !!! COLLISION GATE at t=21.9s (ag=0)
[coast] !!! COLLISION GATE at t=21.9s (ag=0)
[coast] !!! COLLISION GATE at t=21.9s (ag=0)
[coast] !!! COLLISION GATE at t=21.9s (ag=0)
[coast] !!! COLLISION GATE at t=21.9s (ag=0)
[coast] !!! COLLISION GATE at t=21.9s (ag=0)
[tube] seg4/bank0 ag=0 thr=0.280 LADDER leg0 --0.0050 VERT trim=-0.0001(coasting 6.6s) | [steer ] RAIL[NO-LOCK] found=0 rms=0.00px rows=0 sep=0.000 u=+0.000 vconv=+0.000 | GATE u=-0.231 v=+0.975 sz=0.033 -> +0.0deg x1.00 | uLat=+0.000 desR=+0.0(ff+0.0+0.0) estR=-13.5 estP=-3.0 |a|=1.01g dimu=2824 loop=107Hz det=107Hz
[coast] !!! COLLISION GATE at t=21.9s (ag=0)
[coast] !!! COLLISION GATE at t=21.9s (ag=0)
[coast] !!! COLLISION GATE at t=22.0s (ag=0)
[coast] !!! COLLISION GATE at t=22.0s (ag=0)
[coast] !!! COLLISION GATE at t=22.0s (ag=0)
[coast] !!! COLLISION GATE at t=22.0s (ag=0)
[coast] !!! COLLISION GATE at t=22.0s (ag=0)
[coast] !!! COLLISION GATE at t=22.0s (ag=0)
[coast] !!! COLLISION GATE at t=22.0s (ag=0)
[coast] !!! COLLISION GATE at t=22.0s (ag=0)
[coast] !!! COLLISION GATE at t=22.0s (ag=0)
[coast] !!! COLLISION GATE at t=22.0s (ag=0)
[coast] !!! COLLISION GATE at t=22.0s (ag=0)
[coast] !!! COLLISION GATE at t=22.0s (ag=0)
[coast] !!! COLLISION GATE at t=22.0s (ag=0)
[coast] !!! COLLISION GATE at t=22.0s (ag=0)
[coast] !!! COLLISION GATE at t=22.0s (ag=0)
[coast] !!! COLLISION GATE at t=22.0s (ag=0)
[coast] !!! COLLISION GATE at t=22.0s (ag=0)
[coast] !!! COLLISION GATE at t=22.1s (ag=0)
[coast] !!! COLLISION GATE at t=22.1s (ag=0)
[coast] !!! COLLISION GATE at t=22.1s (ag=0)
[coast] !!! COLLISION GATE at t=22.1s (ag=0)
[coast] !!! COLLISION GATE at t=22.1s (ag=0)
[coast] !!! COLLISION GATE at t=22.1s (ag=0)
[coast] !!! COLLISION GATE at t=22.1s (ag=0)
[coast] !!! COLLISION GATE at t=22.1s (ag=0)
[coast] !!! COLLISION GATE at t=22.1s (ag=0)
[coast] !!! COLLISION GATE at t=22.1s (ag=0)
[coast] !!! COLLISION GATE at t=22.1s (ag=0)
[coast] !!! COLLISION GATE at t=22.1s (ag=0)
[coast] !!! COLLISION GATE at t=22.1s (ag=0)
[coast] !!! COLLISION GATE at t=22.1s (ag=0)
[coast] !!! COLLISION GATE at t=22.2s (ag=0)
[coast] !!! COLLISION GATE at t=22.2s (ag=0)
[coast] !!! COLLISION GATE at t=22.2s (ag=0)
[coast] !!! COLLISION GATE at t=22.2s (ag=0)
[coast] !!! COLLISION GATE at t=22.2s (ag=0)
[coast] !!! COLLISION GATE at t=22.2s (ag=0)
[tube] seg4/bank0 ag=0 thr=0.280 LADDER leg0 --0.0050 VERT trim=-0.0001(coasting 6.9s) | [steer ] RAIL[NO-LOCK] found=0 rms=0.00px rows=0 sep=0.000 u=+0.000 vconv=+0.000 | GATE u=-0.228 v=+0.975 sz=0.034 -> +0.0deg x1.00 | uLat=+0.000 desR=+0.0(ff+0.0+0.0) estR=-16.8 estP=-3.6 |a|=1.00g dimu=2854 loop=95Hz det=95Hz
[coast] !!! COLLISION GATE at t=22.2s (ag=0)
[coast] !!! COLLISION GATE at t=22.2s (ag=0)
[coast] !!! COLLISION GATE at t=22.2s (ag=0)
[coast] !!! COLLISION GATE at t=22.2s (ag=0)
[coast] !!! COLLISION GATE at t=22.2s (ag=0)
[coast] !!! COLLISION GATE at t=22.2s (ag=0)
[coast] !!! COLLISION GATE at t=22.2s (ag=0)
[coast] !!! COLLISION GATE at t=22.2s (ag=0)
[coast] !!! COLLISION GATE at t=22.3s (ag=0)
[coast] !!! COLLISION GATE at t=22.3s (ag=0)
[coast] !!! COLLISION GATE at t=22.3s (ag=0)
[coast] !!! COLLISION GATE at t=22.3s (ag=0)
[coast] !!! COLLISION GATE at t=22.3s (ag=0)
[coast] !!! COLLISION GATE at t=22.3s (ag=0)
[coast] !!! COLLISION GATE at t=22.3s (ag=0)
[coast] !!! COLLISION GATE at t=22.3s (ag=0)
[coast] !!! COLLISION GATE at t=22.3s (ag=0)
[coast] !!! COLLISION GATE at t=22.3s (ag=0)
[coast] !!! COLLISION GATE at t=22.3s (ag=0)
[coast] !!! COLLISION GATE at t=22.3s (ag=0)
[coast] !!! COLLISION GATE at t=22.3s (ag=0)
[coast] !!! COLLISION GATE at t=22.3s (ag=0)
[coast] !!! COLLISION GATE at t=22.3s (ag=0)
[coast] !!! COLLISION GATE at t=22.3s (ag=0)
[coast] !!! COLLISION GATE at t=22.4s (ag=0)
[coast] !!! COLLISION GATE at t=22.4s (ag=0)
[coast] !!! COLLISION GATE at t=22.4s (ag=0)
[coast] !!! COLLISION GATE at t=22.4s (ag=0)
[coast] !!! COLLISION GATE at t=22.4s (ag=0)
[coast] !!! COLLISION GATE at t=22.4s (ag=0)
[coast] !!! COLLISION GATE at t=22.4s (ag=0)
[coast] !!! COLLISION GATE at t=22.4s (ag=0)
[coast] !!! COLLISION GATE at t=22.4s (ag=0)
[coast] !!! COLLISION GATE at t=22.4s (ag=0)
[coast] !!! COLLISION GATE at t=22.4s (ag=0)
[coast] !!! COLLISION GATE at t=22.4s (ag=0)
[coast] !!! COLLISION GATE at t=22.4s (ag=0)
[coast] !!! COLLISION GATE at t=22.4s (ag=0)
[tube] seg4/bank0 ag=0 thr=0.280 LADDER leg0 --0.0050 VERT trim=-0.0000(coasting 7.2s) | [steer ] RAIL[NO-LOCK] found=0 rms=0.00px rows=0 sep=0.000 u=+0.000 vconv=+0.000 | GATE u=-0.227 v=+0.976 sz=0.033 -> +0.0deg x1.00 | uLat=+0.000 desR=+0.0(ff+0.0+0.0) estR=-18.5 estP=-3.9 |a|=1.00g dimu=2884 loop=95Hz det=95Hz
[coast] !!! COLLISION GATE at t=22.5s (ag=0)
[coast] !!! COLLISION GATE at t=22.5s (ag=0)
[coast] !!! COLLISION GATE at t=22.5s (ag=0)
[coast] !!! COLLISION GATE at t=22.5s (ag=0)
[coast] !!! COLLISION GATE at t=22.5s (ag=0)
[coast] !!! COLLISION GATE at t=22.5s (ag=0)
[coast] !!! COLLISION GATE at t=22.5s (ag=0)
[coast] !!! COLLISION GATE at t=22.5s (ag=0)
[coast] !!! COLLISION GATE at t=22.5s (ag=0)
[coast] !!! COLLISION GATE at t=22.5s (ag=0)
[coast] !!! COLLISION GATE at t=22.5s (ag=0)
[coast] !!! COLLISION GATE at t=22.5s (ag=0)
[coast] !!! COLLISION GATE at t=22.5s (ag=0)
[coast] !!! COLLISION GATE at t=22.5s (ag=0)
[coast] !!! COLLISION GATE at t=22.5s (ag=0)
[coast] !!! COLLISION GATE at t=22.6s (ag=0)
[coast] !!! COLLISION GATE at t=22.6s (ag=0)
[coast] !!! COLLISION GATE at t=22.6s (ag=0)
[coast] !!! COLLISION GATE at t=22.6s (ag=0)
[coast] !!! COLLISION GATE at t=22.6s (ag=0)
[coast] !!! COLLISION GATE at t=22.6s (ag=0)
[coast] !!! COLLISION GATE at t=22.6s (ag=0)
[coast] !!! COLLISION GATE at t=22.6s (ag=0)
[coast] !!! COLLISION GATE at t=22.6s (ag=0)
[coast] !!! COLLISION GATE at t=22.6s (ag=0)
[coast] !!! COLLISION GATE at t=22.6s (ag=0)
[coast] !!! COLLISION GATE at t=22.6s (ag=0)
[coast] !!! COLLISION GATE at t=22.6s (ag=0)
[coast] !!! COLLISION GATE at t=22.6s (ag=0)
[coast] !!! COLLISION GATE at t=22.6s (ag=0)
[coast] !!! COLLISION GATE at t=22.7s (ag=0)
[coast] !!! COLLISION GATE at t=22.7s (ag=0)
[coast] !!! COLLISION GATE at t=22.7s (ag=0)
[coast] !!! COLLISION GATE at t=22.7s (ag=0)
[coast] !!! COLLISION GATE at t=22.7s (ag=0)
[coast] !!! COLLISION GATE at t=22.7s (ag=0)
[coast] !!! COLLISION GATE at t=22.7s (ag=0)
[coast] !!! COLLISION GATE at t=22.7s (ag=0)
[tube] seg4/bank0 ag=0 thr=0.280 LADDER leg0 --0.0050 VERT trim=-0.0000(coasting 7.4s) | [steer ] RAIL[NO-LOCK] found=0 rms=0.00px rows=0 sep=0.000 u=+0.000 vconv=+0.000 | GATE u=-0.227 v=+0.976 sz=0.033 -> +0.0deg x1.00 | uLat=+0.000 desR=+0.0(ff+0.0+0.0) estR=-19.3 estP=-4.0 |a|=1.00g dimu=2914 loop=95Hz det=95Hz
[coast] !!! COLLISION GATE at t=22.7s (ag=0)
[coast] !!! COLLISION GATE at t=22.7s (ag=0)
[coast] !!! COLLISION GATE at t=22.7s (ag=0)
[coast] !!! COLLISION GATE at t=22.7s (ag=0)
[coast] !!! COLLISION GATE at t=22.7s (ag=0)
[coast] !!! COLLISION GATE at t=22.7s (ag=0)
[coast] !!! COLLISION GATE at t=22.8s (ag=0)
[coast] !!! COLLISION GATE at t=22.8s (ag=0)
[coast] !!! COLLISION GATE at t=22.8s (ag=0)
[coast] !!! COLLISION GATE at t=22.8s (ag=0)
[coast] !!! COLLISION GATE at t=22.8s (ag=0)
[coast] !!! COLLISION GATE at t=22.8s (ag=0)
[coast] !!! COLLISION GATE at t=22.8s (ag=0)
[coast] !!! COLLISION GATE at t=22.8s (ag=0)
[coast] !!! COLLISION GATE at t=22.8s (ag=0)
[coast] !!! COLLISION GATE at t=22.8s (ag=0)
[coast] !!! COLLISION GATE at t=22.8s (ag=0)
[coast] !!! COLLISION GATE at t=22.8s (ag=0)
[coast] !!! COLLISION GATE at t=22.8s (ag=0)
[coast] !!! COLLISION GATE at t=22.8s (ag=0)
[coast] !!! COLLISION GATE at t=22.9s (ag=0)
[coast] !!! COLLISION GATE at t=22.9s (ag=0)
[coast] !!! COLLISION GATE at t=22.9s (ag=0)
[coast] !!! COLLISION GATE at t=22.9s (ag=0)
[coast] !!! COLLISION GATE at t=22.9s (ag=0)
[coast] !!! COLLISION GATE at t=22.9s (ag=0)
[coast] !!! COLLISION GATE at t=22.9s (ag=0)
[coast] !!! COLLISION GATE at t=22.9s (ag=0)
[coast] !!! COLLISION GATE at t=22.9s (ag=0)
[coast] !!! COLLISION GATE at t=22.9s (ag=0)
[coast] !!! COLLISION GATE at t=22.9s (ag=0)
[coast] !!! COLLISION GATE at t=22.9s (ag=0)
[coast] !!! COLLISION GATE at t=22.9s (ag=0)
[coast] !!! COLLISION GATE at t=22.9s (ag=0)
[coast] !!! COLLISION GATE at t=22.9s (ag=0)
[coast] !!! COLLISION GATE at t=23.0s (ag=0)
[coast] !!! COLLISION GATE at t=23.0s (ag=0)
[tube] seg4/bank0 ag=0 thr=0.280 LADDER leg0 --0.0050 VERT trim=-0.0000(coasting 7.7s) | [steer ] RAIL[NO-LOCK] found=0 rms=0.00px rows=0 sep=0.000 u=+0.000 vconv=+0.000 | GATE u=-0.226 v=+0.976 sz=0.032 -> +0.0deg x1.00 | uLat=+0.000 desR=+0.0(ff+0.0+0.0) estR=-19.7 estP=-4.2 |a|=1.01g dimu=2943 loop=95Hz det=95Hz
[coast] !!! COLLISION GATE at t=23.0s (ag=0)
[coast] !!! COLLISION GATE at t=23.0s (ag=0)
[coast] !!! COLLISION GATE at t=23.0s (ag=0)
[coast] !!! COLLISION GATE at t=23.0s (ag=0)
[coast] !!! COLLISION GATE at t=23.0s (ag=0)
[coast] !!! COLLISION GATE at t=23.0s (ag=0)
[coast] !!! COLLISION GATE at t=23.0s (ag=0)
[coast] !!! COLLISION GATE at t=23.0s (ag=0)
[coast] !!! COLLISION GATE at t=23.0s (ag=0)
[coast] !!! COLLISION GATE at t=23.0s (ag=0)
[coast] !!! COLLISION GATE at t=23.0s (ag=0)
[coast] !!! COLLISION GATE at t=23.0s (ag=0)
[coast] !!! COLLISION GATE at t=23.0s (ag=0)
[coast] !!! COLLISION GATE at t=23.0s (ag=0)
[coast] !!! COLLISION GATE at t=23.0s (ag=0)
[coast] !!! COLLISION GATE at t=23.1s (ag=0)
[coast] !!! COLLISION GATE at t=23.1s (ag=0)
[coast] !!! COLLISION GATE at t=23.1s (ag=0)
[coast] !!! COLLISION GATE at t=23.1s (ag=0)
[coast] !!! COLLISION GATE at t=23.1s (ag=0)
[coast] !!! COLLISION GATE at t=23.1s (ag=0)
[coast] !!! COLLISION GATE at t=23.1s (ag=0)
[coast] !!! COLLISION GATE at t=23.1s (ag=0)
[coast] !!! COLLISION GATE at t=23.1s (ag=0)
[coast] !!! COLLISION GATE at t=23.1s (ag=0)
[coast] !!! COLLISION GATE at t=23.1s (ag=0)
[coast] !!! COLLISION GATE at t=23.1s (ag=0)
[coast] !!! COLLISION GATE at t=23.1s (ag=0)
[coast] !!! COLLISION GATE at t=23.1s (ag=0)
[coast] !!! COLLISION GATE at t=23.1s (ag=0)
[coast] !!! COLLISION GATE at t=23.2s (ag=0)
[coast] !!! COLLISION GATE at t=23.2s (ag=0)
[coast] !!! COLLISION GATE at t=23.2s (ag=0)
[coast] !!! COLLISION GATE at t=23.2s (ag=0)
[coast] !!! COLLISION GATE at t=23.2s (ag=0)
[coast] !!! COLLISION GATE at t=23.2s (ag=0)
[coast] !!! COLLISION GATE at t=23.2s (ag=0)
[coast] !!! COLLISION GATE at t=23.2s (ag=0)
[coast] !!! COLLISION GATE at t=23.2s (ag=0)
[tube] seg4/bank0 ag=0 thr=0.280 LADDER leg0 --0.0050 VERT trim=-0.0000(coasting 7.9s) | [steer ] RAIL[NO-LOCK] found=0 rms=0.00px rows=0 sep=0.000 u=+0.000 vconv=+0.000 | GATE u=-0.226 v=+0.976 sz=0.033 -> +0.0deg x1.00 | uLat=+0.000 desR=+0.0(ff+0.0+0.0) estR=-19.8 estP=-4.3 |a|=1.00g dimu=2973 loop=92Hz det=92Hz
[coast] !!! COLLISION GATE at t=23.2s (ag=0)
[coast] !!! COLLISION GATE at t=23.2s (ag=0)
[coast] !!! COLLISION GATE at t=23.2s (ag=0)
[coast] !!! COLLISION GATE at t=23.2s (ag=0)
[coast] !!! COLLISION GATE at t=23.2s (ag=0)
[coast] !!! COLLISION GATE at t=23.3s (ag=0)
[coast] !!! COLLISION GATE at t=23.3s (ag=0)
[coast] !!! COLLISION GATE at t=23.3s (ag=0)
[coast] !!! COLLISION GATE at t=23.3s (ag=0)
[coast] !!! COLLISION GATE at t=23.3s (ag=0)
[coast] !!! COLLISION GATE at t=23.3s (ag=0)
[coast] !!! COLLISION GATE at t=23.3s (ag=0)
[coast] !!! COLLISION GATE at t=23.3s (ag=0)
[coast] !!! COLLISION GATE at t=23.3s (ag=0)
[coast] !!! COLLISION GATE at t=23.3s (ag=0)
[coast] !!! COLLISION GATE at t=23.3s (ag=0)
[coast] !!! COLLISION GATE at t=23.3s (ag=0)
[coast] !!! COLLISION GATE at t=23.3s (ag=0)
[coast] !!! COLLISION GATE at t=23.3s (ag=0)
[coast] !!! COLLISION GATE at t=23.3s (ag=0)
[coast] !!! COLLISION GATE at t=23.4s (ag=0)
[coast] !!! COLLISION GATE at t=23.4s (ag=0)
[coast] !!! COLLISION GATE at t=23.4s (ag=0)
[coast] !!! COLLISION GATE at t=23.4s (ag=0)
[coast] !!! COLLISION GATE at t=23.4s (ag=0)
[coast] !!! COLLISION GATE at t=23.4s (ag=0)
[coast] !!! COLLISION GATE at t=23.4s (ag=0)
[coast] !!! COLLISION GATE at t=23.4s (ag=0)
[coast] !!! COLLISION GATE at t=23.4s (ag=0)
[coast] !!! COLLISION GATE at t=23.4s (ag=0)
[coast] !!! COLLISION GATE at t=23.4s (ag=0)
[coast] !!! COLLISION GATE at t=23.4s (ag=0)
[coast] !!! COLLISION GATE at t=23.4s (ag=0)
[coast] !!! COLLISION GATE at t=23.4s (ag=0)
[coast] !!! COLLISION GATE at t=23.5s (ag=0)
[coast] !!! COLLISION GATE at t=23.5s (ag=0)
[coast] !!! COLLISION GATE at t=23.5s (ag=0)
[coast] !!! COLLISION GATE at t=23.5s (ag=0)
[tube] seg4/bank0 ag=0 thr=0.280 LADDER leg0 --0.0050 VERT trim=-0.0000(coasting 8.2s) | [steer ] RAIL[NO-LOCK] found=0 rms=0.00px rows=0 sep=0.000 u=+0.000 vconv=+0.000 | GATE u=-0.226 v=+0.976 sz=0.033 -> +0.0deg x1.00 | uLat=+0.000 desR=+0.0(ff+0.0+0.0) estR=-20.0 estP=-4.2 |a|=1.00g dimu=3003 loop=92Hz det=92Hz
[coast] !!! COLLISION GATE at t=23.5s (ag=0)
[coast] !!! COLLISION GATE at t=23.5s (ag=0)
[coast] !!! COLLISION GATE at t=23.5s (ag=0)
[coast] !!! COLLISION GATE at t=23.5s (ag=0)
[coast] !!! COLLISION GATE at t=23.5s (ag=0)
[coast] !!! COLLISION GATE at t=23.5s (ag=0)
[coast] !!! COLLISION GATE at t=23.5s (ag=0)
[coast] !!! COLLISION GATE at t=23.5s (ag=0)
[coast] !!! COLLISION GATE at t=23.5s (ag=0)
[coast] !!! COLLISION GATE at t=23.5s (ag=0)
[coast] !!! COLLISION GATE at t=23.6s (ag=0)
[coast] !!! COLLISION GATE at t=23.6s (ag=0)
[coast] !!! COLLISION GATE at t=23.6s (ag=0)
[coast] !!! COLLISION GATE at t=23.6s (ag=0)
[coast] !!! COLLISION GATE at t=23.6s (ag=0)
[coast] !!! COLLISION GATE at t=23.6s (ag=0)
[coast] !!! COLLISION GATE at t=23.6s (ag=0)
[coast] !!! COLLISION GATE at t=23.6s (ag=0)
[coast] !!! COLLISION GATE at t=23.6s (ag=0)
[coast] !!! COLLISION GATE at t=23.6s (ag=0)
[coast] !!! COLLISION GATE at t=23.6s (ag=0)
[coast] !!! COLLISION GATE at t=23.6s (ag=0)
[coast] !!! COLLISION GATE at t=23.6s (ag=0)
[coast] !!! COLLISION GATE at t=23.6s (ag=0)
[coast] !!! COLLISION GATE at t=23.6s (ag=0)
[coast] !!! COLLISION GATE at t=23.6s (ag=0)
[coast] !!! COLLISION GATE at t=23.7s (ag=0)
[coast] !!! COLLISION GATE at t=23.7s (ag=0)
[coast] !!! COLLISION GATE at t=23.7s (ag=0)
[coast] !!! COLLISION GATE at t=23.7s (ag=0)
[coast] !!! COLLISION GATE at t=23.7s (ag=0)
[coast] !!! COLLISION GATE at t=23.7s (ag=0)
[coast] !!! COLLISION GATE at t=23.7s (ag=0)
[coast] !!! COLLISION GATE at t=23.7s (ag=0)
[coast] !!! COLLISION GATE at t=23.7s (ag=0)
[coast] !!! COLLISION GATE at t=23.7s (ag=0)
[coast] !!! COLLISION GATE at t=23.7s (ag=0)
[coast] !!! COLLISION GATE at t=23.7s (ag=0)
[tube] seg4/bank0 ag=0 thr=0.280 LADDER leg0 --0.0050 VERT trim=-0.0000(coasting 8.4s) | [steer ] RAIL[NO-LOCK] found=0 rms=0.00px rows=0 sep=0.000 u=+0.000 vconv=+0.000 | GATE u=-0.227 v=+0.976 sz=0.033 -> +0.0deg x1.00 | uLat=+0.000 desR=+0.0(ff+0.0+0.0) estR=-20.0 estP=-4.3 |a|=1.00g dimu=3032 loop=92Hz det=92Hz
[coast] !!! COLLISION GATE at t=23.7s (ag=0)
[coast] !!! COLLISION GATE at t=23.7s (ag=0)
[coast] !!! COLLISION GATE at t=23.7s (ag=0)
[coast] !!! COLLISION GATE at t=23.8s (ag=0)
[coast] !!! COLLISION GATE at t=23.8s (ag=0)
[coast] !!! COLLISION GATE at t=23.8s (ag=0)
[coast] !!! COLLISION GATE at t=23.8s (ag=0)
[coast] !!! COLLISION GATE at t=23.8s (ag=0)
[coast] !!! COLLISION GATE at t=23.8s (ag=0)
[coast] !!! COLLISION GATE at t=23.8s (ag=0)
[coast] !!! COLLISION GATE at t=23.8s (ag=0)
[coast] !!! COLLISION GATE at t=23.8s (ag=0)
[coast] !!! COLLISION GATE at t=23.8s (ag=0)
[coast] !!! COLLISION GATE at t=23.8s (ag=0)
[coast] !!! COLLISION GATE at t=23.8s (ag=0)
[coast] !!! COLLISION GATE at t=23.8s (ag=0)
[coast] !!! COLLISION GATE at t=23.8s (ag=0)
[coast] !!! COLLISION GATE at t=23.8s (ag=0)
[coast] !!! COLLISION GATE at t=23.8s (ag=0)
[coast] !!! COLLISION GATE at t=23.9s (ag=0)
[coast] !!! COLLISION GATE at t=23.9s (ag=0)
[coast] !!! COLLISION GATE at t=23.9s (ag=0)
[coast] !!! COLLISION GATE at t=23.9s (ag=0)
[coast] !!! COLLISION GATE at t=23.9s (ag=0)
[coast] !!! COLLISION GATE at t=23.9s (ag=0)
[coast] !!! COLLISION GATE at t=23.9s (ag=0)
[coast] !!! COLLISION GATE at t=23.9s (ag=0)
[coast] !!! COLLISION GATE at t=23.9s (ag=0)
[coast] !!! COLLISION GATE at t=23.9s (ag=0)
[coast] !!! COLLISION GATE at t=23.9s (ag=0)
[coast] !!! COLLISION GATE at t=23.9s (ag=0)
[coast] !!! COLLISION GATE at t=23.9s (ag=0)
[coast] !!! COLLISION GATE at t=23.9s (ag=0)
[coast] !!! COLLISION GATE at t=23.9s (ag=0)
[coast] !!! COLLISION GATE at t=23.9s (ag=0)
[coast] !!! COLLISION GATE at t=24.0s (ag=0)
[coast] !!! COLLISION GATE at t=24.0s (ag=0)
[coast] !!! COLLISION GATE at t=24.0s (ag=0)
[coast] !!! COLLISION GATE at t=24.0s (ag=0)
[coast] !!! COLLISION GATE at t=24.0s (ag=0)
[tube] seg4/bank0 ag=0 thr=0.280 LADDER leg0 --0.0050 VERT trim=-0.0000(coasting 8.7s) | [steer ] RAIL[NO-LOCK] found=0 rms=0.00px rows=0 sep=0.000 u=+0.000 vconv=+0.000 | GATE u=-0.226 v=+0.976 sz=0.033 -> +0.0deg x1.00 | uLat=+0.000 desR=+0.0(ff+0.0+0.0) estR=-20.0 estP=-4.4 |a|=1.00g dimu=3062 loop=92Hz det=92Hz
[coast] !!! COLLISION GATE at t=24.0s (ag=0)
[coast] !!! COLLISION GATE at t=24.0s (ag=0)
[coast] !!! COLLISION GATE at t=24.0s (ag=0)
[coast] !!! COLLISION GATE at t=24.0s (ag=0)
[coast] !!! COLLISION GATE at t=24.0s (ag=0)
[coast] !!! COLLISION GATE at t=24.0s (ag=0)
[coast] !!! COLLISION GATE at t=24.0s (ag=0)
[coast] !!! COLLISION GATE at t=24.0s (ag=0)
[coast] !!! COLLISION GATE at t=24.0s (ag=0)
[coast] !!! COLLISION GATE at t=24.0s (ag=0)
[coast] !!! COLLISION GATE at t=24.1s (ag=0)
[coast] !!! COLLISION GATE at t=24.1s (ag=0)
[coast] !!! COLLISION GATE at t=24.1s (ag=0)
[coast] !!! COLLISION GATE at t=24.1s (ag=0)
[coast] !!! COLLISION GATE at t=24.1s (ag=0)
[coast] !!! COLLISION GATE at t=24.1s (ag=0)
[coast] !!! COLLISION GATE at t=24.1s (ag=0)
[coast] !!! COLLISION GATE at t=24.1s (ag=0)
[coast] !!! COLLISION GATE at t=24.1s (ag=0)
[coast] !!! COLLISION GATE at t=24.1s (ag=0)
[coast] !!! COLLISION GATE at t=24.1s (ag=0)
[coast] !!! COLLISION GATE at t=24.1s (ag=0)
[coast] !!! COLLISION GATE at t=24.1s (ag=0)
[coast] !!! COLLISION GATE at t=24.1s (ag=0)
[coast] !!! COLLISION GATE at t=24.2s (ag=0)
[coast] !!! COLLISION GATE at t=24.2s (ag=0)
[coast] !!! COLLISION GATE at t=24.2s (ag=0)
[coast] !!! COLLISION GATE at t=24.2s (ag=0)
[coast] !!! COLLISION GATE at t=24.2s (ag=0)
[coast] !!! COLLISION GATE at t=24.2s (ag=0)
[coast] !!! COLLISION GATE at t=24.2s (ag=0)
[coast] !!! COLLISION GATE at t=24.2s (ag=0)
[coast] !!! COLLISION GATE at t=24.2s (ag=0)
[coast] !!! COLLISION GATE at t=24.2s (ag=0)
[coast] !!! COLLISION GATE at t=24.2s (ag=0)
[coast] !!! COLLISION GATE at t=24.2s (ag=0)[tube] seg4/bank0 ag=0 thr=0.280 LADDER leg0 --0.0050 VERT trim=-0.0000(coasting 8.9s) | [steer ] RAIL[NO-LOCK] found=0 rms=0.00px rows=0 sep=0.000 u=+0.000 vconv=+0.000 | GATE u=-0.226 v=+0.976 sz=0.033 -> +0.0deg x1.00 | uLat=+0.000 desR=+0.0(ff+0.0+0.0) estR=-20.0 estP=-4.3 |a|=1.00g dimu=3091 loop=92Hz det=92Hz

[coast] !!! COLLISION GATE at t=24.2s (ag=0)
[coast] !!! COLLISION GATE at t=24.2s (ag=0)
[tube] >>> seg -> 5 (TIME fallback) t=24.2s
[coast] !!! COLLISION GATE at t=24.3s (ag=0)
[coast] !!! COLLISION GATE at t=24.3s (ag=0)
[coast] !!! COLLISION GATE at t=24.3s (ag=0)
[coast] !!! COLLISION GATE at t=24.3s (ag=0)
[coast] !!! COLLISION GATE at t=24.3s (ag=0)
[coast] !!! COLLISION GATE at t=24.3s (ag=0)
[coast] !!! COLLISION GATE at t=24.3s (ag=0)
[coast] !!! COLLISION GATE at t=24.3s (ag=0)
[coast] !!! COLLISION GATE at t=24.3s (ag=0)
[coast] !!! COLLISION GATE at t=24.3s (ag=0)
[coast] !!! COLLISION GATE at t=24.3s (ag=0)
[coast] !!! COLLISION GATE at t=24.3s (ag=0)
[coast] !!! COLLISION GATE at t=24.3s (ag=0)
[coast] !!! COLLISION GATE at t=24.3s (ag=0)
[coast] !!! COLLISION GATE at t=24.3s (ag=0)
[coast] !!! COLLISION GATE at t=24.4s (ag=0)
[coast] !!! COLLISION GATE at t=24.4s (ag=0)
[coast] !!! COLLISION GATE at t=24.4s (ag=0)
[coast] !!! COLLISION GATE at t=24.4s (ag=0)
[coast] !!! COLLISION GATE at t=24.4s (ag=0)
[coast] !!! COLLISION GATE at t=24.4s (ag=0)
[coast] !!! COLLISION GATE at t=24.4s (ag=0)
[coast] !!! COLLISION GATE at t=24.4s (ag=0)
[coast] !!! COLLISION GATE at t=24.4s (ag=0)
[coast] !!! COLLISION GATE at t=24.4s (ag=0)
[coast] !!! COLLISION GATE at t=24.4s (ag=0)
[coast] !!! COLLISION GATE at t=24.4s (ag=0)
[coast] !!! COLLISION GATE at t=24.4s (ag=0)
[coast] !!! COLLISION GATE at t=24.4s (ag=0)
[coast] !!! COLLISION GATE at t=24.5s (ag=0)
[coast] !!! COLLISION GATE at t=24.5s (ag=0)
[coast] !!! COLLISION GATE at t=24.5s (ag=0)
[coast] !!! COLLISION GATE at t=24.5s (ag=0)
[coast] !!! COLLISION GATE at t=24.5s (ag=0)
[tube] seg5/bank0 ag=0 thr=0.280 LADDER leg0 --0.0050 VERT trim=-0.0000(coasting 9.2s) | [steer ] RAIL[NO-LOCK] found=0 rms=0.00px rows=0 sep=0.000 u=+0.000 vconv=+0.000 | GATE u=-0.226 v=+0.976 sz=0.033 -> +0.0deg x1.00 | uLat=+0.000 desR=+0.0(ff+0.0+0.0) estR=-20.0 estP=-4.2 |a|=1.00g dimu=3120 loop=92Hz det=92Hz
[coast] !!! COLLISION GATE at t=24.5s (ag=0)
[coast] !!! COLLISION GATE at t=24.5s (ag=0)
[coast] !!! COLLISION GATE at t=24.5s (ag=0)
[coast] !!! COLLISION GATE at t=24.5s (ag=0)
[coast] !!! COLLISION GATE at t=24.5s (ag=0)
[coast] !!! COLLISION GATE at t=24.5s (ag=0)
[coast] !!! COLLISION GATE at t=24.5s (ag=0)
[coast] !!! COLLISION GATE at t=24.5s (ag=0)
[coast] !!! COLLISION GATE at t=24.5s (ag=0)
[coast] !!! COLLISION GATE at t=24.5s (ag=0)
[coast] !!! COLLISION GATE at t=24.5s (ag=0)
[coast] !!! COLLISION GATE at t=24.6s (ag=0)
[coast] !!! COLLISION GATE at t=24.6s (ag=0)
[coast] !!! COLLISION GATE at t=24.6s (ag=0)
[coast] !!! COLLISION GATE at t=24.6s (ag=0)
[coast] !!! COLLISION GATE at t=24.6s (ag=0)
[coast] !!! COLLISION GATE at t=24.6s (ag=0)
[coast] !!! COLLISION GATE at t=24.6s (ag=0)
[coast] !!! COLLISION GATE at t=24.6s (ag=0)
[coast] !!! COLLISION GATE at t=24.6s (ag=0)
[coast] !!! COLLISION GATE at t=24.6s (ag=0)
[coast] !!! COLLISION GATE at t=24.6s (ag=0)
[coast] !!! COLLISION GATE at t=24.6s (ag=0)
[coast] !!! COLLISION GATE at t=24.6s (ag=0)
[coast] !!! COLLISION GATE at t=24.6s (ag=0)
[coast] !!! COLLISION GATE at t=24.7s (ag=0)
[coast] !!! COLLISION GATE at t=24.7s (ag=0)
[coast] !!! COLLISION GATE at t=24.7s (ag=0)
[coast] !!! COLLISION GATE at t=24.7s (ag=0)
[coast] !!! COLLISION GATE at t=24.7s (ag=0)
[coast] !!! COLLISION GATE at t=24.7s (ag=0)
[coast] !!! COLLISION GATE at t=24.7s (ag=0)
[coast] !!! COLLISION GATE at t=24.7s (ag=0)
[coast] !!! COLLISION GATE at t=24.7s (ag=0)
[coast] !!! COLLISION GATE at t=24.7s (ag=0)
[coast] !!! COLLISION GATE at t=24.7s (ag=0)
[coast] !!! COLLISION GATE at t=24.7s (ag=0)
[coast] !!! COLLISION GATE at t=24.7s (ag=0)
[tube] seg5/bank0 ag=0 thr=0.280 LADDER leg0 --0.0050 VERT trim=-0.0000(coasting 9.4s) | [steer ] RAIL[NO-LOCK] found=0 rms=0.00px rows=0 sep=0.000 u=+0.000 vconv=+0.000 | GATE u=-0.226 v=+0.976 sz=0.033 -> +0.0deg x1.00 | uLat=+0.000 desR=+0.0(ff+0.0+0.0) estR=-20.1 estP=-4.2 |a|=1.00g dimu=3149 loop=92Hz det=92Hz
[coast] !!! COLLISION GATE at t=24.7s (ag=0)
[coast] !!! COLLISION GATE at t=24.7s (ag=0)
[coast] !!! COLLISION GATE at t=24.8s (ag=0)
[coast] !!! COLLISION GATE at t=24.8s (ag=0)
[coast] !!! COLLISION GATE at t=24.8s (ag=0)
[coast] !!! COLLISION GATE at t=24.8s (ag=0)
[coast] !!! COLLISION GATE at t=24.8s (ag=0)
[coast] !!! COLLISION GATE at t=24.8s (ag=0)
[coast] !!! COLLISION GATE at t=24.8s (ag=0)
[coast] !!! COLLISION GATE at t=24.8s (ag=0)
[coast] !!! COLLISION GATE at t=24.8s (ag=0)
[coast] !!! COLLISION GATE at t=24.8s (ag=0)
[coast] !!! COLLISION GATE at t=24.8s (ag=0)
[coast] !!! COLLISION GATE at t=24.8s (ag=0)
[coast] !!! COLLISION GATE at t=24.8s (ag=0)
[coast] !!! COLLISION GATE at t=24.8s (ag=0)
[coast] !!! COLLISION GATE at t=24.8s (ag=0)
[coast] !!! COLLISION GATE at t=24.9s (ag=0)
[coast] !!! COLLISION GATE at t=24.9s (ag=0)
[coast] !!! COLLISION GATE at t=24.9s (ag=0)
[coast] !!! COLLISION GATE at t=24.9s (ag=0)
[coast] !!! COLLISION GATE at t=24.9s (ag=0)
[coast] !!! COLLISION GATE at t=24.9s (ag=0)
[coast] !!! COLLISION GATE at t=24.9s (ag=0)
[coast] !!! COLLISION GATE at t=24.9s (ag=0)
[coast] !!! COLLISION GATE at t=24.9s (ag=0)
[coast] !!! COLLISION GATE at t=24.9s (ag=0)
[coast] !!! COLLISION GATE at t=24.9s (ag=0)
[coast] !!! COLLISION GATE at t=24.9s (ag=0)
[coast] !!! COLLISION GATE at t=24.9s (ag=0)
[coast] !!! COLLISION GATE at t=24.9s (ag=0)
[coast] !!! COLLISION GATE at t=24.9s (ag=0)
[coast] !!! COLLISION GATE at t=24.9s (ag=0)
[coast] !!! COLLISION GATE at t=24.9s (ag=0)
[coast] !!! COLLISION GATE at t=24.9s (ag=0)
[coast] !!! COLLISION GATE at t=25.0s (ag=0)
[coast] !!! COLLISION GATE at t=25.0s (ag=0)
[coast] !!! COLLISION GATE at t=25.0s (ag=0)
[coast] !!! COLLISION GATE at t=25.0s (ag=0)
[coast] !!! COLLISION GATE at t=25.0s (ag=0)
[coast] !!! COLLISION GATE at t=25.0s (ag=0)
[tube] seg5/bank0 ag=0 thr=0.280 LADDER leg0 --0.0050 VERT trim=-0.0000(coasting 9.7s) | [steer ] RAIL[NO-LOCK] found=0 rms=0.00px rows=0 sep=0.000 u=+0.000 vconv=+0.000 | GATE u=-0.226 v=+0.976 sz=0.033 -> +0.0deg x1.00 | uLat=+0.000 desR=+0.0(ff+0.0+0.0) estR=-20.0 estP=-4.4 |a|=1.00g dimu=3179 loop=92Hz det=92Hz
[coast] !!! COLLISION GATE at t=25.0s (ag=0)
[coast] !!! COLLISION GATE at t=25.0s (ag=0)
[coast] !!! COLLISION GATE at t=25.0s (ag=0)
[coast] !!! COLLISION GATE at t=25.0s (ag=0)
[coast] !!! COLLISION GATE at t=25.0s (ag=0)
[coast] !!! COLLISION GATE at t=25.0s (ag=0)
[coast] !!! COLLISION GATE at t=25.0s (ag=0)
[coast] !!! COLLISION GATE at t=25.0s (ag=0)
[coast] !!! COLLISION GATE at t=25.0s (ag=0)
[coast] !!! COLLISION GATE at t=25.1s (ag=0)
[coast] !!! COLLISION GATE at t=25.1s (ag=0)
[coast] !!! COLLISION GATE at t=25.1s (ag=0)
[coast] !!! COLLISION GATE at t=25.1s (ag=0)
[coast] !!! COLLISION GATE at t=25.1s (ag=0)
[coast] !!! COLLISION GATE at t=25.1s (ag=0)
[coast] !!! COLLISION GATE at t=25.1s (ag=0)
[coast] !!! COLLISION GATE at t=25.1s (ag=0)
[coast] !!! COLLISION GATE at t=25.1s (ag=0)
[coast] !!! COLLISION GATE at t=25.1s (ag=0)
[coast] !!! COLLISION GATE at t=25.1s (ag=0)
[coast] !!! COLLISION GATE at t=25.1s (ag=0)
[coast] !!! COLLISION GATE at t=25.1s (ag=0)
[coast] !!! COLLISION GATE at t=25.1s (ag=0)
[coast] !!! COLLISION GATE at t=25.1s (ag=0)
[coast] !!! COLLISION GATE at t=25.2s (ag=0)
[coast] !!! COLLISION GATE at t=25.2s (ag=0)
[coast] !!! COLLISION GATE at t=25.2s (ag=0)
[coast] !!! COLLISION GATE at t=25.2s (ag=0)
[coast] !!! COLLISION GATE at t=25.2s (ag=0)
[coast] !!! COLLISION GATE at t=25.2s (ag=0)
[coast] !!! COLLISION GATE at t=25.2s (ag=0)
[coast] !!! COLLISION GATE at t=25.2s (ag=0)
[coast] !!! COLLISION GATE at t=25.2s (ag=0)
[coast] !!! COLLISION GATE at t=25.2s (ag=0)
[coast] !!! COLLISION GATE at t=25.2s (ag=0)
[coast] !!! COLLISION GATE at t=25.2s (ag=0)
[coast] !!! COLLISION GATE at t=25.2s (ag=0)
[coast] !!! COLLISION GATE at t=25.2s (ag=0)
[coast] !!! COLLISION GATE at t=25.2s (ag=0)[tube] seg5/bank0 ag=0 thr=0.280 LADDER leg0 --0.0050 VERT trim=-0.0000(coasting 10.0s) | [steer ] RAIL[NO-LOCK] found=0 rms=0.00px rows=0 sep=0.000 u=+0.000 vconv=+0.000 | GATE u=-0.226 v=+0.976 sz=0.032 -> +0.0deg x1.00 | uLat=+0.000 desR=+0.0(ff+0.0+0.0) estR=-20.0 estP=-4.3 |a|=1.00g dimu=3208 loop=94Hz det=94Hz

[coast] !!! COLLISION GATE at t=25.3s (ag=0)
[coast] !!! COLLISION GATE at t=25.3s (ag=0)
[coast] !!! COLLISION GATE at t=25.3s (ag=0)
[coast] !!! COLLISION GATE at t=25.3s (ag=0)
[coast] !!! COLLISION GATE at t=25.3s (ag=0)
[coast] !!! COLLISION GATE at t=25.3s (ag=0)
[coast] !!! COLLISION GATE at t=25.3s (ag=0)
[coast] !!! COLLISION GATE at t=25.3s (ag=0)
[coast] !!! COLLISION GATE at t=25.3s (ag=0)
[coast] !!! COLLISION GATE at t=25.3s (ag=0)
[coast] !!! COLLISION GATE at t=25.3s (ag=0)
[coast] !!! COLLISION GATE at t=25.3s (ag=0)
[coast] !!! COLLISION GATE at t=25.3s (ag=0)
[coast] !!! COLLISION GATE at t=25.3s (ag=0)
[coast] !!! COLLISION GATE at t=25.4s (ag=0)
[coast] !!! COLLISION GATE at t=25.4s (ag=0)
[coast] !!! COLLISION GATE at t=25.4s (ag=0)
[coast] !!! COLLISION GATE at t=25.4s (ag=0)
[coast] !!! COLLISION GATE at t=25.4s (ag=0)
[coast] !!! COLLISION GATE at t=25.4s (ag=0)
[coast] !!! COLLISION GATE at t=25.4s (ag=0)
[coast] !!! COLLISION GATE at t=25.4s (ag=0)
[coast] !!! COLLISION GATE at t=25.4s (ag=0)
[coast] !!! COLLISION GATE at t=25.4s (ag=0)
[coast] !!! COLLISION GATE at t=25.4s (ag=0)
[coast] !!! COLLISION GATE at t=25.4s (ag=0)
[coast] !!! COLLISION GATE at t=25.4s (ag=0)
[coast] !!! COLLISION GATE at t=25.4s (ag=0)
[coast] !!! COLLISION GATE at t=25.5s (ag=0)
[coast] !!! COLLISION GATE at t=25.5s (ag=0)
[coast] !!! COLLISION GATE at t=25.5s (ag=0)
[coast] !!! COLLISION GATE at t=25.5s (ag=0)
[coast] !!! COLLISION GATE at t=25.5s (ag=0)
[coast] !!! COLLISION GATE at t=25.5s (ag=0)
[coast] !!! COLLISION GATE at t=25.5s (ag=0)
[coast] !!! COLLISION GATE at t=25.5s (ag=0)
[tube] seg5/bank0 ag=0 thr=0.280 LADDER leg0 --0.0050 VERT trim=-0.0000(coasting 10.2s) | [steer ] RAIL[NO-LOCK] found=0 rms=0.00px rows=0 sep=0.000 u=+0.000 vconv=+0.000 | GATE u=-0.226 v=+0.976 sz=0.032 -> +0.0deg x1.00 | uLat=+0.000 desR=+0.0(ff+0.0+0.0) estR=-20.1 estP=-4.2 |a|=1.00g dimu=3238 loop=94Hz det=94Hz
[coast] !!! COLLISION GATE at t=25.5s (ag=0)
[coast] !!! COLLISION GATE at t=25.5s (ag=0)
[coast] !!! COLLISION GATE at t=25.5s (ag=0)
[coast] !!! COLLISION GATE at t=25.5s (ag=0)
[coast] !!! COLLISION GATE at t=25.5s (ag=0)
[coast] !!! COLLISION GATE at t=25.5s (ag=0)
[coast] !!! COLLISION GATE at t=25.5s (ag=0)
[coast] !!! COLLISION GATE at t=25.6s (ag=0)
[coast] !!! COLLISION GATE at t=25.6s (ag=0)
[coast] !!! COLLISION GATE at t=25.6s (ag=0)
[coast] !!! COLLISION GATE at t=25.6s (ag=0)
[coast] !!! COLLISION GATE at t=25.6s (ag=0)
[coast] !!! COLLISION GATE at t=25.6s (ag=0)
[coast] !!! COLLISION GATE at t=25.6s (ag=0)
[coast] !!! COLLISION GATE at t=25.6s (ag=0)
[coast] !!! COLLISION GATE at t=25.6s (ag=0)
[coast] !!! COLLISION GATE at t=25.6s (ag=0)
[coast] !!! COLLISION GATE at t=25.6s (ag=0)
[coast] !!! COLLISION GATE at t=25.6s (ag=0)
[coast] !!! COLLISION GATE at t=25.6s (ag=0)
[coast] !!! COLLISION GATE at t=25.6s (ag=0)
[coast] !!! COLLISION GATE at t=25.6s (ag=0)
[coast] !!! COLLISION GATE at t=25.7s (ag=0)
[coast] !!! COLLISION GATE at t=25.7s (ag=0)
[coast] !!! COLLISION GATE at t=25.7s (ag=0)
[coast] !!! COLLISION GATE at t=25.7s (ag=0)
[coast] !!! COLLISION GATE at t=25.7s (ag=0)
[coast] !!! COLLISION GATE at t=25.7s (ag=0)
[coast] !!! COLLISION GATE at t=25.7s (ag=0)
[coast] !!! COLLISION GATE at t=25.7s (ag=0)
[coast] !!! COLLISION GATE at t=25.7s (ag=0)
[coast] !!! COLLISION GATE at t=25.7s (ag=0)
[coast] !!! COLLISION GATE at t=25.7s (ag=0)
[coast] !!! COLLISION GATE at t=25.7s (ag=0)
[coast] !!! COLLISION GATE at t=25.7s (ag=0)
[coast] !!! COLLISION GATE at t=25.7s (ag=0)
[coast] !!! COLLISION GATE at t=25.8s (ag=0)
[tube] seg5/bank0 ag=0 thr=0.280 LADDER leg0 --0.0050 VERT trim=-0.0000(coasting 10.5s) | [steer ] RAIL[NO-LOCK] found=0 rms=0.00px rows=0 sep=0.000 u=+0.000 vconv=+0.000 | GATE u=-0.226 v=+0.976 sz=0.033 -> +0.0deg x1.00 | uLat=+0.000 desR=+0.0(ff+0.0+0.0) estR=-20.1 estP=-4.2 |a|=1.00g dimu=3267 loop=94Hz det=94Hz[coast] !!! COLLISION GATE at t=25.8s (ag=0)

[coast] !!! COLLISION GATE at t=25.8s (ag=0)
[coast] !!! COLLISION GATE at t=25.8s (ag=0)
[coast] !!! COLLISION GATE at t=25.8s (ag=0)
[coast] !!! COLLISION GATE at t=25.8s (ag=0)
[coast] !!! COLLISION GATE at t=25.8s (ag=0)
[coast] !!! COLLISION GATE at t=25.8s (ag=0)
[coast] !!! COLLISION GATE at t=25.8s (ag=0)
[coast] !!! COLLISION GATE at t=25.8s (ag=0)
[coast] !!! COLLISION GATE at t=25.8s (ag=0)
[coast] !!! COLLISION GATE at t=25.8s (ag=0)
[coast] !!! COLLISION GATE at t=25.8s (ag=0)
[coast] !!! COLLISION GATE at t=25.8s (ag=0)
[coast] !!! COLLISION GATE at t=25.8s (ag=0)
[coast] !!! COLLISION GATE at t=25.9s (ag=0)
[coast] !!! COLLISION GATE at t=25.9s (ag=0)
[coast] !!! COLLISION GATE at t=25.9s (ag=0)
[coast] !!! COLLISION GATE at t=25.9s (ag=0)
[coast] !!! COLLISION GATE at t=25.9s (ag=0)
[coast] !!! COLLISION GATE at t=25.9s (ag=0)
[coast] !!! COLLISION GATE at t=25.9s (ag=0)
[coast] !!! COLLISION GATE at t=25.9s (ag=0)
[coast] !!! COLLISION GATE at t=25.9s (ag=0)
[coast] !!! COLLISION GATE at t=25.9s (ag=0)
[coast] !!! COLLISION GATE at t=25.9s (ag=0)
[coast] !!! COLLISION GATE at t=25.9s (ag=0)
[coast] !!! COLLISION GATE at t=25.9s (ag=0)
[coast] !!! COLLISION GATE at t=25.9s (ag=0)
[coast] !!! COLLISION GATE at t=26.0s (ag=0)
[coast] !!! COLLISION GATE at t=26.0s (ag=0)
[coast] !!! COLLISION GATE at t=26.0s (ag=0)
[coast] !!! COLLISION GATE at t=26.0s (ag=0)
[coast] !!! COLLISION GATE at t=26.0s (ag=0)
[coast] !!! COLLISION GATE at t=26.0s (ag=0)
[coast] !!! COLLISION GATE at t=26.0s (ag=0)
[coast] !!! COLLISION GATE at t=26.0s (ag=0)
[coast] !!! COLLISION GATE at t=26.0s (ag=0)
[tube] seg5/bank0 ag=0 thr=0.280 LADDER leg0 --0.0050 VERT trim=-0.0000(coasting 10.7s) | [steer ] RAIL[NO-LOCK] found=0 rms=0.00px rows=0 sep=0.000 u=+0.000 vconv=+0.000 | GATE u=-0.226 v=+0.976 sz=0.033 -> +0.0deg x1.00 | uLat=+0.000 desR=+0.0(ff+0.0+0.0) estR=-20.0 estP=-4.2 |a|=1.00g dimu=3297 loop=94Hz det=94Hz
[coast] !!! COLLISION GATE at t=26.0s (ag=0)
[coast] !!! COLLISION GATE at t=26.0s (ag=0)
[coast] !!! COLLISION GATE at t=26.0s (ag=0)
[coast] !!! COLLISION GATE at t=26.0s (ag=0)
[coast] !!! COLLISION GATE at t=26.0s (ag=0)
[coast] !!! COLLISION GATE at t=26.1s (ag=0)
[coast] !!! COLLISION GATE at t=26.1s (ag=0)
[coast] !!! COLLISION GATE at t=26.1s (ag=0)
[coast] !!! COLLISION GATE at t=26.1s (ag=0)
[coast] !!! COLLISION GATE at t=26.1s (ag=0)
[coast] !!! COLLISION GATE at t=26.1s (ag=0)
[coast] !!! COLLISION GATE at t=26.1s (ag=0)
[coast] !!! COLLISION GATE at t=26.1s (ag=0)
[coast] !!! COLLISION GATE at t=26.1s (ag=0)
[coast] !!! COLLISION GATE at t=26.1s (ag=0)
[coast] !!! COLLISION GATE at t=26.1s (ag=0)
[coast] !!! COLLISION GATE at t=26.1s (ag=0)
[coast] !!! COLLISION GATE at t=26.1s (ag=0)
[coast] !!! COLLISION GATE at t=26.1s (ag=0)
[coast] !!! COLLISION GATE at t=26.1s (ag=0)
[coast] !!! COLLISION GATE at t=26.1s (ag=0)
[coast] !!! COLLISION GATE at t=26.1s (ag=0)
[coast] !!! COLLISION GATE at t=26.2s (ag=0)
[coast] !!! COLLISION GATE at t=26.2s (ag=0)
[coast] !!! COLLISION GATE at t=26.2s (ag=0)
[coast] !!! COLLISION GATE at t=26.2s (ag=0)
[coast] !!! COLLISION GATE at t=26.2s (ag=0)
[coast] !!! COLLISION GATE at t=26.2s (ag=0)
[coast] !!! COLLISION GATE at t=26.2s (ag=0)
[coast] !!! COLLISION GATE at t=26.2s (ag=0)
[coast] !!! COLLISION GATE at t=26.2s (ag=0)
[coast] !!! COLLISION GATE at t=26.2s (ag=0)
[coast] !!! COLLISION GATE at t=26.2s (ag=0)
[coast] !!! COLLISION GATE at t=26.2s (ag=0)
[coast] !!! COLLISION GATE at t=26.2s (ag=0)
[coast] !!! COLLISION GATE at t=26.3s (ag=0)
[coast] !!! COLLISION GATE at t=26.3s (ag=0)
[coast] !!! COLLISION GATE at t=26.3s (ag=0)
[coast] !!! COLLISION GATE at t=26.3s (ag=0)
[tube] seg5/bank0 ag=0 thr=0.280 LADDER leg0 --0.0050 VERT trim=-0.0000(coasting 11.0s) | [steer ] RAIL[NO-LOCK] found=0 rms=0.00px rows=0 sep=0.000 u=+0.000 vconv=+0.000 | GATE u=-0.227 v=+0.976 sz=0.032 -> +0.0deg x1.00 | uLat=+0.000 desR=+0.0(ff+0.0+0.0) estR=-19.9 estP=-4.4 |a|=1.01g dimu=3325 loop=93Hz det=93Hz
[coast] !!! COLLISION GATE at t=26.3s (ag=0)
[coast] !!! COLLISION GATE at t=26.3s (ag=0)
[coast] !!! COLLISION GATE at t=26.3s (ag=0)
[coast] !!! COLLISION GATE at t=26.3s (ag=0)
[coast] !!! COLLISION GATE at t=26.3s (ag=0)
[coast] !!! COLLISION GATE at t=26.3s (ag=0)
[coast] !!! COLLISION GATE at t=26.3s (ag=0)
[coast] !!! COLLISION GATE at t=26.3s (ag=0)
[coast] !!! COLLISION GATE at t=26.3s (ag=0)
[coast] !!! COLLISION GATE at t=26.3s (ag=0)
[coast] !!! COLLISION GATE at t=26.3s (ag=0)
[coast] !!! COLLISION GATE at t=26.3s (ag=0)
[coast] !!! COLLISION GATE at t=26.4s (ag=0)
[coast] !!! COLLISION GATE at t=26.4s (ag=0)
[coast] !!! COLLISION GATE at t=26.4s (ag=0)
[coast] !!! COLLISION GATE at t=26.4s (ag=0)
[coast] !!! COLLISION GATE at t=26.4s (ag=0)
[coast] !!! COLLISION GATE at t=26.4s (ag=0)
[coast] !!! COLLISION GATE at t=26.4s (ag=0)
[coast] !!! COLLISION GATE at t=26.4s (ag=0)
[coast] !!! COLLISION GATE at t=26.4s (ag=0)
[coast] !!! COLLISION GATE at t=26.4s (ag=0)
[coast] !!! COLLISION GATE at t=26.4s (ag=0)
[coast] !!! COLLISION GATE at t=26.4s (ag=0)
[coast] !!! COLLISION GATE at t=26.4s (ag=0)
[coast] !!! COLLISION GATE at t=26.4s (ag=0)
[coast] !!! COLLISION GATE at t=26.4s (ag=0)
[coast] !!! COLLISION GATE at t=26.5s (ag=0)
[coast] !!! COLLISION GATE at t=26.5s (ag=0)
[coast] !!! COLLISION GATE at t=26.5s (ag=0)
[coast] !!! COLLISION GATE at t=26.5s (ag=0)
[coast] !!! COLLISION GATE at t=26.5s (ag=0)
[coast] !!! COLLISION GATE at t=26.5s (ag=0)
[coast] !!! COLLISION GATE at t=26.5s (ag=0)
[coast] !!! COLLISION GATE at t=26.5s (ag=0)
[coast] !!! COLLISION GATE at t=26.5s (ag=0)
[coast] !!! COLLISION GATE at t=26.5s (ag=0)
[coast] !!! COLLISION GATE at t=26.5s (ag=0)
[tube] seg5/bank0 ag=0 thr=0.280 LADDER leg0 --0.0050 VERT trim=-0.0000(coasting 11.2s) | [steer ] RAIL[NO-LOCK] found=0 rms=0.00px rows=0 sep=0.000 u=+0.000 vconv=+0.000 | GATE u=-0.226 v=+0.976 sz=0.033 -> +0.0deg x1.00 | uLat=+0.000 desR=+0.0(ff+0.0+0.0) estR=-19.9 estP=-4.3 |a|=1.00g dimu=3355 loop=93Hz det=93Hz
[coast] !!! COLLISION GATE at t=26.5s (ag=0)
[coast] !!! COLLISION GATE at t=26.5s (ag=0)
[coast] !!! COLLISION GATE at t=26.5s (ag=0)
[coast] !!! COLLISION GATE at t=26.5s (ag=0)
[coast] !!! COLLISION GATE at t=26.6s (ag=0)
[coast] !!! COLLISION GATE at t=26.6s (ag=0)
[coast] !!! COLLISION GATE at t=26.6s (ag=0)
[coast] !!! COLLISION GATE at t=26.6s (ag=0)
[coast] !!! COLLISION GATE at t=26.6s (ag=0)
[coast] !!! COLLISION GATE at t=26.6s (ag=0)
[coast] !!! COLLISION GATE at t=26.6s (ag=0)
[coast] !!! COLLISION GATE at t=26.6s (ag=0)
[coast] !!! COLLISION GATE at t=26.6s (ag=0)
[coast] !!! COLLISION GATE at t=26.6s (ag=0)
[coast] !!! COLLISION GATE at t=26.6s (ag=0)
[coast] !!! COLLISION GATE at t=26.6s (ag=0)
[coast] !!! COLLISION GATE at t=26.6s (ag=0)
[coast] !!! COLLISION GATE at t=26.6s (ag=0)
[coast] !!! COLLISION GATE at t=26.7s (ag=0)
[coast] !!! COLLISION GATE at t=26.7s (ag=0)
[coast] !!! COLLISION GATE at t=26.7s (ag=0)
[coast] !!! COLLISION GATE at t=26.7s (ag=0)
[coast] !!! COLLISION GATE at t=26.7s (ag=0)
[coast] !!! COLLISION GATE at t=26.7s (ag=0)
[coast] !!! COLLISION GATE at t=26.7s (ag=0)
[coast] !!! COLLISION GATE at t=26.7s (ag=0)
[coast] !!! COLLISION GATE at t=26.7s (ag=0)
[coast] !!! COLLISION GATE at t=26.7s (ag=0)
[coast] !!! COLLISION GATE at t=26.7s (ag=0)
[coast] !!! COLLISION GATE at t=26.7s (ag=0)
[coast] !!! COLLISION GATE at t=26.7s (ag=0)
[coast] !!! COLLISION GATE at t=26.7s (ag=0)
[coast] !!! COLLISION GATE at t=26.8s (ag=0)
[coast] !!! COLLISION GATE at t=26.8s (ag=0)
[coast] !!! COLLISION GATE at t=26.8s (ag=0)
[coast] !!! COLLISION GATE at t=26.8s (ag=0)
[coast] !!! COLLISION GATE at t=26.8s (ag=0)
[coast] !!! COLLISION GATE at t=26.8s (ag=0)
[tube] seg5/bank0 ag=0 thr=0.280 LADDER leg0 --0.0050 VERT trim=-0.0000(coasting 11.5s) | [steer ] RAIL[NO-LOCK] found=0 rms=0.00px rows=0 sep=0.000 u=+0.000 vconv=+0.000 | GATE u=-0.226 v=+0.976 sz=0.033 -> +0.0deg x1.00 | uLat=+0.000 desR=+0.0(ff+0.0+0.0) estR=-20.0 estP=-4.2 |a|=1.00g dimu=3386 loop=93Hz det=93Hz
[coast] !!! COLLISION GATE at t=26.8s (ag=0)
[coast] !!! COLLISION GATE at t=26.8s (ag=0)
[coast] !!! COLLISION GATE at t=26.8s (ag=0)
[coast] !!! COLLISION GATE at t=26.8s (ag=0)
[coast] !!! COLLISION GATE at t=26.8s (ag=0)
[coast] !!! COLLISION GATE at t=26.8s (ag=0)
[coast] !!! COLLISION GATE at t=26.8s (ag=0)
[coast] !!! COLLISION GATE at t=26.8s (ag=0)
[coast] !!! COLLISION GATE at t=26.8s (ag=0)
[coast] !!! COLLISION GATE at t=26.9s (ag=0)
[coast] !!! COLLISION GATE at t=26.9s (ag=0)
[coast] !!! COLLISION GATE at t=26.9s (ag=0)
[coast] !!! COLLISION GATE at t=26.9s (ag=0)
[coast] !!! COLLISION GATE at t=26.9s (ag=0)
[coast] !!! COLLISION GATE at t=26.9s (ag=0)
[coast] !!! COLLISION GATE at t=26.9s (ag=0)
[coast] !!! COLLISION GATE at t=26.9s (ag=0)
[coast] !!! COLLISION GATE at t=26.9s (ag=0)
[coast] !!! COLLISION GATE at t=26.9s (ag=0)
[coast] !!! COLLISION GATE at t=26.9s (ag=0)
[coast] !!! COLLISION GATE at t=26.9s (ag=0)
[coast] !!! COLLISION GATE at t=26.9s (ag=0)
[coast] !!! COLLISION GATE at t=26.9s (ag=0)
[coast] !!! COLLISION GATE at t=26.9s (ag=0)
[coast] !!! COLLISION GATE at t=27.0s (ag=0)
[coast] !!! COLLISION GATE at t=27.0s (ag=0)
[coast] !!! COLLISION GATE at t=27.0s (ag=0)
[coast] !!! COLLISION GATE at t=27.0s (ag=0)
[coast] !!! COLLISION GATE at t=27.0s (ag=0)
[coast] !!! COLLISION GATE at t=27.0s (ag=0)
[coast] !!! COLLISION GATE at t=27.0s (ag=0)
[coast] !!! COLLISION GATE at t=27.0s (ag=0)
[coast] !!! COLLISION GATE at t=27.0s (ag=0)
[coast] !!! COLLISION GATE at t=27.0s (ag=0)
[coast] !!! COLLISION GATE at t=27.0s (ag=0)
[coast] !!! COLLISION GATE at t=27.0s (ag=0)
[coast] !!! COLLISION GATE at t=27.0s (ag=0)
[tube] seg5/bank0 ag=0 thr=0.280 LADDER leg0 --0.0050 VERT trim=-0.0000(coasting 11.7s) | [steer ] RAIL[NO-LOCK] found=0 rms=0.00px rows=0 sep=0.000 u=+0.000 vconv=+0.000 | GATE u=-0.226 v=+0.976 sz=0.032 -> +0.0deg x1.00 | uLat=+0.000 desR=+0.0(ff+0.0+0.0) estR=-20.0 estP=-4.2 |a|=1.00g dimu=3415 loop=93Hz det=93Hz[coast] !!! COLLISION GATE at t=27.0s (ag=0)

[coast] !!! COLLISION GATE at t=27.0s (ag=0)
[coast] !!! COLLISION GATE at t=27.1s (ag=0)
[coast] !!! COLLISION GATE at t=27.1s (ag=0)
[coast] !!! COLLISION GATE at t=27.1s (ag=0)
[coast] !!! COLLISION GATE at t=27.1s (ag=0)
[coast] !!! COLLISION GATE at t=27.1s (ag=0)
[coast] !!! COLLISION GATE at t=27.1s (ag=0)
[coast] !!! COLLISION GATE at t=27.1s (ag=0)
[coast] !!! COLLISION GATE at t=27.1s (ag=0)
[coast] !!! COLLISION GATE at t=27.1s (ag=0)
[coast] !!! COLLISION GATE at t=27.1s (ag=0)
[coast] !!! COLLISION GATE at t=27.1s (ag=0)
[coast] !!! COLLISION GATE at t=27.1s (ag=0)
[coast] !!! COLLISION GATE at t=27.1s (ag=0)
[coast] !!! COLLISION GATE at t=27.1s (ag=0)
[coast] !!! COLLISION GATE at t=27.2s (ag=0)
[coast] !!! COLLISION GATE at t=27.2s (ag=0)
[coast] !!! COLLISION GATE at t=27.2s (ag=0)
[coast] !!! COLLISION GATE at t=27.2s (ag=0)
[coast] !!! COLLISION GATE at t=27.2s (ag=0)
[coast] !!! COLLISION GATE at t=27.2s (ag=0)
[coast] !!! COLLISION GATE at t=27.2s (ag=0)
[coast] !!! COLLISION GATE at t=27.2s (ag=0)
[coast] !!! COLLISION GATE at t=27.2s (ag=0)
[coast] !!! COLLISION GATE at t=27.2s (ag=0)
[coast] !!! COLLISION GATE at t=27.2s (ag=0)
[coast] !!! COLLISION GATE at t=27.2s (ag=0)
[coast] !!! COLLISION GATE at t=27.2s (ag=0)
[coast] !!! COLLISION GATE at t=27.2s (ag=0)
[coast] !!! COLLISION GATE at t=27.3s (ag=0)
[coast] !!! COLLISION GATE at t=27.3s (ag=0)
[coast] !!! COLLISION GATE at t=27.3s (ag=0)
[coast] !!! COLLISION GATE at t=27.3s (ag=0)
[coast] !!! COLLISION GATE at t=27.3s (ag=0)
[coast] !!! COLLISION GATE at t=27.3s (ag=0)
[coast] !!! COLLISION GATE at t=27.3s (ag=0)
[tube] seg5/bank0 ag=0 thr=0.280 LADDER leg0 --0.0050 VERT trim=-0.0000(coasting 12.0s) | [steer ] RAIL[NO-LOCK] found=0 rms=0.00px rows=0 sep=0.000 u=+0.000 vconv=+0.000 | GATE u=-0.226 v=+0.976 sz=0.033 -> +0.0deg x1.00 | uLat=+0.000 desR=+0.0(ff+0.0+0.0) estR=-20.0 estP=-4.3 |a|=1.00g dimu=3444 loop=94Hz det=94Hz
[coast] !!! COLLISION GATE at t=27.3s (ag=0)
[coast] !!! COLLISION GATE at t=27.3s (ag=0)
[coast] !!! COLLISION GATE at t=27.3s (ag=0)
[coast] !!! COLLISION GATE at t=27.3s (ag=0)
[coast] !!! COLLISION GATE at t=27.3s (ag=0)
[coast] !!! COLLISION GATE at t=27.3s (ag=0)
[coast] !!! COLLISION GATE at t=27.3s (ag=0)
[coast] !!! COLLISION GATE at t=27.3s (ag=0)
[coast] !!! COLLISION GATE at t=27.4s (ag=0)
[coast] !!! COLLISION GATE at t=27.4s (ag=0)
[coast] !!! COLLISION GATE at t=27.4s (ag=0)
[coast] !!! COLLISION GATE at t=27.4s (ag=0)
[coast] !!! COLLISION GATE at t=27.4s (ag=0)
[coast] !!! COLLISION GATE at t=27.4s (ag=0)
[coast] !!! COLLISION GATE at t=27.4s (ag=0)
[coast] !!! COLLISION GATE at t=27.4s (ag=0)
[coast] !!! COLLISION GATE at t=27.4s (ag=0)
[coast] !!! COLLISION GATE at t=27.4s (ag=0)
[coast] !!! COLLISION GATE at t=27.4s (ag=0)
[coast] !!! COLLISION GATE at t=27.4s (ag=0)
[coast] !!! COLLISION GATE at t=27.4s (ag=0)
[coast] !!! COLLISION GATE at t=27.4s (ag=0)
[coast] !!! COLLISION GATE at t=27.4s (ag=0)
[coast] !!! COLLISION GATE at t=27.5s (ag=0)
[coast] !!! COLLISION GATE at t=27.5s (ag=0)
[coast] !!! COLLISION GATE at t=27.5s (ag=0)
[coast] !!! COLLISION GATE at t=27.5s (ag=0)
[coast] !!! COLLISION GATE at t=27.5s (ag=0)
[coast] !!! COLLISION GATE at t=27.5s (ag=0)
[coast] !!! COLLISION GATE at t=27.5s (ag=0)
[coast] !!! COLLISION GATE at t=27.5s (ag=0)
[coast] !!! COLLISION GATE at t=27.5s (ag=0)
[coast] !!! COLLISION GATE at t=27.5s (ag=0)
[coast] !!! COLLISION GATE at t=27.5s (ag=0)
[coast] !!! COLLISION GATE at t=27.5s (ag=0)
[coast] !!! COLLISION GATE at t=27.5s (ag=0)
[coast] !!! COLLISION GATE at t=27.5s (ag=0)
[coast] !!! COLLISION GATE at t=27.5s (ag=0)
[coast] !!! COLLISION GATE at t=27.6s (ag=0)[tube] seg5/bank0 ag=0 thr=0.280 LADDER leg0 --0.0050 VERT trim=-0.0000(coasting 12.3s) | [steer ] RAIL[NO-LOCK] found=0 rms=0.00px rows=0 sep=0.000 u=+0.000 vconv=+0.000 | GATE u=-0.226 v=+0.976 sz=0.032 -> +0.0deg x1.00 | uLat=+0.000 desR=+0.0(ff+0.0+0.0) estR=-20.0 estP=-4.1 |a|=1.00g dimu=3474 loop=94Hz det=94Hz

[coast] !!! COLLISION GATE at t=27.6s (ag=0)
[coast] !!! COLLISION GATE at t=27.6s (ag=0)
[coast] !!! COLLISION GATE at t=27.6s (ag=0)
[coast] !!! COLLISION GATE at t=27.6s (ag=0)
[coast] !!! COLLISION GATE at t=27.6s (ag=0)
[coast] !!! COLLISION GATE at t=27.6s (ag=0)
[coast] !!! COLLISION GATE at t=27.6s (ag=0)
[coast] !!! COLLISION GATE at t=27.6s (ag=0)
[coast] !!! COLLISION GATE at t=27.6s (ag=0)
[coast] !!! COLLISION GATE at t=27.6s (ag=0)
[coast] !!! COLLISION GATE at t=27.6s (ag=0)
[coast] !!! COLLISION GATE at t=27.6s (ag=0)
[coast] !!! COLLISION GATE at t=27.6s (ag=0)
[coast] !!! COLLISION GATE at t=27.6s (ag=0)
[coast] !!! COLLISION GATE at t=27.6s (ag=0)
[coast] !!! COLLISION GATE at t=27.7s (ag=0)
[coast] !!! COLLISION GATE at t=27.7s (ag=0)
[coast] !!! COLLISION GATE at t=27.7s (ag=0)
[coast] !!! COLLISION GATE at t=27.7s (ag=0)
[coast] !!! COLLISION GATE at t=27.7s (ag=0)
[coast] !!! COLLISION GATE at t=27.7s (ag=0)
[coast] !!! COLLISION GATE at t=27.7s (ag=0)
[coast] !!! COLLISION GATE at t=27.7s (ag=0)
[coast] !!! COLLISION GATE at t=27.7s (ag=0)
[coast] !!! COLLISION GATE at t=27.7s (ag=0)
[coast] !!! COLLISION GATE at t=27.7s (ag=0)
[coast] !!! COLLISION GATE at t=27.7s (ag=0)
[coast] !!! COLLISION GATE at t=27.7s (ag=0)
[coast] !!! COLLISION GATE at t=27.7s (ag=0)
[coast] !!! COLLISION GATE at t=27.7s (ag=0)
[coast] !!! COLLISION GATE at t=27.8s (ag=0)
[coast] !!! COLLISION GATE at t=27.8s (ag=0)
[coast] !!! COLLISION GATE at t=27.8s (ag=0)
[coast] !!! COLLISION GATE at t=27.8s (ag=0)
[coast] !!! COLLISION GATE at t=27.8s (ag=0)
[coast] !!! COLLISION GATE at t=27.8s (ag=0)
[coast] !!! COLLISION GATE at t=27.8s (ag=0)
[coast] !!! COLLISION GATE at t=27.8s (ag=0)
[tube] seg5/bank0 ag=0 thr=0.280 LADDER leg0 --0.0050 VERT trim=-0.0000(coasting 12.5s) | [steer ] RAIL[NO-LOCK] found=0 rms=0.00px rows=0 sep=0.000 u=+0.000 vconv=+0.000 | GATE u=-0.227 v=+0.976 sz=0.033 -> +0.0deg x1.00 | uLat=+0.000 desR=+0.0(ff+0.0+0.0) estR=-20.0 estP=-4.2 |a|=1.00g dimu=3503 loop=94Hz det=94Hz
[coast] !!! COLLISION GATE at t=27.8s (ag=0)
[coast] !!! COLLISION GATE at t=27.8s (ag=0)
[coast] !!! COLLISION GATE at t=27.8s (ag=0)
[coast] !!! COLLISION GATE at t=27.8s (ag=0)
[coast] !!! COLLISION GATE at t=27.8s (ag=0)
[coast] !!! COLLISION GATE at t=27.8s (ag=0)
[coast] !!! COLLISION GATE at t=27.9s (ag=0)
[coast] !!! COLLISION GATE at t=27.9s (ag=0)
[coast] !!! COLLISION GATE at t=27.9s (ag=0)
[coast] !!! COLLISION GATE at t=27.9s (ag=0)
[coast] !!! COLLISION GATE at t=27.9s (ag=0)
[coast] !!! COLLISION GATE at t=27.9s (ag=0)
[coast] !!! COLLISION GATE at t=27.9s (ag=0)
[coast] !!! COLLISION GATE at t=27.9s (ag=0)
[coast] !!! COLLISION GATE at t=27.9s (ag=0)
[coast] !!! COLLISION GATE at t=27.9s (ag=0)
[coast] !!! COLLISION GATE at t=27.9s (ag=0)
[coast] !!! COLLISION GATE at t=27.9s (ag=0)
[coast] !!! COLLISION GATE at t=27.9s (ag=0)
[coast] !!! COLLISION GATE at t=27.9s (ag=0)
[coast] !!! COLLISION GATE at t=27.9s (ag=0)
[coast] !!! COLLISION GATE at t=28.0s (ag=0)
[coast] !!! COLLISION GATE at t=28.0s (ag=0)
[coast] !!! COLLISION GATE at t=28.0s (ag=0)
[coast] !!! COLLISION GATE at t=28.0s (ag=0)
[coast] !!! COLLISION GATE at t=28.0s (ag=0)
[coast] !!! COLLISION GATE at t=28.0s (ag=0)
[coast] !!! COLLISION GATE at t=28.0s (ag=0)
[coast] !!! COLLISION GATE at t=28.0s (ag=0)
[coast] !!! COLLISION GATE at t=28.0s (ag=0)
[coast] !!! COLLISION GATE at t=28.0s (ag=0)
[coast] !!! COLLISION GATE at t=28.0s (ag=0)
[coast] !!! COLLISION GATE at t=28.0s (ag=0)
[coast] !!! COLLISION GATE at t=28.0s (ag=0)
[coast] !!! COLLISION GATE at t=28.0s (ag=0)
[coast] !!! COLLISION GATE at t=28.1s (ag=0)
[coast] !!! COLLISION GATE at t=28.1s (ag=0)
[tube] seg5/bank0 ag=0 thr=0.280 LADDER leg0 --0.0050 VERT trim=-0.0000(coasting 12.8s) | [steer ] RAIL[NO-LOCK] found=0 rms=0.00px rows=0 sep=0.000 u=+0.000 vconv=+0.000 | GATE u=-0.227 v=+0.976 sz=0.033 -> +0.0deg x1.00 | uLat=+0.000 desR=+0.0(ff+0.0+0.0) estR=-20.0 estP=-4.2 |a|=1.01g dimu=3533 loop=94Hz det=94Hz
[coast] !!! COLLISION GATE at t=28.1s (ag=0)
[coast] !!! COLLISION GATE at t=28.1s (ag=0)
[coast] !!! COLLISION GATE at t=28.1s (ag=0)
[coast] !!! COLLISION GATE at t=28.1s (ag=0)
[coast] !!! COLLISION GATE at t=28.1s (ag=0)
[coast] !!! COLLISION GATE at t=28.1s (ag=0)
[coast] !!! COLLISION GATE at t=28.1s (ag=0)
[coast] !!! COLLISION GATE at t=28.1s (ag=0)
[coast] !!! COLLISION GATE at t=28.1s (ag=0)
[coast] !!! COLLISION GATE at t=28.1s (ag=0)
[coast] !!! COLLISION GATE at t=28.1s (ag=0)
[coast] !!! COLLISION GATE at t=28.1s (ag=0)
[coast] !!! COLLISION GATE at t=28.1s (ag=0)
[coast] !!! COLLISION GATE at t=28.2s (ag=0)
[coast] !!! COLLISION GATE at t=28.2s (ag=0)
[coast] !!! COLLISION GATE at t=28.2s (ag=0)
[coast] !!! COLLISION GATE at t=28.2s (ag=0)
[coast] !!! COLLISION GATE at t=28.2s (ag=0)
[coast] !!! COLLISION GATE at t=28.2s (ag=0)
[coast] !!! COLLISION GATE at t=28.2s (ag=0)
[coast] !!! COLLISION GATE at t=28.2s (ag=0)
[coast] !!! COLLISION GATE at t=28.2s (ag=0)
[coast] !!! COLLISION GATE at t=28.2s (ag=0)
[coast] !!! COLLISION GATE at t=28.2s (ag=0)
[coast] !!! COLLISION GATE at t=28.2s (ag=0)
[coast] !!! COLLISION GATE at t=28.2s (ag=0)
[coast] !!! COLLISION GATE at t=28.2s (ag=0)
[coast] !!! COLLISION GATE at t=28.2s (ag=0)
[coast] !!! COLLISION GATE at t=28.2s (ag=0)
[coast] !!! COLLISION GATE at t=28.3s (ag=0)
[coast] !!! COLLISION GATE at t=28.3s (ag=0)
[coast] !!! COLLISION GATE at t=28.3s (ag=0)
[coast] !!! COLLISION GATE at t=28.3s (ag=0)
[coast] !!! COLLISION GATE at t=28.3s (ag=0)
[coast] !!! COLLISION GATE at t=28.3s (ag=0)
[coast] !!! COLLISION GATE at t=28.3s (ag=0)
[coast] !!! COLLISION GATE at t=28.3s (ag=0)
[coast] !!! COLLISION GATE at t=28.3s (ag=0)
[coast] !!! COLLISION GATE at t=28.3s (ag=0)
[coast] !!! COLLISION GATE at t=28.3s (ag=0)
[tube] seg5/bank0 ag=0 thr=0.280 LADDER leg0 --0.0050 VERT trim=-0.0000(coasting 13.0s) | [steer ] RAIL[NO-LOCK] found=0 rms=0.00px rows=0 sep=0.000 u=+0.000 vconv=+0.000 | GATE u=-0.227 v=+0.976 sz=0.033 -> +0.0deg x1.00 | uLat=+0.000 desR=+0.0(ff+0.0+0.0) estR=-20.0 estP=-4.3 |a|=1.00g dimu=3563 loop=92Hz det=92Hz
[coast] !!! COLLISION GATE at t=28.3s (ag=0)
[coast] !!! COLLISION GATE at t=28.3s (ag=0)
[coast] !!! COLLISION GATE at t=28.3s (ag=0)
[coast] !!! COLLISION GATE at t=28.3s (ag=0)
[coast] !!! COLLISION GATE at t=28.4s (ag=0)
[coast] !!! COLLISION GATE at t=28.4s (ag=0)
[coast] !!! COLLISION GATE at t=28.4s (ag=0)
[coast] !!! COLLISION GATE at t=28.4s (ag=0)
[coast] !!! COLLISION GATE at t=28.4s (ag=0)
[coast] !!! COLLISION GATE at t=28.4s (ag=0)
[coast] !!! COLLISION GATE at t=28.4s (ag=0)
[coast] !!! COLLISION GATE at t=28.4s (ag=0)
[coast] !!! COLLISION GATE at t=28.4s (ag=0)
[coast] !!! COLLISION GATE at t=28.4s (ag=0)
[coast] !!! COLLISION GATE at t=28.4s (ag=0)
[coast] !!! COLLISION GATE at t=28.4s (ag=0)
[coast] !!! COLLISION GATE at t=28.4s (ag=0)
[coast] !!! COLLISION GATE at t=28.4s (ag=0)
[coast] !!! COLLISION GATE at t=28.5s (ag=0)
[coast] !!! COLLISION GATE at t=28.5s (ag=0)
[coast] !!! COLLISION GATE at t=28.5s (ag=0)
[coast] !!! COLLISION GATE at t=28.5s (ag=0)
[coast] !!! COLLISION GATE at t=28.5s (ag=0)
[coast] !!! COLLISION GATE at t=28.5s (ag=0)
[coast] !!! COLLISION GATE at t=28.5s (ag=0)
[coast] !!! COLLISION GATE at t=28.5s (ag=0)
[coast] !!! COLLISION GATE at t=28.5s (ag=0)
[coast] !!! COLLISION GATE at t=28.5s (ag=0)
[coast] !!! COLLISION GATE at t=28.5s (ag=0)
[coast] !!! COLLISION GATE at t=28.5s (ag=0)
[coast] !!! COLLISION GATE at t=28.5s (ag=0)
[coast] !!! COLLISION GATE at t=28.5s (ag=0)
[coast] !!! COLLISION GATE at t=28.5s (ag=0)
[coast] !!! COLLISION GATE at t=28.5s (ag=0)
[coast] !!! COLLISION GATE at t=28.6s (ag=0)
[coast] !!! COLLISION GATE at t=28.6s (ag=0)
[coast] !!! COLLISION GATE at t=28.6s (ag=0)
[coast] !!! COLLISION GATE at t=28.6s (ag=0)
[coast] !!! COLLISION GATE at t=28.6s (ag=0)
[tube] seg5/bank0 ag=0 thr=0.280 LADDER leg0 --0.0050 VERT trim=-0.0000(coasting 13.3s) | [steer ] RAIL[NO-LOCK] found=0 rms=0.00px rows=0 sep=0.000 u=+0.000 vconv=+0.000 | GATE u=-0.227 v=+0.976 sz=0.033 -> +0.0deg x1.00 | uLat=+0.000 desR=+0.0(ff+0.0+0.0) estR=-19.9 estP=-4.3 |a|=1.00g dimu=3594 loop=92Hz det=92Hz
[coast] !!! COLLISION GATE at t=28.6s (ag=0)
[coast] !!! COLLISION GATE at t=28.6s (ag=0)
[coast] !!! COLLISION GATE at t=28.6s (ag=0)
[coast] !!! COLLISION GATE at t=28.6s (ag=0)
[coast] !!! COLLISION GATE at t=28.6s (ag=0)
[coast] !!! COLLISION GATE at t=28.6s (ag=0)
[coast] !!! COLLISION GATE at t=28.6s (ag=0)
[coast] !!! COLLISION GATE at t=28.6s (ag=0)
[coast] !!! COLLISION GATE at t=28.6s (ag=0)
[coast] !!! COLLISION GATE at t=28.7s (ag=0)
[coast] !!! COLLISION GATE at t=28.7s (ag=0)
[coast] !!! COLLISION GATE at t=28.7s (ag=0)
[coast] !!! COLLISION GATE at t=28.7s (ag=0)
[coast] !!! COLLISION GATE at t=28.7s (ag=0)
[coast] !!! COLLISION GATE at t=28.7s (ag=0)
[coast] !!! COLLISION GATE at t=28.7s (ag=0)
[coast] !!! COLLISION GATE at t=28.7s (ag=0)
[coast] !!! COLLISION GATE at t=28.7s (ag=0)
[coast] !!! COLLISION GATE at t=28.7s (ag=0)
[coast] !!! COLLISION GATE at t=28.7s (ag=0)
[coast] !!! COLLISION GATE at t=28.7s (ag=0)
[coast] !!! COLLISION GATE at t=28.7s (ag=0)
[coast] !!! COLLISION GATE at t=28.7s (ag=0)
[coast] !!! COLLISION GATE at t=28.7s (ag=0)
[coast] !!! COLLISION GATE at t=28.7s (ag=0)
[coast] !!! COLLISION GATE at t=28.8s (ag=0)
[coast] !!! COLLISION GATE at t=28.8s (ag=0)
[coast] !!! COLLISION GATE at t=28.8s (ag=0)
[coast] !!! COLLISION GATE at t=28.8s (ag=0)
[coast] !!! COLLISION GATE at t=28.8s (ag=0)
[coast] !!! COLLISION GATE at t=28.8s (ag=0)
[coast] !!! COLLISION GATE at t=28.8s (ag=0)
[coast] !!! COLLISION GATE at t=28.8s (ag=0)
[coast] !!! COLLISION GATE at t=28.8s (ag=0)
[coast] !!! COLLISION GATE at t=28.8s (ag=0)
[coast] !!! COLLISION GATE at t=28.8s (ag=0)
[coast] !!! COLLISION GATE at t=28.8s (ag=0)
[coast] !!! COLLISION GATE at t=28.8s (ag=0)
[coast] !!! COLLISION GATE at t=28.8s (ag=0)
[tube] seg5/bank0 ag=0 thr=0.280 LADDER leg0 --0.0050 VERT trim=-0.0000(coasting 13.5s) | [steer ] RAIL[NO-LOCK] found=0 rms=0.00px rows=0 sep=0.000 u=+0.000 vconv=+0.000 | GATE u=-0.226 v=+0.976 sz=0.032 -> +0.0deg x1.00 | uLat=+0.000 desR=+0.0(ff+0.0+0.0) estR=-20.0 estP=-4.2 |a|=1.00g dimu=3623 loop=92Hz det=92Hz
[coast] !!! COLLISION GATE at t=28.8s (ag=0)
[coast] !!! COLLISION GATE at t=28.8s (ag=0)
[coast] !!! COLLISION GATE at t=28.8s (ag=0)
[coast] !!! COLLISION GATE at t=28.9s (ag=0)
[coast] !!! COLLISION GATE at t=28.9s (ag=0)
[coast] !!! COLLISION GATE at t=28.9s (ag=0)
[coast] !!! COLLISION GATE at t=28.9s (ag=0)
[coast] !!! COLLISION GATE at t=28.9s (ag=0)
[coast] !!! COLLISION GATE at t=28.9s (ag=0)
[coast] !!! COLLISION GATE at t=28.9s (ag=0)
[coast] !!! COLLISION GATE at t=28.9s (ag=0)
[coast] !!! COLLISION GATE at t=28.9s (ag=0)
[coast] !!! COLLISION GATE at t=28.9s (ag=0)
[coast] !!! COLLISION GATE at t=28.9s (ag=0)
[coast] !!! COLLISION GATE at t=28.9s (ag=0)
[coast] !!! COLLISION GATE at t=28.9s (ag=0)
[coast] !!! COLLISION GATE at t=28.9s (ag=0)
[coast] !!! COLLISION GATE at t=28.9s (ag=0)
[coast] !!! COLLISION GATE at t=29.0s (ag=0)
[coast] !!! COLLISION GATE at t=29.0s (ag=0)
[coast] !!! COLLISION GATE at t=29.0s (ag=0)
[coast] !!! COLLISION GATE at t=29.0s (ag=0)
[coast] !!! COLLISION GATE at t=29.0s (ag=0)
[coast] !!! COLLISION GATE at t=29.0s (ag=0)
[coast] !!! COLLISION GATE at t=29.0s (ag=0)
[coast] !!! COLLISION GATE at t=29.0s (ag=0)
[coast] !!! COLLISION GATE at t=29.0s (ag=0)
[coast] !!! COLLISION GATE at t=29.0s (ag=0)
[coast] !!! COLLISION GATE at t=29.0s (ag=0)
[coast] !!! COLLISION GATE at t=29.0s (ag=0)
[coast] !!! COLLISION GATE at t=29.0s (ag=0)
[coast] !!! COLLISION GATE at t=29.0s (ag=0)
[coast] !!! COLLISION GATE at t=29.0s (ag=0)
[coast] !!! COLLISION GATE at t=29.1s (ag=0)
[coast] !!! COLLISION GATE at t=29.1s (ag=0)
[coast] !!! COLLISION GATE at t=29.1s (ag=0)
[coast] !!! COLLISION GATE at t=29.1s (ag=0)
[coast] !!! COLLISION GATE at t=29.1s (ag=0)
[coast] !!! COLLISION GATE at t=29.1s (ag=0)
[tube] seg5/bank0 ag=0 thr=0.280 LADDER leg0 --0.0050 VERT trim=-0.0000(coasting 13.8s) | [steer ] RAIL[NO-LOCK] found=0 rms=0.00px rows=0 sep=0.000 u=+0.000 vconv=+0.000 | GATE u=-0.226 v=+0.976 sz=0.032 -> +0.0deg x1.00 | uLat=+0.000 desR=+0.0(ff+0.0+0.0) estR=-20.0 estP=-4.3 |a|=1.00g dimu=3653 loop=92Hz det=92Hz
[coast] !!! COLLISION GATE at t=29.1s (ag=0)
[coast] !!! COLLISION GATE at t=29.1s (ag=0)
[coast] !!! COLLISION GATE at t=29.1s (ag=0)
[coast] !!! COLLISION GATE at t=29.1s (ag=0)
[coast] !!! COLLISION GATE at t=29.1s (ag=0)
[coast] !!! COLLISION GATE at t=29.1s (ag=0)
[coast] !!! COLLISION GATE at t=29.1s (ag=0)
[coast] !!! COLLISION GATE at t=29.1s (ag=0)
[coast] !!! COLLISION GATE at t=29.2s (ag=0)
[coast] !!! COLLISION GATE at t=29.2s (ag=0)
[coast] !!! COLLISION GATE at t=29.2s (ag=0)
[coast] !!! COLLISION GATE at t=29.2s (ag=0)
[coast] !!! COLLISION GATE at t=29.2s (ag=0)
[coast] !!! COLLISION GATE at t=29.2s (ag=0)
[coast] !!! COLLISION GATE at t=29.2s (ag=0)
[coast] !!! COLLISION GATE at t=29.2s (ag=0)
[coast] !!! COLLISION GATE at t=29.2s (ag=0)
[coast] !!! COLLISION GATE at t=29.2s (ag=0)
[coast] !!! COLLISION GATE at t=29.2s (ag=0)
[coast] !!! COLLISION GATE at t=29.2s (ag=0)
[coast] !!! COLLISION GATE at t=29.2s (ag=0)
[coast] !!! COLLISION GATE at t=29.2s (ag=0)
[coast] !!! COLLISION GATE at t=29.2s (ag=0)
[coast] !!! COLLISION GATE at t=29.3s (ag=0)
[coast] !!! COLLISION GATE at t=29.3s (ag=0)
[coast] !!! COLLISION GATE at t=29.3s (ag=0)
[coast] !!! COLLISION GATE at t=29.3s (ag=0)
[coast] !!! COLLISION GATE at t=29.3s (ag=0)
[coast] !!! COLLISION GATE at t=29.3s (ag=0)
[coast] !!! COLLISION GATE at t=29.3s (ag=0)
[coast] !!! COLLISION GATE at t=29.3s (ag=0)
[coast] !!! COLLISION GATE at t=29.3s (ag=0)
[coast] !!! COLLISION GATE at t=29.3s (ag=0)
[coast] !!! COLLISION GATE at t=29.3s (ag=0)
[coast] !!! COLLISION GATE at t=29.3s (ag=0)
[coast] !!! COLLISION GATE at t=29.3s (ag=0)
[coast] !!! COLLISION GATE at t=29.3s (ag=0)
[coast] !!! COLLISION GATE at t=29.3s (ag=0)
[coast] !!! COLLISION GATE at t=29.4s (ag=0)[tube] seg5/bank0 ag=0 thr=0.280 LADDER leg0 --0.0050 VERT trim=-0.0000(coasting 14.1s) | [steer ] RAIL[NO-LOCK] found=0 rms=0.00px rows=0 sep=0.000 u=+0.000 vconv=+0.000 | GATE u=-0.226 v=+0.976 sz=0.032 -> +0.0deg x1.00 | uLat=+0.000 desR=+0.0(ff+0.0+0.0) estR=-19.9 estP=-4.2 |a|=1.00g dimu=3682 loop=94Hz det=94Hz

[coast] !!! COLLISION GATE at t=29.4s (ag=0)
[coast] !!! COLLISION GATE at t=29.4s (ag=0)
[coast] !!! COLLISION GATE at t=29.4s (ag=0)
[coast] !!! COLLISION GATE at t=29.4s (ag=0)
[coast] !!! COLLISION GATE at t=29.4s (ag=0)
[coast] !!! COLLISION GATE at t=29.4s (ag=0)
[coast] !!! COLLISION GATE at t=29.4s (ag=0)
[coast] !!! COLLISION GATE at t=29.4s (ag=0)
[coast] !!! COLLISION GATE at t=29.4s (ag=0)
[coast] !!! COLLISION GATE at t=29.4s (ag=0)
[coast] !!! COLLISION GATE at t=29.4s (ag=0)
[coast] !!! COLLISION GATE at t=29.4s (ag=0)
[coast] !!! COLLISION GATE at t=29.4s (ag=0)
[coast] !!! COLLISION GATE at t=29.5s (ag=0)
[coast] !!! COLLISION GATE at t=29.5s (ag=0)
[coast] !!! COLLISION GATE at t=29.5s (ag=0)
[coast] !!! COLLISION GATE at t=29.5s (ag=0)
[coast] !!! COLLISION GATE at t=29.5s (ag=0)
[coast] !!! COLLISION GATE at t=29.5s (ag=0)
[coast] !!! COLLISION GATE at t=29.5s (ag=0)
[coast] !!! COLLISION GATE at t=29.5s (ag=0)
[coast] !!! COLLISION GATE at t=29.5s (ag=0)
[coast] !!! COLLISION GATE at t=29.5s (ag=0)
[coast] !!! COLLISION GATE at t=29.5s (ag=0)
[coast] !!! COLLISION GATE at t=29.5s (ag=0)
[coast] !!! COLLISION GATE at t=29.5s (ag=0)
[coast] !!! COLLISION GATE at t=29.5s (ag=0)
[coast] !!! COLLISION GATE at t=29.5s (ag=0)
[coast] !!! COLLISION GATE at t=29.6s (ag=0)
[coast] !!! COLLISION GATE at t=29.6s (ag=0)
[coast] !!! COLLISION GATE at t=29.6s (ag=0)
[coast] !!! COLLISION GATE at t=29.6s (ag=0)
[coast] !!! COLLISION GATE at t=29.6s (ag=0)
[coast] !!! COLLISION GATE at t=29.6s (ag=0)
[coast] !!! COLLISION GATE at t=29.6s (ag=0)
[coast] !!! COLLISION GATE at t=29.6s (ag=0)
[coast] !!! COLLISION GATE at t=29.6s (ag=0)
[tube] seg5/bank0 ag=0 thr=0.280 LADDER leg0 --0.0050 VERT trim=-0.0000(coasting 14.3s) | [steer ] RAIL[NO-LOCK] found=0 rms=0.00px rows=0 sep=0.000 u=+0.000 vconv=+0.000 | GATE u=-0.226 v=+0.976 sz=0.032 -> +0.0deg x1.00 | uLat=+0.000 desR=+0.0(ff+0.0+0.0) estR=-20.0 estP=-4.1 |a|=1.00g dimu=3713 loop=94Hz det=94Hz
[coast] !!! COLLISION GATE at t=29.6s (ag=0)
[coast] !!! COLLISION GATE at t=29.6s (ag=0)
[coast] !!! COLLISION GATE at t=29.6s (ag=0)
[coast] !!! COLLISION GATE at t=29.6s (ag=0)
[coast] !!! COLLISION GATE at t=29.6s (ag=0)
[coast] !!! COLLISION GATE at t=29.6s (ag=0)
[coast] !!! COLLISION GATE at t=29.7s (ag=0)
[coast] !!! COLLISION GATE at t=29.7s (ag=0)
[coast] !!! COLLISION GATE at t=29.7s (ag=0)
[coast] !!! COLLISION GATE at t=29.7s (ag=0)
[coast] !!! COLLISION GATE at t=29.7s (ag=0)
[coast] !!! COLLISION GATE at t=29.7s (ag=0)
[coast] !!! COLLISION GATE at t=29.7s (ag=0)
[coast] !!! COLLISION GATE at t=29.7s (ag=0)
[coast] !!! COLLISION GATE at t=29.7s (ag=0)
[coast] !!! COLLISION GATE at t=29.7s (ag=0)
[coast] !!! COLLISION GATE at t=29.7s (ag=0)
[coast] !!! COLLISION GATE at t=29.7s (ag=0)
[coast] !!! COLLISION GATE at t=29.7s (ag=0)
[coast] !!! COLLISION GATE at t=29.7s (ag=0)
[coast] !!! COLLISION GATE at t=29.7s (ag=0)
[coast] !!! COLLISION GATE at t=29.7s (ag=0)
[coast] !!! COLLISION GATE at t=29.8s (ag=0)
[coast] !!! COLLISION GATE at t=29.8s (ag=0)
[coast] !!! COLLISION GATE at t=29.8s (ag=0)
[coast] !!! COLLISION GATE at t=29.8s (ag=0)
[coast] !!! COLLISION GATE at t=29.8s (ag=0)
[coast] !!! COLLISION GATE at t=29.8s (ag=0)
[coast] !!! COLLISION GATE at t=29.8s (ag=0)
[coast] !!! COLLISION GATE at t=29.8s (ag=0)
[coast] !!! COLLISION GATE at t=29.8s (ag=0)
[coast] !!! COLLISION GATE at t=29.8s (ag=0)
[coast] !!! COLLISION GATE at t=29.8s (ag=0)
[coast] !!! COLLISION GATE at t=29.8s (ag=0)
[coast] !!! COLLISION GATE at t=29.8s (ag=0)
[coast] !!! COLLISION GATE at t=29.8s (ag=0)
[coast] !!! COLLISION GATE at t=29.8s (ag=0)
[coast] !!! COLLISION GATE at t=29.9s (ag=0)
[tube] seg5/bank0 ag=0 thr=0.280 LADDER leg0 --0.0050 VERT trim=-0.0000(coasting 14.6s) | [steer ] RAIL[NO-LOCK] found=0 rms=0.00px rows=0 sep=0.000 u=+0.000 vconv=+0.000 | GATE u=-0.226 v=+0.976 sz=0.032 -> +0.0deg x1.00 | uLat=+0.000 desR=+0.0(ff+0.0+0.0) estR=-19.9 estP=-4.2 |a|=1.00g dimu=3742 loop=94Hz det=94Hz[coast] !!! COLLISION GATE at t=29.9s (ag=0)

[coast] !!! COLLISION GATE at t=29.9s (ag=0)
[coast] !!! COLLISION GATE at t=29.9s (ag=0)
[coast] !!! COLLISION GATE at t=29.9s (ag=0)
[coast] !!! COLLISION GATE at t=29.9s (ag=0)
[coast] !!! COLLISION GATE at t=29.9s (ag=0)
[coast] !!! COLLISION GATE at t=29.9s (ag=0)
[coast] !!! COLLISION GATE at t=29.9s (ag=0)
[coast] !!! COLLISION GATE at t=29.9s (ag=0)
[coast] !!! COLLISION GATE at t=29.9s (ag=0)
[coast] !!! COLLISION GATE at t=29.9s (ag=0)
[coast] !!! COLLISION GATE at t=29.9s (ag=0)
[coast] !!! COLLISION GATE at t=29.9s (ag=0)
[coast] !!! COLLISION GATE at t=29.9s (ag=0)
[coast] !!! COLLISION GATE at t=30.0s (ag=0)
[coast] !!! COLLISION GATE at t=30.0s (ag=0)
[coast] !!! COLLISION GATE at t=30.0s (ag=0)
[coast] !!! COLLISION GATE at t=30.0s (ag=0)
[coast] !!! COLLISION GATE at t=30.0s (ag=0)
[coast] !!! COLLISION GATE at t=30.0s (ag=0)
[coast] !!! COLLISION GATE at t=30.0s (ag=0)
[coast] !!! COLLISION GATE at t=30.0s (ag=0)
[coast] !!! COLLISION GATE at t=30.0s (ag=0)
[coast] !!! COLLISION GATE at t=30.0s (ag=0)
[coast] !!! COLLISION GATE at t=30.0s (ag=0)
[coast] !!! COLLISION GATE at t=30.0s (ag=0)
[coast] !!! COLLISION GATE at t=30.0s (ag=0)
[coast] !!! COLLISION GATE at t=30.0s (ag=0)
[coast] !!! COLLISION GATE at t=30.0s (ag=0)
[coast] !!! COLLISION GATE at t=30.0s (ag=0)
[coast] !!! COLLISION GATE at t=30.0s (ag=0)
[coast] !!! COLLISION GATE at t=30.1s (ag=0)
[coast] !!! COLLISION GATE at t=30.1s (ag=0)
[coast] !!! COLLISION GATE at t=30.1s (ag=0)
[coast] !!! COLLISION GATE at t=30.1s (ag=0)
[coast] !!! COLLISION GATE at t=30.1s (ag=0)
[coast] !!! COLLISION GATE at t=30.1s (ag=0)
[coast] !!! COLLISION GATE at t=30.1s (ag=0)
[coast] !!! COLLISION GATE at t=30.1s (ag=0)
[coast] !!! COLLISION GATE at t=30.1s (ag=0)
[coast] !!! COLLISION GATE at t=30.1s (ag=0)
[tube] seg5/bank0 ag=0 thr=0.280 LADDER leg0 --0.0050 VERT trim=-0.0000(coasting 14.8s) | [steer ] RAIL[NO-LOCK] found=0 rms=0.00px rows=0 sep=0.000 u=+0.000 vconv=+0.000 | GATE u=-0.228 v=+0.976 sz=0.032 -> +0.0deg x1.00 | uLat=+0.000 desR=+0.0(ff+0.0+0.0) estR=-19.6 estP=-4.5 |a|=1.00g dimu=3772 loop=94Hz det=94Hz[coast] !!! COLLISION GATE at t=30.1s (ag=0)

[coast] !!! COLLISION GATE at t=30.1s (ag=0)
[coast] !!! COLLISION GATE at t=30.1s (ag=0)
[coast] !!! COLLISION GATE at t=30.1s (ag=0)
[coast] !!! COLLISION GATE at t=30.1s (ag=0)
[coast] !!! COLLISION GATE at t=30.2s (ag=0)
[coast] !!! COLLISION GATE at t=30.2s (ag=0)
[coast] !!! COLLISION GATE at t=30.2s (ag=0)
[coast] !!! COLLISION GATE at t=30.2s (ag=0)
[coast] !!! COLLISION GATE at t=30.2s (ag=0)
[coast] !!! COLLISION GATE at t=30.2s (ag=0)
[coast] !!! COLLISION GATE at t=30.2s (ag=0)
[coast] !!! COLLISION GATE at t=30.2s (ag=0)
[coast] !!! COLLISION GATE at t=30.2s (ag=0)
[coast] !!! COLLISION GATE at t=30.2s (ag=0)
[coast] !!! COLLISION GATE at t=30.2s (ag=0)
[coast] !!! COLLISION GATE at t=30.2s (ag=0)
[coast] !!! COLLISION GATE at t=30.2s (ag=0)
[coast] !!! COLLISION GATE at t=30.2s (ag=0)
[coast] !!! COLLISION GATE at t=30.2s (ag=0)
[coast] !!! COLLISION GATE at t=30.3s (ag=0)
[coast] !!! COLLISION GATE at t=30.3s (ag=0)
[coast] !!! COLLISION GATE at t=30.3s (ag=0)
[coast] !!! COLLISION GATE at t=30.3s (ag=0)
[coast] !!! COLLISION GATE at t=30.3s (ag=0)
[coast] !!! COLLISION GATE at t=30.3s (ag=0)
[coast] !!! COLLISION GATE at t=30.3s (ag=0)
[coast] !!! COLLISION GATE at t=30.3s (ag=0)
[coast] !!! COLLISION GATE at t=30.3s (ag=0)
[coast] !!! COLLISION GATE at t=30.3s (ag=0)
[coast] !!! COLLISION GATE at t=30.3s (ag=0)
[coast] !!! COLLISION GATE at t=30.3s (ag=0)
[coast] !!! COLLISION GATE at t=30.3s (ag=0)
[coast] !!! COLLISION GATE at t=30.3s (ag=0)
[coast] !!! COLLISION GATE at t=30.3s (ag=0)
[coast] !!! COLLISION GATE at t=30.3s (ag=0)
[coast] !!! COLLISION GATE at t=30.3s (ag=0)
[coast] !!! COLLISION GATE at t=30.4s (ag=0)
[coast] !!! COLLISION GATE at t=30.4s (ag=0)
[coast] !!! COLLISION GATE at t=30.4s (ag=0)
[coast] !!! COLLISION GATE at t=30.4s (ag=0)
[coast] !!! COLLISION GATE at t=30.4s (ag=0)[tube] seg5/bank0 ag=0 thr=0.280 LADDER leg0 --0.0050 VERT trim=-0.0000(coasting 15.1s) | [steer ] RAIL[NO-LOCK] found=0 rms=0.00px rows=0 sep=0.000 u=+0.000 vconv=+0.000 | GATE u=-0.228 v=+0.976 sz=0.031 -> +0.0deg x1.00 | uLat=+0.000 desR=+0.0(ff+0.0+0.0) estR=-19.6 estP=-4.5 |a|=1.00g dimu=3802 loop=93Hz det=93Hz

[coast] !!! COLLISION GATE at t=30.4s (ag=0)
[coast] !!! COLLISION GATE at t=30.4s (ag=0)
[coast] !!! COLLISION GATE at t=30.4s (ag=0)
[coast] !!! COLLISION GATE at t=30.4s (ag=0)
[coast] !!! COLLISION GATE at t=30.4s (ag=0)
[coast] !!! COLLISION GATE at t=30.4s (ag=0)
[coast] !!! COLLISION GATE at t=30.4s (ag=0)
[coast] !!! COLLISION GATE at t=30.4s (ag=0)
[coast] !!! COLLISION GATE at t=30.4s (ag=0)
[coast] !!! COLLISION GATE at t=30.4s (ag=0)
[coast] !!! COLLISION GATE at t=30.5s (ag=0)
[coast] !!! COLLISION GATE at t=30.5s (ag=0)
[coast] !!! COLLISION GATE at t=30.5s (ag=0)
[coast] !!! COLLISION GATE at t=30.5s (ag=0)
[coast] !!! COLLISION GATE at t=30.5s (ag=0)
[coast] !!! COLLISION GATE at t=30.5s (ag=0)
[coast] !!! COLLISION GATE at t=30.5s (ag=0)
[coast] !!! COLLISION GATE at t=30.5s (ag=0)
[coast] !!! COLLISION GATE at t=30.5s (ag=0)
[coast] !!! COLLISION GATE at t=30.5s (ag=0)
[coast] !!! COLLISION GATE at t=30.5s (ag=0)
[coast] !!! COLLISION GATE at t=30.5s (ag=0)
[coast] !!! COLLISION GATE at t=30.5s (ag=0)
[coast] !!! COLLISION GATE at t=30.5s (ag=0)
[coast] !!! COLLISION GATE at t=30.6s (ag=0)
[coast] !!! COLLISION GATE at t=30.6s (ag=0)
[coast] !!! COLLISION GATE at t=30.6s (ag=0)
[coast] !!! COLLISION GATE at t=30.6s (ag=0)
[coast] !!! COLLISION GATE at t=30.6s (ag=0)
[coast] !!! COLLISION GATE at t=30.6s (ag=0)
[coast] !!! COLLISION GATE at t=30.6s (ag=0)
[coast] !!! COLLISION GATE at t=30.6s (ag=0)
[coast] !!! COLLISION GATE at t=30.6s (ag=0)
[coast] !!! COLLISION GATE at t=30.6s (ag=0)
[coast] !!! COLLISION GATE at t=30.6s (ag=0)
[coast] !!! COLLISION GATE at t=30.6s (ag=0)
[coast] !!! COLLISION GATE at t=30.6s (ag=0)
[tube] seg5/bank0 ag=0 thr=0.280 LADDER leg0 --0.0050 VERT trim=-0.0000(coasting 15.3s) | [steer ] RAIL[NO-LOCK] found=0 rms=0.00px rows=0 sep=0.000 u=+0.000 vconv=+0.000 | GATE u=-0.228 v=+0.976 sz=0.032 -> +0.0deg x1.00 | uLat=+0.000 desR=+0.0(ff+0.0+0.0) estR=-19.7 estP=-4.4 |a|=1.01g dimu=3831 loop=93Hz det=93Hz
[coast] !!! COLLISION GATE at t=30.6s (ag=0)
[coast] !!! COLLISION GATE at t=30.6s (ag=0)
[coast] !!! COLLISION GATE at t=30.6s (ag=0)
[coast] !!! COLLISION GATE at t=30.7s (ag=0)
[coast] !!! COLLISION GATE at t=30.7s (ag=0)
[coast] !!! COLLISION GATE at t=30.7s (ag=0)
[coast] !!! COLLISION GATE at t=30.7s (ag=0)
[coast] !!! COLLISION GATE at t=30.7s (ag=0)
[coast] !!! COLLISION GATE at t=30.7s (ag=0)
[coast] !!! COLLISION GATE at t=30.7s (ag=0)
[coast] !!! COLLISION GATE at t=30.7s (ag=0)
[coast] !!! COLLISION GATE at t=30.7s (ag=0)
[coast] !!! COLLISION GATE at t=30.7s (ag=0)
[coast] !!! COLLISION GATE at t=30.7s (ag=0)
[coast] !!! COLLISION GATE at t=30.7s (ag=0)
[coast] !!! COLLISION GATE at t=30.7s (ag=0)
[coast] !!! COLLISION GATE at t=30.7s (ag=0)
[coast] !!! COLLISION GATE at t=30.7s (ag=0)
[coast] !!! COLLISION GATE at t=30.8s (ag=0)
[coast] !!! COLLISION GATE at t=30.8s (ag=0)
[coast] !!! COLLISION GATE at t=30.8s (ag=0)
[coast] !!! COLLISION GATE at t=30.8s (ag=0)
[coast] !!! COLLISION GATE at t=30.8s (ag=0)
[coast] !!! COLLISION GATE at t=30.8s (ag=0)
[coast] !!! COLLISION GATE at t=30.8s (ag=0)
[coast] !!! COLLISION GATE at t=30.8s (ag=0)
[coast] !!! COLLISION GATE at t=30.8s (ag=0)
[coast] !!! COLLISION GATE at t=30.8s (ag=0)
[coast] !!! COLLISION GATE at t=30.8s (ag=0)
[coast] !!! COLLISION GATE at t=30.8s (ag=0)
[coast] !!! COLLISION GATE at t=30.8s (ag=0)
[coast] !!! COLLISION GATE at t=30.8s (ag=0)
[coast] !!! COLLISION GATE at t=30.8s (ag=0)
[coast] !!! COLLISION GATE at t=30.8s (ag=0)
[coast] !!! COLLISION GATE at t=30.9s (ag=0)
[coast] !!! COLLISION GATE at t=30.9s (ag=0)
[coast] !!! COLLISION GATE at t=30.9s (ag=0)
[coast] !!! COLLISION GATE at t=30.9s (ag=0)
[coast] !!! COLLISION GATE at t=30.9s (ag=0)[tube] seg5/bank0 ag=0 thr=0.280 LADDER leg0 --0.0050 VERT trim=-0.0000(coasting 15.6s) | [steer ] RAIL[NO-LOCK] found=0 rms=0.00px rows=0 sep=0.000 u=+0.000 vconv=+0.000 | GATE u=-0.228 v=+0.976 sz=0.032 -> +0.0deg x1.00 | uLat=+0.000 desR=+0.0(ff+0.0+0.0) estR=-19.7 estP=-4.5 |a|=1.00g dimu=3861 loop=93Hz det=93Hz

[coast] !!! COLLISION GATE at t=30.9s (ag=0)
[coast] !!! COLLISION GATE at t=30.9s (ag=0)
[coast] !!! COLLISION GATE at t=30.9s (ag=0)
[coast] !!! COLLISION GATE at t=30.9s (ag=0)
[coast] !!! COLLISION GATE at t=30.9s (ag=0)
[coast] !!! COLLISION GATE at t=30.9s (ag=0)
[coast] !!! COLLISION GATE at t=30.9s (ag=0)
[coast] !!! COLLISION GATE at t=30.9s (ag=0)
[coast] !!! COLLISION GATE at t=30.9s (ag=0)
[coast] !!! COLLISION GATE at t=31.0s (ag=0)
[coast] !!! COLLISION GATE at t=31.0s (ag=0)
[coast] !!! COLLISION GATE at t=31.0s (ag=0)
[coast] !!! COLLISION GATE at t=31.0s (ag=0)
[coast] !!! COLLISION GATE at t=31.0s (ag=0)
[coast] !!! COLLISION GATE at t=31.0s (ag=0)
[coast] !!! COLLISION GATE at t=31.0s (ag=0)
[coast] !!! COLLISION GATE at t=31.0s (ag=0)
[coast] !!! COLLISION GATE at t=31.0s (ag=0)
[coast] !!! COLLISION GATE at t=31.0s (ag=0)
[coast] !!! COLLISION GATE at t=31.0s (ag=0)
[coast] !!! COLLISION GATE at t=31.0s (ag=0)
[coast] !!! COLLISION GATE at t=31.0s (ag=0)
[coast] !!! COLLISION GATE at t=31.0s (ag=0)
[coast] !!! COLLISION GATE at t=31.0s (ag=0)
[coast] !!! COLLISION GATE at t=31.1s (ag=0)
[coast] !!! COLLISION GATE at t=31.1s (ag=0)
[coast] !!! COLLISION GATE at t=31.1s (ag=0)
[coast] !!! COLLISION GATE at t=31.1s (ag=0)
[coast] !!! COLLISION GATE at t=31.1s (ag=0)
[coast] !!! COLLISION GATE at t=31.1s (ag=0)
[coast] !!! COLLISION GATE at t=31.1s (ag=0)
[coast] !!! COLLISION GATE at t=31.1s (ag=0)
[coast] !!! COLLISION GATE at t=31.1s (ag=0)
[coast] !!! COLLISION GATE at t=31.1s (ag=0)
[coast] !!! COLLISION GATE at t=31.1s (ag=0)
[coast] !!! COLLISION GATE at t=31.1s (ag=0)
[coast] !!! COLLISION GATE at t=31.1s (ag=0)
[tube] seg5/bank0 ag=0 thr=0.280 LADDER leg0 --0.0050 VERT trim=-0.0000(coasting 15.8s) | [steer ] RAIL[NO-LOCK] found=0 rms=0.00px rows=0 sep=0.000 u=+0.000 vconv=+0.000 | GATE u=-0.228 v=+0.976 sz=0.032 -> +0.0deg x1.00 | uLat=+0.000 desR=+0.0(ff+0.0+0.0) estR=-19.8 estP=-4.3 |a|=1.00g dimu=3891 loop=93Hz det=93Hz
[coast] !!! COLLISION GATE at t=31.1s (ag=0)
[coast] !!! COLLISION GATE at t=31.2s (ag=0)
[coast] !!! COLLISION GATE at t=31.2s (ag=0)
[coast] !!! COLLISION GATE at t=31.2s (ag=0)
[coast] !!! COLLISION GATE at t=31.2s (ag=0)
[coast] !!! COLLISION GATE at t=31.2s (ag=0)
[coast] !!! COLLISION GATE at t=31.2s (ag=0)
[coast] !!! COLLISION GATE at t=31.2s (ag=0)
[coast] !!! COLLISION GATE at t=31.2s (ag=0)
[coast] !!! COLLISION GATE at t=31.2s (ag=0)
[coast] !!! COLLISION GATE at t=31.2s (ag=0)
[coast] !!! COLLISION GATE at t=31.2s (ag=0)
[coast] !!! COLLISION GATE at t=31.2s (ag=0)
[coast] !!! COLLISION GATE at t=31.2s (ag=0)
[coast] !!! COLLISION GATE at t=31.2s (ag=0)
[coast] !!! COLLISION GATE at t=31.3s (ag=0)
[coast] !!! COLLISION GATE at t=31.3s (ag=0)
[coast] !!! COLLISION GATE at t=31.3s (ag=0)
[coast] !!! COLLISION GATE at t=31.3s (ag=0)
[coast] !!! COLLISION GATE at t=31.3s (ag=0)
[coast] !!! COLLISION GATE at t=31.3s (ag=0)
[coast] !!! COLLISION GATE at t=31.3s (ag=0)
[coast] !!! COLLISION GATE at t=31.3s (ag=0)
[coast] !!! COLLISION GATE at t=31.3s (ag=0)
[coast] !!! COLLISION GATE at t=31.3s (ag=0)
[coast] !!! COLLISION GATE at t=31.3s (ag=0)
[coast] !!! COLLISION GATE at t=31.3s (ag=0)
[coast] !!! COLLISION GATE at t=31.3s (ag=0)
[coast] !!! COLLISION GATE at t=31.3s (ag=0)
[coast] !!! COLLISION GATE at t=31.3s (ag=0)
[coast] !!! COLLISION GATE at t=31.4s (ag=0)
[coast] !!! COLLISION GATE at t=31.4s (ag=0)
[coast] !!! COLLISION GATE at t=31.4s (ag=0)
[coast] !!! COLLISION GATE at t=31.4s (ag=0)
[coast] !!! COLLISION GATE at t=31.4s (ag=0)
[coast] !!! COLLISION GATE at t=31.4s (ag=0)
[tube] seg5/bank0 ag=0 thr=0.280 LADDER leg0 --0.0050 VERT trim=-0.0000(coasting 16.1s) | [steer ] RAIL[NO-LOCK] found=0 rms=0.00px rows=0 sep=0.000 u=+0.000 vconv=+0.000 | GATE u=-0.228 v=+0.976 sz=0.032 -> +0.0deg x1.00 | uLat=+0.000 desR=+0.0(ff+0.0+0.0) estR=-19.8 estP=-4.3 |a|=1.00g dimu=3920 loop=93Hz det=93Hz
[coast] !!! COLLISION GATE at t=31.4s (ag=0)
[coast] !!! COLLISION GATE at t=31.4s (ag=0)
[coast] !!! COLLISION GATE at t=31.4s (ag=0)
[coast] !!! COLLISION GATE at t=31.4s (ag=0)
[coast] !!! COLLISION GATE at t=31.4s (ag=0)
[coast] !!! COLLISION GATE at t=31.4s (ag=0)
[coast] !!! COLLISION GATE at t=31.4s (ag=0)
[coast] !!! COLLISION GATE at t=31.4s (ag=0)
[coast] !!! COLLISION GATE at t=31.5s (ag=0)
[coast] !!! COLLISION GATE at t=31.5s (ag=0)
[coast] !!! COLLISION GATE at t=31.5s (ag=0)
[coast] !!! COLLISION GATE at t=31.5s (ag=0)
[coast] !!! COLLISION GATE at t=31.5s (ag=0)
[coast] !!! COLLISION GATE at t=31.5s (ag=0)
[coast] !!! COLLISION GATE at t=31.5s (ag=0)
[coast] !!! COLLISION GATE at t=31.5s (ag=0)
[coast] !!! COLLISION GATE at t=31.5s (ag=0)
[coast] !!! COLLISION GATE at t=31.5s (ag=0)
[coast] !!! COLLISION GATE at t=31.5s (ag=0)
[coast] !!! COLLISION GATE at t=31.5s (ag=0)
[coast] !!! COLLISION GATE at t=31.5s (ag=0)
[coast] !!! COLLISION GATE at t=31.5s (ag=0)
[coast] !!! COLLISION GATE at t=31.5s (ag=0)
[coast] !!! COLLISION GATE at t=31.5s (ag=0)
[coast] !!! COLLISION GATE at t=31.6s (ag=0)
[coast] !!! COLLISION GATE at t=31.6s (ag=0)
[coast] !!! COLLISION GATE at t=31.6s (ag=0)
[coast] !!! COLLISION GATE at t=31.6s (ag=0)
[coast] !!! COLLISION GATE at t=31.6s (ag=0)
[coast] !!! COLLISION GATE at t=31.6s (ag=0)
[coast] !!! COLLISION GATE at t=31.6s (ag=0)
[coast] !!! COLLISION GATE at t=31.6s (ag=0)
[coast] !!! COLLISION GATE at t=31.6s (ag=0)
[coast] !!! COLLISION GATE at t=31.6s (ag=0)
[coast] !!! COLLISION GATE at t=31.6s (ag=0)
[coast] !!! COLLISION GATE at t=31.6s (ag=0)
[coast] !!! COLLISION GATE at t=31.6s (ag=0)
[coast] !!! COLLISION GATE at t=31.6s (ag=0)
[coast] !!! COLLISION GATE at t=31.6s (ag=0)
[coast] !!! COLLISION GATE at t=31.7s (ag=0)
[tube] seg5/bank0 ag=0 thr=0.280 LADDER leg0 --0.0050 VERT trim=-0.0000(coasting 16.4s) | [steer ] RAIL[NO-LOCK] found=0 rms=0.00px rows=0 sep=0.000 u=+0.000 vconv=+0.000 | GATE u=-0.228 v=+0.976 sz=0.032 -> +0.0deg x1.00 | uLat=+0.000 desR=+0.0(ff+0.0+0.0) estR=-19.8 estP=-4.4 |a|=1.00g dimu=3950 loop=93Hz det=93Hz
[coast] !!! COLLISION GATE at t=31.7s (ag=0)
[coast] !!! COLLISION GATE at t=31.7s (ag=0)
[coast] !!! COLLISION GATE at t=31.7s (ag=0)
[coast] !!! COLLISION GATE at t=31.7s (ag=0)
[coast] !!! COLLISION GATE at t=31.7s (ag=0)
[coast] !!! COLLISION GATE at t=31.7s (ag=0)
[coast] !!! COLLISION GATE at t=31.7s (ag=0)
[coast] !!! COLLISION GATE at t=31.7s (ag=0)
[coast] !!! COLLISION GATE at t=31.7s (ag=0)
[coast] !!! COLLISION GATE at t=31.7s (ag=0)
[coast] !!! COLLISION GATE at t=31.7s (ag=0)
[coast] !!! COLLISION GATE at t=31.7s (ag=0)
[coast] !!! COLLISION GATE at t=31.7s (ag=0)
[coast] !!! COLLISION GATE at t=31.7s (ag=0)
[coast] !!! COLLISION GATE at t=31.7s (ag=0)
[coast] !!! COLLISION GATE at t=31.7s (ag=0)
[coast] !!! COLLISION GATE at t=31.8s (ag=0)
[coast] !!! COLLISION GATE at t=31.8s (ag=0)
[coast] !!! COLLISION GATE at t=31.8s (ag=0)
[coast] !!! COLLISION GATE at t=31.8s (ag=0)
[coast] !!! COLLISION GATE at t=31.8s (ag=0)
[coast] !!! COLLISION GATE at t=31.8s (ag=0)
[coast] !!! COLLISION GATE at t=31.8s (ag=0)
[coast] !!! COLLISION GATE at t=31.8s (ag=0)
[coast] !!! COLLISION GATE at t=31.8s (ag=0)
[coast] !!! COLLISION GATE at t=31.8s (ag=0)
[coast] !!! COLLISION GATE at t=31.8s (ag=0)
[coast] !!! COLLISION GATE at t=31.8s (ag=0)
[coast] !!! COLLISION GATE at t=31.8s (ag=0)
[coast] !!! COLLISION GATE at t=31.8s (ag=0)
[coast] !!! COLLISION GATE at t=31.8s (ag=0)
[coast] !!! COLLISION GATE at t=31.9s (ag=0)
[coast] !!! COLLISION GATE at t=31.9s (ag=0)
[coast] !!! COLLISION GATE at t=31.9s (ag=0)
[coast] !!! COLLISION GATE at t=31.9s (ag=0)
[coast] !!! COLLISION GATE at t=31.9s (ag=0)
[coast] !!! COLLISION GATE at t=31.9s (ag=0)
[coast] !!! COLLISION GATE at t=31.9s (ag=0)
[coast] !!! COLLISION GATE at t=31.9s (ag=0)
[coast] !!! COLLISION GATE at t=31.9s (ag=0)
[tube] seg5/bank0 ag=0 thr=0.280 LADDER leg0 --0.0050 VERT trim=-0.0000(coasting 16.6s) | [steer ] RAIL[NO-LOCK] found=0 rms=0.00px rows=0 sep=0.000 u=+0.000 vconv=+0.000 | GATE u=-0.228 v=+0.976 sz=0.032 -> +0.0deg x1.00 | uLat=+0.000 desR=+0.0(ff+0.0+0.0) estR=-19.7 estP=-4.4 |a|=1.00g dimu=3979 loop=93Hz det=93Hz
[coast] !!! COLLISION GATE at t=31.9s (ag=0)
[coast] !!! COLLISION GATE at t=31.9s (ag=0)
[coast] !!! COLLISION GATE at t=31.9s (ag=0)
[coast] !!! COLLISION GATE at t=31.9s (ag=0)
[coast] !!! COLLISION GATE at t=31.9s (ag=0)
[coast] !!! COLLISION GATE at t=32.0s (ag=0)
[coast] !!! COLLISION GATE at t=32.0s (ag=0)
[coast] !!! COLLISION GATE at t=32.0s (ag=0)
[coast] !!! COLLISION GATE at t=32.0s (ag=0)
[coast] !!! COLLISION GATE at t=32.0s (ag=0)
[coast] !!! COLLISION GATE at t=32.0s (ag=0)
[coast] !!! COLLISION GATE at t=32.0s (ag=0)
[coast] !!! COLLISION GATE at t=32.0s (ag=0)
[coast] !!! COLLISION GATE at t=32.0s (ag=0)
[coast] !!! COLLISION GATE at t=32.0s (ag=0)
[coast] !!! COLLISION GATE at t=32.0s (ag=0)
[coast] !!! COLLISION GATE at t=32.0s (ag=0)
[coast] !!! COLLISION GATE at t=32.0s (ag=0)
[coast] !!! COLLISION GATE at t=32.0s (ag=0)
[coast] !!! COLLISION GATE at t=32.0s (ag=0)
[coast] !!! COLLISION GATE at t=32.0s (ag=0)
[coast] !!! COLLISION GATE at t=32.1s (ag=0)
[coast] !!! COLLISION GATE at t=32.1s (ag=0)
[coast] !!! COLLISION GATE at t=32.1s (ag=0)
[coast] !!! COLLISION GATE at t=32.1s (ag=0)
[coast] !!! COLLISION GATE at t=32.1s (ag=0)
[coast] !!! COLLISION GATE at t=32.1s (ag=0)
[coast] !!! COLLISION GATE at t=32.1s (ag=0)
[coast] !!! COLLISION GATE at t=32.1s (ag=0)
[coast] !!! COLLISION GATE at t=32.1s (ag=0)
[coast] !!! COLLISION GATE at t=32.1s (ag=0)
[coast] !!! COLLISION GATE at t=32.1s (ag=0)
[coast] !!! COLLISION GATE at t=32.1s (ag=0)
[coast] !!! COLLISION GATE at t=32.1s (ag=0)
[coast] !!! COLLISION GATE at t=32.1s (ag=0)
[coast] !!! COLLISION GATE at t=32.1s (ag=0)
[coast] !!! COLLISION GATE at t=32.2s (ag=0)
[coast] !!! COLLISION GATE at t=32.2s (ag=0)
[tube] seg5/bank0 ag=0 thr=0.280 LADDER leg0 --0.0050 VERT trim=-0.0000(coasting 16.9s) | [steer ] RAIL[NO-LOCK] found=0 rms=0.00px rows=0 sep=0.000 u=+0.000 vconv=+0.000 | GATE u=-0.228 v=+0.976 sz=0.032 -> +0.0deg x1.00 | uLat=+0.000 desR=+0.0(ff+0.0+0.0) estR=-19.8 estP=-4.3 |a|=1.00g dimu=4008 loop=93Hz det=93Hz
[coast] !!! COLLISION GATE at t=32.2s (ag=0)
[coast] !!! COLLISION GATE at t=32.2s (ag=0)
[coast] !!! COLLISION GATE at t=32.2s (ag=0)
[coast] !!! COLLISION GATE at t=32.2s (ag=0)
[coast] !!! COLLISION GATE at t=32.2s (ag=0)
[coast] !!! COLLISION GATE at t=32.2s (ag=0)
[coast] !!! COLLISION GATE at t=32.2s (ag=0)
[coast] !!! COLLISION GATE at t=32.2s (ag=0)
[coast] !!! COLLISION GATE at t=32.2s (ag=0)
[coast] !!! COLLISION GATE at t=32.2s (ag=0)
[coast] !!! COLLISION GATE at t=32.2s (ag=0)
[coast] !!! COLLISION GATE at t=32.2s (ag=0)
[coast] !!! COLLISION GATE at t=32.2s (ag=0)
[coast] !!! COLLISION GATE at t=32.2s (ag=0)
[coast] !!! COLLISION GATE at t=32.3s (ag=0)
[coast] !!! COLLISION GATE at t=32.3s (ag=0)
[coast] !!! COLLISION GATE at t=32.3s (ag=0)
[coast] !!! COLLISION GATE at t=32.3s (ag=0)
[coast] !!! COLLISION GATE at t=32.3s (ag=0)
[coast] !!! COLLISION GATE at t=32.3s (ag=0)
[coast] !!! COLLISION GATE at t=32.3s (ag=0)
[coast] !!! COLLISION GATE at t=32.3s (ag=0)
[coast] !!! COLLISION GATE at t=32.3s (ag=0)
[coast] !!! COLLISION GATE at t=32.3s (ag=0)
[coast] !!! COLLISION GATE at t=32.3s (ag=0)
[coast] !!! COLLISION GATE at t=32.3s (ag=0)
[coast] !!! COLLISION GATE at t=32.3s (ag=0)
[coast] !!! COLLISION GATE at t=32.3s (ag=0)
[coast] !!! COLLISION GATE at t=32.3s (ag=0)
[coast] !!! COLLISION GATE at t=32.4s (ag=0)
[coast] !!! COLLISION GATE at t=32.4s (ag=0)
[coast] !!! COLLISION GATE at t=32.4s (ag=0)
[coast] !!! COLLISION GATE at t=32.4s (ag=0)
[coast] !!! COLLISION GATE at t=32.4s (ag=0)
[coast] !!! COLLISION GATE at t=32.4s (ag=0)
[coast] !!! COLLISION GATE at t=32.4s (ag=0)
[coast] !!! COLLISION GATE at t=32.4s (ag=0)
[coast] !!! COLLISION GATE at t=32.4s (ag=0)
[coast] !!! COLLISION GATE at t=32.4s (ag=0)
[coast] !!! COLLISION GATE at t=32.4s (ag=0)
[tube] seg5/bank0 ag=0 thr=0.280 LADDER leg0 --0.0050 VERT trim=-0.0000(coasting 17.1s) | [steer ] RAIL[NO-LOCK] found=0 rms=0.00px rows=0 sep=0.000 u=+0.000 vconv=+0.000 | GATE u=-0.227 v=+0.976 sz=0.031 -> +0.0deg x1.00 | uLat=+0.000 desR=+0.0(ff+0.0+0.0) estR=-19.8 estP=-4.3 |a|=1.00g dimu=4039 loop=94Hz det=94Hz
[coast] !!! COLLISION GATE at t=32.4s (ag=0)
[coast] !!! COLLISION GATE at t=32.4s (ag=0)
[coast] !!! COLLISION GATE at t=32.4s (ag=0)
[coast] !!! COLLISION GATE at t=32.5s (ag=0)
[coast] !!! COLLISION GATE at t=32.5s (ag=0)
[coast] !!! COLLISION GATE at t=32.5s (ag=0)
[coast] !!! COLLISION GATE at t=32.5s (ag=0)
[coast] !!! COLLISION GATE at t=32.5s (ag=0)
[coast] !!! COLLISION GATE at t=32.5s (ag=0)
[coast] !!! COLLISION GATE at t=32.5s (ag=0)
[coast] !!! COLLISION GATE at t=32.5s (ag=0)
[coast] !!! COLLISION GATE at t=32.5s (ag=0)
[coast] !!! COLLISION GATE at t=32.5s (ag=0)
[coast] !!! COLLISION GATE at t=32.5s (ag=0)
[coast] !!! COLLISION GATE at t=32.5s (ag=0)
[coast] !!! COLLISION GATE at t=32.5s (ag=0)
[coast] !!! COLLISION GATE at t=32.5s (ag=0)
[coast] !!! COLLISION GATE at t=32.5s (ag=0)
[coast] !!! COLLISION GATE at t=32.6s (ag=0)
[coast] !!! COLLISION GATE at t=32.6s (ag=0)
[coast] !!! COLLISION GATE at t=32.6s (ag=0)
[coast] !!! COLLISION GATE at t=32.6s (ag=0)
[coast] !!! COLLISION GATE at t=32.6s (ag=0)
[coast] !!! COLLISION GATE at t=32.6s (ag=0)
[coast] !!! COLLISION GATE at t=32.6s (ag=0)
[coast] !!! COLLISION GATE at t=32.6s (ag=0)
[coast] !!! COLLISION GATE at t=32.6s (ag=0)
[coast] !!! COLLISION GATE at t=32.6s (ag=0)
[coast] !!! COLLISION GATE at t=32.6s (ag=0)
[coast] !!! COLLISION GATE at t=32.6s (ag=0)
[coast] !!! COLLISION GATE at t=32.6s (ag=0)
[coast] !!! COLLISION GATE at t=32.6s (ag=0)
[coast] !!! COLLISION GATE at t=32.6s (ag=0)
[coast] !!! COLLISION GATE at t=32.7s (ag=0)
[coast] !!! COLLISION GATE at t=32.7s (ag=0)
[coast] !!! COLLISION GATE at t=32.7s (ag=0)
[coast] !!! COLLISION GATE at t=32.7s (ag=0)
[tube] seg5/bank0 ag=0 thr=0.280 LADDER leg0 --0.0050 VERT trim=-0.0000(coasting 17.4s) | [steer ] RAIL[NO-LOCK] found=0 rms=0.00px rows=0 sep=0.000 u=+0.000 vconv=+0.000 | GATE u=-0.227 v=+0.976 sz=0.031 -> +0.0deg x1.00 | uLat=+0.000 desR=+0.0(ff+0.0+0.0) estR=-19.8 estP=-4.3 |a|=1.00g dimu=4069 loop=94Hz det=94Hz
[coast] !!! COLLISION GATE at t=32.7s (ag=0)
[coast] !!! COLLISION GATE at t=32.7s (ag=0)
[coast] !!! COLLISION GATE at t=32.7s (ag=0)
[coast] !!! COLLISION GATE at t=32.7s (ag=0)
[coast] !!! COLLISION GATE at t=32.7s (ag=0)
[coast] !!! COLLISION GATE at t=32.7s (ag=0)
[coast] !!! COLLISION GATE at t=32.7s (ag=0)
[coast] !!! COLLISION GATE at t=32.7s (ag=0)
[coast] !!! COLLISION GATE at t=32.7s (ag=0)
[coast] !!! COLLISION GATE at t=32.7s (ag=0)
[coast] !!! COLLISION GATE at t=32.8s (ag=0)
[coast] !!! COLLISION GATE at t=32.8s (ag=0)
[coast] !!! COLLISION GATE at t=32.8s (ag=0)
[coast] !!! COLLISION GATE at t=32.8s (ag=0)
[coast] !!! COLLISION GATE at t=32.8s (ag=0)
[coast] !!! COLLISION GATE at t=32.8s (ag=0)
[coast] !!! COLLISION GATE at t=32.8s (ag=0)
[coast] !!! COLLISION GATE at t=32.8s (ag=0)
[coast] !!! COLLISION GATE at t=32.8s (ag=0)
[coast] !!! COLLISION GATE at t=32.8s (ag=0)
[coast] !!! COLLISION GATE at t=32.8s (ag=0)
[coast] !!! COLLISION GATE at t=32.8s (ag=0)
[coast] !!! COLLISION GATE at t=32.8s (ag=0)
[coast] !!! COLLISION GATE at t=32.8s (ag=0)
[coast] !!! COLLISION GATE at t=32.9s (ag=0)
[coast] !!! COLLISION GATE at t=32.9s (ag=0)
[coast] !!! COLLISION GATE at t=32.9s (ag=0)
[coast] !!! COLLISION GATE at t=32.9s (ag=0)
[coast] !!! COLLISION GATE at t=32.9s (ag=0)
[coast] !!! COLLISION GATE at t=32.9s (ag=0)
[coast] !!! COLLISION GATE at t=32.9s (ag=0)
[coast] !!! COLLISION GATE at t=32.9s (ag=0)
[coast] !!! COLLISION GATE at t=32.9s (ag=0)
[coast] !!! COLLISION GATE at t=32.9s (ag=0)
[coast] !!! COLLISION GATE at t=32.9s (ag=0)
[coast] !!! COLLISION GATE at t=32.9s (ag=0)
[coast] !!! COLLISION GATE at t=32.9s (ag=0)
[coast] !!! COLLISION GATE at t=32.9s (ag=0)
[coast] !!! COLLISION GATE at t=32.9s (ag=0)[tube] seg5/bank0 ag=0 thr=0.280 LADDER leg0 --0.0050 VERT trim=-0.0000(coasting 17.7s) | [steer ] RAIL[NO-LOCK] found=0 rms=0.00px rows=0 sep=0.000 u=+0.000 vconv=+0.000 | GATE u=-0.227 v=+0.978 sz=0.030 -> +0.0deg x1.00 | uLat=+0.000 desR=+0.0(ff+0.0+0.0) estR=-19.8 estP=-4.3 |a|=1.00g dimu=4099 loop=94Hz det=94Hz

[coast] !!! COLLISION GATE at t=33.0s (ag=0)
[coast] !!! COLLISION GATE at t=33.0s (ag=0)
[coast] !!! COLLISION GATE at t=33.0s (ag=0)
[coast] !!! COLLISION GATE at t=33.0s (ag=0)
[coast] !!! COLLISION GATE at t=33.0s (ag=0)
[coast] !!! COLLISION GATE at t=33.0s (ag=0)
[coast] !!! COLLISION GATE at t=33.0s (ag=0)
[coast] !!! COLLISION GATE at t=33.0s (ag=0)
[coast] !!! COLLISION GATE at t=33.0s (ag=0)
[coast] !!! COLLISION GATE at t=33.0s (ag=0)
[coast] !!! COLLISION GATE at t=33.0s (ag=0)
[coast] !!! COLLISION GATE at t=33.0s (ag=0)
[coast] !!! COLLISION GATE at t=33.0s (ag=0)
[coast] !!! COLLISION GATE at t=33.0s (ag=0)
[coast] !!! COLLISION GATE at t=33.1s (ag=0)
[coast] !!! COLLISION GATE at t=33.1s (ag=0)
[coast] !!! COLLISION GATE at t=33.1s (ag=0)
[coast] !!! COLLISION GATE at t=33.1s (ag=0)
[coast] !!! COLLISION GATE at t=33.1s (ag=0)
[coast] !!! COLLISION GATE at t=33.1s (ag=0)
[coast] !!! COLLISION GATE at t=33.1s (ag=0)
[coast] !!! COLLISION GATE at t=33.1s (ag=0)
[coast] !!! COLLISION GATE at t=33.1s (ag=0)
[coast] !!! COLLISION GATE at t=33.1s (ag=0)
[coast] !!! COLLISION GATE at t=33.1s (ag=0)
[coast] !!! COLLISION GATE at t=33.1s (ag=0)
[coast] !!! COLLISION GATE at t=33.1s (ag=0)
[coast] !!! COLLISION GATE at t=33.1s (ag=0)
[coast] !!! COLLISION GATE at t=33.1s (ag=0)
[coast] !!! COLLISION GATE at t=33.2s (ag=0)
[coast] !!! COLLISION GATE at t=33.2s (ag=0)
[coast] !!! COLLISION GATE at t=33.2s (ag=0)
[coast] !!! COLLISION GATE at t=33.2s (ag=0)
[coast] !!! COLLISION GATE at t=33.2s (ag=0)
[coast] !!! COLLISION GATE at t=33.2s (ag=0)
[tube] seg5/bank0 ag=0 thr=0.280 LADDER leg0 --0.0050 VERT trim=-0.0000(coasting 17.9s) | [steer ] RAIL[NO-LOCK] found=0 rms=0.00px rows=0 sep=0.000 u=+0.000 vconv=+0.000 | GATE u=-0.227 v=+0.978 sz=0.030 -> +0.0deg x1.00 | uLat=+0.000 desR=+0.0(ff+0.0+0.0) estR=-19.8 estP=-4.2 |a|=1.00g dimu=4128 loop=94Hz det=94Hz
[coast] !!! COLLISION GATE at t=33.2s (ag=0)
[coast] !!! COLLISION GATE at t=33.2s (ag=0)
[coast] !!! COLLISION GATE at t=33.2s (ag=0)
[coast] !!! COLLISION GATE at t=33.2s (ag=0)
[coast] !!! COLLISION GATE at t=33.2s (ag=0)
[coast] !!! COLLISION GATE at t=33.2s (ag=0)
[coast] !!! COLLISION GATE at t=33.2s (ag=0)
[coast] !!! COLLISION GATE at t=33.2s (ag=0)
[coast] !!! COLLISION GATE at t=33.3s (ag=0)
[coast] !!! COLLISION GATE at t=33.3s (ag=0)
[coast] !!! COLLISION GATE at t=33.3s (ag=0)
[coast] !!! COLLISION GATE at t=33.3s (ag=0)
[coast] !!! COLLISION GATE at t=33.3s (ag=0)
[coast] !!! COLLISION GATE at t=33.3s (ag=0)
[coast] !!! COLLISION GATE at t=33.3s (ag=0)
[coast] !!! COLLISION GATE at t=33.3s (ag=0)
[coast] !!! COLLISION GATE at t=33.3s (ag=0)
[coast] !!! COLLISION GATE at t=33.3s (ag=0)
[coast] !!! COLLISION GATE at t=33.3s (ag=0)
[coast] !!! COLLISION GATE at t=33.3s (ag=0)
[coast] !!! COLLISION GATE at t=33.3s (ag=0)
[coast] !!! COLLISION GATE at t=33.4s (ag=0)
[coast] !!! COLLISION GATE at t=33.4s (ag=0)
[coast] !!! COLLISION GATE at t=33.4s (ag=0)
[coast] !!! COLLISION GATE at t=33.4s (ag=0)
[coast] !!! COLLISION GATE at t=33.4s (ag=0)
[coast] !!! COLLISION GATE at t=33.4s (ag=0)
[coast] !!! COLLISION GATE at t=33.4s (ag=0)
[coast] !!! COLLISION GATE at t=33.4s (ag=0)
[coast] !!! COLLISION GATE at t=33.4s (ag=0)
[coast] !!! COLLISION GATE at t=33.4s (ag=0)
[coast] !!! COLLISION GATE at t=33.4s (ag=0)
[coast] !!! COLLISION GATE at t=33.4s (ag=0)
[coast] !!! COLLISION GATE at t=33.4s (ag=0)
[coast] !!! COLLISION GATE at t=33.4s (ag=0)
[coast] !!! COLLISION GATE at t=33.4s (ag=0)
[coast] !!! COLLISION GATE at t=33.4s (ag=0)
[coast] !!! COLLISION GATE at t=33.4s (ag=0)
[coast] !!! COLLISION GATE at t=33.4s (ag=0)
[tube] seg5/bank0 ag=0 thr=0.280 LADDER leg0 --0.0050 VERT trim=-0.0000(coasting 18.2s) | [steer ] RAIL[NO-LOCK] found=0 rms=0.00px rows=0 sep=0.000 u=+0.000 vconv=+0.000 | GATE u=-0.227 v=+0.977 sz=0.031 -> +0.0deg x1.00 | uLat=+0.000 desR=+0.0(ff+0.0+0.0) estR=-19.7 estP=-4.3 |a|=1.00g dimu=4158 loop=94Hz det=94Hz
[coast] !!! COLLISION GATE at t=33.5s (ag=0)
[coast] !!! COLLISION GATE at t=33.5s (ag=0)
[coast] !!! COLLISION GATE at t=33.5s (ag=0)
[coast] !!! COLLISION GATE at t=33.5s (ag=0)
[coast] !!! COLLISION GATE at t=33.5s (ag=0)
[coast] !!! COLLISION GATE at t=33.5s (ag=0)
[coast] !!! COLLISION GATE at t=33.5s (ag=0)
[coast] !!! COLLISION GATE at t=33.5s (ag=0)
[coast] !!! COLLISION GATE at t=33.5s (ag=0)
[coast] !!! COLLISION GATE at t=33.5s (ag=0)
[coast] !!! COLLISION GATE at t=33.5s (ag=0)
[coast] !!! COLLISION GATE at t=33.5s (ag=0)
[coast] !!! COLLISION GATE at t=33.5s (ag=0)
[coast] !!! COLLISION GATE at t=33.5s (ag=0)
[coast] !!! COLLISION GATE at t=33.5s (ag=0)
[coast] !!! COLLISION GATE at t=33.6s (ag=0)
[coast] !!! COLLISION GATE at t=33.6s (ag=0)
[coast] !!! COLLISION GATE at t=33.6s (ag=0)
[coast] !!! COLLISION GATE at t=33.6s (ag=0)
[coast] !!! COLLISION GATE at t=33.6s (ag=0)
[coast] !!! COLLISION GATE at t=33.6s (ag=0)
[coast] !!! COLLISION GATE at t=33.6s (ag=0)
[coast] !!! COLLISION GATE at t=33.6s (ag=0)
[coast] !!! COLLISION GATE at t=33.6s (ag=0)
[coast] !!! COLLISION GATE at t=33.6s (ag=0)
[coast] !!! COLLISION GATE at t=33.6s (ag=0)
[coast] !!! COLLISION GATE at t=33.6s (ag=0)
[coast] !!! COLLISION GATE at t=33.6s (ag=0)
[coast] !!! COLLISION GATE at t=33.6s (ag=0)
[coast] !!! COLLISION GATE at t=33.6s (ag=0)
[coast] !!! COLLISION GATE at t=33.7s (ag=0)
[coast] !!! COLLISION GATE at t=33.7s (ag=0)
[coast] !!! COLLISION GATE at t=33.7s (ag=0)
[coast] !!! COLLISION GATE at t=33.7s (ag=0)
[coast] !!! COLLISION GATE at t=33.7s (ag=0)
[coast] !!! COLLISION GATE at t=33.7s (ag=0)
[coast] !!! COLLISION GATE at t=33.7s (ag=0)
[coast] !!! COLLISION GATE at t=33.7s (ag=0)
[coast] !!! COLLISION GATE at t=33.7s (ag=0)
[tube] seg5/bank0 ag=0 thr=0.280 LADDER leg0 --0.0050 VERT trim=-0.0000(coasting 18.4s) | [steer ] RAIL[NO-LOCK] found=0 rms=0.00px rows=0 sep=0.000 u=+0.000 vconv=+0.000 | GATE u=-0.227 v=+0.978 sz=0.030 -> +0.0deg x1.00 | uLat=+0.000 desR=+0.0(ff+0.0+0.0) estR=-19.7 estP=-4.3 |a|=1.00g dimu=4188 loop=94Hz det=94Hz[coast] !!! COLLISION GATE at t=33.7s (ag=0)

[coast] !!! COLLISION GATE at t=33.7s (ag=0)
[coast] !!! COLLISION GATE at t=33.7s (ag=0)
[coast] !!! COLLISION GATE at t=33.7s (ag=0)
[coast] !!! COLLISION GATE at t=33.7s (ag=0)
[coast] !!! COLLISION GATE at t=33.7s (ag=0)
[coast] !!! COLLISION GATE at t=33.8s (ag=0)
[coast] !!! COLLISION GATE at t=33.8s (ag=0)
[coast] !!! COLLISION GATE at t=33.8s (ag=0)
[coast] !!! COLLISION GATE at t=33.8s (ag=0)
[coast] !!! COLLISION GATE at t=33.8s (ag=0)
[coast] !!! COLLISION GATE at t=33.8s (ag=0)
[coast] !!! COLLISION GATE at t=33.8s (ag=0)
[coast] !!! COLLISION GATE at t=33.8s (ag=0)
[coast] !!! COLLISION GATE at t=33.8s (ag=0)
[coast] !!! COLLISION GATE at t=33.8s (ag=0)
[coast] !!! COLLISION GATE at t=33.8s (ag=0)
[coast] !!! COLLISION GATE at t=33.8s (ag=0)
[coast] !!! COLLISION GATE at t=33.8s (ag=0)
[coast] !!! COLLISION GATE at t=33.8s (ag=0)
[coast] !!! COLLISION GATE at t=33.9s (ag=0)
[coast] !!! COLLISION GATE at t=33.9s (ag=0)
[coast] !!! COLLISION GATE at t=33.9s (ag=0)
[coast] !!! COLLISION GATE at t=33.9s (ag=0)
[coast] !!! COLLISION GATE at t=33.9s (ag=0)
[coast] !!! COLLISION GATE at t=33.9s (ag=0)
[coast] !!! COLLISION GATE at t=33.9s (ag=0)
[coast] !!! COLLISION GATE at t=33.9s (ag=0)
[coast] !!! COLLISION GATE at t=33.9s (ag=0)
[coast] !!! COLLISION GATE at t=33.9s (ag=0)
[coast] !!! COLLISION GATE at t=33.9s (ag=0)
[coast] !!! COLLISION GATE at t=33.9s (ag=0)
[coast] !!! COLLISION GATE at t=33.9s (ag=0)
[coast] !!! COLLISION GATE at t=33.9s (ag=0)
[coast] !!! COLLISION GATE at t=33.9s (ag=0)
[coast] !!! COLLISION GATE at t=34.0s (ag=0)
[tube] seg5/bank0 ag=0 thr=0.280 LADDER leg0 --0.0050 VERT trim=-0.0000(coasting 18.7s) | [steer ] RAIL[NO-LOCK] found=0 rms=0.00px rows=0 sep=0.000 u=+0.000 vconv=+0.000 | GATE u=-0.227 v=+0.978 sz=0.030 -> +0.0deg x1.00 | uLat=+0.000 desR=+0.0(ff+0.0+0.0) estR=-19.7 estP=-4.2 |a|=1.00g dimu=4218 loop=94Hz det=94Hz
[coast] !!! COLLISION GATE at t=34.0s (ag=0)
[coast] !!! COLLISION GATE at t=34.0s (ag=0)
[coast] !!! COLLISION GATE at t=34.0s (ag=0)
[coast] !!! COLLISION GATE at t=34.0s (ag=0)
[coast] !!! COLLISION GATE at t=34.0s (ag=0)
[coast] !!! COLLISION GATE at t=34.0s (ag=0)
[coast] !!! COLLISION GATE at t=34.0s (ag=0)
[coast] !!! COLLISION GATE at t=34.0s (ag=0)
[coast] !!! COLLISION GATE at t=34.0s (ag=0)
[coast] !!! COLLISION GATE at t=34.0s (ag=0)
[coast] !!! COLLISION GATE at t=34.0s (ag=0)
[coast] !!! COLLISION GATE at t=34.0s (ag=0)
[coast] !!! COLLISION GATE at t=34.0s (ag=0)
[coast] !!! COLLISION GATE at t=34.1s (ag=0)
[coast] !!! COLLISION GATE at t=34.1s (ag=0)
[coast] !!! COLLISION GATE at t=34.1s (ag=0)
[coast] !!! COLLISION GATE at t=34.1s (ag=0)
[coast] !!! COLLISION GATE at t=34.1s (ag=0)
[coast] !!! COLLISION GATE at t=34.1s (ag=0)
[coast] !!! COLLISION GATE at t=34.1s (ag=0)
[coast] !!! COLLISION GATE at t=34.1s (ag=0)
[coast] !!! COLLISION GATE at t=34.1s (ag=0)
[coast] !!! COLLISION GATE at t=34.1s (ag=0)
[coast] !!! COLLISION GATE at t=34.1s (ag=0)
[coast] !!! COLLISION GATE at t=34.1s (ag=0)
[coast] !!! COLLISION GATE at t=34.1s (ag=0)
[coast] !!! COLLISION GATE at t=34.1s (ag=0)
[coast] !!! COLLISION GATE at t=34.1s (ag=0)
[coast] !!! COLLISION GATE at t=34.1s (ag=0)
[coast] !!! COLLISION GATE at t=34.1s (ag=0)
[coast] !!! COLLISION GATE at t=34.2s (ag=0)
[coast] !!! COLLISION GATE at t=34.2s (ag=0)
[coast] !!! COLLISION GATE at t=34.2s (ag=0)
[coast] !!! COLLISION GATE at t=34.2s (ag=0)
[coast] !!! COLLISION GATE at t=34.2s (ag=0)
[coast] !!! COLLISION GATE at t=34.2s (ag=0)
[coast] !!! COLLISION GATE at t=34.2s (ag=0)
[coast] !!! COLLISION GATE at t=34.2s (ag=0)
[coast] !!! COLLISION GATE at t=34.2s (ag=0)
[coast] !!! COLLISION GATE at t=34.2s (ag=0)
[coast] !!! COLLISION GATE at t=34.2s (ag=0)
[tube] seg5/bank0 ag=0 thr=0.280 LADDER leg0 --0.0050 VERT trim=-0.0000(coasting 18.9s) | [steer ] RAIL[NO-LOCK] found=0 rms=0.00px rows=0 sep=0.000 u=+0.000 vconv=+0.000 | GATE u=-0.227 v=+0.977 sz=0.031 -> +0.0deg x1.00 | uLat=+0.000 desR=+0.0(ff+0.0+0.0) estR=-19.7 estP=-4.3 |a|=1.00g dimu=4247 loop=95Hz det=95Hz
[coast] !!! COLLISION GATE at t=34.2s (ag=0)
[coast] !!! COLLISION GATE at t=34.2s (ag=0)
[coast] !!! COLLISION GATE at t=34.2s (ag=0)
[coast] !!! COLLISION GATE at t=34.2s (ag=0)
[coast] !!! COLLISION GATE at t=34.3s (ag=0)
[coast] !!! COLLISION GATE at t=34.3s (ag=0)
[coast] !!! COLLISION GATE at t=34.3s (ag=0)
[coast] !!! COLLISION GATE at t=34.3s (ag=0)
[coast] !!! COLLISION GATE at t=34.3s (ag=0)
[coast] !!! COLLISION GATE at t=34.3s (ag=0)
[coast] !!! COLLISION GATE at t=34.3s (ag=0)
[coast] !!! COLLISION GATE at t=34.3s (ag=0)
[coast] !!! COLLISION GATE at t=34.3s (ag=0)
[coast] !!! COLLISION GATE at t=34.3s (ag=0)
[coast] !!! COLLISION GATE at t=34.3s (ag=0)
[coast] !!! COLLISION GATE at t=34.3s (ag=0)
[coast] !!! COLLISION GATE at t=34.3s (ag=0)
[coast] !!! COLLISION GATE at t=34.3s (ag=0)
[coast] !!! COLLISION GATE at t=34.3s (ag=0)
[coast] !!! COLLISION GATE at t=34.3s (ag=0)
[coast] !!! COLLISION GATE at t=34.3s (ag=0)
[coast] !!! COLLISION GATE at t=34.4s (ag=0)
[coast] !!! COLLISION GATE at t=34.4s (ag=0)
[coast] !!! COLLISION GATE at t=34.4s (ag=0)
[coast] !!! COLLISION GATE at t=34.4s (ag=0)
[coast] !!! COLLISION GATE at t=34.4s (ag=0)
[coast] !!! COLLISION GATE at t=34.4s (ag=0)
[coast] !!! COLLISION GATE at t=34.4s (ag=0)
[coast] !!! COLLISION GATE at t=34.4s (ag=0)
[coast] !!! COLLISION GATE at t=34.4s (ag=0)
[coast] !!! COLLISION GATE at t=34.4s (ag=0)
[coast] !!! COLLISION GATE at t=34.4s (ag=0)
[coast] !!! COLLISION GATE at t=34.4s (ag=0)
[coast] !!! COLLISION GATE at t=34.4s (ag=0)
[coast] !!! COLLISION GATE at t=34.4s (ag=0)
[coast] !!! COLLISION GATE at t=34.5s (ag=0)
[coast] !!! COLLISION GATE at t=34.5s (ag=0)
[coast] !!! COLLISION GATE at t=34.5s (ag=0)
[coast] !!! COLLISION GATE at t=34.5s (ag=0)
[tube] seg5/bank0 ag=0 thr=0.280 LADDER leg0 --0.0050 VERT trim=-0.0000(coasting 19.2s) | [steer ] RAIL[NO-LOCK] found=0 rms=0.00px rows=0 sep=0.000 u=+0.000 vconv=+0.000 | GATE u=-0.235 v=+0.977 sz=0.030 -> +0.0deg x1.00 | uLat=+0.000 desR=+0.0(ff+0.0+0.0) estR=-19.2 estP=-3.8 |a|=1.01g dimu=4276 loop=95Hz det=95Hz
[coast] !!! COLLISION GATE at t=34.5s (ag=0)
[coast] !!! COLLISION GATE at t=34.5s (ag=0)
[coast] !!! COLLISION GATE at t=34.5s (ag=0)
[coast] !!! COLLISION GATE at t=34.5s (ag=0)
[coast] !!! COLLISION GATE at t=34.5s (ag=0)
[coast] !!! COLLISION GATE at t=34.5s (ag=0)
[coast] !!! COLLISION GATE at t=34.5s (ag=0)
[coast] !!! COLLISION GATE at t=34.5s (ag=0)
[coast] !!! COLLISION GATE at t=34.5s (ag=0)
[coast] !!! COLLISION GATE at t=34.5s (ag=0)
[coast] !!! COLLISION GATE at t=34.5s (ag=0)
[coast] !!! COLLISION GATE at t=34.6s (ag=0)
[coast] !!! COLLISION GATE at t=34.6s (ag=0)
[coast] !!! COLLISION GATE at t=34.6s (ag=0)
[coast] !!! COLLISION GATE at t=34.6s (ag=0)
[coast] !!! COLLISION GATE at t=34.6s (ag=0)
[coast] !!! COLLISION GATE at t=34.6s (ag=0)
[coast] !!! COLLISION GATE at t=34.6s (ag=0)
[coast] !!! COLLISION GATE at t=34.6s (ag=0)
[coast] !!! COLLISION GATE at t=34.6s (ag=0)
[coast] !!! COLLISION GATE at t=34.6s (ag=0)
[coast] !!! COLLISION GATE at t=34.6s (ag=0)
[coast] !!! COLLISION GATE at t=34.6s (ag=0)
[coast] !!! COLLISION GATE at t=34.6s (ag=0)
[coast] !!! COLLISION GATE at t=34.7s (ag=0)
[coast] !!! COLLISION GATE at t=34.7s (ag=0)
[coast] !!! COLLISION GATE at t=34.7s (ag=0)
[coast] !!! COLLISION GATE at t=34.7s (ag=0)
[coast] !!! COLLISION GATE at t=34.7s (ag=0)
[coast] !!! COLLISION GATE at t=34.7s (ag=0)
[coast] !!! COLLISION GATE at t=34.7s (ag=0)
[coast] !!! COLLISION GATE at t=34.7s (ag=0)
[coast] !!! COLLISION GATE at t=34.7s (ag=0)
[coast] !!! COLLISION GATE at t=34.7s (ag=0)
[coast] !!! COLLISION GATE at t=34.7s (ag=0)
[coast] !!! COLLISION GATE at t=34.7s (ag=0)
[coast] !!! COLLISION GATE at t=34.7s (ag=0)
[coast] !!! COLLISION GATE at t=34.7s (ag=0)
[tube] seg5/bank0 ag=0 thr=0.280 LADDER leg0 --0.0050 VERT trim=-0.0000(coasting 19.4s) | [steer ] RAIL[NO-LOCK] found=0 rms=0.00px rows=0 sep=0.000 u=+0.000 vconv=+0.000 | GATE u=-0.059 v=+0.939 sz=0.031 -> +0.0deg x1.00 | uLat=+0.000 desR=+0.0(ff+0.0+0.0) estR=-17.9 estP=-4.7 |a|=0.99g dimu=4306 loop=95Hz det=95Hz
[coast] !!! COLLISION GATE at t=34.7s (ag=0)
[coast] !!! COLLISION GATE at t=34.8s (ag=0)
[coast] !!! COLLISION GATE at t=34.8s (ag=0)
[coast] !!! COLLISION GATE at t=34.8s (ag=0)
[coast] !!! COLLISION GATE at t=34.8s (ag=0)
[coast] !!! COLLISION GATE at t=34.8s (ag=0)
[coast] !!! COLLISION GATE at t=34.8s (ag=0)
[coast] !!! COLLISION GATE at t=34.8s (ag=0)
[coast] !!! COLLISION GATE at t=34.8s (ag=0)
[coast] !!! COLLISION GATE at t=34.8s (ag=0)
[coast] !!! COLLISION GATE at t=34.8s (ag=0)
[coast] !!! COLLISION GATE at t=34.8s (ag=0)
[coast] !!! COLLISION GATE at t=34.8s (ag=0)
[coast] !!! COLLISION GATE at t=34.8s (ag=0)
[coast] !!! COLLISION GATE at t=34.9s (ag=0)
[coast] !!! COLLISION GATE at t=34.9s (ag=0)
[coast] !!! COLLISION GATE at t=34.9s (ag=0)
[coast] !!! COLLISION GATE at t=34.9s (ag=0)
[coast] !!! COLLISION GATE at t=34.9s (ag=0)
[coast] !!! COLLISION GATE at t=34.9s (ag=0)
[coast] !!! COLLISION GATE at t=34.9s (ag=0)
[coast] !!! COLLISION GATE at t=34.9s (ag=0)
[coast] !!! COLLISION GATE at t=34.9s (ag=0)
[coast] !!! COLLISION GATE at t=34.9s (ag=0)
[coast] !!! COLLISION GATE at t=34.9s (ag=0)
[coast] !!! COLLISION GATE at t=34.9s (ag=0)
[coast] !!! COLLISION GATE at t=35.0s (ag=0)
[coast] !!! COLLISION GATE at t=35.0s (ag=0)
[coast] !!! COLLISION GATE at t=35.0s (ag=0)
[coast] !!! COLLISION GATE at t=35.0s (ag=0)
[coast] !!! COLLISION GATE at t=35.0s (ag=0)
[coast] !!! COLLISION GATE at t=35.0s (ag=0)[tube] seg5/bank0 ag=0 thr=0.280 LADDER leg0 --0.0050 VERT trim=-0.0000(coasting 19.7s) | [steer ] RAIL[NO-LOCK] found=0 rms=0.00px rows=0 sep=0.000 u=+0.000 vconv=+0.000 | GATE u=-0.062 v=+0.941 sz=0.031 -> +0.0deg x1.00 | uLat=+0.000 desR=+0.0(ff+0.0+0.0) estR=-16.9 estP=-3.8 |a|=1.29g dimu=4335 loop=95Hz det=95Hz

[coast] !!! COLLISION GATE at t=35.0s (ag=0)
[coast] !!! COLLISION GATE at t=35.0s (ag=0)
[tube] max flight 35.0s -- stop. seg=5 ag=0
[coast] !!! COLLISION GATE at t=35.0s (ag=0)
[coast] !!! COLLISION GATE at t=35.0s (ag=0)
[coast] !!! COLLISION GATE at t=35.0s (ag=0)
[coast] !!! COLLISION GATE at t=35.0s (ag=0)
[coast] !!! COLLISION GATE at t=35.0s (ag=0)
[sched] throttle-0 + DISARM sent.
[tube] final active_gate=0  gates passed=0/6
