[STAMP] EXEC FILE = C:\Users\nohab\Desktop\AI GP\AI-GrandPrix-\tools\schedule_flier.py
[STAMP] schedule_flier.py sha=46315e331e mtime=2026-08-03T00:48:16 git=e5dfbfc
[STAMP] mode=coast-tube cruise=8.0 level_thrust=0.275 sink_slope=17.6 banks=[0..5] pulse_s=0.5 thrust_bias=0.0 flip=False
[STAMP]   seg0 SPAWN->START thr=0.275 bank=+5.0 slope=-1.3
[STAMP]   seg1 START->g1 thr=0.178 bank=+10.8 slope=+12.1
[STAMP]   seg2 g1->g2 thr=0.135 bank=-13.0 slope=+17.1
[STAMP]   seg3 g2->g3 thr=0.143 bank=+12.4 slope=+16.2
[STAMP]   seg4 g3->g4 thr=0.260 bank=-21.0 slope=+1.9
[STAMP]   seg5 g4->FINIS thr=0.263 bank=+18.4 slope=+1.5
[sched] tune overrides: {'cruise_pitch_deg': -24.0, 'ol_kp_att': 3.0}
[tube] *** --gate-vert-coast-bias -0.030 FORCED to 0.000: the altitude ladder owns the between-gate descent and a leg-independent bias on top of it double-counts. ***
[tube] cruise 8.0 m/s bias +0.000 | PITCH=PURE COAST (hold removed), THRUST=CONST 0.275 (sink-map schedule OVERRIDDEN) | LEVEL-LOCK off (--gate-vert-level-band 0) | ALTITUDE LADDER per-leg [-0.005, 0.039, 0.024, 0.033, 0.004, 0.003] anchor 0.035 @ leg2 (+17.1deg) scale 1.00 overrides {0: -0.005, 1: 0.039, 2: 0.024} (leg index = ACTIVE_GATE) | slew up 0.60/s down 0.60/s + GATE-VERT trim PER-LEG by active_gate ag0[-0.045,+0.060] ag1[-0.015,+0.100] ag2[-0.015,+0.100] ag3[-0.015,+0.100] ag4[-0.015,+0.100] ag5[-0.015,+0.100] (last entry fills any higher ag) kv=0.16 kdv=0.1 size>=0.05 dead-decay=1.5s -> bias +0.000 (= HOLD the leg baseline) + VERT COMMIT sz_f>=0.18 on ag<=0 ONLY: freeze the PD, ease the held trim to the leg baseline over tau=0.20s (reversible, not a latch). ag>0 keeps the LIVE PD so the arrest can fire (flt40 plunged at gate 2 with the commit applied everywhere), LATERAL=GATE-CENTRING(closed) k=1.0 clamp 11deg size>=0.10 -- the ONLY steering law (no rail lateral flag passed). RAIL DETECTOR ON EVERY leg (--log-tube), HALF res ~3.4 ms/frame (reuses the gate detector array; agrees with full res to 0.0002 in offset) + CLOSE-RANGE COMMIT, ag>=2 ONLY: sz_f>=0.16 slews des_roll -> 0 over tau=0.20s (reversible, not a latch). ag<2 UNTOUCHED: commit_k forced to exactly 1.0 = bit-for-bit the --gate-commit-size 0 law (flt9's; NOT flt11's, which ran the commit unscoped on ag 0-1), NO backbone flip=False | POST-GATE HOLD: hold gate-1 exit cmd for 1.5s, decay tau 0.5s, resume at size>=0.20, live-corr 30%. | LEG1 BANK +5.0deg LEFT (on ag==1, summed with centring then clamped) | LEG2 (ag==2) PRE-TURN -4.5deg RIGHT, vision clamp 9deg (TIGHTER than the global 11 -- feed-forward leads) | GATE FILTER tau=0.20s hold=0.40s fade=0.50s (shared by BOTH loops) | TUBE FILTER shares those constants (log-only) | kp_att=3.0 kd_att=0.05
[tube]   seg0 SPAWN->START slope  -1.3 d+0.0050 OVERRIDE thr 0.280       | bank    -- (backbone off)
[tube]   seg1 START->g1    slope +12.1 d-0.0390 OVERRIDE thr 0.236       | bank    -- (backbone off)
[tube]   seg2    g1->g2    slope +17.1 d-0.0240 OVERRIDE thr 0.251       | bank    -- (backbone off)
[tube]   seg3    g2->g3    slope +16.2 d-0.0332 thr 0.242       | bank    -- (backbone off)
[tube]   seg4    g3->g4    slope  +1.9 d-0.0039 thr 0.271       | bank    -- (backbone off)
[tube]   seg5    g4->FINIS slope  +1.5 d-0.0031 thr 0.272       | bank    -- (backbone off)
[sched] waiting for heartbeat ...
[sched] heartbeat sys 1
[sched] ARM sent; waiting for GO ...
[sched] GO.
[tube] per-tick log -> C:\Users\nohab\Desktop\AI GP\AI-GrandPrix-\filt_auto_198.csv
[tube] seg0 ag=0 thr=0.284 LADDER leg0 --0.0050 VERT trim=+0.0036 | [steer ] RAIL[lock-REJ] found=1 rms=3.68px rows=67 sep=0.390 u=+0.023 vconv=-0.389 | GATE u=+0.014 v=-0.022 sz=0.087 -> +0.0deg x1.00 | uLat=+0.000 desR=+0.0(ff+0.0+0.0) estR=-0.0 estP=-17.8 |a|=1.00g dimu=273 loop=0Hz det=0Hz
[tube] seg0 ag=0 thr=0.282 LADDER leg0 --0.0050 VERT trim=+0.0022 | [steer ] RAIL[lock] found=1 rms=0.41px rows=83 sep=0.459 u=+0.008 vconv=-0.353 | GATE u=+0.017 v=-0.015 sz=0.081 -> +0.0deg x1.00 | uLat=+0.000 desR=+0.0(ff+0.0+0.0) estR=-0.0 estP=-11.8 |a|=1.09g dimu=302 loop=0Hz det=0Hz
[tube] seg0 ag=0 thr=0.282 LADDER leg0 --0.0050 VERT trim=+0.0016 | [steer ] RAIL[lock] found=1 rms=0.33px rows=55 sep=0.546 u=+0.003 vconv=-0.349 | GATE u=+0.013 v=-0.019 sz=0.085 -> +0.0deg x1.00 | uLat=+0.000 desR=+0.0(ff+0.0+0.0) estR=-0.0 estP=-6.5 |a|=1.06g dimu=332 loop=0Hz det=0Hz
[tube] seg0 ag=0 thr=0.284 LADDER leg0 --0.0050 VERT trim=+0.0038 | [steer ] RAIL[NO-LOCK] found=0 rms=3.12px rows=16 sep=-0.819 u=+0.002 vconv=+0.666 | GATE u=+0.016 v=-0.020 sz=0.090 -> +0.0deg x1.00 | uLat=+0.000 desR=+0.0(ff+0.0+0.0) estR=-0.0 estP=-3.9 |a|=1.08g dimu=362 loop=0Hz det=0Hz
[tube] seg0 ag=0 thr=0.282 LADDER leg0 --0.0050 VERT trim=+0.0023 | [steer ] RAIL[NO-LOCK] found=0 rms=0.69px rows=18 sep=2.149 u=+0.002 vconv=-0.320 | GATE u=+0.016 v=-0.013 sz=0.093 -> +0.0deg x1.00 | uLat=+0.000 desR=+0.0(ff+0.0+0.0) estR=-0.0 estP=-3.0 |a|=1.07g dimu=392 loop=73Hz det=72Hz
[tube] seg0 ag=0 thr=0.278 LADDER leg0 --0.0050 VERT trim=-0.0023 | [steer ] RAIL[NO-LOCK] found=0 rms=0.00px rows=3 sep=0.000 u=+0.002 vconv=+0.000 | GATE u=+0.019 v=+0.011 sz=0.080 -> +0.0deg x1.00 | uLat=+0.000 desR=+0.0(ff+0.0+0.0) estR=-0.0 estP=-3.1 |a|=1.03g dimu=421 loop=73Hz det=72Hz
[tube] seg0 ag=0 thr=0.277 LADDER leg0 --0.0050 VERT trim=-0.0028 | [steer ] RAIL[NO-LOCK] found=0 rms=0.00px rows=0 sep=0.000 u=+0.001 vconv=+0.000 | GATE u=+0.018 v=-0.007 sz=0.096 -> +0.0deg x1.00 | uLat=+0.000 desR=+0.0(ff+0.0+0.0) estR=-0.0 estP=-3.8 |a|=1.03g dimu=450 loop=73Hz det=72Hz
[tube] seg0 ag=0 thr=0.281 LADDER leg0 --0.0050 VERT trim=+0.0006 | [steer ] RAIL[NO-LOCK] found=0 rms=0.00px rows=0 sep=0.000 u=+0.001 vconv=+0.000 | GATE u=+0.019 v=-0.002 sz=0.100 -> +0.0deg x1.00 | uLat=+0.000 desR=+0.0(ff+0.0+0.0) estR=-0.0 estP=-4.7 |a|=1.06g dimu=480 loop=73Hz det=72Hz
[tube] seg0 ag=0 thr=0.279 LADDER leg0 --0.0050 VERT trim=-0.0007 | [steer ] RAIL[NO-LOCK] found=0 rms=0.00px rows=0 sep=0.000 u=+0.000 vconv=+0.000 | GATE u=+0.018 v=-0.003 sz=0.111 -> -1.1deg x1.00 | uLat=-0.019 desR=-1.1(ff+0.0-1.1) estR=-0.2 estP=-5.5 |a|=1.04g dimu=510 loop=81Hz det=81Hz
[tube] seg0 ag=0 thr=0.273 LADDER leg0 --0.0050 VERT trim=-0.0073 | [steer ] RAIL[NO-LOCK] found=0 rms=3.52px rows=28 sep=-0.441 u=-0.059 vconv=+0.026 | GATE u=+0.020 v=+0.057 sz=0.101 -> -1.1deg x1.00 | uLat=-0.019 desR=-1.1(ff+0.0-1.1) estR=-0.5 estP=-6.8 |a|=1.01g dimu=541 loop=81Hz det=81Hz
[tube] seg0 ag=0 thr=0.253 LADDER leg0 --0.0050 VERT trim=-0.0265 | [steer ] RAIL[NO-LOCK] found=0 rms=0.00px rows=3 sep=0.000 u=-0.059 vconv=+0.000 | GATE u=+0.018 v=+0.077 sz=0.146 -> -1.2deg x1.00 | uLat=-0.020 desR=-1.2(ff+0.0-1.2) estR=-0.7 estP=-7.8 |a|=0.89g dimu=570 loop=81Hz det=81Hz
[tube] seg0 ag=0 thr=0.267 LADDER leg0 --0.0050 VERT trim=-0.0128 | [steer ] RAIL[NO-LOCK] found=0 rms=0.00px rows=0 sep=0.000 u=-0.047 vconv=+0.000 | GATE u=+0.021 v=+0.056 sz=0.169 -> -1.2deg x1.00 | uLat=-0.021 desR=-1.2(ff+0.0-1.2) estR=-0.6 estP=-9.3 |a|=0.98g dimu=600 loop=81Hz det=81Hz
[tube] seg0 ag=0 thr=0.274 LADDER leg0 --0.0050 VERT trim=-0.0060 | [steer ] RAIL[NO-LOCK] found=0 rms=0.00px rows=1 sep=0.000 u=-0.028 vconv=+0.000 | GATE u=+0.020 v=+0.044 sz=0.192 -> -1.1deg x1.00 | uLat=-0.020 desR=-1.1(ff+0.0-1.1) estR=-0.6 estP=-10.4 |a|=1.03g dimu=630 loop=70Hz det=70Hz
[tube] seg0 ag=0 thr=0.278 LADDER leg0 --0.0050 [VCOMMIT] VERT trim=-0.0019 | [steer ] RAIL[NO-LOCK] found=0 rms=0.00px rows=2 sep=0.000 u=-0.016 vconv=+0.000 | GATE u=+0.014 v=+0.023 sz=0.218 -> -1.0deg x1.00 | uLat=-0.018 desR=-1.0(ff+0.0-1.0) estR=-0.5 estP=-11.4 |a|=1.06g dimu=660 loop=70Hz det=70Hz
[tube] seg0 ag=0 thr=0.279 LADDER leg0 --0.0050 [VCOMMIT] VERT trim=-0.0006 | [steer ] RAIL[NO-LOCK] found=0 rms=29.25px rows=31 sep=-3.391 u=-0.010 vconv=+0.073 | GATE u=+0.008 v=+0.006 sz=0.254 -> -0.8deg x1.00 | uLat=-0.014 desR=-0.8(ff+0.0-0.8) estR=-0.5 estP=-12.0 |a|=1.06g dimu=690 loop=70Hz det=70Hz
[tube] seg0 ag=0 thr=0.280 LADDER leg0 --0.0050 [VCOMMIT] VERT trim=-0.0002 | [steer ] RAIL[NO-LOCK] found=0 rms=0.00px rows=0 sep=0.000 u=+0.105 vconv=+0.000 | GATE u=-0.009 v=-0.001 sz=0.346 -> -0.1deg x1.00 | uLat=-0.002 desR=-0.1(ff+0.0-0.1) estR=-0.3 estP=-12.7 |a|=1.06g dimu=721 loop=70Hz det=70Hz
[tube] >>> seg -> 1 (TIME fallback) t=4.1s
[tube] seg1/bank0 ag=0 thr=0.280 LADDER leg0 --0.0050 [VCOMMIT] VERT trim=-0.0000 | [steer ] RAIL[NO-LOCK] found=0 rms=0.00px rows=8 sep=0.000 u=+0.087 vconv=+0.000 | GATE u=-0.040 v=+0.021 sz=0.494 -> +1.2deg x1.00 | uLat=+0.021 desR=+1.2(ff+0.0+1.2) estR=+0.1 estP=-13.3 |a|=1.06g dimu=751 loop=50Hz det=50Hz
[tube] seg1/bank0 ag=0 thr=0.280 LADDER leg0 --0.0050 [VCOMMIT] VERT trim=-0.0000 | [steer ] RAIL[lock] found=1 rms=0.41px rows=20 sep=0.172 u=+0.030 vconv=-0.034 | GATE -- | uLat=+0.032 desR=+1.8(ff+0.0+1.8) estR=+0.7 estP=-13.8 |a|=1.06g dimu=782 loop=50Hz det=50Hz
[tube] seg1/bank0 ag=0 thr=0.280 LADDER leg0 --0.0050 [VCOMMIT] VERT trim=-0.0000 | [steer ] RAIL[NO-LOCK] found=0 rms=0.00px rows=9 sep=0.000 u=-0.096 vconv=+0.000 | GATE u=+0.048 v=+0.492 sz=0.102 -> -8.8deg x1.00 | uLat=-0.154 desR=-8.8(ff+0.0-8.8) estR=+0.3 estP=-14.4 |a|=1.05g dimu=811 loop=50Hz det=50Hz
[tube] seg1 ag=1 thr=0.221 LADDER leg1 -0.0390 VERT trim=-0.0150 | [steer ] RAIL[NO-LOCK] found=0 rms=0.00px rows=3 sep=0.000 u=-0.096 vconv=+0.000 | GATE u=+0.044 v=+0.527 sz=0.106 -> -0.4deg x1.00 | uLat=-0.076 desR=+4.6(ff+5.0-0.4) estR=+0.2 estP=-14.8 |a|=0.60g dimu=840 loop=50Hz det=50Hz
[tube] seg1 ag=1 thr=0.221 LADDER leg1 -0.0390 VERT trim=-0.0150 | [steer ] RAIL[NO-LOCK] found=0 rms=0.00px rows=1 sep=0.000 u=-0.066 vconv=+0.000 | GATE u=+0.047 v=+0.587 sz=0.117 -> -0.6deg x1.00 | uLat=-0.053 desR=+4.4(ff+5.0-0.6) estR=+2.5 estP=-14.9 |a|=0.81g dimu=869 loop=59Hz det=59Hz
[tube] seg1 ag=1 thr=0.221 LADDER leg1 -0.0390 VERT trim=-0.0150 | [steer ] RAIL[NO-LOCK] found=0 rms=0.00px rows=0 sep=0.000 u=-0.039 vconv=+0.000 | GATE u=+0.039 v=+0.639 sz=0.135 -> -0.6deg x1.00 | uLat=-0.045 desR=+4.4(ff+5.0-0.6) estR=+3.4 estP=-15.0 |a|=0.83g dimu=900 loop=59Hz det=59Hz
[tube] seg1 ag=1 thr=0.221 LADDER leg1 -0.0390 VERT trim=-0.0150 | [steer ] RAIL[NO-LOCK] found=0 rms=0.00px rows=0 sep=0.000 u=-0.023 vconv=+0.000 | GATE u=+0.032 v=+0.684 sz=0.149 -> -0.6deg x1.00 | uLat=-0.038 desR=+4.4(ff+5.0-0.6) estR=+3.9 estP=-15.1 |a|=0.82g dimu=930 loop=59Hz det=59Hz
[tube] seg1 ag=1 thr=0.221 LADDER leg1 -0.0390 VERT trim=-0.0150 | [steer ] RAIL[NO-LOCK] found=0 rms=0.00px rows=6 sep=0.000 u=-0.014 vconv=+0.000 | GATE u=+0.027 v=+0.719 sz=0.159 -> -0.5deg x1.00 | uLat=-0.032 desR=+4.5(ff+5.0-0.5) estR=+4.0 estP=-15.4 |a|=0.83g dimu=960 loop=59Hz det=59Hz
[tube] seg1 ag=1 thr=0.221 LADDER leg1 -0.0390 VERT trim=-0.0150 | [steer ] RAIL[NO-LOCK] found=0 rms=0.00px rows=0 sep=0.000 u=-0.008 vconv=+0.000 | GATE u=+0.019 v=+0.766 sz=0.186 -> -0.4deg x1.00 | uLat=-0.026 desR=+4.6(ff+5.0-0.4) estR=+3.7 estP=-16.1 |a|=0.83g dimu=990 loop=77Hz det=77Hz
[tube] seg1 ag=1 thr=0.221 LADDER leg1 -0.0390 VERT trim=-0.0150 | [steer ] RAIL[NO-LOCK] found=0 rms=0.00px rows=0 sep=0.000 u=-0.005 vconv=+0.000 | GATE u=+0.012 v=+0.750 sz=0.193 -> -1.0deg x1.00 | uLat=-0.017 desR=+4.0(ff+5.0-1.0) estR=+3.2 estP=-16.9 |a|=0.84g dimu=1021 loop=77Hz det=77Hz
[tube] seg1 ag=1 thr=0.221 LADDER leg1 -0.0390 VERT trim=-0.0150 | [steer ] RAIL[NO-LOCK] found=0 rms=0.00px rows=0 sep=0.000 u=-0.003 vconv=+0.000 | GATE u=-0.004 v=+0.707 sz=0.213 -> -0.4deg x1.00 | uLat=-0.006 desR=+4.6(ff+5.0-0.4) estR=+2.8 estP=-18.0 |a|=0.86g dimu=1049 loop=77Hz det=77Hz
[tube] seg1 ag=1 thr=0.221 LADDER leg1 -0.0390 VERT trim=-0.0150 | [steer ] RAIL[NO-LOCK] found=0 rms=0.00px rows=16 sep=0.000 u=+0.000 vconv=+0.000 | GATE u=-0.022 v=+0.657 sz=0.269 -> +0.5deg x1.00 | uLat=+0.009 desR=+5.5(ff+5.0+0.5) estR=+2.7 estP=-18.9 |a|=0.90g dimu=1079 loop=77Hz det=77Hz
[tube] seg1 ag=1 thr=0.221 LADDER leg1 -0.0390 VERT trim=-0.0150 | [steer ] RAIL[lock-REJ] found=1 rms=1.80px rows=22 sep=0.055 u=-0.014 vconv=+0.611 | GATE u=-0.038 v=+0.552 sz=0.355 -> +1.5deg x1.00 | uLat=+0.026 desR=+6.5(ff+5.0+1.5) estR=+3.1 estP=-19.3 |a|=0.88g dimu=1110 loop=63Hz det=63Hz
[tube] seg1 ag=1 thr=0.221 LADDER leg1 -0.0390 VERT trim=-0.0150 | [steer ] RAIL[lock-REJ] found=1 rms=0.99px rows=22 sep=0.096 u=-0.030 vconv=+0.476 | GATE -- | uLat=+0.035 desR=+2.2(ff+5.0+2.0) estR=+3.4 estP=-19.5 |a|=0.90g dimu=1139 loop=63Hz det=63Hz
[tube] seg1 ag=1 thr=0.221 LADDER leg1 -0.0390 VERT trim=-0.0150 | [steer ] RAIL[lock-REJ] found=1 rms=5.63px rows=29 sep=0.321 u=-0.077 vconv=+0.362 | GATE u=-0.130 v=+0.556 sz=0.068 -> +0.3deg x1.00 | uLat=+0.006 desR=+0.2(ff+5.0+0.3) estR=+1.2 estP=-19.5 |a|=0.90g dimu=1169 loop=63Hz det=63Hz
[tube] >>> seg -> 2 (active_gate) t=8.0s
[tube] seg2 ag=2 thr=0.229 LADDER leg2 -0.0240 VERT trim=-0.0150 | [steer ] RAIL[NO-LOCK] found=0 rms=5.80px rows=46 sep=0.028 u=-0.077 vconv=-0.400 | GATE u=-0.124 v=+0.518 sz=0.068 -> -0.6deg x1.00 | uLat=+0.093 desR=-5.1(ff-4.5-0.6) estR=+0.1 estP=-19.5 |a|=0.91g dimu=1200 loop=63Hz det=63Hz
[tube] seg2 ag=2 thr=0.336 LADDER leg2 -0.0240 VERT trim=-0.0150 | [steer ] RAIL[NO-LOCK] found=0 rms=0.79px rows=66 sep=-0.047 u=-0.077 vconv=+0.544 | GATE u=-0.121 v=+0.486 sz=0.073 -> -0.4deg x1.00 | uLat=+0.113 desR=-4.9(ff-4.5-0.4) estR=-2.5 estP=-19.1 |a|=1.57g dimu=1230 loop=50Hz det=50Hz
[tube] seg2 ag=2 thr=0.317 LADDER leg2 -0.0240 VERT trim=-0.0150 | [steer ] RAIL[lock-REJ] found=1 rms=5.36px rows=56 sep=0.084 u=-0.092 vconv=-0.389 | GATE u=-0.091 v=+0.496 sz=0.057 -> -0.2deg x1.00 | uLat=+0.106 desR=-4.7(ff-4.5-0.2) estR=-3.8 estP=-19.1 |a|=1.36g dimu=1261 loop=50Hz det=50Hz
[tube] seg2 ag=2 thr=0.298 LADDER leg2 -0.0240 VERT trim=-0.0150 | [steer ] RAIL[NO-LOCK] found=0 rms=6.10px rows=46 sep=0.096 u=-0.103 vconv=-0.400 | GATE u=-0.107 v=+0.496 sz=0.072 -> -0.1deg x1.00 | uLat=+0.095 desR=-4.6(ff-4.5-0.1) estR=-4.3 estP=-19.1 |a|=1.19g dimu=1291 loop=50Hz det=50Hz
[tube] seg2 ag=2 thr=0.279 LADDER leg2 -0.0240 VERT trim=-0.0150 | [steer ] RAIL[NO-LOCK] found=0 rms=7.95px rows=55 sep=0.073 u=-0.102 vconv=-0.400 | GATE u=-0.098 v=+0.487 sz=0.086 -> -0.1deg x1.00 | uLat=+0.098 desR=-4.6(ff-4.5-0.1) estR=-3.7 estP=-18.3 |a|=1.10g dimu=1320 loop=50Hz det=50Hz
[tube] seg2 ag=2 thr=0.259 LADDER leg2 -0.0240 VERT trim=-0.0150 | [steer ] RAIL[NO-LOCK] found=0 rms=11.76px rows=63 sep=-0.028 u=-0.102 vconv=+0.834 | GATE u=-0.098 v=+0.472 sz=0.109 -> -0.0deg x1.00 | uLat=+0.101 desR=-4.5(ff-4.5-0.0) estR=-3.1 estP=-17.8 |a|=0.99g dimu=1350 loop=69Hz det=69Hz
[tube] seg2 ag=2 thr=0.240 LADDER leg2 -0.0240 VERT trim=-0.0150 | [steer ] RAIL[NO-LOCK] found=0 rms=23.01px rows=41 sep=0.009 u=-0.073 vconv=+0.993 | GATE u=-0.079 v=+0.485 sz=0.139 -> +0.0deg x1.00 | uLat=+0.096 desR=-4.5(ff-4.5+0.0) estR=-3.0 estP=-18.3 |a|=0.89g dimu=1379 loop=69Hz det=69Hz
[tube] seg2 ag=2 thr=0.236 LADDER leg2 -0.0240 VERT trim=-0.0150 | [steer ] RAIL[NO-LOCK] found=0 rms=0.00px rows=15 sep=0.000 u=-0.044 vconv=+0.000 | GATE u=-0.057 v=+0.500 sz=0.157 -> +0.0deg x1.00 | uLat=+0.075 desR=-4.5(ff-4.5+0.0) estR=-3.1 estP=-19.0 |a|=0.90g dimu=1408 loop=69Hz det=69Hz
[tube] seg2 ag=2 thr=0.236 LADDER leg2 -0.0240 VERT trim=-0.0150 | [steer ] RAIL[NO-LOCK] found=0 rms=0.00px rows=13 sep=0.000 u=-0.027 vconv=+0.000 | GATE u=-0.014 v=+0.501 sz=0.186 -> +0.0deg x1.00 | uLat=+0.043 desR=-4.5(ff-4.5+0.0) estR=-3.1 estP=-19.2 |a|=0.92g dimu=1437 loop=69Hz det=69Hz
[tube] seg2 ag=2 thr=0.236 LADDER leg2 -0.0240 VERT trim=-0.0150 | [steer ] RAIL[NO-LOCK] found=0 rms=0.00px rows=0 sep=0.000 u=-0.016 vconv=+0.000 | GATE u=+0.021 v=+0.488 sz=0.219 -> +0.0deg x1.00 | uLat=+0.008 desR=-4.5(ff-4.5+0.0) estR=-3.0 estP=-19.3 |a|=0.92g dimu=1468 loop=67Hz det=67Hz
[tube] seg2 ag=2 thr=0.236 LADDER leg2 -0.0240 VERT trim=-0.0150 | [steer ] RAIL[NO-LOCK] found=0 rms=0.00px rows=5 sep=0.000 u=-0.009 vconv=+0.000 | GATE u=+0.090 v=+0.454 sz=0.275 -> -2.5deg x1.00 | uLat=-0.043 desR=-7.0(ff-4.5-2.5) estR=-3.3 estP=-19.3 |a|=0.93g dimu=1499 loop=67Hz det=67Hz
[tube] seg2 ag=2 thr=0.221 LADDER leg2 -0.0240 VERT trim=-0.0150 | [steer ] RAIL[NO-LOCK] found=0 rms=0.00px rows=1 sep=0.000 u=-0.006 vconv=+0.000 | GATE u=+0.176 v=+0.368 sz=0.346 -> -6.7deg x1.00 | uLat=-0.117 desR=-11.2(ff-4.5-6.7) estR=-5.5 estP=-19.4 |a|=0.92g dimu=1529 loop=67Hz det=67Hz
[tube] seg2 ag=2 thr=0.252 LADDER leg2 -0.0240 VERT trim=+0.0158 | [steer ] RAIL[NO-LOCK] found=0 rms=3.70px rows=20 sep=-0.066 u=+0.254 vconv=+0.888 | GATE u=+0.332 v=+0.082 sz=0.496 -> -9.0deg x1.00 | uLat=-0.235 desR=-13.5(ff-4.5-9.0) estR=-7.0 estP=-19.9 |a|=0.95g dimu=1564 loop=47Hz det=47Hz
[tube] seg2 ag=2 thr=0.282 LADDER leg2 -0.0240 VERT trim=+0.0465 | [steer ] RAIL[NO-LOCK] found=0 rms=0.00px rows=0 sep=0.000 u=+0.254 vconv=+0.000 | GATE -- | uLat=-0.293 desR=-13.5(ff-4.5-9.0) estR=-6.9 estP=-18.8 |a|=1.05g dimu=1595 loop=47Hz det=47Hz
[tube] seg2 ag=2 thr=0.294 LADDER leg2 -0.0240 VERT trim=-0.0132 | [steer ] RAIL[NO-LOCK] found=0 rms=0.00px rows=7 sep=0.000 u=+0.169 vconv=+0.000 | GATE u=+0.173 v=+0.396 sz=0.046 -> -9.0deg x1.00 | uLat=-0.360 desR=-13.5(ff-4.5-9.0) estR=-9.8 estP=-18.6 |a|=1.38g dimu=1625 loop=47Hz det=47Hz
[tube] seg2 ag=2 thr=0.236 LADDER leg2 -0.0240 VERT trim=-0.0150 | [steer ] RAIL[NO-LOCK] found=0 rms=0.00px rows=2 sep=0.000 u=+0.101 vconv=+0.000 | GATE u=+0.176 v=+0.358 sz=0.055 -> -6.0deg x1.00 | uLat=-0.229 desR=-10.5(ff-4.5-6.0) estR=-10.2 estP=-18.8 |a|=0.89g dimu=1655 loop=47Hz det=47Hz
[tube] seg2 ag=2 thr=0.236 LADDER leg2 -0.0240 VERT trim=-0.0150 | [steer ] RAIL[NO-LOCK] found=0 rms=0.00px rows=3 sep=0.000 u=+0.062 vconv=+0.000 | GATE u=+0.173 v=+0.340 sz=0.059 -> -2.2deg x1.00 | uLat=-0.191 desR=-6.7(ff-4.5-2.2) estR=-5.7 estP=-19.0 |a|=0.93g dimu=1683 loop=64Hz det=64Hz
[tube] seg2 ag=2 thr=0.236 LADDER leg2 -0.0240 VERT trim=-0.0150 | [steer ] RAIL[NO-LOCK] found=0 rms=0.00px rows=1 sep=0.000 u=+0.037 vconv=+0.000 | GATE u=+0.157 v=+0.315 sz=0.061 -> -1.4deg x1.00 | uLat=-0.173 desR=-5.9(ff-4.5-1.4) estR=-2.8 estP=-19.1 |a|=0.94g dimu=1712 loop=64Hz det=64Hz
[tube] seg2 ag=2 thr=0.236 LADDER leg2 -0.0240 VERT trim=-0.0150 | [steer ] RAIL[NO-LOCK] found=0 rms=0.00px rows=1 sep=0.000 u=+0.022 vconv=+0.000 | GATE u=+0.123 v=+0.287 sz=0.061 -> -1.0deg x1.00 | uLat=-0.149 desR=-5.5(ff-4.5-1.0) estR=-1.2 estP=-19.2 |a|=0.93g dimu=1741 loop=64Hz det=64Hz
[tube] seg2 ag=2 thr=0.236 LADDER leg2 -0.0240 VERT trim=-0.0150 | [steer ] RAIL[NO-LOCK] found=0 rms=0.00px rows=10 sep=0.000 u=+0.013 vconv=+0.000 | GATE u=+0.087 v=+0.245 sz=0.071 -> -1.0deg x1.00 | uLat=-0.116 desR=-5.5(ff-4.5-1.0) estR=+0.0 estP=-19.2 |a|=0.93g dimu=1771 loop=64Hz det=64Hz
[tube] >>> seg -> 3 (TIME fallback) t=13.1s
[tube] seg3/bank2 ag=2 thr=0.236 LADDER leg2 -0.0240 VERT trim=-0.0150 | [steer ] RAIL[NO-LOCK] found=0 rms=0.00px rows=14 sep=0.000 u=+0.008 vconv=+0.000 | GATE u=+0.022 v=+0.220 sz=0.076 -> -0.9deg x1.00 | uLat=-0.070 desR=-5.4(ff-4.5-0.9) estR=+1.2 estP=-19.3 |a|=0.93g dimu=1800 loop=81Hz det=81Hz
[tube] seg3/bank2 ag=2 thr=0.236 LADDER leg2 -0.0240 VERT trim=-0.0150 | [steer ] RAIL[NO-LOCK] found=0 rms=0.39px rows=38 sep=-0.049 u=+0.000 vconv=+0.370 | GATE u=-0.088 v=+0.236 sz=0.098 -> +0.0deg x1.00 | uLat=+0.020 desR=-4.5(ff-4.5+0.0) estR=+2.6 estP=-19.4 |a|=0.93g dimu=1830 loop=81Hz det=81Hz
[tube] seg3/bank2 ag=2 thr=0.236 LADDER leg2 -0.0240 VERT trim=-0.0150 | [steer ] RAIL[NO-LOCK] found=0 rms=5.99px rows=42 sep=-0.391 u=+0.000 vconv=+0.260 | GATE u=-0.180 v=+0.267 sz=0.102 -> +0.0deg x1.00 | uLat=+0.109 desR=-4.5(ff-4.5+0.0) estR=+4.5 estP=-19.6 |a|=0.93g dimu=1859 loop=81Hz det=81Hz
[tube] seg3/bank2 ag=2 thr=0.236 LADDER leg2 -0.0240 VERT trim=-0.0150 | [steer ] RAIL[NO-LOCK] found=0 rms=0.00px rows=5 sep=0.000 u=+0.000 vconv=+0.000 | GATE u=-0.315 v=+0.345 sz=0.110 -> +0.0deg x1.00 | uLat=+0.212 desR=-4.5(ff-4.5+0.0) estR=+6.2 estP=-19.9 |a|=0.90g dimu=1888 loop=81Hz det=81Hz
[tube] seg3/bank2 ag=2 thr=0.236 LADDER leg2 -0.0240 VERT trim=-0.0150 | [steer ] RAIL[NO-LOCK] found=0 rms=0.00px rows=1 sep=0.000 u=+0.000 vconv=+0.000 | GATE u=-0.480 v=+0.503 sz=0.125 -> +0.0deg x1.00 | uLat=+0.352 desR=-4.5(ff-4.5+0.0) estR=+7.7 estP=-20.6 |a|=0.85g dimu=1919 loop=74Hz det=74Hz
[coast] !!! COLLISION ENV/ground at t=14.5s (ag=2)
[tube] seg3/bank2 ag=2 thr=0.236 LADDER leg2 -0.0240 VERT trim=-0.0150 | [steer ] RAIL[NO-LOCK] found=0 rms=0.00px rows=0 sep=0.000 u=+0.000 vconv=+0.000 | GATE -- | uLat=+0.566 desR=-4.5(ff-4.5+0.0) estR=+1.9 estP=-20.6 |a|=0.80g dimu=1948 loop=74Hz det=74Hz
[coast] !!! COLLISION ENV/ground at t=14.5s (ag=2)
[tube] seg3/bank2 ag=2 thr=0.236 LADDER leg2 -0.0240 VERT trim=-0.0150 | [steer ] RAIL[NO-LOCK] found=0 rms=0.00px rows=0 sep=0.000 u=+0.000 vconv=+0.000 | GATE -- | uLat=+0.566 desR=-4.5(ff-4.5+0.0) estR=+45.7 estP=-53.1 |a|=0.43g dimu=1978 loop=74Hz det=74Hz
[tube] seg3/bank2 ag=2 thr=0.236 LADDER leg2 -0.0240 VERT trim=-0.0150 | [steer ] RAIL[NO-LOCK] found=0 rms=0.00px rows=0 sep=0.000 u=+0.000 vconv=+0.000 | GATE -- | uLat=+0.433 desR=-3.2(ff-3.2+0.0) estR=+16.3 estP=-32.9 |a|=0.97g dimu=2007 loop=74Hz det=74Hz
[coast] !!! COLLISION ENV/ground at t=15.0s (ag=2)
[coast] !!! COLLISION ENV/ground at t=15.0s (ag=2)
[tube] seg3/bank2 ag=2 thr=0.236 LADDER leg2 -0.0240 VERT trim=-0.0150 | [steer ] RAIL[NO-LOCK] found=0 rms=0.00px rows=0 sep=0.000 u=+0.000 vconv=+0.000 | GATE -- | uLat=+0.261 desR=-1.7(ff-1.7+0.0) estR=+14.7 estP=-14.3 |a|=0.31g dimu=2036 loop=104Hz det=104Hz
[coast] !!! COLLISION ENV/ground at t=15.3s (ag=2)
[coast] !!! COLLISION ENV/ground at t=15.3s (ag=2)
[coast] !!! COLLISION ENV/ground at t=15.3s (ag=2)
[coast] !!! COLLISION ENV/ground at t=15.3s (ag=2)
[coast] !!! COLLISION ENV/ground at t=15.3s (ag=2)
[coast] !!! COLLISION ENV/ground at t=15.3s (ag=2)
[coast] !!! COLLISION ENV/ground at t=15.3s (ag=2)
[coast] !!! COLLISION ENV/ground at t=15.3s (ag=2)
[coast] !!! COLLISION ENV/ground at t=15.3s (ag=2)
[coast] !!! COLLISION ENV/ground at t=15.3s (ag=2)
[coast] !!! COLLISION ENV/ground at t=15.3s (ag=2)
[coast] !!! COLLISION ENV/ground at t=15.3s (ag=2)
[coast] !!! COLLISION ENV/ground at t=15.4s (ag=2)
[coast] !!! COLLISION ENV/ground at t=15.4s (ag=2)
[coast] !!! COLLISION ENV/ground at t=15.4s (ag=2)
[coast] !!! COLLISION ENV/ground at t=15.4s (ag=2)
[coast] !!! COLLISION ENV/ground at t=15.4s (ag=2)
[coast] !!! COLLISION ENV/ground at t=15.4s (ag=2)
[coast] !!! COLLISION ENV/ground at t=15.4s (ag=2)
[coast] !!! COLLISION ENV/ground at t=15.4s (ag=2)
[coast] !!! COLLISION ENV/ground at t=15.4s (ag=2)
[coast] !!! COLLISION ENV/ground at t=15.4s (ag=2)
[coast] !!! COLLISION ENV/ground at t=15.4s (ag=2)
[coast] !!! COLLISION ENV/ground at t=15.4s (ag=2)
[coast] !!! COLLISION ENV/ground at t=15.4s (ag=2)
[coast] !!! COLLISION ENV/ground at t=15.4s (ag=2)
[coast] !!! COLLISION ENV/ground at t=15.4s (ag=2)
[coast] !!! COLLISION ENV/ground at t=15.5s (ag=2)
[coast] !!! COLLISION ENV/ground at t=15.5s (ag=2)
[coast] !!! COLLISION ENV/ground at t=15.5s (ag=2)
[coast] !!! COLLISION ENV/ground at t=15.5s (ag=2)
[coast] !!! COLLISION ENV/ground at t=15.5s (ag=2)
[coast] !!! COLLISION ENV/ground at t=15.5s (ag=2)
[coast] !!! COLLISION ENV/ground at t=15.5s (ag=2)
[coast] !!! COLLISION ENV/ground at t=15.5s (ag=2)
[coast] !!! COLLISION ENV/ground at t=15.5s (ag=2)
[coast] !!! COLLISION ENV/ground at t=15.5s (ag=2)
[tube] seg3/bank2 ag=2 thr=0.236 LADDER leg2 -0.0240 VERT trim=-0.0150 | [steer ] RAIL[NO-LOCK] found=0 rms=0.00px rows=0 sep=0.000 u=+0.000 vconv=+0.000 | GATE -- | uLat=+0.157 desR=-0.9(ff-0.9+0.0) estR=+69.8 estP=+43.5 |a|=1.70g dimu=2066 loop=104Hz det=104Hz
[coast] !!! COLLISION ENV/ground at t=15.5s (ag=2)
[coast] !!! COLLISION ENV/ground at t=15.5s (ag=2)
[coast] !!! COLLISION ENV/ground at t=15.5s (ag=2)
[coast] !!! COLLISION ENV/ground at t=15.5s (ag=2)
[coast] !!! COLLISION ENV/ground at t=15.5s (ag=2)
[coast] !!! COLLISION ENV/ground at t=15.6s (ag=2)
[coast] !!! COLLISION ENV/ground at t=15.6s (ag=2)
[coast] !!! COLLISION ENV/ground at t=15.6s (ag=2)
[coast] !!! COLLISION ENV/ground at t=15.6s (ag=2)
[coast] !!! COLLISION ENV/ground at t=15.6s (ag=2)
[coast] !!! COLLISION ENV/ground at t=15.6s (ag=2)
[coast] !!! COLLISION ENV/ground at t=15.6s (ag=2)
[coast] !!! COLLISION ENV/ground at t=15.6s (ag=2)
[coast] !!! COLLISION ENV/ground at t=15.6s (ag=2)
[coast] !!! COLLISION ENV/ground at t=15.6s (ag=2)
[coast] !!! COLLISION ENV/ground at t=15.6s (ag=2)
[coast] !!! COLLISION ENV/ground at t=15.6s (ag=2)
[coast] !!! COLLISION ENV/ground at t=15.6s (ag=2)
[coast] !!! COLLISION ENV/ground at t=15.6s (ag=2)
[coast] !!! COLLISION ENV/ground at t=15.6s (ag=2)
[coast] !!! COLLISION ENV/ground at t=15.7s (ag=2)
[coast] !!! COLLISION ENV/ground at t=15.7s (ag=2)
[coast] !!! COLLISION ENV/ground at t=15.7s (ag=2)
[coast] !!! COLLISION ENV/ground at t=15.7s (ag=2)
[coast] !!! COLLISION ENV/ground at t=15.7s (ag=2)
[coast] !!! COLLISION ENV/ground at t=15.7s (ag=2)
[coast] !!! COLLISION ENV/ground at t=15.7s (ag=2)
[coast] !!! COLLISION ENV/ground at t=15.7s (ag=2)
[coast] !!! COLLISION ENV/ground at t=15.7s (ag=2)
[coast] !!! COLLISION ENV/ground at t=15.7s (ag=2)
[coast] !!! COLLISION ENV/ground at t=15.7s (ag=2)
[coast] !!! COLLISION ENV/ground at t=15.7s (ag=2)
[coast] !!! COLLISION ENV/ground at t=15.7s (ag=2)
[coast] !!! COLLISION ENV/ground at t=15.7s (ag=2)
[coast] !!! COLLISION ENV/ground at t=15.7s (ag=2)
[coast] !!! COLLISION ENV/ground at t=15.8s (ag=2)
[coast] !!! COLLISION ENV/ground at t=15.8s (ag=2)
[coast] !!! COLLISION ENV/ground at t=15.8s (ag=2)
[tube] seg3/bank2 ag=2 thr=0.236 LADDER leg2 -0.0240 VERT trim=-0.0150 | [steer ] RAIL[NO-LOCK] found=0 rms=0.00px rows=0 sep=0.000 u=+0.000 vconv=+0.000 | GATE -- | uLat=+0.093 desR=-0.5(ff-0.5+0.0) estR=+98.0 estP=+112.3 |a|=1.00g dimu=2096 loop=104Hz det=104Hz[coast] !!! COLLISION ENV/ground at t=15.8s (ag=2)

[coast] !!! COLLISION ENV/ground at t=15.8s (ag=2)
[coast] !!! COLLISION ENV/ground at t=15.8s (ag=2)
[coast] !!! COLLISION ENV/ground at t=15.8s (ag=2)
[coast] !!! COLLISION ENV/ground at t=15.8s (ag=2)
[coast] !!! COLLISION ENV/ground at t=15.8s (ag=2)
[coast] !!! COLLISION ENV/ground at t=15.8s (ag=2)
[coast] !!! COLLISION ENV/ground at t=15.8s (ag=2)
[coast] !!! COLLISION ENV/ground at t=15.8s (ag=2)
[coast] !!! COLLISION ENV/ground at t=15.8s (ag=2)
[coast] !!! COLLISION ENV/ground at t=15.8s (ag=2)
[coast] !!! COLLISION ENV/ground at t=15.9s (ag=2)
[coast] !!! COLLISION ENV/ground at t=15.9s (ag=2)
[coast] !!! COLLISION ENV/ground at t=15.9s (ag=2)
[coast] !!! COLLISION ENV/ground at t=15.9s (ag=2)
[coast] !!! COLLISION ENV/ground at t=15.9s (ag=2)
[coast] !!! COLLISION ENV/ground at t=15.9s (ag=2)
[coast] !!! COLLISION ENV/ground at t=15.9s (ag=2)
[coast] !!! COLLISION ENV/ground at t=15.9s (ag=2)
[coast] !!! COLLISION ENV/ground at t=15.9s (ag=2)
[coast] !!! COLLISION ENV/ground at t=15.9s (ag=2)
[coast] !!! COLLISION ENV/ground at t=15.9s (ag=2)
[coast] !!! COLLISION ENV/ground at t=15.9s (ag=2)
[coast] !!! COLLISION ENV/ground at t=15.9s (ag=2)
[coast] !!! COLLISION ENV/ground at t=15.9s (ag=2)
[coast] !!! COLLISION ENV/ground at t=15.9s (ag=2)
[coast] !!! COLLISION ENV/ground at t=16.0s (ag=2)
[coast] !!! COLLISION ENV/ground at t=16.0s (ag=2)
[coast] !!! COLLISION ENV/ground at t=16.0s (ag=2)
[coast] !!! COLLISION ENV/ground at t=16.0s (ag=2)
[coast] !!! COLLISION ENV/ground at t=16.0s (ag=2)
[coast] !!! COLLISION ENV/ground at t=16.0s (ag=2)
[coast] !!! COLLISION ENV/ground at t=16.0s (ag=2)
[coast] !!! COLLISION ENV/ground at t=16.0s (ag=2)
[coast] !!! COLLISION ENV/ground at t=16.0s (ag=2)
[coast] !!! COLLISION ENV/ground at t=16.0s (ag=2)
[coast] !!! COLLISION ENV/ground at t=16.0s (ag=2)
[tube] seg3/bank2 ag=2 thr=0.236 LADDER leg2 -0.0240 VERT trim=-0.0150 | [steer ] RAIL[NO-LOCK] found=0 rms=0.00px rows=0 sep=0.000 u=+0.000 vconv=+0.000 | GATE -- | uLat=+0.056 desR=-0.3(ff-0.3+0.0) estR=+129.8 estP=+157.6 |a|=1.00g dimu=2125 loop=104Hz det=104Hz
[coast] !!! COLLISION ENV/ground at t=16.0s (ag=2)
[coast] !!! COLLISION ENV/ground at t=16.0s (ag=2)
[coast] !!! COLLISION ENV/ground at t=16.0s (ag=2)
[coast] !!! COLLISION ENV/ground at t=16.0s (ag=2)
[coast] !!! COLLISION ENV/ground at t=16.1s (ag=2)
[coast] !!! COLLISION ENV/ground at t=16.1s (ag=2)
[coast] !!! COLLISION ENV/ground at t=16.1s (ag=2)
[coast] !!! COLLISION ENV/ground at t=16.1s (ag=2)
[coast] !!! COLLISION ENV/ground at t=16.1s (ag=2)
[coast] !!! COLLISION ENV/ground at t=16.1s (ag=2)
[coast] !!! COLLISION ENV/ground at t=16.1s (ag=2)
[coast] !!! COLLISION ENV/ground at t=16.1s (ag=2)
[coast] !!! COLLISION ENV/ground at t=16.1s (ag=2)
[coast] !!! COLLISION ENV/ground at t=16.1s (ag=2)
[coast] !!! COLLISION ENV/ground at t=16.1s (ag=2)
[coast] !!! COLLISION ENV/ground at t=16.1s (ag=2)
[coast] !!! COLLISION ENV/ground at t=16.1s (ag=2)
[coast] !!! COLLISION ENV/ground at t=16.1s (ag=2)
[coast] !!! COLLISION ENV/ground at t=16.1s (ag=2)
[coast] !!! COLLISION ENV/ground at t=16.1s (ag=2)
[coast] !!! COLLISION ENV/ground at t=16.2s (ag=2)
[coast] !!! COLLISION ENV/ground at t=16.2s (ag=2)
[coast] !!! COLLISION ENV/ground at t=16.2s (ag=2)
[coast] !!! COLLISION ENV/ground at t=16.2s (ag=2)
[coast] !!! COLLISION ENV/ground at t=16.2s (ag=2)
[coast] !!! COLLISION ENV/ground at t=16.2s (ag=2)
[coast] !!! COLLISION ENV/ground at t=16.2s (ag=2)
[coast] !!! COLLISION ENV/ground at t=16.2s (ag=2)
[coast] !!! COLLISION ENV/ground at t=16.2s (ag=2)
[coast] !!! COLLISION ENV/ground at t=16.2s (ag=2)
[coast] !!! COLLISION ENV/ground at t=16.2s (ag=2)
[coast] !!! COLLISION ENV/ground at t=16.2s (ag=2)
[coast] !!! COLLISION ENV/ground at t=16.2s (ag=2)
[coast] !!! COLLISION ENV/ground at t=16.2s (ag=2)
[coast] !!! COLLISION ENV/ground at t=16.2s (ag=2)
[coast] !!! COLLISION ENV/ground at t=16.3s (ag=2)
[coast] !!! COLLISION ENV/ground at t=16.3s (ag=2)
[coast] !!! COLLISION ENV/ground at t=16.3s (ag=2)
[coast] !!! COLLISION ENV/ground at t=16.3s (ag=2)
[tube] seg3/bank2 ag=2 thr=0.241 LADDER leg2 -0.0240 VERT trim=-0.0100 | [steer ] RAIL[NO-LOCK] found=0 rms=0.00px rows=0 sep=0.000 u=+0.000 vconv=+0.000 | GATE -- | uLat=+0.034 desR=-0.1(ff-0.1+0.0) estR=+151.1 estP=+169.3 |a|=1.00g dimu=2155 loop=111Hz det=111Hz
[coast] !!! COLLISION ENV/ground at t=16.3s (ag=2)
[coast] !!! COLLISION ENV/ground at t=16.3s (ag=2)
[coast] !!! COLLISION ENV/ground at t=16.3s (ag=2)
[coast] !!! COLLISION ENV/ground at t=16.3s (ag=2)
[coast] !!! COLLISION ENV/ground at t=16.3s (ag=2)
[coast] !!! COLLISION ENV/ground at t=16.3s (ag=2)
[coast] !!! COLLISION ENV/ground at t=16.3s (ag=2)
[coast] !!! COLLISION ENV/ground at t=16.3s (ag=2)
[coast] !!! COLLISION ENV/ground at t=16.3s (ag=2)
[coast] !!! COLLISION ENV/ground at t=16.3s (ag=2)
[coast] !!! COLLISION ENV/ground at t=16.3s (ag=2)
[coast] !!! COLLISION ENV/ground at t=16.4s (ag=2)
[coast] !!! COLLISION ENV/ground at t=16.4s (ag=2)
[coast] !!! COLLISION ENV/ground at t=16.4s (ag=2)
[coast] !!! COLLISION ENV/ground at t=16.4s (ag=2)
[coast] !!! COLLISION ENV/ground at t=16.4s (ag=2)
[coast] !!! COLLISION ENV/ground at t=16.4s (ag=2)
[coast] !!! COLLISION ENV/ground at t=16.4s (ag=2)
[coast] !!! COLLISION ENV/ground at t=16.4s (ag=2)
[coast] !!! COLLISION ENV/ground at t=16.4s (ag=2)
[coast] !!! COLLISION ENV/ground at t=16.4s (ag=2)
[coast] !!! COLLISION ENV/ground at t=16.4s (ag=2)
[coast] !!! COLLISION ENV/ground at t=16.4s (ag=2)
[coast] !!! COLLISION ENV/ground at t=16.4s (ag=2)
[coast] !!! COLLISION ENV/ground at t=16.4s (ag=2)
[coast] !!! COLLISION ENV/ground at t=16.4s (ag=2)
[coast] !!! COLLISION ENV/ground at t=16.5s (ag=2)
[coast] !!! COLLISION ENV/ground at t=16.5s (ag=2)
[coast] !!! COLLISION ENV/ground at t=16.5s (ag=2)
[coast] !!! COLLISION ENV/ground at t=16.5s (ag=2)
[coast] !!! COLLISION ENV/ground at t=16.5s (ag=2)
[coast] !!! COLLISION ENV/ground at t=16.5s (ag=2)
[coast] !!! COLLISION ENV/ground at t=16.5s (ag=2)
[coast] !!! COLLISION ENV/ground at t=16.5s (ag=2)
[coast] !!! COLLISION ENV/ground at t=16.5s (ag=2)
[coast] !!! COLLISION ENV/ground at t=16.5s (ag=2)
[coast] !!! COLLISION ENV/ground at t=16.5s (ag=2)
[coast] !!! COLLISION ENV/ground at t=16.5s (ag=2)
[tube] seg3/bank2 ag=2 thr=0.245 LADDER leg2 -0.0240 VERT trim=-0.0060 | [steer ] RAIL[NO-LOCK] found=0 rms=0.00px rows=0 sep=0.000 u=+0.000 vconv=+0.000 | GATE -- | uLat=+0.020 desR=-0.1(ff-0.1+0.0) estR=+164.4 estP=+174.6 |a|=1.00g dimu=2185 loop=111Hz det=111Hz
[coast] !!! COLLISION ENV/ground at t=16.5s (ag=2)
[coast] !!! COLLISION ENV/ground at t=16.5s (ag=2)
[coast] !!! COLLISION ENV/ground at t=16.5s (ag=2)
[coast] !!! COLLISION ENV/ground at t=16.5s (ag=2)
[coast] !!! COLLISION ENV/ground at t=16.6s (ag=2)
[coast] !!! COLLISION ENV/ground at t=16.6s (ag=2)
[coast] !!! COLLISION ENV/ground at t=16.6s (ag=2)
[coast] !!! COLLISION ENV/ground at t=16.6s (ag=2)
[coast] !!! COLLISION ENV/ground at t=16.6s (ag=2)
[coast] !!! COLLISION ENV/ground at t=16.6s (ag=2)
[coast] !!! COLLISION ENV/ground at t=16.6s (ag=2)
[coast] !!! COLLISION ENV/ground at t=16.6s (ag=2)
[coast] !!! COLLISION ENV/ground at t=16.6s (ag=2)
[coast] !!! COLLISION ENV/ground at t=16.6s (ag=2)
[coast] !!! COLLISION ENV/ground at t=16.6s (ag=2)
[coast] !!! COLLISION ENV/ground at t=16.6s (ag=2)
[coast] !!! COLLISION ENV/ground at t=16.6s (ag=2)
[coast] !!! COLLISION ENV/ground at t=16.6s (ag=2)
[coast] !!! COLLISION ENV/ground at t=16.6s (ag=2)
[coast] !!! COLLISION ENV/ground at t=16.7s (ag=2)
[coast] !!! COLLISION ENV/ground at t=16.7s (ag=2)
[coast] !!! COLLISION ENV/ground at t=16.7s (ag=2)
[coast] !!! COLLISION ENV/ground at t=16.7s (ag=2)
[coast] !!! COLLISION ENV/ground at t=16.7s (ag=2)
[coast] !!! COLLISION ENV/ground at t=16.7s (ag=2)
[coast] !!! COLLISION ENV/ground at t=16.7s (ag=2)
[coast] !!! COLLISION ENV/ground at t=16.7s (ag=2)
[coast] !!! COLLISION ENV/ground at t=16.7s (ag=2)
[coast] !!! COLLISION ENV/ground at t=16.7s (ag=2)
[coast] !!! COLLISION ENV/ground at t=16.7s (ag=2)
[coast] !!! COLLISION ENV/ground at t=16.7s (ag=2)
[coast] !!! COLLISION ENV/ground at t=16.7s (ag=2)
[coast] !!! COLLISION ENV/ground at t=16.7s (ag=2)
[coast] !!! COLLISION ENV/ground at t=16.7s (ag=2)
[coast] !!! COLLISION ENV/ground at t=16.7s (ag=2)
[coast] !!! COLLISION ENV/ground at t=16.8s (ag=2)
[coast] !!! COLLISION ENV/ground at t=16.8s (ag=2)
[coast] !!! COLLISION ENV/ground at t=16.8s (ag=2)
[coast] !!! COLLISION ENV/ground at t=16.8s (ag=2)
[coast] !!! COLLISION ENV/ground at t=16.8s (ag=2)
[coast] !!! COLLISION ENV/ground at t=16.8s (ag=2)
[tube] seg3/bank2 ag=2 thr=0.247 LADDER leg2 -0.0240 VERT trim=-0.0036 | [steer ] RAIL[NO-LOCK] found=0 rms=0.00px rows=0 sep=0.000 u=+0.000 vconv=+0.000 | GATE -- | uLat=+0.012 desR=-0.0(ff-0.0+0.0) estR=+171.3 estP=+177.0 |a|=1.00g dimu=2215 loop=111Hz det=111Hz
[coast] !!! COLLISION ENV/ground at t=16.8s (ag=2)
[coast] !!! COLLISION ENV/ground at t=16.8s (ag=2)
[coast] !!! COLLISION ENV/ground at t=16.8s (ag=2)
[coast] !!! COLLISION ENV/ground at t=16.8s (ag=2)
[coast] !!! COLLISION ENV/ground at t=16.8s (ag=2)
[coast] !!! COLLISION ENV/ground at t=16.8s (ag=2)
[coast] !!! COLLISION ENV/ground at t=16.8s (ag=2)
[coast] !!! COLLISION ENV/ground at t=16.8s (ag=2)
[coast] !!! COLLISION ENV/ground at t=16.8s (ag=2)
[coast] !!! COLLISION ENV/ground at t=16.9s (ag=2)
[coast] !!! COLLISION ENV/ground at t=16.9s (ag=2)
[coast] !!! COLLISION ENV/ground at t=16.9s (ag=2)
[coast] !!! COLLISION ENV/ground at t=16.9s (ag=2)
[coast] !!! COLLISION ENV/ground at t=16.9s (ag=2)
[coast] !!! COLLISION ENV/ground at t=16.9s (ag=2)
[coast] !!! COLLISION ENV/ground at t=16.9s (ag=2)
[coast] !!! COLLISION ENV/ground at t=16.9s (ag=2)
[coast] !!! COLLISION ENV/ground at t=16.9s (ag=2)
[coast] !!! COLLISION ENV/ground at t=16.9s (ag=2)
[coast] !!! COLLISION ENV/ground at t=16.9s (ag=2)
[coast] !!! COLLISION ENV/ground at t=16.9s (ag=2)
[coast] !!! COLLISION ENV/ground at t=16.9s (ag=2)
[coast] !!! COLLISION ENV/ground at t=16.9s (ag=2)
[coast] !!! COLLISION ENV/ground at t=16.9s (ag=2)
[coast] !!! COLLISION ENV/ground at t=17.0s (ag=2)
[coast] !!! COLLISION ENV/ground at t=17.0s (ag=2)
[coast] !!! COLLISION ENV/ground at t=17.0s (ag=2)
[coast] !!! COLLISION ENV/ground at t=17.0s (ag=2)
[coast] !!! COLLISION ENV/ground at t=17.0s (ag=2)
[coast] !!! COLLISION ENV/ground at t=17.0s (ag=2)
[coast] !!! COLLISION ENV/ground at t=17.0s (ag=2)
[coast] !!! COLLISION ENV/ground at t=17.0s (ag=2)
[coast] !!! COLLISION ENV/ground at t=17.0s (ag=2)
[coast] !!! COLLISION ENV/ground at t=17.0s (ag=2)
[coast] !!! COLLISION ENV/ground at t=17.0s (ag=2)
[coast] !!! COLLISION ENV/ground at t=17.0s (ag=2)
[coast] !!! COLLISION ENV/ground at t=17.0s (ag=2)
[coast] !!! COLLISION ENV/ground at t=17.0s (ag=2)
[coast] !!! COLLISION ENV/ground at t=17.0s (ag=2)
[tube] seg3/bank2 ag=2 thr=0.248 LADDER leg2 -0.0240 VERT trim=-0.0029(coasting 0.2s) | [steer ] RAIL[NO-LOCK] found=0 rms=0.00px rows=0 sep=0.000 u=+0.000 vconv=+0.000 | GATE -- | uLat=+0.000 desR=-0.0(ff-0.0+0.0) estR=+175.2 estP=+178.3 |a|=1.00g dimu=2244 loop=111Hz det=111Hz
[coast] !!! COLLISION ENV/ground at t=17.0s (ag=2)
[coast] !!! COLLISION ENV/ground at t=17.1s (ag=2)
[coast] !!! COLLISION ENV/ground at t=17.1s (ag=2)
[coast] !!! COLLISION ENV/ground at t=17.1s (ag=2)
[coast] !!! COLLISION ENV/ground at t=17.1s (ag=2)
[coast] !!! COLLISION ENV/ground at t=17.1s (ag=2)
[coast] !!! COLLISION ENV/ground at t=17.1s (ag=2)
[coast] !!! COLLISION ENV/ground at t=17.1s (ag=2)
[coast] !!! COLLISION ENV/ground at t=17.1s (ag=2)
[coast] !!! COLLISION ENV/ground at t=17.1s (ag=2)
[coast] !!! COLLISION ENV/ground at t=17.1s (ag=2)
[coast] !!! COLLISION ENV/ground at t=17.1s (ag=2)
[coast] !!! COLLISION ENV/ground at t=17.1s (ag=2)
[coast] !!! COLLISION ENV/ground at t=17.1s (ag=2)
[coast] !!! COLLISION ENV/ground at t=17.1s (ag=2)
[coast] !!! COLLISION ENV/ground at t=17.1s (ag=2)
[coast] !!! COLLISION ENV/ground at t=17.2s (ag=2)
[coast] !!! COLLISION ENV/ground at t=17.2s (ag=2)
[coast] !!! COLLISION ENV/ground at t=17.2s (ag=2)
[coast] !!! COLLISION ENV/ground at t=17.2s (ag=2)
[coast] !!! COLLISION ENV/ground at t=17.2s (ag=2)
[coast] !!! COLLISION ENV/ground at t=17.2s (ag=2)
[coast] !!! COLLISION ENV/ground at t=17.2s (ag=2)
[coast] !!! COLLISION ENV/ground at t=17.2s (ag=2)
[coast] !!! COLLISION ENV/ground at t=17.2s (ag=2)
[coast] !!! COLLISION ENV/ground at t=17.2s (ag=2)
[coast] !!! COLLISION ENV/ground at t=17.2s (ag=2)
[coast] !!! COLLISION ENV/ground at t=17.2s (ag=2)
[coast] !!! COLLISION ENV/ground at t=17.2s (ag=2)
[coast] !!! COLLISION ENV/ground at t=17.2s (ag=2)
[coast] !!! COLLISION ENV/ground at t=17.2s (ag=2)
[coast] !!! COLLISION ENV/ground at t=17.3s (ag=2)
[coast] !!! COLLISION ENV/ground at t=17.3s (ag=2)
[coast] !!! COLLISION ENV/ground at t=17.3s (ag=2)
[coast] !!! COLLISION ENV/ground at t=17.3s (ag=2)
[coast] !!! COLLISION ENV/ground at t=17.3s (ag=2)
[coast] !!! COLLISION ENV/ground at t=17.3s (ag=2)
[tube] seg3/bank2 ag=2 thr=0.249 LADDER leg2 -0.0240 VERT trim=-0.0024(coasting 0.5s) | [steer ] RAIL[NO-LOCK] found=0 rms=0.00px rows=0 sep=0.000 u=+0.000 vconv=+0.000 | GATE -- | uLat=+0.000 desR=-0.0(ff-0.0+0.0) estR=+177.3 estP=+179.1 |a|=1.00g dimu=2273 loop=106Hz det=106Hz
[coast] !!! COLLISION ENV/ground at t=17.3s (ag=2)
[coast] !!! COLLISION ENV/ground at t=17.3s (ag=2)
[coast] !!! COLLISION ENV/ground at t=17.3s (ag=2)
[coast] !!! COLLISION ENV/ground at t=17.3s (ag=2)
[coast] !!! COLLISION ENV/ground at t=17.3s (ag=2)
[coast] !!! COLLISION ENV/ground at t=17.3s (ag=2)
[coast] !!! COLLISION ENV/ground at t=17.3s (ag=2)
[coast] !!! COLLISION ENV/ground at t=17.3s (ag=2)
[coast] !!! COLLISION ENV/ground at t=17.3s (ag=2)
[coast] !!! COLLISION ENV/ground at t=17.4s (ag=2)
[coast] !!! COLLISION ENV/ground at t=17.4s (ag=2)
[coast] !!! COLLISION ENV/ground at t=17.4s (ag=2)
[coast] !!! COLLISION ENV/ground at t=17.4s (ag=2)
[coast] !!! COLLISION ENV/ground at t=17.4s (ag=2)
[coast] !!! COLLISION ENV/ground at t=17.4s (ag=2)
[coast] !!! COLLISION ENV/ground at t=17.4s (ag=2)
[coast] !!! COLLISION ENV/ground at t=17.4s (ag=2)
[coast] !!! COLLISION ENV/ground at t=17.4s (ag=2)
[coast] !!! COLLISION ENV/ground at t=17.4s (ag=2)
[coast] !!! COLLISION ENV/ground at t=17.4s (ag=2)
[coast] !!! COLLISION ENV/ground at t=17.4s (ag=2)
[coast] !!! COLLISION ENV/ground at t=17.4s (ag=2)
[coast] !!! COLLISION ENV/ground at t=17.4s (ag=2)
[coast] !!! COLLISION ENV/ground at t=17.4s (ag=2)
[coast] !!! COLLISION ENV/ground at t=17.5s (ag=2)
[coast] !!! COLLISION ENV/ground at t=17.5s (ag=2)
[coast] !!! COLLISION ENV/ground at t=17.5s (ag=2)
[coast] !!! COLLISION ENV/ground at t=17.5s (ag=2)
[coast] !!! COLLISION ENV/ground at t=17.5s (ag=2)
[coast] !!! COLLISION ENV/ground at t=17.5s (ag=2)
[coast] !!! COLLISION ENV/ground at t=17.5s (ag=2)
[coast] !!! COLLISION ENV/ground at t=17.5s (ag=2)
[coast] !!! COLLISION ENV/ground at t=17.5s (ag=2)
[coast] !!! COLLISION ENV/ground at t=17.5s (ag=2)
[coast] !!! COLLISION ENV/ground at t=17.5s (ag=2)
[coast] !!! COLLISION ENV/ground at t=17.5s (ag=2)
[tube] seg3/bank2 ag=2 thr=0.249 LADDER leg2 -0.0240 VERT trim=-0.0021(coasting 0.7s) | [steer ] RAIL[NO-LOCK] found=0 rms=0.00px rows=0 sep=0.000 u=+0.000 vconv=+0.000 | GATE -- | uLat=+0.000 desR=-0.0(ff-0.0+0.0) estR=+175.7 estP=+179.4 |a|=3.00g dimu=2302 loop=106Hz det=106Hz
[tube] seg3/bank0 ag=0 thr=0.278 LADDER leg0 --0.0050 VERT trim=-0.0017(coasting 1.0s) | [steer ] RAIL[NO-LOCK] found=0 rms=0.00px rows=0 sep=0.000 u=+0.000 vconv=+0.000 | GATE -- | uLat=+0.000 desR=+0.0(ff+0.0+0.0) estR=+142.0 estP=+177.1 |a|=1.00g dimu=2331 loop=106Hz det=106Hz
[tube] seg3/bank0 ag=0 thr=0.279 LADDER leg0 --0.0050 VERT trim=-0.0015(coasting 1.2s) | [steer ] RAIL[NO-LOCK] found=0 rms=0.00px rows=0 sep=0.000 u=+0.000 vconv=+0.000 | GATE -- | uLat=+0.000 desR=+0.0(ff+0.0+0.0) estR=+104.6 estP=+166.1 |a|=1.02g dimu=2361 loop=106Hz det=106Hz
[coast] !!! COLLISION GATE at t=18.1s (ag=0)
[coast] !!! COLLISION GATE at t=18.1s (ag=0)
[coast] !!! COLLISION GATE at t=18.3s (ag=0)
[coast] !!! COLLISION GATE at t=18.3s (ag=0)
[coast] !!! COLLISION GATE at t=18.3s (ag=0)
[coast] !!! COLLISION GATE at t=18.3s (ag=0)
[coast] !!! COLLISION GATE at t=18.3s (ag=0)
[coast] !!! COLLISION GATE at t=18.3s (ag=0)
[coast] !!! COLLISION GATE at t=18.3s (ag=0)
[coast] !!! COLLISION GATE at t=18.3s (ag=0)
[tube] seg3/bank0 ag=0 thr=0.279 LADDER leg0 --0.0050 VERT trim=-0.0012(coasting 1.5s) | [steer ] RAIL[NO-LOCK] found=0 rms=0.00px rows=0 sep=0.000 u=+0.000 vconv=+0.000 | GATE u=+0.181 v=+0.890 sz=0.022 -> +0.0deg x1.00 | uLat=+0.000 desR=+0.0(ff+0.0+0.0) estR=+77.7 estP=+19.1 |a|=0.78g dimu=2393 loop=104Hz det=104Hz
[coast] !!! COLLISION GATE at t=18.3s (ag=0)
[coast] !!! COLLISION GATE at t=18.3s (ag=0)
[coast] !!! COLLISION GATE at t=18.3s (ag=0)
[coast] !!! COLLISION GATE at t=18.4s (ag=0)
[coast] !!! COLLISION GATE at t=18.4s (ag=0)
[coast] !!! COLLISION GATE at t=18.4s (ag=0)
[coast] !!! COLLISION GATE at t=18.4s (ag=0)
[coast] !!! COLLISION GATE at t=18.4s (ag=0)
[coast] !!! COLLISION GATE at t=18.4s (ag=0)
[coast] !!! COLLISION GATE at t=18.4s (ag=0)
[coast] !!! COLLISION GATE at t=18.4s (ag=0)
[coast] !!! COLLISION GATE at t=18.4s (ag=0)
[coast] !!! COLLISION GATE at t=18.4s (ag=0)
[coast] !!! COLLISION GATE at t=18.4s (ag=0)
[coast] !!! COLLISION GATE at t=18.4s (ag=0)
[coast] !!! COLLISION GATE at t=18.4s (ag=0)
[coast] !!! COLLISION GATE at t=18.5s (ag=0)
[coast] !!! COLLISION GATE at t=18.5s (ag=0)
[coast] !!! COLLISION GATE at t=18.5s (ag=0)
[coast] !!! COLLISION GATE at t=18.5s (ag=0)
[coast] !!! COLLISION GATE at t=18.5s (ag=0)
[coast] !!! COLLISION GATE at t=18.5s (ag=0)
[coast] !!! COLLISION GATE at t=18.5s (ag=0)
[coast] !!! COLLISION GATE at t=18.5s (ag=0)
[coast] !!! COLLISION GATE at t=18.5s (ag=0)
[coast] !!! COLLISION GATE at t=18.5s (ag=0)
[coast] !!! COLLISION GATE at t=18.5s (ag=0)
[coast] !!! COLLISION GATE at t=18.5s (ag=0)
[coast] !!! COLLISION GATE at t=18.5s (ag=0)
[coast] !!! COLLISION GATE at t=18.6s (ag=0)
[coast] !!! COLLISION GATE at t=18.6s (ag=0)
[coast] !!! COLLISION GATE at t=18.6s (ag=0)
[coast] !!! COLLISION GATE at t=18.6s (ag=0)
[coast] !!! COLLISION GATE at t=18.6s (ag=0)
[coast] !!! COLLISION GATE at t=18.6s (ag=0)
[coast] !!! COLLISION GATE at t=18.6s (ag=0)
[coast] !!! COLLISION GATE at t=18.6s (ag=0)
[coast] !!! COLLISION GATE at t=18.6s (ag=0)
[coast] !!! COLLISION GATE at t=18.6s (ag=0)
[coast] !!! COLLISION GATE at t=18.6s (ag=0)
[coast] !!! COLLISION GATE at t=18.6s (ag=0)
[coast] !!! COLLISION GATE at t=18.6s (ag=0)[tube] seg3/bank0 ag=0 thr=0.279 LADDER leg0 --0.0050 VERT trim=-0.0010(coasting 1.8s) | [steer ] RAIL[NO-LOCK] found=0 rms=0.00px rows=0 sep=0.000 u=+0.000 vconv=+0.000 | GATE u=+0.379 v=+0.975 sz=0.023 -> +0.0deg x1.00 | uLat=+0.000 desR=+0.0(ff+0.0+0.0) estR=+71.0 estP=+6.9 |a|=1.23g dimu=2424 loop=104Hz det=104Hz

[coast] !!! COLLISION GATE at t=18.6s (ag=0)
[coast] !!! COLLISION GATE at t=18.6s (ag=0)
[coast] !!! COLLISION GATE at t=18.6s (ag=0)
[coast] !!! COLLISION GATE at t=18.6s (ag=0)
[coast] !!! COLLISION GATE at t=18.6s (ag=0)
[coast] !!! COLLISION GATE at t=18.6s (ag=0)
[coast] !!! COLLISION GATE at t=18.7s (ag=0)
[coast] !!! COLLISION GATE at t=18.7s (ag=0)
[coast] !!! COLLISION GATE at t=18.7s (ag=0)
[coast] !!! COLLISION GATE at t=18.7s (ag=0)
[coast] !!! COLLISION GATE at t=18.7s (ag=0)
[coast] !!! COLLISION GATE at t=18.7s (ag=0)
[coast] !!! COLLISION GATE at t=18.7s (ag=0)
[coast] !!! COLLISION GATE at t=18.7s (ag=0)
[coast] !!! COLLISION GATE at t=18.7s (ag=0)
[coast] !!! COLLISION GATE at t=18.7s (ag=0)
[coast] !!! COLLISION GATE at t=18.7s (ag=0)
[coast] !!! COLLISION GATE at t=18.7s (ag=0)
[coast] !!! COLLISION GATE at t=18.7s (ag=0)
[coast] !!! COLLISION GATE at t=18.7s (ag=0)
[coast] !!! COLLISION GATE at t=18.8s (ag=0)
[coast] !!! COLLISION GATE at t=18.8s (ag=0)
[coast] !!! COLLISION GATE at t=18.8s (ag=0)
[coast] !!! COLLISION GATE at t=18.8s (ag=0)
[coast] !!! COLLISION GATE at t=18.8s (ag=0)
[coast] !!! COLLISION GATE at t=18.8s (ag=0)
[coast] !!! COLLISION GATE at t=18.8s (ag=0)
[coast] !!! COLLISION GATE at t=18.8s (ag=0)
[coast] !!! COLLISION GATE at t=18.8s (ag=0)
[coast] !!! COLLISION GATE at t=18.8s (ag=0)
[coast] !!! COLLISION GATE at t=18.8s (ag=0)
[coast] !!! COLLISION GATE at t=18.8s (ag=0)
[coast] !!! COLLISION GATE at t=18.8s (ag=0)
[coast] !!! COLLISION GATE at t=18.8s (ag=0)
[coast] !!! COLLISION GATE at t=18.9s (ag=0)
[coast] !!! COLLISION GATE at t=18.9s (ag=0)
[tube] seg3/bank0 ag=0 thr=0.279 LADDER leg0 --0.0050 VERT trim=-0.0009(coasting 2.0s) | [steer ] RAIL[NO-LOCK] found=0 rms=11.32px rows=22 sep=0.079 u=+0.000 vconv=+0.198 | GATE -- | uLat=+0.000 desR=+0.0(ff+0.0+0.0) estR=+52.3 estP=-10.3 |a|=1.87g dimu=2453 loop=104Hz det=104Hz
[coast] !!! COLLISION GATE at t=18.9s (ag=0)
[coast] !!! COLLISION GATE at t=18.9s (ag=0)
[coast] !!! COLLISION GATE at t=18.9s (ag=0)
[coast] !!! COLLISION GATE at t=18.9s (ag=0)
[coast] !!! COLLISION GATE at t=18.9s (ag=0)
[coast] !!! COLLISION GATE at t=18.9s (ag=0)
[coast] !!! COLLISION GATE at t=18.9s (ag=0)
[coast] !!! COLLISION GATE at t=18.9s (ag=0)
[coast] !!! COLLISION GATE at t=18.9s (ag=0)
[coast] !!! COLLISION GATE at t=18.9s (ag=0)
[coast] !!! COLLISION GATE at t=18.9s (ag=0)
[coast] !!! COLLISION GATE at t=18.9s (ag=0)
[coast] !!! COLLISION GATE at t=18.9s (ag=0)
[coast] !!! COLLISION GATE at t=19.0s (ag=0)
[coast] !!! COLLISION GATE at t=19.0s (ag=0)
[coast] !!! COLLISION GATE at t=19.0s (ag=0)
[coast] !!! COLLISION GATE at t=19.0s (ag=0)
[coast] !!! COLLISION GATE at t=19.0s (ag=0)
[coast] !!! COLLISION GATE at t=19.0s (ag=0)
[coast] !!! COLLISION GATE at t=19.0s (ag=0)
[coast] !!! COLLISION GATE at t=19.0s (ag=0)
[coast] !!! COLLISION GATE at t=19.0s (ag=0)
[coast] !!! COLLISION GATE at t=19.0s (ag=0)
[coast] !!! COLLISION GATE at t=19.0s (ag=0)
[coast] !!! COLLISION GATE at t=19.0s (ag=0)
[coast] !!! COLLISION GATE at t=19.0s (ag=0)
[coast] !!! COLLISION GATE at t=19.0s (ag=0)
[coast] !!! COLLISION GATE at t=19.0s (ag=0)
[coast] !!! COLLISION GATE at t=19.1s (ag=0)
[coast] !!! COLLISION GATE at t=19.1s (ag=0)
[coast] !!! COLLISION GATE at t=19.1s (ag=0)
[coast] !!! COLLISION GATE at t=19.1s (ag=0)
[coast] !!! COLLISION GATE at t=19.1s (ag=0)
[coast] !!! COLLISION GATE at t=19.1s (ag=0)
[coast] !!! COLLISION GATE at t=19.1s (ag=0)
[coast] !!! COLLISION GATE at t=19.1s (ag=0)
[coast] !!! COLLISION GATE at t=19.1s (ag=0)
[coast] !!! COLLISION GATE at t=19.1s (ag=0)
[tube] seg3/bank0 ag=0 thr=0.279 LADDER leg0 --0.0050 VERT trim=-0.0007(coasting 2.3s) | [steer ] RAIL[lock] found=1 rms=0.48px rows=40 sep=0.159 u=+0.346 vconv=-1.150 | GATE -- | uLat=+0.000 desR=+0.0(ff+0.0+0.0) estR=+40.2 estP=+10.6 |a|=0.99g dimu=2482 loop=104Hz det=104Hz
[coast] !!! COLLISION GATE at t=19.1s (ag=0)
[coast] !!! COLLISION GATE at t=19.1s (ag=0)
[coast] !!! COLLISION GATE at t=19.1s (ag=0)
[coast] !!! COLLISION GATE at t=19.1s (ag=0)
[coast] !!! COLLISION GATE at t=19.1s (ag=0)
[coast] !!! COLLISION GATE at t=19.1s (ag=0)
[coast] !!! COLLISION GATE at t=19.2s (ag=0)
[coast] !!! COLLISION GATE at t=19.2s (ag=0)
[coast] !!! COLLISION GATE at t=19.2s (ag=0)
[coast] !!! COLLISION GATE at t=19.2s (ag=0)
[coast] !!! COLLISION GATE at t=19.2s (ag=0)
[coast] !!! COLLISION GATE at t=19.2s (ag=0)
[coast] !!! COLLISION GATE at t=19.2s (ag=0)
[coast] !!! COLLISION GATE at t=19.2s (ag=0)
[coast] !!! COLLISION GATE at t=19.2s (ag=0)
[coast] !!! COLLISION GATE at t=19.2s (ag=0)
[coast] !!! COLLISION GATE at t=19.2s (ag=0)
[coast] !!! COLLISION GATE at t=19.2s (ag=0)
[coast] !!! COLLISION GATE at t=19.2s (ag=0)
[coast] !!! COLLISION GATE at t=19.3s (ag=0)
[coast] !!! COLLISION GATE at t=19.3s (ag=0)
[coast] !!! COLLISION GATE at t=19.3s (ag=0)
[coast] !!! COLLISION GATE at t=19.3s (ag=0)
[coast] !!! COLLISION GATE at t=19.3s (ag=0)
[coast] !!! COLLISION GATE at t=19.3s (ag=0)
[coast] !!! COLLISION GATE at t=19.3s (ag=0)
[coast] !!! COLLISION GATE at t=19.3s (ag=0)
[coast] !!! COLLISION GATE at t=19.3s (ag=0)
[coast] !!! COLLISION GATE at t=19.3s (ag=0)
[coast] !!! COLLISION GATE at t=19.4s (ag=0)
[coast] !!! COLLISION GATE at t=19.4s (ag=0)
[coast] !!! COLLISION GATE at t=19.4s (ag=0)
[coast] !!! COLLISION GATE at t=19.4s (ag=0)
[coast] !!! COLLISION GATE at t=19.4s (ag=0)
[coast] !!! COLLISION GATE at t=19.4s (ag=0)
[coast] !!! COLLISION GATE at t=19.4s (ag=0)
[coast] !!! COLLISION GATE at t=19.4s (ag=0)
[coast] !!! COLLISION GATE at t=19.4s (ag=0)
[tube] seg3/bank0 ag=0 thr=0.235 LADDER leg0 --0.0050 VERT trim=-0.0450 | [steer ] RAIL[NO-LOCK] found=0 rms=0.00px rows=16 sep=0.000 u=+0.422 vconv=+0.000 | GATE u=-0.821 v=+0.805 sz=0.239 -> +11.0deg x1.00 | uLat=+0.339 desR=+11.0(ff+0.0+11.0) estR=+44.8 estP=+19.3 |a|=0.97g dimu=2515 loop=53Hz det=53Hz[coast] !!! COLLISION GATE at t=19.4s (ag=0)

[coast] !!! COLLISION GATE at t=19.4s (ag=0)
[coast] !!! COLLISION GATE at t=19.4s (ag=0)
[coast] !!! COLLISION GATE at t=19.4s (ag=0)
[coast] !!! COLLISION GATE at t=19.4s (ag=0)
[coast] !!! COLLISION GATE at t=19.4s (ag=0)
[coast] !!! COLLISION GATE at t=19.4s (ag=0)
[coast] !!! COLLISION GATE at t=19.5s (ag=0)
[coast] !!! COLLISION GATE at t=19.5s (ag=0)
[coast] !!! COLLISION GATE at t=19.5s (ag=0)
[coast] !!! COLLISION GATE at t=19.5s (ag=0)
[coast] !!! COLLISION GATE at t=19.5s (ag=0)
[coast] !!! COLLISION GATE at t=19.5s (ag=0)
[coast] !!! COLLISION GATE at t=19.5s (ag=0)
[coast] !!! COLLISION GATE at t=19.5s (ag=0)
[coast] !!! COLLISION GATE at t=19.5s (ag=0)
[coast] !!! COLLISION GATE at t=19.5s (ag=0)
[coast] !!! COLLISION GATE at t=19.5s (ag=0)
[coast] !!! COLLISION GATE at t=19.5s (ag=0)
[coast] !!! COLLISION GATE at t=19.5s (ag=0)
[coast] !!! COLLISION GATE at t=19.5s (ag=0)
[coast] !!! COLLISION GATE at t=19.6s (ag=0)
[coast] !!! COLLISION GATE at t=19.6s (ag=0)
[coast] !!! COLLISION GATE at t=19.6s (ag=0)
[coast] !!! COLLISION GATE at t=19.6s (ag=0)
[coast] !!! COLLISION GATE at t=19.6s (ag=0)
[coast] !!! COLLISION GATE at t=19.6s (ag=0)
[coast] !!! COLLISION GATE at t=19.6s (ag=0)
[coast] !!! COLLISION GATE at t=19.6s (ag=0)
[coast] !!! COLLISION GATE at t=19.6s (ag=0)
[coast] !!! COLLISION GATE at t=19.6s (ag=0)
[coast] !!! COLLISION GATE at t=19.6s (ag=0)
[coast] !!! COLLISION GATE at t=19.6s (ag=0)
[coast] !!! COLLISION GATE at t=19.6s (ag=0)
[coast] !!! COLLISION GATE at t=19.6s (ag=0)
[coast] !!! COLLISION GATE at t=19.6s (ag=0)
[coast] !!! COLLISION GATE at t=19.6s (ag=0)
[coast] !!! COLLISION GATE at t=19.6s (ag=0)
[coast] !!! COLLISION GATE at t=19.7s (ag=0)
[tube] seg3/bank0 ag=0 thr=0.235 LADDER leg0 --0.0050 VERT trim=-0.0450 | [steer ] RAIL[NO-LOCK] found=0 rms=0.00px rows=16 sep=0.000 u=+0.440 vconv=+0.000 | GATE -- | uLat=+0.339 desR=+11.0(ff+0.0+11.0) estR=+47.2 estP=+5.1 |a|=1.42g dimu=2545 loop=53Hz det=53Hz
[coast] !!! COLLISION GATE at t=19.7s (ag=0)
[coast] !!! COLLISION GATE at t=19.7s (ag=0)
[coast] !!! COLLISION GATE at t=19.7s (ag=0)
[coast] !!! COLLISION GATE at t=19.7s (ag=0)
[coast] !!! COLLISION GATE at t=19.7s (ag=0)
[coast] !!! COLLISION GATE at t=19.7s (ag=0)
[coast] !!! COLLISION GATE at t=19.7s (ag=0)
[coast] !!! COLLISION GATE at t=19.7s (ag=0)
[coast] !!! COLLISION GATE at t=19.7s (ag=0)
[coast] !!! COLLISION GATE at t=19.7s (ag=0)
[coast] !!! COLLISION GATE at t=19.7s (ag=0)
[coast] !!! COLLISION GATE at t=19.9s (ag=0)
[coast] !!! COLLISION GATE at t=19.9s (ag=0)
[coast] !!! COLLISION GATE at t=19.9s (ag=0)
[coast] !!! COLLISION GATE at t=19.9s (ag=0)
[coast] !!! COLLISION GATE at t=19.9s (ag=0)
[coast] !!! COLLISION GATE at t=19.9s (ag=0)
[coast] !!! COLLISION GATE at t=19.9s (ag=0)
[coast] !!! COLLISION GATE at t=19.9s (ag=0)
[coast] !!! COLLISION GATE at t=19.9s (ag=0)
[tube] seg3/bank0 ag=0 thr=0.235 LADDER leg0 --0.0050 VERT trim=-0.0450 | [steer ] RAIL[NO-LOCK] found=0 rms=0.00px rows=2 sep=0.000 u=+0.440 vconv=+0.000 | GATE -- | uLat=+0.267 desR=+11.0(ff+0.0+11.0) estR=+38.6 estP=+9.2 |a|=0.89g dimu=2575 loop=53Hz det=53Hz
[coast] !!! COLLISION GATE at t=19.9s (ag=0)
[coast] !!! COLLISION GATE at t=19.9s (ag=0)
[coast] !!! COLLISION GATE at t=19.9s (ag=0)
[coast] !!! COLLISION GATE at t=19.9s (ag=0)
[coast] !!! COLLISION GATE at t=20.0s (ag=0)
[tube] >>> seg -> 4 (TIME fallback) t=20.0s
[coast] !!! COLLISION GATE at t=20.0s (ag=0)
[coast] !!! COLLISION GATE at t=20.0s (ag=0)
[coast] !!! COLLISION GATE at t=20.0s (ag=0)
[coast] !!! COLLISION GATE at t=20.0s (ag=0)
[coast] !!! COLLISION GATE at t=20.0s (ag=0)
[coast] !!! COLLISION GATE at t=20.0s (ag=0)
[coast] !!! COLLISION GATE at t=20.0s (ag=0)
[coast] !!! COLLISION GATE at t=20.0s (ag=0)
[coast] !!! COLLISION GATE at t=20.0s (ag=0)
[coast] !!! COLLISION GATE at t=20.0s (ag=0)
[coast] !!! COLLISION GATE at t=20.0s (ag=0)
[coast] !!! COLLISION GATE at t=20.0s (ag=0)
[coast] !!! COLLISION GATE at t=20.0s (ag=0)
[coast] !!! COLLISION GATE at t=20.1s (ag=0)
[coast] !!! COLLISION GATE at t=20.1s (ag=0)
[coast] !!! COLLISION GATE at t=20.1s (ag=0)
[coast] !!! COLLISION GATE at t=20.1s (ag=0)
[coast] !!! COLLISION GATE at t=20.1s (ag=0)
[coast] !!! COLLISION GATE at t=20.1s (ag=0)
[coast] !!! COLLISION GATE at t=20.1s (ag=0)
[coast] !!! COLLISION GATE at t=20.1s (ag=0)
[coast] !!! COLLISION GATE at t=20.1s (ag=0)
[coast] !!! COLLISION GATE at t=20.1s (ag=0)
[coast] !!! COLLISION GATE at t=20.1s (ag=0)
[coast] !!! COLLISION GATE at t=20.1s (ag=0)
[coast] !!! COLLISION GATE at t=20.1s (ag=0)
[coast] !!! COLLISION GATE at t=20.1s (ag=0)
[coast] !!! COLLISION GATE at t=20.1s (ag=0)
[coast] !!! COLLISION GATE at t=20.2s (ag=0)
[coast] !!! COLLISION GATE at t=20.2s (ag=0)
[coast] !!! COLLISION GATE at t=20.2s (ag=0)
[coast] !!! COLLISION GATE at t=20.2s (ag=0)
[coast] !!! COLLISION GATE at t=20.2s (ag=0)
[coast] !!! COLLISION GATE at t=20.2s (ag=0)
[tube] seg4/bank0 ag=0 thr=0.235 LADDER leg0 --0.0050 VERT trim=-0.0450 | [steer ] RAIL[NO-LOCK] found=0 rms=0.00px rows=0 sep=0.000 u=+0.418 vconv=+0.000 | GATE -- | uLat=+0.157 desR=+9.0(ff+0.0+9.0) estR=+45.2 estP=+23.2 |a|=1.00g dimu=2606 loop=49Hz det=49Hz
[coast] !!! COLLISION GATE at t=20.2s (ag=0)
[coast] !!! COLLISION GATE at t=20.2s (ag=0)
[coast] !!! COLLISION GATE at t=20.2s (ag=0)
[coast] !!! COLLISION GATE at t=20.2s (ag=0)
[coast] !!! COLLISION GATE at t=20.2s (ag=0)
[coast] !!! COLLISION GATE at t=20.2s (ag=0)
[coast] !!! COLLISION GATE at t=20.2s (ag=0)
[coast] !!! COLLISION GATE at t=20.2s (ag=0)
[coast] !!! COLLISION GATE at t=20.2s (ag=0)
[coast] !!! COLLISION GATE at t=20.3s (ag=0)
[coast] !!! COLLISION GATE at t=20.3s (ag=0)
[coast] !!! COLLISION GATE at t=20.3s (ag=0)
[coast] !!! COLLISION GATE at t=20.3s (ag=0)
[coast] !!! COLLISION GATE at t=20.3s (ag=0)
[coast] !!! COLLISION GATE at t=20.3s (ag=0)
[coast] !!! COLLISION GATE at t=20.3s (ag=0)
[coast] !!! COLLISION GATE at t=20.3s (ag=0)
[coast] !!! COLLISION GATE at t=20.3s (ag=0)
[coast] !!! COLLISION GATE at t=20.3s (ag=0)
[coast] !!! COLLISION GATE at t=20.3s (ag=0)
[coast] !!! COLLISION GATE at t=20.3s (ag=0)
[coast] !!! COLLISION GATE at t=20.3s (ag=0)
[coast] !!! COLLISION GATE at t=20.3s (ag=0)
[coast] !!! COLLISION GATE at t=20.4s (ag=0)
[coast] !!! COLLISION GATE at t=20.4s (ag=0)
[coast] !!! COLLISION GATE at t=20.4s (ag=0)
[coast] !!! COLLISION GATE at t=20.4s (ag=0)
[coast] !!! COLLISION GATE at t=20.4s (ag=0)
[coast] !!! COLLISION GATE at t=20.4s (ag=0)
[coast] !!! COLLISION GATE at t=20.4s (ag=0)
[coast] !!! COLLISION GATE at t=20.4s (ag=0)
[coast] !!! COLLISION GATE at t=20.4s (ag=0)
[coast] !!! COLLISION GATE at t=20.4s (ag=0)
[coast] !!! COLLISION GATE at t=20.4s (ag=0)
[coast] !!! COLLISION GATE at t=20.4s (ag=0)
[coast] !!! COLLISION GATE at t=20.4s (ag=0)
[coast] !!! COLLISION GATE at t=20.4s (ag=0)
[coast] !!! COLLISION GATE at t=20.4s (ag=0)
[coast] !!! COLLISION GATE at t=20.4s (ag=0)
[tube] seg4/bank0 ag=0 thr=0.235 LADDER leg0 --0.0050 VERT trim=-0.0450 | [steer ] RAIL[NO-LOCK] found=0 rms=0.00px rows=0 sep=0.000 u=+0.418 vconv=+0.000 | GATE -- | uLat=+0.094 desR=+5.4(ff+0.0+5.4) estR=+60.5 estP=+54.5 |a|=1.00g dimu=2637 loop=49Hz det=49Hz
[coast] !!! COLLISION GATE at t=20.5s (ag=0)
[coast] !!! COLLISION GATE at t=20.5s (ag=0)
[coast] !!! COLLISION GATE at t=20.5s (ag=0)
[coast] !!! COLLISION GATE at t=20.5s (ag=0)
[coast] !!! COLLISION GATE at t=20.5s (ag=0)
[coast] !!! COLLISION GATE at t=20.5s (ag=0)
[coast] !!! COLLISION GATE at t=20.5s (ag=0)
[coast] !!! COLLISION GATE at t=20.5s (ag=0)
[coast] !!! COLLISION GATE at t=20.5s (ag=0)
[coast] !!! COLLISION GATE at t=20.5s (ag=0)
[coast] !!! COLLISION GATE at t=20.5s (ag=0)
[coast] !!! COLLISION GATE at t=20.5s (ag=0)
[coast] !!! COLLISION GATE at t=20.5s (ag=0)
[coast] !!! COLLISION GATE at t=20.5s (ag=0)
[coast] !!! COLLISION GATE at t=20.5s (ag=0)
[coast] !!! COLLISION GATE at t=20.6s (ag=0)
[coast] !!! COLLISION GATE at t=20.6s (ag=0)
[coast] !!! COLLISION GATE at t=20.6s (ag=0)
[coast] !!! COLLISION GATE at t=20.6s (ag=0)
[coast] !!! COLLISION GATE at t=20.6s (ag=0)
[coast] !!! COLLISION GATE at t=20.6s (ag=0)
[coast] !!! COLLISION GATE at t=20.6s (ag=0)
[coast] !!! COLLISION GATE at t=20.6s (ag=0)
[coast] !!! COLLISION GATE at t=20.6s (ag=0)
[coast] !!! COLLISION GATE at t=20.6s (ag=0)
[coast] !!! COLLISION GATE at t=20.6s (ag=0)
[coast] !!! COLLISION GATE at t=20.6s (ag=0)
[tube] seg4/bank0 ag=0 thr=0.253 LADDER leg0 --0.0050 VERT trim=-0.0270 | [steer ] RAIL[NO-LOCK] found=0 rms=0.00px rows=0 sep=0.000 u=+0.246 vconv=+0.000 | GATE -- | uLat=+0.055 desR=+3.2(ff+0.0+3.2) estR=+58.6 estP=+59.2 |a|=0.51g dimu=2666 loop=49Hz det=49Hz
[tube] seg4/bank0 ag=0 thr=0.264 LADDER leg0 --0.0050 VERT trim=-0.0163 | [steer ] RAIL[NO-LOCK] found=0 rms=0.00px rows=0 sep=0.000 u=+0.149 vconv=+0.000 | GATE -- | uLat=+0.033 desR=+1.9(ff+0.0+1.9) estR=+28.8 estP=+36.6 |a|=0.97g dimu=2696 loop=49Hz det=49Hz
[tube] seg4/bank0 ag=0 thr=0.270 LADDER leg0 --0.0050 VERT trim=-0.0098 | [steer ] RAIL[NO-LOCK] found=0 rms=0.00px rows=0 sep=0.000 u=+0.089 vconv=+0.000 | GATE -- | uLat=+0.020 desR=+1.1(ff+0.0+1.1) estR=+8.1 estP=+19.2 |a|=1.01g dimu=2725 loop=77Hz det=77Hz
[coast] !!! COLLISION GATE at t=21.3s (ag=0)
[tube] seg4/bank0 ag=0 thr=0.314 LADDER leg0 --0.0050 VERT trim=+0.0600 | [steer ] RAIL[NO-LOCK] found=0 rms=0.00px rows=0 sep=0.000 u=+0.053 vconv=+0.000 | GATE u=+0.810 v=-0.783 sz=0.288 -> -11.0deg x1.00 | uLat=-0.471 desR=-11.0(ff+0.0-11.0) estR=+4.1 estP=+11.7 |a|=1.10g dimu=2756 loop=77Hz det=77Hz
[coast] !!! COLLISION GATE at t=21.5s (ag=0)
[coast] !!! COLLISION GATE at t=21.5s (ag=0)
[coast] !!! COLLISION GATE at t=21.5s (ag=0)
[coast] !!! COLLISION GATE at t=21.5s (ag=0)
[coast] !!! COLLISION GATE at t=21.5s (ag=0)
[coast] !!! COLLISION GATE at t=21.5s (ag=0)
[coast] !!! COLLISION GATE at t=21.5s (ag=0)
[coast] !!! COLLISION GATE at t=21.5s (ag=0)
[coast] !!! COLLISION GATE at t=21.5s (ag=0)
[coast] !!! COLLISION GATE at t=21.6s (ag=0)
[coast] !!! COLLISION GATE at t=21.6s (ag=0)
[coast] !!! COLLISION GATE at t=21.6s (ag=0)
[coast] !!! COLLISION GATE at t=21.6s (ag=0)
[coast] !!! COLLISION GATE at t=21.6s (ag=0)
[coast] !!! COLLISION GATE at t=21.6s (ag=0)
[coast] !!! COLLISION GATE at t=21.6s (ag=0)
[coast] !!! COLLISION GATE at t=21.6s (ag=0)
[coast] !!! COLLISION GATE at t=21.6s (ag=0)
[coast] !!! COLLISION GATE at t=21.6s (ag=0)
[coast] !!! COLLISION GATE at t=21.6s (ag=0)
[coast] !!! COLLISION GATE at t=21.7s (ag=0)
[coast] !!! COLLISION GATE at t=21.7s (ag=0)
[coast] !!! COLLISION GATE at t=21.7s (ag=0)
[coast] !!! COLLISION GATE at t=21.7s (ag=0)
[coast] !!! COLLISION GATE at t=21.7s (ag=0)
[coast] !!! COLLISION GATE at t=21.7s (ag=0)
[coast] !!! COLLISION GATE at t=21.7s (ag=0)
[coast] !!! COLLISION GATE at t=21.7s (ag=0)
[coast] !!! COLLISION GATE at t=21.7s (ag=0)
[coast] !!! COLLISION GATE at t=21.7s (ag=0)
[coast] !!! COLLISION GATE at t=21.7s (ag=0)
[coast] !!! COLLISION GATE at t=21.7s (ag=0)
[coast] !!! COLLISION GATE at t=21.7s (ag=0)
[coast] !!! COLLISION GATE at t=21.7s (ag=0)
[coast] !!! COLLISION GATE at t=21.7s (ag=0)
[coast] !!! COLLISION GATE at t=21.7s (ag=0)
[coast] !!! COLLISION GATE at t=21.7s (ag=0)
[coast] !!! COLLISION GATE at t=21.7s (ag=0)
[coast] !!! COLLISION GATE at t=21.8s (ag=0)
[coast] !!! COLLISION GATE at t=21.8s (ag=0)
[coast] !!! COLLISION GATE at t=21.8s (ag=0)
[coast] !!! COLLISION GATE at t=21.8s (ag=0)
[coast] !!! COLLISION GATE at t=21.8s (ag=0)[tube] seg4/bank0 ag=0 thr=0.299 LADDER leg0 --0.0050 [VCOMMIT] VERT trim=+0.0189 | [steer ] RAIL[NO-LOCK] found=0 rms=0.00px rows=2 sep=0.000 u=+0.030 vconv=+0.000 | GATE u=+0.527 v=-0.657 sz=0.572 -> -11.0deg x1.00 | uLat=-0.564 desR=-11.0(ff+0.0-11.0) estR=-0.2 estP=+12.2 |a|=0.86g dimu=2790 loop=77Hz det=77Hz
[coast] !!! COLLISION GATE at t=21.8s (ag=0)

[coast] !!! COLLISION GATE at t=21.8s (ag=0)
[coast] !!! COLLISION GATE at t=21.8s (ag=0)
[coast] !!! COLLISION GATE at t=21.8s (ag=0)
[coast] !!! COLLISION GATE at t=21.8s (ag=0)
[coast] !!! COLLISION GATE at t=21.8s (ag=0)
[coast] !!! COLLISION GATE at t=21.8s (ag=0)
[coast] !!! COLLISION GATE at t=21.8s (ag=0)
[coast] !!! COLLISION GATE at t=21.8s (ag=0)
[coast] !!! COLLISION GATE at t=21.8s (ag=0)
[coast] !!! COLLISION GATE at t=21.8s (ag=0)
[coast] !!! COLLISION GATE at t=21.9s (ag=0)
[coast] !!! COLLISION GATE at t=21.9s (ag=0)
[coast] !!! COLLISION GATE at t=21.9s (ag=0)
[coast] !!! COLLISION GATE at t=21.9s (ag=0)
[coast] !!! COLLISION GATE at t=21.9s (ag=0)
[coast] !!! COLLISION GATE at t=21.9s (ag=0)
[coast] !!! COLLISION GATE at t=21.9s (ag=0)
[coast] !!! COLLISION GATE at t=21.9s (ag=0)
[coast] !!! COLLISION GATE at t=21.9s (ag=0)
[coast] !!! COLLISION GATE at t=21.9s (ag=0)
[coast] !!! COLLISION GATE at t=21.9s (ag=0)
[coast] !!! COLLISION GATE at t=21.9s (ag=0)
[coast] !!! COLLISION GATE at t=21.9s (ag=0)
[coast] !!! COLLISION GATE at t=21.9s (ag=0)
[coast] !!! COLLISION GATE at t=21.9s (ag=0)
[coast] !!! COLLISION GATE at t=21.9s (ag=0)
[coast] !!! COLLISION GATE at t=22.0s (ag=0)
[coast] !!! COLLISION GATE at t=22.0s (ag=0)
[coast] !!! COLLISION GATE at t=22.0s (ag=0)
[coast] !!! COLLISION GATE at t=22.0s (ag=0)
[coast] !!! COLLISION GATE at t=22.0s (ag=0)
[coast] !!! COLLISION GATE at t=22.0s (ag=0)
[coast] !!! COLLISION GATE at t=22.0s (ag=0)
[coast] !!! COLLISION GATE at t=22.0s (ag=0)
[coast] !!! COLLISION GATE at t=22.0s (ag=0)
[tube] seg4/bank0 ag=0 thr=0.286 LADDER leg0 --0.0050 [VCOMMIT] VERT trim=+0.0058 | [steer ] RAIL[NO-LOCK] found=0 rms=7.38px rows=37 sep=0.142 u=+0.188 vconv=+0.520 | GATE -- | uLat=-0.564 desR=-11.0(ff+0.0-11.0) estR=+18.4 estP=+12.7 |a|=1.32g dimu=2818 loop=77Hz det=77Hz
[coast] !!! COLLISION GATE at t=22.0s (ag=0)
[coast] !!! COLLISION GATE at t=22.0s (ag=0)
[coast] !!! COLLISION GATE at t=22.0s (ag=0)
[coast] !!! COLLISION GATE at t=22.0s (ag=0)
[coast] !!! COLLISION GATE at t=22.0s (ag=0)
[coast] !!! COLLISION GATE at t=22.1s (ag=0)
[coast] !!! COLLISION GATE at t=22.1s (ag=0)
[coast] !!! COLLISION GATE at t=22.1s (ag=0)
[coast] !!! COLLISION GATE at t=22.1s (ag=0)
[coast] !!! COLLISION GATE at t=22.1s (ag=0)
[coast] !!! COLLISION GATE at t=22.1s (ag=0)
[coast] !!! COLLISION GATE at t=22.1s (ag=0)
[coast] !!! COLLISION GATE at t=22.1s (ag=0)
[coast] !!! COLLISION GATE at t=22.1s (ag=0)
[coast] !!! COLLISION GATE at t=22.1s (ag=0)
[coast] !!! COLLISION GATE at t=22.1s (ag=0)
[coast] !!! COLLISION GATE at t=22.1s (ag=0)
[coast] !!! COLLISION GATE at t=22.1s (ag=0)
[coast] !!! COLLISION GATE at t=22.1s (ag=0)
[coast] !!! COLLISION GATE at t=22.1s (ag=0)
[coast] !!! COLLISION GATE at t=22.2s (ag=0)
[coast] !!! COLLISION GATE at t=22.2s (ag=0)
[coast] !!! COLLISION GATE at t=22.2s (ag=0)
[coast] !!! COLLISION GATE at t=22.2s (ag=0)
[coast] !!! COLLISION GATE at t=22.2s (ag=0)
[coast] !!! COLLISION GATE at t=22.2s (ag=0)
[coast] !!! COLLISION GATE at t=22.2s (ag=0)
[coast] !!! COLLISION GATE at t=22.2s (ag=0)
[coast] !!! COLLISION GATE at t=22.2s (ag=0)
[coast] !!! COLLISION GATE at t=22.2s (ag=0)
[coast] !!! COLLISION GATE at t=22.2s (ag=0)
[coast] !!! COLLISION GATE at t=22.2s (ag=0)
[coast] !!! COLLISION GATE at t=22.2s (ag=0)
[coast] !!! COLLISION GATE at t=22.2s (ag=0)
[coast] !!! COLLISION GATE at t=22.2s (ag=0)
[coast] !!! COLLISION GATE at t=22.2s (ag=0)
[coast] !!! COLLISION GATE at t=22.3s (ag=0)
[coast] !!! COLLISION GATE at t=22.3s (ag=0)
[coast] !!! COLLISION GATE at t=22.3s (ag=0)
[coast] !!! COLLISION GATE at t=22.3s (ag=0)
[tube] seg4/bank0 ag=0 thr=0.282 LADDER leg0 --0.0050 [VCOMMIT] VERT trim=+0.0017 | [steer ] RAIL[NO-LOCK] found=0 rms=0.00px rows=0 sep=0.000 u=+0.451 vconv=+0.000 | GATE -- | uLat=-0.450 desR=-11.0(ff+0.0-11.0) estR=-9.4 estP=+55.4 |a|=2.17g dimu=2849 loop=54Hz det=54Hz
[coast] !!! COLLISION GATE at t=22.3s (ag=0)
[coast] !!! COLLISION GATE at t=22.3s (ag=0)
[coast] !!! COLLISION GATE at t=22.3s (ag=0)
[coast] !!! COLLISION GATE at t=22.3s (ag=0)
[coast] !!! COLLISION GATE at t=22.3s (ag=0)
[coast] !!! COLLISION GATE at t=22.3s (ag=0)
[coast] !!! COLLISION GATE at t=22.3s (ag=0)
[coast] !!! COLLISION GATE at t=22.3s (ag=0)
[coast] !!! COLLISION GATE at t=22.3s (ag=0)
[coast] !!! COLLISION GATE at t=22.3s (ag=0)
[coast] !!! COLLISION GATE at t=22.3s (ag=0)
[coast] !!! COLLISION GATE at t=22.4s (ag=0)
[coast] !!! COLLISION GATE at t=22.4s (ag=0)
[coast] !!! COLLISION GATE at t=22.4s (ag=0)
[coast] !!! COLLISION GATE at t=22.4s (ag=0)
[coast] !!! COLLISION GATE at t=22.4s (ag=0)
[coast] !!! COLLISION GATE at t=22.4s (ag=0)
[coast] !!! COLLISION GATE at t=22.4s (ag=0)
[coast] !!! COLLISION GATE at t=22.4s (ag=0)
[coast] !!! COLLISION GATE at t=22.4s (ag=0)
[coast] !!! COLLISION GATE at t=22.4s (ag=0)
[coast] !!! COLLISION GATE at t=22.4s (ag=0)
[coast] !!! COLLISION GATE at t=22.4s (ag=0)
[coast] !!! COLLISION GATE at t=22.4s (ag=0)
[coast] !!! COLLISION GATE at t=22.4s (ag=0)
[coast] !!! COLLISION GATE at t=22.4s (ag=0)
[coast] !!! COLLISION GATE at t=22.4s (ag=0)
[coast] !!! COLLISION GATE at t=22.5s (ag=0)
[coast] !!! COLLISION GATE at t=22.5s (ag=0)
[coast] !!! COLLISION GATE at t=22.5s (ag=0)
[coast] !!! COLLISION GATE at t=22.5s (ag=0)
[coast] !!! COLLISION GATE at t=22.5s (ag=0)
[coast] !!! COLLISION GATE at t=22.5s (ag=0)
[coast] !!! COLLISION GATE at t=22.5s (ag=0)
[coast] !!! COLLISION GATE at t=22.5s (ag=0)
[coast] !!! COLLISION GATE at t=22.5s (ag=0)
[coast] !!! COLLISION GATE at t=22.5s (ag=0)
[coast] !!! COLLISION GATE at t=22.5s (ag=0)
[tube] seg4/bank0 ag=0 thr=0.281 LADDER leg0 --0.0050 [VCOMMIT] VERT trim=+0.0005 | [steer ] RAIL[NO-LOCK] found=0 rms=0.00px rows=0 sep=0.000 u=+0.451 vconv=+0.000 | GATE -- | uLat=-0.273 desR=-11.0(ff+0.0-11.0) estR=-9.9 estP=+63.9 |a|=1.16g dimu=2877 loop=54Hz det=54Hz
[coast] !!! COLLISION GATE at t=22.5s (ag=0)
[coast] !!! COLLISION GATE at t=22.5s (ag=0)
[coast] !!! COLLISION GATE at t=22.5s (ag=0)
[coast] !!! COLLISION GATE at t=22.5s (ag=0)
[coast] !!! COLLISION GATE at t=22.6s (ag=0)
[coast] !!! COLLISION GATE at t=22.6s (ag=0)
[coast] !!! COLLISION GATE at t=22.6s (ag=0)
[coast] !!! COLLISION GATE at t=22.6s (ag=0)
[coast] !!! COLLISION GATE at t=22.6s (ag=0)
[coast] !!! COLLISION GATE at t=22.6s (ag=0)
[coast] !!! COLLISION GATE at t=22.6s (ag=0)
[coast] !!! COLLISION GATE at t=22.6s (ag=0)
[coast] !!! COLLISION GATE at t=22.6s (ag=0)
[coast] !!! COLLISION GATE at t=22.6s (ag=0)
[coast] !!! COLLISION GATE at t=22.6s (ag=0)
[coast] !!! COLLISION GATE at t=22.6s (ag=0)
[coast] !!! COLLISION GATE at t=22.6s (ag=0)
[coast] !!! COLLISION GATE at t=22.6s (ag=0)
[coast] !!! COLLISION GATE at t=22.6s (ag=0)
[coast] !!! COLLISION GATE at t=22.7s (ag=0)
[coast] !!! COLLISION GATE at t=22.7s (ag=0)
[coast] !!! COLLISION GATE at t=22.7s (ag=0)
[coast] !!! COLLISION GATE at t=22.7s (ag=0)
[coast] !!! COLLISION GATE at t=22.7s (ag=0)
[coast] !!! COLLISION GATE at t=22.7s (ag=0)
[coast] !!! COLLISION GATE at t=22.7s (ag=0)
[coast] !!! COLLISION GATE at t=22.7s (ag=0)
[coast] !!! COLLISION GATE at t=22.7s (ag=0)
[coast] !!! COLLISION GATE at t=22.7s (ag=0)
[coast] !!! COLLISION GATE at t=22.7s (ag=0)
[coast] !!! COLLISION GATE at t=22.7s (ag=0)
[coast] !!! COLLISION GATE at t=22.7s (ag=0)
[coast] !!! COLLISION GATE at t=22.7s (ag=0)
[coast] !!! COLLISION GATE at t=22.7s (ag=0)
[coast] !!! COLLISION GATE at t=22.8s (ag=0)
[coast] !!! COLLISION GATE at t=22.8s (ag=0)
[coast] !!! COLLISION GATE at t=22.8s (ag=0)
[coast] !!! COLLISION GATE at t=22.8s (ag=0)
[coast] !!! COLLISION GATE at t=22.8s (ag=0)
[coast] !!! COLLISION GATE at t=22.8s (ag=0)
[tube] seg4/bank0 ag=0 thr=0.328 LADDER leg0 --0.0050 VERT trim=+0.0475 | [steer ] RAIL[NO-LOCK] found=0 rms=0.00px rows=7 sep=0.000 u=+0.286 vconv=+0.000 | GATE -- | uLat=-0.160 desR=-9.2(ff+0.0-9.2) estR=+22.2 estP=+67.3 |a|=1.26g dimu=2908 loop=54Hz det=54Hz
[coast] !!! COLLISION GATE at t=22.8s (ag=0)
[coast] !!! COLLISION GATE at t=22.8s (ag=0)
[coast] !!! COLLISION GATE at t=22.8s (ag=0)
[coast] !!! COLLISION GATE at t=22.8s (ag=0)
[coast] !!! COLLISION GATE at t=22.8s (ag=0)
[coast] !!! COLLISION GATE at t=22.8s (ag=0)
[coast] !!! COLLISION GATE at t=22.8s (ag=0)
[coast] !!! COLLISION GATE at t=22.8s (ag=0)
[coast] !!! COLLISION GATE at t=22.8s (ag=0)
[coast] !!! COLLISION GATE at t=22.9s (ag=0)
[coast] !!! COLLISION GATE at t=22.9s (ag=0)
[coast] !!! COLLISION GATE at t=22.9s (ag=0)
[coast] !!! COLLISION GATE at t=22.9s (ag=0)
[coast] !!! COLLISION GATE at t=22.9s (ag=0)
[coast] !!! COLLISION GATE at t=22.9s (ag=0)
[coast] !!! COLLISION GATE at t=22.9s (ag=0)
[coast] !!! COLLISION GATE at t=22.9s (ag=0)
[coast] !!! COLLISION GATE at t=22.9s (ag=0)
[coast] !!! COLLISION GATE at t=22.9s (ag=0)
[coast] !!! COLLISION GATE at t=22.9s (ag=0)
[coast] !!! COLLISION GATE at t=22.9s (ag=0)
[coast] !!! COLLISION GATE at t=22.9s (ag=0)
[coast] !!! COLLISION GATE at t=22.9s (ag=0)
[coast] !!! COLLISION GATE at t=22.9s (ag=0)
[coast] !!! COLLISION GATE at t=22.9s (ag=0)
[coast] !!! COLLISION GATE at t=23.0s (ag=0)
[coast] !!! COLLISION GATE at t=23.0s (ag=0)
[coast] !!! COLLISION GATE at t=23.0s (ag=0)
[coast] !!! COLLISION GATE at t=23.0s (ag=0)
[coast] !!! COLLISION GATE at t=23.0s (ag=0)
[coast] !!! COLLISION GATE at t=23.0s (ag=0)
[coast] !!! COLLISION GATE at t=23.0s (ag=0)
[coast] !!! COLLISION GATE at t=23.0s (ag=0)
[coast] !!! COLLISION GATE at t=23.0s (ag=0)
[coast] !!! COLLISION GATE at t=23.0s (ag=0)
[coast] !!! COLLISION GATE at t=23.0s (ag=0)
[coast] !!! COLLISION GATE at t=23.0s (ag=0)
[coast] !!! COLLISION GATE at t=23.0s (ag=0)
[coast] !!! COLLISION GATE at t=23.0s (ag=0)
[coast] !!! COLLISION GATE at t=23.0s (ag=0)
[coast] !!! COLLISION GATE at t=23.1s (ag=0)
[coast] !!! COLLISION GATE at t=23.1s (ag=0)
[tube] seg4/bank0 ag=0 thr=0.308 LADDER leg0 --0.0050 VERT trim=+0.0283 | [steer ] RAIL[NO-LOCK] found=0 rms=4.72px rows=18 sep=0.004 u=+0.170 vconv=+0.991 | GATE -- | uLat=-0.095 desR=-5.4(ff+0.0-5.4) estR=+61.4 estP=+75.0 |a|=1.02g dimu=2939 loop=54Hz det=54Hz
[coast] !!! COLLISION GATE at t=23.1s (ag=0)
[coast] !!! COLLISION GATE at t=23.1s (ag=0)
[coast] !!! COLLISION GATE at t=23.1s (ag=0)
[coast] !!! COLLISION GATE at t=23.1s (ag=0)
[coast] !!! COLLISION GATE at t=23.1s (ag=0)
[coast] !!! COLLISION GATE at t=23.1s (ag=0)
[coast] !!! COLLISION GATE at t=23.1s (ag=0)
[coast] !!! COLLISION GATE at t=23.1s (ag=0)
[coast] !!! COLLISION GATE at t=23.1s (ag=0)
[coast] !!! COLLISION GATE at t=23.1s (ag=0)
[coast] !!! COLLISION GATE at t=23.1s (ag=0)
[coast] !!! COLLISION GATE at t=23.1s (ag=0)
[coast] !!! COLLISION GATE at t=23.1s (ag=0)
[coast] !!! COLLISION GATE at t=23.1s (ag=0)
[coast] !!! COLLISION GATE at t=23.2s (ag=0)
[coast] !!! COLLISION GATE at t=23.2s (ag=0)
[coast] !!! COLLISION GATE at t=23.2s (ag=0)
[coast] !!! COLLISION GATE at t=23.2s (ag=0)
[coast] !!! COLLISION GATE at t=23.2s (ag=0)
[coast] !!! COLLISION GATE at t=23.2s (ag=0)
[coast] !!! COLLISION GATE at t=23.2s (ag=0)
[coast] !!! COLLISION GATE at t=23.2s (ag=0)
[coast] !!! COLLISION GATE at t=23.2s (ag=0)
[coast] !!! COLLISION GATE at t=23.2s (ag=0)
[coast] !!! COLLISION GATE at t=23.2s (ag=0)
[coast] !!! COLLISION GATE at t=23.2s (ag=0)
[coast] !!! COLLISION GATE at t=23.2s (ag=0)
[coast] !!! COLLISION GATE at t=23.2s (ag=0)
[coast] !!! COLLISION GATE at t=23.2s (ag=0)
[coast] !!! COLLISION GATE at t=23.2s (ag=0)
[coast] !!! COLLISION GATE at t=23.3s (ag=0)
[coast] !!! COLLISION GATE at t=23.3s (ag=0)
[coast] !!! COLLISION GATE at t=23.3s (ag=0)
[coast] !!! COLLISION GATE at t=23.3s (ag=0)
[coast] !!! COLLISION GATE at t=23.3s (ag=0)
[coast] !!! COLLISION GATE at t=23.3s (ag=0)
[coast] !!! COLLISION GATE at t=23.3s (ag=0)
[coast] !!! COLLISION GATE at t=23.3s (ag=0)
[coast] !!! COLLISION GATE at t=23.3s (ag=0)
[coast] !!! COLLISION GATE at t=23.3s (ag=0)
[coast] !!! COLLISION GATE at t=23.3s (ag=0)
[tube] seg4/bank0 ag=0 thr=0.297 LADDER leg0 --0.0050 VERT trim=+0.0166 | [steer ] RAIL[NO-LOCK] found=0 rms=0.00px rows=0 sep=0.000 u=+0.100 vconv=+0.000 | GATE -- | uLat=-0.056 desR=-3.2(ff+0.0-3.2) estR=+75.2 estP=+79.7 |a|=1.00g dimu=2970 loop=51Hz det=51Hz
[coast] !!! COLLISION GATE at t=23.3s (ag=0)
[coast] !!! COLLISION GATE at t=23.3s (ag=0)
[coast] !!! COLLISION GATE at t=23.3s (ag=0)
[coast] !!! COLLISION GATE at t=23.3s (ag=0)
[coast] !!! COLLISION GATE at t=23.4s (ag=0)
[coast] !!! COLLISION GATE at t=23.4s (ag=0)
[coast] !!! COLLISION GATE at t=23.4s (ag=0)
[coast] !!! COLLISION GATE at t=23.4s (ag=0)
[coast] !!! COLLISION GATE at t=23.4s (ag=0)
[coast] !!! COLLISION GATE at t=23.4s (ag=0)
[coast] !!! COLLISION GATE at t=23.4s (ag=0)
[coast] !!! COLLISION GATE at t=23.4s (ag=0)
[coast] !!! COLLISION GATE at t=23.4s (ag=0)
[coast] !!! COLLISION GATE at t=23.4s (ag=0)
[coast] !!! COLLISION GATE at t=23.4s (ag=0)
[coast] !!! COLLISION GATE at t=23.4s (ag=0)
[coast] !!! COLLISION GATE at t=23.4s (ag=0)
[coast] !!! COLLISION GATE at t=23.4s (ag=0)
[coast] !!! COLLISION GATE at t=23.4s (ag=0)
[coast] !!! COLLISION GATE at t=23.5s (ag=0)
[coast] !!! COLLISION GATE at t=23.5s (ag=0)
[coast] !!! COLLISION GATE at t=23.5s (ag=0)
[coast] !!! COLLISION GATE at t=23.5s (ag=0)
[coast] !!! COLLISION GATE at t=23.5s (ag=0)
[coast] !!! COLLISION GATE at t=23.5s (ag=0)
[coast] !!! COLLISION GATE at t=23.5s (ag=0)
[coast] !!! COLLISION GATE at t=23.5s (ag=0)
[coast] !!! COLLISION GATE at t=23.5s (ag=0)
[coast] !!! COLLISION GATE at t=23.5s (ag=0)
[coast] !!! COLLISION GATE at t=23.5s (ag=0)
[coast] !!! COLLISION GATE at t=23.5s (ag=0)
[coast] !!! COLLISION GATE at t=23.5s (ag=0)
[coast] !!! COLLISION GATE at t=23.5s (ag=0)
[coast] !!! COLLISION GATE at t=23.5s (ag=0)
[coast] !!! COLLISION GATE at t=23.6s (ag=0)
[coast] !!! COLLISION GATE at t=23.6s (ag=0)
[coast] !!! COLLISION GATE at t=23.6s (ag=0)
[coast] !!! COLLISION GATE at t=23.6s (ag=0)
[coast] !!! COLLISION GATE at t=23.6s (ag=0)
[coast] !!! COLLISION GATE at t=23.6s (ag=0)
[tube] seg4/bank0 ag=0 thr=0.290 LADDER leg0 --0.0050 VERT trim=+0.0098 | [steer ] RAIL[NO-LOCK] found=0 rms=0.00px rows=0 sep=0.000 u=+0.059 vconv=+0.000 | GATE -- | uLat=-0.033 desR=-1.9(ff+0.0-1.9) estR=+82.3 estP=+83.6 |a|=1.00g dimu=3000 loop=51Hz det=51Hz
[coast] !!! COLLISION GATE at t=23.6s (ag=0)
[coast] !!! COLLISION GATE at t=23.6s (ag=0)
[coast] !!! COLLISION GATE at t=23.6s (ag=0)
[coast] !!! COLLISION GATE at t=23.6s (ag=0)
[coast] !!! COLLISION GATE at t=23.6s (ag=0)
[coast] !!! COLLISION GATE at t=23.6s (ag=0)
[coast] !!! COLLISION GATE at t=23.6s (ag=0)
[coast] !!! COLLISION GATE at t=23.6s (ag=0)
[coast] !!! COLLISION GATE at t=23.6s (ag=0)
[coast] !!! COLLISION GATE at t=23.7s (ag=0)
[coast] !!! COLLISION GATE at t=23.7s (ag=0)
[coast] !!! COLLISION GATE at t=23.7s (ag=0)
[coast] !!! COLLISION GATE at t=23.7s (ag=0)
[coast] !!! COLLISION GATE at t=23.7s (ag=0)
[coast] !!! COLLISION GATE at t=23.7s (ag=0)
[coast] !!! COLLISION GATE at t=23.7s (ag=0)
[coast] !!! COLLISION GATE at t=23.7s (ag=0)
[coast] !!! COLLISION GATE at t=23.7s (ag=0)
[coast] !!! COLLISION GATE at t=23.7s (ag=0)
[coast] !!! COLLISION GATE at t=23.7s (ag=0)
[coast] !!! COLLISION GATE at t=23.7s (ag=0)
[coast] !!! COLLISION GATE at t=23.7s (ag=0)
[coast] !!! COLLISION GATE at t=23.7s (ag=0)
[coast] !!! COLLISION GATE at t=23.7s (ag=0)
[coast] !!! COLLISION GATE at t=23.8s (ag=0)
[coast] !!! COLLISION GATE at t=23.8s (ag=0)
[coast] !!! COLLISION GATE at t=23.8s (ag=0)
[coast] !!! COLLISION GATE at t=23.8s (ag=0)
[tube] seg4/bank0 ag=0 thr=0.286 LADDER leg0 --0.0050 VERT trim=+0.0059 | [steer ] RAIL[NO-LOCK] found=0 rms=0.00px rows=0 sep=0.000 u=+0.036 vconv=+0.000 | GATE -- | uLat=-0.020 desR=-1.1(ff+0.0-1.1) estR=+75.2 estP=+76.8 |a|=1.78g dimu=3027 loop=51Hz det=51Hz
[tube] seg4/bank0 ag=0 thr=0.284 LADDER leg0 --0.0050 VERT trim=+0.0035 | [steer ] RAIL[NO-LOCK] found=0 rms=0.00px rows=0 sep=0.000 u=+0.021 vconv=+0.000 | GATE -- | uLat=-0.012 desR=-0.7(ff+0.0-0.7) estR=+32.9 estP=+42.2 |a|=1.06g dimu=3057 loop=51Hz det=51Hz
[tube] >>> seg -> 5 (TIME fallback) t=24.2s
[tube] seg5/bank0 ag=0 thr=0.283 LADDER leg0 --0.0050 VERT trim=+0.0029(coasting 0.2s) | [steer ] RAIL[NO-LOCK] found=0 rms=0.00px rows=0 sep=0.000 u=+0.013 vconv=+0.000 | GATE -- | uLat=+0.000 desR=+0.0(ff+0.0+0.0) estR=+13.4 estP=+21.4 |a|=1.10g dimu=3086 loop=73Hz det=73Hz
[coast] !!! COLLISION GATE at t=24.4s (ag=0)
[coast] !!! COLLISION GATE at t=24.4s (ag=0)
[coast] !!! COLLISION GATE at t=24.5s (ag=0)
[coast] !!! COLLISION GATE at t=24.5s (ag=0)
[coast] !!! COLLISION GATE at t=24.5s (ag=0)
[coast] !!! COLLISION GATE at t=24.5s (ag=0)
[coast] !!! COLLISION GATE at t=24.5s (ag=0)
[coast] !!! COLLISION GATE at t=24.5s (ag=0)
[coast] !!! COLLISION GATE at t=24.5s (ag=0)
[coast] !!! COLLISION GATE at t=24.5s (ag=0)
[coast] !!! COLLISION GATE at t=24.6s (ag=0)
[coast] !!! COLLISION GATE at t=24.6s (ag=0)
[coast] !!! COLLISION GATE at t=24.6s (ag=0)
[coast] !!! COLLISION GATE at t=24.6s (ag=0)
[coast] !!! COLLISION GATE at t=24.6s (ag=0)
[coast] !!! COLLISION GATE at t=24.6s (ag=0)
[coast] !!! COLLISION GATE at t=24.6s (ag=0)
[coast] !!! COLLISION GATE at t=24.6s (ag=0)
[tube] seg5/bank0 ag=0 thr=0.340 LADDER leg0 --0.0050 VERT trim=+0.0600 | [steer ] RAIL[NO-LOCK] found=0 rms=0.00px rows=0 sep=0.000 u=+0.000 vconv=+0.000 | GATE u=+0.759 v=-0.817 sz=0.299 -> -11.0deg x1.00 | uLat=-0.511 desR=-11.0(ff+0.0-11.0) estR=-13.0 estP=+17.9 |a|=0.77g dimu=3118 loop=73Hz det=73Hz[coast] !!! COLLISION GATE at t=24.6s (ag=0)

[coast] !!! COLLISION GATE at t=24.6s (ag=0)
[coast] !!! COLLISION GATE at t=24.6s (ag=0)
[coast] !!! COLLISION GATE at t=24.6s (ag=0)
[coast] !!! COLLISION GATE at t=24.6s (ag=0)
[coast] !!! COLLISION GATE at t=24.6s (ag=0)
[coast] !!! COLLISION GATE at t=24.6s (ag=0)
[coast] !!! COLLISION GATE at t=24.7s (ag=0)
[coast] !!! COLLISION GATE at t=24.7s (ag=0)
[coast] !!! COLLISION GATE at t=24.7s (ag=0)
[coast] !!! COLLISION GATE at t=24.7s (ag=0)
[coast] !!! COLLISION GATE at t=24.7s (ag=0)
[coast] !!! COLLISION GATE at t=24.7s (ag=0)
[coast] !!! COLLISION GATE at t=24.7s (ag=0)
[coast] !!! COLLISION GATE at t=24.7s (ag=0)
[coast] !!! COLLISION GATE at t=24.7s (ag=0)
[coast] !!! COLLISION GATE at t=24.7s (ag=0)
[coast] !!! COLLISION GATE at t=24.7s (ag=0)
[coast] !!! COLLISION GATE at t=24.7s (ag=0)
[coast] !!! COLLISION GATE at t=24.7s (ag=0)
[coast] !!! COLLISION GATE at t=24.7s (ag=0)
[coast] !!! COLLISION GATE at t=24.7s (ag=0)
[coast] !!! COLLISION GATE at t=24.8s (ag=0)
[coast] !!! COLLISION GATE at t=24.8s (ag=0)
[coast] !!! COLLISION GATE at t=24.8s (ag=0)
[coast] !!! COLLISION GATE at t=24.8s (ag=0)
[coast] !!! COLLISION GATE at t=24.8s (ag=0)
[coast] !!! COLLISION GATE at t=24.8s (ag=0)
[coast] !!! COLLISION GATE at t=24.8s (ag=0)
[coast] !!! COLLISION GATE at t=24.8s (ag=0)
[coast] !!! COLLISION GATE at t=24.8s (ag=0)
[coast] !!! COLLISION GATE at t=24.8s (ag=0)
[coast] !!! COLLISION GATE at t=24.8s (ag=0)
[coast] !!! COLLISION GATE at t=24.8s (ag=0)
[coast] !!! COLLISION GATE at t=24.8s (ag=0)
[coast] !!! COLLISION GATE at t=24.8s (ag=0)
[coast] !!! COLLISION GATE at t=24.8s (ag=0)
[coast] !!! COLLISION GATE at t=24.8s (ag=0)
[coast] !!! COLLISION GATE at t=24.9s (ag=0)
[coast] !!! COLLISION GATE at t=24.9s (ag=0)
[coast] !!! COLLISION GATE at t=24.9s (ag=0)
[coast] !!! COLLISION GATE at t=24.9s (ag=0)
[coast] !!! COLLISION GATE at t=24.9s (ag=0)
[coast] !!! COLLISION GATE at t=24.9s (ag=0)
[coast] !!! COLLISION GATE at t=24.9s (ag=0)
[coast] !!! COLLISION GATE at t=24.9s (ag=0)
[tube] seg5/bank0 ag=0 thr=0.298 LADDER leg0 --0.0050 [VCOMMIT] VERT trim=+0.0177 | [steer ] RAIL[NO-LOCK] found=0 rms=0.00px rows=0 sep=0.000 u=+0.000 vconv=+0.000 | GATE u=+0.436 v=-0.760 sz=0.525 -> -11.0deg x1.00 | uLat=-0.549 desR=-11.0(ff+0.0-11.0) estR=-7.6 estP=+16.7 |a|=0.84g dimu=3152 loop=73Hz det=73Hz[coast] !!! COLLISION GATE at t=24.9s (ag=0)

[coast] !!! COLLISION GATE at t=24.9s (ag=0)
[coast] !!! COLLISION GATE at t=24.9s (ag=0)
[coast] !!! COLLISION GATE at t=24.9s (ag=0)
[coast] !!! COLLISION GATE at t=24.9s (ag=0)
[coast] !!! COLLISION GATE at t=24.9s (ag=0)
[coast] !!! COLLISION GATE at t=24.9s (ag=0)
[coast] !!! COLLISION GATE at t=25.0s (ag=0)
[coast] !!! COLLISION GATE at t=25.0s (ag=0)
[coast] !!! COLLISION GATE at t=25.0s (ag=0)
[coast] !!! COLLISION GATE at t=25.0s (ag=0)
[coast] !!! COLLISION GATE at t=25.0s (ag=0)
[coast] !!! COLLISION GATE at t=25.0s (ag=0)
[coast] !!! COLLISION GATE at t=25.0s (ag=0)
[coast] !!! COLLISION GATE at t=25.0s (ag=0)
[coast] !!! COLLISION GATE at t=25.0s (ag=0)
[coast] !!! COLLISION GATE at t=25.0s (ag=0)
[coast] !!! COLLISION GATE at t=25.0s (ag=0)
[coast] !!! COLLISION GATE at t=25.0s (ag=0)
[coast] !!! COLLISION GATE at t=25.0s (ag=0)
[coast] !!! COLLISION GATE at t=25.0s (ag=0)
[coast] !!! COLLISION GATE at t=25.0s (ag=0)
[coast] !!! COLLISION GATE at t=25.0s (ag=0)
[coast] !!! COLLISION GATE at t=25.1s (ag=0)
[coast] !!! COLLISION GATE at t=25.1s (ag=0)
[coast] !!! COLLISION GATE at t=25.1s (ag=0)
[coast] !!! COLLISION GATE at t=25.1s (ag=0)
[coast] !!! COLLISION GATE at t=25.1s (ag=0)
[coast] !!! COLLISION GATE at t=25.1s (ag=0)
[coast] !!! COLLISION GATE at t=25.1s (ag=0)
[coast] !!! COLLISION GATE at t=25.1s (ag=0)
[coast] !!! COLLISION GATE at t=25.1s (ag=0)
[coast] !!! COLLISION GATE at t=25.1s (ag=0)
[coast] !!! COLLISION GATE at t=25.1s (ag=0)
[coast] !!! COLLISION GATE at t=25.1s (ag=0)
[coast] !!! COLLISION GATE at t=25.1s (ag=0)
[coast] !!! COLLISION GATE at t=25.1s (ag=0)
[coast] !!! COLLISION GATE at t=25.1s (ag=0)
[coast] !!! COLLISION GATE at t=25.2s (ag=0)
[coast] !!! COLLISION GATE at t=25.2s (ag=0)
[tube] seg5/bank0 ag=0 thr=0.285 LADDER leg0 --0.0050 [VCOMMIT] VERT trim=+0.0051 | [steer ] RAIL[NO-LOCK] found=0 rms=0.00px rows=14 sep=0.000 u=+0.000 vconv=+0.000 | GATE -- | uLat=-0.549 desR=-11.0(ff+0.0-11.0) estR=-0.7 estP=+20.4 |a|=0.99g dimu=3182 loop=73Hz det=73Hz
[coast] !!! COLLISION GATE at t=25.2s (ag=0)
[coast] !!! COLLISION GATE at t=25.2s (ag=0)
[coast] !!! COLLISION GATE at t=25.2s (ag=0)
[coast] !!! COLLISION GATE at t=25.2s (ag=0)
[coast] !!! COLLISION GATE at t=25.2s (ag=0)
[coast] !!! COLLISION GATE at t=25.2s (ag=0)
[coast] !!! COLLISION GATE at t=25.2s (ag=0)
[coast] !!! COLLISION GATE at t=25.2s (ag=0)
[coast] !!! COLLISION GATE at t=25.2s (ag=0)
[coast] !!! COLLISION GATE at t=25.2s (ag=0)
[coast] !!! COLLISION GATE at t=25.2s (ag=0)
[coast] !!! COLLISION GATE at t=25.2s (ag=0)
[coast] !!! COLLISION GATE at t=25.2s (ag=0)
[coast] !!! COLLISION GATE at t=25.3s (ag=0)
[coast] !!! COLLISION GATE at t=25.3s (ag=0)
[coast] !!! COLLISION GATE at t=25.3s (ag=0)
[coast] !!! COLLISION GATE at t=25.3s (ag=0)
[coast] !!! COLLISION GATE at t=25.3s (ag=0)
[coast] !!! COLLISION GATE at t=25.3s (ag=0)
[coast] !!! COLLISION GATE at t=25.3s (ag=0)
[coast] !!! COLLISION GATE at t=25.3s (ag=0)
[coast] !!! COLLISION GATE at t=25.3s (ag=0)
[coast] !!! COLLISION GATE at t=25.3s (ag=0)
[coast] !!! COLLISION GATE at t=25.3s (ag=0)
[coast] !!! COLLISION GATE at t=25.3s (ag=0)
[coast] !!! COLLISION GATE at t=25.3s (ag=0)
[coast] !!! COLLISION GATE at t=25.3s (ag=0)
[coast] !!! COLLISION GATE at t=25.3s (ag=0)
[coast] !!! COLLISION GATE at t=25.4s (ag=0)
[coast] !!! COLLISION GATE at t=25.4s (ag=0)
[coast] !!! COLLISION GATE at t=25.4s (ag=0)
[coast] !!! COLLISION GATE at t=25.4s (ag=0)
[coast] !!! COLLISION GATE at t=25.4s (ag=0)
[coast] !!! COLLISION GATE at t=25.4s (ag=0)
[coast] !!! COLLISION GATE at t=25.4s (ag=0)
[coast] !!! COLLISION GATE at t=25.4s (ag=0)
[coast] !!! COLLISION GATE at t=25.4s (ag=0)
[coast] !!! COLLISION GATE at t=25.4s (ag=0)
[coast] !!! COLLISION GATE at t=25.4s (ag=0)
[tube] seg5/bank0 ag=0 thr=0.281 LADDER leg0 --0.0050 [VCOMMIT] VERT trim=+0.0015 | [steer ] RAIL[NO-LOCK] found=0 rms=9.84px rows=24 sep=-0.537 u=+0.139 vconv=+0.678 | GATE -- | uLat=-0.428 desR=-11.0(ff+0.0-11.0) estR=+27.8 estP=+34.3 |a|=1.57g dimu=3213 loop=58Hz det=58Hz
[coast] !!! COLLISION GATE at t=25.4s (ag=0)
[coast] !!! COLLISION GATE at t=25.4s (ag=0)
[coast] !!! COLLISION GATE at t=25.4s (ag=0)
[coast] !!! COLLISION GATE at t=25.4s (ag=0)
[coast] !!! COLLISION GATE at t=25.5s (ag=0)
[coast] !!! COLLISION GATE at t=25.5s (ag=0)
[coast] !!! COLLISION GATE at t=25.5s (ag=0)
[coast] !!! COLLISION GATE at t=25.5s (ag=0)
[coast] !!! COLLISION GATE at t=25.5s (ag=0)
[coast] !!! COLLISION GATE at t=25.5s (ag=0)
[coast] !!! COLLISION GATE at t=25.5s (ag=0)
[coast] !!! COLLISION GATE at t=25.5s (ag=0)
[coast] !!! COLLISION GATE at t=25.5s (ag=0)
[coast] !!! COLLISION GATE at t=25.5s (ag=0)
[coast] !!! COLLISION GATE at t=25.5s (ag=0)
[coast] !!! COLLISION GATE at t=25.5s (ag=0)
[coast] !!! COLLISION GATE at t=25.5s (ag=0)
[coast] !!! COLLISION GATE at t=25.5s (ag=0)
[coast] !!! COLLISION GATE at t=25.5s (ag=0)
[coast] !!! COLLISION GATE at t=25.6s (ag=0)
[coast] !!! COLLISION GATE at t=25.6s (ag=0)
[coast] !!! COLLISION GATE at t=25.6s (ag=0)
[coast] !!! COLLISION GATE at t=25.6s (ag=0)
[coast] !!! COLLISION GATE at t=25.6s (ag=0)
[coast] !!! COLLISION GATE at t=25.6s (ag=0)
[coast] !!! COLLISION GATE at t=25.6s (ag=0)
[coast] !!! COLLISION GATE at t=25.6s (ag=0)
[coast] !!! COLLISION GATE at t=25.6s (ag=0)
[coast] !!! COLLISION GATE at t=25.6s (ag=0)
[coast] !!! COLLISION GATE at t=25.6s (ag=0)
[coast] !!! COLLISION GATE at t=25.6s (ag=0)
[coast] !!! COLLISION GATE at t=25.6s (ag=0)
[coast] !!! COLLISION GATE at t=25.6s (ag=0)
[coast] !!! COLLISION GATE at t=25.6s (ag=0)
[coast] !!! COLLISION GATE at t=25.7s (ag=0)
[coast] !!! COLLISION GATE at t=25.7s (ag=0)
[coast] !!! COLLISION GATE at t=25.7s (ag=0)
[coast] !!! COLLISION GATE at t=25.7s (ag=0)
[coast] !!! COLLISION GATE at t=25.7s (ag=0)
[coast] !!! COLLISION GATE at t=25.7s (ag=0)
[tube] seg5/bank0 ag=0 thr=0.317 LADDER leg0 --0.0050 VERT trim=+0.0600 | [steer ] RAIL[NO-LOCK] found=0 rms=0.00px rows=12 sep=0.000 u=+0.246 vconv=+0.000 | GATE -- | uLat=-0.250 desR=-11.0(ff+0.0-11.0) estR=+84.2 estP=+87.6 |a|=5.95g dimu=3244 loop=58Hz det=58Hz
[coast] !!! COLLISION GATE at t=25.7s (ag=0)
[coast] !!! COLLISION GATE at t=25.7s (ag=0)
[coast] !!! COLLISION GATE at t=25.7s (ag=0)
[coast] !!! COLLISION GATE at t=25.7s (ag=0)
[coast] !!! COLLISION GATE at t=25.7s (ag=0)
[coast] !!! COLLISION GATE at t=25.7s (ag=0)
[coast] !!! COLLISION GATE at t=25.7s (ag=0)
[coast] !!! COLLISION GATE at t=25.7s (ag=0)
[coast] !!! COLLISION GATE at t=25.7s (ag=0)
[coast] !!! COLLISION GATE at t=25.8s (ag=0)
[coast] !!! COLLISION GATE at t=25.8s (ag=0)
[coast] !!! COLLISION GATE at t=25.8s (ag=0)
[coast] !!! COLLISION GATE at t=25.8s (ag=0)
[coast] !!! COLLISION GATE at t=25.8s (ag=0)
[coast] !!! COLLISION GATE at t=25.8s (ag=0)
[coast] !!! COLLISION GATE at t=25.8s (ag=0)
[coast] !!! COLLISION GATE at t=25.8s (ag=0)
[coast] !!! COLLISION GATE at t=25.8s (ag=0)
[coast] !!! COLLISION GATE at t=25.8s (ag=0)
[coast] !!! COLLISION GATE at t=25.8s (ag=0)
[coast] !!! COLLISION GATE at t=25.8s (ag=0)
[coast] !!! COLLISION GATE at t=25.8s (ag=0)
[coast] !!! COLLISION GATE at t=25.8s (ag=0)
[coast] !!! COLLISION GATE at t=25.8s (ag=0)
[coast] !!! COLLISION GATE at t=25.9s (ag=0)
[coast] !!! COLLISION GATE at t=25.9s (ag=0)
[coast] !!! COLLISION GATE at t=25.9s (ag=0)
[coast] !!! COLLISION GATE at t=25.9s (ag=0)
[coast] !!! COLLISION GATE at t=25.9s (ag=0)
[coast] !!! COLLISION GATE at t=25.9s (ag=0)
[coast] !!! COLLISION GATE at t=25.9s (ag=0)
[coast] !!! COLLISION GATE at t=25.9s (ag=0)
[coast] !!! COLLISION GATE at t=25.9s (ag=0)
[coast] !!! COLLISION GATE at t=25.9s (ag=0)
[coast] !!! COLLISION GATE at t=25.9s (ag=0)
[coast] !!! COLLISION GATE at t=25.9s (ag=0)
[coast] !!! COLLISION GATE at t=25.9s (ag=0)
[coast] !!! COLLISION GATE at t=25.9s (ag=0)
[tube] seg5/bank0 ag=0 thr=0.334 LADDER leg0 --0.0050 VERT trim=+0.0539 | [steer ] RAIL[NO-LOCK] found=0 rms=0.00px rows=0 sep=0.000 u=+0.246 vconv=+0.000 | GATE -- | uLat=-0.152 desR=-8.7(ff+0.0-8.7) estR=+92.1 estP=+91.5 |a|=1.12g dimu=3273 loop=58Hz det=58Hz
[coast] !!! COLLISION GATE at t=25.9s (ag=0)
[coast] !!! COLLISION GATE at t=26.0s (ag=0)
[coast] !!! COLLISION GATE at t=26.0s (ag=0)
[coast] !!! COLLISION GATE at t=26.0s (ag=0)
[coast] !!! COLLISION GATE at t=26.0s (ag=0)
[coast] !!! COLLISION GATE at t=26.0s (ag=0)
[coast] !!! COLLISION GATE at t=26.0s (ag=0)
[coast] !!! COLLISION GATE at t=26.0s (ag=0)
[coast] !!! COLLISION GATE at t=26.0s (ag=0)
[coast] !!! COLLISION GATE at t=26.0s (ag=0)
[coast] !!! COLLISION GATE at t=26.0s (ag=0)
[coast] !!! COLLISION GATE at t=26.0s (ag=0)
[coast] !!! COLLISION GATE at t=26.0s (ag=0)
[coast] !!! COLLISION GATE at t=26.0s (ag=0)
[coast] !!! COLLISION GATE at t=26.0s (ag=0)
[coast] !!! COLLISION GATE at t=26.0s (ag=0)
[coast] !!! COLLISION GATE at t=26.1s (ag=0)
[coast] !!! COLLISION GATE at t=26.1s (ag=0)
[coast] !!! COLLISION GATE at t=26.1s (ag=0)
[coast] !!! COLLISION GATE at t=26.1s (ag=0)
[coast] !!! COLLISION GATE at t=26.1s (ag=0)
[coast] !!! COLLISION GATE at t=26.1s (ag=0)
[coast] !!! COLLISION GATE at t=26.1s (ag=0)
[coast] !!! COLLISION GATE at t=26.1s (ag=0)
[coast] !!! COLLISION GATE at t=26.1s (ag=0)
[coast] !!! COLLISION GATE at t=26.1s (ag=0)
[coast] !!! COLLISION GATE at t=26.1s (ag=0)
[coast] !!! COLLISION GATE at t=26.1s (ag=0)
[coast] !!! COLLISION GATE at t=26.1s (ag=0)
[coast] !!! COLLISION GATE at t=26.1s (ag=0)
[coast] !!! COLLISION GATE at t=26.1s (ag=0)
[coast] !!! COLLISION GATE at t=26.2s (ag=0)
[coast] !!! COLLISION GATE at t=26.2s (ag=0)
[coast] !!! COLLISION GATE at t=26.2s (ag=0)
[coast] !!! COLLISION GATE at t=26.2s (ag=0)
[coast] !!! COLLISION GATE at t=26.2s (ag=0)
[coast] !!! COLLISION GATE at t=26.2s (ag=0)
[coast] !!! COLLISION GATE at t=26.2s (ag=0)[tube] seg5/bank0 ag=0 thr=0.312 LADDER leg0 --0.0050 VERT trim=+0.0324 | [steer ] RAIL[NO-LOCK] found=0 rms=0.00px rows=9 sep=0.000 u=+0.192 vconv=+0.000 | GATE -- | uLat=-0.091 desR=-5.2(ff+0.0-5.2) estR=+89.3 estP=+89.2 |a|=1.05g dimu=3302 loop=58Hz det=58Hz

[coast] !!! COLLISION GATE at t=26.2s (ag=0)
[coast] !!! COLLISION GATE at t=26.2s (ag=0)
[coast] !!! COLLISION GATE at t=26.2s (ag=0)
[coast] !!! COLLISION GATE at t=26.2s (ag=0)
[coast] !!! COLLISION GATE at t=26.2s (ag=0)
[coast] !!! COLLISION GATE at t=26.2s (ag=0)
[coast] !!! COLLISION GATE at t=26.2s (ag=0)
[coast] !!! COLLISION GATE at t=26.2s (ag=0)
[coast] !!! COLLISION GATE at t=26.3s (ag=0)
[coast] !!! COLLISION GATE at t=26.3s (ag=0)
[coast] !!! COLLISION GATE at t=26.3s (ag=0)
[coast] !!! COLLISION GATE at t=26.3s (ag=0)
[coast] !!! COLLISION GATE at t=26.3s (ag=0)
[coast] !!! COLLISION GATE at t=26.3s (ag=0)
[coast] !!! COLLISION GATE at t=26.3s (ag=0)
[coast] !!! COLLISION GATE at t=26.3s (ag=0)
[coast] !!! COLLISION GATE at t=26.3s (ag=0)
[coast] !!! COLLISION GATE at t=26.3s (ag=0)
[coast] !!! COLLISION GATE at t=26.3s (ag=0)
[coast] !!! COLLISION GATE at t=26.3s (ag=0)
[coast] !!! COLLISION GATE at t=26.3s (ag=0)
[coast] !!! COLLISION GATE at t=26.3s (ag=0)
[coast] !!! COLLISION GATE at t=26.3s (ag=0)
[coast] !!! COLLISION GATE at t=26.4s (ag=0)
[coast] !!! COLLISION GATE at t=26.4s (ag=0)
[coast] !!! COLLISION GATE at t=26.4s (ag=0)
[coast] !!! COLLISION GATE at t=26.4s (ag=0)
[coast] !!! COLLISION GATE at t=26.4s (ag=0)
[coast] !!! COLLISION GATE at t=26.4s (ag=0)
[coast] !!! COLLISION GATE at t=26.4s (ag=0)
[coast] !!! COLLISION GATE at t=26.4s (ag=0)
[coast] !!! COLLISION GATE at t=26.4s (ag=0)
[coast] !!! COLLISION GATE at t=26.4s (ag=0)
[coast] !!! COLLISION GATE at t=26.4s (ag=0)
[coast] !!! COLLISION GATE at t=26.4s (ag=0)
[coast] !!! COLLISION GATE at t=26.4s (ag=0)
[coast] !!! COLLISION GATE at t=26.4s (ag=0)
[coast] !!! COLLISION GATE at t=26.4s (ag=0)
[coast] !!! COLLISION GATE at t=26.5s (ag=0)
[tube] seg5/bank0 ag=0 thr=0.299 LADDER leg0 --0.0050 VERT trim=+0.0190 | [steer ] RAIL[NO-LOCK] found=0 rms=0.00px rows=8 sep=0.000 u=+0.113 vconv=+0.000 | GATE -- | uLat=-0.054 desR=-3.1(ff+0.0-3.1) estR=+90.3 estP=+90.5 |a|=0.96g dimu=3333 loop=52Hz det=52Hz
[coast] !!! COLLISION GATE at t=26.5s (ag=0)
[coast] !!! COLLISION GATE at t=26.5s (ag=0)
[coast] !!! COLLISION GATE at t=26.5s (ag=0)
[coast] !!! COLLISION GATE at t=26.5s (ag=0)
[coast] !!! COLLISION GATE at t=26.5s (ag=0)
[coast] !!! COLLISION GATE at t=26.5s (ag=0)
[coast] !!! COLLISION GATE at t=26.5s (ag=0)
[coast] !!! COLLISION GATE at t=26.5s (ag=0)
[coast] !!! COLLISION GATE at t=26.5s (ag=0)
[coast] !!! COLLISION GATE at t=26.5s (ag=0)
[coast] !!! COLLISION GATE at t=26.5s (ag=0)
[coast] !!! COLLISION GATE at t=26.5s (ag=0)
[coast] !!! COLLISION GATE at t=26.5s (ag=0)
[coast] !!! COLLISION GATE at t=26.5s (ag=0)
[coast] !!! COLLISION GATE at t=26.6s (ag=0)
[coast] !!! COLLISION GATE at t=26.6s (ag=0)
[coast] !!! COLLISION GATE at t=26.6s (ag=0)
[coast] !!! COLLISION GATE at t=26.6s (ag=0)
[coast] !!! COLLISION GATE at t=26.6s (ag=0)
[coast] !!! COLLISION GATE at t=26.6s (ag=0)
[coast] !!! COLLISION GATE at t=26.6s (ag=0)
[coast] !!! COLLISION GATE at t=26.6s (ag=0)
[coast] !!! COLLISION GATE at t=26.6s (ag=0)
[coast] !!! COLLISION GATE at t=26.6s (ag=0)
[coast] !!! COLLISION GATE at t=26.6s (ag=0)
[coast] !!! COLLISION GATE at t=26.6s (ag=0)
[coast] !!! COLLISION GATE at t=26.6s (ag=0)
[coast] !!! COLLISION GATE at t=26.6s (ag=0)
[coast] !!! COLLISION GATE at t=26.6s (ag=0)
[coast] !!! COLLISION GATE at t=26.7s (ag=0)
[coast] !!! COLLISION GATE at t=26.7s (ag=0)
[coast] !!! COLLISION GATE at t=26.7s (ag=0)
[coast] !!! COLLISION GATE at t=26.7s (ag=0)
[coast] !!! COLLISION GATE at t=26.7s (ag=0)
[coast] !!! COLLISION GATE at t=26.7s (ag=0)
[coast] !!! COLLISION GATE at t=26.7s (ag=0)
[coast] !!! COLLISION GATE at t=26.7s (ag=0)
[coast] !!! COLLISION GATE at t=26.7s (ag=0)
[coast] !!! COLLISION GATE at t=26.7s (ag=0)
[coast] !!! COLLISION GATE at t=26.7s (ag=0)
[tube] seg5/bank0 ag=0 thr=0.291 LADDER leg0 --0.0050 VERT trim=+0.0114 | [steer ] RAIL[NO-LOCK] found=0 rms=0.00px rows=9 sep=0.000 u=+0.068 vconv=+0.000 | GATE -- | uLat=-0.032 desR=-1.8(ff+0.0-1.8) estR=+91.1 estP=+92.1 |a|=1.01g dimu=3363 loop=52Hz det=52Hz
[coast] !!! COLLISION GATE at t=26.7s (ag=0)
[coast] !!! COLLISION GATE at t=26.7s (ag=0)
[coast] !!! COLLISION GATE at t=26.7s (ag=0)
[coast] !!! COLLISION GATE at t=26.7s (ag=0)
[coast] !!! COLLISION GATE at t=26.7s (ag=0)
[coast] !!! COLLISION GATE at t=26.8s (ag=0)
[coast] !!! COLLISION GATE at t=26.8s (ag=0)
[coast] !!! COLLISION GATE at t=26.8s (ag=0)
[coast] !!! COLLISION GATE at t=26.8s (ag=0)
[coast] !!! COLLISION GATE at t=26.8s (ag=0)
[coast] !!! COLLISION GATE at t=26.8s (ag=0)
[coast] !!! COLLISION GATE at t=26.8s (ag=0)
[coast] !!! COLLISION GATE at t=26.8s (ag=0)
[coast] !!! COLLISION GATE at t=26.8s (ag=0)
[coast] !!! COLLISION GATE at t=26.8s (ag=0)
[coast] !!! COLLISION GATE at t=26.8s (ag=0)
[coast] !!! COLLISION GATE at t=26.8s (ag=0)
[coast] !!! COLLISION GATE at t=26.8s (ag=0)
[coast] !!! COLLISION GATE at t=26.8s (ag=0)
[coast] !!! COLLISION GATE at t=26.8s (ag=0)
[coast] !!! COLLISION GATE at t=26.8s (ag=0)
[coast] !!! COLLISION GATE at t=26.9s (ag=0)
[tube] seg5/bank0 ag=0 thr=0.287 LADDER leg0 --0.0050 VERT trim=+0.0068 | [steer ] RAIL[NO-LOCK] found=0 rms=0.00px rows=0 sep=0.000 u=+0.040 vconv=+0.000 | GATE -- | uLat=-0.019 desR=-1.1(ff+0.0-1.1) estR=+75.4 estP=+61.0 |a|=0.48g dimu=3391 loop=52Hz det=52Hz
[tube] seg5/bank0 ag=0 thr=0.284 LADDER leg0 --0.0050 VERT trim=+0.0041 | [steer ] RAIL[NO-LOCK] found=0 rms=0.00px rows=0 sep=0.000 u=+0.024 vconv=+0.000 | GATE -- | uLat=-0.012 desR=-0.7(ff+0.0-0.7) estR=+36.1 estP=+20.7 |a|=1.08g dimu=3420 loop=52Hz det=52Hz
[coast] !!! COLLISION GATE at t=27.5s (ag=0)
[coast] !!! COLLISION GATE at t=27.5s (ag=0)
[tube] seg5/bank0 ag=0 thr=0.296 LADDER leg0 --0.0050 VERT trim=+0.0600 | [steer ] RAIL[NO-LOCK] found=0 rms=0.00px rows=0 sep=0.000 u=+0.014 vconv=+0.000 | GATE u=+0.662 v=-0.522 sz=0.566 -> +0.0deg x1.00 | uLat=+0.000 desR=+0.0(ff+0.0+0.0) estR=+16.0 estP=+9.0 |a|=2.04g dimu=3456 loop=68Hz det=68Hz
[tube] seg5/bank0 ag=0 thr=0.298 LADDER leg0 --0.0050 [VCOMMIT] VERT trim=+0.0181 | [steer ] RAIL[NO-LOCK] found=0 rms=0.00px rows=0 sep=0.000 u=+0.009 vconv=+0.000 | GATE -- | uLat=-0.259 desR=-11.0(ff+0.0-11.0) estR=+7.3 estP=+8.1 |a|=1.02g dimu=3482 loop=68Hz det=68Hz
[tube] seg5/bank0 ag=0 thr=0.285 LADDER leg0 --0.0050 [VCOMMIT] VERT trim=+0.0045 | [steer ] RAIL[NO-LOCK] found=0 rms=0.00px rows=0 sep=0.000 u=+0.000 vconv=+0.000 | GATE u=-0.662 v=+0.687 sz=0.358 -> +4.6deg x1.00 | uLat=+0.080 desR=+4.6(ff+0.0+4.6) estR=-2.0 estP=+4.9 |a|=1.01g dimu=3515 loop=68Hz det=68Hz
[tube] seg5/bank0 ag=0 thr=0.281 LADDER leg0 --0.0050 [VCOMMIT] VERT trim=+0.0013 | [steer ] RAIL[NO-LOCK] found=0 rms=0.00px rows=0 sep=0.000 u=+0.000 vconv=+0.000 | GATE -- | uLat=+0.468 desR=+11.0(ff+0.0+11.0) estR=+5.4 estP=+4.3 |a|=1.02g dimu=3545 loop=64Hz det=64Hz
[tube] seg5/bank0 ag=0 thr=0.280 LADDER leg0 --0.0050 [VCOMMIT] VERT trim=+0.0004 | [steer ] RAIL[NO-LOCK] found=0 rms=0.00px rows=0 sep=0.000 u=+0.000 vconv=+0.000 | GATE -- | uLat=+0.468 desR=+11.0(ff+0.0+11.0) estR=+9.1 estP=+4.3 |a|=0.97g dimu=3575 loop=64Hz det=64Hz
[tube] seg5/bank0 ag=0 thr=0.235 LADDER leg0 --0.0050 VERT trim=-0.0450 | [steer ] RAIL[NO-LOCK] found=0 rms=0.00px rows=0 sep=0.000 u=+0.000 vconv=+0.000 | GATE -- | uLat=+0.311 desR=+11.0(ff+0.0+11.0) estR=+10.8 estP=+4.6 |a|=0.60g dimu=3603 loop=64Hz det=64Hz
[tube] seg5/bank0 ag=0 thr=0.235 LADDER leg0 --0.0050 VERT trim=-0.0450 | [steer ] RAIL[NO-LOCK] found=0 rms=0.00px rows=0 sep=0.000 u=+0.000 vconv=+0.000 | GATE -- | uLat=+0.188 desR=+10.8(ff+0.0+10.8) estR=+11.7 estP=+5.0 |a|=0.84g dimu=3632 loop=64Hz det=64Hz
[tube] seg5/bank0 ag=0 thr=0.235 LADDER leg0 --0.0050 VERT trim=-0.0450 | [steer ] RAIL[NO-LOCK] found=0 rms=0.00px rows=0 sep=0.000 u=+0.000 vconv=+0.000 | GATE -- | uLat=+0.113 desR=+6.5(ff+0.0+6.5) estR=+11.2 estP=+5.4 |a|=0.84g dimu=3662 loop=99Hz det=99Hz
[tube] seg5/bank0 ag=0 thr=0.243 LADDER leg0 --0.0050 VERT trim=-0.0365 | [steer ] RAIL[NO-LOCK] found=0 rms=0.00px rows=0 sep=0.000 u=+0.000 vconv=+0.000 | GATE -- | uLat=+0.068 desR=+3.9(ff+0.0+3.9) estR=+9.4 estP=+5.9 |a|=0.84g dimu=3692 loop=99Hz det=99Hz
[tube] seg5/bank0 ag=0 thr=0.258 LADDER leg0 --0.0050 VERT trim=-0.0219 | [steer ] RAIL[NO-LOCK] found=0 rms=0.00px rows=0 sep=0.000 u=+0.000 vconv=+0.000 | GATE -- | uLat=+0.041 desR=+2.4(ff+0.0+2.4) estR=+13.0 estP=+8.3 |a|=0.89g dimu=3721 loop=99Hz det=99Hz
[tube] seg5/bank0 ag=0 thr=0.267 LADDER leg0 --0.0050 VERT trim=-0.0133 | [steer ] RAIL[NO-LOCK] found=0 rms=0.00px rows=0 sep=0.000 u=+0.000 vconv=+0.000 | GATE u=+0.473 v=+0.963 sz=0.022 -> +1.4deg x1.00 | uLat=+0.025 desR=+1.4(ff+0.0+1.4) estR=+12.9 estP=+10.0 |a|=0.85g dimu=3750 loop=99Hz det=99Hz
[tube] seg5/bank0 ag=0 thr=0.272 LADDER leg0 --0.0050 VERT trim=-0.0080 | [steer ] RAIL[NO-LOCK] found=0 rms=0.00px rows=0 sep=0.000 u=+0.000 vconv=+0.000 | GATE u=+0.456 v=+0.893 sz=0.020 -> +0.9deg x1.00 | uLat=+0.015 desR=+0.9(ff+0.0+0.9) estR=+6.7 estP=+9.8 |a|=0.79g dimu=3780 loop=98Hz det=98Hz
[tube] seg5/bank0 ag=0 thr=0.275 LADDER leg0 --0.0050 VERT trim=-0.0049(coasting 0.0s) | [steer ] RAIL[NO-LOCK] found=0 rms=0.00px rows=0 sep=0.000 u=+0.000 vconv=+0.000 | GATE u=+0.435 v=+0.889 sz=0.020 -> +0.0deg x1.00 | uLat=+0.000 desR=+0.0(ff+0.0+0.0) estR=+3.3 estP=+9.8 |a|=0.78g dimu=3810 loop=98Hz det=98Hz
[tube] seg5/bank0 ag=0 thr=0.276 LADDER leg0 --0.0050 VERT trim=-0.0042(coasting 0.3s) | [steer ] RAIL[NO-LOCK] found=0 rms=0.00px rows=0 sep=0.000 u=+0.000 vconv=+0.000 | GATE u=+0.406 v=+0.932 sz=0.020 -> +0.0deg x1.00 | uLat=+0.000 desR=+0.0(ff+0.0+0.0) estR=+3.0 estP=+9.8 |a|=0.80g dimu=3839 loop=98Hz det=98Hz
[tube] seg5/bank0 ag=0 thr=0.276 LADDER leg0 --0.0050 VERT trim=-0.0035(coasting 0.5s) | [steer ] RAIL[NO-LOCK] found=0 rms=0.00px rows=0 sep=0.000 u=+0.000 vconv=+0.000 | GATE -- | uLat=+0.000 desR=+0.0(ff+0.0+0.0) estR=+5.1 estP=+10.3 |a|=0.85g dimu=3868 loop=98Hz det=98Hz
[tube] seg5/bank0 ag=0 thr=0.277 LADDER leg0 --0.0050 VERT trim=-0.0030(coasting 0.8s) | [steer ] RAIL[NO-LOCK] found=0 rms=0.00px rows=0 sep=0.000 u=+0.000 vconv=+0.000 | GATE -- | uLat=+0.000 desR=+0.0(ff+0.0+0.0) estR=+23.2 estP=+14.7 |a|=0.88g dimu=3897 loop=95Hz det=95Hz
[tube] seg5/bank0 ag=0 thr=0.277 LADDER leg0 --0.0050 VERT trim=-0.0025(coasting 1.0s) | [steer ] RAIL[NO-LOCK] found=0 rms=0.00px rows=0 sep=0.000 u=+0.000 vconv=+0.000 | GATE -- | uLat=+0.000 desR=+0.0(ff+0.0+0.0) estR=+36.9 estP=+18.6 |a|=0.92g dimu=3927 loop=95Hz det=95Hz
[tube] seg5/bank0 ag=0 thr=0.278 LADDER leg0 --0.0050 VERT trim=-0.0021(coasting 1.3s) | [steer ] RAIL[NO-LOCK] found=0 rms=0.00px rows=0 sep=0.000 u=+0.000 vconv=+0.000 | GATE -- | uLat=+0.000 desR=+0.0(ff+0.0+0.0) estR=+46.6 estP=+22.1 |a|=0.94g dimu=3955 loop=95Hz det=95Hz
[tube] seg5/bank0 ag=0 thr=0.278 LADDER leg0 --0.0050 VERT trim=-0.0018(coasting 1.5s) | [steer ] RAIL[NO-LOCK] found=0 rms=0.00px rows=0 sep=0.000 u=+0.000 vconv=+0.000 | GATE -- | uLat=+0.000 desR=+0.0(ff+0.0+0.0) estR=+53.2 estP=+25.3 |a|=0.97g dimu=3985 loop=95Hz det=95Hz
[tube] seg5/bank0 ag=0 thr=0.278 LADDER leg0 --0.0050 VERT trim=-0.0015(coasting 1.8s) | [steer ] RAIL[NO-LOCK] found=0 rms=0.00px rows=0 sep=0.000 u=+0.000 vconv=+0.000 | GATE -- | uLat=+0.000 desR=+0.0(ff+0.0+0.0) estR=+57.7 estP=+27.9 |a|=0.98g dimu=4014 loop=101Hz det=101Hz
[tube] seg5/bank0 ag=0 thr=0.279 LADDER leg0 --0.0050 VERT trim=-0.0013(coasting 2.1s) | [steer ] RAIL[NO-LOCK] found=0 rms=0.00px rows=0 sep=0.000 u=+0.000 vconv=+0.000 | GATE -- | uLat=+0.000 desR=+0.0(ff+0.0+0.0) estR=+60.9 estP=+30.2 |a|=0.98g dimu=4044 loop=101Hz det=101Hz
[tube] seg5/bank0 ag=0 thr=0.279 LADDER leg0 --0.0050 VERT trim=-0.0011(coasting 2.3s) | [steer ] RAIL[NO-LOCK] found=0 rms=0.00px rows=0 sep=0.000 u=+0.000 vconv=+0.000 | GATE -- | uLat=+0.000 desR=+0.0(ff+0.0+0.0) estR=+63.1 estP=+32.0 |a|=0.99g dimu=4073 loop=101Hz det=101Hz
[tube] seg5/bank0 ag=0 thr=0.279 LADDER leg0 --0.0050 VERT trim=-0.0009(coasting 2.6s) | [steer ] RAIL[NO-LOCK] found=0 rms=0.00px rows=0 sep=0.000 u=+0.000 vconv=+0.000 | GATE -- | uLat=+0.000 desR=+0.0(ff+0.0+0.0) estR=+64.6 estP=+33.5 |a|=0.99g dimu=4103 loop=101Hz det=101Hz
[tube] seg5/bank0 ag=0 thr=0.279 LADDER leg0 --0.0050 VERT trim=-0.0008(coasting 2.8s) | [steer ] RAIL[NO-LOCK] found=0 rms=0.00px rows=0 sep=0.000 u=+0.000 vconv=+0.000 | GATE -- | uLat=+0.000 desR=+0.0(ff+0.0+0.0) estR=+65.7 estP=+34.7 |a|=1.00g dimu=4133 loop=105Hz det=105Hz
[tube] seg5/bank0 ag=0 thr=0.279 LADDER leg0 --0.0050 VERT trim=-0.0006(coasting 3.1s) | [steer ] RAIL[NO-LOCK] found=0 rms=0.00px rows=0 sep=0.000 u=+0.000 vconv=+0.000 | GATE -- | uLat=+0.000 desR=+0.0(ff+0.0+0.0) estR=+66.6 estP=+35.7 |a|=1.00g dimu=4162 loop=105Hz det=105Hz
[tube] seg5/bank0 ag=0 thr=0.279 LADDER leg0 --0.0050 VERT trim=-0.0005(coasting 3.3s) | [steer ] RAIL[NO-LOCK] found=0 rms=0.00px rows=0 sep=0.000 u=+0.000 vconv=+0.000 | GATE -- | uLat=+0.000 desR=+0.0(ff+0.0+0.0) estR=+67.2 estP=+36.5 |a|=1.00g dimu=4192 loop=105Hz det=105Hz
[tube] seg5/bank0 ag=0 thr=0.280 LADDER leg0 --0.0050 VERT trim=-0.0005(coasting 3.6s) | [steer ] RAIL[NO-LOCK] found=0 rms=0.00px rows=0 sep=0.000 u=+0.000 vconv=+0.000 | GATE -- | uLat=+0.000 desR=+0.0(ff+0.0+0.0) estR=+67.7 estP=+37.1 |a|=1.00g dimu=4221 loop=105Hz det=105Hz
[tube] seg5/bank0 ag=0 thr=0.280 LADDER leg0 --0.0050 VERT trim=-0.0004(coasting 3.8s) | [steer ] RAIL[NO-LOCK] found=0 rms=0.00px rows=0 sep=0.000 u=+0.000 vconv=+0.000 | GATE -- | uLat=+0.000 desR=+0.0(ff+0.0+0.0) estR=+68.0 estP=+37.7 |a|=1.00g dimu=4251 loop=103Hz det=103Hz
[tube] seg5/bank0 ag=0 thr=0.280 LADDER leg0 --0.0050 VERT trim=-0.0003(coasting 4.1s) | [steer ] RAIL[NO-LOCK] found=0 rms=0.00px rows=0 sep=0.000 u=+0.000 vconv=+0.000 | GATE -- | uLat=+0.000 desR=+0.0(ff+0.0+0.0) estR=+68.3 estP=+38.1 |a|=1.00g dimu=4280 loop=103Hz det=103Hz
[tube] seg5/bank0 ag=0 thr=0.280 LADDER leg0 --0.0050 VERT trim=-0.0003(coasting 4.4s) | [steer ] RAIL[NO-LOCK] found=0 rms=0.00px rows=0 sep=0.000 u=+0.000 vconv=+0.000 | GATE -- | uLat=+0.000 desR=+0.0(ff+0.0+0.0) estR=+68.6 estP=+38.5 |a|=1.00g dimu=4309 loop=103Hz det=103Hz
[tube] max flight 35.0s -- stop. seg=5 ag=0
[sched] throttle-0 + DISARM sent.
[tube] final active_gate=0  gates passed=0/6
